index,noisy_label,is_noisy,real_label,mistakes,label_pred,preds
0,0,False,0,10,1,1|1|1|1|1|1|1|1|1|1
2,0,False,0,0,0,0|0|0|0|0|0|0|0|0|0
16,0,False,0,0,0,0|0|0|0|0|0|0|0|0|0
20,0,False,0,10,1,3|3|1|1|1|3|1|3|1|1
35,0,False,0,0,0,0|0|0|0|0|0|0|0|0|0
37,0,False,0,0,0,0|0|0|0|0|0|0|0|0|0
64,0,False,0,10,8,8|8|9|9|8|9|8|8|8|8
84,0,False,0,0,0,0|0|0|0|0|0|0|0|0|0
91,0,False,0,0,0,0|0|0|0|0|0|0|0|0|0
92,0,False,0,10,2,3|2|2|2|2|2|2|2|2|2
100,0,False,0,0,0,0|0|0|0|0|0|0|0|0|0
109,0,False,0,10,9,9|9|9|8|9|9|9|9|9|9
117,0,False,0,9,2,3|2|3|1|2|0|2|2|2|2
120,0,False,0,0,0,0|0|0|0|0|0|0|0|0|0
133,0,False,0,0,0,0|0|0|0|0|0|0|0|0|0
137,0,False,0,10,2,3|2|2|3|2|2|2|2|2|2
142,0,False,0,9,1,1|1|1|0|1|1|1|1|1|1
174,0,False,0,8,2,2|2|9|0|2|8|3|2|0|2
175,0,False,0,0,0,0|0|0|0|0|0|0|0|0|0
184,0,False,0,0,0,0|0|0|0|0|0|0|0|0|0
201,0,False,0,4,0,2|0|2|0|0|1|0|2|0|0
233,0,False,0,0,0,0|0|0|0|0|0|0|0|0|0
241,0,False,0,0,0,0|0|0|0|0|0|0|0|0|0
255,0,False,0,0,0,0|0|0|0|0|0|0|0|0|0
256,0,False,0,1,0,0|0|1|0|0|0|0|0|0|0
258,0,False,0,1,0,0|0|0|9|0|0|0|0|0|0
263,0,False,0,0,0,0|0|0|0|0|0|0|0|0|0
270,0,False,0,10,1,1|1|1|1|1|1|1|2|1|1
284,0,False,0,1,0,0|0|1|0|0|0|0|0|0|0
285,0,False,0,9,8,8|8|8|9|8|9|8|8|8|0
295,0,False,0,0,0,0|0|0|0|0|0|0|0|0|0
297,0,False,0,4,0,0|3|0|0|3|0|3|0|2|0
304,0,False,0,0,0,0|0|0|0|0|0|0|0|0|0
306,0,False,0,0,0,0|0|0|0|0|0|0|0|0|0
313,0,False,0,1,0,0|0|0|0|0|7|0|0|0|0
322,0,False,0,10,8,8|8|8|8|8|8|8|9|8|8
332,0,False,0,10,8,8|8|9|8|8|8|8|8|8|8
350,0,False,0,0,0,0|0|0|0|0|0|0|0|0|0
361,0,False,0,10,1,1|1|1|1|1|1|1|1|1|1
376,0,False,0,3,0,7|6|0|0|0|0|0|0|0|7
380,0,False,0,0,0,0|0|0|0|0|0|0|0|0|0
382,0,False,0,0,0,0|0|0|0|0|0|0|0|0|0
391,0,False,0,0,0,0|0|0|0|0|0|0|0|0|0
404,0,False,0,0,0,0|0|0|0|0|0|0|0|0|0
427,0,False,0,6,0,1|0|5|5|1|5|1|0|0|0
437,0,False,0,0,0,0|0|0|0|0|0|0|0|0|0
438,0,False,0,6,-1,0|0|1|1|0|1|5|0|5|1
449,0,False,0,10,7,7|7|7|7|7|2|7|9|5|6
453,0,False,0,0,0,0|0|0|0|0|0|0|0|0|0
459,0,False,0,0,0,0|0|0|0|0|0|0|0|0|0
465,0,False,0,0,0,0|0|0|0|0|0|0|0|0|0
471,0,False,0,0,0,0|0|0|0|0|0|0|0|0|0
472,0,False,0,1,0,0|0|0|0|0|0|0|1|0|0
504,0,False,0,10,1,3|1|1|1|1|1|1|3|1|1
514,0,False,0,9,8,7|8|8|8|8|8|3|6|0|6
517,0,False,0,0,0,0|0|0|0|0|0|0|0|0|0
519,0,False,0,1,0,0|0|0|9|0|0|0|0|0|0
531,0,False,0,10,8,8|8|8|8|8|8|8|8|8|8
559,0,False,0,8,8,1|0|8|8|0|8|9|1|2|2
562,0,False,0,8,1,1|1|0|1|1|9|1|9|0|9
575,0,False,0,3,0,0|5|0|0|0|0|1|0|4|0
581,0,False,0,0,0,0|0|0|0|0|0|0|0|0|0
598,0,False,0,0,0,0|0|0|0|0|0|0|0|0|0
611,0,False,0,0,0,0|0|0|0|0|0|0|0|0|0
627,0,False,0,0,0,0|0|0|0|0|0|0|0|0|0
630,0,False,0,0,0,0|0|0|0|0|0|0|0|0|0
633,0,False,0,4,0,0|0|0|0|5|0|4|4|5|0
642,0,False,0,0,0,0|0|0|0|0|0|0|0|0|0
657,0,False,0,0,0,0|0|0|0|0|0|0|0|0|0
677,0,False,0,0,0,0|0|0|0|0|0|0|0|0|0
681,0,False,0,0,0,0|0|0|0|0|0|0|0|0|0
690,0,False,0,5,-1,0|7|0|0|7|7|7|7|0|0
696,0,False,0,8,4,4|4|4|1|4|0|0|4|4|4
702,0,False,0,0,0,0|0|0|0|0|0|0|0|0|0
707,0,False,0,0,0,0|0|0|0|0|0|0|0|0|0
713,0,False,0,0,0,0|0|0|0|0|0|0|0|0|0
729,0,False,0,0,0,0|0|0|0|0|0|0|0|0|0
745,0,False,0,0,0,0|0|0|0|0|0|0|0|0|0
749,0,False,0,0,0,0|0|0|0|0|0|0|0|0|0
756,0,False,0,0,0,0|0|0|0|0|0|0|0|0|0
759,0,False,0,10,-1,3|8|2|3|2|8|9|8|3|1
767,0,False,0,10,7,7|7|7|7|7|7|7|7|7|7
780,0,False,0,0,0,0|0|0|0|0|0|0|0|0|0
786,0,False,0,0,0,0|0|0|0|0|0|0|0|0|0
820,0,False,0,0,0,0|0|0|0|0|0|0|0|0|0
825,0,False,0,5,-1,1|1|0|0|0|0|0|1|1|1
827,0,False,0,5,0,0|0|2|0|0|8|1|2|0|2
839,0,False,0,0,0,0|0|0|0|0|0|0|0|0|0
848,0,False,0,4,0,0|8|2|8|0|0|0|0|0|8
872,0,False,0,9,2,2|2|0|2|2|2|2|2|2|2
884,0,False,0,10,4,4|4|4|4|4|4|4|4|4|5
892,0,False,0,10,5,5|1|4|4|5|1|5|5|5|1
901,0,False,0,3,0,0|0|2|0|8|0|9|0|0|0
949,0,False,0,5,-1,1|0|1|1|0|1|0|1|0|0
962,0,False,0,6,0,3|3|0|6|0|6|2|0|0|2
966,0,False,0,6,1,1|1|1|0|1|0|0|1|0|1
972,0,False,0,10,1,1|1|1|1|1|1|1|1|1|1
974,0,False,0,8,2,2|2|2|2|2|0|0|2|2|2
977,0,False,0,10,2,5|5|3|3|2|2|2|2|4|4
1002,0,False,0,1,0,0|0|0|0|0|2|0|0|0|0
1011,0,False,0,10,2,2|2|2|2|2|2|2|2|2|2
1012,0,False,0,0,0,0|0|0|0|0|0|0|0|0|0
1027,0,False,0,0,0,0|0|0|0|0|0|0|0|0|0
1043,0,False,0,1,0,0|0|0|0|0|0|0|0|0|1
1053,0,False,0,0,0,0|0|0|0|0|0|0|0|0|0
1068,0,False,0,0,0,0|0|0|0|0|0|0|0|0|0
1073,0,False,0,1,0,3|0|0|0|0|0|0|0|0|0
1106,0,False,0,8,1,1|1|1|0|1|1|1|0|1|1
1144,0,False,0,7,9,9|9|8|0|8|0|9|9|0|9
1160,0,False,0,0,0,0|0|0|0|0|0|0|0|0|0
1167,0,False,0,0,0,0|0|0|0|0|0|0|0|0|0
1171,0,False,0,0,0,0|0|0|0|0|0|0|0|0|0
1198,0,False,0,0,0,0|0|0|0|0|0|0|0|0|0
1210,0,False,0,9,-1,4|5|1|1|4|0|1|1|4|4
1213,0,False,0,3,0,0|6|0|9|0|9|0|0|0|0
1216,0,False,0,1,0,0|0|0|0|0|0|0|0|4|0
1220,0,False,0,5,0,8|0|8|7|0|8|0|0|8|0
1223,0,False,0,10,8,8|8|8|8|8|8|8|8|8|8
1229,0,False,0,0,0,0|0|0|0|0|0|0|0|0|0
1231,0,False,0,0,0,0|0|0|0|0|0|0|0|0|0
1253,0,False,0,2,0,0|0|0|8|0|8|0|0|0|0
1254,0,False,0,9,4,4|5|4|4|4|0|4|4|4|4
1256,0,False,0,0,0,0|0|0|0|0|0|0|0|0|0
1257,0,False,0,0,0,0|0|0|0|0|0|0|0|0|0
1258,0,False,0,0,0,0|0|0|0|0|0|0|0|0|0
1266,0,False,0,5,0,0|9|0|0|8|0|9|0|8|8
1270,0,False,0,2,0,0|0|0|0|8|0|0|7|0|0
1297,0,False,0,0,0,0|0|0|0|0|0|0|0|0|0
1298,0,False,0,10,1,1|1|1|1|1|1|1|1|1|1
1302,0,False,0,7,1,1|1|1|0|1|1|0|0|1|1
1318,0,False,0,0,0,0|0|0|0|0|0|0|0|0|0
1326,0,False,0,0,0,0|0|0|0|0|0|0|0|0|0
1332,0,False,0,5,-1,8|8|0|8|0|0|0|8|8|0
1343,0,False,0,7,8,8|8|0|8|7|0|8|8|0|8
1344,0,False,0,1,0,0|0|0|0|6|0|0|0|0|0
1346,0,False,0,0,0,0|0|0|0|0|0|0|0|0|0
1363,0,False,0,10,8,8|3|5|5|3|3|8|8|8|8
1380,0,False,0,6,8,8|8|0|8|0|8|8|8|0|0
1385,0,False,0,0,0,0|0|0|0|0|0|0|0|0|0
1397,0,False,0,10,1,1|3|1|1|1|1|1|1|1|1
1398,0,False,0,0,0,0|0|0|0|0|0|0|0|0|0
1400,0,False,0,0,0,0|0|0|0|0|0|0|0|0|0
1410,0,False,0,0,0,0|0|0|0|0|0|0|0|0|0
1426,0,False,0,0,0,0|0|0|0|0|0|0|0|0|0
1433,0,False,0,3,0,0|8|8|0|0|0|0|8|0|0
1462,0,False,0,0,0,0|0|0|0|0|0|0|0|0|0
1469,0,False,0,10,9,9|9|9|9|9|9|9|9|9|9
1471,0,False,0,0,0,0|0|0|0|0|0|0|0|0|0
1472,0,False,0,1,0,0|0|1|0|0|0|0|0|0|0
1479,0,False,0,1,0,0|0|1|0|0|0|0|0|0|0
1481,0,False,0,0,0,0|0|0|0|0|0|0|0|0|0
1487,0,False,0,1,0,0|0|1|0|0|0|0|0|0|0
1508,0,False,0,0,0,0|0|0|0|0|0|0|0|0|0
1513,0,False,0,0,0,0|0|0|0|0|0|0|0|0|0
1519,0,False,0,0,0,0|0|0|0|0|0|0|0|0|0
1536,0,False,0,0,0,0|0|0|0|0|0|0|0|0|0
1539,0,False,0,0,0,0|0|0|0|0|0|0|0|0|0
1548,0,False,0,0,0,0|0|0|0|0|0|0|0|0|0
1549,0,False,0,0,0,0|0|0|0|0|0|0|0|0|0
1551,0,False,0,3,0,0|1|0|0|0|0|3|2|0|0
1559,0,False,0,2,0,0|0|0|0|0|8|0|0|0|9
1576,0,False,0,0,0,0|0|0|0|0|0|0|0|0|0
1584,0,False,0,0,0,0|0|0|0|0|0|0|0|0|0
1599,0,False,0,0,0,0|0|0|0|0|0|0|0|0|0
1613,0,False,0,0,0,0|0|0|0|0|0|0|0|0|0
1614,0,False,0,0,0,0|0|0|0|0|0|0|0|0|0
1616,0,False,0,10,1,1|3|1|1|1|1|1|3|3|1
1625,0,False,0,3,0,0|0|0|0|0|0|9|9|9|0
1633,0,False,0,0,0,0|0|0|0|0|0|0|0|0|0
1634,0,False,0,10,7,7|7|7|7|7|7|7|7|7|7
1646,0,False,0,5,0,0|1|2|2|0|0|0|0|1|1
1657,0,False,0,2,0,0|0|0|0|0|0|0|8|9|0
1658,0,False,0,0,0,0|0|0|0|0|0|0|0|0|0
1684,0,False,0,0,0,0|0|0|0|0|0|0|0|0|0
1689,0,False,0,0,0,0|0|0|0|0|0|0|0|0|0
1693,0,False,0,0,0,0|0|0|0|0|0|0|0|0|0
1694,0,False,0,9,5,5|3|3|3|0|5|1|5|5|5
1703,0,False,0,1,0,0|0|1|0|0|0|0|0|0|0
1714,0,False,0,0,0,0|0|0|0|0|0|0|0|0|0
1720,0,False,0,0,0,0|0|0|0|0|0|0|0|0|0
1745,0,False,0,0,0,0|0|0|0|0|0|0|0|0|0
1746,0,False,0,0,0,0|0|0|0|0|0|0|0|0|0
1747,0,False,0,9,3,3|3|3|0|1|3|3|3|3|1
1748,0,False,0,0,0,0|0|0|0|0|0|0|0|0|0
1750,0,False,0,0,0,0|0|0|0|0|0|0|0|0|0
1754,0,False,0,10,5,4|5|5|5|4|1|5|4|3|3
1757,0,False,0,8,9,8|9|9|9|9|8|0|0|8|9
1761,0,False,0,0,0,0|0|0|0|0|0|0|0|0|0
1770,0,False,0,10,2,2|2|2|2|2|2|2|2|2|2
1773,0,False,0,4,0,0|0|2|9|1|0|0|3|0|0
1782,0,False,0,0,0,0|0|0|0|0|0|0|0|0|0
1806,0,False,0,0,0,0|0|0|0|0|0|0|0|0|0
1811,0,False,0,0,0,0|0|0|0|0|0|0|0|0|0
1820,0,False,0,0,0,0|0|0|0|0|0|0|0|0|0
1821,0,False,0,5,-1,3|3|0|0|3|0|3|0|0|3
1829,0,False,0,0,0,0|0|0|0|0|0|0|0|0|0
1840,0,False,0,3,0,0|1|5|1|0|0|0|0|0|0
1859,0,False,0,7,3,3|3|0|3|3|0|3|3|3|0
1862,0,False,0,10,1,1|1|1|2|1|1|2|2|1|1
1872,0,False,0,1,0,0|0|0|2|0|0|0|0|0|0
1881,0,False,0,10,1,1|1|1|1|1|1|1|1|1|1
1882,0,False,0,0,0,0|0|0|0|0|0|0|0|0|0
1887,0,False,0,0,0,0|0|0|0|0|0|0|0|0|0
1896,0,False,0,0,0,0|0|0|0|0|0|0|0|0|0
1903,0,False,0,8,3,3|4|0|3|3|6|3|6|0|3
1904,0,False,0,7,9,9|0|9|8|8|0|0|9|9|8
1923,0,False,0,0,0,0|0|0|0|0|0|0|0|0|0
1924,0,False,0,0,0,0|0|0|0|0|0|0|0|0|0
1948,0,False,0,6,8,8|8|0|0|8|0|8|8|0|8
1949,0,False,0,0,0,0|0|0|0|0|0|0|0|0|0
1953,0,False,0,0,0,0|0|0|0|0|0|0|0|0|0
1955,0,False,0,2,0,4|0|0|0|4|0|0|0|0|0
1991,0,False,0,1,0,0|0|0|0|0|0|0|0|0|9
1993,0,False,0,0,0,0|0|0|0|0|0|0|0|0|0
2001,0,False,0,0,0,0|0|0|0|0|0|0|0|0|0
2008,0,False,0,0,0,0|0|0|0|0|0|0|0|0|0
2021,0,False,0,9,2,9|0|2|2|2|2|2|2|2|9
2025,0,False,0,0,0,0|0|0|0|0|0|0|0|0|0
2026,0,False,0,0,0,0|0|0|0|0|0|0|0|0|0
2031,0,False,0,10,4,4|5|2|5|2|4|2|4|4|4
2035,0,False,0,2,0,1|0|0|2|0|0|0|0|0|0
2036,0,False,0,6,-1,2|8|0|0|2|0|9|2|2|0
2039,0,False,0,10,1,1|1|1|1|1|1|1|1|1|1
2072,0,False,0,6,3,3|3|0|3|0|3|3|0|3|0
2081,0,False,0,1,0,1|0|0|0|0|0|0|0|0|0
2082,0,False,0,10,1,6|9|1|1|1|1|1|1|6|9
2089,0,False,0,0,0,0|0|0|0|0|0|0|0|0|0
2100,0,False,0,2,0,0|0|0|0|0|0|0|2|2|0
2124,0,False,0,1,0,0|0|9|0|0|0|0|0|0|0
2130,0,False,0,0,0,0|0|0|0|0|0|0|0|0|0
2139,0,False,0,0,0,0|0|0|0|0|0|0|0|0|0
2149,0,False,0,6,0,2|8|2|8|0|2|0|0|8|0
2165,0,False,0,8,9,9|9|8|9|0|9|0|9|9|9
2185,0,False,0,0,0,0|0|0|0|0|0|0|0|0|0
2192,0,False,0,0,0,0|0|0|0|0|0|0|0|0|0
2198,0,False,0,1,0,0|0|0|0|0|0|1|0|0|0
2224,0,False,0,0,0,0|0|0|0|0|0|0|0|0|0
2228,0,False,0,1,0,0|0|0|0|0|0|0|6|0|0
2233,0,False,0,10,4,4|4|4|4|4|4|5|4|4|5
2257,0,False,0,4,0,2|0|3|0|0|0|0|2|0|2
2269,0,False,0,0,0,0|0|0|0|0|0|0|0|0|0
2270,0,False,0,0,0,0|0|0|0|0|0|0|0|0|0
2274,0,False,0,0,0,0|0|0|0|0|0|0|0|0|0
2275,0,False,0,9,7,7|9|8|7|8|8|0|7|9|7
2292,0,False,0,0,0,0|0|0|0|0|0|0|0|0|0
2308,0,False,0,1,0,0|0|1|0|0|0|0|0|0|0
2309,0,False,0,2,0,0|1|0|0|0|0|0|0|1|0
2334,0,False,0,7,3,3|3|3|1|0|0|0|3|1|3
2340,0,False,0,10,3,3|3|2|3|3|3|3|3|3|3
2341,0,False,0,1,0,0|0|0|0|0|9|0|0|0|0
2346,0,False,0,7,1,0|1|1|5|0|0|1|1|1|1
2349,0,False,0,8,8,0|0|8|8|8|8|9|8|9|8
2405,0,False,0,7,0,1|0|5|5|0|8|9|8|0|9
2416,0,False,0,0,0,0|0|0|0|0|0|0|0|0|0
2422,0,False,0,6,1,0|0|0|0|1|1|1|1|1|4
2423,0,False,0,0,0,0|0|0|0|0|0|0|0|0|0
2425,0,False,0,0,0,0|0|0|0|0|0|0|0|0|0
2429,0,False,0,5,0,0|0|9|8|0|0|9|9|9|0
2432,0,False,0,0,0,0|0|0|0|0|0|0|0|0|0
2441,0,False,0,9,1,1|1|2|0|1|2|1|1|1|1
2442,0,False,0,2,0,8|0|0|8|0|0|0|0|0|0
2446,0,False,0,9,2,2|2|2|3|2|2|3|0|2|2
2455,0,False,0,0,0,0|0|0|0|0|0|0|0|0|0
2476,0,False,0,0,0,0|0|0|0|0|0|0|0|0|0
2491,0,False,0,8,1,1|1|1|0|1|1|1|0|1|1
2494,0,False,0,8,1,3|1|1|0|1|3|1|0|1|1
2516,0,False,0,3,0,2|2|0|2|0|0|0|0|0|0
2524,0,False,0,3,0,0|0|0|0|2|0|0|2|2|0
2535,0,False,0,2,0,0|0|0|0|0|3|0|0|0|9
2541,0,False,0,0,0,0|0|0|0|0|0|0|0|0|0
2542,0,False,0,9,3,3|3|0|3|3|2|3|3|3|3
2549,0,False,0,0,0,0|0|0|0|0|0|0|0|0|0
2550,0,False,0,4,0,0|0|2|3|0|1|0|0|8|0
2552,0,False,0,0,0,0|0|0|0|0|0|0|0|0|0
2569,0,False,0,0,0,0|0|0|0|0|0|0|0|0|0
2572,0,False,0,0,0,0|0|0|0|0|0|0|0|0|0
2628,0,False,0,8,2,2|2|9|8|1|9|2|0|0|2
2633,0,False,0,6,8,8|8|0|0|8|8|0|8|8|0
2638,0,False,0,0,0,0|0|0|0|0|0|0|0|0|0
2644,0,False,0,1,0,0|0|0|0|8|0|0|0|0|0
2646,0,False,0,0,0,0|0|0|0|0|0|0|0|0|0
2651,0,False,0,1,0,0|0|0|1|0|0|0|0|0|0
2672,0,False,0,0,0,0|0|0|0|0|0|0|0|0|0
2676,0,False,0,0,0,0|0|0|0|0|0|0|0|0|0
2696,0,False,0,0,0,0|0|0|0|0|0|0|0|0|0
2709,0,False,0,10,9,9|9|9|9|9|9|9|9|9|9
2719,0,False,0,7,2,2|0|2|2|2|0|3|2|0|2
2721,0,False,0,0,0,0|0|0|0|0|0|0|0|0|0
2726,0,False,0,0,0,0|0|0|0|0|0|0|0|0|0
2731,0,False,0,5,-1,8|0|8|8|8|0|0|0|0|8
2766,0,False,0,0,0,0|0|0|0|0|0|0|0|0|0
2797,0,False,0,10,8,8|8|8|8|8|8|8|8|8|8
2809,0,False,0,0,0,0|0|0|0|0|0|0|0|0|0
2830,0,False,0,0,0,0|0|0|0|0|0|0|0|0|0
2840,0,False,0,0,0,0|0|0|0|0|0|0|0|0|0
2865,0,False,0,0,0,0|0|0|0|0|0|0|0|0|0
2869,0,False,0,0,0,0|0|0|0|0|0|0|0|0|0
2890,0,False,0,1,0,0|0|0|8|0|0|0|0|0|0
2900,0,False,0,0,0,0|0|0|0|0|0|0|0|0|0
2901,0,False,0,5,0,0|9|0|0|0|8|0|8|8|9
2902,0,False,0,10,8,8|8|8|8|8|8|8|8|8|8
2903,0,False,0,0,0,0|0|0|0|0|0|0|0|0|0
2911,0,False,0,0,0,0|0|0|0|0|0|0|0|0|0
2930,0,False,0,0,0,0|0|0|0|0|0|0|0|0|0
2931,0,False,0,2,0,0|0|0|0|0|0|0|4|0|4
2940,0,False,0,5,0,9|0|0|0|9|0|9|0|9|8
2944,0,False,0,0,0,0|0|0|0|0|0|0|0|0|0
2948,0,False,0,2,0,0|0|3|9|0|0|0|0|0|0
2959,0,False,0,3,0,0|1|0|2|0|1|0|0|0|0
2983,0,False,0,0,0,0|0|0|0|0|0|0|0|0|0
2987,0,False,0,0,0,0|0|0|0|0|0|0|0|0|0
2988,0,False,0,1,0,0|0|0|0|0|8|0|0|0|0
2990,0,False,0,10,9,9|9|9|9|9|9|9|9|9|9
2993,0,False,0,0,0,0|0|0|0|0|0|0|0|0|0
2995,0,False,0,6,-1,2|2|8|0|0|2|8|0|0|2
3001,0,False,0,4,0,0|6|0|0|0|7|0|6|0|6
3004,0,False,0,10,4,4|4|5|4|4|4|4|4|4|4
3020,0,False,0,8,5,5|1|0|4|5|0|4|5|5|4
3062,0,False,0,0,0,0|0|0|0|0|0|0|0|0|0
3065,0,False,0,0,0,0|0|0|0|0|0|0|0|0|0
3072,0,False,0,10,3,3|3|3|3|3|3|3|3|3|3
3073,0,False,0,0,0,0|0|0|0|0|0|0|0|0|0
3082,0,False,0,0,0,0|0|0|0|0|0|0|0|0|0
3087,0,False,0,10,1,1|1|1|1|1|1|1|1|1|1
3099,0,False,0,0,0,0|0|0|0|0|0|0|0|0|0
3120,0,False,0,0,0,0|0|0|0|0|0|0|0|0|0
3131,0,False,0,10,3,1|2|2|2|3|3|3|3|3|3
3138,0,False,0,3,0,0|9|0|0|0|8|0|9|0|0
3160,0,False,0,5,-1,8|8|0|0|0|8|8|8|0|0
3169,0,False,0,0,0,0|0|0|0|0|0|0|0|0|0
3177,0,False,0,7,-1,0|1|2|3|3|2|1|0|1|0
3181,0,False,0,0,0,0|0|0|0|0|0|0|0|0|0
3183,0,False,0,9,8,8|8|9|8|0|8|8|8|8|8
3187,0,False,0,0,0,0|0|0|0|0|0|0|0|0|0
3198,0,False,0,0,0,0|0|0|0|0|0|0|0|0|0
3200,0,False,0,2,0,1|0|0|0|0|1|0|0|0|0
3206,0,False,0,0,0,0|0|0|0|0|0|0|0|0|0
3238,0,False,0,0,0,0|0|0|0|0|0|0|0|0|0
3240,0,False,0,10,4,4|4|1|4|1|4|4|4|4|4
3253,0,False,0,10,1,1|1|1|1|1|1|1|1|1|1
3259,0,False,0,0,0,0|0|0|0|0|0|0|0|0|0
3263,0,False,0,3,0,8|0|0|8|0|8|0|0|0|0
3286,0,False,0,0,0,0|0|0|0|0|0|0|0|0|0
3287,0,False,0,1,0,8|0|0|0|0|0|0|0|0|0
3302,0,False,0,2,0,0|0|0|9|1|0|0|0|0|0
3309,0,False,0,0,0,0|0|0|0|0|0|0|0|0|0
3329,0,False,0,0,0,0|0|0|0|0|0|0|0|0|0
3330,0,False,0,10,1,1|1|1|1|1|1|1|1|1|1
3340,0,False,0,0,0,0|0|0|0|0|0|0|0|0|0
3350,0,False,0,5,0,0|0|2|0|0|1|3|2|3|0
3355,0,False,0,0,0,0|0|0|0|0|0|0|0|0|0
3362,0,False,0,10,2,2|2|2|3|3|2|2|2|3|2
3371,0,False,0,0,0,0|0|0|0|0|0|0|0|0|0
3393,0,False,0,0,0,0|0|0|0|0|0|0|0|0|0
3404,0,False,0,0,0,0|0|0|0|0|0|0|0|0|0
3477,0,False,0,0,0,0|0|0|0|0|0|0|0|0|0
3492,0,False,0,10,1,1|1|1|1|1|1|1|1|1|1
3496,0,False,0,8,8,8|8|8|8|0|8|0|8|8|8
3503,0,False,0,6,1,1|0|1|1|1|1|1|0|0|0
3524,0,False,0,9,1,1|1|1|0|1|1|1|3|1|1
3525,0,False,0,8,8,8|8|9|9|8|9|8|0|0|8
3560,0,False,0,10,5,5|1|4|7|5|5|4|5|5|5
3564,0,False,0,0,0,0|0|0|0|0|0|0|0|0|0
3569,0,False,0,10,5,5|5|5|5|5|5|5|5|5|5
3574,0,False,0,0,0,0|0|0|0|0|0|0|0|0|0
3578,0,False,0,0,0,0|0|0|0|0|0|0|0|0|0
3589,0,False,0,0,0,0|0|0|0|0|0|0|0|0|0
3618,0,False,0,2,0,0|0|1|0|0|0|1|0|0|0
3647,0,False,0,2,0,8|0|8|0|0|0|0|0|0|0
3648,0,False,0,4,0,0|0|1|1|8|0|1|0|0|0
3655,0,False,0,10,8,8|8|8|8|8|8|2|9|9|8
3676,0,False,0,0,0,0|0|0|0|0|0|0|0|0|0
3687,0,False,0,0,0,0|0|0|0|0|0|0|0|0|0
3710,0,False,0,10,1,1|1|1|1|3|1|1|5|3|1
3718,0,False,0,3,0,0|0|2|2|0|0|0|0|2|0
3731,0,False,0,0,0,0|0|0|0|0|0|0|0|0|0
3748,0,False,0,0,0,0|0|0|0|0|0|0|0|0|0
3750,0,False,0,0,0,0|0|0|0|0|0|0|0|0|0
3763,0,False,0,2,0,0|0|0|0|7|0|0|7|0|0
3765,0,False,0,0,0,0|0|0|0|0|0|0|0|0|0
3769,0,False,0,1,0,0|0|0|0|0|0|0|0|1|0
3805,0,False,0,0,0,0|0|0|0|0|0|0|0|0|0
3821,0,False,0,10,1,1|1|1|5|1|5|3|1|1|3
3832,0,False,0,0,0,0|0|0|0|0|0|0|0|0|0
3841,0,False,0,4,0,1|0|1|0|1|0|0|0|1|0
3851,0,False,0,0,0,0|0|0|0|0|0|0|0|0|0
3852,0,False,0,2,0,1|1|0|0|0|0|0|0|0|0
3879,0,False,0,0,0,0|0|0|0|0|0|0|0|0|0
3881,0,False,0,2,0,0|0|2|2|0|0|0|0|0|0
3908,0,False,0,10,8,8|8|8|9|8|8|8|8|8|8
3911,0,False,0,4,0,0|1|1|0|5|5|0|0|0|0
3914,0,False,0,0,0,0|0|0|0|0|0|0|0|0|0
3921,0,False,0,3,0,0|3|0|0|0|0|0|0|2|2
3930,0,False,0,4,0,3|2|0|2|0|0|0|0|0|2
3933,0,False,0,0,0,0|0|0|0|0|0|0|0|0|0
3950,0,False,0,4,0,0|0|2|2|0|2|0|3|0|0
3965,0,False,0,0,0,0|0|0|0|0|0|0|0|0|0
3968,0,False,0,10,1,1|1|1|1|1|5|1|5|1|1
3978,0,False,0,4,0,1|1|0|0|1|0|1|0|0|0
3983,0,False,0,0,0,0|0|0|0|0|0|0|0|0|0
4004,0,False,0,0,0,0|0|0|0|0|0|0|0|0|0
4005,0,False,0,7,9,9|9|9|9|8|0|0|9|0|8
4016,0,False,0,0,0,0|0|0|0|0|0|0|0|0|0
4027,0,False,0,0,0,0|0|0|0|0|0|0|0|0|0
4043,0,False,0,0,0,0|0|0|0|0|0|0|0|0|0
4056,0,False,0,10,1,1|1|1|1|1|1|1|1|1|1
4072,0,False,0,4,0,0|0|0|2|0|2|3|0|0|2
4084,0,False,0,8,8,8|8|0|8|0|8|8|8|8|8
4095,0,False,0,8,1,1|1|2|2|1|0|5|0|1|1
4119,0,False,0,10,1,1|1|1|1|1|1|1|1|1|1
4120,0,False,0,0,0,0|0|0|0|0|0|0|0|0|0
4125,0,False,0,4,0,0|0|0|2|0|0|8|8|0|8
4127,0,False,0,1,0,0|0|0|0|0|0|0|0|2|0
4129,0,False,0,0,0,0|0|0|0|0|0|0|0|0|0
4131,0,False,0,10,9,9|9|9|2|2|9|9|9|9|9
4139,0,False,0,0,0,0|0|0|0|0|0|0|0|0|0
4165,0,False,0,9,1,1|1|3|1|1|5|1|0|1|1
4174,0,False,0,0,0,0|0|0|0|0|0|0|0|0|0
4179,0,False,0,0,0,0|0|0|0|0|0|0|0|0|0
4180,0,False,0,0,0,0|0|0|0|0|0|0|0|0|0
4186,0,False,0,0,0,0|0|0|0|0|0|0|0|0|0
4187,0,False,0,2,0,0|0|0|0|0|0|0|0|8|9
4189,0,False,0,8,6,6|6|6|6|7|6|6|0|0|2
4203,0,False,0,1,0,0|0|0|0|0|9|0|0|0|0
4210,0,False,0,0,0,0|0|0|0|0|0|0|0|0|0
4241,0,False,0,0,0,0|0|0|0|0|0|0|0|0|0
4250,0,False,0,0,0,0|0|0|0|0|0|0|0|0|0
4267,0,False,0,3,0,0|0|0|2|2|0|0|0|0|2
4285,0,False,0,10,8,8|8|9|8|8|8|9|8|8|8
4286,0,False,0,5,-1,8|8|0|0|0|8|8|0|0|8
4287,0,False,0,1,0,0|3|0|0|0|0|0|0|0|0
4291,0,False,0,2,0,0|0|0|0|0|8|0|8|0|0
4306,0,False,0,9,9,0|9|9|9|9|9|9|9|9|9
4312,0,False,0,1,0,0|0|0|0|0|0|0|0|3|0
4316,0,False,0,0,0,0|0|0|0|0|0|0|0|0|0
4318,0,False,0,0,0,0|0|0|0|0|0|0|0|0|0
4329,0,False,0,0,0,0|0|0|0|0|0|0|0|0|0
4332,0,False,0,6,1,1|0|1|0|0|0|1|1|1|1
4334,0,False,0,2,0,0|0|0|0|0|1|0|0|1|0
4340,0,False,0,10,8,8|8|8|2|2|2|2|8|8|8
4352,0,False,0,0,0,0|0|0|0|0|0|0|0|0|0
4361,0,False,0,10,3,3|3|3|3|3|3|5|2|3|3
4363,0,False,0,9,1,1|1|1|1|1|0|1|1|1|1
4368,0,False,0,1,0,0|0|0|0|0|0|6|0|0|0
4369,0,False,0,0,0,0|0|0|0|0|0|0|0|0|0
4374,0,False,0,0,0,0|0|0|0|0|0|0|0|0|0
4386,0,False,0,0,0,0|0|0|0|0|0|0|0|0|0
4391,0,False,0,0,0,0|0|0|0|0|0|0|0|0|0
4394,0,False,0,0,0,0|0|0|0|0|0|0|0|0|0
4408,0,False,0,1,0,0|0|0|0|0|0|9|0|0|0
4418,0,False,0,0,0,0|0|0|0|0|0|0|0|0|0
4422,0,False,0,3,0,1|0|0|0|0|2|0|0|2|0
4423,0,False,0,4,0,0|8|8|0|0|3|0|0|8|0
4426,0,False,0,0,0,0|0|0|0|0|0|0|0|0|0
4428,0,False,0,1,0,0|0|0|8|0|0|0|0|0|0
4440,0,False,0,5,-1,2|0|0|0|2|0|0|2|2|2
4449,0,False,0,8,7,7|0|7|0|7|7|7|7|7|7
4458,0,False,0,1,0,0|0|0|0|0|0|8|0|0|0
4459,0,False,0,10,1,1|1|1|1|1|1|1|1|1|1
4463,0,False,0,0,0,0|0|0|0|0|0|0|0|0|0
4468,0,False,0,3,0,4|0|0|0|5|0|0|0|5|0
4472,0,False,0,2,0,0|0|1|0|1|0|0|0|0|0
4475,0,False,0,1,0,0|0|0|7|0|0|0|0|0|0
4476,0,False,0,0,0,0|0|0|0|0|0|0|0|0|0
4487,0,False,0,5,-1,0|0|9|9|9|0|9|0|0|9
4510,0,False,0,0,0,0|0|0|0|0|0|0|0|0|0
4528,0,False,0,9,3,1|3|1|3|2|3|3|2|0|3
4601,0,False,0,5,0,9|8|0|0|0|0|9|9|0|9
4613,0,False,0,0,0,0|0|0|0|0|0|0|0|0|0
4617,0,False,0,0,0,0|0|0|0|0|0|0|0|0|0
4623,0,False,0,7,2,2|2|9|2|2|2|9|0|0|0
4629,0,False,0,10,2,2|2|2|3|2|2|2|2|2|2
4636,0,False,0,0,0,0|0|0|0|0|0|0|0|0|0
4638,0,False,0,10,1,1|1|1|1|1|2|1|1|1|1
4642,0,False,0,1,0,0|0|0|0|0|0|0|1|0|0
4654,0,False,0,4,0,1|0|0|0|0|1|0|0|1|1
4658,0,False,0,6,8,8|0|8|8|0|8|0|8|0|8
4676,0,False,0,2,0,0|0|3|0|0|2|0|0|0|0
4687,0,False,0,0,0,0|0|0|0|0|0|0|0|0|0
4695,0,False,0,1,0,0|0|0|0|0|0|0|0|8|0
4718,0,False,0,1,0,1|0|0|0|0|0|0|0|0|0
4769,0,False,0,0,0,0|0|0|0|0|0|0|0|0|0
4786,0,False,0,10,1,4|1|1|1|5|1|1|1|1|1
4796,0,False,0,0,0,0|0|0|0|0|0|0|0|0|0
4803,0,False,0,0,0,0|0|0|0|0|0|0|0|0|0
4815,0,False,0,1,0,0|0|0|0|0|1|0|0|0|0
4819,0,False,0,0,0,0|0|0|0|0|0|0|0|0|0
4820,0,False,0,0,0,0|0|0|0|0|0|0|0|0|0
4826,0,False,0,5,-1,2|2|0|0|2|0|2|0|2|0
4833,0,False,0,0,0,0|0|0|0|0|0|0|0|0|0
4853,0,False,0,3,0,0|1|0|0|1|0|0|0|0|1
4856,0,False,0,10,6,6|6|6|6|2|6|6|6|6|6
4860,0,False,0,0,0,0|0|0|0|0|0|0|0|0|0
4875,0,False,0,3,0,0|0|2|0|2|0|2|0|0|0
4883,0,False,0,4,0,6|6|6|0|0|0|0|0|0|6
4889,0,False,0,10,9,9|9|9|9|9|9|9|9|9|9
4891,0,False,0,10,6,6|6|6|6|6|6|6|6|6|6
4906,0,False,0,0,0,0|0|0|0|0|0|0|0|0|0
4916,0,False,0,0,0,0|0|0|0|0|0|0|0|0|0
4926,0,False,0,2,0,1|0|0|0|0|0|1|0|0|0
4962,0,False,0,2,0,0|0|0|1|0|2|0|0|0|0
4968,0,False,0,6,9,9|9|0|9|0|0|0|9|9|9
4969,0,False,0,9,2,2|3|2|0|3|3|2|2|2|2
5000,0,False,0,0,0,0|0|0|0|0|0|0|0|0|0
5016,0,False,0,2,0,0|0|0|0|0|4|0|0|0|8
5054,0,False,0,0,0,0|0|0|0|0|0|0|0|0|0
5066,0,False,0,2,0,0|3|0|0|0|0|3|0|0|0
5068,0,False,0,7,9,9|9|8|8|8|0|9|0|9|0
5073,0,False,0,0,0,0|0|0|0|0|0|0|0|0|0
5085,0,False,0,6,1,0|1|1|0|4|0|1|0|1|1
5086,0,False,0,0,0,0|0|0|0|0|0|0|0|0|0
5090,0,False,0,5,-1,0|0|2|0|2|0|0|2|2|2
5106,0,False,0,2,0,0|8|0|0|0|0|0|8|0|0
5110,0,False,0,1,0,0|0|0|0|0|0|9|0|0|0
5116,0,False,0,9,9,9|9|0|9|8|9|9|9|9|9
5141,0,False,0,7,8,8|8|0|0|3|8|3|8|0|8
5153,0,False,0,7,2,2|2|2|0|2|0|2|8|0|2
5154,0,False,0,1,0,0|0|0|0|0|0|0|0|0|2
5171,0,False,0,0,0,0|0|0|0|0|0|0|0|0|0
5194,0,False,0,0,0,0|0|0|0|0|0|0|0|0|0
5200,0,False,0,0,0,0|0|0|0|0|0|0|0|0|0
5205,0,False,0,0,0,0|0|0|0|0|0|0|0|0|0
5206,0,False,0,1,0,0|8|0|0|0|0|0|0|0|0
5212,0,False,0,10,-1,4|1|4|4|5|4|5|5|2|5
5227,0,False,0,1,0,0|0|0|8|0|0|0|0|0|0
5236,0,False,0,0,0,0|0|0|0|0|0|0|0|0|0
5264,0,False,0,5,0,3|3|0|0|0|5|0|0|3|3
5277,0,False,0,0,0,0|0|0|0|0|0|0|0|0|0
5280,0,False,0,1,0,0|0|0|4|0|0|0|0|0|0
5291,0,False,0,1,0,0|0|0|0|8|0|0|0|0|0
5297,0,False,0,0,0,0|0|0|0|0|0|0|0|0|0
5299,0,False,0,6,0,0|5|5|0|0|2|0|3|6|3
5334,0,False,0,7,2,2|2|2|2|2|2|2|0|0|0
5338,0,False,0,0,0,0|0|0|0|0|0|0|0|0|0
5357,0,False,0,7,8,8|8|0|0|8|0|8|8|8|8
5359,0,False,0,8,2,0|2|2|2|2|2|2|2|0|2
5363,0,False,0,0,0,0|0|0|0|0|0|0|0|0|0
5390,0,False,0,0,0,0|0|0|0|0|0|0|0|0|0
5399,0,False,0,10,1,1|1|1|1|1|1|1|1|1|1
5405,0,False,0,0,0,0|0|0|0|0|0|0|0|0|0
5408,0,False,0,10,8,8|8|8|8|8|8|8|8|8|8
5410,0,False,0,0,0,0|0|0|0|0|0|0|0|0|0
5411,0,False,0,6,3,3|3|3|3|0|0|0|3|1|0
5412,0,False,0,0,0,0|0|0|0|0|0|0|0|0|0
5417,0,False,0,0,0,0|0|0|0|0|0|0|0|0|0
5458,0,False,0,5,0,0|2|0|2|2|1|2|0|0|0
5466,1,False,1,9,2,2|2|3|2|2|2|1|3|2|2
5468,1,False,1,6,2,2|2|1|3|1|1|1|2|2|2
5473,1,False,1,0,1,1|1|1|1|1|1|1|1|1|1
5488,1,False,1,0,1,1|1|1|1|1|1|1|1|1|1
5512,1,False,1,0,1,1|1|1|1|1|1|1|1|1|1
5526,1,False,1,0,1,1|1|1|1|1|1|1|1|1|1
5537,1,False,1,8,2,2|2|2|2|1|1|2|2|2|2
5552,1,False,1,0,1,1|1|1|1|1|1|1|1|1|1
5559,1,False,1,8,0,7|1|0|1|0|0|0|7|0|7
5577,1,False,1,3,1,2|1|2|1|1|2|1|1|1|1
5580,1,False,1,1,1,1|1|1|1|1|1|1|0|1|1
5608,1,False,1,0,1,1|1|1|1|1|1|1|1|1|1
5625,1,False,1,8,4,4|5|1|4|5|1|4|5|4|4
5631,1,False,1,0,1,1|1|1|1|1|1|1|1|1|1
5636,1,False,1,0,1,1|1|1|1|1|1|1|1|1|1
5637,1,False,1,0,1,1|1|1|1|1|1|1|1|1|1
5645,1,False,1,0,1,1|1|1|1|1|1|1|1|1|1
5646,1,False,1,0,1,1|1|1|1|1|1|1|1|1|1
5681,1,False,1,1,1,1|1|1|1|1|1|1|2|1|1
5683,1,False,1,0,1,1|1|1|1|1|1|1|1|1|1
5710,1,False,1,7,2,2|2|2|2|1|2|1|2|1|2
5717,1,False,1,0,1,1|1|1|1|1|1|1|1|1|1
5720,1,False,1,1,1,1|1|1|1|1|2|1|1|1|1
5725,1,False,1,0,1,1|1|1|1|1|1|1|1|1|1
5739,1,False,1,0,1,1|1|1|1|1|1|1|1|1|1
5745,1,False,1,5,1,1|1|5|3|5|3|1|2|1|1
5747,1,False,1,10,0,0|0|0|0|0|0|0|0|0|0
5755,1,False,1,0,1,1|1|1|1|1|1|1|1|1|1
5760,1,False,1,1,1,1|1|1|1|1|1|1|5|1|1
5770,1,False,1,0,1,1|1|1|1|1|1|1|1|1|1
5776,1,False,1,0,1,1|1|1|1|1|1|1|1|1|1
5777,1,False,1,7,1,5|5|7|1|0|7|3|1|0|1
5794,1,False,1,1,1,1|1|1|1|1|1|1|1|4|1
5805,1,False,1,0,1,1|1|1|1|1|1|1|1|1|1
5812,1,False,1,10,0,0|0|0|0|0|0|0|0|0|0
5825,1,False,1,0,1,1|1|1|1|1|1|1|1|1|1
5827,1,False,1,0,1,1|1|1|1|1|1|1|1|1|1
5829,1,False,1,7,0,1|0|1|0|0|1|0|0|0|0
5867,1,False,1,10,5,5|5|5|5|8|5|0|8|5|5
5885,1,False,1,0,1,1|1|1|1|1|1|1|1|1|1
5904,1,False,1,0,1,1|1|1|1|1|1|1|1|1|1
5909,1,False,1,6,1,1|1|3|1|2|1|3|3|2|2
5917,1,False,1,4,1,1|1|2|2|1|2|2|1|1|1
5921,1,False,1,0,1,1|1|1|1|1|1|1|1|1|1
5946,1,False,1,0,1,1|1|1|1|1|1|1|1|1|1
5948,1,False,1,0,1,1|1|1|1|1|1|1|1|1|1
6004,1,False,1,0,1,1|1|1|1|1|1|1|1|1|1
6037,1,False,1,0,1,1|1|1|1|1|1|1|1|1|1
6068,1,False,1,9,3,3|3|2|2|3|2|3|3|3|1
6083,1,False,1,0,1,1|1|1|1|1|1|1|1|1|1
6084,1,False,1,0,1,1|1|1|1|1|1|1|1|1|1
6085,1,False,1,8,0,0|1|1|0|0|0|0|0|3|3
6086,1,False,1,0,1,1|1|1|1|1|1|1|1|1|1
6090,1,False,1,0,1,1|1|1|1|1|1|1|1|1|1
6119,1,False,1,2,1,1|1|0|1|1|0|1|1|1|1
6126,1,False,1,0,1,1|1|1|1|1|1|1|1|1|1
6141,1,False,1,0,1,1|1|1|1|1|1|1|1|1|1
6172,1,False,1,2,1,1|1|1|1|1|1|1|4|1|4
6214,1,False,1,0,1,1|1|1|1|1|1|1|1|1|1
6223,1,False,1,7,-1,3|3|9|0|3|4|1|0|1|1
6224,1,False,1,0,1,1|1|1|1|1|1|1|1|1|1
6237,1,False,1,0,1,1|1|1|1|1|1|1|1|1|1
6254,1,False,1,5,1,2|2|1|1|3|1|1|1|2|3
6270,1,False,1,0,1,1|1|1|1|1|1|1|1|1|1
6280,1,False,1,1,1,1|1|1|2|1|1|1|1|1|1
6305,1,False,1,0,1,1|1|1|1|1|1|1|1|1|1
6310,1,False,1,5,1,2|2|1|1|1|3|1|2|1|2
6313,1,False,1,0,1,1|1|1|1|1|1|1|1|1|1
6317,1,False,1,4,1,1|1|5|3|1|3|2|1|1|1
6324,1,False,1,0,1,1|1|1|1|1|1|1|1|1|1
6325,1,False,1,1,1,1|1|1|1|1|0|1|1|1|1
6337,1,False,1,0,1,1|1|1|1|1|1|1|1|1|1
6345,1,False,1,0,1,1|1|1|1|1|1|1|1|1|1
6365,1,False,1,0,1,1|1|1|1|1|1|1|1|1|1
6369,1,False,1,1,1,1|1|1|1|3|1|1|1|1|1
6370,1,False,1,10,4,4|4|4|4|4|4|4|4|4|4
6402,1,False,1,0,1,1|1|1|1|1|1|1|1|1|1
6406,1,False,1,6,0,0|1|1|0|0|1|1|0|0|0
6407,1,False,1,10,5,5|5|5|5|5|5|5|5|4|5
6429,1,False,1,0,1,1|1|1|1|1|1|1|1|1|1
6442,1,False,1,0,1,1|1|1|1|1|1|1|1|1|1
6463,1,False,1,0,1,1|1|1|1|1|1|1|1|1|1
6481,1,False,1,0,1,1|1|1|1|1|1|1|1|1|1
6482,1,False,1,0,1,1|1|1|1|1|1|1|1|1|1
6495,1,False,1,0,1,1|1|1|1|1|1|1|1|1|1
6504,1,False,1,10,0,0|0|0|0|0|0|0|0|0|0
6506,1,False,1,1,1,1|1|1|1|3|1|1|1|1|1
6509,1,False,1,4,1,0|0|1|1|1|1|3|3|1|1
6520,1,False,1,10,5,5|5|0|5|5|5|5|5|5|5
6541,1,False,1,0,1,1|1|1|1|1|1|1|1|1|1
6546,1,False,1,0,1,1|1|1|1|1|1|1|1|1|1
6547,1,False,1,0,1,1|1|1|1|1|1|1|1|1|1
6556,1,False,1,10,3,3|3|3|3|3|3|3|3|3|3
6558,1,False,1,2,1,1|1|1|1|1|2|2|1|1|1
6563,1,False,1,3,1,5|1|1|3|1|1|1|3|1|1
6566,1,False,1,0,1,1|1|1|1|1|1|1|1|1|1
6576,1,False,1,10,-1,3|3|4|4|4|3|3|4|4|3
6584,1,False,1,0,1,1|1|1|1|1|1|1|1|1|1
6616,1,False,1,0,1,1|1|1|1|1|1|1|1|1|1
6618,1,False,1,0,1,1|1|1|1|1|1|1|1|1|1
6621,1,False,1,7,4,1|4|7|6|1|7|1|4|4|4
6654,1,False,1,8,0,0|5|0|1|0|1|0|8|0|0
6658,1,False,1,0,1,1|1|1|1|1|1|1|1|1|1
6668,1,False,1,0,1,1|1|1|1|1|1|1|1|1|1
6697,1,False,1,0,1,1|1|1|1|1|1|1|1|1|1
6702,1,False,1,0,1,1|1|1|1|1|1|1|1|1|1
6717,1,False,1,0,1,1|1|1|1|1|1|1|1|1|1
6736,1,False,1,0,1,1|1|1|1|1|1|1|1|1|1
6738,1,False,1,0,1,1|1|1|1|1|1|1|1|1|1
6749,1,False,1,0,1,1|1|1|1|1|1|1|1|1|1
6754,1,False,1,4,1,3|3|1|1|1|3|1|1|3|1
6763,1,False,1,8,0,0|1|0|0|0|0|0|0|0|1
6764,1,False,1,5,1,1|3|1|1|1|1|3|3|3|2
6778,1,False,1,9,2,1|2|2|2|2|2|2|2|2|2
6785,1,False,1,8,2,3|3|3|2|2|5|1|2|2|1
6792,1,False,1,0,1,1|1|1|1|1|1|1|1|1|1
6803,1,False,1,0,1,1|1|1|1|1|1|1|1|1|1
6815,1,False,1,0,1,1|1|1|1|1|1|1|1|1|1
6842,1,False,1,2,1,1|1|1|1|4|1|1|1|4|1
6843,1,False,1,0,1,1|1|1|1|1|1|1|1|1|1
6847,1,False,1,7,0,0|0|0|0|0|0|0|1|1|1
6852,1,False,1,0,1,1|1|1|1|1|1|1|1|1|1
6856,1,False,1,2,1,1|1|1|1|1|1|1|1|3|3
6866,1,False,1,2,1,1|5|1|1|1|1|1|5|1|1
6868,1,False,1,0,1,1|1|1|1|1|1|1|1|1|1
6877,1,False,1,10,0,0|0|0|0|0|0|0|0|0|0
6885,1,False,1,0,1,1|1|1|1|1|1|1|1|1|1
6888,1,False,1,0,1,1|1|1|1|1|1|1|1|1|1
6892,1,False,1,0,1,1|1|1|1|1|1|1|1|1|1
6894,1,False,1,0,1,1|1|1|1|1|1|1|1|1|1
6903,1,False,1,0,1,1|1|1|1|1|1|1|1|1|1
6917,1,False,1,1,1,1|1|1|1|1|1|1|2|1|1
6918,1,False,1,3,1,0|1|1|1|0|1|1|0|1|1
6953,1,False,1,0,1,1|1|1|1|1|1|1|1|1|1
6958,1,False,1,1,1,1|1|1|1|1|1|1|5|1|1
6967,1,False,1,1,1,1|1|1|1|1|1|1|3|1|1
6971,1,False,1,0,1,1|1|1|1|1|1|1|1|1|1
6973,1,False,1,7,2,2|2|1|2|2|2|1|2|1|2
6998,1,False,1,5,1,3|3|1|1|2|1|1|2|1|2
7013,1,False,1,1,1,1|1|1|1|1|1|1|0|1|1
7036,1,False,1,7,5,1|4|1|1|5|5|5|5|4|4
7046,1,False,1,0,1,1|1|1|1|1|1|1|1|1|1
7047,1,False,1,4,1,1|1|3|2|1|3|0|1|1|1
7048,1,False,1,1,1,1|1|9|1|1|1|1|1|1|1
7049,1,False,1,2,1,1|1|3|0|1|1|1|1|1|1
7064,1,False,1,8,2,2|2|2|2|2|1|1|2|2|2
7071,1,False,1,1,1,1|1|1|1|1|1|1|3|1|1
7077,1,False,1,0,1,1|1|1|1|1|1|1|1|1|1
7091,1,False,1,10,8,2|8|8|0|8|8|0|0|8|0
7103,1,False,1,0,1,1|1|1|1|1|1|1|1|1|1
7118,1,False,1,0,1,1|1|1|1|1|1|1|1|1|1
7123,1,False,1,0,1,1|1|1|1|1|1|1|1|1|1
7126,1,False,1,10,4,4|2|3|2|5|3|4|4|4|4
7129,1,False,1,10,2,2|2|2|2|2|2|2|2|2|2
7134,1,False,1,0,1,1|1|1|1|1|1|1|1|1|1
7135,1,False,1,0,1,1|1|1|1|1|1|1|1|1|1
7154,1,False,1,0,1,1|1|1|1|1|1|1|1|1|1
7163,1,False,1,8,3,3|3|1|5|1|3|4|3|3|3
7176,1,False,1,1,1,1|1|3|1|1|1|1|1|1|1
7184,1,False,1,0,1,1|1|1|1|1|1|1|1|1|1
7189,1,False,1,10,2,4|2|3|0|2|3|2|2|2|2
7192,1,False,1,0,1,1|1|1|1|1|1|1|1|1|1
7205,1,False,1,0,1,1|1|1|1|1|1|1|1|1|1
7217,1,False,1,5,-1,4|4|1|1|1|1|1|4|4|4
7222,1,False,1,5,1,1|1|1|3|1|1|5|5|5|5
7238,1,False,1,0,1,1|1|1|1|1|1|1|1|1|1
7245,1,False,1,0,1,1|1|1|1|1|1|1|1|1|1
7260,1,False,1,0,1,1|1|1|1|1|1|1|1|1|1
7274,1,False,1,0,1,1|1|1|1|1|1|1|1|1|1
7281,1,False,1,10,7,7|7|7|7|7|7|7|7|7|7
7308,1,False,1,1,1,3|1|1|1|1|1|1|1|1|1
7318,1,False,1,0,1,1|1|1|1|1|1|1|1|1|1
7327,1,False,1,10,0,0|0|0|0|0|0|0|0|0|0
7338,1,False,1,0,1,1|1|1|1|1|1|1|1|1|1
7345,1,False,1,0,1,1|1|1|1|1|1|1|1|1|1
7355,1,False,1,10,7,7|7|4|7|7|7|7|7|7|7
7370,1,False,1,0,1,1|1|1|1|1|1|1|1|1|1
7388,1,False,1,1,1,1|1|1|1|1|1|0|1|1|1
7393,1,False,1,9,4,4|4|4|4|1|4|4|4|5|4
7402,1,False,1,10,3,3|3|3|3|3|3|3|3|3|3
7434,1,False,1,2,1,2|1|1|1|1|1|1|3|1|1
7436,1,False,1,0,1,1|1|1|1|1|1|1|1|1|1
7439,1,False,1,0,1,1|1|1|1|1|1|1|1|1|1
7444,1,False,1,1,1,1|1|1|5|1|1|1|1|1|1
7449,1,False,1,0,1,1|1|1|1|1|1|1|1|1|1
7462,1,False,1,4,1,2|1|1|3|1|1|1|2|2|1
7477,1,False,1,7,3,3|3|3|1|3|1|3|3|2|1
7479,1,False,1,0,1,1|1|1|1|1|1|1|1|1|1
7480,1,False,1,8,3,3|3|1|3|3|1|3|2|3|3
7503,1,False,1,0,1,1|1|1|1|1|1|1|1|1|1
7505,1,False,1,1,1,1|1|5|1|1|1|1|1|1|1
7530,1,False,1,2,1,1|1|0|1|1|1|0|1|1|1
7532,1,False,1,10,2,2|2|0|2|2|2|2|0|0|2
7543,1,False,1,10,0,0|0|0|0|0|0|0|0|0|0
7545,1,False,1,8,0,0|4|1|0|4|0|0|1|0|0
7567,1,False,1,4,1,3|1|1|1|3|1|1|3|3|1
7576,1,False,1,3,1,1|1|0|2|1|1|0|1|1|1
7590,1,False,1,0,1,1|1|1|1|1|1|1|1|1|1
7605,1,False,1,8,3,1|1|3|3|0|3|3|3|2|0
7609,1,False,1,0,1,1|1|1|1|1|1|1|1|1|1
7618,1,False,1,0,1,1|1|1|1|1|1|1|1|1|1
7628,1,False,1,4,1,1|0|0|1|1|0|2|1|1|1
7632,1,False,1,0,1,1|1|1|1|1|1|1|1|1|1
7670,1,False,1,0,1,1|1|1|1|1|1|1|1|1|1
7674,1,False,1,0,1,1|1|1|1|1|1|1|1|1|1
7697,1,False,1,0,1,1|1|1|1|1|1|1|1|1|1
7718,1,False,1,7,3,3|1|1|3|0|1|3|2|3|2
7727,1,False,1,0,1,1|1|1|1|1|1|1|1|1|1
7735,1,False,1,0,1,1|1|1|1|1|1|1|1|1|1
7739,1,False,1,0,1,1|1|1|1|1|1|1|1|1|1
7759,1,False,1,10,7,7|7|7|7|7|7|7|7|7|7
7763,1,False,1,0,1,1|1|1|1|1|1|1|1|1|1
7776,1,False,1,10,3,3|2|0|3|0|8|0|3|3|3
7787,1,False,1,0,1,1|1|1|1|1|1|1|1|1|1
7800,1,False,1,0,1,1|1|1|1|1|1|1|1|1|1
7803,1,False,1,1,1,1|1|1|1|1|1|1|4|1|1
7804,1,False,1,0,1,1|1|1|1|1|1|1|1|1|1
7816,1,False,1,0,1,1|1|1|1|1|1|1|1|1|1
7837,1,False,1,0,1,1|1|1|1|1|1|1|1|1|1
7840,1,False,1,4,1,4|1|4|1|1|4|4|1|1|1
7846,1,False,1,0,1,1|1|1|1|1|1|1|1|1|1
7855,1,False,1,0,1,1|1|1|1|1|1|1|1|1|1
7865,1,False,1,8,3,3|1|7|2|3|1|3|3|3|7
7887,1,False,1,0,1,1|1|1|1|1|1|1|1|1|1
7889,1,False,1,0,1,1|1|1|1|1|1|1|1|1|1
7930,1,False,1,0,1,1|1|1|1|1|1|1|1|1|1
7940,1,False,1,0,1,1|1|1|1|1|1|1|1|1|1
7974,1,False,1,0,1,1|1|1|1|1|1|1|1|1|1
7975,1,False,1,0,1,1|1|1|1|1|1|1|1|1|1
7980,1,False,1,10,3,3|3|3|3|3|3|3|3|3|3
7983,1,False,1,0,1,1|1|1|1|1|1|1|1|1|1
8004,1,False,1,0,1,1|1|1|1|1|1|1|1|1|1
8039,1,False,1,0,1,1|1|1|1|1|1|1|1|1|1
8041,1,False,1,1,1,1|1|1|1|1|1|1|3|1|1
8044,1,False,1,0,1,1|1|1|1|1|1|1|1|1|1
8049,1,False,1,0,1,1|1|1|1|1|1|1|1|1|1
8054,1,False,1,10,0,5|5|4|0|0|5|0|0|5|0
8066,1,False,1,0,1,1|1|1|1|1|1|1|1|1|1
8088,1,False,1,2,1,1|2|1|1|1|1|1|1|2|1
8090,1,False,1,0,1,1|1|1|1|1|1|1|1|1|1
8093,1,False,1,0,1,1|1|1|1|1|1|1|1|1|1
8099,1,False,1,0,1,1|1|1|1|1|1|1|1|1|1
8106,1,False,1,1,1,1|1|1|1|1|1|3|1|1|1
8126,1,False,1,9,3,3|3|3|1|3|2|3|3|3|3
8127,1,False,1,0,1,1|1|1|1|1|1|1|1|1|1
8130,1,False,1,10,9,9|9|9|5|6|4|9|9|8|8
8131,1,False,1,1,1,3|1|1|1|1|1|1|1|1|1
8132,1,False,1,1,1,1|1|1|0|1|1|1|1|1|1
8136,1,False,1,0,1,1|1|1|1|1|1|1|1|1|1
8137,1,False,1,10,5,5|5|5|5|5|5|5|5|5|5
8147,1,False,1,0,1,1|1|1|1|1|1|1|1|1|1
8149,1,False,1,0,1,1|1|1|1|1|1|1|1|1|1
8153,1,False,1,9,2,2|2|2|3|3|2|3|1|2|3
8154,1,False,1,2,1,1|1|1|1|5|1|1|5|1|1
8156,1,False,1,0,1,1|1|1|1|1|1|1|1|1|1
8157,1,False,1,0,1,1|1|1|1|1|1|1|1|1|1
8174,1,False,1,0,1,1|1|1|1|1|1|1|1|1|1
8189,1,False,1,1,1,1|1|1|1|1|1|1|5|1|1
8190,1,False,1,0,1,1|1|1|1|1|1|1|1|1|1
8206,1,False,1,8,0,0|0|0|1|0|1|0|0|0|0
8219,1,False,1,0,1,1|1|1|1|1|1|1|1|1|1
8228,1,False,1,0,1,1|1|1|1|1|1|1|1|1|1
8232,1,False,1,9,3,3|3|2|2|3|3|3|1|3|3
8249,1,False,1,9,0,0|0|0|0|0|0|1|0|0|0
8259,1,False,1,5,1,3|1|1|3|1|1|1|3|3|4
8295,1,False,1,0,1,1|1|1|1|1|1|1|1|1|1
8313,1,False,1,10,0,0|0|0|0|0|0|0|0|0|0
8332,1,False,1,0,1,1|1|1|1|1|1|1|1|1|1
8337,1,False,1,0,1,1|1|1|1|1|1|1|1|1|1
8342,1,False,1,0,1,1|1|1|1|1|1|1|1|1|1
8371,1,False,1,10,0,0|0|0|8|0|8|8|0|0|8
8383,1,False,1,1,1,1|1|1|1|1|1|1|2|1|1
8389,1,False,1,1,1,1|1|1|1|1|1|1|0|1|1
8392,1,False,1,10,2,2|2|2|2|0|2|2|2|0|4
8414,1,False,1,10,5,5|5|5|4|5|5|4|4|5|4
8415,1,False,1,0,1,1|1|1|1|1|1|1|1|1|1
8431,1,False,1,0,1,1|1|1|1|1|1|1|1|1|1
8446,1,False,1,0,1,1|1|1|1|1|1|1|1|1|1
8448,1,False,1,0,1,1|1|1|1|1|1|1|1|1|1
8449,1,False,1,10,3,3|3|3|3|3|3|3|3|2|3
8463,1,False,1,4,1,1|0|1|1|1|1|1|0|0|0
8479,1,False,1,10,2,2|2|3|2|2|2|2|2|2|4
8480,1,False,1,0,1,1|1|1|1|1|1|1|1|1|1
8483,1,False,1,1,1,1|1|1|1|1|5|1|1|1|1
8495,1,False,1,0,1,1|1|1|1|1|1|1|1|1|1
8506,1,False,1,9,0,0|0|0|0|0|1|0|0|0|0
8518,1,False,1,0,1,1|1|1|1|1|1|1|1|1|1
8528,1,False,1,1,1,1|1|1|1|1|1|0|1|1|1
8539,1,False,1,0,1,1|1|1|1|1|1|1|1|1|1
8551,1,False,1,1,1,1|1|1|1|1|1|0|1|1|1
8554,1,False,1,10,3,3|3|3|3|3|2|3|3|3|3
8560,1,False,1,10,0,3|0|0|0|0|0|0|3|2|3
8565,1,False,1,1,1,1|2|1|1|1|1|1|1|1|1
8570,1,False,1,4,1,1|1|0|0|1|0|0|1|1|1
8576,1,False,1,0,1,1|1|1|1|1|1|1|1|1|1
8580,1,False,1,7,4,1|4|4|1|4|4|4|1|3|4
8590,1,False,1,0,1,1|1|1|1|1|1|1|1|1|1
8602,1,False,1,0,1,1|1|1|1|1|1|1|1|1|1
8606,1,False,1,0,1,1|1|1|1|1|1|1|1|1|1
8620,1,False,1,0,1,1|1|1|1|1|1|1|1|1|1
8626,1,False,1,0,1,1|1|1|1|1|1|1|1|1|1
8627,1,False,1,0,1,1|1|1|1|1|1|1|1|1|1
8632,1,False,1,3,1,1|1|0|1|0|1|0|1|1|1
8635,1,False,1,0,1,1|1|1|1|1|1|1|1|1|1
8637,1,False,1,0,1,1|1|1|1|1|1|1|1|1|1
8638,1,False,1,8,2,2|4|3|2|2|2|2|1|2|1
8654,1,False,1,10,0,0|0|0|0|0|0|0|0|0|0
8659,1,False,1,10,2,2|2|2|2|2|2|2|2|2|2
8662,1,False,1,7,5,5|5|5|1|5|1|1|5|5|5
8663,1,False,1,0,1,1|1|1|1|1|1|1|1|1|1
8669,1,False,1,0,1,1|1|1|1|1|1|1|1|1|1
8674,1,False,1,0,1,1|1|1|1|1|1|1|1|1|1
8675,1,False,1,0,1,1|1|1|1|1|1|1|1|1|1
8682,1,False,1,0,1,1|1|1|1|1|1|1|1|1|1
8687,1,False,1,7,3,3|2|1|1|3|1|3|3|2|3
8702,1,False,1,0,1,1|1|1|1|1|1|1|1|1|1
8705,1,False,1,0,1,1|1|1|1|1|1|1|1|1|1
8725,1,False,1,10,3,3|3|2|3|3|3|3|3|3|2
8732,1,False,1,0,1,1|1|1|1|1|1|1|1|1|1
8741,1,False,1,10,5,3|3|5|5|5|5|5|3|5|5
8761,1,False,1,10,2,2|2|2|2|2|2|2|2|2|2
8762,1,False,1,4,1,1|1|0|0|0|1|4|1|1|1
8766,1,False,1,0,1,1|1|1|1|1|1|1|1|1|1
8774,1,False,1,1,1,1|1|1|1|1|5|1|1|1|1
8783,1,False,1,0,1,1|1|1|1|1|1|1|1|1|1
8786,1,False,1,0,1,1|1|1|1|1|1|1|1|1|1
8821,1,False,1,0,1,1|1|1|1|1|1|1|1|1|1
8824,1,False,1,10,0,0|0|0|0|0|0|0|0|3|0
8844,1,False,1,3,1,1|1|1|1|1|0|0|1|0|1
8866,1,False,1,2,1,1|1|1|1|1|7|0|1|1|1
8883,1,False,1,3,1,1|1|1|1|1|1|0|0|0|1
8888,1,False,1,3,1,1|1|1|1|1|1|1|3|2|3
8901,1,False,1,5,1,1|5|1|1|4|5|5|5|1|1
8902,1,False,1,4,1,1|1|0|0|1|0|0|1|1|1
8906,1,False,1,0,1,1|1|1|1|1|1|1|1|1|1
8913,1,False,1,0,1,1|1|1|1|1|1|1|1|1|1
8928,1,False,1,0,1,1|1|1|1|1|1|1|1|1|1
8947,1,False,1,0,1,1|1|1|1|1|1|1|1|1|1
8958,1,False,1,10,0,0|0|0|3|2|0|0|0|0|0
8969,1,False,1,6,0,1|0|0|0|1|1|0|1|0|0
8977,1,False,1,10,0,8|8|0|7|0|0|0|0|0|0
9002,1,False,1,0,1,1|1|1|1|1|1|1|1|1|1
9006,1,False,1,6,4,4|4|1|1|1|1|4|4|4|4
9020,1,False,1,0,1,1|1|1|1|1|1|1|1|1|1
9023,1,False,1,0,1,1|1|1|1|1|1|1|1|1|1
9038,1,False,1,1,1,1|1|1|1|1|3|1|1|1|1
9041,1,False,1,10,5,5|5|5|0|5|5|5|5|5|5
9047,1,False,1,10,0,0|8|9|8|0|0|0|8|0|0
9064,1,False,1,0,1,1|1|1|1|1|1|1|1|1|1
9072,1,False,1,2,1,1|1|1|1|1|1|1|0|6|1
9087,1,False,1,9,0,1|0|0|0|0|0|0|0|0|0
9096,1,False,1,0,1,1|1|1|1|1|1|1|1|1|1
9101,1,False,1,9,9,1|9|9|9|3|9|3|3|3|9
9116,1,False,1,0,1,1|1|1|1|1|1|1|1|1|1
9126,1,False,1,0,1,1|1|1|1|1|1|1|1|1|1
9155,1,False,1,6,0,1|0|0|0|0|0|0|1|1|1
9166,1,False,1,1,1,2|1|1|1|1|1|1|1|1|1
9173,1,False,1,3,1,1|5|5|1|5|1|1|1|1|1
9180,1,False,1,1,1,1|1|1|0|1|1|1|1|1|1
9204,1,False,1,1,1,1|1|1|1|1|1|1|0|1|1
9207,1,False,1,10,4,4|4|4|4|4|4|4|4|4|4
9220,1,False,1,0,1,1|1|1|1|1|1|1|1|1|1
9225,1,False,1,3,1,1|1|1|1|3|1|1|0|2|1
9234,1,False,1,1,1,1|1|5|1|1|1|1|1|1|1
9244,1,False,1,10,3,3|3|3|3|3|3|3|3|3|3
9257,1,False,1,0,1,1|1|1|1|1|1|1|1|1|1
9258,1,False,1,2,1,1|5|1|1|1|1|1|1|5|1
9268,1,False,1,0,1,1|1|1|1|1|1|1|1|1|1
9281,1,False,1,0,1,1|1|1|1|1|1|1|1|1|1
9286,1,False,1,10,8,8|8|8|8|8|0|2|8|0|8
9302,1,False,1,2,1,1|1|1|1|3|1|3|1|1|1
9306,1,False,1,0,1,1|1|1|1|1|1|1|1|1|1
9311,1,False,1,4,1,0|0|0|1|1|1|3|1|1|1
9315,1,False,1,6,3,1|1|3|3|1|3|3|3|1|3
9325,1,False,1,0,1,1|1|1|1|1|1|1|1|1|1
9359,1,False,1,0,1,1|1|1|1|1|1|1|1|1|1
9368,1,False,1,1,1,1|1|1|1|1|1|1|2|1|1
9370,1,False,1,0,1,1|1|1|1|1|1|1|1|1|1
9372,1,False,1,3,1,1|1|0|0|1|0|1|1|1|1
9384,1,False,1,0,1,1|1|1|1|1|1|1|1|1|1
9395,1,False,1,1,1,1|1|1|0|1|1|1|1|1|1
9411,1,False,1,1,1,3|1|1|1|1|1|1|1|1|1
9416,1,False,1,0,1,1|1|1|1|1|1|1|1|1|1
9465,1,False,1,2,1,1|1|1|1|1|0|1|1|1|0
9468,1,False,1,0,1,1|1|1|1|1|1|1|1|1|1
9472,1,False,1,0,1,1|1|1|1|1|1|1|1|1|1
9477,1,False,1,0,1,1|1|1|1|1|1|1|1|1|1
9487,1,False,1,0,1,1|1|1|1|1|1|1|1|1|1
9490,1,False,1,4,1,1|1|3|0|1|0|1|1|1|3
9502,1,False,1,2,1,1|1|1|0|1|1|1|0|1|1
9504,1,False,1,0,1,1|1|1|1|1|1|1|1|1|1
9512,1,False,1,0,1,1|1|1|1|1|1|1|1|1|1
9514,1,False,1,9,2,0|0|2|3|3|2|1|2|2|2
9516,1,False,1,0,1,1|1|1|1|1|1|1|1|1|1
9546,1,False,1,0,1,1|1|1|1|1|1|1|1|1|1
9552,1,False,1,5,-1,1|1|0|0|0|0|0|1|1|1
9555,1,False,1,1,1,1|1|1|4|1|1|1|1|1|1
9556,1,False,1,10,5,5|5|5|5|5|5|5|5|5|5
9558,1,False,1,0,1,1|1|1|1|1|1|1|1|1|1
9580,1,False,1,10,4,4|4|4|4|4|4|5|5|4|4
9601,1,False,1,0,1,1|1|1|1|1|1|1|1|1|1
9621,1,False,1,0,1,1|1|1|1|1|1|1|1|1|1
9626,1,False,1,0,1,1|1|1|1|1|1|1|1|1|1
9632,1,False,1,0,1,1|1|1|1|1|1|1|1|1|1
9637,1,False,1,0,1,1|1|1|1|1|1|1|1|1|1
9638,1,False,1,0,1,1|1|1|1|1|1|1|1|1|1
9647,1,False,1,0,1,1|1|1|1|1|1|1|1|1|1
9654,1,False,1,0,1,1|1|1|1|1|1|1|1|1|1
9666,1,False,1,0,1,1|1|1|1|1|1|1|1|1|1
9668,1,False,1,0,1,1|1|1|1|1|1|1|1|1|1
9669,1,False,1,0,1,1|1|1|1|1|1|1|1|1|1
9696,1,False,1,7,5,5|5|5|1|1|5|5|1|5|5
9716,1,False,1,8,0,0|0|2|0|1|0|0|0|1|0
9727,1,False,1,10,5,5|5|3|2|5|3|2|5|3|5
9730,1,False,1,0,1,1|1|1|1|1|1|1|1|1|1
9732,1,False,1,0,1,1|1|1|1|1|1|1|1|1|1
9747,1,False,1,0,1,1|1|1|1|1|1|1|1|1|1
9757,1,False,1,8,3,3|3|1|1|3|3|3|3|3|3
9759,1,False,1,0,1,1|1|1|1|1|1|1|1|1|1
9768,1,False,1,10,3,3|3|3|3|3|2|3|3|3|3
9770,1,False,1,2,1,1|3|1|1|1|1|1|3|1|1
9771,1,False,1,10,2,2|2|2|2|2|2|2|2|2|2
9786,1,False,1,1,1,1|1|1|0|1|1|1|1|1|1
9791,1,False,1,4,1,1|1|2|2|1|2|1|1|3|1
9813,1,False,1,1,1,1|1|1|1|1|1|1|3|1|1
9823,1,False,1,0,1,1|1|1|1|1|1|1|1|1|1
9832,1,False,1,0,1,1|1|1|1|1|1|1|1|1|1
9839,1,False,1,10,0,3|0|0|0|3|3|0|0|0|0
9842,1,False,1,9,9,9|9|9|9|9|1|9|9|9|9
9850,1,False,1,0,1,1|1|1|1|1|1|1|1|1|1
9851,1,False,1,0,1,1|1|1|1|1|1|1|1|1|1
9856,1,False,1,2,1,1|1|1|5|1|4|1|1|1|1
9860,1,False,1,4,1,4|1|1|4|1|1|4|4|1|1
9877,1,False,1,10,0,0|0|3|0|0|3|0|3|0|0
9879,1,False,1,0,1,1|1|1|1|1|1|1|1|1|1
9886,1,False,1,0,1,1|1|1|1|1|1|1|1|1|1
9889,1,False,1,10,0,6|0|0|0|0|0|0|6|0|6
9903,1,False,1,9,0,0|0|0|0|0|1|0|0|0|0
9911,1,False,1,5,-1,1|3|1|1|3|3|1|3|1|3
9915,1,False,1,7,0,1|0|0|0|0|0|1|0|1|0
9916,1,False,1,1,1,1|1|1|1|1|1|1|0|1|1
9917,1,False,1,0,1,1|1|1|1|1|1|1|1|1|1
9920,1,False,1,0,1,1|1|1|1|1|1|1|1|1|1
9923,1,False,1,1,1,1|1|1|1|1|1|1|2|1|1
9935,1,False,1,0,1,1|1|1|1|1|1|1|1|1|1
9943,1,False,1,0,1,1|1|1|1|1|1|1|1|1|1
9957,1,False,1,0,1,1|1|1|1|1|1|1|1|1|1
9964,1,False,1,0,1,1|1|1|1|1|1|1|1|1|1
9968,1,False,1,2,1,1|1|1|3|1|1|0|1|1|1
9972,1,False,1,3,1,1|1|1|0|1|0|1|1|1|0
9992,1,False,1,0,1,1|1|1|1|1|1|1|1|1|1
9995,1,False,1,0,1,1|1|1|1|1|1|1|1|1|1
9997,1,False,1,0,1,1|1|1|1|1|1|1|1|1|1
10000,1,False,1,0,1,1|1|1|1|1|1|1|1|1|1
10020,1,False,1,0,1,1|1|1|1|1|1|1|1|1|1
10023,1,False,1,0,1,1|1|1|1|1|1|1|1|1|1
10030,1,False,1,5,1,1|1|1|0|1|5|1|5|5|5
10054,1,False,1,0,1,1|1|1|1|1|1|1|1|1|1
10059,1,False,1,0,1,1|1|1|1|1|1|1|1|1|1
10069,1,False,1,0,1,1|1|1|1|1|1|1|1|1|1
10071,1,False,1,2,1,1|1|1|2|1|0|1|1|1|1
10080,2,False,2,2,2,2|2|1|2|2|2|1|2|2|2
10084,2,False,2,1,2,2|2|2|1|2|2|2|2|2|2
10092,2,False,2,0,2,2|2|2|2|2|2|2|2|2|2
10095,2,False,2,4,2,2|2|2|2|2|3|2|3|3|3
10098,2,False,2,6,3,3|2|3|2|2|2|3|3|3|3
10102,2,False,2,10,0,0|0|0|0|0|0|0|0|0|0
10129,2,False,2,0,2,2|2|2|2|2|2|2|2|2|2
10137,2,False,2,0,2,2|2|2|2|2|2|2|2|2|2
10150,2,False,2,7,3,3|3|2|2|2|3|3|3|3|3
10153,2,False,2,0,2,2|2|2|2|2|2|2|2|2|2
10168,2,False,2,1,2,2|2|3|2|2|2|2|2|2|2
10171,2,False,2,3,2,2|2|0|3|2|2|2|3|2|2
10180,2,False,2,6,3,3|3|2|2|3|2|3|2|3|3
10197,2,False,2,0,2,2|2|2|2|2|2|2|2|2|2
10198,2,False,2,1,2,2|2|2|2|3|2|2|2|2|2
10211,2,False,2,0,2,2|2|2|2|2|2|2|2|2|2
10221,2,False,2,0,2,2|2|2|2|2|2|2|2|2|2
10232,2,False,2,0,2,2|2|2|2|2|2|2|2|2|2
10241,2,False,2,7,3,2|3|3|2|3|3|3|3|3|2
10279,2,False,2,5,2,2|1|2|2|2|2|3|3|1|1
10284,2,False,2,1,2,2|3|2|2|2|2|2|2|2|2
10299,2,False,2,1,2,2|2|2|3|2|2|2|2|2|2
10302,2,False,2,1,2,2|2|2|2|2|3|2|2|2|2
10304,2,False,2,0,2,2|2|2|2|2|2|2|2|2|2
10306,2,False,2,1,2,2|2|2|2|3|2|2|2|2|2
10312,2,False,2,10,4,5|4|4|4|4|4|4|5|5|5
10313,2,False,2,7,3,3|2|5|4|3|2|2|3|3|3
10314,2,False,2,3,2,0|2|3|2|2|2|3|2|2|2
10316,2,False,2,10,8,8|8|8|8|8|8|8|8|8|8
10321,2,False,2,9,6,6|6|4|3|0|2|6|6|6|6
10325,2,False,2,0,2,2|2|2|2|2|2|2|2|2|2
10329,2,False,2,9,3,3|3|3|2|3|3|3|3|3|3
10338,2,False,2,2,2,0|2|2|2|2|2|2|0|2|2
10354,2,False,2,3,2,3|1|2|2|2|2|2|3|2|2
10360,2,False,2,10,3,3|3|3|3|3|3|3|3|3|3
10372,2,False,2,7,3,3|3|1|2|3|2|3|2|3|3
10386,2,False,2,6,3,3|2|3|2|2|1|3|2|3|3
10391,2,False,2,0,2,2|2|2|2|2|2|2|2|2|2
10393,2,False,2,9,3,3|2|3|3|3|3|3|3|3|3
10413,2,False,2,0,2,2|2|2|2|2|2|2|2|2|2
10430,2,False,2,2,2,2|2|2|2|2|2|2|2|0|1
10435,2,False,2,8,3,3|3|3|2|3|2|3|3|3|3
10454,2,False,2,10,3,3|6|0|3|6|3|3|3|6|3
10457,2,False,2,2,2,2|2|2|2|2|3|2|3|2|2
10468,2,False,2,2,2,2|2|1|2|2|3|2|2|2|2
10486,2,False,2,5,2,2|2|3|3|2|2|3|2|3|1
10514,2,False,2,9,7,3|7|9|7|7|0|0|2|9|7
10516,2,False,2,5,-1,2|2|2|3|3|3|3|3|2|2
10524,2,False,2,0,2,2|2|2|2|2|2|2|2|2|2
10533,2,False,2,1,2,2|2|2|3|2|2|2|2|2|2
10535,2,False,2,3,2,2|1|1|2|2|0|2|2|2|2
10551,2,False,2,10,3,3|3|3|3|3|3|3|3|3|3
10553,2,False,2,1,2,2|2|2|2|2|2|2|2|3|2
10557,2,False,2,1,2,2|2|2|2|2|2|2|2|0|2
10560,2,False,2,0,2,2|2|2|2|2|2|2|2|2|2
10568,2,False,2,0,2,2|2|2|2|2|2|2|2|2|2
10573,2,False,2,9,3,3|3|3|3|3|3|2|3|3|3
10574,2,False,2,0,2,2|2|2|2|2|2|2|2|2|2
10578,2,False,2,10,-1,0|9|9|9|0|0|0|9|9|0
10590,2,False,2,0,2,2|2|2|2|2|2|2|2|2|2
10607,2,False,2,0,2,2|2|2|2|2|2|2|2|2|2
10610,2,False,2,0,2,2|2|2|2|2|2|2|2|2|2
10648,2,False,2,9,3,3|5|3|2|5|3|3|3|3|4
10661,2,False,2,10,3,3|3|3|3|3|3|3|3|3|3
10676,2,False,2,6,3,3|2|2|3|3|2|3|3|3|2
10685,2,False,2,10,3,3|3|3|3|3|3|3|3|3|3
10691,2,False,2,8,3,2|2|3|3|3|3|3|3|3|3
10692,2,False,2,3,2,2|2|3|3|2|3|2|2|2|2
10693,2,False,2,0,2,2|2|2|2|2|2|2|2|2|2
10695,2,False,2,0,2,2|2|2|2|2|2|2|2|2|2
10719,2,False,2,0,2,2|2|2|2|2|2|2|2|2|2
10720,2,False,2,4,2,5|5|2|3|2|2|2|2|2|6
10751,2,False,2,6,2,1|4|2|2|3|3|2|1|4|2
10762,2,False,2,10,1,1|1|3|1|1|3|1|1|1|1
10780,2,False,2,10,4,4|1|5|5|4|4|5|4|4|4
10781,2,False,2,2,2,2|0|2|1|2|2|2|2|2|2
10787,2,False,2,2,2,2|2|3|2|2|3|2|2|2|2
10791,2,False,2,10,3,3|3|3|3|3|4|5|3|3|3
10805,2,False,2,0,2,2|2|2|2|2|2|2|2|2|2
10808,2,False,2,10,5,5|5|5|3|5|5|5|5|5|5
10830,2,False,2,10,0,0|0|0|0|0|0|0|0|0|0
10843,2,False,2,0,2,2|2|2|2|2|2|2|2|2|2
10855,2,False,2,9,3,3|3|3|3|3|3|2|3|3|3
10857,2,False,2,6,3,3|2|3|3|3|3|2|2|2|3
10861,2,False,2,0,2,2|2|2|2|2|2|2|2|2|2
10897,2,False,2,0,2,2|2|2|2|2|2|2|2|2|2
10899,2,False,2,1,2,2|2|3|2|2|2|2|2|2|2
10907,2,False,2,5,-1,3|3|3|2|3|2|2|2|2|3
10908,2,False,2,5,-1,2|2|3|3|2|3|2|2|3|3
10925,2,False,2,2,2,1|2|2|2|2|2|1|2|2|2
10935,2,False,2,0,2,2|2|2|2|2|2|2|2|2|2
10942,2,False,2,0,2,2|2|2|2|2|2|2|2|2|2
10945,2,False,2,3,2,2|2|2|2|2|2|3|2|3|3
10948,2,False,2,6,2,2|2|2|1|3|3|1|3|1|2
10951,2,False,2,0,2,2|2|2|2|2|2|2|2|2|2
10962,2,False,2,9,1,1|0|1|2|1|1|0|0|1|1
10974,2,False,2,6,-1,2|2|3|5|5|2|5|3|5|2
10975,2,False,2,2,2,2|5|2|2|2|2|3|2|2|2
10977,2,False,2,1,2,2|2|2|2|3|2|2|2|2|2
10983,2,False,2,9,3,3|3|3|3|3|2|3|3|3|3
10985,2,False,2,0,2,2|2|2|2|2|2|2|2|2|2
10987,2,False,2,8,3,3|3|2|3|2|3|3|3|3|3
10992,2,False,2,2,2,2|2|2|2|1|2|1|2|2|2
11009,2,False,2,0,2,2|2|2|2|2|2|2|2|2|2
11014,2,False,2,4,2,9|9|2|2|2|2|2|9|2|9
11023,2,False,2,1,2,2|2|2|2|3|2|2|2|2|2
11026,2,False,2,10,1,1|3|1|9|3|4|1|3|1|1
11029,2,False,2,7,3,3|2|1|2|3|3|1|1|2|3
11036,2,False,2,0,2,2|2|2|2|2|2|2|2|2|2
11054,2,False,2,0,2,2|2|2|2|2|2|2|2|2|2
11062,2,False,2,10,1,0|1|1|1|1|1|1|1|5|1
11069,2,False,2,0,2,2|2|2|2|2|2|2|2|2|2
11080,2,False,2,0,2,2|2|2|2|2|2|2|2|2|2
11097,2,False,2,0,2,2|2|2|2|2|2|2|2|2|2
11108,2,False,2,0,2,2|2|2|2|2|2|2|2|2|2
11109,2,False,2,4,2,2|3|2|2|3|2|3|3|2|2
11115,2,False,2,8,3,3|3|2|3|3|5|3|2|3|3
11116,2,False,2,0,2,2|2|2|2|2|2|2|2|2|2
11124,2,False,2,0,2,2|2|2|2|2|2|2|2|2|2
11133,2,False,2,0,2,2|2|2|2|2|2|2|2|2|2
11159,2,False,2,0,2,2|2|2|2|2|2|2|2|2|2
11187,2,False,2,10,8,8|8|8|8|3|8|3|8|8|8
11206,2,False,2,10,3,3|3|3|3|3|3|3|3|3|3
11208,2,False,2,6,3,3|2|3|2|3|2|3|3|3|2
11212,2,False,2,10,4,4|5|5|4|4|4|4|4|4|4
11215,2,False,2,10,0,0|0|0|8|0|8|0|0|0|0
11221,2,False,2,7,5,2|2|5|2|5|5|5|0|5|5
11226,2,False,2,1,2,2|2|2|2|2|2|3|2|2|2
11230,2,False,2,2,2,2|3|2|2|2|2|2|2|2|3
11247,2,False,2,0,2,2|2|2|2|2|2|2|2|2|2
11276,2,False,2,0,2,2|2|2|2|2|2|2|2|2|2
11278,2,False,2,4,2,5|2|3|2|2|3|3|2|2|2
11294,2,False,2,5,2,3|2|2|0|2|2|2|3|3|6
11308,2,False,2,0,2,2|2|2|2|2|2|2|2|2|2
11322,2,False,2,6,3,3|2|3|3|2|3|3|2|3|2
11324,2,False,2,1,2,2|2|2|2|2|3|2|2|2|2
11328,2,False,2,5,2,1|2|1|2|3|0|1|2|2|2
11330,2,False,2,1,2,2|2|2|2|2|2|0|2|2|2
11342,2,False,2,0,2,2|2|2|2|2|2|2|2|2|2
11349,2,False,2,10,3,3|3|3|3|3|3|3|3|3|3
11355,2,False,2,0,2,2|2|2|2|2|2|2|2|2|2
11358,2,False,2,0,2,2|2|2|2|2|2|2|2|2|2
11373,2,False,2,10,3,3|3|3|3|3|3|3|3|3|3
11385,2,False,2,7,3,1|3|3|2|1|3|2|3|3|2
11388,2,False,2,2,2,3|2|2|2|2|2|2|2|2|3
11409,2,False,2,10,4,4|4|4|4|4|4|4|4|4|4
11426,2,False,2,2,2,2|6|2|2|2|6|2|2|2|2
11431,2,False,2,0,2,2|2|2|2|2|2|2|2|2|2
11441,2,False,2,1,2,3|2|2|2|2|2|2|2|2|2
11469,2,False,2,0,2,2|2|2|2|2|2|2|2|2|2
11471,2,False,2,8,1,1|1|2|2|1|1|3|0|0|1
11472,2,False,2,0,2,2|2|2|2|2|2|2|2|2|2
11475,2,False,2,9,3,3|2|3|3|3|3|3|3|3|3
11484,2,False,2,1,2,2|2|2|0|2|2|2|2|2|2
11487,2,False,2,1,2,2|2|2|2|3|2|2|2|2|2
11491,2,False,2,0,2,2|2|2|2|2|2|2|2|2|2
11496,2,False,2,1,2,2|2|2|2|2|2|2|0|2|2
11518,2,False,2,10,3,3|3|3|3|3|3|3|3|3|3
11552,2,False,2,1,2,4|2|2|2|2|2|2|2|2|2
11560,2,False,2,5,-1,3|2|3|3|2|3|3|2|2|2
11566,2,False,2,1,2,3|2|2|2|2|2|2|2|2|2
11579,2,False,2,7,3,3|2|3|3|2|3|3|2|3|3
11580,2,False,2,7,3,3|3|2|2|3|2|3|3|3|3
11581,2,False,2,1,2,2|2|2|2|1|2|2|2|2|2
11582,2,False,2,0,2,2|2|2|2|2|2|2|2|2|2
11609,2,False,2,8,3,3|5|3|3|3|2|3|3|2|3
11629,2,False,2,10,0,8|0|1|0|0|0|0|8|0|8
11637,2,False,2,7,3,3|3|2|3|3|2|2|3|3|3
11649,2,False,2,4,2,2|2|3|2|2|2|2|3|3|3
11682,2,False,2,10,8,0|8|0|1|8|8|9|8|8|8
11695,2,False,2,7,3,3|2|3|2|2|3|3|3|3|3
11707,2,False,2,0,2,2|2|2|2|2|2|2|2|2|2
11712,2,False,2,2,2,2|2|2|3|2|1|2|2|2|2
11720,2,False,2,6,2,2|8|8|2|2|3|9|2|3|8
11730,2,False,2,0,2,2|2|2|2|2|2|2|2|2|2
11733,2,False,2,6,2,1|4|2|0|0|2|3|0|2|2
11739,2,False,2,10,5,3|5|5|3|5|5|5|5|5|5
11748,2,False,2,10,3,3|3|3|3|3|3|3|3|3|3
11749,2,False,2,4,2,2|6|7|2|2|2|3|2|2|6
11760,2,False,2,8,3,3|3|3|3|3|2|3|3|2|3
11764,2,False,2,6,-1,3|2|7|3|7|2|3|2|3|2
11768,2,False,2,0,2,2|2|2|2|2|2|2|2|2|2
11773,2,False,2,3,2,3|2|2|2|3|2|2|2|2|3
11785,2,False,2,0,2,2|2|2|2|2|2|2|2|2|2
11793,2,False,2,10,3,3|3|3|3|3|3|3|3|3|3
11798,2,False,2,10,3,3|3|3|3|3|3|3|3|3|3
11822,2,False,2,5,-1,2|2|3|3|2|3|3|2|3|2
11827,2,False,2,5,2,2|2|2|0|2|2|3|0|0|0
11897,2,False,2,2,2,2|2|2|2|2|4|4|2|2|2
11909,2,False,2,0,2,2|2|2|2|2|2|2|2|2|2
11918,2,False,2,0,2,2|2|2|2|2|2|2|2|2|2
11927,2,False,2,0,2,2|2|2|2|2|2|2|2|2|2
11930,2,False,2,0,2,2|2|2|2|2|2|2|2|2|2
11945,2,False,2,6,2,3|2|1|1|3|2|2|1|3|2
11946,2,False,2,4,2,3|2|2|2|3|2|3|2|2|3
11947,2,False,2,6,2,2|0|8|8|2|8|2|9|0|2
11953,2,False,2,2,2,2|2|3|2|2|2|2|2|3|2
11989,2,False,2,0,2,2|2|2|2|2|2|2|2|2|2
11997,2,False,2,0,2,2|2|2|2|2|2|2|2|2|2
12008,2,False,2,3,2,2|2|2|3|2|3|3|2|2|2
12029,2,False,2,10,3,3|3|3|3|3|3|3|3|3|3
12057,2,False,2,8,3,3|3|1|2|3|2|3|3|3|3
12077,2,False,2,9,3,3|3|2|3|3|3|3|3|3|3
12091,2,False,2,10,3,3|5|3|5|3|3|3|3|4|3
12095,2,False,2,0,2,2|2|2|2|2|2|2|2|2|2
12112,2,False,2,9,3,3|3|2|3|3|3|3|3|3|3
12114,2,False,2,0,2,2|2|2|2|2|2|2|2|2|2
12117,2,False,2,9,3,1|1|1|2|3|1|3|3|3|3
12133,2,False,2,10,3,3|3|3|3|3|3|3|3|3|3
12137,2,False,2,0,2,2|2|2|2|2|2|2|2|2|2
12141,2,False,2,2,2,2|2|2|2|2|2|3|3|2|2
12166,2,False,2,0,2,2|2|2|2|2|2|2|2|2|2
12176,2,False,2,10,8,8|8|8|8|8|8|8|8|8|8
12192,2,False,2,2,2,2|0|2|2|2|2|0|2|2|2
12203,2,False,2,0,2,2|2|2|2|2|2|2|2|2|2
12212,2,False,2,3,2,2|2|1|1|2|2|2|2|1|2
12220,2,False,2,0,2,2|2|2|2|2|2|2|2|2|2
12232,2,False,2,10,3,3|3|4|5|3|5|3|3|3|3
12285,2,False,2,1,2,2|2|2|2|2|3|2|2|2|2
12296,2,False,2,2,2,2|2|2|2|2|3|2|2|0|2
12297,2,False,2,9,3,2|3|3|3|3|3|3|3|3|3
12309,2,False,2,10,3,3|3|3|3|3|3|3|3|3|3
12316,2,False,2,3,2,2|2|3|3|2|3|2|2|2|2
12342,2,False,2,5,-1,3|3|2|2|2|2|2|3|3|3
12343,2,False,2,0,2,2|2|2|2|2|2|2|2|2|2
12367,2,False,2,10,0,0|8|0|8|8|8|0|0|0|0
12386,2,False,2,0,2,2|2|2|2|2|2|2|2|2|2
12389,2,False,2,1,2,2|2|2|2|2|2|2|2|2|3
12396,2,False,2,1,2,2|2|2|1|2|2|2|2|2|2
12399,2,False,2,1,2,2|2|2|2|2|2|2|3|2|2
12434,2,False,2,0,2,2|2|2|2|2|2|2|2|2|2
12438,2,False,2,9,3,3|5|5|2|3|5|3|3|5|3
12445,2,False,2,2,2,2|2|2|2|2|2|3|6|2|2
12455,2,False,2,0,2,2|2|2|2|2|2|2|2|2|2
12475,2,False,2,6,3,2|2|3|3|2|3|2|3|3|3
12526,2,False,2,0,2,2|2|2|2|2|2|2|2|2|2
12531,2,False,2,0,2,2|2|2|2|2|2|2|2|2|2
12544,2,False,2,0,2,2|2|2|2|2|2|2|2|2|2
12554,2,False,2,10,3,3|3|3|3|3|3|3|3|3|3
12556,2,False,2,0,2,2|2|2|2|2|2|2|2|2|2
12557,2,False,2,0,2,2|2|2|2|2|2|2|2|2|2
12577,2,False,2,8,0,8|2|8|0|1|0|0|0|8|2
12592,2,False,2,10,3,3|3|3|3|3|3|3|3|3|3
12597,2,False,2,10,6,6|6|6|6|6|6|7|6|6|6
12603,2,False,2,8,3,3|3|2|2|3|3|3|3|3|3
12629,2,False,2,0,2,2|2|2|2|2|2|2|2|2|2
12638,2,False,2,5,2,2|8|0|2|2|2|0|0|0|2
12639,2,False,2,0,2,2|2|2|2|2|2|2|2|2|2
12640,2,False,2,6,3,2|2|3|3|3|3|3|2|2|3
12646,2,False,2,0,2,2|2|2|2|2|2|2|2|2|2
12653,2,False,2,10,1,1|1|1|1|1|1|1|1|1|1
12671,2,False,2,0,2,2|2|2|2|2|2|2|2|2|2
12699,2,False,2,0,2,2|2|2|2|2|2|2|2|2|2
12700,2,False,2,0,2,2|2|2|2|2|2|2|2|2|2
12719,2,False,2,0,2,2|2|2|2|2|2|2|2|2|2
12732,2,False,2,1,2,2|2|2|2|4|2|2|2|2|2
12738,2,False,2,9,3,3|3|3|6|3|3|2|3|3|3
12741,2,False,2,0,2,2|2|2|2|2|2|2|2|2|2
12756,2,False,2,0,2,2|2|2|2|2|2|2|2|2|2
12759,2,False,2,4,2,3|2|3|3|2|3|2|2|2|2
12772,2,False,2,8,3,3|3|3|3|3|2|2|3|3|3
12792,2,False,2,0,2,2|2|2|2|2|2|2|2|2|2
12796,2,False,2,10,3,3|3|3|3|3|3|3|3|3|3
12797,2,False,2,4,2,2|2|2|0|2|2|6|2|6|6
12801,2,False,2,0,2,2|2|2|2|2|2|2|2|2|2
12809,2,False,2,8,3,3|3|3|2|3|2|3|3|3|3
12825,2,False,2,0,2,2|2|2|2|2|2|2|2|2|2
12829,2,False,2,0,2,2|2|2|2|2|2|2|2|2|2
12843,2,False,2,0,2,2|2|2|2|2|2|2|2|2|2
12848,2,False,2,9,3,3|1|1|3|3|3|1|3|2|3
12850,2,False,2,0,2,2|2|2|2|2|2|2|2|2|2
12852,2,False,2,0,2,2|2|2|2|2|2|2|2|2|2
12857,2,False,2,7,0,0|0|2|2|2|0|0|0|0|0
12877,2,False,2,0,2,2|2|2|2|2|2|2|2|2|2
12879,2,False,2,10,3,3|3|3|3|3|3|3|3|3|3
12883,2,False,2,10,3,3|3|3|3|3|3|3|3|3|3
12900,2,False,2,8,3,3|3|2|3|3|2|3|3|3|3
12907,2,False,2,0,2,2|2|2|2|2|2|2|2|2|2
12913,2,False,2,1,2,2|2|3|2|2|2|2|2|2|2
12924,2,False,2,0,2,2|2|2|2|2|2|2|2|2|2
12948,2,False,2,0,2,2|2|2|2|2|2|2|2|2|2
12949,2,False,2,1,2,4|2|2|2|2|2|2|2|2|2
12957,2,False,2,1,2,2|2|2|3|2|2|2|2|2|2
12962,2,False,2,2,2,2|2|2|2|2|2|2|2|3|3
12984,2,False,2,10,3,3|3|3|3|3|3|3|3|3|3
12987,2,False,2,7,3,3|2|2|2|3|0|3|3|3|3
13005,2,False,2,10,5,1|5|4|1|3|8|9|5|5|4
13012,2,False,2,2,2,2|2|2|1|2|3|2|2|2|2
13047,2,False,2,3,2,2|2|3|3|2|3|2|2|2|2
13055,2,False,2,0,2,2|2|2|2|2|2|2|2|2|2
13060,2,False,2,4,2,3|2|3|3|3|2|2|2|2|2
13064,2,False,2,0,2,2|2|2|2|2|2|2|2|2|2
13078,2,False,2,9,3,3|3|1|3|1|1|2|3|3|3
13086,2,False,2,4,2,2|2|2|3|2|2|2|3|3|3
13090,2,False,2,10,5,5|5|5|5|1|1|5|5|5|5
13092,2,False,2,0,2,2|2|2|2|2|2|2|2|2|2
13124,2,False,2,6,3,2|3|3|2|2|2|4|3|3|3
13130,2,False,2,0,2,2|2|2|2|2|2|2|2|2|2
13152,2,False,2,0,2,2|2|2|2|2|2|2|2|2|2
13160,2,False,2,8,1,1|1|2|1|1|2|1|1|1|1
13165,2,False,2,1,2,2|2|2|2|2|3|2|2|2|2
13178,2,False,2,0,2,2|2|2|2|2|2|2|2|2|2
13185,2,False,2,0,2,2|2|2|2|2|2|2|2|2|2
13193,2,False,2,8,0,2|2|4|0|0|0|0|0|0|0
13201,2,False,2,3,2,0|4|2|4|2|2|2|2|2|2
13217,2,False,2,0,2,2|2|2|2|2|2|2|2|2|2
13229,2,False,2,2,2,2|2|2|2|3|2|1|2|2|2
13240,2,False,2,6,2,6|6|2|6|2|4|4|5|2|2
13279,2,False,2,2,2,2|2|0|2|2|2|2|2|0|2
13284,2,False,2,0,2,2|2|2|2|2|2|2|2|2|2
13295,2,False,2,3,2,2|2|1|3|2|3|2|2|2|2
13329,2,False,2,7,3,3|3|3|3|2|2|2|3|3|3
13346,2,False,2,1,2,2|2|2|9|2|2|2|2|2|2
13357,2,False,2,0,2,2|2|2|2|2|2|2|2|2|2
13363,2,False,2,0,2,2|2|2|2|2|2|2|2|2|2
13370,2,False,2,0,2,2|2|2|2|2|2|2|2|2|2
13385,2,False,2,1,2,2|2|2|2|2|2|2|2|2|4
13391,2,False,2,1,2,2|2|2|2|2|3|2|2|2|2
13395,2,False,2,9,0,1|3|0|0|3|1|0|0|0|2
13398,2,False,2,0,2,2|2|2|2|2|2|2|2|2|2
13415,2,False,2,0,2,2|2|2|2|2|2|2|2|2|2
13427,2,False,2,5,2,2|3|3|0|2|3|1|2|2|2
13440,2,False,2,7,0,0|2|0|3|2|0|0|0|0|2
13459,2,False,2,8,0,0|0|0|8|0|2|2|0|0|0
13464,2,False,2,4,2,3|3|2|1|2|2|2|2|3|2
13472,2,False,2,3,2,3|2|2|3|2|3|2|2|2|2
13504,2,False,2,0,2,2|2|2|2|2|2|2|2|2|2
13512,2,False,2,0,2,2|2|2|2|2|2|2|2|2|2
13513,2,False,2,10,8,8|9|8|8|8|8|8|9|9|8
13515,2,False,2,0,2,2|2|2|2|2|2|2|2|2|2
13543,2,False,2,0,2,2|2|2|2|2|2|2|2|2|2
13549,2,False,2,6,2,1|2|1|2|3|3|3|1|2|2
13554,2,False,2,5,2,2|1|3|2|3|2|0|2|2|1
13558,2,False,2,1,2,2|2|2|2|2|3|2|2|2|2
13570,2,False,2,0,2,2|2|2|2|2|2|2|2|2|2
13572,2,False,2,10,3,3|3|3|3|3|3|3|3|3|3
13591,2,False,2,9,3,3|3|5|5|3|2|5|3|3|3
13599,2,False,2,1,2,2|2|2|2|2|9|2|2|2|2
13606,2,False,2,8,1,1|1|4|3|1|4|2|1|2|1
13633,2,False,2,8,3,3|3|3|2|3|3|3|2|3|3
13634,2,False,2,10,-1,9|9|8|0|8|8|9|9|7|8
13638,2,False,2,6,3,3|3|2|2|2|2|0|3|3|3
13639,2,False,2,0,2,2|2|2|2|2|2|2|2|2|2
13643,2,False,2,0,2,2|2|2|2|2|2|2|2|2|2
13644,2,False,2,0,2,2|2|2|2|2|2|2|2|2|2
13648,2,False,2,0,2,2|2|2|2|2|2|2|2|2|2
13658,2,False,2,0,2,2|2|2|2|2|2|2|2|2|2
13697,2,False,2,0,2,2|2|2|2|2|2|2|2|2|2
13700,2,False,2,0,2,2|2|2|2|2|2|2|2|2|2
13702,2,False,2,10,3,3|3|3|3|3|3|3|3|3|3
13707,2,False,2,10,3,1|3|3|1|3|3|3|3|3|3
13719,2,False,2,9,1,1|1|1|2|1|1|1|1|1|1
13732,2,False,2,10,3,4|5|3|5|3|4|3|3|3|3
13740,2,False,2,9,1,3|1|3|3|1|3|1|1|2|1
13743,2,False,2,3,2,2|2|2|2|1|3|3|2|2|2
13744,2,False,2,1,2,2|2|2|2|2|2|0|2|2|2
13750,2,False,2,2,2,2|2|2|3|2|3|2|2|2|2
13751,2,False,2,10,8,8|8|8|8|8|8|8|8|8|8
13753,2,False,2,1,2,2|2|2|2|2|6|2|2|2|2
13754,2,False,2,0,2,2|2|2|2|2|2|2|2|2|2
13755,2,False,2,8,3,3|3|3|3|2|2|3|3|3|1
13759,2,False,2,10,3,3|3|3|3|3|3|3|3|3|3
13777,2,False,2,0,2,2|2|2|2|2|2|2|2|2|2
13792,2,False,2,10,3,3|3|3|3|3|3|3|3|3|3
13809,2,False,2,6,3,3|3|2|2|2|3|3|2|3|3
13815,2,False,2,6,3,2|3|3|3|2|3|2|2|3|3
13819,2,False,2,3,2,2|2|3|2|2|3|2|2|3|2
13838,2,False,2,6,5,2|5|5|5|2|5|2|2|5|5
13839,2,False,2,0,2,2|2|2|2|2|2|2|2|2|2
13840,2,False,2,4,2,4|4|0|2|2|2|2|2|2|0
13845,2,False,2,10,0,0|1|0|0|0|3|0|0|0|0
13865,2,False,2,7,5,5|2|3|5|5|5|2|5|5|2
13882,2,False,2,0,2,2|2|2|2|2|2|2|2|2|2
13883,2,False,2,1,2,2|2|2|2|2|2|2|2|0|2
13892,2,False,2,7,1,1|1|2|2|1|2|3|3|1|1
13896,2,False,2,1,2,2|2|2|2|2|2|2|2|2|3
13898,2,False,2,0,2,2|2|2|2|2|2|2|2|2|2
13901,2,False,2,10,3,3|3|3|3|3|3|3|3|3|3
13905,2,False,2,1,2,2|2|2|2|2|2|2|2|2|0
13910,2,False,2,10,3,3|3|4|4|3|1|5|3|3|3
13920,2,False,2,9,3,3|3|3|3|2|4|3|3|3|3
13949,2,False,2,10,3,3|3|3|3|3|3|3|3|1|3
13958,2,False,2,0,2,2|2|2|2|2|2|2|2|2|2
13959,2,False,2,1,2,2|2|2|3|2|2|2|2|2|2
13966,2,False,2,0,2,2|2|2|2|2|2|2|2|2|2
13968,2,False,2,9,0,0|0|0|7|0|0|0|0|2|1
13971,2,False,2,0,2,2|2|2|2|2|2|2|2|2|2
13981,2,False,2,0,2,2|2|2|2|2|2|2|2|2|2
13987,2,False,2,9,-1,0|5|2|4|0|4|4|1|0|5
13998,2,False,2,7,3,3|3|2|3|2|3|2|3|3|3
14027,2,False,2,7,0,0|0|3|3|2|3|0|2|2|0
14038,2,False,2,10,4,4|5|4|4|4|4|5|3|4|4
14044,2,False,2,10,3,3|3|3|3|3|3|3|3|3|3
14051,2,False,2,3,2,1|2|2|1|2|2|2|2|1|2
14061,2,False,2,0,2,2|2|2|2|2|2|2|2|2|2
14065,2,False,2,0,2,2|2|2|2|2|2|2|2|2|2
14073,2,False,2,0,2,2|2|2|2|2|2|2|2|2|2
14075,2,False,2,4,2,2|2|2|3|1|1|1|2|2|2
14084,2,False,2,8,3,2|3|3|2|3|0|3|3|3|3
14085,2,False,2,0,2,2|2|2|2|2|2|2|2|2|2
14087,2,False,2,6,9,2|9|2|2|9|2|9|9|0|9
14108,2,False,2,1,2,2|2|2|3|2|2|2|2|2|2
14115,2,False,2,10,3,3|3|3|3|3|3|3|3|3|3
14132,2,False,2,10,0,0|0|0|0|0|0|0|0|0|0
14137,2,False,2,2,2,2|2|2|2|2|3|2|2|3|2
14141,2,False,2,0,2,2|2|2|2|2|2|2|2|2|2
14147,2,False,2,1,2,2|2|2|2|2|2|3|2|2|2
14156,2,False,2,5,-1,3|2|3|2|2|3|3|3|2|2
14162,2,False,2,10,8,8|8|9|1|8|8|5|8|8|8
14168,2,False,2,9,1,1|1|3|3|1|3|2|1|1|1
14171,2,False,2,10,5,5|5|5|5|5|5|5|5|5|5
14172,2,False,2,10,5,5|5|5|5|3|3|5|3|5|3
14175,2,False,2,0,2,2|2|2|2|2|2|2|2|2|2
14200,2,False,2,4,2,1|2|2|3|3|2|3|2|2|2
14205,2,False,2,10,3,3|3|3|3|3|3|3|3|3|3
14215,2,False,2,6,3,3|2|3|3|3|2|3|2|2|3
14218,2,False,2,0,2,2|2|2|2|2|2|2|2|2|2
14236,2,False,2,2,2,2|2|3|2|2|2|2|2|1|2
14256,2,False,2,10,5,3|5|1|1|5|5|4|3|5|3
14258,2,False,2,0,2,2|2|2|2|2|2|2|2|2|2
14259,2,False,2,3,2,2|2|1|1|2|2|1|2|2|2
14263,2,False,2,1,2,2|2|2|2|2|3|2|2|2|2
14268,2,False,2,5,-1,3|3|2|2|2|2|3|3|3|2
14272,2,False,2,0,2,2|2|2|2|2|2|2|2|2|2
14281,2,False,2,2,2,0|3|2|2|2|2|2|2|2|2
14282,2,False,2,2,2,2|6|2|2|2|2|0|2|2|2
14295,2,False,2,4,2,2|3|1|3|2|2|2|2|3|2
14301,2,False,2,1,2,2|2|2|2|2|2|3|2|2|2
14314,2,False,2,10,3,3|3|3|3|3|3|3|3|3|3
14329,2,False,2,8,3,2|2|3|3|3|3|3|3|3|3
14336,2,False,2,0,2,2|2|2|2|2|2|2|2|2|2
14350,2,False,2,4,2,2|2|2|2|1|3|3|3|2|2
14368,2,False,2,0,2,2|2|2|2|2|2|2|2|2|2
14376,2,False,2,0,2,2|2|2|2|2|2|2|2|2|2
14378,2,False,2,6,2,2|2|4|1|4|1|2|3|4|2
14384,2,False,2,3,2,3|2|2|2|2|2|3|3|2|2
14396,2,False,2,0,2,2|2|2|2|2|2|2|2|2|2
14405,2,False,2,2,2,3|2|2|2|2|2|2|3|2|2
14419,2,False,2,3,2,2|5|3|2|2|2|2|2|4|2
14489,2,False,2,8,6,2|6|6|6|2|6|6|3|6|0
14502,2,False,2,8,0,0|2|3|2|0|0|3|0|0|0
14507,2,False,2,7,3,3|3|2|2|3|2|3|3|3|3
14515,2,False,2,9,-1,0|2|3|3|1|3|3|0|0|0
14516,2,False,2,1,2,2|2|2|2|2|2|2|3|2|2
14542,2,False,2,3,2,3|2|2|2|2|2|2|2|3|3
14559,2,False,2,10,3,3|3|3|3|3|3|3|3|3|3
14560,2,False,2,10,4,4|1|1|0|4|3|3|4|4|4
14570,2,False,2,0,2,2|2|2|2|2|2|2|2|2|2
14577,2,False,2,2,2,2|3|2|2|2|2|2|3|2|2
14582,2,False,2,0,2,2|2|2|2|2|2|2|2|2|2
14583,2,False,2,1,2,2|2|2|2|2|2|2|1|2|2
14586,2,False,2,2,2,2|2|3|2|2|3|2|2|2|2
14592,2,False,2,8,3,3|3|2|1|3|2|1|3|1|3
14609,2,False,2,8,3,3|3|2|3|3|2|3|3|3|3
14611,2,False,2,6,2,1|2|4|2|2|2|4|1|1|3
14626,2,False,2,2,2,2|2|2|2|2|2|2|2|3|3
14629,2,False,2,10,3,3|3|3|3|3|3|3|3|3|3
14632,2,False,2,0,2,2|2|2|2|2|2|2|2|2|2
14640,2,False,2,1,2,2|2|2|2|2|2|2|3|2|2
14647,2,False,2,7,3,3|3|2|2|3|3|2|3|3|3
14658,2,False,2,0,2,2|2|2|2|2|2|2|2|2|2
14671,2,False,2,6,0,0|2|1|2|2|0|0|2|0|0
14680,2,False,2,0,2,2|2|2|2|2|2|2|2|2|2
14683,2,False,2,4,2,2|2|2|1|2|0|2|2|0|3
14684,2,False,2,0,2,2|2|2|2|2|2|2|2|2|2
14688,2,False,2,0,2,2|2|2|2|2|2|2|2|2|2
14695,2,False,2,9,3,3|3|3|2|3|3|3|3|3|3
14696,2,False,2,5,-1,2|2|3|3|3|2|3|3|2|2
14697,2,False,2,6,1,1|1|2|2|0|2|1|1|1|2
14702,2,False,2,0,2,2|2|2|2|2|2|2|2|2|2
14733,2,False,2,10,4,4|4|4|4|8|4|4|4|4|0
14736,2,False,2,2,2,2|2|3|2|2|3|2|2|2|2
14768,2,False,2,0,2,2|2|2|2|2|2|2|2|2|2
14776,2,False,2,0,2,2|2|2|2|2|2|2|2|2|2
14781,2,False,2,0,2,2|2|2|2|2|2|2|2|2|2
14806,2,False,2,1,2,1|2|2|2|2|2|2|2|2|2
14810,2,False,2,10,6,6|6|0|0|6|6|6|6|6|6
14812,2,False,2,1,2,3|2|2|2|2|2|2|2|2|2
14817,2,False,2,5,2,2|2|2|1|1|2|3|3|1|2
14819,2,False,2,4,2,3|2|3|3|3|2|2|2|2|2
14846,2,False,2,0,2,2|2|2|2|2|2|2|2|2|2
14855,2,False,2,5,-1,3|3|2|2|2|2|2|3|3|3
14868,2,False,2,0,2,2|2|2|2|2|2|2|2|2|2
14881,2,False,2,1,2,2|2|2|2|3|2|2|2|2|2
14883,2,False,2,0,2,2|2|2|2|2|2|2|2|2|2
14884,2,False,2,1,2,2|2|0|2|2|2|2|2|2|2
14885,2,False,2,0,2,2|2|2|2|2|2|2|2|2|2
14923,2,False,2,7,3,3|2|3|3|3|3|3|3|2|2
14953,2,False,2,3,2,3|2|2|2|2|2|2|3|3|2
14954,2,False,2,9,3,3|3|3|3|3|3|3|2|3|3
14956,2,False,2,5,2,2|2|2|4|5|5|5|2|2|5
14999,2,False,2,2,2,3|2|2|2|3|2|2|2|2|2
15003,2,False,2,1,2,2|2|2|2|2|2|1|2|2|2
15012,2,False,2,1,2,2|2|2|2|2|6|2|2|2|2
15013,2,False,2,0,2,2|2|2|2|2|2|2|2|2|2
15019,2,False,2,0,2,2|2|2|2|2|2|2|2|2|2
15021,2,False,2,3,2,2|1|2|2|2|2|2|2|1|1
15024,2,False,2,3,2,2|2|2|2|9|0|2|2|2|9
15026,2,False,2,2,2,8|2|2|2|2|2|2|2|2|8
15056,2,False,2,10,3,3|3|3|3|3|3|3|3|3|3
15066,2,False,2,3,2,2|2|0|2|2|8|2|2|2|0
15072,2,False,2,0,2,2|2|2|2|2|2|2|2|2|2
15101,2,False,2,0,2,2|2|2|2|2|2|2|2|2|2
15110,2,False,2,8,9,9|9|0|8|2|2|9|9|0|8
15121,2,False,2,0,2,2|2|2|2|2|2|2|2|2|2
15125,2,False,2,0,2,2|2|2|2|2|2|2|2|2|2
15128,2,False,2,9,3,3|3|3|3|3|3|2|3|3|3
15131,2,False,2,9,3,3|3|3|3|1|3|5|1|2|3
15139,2,False,2,10,3,3|5|3|3|3|3|3|0|1|5
15168,3,False,3,7,2,2|2|3|3|2|3|2|2|2|2
15179,3,False,3,10,2,2|2|2|2|2|2|2|2|2|2
15189,3,False,3,7,2,3|2|3|2|2|3|2|2|2|2
15190,3,False,3,1,3,3|3|2|3|3|3|3|3|3|3
15201,3,False,3,0,3,3|3|3|3|3|3|3|3|3|3
15206,3,False,3,3,3,3|3|3|2|2|3|2|3|3|3
15216,3,False,3,7,2,3|2|2|2|3|2|2|2|2|3
15229,3,False,3,9,2,2|2|2|2|2|2|3|2|2|2
15238,3,False,3,10,0,0|2|0|2|0|0|0|0|0|0
15246,3,False,3,1,3,3|3|4|3|3|3|3|3|3|3
15255,3,False,3,10,2,2|2|2|2|2|2|2|2|2|2
15261,3,False,3,2,3,3|3|2|2|3|3|3|3|3|3
15278,3,False,3,6,1,1|1|3|3|1|3|3|1|1|1
15306,3,False,3,0,3,3|3|3|3|3|3|3|3|3|3
15313,3,False,3,0,3,3|3|3|3|3|3|3|3|3|3
15327,3,False,3,10,2,8|9|2|2|9|2|8|9|2|2
15330,3,False,3,0,3,3|3|3|3|3|3|3|3|3|3
15333,3,False,3,2,3,3|3|2|3|3|2|3|3|3|3
15399,3,False,3,10,2,2|2|2|2|2|2|2|2|2|2
15402,3,False,3,0,3,3|3|3|3|3|3|3|3|3|3
15406,3,False,3,5,-1,3|1|1|1|3|1|1|3|3|3
15414,3,False,3,1,3,3|3|3|3|3|3|3|3|1|3
15426,3,False,3,0,3,3|3|3|3|3|3|3|3|3|3
15427,3,False,3,1,3,5|3|3|3|3|3|3|3|3|3
15439,3,False,3,0,3,3|3|3|3|3|3|3|3|3|3
15443,3,False,3,10,4,4|4|9|7|7|4|4|5|4|7
15450,3,False,3,0,3,3|3|3|3|3|3|3|3|3|3
15466,3,False,3,0,3,3|3|3|3|3|3|3|3|3|3
15492,3,False,3,0,3,3|3|3|3|3|3|3|3|3|3
15503,3,False,3,0,3,3|3|3|3|3|3|3|3|3|3
15516,3,False,3,10,1,1|7|1|1|1|1|1|7|7|1
15520,3,False,3,1,3,3|3|3|3|3|3|3|2|3|3
15535,3,False,3,1,3,3|3|3|3|3|3|3|3|2|3
15564,3,False,3,3,3,3|3|2|2|3|2|3|3|3|3
15576,3,False,3,0,3,3|3|3|3|3|3|3|3|3|3
15579,3,False,3,5,3,2|3|1|1|3|1|3|3|2|3
15581,3,False,3,0,3,3|3|3|3|3|3|3|3|3|3
15589,3,False,3,0,3,3|3|3|3|3|3|3|3|3|3
15592,3,False,3,0,3,3|3|3|3|3|3|3|3|3|3
15606,3,False,3,10,2,2|2|2|2|2|2|2|2|2|2
15610,3,False,3,10,6,6|6|6|6|6|6|6|6|6|6
15616,3,False,3,1,3,3|3|3|3|2|3|3|3|3|3
15618,3,False,3,3,3,3|3|3|2|3|3|2|2|3|3
15621,3,False,3,3,3,3|3|2|3|3|0|3|2|3|3
15635,3,False,3,10,2,2|2|2|2|2|2|2|2|2|2
15647,3,False,3,0,3,3|3|3|3|3|3|3|3|3|3
15651,3,False,3,0,3,3|3|3|3|3|3|3|3|3|3
15666,3,False,3,10,5,5|5|5|5|5|5|5|5|5|5
15688,3,False,3,6,2,3|2|2|2|2|3|3|2|3|2
15702,3,False,3,8,2,2|2|3|2|0|2|3|0|2|2
15710,3,False,3,1,3,3|3|3|5|3|3|3|3|3|3
15718,3,False,3,10,0,0|0|0|0|0|0|0|0|0|0
15733,3,False,3,6,-1,1|2|3|3|2|3|1|3|2|2
15758,3,False,3,0,3,3|3|3|3|3|3|3|3|3|3
15781,3,False,3,10,-1,2|2|1|1|1|2|1|2|1|2
15786,3,False,3,0,3,3|3|3|3|3|3|3|3|3|3
15788,3,False,3,7,2,3|2|2|3|3|2|2|2|2|2
15814,3,False,3,0,3,3|3|3|3|3|3|3|3|3|3
15815,3,False,3,1,3,3|3|3|2|3|3|3|3|3|3
15822,3,False,3,10,8,7|9|8|8|7|9|7|8|9|8
15829,3,False,3,4,3,3|2|2|3|3|2|2|3|3|3
15841,3,False,3,0,3,3|3|3|3|3|3|3|3|3|3
15874,3,False,3,9,0,0|3|0|0|0|0|0|0|2|2
15879,3,False,3,0,3,3|3|3|3|3|3|3|3|3|3
15885,3,False,3,0,3,3|3|3|3|3|3|3|3|3|3
15887,3,False,3,2,3,3|3|2|3|3|3|3|3|3|2
15890,3,False,3,0,3,3|3|3|3|3|3|3|3|3|3
15898,3,False,3,10,2,2|2|2|2|2|2|2|2|2|2
15908,3,False,3,0,3,3|3|3|3|3|3|3|3|3|3
15914,3,False,3,0,3,3|3|3|3|3|3|3|3|3|3
15924,3,False,3,10,2,2|2|2|6|1|1|6|2|2|1
15928,3,False,3,3,3,3|3|3|2|3|3|3|3|1|2
15932,3,False,3,9,2,2|2|2|2|2|3|2|2|2|2
15954,3,False,3,6,2,2|2|2|3|2|3|2|3|3|2
15963,3,False,3,10,1,1|1|1|1|1|1|1|1|1|1
15969,3,False,3,8,2,5|2|4|4|3|2|2|2|3|2
15995,3,False,3,0,3,3|3|3|3|3|3|3|3|3|3
15999,3,False,3,0,3,3|3|3|3|3|3|3|3|3|3
16003,3,False,3,10,2,2|2|2|2|2|2|2|2|2|2
16021,3,False,3,0,3,3|3|3|3|3|3|3|3|3|3
16025,3,False,3,1,3,3|3|3|3|3|3|3|5|3|3
16029,3,False,3,10,7,7|7|0|7|7|5|0|7|7|0
16036,3,False,3,0,3,3|3|3|3|3|3|3|3|3|3
16043,3,False,3,10,2,2|2|2|2|2|2|2|2|2|2
16052,3,False,3,2,3,3|2|3|3|3|3|3|3|2|3
16054,3,False,3,8,2,2|2|2|2|3|3|2|2|2|2
16070,3,False,3,1,3,3|3|3|3|1|3|3|3|3|3
16077,3,False,3,10,2,2|2|2|2|2|2|2|2|2|2
16090,3,False,3,9,2,2|2|3|2|2|2|2|2|2|2
16093,3,False,3,2,3,3|3|2|3|3|3|3|2|3|3
16095,3,False,3,2,3,3|3|2|2|3|3|3|3|3|3
16098,3,False,3,10,8,8|8|8|8|8|8|9|8|8|8
16101,3,False,3,6,2,3|3|2|2|2|3|2|3|2|2
16104,3,False,3,0,3,3|3|3|3|3|3|3|3|3|3
16132,3,False,3,10,2,2|2|2|2|2|2|2|2|2|2
16141,3,False,3,0,3,3|3|3|3|3|3|3|3|3|3
16148,3,False,3,2,3,3|3|5|3|3|3|2|3|3|3
16152,3,False,3,2,3,3|3|3|2|2|3|3|3|3|3
16158,3,False,3,0,3,3|3|3|3|3|3|3|3|3|3
16164,3,False,3,2,3,3|3|3|2|3|3|2|3|3|3
16167,3,False,3,0,3,3|3|3|3|3|3|3|3|3|3
16168,3,False,3,8,2,2|2|3|2|2|3|2|2|2|2
16176,3,False,3,10,0,0|0|0|0|2|7|0|0|0|0
16177,3,False,3,4,3,3|3|2|3|3|2|3|3|2|2
16185,3,False,3,4,3,3|3|3|3|0|3|3|0|0|0
16200,3,False,3,6,2,3|3|2|2|2|2|3|2|3|4
16204,3,False,3,0,3,3|3|3|3|3|3|3|3|3|3
16231,3,False,3,2,3,3|3|3|2|3|2|3|3|3|3
16234,3,False,3,0,3,3|3|3|3|3|3|3|3|3|3
16257,3,False,3,1,3,3|3|3|3|2|3|3|3|3|3
16259,3,False,3,2,3,3|3|2|3|3|2|3|3|3|3
16267,3,False,3,2,3,5|5|3|3|3|3|3|3|3|3
16269,3,False,3,0,3,3|3|3|3|3|3|3|3|3|3
16272,3,False,3,9,-1,7|7|1|7|0|0|0|3|0|7
16279,3,False,3,2,3,3|2|3|3|3|3|3|2|3|3
16292,3,False,3,7,2,3|2|2|2|2|2|2|2|3|3
16300,3,False,3,6,2,2|2|3|3|3|3|2|2|2|2
16314,3,False,3,0,3,3|3|3|3|3|3|3|3|3|3
16317,3,False,3,0,3,3|3|3|3|3|3|3|3|3|3
16331,3,False,3,1,3,3|3|3|3|3|3|3|1|3|3
16337,3,False,3,10,0,8|0|0|0|8|9|0|0|1|0
16343,3,False,3,0,3,3|3|3|3|3|3|3|3|3|3
16351,3,False,3,8,2,2|2|2|2|3|2|3|2|2|2
16355,3,False,3,5,-1,2|2|3|3|3|3|3|2|2|2
16365,3,False,3,0,3,3|3|3|3|3|3|3|3|3|3
16389,3,False,3,9,0,2|2|0|0|0|0|0|3|2|2
16395,3,False,3,5,3,3|3|1|3|3|3|1|2|2|2
16408,3,False,3,0,3,3|3|3|3|3|3|3|3|3|3
16419,3,False,3,0,3,3|3|3|3|3|3|3|3|3|3
16451,3,False,3,4,3,3|2|2|2|3|2|3|3|3|3
16456,3,False,3,3,3,2|2|3|3|0|3|3|3|3|3
16457,3,False,3,2,3,3|3|3|2|3|2|3|3|3|3
16461,3,False,3,1,3,3|3|3|2|3|3|3|3|3|3
16466,3,False,3,7,2,2|2|3|2|2|2|2|2|3|3
16476,3,False,3,10,0,0|0|0|0|0|0|1|0|0|0
16482,3,False,3,1,3,3|1|3|3|3|3|3|3|3|3
16488,3,False,3,3,3,3|2|3|2|2|3|3|3|3|3
16492,3,False,3,1,3,3|3|3|3|3|3|3|3|2|3
16496,3,False,3,6,2,3|2|2|3|2|2|2|3|2|3
16513,3,False,3,0,3,3|3|3|3|3|3|3|3|3|3
16524,3,False,3,2,3,3|3|2|2|3|3|3|3|3|3
16525,3,False,3,1,3,3|3|3|3|3|3|3|3|2|3
16541,3,False,3,0,3,3|3|3|3|3|3|3|3|3|3
16544,3,False,3,6,3,5|5|3|4|3|2|3|3|4|5
16555,3,False,3,1,3,3|3|3|2|3|3|3|3|3|3
16564,3,False,3,4,3,3|2|2|3|3|3|3|2|3|2
16568,3,False,3,5,3,3|3|2|2|2|2|5|3|3|3
16579,3,False,3,4,3,2|3|3|2|3|3|3|3|2|2
16582,3,False,3,1,3,3|3|3|3|0|3|3|3|3|3
16583,3,False,3,5,-1,3|3|1|3|1|3|1|3|1|1
16605,3,False,3,0,3,3|3|3|3|3|3|3|3|3|3
16621,3,False,3,3,3,3|2|3|2|3|3|3|5|3|3
16626,3,False,3,6,2,2|2|3|2|2|2|3|3|3|2
16628,3,False,3,0,3,3|3|3|3|3|3|3|3|3|3
16636,3,False,3,4,3,3|3|2|8|3|2|3|2|3|3
16661,3,False,3,8,0,0|3|0|0|3|0|0|0|0|0
16677,3,False,3,0,3,3|3|3|3|3|3|3|3|3|3
16678,3,False,3,1,3,3|3|3|3|3|5|3|3|3|3
16694,3,False,3,2,3,3|2|3|3|3|3|3|3|3|2
16699,3,False,3,0,3,3|3|3|3|3|3|3|3|3|3
16700,3,False,3,0,3,3|3|3|3|3|3|3|3|3|3
16708,3,False,3,4,3,3|5|3|2|3|3|2|3|3|5
16709,3,False,3,10,0,1|0|0|1|0|0|0|0|1|0
16727,3,False,3,2,3,3|3|3|3|0|3|3|3|1|3
16755,3,False,3,0,3,3|3|3|3|3|3|3|3|3|3
16757,3,False,3,9,2,2|2|3|2|2|2|2|2|2|2
16788,3,False,3,0,3,3|3|3|3|3|3|3|3|3|3
16793,3,False,3,10,0,0|0|0|0|0|2|0|0|0|0
16801,3,False,3,0,3,3|3|3|3|3|3|3|3|3|3
16805,3,False,3,10,2,2|1|2|2|2|4|2|2|2|2
16809,3,False,3,1,3,3|3|3|3|3|3|3|3|3|2
16814,3,False,3,9,2,2|2|2|2|2|2|3|2|2|2
16833,3,False,3,7,2,3|2|2|2|2|2|2|2|3|3
16839,3,False,3,8,1,1|1|3|3|1|1|1|1|1|1
16871,3,False,3,2,3,3|3|3|1|1|3|3|3|3|3
16872,3,False,3,10,2,2|2|2|2|2|2|2|2|2|2
16880,3,False,3,5,-1,3|2|3|3|2|2|2|2|3|3
16883,3,False,3,0,3,3|3|3|3|3|3|3|3|3|3
16887,3,False,3,6,2,3|2|2|2|2|2|2|3|3|3
16888,3,False,3,7,2,2|2|2|2|2|2|2|3|3|3
16905,3,False,3,0,3,3|3|3|3|3|3|3|3|3|3
16907,3,False,3,0,3,3|3|3|3|3|3|3|3|3|3
16926,3,False,3,1,3,3|3|3|2|3|3|3|3|3|3
16935,3,False,3,0,3,3|3|3|3|3|3|3|3|3|3
16947,3,False,3,0,3,3|3|3|3|3|3|3|3|3|3
16951,3,False,3,6,2,2|3|2|2|3|2|2|3|3|2
16958,3,False,3,0,3,3|3|3|3|3|3|3|3|3|3
16962,3,False,3,0,3,3|3|3|3|3|3|3|3|3|3
16969,3,False,3,10,2,2|2|2|2|2|2|2|2|2|2
16980,3,False,3,5,3,3|3|1|2|3|1|3|2|3|1
16991,3,False,3,5,3,1|1|3|3|3|3|1|3|2|2
16994,3,False,3,10,0,0|0|0|0|0|0|0|0|0|0
17001,3,False,3,3,3,3|3|3|2|2|3|3|3|3|2
17003,3,False,3,5,3,3|2|4|4|3|3|3|2|3|2
17007,3,False,3,0,3,3|3|3|3|3|3|3|3|3|3
17023,3,False,3,4,3,3|2|2|3|3|3|3|2|3|2
17040,3,False,3,1,3,3|2|3|3|3|3|3|3|3|3
17066,3,False,3,0,3,3|3|3|3|3|3|3|3|3|3
17069,3,False,3,0,3,3|3|3|3|3|3|3|3|3|3
17075,3,False,3,10,0,0|0|8|0|0|9|0|0|0|0
17094,3,False,3,10,6,6|6|2|2|0|2|6|6|0|0
17096,3,False,3,0,3,3|3|3|3|3|3|3|3|3|3
17113,3,False,3,8,-1,1|5|3|2|1|2|2|3|1|5
17116,3,False,3,6,3,3|2|1|1|2|1|3|3|3|2
17117,3,False,3,0,3,3|3|3|3|3|3|3|3|3|3
17134,3,False,3,1,3,3|3|3|2|3|3|3|3|3|3
17160,3,False,3,10,2,2|2|2|0|2|2|2|2|2|2
17167,3,False,3,8,2,2|2|2|2|2|3|3|2|2|2
17175,3,False,3,1,3,3|3|3|2|3|3|3|3|3|3
17180,3,False,3,8,2,2|2|3|2|2|3|2|2|2|2
17191,3,False,3,10,0,0|0|0|0|0|0|0|0|0|0
17192,3,False,3,10,1,1|2|1|1|1|2|1|1|2|1
17206,3,False,3,1,3,3|3|3|2|3|3|3|3|3|3
17235,3,False,3,5,-1,3|2|3|2|2|2|3|2|3|3
17275,3,False,3,10,0,0|0|0|0|0|8|0|0|0|0
17276,3,False,3,9,2,2|2|2|2|3|2|2|2|2|2
17284,3,False,3,10,0,0|0|0|0|0|0|0|0|0|0
17290,3,False,3,1,3,3|3|3|3|3|3|3|2|3|3
17319,3,False,3,10,1,1|1|2|2|1|1|1|2|1|2
17324,3,False,3,9,0,0|0|0|1|0|3|0|0|0|0
17327,3,False,3,3,3,3|2|2|3|2|3|3|3|3|3
17328,3,False,3,10,2,2|2|2|2|2|2|2|2|2|2
17329,3,False,3,7,2,3|3|2|2|2|2|2|4|2|3
17377,3,False,3,10,2,2|2|2|2|2|2|2|2|2|2
17398,3,False,3,7,6,6|3|6|6|2|3|2|3|6|2
17400,3,False,3,10,0,0|0|0|0|0|0|0|0|0|0
17409,3,False,3,1,3,3|3|3|2|3|3|3|3|3|3
17420,3,False,3,6,3,3|3|2|2|3|2|1|1|3|1
17426,3,False,3,6,2,3|2|3|2|2|2|2|3|3|2
17451,3,False,3,0,3,3|3|3|3|3|3|3|3|3|3
17455,3,False,3,0,3,3|3|3|3|3|3|3|3|3|3
17458,3,False,3,0,3,3|3|3|3|3|3|3|3|3|3
17464,3,False,3,8,0,0|0|0|3|0|0|3|0|0|0
17474,3,False,3,9,5,5|5|3|1|5|5|5|5|5|5
17475,3,False,3,3,3,3|3|3|5|3|5|5|3|3|3
17476,3,False,3,0,3,3|3|3|3|3|3|3|3|3|3
17479,3,False,3,0,3,3|3|3|3|3|3|3|3|3|3
17546,3,False,3,3,3,3|1|2|2|3|3|3|3|3|3
17554,3,False,3,0,3,3|3|3|3|3|3|3|3|3|3
17557,3,False,3,0,3,3|3|3|3|3|3|3|3|3|3
17558,3,False,3,0,3,3|3|3|3|3|3|3|3|3|3
17611,3,False,3,1,3,3|3|2|3|3|3|3|3|3|3
17614,3,False,3,0,3,3|3|3|3|3|3|3|3|3|3
17616,3,False,3,0,3,3|3|3|3|3|3|3|3|3|3
17620,3,False,3,9,4,3|4|4|2|1|4|4|1|4|4
17621,3,False,3,1,3,3|3|1|3|3|3|3|3|3|3
17624,3,False,3,9,7,7|7|3|0|7|1|0|7|7|7
17674,3,False,3,5,3,1|3|1|2|1|3|3|3|3|2
17675,3,False,3,10,2,2|2|2|2|2|2|2|2|2|2
17678,3,False,3,0,3,3|3|3|3|3|3|3|3|3|3
17693,3,False,3,8,2,2|2|3|2|2|2|2|2|3|2
17698,3,False,3,10,2,2|2|2|2|2|2|2|0|2|2
17699,3,False,3,1,3,3|3|2|3|3|3|3|3|3|3
17702,3,False,3,4,3,3|5|5|3|3|8|2|3|3|3
17727,3,False,3,10,0,0|0|8|8|8|0|0|0|1|8
17738,3,False,3,8,1,1|5|3|5|1|3|2|1|2|1
17743,3,False,3,10,4,4|4|4|4|0|4|5|4|4|4
17744,3,False,3,3,3,2|3|3|3|3|3|3|2|2|3
17749,3,False,3,0,3,3|3|3|3|3|3|3|3|3|3
17761,3,False,3,10,2,2|2|2|2|2|2|2|2|2|2
17783,3,False,3,3,3,3|3|0|2|3|2|3|3|3|3
17809,3,False,3,10,2,2|2|2|2|2|2|2|2|2|2
17821,3,False,3,0,3,3|3|3|3|3|3|3|3|3|3
17826,3,False,3,0,3,3|3|3|3|3|3|3|3|3|3
17832,3,False,3,0,3,3|3|3|3|3|3|3|3|3|3
17874,3,False,3,0,3,3|3|3|3|3|3|3|3|3|3
17880,3,False,3,0,3,3|3|3|3|3|3|3|3|3|3
17886,3,False,3,10,1,1|1|1|1|1|1|1|1|4|1
17893,3,False,3,0,3,3|3|3|3|3|3|3|3|3|3
17904,3,False,3,10,2,2|2|2|2|2|2|2|2|2|2
17912,3,False,3,0,3,3|3|3|3|3|3|3|3|3|3
17917,3,False,3,4,3,3|3|3|5|3|3|3|2|2|2
17921,3,False,3,8,2,2|1|1|0|3|2|2|3|2|2
17924,3,False,3,1,3,3|3|3|2|3|3|3|3|3|3
17927,3,False,3,4,3,3|3|3|3|2|2|3|3|2|2
17939,3,False,3,3,3,3|2|3|3|3|3|3|2|2|3
17951,3,False,3,3,3,3|3|2|2|3|2|3|3|3|3
17969,3,False,3,1,3,3|3|3|3|3|3|3|3|3|2
17984,3,False,3,0,3,3|3|3|3|3|3|3|3|3|3
17986,3,False,3,0,3,3|3|3|3|3|3|3|3|3|3
18023,3,False,3,1,3,3|3|3|2|3|3|3|3|3|3
18032,3,False,3,0,3,3|3|3|3|3|3|3|3|3|3
18047,3,False,3,0,3,3|3|3|3|3|3|3|3|3|3
18051,3,False,3,0,3,3|3|3|3|3|3|3|3|3|3
18125,3,False,3,10,5,5|4|5|5|4|5|5|5|4|5
18126,3,False,3,7,0,0|3|3|0|0|0|0|0|0|3
18139,3,False,3,2,3,2|3|3|3|3|3|3|3|3|2
18149,3,False,3,4,3,3|3|0|3|3|0|2|3|2|3
18153,3,False,3,9,-1,5|4|2|2|1|3|1|5|5|1
18159,3,False,3,0,3,3|3|3|3|3|3|3|3|3|3
18160,3,False,3,0,3,3|3|3|3|3|3|3|3|3|3
18186,3,False,3,10,2,2|2|2|2|2|2|2|2|2|2
18201,3,False,3,3,3,3|3|3|2|3|3|2|2|3|3
18204,3,False,3,10,1,1|1|1|8|1|1|2|1|1|1
18205,3,False,3,5,-1,3|3|2|2|3|2|2|3|3|2
18207,3,False,3,10,0,1|0|2|1|0|0|0|0|0|0
18209,3,False,3,0,3,3|3|3|3|3|3|3|3|3|3
18217,3,False,3,9,-1,1|3|2|2|1|2|1|9|8|8
18262,3,False,3,5,3,3|3|2|2|3|1|2|3|3|2
18263,3,False,3,4,3,3|3|2|2|2|2|3|3|3|3
18268,3,False,3,1,3,3|3|3|3|3|3|3|4|3|3
18271,3,False,3,0,3,3|3|3|3|3|3|3|3|3|3
18281,3,False,3,0,3,3|3|3|3|3|3|3|3|3|3
18282,3,False,3,2,3,3|3|3|2|2|3|3|3|3|3
18290,3,False,3,0,3,3|3|3|3|3|3|3|3|3|3
18302,3,False,3,6,-1,3|3|2|2|2|2|1|3|3|1
18317,3,False,3,4,3,3|3|5|3|0|3|9|8|3|3
18331,3,False,3,0,3,3|3|3|3|3|3|3|3|3|3
18359,3,False,3,3,3,1|1|2|3|3|3|3|3|3|3
18362,3,False,3,4,3,3|3|7|7|3|7|7|3|3|3
18370,3,False,3,2,3,3|3|3|2|3|3|3|3|3|2
18383,3,False,3,0,3,3|3|3|3|3|3|3|3|3|3
18388,3,False,3,1,3,3|3|3|3|0|3|3|3|3|3
18394,3,False,3,0,3,3|3|3|3|3|3|3|3|3|3
18402,3,False,3,0,3,3|3|3|3|3|3|3|3|3|3
18417,3,False,3,3,3,3|1|3|3|1|3|3|1|3|3
18422,3,False,3,0,3,3|3|3|3|3|3|3|3|3|3
18431,3,False,3,0,3,3|3|3|3|3|3|3|3|3|3
18433,3,False,3,6,2,3|2|3|3|2|2|3|2|2|2
18434,3,False,3,4,3,3|3|2|2|3|4|2|3|3|3
18435,3,False,3,0,3,3|3|3|3|3|3|3|3|3|3
18440,3,False,3,10,0,0|0|0|0|0|0|0|0|0|0
18453,3,False,3,3,3,3|3|3|5|3|3|5|3|3|5
18456,3,False,3,9,0,0|0|0|3|0|1|0|0|0|0
18468,3,False,3,5,-1,2|3|3|2|2|3|3|2|2|3
18472,3,False,3,5,3,3|3|3|2|3|2|3|2|5|2
18481,3,False,3,0,3,3|3|3|3|3|3|3|3|3|3
18532,3,False,3,1,3,3|3|3|3|3|2|3|3|3|3
18538,3,False,3,0,3,3|3|3|3|3|3|3|3|3|3
18539,3,False,3,0,3,3|3|3|3|3|3|3|3|3|3
18552,3,False,3,10,2,2|2|2|2|2|2|2|2|2|2
18573,3,False,3,0,3,3|3|3|3|3|3|3|3|3|3
18577,3,False,3,0,3,3|3|3|3|3|3|3|3|3|3
18597,3,False,3,0,3,3|3|3|3|3|3|3|3|3|3
18603,3,False,3,6,2,2|2|3|3|2|1|2|2|3|3
18615,3,False,3,5,3,4|3|3|3|3|3|4|1|4|9
18625,3,False,3,6,-1,7|3|4|3|7|3|6|3|7|7
18630,3,False,3,5,3,0|0|0|3|3|8|3|3|2|3
18638,3,False,3,0,3,3|3|3|3|3|3|3|3|3|3
18645,3,False,3,10,1,1|1|2|2|1|2|1|1|1|1
18661,3,False,3,10,5,5|5|4|5|5|4|5|5|5|5
18674,3,False,3,0,3,3|3|3|3|3|3|3|3|3|3
18697,3,False,3,2,3,3|3|3|3|3|2|3|3|3|2
18699,3,False,3,1,3,3|3|3|3|3|3|3|3|3|2
18712,3,False,3,0,3,3|3|3|3|3|3|3|3|3|3
18714,3,False,3,10,5,5|5|2|5|5|4|5|5|5|5
18736,3,False,3,3,3,3|3|4|3|3|4|3|3|3|2
18764,3,False,3,0,3,3|3|3|3|3|3|3|3|3|3
18778,3,False,3,0,3,3|3|3|3|3|3|3|3|3|3
18780,3,False,3,0,3,3|3|3|3|3|3|3|3|3|3
18785,3,False,3,2,3,3|3|3|2|3|2|3|3|3|3
18797,3,False,3,10,4,4|2|4|4|2|4|4|4|4|4
18816,3,False,3,0,3,3|3|3|3|3|3|3|3|3|3
18819,3,False,3,6,2,3|2|3|3|2|2|3|2|2|2
18829,3,False,3,0,3,3|3|3|3|3|3|3|3|3|3
18835,3,False,3,0,3,3|3|3|3|3|3|3|3|3|3
18837,3,False,3,5,3,3|5|3|3|3|2|5|5|3|5
18843,3,False,3,10,2,2|2|2|2|2|2|2|2|2|2
18868,3,False,3,2,3,2|2|3|3|3|3|3|3|3|3
18875,3,False,3,0,3,3|3|3|3|3|3|3|3|3|3
18876,3,False,3,1,3,3|3|3|2|3|3|3|3|3|3
18882,3,False,3,3,3,3|3|3|1|3|1|3|3|7|3
18883,3,False,3,0,3,3|3|3|3|3|3|3|3|3|3
18895,3,False,3,0,3,3|3|3|3|3|3|3|3|3|3
18900,3,False,3,0,3,3|3|3|3|3|3|3|3|3|3
18901,3,False,3,0,3,3|3|3|3|3|3|3|3|3|3
18910,3,False,3,0,3,3|3|3|3|3|3|3|3|3|3
18913,3,False,3,0,3,3|3|3|3|3|3|3|3|3|3
18930,3,False,3,2,3,3|3|3|3|3|3|3|2|3|2
18934,3,False,3,3,3,3|3|0|3|3|3|0|3|3|0
18951,3,False,3,10,2,2|2|4|0|1|4|0|2|8|1
18955,3,False,3,2,3,3|3|2|2|3|3|3|3|3|3
18980,3,False,3,10,5,5|5|5|4|5|5|5|5|5|5
18985,3,False,3,10,2,2|2|2|2|2|2|2|2|2|2
18988,3,False,3,8,2,2|2|3|2|2|3|2|2|2|2
18991,3,False,3,4,3,3|3|3|1|1|3|3|3|2|1
18993,3,False,3,0,3,3|3|3|3|3|3|3|3|3|3
19006,3,False,3,10,2,2|2|2|2|2|2|2|2|2|2
19028,3,False,3,10,2,2|2|2|2|2|2|2|2|2|2
19034,3,False,3,10,8,8|2|5|5|8|8|0|4|2|8
19069,3,False,3,0,3,3|3|3|3|3|3|3|3|3|3
19073,3,False,3,0,3,3|3|3|3|3|3|3|3|3|3
19078,3,False,3,2,3,3|3|2|3|3|2|3|3|3|3
19085,3,False,3,6,3,6|6|3|3|3|3|5|6|5|5
19088,3,False,3,8,2,2|2|3|2|2|3|2|2|2|2
19100,3,False,3,7,2,2|2|3|2|5|2|3|5|2|3
19121,3,False,3,0,3,3|3|3|3|3|3|3|3|3|3
19126,3,False,3,5,3,3|2|5|3|3|2|4|5|3|3
19167,3,False,3,0,3,3|3|3|3|3|3|3|3|3|3
19169,3,False,3,0,3,3|3|3|3|3|3|3|3|3|3
19171,3,False,3,8,2,2|2|2|3|2|3|2|2|0|2
19197,3,False,3,10,2,2|2|2|2|2|2|2|2|2|2
19199,3,False,3,2,3,3|3|3|3|3|3|3|0|3|2
19203,3,False,3,8,2,2|2|2|1|3|3|1|2|2|2
19206,3,False,3,2,3,3|3|2|2|3|3|3|3|3|3
19221,3,False,3,4,3,1|1|3|3|1|3|3|3|2|3
19222,3,False,3,2,3,3|3|3|2|3|3|3|3|2|3
19247,3,False,3,1,3,3|3|3|3|3|3|2|3|3|3
19257,3,False,3,6,2,2|2|3|2|2|2|3|3|3|2
19280,3,False,3,10,1,1|1|4|2|1|2|1|1|1|1
19301,3,False,3,0,3,3|3|3|3|3|3|3|3|3|3
19315,3,False,3,0,3,3|3|3|3|3|3|3|3|3|3
19321,3,False,3,2,3,3|3|2|2|3|3|3|3|3|3
19338,3,False,3,10,1,1|1|1|1|1|1|1|1|1|1
19344,3,False,3,9,2,1|2|4|2|2|2|3|2|2|2
19379,3,False,3,3,3,3|3|2|3|2|3|2|3|3|3
19385,3,False,3,0,3,3|3|3|3|3|3|3|3|3|3
19395,3,False,3,2,3,3|2|3|3|3|3|3|2|3|3
19406,3,False,3,8,2,2|2|2|2|2|2|2|3|3|2
19418,3,False,3,1,3,5|3|3|3|3|3|3|3|3|3
19423,3,False,3,6,5,3|5|5|5|5|5|0|3|3|3
19430,3,False,3,1,3,3|3|3|1|3|3|3|3|3|3
19440,3,False,3,0,3,3|3|3|3|3|3|3|3|3|3
19447,3,False,3,3,3,3|2|3|2|3|3|3|2|3|3
19461,3,False,3,3,3,3|1|3|3|2|3|3|3|2|3
19468,3,False,3,3,3,3|3|3|2|5|3|2|3|3|3
19482,3,False,3,2,3,3|3|3|2|3|2|3|3|3|3
19484,3,False,3,0,3,3|3|3|3|3|3|3|3|3|3
19485,3,False,3,3,3,3|3|3|3|1|3|3|5|4|3
19488,3,False,3,10,2,2|2|2|2|2|2|2|2|2|2
19492,3,False,3,1,3,3|3|3|3|3|3|3|3|1|3
19495,3,False,3,0,3,3|3|3|3|3|3|3|3|3|3
19503,3,False,3,3,3,3|3|2|2|3|3|2|3|3|3
19536,3,False,3,6,2,3|2|2|2|2|3|3|2|3|2
19538,3,False,3,8,2,2|2|2|2|3|3|2|2|2|2
19549,3,False,3,0,3,3|3|3|3|3|3|3|3|3|3
19552,3,False,3,5,-1,3|2|2|2|3|2|3|3|3|2
19556,3,False,3,9,-1,2|5|0|5|0|0|0|3|5|5
19567,3,False,3,0,3,3|3|3|3|3|3|3|3|3|3
19572,3,False,3,4,3,3|3|2|3|3|2|2|2|3|3
19605,3,False,3,0,3,3|3|3|3|3|3|3|3|3|3
19610,3,False,3,6,5,4|5|3|3|3|3|5|5|5|5
19620,3,False,3,0,3,3|3|3|3|3|3|3|3|3|3
19625,3,False,3,0,3,3|3|3|3|3|3|3|3|3|3
19635,3,False,3,0,3,3|3|3|3|3|3|3|3|3|3
19637,3,False,3,0,3,3|3|3|3|3|3|3|3|3|3
19641,3,False,3,10,2,2|2|2|2|2|2|2|2|2|2
19645,3,False,3,4,3,3|3|3|2|2|3|2|2|3|3
19646,3,False,3,8,-1,5|5|2|2|5|2|3|3|2|5
19659,3,False,3,1,3,3|3|3|5|3|3|3|3|3|3
19675,3,False,3,0,3,3|3|3|3|3|3|3|3|3|3
19679,3,False,3,0,3,3|3|3|3|3|3|3|3|3|3
19681,3,False,3,3,3,3|3|2|3|2|3|2|3|3|3
19686,3,False,3,0,3,3|3|3|3|3|3|3|3|3|3
19689,3,False,3,0,3,3|3|3|3|3|3|3|3|3|3
19693,3,False,3,10,2,2|2|2|2|9|2|8|2|2|9
19694,3,False,3,3,3,2|2|3|3|2|3|3|3|3|3
19695,3,False,3,9,2,2|2|2|3|2|2|2|2|2|2
19709,3,False,3,3,3,3|3|2|2|3|2|3|3|3|3
19711,3,False,3,3,3,5|3|5|3|3|3|3|3|3|5
19714,3,False,3,0,3,3|3|3|3|3|3|3|3|3|3
19717,3,False,3,0,3,3|3|3|3|3|3|3|3|3|3
19729,3,False,3,3,3,3|2|3|3|3|3|3|3|4|2
19746,3,False,3,3,3,3|3|2|2|3|2|3|3|3|3
19771,3,False,3,0,3,3|3|3|3|3|3|3|3|3|3
19773,3,False,3,0,3,3|3|3|3|3|3|3|3|3|3
19776,3,False,3,6,-1,3|0|3|3|3|0|1|0|1|0
19778,3,False,3,3,3,0|3|3|3|3|3|0|0|3|3
19782,3,False,3,0,3,3|3|3|3|3|3|3|3|3|3
19796,3,False,3,0,3,3|3|3|3|3|3|3|3|3|3
19800,3,False,3,5,-1,3|3|2|2|3|2|3|2|3|2
19806,3,False,3,5,-1,3|3|2|3|2|2|3|2|2|3
19808,3,False,3,0,3,3|3|3|3|3|3|3|3|3|3
19810,3,False,3,0,3,3|3|3|3|3|3|3|3|3|3
19813,3,False,3,3,3,3|3|2|3|3|2|3|3|3|2
19818,3,False,3,0,3,3|3|3|3|3|3|3|3|3|3
19820,3,False,3,9,1,3|1|1|1|1|1|1|1|1|1
19822,3,False,3,10,0,1|0|0|2|0|0|0|0|0|0
19837,3,False,3,0,3,3|3|3|3|3|3|3|3|3|3
19868,3,False,3,1,3,3|3|2|3|3|3|3|3|3|3
19874,3,False,3,2,3,3|3|2|2|3|3|3|3|3|3
19912,3,False,3,9,2,2|2|2|2|2|2|2|2|3|2
19919,3,False,3,1,3,3|3|3|3|3|3|3|3|1|3
19935,3,False,3,8,2,2|2|3|3|0|6|0|2|2|0
19944,3,False,3,2,3,3|3|3|3|3|3|3|2|3|2
19948,3,False,3,2,3,3|2|3|3|2|3|3|3|3|3
19953,3,False,3,0,3,3|3|3|3|3|3|3|3|3|3
19960,3,False,3,1,3,3|3|2|3|3|3|3|3|3|3
19963,3,False,3,10,2,2|2|2|2|2|2|2|2|2|2
19973,3,False,3,0,3,3|3|3|3|3|3|3|3|3|3
19974,3,False,3,4,3,3|3|5|3|3|3|5|3|5|5
19986,3,False,3,6,2,2|2|3|3|2|3|3|2|2|2
19987,3,False,3,2,3,3|2|3|3|3|2|3|3|3|3
20002,3,False,3,2,3,3|3|2|3|2|3|3|3|3|3
20020,4,False,4,0,4,4|4|4|4|4|4|4|4|4|4
20036,4,False,4,0,4,4|4|4|4|4|4|4|4|4|4
20037,4,False,4,0,4,4|4|4|4|4|4|4|4|4|4
20054,4,False,4,1,4,4|4|4|5|4|4|4|4|4|4
20071,4,False,4,10,5,5|5|5|5|5|5|5|5|5|5
20111,4,False,4,3,4,5|4|4|5|4|4|4|5|4|4
20123,4,False,4,0,4,4|4|4|4|4|4|4|4|4|4
20124,4,False,4,1,4,4|4|4|4|5|4|4|4|4|4
20141,4,False,4,0,4,4|4|4|4|4|4|4|4|4|4
20142,4,False,4,0,4,4|4|4|4|4|4|4|4|4|4
20144,4,False,4,0,4,4|4|4|4|4|4|4|4|4|4
20146,4,False,4,10,9,9|8|8|9|9|2|8|9|9|9
20175,4,False,4,0,4,4|4|4|4|4|4|4|4|4|4
20182,4,False,4,0,4,4|4|4|4|4|4|4|4|4|4
20187,4,False,4,1,4,4|4|4|4|4|4|5|4|4|4
20217,4,False,4,1,4,4|4|5|4|4|4|4|4|4|4
20227,4,False,4,0,4,4|4|4|4|4|4|4|4|4|4
20231,4,False,4,0,4,4|4|4|4|4|4|4|4|4|4
20236,4,False,4,0,4,4|4|4|4|4|4|4|4|4|4
20251,4,False,4,0,4,4|4|4|4|4|4|4|4|4|4
20255,4,False,4,10,0,6|6|2|0|0|0|2|0|0|6
20261,4,False,4,0,4,4|4|4|4|4|4|4|4|4|4
20264,4,False,4,0,4,4|4|4|4|4|4|4|4|4|4
20275,4,False,4,6,5,5|5|4|4|4|4|5|5|5|5
20298,4,False,4,4,4,4|4|5|5|4|5|5|4|4|4
20300,4,False,4,0,4,4|4|4|4|4|4|4|4|4|4
20316,4,False,4,10,-1,7|9|8|9|9|8|3|2|7|8
20327,4,False,4,0,4,4|4|4|4|4|4|4|4|4|4
20330,4,False,4,0,4,4|4|4|4|4|4|4|4|4|4
20340,4,False,4,9,5,5|5|4|5|5|5|5|5|5|5
20341,4,False,4,7,5,5|5|4|4|5|4|5|5|5|5
20354,4,False,4,6,-1,4|5|5|5|5|3|0|4|4|4
20363,4,False,4,7,5,4|5|5|5|5|5|5|4|4|5
20367,4,False,4,0,4,4|4|4|4|4|4|4|4|4|4
20375,4,False,4,1,4,4|4|4|4|4|4|4|5|4|4
20383,4,False,4,3,4,4|4|5|5|4|5|4|4|4|4
20407,4,False,4,1,4,4|4|4|5|4|4|4|4|4|4
20418,4,False,4,0,4,4|4|4|4|4|4|4|4|4|4
20429,4,False,4,10,5,5|5|5|5|5|5|5|5|5|5
20460,4,False,4,0,4,4|4|4|4|4|4|4|4|4|4
20476,4,False,4,0,4,4|4|4|4|4|4|4|4|4|4
20487,4,False,4,0,4,4|4|4|4|4|4|4|4|4|4
20498,4,False,4,0,4,4|4|4|4|4|4|4|4|4|4
20504,4,False,4,0,4,4|4|4|4|4|4|4|4|4|4
20515,4,False,4,0,4,4|4|4|4|4|4|4|4|4|4
20519,4,False,4,2,4,4|4|5|4|4|4|4|4|5|4
20536,4,False,4,0,4,4|4|4|4|4|4|4|4|4|4
20538,4,False,4,5,-1,5|5|4|5|5|4|4|4|4|5
20548,4,False,4,0,4,4|4|4|4|4|4|4|4|4|4
20550,4,False,4,6,5,5|5|4|4|5|4|5|5|4|5
20562,4,False,4,2,4,4|4|4|5|4|5|4|4|4|4
20567,4,False,4,10,1,1|1|1|6|1|6|1|6|1|1
20568,4,False,4,10,9,9|9|9|9|9|9|9|9|9|8
20583,4,False,4,1,4,4|4|4|4|4|5|4|4|4|4
20600,4,False,4,0,4,4|4|4|4|4|4|4|4|4|4
20609,4,False,4,0,4,4|4|4|4|4|4|4|4|4|4
20614,4,False,4,8,3,3|3|5|4|3|5|4|3|3|3
20624,4,False,4,0,4,4|4|4|4|4|4|4|4|4|4
20629,4,False,4,4,4,4|5|4|5|4|5|4|5|4|4
20630,4,False,4,10,5,5|1|5|5|1|5|5|5|5|5
20636,4,False,4,0,4,4|4|4|4|4|4|4|4|4|4
20638,4,False,4,0,4,4|4|4|4|4|4|4|4|4|4
20653,4,False,4,0,4,4|4|4|4|4|4|4|4|4|4
20660,4,False,4,9,-1,4|6|0|0|9|6|2|0|6|8
20669,4,False,4,1,4,4|4|4|4|4|5|4|4|4|4
20690,4,False,4,0,4,4|4|4|4|4|4|4|4|4|4
20725,4,False,4,1,4,4|4|4|5|4|4|4|4|4|4
20727,4,False,4,0,4,4|4|4|4|4|4|4|4|4|4
20749,4,False,4,10,5,5|5|0|0|0|5|5|5|5|5
20759,4,False,4,0,4,4|4|4|4|4|4|4|4|4|4
20772,4,False,4,0,4,4|4|4|4|4|4|4|4|4|4
20776,4,False,4,0,4,4|4|4|4|4|4|4|4|4|4
20778,4,False,4,1,4,4|4|4|4|5|4|4|4|4|4
20794,4,False,4,0,4,4|4|4|4|4|4|4|4|4|4
20800,4,False,4,0,4,4|4|4|4|4|4|4|4|4|4
20807,4,False,4,1,4,4|4|4|4|4|4|4|4|5|4
20810,4,False,4,0,4,4|4|4|4|4|4|4|4|4|4
20811,4,False,4,0,4,4|4|4|4|4|4|4|4|4|4
20826,4,False,4,0,4,4|4|4|4|4|4|4|4|4|4
20834,4,False,4,0,4,4|4|4|4|4|4|4|4|4|4
20839,4,False,4,10,5,5|5|5|5|5|5|5|5|5|5
20840,4,False,4,2,4,4|1|4|4|4|4|4|1|4|4
20846,4,False,4,6,3,3|3|3|3|4|3|4|3|4|4
20847,4,False,4,0,4,4|4|4|4|4|4|4|4|4|4
20856,4,False,4,0,4,4|4|4|4|4|4|4|4|4|4
20862,4,False,4,1,4,4|4|4|5|4|4|4|4|4|4
20878,4,False,4,9,2,2|3|2|2|3|2|2|3|4|2
20886,4,False,4,0,4,4|4|4|4|4|4|4|4|4|4
20895,4,False,4,0,4,4|4|4|4|4|4|4|4|4|4
20898,4,False,4,3,4,4|4|9|5|4|4|4|4|4|8
20902,4,False,4,0,4,4|4|4|4|4|4|4|4|4|4
20917,4,False,4,2,4,4|3|4|3|4|4|4|4|4|4
20925,4,False,4,0,4,4|4|4|4|4|4|4|4|4|4
20940,4,False,4,0,4,4|4|4|4|4|4|4|4|4|4
20952,4,False,4,0,4,4|4|4|4|4|4|4|4|4|4
20953,4,False,4,1,4,4|4|5|4|4|4|4|4|4|4
20955,4,False,4,3,4,4|3|4|4|3|4|4|3|4|4
20956,4,False,4,4,4,4|4|0|4|9|4|4|8|0|4
20958,4,False,4,0,4,4|4|4|4|4|4|4|4|4|4
20966,4,False,4,1,4,1|4|4|4|4|4|4|4|4|4
20976,4,False,4,0,4,4|4|4|4|4|4|4|4|4|4
20998,4,False,4,10,5,5|5|5|5|5|5|5|5|5|5
21003,4,False,4,10,0,0|0|5|6|2|5|0|0|2|0
21015,4,False,4,0,4,4|4|4|4|4|4|4|4|4|4
21030,4,False,4,3,4,4|1|4|4|4|4|1|1|4|4
21031,4,False,4,0,4,4|4|4|4|4|4|4|4|4|4
21035,4,False,4,10,5,5|5|5|5|5|5|5|5|5|5
21049,4,False,4,10,5,5|5|5|5|5|5|5|5|5|5
21052,4,False,4,6,5,4|4|5|5|5|5|5|4|4|5
21053,4,False,4,5,4,1|1|4|4|1|4|1|5|4|4
21066,4,False,4,0,4,4|4|4|4|4|4|4|4|4|4
21088,4,False,4,0,4,4|4|4|4|4|4|4|4|4|4
21090,4,False,4,0,4,4|4|4|4|4|4|4|4|4|4
21094,4,False,4,0,4,4|4|4|4|4|4|4|4|4|4
21112,4,False,4,9,0,0|8|1|0|5|0|1|6|4|2
21130,4,False,4,0,4,4|4|4|4|4|4|4|4|4|4
21132,4,False,4,1,4,4|4|4|4|5|4|4|4|4|4
21135,4,False,4,0,4,4|4|4|4|4|4|4|4|4|4
21144,4,False,4,0,4,4|4|4|4|4|4|4|4|4|4
21164,4,False,4,0,4,4|4|4|4|4|4|4|4|4|4
21165,4,False,4,0,4,4|4|4|4|4|4|4|4|4|4
21176,4,False,4,0,4,4|4|4|4|4|4|4|4|4|4
21178,4,False,4,0,4,4|4|4|4|4|4|4|4|4|4
21182,4,False,4,0,4,4|4|4|4|4|4|4|4|4|4
21211,4,False,4,10,5,5|5|5|5|5|5|5|5|5|5
21214,4,False,4,0,4,4|4|4|4|4|4|4|4|4|4
21223,4,False,4,0,4,4|4|4|4|4|4|4|4|4|4
21236,4,False,4,0,4,4|4|4|4|4|4|4|4|4|4
21240,4,False,4,9,5,5|5|4|5|5|5|5|5|5|5
21242,4,False,4,1,4,4|4|4|5|4|4|4|4|4|4
21247,4,False,4,0,4,4|4|4|4|4|4|4|4|4|4
21272,4,False,4,8,1,1|1|4|5|1|4|1|1|1|1
21280,4,False,4,0,4,4|4|4|4|4|4|4|4|4|4
21281,4,False,4,0,4,4|4|4|4|4|4|4|4|4|4
21282,4,False,4,0,4,4|4|4|4|4|4|4|4|4|4
21284,4,False,4,10,5,5|5|5|5|5|5|5|5|5|5
21331,4,False,4,4,4,4|4|4|4|6|4|6|6|4|6
21334,4,False,4,1,4,5|4|4|4|4|4|4|4|4|4
21353,4,False,4,5,-1,5|5|5|4|5|4|4|4|5|4
21363,4,False,4,1,4,4|4|4|4|5|4|4|4|4|4
21374,4,False,4,0,4,4|4|4|4|4|4|4|4|4|4
21397,4,False,4,0,4,4|4|4|4|4|4|4|4|4|4
21414,4,False,4,0,4,4|4|4|4|4|4|4|4|4|4
21450,4,False,4,2,4,4|4|5|4|4|5|4|4|4|4
21456,4,False,4,5,-1,5|4|4|4|5|4|5|5|5|4
21464,4,False,4,0,4,4|4|4|4|4|4|4|4|4|4
21475,4,False,4,0,4,4|4|4|4|4|4|4|4|4|4
21482,4,False,4,0,4,4|4|4|4|4|4|4|4|4|4
21534,4,False,4,9,5,5|5|5|5|5|5|5|5|4|5
21535,4,False,4,1,4,4|4|4|4|4|5|4|4|4|4
21545,4,False,4,8,2,4|4|1|1|1|2|2|2|0|2
21550,4,False,4,1,4,4|4|1|4|4|4|4|4|4|4
21560,4,False,4,0,4,4|4|4|4|4|4|4|4|4|4
21578,4,False,4,0,4,4|4|4|4|4|4|4|4|4|4
21593,4,False,4,0,4,4|4|4|4|4|4|4|4|4|4
21613,4,False,4,8,1,4|1|5|5|0|1|0|4|1|1
21618,4,False,4,0,4,4|4|4|4|4|4|4|4|4|4
21619,4,False,4,10,-1,3|2|3|3|2|3|3|2|2|2
21621,4,False,4,0,4,4|4|4|4|4|4|4|4|4|4
21625,4,False,4,1,4,4|4|4|5|4|4|4|4|4|4
21628,4,False,4,9,5,5|5|3|3|5|5|5|5|5|4
21631,4,False,4,4,4,4|5|5|5|4|5|4|4|4|4
21637,4,False,4,9,8,4|0|5|5|8|8|2|8|0|8
21646,4,False,4,0,4,4|4|4|4|4|4|4|4|4|4
21647,4,False,4,0,4,4|4|4|4|4|4|4|4|4|4
21651,4,False,4,0,4,4|4|4|4|4|4|4|4|4|4
21653,4,False,4,0,4,4|4|4|4|4|4|4|4|4|4
21659,4,False,4,3,4,4|4|1|1|4|1|4|4|4|4
21669,4,False,4,10,5,5|5|5|5|5|5|5|5|5|5
21680,4,False,4,0,4,4|4|4|4|4|4|4|4|4|4
21683,4,False,4,2,4,4|4|4|1|1|4|4|4|4|4
21697,4,False,4,2,4,4|4|5|4|4|5|4|4|4|4
21698,4,False,4,0,4,4|4|4|4|4|4|4|4|4|4
21708,4,False,4,1,4,4|4|4|4|4|5|4|4|4|4
21716,4,False,4,3,4,4|5|4|1|4|4|4|1|4|4
21720,4,False,4,0,4,4|4|4|4|4|4|4|4|4|4
21746,4,False,4,0,4,4|4|4|4|4|4|4|4|4|4
21754,4,False,4,0,4,4|4|4|4|4|4|4|4|4|4
21765,4,False,4,4,4,4|4|4|0|4|1|2|2|4|4
21776,4,False,4,0,4,4|4|4|4|4|4|4|4|4|4
21786,4,False,4,10,1,1|1|1|1|1|1|1|1|1|1
21787,4,False,4,0,4,4|4|4|4|4|4|4|4|4|4
21814,4,False,4,0,4,4|4|4|4|4|4|4|4|4|4
21815,4,False,4,8,5,5|5|5|5|5|4|5|4|5|5
21823,4,False,4,0,4,4|4|4|4|4|4|4|4|4|4
21849,4,False,4,6,5,5|5|5|4|5|4|5|4|4|5
21852,4,False,4,0,4,4|4|4|4|4|4|4|4|4|4
21857,4,False,4,2,4,4|4|4|4|5|4|4|5|4|4
21862,4,False,4,0,4,4|4|4|4|4|4|4|4|4|4
21881,4,False,4,0,4,4|4|4|4|4|4|4|4|4|4
21886,4,False,4,0,4,4|4|4|4|4|4|4|4|4|4
21887,4,False,4,5,-1,4|5|5|4|4|5|5|4|5|4
21888,4,False,4,5,-1,4|5|4|5|5|4|5|4|5|4
21890,4,False,4,0,4,4|4|4|4|4|4|4|4|4|4
21908,4,False,4,10,5,5|5|5|5|5|5|5|5|5|5
21912,4,False,4,10,5,5|5|5|5|5|5|5|5|5|5
21924,4,False,4,1,4,3|4|4|4|4|4|4|4|4|4
21932,4,False,4,1,4,4|4|4|5|4|4|4|4|4|4
21971,4,False,4,2,4,4|4|5|4|4|4|4|4|5|4
21993,4,False,4,10,6,6|6|6|6|0|6|6|6|6|6
22004,4,False,4,1,4,4|4|5|4|4|4|4|4|4|4
22013,4,False,4,0,4,4|4|4|4|4|4|4|4|4|4
22014,4,False,4,9,6,6|6|6|4|6|6|6|6|6|6
22022,4,False,4,0,4,4|4|4|4|4|4|4|4|4|4
22027,4,False,4,3,4,5|4|4|5|4|4|5|4|4|4
22041,4,False,4,8,-1,1|3|5|4|1|3|4|5|5|1
22045,4,False,4,1,4,4|5|4|4|4|4|4|4|4|4
22049,4,False,4,9,5,5|5|5|5|5|4|5|5|5|5
22051,4,False,4,0,4,4|4|4|4|4|4|4|4|4|4
22052,4,False,4,0,4,4|4|4|4|4|4|4|4|4|4
22067,4,False,4,7,5,5|5|5|0|4|4|5|4|5|5
22076,4,False,4,0,4,4|4|4|4|4|4|4|4|4|4
22078,4,False,4,1,4,4|4|4|4|4|4|5|4|4|4
22081,4,False,4,0,4,4|4|4|4|4|4|4|4|4|4
22089,4,False,4,6,5,5|4|5|4|5|5|4|4|5|5
22098,4,False,4,0,4,4|4|4|4|4|4|4|4|4|4
22100,4,False,4,1,4,3|4|4|4|4|4|4|4|4|4
22101,4,False,4,0,4,4|4|4|4|4|4|4|4|4|4
22107,4,False,4,10,5,1|1|5|5|5|5|1|1|5|5
22125,4,False,4,6,5,5|5|4|4|5|4|5|5|5|4
22134,4,False,4,2,4,4|4|4|1|4|1|4|4|4|4
22140,4,False,4,6,4,3|5|4|0|4|0|0|3|4|4
22148,4,False,4,1,4,4|4|4|4|4|0|4|4|4|4
22153,4,False,4,7,0,0|0|4|4|0|4|0|0|0|0
22163,4,False,4,0,4,4|4|4|4|4|4|4|4|4|4
22164,4,False,4,5,4,4|3|5|5|4|4|4|2|5|4
22171,4,False,4,8,0,4|0|5|0|5|0|4|0|0|0
22172,4,False,4,1,4,4|4|4|4|4|4|4|5|4|4
22173,4,False,4,0,4,4|4|4|4|4|4|4|4|4|4
22174,4,False,4,10,8,8|8|9|9|8|8|8|8|9|8
22204,4,False,4,2,4,5|5|4|4|4|4|4|4|4|4
22233,4,False,4,0,4,4|4|4|4|4|4|4|4|4|4
22245,4,False,4,0,4,4|4|4|4|4|4|4|4|4|4
22256,4,False,4,0,4,4|4|4|4|4|4|4|4|4|4
22292,4,False,4,0,4,4|4|4|4|4|4|4|4|4|4
22294,4,False,4,9,8,8|9|8|8|8|8|8|4|8|9
22299,4,False,4,3,4,4|4|5|4|4|5|5|4|4|4
22303,4,False,4,0,4,4|4|4|4|4|4|4|4|4|4
22315,4,False,4,1,4,5|4|4|4|4|4|4|4|4|4
22330,4,False,4,2,4,4|1|4|4|4|4|4|4|1|4
22347,4,False,4,1,4,4|4|4|4|4|7|4|4|4|4
22360,4,False,4,1,4,4|4|4|4|4|4|4|9|4|4
22366,4,False,4,0,4,4|4|4|4|4|4|4|4|4|4
22384,4,False,4,6,5,5|4|5|4|5|4|5|5|5|4
22386,4,False,4,0,4,4|4|4|4|4|4|4|4|4|4
22400,4,False,4,4,4,5|5|5|4|4|4|4|4|4|5
22402,4,False,4,0,4,4|4|4|4|4|4|4|4|4|4
22419,4,False,4,0,4,4|4|4|4|4|4|4|4|4|4
22424,4,False,4,9,5,5|5|5|5|5|4|5|5|5|5
22428,4,False,4,3,4,4|4|4|5|4|4|5|4|5|4
22432,4,False,4,0,4,4|4|4|4|4|4|4|4|4|4
22438,4,False,4,6,1,1|1|1|4|4|1|1|4|1|4
22440,4,False,4,0,4,4|4|4|4|4|4|4|4|4|4
22470,4,False,4,0,4,4|4|4|4|4|4|4|4|4|4
22471,4,False,4,0,4,4|4|4|4|4|4|4|4|4|4
22476,4,False,4,0,4,4|4|4|4|4|4|4|4|4|4
22478,4,False,4,1,4,4|4|4|4|4|5|4|4|4|4
22487,4,False,4,0,4,4|4|4|4|4|4|4|4|4|4
22496,4,False,4,0,4,4|4|4|4|4|4|4|4|4|4
22498,4,False,4,3,4,5|4|4|4|5|4|4|4|4|5
22507,4,False,4,10,5,5|5|5|5|5|5|5|5|5|5
22514,4,False,4,10,5,5|5|5|5|5|5|5|5|5|5
22516,4,False,4,2,4,4|5|4|4|4|4|4|5|4|4
22528,4,False,4,4,4,5|4|5|5|4|4|4|4|4|5
22570,4,False,4,10,5,5|5|5|5|5|5|5|5|5|5
22578,4,False,4,0,4,4|4|4|4|4|4|4|4|4|4
22581,4,False,4,2,4,4|5|4|4|4|5|4|4|4|4
22582,4,False,4,9,5,5|5|4|5|5|5|5|5|5|5
22584,4,False,4,0,4,4|4|4|4|4|4|4|4|4|4
22596,4,False,4,0,4,4|4|4|4|4|4|4|4|4|4
22598,4,False,4,0,4,4|4|4|4|4|4|4|4|4|4
22609,4,False,4,10,5,5|5|5|5|5|5|5|5|5|5
22622,4,False,4,0,4,4|4|4|4|4|4|4|4|4|4
22625,4,False,4,1,4,4|4|4|4|5|4|4|4|4|4
22629,4,False,4,0,4,4|4|4|4|4|4|4|4|4|4
22655,4,False,4,10,6,6|6|0|6|7|0|6|6|6|6
22660,4,False,4,0,4,4|4|4|4|4|4|4|4|4|4
22674,4,False,4,10,5,5|5|5|5|5|5|5|5|5|5
22679,4,False,4,0,4,4|4|4|4|4|4|4|4|4|4
22680,4,False,4,0,4,4|4|4|4|4|4|4|4|4|4
22699,4,False,4,10,3,3|3|2|1|3|3|2|3|3|1
22703,4,False,4,2,4,4|4|4|4|4|4|4|5|5|4
22710,4,False,4,0,4,4|4|4|4|4|4|4|4|4|4
22720,4,False,4,10,2,2|0|2|0|2|2|9|2|0|2
22734,4,False,4,0,4,4|4|4|4|4|4|4|4|4|4
22746,4,False,4,9,5,5|5|4|5|5|5|5|5|5|5
22751,4,False,4,0,4,4|4|4|4|4|4|4|4|4|4
22754,4,False,4,0,4,4|4|4|4|4|4|4|4|4|4
22756,4,False,4,0,4,4|4|4|4|4|4|4|4|4|4
22768,4,False,4,1,4,4|4|4|4|4|5|4|4|4|4
22773,4,False,4,1,4,4|4|4|4|1|4|4|4|4|4
22780,4,False,4,10,5,5|5|5|5|5|5|5|1|5|5
22793,4,False,4,2,4,4|4|4|4|4|5|5|4|4|4
22795,4,False,4,10,5,5|5|5|5|5|5|5|5|5|5
22811,4,False,4,10,5,5|5|5|5|5|0|5|5|5|5
22822,4,False,4,10,5,5|5|5|5|5|5|5|5|5|5
22826,4,False,4,0,4,4|4|4|4|4|4|4|4|4|4
22847,4,False,4,0,4,4|4|4|4|4|4|4|4|4|4
22855,4,False,4,0,4,4|4|4|4|4|4|4|4|4|4
22868,4,False,4,0,4,4|4|4|4|4|4|4|4|4|4
22879,4,False,4,8,1,1|1|4|1|1|1|1|1|1|4
22885,4,False,4,7,5,5|4|5|4|5|5|5|5|4|5
22900,4,False,4,0,4,4|4|4|4|4|4|4|4|4|4
22966,4,False,4,4,4,5|5|5|4|4|4|4|4|5|4
22987,4,False,4,0,4,4|4|4|4|4|4|4|4|4|4
22998,4,False,4,4,4,4|1|4|4|1|1|1|4|4|4
23014,4,False,4,0,4,4|4|4|4|4|4|4|4|4|4
23024,4,False,4,0,4,4|4|4|4|4|4|4|4|4|4
23041,4,False,4,2,4,4|5|4|3|4|4|4|4|4|4
23051,4,False,4,2,4,4|4|4|4|4|4|5|4|5|4
23062,4,False,4,10,-1,0|1|5|1|3|1|1|0|0|0
23063,4,False,4,10,1,1|1|1|1|1|0|1|1|1|1
23080,4,False,4,1,4,4|4|4|1|4|4|4|4|4|4
23085,4,False,4,0,4,4|4|4|4|4|4|4|4|4|4
23089,4,False,4,1,4,4|1|4|4|4|4|4|4|4|4
23109,4,False,4,2,4,4|4|4|5|4|5|4|4|4|4
23116,4,False,4,1,4,4|4|4|4|4|4|4|4|5|4
23117,4,False,4,9,8,4|8|2|2|1|8|2|8|0|8
23134,4,False,4,0,4,4|4|4|4|4|4|4|4|4|4
23135,4,False,4,0,4,4|4|4|4|4|4|4|4|4|4
23158,4,False,4,0,4,4|4|4|4|4|4|4|4|4|4
23163,4,False,4,0,4,4|4|4|4|4|4|4|4|4|4
23175,4,False,4,9,2,1|1|3|4|2|1|2|2|3|2
23177,4,False,4,1,4,4|5|4|4|4|4|4|4|4|4
23193,4,False,4,1,4,4|4|4|4|4|5|4|4|4|4
23194,4,False,4,0,4,4|4|4|4|4|4|4|4|4|4
23196,4,False,4,0,4,4|4|4|4|4|4|4|4|4|4
23198,4,False,4,0,4,4|4|4|4|4|4|4|4|4|4
23218,4,False,4,3,4,4|4|5|4|4|4|5|4|4|5
23221,4,False,4,0,4,4|4|4|4|4|4|4|4|4|4
23251,4,False,4,0,4,4|4|4|4|4|4|4|4|4|4
23256,4,False,4,5,-1,4|5|5|5|5|5|4|4|4|4
23267,4,False,4,9,1,1|3|5|3|1|5|1|1|3|4
23275,4,False,4,7,5,4|5|5|5|5|4|5|4|5|5
23296,4,False,4,0,4,4|4|4|4|4|4|4|4|4|4
23311,4,False,4,0,4,4|4|4|4|4|4|4|4|4|4
23313,4,False,4,0,4,4|4|4|4|4|4|4|4|4|4
23316,4,False,4,0,4,4|4|4|4|4|4|4|4|4|4
23320,4,False,4,0,4,4|4|4|4|4|4|4|4|4|4
23321,4,False,4,4,4,5|4|4|4|4|5|5|4|5|4
23328,4,False,4,0,4,4|4|4|4|4|4|4|4|4|4
23338,4,False,4,0,4,4|4|4|4|4|4|4|4|4|4
23340,4,False,4,0,4,4|4|4|4|4|4|4|4|4|4
23346,4,False,4,10,5,5|5|5|5|5|5|5|5|5|5
23353,4,False,4,0,4,4|4|4|4|4|4|4|4|4|4
23373,4,False,4,10,8,8|8|8|8|8|2|8|9|0|8
23376,4,False,4,2,4,4|4|5|5|4|4|4|4|4|4
23384,4,False,4,0,4,4|4|4|4|4|4|4|4|4|4
23385,4,False,4,8,2,2|2|4|3|1|3|4|6|2|6
23386,4,False,4,0,4,4|4|4|4|4|4|4|4|4|4
23396,4,False,4,1,4,4|4|5|4|4|4|4|4|4|4
23411,4,False,4,5,-1,5|4|5|5|4|5|4|4|5|4
23418,4,False,4,0,4,4|4|4|4|4|4|4|4|4|4
23421,4,False,4,0,4,4|4|4|4|4|4|4|4|4|4
23433,4,False,4,0,4,4|4|4|4|4|4|4|4|4|4
23439,4,False,4,0,4,4|4|4|4|4|4|4|4|4|4
23441,4,False,4,1,4,5|4|4|4|4|4|4|4|4|4
23458,4,False,4,1,4,4|4|4|5|4|4|4|4|4|4
23468,4,False,4,0,4,4|4|4|4|4|4|4|4|4|4
23472,4,False,4,1,4,4|4|4|5|4|4|4|4|4|4
23476,4,False,4,0,4,4|4|4|4|4|4|4|4|4|4
23477,4,False,4,0,4,4|4|4|4|4|4|4|4|4|4
23480,4,False,4,7,0,4|4|0|6|0|6|0|0|4|0
23483,4,False,4,3,4,4|4|5|5|4|4|4|5|4|4
23501,4,False,4,0,4,4|4|4|4|4|4|4|4|4|4
23515,4,False,4,0,4,4|4|4|4|4|4|4|4|4|4
23528,4,False,4,0,4,4|4|4|4|4|4|4|4|4|4
23545,4,False,4,0,4,4|4|4|4|4|4|4|4|4|4
23574,4,False,4,9,5,5|5|5|5|5|5|5|4|5|5
23582,4,False,4,0,4,4|4|4|4|4|4|4|4|4|4
23589,4,False,4,0,4,4|4|4|4|4|4|4|4|4|4
23593,4,False,4,0,4,4|4|4|4|4|4|4|4|4|4
23597,4,False,4,7,5,4|4|5|5|5|5|5|1|4|1
23605,4,False,4,0,4,4|4|4|4|4|4|4|4|4|4
23613,4,False,4,0,4,4|4|4|4|4|4|4|4|4|4
23640,4,False,4,0,4,4|4|4|4|4|4|4|4|4|4
23642,4,False,4,5,-1,4|2|4|4|2|4|2|4|2|2
23646,4,False,4,0,4,4|4|4|4|4|4|4|4|4|4
23647,4,False,4,9,1,1|2|2|1|1|2|1|1|4|1
23648,4,False,4,10,3,3|3|1|3|2|3|5|3|3|5
23651,4,False,4,0,4,4|4|4|4|4|4|4|4|4|4
23655,4,False,4,6,5,5|4|5|5|4|5|4|4|5|5
23659,4,False,4,2,4,4|4|5|4|4|4|4|5|4|4
23669,4,False,4,0,4,4|4|4|4|4|4|4|4|4|4
23718,4,False,4,0,4,4|4|4|4|4|4|4|4|4|4
23723,4,False,4,0,4,4|4|4|4|4|4|4|4|4|4
23732,4,False,4,0,4,4|4|4|4|4|4|4|4|4|4
23737,4,False,4,4,4,4|4|8|4|5|5|5|4|4|4
23740,4,False,4,5,4,4|1|4|4|1|1|4|1|2|4
23750,4,False,4,1,4,4|4|4|5|4|4|4|4|4|4
23787,4,False,4,0,4,4|4|4|4|4|4|4|4|4|4
23802,4,False,4,0,4,4|4|4|4|4|4|4|4|4|4
23810,4,False,4,4,4,4|5|5|4|4|4|4|4|5|5
23824,4,False,4,10,6,6|6|6|6|6|6|6|6|6|6
23825,4,False,4,0,4,4|4|4|4|4|4|4|4|4|4
23832,4,False,4,1,4,4|4|4|5|4|4|4|4|4|4
23833,4,False,4,0,4,4|4|4|4|4|4|4|4|4|4
23836,4,False,4,4,4,4|4|5|4|5|5|5|4|4|4
23837,4,False,4,0,4,4|4|4|4|4|4|4|4|4|4
23838,4,False,4,0,4,4|4|4|4|4|4|4|4|4|4
23840,4,False,4,0,4,4|4|4|4|4|4|4|4|4|4
23862,4,False,4,0,4,4|4|4|4|4|4|4|4|4|4
23881,4,False,4,0,4,4|4|4|4|4|4|4|4|4|4
23884,4,False,4,0,4,4|4|4|4|4|4|4|4|4|4
23890,4,False,4,0,4,4|4|4|4|4|4|4|4|4|4
23898,4,False,4,0,4,4|4|4|4|4|4|4|4|4|4
23911,4,False,4,2,4,4|4|5|4|4|5|4|4|4|4
23921,4,False,4,7,5,5|5|4|5|5|5|4|5|4|5
23928,4,False,4,10,2,2|2|2|2|2|2|2|2|2|2
23930,4,False,4,1,4,4|4|4|4|4|5|4|4|4|4
23931,4,False,4,10,3,2|2|6|6|3|3|3|3|1|6
23949,4,False,4,6,-1,4|3|4|2|4|4|3|3|3|5
23959,4,False,4,0,4,4|4|4|4|4|4|4|4|4|4
23975,4,False,4,7,7,7|4|7|7|7|4|7|4|7|7
24015,4,False,4,0,4,4|4|4|4|4|4|4|4|4|4
24019,4,False,4,1,4,5|4|4|4|4|4|4|4|4|4
24029,4,False,4,1,4,4|4|4|4|4|5|4|4|4|4
24051,4,False,4,0,4,4|4|4|4|4|4|4|4|4|4
24066,4,False,4,0,4,4|4|4|4|4|4|4|4|4|4
24107,4,False,4,0,4,4|4|4|4|4|4|4|4|4|4
24111,4,False,4,0,4,4|4|4|4|4|4|4|4|4|4
24123,4,False,4,1,4,4|4|4|1|4|4|4|4|4|4
24126,4,False,4,0,4,4|4|4|4|4|4|4|4|4|4
24128,4,False,4,0,4,4|4|4|4|4|4|4|4|4|4
24134,4,False,4,0,4,4|4|4|4|4|4|4|4|4|4
24167,4,False,4,1,4,4|4|4|4|4|4|4|4|4|0
24174,4,False,4,0,4,4|4|4|4|4|4|4|4|4|4
24179,4,False,4,9,3,5|5|3|0|1|3|3|3|3|4
24207,4,False,4,0,4,4|4|4|4|4|4|4|4|4|4
24237,4,False,4,0,4,4|4|4|4|4|4|4|4|4|4
24258,4,False,4,0,4,4|4|4|4|4|4|4|4|4|4
24260,4,False,4,5,4,4|4|5|5|4|4|5|2|5|4
24286,4,False,4,4,4,5|4|5|5|4|4|4|4|5|4
24299,4,False,4,7,-1,4|5|3|3|9|3|8|5|4|4
24306,4,False,4,0,4,4|4|4|4|4|4|4|4|4|4
24311,4,False,4,0,4,4|4|4|4|4|4|4|4|4|4
24322,4,False,4,0,4,4|4|4|4|4|4|4|4|4|4
24333,4,False,4,0,4,4|4|4|4|4|4|4|4|4|4
24342,4,False,4,0,4,4|4|4|4|4|4|4|4|4|4
24365,4,False,4,0,4,4|4|4|4|4|4|4|4|4|4
24374,4,False,4,0,4,4|4|4|4|4|4|4|4|4|4
24376,4,False,4,5,-1,4|5|4|5|5|5|4|5|4|4
24384,4,False,4,9,3,3|3|3|3|1|4|3|3|3|1
24391,4,False,4,0,4,4|4|4|4|4|4|4|4|4|4
24392,4,False,4,0,4,4|4|4|4|4|4|4|4|4|4
24395,4,False,4,9,5,5|5|5|5|5|5|5|4|5|5
24396,4,False,4,0,4,4|4|4|4|4|4|4|4|4|4
24399,4,False,4,4,4,4|5|5|4|4|5|5|4|4|4
24404,4,False,4,0,4,4|4|4|4|4|4|4|4|4|4
24419,4,False,4,0,4,4|4|4|4|4|4|4|4|4|4
24437,4,False,4,0,4,4|4|4|4|4|4|4|4|4|4
24457,4,False,4,10,2,2|2|1|2|2|2|2|2|0|3
24476,4,False,4,1,4,4|4|4|4|5|4|4|4|4|4
24490,4,False,4,0,4,4|4|4|4|4|4|4|4|4|4
24512,4,False,4,0,4,4|4|4|4|4|4|4|4|4|4
24518,4,False,4,2,4,4|4|4|5|4|5|4|4|4|4
24535,4,False,4,10,5,5|5|3|6|5|5|6|3|5|5
24570,4,False,4,1,4,4|4|5|4|4|4|4|4|4|4
24573,4,False,4,2,4,4|1|4|4|4|4|4|4|4|1
24574,4,False,4,0,4,4|4|4|4|4|4|4|4|4|4
24598,4,False,4,9,1,4|1|5|0|1|1|1|1|5|1
24600,4,False,4,0,4,4|4|4|4|4|4|4|4|4|4
24601,4,False,4,7,8,8|9|8|4|8|4|4|9|8|9
24606,4,False,4,0,4,4|4|4|4|4|4|4|4|4|4
24626,4,False,4,2,4,4|4|5|4|4|2|4|4|4|4
24640,4,False,4,3,4,4|4|2|2|7|4|4|4|4|4
24649,4,False,4,0,4,4|4|4|4|4|4|4|4|4|4
24668,4,False,4,0,4,4|4|4|4|4|4|4|4|4|4
24669,4,False,4,0,4,4|4|4|4|4|4|4|4|4|4
24673,4,False,4,4,4,5|5|4|4|4|4|5|5|4|4
24675,4,False,4,1,4,4|4|4|4|5|4|4|4|4|4
24684,4,False,4,0,4,4|4|4|4|4|4|4|4|4|4
24685,4,False,4,3,4,4|5|1|0|4|4|4|4|4|4
24700,4,False,4,10,0,0|0|0|0|0|0|0|0|0|0
24711,4,False,4,0,4,4|4|4|4|4|4|4|4|4|4
24723,4,False,4,0,4,4|4|4|4|4|4|4|4|4|4
24724,4,False,4,4,4,4|4|4|4|5|5|5|5|4|4
24738,4,False,4,0,4,4|4|4|4|4|4|4|4|4|4
24741,4,False,4,3,4,4|4|4|4|5|4|5|5|4|4
24743,4,False,4,7,9,4|9|4|0|9|9|9|8|5|4
24767,4,False,4,0,4,4|4|4|4|4|4|4|4|4|4
24768,4,False,4,0,4,4|4|4|4|4|4|4|4|4|4
24791,4,False,4,0,4,4|4|4|4|4|4|4|4|4|4
24808,4,False,4,1,4,4|5|4|4|4|4|4|4|4|4
24813,4,False,4,0,4,4|4|4|4|4|4|4|4|4|4
24835,4,False,4,0,4,4|4|4|4|4|4|4|4|4|4
24841,4,False,4,0,4,4|4|4|4|4|4|4|4|4|4
24907,4,False,4,0,4,4|4|4|4|4|4|4|4|4|4
24915,4,False,4,10,5,5|5|5|5|5|1|5|5|1|5
24923,4,False,4,0,4,4|4|4|4|4|4|4|4|4|4
24930,4,False,4,8,5,5|1|1|4|5|4|1|5|5|5
24948,4,False,4,2,4,4|4|4|4|4|4|5|4|5|4
24961,4,False,4,10,2,2|2|3|3|2|2|2|3|2|2
24970,4,False,4,0,4,4|4|4|4|4|4|4|4|4|4
24973,4,False,4,10,6,6|6|6|6|6|6|6|6|6|6
24981,4,False,4,0,4,4|4|4|4|4|4|4|4|4|4
24982,4,False,4,10,5,5|5|5|5|5|5|5|5|5|5
24986,4,False,4,2,4,4|2|4|4|4|4|4|4|4|5
24989,5,False,5,0,5,5|5|5|5|5|5|5|5|5|5
25003,5,False,5,0,5,5|5|5|5|5|5|5|5|5|5
25010,5,False,5,5,-1,5|5|4|4|5|5|4|4|5|4
25012,5,False,5,0,5,5|5|5|5|5|5|5|5|5|5
25024,5,False,5,10,0,0|0|0|0|0|0|0|0|0|0
25027,5,False,5,0,5,5|5|5|5|5|5|5|5|5|5
25032,5,False,5,4,5,4|5|5|5|5|5|4|4|4|5
25043,5,False,5,9,4,4|4|4|4|4|4|4|5|4|4
25051,5,False,5,1,5,5|5|5|5|9|5|5|5|5|5
25091,5,False,5,0,5,5|5|5|5|5|5|5|5|5|5
25111,5,False,5,0,5,5|5|5|5|5|5|5|5|5|5
25116,5,False,5,0,5,5|5|5|5|5|5|5|5|5|5
25117,5,False,5,0,5,5|5|5|5|5|5|5|5|5|5
25122,5,False,5,7,-1,5|5|5|2|3|3|2|1|2|3
25129,5,False,5,8,4,4|5|4|4|4|4|4|5|4|4
25135,5,False,5,1,5,5|5|5|5|5|5|5|5|5|1
25142,5,False,5,0,5,5|5|5|5|5|5|5|5|5|5
25148,5,False,5,0,5,5|5|5|5|5|5|5|5|5|5
25151,5,False,5,0,5,5|5|5|5|5|5|5|5|5|5
25162,5,False,5,0,5,5|5|5|5|5|5|5|5|5|5
25176,5,False,5,0,5,5|5|5|5|5|5|5|5|5|5
25199,5,False,5,0,5,5|5|5|5|5|5|5|5|5|5
25228,5,False,5,0,5,5|5|5|5|5|5|5|5|5|5
25233,5,False,5,1,5,5|5|5|5|5|5|5|5|5|8
25245,5,False,5,8,3,5|3|3|3|5|3|3|3|3|3
25246,5,False,5,10,4,4|4|4|4|4|4|4|4|4|4
25247,5,False,5,0,5,5|5|5|5|5|5|5|5|5|5
25250,5,False,5,8,4,4|4|5|5|4|4|4|4|4|4
25256,5,False,5,9,1,1|1|1|1|1|1|5|1|1|1
25275,5,False,5,5,-1,0|5|5|5|5|5|0|0|0|0
25281,5,False,5,6,5,5|5|3|3|0|1|0|0|5|5
25296,5,False,5,0,5,5|5|5|5|5|5|5|5|5|5
25375,5,False,5,9,1,1|1|4|4|1|1|4|1|4|5
25386,5,False,5,3,5,5|4|5|5|5|4|4|5|5|5
25388,5,False,5,10,4,4|4|4|4|4|4|4|4|4|4
25427,5,False,5,4,5,5|4|6|5|5|5|5|6|5|6
25446,5,False,5,1,5,5|5|4|5|5|5|5|5|5|5
25457,5,False,5,0,5,5|5|5|5|5|5|5|5|5|5
25479,5,False,5,7,4,4|4|4|5|4|5|4|4|5|4
25485,5,False,5,0,5,5|5|5|5|5|5|5|5|5|5
25488,5,False,5,9,7,3|7|4|4|7|4|5|3|7|7
25508,5,False,5,3,5,4|5|5|5|5|5|5|1|4|5
25519,5,False,5,0,5,5|5|5|5|5|5|5|5|5|5
25524,5,False,5,4,5,0|0|5|5|5|0|5|0|5|5
25536,5,False,5,0,5,5|5|5|5|5|5|5|5|5|5
25540,5,False,5,0,5,5|5|5|5|5|5|5|5|5|5
25549,5,False,5,0,5,5|5|5|5|5|5|5|5|5|5
25566,5,False,5,10,4,4|4|4|4|4|4|4|4|4|4
25572,5,False,5,8,4,4|4|4|4|5|5|4|4|4|4
25593,5,False,5,4,5,5|5|4|4|5|4|4|5|5|5
25596,5,False,5,5,-1,5|5|5|4|4|4|4|5|4|5
25600,5,False,5,0,5,5|5|5|5|5|5|5|5|5|5
25614,5,False,5,0,5,5|5|5|5|5|5|5|5|5|5
25619,5,False,5,0,5,5|5|5|5|5|5|5|5|5|5
25642,5,False,5,0,5,5|5|5|5|5|5|5|5|5|5
25647,5,False,5,0,5,5|5|5|5|5|5|5|5|5|5
25650,5,False,5,0,5,5|5|5|5|5|5|5|5|5|5
25662,5,False,5,0,5,5|5|5|5|5|5|5|5|5|5
25664,5,False,5,2,5,5|5|5|5|5|4|4|5|5|5
25681,5,False,5,7,4,4|5|5|4|4|4|4|4|5|4
25703,5,False,5,5,5,1|5|5|5|2|1|5|1|5|1
25718,5,False,5,10,3,3|3|3|2|3|3|4|3|3|3
25741,5,False,5,0,5,5|5|5|5|5|5|5|5|5|5
25752,5,False,5,0,5,5|5|5|5|5|5|5|5|5|5
25767,5,False,5,10,4,4|4|4|4|4|4|4|4|4|4
25803,5,False,5,10,4,4|4|4|4|4|4|4|4|4|4
25813,5,False,5,2,5,5|5|5|5|5|5|5|4|5|4
25828,5,False,5,3,5,5|4|4|5|5|5|4|5|5|5
25832,5,False,5,9,4,4|4|4|4|4|5|4|4|4|4
25834,5,False,5,4,5,5|5|3|4|5|3|5|5|4|5
25835,5,False,5,1,5,5|5|4|5|5|5|5|5|5|5
25836,5,False,5,0,5,5|5|5|5|5|5|5|5|5|5
25837,5,False,5,0,5,5|5|5|5|5|5|5|5|5|5
25853,5,False,5,0,5,5|5|5|5|5|5|5|5|5|5
25859,5,False,5,3,5,5|5|5|4|4|5|5|4|5|5
25861,5,False,5,9,4,4|4|4|4|4|5|4|4|4|4
25869,5,False,5,0,5,5|5|5|5|5|5|5|5|5|5
25878,5,False,5,0,5,5|5|5|5|5|5|5|5|5|5
25880,5,False,5,4,5,5|3|5|2|5|5|5|3|2|5
25912,5,False,5,2,5,5|5|5|5|4|5|5|4|5|5
25919,5,False,5,7,4,4|5|5|0|4|4|2|5|4|4
25940,5,False,5,0,5,5|5|5|5|5|5|5|5|5|5
25945,5,False,5,10,4,4|4|4|4|4|4|4|4|4|4
26007,5,False,5,0,5,5|5|5|5|5|5|5|5|5|5
26028,5,False,5,0,5,5|5|5|5|5|5|5|5|5|5
26036,5,False,5,10,4,4|4|4|4|4|4|4|4|4|4
26053,5,False,5,2,5,5|5|5|5|5|4|5|4|5|5
26062,5,False,5,9,3,2|1|3|5|2|3|2|3|3|1
26070,5,False,5,10,1,1|1|1|1|1|1|1|1|1|1
26072,5,False,5,0,5,5|5|5|5|5|5|5|5|5|5
26075,5,False,5,1,5,5|5|5|4|5|5|5|5|5|5
26081,5,False,5,10,0,1|1|0|2|0|0|0|1|1|0
26096,5,False,5,0,5,5|5|5|5|5|5|5|5|5|5
26102,5,False,5,10,4,4|4|4|4|4|4|4|4|4|4
26105,5,False,5,10,3,3|3|3|3|1|3|3|3|2|2
26109,5,False,5,3,5,5|5|5|0|0|5|0|5|5|5
26116,5,False,5,10,4,4|4|3|4|1|4|4|4|2|4
26120,5,False,5,0,5,5|5|5|5|5|5|5|5|5|5
26140,5,False,5,0,5,5|5|5|5|5|5|5|5|5|5
26144,5,False,5,1,5,5|1|5|5|5|5|5|5|5|5
26148,5,False,5,2,5,5|5|4|5|5|4|5|5|5|5
26158,5,False,5,3,5,1|5|5|1|1|5|5|5|5|5
26161,5,False,5,0,5,5|5|5|5|5|5|5|5|5|5
26168,5,False,5,0,5,5|5|5|5|5|5|5|5|5|5
26192,5,False,5,0,5,5|5|5|5|5|5|5|5|5|5
26200,5,False,5,0,5,5|5|5|5|5|5|5|5|5|5
26209,5,False,5,10,0,0|0|0|0|0|0|0|1|0|0
26229,5,False,5,0,5,5|5|5|5|5|5|5|5|5|5
26234,5,False,5,0,5,5|5|5|5|5|5|5|5|5|5
26235,5,False,5,0,5,5|5|5|5|5|5|5|5|5|5
26236,5,False,5,1,5,5|5|5|5|5|5|5|8|5|5
26240,5,False,5,0,5,5|5|5|5|5|5|5|5|5|5
26244,5,False,5,1,5,5|5|5|5|4|5|5|5|5|5
26279,5,False,5,0,5,5|5|5|5|5|5|5|5|5|5
26280,5,False,5,10,3,2|2|4|3|3|3|2|3|2|3
26308,5,False,5,0,5,5|5|5|5|5|5|5|5|5|5
26313,5,False,5,5,-1,1|5|1|5|1|1|1|5|5|5
26324,5,False,5,0,5,5|5|5|5|5|5|5|5|5|5
26350,5,False,5,9,4,4|4|4|4|4|5|4|4|4|4
26378,5,False,5,0,5,5|5|5|5|5|5|5|5|5|5
26412,5,False,5,0,5,5|5|5|5|5|5|5|5|5|5
26414,5,False,5,0,5,5|5|5|5|5|5|5|5|5|5
26417,5,False,5,4,5,5|5|4|4|5|5|4|4|5|5
26431,5,False,5,2,5,5|5|5|4|5|5|5|5|5|4
26433,5,False,5,0,5,5|5|5|5|5|5|5|5|5|5
26446,5,False,5,0,5,5|5|5|5|5|5|5|5|5|5
26457,5,False,5,0,5,5|5|5|5|5|5|5|5|5|5
26467,5,False,5,0,5,5|5|5|5|5|5|5|5|5|5
26477,5,False,5,0,5,5|5|5|5|5|5|5|5|5|5
26480,5,False,5,3,5,5|5|1|3|5|3|5|5|5|5
26483,5,False,5,0,5,5|5|5|5|5|5|5|5|5|5
26495,5,False,5,0,5,5|5|5|5|5|5|5|5|5|5
26504,5,False,5,2,5,5|5|4|5|4|5|5|5|5|5
26508,5,False,5,8,4,1|4|5|4|4|4|4|5|4|4
26521,5,False,5,0,5,5|5|5|5|5|5|5|5|5|5
26533,5,False,5,0,5,5|5|5|5|5|5|5|5|5|5
26543,5,False,5,9,4,4|4|4|5|4|4|4|4|4|4
26545,5,False,5,7,4,4|4|4|4|5|5|4|4|5|4
26547,5,False,5,0,5,5|5|5|5|5|5|5|5|5|5
26582,5,False,5,0,5,5|5|5|5|5|5|5|5|5|5
26587,5,False,5,0,5,5|5|5|5|5|5|5|5|5|5
26607,5,False,5,0,5,5|5|5|5|5|5|5|5|5|5
26612,5,False,5,0,5,5|5|5|5|5|5|5|5|5|5
26616,5,False,5,3,5,4|5|5|5|5|5|5|4|4|5
26620,5,False,5,10,1,1|1|4|4|1|1|2|4|4|1
26624,5,False,5,3,5,5|5|5|4|5|5|4|5|4|5
26654,5,False,5,0,5,5|5|5|5|5|5|5|5|5|5
26661,5,False,5,1,5,5|5|5|5|5|5|5|5|5|4
26662,5,False,5,0,5,5|5|5|5|5|5|5|5|5|5
26663,5,False,5,4,5,5|5|3|3|5|3|5|3|5|5
26671,5,False,5,10,4,4|4|4|4|4|4|4|4|4|4
26691,5,False,5,0,5,5|5|5|5|5|5|5|5|5|5
26692,5,False,5,4,5,4|5|5|5|4|5|5|5|4|4
26693,5,False,5,9,4,4|4|4|5|4|4|4|4|4|4
26715,5,False,5,7,4,4|4|4|4|5|5|4|4|5|4
26716,5,False,5,0,5,5|5|5|5|5|5|5|5|5|5
26736,5,False,5,0,5,5|5|5|5|5|5|5|5|5|5
26746,5,False,5,0,5,5|5|5|5|5|5|5|5|5|5
26756,5,False,5,3,5,5|5|5|4|4|5|5|5|5|4
26764,5,False,5,0,5,5|5|5|5|5|5|5|5|5|5
26770,5,False,5,3,5,5|5|4|4|5|4|5|5|5|5
26773,5,False,5,1,5,5|5|5|5|5|5|5|4|5|5
26782,5,False,5,10,0,6|0|0|8|7|0|0|7|0|0
26791,5,False,5,0,5,5|5|5|5|5|5|5|5|5|5
26800,5,False,5,2,5,5|5|4|5|5|3|5|5|5|5
26804,5,False,5,0,5,5|5|5|5|5|5|5|5|5|5
26809,5,False,5,0,5,5|5|5|5|5|5|5|5|5|5
26831,5,False,5,0,5,5|5|5|5|5|5|5|5|5|5
26840,5,False,5,0,5,5|5|5|5|5|5|5|5|5|5
26860,5,False,5,0,5,5|5|5|5|5|5|5|5|5|5
26874,5,False,5,8,4,4|5|4|5|4|4|4|4|4|4
26878,5,False,5,10,4,4|4|4|4|4|4|4|4|4|4
26902,5,False,5,7,0,5|0|0|0|0|9|5|0|0|5
26927,5,False,5,0,5,5|5|5|5|5|5|5|5|5|5
26938,5,False,5,0,5,5|5|5|5|5|5|5|5|5|5
26952,5,False,5,0,5,5|5|5|5|5|5|5|5|5|5
26953,5,False,5,10,8,8|8|9|4|9|8|8|6|9|8
26958,5,False,5,0,5,5|5|5|5|5|5|5|5|5|5
26964,5,False,5,10,4,4|4|4|4|4|4|4|4|4|4
26973,5,False,5,0,5,5|5|5|5|5|5|5|5|5|5
26992,5,False,5,1,5,5|5|4|5|5|5|5|5|5|5
27003,5,False,5,10,4,4|4|4|4|4|4|4|4|4|4
27015,5,False,5,0,5,5|5|5|5|5|5|5|5|5|5
27031,5,False,5,9,3,7|9|2|3|9|3|7|5|8|3
27039,5,False,5,0,5,5|5|5|5|5|5|5|5|5|5
27051,5,False,5,1,5,5|5|5|5|5|4|5|5|5|5
27062,5,False,5,0,5,5|5|5|5|5|5|5|5|5|5
27066,5,False,5,10,4,4|4|4|4|4|4|4|4|4|1
27079,5,False,5,10,2,1|2|2|3|2|3|2|4|4|2
27080,5,False,5,0,5,5|5|5|5|5|5|5|5|5|5
27085,5,False,5,0,5,5|5|5|5|5|5|5|5|5|5
27088,5,False,5,10,1,1|1|1|9|2|1|1|1|1|1
27098,5,False,5,2,5,5|5|4|5|5|5|5|5|4|5
27099,5,False,5,0,5,5|5|5|5|5|5|5|5|5|5
27103,5,False,5,1,5,5|5|5|5|4|5|5|5|5|5
27116,5,False,5,0,5,5|5|5|5|5|5|5|5|5|5
27122,5,False,5,0,5,5|5|5|5|5|5|5|5|5|5
27124,5,False,5,8,1,1|1|5|0|1|5|1|1|1|1
27128,5,False,5,0,5,5|5|5|5|5|5|5|5|5|5
27134,5,False,5,0,5,5|5|5|5|5|5|5|5|5|5
27137,5,False,5,0,5,5|5|5|5|5|5|5|5|5|5
27138,5,False,5,0,5,5|5|5|5|5|5|5|5|5|5
27142,5,False,5,1,5,5|5|5|5|5|5|5|5|4|5
27146,5,False,5,0,5,5|5|5|5|5|5|5|5|5|5
27159,5,False,5,0,5,5|5|5|5|5|5|5|5|5|5
27180,5,False,5,0,5,5|5|5|5|5|5|5|5|5|5
27188,5,False,5,0,5,5|5|5|5|5|5|5|5|5|5
27221,5,False,5,0,5,5|5|5|5|5|5|5|5|5|5
27223,5,False,5,0,5,5|5|5|5|5|5|5|5|5|5
27225,5,False,5,0,5,5|5|5|5|5|5|5|5|5|5
27248,5,False,5,0,5,5|5|5|5|5|5|5|5|5|5
27260,5,False,5,2,5,5|5|5|4|5|5|5|5|4|5
27280,5,False,5,0,5,5|5|5|5|5|5|5|5|5|5
27284,5,False,5,0,5,5|5|5|5|5|5|5|5|5|5
27287,5,False,5,10,4,4|4|4|4|4|4|4|4|4|4
27311,5,False,5,0,5,5|5|5|5|5|5|5|5|5|5
27343,5,False,5,8,4,4|4|4|5|4|1|5|4|4|4
27345,5,False,5,1,5,5|5|5|5|5|5|4|5|5|5
27357,5,False,5,0,5,5|5|5|5|5|5|5|5|5|5
27359,5,False,5,0,5,5|5|5|5|5|5|5|5|5|5
27366,5,False,5,1,5,5|5|0|5|5|5|5|5|5|5
27378,5,False,5,5,-1,4|4|5|5|5|4|5|4|4|5
27380,5,False,5,0,5,5|5|5|5|5|5|5|5|5|5
27404,5,False,5,0,5,5|5|5|5|5|5|5|5|5|5
27410,5,False,5,1,5,5|5|5|5|5|5|4|5|5|5
27412,5,False,5,0,5,5|5|5|5|5|5|5|5|5|5
27427,5,False,5,10,7,7|7|4|7|1|4|7|7|8|7
27430,5,False,5,1,5,5|1|5|5|5|5|5|5|5|5
27447,5,False,5,8,4,4|4|5|5|4|4|1|4|4|4
27459,5,False,5,0,5,5|5|5|5|5|5|5|5|5|5
27464,5,False,5,0,5,5|5|5|5|5|5|5|5|5|5
27471,5,False,5,0,5,5|5|5|5|5|5|5|5|5|5
27508,5,False,5,0,5,5|5|5|5|5|5|5|5|5|5
27509,5,False,5,0,5,5|5|5|5|5|5|5|5|5|5
27518,5,False,5,2,5,5|5|4|5|5|5|5|8|5|5
27530,5,False,5,0,5,5|5|5|5|5|5|5|5|5|5
27538,5,False,5,0,5,5|5|5|5|5|5|5|5|5|5
27561,5,False,5,0,5,5|5|5|5|5|5|5|5|5|5
27562,5,False,5,6,4,5|4|5|5|4|4|5|4|4|4
27572,5,False,5,5,-1,3|5|3|5|5|3|3|5|3|5
27588,5,False,5,0,5,5|5|5|5|5|5|5|5|5|5
27598,5,False,5,6,-1,2|0|5|5|5|5|6|6|6|6
27600,5,False,5,9,4,4|4|1|5|4|1|4|4|4|4
27603,5,False,5,0,5,5|5|5|5|5|5|5|5|5|5
27609,5,False,5,0,5,5|5|5|5|5|5|5|5|5|5
27629,5,False,5,10,4,0|4|4|4|4|4|4|4|0|4
27638,5,False,5,3,5,5|5|3|3|5|5|6|5|5|5
27651,5,False,5,0,5,5|5|5|5|5|5|5|5|5|5
27656,5,False,5,1,5,5|5|0|5|5|5|5|5|5|5
27657,5,False,5,0,5,5|5|5|5|5|5|5|5|5|5
27676,5,False,5,0,5,5|5|5|5|5|5|5|5|5|5
27689,5,False,5,6,3,3|3|5|2|3|5|3|3|5|5
27691,5,False,5,0,5,5|5|5|5|5|5|5|5|5|5
27692,5,False,5,0,5,5|5|5|5|5|5|5|5|5|5
27695,5,False,5,10,-1,3|3|3|3|3|2|2|2|2|2
27703,5,False,5,10,1,1|1|1|1|1|1|1|1|1|1
27715,5,False,5,10,4,4|4|4|4|4|4|4|4|4|4
27724,5,False,5,0,5,5|5|5|5|5|5|5|5|5|5
27728,5,False,5,0,5,5|5|5|5|5|5|5|5|5|5
27729,5,False,5,0,5,5|5|5|5|5|5|5|5|5|5
27730,5,False,5,10,4,4|4|4|4|4|4|4|4|4|4
27734,5,False,5,0,5,5|5|5|5|5|5|5|5|5|5
27738,5,False,5,0,5,5|5|5|5|5|5|5|5|5|5
27749,5,False,5,10,2,2|2|2|2|0|0|2|0|2|0
27755,5,False,5,2,5,4|5|5|5|5|5|5|5|5|4
27762,5,False,5,0,5,5|5|5|5|5|5|5|5|5|5
27768,5,False,5,9,4,4|4|4|4|4|5|4|4|4|4
27819,5,False,5,4,5,3|3|5|3|3|5|5|5|5|5
27827,5,False,5,8,3,3|5|3|2|3|5|3|2|3|3
27839,5,False,5,9,3,3|3|5|3|3|3|2|3|3|3
27849,5,False,5,0,5,5|5|5|5|5|5|5|5|5|5
27851,5,False,5,2,5,5|5|5|5|1|5|5|5|1|5
27868,5,False,5,0,5,5|5|5|5|5|5|5|5|5|5
27876,5,False,5,2,5,4|5|5|5|5|5|5|5|5|4
27884,5,False,5,0,5,5|5|5|5|5|5|5|5|5|5
27892,5,False,5,2,5,4|4|5|5|5|5|5|5|5|5
27926,5,False,5,0,5,5|5|5|5|5|5|5|5|5|5
27949,5,False,5,0,5,5|5|5|5|5|5|5|5|5|5
27962,5,False,5,10,6,6|2|3|6|2|3|2|6|3|6
27969,5,False,5,0,5,5|5|5|5|5|5|5|5|5|5
27976,5,False,5,8,4,4|4|5|6|4|6|5|4|4|6
27978,5,False,5,10,4,4|4|4|4|4|4|4|4|4|4
27985,5,False,5,0,5,5|5|5|5|5|5|5|5|5|5
27987,5,False,5,0,5,5|5|5|5|5|5|5|5|5|5
27999,5,False,5,6,5,3|5|5|4|3|5|2|5|3|4
28009,5,False,5,1,5,5|5|5|4|5|5|5|5|5|5
28018,5,False,5,8,4,5|4|4|4|4|4|4|4|4|5
28019,5,False,5,0,5,5|5|5|5|5|5|5|5|5|5
28020,5,False,5,0,5,5|5|5|5|5|5|5|5|5|5
28033,5,False,5,0,5,5|5|5|5|5|5|5|5|5|5
28039,5,False,5,0,5,5|5|5|5|5|5|5|5|5|5
28042,5,False,5,0,5,5|5|5|5|5|5|5|5|5|5
28048,5,False,5,0,5,5|5|5|5|5|5|5|5|5|5
28056,5,False,5,0,5,5|5|5|5|5|5|5|5|5|5
28058,5,False,5,9,1,4|1|1|1|4|5|4|1|1|1
28060,5,False,5,10,3,3|3|1|1|3|3|3|3|3|3
28062,5,False,5,10,4,4|4|4|4|4|4|4|4|4|4
28063,5,False,5,0,5,5|5|5|5|5|5|5|5|5|5
28077,5,False,5,10,0,0|0|8|8|0|0|0|0|0|0
28079,5,False,5,0,5,5|5|5|5|5|5|5|5|5|5
28080,5,False,5,3,5,5|5|4|4|5|4|5|5|5|5
28082,5,False,5,8,2,2|3|2|2|5|2|5|2|2|2
28086,5,False,5,3,5,5|5|7|7|5|7|5|5|5|5
28107,5,False,5,0,5,5|5|5|5|5|5|5|5|5|5
28115,5,False,5,10,-1,6|6|2|7|1|3|4|6|7|7
28127,5,False,5,8,4,4|4|5|4|4|1|4|4|5|4
28132,5,False,5,0,5,5|5|5|5|5|5|5|5|5|5
28135,5,False,5,0,5,5|5|5|5|5|5|5|5|5|5
28137,5,False,5,0,5,5|5|5|5|5|5|5|5|5|5
28155,5,False,5,0,5,5|5|5|5|5|5|5|5|5|5
28177,5,False,5,0,5,5|5|5|5|5|5|5|5|5|5
28184,5,False,5,0,5,5|5|5|5|5|5|5|5|5|5
28195,5,False,5,0,5,5|5|5|5|5|5|5|5|5|5
28208,5,False,5,1,5,5|5|5|3|5|5|5|5|5|5
28217,5,False,5,1,5,5|5|5|4|5|5|5|5|5|5
28219,5,False,5,2,5,5|5|3|5|3|5|5|5|5|5
28224,5,False,5,0,5,5|5|5|5|5|5|5|5|5|5
28229,5,False,5,0,5,5|5|5|5|5|5|5|5|5|5
28248,5,False,5,0,5,5|5|5|5|5|5|5|5|5|5
28250,5,False,5,0,5,5|5|5|5|5|5|5|5|5|5
28252,5,False,5,0,5,5|5|5|5|5|5|5|5|5|5
28258,5,False,5,0,5,5|5|5|5|5|5|5|5|5|5
28272,5,False,5,0,5,5|5|5|5|5|5|5|5|5|5
28280,5,False,5,8,4,4|4|5|5|4|4|4|4|4|4
28287,5,False,5,0,5,5|5|5|5|5|5|5|5|5|5
28292,5,False,5,0,5,5|5|5|5|5|5|5|5|5|5
28296,5,False,5,0,5,5|5|5|5|5|5|5|5|5|5
28304,5,False,5,9,4,4|4|4|4|5|4|4|4|4|4
28305,5,False,5,1,5,5|5|5|5|5|4|5|5|5|5
28339,5,False,5,1,5,5|5|4|5|5|5|5|5|5|5
28357,5,False,5,0,5,5|5|5|5|5|5|5|5|5|5
28360,5,False,5,0,5,5|5|5|5|5|5|5|5|5|5
28362,5,False,5,6,4,4|4|5|5|5|4|5|4|4|4
28370,5,False,5,0,5,5|5|5|5|5|5|5|5|5|5
28371,5,False,5,0,5,5|5|5|5|5|5|5|5|5|5
28402,5,False,5,0,5,5|5|5|5|5|5|5|5|5|5
28409,5,False,5,10,4,4|4|4|4|4|4|4|4|4|4
28414,5,False,5,0,5,5|5|5|5|5|5|5|5|5|5
28420,5,False,5,1,5,5|5|5|5|5|5|5|5|4|5
28437,5,False,5,0,5,5|5|5|5|5|5|5|5|5|5
28451,5,False,5,8,4,4|5|3|3|4|5|4|4|4|4
28461,5,False,5,10,2,2|4|3|3|2|3|2|2|2|2
28479,5,False,5,0,5,5|5|5|5|5|5|5|5|5|5
28485,5,False,5,5,5,0|2|5|5|4|5|4|6|5|5
28500,5,False,5,0,5,5|5|5|5|5|5|5|5|5|5
28510,5,False,5,10,2,1|2|2|3|3|2|2|2|2|2
28514,5,False,5,0,5,5|5|5|5|5|5|5|5|5|5
28522,5,False,5,2,5,5|5|5|5|5|4|4|5|5|5
28526,5,False,5,0,5,5|5|5|5|5|5|5|5|5|5
28527,5,False,5,10,4,4|4|4|4|4|4|4|4|4|4
28542,5,False,5,1,5,3|5|5|5|5|5|5|5|5|5
28543,5,False,5,8,4,4|5|4|4|4|4|4|4|5|4
28555,5,False,5,0,5,5|5|5|5|5|5|5|5|5|5
28556,5,False,5,0,5,5|5|5|5|5|5|5|5|5|5
28567,5,False,5,9,1,1|1|1|3|1|5|1|3|1|1
28575,5,False,5,10,0,0|0|0|0|0|0|0|0|0|0
28583,5,False,5,0,5,5|5|5|5|5|5|5|5|5|5
28600,5,False,5,0,5,5|5|5|5|5|5|5|5|5|5
28610,5,False,5,0,5,5|5|5|5|5|5|5|5|5|5
28628,5,False,5,7,1,1|5|2|3|1|2|5|1|5|1
28634,5,False,5,2,5,5|3|5|5|5|3|5|5|5|5
28638,5,False,5,0,5,5|5|5|5|5|5|5|5|5|5
28652,5,False,5,0,5,5|5|5|5|5|5|5|5|5|5
28670,5,False,5,10,6,8|6|4|4|6|8|6|6|6|6
28677,5,False,5,9,3,3|5|3|3|3|1|1|3|1|3
28678,5,False,5,4,5,5|5|5|5|5|4|4|4|4|5
28682,5,False,5,9,4,4|4|1|4|4|4|4|4|4|5
28687,5,False,5,0,5,5|5|5|5|5|5|5|5|5|5
28700,5,False,5,6,4,5|5|4|4|4|5|4|4|4|5
28705,5,False,5,0,5,5|5|5|5|5|5|5|5|5|5
28711,5,False,5,3,5,5|5|4|0|5|4|5|5|5|5
28718,5,False,5,1,5,5|5|5|5|5|5|1|5|5|5
28722,5,False,5,0,5,5|5|5|5|5|5|5|5|5|5
28742,5,False,5,3,5,5|5|4|4|4|5|5|5|5|5
28745,5,False,5,0,5,5|5|5|5|5|5|5|5|5|5
28760,5,False,5,1,5,5|5|5|4|5|5|5|5|5|5
28761,5,False,5,5,-1,5|4|4|4|5|5|5|4|4|5
28764,5,False,5,9,-1,0|5|0|2|3|1|1|0|2|2
28768,5,False,5,0,5,5|5|5|5|5|5|5|5|5|5
28773,5,False,5,6,-1,4|1|5|4|1|1|5|5|5|1
28789,5,False,5,8,4,4|2|5|5|1|4|4|4|4|3
28790,5,False,5,1,5,3|5|5|5|5|5|5|5|5|5
28804,5,False,5,0,5,5|5|5|5|5|5|5|5|5|5
28811,5,False,5,0,5,5|5|5|5|5|5|5|5|5|5
28815,5,False,5,0,5,5|5|5|5|5|5|5|5|5|5
28822,5,False,5,0,5,5|5|5|5|5|5|5|5|5|5
28825,5,False,5,0,5,5|5|5|5|5|5|5|5|5|5
28828,5,False,5,10,4,4|4|4|4|4|4|4|4|4|4
28835,5,False,5,5,-1,5|4|5|5|4|5|4|4|4|5
28838,5,False,5,2,5,5|1|5|5|5|0|5|5|5|5
28845,5,False,5,1,5,5|5|4|5|5|5|5|5|5|5
28858,5,False,5,4,5,5|5|4|5|5|4|4|5|4|5
28864,5,False,5,1,5,5|5|5|4|5|5|5|5|5|5
28873,5,False,5,1,5,5|5|5|5|5|5|5|4|5|5
28875,5,False,5,0,5,5|5|5|5|5|5|5|5|5|5
28895,5,False,5,1,5,5|5|5|5|5|4|5|5|5|5
28909,5,False,5,0,5,5|5|5|5|5|5|5|5|5|5
28962,5,False,5,0,5,5|5|5|5|5|5|5|5|5|5
28972,5,False,5,3,5,1|5|1|5|5|5|5|5|1|5
29004,5,False,5,4,5,4|5|4|2|5|2|5|5|5|5
29011,5,False,5,0,5,5|5|5|5|5|5|5|5|5|5
29013,5,False,5,0,5,5|5|5|5|5|5|5|5|5|5
29024,5,False,5,0,5,5|5|5|5|5|5|5|5|5|5
29032,5,False,5,1,5,5|5|0|5|5|5|5|5|5|5
29041,5,False,5,9,4,4|4|4|4|4|5|4|4|4|4
29061,5,False,5,8,0,8|5|0|8|0|3|0|8|5|0
29079,5,False,5,0,5,5|5|5|5|5|5|5|5|5|5
29088,5,False,5,10,-1,6|6|3|3|0|6|0|0|0|6
29101,5,False,5,0,5,5|5|5|5|5|5|5|5|5|5
29103,5,False,5,8,4,4|4|5|4|4|5|4|4|4|4
29108,5,False,5,8,3,2|3|5|1|3|1|5|1|3|3
29111,5,False,5,0,5,5|5|5|5|5|5|5|5|5|5
29122,5,False,5,0,5,5|5|5|5|5|5|5|5|5|5
29142,5,False,5,10,4,4|4|4|4|4|4|4|4|4|4
29157,5,False,5,0,5,5|5|5|5|5|5|5|5|5|5
29169,5,False,5,0,5,5|5|5|5|5|5|5|5|5|5
29170,5,False,5,0,5,5|5|5|5|5|5|5|5|5|5
29177,5,False,5,0,5,5|5|5|5|5|5|5|5|5|5
29183,5,False,5,10,4,4|4|4|4|4|4|4|4|4|4
29206,5,False,5,0,5,5|5|5|5|5|5|5|5|5|5
29210,5,False,5,0,5,5|5|5|5|5|5|5|5|5|5
29219,5,False,5,1,5,5|5|5|5|5|5|4|5|5|5
29222,5,False,5,0,5,5|5|5|5|5|5|5|5|5|5
29233,5,False,5,10,4,4|4|4|4|4|4|4|4|4|4
29235,5,False,5,0,5,5|5|5|5|5|5|5|5|5|5
29240,5,False,5,1,5,5|5|5|5|5|5|5|5|5|3
29249,5,False,5,0,5,5|5|5|5|5|5|5|5|5|5
29267,5,False,5,4,5,5|4|4|5|5|4|5|4|5|5
29274,5,False,5,0,5,5|5|5|5|5|5|5|5|5|5
29290,5,False,5,0,5,5|5|5|5|5|5|5|5|5|5
29304,5,False,5,4,5,5|4|5|4|4|4|5|5|5|5
29315,5,False,5,0,5,5|5|5|5|5|5|5|5|5|5
29316,5,False,5,0,5,5|5|5|5|5|5|5|5|5|5
29318,5,False,5,2,5,5|5|5|4|5|4|5|5|5|5
29321,5,False,5,0,5,5|5|5|5|5|5|5|5|5|5
29337,5,False,5,0,5,5|5|5|5|5|5|5|5|5|5
29340,5,False,5,7,3,5|3|1|5|3|5|1|1|3|3
29341,5,False,5,1,5,5|5|5|5|5|4|5|5|5|5
29347,5,False,5,4,5,5|5|5|8|5|5|3|3|2|5
29349,5,False,5,0,5,5|5|5|5|5|5|5|5|5|5
29354,5,False,5,0,5,5|5|5|5|5|5|5|5|5|5
29376,5,False,5,0,5,5|5|5|5|5|5|5|5|5|5
29410,5,False,5,0,5,5|5|5|5|5|5|5|5|5|5
29418,5,False,5,0,5,5|5|5|5|5|5|5|5|5|5
29423,5,False,5,0,5,5|5|5|5|5|5|5|5|5|5
29430,5,False,5,4,5,5|4|4|4|5|4|5|5|5|5
29437,5,False,5,0,5,5|5|5|5|5|5|5|5|5|5
29442,5,False,5,0,5,5|5|5|5|5|5|5|5|5|5
29458,5,False,5,0,5,5|5|5|5|5|5|5|5|5|5
29470,5,False,5,0,5,5|5|5|5|5|5|5|5|5|5
29480,5,False,5,0,5,5|5|5|5|5|5|5|5|5|5
29484,5,False,5,3,5,5|5|4|4|5|4|5|5|5|5
29492,5,False,5,10,8,4|9|8|8|8|8|8|8|9|9
29502,5,False,5,10,2,2|2|1|9|2|2|9|9|2|2
29504,5,False,5,0,5,5|5|5|5|5|5|5|5|5|5
29506,5,False,5,0,5,5|5|5|5|5|5|5|5|5|5
29521,5,False,5,1,5,5|5|5|5|5|5|5|4|5|5
29523,5,False,5,3,5,5|5|5|5|0|5|5|3|5|0
29524,5,False,5,2,5,5|5|2|3|5|5|5|5|5|5
29542,5,False,5,0,5,5|5|5|5|5|5|5|5|5|5
29549,5,False,5,0,5,5|5|5|5|5|5|5|5|5|5
29582,5,False,5,10,4,4|4|4|4|4|4|4|4|4|4
29594,5,False,5,0,5,5|5|5|5|5|5|5|5|5|5
29603,5,False,5,0,5,5|5|5|5|5|5|5|5|5|5
29625,5,False,5,4,5,5|5|4|4|5|4|5|5|5|4
29645,5,False,5,2,5,5|5|5|5|5|0|5|5|5|0
29658,5,False,5,9,3,3|3|3|3|3|3|3|3|5|3
29661,5,False,5,5,5,5|4|1|5|1|5|1|5|5|4
29664,5,False,5,0,5,5|5|5|5|5|5|5|5|5|5
29680,5,False,5,1,5,5|5|5|5|1|5|5|5|5|5
29681,5,False,5,0,5,5|5|5|5|5|5|5|5|5|5
29688,5,False,5,0,5,5|5|5|5|5|5|5|5|5|5
29695,5,False,5,0,5,5|5|5|5|5|5|5|5|5|5
29703,5,False,5,10,2,2|2|2|2|2|2|2|2|2|2
29747,5,False,5,5,5,5|3|5|5|3|5|2|3|5|3
29749,5,False,5,7,4,5|4|4|4|4|5|4|4|4|5
29754,5,False,5,0,5,5|5|5|5|5|5|5|5|5|5
29763,5,False,5,0,5,5|5|5|5|5|5|5|5|5|5
29784,5,False,5,1,5,3|5|5|5|5|5|5|5|5|5
29796,5,False,5,5,-1,5|5|4|4|5|4|4|5|4|5
29797,5,False,5,1,5,5|5|1|5|5|5|5|5|5|5
29799,5,False,5,0,5,5|5|5|5|5|5|5|5|5|5
29801,5,False,5,0,5,5|5|5|5|5|5|5|5|5|5
29802,5,False,5,0,5,5|5|5|5|5|5|5|5|5|5
29816,5,False,5,0,5,5|5|5|5|5|5|5|5|5|5
29832,5,False,5,0,5,5|5|5|5|5|5|5|5|5|5
29841,5,False,5,0,5,5|5|5|5|5|5|5|5|5|5
29876,5,False,5,0,5,5|5|5|5|5|5|5|5|5|5
29877,5,False,5,8,4,4|4|5|4|4|4|4|4|5|4
29892,5,False,5,0,5,5|5|5|5|5|5|5|5|5|5
29896,5,False,5,7,-1,5|3|2|2|1|2|5|3|5|3
29898,5,False,5,0,5,5|5|5|5|5|5|5|5|5|5
29901,6,False,6,0,6,6|6|6|6|6|6|6|6|6|6
29932,6,False,6,0,6,6|6|6|6|6|6|6|6|6|6
29937,6,False,6,0,6,6|6|6|6|6|6|6|6|6|6
29943,6,False,6,3,6,6|6|8|2|6|2|6|6|6|6
29968,6,False,6,0,6,6|6|6|6|6|6|6|6|6|6
29974,6,False,6,9,7,7|7|7|7|7|7|7|6|7|7
29985,6,False,6,0,6,6|6|6|6|6|6|6|6|6|6
29990,6,False,6,0,6,6|6|6|6|6|6|6|6|6|6
29992,6,False,6,0,6,6|6|6|6|6|6|6|6|6|6
30002,6,False,6,0,6,6|6|6|6|6|6|6|6|6|6
30014,6,False,6,0,6,6|6|6|6|6|6|6|6|6|6
30039,6,False,6,0,6,6|6|6|6|6|6|6|6|6|6
30043,6,False,6,0,6,6|6|6|6|6|6|6|6|6|6
30067,6,False,6,0,6,6|6|6|6|6|6|6|6|6|6
30074,6,False,6,0,6,6|6|6|6|6|6|6|6|6|6
30076,6,False,6,0,6,6|6|6|6|6|6|6|6|6|6
30094,6,False,6,2,6,6|6|1|3|6|6|6|6|6|6
30095,6,False,6,0,6,6|6|6|6|6|6|6|6|6|6
30113,6,False,6,0,6,6|6|6|6|6|6|6|6|6|6
30121,6,False,6,0,6,6|6|6|6|6|6|6|6|6|6
30130,6,False,6,0,6,6|6|6|6|6|6|6|6|6|6
30135,6,False,6,0,6,6|6|6|6|6|6|6|6|6|6
30142,6,False,6,2,6,7|6|6|7|6|6|6|6|6|6
30163,6,False,6,0,6,6|6|6|6|6|6|6|6|6|6
30234,6,False,6,0,6,6|6|6|6|6|6|6|6|6|6
30236,6,False,6,1,6,6|6|6|4|6|6|6|6|6|6
30239,6,False,6,0,6,6|6|6|6|6|6|6|6|6|6
30269,6,False,6,10,2,2|2|3|2|2|2|2|2|2|2
30270,6,False,6,0,6,6|6|6|6|6|6|6|6|6|6
30291,6,False,6,10,7,7|7|7|7|7|7|7|7|7|7
30299,6,False,6,0,6,6|6|6|6|6|6|6|6|6|6
30312,6,False,6,0,6,6|6|6|6|6|6|6|6|6|6
30313,6,False,6,5,6,7|6|5|3|6|6|6|1|6|0
30315,6,False,6,4,6,7|7|6|7|6|6|6|7|6|6
30318,6,False,6,0,6,6|6|6|6|6|6|6|6|6|6
30328,6,False,6,0,6,6|6|6|6|6|6|6|6|6|6
30330,6,False,6,0,6,6|6|6|6|6|6|6|6|6|6
30337,6,False,6,3,6,6|6|6|7|4|6|6|6|4|6
30338,6,False,6,0,6,6|6|6|6|6|6|6|6|6|6
30349,6,False,6,0,6,6|6|6|6|6|6|6|6|6|6
30371,6,False,6,0,6,6|6|6|6|6|6|6|6|6|6
30391,6,False,6,0,6,6|6|6|6|6|6|6|6|6|6
30395,6,False,6,0,6,6|6|6|6|6|6|6|6|6|6
30405,6,False,6,9,4,4|5|5|6|4|5|5|4|4|4
30406,6,False,6,0,6,6|6|6|6|6|6|6|6|6|6
30411,6,False,6,0,6,6|6|6|6|6|6|6|6|6|6
30423,6,False,6,0,6,6|6|6|6|6|6|6|6|6|6
30427,6,False,6,9,7,3|6|2|7|7|3|7|2|3|7
30430,6,False,6,0,6,6|6|6|6|6|6|6|6|6|6
30434,6,False,6,0,6,6|6|6|6|6|6|6|6|6|6
30446,6,False,6,4,6,6|6|7|6|6|6|7|7|7|6
30471,6,False,6,0,6,6|6|6|6|6|6|6|6|6|6
30479,6,False,6,0,6,6|6|6|6|6|6|6|6|6|6
30481,6,False,6,0,6,6|6|6|6|6|6|6|6|6|6
30483,6,False,6,0,6,6|6|6|6|6|6|6|6|6|6
30498,6,False,6,0,6,6|6|6|6|6|6|6|6|6|6
30501,6,False,6,0,6,6|6|6|6|6|6|6|6|6|6
30504,6,False,6,0,6,6|6|6|6|6|6|6|6|6|6
30511,6,False,6,0,6,6|6|6|6|6|6|6|6|6|6
30547,6,False,6,0,6,6|6|6|6|6|6|6|6|6|6
30558,6,False,6,0,6,6|6|6|6|6|6|6|6|6|6
30578,6,False,6,10,2,2|0|3|5|2|2|2|0|2|3
30583,6,False,6,0,6,6|6|6|6|6|6|6|6|6|6
30601,6,False,6,0,6,6|6|6|6|6|6|6|6|6|6
30604,6,False,6,0,6,6|6|6|6|6|6|6|6|6|6
30608,6,False,6,0,6,6|6|6|6|6|6|6|6|6|6
30626,6,False,6,0,6,6|6|6|6|6|6|6|6|6|6
30640,6,False,6,0,6,6|6|6|6|6|6|6|6|6|6
30652,6,False,6,0,6,6|6|6|6|6|6|6|6|6|6
30657,6,False,6,0,6,6|6|6|6|6|6|6|6|6|6
30710,6,False,6,0,6,6|6|6|6|6|6|6|6|6|6
30712,6,False,6,0,6,6|6|6|6|6|6|6|6|6|6
30714,6,False,6,0,6,6|6|6|6|6|6|6|6|6|6
30720,6,False,6,0,6,6|6|6|6|6|6|6|6|6|6
30724,6,False,6,7,7,6|7|7|7|7|6|7|7|7|6
30750,6,False,6,0,6,6|6|6|6|6|6|6|6|6|6
30751,6,False,6,0,6,6|6|6|6|6|6|6|6|6|6
30754,6,False,6,0,6,6|6|6|6|6|6|6|6|6|6
30843,6,False,6,7,7,7|7|6|6|6|7|7|7|7|7
30849,6,False,6,0,6,6|6|6|6|6|6|6|6|6|6
30854,6,False,6,0,6,6|6|6|6|6|6|6|6|6|6
30866,6,False,6,0,6,6|6|6|6|6|6|6|6|6|6
30867,6,False,6,0,6,6|6|6|6|6|6|6|6|6|6
30879,6,False,6,3,6,6|6|6|7|6|7|7|6|6|6
30888,6,False,6,0,6,6|6|6|6|6|6|6|6|6|6
30899,6,False,6,0,6,6|6|6|6|6|6|6|6|6|6
30900,6,False,6,3,6,2|6|6|2|6|0|6|6|6|6
30906,6,False,6,0,6,6|6|6|6|6|6|6|6|6|6
30920,6,False,6,1,6,6|6|6|6|0|6|6|6|6|6
30927,6,False,6,1,6,6|6|6|6|6|4|6|6|6|6
30942,6,False,6,0,6,6|6|6|6|6|6|6|6|6|6
30946,6,False,6,0,6,6|6|6|6|6|6|6|6|6|6
30952,6,False,6,0,6,6|6|6|6|6|6|6|6|6|6
30958,6,False,6,0,6,6|6|6|6|6|6|6|6|6|6
30967,6,False,6,0,6,6|6|6|6|6|6|6|6|6|6
30974,6,False,6,0,6,6|6|6|6|6|6|6|6|6|6
30979,6,False,6,0,6,6|6|6|6|6|6|6|6|6|6
30985,6,False,6,10,5,5|5|5|5|2|0|4|0|2|2
31011,6,False,6,0,6,6|6|6|6|6|6|6|6|6|6
31022,6,False,6,0,6,6|6|6|6|6|6|6|6|6|6
31045,6,False,6,0,6,6|6|6|6|6|6|6|6|6|6
31052,6,False,6,0,6,6|6|6|6|6|6|6|6|6|6
31061,6,False,6,6,-1,0|6|0|0|7|6|0|6|6|7
31078,6,False,6,1,6,6|6|4|6|6|6|6|6|6|6
31080,6,False,6,0,6,6|6|6|6|6|6|6|6|6|6
31081,6,False,6,10,7,7|7|7|7|7|7|7|7|7|7
31094,6,False,6,0,6,6|6|6|6|6|6|6|6|6|6
31100,6,False,6,0,6,6|6|6|6|6|6|6|6|6|6
31117,6,False,6,7,-1,3|6|7|3|7|6|7|2|2|6
31126,6,False,6,0,6,6|6|6|6|6|6|6|6|6|6
31127,6,False,6,0,6,6|6|6|6|6|6|6|6|6|6
31133,6,False,6,0,6,6|6|6|6|6|6|6|6|6|6
31134,6,False,6,0,6,6|6|6|6|6|6|6|6|6|6
31135,6,False,6,0,6,6|6|6|6|6|6|6|6|6|6
31137,6,False,6,0,6,6|6|6|6|6|6|6|6|6|6
31139,6,False,6,2,6,6|6|6|5|6|6|6|6|6|5
31152,6,False,6,0,6,6|6|6|6|6|6|6|6|6|6
31159,6,False,6,5,6,0|6|6|0|8|6|0|6|0|6
31165,6,False,6,2,6,0|6|0|6|6|6|6|6|6|6
31171,6,False,6,0,6,6|6|6|6|6|6|6|6|6|6
31186,6,False,6,10,2,2|2|0|7|0|2|2|2|2|2
31187,6,False,6,10,7,7|7|7|7|7|7|7|7|7|7
31212,6,False,6,0,6,6|6|6|6|6|6|6|6|6|6
31214,6,False,6,0,6,6|6|6|6|6|6|6|6|6|6
31234,6,False,6,0,6,6|6|6|6|6|6|6|6|6|6
31236,6,False,6,0,6,6|6|6|6|6|6|6|6|6|6
31259,6,False,6,0,6,6|6|6|6|6|6|6|6|6|6
31261,6,False,6,0,6,6|6|6|6|6|6|6|6|6|6
31270,6,False,6,0,6,6|6|6|6|6|6|6|6|6|6
31277,6,False,6,2,6,6|6|7|7|6|6|6|6|6|6
31284,6,False,6,0,6,6|6|6|6|6|6|6|6|6|6
31285,6,False,6,0,6,6|6|6|6|6|6|6|6|6|6
31295,6,False,6,0,6,6|6|6|6|6|6|6|6|6|6
31315,6,False,6,10,8,8|8|9|1|8|8|9|8|9|0
31317,6,False,6,0,6,6|6|6|6|6|6|6|6|6|6
31339,6,False,6,0,6,6|6|6|6|6|6|6|6|6|6
31348,6,False,6,0,6,6|6|6|6|6|6|6|6|6|6
31371,6,False,6,0,6,6|6|6|6|6|6|6|6|6|6
31387,6,False,6,0,6,6|6|6|6|6|6|6|6|6|6
31393,6,False,6,10,0,0|0|0|0|0|0|0|0|8|0
31410,6,False,6,2,6,6|6|6|6|7|7|6|6|6|6
31411,6,False,6,0,6,6|6|6|6|6|6|6|6|6|6
31414,6,False,6,7,7,7|7|7|7|6|7|6|6|7|7
31415,6,False,6,0,6,6|6|6|6|6|6|6|6|6|6
31421,6,False,6,0,6,6|6|6|6|6|6|6|6|6|6
31438,6,False,6,0,6,6|6|6|6|6|6|6|6|6|6
31443,6,False,6,0,6,6|6|6|6|6|6|6|6|6|6
31447,6,False,6,0,6,6|6|6|6|6|6|6|6|6|6
31448,6,False,6,0,6,6|6|6|6|6|6|6|6|6|6
31449,6,False,6,0,6,6|6|6|6|6|6|6|6|6|6
31452,6,False,6,0,6,6|6|6|6|6|6|6|6|6|6
31462,6,False,6,0,6,6|6|6|6|6|6|6|6|6|6
31490,6,False,6,0,6,6|6|6|6|6|6|6|6|6|6
31494,6,False,6,0,6,6|6|6|6|6|6|6|6|6|6
31495,6,False,6,0,6,6|6|6|6|6|6|6|6|6|6
31497,6,False,6,0,6,6|6|6|6|6|6|6|6|6|6
31503,6,False,6,5,6,3|6|7|6|6|7|7|6|3|6
31509,6,False,6,0,6,6|6|6|6|6|6|6|6|6|6
31511,6,False,6,0,6,6|6|6|6|6|6|6|6|6|6
31534,6,False,6,6,8,6|8|9|6|6|8|6|8|8|8
31552,6,False,6,0,6,6|6|6|6|6|6|6|6|6|6
31554,6,False,6,0,6,6|6|6|6|6|6|6|6|6|6
31570,6,False,6,0,6,6|6|6|6|6|6|6|6|6|6
31575,6,False,6,0,6,6|6|6|6|6|6|6|6|6|6
31588,6,False,6,0,6,6|6|6|6|6|6|6|6|6|6
31621,6,False,6,0,6,6|6|6|6|6|6|6|6|6|6
31627,6,False,6,0,6,6|6|6|6|6|6|6|6|6|6
31653,6,False,6,0,6,6|6|6|6|6|6|6|6|6|6
31658,6,False,6,0,6,6|6|6|6|6|6|6|6|6|6
31674,6,False,6,0,6,6|6|6|6|6|6|6|6|6|6
31676,6,False,6,0,6,6|6|6|6|6|6|6|6|6|6
31699,6,False,6,1,6,6|6|6|6|6|6|9|6|6|6
31701,6,False,6,0,6,6|6|6|6|6|6|6|6|6|6
31711,6,False,6,0,6,6|6|6|6|6|6|6|6|6|6
31715,6,False,6,0,6,6|6|6|6|6|6|6|6|6|6
31731,6,False,6,0,6,6|6|6|6|6|6|6|6|6|6
31742,6,False,6,4,6,6|6|7|7|6|6|6|6|7|7
31746,6,False,6,0,6,6|6|6|6|6|6|6|6|6|6
31750,6,False,6,0,6,6|6|6|6|6|6|6|6|6|6
31761,6,False,6,0,6,6|6|6|6|6|6|6|6|6|6
31765,6,False,6,0,6,6|6|6|6|6|6|6|6|6|6
31777,6,False,6,0,6,6|6|6|6|6|6|6|6|6|6
31785,6,False,6,0,6,6|6|6|6|6|6|6|6|6|6
31787,6,False,6,0,6,6|6|6|6|6|6|6|6|6|6
31800,6,False,6,0,6,6|6|6|6|6|6|6|6|6|6
31808,6,False,6,0,6,6|6|6|6|6|6|6|6|6|6
31809,6,False,6,0,6,6|6|6|6|6|6|6|6|6|6
31812,6,False,6,0,6,6|6|6|6|6|6|6|6|6|6
31813,6,False,6,0,6,6|6|6|6|6|6|6|6|6|6
31825,6,False,6,0,6,6|6|6|6|6|6|6|6|6|6
31827,6,False,6,0,6,6|6|6|6|6|6|6|6|6|6
31841,6,False,6,10,7,7|7|7|7|7|7|7|7|7|7
31862,6,False,6,0,6,6|6|6|6|6|6|6|6|6|6
31863,6,False,6,1,6,6|6|6|2|6|6|6|6|6|6
31870,6,False,6,0,6,6|6|6|6|6|6|6|6|6|6
31896,6,False,6,5,6,6|2|6|6|4|3|6|6|2|2
31946,6,False,6,0,6,6|6|6|6|6|6|6|6|6|6
31951,6,False,6,0,6,6|6|6|6|6|6|6|6|6|6
31953,6,False,6,0,6,6|6|6|6|6|6|6|6|6|6
31958,6,False,6,0,6,6|6|6|6|6|6|6|6|6|6
31964,6,False,6,1,6,6|6|6|6|6|6|6|6|7|6
31976,6,False,6,0,6,6|6|6|6|6|6|6|6|6|6
31977,6,False,6,10,2,1|1|2|2|2|2|2|1|2|2
31981,6,False,6,10,0,0|7|0|0|0|0|0|0|0|0
31996,6,False,6,0,6,6|6|6|6|6|6|6|6|6|6
31998,6,False,6,4,6,4|6|6|6|6|2|2|2|6|6
32002,6,False,6,0,6,6|6|6|6|6|6|6|6|6|6
32011,6,False,6,0,6,6|6|6|6|6|6|6|6|6|6
32015,6,False,6,0,6,6|6|6|6|6|6|6|6|6|6
32024,6,False,6,0,6,6|6|6|6|6|6|6|6|6|6
32046,6,False,6,0,6,6|6|6|6|6|6|6|6|6|6
32068,6,False,6,0,6,6|6|6|6|6|6|6|6|6|6
32069,6,False,6,3,6,6|7|6|6|6|6|7|6|7|6
32084,6,False,6,0,6,6|6|6|6|6|6|6|6|6|6
32100,6,False,6,0,6,6|6|6|6|6|6|6|6|6|6
32101,6,False,6,0,6,6|6|6|6|6|6|6|6|6|6
32113,6,False,6,0,6,6|6|6|6|6|6|6|6|6|6
32122,6,False,6,0,6,6|6|6|6|6|6|6|6|6|6
32123,6,False,6,0,6,6|6|6|6|6|6|6|6|6|6
32136,6,False,6,0,6,6|6|6|6|6|6|6|6|6|6
32139,6,False,6,0,6,6|6|6|6|6|6|6|6|6|6
32148,6,False,6,1,6,6|6|6|6|6|7|6|6|6|6
32165,6,False,6,0,6,6|6|6|6|6|6|6|6|6|6
32169,6,False,6,0,6,6|6|6|6|6|6|6|6|6|6
32180,6,False,6,0,6,6|6|6|6|6|6|6|6|6|6
32190,6,False,6,0,6,6|6|6|6|6|6|6|6|6|6
32198,6,False,6,0,6,6|6|6|6|6|6|6|6|6|6
32200,6,False,6,0,6,6|6|6|6|6|6|6|6|6|6
32202,6,False,6,0,6,6|6|6|6|6|6|6|6|6|6
32203,6,False,6,0,6,6|6|6|6|6|6|6|6|6|6
32211,6,False,6,0,6,6|6|6|6|6|6|6|6|6|6
32216,6,False,6,0,6,6|6|6|6|6|6|6|6|6|6
32225,6,False,6,1,6,6|6|7|6|6|6|6|6|6|6
32245,6,False,6,0,6,6|6|6|6|6|6|6|6|6|6
32262,6,False,6,0,6,6|6|6|6|6|6|6|6|6|6
32290,6,False,6,0,6,6|6|6|6|6|6|6|6|6|6
32298,6,False,6,0,6,6|6|6|6|6|6|6|6|6|6
32309,6,False,6,0,6,6|6|6|6|6|6|6|6|6|6
32313,6,False,6,0,6,6|6|6|6|6|6|6|6|6|6
32323,6,False,6,0,6,6|6|6|6|6|6|6|6|6|6
32325,6,False,6,10,7,7|7|0|1|7|7|0|7|7|7
32328,6,False,6,0,6,6|6|6|6|6|6|6|6|6|6
32332,6,False,6,0,6,6|6|6|6|6|6|6|6|6|6
32341,6,False,6,0,6,6|6|6|6|6|6|6|6|6|6
32342,6,False,6,0,6,6|6|6|6|6|6|6|6|6|6
32348,6,False,6,0,6,6|6|6|6|6|6|6|6|6|6
32355,6,False,6,0,6,6|6|6|6|6|6|6|6|6|6
32361,6,False,6,4,6,0|6|1|6|6|6|6|1|4|6
32362,6,False,6,0,6,6|6|6|6|6|6|6|6|6|6
32374,6,False,6,0,6,6|6|6|6|6|6|6|6|6|6
32399,6,False,6,0,6,6|6|6|6|6|6|6|6|6|6
32407,6,False,6,0,6,6|6|6|6|6|6|6|6|6|6
32411,6,False,6,0,6,6|6|6|6|6|6|6|6|6|6
32414,6,False,6,0,6,6|6|6|6|6|6|6|6|6|6
32419,6,False,6,0,6,6|6|6|6|6|6|6|6|6|6
32437,6,False,6,0,6,6|6|6|6|6|6|6|6|6|6
32443,6,False,6,0,6,6|6|6|6|6|6|6|6|6|6
32456,6,False,6,0,6,6|6|6|6|6|6|6|6|6|6
32458,6,False,6,0,6,6|6|6|6|6|6|6|6|6|6
32482,6,False,6,0,6,6|6|6|6|6|6|6|6|6|6
32483,6,False,6,0,6,6|6|6|6|6|6|6|6|6|6
32502,6,False,6,0,6,6|6|6|6|6|6|6|6|6|6
32521,6,False,6,0,6,6|6|6|6|6|6|6|6|6|6
32523,6,False,6,0,6,6|6|6|6|6|6|6|6|6|6
32531,6,False,6,0,6,6|6|6|6|6|6|6|6|6|6
32539,6,False,6,0,6,6|6|6|6|6|6|6|6|6|6
32550,6,False,6,2,6,7|6|7|6|6|6|6|6|6|6
32561,6,False,6,0,6,6|6|6|6|6|6|6|6|6|6
32563,6,False,6,0,6,6|6|6|6|6|6|6|6|6|6
32571,6,False,6,0,6,6|6|6|6|6|6|6|6|6|6
32589,6,False,6,0,6,6|6|6|6|6|6|6|6|6|6
32600,6,False,6,1,6,6|6|6|6|6|6|6|6|4|6
32611,6,False,6,0,6,6|6|6|6|6|6|6|6|6|6
32636,6,False,6,0,6,6|6|6|6|6|6|6|6|6|6
32640,6,False,6,0,6,6|6|6|6|6|6|6|6|6|6
32642,6,False,6,0,6,6|6|6|6|6|6|6|6|6|6
32646,6,False,6,8,7,7|7|6|6|7|7|7|7|7|7
32655,6,False,6,4,6,6|7|7|7|6|6|6|6|7|6
32688,6,False,6,0,6,6|6|6|6|6|6|6|6|6|6
32696,6,False,6,10,7,7|7|7|7|7|7|7|7|7|7
32705,6,False,6,1,6,6|6|6|0|6|6|6|6|6|6
32711,6,False,6,0,6,6|6|6|6|6|6|6|6|6|6
32716,6,False,6,0,6,6|6|6|6|6|6|6|6|6|6
32726,6,False,6,0,6,6|6|6|6|6|6|6|6|6|6
32729,6,False,6,6,7,6|6|6|7|6|7|7|7|7|7
32746,6,False,6,0,6,6|6|6|6|6|6|6|6|6|6
32747,6,False,6,0,6,6|6|6|6|6|6|6|6|6|6
32754,6,False,6,0,6,6|6|6|6|6|6|6|6|6|6
32769,6,False,6,0,6,6|6|6|6|6|6|6|6|6|6
32776,6,False,6,0,6,6|6|6|6|6|6|6|6|6|6
32777,6,False,6,0,6,6|6|6|6|6|6|6|6|6|6
32786,6,False,6,0,6,6|6|6|6|6|6|6|6|6|6
32793,6,False,6,0,6,6|6|6|6|6|6|6|6|6|6
32800,6,False,6,0,6,6|6|6|6|6|6|6|6|6|6
32813,6,False,6,0,6,6|6|6|6|6|6|6|6|6|6
32816,6,False,6,0,6,6|6|6|6|6|6|6|6|6|6
32817,6,False,6,0,6,6|6|6|6|6|6|6|6|6|6
32824,6,False,6,1,6,6|6|7|6|6|6|6|6|6|6
32826,6,False,6,0,6,6|6|6|6|6|6|6|6|6|6
32868,6,False,6,0,6,6|6|6|6|6|6|6|6|6|6
32873,6,False,6,0,6,6|6|6|6|6|6|6|6|6|6
32877,6,False,6,0,6,6|6|6|6|6|6|6|6|6|6
32895,6,False,6,7,7,7|7|7|7|6|6|6|7|7|7
32903,6,False,6,0,6,6|6|6|6|6|6|6|6|6|6
32904,6,False,6,1,6,6|6|6|6|6|1|6|6|6|6
32907,6,False,6,0,6,6|6|6|6|6|6|6|6|6|6
32908,6,False,6,0,6,6|6|6|6|6|6|6|6|6|6
32924,6,False,6,0,6,6|6|6|6|6|6|6|6|6|6
32930,6,False,6,0,6,6|6|6|6|6|6|6|6|6|6
32943,6,False,6,0,6,6|6|6|6|6|6|6|6|6|6
32947,6,False,6,9,7,7|7|6|7|7|7|7|7|7|7
32964,6,False,6,8,3,3|4|3|3|2|3|6|3|3|6
32969,6,False,6,0,6,6|6|6|6|6|6|6|6|6|6
32987,6,False,6,0,6,6|6|6|6|6|6|6|6|6|6
32990,6,False,6,1,6,6|6|6|6|6|6|6|7|6|6
32995,6,False,6,0,6,6|6|6|6|6|6|6|6|6|6
33006,6,False,6,9,7,7|8|7|9|7|8|7|6|7|8
33010,6,False,6,0,6,6|6|6|6|6|6|6|6|6|6
33014,6,False,6,0,6,6|6|6|6|6|6|6|6|6|6
33017,6,False,6,0,6,6|6|6|6|6|6|6|6|6|6
33019,6,False,6,0,6,6|6|6|6|6|6|6|6|6|6
33022,6,False,6,0,6,6|6|6|6|6|6|6|6|6|6
33024,6,False,6,0,6,6|6|6|6|6|6|6|6|6|6
33036,6,False,6,0,6,6|6|6|6|6|6|6|6|6|6
33045,6,False,6,0,6,6|6|6|6|6|6|6|6|6|6
33054,6,False,6,1,6,6|6|6|9|6|6|6|6|6|6
33055,6,False,6,0,6,6|6|6|6|6|6|6|6|6|6
33077,6,False,6,2,6,6|6|4|4|6|6|6|6|6|6
33082,6,False,6,0,6,6|6|6|6|6|6|6|6|6|6
33088,6,False,6,0,6,6|6|6|6|6|6|6|6|6|6
33099,6,False,6,0,6,6|6|6|6|6|6|6|6|6|6
33108,6,False,6,0,6,6|6|6|6|6|6|6|6|6|6
33122,6,False,6,0,6,6|6|6|6|6|6|6|6|6|6
33143,6,False,6,0,6,6|6|6|6|6|6|6|6|6|6
33154,6,False,6,0,6,6|6|6|6|6|6|6|6|6|6
33157,6,False,6,0,6,6|6|6|6|6|6|6|6|6|6
33161,6,False,6,0,6,6|6|6|6|6|6|6|6|6|6
33178,6,False,6,7,7,7|6|7|7|7|7|7|7|6|6
33181,6,False,6,0,6,6|6|6|6|6|6|6|6|6|6
33187,6,False,6,0,6,6|6|6|6|6|6|6|6|6|6
33189,6,False,6,0,6,6|6|6|6|6|6|6|6|6|6
33191,6,False,6,1,6,6|6|6|6|6|6|7|6|6|6
33202,6,False,6,0,6,6|6|6|6|6|6|6|6|6|6
33210,6,False,6,0,6,6|6|6|6|6|6|6|6|6|6
33211,6,False,6,0,6,6|6|6|6|6|6|6|6|6|6
33229,6,False,6,0,6,6|6|6|6|6|6|6|6|6|6
33243,6,False,6,0,6,6|6|6|6|6|6|6|6|6|6
33245,6,False,6,0,6,6|6|6|6|6|6|6|6|6|6
33258,6,False,6,0,6,6|6|6|6|6|6|6|6|6|6
33268,6,False,6,0,6,6|6|6|6|6|6|6|6|6|6
33271,6,False,6,0,6,6|6|6|6|6|6|6|6|6|6
33280,6,False,6,0,6,6|6|6|6|6|6|6|6|6|6
33293,6,False,6,0,6,6|6|6|6|6|6|6|6|6|6
33298,6,False,6,0,6,6|6|6|6|6|6|6|6|6|6
33305,6,False,6,0,6,6|6|6|6|6|6|6|6|6|6
33315,6,False,6,0,6,6|6|6|6|6|6|6|6|6|6
33328,6,False,6,0,6,6|6|6|6|6|6|6|6|6|6
33339,6,False,6,1,6,6|6|6|6|7|6|6|6|6|6
33342,6,False,6,0,6,6|6|6|6|6|6|6|6|6|6
33354,6,False,6,0,6,6|6|6|6|6|6|6|6|6|6
33356,6,False,6,0,6,6|6|6|6|6|6|6|6|6|6
33360,6,False,6,8,7,7|7|6|7|7|7|7|7|7|6
33398,6,False,6,0,6,6|6|6|6|6|6|6|6|6|6
33400,6,False,6,9,0,0|0|4|0|0|2|0|6|0|2
33411,6,False,6,0,6,6|6|6|6|6|6|6|6|6|6
33413,6,False,6,4,6,0|0|6|0|0|6|6|6|6|6
33420,6,False,6,0,6,6|6|6|6|6|6|6|6|6|6
33425,6,False,6,1,6,6|6|6|6|6|7|6|6|6|6
33426,6,False,6,0,6,6|6|6|6|6|6|6|6|6|6
33429,6,False,6,0,6,6|6|6|6|6|6|6|6|6|6
33440,6,False,6,0,6,6|6|6|6|6|6|6|6|6|6
33441,6,False,6,0,6,6|6|6|6|6|6|6|6|6|6
33445,6,False,6,0,6,6|6|6|6|6|6|6|6|6|6
33454,6,False,6,0,6,6|6|6|6|6|6|6|6|6|6
33455,6,False,6,0,6,6|6|6|6|6|6|6|6|6|6
33489,6,False,6,0,6,6|6|6|6|6|6|6|6|6|6
33504,6,False,6,0,6,6|6|6|6|6|6|6|6|6|6
33505,6,False,6,10,4,4|4|4|4|4|4|4|4|4|4
33510,6,False,6,0,6,6|6|6|6|6|6|6|6|6|6
33513,6,False,6,6,7,7|7|6|7|7|6|6|7|7|6
33514,6,False,6,0,6,6|6|6|6|6|6|6|6|6|6
33525,6,False,6,0,6,6|6|6|6|6|6|6|6|6|6
33555,6,False,6,0,6,6|6|6|6|6|6|6|6|6|6
33571,6,False,6,0,6,6|6|6|6|6|6|6|6|6|6
33605,6,False,6,0,6,6|6|6|6|6|6|6|6|6|6
33608,6,False,6,0,6,6|6|6|6|6|6|6|6|6|6
33613,6,False,6,0,6,6|6|6|6|6|6|6|6|6|6
33643,6,False,6,0,6,6|6|6|6|6|6|6|6|6|6
33695,6,False,6,3,6,6|6|6|2|6|2|0|6|6|6
33696,6,False,6,0,6,6|6|6|6|6|6|6|6|6|6
33713,6,False,6,0,6,6|6|6|6|6|6|6|6|6|6
33730,6,False,6,0,6,6|6|6|6|6|6|6|6|6|6
33742,6,False,6,2,6,6|6|6|3|6|6|0|6|6|6
33757,6,False,6,0,6,6|6|6|6|6|6|6|6|6|6
33777,6,False,6,0,6,6|6|6|6|6|6|6|6|6|6
33783,6,False,6,0,6,6|6|6|6|6|6|6|6|6|6
33787,6,False,6,0,6,6|6|6|6|6|6|6|6|6|6
33788,6,False,6,1,6,6|6|6|7|6|6|6|6|6|6
33808,6,False,6,0,6,6|6|6|6|6|6|6|6|6|6
33826,6,False,6,0,6,6|6|6|6|6|6|6|6|6|6
33831,6,False,6,0,6,6|6|6|6|6|6|6|6|6|6
33835,6,False,6,3,6,4|0|6|6|0|6|6|6|6|6
33840,6,False,6,0,6,6|6|6|6|6|6|6|6|6|6
33870,6,False,6,1,6,6|6|6|8|6|6|6|6|6|6
33871,6,False,6,0,6,6|6|6|6|6|6|6|6|6|6
33889,6,False,6,0,6,6|6|6|6|6|6|6|6|6|6
33911,6,False,6,0,6,6|6|6|6|6|6|6|6|6|6
33926,6,False,6,0,6,6|6|6|6|6|6|6|6|6|6
33959,6,False,6,0,6,6|6|6|6|6|6|6|6|6|6
33960,6,False,6,0,6,6|6|6|6|6|6|6|6|6|6
33972,6,False,6,0,6,6|6|6|6|6|6|6|6|6|6
33998,6,False,6,0,6,6|6|6|6|6|6|6|6|6|6
34011,6,False,6,0,6,6|6|6|6|6|6|6|6|6|6
34013,6,False,6,5,-1,9|6|6|9|6|6|9|9|9|6
34023,6,False,6,0,6,6|6|6|6|6|6|6|6|6|6
34036,6,False,6,0,6,6|6|6|6|6|6|6|6|6|6
34044,6,False,6,0,6,6|6|6|6|6|6|6|6|6|6
34052,6,False,6,0,6,6|6|6|6|6|6|6|6|6|6
34054,6,False,6,0,6,6|6|6|6|6|6|6|6|6|6
34061,6,False,6,0,6,6|6|6|6|6|6|6|6|6|6
34065,6,False,6,0,6,6|6|6|6|6|6|6|6|6|6
34067,6,False,6,0,6,6|6|6|6|6|6|6|6|6|6
34080,6,False,6,0,6,6|6|6|6|6|6|6|6|6|6
34084,6,False,6,7,4,4|4|0|6|6|4|6|4|4|4
34093,6,False,6,0,6,6|6|6|6|6|6|6|6|6|6
34114,6,False,6,0,6,6|6|6|6|6|6|6|6|6|6
34119,6,False,6,9,7,4|7|7|7|5|7|7|6|7|7
34121,6,False,6,0,6,6|6|6|6|6|6|6|6|6|6
34136,6,False,6,8,7,6|7|7|6|7|7|7|7|7|7
34140,6,False,6,0,6,6|6|6|6|6|6|6|6|6|6
34141,6,False,6,0,6,6|6|6|6|6|6|6|6|6|6
34150,6,False,6,0,6,6|6|6|6|6|6|6|6|6|6
34151,6,False,6,0,6,6|6|6|6|6|6|6|6|6|6
34169,6,False,6,9,0,0|0|0|0|0|0|0|6|0|0
34171,6,False,6,0,6,6|6|6|6|6|6|6|6|6|6
34178,6,False,6,0,6,6|6|6|6|6|6|6|6|6|6
34182,6,False,6,0,6,6|6|6|6|6|6|6|6|6|6
34188,6,False,6,1,6,6|6|6|6|6|6|6|6|9|6
34189,6,False,6,0,6,6|6|6|6|6|6|6|6|6|6
34190,6,False,6,0,6,6|6|6|6|6|6|6|6|6|6
34194,6,False,6,0,6,6|6|6|6|6|6|6|6|6|6
34198,6,False,6,2,6,6|6|6|6|6|6|9|9|6|6
34200,6,False,6,0,6,6|6|6|6|6|6|6|6|6|6
34205,6,False,6,0,6,6|6|6|6|6|6|6|6|6|6
34227,6,False,6,0,6,6|6|6|6|6|6|6|6|6|6
34234,6,False,6,0,6,6|6|6|6|6|6|6|6|6|6
34244,6,False,6,0,6,6|6|6|6|6|6|6|6|6|6
34246,6,False,6,0,6,6|6|6|6|6|6|6|6|6|6
34268,6,False,6,10,5,5|5|3|5|5|5|5|5|5|5
34275,6,False,6,2,6,9|6|6|7|6|6|6|6|6|6
34307,6,False,6,0,6,6|6|6|6|6|6|6|6|6|6
34317,6,False,6,10,7,7|7|7|7|7|7|7|7|7|7
34318,6,False,6,0,6,6|6|6|6|6|6|6|6|6|6
34325,6,False,6,0,6,6|6|6|6|6|6|6|6|6|6
34326,6,False,6,0,6,6|6|6|6|6|6|6|6|6|6
34328,6,False,6,0,6,6|6|6|6|6|6|6|6|6|6
34335,6,False,6,0,6,6|6|6|6|6|6|6|6|6|6
34347,6,False,6,0,6,6|6|6|6|6|6|6|6|6|6
34353,6,False,6,0,6,6|6|6|6|6|6|6|6|6|6
34355,6,False,6,0,6,6|6|6|6|6|6|6|6|6|6
34385,6,False,6,0,6,6|6|6|6|6|6|6|6|6|6
34396,6,False,6,9,0,3|0|0|0|0|8|0|3|0|6
34418,6,False,6,0,6,6|6|6|6|6|6|6|6|6|6
34421,6,False,6,0,6,6|6|6|6|6|6|6|6|6|6
34428,6,False,6,0,6,6|6|6|6|6|6|6|6|6|6
34455,6,False,6,0,6,6|6|6|6|6|6|6|6|6|6
34467,6,False,6,0,6,6|6|6|6|6|6|6|6|6|6
34475,6,False,6,0,6,6|6|6|6|6|6|6|6|6|6
34500,6,False,6,0,6,6|6|6|6|6|6|6|6|6|6
34502,6,False,6,0,6,6|6|6|6|6|6|6|6|6|6
34506,6,False,6,0,6,6|6|6|6|6|6|6|6|6|6
34520,6,False,6,0,6,6|6|6|6|6|6|6|6|6|6
34544,6,False,6,0,6,6|6|6|6|6|6|6|6|6|6
34551,6,False,6,0,6,6|6|6|6|6|6|6|6|6|6
34573,6,False,6,0,6,6|6|6|6|6|6|6|6|6|6
34596,6,False,6,3,6,6|6|6|6|6|6|8|6|0|4
34611,6,False,6,0,6,6|6|6|6|6|6|6|6|6|6
34621,6,False,6,10,7,7|7|7|7|7|7|7|7|7|7
34631,6,False,6,5,6,4|6|6|6|7|7|7|6|4|6
34644,6,False,6,0,6,6|6|6|6|6|6|6|6|6|6
34651,6,False,6,0,6,6|6|6|6|6|6|6|6|6|6
34678,6,False,6,0,6,6|6|6|6|6|6|6|6|6|6
34692,6,False,6,0,6,6|6|6|6|6|6|6|6|6|6
34722,6,False,6,0,6,6|6|6|6|6|6|6|6|6|6
34724,6,False,6,0,6,6|6|6|6|6|6|6|6|6|6
34725,6,False,6,0,6,6|6|6|6|6|6|6|6|6|6
34738,6,False,6,0,6,6|6|6|6|6|6|6|6|6|6
34744,6,False,6,0,6,6|6|6|6|6|6|6|6|6|6
34756,6,False,6,0,6,6|6|6|6|6|6|6|6|6|6
34774,6,False,6,0,6,6|6|6|6|6|6|6|6|6|6
34778,6,False,6,0,6,6|6|6|6|6|6|6|6|6|6
34783,6,False,6,0,6,6|6|6|6|6|6|6|6|6|6
34786,6,False,6,0,6,6|6|6|6|6|6|6|6|6|6
34790,6,False,6,0,6,6|6|6|6|6|6|6|6|6|6
34807,6,False,6,0,6,6|6|6|6|6|6|6|6|6|6
34813,6,False,6,0,6,6|6|6|6|6|6|6|6|6|6
34818,6,False,6,0,6,6|6|6|6|6|6|6|6|6|6
34836,6,False,6,0,6,6|6|6|6|6|6|6|6|6|6
34841,6,False,6,0,6,6|6|6|6|6|6|6|6|6|6
34875,6,False,6,1,6,9|6|6|6|6|6|6|6|6|6
34879,6,False,6,0,6,6|6|6|6|6|6|6|6|6|6
34887,6,False,6,0,6,6|6|6|6|6|6|6|6|6|6
34893,6,False,6,0,6,6|6|6|6|6|6|6|6|6|6
34900,6,False,6,0,6,6|6|6|6|6|6|6|6|6|6
34906,6,False,6,7,4,2|6|5|5|4|4|6|4|6|4
34909,6,False,6,0,6,6|6|6|6|6|6|6|6|6|6
34923,6,False,6,0,6,6|6|6|6|6|6|6|6|6|6
34925,6,False,6,0,6,6|6|6|6|6|6|6|6|6|6
34935,6,False,6,0,6,6|6|6|6|6|6|6|6|6|6
34937,6,False,6,0,6,6|6|6|6|6|6|6|6|6|6
34957,6,False,6,3,6,7|7|6|6|6|6|6|7|6|6
34959,6,False,6,0,6,6|6|6|6|6|6|6|6|6|6
34961,6,False,6,0,6,6|6|6|6|6|6|6|6|6|6
34974,6,False,6,0,6,6|6|6|6|6|6|6|6|6|6
34976,6,False,6,0,6,6|6|6|6|6|6|6|6|6|6
35059,6,False,6,5,-1,5|6|5|6|5|5|5|6|6|6
35073,6,False,6,0,6,6|6|6|6|6|6|6|6|6|6
35082,6,False,6,0,6,6|6|6|6|6|6|6|6|6|6
35084,6,False,6,5,6,7|6|7|4|6|6|7|6|6|7
35091,6,False,6,0,6,6|6|6|6|6|6|6|6|6|6
35108,6,False,6,0,6,6|6|6|6|6|6|6|6|6|6
35111,6,False,6,0,6,6|6|6|6|6|6|6|6|6|6
35113,6,False,6,0,6,6|6|6|6|6|6|6|6|6|6
35116,6,False,6,0,6,6|6|6|6|6|6|6|6|6|6
35141,6,False,6,1,6,6|6|6|6|0|6|6|6|6|6
35166,6,False,6,0,6,6|6|6|6|6|6|6|6|6|6
35169,6,False,6,0,6,6|6|6|6|6|6|6|6|6|6
35178,6,False,6,0,6,6|6|6|6|6|6|6|6|6|6
35183,6,False,6,3,6,6|6|7|7|6|6|6|6|7|6
35184,6,False,6,0,6,6|6|6|6|6|6|6|6|6|6
35204,6,False,6,0,6,6|6|6|6|6|6|6|6|6|6
35213,6,False,6,4,6,0|6|6|6|4|6|6|6|4|0
35222,7,False,7,0,7,7|7|7|7|7|7|7|7|7|7
35231,7,False,7,0,7,7|7|7|7|7|7|7|7|7|7
35236,7,False,7,0,7,7|7|7|7|7|7|7|7|7|7
35237,7,False,7,0,7,7|7|7|7|7|7|7|7|7|7
35246,7,False,7,0,7,7|7|7|7|7|7|7|7|7|7
35255,7,False,7,0,7,7|7|7|7|7|7|7|7|7|7
35258,7,False,7,0,7,7|7|7|7|7|7|7|7|7|7
35259,7,False,7,0,7,7|7|7|7|7|7|7|7|7|7
35279,7,False,7,10,9,9|9|9|9|9|9|9|9|9|9
35280,7,False,7,0,7,7|7|7|7|7|7|7|7|7|7
35292,7,False,7,0,7,7|7|7|7|7|7|7|7|7|7
35303,7,False,7,0,7,7|7|7|7|7|7|7|7|7|7
35331,7,False,7,0,7,7|7|7|7|7|7|7|7|7|7
35333,7,False,7,0,7,7|7|7|7|7|7|7|7|7|7
35359,7,False,7,0,7,7|7|7|7|7|7|7|7|7|7
35365,7,False,7,0,7,7|7|7|7|7|7|7|7|7|7
35382,7,False,7,0,7,7|7|7|7|7|7|7|7|7|7
35405,7,False,7,0,7,7|7|7|7|7|7|7|7|7|7
35414,7,False,7,0,7,7|7|7|7|7|7|7|7|7|7
35464,7,False,7,0,7,7|7|7|7|7|7|7|7|7|7
35466,7,False,7,0,7,7|7|7|7|7|7|7|7|7|7
35499,7,False,7,0,7,7|7|7|7|7|7|7|7|7|7
35551,7,False,7,0,7,7|7|7|7|7|7|7|7|7|7
35557,7,False,7,0,7,7|7|7|7|7|7|7|7|7|7
35558,7,False,7,0,7,7|7|7|7|7|7|7|7|7|7
35563,7,False,7,0,7,7|7|7|7|7|7|7|7|7|7
35574,7,False,7,10,8,8|8|9|5|6|8|8|5|8|4
35598,7,False,7,3,7,7|7|7|7|7|6|9|7|9|7
35610,7,False,7,0,7,7|7|7|7|7|7|7|7|7|7
35611,7,False,7,0,7,7|7|7|7|7|7|7|7|7|7
35617,7,False,7,0,7,7|7|7|7|7|7|7|7|7|7
35632,7,False,7,0,7,7|7|7|7|7|7|7|7|7|7
35649,7,False,7,0,7,7|7|7|7|7|7|7|7|7|7
35657,7,False,7,0,7,7|7|7|7|7|7|7|7|7|7
35677,7,False,7,0,7,7|7|7|7|7|7|7|7|7|7
35688,7,False,7,0,7,7|7|7|7|7|7|7|7|7|7
35694,7,False,7,0,7,7|7|7|7|7|7|7|7|7|7
35697,7,False,7,0,7,7|7|7|7|7|7|7|7|7|7
35705,7,False,7,0,7,7|7|7|7|7|7|7|7|7|7
35727,7,False,7,2,7,7|7|7|7|2|2|7|7|7|7
35735,7,False,7,0,7,7|7|7|7|7|7|7|7|7|7
35736,7,False,7,0,7,7|7|7|7|7|7|7|7|7|7
35738,7,False,7,0,7,7|7|7|7|7|7|7|7|7|7
35789,7,False,7,0,7,7|7|7|7|7|7|7|7|7|7
35791,7,False,7,0,7,7|7|7|7|7|7|7|7|7|7
35795,7,False,7,0,7,7|7|7|7|7|7|7|7|7|7
35797,7,False,7,0,7,7|7|7|7|7|7|7|7|7|7
35804,7,False,7,0,7,7|7|7|7|7|7|7|7|7|7
35808,7,False,7,0,7,7|7|7|7|7|7|7|7|7|7
35810,7,False,7,0,7,7|7|7|7|7|7|7|7|7|7
35814,7,False,7,0,7,7|7|7|7|7|7|7|7|7|7
35816,7,False,7,0,7,7|7|7|7|7|7|7|7|7|7
35817,7,False,7,0,7,7|7|7|7|7|7|7|7|7|7
35827,7,False,7,0,7,7|7|7|7|7|7|7|7|7|7
35833,7,False,7,0,7,7|7|7|7|7|7|7|7|7|7
35839,7,False,7,10,1,1|1|5|5|1|3|1|1|1|1
35844,7,False,7,0,7,7|7|7|7|7|7|7|7|7|7
35863,7,False,7,0,7,7|7|7|7|7|7|7|7|7|7
35881,7,False,7,0,7,7|7|7|7|7|7|7|7|7|7
35891,7,False,7,0,7,7|7|7|7|7|7|7|7|7|7
35896,7,False,7,0,7,7|7|7|7|7|7|7|7|7|7
35900,7,False,7,0,7,7|7|7|7|7|7|7|7|7|7
35905,7,False,7,0,7,7|7|7|7|7|7|7|7|7|7
35911,7,False,7,0,7,7|7|7|7|7|7|7|7|7|7
35923,7,False,7,10,0,2|0|5|0|2|5|0|0|6|6
35924,7,False,7,0,7,7|7|7|7|7|7|7|7|7|7
35928,7,False,7,0,7,7|7|7|7|7|7|7|7|7|7
35943,7,False,7,0,7,7|7|7|7|7|7|7|7|7|7
35950,7,False,7,1,7,7|7|7|7|7|7|7|7|6|7
35951,7,False,7,0,7,7|7|7|7|7|7|7|7|7|7
35954,7,False,7,0,7,7|7|7|7|7|7|7|7|7|7
35960,7,False,7,0,7,7|7|7|7|7|7|7|7|7|7
35965,7,False,7,0,7,7|7|7|7|7|7|7|7|7|7
35970,7,False,7,0,7,7|7|7|7|7|7|7|7|7|7
35971,7,False,7,0,7,7|7|7|7|7|7|7|7|7|7
35973,7,False,7,0,7,7|7|7|7|7|7|7|7|7|7
36033,7,False,7,0,7,7|7|7|7|7|7|7|7|7|7
36034,7,False,7,0,7,7|7|7|7|7|7|7|7|7|7
36042,7,False,7,0,7,7|7|7|7|7|7|7|7|7|7
36056,7,False,7,7,1,1|7|6|1|1|6|1|7|6|7
36060,7,False,7,0,7,7|7|7|7|7|7|7|7|7|7
36128,7,False,7,5,7,6|7|5|2|7|7|5|7|1|7
36144,7,False,7,0,7,7|7|7|7|7|7|7|7|7|7
36148,7,False,7,0,7,7|7|7|7|7|7|7|7|7|7
36152,7,False,7,10,5,5|5|5|3|5|1|5|1|5|5
36169,7,False,7,0,7,7|7|7|7|7|7|7|7|7|7
36180,7,False,7,0,7,7|7|7|7|7|7|7|7|7|7
36201,7,False,7,0,7,7|7|7|7|7|7|7|7|7|7
36213,7,False,7,0,7,7|7|7|7|7|7|7|7|7|7
36232,7,False,7,0,7,7|7|7|7|7|7|7|7|7|7
36233,7,False,7,0,7,7|7|7|7|7|7|7|7|7|7
36239,7,False,7,0,7,7|7|7|7|7|7|7|7|7|7
36243,7,False,7,1,7,7|7|7|7|7|7|6|7|7|7
36250,7,False,7,0,7,7|7|7|7|7|7|7|7|7|7
36259,7,False,7,0,7,7|7|7|7|7|7|7|7|7|7
36302,7,False,7,0,7,7|7|7|7|7|7|7|7|7|7
36309,7,False,7,0,7,7|7|7|7|7|7|7|7|7|7
36336,7,False,7,0,7,7|7|7|7|7|7|7|7|7|7
36347,7,False,7,0,7,7|7|7|7|7|7|7|7|7|7
36350,7,False,7,0,7,7|7|7|7|7|7|7|7|7|7
36353,7,False,7,0,7,7|7|7|7|7|7|7|7|7|7
36363,7,False,7,0,7,7|7|7|7|7|7|7|7|7|7
36365,7,False,7,0,7,7|7|7|7|7|7|7|7|7|7
36369,7,False,7,0,7,7|7|7|7|7|7|7|7|7|7
36384,7,False,7,0,7,7|7|7|7|7|7|7|7|7|7
36405,7,False,7,0,7,7|7|7|7|7|7|7|7|7|7
36406,7,False,7,0,7,7|7|7|7|7|7|7|7|7|7
36419,7,False,7,0,7,7|7|7|7|7|7|7|7|7|7
36431,7,False,7,0,7,7|7|7|7|7|7|7|7|7|7
36443,7,False,7,0,7,7|7|7|7|7|7|7|7|7|7
36463,7,False,7,0,7,7|7|7|7|7|7|7|7|7|7
36465,7,False,7,0,7,7|7|7|7|7|7|7|7|7|7
36466,7,False,7,0,7,7|7|7|7|7|7|7|7|7|7
36503,7,False,7,0,7,7|7|7|7|7|7|7|7|7|7
36529,7,False,7,0,7,7|7|7|7|7|7|7|7|7|7
36546,7,False,7,0,7,7|7|7|7|7|7|7|7|7|7
36548,7,False,7,0,7,7|7|7|7|7|7|7|7|7|7
36575,7,False,7,0,7,7|7|7|7|7|7|7|7|7|7
36576,7,False,7,0,7,7|7|7|7|7|7|7|7|7|7
36578,7,False,7,7,8,8|8|8|8|7|8|8|7|7|8
36601,7,False,7,7,6,6|6|6|7|7|7|6|6|6|6
36614,7,False,7,0,7,7|7|7|7|7|7|7|7|7|7
36640,7,False,7,3,7,6|6|7|7|5|7|7|7|7|7
36644,7,False,7,0,7,7|7|7|7|7|7|7|7|7|7
36647,7,False,7,0,7,7|7|7|7|7|7|7|7|7|7
36654,7,False,7,0,7,7|7|7|7|7|7|7|7|7|7
36661,7,False,7,0,7,7|7|7|7|7|7|7|7|7|7
36664,7,False,7,0,7,7|7|7|7|7|7|7|7|7|7
36667,7,False,7,0,7,7|7|7|7|7|7|7|7|7|7
36672,7,False,7,0,7,7|7|7|7|7|7|7|7|7|7
36674,7,False,7,0,7,7|7|7|7|7|7|7|7|7|7
36675,7,False,7,0,7,7|7|7|7|7|7|7|7|7|7
36695,7,False,7,0,7,7|7|7|7|7|7|7|7|7|7
36699,7,False,7,0,7,7|7|7|7|7|7|7|7|7|7
36700,7,False,7,0,7,7|7|7|7|7|7|7|7|7|7
36702,7,False,7,0,7,7|7|7|7|7|7|7|7|7|7
36718,7,False,7,0,7,7|7|7|7|7|7|7|7|7|7
36733,7,False,7,0,7,7|7|7|7|7|7|7|7|7|7
36741,7,False,7,0,7,7|7|7|7|7|7|7|7|7|7
36746,7,False,7,0,7,7|7|7|7|7|7|7|7|7|7
36763,7,False,7,0,7,7|7|7|7|7|7|7|7|7|7
36765,7,False,7,0,7,7|7|7|7|7|7|7|7|7|7
36790,7,False,7,0,7,7|7|7|7|7|7|7|7|7|7
36798,7,False,7,0,7,7|7|7|7|7|7|7|7|7|7
36818,7,False,7,0,7,7|7|7|7|7|7|7|7|7|7
36821,7,False,7,0,7,7|7|7|7|7|7|7|7|7|7
36823,7,False,7,2,7,7|7|6|7|7|7|7|6|7|7
36824,7,False,7,5,-1,7|7|9|9|9|7|9|7|9|7
36841,7,False,7,0,7,7|7|7|7|7|7|7|7|7|7
36855,7,False,7,0,7,7|7|7|7|7|7|7|7|7|7
36859,7,False,7,0,7,7|7|7|7|7|7|7|7|7|7
36878,7,False,7,5,-1,9|7|7|9|7|9|9|9|7|7
36888,7,False,7,10,0,0|0|0|2|2|0|0|0|0|0
36889,7,False,7,0,7,7|7|7|7|7|7|7|7|7|7
36894,7,False,7,0,7,7|7|7|7|7|7|7|7|7|7
36900,7,False,7,0,7,7|7|7|7|7|7|7|7|7|7
36913,7,False,7,7,0,7|7|6|6|7|0|0|0|0|0
36918,7,False,7,0,7,7|7|7|7|7|7|7|7|7|7
36948,7,False,7,0,7,7|7|7|7|7|7|7|7|7|7
36957,7,False,7,0,7,7|7|7|7|7|7|7|7|7|7
36958,7,False,7,0,7,7|7|7|7|7|7|7|7|7|7
36959,7,False,7,0,7,7|7|7|7|7|7|7|7|7|7
36989,7,False,7,0,7,7|7|7|7|7|7|7|7|7|7
36993,7,False,7,0,7,7|7|7|7|7|7|7|7|7|7
37000,7,False,7,0,7,7|7|7|7|7|7|7|7|7|7
37008,7,False,7,0,7,7|7|7|7|7|7|7|7|7|7
37013,7,False,7,0,7,7|7|7|7|7|7|7|7|7|7
37015,7,False,7,10,0,8|0|0|8|0|8|0|8|0|0
37025,7,False,7,0,7,7|7|7|7|7|7|7|7|7|7
37033,7,False,7,0,7,7|7|7|7|7|7|7|7|7|7
37037,7,False,7,0,7,7|7|7|7|7|7|7|7|7|7
37058,7,False,7,0,7,7|7|7|7|7|7|7|7|7|7
37059,7,False,7,0,7,7|7|7|7|7|7|7|7|7|7
37072,7,False,7,0,7,7|7|7|7|7|7|7|7|7|7
37074,7,False,7,0,7,7|7|7|7|7|7|7|7|7|7
37079,7,False,7,0,7,7|7|7|7|7|7|7|7|7|7
37086,7,False,7,0,7,7|7|7|7|7|7|7|7|7|7
37092,7,False,7,0,7,7|7|7|7|7|7|7|7|7|7
37094,7,False,7,0,7,7|7|7|7|7|7|7|7|7|7
37104,7,False,7,0,7,7|7|7|7|7|7|7|7|7|7
37116,7,False,7,0,7,7|7|7|7|7|7|7|7|7|7
37129,7,False,7,0,7,7|7|7|7|7|7|7|7|7|7
37135,7,False,7,0,7,7|7|7|7|7|7|7|7|7|7
37138,7,False,7,0,7,7|7|7|7|7|7|7|7|7|7
37145,7,False,7,2,7,7|7|5|7|7|7|7|7|5|7
37161,7,False,7,3,7,6|7|7|7|6|7|6|7|7|7
37168,7,False,7,6,6,6|6|7|7|6|7|7|6|6|6
37196,7,False,7,0,7,7|7|7|7|7|7|7|7|7|7
37202,7,False,7,0,7,7|7|7|7|7|7|7|7|7|7
37213,7,False,7,0,7,7|7|7|7|7|7|7|7|7|7
37220,7,False,7,0,7,7|7|7|7|7|7|7|7|7|7
37223,7,False,7,10,6,6|6|6|6|6|6|6|6|6|6
37228,7,False,7,4,7,6|6|7|7|7|7|7|7|6|6
37229,7,False,7,0,7,7|7|7|7|7|7|7|7|7|7
37238,7,False,7,0,7,7|7|7|7|7|7|7|7|7|7
37247,7,False,7,0,7,7|7|7|7|7|7|7|7|7|7
37285,7,False,7,0,7,7|7|7|7|7|7|7|7|7|7
37292,7,False,7,0,7,7|7|7|7|7|7|7|7|7|7
37298,7,False,7,0,7,7|7|7|7|7|7|7|7|7|7
37303,7,False,7,0,7,7|7|7|7|7|7|7|7|7|7
37314,7,False,7,0,7,7|7|7|7|7|7|7|7|7|7
37318,7,False,7,0,7,7|7|7|7|7|7|7|7|7|7
37327,7,False,7,0,7,7|7|7|7|7|7|7|7|7|7
37331,7,False,7,0,7,7|7|7|7|7|7|7|7|7|7
37333,7,False,7,0,7,7|7|7|7|7|7|7|7|7|7
37340,7,False,7,0,7,7|7|7|7|7|7|7|7|7|7
37359,7,False,7,0,7,7|7|7|7|7|7|7|7|7|7
37360,7,False,7,0,7,7|7|7|7|7|7|7|7|7|7
37361,7,False,7,0,7,7|7|7|7|7|7|7|7|7|7
37373,7,False,7,0,7,7|7|7|7|7|7|7|7|7|7
37389,7,False,7,0,7,7|7|7|7|7|7|7|7|7|7
37418,7,False,7,0,7,7|7|7|7|7|7|7|7|7|7
37419,7,False,7,0,7,7|7|7|7|7|7|7|7|7|7
37420,7,False,7,5,7,7|7|0|7|8|9|7|8|8|7
37438,7,False,7,0,7,7|7|7|7|7|7|7|7|7|7
37457,7,False,7,1,7,6|7|7|7|7|7|7|7|7|7
37472,7,False,7,0,7,7|7|7|7|7|7|7|7|7|7
37476,7,False,7,0,7,7|7|7|7|7|7|7|7|7|7
37489,7,False,7,0,7,7|7|7|7|7|7|7|7|7|7
37507,7,False,7,0,7,7|7|7|7|7|7|7|7|7|7
37516,7,False,7,0,7,7|7|7|7|7|7|7|7|7|7
37520,7,False,7,0,7,7|7|7|7|7|7|7|7|7|7
37552,7,False,7,0,7,7|7|7|7|7|7|7|7|7|7
37554,7,False,7,0,7,7|7|7|7|7|7|7|7|7|7
37568,7,False,7,0,7,7|7|7|7|7|7|7|7|7|7
37595,7,False,7,0,7,7|7|7|7|7|7|7|7|7|7
37598,7,False,7,0,7,7|7|7|7|7|7|7|7|7|7
37604,7,False,7,0,7,7|7|7|7|7|7|7|7|7|7
37612,7,False,7,0,7,7|7|7|7|7|7|7|7|7|7
37629,7,False,7,0,7,7|7|7|7|7|7|7|7|7|7
37631,7,False,7,1,7,7|7|7|7|7|7|7|7|7|6
37655,7,False,7,0,7,7|7|7|7|7|7|7|7|7|7
37660,7,False,7,0,7,7|7|7|7|7|7|7|7|7|7
37665,7,False,7,10,9,9|6|9|9|8|6|9|9|9|9
37681,7,False,7,4,7,6|6|7|7|7|7|7|3|7|6
37709,7,False,7,2,7,7|7|9|7|7|9|7|7|7|7
37722,7,False,7,0,7,7|7|7|7|7|7|7|7|7|7
37723,7,False,7,5,7,7|7|6|7|7|6|9|9|7|6
37732,7,False,7,0,7,7|7|7|7|7|7|7|7|7|7
37743,7,False,7,0,7,7|7|7|7|7|7|7|7|7|7
37748,7,False,7,0,7,7|7|7|7|7|7|7|7|7|7
37754,7,False,7,0,7,7|7|7|7|7|7|7|7|7|7
37759,7,False,7,0,7,7|7|7|7|7|7|7|7|7|7
37769,7,False,7,0,7,7|7|7|7|7|7|7|7|7|7
37770,7,False,7,0,7,7|7|7|7|7|7|7|7|7|7
37772,7,False,7,0,7,7|7|7|7|7|7|7|7|7|7
37775,7,False,7,0,7,7|7|7|7|7|7|7|7|7|7
37790,7,False,7,10,0,0|0|1|0|0|0|1|0|0|0
37799,7,False,7,0,7,7|7|7|7|7|7|7|7|7|7
37809,7,False,7,0,7,7|7|7|7|7|7|7|7|7|7
37819,7,False,7,0,7,7|7|7|7|7|7|7|7|7|7
37821,7,False,7,0,7,7|7|7|7|7|7|7|7|7|7
37843,7,False,7,0,7,7|7|7|7|7|7|7|7|7|7
37848,7,False,7,0,7,7|7|7|7|7|7|7|7|7|7
37861,7,False,7,0,7,7|7|7|7|7|7|7|7|7|7
37870,7,False,7,7,6,6|1|7|7|7|0|0|6|6|6
37871,7,False,7,0,7,7|7|7|7|7|7|7|7|7|7
37874,7,False,7,10,6,6|6|6|6|6|6|6|6|6|6
37883,7,False,7,0,7,7|7|7|7|7|7|7|7|7|7
37885,7,False,7,0,7,7|7|7|7|7|7|7|7|7|7
37890,7,False,7,5,7,1|1|2|7|7|3|1|7|7|7
37896,7,False,7,5,7,7|9|0|0|7|4|9|7|7|7
37904,7,False,7,8,6,6|7|6|6|6|6|6|7|6|6
37921,7,False,7,4,7,6|6|7|7|7|7|4|6|7|7
37927,7,False,7,0,7,7|7|7|7|7|7|7|7|7|7
37932,7,False,7,0,7,7|7|7|7|7|7|7|7|7|7
37951,7,False,7,0,7,7|7|7|7|7|7|7|7|7|7
37953,7,False,7,0,7,7|7|7|7|7|7|7|7|7|7
37989,7,False,7,0,7,7|7|7|7|7|7|7|7|7|7
38006,7,False,7,3,7,7|7|7|7|7|8|7|1|7|8
38010,7,False,7,3,7,7|7|6|9|7|7|9|7|7|7
38017,7,False,7,0,7,7|7|7|7|7|7|7|7|7|7
38021,7,False,7,0,7,7|7|7|7|7|7|7|7|7|7
38022,7,False,7,0,7,7|7|7|7|7|7|7|7|7|7
38033,7,False,7,0,7,7|7|7|7|7|7|7|7|7|7
38041,7,False,7,0,7,7|7|7|7|7|7|7|7|7|7
38046,7,False,7,0,7,7|7|7|7|7|7|7|7|7|7
38057,7,False,7,0,7,7|7|7|7|7|7|7|7|7|7
38058,7,False,7,0,7,7|7|7|7|7|7|7|7|7|7
38075,7,False,7,0,7,7|7|7|7|7|7|7|7|7|7
38076,7,False,7,0,7,7|7|7|7|7|7|7|7|7|7
38088,7,False,7,0,7,7|7|7|7|7|7|7|7|7|7
38102,7,False,7,0,7,7|7|7|7|7|7|7|7|7|7
38109,7,False,7,0,7,7|7|7|7|7|7|7|7|7|7
38124,7,False,7,0,7,7|7|7|7|7|7|7|7|7|7
38127,7,False,7,8,6,6|6|6|7|6|7|6|6|6|6
38160,7,False,7,0,7,7|7|7|7|7|7|7|7|7|7
38163,7,False,7,0,7,7|7|7|7|7|7|7|7|7|7
38179,7,False,7,0,7,7|7|7|7|7|7|7|7|7|7
38182,7,False,7,1,7,7|7|7|7|7|7|0|7|7|7
38189,7,False,7,0,7,7|7|7|7|7|7|7|7|7|7
38193,7,False,7,0,7,7|7|7|7|7|7|7|7|7|7
38196,7,False,7,9,6,6|6|6|6|6|6|6|6|6|7
38201,7,False,7,0,7,7|7|7|7|7|7|7|7|7|7
38202,7,False,7,0,7,7|7|7|7|7|7|7|7|7|7
38207,7,False,7,0,7,7|7|7|7|7|7|7|7|7|7
38211,7,False,7,0,7,7|7|7|7|7|7|7|7|7|7
38229,7,False,7,0,7,7|7|7|7|7|7|7|7|7|7
38240,7,False,7,0,7,7|7|7|7|7|7|7|7|7|7
38251,7,False,7,0,7,7|7|7|7|7|7|7|7|7|7
38268,7,False,7,0,7,7|7|7|7|7|7|7|7|7|7
38270,7,False,7,0,7,7|7|7|7|7|7|7|7|7|7
38275,7,False,7,0,7,7|7|7|7|7|7|7|7|7|7
38278,7,False,7,10,6,6|6|6|6|6|6|6|6|6|6
38285,7,False,7,10,6,6|6|6|6|6|6|6|6|6|6
38299,7,False,7,0,7,7|7|7|7|7|7|7|7|7|7
38301,7,False,7,0,7,7|7|7|7|7|7|7|7|7|7
38303,7,False,7,0,7,7|7|7|7|7|7|7|7|7|7
38314,7,False,7,0,7,7|7|7|7|7|7|7|7|7|7
38374,7,False,7,10,6,6|6|6|6|6|6|6|6|6|6
38419,7,False,7,0,7,7|7|7|7|7|7|7|7|7|7
38422,7,False,7,10,0,6|0|6|6|0|1|6|0|0|0
38425,7,False,7,0,7,7|7|7|7|7|7|7|7|7|7
38436,7,False,7,0,7,7|7|7|7|7|7|7|7|7|7
38445,7,False,7,0,7,7|7|7|7|7|7|7|7|7|7
38447,7,False,7,0,7,7|7|7|7|7|7|7|7|7|7
38455,7,False,7,10,0,0|1|0|0|0|0|0|1|0|0
38480,7,False,7,0,7,7|7|7|7|7|7|7|7|7|7
38514,7,False,7,1,7,7|7|8|7|7|7|7|7|7|7
38516,7,False,7,0,7,7|7|7|7|7|7|7|7|7|7
38522,7,False,7,1,7,7|7|7|9|7|7|7|7|7|7
38524,7,False,7,0,7,7|7|7|7|7|7|7|7|7|7
38526,7,False,7,0,7,7|7|7|7|7|7|7|7|7|7
38536,7,False,7,10,6,6|6|6|6|6|6|6|6|6|6
38547,7,False,7,0,7,7|7|7|7|7|7|7|7|7|7
38554,7,False,7,0,7,7|7|7|7|7|7|7|7|7|7
38557,7,False,7,0,7,7|7|7|7|7|7|7|7|7|7
38562,7,False,7,0,7,7|7|7|7|7|7|7|7|7|7
38584,7,False,7,0,7,7|7|7|7|7|7|7|7|7|7
38587,7,False,7,0,7,7|7|7|7|7|7|7|7|7|7
38592,7,False,7,0,7,7|7|7|7|7|7|7|7|7|7
38595,7,False,7,0,7,7|7|7|7|7|7|7|7|7|7
38601,7,False,7,0,7,7|7|7|7|7|7|7|7|7|7
38603,7,False,7,0,7,7|7|7|7|7|7|7|7|7|7
38608,7,False,7,0,7,7|7|7|7|7|7|7|7|7|7
38628,7,False,7,0,7,7|7|7|7|7|7|7|7|7|7
38678,7,False,7,0,7,7|7|7|7|7|7|7|7|7|7
38688,7,False,7,2,7,7|7|6|6|7|7|7|7|7|7
38696,7,False,7,5,7,3|7|7|7|3|1|3|1|7|7
38709,7,False,7,0,7,7|7|7|7|7|7|7|7|7|7
38711,7,False,7,0,7,7|7|7|7|7|7|7|7|7|7
38727,7,False,7,0,7,7|7|7|7|7|7|7|7|7|7
38734,7,False,7,4,7,6|6|7|7|7|7|7|6|6|7
38745,7,False,7,0,7,7|7|7|7|7|7|7|7|7|7
38768,7,False,7,0,7,7|7|7|7|7|7|7|7|7|7
38769,7,False,7,0,7,7|7|7|7|7|7|7|7|7|7
38786,7,False,7,0,7,7|7|7|7|7|7|7|7|7|7
38796,7,False,7,3,7,7|7|6|7|7|7|7|6|7|6
38807,7,False,7,1,7,7|7|7|7|7|7|7|7|6|7
38814,7,False,7,0,7,7|7|7|7|7|7|7|7|7|7
38816,7,False,7,1,7,7|8|7|7|7|7|7|7|7|7
38830,7,False,7,0,7,7|7|7|7|7|7|7|7|7|7
38843,7,False,7,3,7,7|7|7|7|7|7|7|4|5|5
38848,7,False,7,0,7,7|7|7|7|7|7|7|7|7|7
38852,7,False,7,5,7,7|9|8|7|7|7|8|7|8|8
38854,7,False,7,0,7,7|7|7|7|7|7|7|7|7|7
38873,7,False,7,0,7,7|7|7|7|7|7|7|7|7|7
38879,7,False,7,0,7,7|7|7|7|7|7|7|7|7|7
38881,7,False,7,0,7,7|7|7|7|7|7|7|7|7|7
38906,7,False,7,0,7,7|7|7|7|7|7|7|7|7|7
38907,7,False,7,0,7,7|7|7|7|7|7|7|7|7|7
38909,7,False,7,0,7,7|7|7|7|7|7|7|7|7|7
38913,7,False,7,0,7,7|7|7|7|7|7|7|7|7|7
38918,7,False,7,0,7,7|7|7|7|7|7|7|7|7|7
38922,7,False,7,0,7,7|7|7|7|7|7|7|7|7|7
38926,7,False,7,0,7,7|7|7|7|7|7|7|7|7|7
38931,7,False,7,1,7,7|7|7|7|7|7|6|7|7|7
38932,7,False,7,0,7,7|7|7|7|7|7|7|7|7|7
38953,7,False,7,0,7,7|7|7|7|7|7|7|7|7|7
38959,7,False,7,5,7,3|7|7|7|3|7|7|3|3|2
38978,7,False,7,0,7,7|7|7|7|7|7|7|7|7|7
38982,7,False,7,0,7,7|7|7|7|7|7|7|7|7|7
38986,7,False,7,0,7,7|7|7|7|7|7|7|7|7|7
39003,7,False,7,0,7,7|7|7|7|7|7|7|7|7|7
39007,7,False,7,0,7,7|7|7|7|7|7|7|7|7|7
39039,7,False,7,0,7,7|7|7|7|7|7|7|7|7|7
39047,7,False,7,0,7,7|7|7|7|7|7|7|7|7|7
39062,7,False,7,0,7,7|7|7|7|7|7|7|7|7|7
39080,7,False,7,0,7,7|7|7|7|7|7|7|7|7|7
39083,7,False,7,0,7,7|7|7|7|7|7|7|7|7|7
39091,7,False,7,0,7,7|7|7|7|7|7|7|7|7|7
39101,7,False,7,0,7,7|7|7|7|7|7|7|7|7|7
39102,7,False,7,1,7,7|7|7|7|7|7|7|7|9|7
39104,7,False,7,2,7,7|7|7|7|7|6|7|7|7|9
39122,7,False,7,0,7,7|7|7|7|7|7|7|7|7|7
39124,7,False,7,2,7,7|7|7|7|7|4|7|4|7|7
39135,7,False,7,1,7,7|3|7|7|7|7|7|7|7|7
39137,7,False,7,0,7,7|7|7|7|7|7|7|7|7|7
39158,7,False,7,0,7,7|7|7|7|7|7|7|7|7|7
39161,7,False,7,0,7,7|7|7|7|7|7|7|7|7|7
39162,7,False,7,2,7,7|7|7|7|7|7|7|0|7|0
39197,7,False,7,0,7,7|7|7|7|7|7|7|7|7|7
39207,7,False,7,0,7,7|7|7|7|7|7|7|7|7|7
39212,7,False,7,0,7,7|7|7|7|7|7|7|7|7|7
39213,7,False,7,10,6,6|6|6|6|6|6|6|6|6|6
39215,7,False,7,0,7,7|7|7|7|7|7|7|7|7|7
39220,7,False,7,0,7,7|7|7|7|7|7|7|7|7|7
39221,7,False,7,0,7,7|7|7|7|7|7|7|7|7|7
39238,7,False,7,0,7,7|7|7|7|7|7|7|7|7|7
39252,7,False,7,0,7,7|7|7|7|7|7|7|7|7|7
39254,7,False,7,7,8,8|7|8|7|8|7|0|8|0|8
39258,7,False,7,0,7,7|7|7|7|7|7|7|7|7|7
39262,7,False,7,5,-1,6|6|6|7|7|7|7|7|6|6
39283,7,False,7,0,7,7|7|7|7|7|7|7|7|7|7
39303,7,False,7,0,7,7|7|7|7|7|7|7|7|7|7
39319,7,False,7,0,7,7|7|7|7|7|7|7|7|7|7
39323,7,False,7,0,7,7|7|7|7|7|7|7|7|7|7
39338,7,False,7,0,7,7|7|7|7|7|7|7|7|7|7
39339,7,False,7,6,-1,6|7|7|7|8|6|0|6|7|6
39352,7,False,7,0,7,7|7|7|7|7|7|7|7|7|7
39362,7,False,7,0,7,7|7|7|7|7|7|7|7|7|7
39363,7,False,7,0,7,7|7|7|7|7|7|7|7|7|7
39371,7,False,7,0,7,7|7|7|7|7|7|7|7|7|7
39375,7,False,7,1,7,7|7|7|6|7|7|7|7|7|7
39379,7,False,7,0,7,7|7|7|7|7|7|7|7|7|7
39388,7,False,7,0,7,7|7|7|7|7|7|7|7|7|7
39398,7,False,7,5,7,9|6|9|7|7|7|7|8|7|8
39410,7,False,7,0,7,7|7|7|7|7|7|7|7|7|7
39425,7,False,7,1,7,7|7|7|7|7|7|6|7|7|7
39438,7,False,7,0,7,7|7|7|7|7|7|7|7|7|7
39439,7,False,7,0,7,7|7|7|7|7|7|7|7|7|7
39444,7,False,7,0,7,7|7|7|7|7|7|7|7|7|7
39447,7,False,7,0,7,7|7|7|7|7|7|7|7|7|7
39448,7,False,7,0,7,7|7|7|7|7|7|7|7|7|7
39460,7,False,7,0,7,7|7|7|7|7|7|7|7|7|7
39475,7,False,7,0,7,7|7|7|7|7|7|7|7|7|7
39478,7,False,7,0,7,7|7|7|7|7|7|7|7|7|7
39497,7,False,7,0,7,7|7|7|7|7|7|7|7|7|7
39501,7,False,7,0,7,7|7|7|7|7|7|7|7|7|7
39520,7,False,7,0,7,7|7|7|7|7|7|7|7|7|7
39522,7,False,7,0,7,7|7|7|7|7|7|7|7|7|7
39527,7,False,7,0,7,7|7|7|7|7|7|7|7|7|7
39528,7,False,7,0,7,7|7|7|7|7|7|7|7|7|7
39530,7,False,7,0,7,7|7|7|7|7|7|7|7|7|7
39535,7,False,7,0,7,7|7|7|7|7|7|7|7|7|7
39565,7,False,7,0,7,7|7|7|7|7|7|7|7|7|7
39567,7,False,7,0,7,7|7|7|7|7|7|7|7|7|7
39575,7,False,7,0,7,7|7|7|7|7|7|7|7|7|7
39587,7,False,7,0,7,7|7|7|7|7|7|7|7|7|7
39601,7,False,7,0,7,7|7|7|7|7|7|7|7|7|7
39608,7,False,7,0,7,7|7|7|7|7|7|7|7|7|7
39633,7,False,7,0,7,7|7|7|7|7|7|7|7|7|7
39642,7,False,7,0,7,7|7|7|7|7|7|7|7|7|7
39644,7,False,7,0,7,7|7|7|7|7|7|7|7|7|7
39652,7,False,7,0,7,7|7|7|7|7|7|7|7|7|7
39674,7,False,7,0,7,7|7|7|7|7|7|7|7|7|7
39686,7,False,7,0,7,7|7|7|7|7|7|7|7|7|7
39704,7,False,7,0,7,7|7|7|7|7|7|7|7|7|7
39712,7,False,7,0,7,7|7|7|7|7|7|7|7|7|7
39716,7,False,7,0,7,7|7|7|7|7|7|7|7|7|7
39718,7,False,7,0,7,7|7|7|7|7|7|7|7|7|7
39732,7,False,7,0,7,7|7|7|7|7|7|7|7|7|7
39748,7,False,7,0,7,7|7|7|7|7|7|7|7|7|7
39759,7,False,7,0,7,7|7|7|7|7|7|7|7|7|7
39780,7,False,7,0,7,7|7|7|7|7|7|7|7|7|7
39783,7,False,7,1,7,7|7|7|7|7|0|7|7|7|7
39784,7,False,7,0,7,7|7|7|7|7|7|7|7|7|7
39811,7,False,7,1,7,7|7|7|6|7|7|7|7|7|7
39814,7,False,7,9,6,6|6|6|6|6|6|2|6|6|7
39817,7,False,7,0,7,7|7|7|7|7|7|7|7|7|7
39819,7,False,7,0,7,7|7|7|7|7|7|7|7|7|7
39822,7,False,7,0,7,7|7|7|7|7|7|7|7|7|7
39840,7,False,7,0,7,7|7|7|7|7|7|7|7|7|7
39849,7,False,7,0,7,7|7|7|7|7|7|7|7|7|7
39851,7,False,7,0,7,7|7|7|7|7|7|7|7|7|7
39864,7,False,7,1,7,7|7|7|7|7|7|6|7|7|7
39865,7,False,7,0,7,7|7|7|7|7|7|7|7|7|7
39873,7,False,7,0,7,7|7|7|7|7|7|7|7|7|7
39880,7,False,7,0,7,7|7|7|7|7|7|7|7|7|7
39904,7,False,7,0,7,7|7|7|7|7|7|7|7|7|7
39923,7,False,7,0,7,7|7|7|7|7|7|7|7|7|7
39931,7,False,7,0,7,7|7|7|7|7|7|7|7|7|7
39949,7,False,7,0,7,7|7|7|7|7|7|7|7|7|7
39958,7,False,7,0,7,7|7|7|7|7|7|7|7|7|7
39965,7,False,7,0,7,7|7|7|7|7|7|7|7|7|7
39969,7,False,7,0,7,7|7|7|7|7|7|7|7|7|7
39980,7,False,7,0,7,7|7|7|7|7|7|7|7|7|7
39984,7,False,7,0,7,7|7|7|7|7|7|7|7|7|7
39989,7,False,7,0,7,7|7|7|7|7|7|7|7|7|7
40012,7,False,7,0,7,7|7|7|7|7|7|7|7|7|7
40019,7,False,7,0,7,7|7|7|7|7|7|7|7|7|7
40024,7,False,7,0,7,7|7|7|7|7|7|7|7|7|7
40030,7,False,7,0,7,7|7|7|7|7|7|7|7|7|7
40051,7,False,7,0,7,7|7|7|7|7|7|7|7|7|7
40068,7,False,7,0,7,7|7|7|7|7|7|7|7|7|7
40075,7,False,7,0,7,7|7|7|7|7|7|7|7|7|7
40088,7,False,7,0,7,7|7|7|7|7|7|7|7|7|7
40104,7,False,7,0,7,7|7|7|7|7|7|7|7|7|7
40116,7,False,7,0,7,7|7|7|7|7|7|7|7|7|7
40117,7,False,7,0,7,7|7|7|7|7|7|7|7|7|7
40118,7,False,7,0,7,7|7|7|7|7|7|7|7|7|7
40140,7,False,7,0,7,7|7|7|7|7|7|7|7|7|7
40146,7,False,7,0,7,7|7|7|7|7|7|7|7|7|7
40149,7,False,7,0,7,7|7|7|7|7|7|7|7|7|7
40151,7,False,7,0,7,7|7|7|7|7|7|7|7|7|7
40176,7,False,7,0,7,7|7|7|7|7|7|7|7|7|7
40185,7,False,7,0,7,7|7|7|7|7|7|7|7|7|7
40191,7,False,7,10,9,9|9|9|9|9|9|9|0|9|9
40202,7,False,7,0,7,7|7|7|7|7|7|7|7|7|7
40206,7,False,7,0,7,7|7|7|7|7|7|7|7|7|7
40221,8,False,8,6,0,8|0|8|8|0|0|0|9|0|8
40239,8,False,8,10,9,9|9|9|9|9|9|9|9|9|9
40282,8,False,8,0,8,8|8|8|8|8|8|8|8|8|8
40284,8,False,8,0,8,8|8|8|8|8|8|8|8|8|8
40291,8,False,8,9,9,9|9|9|9|9|9|9|8|9|9
40293,8,False,8,6,9,9|8|9|9|8|8|9|9|9|8
40296,8,False,8,3,8,8|8|8|9|9|9|8|8|8|8
40305,8,False,8,0,8,8|8|8|8|8|8|8|8|8|8
40308,8,False,8,9,6,6|7|6|7|6|8|6|6|6|6
40310,8,False,8,3,8,8|8|8|8|1|2|8|8|8|4
40321,8,False,8,2,8,8|8|8|8|9|8|8|9|8|8
40344,8,False,8,0,8,8|8|8|8|8|8|8|8|8|8
40345,8,False,8,2,8,8|8|8|9|8|8|8|8|9|8
40347,8,False,8,0,8,8|8|8|8|8|8|8|8|8|8
40356,8,False,8,0,8,8|8|8|8|8|8|8|8|8|8
40362,8,False,8,10,9,9|9|9|9|9|9|9|9|9|9
40363,8,False,8,9,9,8|9|9|9|9|9|9|9|9|9
40382,8,False,8,10,9,9|9|9|9|9|9|9|9|9|9
40406,8,False,8,0,8,8|8|8|8|8|8|8|8|8|8
40414,8,False,8,2,8,8|8|8|8|8|8|9|8|8|9
40421,8,False,8,0,8,8|8|8|8|8|8|8|8|8|8
40460,8,False,8,0,8,8|8|8|8|8|8|8|8|8|8
40470,8,False,8,0,8,8|8|8|8|8|8|8|8|8|8
40471,8,False,8,6,-1,8|9|8|8|8|0|9|0|0|0
40474,8,False,8,1,8,9|8|8|8|8|8|8|8|8|8
40500,8,False,8,1,8,8|8|9|8|8|8|8|8|8|8
40508,8,False,8,0,8,8|8|8|8|8|8|8|8|8|8
40512,8,False,8,4,8,8|9|0|0|8|8|0|8|8|8
40526,8,False,8,0,8,8|8|8|8|8|8|8|8|8|8
40530,8,False,8,0,8,8|8|8|8|8|8|8|8|8|8
40536,8,False,8,0,8,8|8|8|8|8|8|8|8|8|8
40541,8,False,8,0,8,8|8|8|8|8|8|8|8|8|8
40542,8,False,8,2,8,8|0|0|8|8|8|8|8|8|8
40570,8,False,8,2,8,8|8|9|8|8|8|8|9|8|8
40573,8,False,8,9,9,9|9|9|9|9|9|9|8|9|9
40583,8,False,8,1,8,8|5|8|8|8|8|8|8|8|8
40589,8,False,8,0,8,8|8|8|8|8|8|8|8|8|8
40615,8,False,8,0,8,8|8|8|8|8|8|8|8|8|8
40632,8,False,8,0,8,8|8|8|8|8|8|8|8|8|8
40637,8,False,8,1,8,8|8|8|8|8|8|9|8|8|8
40639,8,False,8,1,8,8|8|8|8|8|8|8|8|2|8
40640,8,False,8,7,9,9|9|9|9|8|8|8|9|9|9
40642,8,False,8,10,9,9|9|9|9|9|9|9|9|9|9
40649,8,False,8,8,0,0|8|8|2|0|0|9|9|0|0
40707,8,False,8,10,0,0|0|0|9|0|0|0|0|0|0
40710,8,False,8,4,8,8|9|8|8|5|7|8|8|5|8
40729,8,False,8,9,-1,0|0|9|2|0|8|9|9|0|9
40741,8,False,8,9,9,9|9|9|9|9|9|9|9|9|8
40744,8,False,8,0,8,8|8|8|8|8|8|8|8|8|8
40758,8,False,8,8,9,1|9|0|8|8|9|9|9|9|9
40760,8,False,8,1,8,8|8|8|8|9|8|8|8|8|8
40771,8,False,8,10,9,9|9|9|9|9|9|9|9|9|9
40772,8,False,8,9,0,0|5|1|2|0|8|0|5|0|5
40797,8,False,8,1,8,8|8|8|9|8|8|8|8|8|8
40817,8,False,8,0,8,8|8|8|8|8|8|8|8|8|8
40819,8,False,8,0,8,8|8|8|8|8|8|8|8|8|8
40831,8,False,8,0,8,8|8|8|8|8|8|8|8|8|8
40835,8,False,8,0,8,8|8|8|8|8|8|8|8|8|8
40845,8,False,8,1,8,8|9|8|8|8|8|8|8|8|8
40846,8,False,8,1,8,8|8|8|8|8|8|8|8|0|8
40854,8,False,8,3,8,8|8|8|9|8|9|9|8|8|8
40857,8,False,8,1,8,8|8|8|9|8|8|8|8|8|8
40858,8,False,8,9,9,9|9|8|9|9|9|9|9|9|9
40867,8,False,8,7,9,9|9|8|8|9|8|9|9|9|9
40876,8,False,8,0,8,8|8|8|8|8|8|8|8|8|8
40879,8,False,8,0,8,8|8|8|8|8|8|8|8|8|8
40885,8,False,8,0,8,8|8|8|8|8|8|8|8|8|8
40894,8,False,8,10,9,9|9|9|9|9|9|9|9|9|9
40899,8,False,8,0,8,8|8|8|8|8|8|8|8|8|8
40932,8,False,8,10,9,9|9|9|9|9|9|9|9|9|9
40963,8,False,8,10,0,0|0|0|0|0|0|0|0|0|0
40968,8,False,8,0,8,8|8|8|8|8|8|8|8|8|8
40969,8,False,8,0,8,8|8|8|8|8|8|8|8|8|8
40970,8,False,8,0,8,8|8|8|8|8|8|8|8|8|8
40973,8,False,8,0,8,8|8|8|8|8|8|8|8|8|8
40994,8,False,8,0,8,8|8|8|8|8|8|8|8|8|8
41000,8,False,8,10,9,9|9|9|9|9|9|9|9|9|9
41005,8,False,8,4,8,0|0|8|8|8|8|8|8|0|0
41011,8,False,8,10,1,1|6|0|5|2|1|2|6|1|1
41016,8,False,8,6,-1,8|9|8|9|9|9|0|8|0|8
41022,8,False,8,0,8,8|8|8|8|8|8|8|8|8|8
41024,8,False,8,8,0,0|8|8|0|0|0|0|0|0|0
41025,8,False,8,10,9,9|9|9|9|9|9|9|9|9|9
41041,8,False,8,10,9,9|9|9|9|9|9|9|9|9|9
41050,8,False,8,5,8,8|2|8|8|8|2|9|0|0|8
41070,8,False,8,0,8,8|8|8|8|8|8|8|8|8|8
41075,8,False,8,4,8,1|1|8|8|8|8|8|9|1|8
41076,8,False,8,0,8,8|8|8|8|8|8|8|8|8|8
41087,8,False,8,0,8,8|8|8|8|8|8|8|8|8|8
41108,8,False,8,10,9,9|9|9|9|9|9|9|9|9|9
41112,8,False,8,0,8,8|8|8|8|8|8|8|8|8|8
41124,8,False,8,10,7,7|7|7|9|7|9|9|7|9|7
41128,8,False,8,7,0,2|8|0|0|0|1|0|8|2|8
41147,8,False,8,0,8,8|8|8|8|8|8|8|8|8|8
41177,8,False,8,5,-1,8|8|9|9|9|8|9|9|8|8
41194,8,False,8,9,9,9|9|9|9|9|8|9|9|9|9
41204,8,False,8,0,8,8|8|8|8|8|8|8|8|8|8
41216,8,False,8,0,8,8|8|8|8|8|8|8|8|8|8
41218,8,False,8,0,8,8|8|8|8|8|8|8|8|8|8
41219,8,False,8,0,8,8|8|8|8|8|8|8|8|8|8
41227,8,False,8,5,-1,3|8|8|3|3|8|3|8|8|3
41231,8,False,8,0,8,8|8|8|8|8|8|8|8|8|8
41238,8,False,8,0,8,8|8|8|8|8|8|8|8|8|8
41251,8,False,8,0,8,8|8|8|8|8|8|8|8|8|8
41258,8,False,8,0,8,8|8|8|8|8|8|8|8|8|8
41297,8,False,8,8,3,3|3|0|3|3|8|8|3|3|3
41304,8,False,8,1,8,8|8|8|8|8|8|8|8|9|8
41308,8,False,8,7,0,8|0|8|9|0|8|9|0|0|0
41327,8,False,8,0,8,8|8|8|8|8|8|8|8|8|8
41328,8,False,8,10,9,9|9|9|9|9|9|9|9|9|9
41330,8,False,8,10,0,0|0|0|0|0|0|0|0|0|0
41348,8,False,8,5,-1,9|9|8|8|8|8|9|9|8|9
41378,8,False,8,2,8,8|8|9|8|8|8|8|9|8|8
41394,8,False,8,0,8,8|8|8|8|8|8|8|8|8|8
41408,8,False,8,2,8,8|8|8|9|8|8|0|8|8|8
41412,8,False,8,0,8,8|8|8|8|8|8|8|8|8|8
41413,8,False,8,0,8,8|8|8|8|8|8|8|8|8|8
41415,8,False,8,2,8,8|8|8|8|9|9|8|8|8|8
41416,8,False,8,0,8,8|8|8|8|8|8|8|8|8|8
41417,8,False,8,1,8,8|8|9|8|8|8|8|8|8|8
41427,8,False,8,0,8,8|8|8|8|8|8|8|8|8|8
41428,8,False,8,0,8,8|8|8|8|8|8|8|8|8|8
41431,8,False,8,6,9,9|8|9|9|9|8|9|9|8|8
41445,8,False,8,6,9,9|8|8|8|0|9|9|9|9|8
41447,8,False,8,3,8,8|8|9|8|8|9|8|8|9|8
41478,8,False,8,0,8,8|8|8|8|8|8|8|8|8|8
41521,8,False,8,1,8,8|8|8|9|8|8|8|8|8|8
41522,8,False,8,1,8,8|8|8|8|8|9|8|8|8|8
41539,8,False,8,0,8,8|8|8|8|8|8|8|8|8|8
41564,8,False,8,0,8,8|8|8|8|8|8|8|8|8|8
41571,8,False,8,1,8,8|9|8|8|8|8|8|8|8|8
41583,8,False,8,0,8,8|8|8|8|8|8|8|8|8|8
41591,8,False,8,10,9,9|9|9|9|9|9|9|9|9|9
41602,8,False,8,9,9,9|8|9|9|9|9|9|9|9|9
41605,8,False,8,4,8,8|9|8|8|9|8|9|8|0|8
41617,8,False,8,0,8,8|8|8|8|8|8|8|8|8|8
41624,8,False,8,1,8,8|8|8|8|8|8|0|8|8|8
41625,8,False,8,10,9,9|9|9|0|9|9|9|9|9|9
41628,8,False,8,2,8,8|8|8|8|9|8|9|8|8|8
41630,8,False,8,0,8,8|8|8|8|8|8|8|8|8|8
41637,8,False,8,0,8,8|8|8|8|8|8|8|8|8|8
41651,8,False,8,6,9,9|9|8|8|8|9|9|9|9|8
41661,8,False,8,7,9,9|9|8|9|9|8|9|9|9|8
41669,8,False,8,2,8,8|9|8|8|8|8|8|9|8|8
41676,8,False,8,5,-1,9|9|8|8|8|9|9|9|8|8
41677,8,False,8,1,8,8|8|8|8|8|8|9|8|8|8
41683,8,False,8,10,9,9|9|9|9|9|9|9|9|9|9
41689,8,False,8,3,8,8|8|8|9|8|9|8|8|8|9
41691,8,False,8,0,8,8|8|8|8|8|8|8|8|8|8
41693,8,False,8,0,8,8|8|8|8|8|8|8|8|8|8
41700,8,False,8,5,-1,9|8|9|8|9|8|9|8|9|8
41721,8,False,8,7,-1,0|8|9|8|1|4|1|8|4|4
41722,8,False,8,0,8,8|8|8|8|8|8|8|8|8|8
41726,8,False,8,0,8,8|8|8|8|8|8|8|8|8|8
41730,8,False,8,0,8,8|8|8|8|8|8|8|8|8|8
41739,8,False,8,5,-1,7|8|8|8|7|8|8|7|7|7
41742,8,False,8,3,8,8|8|8|8|9|8|8|9|8|9
41743,8,False,8,4,8,8|9|8|8|4|8|4|8|8|9
41747,8,False,8,8,9,8|9|9|0|9|6|9|0|8|0
41748,8,False,8,2,8,8|8|8|9|8|8|8|8|9|8
41752,8,False,8,1,8,8|9|8|8|8|8|8|8|8|8
41754,8,False,8,6,-1,0|9|8|9|0|8|8|0|8|0
41771,8,False,8,0,8,8|8|8|8|8|8|8|8|8|8
41791,8,False,8,0,8,8|8|8|8|8|8|8|8|8|8
41796,8,False,8,5,-1,9|9|8|8|8|9|8|9|9|8
41838,8,False,8,0,8,8|8|8|8|8|8|8|8|8|8
41854,8,False,8,0,8,8|8|8|8|8|8|8|8|8|8
41859,8,False,8,2,8,8|8|8|8|8|8|8|9|9|8
41876,8,False,8,0,8,8|8|8|8|8|8|8|8|8|8
41878,8,False,8,0,8,8|8|8|8|8|8|8|8|8|8
41888,8,False,8,10,-1,4|5|0|2|4|1|5|1|4|1
41898,8,False,8,1,8,8|8|8|0|8|8|8|8|8|8
41901,8,False,8,0,8,8|8|8|8|8|8|8|8|8|8
41907,8,False,8,1,8,8|8|8|8|8|9|8|8|8|8
41911,8,False,8,4,8,1|8|8|8|0|0|8|8|8|0
41918,8,False,8,8,0,0|0|8|8|0|0|0|0|0|0
41951,8,False,8,9,9,9|9|8|9|9|9|9|9|9|9
41957,8,False,8,1,8,8|8|8|8|8|8|8|0|8|8
41964,8,False,8,6,-1,8|2|9|8|9|8|2|8|9|9
41996,8,False,8,8,9,9|8|9|9|9|9|8|9|9|9
42009,8,False,8,1,8,8|8|8|9|8|8|8|8|8|8
42026,8,False,8,1,8,8|8|8|8|8|9|8|8|8|8
42031,8,False,8,0,8,8|8|8|8|8|8|8|8|8|8
42032,8,False,8,0,8,8|8|8|8|8|8|8|8|8|8
42053,8,False,8,10,9,0|9|9|9|0|9|0|9|0|9
42056,8,False,8,0,8,8|8|8|8|8|8|8|8|8|8
42078,8,False,8,6,9,9|9|8|8|9|8|8|9|9|9
42081,8,False,8,0,8,8|8|8|8|8|8|8|8|8|8
42094,8,False,8,0,8,8|8|8|8|8|8|8|8|8|8
42106,8,False,8,1,8,8|8|8|8|8|8|9|8|8|8
42118,8,False,8,1,8,8|8|8|9|8|8|8|8|8|8
42134,8,False,8,1,8,8|8|9|8|8|8|8|8|8|8
42138,8,False,8,4,8,8|8|8|0|0|8|8|8|0|0
42140,8,False,8,2,8,8|8|9|9|8|8|8|8|8|8
42164,8,False,8,6,9,8|9|9|8|8|8|9|9|9|9
42166,8,False,8,0,8,8|8|8|8|8|8|8|8|8|8
42175,8,False,8,1,8,8|8|9|8|8|8|8|8|8|8
42182,8,False,8,3,8,9|9|8|8|8|8|8|9|8|8
42201,8,False,8,1,8,8|8|8|8|8|8|9|8|8|8
42202,8,False,8,0,8,8|8|8|8|8|8|8|8|8|8
42207,8,False,8,9,9,9|8|9|9|9|9|9|9|9|9
42211,8,False,8,0,8,8|8|8|8|8|8|8|8|8|8
42215,8,False,8,0,8,8|8|8|8|8|8|8|8|8|8
42218,8,False,8,0,8,8|8|8|8|8|8|8|8|8|8
42246,8,False,8,1,8,8|8|8|9|8|8|8|8|8|8
42249,8,False,8,9,0,0|0|8|7|0|4|4|0|0|0
42263,8,False,8,10,9,9|9|9|9|9|9|9|9|9|9
42269,8,False,8,0,8,8|8|8|8|8|8|8|8|8|8
42289,8,False,8,8,9,9|8|8|9|9|9|9|9|9|9
42295,8,False,8,0,8,8|8|8|8|8|8|8|8|8|8
42296,8,False,8,0,8,8|8|8|8|8|8|8|8|8|8
42306,8,False,8,0,8,8|8|8|8|8|8|8|8|8|8
42310,8,False,8,6,-1,6|7|8|7|8|6|7|8|7|8
42323,8,False,8,0,8,8|8|8|8|8|8|8|8|8|8
42338,8,False,8,1,8,8|8|8|8|8|9|8|8|8|8
42345,8,False,8,1,8,8|0|8|8|8|8|8|8|8|8
42347,8,False,8,1,8,8|8|9|8|8|8|8|8|8|8
42353,8,False,8,0,8,8|8|8|8|8|8|8|8|8|8
42363,8,False,8,0,8,8|8|8|8|8|8|8|8|8|8
42368,8,False,8,10,9,9|9|9|9|9|9|9|9|9|9
42370,8,False,8,0,8,8|8|8|8|8|8|8|8|8|8
42376,8,False,8,5,8,0|8|0|8|0|8|9|8|8|0
42380,8,False,8,1,8,8|8|8|8|8|8|8|8|9|8
42382,8,False,8,1,8,8|8|8|8|8|8|9|8|8|8
42386,8,False,8,0,8,8|8|8|8|8|8|8|8|8|8
42390,8,False,8,0,8,8|8|8|8|8|8|8|8|8|8
42395,8,False,8,0,8,8|8|8|8|8|8|8|8|8|8
42397,8,False,8,8,9,9|9|9|9|9|9|9|8|9|8
42402,8,False,8,0,8,8|8|8|8|8|8|8|8|8|8
42406,8,False,8,5,-1,9|8|8|8|8|8|9|9|9|9
42414,8,False,8,1,8,8|8|8|8|8|8|8|4|8|8
42420,8,False,8,7,0,0|8|0|0|0|0|9|0|8|8
42422,8,False,8,8,9,9|9|8|8|9|9|9|9|9|9
42431,8,False,8,1,8,8|8|8|8|8|8|9|8|8|8
42435,8,False,8,10,9,9|9|9|9|9|9|9|9|9|9
42438,8,False,8,0,8,8|8|8|8|8|8|8|8|8|8
42439,8,False,8,0,8,8|8|8|8|8|8|8|8|8|8
42490,8,False,8,10,0,0|0|0|0|0|0|0|0|0|0
42507,8,False,8,2,8,8|9|9|8|8|8|8|8|8|8
42516,8,False,8,1,8,8|9|8|8|8|8|8|8|8|8
42538,8,False,8,10,9,9|9|6|6|9|6|9|6|9|9
42572,8,False,8,8,9,8|9|9|9|8|9|9|0|9|9
42573,8,False,8,0,8,8|8|8|8|8|8|8|8|8|8
42593,8,False,8,0,8,8|8|8|8|8|8|8|8|8|8
42612,8,False,8,2,8,8|8|8|8|8|9|8|8|8|9
42618,8,False,8,0,8,8|8|8|8|8|8|8|8|8|8
42625,8,False,8,10,9,9|9|9|9|9|9|9|9|9|9
42643,8,False,8,3,8,8|9|8|8|9|8|8|9|8|8
42656,8,False,8,0,8,8|8|8|8|8|8|8|8|8|8
42665,8,False,8,0,8,8|8|8|8|8|8|8|8|8|8
42671,8,False,8,0,8,8|8|8|8|8|8|8|8|8|8
42694,8,False,8,4,8,8|8|9|0|8|9|9|8|8|8
42700,8,False,8,1,8,8|8|8|9|8|8|8|8|8|8
42702,8,False,8,0,8,8|8|8|8|8|8|8|8|8|8
42719,8,False,8,10,9,9|9|9|9|9|9|9|9|9|9
42722,8,False,8,0,8,8|8|8|8|8|8|8|8|8|8
42750,8,False,8,0,8,8|8|8|8|8|8|8|8|8|8
42751,8,False,8,0,8,8|8|8|8|8|8|8|8|8|8
42758,8,False,8,3,8,8|0|8|8|8|8|0|8|0|8
42764,8,False,8,2,8,9|8|8|8|8|9|8|8|8|8
42767,8,False,8,0,8,8|8|8|8|8|8|8|8|8|8
42781,8,False,8,1,8,8|8|8|8|9|8|8|8|8|8
42802,8,False,8,10,9,9|9|9|9|9|9|9|9|9|9
42807,8,False,8,10,9,9|9|9|9|9|9|9|9|9|9
42823,8,False,8,10,2,3|9|2|2|2|3|3|0|2|2
42827,8,False,8,9,9,7|9|9|7|9|9|9|8|9|7
42845,8,False,8,0,8,8|8|8|8|8|8|8|8|8|8
42863,8,False,8,1,8,8|8|8|8|8|8|8|8|9|8
42886,8,False,8,10,0,0|0|0|6|0|0|0|2|0|0
42891,8,False,8,1,8,8|8|9|8|8|8|8|8|8|8
42892,8,False,8,0,8,8|8|8|8|8|8|8|8|8|8
42896,8,False,8,0,8,8|8|8|8|8|8|8|8|8|8
42900,8,False,8,2,8,9|8|8|8|8|8|8|9|8|8
42902,8,False,8,0,8,8|8|8|8|8|8|8|8|8|8
42906,8,False,8,8,0,8|0|0|8|7|0|7|7|0|0
42913,8,False,8,10,0,0|0|0|9|0|6|9|0|0|0
42918,8,False,8,8,9,9|9|8|9|8|9|9|9|9|9
42923,8,False,8,9,9,9|8|9|9|9|9|9|9|9|9
42924,8,False,8,1,8,8|8|8|9|8|8|8|8|8|8
42930,8,False,8,9,9,9|8|9|9|9|9|9|9|9|9
42937,8,False,8,3,8,8|8|9|9|8|8|8|8|8|9
42943,8,False,8,0,8,8|8|8|8|8|8|8|8|8|8
42965,8,False,8,8,6,6|6|9|8|6|8|0|6|6|6
42985,8,False,8,2,8,8|8|8|9|8|8|8|8|8|0
42995,8,False,8,7,7,7|7|8|7|7|8|8|7|7|7
43010,8,False,8,0,8,8|8|8|8|8|8|8|8|8|8
43035,8,False,8,10,0,0|0|0|9|0|7|9|0|0|0
43042,8,False,8,2,8,8|8|9|8|8|9|8|8|8|8
43053,8,False,8,1,8,8|8|9|8|8|8|8|8|8|8
43065,8,False,8,7,9,9|9|8|8|8|9|9|9|9|9
43066,8,False,8,0,8,8|8|8|8|8|8|8|8|8|8
43070,8,False,8,3,8,8|8|9|9|8|9|8|8|8|8
43107,8,False,8,6,0,8|8|0|0|0|8|0|0|9|8
43116,8,False,8,3,8,8|8|9|8|9|9|8|8|8|8
43117,8,False,8,1,8,8|7|8|8|8|8|8|8|8|8
43138,8,False,8,8,7,7|7|9|8|7|8|7|7|7|7
43151,8,False,8,1,8,8|8|8|8|9|8|8|8|8|8
43163,8,False,8,5,8,8|0|8|8|0|8|0|0|9|8
43204,8,False,8,3,8,8|0|8|8|8|8|0|0|8|8
43205,8,False,8,7,9,9|8|9|9|8|8|9|9|9|9
43239,8,False,8,0,8,8|8|8|8|8|8|8|8|8|8
43241,8,False,8,9,0,0|8|0|0|0|0|0|0|0|0
43247,8,False,8,0,8,8|8|8|8|8|8|8|8|8|8
43248,8,False,8,2,8,8|8|0|8|8|0|8|8|8|8
43272,8,False,8,0,8,8|8|8|8|8|8|8|8|8|8
43279,8,False,8,6,9,8|8|9|9|9|8|8|9|9|9
43281,8,False,8,6,0,0|0|8|8|0|0|8|0|8|0
43284,8,False,8,6,9,9|8|9|9|8|9|9|8|9|8
43302,8,False,8,10,9,9|9|9|9|9|9|9|9|9|9
43323,8,False,8,0,8,8|8|8|8|8|8|8|8|8|8
43330,8,False,8,2,8,8|8|8|8|8|8|9|9|8|8
43331,8,False,8,0,8,8|8|8|8|8|8|8|8|8|8
43343,8,False,8,0,8,8|8|8|8|8|8|8|8|8|8
43351,8,False,8,8,9,9|8|9|8|9|9|9|9|9|9
43361,8,False,8,0,8,8|8|8|8|8|8|8|8|8|8
43362,8,False,8,7,9,9|9|8|8|9|8|9|9|9|9
43365,8,False,8,0,8,8|8|8|8|8|8|8|8|8|8
43377,8,False,8,9,0,0|4|0|9|2|8|0|0|2|0
43387,8,False,8,0,8,8|8|8|8|8|8|8|8|8|8
43388,8,False,8,0,8,8|8|8|8|8|8|8|8|8|8
43422,8,False,8,0,8,8|8|8|8|8|8|8|8|8|8
43428,8,False,8,4,8,8|8|9|8|9|8|9|8|9|8
43431,8,False,8,1,8,8|8|8|9|8|8|8|8|8|8
43439,8,False,8,4,8,8|8|8|9|8|8|9|9|9|8
43451,8,False,8,0,8,8|8|8|8|8|8|8|8|8|8
43472,8,False,8,1,8,8|8|8|8|8|9|8|8|8|8
43496,8,False,8,8,9,9|9|8|9|9|9|8|9|9|9
43497,8,False,8,2,8,8|8|8|8|8|8|9|8|8|9
43501,8,False,8,0,8,8|8|8|8|8|8|8|8|8|8
43516,8,False,8,0,8,8|8|8|8|8|8|8|8|8|8
43529,8,False,8,10,9,9|9|9|9|9|9|6|9|9|9
43563,8,False,8,0,8,8|8|8|8|8|8|8|8|8|8
43568,8,False,8,5,-1,8|8|9|9|8|9|9|8|9|8
43577,8,False,8,8,9,8|9|8|9|9|6|7|9|6|9
43582,8,False,8,0,8,8|8|8|8|8|8|8|8|8|8
43583,8,False,8,3,8,8|9|8|8|0|8|8|9|8|8
43638,8,False,8,0,8,8|8|8|8|8|8|8|8|8|8
43647,8,False,8,0,8,8|8|8|8|8|8|8|8|8|8
43648,8,False,8,0,8,8|8|8|8|8|8|8|8|8|8
43652,8,False,8,9,9,9|9|8|9|0|9|9|9|9|9
43654,8,False,8,2,8,8|8|8|2|8|8|8|8|9|8
43678,8,False,8,0,8,8|8|8|8|8|8|8|8|8|8
43696,8,False,8,0,8,8|8|8|8|8|8|8|8|8|8
43707,8,False,8,9,9,9|9|9|9|8|9|9|9|9|9
43724,8,False,8,0,8,8|8|8|8|8|8|8|8|8|8
43725,8,False,8,0,8,8|8|8|8|8|8|8|8|8|8
43726,8,False,8,8,9,9|9|8|8|9|9|9|9|9|9
43727,8,False,8,0,8,8|8|8|8|8|8|8|8|8|8
43750,8,False,8,0,8,8|8|8|8|8|8|8|8|8|8
43752,8,False,8,0,8,8|8|8|8|8|8|8|8|8|8
43764,8,False,8,1,8,8|8|8|8|8|8|9|8|8|8
43765,8,False,8,0,8,8|8|8|8|8|8|8|8|8|8
43771,8,False,8,0,8,8|8|8|8|8|8|8|8|8|8
43775,8,False,8,0,8,8|8|8|8|8|8|8|8|8|8
43780,8,False,8,3,8,8|8|8|9|8|8|9|8|9|8
43785,8,False,8,6,9,9|9|9|8|8|8|8|9|9|9
43790,8,False,8,10,9,9|9|9|9|9|9|9|9|9|9
43796,8,False,8,9,9,8|9|9|9|9|9|9|9|9|9
43807,8,False,8,1,8,8|8|8|8|8|9|8|8|8|8
43832,8,False,8,10,2,2|2|2|7|0|2|2|2|0|2
43836,8,False,8,2,8,8|8|8|8|8|8|9|8|8|9
43858,8,False,8,4,8,8|8|9|8|9|9|8|8|9|8
43861,8,False,8,0,8,8|8|8|8|8|8|8|8|8|8
43873,8,False,8,2,8,8|8|8|8|2|8|8|8|8|2
43893,8,False,8,0,8,8|8|8|8|8|8|8|8|8|8
43914,8,False,8,1,8,8|8|8|8|5|8|8|8|8|8
43921,8,False,8,5,-1,2|2|2|8|8|2|8|8|2|8
43927,8,False,8,0,8,8|8|8|8|8|8|8|8|8|8
43933,8,False,8,0,8,8|8|8|8|8|8|8|8|8|8
43960,8,False,8,8,9,8|9|9|9|8|9|9|9|9|9
43970,8,False,8,0,8,8|8|8|8|8|8|8|8|8|8
43972,8,False,8,0,8,8|8|8|8|8|8|8|8|8|8
43975,8,False,8,7,9,8|9|9|9|8|9|9|9|9|8
43988,8,False,8,6,2,2|2|8|8|8|8|2|2|2|2
43990,8,False,8,0,8,8|8|8|8|8|8|8|8|8|8
43996,8,False,8,0,8,8|8|8|8|8|8|8|8|8|8
44006,8,False,8,2,8,8|8|8|8|8|8|0|8|0|8
44022,8,False,8,0,8,8|8|8|8|8|8|8|8|8|8
44023,8,False,8,0,8,8|8|8|8|8|8|8|8|8|8
44036,8,False,8,0,8,8|8|8|8|8|8|8|8|8|8
44038,8,False,8,1,8,8|8|8|8|8|4|8|8|8|8
44074,8,False,8,2,8,8|8|8|8|8|8|8|0|8|0
44086,8,False,8,3,8,8|8|9|8|8|9|9|8|8|8
44100,8,False,8,0,8,8|8|8|8|8|8|8|8|8|8
44101,8,False,8,0,8,8|8|8|8|8|8|8|8|8|8
44102,8,False,8,3,8,8|8|9|9|8|9|8|8|8|8
44112,8,False,8,0,8,8|8|8|8|8|8|8|8|8|8
44132,8,False,8,8,2,2|2|4|8|3|8|2|2|2|2
44134,8,False,8,10,-1,9|6|6|9|6|6|9|9|6|9
44136,8,False,8,0,8,8|8|8|8|8|8|8|8|8|8
44145,8,False,8,0,8,8|8|8|8|8|8|8|8|8|8
44147,8,False,8,5,8,8|8|9|0|8|0|0|8|8|9
44154,8,False,8,2,8,8|5|8|8|8|8|8|0|8|8
44160,8,False,8,7,9,9|9|9|9|8|9|8|9|9|8
44164,8,False,8,5,-1,9|8|9|8|8|9|8|9|9|8
44184,8,False,8,0,8,8|8|8|8|8|8|8|8|8|8
44186,8,False,8,10,9,9|9|9|9|9|9|9|9|9|9
44188,8,False,8,10,5,5|5|5|5|5|5|5|5|5|5
44207,8,False,8,0,8,8|8|8|8|8|8|8|8|8|8
44212,8,False,8,4,8,8|8|9|8|9|8|9|9|8|8
44229,8,False,8,5,8,5|8|9|8|1|8|1|8|8|4
44234,8,False,8,3,8,8|8|8|8|5|5|8|8|1|8
44240,8,False,8,1,8,8|8|8|8|8|8|8|8|3|8
44258,8,False,8,0,8,8|8|8|8|8|8|8|8|8|8
44265,8,False,8,0,8,8|8|8|8|8|8|8|8|8|8
44294,8,False,8,0,8,8|8|8|8|8|8|8|8|8|8
44302,8,False,8,0,8,8|8|8|8|8|8|8|8|8|8
44303,8,False,8,3,8,9|8|8|9|8|8|9|8|8|8
44305,8,False,8,9,9,9|9|8|9|9|9|9|9|9|9
44316,8,False,8,0,8,8|8|8|8|8|8|8|8|8|8
44327,8,False,8,0,8,8|8|8|8|8|8|8|8|8|8
44345,8,False,8,3,8,8|8|0|0|8|8|8|8|0|8
44349,8,False,8,0,8,8|8|8|8|8|8|8|8|8|8
44352,8,False,8,1,8,8|8|8|9|8|8|8|8|8|8
44373,8,False,8,2,8,8|8|2|8|8|2|8|8|8|8
44393,8,False,8,5,-1,8|9|9|9|8|8|8|9|9|8
44408,8,False,8,0,8,8|8|8|8|8|8|8|8|8|8
44446,8,False,8,9,3,3|5|2|3|3|2|2|3|8|3
44447,8,False,8,0,8,8|8|8|8|8|8|8|8|8|8
44449,8,False,8,7,6,6|6|0|0|6|6|9|8|8|8
44470,8,False,8,0,8,8|8|8|8|8|8|8|8|8|8
44479,8,False,8,0,8,8|8|8|8|8|8|8|8|8|8
44490,8,False,8,0,8,8|8|8|8|8|8|8|8|8|8
44512,8,False,8,7,9,9|9|9|9|9|9|9|8|8|8
44515,8,False,8,10,9,9|9|9|9|9|9|9|9|9|9
44521,8,False,8,2,8,8|8|8|8|8|9|8|8|9|8
44523,8,False,8,7,9,9|8|9|9|8|9|8|9|9|9
44526,8,False,8,2,8,8|9|8|8|8|8|8|8|8|9
44544,8,False,8,2,8,8|8|8|8|9|8|8|8|8|9
44547,8,False,8,0,8,8|8|8|8|8|8|8|8|8|8
44563,8,False,8,9,0,0|0|8|9|0|0|0|0|0|0
44606,8,False,8,0,8,8|8|8|8|8|8|8|8|8|8
44634,8,False,8,0,8,8|8|8|8|8|8|8|8|8|8
44637,8,False,8,0,8,8|8|8|8|8|8|8|8|8|8
44643,8,False,8,2,8,8|8|8|8|8|9|9|8|8|8
44646,8,False,8,0,8,8|8|8|8|8|8|8|8|8|8
44675,8,False,8,10,9,9|9|9|9|9|9|9|9|9|9
44676,8,False,8,6,-1,8|0|9|9|8|8|9|9|0|8
44678,8,False,8,6,-1,8|0|8|9|8|9|8|0|9|9
44687,8,False,8,6,8,8|2|8|0|2|0|8|2|0|8
44689,8,False,8,4,8,7|8|9|8|8|8|8|8|7|7
44692,8,False,8,1,8,8|8|8|9|8|8|8|8|8|8
44710,8,False,8,0,8,8|8|8|8|8|8|8|8|8|8
44712,8,False,8,0,8,8|8|8|8|8|8|8|8|8|8
44717,8,False,8,9,9,9|9|9|9|8|9|9|9|9|9
44744,8,False,8,10,9,9|9|9|9|9|9|9|9|9|9
44759,8,False,8,5,-1,9|9|8|8|9|9|9|8|8|8
44782,8,False,8,4,8,9|8|9|8|8|8|8|9|8|9
44783,8,False,8,0,8,8|8|8|8|8|8|8|8|8|8
44792,8,False,8,0,8,8|8|8|8|8|8|8|8|8|8
44799,8,False,8,0,8,8|8|8|8|8|8|8|8|8|8
44801,8,False,8,10,9,9|9|9|9|9|9|9|9|9|9
44810,8,False,8,5,-1,9|9|8|9|8|8|9|8|9|8
44819,8,False,8,0,8,8|8|8|8|8|8|8|8|8|8
44825,8,False,8,0,8,8|8|8|8|8|8|8|8|8|8
44840,8,False,8,2,8,8|8|8|8|9|8|8|8|0|8
44846,8,False,8,1,8,8|8|8|8|8|9|8|8|8|8
44854,8,False,8,0,8,8|8|8|8|8|8|8|8|8|8
44860,8,False,8,2,8,8|8|8|9|9|8|8|8|8|8
44861,8,False,8,2,8,8|8|8|9|8|9|8|8|8|8
44866,8,False,8,9,9,9|9|9|9|8|9|9|9|9|9
44878,8,False,8,10,6,6|6|6|4|6|4|6|6|6|6
44880,8,False,8,0,8,8|8|8|8|8|8|8|8|8|8
44893,8,False,8,0,8,8|8|8|8|8|8|8|8|8|8
44908,8,False,8,7,9,9|8|8|0|2|8|9|2|9|9
44909,8,False,8,7,9,8|9|9|8|9|8|9|9|9|9
44926,8,False,8,2,8,8|8|9|9|8|8|8|8|8|8
44929,8,False,8,0,8,8|8|8|8|8|8|8|8|8|8
44956,8,False,8,0,8,8|8|8|8|8|8|8|8|8|8
44964,8,False,8,8,9,9|8|9|9|9|9|9|9|9|8
44971,8,False,8,0,8,8|8|8|8|8|8|8|8|8|8
44978,8,False,8,3,8,8|8|9|9|8|9|8|8|8|8
44982,8,False,8,0,8,8|8|8|8|8|8|8|8|8|8
44984,8,False,8,0,8,8|8|8|8|8|8|8|8|8|8
45005,8,False,8,0,8,8|8|8|8|8|8|8|8|8|8
45022,8,False,8,5,-1,9|8|9|8|8|9|9|9|8|8
45024,8,False,8,0,8,8|8|8|8|8|8|8|8|8|8
45026,8,False,8,0,8,8|8|8|8|8|8|8|8|8|8
45037,8,False,8,0,8,8|8|8|8|8|8|8|8|8|8
45040,8,False,8,4,8,8|8|9|8|8|9|9|8|8|4
45058,8,False,8,4,8,8|8|8|9|9|9|9|8|8|8
45062,8,False,8,1,8,8|8|8|9|8|8|8|8|8|8
45074,8,False,8,0,8,8|8|8|8|8|8|8|8|8|8
45080,8,False,8,10,-1,0|3|5|5|3|5|0|3|2|0
45107,8,False,8,7,5,5|5|9|8|8|3|8|9|5|5
45114,8,False,8,0,8,8|8|8|8|8|8|8|8|8|8
45116,8,False,8,1,8,8|8|8|8|8|8|9|8|8|8
45141,8,False,8,0,8,8|8|8|8|8|8|8|8|8|8
45143,8,False,8,7,9,9|9|8|8|9|9|9|8|9|9
45150,8,False,8,0,8,8|8|8|8|8|8|8|8|8|8
45155,8,False,8,0,8,8|8|8|8|8|8|8|8|8|8
45160,8,False,8,0,8,8|8|8|8|8|8|8|8|8|8
45166,8,False,8,10,9,9|9|9|9|9|9|9|9|9|9
45179,8,False,8,10,9,9|9|9|9|9|9|9|9|9|9
45180,8,False,8,0,8,8|8|8|8|8|8|8|8|8|8
45186,8,False,8,10,9,9|9|9|9|9|9|9|9|9|9
45187,8,False,8,0,8,8|8|8|8|8|8|8|8|8|8
45194,9,False,9,0,9,9|9|9|9|9|9|9|9|9|9
45205,9,False,9,8,8,8|8|8|9|8|8|8|9|8|8
45206,9,False,9,0,9,9|9|9|9|9|9|9|9|9|9
45214,9,False,9,3,9,8|9|9|9|9|9|8|8|9|9
45226,9,False,9,0,9,9|9|9|9|9|9|9|9|9|9
45233,9,False,9,2,9,9|9|9|9|8|9|9|9|8|9
45238,9,False,9,0,9,9|9|9|9|9|9|9|9|9|9
45239,9,False,9,1,9,9|9|8|9|9|9|9|9|9|9
45244,9,False,9,9,7,7|7|7|0|0|7|7|9|0|8
45276,9,False,9,0,9,9|9|9|9|9|9|9|9|9|9
45279,9,False,9,0,9,9|9|9|9|9|9|9|9|9|9
45312,9,False,9,10,8,8|8|8|8|8|8|8|8|8|8
45322,9,False,9,10,1,1|5|1|1|1|1|1|5|1|1
45323,9,False,9,0,9,9|9|9|9|9|9|9|9|9|9
45328,9,False,9,8,8,8|8|8|8|9|8|8|8|9|8
45378,9,False,9,3,9,9|9|8|8|9|8|9|9|9|9
45383,9,False,9,9,8,8|8|8|9|8|8|8|8|8|8
45416,9,False,9,0,9,9|9|9|9|9|9|9|9|9|9
45434,9,False,9,0,9,9|9|9|9|9|9|9|9|9|9
45447,9,False,9,0,9,9|9|9|9|9|9|9|9|9|9
45458,9,False,9,0,9,9|9|9|9|9|9|9|9|9|9
45460,9,False,9,0,9,9|9|9|9|9|9|9|9|9|9
45463,9,False,9,10,8,8|8|8|8|8|8|8|8|8|8
45474,9,False,9,0,9,9|9|9|9|9|9|9|9|9|9
45477,9,False,9,0,9,9|9|9|9|9|9|9|9|9|9
45481,9,False,9,0,9,9|9|9|9|9|9|9|9|9|9
45483,9,False,9,1,9,9|9|9|9|9|9|8|9|9|9
45508,9,False,9,5,9,7|6|9|9|7|9|9|9|8|8
45518,9,False,9,0,9,9|9|9|9|9|9|9|9|9|9
45537,9,False,9,1,9,9|9|9|9|9|8|9|9|9|9
45588,9,False,9,0,9,9|9|9|9|9|9|9|9|9|9
45589,9,False,9,3,9,0|0|9|9|8|9|9|9|9|9
45594,9,False,9,1,9,9|9|9|9|8|9|9|9|9|9
45620,9,False,9,0,9,9|9|9|9|9|9|9|9|9|9
45624,9,False,9,0,9,9|9|9|9|9|9|9|9|9|9
45628,9,False,9,3,9,9|7|9|9|9|9|9|9|7|7
45650,9,False,9,0,9,9|9|9|9|9|9|9|9|9|9
45666,9,False,9,0,9,9|9|9|9|9|9|9|9|9|9
45667,9,False,9,9,8,8|3|9|5|0|8|8|0|8|3
45720,9,False,9,5,-1,8|8|9|9|9|8|9|8|9|8
45721,9,False,9,0,9,9|9|9|9|9|9|9|9|9|9
45739,9,False,9,6,-1,0|0|9|9|8|9|0|0|9|4
45757,9,False,9,0,9,9|9|9|9|9|9|9|9|9|9
45768,9,False,9,6,9,9|9|9|3|8|3|0|0|9|8
45771,9,False,9,0,9,9|9|9|9|9|9|9|9|9|9
45772,9,False,9,3,9,9|9|9|9|9|9|8|9|8|8
45783,9,False,9,2,9,9|8|9|9|9|9|8|9|9|9
45823,9,False,9,0,9,9|9|9|9|9|9|9|9|9|9
45841,9,False,9,9,-1,6|5|2|8|2|7|7|9|5|8
45847,9,False,9,10,0,0|0|0|0|0|0|0|0|0|0
45848,9,False,9,10,0,0|0|0|0|0|0|0|0|0|0
45850,9,False,9,3,9,9|9|9|9|9|8|9|8|9|8
45876,9,False,9,0,9,9|9|9|9|9|9|9|9|9|9
45892,9,False,9,1,9,9|9|9|9|9|9|9|9|9|8
45894,9,False,9,4,9,8|9|9|9|9|9|8|8|9|8
45914,9,False,9,4,9,9|9|8|8|9|8|8|9|9|9
45927,9,False,9,1,9,9|9|9|9|9|8|9|9|9|9
45932,9,False,9,0,9,9|9|9|9|9|9|9|9|9|9
45945,9,False,9,6,8,9|8|8|9|8|8|9|8|9|8
45979,9,False,9,0,9,9|9|9|9|9|9|9|9|9|9
45992,9,False,9,10,0,0|1|0|4|0|0|0|3|4|0
45997,9,False,9,9,8,8|8|8|8|8|8|9|8|8|8
45998,9,False,9,10,8,8|8|8|8|8|8|8|8|8|8
46026,9,False,9,0,9,9|9|9|9|9|9|9|9|9|9
46027,9,False,9,0,9,9|9|9|9|9|9|9|9|9|9
46052,9,False,9,1,9,9|9|9|9|9|8|9|9|9|9
46057,9,False,9,0,9,9|9|9|9|9|9|9|9|9|9
46060,9,False,9,4,9,9|8|8|9|8|8|9|9|9|9
46061,9,False,9,1,9,9|9|6|9|9|9|9|9|9|9
46067,9,False,9,9,1,1|0|0|9|1|0|0|1|1|1
46076,9,False,9,2,9,9|9|8|8|9|9|9|9|9|9
46120,9,False,9,2,9,9|9|8|9|9|8|9|9|9|9
46126,9,False,9,1,9,9|9|9|9|9|8|9|9|9|9
46129,9,False,9,0,9,9|9|9|9|9|9|9|9|9|9
46132,9,False,9,2,9,9|9|9|9|9|8|9|8|9|9
46143,9,False,9,1,9,9|9|9|9|8|9|9|9|9|9
46165,9,False,9,10,8,8|8|8|8|8|8|8|8|8|8
46166,9,False,9,0,9,9|9|9|9|9|9|9|9|9|9
46174,9,False,9,0,9,9|9|9|9|9|9|9|9|9|9
46185,9,False,9,6,8,9|8|8|8|8|8|9|9|9|8
46202,9,False,9,0,9,9|9|9|9|9|9|9|9|9|9
46209,9,False,9,4,9,9|8|8|8|9|9|8|9|9|9
46227,9,False,9,2,9,9|8|9|9|9|9|9|9|9|8
46229,9,False,9,5,9,9|9|8|9|8|6|9|6|7|9
46234,9,False,9,6,0,9|0|0|9|8|0|0|0|9|9
46247,9,False,9,0,9,9|9|9|9|9|9|9|9|9|9
46248,9,False,9,0,9,9|9|9|9|9|9|9|9|9|9
46273,9,False,9,0,9,9|9|9|9|9|9|9|9|9|9
46282,9,False,9,5,-1,8|9|8|9|9|8|8|9|9|8
46291,9,False,9,3,9,8|9|9|9|9|9|8|8|9|9
46296,9,False,9,8,8,8|8|8|8|9|8|8|8|9|8
46301,9,False,9,0,9,9|9|9|9|9|9|9|9|9|9
46306,9,False,9,0,9,9|9|9|9|9|9|9|9|9|9
46312,9,False,9,7,8,8|9|8|8|9|8|0|9|0|8
46315,9,False,9,0,9,9|9|9|9|9|9|9|9|9|9
46325,9,False,9,8,8,8|8|8|8|8|8|9|9|8|8
46327,9,False,9,0,9,9|9|9|9|9|9|9|9|9|9
46333,9,False,9,0,9,9|9|9|9|9|9|9|9|9|9
46345,9,False,9,0,9,9|9|9|9|9|9|9|9|9|9
46397,9,False,9,1,9,9|9|8|9|9|9|9|9|9|9
46403,9,False,9,1,9,9|9|9|9|9|9|9|8|9|9
46408,9,False,9,1,9,9|9|8|9|9|9|9|9|9|9
46437,9,False,9,2,9,9|9|9|9|9|8|9|9|8|9
46458,9,False,9,0,9,9|9|9|9|9|9|9|9|9|9
46462,9,False,9,10,0,0|0|8|8|0|0|0|0|0|0
46470,9,False,9,4,9,9|9|9|9|8|8|9|8|9|8
46477,9,False,9,2,9,9|8|9|9|9|8|9|9|9|9
46510,9,False,9,0,9,9|9|9|9|9|9|9|9|9|9
46529,9,False,9,0,9,9|9|9|9|9|9|9|9|9|9
46534,9,False,9,0,9,9|9|9|9|9|9|9|9|9|9
46541,9,False,9,0,9,9|9|9|9|9|9|9|9|9|9
46543,9,False,9,3,9,9|9|8|9|8|9|8|9|9|9
46553,9,False,9,0,9,9|9|9|9|9|9|9|9|9|9
46590,9,False,9,2,9,9|9|9|9|8|8|9|9|9|9
46591,9,False,9,0,9,9|9|9|9|9|9|9|9|9|9
46596,9,False,9,2,9,9|9|8|9|9|9|9|8|9|9
46601,9,False,9,10,0,0|0|0|0|0|0|0|2|8|0
46602,9,False,9,0,9,9|9|9|9|9|9|9|9|9|9
46607,9,False,9,10,8,8|8|8|8|8|8|8|8|8|8
46639,9,False,9,5,9,9|8|8|0|8|9|9|9|8|9
46641,9,False,9,3,9,9|9|9|8|9|8|9|9|8|9
46653,9,False,9,7,7,7|7|7|7|7|7|9|7|9|9
46670,9,False,9,0,9,9|9|9|9|9|9|9|9|9|9
46674,9,False,9,1,9,9|9|9|9|8|9|9|9|9|9
46678,9,False,9,0,9,9|9|9|9|9|9|9|9|9|9
46682,9,False,9,2,9,8|9|9|9|9|9|9|8|9|9
46692,9,False,9,9,0,0|0|0|0|8|2|9|0|0|0
46702,9,False,9,10,8,8|8|8|8|8|8|0|8|8|8
46705,9,False,9,0,9,9|9|9|9|9|9|9|9|9|9
46725,9,False,9,8,0,9|0|5|8|0|9|0|0|0|0
46728,9,False,9,0,9,9|9|9|9|9|9|9|9|9|9
46729,9,False,9,1,9,9|9|9|9|9|8|9|9|9|9
46731,9,False,9,7,6,2|6|6|9|9|6|6|6|9|8
46741,9,False,9,1,9,9|9|9|9|9|1|9|9|9|9
46756,9,False,9,0,9,9|9|9|9|9|9|9|9|9|9
46772,9,False,9,0,9,9|9|9|9|9|9|9|9|9|9
46792,9,False,9,10,8,8|8|8|8|8|8|8|8|8|8
46795,9,False,9,2,9,9|8|8|9|9|9|9|9|9|9
46802,9,False,9,1,9,9|9|9|9|8|9|9|9|9|9
46803,9,False,9,0,9,9|9|9|9|9|9|9|9|9|9
46809,9,False,9,0,9,9|9|9|9|9|9|9|9|9|9
46812,9,False,9,4,9,9|9|9|8|9|8|8|9|8|9
46824,9,False,9,0,9,9|9|9|9|9|9|9|9|9|9
46828,9,False,9,7,7,7|7|7|7|7|7|9|9|7|9
46832,9,False,9,0,9,9|9|9|9|9|9|9|9|9|9
46837,9,False,9,1,9,9|9|9|9|9|8|9|9|9|9
46842,9,False,9,0,9,9|9|9|9|9|9|9|9|9|9
46843,9,False,9,0,9,9|9|9|9|9|9|9|9|9|9
46845,9,False,9,0,9,9|9|9|9|9|9|9|9|9|9
46846,9,False,9,4,9,7|9|9|9|9|9|8|9|8|7
46862,9,False,9,0,9,9|9|9|9|9|9|9|9|9|9
46866,9,False,9,0,9,9|9|9|9|9|9|9|9|9|9
46870,9,False,9,1,9,9|9|9|9|9|9|8|9|9|9
46871,9,False,9,1,9,9|9|2|9|9|9|9|9|9|9
46882,9,False,9,10,8,0|8|8|8|0|8|0|8|8|8
46907,9,False,9,0,9,9|9|9|9|9|9|9|9|9|9
46910,9,False,9,6,8,9|9|8|9|8|8|8|8|9|8
46920,9,False,9,0,9,9|9|9|9|9|9|9|9|9|9
46923,9,False,9,8,2,2|2|1|9|2|1|9|2|1|2
46926,9,False,9,7,0,0|0|9|9|0|0|9|0|0|0
46930,9,False,9,3,9,8|9|9|9|9|9|8|8|9|9
46933,9,False,9,0,9,9|9|9|9|9|9|9|9|9|9
46934,9,False,9,10,8,8|8|8|8|8|8|8|8|8|8
46955,9,False,9,9,8,8|8|9|0|8|3|8|8|8|8
46984,9,False,9,0,9,9|9|9|9|9|9|9|9|9|9
47003,9,False,9,4,9,9|8|9|9|8|9|9|8|9|8
47012,9,False,9,0,9,9|9|9|9|9|9|9|9|9|9
47015,9,False,9,2,9,9|9|8|8|9|9|9|9|9|9
47040,9,False,9,0,9,9|9|9|9|9|9|9|9|9|9
47044,9,False,9,0,9,9|9|9|9|9|9|9|9|9|9
47067,9,False,9,0,9,9|9|9|9|9|9|9|9|9|9
47079,9,False,9,2,9,9|9|9|9|8|8|9|9|9|9
47097,9,False,9,0,9,9|9|9|9|9|9|9|9|9|9
47098,9,False,9,0,9,9|9|9|9|9|9|9|9|9|9
47128,9,False,9,0,9,9|9|9|9|9|9|9|9|9|9
47129,9,False,9,0,9,9|9|9|9|9|9|9|9|9|9
47131,9,False,9,4,9,8|9|8|9|9|9|9|8|9|8
47135,9,False,9,0,9,9|9|9|9|9|9|9|9|9|9
47149,9,False,9,0,9,9|9|9|9|9|9|9|9|9|9
47155,9,False,9,6,-1,0|0|8|9|8|9|9|9|0|0
47158,9,False,9,2,9,9|9|9|9|9|9|0|0|9|9
47171,9,False,9,10,8,8|8|8|8|8|8|8|8|8|8
47175,9,False,9,0,9,9|9|9|9|9|9|9|9|9|9
47178,9,False,9,7,8,8|8|9|9|8|8|8|8|9|8
47183,9,False,9,3,9,9|8|9|9|9|9|9|8|9|8
47186,9,False,9,8,8,8|8|8|8|9|9|8|8|8|8
47205,9,False,9,1,9,9|9|9|9|9|9|9|9|9|0
47212,9,False,9,0,9,9|9|9|9|9|9|9|9|9|9
47213,9,False,9,0,9,9|9|9|9|9|9|9|9|9|9
47218,9,False,9,10,8,8|8|8|8|8|8|8|8|8|8
47226,9,False,9,10,8,8|8|0|8|0|8|8|8|8|0
47227,9,False,9,0,9,9|9|9|9|9|9|9|9|9|9
47241,9,False,9,0,9,9|9|9|9|9|9|9|9|9|9
47243,9,False,9,0,9,9|9|9|9|9|9|9|9|9|9
47253,9,False,9,8,8,9|8|8|9|8|8|8|8|8|8
47270,9,False,9,0,9,9|9|9|9|9|9|9|9|9|9
47286,9,False,9,7,8,8|8|8|8|9|8|8|9|8|9
47288,9,False,9,1,9,9|9|9|9|9|9|9|6|9|9
47289,9,False,9,0,9,9|9|9|9|9|9|9|9|9|9
47290,9,False,9,5,9,8|5|9|5|8|8|9|9|9|9
47302,9,False,9,7,8,8|8|9|8|8|9|9|8|8|8
47311,9,False,9,3,9,9|8|9|9|8|9|8|9|9|9
47316,9,False,9,0,9,9|9|9|9|9|9|9|9|9|9
47325,9,False,9,4,9,5|5|9|9|8|9|9|8|9|9
47340,9,False,9,0,9,9|9|9|9|9|9|9|9|9|9
47346,9,False,9,0,9,9|9|9|9|9|9|9|9|9|9
47352,9,False,9,0,9,9|9|9|9|9|9|9|9|9|9
47373,9,False,9,0,9,9|9|9|9|9|9|9|9|9|9
47380,9,False,9,1,9,9|9|9|9|8|9|9|9|9|9
47385,9,False,9,10,0,0|0|0|0|0|0|0|0|0|0
47418,9,False,9,0,9,9|9|9|9|9|9|9|9|9|9
47441,9,False,9,9,8,8|8|8|9|8|8|8|8|8|8
47450,9,False,9,0,9,9|9|9|9|9|9|9|9|9|9
47457,9,False,9,2,9,8|8|9|9|9|9|9|9|9|9
47473,9,False,9,1,9,9|9|9|9|9|9|9|9|8|9
47480,9,False,9,0,9,9|9|9|9|9|9|9|9|9|9
47483,9,False,9,1,9,9|9|9|9|8|9|9|9|9|9
47486,9,False,9,0,9,9|9|9|9|9|9|9|9|9|9
47488,9,False,9,7,0,9|9|0|0|0|8|0|9|0|0
47489,9,False,9,0,9,9|9|9|9|9|9|9|9|9|9
47515,9,False,9,0,9,9|9|9|9|9|9|9|9|9|9
47516,9,False,9,0,9,9|9|9|9|9|9|9|9|9|9
47533,9,False,9,1,9,9|9|8|9|9|9|9|9|9|9
47571,9,False,9,0,9,9|9|9|9|9|9|9|9|9|9
47577,9,False,9,4,9,0|9|0|9|8|9|9|0|9|9
47591,9,False,9,0,9,9|9|9|9|9|9|9|9|9|9
47595,9,False,9,10,7,7|7|0|7|7|7|7|7|5|8
47598,9,False,9,9,0,0|0|0|0|8|0|0|9|0|0
47599,9,False,9,0,9,9|9|9|9|9|9|9|9|9|9
47625,9,False,9,7,8,8|9|8|8|8|8|9|2|0|9
47630,9,False,9,0,9,9|9|9|9|9|9|9|9|9|9
47645,9,False,9,0,9,9|9|9|9|9|9|9|9|9|9
47649,9,False,9,0,9,9|9|9|9|9|9|9|9|9|9
47650,9,False,9,0,9,9|9|9|9|9|9|9|9|9|9
47664,9,False,9,5,9,8|8|9|9|3|9|0|9|0|9
47678,9,False,9,5,9,9|8|9|0|9|9|8|9|8|8
47688,9,False,9,0,9,9|9|9|9|9|9|9|9|9|9
47707,9,False,9,0,9,9|9|9|9|9|9|9|9|9|9
47710,9,False,9,0,9,9|9|9|9|9|9|9|9|9|9
47724,9,False,9,0,9,9|9|9|9|9|9|9|9|9|9
47745,9,False,9,0,9,9|9|9|9|9|9|9|9|9|9
47750,9,False,9,0,9,9|9|9|9|9|9|9|9|9|9
47758,9,False,9,1,9,9|9|9|8|9|9|9|9|9|9
47759,9,False,9,9,8,8|8|8|8|8|8|8|8|8|9
47772,9,False,9,9,8,8|8|8|8|9|8|8|8|8|8
47774,9,False,9,9,8,8|8|8|2|0|8|0|8|9|8
47775,9,False,9,0,9,9|9|9|9|9|9|9|9|9|9
47779,9,False,9,7,8,8|8|8|8|9|8|0|9|9|8
47793,9,False,9,1,9,9|9|9|9|0|9|9|9|9|9
47808,9,False,9,10,8,8|8|8|8|8|8|8|8|8|8
47835,9,False,9,8,8,8|8|8|9|8|8|9|8|8|8
47845,9,False,9,10,8,8|8|8|8|8|8|8|8|8|8
47856,9,False,9,0,9,9|9|9|9|9|9|9|9|9|9
47871,9,False,9,2,9,9|9|9|8|9|9|8|9|9|9
47882,9,False,9,7,8,2|8|9|9|8|8|9|8|0|8
47920,9,False,9,0,9,9|9|9|9|9|9|9|9|9|9
47935,9,False,9,8,8,8|8|8|9|8|8|8|9|8|8
47937,9,False,9,7,8,8|8|8|8|9|8|9|9|8|8
47941,9,False,9,0,9,9|9|9|9|9|9|9|9|9|9
47942,9,False,9,3,9,9|9|9|9|8|8|9|9|0|9
47943,9,False,9,5,-1,9|8|8|8|8|8|9|9|9|9
47944,9,False,9,9,8,8|8|8|8|8|8|8|8|9|8
47945,9,False,9,0,9,9|9|9|9|9|9|9|9|9|9
47946,9,False,9,10,8,8|8|8|8|8|8|8|8|8|8
47950,9,False,9,0,9,9|9|9|9|9|9|9|9|9|9
47958,9,False,9,2,9,9|9|8|9|9|8|9|9|9|9
47971,9,False,9,0,9,9|9|9|9|9|9|9|9|9|9
47983,9,False,9,0,9,9|9|9|9|9|9|9|9|9|9
47997,9,False,9,0,9,9|9|9|9|9|9|9|9|9|9
48008,9,False,9,9,8,8|8|8|9|8|8|8|8|8|8
48012,9,False,9,3,9,9|9|8|8|9|8|9|9|9|9
48021,9,False,9,10,4,4|5|5|4|4|0|4|0|0|4
48025,9,False,9,5,-1,9|9|9|8|8|8|9|8|9|8
48028,9,False,9,10,8,8|8|8|8|8|8|8|8|8|8
48041,9,False,9,0,9,9|9|9|9|9|9|9|9|9|9
48044,9,False,9,3,9,9|8|9|9|9|9|9|8|0|9
48061,9,False,9,10,6,6|6|6|5|6|6|0|6|6|6
48068,9,False,9,10,8,8|8|8|8|8|8|8|8|8|8
48093,9,False,9,1,9,9|9|9|8|9|9|9|9|9|9
48106,9,False,9,0,9,9|9|9|9|9|9|9|9|9|9
48107,9,False,9,0,9,9|9|9|9|9|9|9|9|9|9
48112,9,False,9,0,9,9|9|9|9|9|9|9|9|9|9
48113,9,False,9,5,-1,8|8|9|9|8|8|8|9|9|9
48126,9,False,9,5,9,9|9|8|2|9|8|9|8|8|9
48143,9,False,9,10,8,8|8|8|8|8|8|8|8|8|8
48158,9,False,9,0,9,9|9|9|9|9|9|9|9|9|9
48169,9,False,9,0,9,9|9|9|9|9|9|9|9|9|9
48171,9,False,9,0,9,9|9|9|9|9|9|9|9|9|9
48188,9,False,9,2,9,9|9|8|9|9|8|9|9|9|9
48206,9,False,9,9,2,2|2|8|2|8|2|9|2|0|2
48219,9,False,9,0,9,9|9|9|9|9|9|9|9|9|9
48223,9,False,9,0,9,9|9|9|9|9|9|9|9|9|9
48229,9,False,9,0,9,9|9|9|9|9|9|9|9|9|9
48246,9,False,9,4,9,8|8|8|9|9|9|9|9|9|8
48262,9,False,9,7,8,8|9|8|8|8|8|8|8|9|9
48272,9,False,9,2,9,9|9|9|0|9|2|9|9|9|9
48300,9,False,9,7,-1,7|9|8|9|7|8|7|0|0|9
48311,9,False,9,1,9,9|9|9|9|9|9|8|9|9|9
48315,9,False,9,4,9,9|9|9|8|8|8|9|9|9|8
48325,9,False,9,10,4,6|6|4|8|8|4|4|3|4|8
48329,9,False,9,0,9,9|9|9|9|9|9|9|9|9|9
48339,9,False,9,0,9,9|9|9|9|9|9|9|9|9|9
48351,9,False,9,10,0,7|0|0|0|0|0|0|0|0|0
48361,9,False,9,0,9,9|9|9|9|9|9|9|9|9|9
48362,9,False,9,5,-1,9|8|8|8|9|8|9|8|9|9
48378,9,False,9,0,9,9|9|9|9|9|9|9|9|9|9
48392,9,False,9,0,9,9|9|9|9|9|9|9|9|9|9
48416,9,False,9,5,9,9|9|8|8|8|9|9|0|9|0
48422,9,False,9,0,9,9|9|9|9|9|9|9|9|9|9
48434,9,False,9,0,9,9|9|9|9|9|9|9|9|9|9
48440,9,False,9,0,9,9|9|9|9|9|9|9|9|9|9
48459,9,False,9,0,9,9|9|9|9|9|9|9|9|9|9
48474,9,False,9,0,9,9|9|9|9|9|9|9|9|9|9
48477,9,False,9,0,9,9|9|9|9|9|9|9|9|9|9
48490,9,False,9,0,9,9|9|9|9|9|9|9|9|9|9
48512,9,False,9,0,9,9|9|9|9|9|9|9|9|9|9
48513,9,False,9,0,9,9|9|9|9|9|9|9|9|9|9
48515,9,False,9,0,9,9|9|9|9|9|9|9|9|9|9
48524,9,False,9,0,9,9|9|9|9|9|9|9|9|9|9
48534,9,False,9,9,6,9|6|6|6|6|8|0|6|6|6
48535,9,False,9,0,9,9|9|9|9|9|9|9|9|9|9
48536,9,False,9,0,9,9|9|9|9|9|9|9|9|9|9
48538,9,False,9,0,9,9|9|9|9|9|9|9|9|9|9
48553,9,False,9,0,9,9|9|9|9|9|9|9|9|9|9
48569,9,False,9,0,9,9|9|9|9|9|9|9|9|9|9
48579,9,False,9,8,8,8|9|0|8|8|0|8|8|9|8
48592,9,False,9,0,9,9|9|9|9|9|9|9|9|9|9
48593,9,False,9,0,9,9|9|9|9|9|9|9|9|9|9
48608,9,False,9,0,9,9|9|9|9|9|9|9|9|9|9
48610,9,False,9,9,8,8|8|8|8|9|8|8|8|8|8
48611,9,False,9,8,8,8|8|9|9|8|8|8|8|8|8
48616,9,False,9,0,9,9|9|9|9|9|9|9|9|9|9
48619,9,False,9,0,9,9|9|9|9|9|9|9|9|9|9
48625,9,False,9,4,9,9|9|0|0|9|0|9|9|0|9
48626,9,False,9,3,9,9|9|8|8|9|1|9|9|9|9
48652,9,False,9,0,9,9|9|9|9|9|9|9|9|9|9
48699,9,False,9,0,9,9|9|9|9|9|9|9|9|9|9
48703,9,False,9,1,9,9|9|9|8|9|9|9|9|9|9
48712,9,False,9,0,9,9|9|9|9|9|9|9|9|9|9
48718,9,False,9,0,9,9|9|9|9|9|9|9|9|9|9
48721,9,False,9,0,9,9|9|9|9|9|9|9|9|9|9
48723,9,False,9,1,9,9|9|9|9|9|8|9|9|9|9
48734,9,False,9,0,9,9|9|9|9|9|9|9|9|9|9
48739,9,False,9,0,9,9|9|9|9|9|9|9|9|9|9
48749,9,False,9,0,9,9|9|9|9|9|9|9|9|9|9
48764,9,False,9,1,9,9|9|9|9|9|9|9|0|9|9
48768,9,False,9,1,9,9|8|9|9|9|9|9|9|9|9
48778,9,False,9,0,9,9|9|9|9|9|9|9|9|9|9
48783,9,False,9,10,3,3|2|3|2|6|3|3|6|2|6
48787,9,False,9,0,9,9|9|9|9|9|9|9|9|9|9
48793,9,False,9,0,9,9|9|9|9|9|9|9|9|9|9
48794,9,False,9,0,9,9|9|9|9|9|9|9|9|9|9
48815,9,False,9,0,9,9|9|9|9|9|9|9|9|9|9
48820,9,False,9,0,9,9|9|9|9|9|9|9|9|9|9
48827,9,False,9,1,9,9|8|9|9|9|9|9|9|9|9
48837,9,False,9,8,0,0|0|0|0|8|0|9|9|8|8
48850,9,False,9,1,9,9|9|9|9|9|9|9|0|9|9
48854,9,False,9,5,-1,8|8|8|9|9|8|9|9|9|8
48880,9,False,9,10,8,8|8|8|7|8|8|8|8|8|8
48885,9,False,9,0,9,9|9|9|9|9|9|9|9|9|9
48893,9,False,9,0,9,9|9|9|9|9|9|9|9|9|9
48899,9,False,9,5,-1,8|9|9|9|8|8|9|8|9|8
48902,9,False,9,0,9,9|9|9|9|9|9|9|9|9|9
48921,9,False,9,4,9,9|0|9|9|8|9|9|0|9|0
48925,9,False,9,0,9,9|9|9|9|9|9|9|9|9|9
48938,9,False,9,10,0,0|0|0|0|8|0|0|0|0|0
48956,9,False,9,0,9,9|9|9|9|9|9|9|9|9|9
48977,9,False,9,0,9,9|9|9|9|9|9|9|9|9|9
48986,9,False,9,2,9,0|9|9|8|9|9|9|9|9|9
49012,9,False,9,8,8,8|8|0|0|8|9|9|8|8|8
49020,9,False,9,0,9,9|9|9|9|9|9|9|9|9|9
49030,9,False,9,10,8,8|8|8|8|8|8|8|8|8|8
49032,9,False,9,1,9,9|9|9|8|9|9|9|9|9|9
49045,9,False,9,8,8,8|8|8|8|9|9|8|8|2|8
49080,9,False,9,0,9,9|9|9|9|9|9|9|9|9|9
49095,9,False,9,0,9,9|9|9|9|9|9|9|9|9|9
49128,9,False,9,0,9,9|9|9|9|9|9|9|9|9|9
49131,9,False,9,0,9,9|9|9|9|9|9|9|9|9|9
49136,9,False,9,10,8,8|8|8|8|8|8|8|8|8|8
49137,9,False,9,10,8,8|8|8|8|8|8|8|0|0|8
49154,9,False,9,0,9,9|9|9|9|9|9|9|9|9|9
49175,9,False,9,5,-1,9|0|9|9|9|0|9|0|0|0
49187,9,False,9,10,8,8|8|8|8|8|8|8|8|8|8
49192,9,False,9,3,9,9|9|8|8|9|8|9|9|9|9
49197,9,False,9,10,8,8|8|8|8|8|8|8|8|8|8
49208,9,False,9,5,-1,8|8|9|9|8|9|9|8|9|8
49212,9,False,9,10,0,0|0|0|8|0|0|0|0|0|0
49226,9,False,9,10,8,8|8|8|8|8|8|8|8|8|8
49232,9,False,9,0,9,9|9|9|9|9|9|9|9|9|9
49233,9,False,9,10,8,8|8|8|8|8|8|8|8|8|8
49234,9,False,9,0,9,9|9|9|9|9|9|9|9|9|9
49236,9,False,9,0,9,9|9|9|9|9|9|9|9|9|9
49237,9,False,9,1,9,9|9|8|9|9|9|9|9|9|9
49240,9,False,9,1,9,9|9|8|9|9|9|9|9|9|9
49258,9,False,9,0,9,9|9|9|9|9|9|9|9|9|9
49265,9,False,9,0,9,9|9|9|9|9|9|9|9|9|9
49278,9,False,9,10,0,8|0|0|0|0|0|0|8|0|0
49294,9,False,9,7,8,8|8|9|8|8|9|9|8|8|8
49303,9,False,9,6,8,9|8|9|8|8|8|8|9|8|9
49309,9,False,9,0,9,9|9|9|9|9|9|9|9|9|9
49318,9,False,9,9,0,0|0|9|0|0|0|0|0|0|0
49334,9,False,9,7,3,3|9|2|3|8|3|3|2|9|9
49346,9,False,9,0,9,9|9|9|9|9|9|9|9|9|9
49348,9,False,9,1,9,9|0|9|9|9|9|9|9|9|9
49349,9,False,9,1,9,9|9|8|9|9|9|9|9|9|9
49353,9,False,9,2,9,0|9|9|8|9|9|9|9|9|9
49361,9,False,9,0,9,9|9|9|9|9|9|9|9|9|9
49362,9,False,9,0,9,9|9|9|9|9|9|9|9|9|9
49377,9,False,9,0,9,9|9|9|9|9|9|9|9|9|9
49378,9,False,9,10,8,8|8|8|8|8|8|8|8|8|8
49382,9,False,9,0,9,9|9|9|9|9|9|9|9|9|9
49386,9,False,9,0,9,9|9|9|9|9|9|9|9|9|9
49388,9,False,9,0,9,9|9|9|9|9|9|9|9|9|9
49414,9,False,9,0,9,9|9|9|9|9|9|9|9|9|9
49438,9,False,9,0,9,9|9|9|9|9|9|9|9|9|9
49442,9,False,9,0,9,9|9|9|9|9|9|9|9|9|9
49447,9,False,9,1,9,9|9|9|0|9|9|9|9|9|9
49453,9,False,9,8,8,8|8|0|8|8|9|9|8|8|8
49457,9,False,9,10,8,8|8|8|8|8|8|8|8|8|8
49471,9,False,9,0,9,9|9|9|9|9|9|9|9|9|9
49478,9,False,9,0,9,9|9|9|9|9|9|9|9|9|9
49481,9,False,9,0,9,9|9|9|9|9|9|9|9|9|9
49504,9,False,9,3,9,9|9|9|8|8|9|9|9|9|8
49523,9,False,9,9,8,8|8|8|8|8|8|8|9|8|8
49536,9,False,9,3,9,8|8|9|9|9|9|9|9|9|8
49542,9,False,9,0,9,9|9|9|9|9|9|9|9|9|9
49548,9,False,9,3,9,8|8|9|9|9|9|8|9|9|9
49550,9,False,9,0,9,9|9|9|9|9|9|9|9|9|9
49556,9,False,9,0,9,9|9|9|9|9|9|9|9|9|9
49572,9,False,9,0,9,9|9|9|9|9|9|9|9|9|9
49573,9,False,9,0,9,9|9|9|9|9|9|9|9|9|9
49592,9,False,9,10,8,8|8|8|8|8|8|8|8|8|8
49595,9,False,9,0,9,9|9|9|9|9|9|9|9|9|9
49596,9,False,9,0,9,9|9|9|9|9|9|9|9|9|9
49623,9,False,9,8,8,8|8|9|9|8|8|8|8|8|8
49625,9,False,9,0,9,9|9|9|9|9|9|9|9|9|9
49648,9,False,9,0,9,9|9|9|9|9|9|9|9|9|9
49649,9,False,9,0,9,9|9|9|9|9|9|9|9|9|9
49650,9,False,9,9,8,8|8|8|8|8|9|8|8|8|8
49670,9,False,9,1,9,9|9|9|9|8|9|9|9|9|9
49674,9,False,9,0,9,9|9|9|9|9|9|9|9|9|9
49676,9,False,9,0,9,9|9|9|9|9|9|9|9|9|9
49683,9,False,9,7,8,9|9|8|8|8|8|8|8|9|8
49688,9,False,9,0,9,9|9|9|9|9|9|9|9|9|9
49691,9,False,9,2,9,8|9|8|9|9|9|9|9|9|9
49701,9,False,9,0,9,9|9|9|9|9|9|9|9|9|9
49734,9,False,9,0,9,9|9|9|9|9|9|9|9|9|9
49751,9,False,9,6,8,8|8|8|8|9|8|8|9|9|9
49752,9,False,9,0,9,9|9|9|9|9|9|9|9|9|9
49774,9,False,9,0,9,9|9|9|9|9|9|9|9|9|9
49784,9,False,9,0,9,9|9|9|9|9|9|9|9|9|9
49786,9,False,9,0,9,9|9|9|9|9|9|9|9|9|9
49792,9,False,9,0,9,9|9|9|9|9|9|9|9|9|9
49798,9,False,9,0,9,9|9|9|9|9|9|9|9|9|9
49812,9,False,9,3,9,9|9|9|8|9|8|8|9|9|9
49816,9,False,9,0,9,9|9|9|9|9|9|9|9|9|9
49817,9,False,9,0,9,9|9|9|9|9|9|9|9|9|9
49852,9,False,9,2,9,9|9|9|9|9|9|8|8|9|9
49853,9,False,9,3,9,9|9|8|8|8|9|9|9|9|9
49859,9,False,9,7,0,0|0|9|9|0|0|0|0|0|9
49873,9,False,9,1,9,9|9|9|9|9|8|9|9|9|9
49880,9,False,9,2,9,8|9|9|9|0|9|9|9|9|9
49894,9,False,9,3,9,9|9|8|9|8|9|9|9|9|0
49899,9,False,9,2,9,9|9|9|9|9|9|9|8|8|9
49902,9,False,9,0,9,9|9|9|9|9|9|9|9|9|9
49903,9,False,9,8,0,0|8|0|1|0|0|9|9|8|8
49906,9,False,9,6,8,8|8|9|9|9|9|8|8|8|8
49908,9,False,9,0,9,9|9|9|9|9|9|9|9|9|9
49910,9,False,9,10,8,8|8|8|8|8|8|8|8|8|8
49911,9,False,9,10,3,3|3|3|3|3|3|3|3|3|3
49935,9,False,9,0,9,9|9|9|9|9|9|9|9|9|9
49936,9,False,9,3,9,8|8|9|9|9|9|9|8|9|9
49940,9,False,9,0,9,9|9|9|9|9|9|9|9|9|9
49950,9,False,9,2,9,9|9|9|8|9|9|9|8|9|9
49959,9,False,9,7,8,8|8|8|0|8|9|8|9|9|8
49965,9,False,9,1,9,9|9|9|9|9|9|8|9|9|9
49966,9,False,9,0,9,9|9|9|9|9|9|9|9|9|9
49969,9,False,9,0,9,9|9|9|9|9|9|9|9|9|9
49979,9,False,9,3,9,9|9|8|8|9|8|9|9|9|9
49988,9,False,9,0,9,9|9|9|9|9|9|9|9|9|9
49997,9,False,9,0,9,9|9|9|9|9|9|9|9|9|9
