index,noisy_label,is_noisy,real_label,mistakes,label_pred,preds
1,0,False,0,2,0,0|0|0|0|0|0|9|0|9|0
10,0,False,0,0,0,0|0|0|0|0|0|0|0|0|0
49,0,False,0,0,0,0|0|0|0|0|0|0|0|0|0
53,0,False,0,0,0,0|0|0|0|0|0|0|0|0|0
56,0,False,0,0,0,0|0|0|0|0|0|0|0|0|0
57,0,False,0,6,8,8|8|8|0|8|8|0|0|8|0
61,0,False,0,2,0,0|0|1|0|1|0|0|0|0|0
66,0,False,0,0,0,0|0|0|0|0|0|0|0|0|0
79,0,False,0,10,9,9|9|9|9|9|9|9|9|9|9
80,0,False,0,1,0,0|0|0|0|0|0|0|1|0|0
96,0,False,0,0,0,0|0|0|0|0|0|0|0|0|0
112,0,False,0,3,0,0|0|0|0|0|3|3|0|0|3
130,0,False,0,0,0,0|0|0|0|0|0|0|0|0|0
149,0,False,0,0,0,0|0|0|0|0|0|0|0|0|0
158,0,False,0,2,0,0|2|0|0|0|0|0|2|0|0
207,0,False,0,8,1,0|1|1|1|2|1|1|0|1|1
208,0,False,0,0,0,0|0|0|0|0|0|0|0|0|0
209,0,False,0,3,0,0|2|0|3|0|0|6|0|0|0
218,0,False,0,4,0,0|0|5|5|0|5|0|0|8|0
230,0,False,0,1,0,0|0|0|0|0|8|0|0|0|0
237,0,False,0,0,0,0|0|0|0|0|0|0|0|0|0
244,0,False,0,9,4,2|2|4|4|4|4|0|4|4|4
275,0,False,0,0,0,0|0|0|0|0|0|0|0|0|0
278,0,False,0,0,0,0|0|0|0|0|0|0|0|0|0
289,0,False,0,0,0,0|0|0|0|0|0|0|0|0|0
296,0,False,0,9,6,6|6|9|0|6|6|6|6|9|6
309,0,False,0,0,0,0|0|0|0|0|0|0|0|0|0
314,0,False,0,6,-1,0|0|0|2|0|1|3|3|3|3
315,0,False,0,1,0,0|0|2|0|0|0|0|0|0|0
324,0,False,0,0,0,0|0|0|0|0|0|0|0|0|0
330,0,False,0,0,0,0|0|0|0|0|0|0|0|0|0
341,0,False,0,0,0,0|0|0|0|0|0|0|0|0|0
364,0,False,0,8,8,8|8|8|8|0|8|9|8|0|8
393,0,False,0,0,0,0|0|0|0|0|0|0|0|0|0
408,0,False,0,0,0,0|0|0|0|0|0|0|0|0|0
412,0,False,0,10,1,1|1|1|1|1|1|1|1|1|1
425,0,False,0,9,4,4|0|4|8|4|5|4|5|4|4
434,0,False,0,8,1,0|0|1|1|1|1|1|1|1|1
439,0,False,0,4,0,5|0|6|0|2|0|2|0|0|0
441,0,False,0,0,0,0|0|0|0|0|0|0|0|0|0
442,0,False,0,0,0,0|0|0|0|0|0|0|0|0|0
444,0,False,0,4,0,0|0|2|0|6|6|0|0|0|6
458,0,False,0,1,0,0|0|2|0|0|0|0|0|0|0
466,0,False,0,10,1,1|1|1|1|1|1|1|1|1|1
484,0,False,0,0,0,0|0|0|0|0|0|0|0|0|0
522,0,False,0,0,0,0|0|0|0|0|0|0|0|0|0
525,0,False,0,7,2,2|2|2|0|3|0|2|0|2|2
555,0,False,0,9,1,1|1|1|1|1|1|0|1|1|1
556,0,False,0,0,0,0|0|0|0|0|0|0|0|0|0
568,0,False,0,0,0,0|0|0|0|0|0|0|0|0|0
577,0,False,0,0,0,0|0|0|0|0|0|0|0|0|0
589,0,False,0,10,1,1|1|1|1|1|1|1|1|1|1
599,0,False,0,3,0,0|0|0|0|0|8|0|2|0|1
603,0,False,0,2,0,0|0|1|0|0|0|0|0|1|0
604,0,False,0,0,0,0|0|0|0|0|0|0|0|0|0
606,0,False,0,4,0,7|0|7|0|7|7|0|0|0|0
613,0,False,0,9,4,1|0|4|3|2|5|5|4|4|2
628,0,False,0,6,0,9|0|8|7|7|0|7|0|0|8
629,0,False,0,10,2,2|2|2|2|5|2|2|3|2|3
645,0,False,0,0,0,0|0|0|0|0|0|0|0|0|0
648,0,False,0,10,1,1|1|1|1|1|1|1|1|1|1
650,0,False,0,0,0,0|0|0|0|0|0|0|0|0|0
655,0,False,0,0,0,0|0|0|0|0|0|0|0|0|0
710,0,False,0,1,0,0|0|0|0|0|0|0|4|0|0
712,0,False,0,2,0,0|0|2|3|0|0|0|0|0|0
718,0,False,0,0,0,0|0|0|0|0|0|0|0|0|0
726,0,False,0,0,0,0|0|0|0|0|0|0|0|0|0
742,0,False,0,0,0,0|0|0|0|0|0|0|0|0|0
758,0,False,0,4,0,1|1|0|1|0|0|0|0|0|1
776,0,False,0,10,3,3|3|1|3|5|1|3|3|3|5
778,0,False,0,2,0,0|0|0|0|1|0|0|1|0|0
781,0,False,0,0,0,0|0|0|0|0|0|0|0|0|0
791,0,False,0,5,0,8|0|0|0|0|8|8|0|9|8
798,0,False,0,5,0,0|8|2|3|3|0|8|0|0|0
817,0,False,0,0,0,0|0|0|0|0|0|0|0|0|0
822,0,False,0,1,0,3|0|0|0|0|0|0|0|0|0
834,0,False,0,8,3,2|3|1|0|3|3|0|3|3|3
854,0,False,0,0,0,0|0|0|0|0|0|0|0|0|0
861,0,False,0,7,9,9|9|9|0|9|9|0|0|9|9
869,0,False,0,0,0,0|0|0|0|0|0|0|0|0|0
878,0,False,0,3,0,6|0|0|0|0|3|0|2|0|0
880,0,False,0,0,0,0|0|0|0|0|0|0|0|0|0
886,0,False,0,9,1,1|1|1|1|1|1|0|1|1|1
889,0,False,0,0,0,0|0|0|0|0|0|0|0|0|0
890,0,False,0,0,0,0|0|0|0|0|0|0|0|0|0
894,0,False,0,0,0,0|0|0|0|0|0|0|0|0|0
896,0,False,0,1,0,0|0|0|0|0|0|0|0|9|0
902,0,False,0,5,0,0|2|9|0|2|0|9|0|2|0
936,0,False,0,1,0,0|0|0|0|2|0|0|0|0|0
944,0,False,0,0,0,0|0|0|0|0|0|0|0|0|0
950,0,False,0,9,9,9|9|9|9|9|8|9|0|9|9
957,0,False,0,10,-1,5|3|5|2|5|2|2|5|2|4
975,0,False,0,0,0,0|0|0|0|0|0|0|0|0|0
994,0,False,0,3,0,0|0|2|0|2|2|0|0|0|0
995,0,False,0,2,0,4|0|0|4|0|0|0|0|0|0
998,0,False,0,0,0,0|0|0|0|0|0|0|0|0|0
1001,0,False,0,0,0,0|0|0|0|0|0|0|0|0|0
1016,0,False,0,10,6,6|6|6|6|6|6|6|6|6|6
1017,0,False,0,4,0,0|0|0|3|0|3|2|0|0|2
1041,0,False,0,6,1,0|1|1|1|0|0|1|0|1|1
1046,0,False,0,0,0,0|0|0|0|0|0|0|0|0|0
1066,0,False,0,0,0,0|0|0|0|0|0|0|0|0|0
1077,0,False,0,0,0,0|0|0|0|0|0|0|0|0|0
1082,0,False,0,0,0,0|0|0|0|0|0|0|0|0|0
1090,0,False,0,0,0,0|0|0|0|0|0|0|0|0|0
1094,0,False,0,1,0,0|0|9|0|0|0|0|0|0|0
1098,0,False,0,4,0,0|3|0|0|0|3|0|3|3|0
1137,0,False,0,9,6,6|0|6|6|7|9|6|9|9|6
1146,0,False,0,10,1,1|1|1|1|1|1|1|1|3|3
1147,0,False,0,0,0,0|0|0|0|0|0|0|0|0|0
1162,0,False,0,10,3,3|3|2|3|3|3|3|3|2|3
1173,0,False,0,0,0,0|0|0|0|0|0|0|0|0|0
1175,0,False,0,0,0,0|0|0|0|0|0|0|0|0|0
1182,0,False,0,8,3,3|0|3|3|3|3|0|3|3|4
1202,0,False,0,1,0,0|0|0|0|8|0|0|0|0|0
1203,0,False,0,10,2,2|2|2|2|2|2|2|2|2|2
1207,0,False,0,0,0,0|0|0|0|0|0|0|0|0|0
1218,0,False,0,6,6,6|0|6|6|6|0|0|0|7|6
1264,0,False,0,10,8,8|8|9|8|8|8|8|8|8|8
1269,0,False,0,0,0,0|0|0|0|0|0|0|0|0|0
1272,0,False,0,3,0,0|1|0|0|0|0|0|0|2|2
1275,0,False,0,6,1,0|1|0|1|0|1|0|1|2|1
1276,0,False,0,1,0,0|9|0|0|0|0|0|0|0|0
1283,0,False,0,5,0,0|6|6|0|3|3|0|0|6|0
1285,0,False,0,3,0,0|0|4|5|0|0|0|0|2|0
1295,0,False,0,1,0,0|0|0|0|0|5|0|0|0|0
1301,0,False,0,0,0,0|0|0|0|0|0|0|0|0|0
1305,0,False,0,0,0,0|0|0|0|0|0|0|0|0|0
1317,0,False,0,10,1,1|1|1|1|1|1|1|1|1|1
1320,0,False,0,0,0,0|0|0|0|0|0|0|0|0|0
1324,0,False,0,0,0,0|0|0|0|0|0|0|0|0|0
1325,0,False,0,0,0,0|0|0|0|0|0|0|0|0|0
1327,0,False,0,0,0,0|0|0|0|0|0|0|0|0|0
1352,0,False,0,0,0,0|0|0|0|0|0|0|0|0|0
1359,0,False,0,4,0,8|8|0|9|0|0|0|0|9|0
1360,0,False,0,1,0,0|0|0|0|8|0|0|0|0|0
1366,0,False,0,0,0,0|0|0|0|0|0|0|0|0|0
1371,0,False,0,0,0,0|0|0|0|0|0|0|0|0|0
1376,0,False,0,0,0,0|0|0|0|0|0|0|0|0|0
1377,0,False,0,0,0,0|0|0|0|0|0|0|0|0|0
1383,0,False,0,10,4,4|1|4|1|4|4|5|4|1|4
1415,0,False,0,0,0,0|0|0|0|0|0|0|0|0|0
1417,0,False,0,2,0,0|0|2|0|2|0|0|0|0|0
1419,0,False,0,0,0,0|0|0|0|0|0|0|0|0|0
1425,0,False,0,0,0,0|0|0|0|0|0|0|0|0|0
1441,0,False,0,0,0,0|0|0|0|0|0|0|0|0|0
1453,0,False,0,0,0,0|0|0|0|0|0|0|0|0|0
1456,0,False,0,2,0,0|0|0|0|0|2|6|0|0|0
1473,0,False,0,0,0,0|0|0|0|0|0|0|0|0|0
1475,0,False,0,1,0,0|0|0|0|0|0|0|9|0|0
1478,0,False,0,1,0,0|0|0|0|0|0|8|0|0|0
1480,0,False,0,0,0,0|0|0|0|0|0|0|0|0|0
1485,0,False,0,10,1,1|1|1|1|1|1|3|1|1|1
1510,0,False,0,0,0,0|0|0|0|0|0|0|0|0|0
1516,0,False,0,1,0,0|0|2|0|0|0|0|0|0|0
1517,0,False,0,10,9,9|9|9|9|9|9|9|9|9|9
1518,0,False,0,3,0,0|0|0|1|0|1|0|0|1|0
1528,0,False,0,0,0,0|0|0|0|0|0|0|0|0|0
1534,0,False,0,0,0,0|0|0|0|0|0|0|0|0|0
1540,0,False,0,4,0,0|5|0|8|0|5|8|0|0|0
1542,0,False,0,3,0,0|0|2|0|0|2|0|8|0|0
1545,0,False,0,10,2,2|2|2|2|2|2|2|2|2|2
1572,0,False,0,4,0,1|0|1|5|0|5|0|0|0|0
1573,0,False,0,0,0,0|0|0|0|0|0|0|0|0|0
1585,0,False,0,0,0,0|0|0|0|0|0|0|0|0|0
1630,0,False,0,0,0,0|0|0|0|0|0|0|0|0|0
1640,0,False,0,7,-1,0|0|9|9|8|9|8|2|8|0
1667,0,False,0,4,0,0|0|0|0|9|9|0|9|9|0
1681,0,False,0,7,8,8|0|8|9|8|8|0|8|9|0
1699,0,False,0,0,0,0|0|0|0|0|0|0|0|0|0
1704,0,False,0,0,0,0|0|0|0|0|0|0|0|0|0
1715,0,False,0,0,0,0|0|0|0|0|0|0|0|0|0
1718,0,False,0,4,0,0|0|0|0|0|2|6|5|2|0
1719,0,False,0,0,0,0|0|0|0|0|0|0|0|0|0
1765,0,False,0,2,0,0|0|0|1|0|0|0|0|0|1
1767,0,False,0,2,0,1|0|1|0|0|0|0|0|0|0
1777,0,False,0,9,1,1|0|1|1|1|1|1|1|1|1
1788,0,False,0,2,0,0|0|0|0|6|0|0|0|0|6
1794,0,False,0,0,0,0|0|0|0|0|0|0|0|0|0
1796,0,False,0,10,7,7|7|7|7|7|7|7|7|7|7
1812,0,False,0,9,9,0|9|6|9|9|8|8|9|9|9
1818,0,False,0,0,0,0|0|0|0|0|0|0|0|0|0
1825,0,False,0,7,2,2|2|2|0|2|2|2|0|2|0
1830,0,False,0,10,1,1|1|3|1|3|1|1|1|1|1
1833,0,False,0,4,0,0|0|3|0|0|3|0|0|2|2
1838,0,False,0,8,1,1|1|2|1|0|1|1|2|2|0
1844,0,False,0,0,0,0|0|0|0|0|0|0|0|0|0
1866,0,False,0,0,0,0|0|0|0|0|0|0|0|0|0
1869,0,False,0,10,9,9|8|8|9|9|8|9|9|8|9
1870,0,False,0,0,0,0|0|0|0|0|0|0|0|0|0
1907,0,False,0,4,0,0|2|0|0|7|0|7|0|0|7
1920,0,False,0,0,0,0|0|0|0|0|0|0|0|0|0
1945,0,False,0,0,0,0|0|0|0|0|0|0|0|0|0
1957,0,False,0,3,0,0|8|0|0|8|8|0|0|0|0
1960,0,False,0,0,0,0|0|0|0|0|0|0|0|0|0
1961,0,False,0,0,0,0|0|0|0|0|0|0|0|0|0
1970,0,False,0,0,0,0|0|0|0|0|0|0|0|0|0
1980,0,False,0,1,0,0|0|0|0|0|0|9|0|0|0
1990,0,False,0,0,0,0|0|0|0|0|0|0|0|0|0
2007,0,False,0,0,0,0|0|0|0|0|0|0|0|0|0
2016,0,False,0,0,0,0|0|0|0|0|0|0|0|0|0
2019,0,False,0,0,0,0|0|0|0|0|0|0|0|0|0
2029,0,False,0,0,0,0|0|0|0|0|0|0|0|0|0
2032,0,False,0,8,1,1|1|0|1|1|0|1|1|1|1
2070,0,False,0,0,0,0|0|0|0|0|0|0|0|0|0
2084,0,False,0,5,0,0|2|0|9|0|3|6|9|0|0
2088,0,False,0,0,0,0|0|0|0|0|0|0|0|0|0
2111,0,False,0,1,0,0|0|0|0|0|0|3|0|0|0
2116,0,False,0,0,0,0|0|0|0|0|0|0|0|0|0
2118,0,False,0,0,0,0|0|0|0|0|0|0|0|0|0
2119,0,False,0,0,0,0|0|0|0|0|0|0|0|0|0
2120,0,False,0,9,1,1|3|2|1|1|0|1|1|2|2
2121,0,False,0,1,0,0|0|0|0|0|0|0|0|0|1
2127,0,False,0,8,2,2|0|2|1|2|2|1|0|2|1
2128,0,False,0,0,0,0|0|0|0|0|0|0|0|0|0
2136,0,False,0,10,1,1|1|1|1|1|1|1|1|1|1
2137,0,False,0,10,3,3|2|3|3|3|2|2|2|3|3
2140,0,False,0,0,0,0|0|0|0|0|0|0|0|0|0
2142,0,False,0,0,0,0|0|0|0|0|0|0|0|0|0
2158,0,False,0,0,0,0|0|0|0|0|0|0|0|0|0
2159,0,False,0,10,8,8|8|8|8|8|8|8|8|8|8
2161,0,False,0,4,0,0|0|9|0|0|9|0|9|9|0
2175,0,False,0,9,-1,2|1|1|0|3|2|1|1|2|2
2207,0,False,0,0,0,0|0|0|0|0|0|0|0|0|0
2225,0,False,0,10,9,9|9|9|8|9|8|9|9|9|8
2234,0,False,0,10,-1,9|8|9|8|8|8|9|9|8|9
2259,0,False,0,10,1,1|1|1|1|1|1|1|1|1|1
2282,0,False,0,9,5,5|5|5|5|5|5|5|5|0|5
2283,0,False,0,0,0,0|0|0|0|0|0|0|0|0|0
2291,0,False,0,2,0,8|0|0|0|0|0|0|0|4|0
2296,0,False,0,0,0,0|0|0|0|0|0|0|0|0|0
2306,0,False,0,6,8,0|8|8|0|8|0|8|8|8|0
2307,0,False,0,7,2,2|2|2|2|2|2|0|0|2|0
2328,0,False,0,10,2,2|2|2|2|2|2|2|2|2|2
2331,0,False,0,10,-1,3|2|3|2|2|2|2|3|3|3
2332,0,False,0,10,1,4|1|3|1|1|3|2|1|2|1
2335,0,False,0,1,0,0|0|0|0|0|0|1|0|0|0
2339,0,False,0,0,0,0|0|0|0|0|0|0|0|0|0
2342,0,False,0,7,9,9|9|9|9|9|9|0|0|8|0
2348,0,False,0,2,0,0|0|0|0|0|2|0|1|0|0
2350,0,False,0,5,0,0|0|0|9|8|0|9|0|8|8
2380,0,False,0,2,0,0|0|2|0|0|0|0|0|2|0
2386,0,False,0,2,0,0|0|0|0|8|0|0|0|8|0
2396,0,False,0,9,2,2|2|2|3|2|2|2|3|3|0
2421,0,False,0,10,1,1|1|1|1|1|1|1|1|1|1
2430,0,False,0,9,2,2|2|5|2|2|5|2|3|2|0
2466,0,False,0,10,4,4|2|2|4|4|2|1|4|4|4
2480,0,False,0,0,0,0|0|0|0|0|0|0|0|0|0
2500,0,False,0,3,0,0|0|2|2|2|0|0|0|0|0
2501,0,False,0,0,0,0|0|0|0|0|0|0|0|0|0
2515,0,False,0,0,0,0|0|0|0|0|0|0|0|0|0
2517,0,False,0,0,0,0|0|0|0|0|0|0|0|0|0
2525,0,False,0,4,0,9|0|0|9|9|0|0|0|0|2
2543,0,False,0,0,0,0|0|0|0|0|0|0|0|0|0
2545,0,False,0,0,0,0|0|0|0|0|0|0|0|0|0
2547,0,False,0,10,3,3|3|3|3|3|3|3|3|3|3
2553,0,False,0,0,0,0|0|0|0|0|0|0|0|0|0
2557,0,False,0,6,0,8|8|9|9|0|8|0|9|0|0
2565,0,False,0,0,0,0|0|0|0|0|0|0|0|0|0
2597,0,False,0,0,0,0|0|0|0|0|0|0|0|0|0
2616,0,False,0,0,0,0|0|0|0|0|0|0|0|0|0
2621,0,False,0,0,0,0|0|0|0|0|0|0|0|0|0
2623,0,False,0,0,0,0|0|0|0|0|0|0|0|0|0
2629,0,False,0,1,0,0|0|0|0|0|0|1|0|0|0
2642,0,False,0,7,5,5|0|5|5|0|5|5|0|5|1
2655,0,False,0,10,1,4|1|1|1|1|1|4|1|1|4
2662,0,False,0,4,0,0|0|0|8|8|0|8|8|0|0
2673,0,False,0,7,-1,5|4|0|4|6|0|6|6|5|0
2705,0,False,0,4,0,0|0|9|0|9|0|0|9|9|0
2713,0,False,0,4,0,0|0|2|3|0|0|0|0|3|3
2747,0,False,0,1,0,0|0|0|0|0|0|3|0|0|0
2755,0,False,0,1,0,0|0|0|0|0|0|2|0|0|0
2757,0,False,0,10,9,9|9|9|9|9|9|9|9|9|9
2774,0,False,0,7,8,8|8|8|0|8|2|0|1|2|0
2776,0,False,0,9,6,6|6|6|0|6|3|6|2|2|6
2779,0,False,0,1,0,0|0|0|9|0|0|0|0|0|0
2784,0,False,0,2,0,0|0|0|2|8|0|0|0|0|0
2799,0,False,0,0,0,0|0|0|0|0|0|0|0|0|0
2802,0,False,0,1,0,0|0|2|0|0|0|0|0|0|0
2808,0,False,0,0,0,0|0|0|0|0|0|0|0|0|0
2810,0,False,0,1,0,1|0|0|0|0|0|0|0|0|0
2832,0,False,0,6,8,8|8|0|8|8|0|8|0|8|0
2837,0,False,0,5,0,0|0|0|3|3|2|0|0|2|3
2839,0,False,0,2,0,0|0|2|0|2|0|0|0|0|0
2853,0,False,0,0,0,0|0|0|0|0|0|0|0|0|0
2866,0,False,0,0,0,0|0|0|0|0|0|0|0|0|0
2876,0,False,0,4,0,9|0|0|0|9|9|0|0|9|0
2881,0,False,0,2,0,3|0|3|0|0|0|0|0|0|0
2886,0,False,0,8,8,8|0|9|8|8|8|0|9|8|8
2899,0,False,0,7,-1,0|1|2|5|0|5|5|2|1|0
2904,0,False,0,0,0,0|0|0|0|0|0|0|0|0|0
2927,0,False,0,6,8,8|0|8|0|8|0|8|0|8|2
2938,0,False,0,0,0,0|0|0|0|0|0|0|0|0|0
2951,0,False,0,0,0,0|0|0|0|0|0|0|0|0|0
2957,0,False,0,10,-1,8|9|8|9|8|9|8|9|9|8
2969,0,False,0,1,0,0|0|0|0|9|0|0|0|0|0
2981,0,False,0,0,0,0|0|0|0|0|0|0|0|0|0
2994,0,False,0,10,6,6|6|6|6|6|6|6|6|6|6
3016,0,False,0,7,2,2|2|2|0|2|2|2|0|0|2
3028,0,False,0,2,0,1|0|0|1|0|0|0|0|0|0
3051,0,False,0,10,4,4|4|4|4|4|4|4|4|6|4
3090,0,False,0,4,0,8|8|0|8|0|0|0|8|0|0
3097,0,False,0,10,1,1|1|1|1|1|1|1|1|1|1
3102,0,False,0,0,0,0|0|0|0|0|0|0|0|0|0
3105,0,False,0,4,0,0|0|0|0|1|8|0|1|8|0
3116,0,False,0,0,0,0|0|0|0|0|0|0|0|0|0
3122,0,False,0,2,0,9|0|0|0|9|0|0|0|0|0
3155,0,False,0,0,0,0|0|0|0|0|0|0|0|0|0
3179,0,False,0,1,0,0|0|0|0|1|0|0|0|0|0
3180,0,False,0,0,0,0|0|0|0|0|0|0|0|0|0
3186,0,False,0,0,0,0|0|0|0|0|0|0|0|0|0
3208,0,False,0,7,1,0|0|0|1|3|2|1|1|2|1
3209,0,False,0,1,0,0|0|2|0|0|0|0|0|0|0
3211,0,False,0,0,0,0|0|0|0|0|0|0|0|0|0
3218,0,False,0,0,0,0|0|0|0|0|0|0|0|0|0
3242,0,False,0,0,0,0|0|0|0|0|0|0|0|0|0
3245,0,False,0,8,-1,0|4|6|4|1|1|0|5|4|1
3249,0,False,0,1,0,0|0|9|0|0|0|0|0|0|0
3261,0,False,0,0,0,0|0|0|0|0|0|0|0|0|0
3270,0,False,0,0,0,0|0|0|0|0|0|0|0|0|0
3272,0,False,0,1,0,0|0|0|0|0|0|0|0|0|3
3273,0,False,0,0,0,0|0|0|0|0|0|0|0|0|0
3280,0,False,0,0,0,0|0|0|0|0|0|0|0|0|0
3285,0,False,0,4,0,0|2|0|0|0|0|2|2|0|2
3289,0,False,0,0,0,0|0|0|0|0|0|0|0|0|0
3297,0,False,0,0,0,0|0|0|0|0|0|0|0|0|0
3301,0,False,0,0,0,0|0|0|0|0|0|0|0|0|0
3334,0,False,0,0,0,0|0|0|0|0|0|0|0|0|0
3351,0,False,0,0,0,0|0|0|0|0|0|0|0|0|0
3367,0,False,0,0,0,0|0|0|0|0|0|0|0|0|0
3388,0,False,0,1,0,0|0|8|0|0|0|0|0|0|0
3390,0,False,0,9,8,8|5|4|8|4|8|6|8|3|0
3400,0,False,0,8,8,8|0|8|8|8|8|9|8|8|0
3406,0,False,0,7,1,1|1|1|1|1|1|0|1|0|0
3408,0,False,0,0,0,0|0|0|0|0|0|0|0|0|0
3421,0,False,0,3,0,0|1|0|1|0|0|1|0|0|0
3422,0,False,0,1,0,0|0|0|0|0|0|0|1|0|0
3423,0,False,0,0,0,0|0|0|0|0|0|0|0|0|0
3428,0,False,0,9,2,2|8|2|0|2|2|2|2|2|2
3434,0,False,0,0,0,0|0|0|0|0|0|0|0|0|0
3437,0,False,0,1,0,0|0|0|0|0|0|0|0|9|0
3439,0,False,0,6,8,0|8|8|0|8|0|8|8|8|0
3478,0,False,0,1,0,0|0|0|0|0|2|0|0|0|0
3479,0,False,0,10,6,6|7|6|6|1|1|6|6|7|7
3505,0,False,0,2,0,2|0|2|0|0|0|0|0|0|0
3507,0,False,0,5,-1,8|8|0|8|0|8|0|0|8|0
3526,0,False,0,0,0,0|0|0|0|0|0|0|0|0|0
3529,0,False,0,1,0,0|0|0|0|0|0|0|0|0|1
3544,0,False,0,4,0,0|5|4|5|0|0|0|0|0|4
3565,0,False,0,0,0,0|0|0|0|0|0|0|0|0|0
3566,0,False,0,0,0,0|0|0|0|0|0|0|0|0|0
3573,0,False,0,10,8,8|8|8|8|8|8|8|8|8|8
3575,0,False,0,10,8,8|8|8|8|8|8|8|8|8|8
3592,0,False,0,10,3,4|3|3|3|3|3|2|3|3|1
3601,0,False,0,0,0,0|0|0|0|0|0|0|0|0|0
3610,0,False,0,6,0,0|0|2|0|8|2|8|0|3|8
3614,0,False,0,0,0,0|0|0|0|0|0|0|0|0|0
3656,0,False,0,0,0,0|0|0|0|0|0|0|0|0|0
3670,0,False,0,5,0,0|1|1|0|0|1|0|3|0|1
3674,0,False,0,2,0,4|0|0|0|8|0|0|0|0|0
3689,0,False,0,0,0,0|0|0|0|0|0|0|0|0|0
3691,0,False,0,4,0,0|9|0|5|0|0|5|0|0|5
3695,0,False,0,0,0,0|0|0|0|0|0|0|0|0|0
3706,0,False,0,0,0,0|0|0|0|0|0|0|0|0|0
3724,0,False,0,1,0,0|0|0|3|0|0|0|0|0|0
3739,0,False,0,1,0,0|0|0|8|0|0|0|0|0|0
3743,0,False,0,6,-1,0|0|2|2|9|9|2|0|0|2
3749,0,False,0,1,0,0|0|0|0|0|0|0|8|0|0
3756,0,False,0,0,0,0|0|0|0|0|0|0|0|0|0
3759,0,False,0,0,0,0|0|0|0|0|0|0|0|0|0
3781,0,False,0,9,9,9|8|9|9|9|9|0|2|8|9
3790,0,False,0,5,-1,2|2|0|2|2|0|0|0|0|2
3791,0,False,0,0,0,0|0|0|0|0|0|0|0|0|0
3797,0,False,0,0,0,0|0|0|0|0|0|0|0|0|0
3811,0,False,0,0,0,0|0|0|0|0|0|0|0|0|0
3820,0,False,0,1,0,0|0|0|5|0|0|0|0|0|0
3861,0,False,0,0,0,0|0|0|0|0|0|0|0|0|0
3864,0,False,0,0,0,0|0|0|0|0|0|0|0|0|0
3875,0,False,0,0,0,0|0|0|0|0|0|0|0|0|0
3895,0,False,0,1,0,0|0|2|0|0|0|0|0|0|0
3897,0,False,0,3,0,1|0|1|0|0|0|0|0|0|1
3909,0,False,0,0,0,0|0|0|0|0|0|0|0|0|0
3910,0,False,0,0,0,0|0|0|0|0|0|0|0|0|0
3925,0,False,0,0,0,0|0|0|0|0|0|0|0|0|0
3956,0,False,0,10,6,6|6|6|6|6|6|6|6|6|6
3962,0,False,0,0,0,0|0|0|0|0|0|0|0|0|0
3975,0,False,0,0,0,0|0|0|0|0|0|0|0|0|0
3979,0,False,0,0,0,0|0|0|0|0|0|0|0|0|0
3980,0,False,0,4,0,8|0|9|0|0|8|0|0|8|0
3982,0,False,0,8,8,8|8|8|8|8|8|0|8|8|0
3992,0,False,0,8,-1,1|6|4|0|6|1|6|0|7|1
3996,0,False,0,0,0,0|0|0|0|0|0|0|0|0|0
4011,0,False,0,0,0,0|0|0|0|0|0|0|0|0|0
4012,0,False,0,0,0,0|0|0|0|0|0|0|0|0|0
4013,0,False,0,0,0,0|0|0|0|0|0|0|0|0|0
4018,0,False,0,1,0,0|0|0|0|3|0|0|0|0|0
4024,0,False,0,10,2,2|1|2|2|2|1|2|2|2|2
4028,0,False,0,10,6,6|4|6|6|6|6|6|6|6|6
4050,0,False,0,0,0,0|0|0|0|0|0|0|0|0|0
4061,0,False,0,0,0,0|0|0|0|0|0|0|0|0|0
4068,0,False,0,0,0,0|0|0|0|0|0|0|0|0|0
4082,0,False,0,0,0,0|0|0|0|0|0|0|0|0|0
4083,0,False,0,0,0,0|0|0|0|0|0|0|0|0|0
4117,0,False,0,0,0,0|0|0|0|0|0|0|0|0|0
4124,0,False,0,0,0,0|0|0|0|0|0|0|0|0|0
4135,0,False,0,1,0,0|5|0|0|0|0|0|0|0|0
4151,0,False,0,0,0,0|0|0|0|0|0|0|0|0|0
4181,0,False,0,9,8,8|2|0|8|8|1|2|8|1|7
4183,0,False,0,1,0,0|0|0|0|0|0|0|0|1|0
4188,0,False,0,0,0,0|0|0|0|0|0|0|0|0|0
4191,0,False,0,0,0,0|0|0|0|0|0|0|0|0|0
4211,0,False,0,10,3,3|3|3|3|3|2|2|3|3|3
4212,0,False,0,0,0,0|0|0|0|0|0|0|0|0|0
4220,0,False,0,0,0,0|0|0|0|0|0|0|0|0|0
4226,0,False,0,0,0,0|0|0|0|0|0|0|0|0|0
4232,0,False,0,0,0,0|0|0|0|0|0|0|0|0|0
4238,0,False,0,0,0,0|0|0|0|0|0|0|0|0|0
4253,0,False,0,2,0,0|0|0|2|0|0|0|2|0|0
4276,0,False,0,8,8,8|8|8|8|8|8|8|0|0|8
4280,0,False,0,0,0,0|0|0|0|0|0|0|0|0|0
4308,0,False,0,0,0,0|0|0|0|0|0|0|0|0|0
4321,0,False,0,0,0,0|0|0|0|0|0|0|0|0|0
4375,0,False,0,6,0,2|8|0|9|0|2|9|9|0|0
4378,0,False,0,7,8,9|0|9|8|8|8|0|0|8|8
4402,0,False,0,4,0,0|2|0|5|0|0|0|2|0|2
4420,0,False,0,0,0,0|0|0|0|0|0|0|0|0|0
4445,0,False,0,0,0,0|0|0|0|0|0|0|0|0|0
4452,0,False,0,3,0,0|0|9|0|8|0|0|0|9|0
4454,0,False,0,7,9,8|0|9|0|8|8|9|9|0|9
4470,0,False,0,2,0,8|0|0|0|8|0|0|0|0|0
4473,0,False,0,0,0,0|0|0|0|0|0|0|0|0|0
4491,0,False,0,0,0,0|0|0|0|0|0|0|0|0|0
4493,0,False,0,2,0,0|6|0|0|0|6|0|0|0|0
4526,0,False,0,10,5,5|5|5|1|5|5|5|5|5|1
4541,0,False,0,0,0,0|0|0|0|0|0|0|0|0|0
4550,0,False,0,0,0,0|0|0|0|0|0|0|0|0|0
4553,0,False,0,0,0,0|0|0|0|0|0|0|0|0|0
4554,0,False,0,1,0,0|0|0|0|1|0|0|0|0|0
4556,0,False,0,0,0,0|0|0|0|0|0|0|0|0|0
4557,0,False,0,0,0,0|0|0|0|0|0|0|0|0|0
4563,0,False,0,0,0,0|0|0|0|0|0|0|0|0|0
4577,0,False,0,0,0,0|0|0|0|0|0|0|0|0|0
4578,0,False,0,0,0,0|0|0|0|0|0|0|0|0|0
4583,0,False,0,0,0,0|0|0|0|0|0|0|0|0|0
4590,0,False,0,0,0,0|0|0|0|0|0|0|0|0|0
4598,0,False,0,3,0,0|1|0|0|0|1|1|0|0|0
4606,0,False,0,1,0,0|0|0|0|0|0|0|0|3|0
4628,0,False,0,10,3,2|3|6|3|3|3|6|3|3|1
4632,0,False,0,0,0,0|0|0|0|0|0|0|0|0|0
4645,0,False,0,8,3,1|1|1|2|0|3|3|0|3|3
4665,0,False,0,0,0,0|0|0|0|0|0|0|0|0|0
4671,0,False,0,0,0,0|0|0|0|0|0|0|0|0|0
4672,0,False,0,0,0,0|0|0|0|0|0|0|0|0|0
4678,0,False,0,0,0,0|0|0|0|0|0|0|0|0|0
4679,0,False,0,4,0,0|8|2|2|0|0|0|3|0|0
4685,0,False,0,7,-1,0|1|1|1|7|7|7|9|0|0
4696,0,False,0,9,6,6|6|6|6|1|0|6|6|6|6
4700,0,False,0,0,0,0|0|0|0|0|0|0|0|0|0
4721,0,False,0,7,8,0|8|8|0|0|8|1|8|8|8
4725,0,False,0,9,6,6|6|6|6|6|6|6|0|6|6
4726,0,False,0,0,0,0|0|0|0|0|0|0|0|0|0
4728,0,False,0,0,0,0|0|0|0|0|0|0|0|0|0
4733,0,False,0,10,1,1|1|1|1|1|1|2|1|2|3
4736,0,False,0,0,0,0|0|0|0|0|0|0|0|0|0
4744,0,False,0,3,0,0|0|0|0|8|8|9|0|0|0
4747,0,False,0,7,9,9|9|9|0|7|5|0|9|0|8
4755,0,False,0,0,0,0|0|0|0|0|0|0|0|0|0
4760,0,False,0,0,0,0|0|0|0|0|0|0|0|0|0
4767,0,False,0,1,0,0|9|0|0|0|0|0|0|0|0
4777,0,False,0,4,0,0|0|3|0|2|3|0|2|0|0
4781,0,False,0,4,0,0|0|9|9|9|0|0|9|0|0
4799,0,False,0,6,-1,8|8|0|0|0|0|8|8|9|4
4811,0,False,0,0,0,0|0|0|0|0|0|0|0|0|0
4827,0,False,0,9,1,1|1|1|1|1|1|0|1|1|1
4837,0,False,0,8,9,9|9|9|9|9|9|0|0|9|9
4844,0,False,0,0,0,0|0|0|0|0|0|0|0|0|0
4848,0,False,0,0,0,0|0|0|0|0|0|0|0|0|0
4850,0,False,0,0,0,0|0|0|0|0|0|0|0|0|0
4852,0,False,0,0,0,0|0|0|0|0|0|0|0|0|0
4867,0,False,0,0,0,0|0|0|0|0|0|0|0|0|0
4868,0,False,0,0,0,0|0|0|0|0|0|0|0|0|0
4894,0,False,0,0,0,0|0|0|0|0|0|0|0|0|0
4900,0,False,0,2,0,0|0|8|0|0|8|0|0|0|0
4901,0,False,0,1,0,0|0|0|0|0|0|0|0|9|0
4937,0,False,0,9,2,2|2|0|2|2|2|2|2|2|2
4940,0,False,0,0,0,0|0|0|0|0|0|0|0|0|0
4941,0,False,0,8,-1,1|0|1|1|1|2|0|2|2|2
4953,0,False,0,0,0,0|0|0|0|0|0|0|0|0|0
4955,0,False,0,0,0,0|0|0|0|0|0|0|0|0|0
4960,0,False,0,0,0,0|0|0|0|0|0|0|0|0|0
4971,0,False,0,0,0,0|0|0|0|0|0|0|0|0|0
4976,0,False,0,7,2,2|0|2|2|2|2|6|2|0|0
5001,0,False,0,1,0,0|0|2|0|0|0|0|0|0|0
5045,0,False,0,0,0,0|0|0|0|0|0|0|0|0|0
5048,0,False,0,4,0,9|0|0|0|9|0|9|9|0|0
5056,0,False,0,0,0,0|0|0|0|0|0|0|0|0|0
5059,0,False,0,6,3,3|0|2|3|0|3|0|3|3|0
5060,0,False,0,10,3,3|3|1|3|3|3|3|3|3|3
5074,0,False,0,10,2,2|2|2|2|2|2|2|2|2|2
5075,0,False,0,0,0,0|0|0|0|0|0|0|0|0|0
5088,0,False,0,3,0,0|0|8|0|8|0|0|0|0|8
5100,0,False,0,0,0,0|0|0|0|0|0|0|0|0|0
5103,0,False,0,6,8,0|8|0|8|8|8|8|0|8|0
5107,0,False,0,10,7,3|6|1|7|7|7|1|7|7|7
5114,0,False,0,9,8,8|9|0|8|8|8|8|8|8|8
5120,0,False,0,0,0,0|0|0|0|0|0|0|0|0|0
5122,0,False,0,0,0,0|0|0|0|0|0|0|0|0|0
5124,0,False,0,10,1,2|1|1|1|1|1|1|3|1|1
5138,0,False,0,8,8,8|8|8|8|0|8|0|8|8|8
5144,0,False,0,1,0,0|0|0|0|0|0|9|0|0|0
5158,0,False,0,0,0,0|0|0|0|0|0|0|0|0|0
5162,0,False,0,0,0,0|0|0|0|0|0|0|0|0|0
5169,0,False,0,0,0,0|0|0|0|0|0|0|0|0|0
5177,0,False,0,0,0,0|0|0|0|0|0|0|0|0|0
5180,0,False,0,5,-1,0|8|8|8|0|8|8|0|0|0
5192,0,False,0,10,1,1|2|2|3|2|1|1|3|1|1
5210,0,False,0,9,1,1|1|1|1|1|1|1|1|1|0
5218,0,False,0,0,0,0|0|0|0|0|0|0|0|0|0
5222,0,False,0,8,1,1|1|1|1|0|1|0|1|1|1
5231,0,False,0,1,0,0|0|0|0|0|0|0|0|0|1
5249,0,False,0,3,0,0|0|0|0|0|5|7|0|0|4
5250,0,False,0,0,0,0|0|0|0|0|0|0|0|0|0
5253,0,False,0,0,0,0|0|0|0|0|0|0|0|0|0
5255,0,False,0,7,1,1|0|1|1|1|1|0|0|1|1
5271,0,False,0,4,0,0|8|0|9|0|0|0|0|7|8
5278,0,False,0,0,0,0|0|0|0|0|0|0|0|0|0
5285,0,False,0,2,0,3|0|1|0|0|0|0|0|0|0
5289,0,False,0,0,0,0|0|0|0|0|0|0|0|0|0
5296,0,False,0,0,0,0|0|0|0|0|0|0|0|0|0
5304,0,False,0,0,0,0|0|0|0|0|0|0|0|0|0
5315,0,False,0,0,0,0|0|0|0|0|0|0|0|0|0
5323,0,False,0,4,0,0|0|3|0|3|0|3|0|1|0
5326,0,False,0,8,8,8|7|8|8|9|0|8|8|8|0
5331,0,False,0,0,0,0|0|0|0|0|0|0|0|0|0
5349,0,False,0,1,0,0|3|0|0|0|0|0|0|0|0
5352,0,False,0,1,0,5|0|0|0|0|0|0|0|0|0
5353,0,False,0,10,8,8|8|8|8|8|8|4|5|8|8
5356,0,False,0,3,0,0|0|1|0|1|0|0|0|3|0
5365,0,False,0,2,0,7|0|0|0|3|0|0|0|0|0
5392,0,False,0,4,0,0|0|9|9|0|0|8|9|0|0
5393,0,False,0,8,5,5|0|5|5|5|4|1|5|5|0
5394,0,False,0,0,0,0|0|0|0|0|0|0|0|0|0
5413,0,False,0,0,0,0|0|0|0|0|0|0|0|0|0
5422,0,False,0,6,7,7|0|0|0|7|3|7|7|0|7
5447,0,False,0,10,8,8|9|8|9|8|8|9|8|8|9
5461,0,False,0,2,0,0|0|9|0|0|0|0|9|0|0
5483,1,False,1,1,1,1|1|1|1|1|0|1|1|1|1
5485,1,False,1,10,3,3|2|3|3|3|3|2|2|3|3
5498,1,False,1,5,1,2|3|3|1|2|3|1|1|1|1
5505,1,False,1,7,-1,3|2|2|1|1|5|1|4|4|4
5510,1,False,1,0,1,1|1|1|1|1|1|1|1|1|1
5529,1,False,1,3,1,1|2|1|2|1|1|1|1|2|1
5534,1,False,1,4,1,1|0|0|1|1|0|5|1|1|1
5543,1,False,1,10,2,2|2|2|3|3|2|2|3|2|2
5553,1,False,1,0,1,1|1|1|1|1|1|1|1|1|1
5560,1,False,1,10,0,0|0|0|0|0|0|0|0|0|0
5563,1,False,1,0,1,1|1|1|1|1|1|1|1|1|1
5569,1,False,1,10,5,5|5|5|5|5|5|5|5|5|5
5572,1,False,1,6,3,3|3|3|1|3|3|1|1|3|1
5575,1,False,1,10,0,0|0|0|0|0|0|0|0|0|0
5581,1,False,1,0,1,1|1|1|1|1|1|1|1|1|1
5584,1,False,1,6,-1,1|4|1|4|1|4|1|5|4|9
5587,1,False,1,10,0,0|0|0|0|0|0|0|0|0|0
5597,1,False,1,0,1,1|1|1|1|1|1|1|1|1|1
5600,1,False,1,10,5,5|5|5|5|5|5|5|5|5|5
5603,1,False,1,3,1,0|0|1|1|1|1|1|1|2|1
5613,1,False,1,6,0,1|1|1|0|0|0|0|1|0|0
5619,1,False,1,8,2,2|2|2|1|2|2|3|1|0|0
5626,1,False,1,1,1,1|1|1|1|1|2|1|1|1|1
5628,1,False,1,5,1,2|2|1|1|2|1|1|3|2|1
5647,1,False,1,5,1,7|1|5|1|1|1|7|1|7|7
5682,1,False,1,0,1,1|1|1|1|1|1|1|1|1|1
5688,1,False,1,2,1,4|1|1|1|1|1|1|1|5|1
5690,1,False,1,3,1,1|0|1|1|1|1|1|1|0|0
5692,1,False,1,10,5,5|5|5|5|5|5|5|5|5|5
5699,1,False,1,1,1,1|1|1|1|1|1|0|1|1|1
5701,1,False,1,3,1,0|1|1|1|0|1|0|1|1|1
5711,1,False,1,0,1,1|1|1|1|1|1|1|1|1|1
5738,1,False,1,0,1,1|1|1|1|1|1|1|1|1|1
5744,1,False,1,10,5,5|5|5|4|4|5|5|4|4|5
5756,1,False,1,0,1,1|1|1|1|1|1|1|1|1|1
5759,1,False,1,1,1,1|1|1|1|1|1|2|1|1|1
5764,1,False,1,6,4,1|4|4|4|1|4|4|4|1|1
5766,1,False,1,0,1,1|1|1|1|1|1|1|1|1|1
5771,1,False,1,0,1,1|1|1|1|1|1|1|1|1|1
5786,1,False,1,10,2,2|2|0|2|2|2|0|2|2|2
5833,1,False,1,10,4,8|8|0|0|4|5|0|4|4|4
5845,1,False,1,1,1,1|1|1|1|1|1|1|1|2|1
5847,1,False,1,0,1,1|1|1|1|1|1|1|1|1|1
5866,1,False,1,9,5,5|5|5|5|5|5|1|5|5|5
5868,1,False,1,0,1,1|1|1|1|1|1|1|1|1|1
5884,1,False,1,1,1,1|1|1|4|1|1|1|1|1|1
5890,1,False,1,8,2,1|2|2|2|2|2|8|2|2|1
5892,1,False,1,1,1,1|5|1|1|1|1|1|1|1|1
5896,1,False,1,8,0,1|0|1|4|0|0|0|0|0|0
5905,1,False,1,10,0,0|0|0|0|0|0|0|8|0|0
5913,1,False,1,0,1,1|1|1|1|1|1|1|1|1|1
5919,1,False,1,9,5,5|5|5|5|5|3|1|5|5|5
5927,1,False,1,3,1,4|1|2|1|1|1|1|1|5|1
5928,1,False,1,8,5,4|5|5|8|8|1|5|5|1|4
5933,1,False,1,9,0,0|0|0|0|0|0|0|1|0|0
5939,1,False,1,0,1,1|1|1|1|1|1|1|1|1|1
5956,1,False,1,0,1,1|1|1|1|1|1|1|1|1|1
5972,1,False,1,0,1,1|1|1|1|1|1|1|1|1|1
5976,1,False,1,0,1,1|1|1|1|1|1|1|1|1|1
5979,1,False,1,0,1,1|1|1|1|1|1|1|1|1|1
5985,1,False,1,1,1,1|1|1|1|1|1|1|1|2|1
6000,1,False,1,1,1,1|1|1|1|1|1|1|1|2|1
6040,1,False,1,0,1,1|1|1|1|1|1|1|1|1|1
6046,1,False,1,0,1,1|1|1|1|1|1|1|1|1|1
6065,1,False,1,4,1,1|0|0|1|1|1|1|0|0|1
6079,1,False,1,0,1,1|1|1|1|1|1|1|1|1|1
6088,1,False,1,0,1,1|1|1|1|1|1|1|1|1|1
6089,1,False,1,10,0,0|0|0|0|0|0|0|0|0|3
6092,1,False,1,0,1,1|1|1|1|1|1|1|1|1|1
6095,1,False,1,10,0,9|9|0|9|0|0|0|0|9|0
6113,1,False,1,0,1,1|1|1|1|1|1|1|1|1|1
6136,1,False,1,1,1,1|1|1|1|1|1|1|0|1|1
6139,1,False,1,1,1,1|1|1|1|1|1|1|1|2|1
6142,1,False,1,0,1,1|1|1|1|1|1|1|1|1|1
6144,1,False,1,1,1,4|1|1|1|1|1|1|1|1|1
6150,1,False,1,10,3,3|3|3|3|3|3|3|3|3|3
6153,1,False,1,0,1,1|1|1|1|1|1|1|1|1|1
6155,1,False,1,0,1,1|1|1|1|1|1|1|1|1|1
6176,1,False,1,0,1,1|1|1|1|1|1|1|1|1|1
6178,1,False,1,4,1,1|1|1|4|1|1|1|4|0|4
6191,1,False,1,0,1,1|1|1|1|1|1|1|1|1|1
6201,1,False,1,6,2,1|2|1|3|2|2|2|1|2|1
6203,1,False,1,0,1,1|1|1|1|1|1|1|1|1|1
6206,1,False,1,0,1,1|1|1|1|1|1|1|1|1|1
6210,1,False,1,3,1,1|1|1|1|1|5|1|5|5|1
6222,1,False,1,0,1,1|1|1|1|1|1|1|1|1|1
6230,1,False,1,1,1,1|1|1|1|1|4|1|1|1|1
6232,1,False,1,10,-1,2|8|5|2|5|5|0|5|2|2
6235,1,False,1,10,0,0|0|0|0|0|3|0|0|0|0
6245,1,False,1,0,1,1|1|1|1|1|1|1|1|1|1
6256,1,False,1,0,1,1|1|1|1|1|1|1|1|1|1
6258,1,False,1,10,0,0|0|0|0|0|0|0|0|0|0
6261,1,False,1,0,1,1|1|1|1|1|1|1|1|1|1
6263,1,False,1,0,1,1|1|1|1|1|1|1|1|1|1
6278,1,False,1,0,1,1|1|1|1|1|1|1|1|1|1
6287,1,False,1,0,1,1|1|1|1|1|1|1|1|1|1
6290,1,False,1,0,1,1|1|1|1|1|1|1|1|1|1
6294,1,False,1,2,1,1|1|1|1|1|0|1|5|1|1
6306,1,False,1,10,3,5|0|3|0|3|3|3|3|3|0
6308,1,False,1,5,1,0|1|1|0|1|0|1|1|2|0
6309,1,False,1,3,1,1|2|1|2|1|1|3|1|1|1
6311,1,False,1,1,1,1|1|1|1|1|1|1|1|2|1
6362,1,False,1,0,1,1|1|1|1|1|1|1|1|1|1
6387,1,False,1,5,1,2|2|3|3|1|1|1|1|1|3
6395,1,False,1,9,3,0|3|2|3|0|0|3|3|2|1
6403,1,False,1,0,1,1|1|1|1|1|1|1|1|1|1
6414,1,False,1,10,6,6|7|7|6|6|6|0|6|6|6
6422,1,False,1,5,1,3|1|1|1|3|1|1|3|2|3
6426,1,False,1,10,9,9|9|8|2|9|9|8|9|8|9
6427,1,False,1,10,0,0|0|0|0|0|0|0|0|0|0
6435,1,False,1,0,1,1|1|1|1|1|1|1|1|1|1
6460,1,False,1,0,1,1|1|1|1|1|1|1|1|1|1
6465,1,False,1,0,1,1|1|1|1|1|1|1|1|1|1
6471,1,False,1,0,1,1|1|1|1|1|1|1|1|1|1
6501,1,False,1,1,1,1|1|1|1|1|1|1|1|5|1
6517,1,False,1,10,3,3|3|3|3|3|3|2|3|3|3
6533,1,False,1,1,1,1|1|1|3|1|1|1|1|1|1
6548,1,False,1,0,1,1|1|1|1|1|1|1|1|1|1
6550,1,False,1,3,1,7|1|1|1|0|3|1|1|1|1
6551,1,False,1,0,1,1|1|1|1|1|1|1|1|1|1
6560,1,False,1,0,1,1|1|1|1|1|1|1|1|1|1
6615,1,False,1,10,5,5|5|4|5|5|5|5|5|5|0
6635,1,False,1,10,6,6|6|6|6|0|6|6|6|6|6
6642,1,False,1,2,1,1|1|1|1|1|1|0|1|0|1
6645,1,False,1,2,1,1|4|1|1|1|1|1|1|1|4
6659,1,False,1,1,1,1|1|1|1|1|1|1|5|1|1
6690,1,False,1,0,1,1|1|1|1|1|1|1|1|1|1
6698,1,False,1,1,1,1|3|1|1|1|1|1|1|1|1
6706,1,False,1,0,1,1|1|1|1|1|1|1|1|1|1
6714,1,False,1,1,1,1|1|1|1|1|1|1|1|2|1
6718,1,False,1,0,1,1|1|1|1|1|1|1|1|1|1
6719,1,False,1,10,0,0|0|0|0|0|0|0|0|0|0
6723,1,False,1,6,-1,0|1|1|0|2|0|1|0|2|1
6744,1,False,1,1,1,1|1|1|1|1|1|0|1|1|1
6747,1,False,1,1,1,1|1|1|1|1|1|4|1|1|1
6769,1,False,1,10,0,0|0|0|0|0|0|0|0|0|0
6779,1,False,1,0,1,1|1|1|1|1|1|1|1|1|1
6791,1,False,1,0,1,1|1|1|1|1|1|1|1|1|1
6799,1,False,1,7,2,2|8|2|1|2|1|0|1|2|2
6813,1,False,1,0,1,1|1|1|1|1|1|1|1|1|1
6814,1,False,1,9,0,0|0|0|0|0|0|1|0|0|0
6836,1,False,1,0,1,1|1|1|1|1|1|1|1|1|1
6853,1,False,1,7,5,5|1|5|3|5|1|8|1|2|5
6896,1,False,1,0,1,1|1|1|1|1|1|1|1|1|1
6897,1,False,1,0,1,1|1|1|1|1|1|1|1|1|1
6902,1,False,1,3,1,4|1|1|0|1|1|1|1|4|1
6904,1,False,1,0,1,1|1|1|1|1|1|1|1|1|1
6912,1,False,1,0,1,1|1|1|1|1|1|1|1|1|1
6913,1,False,1,8,2,2|2|2|2|3|2|1|2|4|1
6924,1,False,1,0,1,1|1|1|1|1|1|1|1|1|1
6928,1,False,1,0,1,1|1|1|1|1|1|1|1|1|1
6930,1,False,1,0,1,1|1|1|1|1|1|1|1|1|1
6931,1,False,1,0,1,1|1|1|1|1|1|1|1|1|1
6934,1,False,1,0,1,1|1|1|1|1|1|1|1|1|1
6938,1,False,1,10,5,5|4|5|3|5|4|3|5|5|4
6951,1,False,1,10,4,4|4|4|4|4|5|5|4|5|5
6964,1,False,1,7,2,2|2|2|2|1|1|2|2|2|1
6974,1,False,1,0,1,1|1|1|1|1|1|1|1|1|1
6977,1,False,1,0,1,1|1|1|1|1|1|1|1|1|1
6979,1,False,1,0,1,1|1|1|1|1|1|1|1|1|1
6988,1,False,1,0,1,1|1|1|1|1|1|1|1|1|1
7020,1,False,1,7,2,1|1|2|3|3|1|2|2|3|2
7034,1,False,1,1,1,1|1|1|8|1|1|1|1|1|1
7035,1,False,1,0,1,1|1|1|1|1|1|1|1|1|1
7045,1,False,1,0,1,1|1|1|1|1|1|1|1|1|1
7072,1,False,1,0,1,1|1|1|1|1|1|1|1|1|1
7087,1,False,1,9,3,3|3|2|2|3|1|3|3|3|3
7088,1,False,1,10,3,3|3|3|3|3|3|3|3|3|3
7089,1,False,1,0,1,1|1|1|1|1|1|1|1|1|1
7101,1,False,1,0,1,1|1|1|1|1|1|1|1|1|1
7105,1,False,1,0,1,1|1|1|1|1|1|1|1|1|1
7108,1,False,1,9,-1,3|1|2|3|2|3|8|2|3|2
7110,1,False,1,0,1,1|1|1|1|1|1|1|1|1|1
7112,1,False,1,0,1,1|1|1|1|1|1|1|1|1|1
7124,1,False,1,0,1,1|1|1|1|1|1|1|1|1|1
7138,1,False,1,0,1,1|1|1|1|1|1|1|1|1|1
7139,1,False,1,0,1,1|1|1|1|1|1|1|1|1|1
7144,1,False,1,0,1,1|1|1|1|1|1|1|1|1|1
7148,1,False,1,8,-1,3|0|3|3|2|1|1|0|0|2
7161,1,False,1,10,7,7|7|7|2|7|7|7|7|7|7
7162,1,False,1,0,1,1|1|1|1|1|1|1|1|1|1
7175,1,False,1,0,1,1|1|1|1|1|1|1|1|1|1
7206,1,False,1,0,1,1|1|1|1|1|1|1|1|1|1
7215,1,False,1,2,1,1|1|1|1|1|1|0|1|2|1
7220,1,False,1,0,1,1|1|1|1|1|1|1|1|1|1
7229,1,False,1,10,0,0|0|7|0|8|0|0|0|0|0
7249,1,False,1,0,1,1|1|1|1|1|1|1|1|1|1
7261,1,False,1,4,1,1|0|1|5|1|1|0|0|1|1
7310,1,False,1,0,1,1|1|1|1|1|1|1|1|1|1
7313,1,False,1,10,-1,4|5|4|5|5|5|4|4|4|5
7316,1,False,1,8,2,1|1|2|0|2|2|2|2|2|2
7325,1,False,1,0,1,1|1|1|1|1|1|1|1|1|1
7329,1,False,1,6,0,1|1|1|0|7|1|0|0|0|0
7349,1,False,1,0,1,1|1|1|1|1|1|1|1|1|1
7353,1,False,1,8,0,8|1|0|0|8|2|1|0|2|9
7357,1,False,1,10,5,5|5|2|5|5|5|0|5|3|3
7358,1,False,1,10,8,8|0|9|0|8|8|0|9|8|9
7385,1,False,1,0,1,1|1|1|1|1|1|1|1|1|1
7389,1,False,1,0,1,1|1|1|1|1|1|1|1|1|1
7399,1,False,1,0,1,1|1|1|1|1|1|1|1|1|1
7420,1,False,1,0,1,1|1|1|1|1|1|1|1|1|1
7427,1,False,1,0,1,1|1|1|1|1|1|1|1|1|1
7442,1,False,1,10,-1,5|4|4|4|5|5|5|4|5|4
7452,1,False,1,10,0,0|0|0|0|0|0|2|0|0|0
7454,1,False,1,0,1,1|1|1|1|1|1|1|1|1|1
7461,1,False,1,0,1,1|1|1|1|1|1|1|1|1|1
7464,1,False,1,3,1,1|1|1|1|1|3|3|1|2|1
7468,1,False,1,7,4,4|4|5|4|1|5|1|4|4|1
7470,1,False,1,0,1,1|1|1|1|1|1|1|1|1|1
7475,1,False,1,0,1,1|1|1|1|1|1|1|1|1|1
7494,1,False,1,5,1,0|2|0|2|1|1|0|1|1|1
7507,1,False,1,0,1,1|1|1|1|1|1|1|1|1|1
7512,1,False,1,1,1,5|1|1|1|1|1|1|1|1|1
7542,1,False,1,0,1,1|1|1|1|1|1|1|1|1|1
7547,1,False,1,4,1,1|1|1|3|1|1|3|3|3|1
7560,1,False,1,0,1,1|1|1|1|1|1|1|1|1|1
7573,1,False,1,10,2,2|0|2|3|2|2|2|3|3|0
7577,1,False,1,0,1,1|1|1|1|1|1|1|1|1|1
7592,1,False,1,2,1,5|1|1|1|1|1|1|1|5|1
7593,1,False,1,0,1,1|1|1|1|1|1|1|1|1|1
7604,1,False,1,0,1,1|1|1|1|1|1|1|1|1|1
7620,1,False,1,10,2,2|2|2|2|2|2|2|2|2|2
7622,1,False,1,0,1,1|1|1|1|1|1|1|1|1|1
7629,1,False,1,0,1,1|1|1|1|1|1|1|1|1|1
7634,1,False,1,0,1,1|1|1|1|1|1|1|1|1|1
7643,1,False,1,0,1,1|1|1|1|1|1|1|1|1|1
7647,1,False,1,0,1,1|1|1|1|1|1|1|1|1|1
7675,1,False,1,0,1,1|1|1|1|1|1|1|1|1|1
7677,1,False,1,0,1,1|1|1|1|1|1|1|1|1|1
7678,1,False,1,0,1,1|1|1|1|1|1|1|1|1|1
7690,1,False,1,0,1,1|1|1|1|1|1|1|1|1|1
7691,1,False,1,9,8,8|4|2|8|8|8|1|4|8|8
7693,1,False,1,7,0,1|0|0|0|0|0|0|0|1|1
7711,1,False,1,3,1,1|0|0|1|1|1|1|1|1|0
7734,1,False,1,6,2,1|1|2|2|2|1|2|1|2|2
7741,1,False,1,9,0,1|0|5|0|0|5|0|5|3|0
7750,1,False,1,10,0,0|0|0|0|0|0|0|0|0|0
7755,1,False,1,0,1,1|1|1|1|1|1|1|1|1|1
7785,1,False,1,8,2,2|0|0|1|2|2|1|2|2|2
7791,1,False,1,2,1,2|3|1|1|1|1|1|1|1|1
7797,1,False,1,0,1,1|1|1|1|1|1|1|1|1|1
7805,1,False,1,2,1,1|5|1|1|1|3|1|1|1|1
7806,1,False,1,1,1,1|0|1|1|1|1|1|1|1|1
7808,1,False,1,0,1,1|1|1|1|1|1|1|1|1|1
7811,1,False,1,0,1,1|1|1|1|1|1|1|1|1|1
7838,1,False,1,0,1,1|1|1|1|1|1|1|1|1|1
7843,1,False,1,1,1,5|1|1|1|1|1|1|1|1|1
7858,1,False,1,0,1,1|1|1|1|1|1|1|1|1|1
7878,1,False,1,0,1,1|1|1|1|1|1|1|1|1|1
7882,1,False,1,1,1,1|5|1|1|1|1|1|1|1|1
7890,1,False,1,2,1,1|1|1|2|1|1|1|1|3|1
7892,1,False,1,0,1,1|1|1|1|1|1|1|1|1|1
7899,1,False,1,1,1,1|1|1|1|1|1|5|1|1|1
7908,1,False,1,1,1,1|1|1|1|1|1|1|1|5|1
7911,1,False,1,10,-1,8|8|9|0|0|8|9|9|8|9
7913,1,False,1,10,2,2|2|2|2|3|2|3|2|2|2
7919,1,False,1,7,0,1|0|0|0|0|0|1|0|0|1
7949,1,False,1,1,1,1|1|1|1|1|1|1|1|2|1
7967,1,False,1,0,1,1|1|1|1|1|1|1|1|1|1
7999,1,False,1,0,1,1|1|1|1|1|1|1|1|1|1
8012,1,False,1,0,1,1|1|1|1|1|1|1|1|1|1
8013,1,False,1,0,1,1|1|1|1|1|1|1|1|1|1
8023,1,False,1,0,1,1|1|1|1|1|1|1|1|1|1
8027,1,False,1,0,1,1|1|1|1|1|1|1|1|1|1
8048,1,False,1,0,1,1|1|1|1|1|1|1|1|1|1
8072,1,False,1,10,0,0|0|0|0|8|0|5|3|0|4
8076,1,False,1,3,1,1|1|1|5|1|1|3|3|1|1
8087,1,False,1,7,-1,7|7|0|1|9|7|1|3|2|1
8096,1,False,1,8,5,1|5|1|5|2|5|3|5|5|5
8108,1,False,1,2,1,0|1|1|1|1|0|1|1|1|1
8123,1,False,1,1,1,1|1|1|1|1|1|1|1|1|3
8129,1,False,1,1,1,1|1|1|5|1|1|1|1|1|1
8183,1,False,1,10,0,0|0|0|0|0|0|0|0|0|0
8197,1,False,1,0,1,1|1|1|1|1|1|1|1|1|1
8205,1,False,1,2,1,1|1|1|1|1|1|0|0|1|1
8217,1,False,1,7,0,0|0|1|0|1|0|0|1|0|0
8230,1,False,1,0,1,1|1|1|1|1|1|1|1|1|1
8236,1,False,1,1,1,1|1|1|1|1|1|5|1|1|1
8244,1,False,1,2,1,0|1|1|1|1|1|0|1|1|1
8262,1,False,1,1,1,1|1|1|1|1|1|1|3|1|1
8263,1,False,1,0,1,1|1|1|1|1|1|1|1|1|1
8316,1,False,1,0,1,1|1|1|1|1|1|1|1|1|1
8349,1,False,1,0,1,1|1|1|1|1|1|1|1|1|1
8354,1,False,1,0,1,1|1|1|1|1|1|1|1|1|1
8358,1,False,1,1,1,1|1|1|1|1|1|1|1|2|1
8364,1,False,1,2,1,1|1|0|1|1|1|0|1|1|1
8366,1,False,1,10,4,4|4|6|4|4|4|4|4|6|4
8370,1,False,1,0,1,1|1|1|1|1|1|1|1|1|1
8381,1,False,1,10,5,5|5|5|5|5|5|5|0|5|0
8382,1,False,1,0,1,1|1|1|1|1|1|1|1|1|1
8423,1,False,1,0,1,1|1|1|1|1|1|1|1|1|1
8424,1,False,1,0,1,1|1|1|1|1|1|1|1|1|1
8426,1,False,1,0,1,1|1|1|1|1|1|1|1|1|1
8433,1,False,1,0,1,1|1|1|1|1|1|1|1|1|1
8439,1,False,1,1,1,1|1|1|1|1|1|0|1|1|1
8450,1,False,1,7,3,3|3|3|3|1|3|1|3|3|1
8456,1,False,1,5,1,1|3|1|3|1|1|5|3|3|1
8471,1,False,1,1,1,1|1|1|1|1|1|0|1|1|1
8499,1,False,1,9,0,0|0|1|0|2|3|2|2|0|0
8504,1,False,1,0,1,1|1|1|1|1|1|1|1|1|1
8508,1,False,1,1,1,1|2|1|1|1|1|1|1|1|1
8513,1,False,1,10,-1,8|8|0|0|8|8|0|0|8|0
8519,1,False,1,9,6,5|2|6|2|6|5|6|0|1|6
8526,1,False,1,0,1,1|1|1|1|1|1|1|1|1|1
8527,1,False,1,10,2,2|2|2|2|3|2|2|3|3|2
8531,1,False,1,0,1,1|1|1|1|1|1|1|1|1|1
8541,1,False,1,1,1,1|0|1|1|1|1|1|1|1|1
8546,1,False,1,0,1,1|1|1|1|1|1|1|1|1|1
8552,1,False,1,0,1,1|1|1|1|1|1|1|1|1|1
8558,1,False,1,5,1,1|1|2|1|3|2|1|5|5|1
8566,1,False,1,9,3,3|2|2|3|3|3|3|2|2|1
8568,1,False,1,0,1,1|1|1|1|1|1|1|1|1|1
8569,1,False,1,10,0,0|0|0|0|0|0|0|0|0|0
8585,1,False,1,0,1,1|1|1|1|1|1|1|1|1|1
8589,1,False,1,0,1,1|1|1|1|1|1|1|1|1|1
8596,1,False,1,10,4,2|3|4|5|2|2|3|4|4|4
8607,1,False,1,0,1,1|1|1|1|1|1|1|1|1|1
8618,1,False,1,9,9,9|0|9|9|6|6|1|9|8|8
8624,1,False,1,1,1,1|1|1|1|2|1|1|1|1|1
8646,1,False,1,8,0,1|1|0|0|2|0|0|0|2|0
8657,1,False,1,9,-1,3|3|2|3|2|4|2|2|3|1
8689,1,False,1,0,1,1|1|1|1|1|1|1|1|1|1
8691,1,False,1,5,-1,2|2|1|2|1|1|2|1|2|1
8695,1,False,1,9,3,3|3|3|3|1|3|3|3|3|3
8697,1,False,1,5,1,4|1|4|4|4|1|1|1|5|1
8700,1,False,1,6,5,5|1|5|5|5|5|1|1|4|1
8710,1,False,1,0,1,1|1|1|1|1|1|1|1|1|1
8720,1,False,1,2,1,1|1|1|3|1|1|3|1|1|1
8731,1,False,1,2,1,1|1|0|1|1|0|1|1|1|1
8742,1,False,1,2,1,0|1|1|1|1|0|1|1|1|1
8748,1,False,1,10,0,0|3|0|0|0|0|0|0|0|0
8757,1,False,1,10,2,2|2|2|2|2|2|2|2|2|2
8779,1,False,1,0,1,1|1|1|1|1|1|1|1|1|1
8782,1,False,1,0,1,1|1|1|1|1|1|1|1|1|1
8792,1,False,1,4,1,1|1|1|3|1|1|3|1|2|2
8803,1,False,1,10,8,8|8|8|0|8|0|0|8|8|0
8808,1,False,1,10,0,0|0|0|0|0|3|0|0|0|0
8811,1,False,1,0,1,1|1|1|1|1|1|1|1|1|1
8812,1,False,1,0,1,1|1|1|1|1|1|1|1|1|1
8828,1,False,1,0,1,1|1|1|1|1|1|1|1|1|1
8832,1,False,1,0,1,1|1|1|1|1|1|1|1|1|1
8851,1,False,1,0,1,1|1|1|1|1|1|1|1|1|1
8856,1,False,1,0,1,1|1|1|1|1|1|1|1|1|1
8857,1,False,1,10,0,9|0|0|9|9|0|8|9|0|0
8867,1,False,1,2,1,1|1|1|1|1|1|1|0|1|0
8874,1,False,1,0,1,1|1|1|1|1|1|1|1|1|1
8882,1,False,1,5,1,1|1|1|3|1|1|2|3|3|3
8893,1,False,1,2,1,1|5|1|1|1|5|1|1|1|1
8907,1,False,1,0,1,1|1|1|1|1|1|1|1|1|1
8910,1,False,1,7,-1,1|3|1|0|4|1|6|3|0|0
8914,1,False,1,0,1,1|1|1|1|1|1|1|1|1|1
8915,1,False,1,6,0,0|0|1|1|1|1|0|0|0|0
8916,1,False,1,0,1,1|1|1|1|1|1|1|1|1|1
8917,1,False,1,10,3,2|2|3|3|2|3|3|2|3|3
8936,1,False,1,0,1,1|1|1|1|1|1|1|1|1|1
8952,1,False,1,0,1,1|1|1|1|1|1|1|1|1|1
8953,1,False,1,4,1,1|0|0|1|1|1|4|4|1|1
8966,1,False,1,3,1,0|1|1|0|1|1|0|1|1|1
8999,1,False,1,2,1,3|1|1|1|1|1|1|1|3|1
9000,1,False,1,2,1,1|1|1|1|1|1|2|2|1|1
9012,1,False,1,0,1,1|1|1|1|1|1|1|1|1|1
9016,1,False,1,0,1,1|1|1|1|1|1|1|1|1|1
9039,1,False,1,0,1,1|1|1|1|1|1|1|1|1|1
9048,1,False,1,0,1,1|1|1|1|1|1|1|1|1|1
9054,1,False,1,0,1,1|1|1|1|1|1|1|1|1|1
9061,1,False,1,6,2,2|1|2|2|2|2|1|1|1|2
9074,1,False,1,10,0,0|0|5|5|0|0|0|0|0|0
9088,1,False,1,0,1,1|1|1|1|1|1|1|1|1|1
9089,1,False,1,0,1,1|1|1|1|1|1|1|1|1|1
9092,1,False,1,10,2,3|3|2|2|2|2|2|5|3|2
9104,1,False,1,2,1,1|1|1|1|2|1|2|1|1|1
9112,1,False,1,0,1,1|1|1|1|1|1|1|1|1|1
9113,1,False,1,10,9,9|9|9|9|9|8|9|9|0|9
9134,1,False,1,0,1,1|1|1|1|1|1|1|1|1|1
9136,1,False,1,0,1,1|1|1|1|1|1|1|1|1|1
9143,1,False,1,5,1,1|3|3|1|5|1|1|5|1|3
9147,1,False,1,10,4,4|2|4|5|5|4|5|3|4|3
9161,1,False,1,0,1,1|1|1|1|1|1|1|1|1|1
9163,1,False,1,8,2,2|2|1|1|2|2|2|2|2|2
9178,1,False,1,3,1,1|1|1|1|1|1|0|1|0|0
9184,1,False,1,0,1,1|1|1|1|1|1|1|1|1|1
9189,1,False,1,0,1,1|1|1|1|1|1|1|1|1|1
9203,1,False,1,10,0,0|4|0|8|0|0|0|0|0|9
9208,1,False,1,6,2,2|1|2|2|2|1|2|1|1|2
9213,1,False,1,7,5,1|1|1|5|5|5|5|5|5|5
9216,1,False,1,6,-1,1|1|1|4|5|4|1|5|4|4
9222,1,False,1,0,1,1|1|1|1|1|1|1|1|1|1
9229,1,False,1,9,0,1|0|0|0|0|0|0|0|0|0
9241,1,False,1,9,0,0|0|2|0|1|0|0|2|0|0
9245,1,False,1,0,1,1|1|1|1|1|1|1|1|1|1
9248,1,False,1,0,1,1|1|1|1|1|1|1|1|1|1
9288,1,False,1,0,1,1|1|1|1|1|1|1|1|1|1
9301,1,False,1,0,1,1|1|1|1|1|1|1|1|1|1
9308,1,False,1,1,1,1|1|1|1|1|1|3|1|1|1
9322,1,False,1,0,1,1|1|1|1|1|1|1|1|1|1
9332,1,False,1,10,3,3|3|3|3|3|3|3|3|3|3
9347,1,False,1,0,1,1|1|1|1|1|1|1|1|1|1
9367,1,False,1,0,1,1|1|1|1|1|1|1|1|1|1
9371,1,False,1,0,1,1|1|1|1|1|1|1|1|1|1
9379,1,False,1,0,1,1|1|1|1|1|1|1|1|1|1
9406,1,False,1,0,1,1|1|1|1|1|1|1|1|1|1
9414,1,False,1,10,4,4|4|4|4|5|4|3|4|4|3
9419,1,False,1,0,1,1|1|1|1|1|1|1|1|1|1
9429,1,False,1,5,1,5|3|1|3|0|1|5|1|1|1
9431,1,False,1,1,1,1|1|1|1|1|1|1|1|0|1
9433,1,False,1,0,1,1|1|1|1|1|1|1|1|1|1
9434,1,False,1,10,-1,5|7|5|0|9|7|5|0|7|0
9436,1,False,1,5,-1,1|1|1|2|2|1|1|2|2|2
9445,1,False,1,0,1,1|1|1|1|1|1|1|1|1|1
9447,1,False,1,2,1,1|0|1|1|1|1|1|1|1|0
9454,1,False,1,2,1,1|1|0|1|0|1|1|1|1|1
9464,1,False,1,3,1,4|1|1|1|1|1|3|3|1|1
9471,1,False,1,0,1,1|1|1|1|1|1|1|1|1|1
9520,1,False,1,1,1,1|1|1|1|1|1|1|1|3|1
9521,1,False,1,6,-1,1|3|5|3|3|3|1|1|5|1
9533,1,False,1,10,5,5|5|5|5|5|5|5|5|5|5
9536,1,False,1,10,0,0|0|0|0|9|0|9|8|0|0
9539,1,False,1,9,0,1|0|0|0|0|0|0|0|0|0
9565,1,False,1,0,1,1|1|1|1|1|1|1|1|1|1
9571,1,False,1,0,1,1|1|1|1|1|1|1|1|1|1
9581,1,False,1,9,0,1|0|0|0|0|0|0|0|0|0
9582,1,False,1,0,1,1|1|1|1|1|1|1|1|1|1
9609,1,False,1,6,1,1|1|5|4|5|1|4|1|4|5
9610,1,False,1,2,1,1|1|1|3|1|1|2|1|1|1
9613,1,False,1,3,1,1|1|0|1|1|1|1|0|0|1
9622,1,False,1,0,1,1|1|1|1|1|1|1|1|1|1
9635,1,False,1,0,1,1|1|1|1|1|1|1|1|1|1
9641,1,False,1,10,5,5|5|5|5|5|5|5|5|5|5
9651,1,False,1,10,4,4|4|4|4|4|4|4|4|4|4
9656,1,False,1,0,1,1|1|1|1|1|1|1|1|1|1
9661,1,False,1,4,1,1|2|1|1|2|1|2|1|1|0
9672,1,False,1,2,1,1|1|0|1|1|1|1|1|2|1
9687,1,False,1,0,1,1|1|1|1|1|1|1|1|1|1
9688,1,False,1,0,1,1|1|1|1|1|1|1|1|1|1
9723,1,False,1,6,-1,1|0|1|1|1|3|3|4|3|3
9740,1,False,1,0,1,1|1|1|1|1|1|1|1|1|1
9748,1,False,1,10,8,8|8|8|8|8|8|8|9|6|0
9835,1,False,1,0,1,1|1|1|1|1|1|1|1|1|1
9854,1,False,1,1,1,1|1|3|1|1|1|1|1|1|1
9870,1,False,1,4,1,1|1|1|3|2|1|0|1|2|1
9871,1,False,1,0,1,1|1|1|1|1|1|1|1|1|1
9872,1,False,1,0,1,1|1|1|1|1|1|1|1|1|1
9910,1,False,1,0,1,1|1|1|1|1|1|1|1|1|1
9936,1,False,1,0,1,1|1|1|1|1|1|1|1|1|1
9939,1,False,1,8,3,3|1|3|3|2|3|5|3|5|1
9941,1,False,1,1,1,1|1|1|1|1|1|3|1|1|1
9946,1,False,1,10,3,3|2|3|3|3|3|3|3|2|3
9962,1,False,1,10,0,0|0|0|0|0|0|0|0|0|0
9970,1,False,1,10,6,6|6|6|6|3|3|6|6|6|6
9975,1,False,1,10,0,8|0|0|0|0|0|5|8|0|0
9977,1,False,1,9,3,3|1|3|3|3|3|3|3|0|3
9978,1,False,1,2,1,1|1|1|0|1|1|1|0|1|1
9979,1,False,1,4,1,5|1|1|5|5|1|1|1|5|1
9981,1,False,1,0,1,1|1|1|1|1|1|1|1|1|1
9993,1,False,1,10,0,0|2|2|0|0|0|2|0|3|3
10032,1,False,1,10,4,4|4|4|4|4|4|4|4|4|4
10038,1,False,1,0,1,1|1|1|1|1|1|1|1|1|1
10039,1,False,1,0,1,1|1|1|1|1|1|1|1|1|1
10064,1,False,1,7,3,3|3|1|1|3|3|3|3|3|1
10067,1,False,1,10,8,0|0|8|8|8|8|8|2|8|0
10073,1,False,1,1,1,1|1|1|1|1|1|1|0|1|1
10097,2,False,2,8,3,3|2|3|3|3|3|3|2|3|3
10105,2,False,2,1,2,0|2|2|2|2|2|2|2|2|2
10117,2,False,2,0,2,2|2|2|2|2|2|2|2|2|2
10142,2,False,2,4,2,2|2|2|0|2|2|0|0|2|0
10165,2,False,2,3,2,2|2|2|3|2|2|3|3|2|2
10202,2,False,2,0,2,2|2|2|2|2|2|2|2|2|2
10205,2,False,2,1,2,2|3|2|2|2|2|2|2|2|2
10228,2,False,2,0,2,2|2|2|2|2|2|2|2|2|2
10231,2,False,2,8,3,3|3|3|3|3|3|2|3|3|2
10253,2,False,2,9,3,3|3|3|3|3|3|3|3|2|3
10256,2,False,2,5,2,0|2|0|2|2|0|0|2|2|3
10262,2,False,2,0,2,2|2|2|2|2|2|2|2|2|2
10268,2,False,2,9,3,3|3|3|2|3|3|3|3|3|3
10273,2,False,2,0,2,2|2|2|2|2|2|2|2|2|2
10277,2,False,2,6,-1,1|2|1|2|2|3|1|3|2|1
10286,2,False,2,6,-1,3|3|2|2|2|3|3|1|1|2
10300,2,False,2,3,2,2|3|2|3|2|2|2|3|2|2
10330,2,False,2,10,5,5|5|1|5|5|5|4|5|5|5
10335,2,False,2,8,0,0|2|0|0|0|0|2|0|0|1
10396,2,False,2,1,2,3|2|2|2|2|2|2|2|2|2
10409,2,False,2,0,2,2|2|2|2|2|2|2|2|2|2
10448,2,False,2,2,2,2|2|2|2|2|2|3|2|3|2
10470,2,False,2,10,1,8|0|1|1|1|1|1|0|1|3
10494,2,False,2,3,2,2|2|2|2|2|1|2|1|1|2
10496,2,False,2,4,2,3|2|2|2|3|3|2|3|2|2
10550,2,False,2,10,3,5|9|3|3|3|9|3|8|8|8
10563,2,False,2,1,2,2|2|2|3|2|2|2|2|2|2
10582,2,False,2,6,2,2|2|1|3|2|2|0|1|7|0
10583,2,False,2,0,2,2|2|2|2|2|2|2|2|2|2
10602,2,False,2,2,2,3|2|2|2|3|2|2|2|2|2
10622,2,False,2,3,2,2|2|2|2|2|2|3|2|3|3
10623,2,False,2,0,2,2|2|2|2|2|2|2|2|2|2
10624,2,False,2,10,3,3|3|3|3|3|3|3|3|3|3
10638,2,False,2,7,3,1|1|3|2|2|3|3|3|2|3
10650,2,False,2,10,0,0|0|0|0|0|5|1|0|5|0
10660,2,False,2,10,3,3|3|3|3|3|3|3|3|3|3
10667,2,False,2,1,2,2|2|2|2|2|2|2|2|2|1
10674,2,False,2,9,0,2|0|0|4|4|8|8|0|4|0
10682,2,False,2,0,2,2|2|2|2|2|2|2|2|2|2
10686,2,False,2,3,2,5|2|2|2|2|3|2|3|2|2
10698,2,False,2,9,3,3|3|3|3|3|3|2|3|3|3
10700,2,False,2,1,2,2|2|2|3|2|2|2|2|2|2
10703,2,False,2,8,3,3|3|2|3|2|3|3|3|3|3
10708,2,False,2,10,3,3|3|3|3|3|3|3|3|3|3
10721,2,False,2,0,2,2|2|2|2|2|2|2|2|2|2
10722,2,False,2,1,2,2|2|2|3|2|2|2|2|2|2
10724,2,False,2,9,3,3|3|5|2|3|3|3|3|5|3
10725,2,False,2,0,2,2|2|2|2|2|2|2|2|2|2
10740,2,False,2,1,2,2|2|2|2|2|2|0|2|2|2
10774,2,False,2,2,2,2|2|1|2|2|2|2|1|2|2
10775,2,False,2,0,2,2|2|2|2|2|2|2|2|2|2
10784,2,False,2,10,1,4|1|1|4|4|1|4|1|1|6
10796,2,False,2,4,2,1|2|2|2|2|1|1|2|2|0
10800,2,False,2,1,2,2|3|2|2|2|2|2|2|2|2
10816,2,False,2,4,2,2|2|2|3|2|3|2|3|1|2
10851,2,False,2,0,2,2|2|2|2|2|2|2|2|2|2
10854,2,False,2,0,2,2|2|2|2|2|2|2|2|2|2
10865,2,False,2,8,3,3|3|3|3|3|3|3|3|2|2
10881,2,False,2,10,0,0|0|1|0|0|1|3|0|0|0
10888,2,False,2,1,2,2|2|2|2|2|2|2|3|2|2
10905,2,False,2,0,2,2|2|2|2|2|2|2|2|2|2
10909,2,False,2,0,2,2|2|2|2|2|2|2|2|2|2
10910,2,False,2,10,3,3|3|3|3|3|3|3|3|3|3
10916,2,False,2,10,3,3|3|5|3|3|3|5|3|5|3
10919,2,False,2,0,2,2|2|2|2|2|2|2|2|2|2
10927,2,False,2,0,2,2|2|2|2|2|2|2|2|2|2
10938,2,False,2,6,3,2|3|2|3|3|3|3|3|2|2
10940,2,False,2,5,2,2|6|2|2|3|2|6|2|6|6
10944,2,False,2,6,3,3|0|3|2|3|3|2|2|2|3
10952,2,False,2,10,8,8|6|6|8|8|8|8|8|8|8
10961,2,False,2,1,2,2|2|2|2|2|2|3|2|2|2
10967,2,False,2,0,2,2|2|2|2|2|2|2|2|2|2
10984,2,False,2,0,2,2|2|2|2|2|2|2|2|2|2
10990,2,False,2,7,3,3|2|2|3|2|3|3|3|3|3
10997,2,False,2,0,2,2|2|2|2|2|2|2|2|2|2
11001,2,False,2,0,2,2|2|2|2|2|2|2|2|2|2
11010,2,False,2,7,3,3|2|3|2|3|3|3|3|2|3
11015,2,False,2,9,5,5|5|5|5|5|5|3|2|5|5
11022,2,False,2,5,2,6|6|2|2|3|2|2|6|6|2
11024,2,False,2,0,2,2|2|2|2|2|2|2|2|2|2
11028,2,False,2,7,0,2|0|2|0|0|2|0|0|0|0
11032,2,False,2,0,2,2|2|2|2|2|2|2|2|2|2
11053,2,False,2,0,2,2|2|2|2|2|2|2|2|2|2
11085,2,False,2,0,2,2|2|2|2|2|2|2|2|2|2
11088,2,False,2,4,2,2|3|2|2|2|2|3|2|3|3
11100,2,False,2,10,7,7|7|7|6|7|0|7|7|0|7
11102,2,False,2,0,2,2|2|2|2|2|2|2|2|2|2
11118,2,False,2,0,2,2|2|2|2|2|2|2|2|2|2
11140,2,False,2,10,3,3|3|3|3|3|3|3|3|3|3
11146,2,False,2,8,3,3|2|3|2|3|3|3|3|3|3
11148,2,False,2,3,2,3|2|2|3|2|2|3|2|2|2
11155,2,False,2,8,3,3|2|3|3|3|3|2|3|3|3
11160,2,False,2,10,1,1|1|1|1|1|1|1|1|1|1
11174,2,False,2,2,2,2|2|2|2|2|2|0|2|0|2
11176,2,False,2,0,2,2|2|2|2|2|2|2|2|2|2
11177,2,False,2,6,3,3|2|3|3|1|3|2|3|2|2
11241,2,False,2,9,3,3|3|2|3|3|3|3|3|3|3
11244,2,False,2,4,2,0|2|2|2|2|0|1|2|2|0
11257,2,False,2,0,2,2|2|2|2|2|2|2|2|2|2
11268,2,False,2,3,2,2|2|2|0|0|2|2|0|2|2
11284,2,False,2,9,3,3|3|2|0|3|3|0|3|3|3
11288,2,False,2,5,-1,2|2|2|3|2|3|3|3|3|2
11291,2,False,2,1,2,2|2|2|2|2|2|1|2|2|2
11304,2,False,2,4,2,2|2|3|2|3|3|2|2|2|3
11311,2,False,2,1,2,2|2|2|2|2|2|3|2|2|2
11334,2,False,2,6,3,3|3|2|3|3|2|3|3|2|2
11335,2,False,2,0,2,2|2|2|2|2|2|2|2|2|2
11345,2,False,2,2,2,2|2|2|3|2|2|2|2|2|3
11357,2,False,2,0,2,2|2|2|2|2|2|2|2|2|2
11365,2,False,2,2,2,2|2|2|3|2|2|3|2|2|2
11369,2,False,2,6,3,3|3|3|2|3|3|2|2|2|3
11381,2,False,2,8,0,0|0|0|0|0|0|2|0|0|2
11387,2,False,2,1,2,2|2|2|2|2|2|2|3|2|2
11398,2,False,2,0,2,2|2|2|2|2|2|2|2|2|2
11403,2,False,2,1,2,2|2|2|2|2|2|2|2|0|2
11449,2,False,2,1,2,2|5|2|2|2|2|2|2|2|2
11453,2,False,2,2,2,3|2|2|2|2|2|2|2|2|3
11468,2,False,2,1,2,2|2|2|3|2|2|2|2|2|2
11485,2,False,2,0,2,2|2|2|2|2|2|2|2|2|2
11490,2,False,2,10,3,3|3|3|3|3|3|3|3|3|3
11492,2,False,2,0,2,2|2|2|2|2|2|2|2|2|2
11493,2,False,2,8,3,3|3|3|3|3|3|2|3|3|2
11498,2,False,2,9,4,6|6|4|2|3|4|4|4|6|4
11508,2,False,2,10,3,3|3|3|3|3|7|3|7|3|3
11512,2,False,2,9,0,8|0|0|2|0|0|7|0|0|0
11513,2,False,2,6,2,4|6|4|3|3|2|6|2|2|2
11519,2,False,2,8,4,5|2|5|4|4|0|4|4|4|2
11522,2,False,2,7,3,3|2|3|2|3|3|1|2|3|3
11527,2,False,2,4,2,2|3|2|2|2|2|2|3|3|3
11545,2,False,2,6,3,3|3|3|2|2|2|2|3|3|3
11563,2,False,2,0,2,2|2|2|2|2|2|2|2|2|2
11575,2,False,2,0,2,2|2|2|2|2|2|2|2|2|2
11602,2,False,2,4,2,2|0|2|2|3|2|3|1|2|2
11618,2,False,2,6,2,0|2|2|2|7|2|7|3|8|4
11630,2,False,2,10,3,3|3|3|3|3|3|3|3|3|3
11633,2,False,2,2,2,2|2|2|2|2|1|2|1|2|2
11639,2,False,2,5,-1,3|2|2|3|3|2|3|2|3|2
11661,2,False,2,4,2,2|2|2|3|3|2|2|3|2|3
11675,2,False,2,8,3,3|3|3|3|3|3|2|3|2|3
11677,2,False,2,0,2,2|2|2|2|2|2|2|2|2|2
11705,2,False,2,5,2,3|2|2|3|2|2|1|3|2|1
11724,2,False,2,10,3,3|3|3|3|3|3|3|3|3|3
11726,2,False,2,0,2,2|2|2|2|2|2|2|2|2|2
11740,2,False,2,10,3,3|3|3|3|3|3|3|3|3|3
11750,2,False,2,6,2,2|0|2|3|3|0|0|2|2|3
11756,2,False,2,10,3,5|5|1|9|3|3|3|3|0|1
11763,2,False,2,10,0,0|0|0|0|0|0|0|0|0|0
11769,2,False,2,4,2,2|2|2|3|3|2|2|3|3|2
11771,2,False,2,0,2,2|2|2|2|2|2|2|2|2|2
11778,2,False,2,1,2,2|8|2|2|2|2|2|2|2|2
11805,2,False,2,10,3,3|3|3|3|3|3|3|3|3|3
11809,2,False,2,9,8,8|6|8|2|8|8|0|8|8|8
11815,2,False,2,0,2,2|2|2|2|2|2|2|2|2|2
11816,2,False,2,0,2,2|2|2|2|2|2|2|2|2|2
11843,2,False,2,1,2,2|2|2|2|2|2|2|2|2|3
11851,2,False,2,6,-1,3|2|3|3|3|2|1|1|2|2
11852,2,False,2,8,1,1|2|1|3|2|1|1|1|1|1
11854,2,False,2,0,2,2|2|2|2|2|2|2|2|2|2
11856,2,False,2,4,2,1|2|1|2|2|2|1|2|2|1
11866,2,False,2,6,2,0|2|3|2|0|0|3|3|2|2
11884,2,False,2,0,2,2|2|2|2|2|2|2|2|2|2
11889,2,False,2,7,3,2|3|3|2|1|3|1|3|2|3
11892,2,False,2,5,-1,2|2|2|2|3|3|3|3|2|3
11903,2,False,2,0,2,2|2|2|2|2|2|2|2|2|2
11904,2,False,2,8,3,3|3|3|2|3|3|3|2|3|3
11916,2,False,2,7,1,1|2|1|2|1|3|2|1|1|1
11921,2,False,2,10,3,3|3|3|3|3|3|3|3|3|3
11931,2,False,2,7,3,3|2|3|3|2|3|3|3|3|2
11933,2,False,2,0,2,2|2|2|2|2|2|2|2|2|2
11948,2,False,2,2,2,2|3|2|2|2|3|2|2|2|2
11954,2,False,2,0,2,2|2|2|2|2|2|2|2|2|2
11958,2,False,2,3,2,0|2|2|2|0|3|2|2|2|2
11979,2,False,2,0,2,2|2|2|2|2|2|2|2|2|2
11985,2,False,2,3,2,2|2|2|3|2|2|3|2|3|2
11986,2,False,2,9,3,3|2|3|3|0|3|3|3|3|3
11996,2,False,2,0,2,2|2|2|2|2|2|2|2|2|2
12001,2,False,2,5,2,2|2|0|8|2|2|8|9|8|2
12004,2,False,2,0,2,2|2|2|2|2|2|2|2|2|2
12007,2,False,2,7,3,3|3|2|3|2|2|3|3|3|3
12018,2,False,2,1,2,2|2|2|2|2|2|2|2|3|2
12022,2,False,2,7,3,2|3|2|3|3|2|3|3|3|3
12023,2,False,2,0,2,2|2|2|2|2|2|2|2|2|2
12027,2,False,2,7,4,4|4|4|4|4|4|2|4|2|2
12042,2,False,2,1,2,2|2|2|2|2|2|3|2|2|2
12044,2,False,2,8,1,4|5|5|2|4|1|2|1|1|3
12062,2,False,2,0,2,2|2|2|2|2|2|2|2|2|2
12071,2,False,2,7,9,2|2|9|9|6|9|9|2|6|8
12079,2,False,2,1,2,2|2|2|2|2|2|2|2|3|2
12080,2,False,2,9,-1,1|4|5|3|5|3|1|3|2|1
12086,2,False,2,0,2,2|2|2|2|2|2|2|2|2|2
12094,2,False,2,7,3,3|1|3|3|2|3|2|3|2|3
12104,2,False,2,8,3,3|3|3|3|3|2|2|3|3|3
12130,2,False,2,0,2,2|2|2|2|2|2|2|2|2|2
12136,2,False,2,10,3,3|3|3|3|3|3|0|3|3|3
12146,2,False,2,1,2,2|2|2|2|3|2|2|2|2|2
12152,2,False,2,8,3,2|3|3|2|3|3|3|3|3|3
12160,2,False,2,6,3,2|3|3|2|3|3|3|2|2|3
12164,2,False,2,0,2,2|2|2|2|2|2|2|2|2|2
12171,2,False,2,0,2,2|2|2|2|2|2|2|2|2|2
12175,2,False,2,9,3,3|2|3|3|3|3|0|3|3|6
12184,2,False,2,0,2,2|2|2|2|2|2|2|2|2|2
12188,2,False,2,5,-1,2|3|2|2|3|2|3|3|3|2
12202,2,False,2,4,2,4|2|2|2|4|4|2|2|4|2
12204,2,False,2,8,3,3|1|3|1|3|3|2|1|2|3
12208,2,False,2,10,3,3|3|3|3|3|3|5|3|3|5
12214,2,False,2,4,2,2|2|2|2|0|2|3|2|3|0
12242,2,False,2,7,0,2|0|2|0|0|0|1|2|0|0
12244,2,False,2,1,2,2|2|2|2|2|2|2|2|0|2
12251,2,False,2,9,3,3|1|2|3|3|3|3|3|3|3
12258,2,False,2,10,0,0|8|0|0|8|1|0|0|8|0
12287,2,False,2,2,2,2|2|2|2|2|2|3|2|2|3
12305,2,False,2,10,3,3|3|3|3|3|3|3|3|3|3
12311,2,False,2,2,2,2|2|3|2|2|2|3|2|2|2
12318,2,False,2,10,6,8|6|0|7|0|6|6|5|7|8
12335,2,False,2,2,2,2|1|2|2|2|2|1|2|2|2
12346,2,False,2,10,0,5|0|4|0|0|5|4|0|5|0
12348,2,False,2,10,3,5|5|3|3|3|3|5|5|3|3
12390,2,False,2,3,2,5|2|2|2|2|3|2|3|2|2
12398,2,False,2,0,2,2|2|2|2|2|2|2|2|2|2
12400,2,False,2,3,2,2|2|2|2|2|2|3|0|2|3
12411,2,False,2,9,3,4|3|3|3|3|4|2|3|1|3
12416,2,False,2,6,3,2|3|2|3|2|3|0|2|3|3
12425,2,False,2,10,3,3|3|3|3|3|3|3|3|3|3
12427,2,False,2,10,3,3|3|3|3|3|3|3|3|3|3
12429,2,False,2,7,3,3|2|2|3|3|2|3|3|3|3
12447,2,False,2,5,2,5|3|2|2|3|2|2|3|2|3
12451,2,False,2,0,2,2|2|2|2|2|2|2|2|2|2
12452,2,False,2,10,3,1|3|3|0|3|3|3|3|3|3
12457,2,False,2,1,2,2|2|2|2|2|2|2|3|2|2
12469,2,False,2,10,3,3|3|3|3|3|3|3|3|3|3
12479,2,False,2,3,2,3|2|3|2|2|2|2|2|2|1
12481,2,False,2,6,3,3|2|3|3|3|3|2|2|3|2
12483,2,False,2,9,3,3|3|3|2|3|3|3|3|3|3
12508,2,False,2,6,3,2|2|2|3|3|3|3|3|2|3
12509,2,False,2,1,2,2|2|2|3|2|2|2|2|2|2
12510,2,False,2,1,2,2|3|2|2|2|2|2|2|2|2
12519,2,False,2,5,2,2|5|2|8|8|2|2|3|3|2
12530,2,False,2,0,2,2|2|2|2|2|2|2|2|2|2
12533,2,False,2,1,2,2|2|2|2|2|2|3|2|2|2
12538,2,False,2,2,2,2|2|3|2|2|2|2|2|2|3
12541,2,False,2,0,2,2|2|2|2|2|2|2|2|2|2
12543,2,False,2,0,2,2|2|2|2|2|2|2|2|2|2
12560,2,False,2,7,3,2|3|3|1|3|3|2|3|3|2
12574,2,False,2,8,3,3|3|2|3|3|5|3|3|3|2
12576,2,False,2,6,3,3|2|3|3|3|2|2|3|3|2
12586,2,False,2,7,-1,2|0|1|2|3|0|5|0|5|2
12589,2,False,2,6,1,1|2|1|2|1|3|1|2|1|2
12593,2,False,2,10,1,1|1|1|3|1|1|3|1|3|1
12594,2,False,2,0,2,2|2|2|2|2|2|2|2|2|2
12605,2,False,2,0,2,2|2|2|2|2|2|2|2|2|2
12619,2,False,2,0,2,2|2|2|2|2|2|2|2|2|2
12621,2,False,2,10,3,3|3|3|3|3|3|3|3|3|3
12622,2,False,2,8,8,8|2|8|8|8|2|8|8|8|8
12632,2,False,2,0,2,2|2|2|2|2|2|2|2|2|2
12648,2,False,2,10,4,4|4|4|1|4|4|1|1|4|0
12650,2,False,2,10,3,3|3|3|3|3|3|3|3|3|3
12655,2,False,2,1,2,2|3|2|2|2|2|2|2|2|2
12660,2,False,2,0,2,2|2|2|2|2|2|2|2|2|2
12666,2,False,2,0,2,2|2|2|2|2|2|2|2|2|2
12682,2,False,2,6,3,3|2|2|3|3|1|3|2|2|3
12693,2,False,2,10,3,3|3|3|3|3|3|3|3|3|3
12694,2,False,2,0,2,2|2|2|2|2|2|2|2|2|2
12697,2,False,2,1,2,2|2|3|2|2|2|2|2|2|2
12704,2,False,2,7,4,1|4|1|2|4|4|2|4|4|2
12721,2,False,2,6,-1,0|0|0|3|0|2|2|2|2|8
12725,2,False,2,0,2,2|2|2|2|2|2|2|2|2|2
12733,2,False,2,6,0,0|0|0|2|2|2|0|2|0|0
12734,2,False,2,0,2,2|2|2|2|2|2|2|2|2|2
12736,2,False,2,3,2,3|2|2|2|3|2|2|3|2|2
12737,2,False,2,4,2,0|1|2|2|2|1|1|2|2|2
12751,2,False,2,1,2,2|2|2|2|2|2|2|2|3|2
12763,2,False,2,5,-1,2|2|0|2|2|2|0|0|0|0
12774,2,False,2,10,3,3|3|3|3|3|3|3|3|3|3
12776,2,False,2,10,3,3|3|3|3|3|3|3|3|3|3
12779,2,False,2,10,4,4|4|4|5|4|4|5|4|4|4
12781,2,False,2,0,2,2|2|2|2|2|2|2|2|2|2
12824,2,False,2,10,3,3|3|3|3|3|3|3|3|3|3
12833,2,False,2,9,1,1|1|1|1|2|1|1|1|1|1
12835,2,False,2,10,3,1|5|1|3|3|3|3|3|3|3
12844,2,False,2,5,-1,2|3|2|3|2|2|3|2|3|3
12860,2,False,2,7,0,0|0|2|3|0|2|0|0|0|2
12881,2,False,2,2,2,2|2|2|2|3|2|2|2|3|2
12885,2,False,2,0,2,2|2|2|2|2|2|2|2|2|2
12886,2,False,2,3,2,2|2|2|6|2|0|0|2|2|2
12889,2,False,2,0,2,2|2|2|2|2|2|2|2|2|2
12890,2,False,2,3,2,2|2|2|2|2|2|3|3|3|2
12893,2,False,2,0,2,2|2|2|2|2|2|2|2|2|2
12896,2,False,2,6,3,3|3|2|2|3|3|3|2|2|3
12905,2,False,2,5,2,2|2|0|1|2|0|2|0|2|0
12922,2,False,2,0,2,2|2|2|2|2|2|2|2|2|2
12941,2,False,2,6,2,2|3|2|3|0|2|8|0|2|0
12945,2,False,2,4,2,2|2|3|5|2|2|3|3|2|2
12951,2,False,2,2,2,2|2|2|2|2|3|2|2|2|3
12952,2,False,2,5,2,6|0|6|2|2|0|2|2|2|0
12980,2,False,2,0,2,2|2|2|2|2|2|2|2|2|2
12983,2,False,2,5,2,2|2|2|0|0|0|2|2|0|8
12986,2,False,2,10,0,0|0|0|0|0|0|0|0|0|0
12988,2,False,2,0,2,2|2|2|2|2|2|2|2|2|2
12997,2,False,2,10,3,3|3|3|3|3|3|3|3|3|3
13010,2,False,2,10,9,8|9|9|9|9|8|8|5|4|9
13022,2,False,2,2,2,3|2|2|2|2|2|2|2|3|2
13029,2,False,2,3,2,2|2|2|2|2|0|2|0|3|2
13032,2,False,2,2,2,2|2|2|2|2|3|2|2|3|2
13037,2,False,2,10,5,3|5|3|4|5|5|5|3|5|5
13041,2,False,2,0,2,2|2|2|2|2|2|2|2|2|2
13056,2,False,2,0,2,2|2|2|2|2|2|2|2|2|2
13076,2,False,2,10,3,3|3|3|3|3|3|3|3|3|3
13089,2,False,2,8,3,3|3|3|3|3|3|2|3|2|3
13095,2,False,2,9,3,3|3|2|3|3|3|3|3|3|3
13106,2,False,2,9,8,8|8|8|8|8|8|9|2|8|8
13108,2,False,2,0,2,2|2|2|2|2|2|2|2|2|2
13117,2,False,2,0,2,2|2|2|2|2|2|2|2|2|2
13119,2,False,2,0,2,2|2|2|2|2|2|2|2|2|2
13153,2,False,2,9,3,3|3|3|3|2|3|3|3|3|3
13157,2,False,2,10,0,0|0|0|0|0|1|1|1|0|1
13159,2,False,2,9,3,1|3|3|3|3|3|3|3|2|1
13187,2,False,2,2,2,0|2|2|2|2|2|0|2|2|2
13188,2,False,2,0,2,2|2|2|2|2|2|2|2|2|2
13197,2,False,2,0,2,2|2|2|2|2|2|2|2|2|2
13205,2,False,2,9,3,3|3|3|3|3|3|3|3|3|2
13206,2,False,2,8,3,3|3|3|3|2|3|3|3|2|3
13207,2,False,2,2,2,2|3|2|2|2|2|3|2|2|2
13209,2,False,2,9,-1,3|5|1|1|3|1|2|7|3|4
13213,2,False,2,9,3,2|3|1|3|1|3|1|3|3|3
13238,2,False,2,4,2,2|3|2|3|2|2|3|2|8|2
13247,2,False,2,4,2,2|2|2|4|5|2|3|2|5|2
13291,2,False,2,0,2,2|2|2|2|2|2|2|2|2|2
13294,2,False,2,0,2,2|2|2|2|2|2|2|2|2|2
13296,2,False,2,7,3,3|3|2|2|3|3|3|3|3|2
13312,2,False,2,1,2,2|2|2|3|2|2|2|2|2|2
13324,2,False,2,10,3,3|3|3|3|3|3|3|3|3|3
13348,2,False,2,0,2,2|2|2|2|2|2|2|2|2|2
13349,2,False,2,4,2,2|2|2|3|3|0|3|2|2|2
13377,2,False,2,10,3,3|3|3|3|3|3|3|3|3|3
13390,2,False,2,0,2,2|2|2|2|2|2|2|2|2|2
13406,2,False,2,3,2,6|2|2|2|2|2|0|2|0|2
13413,2,False,2,6,3,2|2|3|2|3|3|3|3|2|3
13425,2,False,2,8,1,1|1|1|1|1|1|1|2|2|1
13431,2,False,2,0,2,2|2|2|2|2|2|2|2|2|2
13447,2,False,2,8,3,2|3|3|3|2|3|3|3|3|3
13456,2,False,2,9,1,1|3|1|0|1|1|2|1|3|1
13457,2,False,2,0,2,2|2|2|2|2|2|2|2|2|2
13470,2,False,2,5,2,2|2|0|9|2|3|9|2|0|2
13483,2,False,2,10,1,1|1|1|1|1|1|1|1|1|1
13493,2,False,2,6,3,1|2|3|3|3|3|2|3|2|2
13495,2,False,2,0,2,2|2|2|2|2|2|2|2|2|2
13500,2,False,2,5,2,2|2|3|1|2|3|2|2|3|3
13509,2,False,2,0,2,2|2|2|2|2|2|2|2|2|2
13526,2,False,2,1,2,2|3|2|2|2|2|2|2|2|2
13539,2,False,2,1,2,2|2|2|2|2|2|2|2|2|1
13547,2,False,2,10,3,3|3|3|3|3|3|3|3|3|3
13550,2,False,2,10,3,3|3|0|3|0|8|3|3|8|3
13559,2,False,2,2,2,2|2|2|3|3|2|2|2|2|2
13565,2,False,2,9,1,1|1|1|1|1|2|3|1|1|3
13579,2,False,2,0,2,2|2|2|2|2|2|2|2|2|2
13583,2,False,2,8,3,3|2|3|3|3|3|2|3|3|3
13586,2,False,2,10,0,8|0|8|0|4|0|0|0|8|9
13605,2,False,2,2,2,3|2|2|3|2|2|2|2|2|2
13611,2,False,2,10,0,0|0|6|0|6|0|0|0|9|0
13613,2,False,2,10,3,3|3|3|3|3|3|3|3|3|3
13619,2,False,2,1,2,2|2|0|2|2|2|2|2|2|2
13623,2,False,2,10,3,3|3|3|3|3|3|3|3|3|3
13629,2,False,2,10,0,6|0|0|0|0|0|6|7|0|6
13630,2,False,2,4,2,2|2|1|1|2|2|2|2|1|1
13632,2,False,2,0,2,2|2|2|2|2|2|2|2|2|2
13645,2,False,2,10,3,3|3|3|3|3|3|3|3|3|3
13656,2,False,2,0,2,2|2|2|2|2|2|2|2|2|2
13678,2,False,2,8,6,6|2|6|0|6|6|6|5|6|2
13690,2,False,2,5,-1,2|3|2|3|2|2|3|3|2|3
13706,2,False,2,10,4,5|4|4|4|4|4|3|4|4|1
13708,2,False,2,8,1,1|1|1|2|1|1|1|1|2|1
13712,2,False,2,0,2,2|2|2|2|2|2|2|2|2|2
13727,2,False,2,0,2,2|2|2|2|2|2|2|2|2|2
13760,2,False,2,0,2,2|2|2|2|2|2|2|2|2|2
13762,2,False,2,7,3,3|3|2|3|3|2|2|3|3|3
13769,2,False,2,0,2,2|2|2|2|2|2|2|2|2|2
13770,2,False,2,0,2,2|2|2|2|2|2|2|2|2|2
13782,2,False,2,0,2,2|2|2|2|2|2|2|2|2|2
13805,2,False,2,6,3,2|3|3|3|3|2|2|3|2|3
13813,2,False,2,1,2,2|2|2|2|2|2|6|2|2|2
13821,2,False,2,7,3,3|3|3|2|3|3|3|2|3|2
13828,2,False,2,0,2,2|2|2|2|2|2|2|2|2|2
13831,2,False,2,8,3,3|2|3|3|3|3|2|3|3|3
13841,2,False,2,0,2,2|2|2|2|2|2|2|2|2|2
13844,2,False,2,7,0,0|0|2|0|0|0|2|1|2|0
13852,2,False,2,10,3,3|3|3|3|3|3|3|3|3|3
13858,2,False,2,9,3,2|3|5|5|3|3|3|3|3|3
13864,2,False,2,0,2,2|2|2|2|2|2|2|2|2|2
13868,2,False,2,0,2,2|2|2|2|2|2|2|2|2|2
13870,2,False,2,4,2,0|1|0|1|2|2|2|2|2|2
13876,2,False,2,2,2,2|2|2|2|2|2|2|0|2|0
13879,2,False,2,0,2,2|2|2|2|2|2|2|2|2|2
13889,2,False,2,1,2,1|2|2|2|2|2|2|2|2|2
13912,2,False,2,1,2,2|2|2|3|2|2|2|2|2|2
13917,2,False,2,10,5,5|5|5|5|5|0|5|5|5|5
13919,2,False,2,0,2,2|2|2|2|2|2|2|2|2|2
13938,2,False,2,0,2,2|2|2|2|2|2|2|2|2|2
13951,2,False,2,9,3,3|3|3|3|3|2|3|3|3|3
13954,2,False,2,9,6,6|6|0|6|2|6|6|0|0|0
13963,2,False,2,0,2,2|2|2|2|2|2|2|2|2|2
13967,2,False,2,0,2,2|2|2|2|2|2|2|2|2|2
13996,2,False,2,10,3,3|3|3|3|3|3|3|3|3|3
13997,2,False,2,5,-1,3|3|2|2|2|2|3|3|2|3
14008,2,False,2,0,2,2|2|2|2|2|2|2|2|2|2
14012,2,False,2,7,3,3|2|3|3|3|3|2|4|3|2
14017,2,False,2,8,3,3|3|2|3|3|3|2|3|3|3
14019,2,False,2,2,2,2|2|2|2|3|2|2|3|2|2
14024,2,False,2,2,2,2|2|2|3|2|2|3|2|2|2
14028,2,False,2,10,0,5|0|4|0|5|5|0|0|0|4
14042,2,False,2,0,2,2|2|2|2|2|2|2|2|2|2
14043,2,False,2,1,2,2|3|2|2|2|2|2|2|2|2
14053,2,False,2,10,3,3|3|3|3|3|3|3|3|3|3
14068,2,False,2,3,2,2|2|3|3|2|2|2|2|2|3
14070,2,False,2,1,2,2|1|2|2|2|2|2|2|2|2
14078,2,False,2,3,2,2|3|2|2|2|2|5|2|2|3
14081,2,False,2,1,2,2|2|2|2|2|2|2|2|2|3
14093,2,False,2,2,2,2|2|1|2|2|2|2|2|2|3
14096,2,False,2,1,2,2|2|2|2|2|3|2|2|2|2
14098,2,False,2,3,2,2|2|2|2|3|3|2|2|3|2
14122,2,False,2,2,2,2|3|2|2|8|2|2|2|2|2
14123,2,False,2,5,2,2|2|2|2|5|5|4|4|1|2
14125,2,False,2,0,2,2|2|2|2|2|2|2|2|2|2
14140,2,False,2,0,2,2|2|2|2|2|2|2|2|2|2
14143,2,False,2,2,2,2|2|1|2|2|2|2|2|2|1
14165,2,False,2,8,0,0|0|2|0|2|0|0|0|0|0
14189,2,False,2,1,2,2|3|2|2|2|2|2|2|2|2
14196,2,False,2,7,4,2|2|4|4|4|4|1|4|4|2
14213,2,False,2,8,3,0|2|3|3|3|7|3|3|0|2
14232,2,False,2,9,3,1|3|1|2|3|3|3|3|3|1
14246,2,False,2,5,2,2|0|2|3|2|0|3|0|2|2
14249,2,False,2,10,6,6|7|7|7|7|6|6|6|6|1
14251,2,False,2,9,3,3|3|3|3|3|3|3|3|2|3
14283,2,False,2,2,2,1|2|2|2|2|2|2|3|2|2
14284,2,False,2,10,3,3|3|3|3|3|3|3|3|3|3
14317,2,False,2,7,0,0|0|2|0|0|0|0|2|0|2
14321,2,False,2,0,2,2|2|2|2|2|2|2|2|2|2
14323,2,False,2,0,2,2|2|2|2|2|2|2|2|2|2
14330,2,False,2,6,3,3|3|2|2|3|3|2|3|2|3
14331,2,False,2,6,3,3|2|3|2|3|2|3|2|3|3
14339,2,False,2,6,-1,2|4|2|2|0|0|2|4|0|0
14387,2,False,2,5,2,2|0|2|3|2|3|2|3|2|3
14390,2,False,2,2,2,2|2|2|3|2|2|2|2|2|1
14414,2,False,2,0,2,2|2|2|2|2|2|2|2|2|2
14418,2,False,2,0,2,2|2|2|2|2|2|2|2|2|2
14423,2,False,2,1,2,2|2|2|2|2|2|2|4|2|2
14435,2,False,2,1,2,2|2|2|2|2|2|3|2|2|2
14473,2,False,2,0,2,2|2|2|2|2|2|2|2|2|2
14482,2,False,2,3,2,3|2|3|2|3|2|2|2|2|2
14505,2,False,2,0,2,2|2|2|2|2|2|2|2|2|2
14528,2,False,2,0,2,2|2|2|2|2|2|2|2|2|2
14534,2,False,2,2,2,2|2|2|2|2|2|2|2|3|3
14545,2,False,2,3,2,2|2|2|6|6|2|2|2|6|2
14552,2,False,2,10,3,3|3|3|3|3|3|3|3|5|3
14561,2,False,2,4,2,3|3|2|2|2|2|2|2|3|3
14571,2,False,2,9,0,0|2|0|0|0|8|0|0|0|0
14572,2,False,2,10,0,0|0|0|0|0|0|0|0|0|0
14581,2,False,2,10,9,9|9|9|0|9|9|9|9|9|9
14585,2,False,2,1,2,2|3|2|2|2|2|2|2|2|2
14593,2,False,2,10,3,3|3|3|3|3|3|3|3|3|3
14602,2,False,2,3,2,2|3|2|2|2|3|3|2|2|2
14606,2,False,2,0,2,2|2|2|2|2|2|2|2|2|2
14614,2,False,2,9,1,1|1|1|3|2|1|1|1|1|1
14616,2,False,2,1,2,2|2|2|3|2|2|2|2|2|2
14630,2,False,2,4,2,6|2|2|2|6|2|3|6|2|2
14646,2,False,2,9,4,2|4|4|4|4|4|4|4|6|4
14653,2,False,2,7,3,3|3|3|2|2|3|2|3|3|3
14657,2,False,2,0,2,2|2|2|2|2|2|2|2|2|2
14659,2,False,2,4,2,2|2|2|3|3|2|3|3|2|2
14668,2,False,2,7,3,3|3|2|3|2|3|3|3|0|2
14681,2,False,2,0,2,2|2|2|2|2|2|2|2|2|2
14690,2,False,2,0,2,2|2|2|2|2|2|2|2|2|2
14698,2,False,2,7,-1,2|2|4|3|1|4|3|4|3|2
14718,2,False,2,6,3,3|2|3|3|2|3|2|3|3|2
14725,2,False,2,5,2,3|2|2|2|2|3|1|3|2|3
14726,2,False,2,10,9,9|5|0|9|9|0|0|9|1|9
14741,2,False,2,10,3,3|3|3|3|3|3|3|3|3|3
14758,2,False,2,6,2,9|2|0|3|2|0|3|2|0|2
14767,2,False,2,0,2,2|2|2|2|2|2|2|2|2|2
14775,2,False,2,9,3,3|2|3|3|3|3|3|3|3|3
14778,2,False,2,10,6,6|6|6|6|3|6|3|4|6|6
14783,2,False,2,1,2,2|2|2|2|2|2|1|2|2|2
14803,2,False,2,3,2,5|3|2|2|2|2|5|2|2|2
14824,2,False,2,9,0,0|0|0|0|0|2|0|0|0|0
14825,2,False,2,6,3,2|3|3|3|2|2|3|3|3|2
14864,2,False,2,0,2,2|2|2|2|2|2|2|2|2|2
14876,2,False,2,10,5,5|5|5|5|5|5|0|5|5|3
14890,2,False,2,0,2,2|2|2|2|2|2|2|2|2|2
14896,2,False,2,6,1,1|1|2|2|2|2|0|1|1|1
14902,2,False,2,8,3,2|5|1|2|3|4|3|5|3|1
14910,2,False,2,2,2,2|2|2|3|2|2|2|3|2|2
14916,2,False,2,9,3,3|3|3|3|3|3|3|3|3|2
14944,2,False,2,10,-1,5|5|5|3|5|3|5|3|3|3
14965,2,False,2,0,2,2|2|2|2|2|2|2|2|2|2
14978,2,False,2,0,2,2|2|2|2|2|2|2|2|2|2
14980,2,False,2,6,-1,1|3|2|1|2|3|2|2|1|1
14988,2,False,2,0,2,2|2|2|2|2|2|2|2|2|2
15008,2,False,2,10,4,4|5|4|4|4|4|4|4|4|4
15031,2,False,2,10,3,3|3|1|3|3|4|3|3|3|3
15051,2,False,2,1,2,2|2|2|2|2|2|2|3|2|2
15065,2,False,2,9,3,3|3|3|3|3|3|2|3|3|3
15073,2,False,2,0,2,2|2|2|2|2|2|2|2|2|2
15089,2,False,2,7,1,2|1|2|5|1|1|2|1|1|1
15092,2,False,2,2,2,2|3|2|2|2|2|1|2|2|2
15133,2,False,2,0,2,2|2|2|2|2|2|2|2|2|2
15136,2,False,2,0,2,2|2|2|2|2|2|2|2|2|2
15143,2,False,2,2,2,2|2|2|2|2|2|2|1|2|1
15144,2,False,2,7,3,3|3|2|3|3|2|3|3|2|3
15151,2,False,2,0,2,2|2|2|2|2|2|2|2|2|2
15157,2,False,2,4,2,2|2|3|3|2|2|3|3|2|2
15167,3,False,3,6,3,3|2|3|4|3|3|2|4|4|2
15173,3,False,3,10,2,2|2|2|2|2|2|2|2|2|2
15181,3,False,3,0,3,3|3|3|3|3|3|3|3|3|3
15187,3,False,3,7,1,1|3|1|1|3|3|2|1|2|5
15188,3,False,3,9,1,1|1|1|1|1|1|1|3|1|1
15196,3,False,3,1,3,3|3|2|3|3|3|3|3|3|3
15202,3,False,3,5,-1,3|3|3|2|2|2|2|3|2|3
15213,3,False,3,9,2,2|2|2|2|2|2|3|2|2|2
15245,3,False,3,0,3,3|3|3|3|3|3|3|3|3|3
15271,3,False,3,6,-1,3|2|2|3|3|1|3|2|2|7
15301,3,False,3,6,2,3|2|3|2|3|3|2|2|2|2
15347,3,False,3,1,3,3|3|3|3|3|3|3|3|5|3
15351,3,False,3,10,4,6|4|5|4|4|5|5|4|4|4
15353,3,False,3,1,3,3|3|3|3|3|2|3|3|3|3
15380,3,False,3,3,3,3|3|3|5|3|3|5|3|1|3
15391,3,False,3,5,3,3|3|3|3|5|4|3|5|5|5
15394,3,False,3,10,2,2|2|2|2|2|2|2|2|2|2
15405,3,False,3,10,7,7|7|1|7|7|7|7|7|7|0
15411,3,False,3,9,2,2|2|2|2|3|2|2|2|2|2
15428,3,False,3,1,3,3|3|3|2|3|3|3|3|3|3
15433,3,False,3,7,2,2|3|2|2|2|2|3|3|2|2
15454,3,False,3,2,3,3|3|3|3|3|3|2|3|3|2
15459,3,False,3,6,-1,9|0|3|0|0|3|2|3|0|3
15474,3,False,3,8,2,2|3|2|3|2|2|2|2|2|2
15482,3,False,3,4,3,3|3|2|3|3|2|2|3|2|3
15493,3,False,3,5,3,3|5|3|4|5|3|3|4|5|3
15502,3,False,3,3,3,3|2|3|3|3|3|2|2|3|3
15508,3,False,3,0,3,3|3|3|3|3|3|3|3|3|3
15518,3,False,3,10,2,2|2|2|2|2|2|2|2|2|2
15556,3,False,3,3,3,3|2|3|2|3|3|2|3|3|3
15558,3,False,3,0,3,3|3|3|3|3|3|3|3|3|3
15560,3,False,3,1,3,2|3|3|3|3|3|3|3|3|3
15570,3,False,3,1,3,3|2|3|3|3|3|3|3|3|3
15572,3,False,3,0,3,3|3|3|3|3|3|3|3|3|3
15587,3,False,3,4,3,2|2|2|3|2|3|3|3|3|3
15612,3,False,3,5,3,3|5|3|1|1|3|1|3|1|3
15652,3,False,3,10,2,2|2|2|2|2|2|2|0|2|2
15653,3,False,3,0,3,3|3|3|3|3|3|3|3|3|3
15669,3,False,3,8,2,2|2|2|2|2|2|2|3|3|2
15670,3,False,3,10,2,2|2|2|2|2|2|2|2|2|2
15671,3,False,3,0,3,3|3|3|3|3|3|3|3|3|3
15680,3,False,3,3,3,3|3|3|2|2|3|3|3|2|3
15687,3,False,3,0,3,3|3|3|3|3|3|3|3|3|3
15698,3,False,3,0,3,3|3|3|3|3|3|3|3|3|3
15699,3,False,3,0,3,3|3|3|3|3|3|3|3|3|3
15704,3,False,3,1,3,3|3|3|3|3|2|3|3|3|3
15711,3,False,3,3,3,3|3|2|3|2|3|1|3|3|3
15712,3,False,3,7,2,2|2|2|2|2|2|3|3|3|2
15730,3,False,3,0,3,3|3|3|3|3|3|3|3|3|3
15737,3,False,3,2,3,3|2|3|3|3|3|3|3|2|3
15740,3,False,3,10,0,0|5|0|2|7|0|0|0|0|0
15742,3,False,3,6,2,2|3|2|3|2|2|3|2|2|3
15767,3,False,3,0,3,3|3|3|3|3|3|3|3|3|3
15776,3,False,3,6,2,3|2|3|2|3|3|2|2|2|2
15777,3,False,3,2,3,3|3|2|3|3|3|3|7|3|3
15792,3,False,3,8,2,2|2|2|2|3|2|2|3|2|2
15805,3,False,3,0,3,3|3|3|3|3|3|3|3|3|3
15810,3,False,3,7,2,2|4|2|0|3|2|1|2|3|3
15836,3,False,3,1,3,3|2|3|3|3|3|3|3|3|3
15852,3,False,3,1,3,3|5|3|3|3|3|3|3|3|3
15853,3,False,3,0,3,3|3|3|3|3|3|3|3|3|3
15862,3,False,3,1,3,3|3|3|3|3|3|2|3|3|3
15863,3,False,3,0,3,3|3|3|3|3|3|3|3|3|3
15870,3,False,3,0,3,3|3|3|3|3|3|3|3|3|3
15881,3,False,3,7,-1,2|5|3|0|2|3|3|0|2|0
15893,3,False,3,0,3,3|3|3|3|3|3|3|3|3|3
15902,3,False,3,1,3,3|3|3|2|3|3|3|3|3|3
15907,3,False,3,1,3,3|5|3|3|3|3|3|3|3|3
15916,3,False,3,7,2,2|3|2|3|2|3|2|2|2|2
15917,3,False,3,8,2,2|0|2|3|2|2|3|2|2|2
15918,3,False,3,10,2,2|2|2|2|2|2|2|2|2|2
15941,3,False,3,0,3,3|3|3|3|3|3|3|3|3|3
15952,3,False,3,9,4,2|4|4|4|3|4|1|4|4|4
15957,3,False,3,7,2,2|2|3|2|3|3|2|2|2|2
15970,3,False,3,1,3,3|3|3|1|3|3|3|3|3|3
15980,3,False,3,3,3,3|3|3|3|3|3|3|2|2|2
15981,3,False,3,5,-1,2|2|2|3|3|3|3|2|3|2
15983,3,False,3,3,3,2|3|2|3|3|3|3|3|3|2
16000,3,False,3,5,3,0|3|2|7|7|3|3|3|2|3
16006,3,False,3,2,3,2|3|2|3|3|3|3|3|3|3
16009,3,False,3,0,3,3|3|3|3|3|3|3|3|3|3
16010,3,False,3,0,3,3|3|3|3|3|3|3|3|3|3
16057,3,False,3,6,2,2|3|2|2|2|2|3|3|3|2
16064,3,False,3,10,0,0|0|0|0|0|0|0|0|0|0
16072,3,False,3,2,3,1|3|3|1|3|3|3|3|3|3
16074,3,False,3,6,-1,3|0|5|3|3|0|3|5|0|0
16114,3,False,3,1,3,3|3|3|0|3|3|3|3|3|3
16115,3,False,3,0,3,3|3|3|3|3|3|3|3|3|3
16117,3,False,3,1,3,3|3|3|3|2|3|3|3|3|3
16137,3,False,3,7,2,3|2|2|3|2|2|2|2|3|2
16155,3,False,3,0,3,3|3|3|3|3|3|3|3|3|3
16159,3,False,3,8,1,1|1|3|1|1|4|1|3|4|1
16160,3,False,3,1,3,3|2|3|3|3|3|3|3|3|3
16161,3,False,3,10,2,2|2|2|2|2|2|2|2|2|2
16162,3,False,3,1,3,3|3|3|2|3|3|3|3|3|3
16166,3,False,3,1,3,3|3|3|3|2|3|3|3|3|3
16182,3,False,3,4,3,1|3|3|1|3|3|3|1|3|1
16199,3,False,3,1,3,3|3|3|3|3|2|3|3|3|3
16206,3,False,3,6,-1,5|3|5|3|4|5|5|3|3|1
16207,3,False,3,0,3,3|3|3|3|3|3|3|3|3|3
16224,3,False,3,7,-1,5|5|3|4|1|3|2|3|5|1
16229,3,False,3,7,1,1|1|2|3|1|1|3|3|1|1
16235,3,False,3,4,3,3|5|3|2|4|3|2|3|3|3
16236,3,False,3,0,3,3|3|3|3|3|3|3|3|3|3
16249,3,False,3,9,-1,1|3|1|5|5|1|5|4|5|1
16254,3,False,3,5,-1,1|3|1|3|1|3|3|3|1|1
16271,3,False,3,8,-1,3|2|1|2|3|1|2|1|1|2
16273,3,False,3,0,3,3|3|3|3|3|3|3|3|3|3
16294,3,False,3,10,2,2|2|2|2|2|2|2|2|2|2
16310,3,False,3,9,2,2|2|2|3|2|2|2|2|2|2
16323,3,False,3,9,1,1|1|1|1|1|1|0|1|1|3
16324,3,False,3,9,9,8|9|5|9|9|8|9|5|3|9
16333,3,False,3,2,3,3|3|3|3|3|2|4|3|3|3
16339,3,False,3,0,3,3|3|3|3|3|3|3|3|3|3
16342,3,False,3,10,-1,8|9|9|9|9|8|8|9|8|8
16350,3,False,3,3,3,2|2|3|3|3|3|2|3|3|3
16359,3,False,3,0,3,3|3|3|3|3|3|3|3|3|3
16368,3,False,3,6,2,2|3|2|3|2|2|0|3|3|2
16373,3,False,3,2,3,3|3|3|3|3|3|2|3|2|3
16377,3,False,3,1,3,3|2|3|3|3|3|3|3|3|3
16393,3,False,3,10,5,5|5|5|5|4|4|5|5|1|5
16396,3,False,3,9,2,2|2|2|2|2|2|2|3|2|2
16397,3,False,3,1,3,3|2|3|3|3|3|3|3|3|3
16411,3,False,3,0,3,3|3|3|3|3|3|3|3|3|3
16413,3,False,3,9,2,2|9|2|9|2|9|9|3|2|2
16416,3,False,3,3,3,3|2|3|2|3|2|3|3|3|3
16462,3,False,3,8,2,2|3|2|3|2|2|2|2|2|2
16487,3,False,3,10,1,1|1|2|1|1|1|1|1|1|1
16489,3,False,3,1,3,3|3|3|3|3|3|3|2|3|3
16501,3,False,3,0,3,3|3|3|3|3|3|3|3|3|3
16514,3,False,3,0,3,3|3|3|3|3|3|3|3|3|3
16526,3,False,3,4,3,2|2|3|2|3|3|3|3|2|3
16538,3,False,3,0,3,3|3|3|3|3|3|3|3|3|3
16559,3,False,3,5,-1,2|3|3|2|2|2|2|3|3|3
16563,3,False,3,3,3,3|2|3|2|3|3|3|3|2|3
16574,3,False,3,1,3,3|3|3|3|3|3|3|3|3|1
16577,3,False,3,0,3,3|3|3|3|3|3|3|3|3|3
16584,3,False,3,0,3,3|3|3|3|3|3|3|3|3|3
16596,3,False,3,4,3,3|2|3|3|3|3|2|1|3|2
16599,3,False,3,8,2,2|2|2|2|2|2|2|3|3|2
16600,3,False,3,0,3,3|3|3|3|3|3|3|3|3|3
16602,3,False,3,2,3,3|1|3|3|3|3|3|3|1|3
16604,3,False,3,2,3,3|3|2|3|3|3|2|3|3|3
16609,3,False,3,4,3,3|2|3|2|3|2|3|3|3|2
16610,3,False,3,1,3,3|3|3|3|3|3|3|2|3|3
16632,3,False,3,7,2,2|3|2|2|2|2|3|3|2|2
16655,3,False,3,2,3,3|3|3|2|3|3|3|3|3|2
16660,3,False,3,0,3,3|3|3|3|3|3|3|3|3|3
16664,3,False,3,1,3,1|3|3|3|3|3|3|3|3|3
16666,3,False,3,0,3,3|3|3|3|3|3|3|3|3|3
16674,3,False,3,1,3,3|3|3|3|3|3|3|3|5|3
16684,3,False,3,0,3,3|3|3|3|3|3|3|3|3|3
16710,3,False,3,10,2,2|1|2|2|2|1|2|2|1|2
16724,3,False,3,3,3,3|3|3|3|3|3|3|2|2|2
16740,3,False,3,7,2,0|2|3|3|2|3|2|0|2|2
16763,3,False,3,10,0,0|2|0|0|1|0|5|0|1|0
16767,3,False,3,3,3,3|3|3|3|3|3|2|2|3|1
16769,3,False,3,0,3,3|3|3|3|3|3|3|3|3|3
16776,3,False,3,9,5,5|5|3|5|5|5|5|5|5|5
16780,3,False,3,5,3,2|4|3|2|2|3|2|3|3|3
16785,3,False,3,1,3,3|2|3|3|3|3|3|3|3|3
16790,3,False,3,0,3,3|3|3|3|3|3|3|3|3|3
16791,3,False,3,6,2,2|2|3|3|2|2|2|2|3|3
16804,3,False,3,9,2,2|2|2|3|2|2|2|2|2|2
16825,3,False,3,4,3,2|3|2|3|3|2|3|3|3|2
16831,3,False,3,10,0,0|0|0|0|0|0|0|0|0|0
16832,3,False,3,1,3,3|3|3|3|3|3|2|3|3|3
16838,3,False,3,0,3,3|3|3|3|3|3|3|3|3|3
16844,3,False,3,0,3,3|3|3|3|3|3|3|3|3|3
16848,3,False,3,4,3,2|3|2|3|3|2|3|3|3|2
16850,3,False,3,2,3,3|3|3|5|3|3|2|3|3|3
16854,3,False,3,0,3,3|3|3|3|3|3|3|3|3|3
16857,3,False,3,0,3,3|3|3|3|3|3|3|3|3|3
16866,3,False,3,3,3,1|3|3|1|1|3|3|3|3|3
16911,3,False,3,0,3,3|3|3|3|3|3|3|3|3|3
16919,3,False,3,10,1,1|1|2|1|2|1|1|2|1|2
16921,3,False,3,0,3,3|3|3|3|3|3|3|3|3|3
16922,3,False,3,3,3,3|3|3|2|3|3|2|2|3|3
16928,3,False,3,2,3,3|3|2|2|3|3|3|3|3|3
16931,3,False,3,0,3,3|3|3|3|3|3|3|3|3|3
16941,3,False,3,2,3,2|3|3|3|3|3|3|3|2|3
16948,3,False,3,1,3,6|3|3|3|3|3|3|3|3|3
16968,3,False,3,10,5,5|5|5|5|5|5|5|5|5|5
16971,3,False,3,0,3,3|3|3|3|3|3|3|3|3|3
16981,3,False,3,0,3,3|3|3|3|3|3|3|3|3|3
17014,3,False,3,2,3,1|3|3|3|3|3|2|3|3|3
17029,3,False,3,10,2,2|2|2|4|2|2|4|4|2|2
17037,3,False,3,10,4,5|0|4|4|0|1|2|4|5|4
17049,3,False,3,0,3,3|3|3|3|3|3|3|3|3|3
17053,3,False,3,10,0,6|0|0|0|0|0|8|9|9|5
17055,3,False,3,8,-1,1|3|2|1|2|2|2|1|1|3
17056,3,False,3,0,3,3|3|3|3|3|3|3|3|3|3
17061,3,False,3,0,3,3|3|3|3|3|3|3|3|3|3
17079,3,False,3,2,3,5|3|3|5|3|3|3|3|3|3
17091,3,False,3,4,3,3|3|3|2|5|3|2|3|2|3
17092,3,False,3,0,3,3|3|3|3|3|3|3|3|3|3
17095,3,False,3,10,5,5|5|5|5|5|5|5|5|5|1
17106,3,False,3,0,3,3|3|3|3|3|3|3|3|3|3
17127,3,False,3,0,3,3|3|3|3|3|3|3|3|3|3
17131,3,False,3,5,3,3|2|5|1|3|3|2|3|3|2
17149,3,False,3,5,-1,2|3|3|2|2|2|3|3|3|2
17150,3,False,3,6,2,2|2|3|2|3|3|2|2|2|3
17156,3,False,3,10,2,2|2|2|2|2|2|2|2|2|2
17162,3,False,3,7,0,0|2|3|0|0|3|0|3|2|0
17166,3,False,3,5,-1,3|2|2|3|3|2|3|2|3|2
17171,3,False,3,10,2,2|2|2|2|2|2|2|2|2|2
17173,3,False,3,5,-1,2|2|3|3|3|2|2|3|2|3
17174,3,False,3,3,3,1|2|3|2|3|3|3|3|3|3
17198,3,False,3,7,2,2|3|2|3|2|3|2|2|2|2
17201,3,False,3,0,3,3|3|3|3|3|3|3|3|3|3
17222,3,False,3,1,3,2|3|3|3|3|3|3|3|3|3
17258,3,False,3,1,3,3|3|3|3|3|3|5|3|3|3
17281,3,False,3,10,1,6|6|1|4|4|1|1|1|1|6
17287,3,False,3,10,2,1|2|2|2|0|2|2|0|0|0
17295,3,False,3,8,2,2|2|2|2|3|2|2|3|2|2
17310,3,False,3,4,3,2|2|2|3|2|3|3|3|3|3
17320,3,False,3,0,3,3|3|3|3|3|3|3|3|3|3
17340,3,False,3,0,3,3|3|3|3|3|3|3|3|3|3
17353,3,False,3,0,3,3|3|3|3|3|3|3|3|3|3
17357,3,False,3,0,3,3|3|3|3|3|3|3|3|3|3
17363,3,False,3,0,3,3|3|3|3|3|3|3|3|3|3
17367,3,False,3,2,3,3|3|3|3|3|3|2|3|0|3
17372,3,False,3,0,3,3|3|3|3|3|3|3|3|3|3
17373,3,False,3,0,3,3|3|3|3|3|3|3|3|3|3
17381,3,False,3,7,2,2|2|2|3|2|3|2|3|2|2
17393,3,False,3,0,3,3|3|3|3|3|3|3|3|3|3
17439,3,False,3,9,1,1|2|1|1|1|3|1|1|2|1
17453,3,False,3,5,-1,3|2|2|3|2|2|2|3|3|3
17494,3,False,3,10,2,2|2|2|2|2|2|2|2|2|2
17496,3,False,3,3,3,3|3|3|3|2|2|3|3|2|3
17505,3,False,3,8,2,2|2|2|2|2|3|2|2|2|3
17539,3,False,3,0,3,3|3|3|3|3|3|3|3|3|3
17544,3,False,3,2,3,3|3|3|3|3|3|2|3|2|3
17553,3,False,3,10,2,2|2|2|2|2|2|2|2|2|2
17560,3,False,3,2,3,5|3|3|3|3|3|3|3|5|3
17563,3,False,3,6,2,2|3|2|3|2|2|3|2|3|2
17576,3,False,3,9,8,8|8|8|3|5|5|8|0|8|9
17585,3,False,3,0,3,3|3|3|3|3|3|3|3|3|3
17593,3,False,3,8,2,2|2|2|3|3|2|2|2|2|2
17597,3,False,3,2,3,3|3|3|3|3|3|5|3|3|5
17606,3,False,3,1,3,3|2|3|3|3|3|3|3|3|3
17625,3,False,3,0,3,3|3|3|3|3|3|3|3|3|3
17628,3,False,3,7,2,2|2|3|2|2|3|3|2|2|2
17631,3,False,3,8,5,5|5|5|5|5|3|1|3|5|5
17642,3,False,3,0,3,3|3|3|3|3|3|3|3|3|3
17661,3,False,3,0,3,3|3|3|3|3|3|3|3|3|3
17676,3,False,3,5,-1,2|3|2|3|2|3|3|2|2|3
17682,3,False,3,0,3,3|3|3|3|3|3|3|3|3|3
17701,3,False,3,10,2,2|2|2|2|2|2|1|2|2|2
17712,3,False,3,10,8,8|8|8|1|8|8|8|1|8|2
17714,3,False,3,9,2,0|2|2|2|3|2|2|0|0|2
17715,3,False,3,8,2,2|3|2|2|2|2|3|2|2|2
17716,3,False,3,2,3,3|1|3|3|3|3|3|5|3|3
17721,3,False,3,7,0,2|3|2|3|8|0|3|0|0|0
17723,3,False,3,2,3,1|3|3|3|3|3|3|1|3|3
17740,3,False,3,1,3,3|3|3|3|3|1|3|3|3|3
17745,3,False,3,0,3,3|3|3|3|3|3|3|3|3|3
17751,3,False,3,10,2,2|2|2|2|2|2|2|2|2|2
17755,3,False,3,10,0,1|2|0|2|0|1|2|1|0|0
17758,3,False,3,0,3,3|3|3|3|3|3|3|3|3|3
17759,3,False,3,2,3,3|2|3|3|3|3|2|3|3|3
17775,3,False,3,10,2,2|2|2|2|2|2|2|2|2|2
17777,3,False,3,0,3,3|3|3|3|3|3|3|3|3|3
17780,3,False,3,0,3,3|3|3|3|3|3|3|3|3|3
17781,3,False,3,4,3,2|2|3|2|3|3|3|3|2|3
17784,3,False,3,0,3,3|3|3|3|3|3|3|3|3|3
17785,3,False,3,2,3,3|3|3|0|3|3|3|3|2|3
17795,3,False,3,10,5,5|5|5|5|5|5|5|5|5|5
17810,3,False,3,0,3,3|3|3|3|3|3|3|3|3|3
17824,3,False,3,0,3,3|3|3|3|3|3|3|3|3|3
17845,3,False,3,4,3,3|3|3|2|5|3|2|3|3|2
17851,3,False,3,0,3,3|3|3|3|3|3|3|3|3|3
17852,3,False,3,0,3,3|3|3|3|3|3|3|3|3|3
17855,3,False,3,10,2,2|2|2|2|2|2|2|2|2|2
17873,3,False,3,0,3,3|3|3|3|3|3|3|3|3|3
17877,3,False,3,0,3,3|3|3|3|3|3|3|3|3|3
17964,3,False,3,0,3,3|3|3|3|3|3|3|3|3|3
17965,3,False,3,8,2,3|2|1|2|2|2|3|2|2|2
17980,3,False,3,1,3,3|3|3|3|3|3|3|3|3|4
17993,3,False,3,0,3,3|3|3|3|3|3|3|3|3|3
18001,3,False,3,0,3,3|3|3|3|3|3|3|3|3|3
18005,3,False,3,0,3,3|3|3|3|3|3|3|3|3|3
18009,3,False,3,2,3,3|2|3|2|3|3|3|3|3|3
18013,3,False,3,0,3,3|3|3|3|3|3|3|3|3|3
18014,3,False,3,6,2,2|2|3|3|2|3|2|2|3|2
18020,3,False,3,0,3,3|3|3|3|3|3|3|3|3|3
18039,3,False,3,1,3,3|3|3|3|3|3|3|3|2|3
18055,3,False,3,0,3,3|3|3|3|3|3|3|3|3|3
18064,3,False,3,10,2,2|2|2|2|2|2|2|2|2|2
18065,3,False,3,0,3,3|3|3|3|3|3|3|3|3|3
18067,3,False,3,0,3,3|3|3|3|3|3|3|3|3|3
18074,3,False,3,6,2,3|5|2|2|2|3|2|3|3|2
18075,3,False,3,0,3,3|3|3|3|3|3|3|3|3|3
18081,3,False,3,1,3,3|3|3|3|2|3|3|3|3|3
18087,3,False,3,4,3,3|3|2|3|3|2|2|2|3|3
18092,3,False,3,10,5,5|5|5|5|5|5|5|5|5|5
18095,3,False,3,0,3,3|3|3|3|3|3|3|3|3|3
18110,3,False,3,1,3,0|3|3|3|3|3|3|3|3|3
18113,3,False,3,9,5,5|5|5|2|5|5|2|3|5|5
18122,3,False,3,6,3,3|2|3|4|2|3|2|3|5|5
18140,3,False,3,0,3,3|3|3|3|3|3|3|3|3|3
18158,3,False,3,2,3,3|3|2|3|3|3|2|3|3|3
18169,3,False,3,6,3,5|5|2|5|3|2|3|3|2|3
18172,3,False,3,9,2,2|2|2|3|2|2|2|2|2|2
18178,3,False,3,5,-1,3|2|3|2|3|2|2|2|3|3
18197,3,False,3,10,2,2|2|2|2|2|2|2|2|2|2
18200,3,False,3,8,2,3|2|2|2|2|2|2|2|3|2
18244,3,False,3,10,4,4|4|4|4|4|4|4|4|4|4
18251,3,False,3,0,3,3|3|3|3|3|3|3|3|3|3
18266,3,False,3,5,-1,3|1|1|1|3|3|3|3|1|1
18274,3,False,3,7,2,3|2|2|2|3|2|2|2|2|3
18286,3,False,3,10,4,4|4|4|4|4|4|4|4|4|4
18298,3,False,3,0,3,3|3|3|3|3|3|3|3|3|3
18313,3,False,3,1,3,3|3|3|3|3|3|3|3|2|3
18314,3,False,3,1,3,3|3|3|3|3|3|5|3|3|3
18318,3,False,3,9,2,2|2|2|2|3|2|2|2|2|2
18324,3,False,3,1,3,3|3|3|3|3|2|3|3|3|3
18332,3,False,3,1,3,3|3|3|3|3|3|3|3|3|1
18337,3,False,3,0,3,3|3|3|3|3|3|3|3|3|3
18349,3,False,3,0,3,3|3|3|3|3|3|3|3|3|3
18361,3,False,3,1,3,3|3|3|3|3|3|2|3|3|3
18368,3,False,3,9,0,8|2|2|0|0|0|0|0|3|0
18374,3,False,3,8,2,2|2|2|3|2|2|3|2|2|2
18382,3,False,3,4,3,3|2|3|2|3|3|2|3|1|3
18384,3,False,3,7,2,3|2|2|2|3|2|3|2|2|2
18393,3,False,3,0,3,3|3|3|3|3|3|3|3|3|3
18395,3,False,3,3,3,3|2|3|3|3|3|5|4|3|3
18396,3,False,3,0,3,3|3|3|3|3|3|3|3|3|3
18414,3,False,3,7,2,2|2|2|2|2|2|3|3|3|2
18420,3,False,3,3,3,3|3|3|2|3|3|2|3|3|2
18424,3,False,3,0,3,3|3|3|3|3|3|3|3|3|3
18429,3,False,3,10,2,2|2|2|2|2|2|2|2|2|2
18432,3,False,3,7,0,0|0|0|3|3|0|3|0|0|0
18446,3,False,3,3,3,3|3|2|3|2|2|3|3|3|3
18451,3,False,3,0,3,3|3|3|3|3|3|3|3|3|3
18473,3,False,3,1,3,3|2|3|3|3|3|3|3|3|3
18479,3,False,3,0,3,3|3|3|3|3|3|3|3|3|3
18483,3,False,3,0,3,3|3|3|3|3|3|3|3|3|3
18509,3,False,3,0,3,3|3|3|3|3|3|3|3|3|3
18511,3,False,3,0,3,3|3|3|3|3|3|3|3|3|3
18525,3,False,3,8,1,1|3|1|2|1|1|0|3|1|1
18526,3,False,3,1,3,3|3|3|3|3|3|3|2|3|3
18535,3,False,3,0,3,3|3|3|3|3|3|3|3|3|3
18550,3,False,3,0,3,3|3|3|3|3|3|3|3|3|3
18555,3,False,3,9,7,7|6|7|3|7|6|7|7|6|7
18582,3,False,3,8,1,1|5|1|1|5|3|3|1|1|5
18589,3,False,3,2,3,3|3|3|1|3|3|2|3|3|3
18593,3,False,3,10,2,2|2|2|2|2|2|9|2|2|2
18594,3,False,3,0,3,3|3|3|3|3|3|3|3|3|3
18596,3,False,3,6,2,3|2|3|3|2|3|2|2|2|1
18602,3,False,3,0,3,3|3|3|3|3|3|3|3|3|3
18651,3,False,3,2,3,3|2|3|3|3|3|3|3|2|3
18657,3,False,3,2,3,3|3|7|3|3|3|3|3|3|7
18662,3,False,3,0,3,3|3|3|3|3|3|3|3|3|3
18664,3,False,3,4,3,3|3|2|3|3|2|2|3|2|3
18676,3,False,3,0,3,3|3|3|3|3|3|3|3|3|3
18696,3,False,3,0,3,3|3|3|3|3|3|3|3|3|3
18707,3,False,3,0,3,3|3|3|3|3|3|3|3|3|3
18725,3,False,3,2,3,3|3|1|3|3|3|3|1|3|3
18726,3,False,3,9,2,2|2|2|2|2|2|2|3|2|2
18749,3,False,3,1,3,3|2|3|3|3|3|3|3|3|3
18752,3,False,3,0,3,3|3|3|3|3|3|3|3|3|3
18754,3,False,3,10,2,2|2|2|2|2|2|2|2|2|2
18768,3,False,3,7,2,2|2|2|3|2|2|2|3|3|2
18771,3,False,3,0,3,3|3|3|3|3|3|3|3|3|3
18776,3,False,3,1,3,3|3|3|2|3|3|3|3|3|3
18782,3,False,3,2,3,3|3|3|3|3|3|3|5|5|3
18783,3,False,3,1,3,3|3|3|3|3|3|3|5|3|3
18810,3,False,3,2,3,3|3|2|3|3|3|2|3|3|3
18822,3,False,3,7,2,2|2|2|3|2|2|3|2|2|3
18826,3,False,3,1,3,3|3|3|3|3|3|3|3|5|3
18828,3,False,3,2,3,3|2|3|2|3|3|3|3|3|3
18830,3,False,3,9,2,2|2|3|2|2|2|2|2|2|2
18833,3,False,3,10,2,2|2|2|2|2|2|2|2|2|2
18841,3,False,3,5,-1,2|2|2|3|3|3|3|2|3|2
18850,3,False,3,8,1,1|3|0|1|3|2|2|1|2|1
18860,3,False,3,10,8,9|9|8|8|9|8|8|9|8|8
18862,3,False,3,0,3,3|3|3|3|3|3|3|3|3|3
18863,3,False,3,3,3,3|3|2|3|2|0|3|3|3|3
18873,3,False,3,2,3,3|3|2|3|3|3|3|3|5|3
18884,3,False,3,2,3,3|2|3|3|3|3|2|3|3|3
18894,3,False,3,0,3,3|3|3|3|3|3|3|3|3|3
18919,3,False,3,0,3,3|3|3|3|3|3|3|3|3|3
18923,3,False,3,10,0,4|0|0|2|0|0|4|0|4|0
18940,3,False,3,0,3,3|3|3|3|3|3|3|3|3|3
18945,3,False,3,6,2,3|2|3|2|2|3|2|2|3|1
18949,3,False,3,0,3,3|3|3|3|3|3|3|3|3|3
18958,3,False,3,8,5,5|5|5|3|5|5|3|5|5|5
18963,3,False,3,1,3,3|3|3|3|3|3|2|3|3|3
18965,3,False,3,2,3,3|3|3|3|2|2|3|3|3|3
18979,3,False,3,0,3,3|3|3|3|3|3|3|3|3|3
18981,3,False,3,2,3,3|3|3|3|2|2|3|3|3|3
18986,3,False,3,9,2,2|2|2|2|2|2|2|2|2|3
18990,3,False,3,10,2,2|2|2|2|2|2|2|2|2|2
18999,3,False,3,0,3,3|3|3|3|3|3|3|3|3|3
19010,3,False,3,9,1,1|1|1|1|1|1|1|3|1|1
19020,3,False,3,3,3,3|2|3|3|3|2|3|2|3|3
19023,3,False,3,1,3,1|3|3|3|3|3|3|3|3|3
19032,3,False,3,1,3,3|3|3|3|3|3|3|3|0|3
19042,3,False,3,1,3,3|3|3|3|3|3|2|3|3|3
19046,3,False,3,2,3,3|2|3|3|3|3|2|3|3|3
19051,3,False,3,0,3,3|3|3|3|3|3|3|3|3|3
19052,3,False,3,2,3,1|0|3|3|3|3|3|3|3|3
19064,3,False,3,9,2,2|2|2|3|0|2|0|2|2|2
19081,3,False,3,9,1,1|3|1|1|1|2|1|1|1|2
19103,3,False,3,8,-1,0|2|2|3|0|2|2|3|0|0
19116,3,False,3,0,3,3|3|3|3|3|3|3|3|3|3
19136,3,False,3,0,3,3|3|3|3|3|3|3|3|3|3
19146,3,False,3,0,3,3|3|3|3|3|3|3|3|3|3
19149,3,False,3,1,3,3|3|2|3|3|3|3|3|3|3
19151,3,False,3,5,-1,5|3|3|5|3|3|3|5|5|5
19174,3,False,3,4,3,3|3|5|2|3|3|5|3|5|3
19177,3,False,3,3,3,3|3|5|2|3|3|2|3|3|3
19200,3,False,3,0,3,3|3|3|3|3|3|3|3|3|3
19215,3,False,3,1,3,3|3|3|3|3|3|2|3|3|3
19226,3,False,3,6,2,2|2|2|3|2|2|3|3|3|2
19233,3,False,3,0,3,3|3|3|3|3|3|3|3|3|3
19239,3,False,3,1,3,2|3|3|3|3|3|3|3|3|3
19241,3,False,3,9,2,2|2|2|2|2|2|2|3|2|2
19258,3,False,3,0,3,3|3|3|3|3|3|3|3|3|3
19271,3,False,3,1,3,3|3|2|3|3|3|3|3|3|3
19273,3,False,3,3,3,2|3|2|3|3|3|3|3|2|3
19297,3,False,3,0,3,3|3|3|3|3|3|3|3|3|3
19308,3,False,3,2,3,3|3|3|3|3|2|3|3|2|3
19311,3,False,3,10,1,1|1|1|1|1|1|1|1|1|1
19322,3,False,3,1,3,3|3|3|3|3|3|3|3|3|2
19327,3,False,3,0,3,3|3|3|3|3|3|3|3|3|3
19349,3,False,3,0,3,3|3|3|3|3|3|3|3|3|3
19350,3,False,3,9,2,2|2|2|2|2|2|2|2|2|3
19361,3,False,3,6,2,2|2|2|2|2|3|3|2|3|3
19363,3,False,3,0,3,3|3|3|3|3|3|3|3|3|3
19366,3,False,3,0,3,3|3|3|3|3|3|3|3|3|3
19371,3,False,3,5,3,3|0|3|3|3|1|0|1|3|1
19401,3,False,3,2,3,3|2|3|3|3|3|2|3|3|3
19407,3,False,3,1,3,3|1|3|3|3|3|3|3|3|3
19410,3,False,3,4,3,3|5|3|1|3|3|5|3|5|3
19412,3,False,3,0,3,3|3|3|3|3|3|3|3|3|3
19450,3,False,3,8,1,5|3|1|1|1|1|0|1|3|1
19452,3,False,3,10,2,2|2|2|2|2|2|2|2|2|2
19487,3,False,3,0,3,3|3|3|3|3|3|3|3|3|3
19501,3,False,3,1,3,3|3|3|3|3|3|5|3|3|3
19507,3,False,3,10,0,0|0|9|0|9|0|0|9|0|0
19511,3,False,3,10,2,2|2|2|2|2|2|2|2|2|2
19529,3,False,3,1,3,3|1|3|3|3|3|3|3|3|3
19532,3,False,3,2,3,2|3|2|3|3|3|3|3|3|3
19537,3,False,3,8,2,5|2|2|2|3|0|2|3|0|0
19592,3,False,3,0,3,3|3|3|3|3|3|3|3|3|3
19596,3,False,3,6,5,5|1|3|3|3|5|3|5|5|5
19604,3,False,3,9,0,0|0|0|0|0|0|0|0|0|3
19608,3,False,3,8,7,7|3|7|7|7|2|0|4|3|7
19616,3,False,3,0,3,3|3|3|3|3|3|3|3|3|3
19633,3,False,3,4,3,3|3|2|2|3|3|2|3|3|2
19658,3,False,3,0,3,3|3|3|3|3|3|3|3|3|3
19677,3,False,3,2,3,3|3|2|2|3|3|3|3|3|3
19691,3,False,3,1,3,3|3|3|3|2|3|3|3|3|3
19712,3,False,3,1,3,3|3|3|3|3|3|2|3|3|3
19736,3,False,3,10,2,2|0|0|2|4|2|2|2|0|0
19742,3,False,3,1,3,3|3|3|3|3|3|2|3|3|3
19744,3,False,3,10,1,1|1|1|1|5|1|1|1|1|1
19751,3,False,3,0,3,3|3|3|3|3|3|3|3|3|3
19758,3,False,3,1,3,3|3|3|0|3|3|3|3|3|3
19781,3,False,3,7,2,3|2|3|2|3|2|2|2|2|2
19787,3,False,3,2,3,3|3|3|2|3|2|3|3|3|3
19799,3,False,3,0,3,3|3|3|3|3|3|3|3|3|3
19814,3,False,3,5,3,3|3|2|3|1|3|3|2|2|2
19823,3,False,3,4,3,3|2|1|1|3|3|3|3|1|3
19829,3,False,3,10,1,1|2|1|2|1|1|2|1|1|2
19835,3,False,3,3,3,3|3|3|2|3|2|2|3|3|3
19836,3,False,3,0,3,3|3|3|3|3|3|3|3|3|3
19841,3,False,3,1,3,3|3|3|3|3|3|3|3|3|2
19862,3,False,3,5,3,2|5|3|3|3|3|2|5|4|3
19864,3,False,3,10,2,2|2|2|2|2|2|2|2|2|2
19873,3,False,3,2,3,3|3|3|3|3|2|3|2|3|3
19885,3,False,3,10,5,5|5|5|5|5|5|5|5|5|5
19903,3,False,3,3,3,1|3|2|1|3|3|3|3|3|3
19907,3,False,3,10,2,2|2|2|2|2|2|2|2|2|2
19917,3,False,3,0,3,3|3|3|3|3|3|3|3|3|3
19923,3,False,3,0,3,3|3|3|3|3|3|3|3|3|3
19930,3,False,3,0,3,3|3|3|3|3|3|3|3|3|3
19934,3,False,3,0,3,3|3|3|3|3|3|3|3|3|3
19939,3,False,3,1,3,3|3|3|3|3|2|3|3|3|3
19956,3,False,3,1,3,3|3|3|3|3|3|3|1|3|3
19969,3,False,3,0,3,3|3|3|3|3|3|3|3|3|3
19981,3,False,3,0,3,3|3|3|3|3|3|3|3|3|3
20029,4,False,4,1,4,4|4|4|4|4|4|5|4|4|4
20034,4,False,4,10,5,5|2|1|5|2|5|5|3|5|2
20039,4,False,4,0,4,4|4|4|4|4|4|4|4|4|4
20048,4,False,4,0,4,4|4|4|4|4|4|4|4|4|4
20055,4,False,4,2,4,4|4|4|4|4|4|5|5|4|4
20062,4,False,4,2,4,4|4|4|4|4|4|4|0|4|0
20073,4,False,4,0,4,4|4|4|4|4|4|4|4|4|4
20081,4,False,4,10,2,2|2|2|2|2|2|2|2|2|2
20084,4,False,4,0,4,4|4|4|4|4|4|4|4|4|4
20113,4,False,4,0,4,4|4|4|4|4|4|4|4|4|4
20117,4,False,4,6,4,6|3|2|4|3|4|4|5|4|2
20161,4,False,4,0,4,4|4|4|4|4|4|4|4|4|4
20170,4,False,4,0,4,4|4|4|4|4|4|4|4|4|4
20174,4,False,4,7,-1,1|2|5|8|5|5|4|4|9|4
20176,4,False,4,10,5,5|5|5|5|5|5|5|5|5|5
20181,4,False,4,1,4,4|4|4|4|4|4|4|4|4|5
20183,4,False,4,2,4,4|4|2|4|4|4|4|4|4|2
20198,4,False,4,0,4,4|4|4|4|4|4|4|4|4|4
20239,4,False,4,0,4,4|4|4|4|4|4|4|4|4|4
20260,4,False,4,0,4,4|4|4|4|4|4|4|4|4|4
20273,4,False,4,0,4,4|4|4|4|4|4|4|4|4|4
20278,4,False,4,0,4,4|4|4|4|4|4|4|4|4|4
20279,4,False,4,10,5,5|5|5|5|5|5|5|5|5|5
20293,4,False,4,8,5,0|5|1|5|0|4|0|5|5|4
20294,4,False,4,0,4,4|4|4|4|4|4|4|4|4|4
20313,4,False,4,4,4,4|5|4|4|4|5|4|5|5|4
20319,4,False,4,0,4,4|4|4|4|4|4|4|4|4|4
20321,4,False,4,3,4,4|4|4|5|4|4|1|4|4|1
20323,4,False,4,4,4,0|4|4|4|1|5|4|4|0|4
20335,4,False,4,0,4,4|4|4|4|4|4|4|4|4|4
20337,4,False,4,10,0,0|3|0|7|0|0|2|8|7|3
20342,4,False,4,3,4,4|4|4|4|4|4|5|5|4|5
20374,4,False,4,0,4,4|4|4|4|4|4|4|4|4|4
20376,4,False,4,0,4,4|4|4|4|4|4|4|4|4|4
20378,4,False,4,1,4,4|4|4|4|7|4|4|4|4|4
20382,4,False,4,0,4,4|4|4|4|4|4|4|4|4|4
20384,4,False,4,0,4,4|4|4|4|4|4|4|4|4|4
20401,4,False,4,5,-1,5|4|5|5|5|4|4|4|5|4
20421,4,False,4,0,4,4|4|4|4|4|4|4|4|4|4
20433,4,False,4,0,4,4|4|4|4|4|4|4|4|4|4
20439,4,False,4,0,4,4|4|4|4|4|4|4|4|4|4
20441,4,False,4,1,4,4|4|4|2|4|4|4|4|4|4
20449,4,False,4,10,6,6|6|6|6|6|6|6|6|6|6
20456,4,False,4,0,4,4|4|4|4|4|4|4|4|4|4
20464,4,False,4,6,5,5|4|5|4|5|5|4|5|5|4
20465,4,False,4,0,4,4|4|4|4|4|4|4|4|4|4
20488,4,False,4,1,4,5|4|4|4|4|4|4|4|4|4
20499,4,False,4,6,5,4|5|4|5|4|4|5|5|5|5
20516,4,False,4,6,5,5|4|5|5|4|4|5|4|5|5
20533,4,False,4,0,4,4|4|4|4|4|4|4|4|4|4
20543,4,False,4,0,4,4|4|4|4|4|4|4|4|4|4
20553,4,False,4,0,4,4|4|4|4|4|4|4|4|4|4
20557,4,False,4,4,4,4|5|4|5|4|4|4|5|5|4
20570,4,False,4,9,5,5|5|5|5|5|5|4|5|5|5
20572,4,False,4,0,4,4|4|4|4|4|4|4|4|4|4
20573,4,False,4,9,5,5|5|5|5|5|5|5|5|4|5
20578,4,False,4,8,5,5|5|5|5|5|5|4|5|4|5
20595,4,False,4,0,4,4|4|4|4|4|4|4|4|4|4
20608,4,False,4,0,4,4|4|4|4|4|4|4|4|4|4
20622,4,False,4,6,-1,2|5|2|4|4|2|2|5|4|4
20644,4,False,4,1,4,4|4|4|4|4|4|4|4|5|4
20658,4,False,4,0,4,4|4|4|4|4|4|4|4|4|4
20661,4,False,4,0,4,4|4|4|4|4|4|4|4|4|4
20670,4,False,4,1,4,4|4|4|4|5|4|4|4|4|4
20673,4,False,4,10,2,2|2|2|2|2|3|2|2|2|3
20684,4,False,4,2,4,4|5|4|4|4|4|4|5|4|4
20728,4,False,4,3,4,4|4|4|1|1|4|5|4|4|4
20730,4,False,4,9,1,1|1|1|4|1|1|1|1|1|1
20746,4,False,4,9,5,4|5|5|5|5|5|5|5|5|5
20753,4,False,4,10,5,5|5|5|5|5|5|5|5|5|5
20756,4,False,4,0,4,4|4|4|4|4|4|4|4|4|4
20760,4,False,4,7,5,5|5|5|5|5|5|4|5|4|4
20775,4,False,4,0,4,4|4|4|4|4|4|4|4|4|4
20777,4,False,4,0,4,4|4|4|4|4|4|4|4|4|4
20803,4,False,4,0,4,4|4|4|4|4|4|4|4|4|4
20808,4,False,4,0,4,4|4|4|4|4|4|4|4|4|4
20812,4,False,4,2,4,4|4|4|4|5|4|4|4|5|4
20825,4,False,4,0,4,4|4|4|4|4|4|4|4|4|4
20832,4,False,4,0,4,4|4|4|4|4|4|4|4|4|4
20838,4,False,4,0,4,4|4|4|4|4|4|4|4|4|4
20841,4,False,4,4,4,4|5|5|4|4|5|4|5|4|4
20850,4,False,4,10,5,1|5|5|5|5|1|5|5|5|5
20853,4,False,4,0,4,4|4|4|4|4|4|4|4|4|4
20864,4,False,4,0,4,4|4|4|4|4|4|4|4|4|4
20870,4,False,4,1,4,4|4|4|4|4|4|5|4|4|4
20872,4,False,4,7,5,4|5|5|5|5|4|5|5|4|5
20883,4,False,4,0,4,4|4|4|4|4|4|4|4|4|4
20906,4,False,4,0,4,4|4|4|4|4|4|4|4|4|4
20907,4,False,4,0,4,4|4|4|4|4|4|4|4|4|4
20909,4,False,4,0,4,4|4|4|4|4|4|4|4|4|4
20939,4,False,4,0,4,4|4|4|4|4|4|4|4|4|4
20964,4,False,4,1,4,4|4|4|4|4|4|4|5|4|4
20969,4,False,4,0,4,4|4|4|4|4|4|4|4|4|4
20972,4,False,4,0,4,4|4|4|4|4|4|4|4|4|4
20978,4,False,4,9,5,5|5|5|4|5|5|5|5|5|5
20985,4,False,4,0,4,4|4|4|4|4|4|4|4|4|4
21004,4,False,4,10,5,5|5|5|5|5|5|5|3|5|5
21017,4,False,4,1,4,4|4|4|5|4|4|4|4|4|4
21020,4,False,4,0,4,4|4|4|4|4|4|4|4|4|4
21021,4,False,4,2,4,5|4|4|4|5|4|4|4|4|4
21026,4,False,4,9,5,5|5|5|5|5|5|4|5|5|5
21028,4,False,4,0,4,4|4|4|4|4|4|4|4|4|4
21029,4,False,4,1,4,4|4|1|4|4|4|4|4|4|4
21032,4,False,4,0,4,4|4|4|4|4|4|4|4|4|4
21054,4,False,4,6,-1,1|5|5|1|4|5|4|4|5|4
21059,4,False,4,1,4,4|4|4|4|4|4|4|4|4|5
21069,4,False,4,0,4,4|4|4|4|4|4|4|4|4|4
21079,4,False,4,0,4,4|4|4|4|4|4|4|4|4|4
21093,4,False,4,0,4,4|4|4|4|4|4|4|4|4|4
21096,4,False,4,1,4,4|4|4|4|4|4|5|4|4|4
21099,4,False,4,0,4,4|4|4|4|4|4|4|4|4|4
21108,4,False,4,10,2,2|3|0|2|2|1|2|2|2|0
21109,4,False,4,5,-1,4|5|4|5|4|4|5|5|5|4
21110,4,False,4,0,4,4|4|4|4|4|4|4|4|4|4
21120,4,False,4,0,4,4|4|4|4|4|4|4|4|4|4
21121,4,False,4,0,4,4|4|4|4|4|4|4|4|4|4
21128,4,False,4,1,4,4|4|4|5|4|4|4|4|4|4
21136,4,False,4,0,4,4|4|4|4|4|4|4|4|4|4
21155,4,False,4,10,1,1|1|1|1|1|1|1|0|1|1
21180,4,False,4,10,5,5|5|5|5|5|5|5|5|5|5
21184,4,False,4,0,4,4|4|4|4|4|4|4|4|4|4
21191,4,False,4,2,4,4|4|5|4|5|4|4|4|4|4
21194,4,False,4,0,4,4|4|4|4|4|4|4|4|4|4
21196,4,False,4,0,4,4|4|4|4|4|4|4|4|4|4
21197,4,False,4,0,4,4|4|4|4|4|4|4|4|4|4
21204,4,False,4,0,4,4|4|4|4|4|4|4|4|4|4
21219,4,False,4,0,4,4|4|4|4|4|4|4|4|4|4
21225,4,False,4,3,4,4|4|4|5|4|4|5|5|4|4
21235,4,False,4,0,4,4|4|4|4|4|4|4|4|4|4
21241,4,False,4,4,4,4|4|5|5|5|5|4|4|4|4
21248,4,False,4,0,4,4|4|4|4|4|4|4|4|4|4
21249,4,False,4,2,4,4|4|4|4|5|5|4|4|4|4
21279,4,False,4,0,4,4|4|4|4|4|4|4|4|4|4
21354,4,False,4,0,4,4|4|4|4|4|4|4|4|4|4
21357,4,False,4,2,4,4|4|4|5|4|5|4|4|4|4
21359,4,False,4,0,4,4|4|4|4|4|4|4|4|4|4
21362,4,False,4,10,5,5|5|5|5|5|5|5|5|5|5
21366,4,False,4,0,4,4|4|4|4|4|4|4|4|4|4
21369,4,False,4,1,4,4|4|4|5|4|4|4|4|4|4
21370,4,False,4,9,-1,6|6|7|6|4|1|1|7|1|7
21375,4,False,4,0,4,4|4|4|4|4|4|4|4|4|4
21381,4,False,4,0,4,4|4|4|4|4|4|4|4|4|4
21385,4,False,4,2,4,5|4|4|4|5|4|4|4|4|4
21406,4,False,4,0,4,4|4|4|4|4|4|4|4|4|4
21412,4,False,4,0,4,4|4|4|4|4|4|4|4|4|4
21432,4,False,4,3,4,1|4|1|4|1|4|4|4|4|4
21436,4,False,4,9,5,5|0|5|5|6|2|0|4|5|2
21439,4,False,4,0,4,4|4|4|4|4|4|4|4|4|4
21479,4,False,4,0,4,4|4|4|4|4|4|4|4|4|4
21483,4,False,4,2,4,4|4|4|4|4|4|5|4|4|5
21485,4,False,4,3,4,4|5|4|4|4|4|5|4|4|5
21497,4,False,4,10,5,5|5|5|5|5|5|5|5|5|5
21502,4,False,4,2,4,4|4|4|4|4|4|4|5|5|4
21505,4,False,4,2,4,4|5|4|4|4|8|4|4|4|4
21528,4,False,4,0,4,4|4|4|4|4|4|4|4|4|4
21530,4,False,4,0,4,4|4|4|4|4|4|4|4|4|4
21554,4,False,4,0,4,4|4|4|4|4|4|4|4|4|4
21563,4,False,4,0,4,4|4|4|4|4|4|4|4|4|4
21586,4,False,4,10,5,5|5|5|5|5|5|5|5|5|5
21587,4,False,4,5,-1,5|5|4|4|5|4|5|5|4|4
21595,4,False,4,2,4,4|4|5|4|4|4|4|4|5|4
21602,4,False,4,0,4,4|4|4|4|4|4|4|4|4|4
21605,4,False,4,0,4,4|4|4|4|4|4|4|4|4|4
21607,4,False,4,0,4,4|4|4|4|4|4|4|4|4|4
21610,4,False,4,3,4,4|4|4|5|4|4|5|4|4|5
21614,4,False,4,0,4,4|4|4|4|4|4|4|4|4|4
21635,4,False,4,10,3,3|3|3|3|3|3|1|3|2|3
21636,4,False,4,0,4,4|4|4|4|4|4|4|4|4|4
21640,4,False,4,6,4,4|8|4|9|4|8|9|8|4|9
21645,4,False,4,6,4,5|6|4|7|4|5|4|4|6|5
21657,4,False,4,0,4,4|4|4|4|4|4|4|4|4|4
21658,4,False,4,0,4,4|4|4|4|4|4|4|4|4|4
21666,4,False,4,0,4,4|4|4|4|4|4|4|4|4|4
21704,4,False,4,0,4,4|4|4|4|4|4|4|4|4|4
21706,4,False,4,2,4,4|5|4|4|4|4|4|1|4|4
21728,4,False,4,0,4,4|4|4|4|4|4|4|4|4|4
21736,4,False,4,10,5,5|5|5|5|5|5|5|5|5|5
21750,4,False,4,0,4,4|4|4|4|4|4|4|4|4|4
21752,4,False,4,2,4,5|5|4|4|4|4|4|4|4|4
21760,4,False,4,0,4,4|4|4|4|4|4|4|4|4|4
21761,4,False,4,1,4,4|4|4|5|4|4|4|4|4|4
21767,4,False,4,0,4,4|4|4|4|4|4|4|4|4|4
21798,4,False,4,0,4,4|4|4|4|4|4|4|4|4|4
21807,4,False,4,0,4,4|4|4|4|4|4|4|4|4|4
21808,4,False,4,1,4,4|4|5|4|4|4|4|4|4|4
21836,4,False,4,0,4,4|4|4|4|4|4|4|4|4|4
21842,4,False,4,0,4,4|4|4|4|4|4|4|4|4|4
21858,4,False,4,0,4,4|4|4|4|4|4|4|4|4|4
21868,4,False,4,0,4,4|4|4|4|4|4|4|4|4|4
21900,4,False,4,0,4,4|4|4|4|4|4|4|4|4|4
21903,4,False,4,7,-1,3|4|5|8|5|2|4|4|8|5
21922,4,False,4,0,4,4|4|4|4|4|4|4|4|4|4
21946,4,False,4,4,4,1|4|4|4|1|1|4|4|1|4
21958,4,False,4,4,4,4|5|4|4|4|4|5|4|5|5
21962,4,False,4,10,6,6|6|6|6|9|9|9|6|2|6
21989,4,False,4,7,0,0|0|4|0|0|4|0|4|0|0
22011,4,False,4,0,4,4|4|4|4|4|4|4|4|4|4
22018,4,False,4,0,4,4|4|4|4|4|4|4|4|4|4
22019,4,False,4,0,4,4|4|4|4|4|4|4|4|4|4
22034,4,False,4,6,5,5|5|5|5|4|5|4|5|4|4
22037,4,False,4,0,4,4|4|4|4|4|4|4|4|4|4
22039,4,False,4,0,4,4|4|4|4|4|4|4|4|4|4
22044,4,False,4,0,4,4|4|4|4|4|4|4|4|4|4
22054,4,False,4,0,4,4|4|4|4|4|4|4|4|4|4
22072,4,False,4,0,4,4|4|4|4|4|4|4|4|4|4
22073,4,False,4,0,4,4|4|4|4|4|4|4|4|4|4
22088,4,False,4,10,5,5|5|5|5|5|5|5|5|5|5
22095,4,False,4,0,4,4|4|4|4|4|4|4|4|4|4
22099,4,False,4,3,4,4|4|4|4|4|4|5|5|4|5
22106,4,False,4,2,4,4|4|4|4|4|4|5|5|4|4
22109,4,False,4,0,4,4|4|4|4|4|4|4|4|4|4
22112,4,False,4,0,4,4|4|4|4|4|4|4|4|4|4
22145,4,False,4,10,5,5|1|5|5|5|5|5|5|5|5
22165,4,False,4,2,4,4|4|5|4|3|4|4|4|4|4
22169,4,False,4,0,4,4|4|4|4|4|4|4|4|4|4
22182,4,False,4,0,4,4|4|4|4|4|4|4|4|4|4
22183,4,False,4,0,4,4|4|4|4|4|4|4|4|4|4
22202,4,False,4,1,4,4|5|4|4|4|4|4|4|4|4
22208,4,False,4,10,5,5|5|5|5|5|5|5|5|5|5
22221,4,False,4,10,0,0|0|2|2|7|0|6|8|9|0
22235,4,False,4,2,4,5|4|4|4|4|4|4|4|5|4
22241,4,False,4,1,4,4|4|5|4|4|4|4|4|4|4
22248,4,False,4,6,5,4|5|4|4|5|5|4|5|5|5
22249,4,False,4,1,4,4|5|4|4|4|4|4|4|4|4
22280,4,False,4,0,4,4|4|4|4|4|4|4|4|4|4
22285,4,False,4,0,4,4|4|4|4|4|4|4|4|4|4
22288,4,False,4,1,4,4|4|4|4|4|4|4|4|0|4
22291,4,False,4,3,4,4|4|4|4|1|4|4|3|4|3
22310,4,False,4,10,0,0|0|0|0|0|0|0|9|0|0
22329,4,False,4,0,4,4|4|4|4|4|4|4|4|4|4
22331,4,False,4,0,4,4|4|4|4|4|4|4|4|4|4
22338,4,False,4,7,5,5|4|5|4|5|5|5|5|4|5
22346,4,False,4,0,4,4|4|4|4|4|4|4|4|4|4
22348,4,False,4,5,4,4|4|2|2|1|1|4|4|2|4
22350,4,False,4,10,6,6|6|6|6|6|6|6|6|6|6
22351,4,False,4,0,4,4|4|4|4|4|4|4|4|4|4
22373,4,False,4,10,5,5|5|5|5|5|5|5|3|5|3
22376,4,False,4,0,4,4|4|4|4|4|4|4|4|4|4
22389,4,False,4,4,4,4|5|4|5|4|4|5|5|4|4
22425,4,False,4,3,4,4|4|4|4|7|4|7|7|4|4
22466,4,False,4,0,4,4|4|4|4|4|4|4|4|4|4
22475,4,False,4,0,4,4|4|4|4|4|4|4|4|4|4
22488,4,False,4,0,4,4|4|4|4|4|4|4|4|4|4
22501,4,False,4,3,4,4|4|4|4|5|5|4|4|5|4
22524,4,False,4,4,4,4|5|4|8|7|4|8|4|4|4
22544,4,False,4,1,4,4|4|4|4|4|4|0|4|4|4
22549,4,False,4,0,4,4|4|4|4|4|4|4|4|4|4
22551,4,False,4,0,4,4|4|4|4|4|4|4|4|4|4
22553,4,False,4,10,-1,9|8|5|6|5|1|0|9|5|9
22566,4,False,4,2,4,4|4|4|4|0|5|4|4|4|4
22579,4,False,4,0,4,4|4|4|4|4|4|4|4|4|4
22587,4,False,4,2,4,4|4|4|4|4|5|4|4|5|4
22590,4,False,4,10,5,5|5|5|5|5|5|5|0|5|1
22591,4,False,4,0,4,4|4|4|4|4|4|4|4|4|4
22592,4,False,4,6,5,5|5|4|5|4|5|5|4|5|4
22601,4,False,4,0,4,4|4|4|4|4|4|4|4|4|4
22611,4,False,4,10,6,6|6|6|6|7|6|6|6|6|6
22626,4,False,4,10,0,1|0|0|0|1|1|0|0|3|0
22634,4,False,4,1,4,5|4|4|4|4|4|4|4|4|4
22638,4,False,4,0,4,4|4|4|4|4|4|4|4|4|4
22663,4,False,4,0,4,4|4|4|4|4|4|4|4|4|4
22666,4,False,4,0,4,4|4|4|4|4|4|4|4|4|4
22671,4,False,4,0,4,4|4|4|4|4|4|4|4|4|4
22707,4,False,4,0,4,4|4|4|4|4|4|4|4|4|4
22709,4,False,4,0,4,4|4|4|4|4|4|4|4|4|4
22713,4,False,4,1,4,4|4|4|4|4|4|5|4|4|4
22724,4,False,4,0,4,4|4|4|4|4|4|4|4|4|4
22732,4,False,4,5,-1,1|1|1|1|4|4|4|4|4|1
22740,4,False,4,3,4,5|4|5|4|5|4|4|4|4|4
22741,4,False,4,0,4,4|4|4|4|4|4|4|4|4|4
22759,4,False,4,0,4,4|4|4|4|4|4|4|4|4|4
22785,4,False,4,10,5,5|5|5|5|5|5|5|0|3|5
22797,4,False,4,1,4,4|4|4|4|4|4|4|5|4|4
22807,4,False,4,7,5,5|5|4|5|4|4|5|5|5|5
22820,4,False,4,10,0,0|0|0|0|0|0|0|0|0|0
22835,4,False,4,0,4,4|4|4|4|4|4|4|4|4|4
22838,4,False,4,0,4,4|4|4|4|4|4|4|4|4|4
22839,4,False,4,9,1,3|5|1|1|5|1|4|5|3|1
22843,4,False,4,7,7,5|7|7|7|7|4|7|4|4|7
22854,4,False,4,0,4,4|4|4|4|4|4|4|4|4|4
22858,4,False,4,10,5,3|5|5|5|3|5|5|5|5|5
22882,4,False,4,1,4,4|4|5|4|4|4|4|4|4|4
22895,4,False,4,1,4,4|5|4|4|4|4|4|4|4|4
22904,4,False,4,0,4,4|4|4|4|4|4|4|4|4|4
22929,4,False,4,0,4,4|4|4|4|4|4|4|4|4|4
22931,4,False,4,10,8,8|8|8|8|8|8|9|8|8|8
22933,4,False,4,0,4,4|4|4|4|4|4|4|4|4|4
22939,4,False,4,0,4,4|4|4|4|4|4|4|4|4|4
22941,4,False,4,0,4,4|4|4|4|4|4|4|4|4|4
22954,4,False,4,2,4,4|5|4|4|4|4|5|4|4|4
22980,4,False,4,0,4,4|4|4|4|4|4|4|4|4|4
22983,4,False,4,1,4,4|5|4|4|4|4|4|4|4|4
23003,4,False,4,7,5,5|4|5|4|5|5|5|5|4|5
23004,4,False,4,3,4,4|4|4|4|4|8|4|8|4|5
23007,4,False,4,10,5,5|5|5|5|5|5|5|5|5|5
23013,4,False,4,0,4,4|4|4|4|4|4|4|4|4|4
23025,4,False,4,0,4,4|4|4|4|4|4|4|4|4|4
23026,4,False,4,0,4,4|4|4|4|4|4|4|4|4|4
23040,4,False,4,0,4,4|4|4|4|4|4|4|4|4|4
23050,4,False,4,0,4,4|4|4|4|4|4|4|4|4|4
23053,4,False,4,6,1,4|4|1|5|1|4|4|1|1|1
23054,4,False,4,0,4,4|4|4|4|4|4|4|4|4|4
23064,4,False,4,4,4,1|4|1|4|1|4|4|4|1|4
23075,4,False,4,0,4,4|4|4|4|4|4|4|4|4|4
23084,4,False,4,1,4,4|4|4|4|5|4|4|4|4|4
23091,4,False,4,1,4,4|4|4|4|4|4|4|1|4|4
23098,4,False,4,6,5,4|4|5|5|4|5|5|5|5|4
23121,4,False,4,1,4,4|5|4|4|4|4|4|4|4|4
23123,4,False,4,3,4,5|4|5|4|4|5|4|4|4|4
23124,4,False,4,7,5,4|5|4|5|5|5|4|5|5|5
23137,4,False,4,1,4,4|4|4|4|0|4|4|4|4|4
23146,4,False,4,1,4,4|4|4|4|4|5|4|4|4|4
23147,4,False,4,0,4,4|4|4|4|4|4|4|4|4|4
23151,4,False,4,0,4,4|4|4|4|4|4|4|4|4|4
23162,4,False,4,7,1,4|5|4|5|1|1|1|4|1|1
23166,4,False,4,0,4,4|4|4|4|4|4|4|4|4|4
23178,4,False,4,10,3,3|3|3|3|3|3|3|3|2|2
23188,4,False,4,3,4,5|4|4|4|4|4|4|5|4|5
23204,4,False,4,0,4,4|4|4|4|4|4|4|4|4|4
23212,4,False,4,9,5,5|5|5|5|4|5|1|5|5|5
23216,4,False,4,10,5,5|5|5|5|5|5|5|5|5|5
23227,4,False,4,2,4,4|4|4|4|4|5|4|5|4|4
23236,4,False,4,9,6,6|4|6|6|6|6|6|6|6|6
23242,4,False,4,1,4,4|4|4|1|4|4|4|4|4|4
23271,4,False,4,0,4,4|4|4|4|4|4|4|4|4|4
23307,4,False,4,7,5,5|5|4|4|4|5|5|5|5|5
23326,4,False,4,0,4,4|4|4|4|4|4|4|4|4|4
23332,4,False,4,3,4,4|4|4|5|4|4|5|4|4|5
23339,4,False,4,0,4,4|4|4|4|4|4|4|4|4|4
23343,4,False,4,0,4,4|4|4|4|4|4|4|4|4|4
23348,4,False,4,0,4,4|4|4|4|4|4|4|4|4|4
23352,4,False,4,0,4,4|4|4|4|4|4|4|4|4|4
23365,4,False,4,5,4,4|1|4|5|4|5|4|4|1|0
23369,4,False,4,0,4,4|4|4|4|4|4|4|4|4|4
23370,4,False,4,0,4,4|4|4|4|4|4|4|4|4|4
23374,4,False,4,0,4,4|4|4|4|4|4|4|4|4|4
23380,4,False,4,0,4,4|4|4|4|4|4|4|4|4|4
23398,4,False,4,0,4,4|4|4|4|4|4|4|4|4|4
23415,4,False,4,0,4,4|4|4|4|4|4|4|4|4|4
23427,4,False,4,0,4,4|4|4|4|4|4|4|4|4|4
23434,4,False,4,1,4,4|4|4|4|5|4|4|4|4|4
23456,4,False,4,0,4,4|4|4|4|4|4|4|4|4|4
23479,4,False,4,9,5,5|5|5|5|5|5|5|5|5|4
23487,4,False,4,4,4,4|4|1|1|1|4|1|4|4|4
23495,4,False,4,10,2,2|3|1|2|2|5|1|2|2|5
23499,4,False,4,0,4,4|4|4|4|4|4|4|4|4|4
23503,4,False,4,1,4,4|4|4|4|4|5|4|4|4|4
23505,4,False,4,4,4,4|5|4|8|4|4|4|5|5|4
23511,4,False,4,2,4,4|4|4|5|4|4|4|5|4|4
23514,4,False,4,1,4,4|4|4|5|4|4|4|4|4|4
23526,4,False,4,0,4,4|4|4|4|4|4|4|4|4|4
23541,4,False,4,0,4,4|4|4|4|4|4|4|4|4|4
23542,4,False,4,0,4,4|4|4|4|4|4|4|4|4|4
23557,4,False,4,6,-1,4|4|2|4|5|5|2|5|4|5
23564,4,False,4,1,4,4|4|4|3|4|4|4|4|4|4
23573,4,False,4,10,7,7|7|7|7|7|7|7|7|7|7
23591,4,False,4,0,4,4|4|4|4|4|4|4|4|4|4
23608,4,False,4,5,4,5|4|4|4|5|4|4|5|7|5
23614,4,False,4,0,4,4|4|4|4|4|4|4|4|4|4
23616,4,False,4,0,4,4|4|4|4|4|4|4|4|4|4
23617,4,False,4,0,4,4|4|4|4|4|4|4|4|4|4
23620,4,False,4,10,1,1|1|1|1|1|1|1|1|1|1
23624,4,False,4,0,4,4|4|4|4|4|4|4|4|4|4
23684,4,False,4,5,-1,0|4|4|4|0|4|0|0|4|0
23691,4,False,4,0,4,4|4|4|4|4|4|4|4|4|4
23693,4,False,4,0,4,4|4|4|4|4|4|4|4|4|4
23694,4,False,4,0,4,4|4|4|4|4|4|4|4|4|4
23705,4,False,4,1,4,4|4|4|5|4|4|4|4|4|4
23708,4,False,4,0,4,4|4|4|4|4|4|4|4|4|4
23709,4,False,4,7,5,5|5|4|5|5|5|5|5|4|4
23716,4,False,4,0,4,4|4|4|4|4|4|4|4|4|4
23722,4,False,4,0,4,4|4|4|4|4|4|4|4|4|4
23746,4,False,4,0,4,4|4|4|4|4|4|4|4|4|4
23765,4,False,4,9,5,5|5|5|5|5|5|4|5|5|5
23769,4,False,4,10,5,5|5|5|5|5|5|5|5|5|5
23771,4,False,4,6,-1,3|3|6|4|3|3|4|4|6|4
23772,4,False,4,7,8,8|8|8|4|8|8|4|8|4|8
23786,4,False,4,0,4,4|4|4|4|4|4|4|4|4|4
23789,4,False,4,0,4,4|4|4|4|4|4|4|4|4|4
23804,4,False,4,0,4,4|4|4|4|4|4|4|4|4|4
23805,4,False,4,9,5,5|5|5|5|5|4|5|5|5|5
23806,4,False,4,0,4,4|4|4|4|4|4|4|4|4|4
23815,4,False,4,0,4,4|4|4|4|4|4|4|4|4|4
23847,4,False,4,7,-1,4|2|3|2|3|3|4|4|6|2
23848,4,False,4,0,4,4|4|4|4|4|4|4|4|4|4
23858,4,False,4,0,4,4|4|4|4|4|4|4|4|4|4
23866,4,False,4,0,4,4|4|4|4|4|4|4|4|4|4
23883,4,False,4,3,4,5|5|4|4|4|5|4|4|4|4
23907,4,False,4,10,3,3|3|3|3|3|3|5|3|3|3
23918,4,False,4,7,-1,1|2|5|4|4|4|5|3|5|2
23937,4,False,4,8,5,5|5|5|5|5|5|4|5|4|5
23973,4,False,4,0,4,4|4|4|4|4|4|4|4|4|4
23986,4,False,4,7,3,4|2|3|3|3|3|2|4|4|2
23990,4,False,4,5,-1,4|5|4|5|4|4|5|5|4|5
24002,4,False,4,4,4,4|5|9|4|4|4|4|1|5|4
24005,4,False,4,4,4,4|4|5|5|4|4|4|5|5|4
24009,4,False,4,1,4,4|4|4|4|4|4|4|4|5|4
24018,4,False,4,0,4,4|4|4|4|4|4|4|4|4|4
24020,4,False,4,0,4,4|4|4|4|4|4|4|4|4|4
24045,4,False,4,3,4,4|5|4|4|4|4|5|5|4|4
24053,4,False,4,4,4,4|4|5|5|4|4|4|4|5|5
24056,4,False,4,10,5,5|5|5|5|5|5|5|5|5|5
24064,4,False,4,0,4,4|4|4|4|4|4|4|4|4|4
24070,4,False,4,1,4,4|5|4|4|4|4|4|4|4|4
24075,4,False,4,0,4,4|4|4|4|4|4|4|4|4|4
24077,4,False,4,0,4,4|4|4|4|4|4|4|4|4|4
24081,4,False,4,0,4,4|4|4|4|4|4|4|4|4|4
24095,4,False,4,0,4,4|4|4|4|4|4|4|4|4|4
24102,4,False,4,0,4,4|4|4|4|4|4|4|4|4|4
24104,4,False,4,0,4,4|4|4|4|4|4|4|4|4|4
24106,4,False,4,0,4,4|4|4|4|4|4|4|4|4|4
24119,4,False,4,0,4,4|4|4|4|4|4|4|4|4|4
24129,4,False,4,0,4,4|4|4|4|4|4|4|4|4|4
24159,4,False,4,0,4,4|4|4|4|4|4|4|4|4|4
24163,4,False,4,0,4,4|4|4|4|4|4|4|4|4|4
24164,4,False,4,0,4,4|4|4|4|4|4|4|4|4|4
24194,4,False,4,3,4,4|5|4|4|5|4|4|5|4|4
24195,4,False,4,0,4,4|4|4|4|4|4|4|4|4|4
24218,4,False,4,5,-1,4|5|5|5|4|4|5|4|4|5
24226,4,False,4,5,-1,5|4|4|5|5|4|4|5|4|5
24227,4,False,4,10,5,5|5|5|5|5|5|5|5|5|5
24230,4,False,4,0,4,4|4|4|4|4|4|4|4|4|4
24233,4,False,4,0,4,4|4|4|4|4|4|4|4|4|4
24239,4,False,4,0,4,4|4|4|4|4|4|4|4|4|4
24249,4,False,4,0,4,4|4|4|4|4|4|4|4|4|4
24267,4,False,4,0,4,4|4|4|4|4|4|4|4|4|4
24268,4,False,4,4,4,4|5|4|4|4|5|5|4|4|5
24272,4,False,4,2,4,4|4|5|4|4|4|0|4|4|4
24274,4,False,4,0,4,4|4|4|4|4|4|4|4|4|4
24283,4,False,4,10,0,0|0|0|0|0|0|3|2|0|0
24289,4,False,4,0,4,4|4|4|4|4|4|4|4|4|4
24326,4,False,4,0,4,4|4|4|4|4|4|4|4|4|4
24332,4,False,4,5,-1,4|5|5|5|4|4|4|5|5|4
24341,4,False,4,5,-1,4|5|4|5|4|4|5|5|4|5
24353,4,False,4,4,4,5|5|5|4|4|5|4|4|4|4
24355,4,False,4,0,4,4|4|4|4|4|4|4|4|4|4
24358,4,False,4,1,4,4|4|4|4|4|4|4|5|4|4
24368,4,False,4,1,4,4|4|4|4|4|4|5|4|4|4
24375,4,False,4,1,4,4|8|4|4|4|4|4|4|4|4
24388,4,False,4,1,4,4|4|4|4|4|4|4|5|4|4
24406,4,False,4,8,-1,2|2|2|2|4|5|5|5|5|4
24408,4,False,4,0,4,4|4|4|4|4|4|4|4|4|4
24412,4,False,4,10,5,5|5|5|5|5|5|5|5|5|5
24414,4,False,4,5,4,1|4|4|1|4|3|4|4|3|1
24427,4,False,4,2,4,4|0|4|3|4|4|4|4|4|4
24436,4,False,4,1,4,4|5|4|4|4|4|4|4|4|4
24439,4,False,4,0,4,4|4|4|4|4|4|4|4|4|4
24440,4,False,4,0,4,4|4|4|4|4|4|4|4|4|4
24446,4,False,4,6,-1,8|8|5|5|4|4|4|5|4|5
24494,4,False,4,0,4,4|4|4|4|4|4|4|4|4|4
24516,4,False,4,0,4,4|4|4|4|4|4|4|4|4|4
24529,4,False,4,7,-1,4|4|1|0|4|1|5|5|5|1
24531,4,False,4,5,-1,4|4|5|5|5|4|4|4|5|5
24534,4,False,4,0,4,4|4|4|4|4|4|4|4|4|4
24558,4,False,4,0,4,4|4|4|4|4|4|4|4|4|4
24567,4,False,4,4,4,4|5|4|5|4|5|4|4|5|4
24572,4,False,4,10,5,5|5|5|5|5|5|5|5|5|5
24594,4,False,4,1,4,4|4|4|4|5|4|4|4|4|4
24625,4,False,4,2,4,0|4|4|4|4|4|4|4|4|0
24629,4,False,4,0,4,4|4|4|4|4|4|4|4|4|4
24630,4,False,4,7,3,3|3|3|4|3|0|4|3|4|0
24639,4,False,4,5,-1,4|3|4|3|4|3|4|4|3|3
24643,4,False,4,0,4,4|4|4|4|4|4|4|4|4|4
24674,4,False,4,0,4,4|4|4|4|4|4|4|4|4|4
24692,4,False,4,1,4,4|4|4|5|4|4|4|4|4|4
24716,4,False,4,0,4,4|4|4|4|4|4|4|4|4|4
24726,4,False,4,0,4,4|4|4|4|4|4|4|4|4|4
24732,4,False,4,10,0,0|0|0|0|0|0|0|0|0|0
24733,4,False,4,2,4,4|4|4|4|5|4|4|5|4|4
24735,4,False,4,0,4,4|4|4|4|4|4|4|4|4|4
24737,4,False,4,1,4,4|4|4|4|4|4|4|5|4|4
24746,4,False,4,4,4,4|5|4|5|4|4|5|4|4|5
24749,4,False,4,1,4,4|4|4|4|4|4|4|4|5|4
24751,4,False,4,0,4,4|4|4|4|4|4|4|4|4|4
24762,4,False,4,0,4,4|4|4|4|4|4|4|4|4|4
24774,4,False,4,0,4,4|4|4|4|4|4|4|4|4|4
24777,4,False,4,0,4,4|4|4|4|4|4|4|4|4|4
24778,4,False,4,0,4,4|4|4|4|4|4|4|4|4|4
24790,4,False,4,0,4,4|4|4|4|4|4|4|4|4|4
24800,4,False,4,0,4,4|4|4|4|4|4|4|4|4|4
24801,4,False,4,8,5,5|5|5|2|5|4|5|5|4|5
24823,4,False,4,0,4,4|4|4|4|4|4|4|4|4|4
24833,4,False,4,0,4,4|4|4|4|4|4|4|4|4|4
24834,4,False,4,4,4,4|4|5|5|4|5|4|4|5|4
24837,4,False,4,0,4,4|4|4|4|4|4|4|4|4|4
24840,4,False,4,1,4,4|1|4|4|4|4|4|4|4|4
24848,4,False,4,0,4,4|4|4|4|4|4|4|4|4|4
24867,4,False,4,10,5,5|5|5|5|5|5|5|5|5|5
24891,4,False,4,2,4,4|5|4|4|4|4|5|4|4|4
24892,4,False,4,1,4,4|5|4|4|4|4|4|4|4|4
24893,4,False,4,0,4,4|4|4|4|4|4|4|4|4|4
24897,4,False,4,10,3,3|3|3|3|3|3|2|3|3|3
24936,4,False,4,0,4,4|4|4|4|4|4|4|4|4|4
24937,4,False,4,7,5,7|5|4|4|5|7|5|5|5|4
24938,4,False,4,0,4,4|4|4|4|4|4|4|4|4|4
24947,4,False,4,0,4,4|4|4|4|4|4|4|4|4|4
24954,4,False,4,1,4,4|5|4|4|4|4|4|4|4|4
24962,4,False,4,0,4,4|4|4|4|4|4|4|4|4|4
25013,5,False,5,0,5,5|5|5|5|5|5|5|5|5|5
25026,5,False,5,5,-1,5|0|5|5|5|5|0|0|0|0
25029,5,False,5,0,5,5|5|5|5|5|5|5|5|5|5
25035,5,False,5,1,5,5|4|5|5|5|5|5|5|5|5
25040,5,False,5,2,5,5|5|5|4|5|5|5|5|5|4
25044,5,False,5,0,5,5|5|5|5|5|5|5|5|5|5
25048,5,False,5,0,5,5|5|5|5|5|5|5|5|5|5
25065,5,False,5,3,5,5|5|5|0|5|0|5|5|5|4
25089,5,False,5,0,5,5|5|5|5|5|5|5|5|5|5
25113,5,False,5,0,5,5|5|5|5|5|5|5|5|5|5
25120,5,False,5,0,5,5|5|5|5|5|5|5|5|5|5
25124,5,False,5,0,5,5|5|5|5|5|5|5|5|5|5
25134,5,False,5,9,4,4|4|4|4|4|4|5|4|4|4
25145,5,False,5,7,9,9|9|9|4|5|9|5|5|4|4
25153,5,False,5,4,5,5|0|5|4|3|5|5|4|5|5
25174,5,False,5,0,5,5|5|5|5|5|5|5|5|5|5
25182,5,False,5,10,9,9|8|9|9|9|9|9|9|8|8
25191,5,False,5,0,5,5|5|5|5|5|5|5|5|5|5
25204,5,False,5,0,5,5|5|5|5|5|5|5|5|5|5
25219,5,False,5,4,5,4|4|5|5|5|5|5|4|5|4
25226,5,False,5,0,5,5|5|5|5|5|5|5|5|5|5
25231,5,False,5,0,5,5|5|5|5|5|5|5|5|5|5
25240,5,False,5,0,5,5|5|5|5|5|5|5|5|5|5
25259,5,False,5,0,5,5|5|5|5|5|5|5|5|5|5
25263,5,False,5,7,3,3|5|3|5|3|3|3|3|5|3
25277,5,False,5,0,5,5|5|5|5|5|5|5|5|5|5
25283,5,False,5,10,4,4|4|4|4|4|4|4|4|4|4
25295,5,False,5,0,5,5|5|5|5|5|5|5|5|5|5
25300,5,False,5,0,5,5|5|5|5|5|5|5|5|5|5
25304,5,False,5,6,4,4|4|4|5|4|4|5|5|5|4
25314,5,False,5,7,4,4|4|5|5|5|4|4|4|4|4
25317,5,False,5,9,9,8|2|9|3|9|8|5|3|9|2
25324,5,False,5,0,5,5|5|5|5|5|5|5|5|5|5
25325,5,False,5,1,5,5|5|4|5|5|5|5|5|5|5
25335,5,False,5,0,5,5|5|5|5|5|5|5|5|5|5
25339,5,False,5,10,4,4|4|4|4|4|4|4|4|4|4
25349,5,False,5,3,5,1|5|5|1|1|5|5|5|5|5
25350,5,False,5,0,5,5|5|5|5|5|5|5|5|5|5
25358,5,False,5,0,5,5|5|5|5|5|5|5|5|5|5
25379,5,False,5,1,5,5|5|5|5|1|5|5|5|5|5
25389,5,False,5,10,4,4|4|4|4|4|4|4|4|4|4
25399,5,False,5,0,5,5|5|5|5|5|5|5|5|5|5
25408,5,False,5,4,5,4|5|4|5|5|5|5|5|4|4
25417,5,False,5,0,5,5|5|5|5|5|5|5|5|5|5
25421,5,False,5,0,5,5|5|5|5|5|5|5|5|5|5
25423,5,False,5,0,5,5|5|5|5|5|5|5|5|5|5
25433,5,False,5,2,5,5|5|5|5|5|5|5|3|5|3
25434,5,False,5,0,5,5|5|5|5|5|5|5|5|5|5
25465,5,False,5,1,5,5|4|5|5|5|5|5|5|5|5
25476,5,False,5,0,5,5|5|5|5|5|5|5|5|5|5
25478,5,False,5,0,5,5|5|5|5|5|5|5|5|5|5
25492,5,False,5,0,5,5|5|5|5|5|5|5|5|5|5
25494,5,False,5,8,3,2|2|2|3|3|5|5|3|3|3
25503,5,False,5,7,-1,3|4|5|4|4|1|1|5|5|2
25509,5,False,5,9,1,1|1|1|1|1|5|4|0|1|0
25513,5,False,5,10,4,4|2|2|4|6|4|4|4|4|4
25514,5,False,5,0,5,5|5|5|5|5|5|5|5|5|5
25539,5,False,5,10,4,4|4|4|4|4|4|4|4|4|4
25548,5,False,5,0,5,5|5|5|5|5|5|5|5|5|5
25556,5,False,5,0,5,5|5|5|5|5|5|5|5|5|5
25568,5,False,5,10,0,0|0|0|0|0|0|0|0|0|0
25570,5,False,5,10,4,4|4|4|4|4|4|4|4|4|4
25603,5,False,5,0,5,5|5|5|5|5|5|5|5|5|5
25609,5,False,5,0,5,5|5|5|5|5|5|5|5|5|5
25616,5,False,5,0,5,5|5|5|5|5|5|5|5|5|5
25630,5,False,5,9,3,5|3|3|3|3|3|2|3|3|3
25649,5,False,5,0,5,5|5|5|5|5|5|5|5|5|5
25677,5,False,5,2,5,5|5|2|1|5|5|5|5|5|5
25679,5,False,5,1,5,5|5|5|5|5|4|5|5|5|5
25685,5,False,5,2,5,5|5|5|5|5|5|5|5|4|4
25687,5,False,5,0,5,5|5|5|5|5|5|5|5|5|5
25712,5,False,5,0,5,5|5|5|5|5|5|5|5|5|5
25714,5,False,5,6,4,4|5|5|4|5|4|4|5|4|4
25717,5,False,5,9,-1,5|2|6|0|6|0|0|6|0|6
25743,5,False,5,4,5,5|0|5|5|5|5|0|5|1|7
25756,5,False,5,10,4,4|4|4|4|4|4|4|4|4|4
25758,5,False,5,2,5,4|5|5|5|5|4|5|5|5|5
25774,5,False,5,0,5,5|5|5|5|5|5|5|5|5|5
25778,5,False,5,0,5,5|5|5|5|5|5|5|5|5|5
25782,5,False,5,0,5,5|5|5|5|5|5|5|5|5|5
25784,5,False,5,7,4,5|4|5|4|4|4|4|4|5|4
25796,5,False,5,10,4,4|4|4|4|4|4|4|4|4|4
25797,5,False,5,0,5,5|5|5|5|5|5|5|5|5|5
25802,5,False,5,2,5,5|5|5|5|5|4|4|5|5|5
25808,5,False,5,0,5,5|5|5|5|5|5|5|5|5|5
25811,5,False,5,0,5,5|5|5|5|5|5|5|5|5|5
25815,5,False,5,0,5,5|5|5|5|5|5|5|5|5|5
25818,5,False,5,10,2,2|2|2|2|2|2|3|3|1|3
25838,5,False,5,0,5,5|5|5|5|5|5|5|5|5|5
25847,5,False,5,2,5,5|5|4|5|5|5|5|5|5|1
25899,5,False,5,0,5,5|5|5|5|5|5|5|5|5|5
25911,5,False,5,0,5,5|5|5|5|5|5|5|5|5|5
25920,5,False,5,0,5,5|5|5|5|5|5|5|5|5|5
25929,5,False,5,0,5,5|5|5|5|5|5|5|5|5|5
25943,5,False,5,5,-1,6|5|5|6|5|6|6|5|6|5
25944,5,False,5,0,5,5|5|5|5|5|5|5|5|5|5
25963,5,False,5,0,5,5|5|5|5|5|5|5|5|5|5
25965,5,False,5,0,5,5|5|5|5|5|5|5|5|5|5
25970,5,False,5,0,5,5|5|5|5|5|5|5|5|5|5
25975,5,False,5,8,4,4|4|4|5|4|4|4|5|4|4
26003,5,False,5,3,5,5|5|5|4|5|5|4|5|5|4
26008,5,False,5,0,5,5|5|5|5|5|5|5|5|5|5
26021,5,False,5,0,5,5|5|5|5|5|5|5|5|5|5
26022,5,False,5,8,4,4|5|5|4|4|4|4|4|4|4
26026,5,False,5,10,2,2|3|2|2|2|2|2|2|2|2
26031,5,False,5,1,5,5|4|5|5|5|5|5|5|5|5
26033,5,False,5,8,3,5|3|5|4|3|3|3|3|3|3
26042,5,False,5,8,4,4|5|4|4|4|4|4|4|5|4
26045,5,False,5,1,5,5|5|5|8|5|5|5|5|5|5
26058,5,False,5,0,5,5|5|5|5|5|5|5|5|5|5
26059,5,False,5,8,4,4|4|5|4|4|4|5|4|4|4
26060,5,False,5,0,5,5|5|5|5|5|5|5|5|5|5
26066,5,False,5,0,5,5|5|5|5|5|5|5|5|5|5
26078,5,False,5,0,5,5|5|5|5|5|5|5|5|5|5
26086,5,False,5,0,5,5|5|5|5|5|5|5|5|5|5
26104,5,False,5,0,5,5|5|5|5|5|5|5|5|5|5
26106,5,False,5,0,5,5|5|5|5|5|5|5|5|5|5
26118,5,False,5,0,5,5|5|5|5|5|5|5|5|5|5
26121,5,False,5,1,5,5|5|4|5|5|5|5|5|5|5
26123,5,False,5,1,5,5|5|5|5|5|1|5|5|5|5
26131,5,False,5,3,5,5|4|5|5|5|4|5|4|5|5
26132,5,False,5,10,4,4|4|4|4|4|4|4|4|4|4
26135,5,False,5,2,5,5|0|5|5|5|5|5|5|5|0
26137,5,False,5,9,3,3|3|1|3|3|1|5|4|3|3
26154,5,False,5,6,4,4|5|4|4|4|5|4|5|4|5
26169,5,False,5,0,5,5|5|5|5|5|5|5|5|5|5
26175,5,False,5,0,5,5|5|5|5|5|5|5|5|5|5
26176,5,False,5,0,5,5|5|5|5|5|5|5|5|5|5
26181,5,False,5,0,5,5|5|5|5|5|5|5|5|5|5
26211,5,False,5,7,4,4|4|4|5|1|1|5|4|5|4
26251,5,False,5,5,-1,4|5|5|5|4|5|5|4|4|4
26252,5,False,5,0,5,5|5|5|5|5|5|5|5|5|5
26269,5,False,5,0,5,5|5|5|5|5|5|5|5|5|5
26270,5,False,5,5,-1,5|4|5|4|5|5|5|4|4|4
26271,5,False,5,0,5,5|5|5|5|5|5|5|5|5|5
26272,5,False,5,0,5,5|5|5|5|5|5|5|5|5|5
26276,5,False,5,6,4,5|4|4|5|4|5|4|4|5|4
26292,5,False,5,3,5,5|5|5|5|4|5|4|5|5|4
26296,5,False,5,0,5,5|5|5|5|5|5|5|5|5|5
26306,5,False,5,8,4,5|4|4|2|5|4|4|4|4|4
26307,5,False,5,10,4,4|4|4|4|4|4|4|4|4|4
26314,5,False,5,0,5,5|5|5|5|5|5|5|5|5|5
26320,5,False,5,0,5,5|5|5|5|5|5|5|5|5|5
26337,5,False,5,0,5,5|5|5|5|5|5|5|5|5|5
26346,5,False,5,0,5,5|5|5|5|5|5|5|5|5|5
26354,5,False,5,0,5,5|5|5|5|5|5|5|5|5|5
26360,5,False,5,1,5,5|5|4|5|5|5|5|5|5|5
26366,5,False,5,0,5,5|5|5|5|5|5|5|5|5|5
26398,5,False,5,10,4,4|4|4|4|4|4|4|4|4|4
26409,5,False,5,0,5,5|5|5|5|5|5|5|5|5|5
26422,5,False,5,8,4,5|4|4|5|6|4|6|2|2|4
26438,5,False,5,0,5,5|5|5|5|5|5|5|5|5|5
26440,5,False,5,10,4,2|4|4|4|4|4|2|4|2|4
26451,5,False,5,0,5,5|5|5|5|5|5|5|5|5|5
26458,5,False,5,6,3,3|3|3|3|5|5|3|5|5|3
26473,5,False,5,10,2,2|2|2|4|3|2|6|3|6|2
26493,5,False,5,0,5,5|5|5|5|5|5|5|5|5|5
26500,5,False,5,0,5,5|5|5|5|5|5|5|5|5|5
26512,5,False,5,9,0,0|0|0|0|0|5|0|0|0|0
26513,5,False,5,0,5,5|5|5|5|5|5|5|5|5|5
26516,5,False,5,0,5,5|5|5|5|5|5|5|5|5|5
26523,5,False,5,0,5,5|5|5|5|5|5|5|5|5|5
26528,5,False,5,0,5,5|5|5|5|5|5|5|5|5|5
26540,5,False,5,1,5,5|5|5|5|4|5|5|5|5|5
26563,5,False,5,0,5,5|5|5|5|5|5|5|5|5|5
26576,5,False,5,4,5,5|4|5|5|5|5|4|4|5|4
26578,5,False,5,0,5,5|5|5|5|5|5|5|5|5|5
26579,5,False,5,0,5,5|5|5|5|5|5|5|5|5|5
26589,5,False,5,0,5,5|5|5|5|5|5|5|5|5|5
26602,5,False,5,0,5,5|5|5|5|5|5|5|5|5|5
26614,5,False,5,0,5,5|5|5|5|5|5|5|5|5|5
26627,5,False,5,0,5,5|5|5|5|5|5|5|5|5|5
26631,5,False,5,0,5,5|5|5|5|5|5|5|5|5|5
26643,5,False,5,0,5,5|5|5|5|5|5|5|5|5|5
26653,5,False,5,10,4,4|4|4|4|4|4|4|4|4|4
26666,5,False,5,7,4,5|5|4|5|4|4|4|4|4|4
26670,5,False,5,10,0,0|0|0|0|0|0|0|0|0|0
26674,5,False,5,5,-1,3|3|5|5|5|3|5|3|3|5
26694,5,False,5,2,5,5|5|5|5|5|5|7|5|5|7
26696,5,False,5,0,5,5|5|5|5|5|5|5|5|5|5
26700,5,False,5,3,5,1|5|4|5|5|5|1|5|5|5
26706,5,False,5,0,5,5|5|5|5|5|5|5|5|5|5
26707,5,False,5,5,-1,0|0|0|5|5|5|0|5|5|0
26711,5,False,5,0,5,5|5|5|5|5|5|5|5|5|5
26718,5,False,5,1,5,5|5|4|5|5|5|5|5|5|5
26728,5,False,5,0,5,5|5|5|5|5|5|5|5|5|5
26732,5,False,5,0,5,5|5|5|5|5|5|5|5|5|5
26779,5,False,5,5,5,5|5|4|5|5|5|2|2|4|3
26781,5,False,5,0,5,5|5|5|5|5|5|5|5|5|5
26793,5,False,5,0,5,5|5|5|5|5|5|5|5|5|5
26813,5,False,5,10,4,4|4|4|4|4|4|4|4|4|4
26816,5,False,5,1,5,5|5|5|5|5|3|5|5|5|5
26827,5,False,5,0,5,5|5|5|5|5|5|5|5|5|5
26843,5,False,5,0,5,5|5|5|5|5|5|5|5|5|5
26847,5,False,5,1,5,1|5|5|5|5|5|5|5|5|5
26861,5,False,5,3,5,5|1|1|5|5|5|5|5|5|1
26872,5,False,5,2,5,5|5|9|5|5|5|5|5|5|3
26875,5,False,5,0,5,5|5|5|5|5|5|5|5|5|5
26887,5,False,5,0,5,5|5|5|5|5|5|5|5|5|5
26909,5,False,5,3,5,5|4|5|5|5|5|5|4|5|4
26920,5,False,5,0,5,5|5|5|5|5|5|5|5|5|5
26928,5,False,5,9,4,4|5|4|4|4|4|4|4|4|4
26940,5,False,5,0,5,5|5|5|5|5|5|5|5|5|5
26961,5,False,5,5,-1,5|4|5|4|4|5|4|4|5|5
26963,5,False,5,0,5,5|5|5|5|5|5|5|5|5|5
26967,5,False,5,6,4,4|4|4|5|4|5|4|5|5|4
26984,5,False,5,0,5,5|5|5|5|5|5|5|5|5|5
26985,5,False,5,2,5,5|5|5|5|5|5|5|4|5|4
26993,5,False,5,0,5,5|5|5|5|5|5|5|5|5|5
27013,5,False,5,9,4,1|4|0|4|4|5|4|4|0|4
27025,5,False,5,0,5,5|5|5|5|5|5|5|5|5|5
27040,5,False,5,0,5,5|5|5|5|5|5|5|5|5|5
27054,5,False,5,0,5,5|5|5|5|5|5|5|5|5|5
27078,5,False,5,0,5,5|5|5|5|5|5|5|5|5|5
27087,5,False,5,0,5,5|5|5|5|5|5|5|5|5|5
27113,5,False,5,0,5,5|5|5|5|5|5|5|5|5|5
27184,5,False,5,10,3,3|3|3|3|3|3|3|3|3|3
27200,5,False,5,0,5,5|5|5|5|5|5|5|5|5|5
27205,5,False,5,0,5,5|5|5|5|5|5|5|5|5|5
27229,5,False,5,1,5,5|5|5|5|5|5|5|5|5|4
27230,5,False,5,0,5,5|5|5|5|5|5|5|5|5|5
27241,5,False,5,3,5,0|5|0|5|0|5|5|5|5|5
27244,5,False,5,0,5,5|5|5|5|5|5|5|5|5|5
27252,5,False,5,0,5,5|5|5|5|5|5|5|5|5|5
27265,5,False,5,3,5,5|5|4|5|5|5|4|5|5|4
27282,5,False,5,0,5,5|5|5|5|5|5|5|5|5|5
27288,5,False,5,3,5,5|0|5|5|5|5|5|4|5|4
27289,5,False,5,0,5,5|5|5|5|5|5|5|5|5|5
27296,5,False,5,5,5,5|3|5|5|3|5|4|5|1|4
27304,5,False,5,0,5,5|5|5|5|5|5|5|5|5|5
27308,5,False,5,0,5,5|5|5|5|5|5|5|5|5|5
27313,5,False,5,0,5,5|5|5|5|5|5|5|5|5|5
27317,5,False,5,0,5,5|5|5|5|5|5|5|5|5|5
27321,5,False,5,10,0,0|0|0|0|0|0|8|0|0|0
27330,5,False,5,0,5,5|5|5|5|5|5|5|5|5|5
27334,5,False,5,0,5,5|5|5|5|5|5|5|5|5|5
27335,5,False,5,0,5,5|5|5|5|5|5|5|5|5|5
27381,5,False,5,0,5,5|5|5|5|5|5|5|5|5|5
27383,5,False,5,0,5,5|5|5|5|5|5|5|5|5|5
27398,5,False,5,0,5,5|5|5|5|5|5|5|5|5|5
27402,5,False,5,9,2,3|2|3|2|2|2|3|5|3|2
27403,5,False,5,9,8,8|8|0|8|8|8|8|5|8|0
27409,5,False,5,0,5,5|5|5|5|5|5|5|5|5|5
27414,5,False,5,9,3,3|5|4|3|3|3|2|3|2|4
27416,5,False,5,10,4,4|4|4|4|4|4|4|4|4|4
27431,5,False,5,9,4,4|4|5|4|4|4|4|4|4|4
27444,5,False,5,8,1,5|6|0|5|1|1|4|1|1|1
27445,5,False,5,3,5,1|5|1|5|5|5|5|5|5|1
27455,5,False,5,6,5,5|4|5|1|5|7|4|3|4|5
27463,5,False,5,4,5,5|5|5|5|4|5|4|5|4|4
27470,5,False,5,1,5,5|4|5|5|5|5|5|5|5|5
27473,5,False,5,0,5,5|5|5|5|5|5|5|5|5|5
27480,5,False,5,10,4,4|4|4|4|4|4|4|4|9|4
27490,5,False,5,1,5,5|5|5|5|5|5|5|4|5|5
27493,5,False,5,6,5,6|6|1|5|1|0|5|5|3|5
27539,5,False,5,1,5,5|5|5|5|5|5|5|4|5|5
27555,5,False,5,0,5,5|5|5|5|5|5|5|5|5|5
27568,5,False,5,2,5,3|5|3|5|5|5|5|5|5|5
27573,5,False,5,10,4,4|4|4|4|4|4|4|4|4|4
27580,5,False,5,0,5,5|5|5|5|5|5|5|5|5|5
27633,5,False,5,7,4,4|5|4|5|4|4|5|4|4|4
27642,5,False,5,0,5,5|5|5|5|5|5|5|5|5|5
27647,5,False,5,0,5,5|5|5|5|5|5|5|5|5|5
27649,5,False,5,0,5,5|5|5|5|5|5|5|5|5|5
27652,5,False,5,0,5,5|5|5|5|5|5|5|5|5|5
27655,5,False,5,0,5,5|5|5|5|5|5|5|5|5|5
27664,5,False,5,0,5,5|5|5|5|5|5|5|5|5|5
27679,5,False,5,10,4,4|4|4|4|4|4|4|4|4|4
27682,5,False,5,5,5,4|1|5|5|4|5|4|5|5|4
27690,5,False,5,10,4,4|4|4|4|4|4|4|4|4|4
27714,5,False,5,10,4,4|4|4|4|4|4|4|4|4|4
27739,5,False,5,10,8,8|8|8|8|4|4|8|8|8|8
27745,5,False,5,0,5,5|5|5|5|5|5|5|5|5|5
27752,5,False,5,0,5,5|5|5|5|5|5|5|5|5|5
27760,5,False,5,10,3,3|3|3|3|3|3|3|3|1|2
27767,5,False,5,1,5,5|5|5|0|5|5|5|5|5|5
27787,5,False,5,0,5,5|5|5|5|5|5|5|5|5|5
27801,5,False,5,5,5,5|5|0|0|5|3|0|5|5|3
27812,5,False,5,7,3,5|3|1|4|3|5|5|2|3|3
27830,5,False,5,10,3,3|2|3|3|3|2|4|3|3|2
27835,5,False,5,0,5,5|5|5|5|5|5|5|5|5|5
27857,5,False,5,2,5,4|5|4|5|5|5|5|5|5|5
27858,5,False,5,0,5,5|5|5|5|5|5|5|5|5|5
27866,5,False,5,2,5,5|5|5|5|5|5|5|5|2|1
27875,5,False,5,0,5,5|5|5|5|5|5|5|5|5|5
27880,5,False,5,0,5,5|5|5|5|5|5|5|5|5|5
27881,5,False,5,0,5,5|5|5|5|5|5|5|5|5|5
27889,5,False,5,0,5,5|5|5|5|5|5|5|5|5|5
27903,5,False,5,0,5,5|5|5|5|5|5|5|5|5|5
27911,5,False,5,1,5,4|5|5|5|5|5|5|5|5|5
27918,5,False,5,0,5,5|5|5|5|5|5|5|5|5|5
27920,5,False,5,9,7,3|5|7|7|7|3|7|3|7|3
27937,5,False,5,2,5,5|4|5|5|4|5|5|5|5|5
27939,5,False,5,0,5,5|5|5|5|5|5|5|5|5|5
27946,5,False,5,0,5,5|5|5|5|5|5|5|5|5|5
27953,5,False,5,3,5,4|4|5|5|5|5|5|4|5|5
27954,5,False,5,0,5,5|5|5|5|5|5|5|5|5|5
27963,5,False,5,4,5,5|5|5|3|4|3|5|4|5|5
27975,5,False,5,1,5,5|5|5|5|5|5|5|4|5|5
27981,5,False,5,10,4,4|4|4|4|4|4|4|4|4|4
28002,5,False,5,1,5,5|5|5|5|5|5|4|5|5|5
28025,5,False,5,6,4,4|5|4|4|4|4|5|5|5|4
28028,5,False,5,0,5,5|5|5|5|5|5|5|5|5|5
28046,5,False,5,1,5,5|5|5|5|5|5|5|4|5|5
28051,5,False,5,0,5,5|5|5|5|5|5|5|5|5|5
28059,5,False,5,1,5,5|4|5|5|5|5|5|5|5|5
28087,5,False,5,0,5,5|5|5|5|5|5|5|5|5|5
28122,5,False,5,10,4,4|4|4|4|4|4|4|4|4|4
28125,5,False,5,0,5,5|5|5|5|5|5|5|5|5|5
28130,5,False,5,0,5,5|5|5|5|5|5|5|5|5|5
28133,5,False,5,0,5,5|5|5|5|5|5|5|5|5|5
28139,5,False,5,8,4,4|4|5|4|4|4|5|4|4|4
28142,5,False,5,0,5,5|5|5|5|5|5|5|5|5|5
28149,5,False,5,0,5,5|5|5|5|5|5|5|5|5|5
28171,5,False,5,0,5,5|5|5|5|5|5|5|5|5|5
28174,5,False,5,0,5,5|5|5|5|5|5|5|5|5|5
28185,5,False,5,1,5,5|5|5|5|5|5|4|5|5|5
28200,5,False,5,0,5,5|5|5|5|5|5|5|5|5|5
28201,5,False,5,0,5,5|5|5|5|5|5|5|5|5|5
28232,5,False,5,0,5,5|5|5|5|5|5|5|5|5|5
28233,5,False,5,0,5,5|5|5|5|5|5|5|5|5|5
28234,5,False,5,0,5,5|5|5|5|5|5|5|5|5|5
28236,5,False,5,0,5,5|5|5|5|5|5|5|5|5|5
28251,5,False,5,3,5,5|4|5|4|5|5|4|5|5|5
28260,5,False,5,9,4,4|4|4|5|4|4|1|4|4|4
28281,5,False,5,0,5,5|5|5|5|5|5|5|5|5|5
28300,5,False,5,0,5,5|5|5|5|5|5|5|5|5|5
28313,5,False,5,2,5,5|5|5|5|5|4|5|5|5|4
28343,5,False,5,0,5,5|5|5|5|5|5|5|5|5|5
28348,5,False,5,0,5,5|5|5|5|5|5|5|5|5|5
28349,5,False,5,9,3,5|3|3|3|3|3|2|3|3|3
28363,5,False,5,0,5,5|5|5|5|5|5|5|5|5|5
28372,5,False,5,10,4,4|4|4|4|4|4|4|4|4|4
28378,5,False,5,0,5,5|5|5|5|5|5|5|5|5|5
28381,5,False,5,1,5,5|5|5|5|5|5|5|5|5|4
28384,5,False,5,0,5,5|5|5|5|5|5|5|5|5|5
28392,5,False,5,3,5,5|3|5|5|5|3|5|5|5|2
28395,5,False,5,9,4,4|4|4|4|4|4|4|4|5|4
28396,5,False,5,0,5,5|5|5|5|5|5|5|5|5|5
28400,5,False,5,10,4,4|4|4|4|4|4|4|4|4|4
28410,5,False,5,0,5,5|5|5|5|5|5|5|5|5|5
28411,5,False,5,6,4,4|4|4|5|5|5|4|5|4|4
28421,5,False,5,10,9,9|9|2|9|2|3|2|9|3|0
28425,5,False,5,10,4,4|4|4|4|4|4|4|4|4|4
28441,5,False,5,3,5,5|5|4|5|5|5|5|4|5|4
28445,5,False,5,0,5,5|5|5|5|5|5|5|5|5|5
28457,5,False,5,2,5,5|5|5|5|5|5|5|4|4|5
28466,5,False,5,9,1,1|1|1|1|1|1|5|1|1|1
28470,5,False,5,0,5,5|5|5|5|5|5|5|5|5|5
28501,5,False,5,8,4,5|4|4|5|4|4|4|4|9|4
28502,5,False,5,1,5,5|5|5|4|5|5|5|5|5|5
28551,5,False,5,5,5,5|4|1|5|5|1|5|4|5|1
28565,5,False,5,0,5,5|5|5|5|5|5|5|5|5|5
28573,5,False,5,0,5,5|5|5|5|5|5|5|5|5|5
28590,5,False,5,0,5,5|5|5|5|5|5|5|5|5|5
28605,5,False,5,1,5,5|5|5|4|5|5|5|5|5|5
28607,5,False,5,0,5,5|5|5|5|5|5|5|5|5|5
28613,5,False,5,10,4,4|4|4|4|4|4|4|4|4|4
28625,5,False,5,0,5,5|5|5|5|5|5|5|5|5|5
28636,5,False,5,0,5,5|5|5|5|5|5|5|5|5|5
28640,5,False,5,10,0,0|0|0|0|8|0|0|0|8|0
28648,5,False,5,10,2,2|2|2|2|2|2|2|2|2|2
28650,5,False,5,0,5,5|5|5|5|5|5|5|5|5|5
28669,5,False,5,0,5,5|5|5|5|5|5|5|5|5|5
28681,5,False,5,0,5,5|5|5|5|5|5|5|5|5|5
28683,5,False,5,0,5,5|5|5|5|5|5|5|5|5|5
28690,5,False,5,0,5,5|5|5|5|5|5|5|5|5|5
28702,5,False,5,1,5,5|5|5|5|5|5|5|4|5|5
28706,5,False,5,0,5,5|5|5|5|5|5|5|5|5|5
28720,5,False,5,5,-1,4|5|5|4|4|5|4|5|5|4
28723,5,False,5,0,5,5|5|5|5|5|5|5|5|5|5
28728,5,False,5,0,5,5|5|5|5|5|5|5|5|5|5
28736,5,False,5,0,5,5|5|5|5|5|5|5|5|5|5
28741,5,False,5,0,5,5|5|5|5|5|5|5|5|5|5
28746,5,False,5,0,5,5|5|5|5|5|5|5|5|5|5
28767,5,False,5,0,5,5|5|5|5|5|5|5|5|5|5
28775,5,False,5,2,5,5|4|4|5|5|5|5|5|5|5
28832,5,False,5,3,5,5|5|5|5|5|5|5|0|2|1
28843,5,False,5,5,-1,4|5|4|4|5|4|5|5|5|4
28853,5,False,5,0,5,5|5|5|5|5|5|5|5|5|5
28865,5,False,5,0,5,5|5|5|5|5|5|5|5|5|5
28892,5,False,5,0,5,5|5|5|5|5|5|5|5|5|5
28897,5,False,5,0,5,5|5|5|5|5|5|5|5|5|5
28916,5,False,5,0,5,5|5|5|5|5|5|5|5|5|5
28924,5,False,5,2,5,5|5|5|5|5|5|2|5|5|4
28930,5,False,5,10,4,4|4|4|4|4|4|4|4|4|4
28934,5,False,5,0,5,5|5|5|5|5|5|5|5|5|5
28947,5,False,5,5,5,1|1|1|5|0|1|5|5|5|5
28948,5,False,5,10,4,4|4|4|4|4|4|4|4|4|4
28964,5,False,5,10,4,4|4|4|4|4|4|4|4|4|4
28969,5,False,5,0,5,5|5|5|5|5|5|5|5|5|5
28976,5,False,5,0,5,5|5|5|5|5|5|5|5|5|5
28985,5,False,5,0,5,5|5|5|5|5|5|5|5|5|5
28988,5,False,5,10,4,6|3|4|4|0|0|4|4|4|0
29000,5,False,5,0,5,5|5|5|5|5|5|5|5|5|5
29010,5,False,5,0,5,5|5|5|5|5|5|5|5|5|5
29029,5,False,5,0,5,5|5|5|5|5|5|5|5|5|5
29060,5,False,5,0,5,5|5|5|5|5|5|5|5|5|5
29063,5,False,5,0,5,5|5|5|5|5|5|5|5|5|5
29065,5,False,5,0,5,5|5|5|5|5|5|5|5|5|5
29081,5,False,5,0,5,5|5|5|5|5|5|5|5|5|5
29084,5,False,5,1,5,5|5|5|5|5|4|5|5|5|5
29086,5,False,5,0,5,5|5|5|5|5|5|5|5|5|5
29106,5,False,5,0,5,5|5|5|5|5|5|5|5|5|5
29112,5,False,5,0,5,5|5|5|5|5|5|5|5|5|5
29128,5,False,5,0,5,5|5|5|5|5|5|5|5|5|5
29137,5,False,5,2,5,5|4|5|5|5|5|3|5|5|5
29146,5,False,5,1,5,5|4|5|5|5|5|5|5|5|5
29151,5,False,5,10,3,3|3|3|3|3|3|3|3|3|3
29156,5,False,5,9,4,4|4|4|4|4|4|5|4|4|4
29164,5,False,5,0,5,5|5|5|5|5|5|5|5|5|5
29167,5,False,5,0,5,5|5|5|5|5|5|5|5|5|5
29182,5,False,5,0,5,5|5|5|5|5|5|5|5|5|5
29189,5,False,5,6,1,1|5|1|5|1|1|5|5|3|1
29197,5,False,5,0,5,5|5|5|5|5|5|5|5|5|5
29202,5,False,5,0,5,5|5|5|5|5|5|5|5|5|5
29204,5,False,5,0,5,5|5|5|5|5|5|5|5|5|5
29216,5,False,5,4,5,5|4|5|4|5|5|5|5|4|4
29236,5,False,5,1,5,5|5|5|5|5|5|5|5|5|4
29245,5,False,5,0,5,5|5|5|5|5|5|5|5|5|5
29261,5,False,5,9,3,3|2|3|3|3|3|3|5|3|3
29268,5,False,5,0,5,5|5|5|5|5|5|5|5|5|5
29270,5,False,5,0,5,5|5|5|5|5|5|5|5|5|5
29281,5,False,5,8,3,5|1|5|3|1|4|3|3|1|3
29283,5,False,5,0,5,5|5|5|5|5|5|5|5|5|5
29291,5,False,5,10,4,4|4|4|4|4|4|4|4|4|4
29314,5,False,5,0,5,5|5|5|5|5|5|5|5|5|5
29326,5,False,5,0,5,5|5|5|5|5|5|5|5|5|5
29327,5,False,5,0,5,5|5|5|5|5|5|5|5|5|5
29330,5,False,5,10,4,4|4|4|4|4|4|4|4|4|4
29342,5,False,5,3,5,5|5|5|5|3|5|5|4|4|5
29344,5,False,5,0,5,5|5|5|5|5|5|5|5|5|5
29345,5,False,5,9,4,4|5|4|4|4|4|4|4|4|4
29350,5,False,5,0,5,5|5|5|5|5|5|5|5|5|5
29382,5,False,5,4,5,8|9|5|5|5|5|5|5|9|4
29384,5,False,5,0,5,5|5|5|5|5|5|5|5|5|5
29402,5,False,5,4,5,1|5|0|5|1|5|5|5|1|5
29405,5,False,5,10,4,4|4|4|4|4|4|4|4|4|4
29407,5,False,5,0,5,5|5|5|5|5|5|5|5|5|5
29416,5,False,5,10,3,3|3|3|2|3|3|2|3|3|3
29426,5,False,5,3,5,5|5|5|3|5|3|5|5|5|3
29428,5,False,5,0,5,5|5|5|5|5|5|5|5|5|5
29454,5,False,5,0,5,5|5|5|5|5|5|5|5|5|5
29459,5,False,5,9,4,4|4|4|4|4|5|4|4|4|4
29460,5,False,5,0,5,5|5|5|5|5|5|5|5|5|5
29465,5,False,5,1,5,5|5|5|5|5|5|5|5|5|4
29503,5,False,5,0,5,5|5|5|5|5|5|5|5|5|5
29508,5,False,5,0,5,5|5|5|5|5|5|5|5|5|5
29516,5,False,5,0,5,5|5|5|5|5|5|5|5|5|5
29527,5,False,5,2,5,5|5|1|5|5|5|5|5|5|4
29545,5,False,5,0,5,5|5|5|5|5|5|5|5|5|5
29566,5,False,5,0,5,5|5|5|5|5|5|5|5|5|5
29570,5,False,5,0,5,5|5|5|5|5|5|5|5|5|5
29589,5,False,5,0,5,5|5|5|5|5|5|5|5|5|5
29599,5,False,5,2,5,5|5|5|0|5|5|5|5|5|4
29607,5,False,5,10,4,4|4|4|4|4|4|4|4|4|4
29618,5,False,5,0,5,5|5|5|5|5|5|5|5|5|5
29619,5,False,5,0,5,5|5|5|5|5|5|5|5|5|5
29629,5,False,5,0,5,5|5|5|5|5|5|5|5|5|5
29639,5,False,5,0,5,5|5|5|5|5|5|5|5|5|5
29641,5,False,5,0,5,5|5|5|5|5|5|5|5|5|5
29642,5,False,5,0,5,5|5|5|5|5|5|5|5|5|5
29643,5,False,5,0,5,5|5|5|5|5|5|5|5|5|5
29655,5,False,5,10,4,4|4|4|4|4|4|4|4|4|4
29665,5,False,5,0,5,5|5|5|5|5|5|5|5|5|5
29717,5,False,5,8,4,4|4|4|5|4|4|4|4|4|5
29719,5,False,5,0,5,5|5|5|5|5|5|5|5|5|5
29727,5,False,5,0,5,5|5|5|5|5|5|5|5|5|5
29744,5,False,5,0,5,5|5|5|5|5|5|5|5|5|5
29751,5,False,5,0,5,5|5|5|5|5|5|5|5|5|5
29757,5,False,5,0,5,5|5|5|5|5|5|5|5|5|5
29764,5,False,5,9,3,3|2|3|1|5|3|3|3|3|3
29774,5,False,5,0,5,5|5|5|5|5|5|5|5|5|5
29775,5,False,5,7,3,5|2|3|3|3|3|5|3|3|5
29778,5,False,5,0,5,5|5|5|5|5|5|5|5|5|5
29781,5,False,5,0,5,5|5|5|5|5|5|5|5|5|5
29786,5,False,5,0,5,5|5|5|5|5|5|5|5|5|5
29792,5,False,5,10,-1,0|0|0|7|7|0|7|7|7|0
29803,5,False,5,0,5,5|5|5|5|5|5|5|5|5|5
29806,5,False,5,0,5,5|5|5|5|5|5|5|5|5|5
29817,5,False,5,0,5,5|5|5|5|5|5|5|5|5|5
29824,5,False,5,2,5,5|5|5|0|5|1|5|5|5|5
29833,5,False,5,0,5,5|5|5|5|5|5|5|5|5|5
29840,5,False,5,0,5,5|5|5|5|5|5|5|5|5|5
29843,5,False,5,0,5,5|5|5|5|5|5|5|5|5|5
29852,5,False,5,4,5,5|5|4|5|4|4|5|5|5|4
29861,5,False,5,0,5,5|5|5|5|5|5|5|5|5|5
29862,5,False,5,0,5,5|5|5|5|5|5|5|5|5|5
29866,5,False,5,1,5,5|5|5|5|5|5|4|5|5|5
29867,5,False,5,0,5,5|5|5|5|5|5|5|5|5|5
29880,5,False,5,5,5,5|4|4|4|3|5|5|5|5|4
29899,5,False,5,0,5,5|5|5|5|5|5|5|5|5|5
29907,6,False,6,0,6,6|6|6|6|6|6|6|6|6|6
29918,6,False,6,0,6,6|6|6|6|6|6|6|6|6|6
29935,6,False,6,0,6,6|6|6|6|6|6|6|6|6|6
29960,6,False,6,1,6,3|6|6|6|6|6|6|6|6|6
29967,6,False,6,0,6,6|6|6|6|6|6|6|6|6|6
29970,6,False,6,0,6,6|6|6|6|6|6|6|6|6|6
29980,6,False,6,0,6,6|6|6|6|6|6|6|6|6|6
29988,6,False,6,4,6,6|6|7|9|7|7|6|6|6|6
29993,6,False,6,0,6,6|6|6|6|6|6|6|6|6|6
30018,6,False,6,0,6,6|6|6|6|6|6|6|6|6|6
30023,6,False,6,0,6,6|6|6|6|6|6|6|6|6|6
30045,6,False,6,6,7,7|6|6|7|7|7|6|7|7|6
30058,6,False,6,0,6,6|6|6|6|6|6|6|6|6|6
30062,6,False,6,0,6,6|6|6|6|6|6|6|6|6|6
30063,6,False,6,3,6,5|6|6|6|4|5|6|6|6|6
30092,6,False,6,0,6,6|6|6|6|6|6|6|6|6|6
30096,6,False,6,0,6,6|6|6|6|6|6|6|6|6|6
30102,6,False,6,0,6,6|6|6|6|6|6|6|6|6|6
30103,6,False,6,0,6,6|6|6|6|6|6|6|6|6|6
30107,6,False,6,2,6,6|6|6|6|6|5|6|5|6|6
30127,6,False,6,0,6,6|6|6|6|6|6|6|6|6|6
30131,6,False,6,1,6,6|6|6|6|6|6|6|4|6|6
30134,6,False,6,0,6,6|6|6|6|6|6|6|6|6|6
30138,6,False,6,0,6,6|6|6|6|6|6|6|6|6|6
30158,6,False,6,0,6,6|6|6|6|6|6|6|6|6|6
30166,6,False,6,0,6,6|6|6|6|6|6|6|6|6|6
30167,6,False,6,0,6,6|6|6|6|6|6|6|6|6|6
30182,6,False,6,0,6,6|6|6|6|6|6|6|6|6|6
30185,6,False,6,0,6,6|6|6|6|6|6|6|6|6|6
30190,6,False,6,0,6,6|6|6|6|6|6|6|6|6|6
30211,6,False,6,0,6,6|6|6|6|6|6|6|6|6|6
30215,6,False,6,1,6,7|6|6|6|6|6|6|6|6|6
30232,6,False,6,0,6,6|6|6|6|6|6|6|6|6|6
30237,6,False,6,0,6,6|6|6|6|6|6|6|6|6|6
30241,6,False,6,10,7,7|7|7|7|7|7|7|7|7|7
30245,6,False,6,0,6,6|6|6|6|6|6|6|6|6|6
30246,6,False,6,0,6,6|6|6|6|6|6|6|6|6|6
30255,6,False,6,0,6,6|6|6|6|6|6|6|6|6|6
30274,6,False,6,0,6,6|6|6|6|6|6|6|6|6|6
30275,6,False,6,0,6,6|6|6|6|6|6|6|6|6|6
30276,6,False,6,3,6,6|7|7|6|6|6|7|6|6|6
30278,6,False,6,0,6,6|6|6|6|6|6|6|6|6|6
30279,6,False,6,4,6,8|6|6|8|6|6|6|6|8|8
30287,6,False,6,0,6,6|6|6|6|6|6|6|6|6|6
30304,6,False,6,0,6,6|6|6|6|6|6|6|6|6|6
30310,6,False,6,0,6,6|6|6|6|6|6|6|6|6|6
30317,6,False,6,0,6,6|6|6|6|6|6|6|6|6|6
30332,6,False,6,0,6,6|6|6|6|6|6|6|6|6|6
30341,6,False,6,2,6,6|6|6|5|6|5|6|6|6|6
30348,6,False,6,0,6,6|6|6|6|6|6|6|6|6|6
30358,6,False,6,0,6,6|6|6|6|6|6|6|6|6|6
30361,6,False,6,0,6,6|6|6|6|6|6|6|6|6|6
30368,6,False,6,0,6,6|6|6|6|6|6|6|6|6|6
30369,6,False,6,0,6,6|6|6|6|6|6|6|6|6|6
30370,6,False,6,1,6,6|6|6|6|6|6|7|6|6|6
30378,6,False,6,0,6,6|6|6|6|6|6|6|6|6|6
30380,6,False,6,10,5,4|5|4|5|4|5|5|5|4|5
30383,6,False,6,0,6,6|6|6|6|6|6|6|6|6|6
30390,6,False,6,0,6,6|6|6|6|6|6|6|6|6|6
30392,6,False,6,0,6,6|6|6|6|6|6|6|6|6|6
30457,6,False,6,3,6,6|2|2|6|3|6|6|6|6|6
30459,6,False,6,0,6,6|6|6|6|6|6|6|6|6|6
30460,6,False,6,0,6,6|6|6|6|6|6|6|6|6|6
30510,6,False,6,0,6,6|6|6|6|6|6|6|6|6|6
30513,6,False,6,0,6,6|6|6|6|6|6|6|6|6|6
30514,6,False,6,0,6,6|6|6|6|6|6|6|6|6|6
30515,6,False,6,0,6,6|6|6|6|6|6|6|6|6|6
30528,6,False,6,0,6,6|6|6|6|6|6|6|6|6|6
30535,6,False,6,3,6,6|6|6|6|6|1|0|6|6|1
30560,6,False,6,1,6,6|6|6|6|6|6|7|6|6|6
30566,6,False,6,0,6,6|6|6|6|6|6|6|6|6|6
30568,6,False,6,0,6,6|6|6|6|6|6|6|6|6|6
30611,6,False,6,0,6,6|6|6|6|6|6|6|6|6|6
30612,6,False,6,0,6,6|6|6|6|6|6|6|6|6|6
30613,6,False,6,0,6,6|6|6|6|6|6|6|6|6|6
30614,6,False,6,0,6,6|6|6|6|6|6|6|6|6|6
30620,6,False,6,0,6,6|6|6|6|6|6|6|6|6|6
30641,6,False,6,10,7,7|7|7|7|7|7|7|7|7|7
30642,6,False,6,0,6,6|6|6|6|6|6|6|6|6|6
30667,6,False,6,6,7,7|6|6|7|7|7|7|7|6|6
30674,6,False,6,0,6,6|6|6|6|6|6|6|6|6|6
30675,6,False,6,1,6,6|6|6|0|6|6|6|6|6|6
30676,6,False,6,8,9,9|9|6|0|8|9|6|2|2|9
30680,6,False,6,0,6,6|6|6|6|6|6|6|6|6|6
30690,6,False,6,0,6,6|6|6|6|6|6|6|6|6|6
30705,6,False,6,10,0,0|0|0|0|0|0|0|0|0|9
30726,6,False,6,0,6,6|6|6|6|6|6|6|6|6|6
30735,6,False,6,0,6,6|6|6|6|6|6|6|6|6|6
30743,6,False,6,0,6,6|6|6|6|6|6|6|6|6|6
30758,6,False,6,0,6,6|6|6|6|6|6|6|6|6|6
30763,6,False,6,0,6,6|6|6|6|6|6|6|6|6|6
30768,6,False,6,0,6,6|6|6|6|6|6|6|6|6|6
30771,6,False,6,0,6,6|6|6|6|6|6|6|6|6|6
30773,6,False,6,0,6,6|6|6|6|6|6|6|6|6|6
30775,6,False,6,1,6,6|6|6|6|6|6|6|4|6|6
30779,6,False,6,0,6,6|6|6|6|6|6|6|6|6|6
30803,6,False,6,0,6,6|6|6|6|6|6|6|6|6|6
30808,6,False,6,0,6,6|6|6|6|6|6|6|6|6|6
30811,6,False,6,0,6,6|6|6|6|6|6|6|6|6|6
30812,6,False,6,0,6,6|6|6|6|6|6|6|6|6|6
30816,6,False,6,0,6,6|6|6|6|6|6|6|6|6|6
30830,6,False,6,0,6,6|6|6|6|6|6|6|6|6|6
30837,6,False,6,0,6,6|6|6|6|6|6|6|6|6|6
30844,6,False,6,0,6,6|6|6|6|6|6|6|6|6|6
30847,6,False,6,0,6,6|6|6|6|6|6|6|6|6|6
30858,6,False,6,0,6,6|6|6|6|6|6|6|6|6|6
30860,6,False,6,0,6,6|6|6|6|6|6|6|6|6|6
30861,6,False,6,0,6,6|6|6|6|6|6|6|6|6|6
30862,6,False,6,0,6,6|6|6|6|6|6|6|6|6|6
30890,6,False,6,3,6,6|6|7|7|7|6|6|6|6|6
30895,6,False,6,2,6,6|6|6|6|3|2|6|6|6|6
30923,6,False,6,0,6,6|6|6|6|6|6|6|6|6|6
30936,6,False,6,0,6,6|6|6|6|6|6|6|6|6|6
30940,6,False,6,0,6,6|6|6|6|6|6|6|6|6|6
30953,6,False,6,0,6,6|6|6|6|6|6|6|6|6|6
30959,6,False,6,0,6,6|6|6|6|6|6|6|6|6|6
30965,6,False,6,0,6,6|6|6|6|6|6|6|6|6|6
30966,6,False,6,0,6,6|6|6|6|6|6|6|6|6|6
30978,6,False,6,0,6,6|6|6|6|6|6|6|6|6|6
30981,6,False,6,0,6,6|6|6|6|6|6|6|6|6|6
30982,6,False,6,10,7,7|7|7|7|7|7|7|7|7|7
30984,6,False,6,0,6,6|6|6|6|6|6|6|6|6|6
30987,6,False,6,0,6,6|6|6|6|6|6|6|6|6|6
30989,6,False,6,0,6,6|6|6|6|6|6|6|6|6|6
30996,6,False,6,1,6,9|6|6|6|6|6|6|6|6|6
30998,6,False,6,0,6,6|6|6|6|6|6|6|6|6|6
31006,6,False,6,0,6,6|6|6|6|6|6|6|6|6|6
31009,6,False,6,9,4,4|4|5|5|4|3|2|4|6|4
31023,6,False,6,0,6,6|6|6|6|6|6|6|6|6|6
31036,6,False,6,0,6,6|6|6|6|6|6|6|6|6|6
31037,6,False,6,0,6,6|6|6|6|6|6|6|6|6|6
31042,6,False,6,0,6,6|6|6|6|6|6|6|6|6|6
31048,6,False,6,0,6,6|6|6|6|6|6|6|6|6|6
31065,6,False,6,0,6,6|6|6|6|6|6|6|6|6|6
31066,6,False,6,0,6,6|6|6|6|6|6|6|6|6|6
31093,6,False,6,0,6,6|6|6|6|6|6|6|6|6|6
31095,6,False,6,0,6,6|6|6|6|6|6|6|6|6|6
31107,6,False,6,0,6,6|6|6|6|6|6|6|6|6|6
31109,6,False,6,3,6,4|6|6|6|4|6|4|6|6|6
31119,6,False,6,0,6,6|6|6|6|6|6|6|6|6|6
31138,6,False,6,0,6,6|6|6|6|6|6|6|6|6|6
31151,6,False,6,0,6,6|6|6|6|6|6|6|6|6|6
31162,6,False,6,0,6,6|6|6|6|6|6|6|6|6|6
31166,6,False,6,0,6,6|6|6|6|6|6|6|6|6|6
31179,6,False,6,9,0,0|0|0|6|2|0|0|2|0|0
31183,6,False,6,0,6,6|6|6|6|6|6|6|6|6|6
31199,6,False,6,0,6,6|6|6|6|6|6|6|6|6|6
31205,6,False,6,0,6,6|6|6|6|6|6|6|6|6|6
31216,6,False,6,1,6,6|6|6|6|6|7|6|6|6|6
31224,6,False,6,0,6,6|6|6|6|6|6|6|6|6|6
31253,6,False,6,0,6,6|6|6|6|6|6|6|6|6|6
31257,6,False,6,4,6,6|7|7|6|6|6|7|7|6|6
31267,6,False,6,4,6,6|6|6|6|7|6|6|7|7|7
31279,6,False,6,0,6,6|6|6|6|6|6|6|6|6|6
31305,6,False,6,0,6,6|6|6|6|6|6|6|6|6|6
31329,6,False,6,5,6,0|0|6|6|7|2|6|6|2|6
31333,6,False,6,3,6,6|6|6|6|6|6|4|4|6|4
31337,6,False,6,0,6,6|6|6|6|6|6|6|6|6|6
31338,6,False,6,0,6,6|6|6|6|6|6|6|6|6|6
31352,6,False,6,0,6,6|6|6|6|6|6|6|6|6|6
31355,6,False,6,0,6,6|6|6|6|6|6|6|6|6|6
31364,6,False,6,0,6,6|6|6|6|6|6|6|6|6|6
31372,6,False,6,0,6,6|6|6|6|6|6|6|6|6|6
31379,6,False,6,0,6,6|6|6|6|6|6|6|6|6|6
31391,6,False,6,0,6,6|6|6|6|6|6|6|6|6|6
31412,6,False,6,8,4,2|2|4|4|4|6|4|4|4|6
31426,6,False,6,0,6,6|6|6|6|6|6|6|6|6|6
31428,6,False,6,0,6,6|6|6|6|6|6|6|6|6|6
31436,6,False,6,0,6,6|6|6|6|6|6|6|6|6|6
31442,6,False,6,0,6,6|6|6|6|6|6|6|6|6|6
31450,6,False,6,1,6,6|6|6|6|6|6|6|6|2|6
31453,6,False,6,0,6,6|6|6|6|6|6|6|6|6|6
31456,6,False,6,0,6,6|6|6|6|6|6|6|6|6|6
31470,6,False,6,10,-1,1|1|1|5|4|4|5|5|5|1
31492,6,False,6,0,6,6|6|6|6|6|6|6|6|6|6
31499,6,False,6,1,6,6|6|6|6|6|6|6|6|6|9
31500,6,False,6,0,6,6|6|6|6|6|6|6|6|6|6
31513,6,False,6,0,6,6|6|6|6|6|6|6|6|6|6
31514,6,False,6,4,6,6|1|6|0|6|6|6|0|6|1
31519,6,False,6,5,-1,6|7|7|6|7|7|6|7|6|6
31538,6,False,6,0,6,6|6|6|6|6|6|6|6|6|6
31540,6,False,6,2,6,6|6|6|6|6|6|6|7|5|6
31551,6,False,6,0,6,6|6|6|6|6|6|6|6|6|6
31569,6,False,6,0,6,6|6|6|6|6|6|6|6|6|6
31572,6,False,6,7,-1,5|6|6|0|8|0|0|6|3|5
31583,6,False,6,0,6,6|6|6|6|6|6|6|6|6|6
31597,6,False,6,0,6,6|6|6|6|6|6|6|6|6|6
31604,6,False,6,0,6,6|6|6|6|6|6|6|6|6|6
31623,6,False,6,0,6,6|6|6|6|6|6|6|6|6|6
31628,6,False,6,0,6,6|6|6|6|6|6|6|6|6|6
31631,6,False,6,0,6,6|6|6|6|6|6|6|6|6|6
31643,6,False,6,0,6,6|6|6|6|6|6|6|6|6|6
31648,6,False,6,0,6,6|6|6|6|6|6|6|6|6|6
31651,6,False,6,1,6,6|6|6|6|6|6|6|6|0|6
31652,6,False,6,0,6,6|6|6|6|6|6|6|6|6|6
31673,6,False,6,0,6,6|6|6|6|6|6|6|6|6|6
31704,6,False,6,1,6,6|6|6|6|6|6|8|6|6|6
31713,6,False,6,0,6,6|6|6|6|6|6|6|6|6|6
31725,6,False,6,0,6,6|6|6|6|6|6|6|6|6|6
31727,6,False,6,0,6,6|6|6|6|6|6|6|6|6|6
31752,6,False,6,1,6,6|6|7|6|6|6|6|6|6|6
31756,6,False,6,0,6,6|6|6|6|6|6|6|6|6|6
31773,6,False,6,0,6,6|6|6|6|6|6|6|6|6|6
31774,6,False,6,0,6,6|6|6|6|6|6|6|6|6|6
31793,6,False,6,0,6,6|6|6|6|6|6|6|6|6|6
31803,6,False,6,6,0,6|0|6|6|0|0|0|6|0|0
31806,6,False,6,0,6,6|6|6|6|6|6|6|6|6|6
31821,6,False,6,0,6,6|6|6|6|6|6|6|6|6|6
31826,6,False,6,0,6,6|6|6|6|6|6|6|6|6|6
31845,6,False,6,1,6,6|6|6|6|6|6|6|4|6|6
31853,6,False,6,1,6,6|6|6|6|6|6|9|6|6|6
31855,6,False,6,10,0,0|0|0|0|0|7|0|0|0|0
31875,6,False,6,0,6,6|6|6|6|6|6|6|6|6|6
31877,6,False,6,0,6,6|6|6|6|6|6|6|6|6|6
31882,6,False,6,0,6,6|6|6|6|6|6|6|6|6|6
31888,6,False,6,0,6,6|6|6|6|6|6|6|6|6|6
31891,6,False,6,0,6,6|6|6|6|6|6|6|6|6|6
31903,6,False,6,0,6,6|6|6|6|6|6|6|6|6|6
31904,6,False,6,0,6,6|6|6|6|6|6|6|6|6|6
31912,6,False,6,3,6,6|6|6|6|6|6|7|7|6|7
31919,6,False,6,0,6,6|6|6|6|6|6|6|6|6|6
31934,6,False,6,0,6,6|6|6|6|6|6|6|6|6|6
31941,6,False,6,10,7,7|7|7|7|7|7|7|7|7|7
31965,6,False,6,0,6,6|6|6|6|6|6|6|6|6|6
31970,6,False,6,0,6,6|6|6|6|6|6|6|6|6|6
31986,6,False,6,0,6,6|6|6|6|6|6|6|6|6|6
31990,6,False,6,1,6,6|4|6|6|6|6|6|6|6|6
32003,6,False,6,0,6,6|6|6|6|6|6|6|6|6|6
32008,6,False,6,0,6,6|6|6|6|6|6|6|6|6|6
32017,6,False,6,2,6,6|6|7|6|6|7|6|6|6|6
32030,6,False,6,0,6,6|6|6|6|6|6|6|6|6|6
32040,6,False,6,0,6,6|6|6|6|6|6|6|6|6|6
32043,6,False,6,0,6,6|6|6|6|6|6|6|6|6|6
32058,6,False,6,0,6,6|6|6|6|6|6|6|6|6|6
32060,6,False,6,0,6,6|6|6|6|6|6|6|6|6|6
32075,6,False,6,3,6,2|6|6|6|6|5|6|6|6|1
32078,6,False,6,0,6,6|6|6|6|6|6|6|6|6|6
32099,6,False,6,0,6,6|6|6|6|6|6|6|6|6|6
32102,6,False,6,0,6,6|6|6|6|6|6|6|6|6|6
32112,6,False,6,0,6,6|6|6|6|6|6|6|6|6|6
32114,6,False,6,0,6,6|6|6|6|6|6|6|6|6|6
32149,6,False,6,0,6,6|6|6|6|6|6|6|6|6|6
32158,6,False,6,3,6,6|7|7|6|7|6|6|6|6|6
32182,6,False,6,0,6,6|6|6|6|6|6|6|6|6|6
32199,6,False,6,0,6,6|6|6|6|6|6|6|6|6|6
32205,6,False,6,0,6,6|6|6|6|6|6|6|6|6|6
32217,6,False,6,0,6,6|6|6|6|6|6|6|6|6|6
32224,6,False,6,0,6,6|6|6|6|6|6|6|6|6|6
32247,6,False,6,9,4,6|4|4|4|3|4|4|4|4|4
32267,6,False,6,1,6,6|6|6|6|6|6|6|6|7|6
32273,6,False,6,1,6,6|6|7|6|6|6|6|6|6|6
32294,6,False,6,0,6,6|6|6|6|6|6|6|6|6|6
32300,6,False,6,2,6,6|6|6|7|6|7|6|6|6|6
32306,6,False,6,10,2,1|2|2|2|2|3|4|3|3|2
32322,6,False,6,0,6,6|6|6|6|6|6|6|6|6|6
32333,6,False,6,0,6,6|6|6|6|6|6|6|6|6|6
32334,6,False,6,0,6,6|6|6|6|6|6|6|6|6|6
32337,6,False,6,0,6,6|6|6|6|6|6|6|6|6|6
32344,6,False,6,0,6,6|6|6|6|6|6|6|6|6|6
32345,6,False,6,0,6,6|6|6|6|6|6|6|6|6|6
32373,6,False,6,0,6,6|6|6|6|6|6|6|6|6|6
32375,6,False,6,0,6,6|6|6|6|6|6|6|6|6|6
32385,6,False,6,8,7,7|7|6|6|7|7|7|7|7|7
32395,6,False,6,0,6,6|6|6|6|6|6|6|6|6|6
32402,6,False,6,0,6,6|6|6|6|6|6|6|6|6|6
32415,6,False,6,0,6,6|6|6|6|6|6|6|6|6|6
32425,6,False,6,2,6,6|6|6|4|6|3|6|6|6|6
32450,6,False,6,10,9,9|9|9|9|9|8|9|9|8|9
32489,6,False,6,0,6,6|6|6|6|6|6|6|6|6|6
32496,6,False,6,0,6,6|6|6|6|6|6|6|6|6|6
32504,6,False,6,0,6,6|6|6|6|6|6|6|6|6|6
32506,6,False,6,0,6,6|6|6|6|6|6|6|6|6|6
32508,6,False,6,2,6,6|7|6|6|6|6|6|6|6|7
32514,6,False,6,0,6,6|6|6|6|6|6|6|6|6|6
32522,6,False,6,0,6,6|6|6|6|6|6|6|6|6|6
32530,6,False,6,0,6,6|6|6|6|6|6|6|6|6|6
32533,6,False,6,0,6,6|6|6|6|6|6|6|6|6|6
32541,6,False,6,0,6,6|6|6|6|6|6|6|6|6|6
32576,6,False,6,3,6,6|7|6|6|6|6|7|7|6|6
32577,6,False,6,0,6,6|6|6|6|6|6|6|6|6|6
32582,6,False,6,10,8,8|8|8|8|8|8|8|8|8|0
32592,6,False,6,0,6,6|6|6|6|6|6|6|6|6|6
32593,6,False,6,1,6,6|6|6|6|6|6|6|7|6|6
32621,6,False,6,0,6,6|6|6|6|6|6|6|6|6|6
32635,6,False,6,0,6,6|6|6|6|6|6|6|6|6|6
32664,6,False,6,0,6,6|6|6|6|6|6|6|6|6|6
32667,6,False,6,1,6,6|6|6|2|6|6|6|6|6|6
32668,6,False,6,7,0,9|6|0|4|0|0|6|4|6|0
32670,6,False,6,0,6,6|6|6|6|6|6|6|6|6|6
32678,6,False,6,0,6,6|6|6|6|6|6|6|6|6|6
32687,6,False,6,0,6,6|6|6|6|6|6|6|6|6|6
32695,6,False,6,0,6,6|6|6|6|6|6|6|6|6|6
32707,6,False,6,0,6,6|6|6|6|6|6|6|6|6|6
32713,6,False,6,0,6,6|6|6|6|6|6|6|6|6|6
32719,6,False,6,0,6,6|6|6|6|6|6|6|6|6|6
32721,6,False,6,1,6,6|6|6|7|6|6|6|6|6|6
32761,6,False,6,0,6,6|6|6|6|6|6|6|6|6|6
32772,6,False,6,0,6,6|6|6|6|6|6|6|6|6|6
32790,6,False,6,0,6,6|6|6|6|6|6|6|6|6|6
32804,6,False,6,0,6,6|6|6|6|6|6|6|6|6|6
32814,6,False,6,0,6,6|6|6|6|6|6|6|6|6|6
32820,6,False,6,0,6,6|6|6|6|6|6|6|6|6|6
32825,6,False,6,0,6,6|6|6|6|6|6|6|6|6|6
32846,6,False,6,0,6,6|6|6|6|6|6|6|6|6|6
32855,6,False,6,6,6,3|2|6|6|3|2|6|2|6|3
32862,6,False,6,0,6,6|6|6|6|6|6|6|6|6|6
32893,6,False,6,0,6,6|6|6|6|6|6|6|6|6|6
32898,6,False,6,1,6,6|6|6|6|6|6|6|4|6|6
32900,6,False,6,0,6,6|6|6|6|6|6|6|6|6|6
32901,6,False,6,0,6,6|6|6|6|6|6|6|6|6|6
32921,6,False,6,0,6,6|6|6|6|6|6|6|6|6|6
32922,6,False,6,0,6,6|6|6|6|6|6|6|6|6|6
32939,6,False,6,0,6,6|6|6|6|6|6|6|6|6|6
32949,6,False,6,0,6,6|6|6|6|6|6|6|6|6|6
32950,6,False,6,0,6,6|6|6|6|6|6|6|6|6|6
32957,6,False,6,3,6,6|6|6|6|8|6|8|6|6|0
32980,6,False,6,0,6,6|6|6|6|6|6|6|6|6|6
32988,6,False,6,0,6,6|6|6|6|6|6|6|6|6|6
33027,6,False,6,0,6,6|6|6|6|6|6|6|6|6|6
33030,6,False,6,0,6,6|6|6|6|6|6|6|6|6|6
33032,6,False,6,0,6,6|6|6|6|6|6|6|6|6|6
33033,6,False,6,0,6,6|6|6|6|6|6|6|6|6|6
33040,6,False,6,0,6,6|6|6|6|6|6|6|6|6|6
33041,6,False,6,0,6,6|6|6|6|6|6|6|6|6|6
33042,6,False,6,3,6,6|6|6|0|6|8|6|6|8|6
33043,6,False,6,0,6,6|6|6|6|6|6|6|6|6|6
33046,6,False,6,0,6,6|6|6|6|6|6|6|6|6|6
33051,6,False,6,0,6,6|6|6|6|6|6|6|6|6|6
33061,6,False,6,0,6,6|6|6|6|6|6|6|6|6|6
33076,6,False,6,0,6,6|6|6|6|6|6|6|6|6|6
33080,6,False,6,10,7,7|7|7|7|7|7|7|7|7|7
33094,6,False,6,0,6,6|6|6|6|6|6|6|6|6|6
33105,6,False,6,0,6,6|6|6|6|6|6|6|6|6|6
33119,6,False,6,0,6,6|6|6|6|6|6|6|6|6|6
33128,6,False,6,0,6,6|6|6|6|6|6|6|6|6|6
33135,6,False,6,0,6,6|6|6|6|6|6|6|6|6|6
33137,6,False,6,0,6,6|6|6|6|6|6|6|6|6|6
33183,6,False,6,2,6,4|6|4|6|6|6|6|6|6|6
33186,6,False,6,0,6,6|6|6|6|6|6|6|6|6|6
33192,6,False,6,0,6,6|6|6|6|6|6|6|6|6|6
33213,6,False,6,0,6,6|6|6|6|6|6|6|6|6|6
33218,6,False,6,0,6,6|6|6|6|6|6|6|6|6|6
33219,6,False,6,10,7,7|7|7|0|7|7|8|7|0|7
33250,6,False,6,1,6,6|6|6|4|6|6|6|6|6|6
33254,6,False,6,0,6,6|6|6|6|6|6|6|6|6|6
33256,6,False,6,0,6,6|6|6|6|6|6|6|6|6|6
33259,6,False,6,9,7,7|7|7|6|7|7|7|7|7|7
33270,6,False,6,0,6,6|6|6|6|6|6|6|6|6|6
33272,6,False,6,10,7,7|7|7|7|7|7|7|7|7|7
33308,6,False,6,0,6,6|6|6|6|6|6|6|6|6|6
33310,6,False,6,0,6,6|6|6|6|6|6|6|6|6|6
33337,6,False,6,0,6,6|6|6|6|6|6|6|6|6|6
33338,6,False,6,0,6,6|6|6|6|6|6|6|6|6|6
33383,6,False,6,0,6,6|6|6|6|6|6|6|6|6|6
33391,6,False,6,0,6,6|6|6|6|6|6|6|6|6|6
33392,6,False,6,0,6,6|6|6|6|6|6|6|6|6|6
33399,6,False,6,10,7,0|7|7|7|7|7|7|7|7|7
33436,6,False,6,0,6,6|6|6|6|6|6|6|6|6|6
33437,6,False,6,0,6,6|6|6|6|6|6|6|6|6|6
33450,6,False,6,2,6,4|6|6|6|6|6|6|6|3|6
33471,6,False,6,0,6,6|6|6|6|6|6|6|6|6|6
33473,6,False,6,0,6,6|6|6|6|6|6|6|6|6|6
33488,6,False,6,0,6,6|6|6|6|6|6|6|6|6|6
33498,6,False,6,0,6,6|6|6|6|6|6|6|6|6|6
33506,6,False,6,0,6,6|6|6|6|6|6|6|6|6|6
33511,6,False,6,0,6,6|6|6|6|6|6|6|6|6|6
33517,6,False,6,0,6,6|6|6|6|6|6|6|6|6|6
33518,6,False,6,3,6,6|7|6|6|6|6|7|7|6|6
33532,6,False,6,0,6,6|6|6|6|6|6|6|6|6|6
33533,6,False,6,0,6,6|6|6|6|6|6|6|6|6|6
33538,6,False,6,0,6,6|6|6|6|6|6|6|6|6|6
33548,6,False,6,0,6,6|6|6|6|6|6|6|6|6|6
33550,6,False,6,1,6,6|6|6|6|6|6|7|6|6|6
33560,6,False,6,0,6,6|6|6|6|6|6|6|6|6|6
33566,6,False,6,0,6,6|6|6|6|6|6|6|6|6|6
33569,6,False,6,0,6,6|6|6|6|6|6|6|6|6|6
33576,6,False,6,0,6,6|6|6|6|6|6|6|6|6|6
33577,6,False,6,0,6,6|6|6|6|6|6|6|6|6|6
33588,6,False,6,0,6,6|6|6|6|6|6|6|6|6|6
33615,6,False,6,0,6,6|6|6|6|6|6|6|6|6|6
33640,6,False,6,0,6,6|6|6|6|6|6|6|6|6|6
33641,6,False,6,0,6,6|6|6|6|6|6|6|6|6|6
33642,6,False,6,0,6,6|6|6|6|6|6|6|6|6|6
33646,6,False,6,0,6,6|6|6|6|6|6|6|6|6|6
33658,6,False,6,0,6,6|6|6|6|6|6|6|6|6|6
33666,6,False,6,10,7,7|7|7|7|7|7|7|7|7|7
33674,6,False,6,0,6,6|6|6|6|6|6|6|6|6|6
33676,6,False,6,0,6,6|6|6|6|6|6|6|6|6|6
33686,6,False,6,0,6,6|6|6|6|6|6|6|6|6|6
33694,6,False,6,7,4,6|6|6|2|4|4|4|4|4|4
33697,6,False,6,0,6,6|6|6|6|6|6|6|6|6|6
33735,6,False,6,0,6,6|6|6|6|6|6|6|6|6|6
33747,6,False,6,0,6,6|6|6|6|6|6|6|6|6|6
33748,6,False,6,0,6,6|6|6|6|6|6|6|6|6|6
33760,6,False,6,0,6,6|6|6|6|6|6|6|6|6|6
33774,6,False,6,0,6,6|6|6|6|6|6|6|6|6|6
33778,6,False,6,0,6,6|6|6|6|6|6|6|6|6|6
33790,6,False,6,0,6,6|6|6|6|6|6|6|6|6|6
33792,6,False,6,6,6,6|6|4|6|1|6|1|1|5|5
33802,6,False,6,0,6,6|6|6|6|6|6|6|6|6|6
33818,6,False,6,0,6,6|6|6|6|6|6|6|6|6|6
33821,6,False,6,0,6,6|6|6|6|6|6|6|6|6|6
33824,6,False,6,0,6,6|6|6|6|6|6|6|6|6|6
33839,6,False,6,1,6,6|6|6|6|6|6|6|6|0|6
33842,6,False,6,0,6,6|6|6|6|6|6|6|6|6|6
33860,6,False,6,0,6,6|6|6|6|6|6|6|6|6|6
33863,6,False,6,0,6,6|6|6|6|6|6|6|6|6|6
33876,6,False,6,0,6,6|6|6|6|6|6|6|6|6|6
33882,6,False,6,0,6,6|6|6|6|6|6|6|6|6|6
33895,6,False,6,0,6,6|6|6|6|6|6|6|6|6|6
33904,6,False,6,0,6,6|6|6|6|6|6|6|6|6|6
33906,6,False,6,0,6,6|6|6|6|6|6|6|6|6|6
33916,6,False,6,1,6,7|6|6|6|6|6|6|6|6|6
33922,6,False,6,0,6,6|6|6|6|6|6|6|6|6|6
33923,6,False,6,0,6,6|6|6|6|6|6|6|6|6|6
33927,6,False,6,0,6,6|6|6|6|6|6|6|6|6|6
33947,6,False,6,0,6,6|6|6|6|6|6|6|6|6|6
33955,6,False,6,0,6,6|6|6|6|6|6|6|6|6|6
33963,6,False,6,0,6,6|6|6|6|6|6|6|6|6|6
33964,6,False,6,10,9,9|9|8|9|9|9|8|9|9|9
33976,6,False,6,0,6,6|6|6|6|6|6|6|6|6|6
33980,6,False,6,0,6,6|6|6|6|6|6|6|6|6|6
33988,6,False,6,0,6,6|6|6|6|6|6|6|6|6|6
34009,6,False,6,0,6,6|6|6|6|6|6|6|6|6|6
34024,6,False,6,9,2,2|2|2|2|2|2|6|3|2|2
34026,6,False,6,10,7,7|7|7|7|7|7|7|7|7|7
34031,6,False,6,0,6,6|6|6|6|6|6|6|6|6|6
34070,6,False,6,10,9,0|7|7|8|7|9|8|9|9|9
34071,6,False,6,0,6,6|6|6|6|6|6|6|6|6|6
34089,6,False,6,0,6,6|6|6|6|6|6|6|6|6|6
34115,6,False,6,0,6,6|6|6|6|6|6|6|6|6|6
34138,6,False,6,3,6,7|6|6|6|7|7|6|6|6|6
34146,6,False,6,3,6,6|6|6|3|6|6|6|2|6|0
34148,6,False,6,0,6,6|6|6|6|6|6|6|6|6|6
34158,6,False,6,0,6,6|6|6|6|6|6|6|6|6|6
34168,6,False,6,0,6,6|6|6|6|6|6|6|6|6|6
34180,6,False,6,0,6,6|6|6|6|6|6|6|6|6|6
34191,6,False,6,0,6,6|6|6|6|6|6|6|6|6|6
34197,6,False,6,0,6,6|6|6|6|6|6|6|6|6|6
34203,6,False,6,0,6,6|6|6|6|6|6|6|6|6|6
34231,6,False,6,0,6,6|6|6|6|6|6|6|6|6|6
34248,6,False,6,0,6,6|6|6|6|6|6|6|6|6|6
34251,6,False,6,0,6,6|6|6|6|6|6|6|6|6|6
34254,6,False,6,0,6,6|6|6|6|6|6|6|6|6|6
34264,6,False,6,10,7,7|7|7|8|7|7|7|7|7|8
34290,6,False,6,1,6,6|6|6|6|4|6|6|6|6|6
34337,6,False,6,0,6,6|6|6|6|6|6|6|6|6|6
34338,6,False,6,0,6,6|6|6|6|6|6|6|6|6|6
34343,6,False,6,0,6,6|6|6|6|6|6|6|6|6|6
34345,6,False,6,0,6,6|6|6|6|6|6|6|6|6|6
34354,6,False,6,10,7,7|7|7|7|7|7|7|7|7|7
34364,6,False,6,0,6,6|6|6|6|6|6|6|6|6|6
34368,6,False,6,0,6,6|6|6|6|6|6|6|6|6|6
34370,6,False,6,0,6,6|6|6|6|6|6|6|6|6|6
34379,6,False,6,0,6,6|6|6|6|6|6|6|6|6|6
34383,6,False,6,7,9,9|6|9|9|6|9|7|6|9|9
34397,6,False,6,0,6,6|6|6|6|6|6|6|6|6|6
34403,6,False,6,0,6,6|6|6|6|6|6|6|6|6|6
34408,6,False,6,0,6,6|6|6|6|6|6|6|6|6|6
34416,6,False,6,0,6,6|6|6|6|6|6|6|6|6|6
34420,6,False,6,0,6,6|6|6|6|6|6|6|6|6|6
34422,6,False,6,0,6,6|6|6|6|6|6|6|6|6|6
34429,6,False,6,0,6,6|6|6|6|6|6|6|6|6|6
34456,6,False,6,10,0,0|0|7|0|0|2|0|0|0|0
34462,6,False,6,0,6,6|6|6|6|6|6|6|6|6|6
34464,6,False,6,0,6,6|6|6|6|6|6|6|6|6|6
34465,6,False,6,8,2,2|2|2|6|6|2|2|2|2|2
34479,6,False,6,0,6,6|6|6|6|6|6|6|6|6|6
34482,6,False,6,0,6,6|6|6|6|6|6|6|6|6|6
34485,6,False,6,0,6,6|6|6|6|6|6|6|6|6|6
34493,6,False,6,10,7,7|7|7|7|7|7|7|7|7|7
34494,6,False,6,2,6,6|6|6|6|6|6|6|7|6|7
34503,6,False,6,0,6,6|6|6|6|6|6|6|6|6|6
34521,6,False,6,0,6,6|6|6|6|6|6|6|6|6|6
34549,6,False,6,0,6,6|6|6|6|6|6|6|6|6|6
34552,6,False,6,0,6,6|6|6|6|6|6|6|6|6|6
34562,6,False,6,0,6,6|6|6|6|6|6|6|6|6|6
34567,6,False,6,0,6,6|6|6|6|6|6|6|6|6|6
34575,6,False,6,0,6,6|6|6|6|6|6|6|6|6|6
34612,6,False,6,2,6,6|6|6|7|6|6|7|6|6|6
34614,6,False,6,0,6,6|6|6|6|6|6|6|6|6|6
34640,6,False,6,0,6,6|6|6|6|6|6|6|6|6|6
34641,6,False,6,0,6,6|6|6|6|6|6|6|6|6|6
34646,6,False,6,0,6,6|6|6|6|6|6|6|6|6|6
34649,6,False,6,0,6,6|6|6|6|6|6|6|6|6|6
34664,6,False,6,0,6,6|6|6|6|6|6|6|6|6|6
34684,6,False,6,2,6,6|6|6|6|9|6|6|9|6|6
34710,6,False,6,0,6,6|6|6|6|6|6|6|6|6|6
34728,6,False,6,0,6,6|6|6|6|6|6|6|6|6|6
34730,6,False,6,0,6,6|6|6|6|6|6|6|6|6|6
34733,6,False,6,0,6,6|6|6|6|6|6|6|6|6|6
34743,6,False,6,0,6,6|6|6|6|6|6|6|6|6|6
34762,6,False,6,0,6,6|6|6|6|6|6|6|6|6|6
34764,6,False,6,0,6,6|6|6|6|6|6|6|6|6|6
34769,6,False,6,1,6,4|6|6|6|6|6|6|6|6|6
34777,6,False,6,0,6,6|6|6|6|6|6|6|6|6|6
34808,6,False,6,0,6,6|6|6|6|6|6|6|6|6|6
34809,6,False,6,0,6,6|6|6|6|6|6|6|6|6|6
34828,6,False,6,0,6,6|6|6|6|6|6|6|6|6|6
34835,6,False,6,0,6,6|6|6|6|6|6|6|6|6|6
34837,6,False,6,0,6,6|6|6|6|6|6|6|6|6|6
34844,6,False,6,0,6,6|6|6|6|6|6|6|6|6|6
34861,6,False,6,0,6,6|6|6|6|6|6|6|6|6|6
34890,6,False,6,0,6,6|6|6|6|6|6|6|6|6|6
34910,6,False,6,9,7,7|7|0|7|7|7|7|7|6|7
34919,6,False,6,8,4,4|4|4|4|4|4|6|4|4|6
34921,6,False,6,0,6,6|6|6|6|6|6|6|6|6|6
34933,6,False,6,0,6,6|6|6|6|6|6|6|6|6|6
34944,6,False,6,4,6,6|6|8|8|6|6|6|9|6|9
34985,6,False,6,3,6,0|6|6|6|6|6|8|0|6|6
34997,6,False,6,1,6,6|6|6|6|6|6|6|6|6|4
34999,6,False,6,0,6,6|6|6|6|6|6|6|6|6|6
35010,6,False,6,0,6,6|6|6|6|6|6|6|6|6|6
35011,6,False,6,0,6,6|6|6|6|6|6|6|6|6|6
35017,6,False,6,0,6,6|6|6|6|6|6|6|6|6|6
35021,6,False,6,0,6,6|6|6|6|6|6|6|6|6|6
35035,6,False,6,0,6,6|6|6|6|6|6|6|6|6|6
35039,6,False,6,0,6,6|6|6|6|6|6|6|6|6|6
35044,6,False,6,0,6,6|6|6|6|6|6|6|6|6|6
35051,6,False,6,3,6,6|6|6|7|6|6|6|7|6|7
35052,6,False,6,0,6,6|6|6|6|6|6|6|6|6|6
35081,6,False,6,0,6,6|6|6|6|6|6|6|6|6|6
35083,6,False,6,2,6,6|6|6|6|6|6|6|7|6|7
35086,6,False,6,0,6,6|6|6|6|6|6|6|6|6|6
35100,6,False,6,0,6,6|6|6|6|6|6|6|6|6|6
35115,6,False,6,0,6,6|6|6|6|6|6|6|6|6|6
35124,6,False,6,0,6,6|6|6|6|6|6|6|6|6|6
35132,6,False,6,0,6,6|6|6|6|6|6|6|6|6|6
35177,6,False,6,0,6,6|6|6|6|6|6|6|6|6|6
35182,6,False,6,0,6,6|6|6|6|6|6|6|6|6|6
35189,6,False,6,0,6,6|6|6|6|6|6|6|6|6|6
35216,6,False,6,0,6,6|6|6|6|6|6|6|6|6|6
35233,7,False,7,0,7,7|7|7|7|7|7|7|7|7|7
35243,7,False,7,0,7,7|7|7|7|7|7|7|7|7|7
35254,7,False,7,0,7,7|7|7|7|7|7|7|7|7|7
35262,7,False,7,0,7,7|7|7|7|7|7|7|7|7|7
35266,7,False,7,0,7,7|7|7|7|7|7|7|7|7|7
35268,7,False,7,0,7,7|7|7|7|7|7|7|7|7|7
35274,7,False,7,0,7,7|7|7|7|7|7|7|7|7|7
35284,7,False,7,0,7,7|7|7|7|7|7|7|7|7|7
35334,7,False,7,0,7,7|7|7|7|7|7|7|7|7|7
35339,7,False,7,0,7,7|7|7|7|7|7|7|7|7|7
35366,7,False,7,0,7,7|7|7|7|7|7|7|7|7|7
35379,7,False,7,0,7,7|7|7|7|7|7|7|7|7|7
35389,7,False,7,0,7,7|7|7|7|7|7|7|7|7|7
35403,7,False,7,0,7,7|7|7|7|7|7|7|7|7|7
35409,7,False,7,0,7,7|7|7|7|7|7|7|7|7|7
35419,7,False,7,0,7,7|7|7|7|7|7|7|7|7|7
35434,7,False,7,10,6,6|6|6|6|6|6|6|6|6|6
35454,7,False,7,0,7,7|7|7|7|7|7|7|7|7|7
35458,7,False,7,0,7,7|7|7|7|7|7|7|7|7|7
35469,7,False,7,0,7,7|7|7|7|7|7|7|7|7|7
35488,7,False,7,0,7,7|7|7|7|7|7|7|7|7|7
35517,7,False,7,0,7,7|7|7|7|7|7|7|7|7|7
35532,7,False,7,0,7,7|7|7|7|7|7|7|7|7|7
35539,7,False,7,0,7,7|7|7|7|7|7|7|7|7|7
35567,7,False,7,0,7,7|7|7|7|7|7|7|7|7|7
35582,7,False,7,3,7,8|7|7|7|7|7|5|7|7|9
35584,7,False,7,0,7,7|7|7|7|7|7|7|7|7|7
35609,7,False,7,0,7,7|7|7|7|7|7|7|7|7|7
35615,7,False,7,0,7,7|7|7|7|7|7|7|7|7|7
35616,7,False,7,1,7,7|7|7|7|7|7|7|7|7|3
35641,7,False,7,0,7,7|7|7|7|7|7|7|7|7|7
35660,7,False,7,0,7,7|7|7|7|7|7|7|7|7|7
35662,7,False,7,0,7,7|7|7|7|7|7|7|7|7|7
35674,7,False,7,0,7,7|7|7|7|7|7|7|7|7|7
35683,7,False,7,0,7,7|7|7|7|7|7|7|7|7|7
35690,7,False,7,0,7,7|7|7|7|7|7|7|7|7|7
35695,7,False,7,0,7,7|7|7|7|7|7|7|7|7|7
35708,7,False,7,0,7,7|7|7|7|7|7|7|7|7|7
35710,7,False,7,0,7,7|7|7|7|7|7|7|7|7|7
35714,7,False,7,0,7,7|7|7|7|7|7|7|7|7|7
35716,7,False,7,10,8,8|8|9|8|4|8|8|0|8|0
35719,7,False,7,0,7,7|7|7|7|7|7|7|7|7|7
35721,7,False,7,0,7,7|7|7|7|7|7|7|7|7|7
35723,7,False,7,1,7,7|7|7|7|7|7|6|7|7|7
35728,7,False,7,0,7,7|7|7|7|7|7|7|7|7|7
35731,7,False,7,0,7,7|7|7|7|7|7|7|7|7|7
35733,7,False,7,0,7,7|7|7|7|7|7|7|7|7|7
35747,7,False,7,0,7,7|7|7|7|7|7|7|7|7|7
35756,7,False,7,1,7,7|7|7|7|7|7|6|7|7|7
35772,7,False,7,0,7,7|7|7|7|7|7|7|7|7|7
35779,7,False,7,0,7,7|7|7|7|7|7|7|7|7|7
35792,7,False,7,0,7,7|7|7|7|7|7|7|7|7|7
35794,7,False,7,0,7,7|7|7|7|7|7|7|7|7|7
35812,7,False,7,0,7,7|7|7|7|7|7|7|7|7|7
35819,7,False,7,0,7,7|7|7|7|7|7|7|7|7|7
35825,7,False,7,0,7,7|7|7|7|7|7|7|7|7|7
35832,7,False,7,0,7,7|7|7|7|7|7|7|7|7|7
35836,7,False,7,0,7,7|7|7|7|7|7|7|7|7|7
35837,7,False,7,0,7,7|7|7|7|7|7|7|7|7|7
35851,7,False,7,0,7,7|7|7|7|7|7|7|7|7|7
35873,7,False,7,0,7,7|7|7|7|7|7|7|7|7|7
35894,7,False,7,10,6,6|6|6|6|6|6|6|6|6|6
35914,7,False,7,0,7,7|7|7|7|7|7|7|7|7|7
35918,7,False,7,0,7,7|7|7|7|7|7|7|7|7|7
35927,7,False,7,0,7,7|7|7|7|7|7|7|7|7|7
35931,7,False,7,0,7,7|7|7|7|7|7|7|7|7|7
35948,7,False,7,3,7,7|7|7|7|7|7|6|7|0|0
35953,7,False,7,6,3,3|7|3|7|3|3|3|7|3|7
35964,7,False,7,10,6,6|6|6|6|6|6|6|6|6|6
35985,7,False,7,0,7,7|7|7|7|7|7|7|7|7|7
35992,7,False,7,0,7,7|7|7|7|7|7|7|7|7|7
35996,7,False,7,0,7,7|7|7|7|7|7|7|7|7|7
36001,7,False,7,2,7,7|7|7|7|7|2|7|3|7|7
36009,7,False,7,0,7,7|7|7|7|7|7|7|7|7|7
36026,7,False,7,0,7,7|7|7|7|7|7|7|7|7|7
36035,7,False,7,0,7,7|7|7|7|7|7|7|7|7|7
36040,7,False,7,0,7,7|7|7|7|7|7|7|7|7|7
36053,7,False,7,6,7,5|6|6|7|7|8|6|7|7|5
36055,7,False,7,0,7,7|7|7|7|7|7|7|7|7|7
36061,7,False,7,0,7,7|7|7|7|7|7|7|7|7|7
36062,7,False,7,0,7,7|7|7|7|7|7|7|7|7|7
36065,7,False,7,4,7,9|7|0|7|7|7|7|9|7|9
36074,7,False,7,0,7,7|7|7|7|7|7|7|7|7|7
36075,7,False,7,0,7,7|7|7|7|7|7|7|7|7|7
36079,7,False,7,1,7,7|7|7|2|7|7|7|7|7|7
36091,7,False,7,0,7,7|7|7|7|7|7|7|7|7|7
36092,7,False,7,0,7,7|7|7|7|7|7|7|7|7|7
36108,7,False,7,10,6,6|6|6|6|6|6|6|6|6|6
36124,7,False,7,0,7,7|7|7|7|7|7|7|7|7|7
36127,7,False,7,0,7,7|7|7|7|7|7|7|7|7|7
36132,7,False,7,0,7,7|7|7|7|7|7|7|7|7|7
36143,7,False,7,0,7,7|7|7|7|7|7|7|7|7|7
36182,7,False,7,0,7,7|7|7|7|7|7|7|7|7|7
36189,7,False,7,0,7,7|7|7|7|7|7|7|7|7|7
36207,7,False,7,0,7,7|7|7|7|7|7|7|7|7|7
36215,7,False,7,0,7,7|7|7|7|7|7|7|7|7|7
36221,7,False,7,0,7,7|7|7|7|7|7|7|7|7|7
36226,7,False,7,0,7,7|7|7|7|7|7|7|7|7|7
36255,7,False,7,0,7,7|7|7|7|7|7|7|7|7|7
36266,7,False,7,7,-1,7|9|7|0|6|9|0|9|6|7
36269,7,False,7,0,7,7|7|7|7|7|7|7|7|7|7
36272,7,False,7,0,7,7|7|7|7|7|7|7|7|7|7
36277,7,False,7,0,7,7|7|7|7|7|7|7|7|7|7
36281,7,False,7,0,7,7|7|7|7|7|7|7|7|7|7
36293,7,False,7,0,7,7|7|7|7|7|7|7|7|7|7
36295,7,False,7,0,7,7|7|7|7|7|7|7|7|7|7
36300,7,False,7,0,7,7|7|7|7|7|7|7|7|7|7
36306,7,False,7,4,7,6|6|7|6|7|7|8|7|7|7
36308,7,False,7,0,7,7|7|7|7|7|7|7|7|7|7
36310,7,False,7,0,7,7|7|7|7|7|7|7|7|7|7
36338,7,False,7,0,7,7|7|7|7|7|7|7|7|7|7
36339,7,False,7,0,7,7|7|7|7|7|7|7|7|7|7
36342,7,False,7,0,7,7|7|7|7|7|7|7|7|7|7
36345,7,False,7,0,7,7|7|7|7|7|7|7|7|7|7
36346,7,False,7,0,7,7|7|7|7|7|7|7|7|7|7
36373,7,False,7,0,7,7|7|7|7|7|7|7|7|7|7
36386,7,False,7,0,7,7|7|7|7|7|7|7|7|7|7
36398,7,False,7,9,6,6|6|6|6|6|6|6|7|6|6
36424,7,False,7,0,7,7|7|7|7|7|7|7|7|7|7
36438,7,False,7,4,7,6|6|7|7|7|7|6|6|7|7
36439,7,False,7,4,7,3|2|7|7|3|3|7|7|7|7
36453,7,False,7,4,7,7|7|7|3|0|7|6|7|7|6
36456,7,False,7,0,7,7|7|7|7|7|7|7|7|7|7
36459,7,False,7,1,7,7|7|7|7|7|7|6|7|7|7
36468,7,False,7,0,7,7|7|7|7|7|7|7|7|7|7
36469,7,False,7,1,7,7|7|7|7|7|7|7|7|7|6
36474,7,False,7,2,7,7|7|3|7|3|7|7|7|7|7
36497,7,False,7,0,7,7|7|7|7|7|7|7|7|7|7
36502,7,False,7,0,7,7|7|7|7|7|7|7|7|7|7
36504,7,False,7,0,7,7|7|7|7|7|7|7|7|7|7
36508,7,False,7,10,9,9|9|9|9|9|9|9|9|9|9
36509,7,False,7,0,7,7|7|7|7|7|7|7|7|7|7
36512,7,False,7,0,7,7|7|7|7|7|7|7|7|7|7
36526,7,False,7,0,7,7|7|7|7|7|7|7|7|7|7
36531,7,False,7,0,7,7|7|7|7|7|7|7|7|7|7
36532,7,False,7,0,7,7|7|7|7|7|7|7|7|7|7
36533,7,False,7,0,7,7|7|7|7|7|7|7|7|7|7
36538,7,False,7,0,7,7|7|7|7|7|7|7|7|7|7
36539,7,False,7,0,7,7|7|7|7|7|7|7|7|7|7
36543,7,False,7,10,5,5|5|3|5|5|3|5|3|3|5
36566,7,False,7,7,8,8|7|7|8|9|8|8|8|7|0
36571,7,False,7,0,7,7|7|7|7|7|7|7|7|7|7
36577,7,False,7,2,7,7|9|7|7|9|7|7|7|7|7
36579,7,False,7,0,7,7|7|7|7|7|7|7|7|7|7
36581,7,False,7,0,7,7|7|7|7|7|7|7|7|7|7
36587,7,False,7,0,7,7|7|7|7|7|7|7|7|7|7
36596,7,False,7,0,7,7|7|7|7|7|7|7|7|7|7
36599,7,False,7,0,7,7|7|7|7|7|7|7|7|7|7
36617,7,False,7,0,7,7|7|7|7|7|7|7|7|7|7
36624,7,False,7,0,7,7|7|7|7|7|7|7|7|7|7
36653,7,False,7,10,0,1|0|1|9|0|3|0|0|0|0
36660,7,False,7,8,6,6|7|6|7|6|6|6|6|6|6
36679,7,False,7,0,7,7|7|7|7|7|7|7|7|7|7
36683,7,False,7,0,7,7|7|7|7|7|7|7|7|7|7
36693,7,False,7,0,7,7|7|7|7|7|7|7|7|7|7
36717,7,False,7,6,6,7|7|6|6|6|6|6|7|6|7
36719,7,False,7,0,7,7|7|7|7|7|7|7|7|7|7
36721,7,False,7,0,7,7|7|7|7|7|7|7|7|7|7
36745,7,False,7,0,7,7|7|7|7|7|7|7|7|7|7
36751,7,False,7,0,7,7|7|7|7|7|7|7|7|7|7
36754,7,False,7,0,7,7|7|7|7|7|7|7|7|7|7
36786,7,False,7,10,9,9|9|9|9|9|9|9|9|9|9
36794,7,False,7,0,7,7|7|7|7|7|7|7|7|7|7
36795,7,False,7,10,6,6|6|6|6|6|6|6|6|6|6
36804,7,False,7,0,7,7|7|7|7|7|7|7|7|7|7
36808,7,False,7,0,7,7|7|7|7|7|7|7|7|7|7
36817,7,False,7,8,6,6|6|6|6|7|6|7|6|6|6
36846,7,False,7,0,7,7|7|7|7|7|7|7|7|7|7
36851,7,False,7,0,7,7|7|7|7|7|7|7|7|7|7
36852,7,False,7,0,7,7|7|7|7|7|7|7|7|7|7
36853,7,False,7,7,9,7|9|7|9|9|7|9|9|9|9
36865,7,False,7,0,7,7|7|7|7|7|7|7|7|7|7
36880,7,False,7,0,7,7|7|7|7|7|7|7|7|7|7
36920,7,False,7,0,7,7|7|7|7|7|7|7|7|7|7
36930,7,False,7,0,7,7|7|7|7|7|7|7|7|7|7
36932,7,False,7,0,7,7|7|7|7|7|7|7|7|7|7
36942,7,False,7,1,7,7|7|7|7|1|7|7|7|7|7
36967,7,False,7,0,7,7|7|7|7|7|7|7|7|7|7
36969,7,False,7,0,7,7|7|7|7|7|7|7|7|7|7
36983,7,False,7,0,7,7|7|7|7|7|7|7|7|7|7
36988,7,False,7,4,7,9|7|9|7|7|8|7|7|7|9
36991,7,False,7,0,7,7|7|7|7|7|7|7|7|7|7
36997,7,False,7,0,7,7|7|7|7|7|7|7|7|7|7
36998,7,False,7,0,7,7|7|7|7|7|7|7|7|7|7
37010,7,False,7,0,7,7|7|7|7|7|7|7|7|7|7
37018,7,False,7,0,7,7|7|7|7|7|7|7|7|7|7
37029,7,False,7,1,7,7|7|7|7|7|7|7|7|7|0
37030,7,False,7,0,7,7|7|7|7|7|7|7|7|7|7
37044,7,False,7,0,7,7|7|7|7|7|7|7|7|7|7
37054,7,False,7,0,7,7|7|7|7|7|7|7|7|7|7
37078,7,False,7,0,7,7|7|7|7|7|7|7|7|7|7
37097,7,False,7,0,7,7|7|7|7|7|7|7|7|7|7
37103,7,False,7,4,7,9|9|7|7|7|9|7|8|7|7
37107,7,False,7,2,7,7|7|7|7|7|9|7|7|8|7
37113,7,False,7,2,7,7|7|5|7|7|7|7|7|7|5
37124,7,False,7,0,7,7|7|7|7|7|7|7|7|7|7
37160,7,False,7,0,7,7|7|7|7|7|7|7|7|7|7
37173,7,False,7,0,7,7|7|7|7|7|7|7|7|7|7
37201,7,False,7,3,7,6|6|7|7|7|7|7|7|7|6
37207,7,False,7,0,7,7|7|7|7|7|7|7|7|7|7
37218,7,False,7,0,7,7|7|7|7|7|7|7|7|7|7
37233,7,False,7,0,7,7|7|7|7|7|7|7|7|7|7
37240,7,False,7,0,7,7|7|7|7|7|7|7|7|7|7
37244,7,False,7,0,7,7|7|7|7|7|7|7|7|7|7
37254,7,False,7,3,7,1|7|7|1|7|7|7|1|7|7
37266,7,False,7,0,7,7|7|7|7|7|7|7|7|7|7
37296,7,False,7,0,7,7|7|7|7|7|7|7|7|7|7
37301,7,False,7,0,7,7|7|7|7|7|7|7|7|7|7
37326,7,False,7,0,7,7|7|7|7|7|7|7|7|7|7
37339,7,False,7,0,7,7|7|7|7|7|7|7|7|7|7
37346,7,False,7,0,7,7|7|7|7|7|7|7|7|7|7
37372,7,False,7,9,1,5|7|1|2|2|1|1|3|1|4
37377,7,False,7,0,7,7|7|7|7|7|7|7|7|7|7
37384,7,False,7,0,7,7|7|7|7|7|7|7|7|7|7
37394,7,False,7,0,7,7|7|7|7|7|7|7|7|7|7
37400,7,False,7,0,7,7|7|7|7|7|7|7|7|7|7
37414,7,False,7,0,7,7|7|7|7|7|7|7|7|7|7
37426,7,False,7,0,7,7|7|7|7|7|7|7|7|7|7
37447,7,False,7,0,7,7|7|7|7|7|7|7|7|7|7
37478,7,False,7,2,7,7|8|7|7|7|7|9|7|7|7
37503,7,False,7,0,7,7|7|7|7|7|7|7|7|7|7
37504,7,False,7,0,7,7|7|7|7|7|7|7|7|7|7
37509,7,False,7,0,7,7|7|7|7|7|7|7|7|7|7
37526,7,False,7,0,7,7|7|7|7|7|7|7|7|7|7
37539,7,False,7,8,6,6|6|6|6|6|6|6|7|6|7
37555,7,False,7,0,7,7|7|7|7|7|7|7|7|7|7
37572,7,False,7,0,7,7|7|7|7|7|7|7|7|7|7
37581,7,False,7,0,7,7|7|7|7|7|7|7|7|7|7
37583,7,False,7,0,7,7|7|7|7|7|7|7|7|7|7
37596,7,False,7,3,7,6|7|7|6|7|7|7|7|6|7
37616,7,False,7,0,7,7|7|7|7|7|7|7|7|7|7
37618,7,False,7,0,7,7|7|7|7|7|7|7|7|7|7
37633,7,False,7,0,7,7|7|7|7|7|7|7|7|7|7
37635,7,False,7,0,7,7|7|7|7|7|7|7|7|7|7
37648,7,False,7,0,7,7|7|7|7|7|7|7|7|7|7
37650,7,False,7,1,7,7|7|7|7|7|7|7|6|7|7
37653,7,False,7,0,7,7|7|7|7|7|7|7|7|7|7
37663,7,False,7,0,7,7|7|7|7|7|7|7|7|7|7
37668,7,False,7,0,7,7|7|7|7|7|7|7|7|7|7
37677,7,False,7,0,7,7|7|7|7|7|7|7|7|7|7
37679,7,False,7,0,7,7|7|7|7|7|7|7|7|7|7
37683,7,False,7,0,7,7|7|7|7|7|7|7|7|7|7
37698,7,False,7,0,7,7|7|7|7|7|7|7|7|7|7
37711,7,False,7,0,7,7|7|7|7|7|7|7|7|7|7
37718,7,False,7,3,7,0|7|7|9|0|7|7|7|7|7
37724,7,False,7,0,7,7|7|7|7|7|7|7|7|7|7
37726,7,False,7,0,7,7|7|7|7|7|7|7|7|7|7
37727,7,False,7,0,7,7|7|7|7|7|7|7|7|7|7
37731,7,False,7,0,7,7|7|7|7|7|7|7|7|7|7
37745,7,False,7,0,7,7|7|7|7|7|7|7|7|7|7
37747,7,False,7,0,7,7|7|7|7|7|7|7|7|7|7
37756,7,False,7,0,7,7|7|7|7|7|7|7|7|7|7
37758,7,False,7,0,7,7|7|7|7|7|7|7|7|7|7
37773,7,False,7,0,7,7|7|7|7|7|7|7|7|7|7
37777,7,False,7,0,7,7|7|7|7|7|7|7|7|7|7
37811,7,False,7,0,7,7|7|7|7|7|7|7|7|7|7
37822,7,False,7,0,7,7|7|7|7|7|7|7|7|7|7
37841,7,False,7,0,7,7|7|7|7|7|7|7|7|7|7
37853,7,False,7,0,7,7|7|7|7|7|7|7|7|7|7
37881,7,False,7,0,7,7|7|7|7|7|7|7|7|7|7
37886,7,False,7,0,7,7|7|7|7|7|7|7|7|7|7
37899,7,False,7,0,7,7|7|7|7|7|7|7|7|7|7
37903,7,False,7,0,7,7|7|7|7|7|7|7|7|7|7
37922,7,False,7,0,7,7|7|7|7|7|7|7|7|7|7
37924,7,False,7,0,7,7|7|7|7|7|7|7|7|7|7
37925,7,False,7,0,7,7|7|7|7|7|7|7|7|7|7
37941,7,False,7,0,7,7|7|7|7|7|7|7|7|7|7
37943,7,False,7,0,7,7|7|7|7|7|7|7|7|7|7
37952,7,False,7,0,7,7|7|7|7|7|7|7|7|7|7
37961,7,False,7,0,7,7|7|7|7|7|7|7|7|7|7
37963,7,False,7,0,7,7|7|7|7|7|7|7|7|7|7
37984,7,False,7,10,2,0|2|2|0|0|0|3|2|2|2
37987,7,False,7,0,7,7|7|7|7|7|7|7|7|7|7
37999,7,False,7,0,7,7|7|7|7|7|7|7|7|7|7
38002,7,False,7,4,7,9|8|7|9|7|9|7|7|7|7
38012,7,False,7,9,9,9|9|9|9|9|9|8|9|9|7
38014,7,False,7,0,7,7|7|7|7|7|7|7|7|7|7
38018,7,False,7,3,7,7|7|7|6|7|7|6|7|6|7
38026,7,False,7,0,7,7|7|7|7|7|7|7|7|7|7
38061,7,False,7,0,7,7|7|7|7|7|7|7|7|7|7
38074,7,False,7,0,7,7|7|7|7|7|7|7|7|7|7
38082,7,False,7,0,7,7|7|7|7|7|7|7|7|7|7
38085,7,False,7,0,7,7|7|7|7|7|7|7|7|7|7
38091,7,False,7,2,7,7|7|0|7|7|7|0|7|7|7
38092,7,False,7,0,7,7|7|7|7|7|7|7|7|7|7
38094,7,False,7,0,7,7|7|7|7|7|7|7|7|7|7
38112,7,False,7,10,8,8|8|8|8|8|8|8|8|8|8
38117,7,False,7,0,7,7|7|7|7|7|7|7|7|7|7
38119,7,False,7,0,7,7|7|7|7|7|7|7|7|7|7
38120,7,False,7,0,7,7|7|7|7|7|7|7|7|7|7
38143,7,False,7,0,7,7|7|7|7|7|7|7|7|7|7
38157,7,False,7,0,7,7|7|7|7|7|7|7|7|7|7
38165,7,False,7,0,7,7|7|7|7|7|7|7|7|7|7
38168,7,False,7,3,7,7|7|7|7|7|0|8|7|8|7
38173,7,False,7,0,7,7|7|7|7|7|7|7|7|7|7
38181,7,False,7,0,7,7|7|7|7|7|7|7|7|7|7
38192,7,False,7,1,7,7|7|7|7|7|7|8|7|7|7
38220,7,False,7,1,7,7|7|7|7|7|7|9|7|7|7
38230,7,False,7,0,7,7|7|7|7|7|7|7|7|7|7
38241,7,False,7,0,7,7|7|7|7|7|7|7|7|7|7
38246,7,False,7,0,7,7|7|7|7|7|7|7|7|7|7
38248,7,False,7,8,6,6|6|6|6|6|7|6|6|9|7
38250,7,False,7,0,7,7|7|7|7|7|7|7|7|7|7
38266,7,False,7,0,7,7|7|7|7|7|7|7|7|7|7
38297,7,False,7,0,7,7|7|7|7|7|7|7|7|7|7
38306,7,False,7,0,7,7|7|7|7|7|7|7|7|7|7
38308,7,False,7,0,7,7|7|7|7|7|7|7|7|7|7
38313,7,False,7,4,7,3|7|7|7|7|4|7|5|7|5
38320,7,False,7,0,7,7|7|7|7|7|7|7|7|7|7
38321,7,False,7,1,7,7|7|7|7|7|7|6|7|7|7
38328,7,False,7,10,6,6|6|6|6|6|6|6|6|6|6
38345,7,False,7,0,7,7|7|7|7|7|7|7|7|7|7
38376,7,False,7,0,7,7|7|7|7|7|7|7|7|7|7
38396,7,False,7,0,7,7|7|7|7|7|7|7|7|7|7
38407,7,False,7,0,7,7|7|7|7|7|7|7|7|7|7
38408,7,False,7,0,7,7|7|7|7|7|7|7|7|7|7
38415,7,False,7,0,7,7|7|7|7|7|7|7|7|7|7
38421,7,False,7,10,0,6|0|0|0|0|0|6|6|0|0
38429,7,False,7,0,7,7|7|7|7|7|7|7|7|7|7
38441,7,False,7,0,7,7|7|7|7|7|7|7|7|7|7
38448,7,False,7,9,0,0|2|0|7|2|0|8|8|0|0
38451,7,False,7,0,7,7|7|7|7|7|7|7|7|7|7
38458,7,False,7,0,7,7|7|7|7|7|7|7|7|7|7
38460,7,False,7,0,7,7|7|7|7|7|7|7|7|7|7
38474,7,False,7,0,7,7|7|7|7|7|7|7|7|7|7
38489,7,False,7,0,7,7|7|7|7|7|7|7|7|7|7
38500,7,False,7,0,7,7|7|7|7|7|7|7|7|7|7
38513,7,False,7,0,7,7|7|7|7|7|7|7|7|7|7
38519,7,False,7,0,7,7|7|7|7|7|7|7|7|7|7
38525,7,False,7,0,7,7|7|7|7|7|7|7|7|7|7
38541,7,False,7,0,7,7|7|7|7|7|7|7|7|7|7
38546,7,False,7,4,7,7|7|8|8|7|8|7|7|7|6
38550,7,False,7,0,7,7|7|7|7|7|7|7|7|7|7
38560,7,False,7,1,7,6|7|7|7|7|7|7|7|7|7
38569,7,False,7,0,7,7|7|7|7|7|7|7|7|7|7
38572,7,False,7,0,7,7|7|7|7|7|7|7|7|7|7
38602,7,False,7,0,7,7|7|7|7|7|7|7|7|7|7
38612,7,False,7,0,7,7|7|7|7|7|7|7|7|7|7
38614,7,False,7,0,7,7|7|7|7|7|7|7|7|7|7
38621,7,False,7,5,7,0|7|8|0|7|3|7|7|7|0
38630,7,False,7,0,7,7|7|7|7|7|7|7|7|7|7
38635,7,False,7,0,7,7|7|7|7|7|7|7|7|7|7
38637,7,False,7,0,7,7|7|7|7|7|7|7|7|7|7
38646,7,False,7,0,7,7|7|7|7|7|7|7|7|7|7
38648,7,False,7,0,7,7|7|7|7|7|7|7|7|7|7
38649,7,False,7,0,7,7|7|7|7|7|7|7|7|7|7
38658,7,False,7,0,7,7|7|7|7|7|7|7|7|7|7
38660,7,False,7,0,7,7|7|7|7|7|7|7|7|7|7
38669,7,False,7,0,7,7|7|7|7|7|7|7|7|7|7
38671,7,False,7,0,7,7|7|7|7|7|7|7|7|7|7
38705,7,False,7,0,7,7|7|7|7|7|7|7|7|7|7
38706,7,False,7,10,9,9|8|9|9|9|8|9|9|8|9
38714,7,False,7,0,7,7|7|7|7|7|7|7|7|7|7
38718,7,False,7,0,7,7|7|7|7|7|7|7|7|7|7
38741,7,False,7,0,7,7|7|7|7|7|7|7|7|7|7
38755,7,False,7,0,7,7|7|7|7|7|7|7|7|7|7
38757,7,False,7,0,7,7|7|7|7|7|7|7|7|7|7
38771,7,False,7,0,7,7|7|7|7|7|7|7|7|7|7
38787,7,False,7,0,7,7|7|7|7|7|7|7|7|7|7
38795,7,False,7,0,7,7|7|7|7|7|7|7|7|7|7
38799,7,False,7,0,7,7|7|7|7|7|7|7|7|7|7
38806,7,False,7,0,7,7|7|7|7|7|7|7|7|7|7
38809,7,False,7,0,7,7|7|7|7|7|7|7|7|7|7
38828,7,False,7,0,7,7|7|7|7|7|7|7|7|7|7
38855,7,False,7,10,9,0|0|9|0|9|8|9|9|0|9
38874,7,False,7,7,6,7|6|6|6|6|6|7|7|6|6
38878,7,False,7,0,7,7|7|7|7|7|7|7|7|7|7
38914,7,False,7,4,7,7|7|7|6|6|7|6|7|6|7
38917,7,False,7,4,7,6|7|6|7|7|6|7|6|7|7
38951,7,False,7,0,7,7|7|7|7|7|7|7|7|7|7
38957,7,False,7,8,6,6|6|6|6|7|7|6|6|6|6
38958,7,False,7,0,7,7|7|7|7|7|7|7|7|7|7
38963,7,False,7,8,8,9|8|9|8|8|7|7|8|8|8
38971,7,False,7,0,7,7|7|7|7|7|7|7|7|7|7
38977,7,False,7,0,7,7|7|7|7|7|7|7|7|7|7
38984,7,False,7,0,7,7|7|7|7|7|7|7|7|7|7
38996,7,False,7,0,7,7|7|7|7|7|7|7|7|7|7
38999,7,False,7,0,7,7|7|7|7|7|7|7|7|7|7
39016,7,False,7,0,7,7|7|7|7|7|7|7|7|7|7
39017,7,False,7,0,7,7|7|7|7|7|7|7|7|7|7
39019,7,False,7,0,7,7|7|7|7|7|7|7|7|7|7
39028,7,False,7,1,7,7|7|7|7|0|7|7|7|7|7
39061,7,False,7,2,7,7|8|7|8|7|7|7|7|7|7
39066,7,False,7,0,7,7|7|7|7|7|7|7|7|7|7
39078,7,False,7,5,-1,6|7|7|7|6|7|6|6|6|7
39103,7,False,7,0,7,7|7|7|7|7|7|7|7|7|7
39106,7,False,7,0,7,7|7|7|7|7|7|7|7|7|7
39107,7,False,7,0,7,7|7|7|7|7|7|7|7|7|7
39110,7,False,7,1,7,7|2|7|7|7|7|7|7|7|7
39112,7,False,7,0,7,7|7|7|7|7|7|7|7|7|7
39133,7,False,7,8,6,6|6|6|6|7|6|6|7|6|6
39138,7,False,7,0,7,7|7|7|7|7|7|7|7|7|7
39148,7,False,7,0,7,7|7|7|7|7|7|7|7|7|7
39163,7,False,7,0,7,7|7|7|7|7|7|7|7|7|7
39166,7,False,7,1,7,7|7|7|7|7|7|6|7|7|7
39168,7,False,7,0,7,7|7|7|7|7|7|7|7|7|7
39170,7,False,7,0,7,7|7|7|7|7|7|7|7|7|7
39172,7,False,7,0,7,7|7|7|7|7|7|7|7|7|7
39189,7,False,7,0,7,7|7|7|7|7|7|7|7|7|7
39191,7,False,7,0,7,7|7|7|7|7|7|7|7|7|7
39201,7,False,7,0,7,7|7|7|7|7|7|7|7|7|7
39218,7,False,7,0,7,7|7|7|7|7|7|7|7|7|7
39225,7,False,7,0,7,7|7|7|7|7|7|7|7|7|7
39228,7,False,7,2,7,7|6|7|7|7|6|7|7|7|7
39247,7,False,7,0,7,7|7|7|7|7|7|7|7|7|7
39269,7,False,7,0,7,7|7|7|7|7|7|7|7|7|7
39308,7,False,7,0,7,7|7|7|7|7|7|7|7|7|7
39309,7,False,7,0,7,7|7|7|7|7|7|7|7|7|7
39312,7,False,7,0,7,7|7|7|7|7|7|7|7|7|7
39313,7,False,7,0,7,7|7|7|7|7|7|7|7|7|7
39321,7,False,7,0,7,7|7|7|7|7|7|7|7|7|7
39331,7,False,7,0,7,7|7|7|7|7|7|7|7|7|7
39341,7,False,7,0,7,7|7|7|7|7|7|7|7|7|7
39350,7,False,7,9,6,7|6|6|6|6|6|6|6|6|6
39351,7,False,7,2,7,7|6|6|7|7|7|7|7|7|7
39360,7,False,7,0,7,7|7|7|7|7|7|7|7|7|7
39367,7,False,7,0,7,7|7|7|7|7|7|7|7|7|7
39369,7,False,7,10,6,6|2|6|6|6|0|2|4|4|6
39374,7,False,7,0,7,7|7|7|7|7|7|7|7|7|7
39402,7,False,7,9,8,9|8|6|8|9|7|8|8|9|8
39413,7,False,7,0,7,7|7|7|7|7|7|7|7|7|7
39429,7,False,7,0,7,7|7|7|7|7|7|7|7|7|7
39458,7,False,7,1,7,7|7|7|7|7|7|7|3|7|7
39466,7,False,7,0,7,7|7|7|7|7|7|7|7|7|7
39470,7,False,7,0,7,7|7|7|7|7|7|7|7|7|7
39477,7,False,7,0,7,7|7|7|7|7|7|7|7|7|7
39490,7,False,7,0,7,7|7|7|7|7|7|7|7|7|7
39498,7,False,7,0,7,7|7|7|7|7|7|7|7|7|7
39503,7,False,7,0,7,7|7|7|7|7|7|7|7|7|7
39529,7,False,7,1,7,9|7|7|7|7|7|7|7|7|7
39536,7,False,7,0,7,7|7|7|7|7|7|7|7|7|7
39560,7,False,7,0,7,7|7|7|7|7|7|7|7|7|7
39569,7,False,7,0,7,7|7|7|7|7|7|7|7|7|7
39570,7,False,7,0,7,7|7|7|7|7|7|7|7|7|7
39585,7,False,7,0,7,7|7|7|7|7|7|7|7|7|7
39595,7,False,7,0,7,7|7|7|7|7|7|7|7|7|7
39603,7,False,7,0,7,7|7|7|7|7|7|7|7|7|7
39623,7,False,7,9,6,6|6|6|6|6|6|7|6|6|6
39625,7,False,7,0,7,7|7|7|7|7|7|7|7|7|7
39627,7,False,7,8,0,0|0|0|0|0|7|0|7|0|0
39631,7,False,7,0,7,7|7|7|7|7|7|7|7|7|7
39661,7,False,7,0,7,7|7|7|7|7|7|7|7|7|7
39664,7,False,7,0,7,7|7|7|7|7|7|7|7|7|7
39667,7,False,7,0,7,7|7|7|7|7|7|7|7|7|7
39671,7,False,7,0,7,7|7|7|7|7|7|7|7|7|7
39683,7,False,7,0,7,7|7|7|7|7|7|7|7|7|7
39688,7,False,7,0,7,7|7|7|7|7|7|7|7|7|7
39692,7,False,7,0,7,7|7|7|7|7|7|7|7|7|7
39699,7,False,7,0,7,7|7|7|7|7|7|7|7|7|7
39703,7,False,7,0,7,7|7|7|7|7|7|7|7|7|7
39719,7,False,7,2,7,7|7|7|7|3|7|2|7|7|7
39724,7,False,7,9,6,6|6|6|6|7|6|6|6|6|6
39729,7,False,7,0,7,7|7|7|7|7|7|7|7|7|7
39744,7,False,7,9,6,6|6|6|6|7|6|6|6|6|6
39757,7,False,7,0,7,7|7|7|7|7|7|7|7|7|7
39760,7,False,7,0,7,7|7|7|7|7|7|7|7|7|7
39770,7,False,7,0,7,7|7|7|7|7|7|7|7|7|7
39782,7,False,7,0,7,7|7|7|7|7|7|7|7|7|7
39787,7,False,7,1,7,7|7|7|7|7|7|7|6|7|7
39796,7,False,7,0,7,7|7|7|7|7|7|7|7|7|7
39805,7,False,7,8,0,0|3|0|0|8|0|7|7|6|0
39846,7,False,7,0,7,7|7|7|7|7|7|7|7|7|7
39848,7,False,7,0,7,7|7|7|7|7|7|7|7|7|7
39855,7,False,7,0,7,7|7|7|7|7|7|7|7|7|7
39859,7,False,7,0,7,7|7|7|7|7|7|7|7|7|7
39866,7,False,7,0,7,7|7|7|7|7|7|7|7|7|7
39869,7,False,7,0,7,7|7|7|7|7|7|7|7|7|7
39877,7,False,7,0,7,7|7|7|7|7|7|7|7|7|7
39879,7,False,7,0,7,7|7|7|7|7|7|7|7|7|7
39888,7,False,7,0,7,7|7|7|7|7|7|7|7|7|7
39891,7,False,7,0,7,7|7|7|7|7|7|7|7|7|7
39892,7,False,7,6,6,6|7|7|6|6|6|6|7|6|7
39930,7,False,7,0,7,7|7|7|7|7|7|7|7|7|7
39962,7,False,7,0,7,7|7|7|7|7|7|7|7|7|7
39963,7,False,7,0,7,7|7|7|7|7|7|7|7|7|7
39967,7,False,7,0,7,7|7|7|7|7|7|7|7|7|7
39971,7,False,7,0,7,7|7|7|7|7|7|7|7|7|7
39992,7,False,7,0,7,7|7|7|7|7|7|7|7|7|7
39997,7,False,7,0,7,7|7|7|7|7|7|7|7|7|7
40001,7,False,7,0,7,7|7|7|7|7|7|7|7|7|7
40005,7,False,7,0,7,7|7|7|7|7|7|7|7|7|7
40007,7,False,7,0,7,7|7|7|7|7|7|7|7|7|7
40014,7,False,7,0,7,7|7|7|7|7|7|7|7|7|7
40033,7,False,7,0,7,7|7|7|7|7|7|7|7|7|7
40041,7,False,7,0,7,7|7|7|7|7|7|7|7|7|7
40049,7,False,7,4,7,7|6|7|6|7|7|6|6|7|7
40069,7,False,7,0,7,7|7|7|7|7|7|7|7|7|7
40076,7,False,7,0,7,7|7|7|7|7|7|7|7|7|7
40085,7,False,7,0,7,7|7|7|7|7|7|7|7|7|7
40090,7,False,7,0,7,7|7|7|7|7|7|7|7|7|7
40099,7,False,7,0,7,7|7|7|7|7|7|7|7|7|7
40101,7,False,7,0,7,7|7|7|7|7|7|7|7|7|7
40127,7,False,7,0,7,7|7|7|7|7|7|7|7|7|7
40136,7,False,7,10,8,8|8|8|0|9|8|8|8|9|9
40170,7,False,7,0,7,7|7|7|7|7|7|7|7|7|7
40171,7,False,7,0,7,7|7|7|7|7|7|7|7|7|7
40211,7,False,7,0,7,7|7|7|7|7|7|7|7|7|7
40212,7,False,7,0,7,7|7|7|7|7|7|7|7|7|7
40218,7,False,7,0,7,7|7|7|7|7|7|7|7|7|7
40219,7,False,7,0,7,7|7|7|7|7|7|7|7|7|7
40228,8,False,8,4,8,9|8|8|9|8|8|9|8|9|8
40230,8,False,8,9,9,9|9|9|9|8|9|9|9|9|9
40236,8,False,8,4,8,8|0|8|8|8|0|8|8|0|0
40250,8,False,8,5,-1,9|8|9|8|8|9|9|8|9|8
40253,8,False,8,1,8,8|9|8|8|8|8|8|8|8|8
40261,8,False,8,1,8,8|8|8|8|8|8|8|8|8|9
40275,8,False,8,0,8,8|8|8|8|8|8|8|8|8|8
40276,8,False,8,0,8,8|8|8|8|8|8|8|8|8|8
40279,8,False,8,0,8,8|8|8|8|8|8|8|8|8|8
40285,8,False,8,2,8,8|9|8|8|8|8|8|8|9|8
40292,8,False,8,0,8,8|8|8|8|8|8|8|8|8|8
40304,8,False,8,0,8,8|8|8|8|8|8|8|8|8|8
40307,8,False,8,1,8,8|8|8|8|8|0|8|8|8|8
40315,8,False,8,0,8,8|8|8|8|8|8|8|8|8|8
40376,8,False,8,6,9,8|9|9|8|8|8|9|9|9|9
40380,8,False,8,0,8,8|8|8|8|8|8|8|8|8|8
40388,8,False,8,9,0,0|8|0|0|0|0|0|0|0|0
40393,8,False,8,2,8,8|8|8|8|8|8|0|8|0|8
40419,8,False,8,0,8,8|8|8|8|8|8|8|8|8|8
40420,8,False,8,0,8,8|8|8|8|8|8|8|8|8|8
40441,8,False,8,0,8,8|8|8|8|8|8|8|8|8|8
40468,8,False,8,1,8,9|8|8|8|8|8|8|8|8|8
40478,8,False,8,2,8,8|8|9|8|8|9|8|8|8|8
40505,8,False,8,0,8,8|8|8|8|8|8|8|8|8|8
40528,8,False,8,0,8,8|8|8|8|8|8|8|8|8|8
40546,8,False,8,0,8,8|8|8|8|8|8|8|8|8|8
40556,8,False,8,3,8,8|0|8|8|8|8|0|8|8|0
40566,8,False,8,0,8,8|8|8|8|8|8|8|8|8|8
40571,8,False,8,0,8,8|8|8|8|8|8|8|8|8|8
40586,8,False,8,10,3,6|2|6|3|1|3|3|3|3|0
40588,8,False,8,2,8,8|8|9|9|8|8|8|8|8|8
40590,8,False,8,10,9,9|9|9|9|9|9|9|9|9|9
40596,8,False,8,10,9,9|9|9|9|9|9|9|9|9|9
40604,8,False,8,1,8,8|8|8|0|8|8|8|8|8|8
40612,8,False,8,10,9,9|9|7|9|9|9|9|6|0|9
40616,8,False,8,6,8,8|0|7|0|7|0|7|8|8|8
40617,8,False,8,0,8,8|8|8|8|8|8|8|8|8|8
40638,8,False,8,9,0,0|0|0|0|0|0|0|0|8|0
40659,8,False,8,7,9,8|8|8|9|9|9|9|9|9|9
40667,8,False,8,0,8,8|8|8|8|8|8|8|8|8|8
40684,8,False,8,0,8,8|8|8|8|8|8|8|8|8|8
40708,8,False,8,0,8,8|8|8|8|8|8|8|8|8|8
40722,8,False,8,2,8,8|8|9|8|8|8|8|8|9|8
40731,8,False,8,0,8,8|8|8|8|8|8|8|8|8|8
40737,8,False,8,0,8,8|8|8|8|8|8|8|8|8|8
40742,8,False,8,0,8,8|8|8|8|8|8|8|8|8|8
40743,8,False,8,6,9,8|9|9|8|9|8|8|9|9|9
40749,8,False,8,0,8,8|8|8|8|8|8|8|8|8|8
40753,8,False,8,4,8,9|8|9|8|9|9|8|8|8|8
40767,8,False,8,8,0,0|0|0|0|8|0|0|0|8|0
40769,8,False,8,5,-1,9|9|8|8|8|8|9|9|8|9
40777,8,False,8,1,8,8|8|8|8|8|8|8|0|8|8
40785,8,False,8,1,8,8|8|8|8|8|0|8|8|8|8
40792,8,False,8,8,0,0|8|0|0|0|0|3|0|8|0
40801,8,False,8,7,9,9|9|9|8|9|9|8|9|8|9
40803,8,False,8,5,-1,8|9|8|9|8|8|9|8|9|9
40807,8,False,8,10,9,9|9|9|9|9|9|9|0|9|9
40820,8,False,8,0,8,8|8|8|8|8|8|8|8|8|8
40840,8,False,8,0,8,8|8|8|8|8|8|8|8|8|8
40847,8,False,8,10,9,9|9|9|9|9|9|9|9|9|9
40848,8,False,8,0,8,8|8|8|8|8|8|8|8|8|8
40853,8,False,8,6,9,9|9|9|9|8|8|9|8|9|8
40862,8,False,8,10,9,9|9|9|9|9|9|9|9|9|9
40864,8,False,8,0,8,8|8|8|8|8|8|8|8|8|8
40883,8,False,8,0,8,8|8|8|8|8|8|8|8|8|8
40884,8,False,8,1,8,8|8|8|8|8|8|8|8|8|1
40891,8,False,8,0,8,8|8|8|8|8|8|8|8|8|8
40895,8,False,8,1,8,8|8|9|8|8|8|8|8|8|8
40898,8,False,8,7,9,8|9|9|9|9|8|9|8|9|9
40901,8,False,8,0,8,8|8|8|8|8|8|8|8|8|8
40914,8,False,8,2,8,8|8|8|8|8|9|8|8|8|9
40953,8,False,8,1,8,8|8|8|8|8|8|8|0|8|8
40966,8,False,8,4,8,8|9|8|8|9|8|8|9|8|9
40988,8,False,8,0,8,8|8|8|8|8|8|8|8|8|8
40991,8,False,8,10,9,9|9|9|9|9|9|9|9|9|9
41008,8,False,8,4,8,8|8|9|0|8|8|0|8|8|0
41052,8,False,8,1,8,8|8|8|8|8|9|8|8|8|8
41086,8,False,8,0,8,8|8|8|8|8|8|8|8|8|8
41090,8,False,8,10,1,1|1|1|1|1|0|1|0|1|1
41103,8,False,8,8,9,8|9|8|9|9|9|9|9|9|9
41131,8,False,8,1,8,8|8|8|8|0|8|8|8|8|8
41145,8,False,8,0,8,8|8|8|8|8|8|8|8|8|8
41153,8,False,8,9,9,8|9|9|9|9|9|9|9|9|9
41156,8,False,8,4,8,8|9|8|9|8|8|8|9|8|9
41168,8,False,8,1,8,8|8|8|8|8|8|8|9|8|8
41174,8,False,8,0,8,8|8|8|8|8|8|8|8|8|8
41181,8,False,8,0,8,8|8|8|8|8|8|8|8|8|8
41186,8,False,8,0,8,8|8|8|8|8|8|8|8|8|8
41196,8,False,8,1,8,8|8|8|8|8|8|8|8|8|9
41206,8,False,8,6,9,9|9|8|9|9|9|8|8|9|8
41211,8,False,8,3,8,8|8|9|8|8|9|9|8|8|8
41214,8,False,8,0,8,8|8|8|8|8|8|8|8|8|8
41220,8,False,8,5,-1,8|9|8|8|9|9|8|9|9|8
41222,8,False,8,0,8,8|8|8|8|8|8|8|8|8|8
41245,8,False,8,0,8,8|8|8|8|8|8|8|8|8|8
41246,8,False,8,0,8,8|8|8|8|8|8|8|8|8|8
41257,8,False,8,9,0,0|0|9|0|8|7|7|5|0|0
41260,8,False,8,2,8,8|8|8|8|8|8|9|8|8|9
41309,8,False,8,0,8,8|8|8|8|8|8|8|8|8|8
41315,8,False,8,0,8,8|8|8|8|8|8|8|8|8|8
41335,8,False,8,2,8,8|8|9|8|8|8|8|8|8|9
41336,8,False,8,0,8,8|8|8|8|8|8|8|8|8|8
41338,8,False,8,10,9,9|9|9|9|9|9|9|9|9|9
41341,8,False,8,0,8,8|8|8|8|8|8|8|8|8|8
41343,8,False,8,9,7,7|8|6|9|6|7|7|9|7|7
41344,8,False,8,10,9,9|9|9|9|9|9|9|9|9|9
41373,8,False,8,8,9,9|9|9|8|8|9|9|9|9|9
41391,8,False,8,10,2,0|2|0|2|2|4|1|4|2|4
41395,8,False,8,1,8,8|8|8|8|9|8|8|8|8|8
41396,8,False,8,0,8,8|8|8|8|8|8|8|8|8|8
41399,8,False,8,3,8,9|8|8|8|8|8|8|9|8|9
41406,8,False,8,0,8,8|8|8|8|8|8|8|8|8|8
41419,8,False,8,9,0,0|9|9|8|0|0|0|0|0|0
41425,8,False,8,0,8,8|8|8|8|8|8|8|8|8|8
41437,8,False,8,0,8,8|8|8|8|8|8|8|8|8|8
41485,8,False,8,10,-1,9|0|9|0|9|9|0|9|0|0
41489,8,False,8,1,8,8|8|8|8|8|8|8|8|8|9
41493,8,False,8,3,8,8|9|8|8|8|9|8|8|8|9
41506,8,False,8,0,8,8|8|8|8|8|8|8|8|8|8
41515,8,False,8,10,5,2|5|5|5|4|5|5|5|5|5
41518,8,False,8,0,8,8|8|8|8|8|8|8|8|8|8
41524,8,False,8,0,8,8|8|8|8|8|8|8|8|8|8
41528,8,False,8,3,8,8|0|8|8|8|8|0|8|8|0
41529,8,False,8,8,9,9|9|9|9|9|8|9|9|9|8
41530,8,False,8,0,8,8|8|8|8|8|8|8|8|8|8
41545,8,False,8,2,8,8|8|8|8|8|9|8|8|9|8
41549,8,False,8,0,8,8|8|8|8|8|8|8|8|8|8
41566,8,False,8,0,8,8|8|8|8|8|8|8|8|8|8
41613,8,False,8,0,8,8|8|8|8|8|8|8|8|8|8
41622,8,False,8,1,8,8|8|8|8|8|8|9|8|8|8
41675,8,False,8,0,8,8|8|8|8|8|8|8|8|8|8
41678,8,False,8,0,8,8|8|8|8|8|8|8|8|8|8
41698,8,False,8,5,8,8|8|8|3|8|0|8|0|0|0
41703,8,False,8,1,8,8|8|8|8|8|8|0|8|8|8
41706,8,False,8,0,8,8|8|8|8|8|8|8|8|8|8
41708,8,False,8,2,8,8|8|8|8|8|8|9|8|8|9
41713,8,False,8,0,8,8|8|8|8|8|8|8|8|8|8
41723,8,False,8,10,0,0|0|0|0|0|0|0|0|0|0
41724,8,False,8,3,8,8|8|2|0|8|8|8|5|8|8
41729,8,False,8,0,8,8|8|8|8|8|8|8|8|8|8
41737,8,False,8,2,8,8|8|8|9|8|8|8|8|9|8
41757,8,False,8,1,8,8|9|8|8|8|8|8|8|8|8
41764,8,False,8,0,8,8|8|8|8|8|8|8|8|8|8
41782,8,False,8,0,8,8|8|8|8|8|8|8|8|8|8
41785,8,False,8,7,0,0|0|0|0|8|0|9|0|8|8
41794,8,False,8,0,8,8|8|8|8|8|8|8|8|8|8
41815,8,False,8,9,9,9|9|9|9|8|9|9|9|9|9
41816,8,False,8,6,9,9|8|9|9|9|9|8|8|8|9
41822,8,False,8,0,8,8|8|8|8|8|8|8|8|8|8
41828,8,False,8,0,8,8|8|8|8|8|8|8|8|8|8
41846,8,False,8,10,9,9|9|9|9|9|9|9|9|9|9
41850,8,False,8,10,9,9|9|9|9|9|9|9|9|9|9
41858,8,False,8,6,9,8|9|8|9|8|9|9|8|9|9
41866,8,False,8,2,8,8|8|9|8|9|8|8|8|8|8
41879,8,False,8,1,8,8|8|8|8|8|8|9|8|8|8
41886,8,False,8,0,8,8|8|8|8|8|8|8|8|8|8
41889,8,False,8,0,8,8|8|8|8|8|8|8|8|8|8
41892,8,False,8,3,8,8|9|8|8|8|9|9|8|8|8
41893,8,False,8,0,8,8|8|8|8|8|8|8|8|8|8
41895,8,False,8,0,8,8|8|8|8|8|8|8|8|8|8
41912,8,False,8,10,9,9|9|9|9|9|9|9|9|9|9
41928,8,False,8,0,8,8|8|8|8|8|8|8|8|8|8
41958,8,False,8,2,8,8|8|8|8|8|0|8|0|8|8
41959,8,False,8,5,-1,8|8|8|9|9|9|8|9|8|9
41966,8,False,8,4,8,8|9|8|8|8|8|9|8|9|9
41972,8,False,8,0,8,8|8|8|8|8|8|8|8|8|8
41974,8,False,8,0,8,8|8|8|8|8|8|8|8|8|8
41980,8,False,8,6,8,9|8|9|8|1|8|9|8|3|7
41986,8,False,8,0,8,8|8|8|8|8|8|8|8|8|8
42005,8,False,8,0,8,8|8|8|8|8|8|8|8|8|8
42014,8,False,8,0,8,8|8|8|8|8|8|8|8|8|8
42019,8,False,8,0,8,8|8|8|8|8|8|8|8|8|8
42021,8,False,8,9,9,9|5|9|1|8|9|5|9|4|2
42027,8,False,8,4,8,8|9|8|9|8|8|9|8|8|9
42051,8,False,8,0,8,8|8|8|8|8|8|8|8|8|8
42052,8,False,8,0,8,8|8|8|8|8|8|8|8|8|8
42063,8,False,8,0,8,8|8|8|8|8|8|8|8|8|8
42065,8,False,8,0,8,8|8|8|8|8|8|8|8|8|8
42073,8,False,8,7,9,9|9|9|8|9|9|8|9|8|9
42091,8,False,8,0,8,8|8|8|8|8|8|8|8|8|8
42093,8,False,8,8,0,0|0|0|0|8|0|0|0|8|0
42101,8,False,8,9,0,0|0|0|0|0|0|0|0|8|1
42131,8,False,8,0,8,8|8|8|8|8|8|8|8|8|8
42137,8,False,8,10,9,9|3|9|2|6|1|9|9|6|9
42151,8,False,8,0,8,8|8|8|8|8|8|8|8|8|8
42156,8,False,8,0,8,8|8|8|8|8|8|8|8|8|8
42157,8,False,8,6,0,0|0|8|8|8|0|8|0|0|0
42170,8,False,8,1,8,8|9|8|8|8|8|8|8|8|8
42174,8,False,8,6,9,9|9|9|8|8|9|9|9|8|8
42180,8,False,8,0,8,8|8|8|8|8|8|8|8|8|8
42184,8,False,8,2,8,8|8|8|8|9|8|8|8|9|8
42185,8,False,8,0,8,8|8|8|8|8|8|8|8|8|8
42192,8,False,8,6,9,9|8|9|9|8|8|9|9|8|9
42194,8,False,8,0,8,8|8|8|8|8|8|8|8|8|8
42204,8,False,8,0,8,8|8|8|8|8|8|8|8|8|8
42205,8,False,8,2,8,9|8|8|8|9|8|8|8|8|8
42206,8,False,8,10,0,0|0|0|0|0|0|0|0|0|0
42226,8,False,8,1,8,8|8|8|2|8|8|8|8|8|8
42230,8,False,8,1,8,8|9|8|8|8|8|8|8|8|8
42236,8,False,8,2,8,8|9|8|8|8|8|9|8|8|8
42239,8,False,8,1,8,8|8|8|8|8|8|8|8|8|0
42240,8,False,8,10,0,2|0|2|0|0|0|3|0|0|0
42247,8,False,8,9,9,8|9|9|9|9|9|9|9|9|9
42261,8,False,8,0,8,8|8|8|8|8|8|8|8|8|8
42273,8,False,8,1,8,9|8|8|8|8|8|8|8|8|8
42276,8,False,8,9,9,9|8|9|9|9|9|9|9|9|9
42282,8,False,8,1,8,8|2|8|8|8|8|8|8|8|8
42290,8,False,8,7,9,9|9|8|8|8|2|9|9|9|9
42294,8,False,8,0,8,8|8|8|8|8|8|8|8|8|8
42301,8,False,8,7,9,9|9|9|9|8|9|9|9|8|8
42305,8,False,8,1,8,8|8|8|8|8|8|9|8|8|8
42332,8,False,8,3,8,8|8|8|8|8|9|8|9|8|9
42334,8,False,8,9,0,0|8|0|0|0|0|0|0|0|0
42337,8,False,8,9,9,9|9|9|8|9|9|9|9|9|9
42349,8,False,8,3,8,8|8|8|8|8|0|8|9|0|8
42350,8,False,8,1,8,8|8|8|9|8|8|8|8|8|8
42352,8,False,8,8,0,0|0|7|4|0|0|8|4|8|0
42375,8,False,8,0,8,8|8|8|8|8|8|8|8|8|8
42387,8,False,8,0,8,8|8|8|8|8|8|8|8|8|8
42388,8,False,8,10,9,9|9|9|9|9|9|9|9|9|9
42399,8,False,8,2,8,8|8|8|9|8|9|8|8|8|8
42401,8,False,8,0,8,8|8|8|8|8|8|8|8|8|8
42410,8,False,8,0,8,8|8|8|8|8|8|8|8|8|8
42426,8,False,8,0,8,8|8|8|8|8|8|8|8|8|8
42432,8,False,8,1,8,8|8|8|8|8|8|2|8|8|8
42445,8,False,8,8,9,9|9|9|9|8|9|9|9|9|8
42467,8,False,8,9,9,9|9|9|9|9|9|9|9|8|9
42487,8,False,8,0,8,8|8|8|8|8|8|8|8|8|8
42494,8,False,8,1,8,8|8|8|8|9|8|8|8|8|8
42514,8,False,8,1,8,8|8|8|8|8|8|8|1|8|8
42525,8,False,8,3,8,8|8|9|9|8|8|9|8|8|8
42527,8,False,8,0,8,8|8|8|8|8|8|8|8|8|8
42529,8,False,8,0,8,8|8|8|8|8|8|8|8|8|8
42530,8,False,8,10,7,7|7|9|7|7|7|7|7|7|7
42531,8,False,8,1,8,8|8|8|9|8|8|8|8|8|8
42549,8,False,8,2,8,9|8|9|8|8|8|8|8|8|8
42557,8,False,8,9,9,9|9|9|9|9|9|8|9|9|9
42558,8,False,8,9,9,9|8|9|9|9|9|9|9|9|9
42563,8,False,8,0,8,8|8|8|8|8|8|8|8|8|8
42570,8,False,8,1,8,8|8|8|8|8|8|8|8|8|9
42591,8,False,8,0,8,8|8|8|8|8|8|8|8|8|8
42617,8,False,8,0,8,8|8|8|8|8|8|8|8|8|8
42623,8,False,8,6,9,8|9|8|8|9|8|9|9|9|9
42633,8,False,8,9,9,9|9|9|9|9|9|8|9|9|9
42636,8,False,8,0,8,8|8|8|8|8|8|8|8|8|8
42642,8,False,8,7,0,8|0|0|0|0|0|8|0|0|8
42670,8,False,8,2,8,8|9|8|8|9|8|8|8|8|8
42677,8,False,8,7,9,8|9|9|8|9|9|9|8|9|9
42680,8,False,8,2,8,8|8|8|8|8|0|8|8|8|0
42695,8,False,8,3,8,9|8|8|0|8|8|8|8|8|0
42701,8,False,8,6,9,9|8|8|9|9|9|9|8|9|8
42711,8,False,8,1,8,8|8|8|8|0|8|8|8|8|8
42744,8,False,8,1,8,8|8|8|8|8|0|8|8|8|8
42753,8,False,8,7,0,8|0|0|0|8|0|0|0|8|0
42757,8,False,8,5,-1,8|9|8|8|9|8|8|9|9|9
42769,8,False,8,0,8,8|8|8|8|8|8|8|8|8|8
42772,8,False,8,1,8,8|8|8|8|8|8|8|8|8|9
42778,8,False,8,1,8,8|9|8|8|8|8|8|8|8|8
42784,8,False,8,0,8,8|8|8|8|8|8|8|8|8|8
42786,8,False,8,0,8,8|8|8|8|8|8|8|8|8|8
42793,8,False,8,8,9,8|9|9|9|9|8|9|9|9|7
42798,8,False,8,0,8,8|8|8|8|8|8|8|8|8|8
42800,8,False,8,0,8,8|8|8|8|8|8|8|8|8|8
42825,8,False,8,0,8,8|8|8|8|8|8|8|8|8|8
42861,8,False,8,0,8,8|8|8|8|8|8|8|8|8|8
42876,8,False,8,0,8,8|8|8|8|8|8|8|8|8|8
42883,8,False,8,7,0,8|0|0|0|2|2|8|0|0|8
42885,8,False,8,0,8,8|8|8|8|8|8|8|8|8|8
42938,8,False,8,1,8,9|8|8|8|8|8|8|8|8|8
42952,8,False,8,1,8,8|8|8|8|8|8|0|8|8|8
42955,8,False,8,1,8,8|8|8|8|8|0|8|8|8|8
42959,8,False,8,2,8,8|8|8|8|8|9|8|8|9|8
42963,8,False,8,0,8,8|8|8|8|8|8|8|8|8|8
42969,8,False,8,0,8,8|8|8|8|8|8|8|8|8|8
42974,8,False,8,0,8,8|8|8|8|8|8|8|8|8|8
43002,8,False,8,4,8,8|8|8|8|4|8|3|1|0|8
43004,8,False,8,2,8,9|8|8|8|8|8|8|9|8|8
43005,8,False,8,10,3,3|3|3|1|7|3|3|1|3|3
43007,8,False,8,1,8,8|8|8|9|8|8|8|8|8|8
43008,8,False,8,0,8,8|8|8|8|8|8|8|8|8|8
43020,8,False,8,4,8,8|8|8|8|8|8|9|9|9|9
43030,8,False,8,10,0,0|0|0|0|0|0|9|9|0|0
43040,8,False,8,3,8,8|9|8|8|9|8|8|8|9|8
43052,8,False,8,7,9,9|9|9|9|9|8|9|8|9|8
43058,8,False,8,3,8,8|9|8|8|9|8|8|8|8|9
43063,8,False,8,9,9,9|9|9|8|9|9|9|9|9|9
43067,8,False,8,2,8,8|8|8|8|8|9|9|8|8|8
43081,8,False,8,0,8,8|8|8|8|8|8|8|8|8|8
43082,8,False,8,0,8,8|8|8|8|8|8|8|8|8|8
43100,8,False,8,1,8,8|8|8|8|8|9|8|8|8|8
43102,8,False,8,10,9,9|9|9|9|9|9|9|9|9|9
43105,8,False,8,1,8,8|8|8|8|8|8|0|8|8|8
43109,8,False,8,10,2,5|2|2|2|3|2|2|2|0|3
43114,8,False,8,0,8,8|8|8|8|8|8|8|8|8|8
43120,8,False,8,10,9,9|9|9|9|9|9|9|9|9|9
43134,8,False,8,4,8,9|8|9|8|8|9|8|9|8|8
43150,8,False,8,10,9,9|9|9|9|9|9|9|9|9|9
43167,8,False,8,0,8,8|8|8|8|8|8|8|8|8|8
43174,8,False,8,0,8,8|8|8|8|8|8|8|8|8|8
43191,8,False,8,4,8,8|9|8|8|8|8|9|8|9|9
43198,8,False,8,1,8,8|8|8|8|8|9|8|8|8|8
43206,8,False,8,6,9,8|9|8|9|9|8|9|9|9|8
43212,8,False,8,0,8,8|8|8|8|8|8|8|8|8|8
43219,8,False,8,0,8,8|8|8|8|8|8|8|8|8|8
43227,8,False,8,0,8,8|8|8|8|8|8|8|8|8|8
43229,8,False,8,0,8,8|8|8|8|8|8|8|8|8|8
43233,8,False,8,0,8,8|8|8|8|8|8|8|8|8|8
43236,8,False,8,5,-1,8|5|8|5|5|8|5|8|8|5
43244,8,False,8,0,8,8|8|8|8|8|8|8|8|8|8
43267,8,False,8,5,-1,8|9|8|9|9|8|8|8|9|9
43269,8,False,8,9,9,9|8|9|9|9|9|9|9|9|9
43277,8,False,8,10,7,7|7|7|7|7|7|9|7|7|7
43294,8,False,8,10,9,9|9|9|9|9|9|9|9|9|9
43295,8,False,8,9,9,9|8|9|9|9|9|9|9|9|9
43297,8,False,8,1,8,8|8|8|9|8|8|8|8|8|8
43303,8,False,8,0,8,8|8|8|8|8|8|8|8|8|8
43311,8,False,8,2,8,8|8|9|8|8|8|8|8|8|9
43317,8,False,8,10,9,9|9|9|9|9|9|9|9|9|9
43320,8,False,8,2,8,8|8|2|8|8|8|8|8|8|2
43363,8,False,8,1,8,8|8|8|0|8|8|8|8|8|8
43367,8,False,8,4,8,8|8|8|9|9|8|9|8|8|9
43378,8,False,8,10,9,9|9|9|9|9|9|9|9|9|9
43385,8,False,8,0,8,8|8|8|8|8|8|8|8|8|8
43389,8,False,8,6,8,8|8|9|0|8|9|0|9|8|2
43390,8,False,8,0,8,8|8|8|8|8|8|8|8|8|8
43397,8,False,8,0,8,8|8|8|8|8|8|8|8|8|8
43407,8,False,8,2,8,8|9|8|8|8|9|8|8|8|8
43416,8,False,8,9,3,3|3|2|3|2|2|8|3|2|3
43419,8,False,8,1,8,8|8|8|8|8|8|9|8|8|8
43437,8,False,8,0,8,8|8|8|8|8|8|8|8|8|8
43441,8,False,8,10,6,6|6|6|6|6|6|6|6|6|4
43447,8,False,8,9,9,9|9|9|9|9|9|9|8|9|9
43454,8,False,8,0,8,8|8|8|8|8|8|8|8|8|8
43460,8,False,8,4,8,9|8|8|9|8|8|8|9|8|9
43470,8,False,8,0,8,8|8|8|8|8|8|8|8|8|8
43484,8,False,8,0,8,8|8|8|8|8|8|8|8|8|8
43486,8,False,8,1,8,8|8|8|8|8|9|8|8|8|8
43487,8,False,8,0,8,8|8|8|8|8|8|8|8|8|8
43495,8,False,8,2,8,5|8|8|8|8|8|8|8|2|8
43507,8,False,8,3,8,8|8|8|8|9|9|9|8|8|8
43509,8,False,8,8,9,9|9|9|7|9|9|8|8|9|7
43522,8,False,8,10,9,9|9|9|0|0|9|0|9|9|9
43524,8,False,8,7,0,8|0|0|0|0|0|0|8|8|0
43526,8,False,8,0,8,8|8|8|8|8|8|8|8|8|8
43537,8,False,8,3,8,8|8|8|8|8|8|9|0|8|0
43566,8,False,8,0,8,8|8|8|8|8|8|8|8|8|8
43575,8,False,8,10,9,9|9|9|9|9|9|9|9|9|9
43579,8,False,8,0,8,8|8|8|8|8|8|8|8|8|8
43586,8,False,8,0,8,8|8|8|8|8|8|8|8|8|8
43592,8,False,8,0,8,8|8|8|8|8|8|8|8|8|8
43612,8,False,8,1,8,8|8|8|8|8|8|9|8|8|8
43613,8,False,8,0,8,8|8|8|8|8|8|8|8|8|8
43623,8,False,8,0,8,8|8|8|8|8|8|8|8|8|8
43632,8,False,8,0,8,8|8|8|8|8|8|8|8|8|8
43634,8,False,8,0,8,8|8|8|8|8|8|8|8|8|8
43641,8,False,8,0,8,8|8|8|8|8|8|8|8|8|8
43646,8,False,8,2,8,8|8|8|8|8|9|8|8|9|8
43661,8,False,8,0,8,8|8|8|8|8|8|8|8|8|8
43666,8,False,8,0,8,8|8|8|8|8|8|8|8|8|8
43673,8,False,8,2,8,8|8|8|8|9|8|8|9|8|8
43682,8,False,8,6,9,8|9|8|9|8|9|9|8|9|9
43684,8,False,8,10,9,9|9|9|9|9|9|9|9|9|9
43685,8,False,8,0,8,8|8|8|8|8|8|8|8|8|8
43694,8,False,8,8,9,9|8|9|9|9|9|9|9|9|8
43701,8,False,8,0,8,8|8|8|8|8|8|8|8|8|8
43706,8,False,8,3,8,8|8|0|8|8|0|8|0|8|8
43713,8,False,8,8,-1,9|8|0|9|9|0|8|0|0|9
43755,8,False,8,10,9,9|9|9|9|9|9|9|9|9|9
43759,8,False,8,4,8,8|9|8|8|8|8|8|9|9|9
43760,8,False,8,0,8,8|8|8|8|8|8|8|8|8|8
43762,8,False,8,0,8,8|8|8|8|8|8|8|8|8|8
43774,8,False,8,5,-1,9|9|9|8|9|8|8|8|9|8
43816,8,False,8,1,8,8|8|8|8|8|9|8|8|8|8
43821,8,False,8,1,8,8|9|8|8|8|8|8|8|8|8
43825,8,False,8,0,8,8|8|8|8|8|8|8|8|8|8
43831,8,False,8,6,-1,2|2|8|0|8|0|0|0|8|8
43846,8,False,8,0,8,8|8|8|8|8|8|8|8|8|8
43857,8,False,8,5,8,9|8|8|9|8|8|8|9|0|9
43860,8,False,8,0,8,8|8|8|8|8|8|8|8|8|8
43872,8,False,8,1,8,8|8|8|8|8|0|8|8|8|8
43891,8,False,8,10,9,9|9|9|9|9|9|9|9|9|9
43907,8,False,8,3,8,8|8|8|9|9|8|8|8|8|9
43913,8,False,8,0,8,8|8|8|8|8|8|8|8|8|8
43916,8,False,8,7,9,8|9|9|9|9|9|8|8|9|9
43922,8,False,8,7,8,5|8|2|4|0|8|8|0|2|4
43930,8,False,8,3,8,9|8|8|9|8|9|8|8|8|8
43943,8,False,8,0,8,8|8|8|8|8|8|8|8|8|8
43958,8,False,8,9,9,9|8|9|9|9|9|9|9|9|9
43959,8,False,8,0,8,8|8|8|8|8|8|8|8|8|8
43963,8,False,8,7,0,8|9|0|0|0|8|7|0|8|0
43976,8,False,8,10,9,9|9|9|9|9|9|9|9|9|9
43985,8,False,8,0,8,8|8|8|8|8|8|8|8|8|8
43999,8,False,8,0,8,8|8|8|8|8|8|8|8|8|8
44007,8,False,8,1,8,8|8|8|8|8|9|8|8|8|8
44010,8,False,8,10,-1,3|0|2|3|4|2|4|3|0|0
44020,8,False,8,0,8,8|8|8|8|8|8|8|8|8|8
44041,8,False,8,1,8,8|8|8|8|8|8|8|8|9|8
44046,8,False,8,0,8,8|8|8|8|8|8|8|8|8|8
44083,8,False,8,3,8,8|9|8|8|8|8|9|8|8|9
44092,8,False,8,10,9,3|7|7|9|9|9|9|7|0|9
44123,8,False,8,2,8,8|8|8|8|8|8|0|8|8|0
44139,8,False,8,0,8,8|8|8|8|8|8|8|8|8|8
44166,8,False,8,6,9,9|8|9|8|8|9|8|9|9|9
44176,8,False,8,5,-1,9|8|9|8|8|8|9|9|8|9
44185,8,False,8,0,8,8|8|8|8|8|8|8|8|8|8
44201,8,False,8,0,8,8|8|8|8|8|8|8|8|8|8
44206,8,False,8,10,7,9|7|9|7|7|9|7|7|7|9
44218,8,False,8,0,8,8|8|8|8|8|8|8|8|8|8
44219,8,False,8,0,8,8|8|8|8|8|8|8|8|8|8
44227,8,False,8,3,8,8|9|8|9|8|8|8|8|8|9
44230,8,False,8,1,8,8|8|8|9|8|8|8|8|8|8
44241,8,False,8,3,8,0|8|8|8|8|0|8|8|0|8
44291,8,False,8,0,8,8|8|8|8|8|8|8|8|8|8
44333,8,False,8,0,8,8|8|8|8|8|8|8|8|8|8
44362,8,False,8,0,8,8|8|8|8|8|8|8|8|8|8
44366,8,False,8,0,8,8|8|8|8|8|8|8|8|8|8
44375,8,False,8,2,8,8|9|8|8|8|8|8|8|8|9
44378,8,False,8,2,8,8|8|8|8|8|9|8|8|9|8
44386,8,False,8,2,8,8|8|9|8|8|9|8|8|8|8
44396,8,False,8,1,8,8|8|8|8|9|8|8|8|8|8
44398,8,False,8,5,-1,9|8|9|8|8|9|8|9|9|8
44409,8,False,8,1,8,0|8|8|8|8|8|8|8|8|8
44413,8,False,8,0,8,8|8|8|8|8|8|8|8|8|8
44414,8,False,8,0,8,8|8|8|8|8|8|8|8|8|8
44424,8,False,8,0,8,8|8|8|8|8|8|8|8|8|8
44427,8,False,8,3,8,8|9|8|8|8|8|8|9|8|9
44430,8,False,8,2,8,9|8|8|8|8|8|8|8|8|9
44445,8,False,8,4,8,8|8|8|8|8|9|9|9|8|9
44448,8,False,8,0,8,8|8|8|8|8|8|8|8|8|8
44499,8,False,8,7,9,9|8|9|9|9|9|9|8|8|9
44506,8,False,8,0,8,8|8|8|8|8|8|8|8|8|8
44524,8,False,8,0,8,8|8|8|8|8|8|8|8|8|8
44525,8,False,8,5,8,9|8|8|9|8|8|9|2|9|8
44535,8,False,8,1,8,8|0|8|8|8|8|8|8|8|8
44537,8,False,8,0,8,8|8|8|8|8|8|8|8|8|8
44592,8,False,8,6,9,9|8|8|9|9|8|0|9|8|9
44609,8,False,8,1,8,2|8|8|8|8|8|8|8|8|8
44612,8,False,8,0,8,8|8|8|8|8|8|8|8|8|8
44617,8,False,8,0,8,8|8|8|8|8|8|8|8|8|8
44619,8,False,8,0,8,8|8|8|8|8|8|8|8|8|8
44623,8,False,8,0,8,8|8|8|8|8|8|8|8|8|8
44630,8,False,8,1,8,8|8|8|8|9|8|8|8|8|8
44632,8,False,8,0,8,8|8|8|8|8|8|8|8|8|8
44638,8,False,8,0,8,8|8|8|8|8|8|8|8|8|8
44641,8,False,8,0,8,8|8|8|8|8|8|8|8|8|8
44648,8,False,8,0,8,8|8|8|8|8|8|8|8|8|8
44650,8,False,8,9,9,9|9|9|9|9|9|9|9|9|8
44651,8,False,8,0,8,8|8|8|8|8|8|8|8|8|8
44662,8,False,8,5,-1,8|8|8|9|8|9|9|8|9|9
44667,8,False,8,2,8,8|8|8|8|8|0|0|8|8|8
44679,8,False,8,0,8,8|8|8|8|8|8|8|8|8|8
44681,8,False,8,4,8,0|8|0|8|0|0|8|8|8|8
44702,8,False,8,3,8,8|8|8|8|3|0|9|8|8|8
44705,8,False,8,0,8,8|8|8|8|8|8|8|8|8|8
44706,8,False,8,0,8,8|8|8|8|8|8|8|8|8|8
44715,8,False,8,0,8,8|8|8|8|8|8|8|8|8|8
44725,8,False,8,0,8,8|8|8|8|8|8|8|8|8|8
44727,8,False,8,0,8,8|8|8|8|8|8|8|8|8|8
44731,8,False,8,6,9,9|8|8|9|8|9|9|9|8|9
44742,8,False,8,1,8,8|8|9|8|8|8|8|8|8|8
44746,8,False,8,0,8,8|8|8|8|8|8|8|8|8|8
44768,8,False,8,0,8,8|8|8|8|8|8|8|8|8|8
44795,8,False,8,0,8,8|8|8|8|8|8|8|8|8|8
44802,8,False,8,0,8,8|8|8|8|8|8|8|8|8|8
44805,8,False,8,10,-1,2|3|5|5|2|2|5|5|3|2
44806,8,False,8,0,8,8|8|8|8|8|8|8|8|8|8
44821,8,False,8,5,-1,8|8|8|0|8|0|8|0|0|0
44838,8,False,8,0,8,8|8|8|8|8|8|8|8|8|8
44882,8,False,8,0,8,8|8|8|8|8|8|8|8|8|8
44913,8,False,8,2,8,0|8|8|8|8|0|8|8|8|8
44932,8,False,8,8,5,5|5|5|5|8|5|8|5|5|5
44946,8,False,8,0,8,8|8|8|8|8|8|8|8|8|8
44957,8,False,8,0,8,8|8|8|8|8|8|8|8|8|8
44958,8,False,8,9,9,9|9|9|9|8|0|9|9|9|9
44959,8,False,8,1,8,8|8|8|8|8|8|9|8|8|8
44962,8,False,8,0,8,8|8|8|8|8|8|8|8|8|8
44969,8,False,8,2,8,8|8|8|8|8|8|8|9|9|8
44993,8,False,8,0,8,8|8|8|8|8|8|8|8|8|8
44996,8,False,8,0,8,8|8|8|8|8|8|8|8|8|8
45016,8,False,8,2,8,9|8|8|8|8|9|8|8|8|8
45017,8,False,8,7,9,8|8|9|9|9|9|9|9|8|9
45019,8,False,8,4,8,9|8|9|8|8|9|8|8|9|8
45046,8,False,8,9,9,9|9|9|9|9|9|9|9|9|8
45047,8,False,8,9,9,0|2|9|0|9|9|9|9|9|8
45049,8,False,8,2,8,9|9|8|8|8|8|8|8|8|8
45057,8,False,8,0,8,8|8|8|8|8|8|8|8|8|8
45059,8,False,8,3,8,8|8|8|8|9|9|8|8|9|8
45067,8,False,8,0,8,8|8|8|8|8|8|8|8|8|8
45089,8,False,8,2,8,8|8|9|8|8|8|9|8|8|8
45110,8,False,8,4,8,2|8|2|8|8|2|8|8|8|2
45113,8,False,8,0,8,8|8|8|8|8|8|8|8|8|8
45125,8,False,8,8,9,8|9|9|9|8|9|9|9|9|9
45145,8,False,8,6,8,8|6|2|6|0|8|9|8|8|9
45148,8,False,8,1,8,0|8|8|8|8|8|8|8|8|8
45152,8,False,8,5,-1,8|8|9|8|9|9|8|8|9|9
45153,8,False,8,0,8,8|8|8|8|8|8|8|8|8|8
45176,8,False,8,4,8,9|9|8|8|9|9|8|8|8|8
45219,9,False,9,8,8,8|8|8|9|8|8|8|8|9|8
45224,9,False,9,4,9,0|9|0|0|9|9|9|9|0|9
45235,9,False,9,3,9,9|9|9|9|8|9|8|9|0|9
45242,9,False,9,0,9,9|9|9|9|9|9|9|9|9|9
45258,9,False,9,9,8,8|8|8|8|8|8|8|8|9|8
45295,9,False,9,0,9,9|9|9|9|9|9|9|9|9|9
45296,9,False,9,1,9,9|9|9|8|9|9|9|9|9|9
45298,9,False,9,6,8,9|8|9|9|8|9|8|8|8|8
45308,9,False,9,0,9,9|9|9|9|9|9|9|9|9|9
45326,9,False,9,3,9,8|9|8|9|9|8|9|9|9|9
45327,9,False,9,1,9,9|9|9|9|9|9|9|9|4|9
45329,9,False,9,0,9,9|9|9|9|9|9|9|9|9|9
45334,9,False,9,3,9,9|8|9|9|8|9|8|9|9|9
45346,9,False,9,0,9,9|9|9|9|9|9|9|9|9|9
45356,9,False,9,7,8,0|0|9|0|8|8|8|9|8|9
45382,9,False,9,7,8,8|9|8|8|8|8|8|9|8|9
45386,9,False,9,10,8,8|8|8|8|8|8|8|8|0|0
45387,9,False,9,0,9,9|9|9|9|9|9|9|9|9|9
45390,9,False,9,0,9,9|9|9|9|9|9|9|9|9|9
45400,9,False,9,0,9,9|9|9|9|9|9|9|9|9|9
45408,9,False,9,1,9,9|9|9|9|9|9|0|9|9|9
45414,9,False,9,3,9,8|9|9|9|8|8|9|9|9|9
45420,9,False,9,0,9,9|9|9|9|9|9|9|9|9|9
45425,9,False,9,0,9,9|9|9|9|9|9|9|9|9|9
45440,9,False,9,1,9,9|9|9|9|9|9|9|9|8|9
45442,9,False,9,9,8,8|8|8|8|8|8|8|9|8|8
45455,9,False,9,0,9,9|9|9|9|9|9|9|9|9|9
45456,9,False,9,0,9,9|9|9|9|9|9|9|9|9|9
45457,9,False,9,6,8,8|9|8|9|9|9|8|8|8|8
45462,9,False,9,0,9,9|9|9|9|9|9|9|9|9|9
45465,9,False,9,0,9,9|9|9|9|9|9|9|9|9|9
45468,9,False,9,9,0,8|8|0|9|8|8|0|0|0|0
45478,9,False,9,0,9,9|9|9|9|9|9|9|9|9|9
45485,9,False,9,0,9,9|9|9|9|9|9|9|9|9|9
45500,9,False,9,9,8,8|8|8|9|8|8|8|8|8|8
45519,9,False,9,8,8,8|8|8|9|8|8|9|8|8|8
45524,9,False,9,9,8,8|8|8|8|8|9|8|8|8|8
45528,9,False,9,1,9,9|9|9|8|9|9|9|9|9|9
45548,9,False,9,9,8,8|8|9|8|8|8|8|8|8|8
45552,9,False,9,0,9,9|9|9|9|9|9|9|9|9|9
45557,9,False,9,0,9,9|9|9|9|9|9|9|9|9|9
45567,9,False,9,0,9,9|9|9|9|9|9|9|9|9|9
45571,9,False,9,10,8,8|8|8|8|8|8|8|8|8|8
45574,9,False,9,0,9,9|9|9|9|9|9|9|9|9|9
45587,9,False,9,1,9,9|9|9|9|9|9|8|9|9|9
45592,9,False,9,0,9,9|9|9|9|9|9|9|9|9|9
45598,9,False,9,2,9,9|9|9|8|9|9|8|9|9|9
45603,9,False,9,3,9,9|9|9|8|9|9|8|9|8|9
45608,9,False,9,0,9,9|9|9|9|9|9|9|9|9|9
45614,9,False,9,0,9,9|9|9|9|9|9|9|9|9|9
45630,9,False,9,0,9,9|9|9|9|9|9|9|9|9|9
45654,9,False,9,8,8,8|8|8|8|8|8|8|9|8|9
45668,9,False,9,5,9,0|0|9|8|9|9|0|9|0|9
45675,9,False,9,6,8,8|8|8|9|9|9|8|9|8|8
45689,9,False,9,2,9,8|9|9|9|9|9|9|9|9|8
45694,9,False,9,0,9,9|9|9|9|9|9|9|9|9|9
45698,9,False,9,2,9,8|9|9|9|9|9|9|9|8|9
45714,9,False,9,7,8,9|8|9|8|8|9|8|8|8|8
45736,9,False,9,0,9,9|9|9|9|9|9|9|9|9|9
45742,9,False,9,0,9,9|9|9|9|9|9|9|9|9|9
45747,9,False,9,0,9,9|9|9|9|9|9|9|9|9|9
45749,9,False,9,8,8,9|8|8|8|8|9|8|8|8|8
45756,9,False,9,1,9,9|9|9|9|9|9|9|8|9|9
45766,9,False,9,1,9,0|9|9|9|9|9|9|9|9|9
45769,9,False,9,0,9,9|9|9|9|9|9|9|9|9|9
45786,9,False,9,2,9,9|9|9|9|9|9|9|9|8|8
45788,9,False,9,10,8,8|8|8|8|8|8|8|8|8|8
45801,9,False,9,2,9,9|9|9|8|9|9|9|9|9|8
45802,9,False,9,0,9,9|9|9|9|9|9|9|9|9|9
45807,9,False,9,9,8,8|8|8|8|8|9|8|8|8|8
45821,9,False,9,0,9,9|9|9|9|9|9|9|9|9|9
45826,9,False,9,6,8,8|8|9|8|8|8|8|9|9|9
45830,9,False,9,0,9,9|9|9|9|9|9|9|9|9|9
45835,9,False,9,1,9,9|9|9|9|9|9|9|0|9|9
45842,9,False,9,0,9,9|9|9|9|9|9|9|9|9|9
45843,9,False,9,0,9,9|9|9|9|9|9|9|9|9|9
45875,9,False,9,6,8,8|9|9|8|8|8|8|0|9|9
45883,9,False,9,8,7,6|7|9|9|6|7|7|7|6|7
45888,9,False,9,1,9,9|9|9|9|9|9|8|9|9|9
45896,9,False,9,10,-1,6|7|7|6|6|3|6|7|1|7
45899,9,False,9,0,9,9|9|9|9|9|9|9|9|9|9
45901,9,False,9,8,0,0|0|9|0|0|0|8|9|0|0
45903,9,False,9,0,9,9|9|9|9|9|9|9|9|9|9
45908,9,False,9,3,9,9|9|9|9|8|9|9|8|9|8
45913,9,False,9,3,9,9|8|9|9|9|9|9|9|8|0
45917,9,False,9,7,8,9|8|8|8|9|8|8|8|9|8
45970,9,False,9,10,8,8|8|8|8|8|8|8|8|8|8
45980,9,False,9,3,9,9|9|9|8|8|8|9|9|9|9
45984,9,False,9,1,9,9|9|9|9|9|9|9|9|8|9
45996,9,False,9,10,2,2|2|0|3|2|2|8|8|2|2
46011,9,False,9,9,8,8|8|8|8|8|8|8|9|8|8
46012,9,False,9,0,9,9|9|9|9|9|9|9|9|9|9
46021,9,False,9,0,9,9|9|9|9|9|9|9|9|9|9
46045,9,False,9,0,9,9|9|9|9|9|9|9|9|9|9
46065,9,False,9,2,9,9|8|9|9|9|9|9|9|8|9
46089,9,False,9,0,9,9|9|9|9|9|9|9|9|9|9
46093,9,False,9,1,9,9|9|9|8|9|9|9|9|9|9
46111,9,False,9,1,9,9|9|9|9|9|9|9|9|8|9
46117,9,False,9,0,9,9|9|9|9|9|9|9|9|9|9
46119,9,False,9,1,9,9|9|9|9|9|9|9|8|9|9
46131,9,False,9,0,9,9|9|9|9|9|9|9|9|9|9
46141,9,False,9,9,8,8|0|9|8|8|7|8|8|8|0
46150,9,False,9,9,8,8|9|8|8|8|8|8|8|8|8
46182,9,False,9,0,9,9|9|9|9|9|9|9|9|9|9
46195,9,False,9,0,9,9|9|9|9|9|9|9|9|9|9
46215,9,False,9,9,8,8|8|0|8|8|0|8|0|8|9
46219,9,False,9,9,8,8|8|8|8|8|8|9|8|8|8
46233,9,False,9,0,9,9|9|9|9|9|9|9|9|9|9
46240,9,False,9,0,9,9|9|9|9|9|9|9|9|9|9
46256,9,False,9,4,9,9|8|9|9|0|8|8|9|9|9
46259,9,False,9,4,9,9|9|9|8|8|9|8|9|9|8
46265,9,False,9,7,8,9|8|9|8|8|9|8|8|8|8
46269,9,False,9,0,9,9|9|9|9|9|9|9|9|9|9
46270,9,False,9,0,9,9|9|9|9|9|9|9|9|9|9
46272,9,False,9,0,9,9|9|9|9|9|9|9|9|9|9
46275,9,False,9,0,9,9|9|9|9|9|9|9|9|9|9
46276,9,False,9,10,0,0|0|0|0|0|8|0|0|8|0
46277,9,False,9,0,9,9|9|9|9|9|9|9|9|9|9
46286,9,False,9,1,9,9|9|9|9|9|9|8|9|9|9
46299,9,False,9,2,9,8|9|9|9|9|8|9|9|9|9
46300,9,False,9,0,9,9|9|9|9|9|9|9|9|9|9
46326,9,False,9,0,9,9|9|9|9|9|9|9|9|9|9
46331,9,False,9,0,9,9|9|9|9|9|9|9|9|9|9
46354,9,False,9,0,9,9|9|9|9|9|9|9|9|9|9
46357,9,False,9,0,9,9|9|9|9|9|9|9|9|9|9
46367,9,False,9,2,9,9|9|8|9|9|8|9|9|9|9
46380,9,False,9,0,9,9|9|9|9|9|9|9|9|9|9
46392,9,False,9,0,9,9|9|9|9|9|9|9|9|9|9
46414,9,False,9,1,9,9|9|9|9|9|9|7|9|9|9
46427,9,False,9,9,2,9|2|0|2|8|2|8|2|2|0
46429,9,False,9,0,9,9|9|9|9|9|9|9|9|9|9
46430,9,False,9,3,9,8|9|9|9|8|8|9|9|9|9
46431,9,False,9,2,9,9|9|9|9|9|9|9|9|8|8
46435,9,False,9,0,9,9|9|9|9|9|9|9|9|9|9
46451,9,False,9,9,8,8|8|8|8|9|8|8|8|8|8
46453,9,False,9,0,9,9|9|9|9|9|9|9|9|9|9
46465,9,False,9,2,9,9|9|9|9|9|9|8|9|8|9
46473,9,False,9,10,8,8|8|8|8|8|8|8|8|8|8
46497,9,False,9,8,0,8|9|9|0|0|8|0|0|0|0
46503,9,False,9,0,9,9|9|9|9|9|9|9|9|9|9
46554,9,False,9,0,9,9|9|9|9|9|9|9|9|9|9
46571,9,False,9,1,9,9|8|9|9|9|9|9|9|9|9
46572,9,False,9,4,9,9|9|9|9|8|9|9|8|8|8
46579,9,False,9,0,9,9|9|9|9|9|9|9|9|9|9
46589,9,False,9,9,8,8|9|8|8|8|8|8|8|8|8
46598,9,False,9,0,9,9|9|9|9|9|9|9|9|9|9
46608,9,False,9,10,0,0|0|0|0|8|0|0|0|0|0
46616,9,False,9,0,9,9|9|9|9|9|9|9|9|9|9
46624,9,False,9,0,9,9|9|9|9|9|9|9|9|9|9
46629,9,False,9,3,9,9|8|8|9|9|8|9|9|9|9
46632,9,False,9,6,8,8|2|9|8|9|8|8|9|8|9
46643,9,False,9,10,8,8|8|8|8|8|8|8|8|8|8
46655,9,False,9,0,9,9|9|9|9|9|9|9|9|9|9
46669,9,False,9,9,8,8|8|8|8|8|8|9|8|8|8
46673,9,False,9,0,9,9|9|9|9|9|9|9|9|9|9
46675,9,False,9,0,9,9|9|9|9|9|9|9|9|9|9
46677,9,False,9,9,8,8|8|8|9|8|8|8|8|7|8
46690,9,False,9,4,9,9|8|9|8|9|9|9|8|9|8
46708,9,False,9,0,9,9|9|9|9|9|9|9|9|9|9
46718,9,False,9,0,9,9|9|9|9|9|9|9|9|9|9
46720,9,False,9,5,-1,8|8|9|8|9|9|9|8|8|9
46734,9,False,9,0,9,9|9|9|9|9|9|9|9|9|9
46753,9,False,9,1,9,9|9|9|8|9|9|9|9|9|9
46758,9,False,9,10,8,8|8|8|8|8|8|8|8|8|8
46777,9,False,9,3,9,9|9|9|8|9|8|8|9|9|9
46782,9,False,9,0,9,9|9|9|9|9|9|9|9|9|9
46801,9,False,9,0,9,9|9|9|9|9|9|9|9|9|9
46804,9,False,9,0,9,9|9|9|9|9|9|9|9|9|9
46819,9,False,9,9,8,8|8|8|8|8|8|8|8|8|9
46822,9,False,9,0,9,9|9|9|9|9|9|9|9|9|9
46823,9,False,9,1,9,9|9|9|9|9|9|9|9|8|9
46841,9,False,9,0,9,9|9|9|9|9|9|9|9|9|9
46864,9,False,9,10,8,8|8|8|8|8|8|8|8|8|8
46872,9,False,9,2,9,8|0|9|9|9|9|9|9|9|9
46888,9,False,9,0,9,9|9|9|9|9|9|9|9|9|9
46889,9,False,9,1,9,9|8|9|9|9|9|9|9|9|9
46893,9,False,9,2,9,9|8|9|9|9|9|9|8|9|9
46918,9,False,9,0,9,9|9|9|9|9|9|9|9|9|9
46941,9,False,9,1,9,9|9|9|9|9|9|9|9|8|9
46948,9,False,9,0,9,9|9|9|9|9|9|9|9|9|9
46985,9,False,9,1,9,8|9|9|9|9|9|9|9|9|9
47000,9,False,9,1,9,9|9|9|9|9|9|9|9|9|8
47001,9,False,9,1,9,9|9|9|9|9|9|8|9|9|9
47010,9,False,9,3,9,9|9|9|9|9|0|8|9|9|8
47029,9,False,9,1,9,8|9|9|9|9|9|9|9|9|9
47032,9,False,9,0,9,9|9|9|9|9|9|9|9|9|9
47034,9,False,9,10,8,8|8|8|8|8|8|8|8|8|8
47047,9,False,9,0,9,9|9|9|9|9|9|9|9|9|9
47048,9,False,9,0,9,9|9|9|9|9|9|9|9|9|9
47058,9,False,9,7,8,9|8|9|8|9|8|8|8|8|8
47059,9,False,9,9,8,8|8|0|7|8|8|8|8|8|9
47065,9,False,9,0,9,9|9|9|9|9|9|9|9|9|9
47073,9,False,9,0,9,9|9|9|9|9|9|9|9|9|9
47088,9,False,9,10,8,8|8|8|8|8|8|8|8|8|8
47115,9,False,9,3,9,9|8|9|8|9|9|9|9|8|9
47134,9,False,9,10,0,0|0|0|8|0|0|8|0|0|0
47141,9,False,9,0,9,9|9|9|9|9|9|9|9|9|9
47147,9,False,9,0,9,9|9|9|9|9|9|9|9|9|9
47159,9,False,9,7,8,8|9|8|8|8|8|9|8|9|8
47185,9,False,9,6,8,9|9|9|8|9|8|8|8|8|8
47190,9,False,9,0,9,9|9|9|9|9|9|9|9|9|9
47200,9,False,9,8,8,9|8|8|8|9|8|8|8|8|8
47201,9,False,9,0,9,9|9|9|9|9|9|9|9|9|9
47203,9,False,9,4,9,9|9|9|9|8|8|8|9|8|9
47206,9,False,9,10,8,8|0|8|0|8|8|8|8|8|8
47223,9,False,9,4,9,8|9|8|9|8|9|9|9|9|8
47230,9,False,9,1,9,9|9|9|9|8|9|9|9|9|9
47233,9,False,9,6,8,8|8|8|9|8|9|8|9|9|8
47234,9,False,9,0,9,9|9|9|9|9|9|9|9|9|9
47238,9,False,9,1,9,8|9|9|9|9|9|9|9|9|9
47246,9,False,9,1,9,9|9|9|9|9|9|9|9|8|9
47249,9,False,9,0,9,9|9|9|9|9|9|9|9|9|9
47251,9,False,9,10,3,3|3|3|3|3|3|0|3|3|0
47256,9,False,9,10,8,8|8|8|8|8|8|8|8|8|8
47261,9,False,9,1,9,9|9|9|9|9|9|8|9|9|9
47262,9,False,9,0,9,9|9|9|9|9|9|9|9|9|9
47280,9,False,9,9,8,8|8|9|8|8|8|8|8|8|8
47291,9,False,9,0,9,9|9|9|9|9|9|9|9|9|9
47297,9,False,9,1,9,9|9|9|9|9|8|9|9|9|9
47319,9,False,9,1,9,9|9|9|9|9|9|9|9|8|9
47321,9,False,9,0,9,9|9|9|9|9|9|9|9|9|9
47339,9,False,9,0,9,9|9|9|9|9|9|9|9|9|9
47343,9,False,9,7,0,0|9|9|9|8|0|8|0|0|8
47344,9,False,9,0,9,9|9|9|9|9|9|9|9|9|9
47355,9,False,9,0,9,9|9|9|9|9|9|9|9|9|9
47359,9,False,9,7,0,0|0|9|0|0|8|9|9|0|0
47369,9,False,9,0,9,9|9|9|9|9|9|9|9|9|9
47374,9,False,9,8,8,8|9|8|8|8|8|8|8|9|8
47378,9,False,9,4,9,9|8|9|8|9|8|9|9|8|9
47396,9,False,9,0,9,9|9|9|9|9|9|9|9|9|9
47399,9,False,9,5,-1,8|8|9|9|8|9|8|8|9|9
47413,9,False,9,10,8,8|8|8|8|8|8|8|8|8|8
47423,9,False,9,0,9,9|9|9|9|9|9|9|9|9|9
47460,9,False,9,3,9,0|9|9|9|9|0|8|9|9|9
47462,9,False,9,0,9,9|9|9|9|9|9|9|9|9|9
47479,9,False,9,0,9,9|9|9|9|9|9|9|9|9|9
47485,9,False,9,2,9,9|8|9|9|9|8|9|9|9|9
47494,9,False,9,0,9,9|9|9|9|9|9|9|9|9|9
47501,9,False,9,0,9,9|9|9|9|9|9|9|9|9|9
47512,9,False,9,0,9,9|9|9|9|9|9|9|9|9|9
47527,9,False,9,0,9,9|9|9|9|9|9|9|9|9|9
47530,9,False,9,10,7,6|7|7|7|7|7|7|7|7|7
47540,9,False,9,7,8,8|8|9|9|8|9|8|8|8|8
47548,9,False,9,0,9,9|9|9|9|9|9|9|9|9|9
47575,9,False,9,10,8,8|8|8|8|8|8|8|8|8|8
47589,9,False,9,0,9,9|9|9|9|9|9|9|9|9|9
47605,9,False,9,10,8,8|8|8|8|8|8|8|8|8|8
47616,9,False,9,0,9,9|9|9|9|9|9|9|9|9|9
47618,9,False,9,5,-1,9|8|9|8|9|8|9|8|8|9
47642,9,False,9,0,9,9|9|9|9|9|9|9|9|9|9
47675,9,False,9,0,9,9|9|9|9|9|9|9|9|9|9
47689,9,False,9,0,9,9|9|9|9|9|9|9|9|9|9
47691,9,False,9,0,9,9|9|9|9|9|9|9|9|9|9
47696,9,False,9,10,8,8|8|8|8|8|8|8|8|8|8
47704,9,False,9,6,-1,0|9|9|0|9|9|8|8|8|8
47720,9,False,9,0,9,9|9|9|9|9|9|9|9|9|9
47725,9,False,9,1,9,9|9|9|9|9|9|9|8|9|9
47735,9,False,9,10,8,8|8|8|8|8|8|8|8|8|8
47739,9,False,9,0,9,9|9|9|9|9|9|9|9|9|9
47741,9,False,9,0,9,9|9|9|9|9|9|9|9|9|9
47760,9,False,9,0,9,9|9|9|9|9|9|9|9|9|9
47769,9,False,9,0,9,9|9|9|9|9|9|9|9|9|9
47773,9,False,9,0,9,9|9|9|9|9|9|9|9|9|9
47777,9,False,9,2,9,9|9|9|9|9|9|9|8|8|9
47783,9,False,9,0,9,9|9|9|9|9|9|9|9|9|9
47803,9,False,9,0,9,9|9|9|9|9|9|9|9|9|9
47814,9,False,9,8,8,8|8|8|8|9|8|8|9|8|8
47817,9,False,9,5,-1,6|6|9|9|6|9|6|9|6|9
47831,9,False,9,0,9,9|9|9|9|9|9|9|9|9|9
47839,9,False,9,10,8,8|8|8|8|8|8|8|8|8|8
47841,9,False,9,0,9,9|9|9|9|9|9|9|9|9|9
47850,9,False,9,10,8,8|8|8|8|8|8|8|8|8|8
47868,9,False,9,0,9,9|9|9|9|9|9|9|9|9|9
47879,9,False,9,0,9,9|9|9|9|9|9|9|9|9|9
47880,9,False,9,4,9,9|8|9|9|9|9|8|8|9|8
47881,9,False,9,0,9,9|9|9|9|9|9|9|9|9|9
47913,9,False,9,7,8,9|8|8|8|8|9|8|9|8|8
47925,9,False,9,0,9,9|9|9|9|9|9|9|9|9|9
47927,9,False,9,5,-1,8|9|9|8|8|9|9|8|8|9
47932,9,False,9,0,9,9|9|9|9|9|9|9|9|9|9
47949,9,False,9,0,9,9|9|9|9|9|9|9|9|9|9
47969,9,False,9,5,9,9|2|9|9|9|9|1|0|0|0
47996,9,False,9,0,9,9|9|9|9|9|9|9|9|9|9
48001,9,False,9,0,9,9|9|9|9|9|9|9|9|9|9
48014,9,False,9,0,9,9|9|9|9|9|9|9|9|9|9
48019,9,False,9,1,9,9|9|9|9|9|9|9|9|9|8
48032,9,False,9,0,9,9|9|9|9|9|9|9|9|9|9
48083,9,False,9,2,9,8|9|9|9|8|9|9|9|9|9
48101,9,False,9,0,9,9|9|9|9|9|9|9|9|9|9
48124,9,False,9,0,9,9|9|9|9|9|9|9|9|9|9
48133,9,False,9,2,9,9|9|9|8|9|9|8|9|9|9
48138,9,False,9,8,8,8|9|8|8|8|8|8|8|9|8
48161,9,False,9,0,9,9|9|9|9|9|9|9|9|9|9
48162,9,False,9,8,8,8|8|9|9|8|8|8|8|8|8
48179,9,False,9,0,9,9|9|9|9|9|9|9|9|9|9
48181,9,False,9,0,9,9|9|9|9|9|9|9|9|9|9
48185,9,False,9,10,0,0|0|0|0|0|0|0|0|0|0
48189,9,False,9,0,9,9|9|9|9|9|9|9|9|9|9
48190,9,False,9,3,9,9|9|8|9|9|8|9|9|8|9
48196,9,False,9,0,9,9|9|9|9|9|9|9|9|9|9
48207,9,False,9,0,9,9|9|9|9|9|9|9|9|9|9
48213,9,False,9,5,-1,9|8|9|9|8|9|8|8|8|9
48227,9,False,9,0,9,9|9|9|9|9|9|9|9|9|9
48228,9,False,9,7,8,9|9|8|8|8|9|8|8|8|0
48240,9,False,9,0,9,9|9|9|9|9|9|9|9|9|9
48269,9,False,9,0,9,9|9|9|9|9|9|9|9|9|9
48273,9,False,9,0,9,9|9|9|9|9|9|9|9|9|9
48277,9,False,9,7,0,0|8|9|9|0|0|0|9|3|0
48282,9,False,9,0,9,9|9|9|9|9|9|9|9|9|9
48283,9,False,9,0,9,9|9|9|9|9|9|9|9|9|9
48301,9,False,9,0,9,9|9|9|9|9|9|9|9|9|9
48312,9,False,9,10,8,8|8|8|8|8|8|8|8|8|8
48322,9,False,9,3,9,9|9|9|8|9|9|8|9|9|8
48331,9,False,9,4,9,9|9|9|0|9|8|9|9|0|0
48334,9,False,9,0,9,9|9|9|9|9|9|9|9|9|9
48337,9,False,9,8,8,8|8|8|8|9|8|8|8|9|8
48338,9,False,9,1,9,8|9|9|9|9|9|9|9|9|9
48341,9,False,9,3,9,8|9|8|9|9|9|9|9|8|9
48359,9,False,9,10,3,3|2|2|3|3|7|8|3|3|3
48364,9,False,9,0,9,9|9|9|9|9|9|9|9|9|9
48365,9,False,9,6,8,9|9|8|8|8|8|9|8|9|8
48367,9,False,9,1,9,9|9|8|9|9|9|9|9|9|9
48380,9,False,9,2,9,8|9|9|9|9|9|8|9|9|9
48386,9,False,9,6,8,9|9|8|9|8|8|9|8|8|8
48389,9,False,9,0,9,9|9|9|9|9|9|9|9|9|9
48395,9,False,9,0,9,9|9|9|9|9|9|9|9|9|9
48415,9,False,9,0,9,9|9|9|9|9|9|9|9|9|9
48418,9,False,9,6,8,8|8|8|8|8|9|9|9|8|9
48421,9,False,9,0,9,9|9|9|9|9|9|9|9|9|9
48450,9,False,9,2,9,8|9|9|9|9|8|9|9|9|9
48457,9,False,9,0,9,9|9|9|9|9|9|9|9|9|9
48461,9,False,9,9,0,0|0|8|9|8|8|0|0|0|0
48467,9,False,9,0,9,9|9|9|9|9|9|9|9|9|9
48478,9,False,9,0,9,9|9|9|9|9|9|9|9|9|9
48488,9,False,9,0,9,9|9|9|9|9|9|9|9|9|9
48492,9,False,9,1,9,9|9|9|9|9|9|9|9|9|8
48495,9,False,9,5,-1,9|8|9|8|8|9|9|8|8|9
48498,9,False,9,7,8,8|8|8|8|8|9|9|8|9|8
48504,9,False,9,0,9,9|9|9|9|9|9|9|9|9|9
48526,9,False,9,2,9,9|9|9|8|9|9|8|9|9|9
48550,9,False,9,0,9,9|9|9|9|9|9|9|9|9|9
48564,9,False,9,0,9,9|9|9|9|9|9|9|9|9|9
48565,9,False,9,0,9,9|9|9|9|9|9|9|9|9|9
48578,9,False,9,10,7,7|7|7|7|7|7|7|7|7|7
48591,9,False,9,3,9,9|9|9|8|9|9|8|9|9|8
48595,9,False,9,10,8,8|8|8|8|8|8|8|8|8|8
48620,9,False,9,6,8,9|8|8|9|9|8|9|8|8|8
48629,9,False,9,9,8,8|0|0|8|8|8|8|8|8|9
48643,9,False,9,0,9,9|9|9|9|9|9|9|9|9|9
48644,9,False,9,1,9,9|9|9|8|9|9|9|9|9|9
48646,9,False,9,10,8,8|8|8|8|8|8|8|8|8|8
48651,9,False,9,1,9,9|9|9|8|9|9|9|9|9|9
48655,9,False,9,5,-1,8|9|9|8|8|8|8|9|9|9
48676,9,False,9,5,-1,8|9|9|8|9|8|9|9|8|8
48677,9,False,9,0,9,9|9|9|9|9|9|9|9|9|9
48707,9,False,9,4,9,9|8|9|8|9|8|8|9|9|9
48716,9,False,9,3,9,9|9|9|8|9|9|9|8|8|9
48725,9,False,9,3,9,9|8|9|9|9|9|9|8|8|9
48740,9,False,9,3,9,9|8|9|9|9|9|8|8|9|9
48741,9,False,9,1,9,9|9|9|9|9|9|8|9|9|9
48786,9,False,9,10,8,8|8|8|8|8|8|8|8|8|8
48790,9,False,9,0,9,9|9|9|9|9|9|9|9|9|9
48797,9,False,9,0,9,9|9|9|9|9|9|9|9|9|9
48803,9,False,9,10,8,8|8|8|8|8|8|8|8|8|2
48818,9,False,9,10,8,8|8|8|8|8|8|8|8|8|8
48833,9,False,9,1,9,9|9|9|9|9|9|9|8|9|9
48851,9,False,9,4,9,0|9|9|9|9|8|9|9|0|8
48852,9,False,9,1,9,9|9|9|9|9|9|9|9|7|9
48870,9,False,9,0,9,9|9|9|9|9|9|9|9|9|9
48871,9,False,9,9,8,8|9|8|8|8|8|8|8|8|8
48875,9,False,9,0,9,9|9|9|9|9|9|9|9|9|9
48877,9,False,9,0,9,9|9|9|9|9|9|9|9|9|9
48889,9,False,9,0,9,9|9|9|9|9|9|9|9|9|9
48908,9,False,9,2,9,9|6|9|1|9|9|9|9|9|9
48914,9,False,9,1,9,9|9|9|9|9|9|9|9|8|9
48945,9,False,9,0,9,9|9|9|9|9|9|9|9|9|9
48948,9,False,9,3,9,8|9|9|9|9|9|8|9|8|9
48954,9,False,9,1,9,9|9|9|8|9|9|9|9|9|9
48968,9,False,9,2,9,9|9|9|9|9|9|9|9|8|8
48978,9,False,9,5,9,8|9|9|9|8|0|8|8|9|9
48980,9,False,9,5,-1,8|8|9|8|8|9|9|9|8|9
48984,9,False,9,10,8,8|8|8|8|8|8|8|8|8|8
48997,9,False,9,0,9,9|9|9|9|9|9|9|9|9|9
49001,9,False,9,0,9,9|9|9|9|9|9|9|9|9|9
49016,9,False,9,0,9,9|9|9|9|9|9|9|9|9|9
49018,9,False,9,9,8,8|8|8|8|8|1|8|8|8|9
49026,9,False,9,0,9,9|9|9|9|9|9|9|9|9|9
49033,9,False,9,0,9,9|9|9|9|9|9|9|9|9|9
49034,9,False,9,5,-1,8|9|9|8|8|9|8|8|9|9
49043,9,False,9,7,8,9|8|8|8|9|9|8|8|8|8
49046,9,False,9,0,9,9|9|9|9|9|9|9|9|9|9
49053,9,False,9,10,8,8|8|8|8|8|8|8|8|8|8
49067,9,False,9,0,9,9|9|9|9|9|9|9|9|9|9
49069,9,False,9,9,8,8|8|8|8|8|8|9|8|8|8
49084,9,False,9,9,8,8|8|8|8|8|9|8|8|8|8
49089,9,False,9,1,9,9|9|9|9|9|9|9|8|9|9
49098,9,False,9,0,9,9|9|9|9|9|9|9|9|9|9
49119,9,False,9,0,9,9|9|9|9|9|9|9|9|9|9
49121,9,False,9,0,9,9|9|9|9|9|9|9|9|9|9
49134,9,False,9,0,9,9|9|9|9|9|9|9|9|9|9
49141,9,False,9,1,9,8|9|9|9|9|9|9|9|9|9
49147,9,False,9,4,9,9|8|8|8|9|9|9|8|9|9
49153,9,False,9,3,9,9|9|9|9|0|9|0|9|9|0
49159,9,False,9,3,9,9|9|9|8|9|9|8|9|9|8
49164,9,False,9,7,8,8|8|8|9|8|9|0|8|8|9
49165,9,False,9,0,9,9|9|9|9|9|9|9|9|9|9
49171,9,False,9,8,8,8|8|9|8|8|8|9|8|8|8
49172,9,False,9,0,9,9|9|9|9|9|9|9|9|9|9
49176,9,False,9,0,9,9|9|9|9|9|9|9|9|9|9
49177,9,False,9,1,9,9|9|9|9|9|9|9|9|8|9
49182,9,False,9,9,0,0|0|0|0|0|0|9|0|0|0
49200,9,False,9,6,9,9|8|0|9|0|6|9|9|0|2
49213,9,False,9,8,8,8|8|9|0|8|8|8|0|9|0
49227,9,False,9,8,8,9|8|8|8|9|8|8|6|8|8
49235,9,False,9,7,8,8|8|9|8|9|8|8|8|8|9
49239,9,False,9,4,9,8|8|9|8|9|9|8|9|9|9
49259,9,False,9,6,8,8|8|8|9|8|8|9|8|9|9
49260,9,False,9,0,9,9|9|9|9|9|9|9|9|9|9
49268,9,False,9,0,9,9|9|9|9|9|9|9|9|9|9
49273,9,False,9,0,9,9|9|9|9|9|9|9|9|9|9
49300,9,False,9,1,9,9|9|9|9|9|9|9|9|9|0
49301,9,False,9,0,9,9|9|9|9|9|9|9|9|9|9
49319,9,False,9,0,9,9|9|9|9|9|9|9|9|9|9
49326,9,False,9,0,9,9|9|9|9|9|9|9|9|9|9
49331,9,False,9,0,9,9|9|9|9|9|9|9|9|9|9
49340,9,False,9,10,8,8|8|8|8|8|8|8|8|8|8
49341,9,False,9,0,9,9|9|9|9|9|9|9|9|9|9
49355,9,False,9,3,9,9|8|9|8|0|9|9|9|9|9
49368,9,False,9,0,9,9|9|9|9|9|9|9|9|9|9
49409,9,False,9,10,4,8|4|4|4|4|4|8|2|4|5
49412,9,False,9,0,9,9|9|9|9|9|9|9|9|9|9
49435,9,False,9,0,9,9|9|9|9|9|9|9|9|9|9
49446,9,False,9,2,9,8|9|9|9|9|8|9|9|9|9
49464,9,False,9,0,9,9|9|9|9|9|9|9|9|9|9
49472,9,False,9,10,2,2|2|2|2|2|2|0|2|2|2
49486,9,False,9,8,8,8|8|8|8|8|8|9|8|9|8
49489,9,False,9,10,8,8|8|8|8|8|8|8|8|8|8
49505,9,False,9,0,9,9|9|9|9|9|9|9|9|9|9
49531,9,False,9,6,0,9|0|9|9|0|9|0|0|0|0
49534,9,False,9,6,8,9|9|8|9|8|8|9|8|8|8
49537,9,False,9,10,8,8|8|8|8|8|8|8|8|8|8
49549,9,False,9,0,9,9|9|9|9|9|9|9|9|9|9
49563,9,False,9,0,9,9|9|9|9|9|9|9|9|9|9
49570,9,False,9,0,9,9|9|9|9|9|9|9|9|9|9
49618,9,False,9,0,9,9|9|9|9|9|9|9|9|9|9
49631,9,False,9,8,8,8|8|8|8|8|9|8|8|8|9
49653,9,False,9,0,9,9|9|9|9|9|9|9|9|9|9
49693,9,False,9,8,0,0|0|0|0|0|0|9|0|9|0
49697,9,False,9,9,8,8|8|9|8|8|8|8|8|8|8
49704,9,False,9,2,9,9|9|9|9|9|9|8|9|9|8
49725,9,False,9,1,9,9|9|9|9|9|0|9|9|9|9
49735,9,False,9,6,8,8|9|9|9|8|8|9|8|8|8
49744,9,False,9,5,9,0|0|9|0|8|9|9|9|9|0
49745,9,False,9,1,9,9|9|9|9|9|8|9|9|9|9
49759,9,False,9,10,0,0|0|0|0|0|0|3|0|0|0
49775,9,False,9,0,9,9|9|9|9|9|9|9|9|9|9
49790,9,False,9,1,9,9|9|9|9|9|9|9|9|8|9
49791,9,False,9,0,9,9|9|9|9|9|9|9|9|9|9
49801,9,False,9,0,9,9|9|9|9|9|9|9|9|9|9
49810,9,False,9,6,8,8|8|8|8|8|9|9|8|9|9
49822,9,False,9,0,9,9|9|9|9|9|9|9|9|9|9
49824,9,False,9,5,-1,8|9|9|8|8|8|9|8|9|9
49834,9,False,9,0,9,9|9|9|9|9|9|9|9|9|9
49836,9,False,9,1,9,9|9|9|9|8|9|9|9|9|9
49837,9,False,9,1,9,9|9|9|9|8|9|9|9|9|9
49855,9,False,9,0,9,9|9|9|9|9|9|9|9|9|9
49867,9,False,9,1,9,9|9|9|9|9|9|8|9|9|9
49874,9,False,9,6,8,8|8|9|9|0|8|9|8|8|9
49907,9,False,9,0,9,9|9|9|9|9|9|9|9|9|9
49920,9,False,9,0,9,9|9|9|9|9|9|9|9|9|9
49921,9,False,9,10,8,8|8|8|8|8|8|8|8|8|8
49924,9,False,9,1,9,8|9|9|9|9|9|9|9|9|9
49929,9,False,9,4,9,8|8|9|9|9|9|8|8|9|9
49937,9,False,9,0,9,9|9|9|9|9|9|9|9|9|9
49945,9,False,9,8,8,8|8|9|8|8|8|8|8|8|9
49951,9,False,9,1,9,9|9|9|9|9|9|9|9|9|8
49960,9,False,9,0,9,9|9|9|9|9|9|9|9|9|9
49963,9,False,9,8,8,8|8|8|9|8|8|9|8|8|8
49967,9,False,9,0,9,9|9|9|9|9|9|9|9|9|9
49990,9,False,9,8,8,8|8|8|8|8|8|9|8|8|9
49991,9,False,9,0,9,9|9|9|9|9|9|9|9|9|9
