index,noisy_label,is_noisy,real_label,mistakes,label_pred,preds
7,0,False,0,5,0,8|1|0|0|2|0|0|8|0|8
11,0,False,0,10,2,1|1|2|2|2|2|3|3|2|1
33,0,False,0,0,0,0|0|0|0|0|0|0|0|0|0
36,0,False,0,4,0,9|9|0|0|9|0|0|9|0|0
39,0,False,0,0,0,0|0|0|0|0|0|0|0|0|0
40,0,False,0,9,1,1|1|1|1|1|1|1|0|1|1
67,0,False,0,0,0,0|0|0|0|0|0|0|0|0|0
68,0,False,0,0,0,0|0|0|0|0|0|0|0|0|0
74,0,False,0,0,0,0|0|0|0|0|0|0|0|0|0
85,0,False,0,1,0,0|0|0|0|0|0|0|8|0|0
86,0,False,0,10,8,8|8|8|8|8|8|8|8|8|8
101,0,False,0,0,0,0|0|0|0|0|0|0|0|0|0
122,0,False,0,7,-1,0|0|9|5|9|8|8|5|8|0
126,0,False,0,9,1,0|1|1|1|1|1|1|1|1|1
128,0,False,0,0,0,0|0|0|0|0|0|0|0|0|0
146,0,False,0,0,0,0|0|0|0|0|0|0|0|0|0
147,0,False,0,0,0,0|0|0|0|0|0|0|0|0|0
169,0,False,0,1,0,9|0|0|0|0|0|0|0|0|0
180,0,False,0,0,0,0|0|0|0|0|0|0|0|0|0
195,0,False,0,0,0,0|0|0|0|0|0|0|0|0|0
199,0,False,0,9,8,8|8|0|8|9|8|8|8|8|9
202,0,False,0,0,0,0|0|0|0|0|0|0|0|0|0
204,0,False,0,0,0,0|0|0|0|0|0|0|0|0|0
225,0,False,0,1,0,0|3|0|0|0|0|0|0|0|0
242,0,False,0,10,4,5|4|4|5|4|4|5|4|5|4
243,0,False,0,0,0,0|0|0|0|0|0|0|0|0|0
282,0,False,0,0,0,0|0|0|0|0|0|0|0|0|0
298,0,False,0,5,0,9|0|0|0|2|0|8|0|2|8
312,0,False,0,0,0,0|0|0|0|0|0|0|0|0|0
326,0,False,0,0,0,0|0|0|0|0|0|0|0|0|0
329,0,False,0,0,0,0|0|0|0|0|0|0|0|0|0
358,0,False,0,3,0,0|0|0|0|0|0|9|0|9|9
362,0,False,0,1,0,0|0|0|0|0|3|0|0|0|0
381,0,False,0,0,0,0|0|0|0|0|0|0|0|0|0
385,0,False,0,0,0,0|0|0|0|0|0|0|0|0|0
398,0,False,0,8,2,8|2|0|2|2|2|2|2|0|2
417,0,False,0,0,0,0|0|0|0|0|0|0|0|0|0
422,0,False,0,0,0,0|0|0|0|0|0|0|0|0|0
432,0,False,0,0,0,0|0|0|0|0|0|0|0|0|0
455,0,False,0,10,3,3|2|3|3|1|3|3|2|1|3
473,0,False,0,6,3,0|3|0|3|5|0|3|3|3|0
474,0,False,0,10,2,2|2|5|4|2|4|5|5|2|2
478,0,False,0,0,0,0|0|0|0|0|0|0|0|0|0
481,0,False,0,0,0,0|0|0|0|0|0|0|0|0|0
483,0,False,0,5,-1,8|0|0|0|0|8|8|0|8|8
497,0,False,0,0,0,0|0|0|0|0|0|0|0|0|0
510,0,False,0,10,4,4|4|5|4|4|4|4|4|4|4
511,0,False,0,0,0,0|0|0|0|0|0|0|0|0|0
523,0,False,0,10,3,1|3|3|3|7|5|1|7|3|1
537,0,False,0,0,0,0|0|0|0|0|0|0|0|0|0
541,0,False,0,0,0,0|0|0|0|0|0|0|0|0|0
547,0,False,0,0,0,0|0|0|0|0|0|0|0|0|0
586,0,False,0,3,0,0|9|0|9|0|0|0|8|0|0
601,0,False,0,0,0,0|0|0|0|0|0|0|0|0|0
625,0,False,0,4,0,8|0|0|0|8|8|8|0|0|0
631,0,False,0,0,0,0|0|0|0|0|0|0|0|0|0
634,0,False,0,0,0,0|0|0|0|0|0|0|0|0|0
646,0,False,0,6,8,0|8|9|0|8|8|8|0|0|8
649,0,False,0,1,0,0|0|0|0|3|0|0|0|0|0
651,0,False,0,0,0,0|0|0|0|0|0|0|0|0|0
653,0,False,0,2,0,0|8|0|0|0|0|0|0|0|8
658,0,False,0,7,1,1|1|1|0|0|1|1|0|1|1
666,0,False,0,0,0,0|0|0|0|0|0|0|0|0|0
668,0,False,0,6,0,1|0|1|3|9|0|0|0|5|1
688,0,False,0,1,0,0|0|0|0|0|0|2|0|0|0
692,0,False,0,1,0,0|0|0|0|0|0|0|2|0|0
709,0,False,0,6,8,8|0|8|0|0|8|8|0|8|8
714,0,False,0,9,3,3|3|3|3|3|3|3|0|3|3
738,0,False,0,0,0,0|0|0|0|0|0|0|0|0|0
740,0,False,0,0,0,0|0|0|0|0|0|0|0|0|0
741,0,False,0,10,1,5|1|1|1|1|1|1|1|1|1
765,0,False,0,3,0,0|0|2|0|3|0|0|9|0|0
783,0,False,0,2,0,0|0|0|0|2|0|0|2|0|0
784,0,False,0,0,0,0|0|0|0|0|0|0|0|0|0
809,0,False,0,9,2,8|2|2|2|2|8|2|2|0|2
811,0,False,0,8,1,1|1|1|1|1|0|1|1|0|1
823,0,False,0,0,0,0|0|0|0|0|0|0|0|0|0
840,0,False,0,2,0,0|0|0|4|0|0|0|1|0|0
844,0,False,0,2,0,0|0|0|0|0|0|3|0|3|0
851,0,False,0,1,0,0|0|0|0|0|0|0|2|0|0
863,0,False,0,9,4,4|4|4|2|0|4|4|4|2|2
876,0,False,0,1,0,0|0|6|0|0|0|0|0|0|0
877,0,False,0,0,0,0|0|0|0|0|0|0|0|0|0
893,0,False,0,6,1,0|1|0|0|0|1|1|1|1|1
913,0,False,0,0,0,0|0|0|0|0|0|0|0|0|0
916,0,False,0,0,0,0|0|0|0|0|0|0|0|0|0
917,0,False,0,0,0,0|0|0|0|0|0|0|0|0|0
932,0,False,0,2,0,0|0|0|7|0|0|0|0|0|7
937,0,False,0,1,0,0|0|0|0|0|0|0|0|9|0
947,0,False,0,0,0,0|0|0|0|0|0|0|0|0|0
956,0,False,0,0,0,0|0|0|0|0|0|0|0|0|0
973,0,False,0,1,0,0|0|0|0|0|0|0|8|0|0
976,0,False,0,0,0,0|0|0|0|0|0|0|0|0|0
981,0,False,0,0,0,0|0|0|0|0|0|0|0|0|0
991,0,False,0,2,0,2|0|0|0|0|0|0|0|2|0
997,0,False,0,0,0,0|0|0|0|0|0|0|0|0|0
1004,0,False,0,0,0,0|0|0|0|0|0|0|0|0|0
1010,0,False,0,10,1,1|1|1|1|1|1|1|1|1|1
1014,0,False,0,1,0,0|0|0|0|0|0|0|2|0|0
1022,0,False,0,9,-1,9|8|8|0|9|9|8|2|9|8
1036,0,False,0,1,0,0|0|0|0|0|0|8|0|0|0
1045,0,False,0,0,0,0|0|0|0|0|0|0|0|0|0
1049,0,False,0,0,0,0|0|0|0|0|0|0|0|0|0
1055,0,False,0,0,0,0|0|0|0|0|0|0|0|0|0
1072,0,False,0,0,0,0|0|0|0|0|0|0|0|0|0
1084,0,False,0,3,0,0|0|0|0|8|0|8|9|0|0
1103,0,False,0,10,1,2|1|1|1|2|1|1|2|1|1
1107,0,False,0,8,1,1|0|1|1|1|1|1|0|1|1
1111,0,False,0,9,9,9|8|9|9|9|9|9|0|9|9
1114,0,False,0,0,0,0|0|0|0|0|0|0|0|0|0
1128,0,False,0,0,0,0|0|0|0|0|0|0|0|0|0
1129,0,False,0,10,1,1|2|1|1|4|1|1|1|1|1
1130,0,False,0,0,0,0|0|0|0|0|0|0|0|0|0
1140,0,False,0,0,0,0|0|0|0|0|0|0|0|0|0
1152,0,False,0,6,-1,5|0|0|5|0|8|0|4|5|5
1166,0,False,0,1,0,0|0|0|0|0|0|0|8|0|0
1199,0,False,0,1,0,3|0|0|0|0|0|0|0|0|0
1233,0,False,0,3,0,0|0|1|0|0|0|1|1|0|0
1237,0,False,0,4,0,2|0|0|0|2|2|0|0|2|0
1247,0,False,0,1,0,0|0|0|0|0|8|0|0|0|0
1252,0,False,0,4,0,0|0|5|0|5|0|0|0|1|1
1287,0,False,0,0,0,0|0|0|0|0|0|0|0|0|0
1299,0,False,0,6,0,5|0|0|1|5|0|1|2|1|0
1306,0,False,0,0,0,0|0|0|0|0|0|0|0|0|0
1307,0,False,0,7,3,3|3|3|3|9|0|0|0|3|9
1310,0,False,0,0,0,0|0|0|0|0|0|0|0|0|0
1315,0,False,0,0,0,0|0|0|0|0|0|0|0|0|0
1330,0,False,0,10,8,9|8|8|9|8|9|8|8|8|8
1335,0,False,0,2,0,0|0|9|0|0|0|0|0|9|0
1350,0,False,0,10,8,9|8|8|8|8|8|8|8|8|9
1384,0,False,0,0,0,0|0|0|0|0|0|0|0|0|0
1391,0,False,0,10,1,1|1|1|1|1|1|1|1|1|1
1399,0,False,0,0,0,0|0|0|0|0|0|0|0|0|0
1406,0,False,0,1,0,0|0|0|0|0|0|0|9|0|0
1431,0,False,0,10,8,8|8|8|8|8|8|8|8|8|8
1442,0,False,0,4,0,0|1|0|0|1|1|0|1|0|0
1443,0,False,0,0,0,0|0|0|0|0|0|0|0|0|0
1448,0,False,0,0,0,0|0|0|0|0|0|0|0|0|0
1474,0,False,0,10,3,3|3|3|3|3|3|3|3|3|3
1477,0,False,0,10,1,1|1|1|1|1|1|1|1|1|1
1489,0,False,0,1,0,0|0|0|0|0|0|0|1|0|0
1497,0,False,0,1,0,0|0|0|0|0|0|0|0|0|2
1521,0,False,0,0,0,0|0|0|0|0|0|0|0|0|0
1533,0,False,0,0,0,0|0|0|0|0|0|0|0|0|0
1553,0,False,0,3,0,1|0|0|0|0|0|1|2|0|0
1554,0,False,0,0,0,0|0|0|0|0|0|0|0|0|0
1556,0,False,0,0,0,0|0|0|0|0|0|0|0|0|0
1557,0,False,0,1,0,0|8|0|0|0|0|0|0|0|0
1558,0,False,0,4,0,8|0|0|9|0|8|0|0|9|0
1563,0,False,0,8,1,1|0|5|3|0|1|1|1|5|1
1564,0,False,0,0,0,0|0|0|0|0|0|0|0|0|0
1568,0,False,0,4,0,0|8|0|1|1|0|0|5|0|0
1578,0,False,0,0,0,0|0|0|0|0|0|0|0|0|0
1583,0,False,0,0,0,0|0|0|0|0|0|0|0|0|0
1586,0,False,0,1,0,0|0|0|0|0|1|0|0|0|0
1587,0,False,0,0,0,0|0|0|0|0|0|0|0|0|0
1601,0,False,0,0,0,0|0|0|0|0|0|0|0|0|0
1615,0,False,0,9,1,1|1|1|1|0|2|1|1|2|2
1617,0,False,0,1,0,2|0|0|0|0|0|0|0|0|0
1619,0,False,0,0,0,0|0|0|0|0|0|0|0|0|0
1626,0,False,0,3,0,0|2|0|0|0|0|2|2|0|0
1649,0,False,0,0,0,0|0|0|0|0|0|0|0|0|0
1654,0,False,0,0,0,0|0|0|0|0|0|0|0|0|0
1664,0,False,0,0,0,0|0|0|0|0|0|0|0|0|0
1666,0,False,0,10,2,2|2|2|2|2|2|2|2|2|2
1678,0,False,0,0,0,0|0|0|0|0|0|0|0|0|0
1686,0,False,0,0,0,0|0|0|0|0|0|0|0|0|0
1695,0,False,0,4,0,0|0|0|2|0|3|2|0|2|0
1716,0,False,0,10,1,1|1|1|1|1|1|1|1|1|1
1721,0,False,0,4,0,1|0|0|1|1|0|0|2|0|0
1725,0,False,0,10,3,3|3|3|3|3|3|3|3|3|3
1753,0,False,0,6,0,9|1|1|0|0|6|0|8|0|9
1759,0,False,0,0,0,0|0|0|0|0|0|0|0|0|0
1763,0,False,0,7,1,1|1|0|0|1|1|0|1|1|1
1768,0,False,0,0,0,0|0|0|0|0|0|0|0|0|0
1778,0,False,0,0,0,0|0|0|0|0|0|0|0|0|0
1781,0,False,0,0,0,0|0|0|0|0|0|0|0|0|0
1795,0,False,0,0,0,0|0|0|0|0|0|0|0|0|0
1802,0,False,0,0,0,0|0|0|0|0|0|0|0|0|0
1817,0,False,0,9,8,8|8|8|8|0|8|8|8|8|8
1819,0,False,0,2,0,0|0|8|0|0|0|8|0|0|0
1823,0,False,0,1,0,0|0|0|0|0|0|0|0|0|9
1826,0,False,0,0,0,0|0|0|0|0|0|0|0|0|0
1832,0,False,0,0,0,0|0|0|0|0|0|0|0|0|0
1836,0,False,0,0,0,0|0|0|0|0|0|0|0|0|0
1847,0,False,0,0,0,0|0|0|0|0|0|0|0|0|0
1848,0,False,0,5,0,0|0|0|8|8|8|0|3|0|1
1849,0,False,0,0,0,0|0|0|0|0|0|0|0|0|0
1854,0,False,0,10,1,2|2|2|1|1|1|1|1|1|1
1861,0,False,0,0,0,0|0|0|0|0|0|0|0|0|0
1865,0,False,0,6,6,0|0|6|6|7|6|0|6|0|6
1867,0,False,0,0,0,0|0|0|0|0|0|0|0|0|0
1868,0,False,0,10,2,2|7|2|2|3|2|2|5|2|3
1884,0,False,0,2,0,0|0|0|0|1|0|0|1|0|0
1891,0,False,0,2,0,0|0|0|0|3|0|0|0|0|2
1893,0,False,0,0,0,0|0|0|0|0|0|0|0|0|0
1943,0,False,0,0,0,0|0|0|0|0|0|0|0|0|0
1947,0,False,0,3,0,0|2|0|0|3|0|3|0|0|0
1950,0,False,0,2,0,1|0|1|0|0|0|0|0|0|0
1951,0,False,0,3,0,0|0|8|0|0|0|8|2|0|0
1954,0,False,0,0,0,0|0|0|0|0|0|0|0|0|0
1958,0,False,0,8,8,1|0|8|0|8|8|1|8|8|8
1969,0,False,0,4,0,3|0|2|3|0|0|0|3|0|0
1976,0,False,0,0,0,0|0|0|0|0|0|0|0|0|0
1981,0,False,0,0,0,0|0|0|0|0|0|0|0|0|0
1989,0,False,0,0,0,0|0|0|0|0|0|0|0|0|0
1996,0,False,0,2,0,0|0|0|0|0|0|0|9|0|8
1999,0,False,0,10,3,3|1|2|1|3|2|2|1|3|3
2017,0,False,0,7,8,8|8|8|8|0|8|8|0|0|8
2046,0,False,0,7,8,8|8|8|0|8|8|0|9|8|0
2061,0,False,0,2,0,0|0|0|2|0|0|2|0|0|0
2064,0,False,0,0,0,0|0|0|0|0|0|0|0|0|0
2068,0,False,0,10,2,4|4|1|8|2|2|2|3|5|8
2078,0,False,0,10,6,6|6|6|6|3|6|6|6|6|6
2085,0,False,0,9,1,1|1|1|1|1|3|3|0|1|1
2091,0,False,0,0,0,0|0|0|0|0|0|0|0|0|0
2096,0,False,0,0,0,0|0|0|0|0|0|0|0|0|0
2099,0,False,0,1,0,0|0|0|0|0|9|0|0|0|0
2106,0,False,0,2,0,0|0|4|0|0|4|0|0|0|0
2117,0,False,0,0,0,0|0|0|0|0|0|0|0|0|0
2164,0,False,0,0,0,0|0|0|0|0|0|0|0|0|0
2180,0,False,0,2,0,2|0|0|0|0|0|8|0|0|0
2195,0,False,0,0,0,0|0|0|0|0|0|0|0|0|0
2212,0,False,0,1,0,0|0|0|0|0|8|0|0|0|0
2215,0,False,0,0,0,0|0|0|0|0|0|0|0|0|0
2231,0,False,0,0,0,0|0|0|0|0|0|0|0|0|0
2237,0,False,0,5,0,1|9|0|0|0|0|1|9|0|2
2243,0,False,0,7,1,0|1|1|0|1|3|1|0|1|1
2249,0,False,0,0,0,0|0|0|0|0|0|0|0|0|0
2261,0,False,0,0,0,0|0|0|0|0|0|0|0|0|0
2265,0,False,0,6,0,0|3|3|1|0|2|3|1|0|0
2267,0,False,0,1,0,2|0|0|0|0|0|0|0|0|0
2272,0,False,0,9,5,0|5|5|4|4|4|4|5|5|5
2281,0,False,0,1,0,0|0|0|0|0|0|0|0|8|0
2285,0,False,0,6,0,0|9|6|0|9|0|6|9|6|0
2305,0,False,0,7,9,9|9|0|9|0|9|9|0|9|9
2357,0,False,0,0,0,0|0|0|0|0|0|0|0|0|0
2363,0,False,0,0,0,0|0|0|0|0|0|0|0|0|0
2379,0,False,0,0,0,0|0|0|0|0|0|0|0|0|0
2382,0,False,0,10,2,3|3|2|2|2|2|2|8|2|2
2388,0,False,0,10,1,1|1|1|1|1|1|1|1|1|1
2414,0,False,0,0,0,0|0|0|0|0|0|0|0|0|0
2434,0,False,0,4,0,0|2|0|0|0|2|0|2|0|4
2436,0,False,0,0,0,0|0|0|0|0|0|0|0|0|0
2438,0,False,0,10,5,5|5|5|4|1|1|1|3|5|5
2443,0,False,0,0,0,0|0|0|0|0|0|0|0|0|0
2449,0,False,0,1,0,0|0|0|0|5|0|0|0|0|0
2454,0,False,0,2,0,0|0|0|4|0|0|0|0|0|2
2458,0,False,0,0,0,0|0|0|0|0|0|0|0|0|0
2469,0,False,0,1,0,2|0|0|0|0|0|0|0|0|0
2483,0,False,0,9,1,1|1|1|0|1|1|1|1|1|1
2486,0,False,0,1,0,0|0|0|0|0|0|0|0|8|0
2506,0,False,0,0,0,0|0|0|0|0|0|0|0|0|0
2538,0,False,0,9,8,0|8|8|8|8|8|8|8|8|8
2544,0,False,0,10,1,1|1|1|1|1|1|1|1|1|1
2563,0,False,0,0,0,0|0|0|0|0|0|0|0|0|0
2571,0,False,0,0,0,0|0|0|0|0|0|0|0|0|0
2580,0,False,0,9,3,2|3|2|3|2|2|3|0|3|3
2581,0,False,0,0,0,0|0|0|0|0|0|0|0|0|0
2596,0,False,0,7,1,1|1|1|0|0|1|1|0|1|1
2600,0,False,0,3,0,0|4|4|0|0|0|0|0|0|4
2604,0,False,0,1,0,0|0|0|0|0|0|0|0|0|3
2608,0,False,0,0,0,0|0|0|0|0|0|0|0|0|0
2610,0,False,0,0,0,0|0|0|0|0|0|0|0|0|0
2617,0,False,0,1,0,0|0|0|0|0|0|0|0|3|0
2624,0,False,0,2,0,0|0|3|0|0|0|0|0|0|2
2656,0,False,0,1,0,0|1|0|0|0|0|0|0|0|0
2657,0,False,0,6,9,9|0|9|9|9|0|0|9|0|9
2663,0,False,0,0,0,0|0|0|0|0|0|0|0|0|0
2666,0,False,0,0,0,0|0|0|0|0|0|0|0|0|0
2679,0,False,0,1,0,0|0|0|0|0|0|0|0|8|0
2680,0,False,0,3,0,0|9|0|0|8|0|0|9|0|0
2682,0,False,0,7,8,0|8|8|8|0|0|8|9|8|9
2687,0,False,0,4,0,0|0|0|1|0|0|0|1|1|1
2693,0,False,0,0,0,0|0|0|0|0|0|0|0|0|0
2712,0,False,0,0,0,0|0|0|0|0|0|0|0|0|0
2722,0,False,0,0,0,0|0|0|0|0|0|0|0|0|0
2723,0,False,0,0,0,0|0|0|0|0|0|0|0|0|0
2728,0,False,0,7,4,0|4|4|0|4|0|4|4|4|4
2734,0,False,0,3,0,0|0|8|0|0|8|0|9|0|0
2738,0,False,0,0,0,0|0|0|0|0|0|0|0|0|0
2744,0,False,0,0,0,0|0|0|0|0|0|0|0|0|0
2751,0,False,0,0,0,0|0|0|0|0|0|0|0|0|0
2761,0,False,0,2,0,0|0|0|0|0|0|1|9|0|0
2770,0,False,0,10,7,6|7|4|7|7|6|7|7|6|7
2819,0,False,0,9,8,2|8|8|8|0|8|8|1|8|8
2838,0,False,0,4,0,0|0|2|7|0|7|2|0|0|0
2857,0,False,0,0,0,0|0|0|0|0|0|0|0|0|0
2879,0,False,0,0,0,0|0|0|0|0|0|0|0|0|0
2908,0,False,0,10,8,8|8|8|8|9|9|8|6|8|8
2916,0,False,0,10,5,5|1|1|5|8|2|5|6|2|3
2917,0,False,0,4,0,0|8|0|0|0|8|8|8|0|0
2918,0,False,0,0,0,0|0|0|0|0|0|0|0|0|0
2923,0,False,0,0,0,0|0|0|0|0|0|0|0|0|0
2925,0,False,0,0,0,0|0|0|0|0|0|0|0|0|0
2932,0,False,0,0,0,0|0|0|0|0|0|0|0|0|0
2935,0,False,0,0,0,0|0|0|0|0|0|0|0|0|0
2942,0,False,0,0,0,0|0|0|0|0|0|0|0|0|0
2961,0,False,0,3,0,0|0|0|2|8|0|0|8|0|0
2980,0,False,0,9,5,1|5|2|2|5|1|3|5|0|5
2982,0,False,0,4,0,3|0|3|0|0|0|3|0|0|3
2996,0,False,0,10,1,1|1|1|1|1|1|1|1|1|1
2998,0,False,0,0,0,0|0|0|0|0|0|0|0|0|0
3015,0,False,0,10,8,8|8|8|8|8|8|8|8|8|8
3023,0,False,0,0,0,0|0|0|0|0|0|0|0|0|0
3034,0,False,0,0,0,0|0|0|0|0|0|0|0|0|0
3040,0,False,0,0,0,0|0|0|0|0|0|0|0|0|0
3042,0,False,0,10,9,6|2|9|6|8|8|9|9|9|6
3045,0,False,0,0,0,0|0|0|0|0|0|0|0|0|0
3071,0,False,0,0,0,0|0|0|0|0|0|0|0|0|0
3074,0,False,0,0,0,0|0|0|0|0|0|0|0|0|0
3096,0,False,0,0,0,0|0|0|0|0|0|0|0|0|0
3100,0,False,0,0,0,0|0|0|0|0|0|0|0|0|0
3107,0,False,0,4,0,0|1|1|0|0|1|0|1|0|0
3108,0,False,0,0,0,0|0|0|0|0|0|0|0|0|0
3123,0,False,0,0,0,0|0|0|0|0|0|0|0|0|0
3137,0,False,0,0,0,0|0|0|0|0|0|0|0|0|0
3154,0,False,0,0,0,0|0|0|0|0|0|0|0|0|0
3164,0,False,0,0,0,0|0|0|0|0|0|0|0|0|0
3170,0,False,0,9,8,0|8|8|8|8|8|8|8|8|8
3184,0,False,0,5,0,0|2|2|0|0|2|1|0|2|0
3195,0,False,0,6,8,0|8|0|0|0|8|8|8|8|8
3196,0,False,0,5,0,1|1|1|0|0|3|0|3|0|0
3223,0,False,0,1,0,0|0|0|0|0|1|0|0|0|0
3232,0,False,0,0,0,0|0|0|0|0|0|0|0|0|0
3233,0,False,0,0,0,0|0|0|0|0|0|0|0|0|0
3254,0,False,0,9,2,2|2|0|2|8|2|2|2|2|2
3264,0,False,0,6,8,0|0|0|8|0|8|8|8|2|8
3268,0,False,0,1,0,0|0|0|3|0|0|0|0|0|0
3279,0,False,0,0,0,0|0|0|0|0|0|0|0|0|0
3282,0,False,0,5,-1,9|9|9|0|0|0|0|9|9|0
3290,0,False,0,0,0,0|0|0|0|0|0|0|0|0|0
3291,0,False,0,10,1,1|1|2|1|1|1|1|1|1|1
3305,0,False,0,10,8,8|9|8|8|8|8|8|9|8|9
3318,0,False,0,0,0,0|0|0|0|0|0|0|0|0|0
3324,0,False,0,10,1,1|1|1|1|1|1|1|1|1|1
3357,0,False,0,5,-1,1|0|0|0|0|0|1|1|1|1
3360,0,False,0,0,0,0|0|0|0|0|0|0|0|0|0
3365,0,False,0,0,0,0|0|0|0|0|0|0|0|0|0
3378,0,False,0,10,4,1|3|5|1|4|4|4|4|4|4
3379,0,False,0,0,0,0|0|0|0|0|0|0|0|0|0
3386,0,False,0,1,0,0|0|4|0|0|0|0|0|0|0
3394,0,False,0,0,0,0|0|0|0|0|0|0|0|0|0
3429,0,False,0,6,0,0|0|2|0|8|9|2|8|0|2
3432,0,False,0,0,0,0|0|0|0|0|0|0|0|0|0
3436,0,False,0,9,8,2|0|8|8|8|8|8|8|8|8
3448,0,False,0,0,0,0|0|0|0|0|0|0|0|0|0
3463,0,False,0,8,8,1|8|8|2|0|0|8|1|8|8
3465,0,False,0,0,0,0|0|0|0|0|0|0|0|0|0
3467,0,False,0,0,0,0|0|0|0|0|0|0|0|0|0
3468,0,False,0,1,0,0|0|0|9|0|0|0|0|0|0
3476,0,False,0,10,8,8|8|8|8|9|8|8|8|8|8
3509,0,False,0,1,0,0|0|0|0|0|0|8|0|0|0
3512,0,False,0,0,0,0|0|0|0|0|0|0|0|0|0
3513,0,False,0,10,5,5|5|2|5|5|5|2|5|3|5
3517,0,False,0,8,8,0|8|8|8|2|0|8|8|8|8
3547,0,False,0,1,0,0|3|0|0|0|0|0|0|0|0
3550,0,False,0,1,0,2|0|0|0|0|0|0|0|0|0
3551,0,False,0,0,0,0|0|0|0|0|0|0|0|0|0
3554,0,False,0,10,8,8|8|4|5|8|1|8|8|9|7
3563,0,False,0,0,0,0|0|0|0|0|0|0|0|0|0
3577,0,False,0,7,8,8|0|8|8|0|8|8|8|8|0
3587,0,False,0,3,0,0|8|8|0|0|0|0|0|0|8
3590,0,False,0,0,0,0|0|0|0|0|0|0|0|0|0
3605,0,False,0,8,8,0|8|8|8|8|0|8|8|8|8
3613,0,False,0,6,8,8|9|8|0|0|0|0|8|8|8
3640,0,False,0,2,0,0|0|0|1|0|0|1|0|0|0
3653,0,False,0,0,0,0|0|0|0|0|0|0|0|0|0
3658,0,False,0,1,0,1|0|0|0|0|0|0|0|0|0
3659,0,False,0,0,0,0|0|0|0|0|0|0|0|0|0
3663,0,False,0,0,0,0|0|0|0|0|0|0|0|0|0
3669,0,False,0,0,0,0|0|0|0|0|0|0|0|0|0
3678,0,False,0,10,5,5|5|5|5|5|5|5|5|5|5
3679,0,False,0,3,0,0|0|0|0|0|2|0|0|2|2
3684,0,False,0,10,9,9|9|8|8|9|9|8|9|9|8
3700,0,False,0,7,3,0|0|3|0|3|3|3|3|3|3
3709,0,False,0,9,9,9|9|9|9|0|9|9|9|9|9
3720,0,False,0,10,1,1|1|1|1|1|1|1|1|1|1
3723,0,False,0,2,0,0|0|0|0|0|0|0|7|0|8
3729,0,False,0,2,0,0|2|0|0|0|0|0|2|0|0
3737,0,False,0,1,0,0|0|0|0|1|0|0|0|0|0
3752,0,False,0,0,0,0|0|0|0|0|0|0|0|0|0
3780,0,False,0,3,0,0|8|8|0|0|0|0|9|0|0
3783,0,False,0,10,5,5|7|5|5|5|5|5|7|5|5
3796,0,False,0,2,0,2|0|0|2|0|0|0|0|0|0
3802,0,False,0,4,0,1|1|1|1|0|0|0|0|0|0
3809,0,False,0,0,0,0|0|0|0|0|0|0|0|0|0
3862,0,False,0,6,3,3|0|0|2|3|3|3|3|0|0
3877,0,False,0,9,2,2|2|2|2|0|2|2|2|2|2
3882,0,False,0,0,0,0|0|0|0|0|0|0|0|0|0
3884,0,False,0,0,0,0|0|0|0|0|0|0|0|0|0
3888,0,False,0,0,0,0|0|0|0|0|0|0|0|0|0
3890,0,False,0,10,8,8|9|8|9|8|8|8|9|8|8
3900,0,False,0,3,0,1|0|0|0|0|0|1|1|0|0
3924,0,False,0,2,0,0|0|0|0|0|0|6|0|0|3
3932,0,False,0,7,1,1|1|1|0|0|0|3|1|1|1
3955,0,False,0,10,3,3|1|1|3|1|3|3|1|3|3
3957,0,False,0,1,0,8|0|0|0|0|0|0|0|0|0
3973,0,False,0,10,8,8|8|8|8|9|8|8|9|8|8
3986,0,False,0,10,8,8|4|2|9|2|8|8|8|8|8
3989,0,False,0,9,8,8|0|8|8|8|2|8|8|8|4
4017,0,False,0,10,9,9|8|8|8|9|8|9|9|9|9
4025,0,False,0,0,0,0|0|0|0|0|0|0|0|0|0
4030,0,False,0,1,0,0|0|2|0|0|0|0|0|0|0
4046,0,False,0,0,0,0|0|0|0|0|0|0|0|0|0
4048,0,False,0,4,0,0|2|0|0|0|2|2|0|2|0
4054,0,False,0,0,0,0|0|0|0|0|0|0|0|0|0
4059,0,False,0,3,0,0|8|0|9|0|0|8|0|0|0
4062,0,False,0,0,0,0|0|0|0|0|0|0|0|0|0
4064,0,False,0,0,0,0|0|0|0|0|0|0|0|0|0
4067,0,False,0,10,9,9|9|9|8|2|9|9|6|9|9
4070,0,False,0,10,1,1|1|1|1|1|1|1|1|1|1
4090,0,False,0,0,0,0|0|0|0|0|0|0|0|0|0
4092,0,False,0,1,0,9|0|0|0|0|0|0|0|0|0
4100,0,False,0,5,-1,7|0|0|7|0|0|7|7|7|0
4104,0,False,0,8,1,4|1|1|1|1|0|1|1|4|0
4105,0,False,0,1,0,0|1|0|0|0|0|0|0|0|0
4109,0,False,0,0,0,0|0|0|0|0|0|0|0|0|0
4130,0,False,0,0,0,0|0|0|0|0|0|0|0|0|0
4133,0,False,0,5,-1,1|1|0|0|1|1|1|0|0|0
4140,0,False,0,9,6,6|6|4|6|6|6|0|6|6|6
4143,0,False,0,0,0,0|0|0|0|0|0|0|0|0|0
4145,0,False,0,1,0,0|1|0|0|0|0|0|0|0|0
4155,0,False,0,0,0,0|0|0|0|0|0|0|0|0|0
4161,0,False,0,5,0,3|0|3|3|0|3|0|0|0|1
4172,0,False,0,0,0,0|0|0|0|0|0|0|0|0|0
4175,0,False,0,1,0,0|7|0|0|0|0|0|0|0|0
4177,0,False,0,5,-1,0|1|0|0|0|0|1|1|1|1
4201,0,False,0,0,0,0|0|0|0|0|0|0|0|0|0
4205,0,False,0,0,0,0|0|0|0|0|0|0|0|0|0
4213,0,False,0,10,1,1|3|1|1|1|1|1|1|1|1
4265,0,False,0,1,0,0|8|0|0|0|0|0|0|0|0
4279,0,False,0,0,0,0|0|0|0|0|0|0|0|0|0
4293,0,False,0,0,0,0|0|0|0|0|0|0|0|0|0
4297,0,False,0,0,0,0|0|0|0|0|0|0|0|0|0
4300,0,False,0,0,0,0|0|0|0|0|0|0|0|0|0
4304,0,False,0,9,3,3|3|8|3|3|3|3|0|3|3
4324,0,False,0,0,0,0|0|0|0|0|0|0|0|0|0
4331,0,False,0,2,0,0|1|0|0|0|0|0|0|1|0
4333,0,False,0,3,0,0|0|0|1|0|1|0|5|0|0
4344,0,False,0,0,0,0|0|0|0|0|0|0|0|0|0
4360,0,False,0,1,0,0|0|0|0|0|0|0|2|0|0
4385,0,False,0,1,0,0|0|0|0|0|0|2|0|0|0
4400,0,False,0,2,0,0|0|0|0|0|1|0|0|0|1
4403,0,False,0,0,0,0|0|0|0|0|0|0|0|0|0
4404,0,False,0,0,0,0|0|0|0|0|0|0|0|0|0
4407,0,False,0,9,4,2|4|0|8|4|4|4|4|4|9
4413,0,False,0,0,0,0|0|0|0|0|0|0|0|0|0
4414,0,False,0,0,0,0|0|0|0|0|0|0|0|0|0
4416,0,False,0,0,0,0|0|0|0|0|0|0|0|0|0
4429,0,False,0,0,0,0|0|0|0|0|0|0|0|0|0
4437,0,False,0,0,0,0|0|0|0|0|0|0|0|0|0
4447,0,False,0,0,0,0|0|0|0|0|0|0|0|0|0
4451,0,False,0,4,0,0|1|0|1|1|0|0|1|0|0
4464,0,False,0,6,1,1|0|1|0|1|1|1|0|1|0
4481,0,False,0,0,0,0|0|0|0|0|0|0|0|0|0
4482,0,False,0,0,0,0|0|0|0|0|0|0|0|0|0
4488,0,False,0,10,7,7|6|7|7|7|7|7|2|7|7
4507,0,False,0,0,0,0|0|0|0|0|0|0|0|0|0
4512,0,False,0,0,0,0|0|0|0|0|0|0|0|0|0
4521,0,False,0,6,1,1|0|1|0|0|1|1|0|1|1
4523,0,False,0,0,0,0|0|0|0|0|0|0|0|0|0
4525,0,False,0,3,0,0|0|9|0|0|8|0|0|8|0
4530,0,False,0,0,0,0|0|0|0|0|0|0|0|0|0
4531,0,False,0,10,1,1|1|5|4|1|1|1|1|5|1
4548,0,False,0,0,0,0|0|0|0|0|0|0|0|0|0
4549,0,False,0,2,0,0|0|0|0|0|0|3|0|0|1
4562,0,False,0,3,0,0|0|0|0|8|0|0|9|0|9
4564,0,False,0,9,1,1|1|1|1|0|1|1|1|1|1
4568,0,False,0,10,9,9|9|9|9|8|9|8|9|9|8
4576,0,False,0,0,0,0|0|0|0|0|0|0|0|0|0
4581,0,False,0,0,0,0|0|0|0|0|0|0|0|0|0
4602,0,False,0,1,0,0|0|0|0|0|0|0|8|0|0
4604,0,False,0,0,0,0|0|0|0|0|0|0|0|0|0
4622,0,False,0,1,0,0|0|0|0|0|0|0|6|0|0
4643,0,False,0,0,0,0|0|0|0|0|0|0|0|0|0
4648,0,False,0,1,0,0|0|0|0|0|8|0|0|0|0
4652,0,False,0,0,0,0|0|0|0|0|0|0|0|0|0
4656,0,False,0,10,-1,7|7|6|6|7|6|6|7|6|7
4659,0,False,0,0,0,0|0|0|0|0|0|0|0|0|0
4689,0,False,0,10,5,5|5|5|5|5|5|5|5|5|5
4690,0,False,0,0,0,0|0|0|0|0|0|0|0|0|0
4692,0,False,0,2,0,0|0|0|0|0|8|0|8|0|0
4697,0,False,0,0,0,0|0|0|0|0|0|0|0|0|0
4705,0,False,0,4,0,8|0|0|0|9|0|9|8|0|0
4707,0,False,0,9,2,2|2|2|3|0|3|2|3|1|2
4708,0,False,0,0,0,0|0|0|0|0|0|0|0|0|0
4710,0,False,0,0,0,0|0|0|0|0|0|0|0|0|0
4720,0,False,0,0,0,0|0|0|0|0|0|0|0|0|0
4737,0,False,0,10,2,2|5|2|1|3|5|2|2|3|2
4757,0,False,0,0,0,0|0|0|0|0|0|0|0|0|0
4770,0,False,0,8,3,3|0|0|3|3|3|3|3|3|3
4774,0,False,0,0,0,0|0|0|0|0|0|0|0|0|0
4790,0,False,0,0,0,0|0|0|0|0|0|0|0|0|0
4813,0,False,0,8,2,2|2|2|1|0|4|2|0|2|2
4831,0,False,0,0,0,0|0|0|0|0|0|0|0|0|0
4851,0,False,0,0,0,0|0|0|0|0|0|0|0|0|0
4857,0,False,0,0,0,0|0|0|0|0|0|0|0|0|0
4865,0,False,0,0,0,0|0|0|0|0|0|0|0|0|0
4881,0,False,0,10,9,9|9|2|9|3|2|9|2|9|9
4882,0,False,0,0,0,0|0|0|0|0|0|0|0|0|0
4915,0,False,0,0,0,0|0|0|0|0|0|0|0|0|0
4925,0,False,0,0,0,0|0|0|0|0|0|0|0|0|0
4930,0,False,0,0,0,0|0|0|0|0|0|0|0|0|0
4935,0,False,0,10,1,1|1|1|1|1|1|1|1|1|1
4944,0,False,0,0,0,0|0|0|0|0|0|0|0|0|0
4946,0,False,0,0,0,0|0|0|0|0|0|0|0|0|0
4954,0,False,0,0,0,0|0|0|0|0|0|0|0|0|0
4974,0,False,0,10,3,3|3|3|3|1|3|3|3|1|3
4989,0,False,0,10,4,4|4|9|4|4|4|4|4|4|4
5003,0,False,0,1,0,0|0|0|0|1|0|0|0|0|0
5008,0,False,0,0,0,0|0|0|0|0|0|0|0|0|0
5013,0,False,0,0,0,0|0|0|0|0|0|0|0|0|0
5018,0,False,0,8,8,8|8|8|0|0|8|8|8|8|8
5038,0,False,0,0,0,0|0|0|0|0|0|0|0|0|0
5044,0,False,0,10,8,9|8|8|8|8|8|8|9|8|8
5053,0,False,0,2,0,0|0|0|0|0|0|0|9|0|9
5089,0,False,0,10,2,2|2|2|3|2|2|2|2|2|2
5101,0,False,0,2,0,0|0|0|0|0|0|0|2|0|8
5128,0,False,0,2,0,0|0|0|0|8|0|0|0|8|0
5151,0,False,0,0,0,0|0|0|0|0|0|0|0|0|0
5175,0,False,0,0,0,0|0|0|0|0|0|0|0|0|0
5186,0,False,0,0,0,0|0|0|0|0|0|0|0|0|0
5195,0,False,0,9,9,3|9|1|9|9|9|0|9|1|1
5196,0,False,0,7,3,3|3|3|0|0|3|3|0|3|3
5207,0,False,0,0,0,0|0|0|0|0|0|0|0|0|0
5235,0,False,0,5,-1,8|0|0|0|0|8|0|8|8|8
5240,0,False,0,0,0,0|0|0|0|0|0|0|0|0|0
5246,0,False,0,8,1,1|3|1|1|0|1|3|1|2|0
5256,0,False,0,10,5,5|5|5|5|5|5|5|5|5|5
5272,0,False,0,0,0,0|0|0|0|0|0|0|0|0|0
5276,0,False,0,6,0,0|3|0|1|3|5|5|0|5|0
5281,0,False,0,10,4,4|1|4|1|5|4|4|5|4|4
5314,0,False,0,0,0,0|0|0|0|0|0|0|0|0|0
5319,0,False,0,4,0,8|0|0|8|0|0|8|0|8|0
5321,0,False,0,0,0,0|0|0|0|0|0|0|0|0|0
5325,0,False,0,0,0,0|0|0|0|0|0|0|0|0|0
5337,0,False,0,7,3,2|3|3|0|0|3|3|3|0|2
5348,0,False,0,2,0,0|0|0|0|8|0|0|0|8|0
5351,0,False,0,3,0,0|0|0|2|0|0|3|0|2|0
5374,0,False,0,3,0,0|0|8|8|0|0|0|0|8|0
5381,0,False,0,5,-1,0|0|0|0|0|8|8|8|8|8
5382,0,False,0,0,0,0|0|0|0|0|0|0|0|0|0
5389,0,False,0,1,0,0|0|0|0|0|0|0|7|0|0
5391,0,False,0,0,0,0|0|0|0|0|0|0|0|0|0
5402,0,False,0,5,0,3|2|0|3|0|0|2|0|3|0
5425,0,False,0,7,7,7|0|7|0|8|7|7|8|0|7
5476,1,False,1,0,1,1|1|1|1|1|1|1|1|1|1
5487,1,False,1,9,3,3|3|3|3|3|3|3|1|3|3
5508,1,False,1,1,1,1|3|1|1|1|1|1|1|1|1
5527,1,False,1,9,5,5|5|5|5|5|5|5|3|1|3
5530,1,False,1,0,1,1|1|1|1|1|1|1|1|1|1
5531,1,False,1,7,0,0|1|0|0|0|1|0|1|0|0
5541,1,False,1,10,0,0|0|0|0|4|0|0|0|0|0
5545,1,False,1,0,1,1|1|1|1|1|1|1|1|1|1
5549,1,False,1,0,1,1|1|1|1|1|1|1|1|1|1
5554,1,False,1,10,3,3|3|3|3|3|5|3|3|5|5
5558,1,False,1,7,3,1|3|3|3|3|1|3|3|1|3
5564,1,False,1,1,1,1|1|1|1|1|2|1|1|1|1
5574,1,False,1,10,3,3|3|3|3|2|3|3|3|3|3
5588,1,False,1,0,1,1|1|1|1|1|1|1|1|1|1
5595,1,False,1,9,4,4|5|4|1|4|5|4|4|4|5
5599,1,False,1,0,1,1|1|1|1|1|1|1|1|1|1
5605,1,False,1,8,3,3|2|3|2|1|3|3|1|3|3
5635,1,False,1,0,1,1|1|1|1|1|1|1|1|1|1
5639,1,False,1,0,1,1|1|1|1|1|1|1|1|1|1
5654,1,False,1,0,1,1|1|1|1|1|1|1|1|1|1
5655,1,False,1,0,1,1|1|1|1|1|1|1|1|1|1
5660,1,False,1,0,1,1|1|1|1|1|1|1|1|1|1
5666,1,False,1,0,1,1|1|1|1|1|1|1|1|1|1
5671,1,False,1,0,1,1|1|1|1|1|1|1|1|1|1
5673,1,False,1,0,1,1|1|1|1|1|1|1|1|1|1
5686,1,False,1,1,1,1|1|1|1|0|1|1|1|1|1
5689,1,False,1,1,1,1|1|1|1|1|1|1|4|1|1
5698,1,False,1,9,0,0|0|0|0|0|1|0|0|0|0
5702,1,False,1,8,2,2|0|4|1|1|2|4|4|2|2
5703,1,False,1,0,1,1|1|1|1|1|1|1|1|1|1
5705,1,False,1,4,1,1|1|0|1|1|0|0|1|0|1
5712,1,False,1,0,1,1|1|1|1|1|1|1|1|1|1
5723,1,False,1,0,1,1|1|1|1|1|1|1|1|1|1
5724,1,False,1,3,1,5|0|1|1|1|1|1|0|1|1
5730,1,False,1,1,1,1|1|1|1|1|1|1|0|1|1
5732,1,False,1,0,1,1|1|1|1|1|1|1|1|1|1
5741,1,False,1,0,1,1|1|1|1|1|1|1|1|1|1
5758,1,False,1,10,3,3|3|3|3|3|3|3|2|3|3
5761,1,False,1,4,1,1|1|2|1|3|2|1|1|0|1
5772,1,False,1,10,0,0|0|0|0|0|0|0|0|0|0
5793,1,False,1,0,1,1|1|1|1|1|1|1|1|1|1
5814,1,False,1,0,1,1|1|1|1|1|1|1|1|1|1
5819,1,False,1,3,1,5|1|1|1|1|5|1|4|1|1
5823,1,False,1,0,1,1|1|1|1|1|1|1|1|1|1
5832,1,False,1,0,1,1|1|1|1|1|1|1|1|1|1
5834,1,False,1,0,1,1|1|1|1|1|1|1|1|1|1
5844,1,False,1,6,1,1|1|1|4|7|1|7|4|7|4
5861,1,False,1,10,8,8|8|8|8|8|3|2|8|8|3
5864,1,False,1,2,1,4|1|4|1|1|1|1|1|1|1
5879,1,False,1,0,1,1|1|1|1|1|1|1|1|1|1
5899,1,False,1,1,1,1|1|1|1|1|1|1|0|1|1
5915,1,False,1,0,1,1|1|1|1|1|1|1|1|1|1
5918,1,False,1,7,0,0|0|2|1|0|0|0|3|1|1
5949,1,False,1,0,1,1|1|1|1|1|1|1|1|1|1
5955,1,False,1,5,1,1|0|0|0|0|3|1|1|1|1
5961,1,False,1,0,1,1|1|1|1|1|1|1|1|1|1
5984,1,False,1,2,1,2|1|2|1|1|1|1|1|1|1
5986,1,False,1,0,1,1|1|1|1|1|1|1|1|1|1
5989,1,False,1,0,1,1|1|1|1|1|1|1|1|1|1
6010,1,False,1,0,1,1|1|1|1|1|1|1|1|1|1
6015,1,False,1,6,3,3|3|3|1|1|1|3|1|3|3
6016,1,False,1,0,1,1|1|1|1|1|1|1|1|1|1
6020,1,False,1,5,-1,1|1|5|5|1|5|5|5|1|1
6021,1,False,1,0,1,1|1|1|1|1|1|1|1|1|1
6030,1,False,1,10,0,0|0|0|0|0|0|0|0|0|0
6043,1,False,1,0,1,1|1|1|1|1|1|1|1|1|1
6045,1,False,1,0,1,1|1|1|1|1|1|1|1|1|1
6047,1,False,1,8,3,3|3|3|3|1|3|3|3|3|1
6048,1,False,1,0,1,1|1|1|1|1|1|1|1|1|1
6051,1,False,1,0,1,1|1|1|1|1|1|1|1|1|1
6053,1,False,1,5,-1,1|3|1|1|1|3|1|3|3|3
6056,1,False,1,0,1,1|1|1|1|1|1|1|1|1|1
6070,1,False,1,10,0,0|0|0|0|0|0|4|4|0|0
6076,1,False,1,0,1,1|1|1|1|1|1|1|1|1|1
6093,1,False,1,0,1,1|1|1|1|1|1|1|1|1|1
6096,1,False,1,0,1,1|1|1|1|1|1|1|1|1|1
6105,1,False,1,10,2,2|2|2|2|2|2|2|2|2|2
6114,1,False,1,0,1,1|1|1|1|1|1|1|1|1|1
6117,1,False,1,5,1,0|0|3|1|0|1|1|0|1|1
6121,1,False,1,0,1,1|1|1|1|1|1|1|1|1|1
6127,1,False,1,0,1,1|1|1|1|1|1|1|1|1|1
6133,1,False,1,0,1,1|1|1|1|1|1|1|1|1|1
6137,1,False,1,0,1,1|1|1|1|1|1|1|1|1|1
6148,1,False,1,7,-1,8|1|8|7|6|8|1|4|1|9
6152,1,False,1,0,1,1|1|1|1|1|1|1|1|1|1
6171,1,False,1,0,1,1|1|1|1|1|1|1|1|1|1
6174,1,False,1,1,1,1|1|1|3|1|1|1|1|1|1
6175,1,False,1,2,1,1|4|1|1|4|1|1|1|1|1
6180,1,False,1,10,0,0|0|0|0|0|0|0|0|0|0
6181,1,False,1,1,1,1|1|1|1|0|1|1|1|1|1
6182,1,False,1,0,1,1|1|1|1|1|1|1|1|1|1
6184,1,False,1,2,1,1|1|1|1|1|1|1|1|3|3
6196,1,False,1,0,1,1|1|1|1|1|1|1|1|1|1
6217,1,False,1,0,1,1|1|1|1|1|1|1|1|1|1
6220,1,False,1,0,1,1|1|1|1|1|1|1|1|1|1
6234,1,False,1,3,1,1|1|1|1|1|1|4|1|5|4
6240,1,False,1,0,1,1|1|1|1|1|1|1|1|1|1
6257,1,False,1,1,1,1|1|1|1|1|1|0|1|1|1
6259,1,False,1,0,1,1|1|1|1|1|1|1|1|1|1
6262,1,False,1,0,1,1|1|1|1|1|1|1|1|1|1
6266,1,False,1,1,1,1|1|1|1|1|1|1|1|1|0
6267,1,False,1,0,1,1|1|1|1|1|1|1|1|1|1
6275,1,False,1,4,1,1|5|1|1|5|1|1|2|1|3
6281,1,False,1,0,1,1|1|1|1|1|1|1|1|1|1
6291,1,False,1,10,0,0|0|0|0|0|0|0|0|0|0
6304,1,False,1,7,3,1|2|1|1|2|3|3|2|3|3
6318,1,False,1,0,1,1|1|1|1|1|1|1|1|1|1
6341,1,False,1,0,1,1|1|1|1|1|1|1|1|1|1
6352,1,False,1,0,1,1|1|1|1|1|1|1|1|1|1
6354,1,False,1,2,1,1|0|1|1|1|1|1|1|5|1
6359,1,False,1,0,1,1|1|1|1|1|1|1|1|1|1
6367,1,False,1,4,1,1|5|5|1|5|1|1|5|1|1
6382,1,False,1,0,1,1|1|1|1|1|1|1|1|1|1
6384,1,False,1,10,-1,3|2|3|2|2|2|3|3|2|3
6400,1,False,1,6,0,5|1|0|0|1|1|1|0|0|0
6401,1,False,1,4,1,1|1|1|1|6|1|4|1|6|4
6425,1,False,1,0,1,1|1|1|1|1|1|1|1|1|1
6449,1,False,1,2,1,1|1|1|1|1|1|2|2|1|1
6476,1,False,1,0,1,1|1|1|1|1|1|1|1|1|1
6477,1,False,1,1,1,1|1|1|1|1|1|2|1|1|1
6478,1,False,1,2,1,1|1|3|1|1|1|3|1|1|1
6508,1,False,1,10,3,3|3|3|3|3|3|3|7|3|3
6518,1,False,1,0,1,1|1|1|1|1|1|1|1|1|1
6528,1,False,1,10,0,0|0|0|0|9|0|9|0|9|9
6554,1,False,1,10,3,3|3|3|3|3|3|3|2|3|3
6557,1,False,1,0,1,1|1|1|1|1|1|1|1|1|1
6588,1,False,1,0,1,1|1|1|1|1|1|1|1|1|1
6594,1,False,1,2,1,1|1|0|1|1|1|1|1|0|1
6598,1,False,1,0,1,1|1|1|1|1|1|1|1|1|1
6599,1,False,1,0,1,1|1|1|1|1|1|1|1|1|1
6614,1,False,1,1,1,1|1|1|0|1|1|1|1|1|1
6628,1,False,1,0,1,1|1|1|1|1|1|1|1|1|1
6632,1,False,1,0,1,1|1|1|1|1|1|1|1|1|1
6649,1,False,1,10,0,0|0|0|0|0|0|0|0|0|0
6669,1,False,1,9,0,0|1|0|0|0|0|0|0|0|0
6674,1,False,1,0,1,1|1|1|1|1|1|1|1|1|1
6683,1,False,1,0,1,1|1|1|1|1|1|1|1|1|1
6694,1,False,1,0,1,1|1|1|1|1|1|1|1|1|1
6700,1,False,1,0,1,1|1|1|1|1|1|1|1|1|1
6705,1,False,1,5,1,1|1|1|5|4|3|1|5|1|3
6716,1,False,1,0,1,1|1|1|1|1|1|1|1|1|1
6730,1,False,1,7,3,1|3|3|2|3|1|3|7|1|3
6731,1,False,1,0,1,1|1|1|1|1|1|1|1|1|1
6765,1,False,1,0,1,1|1|1|1|1|1|1|1|1|1
6781,1,False,1,2,1,1|1|1|1|5|1|1|3|1|1
6784,1,False,1,3,1,1|5|1|1|1|1|3|5|1|1
6795,1,False,1,0,1,1|1|1|1|1|1|1|1|1|1
6807,1,False,1,0,1,1|1|1|1|1|1|1|1|1|1
6809,1,False,1,0,1,1|1|1|1|1|1|1|1|1|1
6831,1,False,1,0,1,1|1|1|1|1|1|1|1|1|1
6832,1,False,1,0,1,1|1|1|1|1|1|1|1|1|1
6833,1,False,1,10,3,3|2|2|3|3|3|2|2|3|3
6835,1,False,1,1,1,1|1|1|1|0|1|1|1|1|1
6844,1,False,1,0,1,1|1|1|1|1|1|1|1|1|1
6858,1,False,1,0,1,1|1|1|1|1|1|1|1|1|1
6862,1,False,1,0,1,1|1|1|1|1|1|1|1|1|1
6865,1,False,1,8,0,0|0|0|0|0|1|0|0|0|1
6875,1,False,1,0,1,1|1|1|1|1|1|1|1|1|1
6878,1,False,1,2,1,1|1|1|0|0|1|1|1|1|1
6889,1,False,1,10,0,6|0|0|0|6|0|0|0|6|0
6895,1,False,1,0,1,1|1|1|1|1|1|1|1|1|1
6933,1,False,1,0,1,1|1|1|1|1|1|1|1|1|1
6946,1,False,1,0,1,1|1|1|1|1|1|1|1|1|1
6992,1,False,1,0,1,1|1|1|1|1|1|1|1|1|1
7000,1,False,1,0,1,1|1|1|1|1|1|1|1|1|1
7012,1,False,1,9,0,0|0|0|0|0|0|1|0|0|0
7026,1,False,1,1,1,4|1|1|1|1|1|1|1|1|1
7028,1,False,1,4,1,1|1|1|0|0|1|1|0|0|1
7033,1,False,1,10,0,2|0|0|0|0|2|0|2|0|2
7040,1,False,1,1,1,1|1|1|1|1|3|1|1|1|1
7041,1,False,1,8,4,1|4|4|4|0|1|4|4|4|4
7058,1,False,1,0,1,1|1|1|1|1|1|1|1|1|1
7059,1,False,1,0,1,1|1|1|1|1|1|1|1|1|1
7065,1,False,1,1,1,1|1|3|1|1|1|1|1|1|1
7067,1,False,1,0,1,1|1|1|1|1|1|1|1|1|1
7095,1,False,1,10,2,2|2|2|2|2|2|2|3|2|2
7107,1,False,1,0,1,1|1|1|1|1|1|1|1|1|1
7119,1,False,1,0,1,1|1|1|1|1|1|1|1|1|1
7121,1,False,1,1,1,1|0|1|1|1|1|1|1|1|1
7131,1,False,1,1,1,1|1|1|1|1|1|1|0|1|1
7147,1,False,1,0,1,1|1|1|1|1|1|1|1|1|1
7159,1,False,1,0,1,1|1|1|1|1|1|1|1|1|1
7172,1,False,1,0,1,1|1|1|1|1|1|1|1|1|1
7177,1,False,1,0,1,1|1|1|1|1|1|1|1|1|1
7194,1,False,1,10,5,5|5|5|5|5|3|5|5|5|3
7197,1,False,1,10,0,3|0|0|0|0|0|0|0|0|0
7200,1,False,1,9,3,3|3|3|3|5|3|3|3|1|3
7218,1,False,1,0,1,1|1|1|1|1|1|1|1|1|1
7227,1,False,1,3,1,1|1|1|1|3|2|1|1|3|1
7240,1,False,1,0,1,1|1|1|1|1|1|1|1|1|1
7256,1,False,1,0,1,1|1|1|1|1|1|1|1|1|1
7258,1,False,1,0,1,1|1|1|1|1|1|1|1|1|1
7284,1,False,1,5,1,1|2|0|1|1|0|0|2|1|1
7293,1,False,1,0,1,1|1|1|1|1|1|1|1|1|1
7297,1,False,1,0,1,1|1|1|1|1|1|1|1|1|1
7300,1,False,1,0,1,1|1|1|1|1|1|1|1|1|1
7304,1,False,1,0,1,1|1|1|1|1|1|1|1|1|1
7309,1,False,1,0,1,1|1|1|1|1|1|1|1|1|1
7323,1,False,1,0,1,1|1|1|1|1|1|1|1|1|1
7337,1,False,1,4,1,1|1|0|1|1|0|0|1|1|0
7348,1,False,1,0,1,1|1|1|1|1|1|1|1|1|1
7360,1,False,1,0,1,1|1|1|1|1|1|1|1|1|1
7374,1,False,1,1,1,1|1|1|1|1|2|1|1|1|1
7378,1,False,1,0,1,1|1|1|1|1|1|1|1|1|1
7396,1,False,1,0,1,1|1|1|1|1|1|1|1|1|1
7414,1,False,1,7,4,4|5|4|1|4|4|1|4|1|4
7418,1,False,1,0,1,1|1|1|1|1|1|1|1|1|1
7433,1,False,1,9,4,4|4|4|4|4|4|4|1|4|4
7437,1,False,1,0,1,1|1|1|1|1|1|1|1|1|1
7443,1,False,1,0,1,1|1|1|1|1|1|1|1|1|1
7450,1,False,1,6,0,0|0|0|1|1|0|0|0|1|1
7459,1,False,1,10,5,5|5|5|5|5|5|5|5|5|5
7465,1,False,1,4,1,5|1|5|1|1|5|1|1|1|5
7466,1,False,1,2,1,1|1|1|1|1|1|0|1|0|1
7473,1,False,1,10,3,3|3|3|3|3|3|3|3|3|3
7474,1,False,1,2,1,0|0|1|1|1|1|1|1|1|1
7498,1,False,1,0,1,1|1|1|1|1|1|1|1|1|1
7500,1,False,1,0,1,1|1|1|1|1|1|1|1|1|1
7504,1,False,1,2,1,1|0|1|1|1|1|1|0|1|1
7515,1,False,1,0,1,1|1|1|1|1|1|1|1|1|1
7529,1,False,1,4,1,2|1|1|1|2|1|1|2|1|2
7552,1,False,1,10,0,0|0|0|0|0|0|0|0|0|0
7561,1,False,1,0,1,1|1|1|1|1|1|1|1|1|1
7587,1,False,1,0,1,1|1|1|1|1|1|1|1|1|1
7588,1,False,1,0,1,1|1|1|1|1|1|1|1|1|1
7596,1,False,1,0,1,1|1|1|1|1|1|1|1|1|1
7608,1,False,1,0,1,1|1|1|1|1|1|1|1|1|1
7615,1,False,1,9,3,3|3|2|1|3|3|3|3|3|3
7616,1,False,1,0,1,1|1|1|1|1|1|1|1|1|1
7623,1,False,1,2,1,1|0|1|1|1|1|1|0|1|1
7639,1,False,1,2,1,1|1|1|1|1|1|2|1|2|1
7641,1,False,1,5,1,0|4|1|1|5|2|1|4|1|1
7644,1,False,1,0,1,1|1|1|1|1|1|1|1|1|1
7649,1,False,1,10,0,0|0|0|0|0|0|0|0|0|0
7658,1,False,1,8,0,0|0|2|0|2|0|1|0|1|0
7664,1,False,1,8,0,0|0|0|0|2|0|1|2|1|0
7679,1,False,1,0,1,1|1|1|1|1|1|1|1|1|1
7686,1,False,1,9,5,5|4|5|4|1|5|5|4|5|5
7706,1,False,1,0,1,1|1|1|1|1|1|1|1|1|1
7714,1,False,1,9,3,2|2|3|3|3|2|3|1|2|3
7724,1,False,1,0,1,1|1|1|1|1|1|1|1|1|1
7737,1,False,1,1,1,1|1|2|1|1|1|1|1|1|1
7753,1,False,1,0,1,1|1|1|1|1|1|1|1|1|1
7777,1,False,1,6,1,8|1|0|1|1|0|2|8|1|3
7780,1,False,1,5,1,1|4|2|1|1|2|1|0|2|1
7789,1,False,1,0,1,1|1|1|1|1|1|1|1|1|1
7839,1,False,1,0,1,1|1|1|1|1|1|1|1|1|1
7847,1,False,1,7,-1,0|0|3|1|2|3|1|2|1|0
7871,1,False,1,0,1,1|1|1|1|1|1|1|1|1|1
7891,1,False,1,9,3,3|0|0|3|0|3|1|0|3|3
7893,1,False,1,4,1,3|1|3|1|1|3|1|3|1|1
7903,1,False,1,0,1,1|1|1|1|1|1|1|1|1|1
7904,1,False,1,3,1,1|4|4|1|1|1|1|4|1|1
7945,1,False,1,5,1,1|0|5|4|1|1|1|1|4|4
7968,1,False,1,0,1,1|1|1|1|1|1|1|1|1|1
7976,1,False,1,0,1,1|1|1|1|1|1|1|1|1|1
7984,1,False,1,0,1,1|1|1|1|1|1|1|1|1|1
7985,1,False,1,3,1,1|1|0|1|0|1|1|0|1|1
8010,1,False,1,0,1,1|1|1|1|1|1|1|1|1|1
8022,1,False,1,10,-1,7|2|2|0|3|0|0|8|3|3
8074,1,False,1,10,3,3|3|3|3|2|3|2|3|3|3
8075,1,False,1,0,1,1|1|1|1|1|1|1|1|1|1
8080,1,False,1,10,5,5|5|5|5|5|5|5|5|5|5
8091,1,False,1,7,4,1|1|4|4|4|5|4|1|5|5
8095,1,False,1,1,1,1|1|1|1|1|5|1|1|1|1
8135,1,False,1,2,1,1|4|1|1|1|1|1|4|1|1
8139,1,False,1,1,1,1|1|5|1|1|1|1|1|1|1
8140,1,False,1,5,1,1|1|5|1|3|1|1|5|5|5
8148,1,False,1,8,0,0|0|0|0|0|0|0|0|1|1
8181,1,False,1,0,1,1|1|1|1|1|1|1|1|1|1
8186,1,False,1,1,1,1|1|1|1|1|1|1|2|1|1
8192,1,False,1,0,1,1|1|1|1|1|1|1|1|1|1
8195,1,False,1,10,-1,3|5|5|6|0|2|4|0|3|2
8198,1,False,1,5,1,1|1|2|1|6|1|1|0|3|3
8212,1,False,1,10,0,0|0|0|0|0|0|0|0|0|0
8221,1,False,1,5,1,3|1|5|1|1|5|3|1|1|3
8225,1,False,1,0,1,1|1|1|1|1|1|1|1|1|1
8226,1,False,1,0,1,1|1|1|1|1|1|1|1|1|1
8233,1,False,1,0,1,1|1|1|1|1|1|1|1|1|1
8235,1,False,1,0,1,1|1|1|1|1|1|1|1|1|1
8245,1,False,1,0,1,1|1|1|1|1|1|1|1|1|1
8247,1,False,1,0,1,1|1|1|1|1|1|1|1|1|1
8257,1,False,1,0,1,1|1|1|1|1|1|1|1|1|1
8270,1,False,1,0,1,1|1|1|1|1|1|1|1|1|1
8272,1,False,1,0,1,1|1|1|1|1|1|1|1|1|1
8274,1,False,1,10,4,4|4|4|4|4|4|4|4|4|4
8275,1,False,1,7,3,3|2|3|1|5|1|3|5|1|3
8282,1,False,1,0,1,1|1|1|1|1|1|1|1|1|1
8287,1,False,1,0,1,1|1|1|1|1|1|1|1|1|1
8297,1,False,1,0,1,1|1|1|1|1|1|1|1|1|1
8299,1,False,1,10,0,2|0|0|0|0|0|3|3|0|0
8300,1,False,1,0,1,1|1|1|1|1|1|1|1|1|1
8307,1,False,1,0,1,1|1|1|1|1|1|1|1|1|1
8309,1,False,1,0,1,1|1|1|1|1|1|1|1|1|1
8325,1,False,1,0,1,1|1|1|1|1|1|1|1|1|1
8330,1,False,1,0,1,1|1|1|1|1|1|1|1|1|1
8335,1,False,1,2,1,4|4|1|1|1|1|1|1|1|1
8336,1,False,1,1,1,1|1|2|1|1|1|1|1|1|1
8339,1,False,1,0,1,1|1|1|1|1|1|1|1|1|1
8343,1,False,1,8,-1,2|4|4|2|1|2|2|4|1|4
8353,1,False,1,10,3,3|3|3|3|3|3|3|2|3|3
8363,1,False,1,3,1,1|1|1|2|1|1|2|1|3|1
8377,1,False,1,8,5,5|5|3|3|1|1|5|5|5|5
8388,1,False,1,6,3,3|1|3|3|1|3|1|3|3|1
8390,1,False,1,0,1,1|1|1|1|1|1|1|1|1|1
8394,1,False,1,10,0,0|0|0|2|0|0|0|0|0|0
8395,1,False,1,0,1,1|1|1|1|1|1|1|1|1|1
8402,1,False,1,0,1,1|1|1|1|1|1|1|1|1|1
8409,1,False,1,0,1,1|1|1|1|1|1|1|1|1|1
8411,1,False,1,0,1,1|1|1|1|1|1|1|1|1|1
8412,1,False,1,8,0,0|1|0|0|2|0|0|0|0|1
8422,1,False,1,0,1,1|1|1|1|1|1|1|1|1|1
8434,1,False,1,9,0,0|1|0|0|0|0|0|0|0|0
8458,1,False,1,0,1,1|1|1|1|1|1|1|1|1|1
8461,1,False,1,8,0,3|0|1|0|0|3|1|0|0|0
8462,1,False,1,0,1,1|1|1|1|1|1|1|1|1|1
8465,1,False,1,0,1,1|1|1|1|1|1|1|1|1|1
8467,1,False,1,0,1,1|1|1|1|1|1|1|1|1|1
8491,1,False,1,0,1,1|1|1|1|1|1|1|1|1|1
8501,1,False,1,9,0,3|0|0|0|0|3|1|0|3|3
8505,1,False,1,1,1,1|1|1|1|1|1|1|1|3|1
8517,1,False,1,8,0,3|1|0|2|1|0|0|8|0|0
8522,1,False,1,8,-1,4|2|0|0|1|2|4|2|1|4
8530,1,False,1,0,1,1|1|1|1|1|1|1|1|1|1
8556,1,False,1,0,1,1|1|1|1|1|1|1|1|1|1
8584,1,False,1,1,1,1|1|1|1|1|1|1|2|1|1
8591,1,False,1,0,1,1|1|1|1|1|1|1|1|1|1
8605,1,False,1,8,5,5|1|5|1|5|5|5|5|5|5
8611,1,False,1,0,1,1|1|1|1|1|1|1|1|1|1
8623,1,False,1,2,1,1|1|1|3|3|1|1|1|1|1
8629,1,False,1,0,1,1|1|1|1|1|1|1|1|1|1
8648,1,False,1,2,1,1|1|3|1|1|1|1|1|3|1
8661,1,False,1,2,1,1|1|1|1|4|1|1|4|1|1
8664,1,False,1,0,1,1|1|1|1|1|1|1|1|1|1
8668,1,False,1,8,3,4|3|5|1|3|5|3|1|3|3
8677,1,False,1,0,1,1|1|1|1|1|1|1|1|1|1
8679,1,False,1,1,1,1|1|1|1|1|1|2|1|1|1
8684,1,False,1,10,2,2|2|2|2|2|2|2|2|2|2
8716,1,False,1,0,1,1|1|1|1|1|1|1|1|1|1
8722,1,False,1,6,-1,1|1|2|1|3|2|2|1|2|3
8734,1,False,1,2,1,1|1|1|3|1|1|3|1|1|1
8735,1,False,1,0,1,1|1|1|1|1|1|1|1|1|1
8750,1,False,1,0,1,1|1|1|1|1|1|1|1|1|1
8763,1,False,1,0,1,1|1|1|1|1|1|1|1|1|1
8767,1,False,1,5,1,3|0|1|3|0|3|1|1|1|1
8772,1,False,1,10,-1,0|6|6|6|0|0|6|6|0|0
8790,1,False,1,0,1,1|1|1|1|1|1|1|1|1|1
8805,1,False,1,2,1,1|1|1|1|1|1|2|1|1|3
8809,1,False,1,0,1,1|1|1|1|1|1|1|1|1|1
8814,1,False,1,4,1,1|1|3|3|1|1|3|1|3|1
8816,1,False,1,10,0,0|0|0|0|0|0|0|0|0|0
8822,1,False,1,0,1,1|1|1|1|1|1|1|1|1|1
8823,1,False,1,7,-1,0|7|9|5|9|1|1|9|5|1
8829,1,False,1,0,1,1|1|1|1|1|1|1|1|1|1
8835,1,False,1,10,0,0|0|0|0|0|0|0|0|0|0
8855,1,False,1,2,1,1|1|1|0|0|1|1|1|1|1
8859,1,False,1,0,1,1|1|1|1|1|1|1|1|1|1
8860,1,False,1,2,1,1|1|1|1|0|1|1|0|1|1
8868,1,False,1,0,1,1|1|1|1|1|1|1|1|1|1
8875,1,False,1,0,1,1|1|1|1|1|1|1|1|1|1
8879,1,False,1,0,1,1|1|1|1|1|1|1|1|1|1
8919,1,False,1,0,1,1|1|1|1|1|1|1|1|1|1
8921,1,False,1,3,1,4|1|1|1|1|4|1|1|4|1
8923,1,False,1,2,1,1|1|0|1|1|1|1|1|1|0
8941,1,False,1,9,2,2|2|2|1|2|2|2|2|2|2
8942,1,False,1,10,0,0|3|0|0|0|0|0|0|0|0
8944,1,False,1,0,1,1|1|1|1|1|1|1|1|1|1
8955,1,False,1,8,0,0|0|0|0|1|0|6|1|0|0
8960,1,False,1,0,1,1|1|1|1|1|1|1|1|1|1
8963,1,False,1,0,1,1|1|1|1|1|1|1|1|1|1
8974,1,False,1,1,1,1|1|1|1|3|1|1|1|1|1
8978,1,False,1,0,1,1|1|1|1|1|1|1|1|1|1
9026,1,False,1,2,1,1|1|2|2|1|1|1|1|1|1
9028,1,False,1,10,5,5|5|5|4|5|5|5|5|4|4
9029,1,False,1,0,1,1|1|1|1|1|1|1|1|1|1
9045,1,False,1,0,1,1|1|1|1|1|1|1|1|1|1
9063,1,False,1,6,3,2|1|3|3|1|1|3|1|3|3
9076,1,False,1,0,1,1|1|1|1|1|1|1|1|1|1
9094,1,False,1,0,1,1|1|1|1|1|1|1|1|1|1
9114,1,False,1,0,1,1|1|1|1|1|1|1|1|1|1
9160,1,False,1,0,1,1|1|1|1|1|1|1|1|1|1
9170,1,False,1,0,1,1|1|1|1|1|1|1|1|1|1
9172,1,False,1,0,1,1|1|1|1|1|1|1|1|1|1
9174,1,False,1,0,1,1|1|1|1|1|1|1|1|1|1
9198,1,False,1,0,1,1|1|1|1|1|1|1|1|1|1
9219,1,False,1,8,0,0|0|2|1|0|2|0|2|1|3
9224,1,False,1,0,1,1|1|1|1|1|1|1|1|1|1
9266,1,False,1,10,0,3|0|0|0|3|0|0|0|5|0
9273,1,False,1,9,3,5|1|3|3|3|3|3|5|3|3
9277,1,False,1,0,1,1|1|1|1|1|1|1|1|1|1
9285,1,False,1,0,1,1|1|1|1|1|1|1|1|1|1
9289,1,False,1,0,1,1|1|1|1|1|1|1|1|1|1
9293,1,False,1,0,1,1|1|1|1|1|1|1|1|1|1
9294,1,False,1,10,3,3|0|3|3|0|2|3|0|2|3
9303,1,False,1,0,1,1|1|1|1|1|1|1|1|1|1
9338,1,False,1,9,5,5|1|5|5|5|2|5|2|5|5
9362,1,False,1,9,3,3|2|3|1|3|3|3|3|3|3
9383,1,False,1,6,-1,1|2|0|1|1|1|0|2|0|0
9392,1,False,1,0,1,1|1|1|1|1|1|1|1|1|1
9396,1,False,1,1,1,1|1|1|1|1|1|1|1|1|0
9398,1,False,1,6,1,1|0|2|1|0|0|1|1|2|2
9438,1,False,1,10,2,2|2|8|2|0|2|8|2|2|0
9450,1,False,1,0,1,1|1|1|1|1|1|1|1|1|1
9462,1,False,1,0,1,1|1|1|1|1|1|1|1|1|1
9473,1,False,1,0,1,1|1|1|1|1|1|1|1|1|1
9475,1,False,1,0,1,1|1|1|1|1|1|1|1|1|1
9476,1,False,1,0,1,1|1|1|1|1|1|1|1|1|1
9482,1,False,1,0,1,1|1|1|1|1|1|1|1|1|1
9497,1,False,1,2,1,1|1|1|1|5|1|1|5|1|1
9500,1,False,1,0,1,1|1|1|1|1|1|1|1|1|1
9507,1,False,1,0,1,1|1|1|1|1|1|1|1|1|1
9509,1,False,1,0,1,1|1|1|1|1|1|1|1|1|1
9547,1,False,1,0,1,1|1|1|1|1|1|1|1|1|1
9588,1,False,1,0,1,1|1|1|1|1|1|1|1|1|1
9597,1,False,1,3,1,1|3|1|1|3|1|1|1|3|1
9599,1,False,1,0,1,1|1|1|1|1|1|1|1|1|1
9611,1,False,1,0,1,1|1|1|1|1|1|1|1|1|1
9640,1,False,1,0,1,1|1|1|1|1|1|1|1|1|1
9660,1,False,1,0,1,1|1|1|1|1|1|1|1|1|1
9662,1,False,1,0,1,1|1|1|1|1|1|1|1|1|1
9665,1,False,1,2,1,1|1|1|1|1|1|1|3|5|1
9689,1,False,1,5,-1,1|1|5|5|1|1|5|1|5|5
9706,1,False,1,5,-1,1|1|2|2|1|2|2|1|2|1
9713,1,False,1,2,1,1|1|1|0|1|1|0|1|1|1
9721,1,False,1,10,0,0|0|0|0|0|0|0|0|0|0
9739,1,False,1,2,1,1|1|1|1|1|1|2|1|1|0
9744,1,False,1,0,1,1|1|1|1|1|1|1|1|1|1
9746,1,False,1,10,4,5|4|4|4|5|4|4|5|4|4
9749,1,False,1,0,1,1|1|1|1|1|1|1|1|1|1
9756,1,False,1,5,1,3|0|1|3|0|2|1|1|1|1
9772,1,False,1,0,1,1|1|1|1|1|1|1|1|1|1
9775,1,False,1,8,0,0|0|1|0|0|0|0|0|1|0
9777,1,False,1,0,1,1|1|1|1|1|1|1|1|1|1
9778,1,False,1,0,1,1|1|1|1|1|1|1|1|1|1
9789,1,False,1,0,1,1|1|1|1|1|1|1|1|1|1
9794,1,False,1,1,1,1|1|0|1|1|1|1|1|1|1
9797,1,False,1,2,1,1|1|1|3|1|1|1|1|1|3
9805,1,False,1,4,1,1|1|8|1|1|0|8|1|8|1
9808,1,False,1,0,1,1|1|1|1|1|1|1|1|1|1
9810,1,False,1,10,4,4|4|0|4|5|4|4|4|4|0
9819,1,False,1,0,1,1|1|1|1|1|1|1|1|1|1
9828,1,False,1,4,1,3|1|2|1|1|3|1|1|1|3
9836,1,False,1,0,1,1|1|1|1|1|1|1|1|1|1
9866,1,False,1,2,1,1|1|1|1|0|0|1|1|1|1
9867,1,False,1,9,2,2|2|0|0|2|2|1|0|2|2
9890,1,False,1,0,1,1|1|1|1|1|1|1|1|1|1
9894,1,False,1,0,1,1|1|1|1|1|1|1|1|1|1
9904,1,False,1,0,1,1|1|1|1|1|1|1|1|1|1
9913,1,False,1,0,1,1|1|1|1|1|1|1|1|1|1
9914,1,False,1,0,1,1|1|1|1|1|1|1|1|1|1
9926,1,False,1,0,1,1|1|1|1|1|1|1|1|1|1
9933,1,False,1,10,4,5|4|4|4|4|4|4|4|4|4
9942,1,False,1,0,1,1|1|1|1|1|1|1|1|1|1
9955,1,False,1,0,1,1|1|1|1|1|1|1|1|1|1
9956,1,False,1,8,2,2|3|2|2|1|2|2|1|7|2
9984,1,False,1,1,1,1|1|1|1|1|1|1|1|3|1
9989,1,False,1,0,1,1|1|1|1|1|1|1|1|1|1
9994,1,False,1,0,1,1|1|1|1|1|1|1|1|1|1
10016,1,False,1,0,1,1|1|1|1|1|1|1|1|1|1
10052,1,False,1,0,1,1|1|1|1|1|1|1|1|1|1
10060,1,False,1,4,1,1|0|0|1|0|1|1|3|1|1
10089,2,False,2,10,3,3|3|3|3|3|3|3|3|3|3
10096,2,False,2,6,1,1|2|1|1|1|2|2|2|1|1
10104,2,False,2,0,2,2|2|2|2|2|2|2|2|2|2
10111,2,False,2,0,2,2|2|2|2|2|2|2|2|2|2
10116,2,False,2,8,7,7|2|3|7|3|2|7|7|7|7
10120,2,False,2,7,3,3|2|3|3|3|3|2|3|3|2
10138,2,False,2,5,-1,3|3|3|2|2|2|3|3|2|2
10151,2,False,2,10,-1,1|3|3|1|3|3|1|3|1|1
10158,2,False,2,0,2,2|2|2|2|2|2|2|2|2|2
10164,2,False,2,0,2,2|2|2|2|2|2|2|2|2|2
10169,2,False,2,10,-1,4|4|3|1|4|1|3|3|4|3
10178,2,False,2,5,-1,2|3|3|3|2|3|3|2|2|2
10201,2,False,2,1,2,8|2|2|2|2|2|2|2|2|2
10226,2,False,2,6,-1,0|2|1|2|0|2|1|0|2|0
10246,2,False,2,1,2,2|2|2|2|2|2|2|5|2|2
10278,2,False,2,8,3,1|3|2|2|8|5|3|3|3|1
10291,2,False,2,10,3,3|3|3|1|3|3|3|3|5|3
10295,2,False,2,0,2,2|2|2|2|2|2|2|2|2|2
10331,2,False,2,7,0,0|0|0|2|0|0|2|0|0|2
10337,2,False,2,5,-1,2|3|3|3|3|2|2|3|2|2
10343,2,False,2,9,3,3|3|3|3|3|3|3|3|3|2
10348,2,False,2,1,2,2|5|2|2|2|2|2|2|2|2
10353,2,False,2,8,3,5|3|3|3|3|2|5|3|2|3
10361,2,False,2,0,2,2|2|2|2|2|2|2|2|2|2
10363,2,False,2,10,1,1|1|4|1|6|1|1|6|1|1
10365,2,False,2,8,3,3|3|3|3|3|3|3|2|3|2
10366,2,False,2,0,2,2|2|2|2|2|2|2|2|2|2
10419,2,False,2,7,0,0|0|2|2|0|0|0|5|2|0
10421,2,False,2,0,2,2|2|2|2|2|2|2|2|2|2
10451,2,False,2,0,2,2|2|2|2|2|2|2|2|2|2
10452,2,False,2,0,2,2|2|2|2|2|2|2|2|2|2
10461,2,False,2,10,6,6|6|6|6|6|6|6|6|6|6
10474,2,False,2,2,2,2|2|2|3|2|2|2|3|2|2
10495,2,False,2,0,2,2|2|2|2|2|2|2|2|2|2
10509,2,False,2,2,2,2|2|2|2|2|1|2|2|2|1
10513,2,False,2,0,2,2|2|2|2|2|2|2|2|2|2
10527,2,False,2,0,2,2|2|2|2|2|2|2|2|2|2
10530,2,False,2,7,3,3|2|3|3|3|3|3|2|3|2
10532,2,False,2,5,-1,2|2|3|3|2|2|3|2|3|3
10536,2,False,2,0,2,2|2|2|2|2|2|2|2|2|2
10558,2,False,2,0,2,2|2|2|2|2|2|2|2|2|2
10562,2,False,2,4,2,1|2|2|1|2|1|1|2|2|2
10584,2,False,2,2,2,2|2|2|3|2|2|3|2|2|2
10593,2,False,2,2,2,2|2|2|2|3|2|2|2|2|3
10605,2,False,2,5,-1,2|3|2|3|3|2|2|3|2|3
10606,2,False,2,4,2,2|3|3|3|2|2|2|2|2|3
10612,2,False,2,8,3,2|3|3|3|3|3|2|3|3|3
10626,2,False,2,1,2,2|2|2|2|2|2|2|2|2|3
10630,2,False,2,0,2,2|2|2|2|2|2|2|2|2|2
10634,2,False,2,8,0,1|0|0|0|0|2|2|0|3|3
10646,2,False,2,9,3,3|3|3|3|3|3|3|2|3|3
10657,2,False,2,5,2,2|8|0|2|2|2|0|2|0|0
10666,2,False,2,1,2,2|2|2|2|2|2|2|2|2|3
10696,2,False,2,6,3,3|2|2|3|2|3|3|2|3|3
10697,2,False,2,10,1,1|1|1|1|1|1|1|1|1|1
10705,2,False,2,2,2,2|2|2|2|2|5|2|2|4|2
10707,2,False,2,3,2,2|2|3|3|2|2|2|3|2|2
10728,2,False,2,6,0,2|0|2|8|0|0|2|0|0|2
10737,2,False,2,8,0,0|0|2|0|0|0|0|0|0|2
10743,2,False,2,1,2,2|2|2|2|4|2|2|2|2|2
10749,2,False,2,10,3,3|3|3|3|3|3|3|3|3|3
10766,2,False,2,10,0,0|0|0|0|8|0|0|0|0|0
10767,2,False,2,9,0,0|0|1|1|0|2|0|0|1|3
10776,2,False,2,6,3,2|3|2|2|3|3|3|3|3|2
10777,2,False,2,10,3,3|3|3|3|3|3|3|3|3|3
10783,2,False,2,7,3,3|2|3|3|3|3|3|2|3|2
10798,2,False,2,0,2,2|2|2|2|2|2|2|2|2|2
10801,2,False,2,0,2,2|2|2|2|2|2|2|2|2|2
10812,2,False,2,0,2,2|2|2|2|2|2|2|2|2|2
10823,2,False,2,10,3,3|3|3|3|3|3|3|3|3|3
10842,2,False,2,10,7,7|7|7|9|7|9|7|7|7|7
10874,2,False,2,7,3,2|3|1|1|3|2|2|3|3|3
10875,2,False,2,6,3,3|2|3|2|3|3|2|3|2|3
10882,2,False,2,1,2,2|3|2|2|2|2|2|2|2|2
10891,2,False,2,4,2,3|2|3|3|2|2|2|3|2|2
10914,2,False,2,0,2,2|2|2|2|2|2|2|2|2|2
10918,2,False,2,9,1,1|1|1|1|1|1|1|2|1|1
10924,2,False,2,0,2,2|2|2|2|2|2|2|2|2|2
10931,2,False,2,0,2,2|2|2|2|2|2|2|2|2|2
10954,2,False,2,2,2,3|2|2|2|2|2|2|3|2|2
10968,2,False,2,4,2,2|3|3|2|3|2|2|3|2|2
10980,2,False,2,3,2,2|2|2|2|2|2|4|4|2|0
10989,2,False,2,0,2,2|2|2|2|2|2|2|2|2|2
10999,2,False,2,0,2,2|2|2|2|2|2|2|2|2|2
11013,2,False,2,0,2,2|2|2|2|2|2|2|2|2|2
11042,2,False,2,4,2,2|3|5|3|2|2|2|2|3|2
11047,2,False,2,5,-1,2|3|3|2|3|2|2|3|3|2
11091,2,False,2,7,5,5|2|4|3|5|2|5|0|5|2
11099,2,False,2,10,1,1|1|1|1|1|3|1|1|3|1
11107,2,False,2,0,2,2|2|2|2|2|2|2|2|2|2
11112,2,False,2,0,2,2|2|2|2|2|2|2|2|2|2
11121,2,False,2,0,2,2|2|2|2|2|2|2|2|2|2
11125,2,False,2,7,3,3|2|3|3|2|3|3|2|3|3
11127,2,False,2,1,2,2|2|2|2|3|2|2|2|2|2
11132,2,False,2,0,2,2|2|2|2|2|2|2|2|2|2
11147,2,False,2,3,2,1|2|2|2|3|2|3|2|2|2
11154,2,False,2,0,2,2|2|2|2|2|2|2|2|2|2
11163,2,False,2,4,2,2|2|2|3|2|2|1|5|1|2
11175,2,False,2,10,5,9|5|5|9|9|5|5|5|9|8
11178,2,False,2,10,3,5|3|3|3|3|3|3|3|3|3
11186,2,False,2,8,3,3|2|3|3|3|2|3|3|3|3
11189,2,False,2,10,0,0|0|0|0|0|0|0|0|0|0
11192,2,False,2,8,0,0|0|0|2|2|0|0|0|0|0
11195,2,False,2,0,2,2|2|2|2|2|2|2|2|2|2
11197,2,False,2,0,2,2|2|2|2|2|2|2|2|2|2
11198,2,False,2,9,5,5|1|5|1|5|4|2|5|5|5
11201,2,False,2,0,2,2|2|2|2|2|2|2|2|2|2
11209,2,False,2,4,2,2|2|2|3|3|2|3|2|3|2
11211,2,False,2,1,2,2|2|3|2|2|2|2|2|2|2
11233,2,False,2,10,9,9|8|9|9|9|9|9|8|9|9
11237,2,False,2,2,2,2|2|2|3|3|2|2|2|2|2
11239,2,False,2,9,3,3|3|3|3|3|3|3|3|2|3
11250,2,False,2,2,2,2|2|3|2|3|2|2|2|2|2
11255,2,False,2,10,-1,1|3|0|0|0|0|1|8|1|1
11258,2,False,2,6,-1,0|2|0|3|2|0|0|2|3|2
11261,2,False,2,0,2,2|2|2|2|2|2|2|2|2|2
11262,2,False,2,0,2,2|2|2|2|2|2|2|2|2|2
11273,2,False,2,10,3,3|3|3|3|3|3|3|3|3|3
11274,2,False,2,10,3,3|3|3|3|3|3|3|3|3|3
11275,2,False,2,0,2,2|2|2|2|2|2|2|2|2|2
11290,2,False,2,3,2,3|3|2|2|3|2|2|2|2|2
11296,2,False,2,0,2,2|2|2|2|2|2|2|2|2|2
11305,2,False,2,0,2,2|2|2|2|2|2|2|2|2|2
11309,2,False,2,3,2,2|2|2|1|2|2|2|1|2|3
11317,2,False,2,9,3,3|3|3|3|3|3|3|3|3|2
11323,2,False,2,6,3,2|3|3|3|3|3|2|3|2|2
11343,2,False,2,0,2,2|2|2|2|2|2|2|2|2|2
11362,2,False,2,3,2,2|2|3|3|2|2|2|2|2|3
11366,2,False,2,2,2,2|2|2|3|2|2|2|2|2|3
11383,2,False,2,7,3,3|2|1|2|5|3|2|5|3|3
11386,2,False,2,0,2,2|2|2|2|2|2|2|2|2|2
11397,2,False,2,10,0,0|0|0|7|6|0|7|0|0|6
11404,2,False,2,2,2,2|2|2|3|2|2|3|2|2|2
11419,2,False,2,9,5,3|2|1|1|0|5|5|0|5|4
11424,2,False,2,9,3,3|3|3|3|3|3|2|3|3|3
11450,2,False,2,8,8,8|0|8|8|7|8|2|2|8|8
11452,2,False,2,7,3,3|3|3|2|3|2|2|3|3|3
11458,2,False,2,1,2,2|2|6|2|2|2|2|2|2|2
11479,2,False,2,1,2,2|2|2|2|2|2|2|2|2|3
11482,2,False,2,2,2,2|2|2|2|3|2|2|3|2|2
11497,2,False,2,2,2,2|2|2|3|2|2|2|2|3|2
11502,2,False,2,0,2,2|2|2|2|2|2|2|2|2|2
11506,2,False,2,4,2,3|1|2|2|3|2|2|2|2|3
11514,2,False,2,0,2,2|2|2|2|2|2|2|2|2|2
11524,2,False,2,0,2,2|2|2|2|2|2|2|2|2|2
11525,2,False,2,2,2,2|2|2|1|2|2|2|1|2|2
11533,2,False,2,6,3,3|2|3|2|3|2|2|3|3|3
11536,2,False,2,8,0,3|0|2|0|0|0|0|2|0|0
11539,2,False,2,7,3,3|2|3|3|2|3|3|2|3|3
11542,2,False,2,9,3,2|1|3|3|3|3|3|3|3|3
11543,2,False,2,4,2,0|2|2|0|2|0|2|2|2|0
11544,2,False,2,10,1,1|1|1|1|1|1|0|1|1|1
11550,2,False,2,4,2,2|3|2|2|2|3|2|3|2|3
11585,2,False,2,0,2,2|2|2|2|2|2|2|2|2|2
11592,2,False,2,2,2,2|2|3|2|2|2|2|3|2|2
11595,2,False,2,9,-1,1|1|0|1|3|0|0|2|0|1
11596,2,False,2,5,-1,3|2|3|3|2|2|3|2|2|3
11607,2,False,2,0,2,2|2|2|2|2|2|2|2|2|2
11611,2,False,2,3,2,2|2|3|3|2|2|2|2|3|2
11619,2,False,2,8,0,0|0|0|2|0|0|2|1|0|0
11620,2,False,2,4,2,2|2|2|2|3|3|2|2|3|3
11645,2,False,2,1,2,2|2|2|2|2|2|2|3|2|2
11646,2,False,2,10,3,3|3|3|3|3|3|3|3|3|3
11647,2,False,2,0,2,2|2|2|2|2|2|2|2|2|2
11648,2,False,2,10,-1,9|9|9|8|0|8|8|3|9|8
11651,2,False,2,10,3,3|3|3|3|3|3|3|3|3|3
11653,2,False,2,0,2,2|2|2|2|2|2|2|2|2|2
11685,2,False,2,8,3,3|3|3|3|2|3|3|2|3|3
11689,2,False,2,7,-1,3|3|2|0|1|0|3|2|2|1
11692,2,False,2,10,3,3|3|3|3|3|3|3|3|3|3
11696,2,False,2,1,2,2|2|2|2|2|3|2|2|2|2
11703,2,False,2,10,0,0|1|0|0|0|0|0|0|0|0
11725,2,False,2,6,0,2|2|0|0|2|0|0|0|2|0
11731,2,False,2,0,2,2|2|2|2|2|2|2|2|2|2
11734,2,False,2,0,2,2|2|2|2|2|2|2|2|2|2
11743,2,False,2,1,2,2|2|2|2|2|2|2|2|0|2
11758,2,False,2,7,1,1|2|1|1|2|2|4|4|4|1
11791,2,False,2,7,-1,2|3|0|9|2|2|0|4|9|9
11810,2,False,2,10,3,3|3|3|3|1|3|3|3|3|3
11814,2,False,2,0,2,2|2|2|2|2|2|2|2|2|2
11845,2,False,2,3,2,2|2|2|2|2|3|2|2|3|3
11848,2,False,2,6,3,3|2|3|3|2|3|3|2|3|2
11849,2,False,2,8,3,3|2|3|3|3|3|3|2|3|3
11877,2,False,2,2,2,2|2|2|2|2|0|2|2|2|0
11890,2,False,2,0,2,2|2|2|2|2|2|2|2|2|2
11907,2,False,2,10,3,3|3|3|3|3|3|3|3|3|3
11912,2,False,2,8,-1,3|1|1|2|3|1|1|2|3|3
11922,2,False,2,0,2,2|2|2|2|2|2|2|2|2|2
11935,2,False,2,2,2,2|2|2|2|3|2|2|3|2|2
11943,2,False,2,0,2,2|2|2|2|2|2|2|2|2|2
11950,2,False,2,0,2,2|2|2|2|2|2|2|2|2|2
11965,2,False,2,1,2,2|2|2|2|3|2|2|2|2|2
11972,2,False,2,0,2,2|2|2|2|2|2|2|2|2|2
11998,2,False,2,0,2,2|2|2|2|2|2|2|2|2|2
12009,2,False,2,6,0,2|0|0|0|0|2|2|2|0|0
12016,2,False,2,10,8,0|8|8|8|8|8|8|8|8|8
12036,2,False,2,0,2,2|2|2|2|2|2|2|2|2|2
12051,2,False,2,4,2,1|2|2|1|3|2|2|1|2|2
12065,2,False,2,3,2,2|2|2|2|1|2|2|1|2|4
12066,2,False,2,0,2,2|2|2|2|2|2|2|2|2|2
12068,2,False,2,1,2,2|2|2|2|2|2|3|2|2|2
12069,2,False,2,3,2,2|2|2|2|1|2|2|1|2|1
12074,2,False,2,10,1,1|3|1|1|1|1|1|1|3|1
12084,2,False,2,10,3,3|3|3|3|3|3|3|3|3|3
12088,2,False,2,8,3,3|2|3|3|3|3|3|2|3|3
12089,2,False,2,9,3,3|3|3|2|1|0|3|3|0|0
12098,2,False,2,9,3,3|3|3|3|3|3|3|3|3|2
12102,2,False,2,7,6,6|6|2|6|0|2|4|6|2|6
12118,2,False,2,0,2,2|2|2|2|2|2|2|2|2|2
12125,2,False,2,0,2,2|2|2|2|2|2|2|2|2|2
12127,2,False,2,0,2,2|2|2|2|2|2|2|2|2|2
12140,2,False,2,10,0,0|0|0|0|0|0|0|0|0|0
12180,2,False,2,0,2,2|2|2|2|2|2|2|2|2|2
12181,2,False,2,1,2,2|2|2|2|2|5|2|2|2|2
12185,2,False,2,10,4,4|4|4|1|4|4|1|1|4|1
12191,2,False,2,10,4,4|4|4|5|4|4|4|4|5|4
12198,2,False,2,1,2,2|2|2|2|2|2|2|2|3|2
12205,2,False,2,0,2,2|2|2|2|2|2|2|2|2|2
12225,2,False,2,10,3,3|1|3|3|3|3|3|3|3|3
12235,2,False,2,2,2,3|2|3|2|2|2|2|2|2|2
12237,2,False,2,8,3,3|3|2|3|3|3|3|3|3|2
12250,2,False,2,0,2,2|2|2|2|2|2|2|2|2|2
12300,2,False,2,1,2,4|2|2|2|2|2|2|2|2|2
12303,2,False,2,0,2,2|2|2|2|2|2|2|2|2|2
12310,2,False,2,0,2,2|2|2|2|2|2|2|2|2|2
12315,2,False,2,1,2,2|2|2|2|3|2|2|2|2|2
12324,2,False,2,9,3,3|3|3|3|3|3|3|2|3|3
12341,2,False,2,1,2,2|2|2|3|2|2|2|2|2|2
12349,2,False,2,0,2,2|2|2|2|2|2|2|2|2|2
12351,2,False,2,0,2,2|2|2|2|2|2|2|2|2|2
12360,2,False,2,0,2,2|2|2|2|2|2|2|2|2|2
12363,2,False,2,10,3,3|3|3|3|3|3|3|3|3|3
12364,2,False,2,6,3,3|3|3|2|3|2|3|3|2|2
12373,2,False,2,10,3,3|3|3|3|3|3|3|3|3|3
12376,2,False,2,1,2,2|2|2|2|3|2|2|2|2|2
12403,2,False,2,6,3,2|2|3|3|2|3|3|2|3|3
12441,2,False,2,10,0,0|0|0|1|0|0|1|0|1|1
12442,2,False,2,3,2,2|2|2|2|1|2|3|2|2|3
12443,2,False,2,0,2,2|2|2|2|2|2|2|2|2|2
12464,2,False,2,1,2,2|2|2|2|2|2|4|2|2|2
12468,2,False,2,2,2,2|2|3|2|2|2|3|2|2|2
12482,2,False,2,8,3,3|2|3|3|5|3|3|2|3|3
12493,2,False,2,10,1,3|1|1|1|1|1|1|1|3|1
12496,2,False,2,5,-1,2|2|3|3|2|3|3|2|3|2
12498,2,False,2,1,2,2|2|2|3|2|2|2|2|2|2
12506,2,False,2,10,3,3|3|3|3|3|3|3|3|5|5
12511,2,False,2,2,2,2|2|2|3|2|2|3|2|2|2
12513,2,False,2,9,3,3|3|1|1|3|3|3|3|2|3
12521,2,False,2,9,1,1|1|1|1|1|1|1|1|1|2
12525,2,False,2,0,2,2|2|2|2|2|2|2|2|2|2
12537,2,False,2,0,2,2|2|2|2|2|2|2|2|2|2
12546,2,False,2,0,2,2|2|2|2|2|2|2|2|2|2
12552,2,False,2,8,3,3|3|3|3|3|3|3|2|3|2
12571,2,False,2,0,2,2|2|2|2|2|2|2|2|2|2
12572,2,False,2,4,2,2|3|3|2|3|2|2|3|2|2
12590,2,False,2,0,2,2|2|2|2|2|2|2|2|2|2
12601,2,False,2,0,2,2|2|2|2|2|2|2|2|2|2
12610,2,False,2,0,2,2|2|2|2|2|2|2|2|2|2
12614,2,False,2,9,8,9|8|0|8|8|8|0|9|2|8
12616,2,False,2,10,3,3|0|0|0|3|5|3|3|0|3
12634,2,False,2,1,2,2|2|2|2|3|2|2|2|2|2
12636,2,False,2,0,2,2|2|2|2|2|2|2|2|2|2
12643,2,False,2,7,3,3|2|3|3|2|3|3|2|3|3
12659,2,False,2,10,3,3|3|3|3|3|3|3|3|3|3
12665,2,False,2,6,3,3|3|2|3|3|3|1|2|2|2
12670,2,False,2,10,3,3|3|3|3|3|3|3|3|3|3
12677,2,False,2,0,2,2|2|2|2|2|2|2|2|2|2
12698,2,False,2,0,2,2|2|2|2|2|2|2|2|2|2
12711,2,False,2,3,2,2|2|2|2|3|2|2|2|3|3
12742,2,False,2,5,-1,2|2|3|3|3|3|2|2|3|2
12746,2,False,2,0,2,2|2|2|2|2|2|2|2|2|2
12770,2,False,2,3,2,4|2|2|2|2|2|2|2|1|1
12784,2,False,2,10,3,3|3|3|3|3|3|3|3|3|3
12785,2,False,2,7,3,2|3|0|2|3|3|2|3|0|0
12787,2,False,2,8,3,3|2|3|3|3|3|3|2|3|3
12802,2,False,2,8,3,3|2|3|3|3|3|3|3|3|2
12804,2,False,2,5,-1,3|3|3|3|3|2|2|2|2|2
12807,2,False,2,10,1,1|6|1|4|1|1|1|6|1|1
12808,2,False,2,0,2,2|2|2|2|2|2|2|2|2|2
12814,2,False,2,6,3,3|3|2|3|3|2|3|3|2|2
12832,2,False,2,10,4,4|4|4|4|1|4|4|4|4|4
12840,2,False,2,2,2,2|2|2|3|1|2|2|2|2|2
12849,2,False,2,7,3,3|3|2|2|3|3|3|3|2|3
12862,2,False,2,0,2,2|2|2|2|2|2|2|2|2|2
12863,2,False,2,9,1,1|2|1|1|1|1|1|3|1|1
12867,2,False,2,0,2,2|2|2|2|2|2|2|2|2|2
12868,2,False,2,1,2,2|2|2|2|2|2|2|2|3|2
12878,2,False,2,3,2,3|2|3|3|2|2|2|2|2|2
12911,2,False,2,9,4,4|6|4|4|6|4|4|6|2|4
12930,2,False,2,2,2,2|2|2|3|2|2|2|3|2|2
12942,2,False,2,9,3,3|3|3|3|2|3|3|3|3|3
12943,2,False,2,3,2,8|2|9|2|0|2|2|2|2|2
12955,2,False,2,8,-1,3|1|3|2|1|3|2|3|1|1
12958,2,False,2,10,3,3|3|3|3|6|3|3|3|3|4
12963,2,False,2,3,2,2|2|2|2|3|2|2|2|8|8
12964,2,False,2,5,-1,2|3|3|2|3|3|2|3|2|2
12969,2,False,2,1,2,2|2|2|3|2|2|2|2|2|2
12976,2,False,2,4,2,2|3|2|2|3|3|2|3|2|2
12996,2,False,2,10,0,0|0|0|0|0|0|0|0|0|0
13050,2,False,2,6,-1,5|2|2|5|2|0|0|0|0|2
13073,2,False,2,10,3,3|1|3|0|0|0|3|3|3|3
13074,2,False,2,10,3,3|3|3|3|3|3|3|3|3|3
13075,2,False,2,5,2,2|9|1|2|2|2|2|0|1|0
13081,2,False,2,7,3,1|3|3|2|3|2|3|3|2|1
13085,2,False,2,10,3,3|3|3|3|3|3|3|3|3|3
13094,2,False,2,1,2,2|2|2|2|2|2|3|2|2|2
13102,2,False,2,0,2,2|2|2|2|2|2|2|2|2|2
13103,2,False,2,1,2,2|2|2|3|2|2|2|2|2|2
13122,2,False,2,8,3,3|2|3|3|3|3|3|2|3|3
13127,2,False,2,0,2,2|2|2|2|2|2|2|2|2|2
13128,2,False,2,10,0,0|0|0|0|0|0|0|0|0|0
13132,2,False,2,10,6,6|6|4|3|6|4|6|6|6|4
13166,2,False,2,9,0,3|3|0|0|0|9|2|0|0|9
13173,2,False,2,10,3,3|3|3|3|3|3|3|3|3|3
13176,2,False,2,4,2,2|2|2|2|1|2|3|2|3|3
13203,2,False,2,4,2,3|2|0|2|2|8|2|2|0|2
13208,2,False,2,1,2,2|2|2|2|3|2|2|2|2|2
13212,2,False,2,5,-1,3|2|3|2|2|3|3|2|3|2
13219,2,False,2,10,3,3|3|3|3|3|3|3|3|3|3
13242,2,False,2,1,2,2|2|2|2|2|2|2|2|2|0
13259,2,False,2,8,3,3|3|3|3|3|3|2|3|3|2
13270,2,False,2,2,2,2|2|2|2|2|4|4|2|2|2
13285,2,False,2,2,2,2|2|2|2|2|2|2|2|0|4
13292,2,False,2,9,3,3|3|3|3|3|3|2|3|3|3
13297,2,False,2,9,4,4|4|2|4|3|4|4|3|4|4
13316,2,False,2,7,3,3|2|2|3|3|2|3|3|3|3
13317,2,False,2,2,2,2|2|2|2|0|2|2|2|2|3
13340,2,False,2,3,2,2|2|2|2|3|3|2|2|3|2
13350,2,False,2,2,2,0|2|2|2|0|2|2|2|2|2
13360,2,False,2,8,0,3|0|0|2|0|0|2|0|0|0
13367,2,False,2,0,2,2|2|2|2|2|2|2|2|2|2
13428,2,False,2,10,3,3|3|3|3|3|3|3|3|3|3
13435,2,False,2,10,0,0|0|0|0|0|0|0|0|0|0
13442,2,False,2,1,2,2|2|2|3|2|2|2|2|2|2
13473,2,False,2,2,2,3|2|2|2|2|2|2|2|2|3
13502,2,False,2,2,2,2|2|3|3|2|2|2|2|2|2
13518,2,False,2,1,2,2|2|2|2|2|2|2|3|2|2
13535,2,False,2,10,3,3|3|3|3|3|3|3|3|3|3
13542,2,False,2,0,2,2|2|2|2|2|2|2|2|2|2
13544,2,False,2,9,3,3|3|3|3|3|3|3|2|3|3
13556,2,False,2,6,0,2|2|2|0|0|2|3|0|0|0
13564,2,False,2,9,0,8|1|0|9|2|0|0|8|0|0
13571,2,False,2,10,0,9|8|0|0|0|0|0|9|9|9
13573,2,False,2,0,2,2|2|2|2|2|2|2|2|2|2
13585,2,False,2,6,2,2|1|0|2|8|8|8|0|2|2
13588,2,False,2,5,2,2|3|2|2|3|3|2|5|3|2
13589,2,False,2,1,2,2|2|2|2|2|2|2|3|2|2
13597,2,False,2,1,2,2|2|2|2|3|2|2|2|2|2
13598,2,False,2,10,3,3|3|3|3|3|3|3|3|3|3
13601,2,False,2,5,-1,2|2|3|3|3|2|2|3|2|3
13624,2,False,2,9,0,0|0|0|2|3|0|0|3|0|0
13626,2,False,2,1,2,2|2|2|2|2|2|2|3|2|2
13636,2,False,2,1,2,1|2|2|2|2|2|2|2|2|2
13642,2,False,2,9,3,1|3|1|1|2|3|3|4|3|3
13647,2,False,2,0,2,2|2|2|2|2|2|2|2|2|2
13649,2,False,2,1,2,2|2|3|2|2|2|2|2|2|2
13651,2,False,2,2,2,2|3|2|2|2|2|2|2|0|2
13671,2,False,2,3,2,2|2|2|2|6|3|3|2|2|2
13680,2,False,2,0,2,2|2|2|2|2|2|2|2|2|2
13688,2,False,2,9,6,4|6|4|2|6|9|4|6|8|6
13692,2,False,2,0,2,2|2|2|2|2|2|2|2|2|2
13698,2,False,2,6,3,3|2|2|3|3|3|3|3|2|2
13701,2,False,2,9,-1,1|1|3|1|6|1|3|3|3|2
13704,2,False,2,3,2,3|2|2|2|2|2|2|2|3|3
13716,2,False,2,10,9,3|8|0|1|9|0|9|9|0|9
13731,2,False,2,6,3,2|2|3|3|3|2|3|3|3|2
13747,2,False,2,8,3,2|3|3|3|3|3|3|2|3|3
13752,2,False,2,4,2,2|7|2|5|2|2|2|7|0|2
13756,2,False,2,0,2,2|2|2|2|2|2|2|2|2|2
13774,2,False,2,10,5,5|5|3|5|5|5|5|5|5|5
13780,2,False,2,4,2,3|3|2|2|3|2|2|3|2|2
13793,2,False,2,2,2,2|2|2|2|3|2|2|2|2|3
13797,2,False,2,0,2,2|2|2|2|2|2|2|2|2|2
13808,2,False,2,10,0,0|0|9|5|0|0|0|0|0|8
13811,2,False,2,1,2,2|3|2|2|2|2|2|2|2|2
13812,2,False,2,9,3,3|3|3|3|3|3|2|3|3|3
13827,2,False,2,8,3,3|3|3|3|2|3|3|2|3|3
13834,2,False,2,10,0,0|0|0|0|9|0|0|0|0|0
13836,2,False,2,7,3,3|2|3|3|2|3|3|2|3|3
13842,2,False,2,1,2,2|6|2|2|2|2|2|2|2|2
13854,2,False,2,10,1,1|1|1|1|1|1|1|3|1|3
13857,2,False,2,3,2,2|2|2|2|1|3|2|3|2|2
13862,2,False,2,9,3,3|3|3|3|2|3|3|3|3|0
13863,2,False,2,9,3,3|3|3|3|3|2|3|3|3|3
13866,2,False,2,9,3,1|0|3|2|3|0|0|3|3|3
13921,2,False,2,3,2,1|2|2|1|2|2|1|2|2|2
13931,2,False,2,7,3,3|2|2|2|3|1|3|1|3|3
13933,2,False,2,0,2,2|2|2|2|2|2|2|2|2|2
13940,2,False,2,10,6,6|6|6|6|6|6|6|6|6|6
13943,2,False,2,3,2,3|3|2|2|2|2|2|2|3|2
13946,2,False,2,2,2,2|0|2|2|2|2|2|2|0|2
13948,2,False,2,4,2,3|2|3|3|3|2|2|2|2|2
13969,2,False,2,1,2,2|2|2|2|2|2|2|0|2|2
13972,2,False,2,0,2,2|2|2|2|2|2|2|2|2|2
13974,2,False,2,1,2,2|2|3|2|2|2|2|2|2|2
13975,2,False,2,9,5,5|3|5|2|0|3|5|0|5|0
13999,2,False,2,10,0,0|0|7|0|8|0|0|9|0|9
14011,2,False,2,4,2,2|4|2|4|2|2|3|2|3|2
14013,2,False,2,8,0,0|0|0|0|2|0|0|0|0|2
14030,2,False,2,0,2,2|2|2|2|2|2|2|2|2|2
14034,2,False,2,9,1,2|1|3|1|5|1|1|1|5|3
14052,2,False,2,9,3,3|4|3|4|3|4|2|4|3|3
14099,2,False,2,10,3,3|3|3|3|3|3|3|3|3|3
14101,2,False,2,7,3,3|3|3|3|1|2|2|2|3|3
14102,2,False,2,0,2,2|2|2|2|2|2|2|2|2|2
14106,2,False,2,2,2,2|2|2|2|2|3|2|2|2|3
14111,2,False,2,6,-1,4|2|4|2|2|5|5|2|4|4
14113,2,False,2,4,2,3|2|3|2|3|2|2|3|2|2
14114,2,False,2,0,2,2|2|2|2|2|2|2|2|2|2
14120,2,False,2,10,6,6|6|6|6|6|6|6|6|6|6
14133,2,False,2,0,2,2|2|2|2|2|2|2|2|2|2
14135,2,False,2,0,2,2|2|2|2|2|2|2|2|2|2
14150,2,False,2,9,3,3|3|3|3|0|3|3|2|3|3
14164,2,False,2,10,-1,1|1|3|3|1|3|1|3|1|3
14184,2,False,2,5,-1,3|2|2|3|2|2|3|3|3|2
14192,2,False,2,9,3,3|3|3|3|3|3|3|2|3|3
14198,2,False,2,0,2,2|2|2|2|2|2|2|2|2|2
14204,2,False,2,0,2,2|2|2|2|2|2|2|2|2|2
14242,2,False,2,5,-1,2|2|3|2|3|2|3|3|2|3
14244,2,False,2,2,2,2|0|0|2|2|2|2|2|2|2
14250,2,False,2,4,2,2|2|2|1|2|1|1|2|1|2
14254,2,False,2,2,2,2|2|2|3|3|2|2|2|2|2
14257,2,False,2,7,0,0|2|0|1|2|0|1|3|0|2
14274,2,False,2,10,-1,1|3|1|1|1|3|1|3|3|3
14280,2,False,2,8,3,3|3|0|3|3|2|0|2|3|0
14300,2,False,2,7,0,3|0|2|2|0|0|2|3|0|0
14302,2,False,2,6,3,3|2|2|3|3|2|3|3|2|3
14315,2,False,2,3,2,1|2|2|1|2|2|2|2|2|1
14322,2,False,2,3,2,3|3|2|2|2|2|2|3|2|2
14325,2,False,2,0,2,2|2|2|2|2|2|2|2|2|2
14327,2,False,2,10,3,3|3|3|3|3|3|3|3|3|3
14364,2,False,2,0,2,2|2|2|2|2|2|2|2|2|2
14379,2,False,2,0,2,2|2|2|2|2|2|2|2|2|2
14408,2,False,2,6,2,2|2|2|1|0|1|2|3|3|3
14410,2,False,2,1,2,2|2|2|2|3|2|2|2|2|2
14452,2,False,2,8,1,1|1|1|2|4|1|1|1|2|1
14454,2,False,2,4,2,3|2|2|3|2|2|3|2|3|2
14455,2,False,2,10,3,3|3|3|3|3|3|3|3|3|3
14461,2,False,2,6,-1,2|2|0|2|9|9|0|2|0|0
14464,2,False,2,6,3,3|2|2|3|3|3|3|2|3|2
14491,2,False,2,8,3,3|2|2|3|3|3|3|3|3|3
14498,2,False,2,10,3,3|3|3|3|3|3|3|3|3|3
14510,2,False,2,10,3,3|3|3|3|3|3|3|3|3|3
14523,2,False,2,6,1,1|1|1|2|2|1|2|2|1|3
14527,2,False,2,4,2,2|8|2|2|3|2|2|1|2|3
14530,2,False,2,0,2,2|2|2|2|2|2|2|2|2|2
14554,2,False,2,2,2,2|2|2|2|3|2|2|3|2|2
14569,2,False,2,4,2,2|3|2|2|2|3|2|2|3|3
14573,2,False,2,0,2,2|2|2|2|2|2|2|2|2|2
14575,2,False,2,9,1,1|1|1|1|1|1|1|1|2|1
14595,2,False,2,6,3,2|3|2|3|3|3|3|2|2|3
14601,2,False,2,6,2,1|3|2|1|9|2|2|2|9|9
14618,2,False,2,0,2,2|2|2|2|2|2|2|2|2|2
14645,2,False,2,8,1,2|0|2|1|1|0|1|1|1|3
14669,2,False,2,4,2,3|2|2|3|2|3|3|2|2|2
14678,2,False,2,2,2,2|2|2|2|2|2|2|3|2|3
14689,2,False,2,1,2,2|2|2|2|2|2|2|2|2|3
14693,2,False,2,2,2,2|2|2|2|3|2|2|5|2|2
14701,2,False,2,6,3,2|2|3|3|3|2|3|3|2|3
14705,2,False,2,0,2,2|2|2|2|2|2|2|2|2|2
14708,2,False,2,10,3,1|3|3|1|3|1|3|1|3|3
14713,2,False,2,9,3,3|2|3|3|3|3|3|3|3|3
14720,2,False,2,10,3,3|3|3|3|1|3|3|0|3|3
14730,2,False,2,2,2,2|2|2|2|3|2|2|3|2|2
14750,2,False,2,3,2,2|2|2|2|2|2|2|3|3|3
14772,2,False,2,8,1,1|3|3|1|2|3|1|2|1|1
14774,2,False,2,2,2,2|2|0|2|2|2|0|2|2|2
14780,2,False,2,0,2,2|2|2|2|2|2|2|2|2|2
14785,2,False,2,4,2,2|2|2|0|0|2|0|2|0|2
14786,2,False,2,8,3,3|2|3|3|3|3|3|3|2|3
14787,2,False,2,0,2,2|2|2|2|2|2|2|2|2|2
14792,2,False,2,8,-1,1|1|3|2|3|3|3|2|1|1
14801,2,False,2,10,6,6|6|6|6|6|6|7|0|6|6
14830,2,False,2,0,2,2|2|2|2|2|2|2|2|2|2
14838,2,False,2,2,2,2|2|2|1|2|2|2|2|0|2
14840,2,False,2,9,8,0|8|8|8|8|8|5|8|2|8
14843,2,False,2,3,2,1|1|2|1|2|2|2|2|2|2
14850,2,False,2,7,3,3|2|3|2|0|3|3|3|2|3
14853,2,False,2,10,3,3|3|3|3|3|3|3|3|3|3
14866,2,False,2,2,2,2|2|2|3|2|2|2|3|2|2
14901,2,False,2,0,2,2|2|2|2|2|2|2|2|2|2
14909,2,False,2,0,2,2|2|2|2|2|2|2|2|2|2
14924,2,False,2,0,2,2|2|2|2|2|2|2|2|2|2
14929,2,False,2,6,3,2|3|3|3|2|3|3|2|2|3
14933,2,False,2,0,2,2|2|2|2|2|2|2|2|2|2
14936,2,False,2,3,2,3|2|2|3|2|2|2|3|2|2
14945,2,False,2,3,2,1|2|2|2|2|5|2|2|2|4
14950,2,False,2,0,2,2|2|2|2|2|2|2|2|2|2
14957,2,False,2,0,2,2|2|2|2|2|2|2|2|2|2
14964,2,False,2,9,3,2|3|3|3|3|3|3|3|3|3
14976,2,False,2,3,2,2|2|2|2|7|5|2|7|2|2
14986,2,False,2,9,-1,5|2|5|3|3|4|5|3|5|3
14987,2,False,2,0,2,2|2|2|2|2|2|2|2|2|2
15014,2,False,2,0,2,2|2|2|2|2|2|2|2|2|2
15018,2,False,2,1,2,2|2|2|2|2|1|2|2|2|2
15028,2,False,2,9,3,2|3|3|3|3|3|3|3|3|3
15032,2,False,2,9,3,3|3|3|3|3|2|3|3|3|3
15034,2,False,2,0,2,2|2|2|2|2|2|2|2|2|2
15046,2,False,2,0,2,2|2|2|2|2|2|2|2|2|2
15049,2,False,2,0,2,2|2|2|2|2|2|2|2|2|2
15063,2,False,2,2,2,3|2|2|3|2|2|2|2|2|2
15077,2,False,2,0,2,2|2|2|2|2|2|2|2|2|2
15088,2,False,2,5,2,2|3|1|2|2|2|1|0|2|1
15100,2,False,2,0,2,2|2|2|2|2|2|2|2|2|2
15123,2,False,2,2,2,0|2|2|2|2|2|0|2|2|2
15129,2,False,2,4,2,8|2|8|2|8|2|8|2|2|2
15130,2,False,2,2,2,2|2|2|3|2|2|2|2|2|3
15138,2,False,2,0,2,2|2|2|2|2|2|2|2|2|2
15148,2,False,2,0,2,2|2|2|2|2|2|2|2|2|2
15169,3,False,3,10,2,0|2|2|2|2|2|2|2|2|2
15184,3,False,3,0,3,3|3|3|3|3|3|3|3|3|3
15199,3,False,3,0,3,3|3|3|3|3|3|3|3|3|3
15214,3,False,3,4,3,1|3|3|3|1|3|1|1|3|3
15215,3,False,3,8,2,2|3|1|2|2|3|1|2|2|2
15225,3,False,3,0,3,3|3|3|3|3|3|3|3|3|3
15242,3,False,3,2,3,3|3|5|3|0|3|3|3|3|3
15248,3,False,3,2,3,3|1|3|3|3|3|3|5|3|3
15250,3,False,3,6,2,2|2|2|3|2|2|3|2|3|3
15260,3,False,3,0,3,3|3|3|3|3|3|3|3|3|3
15280,3,False,3,0,3,3|3|3|3|3|3|3|3|3|3
15283,3,False,3,4,3,3|2|3|2|3|3|2|3|2|3
15285,3,False,3,0,3,3|3|3|3|3|3|3|3|3|3
15296,3,False,3,6,2,2|3|2|2|3|2|2|3|2|3
15302,3,False,3,2,3,3|3|3|3|3|3|2|3|3|2
15320,3,False,3,2,3,3|3|3|3|3|3|3|2|1|3
15328,3,False,3,3,3,0|3|3|3|3|2|3|3|2|3
15331,3,False,3,10,2,2|2|2|2|2|2|2|2|2|2
15340,3,False,3,10,0,1|1|2|2|0|0|2|0|0|0
15341,3,False,3,10,1,1|1|1|1|5|1|1|5|1|7
15343,3,False,3,0,3,3|3|3|3|3|3|3|3|3|3
15344,3,False,3,0,3,3|3|3|3|3|3|3|3|3|3
15350,3,False,3,0,3,3|3|3|3|3|3|3|3|3|3
15352,3,False,3,0,3,3|3|3|3|3|3|3|3|3|3
15355,3,False,3,7,1,1|2|1|1|0|2|3|1|3|3
15359,3,False,3,9,2,2|2|3|2|2|2|2|2|2|2
15363,3,False,3,7,2,1|1|2|2|2|1|3|3|3|2
15366,3,False,3,2,3,3|3|3|3|3|3|2|3|2|3
15389,3,False,3,9,2,2|2|3|2|2|2|2|2|2|2
15395,3,False,3,1,3,3|2|3|3|3|3|3|3|3|3
15401,3,False,3,10,0,0|0|0|1|0|0|1|0|0|1
15403,3,False,3,1,3,3|2|3|3|3|3|3|3|3|3
15408,3,False,3,2,3,3|3|3|3|3|0|7|3|3|3
15410,3,False,3,10,8,0|2|8|8|8|2|1|8|2|8
15420,3,False,3,0,3,3|3|3|3|3|3|3|3|3|3
15421,3,False,3,10,2,2|2|2|2|2|2|2|2|0|2
15425,3,False,3,1,3,3|3|3|3|3|3|3|2|3|3
15440,3,False,3,4,3,5|5|3|3|3|5|3|5|3|3
15449,3,False,3,1,3,3|3|3|3|3|3|3|2|3|3
15452,3,False,3,6,-1,3|3|3|3|0|2|2|8|2|2
15455,3,False,3,1,3,4|3|3|3|3|3|3|3|3|3
15457,3,False,3,2,3,3|3|3|3|3|3|1|1|3|3
15461,3,False,3,8,2,2|2|3|2|2|2|3|2|2|2
15473,3,False,3,5,-1,2|2|3|3|3|2|2|2|3|3
15488,3,False,3,4,3,3|3|3|3|3|1|1|3|1|1
15494,3,False,3,9,7,7|3|7|6|6|7|1|7|1|1
15498,3,False,3,0,3,3|3|3|3|3|3|3|3|3|3
15522,3,False,3,0,3,3|3|3|3|3|3|3|3|3|3
15548,3,False,3,10,2,2|4|2|2|2|2|2|2|2|0
15565,3,False,3,0,3,3|3|3|3|3|3|3|3|3|3
15568,3,False,3,0,3,3|3|3|3|3|3|3|3|3|3
15605,3,False,3,3,3,3|3|3|3|2|2|2|3|3|3
15608,3,False,3,0,3,3|3|3|3|3|3|3|3|3|3
15620,3,False,3,0,3,3|3|3|3|3|3|3|3|3|3
15639,3,False,3,0,3,3|3|3|3|3|3|3|3|3|3
15642,3,False,3,7,2,3|2|2|2|2|1|2|3|2|3
15663,3,False,3,0,3,3|3|3|3|3|3|3|3|3|3
15676,3,False,3,0,3,3|3|3|3|3|3|3|3|3|3
15679,3,False,3,5,-1,1|1|3|3|3|3|1|3|1|1
15722,3,False,3,0,3,3|3|3|3|3|3|3|3|3|3
15763,3,False,3,10,2,8|2|8|2|2|2|2|2|2|2
15769,3,False,3,1,3,3|3|2|3|3|3|3|3|3|3
15787,3,False,3,0,3,3|3|3|3|3|3|3|3|3|3
15821,3,False,3,10,2,2|2|0|2|2|0|0|2|2|2
15823,3,False,3,5,-1,3|3|3|2|3|2|2|3|2|2
15824,3,False,3,4,3,3|3|4|4|4|3|3|3|3|4
15825,3,False,3,4,3,4|4|3|3|3|3|3|3|4|4
15827,3,False,3,0,3,3|3|3|3|3|3|3|3|3|3
15828,3,False,3,6,2,3|3|2|2|3|2|2|3|2|2
15834,3,False,3,0,3,3|3|3|3|3|3|3|3|3|3
15839,3,False,3,3,3,3|2|3|3|2|3|3|2|3|3
15849,3,False,3,0,3,3|3|3|3|3|3|3|3|3|3
15860,3,False,3,10,2,2|2|2|2|2|2|2|2|2|2
15865,3,False,3,0,3,3|3|3|3|3|3|3|3|3|3
15866,3,False,3,1,3,3|3|3|3|3|3|3|3|3|2
15869,3,False,3,6,-1,4|3|3|4|3|1|7|3|4|4
15871,3,False,3,4,3,1|2|2|3|2|3|3|3|3|3
15876,3,False,3,5,-1,2|2|3|3|3|2|3|3|2|2
15882,3,False,3,2,3,3|0|3|3|0|3|3|3|3|3
15883,3,False,3,2,3,3|3|3|3|3|3|3|0|0|3
15896,3,False,3,1,3,3|2|3|3|3|3|3|3|3|3
15905,3,False,3,0,3,3|3|3|3|3|3|3|3|3|3
15909,3,False,3,3,3,3|1|3|3|3|3|3|4|3|1
15920,3,False,3,2,3,3|3|3|3|2|3|5|3|3|3
15922,3,False,3,6,3,1|2|0|3|0|0|3|3|2|3
15934,3,False,3,1,3,3|2|3|3|3|3|3|3|3|3
15943,3,False,3,2,3,3|3|0|3|3|3|3|3|3|1
15946,3,False,3,0,3,3|3|3|3|3|3|3|3|3|3
15962,3,False,3,5,-1,1|1|1|3|1|3|3|3|1|3
15968,3,False,3,10,2,2|2|2|2|2|2|2|2|2|2
16004,3,False,3,0,3,3|3|3|3|3|3|3|3|3|3
16005,3,False,3,6,-1,3|2|3|0|3|0|0|1|0|3
16018,3,False,3,3,3,1|3|3|1|3|3|3|2|3|3
16020,3,False,3,2,3,3|3|3|3|3|3|3|2|3|2
16023,3,False,3,8,4,4|3|5|4|4|4|5|3|5|2
16041,3,False,3,1,3,3|1|3|3|3|3|3|3|3|3
16065,3,False,3,9,5,5|5|3|5|5|4|5|5|5|5
16073,3,False,3,2,3,3|2|3|3|3|3|3|2|3|3
16076,3,False,3,0,3,3|3|3|3|3|3|3|3|3|3
16080,3,False,3,1,3,1|3|3|3|3|3|3|3|3|3
16083,3,False,3,0,3,3|3|3|3|3|3|3|3|3|3
16089,3,False,3,2,3,3|2|3|3|3|3|3|2|3|3
16105,3,False,3,10,1,1|1|1|1|1|1|1|1|1|1
16143,3,False,3,2,3,2|3|3|3|3|3|3|3|2|3
16145,3,False,3,0,3,3|3|3|3|3|3|3|3|3|3
16147,3,False,3,0,3,3|3|3|3|3|3|3|3|3|3
16151,3,False,3,1,3,3|3|3|3|3|3|3|2|3|3
16169,3,False,3,8,2,0|0|2|2|3|2|0|3|2|2
16172,3,False,3,4,3,1|3|1|3|3|3|1|3|1|3
16175,3,False,3,0,3,3|3|3|3|3|3|3|3|3|3
16180,3,False,3,10,2,2|2|2|2|2|4|2|2|2|6
16187,3,False,3,5,3,1|3|3|1|3|1|1|3|5|3
16195,3,False,3,9,0,0|0|3|8|0|9|0|0|0|0
16202,3,False,3,9,1,9|1|1|3|1|8|8|1|9|0
16205,3,False,3,0,3,3|3|3|3|3|3|3|3|3|3
16248,3,False,3,0,3,3|3|3|3|3|3|3|3|3|3
16265,3,False,3,6,5,5|5|3|5|3|3|5|5|3|5
16266,3,False,3,5,3,3|5|3|5|5|1|3|3|1|3
16280,3,False,3,10,2,2|2|2|2|2|2|2|2|2|2
16285,3,False,3,4,3,3|2|2|3|3|2|3|3|2|3
16289,3,False,3,10,2,2|2|2|2|2|2|2|2|2|2
16327,3,False,3,3,3,1|3|3|1|3|3|3|2|3|3
16340,3,False,3,0,3,3|3|3|3|3|3|3|3|3|3
16352,3,False,3,10,0,9|9|9|8|1|0|0|0|0|0
16360,3,False,3,1,3,3|3|3|3|1|3|3|3|3|3
16361,3,False,3,1,3,3|2|3|3|3|3|3|3|3|3
16376,3,False,3,10,1,1|1|1|1|1|1|2|1|1|1
16381,3,False,3,3,3,3|2|3|2|3|3|3|2|3|3
16384,3,False,3,9,2,2|2|2|2|2|1|3|2|2|0
16394,3,False,3,2,3,3|3|3|3|3|2|1|3|3|3
16428,3,False,3,3,3,3|2|3|3|3|2|3|2|3|3
16435,3,False,3,0,3,3|3|3|3|3|3|3|3|3|3
16458,3,False,3,1,3,3|3|3|3|3|0|3|3|3|3
16473,3,False,3,10,8,8|0|0|8|0|8|8|8|0|8
16485,3,False,3,10,4,4|4|5|4|4|4|4|2|5|5
16486,3,False,3,0,3,3|3|3|3|3|3|3|3|3|3
16498,3,False,3,0,3,3|3|3|3|3|3|3|3|3|3
16503,3,False,3,5,3,1|4|2|3|3|3|3|0|3|4
16511,3,False,3,10,1,1|1|1|1|1|1|1|1|1|1
16527,3,False,3,8,5,5|4|5|3|3|4|5|2|5|2
16534,3,False,3,1,3,3|3|3|3|3|3|3|2|3|3
16540,3,False,3,0,3,3|3|3|3|3|3|3|3|3|3
16548,3,False,3,0,3,3|3|3|3|3|3|3|3|3|3
16558,3,False,3,8,2,3|2|2|2|2|3|2|2|1|1
16562,3,False,3,0,3,3|3|3|3|3|3|3|3|3|3
16569,3,False,3,2,3,3|3|2|3|3|3|3|2|3|3
16576,3,False,3,10,0,0|0|0|0|0|0|0|8|0|0
16586,3,False,3,1,3,3|3|3|3|3|3|3|2|3|3
16589,3,False,3,8,2,3|0|2|2|4|2|3|2|0|0
16598,3,False,3,1,3,3|2|3|3|3|3|3|3|3|3
16607,3,False,3,0,3,3|3|3|3|3|3|3|3|3|3
16608,3,False,3,9,2,2|2|2|2|3|2|2|0|2|2
16615,3,False,3,8,2,2|2|3|3|2|7|7|2|2|2
16675,3,False,3,0,3,3|3|3|3|3|3|3|3|3|3
16685,3,False,3,6,2,3|2|3|3|2|2|2|2|3|2
16688,3,False,3,10,9,2|9|9|9|9|2|9|9|9|9
16691,3,False,3,2,3,3|2|3|3|3|3|2|3|3|3
16696,3,False,3,0,3,3|3|3|3|3|3|3|3|3|3
16720,3,False,3,3,3,2|3|3|2|3|3|3|3|3|2
16760,3,False,3,8,2,2|2|2|3|2|2|2|3|2|2
16772,3,False,3,0,3,3|3|3|3|3|3|3|3|3|3
16774,3,False,3,4,3,3|1|3|3|1|3|3|1|3|1
16784,3,False,3,6,2,3|2|3|2|2|3|2|2|2|3
16786,3,False,3,5,-1,2|3|3|3|3|2|3|2|2|2
16796,3,False,3,0,3,3|3|3|3|3|3|3|3|3|3
16802,3,False,3,0,3,3|3|3|3|3|3|3|3|3|3
16819,3,False,3,3,3,3|3|3|3|3|3|2|2|3|2
16836,3,False,3,10,2,2|2|2|2|2|2|2|2|2|2
16847,3,False,3,0,3,3|3|3|3|3|3|3|3|3|3
16864,3,False,3,0,3,3|3|3|3|3|3|3|3|3|3
16873,3,False,3,1,3,3|3|3|3|2|3|3|3|3|3
16878,3,False,3,0,3,3|3|3|3|3|3|3|3|3|3
16879,3,False,3,8,2,2|2|2|2|2|2|2|3|3|2
16900,3,False,3,0,3,3|3|3|3|3|3|3|3|3|3
16914,3,False,3,3,3,3|3|3|3|3|2|3|2|3|2
16930,3,False,3,0,3,3|3|3|3|3|3|3|3|3|3
16934,3,False,3,5,-1,2|2|2|3|3|2|3|3|3|2
16943,3,False,3,10,0,0|8|8|0|0|0|0|2|2|0
16963,3,False,3,0,3,3|3|3|3|3|3|3|3|3|3
16966,3,False,3,0,3,3|3|3|3|3|3|3|3|3|3
16967,3,False,3,6,-1,2|3|0|2|3|0|0|3|0|3
16972,3,False,3,0,3,3|3|3|3|3|3|3|3|3|3
16976,3,False,3,5,-1,3|2|3|3|3|2|2|2|2|3
16984,3,False,3,3,3,3|2|3|3|2|1|3|3|3|3
16992,3,False,3,2,3,3|3|3|3|2|3|3|2|3|3
17011,3,False,3,4,3,3|2|3|3|3|2|3|3|2|2
17024,3,False,3,5,3,1|1|3|3|1|3|1|5|3|3
17027,3,False,3,0,3,3|3|3|3|3|3|3|3|3|3
17030,3,False,3,0,3,3|3|3|3|3|3|3|3|3|3
17065,3,False,3,0,3,3|3|3|3|3|3|3|3|3|3
17083,3,False,3,1,3,3|3|1|3|3|3|3|3|3|3
17084,3,False,3,0,3,3|3|3|3|3|3|3|3|3|3
17089,3,False,3,0,3,3|3|3|3|3|3|3|3|3|3
17105,3,False,3,9,2,2|2|2|3|2|2|2|2|2|2
17109,3,False,3,7,2,3|3|2|2|2|2|2|2|3|2
17114,3,False,3,10,0,0|0|0|1|2|0|0|0|0|0
17135,3,False,3,5,3,4|3|4|4|3|3|4|1|3|3
17159,3,False,3,10,1,1|1|0|1|2|1|1|1|0|1
17195,3,False,3,3,3,3|2|3|3|3|3|2|2|3|3
17200,3,False,3,10,2,2|2|2|2|2|2|2|2|2|2
17209,3,False,3,1,3,3|2|3|3|3|3|3|3|3|3
17219,3,False,3,9,0,0|3|0|0|0|0|0|0|0|0
17227,3,False,3,0,3,3|3|3|3|3|3|3|3|3|3
17230,3,False,3,9,2,2|2|2|3|2|2|2|2|2|2
17232,3,False,3,8,2,2|3|2|2|3|2|2|2|2|2
17240,3,False,3,2,3,3|2|3|3|3|3|3|2|3|3
17242,3,False,3,0,3,3|3|3|3|3|3|3|3|3|3
17246,3,False,3,0,3,3|3|3|3|3|3|3|3|3|3
17247,3,False,3,2,3,3|2|3|3|2|3|3|3|3|3
17251,3,False,3,0,3,3|3|3|3|3|3|3|3|3|3
17266,3,False,3,3,3,3|3|4|3|3|3|5|3|5|3
17288,3,False,3,2,3,3|3|3|3|2|3|2|3|3|3
17299,3,False,3,1,3,2|3|3|3|3|3|3|3|3|3
17317,3,False,3,10,0,0|0|0|0|0|0|0|0|0|0
17321,3,False,3,0,3,3|3|3|3|3|3|3|3|3|3
17323,3,False,3,6,2,3|2|2|3|2|3|2|2|3|2
17330,3,False,3,3,3,3|1|3|3|2|3|3|1|3|3
17339,3,False,3,7,5,3|3|5|5|5|5|5|5|3|5
17343,3,False,3,1,3,3|3|3|3|3|3|3|2|3|3
17344,3,False,3,9,0,1|1|2|0|2|0|0|3|0|1
17354,3,False,3,2,3,3|2|3|3|3|3|3|2|3|3
17361,3,False,3,6,2,2|3|2|3|3|2|3|2|2|2
17365,3,False,3,7,2,3|2|2|2|3|2|3|2|2|2
17366,3,False,3,8,5,5|5|5|5|3|5|5|5|3|5
17371,3,False,3,10,2,2|2|2|2|2|2|2|2|2|2
17376,3,False,3,0,3,3|3|3|3|3|3|3|3|3|3
17379,3,False,3,0,3,3|3|3|3|3|3|3|3|3|3
17425,3,False,3,0,3,3|3|3|3|3|3|3|3|3|3
17433,3,False,3,0,3,3|3|3|3|3|3|3|3|3|3
17438,3,False,3,2,3,3|2|3|3|2|3|3|3|3|3
17447,3,False,3,0,3,3|3|3|3|3|3|3|3|3|3
17448,3,False,3,5,3,5|1|3|3|3|5|3|5|3|5
17468,3,False,3,1,3,2|3|3|3|3|3|3|3|3|3
17478,3,False,3,9,2,2|2|2|2|2|2|2|1|2|3
17482,3,False,3,9,2,2|2|2|3|2|2|2|2|2|2
17490,3,False,3,3,3,5|3|3|3|3|1|3|3|3|5
17495,3,False,3,9,2,2|2|2|2|3|2|2|2|2|2
17497,3,False,3,4,3,3|0|2|0|3|0|3|3|3|3
17506,3,False,3,7,-1,3|0|2|1|1|7|9|3|1|3
17508,3,False,3,1,3,3|3|3|3|3|3|3|3|3|2
17513,3,False,3,10,2,2|2|2|2|2|2|2|2|2|2
17515,3,False,3,9,0,0|0|2|0|2|0|0|3|0|0
17516,3,False,3,0,3,3|3|3|3|3|3|3|3|3|3
17530,3,False,3,4,3,3|3|3|0|3|2|2|3|2|3
17540,3,False,3,10,4,2|0|4|8|2|6|0|6|4|4
17547,3,False,3,1,3,3|3|3|3|2|3|3|3|3|3
17549,3,False,3,0,3,3|3|3|3|3|3|3|3|3|3
17551,3,False,3,0,3,3|3|3|3|3|3|3|3|3|3
17572,3,False,3,1,3,3|3|3|3|3|3|3|2|3|3
17578,3,False,3,5,3,3|3|3|2|1|3|2|2|2|3
17607,3,False,3,0,3,3|3|3|3|3|3|3|3|3|3
17627,3,False,3,3,3,2|2|3|3|2|3|3|3|3|3
17629,3,False,3,1,3,3|3|3|3|2|3|3|3|3|3
17643,3,False,3,1,3,3|3|1|3|3|3|3|3|3|3
17646,3,False,3,10,5,5|5|5|5|5|5|5|5|5|5
17648,3,False,3,0,3,3|3|3|3|3|3|3|3|3|3
17656,3,False,3,3,3,3|2|3|3|2|3|3|2|3|3
17657,3,False,3,7,1,1|3|1|1|3|1|1|1|1|3
17665,3,False,3,6,3,5|3|3|0|6|3|0|2|3|0
17668,3,False,3,10,2,2|2|8|2|2|8|2|2|2|9
17689,3,False,3,5,3,2|3|4|3|3|2|2|3|3|2
17694,3,False,3,0,3,3|3|3|3|3|3|3|3|3|3
17706,3,False,3,4,3,3|2|1|3|1|3|3|1|3|3
17711,3,False,3,8,1,1|1|1|1|3|1|2|3|1|1
17725,3,False,3,0,3,3|3|3|3|3|3|3|3|3|3
17730,3,False,3,0,3,3|3|3|3|3|3|3|3|3|3
17741,3,False,3,0,3,3|3|3|3|3|3|3|3|3|3
17746,3,False,3,4,3,3|2|3|2|3|2|3|3|3|2
17753,3,False,3,4,3,5|2|3|3|3|5|5|3|3|3
17756,3,False,3,1,3,3|3|3|3|3|3|2|3|3|3
17799,3,False,3,0,3,3|3|3|3|3|3|3|3|3|3
17803,3,False,3,0,3,3|3|3|3|3|3|3|3|3|3
17804,3,False,3,0,3,3|3|3|3|3|3|3|3|3|3
17815,3,False,3,10,4,4|4|4|4|0|2|4|0|4|2
17858,3,False,3,3,3,3|2|3|3|2|3|3|2|3|3
17861,3,False,3,2,3,3|3|3|3|3|3|3|5|3|4
17865,3,False,3,0,3,3|3|3|3|3|3|3|3|3|3
17882,3,False,3,0,3,3|3|3|3|3|3|3|3|3|3
17929,3,False,3,8,2,1|3|2|2|2|2|2|2|2|3
17934,3,False,3,0,3,3|3|3|3|3|3|3|3|3|3
17935,3,False,3,4,3,2|3|2|3|3|2|2|3|3|3
17952,3,False,3,0,3,3|3|3|3|3|3|3|3|3|3
17954,3,False,3,0,3,3|3|3|3|3|3|3|3|3|3
17955,3,False,3,0,3,3|3|3|3|3|3|3|3|3|3
17967,3,False,3,0,3,3|3|3|3|3|3|3|3|3|3
17978,3,False,3,6,2,2|2|1|3|2|2|2|3|3|3
17988,3,False,3,0,3,3|3|3|3|3|3|3|3|3|3
17991,3,False,3,0,3,3|3|3|3|3|3|3|3|3|3
17994,3,False,3,6,3,3|0|3|1|1|5|5|3|5|3
18008,3,False,3,2,3,3|3|5|3|3|3|3|4|3|3
18017,3,False,3,0,3,3|3|3|3|3|3|3|3|3|3
18019,3,False,3,0,3,3|3|3|3|3|3|3|3|3|3
18029,3,False,3,2,3,5|3|3|1|3|3|3|3|3|3
18048,3,False,3,0,3,3|3|3|3|3|3|3|3|3|3
18049,3,False,3,10,2,2|2|2|2|2|2|2|2|2|2
18062,3,False,3,10,1,1|1|1|1|1|1|1|4|1|1
18072,3,False,3,0,3,3|3|3|3|3|3|3|3|3|3
18073,3,False,3,0,3,3|3|3|3|3|3|3|3|3|3
18085,3,False,3,1,3,3|2|3|3|3|3|3|3|3|3
18090,3,False,3,7,1,3|1|1|1|3|1|1|3|1|1
18104,3,False,3,0,3,3|3|3|3|3|3|3|3|3|3
18120,3,False,3,4,3,3|2|3|3|2|3|2|3|2|3
18124,3,False,3,2,3,3|3|2|3|3|3|2|3|3|3
18131,3,False,3,1,3,5|3|3|3|3|3|3|3|3|3
18134,3,False,3,10,0,0|1|0|0|0|0|0|0|0|0
18136,3,False,3,1,3,3|3|3|3|3|2|3|3|3|3
18145,3,False,3,5,-1,0|3|3|3|0|0|3|3|0|0
18155,3,False,3,0,3,3|3|3|3|3|3|3|3|3|3
18157,3,False,3,0,3,3|3|3|3|3|3|3|3|3|3
18173,3,False,3,1,3,3|3|3|3|3|3|3|2|3|3
18203,3,False,3,0,3,3|3|3|3|3|3|3|3|3|3
18223,3,False,3,8,2,2|2|2|3|2|2|2|3|2|2
18229,3,False,3,1,3,3|3|3|3|2|3|3|3|3|3
18234,3,False,3,10,2,2|2|2|2|2|2|2|2|2|2
18235,3,False,3,0,3,3|3|3|3|3|3|3|3|3|3
18285,3,False,3,1,3,3|3|3|3|3|3|5|3|3|3
18289,3,False,3,4,3,3|3|3|7|3|7|7|2|3|3
18292,3,False,3,1,3,3|3|3|3|3|3|3|5|3|3
18295,3,False,3,10,2,0|2|2|2|2|0|2|0|2|2
18340,3,False,3,2,3,3|3|3|3|3|1|3|3|3|1
18341,3,False,3,1,3,3|3|3|3|3|3|3|2|3|3
18343,3,False,3,0,3,3|3|3|3|3|3|3|3|3|3
18352,3,False,3,4,3,3|2|3|3|3|2|5|3|2|3
18372,3,False,3,10,2,2|2|2|2|2|2|2|2|2|2
18375,3,False,3,10,2,2|2|2|2|2|2|2|2|2|2
18386,3,False,3,7,1,1|3|1|3|1|1|1|2|3|1
18387,3,False,3,6,1,1|3|3|1|3|1|1|3|1|1
18401,3,False,3,0,3,3|3|3|3|3|3|3|3|3|3
18405,3,False,3,0,3,3|3|3|3|3|3|3|3|3|3
18406,3,False,3,10,7,7|7|7|7|1|1|7|1|7|7
18416,3,False,3,7,2,2|2|2|2|2|2|3|2|3|3
18441,3,False,3,3,3,3|3|3|3|2|2|3|2|3|3
18457,3,False,3,0,3,3|3|3|3|3|3|3|3|3|3
18462,3,False,3,7,2,2|2|2|2|2|3|3|2|2|3
18466,3,False,3,1,3,3|2|3|3|3|3|3|3|3|3
18491,3,False,3,8,5,2|3|3|5|5|7|7|9|5|5
18527,3,False,3,2,3,3|2|3|3|3|3|5|3|3|3
18528,3,False,3,2,3,4|3|3|3|2|3|3|3|3|3
18541,3,False,3,5,-1,3|2|3|2|2|2|3|2|3|3
18564,3,False,3,5,-1,3|3|1|3|3|1|1|1|3|1
18578,3,False,3,4,3,2|2|3|3|3|3|3|2|3|2
18583,3,False,3,0,3,3|3|3|3|3|3|3|3|3|3
18586,3,False,3,10,2,2|2|2|2|0|0|2|2|2|2
18587,3,False,3,1,3,1|3|3|3|3|3|3|3|3|3
18588,3,False,3,0,3,3|3|3|3|3|3|3|3|3|3
18609,3,False,3,7,5,5|5|5|3|5|5|5|3|5|3
18612,3,False,3,0,3,3|3|3|3|3|3|3|3|3|3
18618,3,False,3,6,2,3|2|2|2|3|3|2|2|3|2
18654,3,False,3,0,3,3|3|3|3|3|3|3|3|3|3
18668,3,False,3,6,2,3|2|3|2|2|2|2|2|3|3
18671,3,False,3,2,3,3|2|3|3|3|3|3|2|3|3
18677,3,False,3,9,2,2|2|2|2|2|2|2|2|3|2
18678,3,False,3,8,5,5|5|5|3|5|5|5|5|5|3
18679,3,False,3,1,3,3|3|3|3|3|3|3|3|0|3
18705,3,False,3,10,2,0|2|2|2|2|2|2|2|0|0
18706,3,False,3,8,2,2|2|2|2|3|2|2|2|2|3
18708,3,False,3,5,-1,0|3|3|3|3|0|0|3|0|0
18710,3,False,3,0,3,3|3|3|3|3|3|3|3|3|3
18715,3,False,3,10,2,2|2|0|8|2|8|2|0|8|0
18721,3,False,3,0,3,3|3|3|3|3|3|3|3|3|3
18733,3,False,3,0,3,3|3|3|3|3|3|3|3|3|3
18737,3,False,3,8,2,2|2|2|1|2|3|3|2|2|2
18743,3,False,3,0,3,3|3|3|3|3|3|3|3|3|3
18753,3,False,3,0,3,3|3|3|3|3|3|3|3|3|3
18755,3,False,3,5,3,0|2|3|4|2|3|3|3|1|3
18758,3,False,3,5,-1,3|2|3|3|3|2|3|2|2|2
18766,3,False,3,6,2,2|2|2|3|3|2|2|2|3|3
18769,3,False,3,0,3,3|3|3|3|3|3|3|3|3|3
18772,3,False,3,2,3,3|3|3|3|2|3|3|2|3|3
18773,3,False,3,6,2,2|3|2|2|3|3|2|3|2|2
18802,3,False,3,0,3,3|3|3|3|3|3|3|3|3|3
18817,3,False,3,7,2,3|2|2|2|2|2|3|3|0|2
18890,3,False,3,0,3,3|3|3|3|3|3|3|3|3|3
18909,3,False,3,0,3,3|3|3|3|3|3|3|3|3|3
18924,3,False,3,9,2,2|2|2|2|3|2|2|2|2|2
18943,3,False,3,0,3,3|3|3|3|3|3|3|3|3|3
18971,3,False,3,0,3,3|3|3|3|3|3|3|3|3|3
18992,3,False,3,0,3,3|3|3|3|3|3|3|3|3|3
19000,3,False,3,10,1,9|5|9|9|5|1|1|1|1|8
19001,3,False,3,0,3,3|3|3|3|3|3|3|3|3|3
19005,3,False,3,2,3,3|3|3|3|2|3|3|3|2|3
19018,3,False,3,0,3,3|3|3|3|3|3|3|3|3|3
19035,3,False,3,5,-1,2|2|3|3|3|3|2|2|3|2
19036,3,False,3,10,0,0|0|0|0|0|0|0|0|0|0
19049,3,False,3,3,3,3|3|0|0|3|0|3|3|3|3
19053,3,False,3,10,0,0|2|2|0|0|0|2|2|0|0
19054,3,False,3,10,1,1|1|0|1|8|8|1|1|8|1
19055,3,False,3,0,3,3|3|3|3|3|3|3|3|3|3
19082,3,False,3,0,3,3|3|3|3|3|3|3|3|3|3
19092,3,False,3,6,2,2|2|2|2|3|3|2|3|2|3
19097,3,False,3,0,3,3|3|3|3|3|3|3|3|3|3
19110,3,False,3,1,3,3|3|3|3|3|3|3|2|3|3
19113,3,False,3,0,3,3|3|3|3|3|3|3|3|3|3
19115,3,False,3,10,6,6|2|2|6|6|2|6|2|6|6
19122,3,False,3,8,2,1|3|1|2|2|2|2|4|5|3
19142,3,False,3,9,4,4|4|4|4|3|4|2|2|4|4
19165,3,False,3,0,3,3|3|3|3|3|3|3|3|3|3
19166,3,False,3,10,1,1|1|1|1|4|1|1|2|1|1
19173,3,False,3,2,3,3|3|3|3|3|3|3|3|2|2
19185,3,False,3,9,1,2|1|2|1|3|1|1|2|1|1
19187,3,False,3,7,1,1|1|1|1|0|3|3|1|1|3
19245,3,False,3,10,1,1|1|1|1|1|1|2|2|2|1
19259,3,False,3,1,3,3|2|3|3|3|3|3|3|3|3
19266,3,False,3,0,3,3|3|3|3|3|3|3|3|3|3
19275,3,False,3,0,3,3|3|3|3|3|3|3|3|3|3
19276,3,False,3,0,3,3|3|3|3|3|3|3|3|3|3
19283,3,False,3,0,3,3|3|3|3|3|3|3|3|3|3
19284,3,False,3,6,-1,1|1|2|3|1|3|3|1|2|3
19292,3,False,3,1,3,3|3|3|3|2|3|3|3|3|3
19299,3,False,3,3,3,3|3|3|2|3|2|3|3|2|3
19332,3,False,3,3,3,3|2|3|3|3|2|3|3|3|2
19336,3,False,3,3,3,3|7|3|3|7|0|3|3|3|3
19351,3,False,3,1,3,3|3|3|3|3|5|3|3|3|3
19383,3,False,3,0,3,3|3|3|3|3|3|3|3|3|3
19384,3,False,3,0,3,3|3|3|3|3|3|3|3|3|3
19390,3,False,3,9,2,2|2|5|2|5|2|2|5|2|3
19394,3,False,3,3,3,3|3|2|3|3|3|3|0|2|3
19411,3,False,3,10,4,4|5|4|4|5|4|4|4|5|5
19416,3,False,3,0,3,3|3|3|3|3|3|3|3|3|3
19424,3,False,3,1,3,3|3|3|3|1|3|3|3|3|3
19431,3,False,3,0,3,3|3|3|3|3|3|3|3|3|3
19432,3,False,3,0,3,3|3|3|3|3|3|3|3|3|3
19433,3,False,3,4,3,3|3|3|3|0|1|3|3|0|1
19454,3,False,3,5,-1,3|3|3|3|3|2|2|2|2|2
19464,3,False,3,0,3,3|3|3|3|3|3|3|3|3|3
19469,3,False,3,3,3,3|0|3|3|3|0|3|0|3|3
19490,3,False,3,4,3,4|3|3|3|3|5|4|2|3|3
19494,3,False,3,0,3,3|3|3|3|3|3|3|3|3|3
19516,3,False,3,1,3,3|3|3|3|3|3|3|3|3|2
19517,3,False,3,10,5,5|5|5|5|5|5|5|5|5|5
19518,3,False,3,2,3,3|3|3|3|2|3|3|3|3|5
19522,3,False,3,1,3,3|3|3|3|2|3|3|3|3|3
19526,3,False,3,1,3,3|2|3|3|3|3|3|3|3|3
19539,3,False,3,1,3,3|5|3|3|3|3|3|3|3|3
19540,3,False,3,6,2,2|3|3|2|2|2|2|3|2|3
19547,3,False,3,1,3,3|3|3|3|3|3|3|2|3|3
19550,3,False,3,8,2,2|2|2|2|3|2|3|2|2|2
19553,3,False,3,5,-1,2|2|3|3|2|3|2|2|3|3
19562,3,False,3,1,3,3|3|3|3|3|2|3|3|3|3
19563,3,False,3,0,3,3|3|3|3|3|3|3|3|3|3
19568,3,False,3,0,3,3|3|3|3|3|3|3|3|3|3
19574,3,False,3,1,3,3|3|2|3|3|3|3|3|3|3
19579,3,False,3,0,3,3|3|3|3|3|3|3|3|3|3
19626,3,False,3,10,-1,6|6|6|2|2|2|2|6|2|6
19648,3,False,3,10,2,2|2|2|2|2|2|2|2|2|2
19652,3,False,3,1,3,3|3|3|3|3|3|3|3|3|1
19653,3,False,3,7,0,3|2|0|3|0|0|0|0|0|3
19654,3,False,3,5,-1,3|2|3|3|3|3|2|2|2|2
19669,3,False,3,0,3,3|3|3|3|3|3|3|3|3|3
19671,3,False,3,2,3,3|3|3|3|2|3|3|3|3|2
19678,3,False,3,0,3,3|3|3|3|3|3|3|3|3|3
19685,3,False,3,0,3,3|3|3|3|3|3|3|3|3|3
19696,3,False,3,6,2,3|3|2|2|3|2|2|3|2|2
19697,3,False,3,5,3,1|1|3|1|0|3|3|3|3|2
19700,3,False,3,1,3,3|3|3|3|3|3|3|3|1|3
19705,3,False,3,2,3,3|3|3|3|2|3|3|2|3|3
19707,3,False,3,0,3,3|3|3|3|3|3|3|3|3|3
19743,3,False,3,1,3,3|2|3|3|3|3|3|3|3|3
19747,3,False,3,9,0,0|0|0|0|3|0|0|0|0|0
19749,3,False,3,10,1,6|0|2|1|1|1|1|0|1|1
19759,3,False,3,10,9,8|8|9|8|9|1|8|9|9|9
19763,3,False,3,3,3,3|3|5|3|5|5|3|3|3|3
19767,3,False,3,1,3,3|3|3|3|3|3|3|2|3|3
19790,3,False,3,0,3,3|3|3|3|3|3|3|3|3|3
19794,3,False,3,0,3,3|3|3|3|3|3|3|3|3|3
19798,3,False,3,0,3,3|3|3|3|3|3|3|3|3|3
19830,3,False,3,0,3,3|3|3|3|3|3|3|3|3|3
19831,3,False,3,0,3,3|3|3|3|3|3|3|3|3|3
19842,3,False,3,0,3,3|3|3|3|3|3|3|3|3|3
19845,3,False,3,0,3,3|3|3|3|3|3|3|3|3|3
19846,3,False,3,0,3,3|3|3|3|3|3|3|3|3|3
19857,3,False,3,10,0,0|0|0|0|9|0|0|0|0|0
19876,3,False,3,10,2,2|2|2|2|2|2|2|2|2|2
19889,3,False,3,0,3,3|3|3|3|3|3|3|3|3|3
19892,3,False,3,1,3,3|2|3|3|3|3|3|3|3|3
19914,3,False,3,0,3,3|3|3|3|3|3|3|3|3|3
19915,3,False,3,0,3,3|3|3|3|3|3|3|3|3|3
19922,3,False,3,1,3,3|3|3|3|3|3|3|3|2|3
19941,3,False,3,7,5,5|5|2|3|3|5|5|2|3|5
19949,3,False,3,5,3,5|3|3|3|3|5|5|0|3|5
19957,3,False,3,2,3,3|1|3|3|3|3|3|3|1|3
19958,3,False,3,1,3,3|2|3|3|3|3|3|3|3|3
19964,3,False,3,5,-1,3|2|3|3|2|2|2|2|3|3
19978,3,False,3,2,3,3|3|3|3|3|2|3|3|2|3
20013,4,False,4,5,-1,5|5|4|4|5|4|4|5|5|4
20046,4,False,4,1,4,4|4|4|4|4|5|4|4|4|4
20051,4,False,4,0,4,4|4|4|4|4|4|4|4|4|4
20057,4,False,4,2,4,4|4|4|4|4|4|5|4|5|4
20061,4,False,4,0,4,4|4|4|4|4|4|4|4|4|4
20067,4,False,4,0,4,4|4|4|4|4|4|4|4|4|4
20082,4,False,4,0,4,4|4|4|4|4|4|4|4|4|4
20089,4,False,4,10,5,5|5|5|5|5|5|5|5|5|5
20095,4,False,4,0,4,4|4|4|4|4|4|4|4|4|4
20109,4,False,4,0,4,4|4|4|4|4|4|4|4|4|4
20134,4,False,4,0,4,4|4|4|4|4|4|4|4|4|4
20148,4,False,4,0,4,4|4|4|4|4|4|4|4|4|4
20184,4,False,4,3,4,4|4|4|5|4|4|5|4|4|5
20189,4,False,4,0,4,4|4|4|4|4|4|4|4|4|4
20190,4,False,4,2,4,4|4|5|4|1|4|4|4|4|4
20193,4,False,4,3,4,5|4|4|4|4|4|4|4|5|5
20196,4,False,4,0,4,4|4|4|4|4|4|4|4|4|4
20200,4,False,4,1,4,4|4|4|4|5|4|4|4|4|4
20204,4,False,4,0,4,4|4|4|4|4|4|4|4|4|4
20210,4,False,4,0,4,4|4|4|4|4|4|4|4|4|4
20216,4,False,4,9,5,5|5|5|5|4|5|5|5|5|5
20218,4,False,4,0,4,4|4|4|4|4|4|4|4|4|4
20235,4,False,4,1,4,4|4|4|4|4|4|4|4|5|4
20242,4,False,4,8,5,5|5|4|5|5|5|5|4|5|5
20259,4,False,4,0,4,4|4|4|4|4|4|4|4|4|4
20280,4,False,4,0,4,4|4|4|4|4|4|4|4|4|4
20284,4,False,4,0,4,4|4|4|4|4|4|4|4|4|4
20288,4,False,4,0,4,4|4|4|4|4|4|4|4|4|4
20309,4,False,4,0,4,4|4|4|4|4|4|4|4|4|4
20322,4,False,4,5,-1,5|4|5|5|4|4|5|5|4|4
20328,4,False,4,10,-1,1|7|1|1|6|7|7|7|1|6
20332,4,False,4,10,2,1|6|2|0|6|2|0|3|3|2
20333,4,False,4,6,0,0|0|4|0|0|4|4|4|0|0
20344,4,False,4,0,4,4|4|4|4|4|4|4|4|4|4
20347,4,False,4,6,1,1|1|4|1|4|1|1|4|1|4
20348,4,False,4,0,4,4|4|4|4|4|4|4|4|4|4
20351,4,False,4,9,5,5|5|4|5|5|5|5|5|5|5
20386,4,False,4,9,5,5|5|5|5|5|5|5|4|5|5
20390,4,False,4,1,4,4|4|4|4|1|4|4|4|4|4
20395,4,False,4,1,4,4|4|4|4|4|4|4|4|5|4
20416,4,False,4,9,3,3|3|3|3|3|3|5|4|3|3
20443,4,False,4,10,9,8|9|8|9|9|9|2|9|8|9
20445,4,False,4,2,4,4|4|4|4|5|4|4|5|4|4
20473,4,False,4,0,4,4|4|4|4|4|4|4|4|4|4
20474,4,False,4,0,4,4|4|4|4|4|4|4|4|4|4
20480,4,False,4,6,4,4|4|0|4|1|5|5|2|5|4
20482,4,False,4,0,4,4|4|4|4|4|4|4|4|4|4
20492,4,False,4,0,4,4|4|4|4|4|4|4|4|4|4
20503,4,False,4,1,4,4|4|4|4|4|4|4|4|5|4
20521,4,False,4,0,4,4|4|4|4|4|4|4|4|4|4
20524,4,False,4,7,5,3|4|5|3|5|5|4|5|4|5
20534,4,False,4,10,3,3|3|3|3|5|3|3|5|2|3
20539,4,False,4,4,4,4|4|4|4|4|4|5|5|5|5
20540,4,False,4,10,5,5|5|5|5|5|5|5|5|5|5
20575,4,False,4,0,4,4|4|4|4|4|4|4|4|4|4
20586,4,False,4,6,5,5|4|5|5|4|5|5|4|4|5
20590,4,False,4,0,4,4|4|4|4|4|4|4|4|4|4
20601,4,False,4,10,2,2|8|2|2|2|2|2|8|2|2
20604,4,False,4,0,4,4|4|4|4|4|4|4|4|4|4
20619,4,False,4,0,4,4|4|4|4|4|4|4|4|4|4
20634,4,False,4,10,5,5|5|5|5|5|5|5|1|5|5
20637,4,False,4,7,5,5|4|5|5|4|5|5|4|5|5
20642,4,False,4,2,4,4|4|4|4|4|5|4|4|4|5
20668,4,False,4,1,4,4|4|4|4|4|4|4|4|0|4
20677,4,False,4,0,4,4|4|4|4|4|4|4|4|4|4
20708,4,False,4,0,4,4|4|4|4|4|4|4|4|4|4
20718,4,False,4,0,4,4|4|4|4|4|4|4|4|4|4
20721,4,False,4,0,4,4|4|4|4|4|4|4|4|4|4
20747,4,False,4,10,5,5|3|5|5|5|5|5|5|5|5
20750,4,False,4,0,4,4|4|4|4|4|4|4|4|4|4
20758,4,False,4,5,4,3|4|4|3|4|2|1|4|2|4
20761,4,False,4,0,4,4|4|4|4|4|4|4|4|4|4
20762,4,False,4,10,5,5|5|5|5|5|5|5|5|5|5
20764,4,False,4,0,4,4|4|4|4|4|4|4|4|4|4
20780,4,False,4,1,4,4|4|0|4|4|4|4|4|4|4
20782,4,False,4,0,4,4|4|4|4|4|4|4|4|4|4
20783,4,False,4,10,3,3|1|3|3|3|3|1|3|5|3
20784,4,False,4,0,4,4|4|4|4|4|4|4|4|4|4
20788,4,False,4,0,4,4|4|4|4|4|4|4|4|4|4
20789,4,False,4,10,5,5|5|5|5|5|5|5|5|5|3
20791,4,False,4,2,4,4|4|4|4|5|4|4|5|4|4
20799,4,False,4,0,4,4|4|4|4|4|4|4|4|4|4
20815,4,False,4,3,4,4|4|5|4|4|4|5|4|5|4
20836,4,False,4,8,5,5|5|5|4|5|5|5|4|5|5
20844,4,False,4,0,4,4|4|4|4|4|4|4|4|4|4
20867,4,False,4,0,4,4|4|4|4|4|4|4|4|4|4
20873,4,False,4,0,4,4|4|4|4|4|4|4|4|4|4
20921,4,False,4,0,4,4|4|4|4|4|4|4|4|4|4
20929,4,False,4,9,2,9|1|2|2|1|3|8|4|2|0
20931,4,False,4,10,5,5|5|5|5|5|5|5|5|5|1
20936,4,False,4,0,4,4|4|4|4|4|4|4|4|4|4
20944,4,False,4,8,1,1|1|5|1|1|1|4|4|1|3
20951,4,False,4,0,4,4|4|4|4|4|4|4|4|4|4
20963,4,False,4,9,5,4|1|5|3|5|1|5|5|5|3
20967,4,False,4,1,4,4|1|4|4|4|4|4|4|4|4
20981,4,False,4,9,5,5|5|5|5|4|5|5|5|5|5
20984,4,False,4,0,4,4|4|4|4|4|4|4|4|4|4
20987,4,False,4,3,4,4|1|5|4|4|5|4|4|4|4
20994,4,False,4,1,4,4|4|4|4|4|4|1|4|4|4
20997,4,False,4,2,4,4|4|5|4|4|4|4|4|5|4
21001,4,False,4,0,4,4|4|4|4|4|4|4|4|4|4
21014,4,False,4,0,4,4|4|4|4|4|4|4|4|4|4
21040,4,False,4,0,4,4|4|4|4|4|4|4|4|4|4
21068,4,False,4,0,4,4|4|4|4|4|4|4|4|4|4
21072,4,False,4,1,4,4|4|4|4|4|4|4|4|4|0
21076,4,False,4,4,4,5|4|4|4|4|5|5|4|5|4
21083,4,False,4,4,4,4|0|4|4|4|4|1|5|4|5
21084,4,False,4,0,4,4|4|4|4|4|4|4|4|4|4
21117,4,False,4,0,4,4|4|4|4|4|4|4|4|4|4
21122,4,False,4,8,5,5|5|5|5|4|4|5|5|5|5
21129,4,False,4,1,4,4|4|4|4|5|4|4|4|4|4
21131,4,False,4,8,7,4|7|3|7|7|1|3|5|4|7
21139,4,False,4,0,4,4|4|4|4|4|4|4|4|4|4
21156,4,False,4,10,3,5|2|1|3|0|3|5|5|3|3
21160,4,False,4,10,5,5|5|5|5|5|5|5|5|5|5
21161,4,False,4,1,4,4|4|4|4|4|4|4|4|5|4
21168,4,False,4,7,0,4|0|1|4|1|0|0|0|0|4
21172,4,False,4,0,4,4|4|4|4|4|4|4|4|4|4
21179,4,False,4,9,7,4|5|7|7|8|7|7|8|7|7
21190,4,False,4,2,4,4|4|4|4|4|4|5|5|4|4
21202,4,False,4,1,4,4|5|4|4|4|4|4|4|4|4
21209,4,False,4,1,4,4|4|4|4|4|4|5|4|4|4
21218,4,False,4,0,4,4|4|4|4|4|4|4|4|4|4
21246,4,False,4,0,4,4|4|4|4|4|4|4|4|4|4
21269,4,False,4,0,4,4|4|4|4|4|4|4|4|4|4
21294,4,False,4,0,4,4|4|4|4|4|4|4|4|4|4
21316,4,False,4,1,4,4|4|4|5|4|4|4|4|4|4
21349,4,False,4,8,3,3|3|5|4|3|2|3|4|3|5
21352,4,False,4,0,4,4|4|4|4|4|4|4|4|4|4
21355,4,False,4,2,4,4|4|4|5|1|4|4|4|4|4
21365,4,False,4,0,4,4|4|4|4|4|4|4|4|4|4
21371,4,False,4,3,4,5|4|4|4|5|4|4|5|4|4
21384,4,False,4,0,4,4|4|4|4|4|4|4|4|4|4
21403,4,False,4,4,4,3|4|4|0|4|5|4|4|4|0
21411,4,False,4,0,4,4|4|4|4|4|4|4|4|4|4
21424,4,False,4,2,4,4|4|4|5|4|4|4|4|5|4
21430,4,False,4,0,4,4|4|4|4|4|4|4|4|4|4
21445,4,False,4,8,0,0|0|0|9|4|4|0|0|0|5
21453,4,False,4,4,4,4|5|5|5|4|5|4|4|4|4
21455,4,False,4,0,4,4|4|4|4|4|4|4|4|4|4
21468,4,False,4,1,4,4|4|4|4|4|4|4|6|4|4
21474,4,False,4,0,4,4|4|4|4|4|4|4|4|4|4
21477,4,False,4,1,4,4|4|4|5|4|4|4|4|4|4
21489,4,False,4,7,5,4|5|5|5|4|5|4|5|5|5
21491,4,False,4,2,4,4|5|4|4|4|4|4|5|4|4
21507,4,False,4,0,4,4|4|4|4|4|4|4|4|4|4
21509,4,False,4,0,4,4|4|4|4|4|4|4|4|4|4
21510,4,False,4,10,5,5|5|5|5|7|1|5|7|5|5
21531,4,False,4,10,5,5|5|5|5|5|5|5|5|5|5
21538,4,False,4,0,4,4|4|4|4|4|4|4|4|4|4
21539,4,False,4,1,4,4|5|4|4|4|4|4|4|4|4
21552,4,False,4,0,4,4|4|4|4|4|4|4|4|4|4
21566,4,False,4,0,4,4|4|4|4|4|4|4|4|4|4
21579,4,False,4,1,4,4|4|4|4|4|4|4|5|4|4
21585,4,False,4,1,4,4|4|4|4|4|6|4|4|4|4
21623,4,False,4,0,4,4|4|4|4|4|4|4|4|4|4
21624,4,False,4,0,4,4|4|4|4|4|4|4|4|4|4
21626,4,False,4,3,4,4|4|4|4|4|4|0|8|4|8
21630,4,False,4,1,4,4|4|4|4|4|4|4|5|4|4
21650,4,False,4,1,4,4|4|5|4|4|4|4|4|4|4
21652,4,False,4,0,4,4|4|4|4|4|4|4|4|4|4
21668,4,False,4,6,0,0|4|4|0|8|4|0|4|0|0
21723,4,False,4,0,4,4|4|4|4|4|4|4|4|4|4
21724,4,False,4,0,4,4|4|4|4|4|4|4|4|4|4
21727,4,False,4,10,8,0|8|5|0|0|8|5|8|8|5
21732,4,False,4,9,2,2|2|2|1|5|2|2|4|2|1
21738,4,False,4,0,4,4|4|4|4|4|4|4|4|4|4
21742,4,False,4,2,4,4|4|4|4|4|5|4|5|4|4
21772,4,False,4,0,4,4|4|4|4|4|4|4|4|4|4
21785,4,False,4,0,4,4|4|4|4|4|4|4|4|4|4
21788,4,False,4,5,-1,4|4|5|5|4|5|4|5|5|4
21790,4,False,4,8,5,4|4|5|5|5|5|5|5|5|5
21820,4,False,4,0,4,4|4|4|4|4|4|4|4|4|4
21838,4,False,4,10,2,1|2|2|2|3|2|3|2|2|3
21845,4,False,4,10,5,5|5|5|1|1|5|5|5|1|5
21854,4,False,4,5,4,4|2|5|5|5|4|4|5|4|4
21864,4,False,4,4,4,4|5|5|4|4|4|5|4|5|4
21870,4,False,4,0,4,4|4|4|4|4|4|4|4|4|4
21874,4,False,4,0,4,4|4|4|4|4|4|4|4|4|4
21898,4,False,4,0,4,4|4|4|4|4|4|4|4|4|4
21928,4,False,4,10,5,5|5|5|5|5|5|5|5|5|5
21944,4,False,4,5,-1,4|4|5|4|5|4|5|5|5|4
21945,4,False,4,0,4,4|4|4|4|4|4|4|4|4|4
21951,4,False,4,0,4,4|4|4|4|4|4|4|4|4|4
21952,4,False,4,0,4,4|4|4|4|4|4|4|4|4|4
21957,4,False,4,2,4,4|4|4|4|4|2|2|4|4|4
21966,4,False,4,2,4,4|4|4|4|4|4|4|6|4|0
21969,4,False,4,0,4,4|4|4|4|4|4|4|4|4|4
21970,4,False,4,0,4,4|4|4|4|4|4|4|4|4|4
21985,4,False,4,10,5,5|5|5|5|5|5|5|5|5|5
22008,4,False,4,0,4,4|4|4|4|4|4|4|4|4|4
22015,4,False,4,0,4,4|4|4|4|4|4|4|4|4|4
22055,4,False,4,0,4,4|4|4|4|4|4|4|4|4|4
22057,4,False,4,10,5,5|5|5|5|5|5|5|5|5|5
22062,4,False,4,1,4,4|4|4|4|4|5|4|4|4|4
22094,4,False,4,0,4,4|4|4|4|4|4|4|4|4|4
22096,4,False,4,0,4,4|4|4|4|4|4|4|4|4|4
22117,4,False,4,0,4,4|4|4|4|4|4|4|4|4|4
22127,4,False,4,0,4,4|4|4|4|4|4|4|4|4|4
22136,4,False,4,0,4,4|4|4|4|4|4|4|4|4|4
22141,4,False,4,0,4,4|4|4|4|4|4|4|4|4|4
22156,4,False,4,1,4,4|4|4|4|4|4|4|4|5|4
22161,4,False,4,0,4,4|4|4|4|4|4|4|4|4|4
22184,4,False,4,0,4,4|4|4|4|4|4|4|4|4|4
22193,4,False,4,0,4,4|4|4|4|4|4|4|4|4|4
22194,4,False,4,9,5,5|5|5|4|5|5|5|5|5|5
22195,4,False,4,0,4,4|4|4|4|4|4|4|4|4|4
22206,4,False,4,7,5,5|4|4|5|5|9|5|4|8|5
22212,4,False,4,0,4,4|4|4|4|4|4|4|4|4|4
22216,4,False,4,0,4,4|4|4|4|4|4|4|4|4|4
22231,4,False,4,0,4,4|4|4|4|4|4|4|4|4|4
22234,4,False,4,10,5,5|8|5|1|3|5|2|5|3|5
22242,4,False,4,0,4,4|4|4|4|4|4|4|4|4|4
22243,4,False,4,0,4,4|4|4|4|4|4|4|4|4|4
22261,4,False,4,0,4,4|4|4|4|4|4|4|4|4|4
22263,4,False,4,10,2,2|2|2|2|2|2|2|2|2|3
22278,4,False,4,0,4,4|4|4|4|4|4|4|4|4|4
22279,4,False,4,1,4,4|5|4|4|4|4|4|4|4|4
22283,4,False,4,0,4,4|4|4|4|4|4|4|4|4|4
22307,4,False,4,1,4,4|4|4|4|4|4|4|5|4|4
22314,4,False,4,9,1,1|6|4|1|7|1|1|7|1|7
22317,4,False,4,4,4,4|4|5|5|4|4|4|4|5|5
22319,4,False,4,0,4,4|4|4|4|4|4|4|4|4|4
22334,4,False,4,0,4,4|4|4|4|4|4|4|4|4|4
22345,4,False,4,0,4,4|4|4|4|4|4|4|4|4|4
22370,4,False,4,1,4,4|4|4|5|4|4|4|4|4|4
22379,4,False,4,4,4,4|5|4|5|5|4|4|4|4|5
22387,4,False,4,3,4,4|4|5|5|4|4|4|4|4|5
22390,4,False,4,1,4,4|4|4|4|4|4|4|4|5|4
22396,4,False,4,0,4,4|4|4|4|4|4|4|4|4|4
22397,4,False,4,4,4,4|5|4|4|5|5|4|5|4|4
22404,4,False,4,0,4,4|4|4|4|4|4|4|4|4|4
22436,4,False,4,0,4,4|4|4|4|4|4|4|4|4|4
22453,4,False,4,3,4,4|4|4|4|1|4|4|5|1|4
22509,4,False,4,0,4,4|4|4|4|4|4|4|4|4|4
22517,4,False,4,0,4,4|4|4|4|4|4|4|4|4|4
22541,4,False,4,9,5,5|4|5|5|5|5|5|5|5|5
22562,4,False,4,7,5,5|4|5|5|4|5|5|4|5|5
22565,4,False,4,2,4,4|1|4|5|4|4|4|4|4|4
22583,4,False,4,0,4,4|4|4|4|4|4|4|4|4|4
22585,4,False,4,0,4,4|4|4|4|4|4|4|4|4|4
22593,4,False,4,10,5,3|5|5|5|5|5|5|3|5|5
22594,4,False,4,9,5,5|4|5|1|5|5|5|5|5|5
22640,4,False,4,0,4,4|4|4|4|4|4|4|4|4|4
22641,4,False,4,0,4,4|4|4|4|4|4|4|4|4|4
22642,4,False,4,4,4,4|1|4|4|5|1|4|1|4|4
22646,4,False,4,10,5,5|5|3|3|5|5|5|5|3|5
22659,4,False,4,1,4,4|4|4|4|4|5|4|4|4|4
22677,4,False,4,0,4,4|4|4|4|4|4|4|4|4|4
22682,4,False,4,0,4,4|4|4|4|4|4|4|4|4|4
22692,4,False,4,0,4,4|4|4|4|4|4|4|4|4|4
22696,4,False,4,0,4,4|4|4|4|4|4|4|4|4|4
22702,4,False,4,0,4,4|4|4|4|4|4|4|4|4|4
22705,4,False,4,6,5,5|5|5|4|4|5|5|4|4|5
22715,4,False,4,9,1,1|1|1|1|4|1|1|1|3|1
22730,4,False,4,3,4,4|4|4|4|4|4|3|4|5|5
22755,4,False,4,0,4,4|4|4|4|4|4|4|4|4|4
22758,4,False,4,0,4,4|4|4|4|4|4|4|4|4|4
22776,4,False,4,8,0,0|4|4|0|6|0|0|0|0|0
22781,4,False,4,0,4,4|4|4|4|4|4|4|4|4|4
22788,4,False,4,0,4,4|4|4|4|4|4|4|4|4|4
22794,4,False,4,4,4,4|4|4|5|4|4|5|5|4|5
22799,4,False,4,3,4,4|4|4|4|5|5|4|4|4|5
22813,4,False,4,0,4,4|4|4|4|4|4|4|4|4|4
22830,4,False,4,0,4,4|4|4|4|4|4|4|4|4|4
22850,4,False,4,0,4,4|4|4|4|4|4|4|4|4|4
22852,4,False,4,0,4,4|4|4|4|4|4|4|4|4|4
22859,4,False,4,0,4,4|4|4|4|4|4|4|4|4|4
22869,4,False,4,0,4,4|4|4|4|4|4|4|4|4|4
22877,4,False,4,1,4,4|4|4|4|1|4|4|4|4|4
22886,4,False,4,0,4,4|4|4|4|4|4|4|4|4|4
22897,4,False,4,2,4,4|6|4|4|4|6|4|4|4|4
22907,4,False,4,0,4,4|4|4|4|4|4|4|4|4|4
22924,4,False,4,0,4,4|4|4|4|4|4|4|4|4|4
22940,4,False,4,0,4,4|4|4|4|4|4|4|4|4|4
22956,4,False,4,1,4,4|4|4|4|4|4|4|4|5|4
22958,4,False,4,0,4,4|4|4|4|4|4|4|4|4|4
22961,4,False,4,9,5,5|5|5|5|4|5|5|5|5|5
22974,4,False,4,0,4,4|4|4|4|4|4|4|4|4|4
22978,4,False,4,0,4,4|4|4|4|4|4|4|4|4|4
22982,4,False,4,0,4,4|4|4|4|4|4|4|4|4|4
22984,4,False,4,2,4,4|4|4|4|5|1|4|4|4|4
22990,4,False,4,0,4,4|4|4|4|4|4|4|4|4|4
22991,4,False,4,10,3,5|3|3|3|5|3|3|3|3|3
23002,4,False,4,0,4,4|4|4|4|4|4|4|4|4|4
23011,4,False,4,10,5,5|5|5|5|5|5|6|5|5|5
23015,4,False,4,10,5,5|5|5|5|5|5|5|5|5|5
23016,4,False,4,0,4,4|4|4|4|4|4|4|4|4|4
23071,4,False,4,2,4,4|1|4|4|4|4|4|4|1|4
23087,4,False,4,3,4,5|4|5|4|5|4|4|4|4|4
23094,4,False,4,0,4,4|4|4|4|4|4|4|4|4|4
23106,4,False,4,0,4,4|4|4|4|4|4|4|4|4|4
23132,4,False,4,0,4,4|4|4|4|4|4|4|4|4|4
23140,4,False,4,4,4,4|4|4|5|4|4|5|4|5|5
23168,4,False,4,8,5,4|5|5|5|5|5|3|5|0|4
23176,4,False,4,0,4,4|4|4|4|4|4|4|4|4|4
23181,4,False,4,8,5,4|5|5|5|4|5|5|5|5|5
23189,4,False,4,1,4,4|5|4|4|4|4|4|4|4|4
23222,4,False,4,0,4,4|4|4|4|4|4|4|4|4|4
23234,4,False,4,0,4,4|4|4|4|4|4|4|4|4|4
23243,4,False,4,7,1,1|1|1|1|1|4|1|4|4|1
23257,4,False,4,0,4,4|4|4|4|4|4|4|4|4|4
23261,4,False,4,9,1,1|1|1|1|1|1|1|4|1|1
23269,4,False,4,0,4,4|4|4|4|4|4|4|4|4|4
23273,4,False,4,0,4,4|4|4|4|4|4|4|4|4|4
23280,4,False,4,1,4,4|4|5|4|4|4|4|4|4|4
23289,4,False,4,0,4,4|4|4|4|4|4|4|4|4|4
23297,4,False,4,3,4,5|4|4|4|4|5|4|4|5|4
23304,4,False,4,0,4,4|4|4|4|4|4|4|4|4|4
23306,4,False,4,2,4,5|5|4|4|4|4|4|4|4|4
23323,4,False,4,0,4,4|4|4|4|4|4|4|4|4|4
23327,4,False,4,9,1,1|1|1|1|1|1|1|4|1|1
23330,4,False,4,0,4,4|4|4|4|4|4|4|4|4|4
23333,4,False,4,0,4,4|4|4|4|4|4|4|4|4|4
23341,4,False,4,2,4,4|4|7|4|4|4|4|4|7|4
23351,4,False,4,0,4,4|4|4|4|4|4|4|4|4|4
23357,4,False,4,4,4,4|4|5|4|5|5|4|4|5|4
23368,4,False,4,6,5,4|5|4|5|4|4|5|5|5|5
23371,4,False,4,0,4,4|4|4|4|4|4|4|4|4|4
23391,4,False,4,0,4,4|4|4|4|4|4|4|4|4|4
23395,4,False,4,0,4,4|4|4|4|4|4|4|4|4|4
23402,4,False,4,1,4,4|4|4|4|5|4|4|4|4|4
23416,4,False,4,0,4,4|4|4|4|4|4|4|4|4|4
23419,4,False,4,7,2,4|1|8|2|4|1|2|4|2|2
23420,4,False,4,0,4,4|4|4|4|4|4|4|4|4|4
23425,4,False,4,0,4,4|4|4|4|4|4|4|4|4|4
23428,4,False,4,0,4,4|4|4|4|4|4|4|4|4|4
23444,4,False,4,0,4,4|4|4|4|4|4|4|4|4|4
23460,4,False,4,10,5,5|5|5|5|5|5|5|5|5|5
23462,4,False,4,0,4,4|4|4|4|4|4|4|4|4|4
23467,4,False,4,0,4,4|4|4|4|4|4|4|4|4|4
23469,4,False,4,0,4,4|4|4|4|4|4|4|4|4|4
23492,4,False,4,0,4,4|4|4|4|4|4|4|4|4|4
23498,4,False,4,0,4,4|4|4|4|4|4|4|4|4|4
23504,4,False,4,1,4,4|4|4|4|4|4|4|5|4|4
23510,4,False,4,0,4,4|4|4|4|4|4|4|4|4|4
23538,4,False,4,1,4,4|4|5|4|4|4|4|4|4|4
23547,4,False,4,0,4,4|4|4|4|4|4|4|4|4|4
23551,4,False,4,0,4,4|4|4|4|4|4|4|4|4|4
23555,4,False,4,0,4,4|4|4|4|4|4|4|4|4|4
23561,4,False,4,0,4,4|4|4|4|4|4|4|4|4|4
23562,4,False,4,0,4,4|4|4|4|4|4|4|4|4|4
23569,4,False,4,0,4,4|4|4|4|4|4|4|4|4|4
23575,4,False,4,0,4,4|4|4|4|4|4|4|4|4|4
23586,4,False,4,0,4,4|4|4|4|4|4|4|4|4|4
23594,4,False,4,10,3,3|3|3|3|3|3|3|3|3|3
23595,4,False,4,0,4,4|4|4|4|4|4|4|4|4|4
23601,4,False,4,0,4,4|4|4|4|4|4|4|4|4|4
23607,4,False,4,0,4,4|4|4|4|4|4|4|4|4|4
23632,4,False,4,0,4,4|4|4|4|4|4|4|4|4|4
23638,4,False,4,5,-1,4|5|4|4|5|5|5|4|5|4
23641,4,False,4,0,4,4|4|4|4|4|4|4|4|4|4
23654,4,False,4,0,4,4|4|4|4|4|4|4|4|4|4
23676,4,False,4,7,-1,5|9|5|4|4|8|5|4|8|8
23680,4,False,4,0,4,4|4|4|4|4|4|4|4|4|4
23682,4,False,4,7,5,5|4|5|4|5|5|5|4|5|5
23696,4,False,4,2,4,4|4|4|4|4|4|4|5|5|4
23702,4,False,4,0,4,4|4|4|4|4|4|4|4|4|4
23707,4,False,4,1,4,4|5|4|4|4|4|4|4|4|4
23711,4,False,4,0,4,4|4|4|4|4|4|4|4|4|4
23735,4,False,4,0,4,4|4|4|4|4|4|4|4|4|4
23745,4,False,4,1,4,4|4|4|4|4|4|4|0|4|4
23751,4,False,4,1,4,2|4|4|4|4|4|4|4|4|4
23762,4,False,4,0,4,4|4|4|4|4|4|4|4|4|4
23766,4,False,4,10,5,5|5|5|3|2|5|3|5|3|5
23779,4,False,4,0,4,4|4|4|4|4|4|4|4|4|4
23796,4,False,4,0,4,4|4|4|4|4|4|4|4|4|4
23807,4,False,4,0,4,4|4|4|4|4|4|4|4|4|4
23811,4,False,4,1,4,4|4|4|4|4|4|4|5|4|4
23818,4,False,4,0,4,4|4|4|4|4|4|4|4|4|4
23826,4,False,4,0,4,4|4|4|4|4|4|4|4|4|4
23829,4,False,4,0,4,4|4|4|4|4|4|4|4|4|4
23854,4,False,4,10,2,2|0|2|0|2|2|2|2|0|0
23870,4,False,4,0,4,4|4|4|4|4|4|4|4|4|4
23875,4,False,4,0,4,4|4|4|4|4|4|4|4|4|4
23885,4,False,4,1,4,4|4|4|4|4|4|4|4|4|6
23893,4,False,4,10,1,1|1|1|1|3|1|3|1|3|1
23905,4,False,4,10,5,5|5|5|5|5|5|5|5|5|5
23906,4,False,4,5,4,4|8|4|4|0|4|5|8|4|5
23910,4,False,4,1,4,4|4|4|4|5|4|4|4|4|4
23934,4,False,4,0,4,4|4|4|4|4|4|4|4|4|4
23935,4,False,4,0,4,4|4|4|4|4|4|4|4|4|4
23943,4,False,4,2,4,4|4|4|4|4|5|4|5|4|4
23945,4,False,4,0,4,4|4|4|4|4|4|4|4|4|4
23956,4,False,4,0,4,4|4|4|4|4|4|4|4|4|4
23962,4,False,4,0,4,4|4|4|4|4|4|4|4|4|4
23963,4,False,4,9,3,3|2|5|1|6|3|4|1|3|3
23987,4,False,4,0,4,4|4|4|4|4|4|4|4|4|4
23993,4,False,4,0,4,4|4|4|4|4|4|4|4|4|4
23997,4,False,4,0,4,4|4|4|4|4|4|4|4|4|4
24001,4,False,4,0,4,4|4|4|4|4|4|4|4|4|4
24004,4,False,4,0,4,4|4|4|4|4|4|4|4|4|4
24007,4,False,4,0,4,4|4|4|4|4|4|4|4|4|4
24021,4,False,4,0,4,4|4|4|4|4|4|4|4|4|4
24032,4,False,4,0,4,4|4|4|4|4|4|4|4|4|4
24039,4,False,4,0,4,4|4|4|4|4|4|4|4|4|4
24040,4,False,4,2,4,4|4|4|4|4|4|5|4|5|4
24049,4,False,4,7,5,4|5|5|4|4|5|5|5|5|5
24052,4,False,4,0,4,4|4|4|4|4|4|4|4|4|4
24059,4,False,4,1,4,4|5|4|4|4|4|4|4|4|4
24060,4,False,4,3,4,4|4|4|4|4|5|5|4|4|5
24076,4,False,4,0,4,4|4|4|4|4|4|4|4|4|4
24086,4,False,4,1,4,4|4|4|4|4|4|5|4|4|4
24093,4,False,4,10,0,0|8|2|0|8|0|0|8|0|0
24110,4,False,4,0,4,4|4|4|4|4|4|4|4|4|4
24121,4,False,4,0,4,4|4|4|4|4|4|4|4|4|4
24132,4,False,4,0,4,4|4|4|4|4|4|4|4|4|4
24149,4,False,4,3,4,4|5|4|4|4|4|4|5|4|5
24170,4,False,4,1,4,4|4|4|4|5|4|4|4|4|4
24172,4,False,4,5,4,4|4|4|1|4|1|5|4|1|1
24178,4,False,4,0,4,4|4|4|4|4|4|4|4|4|4
24186,4,False,4,1,4,4|4|4|4|4|4|4|4|5|4
24204,4,False,4,10,1,1|1|1|0|1|1|0|0|1|0
24208,4,False,4,0,4,4|4|4|4|4|4|4|4|4|4
24220,4,False,4,5,4,5|3|5|4|4|4|5|3|4|4
24221,4,False,4,0,4,4|4|4|4|4|4|4|4|4|4
24231,4,False,4,5,-1,5|5|4|4|5|4|5|5|4|4
24242,4,False,4,2,4,4|4|4|4|5|1|4|4|4|4
24244,4,False,4,10,5,5|5|5|5|5|5|5|5|5|5
24253,4,False,4,0,4,4|4|4|4|4|4|4|4|4|4
24261,4,False,4,7,5,4|5|5|4|4|3|3|5|3|5
24270,4,False,4,2,4,4|4|4|4|4|4|8|4|8|4
24277,4,False,4,0,4,4|4|4|4|4|4|4|4|4|4
24281,4,False,4,3,4,4|4|5|5|4|4|4|4|5|4
24284,4,False,4,0,4,4|4|4|4|4|4|4|4|4|4
24324,4,False,4,7,5,5|4|5|5|5|4|5|4|5|5
24325,4,False,4,8,3,3|3|3|4|3|1|4|3|1|3
24337,4,False,4,0,4,4|4|4|4|4|4|4|4|4|4
24338,4,False,4,0,4,4|4|4|4|4|4|4|4|4|4
24344,4,False,4,7,1,4|0|4|4|1|1|1|1|1|1
24354,4,False,4,0,4,4|4|4|4|4|4|4|4|4|4
24361,4,False,4,0,4,4|4|4|4|4|4|4|4|4|4
24362,4,False,4,0,4,4|4|4|4|4|4|4|4|4|4
24366,4,False,4,0,4,4|4|4|4|4|4|4|4|4|4
24370,4,False,4,0,4,4|4|4|4|4|4|4|4|4|4
24371,4,False,4,0,4,4|4|4|4|4|4|4|4|4|4
24372,4,False,4,10,5,5|2|5|1|5|5|5|5|5|5
24373,4,False,4,1,4,4|4|1|4|4|4|4|4|4|4
24390,4,False,4,0,4,4|4|4|4|4|4|4|4|4|4
24411,4,False,4,0,4,4|4|4|4|4|4|4|4|4|4
24417,4,False,4,2,4,4|4|4|4|4|4|5|4|4|5
24423,4,False,4,3,4,4|4|4|4|5|4|4|5|5|4
24426,4,False,4,0,4,4|4|4|4|4|4|4|4|4|4
24442,4,False,4,7,5,5|5|4|5|5|5|4|5|5|4
24445,4,False,4,0,4,4|4|4|4|4|4|4|4|4|4
24448,4,False,4,7,5,5|4|5|5|5|4|5|4|5|5
24452,4,False,4,0,4,4|4|4|4|4|4|4|4|4|4
24464,4,False,4,0,4,4|4|4|4|4|4|4|4|4|4
24478,4,False,4,10,5,5|5|5|5|5|5|5|5|5|5
24480,4,False,4,1,4,4|4|5|4|4|4|4|4|4|4
24481,4,False,4,0,4,4|4|4|4|4|4|4|4|4|4
24488,4,False,4,0,4,4|4|4|4|4|4|4|4|4|4
24498,4,False,4,0,4,4|4|4|4|4|4|4|4|4|4
24499,4,False,4,5,-1,5|4|5|5|4|4|4|5|4|5
24500,4,False,4,3,4,5|5|4|4|5|4|4|4|4|4
24505,4,False,4,1,4,4|4|4|4|5|4|4|4|4|4
24542,4,False,4,3,4,4|5|4|4|5|4|4|5|4|4
24548,4,False,4,0,4,4|4|4|4|4|4|4|4|4|4
24551,4,False,4,9,1,1|0|1|0|1|1|0|1|4|1
24585,4,False,4,4,4,4|4|5|4|5|4|4|5|5|4
24603,4,False,4,4,4,4|4|5|5|4|4|5|4|4|5
24622,4,False,4,0,4,4|4|4|4|4|4|4|4|4|4
24627,4,False,4,7,0,0|4|0|4|0|0|0|4|0|0
24646,4,False,4,0,4,4|4|4|4|4|4|4|4|4|4
24655,4,False,4,4,4,5|5|4|4|5|4|4|5|4|4
24664,4,False,4,3,4,4|4|5|4|5|4|4|5|4|4
24672,4,False,4,0,4,4|4|4|4|4|4|4|4|4|4
24695,4,False,4,0,4,4|4|4|4|4|4|4|4|4|4
24718,4,False,4,4,4,4|4|5|4|4|5|5|4|5|4
24734,4,False,4,0,4,4|4|4|4|4|4|4|4|4|4
24748,4,False,4,0,4,4|4|4|4|4|4|4|4|4|4
24763,4,False,4,7,5,5|5|5|4|5|4|5|4|5|5
24771,4,False,4,0,4,4|4|4|4|4|4|4|4|4|4
24781,4,False,4,3,4,4|0|4|4|0|4|0|4|4|4
24788,4,False,4,0,4,4|4|4|4|4|4|4|4|4|4
24796,4,False,4,1,4,4|5|4|4|4|4|4|4|4|4
24807,4,False,4,0,4,4|4|4|4|4|4|4|4|4|4
24812,4,False,4,0,4,4|4|4|4|4|4|4|4|4|4
24816,4,False,4,4,4,4|4|5|4|5|4|5|4|4|5
24818,4,False,4,0,4,4|4|4|4|4|4|4|4|4|4
24819,4,False,4,10,5,5|5|5|5|2|5|5|1|5|5
24821,4,False,4,0,4,4|4|4|4|4|4|4|4|4|4
24824,4,False,4,1,4,4|4|4|4|4|4|4|5|4|4
24827,4,False,4,0,4,4|4|4|4|4|4|4|4|4|4
24842,4,False,4,0,4,4|4|4|4|4|4|4|4|4|4
24860,4,False,4,2,4,4|4|4|5|4|5|4|4|4|4
24864,4,False,4,0,4,4|4|4|4|4|4|4|4|4|4
24872,4,False,4,0,4,4|4|4|4|4|4|4|4|4|4
24877,4,False,4,6,4,1|2|2|4|3|5|4|1|4|4
24881,4,False,4,0,4,4|4|4|4|4|4|4|4|4|4
24903,4,False,4,2,4,4|4|5|4|4|4|5|4|4|4
24920,4,False,4,0,4,4|4|4|4|4|4|4|4|4|4
24922,4,False,4,10,5,5|5|5|5|5|5|5|5|5|5
24925,4,False,4,1,4,4|4|4|4|4|4|4|4|4|5
24928,4,False,4,0,4,4|4|4|4|4|4|4|4|4|4
24955,4,False,4,0,4,4|4|4|4|4|4|4|4|4|4
24957,4,False,4,0,4,4|4|4|4|4|4|4|4|4|4
24978,4,False,4,3,4,4|5|4|4|0|4|4|0|4|4
24999,5,False,5,10,4,4|4|0|0|4|0|4|4|4|4
25004,5,False,5,9,3,8|2|3|3|5|7|2|3|3|2
25005,5,False,5,0,5,5|5|5|5|5|5|5|5|5|5
25023,5,False,5,0,5,5|5|5|5|5|5|5|5|5|5
25025,5,False,5,0,5,5|5|5|5|5|5|5|5|5|5
25037,5,False,5,0,5,5|5|5|5|5|5|5|5|5|5
25038,5,False,5,6,-1,0|8|5|0|5|5|5|8|0|0
25049,5,False,5,0,5,5|5|5|5|5|5|5|5|5|5
25055,5,False,5,0,5,5|5|5|5|5|5|5|5|5|5
25063,5,False,5,0,5,5|5|5|5|5|5|5|5|5|5
25064,5,False,5,7,4,3|4|5|5|4|4|3|4|5|4
25080,5,False,5,2,5,5|5|5|5|4|5|5|4|5|5
25088,5,False,5,3,5,5|4|5|5|1|5|5|4|5|5
25094,5,False,5,0,5,5|5|5|5|5|5|5|5|5|5
25098,5,False,5,3,5,5|5|5|5|4|5|5|0|0|5
25109,5,False,5,0,5,5|5|5|5|5|5|5|5|5|5
25139,5,False,5,9,4,4|1|4|5|1|4|4|4|1|1
25155,5,False,5,3,5,4|5|5|5|4|5|5|4|5|5
25156,5,False,5,0,5,5|5|5|5|5|5|5|5|5|5
25157,5,False,5,4,5,5|1|5|5|4|5|5|3|5|3
25160,5,False,5,2,5,5|4|5|4|5|5|5|5|5|5
25165,5,False,5,9,1,4|4|5|1|3|1|4|3|1|1
25168,5,False,5,9,6,6|6|3|1|6|6|3|5|2|6
25173,5,False,5,2,5,5|4|5|5|5|5|5|4|5|5
25189,5,False,5,0,5,5|5|5|5|5|5|5|5|5|5
25196,5,False,5,0,5,5|5|5|5|5|5|5|5|5|5
25220,5,False,5,0,5,5|5|5|5|5|5|5|5|5|5
25264,5,False,5,0,5,5|5|5|5|5|5|5|5|5|5
25269,5,False,5,2,5,5|4|4|5|5|5|5|5|5|5
25279,5,False,5,1,5,5|5|5|5|5|4|5|5|5|5
25338,5,False,5,2,5,5|3|5|3|5|5|5|5|5|5
25341,5,False,5,0,5,5|5|5|5|5|5|5|5|5|5
25361,5,False,5,0,5,5|5|5|5|5|5|5|5|5|5
25362,5,False,5,0,5,5|5|5|5|5|5|5|5|5|5
25373,5,False,5,2,5,5|2|5|5|3|5|5|5|5|5
25393,5,False,5,0,5,5|5|5|5|5|5|5|5|5|5
25395,5,False,5,2,5,5|4|5|5|5|4|5|5|5|5
25396,5,False,5,0,5,5|5|5|5|5|5|5|5|5|5
25401,5,False,5,0,5,5|5|5|5|5|5|5|5|5|5
25411,5,False,5,3,5,5|5|5|3|3|5|5|3|5|5
25430,5,False,5,2,5,5|5|3|5|5|5|5|4|5|5
25439,5,False,5,10,4,4|4|4|4|4|4|4|4|4|4
25442,5,False,5,0,5,5|5|5|5|5|5|5|5|5|5
25451,5,False,5,0,5,5|5|5|5|5|5|5|5|5|5
25459,5,False,5,4,5,4|5|5|4|5|4|5|5|3|5
25477,5,False,5,1,5,5|4|5|5|5|5|5|5|5|5
25493,5,False,5,0,5,5|5|5|5|5|5|5|5|5|5
25495,5,False,5,3,5,5|5|5|5|5|5|4|4|4|5
25516,5,False,5,1,5,1|5|5|5|5|5|5|5|5|5
25518,5,False,5,0,5,5|5|5|5|5|5|5|5|5|5
25538,5,False,5,6,0,5|5|5|0|0|0|3|5|0|0
25541,5,False,5,9,1,4|1|1|1|5|1|4|1|1|1
25544,5,False,5,9,1,3|1|3|1|1|5|1|4|3|1
25562,5,False,5,4,5,5|5|3|3|5|5|5|4|3|5
25598,5,False,5,0,5,5|5|5|5|5|5|5|5|5|5
25599,5,False,5,0,5,5|5|5|5|5|5|5|5|5|5
25605,5,False,5,0,5,5|5|5|5|5|5|5|5|5|5
25607,5,False,5,0,5,5|5|5|5|5|5|5|5|5|5
25608,5,False,5,2,5,3|5|5|5|5|3|5|5|5|5
25612,5,False,5,10,4,4|4|4|4|4|4|4|4|4|4
25623,5,False,5,10,-1,3|0|1|1|3|2|0|2|2|3
25653,5,False,5,0,5,5|5|5|5|5|5|5|5|5|5
25656,5,False,5,0,5,5|5|5|5|5|5|5|5|5|5
25666,5,False,5,0,5,5|5|5|5|5|5|5|5|5|5
25694,5,False,5,1,5,5|5|5|5|5|2|5|5|5|5
25700,5,False,5,0,5,5|5|5|5|5|5|5|5|5|5
25701,5,False,5,7,-1,1|0|5|5|4|5|4|4|1|1
25704,5,False,5,9,3,3|5|3|3|2|2|3|2|3|3
25713,5,False,5,3,5,5|5|5|5|3|5|3|5|5|2
25723,5,False,5,0,5,5|5|5|5|5|5|5|5|5|5
25730,5,False,5,0,5,5|5|5|5|5|5|5|5|5|5
25734,5,False,5,0,5,5|5|5|5|5|5|5|5|5|5
25750,5,False,5,0,5,5|5|5|5|5|5|5|5|5|5
25765,5,False,5,0,5,5|5|5|5|5|5|5|5|5|5
25785,5,False,5,0,5,5|5|5|5|5|5|5|5|5|5
25793,5,False,5,10,4,4|4|4|4|4|4|4|4|4|4
25794,5,False,5,0,5,5|5|5|5|5|5|5|5|5|5
25809,5,False,5,9,6,6|6|8|6|5|0|9|6|6|9
25842,5,False,5,10,4,4|4|4|4|4|4|4|4|4|4
25843,5,False,5,6,3,3|3|3|3|3|5|5|5|5|3
25844,5,False,5,0,5,5|5|5|5|5|5|5|5|5|5
25848,5,False,5,10,4,4|4|4|4|4|4|4|4|4|4
25849,5,False,5,9,4,4|5|4|4|4|4|4|4|4|4
25850,5,False,5,0,5,5|5|5|5|5|5|5|5|5|5
25852,5,False,5,5,5,5|5|5|1|2|2|5|1|5|3
25865,5,False,5,1,5,5|5|5|5|5|0|5|5|5|5
25879,5,False,5,0,5,5|5|5|5|5|5|5|5|5|5
25891,5,False,5,1,5,5|5|5|5|5|5|5|3|5|5
25896,5,False,5,0,5,5|5|5|5|5|5|5|5|5|5
25903,5,False,5,0,5,5|5|5|5|5|5|5|5|5|5
25906,5,False,5,0,5,5|5|5|5|5|5|5|5|5|5
25926,5,False,5,8,-1,1|1|0|5|0|1|0|0|5|1
25942,5,False,5,1,5,5|5|5|5|5|5|2|5|5|5
25946,5,False,5,1,5,5|5|5|5|5|5|5|5|5|4
25951,5,False,5,0,5,5|5|5|5|5|5|5|5|5|5
25964,5,False,5,3,5,5|5|5|3|5|5|5|3|5|3
25974,5,False,5,10,4,4|4|4|4|4|4|4|4|4|4
25977,5,False,5,4,5,5|3|5|5|5|5|3|3|5|3
25978,5,False,5,1,5,5|5|5|5|5|5|5|5|1|5
25987,5,False,5,3,5,4|5|5|5|5|4|5|5|4|5
26005,5,False,5,1,5,5|5|5|5|4|5|5|5|5|5
26014,5,False,5,3,5,5|1|5|5|5|5|5|1|4|5
26015,5,False,5,0,5,5|5|5|5|5|5|5|5|5|5
26016,5,False,5,2,5,5|4|5|5|5|5|5|4|5|5
26019,5,False,5,0,5,5|5|5|5|5|5|5|5|5|5
26020,5,False,5,10,1,1|4|4|1|4|1|1|4|1|1
26025,5,False,5,0,5,5|5|5|5|5|5|5|5|5|5
26039,5,False,5,0,5,5|5|5|5|5|5|5|5|5|5
26040,5,False,5,0,5,5|5|5|5|5|5|5|5|5|5
26048,5,False,5,0,5,5|5|5|5|5|5|5|5|5|5
26051,5,False,5,0,5,5|5|5|5|5|5|5|5|5|5
26052,5,False,5,10,2,2|2|2|2|2|2|2|2|2|2
26064,5,False,5,6,-1,5|4|5|4|4|5|3|4|3|5
26068,5,False,5,1,5,5|1|5|5|5|5|5|5|5|5
26073,5,False,5,10,6,6|6|6|6|6|6|6|6|6|6
26080,5,False,5,2,5,4|5|5|5|5|5|5|5|4|5
26082,5,False,5,0,5,5|5|5|5|5|5|5|5|5|5
26090,5,False,5,1,5,5|5|5|5|0|5|5|5|5|5
26103,5,False,5,7,4,4|4|4|4|5|5|4|5|4|4
26115,5,False,5,0,5,5|5|5|5|5|5|5|5|5|5
26126,5,False,5,1,5,5|5|5|5|0|5|5|5|5|5
26143,5,False,5,5,-1,4|4|5|5|4|5|4|4|5|5
26150,5,False,5,8,0,1|5|5|3|0|0|0|1|3|6
26173,5,False,5,7,8,8|9|8|5|8|8|8|8|5|5
26174,5,False,5,0,5,5|5|5|5|5|5|5|5|5|5
26184,5,False,5,0,5,5|5|5|5|5|5|5|5|5|5
26185,5,False,5,0,5,5|5|5|5|5|5|5|5|5|5
26187,5,False,5,1,5,5|5|5|5|4|5|5|5|5|5
26190,5,False,5,1,5,5|5|4|5|5|5|5|5|5|5
26191,5,False,5,0,5,5|5|5|5|5|5|5|5|5|5
26204,5,False,5,0,5,5|5|5|5|5|5|5|5|5|5
26212,5,False,5,0,5,5|5|5|5|5|5|5|5|5|5
26220,5,False,5,1,5,5|5|5|5|5|5|4|5|5|5
26222,5,False,5,0,5,5|5|5|5|5|5|5|5|5|5
26227,5,False,5,0,5,5|5|5|5|5|5|5|5|5|5
26245,5,False,5,8,4,4|4|4|4|4|4|4|5|5|4
26249,5,False,5,0,5,5|5|5|5|5|5|5|5|5|5
26256,5,False,5,0,5,5|5|5|5|5|5|5|5|5|5
26261,5,False,5,0,5,5|5|5|5|5|5|5|5|5|5
26277,5,False,5,0,5,5|5|5|5|5|5|5|5|5|5
26289,5,False,5,0,5,5|5|5|5|5|5|5|5|5|5
26315,5,False,5,6,4,4|5|4|5|5|4|4|1|4|5
26326,5,False,5,0,5,5|5|5|5|5|5|5|5|5|5
26330,5,False,5,1,5,5|5|5|3|5|5|5|5|5|5
26333,5,False,5,0,5,5|5|5|5|5|5|5|5|5|5
26342,5,False,5,7,3,5|3|5|3|3|5|3|3|3|3
26349,5,False,5,0,5,5|5|5|5|5|5|5|5|5|5
26352,5,False,5,1,5,5|5|5|5|5|5|4|5|5|5
26364,5,False,5,7,1,1|1|5|1|1|5|3|4|5|3
26392,5,False,5,1,5,5|5|4|5|5|5|5|5|5|5
26405,5,False,5,0,5,5|5|5|5|5|5|5|5|5|5
26407,5,False,5,1,5,5|5|4|5|5|5|5|5|5|5
26410,5,False,5,0,5,5|5|5|5|5|5|5|5|5|5
26432,5,False,5,0,5,5|5|5|5|5|5|5|5|5|5
26444,5,False,5,4,5,5|4|5|4|4|5|5|4|5|5
26453,5,False,5,0,5,5|5|5|5|5|5|5|5|5|5
26459,5,False,5,1,5,5|5|5|5|1|5|5|5|5|5
26472,5,False,5,7,-1,5|9|9|8|0|5|5|9|0|8
26474,5,False,5,0,5,5|5|5|5|5|5|5|5|5|5
26478,5,False,5,7,4,5|4|4|5|4|5|2|0|4|2
26484,5,False,5,0,5,5|5|5|5|5|5|5|5|5|5
26498,5,False,5,0,5,5|5|5|5|5|5|5|5|5|5
26502,5,False,5,0,5,5|5|5|5|5|5|5|5|5|5
26507,5,False,5,9,4,4|4|4|4|4|4|4|4|5|4
26525,5,False,5,0,5,5|5|5|5|5|5|5|5|5|5
26532,5,False,5,0,5,5|5|5|5|5|5|5|5|5|5
26542,5,False,5,0,5,5|5|5|5|5|5|5|5|5|5
26546,5,False,5,0,5,5|5|5|5|5|5|5|5|5|5
26548,5,False,5,0,5,5|5|5|5|5|5|5|5|5|5
26557,5,False,5,4,5,4|5|5|5|4|5|4|3|5|5
26558,5,False,5,0,5,5|5|5|5|5|5|5|5|5|5
26566,5,False,5,5,-1,4|4|5|5|4|5|5|4|4|5
26567,5,False,5,5,5,0|5|0|5|5|3|0|5|5|0
26580,5,False,5,2,5,5|5|5|4|5|4|5|5|5|5
26581,5,False,5,0,5,5|5|5|5|5|5|5|5|5|5
26590,5,False,5,0,5,5|5|5|5|5|5|5|5|5|5
26595,5,False,5,0,5,5|5|5|5|5|5|5|5|5|5
26598,5,False,5,0,5,5|5|5|5|5|5|5|5|5|5
26609,5,False,5,0,5,5|5|5|5|5|5|5|5|5|5
26619,5,False,5,0,5,5|5|5|5|5|5|5|5|5|5
26639,5,False,5,0,5,5|5|5|5|5|5|5|5|5|5
26656,5,False,5,10,4,4|4|4|4|4|4|4|4|4|4
26664,5,False,5,0,5,5|5|5|5|5|5|5|5|5|5
26677,5,False,5,0,5,5|5|5|5|5|5|5|5|5|5
26678,5,False,5,4,5,4|5|5|0|5|1|4|5|5|5
26682,5,False,5,0,5,5|5|5|5|5|5|5|5|5|5
26690,5,False,5,0,5,5|5|5|5|5|5|5|5|5|5
26709,5,False,5,0,5,5|5|5|5|5|5|5|5|5|5
26712,5,False,5,4,5,4|5|5|5|5|5|4|5|4|4
26713,5,False,5,0,5,5|5|5|5|5|5|5|5|5|5
26722,5,False,5,0,5,5|5|5|5|5|5|5|5|5|5
26737,5,False,5,5,-1,5|4|4|4|4|5|4|5|5|5
26743,5,False,5,10,4,4|0|4|4|0|4|4|4|4|4
26744,5,False,5,4,5,5|5|5|4|5|4|4|5|4|5
26749,5,False,5,2,5,5|5|5|4|5|4|5|5|5|5
26753,5,False,5,0,5,5|5|5|5|5|5|5|5|5|5
26766,5,False,5,0,5,5|5|5|5|5|5|5|5|5|5
26772,5,False,5,9,4,4|4|4|4|4|4|4|4|4|5
26776,5,False,5,2,5,5|5|5|5|5|5|4|7|5|5
26795,5,False,5,3,5,5|5|5|5|4|5|0|4|5|5
26808,5,False,5,4,5,5|4|5|5|4|4|5|4|5|5
26821,5,False,5,10,3,3|3|3|3|3|3|3|3|3|3
26828,5,False,5,0,5,5|5|5|5|5|5|5|5|5|5
26853,5,False,5,0,5,5|5|5|5|5|5|5|5|5|5
26854,5,False,5,0,5,5|5|5|5|5|5|5|5|5|5
26857,5,False,5,0,5,5|5|5|5|5|5|5|5|5|5
26863,5,False,5,0,5,5|5|5|5|5|5|5|5|5|5
26883,5,False,5,4,5,4|5|4|4|5|5|5|5|5|4
26890,5,False,5,0,5,5|5|5|5|5|5|5|5|5|5
26900,5,False,5,4,5,5|4|5|5|4|5|5|4|5|3
26903,5,False,5,7,4,4|0|0|5|0|4|4|5|4|5
26905,5,False,5,8,1,1|0|1|1|5|3|1|5|1|0
26929,5,False,5,0,5,5|5|5|5|5|5|5|5|5|5
26935,5,False,5,0,5,5|5|5|5|5|5|5|5|5|5
26943,5,False,5,0,5,5|5|5|5|5|5|5|5|5|5
26966,5,False,5,0,5,5|5|5|5|5|5|5|5|5|5
26968,5,False,5,10,4,4|4|4|4|4|4|4|4|4|4
26974,5,False,5,2,5,1|5|5|5|5|5|1|5|5|5
26976,5,False,5,10,3,3|1|3|3|1|3|3|3|3|3
26978,5,False,5,1,5,5|5|3|5|5|5|5|5|5|5
26989,5,False,5,0,5,5|5|5|5|5|5|5|5|5|5
26990,5,False,5,9,1,1|1|5|1|0|3|3|3|1|1
26994,5,False,5,2,5,5|5|5|5|5|4|4|5|5|5
26997,5,False,5,0,5,5|5|5|5|5|5|5|5|5|5
26998,5,False,5,0,5,5|5|5|5|5|5|5|5|5|5
27000,5,False,5,7,4,5|5|5|4|4|4|4|4|4|4
27010,5,False,5,0,5,5|5|5|5|5|5|5|5|5|5
27014,5,False,5,0,5,5|5|5|5|5|5|5|5|5|5
27032,5,False,5,0,5,5|5|5|5|5|5|5|5|5|5
27037,5,False,5,0,5,5|5|5|5|5|5|5|5|5|5
27041,5,False,5,0,5,5|5|5|5|5|5|5|5|5|5
27042,5,False,5,10,1,1|1|1|1|1|1|1|0|1|1
27043,5,False,5,0,5,5|5|5|5|5|5|5|5|5|5
27048,5,False,5,4,5,5|6|3|5|5|5|5|3|6|5
27060,5,False,5,0,5,5|5|5|5|5|5|5|5|5|5
27067,5,False,5,0,5,5|5|5|5|5|5|5|5|5|5
27068,5,False,5,0,5,5|5|5|5|5|5|5|5|5|5
27071,5,False,5,10,4,4|4|4|4|4|4|4|4|4|4
27075,5,False,5,2,5,5|5|5|5|5|5|4|5|4|5
27082,5,False,5,0,5,5|5|5|5|5|5|5|5|5|5
27101,5,False,5,0,5,5|5|5|5|5|5|5|5|5|5
27107,5,False,5,5,5,5|5|2|4|4|4|4|5|5|5
27108,5,False,5,0,5,5|5|5|5|5|5|5|5|5|5
27151,5,False,5,7,1,1|4|1|1|5|1|1|5|1|5
27160,5,False,5,0,5,5|5|5|5|5|5|5|5|5|5
27163,5,False,5,10,4,4|4|4|4|4|4|4|4|4|4
27179,5,False,5,0,5,5|5|5|5|5|5|5|5|5|5
27189,5,False,5,0,5,5|5|5|5|5|5|5|5|5|5
27204,5,False,5,10,4,4|4|4|4|4|4|4|4|4|4
27213,5,False,5,0,5,5|5|5|5|5|5|5|5|5|5
27226,5,False,5,3,5,5|4|4|5|5|5|5|4|5|5
27237,5,False,5,0,5,5|5|5|5|5|5|5|5|5|5
27269,5,False,5,10,4,4|4|4|4|8|4|4|4|4|4
27275,5,False,5,10,9,9|8|9|9|9|8|9|9|9|9
27318,5,False,5,0,5,5|5|5|5|5|5|5|5|5|5
27319,5,False,5,0,5,5|5|5|5|5|5|5|5|5|5
27327,5,False,5,0,5,5|5|5|5|5|5|5|5|5|5
27340,5,False,5,8,4,4|4|5|4|5|0|4|4|4|4
27350,5,False,5,0,5,5|5|5|5|5|5|5|5|5|5
27352,5,False,5,0,5,5|5|5|5|5|5|5|5|5|5
27388,5,False,5,0,5,5|5|5|5|5|5|5|5|5|5
27397,5,False,5,8,1,1|1|1|1|1|1|1|5|5|1
27400,5,False,5,9,4,4|4|4|4|5|4|4|4|4|4
27418,5,False,5,0,5,5|5|5|5|5|5|5|5|5|5
27420,5,False,5,10,4,4|4|4|4|4|4|4|4|4|4
27429,5,False,5,0,5,5|5|5|5|5|5|5|5|5|5
27435,5,False,5,9,1,1|1|1|1|1|1|1|0|5|1
27437,5,False,5,10,4,4|4|4|4|4|4|4|4|4|4
27439,5,False,5,0,5,5|5|5|5|5|5|5|5|5|5
27443,5,False,5,10,4,4|4|4|4|4|4|4|4|4|4
27448,5,False,5,4,5,5|4|4|4|5|5|5|5|5|4
27460,5,False,5,0,5,5|5|5|5|5|5|5|5|5|5
27475,5,False,5,4,5,4|5|5|4|4|5|4|5|5|5
27479,5,False,5,0,5,5|5|5|5|5|5|5|5|5|5
27486,5,False,5,1,5,5|3|5|5|5|5|5|5|5|5
27495,5,False,5,0,5,5|5|5|5|5|5|5|5|5|5
27501,5,False,5,1,5,5|5|5|5|5|5|5|1|5|5
27523,5,False,5,2,5,5|5|5|5|3|5|5|5|4|5
27531,5,False,5,0,5,5|5|5|5|5|5|5|5|5|5
27575,5,False,5,0,5,5|5|5|5|5|5|5|5|5|5
27576,5,False,5,0,5,5|5|5|5|5|5|5|5|5|5
27593,5,False,5,0,5,5|5|5|5|5|5|5|5|5|5
27599,5,False,5,0,5,5|5|5|5|5|5|5|5|5|5
27611,5,False,5,0,5,5|5|5|5|5|5|5|5|5|5
27617,5,False,5,0,5,5|5|5|5|5|5|5|5|5|5
27623,5,False,5,1,5,5|5|5|5|2|5|5|5|5|5
27624,5,False,5,0,5,5|5|5|5|5|5|5|5|5|5
27644,5,False,5,0,5,5|5|5|5|5|5|5|5|5|5
27648,5,False,5,0,5,5|5|5|5|5|5|5|5|5|5
27653,5,False,5,2,5,5|5|5|5|5|1|1|5|5|5
27662,5,False,5,0,5,5|5|5|5|5|5|5|5|5|5
27673,5,False,5,0,5,5|5|5|5|5|5|5|5|5|5
27684,5,False,5,0,5,5|5|5|5|5|5|5|5|5|5
27687,5,False,5,7,3,5|4|5|3|4|3|3|4|5|3
27693,5,False,5,0,5,5|5|5|5|5|5|5|5|5|5
27799,5,False,5,10,1,1|0|1|1|1|1|1|1|1|1
27802,5,False,5,0,5,5|5|5|5|5|5|5|5|5|5
27843,5,False,5,9,6,7|7|6|6|6|7|6|7|5|6
27845,5,False,5,5,5,1|5|4|4|5|4|5|5|4|5
27852,5,False,5,7,4,4|4|5|1|5|1|4|4|5|1
27861,5,False,5,10,1,1|1|1|1|1|1|1|1|1|1
27874,5,False,5,0,5,5|5|5|5|5|5|5|5|5|5
27882,5,False,5,7,1,5|1|1|1|5|1|1|0|5|1
27886,5,False,5,9,3,3|3|3|3|3|3|5|3|3|3
27907,5,False,5,9,4,4|4|4|4|4|5|4|4|4|4
27908,5,False,5,1,5,5|5|5|5|5|5|5|3|5|5
27913,5,False,5,0,5,5|5|5|5|5|5|5|5|5|5
27927,5,False,5,10,4,4|4|4|4|4|4|4|4|4|4
27931,5,False,5,0,5,5|5|5|5|5|5|5|5|5|5
27932,5,False,5,0,5,5|5|5|5|5|5|5|5|5|5
27936,5,False,5,0,5,5|5|5|5|5|5|5|5|5|5
27966,5,False,5,0,5,5|5|5|5|5|5|5|5|5|5
27970,5,False,5,2,5,4|5|5|5|5|5|5|4|5|5
27989,5,False,5,6,4,4|4|5|5|4|4|4|4|5|5
27991,5,False,5,0,5,5|5|5|5|5|5|5|5|5|5
27994,5,False,5,0,5,5|5|5|5|5|5|5|5|5|5
27998,5,False,5,0,5,5|5|5|5|5|5|5|5|5|5
28024,5,False,5,1,5,5|5|5|5|0|5|5|5|5|5
28061,5,False,5,10,3,3|3|3|3|3|3|3|1|3|3
28064,5,False,5,8,3,3|3|3|1|5|3|3|5|3|3
28074,5,False,5,0,5,5|5|5|5|5|5|5|5|5|5
28075,5,False,5,10,4,4|4|4|4|1|4|4|4|4|4
28090,5,False,5,10,2,2|1|2|2|1|2|2|1|2|1
28091,5,False,5,0,5,5|5|5|5|5|5|5|5|5|5
28096,5,False,5,0,5,5|5|5|5|5|5|5|5|5|5
28131,5,False,5,3,5,5|4|5|5|2|5|5|2|5|5
28141,5,False,5,0,5,5|5|5|5|5|5|5|5|5|5
28154,5,False,5,0,5,5|5|5|5|5|5|5|5|5|5
28188,5,False,5,10,4,4|4|4|4|4|4|4|4|4|4
28192,5,False,5,0,5,5|5|5|5|5|5|5|5|5|5
28204,5,False,5,10,4,4|4|4|4|4|4|4|4|4|4
28214,5,False,5,6,4,4|4|5|4|4|5|4|4|5|5
28216,5,False,5,8,-1,1|5|1|4|1|1|4|5|4|4
28230,5,False,5,2,5,5|5|4|5|5|5|5|4|5|5
28235,5,False,5,0,5,5|5|5|5|5|5|5|5|5|5
28259,5,False,5,0,5,5|5|5|5|5|5|5|5|5|5
28268,5,False,5,0,5,5|5|5|5|5|5|5|5|5|5
28285,5,False,5,3,5,5|5|5|1|5|5|4|5|4|5
28286,5,False,5,10,4,4|4|4|4|4|4|4|4|4|4
28294,5,False,5,0,5,5|5|5|5|5|5|5|5|5|5
28301,5,False,5,0,5,5|5|5|5|5|5|5|5|5|5
28308,5,False,5,2,5,5|5|5|5|5|5|5|5|4|4
28311,5,False,5,9,2,2|6|2|1|2|2|0|5|2|2
28340,5,False,5,0,5,5|5|5|5|5|5|5|5|5|5
28342,5,False,5,0,5,5|5|5|5|5|5|5|5|5|5
28352,5,False,5,3,5,5|5|5|4|4|5|5|4|5|5
28356,5,False,5,0,5,5|5|5|5|5|5|5|5|5|5
28368,5,False,5,0,5,5|5|5|5|5|5|5|5|5|5
28375,5,False,5,0,5,5|5|5|5|5|5|5|5|5|5
28388,5,False,5,9,-1,6|8|6|8|6|8|5|6|4|8
28397,5,False,5,10,7,4|7|7|4|7|7|7|7|3|4
28398,5,False,5,2,5,5|4|5|5|5|5|5|4|5|5
28405,5,False,5,1,5,5|4|5|5|5|5|5|5|5|5
28415,5,False,5,2,5,5|5|5|5|4|5|5|4|5|5
28417,5,False,5,10,4,4|4|4|4|4|4|4|4|4|4
28426,5,False,5,4,5,7|5|5|4|4|5|5|5|5|1
28429,5,False,5,0,5,5|5|5|5|5|5|5|5|5|5
28432,5,False,5,0,5,5|5|5|5|5|5|5|5|5|5
28448,5,False,5,0,5,5|5|5|5|5|5|5|5|5|5
28455,5,False,5,1,5,5|5|5|5|5|5|5|0|5|5
28464,5,False,5,0,5,5|5|5|5|5|5|5|5|5|5
28469,5,False,5,2,5,5|5|5|4|5|5|5|5|5|3
28473,5,False,5,0,5,5|5|5|5|5|5|5|5|5|5
28482,5,False,5,0,5,5|5|5|5|5|5|5|5|5|5
28486,5,False,5,2,5,5|5|4|5|5|5|4|5|5|5
28492,5,False,5,0,5,5|5|5|5|5|5|5|5|5|5
28512,5,False,5,4,5,5|5|5|5|4|4|4|4|5|5
28516,5,False,5,0,5,5|5|5|5|5|5|5|5|5|5
28529,5,False,5,0,5,5|5|5|5|5|5|5|5|5|5
28533,5,False,5,0,5,5|5|5|5|5|5|5|5|5|5
28534,5,False,5,1,5,5|5|5|5|5|4|5|5|5|5
28538,5,False,5,0,5,5|5|5|5|5|5|5|5|5|5
28545,5,False,5,0,5,5|5|5|5|5|5|5|5|5|5
28564,5,False,5,0,5,5|5|5|5|5|5|5|5|5|5
28580,5,False,5,2,5,5|5|4|4|5|5|5|5|5|5
28589,5,False,5,0,5,5|5|5|5|5|5|5|5|5|5
28598,5,False,5,0,5,5|5|5|5|5|5|5|5|5|5
28604,5,False,5,0,5,5|5|5|5|5|5|5|5|5|5
28655,5,False,5,9,8,8|8|9|8|8|3|5|8|8|9
28665,5,False,5,0,5,5|5|5|5|5|5|5|5|5|5
28667,5,False,5,2,5,5|5|5|0|5|5|0|5|5|5
28689,5,False,5,0,5,5|5|5|5|5|5|5|5|5|5
28724,5,False,5,0,5,5|5|5|5|5|5|5|5|5|5
28725,5,False,5,0,5,5|5|5|5|5|5|5|5|5|5
28726,5,False,5,2,5,5|5|5|5|2|5|5|3|5|5
28731,5,False,5,0,5,5|5|5|5|5|5|5|5|5|5
28749,5,False,5,1,5,5|5|5|5|5|5|5|3|5|5
28765,5,False,5,0,5,5|5|5|5|5|5|5|5|5|5
28769,5,False,5,0,5,5|5|5|5|5|5|5|5|5|5
28771,5,False,5,0,5,5|5|5|5|5|5|5|5|5|5
28777,5,False,5,1,5,5|5|5|5|4|5|5|5|5|5
28780,5,False,5,10,4,4|4|4|4|4|4|4|4|4|4
28783,5,False,5,3,5,5|2|5|1|2|5|5|5|5|5
28824,5,False,5,0,5,5|5|5|5|5|5|5|5|5|5
28826,5,False,5,0,5,5|5|5|5|5|5|5|5|5|5
28833,5,False,5,0,5,5|5|5|5|5|5|5|5|5|5
28836,5,False,5,0,5,5|5|5|5|5|5|5|5|5|5
28841,5,False,5,10,4,4|4|4|4|4|4|4|4|4|4
28844,5,False,5,2,5,5|5|4|5|5|5|5|4|5|5
28859,5,False,5,0,5,5|5|5|5|5|5|5|5|5|5
28863,5,False,5,2,5,5|5|5|1|4|5|5|5|5|5
28870,5,False,5,0,5,5|5|5|5|5|5|5|5|5|5
28883,5,False,5,0,5,5|5|5|5|5|5|5|5|5|5
28884,5,False,5,1,5,5|5|5|5|4|5|5|5|5|5
28893,5,False,5,0,5,5|5|5|5|5|5|5|5|5|5
28905,5,False,5,1,5,5|5|4|5|5|5|5|5|5|5
28907,5,False,5,0,5,5|5|5|5|5|5|5|5|5|5
28910,5,False,5,6,-1,3|5|2|3|2|5|2|2|5|5
28917,5,False,5,10,4,4|4|4|4|4|4|4|4|4|4
28919,5,False,5,10,8,9|8|2|8|2|9|8|8|9|8
28946,5,False,5,4,5,5|5|5|4|4|5|4|4|5|5
28949,5,False,5,0,5,5|5|5|5|5|5|5|5|5|5
28952,5,False,5,10,3,3|3|3|3|3|3|3|3|3|3
28954,5,False,5,0,5,5|5|5|5|5|5|5|5|5|5
28958,5,False,5,4,5,5|2|1|5|5|1|1|5|5|5
28974,5,False,5,0,5,5|5|5|5|5|5|5|5|5|5
28982,5,False,5,0,5,5|5|5|5|5|5|5|5|5|5
28994,5,False,5,2,5,5|5|5|4|5|5|5|4|5|5
28997,5,False,5,0,5,5|5|5|5|5|5|5|5|5|5
29007,5,False,5,0,5,5|5|5|5|5|5|5|5|5|5
29047,5,False,5,0,5,5|5|5|5|5|5|5|5|5|5
29083,5,False,5,4,5,5|5|5|5|4|4|5|4|5|4
29094,5,False,5,0,5,5|5|5|5|5|5|5|5|5|5
29102,5,False,5,0,5,5|5|5|5|5|5|5|5|5|5
29116,5,False,5,0,5,5|5|5|5|5|5|5|5|5|5
29124,5,False,5,0,5,5|5|5|5|5|5|5|5|5|5
29133,5,False,5,0,5,5|5|5|5|5|5|5|5|5|5
29143,5,False,5,0,5,5|5|5|5|5|5|5|5|5|5
29161,5,False,5,10,4,4|4|4|4|4|4|4|4|4|4
29165,5,False,5,0,5,5|5|5|5|5|5|5|5|5|5
29175,5,False,5,0,5,5|5|5|5|5|5|5|5|5|5
29181,5,False,5,0,5,5|5|5|5|5|5|5|5|5|5
29185,5,False,5,0,5,5|5|5|5|5|5|5|5|5|5
29207,5,False,5,1,5,5|4|5|5|5|5|5|5|5|5
29211,5,False,5,6,4,4|5|5|4|5|5|4|4|4|4
29223,5,False,5,0,5,5|5|5|5|5|5|5|5|5|5
29242,5,False,5,9,4,4|4|4|4|4|5|4|4|4|4
29255,5,False,5,1,5,5|5|5|5|5|5|4|5|5|5
29271,5,False,5,0,5,5|5|5|5|5|5|5|5|5|5
29285,5,False,5,0,5,5|5|5|5|5|5|5|5|5|5
29287,5,False,5,0,5,5|5|5|5|5|5|5|5|5|5
29331,5,False,5,10,7,7|7|7|7|7|7|7|7|7|7
29339,5,False,5,3,5,5|4|4|5|5|5|5|5|4|5
29356,5,False,5,2,5,5|2|5|5|5|5|3|5|5|5
29367,5,False,5,10,4,4|4|4|4|4|4|4|4|4|4
29396,5,False,5,0,5,5|5|5|5|5|5|5|5|5|5
29401,5,False,5,7,3,5|5|3|3|3|3|5|4|3|3
29404,5,False,5,0,5,5|5|5|5|5|5|5|5|5|5
29411,5,False,5,0,5,5|5|5|5|5|5|5|5|5|5
29422,5,False,5,0,5,5|5|5|5|5|5|5|5|5|5
29433,5,False,5,4,5,4|5|5|5|5|4|5|4|4|5
29434,5,False,5,7,5,8|3|2|1|3|8|5|1|5|5
29450,5,False,5,2,5,5|4|5|5|5|5|5|4|5|5
29464,5,False,5,0,5,5|5|5|5|5|5|5|5|5|5
29469,5,False,5,0,5,5|5|5|5|5|5|5|5|5|5
29473,5,False,5,0,5,5|5|5|5|5|5|5|5|5|5
29481,5,False,5,0,5,5|5|5|5|5|5|5|5|5|5
29497,5,False,5,6,5,0|4|9|5|4|5|0|9|5|5
29526,5,False,5,6,4,4|5|4|5|5|4|4|4|5|4
29532,5,False,5,0,5,5|5|5|5|5|5|5|5|5|5
29535,5,False,5,0,5,5|5|5|5|5|5|5|5|5|5
29538,5,False,5,0,5,5|5|5|5|5|5|5|5|5|5
29541,5,False,5,0,5,5|5|5|5|5|5|5|5|5|5
29557,5,False,5,3,5,5|4|4|5|5|5|5|4|5|5
29559,5,False,5,0,5,5|5|5|5|5|5|5|5|5|5
29560,5,False,5,1,5,5|5|5|5|5|5|5|5|5|2
29569,5,False,5,6,3,3|3|5|3|3|5|5|3|5|3
29624,5,False,5,0,5,5|5|5|5|5|5|5|5|5|5
29631,5,False,5,0,5,5|5|5|5|5|5|5|5|5|5
29649,5,False,5,0,5,5|5|5|5|5|5|5|5|5|5
29659,5,False,5,4,5,5|1|5|5|0|5|0|0|5|5
29660,5,False,5,0,5,5|5|5|5|5|5|5|5|5|5
29662,5,False,5,1,5,5|5|5|5|3|5|5|5|5|5
29668,5,False,5,2,5,5|5|5|5|4|5|5|4|5|5
29676,5,False,5,6,5,5|4|3|3|4|2|5|4|5|5
29692,5,False,5,10,4,4|4|4|4|4|4|4|4|4|4
29699,5,False,5,3,5,3|5|2|5|5|5|5|5|5|3
29721,5,False,5,0,5,5|5|5|5|5|5|5|5|5|5
29725,5,False,5,10,8,8|8|8|7|9|8|8|8|6|8
29733,5,False,5,0,5,5|5|5|5|5|5|5|5|5|5
29737,5,False,5,5,-1,4|4|4|5|4|5|5|5|5|4
29739,5,False,5,10,1,1|4|3|1|1|0|1|4|1|3
29750,5,False,5,0,5,5|5|5|5|5|5|5|5|5|5
29765,5,False,5,3,5,5|5|3|3|3|5|5|5|5|5
29780,5,False,5,0,5,5|5|5|5|5|5|5|5|5|5
29783,5,False,5,0,5,5|5|5|5|5|5|5|5|5|5
29807,5,False,5,0,5,5|5|5|5|5|5|5|5|5|5
29836,5,False,5,4,5,5|4|4|5|5|4|5|4|5|5
29854,5,False,5,3,5,5|5|4|5|5|5|4|5|5|4
29874,5,False,5,9,4,4|4|4|4|4|4|4|4|5|4
29875,5,False,5,0,5,5|5|5|5|5|5|5|5|5|5
29900,6,False,6,0,6,6|6|6|6|6|6|6|6|6|6
29902,6,False,6,0,6,6|6|6|6|6|6|6|6|6|6
29906,6,False,6,9,7,6|4|7|7|7|7|7|7|7|7
29914,6,False,6,0,6,6|6|6|6|6|6|6|6|6|6
29922,6,False,6,0,6,6|6|6|6|6|6|6|6|6|6
29930,6,False,6,0,6,6|6|6|6|6|6|6|6|6|6
29936,6,False,6,3,6,9|6|6|6|6|9|6|6|9|6
29940,6,False,6,0,6,6|6|6|6|6|6|6|6|6|6
29957,6,False,6,0,6,6|6|6|6|6|6|6|6|6|6
29958,6,False,6,2,6,8|6|7|6|6|6|6|6|6|6
29977,6,False,6,1,6,2|6|6|6|6|6|6|6|6|6
29978,6,False,6,0,6,6|6|6|6|6|6|6|6|6|6
29984,6,False,6,0,6,6|6|6|6|6|6|6|6|6|6
29991,6,False,6,0,6,6|6|6|6|6|6|6|6|6|6
29995,6,False,6,0,6,6|6|6|6|6|6|6|6|6|6
29998,6,False,6,0,6,6|6|6|6|6|6|6|6|6|6
30001,6,False,6,0,6,6|6|6|6|6|6|6|6|6|6
30007,6,False,6,3,6,6|6|4|6|6|5|6|6|4|6
30037,6,False,6,0,6,6|6|6|6|6|6|6|6|6|6
30038,6,False,6,0,6,6|6|6|6|6|6|6|6|6|6
30040,6,False,6,2,6,6|6|4|6|4|6|6|6|6|6
30048,6,False,6,3,6,6|6|6|6|1|6|4|6|0|6
30051,6,False,6,0,6,6|6|6|6|6|6|6|6|6|6
30060,6,False,6,0,6,6|6|6|6|6|6|6|6|6|6
30128,6,False,6,2,6,6|6|6|1|6|6|6|6|9|6
30145,6,False,6,0,6,6|6|6|6|6|6|6|6|6|6
30160,6,False,6,0,6,6|6|6|6|6|6|6|6|6|6
30165,6,False,6,0,6,6|6|6|6|6|6|6|6|6|6
30177,6,False,6,0,6,6|6|6|6|6|6|6|6|6|6
30183,6,False,6,0,6,6|6|6|6|6|6|6|6|6|6
30194,6,False,6,0,6,6|6|6|6|6|6|6|6|6|6
30195,6,False,6,0,6,6|6|6|6|6|6|6|6|6|6
30207,6,False,6,0,6,6|6|6|6|6|6|6|6|6|6
30213,6,False,6,10,8,8|7|8|0|8|8|8|8|8|8
30231,6,False,6,0,6,6|6|6|6|6|6|6|6|6|6
30247,6,False,6,0,6,6|6|6|6|6|6|6|6|6|6
30264,6,False,6,0,6,6|6|6|6|6|6|6|6|6|6
30265,6,False,6,0,6,6|6|6|6|6|6|6|6|6|6
30285,6,False,6,10,7,7|7|7|7|7|7|7|7|7|7
30296,6,False,6,0,6,6|6|6|6|6|6|6|6|6|6
30301,6,False,6,1,6,6|6|6|6|6|6|6|6|6|4
30303,6,False,6,0,6,6|6|6|6|6|6|6|6|6|6
30323,6,False,6,0,6,6|6|6|6|6|6|6|6|6|6
30333,6,False,6,0,6,6|6|6|6|6|6|6|6|6|6
30334,6,False,6,0,6,6|6|6|6|6|6|6|6|6|6
30336,6,False,6,3,6,6|0|0|6|6|6|0|6|6|6
30345,6,False,6,0,6,6|6|6|6|6|6|6|6|6|6
30353,6,False,6,0,6,6|6|6|6|6|6|6|6|6|6
30354,6,False,6,4,6,6|7|6|7|7|6|6|7|6|6
30357,6,False,6,0,6,6|6|6|6|6|6|6|6|6|6
30402,6,False,6,0,6,6|6|6|6|6|6|6|6|6|6
30407,6,False,6,0,6,6|6|6|6|6|6|6|6|6|6
30420,6,False,6,0,6,6|6|6|6|6|6|6|6|6|6
30428,6,False,6,6,6,8|6|0|0|8|9|6|6|6|0
30439,6,False,6,6,-1,2|4|2|6|6|6|6|4|4|4
30449,6,False,6,0,6,6|6|6|6|6|6|6|6|6|6
30458,6,False,6,8,7,7|7|7|6|7|7|7|6|7|7
30466,6,False,6,1,6,7|6|6|6|6|6|6|6|6|6
30467,6,False,6,8,7,7|7|7|7|7|6|7|6|7|7
30469,6,False,6,0,6,6|6|6|6|6|6|6|6|6|6
30474,6,False,6,0,6,6|6|6|6|6|6|6|6|6|6
30485,6,False,6,0,6,6|6|6|6|6|6|6|6|6|6
30486,6,False,6,1,6,6|6|6|6|6|6|6|9|6|6
30487,6,False,6,0,6,6|6|6|6|6|6|6|6|6|6
30496,6,False,6,0,6,6|6|6|6|6|6|6|6|6|6
30500,6,False,6,0,6,6|6|6|6|6|6|6|6|6|6
30519,6,False,6,0,6,6|6|6|6|6|6|6|6|6|6
30548,6,False,6,10,1,4|1|3|1|1|1|1|4|4|3
30553,6,False,6,0,6,6|6|6|6|6|6|6|6|6|6
30561,6,False,6,0,6,6|6|6|6|6|6|6|6|6|6
30577,6,False,6,0,6,6|6|6|6|6|6|6|6|6|6
30592,6,False,6,0,6,6|6|6|6|6|6|6|6|6|6
30593,6,False,6,10,4,4|4|4|4|4|4|4|1|4|4
30598,6,False,6,8,2,5|6|2|6|5|2|3|2|2|5
30616,6,False,6,0,6,6|6|6|6|6|6|6|6|6|6
30617,6,False,6,1,6,6|6|6|6|6|6|6|4|6|6
30628,6,False,6,4,6,6|8|6|6|8|6|9|6|9|6
30631,6,False,6,0,6,6|6|6|6|6|6|6|6|6|6
30635,6,False,6,7,0,0|1|0|6|6|6|0|0|0|0
30661,6,False,6,6,8,6|8|8|6|9|6|6|8|8|8
30672,6,False,6,7,2,6|2|2|1|6|2|8|6|2|2
30677,6,False,6,0,6,6|6|6|6|6|6|6|6|6|6
30682,6,False,6,0,6,6|6|6|6|6|6|6|6|6|6
30699,6,False,6,0,6,6|6|6|6|6|6|6|6|6|6
30701,6,False,6,6,-1,1|1|4|6|6|1|1|6|4|6
30729,6,False,6,0,6,6|6|6|6|6|6|6|6|6|6
30737,6,False,6,0,6,6|6|6|6|6|6|6|6|6|6
30744,6,False,6,0,6,6|6|6|6|6|6|6|6|6|6
30759,6,False,6,0,6,6|6|6|6|6|6|6|6|6|6
30762,6,False,6,0,6,6|6|6|6|6|6|6|6|6|6
30766,6,False,6,0,6,6|6|6|6|6|6|6|6|6|6
30767,6,False,6,10,9,9|2|9|9|9|9|9|9|0|9
30769,6,False,6,0,6,6|6|6|6|6|6|6|6|6|6
30800,6,False,6,0,6,6|6|6|6|6|6|6|6|6|6
30818,6,False,6,0,6,6|6|6|6|6|6|6|6|6|6
30855,6,False,6,0,6,6|6|6|6|6|6|6|6|6|6
30873,6,False,6,0,6,6|6|6|6|6|6|6|6|6|6
30877,6,False,6,0,6,6|6|6|6|6|6|6|6|6|6
30881,6,False,6,0,6,6|6|6|6|6|6|6|6|6|6
30887,6,False,6,0,6,6|6|6|6|6|6|6|6|6|6
30902,6,False,6,0,6,6|6|6|6|6|6|6|6|6|6
30912,6,False,6,0,6,6|6|6|6|6|6|6|6|6|6
30914,6,False,6,0,6,6|6|6|6|6|6|6|6|6|6
30917,6,False,6,0,6,6|6|6|6|6|6|6|6|6|6
30922,6,False,6,0,6,6|6|6|6|6|6|6|6|6|6
30929,6,False,6,0,6,6|6|6|6|6|6|6|6|6|6
30935,6,False,6,0,6,6|6|6|6|6|6|6|6|6|6
30972,6,False,6,0,6,6|6|6|6|6|6|6|6|6|6
30975,6,False,6,0,6,6|6|6|6|6|6|6|6|6|6
31005,6,False,6,0,6,6|6|6|6|6|6|6|6|6|6
31010,6,False,6,6,2,2|6|2|2|6|2|2|6|2|6
31027,6,False,6,0,6,6|6|6|6|6|6|6|6|6|6
31030,6,False,6,0,6,6|6|6|6|6|6|6|6|6|6
31032,6,False,6,0,6,6|6|6|6|6|6|6|6|6|6
31034,6,False,6,0,6,6|6|6|6|6|6|6|6|6|6
31055,6,False,6,0,6,6|6|6|6|6|6|6|6|6|6
31072,6,False,6,9,7,7|7|7|7|6|7|7|7|7|7
31077,6,False,6,1,6,6|6|6|6|6|6|6|7|6|6
31101,6,False,6,10,7,7|7|7|7|7|7|7|7|7|7
31120,6,False,6,0,6,6|6|6|6|6|6|6|6|6|6
31125,6,False,6,0,6,6|6|6|6|6|6|6|6|6|6
31128,6,False,6,0,6,6|6|6|6|6|6|6|6|6|6
31136,6,False,6,0,6,6|6|6|6|6|6|6|6|6|6
31146,6,False,6,0,6,6|6|6|6|6|6|6|6|6|6
31160,6,False,6,0,6,6|6|6|6|6|6|6|6|6|6
31170,6,False,6,0,6,6|6|6|6|6|6|6|6|6|6
31190,6,False,6,0,6,6|6|6|6|6|6|6|6|6|6
31201,6,False,6,8,-1,7|6|6|0|7|0|0|7|7|0
31202,6,False,6,0,6,6|6|6|6|6|6|6|6|6|6
31209,6,False,6,0,6,6|6|6|6|6|6|6|6|6|6
31210,6,False,6,0,6,6|6|6|6|6|6|6|6|6|6
31223,6,False,6,1,6,6|7|6|6|6|6|6|6|6|6
31226,6,False,6,0,6,6|6|6|6|6|6|6|6|6|6
31232,6,False,6,0,6,6|6|6|6|6|6|6|6|6|6
31237,6,False,6,0,6,6|6|6|6|6|6|6|6|6|6
31252,6,False,6,0,6,6|6|6|6|6|6|6|6|6|6
31255,6,False,6,0,6,6|6|6|6|6|6|6|6|6|6
31256,6,False,6,10,8,8|8|8|8|0|0|8|8|8|8
31268,6,False,6,0,6,6|6|6|6|6|6|6|6|6|6
31269,6,False,6,0,6,6|6|6|6|6|6|6|6|6|6
31271,6,False,6,0,6,6|6|6|6|6|6|6|6|6|6
31276,6,False,6,1,6,6|6|6|5|6|6|6|6|6|6
31287,6,False,6,7,7,7|7|6|7|7|6|7|7|7|6
31293,6,False,6,10,2,5|2|2|2|2|2|2|2|2|2
31294,6,False,6,0,6,6|6|6|6|6|6|6|6|6|6
31306,6,False,6,0,6,6|6|6|6|6|6|6|6|6|6
31319,6,False,6,0,6,6|6|6|6|6|6|6|6|6|6
31344,6,False,6,0,6,6|6|6|6|6|6|6|6|6|6
31366,6,False,6,0,6,6|6|6|6|6|6|6|6|6|6
31367,6,False,6,0,6,6|6|6|6|6|6|6|6|6|6
31375,6,False,6,0,6,6|6|6|6|6|6|6|6|6|6
31401,6,False,6,0,6,6|6|6|6|6|6|6|6|6|6
31406,6,False,6,0,6,6|6|6|6|6|6|6|6|6|6
31422,6,False,6,0,6,6|6|6|6|6|6|6|6|6|6
31430,6,False,6,0,6,6|6|6|6|6|6|6|6|6|6
31432,6,False,6,0,6,6|6|6|6|6|6|6|6|6|6
31451,6,False,6,0,6,6|6|6|6|6|6|6|6|6|6
31460,6,False,6,0,6,6|6|6|6|6|6|6|6|6|6
31464,6,False,6,0,6,6|6|6|6|6|6|6|6|6|6
31467,6,False,6,1,6,6|6|6|7|6|6|6|6|6|6
31478,6,False,6,0,6,6|6|6|6|6|6|6|6|6|6
31485,6,False,6,0,6,6|6|6|6|6|6|6|6|6|6
31486,6,False,6,0,6,6|6|6|6|6|6|6|6|6|6
31489,6,False,6,1,6,6|6|6|6|6|6|6|7|6|6
31491,6,False,6,0,6,6|6|6|6|6|6|6|6|6|6
31515,6,False,6,0,6,6|6|6|6|6|6|6|6|6|6
31544,6,False,6,0,6,6|6|6|6|6|6|6|6|6|6
31547,6,False,6,0,6,6|6|6|6|6|6|6|6|6|6
31555,6,False,6,0,6,6|6|6|6|6|6|6|6|6|6
31567,6,False,6,0,6,6|6|6|6|6|6|6|6|6|6
31574,6,False,6,0,6,6|6|6|6|6|6|6|6|6|6
31603,6,False,6,0,6,6|6|6|6|6|6|6|6|6|6
31618,6,False,6,4,6,7|6|6|6|6|6|7|6|7|3
31624,6,False,6,0,6,6|6|6|6|6|6|6|6|6|6
31625,6,False,6,5,6,6|2|6|6|6|7|6|4|7|7
31632,6,False,6,1,6,6|6|6|6|6|6|6|7|6|6
31637,6,False,6,0,6,6|6|6|6|6|6|6|6|6|6
31638,6,False,6,0,6,6|6|6|6|6|6|6|6|6|6
31656,6,False,6,0,6,6|6|6|6|6|6|6|6|6|6
31660,6,False,6,0,6,6|6|6|6|6|6|6|6|6|6
31661,6,False,6,0,6,6|6|6|6|6|6|6|6|6|6
31662,6,False,6,0,6,6|6|6|6|6|6|6|6|6|6
31671,6,False,6,0,6,6|6|6|6|6|6|6|6|6|6
31679,6,False,6,2,6,6|6|6|6|7|6|6|7|6|6
31680,6,False,6,0,6,6|6|6|6|6|6|6|6|6|6
31684,6,False,6,0,6,6|6|6|6|6|6|6|6|6|6
31690,6,False,6,2,6,6|6|7|6|6|6|6|6|7|6
31698,6,False,6,0,6,6|6|6|6|6|6|6|6|6|6
31708,6,False,6,0,6,6|6|6|6|6|6|6|6|6|6
31716,6,False,6,0,6,6|6|6|6|6|6|6|6|6|6
31758,6,False,6,0,6,6|6|6|6|6|6|6|6|6|6
31775,6,False,6,0,6,6|6|6|6|6|6|6|6|6|6
31784,6,False,6,0,6,6|6|6|6|6|6|6|6|6|6
31802,6,False,6,0,6,6|6|6|6|6|6|6|6|6|6
31824,6,False,6,3,6,6|7|6|6|7|6|6|7|6|6
31831,6,False,6,0,6,6|6|6|6|6|6|6|6|6|6
31834,6,False,6,0,6,6|6|6|6|6|6|6|6|6|6
31840,6,False,6,0,6,6|6|6|6|6|6|6|6|6|6
31842,6,False,6,0,6,6|6|6|6|6|6|6|6|6|6
31856,6,False,6,0,6,6|6|6|6|6|6|6|6|6|6
31900,6,False,6,10,4,4|2|4|8|8|0|4|4|8|2
31911,6,False,6,0,6,6|6|6|6|6|6|6|6|6|6
31915,6,False,6,6,-1,7|7|6|4|6|6|7|7|6|5
31942,6,False,6,2,6,6|6|2|6|6|6|6|6|2|6
31950,6,False,6,0,6,6|6|6|6|6|6|6|6|6|6
31963,6,False,6,0,6,6|6|6|6|6|6|6|6|6|6
31969,6,False,6,0,6,6|6|6|6|6|6|6|6|6|6
31973,6,False,6,0,6,6|6|6|6|6|6|6|6|6|6
31974,6,False,6,0,6,6|6|6|6|6|6|6|6|6|6
31988,6,False,6,0,6,6|6|6|6|6|6|6|6|6|6
32009,6,False,6,0,6,6|6|6|6|6|6|6|6|6|6
32010,6,False,6,0,6,6|6|6|6|6|6|6|6|6|6
32021,6,False,6,0,6,6|6|6|6|6|6|6|6|6|6
32026,6,False,6,0,6,6|6|6|6|6|6|6|6|6|6
32042,6,False,6,8,7,7|1|6|6|4|7|0|4|7|1
32049,6,False,6,0,6,6|6|6|6|6|6|6|6|6|6
32051,6,False,6,0,6,6|6|6|6|6|6|6|6|6|6
32072,6,False,6,0,6,6|6|6|6|6|6|6|6|6|6
32073,6,False,6,9,2,2|2|2|6|2|2|2|2|2|2
32085,6,False,6,1,6,6|6|6|6|6|6|6|7|6|6
32090,6,False,6,0,6,6|6|6|6|6|6|6|6|6|6
32095,6,False,6,0,6,6|6|6|6|6|6|6|6|6|6
32107,6,False,6,0,6,6|6|6|6|6|6|6|6|6|6
32116,6,False,6,0,6,6|6|6|6|6|6|6|6|6|6
32120,6,False,6,1,6,6|6|6|6|7|6|6|6|6|6
32127,6,False,6,0,6,6|6|6|6|6|6|6|6|6|6
32152,6,False,6,0,6,6|6|6|6|6|6|6|6|6|6
32153,6,False,6,0,6,6|6|6|6|6|6|6|6|6|6
32174,6,False,6,0,6,6|6|6|6|6|6|6|6|6|6
32175,6,False,6,0,6,6|6|6|6|6|6|6|6|6|6
32178,6,False,6,0,6,6|6|6|6|6|6|6|6|6|6
32193,6,False,6,0,6,6|6|6|6|6|6|6|6|6|6
32219,6,False,6,0,6,6|6|6|6|6|6|6|6|6|6
32223,6,False,6,0,6,6|6|6|6|6|6|6|6|6|6
32241,6,False,6,0,6,6|6|6|6|6|6|6|6|6|6
32256,6,False,6,0,6,6|6|6|6|6|6|6|6|6|6
32261,6,False,6,0,6,6|6|6|6|6|6|6|6|6|6
32279,6,False,6,0,6,6|6|6|6|6|6|6|6|6|6
32291,6,False,6,0,6,6|6|6|6|6|6|6|6|6|6
32293,6,False,6,2,6,6|6|6|6|6|5|6|7|6|6
32314,6,False,6,10,8,2|8|8|8|8|8|2|8|8|8
32329,6,False,6,0,6,6|6|6|6|6|6|6|6|6|6
32353,6,False,6,0,6,6|6|6|6|6|6|6|6|6|6
32354,6,False,6,0,6,6|6|6|6|6|6|6|6|6|6
32356,6,False,6,6,0,7|6|6|0|6|0|0|0|0|6
32366,6,False,6,0,6,6|6|6|6|6|6|6|6|6|6
32376,6,False,6,0,6,6|6|6|6|6|6|6|6|6|6
32383,6,False,6,0,6,6|6|6|6|6|6|6|6|6|6
32396,6,False,6,10,4,4|4|4|4|4|4|4|4|4|4
32397,6,False,6,0,6,6|6|6|6|6|6|6|6|6|6
32404,6,False,6,10,7,7|7|7|7|7|7|7|7|7|7
32409,6,False,6,0,6,6|6|6|6|6|6|6|6|6|6
32417,6,False,6,0,6,6|6|6|6|6|6|6|6|6|6
32428,6,False,6,4,6,7|6|1|6|6|7|6|6|7|6
32429,6,False,6,0,6,6|6|6|6|6|6|6|6|6|6
32430,6,False,6,0,6,6|6|6|6|6|6|6|6|6|6
32432,6,False,6,7,7,7|7|6|6|7|7|6|7|7|7
32436,6,False,6,0,6,6|6|6|6|6|6|6|6|6|6
32442,6,False,6,0,6,6|6|6|6|6|6|6|6|6|6
32453,6,False,6,0,6,6|6|6|6|6|6|6|6|6|6
32462,6,False,6,0,6,6|6|6|6|6|6|6|6|6|6
32470,6,False,6,0,6,6|6|6|6|6|6|6|6|6|6
32472,6,False,6,0,6,6|6|6|6|6|6|6|6|6|6
32475,6,False,6,0,6,6|6|6|6|6|6|6|6|6|6
32477,6,False,6,0,6,6|6|6|6|6|6|6|6|6|6
32487,6,False,6,4,6,7|7|6|6|6|6|6|7|6|7
32519,6,False,6,0,6,6|6|6|6|6|6|6|6|6|6
32528,6,False,6,0,6,6|6|6|6|6|6|6|6|6|6
32542,6,False,6,0,6,6|6|6|6|6|6|6|6|6|6
32544,6,False,6,0,6,6|6|6|6|6|6|6|6|6|6
32548,6,False,6,0,6,6|6|6|6|6|6|6|6|6|6
32549,6,False,6,0,6,6|6|6|6|6|6|6|6|6|6
32552,6,False,6,0,6,6|6|6|6|6|6|6|6|6|6
32553,6,False,6,0,6,6|6|6|6|6|6|6|6|6|6
32557,6,False,6,1,6,6|6|6|6|6|6|6|6|9|6
32559,6,False,6,0,6,6|6|6|6|6|6|6|6|6|6
32570,6,False,6,0,6,6|6|6|6|6|6|6|6|6|6
32581,6,False,6,0,6,6|6|6|6|6|6|6|6|6|6
32591,6,False,6,10,0,0|1|0|0|0|0|2|0|2|0
32598,6,False,6,2,6,6|6|6|0|6|4|6|6|6|6
32607,6,False,6,0,6,6|6|6|6|6|6|6|6|6|6
32608,6,False,6,1,6,6|6|6|6|6|6|6|6|3|6
32617,6,False,6,1,6,6|6|6|6|7|6|6|6|6|6
32618,6,False,6,0,6,6|6|6|6|6|6|6|6|6|6
32620,6,False,6,0,6,6|6|6|6|6|6|6|6|6|6
32634,6,False,6,2,6,6|6|6|6|6|1|6|6|3|6
32647,6,False,6,0,6,6|6|6|6|6|6|6|6|6|6
32651,6,False,6,0,6,6|6|6|6|6|6|6|6|6|6
32660,6,False,6,0,6,6|6|6|6|6|6|6|6|6|6
32693,6,False,6,0,6,6|6|6|6|6|6|6|6|6|6
32700,6,False,6,10,9,9|9|9|9|9|9|9|9|9|9
32712,6,False,6,0,6,6|6|6|6|6|6|6|6|6|6
32720,6,False,6,0,6,6|6|6|6|6|6|6|6|6|6
32734,6,False,6,0,6,6|6|6|6|6|6|6|6|6|6
32743,6,False,6,0,6,6|6|6|6|6|6|6|6|6|6
32767,6,False,6,0,6,6|6|6|6|6|6|6|6|6|6
32792,6,False,6,0,6,6|6|6|6|6|6|6|6|6|6
32794,6,False,6,0,6,6|6|6|6|6|6|6|6|6|6
32805,6,False,6,1,6,6|6|6|6|6|1|6|6|6|6
32838,6,False,6,0,6,6|6|6|6|6|6|6|6|6|6
32863,6,False,6,6,6,7|2|6|4|4|6|3|6|2|6
32867,6,False,6,5,-1,7|7|6|7|6|6|6|7|6|7
32871,6,False,6,0,6,6|6|6|6|6|6|6|6|6|6
32876,6,False,6,3,6,2|6|2|6|6|6|4|6|6|6
32884,6,False,6,0,6,6|6|6|6|6|6|6|6|6|6
32886,6,False,6,0,6,6|6|6|6|6|6|6|6|6|6
32911,6,False,6,0,6,6|6|6|6|6|6|6|6|6|6
32914,6,False,6,0,6,6|6|6|6|6|6|6|6|6|6
32919,6,False,6,1,6,6|6|6|6|6|6|6|6|6|4
32920,6,False,6,0,6,6|6|6|6|6|6|6|6|6|6
32985,6,False,6,6,7,7|7|6|6|7|6|6|7|7|7
32999,6,False,6,0,6,6|6|6|6|6|6|6|6|6|6
33007,6,False,6,6,8,6|8|8|8|6|6|6|8|8|8
33012,6,False,6,0,6,6|6|6|6|6|6|6|6|6|6
33035,6,False,6,0,6,6|6|6|6|6|6|6|6|6|6
33044,6,False,6,0,6,6|6|6|6|6|6|6|6|6|6
33057,6,False,6,0,6,6|6|6|6|6|6|6|6|6|6
33060,6,False,6,1,6,6|6|6|6|6|6|6|0|6|6
33069,6,False,6,0,6,6|6|6|6|6|6|6|6|6|6
33074,6,False,6,0,6,6|6|6|6|6|6|6|6|6|6
33087,6,False,6,0,6,6|6|6|6|6|6|6|6|6|6
33096,6,False,6,0,6,6|6|6|6|6|6|6|6|6|6
33101,6,False,6,0,6,6|6|6|6|6|6|6|6|6|6
33115,6,False,6,0,6,6|6|6|6|6|6|6|6|6|6
33127,6,False,6,0,6,6|6|6|6|6|6|6|6|6|6
33131,6,False,6,0,6,6|6|6|6|6|6|6|6|6|6
33148,6,False,6,0,6,6|6|6|6|6|6|6|6|6|6
33156,6,False,6,0,6,6|6|6|6|6|6|6|6|6|6
33159,6,False,6,0,6,6|6|6|6|6|6|6|6|6|6
33168,6,False,6,0,6,6|6|6|6|6|6|6|6|6|6
33182,6,False,6,0,6,6|6|6|6|6|6|6|6|6|6
33185,6,False,6,0,6,6|6|6|6|6|6|6|6|6|6
33201,6,False,6,7,0,6|9|9|0|6|0|6|0|9|0
33216,6,False,6,0,6,6|6|6|6|6|6|6|6|6|6
33221,6,False,6,0,6,6|6|6|6|6|6|6|6|6|6
33233,6,False,6,0,6,6|6|6|6|6|6|6|6|6|6
33248,6,False,6,0,6,6|6|6|6|6|6|6|6|6|6
33264,6,False,6,0,6,6|6|6|6|6|6|6|6|6|6
33276,6,False,6,0,6,6|6|6|6|6|6|6|6|6|6
33284,6,False,6,0,6,6|6|6|6|6|6|6|6|6|6
33303,6,False,6,10,7,7|7|7|7|7|7|7|7|7|7
33313,6,False,6,0,6,6|6|6|6|6|6|6|6|6|6
33320,6,False,6,0,6,6|6|6|6|6|6|6|6|6|6
33324,6,False,6,0,6,6|6|6|6|6|6|6|6|6|6
33331,6,False,6,0,6,6|6|6|6|6|6|6|6|6|6
33345,6,False,6,0,6,6|6|6|6|6|6|6|6|6|6
33349,6,False,6,0,6,6|6|6|6|6|6|6|6|6|6
33351,6,False,6,0,6,6|6|6|6|6|6|6|6|6|6
33352,6,False,6,0,6,6|6|6|6|6|6|6|6|6|6
33378,6,False,6,0,6,6|6|6|6|6|6|6|6|6|6
33387,6,False,6,0,6,6|6|6|6|6|6|6|6|6|6
33409,6,False,6,0,6,6|6|6|6|6|6|6|6|6|6
33412,6,False,6,0,6,6|6|6|6|6|6|6|6|6|6
33415,6,False,6,0,6,6|6|6|6|6|6|6|6|6|6
33421,6,False,6,1,6,7|6|6|6|6|6|6|6|6|6
33423,6,False,6,0,6,6|6|6|6|6|6|6|6|6|6
33435,6,False,6,0,6,6|6|6|6|6|6|6|6|6|6
33438,6,False,6,9,5,6|5|5|5|5|9|5|5|9|5
33444,6,False,6,2,6,6|6|9|7|6|6|6|6|6|6
33482,6,False,6,0,6,6|6|6|6|6|6|6|6|6|6
33484,6,False,6,1,6,6|6|6|6|6|6|6|7|6|6
33500,6,False,6,0,6,6|6|6|6|6|6|6|6|6|6
33503,6,False,6,0,6,6|6|6|6|6|6|6|6|6|6
33507,6,False,6,0,6,6|6|6|6|6|6|6|6|6|6
33516,6,False,6,2,6,6|6|9|6|6|9|6|6|6|6
33536,6,False,6,0,6,6|6|6|6|6|6|6|6|6|6
33537,6,False,6,0,6,6|6|6|6|6|6|6|6|6|6
33541,6,False,6,2,6,6|6|7|6|6|6|6|6|7|6
33543,6,False,6,0,6,6|6|6|6|6|6|6|6|6|6
33545,6,False,6,0,6,6|6|6|6|6|6|6|6|6|6
33551,6,False,6,0,6,6|6|6|6|6|6|6|6|6|6
33557,6,False,6,0,6,6|6|6|6|6|6|6|6|6|6
33558,6,False,6,0,6,6|6|6|6|6|6|6|6|6|6
33561,6,False,6,4,6,0|6|2|2|6|6|0|6|6|6
33590,6,False,6,0,6,6|6|6|6|6|6|6|6|6|6
33603,6,False,6,0,6,6|6|6|6|6|6|6|6|6|6
33624,6,False,6,0,6,6|6|6|6|6|6|6|6|6|6
33680,6,False,6,0,6,6|6|6|6|6|6|6|6|6|6
33702,6,False,6,0,6,6|6|6|6|6|6|6|6|6|6
33709,6,False,6,0,6,6|6|6|6|6|6|6|6|6|6
33712,6,False,6,0,6,6|6|6|6|6|6|6|6|6|6
33746,6,False,6,2,6,6|6|6|6|6|6|6|6|9|9
33761,6,False,6,0,6,6|6|6|6|6|6|6|6|6|6
33769,6,False,6,5,-1,7|6|7|6|7|6|7|6|6|7
33771,6,False,6,0,6,6|6|6|6|6|6|6|6|6|6
33772,6,False,6,4,6,6|9|6|8|9|6|6|6|9|6
33789,6,False,6,0,6,6|6|6|6|6|6|6|6|6|6
33795,6,False,6,0,6,6|6|6|6|6|6|6|6|6|6
33797,6,False,6,0,6,6|6|6|6|6|6|6|6|6|6
33813,6,False,6,1,6,6|6|6|6|6|6|6|7|6|6
33833,6,False,6,0,6,6|6|6|6|6|6|6|6|6|6
33837,6,False,6,0,6,6|6|6|6|6|6|6|6|6|6
33845,6,False,6,0,6,6|6|6|6|6|6|6|6|6|6
33877,6,False,6,0,6,6|6|6|6|6|6|6|6|6|6
33887,6,False,6,6,6,6|8|6|9|8|8|9|6|9|6
33897,6,False,6,0,6,6|6|6|6|6|6|6|6|6|6
33919,6,False,6,8,7,7|6|6|7|7|7|7|7|7|7
33924,6,False,6,0,6,6|6|6|6|6|6|6|6|6|6
33937,6,False,6,0,6,6|6|6|6|6|6|6|6|6|6
33939,6,False,6,0,6,6|6|6|6|6|6|6|6|6|6
33946,6,False,6,6,6,6|6|6|3|3|2|3|5|2|6
33962,6,False,6,0,6,6|6|6|6|6|6|6|6|6|6
33968,6,False,6,0,6,6|6|6|6|6|6|6|6|6|6
33979,6,False,6,2,6,6|6|6|6|7|7|6|6|6|6
33983,6,False,6,0,6,6|6|6|6|6|6|6|6|6|6
33985,6,False,6,0,6,6|6|6|6|6|6|6|6|6|6
34001,6,False,6,0,6,6|6|6|6|6|6|6|6|6|6
34005,6,False,6,0,6,6|6|6|6|6|6|6|6|6|6
34019,6,False,6,7,7,7|7|6|6|0|7|7|6|7|7
34030,6,False,6,0,6,6|6|6|6|6|6|6|6|6|6
34037,6,False,6,0,6,6|6|6|6|6|6|6|6|6|6
34056,6,False,6,0,6,6|6|6|6|6|6|6|6|6|6
34062,6,False,6,0,6,6|6|6|6|6|6|6|6|6|6
34076,6,False,6,0,6,6|6|6|6|6|6|6|6|6|6
34078,6,False,6,0,6,6|6|6|6|6|6|6|6|6|6
34085,6,False,6,0,6,6|6|6|6|6|6|6|6|6|6
34087,6,False,6,0,6,6|6|6|6|6|6|6|6|6|6
34092,6,False,6,0,6,6|6|6|6|6|6|6|6|6|6
34096,6,False,6,0,6,6|6|6|6|6|6|6|6|6|6
34098,6,False,6,0,6,6|6|6|6|6|6|6|6|6|6
34105,6,False,6,0,6,6|6|6|6|6|6|6|6|6|6
34129,6,False,6,0,6,6|6|6|6|6|6|6|6|6|6
34133,6,False,6,0,6,6|6|6|6|6|6|6|6|6|6
34137,6,False,6,0,6,6|6|6|6|6|6|6|6|6|6
34142,6,False,6,0,6,6|6|6|6|6|6|6|6|6|6
34149,6,False,6,0,6,6|6|6|6|6|6|6|6|6|6
34153,6,False,6,0,6,6|6|6|6|6|6|6|6|6|6
34156,6,False,6,0,6,6|6|6|6|6|6|6|6|6|6
34164,6,False,6,0,6,6|6|6|6|6|6|6|6|6|6
34179,6,False,6,0,6,6|6|6|6|6|6|6|6|6|6
34207,6,False,6,0,6,6|6|6|6|6|6|6|6|6|6
34214,6,False,6,2,6,0|6|6|6|6|6|6|3|6|6
34217,6,False,6,0,6,6|6|6|6|6|6|6|6|6|6
34252,6,False,6,0,6,6|6|6|6|6|6|6|6|6|6
34256,6,False,6,0,6,6|6|6|6|6|6|6|6|6|6
34266,6,False,6,0,6,6|6|6|6|6|6|6|6|6|6
34283,6,False,6,0,6,6|6|6|6|6|6|6|6|6|6
34302,6,False,6,1,6,6|6|6|6|6|6|6|6|7|6
34310,6,False,6,0,6,6|6|6|6|6|6|6|6|6|6
34329,6,False,6,0,6,6|6|6|6|6|6|6|6|6|6
34356,6,False,6,0,6,6|6|6|6|6|6|6|6|6|6
34360,6,False,6,0,6,6|6|6|6|6|6|6|6|6|6
34374,6,False,6,0,6,6|6|6|6|6|6|6|6|6|6
34409,6,False,6,0,6,6|6|6|6|6|6|6|6|6|6
34412,6,False,6,1,6,6|6|6|6|6|6|6|7|6|6
34417,6,False,6,0,6,6|6|6|6|6|6|6|6|6|6
34425,6,False,6,0,6,6|6|6|6|6|6|6|6|6|6
34440,6,False,6,0,6,6|6|6|6|6|6|6|6|6|6
34441,6,False,6,1,6,6|6|6|6|6|6|0|6|6|6
34446,6,False,6,0,6,6|6|6|6|6|6|6|6|6|6
34447,6,False,6,0,6,6|6|6|6|6|6|6|6|6|6
34450,6,False,6,10,2,2|2|0|8|3|2|3|8|2|2
34454,6,False,6,0,6,6|6|6|6|6|6|6|6|6|6
34463,6,False,6,0,6,6|6|6|6|6|6|6|6|6|6
34468,6,False,6,1,6,6|6|6|6|2|6|6|6|6|6
34471,6,False,6,0,6,6|6|6|6|6|6|6|6|6|6
34486,6,False,6,2,6,6|6|6|6|7|6|6|6|9|6
34490,6,False,6,0,6,6|6|6|6|6|6|6|6|6|6
34498,6,False,6,0,6,6|6|6|6|6|6|6|6|6|6
34501,6,False,6,0,6,6|6|6|6|6|6|6|6|6|6
34514,6,False,6,0,6,6|6|6|6|6|6|6|6|6|6
34526,6,False,6,0,6,6|6|6|6|6|6|6|6|6|6
34535,6,False,6,0,6,6|6|6|6|6|6|6|6|6|6
34543,6,False,6,0,6,6|6|6|6|6|6|6|6|6|6
34545,6,False,6,0,6,6|6|6|6|6|6|6|6|6|6
34558,6,False,6,0,6,6|6|6|6|6|6|6|6|6|6
34563,6,False,6,2,6,6|6|6|6|0|0|6|6|6|6
34571,6,False,6,0,6,6|6|6|6|6|6|6|6|6|6
34577,6,False,6,10,7,7|7|7|7|7|7|7|7|7|7
34587,6,False,6,0,6,6|6|6|6|6|6|6|6|6|6
34589,6,False,6,0,6,6|6|6|6|6|6|6|6|6|6
34606,6,False,6,2,6,6|6|6|6|6|0|0|6|6|6
34607,6,False,6,0,6,6|6|6|6|6|6|6|6|6|6
34613,6,False,6,0,6,6|6|6|6|6|6|6|6|6|6
34622,6,False,6,0,6,6|6|6|6|6|6|6|6|6|6
34627,6,False,6,0,6,6|6|6|6|6|6|6|6|6|6
34635,6,False,6,0,6,6|6|6|6|6|6|6|6|6|6
34653,6,False,6,0,6,6|6|6|6|6|6|6|6|6|6
34685,6,False,6,0,6,6|6|6|6|6|6|6|6|6|6
34700,6,False,6,0,6,6|6|6|6|6|6|6|6|6|6
34715,6,False,6,6,4,4|4|6|4|6|6|4|6|4|4
34719,6,False,6,0,6,6|6|6|6|6|6|6|6|6|6
34747,6,False,6,0,6,6|6|6|6|6|6|6|6|6|6
34749,6,False,6,0,6,6|6|6|6|6|6|6|6|6|6
34766,6,False,6,0,6,6|6|6|6|6|6|6|6|6|6
34784,6,False,6,0,6,6|6|6|6|6|6|6|6|6|6
34799,6,False,6,0,6,6|6|6|6|6|6|6|6|6|6
34803,6,False,6,0,6,6|6|6|6|6|6|6|6|6|6
34805,6,False,6,0,6,6|6|6|6|6|6|6|6|6|6
34814,6,False,6,0,6,6|6|6|6|6|6|6|6|6|6
34820,6,False,6,0,6,6|6|6|6|6|6|6|6|6|6
34823,6,False,6,0,6,6|6|6|6|6|6|6|6|6|6
34824,6,False,6,0,6,6|6|6|6|6|6|6|6|6|6
34845,6,False,6,0,6,6|6|6|6|6|6|6|6|6|6
34860,6,False,6,0,6,6|6|6|6|6|6|6|6|6|6
34864,6,False,6,4,6,6|6|0|6|1|0|6|0|6|6
34874,6,False,6,0,6,6|6|6|6|6|6|6|6|6|6
34878,6,False,6,0,6,6|6|6|6|6|6|6|6|6|6
34926,6,False,6,0,6,6|6|6|6|6|6|6|6|6|6
34927,6,False,6,0,6,6|6|6|6|6|6|6|6|6|6
34943,6,False,6,0,6,6|6|6|6|6|6|6|6|6|6
34946,6,False,6,0,6,6|6|6|6|6|6|6|6|6|6
34954,6,False,6,0,6,6|6|6|6|6|6|6|6|6|6
34992,6,False,6,0,6,6|6|6|6|6|6|6|6|6|6
35001,6,False,6,0,6,6|6|6|6|6|6|6|6|6|6
35006,6,False,6,0,6,6|6|6|6|6|6|6|6|6|6
35012,6,False,6,0,6,6|6|6|6|6|6|6|6|6|6
35013,6,False,6,2,6,6|0|6|9|6|6|6|6|6|6
35025,6,False,6,0,6,6|6|6|6|6|6|6|6|6|6
35027,6,False,6,0,6,6|6|6|6|6|6|6|6|6|6
35030,6,False,6,0,6,6|6|6|6|6|6|6|6|6|6
35036,6,False,6,10,7,7|7|7|7|7|7|7|7|7|7
35037,6,False,6,0,6,6|6|6|6|6|6|6|6|6|6
35046,6,False,6,0,6,6|6|6|6|6|6|6|6|6|6
35075,6,False,6,0,6,6|6|6|6|6|6|6|6|6|6
35080,6,False,6,0,6,6|6|6|6|6|6|6|6|6|6
35085,6,False,6,0,6,6|6|6|6|6|6|6|6|6|6
35089,6,False,6,0,6,6|6|6|6|6|6|6|6|6|6
35093,6,False,6,0,6,6|6|6|6|6|6|6|6|6|6
35095,6,False,6,0,6,6|6|6|6|6|6|6|6|6|6
35098,6,False,6,2,6,6|7|6|6|6|6|6|6|7|6
35099,6,False,6,0,6,6|6|6|6|6|6|6|6|6|6
35101,6,False,6,6,7,6|6|6|7|7|7|0|7|7|6
35133,6,False,6,0,6,6|6|6|6|6|6|6|6|6|6
35137,6,False,6,6,7,7|7|6|6|7|7|6|7|6|7
35139,6,False,6,0,6,6|6|6|6|6|6|6|6|6|6
35146,6,False,6,1,6,6|6|6|2|6|6|6|6|6|6
35155,6,False,6,0,6,6|6|6|6|6|6|6|6|6|6
35164,6,False,6,0,6,6|6|6|6|6|6|6|6|6|6
35170,6,False,6,0,6,6|6|6|6|6|6|6|6|6|6
35210,6,False,6,0,6,6|6|6|6|6|6|6|6|6|6
35217,6,False,6,0,6,6|6|6|6|6|6|6|6|6|6
35223,7,False,7,0,7,7|7|7|7|7|7|7|7|7|7
35228,7,False,7,0,7,7|7|7|7|7|7|7|7|7|7
35239,7,False,7,0,7,7|7|7|7|7|7|7|7|7|7
35244,7,False,7,0,7,7|7|7|7|7|7|7|7|7|7
35245,7,False,7,0,7,7|7|7|7|7|7|7|7|7|7
35257,7,False,7,9,6,8|3|6|6|6|6|7|6|6|6
35269,7,False,7,0,7,7|7|7|7|7|7|7|7|7|7
35271,7,False,7,0,7,7|7|7|7|7|7|7|7|7|7
35277,7,False,7,0,7,7|7|7|7|7|7|7|7|7|7
35294,7,False,7,0,7,7|7|7|7|7|7|7|7|7|7
35301,7,False,7,5,-1,7|8|8|7|8|7|7|8|7|8
35304,7,False,7,0,7,7|7|7|7|7|7|7|7|7|7
35305,7,False,7,4,7,7|7|7|7|6|7|7|6|6|9
35306,7,False,7,0,7,7|7|7|7|7|7|7|7|7|7
35308,7,False,7,0,7,7|7|7|7|7|7|7|7|7|7
35320,7,False,7,0,7,7|7|7|7|7|7|7|7|7|7
35322,7,False,7,0,7,7|7|7|7|7|7|7|7|7|7
35324,7,False,7,10,3,3|3|3|3|3|2|9|3|3|9
35327,7,False,7,0,7,7|7|7|7|7|7|7|7|7|7
35330,7,False,7,0,7,7|7|7|7|7|7|7|7|7|7
35350,7,False,7,0,7,7|7|7|7|7|7|7|7|7|7
35383,7,False,7,0,7,7|7|7|7|7|7|7|7|7|7
35386,7,False,7,0,7,7|7|7|7|7|7|7|7|7|7
35391,7,False,7,7,6,7|6|6|6|7|6|6|6|6|7
35393,7,False,7,0,7,7|7|7|7|7|7|7|7|7|7
35413,7,False,7,0,7,7|7|7|7|7|7|7|7|7|7
35437,7,False,7,0,7,7|7|7|7|7|7|7|7|7|7
35440,7,False,7,0,7,7|7|7|7|7|7|7|7|7|7
35441,7,False,7,1,7,7|7|7|0|7|7|7|7|7|7
35443,7,False,7,3,7,7|7|6|6|7|7|7|7|7|6
35456,7,False,7,0,7,7|7|7|7|7|7|7|7|7|7
35461,7,False,7,0,7,7|7|7|7|7|7|7|7|7|7
35462,7,False,7,0,7,7|7|7|7|7|7|7|7|7|7
35474,7,False,7,0,7,7|7|7|7|7|7|7|7|7|7
35484,7,False,7,0,7,7|7|7|7|7|7|7|7|7|7
35487,7,False,7,0,7,7|7|7|7|7|7|7|7|7|7
35494,7,False,7,0,7,7|7|7|7|7|7|7|7|7|7
35505,7,False,7,0,7,7|7|7|7|7|7|7|7|7|7
35509,7,False,7,0,7,7|7|7|7|7|7|7|7|7|7
35515,7,False,7,0,7,7|7|7|7|7|7|7|7|7|7
35536,7,False,7,0,7,7|7|7|7|7|7|7|7|7|7
35544,7,False,7,10,-1,8|8|9|8|0|9|9|0|9|8
35552,7,False,7,0,7,7|7|7|7|7|7|7|7|7|7
35583,7,False,7,0,7,7|7|7|7|7|7|7|7|7|7
35603,7,False,7,0,7,7|7|7|7|7|7|7|7|7|7
35608,7,False,7,0,7,7|7|7|7|7|7|7|7|7|7
35623,7,False,7,0,7,7|7|7|7|7|7|7|7|7|7
35645,7,False,7,0,7,7|7|7|7|7|7|7|7|7|7
35656,7,False,7,0,7,7|7|7|7|7|7|7|7|7|7
35685,7,False,7,0,7,7|7|7|7|7|7|7|7|7|7
35693,7,False,7,0,7,7|7|7|7|7|7|7|7|7|7
35699,7,False,7,0,7,7|7|7|7|7|7|7|7|7|7
35709,7,False,7,0,7,7|7|7|7|7|7|7|7|7|7
35713,7,False,7,0,7,7|7|7|7|7|7|7|7|7|7
35715,7,False,7,0,7,7|7|7|7|7|7|7|7|7|7
35725,7,False,7,10,1,1|1|3|1|1|1|3|1|1|1
35739,7,False,7,5,-1,7|7|6|6|7|7|7|6|6|6
35743,7,False,7,0,7,7|7|7|7|7|7|7|7|7|7
35745,7,False,7,0,7,7|7|7|7|7|7|7|7|7|7
35749,7,False,7,0,7,7|7|7|7|7|7|7|7|7|7
35768,7,False,7,10,0,0|0|0|0|0|0|0|0|0|0
35780,7,False,7,0,7,7|7|7|7|7|7|7|7|7|7
35781,7,False,7,0,7,7|7|7|7|7|7|7|7|7|7
35799,7,False,7,0,7,7|7|7|7|7|7|7|7|7|7
35802,7,False,7,5,-1,7|7|9|7|9|9|7|9|7|9
35821,7,False,7,8,9,8|7|7|0|2|9|9|6|9|6
35823,7,False,7,3,7,7|7|7|7|7|0|7|0|7|0
35826,7,False,7,10,6,6|6|6|6|6|6|6|6|6|6
35842,7,False,7,0,7,7|7|7|7|7|7|7|7|7|7
35846,7,False,7,0,7,7|7|7|7|7|7|7|7|7|7
35865,7,False,7,0,7,7|7|7|7|7|7|7|7|7|7
35866,7,False,7,0,7,7|7|7|7|7|7|7|7|7|7
35867,7,False,7,0,7,7|7|7|7|7|7|7|7|7|7
35883,7,False,7,0,7,7|7|7|7|7|7|7|7|7|7
35887,7,False,7,0,7,7|7|7|7|7|7|7|7|7|7
35895,7,False,7,0,7,7|7|7|7|7|7|7|7|7|7
35908,7,False,7,0,7,7|7|7|7|7|7|7|7|7|7
35972,7,False,7,0,7,7|7|7|7|7|7|7|7|7|7
35974,7,False,7,0,7,7|7|7|7|7|7|7|7|7|7
35975,7,False,7,0,7,7|7|7|7|7|7|7|7|7|7
35978,7,False,7,0,7,7|7|7|7|7|7|7|7|7|7
35984,7,False,7,0,7,7|7|7|7|7|7|7|7|7|7
35986,7,False,7,0,7,7|7|7|7|7|7|7|7|7|7
35989,7,False,7,7,6,6|6|6|6|7|7|6|7|6|6
36025,7,False,7,0,7,7|7|7|7|7|7|7|7|7|7
36047,7,False,7,3,7,5|7|3|7|7|7|7|7|6|7
36057,7,False,7,0,7,7|7|7|7|7|7|7|7|7|7
36058,7,False,7,0,7,7|7|7|7|7|7|7|7|7|7
36066,7,False,7,8,6,6|6|6|6|7|6|6|7|6|6
36067,7,False,7,0,7,7|7|7|7|7|7|7|7|7|7
36072,7,False,7,10,6,6|6|6|6|6|6|6|6|6|6
36097,7,False,7,0,7,7|7|7|7|7|7|7|7|7|7
36098,7,False,7,7,6,6|6|8|0|6|6|7|7|6|7
36101,7,False,7,0,7,7|7|7|7|7|7|7|7|7|7
36102,7,False,7,8,6,6|7|7|6|6|6|6|6|6|6
36136,7,False,7,10,8,8|0|4|9|4|8|8|4|8|9
36140,7,False,7,2,7,6|7|7|7|7|7|7|7|7|6
36142,7,False,7,0,7,7|7|7|7|7|7|7|7|7|7
36147,7,False,7,0,7,7|7|7|7|7|7|7|7|7|7
36175,7,False,7,0,7,7|7|7|7|7|7|7|7|7|7
36179,7,False,7,8,8,7|7|8|0|8|0|8|8|0|8
36181,7,False,7,4,7,7|6|7|6|7|6|7|7|7|8
36196,7,False,7,0,7,7|7|7|7|7|7|7|7|7|7
36205,7,False,7,0,7,7|7|7|7|7|7|7|7|7|7
36223,7,False,7,0,7,7|7|7|7|7|7|7|7|7|7
36246,7,False,7,2,7,7|7|3|7|7|7|3|7|7|7
36249,7,False,7,0,7,7|7|7|7|7|7|7|7|7|7
36270,7,False,7,0,7,7|7|7|7|7|7|7|7|7|7
36271,7,False,7,0,7,7|7|7|7|7|7|7|7|7|7
36284,7,False,7,0,7,7|7|7|7|7|7|7|7|7|7
36317,7,False,7,0,7,7|7|7|7|7|7|7|7|7|7
36318,7,False,7,10,2,2|2|2|3|3|2|2|3|2|3
36330,7,False,7,0,7,7|7|7|7|7|7|7|7|7|7
36366,7,False,7,0,7,7|7|7|7|7|7|7|7|7|7
36392,7,False,7,0,7,7|7|7|7|7|7|7|7|7|7
36394,7,False,7,0,7,7|7|7|7|7|7|7|7|7|7
36427,7,False,7,0,7,7|7|7|7|7|7|7|7|7|7
36434,7,False,7,0,7,7|7|7|7|7|7|7|7|7|7
36441,7,False,7,0,7,7|7|7|7|7|7|7|7|7|7
36461,7,False,7,0,7,7|7|7|7|7|7|7|7|7|7
36467,7,False,7,0,7,7|7|7|7|7|7|7|7|7|7
36478,7,False,7,0,7,7|7|7|7|7|7|7|7|7|7
36499,7,False,7,10,6,6|6|6|6|6|6|6|6|6|6
36501,7,False,7,0,7,7|7|7|7|7|7|7|7|7|7
36513,7,False,7,0,7,7|7|7|7|7|7|7|7|7|7
36522,7,False,7,1,7,7|7|7|1|7|7|7|7|7|7
36525,7,False,7,0,7,7|7|7|7|7|7|7|7|7|7
36550,7,False,7,0,7,7|7|7|7|7|7|7|7|7|7
36551,7,False,7,0,7,7|7|7|7|7|7|7|7|7|7
36553,7,False,7,0,7,7|7|7|7|7|7|7|7|7|7
36556,7,False,7,0,7,7|7|7|7|7|7|7|7|7|7
36565,7,False,7,0,7,7|7|7|7|7|7|7|7|7|7
36604,7,False,7,0,7,7|7|7|7|7|7|7|7|7|7
36627,7,False,7,0,7,7|7|7|7|7|7|7|7|7|7
36646,7,False,7,2,7,7|7|7|5|7|7|5|7|7|7
36648,7,False,7,6,-1,6|2|8|7|6|6|7|6|7|7
36650,7,False,7,0,7,7|7|7|7|7|7|7|7|7|7
36657,7,False,7,0,7,7|7|7|7|7|7|7|7|7|7
36662,7,False,7,0,7,7|7|7|7|7|7|7|7|7|7
36687,7,False,7,0,7,7|7|7|7|7|7|7|7|7|7
36696,7,False,7,6,9,9|9|7|0|9|7|9|9|7|7
36732,7,False,7,0,7,7|7|7|7|7|7|7|7|7|7
36738,7,False,7,2,7,7|7|7|7|7|7|7|7|9|9
36739,7,False,7,0,7,7|7|7|7|7|7|7|7|7|7
36764,7,False,7,0,7,7|7|7|7|7|7|7|7|7|7
36767,7,False,7,0,7,7|7|7|7|7|7|7|7|7|7
36770,7,False,7,0,7,7|7|7|7|7|7|7|7|7|7
36771,7,False,7,0,7,7|7|7|7|7|7|7|7|7|7
36783,7,False,7,0,7,7|7|7|7|7|7|7|7|7|7
36788,7,False,7,0,7,7|7|7|7|7|7|7|7|7|7
36796,7,False,7,0,7,7|7|7|7|7|7|7|7|7|7
36799,7,False,7,0,7,7|7|7|7|7|7|7|7|7|7
36801,7,False,7,0,7,7|7|7|7|7|7|7|7|7|7
36835,7,False,7,0,7,7|7|7|7|7|7|7|7|7|7
36836,7,False,7,0,7,7|7|7|7|7|7|7|7|7|7
36839,7,False,7,0,7,7|7|7|7|7|7|7|7|7|7
36863,7,False,7,0,7,7|7|7|7|7|7|7|7|7|7
36869,7,False,7,0,7,7|7|7|7|7|7|7|7|7|7
36871,7,False,7,0,7,7|7|7|7|7|7|7|7|7|7
36872,7,False,7,0,7,7|7|7|7|7|7|7|7|7|7
36890,7,False,7,0,7,7|7|7|7|7|7|7|7|7|7
36905,7,False,7,0,7,7|7|7|7|7|7|7|7|7|7
36906,7,False,7,0,7,7|7|7|7|7|7|7|7|7|7
36907,7,False,7,0,7,7|7|7|7|7|7|7|7|7|7
36911,7,False,7,0,7,7|7|7|7|7|7|7|7|7|7
36919,7,False,7,0,7,7|7|7|7|7|7|7|7|7|7
36935,7,False,7,0,7,7|7|7|7|7|7|7|7|7|7
36943,7,False,7,0,7,7|7|7|7|7|7|7|7|7|7
36951,7,False,7,10,6,6|6|6|6|6|6|6|6|6|6
36953,7,False,7,0,7,7|7|7|7|7|7|7|7|7|7
36968,7,False,7,1,7,7|7|7|7|7|7|7|6|7|7
36974,7,False,7,0,7,7|7|7|7|7|7|7|7|7|7
36981,7,False,7,0,7,7|7|7|7|7|7|7|7|7|7
36994,7,False,7,0,7,7|7|7|7|7|7|7|7|7|7
37001,7,False,7,0,7,7|7|7|7|7|7|7|7|7|7
37014,7,False,7,10,6,6|6|9|8|6|6|9|8|6|9
37028,7,False,7,0,7,7|7|7|7|7|7|7|7|7|7
37055,7,False,7,0,7,7|7|7|7|7|7|7|7|7|7
37060,7,False,7,0,7,7|7|7|7|7|7|7|7|7|7
37069,7,False,7,0,7,7|7|7|7|7|7|7|7|7|7
37087,7,False,7,0,7,7|7|7|7|7|7|7|7|7|7
37088,7,False,7,0,7,7|7|7|7|7|7|7|7|7|7
37119,7,False,7,0,7,7|7|7|7|7|7|7|7|7|7
37126,7,False,7,0,7,7|7|7|7|7|7|7|7|7|7
37130,7,False,7,0,7,7|7|7|7|7|7|7|7|7|7
37134,7,False,7,0,7,7|7|7|7|7|7|7|7|7|7
37141,7,False,7,1,7,7|7|7|7|7|7|3|7|7|7
37142,7,False,7,0,7,7|7|7|7|7|7|7|7|7|7
37146,7,False,7,0,7,7|7|7|7|7|7|7|7|7|7
37156,7,False,7,0,7,7|7|7|7|7|7|7|7|7|7
37176,7,False,7,0,7,7|7|7|7|7|7|7|7|7|7
37178,7,False,7,2,7,7|7|7|7|0|7|7|6|7|7
37189,7,False,7,0,7,7|7|7|7|7|7|7|7|7|7
37194,7,False,7,0,7,7|7|7|7|7|7|7|7|7|7
37195,7,False,7,0,7,7|7|7|7|7|7|7|7|7|7
37211,7,False,7,0,7,7|7|7|7|7|7|7|7|7|7
37237,7,False,7,0,7,7|7|7|7|7|7|7|7|7|7
37256,7,False,7,0,7,7|7|7|7|7|7|7|7|7|7
37260,7,False,7,0,7,7|7|7|7|7|7|7|7|7|7
37280,7,False,7,0,7,7|7|7|7|7|7|7|7|7|7
37307,7,False,7,4,7,7|7|9|0|7|9|7|7|9|7
37338,7,False,7,0,7,7|7|7|7|7|7|7|7|7|7
37344,7,False,7,0,7,7|7|7|7|7|7|7|7|7|7
37349,7,False,7,0,7,7|7|7|7|7|7|7|7|7|7
37368,7,False,7,0,7,7|7|7|7|7|7|7|7|7|7
37386,7,False,7,10,4,4|4|4|4|4|4|4|4|4|4
37393,7,False,7,0,7,7|7|7|7|7|7|7|7|7|7
37397,7,False,7,0,7,7|7|7|7|7|7|7|7|7|7
37404,7,False,7,0,7,7|7|7|7|7|7|7|7|7|7
37405,7,False,7,0,7,7|7|7|7|7|7|7|7|7|7
37407,7,False,7,0,7,7|7|7|7|7|7|7|7|7|7
37415,7,False,7,7,4,4|7|4|5|7|6|4|7|4|6
37445,7,False,7,0,7,7|7|7|7|7|7|7|7|7|7
37452,7,False,7,0,7,7|7|7|7|7|7|7|7|7|7
37455,7,False,7,0,7,7|7|7|7|7|7|7|7|7|7
37465,7,False,7,0,7,7|7|7|7|7|7|7|7|7|7
37467,7,False,7,0,7,7|7|7|7|7|7|7|7|7|7
37473,7,False,7,1,7,7|7|6|7|7|7|7|7|7|7
37477,7,False,7,0,7,7|7|7|7|7|7|7|7|7|7
37501,7,False,7,0,7,7|7|7|7|7|7|7|7|7|7
37532,7,False,7,8,6,6|6|6|6|7|6|6|7|6|6
37541,7,False,7,0,7,7|7|7|7|7|7|7|7|7|7
37550,7,False,7,0,7,7|7|7|7|7|7|7|7|7|7
37567,7,False,7,1,7,7|7|7|0|7|7|7|7|7|7
37589,7,False,7,0,7,7|7|7|7|7|7|7|7|7|7
37613,7,False,7,0,7,7|7|7|7|7|7|7|7|7|7
37621,7,False,7,1,7,7|7|7|7|7|7|7|5|7|7
37625,7,False,7,5,7,0|0|0|7|1|7|7|7|7|1
37639,7,False,7,0,7,7|7|7|7|7|7|7|7|7|7
37643,7,False,7,0,7,7|7|7|7|7|7|7|7|7|7
37659,7,False,7,1,7,7|6|7|7|7|7|7|7|7|7
37664,7,False,7,0,7,7|7|7|7|7|7|7|7|7|7
37690,7,False,7,9,6,6|6|6|6|7|6|6|6|6|6
37693,7,False,7,0,7,7|7|7|7|7|7|7|7|7|7
37696,7,False,7,0,7,7|7|7|7|7|7|7|7|7|7
37704,7,False,7,0,7,7|7|7|7|7|7|7|7|7|7
37740,7,False,7,1,7,7|7|7|7|7|7|1|7|7|7
37750,7,False,7,0,7,7|7|7|7|7|7|7|7|7|7
37765,7,False,7,0,7,7|7|7|7|7|7|7|7|7|7
37774,7,False,7,0,7,7|7|7|7|7|7|7|7|7|7
37776,7,False,7,3,7,6|7|7|7|7|6|6|7|7|7
37785,7,False,7,0,7,7|7|7|7|7|7|7|7|7|7
37791,7,False,7,8,6,7|6|6|6|7|6|6|6|6|6
37802,7,False,7,0,7,7|7|7|7|7|7|7|7|7|7
37804,7,False,7,0,7,7|7|7|7|7|7|7|7|7|7
37813,7,False,7,0,7,7|7|7|7|7|7|7|7|7|7
37817,7,False,7,0,7,7|7|7|7|7|7|7|7|7|7
37830,7,False,7,0,7,7|7|7|7|7|7|7|7|7|7
37833,7,False,7,0,7,7|7|7|7|7|7|7|7|7|7
37836,7,False,7,0,7,7|7|7|7|7|7|7|7|7|7
37851,7,False,7,7,6,6|6|6|7|6|6|6|6|7|7
37855,7,False,7,0,7,7|7|7|7|7|7|7|7|7|7
37864,7,False,7,0,7,7|7|7|7|7|7|7|7|7|7
37897,7,False,7,0,7,7|7|7|7|7|7|7|7|7|7
37898,7,False,7,0,7,7|7|7|7|7|7|7|7|7|7
37901,7,False,7,0,7,7|7|7|7|7|7|7|7|7|7
37911,7,False,7,0,7,7|7|7|7|7|7|7|7|7|7
37915,7,False,7,0,7,7|7|7|7|7|7|7|7|7|7
37944,7,False,7,0,7,7|7|7|7|7|7|7|7|7|7
37968,7,False,7,0,7,7|7|7|7|7|7|7|7|7|7
37977,7,False,7,0,7,7|7|7|7|7|7|7|7|7|7
37981,7,False,7,0,7,7|7|7|7|7|7|7|7|7|7
37982,7,False,7,0,7,7|7|7|7|7|7|7|7|7|7
37983,7,False,7,0,7,7|7|7|7|7|7|7|7|7|7
37986,7,False,7,0,7,7|7|7|7|7|7|7|7|7|7
37988,7,False,7,0,7,7|7|7|7|7|7|7|7|7|7
38020,7,False,7,0,7,7|7|7|7|7|7|7|7|7|7
38051,7,False,7,0,7,7|7|7|7|7|7|7|7|7|7
38063,7,False,7,0,7,7|7|7|7|7|7|7|7|7|7
38069,7,False,7,3,7,7|7|7|8|7|7|7|6|7|9
38090,7,False,7,9,2,7|2|2|0|2|2|2|1|0|2
38138,7,False,7,0,7,7|7|7|7|7|7|7|7|7|7
38147,7,False,7,1,7,7|7|7|7|7|7|1|7|7|7
38153,7,False,7,0,7,7|7|7|7|7|7|7|7|7|7
38155,7,False,7,0,7,7|7|7|7|7|7|7|7|7|7
38175,7,False,7,0,7,7|7|7|7|7|7|7|7|7|7
38176,7,False,7,0,7,7|7|7|7|7|7|7|7|7|7
38180,7,False,7,0,7,7|7|7|7|7|7|7|7|7|7
38194,7,False,7,0,7,7|7|7|7|7|7|7|7|7|7
38203,7,False,7,0,7,7|7|7|7|7|7|7|7|7|7
38208,7,False,7,0,7,7|7|7|7|7|7|7|7|7|7
38218,7,False,7,0,7,7|7|7|7|7|7|7|7|7|7
38232,7,False,7,0,7,7|7|7|7|7|7|7|7|7|7
38233,7,False,7,0,7,7|7|7|7|7|7|7|7|7|7
38258,7,False,7,0,7,7|7|7|7|7|7|7|7|7|7
38279,7,False,7,0,7,7|7|7|7|7|7|7|7|7|7
38296,7,False,7,0,7,7|7|7|7|7|7|7|7|7|7
38305,7,False,7,0,7,7|7|7|7|7|7|7|7|7|7
38317,7,False,7,0,7,7|7|7|7|7|7|7|7|7|7
38353,7,False,7,0,7,7|7|7|7|7|7|7|7|7|7
38359,7,False,7,0,7,7|7|7|7|7|7|7|7|7|7
38366,7,False,7,0,7,7|7|7|7|7|7|7|7|7|7
38386,7,False,7,0,7,7|7|7|7|7|7|7|7|7|7
38402,7,False,7,4,7,7|7|4|7|7|1|7|1|7|4
38406,7,False,7,0,7,7|7|7|7|7|7|7|7|7|7
38413,7,False,7,0,7,7|7|7|7|7|7|7|7|7|7
38438,7,False,7,3,7,7|7|7|7|8|7|0|7|2|7
38442,7,False,7,0,7,7|7|7|7|7|7|7|7|7|7
38444,7,False,7,1,7,7|7|7|7|7|7|7|7|1|7
38459,7,False,7,0,7,7|7|7|7|7|7|7|7|7|7
38462,7,False,7,0,7,7|7|7|7|7|7|7|7|7|7
38465,7,False,7,0,7,7|7|7|7|7|7|7|7|7|7
38477,7,False,7,0,7,7|7|7|7|7|7|7|7|7|7
38482,7,False,7,0,7,7|7|7|7|7|7|7|7|7|7
38487,7,False,7,0,7,7|7|7|7|7|7|7|7|7|7
38488,7,False,7,0,7,7|7|7|7|7|7|7|7|7|7
38493,7,False,7,10,6,6|6|6|6|6|6|6|6|6|6
38498,7,False,7,0,7,7|7|7|7|7|7|7|7|7|7
38504,7,False,7,0,7,7|7|7|7|7|7|7|7|7|7
38512,7,False,7,0,7,7|7|7|7|7|7|7|7|7|7
38527,7,False,7,0,7,7|7|7|7|7|7|7|7|7|7
38531,7,False,7,1,7,7|7|7|7|6|7|7|7|7|7
38544,7,False,7,0,7,7|7|7|7|7|7|7|7|7|7
38555,7,False,7,10,6,6|6|6|6|6|6|6|6|6|6
38558,7,False,7,0,7,7|7|7|7|7|7|7|7|7|7
38568,7,False,7,0,7,7|7|7|7|7|7|7|7|7|7
38570,7,False,7,0,7,7|7|7|7|7|7|7|7|7|7
38576,7,False,7,0,7,7|7|7|7|7|7|7|7|7|7
38581,7,False,7,0,7,7|7|7|7|7|7|7|7|7|7
38585,7,False,7,0,7,7|7|7|7|7|7|7|7|7|7
38589,7,False,7,0,7,7|7|7|7|7|7|7|7|7|7
38606,7,False,7,6,7,5|7|5|5|7|7|1|7|1|1
38609,7,False,7,0,7,7|7|7|7|7|7|7|7|7|7
38656,7,False,7,0,7,7|7|7|7|7|7|7|7|7|7
38664,7,False,7,10,4,4|4|4|5|4|4|5|5|4|4
38665,7,False,7,0,7,7|7|7|7|7|7|7|7|7|7
38674,7,False,7,0,7,7|7|7|7|7|7|7|7|7|7
38676,7,False,7,0,7,7|7|7|7|7|7|7|7|7|7
38710,7,False,7,0,7,7|7|7|7|7|7|7|7|7|7
38712,7,False,7,5,7,0|7|6|6|6|7|0|7|7|7
38721,7,False,7,0,7,7|7|7|7|7|7|7|7|7|7
38724,7,False,7,0,7,7|7|7|7|7|7|7|7|7|7
38735,7,False,7,2,7,7|9|7|7|7|7|8|7|7|7
38736,7,False,7,0,7,7|7|7|7|7|7|7|7|7|7
38737,7,False,7,0,7,7|7|7|7|7|7|7|7|7|7
38747,7,False,7,0,7,7|7|7|7|7|7|7|7|7|7
38749,7,False,7,0,7,7|7|7|7|7|7|7|7|7|7
38750,7,False,7,0,7,7|7|7|7|7|7|7|7|7|7
38752,7,False,7,0,7,7|7|7|7|7|7|7|7|7|7
38753,7,False,7,0,7,7|7|7|7|7|7|7|7|7|7
38759,7,False,7,1,7,7|7|7|7|7|7|7|6|7|7
38773,7,False,7,1,7,7|7|7|7|7|7|7|7|7|6
38794,7,False,7,0,7,7|7|7|7|7|7|7|7|7|7
38801,7,False,7,0,7,7|7|7|7|7|7|7|7|7|7
38805,7,False,7,0,7,7|7|7|7|7|7|7|7|7|7
38826,7,False,7,0,7,7|7|7|7|7|7|7|7|7|7
38837,7,False,7,0,7,7|7|7|7|7|7|7|7|7|7
38853,7,False,7,0,7,7|7|7|7|7|7|7|7|7|7
38875,7,False,7,9,6,6|6|6|6|6|6|7|6|6|6
38882,7,False,7,0,7,7|7|7|7|7|7|7|7|7|7
38887,7,False,7,0,7,7|7|7|7|7|7|7|7|7|7
38897,7,False,7,0,7,7|7|7|7|7|7|7|7|7|7
38901,7,False,7,0,7,7|7|7|7|7|7|7|7|7|7
38912,7,False,7,0,7,7|7|7|7|7|7|7|7|7|7
38916,7,False,7,0,7,7|7|7|7|7|7|7|7|7|7
38920,7,False,7,10,2,2|2|2|3|3|2|2|3|2|3
38927,7,False,7,0,7,7|7|7|7|7|7|7|7|7|7
38941,7,False,7,0,7,7|7|7|7|7|7|7|7|7|7
38952,7,False,7,0,7,7|7|7|7|7|7|7|7|7|7
38962,7,False,7,7,-1,7|8|1|0|8|7|0|8|7|1
38968,7,False,7,0,7,7|7|7|7|7|7|7|7|7|7
39009,7,False,7,3,7,7|7|8|7|0|7|7|7|7|0
39013,7,False,7,0,7,7|7|7|7|7|7|7|7|7|7
39014,7,False,7,0,7,7|7|7|7|7|7|7|7|7|7
39027,7,False,7,0,7,7|7|7|7|7|7|7|7|7|7
39041,7,False,7,0,7,7|7|7|7|7|7|7|7|7|7
39046,7,False,7,0,7,7|7|7|7|7|7|7|7|7|7
39067,7,False,7,0,7,7|7|7|7|7|7|7|7|7|7
39115,7,False,7,0,7,7|7|7|7|7|7|7|7|7|7
39119,7,False,7,0,7,7|7|7|7|7|7|7|7|7|7
39136,7,False,7,0,7,7|7|7|7|7|7|7|7|7|7
39141,7,False,7,0,7,7|7|7|7|7|7|7|7|7|7
39142,7,False,7,0,7,7|7|7|7|7|7|7|7|7|7
39145,7,False,7,0,7,7|7|7|7|7|7|7|7|7|7
39149,7,False,7,0,7,7|7|7|7|7|7|7|7|7|7
39176,7,False,7,0,7,7|7|7|7|7|7|7|7|7|7
39178,7,False,7,0,7,7|7|7|7|7|7|7|7|7|7
39194,7,False,7,0,7,7|7|7|7|7|7|7|7|7|7
39195,7,False,7,0,7,7|7|7|7|7|7|7|7|7|7
39200,7,False,7,0,7,7|7|7|7|7|7|7|7|7|7
39204,7,False,7,0,7,7|7|7|7|7|7|7|7|7|7
39214,7,False,7,0,7,7|7|7|7|7|7|7|7|7|7
39235,7,False,7,5,7,7|6|7|7|6|6|7|0|7|4
39237,7,False,7,0,7,7|7|7|7|7|7|7|7|7|7
39249,7,False,7,0,7,7|7|7|7|7|7|7|7|7|7
39251,7,False,7,0,7,7|7|7|7|7|7|7|7|7|7
39257,7,False,7,0,7,7|7|7|7|7|7|7|7|7|7
39261,7,False,7,0,7,7|7|7|7|7|7|7|7|7|7
39286,7,False,7,0,7,7|7|7|7|7|7|7|7|7|7
39288,7,False,7,0,7,7|7|7|7|7|7|7|7|7|7
39292,7,False,7,0,7,7|7|7|7|7|7|7|7|7|7
39293,7,False,7,10,9,9|8|8|9|8|9|8|9|9|9
39311,7,False,7,0,7,7|7|7|7|7|7|7|7|7|7
39326,7,False,7,0,7,7|7|7|7|7|7|7|7|7|7
39343,7,False,7,0,7,7|7|7|7|7|7|7|7|7|7
39366,7,False,7,0,7,7|7|7|7|7|7|7|7|7|7
39392,7,False,7,0,7,7|7|7|7|7|7|7|7|7|7
39394,7,False,7,0,7,7|7|7|7|7|7|7|7|7|7
39395,7,False,7,0,7,7|7|7|7|7|7|7|7|7|7
39400,7,False,7,1,7,7|7|7|7|7|7|6|7|7|7
39428,7,False,7,0,7,7|7|7|7|7|7|7|7|7|7
39434,7,False,7,0,7,7|7|7|7|7|7|7|7|7|7
39446,7,False,7,0,7,7|7|7|7|7|7|7|7|7|7
39450,7,False,7,9,9,7|9|9|9|4|4|9|8|9|9
39469,7,False,7,0,7,7|7|7|7|7|7|7|7|7|7
39483,7,False,7,0,7,7|7|7|7|7|7|7|7|7|7
39486,7,False,7,0,7,7|7|7|7|7|7|7|7|7|7
39488,7,False,7,0,7,7|7|7|7|7|7|7|7|7|7
39489,7,False,7,0,7,7|7|7|7|7|7|7|7|7|7
39491,7,False,7,0,7,7|7|7|7|7|7|7|7|7|7
39508,7,False,7,9,6,0|6|6|6|7|0|6|6|6|0
39510,7,False,7,0,7,7|7|7|7|7|7|7|7|7|7
39537,7,False,7,0,7,7|7|7|7|7|7|7|7|7|7
39540,7,False,7,0,7,7|7|7|7|7|7|7|7|7|7
39550,7,False,7,1,7,7|7|7|0|7|7|7|7|7|7
39556,7,False,7,0,7,7|7|7|7|7|7|7|7|7|7
39558,7,False,7,0,7,7|7|7|7|7|7|7|7|7|7
39561,7,False,7,0,7,7|7|7|7|7|7|7|7|7|7
39568,7,False,7,10,2,2|1|2|2|3|2|2|2|2|3
39578,7,False,7,0,7,7|7|7|7|7|7|7|7|7|7
39582,7,False,7,6,-1,6|9|6|7|7|6|7|8|6|7
39584,7,False,7,2,7,7|7|7|7|7|7|7|7|1|0
39597,7,False,7,0,7,7|7|7|7|7|7|7|7|7|7
39605,7,False,7,0,7,7|7|7|7|7|7|7|7|7|7
39617,7,False,7,0,7,7|7|7|7|7|7|7|7|7|7
39620,7,False,7,0,7,7|7|7|7|7|7|7|7|7|7
39622,7,False,7,0,7,7|7|7|7|7|7|7|7|7|7
39630,7,False,7,5,7,7|6|7|1|6|5|7|7|7|1
39632,7,False,7,0,7,7|7|7|7|7|7|7|7|7|7
39643,7,False,7,0,7,7|7|7|7|7|7|7|7|7|7
39659,7,False,7,0,7,7|7|7|7|7|7|7|7|7|7
39669,7,False,7,0,7,7|7|7|7|7|7|7|7|7|7
39670,7,False,7,0,7,7|7|7|7|7|7|7|7|7|7
39675,7,False,7,0,7,7|7|7|7|7|7|7|7|7|7
39691,7,False,7,0,7,7|7|7|7|7|7|7|7|7|7
39700,7,False,7,0,7,7|7|7|7|7|7|7|7|7|7
39701,7,False,7,0,7,7|7|7|7|7|7|7|7|7|7
39702,7,False,7,1,7,7|7|7|7|6|7|7|7|7|7
39706,7,False,7,0,7,7|7|7|7|7|7|7|7|7|7
39710,7,False,7,6,8,8|7|8|8|7|8|8|8|7|7
39720,7,False,7,0,7,7|7|7|7|7|7|7|7|7|7
39727,7,False,7,0,7,7|7|7|7|7|7|7|7|7|7
39731,7,False,7,0,7,7|7|7|7|7|7|7|7|7|7
39733,7,False,7,0,7,7|7|7|7|7|7|7|7|7|7
39736,7,False,7,0,7,7|7|7|7|7|7|7|7|7|7
39750,7,False,7,10,-1,9|4|4|4|8|8|9|8|5|5
39763,7,False,7,0,7,7|7|7|7|7|7|7|7|7|7
39775,7,False,7,0,7,7|7|7|7|7|7|7|7|7|7
39785,7,False,7,0,7,7|7|7|7|7|7|7|7|7|7
39789,7,False,7,0,7,7|7|7|7|7|7|7|7|7|7
39815,7,False,7,0,7,7|7|7|7|7|7|7|7|7|7
39830,7,False,7,0,7,7|7|7|7|7|7|7|7|7|7
39839,7,False,7,0,7,7|7|7|7|7|7|7|7|7|7
39845,7,False,7,0,7,7|7|7|7|7|7|7|7|7|7
39863,7,False,7,0,7,7|7|7|7|7|7|7|7|7|7
39898,7,False,7,0,7,7|7|7|7|7|7|7|7|7|7
39910,7,False,7,0,7,7|7|7|7|7|7|7|7|7|7
39911,7,False,7,0,7,7|7|7|7|7|7|7|7|7|7
39912,7,False,7,0,7,7|7|7|7|7|7|7|7|7|7
39913,7,False,7,0,7,7|7|7|7|7|7|7|7|7|7
39922,7,False,7,0,7,7|7|7|7|7|7|7|7|7|7
39927,7,False,7,0,7,7|7|7|7|7|7|7|7|7|7
39937,7,False,7,2,7,7|7|6|7|7|6|7|7|7|7
39941,7,False,7,0,7,7|7|7|7|7|7|7|7|7|7
39945,7,False,7,3,7,7|7|4|7|7|1|7|7|7|5
39953,7,False,7,0,7,7|7|7|7|7|7|7|7|7|7
39954,7,False,7,0,7,7|7|7|7|7|7|7|7|7|7
39956,7,False,7,0,7,7|7|7|7|7|7|7|7|7|7
39961,7,False,7,0,7,7|7|7|7|7|7|7|7|7|7
39975,7,False,7,10,6,6|6|6|6|6|6|6|6|6|6
39983,7,False,7,0,7,7|7|7|7|7|7|7|7|7|7
39991,7,False,7,0,7,7|7|7|7|7|7|7|7|7|7
39995,7,False,7,0,7,7|7|7|7|7|7|7|7|7|7
40003,7,False,7,0,7,7|7|7|7|7|7|7|7|7|7
40015,7,False,7,0,7,7|7|7|7|7|7|7|7|7|7
40020,7,False,7,0,7,7|7|7|7|7|7|7|7|7|7
40023,7,False,7,9,8,8|6|8|8|8|8|8|7|8|8
40025,7,False,7,0,7,7|7|7|7|7|7|7|7|7|7
40046,7,False,7,0,7,7|7|7|7|7|7|7|7|7|7
40048,7,False,7,0,7,7|7|7|7|7|7|7|7|7|7
40054,7,False,7,0,7,7|7|7|7|7|7|7|7|7|7
40060,7,False,7,9,6,6|6|6|6|7|6|6|6|0|0
40079,7,False,7,0,7,7|7|7|7|7|7|7|7|7|7
40106,7,False,7,0,7,7|7|7|7|7|7|7|7|7|7
40108,7,False,7,0,7,7|7|7|7|7|7|7|7|7|7
40110,7,False,7,1,7,7|7|3|7|7|7|7|7|7|7
40120,7,False,7,0,7,7|7|7|7|7|7|7|7|7|7
40131,7,False,7,0,7,7|7|7|7|7|7|7|7|7|7
40132,7,False,7,0,7,7|7|7|7|7|7|7|7|7|7
40147,7,False,7,0,7,7|7|7|7|7|7|7|7|7|7
40153,7,False,7,10,-1,3|3|3|1|3|1|1|3|1|1
40164,7,False,7,0,7,7|7|7|7|7|7|7|7|7|7
40167,7,False,7,2,7,7|1|7|7|7|7|7|7|1|7
40178,7,False,7,0,7,7|7|7|7|7|7|7|7|7|7
40186,7,False,7,0,7,7|7|7|7|7|7|7|7|7|7
40189,7,False,7,0,7,7|7|7|7|7|7|7|7|7|7
40192,7,False,7,1,7,7|2|7|7|7|7|7|7|7|7
40195,7,False,7,0,7,7|7|7|7|7|7|7|7|7|7
40213,7,False,7,0,7,7|7|7|7|7|7|7|7|7|7
40220,7,False,7,1,7,7|7|7|7|7|6|7|7|7|7
40224,8,False,8,3,8,7|8|8|8|8|8|8|0|8|9
40233,8,False,8,0,8,8|8|8|8|8|8|8|8|8|8
40238,8,False,8,0,8,8|8|8|8|8|8|8|8|8|8
40259,8,False,8,2,8,8|8|8|2|8|8|8|8|8|2
40269,8,False,8,0,8,8|8|8|8|8|8|8|8|8|8
40300,8,False,8,0,8,8|8|8|8|8|8|8|8|8|8
40319,8,False,8,7,9,9|9|9|9|8|8|9|9|9|8
40340,8,False,8,0,8,8|8|8|8|8|8|8|8|8|8
40348,8,False,8,0,8,8|8|8|8|8|8|8|8|8|8
40350,8,False,8,8,9,9|9|9|9|9|8|9|9|9|8
40360,8,False,8,10,5,5|5|5|5|5|5|5|5|5|5
40381,8,False,8,1,8,8|9|8|8|8|8|8|8|8|8
40383,8,False,8,0,8,8|8|8|8|8|8|8|8|8|8
40400,8,False,8,9,0,0|0|8|0|0|0|0|0|0|0
40426,8,False,8,0,8,8|8|8|8|8|8|8|8|8|8
40433,8,False,8,10,0,0|0|0|0|9|0|0|9|0|0
40435,8,False,8,0,8,8|8|8|8|8|8|8|8|8|8
40440,8,False,8,2,8,8|8|8|0|8|0|8|8|8|8
40450,8,False,8,8,9,9|9|9|8|9|9|9|8|9|9
40456,8,False,8,7,9,9|9|9|9|9|8|8|9|9|8
40465,8,False,8,10,9,9|9|9|9|9|9|9|9|9|9
40467,8,False,8,1,8,8|8|8|8|8|8|9|8|8|8
40469,8,False,8,0,8,8|8|8|8|8|8|8|8|8|8
40472,8,False,8,0,8,8|8|8|8|8|8|8|8|8|8
40473,8,False,8,0,8,8|8|8|8|8|8|8|8|8|8
40488,8,False,8,5,-1,9|8|8|9|8|9|9|8|9|8
40489,8,False,8,2,8,8|8|8|9|9|8|8|8|8|8
40492,8,False,8,6,9,9|8|9|9|9|9|8|8|9|8
40494,8,False,8,8,9,9|9|9|9|9|9|9|8|8|9
40506,8,False,8,6,9,9|8|9|8|9|8|9|9|8|9
40519,8,False,8,0,8,8|8|8|8|8|8|8|8|8|8
40529,8,False,8,0,8,8|8|8|8|8|8|8|8|8|8
40532,8,False,8,3,8,8|9|8|8|8|8|9|8|9|8
40537,8,False,8,9,9,9|9|9|9|9|9|9|9|9|8
40547,8,False,8,0,8,8|8|8|8|8|8|8|8|8|8
40549,8,False,8,6,9,8|9|9|9|8|9|9|8|8|9
40555,8,False,8,6,9,9|9|8|8|8|9|9|9|8|9
40561,8,False,8,9,9,9|9|9|9|9|9|9|8|9|9
40581,8,False,8,0,8,8|8|8|8|8|8|8|8|8|8
40591,8,False,8,10,9,9|9|9|9|9|9|9|9|9|9
40621,8,False,8,0,8,8|8|8|8|8|8|8|8|8|8
40622,8,False,8,2,8,8|8|9|8|8|8|8|8|9|8
40629,8,False,8,0,8,8|8|8|8|8|8|8|8|8|8
40630,8,False,8,9,9,9|9|9|9|9|9|9|9|9|8
40634,8,False,8,0,8,8|8|8|8|8|8|8|8|8|8
40656,8,False,8,0,8,8|8|8|8|8|8|8|8|8|8
40694,8,False,8,2,8,8|8|8|8|8|8|9|8|8|9
40703,8,False,8,10,9,9|9|9|9|9|9|9|9|9|9
40713,8,False,8,7,9,7|8|7|0|8|9|8|9|9|9
40723,8,False,8,0,8,8|8|8|8|8|8|8|8|8|8
40751,8,False,8,0,8,8|8|8|8|8|8|8|8|8|8
40757,8,False,8,0,8,8|8|8|8|8|8|8|8|8|8
40796,8,False,8,8,0,0|0|0|0|8|0|8|0|0|0
40811,8,False,8,4,8,8|8|9|8|8|9|9|8|8|9
40814,8,False,8,0,8,8|8|8|8|8|8|8|8|8|8
40821,8,False,8,10,7,7|6|7|0|6|0|7|7|7|7
40823,8,False,8,9,9,9|9|9|9|9|9|9|8|9|9
40830,8,False,8,0,8,8|8|8|8|8|8|8|8|8|8
40838,8,False,8,1,8,8|8|8|8|8|9|8|8|8|8
40852,8,False,8,2,8,8|8|8|9|8|8|8|9|8|8
40856,8,False,8,1,8,8|8|8|8|2|8|8|8|8|8
40870,8,False,8,0,8,8|8|8|8|8|8|8|8|8|8
40875,8,False,8,0,8,8|8|8|8|8|8|8|8|8|8
40890,8,False,8,0,8,8|8|8|8|8|8|8|8|8|8
40909,8,False,8,5,-1,8|9|8|9|9|9|8|9|8|8
40916,8,False,8,4,8,8|8|0|8|8|0|0|8|0|8
40917,8,False,8,0,8,8|8|8|8|8|8|8|8|8|8
40957,8,False,8,0,8,8|8|8|8|8|8|8|8|8|8
40978,8,False,8,0,8,8|8|8|8|8|8|8|8|8|8
40984,8,False,8,4,8,8|8|8|2|8|0|2|8|2|8
40987,8,False,8,5,-1,9|8|8|9|8|9|9|8|8|9
41015,8,False,8,0,8,8|8|8|8|8|8|8|8|8|8
41018,8,False,8,0,8,8|8|8|8|8|8|8|8|8|8
41026,8,False,8,3,8,8|8|8|0|0|8|8|0|8|8
41044,8,False,8,5,8,0|8|3|8|8|8|0|8|0|2
41056,8,False,8,1,8,8|0|8|8|8|8|8|8|8|8
41080,8,False,8,3,8,8|8|8|8|9|9|8|9|8|8
41082,8,False,8,7,0,0|0|0|0|0|8|0|8|0|8
41088,8,False,8,10,0,0|0|0|0|0|0|0|0|0|0
41096,8,False,8,9,9,9|8|9|9|9|9|9|9|9|9
41100,8,False,8,9,9,7|9|9|8|9|7|9|9|9|9
41122,8,False,8,2,8,8|8|8|8|8|8|8|8|1|9
41123,8,False,8,2,8,8|8|9|9|8|8|8|8|8|8
41132,8,False,8,1,8,8|8|8|9|8|8|8|8|8|8
41148,8,False,8,0,8,8|8|8|8|8|8|8|8|8|8
41154,8,False,8,6,8,4|8|8|4|8|0|0|8|0|5
41158,8,False,8,0,8,8|8|8|8|8|8|8|8|8|8
41166,8,False,8,0,8,8|8|8|8|8|8|8|8|8|8
41190,8,False,8,0,8,8|8|8|8|8|8|8|8|8|8
41233,8,False,8,8,9,8|9|9|9|9|9|9|8|9|9
41237,8,False,8,0,8,8|8|8|8|8|8|8|8|8|8
41242,8,False,8,9,9,9|9|8|9|9|9|9|9|9|9
41249,8,False,8,1,8,8|8|8|8|8|8|8|9|8|8
41250,8,False,8,3,8,0|8|8|8|0|8|0|8|8|8
41252,8,False,8,5,-1,8|9|8|9|8|9|8|8|9|9
41266,8,False,8,10,9,9|9|9|9|9|9|9|9|9|9
41279,8,False,8,6,0,8|0|0|0|8|8|0|0|0|8
41284,8,False,8,0,8,8|8|8|8|8|8|8|8|8|8
41285,8,False,8,0,8,8|8|8|8|8|8|8|8|8|8
41286,8,False,8,0,8,8|8|8|8|8|8|8|8|8|8
41310,8,False,8,0,8,8|8|8|8|8|8|8|8|8|8
41311,8,False,8,1,8,9|8|8|8|8|8|8|8|8|8
41326,8,False,8,5,-1,9|9|9|9|9|8|8|8|8|8
41365,8,False,8,1,8,0|8|8|8|8|8|8|8|8|8
41380,8,False,8,10,9,0|3|6|1|2|0|9|6|9|9
41390,8,False,8,0,8,8|8|8|8|8|8|8|8|8|8
41423,8,False,8,0,8,8|8|8|8|8|8|8|8|8|8
41450,8,False,8,2,8,8|8|8|9|8|8|8|8|9|8
41456,8,False,8,0,8,8|8|8|8|8|8|8|8|8|8
41472,8,False,8,1,8,8|8|8|8|8|8|8|9|8|8
41474,8,False,8,0,8,8|8|8|8|8|8|8|8|8|8
41479,8,False,8,1,8,8|8|8|8|8|8|8|9|8|8
41480,8,False,8,0,8,8|8|8|8|8|8|8|8|8|8
41484,8,False,8,0,8,8|8|8|8|8|8|8|8|8|8
41491,8,False,8,1,8,8|8|9|8|8|8|8|8|8|8
41500,8,False,8,10,9,9|9|9|9|9|9|9|9|9|9
41508,8,False,8,4,8,8|9|8|9|9|8|8|9|8|8
41512,8,False,8,0,8,8|8|8|8|8|8|8|8|8|8
41520,8,False,8,10,9,9|9|9|9|9|9|9|9|9|9
41525,8,False,8,0,8,8|8|8|8|8|8|8|8|8|8
41546,8,False,8,0,8,8|8|8|8|8|8|8|8|8|8
41562,8,False,8,0,8,8|8|8|8|8|8|8|8|8|8
41567,8,False,8,8,9,9|9|9|9|8|8|9|9|9|9
41569,8,False,8,0,8,8|8|8|8|8|8|8|8|8|8
41570,8,False,8,0,8,8|8|8|8|8|8|8|8|8|8
41590,8,False,8,1,8,8|9|8|8|8|8|8|8|8|8
41592,8,False,8,0,8,8|8|8|8|8|8|8|8|8|8
41594,8,False,8,0,8,8|8|8|8|8|8|8|8|8|8
41610,8,False,8,0,8,8|8|8|8|8|8|8|8|8|8
41626,8,False,8,10,9,9|9|9|9|9|9|9|9|9|9
41642,8,False,8,3,8,8|8|0|8|8|8|0|8|8|0
41649,8,False,8,9,0,0|0|0|0|8|0|0|0|0|0
41650,8,False,8,10,9,9|9|9|9|9|9|9|9|9|9
41652,8,False,8,0,8,8|8|8|8|8|8|8|8|8|8
41655,8,False,8,0,8,8|8|8|8|8|8|8|8|8|8
41657,8,False,8,4,8,8|9|8|9|9|8|8|8|8|9
41666,8,False,8,1,8,8|8|8|8|8|8|9|8|8|8
41670,8,False,8,9,9,9|9|9|8|9|9|9|9|9|9
41686,8,False,8,10,9,9|9|9|9|9|9|9|9|9|9
41696,8,False,8,0,8,8|8|8|8|8|8|8|8|8|8
41705,8,False,8,2,8,8|3|8|8|8|8|8|8|2|8
41756,8,False,8,1,8,8|8|8|2|8|8|8|8|8|8
41760,8,False,8,8,9,8|9|9|8|9|9|7|9|9|9
41767,8,False,8,0,8,8|8|8|8|8|8|8|8|8|8
41770,8,False,8,10,0,0|0|0|0|0|0|0|0|0|0
41775,8,False,8,0,8,8|8|8|8|8|8|8|8|8|8
41798,8,False,8,9,2,2|2|8|0|0|0|2|3|5|2
41801,8,False,8,3,8,9|8|8|9|8|9|8|8|8|8
41809,8,False,8,0,8,8|8|8|8|8|8|8|8|8|8
41810,8,False,8,0,8,8|8|8|8|8|8|8|8|8|8
41820,8,False,8,1,8,9|8|8|8|8|8|8|8|8|8
41824,8,False,8,9,0,0|0|0|0|8|0|0|0|0|0
41837,8,False,8,8,9,8|9|9|9|9|9|9|9|9|8
41841,8,False,8,2,8,9|8|8|9|8|8|8|8|8|8
41842,8,False,8,5,-1,0|0|0|8|0|0|8|8|8|8
41844,8,False,8,10,9,9|9|9|9|9|9|9|9|9|9
41852,8,False,8,0,8,8|8|8|8|8|8|8|8|8|8
41855,8,False,8,0,8,8|8|8|8|8|8|8|8|8|8
41860,8,False,8,2,8,8|8|8|9|8|8|9|8|8|8
41870,8,False,8,0,8,8|8|8|8|8|8|8|8|8|8
41883,8,False,8,10,2,2|2|2|1|2|2|2|2|2|2
41885,8,False,8,6,9,8|9|9|9|9|8|8|9|8|9
41896,8,False,8,1,8,8|8|8|9|8|8|8|8|8|8
41900,8,False,8,3,8,8|8|0|8|9|8|8|8|9|8
41909,8,False,8,2,8,8|8|8|0|8|8|8|8|8|0
41917,8,False,8,10,0,0|0|0|0|0|0|0|0|0|0
41924,8,False,8,10,2,0|0|2|3|0|2|2|3|2|1
41931,8,False,8,0,8,8|8|8|8|8|8|8|8|8|8
41936,8,False,8,8,9,9|9|9|9|9|8|8|9|9|9
41939,8,False,8,6,-1,0|0|8|0|9|9|8|0|8|8
41945,8,False,8,6,8,9|8|8|8|4|0|9|5|8|9
41947,8,False,8,0,8,8|8|8|8|8|8|8|8|8|8
41955,8,False,8,0,8,8|8|8|8|8|8|8|8|8|8
41979,8,False,8,0,8,8|8|8|8|8|8|8|8|8|8
41984,8,False,8,0,8,8|8|8|8|8|8|8|8|8|8
42000,8,False,8,0,8,8|8|8|8|8|8|8|8|8|8
42004,8,False,8,0,8,8|8|8|8|8|8|8|8|8|8
42024,8,False,8,3,8,8|8|8|9|8|8|9|8|8|9
42055,8,False,8,0,8,8|8|8|8|8|8|8|8|8|8
42060,8,False,8,2,8,8|8|9|9|8|8|8|8|8|8
42083,8,False,8,0,8,8|8|8|8|8|8|8|8|8|8
42084,8,False,8,0,8,8|8|8|8|8|8|8|8|8|8
42085,8,False,8,0,8,8|8|8|8|8|8|8|8|8|8
42102,8,False,8,6,8,9|0|0|8|3|8|8|5|8|9
42105,8,False,8,0,8,8|8|8|8|8|8|8|8|8|8
42110,8,False,8,10,9,9|9|9|9|9|9|9|9|9|9
42112,8,False,8,10,9,9|9|9|9|9|9|9|0|9|9
42117,8,False,8,0,8,8|8|8|8|8|8|8|8|8|8
42121,8,False,8,10,9,9|9|9|6|6|9|9|9|9|9
42127,8,False,8,1,8,8|8|8|8|8|8|8|8|8|6
42141,8,False,8,0,8,8|8|8|8|8|8|8|8|8|8
42148,8,False,8,4,8,8|8|0|0|8|8|8|8|0|0
42173,8,False,8,0,8,8|8|8|8|8|8|8|8|8|8
42209,8,False,8,4,8,0|8|8|8|9|8|8|9|8|0
42216,8,False,8,0,8,8|8|8|8|8|8|8|8|8|8
42219,8,False,8,5,8,8|9|8|2|8|5|8|2|8|9
42220,8,False,8,5,8,5|5|8|8|4|5|8|8|8|5
42221,8,False,8,10,9,9|9|9|9|9|9|9|9|9|9
42223,8,False,8,10,0,2|9|0|0|0|0|0|0|0|2
42242,8,False,8,0,8,8|8|8|8|8|8|8|8|8|8
42267,8,False,8,0,8,8|8|8|8|8|8|8|8|8|8
42281,8,False,8,0,8,8|8|8|8|8|8|8|8|8|8
42283,8,False,8,0,8,8|8|8|8|8|8|8|8|8|8
42300,8,False,8,0,8,8|8|8|8|8|8|8|8|8|8
42308,8,False,8,0,8,8|8|8|8|8|8|8|8|8|8
42316,8,False,8,0,8,8|8|8|8|8|8|8|8|8|8
42344,8,False,8,3,8,8|0|8|8|0|8|0|8|8|8
42366,8,False,8,5,-1,8|8|4|4|4|4|8|8|8|4
42367,8,False,8,9,9,9|9|9|9|9|9|9|8|9|9
42374,8,False,8,8,9,9|8|9|9|9|9|9|9|9|8
42383,8,False,8,0,8,8|8|8|8|8|8|8|8|8|8
42393,8,False,8,4,8,0|8|0|0|8|8|8|8|8|1
42411,8,False,8,1,8,8|8|0|8|8|8|8|8|8|8
42419,8,False,8,0,8,8|8|8|8|8|8|8|8|8|8
42429,8,False,8,0,8,8|8|8|8|8|8|8|8|8|8
42441,8,False,8,2,8,8|8|8|9|8|8|8|8|8|9
42454,8,False,8,0,8,8|8|8|8|8|8|8|8|8|8
42480,8,False,8,1,8,8|8|8|8|8|8|8|0|8|8
42481,8,False,8,0,8,8|8|8|8|8|8|8|8|8|8
42486,8,False,8,4,8,8|8|8|9|8|9|8|9|8|9
42504,8,False,8,0,8,8|8|8|8|8|8|8|8|8|8
42508,8,False,8,8,9,7|7|8|9|9|9|9|8|9|9
42509,8,False,8,3,8,8|9|8|8|8|9|8|8|8|9
42518,8,False,8,0,8,8|8|8|8|8|8|8|8|8|8
42519,8,False,8,10,9,9|9|9|9|9|9|9|9|9|9
42523,8,False,8,5,-1,9|9|9|8|9|8|8|9|8|8
42560,8,False,8,5,8,9|0|8|8|8|8|9|9|9|8
42561,8,False,8,0,8,8|8|8|8|8|8|8|8|8|8
42566,8,False,8,9,9,9|9|9|9|8|9|9|9|9|9
42569,8,False,8,0,8,8|8|8|8|8|8|8|8|8|8
42575,8,False,8,0,8,8|8|8|8|8|8|8|8|8|8
42580,8,False,8,0,8,8|8|8|8|8|8|8|8|8|8
42594,8,False,8,0,8,8|8|8|8|8|8|8|8|8|8
42597,8,False,8,7,9,9|9|8|9|8|9|9|8|9|9
42603,8,False,8,0,8,8|8|8|8|8|8|8|8|8|8
42616,8,False,8,0,8,8|8|8|8|8|8|8|8|8|8
42652,8,False,8,9,9,9|8|9|9|9|9|9|9|9|9
42658,8,False,8,10,9,9|7|9|9|9|9|9|9|9|9
42668,8,False,8,1,8,8|8|8|0|8|8|8|8|8|8
42672,8,False,8,2,8,8|9|8|8|9|8|8|8|8|8
42675,8,False,8,7,9,9|9|9|9|8|8|9|9|9|8
42679,8,False,8,0,8,8|8|8|8|8|8|8|8|8|8
42685,8,False,8,10,7,7|7|7|0|0|9|7|9|7|7
42691,8,False,8,9,9,9|9|8|9|9|9|9|9|9|9
42704,8,False,8,9,6,8|6|6|1|6|0|6|6|9|6
42705,8,False,8,3,8,8|8|9|8|8|8|8|8|9|9
42708,8,False,8,10,9,9|9|9|9|9|9|9|9|9|9
42709,8,False,8,5,-1,9|9|8|8|8|9|8|9|8|9
42718,8,False,8,0,8,8|8|8|8|8|8|8|8|8|8
42720,8,False,8,10,3,3|3|3|3|3|3|3|3|3|3
42721,8,False,8,0,8,8|8|8|8|8|8|8|8|8|8
42725,8,False,8,2,8,9|8|8|8|8|9|8|8|8|8
42732,8,False,8,10,1,1|7|1|1|7|7|1|7|1|1
42739,8,False,8,10,5,5|4|5|2|3|5|2|4|5|5
42756,8,False,8,10,0,0|0|0|0|0|0|0|0|0|0
42761,8,False,8,5,-1,8|8|9|9|9|9|8|9|8|8
42768,8,False,8,7,9,9|8|9|9|9|9|8|9|9|8
42775,8,False,8,3,8,8|9|8|9|9|8|8|8|8|8
42817,8,False,8,6,9,8|8|9|9|8|9|9|8|9|9
42826,8,False,8,8,9,8|9|9|9|8|9|9|9|9|9
42829,8,False,8,0,8,8|8|8|8|8|8|8|8|8|8
42832,8,False,8,0,8,8|8|8|8|8|8|8|8|8|8
42838,8,False,8,1,8,8|8|8|8|8|8|8|8|9|8
42867,8,False,8,7,9,8|9|9|8|9|9|0|9|0|8
42875,8,False,8,0,8,8|8|8|8|8|8|8|8|8|8
42880,8,False,8,0,8,8|8|8|8|8|8|8|8|8|8
42887,8,False,8,0,8,8|8|8|8|8|8|8|8|8|8
42922,8,False,8,4,8,8|8|9|8|9|8|8|9|9|8
42939,8,False,8,7,-1,1|8|8|1|9|5|8|9|2|1
42951,8,False,8,0,8,8|8|8|8|8|8|8|8|8|8
42953,8,False,8,10,9,9|9|9|9|9|9|9|9|9|9
42956,8,False,8,0,8,8|8|8|8|8|8|8|8|8|8
42971,8,False,8,0,8,8|8|8|8|8|8|8|8|8|8
42972,8,False,8,0,8,8|8|8|8|8|8|8|8|8|8
42983,8,False,8,0,8,8|8|8|8|8|8|8|8|8|8
42996,8,False,8,9,9,9|8|9|9|9|9|9|9|9|9
43001,8,False,8,1,8,8|8|9|8|8|8|8|8|8|8
43006,8,False,8,0,8,8|8|8|8|8|8|8|8|8|8
43019,8,False,8,0,8,8|8|8|8|8|8|8|8|8|8
43029,8,False,8,10,9,9|9|9|9|9|9|9|9|9|9
43033,8,False,8,0,8,8|8|8|8|8|8|8|8|8|8
43039,8,False,8,1,8,8|8|8|8|8|8|8|8|9|8
43045,8,False,8,0,8,8|8|8|8|8|8|8|8|8|8
43068,8,False,8,7,9,8|8|9|9|8|9|9|9|9|9
43080,8,False,8,0,8,8|8|8|8|8|8|8|8|8|8
43111,8,False,8,0,8,8|8|8|8|8|8|8|8|8|8
43115,8,False,8,0,8,8|8|8|8|8|8|8|8|8|8
43121,8,False,8,2,8,8|8|9|8|8|8|9|8|8|8
43128,8,False,8,3,8,8|8|8|9|8|8|8|8|9|9
43132,8,False,8,3,8,8|8|8|4|8|8|8|5|8|5
43139,8,False,8,10,9,9|9|9|9|9|9|9|9|9|9
43146,8,False,8,0,8,8|8|8|8|8|8|8|8|8|8
43152,8,False,8,0,8,8|8|8|8|8|8|8|8|8|8
43154,8,False,8,0,8,8|8|8|8|8|8|8|8|8|8
43168,8,False,8,5,-1,9|9|9|8|9|8|8|9|8|8
43181,8,False,8,10,0,1|1|0|0|1|0|0|9|0|0
43188,8,False,8,0,8,8|8|8|8|8|8|8|8|8|8
43209,8,False,8,1,8,8|8|8|8|8|8|8|9|8|8
43221,8,False,8,4,8,8|0|8|8|0|9|8|8|8|9
43243,8,False,8,10,9,9|9|9|9|9|9|9|9|9|9
43251,8,False,8,3,8,8|9|8|8|9|8|8|9|8|8
43264,8,False,8,2,8,8|9|8|8|9|8|8|8|8|8
43273,8,False,8,2,8,8|9|8|9|8|8|8|8|8|8
43278,8,False,8,9,9,9|8|9|9|9|9|9|9|9|9
43291,8,False,8,0,8,8|8|8|8|8|8|8|8|8|8
43292,8,False,8,4,8,2|8|8|8|8|4|8|8|4|4
43293,8,False,8,8,9,9|9|9|9|9|8|8|9|9|9
43296,8,False,8,0,8,8|8|8|8|8|8|8|8|8|8
43307,8,False,8,3,8,9|9|8|8|8|8|9|8|8|8
43308,8,False,8,0,8,8|8|8|8|8|8|8|8|8|8
43328,8,False,8,2,8,8|8|8|2|8|0|8|8|8|8
43334,8,False,8,9,9,9|9|9|9|9|9|8|9|9|9
43338,8,False,8,0,8,8|8|8|8|8|8|8|8|8|8
43359,8,False,8,0,8,8|8|8|8|8|8|8|8|8|8
43364,8,False,8,9,6,7|6|6|6|8|0|9|7|6|6
43392,8,False,8,9,6,6|9|6|6|9|6|9|8|6|6
43418,8,False,8,0,8,8|8|8|8|8|8|8|8|8|8
43420,8,False,8,2,8,9|8|9|8|8|8|8|8|8|8
43430,8,False,8,2,8,8|8|8|8|9|8|8|1|8|8
43434,8,False,8,2,8,0|8|8|0|8|8|8|8|8|8
43440,8,False,8,0,8,8|8|8|8|8|8|8|8|8|8
43479,8,False,8,0,8,8|8|8|8|8|8|8|8|8|8
43480,8,False,8,9,0,0|0|0|0|9|0|0|8|9|0
43481,8,False,8,0,8,8|8|8|8|8|8|8|8|8|8
43485,8,False,8,0,8,8|8|8|8|8|8|8|8|8|8
43490,8,False,8,0,8,8|8|8|8|8|8|8|8|8|8
43502,8,False,8,1,8,8|8|8|8|9|8|8|8|8|8
43505,8,False,8,0,8,8|8|8|8|8|8|8|8|8|8
43520,8,False,8,0,8,8|8|8|8|8|8|8|8|8|8
43523,8,False,8,1,8,8|8|8|8|8|8|3|8|8|8
43543,8,False,8,3,8,8|8|8|9|9|9|8|8|8|8
43553,8,False,8,0,8,8|8|8|8|8|8|8|8|8|8
43555,8,False,8,0,8,8|8|8|8|8|8|8|8|8|8
43576,8,False,8,1,8,8|8|8|9|8|8|8|8|8|8
43591,8,False,8,1,8,8|8|8|8|8|8|8|8|8|9
43595,8,False,8,7,0,0|8|0|2|8|2|0|8|0|0
43606,8,False,8,0,8,8|8|8|8|8|8|8|8|8|8
43611,8,False,8,1,8,8|8|8|8|8|8|9|8|8|8
43626,8,False,8,0,8,8|8|8|8|8|8|8|8|8|8
43636,8,False,8,0,8,8|8|8|8|8|8|8|8|8|8
43640,8,False,8,7,0,0|0|0|0|8|0|8|8|0|0
43643,8,False,8,1,8,8|8|8|8|8|8|8|8|8|9
43653,8,False,8,0,8,8|8|8|8|8|8|8|8|8|8
43664,8,False,8,1,8,8|8|8|8|9|8|8|8|8|8
43668,8,False,8,10,9,9|9|9|9|9|9|9|9|9|9
43670,8,False,8,0,8,8|8|8|8|8|8|8|8|8|8
43672,8,False,8,1,8,8|8|8|9|8|8|8|8|8|8
43700,8,False,8,2,8,8|8|8|9|8|8|9|8|8|8
43714,8,False,8,7,0,8|9|0|9|8|9|0|8|0|0
43719,8,False,8,8,9,9|9|9|8|8|9|9|9|9|9
43757,8,False,8,1,8,8|8|8|9|8|8|8|8|8|8
43783,8,False,8,0,8,8|8|8|8|8|8|8|8|8|8
43792,8,False,8,0,8,8|8|8|8|8|8|8|8|8|8
43794,8,False,8,0,8,8|8|8|8|8|8|8|8|8|8
43815,8,False,8,0,8,8|8|8|8|8|8|8|8|8|8
43818,8,False,8,0,8,8|8|8|8|8|8|8|8|8|8
43820,8,False,8,0,8,8|8|8|8|8|8|8|8|8|8
43824,8,False,8,10,9,9|9|9|9|9|9|9|9|9|9
43827,8,False,8,3,8,8|9|8|8|8|8|8|8|9|9
43830,8,False,8,4,8,9|8|8|8|0|8|8|9|8|9
43845,8,False,8,0,8,8|8|8|8|8|8|8|8|8|8
43853,8,False,8,0,8,8|8|8|8|8|8|8|8|8|8
43867,8,False,8,0,8,8|8|8|8|8|8|8|8|8|8
43874,8,False,8,0,8,8|8|8|8|8|8|8|8|8|8
43887,8,False,8,0,8,8|8|8|8|8|8|8|8|8|8
43905,8,False,8,1,8,8|8|8|9|8|8|8|8|8|8
43934,8,False,8,0,8,8|8|8|8|8|8|8|8|8|8
43938,8,False,8,1,8,8|9|8|8|8|8|8|8|8|8
43939,8,False,8,6,1,1|1|8|1|1|1|8|1|8|8
43942,8,False,8,10,9,9|9|9|9|9|9|9|9|9|9
43971,8,False,8,4,8,9|8|8|8|8|9|8|8|9|9
43995,8,False,8,8,9,9|9|1|8|8|9|1|9|9|9
44003,8,False,8,0,8,8|8|8|8|8|8|8|8|8|8
44009,8,False,8,0,8,8|8|8|8|8|8|8|8|8|8
44021,8,False,8,0,8,8|8|8|8|8|8|8|8|8|8
44028,8,False,8,6,9,8|8|9|9|8|9|9|8|9|9
44030,8,False,8,3,8,8|8|9|9|9|8|8|8|8|8
44032,8,False,8,0,8,8|8|8|8|8|8|8|8|8|8
44045,8,False,8,7,9,9|9|9|8|9|8|9|9|8|9
44051,8,False,8,10,-1,2|2|7|4|1|7|2|7|2|7
44059,8,False,8,10,9,9|9|9|9|9|9|9|9|9|9
44060,8,False,8,1,8,8|8|8|8|8|8|8|9|8|8
44061,8,False,8,0,8,8|8|8|8|8|8|8|8|8|8
44064,8,False,8,9,9,8|9|9|9|9|9|9|9|9|9
44072,8,False,8,0,8,8|8|8|8|8|8|8|8|8|8
44089,8,False,8,3,8,8|9|8|8|9|8|8|9|8|8
44097,8,False,8,7,9,9|8|9|8|9|9|0|9|8|0
44098,8,False,8,0,8,8|8|8|8|8|8|8|8|8|8
44108,8,False,8,9,2,0|3|2|2|9|8|2|9|2|9
44117,8,False,8,0,8,8|8|8|8|8|8|8|8|8|8
44137,8,False,8,0,8,8|8|8|8|8|8|8|8|8|8
44143,8,False,8,1,8,8|8|8|8|8|8|8|8|8|9
44157,8,False,8,6,9,8|9|9|8|9|9|8|9|8|9
44158,8,False,8,0,8,8|8|8|8|8|8|8|8|8|8
44170,8,False,8,3,8,0|8|8|0|8|0|8|8|8|8
44179,8,False,8,0,8,8|8|8|8|8|8|8|8|8|8
44191,8,False,8,10,9,9|9|0|9|9|9|9|9|9|9
44193,8,False,8,0,8,8|8|8|8|8|8|8|8|8|8
44213,8,False,8,0,8,8|8|8|8|8|8|8|8|8|8
44233,8,False,8,10,9,9|9|9|9|9|9|9|9|9|9
44237,8,False,8,0,8,8|8|8|8|8|8|8|8|8|8
44248,8,False,8,0,8,8|8|8|8|8|8|8|8|8|8
44266,8,False,8,10,9,9|9|9|9|9|9|9|9|9|9
44268,8,False,8,8,9,9|9|9|9|9|9|8|9|8|0
44269,8,False,8,8,9,8|9|9|9|9|9|9|8|9|9
44279,8,False,8,0,8,8|8|8|8|8|8|8|8|8|8
44284,8,False,8,0,8,8|8|8|8|8|8|8|8|8|8
44298,8,False,8,9,9,9|8|9|9|9|9|9|9|9|9
44306,8,False,8,1,8,8|8|8|8|8|8|8|9|8|8
44324,8,False,8,0,8,8|8|8|8|8|8|8|8|8|8
44329,8,False,8,0,8,8|8|8|8|8|8|8|8|8|8
44331,8,False,8,0,8,8|8|8|8|8|8|8|8|8|8
44339,8,False,8,0,8,8|8|8|8|8|8|8|8|8|8
44344,8,False,8,0,8,8|8|8|8|8|8|8|8|8|8
44365,8,False,8,4,8,8|8|8|8|9|8|8|9|9|9
44369,8,False,8,0,8,8|8|8|8|8|8|8|8|8|8
44370,8,False,8,4,8,9|8|8|9|8|9|8|8|8|9
44381,8,False,8,0,8,8|8|8|8|8|8|8|8|8|8
44404,8,False,8,1,8,8|8|8|8|8|8|8|9|8|8
44426,8,False,8,7,9,9|9|9|9|9|8|8|9|9|8
44429,8,False,8,7,9,9|8|9|9|9|9|9|8|9|8
44438,8,False,8,0,8,8|8|8|8|8|8|8|8|8|8
44439,8,False,8,1,8,8|8|9|8|8|8|8|8|8|8
44444,8,False,8,0,8,8|8|8|8|8|8|8|8|8|8
44450,8,False,8,2,8,0|8|8|8|8|8|9|8|8|8
44453,8,False,8,5,8,8|9|0|8|0|8|8|0|8|9
44457,8,False,8,0,8,8|8|8|8|8|8|8|8|8|8
44465,8,False,8,0,8,8|8|8|8|8|8|8|8|8|8
44473,8,False,8,10,9,9|9|9|9|9|9|9|9|9|9
44481,8,False,8,1,8,8|8|9|8|8|8|8|8|8|8
44498,8,False,8,0,8,8|8|8|8|8|8|8|8|8|8
44510,8,False,8,10,9,9|9|9|9|9|9|9|9|9|9
44534,8,False,8,10,9,9|9|9|9|9|9|9|9|9|9
44548,8,False,8,9,-1,9|8|6|0|9|0|0|9|0|9
44565,8,False,8,3,8,8|9|8|0|8|8|8|8|9|8
44566,8,False,8,8,9,9|9|9|8|8|9|9|9|9|9
44567,8,False,8,2,8,8|8|8|9|8|8|8|9|8|8
44584,8,False,8,2,8,8|8|8|5|0|8|8|8|8|8
44585,8,False,8,0,8,8|8|8|8|8|8|8|8|8|8
44589,8,False,8,9,9,9|0|9|9|8|9|9|0|9|0
44590,8,False,8,2,8,8|8|8|0|8|8|8|9|8|8
44597,8,False,8,0,8,8|8|8|8|8|8|8|8|8|8
44600,8,False,8,0,8,8|8|8|8|8|8|8|8|8|8
44607,8,False,8,7,9,9|9|9|9|8|9|9|8|9|8
44611,8,False,8,0,8,8|8|8|8|8|8|8|8|8|8
44618,8,False,8,8,9,0|9|9|5|8|1|9|8|9|2
44647,8,False,8,8,9,9|9|8|9|9|9|9|9|8|9
44680,8,False,8,7,8,0|2|8|8|9|3|0|3|8|2
44699,8,False,8,0,8,8|8|8|8|8|8|8|8|8|8
44704,8,False,8,0,8,8|8|8|8|8|8|8|8|8|8
44707,8,False,8,6,-1,2|8|0|8|8|8|2|3|2|2
44724,8,False,8,6,9,9|8|9|9|8|9|9|8|9|8
44739,8,False,8,10,9,9|9|9|9|9|9|9|9|9|9
44755,8,False,8,7,0,0|8|0|0|0|0|0|8|0|8
44756,8,False,8,10,9,9|9|9|9|9|9|9|9|9|9
44757,8,False,8,5,-1,0|8|0|0|8|0|0|8|8|8
44771,8,False,8,0,8,8|8|8|8|8|8|8|8|8|8
44787,8,False,8,1,8,8|8|8|8|8|8|8|9|8|8
44789,8,False,8,10,0,0|0|4|0|0|0|5|0|0|0
44804,8,False,8,0,8,8|8|8|8|8|8|8|8|8|8
44813,8,False,8,0,8,8|8|8|8|8|8|8|8|8|8
44828,8,False,8,4,8,8|8|9|9|8|8|9|8|8|9
44847,8,False,8,0,8,8|8|8|8|8|8|8|8|8|8
44885,8,False,8,8,0,0|0|0|0|8|0|0|8|0|0
44886,8,False,8,1,8,8|9|8|8|8|8|8|8|8|8
44888,8,False,8,4,8,0|8|8|0|0|8|8|0|8|8
44894,8,False,8,0,8,8|8|8|8|8|8|8|8|8|8
44896,8,False,8,1,8,8|8|8|8|8|8|8|9|8|8
44899,8,False,8,0,8,8|8|8|8|8|8|8|8|8|8
44922,8,False,8,0,8,8|8|8|8|8|8|8|8|8|8
44923,8,False,8,10,9,9|9|9|9|9|9|9|9|9|9
44952,8,False,8,9,0,0|0|0|0|0|0|0|8|0|0
44961,8,False,8,1,8,8|8|8|8|8|8|8|8|9|8
44965,8,False,8,9,9,9|9|9|9|9|9|9|8|9|9
45007,8,False,8,0,8,8|8|8|8|8|8|8|8|8|8
45053,8,False,8,0,8,8|8|8|8|8|8|8|8|8|8
45060,8,False,8,1,8,9|8|8|8|8|8|8|8|8|8
45061,8,False,8,7,9,2|8|9|9|9|9|8|9|9|8
45079,8,False,8,2,8,8|8|8|0|9|8|8|8|8|8
45084,8,False,8,0,8,8|8|8|8|8|8|8|8|8|8
45090,8,False,8,0,8,8|8|8|8|8|8|8|8|8|8
45100,8,False,8,0,8,8|8|8|8|8|8|8|8|8|8
45115,8,False,8,0,8,8|8|8|8|8|8|8|8|8|8
45117,8,False,8,0,8,8|8|8|8|8|8|8|8|8|8
45120,8,False,8,9,0,8|0|0|0|0|0|0|0|0|0
45121,8,False,8,2,8,8|8|0|8|0|8|8|8|8|8
45123,8,False,8,8,9,8|9|9|9|9|9|8|9|9|9
45130,8,False,8,0,8,8|8|8|8|8|8|8|8|8|8
45131,8,False,8,8,9,7|9|8|7|9|9|8|9|9|9
45135,8,False,8,1,8,8|8|8|8|8|8|8|9|8|8
45144,8,False,8,2,8,8|8|8|8|9|8|8|8|9|8
45147,8,False,8,1,8,8|8|8|0|8|8|8|8|8|8
45163,8,False,8,0,8,8|8|8|8|8|8|8|8|8|8
45164,8,False,8,0,8,8|8|8|8|8|8|8|8|8|8
45169,8,False,8,1,8,8|8|8|8|8|8|8|5|8|8
45171,8,False,8,0,8,8|8|8|8|8|8|8|8|8|8
45185,8,False,8,0,8,8|8|8|8|8|8|8|8|8|8
45200,9,False,9,0,9,9|9|9|9|9|9|9|9|9|9
45213,9,False,9,3,9,9|9|8|9|9|9|8|9|8|9
45215,9,False,9,0,9,9|9|9|9|9|9|9|9|9|9
45217,9,False,9,1,9,9|9|9|9|8|9|9|9|9|9
45254,9,False,9,1,9,9|9|9|0|9|9|9|9|9|9
45268,9,False,9,0,9,9|9|9|9|9|9|9|9|9|9
45286,9,False,9,4,9,1|9|9|9|9|4|8|2|9|9
45287,9,False,9,10,8,8|8|8|8|8|8|8|8|8|8
45293,9,False,9,8,8,8|9|8|8|8|8|8|9|8|8
45294,9,False,9,0,9,9|9|9|9|9|9|9|9|9|9
45297,9,False,9,0,9,9|9|9|9|9|9|9|9|9|9
45314,9,False,9,2,9,9|9|9|9|8|9|9|8|9|9
45316,9,False,9,2,9,8|9|8|9|9|9|9|9|9|9
45320,9,False,9,4,9,8|9|9|0|8|9|9|0|9|9
45335,9,False,9,0,9,9|9|9|9|9|9|9|9|9|9
45347,9,False,9,3,9,0|9|8|9|8|9|9|9|9|9
45389,9,False,9,4,9,8|8|8|9|8|9|9|9|9|9
45396,9,False,9,8,8,8|8|8|8|9|8|8|9|8|8
45397,9,False,9,7,8,9|8|0|8|8|0|0|9|9|8
45399,9,False,9,0,9,9|9|9|9|9|9|9|9|9|9
45404,9,False,9,1,9,9|9|9|9|8|9|9|9|9|9
45409,9,False,9,0,9,9|9|9|9|9|9|9|9|9|9
45412,9,False,9,2,9,9|8|9|9|9|9|9|9|8|9
45418,9,False,9,1,9,9|9|9|9|9|9|9|8|9|9
45429,9,False,9,0,9,9|9|9|9|9|9|9|9|9|9
45436,9,False,9,3,9,9|0|9|9|0|9|9|0|9|9
45464,9,False,9,2,9,9|9|9|9|8|9|9|8|9|9
45472,9,False,9,0,9,9|9|9|9|9|9|9|9|9|9
45473,9,False,9,4,9,9|8|9|9|9|8|9|0|9|0
45503,9,False,9,1,9,9|9|9|9|9|9|9|8|9|9
45510,9,False,9,10,6,6|6|6|6|6|6|6|6|6|6
45514,9,False,9,8,0,0|0|0|0|9|0|0|9|0|0
45515,9,False,9,0,9,9|9|9|9|9|9|9|9|9|9
45549,9,False,9,8,8,8|8|8|8|9|8|8|8|8|9
45568,9,False,9,0,9,9|9|9|9|9|9|9|9|9|9
45577,9,False,9,8,8,8|9|8|8|8|8|8|8|9|8
45599,9,False,9,0,9,9|9|9|9|9|9|9|9|9|9
45602,9,False,9,0,9,9|9|9|9|9|9|9|9|9|9
45607,9,False,9,0,9,9|9|9|9|9|9|9|9|9|9
45609,9,False,9,0,9,9|9|9|9|9|9|9|9|9|9
45616,9,False,9,0,9,9|9|9|9|9|9|9|9|9|9
45621,9,False,9,0,9,9|9|9|9|9|9|9|9|9|9
45623,9,False,9,0,9,9|9|9|9|9|9|9|9|9|9
45645,9,False,9,5,-1,9|8|8|9|8|9|8|8|9|9
45670,9,False,9,0,9,9|9|9|9|9|9|9|9|9|9
45678,9,False,9,0,9,9|9|9|9|9|9|9|9|9|9
45680,9,False,9,0,9,9|9|9|9|9|9|9|9|9|9
45684,9,False,9,0,9,9|9|9|9|9|9|9|9|9|9
45695,9,False,9,2,9,9|9|8|9|9|8|9|9|9|9
45712,9,False,9,1,9,8|9|9|9|9|9|9|9|9|9
45722,9,False,9,7,8,0|8|8|8|0|8|9|9|9|8
45734,9,False,9,8,8,9|8|9|8|8|8|8|8|8|8
45744,9,False,9,6,8,9|8|8|8|8|9|8|9|8|9
45754,9,False,9,7,8,9|8|1|9|8|8|8|0|0|9
45755,9,False,9,0,9,9|9|9|9|9|9|9|9|9|9
45761,9,False,9,0,9,9|9|9|9|9|9|9|9|9|9
45770,9,False,9,0,9,9|9|9|9|9|9|9|9|9|9
45774,9,False,9,0,9,9|9|9|9|9|9|9|9|9|9
45781,9,False,9,0,9,9|9|9|9|9|9|9|9|9|9
45782,9,False,9,2,9,9|9|9|9|8|9|8|9|9|9
45790,9,False,9,2,9,9|9|9|9|9|9|9|8|9|8
45792,9,False,9,0,9,9|9|9|9|9|9|9|9|9|9
45793,9,False,9,0,9,9|9|9|9|9|9|9|9|9|9
45811,9,False,9,0,9,9|9|9|9|9|9|9|9|9|9
45824,9,False,9,0,9,9|9|9|9|9|9|9|9|9|9
45838,9,False,9,0,9,9|9|9|9|9|9|9|9|9|9
45852,9,False,9,1,9,8|9|9|9|9|9|9|9|9|9
45853,9,False,9,3,9,8|9|8|9|9|9|8|9|9|9
45865,9,False,9,0,9,9|9|9|9|9|9|9|9|9|9
45867,9,False,9,0,9,9|9|9|9|9|9|9|9|9|9
45872,9,False,9,3,9,3|9|9|3|9|1|9|9|9|9
45900,9,False,9,1,9,0|9|9|9|9|9|9|9|9|9
45909,9,False,9,4,9,0|9|9|0|9|9|0|9|9|8
45910,9,False,9,7,8,8|9|8|9|8|8|8|9|8|8
45923,9,False,9,3,9,9|8|8|9|8|9|9|9|9|9
45928,9,False,9,4,9,9|9|9|9|9|8|0|8|2|9
45948,9,False,9,0,9,9|9|9|9|9|9|9|9|9|9
45964,9,False,9,0,9,9|9|9|9|9|9|9|9|9|9
45968,9,False,9,3,9,9|7|9|9|9|9|7|9|7|9
45982,9,False,9,0,9,9|9|9|9|9|9|9|9|9|9
46007,9,False,9,0,9,9|9|9|9|9|9|9|9|9|9
46048,9,False,9,3,9,9|8|9|9|8|9|9|8|9|9
46059,9,False,9,0,9,9|9|9|9|9|9|9|9|9|9
46112,9,False,9,10,8,8|8|8|8|8|8|8|8|8|8
46115,9,False,9,0,9,9|9|9|9|9|9|9|9|9|9
46128,9,False,9,4,9,8|8|8|9|9|9|9|9|8|9
46133,9,False,9,1,9,9|9|9|9|8|9|9|9|9|9
46139,9,False,9,0,9,9|9|9|9|9|9|9|9|9|9
46147,9,False,9,0,9,9|9|9|9|9|9|9|9|9|9
46159,9,False,9,3,9,8|8|9|9|8|9|9|9|9|9
46160,9,False,9,2,9,9|9|9|9|8|9|9|8|9|9
46173,9,False,9,0,9,9|9|9|9|9|9|9|9|9|9
46178,9,False,9,6,8,8|9|8|8|8|9|8|9|8|9
46188,9,False,9,1,9,9|8|9|9|9|9|9|9|9|9
46194,9,False,9,4,9,9|9|9|9|8|8|9|8|8|9
46207,9,False,9,3,9,9|9|9|9|9|8|8|9|9|8
46210,9,False,9,10,8,8|8|8|8|8|8|8|8|8|8
46211,9,False,9,0,9,9|9|9|9|9|9|9|9|9|9
46217,9,False,9,0,9,9|9|9|9|9|9|9|9|9|9
46252,9,False,9,2,9,9|8|9|9|8|9|9|9|9|9
46278,9,False,9,1,9,8|9|9|9|9|9|9|9|9|9
46281,9,False,9,1,9,9|9|9|9|9|9|0|9|9|9
46283,9,False,9,0,9,9|9|9|9|9|9|9|9|9|9
46298,9,False,9,2,9,9|9|9|9|9|8|8|9|9|9
46316,9,False,9,0,9,9|9|9|9|9|9|9|9|9|9
46335,9,False,9,0,9,9|9|9|9|9|9|9|9|9|9
46336,9,False,9,0,9,9|9|9|9|9|9|9|9|9|9
46342,9,False,9,2,9,9|7|9|9|9|9|9|7|9|9
46363,9,False,9,0,9,9|9|9|9|9|9|9|9|9|9
46376,9,False,9,0,9,9|9|9|9|9|9|9|9|9|9
46393,9,False,9,2,9,9|9|9|0|9|9|0|9|9|9
46394,9,False,9,0,9,9|9|9|9|9|9|9|9|9|9
46396,9,False,9,0,9,9|9|9|9|9|9|9|9|9|9
46399,9,False,9,0,9,9|9|9|9|9|9|9|9|9|9
46402,9,False,9,5,9,9|8|9|2|9|9|2|8|8|9
46432,9,False,9,0,9,9|9|9|9|9|9|9|9|9|9
46433,9,False,9,0,9,9|9|9|9|9|9|9|9|9|9
46440,9,False,9,10,8,8|0|8|0|8|0|8|8|8|8
46441,9,False,9,0,9,9|9|9|9|9|9|9|9|9|9
46443,9,False,9,9,4,0|4|9|5|4|4|5|4|0|5
46461,9,False,9,0,9,9|9|9|9|9|9|9|9|9|9
46466,9,False,9,0,9,9|9|9|9|9|9|9|9|9|9
46476,9,False,9,1,9,9|9|9|9|9|8|9|9|9|9
46484,9,False,9,0,9,9|9|9|9|9|9|9|9|9|9
46486,9,False,9,0,9,9|9|9|9|9|9|9|9|9|9
46491,9,False,9,2,9,8|9|9|9|8|9|9|9|9|9
46501,9,False,9,0,9,9|9|9|9|9|9|9|9|9|9
46515,9,False,9,2,9,9|0|9|0|9|9|9|9|9|9
46524,9,False,9,4,9,9|8|8|0|9|9|9|8|9|9
46536,9,False,9,0,9,9|9|9|9|9|9|9|9|9|9
46544,9,False,9,0,9,9|9|9|9|9|9|9|9|9|9
46549,9,False,9,0,9,9|9|9|9|9|9|9|9|9|9
46563,9,False,9,0,9,9|9|9|9|9|9|9|9|9|9
46580,9,False,9,0,9,9|9|9|9|9|9|9|9|9|9
46592,9,False,9,10,8,8|8|8|8|8|8|8|8|8|8
46620,9,False,9,7,-1,0|9|8|4|8|9|0|8|9|0
46657,9,False,9,0,9,9|9|9|9|9|9|9|9|9|9
46667,9,False,9,6,8,8|8|9|9|8|8|9|8|9|8
46685,9,False,9,6,9,8|8|0|8|9|7|0|9|9|9
46693,9,False,9,0,9,9|9|9|9|9|9|9|9|9|9
46695,9,False,9,1,9,9|9|9|9|8|9|9|9|9|9
46699,9,False,9,5,9,9|8|9|8|7|9|8|9|9|7
46721,9,False,9,1,9,9|9|9|9|9|9|9|8|9|9
46736,9,False,9,2,9,9|8|9|9|8|9|9|9|9|9
46744,9,False,9,0,9,9|9|9|9|9|9|9|9|9|9
46766,9,False,9,1,9,9|9|9|9|9|9|9|8|9|9
46779,9,False,9,3,9,9|8|9|0|9|9|9|8|9|9
46815,9,False,9,10,8,8|8|8|8|8|8|8|8|8|8
46830,9,False,9,0,9,9|9|9|9|9|9|9|9|9|9
46840,9,False,9,5,-1,8|8|9|8|9|9|8|9|9|8
46849,9,False,9,1,9,9|9|9|9|9|9|8|9|9|9
46850,9,False,9,0,9,9|9|9|9|9|9|9|9|9|9
46863,9,False,9,0,9,9|9|9|9|9|9|9|9|9|9
46873,9,False,9,0,9,9|9|9|9|9|9|9|9|9|9
46904,9,False,9,9,8,8|8|8|8|8|8|8|9|8|8
46919,9,False,9,0,9,9|9|9|9|9|9|9|9|9|9
46921,9,False,9,10,8,8|8|8|8|8|8|8|8|8|8
46938,9,False,9,2,9,8|9|8|9|9|9|9|9|9|9
46942,9,False,9,1,9,9|9|8|9|9|9|9|9|9|9
46951,9,False,9,0,9,9|9|9|9|9|9|9|9|9|9
46956,9,False,9,3,9,8|8|9|9|9|8|9|9|9|9
46960,9,False,9,0,9,9|9|9|9|9|9|9|9|9|9
46961,9,False,9,9,8,8|8|8|8|8|0|9|8|8|8
46967,9,False,9,0,9,9|9|9|9|9|9|9|9|9|9
46983,9,False,9,7,8,9|8|8|8|8|8|8|9|9|8
46989,9,False,9,0,9,9|9|9|9|9|9|9|9|9|9
47005,9,False,9,0,9,9|9|9|9|9|9|9|9|9|9
47021,9,False,9,9,8,8|8|8|8|9|8|8|8|8|8
47024,9,False,9,0,9,9|9|9|9|9|9|9|9|9|9
47046,9,False,9,6,8,8|9|9|9|8|8|9|8|8|8
47063,9,False,9,0,9,9|9|9|9|9|9|9|9|9|9
47074,9,False,9,10,8,8|8|8|8|8|8|8|8|8|8
47082,9,False,9,0,9,9|9|9|9|9|9|9|9|9|9
47086,9,False,9,1,9,9|9|9|9|9|9|8|9|9|9
47106,9,False,9,0,9,9|9|9|9|9|9|9|9|9|9
47107,9,False,9,3,9,9|9|8|9|0|9|9|8|9|9
47122,9,False,9,8,8,8|8|8|9|8|8|8|8|9|8
47125,9,False,9,0,9,9|9|9|9|9|9|9|9|9|9
47130,9,False,9,3,9,9|8|9|9|8|9|9|8|9|9
47142,9,False,9,0,9,9|9|9|9|9|9|9|9|9|9
47148,9,False,9,0,9,9|9|9|9|9|9|9|9|9|9
47176,9,False,9,9,8,8|8|9|8|8|8|8|8|8|8
47196,9,False,9,0,9,9|9|9|9|9|9|9|9|9|9
47204,9,False,9,1,9,8|9|9|9|9|9|9|9|9|9
47219,9,False,9,4,9,9|8|8|9|9|9|9|8|9|8
47239,9,False,9,9,8,9|8|8|8|8|8|8|8|8|8
47244,9,False,9,0,9,9|9|9|9|9|9|9|9|9|9
47257,9,False,9,10,8,8|8|8|8|8|8|8|8|8|8
47265,9,False,9,2,9,9|9|9|9|9|8|9|8|9|9
47271,9,False,9,10,0,0|0|0|0|0|0|1|0|0|0
47285,9,False,9,5,-1,8|8|8|9|8|9|9|8|9|9
47295,9,False,9,7,8,8|9|8|8|9|8|8|9|8|0
47299,9,False,9,3,9,7|9|9|8|9|9|8|9|9|9
47304,9,False,9,7,8,8|8|8|8|8|8|9|9|8|9
47318,9,False,9,0,9,9|9|9|9|9|9|9|9|9|9
47322,9,False,9,2,9,9|9|9|9|2|9|0|9|9|9
47323,9,False,9,0,9,9|9|9|9|9|9|9|9|9|9
47327,9,False,9,1,9,9|9|9|9|9|9|8|9|9|9
47334,9,False,9,1,9,9|9|8|9|9|9|9|9|9|9
47386,9,False,9,0,9,9|9|9|9|9|9|9|9|9|9
47387,9,False,9,10,8,8|8|8|8|8|8|8|8|8|8
47391,9,False,9,1,9,9|8|9|9|9|9|9|9|9|9
47392,9,False,9,0,9,9|9|9|9|9|9|9|9|9|9
47393,9,False,9,1,9,9|8|9|9|9|9|9|9|9|9
47395,9,False,9,9,8,8|1|8|2|8|9|2|2|8|8
47401,9,False,9,1,9,9|9|9|9|8|9|9|9|9|9
47404,9,False,9,10,8,8|8|8|8|8|8|8|8|8|8
47405,9,False,9,0,9,9|9|9|9|9|9|9|9|9|9
47416,9,False,9,0,9,9|9|9|9|9|9|9|9|9|9
47417,9,False,9,0,9,9|9|9|9|9|9|9|9|9|9
47421,9,False,9,9,8,8|8|8|8|8|8|8|8|9|8
47438,9,False,9,0,9,9|9|9|9|9|9|9|9|9|9
47451,9,False,9,0,9,9|9|9|9|9|9|9|9|9|9
47487,9,False,9,0,9,9|9|9|9|9|9|9|9|9|9
47493,9,False,9,8,8,8|9|8|8|8|8|8|9|8|8
47502,9,False,9,2,9,9|9|9|9|9|9|9|8|9|8
47509,9,False,9,0,9,9|9|9|9|9|9|9|9|9|9
47510,9,False,9,1,9,9|9|9|9|9|0|9|9|9|9
47520,9,False,9,5,9,9|8|8|8|8|9|9|7|9|9
47524,9,False,9,2,9,9|0|9|9|9|9|9|9|9|8
47531,9,False,9,0,9,9|9|9|9|9|9|9|9|9|9
47532,9,False,9,0,9,9|9|9|9|9|9|9|9|9|9
47545,9,False,9,7,9,8|0|5|2|9|0|9|2|9|8
47558,9,False,9,0,9,9|9|9|9|9|9|9|9|9|9
47587,9,False,9,4,9,0|8|9|9|8|9|8|9|9|9
47590,9,False,9,0,9,9|9|9|9|9|9|9|9|9|9
47596,9,False,9,10,8,8|8|8|8|8|8|8|8|8|8
47612,9,False,9,7,8,9|8|8|9|8|8|8|9|8|8
47613,9,False,9,1,9,9|9|8|9|9|9|9|9|9|9
47617,9,False,9,0,9,9|9|9|9|9|9|9|9|9|9
47622,9,False,9,1,9,9|9|9|9|8|9|9|9|9|9
47626,9,False,9,1,9,9|9|9|9|9|9|9|8|9|9
47628,9,False,9,6,8,8|9|8|8|9|8|8|9|8|9
47632,9,False,9,0,9,9|9|9|9|9|9|9|9|9|9
47648,9,False,9,0,9,9|9|9|9|9|9|9|9|9|9
47657,9,False,9,0,9,9|9|9|9|9|9|9|9|9|9
47671,9,False,9,0,9,9|9|9|9|9|9|9|9|9|9
47677,9,False,9,1,9,9|8|9|9|9|9|9|9|9|9
47679,9,False,9,2,9,9|9|9|9|8|9|9|9|8|9
47685,9,False,9,3,9,9|8|9|9|9|8|9|9|8|9
47694,9,False,9,5,-1,9|8|9|8|8|9|8|9|9|8
47709,9,False,9,0,9,9|9|9|9|9|9|9|9|9|9
47714,9,False,9,2,9,9|9|9|8|8|9|9|9|9|9
47721,9,False,9,0,9,9|9|9|9|9|9|9|9|9|9
47748,9,False,9,10,7,7|7|7|7|1|7|5|0|7|7
47800,9,False,9,8,0,0|0|0|0|9|1|0|9|0|0
47802,9,False,9,0,9,9|9|9|9|9|9|9|9|9|9
47809,9,False,9,0,9,9|9|9|9|9|9|9|9|9|9
47813,9,False,9,0,9,9|9|9|9|9|9|9|9|9|9
47821,9,False,9,0,9,9|9|9|9|9|9|9|9|9|9
47825,9,False,9,2,9,9|9|9|9|9|9|8|9|9|8
47830,9,False,9,0,9,9|9|9|9|9|9|9|9|9|9
47836,9,False,9,9,8,9|8|8|8|8|8|8|8|8|8
47837,9,False,9,0,9,9|9|9|9|9|9|9|9|9|9
47838,9,False,9,0,9,9|9|9|9|9|9|9|9|9|9
47842,9,False,9,6,0,9|9|9|0|0|9|0|0|0|0
47870,9,False,9,10,0,0|0|0|0|0|0|0|0|0|0
47887,9,False,9,4,9,9|8|9|8|9|9|9|9|8|8
47914,9,False,9,0,9,9|9|9|9|9|9|9|9|9|9
47923,9,False,9,3,9,8|9|9|9|8|9|8|9|9|9
47928,9,False,9,0,9,9|9|9|9|9|9|9|9|9|9
47947,9,False,9,0,9,9|9|9|9|9|9|9|9|9|9
47953,9,False,9,1,9,9|8|9|9|9|9|9|9|9|9
47965,9,False,9,1,9,9|9|9|9|9|1|9|9|9|9
47976,9,False,9,1,9,9|7|9|9|9|9|9|9|9|9
47988,9,False,9,0,9,9|9|9|9|9|9|9|9|9|9
47990,9,False,9,0,9,9|9|9|9|9|9|9|9|9|9
47999,9,False,9,0,9,9|9|9|9|9|9|9|9|9|9
48003,9,False,9,7,8,8|8|9|0|8|8|0|9|9|6
48011,9,False,9,3,9,9|8|9|9|8|8|9|9|9|9
48013,9,False,9,1,9,9|8|9|9|9|9|9|9|9|9
48015,9,False,9,1,9,9|9|9|9|9|8|9|9|9|9
48030,9,False,9,5,-1,7|9|7|7|7|9|7|9|9|9
48037,9,False,9,1,9,9|9|9|9|9|9|9|8|9|9
48053,9,False,9,0,9,9|9|9|9|9|9|9|9|9|9
48055,9,False,9,6,8,8|8|8|9|8|8|9|8|9|9
48076,9,False,9,6,8,8|9|8|9|9|8|8|9|8|8
48078,9,False,9,0,9,9|9|9|9|9|9|9|9|9|9
48091,9,False,9,10,8,0|8|8|0|8|8|8|8|8|8
48094,9,False,9,2,9,9|9|9|8|9|9|9|8|9|9
48108,9,False,9,6,8,8|8|9|9|8|8|8|9|9|8
48114,9,False,9,0,9,9|9|9|9|9|9|9|9|9|9
48128,9,False,9,0,9,9|9|9|9|9|9|9|9|9|9
48134,9,False,9,0,9,9|9|9|9|9|9|9|9|9|9
48135,9,False,9,0,9,9|9|9|9|9|9|9|9|9|9
48145,9,False,9,10,8,8|8|8|8|8|8|8|8|8|8
48157,9,False,9,10,8,8|8|8|8|8|8|8|8|8|8
48159,9,False,9,7,8,9|8|8|8|8|8|9|9|8|8
48178,9,False,9,1,9,9|9|9|9|9|9|9|9|0|9
48183,9,False,9,1,9,9|8|9|9|9|9|9|9|9|9
48198,9,False,9,5,-1,8|8|8|9|9|8|9|9|8|9
48212,9,False,9,3,9,8|8|9|9|9|9|9|9|9|8
48218,9,False,9,10,1,1|1|1|1|1|1|1|1|1|1
48226,9,False,9,0,9,9|9|9|9|9|9|9|9|9|9
48233,9,False,9,2,9,8|9|9|9|9|8|9|9|9|9
48238,9,False,9,6,8,9|8|8|8|9|9|8|8|8|9
48243,9,False,9,0,9,9|9|9|9|9|9|9|9|9|9
48245,9,False,9,0,9,9|9|9|9|9|9|9|9|9|9
48253,9,False,9,0,9,9|9|9|9|9|9|9|9|9|9
48281,9,False,9,8,8,8|8|9|9|8|8|8|8|8|8
48284,9,False,9,0,9,9|9|9|9|9|9|9|9|9|9
48285,9,False,9,0,9,9|9|9|9|9|9|9|9|9|9
48289,9,False,9,4,9,9|8|8|9|8|9|9|8|9|9
48292,9,False,9,1,9,9|9|9|8|9|9|9|9|9|9
48293,9,False,9,0,9,9|9|9|9|9|9|9|9|9|9
48306,9,False,9,8,-1,2|8|8|2|9|8|8|9|2|2
48307,9,False,9,7,8,9|9|8|8|8|8|8|9|8|8
48340,9,False,9,10,6,6|6|6|6|8|6|6|6|6|6
48342,9,False,9,0,9,9|9|9|9|9|9|9|9|9|9
48353,9,False,9,0,9,9|9|9|9|9|9|9|9|9|9
48358,9,False,9,8,8,9|8|8|8|0|8|0|9|8|8
48373,9,False,9,0,9,9|9|9|9|9|9|9|9|9|9
48384,9,False,9,0,9,9|9|9|9|9|9|9|9|9|9
48387,9,False,9,4,9,9|6|6|9|0|9|9|9|9|6
48428,9,False,9,0,9,9|9|9|9|9|9|9|9|9|9
48437,9,False,9,2,9,9|9|9|8|9|4|9|9|9|9
48445,9,False,9,4,9,9|8|9|8|8|9|8|9|9|9
48452,9,False,9,7,8,9|2|9|4|9|8|8|8|5|8
48464,9,False,9,0,9,9|9|9|9|9|9|9|9|9|9
48486,9,False,9,0,9,9|9|9|9|9|9|9|9|9|9
48491,9,False,9,0,9,9|9|9|9|9|9|9|9|9|9
48507,9,False,9,0,9,9|9|9|9|9|9|9|9|9|9
48525,9,False,9,0,9,9|9|9|9|9|9|9|9|9|9
48527,9,False,9,0,9,9|9|9|9|9|9|9|9|9|9
48530,9,False,9,0,9,9|9|9|9|9|9|9|9|9|9
48533,9,False,9,0,9,9|9|9|9|9|9|9|9|9|9
48541,9,False,9,0,9,9|9|9|9|9|9|9|9|9|9
48570,9,False,9,1,9,9|9|9|9|9|9|8|9|9|9
48584,9,False,9,7,8,9|9|8|8|9|8|8|8|8|8
48586,9,False,9,0,9,9|9|9|9|9|9|9|9|9|9
48588,9,False,9,0,9,9|9|9|9|9|9|9|9|9|9
48594,9,False,9,0,9,9|9|9|9|9|9|9|9|9|9
48599,9,False,9,1,9,9|8|9|9|9|9|9|9|9|9
48607,9,False,9,5,-1,8|8|9|9|8|8|9|9|9|8
48647,9,False,9,7,8,8|8|8|8|8|9|8|8|9|9
48657,9,False,9,10,8,8|8|8|8|8|8|8|8|8|8
48663,9,False,9,2,9,9|8|9|9|8|9|9|9|9|9
48667,9,False,9,5,-1,8|8|9|9|8|8|9|8|9|9
48681,9,False,9,8,8,8|9|0|9|0|8|8|8|8|8
48683,9,False,9,0,9,9|9|9|9|9|9|9|9|9|9
48693,9,False,9,0,9,9|9|9|9|9|9|9|9|9|9
48696,9,False,9,0,9,9|9|9|9|9|9|9|9|9|9
48702,9,False,9,4,9,8|8|8|9|8|9|9|9|9|9
48709,9,False,9,0,9,9|9|9|9|9|9|9|9|9|9
48717,9,False,9,0,9,9|9|9|9|9|9|9|9|9|9
48722,9,False,9,0,9,9|9|9|9|9|9|9|9|9|9
48729,9,False,9,0,9,9|9|9|9|9|9|9|9|9|9
48735,9,False,9,0,9,9|9|9|9|9|9|9|9|9|9
48742,9,False,9,0,9,9|9|9|9|9|9|9|9|9|9
48771,9,False,9,0,9,9|9|9|9|9|9|9|9|9|9
48817,9,False,9,2,9,9|9|8|9|9|9|9|8|9|9
48819,9,False,9,1,9,9|9|9|9|9|8|9|9|9|9
48856,9,False,9,0,9,9|9|9|9|9|9|9|9|9|9
48863,9,False,9,2,9,9|9|9|3|9|9|8|9|9|9
48865,9,False,9,8,8,8|8|8|8|9|8|8|9|8|8
48866,9,False,9,1,9,9|9|9|9|9|9|9|8|9|9
48867,9,False,9,0,9,9|9|9|9|9|9|9|9|9|9
48890,9,False,9,0,9,9|9|9|9|9|9|9|9|9|9
48896,9,False,9,1,9,9|9|8|9|9|9|9|9|9|9
48898,9,False,9,0,9,9|9|9|9|9|9|9|9|9|9
48905,9,False,9,0,9,9|9|9|9|9|9|9|9|9|9
48926,9,False,9,0,9,9|9|9|9|9|9|9|9|9|9
48933,9,False,9,3,9,8|9|9|9|9|9|9|9|8|8
48949,9,False,9,0,9,9|9|9|9|9|9|9|9|9|9
48962,9,False,9,0,9,9|9|9|9|9|9|9|9|9|9
48964,9,False,9,0,9,9|9|9|9|9|9|9|9|9|9
48965,9,False,9,0,9,9|9|9|9|9|9|9|9|9|9
48969,9,False,9,10,6,6|4|4|6|1|6|5|6|6|5
48970,9,False,9,0,9,9|9|9|9|9|9|9|9|9|9
48971,9,False,9,3,9,9|8|9|9|8|9|9|9|9|8
48975,9,False,9,2,9,8|9|9|9|9|9|9|8|9|9
49008,9,False,9,1,9,9|9|9|9|9|9|9|8|9|9
49013,9,False,9,2,9,9|9|8|9|9|9|9|8|9|9
49025,9,False,9,2,9,9|9|9|9|9|8|8|9|9|9
49028,9,False,9,0,9,9|9|9|9|9|9|9|9|9|9
49054,9,False,9,2,9,9|9|9|9|8|9|9|8|9|9
49058,9,False,9,0,9,9|9|9|9|9|9|9|9|9|9
49061,9,False,9,2,9,9|9|9|8|9|9|9|9|9|8
49070,9,False,9,0,9,9|9|9|9|9|9|9|9|9|9
49108,9,False,9,0,9,9|9|9|9|9|9|9|9|9|9
49114,9,False,9,2,9,9|9|9|9|8|9|8|9|9|9
49118,9,False,9,0,9,9|9|9|9|9|9|9|9|9|9
49120,9,False,9,2,9,9|9|9|9|9|8|8|9|9|9
49122,9,False,9,0,9,9|9|9|9|9|9|9|9|9|9
49132,9,False,9,0,9,9|9|9|9|9|9|9|9|9|9
49138,9,False,9,1,9,8|9|9|9|9|9|9|9|9|9
49158,9,False,9,7,8,9|8|8|8|9|8|8|9|8|8
49166,9,False,9,0,9,9|9|9|9|9|9|9|9|9|9
49174,9,False,9,2,9,9|8|8|9|9|9|9|9|9|9
49179,9,False,9,0,9,9|9|9|9|9|9|9|9|9|9
49185,9,False,9,0,9,9|9|9|9|9|9|9|9|9|9
49193,9,False,9,0,9,9|9|9|9|9|9|9|9|9|9
49210,9,False,9,0,9,9|9|9|9|9|9|9|9|9|9
49217,9,False,9,1,9,9|9|9|9|8|9|9|9|9|9
49222,9,False,9,10,1,1|1|1|1|1|1|1|1|1|1
49249,9,False,9,0,9,9|9|9|9|9|9|9|9|9|9
49267,9,False,9,1,9,9|9|9|9|9|9|9|9|9|8
49269,9,False,9,0,9,9|9|9|9|9|9|9|9|9|9
49277,9,False,9,8,8,8|8|8|8|8|9|8|8|9|8
49280,9,False,9,2,9,9|9|8|9|8|9|9|9|9|9
49282,9,False,9,1,9,9|9|9|9|9|9|9|9|9|8
49295,9,False,9,10,0,0|0|0|6|0|0|0|6|0|8
49297,9,False,9,1,9,9|8|9|9|9|9|9|9|9|9
49304,9,False,9,3,9,9|8|8|9|8|9|9|9|9|9
49310,9,False,9,5,-1,9|8|8|8|9|9|8|9|9|8
49322,9,False,9,0,9,9|9|9|9|9|9|9|9|9|9
49330,9,False,9,0,9,9|9|9|9|9|9|9|9|9|9
49335,9,False,9,0,9,9|9|9|9|9|9|9|9|9|9
49367,9,False,9,10,0,0|0|0|0|3|0|0|0|0|0
49369,9,False,9,8,0,0|0|0|0|0|9|0|0|9|0
49373,9,False,9,0,9,9|9|9|9|9|9|9|9|9|9
49374,9,False,9,1,9,9|8|9|9|9|9|9|9|9|9
49380,9,False,9,0,9,9|9|9|9|9|9|9|9|9|9
49387,9,False,9,0,9,9|9|9|9|9|9|9|9|9|9
49401,9,False,9,9,8,8|0|8|2|2|8|8|9|0|2
49427,9,False,9,2,9,8|9|9|9|9|9|9|9|9|8
49432,9,False,9,1,9,9|9|9|9|8|9|9|9|9|9
49433,9,False,9,10,3,3|3|3|0|2|2|3|6|3|2
49454,9,False,9,0,9,9|9|9|9|9|9|9|9|9|9
49458,9,False,9,0,9,9|9|9|9|9|9|9|9|9|9
49475,9,False,9,0,9,9|9|9|9|9|9|9|9|9|9
49476,9,False,9,10,8,8|8|8|8|8|8|8|8|8|8
49477,9,False,9,4,9,9|9|8|9|9|8|8|9|9|8
49497,9,False,9,0,9,9|9|9|9|9|9|9|9|9|9
49499,9,False,9,0,9,9|9|9|9|9|9|9|9|9|9
49508,9,False,9,7,8,9|8|8|8|8|9|8|8|9|8
49516,9,False,9,5,-1,9|9|9|8|9|8|8|9|8|8
49520,9,False,9,9,8,8|8|8|9|8|8|8|8|8|8
49524,9,False,9,0,9,9|9|9|9|9|9|9|9|9|9
49525,9,False,9,1,9,9|9|0|9|9|9|9|9|9|9
49533,9,False,9,9,0,0|0|8|8|0|0|0|0|8|9
49541,9,False,9,0,9,9|9|9|9|9|9|9|9|9|9
49551,9,False,9,9,8,8|8|8|8|8|9|8|8|8|8
49555,9,False,9,3,9,8|9|9|9|9|9|8|9|9|8
49560,9,False,9,10,0,0|0|3|0|0|0|0|0|0|0
49561,9,False,9,0,9,9|9|9|9|9|9|9|9|9|9
49575,9,False,9,4,9,8|8|9|9|8|9|9|9|9|8
49578,9,False,9,2,9,9|9|9|8|9|9|9|9|8|9
49587,9,False,9,0,9,9|9|9|9|9|9|9|9|9|9
49588,9,False,9,0,9,9|9|9|9|9|9|9|9|9|9
49590,9,False,9,0,9,9|9|9|9|9|9|9|9|9|9
49593,9,False,9,1,9,9|9|9|9|9|9|9|8|9|9
49602,9,False,9,3,9,8|9|9|0|9|8|9|9|9|9
49615,9,False,9,4,9,9|8|9|8|9|9|8|9|9|8
49622,9,False,9,0,9,9|9|9|9|9|9|9|9|9|9
49628,9,False,9,0,9,9|9|9|9|9|9|9|9|9|9
49632,9,False,9,2,9,9|8|9|9|9|9|9|9|9|8
49645,9,False,9,0,9,9|9|9|9|9|9|9|9|9|9
49652,9,False,9,0,9,9|9|9|9|9|9|9|9|9|9
49659,9,False,9,0,9,9|9|9|9|9|9|9|9|9|9
49660,9,False,9,10,8,8|8|8|8|8|8|8|8|8|8
49663,9,False,9,0,9,9|9|9|9|9|9|9|9|9|9
49677,9,False,9,0,9,9|9|9|9|9|9|9|9|9|9
49685,9,False,9,1,9,9|9|9|9|9|9|0|9|9|9
49699,9,False,9,1,9,9|9|9|9|9|9|9|9|9|8
49718,9,False,9,0,9,9|9|9|9|9|9|9|9|9|9
49728,9,False,9,2,9,9|9|8|9|9|9|9|9|9|8
49743,9,False,9,5,-1,9|0|0|0|0|9|9|9|9|0
49753,9,False,9,1,9,9|9|9|9|8|9|9|9|9|9
49754,9,False,9,10,-1,8|4|1|4|4|8|8|4|8|5
49780,9,False,9,0,9,9|9|9|9|9|9|9|9|9|9
49793,9,False,9,0,9,9|9|9|9|9|9|9|9|9|9
49795,9,False,9,3,9,9|9|9|7|9|7|9|9|7|9
49802,9,False,9,10,8,8|8|8|8|8|8|8|8|8|8
49814,9,False,9,4,9,0|9|0|9|0|9|8|9|9|9
49833,9,False,9,10,8,8|8|8|8|8|8|8|8|8|8
49839,9,False,9,6,9,8|6|8|9|6|7|8|9|9|9
49841,9,False,9,9,8,8|8|8|8|8|8|9|8|8|8
49843,9,False,9,0,9,9|9|9|9|9|9|9|9|9|9
49862,9,False,9,6,8,8|9|8|8|9|9|8|9|8|8
49870,9,False,9,0,9,9|9|9|9|9|9|9|9|9|9
49879,9,False,9,0,9,9|9|9|9|9|9|9|9|9|9
49886,9,False,9,10,8,8|8|8|8|8|8|8|8|8|8
49892,9,False,9,0,9,9|9|9|9|9|9|9|9|9|9
49946,9,False,9,0,9,9|9|9|9|9|9|9|9|9|9
49958,9,False,9,2,9,9|9|9|8|9|9|8|9|9|9
49968,9,False,9,0,9,9|9|9|9|9|9|9|9|9|9
49980,9,False,9,0,9,9|9|9|9|9|9|9|9|9|9
49982,9,False,9,0,9,9|9|9|9|9|9|9|9|9|9
49983,9,False,9,1,9,9|9|9|9|8|9|9|9|9|9
49987,9,False,9,7,0,9|9|0|0|0|9|0|8|0|0
