index,noisy_label,is_noisy,real_label,mistakes,label_pred,preds
19,0,False,0,0,0,0|0|0|0|0|0|0|0|0|0
43,0,False,0,9,1,1|1|0|1|1|1|1|3|1|1
45,0,False,0,0,0,0|0|0|0|0|0|0|0|0|0
47,0,False,0,8,4,3|4|5|4|4|4|4|0|0|5
71,0,False,0,8,8,0|8|8|8|0|8|8|8|8|8
73,0,False,0,8,4,1|4|4|0|4|4|4|1|4|0
75,0,False,0,1,0,0|0|0|0|0|0|0|9|0|0
82,0,False,0,10,1,4|5|1|1|1|1|1|5|5|1
132,0,False,0,5,0,9|0|8|9|9|0|0|0|8|0
153,0,False,0,2,0,1|0|0|0|0|0|0|0|0|1
179,0,False,0,10,1,1|1|1|1|1|1|1|1|1|1
185,0,False,0,0,0,0|0|0|0|0|0|0|0|0|0
187,0,False,0,5,-1,0|0|0|0|8|8|0|8|8|8
198,0,False,0,10,2,2|2|2|3|2|3|3|2|3|2
210,0,False,0,0,0,0|0|0|0|0|0|0|0|0|0
219,0,False,0,9,2,2|2|2|2|2|2|0|2|2|2
221,0,False,0,1,0,1|0|0|0|0|0|0|0|0|0
236,0,False,0,9,9,8|9|9|8|0|4|9|8|9|9
245,0,False,0,0,0,0|0|0|0|0|0|0|0|0|0
246,0,False,0,0,0,0|0|0|0|0|0|0|0|0|0
257,0,False,0,1,0,8|0|0|0|0|0|0|0|0|0
259,0,False,0,0,0,0|0|0|0|0|0|0|0|0|0
261,0,False,0,2,0,0|0|0|0|0|0|1|0|0|1
268,0,False,0,10,3,3|3|1|3|3|3|3|2|1|3
274,0,False,0,0,0,0|0|0|0|0|0|0|0|0|0
283,0,False,0,8,9,3|7|9|9|9|0|9|0|9|9
287,0,False,0,0,0,0|0|0|0|0|0|0|0|0|0
294,0,False,0,0,0,0|0|0|0|0|0|0|0|0|0
319,0,False,0,0,0,0|0|0|0|0|0|0|0|0|0
323,0,False,0,9,2,0|2|2|2|2|2|2|6|2|9
325,0,False,0,0,0,0|0|0|0|0|0|0|0|0|0
335,0,False,0,0,0,0|0|0|0|0|0|0|0|0|0
340,0,False,0,0,0,0|0|0|0|0|0|0|0|0|0
342,0,False,0,6,0,1|0|5|0|8|1|0|0|8|1
343,0,False,0,0,0,0|0|0|0|0|0|0|0|0|0
345,0,False,0,10,1,1|1|1|1|1|1|1|4|1|1
351,0,False,0,1,0,0|0|0|0|0|0|0|0|0|3
359,0,False,0,10,1,1|1|1|1|1|1|1|1|1|1
365,0,False,0,10,8,8|8|8|8|8|8|8|8|8|8
366,0,False,0,1,0,0|0|0|0|0|0|0|0|8|0
375,0,False,0,0,0,0|0|0|0|0|0|0|0|0|0
386,0,False,0,7,2,0|8|8|9|0|2|2|0|2|2
390,0,False,0,0,0,0|0|0|0|0|0|0|0|0|0
399,0,False,0,0,0,0|0|0|0|0|0|0|0|0|0
410,0,False,0,0,0,0|0|0|0|0|0|0|0|0|0
414,0,False,0,10,1,1|1|1|1|1|1|1|1|1|1
421,0,False,0,10,1,1|1|2|1|1|1|1|1|1|1
435,0,False,0,0,0,0|0|0|0|0|0|0|0|0|0
448,0,False,0,4,0,0|1|1|1|0|0|0|0|0|1
450,0,False,0,1,0,0|0|2|0|0|0|0|0|0|0
452,0,False,0,2,0,0|1|0|0|0|1|0|0|0|0
460,0,False,0,0,0,0|0|0|0|0|0|0|0|0|0
463,0,False,0,0,0,0|0|0|0|0|0|0|0|0|0
464,0,False,0,0,0,0|0|0|0|0|0|0|0|0|0
490,0,False,0,0,0,0|0|0|0|0|0|0|0|0|0
500,0,False,0,1,0,0|0|0|1|0|0|0|0|0|0
502,0,False,0,3,0,0|1|0|1|0|0|1|0|0|0
509,0,False,0,9,1,1|1|1|1|1|1|1|0|1|1
520,0,False,0,10,1,1|1|1|1|1|1|1|1|1|1
524,0,False,0,3,0,0|0|0|1|1|1|0|0|0|0
528,0,False,0,9,4,4|4|4|4|4|4|4|0|4|4
533,0,False,0,7,9,0|0|8|9|0|9|9|9|9|9
535,0,False,0,10,8,9|8|8|9|8|8|8|8|9|9
539,0,False,0,0,0,0|0|0|0|0|0|0|0|0|0
552,0,False,0,0,0,0|0|0|0|0|0|0|0|0|0
560,0,False,0,0,0,0|0|0|0|0|0|0|0|0|0
565,0,False,0,0,0,0|0|0|0|0|0|0|0|0|0
566,0,False,0,0,0,0|0|0|0|0|0|0|0|0|0
593,0,False,0,0,0,0|0|0|0|0|0|0|0|0|0
595,0,False,0,0,0,0|0|0|0|0|0|0|0|0|0
596,0,False,0,0,0,0|0|0|0|0|0|0|0|0|0
608,0,False,0,0,0,0|0|0|0|0|0|0|0|0|0
624,0,False,0,10,3,3|3|3|3|2|3|3|3|3|3
635,0,False,0,0,0,0|0|0|0|0|0|0|0|0|0
647,0,False,0,0,0,0|0|0|0|0|0|0|0|0|0
652,0,False,0,0,0,0|0|0|0|0|0|0|0|0|0
679,0,False,0,10,2,5|2|2|2|5|2|2|2|5|2
689,0,False,0,0,0,0|0|0|0|0|0|0|0|0|0
730,0,False,0,9,1,1|1|0|1|1|1|1|1|1|1
743,0,False,0,8,-1,8|9|0|8|9|9|8|0|8|9
770,0,False,0,0,0,0|0|0|0|0|0|0|0|0|0
782,0,False,0,0,0,0|0|0|0|0|0|0|0|0|0
789,0,False,0,0,0,0|0|0|0|0|0|0|0|0|0
826,0,False,0,6,5,0|0|0|5|5|5|5|0|5|5
833,0,False,0,9,9,9|9|3|8|8|8|0|9|9|9
836,0,False,0,0,0,0|0|0|0|0|0|0|0|0|0
845,0,False,0,0,0,0|0|0|0|0|0|0|0|0|0
852,0,False,0,1,0,0|0|0|0|0|1|0|0|0|0
853,0,False,0,6,1,1|1|1|0|0|0|1|0|1|1
855,0,False,0,10,3,3|2|3|3|4|5|5|3|2|4
867,0,False,0,0,0,0|0|0|0|0|0|0|0|0|0
873,0,False,0,0,0,0|0|0|0|0|0|0|0|0|0
915,0,False,0,0,0,0|0|0|0|0|0|0|0|0|0
921,0,False,0,10,-1,1|3|3|3|1|1|1|1|3|3
934,0,False,0,8,3,1|3|0|1|2|6|3|0|2|3
945,0,False,0,1,0,0|0|0|0|1|0|0|0|0|0
953,0,False,0,0,0,0|0|0|0|0|0|0|0|0|0
960,0,False,0,0,0,0|0|0|0|0|0|0|0|0|0
968,0,False,0,0,0,0|0|0|0|0|0|0|0|0|0
970,0,False,0,9,9,9|9|9|8|9|9|9|0|9|9
983,0,False,0,0,0,0|0|0|0|0|0|0|0|0|0
984,0,False,0,7,1,1|0|1|0|1|1|1|0|1|1
990,0,False,0,7,1,1|1|0|1|1|0|1|0|1|1
1008,0,False,0,0,0,0|0|0|0|0|0|0|0|0|0
1026,0,False,0,0,0,0|0|0|0|0|0|0|0|0|0
1042,0,False,0,5,0,3|6|0|0|0|0|0|2|7|3
1083,0,False,0,0,0,0|0|0|0|0|0|0|0|0|0
1110,0,False,0,0,0,0|0|0|0|0|0|0|0|0|0
1112,0,False,0,10,2,3|2|1|2|2|3|2|3|2|1
1121,0,False,0,0,0,0|0|0|0|0|0|0|0|0|0
1133,0,False,0,2,0,0|0|8|0|0|0|0|0|0|8
1138,0,False,0,10,1,1|1|1|1|1|1|1|1|1|1
1170,0,False,0,0,0,0|0|0|0|0|0|0|0|0|0
1192,0,False,0,1,0,0|0|0|0|0|0|0|0|1|0
1201,0,False,0,10,1,1|1|1|1|1|1|1|1|1|1
1208,0,False,0,3,0,0|0|2|2|0|0|0|0|3|0
1214,0,False,0,0,0,0|0|0|0|0|0|0|0|0|0
1224,0,False,0,1,0,0|0|0|2|0|0|0|0|0|0
1226,0,False,0,9,6,6|7|6|9|6|7|7|0|6|6
1228,0,False,0,9,1,1|1|1|1|1|0|1|1|1|1
1241,0,False,0,10,8,8|8|8|8|8|8|8|8|8|8
1251,0,False,0,0,0,0|0|0|0|0|0|0|0|0|0
1277,0,False,0,0,0,0|0|0|0|0|0|0|0|0|0
1348,0,False,0,3,0,0|3|0|0|0|0|3|0|0|3
1355,0,False,0,3,0,1|0|0|0|0|1|0|1|0|0
1358,0,False,0,1,0,0|0|0|0|0|8|0|0|0|0
1365,0,False,0,0,0,0|0|0|0|0|0|0|0|0|0
1372,0,False,0,6,1,0|0|0|1|1|1|1|1|1|0
1382,0,False,0,0,0,0|0|0|0|0|0|0|0|0|0
1392,0,False,0,8,3,3|3|3|0|0|1|3|2|2|2
1396,0,False,0,5,0,8|0|0|0|9|8|8|0|0|5
1428,0,False,0,10,1,4|5|1|1|1|4|1|4|1|1
1432,0,False,0,10,7,7|7|7|7|7|2|1|7|6|7
1437,0,False,0,1,0,0|0|0|0|0|0|0|0|2|0
1445,0,False,0,1,0,0|0|0|0|0|0|0|0|0|1
1446,0,False,0,9,7,6|7|6|7|7|0|7|6|6|7
1447,0,False,0,7,1,0|1|0|1|1|1|1|0|1|1
1450,0,False,0,1,0,0|0|0|0|0|0|0|0|3|0
1451,0,False,0,1,0,0|0|0|0|0|0|0|0|0|2
1454,0,False,0,8,4,4|5|4|0|4|4|0|4|4|4
1467,0,False,0,0,0,0|0|0|0|0|0|0|0|0|0
1486,0,False,0,0,0,0|0|0|0|0|0|0|0|0|0
1490,0,False,0,0,0,0|0|0|0|0|0|0|0|0|0
1496,0,False,0,0,0,0|0|0|0|0|0|0|0|0|0
1502,0,False,0,0,0,0|0|0|0|0|0|0|0|0|0
1550,0,False,0,0,0,0|0|0|0|0|0|0|0|0|0
1552,0,False,0,0,0,0|0|0|0|0|0|0|0|0|0
1571,0,False,0,0,0,0|0|0|0|0|0|0|0|0|0
1581,0,False,0,0,0,0|0|0|0|0|0|0|0|0|0
1589,0,False,0,0,0,0|0|0|0|0|0|0|0|0|0
1595,0,False,0,0,0,0|0|0|0|0|0|0|0|0|0
1604,0,False,0,7,-1,3|3|2|0|5|2|0|5|2|0
1606,0,False,0,5,-1,1|0|0|0|1|0|1|1|1|0
1609,0,False,0,0,0,0|0|0|0|0|0|0|0|0|0
1643,0,False,0,0,0,0|0|0|0|0|0|0|0|0|0
1647,0,False,0,4,0,1|0|1|0|0|0|0|0|1|1
1651,0,False,0,10,3,3|3|3|3|3|3|3|3|2|2
1652,0,False,0,3,0,3|0|0|0|8|2|0|0|0|0
1653,0,False,0,0,0,0|0|0|0|0|0|0|0|0|0
1668,0,False,0,6,-1,1|0|0|0|5|5|5|5|0|1
1670,0,False,0,0,0,0|0|0|0|0|0|0|0|0|0
1672,0,False,0,10,1,1|3|3|1|1|1|1|1|1|2
1673,0,False,0,1,0,0|0|0|0|0|0|0|0|0|4
1677,0,False,0,0,0,0|0|0|0|0|0|0|0|0|0
1679,0,False,0,0,0,0|0|0|0|0|0|0|0|0|0
1688,0,False,0,0,0,0|0|0|0|0|0|0|0|0|0
1691,0,False,0,1,0,1|0|0|0|0|0|0|0|0|0
1707,0,False,0,10,1,1|1|1|1|1|1|1|1|1|1
1709,0,False,0,0,0,0|0|0|0|0|0|0|0|0|0
1730,0,False,0,2,0,0|0|8|0|0|9|0|0|0|0
1733,0,False,0,0,0,0|0|0|0|0|0|0|0|0|0
1735,0,False,0,0,0,0|0|0|0|0|0|0|0|0|0
1742,0,False,0,0,0,0|0|0|0|0|0|0|0|0|0
1760,0,False,0,1,0,0|0|0|0|0|0|2|0|0|0
1764,0,False,0,1,0,3|0|0|0|0|0|0|0|0|0
1772,0,False,0,4,0,0|0|0|8|9|8|0|0|8|0
1780,0,False,0,1,0,0|0|8|0|0|0|0|0|0|0
1785,0,False,0,5,0,8|8|8|0|0|0|0|8|9|0
1792,0,False,0,0,0,0|0|0|0|0|0|0|0|0|0
1805,0,False,0,8,1,1|1|1|1|0|0|1|1|1|1
1807,0,False,0,9,1,1|1|2|2|1|1|1|1|1|0
1810,0,False,0,10,2,2|2|2|2|4|1|4|2|5|2
1834,0,False,0,8,9,0|9|9|9|9|9|0|9|9|9
1841,0,False,0,0,0,0|0|0|0|0|0|0|0|0|0
1852,0,False,0,1,0,0|0|0|0|0|0|0|0|0|9
1855,0,False,0,0,0,0|0|0|0|0|0|0|0|0|0
1871,0,False,0,0,0,0|0|0|0|0|0|0|0|0|0
1875,0,False,0,10,8,8|8|8|8|9|9|9|8|9|8
1885,0,False,0,0,0,0|0|0|0|0|0|0|0|0|0
1926,0,False,0,0,0,0|0|0|0|0|0|0|0|0|0
1931,0,False,0,10,1,1|1|1|2|1|1|1|1|1|1
1934,0,False,0,2,0,1|0|0|0|1|0|0|0|0|0
1963,0,False,0,3,0,9|0|2|0|0|0|0|0|3|0
1965,0,False,0,8,-1,3|3|2|2|0|2|2|3|3|0
1971,0,False,0,0,0,0|0|0|0|0|0|0|0|0|0
1983,0,False,0,0,0,0|0|0|0|0|0|0|0|0|0
1985,0,False,0,0,0,0|0|0|0|0|0|0|0|0|0
1988,0,False,0,5,0,0|0|2|8|0|8|8|9|0|0
1994,0,False,0,0,0,0|0|0|0|0|0|0|0|0|0
2010,0,False,0,0,0,0|0|0|0|0|0|0|0|0|0
2013,0,False,0,1,0,0|8|0|0|0|0|0|0|0|0
2018,0,False,0,7,4,1|0|1|0|0|1|4|4|4|4
2045,0,False,0,0,0,0|0|0|0|0|0|0|0|0|0
2053,0,False,0,0,0,0|0|0|0|0|0|0|0|0|0
2059,0,False,0,0,0,0|0|0|0|0|0|0|0|0|0
2060,0,False,0,10,3,2|3|3|3|3|2|3|2|3|3
2069,0,False,0,6,9,9|0|9|9|0|0|0|9|9|9
2071,0,False,0,8,1,1|1|0|1|1|1|1|1|1|0
2076,0,False,0,8,9,9|8|0|9|9|0|9|6|8|9
2086,0,False,0,0,0,0|0|0|0|0|0|0|0|0|0
2104,0,False,0,0,0,0|0|0|0|0|0|0|0|0|0
2105,0,False,0,0,0,0|0|0|0|0|0|0|0|0|0
2107,0,False,0,0,0,0|0|0|0|0|0|0|0|0|0
2115,0,False,0,4,0,1|0|5|0|0|0|0|5|5|0
2125,0,False,0,5,-1,0|1|0|0|1|1|1|0|0|1
2129,0,False,0,2,0,4|0|0|0|0|0|0|0|1|0
2134,0,False,0,0,0,0|0|0|0|0|0|0|0|0|0
2146,0,False,0,0,0,0|0|0|0|0|0|0|0|0|0
2148,0,False,0,10,8,8|9|9|8|8|8|8|9|9|8
2160,0,False,0,7,8,0|2|8|0|8|8|8|0|8|3
2177,0,False,0,3,0,4|0|4|0|0|0|0|0|0|8
2184,0,False,0,6,-1,0|9|8|8|9|0|0|8|0|8
2186,0,False,0,0,0,0|0|0|0|0|0|0|0|0|0
2196,0,False,0,0,0,0|0|0|0|0|0|0|0|0|0
2210,0,False,0,2,0,0|0|0|0|0|0|8|0|8|0
2239,0,False,0,3,0,3|0|2|0|0|0|0|0|8|0
2248,0,False,0,0,0,0|0|0|0|0|0|0|0|0|0
2254,0,False,0,10,5,4|4|5|5|5|4|5|5|4|5
2264,0,False,0,0,0,0|0|0|0|0|0|0|0|0|0
2266,0,False,0,10,8,8|8|8|9|8|8|9|8|9|8
2276,0,False,0,1,0,0|0|0|0|2|0|0|0|0|0
2295,0,False,0,0,0,0|0|0|0|0|0|0|0|0|0
2302,0,False,0,0,0,0|0|0|0|0|0|0|0|0|0
2313,0,False,0,2,0,1|0|0|0|0|0|0|0|8|0
2323,0,False,0,2,0,6|7|0|0|0|0|0|0|0|0
2336,0,False,0,10,4,4|4|4|4|4|4|4|4|4|4
2338,0,False,0,0,0,0|0|0|0|0|0|0|0|0|0
2361,0,False,0,0,0,0|0|0|0|0|0|0|0|0|0
2362,0,False,0,0,0,0|0|0|0|0|0|0|0|0|0
2371,0,False,0,0,0,0|0|0|0|0|0|0|0|0|0
2374,0,False,0,2,0,0|0|9|0|0|0|0|9|0|0
2384,0,False,0,0,0,0|0|0|0|0|0|0|0|0|0
2403,0,False,0,3,0,0|0|0|0|1|1|1|0|0|0
2410,0,False,0,0,0,0|0|0|0|0|0|0|0|0|0
2424,0,False,0,7,8,8|8|8|0|0|8|8|8|0|8
2426,0,False,0,10,1,3|3|5|1|1|1|3|1|2|1
2462,0,False,0,0,0,0|0|0|0|0|0|0|0|0|0
2464,0,False,0,0,0,0|0|0|0|0|0|0|0|0|0
2481,0,False,0,5,-1,0|8|0|0|0|0|8|8|8|8
2482,0,False,0,1,0,0|0|0|0|0|0|0|0|4|0
2485,0,False,0,3,0,0|1|0|0|0|0|4|0|0|6
2487,0,False,0,3,0,0|6|7|0|0|0|0|0|2|0
2493,0,False,0,6,6,6|6|6|0|0|0|6|6|6|0
2502,0,False,0,0,0,0|0|0|0|0|0|0|0|0|0
2505,0,False,0,10,3,3|3|3|2|3|3|3|5|3|3
2507,0,False,0,0,0,0|0|0|0|0|0|0|0|0|0
2582,0,False,0,0,0,0|0|0|0|0|0|0|0|0|0
2584,0,False,0,8,5,5|5|0|5|4|5|5|0|3|4
2586,0,False,0,1,0,0|0|0|0|0|0|0|1|0|0
2589,0,False,0,0,0,0|0|0|0|0|0|0|0|0|0
2592,0,False,0,0,0,0|0|0|0|0|0|0|0|0|0
2613,0,False,0,0,0,0|0|0|0|0|0|0|0|0|0
2615,0,False,0,8,2,3|0|3|2|2|2|3|1|0|2
2620,0,False,0,5,-1,0|0|8|8|8|0|8|0|0|8
2659,0,False,0,10,4,1|4|4|4|4|5|4|5|1|4
2671,0,False,0,3,0,2|0|0|0|0|0|0|0|6|2
2683,0,False,0,2,0,2|0|0|0|0|0|0|0|0|2
2697,0,False,0,0,0,0|0|0|0|0|0|0|0|0|0
2737,0,False,0,0,0,0|0|0|0|0|0|0|0|0|0
2739,0,False,0,10,3,3|3|3|3|3|3|3|3|3|3
2741,0,False,0,8,8,8|8|0|8|8|8|2|0|8|8
2745,0,False,0,0,0,0|0|0|0|0|0|0|0|0|0
2782,0,False,0,4,0,0|8|8|0|0|8|8|0|0|0
2783,0,False,0,3,0,2|0|2|0|2|0|0|0|0|0
2791,0,False,0,3,0,0|0|0|0|8|0|0|0|8|8
2800,0,False,0,0,0,0|0|0|0|0|0|0|0|0|0
2829,0,False,0,8,6,3|6|2|0|6|6|6|0|4|6
2848,0,False,0,3,0,4|4|0|0|0|2|0|0|0|0
2849,0,False,0,0,0,0|0|0|0|0|0|0|0|0|0
2850,0,False,0,0,0,0|0|0|0|0|0|0|0|0|0
2852,0,False,0,1,0,8|0|0|0|0|0|0|0|0|0
2858,0,False,0,8,2,2|2|0|1|2|2|2|0|2|2
2859,0,False,0,0,0,0|0|0|0|0|0|0|0|0|0
2862,0,False,0,3,0,0|0|3|3|0|0|0|2|0|0
2883,0,False,0,0,0,0|0|0|0|0|0|0|0|0|0
2897,0,False,0,9,1,2|1|3|1|1|2|2|0|1|3
2914,0,False,0,5,0,0|0|3|0|7|3|0|5|2|0
2958,0,False,0,1,0,0|0|0|0|0|0|0|0|0|8
2977,0,False,0,3,0,0|0|0|0|0|8|8|0|8|0
3025,0,False,0,0,0,0|0|0|0|0|0|0|0|0|0
3030,0,False,0,7,8,8|8|9|8|0|0|0|9|9|8
3039,0,False,0,1,0,0|0|8|0|0|0|0|0|0|0
3053,0,False,0,0,0,0|0|0|0|0|0|0|0|0|0
3066,0,False,0,3,0,1|1|0|0|1|0|0|0|0|0
3069,0,False,0,0,0,0|0|0|0|0|0|0|0|0|0
3077,0,False,0,0,0,0|0|0|0|0|0|0|0|0|0
3078,0,False,0,10,6,6|6|2|6|6|6|6|6|6|6
3088,0,False,0,0,0,0|0|0|0|0|0|0|0|0|0
3091,0,False,0,1,0,0|0|0|0|2|0|0|0|0|0
3124,0,False,0,0,0,0|0|0|0|0|0|0|0|0|0
3126,0,False,0,0,0,0|0|0|0|0|0|0|0|0|0
3130,0,False,0,0,0,0|0|0|0|0|0|0|0|0|0
3144,0,False,0,10,1,1|1|1|1|1|1|1|1|1|1
3172,0,False,0,0,0,0|0|0|0|0|0|0|0|0|0
3185,0,False,0,0,0,0|0|0|0|0|0|0|0|0|0
3217,0,False,0,10,2,2|3|3|1|1|2|2|2|2|2
3229,0,False,0,4,0,0|1|0|0|0|1|1|0|0|1
3234,0,False,0,0,0,0|0|0|0|0|0|0|0|0|0
3237,0,False,0,0,0,0|0|0|0|0|0|0|0|0|0
3239,0,False,0,10,2,2|3|2|2|3|2|2|2|2|3
3244,0,False,0,2,0,0|2|0|0|0|0|0|0|2|0
3284,0,False,0,6,0,6|8|9|0|0|0|0|9|8|9
3295,0,False,0,8,8,0|8|8|8|8|8|0|8|9|8
3307,0,False,0,4,0,5|0|5|0|0|0|5|0|1|0
3320,0,False,0,10,8,8|8|5|5|9|5|8|8|8|8
3325,0,False,0,6,-1,1|0|0|0|2|2|1|0|1|1
3336,0,False,0,0,0,0|0|0|0|0|0|0|0|0|0
3338,0,False,0,0,0,0|0|0|0|0|0|0|0|0|0
3339,0,False,0,0,0,0|0|0|0|0|0|0|0|0|0
3342,0,False,0,9,1,1|8|0|2|3|2|2|1|1|1
3345,0,False,0,0,0,0|0|0|0|0|0|0|0|0|0
3347,0,False,0,0,0,0|0|0|0|0|0|0|0|0|0
3375,0,False,0,0,0,0|0|0|0|0|0|0|0|0|0
3391,0,False,0,9,1,1|1|1|1|1|1|1|0|1|1
3395,0,False,0,0,0,0|0|0|0|0|0|0|0|0|0
3419,0,False,0,7,8,8|9|8|8|0|0|8|8|8|0
3425,0,False,0,10,1,1|1|1|1|1|1|1|1|1|1
3445,0,False,0,0,0,0|0|0|0|0|0|0|0|0|0
3459,0,False,0,1,0,3|0|0|0|0|0|0|0|0|0
3472,0,False,0,10,3,3|3|3|3|3|3|3|1|3|3
3483,0,False,0,6,0,8|1|9|0|0|8|0|1|9|0
3514,0,False,0,10,1,1|1|1|1|1|1|1|1|1|1
3520,0,False,0,3,0,0|0|5|5|0|0|0|0|0|5
3522,0,False,0,0,0,0|0|0|0|0|0|0|0|0|0
3523,0,False,0,0,0,0|0|0|0|0|0|0|0|0|0
3534,0,False,0,10,1,1|1|3|1|1|1|1|2|1|3
3553,0,False,0,10,9,9|7|9|9|9|9|9|9|9|9
3611,0,False,0,1,0,0|0|0|0|0|0|0|0|2|0
3617,0,False,0,6,1,1|1|1|0|1|1|1|0|0|0
3621,0,False,0,0,0,0|0|0|0|0|0|0|0|0|0
3639,0,False,0,0,0,0|0|0|0|0|0|0|0|0|0
3652,0,False,0,6,2,1|2|0|0|0|2|2|2|2|0
3664,0,False,0,10,7,3|7|7|7|7|7|7|4|3|1
3666,0,False,0,0,0,0|0|0|0|0|0|0|0|0|0
3668,0,False,0,0,0,0|0|0|0|0|0|0|0|0|0
3671,0,False,0,6,3,3|0|3|0|3|3|0|0|3|3
3686,0,False,0,0,0,0|0|0|0|0|0|0|0|0|0
3688,0,False,0,0,0,0|0|0|0|0|0|0|0|0|0
3711,0,False,0,6,-1,2|2|8|0|9|0|2|2|0|0
3722,0,False,0,3,0,0|0|0|0|0|5|0|4|0|9
3725,0,False,0,5,0,6|0|7|0|0|0|0|7|8|8
3735,0,False,0,0,0,0|0|0|0|0|0|0|0|0|0
3740,0,False,0,8,3,3|2|0|3|8|8|0|3|3|3
3741,0,False,0,2,0,1|1|0|0|0|0|0|0|0|0
3742,0,False,0,1,0,0|0|0|0|0|0|0|3|0|0
3764,0,False,0,10,3,3|3|3|3|2|3|3|3|1|3
3774,0,False,0,0,0,0|0|0|0|0|0|0|0|0|0
3777,0,False,0,10,2,2|2|2|2|2|2|2|2|2|2
3784,0,False,0,0,0,0|0|0|0|0|0|0|0|0|0
3810,0,False,0,4,0,0|0|6|6|0|7|0|6|0|0
3835,0,False,0,0,0,0|0|0|0|0|0|0|0|0|0
3837,0,False,0,7,1,0|1|1|1|1|1|1|0|0|1
3839,0,False,0,0,0,0|0|0|0|0|0|0|0|0|0
3853,0,False,0,2,0,0|0|3|0|0|0|0|0|0|3
3860,0,False,0,9,1,1|1|1|1|1|1|4|0|1|1
3893,0,False,0,0,0,0|0|0|0|0|0|0|0|0|0
3896,0,False,0,0,0,0|0|0|0|0|0|0|0|0|0
3905,0,False,0,10,1,5|1|1|1|5|1|5|1|1|1
3907,0,False,0,7,3,8|2|0|0|3|3|0|3|3|9
3918,0,False,0,8,8,0|0|7|8|7|8|8|8|7|8
3935,0,False,0,2,0,3|0|0|0|0|0|0|0|2|0
3938,0,False,0,5,-1,8|8|8|0|0|8|0|0|8|0
3940,0,False,0,6,0,3|3|8|8|0|8|0|0|0|1
3951,0,False,0,5,-1,2|2|2|0|0|0|2|0|2|0
3960,0,False,0,0,0,0|0|0|0|0|0|0|0|0|0
3966,0,False,0,0,0,0|0|0|0|0|0|0|0|0|0
3972,0,False,0,1,0,0|0|0|0|0|0|0|2|0|0
3981,0,False,0,0,0,0|0|0|0|0|0|0|0|0|0
3987,0,False,0,0,0,0|0|0|0|0|0|0|0|0|0
3998,0,False,0,0,0,0|0|0|0|0|0|0|0|0|0
4002,0,False,0,0,0,0|0|0|0|0|0|0|0|0|0
4008,0,False,0,0,0,0|0|0|0|0|0|0|0|0|0
4020,0,False,0,10,1,1|1|1|1|1|1|1|1|1|1
4026,0,False,0,2,0,0|0|9|0|0|0|0|0|8|0
4034,0,False,0,4,0,0|0|0|2|0|2|0|2|2|0
4035,0,False,0,0,0,0|0|0|0|0|0|0|0|0|0
4037,0,False,0,0,0,0|0|0|0|0|0|0|0|0|0
4042,0,False,0,0,0,0|0|0|0|0|0|0|0|0|0
4044,0,False,0,0,0,0|0|0|0|0|0|0|0|0|0
4076,0,False,0,0,0,0|0|0|0|0|0|0|0|0|0
4081,0,False,0,0,0,0|0|0|0|0|0|0|0|0|0
4091,0,False,0,6,2,2|0|2|2|2|2|2|0|0|0
4093,0,False,0,1,0,0|0|0|0|0|0|0|0|1|0
4098,0,False,0,8,8,8|0|8|9|8|8|8|0|8|9
4146,0,False,0,4,0,0|1|1|0|0|0|0|1|1|0
4148,0,False,0,8,4,4|0|2|0|4|1|4|3|3|5
4149,0,False,0,3,0,0|0|1|0|2|0|1|0|0|0
4158,0,False,0,3,0,0|7|7|0|0|0|0|0|8|0
4160,0,False,0,4,0,9|0|9|9|0|0|0|0|0|9
4171,0,False,0,8,6,6|6|6|6|6|8|0|2|6|0
4173,0,False,0,5,0,8|0|0|0|9|8|8|0|0|9
4184,0,False,0,0,0,0|0|0|0|0|0|0|0|0|0
4190,0,False,0,2,0,1|0|0|0|1|0|0|0|0|0
4195,0,False,0,2,0,0|0|2|0|0|0|6|0|0|0
4204,0,False,0,1,0,2|0|0|0|0|0|0|0|0|0
4222,0,False,0,9,2,2|7|0|2|2|2|2|7|9|2
4229,0,False,0,2,0,0|0|1|0|0|1|0|0|0|0
4230,0,False,0,8,8,8|8|8|0|9|0|8|8|9|8
4233,0,False,0,0,0,0|0|0|0|0|0|0|0|0|0
4236,0,False,0,0,0,0|0|0|0|0|0|0|0|0|0
4244,0,False,0,0,0,0|0|0|0|0|0|0|0|0|0
4256,0,False,0,0,0,0|0|0|0|0|0|0|0|0|0
4260,0,False,0,1,0,0|0|0|0|0|0|0|0|2|0
4261,0,False,0,0,0,0|0|0|0|0|0|0|0|0|0
4266,0,False,0,10,1,1|1|1|1|1|1|1|1|1|1
4272,0,False,0,3,0,0|0|0|1|0|1|1|0|0|0
4275,0,False,0,10,7,7|7|7|7|7|7|7|6|6|6
4288,0,False,0,10,2,3|3|3|2|2|2|2|2|3|2
4296,0,False,0,0,0,0|0|0|0|0|0|0|0|0|0
4302,0,False,0,9,3,3|3|3|3|2|0|3|3|3|2
4317,0,False,0,3,0,1|0|0|0|9|0|0|0|0|9
4337,0,False,0,0,0,0|0|0|0|0|0|0|0|0|0
4342,0,False,0,0,0,0|0|0|0|0|0|0|0|0|0
4347,0,False,0,8,9,9|9|8|9|9|9|9|9|0|0
4365,0,False,0,4,0,0|0|0|8|0|0|0|8|9|8
4367,0,False,0,10,4,4|4|4|4|4|4|4|4|4|4
4383,0,False,0,0,0,0|0|0|0|0|0|0|0|0|0
4384,0,False,0,5,0,0|9|8|0|9|9|9|0|0|0
4410,0,False,0,1,0,0|0|0|0|0|0|0|0|0|2
4419,0,False,0,0,0,0|0|0|0|0|0|0|0|0|0
4432,0,False,0,6,1,0|1|0|1|1|1|1|0|0|1
4455,0,False,0,8,2,3|2|2|2|2|0|2|0|5|2
4457,0,False,0,3,0,0|1|1|0|1|0|0|0|0|0
4484,0,False,0,0,0,0|0|0|0|0|0|0|0|0|0
4492,0,False,0,1,0,0|0|5|0|0|0|0|0|0|0
4498,0,False,0,1,0,0|0|9|0|0|0|0|0|0|0
4503,0,False,0,0,0,0|0|0|0|0|0|0|0|0|0
4506,0,False,0,6,-1,3|2|3|0|0|2|2|0|0|2
4509,0,False,0,0,0,0|0|0|0|0|0|0|0|0|0
4513,0,False,0,7,1,1|1|0|1|1|1|1|0|0|1
4522,0,False,0,6,1,1|1|1|1|1|0|0|0|1|0
4536,0,False,0,7,1,4|1|1|1|0|8|1|0|0|2
4545,0,False,0,3,0,1|0|1|0|0|1|0|0|0|0
4555,0,False,0,10,9,9|9|9|9|9|9|9|9|9|9
4565,0,False,0,7,1,1|0|3|3|1|1|1|0|1|0
4566,0,False,0,7,1,1|0|1|0|0|1|1|1|1|1
4570,0,False,0,7,3,3|0|3|3|0|3|3|0|3|3
4571,0,False,0,8,4,4|4|4|0|4|4|4|4|0|4
4586,0,False,0,0,0,0|0|0|0|0|0|0|0|0|0
4591,0,False,0,10,9,9|9|9|9|9|9|9|9|9|9
4611,0,False,0,0,0,0|0|0|0|0|0|0|0|0|0
4614,0,False,0,0,0,0|0|0|0|0|0|0|0|0|0
4630,0,False,0,0,0,0|0|0|0|0|0|0|0|0|0
4631,0,False,0,3,0,0|0|0|0|2|0|0|3|3|0
4635,0,False,0,4,0,1|0|0|0|0|2|0|7|3|0
4650,0,False,0,5,0,0|9|9|0|8|9|0|0|0|8
4669,0,False,0,7,1,1|0|1|1|0|1|1|1|0|1
4691,0,False,0,1,0,0|0|0|0|0|0|0|9|0|0
4693,0,False,0,10,1,1|1|1|1|1|1|1|1|1|1
4694,0,False,0,10,3,3|2|3|8|2|3|2|3|8|3
4701,0,False,0,0,0,0|0|0|0|0|0|0|0|0|0
4704,0,False,0,6,8,8|8|8|8|0|8|8|0|0|0
4706,0,False,0,1,0,8|0|0|0|0|0|0|0|0|0
4709,0,False,0,0,0,0|0|0|0|0|0|0|0|0|0
4713,0,False,0,0,0,0|0|0|0|0|0|0|0|0|0
4716,0,False,0,0,0,0|0|0|0|0|0|0|0|0|0
4722,0,False,0,0,0,0|0|0|0|0|0|0|0|0|0
4730,0,False,0,7,3,3|3|3|0|3|3|0|3|3|0
4739,0,False,0,0,0,0|0|0|0|0|0|0|0|0|0
4743,0,False,0,0,0,0|0|0|0|0|0|0|0|0|0
4745,0,False,0,8,7,7|7|0|7|7|0|7|7|7|7
4772,0,False,0,1,0,0|0|0|0|0|0|1|0|0|0
4778,0,False,0,0,0,0|0|0|0|0|0|0|0|0|0
4782,0,False,0,1,0,0|3|0|0|0|0|0|0|0|0
4783,0,False,0,0,0,0|0|0|0|0|0|0|0|0|0
4785,0,False,0,7,1,0|1|1|1|1|0|1|1|0|1
4801,0,False,0,2,0,0|8|0|0|0|0|0|2|0|0
4804,0,False,0,2,0,0|0|9|0|0|0|0|0|0|9
4822,0,False,0,4,0,0|0|0|0|9|0|9|0|8|9
4834,0,False,0,8,1,1|1|1|1|0|0|1|1|1|1
4839,0,False,0,10,3,3|2|3|2|2|3|2|3|8|3
4846,0,False,0,2,0,0|0|0|0|0|2|0|0|0|2
4847,0,False,0,0,0,0|0|0|0|0|0|0|0|0|0
4854,0,False,0,8,8,0|0|8|8|8|8|8|8|8|8
4855,0,False,0,0,0,0|0|0|0|0|0|0|0|0|0
4878,0,False,0,10,1,1|3|3|3|1|1|1|1|1|1
4879,0,False,0,0,0,0|0|0|0|0|0|0|0|0|0
4886,0,False,0,1,0,1|0|0|0|0|0|0|0|0|0
4890,0,False,0,3,0,0|2|0|3|2|0|0|0|0|0
4897,0,False,0,0,0,0|0|0|0|0|0|0|0|0|0
4905,0,False,0,10,9,8|8|9|9|8|9|9|9|9|9
4913,0,False,0,2,0,0|1|0|0|1|0|0|0|0|0
4986,0,False,0,2,0,1|0|0|0|0|0|0|0|0|1
4987,0,False,0,0,0,0|0|0|0|0|0|0|0|0|0
5021,0,False,0,0,0,0|0|0|0|0|0|0|0|0|0
5025,0,False,0,2,0,0|0|0|0|0|0|1|0|0|1
5032,0,False,0,10,1,1|1|1|1|1|1|1|5|1|2
5034,0,False,0,1,0,0|0|0|8|0|0|0|0|0|0
5047,0,False,0,3,0,2|0|0|0|2|0|2|0|0|0
5049,0,False,0,0,0,0|0|0|0|0|0|0|0|0|0
5051,0,False,0,0,0,0|0|0|0|0|0|0|0|0|0
5057,0,False,0,0,0,0|0|0|0|0|0|0|0|0|0
5064,0,False,0,0,0,0|0|0|0|0|0|0|0|0|0
5077,0,False,0,0,0,0|0|0|0|0|0|0|0|0|0
5080,0,False,0,6,-1,1|0|3|0|1|1|1|2|0|0
5081,0,False,0,3,0,8|0|8|0|0|0|0|0|0|8
5084,0,False,0,0,0,0|0|0|0|0|0|0|0|0|0
5105,0,False,0,0,0,0|0|0|0|0|0|0|0|0|0
5109,0,False,0,5,0,1|0|9|1|0|0|0|4|4|0
5115,0,False,0,6,2,3|0|2|2|0|2|0|2|0|2
5118,0,False,0,2,0,2|0|0|0|0|0|0|0|2|0
5119,0,False,0,10,5,5|5|4|4|5|5|5|4|5|5
5121,0,False,0,0,0,0|0|0|0|0|0|0|0|0|0
5188,0,False,0,0,0,0|0|0|0|0|0|0|0|0|0
5204,0,False,0,0,0,0|0|0|0|0|0|0|0|0|0
5225,0,False,0,0,0,0|0|0|0|0|0|0|0|0|0
5241,0,False,0,10,7,7|7|7|7|7|7|7|7|1|7
5242,0,False,0,0,0,0|0|0|0|0|0|0|0|0|0
5254,0,False,0,0,0,0|0|0|0|0|0|0|0|0|0
5269,0,False,0,0,0,0|0|0|0|0|0|0|0|0|0
5275,0,False,0,10,1,1|1|1|1|1|1|1|1|1|1
5282,0,False,0,0,0,0|0|0|0|0|0|0|0|0|0
5288,0,False,0,9,1,1|1|5|0|1|5|1|4|4|1
5302,0,False,0,0,0,0|0|0|0|0|0|0|0|0|0
5308,0,False,0,8,8,5|8|0|8|0|5|8|8|8|8
5313,0,False,0,8,6,9|6|8|0|6|6|6|6|9|0
5322,0,False,0,0,0,0|0|0|0|0|0|0|0|0|0
5330,0,False,0,0,0,0|0|0|0|0|0|0|0|0|0
5335,0,False,0,0,0,0|0|0|0|0|0|0|0|0|0
5341,0,False,0,5,0,8|0|0|8|0|0|9|7|8|0
5346,0,False,0,3,0,9|9|0|0|0|0|0|0|0|9
5347,0,False,0,9,8,8|8|8|8|8|8|8|0|8|8
5358,0,False,0,0,0,0|0|0|0|0|0|0|0|0|0
5367,0,False,0,0,0,0|0|0|0|0|0|0|0|0|0
5368,0,False,0,0,0,0|0|0|0|0|0|0|0|0|0
5375,0,False,0,3,0,3|3|0|0|0|0|0|0|2|0
5398,0,False,0,1,0,0|0|0|0|0|1|0|0|0|0
5400,0,False,0,1,0,0|2|0|0|0|0|0|0|0|0
5403,0,False,0,0,0,0|0|0|0|0|0|0|0|0|0
5404,0,False,0,10,1,1|1|1|1|1|1|1|1|1|1
5428,0,False,0,1,0,0|0|0|0|0|0|0|0|0|3
5430,0,False,0,6,9,9|9|0|0|9|0|0|8|9|9
5443,0,False,0,0,0,0|0|0|0|0|0|0|0|0|0
5453,0,False,0,0,0,0|0|0|0|0|0|0|0|0|0
5455,0,False,0,0,0,0|0|0|0|0|0|0|0|0|0
5464,0,False,0,5,0,0|2|0|0|2|0|0|2|2|1
5465,0,False,0,2,0,0|4|0|0|0|0|0|3|0|0
5474,1,False,1,0,1,1|1|1|1|1|1|1|1|1|1
5477,1,False,1,0,1,1|1|1|1|1|1|1|1|1|1
5479,1,False,1,0,1,1|1|1|1|1|1|1|1|1|1
5484,1,False,1,8,3,3|1|3|3|3|3|3|3|1|3
5501,1,False,1,0,1,1|1|1|1|1|1|1|1|1|1
5520,1,False,1,2,1,2|1|1|3|1|1|1|1|1|1
5532,1,False,1,8,2,2|2|3|2|2|3|2|1|2|1
5539,1,False,1,0,1,1|1|1|1|1|1|1|1|1|1
5540,1,False,1,0,1,1|1|1|1|1|1|1|1|1|1
5547,1,False,1,0,1,1|1|1|1|1|1|1|1|1|1
5557,1,False,1,0,1,1|1|1|1|1|1|1|1|1|1
5565,1,False,1,0,1,1|1|1|1|1|1|1|1|1|1
5570,1,False,1,9,0,0|0|0|0|0|0|0|0|0|1
5590,1,False,1,3,1,1|1|1|4|4|4|1|1|1|1
5594,1,False,1,0,1,1|1|1|1|1|1|1|1|1|1
5640,1,False,1,0,1,1|1|1|1|1|1|1|1|1|1
5659,1,False,1,0,1,1|1|1|1|1|1|1|1|1|1
5672,1,False,1,9,0,1|0|0|0|0|0|0|0|0|0
5684,1,False,1,1,1,1|1|1|1|1|1|1|1|1|0
5685,1,False,1,6,4,1|4|1|4|4|4|4|1|1|4
5691,1,False,1,3,1,1|1|2|1|0|0|1|1|1|1
5697,1,False,1,1,1,1|1|1|1|3|1|1|1|1|1
5726,1,False,1,2,1,1|1|0|1|1|1|1|3|1|1
5734,1,False,1,0,1,1|1|1|1|1|1|1|1|1|1
5742,1,False,1,9,0,0|1|0|0|0|0|0|0|0|0
5763,1,False,1,10,0,0|0|0|0|0|0|0|0|0|0
5791,1,False,1,0,1,1|1|1|1|1|1|1|1|1|1
5796,1,False,1,0,1,1|1|1|1|1|1|1|1|1|1
5803,1,False,1,0,1,1|1|1|1|1|1|1|1|1|1
5821,1,False,1,0,1,1|1|1|1|1|1|1|1|1|1
5822,1,False,1,7,0,0|0|1|0|0|1|0|1|0|0
5836,1,False,1,3,1,1|1|1|1|3|1|3|1|1|3
5849,1,False,1,5,1,1|0|3|1|1|1|1|0|3|0
5850,1,False,1,6,3,3|3|3|1|1|1|1|3|3|3
5851,1,False,1,9,0,0|0|0|0|0|0|0|1|0|0
5858,1,False,1,10,5,5|5|5|5|5|5|5|5|5|5
5860,1,False,1,2,1,1|1|1|1|1|1|2|1|3|1
5873,1,False,1,0,1,1|1|1|1|1|1|1|1|1|1
5893,1,False,1,0,1,1|1|1|1|1|1|1|1|1|1
5897,1,False,1,0,1,1|1|1|1|1|1|1|1|1|1
5901,1,False,1,2,1,1|1|1|1|1|1|1|0|1|0
5906,1,False,1,8,0,1|0|1|0|0|5|0|0|0|0
5922,1,False,1,0,1,1|1|1|1|1|1|1|1|1|1
5962,1,False,1,0,1,1|1|1|1|1|1|1|1|1|1
5973,1,False,1,0,1,1|1|1|1|1|1|1|1|1|1
5978,1,False,1,0,1,1|1|1|1|1|1|1|1|1|1
5988,1,False,1,9,3,5|5|3|3|3|1|0|3|2|2
5998,1,False,1,10,0,6|8|8|0|0|0|0|0|0|8
6007,1,False,1,0,1,1|1|1|1|1|1|1|1|1|1
6009,1,False,1,2,1,1|3|3|1|1|1|1|1|1|1
6013,1,False,1,0,1,1|1|1|1|1|1|1|1|1|1
6029,1,False,1,10,5,2|3|5|5|4|4|5|5|5|4
6031,1,False,1,2,1,1|1|1|1|2|1|1|2|1|1
6032,1,False,1,2,1,1|1|1|0|1|1|1|1|0|1
6034,1,False,1,1,1,1|1|1|1|1|1|1|1|1|0
6039,1,False,1,4,1,3|2|3|1|3|1|1|1|1|1
6099,1,False,1,0,1,1|1|1|1|1|1|1|1|1|1
6103,1,False,1,1,1,4|1|1|1|1|1|1|1|1|1
6118,1,False,1,0,1,1|1|1|1|1|1|1|1|1|1
6129,1,False,1,1,1,1|1|1|1|1|1|1|1|1|2
6138,1,False,1,0,1,1|1|1|1|1|1|1|1|1|1
6157,1,False,1,10,0,0|0|0|0|0|0|0|0|0|0
6160,1,False,1,0,1,1|1|1|1|1|1|1|1|1|1
6173,1,False,1,0,1,1|1|1|1|1|1|1|1|1|1
6183,1,False,1,0,1,1|1|1|1|1|1|1|1|1|1
6198,1,False,1,0,1,1|1|1|1|1|1|1|1|1|1
6204,1,False,1,1,1,1|1|3|1|1|1|1|1|1|1
6205,1,False,1,0,1,1|1|1|1|1|1|1|1|1|1
6218,1,False,1,1,1,1|3|1|1|1|1|1|1|1|1
6239,1,False,1,7,3,3|3|3|3|1|1|3|5|1|3
6273,1,False,1,0,1,1|1|1|1|1|1|1|1|1|1
6277,1,False,1,0,1,1|1|1|1|1|1|1|1|1|1
6289,1,False,1,1,1,1|1|3|1|1|1|1|1|1|1
6300,1,False,1,0,1,1|1|1|1|1|1|1|1|1|1
6303,1,False,1,0,1,1|1|1|1|1|1|1|1|1|1
6312,1,False,1,3,1,1|1|0|1|1|1|5|2|1|1
6323,1,False,1,10,4,4|4|4|3|4|2|4|2|4|4
6326,1,False,1,2,1,1|1|1|1|1|1|3|1|3|1
6351,1,False,1,0,1,1|1|1|1|1|1|1|1|1|1
6358,1,False,1,10,5,3|2|5|2|5|5|5|3|3|2
6366,1,False,1,4,1,1|1|1|3|3|1|3|1|1|3
6371,1,False,1,0,1,1|1|1|1|1|1|1|1|1|1
6378,1,False,1,0,1,1|1|1|1|1|1|1|1|1|1
6393,1,False,1,0,1,1|1|1|1|1|1|1|1|1|1
6405,1,False,1,10,3,3|7|7|3|7|7|3|3|3|3
6418,1,False,1,0,1,1|1|1|1|1|1|1|1|1|1
6419,1,False,1,0,1,1|1|1|1|1|1|1|1|1|1
6423,1,False,1,5,-1,2|1|1|2|2|2|2|1|1|1
6430,1,False,1,0,1,1|1|1|1|1|1|1|1|1|1
6433,1,False,1,3,1,1|4|5|1|1|1|1|1|5|1
6437,1,False,1,0,1,1|1|1|1|1|1|1|1|1|1
6441,1,False,1,2,1,1|1|1|1|1|1|3|1|1|3
6447,1,False,1,8,2,2|2|3|5|1|1|2|2|2|3
6454,1,False,1,0,1,1|1|1|1|1|1|1|1|1|1
6456,1,False,1,0,1,1|1|1|1|1|1|1|1|1|1
6459,1,False,1,0,1,1|1|1|1|1|1|1|1|1|1
6474,1,False,1,0,1,1|1|1|1|1|1|1|1|1|1
6488,1,False,1,0,1,1|1|1|1|1|1|1|1|1|1
6511,1,False,1,2,1,2|1|3|1|1|1|1|1|1|1
6524,1,False,1,9,5,1|5|5|5|5|5|5|4|4|5
6542,1,False,1,6,0,1|0|0|0|0|1|1|0|1|4
6562,1,False,1,0,1,1|1|1|1|1|1|1|1|1|1
6567,1,False,1,3,1,1|1|1|2|1|1|2|1|2|1
6572,1,False,1,5,1,5|1|5|1|1|5|1|0|0|1
6589,1,False,1,0,1,1|1|1|1|1|1|1|1|1|1
6610,1,False,1,4,1,1|1|1|0|0|1|1|0|1|0
6643,1,False,1,3,1,5|1|5|1|1|1|1|1|5|1
6652,1,False,1,0,1,1|1|1|1|1|1|1|1|1|1
6653,1,False,1,0,1,1|1|1|1|1|1|1|1|1|1
6663,1,False,1,10,2,2|2|2|2|2|2|2|3|2|2
6679,1,False,1,5,1,5|0|1|0|0|1|0|1|1|1
6684,1,False,1,10,5,4|5|4|5|5|4|5|5|5|5
6704,1,False,1,0,1,1|1|1|1|1|1|1|1|1|1
6707,1,False,1,10,0,0|0|0|0|0|0|0|0|0|0
6711,1,False,1,0,1,1|1|1|1|1|1|1|1|1|1
6715,1,False,1,0,1,1|1|1|1|1|1|1|1|1|1
6725,1,False,1,9,2,3|2|3|2|2|1|2|2|2|2
6739,1,False,1,0,1,1|1|1|1|1|1|1|1|1|1
6745,1,False,1,0,1,1|1|1|1|1|1|1|1|1|1
6753,1,False,1,0,1,1|1|1|1|1|1|1|1|1|1
6759,1,False,1,2,1,1|1|1|1|3|3|1|1|1|1
6768,1,False,1,0,1,1|1|1|1|1|1|1|1|1|1
6770,1,False,1,0,1,1|1|1|1|1|1|1|1|1|1
6772,1,False,1,0,1,1|1|1|1|1|1|1|1|1|1
6773,1,False,1,2,1,4|1|1|1|1|1|5|1|1|1
6782,1,False,1,0,1,1|1|1|1|1|1|1|1|1|1
6788,1,False,1,0,1,1|1|1|1|1|1|1|1|1|1
6800,1,False,1,1,1,1|1|1|1|1|4|1|1|1|1
6820,1,False,1,0,1,1|1|1|1|1|1|1|1|1|1
6823,1,False,1,10,0,0|0|0|0|0|0|0|0|0|0
6824,1,False,1,10,3,3|5|3|3|3|3|3|2|2|2
6825,1,False,1,0,1,1|1|1|1|1|1|1|1|1|1
6830,1,False,1,10,-1,2|3|3|2|3|3|2|3|2|2
6838,1,False,1,10,5,5|5|4|5|8|5|5|4|5|5
6854,1,False,1,7,7,7|7|1|7|7|1|1|7|4|7
6857,1,False,1,1,1,1|1|3|1|1|1|1|1|1|1
6859,1,False,1,0,1,1|1|1|1|1|1|1|1|1|1
6879,1,False,1,8,4,1|4|1|4|4|4|4|4|4|4
6887,1,False,1,4,1,1|1|1|0|8|8|0|1|1|1
6898,1,False,1,0,1,1|1|1|1|1|1|1|1|1|1
6899,1,False,1,0,1,1|1|1|1|1|1|1|1|1|1
6900,1,False,1,1,1,1|1|0|1|1|1|1|1|1|1
6921,1,False,1,10,2,3|3|3|2|2|2|0|2|2|2
6935,1,False,1,0,1,1|1|1|1|1|1|1|1|1|1
6945,1,False,1,4,1,1|1|1|0|0|1|0|1|1|0
6948,1,False,1,0,1,1|1|1|1|1|1|1|1|1|1
6957,1,False,1,0,1,1|1|1|1|1|1|1|1|1|1
6969,1,False,1,0,1,1|1|1|1|1|1|1|1|1|1
6970,1,False,1,0,1,1|1|1|1|1|1|1|1|1|1
6993,1,False,1,10,2,3|2|2|2|2|2|2|2|2|3
6999,1,False,1,0,1,1|1|1|1|1|1|1|1|1|1
7022,1,False,1,0,1,1|1|1|1|1|1|1|1|1|1
7029,1,False,1,0,1,1|1|1|1|1|1|1|1|1|1
7030,1,False,1,0,1,1|1|1|1|1|1|1|1|1|1
7052,1,False,1,8,3,3|1|3|3|3|1|3|3|2|3
7057,1,False,1,3,1,1|1|0|1|0|1|1|0|1|1
7060,1,False,1,0,1,1|1|1|1|1|1|1|1|1|1
7073,1,False,1,1,1,1|1|3|1|1|1|1|1|1|1
7075,1,False,1,0,1,1|1|1|1|1|1|1|1|1|1
7080,1,False,1,0,1,1|1|1|1|1|1|1|1|1|1
7125,1,False,1,0,1,1|1|1|1|1|1|1|1|1|1
7132,1,False,1,0,1,1|1|1|1|1|1|1|1|1|1
7133,1,False,1,0,1,1|1|1|1|1|1|1|1|1|1
7137,1,False,1,0,1,1|1|1|1|1|1|1|1|1|1
7145,1,False,1,0,1,1|1|1|1|1|1|1|1|1|1
7153,1,False,1,0,1,1|1|1|1|1|1|1|1|1|1
7168,1,False,1,0,1,1|1|1|1|1|1|1|1|1|1
7169,1,False,1,10,-1,2|3|3|2|3|2|3|2|3|2
7171,1,False,1,10,4,4|4|4|4|4|4|4|4|4|4
7180,1,False,1,1,1,1|1|1|1|0|1|1|1|1|1
7223,1,False,1,8,0,0|2|1|0|0|0|0|0|1|0
7239,1,False,1,1,1,3|1|1|1|1|1|1|1|1|1
7247,1,False,1,0,1,1|1|1|1|1|1|1|1|1|1
7252,1,False,1,4,1,1|3|1|1|3|0|3|1|1|1
7257,1,False,1,0,1,1|1|1|1|1|1|1|1|1|1
7267,1,False,1,0,1,1|1|1|1|1|1|1|1|1|1
7269,1,False,1,10,0,0|0|0|0|0|0|0|0|0|0
7285,1,False,1,0,1,1|1|1|1|1|1|1|1|1|1
7287,1,False,1,0,1,1|1|1|1|1|1|1|1|1|1
7291,1,False,1,9,5,5|5|5|5|5|5|5|1|5|5
7299,1,False,1,10,-1,5|7|5|6|6|6|7|7|6|7
7307,1,False,1,9,0,1|0|0|0|0|0|0|0|0|0
7321,1,False,1,0,1,1|1|1|1|1|1|1|1|1|1
7350,1,False,1,1,1,1|1|1|1|1|1|1|0|1|1
7362,1,False,1,0,1,1|1|1|1|1|1|1|1|1|1
7363,1,False,1,9,3,3|5|3|3|3|3|3|1|5|5
7364,1,False,1,0,1,1|1|1|1|1|1|1|1|1|1
7367,1,False,1,2,1,4|1|4|1|1|1|1|1|1|1
7380,1,False,1,6,1,5|4|1|1|4|5|4|1|1|5
7384,1,False,1,0,1,1|1|1|1|1|1|1|1|1|1
7398,1,False,1,9,7,5|7|1|7|7|7|7|7|7|7
7401,1,False,1,0,1,1|1|1|1|1|1|1|1|1|1
7411,1,False,1,6,5,1|5|5|5|5|5|1|1|1|5
7413,1,False,1,10,3,3|3|3|3|3|3|2|2|3|2
7417,1,False,1,10,0,0|0|0|0|0|0|0|0|0|0
7432,1,False,1,0,1,1|1|1|1|1|1|1|1|1|1
7453,1,False,1,0,1,1|1|1|1|1|1|1|1|1|1
7463,1,False,1,2,1,1|1|5|1|5|1|1|1|1|1
7467,1,False,1,0,1,1|1|1|1|1|1|1|1|1|1
7485,1,False,1,1,1,1|1|1|1|1|2|1|1|1|1
7493,1,False,1,0,1,1|1|1|1|1|1|1|1|1|1
7501,1,False,1,4,1,1|2|3|1|1|1|3|1|1|0
7510,1,False,1,0,1,1|1|1|1|1|1|1|1|1|1
7519,1,False,1,1,1,1|1|1|5|1|1|1|1|1|1
7521,1,False,1,8,0,3|0|3|0|0|1|3|0|1|0
7531,1,False,1,0,1,1|1|1|1|1|1|1|1|1|1
7541,1,False,1,4,1,1|1|3|1|3|3|3|1|1|1
7556,1,False,1,0,1,1|1|1|1|1|1|1|1|1|1
7558,1,False,1,5,-1,1|3|1|3|1|3|3|1|3|1
7564,1,False,1,0,1,1|1|1|1|1|1|1|1|1|1
7581,1,False,1,0,1,1|1|1|1|1|1|1|1|1|1
7584,1,False,1,3,1,1|1|2|1|1|2|2|1|1|1
7597,1,False,1,2,1,0|1|0|1|1|1|1|1|1|1
7601,1,False,1,0,1,1|1|1|1|1|1|1|1|1|1
7621,1,False,1,10,4,4|5|4|0|4|4|4|0|4|4
7638,1,False,1,0,1,1|1|1|1|1|1|1|1|1|1
7654,1,False,1,6,1,3|1|3|5|1|1|1|5|5|3
7661,1,False,1,9,3,3|3|3|1|2|2|3|3|3|3
7663,1,False,1,10,4,4|4|4|4|4|5|4|4|4|4
7666,1,False,1,0,1,1|1|1|1|1|1|1|1|1|1
7680,1,False,1,0,1,1|1|1|1|1|1|1|1|1|1
7688,1,False,1,0,1,1|1|1|1|1|1|1|1|1|1
7713,1,False,1,5,-1,1|0|0|0|1|0|1|1|0|1
7728,1,False,1,1,1,1|1|1|1|1|1|1|0|1|1
7743,1,False,1,0,1,1|1|1|1|1|1|1|1|1|1
7746,1,False,1,0,1,1|1|1|1|1|1|1|1|1|1
7751,1,False,1,5,-1,1|3|1|1|3|3|3|3|1|1
7756,1,False,1,0,1,1|1|1|1|1|1|1|1|1|1
7761,1,False,1,1,1,1|1|2|1|1|1|1|1|1|1
7774,1,False,1,1,1,1|0|1|1|1|1|1|1|1|1
7781,1,False,1,0,1,1|1|1|1|1|1|1|1|1|1
7788,1,False,1,0,1,1|1|1|1|1|1|1|1|1|1
7790,1,False,1,0,1,1|1|1|1|1|1|1|1|1|1
7819,1,False,1,0,1,1|1|1|1|1|1|1|1|1|1
7829,1,False,1,0,1,1|1|1|1|1|1|1|1|1|1
7830,1,False,1,1,1,1|1|2|1|1|1|1|1|1|1
7833,1,False,1,10,2,2|2|3|2|2|2|2|2|2|3
7841,1,False,1,0,1,1|1|1|1|1|1|1|1|1|1
7872,1,False,1,0,1,1|1|1|1|1|1|1|1|1|1
7880,1,False,1,2,1,1|1|1|1|3|1|3|1|1|1
7895,1,False,1,0,1,1|1|1|1|1|1|1|1|1|1
7898,1,False,1,0,1,1|1|1|1|1|1|1|1|1|1
7900,1,False,1,10,0,0|0|0|0|0|2|0|0|0|0
7907,1,False,1,1,1,5|1|1|1|1|1|1|1|1|1
7918,1,False,1,0,1,1|1|1|1|1|1|1|1|1|1
7927,1,False,1,7,4,1|4|1|4|4|4|4|1|4|4
7936,1,False,1,4,1,1|1|1|1|0|1|5|1|0|5
7947,1,False,1,0,1,1|1|1|1|1|1|1|1|1|1
7948,1,False,1,0,1,1|1|1|1|1|1|1|1|1|1
7950,1,False,1,10,5,4|5|5|5|4|4|5|4|5|5
7959,1,False,1,0,1,1|1|1|1|1|1|1|1|1|1
7977,1,False,1,1,1,1|1|1|1|1|1|1|1|3|1
7981,1,False,1,10,5,5|5|5|5|5|5|5|5|5|5
7990,1,False,1,3,1,1|1|0|1|1|1|1|0|0|1
7995,1,False,1,5,-1,4|4|1|1|4|4|4|1|1|1
8001,1,False,1,9,6,1|6|7|3|6|6|0|0|6|0
8006,1,False,1,10,2,2|2|3|2|3|2|2|3|2|3
8015,1,False,1,0,1,1|1|1|1|1|1|1|1|1|1
8024,1,False,1,2,1,1|1|1|1|3|1|3|1|1|1
8031,1,False,1,0,1,1|1|1|1|1|1|1|1|1|1
8032,1,False,1,0,1,1|1|1|1|1|1|1|1|1|1
8036,1,False,1,0,1,1|1|1|1|1|1|1|1|1|1
8037,1,False,1,10,6,6|6|6|2|6|6|6|2|0|6
8052,1,False,1,0,1,1|1|1|1|1|1|1|1|1|1
8067,1,False,1,0,1,1|1|1|1|1|1|1|1|1|1
8082,1,False,1,10,5,2|5|5|5|5|5|5|4|5|5
8089,1,False,1,2,1,0|1|1|0|1|1|1|1|1|1
8094,1,False,1,0,1,1|1|1|1|1|1|1|1|1|1
8114,1,False,1,0,1,1|1|1|1|1|1|1|1|1|1
8117,1,False,1,4,1,3|1|1|3|1|1|1|1|3|3
8133,1,False,1,6,3,3|3|3|1|1|3|3|1|1|3
8143,1,False,1,2,1,1|2|2|1|1|1|1|1|1|1
8163,1,False,1,0,1,1|1|1|1|1|1|1|1|1|1
8167,1,False,1,9,0,0|0|0|0|0|0|0|4|0|1
8202,1,False,1,9,5,5|0|5|5|0|5|5|5|5|1
8203,1,False,1,5,-1,1|1|1|0|0|0|1|0|0|1
8222,1,False,1,0,1,1|1|1|1|1|1|1|1|1|1
8240,1,False,1,0,1,1|1|1|1|1|1|1|1|1|1
8252,1,False,1,0,1,1|1|1|1|1|1|1|1|1|1
8255,1,False,1,0,1,1|1|1|1|1|1|1|1|1|1
8258,1,False,1,0,1,1|1|1|1|1|1|1|1|1|1
8271,1,False,1,0,1,1|1|1|1|1|1|1|1|1|1
8285,1,False,1,1,1,1|1|3|1|1|1|1|1|1|1
8289,1,False,1,0,1,1|1|1|1|1|1|1|1|1|1
8291,1,False,1,0,1,1|1|1|1|1|1|1|1|1|1
8305,1,False,1,0,1,1|1|1|1|1|1|1|1|1|1
8331,1,False,1,7,3,2|3|1|3|8|3|2|1|1|3
8346,1,False,1,5,-1,0|1|0|1|0|1|0|1|0|1
8352,1,False,1,1,1,1|1|1|1|1|1|1|1|1|3
8357,1,False,1,0,1,1|1|1|1|1|1|1|1|1|1
8359,1,False,1,10,5,5|5|5|5|5|5|5|5|5|5
8369,1,False,1,0,1,1|1|1|1|1|1|1|1|1|1
8387,1,False,1,0,1,1|1|1|1|1|1|1|1|1|1
8397,1,False,1,5,-1,9|9|1|1|9|1|9|9|1|1
8403,1,False,1,10,9,9|8|9|8|9|9|8|8|9|9
8408,1,False,1,0,1,1|1|1|1|1|1|1|1|1|1
8413,1,False,1,0,1,1|1|1|1|1|1|1|1|1|1
8420,1,False,1,0,1,1|1|1|1|1|1|1|1|1|1
8438,1,False,1,2,1,1|1|1|1|0|1|1|1|0|1
8447,1,False,1,3,1,1|1|1|1|2|2|2|1|1|1
8454,1,False,1,0,1,1|1|1|1|1|1|1|1|1|1
8469,1,False,1,0,1,1|1|1|1|1|1|1|1|1|1
8470,1,False,1,0,1,1|1|1|1|1|1|1|1|1|1
8472,1,False,1,8,0,0|0|0|0|0|0|0|1|0|1
8476,1,False,1,6,0,1|1|1|0|0|3|0|1|0|0
8481,1,False,1,8,0,6|0|0|7|0|0|1|0|1|0
8482,1,False,1,10,6,6|6|6|6|6|6|6|6|4|6
8489,1,False,1,3,1,1|1|2|3|1|1|1|1|2|1
8492,1,False,1,0,1,1|1|1|1|1|1|1|1|1|1
8525,1,False,1,0,1,1|1|1|1|1|1|1|1|1|1
8535,1,False,1,10,7,7|7|7|7|7|7|7|7|7|7
8545,1,False,1,1,1,1|1|1|0|1|1|1|1|1|1
8563,1,False,1,0,1,1|1|1|1|1|1|1|1|1|1
8573,1,False,1,0,1,1|1|1|1|1|1|1|1|1|1
8575,1,False,1,6,-1,1|7|7|1|3|1|7|7|1|3
8581,1,False,1,0,1,1|1|1|1|1|1|1|1|1|1
8594,1,False,1,1,1,1|1|1|1|1|3|1|1|1|1
8610,1,False,1,0,1,1|1|1|1|1|1|1|1|1|1
8612,1,False,1,6,0,0|1|0|0|0|1|1|0|0|1
8613,1,False,1,0,1,1|1|1|1|1|1|1|1|1|1
8628,1,False,1,0,1,1|1|1|1|1|1|1|1|1|1
8650,1,False,1,10,6,2|2|6|2|6|6|6|6|6|8
8712,1,False,1,0,1,1|1|1|1|1|1|1|1|1|1
8713,1,False,1,2,1,0|1|1|0|1|1|1|1|1|1
8728,1,False,1,5,-1,5|1|1|1|1|5|5|1|5|5
8746,1,False,1,2,1,1|1|1|8|1|2|1|1|1|1
8747,1,False,1,0,1,1|1|1|1|1|1|1|1|1|1
8773,1,False,1,0,1,1|1|1|1|1|1|1|1|1|1
8781,1,False,1,6,3,3|3|2|1|3|1|3|1|1|3
8788,1,False,1,2,1,5|1|5|1|1|1|1|1|1|1
8789,1,False,1,0,1,1|1|1|1|1|1|1|1|1|1
8793,1,False,1,9,4,1|4|4|4|4|4|4|4|4|4
8798,1,False,1,1,1,1|1|1|1|1|1|1|1|0|1
8813,1,False,1,2,1,1|1|1|1|1|1|1|0|0|1
8819,1,False,1,1,1,1|1|3|1|1|1|1|1|1|1
8825,1,False,1,3,1,1|1|1|1|3|1|3|1|2|1
8841,1,False,1,10,0,0|0|2|0|0|0|0|0|5|0
8864,1,False,1,0,1,1|1|1|1|1|1|1|1|1|1
8865,1,False,1,0,1,1|1|1|1|1|1|1|1|1|1
8869,1,False,1,0,1,1|1|1|1|1|1|1|1|1|1
8925,1,False,1,2,1,2|1|1|1|1|1|2|1|1|1
8927,1,False,1,2,1,1|1|1|1|1|1|5|1|1|5
8937,1,False,1,0,1,1|1|1|1|1|1|1|1|1|1
8943,1,False,1,1,1,3|1|1|1|1|1|1|1|1|1
8951,1,False,1,10,2,3|3|2|2|2|2|2|2|2|2
8971,1,False,1,9,0,2|0|0|0|0|0|0|0|1|0
8973,1,False,1,2,1,1|1|1|0|1|1|1|0|1|1
8975,1,False,1,0,1,1|1|1|1|1|1|1|1|1|1
8992,1,False,1,10,5,5|5|5|5|5|5|5|5|5|5
8993,1,False,1,4,1,1|3|1|3|3|3|1|1|1|1
8996,1,False,1,0,1,1|1|1|1|1|1|1|1|1|1
8998,1,False,1,10,0,2|0|2|0|0|0|0|3|0|0
9013,1,False,1,8,5,5|0|5|0|1|5|5|0|5|1
9018,1,False,1,0,1,1|1|1|1|1|1|1|1|1|1
9027,1,False,1,1,1,1|1|1|3|1|1|1|1|1|1
9035,1,False,1,1,1,1|1|1|1|1|1|1|3|1|1
9069,1,False,1,10,4,5|8|4|4|4|4|4|4|4|4
9081,1,False,1,0,1,1|1|1|1|1|1|1|1|1|1
9083,1,False,1,4,1,1|1|1|0|0|0|1|1|0|1
9090,1,False,1,6,0,0|0|1|1|1|0|1|0|5|0
9110,1,False,1,1,1,1|1|1|1|5|1|1|1|1|1
9122,1,False,1,0,1,1|1|1|1|1|1|1|1|1|1
9125,1,False,1,0,1,1|1|1|1|1|1|1|1|1|1
9137,1,False,1,8,3,3|3|1|1|3|3|3|3|3|3
9138,1,False,1,4,1,1|2|1|2|1|1|1|1|3|2
9145,1,False,1,10,0,0|0|0|0|0|0|0|0|0|0
9165,1,False,1,0,1,1|1|1|1|1|1|1|1|1|1
9196,1,False,1,0,1,1|1|1|1|1|1|1|1|1|1
9232,1,False,1,6,0,1|0|0|0|1|0|0|1|1|0
9238,1,False,1,0,1,1|1|1|1|1|1|1|1|1|1
9250,1,False,1,8,4,4|1|4|4|4|4|4|1|4|4
9255,1,False,1,0,1,1|1|1|1|1|1|1|1|1|1
9267,1,False,1,2,1,1|1|1|1|1|1|5|1|1|2
9269,1,False,1,0,1,1|1|1|1|1|1|1|1|1|1
9274,1,False,1,0,1,1|1|1|1|1|1|1|1|1|1
9279,1,False,1,0,1,1|1|1|1|1|1|1|1|1|1
9282,1,False,1,1,1,3|1|1|1|1|1|1|1|1|1
9298,1,False,1,9,3,3|3|1|3|3|3|3|3|3|3
9310,1,False,1,0,1,1|1|1|1|1|1|1|1|1|1
9319,1,False,1,0,1,1|1|1|1|1|1|1|1|1|1
9335,1,False,1,0,1,1|1|1|1|1|1|1|1|1|1
9343,1,False,1,0,1,1|1|1|1|1|1|1|1|1|1
9345,1,False,1,4,1,1|1|1|0|0|1|0|1|1|0
9348,1,False,1,10,5,5|5|5|5|5|5|5|5|5|5
9351,1,False,1,0,1,1|1|1|1|1|1|1|1|1|1
9360,1,False,1,0,1,1|1|1|1|1|1|1|1|1|1
9393,1,False,1,2,1,1|1|1|2|1|1|1|1|1|2
9404,1,False,1,1,1,1|1|1|1|1|1|2|1|1|1
9408,1,False,1,0,1,1|1|1|1|1|1|1|1|1|1
9422,1,False,1,0,1,1|1|1|1|1|1|1|1|1|1
9424,1,False,1,8,2,2|1|2|2|2|1|2|0|3|3
9449,1,False,1,0,1,1|1|1|1|1|1|1|1|1|1
9455,1,False,1,5,1,1|0|1|0|0|8|0|1|1|1
9458,1,False,1,9,-1,2|5|1|3|3|5|3|5|5|3
9480,1,False,1,0,1,1|1|1|1|1|1|1|1|1|1
9485,1,False,1,7,4,1|4|1|2|1|2|4|4|5|4
9486,1,False,1,0,1,1|1|1|1|1|1|1|1|1|1
9511,1,False,1,0,1,1|1|1|1|1|1|1|1|1|1
9523,1,False,1,1,1,3|1|1|1|1|1|1|1|1|1
9524,1,False,1,0,1,1|1|1|1|1|1|1|1|1|1
9535,1,False,1,9,3,3|5|5|3|3|3|3|1|3|3
9538,1,False,1,10,0,0|0|0|0|0|0|0|0|0|0
9543,1,False,1,0,1,1|1|1|1|1|1|1|1|1|1
9545,1,False,1,0,1,1|1|1|1|1|1|1|1|1|1
9566,1,False,1,0,1,1|1|1|1|1|1|1|1|1|1
9586,1,False,1,0,1,1|1|1|1|1|1|1|1|1|1
9589,1,False,1,3,1,1|1|1|0|1|1|1|0|1|0
9594,1,False,1,10,2,2|2|3|2|2|2|2|2|3|2
9606,1,False,1,0,1,1|1|1|1|1|1|1|1|1|1
9616,1,False,1,8,3,3|3|3|3|1|3|3|3|1|3
9619,1,False,1,0,1,1|1|1|1|1|1|1|1|1|1
9633,1,False,1,0,1,1|1|1|1|1|1|1|1|1|1
9636,1,False,1,7,5,1|1|5|5|5|5|5|1|5|5
9642,1,False,1,1,1,1|1|1|1|4|1|1|1|1|1
9653,1,False,1,0,1,1|1|1|1|1|1|1|1|1|1
9655,1,False,1,1,1,1|1|1|1|1|1|1|1|1|3
9671,1,False,1,8,5,1|5|5|5|5|5|5|2|1|5
9692,1,False,1,9,3,3|3|1|3|3|2|3|3|3|3
9700,1,False,1,1,1,1|1|1|1|1|1|1|3|1|1
9705,1,False,1,0,1,1|1|1|1|1|1|1|1|1|1
9707,1,False,1,10,5,5|5|5|5|5|4|7|5|4|5
9725,1,False,1,0,1,1|1|1|1|1|1|1|1|1|1
9738,1,False,1,0,1,1|1|1|1|1|1|1|1|1|1
9767,1,False,1,8,3,3|3|1|3|3|3|3|1|3|3
9776,1,False,1,0,1,1|1|1|1|1|1|1|1|1|1
9780,1,False,1,10,4,4|4|4|4|4|4|4|4|4|4
9792,1,False,1,0,1,1|1|1|1|1|1|1|1|1|1
9796,1,False,1,10,3,3|3|3|3|2|3|2|3|2|3
9798,1,False,1,6,-1,1|0|2|0|0|1|3|0|1|1
9818,1,False,1,3,1,1|1|0|1|0|1|1|0|1|1
9822,1,False,1,10,3,3|3|3|3|2|3|3|3|3|2
9825,1,False,1,6,1,3|1|2|1|2|1|3|3|2|1
9827,1,False,1,9,3,1|3|3|2|2|3|3|2|3|3
9831,1,False,1,4,1,1|1|3|1|5|5|1|1|1|3
9864,1,False,1,0,1,1|1|1|1|1|1|1|1|1|1
9882,1,False,1,0,1,1|1|1|1|1|1|1|1|1|1
9895,1,False,1,0,1,1|1|1|1|1|1|1|1|1|1
9897,1,False,1,10,5,5|8|3|0|5|5|8|5|5|5
9905,1,False,1,9,3,5|1|2|3|2|3|3|3|2|3
9906,1,False,1,0,1,1|1|1|1|1|1|1|1|1|1
9912,1,False,1,10,2,2|2|3|3|2|2|3|2|3|2
9921,1,False,1,0,1,1|1|1|1|1|1|1|1|1|1
9925,1,False,1,9,0,0|0|0|0|1|7|0|2|7|2
9944,1,False,1,0,1,1|1|1|1|1|1|1|1|1|1
9949,1,False,1,0,1,1|1|1|1|1|1|1|1|1|1
9951,1,False,1,2,1,1|1|3|1|1|1|1|3|1|1
9953,1,False,1,10,0,0|8|0|8|0|0|0|0|0|0
9954,1,False,1,1,1,1|1|1|0|1|1|1|1|1|1
9974,1,False,1,8,5,1|5|4|5|5|5|5|4|5|1
9980,1,False,1,3,1,0|1|1|1|1|1|1|0|2|1
9985,1,False,1,0,1,1|1|1|1|1|1|1|1|1|1
9986,1,False,1,0,1,1|1|1|1|1|1|1|1|1|1
10001,1,False,1,0,1,1|1|1|1|1|1|1|1|1|1
10003,1,False,1,0,1,1|1|1|1|1|1|1|1|1|1
10007,1,False,1,10,5,0|5|5|5|5|5|3|5|5|5
10049,1,False,1,10,0,0|0|0|0|0|0|0|0|0|0
10050,1,False,1,0,1,1|1|1|1|1|1|1|1|1|1
10058,1,False,1,0,1,1|1|1|1|1|1|1|1|1|1
10065,1,False,1,1,1,1|1|0|1|1|1|1|1|1|1
10070,1,False,1,1,1,2|1|1|1|1|1|1|1|1|1
10074,2,False,2,9,3,3|3|3|3|1|3|3|3|3|2
10094,2,False,2,0,2,2|2|2|2|2|2|2|2|2|2
10101,2,False,2,4,2,2|3|2|2|2|2|1|3|3|2
10103,2,False,2,0,2,2|2|2|2|2|2|2|2|2|2
10106,2,False,2,10,0,0|0|0|0|0|0|0|0|0|0
10113,2,False,2,4,2,2|3|3|2|2|3|3|2|2|2
10118,2,False,2,8,3,3|3|3|3|3|2|3|3|1|2
10119,2,False,2,7,0,3|0|2|0|0|2|0|3|2|0
10132,2,False,2,9,1,1|1|0|0|1|2|1|0|5|1
10149,2,False,2,0,2,2|2|2|2|2|2|2|2|2|2
10157,2,False,2,9,5,5|5|5|3|5|5|5|2|5|5
10159,2,False,2,4,2,2|3|3|2|2|3|3|2|2|2
10172,2,False,2,0,2,2|2|2|2|2|2|2|2|2|2
10177,2,False,2,9,3,3|2|3|3|3|3|3|3|3|3
10191,2,False,2,0,2,2|2|2|2|2|2|2|2|2|2
10193,2,False,2,2,2,2|2|2|2|3|2|2|2|8|2
10194,2,False,2,9,3,3|3|3|3|2|3|3|3|3|3
10206,2,False,2,9,3,3|3|3|3|2|3|3|3|3|3
10223,2,False,2,7,0,3|3|2|0|2|3|0|0|2|0
10238,2,False,2,10,-1,3|3|3|1|3|1|1|1|1|3
10242,2,False,2,10,3,3|3|3|3|3|3|3|3|3|3
10251,2,False,2,0,2,2|2|2|2|2|2|2|2|2|2
10258,2,False,2,1,2,2|2|2|2|2|2|2|2|0|2
10301,2,False,2,0,2,2|2|2|2|2|2|2|2|2|2
10308,2,False,2,0,2,2|2|2|2|2|2|2|2|2|2
10319,2,False,2,8,3,3|3|3|3|2|3|2|3|3|3
10320,2,False,2,9,1,3|1|1|1|5|1|4|2|5|4
10322,2,False,2,0,2,2|2|2|2|2|2|2|2|2|2
10332,2,False,2,9,3,3|3|3|3|3|3|2|3|3|3
10352,2,False,2,1,2,2|2|3|2|2|2|2|2|2|2
10364,2,False,2,0,2,2|2|2|2|2|2|2|2|2|2
10368,2,False,2,2,2,3|2|2|2|2|2|1|2|2|2
10373,2,False,2,0,2,2|2|2|2|2|2|2|2|2|2
10380,2,False,2,4,2,3|2|2|2|2|3|3|2|2|3
10382,2,False,2,0,2,2|2|2|2|2|2|2|2|2|2
10390,2,False,2,6,-1,0|0|3|2|0|2|3|0|2|2
10405,2,False,2,6,3,2|3|3|3|2|3|1|2|2|3
10418,2,False,2,1,2,2|2|2|2|2|2|2|2|3|2
10420,2,False,2,1,2,3|2|2|2|2|2|2|2|2|2
10425,2,False,2,1,2,0|2|2|2|2|2|2|2|2|2
10433,2,False,2,10,5,5|5|3|3|8|8|5|0|5|9
10436,2,False,2,4,2,2|3|3|3|3|2|2|2|2|2
10439,2,False,2,0,2,2|2|2|2|2|2|2|2|2|2
10447,2,False,2,0,2,2|2|2|2|2|2|2|2|2|2
10455,2,False,2,0,2,2|2|2|2|2|2|2|2|2|2
10458,2,False,2,0,2,2|2|2|2|2|2|2|2|2|2
10464,2,False,2,0,2,2|2|2|2|2|2|2|2|2|2
10465,2,False,2,8,-1,0|2|1|1|1|2|0|1|0|0
10469,2,False,2,0,2,2|2|2|2|2|2|2|2|2|2
10512,2,False,2,10,6,6|6|6|6|6|6|6|6|6|6
10518,2,False,2,10,3,1|3|3|1|1|1|3|3|3|3
10526,2,False,2,4,2,2|2|8|2|8|2|2|8|8|2
10537,2,False,2,1,2,2|2|2|2|2|1|2|2|2|2
10556,2,False,2,3,2,2|2|3|2|3|3|2|2|2|2
10564,2,False,2,9,3,1|3|3|3|3|3|3|3|2|3
10567,2,False,2,0,2,2|2|2|2|2|2|2|2|2|2
10588,2,False,2,0,2,2|2|2|2|2|2|2|2|2|2
10591,2,False,2,10,3,3|3|3|0|0|3|0|3|3|3
10592,2,False,2,0,2,2|2|2|2|2|2|2|2|2|2
10599,2,False,2,3,2,2|3|2|2|1|3|2|2|2|2
10604,2,False,2,3,2,2|2|2|0|2|2|2|1|0|2
10628,2,False,2,10,0,0|0|0|0|0|0|0|0|0|0
10639,2,False,2,0,2,2|2|2|2|2|2|2|2|2|2
10640,2,False,2,3,2,0|3|2|2|2|3|2|2|2|2
10642,2,False,2,10,1,1|1|1|1|1|1|1|1|1|1
10651,2,False,2,9,3,3|3|3|3|3|3|3|2|3|3
10656,2,False,2,0,2,2|2|2|2|2|2|2|2|2|2
10662,2,False,2,3,2,3|2|3|2|3|2|2|2|2|2
10687,2,False,2,1,2,3|2|2|2|2|2|2|2|2|2
10690,2,False,2,5,2,2|0|6|2|2|0|3|2|2|0
10694,2,False,2,0,2,2|2|2|2|2|2|2|2|2|2
10699,2,False,2,0,2,2|2|2|2|2|2|2|2|2|2
10704,2,False,2,6,-1,2|4|2|4|4|4|6|2|2|0
10709,2,False,2,10,6,6|6|6|6|6|6|6|9|9|6
10714,2,False,2,4,2,2|3|3|3|2|2|2|2|2|3
10717,2,False,2,0,2,2|2|2|2|2|2|2|2|2|2
10735,2,False,2,8,3,3|3|2|3|2|0|3|3|3|3
10752,2,False,2,1,2,2|2|2|2|2|2|2|2|3|2
10769,2,False,2,7,3,3|3|2|3|2|3|2|3|3|3
10771,2,False,2,0,2,2|2|2|2|2|2|2|2|2|2
10772,2,False,2,1,2,3|2|2|2|2|2|2|2|2|2
10778,2,False,2,8,3,3|2|3|0|0|1|3|3|3|2
10788,2,False,2,1,2,2|2|3|2|2|2|2|2|2|2
10799,2,False,2,2,2,2|2|1|2|1|2|2|2|2|2
10819,2,False,2,0,2,2|2|2|2|2|2|2|2|2|2
10845,2,False,2,1,2,2|2|3|2|2|2|2|2|2|2
10850,2,False,2,8,3,3|3|1|2|3|3|2|3|1|3
10863,2,False,2,0,2,2|2|2|2|2|2|2|2|2|2
10870,2,False,2,8,3,2|3|3|3|3|3|3|2|3|3
10879,2,False,2,0,2,2|2|2|2|2|2|2|2|2|2
10884,2,False,2,4,2,2|2|2|6|2|2|6|8|2|6
10901,2,False,2,0,2,2|2|2|2|2|2|2|2|2|2
10911,2,False,2,8,0,0|2|0|0|0|0|2|0|1|0
10933,2,False,2,0,2,2|2|2|2|2|2|2|2|2|2
10934,2,False,2,0,2,2|2|2|2|2|2|2|2|2|2
10937,2,False,2,5,2,2|3|2|3|1|2|1|2|1|2
10947,2,False,2,0,2,2|2|2|2|2|2|2|2|2|2
10949,2,False,2,9,3,3|5|3|5|5|3|3|2|5|3
10976,2,False,2,3,2,2|2|3|3|2|2|3|2|2|2
11000,2,False,2,5,-1,2|2|3|2|2|3|3|2|3|3
11011,2,False,2,9,3,3|3|3|3|3|3|3|3|3|2
11012,2,False,2,0,2,2|2|2|2|2|2|2|2|2|2
11046,2,False,2,2,2,2|2|0|2|2|2|2|2|2|0
11048,2,False,2,1,2,1|2|2|2|2|2|2|2|2|2
11049,2,False,2,8,3,3|3|3|3|3|3|3|2|2|3
11063,2,False,2,8,0,3|2|3|0|0|1|2|0|0|1
11065,2,False,2,8,3,2|3|3|3|3|3|2|3|3|3
11078,2,False,2,2,2,2|2|3|2|3|2|2|2|2|2
11081,2,False,2,3,2,2|2|3|2|1|1|2|2|2|2
11104,2,False,2,5,-1,2|3|2|2|2|3|3|3|2|3
11106,2,False,2,8,0,0|2|0|0|9|0|2|0|0|0
11117,2,False,2,6,2,3|0|2|0|3|0|2|3|2|2
11123,2,False,2,9,3,3|3|3|0|2|1|0|3|3|3
11128,2,False,2,0,2,2|2|2|2|2|2|2|2|2|2
11153,2,False,2,10,3,3|3|3|3|3|3|3|3|3|3
11216,2,False,2,0,2,2|2|2|2|2|2|2|2|2|2
11222,2,False,2,8,3,3|3|3|3|2|3|2|3|3|3
11223,2,False,2,9,3,3|2|3|3|3|5|1|3|3|3
11227,2,False,2,10,1,1|1|1|4|1|1|1|1|1|1
11234,2,False,2,7,3,3|2|2|3|2|3|3|3|3|3
11235,2,False,2,10,3,3|3|5|3|3|3|3|5|3|3
11242,2,False,2,0,2,2|2|2|2|2|2|2|2|2|2
11252,2,False,2,0,2,2|2|2|2|2|2|2|2|2|2
11289,2,False,2,9,3,3|3|3|3|3|3|3|2|3|3
11321,2,False,2,0,2,2|2|2|2|2|2|2|2|2|2
11325,2,False,2,0,2,2|2|2|2|2|2|2|2|2|2
11332,2,False,2,10,3,3|3|3|3|3|3|3|3|3|3
11333,2,False,2,3,2,0|3|2|2|2|2|2|3|2|2
11340,2,False,2,6,1,2|2|1|2|1|1|2|1|1|3
11341,2,False,2,1,2,2|2|2|2|2|2|2|2|0|2
11344,2,False,2,7,3,3|3|1|1|2|2|2|3|3|3
11350,2,False,2,0,2,2|2|2|2|2|2|2|2|2|2
11353,2,False,2,0,2,2|2|2|2|2|2|2|2|2|2
11363,2,False,2,10,3,3|3|3|3|3|3|3|3|3|3
11375,2,False,2,0,2,2|2|2|2|2|2|2|2|2|2
11390,2,False,2,8,5,3|5|2|5|5|5|5|5|5|2
11391,2,False,2,8,3,3|5|3|5|5|1|3|2|2|3
11407,2,False,2,1,2,3|2|2|2|2|2|2|2|2|2
11408,2,False,2,0,2,2|2|2|2|2|2|2|2|2|2
11415,2,False,2,1,2,2|2|3|2|2|2|2|2|2|2
11429,2,False,2,0,2,2|2|2|2|2|2|2|2|2|2
11436,2,False,2,2,2,2|2|3|2|2|2|2|3|2|2
11460,2,False,2,0,2,2|2|2|2|2|2|2|2|2|2
11462,2,False,2,10,9,0|0|0|9|9|9|9|9|9|9
11465,2,False,2,7,0,0|0|0|0|2|0|0|0|2|2
11478,2,False,2,0,2,2|2|2|2|2|2|2|2|2|2
11480,2,False,2,1,2,3|2|2|2|2|2|2|2|2|2
11509,2,False,2,0,2,2|2|2|2|2|2|2|2|2|2
11510,2,False,2,5,-1,3|3|3|2|3|2|2|2|3|2
11553,2,False,2,4,2,3|3|3|2|2|2|2|3|2|2
11561,2,False,2,7,3,3|2|3|2|3|3|3|3|2|3
11584,2,False,2,3,2,3|2|2|2|6|2|2|2|2|6
11588,2,False,2,6,3,2|3|3|2|3|2|1|3|2|3
11590,2,False,2,10,8,8|8|8|8|8|8|8|8|8|8
11591,2,False,2,4,2,2|3|2|3|2|3|2|2|3|2
11626,2,False,2,6,3,3|2|3|3|3|2|3|2|3|2
11634,2,False,2,6,3,3|2|2|3|2|2|3|3|3|3
11644,2,False,2,0,2,2|2|2|2|2|2|2|2|2|2
11655,2,False,2,10,5,5|5|5|5|5|5|5|5|5|5
11657,2,False,2,4,2,2|3|2|2|3|1|1|2|2|2
11694,2,False,2,2,2,2|2|2|2|2|9|2|2|2|0
11706,2,False,2,4,2,2|3|3|2|2|2|2|2|4|3
11710,2,False,2,9,1,3|1|3|1|3|1|1|2|1|3
11713,2,False,2,9,3,3|3|3|3|3|3|3|3|2|3
11714,2,False,2,1,2,2|2|3|2|2|2|2|2|2|2
11754,2,False,2,2,2,2|2|2|2|2|2|8|2|2|8
11779,2,False,2,5,2,2|2|2|0|0|8|0|2|2|0
11789,2,False,2,0,2,2|2|2|2|2|2|2|2|2|2
11797,2,False,2,1,2,2|2|2|2|2|2|2|3|2|2
11818,2,False,2,9,1,2|1|3|1|1|1|1|1|1|1
11846,2,False,2,9,6,7|7|2|6|6|6|6|6|6|7
11859,2,False,2,7,3,2|3|3|5|3|3|2|2|3|3
11872,2,False,2,2,2,2|2|3|2|2|2|3|2|2|2
11880,2,False,2,9,0,0|0|0|0|0|2|0|0|0|0
11882,2,False,2,2,2,3|2|2|2|2|2|2|3|2|2
11893,2,False,2,0,2,2|2|2|2|2|2|2|2|2|2
11923,2,False,2,1,2,2|2|2|3|2|2|2|2|2|2
11937,2,False,2,0,2,2|2|2|2|2|2|2|2|2|2
11941,2,False,2,0,2,2|2|2|2|2|2|2|2|2|2
11944,2,False,2,6,3,3|3|2|3|2|3|3|2|2|3
11957,2,False,2,9,3,3|3|3|3|2|3|3|3|3|3
11960,2,False,2,5,-1,3|2|2|3|2|2|2|3|3|3
11961,2,False,2,9,3,3|2|3|0|0|3|0|0|3|3
11964,2,False,2,8,3,2|3|7|3|3|2|3|7|3|3
11966,2,False,2,2,2,2|2|3|2|2|3|2|2|2|2
11967,2,False,2,5,-1,3|3|3|3|2|2|3|2|2|2
11969,2,False,2,9,1,3|1|3|1|1|1|1|1|2|1
11977,2,False,2,6,3,3|3|3|2|2|2|3|3|3|2
12010,2,False,2,8,3,3|3|3|2|3|3|3|2|3|3
12014,2,False,2,1,2,2|2|2|0|2|2|2|2|2|2
12026,2,False,2,8,3,3|3|3|3|1|2|0|2|3|3
12028,2,False,2,0,2,2|2|2|2|2|2|2|2|2|2
12041,2,False,2,10,6,6|6|6|6|6|6|6|6|6|6
12043,2,False,2,3,2,2|3|3|2|3|2|2|2|2|2
12075,2,False,2,4,2,3|3|2|2|2|2|2|3|8|2
12090,2,False,2,8,1,2|1|1|1|1|1|1|2|1|1
12097,2,False,2,9,9,9|4|3|9|2|3|0|9|4|9
12099,2,False,2,0,2,2|2|2|2|2|2|2|2|2|2
12110,2,False,2,0,2,2|2|2|2|2|2|2|2|2|2
12111,2,False,2,0,2,2|2|2|2|2|2|2|2|2|2
12116,2,False,2,6,2,3|2|5|2|2|2|0|3|5|0
12120,2,False,2,5,2,2|2|3|1|2|3|1|2|1|2
12121,2,False,2,10,9,9|9|8|8|9|8|9|9|8|9
12128,2,False,2,10,3,3|3|3|3|3|3|3|3|3|3
12168,2,False,2,0,2,2|2|2|2|2|2|2|2|2|2
12179,2,False,2,1,2,2|2|2|2|2|2|2|2|3|2
12193,2,False,2,0,2,2|2|2|2|2|2|2|2|2|2
12195,2,False,2,6,-1,1|2|2|2|1|4|1|1|2|4
12196,2,False,2,4,2,2|2|3|2|3|2|2|3|3|2
12197,2,False,2,9,3,3|3|3|3|3|2|3|3|3|3
12209,2,False,2,10,1,3|1|1|1|1|1|1|1|1|1
12210,2,False,2,8,3,3|2|3|3|3|3|2|3|3|3
12221,2,False,2,0,2,2|2|2|2|2|2|2|2|2|2
12247,2,False,2,0,2,2|2|2|2|2|2|2|2|2|2
12248,2,False,2,7,0,2|0|2|0|0|0|0|0|2|0
12253,2,False,2,3,2,2|3|3|2|2|2|0|2|2|2
12256,2,False,2,10,5,5|5|5|5|5|1|5|5|5|5
12257,2,False,2,10,0,0|0|3|0|0|0|0|0|3|0
12268,2,False,2,0,2,2|2|2|2|2|2|2|2|2|2
12274,2,False,2,0,2,2|2|2|2|2|2|2|2|2|2
12280,2,False,2,0,2,2|2|2|2|2|2|2|2|2|2
12301,2,False,2,7,3,2|3|3|2|3|3|3|2|3|3
12304,2,False,2,4,2,2|3|0|0|2|3|2|2|2|2
12313,2,False,2,6,3,3|3|2|2|2|3|3|3|2|3
12319,2,False,2,10,3,3|3|3|3|3|3|3|3|3|3
12345,2,False,2,0,2,2|2|2|2|2|2|2|2|2|2
12355,2,False,2,9,3,3|3|3|3|3|3|3|3|2|3
12357,2,False,2,0,2,2|2|2|2|2|2|2|2|2|2
12368,2,False,2,2,2,2|2|3|2|2|2|2|2|3|2
12383,2,False,2,0,2,2|2|2|2|2|2|2|2|2|2
12385,2,False,2,10,5,4|5|5|3|5|5|4|5|5|5
12406,2,False,2,10,3,3|3|3|3|3|3|3|3|3|3
12408,2,False,2,4,2,2|2|2|2|3|2|1|5|2|4
12426,2,False,2,6,3,2|3|3|2|2|3|3|2|3|3
12431,2,False,2,0,2,2|2|2|2|2|2|2|2|2|2
12440,2,False,2,0,2,2|2|2|2|2|2|2|2|2|2
12463,2,False,2,7,3,0|0|3|2|3|3|2|2|3|3
12472,2,False,2,0,2,2|2|2|2|2|2|2|2|2|2
12477,2,False,2,0,2,2|2|2|2|2|2|2|2|2|2
12529,2,False,2,0,2,2|2|2|2|2|2|2|2|2|2
12534,2,False,2,3,2,1|2|3|2|2|2|2|1|2|2
12536,2,False,2,9,8,8|2|8|0|0|8|8|8|9|0
12547,2,False,2,9,3,2|3|3|3|1|3|1|3|3|3
12566,2,False,2,10,3,3|3|3|3|5|3|3|3|3|3
12591,2,False,2,0,2,2|2|2|2|2|2|2|2|2|2
12600,2,False,2,9,3,5|3|3|3|2|3|3|3|0|1
12628,2,False,2,4,2,2|0|0|0|8|2|2|2|2|2
12654,2,False,2,0,2,2|2|2|2|2|2|2|2|2|2
12656,2,False,2,0,2,2|2|2|2|2|2|2|2|2|2
12658,2,False,2,1,2,2|2|0|2|2|2|2|2|2|2
12668,2,False,2,0,2,2|2|2|2|2|2|2|2|2|2
12681,2,False,2,1,2,0|2|2|2|2|2|2|2|2|2
12685,2,False,2,8,0,0|2|0|0|0|0|2|0|0|0
12702,2,False,2,1,2,0|2|2|2|2|2|2|2|2|2
12710,2,False,2,2,2,3|2|2|2|2|2|2|3|2|2
12713,2,False,2,9,3,3|3|3|3|3|3|3|3|2|3
12715,2,False,2,0,2,2|2|2|2|2|2|2|2|2|2
12720,2,False,2,9,0,0|0|0|0|0|0|0|2|0|0
12722,2,False,2,9,3,3|3|3|3|2|3|3|3|3|3
12728,2,False,2,2,2,2|2|2|2|2|2|1|2|2|3
12745,2,False,2,0,2,2|2|2|2|2|2|2|2|2|2
12748,2,False,2,0,2,2|2|2|2|2|2|2|2|2|2
12753,2,False,2,6,3,2|3|3|2|2|3|3|2|3|3
12769,2,False,2,8,3,3|2|3|1|3|3|3|2|3|1
12778,2,False,2,10,0,1|0|0|0|0|0|0|0|6|0
12794,2,False,2,1,2,2|2|2|2|2|2|2|3|2|2
12805,2,False,2,0,2,2|2|2|2|2|2|2|2|2|2
12811,2,False,2,1,2,3|2|2|2|2|2|2|2|2|2
12812,2,False,2,1,2,2|2|2|2|2|2|3|2|2|2
12820,2,False,2,8,3,3|3|3|3|3|3|1|3|2|2
12856,2,False,2,10,3,3|3|3|3|3|3|3|3|3|3
12882,2,False,2,1,2,2|2|2|2|2|2|2|0|2|2
12908,2,False,2,0,2,2|2|2|2|2|2|2|2|2|2
12914,2,False,2,3,2,1|2|2|2|2|2|2|5|3|2
12917,2,False,2,10,5,5|4|5|4|6|5|5|8|5|5
12928,2,False,2,0,2,2|2|2|2|2|2|2|2|2|2
12939,2,False,2,1,2,1|2|2|2|2|2|2|2|2|2
12956,2,False,2,10,1,3|1|1|1|1|3|3|3|1|1
12973,2,False,2,6,3,3|2|2|3|2|3|2|3|3|3
12981,2,False,2,8,6,2|6|6|6|6|6|6|6|2|6
12982,2,False,2,9,3,3|3|3|3|2|3|3|3|3|3
13002,2,False,2,8,3,3|3|3|3|3|3|3|2|2|3
13009,2,False,2,7,3,3|3|3|2|2|3|3|3|3|2
13015,2,False,2,2,2,3|3|2|2|2|2|2|2|2|2
13019,2,False,2,1,2,2|2|3|2|2|2|2|2|2|2
13040,2,False,2,10,5,5|3|5|3|5|5|5|3|5|5
13046,2,False,2,0,2,2|2|2|2|2|2|2|2|2|2
13051,2,False,2,5,-1,2|2|2|0|2|0|0|2|0|0
13052,2,False,2,10,3,3|3|3|3|3|3|3|3|3|3
13053,2,False,2,0,2,2|2|2|2|2|2|2|2|2|2
13054,2,False,2,0,2,2|2|2|2|2|2|2|2|2|2
13057,2,False,2,0,2,2|2|2|2|2|2|2|2|2|2
13069,2,False,2,6,2,2|8|2|5|4|2|2|3|4|8
13098,2,False,2,6,3,3|3|3|2|2|2|3|2|3|3
13105,2,False,2,0,2,2|2|2|2|2|2|2|2|2|2
13113,2,False,2,5,2,3|2|2|3|2|2|5|3|3|2
13136,2,False,2,10,3,3|3|3|3|3|3|3|3|3|3
13138,2,False,2,7,3,3|3|2|3|2|3|3|2|3|3
13140,2,False,2,3,2,2|0|2|2|2|2|1|1|2|2
13154,2,False,2,1,2,2|2|2|2|2|2|2|0|2|2
13169,2,False,2,1,2,2|2|2|3|2|2|2|2|2|2
13180,2,False,2,5,-1,2|3|3|2|3|3|2|2|2|3
13182,2,False,2,9,3,3|3|3|3|3|3|3|2|1|3
13191,2,False,2,1,2,2|2|3|2|2|2|2|2|2|2
13200,2,False,2,5,-1,3|2|2|2|2|3|2|3|3|3
13233,2,False,2,0,2,2|2|2|2|2|2|2|2|2|2
13250,2,False,2,9,1,1|1|5|1|1|1|2|4|1|1
13253,2,False,2,0,2,2|2|2|2|2|2|2|2|2|2
13254,2,False,2,8,3,2|3|3|3|2|3|3|3|0|0
13274,2,False,2,4,2,2|2|2|1|2|2|2|1|1|1
13287,2,False,2,5,2,0|2|0|2|2|2|2|6|6|6
13290,2,False,2,1,2,2|2|3|2|2|2|2|2|2|2
13293,2,False,2,0,2,2|2|2|2|2|2|2|2|2|2
13303,2,False,2,10,3,3|3|3|3|3|3|3|3|3|3
13305,2,False,2,7,3,2|3|3|3|3|3|3|5|2|2
13328,2,False,2,1,2,2|2|2|2|3|2|2|2|2|2
13335,2,False,2,3,2,2|3|3|3|2|2|2|2|2|2
13342,2,False,2,6,1,2|1|3|1|1|1|2|2|2|1
13365,2,False,2,7,1,2|3|1|2|3|1|1|2|1|3
13379,2,False,2,3,2,2|2|2|0|2|2|2|8|0|2
13402,2,False,2,10,3,3|3|3|3|3|3|3|3|3|3
13404,2,False,2,4,2,3|3|2|2|2|3|2|2|2|3
13408,2,False,2,8,3,3|3|3|3|3|3|3|3|2|2
13412,2,False,2,0,2,2|2|2|2|2|2|2|2|2|2
13420,2,False,2,4,2,0|2|2|0|2|1|2|2|0|2
13426,2,False,2,10,3,3|3|3|3|3|3|3|3|3|3
13432,2,False,2,9,3,2|3|3|3|3|3|3|3|3|3
13433,2,False,2,10,3,3|3|3|3|5|3|3|3|3|3
13444,2,False,2,0,2,2|2|2|2|2|2|2|2|2|2
13445,2,False,2,0,2,2|2|2|2|2|2|2|2|2|2
13451,2,False,2,0,2,2|2|2|2|2|2|2|2|2|2
13461,2,False,2,0,2,2|2|2|2|2|2|2|2|2|2
13476,2,False,2,8,0,1|2|0|0|2|0|0|0|5|0
13480,2,False,2,8,3,2|3|3|2|3|3|3|3|3|3
13484,2,False,2,1,2,2|2|2|2|2|2|2|3|2|2
13486,2,False,2,0,2,2|2|2|2|2|2|2|2|2|2
13489,2,False,2,6,-1,0|2|2|0|2|3|0|0|8|2
13494,2,False,2,0,2,2|2|2|2|2|2|2|2|2|2
13499,2,False,2,1,2,2|2|2|2|2|3|2|2|2|2
13508,2,False,2,0,2,2|2|2|2|2|2|2|2|2|2
13517,2,False,2,4,2,3|2|2|2|2|3|2|3|3|2
13523,2,False,2,9,3,3|1|3|1|3|3|2|3|3|3
13551,2,False,2,0,2,2|2|2|2|2|2|2|2|2|2
13561,2,False,2,9,1,3|1|3|1|1|3|1|3|2|1
13568,2,False,2,10,3,3|3|3|3|3|3|1|3|3|3
13574,2,False,2,10,3,3|3|3|3|1|3|3|3|3|3
13577,2,False,2,9,3,3|3|1|3|3|1|2|3|1|3
13581,2,False,2,10,0,0|0|0|0|0|8|0|0|0|0
13603,2,False,2,0,2,2|2|2|2|2|2|2|2|2|2
13607,2,False,2,9,1,1|1|1|1|3|1|1|2|5|1
13684,2,False,2,9,3,3|3|3|3|3|3|3|3|2|3
13703,2,False,2,6,3,3|2|3|2|3|2|2|3|3|3
13705,2,False,2,0,2,2|2|2|2|2|2|2|2|2|2
13710,2,False,2,0,2,2|2|2|2|2|2|2|2|2|2
13718,2,False,2,0,2,2|2|2|2|2|2|2|2|2|2
13720,2,False,2,2,2,2|2|2|2|3|2|2|2|2|3
13723,2,False,2,0,2,2|2|2|2|2|2|2|2|2|2
13725,2,False,2,0,2,2|2|2|2|2|2|2|2|2|2
13733,2,False,2,2,2,2|2|2|2|2|2|2|2|3|1
13737,2,False,2,7,-1,0|2|3|2|2|6|3|0|3|0
13749,2,False,2,7,3,2|0|3|3|2|3|3|2|3|3
13779,2,False,2,10,3,3|3|3|3|3|3|3|3|3|3
13785,2,False,2,8,3,3|3|3|3|3|3|2|1|2|3
13800,2,False,2,1,2,2|2|2|2|2|2|2|3|2|2
13820,2,False,2,2,2,2|2|2|2|4|2|2|2|2|4
13829,2,False,2,0,2,2|2|2|2|2|2|2|2|2|2
13830,2,False,2,10,7,7|7|7|7|7|7|7|6|6|7
13848,2,False,2,0,2,2|2|2|2|2|2|2|2|2|2
13875,2,False,2,1,2,3|2|2|2|2|2|2|2|2|2
13880,2,False,2,10,3,3|3|3|3|3|3|3|3|3|3
13884,2,False,2,8,3,3|3|3|1|3|3|5|5|2|2
13887,2,False,2,10,3,3|3|3|3|3|3|1|3|3|3
13888,2,False,2,0,2,2|2|2|2|2|2|2|2|2|2
13890,2,False,2,10,6,6|6|6|6|6|6|6|6|6|6
13897,2,False,2,9,3,3|3|3|3|2|3|3|3|3|3
13911,2,False,2,10,3,3|3|3|3|5|3|0|3|3|3
13913,2,False,2,6,-1,2|1|1|2|1|0|2|3|1|2
13916,2,False,2,10,0,0|0|0|8|0|0|0|0|0|0
13924,2,False,2,3,2,3|2|3|2|2|2|2|3|2|2
13934,2,False,2,10,3,3|3|3|3|3|3|3|3|3|3
13945,2,False,2,6,3,3|3|3|2|2|2|3|3|3|2
13989,2,False,2,0,2,2|2|2|2|2|2|2|2|2|2
14015,2,False,2,5,2,0|2|0|2|2|0|2|0|8|2
14032,2,False,2,1,2,2|2|2|2|2|2|2|3|2|2
14041,2,False,2,1,2,2|2|3|2|2|2|2|2|2|2
14055,2,False,2,0,2,2|2|2|2|2|2|2|2|2|2
14066,2,False,2,10,3,3|3|3|3|3|3|3|3|3|3
14071,2,False,2,0,2,2|2|2|2|2|2|2|2|2|2
14074,2,False,2,9,1,1|1|3|2|1|3|1|1|1|1
14076,2,False,2,0,2,2|2|2|2|2|2|2|2|2|2
14086,2,False,2,1,2,2|2|2|2|2|2|2|3|2|2
14089,2,False,2,0,2,2|2|2|2|2|2|2|2|2|2
14094,2,False,2,0,2,2|2|2|2|2|2|2|2|2|2
14109,2,False,2,5,2,1|2|2|2|1|1|1|3|2|2
14112,2,False,2,6,3,3|3|2|3|2|3|2|2|3|3
14118,2,False,2,4,2,2|2|3|2|2|3|2|2|3|3
14121,2,False,2,2,2,3|2|2|2|2|2|2|2|3|2
14128,2,False,2,1,2,2|2|2|2|2|2|2|2|0|2
14160,2,False,2,6,5,3|5|2|5|2|2|5|5|2|5
14163,2,False,2,6,-1,2|2|5|0|0|2|0|5|2|0
14173,2,False,2,8,0,2|8|3|0|0|0|0|2|3|3
14182,2,False,2,9,3,3|3|3|3|3|3|3|2|3|3
14183,2,False,2,0,2,2|2|2|2|2|2|2|2|2|2
14185,2,False,2,0,2,2|2|2|2|2|2|2|2|2|2
14209,2,False,2,10,5,5|5|5|3|3|5|3|5|5|3
14210,2,False,2,2,2,0|2|0|2|2|2|2|2|2|2
14221,2,False,2,4,2,2|2|3|1|2|2|2|1|3|2
14231,2,False,2,2,2,2|2|2|5|2|2|2|2|2|4
14245,2,False,2,0,2,2|2|2|2|2|2|2|2|2|2
14253,2,False,2,10,9,8|8|9|9|9|9|9|8|9|8
14285,2,False,2,4,2,3|2|2|2|1|3|2|2|3|2
14286,2,False,2,10,8,9|8|8|0|8|9|0|4|0|8
14296,2,False,2,2,2,2|2|3|3|2|2|2|2|2|2
14310,2,False,2,10,3,3|3|3|3|3|3|3|3|3|3
14316,2,False,2,9,3,3|3|3|3|3|3|3|2|3|3
14328,2,False,2,0,2,2|2|2|2|2|2|2|2|2|2
14348,2,False,2,1,2,2|2|2|2|2|3|2|2|2|2
14358,2,False,2,9,1,1|1|0|1|1|1|0|0|2|0
14359,2,False,2,0,2,2|2|2|2|2|2|2|2|2|2
14365,2,False,2,1,2,2|2|3|2|2|2|2|2|2|2
14367,2,False,2,10,3,3|3|3|3|3|3|3|3|3|3
14403,2,False,2,0,2,2|2|2|2|2|2|2|2|2|2
14441,2,False,2,9,3,2|3|3|3|3|3|3|3|3|3
14462,2,False,2,8,3,3|3|3|3|2|3|3|3|3|2
14463,2,False,2,0,2,2|2|2|2|2|2|2|2|2|2
14468,2,False,2,10,3,3|3|3|3|3|3|3|3|3|3
14480,2,False,2,8,1,0|1|2|1|2|5|1|1|1|1
14484,2,False,2,10,3,3|3|3|3|3|3|3|3|3|3
14485,2,False,2,0,2,2|2|2|2|2|2|2|2|2|2
14490,2,False,2,0,2,2|2|2|2|2|2|2|2|2|2
14506,2,False,2,6,0,2|0|0|0|0|2|0|2|2|0
14508,2,False,2,1,2,2|2|2|2|2|2|2|3|2|2
14512,2,False,2,0,2,2|2|2|2|2|2|2|2|2|2
14517,2,False,2,9,3,3|3|3|3|3|2|3|3|3|3
14526,2,False,2,5,2,0|2|0|2|2|2|2|0|1|0
14538,2,False,2,0,2,2|2|2|2|2|2|2|2|2|2
14546,2,False,2,5,-1,2|3|2|2|2|3|2|3|3|3
14553,2,False,2,8,-1,1|1|0|2|2|1|0|0|1|0
14562,2,False,2,10,0,0|0|0|0|0|0|0|0|0|0
14566,2,False,2,10,5,3|3|3|5|5|5|3|5|5|5
14568,2,False,2,0,2,2|2|2|2|2|2|2|2|2|2
14590,2,False,2,7,3,3|3|3|2|3|2|3|3|2|3
14599,2,False,2,10,5,4|5|3|5|5|5|5|5|3|3
14608,2,False,2,6,3,3|3|3|3|2|2|3|2|3|2
14619,2,False,2,4,2,2|1|2|1|1|0|2|2|2|2
14627,2,False,2,9,3,3|3|3|3|3|3|3|3|3|2
14636,2,False,2,9,3,3|3|3|3|3|2|3|3|3|3
14639,2,False,2,0,2,2|2|2|2|2|2|2|2|2|2
14650,2,False,2,10,3,3|3|3|0|3|1|3|3|3|3
14664,2,False,2,1,2,2|2|2|2|0|2|2|2|2|2
14672,2,False,2,8,-1,0|0|3|3|1|1|1|2|2|3
14686,2,False,2,2,2,2|2|2|2|2|2|2|1|2|1
14687,2,False,2,6,3,3|2|3|3|3|2|3|2|2|3
14709,2,False,2,9,-1,4|2|5|9|9|9|8|5|8|8
14719,2,False,2,4,2,3|2|3|2|2|3|2|2|3|2
14728,2,False,2,1,2,2|2|9|2|2|2|2|2|2|2
14745,2,False,2,0,2,2|2|2|2|2|2|2|2|2|2
14746,2,False,2,7,3,3|3|3|3|3|2|3|3|2|2
14748,2,False,2,0,2,2|2|2|2|2|2|2|2|2|2
14751,2,False,2,1,2,2|2|2|2|2|2|2|2|6|2
14756,2,False,2,10,1,3|1|1|3|0|1|3|1|0|1
14757,2,False,2,0,2,2|2|2|2|2|2|2|2|2|2
14759,2,False,2,2,2,2|3|3|2|2|2|2|2|2|2
14762,2,False,2,8,3,2|3|3|3|3|3|3|2|3|3
14773,2,False,2,10,3,3|0|3|1|0|3|3|3|1|3
14807,2,False,2,1,2,2|2|2|1|2|2|2|2|2|2
14813,2,False,2,7,-1,2|6|2|5|3|3|3|6|2|6
14821,2,False,2,2,2,3|2|2|2|2|2|2|3|2|2
14827,2,False,2,8,3,3|3|3|2|3|3|3|3|2|1
14831,2,False,2,0,2,2|2|2|2|2|2|2|2|2|2
14832,2,False,2,0,2,2|2|2|2|2|2|2|2|2|2
14835,2,False,2,0,2,2|2|2|2|2|2|2|2|2|2
14839,2,False,2,0,2,2|2|2|2|2|2|2|2|2|2
14847,2,False,2,0,2,2|2|2|2|2|2|2|2|2|2
14848,2,False,2,9,0,0|0|0|0|0|2|0|0|0|0
14859,2,False,2,7,3,2|3|3|3|2|3|3|2|3|3
14874,2,False,2,4,2,2|2|2|2|2|3|3|3|3|2
14875,2,False,2,0,2,2|2|2|2|2|2|2|2|2|2
14877,2,False,2,4,2,2|2|1|1|1|2|2|2|2|1
14880,2,False,2,1,2,2|4|2|2|2|2|2|2|2|2
14882,2,False,2,1,2,2|2|2|2|2|2|2|2|3|2
14893,2,False,2,7,3,2|2|3|3|2|3|3|4|3|3
14913,2,False,2,10,3,3|3|3|3|3|3|3|3|3|3
14919,2,False,2,1,2,2|2|2|2|2|2|2|0|2|2
14925,2,False,2,0,2,2|2|2|2|2|2|2|2|2|2
14968,2,False,2,7,3,3|3|3|2|3|3|3|2|3|2
14975,2,False,2,1,2,2|3|2|2|2|2|2|2|2|2
14990,2,False,2,3,2,2|2|3|2|2|2|3|2|3|2
14994,2,False,2,6,-1,3|2|2|3|2|1|2|1|3|3
15000,2,False,2,10,1,0|1|3|3|1|1|1|3|3|1
15025,2,False,2,9,3,3|3|3|3|3|3|3|2|3|3
15027,2,False,2,3,2,2|2|2|2|0|2|0|2|3|2
15030,2,False,2,9,8,2|8|6|8|8|8|8|8|8|8
15035,2,False,2,10,0,0|0|0|0|0|0|0|0|0|0
15036,2,False,2,4,2,2|2|3|2|2|3|3|3|2|2
15038,2,False,2,7,3,0|3|2|3|2|1|0|2|3|3
15045,2,False,2,0,2,2|2|2|2|2|2|2|2|2|2
15054,2,False,2,0,2,2|2|2|2|2|2|2|2|2|2
15055,2,False,2,0,2,2|2|2|2|2|2|2|2|2|2
15057,2,False,2,4,2,3|2|3|2|2|2|3|2|3|2
15060,2,False,2,6,3,3|2|3|3|3|3|2|2|2|3
15069,2,False,2,9,3,4|3|5|0|3|3|3|1|2|3
15095,2,False,2,4,2,2|0|2|2|0|2|0|2|2|0
15114,2,False,2,0,2,2|2|2|2|2|2|2|2|2|2
15117,2,False,2,8,8,8|2|3|8|8|8|8|8|8|2
15135,2,False,2,5,-1,3|2|3|2|2|3|2|2|3|3
15142,2,False,2,8,3,2|3|3|3|3|3|3|2|3|3
15155,2,False,2,1,2,2|2|3|2|2|2|2|2|2|2
15158,2,False,2,6,3,3|3|2|3|2|2|2|3|3|3
15163,2,False,2,0,2,2|2|2|2|2|2|2|2|2|2
15175,3,False,3,6,3,4|2|6|0|6|2|3|3|3|3
15178,3,False,3,0,3,3|3|3|3|3|3|3|3|3|3
15185,3,False,3,0,3,3|3|3|3|3|3|3|3|3|3
15198,3,False,3,7,2,2|8|3|2|2|0|3|2|2|3
15204,3,False,3,2,3,3|2|3|3|3|3|3|3|2|3
15217,3,False,3,9,1,1|3|2|1|1|1|1|1|1|1
15218,3,False,3,0,3,3|3|3|3|3|3|3|3|3|3
15222,3,False,3,0,3,3|3|3|3|3|3|3|3|3|3
15244,3,False,3,0,3,3|3|3|3|3|3|3|3|3|3
15247,3,False,3,10,2,2|2|2|2|2|2|2|2|2|2
15253,3,False,3,8,2,3|3|2|2|2|2|2|2|2|2
15256,3,False,3,10,2,2|2|2|2|2|2|2|2|2|2
15262,3,False,3,0,3,3|3|3|3|3|3|3|3|3|3
15269,3,False,3,0,3,3|3|3|3|3|3|3|3|3|3
15277,3,False,3,3,3,3|3|3|3|3|1|3|1|1|3
15289,3,False,3,0,3,3|3|3|3|3|3|3|3|3|3
15290,3,False,3,0,3,3|3|3|3|3|3|3|3|3|3
15292,3,False,3,0,3,3|3|3|3|3|3|3|3|3|3
15295,3,False,3,0,3,3|3|3|3|3|3|3|3|3|3
15299,3,False,3,10,2,6|2|1|2|2|2|2|2|1|4
15321,3,False,3,9,2,6|2|2|2|2|2|1|3|2|2
15335,3,False,3,0,3,3|3|3|3|3|3|3|3|3|3
15345,3,False,3,5,-1,3|3|2|2|2|2|2|3|3|3
15365,3,False,3,0,3,3|3|3|3|3|3|3|3|3|3
15372,3,False,3,4,3,5|2|3|3|3|2|3|3|3|2
15382,3,False,3,7,2,3|2|3|2|2|2|2|2|2|3
15384,3,False,3,2,3,3|3|3|2|2|3|3|3|3|3
15387,3,False,3,0,3,3|3|3|3|3|3|3|3|3|3
15417,3,False,3,0,3,3|3|3|3|3|3|3|3|3|3
15429,3,False,3,10,0,0|0|0|0|0|0|0|0|0|0
15430,3,False,3,6,2,3|3|3|2|3|2|2|2|2|2
15431,3,False,3,3,3,3|3|1|3|2|3|2|3|3|3
15438,3,False,3,10,0,0|0|0|0|0|9|0|8|0|0
15469,3,False,3,1,3,3|3|3|3|1|3|3|3|3|3
15475,3,False,3,0,3,3|3|3|3|3|3|3|3|3|3
15480,3,False,3,7,2,3|2|2|2|2|3|2|2|3|2
15500,3,False,3,1,3,3|3|3|3|3|3|3|3|3|2
15526,3,False,3,0,3,3|3|3|3|3|3|3|3|3|3
15527,3,False,3,1,3,3|3|3|3|3|3|3|3|3|2
15531,3,False,3,0,3,3|3|3|3|3|3|3|3|3|3
15534,3,False,3,1,3,3|3|3|3|3|3|3|3|2|3
15546,3,False,3,7,2,3|3|2|2|2|2|2|3|2|2
15578,3,False,3,0,3,3|3|3|3|3|3|3|3|3|3
15583,3,False,3,3,3,3|2|3|3|2|3|3|3|2|3
15585,3,False,3,6,1,3|1|3|1|3|1|1|3|2|1
15596,3,False,3,0,3,3|3|3|3|3|3|3|3|3|3
15626,3,False,3,1,3,3|3|3|3|3|3|3|3|5|3
15628,3,False,3,4,3,2|3|3|3|3|3|2|2|2|3
15636,3,False,3,1,3,3|3|3|3|3|2|3|3|3|3
15637,3,False,3,2,3,3|2|3|3|3|3|3|3|3|2
15638,3,False,3,0,3,3|3|3|3|3|3|3|3|3|3
15656,3,False,3,7,1,3|1|3|0|1|1|1|2|1|3
15661,3,False,3,10,0,0|0|0|0|0|0|0|0|0|0
15673,3,False,3,8,2,2|3|3|2|2|2|2|2|2|2
15683,3,False,3,0,3,3|3|3|3|3|3|3|3|3|3
15703,3,False,3,0,3,3|3|3|3|3|3|3|3|3|3
15705,3,False,3,5,-1,3|3|2|3|3|2|2|2|2|3
15716,3,False,3,6,2,3|3|2|2|2|3|2|3|2|2
15720,3,False,3,0,3,3|3|3|3|3|3|3|3|3|3
15735,3,False,3,0,3,3|3|3|3|3|3|3|3|3|3
15741,3,False,3,5,-1,2|2|3|2|3|3|2|3|2|3
15746,3,False,3,0,3,3|3|3|3|3|3|3|3|3|3
15747,3,False,3,1,3,3|3|3|3|3|3|3|2|3|3
15757,3,False,3,0,3,3|3|3|3|3|3|3|3|3|3
15762,3,False,3,7,2,2|2|3|2|2|3|3|2|2|2
15771,3,False,3,10,2,2|2|2|2|2|2|2|2|2|2
15779,3,False,3,4,3,2|2|3|3|3|3|3|2|3|2
15791,3,False,3,0,3,3|3|3|3|3|3|3|3|3|3
15807,3,False,3,1,3,3|1|3|3|3|3|3|3|3|3
15808,3,False,3,7,1,3|1|3|1|1|1|1|3|1|1
15813,3,False,3,7,2,2|2|3|2|2|2|2|3|3|2
15832,3,False,3,0,3,3|3|3|3|3|3|3|3|3|3
15840,3,False,3,1,3,3|3|3|3|3|3|3|3|3|2
15859,3,False,3,0,3,3|3|3|3|3|3|3|3|3|3
15861,3,False,3,0,3,3|3|3|3|3|3|3|3|3|3
15872,3,False,3,0,3,3|3|3|3|3|3|3|3|3|3
15877,3,False,3,0,3,3|3|3|3|3|3|3|3|3|3
15891,3,False,3,10,2,2|2|2|2|2|2|2|2|2|2
15899,3,False,3,3,3,3|1|3|2|3|3|3|3|2|3
15901,3,False,3,0,3,3|3|3|3|3|3|3|3|3|3
15935,3,False,3,0,3,3|3|3|3|3|3|3|3|3|3
15945,3,False,3,0,3,3|3|3|3|3|3|3|3|3|3
15951,3,False,3,0,3,3|3|3|3|3|3|3|3|3|3
15955,3,False,3,5,3,1|3|1|3|1|3|3|3|0|1
15956,3,False,3,0,3,3|3|3|3|3|3|3|3|3|3
15961,3,False,3,0,3,3|3|3|3|3|3|3|3|3|3
15964,3,False,3,3,3,3|2|3|2|2|3|3|3|3|3
15987,3,False,3,1,3,3|3|3|3|3|3|3|3|3|2
16011,3,False,3,0,3,3|3|3|3|3|3|3|3|3|3
16024,3,False,3,4,3,6|3|3|3|2|2|3|3|2|3
16027,3,False,3,10,2,2|2|2|2|2|2|2|2|2|2
16030,3,False,3,10,0,1|2|2|0|0|0|0|0|2|2
16032,3,False,3,9,0,0|0|3|4|5|0|5|4|4|0
16037,3,False,3,0,3,3|3|3|3|3|3|3|3|3|3
16039,3,False,3,10,1,1|1|5|1|1|1|1|5|5|1
16040,3,False,3,1,3,3|3|2|3|3|3|3|3|3|3
16044,3,False,3,6,2,3|2|3|3|2|2|2|3|2|2
16050,3,False,3,4,3,3|3|3|3|2|3|3|1|2|2
16081,3,False,3,7,2,2|3|2|2|2|2|3|2|2|3
16091,3,False,3,8,2,2|8|3|2|3|0|2|2|2|2
16103,3,False,3,0,3,3|3|3|3|3|3|3|3|3|3
16118,3,False,3,2,3,3|3|3|2|3|3|3|3|3|2
16138,3,False,3,4,3,3|3|3|2|2|1|2|3|3|3
16171,3,False,3,10,2,2|2|2|2|2|2|0|2|2|2
16190,3,False,3,9,2,3|2|2|2|2|2|2|2|2|2
16192,3,False,3,0,3,3|3|3|3|3|3|3|3|3|3
16203,3,False,3,0,3,3|3|3|3|3|3|3|3|3|3
16222,3,False,3,6,2,2|3|2|3|3|2|3|2|2|2
16227,3,False,3,9,1,2|1|3|1|1|1|1|2|2|1
16240,3,False,3,0,3,3|3|3|3|3|3|3|3|3|3
16244,3,False,3,9,1,1|1|0|1|1|3|1|1|1|4
16247,3,False,3,8,2,2|3|2|2|2|2|2|2|3|2
16258,3,False,3,0,3,3|3|3|3|3|3|3|3|3|3
16260,3,False,3,9,0,0|0|2|3|0|1|0|5|0|0
16275,3,False,3,1,3,3|5|3|3|3|3|3|3|3|3
16281,3,False,3,2,3,1|3|3|3|3|3|3|3|1|3
16290,3,False,3,1,3,3|3|3|3|3|2|3|3|3|3
16305,3,False,3,0,3,3|3|3|3|3|3|3|3|3|3
16326,3,False,3,9,2,2|2|2|2|2|2|2|2|3|2
16338,3,False,3,0,3,3|3|3|3|3|3|3|3|3|3
16354,3,False,3,0,3,3|3|3|3|3|3|3|3|3|3
16357,3,False,3,2,3,3|3|3|3|3|3|5|5|3|3
16358,3,False,3,1,3,2|3|3|3|3|3|3|3|3|3
16363,3,False,3,0,3,3|3|3|3|3|3|3|3|3|3
16382,3,False,3,3,3,2|3|3|3|3|2|3|2|3|3
16386,3,False,3,9,1,1|1|3|1|5|4|4|1|4|1
16387,3,False,3,6,2,2|2|3|2|3|3|3|2|2|2
16392,3,False,3,10,2,2|2|2|2|2|2|2|2|2|2
16412,3,False,3,0,3,3|3|3|3|3|3|3|3|3|3
16415,3,False,3,0,3,3|3|3|3|3|3|3|3|3|3
16417,3,False,3,0,3,3|3|3|3|3|3|3|3|3|3
16418,3,False,3,7,1,1|3|3|1|3|2|2|2|1|1
16443,3,False,3,9,2,3|2|2|2|2|2|2|2|2|2
16454,3,False,3,0,3,3|3|3|3|3|3|3|3|3|3
16455,3,False,3,5,3,3|3|2|5|2|3|2|4|3|3
16465,3,False,3,7,2,2|2|5|5|3|2|3|5|2|3
16468,3,False,3,0,3,3|3|3|3|3|3|3|3|3|3
16469,3,False,3,0,3,3|3|3|3|3|3|3|3|3|3
16490,3,False,3,9,1,2|2|1|2|1|3|1|1|1|2
16497,3,False,3,1,3,3|3|3|3|2|3|3|3|3|3
16502,3,False,3,10,2,2|2|2|2|2|2|2|2|2|2
16539,3,False,3,0,3,3|3|3|3|3|3|3|3|3|3
16553,3,False,3,8,2,3|2|3|2|2|2|2|2|2|2
16554,3,False,3,7,2,2|3|2|3|2|2|2|2|3|2
16565,3,False,3,9,2,2|2|2|2|2|2|2|3|2|2
16566,3,False,3,9,1,1|1|1|1|1|1|1|1|1|3
16573,3,False,3,1,3,3|3|3|3|3|5|3|3|3|3
16590,3,False,3,1,3,3|3|3|3|2|3|3|3|3|3
16620,3,False,3,10,4,1|4|4|4|4|4|4|1|6|4
16627,3,False,3,1,3,3|3|2|3|3|3|3|3|3|3
16633,3,False,3,8,1,3|1|3|1|1|2|2|1|1|2
16653,3,False,3,0,3,3|3|3|3|3|3|3|3|3|3
16656,3,False,3,3,3,3|1|3|1|3|1|3|3|3|3
16659,3,False,3,10,1,1|1|1|1|2|1|2|1|1|1
16670,3,False,3,8,1,3|1|1|1|1|1|1|1|1|3
16672,3,False,3,9,0,9|0|2|0|2|3|0|9|0|2
16682,3,False,3,2,3,3|3|3|3|3|3|0|3|2|3
16714,3,False,3,3,3,3|3|3|3|2|3|2|3|3|2
16731,3,False,3,5,-1,3|3|2|3|2|3|2|2|3|2
16742,3,False,3,0,3,3|3|3|3|3|3|3|3|3|3
16753,3,False,3,8,7,7|5|7|4|3|7|1|9|5|3
16765,3,False,3,10,4,4|4|4|4|1|1|5|4|1|4
16766,3,False,3,1,3,3|1|3|3|3|3|3|3|3|3
16789,3,False,3,0,3,3|3|3|3|3|3|3|3|3|3
16800,3,False,3,3,3,3|2|3|3|3|3|2|3|2|3
16803,3,False,3,5,3,3|3|3|1|2|1|2|3|3|1
16830,3,False,3,3,3,2|3|3|3|3|3|3|2|3|2
16843,3,False,3,10,2,2|2|2|2|2|2|2|2|2|2
16849,3,False,3,4,3,2|3|3|2|3|3|3|2|3|2
16875,3,False,3,1,3,3|3|3|3|2|3|3|3|3|3
16892,3,False,3,3,3,3|3|2|3|2|3|2|3|3|3
16894,3,False,3,2,3,3|3|3|3|3|5|3|3|2|3
16901,3,False,3,7,2,2|2|3|2|2|2|3|2|2|3
16903,3,False,3,0,3,3|3|3|3|3|3|3|3|3|3
16909,3,False,3,10,0,0|5|5|0|0|6|0|5|5|0
16916,3,False,3,5,3,7|3|7|2|3|2|3|7|3|3
16938,3,False,3,10,0,0|0|0|0|0|0|0|0|0|0
16939,3,False,3,1,3,3|3|3|3|3|3|3|2|3|3
16959,3,False,3,0,3,3|3|3|3|3|3|3|3|3|3
16960,3,False,3,5,-1,3|5|3|5|5|5|5|3|3|3
16988,3,False,3,0,3,3|3|3|3|3|3|3|3|3|3
16999,3,False,3,9,1,2|1|3|1|1|1|1|2|2|0
17000,3,False,3,8,2,2|2|3|2|3|2|2|2|2|2
17020,3,False,3,0,3,3|3|3|3|3|3|3|3|3|3
17032,3,False,3,0,3,3|3|3|3|3|3|3|3|3|3
17036,3,False,3,6,3,3|4|2|1|5|3|3|3|1|5
17048,3,False,3,4,3,3|3|2|2|2|3|3|3|2|3
17060,3,False,3,10,2,2|2|2|2|2|2|2|2|2|2
17063,3,False,3,0,3,3|3|3|3|3|3|3|3|3|3
17074,3,False,3,3,3,2|3|3|3|3|2|3|2|3|3
17081,3,False,3,7,2,2|2|3|2|2|2|2|3|1|3
17088,3,False,3,10,0,0|0|0|0|1|0|7|1|0|7
17099,3,False,3,9,2,2|2|2|2|3|2|2|1|1|2
17118,3,False,3,0,3,3|3|3|3|3|3|3|3|3|3
17121,3,False,3,6,2,2|2|3|3|3|2|2|2|3|2
17123,3,False,3,8,2,2|2|3|2|3|2|2|2|2|2
17133,3,False,3,1,3,2|3|3|3|3|3|3|3|3|3
17155,3,False,3,9,5,5|5|5|5|3|5|5|5|5|5
17165,3,False,3,0,3,3|3|3|3|3|3|3|3|3|3
17168,3,False,3,10,0,0|0|0|0|0|0|0|0|0|0
17177,3,False,3,0,3,3|3|3|3|3|3|3|3|3|3
17178,3,False,3,3,3,2|3|3|3|3|3|1|3|2|3
17182,3,False,3,2,3,2|3|3|3|3|3|3|2|3|3
17193,3,False,3,7,5,4|5|3|5|3|5|3|5|5|5
17220,3,False,3,4,3,3|2|3|2|3|3|2|3|2|3
17225,3,False,3,0,3,3|3|3|3|3|3|3|3|3|3
17279,3,False,3,0,3,3|3|3|3|3|3|3|3|3|3
17291,3,False,3,9,5,1|5|5|5|5|3|5|5|4|4
17294,3,False,3,1,3,3|3|3|3|3|3|3|1|3|3
17298,3,False,3,10,0,0|2|0|0|0|0|0|0|0|0
17300,3,False,3,0,3,3|3|3|3|3|3|3|3|3|3
17302,3,False,3,0,3,3|3|3|3|3|3|3|3|3|3
17303,3,False,3,10,2,2|2|2|2|2|2|2|2|2|2
17305,3,False,3,1,3,3|3|3|3|3|2|3|3|3|3
17335,3,False,3,3,3,2|3|3|3|2|2|3|3|3|3
17336,3,False,3,3,3,3|3|3|2|2|3|3|3|0|3
17337,3,False,3,7,2,3|2|3|2|2|2|3|2|2|2
17364,3,False,3,10,-1,8|4|8|2|9|8|7|9|7|7
17380,3,False,3,4,3,3|3|3|3|5|5|5|3|5|3
17390,3,False,3,1,3,3|3|3|3|3|3|3|2|3|3
17396,3,False,3,7,2,3|1|1|2|3|2|2|2|2|3
17401,3,False,3,7,0,3|3|0|0|2|0|3|0|0|1
17407,3,False,3,7,4,3|4|4|4|4|4|4|3|4|3
17410,3,False,3,0,3,3|3|3|3|3|3|3|3|3|3
17412,3,False,3,1,3,3|3|3|2|3|3|3|3|3|3
17419,3,False,3,3,3,3|2|3|3|2|3|2|3|3|3
17421,3,False,3,10,0,0|0|0|0|8|0|0|0|0|0
17429,3,False,3,10,0,0|0|0|0|5|4|5|1|0|1
17436,3,False,3,2,3,3|3|3|2|3|3|3|2|3|3
17442,3,False,3,8,2,3|2|2|2|2|2|2|3|2|2
17443,3,False,3,0,3,3|3|3|3|3|3|3|3|3|3
17444,3,False,3,0,3,3|3|3|3|3|3|3|3|3|3
17471,3,False,3,7,7,3|1|3|1|7|7|7|3|7|1
17481,3,False,3,0,3,3|3|3|3|3|3|3|3|3|3
17489,3,False,3,0,3,3|3|3|3|3|3|3|3|3|3
17499,3,False,3,0,3,3|3|3|3|3|3|3|3|3|3
17509,3,False,3,10,5,5|5|5|5|5|5|5|5|5|5
17520,3,False,3,10,2,2|2|2|2|5|2|2|2|2|2
17526,3,False,3,1,3,3|3|3|3|5|3|3|3|3|3
17529,3,False,3,1,3,3|3|3|3|1|3|3|3|3|3
17531,3,False,3,0,3,3|3|3|3|3|3|3|3|3|3
17548,3,False,3,3,3,2|3|3|1|3|1|3|3|3|3
17556,3,False,3,10,4,4|4|4|4|4|5|4|4|4|4
17584,3,False,3,0,3,3|3|3|3|3|3|3|3|3|3
17594,3,False,3,10,2,2|2|2|2|2|2|2|2|0|2
17595,3,False,3,5,3,2|3|3|4|3|4|3|3|5|2
17604,3,False,3,0,3,3|3|3|3|3|3|3|3|3|3
17623,3,False,3,0,3,3|3|3|3|3|3|3|3|3|3
17633,3,False,3,8,2,2|2|3|2|2|2|2|3|2|2
17667,3,False,3,10,2,2|2|2|2|2|2|2|2|2|2
17681,3,False,3,0,3,3|3|3|3|3|3|3|3|3|3
17683,3,False,3,5,3,5|5|3|3|1|3|3|5|3|5
17691,3,False,3,0,3,3|3|3|3|3|3|3|3|3|3
17704,3,False,3,9,2,2|2|2|2|2|2|2|3|2|2
17736,3,False,3,8,2,3|3|2|2|2|2|2|2|2|2
17766,3,False,3,0,3,3|3|3|3|3|3|3|3|3|3
17770,3,False,3,0,3,3|3|3|3|3|3|3|3|3|3
17792,3,False,3,0,3,3|3|3|3|3|3|3|3|3|3
17801,3,False,3,0,3,3|3|3|3|3|3|3|3|3|3
17820,3,False,3,8,0,0|3|0|3|0|0|1|2|0|0
17830,3,False,3,0,3,3|3|3|3|3|3|3|3|3|3
17833,3,False,3,0,3,3|3|3|3|3|3|3|3|3|3
17835,3,False,3,4,3,3|3|1|3|3|3|2|2|2|3
17849,3,False,3,0,3,3|3|3|3|3|3|3|3|3|3
17853,3,False,3,1,3,3|3|3|3|3|2|3|3|3|3
17868,3,False,3,10,0,0|0|0|0|0|0|0|2|0|0
17875,3,False,3,2,3,4|3|3|3|3|1|3|3|3|3
17884,3,False,3,8,2,3|2|3|2|2|2|2|2|2|2
17892,3,False,3,10,0,0|0|0|0|0|2|0|0|0|0
17896,3,False,3,1,3,2|3|3|3|3|3|3|3|3|3
17905,3,False,3,0,3,3|3|3|3|3|3|3|3|3|3
17906,3,False,3,10,6,5|6|6|6|6|5|6|6|6|6
17909,3,False,3,0,3,3|3|3|3|3|3|3|3|3|3
17928,3,False,3,3,3,3|5|3|3|5|3|3|5|3|3
17942,3,False,3,3,3,3|5|0|5|3|3|3|3|3|3
17948,3,False,3,9,2,5|1|2|3|2|2|1|0|2|5
17974,3,False,3,1,3,2|3|3|3|3|3|3|3|3|3
17979,3,False,3,9,5,3|5|4|5|9|0|2|0|2|5
17983,3,False,3,0,3,3|3|3|3|3|3|3|3|3|3
17997,3,False,3,8,2,2|2|2|2|2|2|2|3|3|2
18015,3,False,3,1,3,3|3|3|3|3|3|3|3|2|3
18022,3,False,3,6,1,1|1|3|3|1|1|1|1|3|3
18057,3,False,3,3,3,2|3|3|2|3|2|3|3|3|3
18058,3,False,3,2,3,2|3|3|3|3|3|3|2|3|3
18068,3,False,3,4,3,5|3|5|5|3|3|3|3|2|3
18078,3,False,3,9,0,3|2|2|0|0|0|0|1|4|0
18093,3,False,3,0,3,3|3|3|3|3|3|3|3|3|3
18097,3,False,3,3,3,3|5|3|3|3|2|3|2|3|3
18127,3,False,3,1,3,3|3|3|3|2|3|3|3|3|3
18151,3,False,3,0,3,3|3|3|3|3|3|3|3|3|3
18164,3,False,3,1,3,3|3|3|3|2|3|3|3|3|3
18165,3,False,3,0,3,3|3|3|3|3|3|3|3|3|3
18174,3,False,3,0,3,3|3|3|3|3|3|3|3|3|3
18185,3,False,3,0,3,3|3|3|3|3|3|3|3|3|3
18189,3,False,3,0,3,3|3|3|3|3|3|3|3|3|3
18191,3,False,3,8,2,2|2|3|2|2|2|2|2|3|2
18194,3,False,3,6,2,2|2|2|2|2|3|2|3|3|3
18202,3,False,3,0,3,3|3|3|3|3|3|3|3|3|3
18211,3,False,3,9,1,2|1|1|3|6|1|1|1|0|1
18220,3,False,3,3,3,3|3|3|3|1|3|3|2|1|3
18224,3,False,3,6,-1,0|0|3|0|3|3|0|3|4|2
18225,3,False,3,0,3,3|3|3|3|3|3|3|3|3|3
18232,3,False,3,1,3,3|3|3|3|3|3|3|2|3|3
18233,3,False,3,10,9,9|9|8|9|9|9|9|9|9|8
18239,3,False,3,0,3,3|3|3|3|3|3|3|3|3|3
18247,3,False,3,9,5,2|5|5|1|5|5|5|3|4|5
18258,3,False,3,7,7,3|3|2|2|7|7|7|7|3|7
18260,3,False,3,1,3,3|3|3|3|3|2|3|3|3|3
18269,3,False,3,10,0,0|0|0|0|0|0|0|1|0|0
18272,3,False,3,8,1,1|1|7|1|3|1|1|2|3|1
18280,3,False,3,2,3,3|3|5|3|3|3|3|3|3|5
18294,3,False,3,1,3,3|5|3|3|3|3|3|3|3|3
18297,3,False,3,3,3,3|3|3|3|3|3|3|2|2|2
18309,3,False,3,10,5,5|5|4|5|5|5|5|5|5|5
18310,3,False,3,10,0,0|0|0|0|0|0|0|1|1|0
18311,3,False,3,3,3,3|2|3|2|2|3|3|3|3|3
18319,3,False,3,0,3,3|3|3|3|3|3|3|3|3|3
18321,3,False,3,1,3,3|3|3|3|3|3|3|3|3|2
18346,3,False,3,0,3,3|3|3|3|3|3|3|3|3|3
18403,3,False,3,0,3,3|3|3|3|3|3|3|3|3|3
18415,3,False,3,0,3,3|3|3|3|3|3|3|3|3|3
18436,3,False,3,0,3,3|3|3|3|3|3|3|3|3|3
18437,3,False,3,10,2,2|2|2|2|2|2|2|2|2|2
18445,3,False,3,0,3,3|3|3|3|3|3|3|3|3|3
18449,3,False,3,1,3,3|3|3|3|2|3|3|3|3|3
18465,3,False,3,1,3,3|3|3|3|2|3|3|3|3|3
18475,3,False,3,3,3,3|3|3|2|2|3|2|3|3|3
18477,3,False,3,6,2,2|3|3|3|2|2|2|2|3|2
18488,3,False,3,10,2,2|2|2|2|2|2|2|2|2|2
18492,3,False,3,8,1,2|1|3|1|1|1|1|2|2|3
18494,3,False,3,7,0,2|0|3|0|0|2|0|3|3|0
18496,3,False,3,10,0,0|0|0|0|0|0|0|0|1|0
18498,3,False,3,4,3,2|2|3|3|3|3|3|3|2|2
18513,3,False,3,10,2,2|2|2|2|2|2|2|2|2|2
18519,3,False,3,5,-1,3|3|3|2|2|2|3|2|3|2
18522,3,False,3,0,3,3|3|3|3|3|3|3|3|3|3
18549,3,False,3,8,2,2|1|3|2|2|2|3|1|2|1
18563,3,False,3,0,3,3|3|3|3|3|3|3|3|3|3
18604,3,False,3,3,3,3|3|3|3|5|5|3|3|3|4
18613,3,False,3,0,3,3|3|3|3|3|3|3|3|3|3
18616,3,False,3,0,3,3|3|3|3|3|3|3|3|3|3
18622,3,False,3,1,3,3|3|3|3|2|3|3|3|3|3
18634,3,False,3,0,3,3|3|3|3|3|3|3|3|3|3
18635,3,False,3,10,2,2|2|2|2|2|2|2|2|2|2
18637,3,False,3,8,2,3|2|2|2|2|2|2|3|2|2
18652,3,False,3,0,3,3|3|3|3|3|3|3|3|3|3
18656,3,False,3,5,3,0|2|3|3|2|3|3|3|2|0
18658,3,False,3,2,3,3|3|0|3|7|3|3|3|3|3
18666,3,False,3,10,5,5|5|5|5|5|5|5|5|5|5
18681,3,False,3,1,3,3|3|3|3|3|3|1|3|3|3
18684,3,False,3,10,2,2|2|2|2|2|2|2|2|2|2
18689,3,False,3,10,6,6|0|6|6|6|6|0|0|6|6
18690,3,False,3,0,3,3|3|3|3|3|3|3|3|3|3
18704,3,False,3,4,3,3|3|3|2|3|2|2|3|2|3
18711,3,False,3,7,6,6|3|2|2|6|6|2|3|6|3
18738,3,False,3,9,2,2|2|2|2|2|3|2|1|2|2
18759,3,False,3,0,3,3|3|3|3|3|3|3|3|3|3
18765,3,False,3,10,2,2|2|2|2|2|2|2|2|2|2
18779,3,False,3,0,3,3|3|3|3|3|3|3|3|3|3
18791,3,False,3,0,3,3|3|3|3|3|3|3|3|3|3
18807,3,False,3,1,3,3|3|3|3|2|3|3|3|3|3
18811,3,False,3,9,1,3|1|1|1|1|1|1|1|1|1
18821,3,False,3,0,3,3|3|3|3|3|3|3|3|3|3
18832,3,False,3,0,3,3|3|3|3|3|3|3|3|3|3
18846,3,False,3,3,3,3|3|3|2|2|2|3|3|3|3
18856,3,False,3,10,0,0|0|0|0|0|0|0|0|0|0
18879,3,False,3,0,3,3|3|3|3|3|3|3|3|3|3
18888,3,False,3,1,3,3|3|3|3|3|3|3|3|2|3
18917,3,False,3,0,3,3|3|3|3|3|3|3|3|3|3
18926,3,False,3,10,2,2|2|2|2|2|2|2|2|2|2
18957,3,False,3,8,2,4|2|5|3|3|2|5|2|2|5
18968,3,False,3,1,3,2|3|3|3|3|3|3|3|3|3
18976,3,False,3,1,3,3|3|3|3|2|3|3|3|3|3
18983,3,False,3,10,4,5|4|4|4|4|4|4|5|5|4
18997,3,False,3,2,3,3|3|3|3|3|3|2|2|3|3
18998,3,False,3,6,2,2|2|2|3|2|3|3|2|3|2
19002,3,False,3,1,3,3|3|3|3|3|3|3|3|2|3
19007,3,False,3,2,3,1|3|3|3|3|3|3|2|3|3
19012,3,False,3,0,3,3|3|3|3|3|3|3|3|3|3
19013,3,False,3,0,3,3|3|3|3|3|3|3|3|3|3
19017,3,False,3,0,3,3|3|3|3|3|3|3|3|3|3
19027,3,False,3,1,3,3|3|3|3|3|3|3|3|2|3
19039,3,False,3,5,-1,3|2|3|2|3|2|3|2|2|3
19041,3,False,3,1,3,3|3|3|3|3|3|3|2|3|3
19044,3,False,3,0,3,3|3|3|3|3|3|3|3|3|3
19062,3,False,3,0,3,3|3|3|3|3|3|3|3|3|3
19066,3,False,3,0,3,3|3|3|3|3|3|3|3|3|3
19072,3,False,3,10,2,2|2|0|8|8|0|2|8|2|0
19075,3,False,3,5,3,3|2|3|3|2|2|1|3|2|3
19076,3,False,3,0,3,3|3|3|3|3|3|3|3|3|3
19083,3,False,3,0,3,3|3|3|3|3|3|3|3|3|3
19084,3,False,3,6,2,2|2|3|3|3|2|2|2|3|2
19109,3,False,3,3,3,2|3|3|3|2|3|3|3|3|2
19123,3,False,3,1,3,3|3|3|3|3|3|3|0|3|3
19134,3,False,3,9,2,2|3|2|2|2|2|2|2|2|2
19137,3,False,3,1,3,3|1|3|3|3|3|3|3|3|3
19140,3,False,3,0,3,3|3|3|3|3|3|3|3|3|3
19144,3,False,3,1,3,3|3|3|3|3|3|3|1|3|3
19154,3,False,3,8,2,2|2|3|2|2|2|2|2|2|3
19158,3,False,3,3,3,3|3|3|4|3|3|4|3|3|2
19159,3,False,3,10,8,8|5|8|4|8|5|9|9|9|8
19160,3,False,3,5,3,3|2|3|2|3|1|3|3|0|2
19168,3,False,3,1,3,3|3|3|3|2|3|3|3|3|3
19176,3,False,3,6,1,1|3|3|3|1|1|1|3|2|1
19195,3,False,3,1,3,3|3|3|3|3|3|3|3|1|3
19214,3,False,3,1,3,3|3|3|3|3|2|3|3|3|3
19224,3,False,3,4,3,3|2|2|3|2|3|2|3|3|3
19228,3,False,3,2,3,2|3|3|3|3|2|3|3|3|3
19229,3,False,3,2,3,3|3|3|3|3|3|3|2|2|3
19230,3,False,3,0,3,3|3|3|3|3|3|3|3|3|3
19232,3,False,3,2,3,3|3|3|2|2|3|3|3|3|3
19246,3,False,3,0,3,3|3|3|3|3|3|3|3|3|3
19250,3,False,3,0,3,3|3|3|3|3|3|3|3|3|3
19262,3,False,3,6,2,3|2|3|2|2|2|2|3|3|2
19263,3,False,3,0,3,3|3|3|3|3|3|3|3|3|3
19270,3,False,3,2,3,3|3|2|3|3|3|2|3|3|3
19277,3,False,3,7,2,3|2|2|2|3|2|2|3|2|2
19305,3,False,3,10,5,0|5|1|5|5|5|5|5|5|5
19310,3,False,3,5,-1,5|3|3|5|5|3|5|3|5|3
19324,3,False,3,10,4,4|4|2|4|4|4|4|4|4|2
19329,3,False,3,2,3,3|0|3|3|3|3|3|3|2|3
19375,3,False,3,1,3,3|3|3|3|3|3|3|0|3|3
19388,3,False,3,0,3,3|3|3|3|3|3|3|3|3|3
19389,3,False,3,0,3,3|3|3|3|3|3|3|3|3|3
19391,3,False,3,3,3,3|1|1|3|3|3|3|3|1|3
19422,3,False,3,9,2,3|0|0|2|2|2|0|2|2|2
19426,3,False,3,0,3,3|3|3|3|3|3|3|3|3|3
19429,3,False,3,0,3,3|3|3|3|3|3|3|3|3|3
19438,3,False,3,10,-1,0|0|2|2|0|2|0|2|2|0
19443,3,False,3,0,3,3|3|3|3|3|3|3|3|3|3
19445,3,False,3,0,3,3|3|3|3|3|3|3|3|3|3
19462,3,False,3,2,3,3|1|3|3|3|3|3|3|1|3
19467,3,False,3,0,3,3|3|3|3|3|3|3|3|3|3
19470,3,False,3,9,5,5|3|5|5|5|5|5|5|5|5
19478,3,False,3,9,0,0|0|0|0|8|6|3|0|6|8
19542,3,False,3,0,3,3|3|3|3|3|3|3|3|3|3
19570,3,False,3,2,3,2|3|3|3|3|2|3|3|3|3
19573,3,False,3,0,3,3|3|3|3|3|3|3|3|3|3
19578,3,False,3,5,-1,3|3|2|2|2|3|2|2|3|3
19581,3,False,3,0,3,3|3|3|3|3|3|3|3|3|3
19586,3,False,3,1,3,3|3|0|3|3|3|3|3|3|3
19629,3,False,3,5,-1,2|2|3|3|2|3|3|2|3|2
19639,3,False,3,4,3,1|1|3|3|3|3|3|1|2|3
19650,3,False,3,0,3,3|3|3|3|3|3|3|3|3|3
19664,3,False,3,0,3,3|3|3|3|3|3|3|3|3|3
19668,3,False,3,10,2,2|2|2|2|2|2|2|2|2|2
19683,3,False,3,0,3,3|3|3|3|3|3|3|3|3|3
19699,3,False,3,3,3,3|2|3|3|2|3|2|3|3|3
19703,3,False,3,3,3,3|2|3|3|2|3|3|3|3|2
19706,3,False,3,10,6,6|6|6|6|6|6|6|6|6|6
19713,3,False,3,10,2,2|2|2|2|2|2|2|2|2|2
19718,3,False,3,0,3,3|3|3|3|3|3|3|3|3|3
19719,3,False,3,1,3,3|3|2|3|3|3|3|3|3|3
19726,3,False,3,5,3,0|3|3|3|5|0|3|5|0|3
19731,3,False,3,0,3,3|3|3|3|3|3|3|3|3|3
19739,3,False,3,0,3,3|3|3|3|3|3|3|3|3|3
19741,3,False,3,0,3,3|3|3|3|3|3|3|3|3|3
19752,3,False,3,10,1,1|1|1|1|1|1|1|1|1|1
19768,3,False,3,0,3,3|3|3|3|3|3|3|3|3|3
19774,3,False,3,10,2,2|2|2|2|2|2|2|2|2|2
19779,3,False,3,0,3,3|3|3|3|3|3|3|3|3|3
19786,3,False,3,8,2,3|2|2|2|2|2|2|3|2|2
19791,3,False,3,3,3,3|3|3|3|3|3|3|2|0|0
19795,3,False,3,0,3,3|3|3|3|3|3|3|3|3|3
19802,3,False,3,0,3,3|3|3|3|3|3|3|3|3|3
19803,3,False,3,5,-1,2|2|3|3|2|2|3|3|2|3
19809,3,False,3,9,2,2|2|2|2|2|3|2|2|2|2
19812,3,False,3,0,3,3|3|3|3|3|3|3|3|3|3
19816,3,False,3,2,3,3|3|3|2|3|3|3|3|3|2
19821,3,False,3,0,3,3|3|3|3|3|3|3|3|3|3
19825,3,False,3,0,3,3|3|3|3|3|3|3|3|3|3
19849,3,False,3,4,3,2|3|2|3|3|3|3|2|3|2
19850,3,False,3,8,2,3|2|2|2|2|2|2|2|3|2
19860,3,False,3,0,3,3|3|3|3|3|3|3|3|3|3
19872,3,False,3,2,3,2|3|1|3|3|3|3|3|3|3
19883,3,False,3,0,3,3|3|3|3|3|3|3|3|3|3
19904,3,False,3,10,0,0|0|0|0|2|2|0|0|0|0
19908,3,False,3,5,3,3|1|3|0|1|3|0|3|3|1
19910,3,False,3,9,2,2|2|2|2|2|2|2|2|2|3
19966,3,False,3,10,0,0|0|0|0|0|9|0|0|0|9
19968,3,False,3,2,3,3|3|3|2|3|3|3|3|2|3
19971,3,False,3,1,3,3|3|3|3|2|3|3|3|3|3
19975,3,False,3,0,3,3|3|3|3|3|3|3|3|3|3
19992,3,False,3,8,5,9|5|9|0|5|4|5|3|3|5
20010,4,False,4,8,5,5|4|5|5|5|5|5|5|4|5
20012,4,False,4,10,3,2|3|3|3|3|3|3|3|1|3
20022,4,False,4,0,4,4|4|4|4|4|4|4|4|4|4
20045,4,False,4,4,4,5|4|4|4|5|4|4|5|4|5
20063,4,False,4,0,4,4|4|4|4|4|4|4|4|4|4
20064,4,False,4,6,4,6|4|0|5|4|3|5|4|4|5
20066,4,False,4,5,-1,4|5|5|5|4|4|5|4|5|4
20068,4,False,4,0,4,4|4|4|4|4|4|4|4|4|4
20072,4,False,4,0,4,4|4|4|4|4|4|4|4|4|4
20079,4,False,4,10,1,1|1|3|1|1|1|1|1|1|1
20080,4,False,4,1,4,4|4|4|4|4|4|4|4|5|4
20083,4,False,4,0,4,4|4|4|4|4|4|4|4|4|4
20107,4,False,4,0,4,4|4|4|4|4|4|4|4|4|4
20118,4,False,4,8,1,4|1|8|1|1|1|1|1|1|4
20122,4,False,4,0,4,4|4|4|4|4|4|4|4|4|4
20125,4,False,4,10,5,5|5|5|5|5|5|5|5|5|5
20126,4,False,4,7,-1,4|4|9|2|6|4|8|8|6|8
20129,4,False,4,0,4,4|4|4|4|4|4|4|4|4|4
20140,4,False,4,1,4,4|4|4|4|4|4|4|4|4|1
20155,4,False,4,10,1,1|1|0|0|1|1|0|1|1|0
20156,4,False,4,0,4,4|4|4|4|4|4|4|4|4|4
20159,4,False,4,0,4,4|4|4|4|4|4|4|4|4|4
20173,4,False,4,0,4,4|4|4|4|4|4|4|4|4|4
20206,4,False,4,2,4,4|5|5|4|4|4|4|4|4|4
20220,4,False,4,2,4,4|4|4|4|4|6|4|4|6|4
20222,4,False,4,0,4,4|4|4|4|4|4|4|4|4|4
20248,4,False,4,0,4,4|4|4|4|4|4|4|4|4|4
20253,4,False,4,0,4,4|4|4|4|4|4|4|4|4|4
20257,4,False,4,9,5,4|5|5|5|5|5|5|5|5|5
20262,4,False,4,3,4,5|4|5|4|4|4|4|4|5|4
20301,4,False,4,0,4,4|4|4|4|4|4|4|4|4|4
20302,4,False,4,6,5,5|5|5|5|4|5|4|4|5|4
20360,4,False,4,3,4,5|4|3|4|4|3|4|4|4|4
20364,4,False,4,0,4,4|4|4|4|4|4|4|4|4|4
20369,4,False,4,10,3,2|3|2|3|3|3|3|3|3|3
20377,4,False,4,10,5,5|5|5|5|5|5|5|5|5|5
20380,4,False,4,4,4,5|4|2|4|4|4|4|5|5|4
20402,4,False,4,0,4,4|4|4|4|4|4|4|4|4|4
20408,4,False,4,1,4,4|4|4|4|4|4|4|5|4|4
20411,4,False,4,0,4,4|4|4|4|4|4|4|4|4|4
20446,4,False,4,6,-1,5|4|5|4|5|1|4|5|1|4
20448,4,False,4,10,2,6|2|2|3|6|6|2|2|2|2
20450,4,False,4,0,4,4|4|4|4|4|4|4|4|4|4
20452,4,False,4,10,5,5|5|5|5|5|5|5|5|5|5
20466,4,False,4,3,4,4|4|4|4|1|1|4|4|1|4
20484,4,False,4,1,4,4|4|4|4|4|4|4|5|4|4
20496,4,False,4,0,4,4|4|4|4|4|4|4|4|4|4
20505,4,False,4,1,4,4|4|4|5|4|4|4|4|4|4
20523,4,False,4,6,5,4|5|5|5|5|5|5|4|4|4
20531,4,False,4,3,4,4|4|4|1|4|3|4|4|2|4
20535,4,False,4,0,4,4|4|4|4|4|4|4|4|4|4
20544,4,False,4,10,5,5|5|3|5|5|5|5|5|5|5
20549,4,False,4,0,4,4|4|4|4|4|4|4|4|4|4
20552,4,False,4,4,4,5|5|5|4|4|4|4|4|5|4
20564,4,False,4,1,4,4|4|4|4|4|4|4|4|4|5
20591,4,False,4,0,4,4|4|4|4|4|4|4|4|4|4
20607,4,False,4,10,5,5|5|5|3|5|5|5|5|5|5
20623,4,False,4,0,4,4|4|4|4|4|4|4|4|4|4
20643,4,False,4,0,4,4|4|4|4|4|4|4|4|4|4
20646,4,False,4,0,4,4|4|4|4|4|4|4|4|4|4
20651,4,False,4,0,4,4|4|4|4|4|4|4|4|4|4
20652,4,False,4,0,4,4|4|4|4|4|4|4|4|4|4
20654,4,False,4,3,4,4|5|5|4|4|4|4|4|5|4
20662,4,False,4,0,4,4|4|4|4|4|4|4|4|4|4
20671,4,False,4,9,2,2|2|8|2|2|0|2|4|0|8
20681,4,False,4,3,4,5|4|4|4|4|4|5|5|4|4
20688,4,False,4,0,4,4|4|4|4|4|4|4|4|4|4
20697,4,False,4,4,4,4|4|5|5|5|4|5|4|4|4
20706,4,False,4,8,5,0|4|5|5|5|5|5|0|5|4
20709,4,False,4,7,5,4|5|4|5|4|5|5|5|5|5
20716,4,False,4,0,4,4|4|4|4|4|4|4|4|4|4
20719,4,False,4,0,4,4|4|4|4|4|4|4|4|4|4
20720,4,False,4,0,4,4|4|4|4|4|4|4|4|4|4
20724,4,False,4,0,4,4|4|4|4|4|4|4|4|4|4
20732,4,False,4,0,4,4|4|4|4|4|4|4|4|4|4
20733,4,False,4,1,4,1|4|4|4|4|4|4|4|4|4
20739,4,False,4,4,4,5|4|5|4|4|4|4|5|5|4
20751,4,False,4,3,4,4|5|5|4|4|4|4|5|4|4
20771,4,False,4,9,5,5|4|5|5|5|5|5|5|5|5
20773,4,False,4,0,4,4|4|4|4|4|4|4|4|4|4
20779,4,False,4,0,4,4|4|4|4|4|4|4|4|4|4
20786,4,False,4,4,4,4|4|5|4|4|5|4|4|5|5
20801,4,False,4,6,5,4|5|5|5|5|5|5|4|4|4
20818,4,False,4,10,5,5|5|5|5|5|5|5|5|5|5
20833,4,False,4,5,-1,5|5|5|4|4|5|4|5|4|4
20842,4,False,4,0,4,4|4|4|4|4|4|4|4|4|4
20857,4,False,4,3,4,4|4|5|4|4|4|4|5|5|4
20860,4,False,4,7,5,5|5|4|5|5|4|5|5|4|5
20863,4,False,4,0,4,4|4|4|4|4|4|4|4|4|4
20871,4,False,4,1,4,4|4|4|4|4|4|4|4|5|4
20874,4,False,4,1,4,4|4|4|4|4|4|4|4|4|5
20876,4,False,4,0,4,4|4|4|4|4|4|4|4|4|4
20888,4,False,4,2,4,5|4|5|4|4|4|4|4|4|4
20894,4,False,4,5,4,0|0|5|0|4|4|4|4|0|4
20908,4,False,4,3,4,4|5|4|4|4|5|5|4|4|4
20912,4,False,4,2,4,4|4|4|8|4|5|4|4|4|4
20945,4,False,4,3,4,4|4|5|4|4|4|4|5|4|5
20950,4,False,4,0,4,4|4|4|4|4|4|4|4|4|4
20986,4,False,4,1,4,4|4|5|4|4|4|4|4|4|4
21002,4,False,4,0,4,4|4|4|4|4|4|4|4|4|4
21033,4,False,4,2,4,4|4|4|4|5|4|4|4|4|5
21034,4,False,4,4,4,4|4|4|4|5|5|5|4|5|4
21036,4,False,4,1,4,4|4|4|4|4|4|4|5|4|4
21039,4,False,4,0,4,4|4|4|4|4|4|4|4|4|4
21043,4,False,4,0,4,4|4|4|4|4|4|4|4|4|4
21051,4,False,4,0,4,4|4|4|4|4|4|4|4|4|4
21071,4,False,4,3,4,5|4|5|4|4|4|4|5|4|4
21087,4,False,4,0,4,4|4|4|4|4|4|4|4|4|4
21098,4,False,4,0,4,4|4|4|4|4|4|4|4|4|4
21102,4,False,4,0,4,4|4|4|4|4|4|4|4|4|4
21104,4,False,4,2,4,1|4|4|5|4|4|4|4|4|4
21125,4,False,4,0,4,4|4|4|4|4|4|4|4|4|4
21145,4,False,4,10,5,5|5|5|5|5|5|5|5|5|5
21151,4,False,4,10,5,5|5|5|5|5|5|5|5|5|5
21153,4,False,4,1,4,5|4|4|4|4|4|4|4|4|4
21154,4,False,4,0,4,4|4|4|4|4|4|4|4|4|4
21177,4,False,4,0,4,4|4|4|4|4|4|4|4|4|4
21192,4,False,4,0,4,4|4|4|4|4|4|4|4|4|4
21207,4,False,4,0,4,4|4|4|4|4|4|4|4|4|4
21212,4,False,4,9,5,5|5|5|5|4|5|5|5|5|5
21220,4,False,4,0,4,4|4|4|4|4|4|4|4|4|4
21221,4,False,4,9,3,1|3|3|1|5|3|3|3|4|3
21243,4,False,4,1,4,4|4|4|4|4|4|1|4|4|4
21244,4,False,4,1,4,4|4|5|4|4|4|4|4|4|4
21256,4,False,4,6,5,5|4|5|5|4|5|4|5|5|4
21257,4,False,4,10,1,1|1|1|0|1|0|0|0|1|1
21262,4,False,4,0,4,4|4|4|4|4|4|4|4|4|4
21265,4,False,4,5,4,6|4|6|4|4|6|4|2|4|6
21276,4,False,4,6,-1,4|5|4|5|5|4|5|3|4|3
21286,4,False,4,10,5,5|5|5|5|5|5|5|5|5|5
21287,4,False,4,0,4,4|4|4|4|4|4|4|4|4|4
21289,4,False,4,2,4,4|4|4|5|4|4|4|5|4|4
21320,4,False,4,0,4,4|4|4|4|4|4|4|4|4|4
21321,4,False,4,1,4,4|4|2|4|4|4|4|4|4|4
21323,4,False,4,10,5,5|5|5|5|5|5|5|5|5|5
21328,4,False,4,1,4,5|4|4|4|4|4|4|4|4|4
21330,4,False,4,0,4,4|4|4|4|4|4|4|4|4|4
21340,4,False,4,0,4,4|4|4|4|4|4|4|4|4|4
21356,4,False,4,0,4,4|4|4|4|4|4|4|4|4|4
21360,4,False,4,0,4,4|4|4|4|4|4|4|4|4|4
21373,4,False,4,10,5,5|5|5|5|5|5|5|5|5|5
21404,4,False,4,2,4,4|4|5|4|4|4|4|5|4|4
21427,4,False,4,0,4,4|4|4|4|4|4|4|4|4|4
21447,4,False,4,0,4,4|4|4|4|4|4|4|4|4|4
21448,4,False,4,10,3,3|3|2|3|3|3|3|1|2|3
21452,4,False,4,0,4,4|4|4|4|4|4|4|4|4|4
21461,4,False,4,0,4,4|4|4|4|4|4|4|4|4|4
21467,4,False,4,0,4,4|4|4|4|4|4|4|4|4|4
21476,4,False,4,0,4,4|4|4|4|4|4|4|4|4|4
21500,4,False,4,10,5,5|5|5|5|5|5|5|5|5|5
21506,4,False,4,0,4,4|4|4|4|4|4|4|4|4|4
21512,4,False,4,10,5,5|5|5|5|5|5|5|5|5|5
21526,4,False,4,0,4,4|4|4|4|4|4|4|4|4|4
21543,4,False,4,10,6,6|6|6|6|6|6|6|6|6|6
21544,4,False,4,0,4,4|4|4|4|4|4|4|4|4|4
21547,4,False,4,0,4,4|4|4|4|4|4|4|4|4|4
21549,4,False,4,1,4,5|4|4|4|4|4|4|4|4|4
21556,4,False,4,2,4,4|5|4|4|4|5|4|4|4|4
21561,4,False,4,10,5,5|5|5|5|5|5|5|5|5|5
21564,4,False,4,0,4,4|4|4|4|4|4|4|4|4|4
21569,4,False,4,0,4,4|4|4|4|4|4|4|4|4|4
21575,4,False,4,0,4,4|4|4|4|4|4|4|4|4|4
21592,4,False,4,10,5,5|5|5|5|5|5|5|5|5|5
21594,4,False,4,0,4,4|4|4|4|4|4|4|4|4|4
21598,4,False,4,0,4,4|4|4|4|4|4|4|4|4|4
21609,4,False,4,0,4,4|4|4|4|4|4|4|4|4|4
21611,4,False,4,8,7,1|7|4|4|6|7|7|7|7|6
21632,4,False,4,10,1,1|1|1|1|1|1|1|1|1|1
21633,4,False,4,0,4,4|4|4|4|4|4|4|4|4|4
21641,4,False,4,0,4,4|4|4|4|4|4|4|4|4|4
21656,4,False,4,0,4,4|4|4|4|4|4|4|4|4|4
21667,4,False,4,0,4,4|4|4|4|4|4|4|4|4|4
21673,4,False,4,0,4,4|4|4|4|4|4|4|4|4|4
21682,4,False,4,0,4,4|4|4|4|4|4|4|4|4|4
21702,4,False,4,0,4,4|4|4|4|4|4|4|4|4|4
21711,4,False,4,10,5,5|5|5|5|5|5|5|5|5|5
21714,4,False,4,0,4,4|4|4|4|4|4|4|4|4|4
21729,4,False,4,0,4,4|4|4|4|4|4|4|4|4|4
21743,4,False,4,2,4,4|4|4|4|5|5|4|4|4|4
21744,4,False,4,0,4,4|4|4|4|4|4|4|4|4|4
21781,4,False,4,4,4,5|4|5|4|4|4|4|6|5|4
21783,4,False,4,0,4,4|4|4|4|4|4|4|4|4|4
21791,4,False,4,5,4,3|4|0|4|4|4|4|2|3|3
21802,4,False,4,0,4,4|4|4|4|4|4|4|4|4|4
21810,4,False,4,1,4,4|4|4|4|4|4|5|4|4|4
21830,4,False,4,6,5,5|4|5|5|4|5|4|5|5|4
21840,4,False,4,9,5,4|5|5|5|5|5|5|5|5|5
21869,4,False,4,0,4,4|4|4|4|4|4|4|4|4|4
21876,4,False,4,0,4,4|4|4|4|4|4|4|4|4|4
21895,4,False,4,0,4,4|4|4|4|4|4|4|4|4|4
21899,4,False,4,8,5,5|5|5|5|5|5|4|5|5|4
21909,4,False,4,9,5,5|5|5|5|4|5|5|5|5|5
21915,4,False,4,0,4,4|4|4|4|4|4|4|4|4|4
21936,4,False,4,9,5,5|5|5|4|5|5|5|5|5|5
21937,4,False,4,0,4,4|4|4|4|4|4|4|4|4|4
21938,4,False,4,0,4,4|4|4|4|4|4|4|4|4|4
21953,4,False,4,0,4,4|4|4|4|4|4|4|4|4|4
21973,4,False,4,0,4,4|4|4|4|4|4|4|4|4|4
21978,4,False,4,0,4,4|4|4|4|4|4|4|4|4|4
21983,4,False,4,6,5,4|5|5|5|4|4|5|4|5|5
21984,4,False,4,0,4,4|4|4|4|4|4|4|4|4|4
21991,4,False,4,0,4,4|4|4|4|4|4|4|4|4|4
21996,4,False,4,0,4,4|4|4|4|4|4|4|4|4|4
22007,4,False,4,0,4,4|4|4|4|4|4|4|4|4|4
22012,4,False,4,0,4,4|4|4|4|4|4|4|4|4|4
22035,4,False,4,0,4,4|4|4|4|4|4|4|4|4|4
22048,4,False,4,0,4,4|4|4|4|4|4|4|4|4|4
22056,4,False,4,0,4,4|4|4|4|4|4|4|4|4|4
22074,4,False,4,0,4,4|4|4|4|4|4|4|4|4|4
22086,4,False,4,0,4,4|4|4|4|4|4|4|4|4|4
22111,4,False,4,0,4,4|4|4|4|4|4|4|4|4|4
22122,4,False,4,9,8,9|8|4|9|8|8|8|8|5|9
22124,4,False,4,2,4,4|5|4|4|5|4|4|4|4|4
22128,4,False,4,2,4,1|4|5|4|4|4|4|4|4|4
22143,4,False,4,4,4,4|5|4|5|4|5|5|4|4|4
22147,4,False,4,1,4,5|4|4|4|4|4|4|4|4|4
22158,4,False,4,1,4,4|4|4|4|5|4|4|4|4|4
22179,4,False,4,0,4,4|4|4|4|4|4|4|4|4|4
22187,4,False,4,0,4,4|4|4|4|4|4|4|4|4|4
22192,4,False,4,0,4,4|4|4|4|4|4|4|4|4|4
22197,4,False,4,1,4,4|4|4|5|4|4|4|4|4|4
22198,4,False,4,8,5,4|5|5|5|5|5|5|4|5|5
22223,4,False,4,5,-1,3|4|3|3|4|4|3|4|3|4
22237,4,False,4,0,4,4|4|4|4|4|4|4|4|4|4
22265,4,False,4,0,4,4|4|4|4|4|4|4|4|4|4
22284,4,False,4,0,4,4|4|4|4|4|4|4|4|4|4
22302,4,False,4,1,4,4|4|4|4|8|4|4|4|4|4
22306,4,False,4,6,1,4|1|1|5|4|4|1|4|1|1
22311,4,False,4,10,5,5|5|5|5|5|5|5|5|5|5
22312,4,False,4,9,5,4|5|5|5|5|5|5|5|5|5
22323,4,False,4,0,4,4|4|4|4|4|4|4|4|4|4
22326,4,False,4,0,4,4|4|4|4|4|4|4|4|4|4
22336,4,False,4,1,4,5|4|4|4|4|4|4|4|4|4
22339,4,False,4,0,4,4|4|4|4|4|4|4|4|4|4
22343,4,False,4,0,4,4|4|4|4|4|4|4|4|4|4
22349,4,False,4,0,4,4|4|4|4|4|4|4|4|4|4
22369,4,False,4,0,4,4|4|4|4|4|4|4|4|4|4
22371,4,False,4,3,4,3|4|4|4|4|4|4|3|5|4
22374,4,False,4,1,4,5|4|4|4|4|4|4|4|4|4
22375,4,False,4,0,4,4|4|4|4|4|4|4|4|4|4
22383,4,False,4,0,4,4|4|4|4|4|4|4|4|4|4
22393,4,False,4,0,4,4|4|4|4|4|4|4|4|4|4
22395,4,False,4,8,5,0|5|5|0|5|5|5|5|4|4
22399,4,False,4,8,-1,6|4|6|0|2|0|2|6|4|0
22406,4,False,4,2,4,5|4|5|4|4|4|4|4|4|4
22417,4,False,4,8,5,4|5|5|5|5|5|5|5|5|4
22426,4,False,4,6,4,4|5|1|5|1|1|4|4|2|4
22427,4,False,4,2,4,4|0|5|4|4|4|4|4|4|4
22429,4,False,4,0,4,4|4|4|4|4|4|4|4|4|4
22430,4,False,4,5,-1,4|5|5|4|5|5|4|4|4|5
22434,4,False,4,5,-1,4|4|4|5|4|5|5|4|5|5
22442,4,False,4,10,0,0|0|0|0|0|0|0|0|0|0
22454,4,False,4,3,4,4|5|4|5|4|4|5|4|4|4
22455,4,False,4,4,4,4|5|4|5|4|4|5|4|4|5
22460,4,False,4,10,5,5|5|5|5|5|5|5|1|5|1
22461,4,False,4,0,4,4|4|4|4|4|4|4|4|4|4
22463,4,False,4,0,4,4|4|4|4|4|4|4|4|4|4
22489,4,False,4,1,4,4|4|4|4|4|4|4|4|4|1
22502,4,False,4,0,4,4|4|4|4|4|4|4|4|4|4
22506,4,False,4,1,4,4|4|5|4|4|4|4|4|4|4
22510,4,False,4,0,4,4|4|4|4|4|4|4|4|4|4
22518,4,False,4,10,5,5|5|5|5|5|5|5|5|5|5
22522,4,False,4,1,4,4|4|4|4|4|4|4|4|5|4
22523,4,False,4,1,4,4|4|4|4|4|4|4|5|4|4
22527,4,False,4,1,4,4|4|2|4|4|4|4|4|4|4
22531,4,False,4,2,4,4|4|4|5|4|4|5|4|4|4
22542,4,False,4,5,4,5|4|4|5|5|1|4|3|4|4
22567,4,False,4,1,4,5|4|4|4|4|4|4|4|4|4
22586,4,False,4,0,4,4|4|4|4|4|4|4|4|4|4
22600,4,False,4,0,4,4|4|4|4|4|4|4|4|4|4
22604,4,False,4,10,6,6|6|6|6|6|6|6|6|6|6
22606,4,False,4,0,4,4|4|4|4|4|4|4|4|4|4
22620,4,False,4,8,6,6|6|4|6|4|6|6|2|6|6
22621,4,False,4,0,4,4|4|4|4|4|4|4|4|4|4
22628,4,False,4,0,4,4|4|4|4|4|4|4|4|4|4
22632,4,False,4,0,4,4|4|4|4|4|4|4|4|4|4
22647,4,False,4,1,4,4|4|5|4|4|4|4|4|4|4
22670,4,False,4,0,4,4|4|4|4|4|4|4|4|4|4
22685,4,False,4,0,4,4|4|4|4|4|4|4|4|4|4
22716,4,False,4,0,4,4|4|4|4|4|4|4|4|4|4
22731,4,False,4,9,5,5|5|5|4|5|5|5|5|5|5
22739,4,False,4,0,4,4|4|4|4|4|4|4|4|4|4
22753,4,False,4,1,4,4|4|4|5|4|4|4|4|4|4
22761,4,False,4,0,4,4|4|4|4|4|4|4|4|4|4
22762,4,False,4,0,4,4|4|4|4|4|4|4|4|4|4
22763,4,False,4,7,5,5|5|5|4|5|5|5|4|4|5
22765,4,False,4,10,5,5|5|5|5|5|5|5|5|5|5
22767,4,False,4,0,4,4|4|4|4|4|4|4|4|4|4
22772,4,False,4,2,4,4|4|4|5|4|5|4|4|4|4
22778,4,False,4,0,4,4|4|4|4|4|4|4|4|4|4
22784,4,False,4,10,3,3|3|3|3|3|3|3|3|3|3
22804,4,False,4,1,4,4|4|5|4|4|4|4|4|4|4
22823,4,False,4,0,4,4|4|4|4|4|4|4|4|4|4
22825,4,False,4,1,4,5|4|4|4|4|4|4|4|4|4
22851,4,False,4,8,5,5|4|5|5|4|5|5|5|5|5
22860,4,False,4,8,8,8|4|3|1|8|8|8|0|1|4
22888,4,False,4,0,4,4|4|4|4|4|4|4|4|4|4
22889,4,False,4,0,4,4|4|4|4|4|4|4|4|4|4
22899,4,False,4,0,4,4|4|4|4|4|4|4|4|4|4
22903,4,False,4,0,4,4|4|4|4|4|4|4|4|4|4
22909,4,False,4,0,4,4|4|4|4|4|4|4|4|4|4
22910,4,False,4,0,4,4|4|4|4|4|4|4|4|4|4
22911,4,False,4,0,4,4|4|4|4|4|4|4|4|4|4
22912,4,False,4,1,4,1|4|4|4|4|4|4|4|4|4
22921,4,False,4,0,4,4|4|4|4|4|4|4|4|4|4
22926,4,False,4,4,4,4|4|5|5|5|4|5|4|4|4
22932,4,False,4,2,4,4|4|5|4|4|4|4|4|5|4
22943,4,False,4,10,5,5|5|5|5|5|5|5|5|5|5
22944,4,False,4,0,4,4|4|4|4|4|4|4|4|4|4
22949,4,False,4,10,5,5|5|5|5|3|3|5|5|5|5
22950,4,False,4,0,4,4|4|4|4|4|4|4|4|4|4
22951,4,False,4,0,4,4|4|4|4|4|4|4|4|4|4
22971,4,False,4,0,4,4|4|4|4|4|4|4|4|4|4
22973,4,False,4,1,4,4|4|2|4|4|4|4|4|4|4
22993,4,False,4,1,4,4|4|4|4|4|4|4|4|5|4
22999,4,False,4,1,4,4|4|4|4|7|4|4|4|4|4
23010,4,False,4,0,4,4|4|4|4|4|4|4|4|4|4
23028,4,False,4,0,4,4|4|4|4|4|4|4|4|4|4
23030,4,False,4,0,4,4|4|4|4|4|4|4|4|4|4
23039,4,False,4,0,4,4|4|4|4|4|4|4|4|4|4
23046,4,False,4,0,4,4|4|4|4|4|4|4|4|4|4
23060,4,False,4,0,4,4|4|4|4|4|4|4|4|4|4
23061,4,False,4,0,4,4|4|4|4|4|4|4|4|4|4
23100,4,False,4,5,4,4|2|6|2|4|4|4|6|6|4
23101,4,False,4,1,4,4|4|4|4|4|4|4|5|4|4
23110,4,False,4,0,4,4|4|4|4|4|4|4|4|4|4
23119,4,False,4,5,-1,4|5|4|5|5|4|5|4|5|4
23133,4,False,4,0,4,4|4|4|4|4|4|4|4|4|4
23144,4,False,4,0,4,4|4|4|4|4|4|4|4|4|4
23149,4,False,4,0,4,4|4|4|4|4|4|4|4|4|4
23157,4,False,4,0,4,4|4|4|4|4|4|4|4|4|4
23161,4,False,4,10,-1,8|5|0|0|5|1|0|0|5|5
23164,4,False,4,2,4,4|4|4|4|4|4|4|5|5|4
23179,4,False,4,0,4,4|4|4|4|4|4|4|4|4|4
23186,4,False,4,9,-1,0|1|3|4|1|1|1|3|3|3
23211,4,False,4,3,4,4|5|5|4|4|5|4|4|4|4
23219,4,False,4,0,4,4|4|4|4|4|4|4|4|4|4
23229,4,False,4,0,4,4|4|4|4|4|4|4|4|4|4
23230,4,False,4,0,4,4|4|4|4|4|4|4|4|4|4
23258,4,False,4,0,4,4|4|4|4|4|4|4|4|4|4
23260,4,False,4,0,4,4|4|4|4|4|4|4|4|4|4
23281,4,False,4,0,4,4|4|4|4|4|4|4|4|4|4
23284,4,False,4,0,4,4|4|4|4|4|4|4|4|4|4
23299,4,False,4,0,4,4|4|4|4|4|4|4|4|4|4
23315,4,False,4,2,4,4|4|1|4|4|2|4|4|4|4
23317,4,False,4,0,4,4|4|4|4|4|4|4|4|4|4
23331,4,False,4,0,4,4|4|4|4|4|4|4|4|4|4
23336,4,False,4,10,5,5|5|5|5|5|5|5|0|5|5
23337,4,False,4,0,4,4|4|4|4|4|4|4|4|4|4
23350,4,False,4,0,4,4|4|4|4|4|4|4|4|4|4
23363,4,False,4,2,4,4|5|4|4|4|4|4|5|4|4
23366,4,False,4,0,4,4|4|4|4|4|4|4|4|4|4
23378,4,False,4,0,4,4|4|4|4|4|4|4|4|4|4
23393,4,False,4,0,4,4|4|4|4|4|4|4|4|4|4
23399,4,False,4,1,4,1|4|4|4|4|4|4|4|4|4
23404,4,False,4,1,4,4|4|4|3|4|4|4|4|4|4
23435,4,False,4,0,4,4|4|4|4|4|4|4|4|4|4
23440,4,False,4,0,4,4|4|4|4|4|4|4|4|4|4
23453,4,False,4,10,2,2|2|2|2|2|2|2|2|2|2
23459,4,False,4,0,4,4|4|4|4|4|4|4|4|4|4
23497,4,False,4,0,4,4|4|4|4|4|4|4|4|4|4
23508,4,False,4,3,4,4|4|4|4|5|4|4|4|5|5
23513,4,False,4,10,-1,3|3|5|3|5|5|5|3|3|5
23517,4,False,4,0,4,4|4|4|4|4|4|4|4|4|4
23523,4,False,4,10,8,8|8|8|0|8|8|8|8|8|8
23527,4,False,4,4,4,4|8|4|4|4|4|8|9|9|4
23533,4,False,4,0,4,4|4|4|4|4|4|4|4|4|4
23549,4,False,4,9,3,3|1|3|3|1|3|1|3|4|3
23572,4,False,4,0,4,4|4|4|4|4|4|4|4|4|4
23581,4,False,4,0,4,4|4|4|4|4|4|4|4|4|4
23584,4,False,4,0,4,4|4|4|4|4|4|4|4|4|4
23590,4,False,4,0,4,4|4|4|4|4|4|4|4|4|4
23621,4,False,4,0,4,4|4|4|4|4|4|4|4|4|4
23622,4,False,4,0,4,4|4|4|4|4|4|4|4|4|4
23631,4,False,4,0,4,4|4|4|4|4|4|4|4|4|4
23634,4,False,4,7,0,0|0|4|0|0|0|4|4|0|0
23658,4,False,4,0,4,4|4|4|4|4|4|4|4|4|4
23664,4,False,4,10,5,5|5|5|5|5|5|5|5|5|5
23695,4,False,4,3,4,4|5|5|4|4|4|4|4|5|4
23710,4,False,4,0,4,4|4|4|4|4|4|4|4|4|4
23717,4,False,4,8,5,5|5|5|4|5|4|5|5|5|5
23727,4,False,4,5,-1,4|5|5|5|5|5|4|4|4|4
23728,4,False,4,9,5,5|5|4|5|5|5|5|5|5|5
23742,4,False,4,10,5,5|5|5|5|5|5|5|5|5|5
23743,4,False,4,0,4,4|4|4|4|4|4|4|4|4|4
23760,4,False,4,1,4,4|4|4|4|6|4|4|4|4|4
23776,4,False,4,0,4,4|4|4|4|4|4|4|4|4|4
23795,4,False,4,10,2,1|2|2|2|2|2|0|2|2|2
23827,4,False,4,5,-1,4|4|4|4|1|1|1|4|1|1
23845,4,False,4,0,4,4|4|4|4|4|4|4|4|4|4
23846,4,False,4,4,4,4|4|4|4|5|5|5|4|4|5
23856,4,False,4,1,4,4|4|4|4|4|4|4|4|5|4
23861,4,False,4,0,4,4|4|4|4|4|4|4|4|4|4
23864,4,False,4,8,6,6|2|4|6|4|6|6|6|6|3
23869,4,False,4,0,4,4|4|4|4|4|4|4|4|4|4
23873,4,False,4,6,5,4|5|5|5|4|5|5|4|5|4
23878,4,False,4,7,5,5|5|5|4|4|5|5|5|5|4
23897,4,False,4,6,5,5|5|5|4|5|4|4|5|5|4
23899,4,False,4,0,4,4|4|4|4|4|4|4|4|4|4
23904,4,False,4,0,4,4|4|4|4|4|4|4|4|4|4
23909,4,False,4,0,4,4|4|4|4|4|4|4|4|4|4
23936,4,False,4,1,4,4|4|4|4|4|4|0|4|4|4
23948,4,False,4,0,4,4|4|4|4|4|4|4|4|4|4
23964,4,False,4,0,4,4|4|4|4|4|4|4|4|4|4
23966,4,False,4,10,5,5|5|5|5|5|5|5|5|5|5
23968,4,False,4,0,4,4|4|4|4|4|4|4|4|4|4
23972,4,False,4,10,5,5|5|5|5|5|5|5|5|5|1
23980,4,False,4,10,1,1|1|1|1|1|7|7|0|7|7
23991,4,False,4,10,5,5|5|5|5|5|5|5|5|5|5
24014,4,False,4,8,7,5|7|7|4|4|7|8|9|9|8
24026,4,False,4,0,4,4|4|4|4|4|4|4|4|4|4
24027,4,False,4,0,4,4|4|4|4|4|4|4|4|4|4
24037,4,False,4,0,4,4|4|4|4|4|4|4|4|4|4
24046,4,False,4,1,4,4|4|5|4|4|4|4|4|4|4
24055,4,False,4,0,4,4|4|4|4|4|4|4|4|4|4
24067,4,False,4,1,4,4|5|4|4|4|4|4|4|4|4
24091,4,False,4,2,4,4|5|4|4|4|4|5|4|4|4
24101,4,False,4,1,4,6|4|4|4|4|4|4|4|4|4
24108,4,False,4,0,4,4|4|4|4|4|4|4|4|4|4
24112,4,False,4,1,4,4|4|4|4|6|4|4|4|4|4
24125,4,False,4,0,4,4|4|4|4|4|4|4|4|4|4
24135,4,False,4,0,4,4|4|4|4|4|4|4|4|4|4
24137,4,False,4,0,4,4|4|4|4|4|4|4|4|4|4
24144,4,False,4,0,4,4|4|4|4|4|4|4|4|4|4
24151,4,False,4,1,4,4|4|4|4|4|5|4|4|4|4
24156,4,False,4,10,5,5|5|5|5|5|5|5|5|5|5
24158,4,False,4,10,1,1|1|0|0|1|1|1|0|0|1
24180,4,False,4,0,4,4|4|4|4|4|4|4|4|4|4
24181,4,False,4,6,5,4|5|4|4|5|5|5|4|5|5
24188,4,False,4,0,4,4|4|4|4|4|4|4|4|4|4
24203,4,False,4,10,5,3|5|5|5|5|3|5|3|3|5
24216,4,False,4,0,4,4|4|4|4|4|4|4|4|4|4
24241,4,False,4,7,5,5|5|5|5|5|4|5|4|5|4
24246,4,False,4,7,2,3|4|2|4|2|2|0|8|2|4
24259,4,False,4,10,0,0|0|0|0|0|0|0|0|0|0
24273,4,False,4,3,4,1|4|4|4|4|4|4|0|0|4
24294,4,False,4,0,4,4|4|4|4|4|4|4|4|4|4
24297,4,False,4,0,4,4|4|4|4|4|4|4|4|4|4
24301,4,False,4,0,4,4|4|4|4|4|4|4|4|4|4
24303,4,False,4,7,5,5|5|5|5|5|4|4|5|5|4
24304,4,False,4,2,4,4|4|4|3|4|4|4|4|4|2
24310,4,False,4,3,4,4|4|5|0|4|4|4|4|0|4
24327,4,False,4,7,6,4|1|2|6|4|2|6|6|4|6
24330,4,False,4,2,4,3|4|5|4|4|4|4|4|4|4
24334,4,False,4,9,3,3|3|2|3|2|3|2|4|1|3
24339,4,False,4,3,4,4|4|4|4|4|4|5|4|5|5
24346,4,False,4,1,4,4|4|4|4|4|4|4|4|4|5
24347,4,False,4,1,4,5|4|4|4|4|4|4|4|4|4
24351,4,False,4,10,2,0|2|2|6|2|2|2|2|2|2
24356,4,False,4,0,4,4|4|4|4|4|4|4|4|4|4
24359,4,False,4,0,4,4|4|4|4|4|4|4|4|4|4
24422,4,False,4,0,4,4|4|4|4|4|4|4|4|4|4
24443,4,False,4,0,4,4|4|4|4|4|4|4|4|4|4
24463,4,False,4,0,4,4|4|4|4|4|4|4|4|4|4
24475,4,False,4,0,4,4|4|4|4|4|4|4|4|4|4
24484,4,False,4,1,4,4|4|4|4|4|4|4|4|5|4
24493,4,False,4,0,4,4|4|4|4|4|4|4|4|4|4
24504,4,False,4,4,4,5|4|5|4|4|5|4|5|4|4
24517,4,False,4,1,4,4|4|4|4|5|4|4|4|4|4
24554,4,False,4,1,4,4|4|5|4|4|4|4|4|4|4
24555,4,False,4,0,4,4|4|4|4|4|4|4|4|4|4
24565,4,False,4,0,4,4|4|4|4|4|4|4|4|4|4
24569,4,False,4,0,4,4|4|4|4|4|4|4|4|4|4
24582,4,False,4,2,4,4|4|4|4|4|5|4|4|4|5
24617,4,False,4,1,4,4|4|5|4|4|4|4|4|4|4
24628,4,False,4,2,4,5|4|5|4|4|4|4|4|4|4
24637,4,False,4,10,5,5|5|5|5|5|5|5|5|5|5
24652,4,False,4,1,4,4|4|4|4|4|5|4|4|4|4
24660,4,False,4,0,4,4|4|4|4|4|4|4|4|4|4
24670,4,False,4,10,5,5|5|5|5|5|5|5|5|5|5
24704,4,False,4,9,1,4|1|3|1|1|1|1|0|1|1
24708,4,False,4,10,3,3|3|2|3|3|2|5|3|5|3
24712,4,False,4,0,4,4|4|4|4|4|4|4|4|4|4
24713,4,False,4,7,5,5|4|4|5|5|5|5|5|4|5
24721,4,False,4,0,4,4|4|4|4|4|4|4|4|4|4
24744,4,False,4,2,4,4|4|4|4|4|5|4|4|5|4
24760,4,False,4,5,4,4|5|5|4|1|5|5|4|4|4
24798,4,False,4,10,2,2|2|2|2|2|2|2|2|2|2
24804,4,False,4,0,4,4|4|4|4|4|4|4|4|4|4
24811,4,False,4,1,4,4|4|5|4|4|4|4|4|4|4
24817,4,False,4,1,4,4|4|4|4|4|5|4|4|4|4
24829,4,False,4,0,4,4|4|4|4|4|4|4|4|4|4
24870,4,False,4,1,4,4|4|4|4|4|5|4|4|4|4
24871,4,False,4,10,1,3|1|2|1|1|1|1|0|5|1
24888,4,False,4,0,4,4|4|4|4|4|4|4|4|4|4
24894,4,False,4,0,4,4|4|4|4|4|4|4|4|4|4
24902,4,False,4,0,4,4|4|4|4|4|4|4|4|4|4
24926,4,False,4,0,4,4|4|4|4|4|4|4|4|4|4
24940,4,False,4,0,4,4|4|4|4|4|4|4|4|4|4
24943,4,False,4,0,4,4|4|4|4|4|4|4|4|4|4
24953,4,False,4,0,4,4|4|4|4|4|4|4|4|4|4
24969,4,False,4,0,4,4|4|4|4|4|4|4|4|4|4
24971,4,False,4,0,4,4|4|4|4|4|4|4|4|4|4
24975,4,False,4,1,4,4|4|4|4|6|4|4|4|4|4
24976,4,False,4,0,4,4|4|4|4|4|4|4|4|4|4
24983,4,False,4,9,5,5|5|5|5|5|5|5|5|5|4
24984,4,False,4,9,1,5|8|0|1|1|2|1|0|1|4
24985,4,False,4,6,4,2|4|4|9|4|0|8|5|9|4
25006,5,False,5,0,5,5|5|5|5|5|5|5|5|5|5
25008,5,False,5,4,5,5|4|4|5|5|5|5|4|4|5
25021,5,False,5,9,4,4|4|4|4|4|4|4|4|5|4
25041,5,False,5,0,5,5|5|5|5|5|5|5|5|5|5
25062,5,False,5,0,5,5|5|5|5|5|5|5|5|5|5
25074,5,False,5,0,5,5|5|5|5|5|5|5|5|5|5
25084,5,False,5,0,5,5|5|5|5|5|5|5|5|5|5
25090,5,False,5,10,2,2|2|2|2|2|2|2|3|2|2
25095,5,False,5,10,1,1|4|1|1|1|1|1|1|1|1
25115,5,False,5,0,5,5|5|5|5|5|5|5|5|5|5
25123,5,False,5,0,5,5|5|5|5|5|5|5|5|5|5
25158,5,False,5,1,5,4|5|5|5|5|5|5|5|5|5
25175,5,False,5,0,5,5|5|5|5|5|5|5|5|5|5
25177,5,False,5,0,5,5|5|5|5|5|5|5|5|5|5
25183,5,False,5,0,5,5|5|5|5|5|5|5|5|5|5
25185,5,False,5,10,4,4|4|4|4|4|4|4|4|4|4
25188,5,False,5,3,5,5|6|5|5|6|6|5|5|5|5
25197,5,False,5,5,5,5|0|5|0|2|5|0|5|5|0
25206,5,False,5,0,5,5|5|5|5|5|5|5|5|5|5
25208,5,False,5,0,5,5|5|5|5|5|5|5|5|5|5
25213,5,False,5,10,0,0|1|1|0|0|1|0|0|0|0
25218,5,False,5,10,4,4|4|1|4|4|4|4|4|4|4
25251,5,False,5,3,5,4|4|5|5|5|5|5|4|5|5
25255,5,False,5,6,-1,5|1|3|5|1|1|1|3|5|5
25257,5,False,5,0,5,5|5|5|5|5|5|5|5|5|5
25289,5,False,5,0,5,5|5|5|5|5|5|5|5|5|5
25292,5,False,5,6,4,4|4|5|4|5|4|4|5|5|4
25303,5,False,5,10,4,4|4|4|4|4|4|4|4|4|4
25343,5,False,5,0,5,5|5|5|5|5|5|5|5|5|5
25345,5,False,5,0,5,5|5|5|5|5|5|5|5|5|5
25357,5,False,5,0,5,5|5|5|5|5|5|5|5|5|5
25363,5,False,5,0,5,5|5|5|5|5|5|5|5|5|5
25364,5,False,5,0,5,5|5|5|5|5|5|5|5|5|5
25374,5,False,5,0,5,5|5|5|5|5|5|5|5|5|5
25378,5,False,5,5,-1,5|4|5|4|5|5|5|4|4|4
25380,5,False,5,0,5,5|5|5|5|5|5|5|5|5|5
25390,5,False,5,0,5,5|5|5|5|5|5|5|5|5|5
25398,5,False,5,10,4,4|4|4|4|4|4|4|2|2|4
25405,5,False,5,1,5,4|5|5|5|5|5|5|5|5|5
25412,5,False,5,0,5,5|5|5|5|5|5|5|5|5|5
25419,5,False,5,1,5,5|5|5|5|5|0|5|5|5|5
25441,5,False,5,5,-1,5|5|4|5|4|4|5|4|4|5
25448,5,False,5,1,5,5|5|5|5|5|5|5|5|5|3
25452,5,False,5,0,5,5|5|5|5|5|5|5|5|5|5
25461,5,False,5,3,5,5|4|5|5|4|5|5|2|5|5
25464,5,False,5,0,5,5|5|5|5|5|5|5|5|5|5
25467,5,False,5,3,5,4|5|4|5|5|5|5|5|5|2
25468,5,False,5,10,1,1|1|1|1|1|1|1|1|1|3
25472,5,False,5,0,5,5|5|5|5|5|5|5|5|5|5
25474,5,False,5,1,5,5|5|5|5|5|5|5|4|5|5
25520,5,False,5,2,5,5|5|5|5|4|5|4|5|5|5
25533,5,False,5,1,5,4|5|5|5|5|5|5|5|5|5
25535,5,False,5,7,4,5|4|5|4|4|5|4|4|4|4
25543,5,False,5,2,5,5|4|5|4|5|5|5|5|5|5
25545,5,False,5,10,3,3|2|3|2|3|3|2|3|3|2
25565,5,False,5,10,4,4|4|4|4|4|4|4|4|4|4
25573,5,False,5,0,5,5|5|5|5|5|5|5|5|5|5
25574,5,False,5,0,5,5|5|5|5|5|5|5|5|5|5
25584,5,False,5,10,0,0|0|6|0|1|0|0|0|4|4
25589,5,False,5,0,5,5|5|5|5|5|5|5|5|5|5
25594,5,False,5,0,5,5|5|5|5|5|5|5|5|5|5
25597,5,False,5,4,5,4|5|5|4|4|5|5|4|5|5
25610,5,False,5,0,5,5|5|5|5|5|5|5|5|5|5
25620,5,False,5,10,4,1|4|2|4|4|4|4|4|1|3
25625,5,False,5,0,5,5|5|5|5|5|5|5|5|5|5
25628,5,False,5,0,5,5|5|5|5|5|5|5|5|5|5
25634,5,False,5,10,1,1|1|1|1|1|1|1|1|1|1
25635,5,False,5,0,5,5|5|5|5|5|5|5|5|5|5
25638,5,False,5,4,5,5|5|3|5|5|5|3|5|3|3
25643,5,False,5,4,5,5|4|4|5|4|5|5|4|5|5
25648,5,False,5,0,5,5|5|5|5|5|5|5|5|5|5
25660,5,False,5,9,1,1|1|1|1|5|1|1|1|1|1
25663,5,False,5,10,4,4|4|4|4|4|4|4|4|4|4
25674,5,False,5,0,5,5|5|5|5|5|5|5|5|5|5
25682,5,False,5,9,4,4|4|4|4|5|4|4|4|4|4
25688,5,False,5,10,3,3|3|4|3|3|3|3|3|4|3
25689,5,False,5,0,5,5|5|5|5|5|5|5|5|5|5
25690,5,False,5,6,5,1|4|5|0|5|4|9|5|1|5
25697,5,False,5,0,5,5|5|5|5|5|5|5|5|5|5
25705,5,False,5,8,4,3|4|2|5|4|4|4|5|3|3
25709,5,False,5,0,5,5|5|5|5|5|5|5|5|5|5
25716,5,False,5,0,5,5|5|5|5|5|5|5|5|5|5
25725,5,False,5,10,3,3|0|3|3|3|3|7|7|2|3
25735,5,False,5,1,5,5|5|5|5|5|5|5|5|4|5
25742,5,False,5,0,5,5|5|5|5|5|5|5|5|5|5
25751,5,False,5,7,4,1|5|5|4|1|5|4|1|4|4
25760,5,False,5,10,-1,1|0|2|1|2|2|1|0|0|4
25787,5,False,5,0,5,5|5|5|5|5|5|5|5|5|5
25789,5,False,5,0,5,5|5|5|5|5|5|5|5|5|5
25792,5,False,5,0,5,5|5|5|5|5|5|5|5|5|5
25799,5,False,5,0,5,5|5|5|5|5|5|5|5|5|5
25800,5,False,5,6,2,5|2|4|2|2|2|5|2|5|5
25820,5,False,5,1,5,5|5|5|5|5|5|5|4|5|5
25825,5,False,5,2,5,5|5|5|5|5|5|5|4|5|4
25876,5,False,5,10,4,4|4|4|4|4|4|4|4|4|4
25893,5,False,5,10,3,3|3|3|3|3|3|3|2|3|3
25905,5,False,5,0,5,5|5|5|5|5|5|5|5|5|5
25909,5,False,5,8,1,6|6|9|1|9|5|1|5|4|1
25916,5,False,5,0,5,5|5|5|5|5|5|5|5|5|5
25917,5,False,5,10,4,4|4|4|4|4|4|4|4|4|4
25922,5,False,5,2,5,5|5|4|5|5|1|5|5|5|5
25961,5,False,5,8,4,4|4|4|4|4|5|4|4|4|5
25967,5,False,5,0,5,5|5|5|5|5|5|5|5|5|5
25968,5,False,5,1,5,1|5|5|5|5|5|5|5|5|5
25979,5,False,5,9,3,3|2|5|2|3|3|3|3|3|3
25990,5,False,5,0,5,5|5|5|5|5|5|5|5|5|5
25992,5,False,5,0,5,5|5|5|5|5|5|5|5|5|5
26004,5,False,5,2,5,5|5|5|3|5|5|1|5|5|5
26041,5,False,5,0,5,5|5|5|5|5|5|5|5|5|5
26047,5,False,5,1,5,5|3|5|5|5|5|5|5|5|5
26054,5,False,5,0,5,5|5|5|5|5|5|5|5|5|5
26069,5,False,5,6,4,5|4|5|4|5|4|4|4|4|5
26097,5,False,5,0,5,5|5|5|5|5|5|5|5|5|5
26108,5,False,5,0,5,5|5|5|5|5|5|5|5|5|5
26122,5,False,5,1,5,5|5|5|5|5|5|4|5|5|5
26133,5,False,5,4,5,3|5|5|5|5|5|3|4|5|3
26155,5,False,5,5,-1,5|3|3|3|5|3|3|5|5|5
26156,5,False,5,0,5,5|5|5|5|5|5|5|5|5|5
26172,5,False,5,0,5,5|5|5|5|5|5|5|5|5|5
26189,5,False,5,0,5,5|5|5|5|5|5|5|5|5|5
26195,5,False,5,8,-1,3|5|3|1|3|5|3|1|1|1
26206,5,False,5,0,5,5|5|5|5|5|5|5|5|5|5
26215,5,False,5,10,3,3|3|3|3|3|4|3|3|3|3
26219,5,False,5,9,4,3|3|4|4|5|4|4|4|4|3
26241,5,False,5,3,5,5|5|2|5|5|5|5|4|5|3
26255,5,False,5,3,5,5|5|4|5|5|5|4|0|5|5
26266,5,False,5,1,5,5|5|5|5|5|5|5|4|5|5
26273,5,False,5,2,5,4|5|5|4|5|5|5|5|5|5
26278,5,False,5,0,5,5|5|5|5|5|5|5|5|5|5
26286,5,False,5,0,5,5|5|5|5|5|5|5|5|5|5
26288,5,False,5,0,5,5|5|5|5|5|5|5|5|5|5
26290,5,False,5,5,-1,5|4|4|4|5|5|5|4|4|5
26294,5,False,5,0,5,5|5|5|5|5|5|5|5|5|5
26300,5,False,5,1,5,5|5|5|5|1|5|5|5|5|5
26310,5,False,5,0,5,5|5|5|5|5|5|5|5|5|5
26316,5,False,5,0,5,5|5|5|5|5|5|5|5|5|5
26321,5,False,5,0,5,5|5|5|5|5|5|5|5|5|5
26323,5,False,5,6,3,5|5|2|5|3|5|3|3|3|3
26325,5,False,5,0,5,5|5|5|5|5|5|5|5|5|5
26327,5,False,5,8,4,4|4|5|4|4|4|4|5|4|4
26328,5,False,5,0,5,5|5|5|5|5|5|5|5|5|5
26331,5,False,5,0,5,5|5|5|5|5|5|5|5|5|5
26351,5,False,5,1,5,5|5|5|5|5|5|5|1|5|5
26368,5,False,5,0,5,5|5|5|5|5|5|5|5|5|5
26372,5,False,5,7,4,4|4|5|4|4|4|5|4|5|4
26383,5,False,5,3,5,5|1|5|5|4|5|4|5|5|5
26386,5,False,5,0,5,5|5|5|5|5|5|5|5|5|5
26391,5,False,5,10,4,4|4|4|4|4|4|4|4|4|4
26395,5,False,5,0,5,5|5|5|5|5|5|5|5|5|5
26441,5,False,5,1,5,5|5|5|5|5|5|5|5|1|5
26449,5,False,5,1,5,4|5|5|5|5|5|5|5|5|5
26462,5,False,5,0,5,5|5|5|5|5|5|5|5|5|5
26476,5,False,5,0,5,5|5|5|5|5|5|5|5|5|5
26481,5,False,5,0,5,5|5|5|5|5|5|5|5|5|5
26505,5,False,5,0,5,5|5|5|5|5|5|5|5|5|5
26506,5,False,5,0,5,5|5|5|5|5|5|5|5|5|5
26529,5,False,5,1,5,5|5|5|5|4|5|5|5|5|5
26585,5,False,5,0,5,5|5|5|5|5|5|5|5|5|5
26592,5,False,5,9,4,4|4|5|4|4|4|4|4|4|4
26640,5,False,5,0,5,5|5|5|5|5|5|5|5|5|5
26644,5,False,5,0,5,5|5|5|5|5|5|5|5|5|5
26647,5,False,5,0,5,5|5|5|5|5|5|5|5|5|5
26652,5,False,5,0,5,5|5|5|5|5|5|5|5|5|5
26668,5,False,5,0,5,5|5|5|5|5|5|5|5|5|5
26676,5,False,5,0,5,5|5|5|5|5|5|5|5|5|5
26681,5,False,5,2,5,5|4|5|5|5|5|5|1|5|5
26714,5,False,5,10,2,2|3|3|2|2|2|2|2|2|2
26729,5,False,5,0,5,5|5|5|5|5|5|5|5|5|5
26738,5,False,5,0,5,5|5|5|5|5|5|5|5|5|5
26741,5,False,5,5,-1,4|5|4|5|5|4|5|4|4|5
26758,5,False,5,2,5,5|5|5|5|4|5|5|5|4|5
26777,5,False,5,0,5,5|5|5|5|5|5|5|5|5|5
26783,5,False,5,0,5,5|5|5|5|5|5|5|5|5|5
26784,5,False,5,0,5,5|5|5|5|5|5|5|5|5|5
26785,5,False,5,0,5,5|5|5|5|5|5|5|5|5|5
26796,5,False,5,8,1,1|1|1|1|3|5|5|1|1|3
26799,5,False,5,0,5,5|5|5|5|5|5|5|5|5|5
26812,5,False,5,1,5,5|5|5|5|1|5|5|5|5|5
26814,5,False,5,0,5,5|5|5|5|5|5|5|5|5|5
26818,5,False,5,0,5,5|5|5|5|5|5|5|5|5|5
26822,5,False,5,10,3,3|3|3|3|3|1|3|3|3|1
26830,5,False,5,0,5,5|5|5|5|5|5|5|5|5|5
26852,5,False,5,1,5,5|2|5|5|5|5|5|5|5|5
26866,5,False,5,10,8,8|9|8|8|8|8|8|8|8|8
26882,5,False,5,0,5,5|5|5|5|5|5|5|5|5|5
26892,5,False,5,0,5,5|5|5|5|5|5|5|5|5|5
26906,5,False,5,0,5,5|5|5|5|5|5|5|5|5|5
26908,5,False,5,2,5,4|5|5|5|5|4|5|5|5|5
26913,5,False,5,10,4,4|4|4|4|4|4|4|4|4|4
26915,5,False,5,0,5,5|5|5|5|5|5|5|5|5|5
26941,5,False,5,0,5,5|5|5|5|5|5|5|5|5|5
26946,5,False,5,9,7,7|7|7|7|7|7|7|5|4|7
26948,5,False,5,0,5,5|5|5|5|5|5|5|5|5|5
26962,5,False,5,0,5,5|5|5|5|5|5|5|5|5|5
26969,5,False,5,0,5,5|5|5|5|5|5|5|5|5|5
26975,5,False,5,0,5,5|5|5|5|5|5|5|5|5|5
26982,5,False,5,0,5,5|5|5|5|5|5|5|5|5|5
26991,5,False,5,1,5,5|5|5|5|5|5|4|5|5|5
27019,5,False,5,0,5,5|5|5|5|5|5|5|5|5|5
27020,5,False,5,10,4,4|4|4|4|4|4|4|4|4|4
27028,5,False,5,0,5,5|5|5|5|5|5|5|5|5|5
27044,5,False,5,0,5,5|5|5|5|5|5|5|5|5|5
27056,5,False,5,10,0,2|0|0|2|0|0|0|0|1|0
27090,5,False,5,3,5,5|5|5|3|5|3|5|8|5|5
27092,5,False,5,0,5,5|5|5|5|5|5|5|5|5|5
27093,5,False,5,0,5,5|5|5|5|5|5|5|5|5|5
27096,5,False,5,0,5,5|5|5|5|5|5|5|5|5|5
27100,5,False,5,0,5,5|5|5|5|5|5|5|5|5|5
27127,5,False,5,0,5,5|5|5|5|5|5|5|5|5|5
27147,5,False,5,10,0,0|0|0|0|0|0|0|0|0|0
27156,5,False,5,0,5,5|5|5|5|5|5|5|5|5|5
27157,5,False,5,0,5,5|5|5|5|5|5|5|5|5|5
27158,5,False,5,0,5,5|5|5|5|5|5|5|5|5|5
27172,5,False,5,0,5,5|5|5|5|5|5|5|5|5|5
27191,5,False,5,0,5,5|5|5|5|5|5|5|5|5|5
27196,5,False,5,0,5,5|5|5|5|5|5|5|5|5|5
27206,5,False,5,2,5,1|5|5|5|5|5|5|1|5|5
27222,5,False,5,0,5,5|5|5|5|5|5|5|5|5|5
27239,5,False,5,0,5,5|5|5|5|5|5|5|5|5|5
27243,5,False,5,1,5,5|5|5|5|5|4|5|5|5|5
27246,5,False,5,0,5,5|5|5|5|5|5|5|5|5|5
27250,5,False,5,0,5,5|5|5|5|5|5|5|5|5|5
27258,5,False,5,5,5,5|9|5|0|4|5|5|5|9|4
27273,5,False,5,0,5,5|5|5|5|5|5|5|5|5|5
27278,5,False,5,10,4,4|4|4|4|4|4|4|4|4|4
27281,5,False,5,1,5,5|5|5|5|5|5|5|4|5|5
27291,5,False,5,0,5,5|5|5|5|5|5|5|5|5|5
27299,5,False,5,7,4,4|5|4|1|5|1|1|4|4|5
27305,5,False,5,0,5,5|5|5|5|5|5|5|5|5|5
27314,5,False,5,10,4,4|4|4|4|4|4|4|4|4|4
27315,5,False,5,0,5,5|5|5|5|5|5|5|5|5|5
27324,5,False,5,7,-1,7|5|5|8|8|8|5|0|0|1
27326,5,False,5,6,3,3|3|3|5|5|3|5|5|3|3
27354,5,False,5,0,5,5|5|5|5|5|5|5|5|5|5
27358,5,False,5,0,5,5|5|5|5|5|5|5|5|5|5
27361,5,False,5,2,5,4|5|5|5|5|5|5|4|5|5
27377,5,False,5,0,5,5|5|5|5|5|5|5|5|5|5
27385,5,False,5,0,5,5|5|5|5|5|5|5|5|5|5
27389,5,False,5,0,5,5|5|5|5|5|5|5|5|5|5
27399,5,False,5,0,5,5|5|5|5|5|5|5|5|5|5
27408,5,False,5,4,5,4|5|5|5|4|5|5|4|5|4
27419,5,False,5,0,5,5|5|5|5|5|5|5|5|5|5
27426,5,False,5,10,-1,2|2|3|2|3|3|3|2|1|1
27457,5,False,5,0,5,5|5|5|5|5|5|5|5|5|5
27458,5,False,5,9,2,0|2|3|2|2|0|0|2|5|2
27474,5,False,5,0,5,5|5|5|5|5|5|5|5|5|5
27478,5,False,5,0,5,5|5|5|5|5|5|5|5|5|5
27484,5,False,5,0,5,5|5|5|5|5|5|5|5|5|5
27502,5,False,5,0,5,5|5|5|5|5|5|5|5|5|5
27507,5,False,5,0,5,5|5|5|5|5|5|5|5|5|5
27514,5,False,5,3,5,5|2|5|5|5|5|0|9|5|5
27524,5,False,5,4,5,5|5|2|1|5|4|5|5|2|5
27535,5,False,5,0,5,5|5|5|5|5|5|5|5|5|5
27541,5,False,5,0,5,5|5|5|5|5|5|5|5|5|5
27543,5,False,5,2,5,5|5|5|5|5|3|5|3|5|5
27549,5,False,5,5,-1,5|5|5|4|4|4|4|5|5|4
27559,5,False,5,6,3,3|3|3|5|5|5|3|5|3|3
27579,5,False,5,0,5,5|5|5|5|5|5|5|5|5|5
27590,5,False,5,0,5,5|5|5|5|5|5|5|5|5|5
27592,5,False,5,1,5,5|5|5|5|5|5|0|5|5|5
27605,5,False,5,2,5,5|5|5|5|5|5|5|4|5|3
27616,5,False,5,0,5,5|5|5|5|5|5|5|5|5|5
27618,5,False,5,7,1,5|5|1|1|1|1|5|1|1|4
27627,5,False,5,0,5,5|5|5|5|5|5|5|5|5|5
27630,5,False,5,1,5,4|5|5|5|5|5|5|5|5|5
27634,5,False,5,0,5,5|5|5|5|5|5|5|5|5|5
27637,5,False,5,0,5,5|5|5|5|5|5|5|5|5|5
27683,5,False,5,9,4,4|5|4|4|4|4|4|4|4|4
27707,5,False,5,0,5,5|5|5|5|5|5|5|5|5|5
27708,5,False,5,10,1,1|1|1|1|1|1|1|1|1|1
27711,5,False,5,0,5,5|5|5|5|5|5|5|5|5|5
27716,5,False,5,2,5,1|5|5|5|5|5|5|5|1|5
27719,5,False,5,0,5,5|5|5|5|5|5|5|5|5|5
27746,5,False,5,5,-1,5|4|4|4|5|5|5|4|4|5
27756,5,False,5,0,5,5|5|5|5|5|5|5|5|5|5
27761,5,False,5,0,5,5|5|5|5|5|5|5|5|5|5
27771,5,False,5,10,1,1|4|1|1|1|1|1|1|1|1
27786,5,False,5,0,5,5|5|5|5|5|5|5|5|5|5
27795,5,False,5,0,5,5|5|5|5|5|5|5|5|5|5
27804,5,False,5,0,5,5|5|5|5|5|5|5|5|5|5
27810,5,False,5,0,5,5|5|5|5|5|5|5|5|5|5
27811,5,False,5,4,5,4|5|4|5|4|5|5|4|5|5
27822,5,False,5,0,5,5|5|5|5|5|5|5|5|5|5
27823,5,False,5,0,5,5|5|5|5|5|5|5|5|5|5
27829,5,False,5,1,5,5|1|5|5|5|5|5|5|5|5
27848,5,False,5,10,7,3|7|7|7|7|7|1|7|3|7
27862,5,False,5,1,5,5|5|5|2|5|5|5|5|5|5
27898,5,False,5,9,4,4|5|4|4|4|4|4|4|4|4
27904,5,False,5,0,5,5|5|5|5|5|5|5|5|5|5
27906,5,False,5,7,3,3|3|3|3|5|5|3|3|5|3
27922,5,False,5,0,5,5|5|5|5|5|5|5|5|5|5
27938,5,False,5,0,5,5|5|5|5|5|5|5|5|5|5
27941,5,False,5,10,4,4|4|4|4|4|4|4|4|4|4
27948,5,False,5,0,5,5|5|5|5|5|5|5|5|5|5
27951,5,False,5,1,5,5|5|5|1|5|5|5|5|5|5
27955,5,False,5,3,5,5|5|5|5|4|6|5|5|6|5
27959,5,False,5,0,5,5|5|5|5|5|5|5|5|5|5
27965,5,False,5,0,5,5|5|5|5|5|5|5|5|5|5
27974,5,False,5,7,3,2|6|5|5|3|2|3|3|5|3
27990,5,False,5,10,3,3|1|3|0|1|3|1|3|3|3
27995,5,False,5,0,5,5|5|5|5|5|5|5|5|5|5
28000,5,False,5,0,5,5|5|5|5|5|5|5|5|5|5
28001,5,False,5,2,5,5|5|3|5|5|5|5|5|5|3
28006,5,False,5,0,5,5|5|5|5|5|5|5|5|5|5
28010,5,False,5,0,5,5|5|5|5|5|5|5|5|5|5
28015,5,False,5,0,5,5|5|5|5|5|5|5|5|5|5
28032,5,False,5,2,5,4|5|5|5|5|4|5|5|5|5
28036,5,False,5,0,5,5|5|5|5|5|5|5|5|5|5
28045,5,False,5,1,5,5|5|5|5|5|5|5|4|5|5
28054,5,False,5,0,5,5|5|5|5|5|5|5|5|5|5
28055,5,False,5,3,5,5|1|5|5|5|5|4|5|5|4
28069,5,False,5,0,5,5|5|5|5|5|5|5|5|5|5
28089,5,False,5,5,5,3|3|3|5|1|5|5|3|5|5
28103,5,False,5,0,5,5|5|5|5|5|5|5|5|5|5
28108,5,False,5,5,-1,4|5|5|5|4|5|4|4|4|5
28145,5,False,5,7,4,4|5|4|4|4|4|4|4|5|5
28150,5,False,5,0,5,5|5|5|5|5|5|5|5|5|5
28160,5,False,5,9,1,1|1|3|1|2|3|1|5|0|3
28161,5,False,5,8,6,5|1|5|4|6|6|6|0|7|1
28179,5,False,5,0,5,5|5|5|5|5|5|5|5|5|5
28186,5,False,5,2,5,5|5|5|4|5|4|5|5|5|5
28187,5,False,5,3,5,5|5|2|5|5|5|5|3|2|5
28196,5,False,5,0,5,5|5|5|5|5|5|5|5|5|5
28199,5,False,5,0,5,5|5|5|5|5|5|5|5|5|5
28215,5,False,5,2,5,5|5|4|5|4|5|5|5|5|5
28218,5,False,5,0,5,5|5|5|5|5|5|5|5|5|5
28220,5,False,5,0,5,5|5|5|5|5|5|5|5|5|5
28237,5,False,5,0,5,5|5|5|5|5|5|5|5|5|5
28238,5,False,5,0,5,5|5|5|5|5|5|5|5|5|5
28247,5,False,5,0,5,5|5|5|5|5|5|5|5|5|5
28249,5,False,5,1,5,5|5|5|5|5|5|4|5|5|5
28256,5,False,5,6,6,6|5|6|4|5|5|5|6|6|6
28276,5,False,5,6,0,0|1|0|0|5|5|0|0|5|5
28277,5,False,5,0,5,5|5|5|5|5|5|5|5|5|5
28279,5,False,5,10,3,3|3|3|3|3|3|3|3|3|3
28288,5,False,5,10,4,4|4|4|4|4|4|4|4|4|4
28307,5,False,5,7,1,1|1|5|5|1|1|5|4|1|1
28309,5,False,5,0,5,5|5|5|5|5|5|5|5|5|5
28319,5,False,5,0,5,5|5|5|5|5|5|5|5|5|5
28333,5,False,5,0,5,5|5|5|5|5|5|5|5|5|5
28344,5,False,5,0,5,5|5|5|5|5|5|5|5|5|5
28369,5,False,5,0,5,5|5|5|5|5|5|5|5|5|5
28374,5,False,5,0,5,5|5|5|5|5|5|5|5|5|5
28376,5,False,5,0,5,5|5|5|5|5|5|5|5|5|5
28387,5,False,5,1,5,4|5|5|5|5|5|5|5|5|5
28418,5,False,5,0,5,5|5|5|5|5|5|5|5|5|5
28434,5,False,5,0,5,5|5|5|5|5|5|5|5|5|5
28439,5,False,5,0,5,5|5|5|5|5|5|5|5|5|5
28462,5,False,5,0,5,5|5|5|5|5|5|5|5|5|5
28483,5,False,5,0,5,5|5|5|5|5|5|5|5|5|5
28494,5,False,5,0,5,5|5|5|5|5|5|5|5|5|5
28507,5,False,5,5,-1,4|4|5|5|4|5|5|4|4|5
28518,5,False,5,0,5,5|5|5|5|5|5|5|5|5|5
28519,5,False,5,1,5,5|5|5|3|5|5|5|5|5|5
28523,5,False,5,10,4,4|4|4|4|4|4|4|4|4|4
28524,5,False,5,2,5,3|4|5|5|5|5|5|5|5|5
28540,5,False,5,0,5,5|5|5|5|5|5|5|5|5|5
28541,5,False,5,0,5,5|5|5|5|5|5|5|5|5|5
28566,5,False,5,10,4,4|4|4|4|4|4|4|4|4|4
28578,5,False,5,0,5,5|5|5|5|5|5|5|5|5|5
28585,5,False,5,0,5,5|5|5|5|5|5|5|5|5|5
28587,5,False,5,3,5,5|0|5|5|0|5|0|5|5|5
28594,5,False,5,10,4,4|4|4|4|4|4|4|4|4|4
28596,5,False,5,7,4,4|4|4|5|4|5|4|4|4|5
28603,5,False,5,0,5,5|5|5|5|5|5|5|5|5|5
28612,5,False,5,10,4,4|4|4|4|4|4|4|4|4|4
28616,5,False,5,0,5,5|5|5|5|5|5|5|5|5|5
28618,5,False,5,0,5,5|5|5|5|5|5|5|5|5|5
28619,5,False,5,10,4,4|4|4|4|4|4|4|4|4|4
28631,5,False,5,0,5,5|5|5|5|5|5|5|5|5|5
28649,5,False,5,5,-1,1|1|5|5|1|5|1|5|5|1
28651,5,False,5,6,-1,4|2|5|5|4|4|4|5|5|2
28654,5,False,5,0,5,5|5|5|5|5|5|5|5|5|5
28661,5,False,5,9,4,5|4|4|4|4|4|4|4|4|4
28671,5,False,5,9,4,8|4|5|4|4|4|4|1|2|4
28701,5,False,5,10,4,4|4|4|4|4|4|4|4|4|4
28708,5,False,5,0,5,5|5|5|5|5|5|5|5|5|5
28716,5,False,5,0,5,5|5|5|5|5|5|5|5|5|5
28719,5,False,5,4,5,5|4|5|5|5|5|4|4|5|4
28729,5,False,5,8,1,1|1|5|1|1|1|1|1|5|1
28730,5,False,5,0,5,5|5|5|5|5|5|5|5|5|5
28733,5,False,5,0,5,5|5|5|5|5|5|5|5|5|5
28735,5,False,5,0,5,5|5|5|5|5|5|5|5|5|5
28743,5,False,5,0,5,5|5|5|5|5|5|5|5|5|5
28751,5,False,5,1,5,5|5|5|5|5|5|5|4|5|5
28779,5,False,5,10,3,3|3|2|3|0|3|1|7|2|3
28798,5,False,5,0,5,5|5|5|5|5|5|5|5|5|5
28834,5,False,5,0,5,5|5|5|5|5|5|5|5|5|5
28839,5,False,5,0,5,5|5|5|5|5|5|5|5|5|5
28854,5,False,5,10,2,0|2|2|2|0|2|2|2|2|2
28881,5,False,5,0,5,5|5|5|5|5|5|5|5|5|5
28896,5,False,5,8,9,2|5|5|9|9|0|9|9|9|2
28900,5,False,5,0,5,5|5|5|5|5|5|5|5|5|5
28913,5,False,5,0,5,5|5|5|5|5|5|5|5|5|5
28921,5,False,5,5,-1,5|4|4|4|5|4|5|4|5|5
28925,5,False,5,0,5,5|5|5|5|5|5|5|5|5|5
28928,5,False,5,0,5,5|5|5|5|5|5|5|5|5|5
28941,5,False,5,9,4,4|3|4|5|1|3|1|4|4|3
28953,5,False,5,10,4,4|4|4|4|4|4|1|4|4|4
28955,5,False,5,6,-1,5|1|5|4|1|4|1|1|5|5
28966,5,False,5,0,5,5|5|5|5|5|5|5|5|5|5
28975,5,False,5,0,5,5|5|5|5|5|5|5|5|5|5
28977,5,False,5,0,5,5|5|5|5|5|5|5|5|5|5
28983,5,False,5,0,5,5|5|5|5|5|5|5|5|5|5
28986,5,False,5,3,5,5|4|5|5|5|5|4|4|5|5
29035,5,False,5,0,5,5|5|5|5|5|5|5|5|5|5
29038,5,False,5,0,5,5|5|5|5|5|5|5|5|5|5
29043,5,False,5,0,5,5|5|5|5|5|5|5|5|5|5
29050,5,False,5,7,3,3|5|3|5|3|3|3|5|3|3
29070,5,False,5,10,4,4|4|4|4|4|4|4|4|4|4
29076,5,False,5,0,5,5|5|5|5|5|5|5|5|5|5
29085,5,False,5,10,4,4|4|4|4|4|4|4|4|4|4
29096,5,False,5,1,5,5|5|5|5|5|4|5|5|5|5
29121,5,False,5,0,5,5|5|5|5|5|5|5|5|5|5
29123,5,False,5,10,4,4|4|4|4|4|4|4|4|4|4
29126,5,False,5,0,5,5|5|5|5|5|5|5|5|5|5
29138,5,False,5,0,5,5|5|5|5|5|5|5|5|5|5
29153,5,False,5,7,4,1|4|5|0|1|5|4|4|5|4
29158,5,False,5,10,4,4|4|4|4|4|4|4|4|4|4
29179,5,False,5,5,-1,5|5|5|4|4|4|4|5|5|4
29190,5,False,5,1,5,5|5|5|5|5|5|5|4|5|5
29224,5,False,5,0,5,5|5|5|5|5|5|5|5|5|5
29227,5,False,5,0,5,5|5|5|5|5|5|5|5|5|5
29229,5,False,5,0,5,5|5|5|5|5|5|5|5|5|5
29234,5,False,5,9,3,3|3|3|3|3|3|3|3|5|3
29239,5,False,5,0,5,5|5|5|5|5|5|5|5|5|5
29241,5,False,5,0,5,5|5|5|5|5|5|5|5|5|5
29294,5,False,5,0,5,5|5|5|5|5|5|5|5|5|5
29302,5,False,5,0,5,5|5|5|5|5|5|5|5|5|5
29324,5,False,5,1,5,5|5|5|4|5|5|5|5|5|5
29334,5,False,5,6,4,4|4|5|5|5|4|4|4|4|5
29360,5,False,5,0,5,5|5|5|5|5|5|5|5|5|5
29371,5,False,5,0,5,5|5|5|5|5|5|5|5|5|5
29391,5,False,5,1,5,5|5|5|5|4|5|5|5|5|5
29398,5,False,5,0,5,5|5|5|5|5|5|5|5|5|5
29443,5,False,5,1,5,4|5|5|5|5|5|5|5|5|5
29447,5,False,5,0,5,5|5|5|5|5|5|5|5|5|5
29448,5,False,5,8,4,4|4|4|4|5|4|5|4|4|4
29472,5,False,5,10,4,4|4|4|0|4|0|4|4|4|4
29476,5,False,5,0,5,5|5|5|5|5|5|5|5|5|5
29483,5,False,5,0,5,5|5|5|5|5|5|5|5|5|5
29509,5,False,5,1,5,5|5|5|5|5|5|5|5|1|5
29518,5,False,5,0,5,5|5|5|5|5|5|5|5|5|5
29519,5,False,5,8,0,0|5|0|0|5|1|0|3|0|2
29544,5,False,5,0,5,5|5|5|5|5|5|5|5|5|5
29547,5,False,5,0,5,5|5|5|5|5|5|5|5|5|5
29555,5,False,5,10,4,4|4|4|4|4|4|4|4|4|4
29573,5,False,5,0,5,5|5|5|5|5|5|5|5|5|5
29577,5,False,5,0,5,5|5|5|5|5|5|5|5|5|5
29579,5,False,5,6,5,2|2|0|1|5|0|5|4|5|5
29583,5,False,5,0,5,5|5|5|5|5|5|5|5|5|5
29590,5,False,5,6,-1,4|5|4|5|5|0|0|5|4|4
29597,5,False,5,0,5,5|5|5|5|5|5|5|5|5|5
29598,5,False,5,0,5,5|5|5|5|5|5|5|5|5|5
29604,5,False,5,0,5,5|5|5|5|5|5|5|5|5|5
29627,5,False,5,0,5,5|5|5|5|5|5|5|5|5|5
29636,5,False,5,1,5,5|5|5|5|5|5|5|5|4|5
29638,5,False,5,0,5,5|5|5|5|5|5|5|5|5|5
29646,5,False,5,0,5,5|5|5|5|5|5|5|5|5|5
29647,5,False,5,5,-1,5|5|1|1|5|1|5|1|1|5
29650,5,False,5,0,5,5|5|5|5|5|5|5|5|5|5
29663,5,False,5,1,5,4|5|5|5|5|5|5|5|5|5
29678,5,False,5,0,5,5|5|5|5|5|5|5|5|5|5
29682,5,False,5,1,5,5|5|5|5|5|4|5|5|5|5
29683,5,False,5,0,5,5|5|5|5|5|5|5|5|5|5
29685,5,False,5,0,5,5|5|5|5|5|5|5|5|5|5
29713,5,False,5,0,5,5|5|5|5|5|5|5|5|5|5
29715,5,False,5,0,5,5|5|5|5|5|5|5|5|5|5
29724,5,False,5,0,5,5|5|5|5|5|5|5|5|5|5
29726,5,False,5,0,5,5|5|5|5|5|5|5|5|5|5
29735,5,False,5,6,5,2|1|5|1|5|0|5|0|5|1
29740,5,False,5,0,5,5|5|5|5|5|5|5|5|5|5
29745,5,False,5,0,5,5|5|5|5|5|5|5|5|5|5
29746,5,False,5,1,5,5|5|5|5|5|4|5|5|5|5
29752,5,False,5,2,5,5|4|5|5|5|5|5|5|5|4
29756,5,False,5,5,5,5|2|5|4|5|2|5|3|5|2
29760,5,False,5,0,5,5|5|5|5|5|5|5|5|5|5
29770,5,False,5,3,5,5|4|5|5|5|5|4|5|5|4
29790,5,False,5,3,5,5|5|5|5|5|5|5|3|2|1
29794,5,False,5,0,5,5|5|5|5|5|5|5|5|5|5
29811,5,False,5,1,5,5|5|4|5|5|5|5|5|5|5
29819,5,False,5,2,5,5|5|0|5|5|5|5|5|5|4
29826,5,False,5,1,5,5|5|4|5|5|5|5|5|5|5
29834,5,False,5,5,-1,4|4|5|5|5|5|4|4|4|5
29839,5,False,5,1,5,5|5|5|5|5|5|5|4|5|5
29848,5,False,5,0,5,5|5|5|5|5|5|5|5|5|5
29849,5,False,5,0,5,5|5|5|5|5|5|5|5|5|5
29850,5,False,5,0,5,5|5|5|5|5|5|5|5|5|5
29864,5,False,5,0,5,5|5|5|5|5|5|5|5|5|5
29878,5,False,5,1,5,5|5|3|5|5|5|5|5|5|5
29889,5,False,5,0,5,5|5|5|5|5|5|5|5|5|5
29903,6,False,6,10,7,7|7|7|7|7|7|7|7|7|7
29904,6,False,6,0,6,6|6|6|6|6|6|6|6|6|6
29931,6,False,6,0,6,6|6|6|6|6|6|6|6|6|6
29933,6,False,6,0,6,6|6|6|6|6|6|6|6|6|6
29946,6,False,6,0,6,6|6|6|6|6|6|6|6|6|6
29948,6,False,6,0,6,6|6|6|6|6|6|6|6|6|6
29971,6,False,6,0,6,6|6|6|6|6|6|6|6|6|6
30000,6,False,6,1,6,6|6|6|6|6|6|7|6|6|6
30008,6,False,6,0,6,6|6|6|6|6|6|6|6|6|6
30028,6,False,6,0,6,6|6|6|6|6|6|6|6|6|6
30029,6,False,6,0,6,6|6|6|6|6|6|6|6|6|6
30034,6,False,6,1,6,6|6|6|6|6|6|6|6|6|7
30041,6,False,6,0,6,6|6|6|6|6|6|6|6|6|6
30053,6,False,6,2,6,9|6|6|9|6|6|6|6|6|6
30059,6,False,6,0,6,6|6|6|6|6|6|6|6|6|6
30077,6,False,6,0,6,6|6|6|6|6|6|6|6|6|6
30087,6,False,6,0,6,6|6|6|6|6|6|6|6|6|6
30098,6,False,6,0,6,6|6|6|6|6|6|6|6|6|6
30100,6,False,6,1,6,6|6|6|6|6|6|7|6|6|6
30104,6,False,6,0,6,6|6|6|6|6|6|6|6|6|6
30111,6,False,6,0,6,6|6|6|6|6|6|6|6|6|6
30122,6,False,6,0,6,6|6|6|6|6|6|6|6|6|6
30124,6,False,6,1,6,6|6|6|6|6|6|6|6|4|6
30132,6,False,6,3,6,1|6|2|6|6|6|6|2|6|6
30143,6,False,6,0,6,6|6|6|6|6|6|6|6|6|6
30144,6,False,6,1,6,6|6|6|6|6|6|7|6|6|6
30146,6,False,6,2,6,6|6|6|6|9|6|6|6|6|4
30147,6,False,6,0,6,6|6|6|6|6|6|6|6|6|6
30152,6,False,6,0,6,6|6|6|6|6|6|6|6|6|6
30161,6,False,6,0,6,6|6|6|6|6|6|6|6|6|6
30164,6,False,6,10,7,7|7|7|7|7|7|7|7|7|7
30171,6,False,6,0,6,6|6|6|6|6|6|6|6|6|6
30173,6,False,6,0,6,6|6|6|6|6|6|6|6|6|6
30198,6,False,6,0,6,6|6|6|6|6|6|6|6|6|6
30200,6,False,6,0,6,6|6|6|6|6|6|6|6|6|6
30209,6,False,6,0,6,6|6|6|6|6|6|6|6|6|6
30221,6,False,6,0,6,6|6|6|6|6|6|6|6|6|6
30225,6,False,6,0,6,6|6|6|6|6|6|6|6|6|6
30226,6,False,6,0,6,6|6|6|6|6|6|6|6|6|6
30228,6,False,6,0,6,6|6|6|6|6|6|6|6|6|6
30244,6,False,6,0,6,6|6|6|6|6|6|6|6|6|6
30273,6,False,6,0,6,6|6|6|6|6|6|6|6|6|6
30277,6,False,6,0,6,6|6|6|6|6|6|6|6|6|6
30282,6,False,6,0,6,6|6|6|6|6|6|6|6|6|6
30284,6,False,6,0,6,6|6|6|6|6|6|6|6|6|6
30288,6,False,6,0,6,6|6|6|6|6|6|6|6|6|6
30297,6,False,6,0,6,6|6|6|6|6|6|6|6|6|6
30320,6,False,6,0,6,6|6|6|6|6|6|6|6|6|6
30359,6,False,6,0,6,6|6|6|6|6|6|6|6|6|6
30376,6,False,6,0,6,6|6|6|6|6|6|6|6|6|6
30377,6,False,6,0,6,6|6|6|6|6|6|6|6|6|6
30389,6,False,6,0,6,6|6|6|6|6|6|6|6|6|6
30394,6,False,6,0,6,6|6|6|6|6|6|6|6|6|6
30397,6,False,6,0,6,6|6|6|6|6|6|6|6|6|6
30404,6,False,6,0,6,6|6|6|6|6|6|6|6|6|6
30443,6,False,6,0,6,6|6|6|6|6|6|6|6|6|6
30472,6,False,6,0,6,6|6|6|6|6|6|6|6|6|6
30476,6,False,6,0,6,6|6|6|6|6|6|6|6|6|6
30495,6,False,6,0,6,6|6|6|6|6|6|6|6|6|6
30505,6,False,6,0,6,6|6|6|6|6|6|6|6|6|6
30512,6,False,6,0,6,6|6|6|6|6|6|6|6|6|6
30516,6,False,6,0,6,6|6|6|6|6|6|6|6|6|6
30539,6,False,6,0,6,6|6|6|6|6|6|6|6|6|6
30543,6,False,6,0,6,6|6|6|6|6|6|6|6|6|6
30565,6,False,6,0,6,6|6|6|6|6|6|6|6|6|6
30567,6,False,6,0,6,6|6|6|6|6|6|6|6|6|6
30569,6,False,6,0,6,6|6|6|6|6|6|6|6|6|6
30573,6,False,6,0,6,6|6|6|6|6|6|6|6|6|6
30602,6,False,6,0,6,6|6|6|6|6|6|6|6|6|6
30605,6,False,6,0,6,6|6|6|6|6|6|6|6|6|6
30610,6,False,6,2,6,6|6|6|7|6|6|7|6|6|6
30615,6,False,6,10,-1,4|2|2|1|8|0|2|8|1|8
30622,6,False,6,0,6,6|6|6|6|6|6|6|6|6|6
30630,6,False,6,0,6,6|6|6|6|6|6|6|6|6|6
30633,6,False,6,0,6,6|6|6|6|6|6|6|6|6|6
30643,6,False,6,0,6,6|6|6|6|6|6|6|6|6|6
30645,6,False,6,4,6,7|7|6|6|7|6|6|6|6|7
30648,6,False,6,0,6,6|6|6|6|6|6|6|6|6|6
30664,6,False,6,0,6,6|6|6|6|6|6|6|6|6|6
30666,6,False,6,0,6,6|6|6|6|6|6|6|6|6|6
30671,6,False,6,0,6,6|6|6|6|6|6|6|6|6|6
30684,6,False,6,0,6,6|6|6|6|6|6|6|6|6|6
30693,6,False,6,0,6,6|6|6|6|6|6|6|6|6|6
30695,6,False,6,0,6,6|6|6|6|6|6|6|6|6|6
30709,6,False,6,0,6,6|6|6|6|6|6|6|6|6|6
30716,6,False,6,0,6,6|6|6|6|6|6|6|6|6|6
30730,6,False,6,0,6,6|6|6|6|6|6|6|6|6|6
30746,6,False,6,0,6,6|6|6|6|6|6|6|6|6|6
30761,6,False,6,0,6,6|6|6|6|6|6|6|6|6|6
30765,6,False,6,0,6,6|6|6|6|6|6|6|6|6|6
30784,6,False,6,0,6,6|6|6|6|6|6|6|6|6|6
30788,6,False,6,0,6,6|6|6|6|6|6|6|6|6|6
30801,6,False,6,2,6,6|6|7|6|7|6|6|6|6|6
30804,6,False,6,0,6,6|6|6|6|6|6|6|6|6|6
30810,6,False,6,8,7,7|7|7|9|6|7|9|7|6|7
30819,6,False,6,0,6,6|6|6|6|6|6|6|6|6|6
30821,6,False,6,0,6,6|6|6|6|6|6|6|6|6|6
30827,6,False,6,10,7,7|7|7|7|7|7|7|7|7|7
30842,6,False,6,0,6,6|6|6|6|6|6|6|6|6|6
30846,6,False,6,0,6,6|6|6|6|6|6|6|6|6|6
30863,6,False,6,0,6,6|6|6|6|6|6|6|6|6|6
30876,6,False,6,0,6,6|6|6|6|6|6|6|6|6|6
30882,6,False,6,0,6,6|6|6|6|6|6|6|6|6|6
30883,6,False,6,0,6,6|6|6|6|6|6|6|6|6|6
30909,6,False,6,0,6,6|6|6|6|6|6|6|6|6|6
30911,6,False,6,0,6,6|6|6|6|6|6|6|6|6|6
30945,6,False,6,0,6,6|6|6|6|6|6|6|6|6|6
30976,6,False,6,0,6,6|6|6|6|6|6|6|6|6|6
30988,6,False,6,1,6,6|4|6|6|6|6|6|6|6|6
30990,6,False,6,0,6,6|6|6|6|6|6|6|6|6|6
30992,6,False,6,2,6,6|6|6|4|6|6|6|6|4|6
31007,6,False,6,0,6,6|6|6|6|6|6|6|6|6|6
31017,6,False,6,0,6,6|6|6|6|6|6|6|6|6|6
31026,6,False,6,0,6,6|6|6|6|6|6|6|6|6|6
31031,6,False,6,0,6,6|6|6|6|6|6|6|6|6|6
31035,6,False,6,8,5,5|5|5|6|5|6|5|5|5|5
31039,6,False,6,8,7,7|7|7|6|7|6|7|7|1|7
31044,6,False,6,8,7,7|7|7|7|7|6|7|7|7|6
31046,6,False,6,0,6,6|6|6|6|6|6|6|6|6|6
31058,6,False,6,0,6,6|6|6|6|6|6|6|6|6|6
31082,6,False,6,0,6,6|6|6|6|6|6|6|6|6|6
31098,6,False,6,0,6,6|6|6|6|6|6|6|6|6|6
31102,6,False,6,0,6,6|6|6|6|6|6|6|6|6|6
31113,6,False,6,0,6,6|6|6|6|6|6|6|6|6|6
31124,6,False,6,0,6,6|6|6|6|6|6|6|6|6|6
31149,6,False,6,4,6,7|6|7|7|6|6|7|6|6|6
31150,6,False,6,2,6,6|6|6|6|6|6|6|3|2|6
31185,6,False,6,7,-1,6|2|0|0|2|6|2|0|3|6
31193,6,False,6,0,6,6|6|6|6|6|6|6|6|6|6
31231,6,False,6,0,6,6|6|6|6|6|6|6|6|6|6
31281,6,False,6,0,6,6|6|6|6|6|6|6|6|6|6
31282,6,False,6,0,6,6|6|6|6|6|6|6|6|6|6
31302,6,False,6,0,6,6|6|6|6|6|6|6|6|6|6
31303,6,False,6,0,6,6|6|6|6|6|6|6|6|6|6
31318,6,False,6,0,6,6|6|6|6|6|6|6|6|6|6
31320,6,False,6,0,6,6|6|6|6|6|6|6|6|6|6
31327,6,False,6,0,6,6|6|6|6|6|6|6|6|6|6
31328,6,False,6,0,6,6|6|6|6|6|6|6|6|6|6
31383,6,False,6,0,6,6|6|6|6|6|6|6|6|6|6
31389,6,False,6,0,6,6|6|6|6|6|6|6|6|6|6
31397,6,False,6,0,6,6|6|6|6|6|6|6|6|6|6
31413,6,False,6,0,6,6|6|6|6|6|6|6|6|6|6
31424,6,False,6,0,6,6|6|6|6|6|6|6|6|6|6
31429,6,False,6,0,6,6|6|6|6|6|6|6|6|6|6
31433,6,False,6,0,6,6|6|6|6|6|6|6|6|6|6
31435,6,False,6,6,7,6|7|7|7|7|6|7|7|6|6
31465,6,False,6,0,6,6|6|6|6|6|6|6|6|6|6
31469,6,False,6,10,7,7|7|7|7|7|7|7|7|7|7
31479,6,False,6,0,6,6|6|6|6|6|6|6|6|6|6
31480,6,False,6,0,6,6|6|6|6|6|6|6|6|6|6
31498,6,False,6,0,6,6|6|6|6|6|6|6|6|6|6
31508,6,False,6,0,6,6|6|6|6|6|6|6|6|6|6
31520,6,False,6,0,6,6|6|6|6|6|6|6|6|6|6
31525,6,False,6,0,6,6|6|6|6|6|6|6|6|6|6
31535,6,False,6,0,6,6|6|6|6|6|6|6|6|6|6
31542,6,False,6,4,6,8|6|6|6|6|6|2|4|4|6
31546,6,False,6,0,6,6|6|6|6|6|6|6|6|6|6
31559,6,False,6,0,6,6|6|6|6|6|6|6|6|6|6
31563,6,False,6,0,6,6|6|6|6|6|6|6|6|6|6
31564,6,False,6,2,6,6|6|6|4|6|6|6|4|6|6
31578,6,False,6,0,6,6|6|6|6|6|6|6|6|6|6
31582,6,False,6,0,6,6|6|6|6|6|6|6|6|6|6
31585,6,False,6,0,6,6|6|6|6|6|6|6|6|6|6
31587,6,False,6,0,6,6|6|6|6|6|6|6|6|6|6
31633,6,False,6,0,6,6|6|6|6|6|6|6|6|6|6
31636,6,False,6,1,6,6|6|6|7|6|6|6|6|6|6
31640,6,False,6,0,6,6|6|6|6|6|6|6|6|6|6
31641,6,False,6,5,-1,7|6|6|7|6|6|7|6|7|7
31642,6,False,6,0,6,6|6|6|6|6|6|6|6|6|6
31646,6,False,6,0,6,6|6|6|6|6|6|6|6|6|6
31647,6,False,6,5,-1,7|6|7|6|6|7|7|6|7|6
31663,6,False,6,0,6,6|6|6|6|6|6|6|6|6|6
31683,6,False,6,0,6,6|6|6|6|6|6|6|6|6|6
31697,6,False,6,0,6,6|6|6|6|6|6|6|6|6|6
31712,6,False,6,8,7,6|7|7|7|3|6|1|3|3|7
31714,6,False,6,0,6,6|6|6|6|6|6|6|6|6|6
31723,6,False,6,0,6,6|6|6|6|6|6|6|6|6|6
31729,6,False,6,0,6,6|6|6|6|6|6|6|6|6|6
31737,6,False,6,0,6,6|6|6|6|6|6|6|6|6|6
31738,6,False,6,0,6,6|6|6|6|6|6|6|6|6|6
31741,6,False,6,0,6,6|6|6|6|6|6|6|6|6|6
31744,6,False,6,0,6,6|6|6|6|6|6|6|6|6|6
31748,6,False,6,0,6,6|6|6|6|6|6|6|6|6|6
31754,6,False,6,0,6,6|6|6|6|6|6|6|6|6|6
31762,6,False,6,4,6,7|7|6|7|6|7|6|6|6|6
31764,6,False,6,0,6,6|6|6|6|6|6|6|6|6|6
31769,6,False,6,0,6,6|6|6|6|6|6|6|6|6|6
31771,6,False,6,0,6,6|6|6|6|6|6|6|6|6|6
31772,6,False,6,0,6,6|6|6|6|6|6|6|6|6|6
31786,6,False,6,2,6,6|6|6|4|4|6|6|6|6|6
31804,6,False,6,0,6,6|6|6|6|6|6|6|6|6|6
31805,6,False,6,0,6,6|6|6|6|6|6|6|6|6|6
31817,6,False,6,0,6,6|6|6|6|6|6|6|6|6|6
31822,6,False,6,10,7,7|7|7|7|7|7|7|7|7|7
31835,6,False,6,1,6,6|6|6|6|6|6|6|6|7|6
31858,6,False,6,0,6,6|6|6|6|6|6|6|6|6|6
31861,6,False,6,0,6,6|6|6|6|6|6|6|6|6|6
31879,6,False,6,0,6,6|6|6|6|6|6|6|6|6|6
31890,6,False,6,0,6,6|6|6|6|6|6|6|6|6|6
31907,6,False,6,0,6,6|6|6|6|6|6|6|6|6|6
31909,6,False,6,0,6,6|6|6|6|6|6|6|6|6|6
31913,6,False,6,0,6,6|6|6|6|6|6|6|6|6|6
31927,6,False,6,0,6,6|6|6|6|6|6|6|6|6|6
31936,6,False,6,0,6,6|6|6|6|6|6|6|6|6|6
31962,6,False,6,7,7,7|7|7|7|6|7|7|6|7|6
31985,6,False,6,0,6,6|6|6|6|6|6|6|6|6|6
31991,6,False,6,0,6,6|6|6|6|6|6|6|6|6|6
31992,6,False,6,0,6,6|6|6|6|6|6|6|6|6|6
31997,6,False,6,10,2,2|2|2|2|2|2|2|2|2|2
32004,6,False,6,0,6,6|6|6|6|6|6|6|6|6|6
32022,6,False,6,0,6,6|6|6|6|6|6|6|6|6|6
32028,6,False,6,0,6,6|6|6|6|6|6|6|6|6|6
32031,6,False,6,6,7,7|6|7|6|7|7|7|7|6|6
32037,6,False,6,0,6,6|6|6|6|6|6|6|6|6|6
32039,6,False,6,0,6,6|6|6|6|6|6|6|6|6|6
32050,6,False,6,0,6,6|6|6|6|6|6|6|6|6|6
32054,6,False,6,0,6,6|6|6|6|6|6|6|6|6|6
32065,6,False,6,0,6,6|6|6|6|6|6|6|6|6|6
32067,6,False,6,0,6,6|6|6|6|6|6|6|6|6|6
32092,6,False,6,0,6,6|6|6|6|6|6|6|6|6|6
32121,6,False,6,0,6,6|6|6|6|6|6|6|6|6|6
32126,6,False,6,0,6,6|6|6|6|6|6|6|6|6|6
32133,6,False,6,0,6,6|6|6|6|6|6|6|6|6|6
32137,6,False,6,6,7,7|7|6|6|6|7|7|7|6|7
32142,6,False,6,0,6,6|6|6|6|6|6|6|6|6|6
32144,6,False,6,0,6,6|6|6|6|6|6|6|6|6|6
32159,6,False,6,0,6,6|6|6|6|6|6|6|6|6|6
32166,6,False,6,2,6,6|6|6|6|6|7|7|6|6|6
32168,6,False,6,0,6,6|6|6|6|6|6|6|6|6|6
32176,6,False,6,10,7,7|7|7|7|7|7|7|7|7|7
32214,6,False,6,0,6,6|6|6|6|6|6|6|6|6|6
32222,6,False,6,0,6,6|6|6|6|6|6|6|6|6|6
32228,6,False,6,9,2,2|2|2|2|2|6|2|2|2|2
32230,6,False,6,0,6,6|6|6|6|6|6|6|6|6|6
32237,6,False,6,0,6,6|6|6|6|6|6|6|6|6|6
32243,6,False,6,0,6,6|6|6|6|6|6|6|6|6|6
32246,6,False,6,5,-1,4|6|4|6|6|6|6|4|4|4
32257,6,False,6,0,6,6|6|6|6|6|6|6|6|6|6
32259,6,False,6,0,6,6|6|6|6|6|6|6|6|6|6
32260,6,False,6,10,7,9|7|7|7|7|7|7|7|7|5
32264,6,False,6,0,6,6|6|6|6|6|6|6|6|6|6
32282,6,False,6,0,6,6|6|6|6|6|6|6|6|6|6
32287,6,False,6,0,6,6|6|6|6|6|6|6|6|6|6
32319,6,False,6,0,6,6|6|6|6|6|6|6|6|6|6
32321,6,False,6,0,6,6|6|6|6|6|6|6|6|6|6
32335,6,False,6,0,6,6|6|6|6|6|6|6|6|6|6
32343,6,False,6,0,6,6|6|6|6|6|6|6|6|6|6
32347,6,False,6,0,6,6|6|6|6|6|6|6|6|6|6
32349,6,False,6,0,6,6|6|6|6|6|6|6|6|6|6
32351,6,False,6,10,7,7|7|7|7|7|7|7|7|7|7
32364,6,False,6,0,6,6|6|6|6|6|6|6|6|6|6
32367,6,False,6,0,6,6|6|6|6|6|6|6|6|6|6
32371,6,False,6,0,6,6|6|6|6|6|6|6|6|6|6
32379,6,False,6,9,0,0|0|0|0|0|0|0|0|6|1
32391,6,False,6,0,6,6|6|6|6|6|6|6|6|6|6
32423,6,False,6,0,6,6|6|6|6|6|6|6|6|6|6
32431,6,False,6,0,6,6|6|6|6|6|6|6|6|6|6
32455,6,False,6,0,6,6|6|6|6|6|6|6|6|6|6
32459,6,False,6,9,9,6|9|9|9|9|9|9|9|9|7
32469,6,False,6,0,6,6|6|6|6|6|6|6|6|6|6
32476,6,False,6,0,6,6|6|6|6|6|6|6|6|6|6
32480,6,False,6,0,6,6|6|6|6|6|6|6|6|6|6
32491,6,False,6,0,6,6|6|6|6|6|6|6|6|6|6
32517,6,False,6,3,6,6|6|6|7|6|6|7|7|6|6
32520,6,False,6,0,6,6|6|6|6|6|6|6|6|6|6
32524,6,False,6,0,6,6|6|6|6|6|6|6|6|6|6
32534,6,False,6,10,7,7|7|7|7|7|7|7|7|7|7
32554,6,False,6,0,6,6|6|6|6|6|6|6|6|6|6
32567,6,False,6,0,6,6|6|6|6|6|6|6|6|6|6
32573,6,False,6,0,6,6|6|6|6|6|6|6|6|6|6
32575,6,False,6,0,6,6|6|6|6|6|6|6|6|6|6
32585,6,False,6,0,6,6|6|6|6|6|6|6|6|6|6
32604,6,False,6,0,6,6|6|6|6|6|6|6|6|6|6
32612,6,False,6,0,6,6|6|6|6|6|6|6|6|6|6
32616,6,False,6,0,6,6|6|6|6|6|6|6|6|6|6
32619,6,False,6,0,6,6|6|6|6|6|6|6|6|6|6
32627,6,False,6,0,6,6|6|6|6|6|6|6|6|6|6
32632,6,False,6,0,6,6|6|6|6|6|6|6|6|6|6
32638,6,False,6,1,6,6|6|6|6|6|6|7|6|6|6
32659,6,False,6,0,6,6|6|6|6|6|6|6|6|6|6
32675,6,False,6,0,6,6|6|6|6|6|6|6|6|6|6
32677,6,False,6,0,6,6|6|6|6|6|6|6|6|6|6
32683,6,False,6,0,6,6|6|6|6|6|6|6|6|6|6
32685,6,False,6,6,-1,6|0|8|6|0|0|7|6|0|6
32690,6,False,6,0,6,6|6|6|6|6|6|6|6|6|6
32692,6,False,6,0,6,6|6|6|6|6|6|6|6|6|6
32699,6,False,6,2,6,6|6|7|6|6|7|6|6|6|6
32706,6,False,6,0,6,6|6|6|6|6|6|6|6|6|6
32730,6,False,6,0,6,6|6|6|6|6|6|6|6|6|6
32749,6,False,6,0,6,6|6|6|6|6|6|6|6|6|6
32764,6,False,6,0,6,6|6|6|6|6|6|6|6|6|6
32766,6,False,6,0,6,6|6|6|6|6|6|6|6|6|6
32768,6,False,6,0,6,6|6|6|6|6|6|6|6|6|6
32771,6,False,6,1,6,6|6|6|6|4|6|6|6|6|6
32779,6,False,6,0,6,6|6|6|6|6|6|6|6|6|6
32788,6,False,6,0,6,6|6|6|6|6|6|6|6|6|6
32789,6,False,6,0,6,6|6|6|6|6|6|6|6|6|6
32799,6,False,6,0,6,6|6|6|6|6|6|6|6|6|6
32801,6,False,6,0,6,6|6|6|6|6|6|6|6|6|6
32812,6,False,6,0,6,6|6|6|6|6|6|6|6|6|6
32823,6,False,6,0,6,6|6|6|6|6|6|6|6|6|6
32839,6,False,6,0,6,6|6|6|6|6|6|6|6|6|6
32859,6,False,6,0,6,6|6|6|6|6|6|6|6|6|6
32875,6,False,6,0,6,6|6|6|6|6|6|6|6|6|6
32881,6,False,6,0,6,6|6|6|6|6|6|6|6|6|6
32896,6,False,6,0,6,6|6|6|6|6|6|6|6|6|6
32932,6,False,6,0,6,6|6|6|6|6|6|6|6|6|6
32935,6,False,6,0,6,6|6|6|6|6|6|6|6|6|6
32937,6,False,6,0,6,6|6|6|6|6|6|6|6|6|6
32946,6,False,6,0,6,6|6|6|6|6|6|6|6|6|6
32951,6,False,6,0,6,6|6|6|6|6|6|6|6|6|6
32953,6,False,6,0,6,6|6|6|6|6|6|6|6|6|6
32955,6,False,6,0,6,6|6|6|6|6|6|6|6|6|6
33003,6,False,6,0,6,6|6|6|6|6|6|6|6|6|6
33037,6,False,6,10,7,7|7|7|7|7|7|7|7|7|7
33059,6,False,6,0,6,6|6|6|6|6|6|6|6|6|6
33092,6,False,6,10,7,7|7|7|7|7|7|7|7|7|7
33104,6,False,6,0,6,6|6|6|6|6|6|6|6|6|6
33112,6,False,6,0,6,6|6|6|6|6|6|6|6|6|6
33118,6,False,6,0,6,6|6|6|6|6|6|6|6|6|6
33129,6,False,6,0,6,6|6|6|6|6|6|6|6|6|6
33138,6,False,6,0,6,6|6|6|6|6|6|6|6|6|6
33142,6,False,6,0,6,6|6|6|6|6|6|6|6|6|6
33152,6,False,6,8,0,6|4|0|0|0|0|0|0|6|0
33212,6,False,6,0,6,6|6|6|6|6|6|6|6|6|6
33222,6,False,6,0,6,6|6|6|6|6|6|6|6|6|6
33223,6,False,6,0,6,6|6|6|6|6|6|6|6|6|6
33224,6,False,6,0,6,6|6|6|6|6|6|6|6|6|6
33225,6,False,6,2,6,7|6|6|6|7|6|6|6|6|6
33227,6,False,6,2,6,6|6|6|7|6|6|7|6|6|6
33240,6,False,6,0,6,6|6|6|6|6|6|6|6|6|6
33277,6,False,6,2,6,8|6|8|6|6|6|6|6|6|6
33278,6,False,6,0,6,6|6|6|6|6|6|6|6|6|6
33283,6,False,6,0,6,6|6|6|6|6|6|6|6|6|6
33300,6,False,6,0,6,6|6|6|6|6|6|6|6|6|6
33319,6,False,6,0,6,6|6|6|6|6|6|6|6|6|6
33329,6,False,6,0,6,6|6|6|6|6|6|6|6|6|6
33347,6,False,6,0,6,6|6|6|6|6|6|6|6|6|6
33361,6,False,6,0,6,6|6|6|6|6|6|6|6|6|6
33368,6,False,6,0,6,6|6|6|6|6|6|6|6|6|6
33371,6,False,6,8,2,6|2|2|2|2|3|2|6|2|0
33375,6,False,6,0,6,6|6|6|6|6|6|6|6|6|6
33377,6,False,6,0,6,6|6|6|6|6|6|6|6|6|6
33389,6,False,6,0,6,6|6|6|6|6|6|6|6|6|6
33404,6,False,6,0,6,6|6|6|6|6|6|6|6|6|6
33405,6,False,6,0,6,6|6|6|6|6|6|6|6|6|6
33414,6,False,6,0,6,6|6|6|6|6|6|6|6|6|6
33416,6,False,6,0,6,6|6|6|6|6|6|6|6|6|6
33431,6,False,6,0,6,6|6|6|6|6|6|6|6|6|6
33443,6,False,6,0,6,6|6|6|6|6|6|6|6|6|6
33446,6,False,6,0,6,6|6|6|6|6|6|6|6|6|6
33448,6,False,6,0,6,6|6|6|6|6|6|6|6|6|6
33449,6,False,6,0,6,6|6|6|6|6|6|6|6|6|6
33474,6,False,6,0,6,6|6|6|6|6|6|6|6|6|6
33483,6,False,6,0,6,6|6|6|6|6|6|6|6|6|6
33486,6,False,6,0,6,6|6|6|6|6|6|6|6|6|6
33493,6,False,6,0,6,6|6|6|6|6|6|6|6|6|6
33494,6,False,6,0,6,6|6|6|6|6|6|6|6|6|6
33497,6,False,6,0,6,6|6|6|6|6|6|6|6|6|6
33502,6,False,6,0,6,6|6|6|6|6|6|6|6|6|6
33519,6,False,6,0,6,6|6|6|6|6|6|6|6|6|6
33523,6,False,6,0,6,6|6|6|6|6|6|6|6|6|6
33556,6,False,6,0,6,6|6|6|6|6|6|6|6|6|6
33559,6,False,6,0,6,6|6|6|6|6|6|6|6|6|6
33562,6,False,6,5,-1,6|7|7|7|7|6|7|6|6|6
33582,6,False,6,0,6,6|6|6|6|6|6|6|6|6|6
33591,6,False,6,0,6,6|6|6|6|6|6|6|6|6|6
33604,6,False,6,0,6,6|6|6|6|6|6|6|6|6|6
33629,6,False,6,0,6,6|6|6|6|6|6|6|6|6|6
33635,6,False,6,0,6,6|6|6|6|6|6|6|6|6|6
33645,6,False,6,0,6,6|6|6|6|6|6|6|6|6|6
33659,6,False,6,7,0,0|6|0|0|0|6|0|7|6|0
33673,6,False,6,0,6,6|6|6|6|6|6|6|6|6|6
33677,6,False,6,0,6,6|6|6|6|6|6|6|6|6|6
33678,6,False,6,0,6,6|6|6|6|6|6|6|6|6|6
33691,6,False,6,0,6,6|6|6|6|6|6|6|6|6|6
33698,6,False,6,10,2,0|2|0|2|3|2|2|9|2|2
33699,6,False,6,0,6,6|6|6|6|6|6|6|6|6|6
33703,6,False,6,0,6,6|6|6|6|6|6|6|6|6|6
33723,6,False,6,0,6,6|6|6|6|6|6|6|6|6|6
33725,6,False,6,0,6,6|6|6|6|6|6|6|6|6|6
33727,6,False,6,0,6,6|6|6|6|6|6|6|6|6|6
33728,6,False,6,0,6,6|6|6|6|6|6|6|6|6|6
33734,6,False,6,0,6,6|6|6|6|6|6|6|6|6|6
33744,6,False,6,0,6,6|6|6|6|6|6|6|6|6|6
33754,6,False,6,0,6,6|6|6|6|6|6|6|6|6|6
33764,6,False,6,0,6,6|6|6|6|6|6|6|6|6|6
33767,6,False,6,0,6,6|6|6|6|6|6|6|6|6|6
33785,6,False,6,6,6,6|6|5|0|4|1|0|6|5|6
33805,6,False,6,8,7,6|7|7|7|7|7|7|7|6|7
33836,6,False,6,0,6,6|6|6|6|6|6|6|6|6|6
33843,6,False,6,0,6,6|6|6|6|6|6|6|6|6|6
33879,6,False,6,0,6,6|6|6|6|6|6|6|6|6|6
33881,6,False,6,0,6,6|6|6|6|6|6|6|6|6|6
33896,6,False,6,0,6,6|6|6|6|6|6|6|6|6|6
33901,6,False,6,0,6,6|6|6|6|6|6|6|6|6|6
33902,6,False,6,10,7,7|7|7|7|7|7|7|7|7|7
33903,6,False,6,0,6,6|6|6|6|6|6|6|6|6|6
33912,6,False,6,4,6,2|6|2|6|6|6|6|2|8|6
33931,6,False,6,0,6,6|6|6|6|6|6|6|6|6|6
33932,6,False,6,0,6,6|6|6|6|6|6|6|6|6|6
33934,6,False,6,0,6,6|6|6|6|6|6|6|6|6|6
33956,6,False,6,0,6,6|6|6|6|6|6|6|6|6|6
33966,6,False,6,0,6,6|6|6|6|6|6|6|6|6|6
33981,6,False,6,0,6,6|6|6|6|6|6|6|6|6|6
33993,6,False,6,0,6,6|6|6|6|6|6|6|6|6|6
33994,6,False,6,0,6,6|6|6|6|6|6|6|6|6|6
33995,6,False,6,10,1,1|1|1|1|1|1|5|1|1|1
34020,6,False,6,0,6,6|6|6|6|6|6|6|6|6|6
34028,6,False,6,5,6,6|8|8|6|6|8|9|6|6|8
34039,6,False,6,7,7,7|7|7|6|6|7|6|7|7|7
34041,6,False,6,0,6,6|6|6|6|6|6|6|6|6|6
34042,6,False,6,0,6,6|6|6|6|6|6|6|6|6|6
34081,6,False,6,0,6,6|6|6|6|6|6|6|6|6|6
34086,6,False,6,0,6,6|6|6|6|6|6|6|6|6|6
34094,6,False,6,0,6,6|6|6|6|6|6|6|6|6|6
34097,6,False,6,0,6,6|6|6|6|6|6|6|6|6|6
34101,6,False,6,0,6,6|6|6|6|6|6|6|6|6|6
34109,6,False,6,8,7,7|7|6|7|6|7|7|7|7|7
34122,6,False,6,0,6,6|6|6|6|6|6|6|6|6|6
34123,6,False,6,0,6,6|6|6|6|6|6|6|6|6|6
34139,6,False,6,0,6,6|6|6|6|6|6|6|6|6|6
34144,6,False,6,0,6,6|6|6|6|6|6|6|6|6|6
34166,6,False,6,0,6,6|6|6|6|6|6|6|6|6|6
34170,6,False,6,0,6,6|6|6|6|6|6|6|6|6|6
34174,6,False,6,6,6,6|5|1|1|4|6|5|6|6|1
34183,6,False,6,0,6,6|6|6|6|6|6|6|6|6|6
34230,6,False,6,0,6,6|6|6|6|6|6|6|6|6|6
34236,6,False,6,4,6,6|2|2|6|6|6|6|2|2|6
34239,6,False,6,0,6,6|6|6|6|6|6|6|6|6|6
34250,6,False,6,0,6,6|6|6|6|6|6|6|6|6|6
34260,6,False,6,0,6,6|6|6|6|6|6|6|6|6|6
34273,6,False,6,0,6,6|6|6|6|6|6|6|6|6|6
34280,6,False,6,0,6,6|6|6|6|6|6|6|6|6|6
34285,6,False,6,0,6,6|6|6|6|6|6|6|6|6|6
34292,6,False,6,0,6,6|6|6|6|6|6|6|6|6|6
34294,6,False,6,6,4,6|6|4|6|4|4|4|4|6|4
34308,6,False,6,0,6,6|6|6|6|6|6|6|6|6|6
34339,6,False,6,0,6,6|6|6|6|6|6|6|6|6|6
34341,6,False,6,0,6,6|6|6|6|6|6|6|6|6|6
34357,6,False,6,0,6,6|6|6|6|6|6|6|6|6|6
34378,6,False,6,1,6,6|6|6|6|6|6|7|6|6|6
34382,6,False,6,4,6,6|7|6|7|6|7|7|6|6|6
34395,6,False,6,0,6,6|6|6|6|6|6|6|6|6|6
34402,6,False,6,0,6,6|6|6|6|6|6|6|6|6|6
34404,6,False,6,0,6,6|6|6|6|6|6|6|6|6|6
34423,6,False,6,0,6,6|6|6|6|6|6|6|6|6|6
34426,6,False,6,0,6,6|6|6|6|6|6|6|6|6|6
34432,6,False,6,0,6,6|6|6|6|6|6|6|6|6|6
34433,6,False,6,0,6,6|6|6|6|6|6|6|6|6|6
34439,6,False,6,9,0,0|0|0|0|0|1|0|6|0|0
34442,6,False,6,6,6,6|6|8|9|9|2|6|0|0|6
34449,6,False,6,0,6,6|6|6|6|6|6|6|6|6|6
34457,6,False,6,0,6,6|6|6|6|6|6|6|6|6|6
34461,6,False,6,0,6,6|6|6|6|6|6|6|6|6|6
34509,6,False,6,0,6,6|6|6|6|6|6|6|6|6|6
34510,6,False,6,0,6,6|6|6|6|6|6|6|6|6|6
34512,6,False,6,0,6,6|6|6|6|6|6|6|6|6|6
34516,6,False,6,3,6,6|7|6|6|0|6|0|6|6|6
34518,6,False,6,0,6,6|6|6|6|6|6|6|6|6|6
34522,6,False,6,0,6,6|6|6|6|6|6|6|6|6|6
34525,6,False,6,0,6,6|6|6|6|6|6|6|6|6|6
34527,6,False,6,1,6,6|6|6|6|4|6|6|6|6|6
34539,6,False,6,3,6,6|1|6|6|1|6|1|6|6|6
34542,6,False,6,1,6,6|6|6|6|6|6|6|3|6|6
34557,6,False,6,0,6,6|6|6|6|6|6|6|6|6|6
34576,6,False,6,0,6,6|6|6|6|6|6|6|6|6|6
34582,6,False,6,0,6,6|6|6|6|6|6|6|6|6|6
34600,6,False,6,0,6,6|6|6|6|6|6|6|6|6|6
34615,6,False,6,5,6,6|6|4|6|3|6|6|4|4|4
34617,6,False,6,0,6,6|6|6|6|6|6|6|6|6|6
34625,6,False,6,0,6,6|6|6|6|6|6|6|6|6|6
34648,6,False,6,3,6,6|7|6|6|6|7|6|6|7|6
34662,6,False,6,2,6,6|6|0|6|6|0|6|6|6|6
34675,6,False,6,0,6,6|6|6|6|6|6|6|6|6|6
34688,6,False,6,0,6,6|6|6|6|6|6|6|6|6|6
34694,6,False,6,10,0,0|1|0|0|0|0|2|2|4|0
34701,6,False,6,3,6,6|6|7|6|6|7|6|7|6|6
34729,6,False,6,5,6,6|7|7|6|6|0|6|1|1|6
34742,6,False,6,0,6,6|6|6|6|6|6|6|6|6|6
34750,6,False,6,0,6,6|6|6|6|6|6|6|6|6|6
34775,6,False,6,0,6,6|6|6|6|6|6|6|6|6|6
34787,6,False,6,0,6,6|6|6|6|6|6|6|6|6|6
34791,6,False,6,10,7,7|7|7|7|7|7|7|7|7|7
34798,6,False,6,2,6,7|6|6|6|6|6|6|6|6|7
34804,6,False,6,0,6,6|6|6|6|6|6|6|6|6|6
34831,6,False,6,0,6,6|6|6|6|6|6|6|6|6|6
34839,6,False,6,2,6,6|0|6|6|6|6|6|6|9|6
34840,6,False,6,0,6,6|6|6|6|6|6|6|6|6|6
34849,6,False,6,0,6,6|6|6|6|6|6|6|6|6|6
34855,6,False,6,0,6,6|6|6|6|6|6|6|6|6|6
34857,6,False,6,0,6,6|6|6|6|6|6|6|6|6|6
34869,6,False,6,0,6,6|6|6|6|6|6|6|6|6|6
34886,6,False,6,0,6,6|6|6|6|6|6|6|6|6|6
34895,6,False,6,0,6,6|6|6|6|6|6|6|6|6|6
34898,6,False,6,0,6,6|6|6|6|6|6|6|6|6|6
34904,6,False,6,0,6,6|6|6|6|6|6|6|6|6|6
34922,6,False,6,0,6,6|6|6|6|6|6|6|6|6|6
34950,6,False,6,0,6,6|6|6|6|6|6|6|6|6|6
34978,6,False,6,0,6,6|6|6|6|6|6|6|6|6|6
34981,6,False,6,0,6,6|6|6|6|6|6|6|6|6|6
34982,6,False,6,0,6,6|6|6|6|6|6|6|6|6|6
34989,6,False,6,0,6,6|6|6|6|6|6|6|6|6|6
34994,6,False,6,0,6,6|6|6|6|6|6|6|6|6|6
35003,6,False,6,0,6,6|6|6|6|6|6|6|6|6|6
35018,6,False,6,0,6,6|6|6|6|6|6|6|6|6|6
35019,6,False,6,0,6,6|6|6|6|6|6|6|6|6|6
35022,6,False,6,0,6,6|6|6|6|6|6|6|6|6|6
35029,6,False,6,10,2,2|2|2|3|2|2|2|2|2|2
35040,6,False,6,0,6,6|6|6|6|6|6|6|6|6|6
35045,6,False,6,0,6,6|6|6|6|6|6|6|6|6|6
35047,6,False,6,0,6,6|6|6|6|6|6|6|6|6|6
35050,6,False,6,0,6,6|6|6|6|6|6|6|6|6|6
35055,6,False,6,0,6,6|6|6|6|6|6|6|6|6|6
35057,6,False,6,0,6,6|6|6|6|6|6|6|6|6|6
35064,6,False,6,0,6,6|6|6|6|6|6|6|6|6|6
35067,6,False,6,0,6,6|6|6|6|6|6|6|6|6|6
35074,6,False,6,0,6,6|6|6|6|6|6|6|6|6|6
35090,6,False,6,9,7,0|0|0|1|7|7|7|6|1|7
35106,6,False,6,0,6,6|6|6|6|6|6|6|6|6|6
35120,6,False,6,0,6,6|6|6|6|6|6|6|6|6|6
35130,6,False,6,7,7,7|7|6|7|7|6|7|6|7|7
35148,6,False,6,0,6,6|6|6|6|6|6|6|6|6|6
35150,6,False,6,2,6,6|6|6|4|6|7|6|6|6|6
35160,6,False,6,0,6,6|6|6|6|6|6|6|6|6|6
35161,6,False,6,0,6,6|6|6|6|6|6|6|6|6|6
35172,6,False,6,0,6,6|6|6|6|6|6|6|6|6|6
35193,6,False,6,8,8,7|8|7|8|8|6|8|6|7|8
35198,6,False,6,0,6,6|6|6|6|6|6|6|6|6|6
35201,6,False,6,0,6,6|6|6|6|6|6|6|6|6|6
35209,6,False,6,0,6,6|6|6|6|6|6|6|6|6|6
35215,6,False,6,0,6,6|6|6|6|6|6|6|6|6|6
35230,7,False,7,0,7,7|7|7|7|7|7|7|7|7|7
35235,7,False,7,0,7,7|7|7|7|7|7|7|7|7|7
35260,7,False,7,0,7,7|7|7|7|7|7|7|7|7|7
35264,7,False,7,0,7,7|7|7|7|7|7|7|7|7|7
35267,7,False,7,0,7,7|7|7|7|7|7|7|7|7|7
35270,7,False,7,0,7,7|7|7|7|7|7|7|7|7|7
35287,7,False,7,0,7,7|7|7|7|7|7|7|7|7|7
35289,7,False,7,0,7,7|7|7|7|7|7|7|7|7|7
35315,7,False,7,0,7,7|7|7|7|7|7|7|7|7|7
35317,7,False,7,0,7,7|7|7|7|7|7|7|7|7|7
35325,7,False,7,9,6,6|6|0|4|4|7|6|6|6|0
35329,7,False,7,0,7,7|7|7|7|7|7|7|7|7|7
35353,7,False,7,0,7,7|7|7|7|7|7|7|7|7|7
35355,7,False,7,0,7,7|7|7|7|7|7|7|7|7|7
35360,7,False,7,0,7,7|7|7|7|7|7|7|7|7|7
35364,7,False,7,0,7,7|7|7|7|7|7|7|7|7|7
35381,7,False,7,0,7,7|7|7|7|7|7|7|7|7|7
35384,7,False,7,0,7,7|7|7|7|7|7|7|7|7|7
35388,7,False,7,0,7,7|7|7|7|7|7|7|7|7|7
35398,7,False,7,0,7,7|7|7|7|7|7|7|7|7|7
35428,7,False,7,0,7,7|7|7|7|7|7|7|7|7|7
35463,7,False,7,0,7,7|7|7|7|7|7|7|7|7|7
35481,7,False,7,0,7,7|7|7|7|7|7|7|7|7|7
35489,7,False,7,0,7,7|7|7|7|7|7|7|7|7|7
35492,7,False,7,0,7,7|7|7|7|7|7|7|7|7|7
35493,7,False,7,10,6,6|6|6|6|6|6|6|6|6|6
35501,7,False,7,2,7,7|7|7|7|9|7|9|7|7|7
35520,7,False,7,0,7,7|7|7|7|7|7|7|7|7|7
35526,7,False,7,0,7,7|7|7|7|7|7|7|7|7|7
35528,7,False,7,6,7,9|8|9|7|7|8|8|7|9|7
35542,7,False,7,0,7,7|7|7|7|7|7|7|7|7|7
35556,7,False,7,1,7,8|7|7|7|7|7|7|7|7|7
35570,7,False,7,9,6,6|6|6|6|6|6|6|6|7|6
35581,7,False,7,0,7,7|7|7|7|7|7|7|7|7|7
35593,7,False,7,0,7,7|7|7|7|7|7|7|7|7|7
35639,7,False,7,0,7,7|7|7|7|7|7|7|7|7|7
35643,7,False,7,6,7,1|8|1|7|9|7|0|8|7|7
35650,7,False,7,0,7,7|7|7|7|7|7|7|7|7|7
35653,7,False,7,0,7,7|7|7|7|7|7|7|7|7|7
35661,7,False,7,1,7,7|6|7|7|7|7|7|7|7|7
35663,7,False,7,0,7,7|7|7|7|7|7|7|7|7|7
35670,7,False,7,0,7,7|7|7|7|7|7|7|7|7|7
35680,7,False,7,0,7,7|7|7|7|7|7|7|7|7|7
35686,7,False,7,0,7,7|7|7|7|7|7|7|7|7|7
35696,7,False,7,0,7,7|7|7|7|7|7|7|7|7|7
35717,7,False,7,0,7,7|7|7|7|7|7|7|7|7|7
35734,7,False,7,0,7,7|7|7|7|7|7|7|7|7|7
35741,7,False,7,0,7,7|7|7|7|7|7|7|7|7|7
35746,7,False,7,0,7,7|7|7|7|7|7|7|7|7|7
35753,7,False,7,0,7,7|7|7|7|7|7|7|7|7|7
35770,7,False,7,0,7,7|7|7|7|7|7|7|7|7|7
35771,7,False,7,0,7,7|7|7|7|7|7|7|7|7|7
35774,7,False,7,0,7,7|7|7|7|7|7|7|7|7|7
35776,7,False,7,0,7,7|7|7|7|7|7|7|7|7|7
35777,7,False,7,0,7,7|7|7|7|7|7|7|7|7|7
35787,7,False,7,0,7,7|7|7|7|7|7|7|7|7|7
35806,7,False,7,0,7,7|7|7|7|7|7|7|7|7|7
35807,7,False,7,0,7,7|7|7|7|7|7|7|7|7|7
35824,7,False,7,0,7,7|7|7|7|7|7|7|7|7|7
35828,7,False,7,0,7,7|7|7|7|7|7|7|7|7|7
35849,7,False,7,0,7,7|7|7|7|7|7|7|7|7|7
35852,7,False,7,7,6,6|7|6|6|7|6|6|7|6|6
35858,7,False,7,10,6,6|6|6|6|6|6|6|6|6|6
35864,7,False,7,0,7,7|7|7|7|7|7|7|7|7|7
35872,7,False,7,0,7,7|7|7|7|7|7|7|7|7|7
35875,7,False,7,0,7,7|7|7|7|7|7|7|7|7|7
35876,7,False,7,0,7,7|7|7|7|7|7|7|7|7|7
35885,7,False,7,0,7,7|7|7|7|7|7|7|7|7|7
35909,7,False,7,1,7,7|7|4|7|7|7|7|7|7|7
35910,7,False,7,0,7,7|7|7|7|7|7|7|7|7|7
35917,7,False,7,0,7,7|7|7|7|7|7|7|7|7|7
35934,7,False,7,0,7,7|7|7|7|7|7|7|7|7|7
35939,7,False,7,7,0,0|0|0|7|7|6|7|0|2|0
35956,7,False,7,0,7,7|7|7|7|7|7|7|7|7|7
35959,7,False,7,0,7,7|7|7|7|7|7|7|7|7|7
35983,7,False,7,0,7,7|7|7|7|7|7|7|7|7|7
35990,7,False,7,0,7,7|7|7|7|7|7|7|7|7|7
35993,7,False,7,0,7,7|7|7|7|7|7|7|7|7|7
35997,7,False,7,0,7,7|7|7|7|7|7|7|7|7|7
36005,7,False,7,10,6,6|6|6|6|6|6|6|6|6|6
36012,7,False,7,0,7,7|7|7|7|7|7|7|7|7|7
36021,7,False,7,0,7,7|7|7|7|7|7|7|7|7|7
36059,7,False,7,2,7,6|7|7|7|7|7|7|6|7|7
36077,7,False,7,0,7,7|7|7|7|7|7|7|7|7|7
36078,7,False,7,2,7,7|7|7|7|7|7|7|3|3|7
36094,7,False,7,0,7,7|7|7|7|7|7|7|7|7|7
36105,7,False,7,1,7,7|7|7|7|7|7|7|7|6|7
36113,7,False,7,6,3,3|3|0|7|3|7|7|3|3|7
36122,7,False,7,0,7,7|7|7|7|7|7|7|7|7|7
36126,7,False,7,0,7,7|7|7|7|7|7|7|7|7|7
36133,7,False,7,0,7,7|7|7|7|7|7|7|7|7|7
36141,7,False,7,0,7,7|7|7|7|7|7|7|7|7|7
36146,7,False,7,0,7,7|7|7|7|7|7|7|7|7|7
36162,7,False,7,0,7,7|7|7|7|7|7|7|7|7|7
36170,7,False,7,0,7,7|7|7|7|7|7|7|7|7|7
36174,7,False,7,0,7,7|7|7|7|7|7|7|7|7|7
36176,7,False,7,0,7,7|7|7|7|7|7|7|7|7|7
36183,7,False,7,0,7,7|7|7|7|7|7|7|7|7|7
36194,7,False,7,0,7,7|7|7|7|7|7|7|7|7|7
36195,7,False,7,0,7,7|7|7|7|7|7|7|7|7|7
36198,7,False,7,0,7,7|7|7|7|7|7|7|7|7|7
36204,7,False,7,0,7,7|7|7|7|7|7|7|7|7|7
36206,7,False,7,0,7,7|7|7|7|7|7|7|7|7|7
36228,7,False,7,0,7,7|7|7|7|7|7|7|7|7|7
36254,7,False,7,0,7,7|7|7|7|7|7|7|7|7|7
36262,7,False,7,4,7,7|8|8|9|7|7|7|7|7|8
36264,7,False,7,0,7,7|7|7|7|7|7|7|7|7|7
36294,7,False,7,0,7,7|7|7|7|7|7|7|7|7|7
36322,7,False,7,0,7,7|7|7|7|7|7|7|7|7|7
36340,7,False,7,0,7,7|7|7|7|7|7|7|7|7|7
36355,7,False,7,0,7,7|7|7|7|7|7|7|7|7|7
36364,7,False,7,0,7,7|7|7|7|7|7|7|7|7|7
36367,7,False,7,0,7,7|7|7|7|7|7|7|7|7|7
36399,7,False,7,0,7,7|7|7|7|7|7|7|7|7|7
36402,7,False,7,0,7,7|7|7|7|7|7|7|7|7|7
36414,7,False,7,10,8,8|8|8|8|8|8|8|8|8|1
36415,7,False,7,7,6,6|6|4|6|6|7|7|7|6|6
36433,7,False,7,0,7,7|7|7|7|7|7|7|7|7|7
36442,7,False,7,0,7,7|7|7|7|7|7|7|7|7|7
36444,7,False,7,0,7,7|7|7|7|7|7|7|7|7|7
36451,7,False,7,0,7,7|7|7|7|7|7|7|7|7|7
36458,7,False,7,0,7,7|7|7|7|7|7|7|7|7|7
36473,7,False,7,8,6,6|6|6|6|7|7|9|2|2|6
36506,7,False,7,0,7,7|7|7|7|7|7|7|7|7|7
36534,7,False,7,4,7,7|3|7|3|7|3|7|7|7|3
36558,7,False,7,0,7,7|7|7|7|7|7|7|7|7|7
36563,7,False,7,0,7,7|7|7|7|7|7|7|7|7|7
36584,7,False,7,1,7,7|7|7|7|7|6|7|7|7|7
36590,7,False,7,0,7,7|7|7|7|7|7|7|7|7|7
36595,7,False,7,0,7,7|7|7|7|7|7|7|7|7|7
36600,7,False,7,0,7,7|7|7|7|7|7|7|7|7|7
36611,7,False,7,0,7,7|7|7|7|7|7|7|7|7|7
36621,7,False,7,0,7,7|7|7|7|7|7|7|7|7|7
36632,7,False,7,0,7,7|7|7|7|7|7|7|7|7|7
36634,7,False,7,10,9,6|9|0|9|9|9|9|9|3|9
36645,7,False,7,0,7,7|7|7|7|7|7|7|7|7|7
36655,7,False,7,0,7,7|7|7|7|7|7|7|7|7|7
36670,7,False,7,5,-1,6|6|6|7|7|7|7|6|6|7
36709,7,False,7,7,6,6|6|6|6|7|6|7|7|6|6
36713,7,False,7,0,7,7|7|7|7|7|7|7|7|7|7
36716,7,False,7,0,7,7|7|7|7|7|7|7|7|7|7
36728,7,False,7,0,7,7|7|7|7|7|7|7|7|7|7
36740,7,False,7,0,7,7|7|7|7|7|7|7|7|7|7
36747,7,False,7,0,7,7|7|7|7|7|7|7|7|7|7
36748,7,False,7,0,7,7|7|7|7|7|7|7|7|7|7
36757,7,False,7,0,7,7|7|7|7|7|7|7|7|7|7
36758,7,False,7,1,7,7|7|7|3|7|7|7|7|7|7
36772,7,False,7,10,6,6|6|6|6|6|6|6|6|6|6
36774,7,False,7,0,7,7|7|7|7|7|7|7|7|7|7
36782,7,False,7,0,7,7|7|7|7|7|7|7|7|7|7
36789,7,False,7,8,6,6|6|6|6|7|6|7|6|6|6
36791,7,False,7,9,6,6|6|6|6|6|6|7|6|6|6
36793,7,False,7,6,6,7|7|6|6|6|6|7|6|6|7
36811,7,False,7,9,1,1|1|4|1|1|2|4|7|1|0
36815,7,False,7,0,7,7|7|7|7|7|7|7|7|7|7
36831,7,False,7,0,7,7|7|7|7|7|7|7|7|7|7
36837,7,False,7,0,7,7|7|7|7|7|7|7|7|7|7
36843,7,False,7,4,7,7|7|7|7|6|6|6|7|7|6
36849,7,False,7,0,7,7|7|7|7|7|7|7|7|7|7
36854,7,False,7,0,7,7|7|7|7|7|7|7|7|7|7
36858,7,False,7,0,7,7|7|7|7|7|7|7|7|7|7
36860,7,False,7,10,9,9|9|9|9|9|9|9|9|9|9
36861,7,False,7,0,7,7|7|7|7|7|7|7|7|7|7
36870,7,False,7,0,7,7|7|7|7|7|7|7|7|7|7
36873,7,False,7,0,7,7|7|7|7|7|7|7|7|7|7
36879,7,False,7,0,7,7|7|7|7|7|7|7|7|7|7
36893,7,False,7,0,7,7|7|7|7|7|7|7|7|7|7
36898,7,False,7,0,7,7|7|7|7|7|7|7|7|7|7
36903,7,False,7,1,7,3|7|7|7|7|7|7|7|7|7
36910,7,False,7,0,7,7|7|7|7|7|7|7|7|7|7
36912,7,False,7,0,7,7|7|7|7|7|7|7|7|7|7
36915,7,False,7,0,7,7|7|7|7|7|7|7|7|7|7
36924,7,False,7,10,6,6|6|6|6|6|6|6|6|6|6
36926,7,False,7,0,7,7|7|7|7|7|7|7|7|7|7
36940,7,False,7,0,7,7|7|7|7|7|7|7|7|7|7
36960,7,False,7,0,7,7|7|7|7|7|7|7|7|7|7
36973,7,False,7,0,7,7|7|7|7|7|7|7|7|7|7
36985,7,False,7,0,7,7|7|7|7|7|7|7|7|7|7
36987,7,False,7,0,7,7|7|7|7|7|7|7|7|7|7
37002,7,False,7,0,7,7|7|7|7|7|7|7|7|7|7
37005,7,False,7,0,7,7|7|7|7|7|7|7|7|7|7
37050,7,False,7,9,9,9|9|9|9|9|6|9|9|7|9
37053,7,False,7,0,7,7|7|7|7|7|7|7|7|7|7
37056,7,False,7,0,7,7|7|7|7|7|7|7|7|7|7
37061,7,False,7,0,7,7|7|7|7|7|7|7|7|7|7
37062,7,False,7,0,7,7|7|7|7|7|7|7|7|7|7
37065,7,False,7,0,7,7|7|7|7|7|7|7|7|7|7
37073,7,False,7,0,7,7|7|7|7|7|7|7|7|7|7
37075,7,False,7,0,7,7|7|7|7|7|7|7|7|7|7
37082,7,False,7,0,7,7|7|7|7|7|7|7|7|7|7
37084,7,False,7,0,7,7|7|7|7|7|7|7|7|7|7
37091,7,False,7,5,-1,6|6|6|7|7|7|7|6|6|7
37093,7,False,7,0,7,7|7|7|7|7|7|7|7|7|7
37095,7,False,7,0,7,7|7|7|7|7|7|7|7|7|7
37100,7,False,7,0,7,7|7|7|7|7|7|7|7|7|7
37109,7,False,7,0,7,7|7|7|7|7|7|7|7|7|7
37131,7,False,7,0,7,7|7|7|7|7|7|7|7|7|7
37147,7,False,7,0,7,7|7|7|7|7|7|7|7|7|7
37153,7,False,7,0,7,7|7|7|7|7|7|7|7|7|7
37163,7,False,7,0,7,7|7|7|7|7|7|7|7|7|7
37170,7,False,7,0,7,7|7|7|7|7|7|7|7|7|7
37185,7,False,7,0,7,7|7|7|7|7|7|7|7|7|7
37212,7,False,7,0,7,7|7|7|7|7|7|7|7|7|7
37219,7,False,7,0,7,7|7|7|7|7|7|7|7|7|7
37235,7,False,7,0,7,7|7|7|7|7|7|7|7|7|7
37243,7,False,7,0,7,7|7|7|7|7|7|7|7|7|7
37252,7,False,7,0,7,7|7|7|7|7|7|7|7|7|7
37261,7,False,7,0,7,7|7|7|7|7|7|7|7|7|7
37278,7,False,7,0,7,7|7|7|7|7|7|7|7|7|7
37283,7,False,7,0,7,7|7|7|7|7|7|7|7|7|7
37287,7,False,7,0,7,7|7|7|7|7|7|7|7|7|7
37288,7,False,7,0,7,7|7|7|7|7|7|7|7|7|7
37289,7,False,7,9,6,6|6|6|6|6|6|7|6|6|6
37302,7,False,7,0,7,7|7|7|7|7|7|7|7|7|7
37305,7,False,7,0,7,7|7|7|7|7|7|7|7|7|7
37322,7,False,7,0,7,7|7|7|7|7|7|7|7|7|7
37329,7,False,7,0,7,7|7|7|7|7|7|7|7|7|7
37362,7,False,7,0,7,7|7|7|7|7|7|7|7|7|7
37371,7,False,7,0,7,7|7|7|7|7|7|7|7|7|7
37374,7,False,7,0,7,7|7|7|7|7|7|7|7|7|7
37382,7,False,7,0,7,7|7|7|7|7|7|7|7|7|7
37387,7,False,7,0,7,7|7|7|7|7|7|7|7|7|7
37388,7,False,7,0,7,7|7|7|7|7|7|7|7|7|7
37392,7,False,7,0,7,7|7|7|7|7|7|7|7|7|7
37417,7,False,7,0,7,7|7|7|7|7|7|7|7|7|7
37440,7,False,7,0,7,7|7|7|7|7|7|7|7|7|7
37441,7,False,7,1,7,7|7|7|7|7|7|7|4|7|7
37450,7,False,7,0,7,7|7|7|7|7|7|7|7|7|7
37454,7,False,7,0,7,7|7|7|7|7|7|7|7|7|7
37458,7,False,7,9,1,1|0|2|1|1|1|1|7|2|1
37460,7,False,7,0,7,7|7|7|7|7|7|7|7|7|7
37463,7,False,7,0,7,7|7|7|7|7|7|7|7|7|7
37469,7,False,7,0,7,7|7|7|7|7|7|7|7|7|7
37480,7,False,7,0,7,7|7|7|7|7|7|7|7|7|7
37493,7,False,7,1,7,7|6|7|7|7|7|7|7|7|7
37505,7,False,7,0,7,7|7|7|7|7|7|7|7|7|7
37511,7,False,7,0,7,7|7|7|7|7|7|7|7|7|7
37524,7,False,7,0,7,7|7|7|7|7|7|7|7|7|7
37527,7,False,7,0,7,7|7|7|7|7|7|7|7|7|7
37530,7,False,7,10,8,8|6|8|0|0|0|8|8|8|8
37560,7,False,7,0,7,7|7|7|7|7|7|7|7|7|7
37562,7,False,7,0,7,7|7|7|7|7|7|7|7|7|7
37564,7,False,7,0,7,7|7|7|7|7|7|7|7|7|7
37569,7,False,7,0,7,7|7|7|7|7|7|7|7|7|7
37574,7,False,7,0,7,7|7|7|7|7|7|7|7|7|7
37582,7,False,7,0,7,7|7|7|7|7|7|7|7|7|7
37591,7,False,7,0,7,7|7|7|7|7|7|7|7|7|7
37601,7,False,7,0,7,7|7|7|7|7|7|7|7|7|7
37603,7,False,7,0,7,7|7|7|7|7|7|7|7|7|7
37607,7,False,7,0,7,7|7|7|7|7|7|7|7|7|7
37609,7,False,7,0,7,7|7|7|7|7|7|7|7|7|7
37617,7,False,7,0,7,7|7|7|7|7|7|7|7|7|7
37634,7,False,7,0,7,7|7|7|7|7|7|7|7|7|7
37637,7,False,7,0,7,7|7|7|7|7|7|7|7|7|7
37640,7,False,7,0,7,7|7|7|7|7|7|7|7|7|7
37649,7,False,7,0,7,7|7|7|7|7|7|7|7|7|7
37669,7,False,7,0,7,7|7|7|7|7|7|7|7|7|7
37671,7,False,7,1,7,7|7|7|8|7|7|7|7|7|7
37691,7,False,7,0,7,7|7|7|7|7|7|7|7|7|7
37701,7,False,7,1,7,7|7|7|7|7|7|7|7|7|5
37702,7,False,7,0,7,7|7|7|7|7|7|7|7|7|7
37713,7,False,7,0,7,7|7|7|7|7|7|7|7|7|7
37715,7,False,7,4,7,7|6|6|7|6|6|7|7|7|7
37721,7,False,7,0,7,7|7|7|7|7|7|7|7|7|7
37735,7,False,7,0,7,7|7|7|7|7|7|7|7|7|7
37752,7,False,7,0,7,7|7|7|7|7|7|7|7|7|7
37771,7,False,7,0,7,7|7|7|7|7|7|7|7|7|7
37783,7,False,7,0,7,7|7|7|7|7|7|7|7|7|7
37798,7,False,7,0,7,7|7|7|7|7|7|7|7|7|7
37823,7,False,7,0,7,7|7|7|7|7|7|7|7|7|7
37827,7,False,7,7,-1,6|6|7|6|4|7|0|4|7|0
37838,7,False,7,0,7,7|7|7|7|7|7|7|7|7|7
37869,7,False,7,0,7,7|7|7|7|7|7|7|7|7|7
37876,7,False,7,0,7,7|7|7|7|7|7|7|7|7|7
37888,7,False,7,0,7,7|7|7|7|7|7|7|7|7|7
37893,7,False,7,1,7,7|7|7|7|7|6|7|7|7|7
37894,7,False,7,0,7,7|7|7|7|7|7|7|7|7|7
37917,7,False,7,0,7,7|7|7|7|7|7|7|7|7|7
37919,7,False,7,0,7,7|7|7|7|7|7|7|7|7|7
37928,7,False,7,0,7,7|7|7|7|7|7|7|7|7|7
37939,7,False,7,0,7,7|7|7|7|7|7|7|7|7|7
37948,7,False,7,1,7,6|7|7|7|7|7|7|7|7|7
37959,7,False,7,0,7,7|7|7|7|7|7|7|7|7|7
37971,7,False,7,8,6,6|7|6|6|6|6|7|6|6|6
37973,7,False,7,0,7,7|7|7|7|7|7|7|7|7|7
38001,7,False,7,0,7,7|7|7|7|7|7|7|7|7|7
38004,7,False,7,0,7,7|7|7|7|7|7|7|7|7|7
38028,7,False,7,0,7,7|7|7|7|7|7|7|7|7|7
38031,7,False,7,0,7,7|7|7|7|7|7|7|7|7|7
38034,7,False,7,0,7,7|7|7|7|7|7|7|7|7|7
38039,7,False,7,2,7,7|7|7|8|8|7|7|7|7|7
38044,7,False,7,0,7,7|7|7|7|7|7|7|7|7|7
38067,7,False,7,0,7,7|7|7|7|7|7|7|7|7|7
38078,7,False,7,0,7,7|7|7|7|7|7|7|7|7|7
38079,7,False,7,0,7,7|7|7|7|7|7|7|7|7|7
38081,7,False,7,8,6,6|6|6|7|6|6|7|6|6|6
38096,7,False,7,0,7,7|7|7|7|7|7|7|7|7|7
38111,7,False,7,0,7,7|7|7|7|7|7|7|7|7|7
38114,7,False,7,0,7,7|7|7|7|7|7|7|7|7|7
38121,7,False,7,0,7,7|7|7|7|7|7|7|7|7|7
38122,7,False,7,0,7,7|7|7|7|7|7|7|7|7|7
38132,7,False,7,0,7,7|7|7|7|7|7|7|7|7|7
38135,7,False,7,0,7,7|7|7|7|7|7|7|7|7|7
38144,7,False,7,0,7,7|7|7|7|7|7|7|7|7|7
38161,7,False,7,0,7,7|7|7|7|7|7|7|7|7|7
38186,7,False,7,4,7,4|7|7|4|7|4|7|4|7|7
38191,7,False,7,0,7,7|7|7|7|7|7|7|7|7|7
38195,7,False,7,0,7,7|7|7|7|7|7|7|7|7|7
38217,7,False,7,0,7,7|7|7|7|7|7|7|7|7|7
38227,7,False,7,0,7,7|7|7|7|7|7|7|7|7|7
38228,7,False,7,0,7,7|7|7|7|7|7|7|7|7|7
38245,7,False,7,0,7,7|7|7|7|7|7|7|7|7|7
38252,7,False,7,0,7,7|7|7|7|7|7|7|7|7|7
38257,7,False,7,0,7,7|7|7|7|7|7|7|7|7|7
38269,7,False,7,1,7,7|7|7|7|7|7|7|7|7|6
38287,7,False,7,0,7,7|7|7|7|7|7|7|7|7|7
38289,7,False,7,4,7,6|7|6|7|7|7|7|6|6|7
38291,7,False,7,0,7,7|7|7|7|7|7|7|7|7|7
38304,7,False,7,10,0,0|0|0|0|0|0|0|0|0|0
38312,7,False,7,1,7,1|7|7|7|7|7|7|7|7|7
38318,7,False,7,0,7,7|7|7|7|7|7|7|7|7|7
38332,7,False,7,0,7,7|7|7|7|7|7|7|7|7|7
38334,7,False,7,0,7,7|7|7|7|7|7|7|7|7|7
38341,7,False,7,0,7,7|7|7|7|7|7|7|7|7|7
38358,7,False,7,7,6,7|4|0|7|6|6|6|7|6|6
38373,7,False,7,0,7,7|7|7|7|7|7|7|7|7|7
38394,7,False,7,1,7,7|7|7|7|9|7|7|7|7|7
38412,7,False,7,1,7,7|6|7|7|7|7|7|7|7|7
38430,7,False,7,0,7,7|7|7|7|7|7|7|7|7|7
38440,7,False,7,10,6,6|6|6|6|6|6|6|6|6|6
38443,7,False,7,10,1,2|1|1|2|1|1|1|0|1|1
38449,7,False,7,0,7,7|7|7|7|7|7|7|7|7|7
38456,7,False,7,0,7,7|7|7|7|7|7|7|7|7|7
38463,7,False,7,0,7,7|7|7|7|7|7|7|7|7|7
38483,7,False,7,0,7,7|7|7|7|7|7|7|7|7|7
38484,7,False,7,0,7,7|7|7|7|7|7|7|7|7|7
38490,7,False,7,0,7,7|7|7|7|7|7|7|7|7|7
38508,7,False,7,0,7,7|7|7|7|7|7|7|7|7|7
38534,7,False,7,0,7,7|7|7|7|7|7|7|7|7|7
38535,7,False,7,0,7,7|7|7|7|7|7|7|7|7|7
38538,7,False,7,0,7,7|7|7|7|7|7|7|7|7|7
38540,7,False,7,0,7,7|7|7|7|7|7|7|7|7|7
38564,7,False,7,0,7,7|7|7|7|7|7|7|7|7|7
38567,7,False,7,0,7,7|7|7|7|7|7|7|7|7|7
38586,7,False,7,0,7,7|7|7|7|7|7|7|7|7|7
38593,7,False,7,0,7,7|7|7|7|7|7|7|7|7|7
38594,7,False,7,7,-1,7|7|7|8|0|6|0|6|6|0
38596,7,False,7,0,7,7|7|7|7|7|7|7|7|7|7
38625,7,False,7,0,7,7|7|7|7|7|7|7|7|7|7
38632,7,False,7,8,4,6|4|2|4|4|7|7|4|6|2
38633,7,False,7,8,6,6|6|4|7|4|7|6|6|6|1
38645,7,False,7,10,1,1|1|1|1|1|1|1|1|2|1
38652,7,False,7,0,7,7|7|7|7|7|7|7|7|7|7
38673,7,False,7,0,7,7|7|7|7|7|7|7|7|7|7
38697,7,False,7,0,7,7|7|7|7|7|7|7|7|7|7
38715,7,False,7,0,7,7|7|7|7|7|7|7|7|7|7
38725,7,False,7,0,7,7|7|7|7|7|7|7|7|7|7
38744,7,False,7,0,7,7|7|7|7|7|7|7|7|7|7
38762,7,False,7,0,7,7|7|7|7|7|7|7|7|7|7
38792,7,False,7,5,-1,6|7|6|7|6|7|7|6|6|7
38802,7,False,7,0,7,7|7|7|7|7|7|7|7|7|7
38817,7,False,7,0,7,7|7|7|7|7|7|7|7|7|7
38827,7,False,7,0,7,7|7|7|7|7|7|7|7|7|7
38831,7,False,7,0,7,7|7|7|7|7|7|7|7|7|7
38839,7,False,7,9,0,6|0|7|0|1|6|0|6|2|0
38849,7,False,7,6,7,1|1|7|3|7|4|3|7|7|3
38850,7,False,7,0,7,7|7|7|7|7|7|7|7|7|7
38851,7,False,7,0,7,7|7|7|7|7|7|7|7|7|7
38856,7,False,7,0,7,7|7|7|7|7|7|7|7|7|7
38863,7,False,7,5,-1,7|6|7|6|6|7|7|6|7|6
38868,7,False,7,0,7,7|7|7|7|7|7|7|7|7|7
38880,7,False,7,0,7,7|7|7|7|7|7|7|7|7|7
38891,7,False,7,0,7,7|7|7|7|7|7|7|7|7|7
38893,7,False,7,0,7,7|7|7|7|7|7|7|7|7|7
38896,7,False,7,0,7,7|7|7|7|7|7|7|7|7|7
38898,7,False,7,5,7,3|3|7|7|7|0|7|3|7|0
38919,7,False,7,0,7,7|7|7|7|7|7|7|7|7|7
38937,7,False,7,0,7,7|7|7|7|7|7|7|7|7|7
38944,7,False,7,0,7,7|7|7|7|7|7|7|7|7|7
38950,7,False,7,1,7,7|7|7|7|7|7|7|5|7|7
38967,7,False,7,0,7,7|7|7|7|7|7|7|7|7|7
38972,7,False,7,0,7,7|7|7|7|7|7|7|7|7|7
38981,7,False,7,0,7,7|7|7|7|7|7|7|7|7|7
38994,7,False,7,0,7,7|7|7|7|7|7|7|7|7|7
39001,7,False,7,1,7,7|7|7|7|7|7|7|7|1|7
39010,7,False,7,6,9,7|7|7|9|9|7|9|9|9|9
39025,7,False,7,0,7,7|7|7|7|7|7|7|7|7|7
39032,7,False,7,0,7,7|7|7|7|7|7|7|7|7|7
39053,7,False,7,0,7,7|7|7|7|7|7|7|7|7|7
39059,7,False,7,0,7,7|7|7|7|7|7|7|7|7|7
39060,7,False,7,0,7,7|7|7|7|7|7|7|7|7|7
39082,7,False,7,0,7,7|7|7|7|7|7|7|7|7|7
39085,7,False,7,0,7,7|7|7|7|7|7|7|7|7|7
39088,7,False,7,0,7,7|7|7|7|7|7|7|7|7|7
39099,7,False,7,0,7,7|7|7|7|7|7|7|7|7|7
39111,7,False,7,0,7,7|7|7|7|7|7|7|7|7|7
39116,7,False,7,0,7,7|7|7|7|7|7|7|7|7|7
39117,7,False,7,0,7,7|7|7|7|7|7|7|7|7|7
39120,7,False,7,0,7,7|7|7|7|7|7|7|7|7|7
39121,7,False,7,0,7,7|7|7|7|7|7|7|7|7|7
39129,7,False,7,0,7,7|7|7|7|7|7|7|7|7|7
39143,7,False,7,0,7,7|7|7|7|7|7|7|7|7|7
39146,7,False,7,0,7,7|7|7|7|7|7|7|7|7|7
39151,7,False,7,0,7,7|7|7|7|7|7|7|7|7|7
39165,7,False,7,5,7,7|7|7|8|9|6|9|7|7|0
39167,7,False,7,0,7,7|7|7|7|7|7|7|7|7|7
39171,7,False,7,0,7,7|7|7|7|7|7|7|7|7|7
39241,7,False,7,0,7,7|7|7|7|7|7|7|7|7|7
39248,7,False,7,0,7,7|7|7|7|7|7|7|7|7|7
39289,7,False,7,0,7,7|7|7|7|7|7|7|7|7|7
39290,7,False,7,0,7,7|7|7|7|7|7|7|7|7|7
39320,7,False,7,0,7,7|7|7|7|7|7|7|7|7|7
39340,7,False,7,0,7,7|7|7|7|7|7|7|7|7|7
39342,7,False,7,3,7,7|7|7|6|6|7|6|7|7|7
39346,7,False,7,10,3,3|3|1|3|3|3|3|2|3|3
39378,7,False,7,0,7,7|7|7|7|7|7|7|7|7|7
39389,7,False,7,0,7,7|7|7|7|7|7|7|7|7|7
39396,7,False,7,0,7,7|7|7|7|7|7|7|7|7|7
39417,7,False,7,0,7,7|7|7|7|7|7|7|7|7|7
39430,7,False,7,0,7,7|7|7|7|7|7|7|7|7|7
39431,7,False,7,0,7,7|7|7|7|7|7|7|7|7|7
39441,7,False,7,0,7,7|7|7|7|7|7|7|7|7|7
39445,7,False,7,0,7,7|7|7|7|7|7|7|7|7|7
39454,7,False,7,0,7,7|7|7|7|7|7|7|7|7|7
39457,7,False,7,5,-1,6|6|6|7|7|7|7|6|7|6
39464,7,False,7,0,7,7|7|7|7|7|7|7|7|7|7
39476,7,False,7,0,7,7|7|7|7|7|7|7|7|7|7
39484,7,False,7,0,7,7|7|7|7|7|7|7|7|7|7
39485,7,False,7,0,7,7|7|7|7|7|7|7|7|7|7
39494,7,False,7,0,7,7|7|7|7|7|7|7|7|7|7
39496,7,False,7,0,7,7|7|7|7|7|7|7|7|7|7
39504,7,False,7,0,7,7|7|7|7|7|7|7|7|7|7
39516,7,False,7,0,7,7|7|7|7|7|7|7|7|7|7
39524,7,False,7,0,7,7|7|7|7|7|7|7|7|7|7
39525,7,False,7,0,7,7|7|7|7|7|7|7|7|7|7
39552,7,False,7,0,7,7|7|7|7|7|7|7|7|7|7
39557,7,False,7,0,7,7|7|7|7|7|7|7|7|7|7
39562,7,False,7,0,7,7|7|7|7|7|7|7|7|7|7
39563,7,False,7,0,7,7|7|7|7|7|7|7|7|7|7
39577,7,False,7,0,7,7|7|7|7|7|7|7|7|7|7
39581,7,False,7,3,7,7|7|1|4|7|7|7|4|7|7
39604,7,False,7,0,7,7|7|7|7|7|7|7|7|7|7
39610,7,False,7,0,7,7|7|7|7|7|7|7|7|7|7
39613,7,False,7,0,7,7|7|7|7|7|7|7|7|7|7
39618,7,False,7,8,0,0|7|0|0|7|0|0|0|0|0
39645,7,False,7,0,7,7|7|7|7|7|7|7|7|7|7
39651,7,False,7,2,7,8|7|7|8|7|7|7|7|7|7
39654,7,False,7,3,7,7|7|7|0|7|7|7|7|0|0
39657,7,False,7,0,7,7|7|7|7|7|7|7|7|7|7
39660,7,False,7,0,7,7|7|7|7|7|7|7|7|7|7
39662,7,False,7,0,7,7|7|7|7|7|7|7|7|7|7
39697,7,False,7,0,7,7|7|7|7|7|7|7|7|7|7
39713,7,False,7,0,7,7|7|7|7|7|7|7|7|7|7
39726,7,False,7,0,7,7|7|7|7|7|7|7|7|7|7
39738,7,False,7,0,7,7|7|7|7|7|7|7|7|7|7
39739,7,False,7,6,7,2|6|3|0|7|7|7|3|7|0
39747,7,False,7,0,7,7|7|7|7|7|7|7|7|7|7
39756,7,False,7,0,7,7|7|7|7|7|7|7|7|7|7
39765,7,False,7,0,7,7|7|7|7|7|7|7|7|7|7
39768,7,False,7,1,7,7|7|6|7|7|7|7|7|7|7
39771,7,False,7,0,7,7|7|7|7|7|7|7|7|7|7
39773,7,False,7,1,7,7|7|7|1|7|7|7|7|7|7
39790,7,False,7,0,7,7|7|7|7|7|7|7|7|7|7
39792,7,False,7,0,7,7|7|7|7|7|7|7|7|7|7
39804,7,False,7,0,7,7|7|7|7|7|7|7|7|7|7
39809,7,False,7,0,7,7|7|7|7|7|7|7|7|7|7
39823,7,False,7,0,7,7|7|7|7|7|7|7|7|7|7
39833,7,False,7,2,7,7|6|7|7|7|7|7|7|7|6
39878,7,False,7,0,7,7|7|7|7|7|7|7|7|7|7
39886,7,False,7,0,7,7|7|7|7|7|7|7|7|7|7
39893,7,False,7,0,7,7|7|7|7|7|7|7|7|7|7
39901,7,False,7,1,7,7|7|7|7|7|0|7|7|7|7
39909,7,False,7,0,7,7|7|7|7|7|7|7|7|7|7
39936,7,False,7,0,7,7|7|7|7|7|7|7|7|7|7
39939,7,False,7,0,7,7|7|7|7|7|7|7|7|7|7
39944,7,False,7,0,7,7|7|7|7|7|7|7|7|7|7
39948,7,False,7,0,7,7|7|7|7|7|7|7|7|7|7
39977,7,False,7,0,7,7|7|7|7|7|7|7|7|7|7
39990,7,False,7,0,7,7|7|7|7|7|7|7|7|7|7
39999,7,False,7,0,7,7|7|7|7|7|7|7|7|7|7
40021,7,False,7,0,7,7|7|7|7|7|7|7|7|7|7
40022,7,False,7,0,7,7|7|7|7|7|7|7|7|7|7
40043,7,False,7,8,-1,8|8|8|9|9|9|9|7|7|8
40045,7,False,7,0,7,7|7|7|7|7|7|7|7|7|7
40053,7,False,7,0,7,7|7|7|7|7|7|7|7|7|7
40055,7,False,7,0,7,7|7|7|7|7|7|7|7|7|7
40067,7,False,7,0,7,7|7|7|7|7|7|7|7|7|7
40078,7,False,7,10,8,8|9|8|9|9|9|8|8|8|8
40082,7,False,7,0,7,7|7|7|7|7|7|7|7|7|7
40102,7,False,7,0,7,7|7|7|7|7|7|7|7|7|7
40125,7,False,7,0,7,7|7|7|7|7|7|7|7|7|7
40126,7,False,7,2,7,7|6|7|7|7|6|7|7|7|7
40144,7,False,7,0,7,7|7|7|7|7|7|7|7|7|7
40145,7,False,7,8,1,1|3|7|7|2|3|1|1|1|2
40152,7,False,7,1,7,7|7|7|7|7|7|7|6|7|7
40157,7,False,7,0,7,7|7|7|7|7|7|7|7|7|7
40187,7,False,7,0,7,7|7|7|7|7|7|7|7|7|7
40198,7,False,7,0,7,7|7|7|7|7|7|7|7|7|7
40209,7,False,7,3,7,7|7|9|9|7|7|7|7|9|7
40217,7,False,7,0,7,7|7|7|7|7|7|7|7|7|7
40232,8,False,8,0,8,8|8|8|8|8|8|8|8|8|8
40240,8,False,8,3,8,9|8|8|8|8|9|8|9|8|8
40245,8,False,8,0,8,8|8|8|8|8|8|8|8|8|8
40247,8,False,8,0,8,8|8|8|8|8|8|8|8|8|8
40283,8,False,8,10,9,9|1|9|0|0|9|0|9|1|1
40324,8,False,8,6,9,9|9|9|8|9|9|8|9|8|8
40327,8,False,8,5,8,8|6|8|6|8|8|0|9|9|8
40335,8,False,8,0,8,8|8|8|8|8|8|8|8|8|8
40352,8,False,8,5,-1,8|8|9|8|9|9|9|9|8|8
40358,8,False,8,3,8,0|0|8|0|8|8|8|8|8|8
40364,8,False,8,0,8,8|8|8|8|8|8|8|8|8|8
40372,8,False,8,0,8,8|8|8|8|8|8|8|8|8|8
40375,8,False,8,0,8,8|8|8|8|8|8|8|8|8|8
40377,8,False,8,6,9,8|9|8|9|9|9|9|8|8|9
40391,8,False,8,0,8,8|8|8|8|8|8|8|8|8|8
40395,8,False,8,1,8,8|9|8|8|8|8|8|8|8|8
40399,8,False,8,2,8,8|8|9|8|8|8|8|8|9|8
40403,8,False,8,1,8,8|8|8|8|8|8|8|8|8|9
40423,8,False,8,7,9,9|8|8|8|9|9|9|9|9|9
40444,8,False,8,10,5,5|5|5|0|9|9|5|5|0|5
40447,8,False,8,4,8,8|8|8|8|9|0|9|8|8|0
40449,8,False,8,0,8,8|8|8|8|8|8|8|8|8|8
40453,8,False,8,0,8,8|8|8|8|8|8|8|8|8|8
40459,8,False,8,7,9,9|9|8|8|9|8|9|0|0|9
40466,8,False,8,0,8,8|8|8|8|8|8|8|8|8|8
40477,8,False,8,6,0,0|0|0|0|5|8|0|8|8|8
40493,8,False,8,10,9,9|9|9|9|9|9|9|9|9|9
40495,8,False,8,0,8,8|8|8|8|8|8|8|8|8|8
40497,8,False,8,3,8,8|8|8|8|0|7|7|8|8|8
40498,8,False,8,0,8,8|8|8|8|8|8|8|8|8|8
40514,8,False,8,4,8,8|9|8|8|8|7|9|8|7|8
40523,8,False,8,0,8,8|8|8|8|8|8|8|8|8|8
40524,8,False,8,0,8,8|8|8|8|8|8|8|8|8|8
40550,8,False,8,0,8,8|8|8|8|8|8|8|8|8|8
40567,8,False,8,2,8,8|8|9|8|8|9|8|8|8|8
40574,8,False,8,2,8,0|0|8|8|8|8|8|8|8|8
40577,8,False,8,0,8,8|8|8|8|8|8|8|8|8|8
40594,8,False,8,3,8,8|8|6|8|8|8|0|4|8|8
40595,8,False,8,6,8,0|0|1|4|0|8|4|8|8|8
40597,8,False,8,0,8,8|8|8|8|8|8|8|8|8|8
40599,8,False,8,2,8,8|8|8|8|8|9|8|8|9|8
40601,8,False,8,0,8,8|8|8|8|8|8|8|8|8|8
40603,8,False,8,3,8,8|8|8|8|8|9|0|8|9|8
40631,8,False,8,4,8,9|8|9|8|8|8|8|9|8|9
40633,8,False,8,0,8,8|8|8|8|8|8|8|8|8|8
40652,8,False,8,10,9,9|9|9|9|9|9|9|9|9|9
40662,8,False,8,0,8,8|8|8|8|8|8|8|8|8|8
40664,8,False,8,10,0,0|0|3|2|6|6|9|2|9|0
40668,8,False,8,0,8,8|8|8|8|8|8|8|8|8|8
40689,8,False,8,9,9,9|9|9|9|9|9|9|9|9|8
40690,8,False,8,10,9,9|9|9|9|9|9|9|9|9|9
40701,8,False,8,3,8,8|8|8|0|8|8|5|8|5|8
40704,8,False,8,0,8,8|8|8|8|8|8|8|8|8|8
40706,8,False,8,6,8,8|2|8|0|6|6|0|8|8|2
40712,8,False,8,10,7,3|7|0|7|7|7|7|7|7|7
40717,8,False,8,1,8,8|8|8|8|8|8|8|8|9|8
40718,8,False,8,10,7,7|7|7|7|7|7|7|7|7|7
40727,8,False,8,2,8,8|8|8|8|8|9|8|8|8|9
40730,8,False,8,3,8,8|8|8|8|9|0|8|8|9|8
40732,8,False,8,8,9,9|9|9|8|3|9|2|8|9|9
40738,8,False,8,0,8,8|8|8|8|8|8|8|8|8|8
40747,8,False,8,4,8,8|9|9|9|8|8|8|8|9|8
40787,8,False,8,0,8,8|8|8|8|8|8|8|8|8|8
40789,8,False,8,0,8,8|8|8|8|8|8|8|8|8|8
40795,8,False,8,0,8,8|8|8|8|8|8|8|8|8|8
40812,8,False,8,3,8,8|8|9|8|8|9|9|8|8|8
40818,8,False,8,10,9,9|9|9|9|9|9|9|9|9|9
40828,8,False,8,0,8,8|8|8|8|8|8|8|8|8|8
40844,8,False,8,8,0,0|8|0|0|0|8|0|0|0|0
40872,8,False,8,10,9,9|9|9|9|9|9|9|9|9|9
40874,8,False,8,0,8,8|8|8|8|8|8|8|8|8|8
40902,8,False,8,1,8,8|8|8|8|5|8|8|8|8|8
40907,8,False,8,10,9,9|9|9|9|9|9|9|9|9|9
40920,8,False,8,0,8,8|8|8|8|8|8|8|8|8|8
40922,8,False,8,0,8,8|8|8|8|8|8|8|8|8|8
40924,8,False,8,10,9,9|9|0|9|9|0|9|9|9|0
40930,8,False,8,8,-1,8|8|9|0|0|0|0|9|9|9
40931,8,False,8,10,9,9|9|9|9|9|9|9|9|9|9
40936,8,False,8,10,9,9|9|9|9|9|9|9|9|9|9
40938,8,False,8,7,9,9|8|9|9|8|8|9|9|9|9
40941,8,False,8,8,0,8|0|0|0|0|0|0|0|8|0
40955,8,False,8,9,9,8|0|9|9|9|0|9|9|9|9
40975,8,False,8,0,8,8|8|8|8|8|8|8|8|8|8
40977,8,False,8,9,9,9|9|8|9|9|9|9|9|0|9
40986,8,False,8,0,8,8|8|8|8|8|8|8|8|8|8
41002,8,False,8,0,8,8|8|8|8|8|8|8|8|8|8
41007,8,False,8,7,1,1|8|1|1|8|1|8|1|1|1
41027,8,False,8,4,8,8|8|7|9|8|8|8|9|9|8
41030,8,False,8,0,8,8|8|8|8|8|8|8|8|8|8
41033,8,False,8,0,8,8|8|8|8|8|8|8|8|8|8
41045,8,False,8,0,8,8|8|8|8|8|8|8|8|8|8
41054,8,False,8,0,8,8|8|8|8|8|8|8|8|8|8
41072,8,False,8,7,9,9|8|9|9|9|9|9|8|9|8
41074,8,False,8,0,8,8|8|8|8|8|8|8|8|8|8
41077,8,False,8,6,0,0|0|8|0|0|0|8|8|0|8
41083,8,False,8,1,8,8|8|0|8|8|8|8|8|8|8
41101,8,False,8,2,8,8|8|8|8|8|9|9|8|8|8
41129,8,False,8,1,8,8|8|8|8|8|9|8|8|8|8
41138,8,False,8,2,8,0|8|8|8|8|0|8|8|8|8
41142,8,False,8,10,9,9|0|9|9|9|9|9|9|9|0
41155,8,False,8,0,8,8|8|8|8|8|8|8|8|8|8
41180,8,False,8,2,8,9|8|8|9|8|8|8|8|8|8
41182,8,False,8,3,8,9|8|8|8|8|9|8|8|9|8
41184,8,False,8,4,8,8|8|9|8|8|9|8|9|8|9
41189,8,False,8,0,8,8|8|8|8|8|8|8|8|8|8
41191,8,False,8,3,8,8|8|0|8|8|8|8|8|0|0
41200,8,False,8,0,8,8|8|8|8|8|8|8|8|8|8
41215,8,False,8,0,8,8|8|8|8|8|8|8|8|8|8
41236,8,False,8,0,8,8|8|8|8|8|8|8|8|8|8
41273,8,False,8,1,8,8|8|8|8|8|4|8|8|8|8
41274,8,False,8,0,8,8|8|8|8|8|8|8|8|8|8
41290,8,False,8,3,8,8|8|8|8|9|9|9|8|8|8
41301,8,False,8,10,2,2|0|2|2|2|2|0|9|7|2
41303,8,False,8,1,8,0|8|8|8|8|8|8|8|8|8
41313,8,False,8,10,9,9|9|9|9|9|9|9|9|9|9
41316,8,False,8,0,8,8|8|8|8|8|8|8|8|8|8
41320,8,False,8,0,8,8|8|8|8|8|8|8|8|8|8
41358,8,False,8,10,3,2|3|2|3|3|3|3|2|3|3
41366,8,False,8,0,8,8|8|8|8|8|8|8|8|8|8
41369,8,False,8,2,8,0|8|8|0|8|8|8|8|8|8
41383,8,False,8,7,9,8|9|8|9|9|9|9|8|9|9
41402,8,False,8,1,8,8|9|8|8|8|8|8|8|8|8
41420,8,False,8,0,8,8|8|8|8|8|8|8|8|8|8
41446,8,False,8,2,8,8|8|8|9|8|8|8|8|8|9
41455,8,False,8,10,9,9|9|9|9|9|9|9|9|9|9
41471,8,False,8,5,8,8|8|8|9|9|8|8|9|0|9
41487,8,False,8,0,8,8|8|8|8|8|8|8|8|8|8
41498,8,False,8,0,8,8|8|8|8|8|8|8|8|8|8
41513,8,False,8,8,9,9|9|9|9|8|9|8|9|9|9
41514,8,False,8,3,8,8|0|8|0|8|0|8|8|8|8
41531,8,False,8,0,8,8|8|8|8|8|8|8|8|8|8
41533,8,False,8,0,8,8|8|8|8|8|8|8|8|8|8
41535,8,False,8,8,9,8|9|9|9|8|9|9|9|9|9
41538,8,False,8,10,9,9|9|9|9|9|9|9|9|9|9
41541,8,False,8,0,8,8|8|8|8|8|8|8|8|8|8
41551,8,False,8,1,8,8|9|8|8|8|8|8|8|8|8
41559,8,False,8,3,8,8|9|9|8|8|8|8|8|9|8
41606,8,False,8,10,5,5|5|4|5|5|5|0|0|4|5
41612,8,False,8,0,8,8|8|8|8|8|8|8|8|8|8
41614,8,False,8,8,0,8|0|8|6|0|0|0|0|0|0
41618,8,False,8,1,8,8|8|8|8|8|8|8|8|9|8
41633,8,False,8,2,8,9|8|8|8|8|8|8|9|8|8
41653,8,False,8,10,4,5|5|0|4|5|4|0|9|4|4
41658,8,False,8,0,8,8|8|8|8|8|8|8|8|8|8
41671,8,False,8,4,8,0|8|8|9|8|8|9|8|8|9
41674,8,False,8,0,8,8|8|8|8|8|8|8|8|8|8
41680,8,False,8,0,8,8|8|8|8|8|8|8|8|8|8
41684,8,False,8,10,9,9|9|9|9|9|9|9|9|9|9
41692,8,False,8,3,8,8|8|8|0|8|2|8|8|9|8
41697,8,False,8,5,-1,8|8|9|9|9|8|9|8|9|8
41701,8,False,8,0,8,8|8|8|8|8|8|8|8|8|8
41704,8,False,8,3,8,8|9|9|8|8|8|8|8|9|8
41715,8,False,8,0,8,8|8|8|8|8|8|8|8|8|8
41732,8,False,8,0,8,8|8|8|8|8|8|8|8|8|8
41749,8,False,8,0,8,8|8|8|8|8|8|8|8|8|8
41758,8,False,8,0,8,8|8|8|8|8|8|8|8|8|8
41768,8,False,8,0,8,8|8|8|8|8|8|8|8|8|8
41769,8,False,8,2,8,8|8|8|8|8|8|8|2|2|8
41799,8,False,8,2,8,8|8|8|8|8|9|8|8|8|9
41807,8,False,8,10,0,0|3|3|0|0|0|2|9|9|0
41834,8,False,8,6,9,9|9|8|8|9|8|9|9|8|9
41868,8,False,8,3,8,9|8|9|8|8|8|8|4|8|8
41875,8,False,8,9,0,0|0|0|0|0|8|0|0|0|0
41905,8,False,8,7,9,9|9|9|9|8|8|9|8|9|9
41949,8,False,8,0,8,8|8|8|8|8|8|8|8|8|8
41954,8,False,8,2,8,8|8|6|8|8|8|7|8|8|8
41971,8,False,8,6,-1,0|0|8|8|8|9|8|9|0|0
41975,8,False,8,10,9,9|9|9|9|9|9|0|5|4|0
41977,8,False,8,2,8,8|8|8|8|8|8|8|0|9|8
41985,8,False,8,3,8,8|8|8|8|8|9|8|9|8|9
41992,8,False,8,0,8,8|8|8|8|8|8|8|8|8|8
41995,8,False,8,0,8,8|8|8|8|8|8|8|8|8|8
42002,8,False,8,10,9,9|9|9|9|9|9|9|9|9|9
42003,8,False,8,1,8,8|8|9|8|8|8|8|8|8|8
42020,8,False,8,5,-1,0|0|8|8|0|0|0|8|8|8
42022,8,False,8,0,8,8|8|8|8|8|8|8|8|8|8
42045,8,False,8,2,8,0|8|8|8|8|9|8|8|8|8
42062,8,False,8,0,8,8|8|8|8|8|8|8|8|8|8
42092,8,False,8,1,8,8|8|0|8|8|8|8|8|8|8
42108,8,False,8,0,8,8|8|8|8|8|8|8|8|8|8
42115,8,False,8,0,8,8|8|8|8|8|8|8|8|8|8
42146,8,False,8,0,8,8|8|8|8|8|8|8|8|8|8
42147,8,False,8,0,8,8|8|8|8|8|8|8|8|8|8
42149,8,False,8,0,8,8|8|8|8|8|8|8|8|8|8
42150,8,False,8,0,8,8|8|8|8|8|8|8|8|8|8
42154,8,False,8,0,8,8|8|8|8|8|8|8|8|8|8
42168,8,False,8,0,8,8|8|8|8|8|8|8|8|8|8
42177,8,False,8,9,9,9|9|8|9|9|9|9|9|9|9
42186,8,False,8,0,8,8|8|8|8|8|8|8|8|8|8
42188,8,False,8,1,8,8|8|8|8|8|8|8|8|9|8
42213,8,False,8,8,0,0|0|0|8|9|9|8|0|0|9
42222,8,False,8,0,8,8|8|8|8|8|8|8|8|8|8
42225,8,False,8,0,8,8|8|8|8|8|8|8|8|8|8
42232,8,False,8,1,8,8|8|9|8|8|8|8|8|8|8
42251,8,False,8,10,3,2|3|3|0|3|3|1|3|1|3
42257,8,False,8,10,9,9|9|9|9|9|9|9|9|9|9
42258,8,False,8,0,8,8|8|8|8|8|8|8|8|8|8
42260,8,False,8,0,8,8|8|8|8|8|8|8|8|8|8
42264,8,False,8,10,9,9|9|9|9|9|9|9|9|9|9
42268,8,False,8,7,0,8|0|0|0|0|8|0|0|8|0
42275,8,False,8,8,9,9|9|9|8|9|9|0|8|9|9
42288,8,False,8,0,8,8|8|8|8|8|8|8|8|8|8
42312,8,False,8,0,8,8|8|8|8|8|8|8|8|8|8
42324,8,False,8,9,9,9|9|9|9|9|9|9|8|9|9
42325,8,False,8,0,8,8|8|8|8|8|8|8|8|8|8
42327,8,False,8,0,8,8|8|8|8|8|8|8|8|8|8
42346,8,False,8,3,8,8|9|8|8|8|9|8|8|8|9
42351,8,False,8,0,8,8|8|8|8|8|8|8|8|8|8
42356,8,False,8,0,8,8|8|8|8|8|8|8|8|8|8
42369,8,False,8,0,8,8|8|8|8|8|8|8|8|8|8
42394,8,False,8,1,8,8|8|9|8|8|8|8|8|8|8
42403,8,False,8,10,1,3|1|1|1|9|2|1|1|1|1
42404,8,False,8,1,8,8|8|9|8|8|8|8|8|8|8
42434,8,False,8,0,8,8|8|8|8|8|8|8|8|8|8
42456,8,False,8,0,8,8|8|8|8|8|8|8|8|8|8
42457,8,False,8,4,8,2|8|3|2|8|8|8|2|8|8
42466,8,False,8,5,-1,8|9|8|9|8|9|9|8|9|8
42475,8,False,8,10,3,3|3|3|3|3|3|3|0|3|3
42482,8,False,8,9,9,8|9|9|9|9|9|9|9|9|9
42506,8,False,8,0,8,8|8|8|8|8|8|8|8|8|8
42526,8,False,8,10,2,0|2|2|2|2|0|2|3|4|2
42548,8,False,8,1,8,9|8|8|8|8|8|8|8|8|8
42550,8,False,8,0,8,8|8|8|8|8|8|8|8|8|8
42578,8,False,8,0,8,8|8|8|8|8|8|8|8|8|8
42586,8,False,8,10,9,9|9|9|9|9|9|9|9|9|9
42588,8,False,8,0,8,8|8|8|8|8|8|8|8|8|8
42592,8,False,8,9,7,2|7|2|0|6|7|7|7|3|8
42598,8,False,8,2,8,8|8|8|8|8|3|8|8|9|8
42602,8,False,8,0,8,8|8|8|8|8|8|8|8|8|8
42608,8,False,8,0,8,8|8|8|8|8|8|8|8|8|8
42614,8,False,8,2,8,8|8|9|8|8|8|8|9|8|8
42622,8,False,8,3,8,8|8|9|8|8|8|8|9|8|5
42626,8,False,8,0,8,8|8|8|8|8|8|8|8|8|8
42630,8,False,8,0,8,8|8|8|8|8|8|8|8|8|8
42638,8,False,8,2,8,9|8|9|8|8|8|8|8|8|8
42645,8,False,8,4,8,8|8|0|8|8|8|0|8|0|9
42647,8,False,8,5,-1,8|8|8|9|9|9|9|8|8|9
42661,8,False,8,10,2,2|2|3|2|1|2|2|2|1|2
42667,8,False,8,4,8,8|8|9|7|7|8|0|8|8|8
42676,8,False,8,1,8,8|8|9|8|8|8|8|8|8|8
42678,8,False,8,2,8,4|8|8|8|8|8|8|8|9|8
42681,8,False,8,9,0,8|0|0|0|0|0|0|6|0|0
42697,8,False,8,0,8,8|8|8|8|8|8|8|8|8|8
42699,8,False,8,0,8,8|8|8|8|8|8|8|8|8|8
42706,8,False,8,5,-1,0|8|0|8|8|0|8|8|0|0
42736,8,False,8,0,8,8|8|8|8|8|8|8|8|8|8
42741,8,False,8,3,8,9|8|8|8|8|8|8|9|9|8
42770,8,False,8,1,8,8|8|9|8|8|8|8|8|8|8
42777,8,False,8,0,8,8|8|8|8|8|8|8|8|8|8
42782,8,False,8,0,8,8|8|8|8|8|8|8|8|8|8
42783,8,False,8,0,8,8|8|8|8|8|8|8|8|8|8
42799,8,False,8,6,9,8|9|9|9|9|8|8|8|9|9
42803,8,False,8,0,8,8|8|8|8|8|8|8|8|8|8
42809,8,False,8,2,8,8|8|8|9|8|8|8|8|9|8
42819,8,False,8,0,8,8|8|8|8|8|8|8|8|8|8
42821,8,False,8,0,8,8|8|8|8|8|8|8|8|8|8
42851,8,False,8,0,8,8|8|8|8|8|8|8|8|8|8
42854,8,False,8,6,9,8|9|9|8|9|9|9|8|9|8
42855,8,False,8,0,8,8|8|8|8|8|8|8|8|8|8
42860,8,False,8,0,8,8|8|8|8|8|8|8|8|8|8
42868,8,False,8,0,8,8|8|8|8|8|8|8|8|8|8
42871,8,False,8,9,9,9|9|8|9|9|9|9|9|9|9
42894,8,False,8,0,8,8|8|8|8|8|8|8|8|8|8
42898,8,False,8,10,9,4|4|9|9|9|5|5|9|9|5
42909,8,False,8,10,9,9|9|9|9|9|9|9|9|9|9
42916,8,False,8,2,8,8|9|8|8|8|8|8|8|8|9
42920,8,False,8,5,8,0|2|9|8|8|8|8|9|9|8
42928,8,False,8,0,8,8|8|8|8|8|8|8|8|8|8
42940,8,False,8,0,8,8|8|8|8|8|8|8|8|8|8
42948,8,False,8,10,6,6|6|6|6|6|6|6|7|6|7
42949,8,False,8,0,8,8|8|8|8|8|8|8|8|8|8
42957,8,False,8,3,8,8|9|8|9|8|8|8|9|8|8
42961,8,False,8,3,8,9|8|9|8|8|8|8|9|8|8
42964,8,False,8,8,2,6|2|0|2|8|0|2|8|2|9
42967,8,False,8,0,8,8|8|8|8|8|8|8|8|8|8
42968,8,False,8,0,8,8|8|8|8|8|8|8|8|8|8
42978,8,False,8,6,9,9|9|9|8|8|8|8|9|9|9
42999,8,False,8,0,8,8|8|8|8|8|8|8|8|8|8
43013,8,False,8,9,9,9|9|9|9|8|9|9|9|9|9
43015,8,False,8,10,0,0|0|0|0|0|0|0|0|0|0
43021,8,False,8,0,8,8|8|8|8|8|8|8|8|8|8
43022,8,False,8,2,8,8|9|8|8|8|8|8|8|9|8
43028,8,False,8,9,9,9|8|9|0|5|9|1|9|9|1
43032,8,False,8,3,8,0|8|8|0|8|8|8|0|8|8
43034,8,False,8,1,8,8|8|8|8|8|8|9|8|8|8
43043,8,False,8,0,8,8|8|8|8|8|8|8|8|8|8
43044,8,False,8,5,-1,8|8|9|9|8|9|8|9|8|9
43046,8,False,8,9,9,9|9|9|9|9|9|8|9|9|9
43047,8,False,8,3,8,8|8|9|8|8|8|9|8|8|9
43087,8,False,8,0,8,8|8|8|8|8|8|8|8|8|8
43098,8,False,8,10,0,1|6|0|0|0|6|0|0|1|6
43112,8,False,8,10,0,2|2|0|0|0|0|0|0|0|0
43131,8,False,8,0,8,8|8|8|8|8|8|8|8|8|8
43136,8,False,8,2,8,9|8|8|8|8|8|8|8|9|8
43140,8,False,8,0,8,8|8|8|8|8|8|8|8|8|8
43155,8,False,8,0,8,8|8|8|8|8|8|8|8|8|8
43157,8,False,8,0,8,8|8|8|8|8|8|8|8|8|8
43159,8,False,8,5,-1,9|8|8|9|9|8|8|8|9|9
43161,8,False,8,0,8,8|8|8|8|8|8|8|8|8|8
43175,8,False,8,9,0,0|0|0|0|8|0|0|0|3|0
43184,8,False,8,1,8,8|8|9|8|8|8|8|8|8|8
43194,8,False,8,1,8,8|8|8|8|8|8|8|8|9|8
43201,8,False,8,0,8,8|8|8|8|8|8|8|8|8|8
43213,8,False,8,10,9,9|9|9|9|9|9|9|9|9|9
43245,8,False,8,0,8,8|8|8|8|8|8|8|8|8|8
43255,8,False,8,0,8,8|8|8|8|8|8|8|8|8|8
43259,8,False,8,1,8,8|8|8|8|8|9|8|8|8|8
43261,8,False,8,2,8,9|8|8|8|8|8|8|8|9|8
43275,8,False,8,0,8,8|8|8|8|8|8|8|8|8|8
43299,8,False,8,2,8,8|8|8|8|8|8|8|8|9|9
43306,8,False,8,0,8,8|8|8|8|8|8|8|8|8|8
43310,8,False,8,5,-1,8|8|8|9|9|9|8|9|9|8
43315,8,False,8,0,8,8|8|8|8|8|8|8|8|8|8
43321,8,False,8,9,7,8|0|7|0|0|6|7|6|7|7
43333,8,False,8,5,-1,9|8|9|8|8|9|8|8|9|9
43337,8,False,8,1,8,8|8|8|8|8|8|8|0|8|8
43342,8,False,8,0,8,8|8|8|8|8|8|8|8|8|8
43346,8,False,8,0,8,8|8|8|8|8|8|8|8|8|8
43348,8,False,8,0,8,8|8|8|8|8|8|8|8|8|8
43375,8,False,8,0,8,8|8|8|8|8|8|8|8|8|8
43380,8,False,8,0,8,8|8|8|8|8|8|8|8|8|8
43395,8,False,8,7,0,0|8|8|8|0|0|0|0|0|9
43400,8,False,8,0,8,8|8|8|8|8|8|8|8|8|8
43415,8,False,8,10,9,9|9|9|9|9|9|9|9|9|9
43426,8,False,8,9,9,8|9|9|9|9|9|9|9|9|9
43445,8,False,8,10,9,0|9|9|0|9|9|9|0|0|9
43448,8,False,8,3,8,9|8|8|8|8|9|0|8|8|8
43453,8,False,8,4,8,8|8|0|0|0|8|0|8|8|8
43459,8,False,8,0,8,8|8|8|8|8|8|8|8|8|8
43462,8,False,8,0,8,8|8|8|8|8|8|8|8|8|8
43500,8,False,8,0,8,8|8|8|8|8|8|8|8|8|8
43515,8,False,8,7,9,0|8|3|9|9|9|9|8|9|8
43527,8,False,8,0,8,8|8|8|8|8|8|8|8|8|8
43538,8,False,8,10,9,9|9|9|9|9|9|9|9|9|9
43548,8,False,8,2,8,8|8|8|8|8|8|8|9|7|8
43551,8,False,8,6,9,9|8|9|8|8|9|8|9|9|9
43556,8,False,8,0,8,8|8|8|8|8|8|8|8|8|8
43584,8,False,8,0,8,8|8|8|8|8|8|8|8|8|8
43593,8,False,8,0,8,8|8|8|8|8|8|8|8|8|8
43594,8,False,8,10,1,1|1|0|0|1|1|1|1|1|1
43598,8,False,8,0,8,8|8|8|8|8|8|8|8|8|8
43599,8,False,8,0,8,8|8|8|8|8|8|8|8|8|8
43624,8,False,8,7,9,9|8|9|0|0|8|8|9|9|0
43631,8,False,8,10,9,9|9|9|9|9|9|9|9|9|9
43633,8,False,8,2,8,8|8|8|9|8|8|8|8|9|8
43655,8,False,8,1,8,8|8|8|8|8|8|8|8|9|8
43675,8,False,8,4,8,8|9|8|8|8|9|9|9|8|8
43690,8,False,8,0,8,8|8|8|8|8|8|8|8|8|8
43699,8,False,8,9,9,9|8|9|9|9|9|9|9|9|9
43703,8,False,8,6,-1,8|8|9|8|0|8|0|0|9|0
43720,8,False,8,6,-1,0|8|0|8|8|0|8|0|9|9
43730,8,False,8,0,8,8|8|8|8|8|8|8|8|8|8
43736,8,False,8,10,9,9|9|9|9|9|9|9|9|9|9
43740,8,False,8,10,2,2|2|2|3|2|2|2|3|2|3
43743,8,False,8,0,8,8|8|8|8|8|8|8|8|8|8
43763,8,False,8,0,8,8|8|8|8|8|8|8|8|8|8
43766,8,False,8,0,8,8|8|8|8|8|8|8|8|8|8
43777,8,False,8,10,9,9|9|9|9|9|9|9|9|9|9
43778,8,False,8,0,8,8|8|8|8|8|8|8|8|8|8
43782,8,False,8,0,8,8|8|8|8|8|8|8|8|8|8
43787,8,False,8,0,8,8|8|8|8|8|8|8|8|8|8
43801,8,False,8,0,8,8|8|8|8|8|8|8|8|8|8
43848,8,False,8,0,8,8|8|8|8|8|8|8|8|8|8
43851,8,False,8,4,8,8|8|8|9|8|9|8|9|9|8
43864,8,False,8,0,8,8|8|8|8|8|8|8|8|8|8
43868,8,False,8,0,8,8|8|8|8|8|8|8|8|8|8
43870,8,False,8,0,8,8|8|8|8|8|8|8|8|8|8
43883,8,False,8,0,8,8|8|8|8|8|8|8|8|8|8
43885,8,False,8,1,8,8|8|8|8|8|8|8|8|8|9
43897,8,False,8,3,8,8|8|8|8|9|9|8|8|8|9
43901,8,False,8,1,8,8|5|8|8|8|8|8|8|8|8
43904,8,False,8,0,8,8|8|8|8|8|8|8|8|8|8
43911,8,False,8,0,8,8|8|8|8|8|8|8|8|8|8
43920,8,False,8,0,8,8|8|8|8|8|8|8|8|8|8
43929,8,False,8,3,8,8|8|8|8|9|9|8|8|8|9
43945,8,False,8,3,8,8|9|8|9|8|9|8|8|8|8
43956,8,False,8,0,8,8|8|8|8|8|8|8|8|8|8
43964,8,False,8,0,8,8|8|8|8|8|8|8|8|8|8
43966,8,False,8,10,0,0|0|0|0|0|0|0|0|0|0
43992,8,False,8,1,8,8|8|8|2|8|8|8|8|8|8
44005,8,False,8,1,8,8|8|9|8|8|8|8|8|8|8
44011,8,False,8,10,9,9|9|9|9|9|9|9|9|9|9
44013,8,False,8,5,-1,9|8|9|8|8|8|8|9|9|9
44024,8,False,8,6,9,7|8|8|9|9|9|9|9|8|8
44027,8,False,8,0,8,8|8|8|8|8|8|8|8|8|8
44047,8,False,8,0,8,8|8|8|8|8|8|8|8|8|8
44058,8,False,8,0,8,8|8|8|8|8|8|8|8|8|8
44122,8,False,8,10,9,9|9|9|9|9|9|9|9|9|9
44140,8,False,8,0,8,8|8|8|8|8|8|8|8|8|8
44150,8,False,8,8,9,9|9|9|8|9|9|8|9|9|9
44172,8,False,8,0,8,8|8|8|8|8|8|8|8|8|8
44197,8,False,8,0,8,8|8|8|8|8|8|8|8|8|8
44199,8,False,8,3,8,8|8|9|8|9|8|8|8|9|8
44208,8,False,8,0,8,8|8|8|8|8|8|8|8|8|8
44223,8,False,8,10,9,9|9|9|9|9|9|9|9|9|9
44232,8,False,8,0,8,8|8|8|8|8|8|8|8|8|8
44247,8,False,8,7,-1,2|2|3|8|9|3|8|3|2|8
44254,8,False,8,5,-1,8|8|8|9|9|9|9|8|9|8
44270,8,False,8,9,9,9|9|9|8|0|9|0|9|9|9
44274,8,False,8,5,-1,8|9|8|8|9|9|9|9|8|8
44293,8,False,8,5,-1,9|9|9|8|8|8|8|9|9|8
44299,8,False,8,4,8,9|8|9|8|8|8|8|9|9|8
44307,8,False,8,1,8,8|8|8|8|8|0|8|8|8|8
44319,8,False,8,0,8,8|8|8|8|8|8|8|8|8|8
44325,8,False,8,2,8,8|8|6|8|8|0|8|8|8|8
44335,8,False,8,0,8,8|8|8|8|8|8|8|8|8|8
44351,8,False,8,4,8,8|0|8|0|0|0|8|8|8|8
44359,8,False,8,9,9,9|9|9|9|8|9|9|9|9|9
44367,8,False,8,0,8,8|8|8|8|8|8|8|8|8|8
44394,8,False,8,3,8,9|8|8|8|8|8|8|9|9|8
44397,8,False,8,0,8,8|8|8|8|8|8|8|8|8|8
44403,8,False,8,0,8,8|8|8|8|8|8|8|8|8|8
44417,8,False,8,0,8,8|8|8|8|8|8|8|8|8|8
44419,8,False,8,1,8,8|8|8|8|6|8|8|8|8|8
44425,8,False,8,0,8,8|8|8|8|8|8|8|8|8|8
44428,8,False,8,1,8,8|8|8|8|8|8|8|9|8|8
44436,8,False,8,2,8,8|8|8|8|9|8|8|9|8|8
44471,8,False,8,0,8,8|8|8|8|8|8|8|8|8|8
44478,8,False,8,7,9,8|9|8|9|9|9|9|9|9|8
44492,8,False,8,0,8,8|8|8|8|8|8|8|8|8|8
44520,8,False,8,6,8,8|9|8|0|0|0|8|9|8|9
44530,8,False,8,0,8,8|8|8|8|8|8|8|8|8|8
44552,8,False,8,0,8,8|8|8|8|8|8|8|8|8|8
44568,8,False,8,0,8,8|8|8|8|8|8|8|8|8|8
44575,8,False,8,0,8,8|8|8|8|8|8|8|8|8|8
44576,8,False,8,9,9,9|9|8|9|9|9|9|9|9|9
44604,8,False,8,5,8,8|8|9|8|8|9|8|0|0|9
44616,8,False,8,0,8,8|8|8|8|8|8|8|8|8|8
44624,8,False,8,5,-1,9|8|9|9|8|8|9|8|8|9
44655,8,False,8,0,8,8|8|8|8|8|8|8|8|8|8
44664,8,False,8,2,8,8|8|8|8|8|9|8|8|9|8
44665,8,False,8,0,8,8|8|8|8|8|8|8|8|8|8
44683,8,False,8,0,8,8|8|8|8|8|8|8|8|8|8
44688,8,False,8,1,8,8|8|8|8|8|8|9|8|8|8
44703,8,False,8,1,8,8|8|8|8|9|8|8|8|8|8
44711,8,False,8,0,8,8|8|8|8|8|8|8|8|8|8
44720,8,False,8,7,0,0|8|8|0|0|0|0|0|8|0
44721,8,False,8,0,8,8|8|8|8|8|8|8|8|8|8
44722,8,False,8,2,8,8|8|8|8|8|8|8|8|9|9
44728,8,False,8,0,8,8|8|8|8|8|8|8|8|8|8
44730,8,False,8,1,8,8|8|9|8|8|8|8|8|8|8
44738,8,False,8,10,0,0|0|0|0|0|0|0|0|0|0
44752,8,False,8,7,7,6|8|8|7|7|9|8|7|2|7
44758,8,False,8,7,0,8|0|0|0|8|8|0|0|0|0
44760,8,False,8,0,8,8|8|8|8|8|8|8|8|8|8
44765,8,False,8,1,8,8|8|8|8|9|8|8|8|8|8
44780,8,False,8,8,9,9|9|9|8|8|3|9|9|0|0
44793,8,False,8,0,8,8|8|8|8|8|8|8|8|8|8
44809,8,False,8,3,8,8|8|8|8|8|9|8|0|0|8
44829,8,False,8,0,8,8|8|8|8|8|8|8|8|8|8
44831,8,False,8,0,8,8|8|8|8|8|8|8|8|8|8
44833,8,False,8,6,-1,9|3|9|8|8|8|9|8|3|9
44859,8,False,8,0,8,8|8|8|8|8|8|8|8|8|8
44862,8,False,8,0,8,8|8|8|8|8|8|8|8|8|8
44863,8,False,8,1,8,8|8|8|8|8|8|8|8|8|9
44872,8,False,8,0,8,8|8|8|8|8|8|8|8|8|8
44877,8,False,8,3,8,8|8|8|8|9|8|9|8|8|9
44881,8,False,8,0,8,8|8|8|8|8|8|8|8|8|8
44904,8,False,8,0,8,8|8|8|8|8|8|8|8|8|8
44915,8,False,8,10,2,2|2|3|2|2|2|3|3|2|1
44918,8,False,8,0,8,8|8|8|8|8|8|8|8|8|8
44933,8,False,8,1,8,8|8|8|8|8|8|8|8|0|8
44935,8,False,8,0,8,8|8|8|8|8|8|8|8|8|8
44941,8,False,8,5,8,8|8|9|4|4|5|4|8|8|8
44942,8,False,8,1,8,8|8|8|8|8|8|8|8|9|8
44950,8,False,8,8,0,9|0|0|0|0|0|8|0|0|8
44951,8,False,8,4,8,8|9|8|8|8|9|9|8|8|9
44954,8,False,8,9,9,9|9|9|9|8|9|9|9|9|9
44967,8,False,8,10,9,9|9|9|9|9|9|2|9|3|9
44972,8,False,8,10,9,9|9|9|9|9|9|9|9|9|9
44977,8,False,8,3,8,8|8|8|9|9|8|8|9|8|8
44981,8,False,8,0,8,8|8|8|8|8|8|8|8|8|8
44983,8,False,8,0,8,8|8|8|8|8|8|8|8|8|8
45002,8,False,8,0,8,8|8|8|8|8|8|8|8|8|8
45006,8,False,8,3,8,8|8|8|8|9|8|8|9|9|8
45012,8,False,8,3,8,9|8|8|8|8|8|8|9|9|8
45020,8,False,8,0,8,8|8|8|8|8|8|8|8|8|8
45021,8,False,8,0,8,8|8|8|8|8|8|8|8|8|8
45027,8,False,8,4,8,9|8|9|8|8|9|8|8|8|9
45031,8,False,8,9,9,9|9|9|9|9|9|9|8|9|9
45033,8,False,8,1,8,8|8|8|8|8|8|8|8|8|9
45039,8,False,8,0,8,8|8|8|8|8|8|8|8|8|8
45044,8,False,8,0,8,8|8|8|8|8|8|8|8|8|8
45056,8,False,8,9,9,8|9|9|9|9|9|9|9|9|9
45063,8,False,8,9,9,9|9|9|9|9|9|9|9|8|9
45066,8,False,8,0,8,8|8|8|8|8|8|8|8|8|8
45076,8,False,8,8,-1,0|9|8|8|9|9|9|0|0|0
45085,8,False,8,0,8,8|8|8|8|8|8|8|8|8|8
45098,8,False,8,0,8,8|8|8|8|8|8|8|8|8|8
45118,8,False,8,0,8,8|8|8|8|8|8|8|8|8|8
45122,8,False,8,10,0,0|0|0|0|0|0|0|5|4|0
45126,8,False,8,0,8,8|8|8|8|8|8|8|8|8|8
45127,8,False,8,5,8,5|8|0|5|8|8|8|5|8|3
45132,8,False,8,1,8,8|8|9|8|8|8|8|8|8|8
45136,8,False,8,1,8,8|8|8|8|8|9|8|8|8|8
45140,8,False,8,8,0,9|8|0|8|0|0|0|9|0|0
45175,8,False,8,10,2,0|2|2|2|2|5|5|4|5|4
45191,9,False,9,0,9,9|9|9|9|9|9|9|9|9|9
45197,9,False,9,0,9,9|9|9|9|9|9|9|9|9|9
45201,9,False,9,0,9,9|9|9|9|9|9|9|9|9|9
45204,9,False,9,0,9,9|9|9|9|9|9|9|9|9|9
45207,9,False,9,10,8,8|8|8|8|8|8|8|8|8|8
45211,9,False,9,2,9,9|9|9|8|9|9|9|8|9|9
45234,9,False,9,0,9,9|9|9|9|9|9|9|9|9|9
45236,9,False,9,0,9,9|9|9|9|9|9|9|9|9|9
45240,9,False,9,2,9,9|8|9|9|9|9|9|2|9|9
45243,9,False,9,0,9,9|9|9|9|9|9|9|9|9|9
45262,9,False,9,0,9,9|9|9|9|9|9|9|9|9|9
45273,9,False,9,10,8,8|8|8|8|8|8|8|8|8|8
45278,9,False,9,1,9,8|9|9|9|9|9|9|9|9|9
45283,9,False,9,4,9,9|8|8|8|9|9|8|9|9|9
45290,9,False,9,0,9,9|9|9|9|9|9|9|9|9|9
45302,9,False,9,0,9,9|9|9|9|9|9|9|9|9|9
45307,9,False,9,7,8,8|9|8|8|8|9|9|8|8|8
45309,9,False,9,0,9,9|9|9|9|9|9|9|9|9|9
45315,9,False,9,1,9,9|8|9|9|9|9|9|9|9|9
45330,9,False,9,10,8,8|8|8|8|8|8|8|8|8|8
45337,9,False,9,8,8,8|8|8|8|0|9|8|8|0|9
45340,9,False,9,1,9,9|9|9|9|9|8|9|9|9|9
45349,9,False,9,1,9,9|9|9|9|9|9|8|9|9|9
45350,9,False,9,3,9,9|8|9|9|9|8|9|9|9|8
45351,9,False,9,0,9,9|9|9|9|9|9|9|9|9|9
45352,9,False,9,1,9,9|9|8|9|9|9|9|9|9|9
45357,9,False,9,0,9,9|9|9|9|9|9|9|9|9|9
45361,9,False,9,2,9,9|9|9|0|9|9|9|6|9|9
45362,9,False,9,0,9,9|9|9|9|9|9|9|9|9|9
45368,9,False,9,0,9,9|9|9|9|9|9|9|9|9|9
45370,9,False,9,2,9,9|9|9|9|9|0|9|9|9|0
45371,9,False,9,9,8,8|8|8|8|8|8|8|9|8|8
45391,9,False,9,0,9,9|9|9|9|9|9|9|9|9|9
45411,9,False,9,0,9,9|9|9|9|9|9|9|9|9|9
45426,9,False,9,1,9,9|9|9|9|9|9|9|9|8|9
45428,9,False,9,0,9,9|9|9|9|9|9|9|9|9|9
45430,9,False,9,9,8,8|8|8|8|8|8|8|8|8|9
45466,9,False,9,0,9,9|9|9|9|9|9|9|9|9|9
45495,9,False,9,10,8,0|8|8|8|8|8|8|0|0|8
45501,9,False,9,9,8,8|8|9|8|8|8|8|8|8|8
45520,9,False,9,0,9,9|9|9|9|9|9|9|9|9|9
45547,9,False,9,8,8,9|8|9|8|8|8|8|8|8|8
45563,9,False,9,0,9,9|9|9|9|9|9|9|9|9|9
45572,9,False,9,1,9,9|9|8|9|9|9|9|9|9|9
45575,9,False,9,0,9,9|9|9|9|9|9|9|9|9|9
45578,9,False,9,0,9,9|9|9|9|9|9|9|9|9|9
45601,9,False,9,1,9,9|9|9|9|9|9|9|8|9|9
45604,9,False,9,0,9,9|9|9|9|9|9|9|9|9|9
45641,9,False,9,3,9,9|9|0|8|9|9|9|9|9|0
45644,9,False,9,1,9,9|9|9|9|9|9|8|9|9|9
45676,9,False,9,8,8,8|9|8|8|8|8|8|8|8|9
45699,9,False,9,0,9,9|9|9|9|9|9|9|9|9|9
45705,9,False,9,0,9,9|9|9|9|9|9|9|9|9|9
45725,9,False,9,0,9,9|9|9|9|9|9|9|9|9|9
45731,9,False,9,0,9,9|9|9|9|9|9|9|9|9|9
45737,9,False,9,0,9,9|9|9|9|9|9|9|9|9|9
45751,9,False,9,6,8,9|8|8|8|8|6|9|9|9|8
45753,9,False,9,10,8,8|8|8|8|8|8|8|8|8|8
45759,9,False,9,1,9,9|9|9|9|9|9|9|8|9|9
45775,9,False,9,0,9,9|9|9|9|9|9|9|9|9|9
45796,9,False,9,0,9,9|9|9|9|9|9|9|9|9|9
45797,9,False,9,10,8,8|8|8|8|8|8|8|8|8|8
45799,9,False,9,7,8,8|8|9|0|9|9|0|0|8|8
45804,9,False,9,0,9,9|9|9|9|9|9|9|9|9|9
45806,9,False,9,1,9,9|9|9|9|9|9|9|9|9|8
45814,9,False,9,3,9,8|9|8|9|9|9|9|8|9|9
45816,9,False,9,0,9,9|9|9|9|9|9|9|9|9|9
45820,9,False,9,2,9,8|9|8|9|9|9|9|9|9|9
45833,9,False,9,1,9,9|7|9|9|9|9|9|9|9|9
45834,9,False,9,9,8,0|0|8|8|0|8|8|0|9|8
45857,9,False,9,1,9,9|9|9|9|9|8|9|9|9|9
45864,9,False,9,0,9,9|9|9|9|9|9|9|9|9|9
45870,9,False,9,10,1,1|1|8|0|1|0|0|0|1|1
45873,9,False,9,8,0,0|8|0|0|9|0|0|8|9|0
45877,9,False,9,0,9,9|9|9|9|9|9|9|9|9|9
45879,9,False,9,10,8,8|8|8|8|8|8|8|8|8|8
45880,9,False,9,10,6,7|6|6|6|6|7|7|6|6|7
45890,9,False,9,7,0,0|9|0|0|0|0|0|0|9|9
45893,9,False,9,9,8,8|8|8|8|8|8|8|9|8|8
45902,9,False,9,9,8,0|8|8|8|8|8|8|8|9|8
45926,9,False,9,0,9,9|9|9|9|9|9|9|9|9|9
45933,9,False,9,0,9,9|9|9|9|9|9|9|9|9|9
45946,9,False,9,1,9,9|9|9|9|9|9|9|8|9|9
45957,9,False,9,0,9,9|9|9|9|9|9|9|9|9|9
45987,9,False,9,8,6,6|8|9|0|9|6|0|6|8|6
45991,9,False,9,0,9,9|9|9|9|9|9|9|9|9|9
45993,9,False,9,0,9,9|9|9|9|9|9|9|9|9|9
46002,9,False,9,1,9,9|9|9|9|9|9|9|8|9|9
46009,9,False,9,4,9,0|9|9|9|9|9|0|8|9|0
46017,9,False,9,7,8,8|8|8|8|9|9|9|0|8|0
46023,9,False,9,2,9,9|9|8|9|9|9|9|8|9|9
46038,9,False,9,1,9,8|9|9|9|9|9|9|9|9|9
46040,9,False,9,10,0,0|0|0|0|0|0|0|0|1|0
46041,9,False,9,0,9,9|9|9|9|9|9|9|9|9|9
46063,9,False,9,0,9,9|9|9|9|9|9|9|9|9|9
46081,9,False,9,0,9,9|9|9|9|9|9|9|9|9|9
46097,9,False,9,10,8,8|8|8|8|8|8|8|8|8|8
46101,9,False,9,4,9,9|8|5|9|9|8|9|9|0|9
46107,9,False,9,1,9,9|9|9|8|9|9|9|9|9|9
46124,9,False,9,7,6,6|6|6|9|6|9|2|8|9|6
46125,9,False,9,5,-1,8|9|8|9|9|9|9|8|8|8
46127,9,False,9,0,9,9|9|9|9|9|9|9|9|9|9
46155,9,False,9,1,9,9|9|9|9|9|9|9|8|9|9
46156,9,False,9,0,9,9|9|9|9|9|9|9|9|9|9
46164,9,False,9,0,9,9|9|9|9|9|9|9|9|9|9
46168,9,False,9,1,9,9|9|9|8|9|9|9|9|9|9
46203,9,False,9,0,9,9|9|9|9|9|9|9|9|9|9
46225,9,False,9,2,9,9|8|9|9|9|9|8|9|9|9
46239,9,False,9,10,6,6|6|0|6|6|6|6|6|6|6
46241,9,False,9,4,9,8|0|9|9|9|9|8|9|0|9
46244,9,False,9,0,9,9|9|9|9|9|9|9|9|9|9
46266,9,False,9,10,8,8|8|8|8|8|8|8|8|8|8
46267,9,False,9,9,0,8|0|0|8|8|9|0|0|0|0
46288,9,False,9,7,8,9|9|8|8|9|8|8|8|8|8
46313,9,False,9,1,9,9|9|9|9|9|9|9|8|9|9
46318,9,False,9,10,8,8|8|8|8|8|8|8|8|8|8
46319,9,False,9,0,9,9|9|9|9|9|9|9|9|9|9
46329,9,False,9,0,9,9|9|9|9|9|9|9|9|9|9
46341,9,False,9,10,8,5|4|4|5|8|8|8|8|7|5
46349,9,False,9,1,9,9|9|9|9|9|9|9|8|9|9
46353,9,False,9,2,9,9|9|8|9|9|9|0|9|9|9
46355,9,False,9,9,8,0|8|8|8|8|8|8|8|8|9
46360,9,False,9,4,9,8|9|8|9|9|8|9|9|8|9
46362,9,False,9,8,-1,0|1|1|1|9|1|0|0|0|9
46375,9,False,9,2,9,9|9|8|9|8|9|9|9|9|9
46378,9,False,9,10,8,8|8|8|8|8|8|8|8|8|8
46382,9,False,9,0,9,9|9|9|9|9|9|9|9|9|9
46389,9,False,9,9,8,9|8|8|8|8|8|8|8|8|8
46395,9,False,9,1,9,9|9|9|9|9|9|8|9|9|9
46404,9,False,9,0,9,9|9|9|9|9|9|9|9|9|9
46417,9,False,9,0,9,9|9|9|9|9|9|9|9|9|9
46438,9,False,9,9,0,5|5|0|8|5|0|9|0|0|8
46452,9,False,9,1,9,9|9|9|9|9|9|9|9|8|9
46457,9,False,9,0,9,9|9|9|9|9|9|9|9|9|9
46471,9,False,9,6,8,9|8|8|8|8|8|9|9|8|9
46472,9,False,9,0,9,9|9|9|9|9|9|9|9|9|9
46478,9,False,9,1,9,9|9|9|8|9|9|9|9|9|9
46480,9,False,9,10,8,8|8|8|8|8|8|8|8|8|8
46488,9,False,9,4,9,9|9|8|8|9|9|8|9|9|8
46492,9,False,9,0,9,9|9|9|9|9|9|9|9|9|9
46498,9,False,9,7,8,8|8|8|8|9|8|9|8|8|9
46509,9,False,9,0,9,9|9|9|9|9|9|9|9|9|9
46513,9,False,9,0,9,9|9|9|9|9|9|9|9|9|9
46528,9,False,9,5,9,9|7|9|9|7|9|8|7|7|9
46539,9,False,9,0,9,9|9|9|9|9|9|9|9|9|9
46557,9,False,9,3,9,9|9|9|9|8|8|9|9|9|8
46588,9,False,9,4,9,9|9|8|9|9|9|8|8|9|8
46595,9,False,9,0,9,9|9|9|9|9|9|9|9|9|9
46600,9,False,9,0,9,9|9|9|9|9|9|9|9|9|9
46614,9,False,9,0,9,9|9|9|9|9|9|9|9|9|9
46617,9,False,9,10,8,8|8|8|8|8|8|8|8|8|8
46622,9,False,9,0,9,9|9|9|9|9|9|9|9|9|9
46627,9,False,9,3,9,9|0|0|9|9|9|0|9|9|9
46637,9,False,9,0,9,9|9|9|9|9|9|9|9|9|9
46656,9,False,9,4,9,8|8|9|9|9|9|9|8|8|9
46660,9,False,9,0,9,9|9|9|9|9|9|9|9|9|9
46671,9,False,9,0,9,9|9|9|9|9|9|9|9|9|9
46703,9,False,9,8,8,8|8|8|9|8|8|9|6|8|8
46707,9,False,9,2,9,8|9|8|9|9|9|9|9|9|9
46710,9,False,9,7,0,9|0|7|9|0|0|0|0|6|9
46712,9,False,9,1,9,9|9|8|9|9|9|9|9|9|9
46713,9,False,9,0,9,9|9|9|9|9|9|9|9|9|9
46735,9,False,9,0,9,9|9|9|9|9|9|9|9|9|9
46739,9,False,9,4,9,0|9|0|9|9|8|9|9|9|8
46746,9,False,9,1,9,9|8|9|9|9|9|9|9|9|9
46747,9,False,9,0,9,9|9|9|9|9|9|9|9|9|9
46751,9,False,9,8,8,8|9|8|8|8|8|8|8|8|9
46760,9,False,9,4,9,8|9|9|9|9|8|9|8|9|8
46763,9,False,9,0,9,9|9|9|9|9|9|9|9|9|9
46771,9,False,9,0,9,9|9|9|9|9|9|9|9|9|9
46778,9,False,9,0,9,9|9|9|9|9|9|9|9|9|9
46784,9,False,9,0,9,9|9|9|9|9|9|9|9|9|9
46790,9,False,9,0,9,9|9|9|9|9|9|9|9|9|9
46814,9,False,9,2,9,9|9|9|9|9|9|9|8|8|9
46820,9,False,9,0,9,9|9|9|9|9|9|9|9|9|9
46826,9,False,9,6,8,9|9|9|8|8|8|9|8|8|8
46827,9,False,9,0,9,9|9|9|9|9|9|9|9|9|9
46835,9,False,9,9,0,0|0|9|0|0|0|0|0|0|0
46839,9,False,9,1,9,9|9|9|9|9|9|9|9|8|9
46854,9,False,9,0,9,9|9|9|9|9|9|9|9|9|9
46883,9,False,9,0,9,9|9|9|9|9|9|9|9|9|9
46892,9,False,9,0,9,9|9|9|9|9|9|9|9|9|9
46897,9,False,9,10,0,0|0|0|0|0|0|0|0|0|0
46906,9,False,9,10,8,8|8|8|8|8|8|8|8|8|8
46913,9,False,9,0,9,9|9|9|9|9|9|9|9|9|9
46914,9,False,9,0,9,9|9|9|9|9|9|9|9|9|9
46916,9,False,9,10,8,8|8|8|8|8|8|8|8|8|8
46925,9,False,9,4,9,9|9|9|9|9|8|8|8|8|9
46931,9,False,9,0,9,9|9|9|9|9|9|9|9|9|9
46944,9,False,9,1,9,8|9|9|9|9|9|9|9|9|9
46958,9,False,9,3,9,8|9|9|9|9|9|9|8|8|9
47023,9,False,9,1,9,9|9|9|9|9|9|9|9|9|8
47037,9,False,9,10,6,6|6|6|6|7|7|7|6|6|6
47038,9,False,9,8,0,9|9|8|0|0|0|8|8|0|0
47043,9,False,9,0,9,9|9|9|9|9|9|9|9|9|9
47053,9,False,9,0,9,9|9|9|9|9|9|9|9|9|9
47060,9,False,9,7,8,8|8|8|8|9|9|8|8|8|9
47064,9,False,9,0,9,9|9|9|9|9|9|9|9|9|9
47069,9,False,9,4,9,8|9|8|9|9|9|9|8|9|8
47075,9,False,9,0,9,9|9|9|9|9|9|9|9|9|9
47077,9,False,9,0,9,9|9|9|9|9|9|9|9|9|9
47093,9,False,9,0,9,9|9|9|9|9|9|9|9|9|9
47126,9,False,9,9,8,8|8|8|8|8|8|8|8|9|8
47136,9,False,9,0,9,9|9|9|9|9|9|9|9|9|9
47145,9,False,9,2,9,9|8|9|9|9|9|9|9|8|9
47156,9,False,9,1,9,9|9|9|9|9|9|9|9|8|9
47157,9,False,9,10,8,8|8|8|8|8|8|8|8|8|8
47163,9,False,9,1,9,9|9|9|9|9|9|9|8|9|9
47165,9,False,9,0,9,9|9|9|9|9|9|9|9|9|9
47170,9,False,9,0,9,9|9|9|9|9|9|9|9|9|9
47177,9,False,9,7,8,9|8|9|8|8|8|8|9|8|8
47189,9,False,9,6,0,0|0|9|0|0|9|9|8|9|0
47194,9,False,9,1,9,9|9|8|9|9|9|9|9|9|9
47197,9,False,9,1,9,8|9|9|9|9|9|9|9|9|9
47217,9,False,9,0,9,9|9|9|9|9|9|9|9|9|9
47220,9,False,9,3,9,9|9|8|9|9|9|9|8|8|9
47229,9,False,9,4,9,9|0|8|8|0|9|9|9|9|9
47237,9,False,9,0,9,9|9|9|9|9|9|9|9|9|9
47247,9,False,9,4,9,9|9|8|0|9|0|9|9|9|8
47248,9,False,9,9,8,8|8|8|8|8|8|8|8|8|9
47259,9,False,9,8,8,9|8|8|8|8|8|8|8|8|9
47277,9,False,9,9,8,8|8|8|8|8|8|8|9|8|8
47284,9,False,9,0,9,9|9|9|9|9|9|9|9|9|9
47294,9,False,9,0,9,9|9|9|9|9|9|9|9|9|9
47309,9,False,9,2,9,9|8|9|9|9|9|8|9|9|9
47324,9,False,9,4,9,9|8|9|8|9|8|8|9|9|9
47353,9,False,9,3,9,9|8|9|9|9|8|8|9|9|9
47360,9,False,9,1,9,9|9|9|9|9|9|9|8|9|9
47364,9,False,9,0,9,9|9|9|9|9|9|9|9|9|9
47370,9,False,9,0,9,9|9|9|9|9|9|9|9|9|9
47397,9,False,9,0,9,9|9|9|9|9|9|9|9|9|9
47398,9,False,9,3,9,9|8|9|9|9|0|9|9|0|9
47425,9,False,9,0,9,9|9|9|9|9|9|9|9|9|9
47434,9,False,9,10,8,8|8|8|8|8|8|8|8|8|8
47448,9,False,9,0,9,9|9|9|9|9|9|9|9|9|9
47464,9,False,9,9,0,8|2|0|0|9|0|0|8|0|0
47481,9,False,9,7,8,8|8|8|8|8|8|8|9|9|9
47491,9,False,9,0,9,9|9|9|9|9|9|9|9|9|9
47495,9,False,9,0,9,9|9|9|9|9|9|9|9|9|9
47541,9,False,9,1,9,9|0|9|9|9|9|9|9|9|9
47547,9,False,9,6,8,8|8|8|8|8|9|8|9|9|9
47551,9,False,9,0,9,9|9|9|9|9|9|9|9|9|9
47556,9,False,9,8,8,7|7|9|8|8|8|8|9|7|0
47564,9,False,9,4,9,8|9|8|8|9|9|8|9|9|9
47569,9,False,9,8,0,6|0|7|0|9|6|0|7|9|0
47604,9,False,9,10,0,0|0|8|0|0|0|0|0|0|0
47610,9,False,9,9,8,8|8|9|8|8|8|8|8|8|8
47620,9,False,9,0,9,9|9|9|9|9|9|9|9|9|9
47624,9,False,9,0,9,9|9|9|9|9|9|9|9|9|9
47633,9,False,9,0,9,9|9|9|9|9|9|9|9|9|9
47661,9,False,9,2,9,9|9|9|9|8|8|9|9|9|9
47667,9,False,9,9,2,3|2|0|3|2|3|2|2|9|2
47681,9,False,9,0,9,9|9|9|9|9|9|9|9|9|9
47682,9,False,9,0,9,9|9|9|9|9|9|9|9|9|9
47687,9,False,9,0,9,9|9|9|9|9|9|9|9|9|9
47713,9,False,9,0,9,9|9|9|9|9|9|9|9|9|9
47716,9,False,9,9,0,0|0|0|0|0|0|2|0|9|0
47726,9,False,9,10,8,8|8|8|8|8|8|8|8|8|8
47728,9,False,9,0,9,9|9|9|9|9|9|9|9|9|9
47732,9,False,9,0,9,9|9|9|9|9|9|9|9|9|9
47744,9,False,9,7,1,9|1|2|1|1|9|1|0|9|1
47753,9,False,9,10,5,5|4|2|5|1|2|8|3|5|0
47763,9,False,9,10,0,0|0|0|0|0|0|0|8|0|0
47771,9,False,9,5,-1,8|9|8|9|9|9|9|8|8|8
47781,9,False,9,1,9,9|9|9|9|9|9|8|9|9|9
47785,9,False,9,0,9,9|9|9|9|9|9|9|9|9|9
47789,9,False,9,0,9,9|9|9|9|9|9|9|9|9|9
47790,9,False,9,7,8,9|8|9|8|8|8|8|8|9|8
47804,9,False,9,0,9,9|9|9|9|9|9|9|9|9|9
47824,9,False,9,6,8,8|8|9|8|8|9|8|8|9|9
47848,9,False,9,4,9,8|9|9|9|9|8|9|8|9|8
47853,9,False,9,5,9,9|9|9|8|8|8|9|0|8|9
47875,9,False,9,9,0,0|0|8|0|0|8|7|8|9|6
47877,9,False,9,2,9,9|9|8|9|9|9|9|9|8|9
47883,9,False,9,6,8,9|9|8|8|8|9|8|8|9|8
47885,9,False,9,6,0,0|9|0|9|0|9|0|0|0|9
47894,9,False,9,0,9,9|9|9|9|9|9|9|9|9|9
47896,9,False,9,0,9,9|9|9|9|9|9|9|9|9|9
47900,9,False,9,0,9,9|9|9|9|9|9|9|9|9|9
47903,9,False,9,0,9,9|9|9|9|9|9|9|9|9|9
47906,9,False,9,3,9,9|2|9|2|9|9|9|9|9|2
47931,9,False,9,5,9,0|9|8|8|9|0|9|9|0|9
47938,9,False,9,7,8,9|8|8|8|9|8|9|8|8|8
47952,9,False,9,4,9,9|8|8|9|9|8|8|9|9|9
47961,9,False,9,0,9,9|9|9|9|9|9|9|9|9|9
47963,9,False,9,1,9,8|9|9|9|9|9|9|9|9|9
47964,9,False,9,0,9,9|9|9|9|9|9|9|9|9|9
47981,9,False,9,4,9,8|8|9|9|9|9|8|8|9|9
47984,9,False,9,0,9,9|9|9|9|9|9|9|9|9|9
47989,9,False,9,0,9,9|9|9|9|9|9|9|9|9|9
47993,9,False,9,2,9,9|9|9|8|9|9|8|9|9|9
48007,9,False,9,3,9,9|9|8|9|8|9|9|8|9|9
48009,9,False,9,0,9,9|9|9|9|9|9|9|9|9|9
48010,9,False,9,1,9,9|9|9|9|9|8|9|9|9|9
48022,9,False,9,10,1,0|1|0|0|1|1|1|1|3|2
48033,9,False,9,10,8,8|8|8|8|8|8|8|8|8|8
48038,9,False,9,8,8,8|9|8|8|9|8|8|8|8|8
48058,9,False,9,0,9,9|9|9|9|9|9|9|9|9|9
48060,9,False,9,1,9,9|9|9|9|8|9|9|9|9|9
48064,9,False,9,0,9,9|9|9|9|9|9|9|9|9|9
48071,9,False,9,7,0,0|9|0|9|0|0|0|0|8|9
48080,9,False,9,0,9,9|9|9|9|9|9|9|9|9|9
48089,9,False,9,0,9,9|9|9|9|9|9|9|9|9|9
48090,9,False,9,7,-1,9|2|9|2|3|8|2|3|9|8
48095,9,False,9,10,6,6|0|8|6|6|6|8|8|6|8
48105,9,False,9,0,9,9|9|9|9|9|9|9|9|9|9
48120,9,False,9,3,9,9|9|6|9|6|9|9|9|9|6
48123,9,False,9,0,9,9|9|9|9|9|9|9|9|9|9
48127,9,False,9,10,0,0|0|0|0|0|0|0|0|0|5
48136,9,False,9,0,9,9|9|9|9|9|9|9|9|9|9
48142,9,False,9,5,-1,9|8|9|8|8|8|8|9|9|9
48148,9,False,9,0,9,9|9|9|9|9|9|9|9|9|9
48149,9,False,9,2,9,9|8|9|9|9|9|9|9|9|6
48160,9,False,9,0,9,9|9|9|9|9|9|9|9|9|9
48164,9,False,9,0,9,9|9|9|9|9|9|9|9|9|9
48166,9,False,9,0,9,9|9|9|9|9|9|9|9|9|9
48167,9,False,9,0,9,9|9|9|9|9|9|9|9|9|9
48200,9,False,9,9,8,8|8|8|8|8|8|8|8|9|8
48202,9,False,9,1,9,9|9|9|9|9|9|7|9|9|9
48224,9,False,9,0,9,9|9|9|9|9|9|9|9|9|9
48232,9,False,9,0,9,9|9|9|9|9|9|9|9|9|9
48239,9,False,9,4,9,9|8|9|9|9|9|8|9|8|8
48242,9,False,9,0,9,9|9|9|9|9|9|9|9|9|9
48265,9,False,9,0,9,9|9|9|9|9|9|9|9|9|9
48280,9,False,9,0,9,9|9|9|9|9|9|9|9|9|9
48286,9,False,9,3,9,0|9|6|9|9|6|9|9|9|9
48296,9,False,9,5,9,9|9|8|9|9|8|8|0|8|9
48324,9,False,9,5,9,9|0|8|9|0|9|9|9|8|0
48328,9,False,9,0,9,9|9|9|9|9|9|9|9|9|9
48333,9,False,9,3,9,8|8|9|9|9|9|8|9|9|9
48354,9,False,9,0,9,9|9|9|9|9|9|9|9|9|9
48356,9,False,9,0,9,9|9|9|9|9|9|9|9|9|9
48363,9,False,9,0,9,9|9|9|9|9|9|9|9|9|9
48369,9,False,9,10,8,8|8|8|8|8|8|8|0|8|8
48376,9,False,9,9,8,8|8|8|8|9|8|8|7|8|8
48402,9,False,9,4,9,8|9|8|9|9|9|9|8|8|9
48408,9,False,9,0,9,9|9|9|9|9|9|9|9|9|9
48414,9,False,9,0,9,9|9|9|9|9|9|9|9|9|9
48425,9,False,9,0,9,9|9|9|9|9|9|9|9|9|9
48442,9,False,9,0,9,9|9|9|9|9|9|9|9|9|9
48479,9,False,9,0,9,9|9|9|9|9|9|9|9|9|9
48480,9,False,9,2,9,9|9|9|9|9|8|8|9|9|9
48514,9,False,9,1,9,9|9|9|9|9|9|9|8|9|9
48520,9,False,9,0,9,9|9|9|9|9|9|9|9|9|9
48537,9,False,9,2,9,7|9|9|9|9|9|9|9|7|9
48539,9,False,9,0,9,9|9|9|9|9|9|9|9|9|9
48545,9,False,9,0,9,9|9|9|9|9|9|9|9|9|9
48546,9,False,9,7,8,8|9|8|8|8|8|9|8|8|9
48582,9,False,9,3,9,9|9|8|9|9|9|0|9|9|8
48587,9,False,9,0,9,9|9|9|9|9|9|9|9|9|9
48624,9,False,9,8,8,8|8|8|8|9|8|8|9|8|8
48630,9,False,9,10,8,8|8|8|8|8|8|8|8|8|8
48632,9,False,9,2,9,9|9|9|8|9|9|9|9|7|9
48633,9,False,9,0,9,9|9|9|9|9|9|9|9|9|9
48636,9,False,9,8,0,0|0|0|9|0|0|0|9|0|0
48645,9,False,9,7,4,4|4|9|4|4|8|8|9|9|5
48664,9,False,9,7,8,9|0|8|8|9|9|0|8|2|8
48666,9,False,9,2,9,9|3|9|9|0|9|9|9|9|9
48668,9,False,9,1,9,9|9|9|9|8|9|9|9|9|9
48669,9,False,9,5,-1,8|8|9|9|9|9|8|8|8|9
48670,9,False,9,4,9,9|9|8|9|9|8|9|8|9|8
48674,9,False,9,2,9,9|9|9|9|9|8|9|9|8|9
48686,9,False,9,10,8,8|8|8|8|8|8|8|8|8|8
48692,9,False,9,0,9,9|9|9|9|9|9|9|9|9|9
48704,9,False,9,5,-1,8|9|8|9|9|9|9|8|8|8
48708,9,False,9,2,9,8|9|9|9|9|9|9|8|9|9
48711,9,False,9,0,9,9|9|9|9|9|9|9|9|9|9
48714,9,False,9,0,9,9|9|9|9|9|9|9|9|9|9
48719,9,False,9,1,9,9|9|9|9|9|9|9|9|9|8
48731,9,False,9,0,9,9|9|9|9|9|9|9|9|9|9
48747,9,False,9,0,9,9|9|9|9|9|9|9|9|9|9
48770,9,False,9,0,9,9|9|9|9|9|9|9|9|9|9
48784,9,False,9,0,9,9|9|9|9|9|9|9|9|9|9
48798,9,False,9,3,9,9|9|9|9|8|8|9|8|9|9
48799,9,False,9,0,9,9|9|9|9|9|9|9|9|9|9
48800,9,False,9,7,8,8|8|8|8|8|8|9|9|8|9
48813,9,False,9,10,3,3|3|3|3|3|3|3|3|3|3
48825,9,False,9,2,9,9|9|8|9|9|9|9|8|9|9
48831,9,False,9,1,9,8|9|9|9|9|9|9|9|9|9
48835,9,False,9,7,8,8|9|8|9|9|8|8|8|8|8
48839,9,False,9,0,9,9|9|9|9|9|9|9|9|9|9
48884,9,False,9,0,9,9|9|9|9|9|9|9|9|9|9
48907,9,False,9,10,8,8|8|2|2|8|8|8|8|2|8
48913,9,False,9,10,8,8|4|8|5|4|4|0|8|8|3
48936,9,False,9,10,8,8|8|8|8|8|8|8|8|8|8
48939,9,False,9,0,9,9|9|9|9|9|9|9|9|9|9
48955,9,False,9,0,9,9|9|9|9|9|9|9|9|9|9
48959,9,False,9,0,9,9|9|9|9|9|9|9|9|9|9
48974,9,False,9,1,9,9|8|9|9|9|9|9|9|9|9
48985,9,False,9,3,9,9|8|9|9|8|9|8|9|9|9
48989,9,False,9,7,8,8|8|9|8|8|9|8|8|8|9
48990,9,False,9,0,9,9|9|9|9|9|9|9|9|9|9
49037,9,False,9,2,9,9|9|9|9|9|9|8|9|8|9
49044,9,False,9,1,9,8|9|9|9|9|9|9|9|9|9
49048,9,False,9,2,9,9|9|9|8|9|9|9|9|0|9
49059,9,False,9,9,8,8|8|8|8|8|8|9|8|8|8
49073,9,False,9,2,9,8|9|9|9|9|9|9|8|9|9
49074,9,False,9,3,9,9|9|9|9|8|8|8|9|9|9
49083,9,False,9,0,9,9|9|9|9|9|9|9|9|9|9
49086,9,False,9,0,9,9|9|9|9|9|9|9|9|9|9
49103,9,False,9,1,9,9|9|8|9|9|9|9|9|9|9
49124,9,False,9,0,9,9|9|9|9|9|9|9|9|9|9
49130,9,False,9,2,9,9|9|9|9|9|8|8|9|9|9
49135,9,False,9,10,8,8|8|8|8|8|8|8|8|8|8
49140,9,False,9,4,9,8|8|9|9|9|9|8|9|9|8
49151,9,False,9,6,-1,6|8|8|9|6|9|6|9|9|6
49155,9,False,9,1,9,8|9|9|9|9|9|9|9|9|9
49160,9,False,9,0,9,9|9|9|9|9|9|9|9|9|9
49173,9,False,9,0,9,9|9|9|9|9|9|9|9|9|9
49195,9,False,9,0,9,9|9|9|9|9|9|9|9|9|9
49219,9,False,9,0,9,9|9|9|9|9|9|9|9|9|9
49248,9,False,9,0,9,9|9|9|9|9|9|9|9|9|9
49266,9,False,9,0,9,9|9|9|9|9|9|9|9|9|9
49296,9,False,9,4,9,9|8|0|8|0|9|9|9|9|9
49305,9,False,9,5,-1,9|9|9|8|9|8|8|9|8|8
49306,9,False,9,0,9,9|9|9|9|9|9|9|9|9|9
49307,9,False,9,3,9,8|9|9|8|9|9|9|8|9|9
49308,9,False,9,0,9,9|9|9|9|9|9|9|9|9|9
49311,9,False,9,0,9,9|9|9|9|9|9|9|9|9|9
49317,9,False,9,0,9,9|9|9|9|9|9|9|9|9|9
49342,9,False,9,2,9,9|9|8|9|9|9|9|8|9|9
49359,9,False,9,0,9,9|9|9|9|9|9|9|9|9|9
49366,9,False,9,3,9,9|9|8|9|9|9|9|8|9|8
49371,9,False,9,0,9,9|9|9|9|9|9|9|9|9|9
49375,9,False,9,1,9,9|9|9|9|9|9|9|9|8|9
49391,9,False,9,0,9,9|9|9|9|9|9|9|9|9|9
49398,9,False,9,0,9,9|9|9|9|9|9|9|9|9|9
49422,9,False,9,2,9,9|9|9|8|8|9|9|9|9|9
49425,9,False,9,9,6,6|6|6|6|6|6|6|7|9|6
49455,9,False,9,0,9,9|9|9|9|9|9|9|9|9|9
49487,9,False,9,0,9,9|9|9|9|9|9|9|9|9|9
49500,9,False,9,0,9,9|9|9|9|9|9|9|9|9|9
49507,9,False,9,2,9,9|9|9|8|8|9|9|9|9|9
49513,9,False,9,3,9,9|9|8|9|8|9|9|8|9|9
49571,9,False,9,9,6,6|6|0|3|3|6|6|9|2|6
49594,9,False,9,0,9,9|9|9|9|9|9|9|9|9|9
49598,9,False,9,0,9,9|9|9|9|9|9|9|9|9|9
49605,9,False,9,0,9,9|9|9|9|9|9|9|9|9|9
49614,9,False,9,0,9,9|9|9|9|9|9|9|9|9|9
49624,9,False,9,6,8,8|8|8|8|9|8|9|9|8|9
49635,9,False,9,8,8,9|8|5|0|8|3|6|0|9|8
49636,9,False,9,7,8,8|9|8|0|0|9|0|8|9|8
49639,9,False,9,6,8,8|8|8|9|9|8|8|8|9|9
49640,9,False,9,0,9,9|9|9|9|9|9|9|9|9|9
49682,9,False,9,10,8,8|8|8|8|8|8|8|8|8|8
49703,9,False,9,0,9,9|9|9|9|9|9|9|9|9|9
49706,9,False,9,1,9,8|9|9|9|9|9|9|9|9|9
49712,9,False,9,1,9,9|9|9|9|9|9|9|9|9|8
49720,9,False,9,0,9,9|9|9|9|9|9|9|9|9|9
49721,9,False,9,1,9,9|9|0|9|9|9|9|9|9|9
49722,9,False,9,0,9,9|9|9|9|9|9|9|9|9|9
49723,9,False,9,0,9,9|9|9|9|9|9|9|9|9|9
49731,9,False,9,0,9,9|9|9|9|9|9|9|9|9|9
49736,9,False,9,0,9,9|9|9|9|9|9|9|9|9|9
49747,9,False,9,10,3,2|3|2|3|3|8|4|3|3|2
49757,9,False,9,8,8,8|9|8|8|8|9|8|8|8|8
49765,9,False,9,7,8,8|9|8|8|9|8|8|8|8|9
49781,9,False,9,0,9,9|9|9|9|9|9|9|9|9|9
49800,9,False,9,9,8,8|8|8|8|8|8|8|8|9|8
49819,9,False,9,0,9,9|9|9|9|9|9|9|9|9|9
49820,9,False,9,0,9,9|9|9|9|9|9|9|9|9|9
49821,9,False,9,10,0,0|0|0|0|0|2|0|0|0|0
49830,9,False,9,0,9,9|9|9|9|9|9|9|9|9|9
49849,9,False,9,0,9,9|9|9|9|9|9|9|9|9|9
49851,9,False,9,6,8,8|9|8|9|9|8|8|8|8|9
49864,9,False,9,0,9,9|9|9|9|9|9|9|9|9|9
49866,9,False,9,0,9,9|9|9|9|9|9|9|9|9|9
49890,9,False,9,0,9,9|9|9|9|9|9|9|9|9|9
49893,9,False,9,0,9,9|9|9|9|9|9|9|9|9|9
49909,9,False,9,5,9,8|7|7|9|7|9|9|9|9|8
49918,9,False,9,8,8,9|8|8|8|9|8|8|8|8|8
49919,9,False,9,5,-1,8|9|9|8|8|9|8|8|9|9
49925,9,False,9,0,9,9|9|9|9|9|9|9|9|9|9
49930,9,False,9,0,9,9|9|9|9|9|9|9|9|9|9
49952,9,False,9,2,9,8|9|8|9|9|9|9|9|9|9
49964,9,False,9,0,9,9|9|9|9|9|9|9|9|9|9
49971,9,False,9,0,9,9|9|9|9|9|9|9|9|9|9
49972,9,False,9,0,9,9|9|9|9|9|9|9|9|9|9
49974,9,False,9,0,9,9|9|9|9|9|9|9|9|9|9
49978,9,False,9,0,9,9|9|9|9|9|9|9|9|9|9
49998,9,False,9,6,8,9|8|9|8|8|9|8|8|8|9
