index,noisy_label,is_noisy,real_label,mistakes,label_pred,preds
4,0,False,0,3,0,0|0|2|2|0|0|0|0|0|2
31,0,False,0,0,0,0|0|0|0|0|0|0|0|0|0
51,0,False,0,2,0,1|0|0|0|0|0|0|0|0|1
52,0,False,0,10,1,1|1|1|1|1|1|1|1|1|1
54,0,False,0,8,1,0|1|1|2|9|1|3|3|0|2
65,0,False,0,5,0,6|0|7|0|0|9|7|0|0|6
88,0,False,0,3,0,0|0|0|0|8|8|0|0|0|9
89,0,False,0,1,0,0|0|0|0|0|0|0|0|0|9
94,0,False,0,4,0,0|0|0|9|0|8|9|0|8|0
107,0,False,0,7,-1,8|5|5|8|8|5|1|0|0|0
111,0,False,0,2,0,0|0|0|0|0|2|0|0|0|2
116,0,False,0,1,0,0|0|0|1|0|0|0|0|0|0
118,0,False,0,3,0,2|0|0|0|0|0|0|3|3|0
123,0,False,0,0,0,0|0|0|0|0|0|0|0|0|0
143,0,False,0,10,9,8|9|9|9|9|9|9|9|9|8
148,0,False,0,0,0,0|0|0|0|0|0|0|0|0|0
151,0,False,0,7,-1,2|9|9|0|8|0|2|0|8|2
154,0,False,0,0,0,0|0|0|0|0|0|0|0|0|0
157,0,False,0,0,0,0|0|0|0|0|0|0|0|0|0
167,0,False,0,0,0,0|0|0|0|0|0|0|0|0|0
173,0,False,0,0,0,0|0|0|0|0|0|0|0|0|0
176,0,False,0,0,0,0|0|0|0|0|0|0|0|0|0
177,0,False,0,7,9,0|9|9|9|9|0|9|9|9|0
194,0,False,0,0,0,0|0|0|0|0|0|0|0|0|0
200,0,False,0,0,0,0|0|0|0|0|0|0|0|0|0
212,0,False,0,0,0,0|0|0|0|0|0|0|0|0|0
214,0,False,0,0,0,0|0|0|0|0|0|0|0|0|0
226,0,False,0,6,-1,0|0|2|1|8|8|8|0|8|0
238,0,False,0,6,0,5|0|0|0|5|4|7|8|5|0
252,0,False,0,0,0,0|0|0|0|0|0|0|0|0|0
253,0,False,0,0,0,0|0|0|0|0|0|0|0|0|0
254,0,False,0,9,1,1|5|5|0|1|1|5|5|1|1
262,0,False,0,1,0,0|0|0|0|0|2|0|0|0|0
265,0,False,0,9,5,5|5|4|5|0|1|5|5|4|5
276,0,False,0,0,0,0|0|0|0|0|0|0|0|0|0
280,0,False,0,3,0,0|0|0|0|1|1|0|0|1|0
290,0,False,0,0,0,0|0|0|0|0|0|0|0|0|0
291,0,False,0,1,0,0|0|0|0|0|2|0|0|0|0
293,0,False,0,0,0,0|0|0|0|0|0|0|0|0|0
301,0,False,0,2,0,9|0|0|0|9|0|0|0|0|0
307,0,False,0,0,0,0|0|0|0|0|0|0|0|0|0
333,0,False,0,0,0,0|0|0|0|0|0|0|0|0|0
360,0,False,0,1,0,2|0|0|0|0|0|0|0|0|0
369,0,False,0,8,4,4|0|4|4|4|4|0|4|4|4
371,0,False,0,10,5,5|4|5|4|5|4|5|5|5|4
374,0,False,0,0,0,0|0|0|0|0|0|0|0|0|0
415,0,False,0,10,1,1|1|1|1|1|1|1|1|1|1
418,0,False,0,0,0,0|0|0|0|0|0|0|0|0|0
440,0,False,0,0,0,0|0|0|0|0|0|0|0|0|0
443,0,False,0,7,-1,6|6|3|0|7|0|7|6|2|0
456,0,False,0,1,0,0|3|0|0|0|0|0|0|0|0
467,0,False,0,4,0,0|0|1|0|0|1|1|0|1|0
475,0,False,0,0,0,0|0|0|0|0|0|0|0|0|0
477,0,False,0,1,0,0|0|0|0|0|0|0|1|0|0
501,0,False,0,9,9,6|0|9|9|8|8|9|8|9|9
585,0,False,0,3,0,0|0|0|0|0|0|2|8|3|0
587,0,False,0,3,0,0|5|0|0|5|0|0|5|0|0
610,0,False,0,0,0,0|0|0|0|0|0|0|0|0|0
617,0,False,0,10,1,1|1|1|1|1|1|1|1|1|1
636,0,False,0,4,0,1|0|0|1|0|0|1|1|0|0
660,0,False,0,0,0,0|0|0|0|0|0|0|0|0|0
664,0,False,0,0,0,0|0|0|0|0|0|0|0|0|0
682,0,False,0,2,0,0|8|9|0|0|0|0|0|0|0
685,0,False,0,2,0,0|0|0|1|0|1|0|0|0|0
687,0,False,0,10,1,1|1|1|1|1|1|1|1|1|1
695,0,False,0,2,0,0|0|8|0|8|0|0|0|0|0
697,0,False,0,0,0,0|0|0|0|0|0|0|0|0|0
699,0,False,0,8,1,1|1|1|1|1|0|1|1|1|0
722,0,False,0,0,0,0|0|0|0|0|0|0|0|0|0
731,0,False,0,1,0,0|0|0|0|0|0|0|1|0|0
733,0,False,0,0,0,0|0|0|0|0|0|0|0|0|0
737,0,False,0,4,0,0|8|8|8|8|0|0|0|0|0
746,0,False,0,8,8,0|8|9|9|8|8|8|0|8|9
752,0,False,0,0,0,0|0|0|0|0|0|0|0|0|0
762,0,False,0,10,-1,4|1|5|1|5|4|4|4|1|1
769,0,False,0,1,0,0|0|0|0|0|0|0|0|1|0
772,0,False,0,0,0,0|0|0|0|0|0|0|0|0|0
773,0,False,0,1,0,8|0|0|0|0|0|0|0|0|0
774,0,False,0,2,0,0|0|4|0|0|0|0|0|4|0
779,0,False,0,10,-1,1|1|4|5|5|4|5|5|4|4
796,0,False,0,7,8,8|1|8|8|0|1|0|8|0|8
804,0,False,0,0,0,0|0|0|0|0|0|0|0|0|0
814,0,False,0,4,0,0|0|9|0|8|9|0|0|0|9
832,0,False,0,9,3,4|3|1|3|0|2|3|4|3|4
837,0,False,0,7,8,9|8|0|9|8|8|0|8|8|0
859,0,False,0,6,1,0|1|1|1|1|0|0|0|1|1
879,0,False,0,4,0,3|0|4|0|0|0|0|3|0|4
897,0,False,0,8,3,3|3|3|3|0|3|0|3|3|3
903,0,False,0,10,-1,5|5|3|3|3|5|3|5|3|5
908,0,False,0,3,0,2|0|0|0|0|1|0|0|5|0
918,0,False,0,2,0,0|0|8|0|0|0|0|0|8|0
923,0,False,0,7,-1,2|8|8|0|9|3|0|9|0|9
930,0,False,0,4,0,0|1|0|1|0|1|0|1|0|0
952,0,False,0,6,2,0|0|2|2|3|2|0|2|2|0
982,0,False,0,9,1,1|1|1|1|0|1|1|1|3|1
1054,0,False,0,1,0,0|0|0|0|0|0|0|5|0|0
1064,0,False,0,0,0,0|0|0|0|0|0|0|0|0|0
1067,0,False,0,0,0,0|0|0|0|0|0|0|0|0|0
1075,0,False,0,1,0,0|0|0|3|0|0|0|0|0|0
1078,0,False,0,4,0,0|0|1|0|0|0|1|0|1|1
1087,0,False,0,10,9,9|9|8|9|8|8|9|9|9|8
1095,0,False,0,0,0,0|0|0|0|0|0|0|0|0|0
1123,0,False,0,1,0,0|0|0|0|0|0|9|0|0|0
1124,0,False,0,8,-1,0|1|1|2|0|2|1|2|2|1
1127,0,False,0,1,0,0|0|0|0|0|9|0|0|0|0
1136,0,False,0,2,0,0|8|0|0|8|0|0|0|0|0
1148,0,False,0,10,1,1|3|3|2|1|2|3|1|1|2
1149,0,False,0,0,0,0|0|0|0|0|0|0|0|0|0
1153,0,False,0,9,1,1|1|1|1|1|3|0|1|3|1
1157,0,False,0,0,0,0|0|0|0|0|0|0|0|0|0
1158,0,False,0,10,3,3|3|3|3|3|3|3|3|3|3
1161,0,False,0,0,0,0|0|0|0|0|0|0|0|0|0
1163,0,False,0,3,0,6|4|0|0|0|0|0|0|0|6
1168,0,False,0,0,0,0|0|0|0|0|0|0|0|0|0
1172,0,False,0,10,3,3|3|1|3|1|3|4|1|3|4
1200,0,False,0,0,0,0|0|0|0|0|0|0|0|0|0
1204,0,False,0,1,0,0|0|0|0|0|0|0|0|3|0
1234,0,False,0,0,0,0|0|0|0|0|0|0|0|0|0
1244,0,False,0,10,1,1|1|1|1|1|1|1|1|1|1
1245,0,False,0,8,-1,7|2|7|2|0|7|2|0|2|7
1246,0,False,0,4,0,9|9|0|0|0|0|9|0|0|9
1248,0,False,0,10,2,1|1|2|2|1|2|1|2|2|2
1250,0,False,0,0,0,0|0|0|0|0|0|0|0|0|0
1268,0,False,0,1,0,0|0|0|9|0|0|0|0|0|0
1280,0,False,0,0,0,0|0|0|0|0|0|0|0|0|0
1282,0,False,0,10,8,8|8|8|8|8|8|7|8|8|8
1296,0,False,0,8,1,0|1|0|1|2|1|1|1|1|2
1321,0,False,0,0,0,0|0|0|0|0|0|0|0|0|0
1323,0,False,0,0,0,0|0|0|0|0|0|0|0|0|0
1333,0,False,0,0,0,0|0|0|0|0|0|0|0|0|0
1338,0,False,0,0,0,0|0|0|0|0|0|0|0|0|0
1354,0,False,0,0,0,0|0|0|0|0|0|0|0|0|0
1394,0,False,0,0,0,0|0|0|0|0|0|0|0|0|0
1395,0,False,0,0,0,0|0|0|0|0|0|0|0|0|0
1407,0,False,0,9,6,6|6|0|6|6|6|6|6|6|6
1408,0,False,0,0,0,0|0|0|0|0|0|0|0|0|0
1416,0,False,0,3,0,0|1|3|0|0|0|3|0|0|0
1423,0,False,0,0,0,0|0|0|0|0|0|0|0|0|0
1436,0,False,0,1,0,0|0|0|0|1|0|0|0|0|0
1455,0,False,0,3,0,3|0|0|3|0|0|0|0|1|0
1463,0,False,0,0,0,0|0|0|0|0|0|0|0|0|0
1468,0,False,0,1,0,0|0|0|0|0|0|0|0|0|3
1470,0,False,0,3,0,0|0|0|1|0|1|0|1|0|0
1493,0,False,0,0,0,0|0|0|0|0|0|0|0|0|0
1506,0,False,0,9,8,8|8|8|8|8|8|0|8|8|8
1509,0,False,0,0,0,0|0|0|0|0|0|0|0|0|0
1523,0,False,0,0,0,0|0|0|0|0|0|0|0|0|0
1524,0,False,0,1,0,0|0|0|0|0|2|0|0|0|0
1530,0,False,0,10,6,1|1|4|6|6|6|6|6|1|2
1531,0,False,0,5,-1,9|9|0|9|9|0|9|0|0|0
1555,0,False,0,0,0,0|0|0|0|0|0|0|0|0|0
1565,0,False,0,1,0,0|0|1|0|0|0|0|0|0|0
1575,0,False,0,0,0,0|0|0|0|0|0|0|0|0|0
1579,0,False,0,0,0,0|0|0|0|0|0|0|0|0|0
1588,0,False,0,0,0,0|0|0|0|0|0|0|0|0|0
1603,0,False,0,7,4,2|4|4|4|0|4|4|0|0|4
1605,0,False,0,0,0,0|0|0|0|0|0|0|0|0|0
1608,0,False,0,4,0,0|9|0|6|0|0|0|0|6|6
1611,0,False,0,0,0,0|0|0|0|0|0|0|0|0|0
1612,0,False,0,0,0,0|0|0|0|0|0|0|0|0|0
1621,0,False,0,7,9,9|0|9|1|8|9|0|0|8|9
1628,0,False,0,0,0,0|0|0|0|0|0|0|0|0|0
1641,0,False,0,0,0,0|0|0|0|0|0|0|0|0|0
1674,0,False,0,0,0,0|0|0|0|0|0|0|0|0|0
1690,0,False,0,1,0,0|8|0|0|0|0|0|0|0|0
1705,0,False,0,10,1,1|1|1|1|1|1|1|1|1|1
1708,0,False,0,10,1,1|1|1|1|1|1|1|1|1|1
1711,0,False,0,5,0,8|0|0|8|0|9|0|9|0|9
1713,0,False,0,0,0,0|0|0|0|0|0|0|0|0|0
1722,0,False,0,0,0,0|0|0|0|0|0|0|0|0|0
1727,0,False,0,0,0,0|0|0|0|0|0|0|0|0|0
1728,0,False,0,3,0,0|0|0|0|1|0|0|1|1|0
1729,0,False,0,3,0,8|0|0|0|0|0|0|8|0|8
1731,0,False,0,0,0,0|0|0|0|0|0|0|0|0|0
1736,0,False,0,7,8,8|8|8|0|8|8|0|8|7|0
1737,0,False,0,8,8,8|8|8|8|8|0|8|0|8|8
1752,0,False,0,6,-1,1|0|3|3|0|0|0|3|1|3
1758,0,False,0,6,8,8|0|8|8|8|8|8|0|0|0
1771,0,False,0,0,0,0|0|0|0|0|0|0|0|0|0
1776,0,False,0,4,0,0|0|0|1|0|2|1|0|0|2
1791,0,False,0,1,0,0|0|0|0|0|0|6|0|0|0
1793,0,False,0,8,-1,0|9|9|7|9|9|0|7|7|7
1798,0,False,0,10,2,2|2|2|2|2|2|2|2|2|2
1799,0,False,0,9,8,9|8|8|8|0|8|9|9|8|8
1800,0,False,0,0,0,0|0|0|0|0|0|0|0|0|0
1814,0,False,0,0,0,0|0|0|0|0|0|0|0|0|0
1816,0,False,0,2,0,0|0|0|0|0|0|9|9|0|0
1831,0,False,0,0,0,0|0|0|0|0|0|0|0|0|0
1846,0,False,0,7,2,2|0|2|2|0|2|2|3|2|0
1853,0,False,0,10,-1,6|4|4|2|1|2|1|1|5|4
1864,0,False,0,0,0,0|0|0|0|0|0|0|0|0|0
1879,0,False,0,0,0,0|0|0|0|0|0|0|0|0|0
1886,0,False,0,1,0,0|0|0|0|0|0|0|0|1|0
1894,0,False,0,10,8,9|8|9|8|8|8|2|2|2|9
1898,0,False,0,3,0,0|1|0|1|0|0|1|0|0|0
1899,0,False,0,0,0,0|0|0|0|0|0|0|0|0|0
1902,0,False,0,6,8,8|8|8|0|0|8|2|8|0|0
1915,0,False,0,9,4,5|4|4|5|0|4|4|5|4|5
1919,0,False,0,0,0,0|0|0|0|0|0|0|0|0|0
1927,0,False,0,0,0,0|0|0|0|0|0|0|0|0|0
1952,0,False,0,0,0,0|0|0|0|0|0|0|0|0|0
1962,0,False,0,0,0,0|0|0|0|0|0|0|0|0|0
1964,0,False,0,0,0,0|0|0|0|0|0|0|0|0|0
1973,0,False,0,0,0,0|0|0|0|0|0|0|0|0|0
2020,0,False,0,0,0,0|0|0|0|0|0|0|0|0|0
2033,0,False,0,1,0,0|0|0|0|0|0|0|1|0|0
2043,0,False,0,10,5,5|5|5|5|5|5|5|5|5|5
2044,0,False,0,1,0,0|0|0|0|0|0|0|2|0|0
2047,0,False,0,1,0,0|0|0|0|0|4|0|0|0|0
2051,0,False,0,0,0,0|0|0|0|0|0|0|0|0|0
2055,0,False,0,0,0,0|0|0|0|0|0|0|0|0|0
2056,0,False,0,0,0,0|0|0|0|0|0|0|0|0|0
2058,0,False,0,1,0,0|0|0|0|0|0|1|0|0|0
2062,0,False,0,0,0,0|0|0|0|0|0|0|0|0|0
2063,0,False,0,0,0,0|0|0|0|0|0|0|0|0|0
2066,0,False,0,9,8,3|8|8|8|8|3|3|8|0|3
2074,0,False,0,0,0,0|0|0|0|0|0|0|0|0|0
2109,0,False,0,10,-1,4|4|4|1|1|4|1|4|1|1
2123,0,False,0,4,0,0|1|0|0|1|1|0|0|1|0
2138,0,False,0,2,0,0|0|0|1|0|0|0|0|0|1
2174,0,False,0,10,5,5|5|5|5|5|5|5|5|5|5
2182,0,False,0,10,5,5|5|5|5|5|5|5|5|5|5
2189,0,False,0,8,8,8|8|8|8|8|8|8|8|0|0
2194,0,False,0,10,3,3|1|1|1|3|5|3|3|3|3
2202,0,False,0,0,0,0|0|0|0|0|0|0|0|0|0
2213,0,False,0,0,0,0|0|0|0|0|0|0|0|0|0
2240,0,False,0,0,0,0|0|0|0|0|0|0|0|0|0
2242,0,False,0,0,0,0|0|0|0|0|0|0|0|0|0
2245,0,False,0,0,0,0|0|0|0|0|0|0|0|0|0
2252,0,False,0,0,0,0|0|0|0|0|0|0|0|0|0
2279,0,False,0,4,0,0|1|0|1|0|0|0|2|1|0
2287,0,False,0,0,0,0|0|0|0|0|0|0|0|0|0
2290,0,False,0,0,0,0|0|0|0|0|0|0|0|0|0
2299,0,False,0,2,0,2|8|0|0|0|0|0|0|0|0
2325,0,False,0,0,0,0|0|0|0|0|0|0|0|0|0
2354,0,False,0,0,0,0|0|0|0|0|0|0|0|0|0
2395,0,False,0,0,0,0|0|0|0|0|0|0|0|0|0
2404,0,False,0,4,0,0|0|2|2|0|0|0|2|2|0
2457,0,False,0,0,0,0|0|0|0|0|0|0|0|0|0
2475,0,False,0,8,2,2|2|2|2|2|2|0|2|0|2
2489,0,False,0,2,0,3|0|0|0|0|0|0|7|0|0
2497,0,False,0,2,0,0|0|1|0|0|0|0|0|1|0
2508,0,False,0,0,0,0|0|0|0|0|0|0|0|0|0
2520,0,False,0,5,0,8|9|9|9|0|0|8|0|0|0
2529,0,False,0,0,0,0|0|0|0|0|0|0|0|0|0
2534,0,False,0,5,-1,9|0|0|9|9|0|9|0|9|0
2548,0,False,0,10,2,2|2|1|2|2|2|2|2|1|3
2559,0,False,0,10,1,1|1|1|1|1|1|1|1|1|1
2567,0,False,0,10,1,1|1|1|1|1|1|1|1|1|1
2574,0,False,0,3,0,0|0|0|0|0|1|0|3|0|3
2577,0,False,0,0,0,0|0|0|0|0|0|0|0|0|0
2591,0,False,0,0,0,0|0|0|0|0|0|0|0|0|0
2606,0,False,0,0,0,0|0|0|0|0|0|0|0|0|0
2618,0,False,0,1,0,0|0|0|0|0|0|0|1|0|0
2647,0,False,0,1,0,0|0|0|0|0|0|0|0|8|0
2665,0,False,0,0,0,0|0|0|0|0|0|0|0|0|0
2675,0,False,0,3,0,0|0|0|2|0|0|0|0|3|3
2688,0,False,0,10,1,1|1|1|1|1|1|1|1|1|1
2689,0,False,0,0,0,0|0|0|0|0|0|0|0|0|0
2690,0,False,0,8,-1,0|8|8|8|0|9|9|9|8|9
2699,0,False,0,10,3,3|3|3|3|3|3|3|3|3|3
2717,0,False,0,10,3,3|5|3|3|3|3|3|3|3|3
2725,0,False,0,0,0,0|0|0|0|0|0|0|0|0|0
2730,0,False,0,0,0,0|0|0|0|0|0|0|0|0|0
2740,0,False,0,3,0,2|0|0|0|0|0|0|2|2|0
2750,0,False,0,0,0,0|0|0|0|0|0|0|0|0|0
2753,0,False,0,10,1,1|1|1|1|1|1|1|1|1|1
2763,0,False,0,0,0,0|0|0|0|0|0|0|0|0|0
2771,0,False,0,8,2,0|2|2|6|3|2|2|2|2|0
2775,0,False,0,0,0,0|0|0|0|0|0|0|0|0|0
2778,0,False,0,0,0,0|0|0|0|0|0|0|0|0|0
2781,0,False,0,0,0,0|0|0|0|0|0|0|0|0|0
2786,0,False,0,0,0,0|0|0|0|0|0|0|0|0|0
2792,0,False,0,0,0,0|0|0|0|0|0|0|0|0|0
2795,0,False,0,2,0,0|6|0|6|0|0|0|0|0|0
2845,0,False,0,5,0,5|9|0|0|0|5|0|5|0|5
2856,0,False,0,0,0,0|0|0|0|0|0|0|0|0|0
2871,0,False,0,7,9,9|9|2|0|8|2|0|0|9|9
2884,0,False,0,10,8,8|8|8|8|8|8|9|8|8|9
2889,0,False,0,0,0,0|0|0|0|0|0|0|0|0|0
2893,0,False,0,6,8,0|8|8|8|8|8|8|0|0|0
2906,0,False,0,0,0,0|0|0|0|0|0|0|0|0|0
2915,0,False,0,3,0,0|9|9|0|3|0|0|0|0|0
2920,0,False,0,0,0,0|0|0|0|0|0|0|0|0|0
2921,0,False,0,1,0,8|0|0|0|0|0|0|0|0|0
2966,0,False,0,0,0,0|0|0|0|0|0|0|0|0|0
2968,0,False,0,0,0,0|0|0|0|0|0|0|0|0|0
2976,0,False,0,1,0,0|0|0|0|0|0|0|0|0|1
3012,0,False,0,0,0,0|0|0|0|0|0|0|0|0|0
3018,0,False,0,0,0,0|0|0|0|0|0|0|0|0|0
3019,0,False,0,10,1,1|1|2|1|1|1|1|1|1|1
3032,0,False,0,0,0,0|0|0|0|0|0|0|0|0|0
3036,0,False,0,1,0,0|0|3|0|0|0|0|0|0|0
3037,0,False,0,1,0,0|0|0|0|9|0|0|0|0|0
3047,0,False,0,10,6,7|6|6|6|6|7|6|6|7|6
3055,0,False,0,4,0,0|0|0|1|0|1|0|0|1|1
3068,0,False,0,0,0,0|0|0|0|0|0|0|0|0|0
3086,0,False,0,3,0,0|8|9|0|0|0|0|8|0|0
3114,0,False,0,3,0,0|0|4|1|0|0|0|6|0|0
3118,0,False,0,10,8,8|8|8|8|8|8|8|8|8|8
3121,0,False,0,10,-1,1|3|3|1|3|1|3|1|3|1
3125,0,False,0,1,0,0|0|0|0|0|0|1|0|0|0
3135,0,False,0,0,0,0|0|0|0|0|0|0|0|0|0
3145,0,False,0,0,0,0|0|0|0|0|0|0|0|0|0
3158,0,False,0,10,-1,2|5|5|5|5|5|2|2|2|2
3163,0,False,0,10,5,5|5|5|1|5|5|5|4|5|1
3165,0,False,0,3,0,0|0|0|0|0|0|0|8|8|8
3176,0,False,0,0,0,0|0|0|0|0|0|0|0|0|0
3192,0,False,0,0,0,0|0|0|0|0|0|0|0|0|0
3193,0,False,0,0,0,0|0|0|0|0|0|0|0|0|0
3201,0,False,0,0,0,0|0|0|0|0|0|0|0|0|0
3219,0,False,0,7,9,9|9|9|9|3|0|0|9|0|9
3220,0,False,0,0,0,0|0|0|0|0|0|0|0|0|0
3226,0,False,0,0,0,0|0|0|0|0|0|0|0|0|0
3251,0,False,0,6,3,3|3|3|0|0|0|3|3|0|3
3258,0,False,0,9,3,2|0|2|3|3|3|2|3|3|2
3267,0,False,0,1,0,0|0|0|1|0|0|0|0|0|0
3303,0,False,0,8,1,2|1|3|0|3|1|2|1|1|0
3306,0,False,0,2,0,2|0|2|0|0|0|0|0|0|0
3317,0,False,0,0,0,0|0|0|0|0|0|0|0|0|0
3319,0,False,0,0,0,0|0|0|0|0|0|0|0|0|0
3323,0,False,0,1,0,0|0|0|1|0|0|0|0|0|0
3335,0,False,0,2,0,0|0|8|0|0|0|0|0|8|0
3348,0,False,0,4,0,0|0|4|4|4|1|0|0|0|0
3353,0,False,0,10,1,1|1|1|1|3|1|1|1|1|1
3354,0,False,0,0,0,0|0|0|0|0|0|0|0|0|0
3366,0,False,0,1,0,0|0|0|2|0|0|0|0|0|0
3376,0,False,0,0,0,0|0|0|0|0|0|0|0|0|0
3389,0,False,0,0,0,0|0|0|0|0|0|0|0|0|0
3402,0,False,0,5,0,0|0|0|1|3|0|1|0|1|1
3407,0,False,0,4,0,8|0|0|9|0|8|8|0|0|0
3410,0,False,0,0,0,0|0|0|0|0|0|0|0|0|0
3415,0,False,0,0,0,0|0|0|0|0|0|0|0|0|0
3417,0,False,0,0,0,0|0|0|0|0|0|0|0|0|0
3418,0,False,0,3,0,0|0|2|2|0|2|0|0|0|0
3438,0,False,0,0,0,0|0|0|0|0|0|0|0|0|0
3453,0,False,0,10,3,3|3|3|2|3|3|3|3|3|3
3455,0,False,0,0,0,0|0|0|0|0|0|0|0|0|0
3458,0,False,0,0,0,0|0|0|0|0|0|0|0|0|0
3464,0,False,0,0,0,0|0|0|0|0|0|0|0|0|0
3482,0,False,0,0,0,0|0|0|0|0|0|0|0|0|0
3485,0,False,0,0,0,0|0|0|0|0|0|0|0|0|0
3506,0,False,0,2,0,0|8|0|0|0|0|0|8|0|0
3516,0,False,0,10,1,1|1|1|1|1|1|1|1|1|1
3537,0,False,0,0,0,0|0|0|0|0|0|0|0|0|0
3543,0,False,0,9,1,1|0|1|3|1|1|1|3|3|1
3558,0,False,0,10,1,1|1|1|1|1|1|1|1|1|1
3570,0,False,0,8,2,2|2|2|2|0|2|2|0|2|2
3584,0,False,0,7,1,1|3|0|0|1|1|1|3|1|0
3586,0,False,0,0,0,0|0|0|0|0|0|0|0|0|0
3595,0,False,0,7,5,5|5|0|5|0|5|5|5|5|0
3599,0,False,0,10,6,6|6|6|6|6|6|6|6|6|6
3603,0,False,0,0,0,0|0|0|0|0|0|0|0|0|0
3607,0,False,0,0,0,0|0|0|0|0|0|0|0|0|0
3612,0,False,0,4,0,5|5|0|5|0|0|5|0|0|0
3616,0,False,0,0,0,0|0|0|0|0|0|0|0|0|0
3632,0,False,0,0,0,0|0|0|0|0|0|0|0|0|0
3634,0,False,0,0,0,0|0|0|0|0|0|0|0|0|0
3636,0,False,0,0,0,0|0|0|0|0|0|0|0|0|0
3637,0,False,0,4,0,0|1|0|1|0|0|0|2|1|0
3641,0,False,0,5,0,2|6|0|9|0|0|0|1|0|3
3642,0,False,0,0,0,0|0|0|0|0|0|0|0|0|0
3696,0,False,0,0,0,0|0|0|0|0|0|0|0|0|0
3697,0,False,0,4,0,2|0|0|3|3|0|0|0|2|0
3707,0,False,0,10,6,6|7|6|6|6|6|7|6|7|6
3716,0,False,0,0,0,0|0|0|0|0|0|0|0|0|0
3736,0,False,0,0,0,0|0|0|0|0|0|0|0|0|0
3761,0,False,0,6,-1,2|0|0|1|2|0|2|2|1|0
3773,0,False,0,0,0,0|0|0|0|0|0|0|0|0|0
3787,0,False,0,4,0,2|0|2|2|0|0|0|2|0|0
3801,0,False,0,0,0,0|0|0|0|0|0|0|0|0|0
3807,0,False,0,0,0,0|0|0|0|0|0|0|0|0|0
3813,0,False,0,2,0,0|0|4|0|0|8|0|0|0|0
3829,0,False,0,1,0,1|0|0|0|0|0|0|0|0|0
3843,0,False,0,2,0,0|0|0|0|0|6|0|0|0|6
3845,0,False,0,10,1,1|1|1|1|1|1|1|1|1|1
3856,0,False,0,0,0,0|0|0|0|0|0|0|0|0|0
3857,0,False,0,1,0,0|3|0|0|0|0|0|0|0|0
3859,0,False,0,0,0,0|0|0|0|0|0|0|0|0|0
3863,0,False,0,0,0,0|0|0|0|0|0|0|0|0|0
3867,0,False,0,1,0,0|0|0|0|0|0|0|8|0|0
3869,0,False,0,10,3,3|1|3|3|3|3|3|3|3|3
3872,0,False,0,1,0,0|0|0|0|0|0|0|8|0|0
3889,0,False,0,0,0,0|0|0|0|0|0|0|0|0|0
3892,0,False,0,0,0,0|0|0|0|0|0|0|0|0|0
3894,0,False,0,0,0,0|0|0|0|0|0|0|0|0|0
3899,0,False,0,9,7,9|4|7|7|7|0|1|8|5|7
3904,0,False,0,0,0,0|0|0|0|0|0|0|0|0|0
3916,0,False,0,0,0,0|0|0|0|0|0|0|0|0|0
3927,0,False,0,10,3,3|3|3|3|2|3|3|3|3|3
3937,0,False,0,10,6,6|6|6|6|6|6|6|6|6|6
3945,0,False,0,0,0,0|0|0|0|0|0|0|0|0|0
3948,0,False,0,7,9,8|9|9|2|0|8|0|9|0|9
3953,0,False,0,0,0,0|0|0|0|0|0|0|0|0|0
3967,0,False,0,10,8,8|8|9|8|8|9|8|8|8|8
3976,0,False,0,10,-1,2|3|2|2|3|2|3|3|2|3
3977,0,False,0,10,6,6|6|5|6|6|6|6|6|6|6
3984,0,False,0,0,0,0|0|0|0|0|0|0|0|0|0
3994,0,False,0,0,0,0|0|0|0|0|0|0|0|0|0
3995,0,False,0,0,0,0|0|0|0|0|0|0|0|0|0
3999,0,False,0,0,0,0|0|0|0|0|0|0|0|0|0
4009,0,False,0,4,0,0|0|8|8|0|0|0|0|8|8
4010,0,False,0,0,0,0|0|0|0|0|0|0|0|0|0
4019,0,False,0,0,0,0|0|0|0|0|0|0|0|0|0
4033,0,False,0,0,0,0|0|0|0|0|0|0|0|0|0
4038,0,False,0,6,8,0|8|0|8|8|8|8|0|8|0
4065,0,False,0,0,0,0|0|0|0|0|0|0|0|0|0
4069,0,False,0,10,5,5|5|5|5|5|5|5|5|5|5
4077,0,False,0,10,5,5|5|5|5|5|5|5|5|5|5
4078,0,False,0,0,0,0|0|0|0|0|0|0|0|0|0
4088,0,False,0,0,0,0|0|0|0|0|0|0|0|0|0
4089,0,False,0,0,0,0|0|0|0|0|0|0|0|0|0
4099,0,False,0,10,1,1|1|1|1|1|1|1|1|1|1
4103,0,False,0,0,0,0|0|0|0|0|0|0|0|0|0
4108,0,False,0,1,0,0|0|1|0|0|0|0|0|0|0
4114,0,False,0,10,2,1|5|2|2|4|2|4|1|7|5
4116,0,False,0,0,0,0|0|0|0|0|0|0|0|0|0
4118,0,False,0,0,0,0|0|0|0|0|0|0|0|0|0
4128,0,False,0,0,0,0|0|0|0|0|0|0|0|0|0
4159,0,False,0,0,0,0|0|0|0|0|0|0|0|0|0
4168,0,False,0,0,0,0|0|0|0|0|0|0|0|0|0
4196,0,False,0,7,4,4|0|4|4|0|4|4|4|0|4
4209,0,False,0,2,0,9|0|0|0|0|1|0|0|0|0
4216,0,False,0,1,0,0|0|0|0|7|0|0|0|0|0
4227,0,False,0,0,0,0|0|0|0|0|0|0|0|0|0
4228,0,False,0,10,1,1|1|1|1|1|1|1|1|1|1
4239,0,False,0,0,0,0|0|0|0|0|0|0|0|0|0
4245,0,False,0,0,0,0|0|0|0|0|0|0|0|0|0
4259,0,False,0,6,8,0|0|0|8|8|0|8|8|8|8
4263,0,False,0,9,8,0|3|8|8|9|8|8|8|1|8
4264,0,False,0,0,0,0|0|0|0|0|0|0|0|0|0
4268,0,False,0,7,8,0|2|8|8|2|8|8|0|0|2
4269,0,False,0,0,0,0|0|0|0|0|0|0|0|0|0
4307,0,False,0,3,0,1|0|0|0|0|1|0|0|0|1
4309,0,False,0,7,7,7|0|7|3|7|0|7|7|3|0
4310,0,False,0,0,0,0|0|0|0|0|0|0|0|0|0
4320,0,False,0,0,0,0|0|0|0|0|0|0|0|0|0
4326,0,False,0,8,8,8|8|8|0|8|8|9|9|0|9
4328,0,False,0,0,0,0|0|0|0|0|0|0|0|0|0
4330,0,False,0,2,0,0|0|0|0|0|0|1|0|1|0
4335,0,False,0,0,0,0|0|0|0|0|0|0|0|0|0
4338,0,False,0,0,0,0|0|0|0|0|0|0|0|0|0
4345,0,False,0,0,0,0|0|0|0|0|0|0|0|0|0
4349,0,False,0,1,0,0|0|0|0|0|0|9|0|0|0
4357,0,False,0,0,0,0|0|0|0|0|0|0|0|0|0
4358,0,False,0,0,0,0|0|0|0|0|0|0|0|0|0
4371,0,False,0,10,2,2|2|2|2|2|2|3|3|3|5
4376,0,False,0,0,0,0|0|0|0|0|0|0|0|0|0
4377,0,False,0,0,0,0|0|0|0|0|0|0|0|0|0
4379,0,False,0,0,0,0|0|0|0|0|0|0|0|0|0
4381,0,False,0,0,0,0|0|0|0|0|0|0|0|0|0
4398,0,False,0,7,6,6|0|4|6|0|6|0|6|4|6
4433,0,False,0,3,0,0|0|0|1|0|1|1|0|0|0
4438,0,False,0,0,0,0|0|0|0|0|0|0|0|0|0
4441,0,False,0,4,0,0|3|2|0|0|0|0|3|2|0
4456,0,False,0,8,6,6|6|2|2|0|2|0|6|3|6
4500,0,False,0,0,0,0|0|0|0|0|0|0|0|0|0
4502,0,False,0,4,0,0|0|2|0|2|2|2|0|0|0
4518,0,False,0,0,0,0|0|0|0|0|0|0|0|0|0
4519,0,False,0,2,0,0|9|0|0|0|0|0|0|0|9
4537,0,False,0,0,0,0|0|0|0|0|0|0|0|0|0
4539,0,False,0,0,0,0|0|0|0|0|0|0|0|0|0
4589,0,False,0,5,-1,0|8|8|0|8|0|8|8|0|0
4608,0,False,0,0,0,0|0|0|0|0|0|0|0|0|0
4610,0,False,0,0,0,0|0|0|0|0|0|0|0|0|0
4625,0,False,0,10,8,8|8|9|9|8|8|8|8|8|9
4634,0,False,0,0,0,0|0|0|0|0|0|0|0|0|0
4644,0,False,0,10,6,6|6|6|4|6|7|6|6|6|6
4647,0,False,0,8,2,2|0|2|1|0|1|2|2|2|1
4661,0,False,0,10,2,2|1|2|2|2|2|3|2|2|2
4666,0,False,0,0,0,0|0|0|0|0|0|0|0|0|0
4667,0,False,0,2,0,0|0|0|2|0|0|2|0|0|0
4670,0,False,0,0,0,0|0|0|0|0|0|0|0|0|0
4674,0,False,0,0,0,0|0|0|0|0|0|0|0|0|0
4682,0,False,0,0,0,0|0|0|0|0|0|0|0|0|0
4683,0,False,0,0,0,0|0|0|0|0|0|0|0|0|0
4702,0,False,0,6,9,0|8|9|0|9|9|9|0|0|9
4717,0,False,0,7,1,0|1|1|1|1|0|1|0|1|1
4727,0,False,0,7,8,8|8|8|8|0|0|0|8|8|8
4735,0,False,0,10,1,1|1|1|1|2|1|1|1|1|1
4751,0,False,0,0,0,0|0|0|0|0|0|0|0|0|0
4761,0,False,0,0,0,0|0|0|0|0|0|0|0|0|0
4762,0,False,0,9,1,2|9|1|1|1|1|1|1|1|0
4766,0,False,0,0,0,0|0|0|0|0|0|0|0|0|0
4776,0,False,0,2,0,0|8|0|0|0|0|0|0|0|8
4789,0,False,0,8,2,0|5|2|5|2|2|2|2|0|2
4792,0,False,0,0,0,0|0|0|0|0|0|0|0|0|0
4806,0,False,0,2,0,0|0|0|1|1|0|0|0|0|0
4809,0,False,0,5,-1,0|3|0|3|3|0|3|0|3|0
4814,0,False,0,10,1,1|1|1|1|1|1|1|1|1|1
4828,0,False,0,0,0,0|0|0|0|0|0|0|0|0|0
4835,0,False,0,0,0,0|0|0|0|0|0|0|0|0|0
4845,0,False,0,0,0,0|0|0|0|0|0|0|0|0|0
4874,0,False,0,0,0,0|0|0|0|0|0|0|0|0|0
4893,0,False,0,10,5,5|5|5|5|5|5|5|5|5|5
4896,0,False,0,0,0,0|0|0|0|0|0|0|0|0|0
4899,0,False,0,0,0,0|0|0|0|0|0|0|0|0|0
4907,0,False,0,0,0,0|0|0|0|0|0|0|0|0|0
4910,0,False,0,10,3,3|1|1|1|3|5|3|3|3|3
4918,0,False,0,0,0,0|0|0|0|0|0|0|0|0|0
4931,0,False,0,0,0,0|0|0|0|0|0|0|0|0|0
4932,0,False,0,9,1,1|1|1|1|1|1|1|1|1|0
4933,0,False,0,0,0,0|0|0|0|0|0|0|0|0|0
4952,0,False,0,10,1,1|1|1|1|5|5|6|1|1|1
4961,0,False,0,2,0,0|8|0|0|8|0|0|0|0|0
4972,0,False,0,0,0,0|0|0|0|0|0|0|0|0|0
4975,0,False,0,0,0,0|0|0|0|0|0|0|0|0|0
4982,0,False,0,7,1,1|1|1|1|0|0|1|0|1|1
4996,0,False,0,0,0,0|0|0|0|0|0|0|0|0|0
4998,0,False,0,0,0,0|0|0|0|0|0|0|0|0|0
4999,0,False,0,5,-1,0|8|0|8|8|0|8|0|0|8
5002,0,False,0,0,0,0|0|0|0|0|0|0|0|0|0
5011,0,False,0,0,0,0|0|0|0|0|0|0|0|0|0
5028,0,False,0,0,0,0|0|0|0|0|0|0|0|0|0
5030,0,False,0,10,8,9|8|9|8|8|8|8|9|9|8
5063,0,False,0,10,7,7|7|7|7|7|7|7|7|7|7
5067,0,False,0,7,8,8|0|8|9|8|0|9|8|8|0
5072,0,False,0,6,7,7|7|7|0|7|0|0|7|7|0
5082,0,False,0,0,0,0|0|0|0|0|0|0|0|0|0
5113,0,False,0,8,2,2|0|2|2|3|0|2|2|3|2
5127,0,False,0,0,0,0|0|0|0|0|0|0|0|0|0
5157,0,False,0,0,0,0|0|0|0|0|0|0|0|0|0
5165,0,False,0,9,3,3|3|3|3|3|0|3|3|3|3
5176,0,False,0,0,0,0|0|0|0|0|0|0|0|0|0
5178,0,False,0,10,1,1|1|1|1|1|1|1|1|1|1
5187,0,False,0,0,0,0|0|0|0|0|0|0|0|0|0
5208,0,False,0,0,0,0|0|0|0|0|0|0|0|0|0
5223,0,False,0,2,0,0|0|1|0|0|0|0|1|0|0
5226,0,False,0,0,0,0|0|0|0|0|0|0|0|0|0
5234,0,False,0,6,6,0|0|6|6|0|0|6|5|6|6
5248,0,False,0,0,0,0|0|0|0|0|0|0|0|0|0
5258,0,False,0,0,0,0|0|0|0|0|0|0|0|0|0
5265,0,False,0,10,8,8|8|8|8|8|8|8|8|8|8
5273,0,False,0,6,8,0|8|8|8|0|0|0|8|8|8
5286,0,False,0,10,1,1|1|1|1|1|1|1|1|1|1
5333,0,False,0,0,0,0|0|0|0|0|0|0|0|0|0
5339,0,False,0,1,0,0|0|1|0|0|0|0|0|0|0
5366,0,False,0,0,0,0|0|0|0|0|0|0|0|0|0
5372,0,False,0,1,0,0|0|0|0|0|0|0|3|0|0
5384,0,False,0,0,0,0|0|0|0|0|0|0|0|0|0
5396,0,False,0,4,0,0|9|0|9|9|0|9|0|0|0
5397,0,False,0,0,0,0|0|0|0|0|0|0|0|0|0
5416,0,False,0,4,0,0|0|0|0|6|6|0|0|1|6
5433,0,False,0,0,0,0|0|0|0|0|0|0|0|0|0
5446,0,False,0,0,0,0|0|0|0|0|0|0|0|0|0
5460,0,False,0,3,0,3|0|3|0|3|0|0|0|0|0
5478,1,False,1,10,0,0|0|0|0|0|0|0|0|0|0
5490,1,False,1,0,1,1|1|1|1|1|1|1|1|1|1
5516,1,False,1,0,1,1|1|1|1|1|1|1|1|1|1
5538,1,False,1,2,1,2|1|1|1|1|1|1|1|2|1
5566,1,False,1,0,1,1|1|1|1|1|1|1|1|1|1
5576,1,False,1,2,1,1|1|0|1|0|1|1|1|1|1
5578,1,False,1,0,1,1|1|1|1|1|1|1|1|1|1
5585,1,False,1,0,1,1|1|1|1|1|1|1|1|1|1
5598,1,False,1,0,1,1|1|1|1|1|1|1|1|1|1
5612,1,False,1,1,1,1|1|3|1|1|1|1|1|1|1
5621,1,False,1,0,1,1|1|1|1|1|1|1|1|1|1
5641,1,False,1,0,1,1|1|1|1|1|1|1|1|1|1
5662,1,False,1,0,1,1|1|1|1|1|1|1|1|1|1
5665,1,False,1,10,2,3|8|5|2|2|2|2|2|6|2
5675,1,False,1,5,1,3|1|1|1|1|2|1|2|0|0
5678,1,False,1,0,1,1|1|1|1|1|1|1|1|1|1
5693,1,False,1,0,1,1|1|1|1|1|1|1|1|1|1
5696,1,False,1,4,1,3|1|1|4|1|3|0|1|1|1
5719,1,False,1,0,1,1|1|1|1|1|1|1|1|1|1
5749,1,False,1,5,1,2|1|3|1|1|3|1|3|1|3
5750,1,False,1,0,1,1|1|1|1|1|1|1|1|1|1
5753,1,False,1,0,1,1|1|1|1|1|1|1|1|1|1
5775,1,False,1,10,2,2|2|2|2|2|2|3|2|2|3
5782,1,False,1,0,1,1|1|1|1|1|1|1|1|1|1
5787,1,False,1,0,1,1|1|1|1|1|1|1|1|1|1
5799,1,False,1,4,1,1|1|2|1|2|6|1|1|2|1
5810,1,False,1,9,0,0|0|0|1|0|0|0|0|0|0
5816,1,False,1,0,1,1|1|1|1|1|1|1|1|1|1
5835,1,False,1,5,-1,1|1|1|1|1|2|2|2|2|2
5837,1,False,1,10,8,8|8|8|8|8|8|8|8|8|8
5838,1,False,1,2,1,1|1|1|3|2|1|1|1|1|1
5846,1,False,1,7,3,1|1|1|3|3|3|3|3|3|3
5859,1,False,1,10,3,3|3|3|3|3|3|3|3|3|3
5863,1,False,1,1,1,1|1|1|1|1|1|0|1|1|1
5865,1,False,1,0,1,1|1|1|1|1|1|1|1|1|1
5883,1,False,1,8,3,3|1|3|3|1|3|3|3|3|3
5886,1,False,1,3,1,1|5|1|5|1|1|1|5|1|1
5888,1,False,1,0,1,1|1|1|1|1|1|1|1|1|1
5898,1,False,1,0,1,1|1|1|1|1|1|1|1|1|1
5903,1,False,1,0,1,1|1|1|1|1|1|1|1|1|1
5940,1,False,1,0,1,1|1|1|1|1|1|1|1|1|1
5943,1,False,1,0,1,1|1|1|1|1|1|1|1|1|1
5945,1,False,1,10,5,3|5|3|5|2|5|5|4|5|5
5951,1,False,1,7,4,1|5|4|5|4|4|1|1|4|4
5959,1,False,1,1,1,1|1|1|1|1|1|1|0|1|1
5960,1,False,1,0,1,1|1|1|1|1|1|1|1|1|1
5963,1,False,1,0,1,1|1|1|1|1|1|1|1|1|1
5966,1,False,1,0,1,1|1|1|1|1|1|1|1|1|1
5987,1,False,1,0,1,1|1|1|1|1|1|1|1|1|1
5992,1,False,1,0,1,1|1|1|1|1|1|1|1|1|1
5996,1,False,1,0,1,1|1|1|1|1|1|1|1|1|1
5999,1,False,1,10,0,0|0|0|0|0|0|0|0|0|0
6055,1,False,1,8,0,0|0|0|1|0|9|1|0|0|0
6059,1,False,1,0,1,1|1|1|1|1|1|1|1|1|1
6060,1,False,1,0,1,1|1|1|1|1|1|1|1|1|1
6077,1,False,1,0,1,1|1|1|1|1|1|1|1|1|1
6081,1,False,1,10,2,2|2|0|2|2|0|2|2|2|2
6091,1,False,1,0,1,1|1|1|1|1|1|1|1|1|1
6101,1,False,1,0,1,1|1|1|1|1|1|1|1|1|1
6104,1,False,1,0,1,1|1|1|1|1|1|1|1|1|1
6112,1,False,1,2,1,1|2|1|1|1|1|2|1|1|1
6120,1,False,1,0,1,1|1|1|1|1|1|1|1|1|1
6162,1,False,1,7,2,2|2|3|3|2|1|1|2|1|2
6163,1,False,1,0,1,1|1|1|1|1|1|1|1|1|1
6185,1,False,1,0,1,1|1|1|1|1|1|1|1|1|1
6197,1,False,1,3,1,0|1|0|1|1|1|1|1|1|0
6208,1,False,1,9,0,0|1|0|0|0|0|0|0|0|4
6209,1,False,1,1,1,1|1|4|1|1|1|1|1|1|1
6216,1,False,1,0,1,1|1|1|1|1|1|1|1|1|1
6236,1,False,1,0,1,1|1|1|1|1|1|1|1|1|1
6246,1,False,1,0,1,1|1|1|1|1|1|1|1|1|1
6247,1,False,1,10,2,3|3|2|2|2|2|2|2|3|2
6248,1,False,1,4,1,2|1|1|2|2|2|1|1|1|1
6253,1,False,1,0,1,1|1|1|1|1|1|1|1|1|1
6255,1,False,1,0,1,1|1|1|1|1|1|1|1|1|1
6264,1,False,1,0,1,1|1|1|1|1|1|1|1|1|1
6276,1,False,1,5,1,1|1|4|3|2|2|1|1|2|1
6298,1,False,1,6,3,3|1|3|2|1|1|3|3|1|3
6314,1,False,1,0,1,1|1|1|1|1|1|1|1|1|1
6331,1,False,1,0,1,1|1|1|1|1|1|1|1|1|1
6334,1,False,1,8,0,0|0|1|0|0|0|1|0|0|0
6346,1,False,1,0,1,1|1|1|1|1|1|1|1|1|1
6364,1,False,1,1,1,1|1|1|1|1|1|2|1|1|1
6374,1,False,1,0,1,1|1|1|1|1|1|1|1|1|1
6383,1,False,1,0,1,1|1|1|1|1|1|1|1|1|1
6385,1,False,1,0,1,1|1|1|1|1|1|1|1|1|1
6386,1,False,1,0,1,1|1|1|1|1|1|1|1|1|1
6399,1,False,1,8,4,2|1|4|4|4|2|0|0|4|1
6416,1,False,1,0,1,1|1|1|1|1|1|1|1|1|1
6417,1,False,1,0,1,1|1|1|1|1|1|1|1|1|1
6443,1,False,1,0,1,1|1|1|1|1|1|1|1|1|1
6453,1,False,1,0,1,1|1|1|1|1|1|1|1|1|1
6484,1,False,1,0,1,1|1|1|1|1|1|1|1|1|1
6492,1,False,1,1,1,1|1|3|1|1|1|1|1|1|1
6512,1,False,1,4,1,2|1|1|2|3|1|3|1|1|1
6515,1,False,1,7,5,5|3|5|5|1|1|5|5|5|1
6516,1,False,1,3,1,1|1|5|1|1|2|1|1|2|1
6521,1,False,1,8,5,1|5|5|5|5|5|5|5|1|3
6536,1,False,1,2,1,1|1|3|1|1|1|1|2|1|1
6539,1,False,1,6,3,1|3|1|3|3|1|1|3|3|3
6540,1,False,1,0,1,1|1|1|1|1|1|1|1|1|1
6545,1,False,1,10,0,0|0|0|0|0|0|0|0|0|0
6549,1,False,1,0,1,1|1|1|1|1|1|1|1|1|1
6564,1,False,1,0,1,1|1|1|1|1|1|1|1|1|1
6568,1,False,1,0,1,1|1|1|1|1|1|1|1|1|1
6573,1,False,1,0,1,1|1|1|1|1|1|1|1|1|1
6575,1,False,1,0,1,1|1|1|1|1|1|1|1|1|1
6595,1,False,1,5,1,2|4|4|7|7|1|1|1|1|1
6608,1,False,1,0,1,1|1|1|1|1|1|1|1|1|1
6609,1,False,1,10,3,3|3|3|3|3|3|3|3|3|3
6612,1,False,1,10,0,0|0|0|0|0|0|0|0|0|0
6627,1,False,1,4,1,0|0|1|1|1|0|1|0|1|1
6631,1,False,1,1,1,1|1|1|1|1|1|1|2|1|1
6633,1,False,1,4,1,1|2|1|2|1|2|2|1|1|1
6646,1,False,1,0,1,1|1|1|1|1|1|1|1|1|1
6647,1,False,1,4,1,1|4|1|5|1|1|1|4|1|5
6651,1,False,1,3,1,0|1|1|1|1|5|1|0|1|1
6656,1,False,1,6,-1,0|1|1|0|1|0|3|3|0|1
6662,1,False,1,9,3,3|3|3|3|3|3|4|2|0|1
6686,1,False,1,10,4,4|4|4|4|4|4|4|4|4|4
6695,1,False,1,0,1,1|1|1|1|1|1|1|1|1|1
6696,1,False,1,2,1,1|1|1|1|2|1|1|1|3|1
6729,1,False,1,0,1,1|1|1|1|1|1|1|1|1|1
6740,1,False,1,0,1,1|1|1|1|1|1|1|1|1|1
6743,1,False,1,10,0,0|0|0|0|0|0|0|0|0|0
6752,1,False,1,0,1,1|1|1|1|1|1|1|1|1|1
6756,1,False,1,4,1,1|1|9|1|2|2|1|0|1|1
6775,1,False,1,0,1,1|1|1|1|1|1|1|1|1|1
6777,1,False,1,0,1,1|1|1|1|1|1|1|1|1|1
6787,1,False,1,0,1,1|1|1|1|1|1|1|1|1|1
6804,1,False,1,2,1,0|1|1|1|0|1|1|1|1|1
6834,1,False,1,10,0,0|0|0|0|0|0|0|0|0|0
6840,1,False,1,4,1,1|1|3|3|1|1|2|1|1|3
6845,1,False,1,6,-1,5|1|5|1|0|5|5|1|2|1
6855,1,False,1,0,1,1|1|1|1|1|1|1|1|1|1
6863,1,False,1,0,1,1|1|1|1|1|1|1|1|1|1
6864,1,False,1,2,1,3|1|1|1|1|1|1|1|1|3
6871,1,False,1,5,1,0|0|1|1|1|0|3|0|1|1
6883,1,False,1,4,1,3|1|3|3|1|1|1|2|1|1
6893,1,False,1,0,1,1|1|1|1|1|1|1|1|1|1
6905,1,False,1,10,0,0|0|0|0|0|0|0|0|0|0
6954,1,False,1,0,1,1|1|1|1|1|1|1|1|1|1
6966,1,False,1,0,1,1|1|1|1|1|1|1|1|1|1
6981,1,False,1,8,2,2|2|3|3|2|1|2|3|2|1
6982,1,False,1,0,1,1|1|1|1|1|1|1|1|1|1
6984,1,False,1,0,1,1|1|1|1|1|1|1|1|1|1
6995,1,False,1,0,1,1|1|1|1|1|1|1|1|1|1
7002,1,False,1,10,3,3|3|3|3|3|5|3|3|3|5
7004,1,False,1,0,1,1|1|1|1|1|1|1|1|1|1
7015,1,False,1,0,1,1|1|1|1|1|1|1|1|1|1
7027,1,False,1,0,1,1|1|1|1|1|1|1|1|1|1
7042,1,False,1,0,1,1|1|1|1|1|1|1|1|1|1
7044,1,False,1,0,1,1|1|1|1|1|1|1|1|1|1
7076,1,False,1,0,1,1|1|1|1|1|1|1|1|1|1
7081,1,False,1,0,1,1|1|1|1|1|1|1|1|1|1
7086,1,False,1,10,6,6|6|6|9|0|6|6|6|6|6
7093,1,False,1,0,1,1|1|1|1|1|1|1|1|1|1
7104,1,False,1,10,0,0|0|0|0|0|0|0|0|0|0
7114,1,False,1,0,1,1|1|1|1|1|1|1|1|1|1
7130,1,False,1,1,1,1|0|1|1|1|1|1|1|1|1
7136,1,False,1,0,1,1|1|1|1|1|1|1|1|1|1
7143,1,False,1,0,1,1|1|1|1|1|1|1|1|1|1
7146,1,False,1,0,1,1|1|1|1|1|1|1|1|1|1
7156,1,False,1,0,1,1|1|1|1|1|1|1|1|1|1
7157,1,False,1,8,3,3|3|3|3|3|1|3|3|3|1
7173,1,False,1,0,1,1|1|1|1|1|1|1|1|1|1
7186,1,False,1,0,1,1|1|1|1|1|1|1|1|1|1
7190,1,False,1,0,1,1|1|1|1|1|1|1|1|1|1
7201,1,False,1,2,1,3|1|1|1|1|1|1|1|3|1
7212,1,False,1,9,0,0|0|1|0|0|0|0|0|0|0
7216,1,False,1,0,1,1|1|1|1|1|1|1|1|1|1
7221,1,False,1,0,1,1|1|1|1|1|1|1|1|1|1
7224,1,False,1,7,2,1|2|3|1|2|2|2|1|2|2
7235,1,False,1,0,1,1|1|1|1|1|1|1|1|1|1
7243,1,False,1,9,0,2|0|3|2|3|0|0|3|0|1
7246,1,False,1,9,2,2|2|2|2|2|1|2|2|2|2
7271,1,False,1,0,1,1|1|1|1|1|1|1|1|1|1
7276,1,False,1,0,1,1|1|1|1|1|1|1|1|1|1
7279,1,False,1,0,1,1|1|1|1|1|1|1|1|1|1
7288,1,False,1,0,1,1|1|1|1|1|1|1|1|1|1
7289,1,False,1,0,1,1|1|1|1|1|1|1|1|1|1
7290,1,False,1,4,1,1|1|4|5|1|4|4|1|1|1
7295,1,False,1,6,-1,1|4|1|1|5|4|4|1|5|4
7306,1,False,1,10,6,2|6|2|6|6|6|6|2|0|2
7319,1,False,1,0,1,1|1|1|1|1|1|1|1|1|1
7326,1,False,1,0,1,1|1|1|1|1|1|1|1|1|1
7332,1,False,1,0,1,1|1|1|1|1|1|1|1|1|1
7361,1,False,1,9,0,0|0|3|2|1|0|0|0|0|0
7369,1,False,1,1,1,3|1|1|1|1|1|1|1|1|1
7371,1,False,1,0,1,1|1|1|1|1|1|1|1|1|1
7372,1,False,1,10,2,2|2|2|2|5|3|3|2|3|3
7373,1,False,1,7,5,4|5|4|1|1|1|5|5|2|5
7379,1,False,1,5,-1,5|1|5|5|5|1|1|5|1|1
7391,1,False,1,0,1,1|1|1|1|1|1|1|1|1|1
7404,1,False,1,0,1,1|1|1|1|1|1|1|1|1|1
7408,1,False,1,0,1,1|1|1|1|1|1|1|1|1|1
7435,1,False,1,0,1,1|1|1|1|1|1|1|1|1|1
7441,1,False,1,0,1,1|1|1|1|1|1|1|1|1|1
7445,1,False,1,0,1,1|1|1|1|1|1|1|1|1|1
7446,1,False,1,10,8,8|9|8|8|9|8|9|8|8|8
7447,1,False,1,5,1,1|1|0|0|1|1|1|0|0|3
7448,1,False,1,0,1,1|1|1|1|1|1|1|1|1|1
7460,1,False,1,9,4,1|4|4|4|4|4|4|4|4|4
7482,1,False,1,10,0,0|0|0|0|8|0|0|2|0|0
7489,1,False,1,2,1,2|1|1|3|1|1|1|1|1|1
7491,1,False,1,2,1,1|1|1|1|2|1|0|1|1|1
7496,1,False,1,10,8,8|8|9|8|8|0|8|2|8|4
7511,1,False,1,0,1,1|1|1|1|1|1|1|1|1|1
7533,1,False,1,10,5,5|5|5|5|5|5|5|5|5|5
7538,1,False,1,2,1,1|1|3|1|1|1|1|3|1|1
7540,1,False,1,0,1,1|1|1|1|1|1|1|1|1|1
7550,1,False,1,0,1,1|1|1|1|1|1|1|1|1|1
7555,1,False,1,0,1,1|1|1|1|1|1|1|1|1|1
7572,1,False,1,0,1,1|1|1|1|1|1|1|1|1|1
7579,1,False,1,0,1,1|1|1|1|1|1|1|1|1|1
7582,1,False,1,6,0,0|0|1|1|1|0|0|0|0|1
7594,1,False,1,9,2,2|2|1|2|2|2|2|6|2|6
7611,1,False,1,7,3,7|3|6|3|1|3|3|7|1|1
7612,1,False,1,0,1,1|1|1|1|1|1|1|1|1|1
7613,1,False,1,0,1,1|1|1|1|1|1|1|1|1|1
7624,1,False,1,0,1,1|1|1|1|1|1|1|1|1|1
7657,1,False,1,8,2,2|1|3|2|2|2|3|1|2|2
7687,1,False,1,0,1,1|1|1|1|1|1|1|1|1|1
7689,1,False,1,0,1,1|1|1|1|1|1|1|1|1|1
7695,1,False,1,0,1,1|1|1|1|1|1|1|1|1|1
7703,1,False,1,10,9,0|9|8|8|8|9|9|9|8|9
7709,1,False,1,0,1,1|1|1|1|1|1|1|1|1|1
7719,1,False,1,0,1,1|1|1|1|1|1|1|1|1|1
7721,1,False,1,0,1,1|1|1|1|1|1|1|1|1|1
7729,1,False,1,1,1,1|1|1|1|1|1|1|0|1|1
7752,1,False,1,0,1,1|1|1|1|1|1|1|1|1|1
7754,1,False,1,8,3,3|0|3|3|3|1|1|3|3|3
7757,1,False,1,3,1,1|3|1|1|3|1|1|1|2|1
7762,1,False,1,2,1,1|1|0|1|0|1|1|1|1|1
7775,1,False,1,3,1,1|1|0|1|0|1|1|1|0|1
7779,1,False,1,1,1,1|1|1|6|1|1|1|1|1|1
7782,1,False,1,6,2,2|1|2|1|1|2|0|2|1|2
7792,1,False,1,8,3,1|3|3|3|3|1|3|3|3|3
7814,1,False,1,0,1,1|1|1|1|1|1|1|1|1|1
7825,1,False,1,7,0,0|1|1|3|0|1|3|3|0|0
7826,1,False,1,0,1,1|1|1|1|1|1|1|1|1|1
7835,1,False,1,0,1,1|1|1|1|1|1|1|1|1|1
7856,1,False,1,0,1,1|1|1|1|1|1|1|1|1|1
7857,1,False,1,2,1,1|1|1|1|3|5|1|1|1|1
7881,1,False,1,10,2,2|2|2|2|2|2|2|2|2|2
7896,1,False,1,0,1,1|1|1|1|1|1|1|1|1|1
7897,1,False,1,10,5,5|5|5|5|4|5|5|5|4|5
7901,1,False,1,10,3,3|3|3|4|3|4|3|4|3|4
7905,1,False,1,1,1,1|0|1|1|1|1|1|1|1|1
7916,1,False,1,2,1,1|1|1|1|1|1|3|3|1|1
7925,1,False,1,0,1,1|1|1|1|1|1|1|1|1|1
7937,1,False,1,10,2,2|2|2|2|2|2|2|2|2|2
7941,1,False,1,0,1,1|1|1|1|1|1|1|1|1|1
7942,1,False,1,0,1,1|1|1|1|1|1|1|1|1|1
7970,1,False,1,0,1,1|1|1|1|1|1|1|1|1|1
7972,1,False,1,0,1,1|1|1|1|1|1|1|1|1|1
7986,1,False,1,0,1,1|1|1|1|1|1|1|1|1|1
7997,1,False,1,10,4,4|4|4|4|4|4|5|4|4|4
8002,1,False,1,0,1,1|1|1|1|1|1|1|1|1|1
8009,1,False,1,10,2,2|2|2|0|3|2|2|2|2|2
8028,1,False,1,5,-1,3|3|3|1|1|1|1|3|1|3
8040,1,False,1,0,1,1|1|1|1|1|1|1|1|1|1
8045,1,False,1,10,0,0|0|0|0|0|0|0|0|0|0
8055,1,False,1,0,1,1|1|1|1|1|1|1|1|1|1
8062,1,False,1,0,1,1|1|1|1|1|1|1|1|1|1
8071,1,False,1,0,1,1|1|1|1|1|1|1|1|1|1
8079,1,False,1,0,1,1|1|1|1|1|1|1|1|1|1
8083,1,False,1,0,1,1|1|1|1|1|1|1|1|1|1
8084,1,False,1,0,1,1|1|1|1|1|1|1|1|1|1
8085,1,False,1,0,1,1|1|1|1|1|1|1|1|1|1
8103,1,False,1,7,5,1|5|5|5|1|1|5|5|5|5
8105,1,False,1,0,1,1|1|1|1|1|1|1|1|1|1
8110,1,False,1,10,0,0|0|0|0|3|0|0|0|0|0
8112,1,False,1,0,1,1|1|1|1|1|1|1|1|1|1
8116,1,False,1,10,2,2|2|2|2|3|2|2|2|2|2
8144,1,False,1,0,1,1|1|1|1|1|1|1|1|1|1
8151,1,False,1,0,1,1|1|1|1|1|1|1|1|1|1
8158,1,False,1,0,1,1|1|1|1|1|1|1|1|1|1
8165,1,False,1,9,0,0|0|1|0|0|0|0|0|0|0
8166,1,False,1,0,1,1|1|1|1|1|1|1|1|1|1
8199,1,False,1,0,1,1|1|1|1|1|1|1|1|1|1
8209,1,False,1,0,1,1|1|1|1|1|1|1|1|1|1
8213,1,False,1,0,1,1|1|1|1|1|1|1|1|1|1
8215,1,False,1,7,2,2|1|2|1|2|1|2|2|3|3
8234,1,False,1,0,1,1|1|1|1|1|1|1|1|1|1
8246,1,False,1,0,1,1|1|1|1|1|1|1|1|1|1
8261,1,False,1,0,1,1|1|1|1|1|1|1|1|1|1
8279,1,False,1,0,1,1|1|1|1|1|1|1|1|1|1
8281,1,False,1,10,0,0|3|0|2|2|9|0|0|0|0
8292,1,False,1,0,1,1|1|1|1|1|1|1|1|1|1
8293,1,False,1,1,1,1|1|1|1|1|1|1|1|5|1
8323,1,False,1,0,1,1|1|1|1|1|1|1|1|1|1
8350,1,False,1,0,1,1|1|1|1|1|1|1|1|1|1
8361,1,False,1,2,1,1|1|1|0|1|1|1|1|1|0
8379,1,False,1,7,2,0|0|1|0|2|1|1|2|2|2
8406,1,False,1,10,0,2|0|0|0|0|0|0|0|0|0
8418,1,False,1,0,1,1|1|1|1|1|1|1|1|1|1
8444,1,False,1,0,1,1|1|1|1|1|1|1|1|1|1
8457,1,False,1,0,1,1|1|1|1|1|1|1|1|1|1
8460,1,False,1,10,0,0|0|0|0|0|0|0|0|0|0
8477,1,False,1,0,1,1|1|1|1|1|1|1|1|1|1
8478,1,False,1,0,1,1|1|1|1|1|1|1|1|1|1
8484,1,False,1,6,1,1|0|3|3|0|1|3|1|1|0
8521,1,False,1,0,1,1|1|1|1|1|1|1|1|1|1
8543,1,False,1,0,1,1|1|1|1|1|1|1|1|1|1
8544,1,False,1,0,1,1|1|1|1|1|1|1|1|1|1
8547,1,False,1,10,3,3|3|3|3|3|3|3|3|3|3
8550,1,False,1,0,1,1|1|1|1|1|1|1|1|1|1
8557,1,False,1,9,3,3|3|3|3|2|3|3|3|3|1
8578,1,False,1,0,1,1|1|1|1|1|1|1|1|1|1
8583,1,False,1,0,1,1|1|1|1|1|1|1|1|1|1
8586,1,False,1,0,1,1|1|1|1|1|1|1|1|1|1
8592,1,False,1,0,1,1|1|1|1|1|1|1|1|1|1
8593,1,False,1,5,-1,1|0|0|1|0|0|1|1|0|1
8597,1,False,1,0,1,1|1|1|1|1|1|1|1|1|1
8609,1,False,1,3,1,1|1|1|2|2|1|2|1|1|1
8617,1,False,1,0,1,1|1|1|1|1|1|1|1|1|1
8633,1,False,1,4,1,0|1|0|1|3|1|0|1|1|1
8665,1,False,1,0,1,1|1|1|1|1|1|1|1|1|1
8670,1,False,1,2,1,1|1|1|1|2|1|1|2|1|1
8671,1,False,1,0,1,1|1|1|1|1|1|1|1|1|1
8685,1,False,1,1,1,1|1|1|1|1|1|1|1|1|5
8688,1,False,1,4,1,3|1|3|3|1|1|1|2|1|1
8692,1,False,1,9,0,0|0|0|0|0|0|0|5|1|0
8723,1,False,1,1,1,1|1|4|1|1|1|1|1|1|1
8726,1,False,1,1,1,1|1|1|1|1|1|2|1|1|1
8736,1,False,1,0,1,1|1|1|1|1|1|1|1|1|1
8753,1,False,1,7,3,1|4|4|3|3|1|1|3|2|3
8768,1,False,1,3,1,1|3|1|1|1|1|2|2|1|1
8785,1,False,1,0,1,1|1|1|1|1|1|1|1|1|1
8796,1,False,1,1,1,1|1|2|1|1|1|1|1|1|1
8833,1,False,1,0,1,1|1|1|1|1|1|1|1|1|1
8836,1,False,1,0,1,1|1|1|1|1|1|1|1|1|1
8840,1,False,1,0,1,1|1|1|1|1|1|1|1|1|1
8845,1,False,1,0,1,1|1|1|1|1|1|1|1|1|1
8848,1,False,1,10,2,2|2|2|0|2|2|2|2|2|2
8850,1,False,1,0,1,1|1|1|1|1|1|1|1|1|1
8854,1,False,1,0,1,1|1|1|1|1|1|1|1|1|1
8861,1,False,1,10,3,3|3|3|3|3|3|2|3|3|3
8873,1,False,1,0,1,1|1|1|1|1|1|1|1|1|1
8884,1,False,1,1,1,1|1|1|1|1|1|0|1|1|1
8885,1,False,1,0,1,1|1|1|1|1|1|1|1|1|1
8887,1,False,1,10,4,3|4|2|3|2|5|4|4|5|4
8892,1,False,1,0,1,1|1|1|1|1|1|1|1|1|1
8894,1,False,1,1,1,1|5|1|1|1|1|1|1|1|1
8895,1,False,1,0,1,1|1|1|1|1|1|1|1|1|1
8898,1,False,1,7,0,0|0|0|1|1|0|0|0|0|1
8909,1,False,1,1,1,1|1|1|1|1|1|1|1|2|1
8926,1,False,1,0,1,1|1|1|1|1|1|1|1|1|1
8930,1,False,1,1,1,1|1|1|1|1|1|1|2|1|1
8931,1,False,1,6,3,3|1|3|1|3|1|1|3|3|3
8945,1,False,1,0,1,1|1|1|1|1|1|1|1|1|1
8946,1,False,1,0,1,1|1|1|1|1|1|1|1|1|1
8948,1,False,1,0,1,1|1|1|1|1|1|1|1|1|1
8967,1,False,1,9,4,4|4|2|6|6|2|6|1|4|4
8981,1,False,1,0,1,1|1|1|1|1|1|1|1|1|1
8984,1,False,1,6,3,1|1|3|1|2|3|1|3|3|3
8985,1,False,1,0,1,1|1|1|1|1|1|1|1|1|1
9031,1,False,1,0,1,1|1|1|1|1|1|1|1|1|1
9032,1,False,1,3,1,3|1|2|1|1|1|1|1|3|1
9040,1,False,1,0,1,1|1|1|1|1|1|1|1|1|1
9049,1,False,1,10,8,8|8|8|8|8|0|8|0|0|8
9050,1,False,1,0,1,1|1|1|1|1|1|1|1|1|1
9053,1,False,1,6,5,5|1|9|1|5|1|5|5|1|5
9058,1,False,1,0,1,1|1|1|1|1|1|1|1|1|1
9065,1,False,1,5,1,0|1|1|0|3|1|3|1|1|0
9068,1,False,1,1,1,1|1|1|1|3|1|1|1|1|1
9071,1,False,1,8,4,1|4|4|1|0|4|4|5|4|4
9082,1,False,1,1,1,1|1|1|1|1|1|1|1|1|0
9095,1,False,1,6,1,2|1|3|1|2|1|6|1|3|6
9105,1,False,1,0,1,1|1|1|1|1|1|1|1|1|1
9109,1,False,1,0,1,1|1|1|1|1|1|1|1|1|1
9121,1,False,1,0,1,1|1|1|1|1|1|1|1|1|1
9127,1,False,1,10,0,0|0|0|0|0|0|0|0|0|0
9129,1,False,1,0,1,1|1|1|1|1|1|1|1|1|1
9140,1,False,1,0,1,1|1|1|1|1|1|1|1|1|1
9141,1,False,1,8,0,6|0|6|0|7|1|0|0|0|1
9148,1,False,1,5,-1,2|1|2|2|1|2|1|1|1|2
9149,1,False,1,0,1,1|1|1|1|1|1|1|1|1|1
9168,1,False,1,0,1,1|1|1|1|1|1|1|1|1|1
9169,1,False,1,0,1,1|1|1|1|1|1|1|1|1|1
9179,1,False,1,9,2,2|2|2|2|2|2|1|2|2|2
9182,1,False,1,0,1,1|1|1|1|1|1|1|1|1|1
9195,1,False,1,0,1,1|1|1|1|1|1|1|1|1|1
9202,1,False,1,6,-1,2|1|3|1|3|1|1|2|3|3
9212,1,False,1,0,1,1|1|1|1|1|1|1|1|1|1
9215,1,False,1,4,1,1|1|3|3|3|1|1|3|1|1
9221,1,False,1,10,5,5|5|5|5|5|5|5|5|5|5
9223,1,False,1,0,1,1|1|1|1|1|1|1|1|1|1
9228,1,False,1,4,1,1|1|3|1|2|1|1|1|2|3
9240,1,False,1,0,1,1|1|1|1|1|1|1|1|1|1
9252,1,False,1,8,5,5|5|5|1|1|5|5|5|5|5
9259,1,False,1,0,1,1|1|1|1|1|1|1|1|1|1
9262,1,False,1,2,1,1|2|1|1|1|1|1|2|1|1
9272,1,False,1,10,-1,8|2|2|0|3|8|0|8|3|2
9280,1,False,1,8,0,0|1|0|0|0|0|1|0|0|0
9287,1,False,1,8,5,5|5|5|5|5|1|1|5|5|5
9297,1,False,1,10,0,0|0|0|0|0|0|0|0|0|0
9305,1,False,1,0,1,1|1|1|1|1|1|1|1|1|1
9309,1,False,1,0,1,1|1|1|1|1|1|1|1|1|1
9314,1,False,1,9,8,8|8|4|8|4|8|8|5|1|2
9323,1,False,1,10,0,5|0|0|0|0|0|0|0|0|0
9327,1,False,1,0,1,1|1|1|1|1|1|1|1|1|1
9331,1,False,1,0,1,1|1|1|1|1|1|1|1|1|1
9340,1,False,1,10,5,5|5|3|5|5|5|5|5|5|5
9350,1,False,1,7,5,5|5|1|5|1|5|5|5|1|5
9354,1,False,1,0,1,1|1|1|1|1|1|1|1|1|1
9377,1,False,1,0,1,1|1|1|1|1|1|1|1|1|1
9390,1,False,1,2,1,2|1|1|1|1|1|1|2|1|1
9400,1,False,1,0,1,1|1|1|1|1|1|1|1|1|1
9401,1,False,1,0,1,1|1|1|1|1|1|1|1|1|1
9409,1,False,1,0,1,1|1|1|1|1|1|1|1|1|1
9415,1,False,1,1,1,1|1|1|1|1|1|0|1|1|1
9420,1,False,1,0,1,1|1|1|1|1|1|1|1|1|1
9448,1,False,1,7,2,2|2|3|2|1|2|2|3|1|1
9452,1,False,1,0,1,1|1|1|1|1|1|1|1|1|1
9457,1,False,1,8,0,0|0|0|1|1|0|0|0|0|0
9488,1,False,1,10,0,0|0|2|0|5|4|0|0|0|0
9493,1,False,1,1,1,1|1|1|1|1|1|1|1|3|1
9534,1,False,1,0,1,1|1|1|1|1|1|1|1|1|1
9550,1,False,1,10,2,0|2|2|2|0|2|2|2|2|2
9575,1,False,1,10,5,5|5|0|5|5|5|4|5|5|4
9584,1,False,1,0,1,1|1|1|1|1|1|1|1|1|1
9595,1,False,1,0,1,1|1|1|1|1|1|1|1|1|1
9600,1,False,1,0,1,1|1|1|1|1|1|1|1|1|1
9607,1,False,1,7,3,3|1|3|3|3|3|3|1|1|3
9608,1,False,1,0,1,1|1|1|1|1|1|1|1|1|1
9614,1,False,1,10,3,3|3|3|3|3|3|3|3|3|3
9623,1,False,1,0,1,1|1|1|1|1|1|1|1|1|1
9646,1,False,1,1,1,0|1|1|1|1|1|1|1|1|1
9673,1,False,1,0,1,1|1|1|1|1|1|1|1|1|1
9674,1,False,1,0,1,1|1|1|1|1|1|1|1|1|1
9686,1,False,1,0,1,1|1|1|1|1|1|1|1|1|1
9697,1,False,1,9,0,0|1|0|9|0|0|8|0|0|0
9704,1,False,1,0,1,1|1|1|1|1|1|1|1|1|1
9711,1,False,1,1,1,1|1|1|1|1|1|1|4|1|1
9712,1,False,1,10,-1,0|8|8|8|8|0|8|0|0|0
9737,1,False,1,5,1,1|1|1|3|2|1|2|2|1|2
9745,1,False,1,0,1,1|1|1|1|1|1|1|1|1|1
9750,1,False,1,8,2,3|1|3|1|0|2|2|2|2|3
9760,1,False,1,0,1,1|1|1|1|1|1|1|1|1|1
9774,1,False,1,10,5,2|5|5|5|5|5|5|5|5|5
9799,1,False,1,8,2,1|1|5|2|2|2|2|2|2|2
9800,1,False,1,0,1,1|1|1|1|1|1|1|1|1|1
9801,1,False,1,0,1,1|1|1|1|1|1|1|1|1|1
9821,1,False,1,0,1,1|1|1|1|1|1|1|1|1|1
9829,1,False,1,0,1,1|1|1|1|1|1|1|1|1|1
9845,1,False,1,10,7,7|7|7|7|7|7|7|7|7|7
9865,1,False,1,6,0,0|1|1|0|0|0|0|0|1|1
9885,1,False,1,0,1,1|1|1|1|1|1|1|1|1|1
9891,1,False,1,2,1,1|1|1|1|0|1|1|1|1|0
9937,1,False,1,0,1,1|1|1|1|1|1|1|1|1|1
9966,1,False,1,0,1,1|1|1|1|1|1|1|1|1|1
9973,1,False,1,5,1,2|1|3|1|1|3|3|1|2|1
9982,1,False,1,0,1,1|1|1|1|1|1|1|1|1|1
9991,1,False,1,3,1,1|5|1|1|5|1|1|1|5|1
10004,1,False,1,3,1,5|1|1|1|1|1|5|1|5|1
10028,1,False,1,0,1,1|1|1|1|1|1|1|1|1|1
10034,1,False,1,0,1,1|1|1|1|1|1|1|1|1|1
10035,1,False,1,6,0,1|0|0|0|0|1|0|1|1|0
10061,1,False,1,0,1,1|1|1|1|1|1|1|1|1|1
10079,2,False,2,2,2,1|2|2|2|2|2|2|2|2|1
10086,2,False,2,0,2,2|2|2|2|2|2|2|2|2|2
10123,2,False,2,3,2,2|2|2|2|2|0|2|0|2|0
10128,2,False,2,2,2,2|2|3|3|2|2|2|2|2|2
10133,2,False,2,0,2,2|2|2|2|2|2|2|2|2|2
10135,2,False,2,10,3,3|3|5|3|3|3|3|3|3|1
10143,2,False,2,3,2,2|2|2|2|3|2|2|2|3|3
10144,2,False,2,10,8,8|8|0|0|7|8|0|8|7|8
10145,2,False,2,2,2,2|2|2|2|2|2|2|3|2|3
10147,2,False,2,7,3,3|2|3|2|3|3|2|3|3|3
10152,2,False,2,0,2,2|2|2|2|2|2|2|2|2|2
10161,2,False,2,1,2,2|2|2|2|2|2|0|2|2|2
10166,2,False,2,3,2,2|2|2|2|3|2|1|2|2|0
10170,2,False,2,3,2,3|2|2|2|2|3|2|2|2|3
10176,2,False,2,0,2,2|2|2|2|2|2|2|2|2|2
10188,2,False,2,0,2,2|2|2|2|2|2|2|2|2|2
10192,2,False,2,1,2,2|2|2|2|3|2|2|2|2|2
10204,2,False,2,7,3,1|3|3|3|2|2|2|3|3|3
10215,2,False,2,2,2,3|3|2|2|2|2|2|2|2|2
10222,2,False,2,5,-1,3|2|3|3|2|2|3|3|2|2
10244,2,False,2,0,2,2|2|2|2|2|2|2|2|2|2
10260,2,False,2,8,0,0|0|0|2|0|3|0|2|0|9
10266,2,False,2,0,2,2|2|2|2|2|2|2|2|2|2
10275,2,False,2,2,2,2|3|2|2|3|2|2|2|2|2
10289,2,False,2,4,2,2|2|3|2|2|2|3|3|3|2
10307,2,False,2,0,2,2|2|2|2|2|2|2|2|2|2
10317,2,False,2,0,2,2|2|2|2|2|2|2|2|2|2
10328,2,False,2,5,2,2|2|2|3|2|3|3|3|2|0
10371,2,False,2,10,3,3|3|3|3|3|3|3|3|3|1
10374,2,False,2,9,0,0|0|0|0|8|2|9|0|0|0
10377,2,False,2,3,2,2|2|2|2|3|2|2|2|3|3
10383,2,False,2,0,2,2|2|2|2|2|2|2|2|2|2
10394,2,False,2,6,1,2|1|2|1|1|1|1|3|2|2
10395,2,False,2,10,5,3|5|5|5|5|5|5|5|5|5
10408,2,False,2,2,2,2|2|2|2|2|2|2|3|3|2
10443,2,False,2,0,2,2|2|2|2|2|2|2|2|2|2
10444,2,False,2,0,2,2|2|2|2|2|2|2|2|2|2
10483,2,False,2,6,3,3|2|3|3|2|2|2|3|3|3
10488,2,False,2,10,3,3|3|3|3|3|3|3|3|3|3
10492,2,False,2,0,2,2|2|2|2|2|2|2|2|2|2
10508,2,False,2,10,1,1|1|1|1|3|1|1|1|1|3
10515,2,False,2,1,2,3|2|2|2|2|2|2|2|2|2
10523,2,False,2,7,3,3|3|2|2|3|3|3|3|3|2
10538,2,False,2,10,3,3|3|3|3|3|3|3|3|3|3
10561,2,False,2,0,2,2|2|2|2|2|2|2|2|2|2
10585,2,False,2,9,1,1|2|1|1|5|5|1|1|1|5
10600,2,False,2,9,3,3|3|3|2|3|3|3|3|3|3
10601,2,False,2,0,2,2|2|2|2|2|2|2|2|2|2
10614,2,False,2,3,2,3|2|3|2|2|2|2|2|3|2
10617,2,False,2,6,2,2|3|1|2|3|2|1|5|1|2
10621,2,False,2,4,2,2|3|3|2|3|2|2|1|2|2
10631,2,False,2,2,2,2|2|3|2|3|2|2|2|2|2
10644,2,False,2,4,2,2|2|2|2|6|2|2|0|0|0
10652,2,False,2,10,5,5|5|5|3|5|5|5|5|5|5
10658,2,False,2,1,2,2|2|2|2|2|2|2|3|2|2
10669,2,False,2,9,3,3|2|3|3|3|3|3|3|3|3
10677,2,False,2,10,3,3|3|3|3|3|3|3|3|3|3
10684,2,False,2,0,2,2|2|2|2|2|2|2|2|2|2
10701,2,False,2,6,3,2|2|3|2|2|6|3|3|3|3
10710,2,False,2,5,-1,2|3|2|2|2|2|3|3|3|3
10712,2,False,2,9,4,4|5|4|4|2|5|4|4|4|4
10715,2,False,2,1,2,2|9|2|2|2|2|2|2|2|2
10723,2,False,2,9,3,3|3|3|3|3|3|2|3|1|3
10741,2,False,2,7,3,3|3|3|2|3|3|3|3|2|2
10745,2,False,2,0,2,2|2|2|2|2|2|2|2|2|2
10748,2,False,2,8,3,3|2|3|2|3|3|3|3|3|3
10764,2,False,2,0,2,2|2|2|2|2|2|2|2|2|2
10768,2,False,2,0,2,2|2|2|2|2|2|2|2|2|2
10786,2,False,2,5,-1,0|2|0|2|0|2|2|2|0|0
10811,2,False,2,3,2,2|3|3|2|2|2|3|2|2|2
10813,2,False,2,0,2,2|2|2|2|2|2|2|2|2|2
10834,2,False,2,1,2,2|2|2|2|2|2|2|2|1|2
10835,2,False,2,6,-1,2|3|3|2|0|6|3|2|3|2
10837,2,False,2,4,2,3|2|3|2|2|2|2|2|3|3
10839,2,False,2,10,3,3|3|3|3|3|3|3|3|3|3
10894,2,False,2,1,2,2|8|2|2|2|2|2|2|2|2
10921,2,False,2,4,2,0|2|2|2|2|3|8|8|2|2
10928,2,False,2,9,3,3|5|3|3|2|3|3|3|3|3
10936,2,False,2,1,2,3|2|2|2|2|2|2|2|2|2
10957,2,False,2,8,-1,3|1|2|1|3|1|2|3|1|3
10972,2,False,2,7,4,2|2|0|4|2|4|4|4|4|4
10973,2,False,2,7,1,2|1|2|1|3|1|1|2|1|1
10986,2,False,2,0,2,2|2|2|2|2|2|2|2|2|2
10993,2,False,2,4,2,1|2|1|2|1|2|2|2|2|1
11004,2,False,2,8,0,0|3|0|2|0|0|0|3|2|0
11008,2,False,2,10,0,0|0|0|0|0|0|0|0|0|0
11030,2,False,2,10,1,1|1|1|1|0|1|1|1|1|1
11043,2,False,2,10,3,3|3|3|3|3|3|3|3|3|3
11050,2,False,2,3,2,2|2|2|2|3|2|2|2|3|3
11055,2,False,2,1,2,2|2|2|2|2|2|1|2|2|2
11056,2,False,2,5,2,2|0|2|3|2|0|4|1|2|2
11060,2,False,2,2,2,2|2|2|1|3|2|2|2|2|2
11070,2,False,2,9,1,1|1|1|1|1|3|3|1|1|2
11077,2,False,2,6,-1,8|8|2|1|2|2|8|3|8|2
11095,2,False,2,9,0,0|0|0|0|3|0|0|3|2|3
11101,2,False,2,4,2,3|2|2|3|2|2|2|3|2|3
11103,2,False,2,0,2,2|2|2|2|2|2|2|2|2|2
11111,2,False,2,4,2,2|2|3|2|2|1|3|3|2|2
11113,2,False,2,3,2,2|3|2|2|3|2|3|2|2|2
11120,2,False,2,2,2,2|2|3|2|3|2|2|2|2|2
11130,2,False,2,10,3,3|3|3|3|3|3|3|3|3|3
11135,2,False,2,0,2,2|2|2|2|2|2|2|2|2|2
11142,2,False,2,4,2,2|2|3|2|3|3|2|2|3|2
11162,2,False,2,9,1,1|3|1|3|3|2|3|1|1|1
11167,2,False,2,1,2,2|2|2|2|2|2|2|2|3|2
11180,2,False,2,1,2,2|2|5|2|2|2|2|2|2|2
11183,2,False,2,9,3,3|3|3|3|2|3|3|3|3|3
11191,2,False,2,0,2,2|2|2|2|2|2|2|2|2|2
11193,2,False,2,9,0,0|0|0|0|0|0|2|0|0|8
11200,2,False,2,0,2,2|2|2|2|2|2|2|2|2|2
11202,2,False,2,10,8,8|8|8|4|1|8|4|8|4|8
11207,2,False,2,8,3,3|2|3|3|3|2|3|3|3|3
11245,2,False,2,10,3,3|3|3|3|3|3|3|3|3|3
11259,2,False,2,9,3,3|3|3|3|3|3|2|3|3|3
11281,2,False,2,10,1,1|1|0|1|0|1|0|1|1|1
11287,2,False,2,3,2,2|3|2|2|0|0|2|2|2|2
11293,2,False,2,1,2,2|2|2|2|2|2|2|3|2|2
11295,2,False,2,3,2,3|2|2|2|2|3|2|3|2|2
11302,2,False,2,3,2,2|0|2|2|3|0|2|2|2|2
11303,2,False,2,2,2,2|2|2|2|3|2|2|2|3|2
11327,2,False,2,1,2,2|2|2|2|3|2|2|2|2|2
11367,2,False,2,10,3,3|3|3|3|3|3|3|3|3|3
11370,2,False,2,10,0,0|3|0|0|0|0|0|0|0|0
11374,2,False,2,8,3,3|3|3|2|2|3|3|3|3|3
11377,2,False,2,10,-1,5|4|4|4|5|5|5|4|4|5
11379,2,False,2,9,1,1|1|4|3|3|2|5|4|0|1
11382,2,False,2,7,3,3|3|3|3|2|3|2|3|2|3
11384,2,False,2,10,6,6|6|6|6|4|6|6|4|6|6
11389,2,False,2,0,2,2|2|2|2|2|2|2|2|2|2
11396,2,False,2,10,3,0|3|3|3|3|0|3|0|0|3
11401,2,False,2,2,2,2|2|2|2|2|2|2|3|3|2
11402,2,False,2,1,2,2|2|2|2|3|2|2|2|2|2
11410,2,False,2,8,3,3|3|3|2|2|3|3|3|3|3
11421,2,False,2,0,2,2|2|2|2|2|2|2|2|2|2
11442,2,False,2,2,2,2|2|2|2|2|3|2|3|2|2
11445,2,False,2,0,2,2|2|2|2|2|2|2|2|2|2
11455,2,False,2,0,2,2|2|2|2|2|2|2|2|2|2
11477,2,False,2,1,2,2|2|2|2|3|2|2|2|2|2
11504,2,False,2,2,2,2|2|2|2|3|3|2|2|2|2
11526,2,False,2,2,2,1|2|2|2|2|2|2|2|2|5
11532,2,False,2,0,2,2|2|2|2|2|2|2|2|2|2
11535,2,False,2,2,2,3|2|2|2|2|2|2|2|2|3
11537,2,False,2,5,-1,2|3|2|3|2|2|3|3|3|2
11547,2,False,2,8,4,4|4|4|4|0|4|2|4|2|4
11554,2,False,2,5,2,3|3|2|2|0|2|2|3|3|2
11558,2,False,2,8,3,3|2|3|3|2|3|3|3|3|3
11559,2,False,2,2,2,2|2|3|2|3|2|2|2|2|2
11562,2,False,2,0,2,2|2|2|2|2|2|2|2|2|2
11571,2,False,2,9,3,3|3|3|2|3|3|3|3|3|3
11574,2,False,2,10,3,3|3|3|3|1|5|3|3|3|1
11583,2,False,2,9,3,1|3|3|3|2|3|3|3|3|3
11598,2,False,2,10,7,7|0|7|9|8|9|6|7|6|0
11600,2,False,2,5,-1,2|2|3|2|2|3|2|3|3|3
11606,2,False,2,6,-1,3|2|3|2|2|3|3|1|2|1
11614,2,False,2,0,2,2|2|2|2|2|2|2|2|2|2
11621,2,False,2,0,2,2|2|2|2|2|2|2|2|2|2
11625,2,False,2,10,3,3|3|1|3|3|3|3|3|3|3
11631,2,False,2,5,-1,2|3|3|3|3|2|2|2|3|2
11640,2,False,2,6,3,3|3|3|2|3|2|2|3|3|2
11642,2,False,2,0,2,2|2|2|2|2|2|2|2|2|2
11659,2,False,2,2,2,2|2|2|2|1|2|2|2|1|2
11708,2,False,2,7,3,3|3|2|2|3|2|3|3|3|3
11723,2,False,2,0,2,2|2|2|2|2|2|2|2|2|2
11742,2,False,2,10,7,7|7|0|7|0|7|7|7|7|7
11751,2,False,2,10,3,3|5|3|3|3|3|3|3|3|3
11775,2,False,2,10,5,1|5|5|5|5|5|5|1|1|1
11781,2,False,2,6,-1,3|2|3|3|4|2|2|2|3|5
11787,2,False,2,0,2,2|2|2|2|2|2|2|2|2|2
11794,2,False,2,0,2,2|2|2|2|2|2|2|2|2|2
11828,2,False,2,9,3,3|3|3|3|3|2|3|3|3|3
11829,2,False,2,6,3,3|2|3|2|3|2|3|2|3|3
11832,2,False,2,0,2,2|2|2|2|2|2|2|2|2|2
11838,2,False,2,7,2,1|8|1|2|9|2|5|0|2|5
11839,2,False,2,10,3,3|3|3|3|3|3|3|3|3|3
11850,2,False,2,4,2,3|5|2|3|3|2|2|2|2|2
11869,2,False,2,10,3,3|3|3|3|3|3|3|3|3|3
11874,2,False,2,10,3,3|3|3|3|3|3|3|3|3|3
11913,2,False,2,10,0,0|0|0|0|9|0|0|0|9|0
11924,2,False,2,8,3,0|2|2|0|3|3|3|9|3|0
11926,2,False,2,2,2,2|2|2|2|2|3|2|2|3|2
11934,2,False,2,0,2,2|2|2|2|2|2|2|2|2|2
11940,2,False,2,10,3,3|3|3|3|3|3|3|3|3|3
11968,2,False,2,9,3,3|3|3|3|2|3|3|3|3|3
11976,2,False,2,10,6,6|6|6|6|6|6|6|6|1|6
11987,2,False,2,0,2,2|2|2|2|2|2|2|2|2|2
11999,2,False,2,3,2,3|2|2|2|2|2|2|2|3|3
12000,2,False,2,9,3,3|3|1|2|3|3|3|3|3|3
12006,2,False,2,0,2,2|2|2|2|2|2|2|2|2|2
12050,2,False,2,9,3,3|3|3|3|2|3|3|3|3|3
12076,2,False,2,0,2,2|2|2|2|2|2|2|2|2|2
12082,2,False,2,0,2,2|2|2|2|2|2|2|2|2|2
12083,2,False,2,6,3,2|3|2|2|3|3|2|3|3|3
12106,2,False,2,9,0,0|0|0|0|0|0|0|0|2|0
12122,2,False,2,8,5,5|2|4|3|2|5|3|5|5|5
12126,2,False,2,0,2,2|2|2|2|2|2|2|2|2|2
12138,2,False,2,1,2,2|2|2|2|2|0|2|2|2|2
12142,2,False,2,10,5,5|5|4|5|4|5|4|5|5|5
12144,2,False,2,1,2,2|2|2|2|2|2|2|2|3|2
12148,2,False,2,10,3,3|3|3|3|3|3|3|3|3|3
12155,2,False,2,0,2,2|2|2|2|2|2|2|2|2|2
12186,2,False,2,4,2,3|2|2|3|2|2|3|3|2|2
12194,2,False,2,0,2,2|2|2|2|2|2|2|2|2|2
12223,2,False,2,0,2,2|2|2|2|2|2|2|2|2|2
12228,2,False,2,5,-1,2|3|2|2|3|3|3|3|2|2
12255,2,False,2,0,2,2|2|2|2|2|2|2|2|2|2
12260,2,False,2,1,2,2|1|2|2|2|2|2|2|2|2
12262,2,False,2,9,3,3|3|5|3|1|3|3|1|2|3
12263,2,False,2,10,8,8|8|8|0|8|8|8|9|8|8
12265,2,False,2,7,3,2|2|3|3|3|3|2|3|3|3
12266,2,False,2,4,2,3|2|3|2|2|2|2|3|3|2
12267,2,False,2,0,2,2|2|2|2|2|2|2|2|2|2
12269,2,False,2,2,2,2|2|2|2|0|0|2|2|2|2
12271,2,False,2,10,3,3|3|3|3|3|3|3|3|3|3
12276,2,False,2,5,-1,3|2|3|2|2|2|3|3|3|2
12286,2,False,2,1,2,2|2|2|2|2|0|2|2|2|2
12323,2,False,2,10,3,3|1|3|3|1|3|3|3|3|3
12326,2,False,2,4,2,3|2|2|2|3|2|2|2|3|3
12331,2,False,2,10,3,3|3|3|3|3|3|3|3|3|3
12334,2,False,2,9,3,3|3|3|3|3|3|3|2|3|3
12337,2,False,2,0,2,2|2|2|2|2|2|2|2|2|2
12353,2,False,2,5,2,2|2|3|2|3|1|3|2|3|2
12356,2,False,2,8,1,1|1|2|1|1|1|2|1|1|1
12358,2,False,2,6,1,1|1|1|2|3|1|2|2|2|1
12375,2,False,2,9,3,2|3|1|3|0|3|1|1|3|3
12387,2,False,2,10,0,0|0|0|0|0|0|0|0|4|4
12391,2,False,2,10,0,0|3|3|0|0|0|0|0|1|0
12392,2,False,2,10,3,3|3|3|3|3|3|3|3|3|3
12395,2,False,2,2,2,2|2|2|2|0|2|0|2|2|2
12405,2,False,2,8,3,3|3|3|2|3|3|3|3|2|3
12412,2,False,2,1,2,2|2|2|2|2|2|2|2|2|3
12422,2,False,2,1,2,2|2|2|2|2|3|2|2|2|2
12424,2,False,2,10,4,4|4|4|5|5|4|5|4|4|5
12430,2,False,2,0,2,2|2|2|2|2|2|2|2|2|2
12450,2,False,2,0,2,2|2|2|2|2|2|2|2|2|2
12456,2,False,2,1,2,2|2|2|2|2|2|2|2|2|3
12459,2,False,2,7,3,3|2|3|3|3|2|3|2|3|3
12465,2,False,2,9,3,3|2|3|3|3|3|3|3|3|3
12473,2,False,2,2,2,2|2|2|2|2|2|2|2|0|3
12476,2,False,2,1,2,2|2|2|2|3|2|2|2|2|2
12486,2,False,2,2,2,3|2|2|2|2|2|2|3|2|2
12488,2,False,2,7,3,2|3|3|3|3|3|2|3|2|3
12489,2,False,2,0,2,2|2|2|2|2|2|2|2|2|2
12490,2,False,2,3,2,3|2|2|3|2|2|2|3|2|2
12492,2,False,2,0,2,2|2|2|2|2|2|2|2|2|2
12497,2,False,2,6,3,3|3|3|2|2|3|3|3|2|2
12512,2,False,2,3,2,2|2|2|2|2|1|2|4|2|5
12514,2,False,2,3,2,2|2|2|2|2|0|2|7|2|7
12527,2,False,2,2,2,2|3|2|2|3|2|2|2|2|2
12535,2,False,2,10,3,3|3|3|3|3|3|3|3|3|3
12553,2,False,2,10,3,3|3|3|3|3|3|3|3|3|3
12555,2,False,2,8,3,3|3|3|2|2|3|3|3|3|3
12561,2,False,2,2,2,2|2|2|2|0|2|2|2|2|3
12562,2,False,2,0,2,2|2|2|2|2|2|2|2|2|2
12570,2,False,2,10,3,1|3|3|3|3|3|3|1|3|1
12602,2,False,2,2,2,2|2|2|3|2|2|2|2|3|2
12609,2,False,2,0,2,2|2|2|2|2|2|2|2|2|2
12613,2,False,2,5,-1,2|1|2|1|1|1|2|2|1|2
12635,2,False,2,9,3,3|3|3|3|2|3|3|3|3|3
12641,2,False,2,10,3,3|3|3|3|3|3|3|3|3|3
12644,2,False,2,4,2,2|3|6|2|2|2|2|3|1|2
12657,2,False,2,8,3,3|3|3|3|2|3|3|3|2|3
12669,2,False,2,2,2,3|2|3|2|2|2|2|2|2|2
12674,2,False,2,10,3,3|3|3|3|5|3|5|3|3|3
12675,2,False,2,1,2,2|2|2|2|3|2|2|2|2|2
12683,2,False,2,9,3,3|1|3|2|3|1|3|1|3|1
12689,2,False,2,0,2,2|2|2|2|2|2|2|2|2|2
12691,2,False,2,6,3,3|2|2|2|3|3|3|2|3|3
12701,2,False,2,0,2,2|2|2|2|2|2|2|2|2|2
12709,2,False,2,8,1,3|1|1|1|3|2|2|1|3|1
12712,2,False,2,10,3,3|3|3|3|3|3|3|3|3|3
12727,2,False,2,0,2,2|2|2|2|2|2|2|2|2|2
12735,2,False,2,5,2,8|8|2|0|2|2|2|2|0|9
12743,2,False,2,1,2,1|2|2|2|2|2|2|2|2|2
12754,2,False,2,10,0,0|0|8|0|0|0|0|0|8|0
12757,2,False,2,6,-1,5|4|2|3|2|3|3|2|3|2
12768,2,False,2,2,2,2|2|2|2|3|2|2|2|3|2
12771,2,False,2,9,0,7|8|2|0|0|9|9|0|0|6
12775,2,False,2,8,3,3|3|3|2|3|2|3|3|3|0
12786,2,False,2,0,2,2|2|2|2|2|2|2|2|2|2
12799,2,False,2,5,-1,3|2|3|2|3|2|2|3|3|2
12819,2,False,2,0,2,2|2|2|2|2|2|2|2|2|2
12839,2,False,2,0,2,2|2|2|2|2|2|2|2|2|2
12845,2,False,2,0,2,2|2|2|2|2|2|2|2|2|2
12853,2,False,2,10,3,3|3|3|3|3|3|3|1|3|3
12874,2,False,2,0,2,2|2|2|2|2|2|2|2|2|2
12888,2,False,2,0,2,2|2|2|2|2|2|2|2|2|2
12891,2,False,2,10,1,3|1|0|0|1|1|1|1|1|0
12904,2,False,2,1,2,2|3|2|2|2|2|2|2|2|2
12910,2,False,2,9,3,5|9|3|3|3|3|3|2|3|3
12918,2,False,2,10,5,5|5|5|5|5|5|5|5|5|5
12933,2,False,2,0,2,2|2|2|2|2|2|2|2|2|2
12934,2,False,2,0,2,2|2|2|2|2|2|2|2|2|2
12935,2,False,2,7,1,0|1|1|1|8|0|2|2|2|1
12937,2,False,2,1,2,2|3|2|2|2|2|2|2|2|2
12947,2,False,2,0,2,2|2|2|2|2|2|2|2|2|2
12961,2,False,2,10,3,3|3|3|3|3|3|3|3|3|3
12965,2,False,2,6,2,2|2|0|3|2|3|3|1|1|2
12979,2,False,2,1,2,2|2|3|2|2|2|2|2|2|2
12989,2,False,2,10,4,4|4|4|4|4|4|4|4|4|4
12998,2,False,2,9,4,4|4|4|4|2|4|8|4|4|4
13001,2,False,2,2,2,2|2|2|2|2|2|3|2|3|2
13011,2,False,2,10,4,4|5|4|4|8|4|5|4|5|5
13017,2,False,2,0,2,2|2|2|2|2|2|2|2|2|2
13018,2,False,2,0,2,2|2|2|2|2|2|2|2|2|2
13062,2,False,2,1,2,2|2|2|2|3|2|2|2|2|2
13063,2,False,2,6,3,3|2|3|2|2|3|3|1|2|3
13066,2,False,2,0,2,2|2|2|2|2|2|2|2|2|2
13079,2,False,2,2,2,0|2|2|2|2|2|2|2|0|2
13084,2,False,2,7,3,1|2|3|3|2|3|3|3|2|3
13123,2,False,2,10,3,3|3|1|5|3|3|3|3|1|1
13129,2,False,2,10,8,8|9|8|8|8|8|8|8|8|9
13135,2,False,2,0,2,2|2|2|2|2|2|2|2|2|2
13137,2,False,2,10,3,3|3|3|3|3|3|3|3|3|3
13145,2,False,2,10,1,1|1|1|1|1|1|1|0|1|1
13150,2,False,2,0,2,2|2|2|2|2|2|2|2|2|2
13163,2,False,2,10,3,3|3|3|3|3|3|3|3|3|3
13167,2,False,2,10,3,3|3|3|3|3|3|3|3|3|3
13183,2,False,2,5,2,2|1|1|0|2|0|1|2|2|2
13186,2,False,2,0,2,2|2|2|2|2|2|2|2|2|2
13211,2,False,2,4,2,1|2|2|2|2|1|2|1|2|1
13215,2,False,2,5,-1,2|3|3|2|2|3|3|2|3|2
13227,2,False,2,9,3,3|3|3|3|2|3|3|3|3|3
13228,2,False,2,9,3,3|2|3|3|3|3|3|3|3|3
13236,2,False,2,9,3,3|3|3|3|3|3|3|3|2|3
13239,2,False,2,1,2,2|2|2|1|2|2|2|2|2|2
13264,2,False,2,2,2,2|2|2|2|2|2|3|3|2|2
13288,2,False,2,4,2,2|2|4|3|2|3|2|4|2|2
13301,2,False,2,0,2,2|2|2|2|2|2|2|2|2|2
13310,2,False,2,1,2,2|2|2|2|2|2|2|3|2|2
13313,2,False,2,6,0,2|0|0|2|8|2|0|2|0|0
13320,2,False,2,9,3,3|3|3|2|3|3|3|3|3|3
13332,2,False,2,1,2,2|2|2|2|2|0|2|2|2|2
13334,2,False,2,1,2,2|2|2|2|2|2|2|3|2|2
13336,2,False,2,6,0,0|0|2|0|2|0|2|2|0|0
13339,2,False,2,3,2,2|2|2|2|2|1|1|2|1|2
13354,2,False,2,0,2,2|2|2|2|2|2|2|2|2|2
13375,2,False,2,0,2,2|2|2|2|2|2|2|2|2|2
13380,2,False,2,2,2,2|2|2|2|3|2|2|3|2|2
13381,2,False,2,8,3,3|3|3|2|3|3|3|3|2|3
13384,2,False,2,5,-1,2|3|2|2|3|2|3|3|2|3
13394,2,False,2,8,-1,0|2|8|0|8|8|2|0|0|8
13400,2,False,2,9,0,0|0|3|0|3|2|0|0|0|0
13401,2,False,2,10,3,3|3|8|3|3|3|3|3|3|3
13422,2,False,2,1,2,2|3|2|2|2|2|2|2|2|2
13450,2,False,2,0,2,2|2|2|2|2|2|2|2|2|2
13453,2,False,2,8,1,1|0|2|1|1|3|0|2|1|1
13458,2,False,2,0,2,2|2|2|2|2|2|2|2|2|2
13460,2,False,2,5,-1,3|2|2|2|3|2|3|3|3|2
13479,2,False,2,0,2,2|2|2|2|2|2|2|2|2|2
13491,2,False,2,0,2,2|2|2|2|2|2|2|2|2|2
13498,2,False,2,0,2,2|2|2|2|2|2|2|2|2|2
13503,2,False,2,3,2,2|2|2|2|3|2|2|2|3|3
13510,2,False,2,5,2,5|1|3|2|7|2|2|2|2|7
13524,2,False,2,1,2,2|3|2|2|2|2|2|2|2|2
13560,2,False,2,8,3,3|3|3|3|3|3|2|3|2|3
13562,2,False,2,10,1,1|0|1|1|1|1|0|1|1|0
13567,2,False,2,0,2,2|2|2|2|2|2|2|2|2|2
13569,2,False,2,10,3,3|3|3|3|3|3|3|3|3|3
13590,2,False,2,10,3,3|3|3|3|3|3|3|3|3|3
13608,2,False,2,6,3,2|3|2|2|2|3|3|3|3|3
13610,2,False,2,9,4,4|4|9|2|0|9|4|5|8|0
13635,2,False,2,10,8,8|8|9|8|8|8|9|8|8|9
13646,2,False,2,7,-1,2|1|2|0|3|1|0|1|0|2
13652,2,False,2,0,2,2|2|2|2|2|2|2|2|2|2
13664,2,False,2,7,3,3|3|2|2|1|3|1|1|3|2
13670,2,False,2,1,2,2|2|2|2|2|2|2|2|2|3
13679,2,False,2,1,2,2|2|2|2|3|2|2|2|2|2
13689,2,False,2,10,1,1|1|1|1|3|1|1|1|1|1
13693,2,False,2,7,3,3|2|3|1|3|2|3|1|3|2
13694,2,False,2,9,3,3|3|3|3|3|3|2|3|3|3
13709,2,False,2,0,2,2|2|2|2|2|2|2|2|2|2
13730,2,False,2,8,4,2|5|4|4|4|4|4|2|4|4
13734,2,False,2,2,2,3|2|2|2|2|2|2|2|3|2
13736,2,False,2,10,0,0|0|4|0|0|0|0|0|0|0
13741,2,False,2,2,2,3|2|2|2|2|2|3|2|2|2
13742,2,False,2,0,2,2|2|2|2|2|2|2|2|2|2
13745,2,False,2,0,2,2|2|2|2|2|2|2|2|2|2
13763,2,False,2,0,2,2|2|2|2|2|2|2|2|2|2
13768,2,False,2,0,2,2|2|2|2|2|2|2|2|2|2
13788,2,False,2,0,2,2|2|2|2|2|2|2|2|2|2
13804,2,False,2,0,2,2|2|2|2|2|2|2|2|2|2
13810,2,False,2,1,2,2|2|2|2|3|2|2|2|2|2
13814,2,False,2,1,2,2|2|2|2|1|2|2|2|2|2
13823,2,False,2,10,3,3|3|3|3|3|3|3|3|3|3
13826,2,False,2,9,3,3|3|3|3|3|3|3|3|2|3
13849,2,False,2,0,2,2|2|2|2|2|2|2|2|2|2
13850,2,False,2,10,6,6|6|6|6|6|6|5|6|6|6
13867,2,False,2,0,2,2|2|2|2|2|2|2|2|2|2
13877,2,False,2,10,0,0|0|0|0|0|0|0|0|0|0
13878,2,False,2,2,2,2|2|2|2|2|2|3|2|3|2
13881,2,False,2,7,3,3|3|3|2|2|3|3|3|2|3
13907,2,False,2,10,3,3|3|3|3|3|3|3|3|3|3
13926,2,False,2,10,3,3|3|3|3|3|3|3|3|3|3
13932,2,False,2,9,3,3|3|3|3|2|3|3|3|3|3
13941,2,False,2,10,3,3|3|3|3|3|1|3|3|3|3
13947,2,False,2,10,3,3|3|3|3|3|3|3|3|3|3
13950,2,False,2,0,2,2|2|2|2|2|2|2|2|2|2
13952,2,False,2,0,2,2|2|2|2|2|2|2|2|2|2
13957,2,False,2,5,-1,1|2|1|1|2|1|2|1|2|2
13983,2,False,2,10,3,3|3|3|3|3|3|3|3|3|3
13984,2,False,2,8,3,3|3|3|3|3|3|2|3|2|3
13985,2,False,2,7,3,2|0|3|2|0|3|6|2|3|3
13992,2,False,2,0,2,2|2|2|2|2|2|2|2|2|2
14003,2,False,2,3,2,2|1|2|2|2|3|2|2|2|1
14009,2,False,2,0,2,2|2|2|2|2|2|2|2|2|2
14039,2,False,2,0,2,2|2|2|2|2|2|2|2|2|2
14048,2,False,2,8,3,3|5|3|3|3|3|3|3|2|2
14049,2,False,2,9,3,3|3|3|2|3|3|3|3|3|3
14054,2,False,2,10,6,6|6|6|6|6|6|6|6|6|6
14062,2,False,2,0,2,2|2|2|2|2|2|2|2|2|2
14088,2,False,2,2,2,3|2|2|2|2|2|2|3|2|2
14090,2,False,2,6,3,2|2|3|3|3|3|2|2|3|3
14092,2,False,2,0,2,2|2|2|2|2|2|2|2|2|2
14107,2,False,2,0,2,2|2|2|2|2|2|2|2|2|2
14119,2,False,2,0,2,2|2|2|2|2|2|2|2|2|2
14126,2,False,2,0,2,2|2|2|2|2|2|2|2|2|2
14134,2,False,2,10,3,3|3|3|3|3|3|3|3|3|3
14142,2,False,2,10,3,3|3|3|3|3|3|3|3|3|3
14152,2,False,2,0,2,2|2|2|2|2|2|2|2|2|2
14153,2,False,2,10,3,3|3|3|3|3|3|3|3|3|3
14167,2,False,2,8,3,3|3|2|3|3|3|2|3|3|3
14181,2,False,2,0,2,2|2|2|2|2|2|2|2|2|2
14206,2,False,2,10,3,3|3|3|3|3|3|3|3|3|3
14233,2,False,2,3,2,2|2|2|2|3|2|2|3|3|2
14237,2,False,2,0,2,2|2|2|2|2|2|2|2|2|2
14260,2,False,2,10,3,3|3|3|3|3|3|3|3|3|3
14262,2,False,2,10,3,4|3|3|5|3|3|3|4|3|1
14265,2,False,2,0,2,2|2|2|2|2|2|2|2|2|2
14266,2,False,2,0,2,2|2|2|2|2|2|2|2|2|2
14279,2,False,2,0,2,2|2|2|2|2|2|2|2|2|2
14306,2,False,2,4,2,3|2|3|2|3|2|3|2|2|2
14313,2,False,2,0,2,2|2|2|2|2|2|2|2|2|2
14337,2,False,2,5,2,0|2|2|8|2|5|2|2|0|1
14340,2,False,2,10,3,3|3|3|3|0|3|3|3|0|3
14345,2,False,2,6,2,4|4|3|3|2|2|3|2|2|5
14356,2,False,2,0,2,2|2|2|2|2|2|2|2|2|2
14361,2,False,2,2,2,2|2|2|2|2|2|0|0|2|2
14362,2,False,2,9,3,3|2|3|3|3|3|3|3|3|3
14386,2,False,2,8,0,0|8|2|0|3|0|0|0|2|0
14397,2,False,2,9,3,3|3|2|3|3|3|3|3|3|3
14404,2,False,2,6,3,2|3|0|3|3|2|3|2|2|3
14415,2,False,2,9,4,4|4|4|4|0|4|4|4|2|4
14422,2,False,2,10,8,8|8|8|9|8|8|8|8|8|8
14424,2,False,2,2,2,3|2|3|2|2|2|2|2|2|2
14428,2,False,2,0,2,2|2|2|2|2|2|2|2|2|2
14434,2,False,2,0,2,2|2|2|2|2|2|2|2|2|2
14443,2,False,2,10,6,1|6|6|6|6|6|4|5|6|6
14446,2,False,2,0,2,2|2|2|2|2|2|2|2|2|2
14448,2,False,2,0,2,2|2|2|2|2|2|2|2|2|2
14449,2,False,2,0,2,2|2|2|2|2|2|2|2|2|2
14450,2,False,2,2,2,3|2|2|2|2|2|2|2|2|3
14457,2,False,2,10,3,3|3|3|3|3|3|3|3|3|3
14465,2,False,2,10,3,3|3|3|7|7|3|3|3|3|3
14467,2,False,2,0,2,2|2|2|2|2|2|2|2|2|2
14477,2,False,2,0,2,2|2|2|2|2|2|2|2|2|2
14492,2,False,2,8,8,8|8|2|2|8|3|8|8|8|8
14495,2,False,2,0,2,2|2|2|2|2|2|2|2|2|2
14504,2,False,2,3,2,4|2|2|2|2|4|4|2|2|2
14555,2,False,2,3,2,2|2|3|2|2|1|2|2|2|1
14588,2,False,2,1,2,2|2|2|2|2|2|2|2|2|3
14589,2,False,2,0,2,2|2|2|2|2|2|2|2|2|2
14610,2,False,2,0,2,2|2|2|2|2|2|2|2|2|2
14617,2,False,2,3,2,2|3|2|2|1|2|2|2|3|2
14675,2,False,2,10,1,1|1|1|3|3|1|1|1|3|3
14699,2,False,2,7,3,3|3|3|3|2|2|3|3|2|3
14700,2,False,2,0,2,2|2|2|2|2|2|2|2|2|2
14704,2,False,2,10,0,0|0|0|0|8|0|0|0|0|0
14722,2,False,2,0,2,2|2|2|2|2|2|2|2|2|2
14734,2,False,2,5,-1,3|2|2|3|2|3|3|2|2|3
14764,2,False,2,0,2,2|2|2|2|2|2|2|2|2|2
14782,2,False,2,5,-1,3|2|3|3|2|2|2|3|3|2
14849,2,False,2,0,2,2|2|2|2|2|2|2|2|2|2
14852,2,False,2,10,3,3|3|3|3|3|3|3|3|3|3
14862,2,False,2,4,2,2|2|2|2|4|5|6|2|2|6
14867,2,False,2,2,2,2|2|2|2|3|2|2|2|3|2
14878,2,False,2,10,3,3|3|3|3|3|3|3|3|3|3
14887,2,False,2,10,4,4|4|4|5|4|4|4|5|0|4
14889,2,False,2,6,2,2|3|2|2|3|2|1|6|3|6
14892,2,False,2,0,2,2|2|2|2|2|2|2|2|2|2
14897,2,False,2,3,2,2|2|2|3|0|2|2|2|3|2
14898,2,False,2,0,2,2|2|2|2|2|2|2|2|2|2
14904,2,False,2,8,6,2|6|2|6|0|6|0|6|3|6
14920,2,False,2,0,2,2|2|2|2|2|2|2|2|2|2
14934,2,False,2,10,0,0|0|0|0|0|0|0|0|0|0
14948,2,False,2,10,3,3|3|3|3|3|3|3|3|3|3
14949,2,False,2,0,2,2|2|2|2|2|2|2|2|2|2
14960,2,False,2,4,2,1|1|2|2|2|2|1|2|1|2
14974,2,False,2,10,3,3|3|3|3|3|3|3|3|3|3
14981,2,False,2,0,2,2|2|2|2|2|2|2|2|2|2
14982,2,False,2,6,-1,0|2|0|0|2|2|1|0|1|2
14993,2,False,2,5,-1,2|2|3|2|3|2|3|2|3|3
14996,2,False,2,8,5,5|1|2|5|1|5|5|5|5|2
15001,2,False,2,3,2,3|2|2|2|2|2|2|3|2|3
15002,2,False,2,10,1,3|1|1|1|1|3|1|1|1|1
15007,2,False,2,1,2,2|2|2|2|2|2|2|2|3|2
15010,2,False,2,4,2,3|2|2|2|3|3|2|3|2|2
15029,2,False,2,3,2,3|2|2|2|2|3|2|3|2|2
15040,2,False,2,4,2,1|2|2|1|2|0|2|2|2|1
15041,2,False,2,0,2,2|2|2|2|2|2|2|2|2|2
15053,2,False,2,5,-1,3|2|2|3|2|2|2|3|3|3
15058,2,False,2,10,6,8|6|6|6|6|6|0|0|6|0
15062,2,False,2,10,3,3|4|3|4|3|3|4|3|3|3
15080,2,False,2,9,3,3|3|3|3|2|3|3|3|3|3
15113,2,False,2,0,2,2|2|2|2|2|2|2|2|2|2
15124,2,False,2,0,2,2|2|2|2|2|2|2|2|2|2
15137,2,False,2,0,2,2|2|2|2|2|2|2|2|2|2
15140,2,False,2,0,2,2|2|2|2|2|2|2|2|2|2
15161,2,False,2,0,2,2|2|2|2|2|2|2|2|2|2
15164,2,False,2,8,1,1|3|2|1|4|2|3|1|1|1
15165,3,False,3,3,3,1|1|3|1|3|3|3|3|3|3
15186,3,False,3,0,3,3|3|3|3|3|3|3|3|3|3
15195,3,False,3,3,3,3|3|2|3|3|2|3|3|3|2
15208,3,False,3,9,2,2|2|2|2|2|2|2|2|3|2
15212,3,False,3,6,2,3|2|2|3|2|3|3|2|2|2
15219,3,False,3,1,3,3|3|3|3|3|3|3|3|2|3
15220,3,False,3,7,0,0|0|0|0|0|0|3|0|3|3
15221,3,False,3,6,3,3|5|2|4|5|7|3|3|3|6
15230,3,False,3,0,3,3|3|3|3|3|3|3|3|3|3
15241,3,False,3,0,3,3|3|3|3|3|3|3|3|3|3
15259,3,False,3,5,-1,2|3|3|2|3|2|2|2|3|3
15304,3,False,3,5,3,3|1|5|3|7|4|3|3|3|0
15310,3,False,3,7,2,2|3|3|2|3|2|2|2|2|2
15326,3,False,3,8,-1,3|5|5|3|2|5|2|2|5|2
15342,3,False,3,1,3,2|3|3|3|3|3|3|3|3|3
15364,3,False,3,4,3,1|3|1|3|3|1|1|3|3|3
15368,3,False,3,10,2,2|6|2|2|6|2|2|6|2|6
15369,3,False,3,3,3,3|3|2|3|3|2|3|2|3|3
15371,3,False,3,7,2,2|2|2|2|3|2|3|2|3|2
15374,3,False,3,10,6,6|6|6|6|6|6|6|6|6|6
15375,3,False,3,0,3,3|3|3|3|3|3|3|3|3|3
15379,3,False,3,9,5,5|5|5|5|5|5|5|5|5|3
15396,3,False,3,3,3,3|2|3|2|2|3|3|3|3|3
15400,3,False,3,0,3,3|3|3|3|3|3|3|3|3|3
15407,3,False,3,0,3,3|3|3|3|3|3|3|3|3|3
15418,3,False,3,7,2,2|2|4|3|2|2|3|2|2|3
15424,3,False,3,8,2,3|2|2|2|2|2|2|3|2|2
15432,3,False,3,3,3,3|2|3|2|2|3|3|3|3|3
15435,3,False,3,0,3,3|3|3|3|3|3|3|3|3|3
15451,3,False,3,0,3,3|3|3|3|3|3|3|3|3|3
15456,3,False,3,0,3,3|3|3|3|3|3|3|3|3|3
15458,3,False,3,0,3,3|3|3|3|3|3|3|3|3|3
15464,3,False,3,0,3,3|3|3|3|3|3|3|3|3|3
15485,3,False,3,2,3,3|3|3|3|2|3|2|3|3|3
15486,3,False,3,8,2,2|2|2|2|3|2|2|2|3|2
15487,3,False,3,2,3,0|3|3|3|3|3|3|0|3|3
15507,3,False,3,0,3,3|3|3|3|3|3|3|3|3|3
15510,3,False,3,5,3,2|3|4|3|3|1|1|3|1|3
15514,3,False,3,10,2,2|2|2|2|2|2|2|2|2|2
15519,3,False,3,8,5,3|5|5|3|5|4|5|5|5|5
15524,3,False,3,2,3,3|2|2|3|3|3|3|3|3|3
15528,3,False,3,4,3,2|2|3|3|3|3|2|2|3|3
15533,3,False,3,1,3,3|3|3|3|2|3|3|3|3|3
15540,3,False,3,7,2,9|3|2|0|2|3|2|3|2|2
15542,3,False,3,8,2,1|2|2|2|2|2|2|3|2|3
15545,3,False,3,0,3,3|3|3|3|3|3|3|3|3|3
15559,3,False,3,2,3,3|3|3|3|2|1|3|3|3|3
15561,3,False,3,1,3,3|3|3|3|3|2|3|3|3|3
15562,3,False,3,10,0,0|0|4|2|2|0|2|2|0|0
15569,3,False,3,1,3,3|2|3|3|3|3|3|3|3|3
15577,3,False,3,0,3,3|3|3|3|3|3|3|3|3|3
15580,3,False,3,0,3,3|3|3|3|3|3|3|3|3|3
15584,3,False,3,1,3,3|3|3|3|3|3|3|3|3|0
15586,3,False,3,10,-1,5|7|5|9|9|7|6|5|8|7
15594,3,False,3,10,2,2|2|2|2|2|2|2|2|2|2
15599,3,False,3,0,3,3|3|3|3|3|3|3|3|3|3
15611,3,False,3,7,2,3|2|2|2|3|2|1|2|3|2
15623,3,False,3,0,3,3|3|3|3|3|3|3|3|3|3
15629,3,False,3,1,3,3|3|3|3|3|3|3|3|3|2
15633,3,False,3,0,3,3|3|3|3|3|3|3|3|3|3
15641,3,False,3,7,5,3|5|5|5|3|5|3|5|5|5
15650,3,False,3,5,3,3|3|2|3|2|3|2|3|2|5
15655,3,False,3,0,3,3|3|3|3|3|3|3|3|3|3
15658,3,False,3,0,3,3|3|3|3|3|3|3|3|3|3
15665,3,False,3,6,5,3|5|5|3|5|5|5|3|5|3
15678,3,False,3,10,2,1|5|2|2|1|2|0|7|2|4
15684,3,False,3,0,3,3|3|3|3|3|3|3|3|3|3
15692,3,False,3,0,3,3|3|3|3|3|3|3|3|3|3
15695,3,False,3,0,3,3|3|3|3|3|3|3|3|3|3
15706,3,False,3,0,3,3|3|3|3|3|3|3|3|3|3
15714,3,False,3,0,3,3|3|3|3|3|3|3|3|3|3
15719,3,False,3,10,0,0|2|0|9|0|5|0|0|8|2
15729,3,False,3,0,3,3|3|3|3|3|3|3|3|3|3
15732,3,False,3,8,2,2|2|2|2|2|2|2|3|3|2
15734,3,False,3,0,3,3|3|3|3|3|3|3|3|3|3
15749,3,False,3,10,2,2|2|2|2|2|2|2|2|2|2
15755,3,False,3,0,3,3|3|3|3|3|3|3|3|3|3
15756,3,False,3,10,4,5|4|5|4|4|4|1|4|4|4
15765,3,False,3,1,3,3|3|3|2|3|3|3|3|3|3
15780,3,False,3,5,3,1|5|3|3|4|4|3|3|3|1
15782,3,False,3,5,3,2|1|3|3|2|2|3|3|1|3
15784,3,False,3,1,3,3|3|3|3|3|2|3|3|3|3
15806,3,False,3,0,3,3|3|3|3|3|3|3|3|3|3
15843,3,False,3,10,0,0|0|0|0|0|0|0|0|0|0
15854,3,False,3,5,3,3|2|3|3|3|2|3|4|5|2
15857,3,False,3,7,5,5|5|5|3|3|5|5|4|3|5
15888,3,False,3,1,3,3|0|3|3|3|3|3|3|3|3
15895,3,False,3,5,-1,2|2|3|3|3|3|2|3|2|2
15900,3,False,3,0,3,3|3|3|3|3|3|3|3|3|3
15921,3,False,3,10,2,2|2|2|2|2|2|2|2|1|2
15933,3,False,3,0,3,3|3|3|3|3|3|3|3|3|3
15936,3,False,3,0,3,3|3|3|3|3|3|3|3|3|3
15940,3,False,3,0,3,3|3|3|3|3|3|3|3|3|3
15949,3,False,3,0,3,3|3|3|3|3|3|3|3|3|3
15953,3,False,3,2,3,2|3|3|3|3|3|3|2|3|3
15972,3,False,3,2,3,3|3|3|2|3|3|2|3|3|3
15974,3,False,3,0,3,3|3|3|3|3|3|3|3|3|3
15975,3,False,3,5,3,3|3|4|3|4|1|3|2|4|3
15977,3,False,3,0,3,3|3|3|3|3|3|3|3|3|3
15978,3,False,3,2,3,3|3|3|3|2|3|2|3|3|3
15979,3,False,3,0,3,3|3|3|3|3|3|3|3|3|3
15982,3,False,3,7,2,3|2|3|2|3|2|1|2|2|2
16012,3,False,3,0,3,3|3|3|3|3|3|3|3|3|3
16014,3,False,3,0,3,3|3|3|3|3|3|3|3|3|3
16028,3,False,3,9,2,2|2|2|2|2|2|2|3|2|2
16034,3,False,3,2,3,3|3|3|3|2|2|3|3|3|3
16045,3,False,3,3,3,1|3|2|3|3|3|3|2|3|3
16055,3,False,3,10,2,2|2|2|2|2|2|2|2|2|2
16061,3,False,3,5,-1,3|3|2|3|3|2|2|2|3|2
16069,3,False,3,1,3,3|3|3|3|3|3|3|2|3|3
16075,3,False,3,6,2,2|2|2|3|3|2|2|3|3|2
16079,3,False,3,9,2,2|2|2|2|2|3|2|2|2|2
16088,3,False,3,10,2,2|2|2|2|1|2|2|2|1|2
16134,3,False,3,0,3,3|3|3|3|3|3|3|3|3|3
16135,3,False,3,0,3,3|3|3|3|3|3|3|3|3|3
16142,3,False,3,0,3,3|3|3|3|3|3|3|3|3|3
16179,3,False,3,6,2,3|2|2|2|2|2|3|3|3|2
16183,3,False,3,5,-1,2|2|2|2|3|2|3|3|3|3
16186,3,False,3,0,3,3|3|3|3|3|3|3|3|3|3
16188,3,False,3,10,2,2|2|2|2|2|2|2|2|2|2
16193,3,False,3,6,3,2|3|0|1|0|3|1|3|1|3
16198,3,False,3,10,6,6|6|6|6|6|6|6|6|6|6
16208,3,False,3,0,3,3|3|3|3|3|3|3|3|3|3
16215,3,False,3,7,2,1|2|3|2|3|1|2|1|3|2
16218,3,False,3,0,3,3|3|3|3|3|3|3|3|3|3
16220,3,False,3,10,2,2|2|2|2|2|2|2|2|2|2
16228,3,False,3,1,3,3|3|3|3|3|3|3|3|3|5
16232,3,False,3,9,2,3|2|2|2|2|2|2|2|2|2
16239,3,False,3,10,2,2|2|2|0|0|2|2|2|0|0
16243,3,False,3,10,0,0|0|0|0|0|0|0|0|0|0
16245,3,False,3,9,2,3|2|2|2|2|2|2|2|2|2
16251,3,False,3,10,2,2|2|2|2|2|2|2|2|2|2
16263,3,False,3,9,-1,5|1|4|4|2|3|5|4|5|2
16270,3,False,3,10,2,2|2|2|2|2|2|2|2|2|2
16302,3,False,3,4,3,3|3|1|1|1|3|3|1|3|3
16335,3,False,3,0,3,3|3|3|3|3|3|3|3|3|3
16341,3,False,3,10,0,0|0|0|0|0|0|0|0|0|0
16349,3,False,3,10,4,1|4|2|4|1|4|5|4|5|1
16362,3,False,3,0,3,3|3|3|3|3|3|3|3|3|3
16364,3,False,3,10,-1,5|5|4|4|4|5|4|5|4|5
16369,3,False,3,7,2,1|2|3|2|2|2|3|1|3|1
16404,3,False,3,6,2,3|3|2|2|3|2|0|2|3|2
16405,3,False,3,2,3,3|3|3|3|2|2|3|3|3|3
16410,3,False,3,7,2,2|3|2|2|3|2|2|2|3|2
16424,3,False,3,10,2,2|2|2|2|2|2|2|2|2|2
16440,3,False,3,5,-1,3|2|3|2|3|3|2|3|2|2
16441,3,False,3,0,3,3|3|3|3|3|3|3|3|3|3
16463,3,False,3,9,2,2|2|2|2|2|2|2|2|2|3
16475,3,False,3,9,6,3|6|6|1|6|6|1|7|4|6
16481,3,False,3,5,-1,3|2|2|2|3|3|2|3|3|2
16483,3,False,3,3,3,3|2|3|2|3|3|2|3|3|3
16484,3,False,3,1,3,3|3|3|3|2|3|3|3|3|3
16495,3,False,3,6,0,3|3|0|3|0|3|0|0|0|0
16499,3,False,3,10,2,2|2|2|2|2|2|2|2|2|2
16505,3,False,3,1,3,3|3|3|3|1|3|3|3|3|3
16508,3,False,3,1,3,3|3|3|2|3|3|3|3|3|3
16510,3,False,3,0,3,3|3|3|3|3|3|3|3|3|3
16517,3,False,3,0,3,3|3|3|3|3|3|3|3|3|3
16522,3,False,3,6,2,3|2|3|2|3|2|2|2|3|2
16523,3,False,3,0,3,3|3|3|3|3|3|3|3|3|3
16528,3,False,3,0,3,3|3|3|3|3|3|3|3|3|3
16529,3,False,3,0,3,3|3|3|3|3|3|3|3|3|3
16536,3,False,3,0,3,3|3|3|3|3|3|3|3|3|3
16580,3,False,3,3,3,1|3|3|1|3|3|3|3|1|3
16585,3,False,3,0,3,3|3|3|3|3|3|3|3|3|3
16591,3,False,3,9,2,2|2|2|2|2|2|2|3|2|2
16601,3,False,3,10,8,8|9|8|8|8|8|8|0|8|8
16612,3,False,3,0,3,3|3|3|3|3|3|3|3|3|3
16622,3,False,3,0,3,3|3|3|3|3|3|3|3|3|3
16638,3,False,3,10,0,5|0|9|0|0|0|9|0|0|0
16645,3,False,3,0,3,3|3|3|3|3|3|3|3|3|3
16646,3,False,3,0,3,3|3|3|3|3|3|3|3|3|3
16649,3,False,3,8,2,2|2|2|2|3|2|2|3|2|2
16650,3,False,3,10,9,2|9|8|9|9|9|8|7|9|9
16652,3,False,3,7,2,2|2|2|3|1|2|2|2|3|3
16668,3,False,3,7,1,3|1|1|1|3|3|1|1|1|1
16711,3,False,3,1,3,3|3|3|3|2|3|3|3|3|3
16713,3,False,3,3,3,3|3|2|2|3|3|3|3|2|3
16719,3,False,3,1,3,3|5|3|3|3|3|3|3|3|3
16728,3,False,3,10,5,5|5|5|5|5|5|5|5|5|5
16737,3,False,3,7,2,2|2|2|2|3|3|2|1|3|2
16743,3,False,3,4,3,6|3|3|3|4|3|3|3|1|4
16756,3,False,3,9,2,2|2|2|2|3|2|2|2|2|2
16778,3,False,3,0,3,3|3|3|3|3|3|3|3|3|3
16787,3,False,3,10,0,0|0|0|0|0|2|0|0|0|2
16798,3,False,3,0,3,3|3|3|3|3|3|3|3|3|3
16812,3,False,3,5,-1,3|2|2|3|2|3|2|2|3|3
16821,3,False,3,3,3,3|3|3|2|2|3|2|3|3|3
16822,3,False,3,5,-1,2|3|3|3|2|2|3|3|2|2
16824,3,False,3,2,3,3|2|3|3|3|3|3|3|1|3
16834,3,False,3,9,6,3|6|5|6|6|6|6|6|6|2
16865,3,False,3,0,3,3|3|3|3|3|3|3|3|3|3
16868,3,False,3,4,3,0|3|2|0|3|3|3|3|2|3
16870,3,False,3,7,-1,2|1|1|1|3|3|3|2|2|0
16896,3,False,3,0,3,3|3|3|3|3|3|3|3|3|3
16908,3,False,3,6,2,2|2|2|3|3|2|2|2|3|3
16913,3,False,3,10,2,2|2|2|2|2|2|2|2|2|2
16936,3,False,3,0,3,3|3|3|3|3|3|3|3|3|3
16987,3,False,3,8,2,3|4|0|2|3|1|2|2|0|5
17041,3,False,3,2,3,3|3|3|3|1|2|3|3|3|3
17046,3,False,3,4,3,3|2|3|2|3|1|3|3|2|3
17047,3,False,3,0,3,3|3|3|3|3|3|3|3|3|3
17052,3,False,3,0,3,3|3|3|3|3|3|3|3|3|3
17054,3,False,3,2,3,3|2|3|3|3|2|3|3|3|3
17086,3,False,3,10,2,2|2|2|2|2|2|2|2|2|2
17112,3,False,3,10,1,1|1|1|2|1|1|1|1|1|1
17124,3,False,3,10,2,2|2|2|2|2|2|2|2|2|2
17129,3,False,3,5,3,0|3|0|3|3|3|2|3|0|0
17137,3,False,3,0,3,3|3|3|3|3|3|3|3|3|3
17138,3,False,3,8,2,2|2|2|0|0|3|2|3|2|0
17139,3,False,3,1,3,3|2|3|3|3|3|3|3|3|3
17145,3,False,3,1,3,3|3|3|3|3|3|2|3|3|3
17157,3,False,3,5,-1,2|3|2|2|3|2|3|2|3|3
17164,3,False,3,6,2,3|3|3|2|1|2|2|3|2|2
17205,3,False,3,0,3,3|3|3|3|3|3|3|3|3|3
17207,3,False,3,1,3,3|3|2|3|3|3|3|3|3|3
17217,3,False,3,8,2,3|2|2|2|2|2|2|3|2|2
17264,3,False,3,10,2,2|2|6|5|5|1|1|2|2|1
17271,3,False,3,8,2,1|3|2|2|2|2|2|1|3|1
17280,3,False,3,8,2,3|2|2|2|2|2|2|2|3|2
17307,3,False,3,5,3,3|3|3|2|2|0|2|3|2|3
17325,3,False,3,3,3,3|3|3|7|3|3|7|3|3|7
17326,3,False,3,2,3,3|2|2|3|3|3|3|3|3|3
17333,3,False,3,10,2,2|2|2|2|2|2|2|2|2|2
17338,3,False,3,9,5,5|5|5|5|4|4|3|5|1|5
17341,3,False,3,0,3,3|3|3|3|3|3|3|3|3|3
17342,3,False,3,0,3,3|3|3|3|3|3|3|3|3|3
17348,3,False,3,0,3,3|3|3|3|3|3|3|3|3|3
17349,3,False,3,0,3,3|3|3|3|3|3|3|3|3|3
17360,3,False,3,0,3,3|3|3|3|3|3|3|3|3|3
17374,3,False,3,2,3,3|3|3|2|3|3|3|3|3|2
17375,3,False,3,1,3,3|3|3|3|2|3|3|3|3|3
17382,3,False,3,0,3,3|3|3|3|3|3|3|3|3|3
17383,3,False,3,10,2,0|2|2|0|2|2|2|0|2|2
17408,3,False,3,0,3,3|3|3|3|3|3|3|3|3|3
17414,3,False,3,0,3,3|3|3|3|3|3|3|3|3|3
17428,3,False,3,0,3,3|3|3|3|3|3|3|3|3|3
17432,3,False,3,0,3,3|3|3|3|3|3|3|3|3|3
17454,3,False,3,0,3,3|3|3|3|3|3|3|3|3|3
17459,3,False,3,4,3,3|3|2|3|3|3|3|0|2|2
17461,3,False,3,0,3,3|3|3|3|3|3|3|3|3|3
17462,3,False,3,7,-1,2|8|3|1|2|0|3|2|3|0
17473,3,False,3,4,3,2|2|3|2|3|3|2|3|3|3
17483,3,False,3,8,1,3|1|1|0|3|1|1|5|1|1
17504,3,False,3,0,3,3|3|3|3|3|3|3|3|3|3
17519,3,False,3,3,3,3|1|3|3|2|2|3|3|3|3
17521,3,False,3,0,3,3|3|3|3|3|3|3|3|3|3
17524,3,False,3,10,-1,8|8|8|0|8|0|0|8|0|0
17536,3,False,3,5,-1,3|2|2|3|3|2|3|2|3|2
17545,3,False,3,0,3,3|3|3|3|3|3|3|3|3|3
17561,3,False,3,0,3,3|3|3|3|3|3|3|3|3|3
17562,3,False,3,3,3,3|3|2|3|3|3|0|3|3|0
17570,3,False,3,0,3,3|3|3|3|3|3|3|3|3|3
17582,3,False,3,2,3,2|2|3|3|3|3|3|3|3|3
17591,3,False,3,1,3,3|3|2|3|3|3|3|3|3|3
17598,3,False,3,1,3,3|3|3|3|2|3|3|3|3|3
17603,3,False,3,0,3,3|3|3|3|3|3|3|3|3|3
17610,3,False,3,1,3,3|2|3|3|3|3|3|3|3|3
17663,3,False,3,3,3,3|3|5|3|3|3|5|5|3|3
17664,3,False,3,4,3,5|3|3|3|3|5|3|5|3|5
17671,3,False,3,1,3,3|3|3|3|2|3|3|3|3|3
17688,3,False,3,1,3,3|3|3|2|3|3|3|3|3|3
17703,3,False,3,0,3,3|3|3|3|3|3|3|3|3|3
17713,3,False,3,10,6,6|6|6|6|6|6|6|6|6|6
17718,3,False,3,0,3,3|3|3|3|3|3|3|3|3|3
17719,3,False,3,10,8,8|8|2|9|9|9|8|8|8|9
17742,3,False,3,9,6,0|2|6|2|6|6|0|6|3|0
17748,3,False,3,10,5,5|5|5|5|5|5|5|5|5|5
17754,3,False,3,7,2,2|3|2|3|3|2|2|2|2|2
17757,3,False,3,9,2,2|2|2|2|3|2|2|2|2|2
17771,3,False,3,2,3,5|3|3|3|2|3|3|3|3|3
17774,3,False,3,1,3,3|3|2|3|3|3|3|3|3|3
17776,3,False,3,0,3,3|3|3|3|3|3|3|3|3|3
17786,3,False,3,4,3,3|1|3|1|2|3|3|1|3|3
17793,3,False,3,3,3,3|3|3|2|2|3|3|3|3|2
17798,3,False,3,8,2,2|2|2|2|3|2|3|2|2|2
17805,3,False,3,2,3,3|2|3|3|2|3|3|3|3|3
17817,3,False,3,3,3,3|3|2|2|3|3|3|3|2|3
17825,3,False,3,3,3,0|3|3|3|3|3|3|0|3|0
17827,3,False,3,0,3,3|3|3|3|3|3|3|3|3|3
17839,3,False,3,7,2,2|2|3|3|3|2|2|2|2|2
17841,3,False,3,10,8,8|8|8|8|8|8|0|8|8|0
17856,3,False,3,10,8,8|9|8|9|9|9|8|5|8|8
17863,3,False,3,10,6,6|4|6|6|6|6|6|6|6|6
17866,3,False,3,10,1,1|1|1|1|1|1|1|1|1|1
17887,3,False,3,0,3,3|3|3|3|3|3|3|3|3|3
17925,3,False,3,3,3,3|3|2|2|3|3|2|3|3|3
17930,3,False,3,2,3,3|3|2|3|3|2|3|3|3|3
17931,3,False,3,1,3,3|3|3|2|3|3|3|3|3|3
17940,3,False,3,0,3,3|3|3|3|3|3|3|3|3|3
17957,3,False,3,0,3,3|3|3|3|3|3|3|3|3|3
17975,3,False,3,0,3,3|3|3|3|3|3|3|3|3|3
17985,3,False,3,1,3,3|3|3|2|3|3|3|3|3|3
17987,3,False,3,5,-1,3|1|1|1|1|3|3|3|1|3
17990,3,False,3,0,3,3|3|3|3|3|3|3|3|3|3
18002,3,False,3,10,2,2|2|2|2|2|2|2|2|2|2
18027,3,False,3,0,3,3|3|3|3|3|3|3|3|3|3
18031,3,False,3,4,3,3|3|2|2|3|2|3|2|3|3
18036,3,False,3,0,3,3|3|3|3|3|3|3|3|3|3
18053,3,False,3,0,3,3|3|3|3|3|3|3|3|3|3
18061,3,False,3,0,3,3|3|3|3|3|3|3|3|3|3
18063,3,False,3,0,3,3|3|3|3|3|3|3|3|3|3
18066,3,False,3,10,9,6|9|6|9|9|2|8|8|2|9
18069,3,False,3,10,2,2|0|2|2|2|2|2|0|0|2
18079,3,False,3,10,2,2|2|2|2|2|2|2|2|2|2
18088,3,False,3,6,3,1|3|4|5|4|3|3|3|5|6
18096,3,False,3,7,2,3|2|2|2|2|3|3|1|2|1
18118,3,False,3,9,2,2|2|2|2|2|2|2|2|3|2
18133,3,False,3,1,3,3|3|3|3|3|2|3|3|3|3
18135,3,False,3,3,3,3|3|3|2|3|2|2|3|3|3
18148,3,False,3,0,3,3|3|3|3|3|3|3|3|3|3
18180,3,False,3,7,2,2|2|3|2|3|2|2|2|3|2
18184,3,False,3,6,2,3|3|0|2|3|2|2|2|2|3
18196,3,False,3,9,4,5|5|5|3|4|4|4|4|5|4
18199,3,False,3,3,3,3|3|3|3|3|2|0|0|3|3
18208,3,False,3,0,3,3|3|3|3|3|3|3|3|3|3
18216,3,False,3,4,3,3|3|3|2|2|2|3|3|2|3
18237,3,False,3,1,3,3|3|3|3|2|3|3|3|3|3
18240,3,False,3,0,3,3|3|3|3|3|3|3|3|3|3
18248,3,False,3,6,3,3|5|3|1|5|1|5|3|1|3
18261,3,False,3,2,3,3|3|3|3|3|3|2|3|3|2
18284,3,False,3,9,2,3|5|2|2|2|2|1|1|2|2
18293,3,False,3,0,3,3|3|3|3|3|3|3|3|3|3
18304,3,False,3,7,2,4|2|2|3|2|2|2|3|2|3
18308,3,False,3,2,3,3|3|3|3|1|3|3|2|3|3
18312,3,False,3,9,2,2|2|2|2|2|2|3|2|2|0
18326,3,False,3,10,0,0|5|0|1|0|2|0|0|2|0
18338,3,False,3,2,3,3|3|3|3|3|1|3|1|3|3
18339,3,False,3,1,3,3|1|3|3|3|3|3|3|3|3
18345,3,False,3,0,3,3|3|3|3|3|3|3|3|3|3
18357,3,False,3,0,3,3|3|3|3|3|3|3|3|3|3
18358,3,False,3,10,2,2|2|2|2|2|2|2|2|2|2
18373,3,False,3,3,3,3|3|3|3|3|3|3|2|2|2
18423,3,False,3,1,3,3|3|3|3|3|3|3|3|2|3
18439,3,False,3,4,3,3|3|3|1|3|1|3|3|1|1
18442,3,False,3,1,3,3|3|3|3|2|3|3|3|3|3
18450,3,False,3,0,3,3|3|3|3|3|3|3|3|3|3
18463,3,False,3,0,3,3|3|3|3|3|3|3|3|3|3
18467,3,False,3,0,3,3|3|3|3|3|3|3|3|3|3
18469,3,False,3,0,3,3|3|3|3|3|3|3|3|3|3
18471,3,False,3,10,2,2|2|2|2|2|2|2|2|2|2
18493,3,False,3,1,3,3|3|3|3|3|3|3|1|3|3
18503,3,False,3,0,3,3|3|3|3|3|3|3|3|3|3
18506,3,False,3,1,3,3|3|3|3|3|3|2|3|3|3
18530,3,False,3,0,3,3|3|3|3|3|3|3|3|3|3
18540,3,False,3,3,3,3|3|3|2|3|2|2|3|3|3
18543,3,False,3,0,3,3|3|3|3|3|3|3|3|3|3
18547,3,False,3,0,3,3|3|3|3|3|3|3|3|3|3
18554,3,False,3,0,3,3|3|3|3|3|3|3|3|3|3
18566,3,False,3,7,0,0|0|0|0|3|3|3|0|0|0
18572,3,False,3,10,2,2|2|2|2|2|2|2|2|2|2
18576,3,False,3,0,3,3|3|3|3|3|3|3|3|3|3
18580,3,False,3,0,3,3|3|3|3|3|3|3|3|3|3
18610,3,False,3,1,3,3|3|3|3|2|3|3|3|3|3
18621,3,False,3,0,3,3|3|3|3|3|3|3|3|3|3
18627,3,False,3,1,3,3|3|3|3|3|3|3|3|2|3
18631,3,False,3,0,3,3|3|3|3|3|3|3|3|3|3
18646,3,False,3,3,3,3|2|2|3|3|3|2|3|3|3
18649,3,False,3,3,3,3|2|3|3|3|3|2|2|3|3
18663,3,False,3,6,2,3|3|2|2|2|2|3|3|2|2
18665,3,False,3,0,3,3|3|3|3|3|3|3|3|3|3
18680,3,False,3,10,2,2|2|1|2|2|1|2|2|2|2
18694,3,False,3,0,3,3|3|3|3|3|3|3|3|3|3
18713,3,False,3,0,3,3|3|3|3|3|3|3|3|3|3
18732,3,False,3,10,4,5|4|5|4|1|4|1|4|5|4
18741,3,False,3,8,2,2|2|2|2|3|2|2|2|2|3
18747,3,False,3,10,2,4|1|1|2|2|2|2|2|2|1
18767,3,False,3,6,2,2|2|3|3|2|2|2|3|3|2
18770,3,False,3,0,3,3|3|3|3|3|3|3|3|3|3
18795,3,False,3,6,2,2|2|3|2|2|3|3|2|8|3
18809,3,False,3,3,3,3|3|3|5|3|3|3|3|5|5
18812,3,False,3,0,3,3|3|3|3|3|3|3|3|3|3
18818,3,False,3,3,3,3|2|3|3|3|3|2|3|2|3
18823,3,False,3,8,2,2|2|2|2|3|2|2|2|3|2
18824,3,False,3,1,3,3|3|3|3|3|3|2|3|3|3
18834,3,False,3,0,3,3|3|3|3|3|3|3|3|3|3
18838,3,False,3,10,0,1|0|0|0|5|0|0|0|0|0
18839,3,False,3,0,3,3|3|3|3|3|3|3|3|3|3
18840,3,False,3,0,3,3|3|3|3|3|3|3|3|3|3
18855,3,False,3,3,3,3|3|0|0|3|3|3|3|3|0
18865,3,False,3,0,3,3|3|3|3|3|3|3|3|3|3
18866,3,False,3,6,5,3|5|5|3|5|5|3|3|5|5
18893,3,False,3,3,3,3|2|2|3|3|3|3|3|2|3
18912,3,False,3,2,3,3|3|3|3|3|2|3|3|2|3
18918,3,False,3,0,3,3|3|3|3|3|3|3|3|3|3
18946,3,False,3,0,3,3|3|3|3|3|3|3|3|3|3
18964,3,False,3,1,3,3|3|3|3|4|3|3|3|3|3
18967,3,False,3,10,1,1|2|1|1|1|1|9|1|1|1
18969,3,False,3,0,3,3|3|3|3|3|3|3|3|3|3
18987,3,False,3,0,3,3|3|3|3|3|3|3|3|3|3
19004,3,False,3,1,3,3|5|3|3|3|3|3|3|3|3
19016,3,False,3,1,3,3|3|3|3|3|3|3|3|3|0
19033,3,False,3,1,3,3|3|3|2|3|3|3|3|3|3
19043,3,False,3,0,3,3|3|3|3|3|3|3|3|3|3
19061,3,False,3,0,3,3|3|3|3|3|3|3|3|3|3
19068,3,False,3,1,3,3|3|3|3|3|3|3|3|1|3
19089,3,False,3,4,3,3|5|4|3|3|3|3|3|2|2
19093,3,False,3,1,3,3|3|3|3|2|3|3|3|3|3
19098,3,False,3,0,3,3|3|3|3|3|3|3|3|3|3
19105,3,False,3,1,3,3|3|3|2|3|3|3|3|3|3
19106,3,False,3,0,3,3|3|3|3|3|3|3|3|3|3
19127,3,False,3,2,3,2|2|3|3|3|3|3|3|3|3
19135,3,False,3,10,0,0|2|2|0|0|4|0|0|0|2
19141,3,False,3,0,3,3|3|3|3|3|3|3|3|3|3
19152,3,False,3,0,3,3|3|3|3|3|3|3|3|3|3
19180,3,False,3,5,-1,3|2|3|2|2|3|2|3|2|3
19181,3,False,3,0,3,3|3|3|3|3|3|3|3|3|3
19191,3,False,3,0,3,3|3|3|3|3|3|3|3|3|3
19194,3,False,3,2,3,2|3|3|3|9|3|3|3|3|3
19201,3,False,3,3,3,3|3|2|3|2|3|2|3|3|3
19208,3,False,3,0,3,3|3|3|3|3|3|3|3|3|3
19213,3,False,3,10,6,6|2|6|6|6|6|6|6|6|2
19219,3,False,3,5,3,0|3|2|0|3|3|3|0|2|3
19223,3,False,3,0,3,3|3|3|3|3|3|3|3|3|3
19238,3,False,3,0,3,3|3|3|3|3|3|3|3|3|3
19243,3,False,3,0,3,3|3|3|3|3|3|3|3|3|3
19251,3,False,3,1,3,3|3|3|3|2|3|3|3|3|3
19253,3,False,3,4,3,3|2|3|3|2|2|3|3|2|3
19295,3,False,3,0,3,3|3|3|3|3|3|3|3|3|3
19309,3,False,3,6,3,2|1|3|1|1|2|3|3|2|3
19333,3,False,3,0,3,3|3|3|3|3|3|3|3|3|3
19334,3,False,3,5,-1,3|5|5|5|3|3|3|5|3|5
19359,3,False,3,0,3,3|3|3|3|3|3|3|3|3|3
19380,3,False,3,0,3,3|3|3|3|3|3|3|3|3|3
19381,3,False,3,10,-1,2|2|2|0|0|2|0|0|0|2
19387,3,False,3,3,3,3|3|2|3|2|3|2|3|3|3
19397,3,False,3,0,3,3|3|3|3|3|3|3|3|3|3
19402,3,False,3,0,3,3|3|3|3|3|3|3|3|3|3
19457,3,False,3,0,3,3|3|3|3|3|3|3|3|3|3
19474,3,False,3,0,3,3|3|3|3|3|3|3|3|3|3
19481,3,False,3,10,-1,2|1|1|2|1|1|1|2|2|2
19500,3,False,3,2,3,1|3|3|3|3|3|3|3|2|3
19506,3,False,3,5,-1,3|2|2|3|2|3|2|3|3|2
19531,3,False,3,3,3,3|3|4|3|3|1|3|3|2|3
19534,3,False,3,9,1,5|1|1|1|0|2|5|3|1|5
19558,3,False,3,1,3,3|3|3|1|3|3|3|3|3|3
19559,3,False,3,2,3,3|3|2|2|3|3|3|3|3|3
19561,3,False,3,5,-1,2|3|3|2|3|3|2|2|3|2
19584,3,False,3,0,3,3|3|3|3|3|3|3|3|3|3
19590,3,False,3,0,3,3|3|3|3|3|3|3|3|3|3
19599,3,False,3,8,2,3|3|2|2|2|2|2|2|2|2
19601,3,False,3,1,3,3|3|3|3|3|3|1|3|3|3
19614,3,False,3,8,-1,3|2|3|1|1|1|2|2|1|2
19617,3,False,3,0,3,3|3|3|3|3|3|3|3|3|3
19628,3,False,3,0,3,3|3|3|3|3|3|3|3|3|3
19647,3,False,3,7,4,4|4|4|3|3|4|4|4|4|3
19665,3,False,3,1,3,3|3|3|3|3|3|2|3|3|3
19674,3,False,3,2,3,3|3|3|3|0|3|3|3|3|8
19682,3,False,3,2,3,2|3|3|3|3|3|2|3|3|3
19687,3,False,3,4,3,3|5|3|3|2|5|3|3|3|5
19715,3,False,3,4,3,1|3|3|1|3|3|2|1|3|3
19716,3,False,3,8,2,2|3|2|2|2|2|2|3|2|2
19722,3,False,3,0,3,3|3|3|3|3|3|3|3|3|3
19728,3,False,3,0,3,3|3|3|3|3|3|3|3|3|3
19760,3,False,3,4,3,1|3|3|3|3|3|2|3|2|2
19765,3,False,3,0,3,3|3|3|3|3|3|3|3|3|3
19769,3,False,3,0,3,3|3|3|3|3|3|3|3|3|3
19801,3,False,3,0,3,3|3|3|3|3|3|3|3|3|3
19805,3,False,3,2,3,3|3|3|3|3|3|2|3|3|2
19811,3,False,3,3,3,3|3|3|3|3|2|2|3|2|3
19827,3,False,3,3,3,3|2|3|3|3|3|3|2|3|2
19848,3,False,3,0,3,3|3|3|3|3|3|3|3|3|3
19851,3,False,3,1,3,3|3|3|3|3|3|3|3|3|2
19852,3,False,3,0,3,3|3|3|3|3|3|3|3|3|3
19853,3,False,3,9,2,2|2|3|0|0|1|2|2|0|1
19866,3,False,3,10,5,5|0|0|5|5|5|5|5|1|0
19867,3,False,3,0,3,3|3|3|3|3|3|3|3|3|3
19878,3,False,3,10,1,1|6|1|0|2|6|0|0|1|1
19879,3,False,3,9,2,2|1|2|2|2|2|2|2|3|2
19880,3,False,3,6,2,2|3|3|2|3|2|3|2|2|2
19888,3,False,3,0,3,3|3|3|3|3|3|3|3|3|3
19896,3,False,3,0,3,3|3|3|3|3|3|3|3|3|3
19897,3,False,3,3,3,3|3|3|3|3|3|2|2|2|3
19900,3,False,3,7,-1,6|2|3|2|3|2|6|7|3|1
19902,3,False,3,0,3,3|3|3|3|3|3|3|3|3|3
19906,3,False,3,9,0,5|0|2|3|2|1|2|0|0|0
19927,3,False,3,10,5,1|5|5|5|5|5|5|5|5|1
19936,3,False,3,5,-1,3|5|3|3|5|5|3|5|5|3
19937,3,False,3,0,3,3|3|3|3|3|3|3|3|3|3
19951,3,False,3,0,3,3|3|3|3|3|3|3|3|3|3
19955,3,False,3,0,3,3|3|3|3|3|3|3|3|3|3
19976,3,False,3,1,3,3|3|3|3|2|3|3|3|3|3
19982,3,False,3,10,2,2|8|2|8|2|2|0|2|2|2
20003,3,False,3,0,3,3|3|3|3|3|3|3|3|3|3
20015,4,False,4,4,4,4|4|4|4|6|6|1|4|3|4
20017,4,False,4,0,4,4|4|4|4|4|4|4|4|4|4
20033,4,False,4,0,4,4|4|4|4|4|4|4|4|4|4
20040,4,False,4,0,4,4|4|4|4|4|4|4|4|4|4
20086,4,False,4,4,4,5|4|5|5|4|4|4|5|4|4
20094,4,False,4,1,4,4|4|4|4|1|4|4|4|4|4
20098,4,False,4,5,-1,5|5|4|4|5|4|4|5|4|5
20100,4,False,4,6,5,4|4|5|4|5|5|5|5|5|4
20110,4,False,4,4,4,4|5|5|5|4|4|4|0|4|4
20115,4,False,4,0,4,4|4|4|4|4|4|4|4|4|4
20127,4,False,4,0,4,4|4|4|4|4|4|4|4|4|4
20130,4,False,4,0,4,4|4|4|4|4|4|4|4|4|4
20135,4,False,4,6,5,1|4|5|4|5|5|5|4|4|5
20136,4,False,4,1,4,4|4|4|4|5|4|4|4|4|4
20151,4,False,4,1,4,4|5|4|4|4|4|4|4|4|4
20160,4,False,4,10,3,3|2|3|3|3|2|2|3|3|3
20165,4,False,4,4,4,4|4|4|5|1|1|5|4|4|4
20167,4,False,4,0,4,4|4|4|4|4|4|4|4|4|4
20192,4,False,4,7,6,6|6|6|4|6|4|6|6|4|6
20197,4,False,4,1,4,4|4|4|5|4|4|4|4|4|4
20201,4,False,4,10,0,0|0|0|0|0|0|0|0|0|0
20209,4,False,4,0,4,4|4|4|4|4|4|4|4|4|4
20212,4,False,4,1,4,4|4|4|4|4|4|4|4|5|4
20221,4,False,4,0,4,4|4|4|4|4|4|4|4|4|4
20223,4,False,4,4,4,5|5|4|5|5|4|4|4|4|4
20229,4,False,4,6,5,5|4|4|5|5|4|4|5|5|5
20243,4,False,4,0,4,4|4|4|4|4|4|4|4|4|4
20252,4,False,4,0,4,4|4|4|4|4|4|4|4|4|4
20265,4,False,4,0,4,4|4|4|4|4|4|4|4|4|4
20266,4,False,4,1,4,4|4|4|4|4|4|4|4|2|4
20277,4,False,4,0,4,4|4|4|4|4|4|4|4|4|4
20282,4,False,4,0,4,4|4|4|4|4|4|4|4|4|4
20283,4,False,4,10,8,8|9|8|9|9|8|8|9|8|8
20286,4,False,4,2,4,4|4|4|5|4|4|4|5|4|4
20296,4,False,4,3,4,4|4|4|4|4|5|4|4|5|5
20312,4,False,4,0,4,4|4|4|4|4|4|4|4|4|4
20326,4,False,4,0,4,4|4|4|4|4|4|4|4|4|4
20331,4,False,4,0,4,4|4|4|4|4|4|4|4|4|4
20334,4,False,4,9,5,5|5|5|4|8|5|5|5|5|5
20338,4,False,4,0,4,4|4|4|4|4|4|4|4|4|4
20346,4,False,4,0,4,4|4|4|4|4|4|4|4|4|4
20352,4,False,4,4,4,6|6|4|4|4|4|6|4|6|4
20370,4,False,4,1,4,4|4|4|4|5|4|4|4|4|4
20372,4,False,4,1,4,4|4|4|4|4|5|4|4|4|4
20387,4,False,4,4,4,5|5|4|4|4|5|4|4|4|5
20388,4,False,4,1,4,4|4|4|5|4|4|4|4|4|4
20391,4,False,4,0,4,4|4|4|4|4|4|4|4|4|4
20393,4,False,4,10,5,5|5|5|5|5|5|5|5|5|5
20396,4,False,4,8,5,5|5|4|5|5|5|5|4|5|5
20425,4,False,4,0,4,4|4|4|4|4|4|4|4|4|4
20430,4,False,4,3,4,4|4|5|5|5|4|4|4|4|4
20432,4,False,4,0,4,4|4|4|4|4|4|4|4|4|4
20438,4,False,4,0,4,4|4|4|4|4|4|4|4|4|4
20453,4,False,4,0,4,4|4|4|4|4|4|4|4|4|4
20470,4,False,4,0,4,4|4|4|4|4|4|4|4|4|4
20472,4,False,4,5,-1,4|5|4|5|5|4|4|4|5|5
20486,4,False,4,7,-1,1|8|4|9|4|2|5|8|8|4
20490,4,False,4,0,4,4|4|4|4|4|4|4|4|4|4
20541,4,False,4,1,4,4|4|4|4|4|4|4|4|4|5
20551,4,False,4,8,3,5|3|4|4|3|3|3|3|2|5
20565,4,False,4,10,5,5|5|5|5|5|5|0|5|5|5
20576,4,False,4,3,4,5|4|4|4|4|5|4|4|4|5
20584,4,False,4,0,4,4|4|4|4|4|4|4|4|4|4
20592,4,False,4,0,4,4|4|4|4|4|4|4|4|4|4
20612,4,False,4,0,4,4|4|4|4|4|4|4|4|4|4
20613,4,False,4,1,4,4|2|4|4|4|4|4|4|4|4
20617,4,False,4,2,4,5|4|4|4|4|4|4|5|4|4
20627,4,False,4,2,4,4|4|6|4|4|4|4|6|4|4
20632,4,False,4,5,4,4|4|2|2|3|4|6|2|4|4
20648,4,False,4,2,4,4|4|4|4|4|4|4|5|5|4
20664,4,False,4,0,4,4|4|4|4|4|4|4|4|4|4
20666,4,False,4,1,4,4|4|4|4|4|4|4|5|4|4
20667,4,False,4,0,4,4|4|4|4|4|4|4|4|4|4
20672,4,False,4,0,4,4|4|4|4|4|4|4|4|4|4
20674,4,False,4,0,4,4|4|4|4|4|4|4|4|4|4
20726,4,False,4,10,5,5|5|5|5|5|5|5|5|5|5
20754,4,False,4,1,4,4|4|4|4|4|4|5|4|4|4
20765,4,False,4,8,5,5|5|5|5|4|5|4|5|0|0
20768,4,False,4,0,4,4|4|4|4|4|4|4|4|4|4
20770,4,False,4,10,6,6|6|6|6|6|6|6|6|6|6
20774,4,False,4,9,5,5|5|5|5|5|5|5|5|5|4
20795,4,False,4,0,4,4|4|4|4|4|4|4|4|4|4
20796,4,False,4,2,4,5|4|4|4|4|4|4|5|4|4
20798,4,False,4,0,4,4|4|4|4|4|4|4|4|4|4
20802,4,False,4,4,4,4|4|4|4|4|3|3|4|3|3
20819,4,False,4,0,4,4|4|4|4|4|4|4|4|4|4
20821,4,False,4,0,4,4|4|4|4|4|4|4|4|4|4
20829,4,False,4,0,4,4|4|4|4|4|4|4|4|4|4
20830,4,False,4,0,4,4|4|4|4|4|4|4|4|4|4
20849,4,False,4,1,4,4|4|4|4|4|4|4|4|5|4
20854,4,False,4,4,4,4|5|4|4|4|5|4|5|4|5
20855,4,False,4,9,5,5|5|5|5|4|5|5|5|5|5
20875,4,False,4,9,6,6|6|4|2|6|2|6|6|6|6
20882,4,False,4,6,1,4|4|1|1|4|1|4|1|1|1
20903,4,False,4,0,4,4|4|4|4|4|4|4|4|4|4
20913,4,False,4,10,3,3|3|3|3|2|5|3|5|5|3
20915,4,False,4,0,4,4|4|4|4|4|4|4|4|4|4
20923,4,False,4,1,4,4|4|4|4|4|4|4|4|5|4
20927,4,False,4,1,4,4|4|4|4|5|4|4|4|4|4
20932,4,False,4,0,4,4|4|4|4|4|4|4|4|4|4
20942,4,False,4,0,4,4|4|4|4|4|4|4|4|4|4
20947,4,False,4,0,4,4|4|4|4|4|4|4|4|4|4
20954,4,False,4,0,4,4|4|4|4|4|4|4|4|4|4
20960,4,False,4,7,4,2|1|4|4|5|4|1|2|3|5
20980,4,False,4,10,5,5|5|5|5|5|5|5|5|5|5
20995,4,False,4,10,8,8|2|8|8|3|3|1|8|8|8
21005,4,False,4,5,-1,4|5|5|4|5|5|4|4|5|4
21013,4,False,4,1,4,4|4|4|4|4|4|4|4|4|5
21016,4,False,4,0,4,4|4|4|4|4|4|4|4|4|4
21018,4,False,4,7,5,5|5|5|4|4|5|4|5|2|5
21022,4,False,4,10,5,5|5|5|5|5|5|5|5|5|5
21037,4,False,4,5,-1,5|4|5|5|4|5|4|5|4|4
21047,4,False,4,0,4,4|4|4|4|4|4|4|4|4|4
21067,4,False,4,10,0,1|0|0|0|0|0|0|1|0|0
21078,4,False,4,0,4,4|4|4|4|4|4|4|4|4|4
21114,4,False,4,10,2,5|2|3|3|5|2|2|2|2|5
21138,4,False,4,0,4,4|4|4|4|4|4|4|4|4|4
21150,4,False,4,1,4,4|4|5|4|4|4|4|4|4|4
21152,4,False,4,0,4,4|4|4|4|4|4|4|4|4|4
21158,4,False,4,9,1,1|0|4|1|1|0|1|2|0|1
21174,4,False,4,1,4,4|4|4|4|5|4|4|4|4|4
21181,4,False,4,1,4,4|4|4|4|4|5|4|4|4|4
21208,4,False,4,10,8,0|0|2|8|3|9|8|8|8|0
21213,4,False,4,1,4,4|4|4|4|4|4|5|4|4|4
21215,4,False,4,0,4,4|4|4|4|4|4|4|4|4|4
21226,4,False,4,0,4,4|4|4|4|4|4|4|4|4|4
21250,4,False,4,0,4,4|4|4|4|4|4|4|4|4|4
21259,4,False,4,3,4,4|4|5|4|4|5|4|5|4|4
21264,4,False,4,8,5,5|6|4|4|5|5|5|5|5|6
21270,4,False,4,0,4,4|4|4|4|4|4|4|4|4|4
21271,4,False,4,0,4,4|4|4|4|4|4|4|4|4|4
21273,4,False,4,0,4,4|4|4|4|4|4|4|4|4|4
21283,4,False,4,0,4,4|4|4|4|4|4|4|4|4|4
21298,4,False,4,0,4,4|4|4|4|4|4|4|4|4|4
21299,4,False,4,0,4,4|4|4|4|4|4|4|4|4|4
21304,4,False,4,0,4,4|4|4|4|4|4|4|4|4|4
21309,4,False,4,0,4,4|4|4|4|4|4|4|4|4|4
21350,4,False,4,1,4,4|4|4|4|5|4|4|4|4|4
21388,4,False,4,0,4,4|4|4|4|4|4|4|4|4|4
21402,4,False,4,10,5,5|5|5|5|5|5|5|5|5|5
21410,4,False,4,0,4,4|4|4|4|4|4|4|4|4|4
21417,4,False,4,10,5,5|5|5|5|5|5|5|5|5|5
21418,4,False,4,1,4,4|4|4|4|4|4|0|4|4|4
21422,4,False,4,0,4,4|4|4|4|4|4|4|4|4|4
21426,4,False,4,5,-1,5|4|5|5|4|4|4|5|5|4
21435,4,False,4,8,-1,3|2|3|4|3|5|2|5|4|5
21442,4,False,4,10,2,2|3|2|0|0|2|0|2|2|0
21444,4,False,4,0,4,4|4|4|4|4|4|4|4|4|4
21454,4,False,4,2,4,4|4|4|5|4|4|4|4|4|5
21457,4,False,4,0,4,4|4|4|4|4|4|4|4|4|4
21465,4,False,4,0,4,4|4|4|4|4|4|4|4|4|4
21478,4,False,4,4,4,4|5|5|4|5|4|4|4|5|4
21487,4,False,4,0,4,4|4|4|4|4|4|4|4|4|4
21492,4,False,4,0,4,4|4|4|4|4|4|4|4|4|4
21508,4,False,4,0,4,4|4|4|4|4|4|4|4|4|4
21515,4,False,4,3,4,5|4|4|4|4|5|4|4|4|5
21518,4,False,4,0,4,4|4|4|4|4|4|4|4|4|4
21519,4,False,4,0,4,4|4|4|4|4|4|4|4|4|4
21520,4,False,4,10,2,2|0|2|0|0|2|2|2|2|2
21522,4,False,4,0,4,4|4|4|4|4|4|4|4|4|4
21525,4,False,4,0,4,4|4|4|4|4|4|4|4|4|4
21551,4,False,4,0,4,4|4|4|4|4|4|4|4|4|4
21567,4,False,4,0,4,4|4|4|4|4|4|4|4|4|4
21583,4,False,4,0,4,4|4|4|4|4|4|4|4|4|4
21584,4,False,4,0,4,4|4|4|4|4|4|4|4|4|4
21612,4,False,4,0,4,4|4|4|4|4|4|4|4|4|4
21617,4,False,4,0,4,4|4|4|4|4|4|4|4|4|4
21638,4,False,4,4,4,4|4|5|4|4|5|5|4|4|5
21644,4,False,4,7,3,3|4|4|3|4|3|3|3|3|3
21648,4,False,4,3,4,4|5|4|5|4|4|4|4|4|5
21660,4,False,4,0,4,4|4|4|4|4|4|4|4|4|4
21678,4,False,4,3,4,4|6|4|4|4|4|4|5|4|5
21689,4,False,4,7,0,4|0|0|0|4|0|0|0|0|4
21690,4,False,4,2,4,4|4|4|4|4|5|4|4|5|4
21692,4,False,4,0,4,4|4|4|4|4|4|4|4|4|4
21694,4,False,4,2,4,4|4|4|4|4|4|4|1|5|4
21696,4,False,4,0,4,4|4|4|4|4|4|4|4|4|4
21730,4,False,4,0,4,4|4|4|4|4|4|4|4|4|4
21733,4,False,4,0,4,4|4|4|4|4|4|4|4|4|4
21734,4,False,4,4,4,4|1|4|0|4|4|0|1|4|4
21741,4,False,4,1,4,4|4|4|4|4|4|5|4|4|4
21748,4,False,4,0,4,4|4|4|4|4|4|4|4|4|4
21755,4,False,4,0,4,4|4|4|4|4|4|4|4|4|4
21763,4,False,4,0,4,4|4|4|4|4|4|4|4|4|4
21770,4,False,4,0,4,4|4|4|4|4|4|4|4|4|4
21777,4,False,4,0,4,4|4|4|4|4|4|4|4|4|4
21779,4,False,4,0,4,4|4|4|4|4|4|4|4|4|4
21782,4,False,4,1,4,4|4|4|4|5|4|4|4|4|4
21796,4,False,4,0,4,4|4|4|4|4|4|4|4|4|4
21819,4,False,4,0,4,4|4|4|4|4|4|4|4|4|4
21825,4,False,4,5,-1,4|4|5|5|4|5|4|5|4|5
21827,4,False,4,0,4,4|4|4|4|4|4|4|4|4|4
21839,4,False,4,0,4,4|4|4|4|4|4|4|4|4|4
21841,4,False,4,0,4,4|4|4|4|4|4|4|4|4|4
21847,4,False,4,0,4,4|4|4|4|4|4|4|4|4|4
21855,4,False,4,0,4,4|4|4|4|4|4|4|4|4|4
21866,4,False,4,0,4,4|4|4|4|4|4|4|4|4|4
21877,4,False,4,0,4,4|4|4|4|4|4|4|4|4|4
21883,4,False,4,5,4,5|5|5|4|4|5|4|2|4|4
21920,4,False,4,0,4,4|4|4|4|4|4|4|4|4|4
21923,4,False,4,0,4,4|4|4|4|4|4|4|4|4|4
21930,4,False,4,0,4,4|4|4|4|4|4|4|4|4|4
21941,4,False,4,0,4,4|4|4|4|4|4|4|4|4|4
21956,4,False,4,1,4,4|4|4|4|5|4|4|4|4|4
21960,4,False,4,0,4,4|4|4|4|4|4|4|4|4|4
21965,4,False,4,0,4,4|4|4|4|4|4|4|4|4|4
21986,4,False,4,0,4,4|4|4|4|4|4|4|4|4|4
21987,4,False,4,1,4,8|4|4|4|4|4|4|4|4|4
21994,4,False,4,0,4,4|4|4|4|4|4|4|4|4|4
21995,4,False,4,0,4,4|4|4|4|4|4|4|4|4|4
21997,4,False,4,0,4,4|4|4|4|4|4|4|4|4|4
22010,4,False,4,4,4,5|5|4|4|4|4|4|5|4|5
22030,4,False,4,0,4,4|4|4|4|4|4|4|4|4|4
22031,4,False,4,10,6,6|6|6|6|6|2|6|6|6|6
22042,4,False,4,4,4,4|5|4|5|4|4|4|4|5|5
22043,4,False,4,0,4,4|4|4|4|4|4|4|4|4|4
22053,4,False,4,0,4,4|4|4|4|4|4|4|4|4|4
22064,4,False,4,10,0,5|0|0|5|0|0|5|0|5|0
22082,4,False,4,0,4,4|4|4|4|4|4|4|4|4|4
22091,4,False,4,0,4,4|4|4|4|4|4|4|4|4|4
22104,4,False,4,0,4,4|4|4|4|4|4|4|4|4|4
22108,4,False,4,0,4,4|4|4|4|4|4|4|4|4|4
22133,4,False,4,0,4,4|4|4|4|4|4|4|4|4|4
22137,4,False,4,6,5,5|5|5|5|4|4|5|5|4|4
22142,4,False,4,0,4,4|4|4|4|4|4|4|4|4|4
22162,4,False,4,0,4,4|4|4|4|4|4|4|4|4|4
22170,4,False,4,1,4,4|4|4|4|4|6|4|4|4|4
22176,4,False,4,0,4,4|4|4|4|4|4|4|4|4|4
22185,4,False,4,10,5,5|1|5|5|5|5|5|5|5|5
22203,4,False,4,0,4,4|4|4|4|4|4|4|4|4|4
22217,4,False,4,1,4,4|4|4|4|4|4|4|5|4|4
22222,4,False,4,0,4,4|4|4|4|4|4|4|4|4|4
22251,4,False,4,10,3,8|3|1|3|0|3|3|3|3|3
22262,4,False,4,1,4,4|4|4|4|4|4|4|4|4|5
22264,4,False,4,0,4,4|4|4|4|4|4|4|4|4|4
22267,4,False,4,0,4,4|4|4|4|4|4|4|4|4|4
22269,4,False,4,0,4,4|4|4|4|4|4|4|4|4|4
22276,4,False,4,0,4,4|4|4|4|4|4|4|4|4|4
22286,4,False,4,1,4,4|4|4|4|5|4|4|4|4|4
22293,4,False,4,4,4,4|5|4|5|4|4|4|5|4|5
22300,4,False,4,2,4,4|5|4|4|5|4|4|4|4|4
22313,4,False,4,0,4,4|4|4|4|4|4|4|4|4|4
22333,4,False,4,0,4,4|4|4|4|4|4|4|4|4|4
22335,4,False,4,4,4,4|5|4|4|4|4|5|4|5|5
22340,4,False,4,4,4,4|4|5|5|4|4|5|4|4|5
22354,4,False,4,6,-1,5|4|4|5|8|4|5|5|8|4
22356,4,False,4,2,4,4|5|4|4|4|4|4|4|4|5
22405,4,False,4,0,4,4|4|4|4|4|4|4|4|4|4
22407,4,False,4,7,5,4|5|4|5|5|5|5|4|5|5
22414,4,False,4,0,4,4|4|4|4|4|4|4|4|4|4
22415,4,False,4,0,4,4|4|4|4|4|4|4|4|4|4
22443,4,False,4,0,4,4|4|4|4|4|4|4|4|4|4
22446,4,False,4,4,4,1|4|4|1|1|4|4|4|1|4
22452,4,False,4,10,5,5|5|5|5|5|5|5|5|5|5
22458,4,False,4,0,4,4|4|4|4|4|4|4|4|4|4
22459,4,False,4,6,1,1|1|4|4|4|1|4|1|1|1
22462,4,False,4,0,4,4|4|4|4|4|4|4|4|4|4
22480,4,False,4,4,4,4|1|4|4|3|1|4|4|4|1
22483,4,False,4,3,4,5|4|4|4|4|5|4|4|5|4
22500,4,False,4,10,5,5|5|5|5|5|5|5|5|5|5
22505,4,False,4,0,4,4|4|4|4|4|4|4|4|4|4
22533,4,False,4,2,4,4|4|4|5|5|4|4|4|4|4
22540,4,False,4,0,4,4|4|4|4|4|4|4|4|4|4
22552,4,False,4,0,4,4|4|4|4|4|4|4|4|4|4
22554,4,False,4,1,4,4|4|4|4|4|4|4|4|5|4
22564,4,False,4,5,4,5|4|5|4|3|4|4|3|4|3
22597,4,False,4,0,4,4|4|4|4|4|4|4|4|4|4
22602,4,False,4,2,4,4|4|4|4|5|4|5|4|4|4
22607,4,False,4,0,4,4|4|4|4|4|4|4|4|4|4
22608,4,False,4,1,4,4|4|4|4|4|4|4|4|5|4
22614,4,False,4,0,4,4|4|4|4|4|4|4|4|4|4
22616,4,False,4,0,4,4|4|4|4|4|4|4|4|4|4
22618,4,False,4,4,4,5|5|5|4|4|4|4|5|4|4
22623,4,False,4,3,4,4|5|4|4|5|4|4|4|5|4
22650,4,False,4,4,4,4|4|2|4|4|4|4|2|2|2
22651,4,False,4,0,4,4|4|4|4|4|4|4|4|4|4
22653,4,False,4,0,4,4|4|4|4|4|4|4|4|4|4
22678,4,False,4,10,3,3|5|5|5|3|3|3|3|5|3
22687,4,False,4,1,4,4|4|4|4|5|4|4|4|4|4
22700,4,False,4,0,4,4|4|4|4|4|4|4|4|4|4
22714,4,False,4,10,0,0|0|0|0|5|0|1|0|0|0
22727,4,False,4,0,4,4|4|4|4|4|4|4|4|4|4
22728,4,False,4,0,4,4|4|4|4|4|4|4|4|4|4
22744,4,False,4,0,4,4|4|4|4|4|4|4|4|4|4
22748,4,False,4,0,4,4|4|4|4|4|4|4|4|4|4
22750,4,False,4,0,4,4|4|4|4|4|4|4|4|4|4
22782,4,False,4,0,4,4|4|4|4|4|4|4|4|4|4
22783,4,False,4,0,4,4|4|4|4|4|4|4|4|4|4
22801,4,False,4,10,8,8|8|8|8|8|8|8|8|8|8
22805,4,False,4,4,4,4|4|4|4|5|4|5|5|4|5
22824,4,False,4,10,5,5|5|5|5|5|5|5|5|5|5
22828,4,False,4,0,4,4|4|4|4|4|4|4|4|4|4
22829,4,False,4,0,4,4|4|4|4|4|4|4|4|4|4
22837,4,False,4,8,5,4|3|5|5|5|1|5|5|4|5
22840,4,False,4,10,5,5|5|5|5|5|5|5|5|5|5
22849,4,False,4,0,4,4|4|4|4|4|4|4|4|4|4
22893,4,False,4,3,4,4|4|4|5|4|4|4|5|4|5
22902,4,False,4,0,4,4|4|4|4|4|4|4|4|4|4
22914,4,False,4,0,4,4|4|4|4|4|4|4|4|4|4
22920,4,False,4,0,4,4|4|4|4|4|4|4|4|4|4
22922,4,False,4,0,4,4|4|4|4|4|4|4|4|4|4
22928,4,False,4,10,5,5|5|5|5|5|5|5|5|5|5
22934,4,False,4,0,4,4|4|4|4|4|4|4|4|4|4
22937,4,False,4,4,4,4|4|4|4|1|5|5|4|5|4
22946,4,False,4,10,1,3|1|1|1|1|1|1|3|1|1
22952,4,False,4,10,5,5|5|5|5|5|5|3|5|5|5
22957,4,False,4,10,6,6|6|6|6|6|6|6|6|6|6
22960,4,False,4,0,4,4|4|4|4|4|4|4|4|4|4
22962,4,False,4,0,4,4|4|4|4|4|4|4|4|4|4
22967,4,False,4,0,4,4|4|4|4|4|4|4|4|4|4
22968,4,False,4,0,4,4|4|4|4|4|4|4|4|4|4
22997,4,False,4,3,4,5|5|4|4|4|4|4|4|4|5
23018,4,False,4,6,5,5|5|4|5|4|4|5|4|5|5
23033,4,False,4,0,4,4|4|4|4|4|4|4|4|4|4
23042,4,False,4,0,4,4|4|4|4|4|4|4|4|4|4
23056,4,False,4,0,4,4|4|4|4|4|4|4|4|4|4
23067,4,False,4,10,5,5|5|5|5|5|5|5|5|5|5
23072,4,False,4,3,4,4|4|4|4|6|6|4|6|4|4
23078,4,False,4,0,4,4|4|4|4|4|4|4|4|4|4
23088,4,False,4,0,4,4|4|4|4|4|4|4|4|4|4
23112,4,False,4,0,4,4|4|4|4|4|4|4|4|4|4
23122,4,False,4,0,4,4|4|4|4|4|4|4|4|4|4
23145,4,False,4,0,4,4|4|4|4|4|4|4|4|4|4
23150,4,False,4,1,4,4|4|4|4|4|5|4|4|4|4
23171,4,False,4,0,4,4|4|4|4|4|4|4|4|4|4
23184,4,False,4,5,-1,4|4|4|5|4|5|5|4|5|5
23199,4,False,4,0,4,4|4|4|4|4|4|4|4|4|4
23206,4,False,4,1,4,4|4|4|4|4|4|4|1|4|4
23209,4,False,4,1,4,4|4|4|4|4|4|5|4|4|4
23224,4,False,4,0,4,4|4|4|4|4|4|4|4|4|4
23231,4,False,4,10,7,3|3|3|7|7|1|7|0|1|7
23264,4,False,4,0,4,4|4|4|4|4|4|4|4|4|4
23268,4,False,4,6,0,0|4|4|0|4|0|0|0|0|4
23274,4,False,4,9,1,1|1|1|1|1|1|1|1|4|1
23279,4,False,4,0,4,4|4|4|4|4|4|4|4|4|4
23282,4,False,4,0,4,4|4|4|4|4|4|4|4|4|4
23285,4,False,4,4,4,4|4|4|5|5|5|4|5|4|4
23287,4,False,4,10,5,5|5|5|5|5|5|5|5|5|5
23295,4,False,4,3,4,5|4|4|4|4|5|5|4|4|4
23303,4,False,4,0,4,4|4|4|4|4|4|4|4|4|4
23309,4,False,4,1,4,4|4|4|4|4|4|4|4|4|5
23322,4,False,4,10,5,5|5|5|5|5|5|5|5|5|5
23355,4,False,4,0,4,4|4|4|4|4|4|4|4|4|4
23356,4,False,4,0,4,4|4|4|4|4|4|4|4|4|4
23359,4,False,4,0,4,4|4|4|4|4|4|4|4|4|4
23361,4,False,4,0,4,4|4|4|4|4|4|4|4|4|4
23362,4,False,4,0,4,4|4|4|4|4|4|4|4|4|4
23367,4,False,4,0,4,4|4|4|4|4|4|4|4|4|4
23392,4,False,4,0,4,4|4|4|4|4|4|4|4|4|4
23394,4,False,4,0,4,4|4|4|4|4|4|4|4|4|4
23407,4,False,4,0,4,4|4|4|4|4|4|4|4|4|4
23408,4,False,4,0,4,4|4|4|4|4|4|4|4|4|4
23409,4,False,4,6,5,4|5|4|5|5|5|5|4|4|5
23443,4,False,4,0,4,4|4|4|4|4|4|4|4|4|4
23452,4,False,4,0,4,4|4|4|4|4|4|4|4|4|4
23457,4,False,4,7,6,6|6|6|4|6|6|1|4|2|4
23481,4,False,4,1,4,5|4|4|4|4|4|4|4|4|4
23482,4,False,4,0,4,4|4|4|4|4|4|4|4|4|4
23489,4,False,4,0,4,4|4|4|4|4|4|4|4|4|4
23491,4,False,4,0,4,4|4|4|4|4|4|4|4|4|4
23500,4,False,4,6,5,5|5|4|5|4|4|4|5|5|5
23507,4,False,4,0,4,4|4|4|4|4|4|4|4|4|4
23525,4,False,4,0,4,4|4|4|4|4|4|4|4|4|4
23543,4,False,4,0,4,4|4|4|4|4|4|4|4|4|4
23592,4,False,4,0,4,4|4|4|4|4|4|4|4|4|4
23603,4,False,4,1,4,4|4|4|4|5|4|4|4|4|4
23662,4,False,4,0,4,4|4|4|4|4|4|4|4|4|4
23681,4,False,4,0,4,4|4|4|4|4|4|4|4|4|4
23714,4,False,4,0,4,4|4|4|4|4|4|4|4|4|4
23721,4,False,4,1,4,4|4|4|4|4|4|4|5|4|4
23725,4,False,4,0,4,4|4|4|4|4|4|4|4|4|4
23730,4,False,4,9,8,8|8|8|8|0|4|5|9|8|9
23733,4,False,4,3,4,5|4|4|4|5|4|4|5|4|4
23757,4,False,4,1,4,4|4|4|4|4|4|4|4|4|5
23774,4,False,4,0,4,4|4|4|4|4|4|4|4|4|4
23809,4,False,4,0,4,4|4|4|4|4|4|4|4|4|4
23819,4,False,4,0,4,4|4|4|4|4|4|4|4|4|4
23839,4,False,4,0,4,4|4|4|4|4|4|4|4|4|4
23871,4,False,4,3,4,4|5|5|4|4|4|4|5|4|4
23872,4,False,4,6,3,4|3|3|4|3|4|3|3|4|3
23892,4,False,4,1,4,4|4|4|4|5|4|4|4|4|4
23901,4,False,4,4,4,6|4|4|4|6|0|0|4|4|4
23913,4,False,4,10,1,1|1|1|1|5|1|1|1|1|1
23917,4,False,4,1,4,4|0|4|4|4|4|4|4|4|4
23932,4,False,4,2,4,5|4|4|4|4|4|4|5|4|4
23941,4,False,4,0,4,4|4|4|4|4|4|4|4|4|4
23951,4,False,4,9,5,5|5|5|5|4|5|5|5|5|5
23961,4,False,4,0,4,4|4|4|4|4|4|4|4|4|4
23982,4,False,4,0,4,4|4|4|4|4|4|4|4|4|4
23988,4,False,4,1,4,4|4|4|4|4|4|4|4|5|4
23992,4,False,4,7,5,4|4|4|5|5|5|5|5|5|5
23998,4,False,4,0,4,4|4|4|4|4|4|4|4|4|4
24003,4,False,4,4,4,4|4|4|5|6|4|6|6|4|4
24012,4,False,4,10,6,1|6|1|6|6|6|6|6|8|6
24013,4,False,4,0,4,4|4|4|4|4|4|4|4|4|4
24062,4,False,4,0,4,4|4|4|4|4|4|4|4|4|4
24072,4,False,4,5,4,4|4|4|1|5|4|5|5|4|5
24074,4,False,4,0,4,4|4|4|4|4|4|4|4|4|4
24078,4,False,4,3,4,4|4|4|5|5|4|5|4|4|4
24079,4,False,4,0,4,4|4|4|4|4|4|4|4|4|4
24080,4,False,4,0,4,4|4|4|4|4|4|4|4|4|4
24097,4,False,4,0,4,4|4|4|4|4|4|4|4|4|4
24100,4,False,4,4,4,1|1|4|4|4|4|1|4|1|4
24105,4,False,4,10,3,3|3|3|2|3|3|3|3|3|3
24109,4,False,4,8,0,1|0|1|0|0|3|4|5|4|3
24113,4,False,4,1,4,4|4|4|4|5|4|4|4|4|4
24130,4,False,4,0,4,4|4|4|4|4|4|4|4|4|4
24146,4,False,4,0,4,4|4|4|4|4|4|4|4|4|4
24153,4,False,4,0,4,4|4|4|4|4|4|4|4|4|4
24210,4,False,4,2,4,4|4|4|4|4|4|4|5|4|5
24211,4,False,4,0,4,4|4|4|4|4|4|4|4|4|4
24212,4,False,4,0,4,4|4|4|4|4|4|4|4|4|4
24215,4,False,4,10,5,5|5|5|5|5|5|5|5|5|5
24228,4,False,4,1,4,4|5|4|4|4|4|4|4|4|4
24263,4,False,4,3,4,4|1|4|4|4|4|5|2|4|4
24264,4,False,4,10,5,5|5|5|3|5|5|5|5|5|5
24266,4,False,4,10,5,5|5|5|5|5|5|5|5|5|5
24271,4,False,4,7,1,1|5|4|4|1|5|4|1|1|1
24276,4,False,4,1,4,4|4|4|4|4|4|4|4|0|4
24288,4,False,4,0,4,4|4|4|4|4|4|4|4|4|4
24307,4,False,4,1,4,4|4|4|4|4|4|4|5|4|4
24318,4,False,4,0,4,4|4|4|4|4|4|4|4|4|4
24336,4,False,4,3,4,1|4|4|4|4|4|1|4|0|4
24348,4,False,4,0,4,4|4|4|4|4|4|4|4|4|4
24352,4,False,4,0,4,4|4|4|4|4|4|4|4|4|4
24357,4,False,4,4,4,5|4|4|4|4|5|4|5|4|5
24363,4,False,4,0,4,4|4|4|4|4|4|4|4|4|4
24380,4,False,4,7,-1,3|4|4|1|0|0|0|1|1|4
24383,4,False,4,2,4,4|4|4|4|5|4|5|4|4|4
24385,4,False,4,0,4,4|4|4|4|4|4|4|4|4|4
24403,4,False,4,0,4,4|4|4|4|4|4|4|4|4|4
24405,4,False,4,0,4,4|4|4|4|4|4|4|4|4|4
24413,4,False,4,1,4,4|4|4|4|4|4|5|4|4|4
24416,4,False,4,0,4,4|4|4|4|4|4|4|4|4|4
24418,4,False,4,2,4,4|4|4|4|4|4|4|5|4|5
24432,4,False,4,1,4,5|4|4|4|4|4|4|4|4|4
24434,4,False,4,0,4,4|4|4|4|4|4|4|4|4|4
24444,4,False,4,0,4,4|4|4|4|4|4|4|4|4|4
24449,4,False,4,10,1,1|1|1|3|3|1|1|1|1|5
24450,4,False,4,0,4,4|4|4|4|4|4|4|4|4|4
24451,4,False,4,10,5,5|5|5|5|5|5|5|5|5|5
24454,4,False,4,0,4,4|4|4|4|4|4|4|4|4|4
24462,4,False,4,0,4,4|4|4|4|4|4|4|4|4|4
24465,4,False,4,10,5,5|5|5|5|5|5|5|5|5|5
24469,4,False,4,0,4,4|4|4|4|4|4|4|4|4|4
24474,4,False,4,0,4,4|4|4|4|4|4|4|4|4|4
24495,4,False,4,1,4,4|4|4|4|4|4|4|4|4|2
24502,4,False,4,10,5,5|5|5|5|5|5|5|5|5|5
24503,4,False,4,0,4,4|4|4|4|4|4|4|4|4|4
24510,4,False,4,10,5,5|0|5|5|5|0|5|5|5|5
24523,4,False,4,0,4,4|4|4|4|4|4|4|4|4|4
24525,4,False,4,0,4,4|4|4|4|4|4|4|4|4|4
24526,4,False,4,4,4,5|4|4|5|4|4|4|5|4|5
24532,4,False,4,0,4,4|4|4|4|4|4|4|4|4|4
24537,4,False,4,10,0,0|0|1|0|0|1|0|0|0|0
24563,4,False,4,0,4,4|4|4|4|4|4|4|4|4|4
24566,4,False,4,1,4,4|4|4|5|4|4|4|4|4|4
24568,4,False,4,0,4,4|4|4|4|4|4|4|4|4|4
24576,4,False,4,5,4,4|4|4|1|7|4|7|7|2|4
24599,4,False,4,10,5,5|5|5|5|5|5|5|5|5|5
24610,4,False,4,10,5,5|5|5|5|5|5|5|5|5|5
24614,4,False,4,0,4,4|4|4|4|4|4|4|4|4|4
24623,4,False,4,0,4,4|4|4|4|4|4|4|4|4|4
24624,4,False,4,0,4,4|4|4|4|4|4|4|4|4|4
24633,4,False,4,0,4,4|4|4|4|4|4|4|4|4|4
24641,4,False,4,0,4,4|4|4|4|4|4|4|4|4|4
24650,4,False,4,10,7,7|7|8|8|7|8|8|7|7|7
24665,4,False,4,0,4,4|4|4|4|4|4|4|4|4|4
24667,4,False,4,0,4,4|4|4|4|4|4|4|4|4|4
24677,4,False,4,8,-1,1|5|1|0|4|4|1|5|2|5
24682,4,False,4,0,4,4|4|4|4|4|4|4|4|4|4
24698,4,False,4,10,5,5|5|5|5|5|5|5|5|5|5
24706,4,False,4,0,4,4|4|4|4|4|4|4|4|4|4
24709,4,False,4,10,5,5|5|5|5|5|5|5|5|5|5
24710,4,False,4,10,0,0|2|2|0|0|3|2|0|0|2
24717,4,False,4,0,4,4|4|4|4|4|4|4|4|4|4
24720,4,False,4,0,4,4|4|4|4|4|4|4|4|4|4
24725,4,False,4,0,4,4|4|4|4|4|4|4|4|4|4
24730,4,False,4,1,4,4|4|4|4|4|4|4|5|4|4
24739,4,False,4,0,4,4|4|4|4|4|4|4|4|4|4
24753,4,False,4,5,-1,5|5|4|4|4|5|4|5|4|5
24758,4,False,4,0,4,4|4|4|4|4|4|4|4|4|4
24805,4,False,4,0,4,4|4|4|4|4|4|4|4|4|4
24806,4,False,4,0,4,4|4|4|4|4|4|4|4|4|4
24809,4,False,4,0,4,4|4|4|4|4|4|4|4|4|4
24820,4,False,4,10,0,0|1|0|0|0|0|3|0|0|0
24838,4,False,4,0,4,4|4|4|4|4|4|4|4|4|4
24849,4,False,4,0,4,4|4|4|4|4|4|4|4|4|4
24853,4,False,4,1,4,4|4|4|4|4|5|4|4|4|4
24856,4,False,4,0,4,4|4|4|4|4|4|4|4|4|4
24857,4,False,4,0,4,4|4|4|4|4|4|4|4|4|4
24862,4,False,4,1,4,4|4|4|4|4|4|4|4|4|5
24878,4,False,4,0,4,4|4|4|4|4|4|4|4|4|4
24879,4,False,4,0,4,4|4|4|4|4|4|4|4|4|4
24906,4,False,4,1,4,4|4|4|4|4|4|4|4|5|4
24914,4,False,4,9,5,5|5|5|5|5|5|4|5|5|5
24919,4,False,4,3,4,4|0|4|0|0|4|4|4|4|4
24944,4,False,4,8,1,1|1|4|4|3|1|1|1|1|1
24988,5,False,5,0,5,5|5|5|5|5|5|5|5|5|5
24992,5,False,5,8,4,4|4|4|5|4|7|4|7|7|5
25030,5,False,5,10,4,4|4|4|4|4|4|4|4|4|4
25033,5,False,5,0,5,5|5|5|5|5|5|5|5|5|5
25039,5,False,5,2,5,1|5|5|5|5|5|5|4|5|5
25045,5,False,5,0,5,5|5|5|5|5|5|5|5|5|5
25047,5,False,5,0,5,5|5|5|5|5|5|5|5|5|5
25077,5,False,5,3,5,1|3|3|5|5|5|5|5|5|5
25112,5,False,5,10,4,4|4|4|4|4|4|4|4|4|4
25118,5,False,5,0,5,5|5|5|5|5|5|5|5|5|5
25130,5,False,5,1,5,5|5|4|5|5|5|5|5|5|5
25131,5,False,5,5,-1,4|5|4|5|5|4|4|5|5|4
25136,5,False,5,9,2,2|2|4|4|2|5|2|4|4|2
25141,5,False,5,0,5,5|5|5|5|5|5|5|5|5|5
25143,5,False,5,8,4,8|5|4|4|0|4|4|5|0|4
25150,5,False,5,2,5,5|5|5|5|5|5|4|5|4|5
25169,5,False,5,8,4,4|4|4|4|5|4|4|4|5|4
25170,5,False,5,9,2,2|2|2|2|3|2|5|2|1|2
25186,5,False,5,0,5,5|5|5|5|5|5|5|5|5|5
25200,5,False,5,10,4,4|4|4|4|4|4|4|4|4|4
25227,5,False,5,9,3,3|3|3|3|3|3|3|5|3|3
25234,5,False,5,6,5,1|0|1|0|6|5|5|5|5|1
25236,5,False,5,0,5,5|5|5|5|5|5|5|5|5|5
25273,5,False,5,4,5,5|5|5|1|4|4|5|5|4|5
25293,5,False,5,0,5,5|5|5|5|5|5|5|5|5|5
25302,5,False,5,0,5,5|5|5|5|5|5|5|5|5|5
25315,5,False,5,0,5,5|5|5|5|5|5|5|5|5|5
25316,5,False,5,10,4,4|4|4|4|4|4|4|4|4|4
25328,5,False,5,0,5,5|5|5|5|5|5|5|5|5|5
25346,5,False,5,5,-1,4|5|4|5|4|5|5|4|5|4
25348,5,False,5,0,5,5|5|5|5|5|5|5|5|5|5
25351,5,False,5,0,5,5|5|5|5|5|5|5|5|5|5
25365,5,False,5,1,5,5|5|5|5|5|5|4|5|5|5
25368,5,False,5,0,5,5|5|5|5|5|5|5|5|5|5
25371,5,False,5,5,-1,4|5|4|5|4|5|4|4|5|5
25384,5,False,5,0,5,5|5|5|5|5|5|5|5|5|5
25391,5,False,5,0,5,5|5|5|5|5|5|5|5|5|5
25415,5,False,5,4,5,5|5|5|0|5|2|5|2|5|2
25422,5,False,5,0,5,5|5|5|5|5|5|5|5|5|5
25428,5,False,5,10,4,4|4|4|4|4|4|2|2|2|4
25440,5,False,5,0,5,5|5|5|5|5|5|5|5|5|5
25463,5,False,5,0,5,5|5|5|5|5|5|5|5|5|5
25480,5,False,5,10,4,4|4|4|4|4|4|4|4|4|4
25481,5,False,5,0,5,5|5|5|5|5|5|5|5|5|5
25482,5,False,5,8,4,4|4|4|3|4|5|3|2|2|5
25487,5,False,5,10,4,4|4|4|4|4|4|4|4|4|4
25489,5,False,5,0,5,5|5|5|5|5|5|5|5|5|5
25498,5,False,5,8,4,5|4|4|4|4|4|5|4|4|4
25502,5,False,5,3,5,5|5|5|9|5|5|5|9|5|9
25511,5,False,5,0,5,5|5|5|5|5|5|5|5|5|5
25512,5,False,5,6,4,5|5|4|4|4|4|5|5|4|4
25530,5,False,5,10,4,4|4|4|4|4|4|4|4|4|4
25532,5,False,5,0,5,5|5|5|5|5|5|5|5|5|5
25534,5,False,5,9,1,1|1|8|1|1|4|1|0|5|1
25546,5,False,5,1,5,5|5|5|5|5|5|5|5|3|5
25557,5,False,5,10,4,4|4|4|4|4|1|1|4|1|4
25580,5,False,5,0,5,5|5|5|5|5|5|5|5|5|5
25583,5,False,5,7,4,4|4|4|5|4|5|4|4|4|5
25588,5,False,5,0,5,5|5|5|5|5|5|5|5|5|5
25611,5,False,5,10,8,8|8|8|8|8|8|8|8|8|8
25615,5,False,5,0,5,5|5|5|5|5|5|5|5|5|5
25627,5,False,5,6,4,5|5|4|4|4|4|4|5|5|4
25629,5,False,5,0,5,5|5|5|5|5|5|5|5|5|5
25633,5,False,5,0,5,5|5|5|5|5|5|5|5|5|5
25637,5,False,5,0,5,5|5|5|5|5|5|5|5|5|5
25639,5,False,5,0,5,5|5|5|5|5|5|5|5|5|5
25645,5,False,5,0,5,5|5|5|5|5|5|5|5|5|5
25665,5,False,5,0,5,5|5|5|5|5|5|5|5|5|5
25670,5,False,5,0,5,5|5|5|5|5|5|5|5|5|5
25691,5,False,5,0,5,5|5|5|5|5|5|5|5|5|5
25696,5,False,5,0,5,5|5|5|5|5|5|5|5|5|5
25708,5,False,5,2,5,5|5|5|5|4|5|4|5|5|5
25710,5,False,5,0,5,5|5|5|5|5|5|5|5|5|5
25711,5,False,5,1,5,5|5|5|5|5|5|5|5|5|1
25733,5,False,5,7,4,4|4|5|4|5|4|5|4|4|4
25737,5,False,5,0,5,5|5|5|5|5|5|5|5|5|5
25744,5,False,5,2,5,5|5|5|4|5|4|5|5|5|5
25754,5,False,5,0,5,5|5|5|5|5|5|5|5|5|5
25759,5,False,5,0,5,5|5|5|5|5|5|5|5|5|5
25762,5,False,5,3,5,5|5|5|5|4|5|4|5|4|5
25776,5,False,5,1,5,5|5|5|5|2|5|5|5|5|5
25781,5,False,5,0,5,5|5|5|5|5|5|5|5|5|5
25790,5,False,5,1,5,5|5|5|5|5|5|5|4|5|5
25817,5,False,5,0,5,5|5|5|5|5|5|5|5|5|5
25829,5,False,5,0,5,5|5|5|5|5|5|5|5|5|5
25839,5,False,5,1,5,5|5|5|5|4|5|5|5|5|5
25840,5,False,5,0,5,5|5|5|5|5|5|5|5|5|5
25846,5,False,5,1,5,5|5|4|5|5|5|5|5|5|5
25854,5,False,5,0,5,5|5|5|5|5|5|5|5|5|5
25860,5,False,5,0,5,5|5|5|5|5|5|5|5|5|5
25867,5,False,5,5,5,5|0|1|0|5|5|0|5|0|5
25875,5,False,5,0,5,5|5|5|5|5|5|5|5|5|5
25895,5,False,5,1,5,5|5|5|5|5|5|5|4|5|5
25897,5,False,5,0,5,5|5|5|5|5|5|5|5|5|5
25908,5,False,5,0,5,5|5|5|5|5|5|5|5|5|5
25934,5,False,5,0,5,5|5|5|5|5|5|5|5|5|5
25938,5,False,5,0,5,5|5|5|5|5|5|5|5|5|5
25947,5,False,5,8,4,5|5|4|4|4|4|4|4|4|4
25953,5,False,5,0,5,5|5|5|5|5|5|5|5|5|5
25957,5,False,5,6,-1,5|5|3|4|5|3|3|4|3|5
25960,5,False,5,0,5,5|5|5|5|5|5|5|5|5|5
25971,5,False,5,9,4,4|4|4|4|4|4|4|4|4|5
25981,5,False,5,1,5,5|5|4|5|5|5|5|5|5|5
25983,5,False,5,0,5,5|5|5|5|5|5|5|5|5|5
25998,5,False,5,0,5,5|5|5|5|5|5|5|5|5|5
26006,5,False,5,0,5,5|5|5|5|5|5|5|5|5|5
26012,5,False,5,0,5,5|5|5|5|5|5|5|5|5|5
26030,5,False,5,3,5,5|5|5|5|5|0|1|5|5|1
26049,5,False,5,8,4,5|4|4|4|4|1|4|5|4|4
26063,5,False,5,0,5,5|5|5|5|5|5|5|5|5|5
26065,5,False,5,10,3,3|2|1|3|2|2|3|3|3|2
26083,5,False,5,0,5,5|5|5|5|5|5|5|5|5|5
26092,5,False,5,0,5,5|5|5|5|5|5|5|5|5|5
26095,5,False,5,5,5,3|4|5|1|3|5|5|5|1|5
26100,5,False,5,2,5,5|5|5|5|5|5|3|5|5|3
26129,5,False,5,0,5,5|5|5|5|5|5|5|5|5|5
26142,5,False,5,7,4,4|5|4|4|5|4|4|4|4|5
26151,5,False,5,3,5,4|5|5|5|5|5|5|4|5|4
26159,5,False,5,0,5,5|5|5|5|5|5|5|5|5|5
26164,5,False,5,1,5,5|5|5|3|5|5|5|5|5|5
26166,5,False,5,0,5,5|5|5|5|5|5|5|5|5|5
26167,5,False,5,6,5,8|0|5|0|5|2|5|5|0|9
26178,5,False,5,0,5,5|5|5|5|5|5|5|5|5|5
26218,5,False,5,7,4,5|4|4|4|4|5|4|4|4|5
26231,5,False,5,0,5,5|5|5|5|5|5|5|5|5|5
26281,5,False,5,0,5,5|5|5|5|5|5|5|5|5|5
26282,5,False,5,0,5,5|5|5|5|5|5|5|5|5|5
26283,5,False,5,0,5,5|5|5|5|5|5|5|5|5|5
26287,5,False,5,9,3,3|3|3|3|3|3|3|5|3|3
26311,5,False,5,0,5,5|5|5|5|5|5|5|5|5|5
26312,5,False,5,0,5,5|5|5|5|5|5|5|5|5|5
26332,5,False,5,0,5,5|5|5|5|5|5|5|5|5|5
26348,5,False,5,1,5,5|5|5|4|5|5|5|5|5|5
26361,5,False,5,5,-1,5|1|5|1|1|5|1|5|5|1
26365,5,False,5,2,5,5|5|5|5|5|1|0|5|5|5
26369,5,False,5,0,5,5|5|5|5|5|5|5|5|5|5
26370,5,False,5,6,4,4|5|4|4|5|4|5|4|4|5
26376,5,False,5,0,5,5|5|5|5|5|5|5|5|5|5
26379,5,False,5,3,5,5|4|5|5|4|5|4|5|5|5
26381,5,False,5,0,5,5|5|5|5|5|5|5|5|5|5
26400,5,False,5,2,5,5|5|5|1|5|5|5|5|5|1
26425,5,False,5,0,5,5|5|5|5|5|5|5|5|5|5
26430,5,False,5,1,5,5|5|5|5|4|5|5|5|5|5
26435,5,False,5,0,5,5|5|5|5|5|5|5|5|5|5
26450,5,False,5,0,5,5|5|5|5|5|5|5|5|5|5
26460,5,False,5,1,5,5|5|4|5|5|5|5|5|5|5
26463,5,False,5,0,5,5|5|5|5|5|5|5|5|5|5
26468,5,False,5,3,5,5|4|5|5|4|5|4|5|5|5
26488,5,False,5,0,5,5|5|5|5|5|5|5|5|5|5
26491,5,False,5,2,5,5|5|5|4|5|5|5|4|5|5
26501,5,False,5,0,5,5|5|5|5|5|5|5|5|5|5
26503,5,False,5,1,5,5|5|5|5|5|5|5|5|4|5
26526,5,False,5,0,5,5|5|5|5|5|5|5|5|5|5
26551,5,False,5,10,4,4|4|4|4|4|4|4|4|4|4
26553,5,False,5,3,5,5|5|5|0|5|5|3|0|5|5
26556,5,False,5,2,5,5|3|5|5|5|5|5|3|5|5
26560,5,False,5,0,5,5|5|5|5|5|5|5|5|5|5
26571,5,False,5,5,5,1|5|4|5|4|5|5|1|5|0
26583,5,False,5,6,4,5|5|4|4|5|4|4|5|4|4
26596,5,False,5,0,5,5|5|5|5|5|5|5|5|5|5
26599,5,False,5,10,4,4|4|4|4|4|4|4|4|4|4
26605,5,False,5,10,8,8|8|8|8|8|8|8|8|8|8
26613,5,False,5,0,5,5|5|5|5|5|5|5|5|5|5
26623,5,False,5,0,5,5|5|5|5|5|5|5|5|5|5
26630,5,False,5,0,5,5|5|5|5|5|5|5|5|5|5
26645,5,False,5,0,5,5|5|5|5|5|5|5|5|5|5
26650,5,False,5,9,3,3|5|3|3|4|3|3|3|3|3
26660,5,False,5,0,5,5|5|5|5|5|5|5|5|5|5
26684,5,False,5,6,1,1|5|5|5|1|1|5|1|1|1
26687,5,False,5,5,-1,4|4|5|5|5|4|5|4|4|5
26721,5,False,5,3,5,3|5|5|4|3|5|5|5|5|5
26723,5,False,5,10,4,4|4|4|4|4|4|4|4|4|4
26725,5,False,5,0,5,5|5|5|5|5|5|5|5|5|5
26742,5,False,5,4,5,3|5|5|5|4|5|4|5|4|5
26762,5,False,5,0,5,5|5|5|5|5|5|5|5|5|5
26765,5,False,5,0,5,5|5|5|5|5|5|5|5|5|5
26768,5,False,5,7,4,4|4|4|4|5|3|5|4|4|5
26787,5,False,5,0,5,5|5|5|5|5|5|5|5|5|5
26805,5,False,5,0,5,5|5|5|5|5|5|5|5|5|5
26807,5,False,5,0,5,5|5|5|5|5|5|5|5|5|5
26815,5,False,5,4,5,5|4|5|4|5|4|5|5|4|5
26824,5,False,5,0,5,5|5|5|5|5|5|5|5|5|5
26838,5,False,5,9,1,1|1|4|2|5|3|1|4|4|1
26845,5,False,5,0,5,5|5|5|5|5|5|5|5|5|5
26849,5,False,5,1,5,5|5|5|5|5|9|5|5|5|5
26851,5,False,5,0,5,5|5|5|5|5|5|5|5|5|5
26862,5,False,5,0,5,5|5|5|5|5|5|5|5|5|5
26868,5,False,5,5,5,5|5|5|3|2|5|2|5|2|3
26871,5,False,5,0,5,5|5|5|5|5|5|5|5|5|5
26873,5,False,5,5,5,1|5|2|5|4|3|5|5|5|3
26911,5,False,5,8,4,4|5|4|4|5|4|4|4|4|4
26923,5,False,5,8,4,4|4|4|4|4|4|4|4|5|5
26947,5,False,5,0,5,5|5|5|5|5|5|5|5|5|5
26950,5,False,5,6,4,5|4|5|4|4|4|4|5|5|4
26954,5,False,5,0,5,5|5|5|5|5|5|5|5|5|5
26955,5,False,5,0,5,5|5|5|5|5|5|5|5|5|5
26965,5,False,5,10,4,4|4|4|3|3|1|4|2|4|4
26987,5,False,5,0,5,5|5|5|5|5|5|5|5|5|5
27005,5,False,5,7,1,1|1|5|5|1|5|1|1|1|1
27006,5,False,5,0,5,5|5|5|5|5|5|5|5|5|5
27011,5,False,5,0,5,5|5|5|5|5|5|5|5|5|5
27022,5,False,5,0,5,5|5|5|5|5|5|5|5|5|5
27035,5,False,5,0,5,5|5|5|5|5|5|5|5|5|5
27049,5,False,5,3,5,5|5|4|5|5|5|5|4|5|4
27072,5,False,5,10,4,4|4|4|4|4|4|4|4|4|4
27094,5,False,5,0,5,5|5|5|5|5|5|5|5|5|5
27105,5,False,5,0,5,5|5|5|5|5|5|5|5|5|5
27112,5,False,5,8,4,5|4|4|4|4|4|4|5|4|4
27121,5,False,5,9,4,4|4|0|4|4|4|4|5|0|4
27129,5,False,5,0,5,5|5|5|5|5|5|5|5|5|5
27136,5,False,5,0,5,5|5|5|5|5|5|5|5|5|5
27139,5,False,5,9,4,4|4|4|4|4|4|4|4|5|4
27155,5,False,5,10,4,4|4|4|4|4|4|4|4|4|4
27162,5,False,5,4,5,5|4|4|5|5|5|4|5|4|5
27168,5,False,5,0,5,5|5|5|5|5|5|5|5|5|5
27183,5,False,5,0,5,5|5|5|5|5|5|5|5|5|5
27197,5,False,5,6,5,5|5|3|3|2|2|3|5|1|5
27208,5,False,5,0,5,5|5|5|5|5|5|5|5|5|5
27235,5,False,5,0,5,5|5|5|5|5|5|5|5|5|5
27240,5,False,5,0,5,5|5|5|5|5|5|5|5|5|5
27245,5,False,5,10,4,4|4|4|4|4|4|4|4|4|4
27253,5,False,5,0,5,5|5|5|5|5|5|5|5|5|5
27262,5,False,5,0,5,5|5|5|5|5|5|5|5|5|5
27266,5,False,5,7,4,4|4|4|1|5|4|4|5|1|5
27268,5,False,5,0,5,5|5|5|5|5|5|5|5|5|5
27286,5,False,5,0,5,5|5|5|5|5|5|5|5|5|5
27295,5,False,5,3,5,5|5|5|5|5|5|8|5|8|8
27301,5,False,5,10,4,4|4|4|4|4|4|4|4|4|4
27303,5,False,5,0,5,5|5|5|5|5|5|5|5|5|5
27312,5,False,5,3,5,5|5|5|5|5|5|4|5|4|4
27342,5,False,5,0,5,5|5|5|5|5|5|5|5|5|5
27347,5,False,5,0,5,5|5|5|5|5|5|5|5|5|5
27391,5,False,5,10,1,1|0|0|2|1|1|1|1|1|2
27421,5,False,5,1,5,5|5|5|5|5|5|5|5|4|5
27432,5,False,5,0,5,5|5|5|5|5|5|5|5|5|5
27442,5,False,5,3,5,0|5|5|5|0|5|0|5|5|5
27468,5,False,5,4,5,5|5|4|5|4|4|4|5|5|5
27498,5,False,5,0,5,5|5|5|5|5|5|5|5|5|5
27525,5,False,5,1,5,5|5|5|5|4|5|5|5|5|5
27526,5,False,5,2,5,5|4|5|5|5|5|4|5|5|5
27536,5,False,5,10,4,4|4|4|4|4|4|4|4|4|4
27551,5,False,5,2,5,5|5|4|5|4|5|5|5|5|5
27565,5,False,5,9,4,4|4|4|5|4|4|4|4|4|4
27596,5,False,5,2,5,5|3|5|5|3|5|5|5|5|5
27610,5,False,5,10,4,4|1|4|4|2|4|2|4|4|4
27619,5,False,5,0,5,5|5|5|5|5|5|5|5|5|5
27672,5,False,5,0,5,5|5|5|5|5|5|5|5|5|5
27697,5,False,5,0,5,5|5|5|5|5|5|5|5|5|5
27704,5,False,5,0,5,5|5|5|5|5|5|5|5|5|5
27705,5,False,5,0,5,5|5|5|5|5|5|5|5|5|5
27709,5,False,5,0,5,5|5|5|5|5|5|5|5|5|5
27718,5,False,5,10,4,4|4|4|4|4|4|4|4|4|4
27731,5,False,5,10,4,4|4|4|4|4|4|4|4|4|4
27736,5,False,5,0,5,5|5|5|5|5|5|5|5|5|5
27747,5,False,5,0,5,5|5|5|5|5|5|5|5|5|5
27750,5,False,5,0,5,5|5|5|5|5|5|5|5|5|5
27753,5,False,5,0,5,5|5|5|5|5|5|5|5|5|5
27758,5,False,5,5,-1,5|4|4|5|4|4|5|5|4|5
27763,5,False,5,0,5,5|5|5|5|5|5|5|5|5|5
27779,5,False,5,0,5,5|5|5|5|5|5|5|5|5|5
27784,5,False,5,8,4,4|5|4|4|4|4|4|5|4|4
27809,5,False,5,0,5,5|5|5|5|5|5|5|5|5|5
27818,5,False,5,1,5,5|5|5|5|6|5|5|5|5|5
27826,5,False,5,0,5,5|5|5|5|5|5|5|5|5|5
27836,5,False,5,0,5,5|5|5|5|5|5|5|5|5|5
27844,5,False,5,0,5,5|5|5|5|5|5|5|5|5|5
27854,5,False,5,9,4,4|5|4|4|4|4|4|4|4|4
27856,5,False,5,5,5,5|5|4|4|0|5|4|5|1|5
27863,5,False,5,10,4,4|4|4|4|4|4|4|4|4|4
27887,5,False,5,2,5,5|5|5|5|5|4|4|5|5|5
27888,5,False,5,10,4,4|4|4|4|4|4|4|4|4|4
27910,5,False,5,4,5,5|5|4|5|4|5|4|4|5|5
27919,5,False,5,0,5,5|5|5|5|5|5|5|5|5|5
27921,5,False,5,0,5,5|5|5|5|5|5|5|5|5|5
27924,5,False,5,10,4,4|4|4|4|4|4|4|4|4|4
27929,5,False,5,0,5,5|5|5|5|5|5|5|5|5|5
27942,5,False,5,0,5,5|5|5|5|5|5|5|5|5|5
27945,5,False,5,0,5,5|5|5|5|5|5|5|5|5|5
27986,5,False,5,2,5,5|4|5|5|5|5|4|5|5|5
27988,5,False,5,0,5,5|5|5|5|5|5|5|5|5|5
27992,5,False,5,1,5,5|5|5|5|5|4|5|5|5|5
28005,5,False,5,3,5,5|5|5|5|5|1|4|5|4|5
28012,5,False,5,0,5,5|5|5|5|5|5|5|5|5|5
28026,5,False,5,9,0,0|0|0|0|5|0|0|0|0|0
28031,5,False,5,0,5,5|5|5|5|5|5|5|5|5|5
28034,5,False,5,0,5,5|5|5|5|5|5|5|5|5|5
28044,5,False,5,1,5,5|5|5|5|5|5|4|5|5|5
28053,5,False,5,10,4,4|4|4|4|4|4|4|4|4|4
28066,5,False,5,7,4,5|5|4|4|4|5|4|4|4|4
28067,5,False,5,0,5,5|5|5|5|5|5|5|5|5|5
28076,5,False,5,9,1,1|1|1|5|4|1|1|1|4|1
28088,5,False,5,0,5,5|5|5|5|5|5|5|5|5|5
28093,5,False,5,0,5,5|5|5|5|5|5|5|5|5|5
28099,5,False,5,0,5,5|5|5|5|5|5|5|5|5|5
28100,5,False,5,8,4,4|4|4|5|4|4|5|4|4|1
28105,5,False,5,10,3,3|3|3|1|3|3|1|3|1|3
28109,5,False,5,2,5,5|5|5|5|4|5|5|5|5|4
28110,5,False,5,0,5,5|5|5|5|5|5|5|5|5|5
28134,5,False,5,0,5,5|5|5|5|5|5|5|5|5|5
28136,5,False,5,0,5,5|5|5|5|5|5|5|5|5|5
28140,5,False,5,7,4,4|4|1|4|5|4|5|4|1|5
28143,5,False,5,5,5,3|2|5|3|2|5|5|3|5|5
28151,5,False,5,0,5,5|5|5|5|5|5|5|5|5|5
28157,5,False,5,0,5,5|5|5|5|5|5|5|5|5|5
28168,5,False,5,4,5,4|5|4|5|4|4|5|5|5|5
28170,5,False,5,2,5,4|5|5|5|5|5|5|5|5|4
28172,5,False,5,0,5,5|5|5|5|5|5|5|5|5|5
28181,5,False,5,0,5,5|5|5|5|5|5|5|5|5|5
28189,5,False,5,0,5,5|5|5|5|5|5|5|5|5|5
28191,5,False,5,6,-1,5|9|4|4|7|5|4|4|5|5
28206,5,False,5,6,5,3|4|5|2|4|5|5|3|3|5
28212,5,False,5,3,5,5|5|5|4|4|5|5|5|4|5
28225,5,False,5,10,1,1|4|0|1|3|1|1|1|0|1
28231,5,False,5,1,5,3|5|5|5|5|5|5|5|5|5
28243,5,False,5,10,4,4|4|4|4|4|4|4|4|4|4
28245,5,False,5,0,5,5|5|5|5|5|5|5|5|5|5
28270,5,False,5,0,5,5|5|5|5|5|5|5|5|5|5
28273,5,False,5,8,3,3|5|3|3|3|5|3|2|2|2
28284,5,False,5,0,5,5|5|5|5|5|5|5|5|5|5
28293,5,False,5,1,5,5|5|5|5|5|5|4|5|5|5
28298,5,False,5,5,5,0|1|3|5|5|5|5|5|1|3
28316,5,False,5,0,5,5|5|5|5|5|5|5|5|5|5
28326,5,False,5,9,4,4|4|4|4|4|5|4|4|4|4
28334,5,False,5,2,5,5|5|5|5|0|5|0|5|5|5
28335,5,False,5,5,-1,5|5|5|5|4|4|4|5|4|4
28338,5,False,5,0,5,5|5|5|5|5|5|5|5|5|5
28346,5,False,5,1,5,5|5|5|5|5|5|3|5|5|5
28350,5,False,5,0,5,5|5|5|5|5|5|5|5|5|5
28355,5,False,5,6,-1,3|3|2|3|5|1|3|5|5|5
28364,5,False,5,0,5,5|5|5|5|5|5|5|5|5|5
28367,5,False,5,9,4,4|4|9|4|4|6|9|5|6|6
28391,5,False,5,4,5,5|4|5|5|4|5|4|5|4|5
28394,5,False,5,0,5,5|5|5|5|5|5|5|5|5|5
28401,5,False,5,10,6,0|3|6|6|6|0|0|6|4|6
28446,5,False,5,0,5,5|5|5|5|5|5|5|5|5|5
28459,5,False,5,0,5,5|5|5|5|5|5|5|5|5|5
28468,5,False,5,10,9,9|0|8|9|8|0|4|9|0|9
28478,5,False,5,0,5,5|5|5|5|5|5|5|5|5|5
28487,5,False,5,6,8,8|8|8|5|0|8|5|5|8|5
28496,5,False,5,2,5,3|5|5|4|5|5|5|5|5|5
28498,5,False,5,4,5,5|5|5|5|5|4|4|4|5|4
28508,5,False,5,0,5,5|5|5|5|5|5|5|5|5|5
28509,5,False,5,2,5,5|1|5|5|1|5|5|5|5|5
28511,5,False,5,7,6,6|5|6|6|5|6|6|6|5|6
28517,5,False,5,7,3,5|5|3|3|2|3|2|3|5|3
28553,5,False,5,5,-1,4|5|4|4|5|4|5|5|5|4
28563,5,False,5,0,5,5|5|5|5|5|5|5|5|5|5
28568,5,False,5,0,5,5|5|5|5|5|5|5|5|5|5
28570,5,False,5,0,5,5|5|5|5|5|5|5|5|5|5
28577,5,False,5,0,5,5|5|5|5|5|5|5|5|5|5
28588,5,False,5,0,5,5|5|5|5|5|5|5|5|5|5
28614,5,False,5,10,4,4|4|4|4|4|4|4|4|4|4
28659,5,False,5,0,5,5|5|5|5|5|5|5|5|5|5
28673,5,False,5,0,5,5|5|5|5|5|5|5|5|5|5
28688,5,False,5,10,4,4|4|4|4|4|4|4|4|4|4
28691,5,False,5,0,5,5|5|5|5|5|5|5|5|5|5
28713,5,False,5,0,5,5|5|5|5|5|5|5|5|5|5
28715,5,False,5,0,5,5|5|5|5|5|5|5|5|5|5
28717,5,False,5,0,5,5|5|5|5|5|5|5|5|5|5
28758,5,False,5,8,3,3|5|3|3|3|5|2|3|3|3
28784,5,False,5,0,5,5|5|5|5|5|5|5|5|5|5
28794,5,False,5,0,5,5|5|5|5|5|5|5|5|5|5
28796,5,False,5,0,5,5|5|5|5|5|5|5|5|5|5
28817,5,False,5,0,5,5|5|5|5|5|5|5|5|5|5
28819,5,False,5,0,5,5|5|5|5|5|5|5|5|5|5
28830,5,False,5,10,1,1|1|4|1|0|1|0|4|1|1
28842,5,False,5,0,5,5|5|5|5|5|5|5|5|5|5
28849,5,False,5,0,5,5|5|5|5|5|5|5|5|5|5
28861,5,False,5,0,5,5|5|5|5|5|5|5|5|5|5
28874,5,False,5,0,5,5|5|5|5|5|5|5|5|5|5
28885,5,False,5,0,5,5|5|5|5|5|5|5|5|5|5
28887,5,False,5,8,3,2|4|4|3|5|1|5|3|2|3
28902,5,False,5,0,5,5|5|5|5|5|5|5|5|5|5
28912,5,False,5,4,5,5|5|4|5|5|4|1|4|5|5
28918,5,False,5,0,5,5|5|5|5|5|5|5|5|5|5
28922,5,False,5,10,3,3|0|3|0|3|1|2|2|3|3
28929,5,False,5,0,5,5|5|5|5|5|5|5|5|5|5
28967,5,False,5,1,5,5|5|5|5|8|5|5|5|5|5
28968,5,False,5,10,4,4|4|4|4|2|4|4|4|4|4
28970,5,False,5,0,5,5|5|5|5|5|5|5|5|5|5
28984,5,False,5,0,5,5|5|5|5|5|5|5|5|5|5
28993,5,False,5,0,5,5|5|5|5|5|5|5|5|5|5
29003,5,False,5,10,4,4|4|4|4|4|4|4|4|4|4
29008,5,False,5,0,5,5|5|5|5|5|5|5|5|5|5
29009,5,False,5,4,5,5|5|4|5|4|5|4|5|5|4
29018,5,False,5,10,4,4|4|4|4|4|4|4|4|4|4
29019,5,False,5,1,5,5|5|5|5|2|5|5|5|5|5
29022,5,False,5,0,5,5|5|5|5|5|5|5|5|5|5
29028,5,False,5,0,5,5|5|5|5|5|5|5|5|5|5
29030,5,False,5,1,5,5|5|5|5|3|5|5|5|5|5
29034,5,False,5,0,5,5|5|5|5|5|5|5|5|5|5
29037,5,False,5,0,5,5|5|5|5|5|5|5|5|5|5
29040,5,False,5,0,5,5|5|5|5|5|5|5|5|5|5
29062,5,False,5,0,5,5|5|5|5|5|5|5|5|5|5
29067,5,False,5,10,4,4|4|4|4|4|4|4|4|4|4
29071,5,False,5,0,5,5|5|5|5|5|5|5|5|5|5
29075,5,False,5,0,5,5|5|5|5|5|5|5|5|5|5
29078,5,False,5,0,5,5|5|5|5|5|5|5|5|5|5
29097,5,False,5,7,4,4|4|4|4|4|5|4|4|5|5
29098,5,False,5,3,5,5|5|4|4|5|5|5|4|5|5
29109,5,False,5,10,4,4|4|4|4|4|4|4|4|4|4
29119,5,False,5,0,5,5|5|5|5|5|5|5|5|5|5
29125,5,False,5,10,4,4|4|4|4|4|4|4|4|4|4
29129,5,False,5,2,5,1|5|5|5|5|5|5|1|5|5
29131,5,False,5,0,5,5|5|5|5|5|5|5|5|5|5
29132,5,False,5,0,5,5|5|5|5|5|5|5|5|5|5
29139,5,False,5,0,5,5|5|5|5|5|5|5|5|5|5
29162,5,False,5,0,5,5|5|5|5|5|5|5|5|5|5
29173,5,False,5,0,5,5|5|5|5|5|5|5|5|5|5
29180,5,False,5,6,4,4|5|5|5|4|4|4|5|4|4
29205,5,False,5,0,5,5|5|5|5|5|5|5|5|5|5
29213,5,False,5,0,5,5|5|5|5|5|5|5|5|5|5
29214,5,False,5,2,5,5|5|5|4|4|5|5|5|5|5
29217,5,False,5,8,4,4|4|4|4|4|4|4|5|4|5
29221,5,False,5,0,5,5|5|5|5|5|5|5|5|5|5
29237,5,False,5,0,5,5|5|5|5|5|5|5|5|5|5
29248,5,False,5,2,5,5|5|5|5|5|5|5|1|5|1
29250,5,False,5,0,5,5|5|5|5|5|5|5|5|5|5
29252,5,False,5,6,4,4|5|4|4|5|4|4|5|4|5
29253,5,False,5,1,5,5|5|5|5|5|5|4|5|5|5
29265,5,False,5,1,5,5|5|5|5|5|5|5|4|5|5
29273,5,False,5,0,5,5|5|5|5|5|5|5|5|5|5
29280,5,False,5,5,5,5|5|0|0|1|5|5|0|0|5
29286,5,False,5,0,5,5|5|5|5|5|5|5|5|5|5
29289,5,False,5,0,5,5|5|5|5|5|5|5|5|5|5
29292,5,False,5,0,5,5|5|5|5|5|5|5|5|5|5
29300,5,False,5,10,4,4|4|4|4|4|4|4|4|4|4
29301,5,False,5,0,5,5|5|5|5|5|5|5|5|5|5
29305,5,False,5,0,5,5|5|5|5|5|5|5|5|5|5
29307,5,False,5,0,5,5|5|5|5|5|5|5|5|5|5
29313,5,False,5,0,5,5|5|5|5|5|5|5|5|5|5
29333,5,False,5,0,5,5|5|5|5|5|5|5|5|5|5
29335,5,False,5,10,4,4|4|4|4|4|4|4|4|4|4
29336,5,False,5,1,5,5|5|5|5|5|5|4|5|5|5
29338,5,False,5,0,5,5|5|5|5|5|5|5|5|5|5
29357,5,False,5,0,5,5|5|5|5|5|5|5|5|5|5
29366,5,False,5,0,5,5|5|5|5|5|5|5|5|5|5
29378,5,False,5,0,5,5|5|5|5|5|5|5|5|5|5
29379,5,False,5,8,6,6|6|5|6|7|6|1|6|5|1
29388,5,False,5,1,5,5|4|5|5|5|5|5|5|5|5
29392,5,False,5,10,4,4|4|4|4|4|4|4|4|4|4
29406,5,False,5,6,0,0|5|0|5|5|5|0|0|0|0
29414,5,False,5,8,4,4|4|4|4|4|4|4|5|4|5
29431,5,False,5,0,5,5|5|5|5|5|5|5|5|5|5
29441,5,False,5,0,5,5|5|5|5|5|5|5|5|5|5
29444,5,False,5,0,5,5|5|5|5|5|5|5|5|5|5
29445,5,False,5,10,4,4|4|4|4|4|4|4|4|4|4
29457,5,False,5,0,5,5|5|5|5|5|5|5|5|5|5
29471,5,False,5,1,5,5|5|5|5|4|5|5|5|5|5
29474,5,False,5,4,5,3|5|5|3|3|5|3|5|5|5
29486,5,False,5,0,5,5|5|5|5|5|5|5|5|5|5
29491,5,False,5,4,5,4|5|4|4|5|5|4|5|5|5
29494,5,False,5,1,5,4|5|5|5|5|5|5|5|5|5
29498,5,False,5,0,5,5|5|5|5|5|5|5|5|5|5
29507,5,False,5,4,5,5|5|5|5|5|2|1|2|1|5
29520,5,False,5,2,5,5|5|5|5|5|3|3|5|5|5
29530,5,False,5,0,5,5|5|5|5|5|5|5|5|5|5
29537,5,False,5,0,5,5|5|5|5|5|5|5|5|5|5
29552,5,False,5,9,0,0|0|3|0|0|3|1|5|0|1
29561,5,False,5,0,5,5|5|5|5|5|5|5|5|5|5
29580,5,False,5,0,5,5|5|5|5|5|5|5|5|5|5
29586,5,False,5,10,4,4|4|4|4|4|4|4|4|4|4
29592,5,False,5,0,5,5|5|5|5|5|5|5|5|5|5
29595,5,False,5,0,5,5|5|5|5|5|5|5|5|5|5
29600,5,False,5,9,4,4|2|4|5|4|4|0|4|4|4
29602,5,False,5,0,5,5|5|5|5|5|5|5|5|5|5
29608,5,False,5,0,5,5|5|5|5|5|5|5|5|5|5
29621,5,False,5,4,5,4|5|4|5|5|5|4|4|5|5
29628,5,False,5,3,5,4|5|5|5|5|5|5|4|5|4
29637,5,False,5,2,5,5|5|5|5|4|5|4|5|5|5
29667,5,False,5,0,5,5|5|5|5|5|5|5|5|5|5
29669,5,False,5,0,5,5|5|5|5|5|5|5|5|5|5
29673,5,False,5,0,5,5|5|5|5|5|5|5|5|5|5
29677,5,False,5,0,5,5|5|5|5|5|5|5|5|5|5
29690,5,False,5,0,5,5|5|5|5|5|5|5|5|5|5
29691,5,False,5,0,5,5|5|5|5|5|5|5|5|5|5
29696,5,False,5,0,5,5|5|5|5|5|5|5|5|5|5
29701,5,False,5,0,5,5|5|5|5|5|5|5|5|5|5
29702,5,False,5,3,5,3|5|5|5|5|5|5|3|3|5
29743,5,False,5,0,5,5|5|5|5|5|5|5|5|5|5
29762,5,False,5,0,5,5|5|5|5|5|5|5|5|5|5
29767,5,False,5,0,5,5|5|5|5|5|5|5|5|5|5
29768,5,False,5,2,5,5|5|5|5|5|5|3|5|3|5
29795,5,False,5,0,5,5|5|5|5|5|5|5|5|5|5
29804,5,False,5,10,4,4|4|4|4|4|4|4|4|4|4
29808,5,False,5,1,5,5|5|5|0|5|5|5|5|5|5
29829,5,False,5,3,5,3|3|5|5|2|5|5|5|5|5
29837,5,False,5,0,5,5|5|5|5|5|5|5|5|5|5
29857,5,False,5,9,4,4|4|5|4|4|4|4|4|4|4
29868,5,False,5,0,5,5|5|5|5|5|5|5|5|5|5
29883,5,False,5,0,5,5|5|5|5|5|5|5|5|5|5
29886,5,False,5,2,5,5|5|5|5|4|5|4|5|5|5
29955,6,False,6,0,6,6|6|6|6|6|6|6|6|6|6
29964,6,False,6,0,6,6|6|6|6|6|6|6|6|6|6
29972,6,False,6,0,6,6|6|6|6|6|6|6|6|6|6
29979,6,False,6,0,6,6|6|6|6|6|6|6|6|6|6
30015,6,False,6,0,6,6|6|6|6|6|6|6|6|6|6
30016,6,False,6,0,6,6|6|6|6|6|6|6|6|6|6
30017,6,False,6,0,6,6|6|6|6|6|6|6|6|6|6
30019,6,False,6,2,6,4|6|4|6|6|6|6|6|6|6
30020,6,False,6,0,6,6|6|6|6|6|6|6|6|6|6
30024,6,False,6,3,6,4|6|6|6|6|6|6|4|6|4
30027,6,False,6,0,6,6|6|6|6|6|6|6|6|6|6
30049,6,False,6,0,6,6|6|6|6|6|6|6|6|6|6
30054,6,False,6,0,6,6|6|6|6|6|6|6|6|6|6
30075,6,False,6,0,6,6|6|6|6|6|6|6|6|6|6
30081,6,False,6,0,6,6|6|6|6|6|6|6|6|6|6
30093,6,False,6,0,6,6|6|6|6|6|6|6|6|6|6
30097,6,False,6,0,6,6|6|6|6|6|6|6|6|6|6
30099,6,False,6,0,6,6|6|6|6|6|6|6|6|6|6
30108,6,False,6,0,6,6|6|6|6|6|6|6|6|6|6
30112,6,False,6,6,7,7|6|7|6|7|6|7|7|6|7
30115,6,False,6,10,7,7|7|7|7|7|7|7|7|7|7
30133,6,False,6,0,6,6|6|6|6|6|6|6|6|6|6
30139,6,False,6,0,6,6|6|6|6|6|6|6|6|6|6
30150,6,False,6,0,6,6|6|6|6|6|6|6|6|6|6
30155,6,False,6,10,4,5|5|4|4|4|4|4|4|4|4
30178,6,False,6,0,6,6|6|6|6|6|6|6|6|6|6
30180,6,False,6,5,6,6|9|6|9|6|9|9|8|6|6
30188,6,False,6,0,6,6|6|6|6|6|6|6|6|6|6
30192,6,False,6,0,6,6|6|6|6|6|6|6|6|6|6
30281,6,False,6,0,6,6|6|6|6|6|6|6|6|6|6
30289,6,False,6,0,6,6|6|6|6|6|6|6|6|6|6
30293,6,False,6,0,6,6|6|6|6|6|6|6|6|6|6
30325,6,False,6,10,7,7|7|7|7|7|7|3|7|0|7
30331,6,False,6,7,3,2|6|3|2|3|6|6|3|3|2
30342,6,False,6,0,6,6|6|6|6|6|6|6|6|6|6
30343,6,False,6,0,6,6|6|6|6|6|6|6|6|6|6
30347,6,False,6,7,7,7|0|7|6|7|6|7|7|0|6
30360,6,False,6,0,6,6|6|6|6|6|6|6|6|6|6
30363,6,False,6,0,6,6|6|6|6|6|6|6|6|6|6
30367,6,False,6,0,6,6|6|6|6|6|6|6|6|6|6
30374,6,False,6,0,6,6|6|6|6|6|6|6|6|6|6
30381,6,False,6,0,6,6|6|6|6|6|6|6|6|6|6
30403,6,False,6,0,6,6|6|6|6|6|6|6|6|6|6
30408,6,False,6,0,6,6|6|6|6|6|6|6|6|6|6
30409,6,False,6,0,6,6|6|6|6|6|6|6|6|6|6
30412,6,False,6,5,6,6|9|6|6|7|0|0|9|6|6
30416,6,False,6,0,6,6|6|6|6|6|6|6|6|6|6
30417,6,False,6,0,6,6|6|6|6|6|6|6|6|6|6
30431,6,False,6,0,6,6|6|6|6|6|6|6|6|6|6
30444,6,False,6,0,6,6|6|6|6|6|6|6|6|6|6
30445,6,False,6,0,6,6|6|6|6|6|6|6|6|6|6
30452,6,False,6,0,6,6|6|6|6|6|6|6|6|6|6
30455,6,False,6,0,6,6|6|6|6|6|6|6|6|6|6
30468,6,False,6,0,6,6|6|6|6|6|6|6|6|6|6
30477,6,False,6,0,6,6|6|6|6|6|6|6|6|6|6
30478,6,False,6,0,6,6|6|6|6|6|6|6|6|6|6
30508,6,False,6,2,6,6|6|6|6|6|6|6|0|0|6
30518,6,False,6,0,6,6|6|6|6|6|6|6|6|6|6
30551,6,False,6,0,6,6|6|6|6|6|6|6|6|6|6
30556,6,False,6,0,6,6|6|6|6|6|6|6|6|6|6
30571,6,False,6,0,6,6|6|6|6|6|6|6|6|6|6
30574,6,False,6,0,6,6|6|6|6|6|6|6|6|6|6
30575,6,False,6,0,6,6|6|6|6|6|6|6|6|6|6
30589,6,False,6,0,6,6|6|6|6|6|6|6|6|6|6
30599,6,False,6,0,6,6|6|6|6|6|6|6|6|6|6
30603,6,False,6,0,6,6|6|6|6|6|6|6|6|6|6
30609,6,False,6,10,7,7|7|7|7|7|7|7|7|7|7
30618,6,False,6,0,6,6|6|6|6|6|6|6|6|6|6
30638,6,False,6,4,6,6|7|6|7|7|6|6|6|6|7
30665,6,False,6,7,6,6|2|8|6|1|6|7|2|7|1
30668,6,False,6,0,6,6|6|6|6|6|6|6|6|6|6
30694,6,False,6,6,7,7|6|7|7|7|7|7|6|6|6
30696,6,False,6,10,9,9|9|9|9|0|9|0|9|0|9
30721,6,False,6,0,6,6|6|6|6|6|6|6|6|6|6
30725,6,False,6,0,6,6|6|6|6|6|6|6|6|6|6
30732,6,False,6,0,6,6|6|6|6|6|6|6|6|6|6
30742,6,False,6,0,6,6|6|6|6|6|6|6|6|6|6
30774,6,False,6,0,6,6|6|6|6|6|6|6|6|6|6
30777,6,False,6,0,6,6|6|6|6|6|6|6|6|6|6
30781,6,False,6,0,6,6|6|6|6|6|6|6|6|6|6
30783,6,False,6,0,6,6|6|6|6|6|6|6|6|6|6
30789,6,False,6,0,6,6|6|6|6|6|6|6|6|6|6
30798,6,False,6,0,6,6|6|6|6|6|6|6|6|6|6
30824,6,False,6,3,6,7|6|6|6|6|7|6|6|7|6
30828,6,False,6,0,6,6|6|6|6|6|6|6|6|6|6
30829,6,False,6,10,1,2|1|1|1|1|1|1|1|1|1
30833,6,False,6,0,6,6|6|6|6|6|6|6|6|6|6
30845,6,False,6,0,6,6|6|6|6|6|6|6|6|6|6
30852,6,False,6,8,7,7|7|7|7|7|7|7|6|6|7
30853,6,False,6,0,6,6|6|6|6|6|6|6|6|6|6
30878,6,False,6,0,6,6|6|6|6|6|6|6|6|6|6
30886,6,False,6,0,6,6|6|6|6|6|6|6|6|6|6
30897,6,False,6,0,6,6|6|6|6|6|6|6|6|6|6
30904,6,False,6,0,6,6|6|6|6|6|6|6|6|6|6
30918,6,False,6,10,0,0|0|3|0|0|0|0|0|0|0
30926,6,False,6,1,6,6|6|6|6|6|7|6|6|6|6
30930,6,False,6,0,6,6|6|6|6|6|6|6|6|6|6
30932,6,False,6,0,6,6|6|6|6|6|6|6|6|6|6
30934,6,False,6,0,6,6|6|6|6|6|6|6|6|6|6
30943,6,False,6,0,6,6|6|6|6|6|6|6|6|6|6
30950,6,False,6,0,6,6|6|6|6|6|6|6|6|6|6
30968,6,False,6,0,6,6|6|6|6|6|6|6|6|6|6
30977,6,False,6,0,6,6|6|6|6|6|6|6|6|6|6
30997,6,False,6,10,7,7|7|7|7|7|7|7|7|7|7
30999,6,False,6,0,6,6|6|6|6|6|6|6|6|6|6
31001,6,False,6,0,6,6|6|6|6|6|6|6|6|6|6
31020,6,False,6,0,6,6|6|6|6|6|6|6|6|6|6
31021,6,False,6,0,6,6|6|6|6|6|6|6|6|6|6
31029,6,False,6,0,6,6|6|6|6|6|6|6|6|6|6
31041,6,False,6,0,6,6|6|6|6|6|6|6|6|6|6
31056,6,False,6,0,6,6|6|6|6|6|6|6|6|6|6
31059,6,False,6,0,6,6|6|6|6|6|6|6|6|6|6
31068,6,False,6,0,6,6|6|6|6|6|6|6|6|6|6
31076,6,False,6,0,6,6|6|6|6|6|6|6|6|6|6
31085,6,False,6,0,6,6|6|6|6|6|6|6|6|6|6
31156,6,False,6,0,6,6|6|6|6|6|6|6|6|6|6
31158,6,False,6,10,3,2|3|3|3|4|1|4|2|2|3
31168,6,False,6,0,6,6|6|6|6|6|6|6|6|6|6
31174,6,False,6,5,6,6|6|0|8|7|6|6|7|8|6
31181,6,False,6,0,6,6|6|6|6|6|6|6|6|6|6
31188,6,False,6,0,6,6|6|6|6|6|6|6|6|6|6
31196,6,False,6,0,6,6|6|6|6|6|6|6|6|6|6
31203,6,False,6,0,6,6|6|6|6|6|6|6|6|6|6
31228,6,False,6,4,6,6|6|6|6|2|2|6|2|6|2
31244,6,False,6,0,6,6|6|6|6|6|6|6|6|6|6
31249,6,False,6,0,6,6|6|6|6|6|6|6|6|6|6
31250,6,False,6,0,6,6|6|6|6|6|6|6|6|6|6
31263,6,False,6,3,6,6|6|7|6|6|6|7|6|6|7
31264,6,False,6,0,6,6|6|6|6|6|6|6|6|6|6
31266,6,False,6,0,6,6|6|6|6|6|6|6|6|6|6
31296,6,False,6,0,6,6|6|6|6|6|6|6|6|6|6
31299,6,False,6,0,6,6|6|6|6|6|6|6|6|6|6
31307,6,False,6,0,6,6|6|6|6|6|6|6|6|6|6
31308,6,False,6,0,6,6|6|6|6|6|6|6|6|6|6
31311,6,False,6,0,6,6|6|6|6|6|6|6|6|6|6
31321,6,False,6,0,6,6|6|6|6|6|6|6|6|6|6
31332,6,False,6,6,7,7|6|7|6|7|7|7|7|6|6
31341,6,False,6,0,6,6|6|6|6|6|6|6|6|6|6
31342,6,False,6,0,6,6|6|6|6|6|6|6|6|6|6
31353,6,False,6,0,6,6|6|6|6|6|6|6|6|6|6
31359,6,False,6,0,6,6|6|6|6|6|6|6|6|6|6
31361,6,False,6,0,6,6|6|6|6|6|6|6|6|6|6
31365,6,False,6,0,6,6|6|6|6|6|6|6|6|6|6
31368,6,False,6,0,6,6|6|6|6|6|6|6|6|6|6
31370,6,False,6,0,6,6|6|6|6|6|6|6|6|6|6
31377,6,False,6,0,6,6|6|6|6|6|6|6|6|6|6
31400,6,False,6,0,6,6|6|6|6|6|6|6|6|6|6
31404,6,False,6,0,6,6|6|6|6|6|6|6|6|6|6
31408,6,False,6,0,6,6|6|6|6|6|6|6|6|6|6
31420,6,False,6,0,6,6|6|6|6|6|6|6|6|6|6
31439,6,False,6,0,6,6|6|6|6|6|6|6|6|6|6
31458,6,False,6,0,6,6|6|6|6|6|6|6|6|6|6
31461,6,False,6,7,3,7|6|6|2|6|3|3|3|1|3
31484,6,False,6,0,6,6|6|6|6|6|6|6|6|6|6
31517,6,False,6,0,6,6|6|6|6|6|6|6|6|6|6
31518,6,False,6,0,6,6|6|6|6|6|6|6|6|6|6
31521,6,False,6,0,6,6|6|6|6|6|6|6|6|6|6
31536,6,False,6,0,6,6|6|6|6|6|6|6|6|6|6
31541,6,False,6,0,6,6|6|6|6|6|6|6|6|6|6
31553,6,False,6,0,6,6|6|6|6|6|6|6|6|6|6
31579,6,False,6,0,6,6|6|6|6|6|6|6|6|6|6
31580,6,False,6,0,6,6|6|6|6|6|6|6|6|6|6
31584,6,False,6,0,6,6|6|6|6|6|6|6|6|6|6
31599,6,False,6,0,6,6|6|6|6|6|6|6|6|6|6
31600,6,False,6,0,6,6|6|6|6|6|6|6|6|6|6
31606,6,False,6,0,6,6|6|6|6|6|6|6|6|6|6
31608,6,False,6,0,6,6|6|6|6|6|6|6|6|6|6
31612,6,False,6,1,6,6|6|6|6|6|6|6|6|6|7
31626,6,False,6,0,6,6|6|6|6|6|6|6|6|6|6
31639,6,False,6,0,6,6|6|6|6|6|6|6|6|6|6
31650,6,False,6,0,6,6|6|6|6|6|6|6|6|6|6
31655,6,False,6,0,6,6|6|6|6|6|6|6|6|6|6
31664,6,False,6,0,6,6|6|6|6|6|6|6|6|6|6
31669,6,False,6,1,6,6|4|6|6|6|6|6|6|6|6
31678,6,False,6,0,6,6|6|6|6|6|6|6|6|6|6
31692,6,False,6,2,6,6|6|9|6|6|9|6|6|6|6
31696,6,False,6,1,6,6|6|6|4|6|6|6|6|6|6
31709,6,False,6,0,6,6|6|6|6|6|6|6|6|6|6
31718,6,False,6,2,6,9|6|6|6|6|9|6|6|6|6
31726,6,False,6,0,6,6|6|6|6|6|6|6|6|6|6
31734,6,False,6,0,6,6|6|6|6|6|6|6|6|6|6
31745,6,False,6,0,6,6|6|6|6|6|6|6|6|6|6
31766,6,False,6,0,6,6|6|6|6|6|6|6|6|6|6
31767,6,False,6,0,6,6|6|6|6|6|6|6|6|6|6
31780,6,False,6,0,6,6|6|6|6|6|6|6|6|6|6
31797,6,False,6,0,6,6|6|6|6|6|6|6|6|6|6
31801,6,False,6,0,6,6|6|6|6|6|6|6|6|6|6
31823,6,False,6,0,6,6|6|6|6|6|6|6|6|6|6
31829,6,False,6,0,6,6|6|6|6|6|6|6|6|6|6
31830,6,False,6,0,6,6|6|6|6|6|6|6|6|6|6
31844,6,False,6,0,6,6|6|6|6|6|6|6|6|6|6
31857,6,False,6,0,6,6|6|6|6|6|6|6|6|6|6
31883,6,False,6,0,6,6|6|6|6|6|6|6|6|6|6
31884,6,False,6,0,6,6|6|6|6|6|6|6|6|6|6
31892,6,False,6,0,6,6|6|6|6|6|6|6|6|6|6
31895,6,False,6,0,6,6|6|6|6|6|6|6|6|6|6
31905,6,False,6,0,6,6|6|6|6|6|6|6|6|6|6
31908,6,False,6,0,6,6|6|6|6|6|6|6|6|6|6
31917,6,False,6,9,7,7|7|7|7|7|7|7|6|7|7
31926,6,False,6,6,7,6|7|7|7|6|7|7|7|6|6
31931,6,False,6,10,9,9|9|9|9|9|9|9|9|9|9
31932,6,False,6,0,6,6|6|6|6|6|6|6|6|6|6
31938,6,False,6,0,6,6|6|6|6|6|6|6|6|6|6
31947,6,False,6,0,6,6|6|6|6|6|6|6|6|6|6
31948,6,False,6,10,7,7|7|7|7|7|7|7|7|7|7
31954,6,False,6,1,6,6|6|6|6|6|6|6|6|2|6
31959,6,False,6,0,6,6|6|6|6|6|6|6|6|6|6
31967,6,False,6,0,6,6|6|6|6|6|6|6|6|6|6
31968,6,False,6,0,6,6|6|6|6|6|6|6|6|6|6
31980,6,False,6,3,6,7|6|6|6|7|6|7|6|6|6
31994,6,False,6,0,6,6|6|6|6|6|6|6|6|6|6
32000,6,False,6,0,6,6|6|6|6|6|6|6|6|6|6
32005,6,False,6,0,6,6|6|6|6|6|6|6|6|6|6
32013,6,False,6,0,6,6|6|6|6|6|6|6|6|6|6
32016,6,False,6,0,6,6|6|6|6|6|6|6|6|6|6
32025,6,False,6,0,6,6|6|6|6|6|6|6|6|6|6
32029,6,False,6,0,6,6|6|6|6|6|6|6|6|6|6
32059,6,False,6,0,6,6|6|6|6|6|6|6|6|6|6
32070,6,False,6,0,6,6|6|6|6|6|6|6|6|6|6
32111,6,False,6,6,-1,9|9|6|6|9|0|6|5|6|9
32118,6,False,6,0,6,6|6|6|6|6|6|6|6|6|6
32140,6,False,6,0,6,6|6|6|6|6|6|6|6|6|6
32155,6,False,6,0,6,6|6|6|6|6|6|6|6|6|6
32157,6,False,6,1,6,6|6|6|6|5|6|6|6|6|6
32167,6,False,6,0,6,6|6|6|6|6|6|6|6|6|6
32179,6,False,6,0,6,6|6|6|6|6|6|6|6|6|6
32183,6,False,6,0,6,6|6|6|6|6|6|6|6|6|6
32188,6,False,6,0,6,6|6|6|6|6|6|6|6|6|6
32196,6,False,6,0,6,6|6|6|6|6|6|6|6|6|6
32233,6,False,6,0,6,6|6|6|6|6|6|6|6|6|6
32235,6,False,6,0,6,6|6|6|6|6|6|6|6|6|6
32238,6,False,6,0,6,6|6|6|6|6|6|6|6|6|6
32253,6,False,6,1,6,6|6|6|6|6|6|6|6|4|6
32254,6,False,6,0,6,6|6|6|6|6|6|6|6|6|6
32268,6,False,6,0,6,6|6|6|6|6|6|6|6|6|6
32269,6,False,6,0,6,6|6|6|6|6|6|6|6|6|6
32286,6,False,6,0,6,6|6|6|6|6|6|6|6|6|6
32326,6,False,6,0,6,6|6|6|6|6|6|6|6|6|6
32336,6,False,6,0,6,6|6|6|6|6|6|6|6|6|6
32340,6,False,6,6,6,1|3|6|5|6|6|0|1|3|6
32384,6,False,6,7,9,9|9|6|6|8|8|6|9|9|9
32389,6,False,6,0,6,6|6|6|6|6|6|6|6|6|6
32403,6,False,6,0,6,6|6|6|6|6|6|6|6|6|6
32426,6,False,6,0,6,6|6|6|6|6|6|6|6|6|6
32433,6,False,6,0,6,6|6|6|6|6|6|6|6|6|6
32435,6,False,6,0,6,6|6|6|6|6|6|6|6|6|6
32438,6,False,6,0,6,6|6|6|6|6|6|6|6|6|6
32445,6,False,6,0,6,6|6|6|6|6|6|6|6|6|6
32461,6,False,6,0,6,6|6|6|6|6|6|6|6|6|6
32492,6,False,6,1,6,6|6|6|6|8|6|6|6|6|6
32494,6,False,6,0,6,6|6|6|6|6|6|6|6|6|6
32497,6,False,6,0,6,6|6|6|6|6|6|6|6|6|6
32499,6,False,6,10,7,7|7|7|7|7|7|7|7|7|7
32507,6,False,6,4,6,6|6|9|6|7|7|6|8|6|6
32509,6,False,6,8,-1,0|0|2|8|6|2|6|2|4|0
32525,6,False,6,0,6,6|6|6|6|6|6|6|6|6|6
32532,6,False,6,1,6,6|6|6|6|6|1|6|6|6|6
32546,6,False,6,0,6,6|6|6|6|6|6|6|6|6|6
32551,6,False,6,0,6,6|6|6|6|6|6|6|6|6|6
32556,6,False,6,1,6,6|6|6|6|8|6|6|6|6|6
32568,6,False,6,1,6,6|6|2|6|6|6|6|6|6|6
32595,6,False,6,0,6,6|6|6|6|6|6|6|6|6|6
32602,6,False,6,0,6,6|6|6|6|6|6|6|6|6|6
32614,6,False,6,0,6,6|6|6|6|6|6|6|6|6|6
32615,6,False,6,0,6,6|6|6|6|6|6|6|6|6|6
32628,6,False,6,0,6,6|6|6|6|6|6|6|6|6|6
32662,6,False,6,10,0,0|0|0|0|0|0|0|0|0|0
32663,6,False,6,0,6,6|6|6|6|6|6|6|6|6|6
32669,6,False,6,0,6,6|6|6|6|6|6|6|6|6|6
32672,6,False,6,1,6,6|6|4|6|6|6|6|6|6|6
32680,6,False,6,0,6,6|6|6|6|6|6|6|6|6|6
32686,6,False,6,0,6,6|6|6|6|6|6|6|6|6|6
32708,6,False,6,3,6,7|6|6|6|6|7|6|7|6|6
32715,6,False,6,1,6,6|6|6|6|6|6|6|7|6|6
32717,6,False,6,0,6,6|6|6|6|6|6|6|6|6|6
32733,6,False,6,0,6,6|6|6|6|6|6|6|6|6|6
32742,6,False,6,8,-1,8|8|9|6|9|8|9|8|6|9
32748,6,False,6,7,-1,6|6|8|8|7|6|3|8|7|7
32759,6,False,6,10,7,7|7|7|7|7|7|7|7|7|7
32775,6,False,6,0,6,6|6|6|6|6|6|6|6|6|6
32781,6,False,6,0,6,6|6|6|6|6|6|6|6|6|6
32803,6,False,6,0,6,6|6|6|6|6|6|6|6|6|6
32807,6,False,6,0,6,6|6|6|6|6|6|6|6|6|6
32808,6,False,6,0,6,6|6|6|6|6|6|6|6|6|6
32830,6,False,6,0,6,6|6|6|6|6|6|6|6|6|6
32841,6,False,6,0,6,6|6|6|6|6|6|6|6|6|6
32843,6,False,6,0,6,6|6|6|6|6|6|6|6|6|6
32850,6,False,6,0,6,6|6|6|6|6|6|6|6|6|6
32852,6,False,6,0,6,6|6|6|6|6|6|6|6|6|6
32856,6,False,6,0,6,6|6|6|6|6|6|6|6|6|6
32879,6,False,6,1,6,6|6|6|6|6|6|6|6|6|2
32883,6,False,6,0,6,6|6|6|6|6|6|6|6|6|6
32887,6,False,6,0,6,6|6|6|6|6|6|6|6|6|6
32889,6,False,6,0,6,6|6|6|6|6|6|6|6|6|6
32960,6,False,6,0,6,6|6|6|6|6|6|6|6|6|6
32961,6,False,6,0,6,6|6|6|6|6|6|6|6|6|6
32962,6,False,6,0,6,6|6|6|6|6|6|6|6|6|6
32968,6,False,6,0,6,6|6|6|6|6|6|6|6|6|6
32979,6,False,6,0,6,6|6|6|6|6|6|6|6|6|6
32998,6,False,6,0,6,6|6|6|6|6|6|6|6|6|6
33004,6,False,6,9,5,4|4|5|5|6|5|5|5|7|7
33011,6,False,6,1,6,6|6|6|6|6|6|6|6|6|7
33013,6,False,6,0,6,6|6|6|6|6|6|6|6|6|6
33028,6,False,6,1,6,6|6|6|6|7|6|6|6|6|6
33058,6,False,6,0,6,6|6|6|6|6|6|6|6|6|6
33070,6,False,6,0,6,6|6|6|6|6|6|6|6|6|6
33073,6,False,6,9,7,7|6|7|7|7|7|7|7|7|7
33078,6,False,6,2,6,6|6|6|6|6|5|6|6|4|6
33083,6,False,6,0,6,6|6|6|6|6|6|6|6|6|6
33106,6,False,6,4,6,6|2|6|6|9|2|6|6|2|6
33111,6,False,6,0,6,6|6|6|6|6|6|6|6|6|6
33125,6,False,6,0,6,6|6|6|6|6|6|6|6|6|6
33140,6,False,6,0,6,6|6|6|6|6|6|6|6|6|6
33144,6,False,6,0,6,6|6|6|6|6|6|6|6|6|6
33149,6,False,6,0,6,6|6|6|6|6|6|6|6|6|6
33169,6,False,6,0,6,6|6|6|6|6|6|6|6|6|6
33174,6,False,6,0,6,6|6|6|6|6|6|6|6|6|6
33200,6,False,6,0,6,6|6|6|6|6|6|6|6|6|6
33209,6,False,6,0,6,6|6|6|6|6|6|6|6|6|6
33226,6,False,6,0,6,6|6|6|6|6|6|6|6|6|6
33232,6,False,6,0,6,6|6|6|6|6|6|6|6|6|6
33234,6,False,6,0,6,6|6|6|6|6|6|6|6|6|6
33239,6,False,6,0,6,6|6|6|6|6|6|6|6|6|6
33244,6,False,6,0,6,6|6|6|6|6|6|6|6|6|6
33253,6,False,6,9,0,6|0|0|0|0|0|0|0|8|0
33261,6,False,6,0,6,6|6|6|6|6|6|6|6|6|6
33265,6,False,6,0,6,6|6|6|6|6|6|6|6|6|6
33287,6,False,6,0,6,6|6|6|6|6|6|6|6|6|6
33292,6,False,6,0,6,6|6|6|6|6|6|6|6|6|6
33295,6,False,6,1,6,6|6|4|6|6|6|6|6|6|6
33297,6,False,6,0,6,6|6|6|6|6|6|6|6|6|6
33314,6,False,6,0,6,6|6|6|6|6|6|6|6|6|6
33325,6,False,6,0,6,6|6|6|6|6|6|6|6|6|6
33327,6,False,6,7,7,6|6|7|7|7|7|7|6|7|7
33335,6,False,6,0,6,6|6|6|6|6|6|6|6|6|6
33340,6,False,6,0,6,6|6|6|6|6|6|6|6|6|6
33343,6,False,6,10,7,7|7|7|7|7|7|7|7|7|7
33348,6,False,6,0,6,6|6|6|6|6|6|6|6|6|6
33358,6,False,6,3,6,6|0|9|6|6|6|6|0|6|6
33370,6,False,6,7,9,8|1|6|6|8|6|9|9|9|9
33374,6,False,6,0,6,6|6|6|6|6|6|6|6|6|6
33380,6,False,6,0,6,6|6|6|6|6|6|6|6|6|6
33386,6,False,6,0,6,6|6|6|6|6|6|6|6|6|6
33393,6,False,6,3,6,7|6|6|6|6|6|0|0|6|6
33397,6,False,6,0,6,6|6|6|6|6|6|6|6|6|6
33403,6,False,6,1,6,6|6|6|6|6|6|6|9|6|6
33407,6,False,6,0,6,6|6|6|6|6|6|6|6|6|6
33418,6,False,6,0,6,6|6|6|6|6|6|6|6|6|6
33434,6,False,6,0,6,6|6|6|6|6|6|6|6|6|6
33451,6,False,6,0,6,6|6|6|6|6|6|6|6|6|6
33456,6,False,6,10,7,7|7|7|1|1|7|1|7|7|7
33475,6,False,6,0,6,6|6|6|6|6|6|6|6|6|6
33491,6,False,6,10,0,3|0|2|0|3|0|0|3|0|0
33492,6,False,6,0,6,6|6|6|6|6|6|6|6|6|6
33499,6,False,6,0,6,6|6|6|6|6|6|6|6|6|6
33509,6,False,6,0,6,6|6|6|6|6|6|6|6|6|6
33521,6,False,6,0,6,6|6|6|6|6|6|6|6|6|6
33524,6,False,6,0,6,6|6|6|6|6|6|6|6|6|6
33542,6,False,6,0,6,6|6|6|6|6|6|6|6|6|6
33563,6,False,6,1,6,6|6|6|6|7|6|6|6|6|6
33568,6,False,6,0,6,6|6|6|6|6|6|6|6|6|6
33574,6,False,6,0,6,6|6|6|6|6|6|6|6|6|6
33593,6,False,6,0,6,6|6|6|6|6|6|6|6|6|6
33596,6,False,6,8,7,7|6|1|0|0|7|0|7|6|7
33598,6,False,6,0,6,6|6|6|6|6|6|6|6|6|6
33600,6,False,6,0,6,6|6|6|6|6|6|6|6|6|6
33606,6,False,6,0,6,6|6|6|6|6|6|6|6|6|6
33611,6,False,6,0,6,6|6|6|6|6|6|6|6|6|6
33617,6,False,6,0,6,6|6|6|6|6|6|6|6|6|6
33632,6,False,6,0,6,6|6|6|6|6|6|6|6|6|6
33644,6,False,6,0,6,6|6|6|6|6|6|6|6|6|6
33651,6,False,6,0,6,6|6|6|6|6|6|6|6|6|6
33654,6,False,6,0,6,6|6|6|6|6|6|6|6|6|6
33655,6,False,6,0,6,6|6|6|6|6|6|6|6|6|6
33663,6,False,6,0,6,6|6|6|6|6|6|6|6|6|6
33671,6,False,6,0,6,6|6|6|6|6|6|6|6|6|6
33710,6,False,6,0,6,6|6|6|6|6|6|6|6|6|6
33716,6,False,6,0,6,6|6|6|6|6|6|6|6|6|6
33717,6,False,6,0,6,6|6|6|6|6|6|6|6|6|6
33737,6,False,6,10,9,9|9|8|8|8|9|9|9|9|9
33738,6,False,6,6,6,6|6|4|0|4|5|6|0|4|6
33741,6,False,6,0,6,6|6|6|6|6|6|6|6|6|6
33749,6,False,6,0,6,6|6|6|6|6|6|6|6|6|6
33755,6,False,6,0,6,6|6|6|6|6|6|6|6|6|6
33780,6,False,6,0,6,6|6|6|6|6|6|6|6|6|6
33781,6,False,6,5,6,6|0|0|6|6|7|0|7|6|6
33794,6,False,6,0,6,6|6|6|6|6|6|6|6|6|6
33800,6,False,6,0,6,6|6|6|6|6|6|6|6|6|6
33822,6,False,6,0,6,6|6|6|6|6|6|6|6|6|6
33847,6,False,6,8,5,7|5|5|5|5|5|6|6|5|5
33849,6,False,6,0,6,6|6|6|6|6|6|6|6|6|6
33856,6,False,6,9,0,0|6|9|0|7|0|0|9|8|4
33888,6,False,6,0,6,6|6|6|6|6|6|6|6|6|6
33891,6,False,6,0,6,6|6|6|6|6|6|6|6|6|6
33899,6,False,6,0,6,6|6|6|6|6|6|6|6|6|6
33909,6,False,6,1,6,6|6|6|6|6|6|6|7|6|6
33917,6,False,6,10,7,7|7|7|7|7|7|7|7|7|7
33918,6,False,6,2,6,6|6|2|6|6|6|0|6|6|6
33933,6,False,6,0,6,6|6|6|6|6|6|6|6|6|6
33935,6,False,6,0,6,6|6|6|6|6|6|6|6|6|6
33938,6,False,6,7,-1,7|6|6|7|9|4|8|7|2|6
33942,6,False,6,1,6,6|6|7|6|6|6|6|6|6|6
33944,6,False,6,0,6,6|6|6|6|6|6|6|6|6|6
33948,6,False,6,0,6,6|6|6|6|6|6|6|6|6|6
33954,6,False,6,4,6,6|6|8|9|6|6|6|9|9|6
33958,6,False,6,0,6,6|6|6|6|6|6|6|6|6|6
33969,6,False,6,0,6,6|6|6|6|6|6|6|6|6|6
33970,6,False,6,1,6,6|6|6|6|7|6|6|6|6|6
33971,6,False,6,0,6,6|6|6|6|6|6|6|6|6|6
33973,6,False,6,0,6,6|6|6|6|6|6|6|6|6|6
33999,6,False,6,0,6,6|6|6|6|6|6|6|6|6|6
34007,6,False,6,0,6,6|6|6|6|6|6|6|6|6|6
34064,6,False,6,0,6,6|6|6|6|6|6|6|6|6|6
34077,6,False,6,0,6,6|6|6|6|6|6|6|6|6|6
34091,6,False,6,0,6,6|6|6|6|6|6|6|6|6|6
34103,6,False,6,0,6,6|6|6|6|6|6|6|6|6|6
34118,6,False,6,0,6,6|6|6|6|6|6|6|6|6|6
34128,6,False,6,0,6,6|6|6|6|6|6|6|6|6|6
34131,6,False,6,0,6,6|6|6|6|6|6|6|6|6|6
34135,6,False,6,0,6,6|6|6|6|6|6|6|6|6|6
34145,6,False,6,8,9,9|9|3|9|6|9|9|0|9|6
34172,6,False,6,0,6,6|6|6|6|6|6|6|6|6|6
34175,6,False,6,10,0,3|3|0|0|0|3|0|0|0|0
34181,6,False,6,0,6,6|6|6|6|6|6|6|6|6|6
34185,6,False,6,0,6,6|6|6|6|6|6|6|6|6|6
34204,6,False,6,0,6,6|6|6|6|6|6|6|6|6|6
34224,6,False,6,0,6,6|6|6|6|6|6|6|6|6|6
34233,6,False,6,1,6,6|6|6|6|6|6|6|4|6|6
34235,6,False,6,0,6,6|6|6|6|6|6|6|6|6|6
34242,6,False,6,0,6,6|6|6|6|6|6|6|6|6|6
34245,6,False,6,0,6,6|6|6|6|6|6|6|6|6|6
34247,6,False,6,2,6,4|6|6|6|6|6|6|6|5|6
34258,6,False,6,0,6,6|6|6|6|6|6|6|6|6|6
34279,6,False,6,0,6,6|6|6|6|6|6|6|6|6|6
34281,6,False,6,0,6,6|6|6|6|6|6|6|6|6|6
34284,6,False,6,0,6,6|6|6|6|6|6|6|6|6|6
34286,6,False,6,2,6,6|6|6|6|6|9|6|9|6|6
34296,6,False,6,0,6,6|6|6|6|6|6|6|6|6|6
34314,6,False,6,0,6,6|6|6|6|6|6|6|6|6|6
34315,6,False,6,0,6,6|6|6|6|6|6|6|6|6|6
34342,6,False,6,0,6,6|6|6|6|6|6|6|6|6|6
34346,6,False,6,0,6,6|6|6|6|6|6|6|6|6|6
34350,6,False,6,0,6,6|6|6|6|6|6|6|6|6|6
34371,6,False,6,3,6,6|2|6|2|9|6|6|6|6|6
34373,6,False,6,0,6,6|6|6|6|6|6|6|6|6|6
34376,6,False,6,0,6,6|6|6|6|6|6|6|6|6|6
34380,6,False,6,0,6,6|6|6|6|6|6|6|6|6|6
34399,6,False,6,0,6,6|6|6|6|6|6|6|6|6|6
34407,6,False,6,0,6,6|6|6|6|6|6|6|6|6|6
34410,6,False,6,0,6,6|6|6|6|6|6|6|6|6|6
34435,6,False,6,0,6,6|6|6|6|6|6|6|6|6|6
34453,6,False,6,0,6,6|6|6|6|6|6|6|6|6|6
34466,6,False,6,0,6,6|6|6|6|6|6|6|6|6|6
34469,6,False,6,0,6,6|6|6|6|6|6|6|6|6|6
34476,6,False,6,0,6,6|6|6|6|6|6|6|6|6|6
34483,6,False,6,0,6,6|6|6|6|6|6|6|6|6|6
34487,6,False,6,0,6,6|6|6|6|6|6|6|6|6|6
34497,6,False,6,0,6,6|6|6|6|6|6|6|6|6|6
34499,6,False,6,0,6,6|6|6|6|6|6|6|6|6|6
34504,6,False,6,0,6,6|6|6|6|6|6|6|6|6|6
34507,6,False,6,0,6,6|6|6|6|6|6|6|6|6|6
34513,6,False,6,0,6,6|6|6|6|6|6|6|6|6|6
34515,6,False,6,0,6,6|6|6|6|6|6|6|6|6|6
34519,6,False,6,0,6,6|6|6|6|6|6|6|6|6|6
34528,6,False,6,0,6,6|6|6|6|6|6|6|6|6|6
34534,6,False,6,1,6,6|6|2|6|6|6|6|6|6|6
34559,6,False,6,0,6,6|6|6|6|6|6|6|6|6|6
34570,6,False,6,0,6,6|6|6|6|6|6|6|6|6|6
34598,6,False,6,4,6,6|6|4|6|4|4|6|0|6|6
34604,6,False,6,0,6,6|6|6|6|6|6|6|6|6|6
34624,6,False,6,0,6,6|6|6|6|6|6|6|6|6|6
34630,6,False,6,0,6,6|6|6|6|6|6|6|6|6|6
34682,6,False,6,0,6,6|6|6|6|6|6|6|6|6|6
34693,6,False,6,10,7,4|4|7|7|7|7|7|7|7|7
34703,6,False,6,0,6,6|6|6|6|6|6|6|6|6|6
34705,6,False,6,0,6,6|6|6|6|6|6|6|6|6|6
34723,6,False,6,0,6,6|6|6|6|6|6|6|6|6|6
34732,6,False,6,10,7,7|7|7|7|7|7|7|7|7|7
34748,6,False,6,5,6,6|4|4|4|6|1|4|6|6|6
34754,6,False,6,5,-1,7|7|6|6|7|7|6|7|6|6
34755,6,False,6,0,6,6|6|6|6|6|6|6|6|6|6
34759,6,False,6,0,6,6|6|6|6|6|6|6|6|6|6
34770,6,False,6,10,0,8|0|0|0|8|0|0|0|0|8
34772,6,False,6,0,6,6|6|6|6|6|6|6|6|6|6
34773,6,False,6,0,6,6|6|6|6|6|6|6|6|6|6
34782,6,False,6,0,6,6|6|6|6|6|6|6|6|6|6
34796,6,False,6,0,6,6|6|6|6|6|6|6|6|6|6
34827,6,False,6,0,6,6|6|6|6|6|6|6|6|6|6
34848,6,False,6,0,6,6|6|6|6|6|6|6|6|6|6
34858,6,False,6,0,6,6|6|6|6|6|6|6|6|6|6
34859,6,False,6,0,6,6|6|6|6|6|6|6|6|6|6
34872,6,False,6,0,6,6|6|6|6|6|6|6|6|6|6
34882,6,False,6,0,6,6|6|6|6|6|6|6|6|6|6
34892,6,False,6,0,6,6|6|6|6|6|6|6|6|6|6
34894,6,False,6,0,6,6|6|6|6|6|6|6|6|6|6
34897,6,False,6,0,6,6|6|6|6|6|6|6|6|6|6
34907,6,False,6,0,6,6|6|6|6|6|6|6|6|6|6
34911,6,False,6,0,6,6|6|6|6|6|6|6|6|6|6
34912,6,False,6,0,6,6|6|6|6|6|6|6|6|6|6
34913,6,False,6,10,7,7|7|7|7|7|7|7|7|7|7
34916,6,False,6,0,6,6|6|6|6|6|6|6|6|6|6
34918,6,False,6,0,6,6|6|6|6|6|6|6|6|6|6
34934,6,False,6,0,6,6|6|6|6|6|6|6|6|6|6
34938,6,False,6,0,6,6|6|6|6|6|6|6|6|6|6
34939,6,False,6,0,6,6|6|6|6|6|6|6|6|6|6
34945,6,False,6,0,6,6|6|6|6|6|6|6|6|6|6
34949,6,False,6,0,6,6|6|6|6|6|6|6|6|6|6
34951,6,False,6,0,6,6|6|6|6|6|6|6|6|6|6
34987,6,False,6,0,6,6|6|6|6|6|6|6|6|6|6
35005,6,False,6,0,6,6|6|6|6|6|6|6|6|6|6
35024,6,False,6,0,6,6|6|6|6|6|6|6|6|6|6
35043,6,False,6,0,6,6|6|6|6|6|6|6|6|6|6
35069,6,False,6,0,6,6|6|6|6|6|6|6|6|6|6
35102,6,False,6,0,6,6|6|6|6|6|6|6|6|6|6
35104,6,False,6,0,6,6|6|6|6|6|6|6|6|6|6
35121,6,False,6,0,6,6|6|6|6|6|6|6|6|6|6
35123,6,False,6,0,6,6|6|6|6|6|6|6|6|6|6
35128,6,False,6,0,6,6|6|6|6|6|6|6|6|6|6
35142,6,False,6,2,6,6|6|7|6|6|6|6|6|7|6
35147,6,False,6,0,6,6|6|6|6|6|6|6|6|6|6
35149,6,False,6,0,6,6|6|6|6|6|6|6|6|6|6
35163,6,False,6,0,6,6|6|6|6|6|6|6|6|6|6
35168,6,False,6,0,6,6|6|6|6|6|6|6|6|6|6
35176,6,False,6,0,6,6|6|6|6|6|6|6|6|6|6
35186,6,False,6,0,6,6|6|6|6|6|6|6|6|6|6
35188,6,False,6,0,6,6|6|6|6|6|6|6|6|6|6
35190,6,False,6,0,6,6|6|6|6|6|6|6|6|6|6
35194,6,False,6,0,6,6|6|6|6|6|6|6|6|6|6
35196,6,False,6,0,6,6|6|6|6|6|6|6|6|6|6
35211,6,False,6,1,6,6|6|6|6|3|6|6|6|6|6
35212,6,False,6,0,6,6|6|6|6|6|6|6|6|6|6
35218,6,False,6,0,6,6|6|6|6|6|6|6|6|6|6
35232,7,False,7,0,7,7|7|7|7|7|7|7|7|7|7
35238,7,False,7,0,7,7|7|7|7|7|7|7|7|7|7
35241,7,False,7,0,7,7|7|7|7|7|7|7|7|7|7
35247,7,False,7,0,7,7|7|7|7|7|7|7|7|7|7
35251,7,False,7,0,7,7|7|7|7|7|7|7|7|7|7
35253,7,False,7,10,0,8|0|0|5|0|4|0|0|0|9
35263,7,False,7,0,7,7|7|7|7|7|7|7|7|7|7
35290,7,False,7,0,7,7|7|7|7|7|7|7|7|7|7
35296,7,False,7,0,7,7|7|7|7|7|7|7|7|7|7
35310,7,False,7,0,7,7|7|7|7|7|7|7|7|7|7
35332,7,False,7,0,7,7|7|7|7|7|7|7|7|7|7
35337,7,False,7,0,7,7|7|7|7|7|7|7|7|7|7
35340,7,False,7,0,7,7|7|7|7|7|7|7|7|7|7
35372,7,False,7,3,7,6|7|7|7|7|7|7|6|6|7
35377,7,False,7,0,7,7|7|7|7|7|7|7|7|7|7
35392,7,False,7,0,7,7|7|7|7|7|7|7|7|7|7
35394,7,False,7,0,7,7|7|7|7|7|7|7|7|7|7
35425,7,False,7,0,7,7|7|7|7|7|7|7|7|7|7
35446,7,False,7,0,7,7|7|7|7|7|7|7|7|7|7
35465,7,False,7,0,7,7|7|7|7|7|7|7|7|7|7
35477,7,False,7,0,7,7|7|7|7|7|7|7|7|7|7
35491,7,False,7,9,6,6|6|6|6|6|6|7|6|6|6
35503,7,False,7,0,7,7|7|7|7|7|7|7|7|7|7
35504,7,False,7,0,7,7|7|7|7|7|7|7|7|7|7
35506,7,False,7,0,7,7|7|7|7|7|7|7|7|7|7
35508,7,False,7,0,7,7|7|7|7|7|7|7|7|7|7
35516,7,False,7,0,7,7|7|7|7|7|7|7|7|7|7
35521,7,False,7,0,7,7|7|7|7|7|7|7|7|7|7
35533,7,False,7,0,7,7|7|7|7|7|7|7|7|7|7
35541,7,False,7,0,7,7|7|7|7|7|7|7|7|7|7
35546,7,False,7,0,7,7|7|7|7|7|7|7|7|7|7
35553,7,False,7,8,4,7|4|4|4|7|5|4|5|8|5
35565,7,False,7,0,7,7|7|7|7|7|7|7|7|7|7
35587,7,False,7,0,7,7|7|7|7|7|7|7|7|7|7
35592,7,False,7,0,7,7|7|7|7|7|7|7|7|7|7
35597,7,False,7,0,7,7|7|7|7|7|7|7|7|7|7
35602,7,False,7,0,7,7|7|7|7|7|7|7|7|7|7
35605,7,False,7,0,7,7|7|7|7|7|7|7|7|7|7
35619,7,False,7,4,7,7|7|3|1|3|1|7|7|7|7
35637,7,False,7,0,7,7|7|7|7|7|7|7|7|7|7
35644,7,False,7,0,7,7|7|7|7|7|7|7|7|7|7
35668,7,False,7,0,7,7|7|7|7|7|7|7|7|7|7
35671,7,False,7,0,7,7|7|7|7|7|7|7|7|7|7
35689,7,False,7,0,7,7|7|7|7|7|7|7|7|7|7
35703,7,False,7,0,7,7|7|7|7|7|7|7|7|7|7
35704,7,False,7,0,7,7|7|7|7|7|7|7|7|7|7
35706,7,False,7,0,7,7|7|7|7|7|7|7|7|7|7
35748,7,False,7,7,6,7|6|6|7|6|6|6|7|6|6
35761,7,False,7,7,6,6|6|7|7|7|6|6|6|6|6
35786,7,False,7,0,7,7|7|7|7|7|7|7|7|7|7
35790,7,False,7,0,7,7|7|7|7|7|7|7|7|7|7
35798,7,False,7,0,7,7|7|7|7|7|7|7|7|7|7
35805,7,False,7,0,7,7|7|7|7|7|7|7|7|7|7
35809,7,False,7,1,7,7|7|7|7|7|7|7|0|7|7
35811,7,False,7,4,7,7|7|7|2|3|7|3|2|7|7
35822,7,False,7,0,7,7|7|7|7|7|7|7|7|7|7
35838,7,False,7,0,7,7|7|7|7|7|7|7|7|7|7
35841,7,False,7,0,7,7|7|7|7|7|7|7|7|7|7
35843,7,False,7,0,7,7|7|7|7|7|7|7|7|7|7
35845,7,False,7,0,7,7|7|7|7|7|7|7|7|7|7
35853,7,False,7,0,7,7|7|7|7|7|7|7|7|7|7
35870,7,False,7,0,7,7|7|7|7|7|7|7|7|7|7
35890,7,False,7,0,7,7|7|7|7|7|7|7|7|7|7
35922,7,False,7,0,7,7|7|7|7|7|7|7|7|7|7
35933,7,False,7,0,7,7|7|7|7|7|7|7|7|7|7
35940,7,False,7,0,7,7|7|7|7|7|7|7|7|7|7
35944,7,False,7,9,6,6|6|6|6|6|6|7|6|6|6
35979,7,False,7,0,7,7|7|7|7|7|7|7|7|7|7
35987,7,False,7,0,7,7|7|7|7|7|7|7|7|7|7
35994,7,False,7,0,7,7|7|7|7|7|7|7|7|7|7
35995,7,False,7,0,7,7|7|7|7|7|7|7|7|7|7
36014,7,False,7,0,7,7|7|7|7|7|7|7|7|7|7
36015,7,False,7,0,7,7|7|7|7|7|7|7|7|7|7
36017,7,False,7,2,7,7|7|9|7|7|7|7|8|7|7
36019,7,False,7,0,7,7|7|7|7|7|7|7|7|7|7
36028,7,False,7,10,9,9|8|9|9|9|9|9|9|9|9
36030,7,False,7,6,6,6|6|7|6|7|6|7|7|6|6
36041,7,False,7,5,-1,6|7|6|6|7|7|6|6|7|7
36048,7,False,7,6,6,6|6|6|6|6|6|7|7|7|7
36081,7,False,7,0,7,7|7|7|7|7|7|7|7|7|7
36084,7,False,7,0,7,7|7|7|7|7|7|7|7|7|7
36085,7,False,7,0,7,7|7|7|7|7|7|7|7|7|7
36088,7,False,7,0,7,7|7|7|7|7|7|7|7|7|7
36123,7,False,7,0,7,7|7|7|7|7|7|7|7|7|7
36149,7,False,7,0,7,7|7|7|7|7|7|7|7|7|7
36153,7,False,7,0,7,7|7|7|7|7|7|7|7|7|7
36155,7,False,7,0,7,7|7|7|7|7|7|7|7|7|7
36165,7,False,7,0,7,7|7|7|7|7|7|7|7|7|7
36178,7,False,7,0,7,7|7|7|7|7|7|7|7|7|7
36190,7,False,7,0,7,7|7|7|7|7|7|7|7|7|7
36200,7,False,7,10,5,5|5|5|5|5|5|5|5|5|5
36203,7,False,7,0,7,7|7|7|7|7|7|7|7|7|7
36212,7,False,7,0,7,7|7|7|7|7|7|7|7|7|7
36220,7,False,7,0,7,7|7|7|7|7|7|7|7|7|7
36224,7,False,7,0,7,7|7|7|7|7|7|7|7|7|7
36230,7,False,7,0,7,7|7|7|7|7|7|7|7|7|7
36235,7,False,7,0,7,7|7|7|7|7|7|7|7|7|7
36241,7,False,7,0,7,7|7|7|7|7|7|7|7|7|7
36282,7,False,7,0,7,7|7|7|7|7|7|7|7|7|7
36286,7,False,7,0,7,7|7|7|7|7|7|7|7|7|7
36291,7,False,7,2,7,7|8|7|7|0|7|7|7|7|7
36305,7,False,7,0,7,7|7|7|7|7|7|7|7|7|7
36307,7,False,7,0,7,7|7|7|7|7|7|7|7|7|7
36313,7,False,7,0,7,7|7|7|7|7|7|7|7|7|7
36320,7,False,7,0,7,7|7|7|7|7|7|7|7|7|7
36324,7,False,7,0,7,7|7|7|7|7|7|7|7|7|7
36331,7,False,7,0,7,7|7|7|7|7|7|7|7|7|7
36337,7,False,7,0,7,7|7|7|7|7|7|7|7|7|7
36351,7,False,7,0,7,7|7|7|7|7|7|7|7|7|7
36352,7,False,7,0,7,7|7|7|7|7|7|7|7|7|7
36358,7,False,7,10,6,6|6|6|6|6|6|6|6|6|6
36378,7,False,7,0,7,7|7|7|7|7|7|7|7|7|7
36379,7,False,7,0,7,7|7|7|7|7|7|7|7|7|7
36391,7,False,7,0,7,7|7|7|7|7|7|7|7|7|7
36393,7,False,7,0,7,7|7|7|7|7|7|7|7|7|7
36396,7,False,7,9,-1,4|7|4|5|5|5|5|6|4|4
36400,7,False,7,0,7,7|7|7|7|7|7|7|7|7|7
36408,7,False,7,0,7,7|7|7|7|7|7|7|7|7|7
36410,7,False,7,0,7,7|7|7|7|7|7|7|7|7|7
36416,7,False,7,10,2,6|3|2|3|0|2|2|2|9|0
36420,7,False,7,0,7,7|7|7|7|7|7|7|7|7|7
36428,7,False,7,0,7,7|7|7|7|7|7|7|7|7|7
36445,7,False,7,0,7,7|7|7|7|7|7|7|7|7|7
36475,7,False,7,0,7,7|7|7|7|7|7|7|7|7|7
36481,7,False,7,0,7,7|7|7|7|7|7|7|7|7|7
36523,7,False,7,10,1,1|1|9|1|0|1|1|1|1|1
36524,7,False,7,0,7,7|7|7|7|7|7|7|7|7|7
36527,7,False,7,0,7,7|7|7|7|7|7|7|7|7|7
36552,7,False,7,0,7,7|7|7|7|7|7|7|7|7|7
36560,7,False,7,0,7,7|7|7|7|7|7|7|7|7|7
36564,7,False,7,0,7,7|7|7|7|7|7|7|7|7|7
36569,7,False,7,0,7,7|7|7|7|7|7|7|7|7|7
36586,7,False,7,0,7,7|7|7|7|7|7|7|7|7|7
36588,7,False,7,0,7,7|7|7|7|7|7|7|7|7|7
36589,7,False,7,0,7,7|7|7|7|7|7|7|7|7|7
36594,7,False,7,0,7,7|7|7|7|7|7|7|7|7|7
36606,7,False,7,1,7,7|7|7|7|6|7|7|7|7|7
36608,7,False,7,0,7,7|7|7|7|7|7|7|7|7|7
36610,7,False,7,10,6,6|6|6|6|9|6|6|6|6|6
36615,7,False,7,0,7,7|7|7|7|7|7|7|7|7|7
36626,7,False,7,0,7,7|7|7|7|7|7|7|7|7|7
36635,7,False,7,0,7,7|7|7|7|7|7|7|7|7|7
36636,7,False,7,5,7,7|7|4|3|7|3|7|5|7|3
36668,7,False,7,0,7,7|7|7|7|7|7|7|7|7|7
36682,7,False,7,10,4,4|4|4|5|5|5|4|4|4|4
36701,7,False,7,0,7,7|7|7|7|7|7|7|7|7|7
36704,7,False,7,0,7,7|7|7|7|7|7|7|7|7|7
36708,7,False,7,10,6,6|6|6|6|6|6|6|6|6|6
36734,7,False,7,1,7,7|6|7|7|7|7|7|7|7|7
36742,7,False,7,0,7,7|7|7|7|7|7|7|7|7|7
36753,7,False,7,0,7,7|7|7|7|7|7|7|7|7|7
36762,7,False,7,0,7,7|7|7|7|7|7|7|7|7|7
36802,7,False,7,0,7,7|7|7|7|7|7|7|7|7|7
36806,7,False,7,0,7,7|7|7|7|7|7|7|7|7|7
36812,7,False,7,0,7,7|7|7|7|7|7|7|7|7|7
36832,7,False,7,0,7,7|7|7|7|7|7|7|7|7|7
36881,7,False,7,0,7,7|7|7|7|7|7|7|7|7|7
36896,7,False,7,0,7,7|7|7|7|7|7|7|7|7|7
36899,7,False,7,0,7,7|7|7|7|7|7|7|7|7|7
36904,7,False,7,0,7,7|7|7|7|7|7|7|7|7|7
36927,7,False,7,0,7,7|7|7|7|7|7|7|7|7|7
36929,7,False,7,0,7,7|7|7|7|7|7|7|7|7|7
36931,7,False,7,0,7,7|7|7|7|7|7|7|7|7|7
36933,7,False,7,0,7,7|7|7|7|7|7|7|7|7|7
36936,7,False,7,0,7,7|7|7|7|7|7|7|7|7|7
36939,7,False,7,0,7,7|7|7|7|7|7|7|7|7|7
36941,7,False,7,0,7,7|7|7|7|7|7|7|7|7|7
36949,7,False,7,0,7,7|7|7|7|7|7|7|7|7|7
36962,7,False,7,0,7,7|7|7|7|7|7|7|7|7|7
36963,7,False,7,5,7,3|7|7|7|7|7|3|6|3|3
36978,7,False,7,0,7,7|7|7|7|7|7|7|7|7|7
36984,7,False,7,0,7,7|7|7|7|7|7|7|7|7|7
36999,7,False,7,0,7,7|7|7|7|7|7|7|7|7|7
37004,7,False,7,0,7,7|7|7|7|7|7|7|7|7|7
37009,7,False,7,7,-1,5|3|7|0|1|1|1|7|3|7
37021,7,False,7,0,7,7|7|7|7|7|7|7|7|7|7
37022,7,False,7,7,6,7|7|7|6|6|6|6|6|6|6
37024,7,False,7,0,7,7|7|7|7|7|7|7|7|7|7
37031,7,False,7,0,7,7|7|7|7|7|7|7|7|7|7
37048,7,False,7,0,7,7|7|7|7|7|7|7|7|7|7
37063,7,False,7,0,7,7|7|7|7|7|7|7|7|7|7
37066,7,False,7,0,7,7|7|7|7|7|7|7|7|7|7
37067,7,False,7,0,7,7|7|7|7|7|7|7|7|7|7
37071,7,False,7,0,7,7|7|7|7|7|7|7|7|7|7
37076,7,False,7,1,7,7|0|7|7|7|7|7|7|7|7
37098,7,False,7,0,7,7|7|7|7|7|7|7|7|7|7
37102,7,False,7,0,7,7|7|7|7|7|7|7|7|7|7
37111,7,False,7,0,7,7|7|7|7|7|7|7|7|7|7
37117,7,False,7,5,7,7|7|9|6|8|7|6|9|7|7
37123,7,False,7,0,7,7|7|7|7|7|7|7|7|7|7
37125,7,False,7,0,7,7|7|7|7|7|7|7|7|7|7
37128,7,False,7,0,7,7|7|7|7|7|7|7|7|7|7
37154,7,False,7,5,7,4|4|7|7|7|1|7|1|7|4
37159,7,False,7,0,7,7|7|7|7|7|7|7|7|7|7
37162,7,False,7,0,7,7|7|7|7|7|7|7|7|7|7
37183,7,False,7,0,7,7|7|7|7|7|7|7|7|7|7
37192,7,False,7,3,7,7|9|7|9|9|7|7|7|7|7
37197,7,False,7,0,7,7|7|7|7|7|7|7|7|7|7
37210,7,False,7,2,7,7|7|7|7|7|7|7|6|7|6
37226,7,False,7,0,7,7|7|7|7|7|7|7|7|7|7
37245,7,False,7,0,7,7|7|7|7|7|7|7|7|7|7
37250,7,False,7,0,7,7|7|7|7|7|7|7|7|7|7
37267,7,False,7,0,7,7|7|7|7|7|7|7|7|7|7
37306,7,False,7,0,7,7|7|7|7|7|7|7|7|7|7
37310,7,False,7,0,7,7|7|7|7|7|7|7|7|7|7
37313,7,False,7,3,7,7|7|9|7|7|9|7|8|7|7
37317,7,False,7,0,7,7|7|7|7|7|7|7|7|7|7
37320,7,False,7,0,7,7|7|7|7|7|7|7|7|7|7
37321,7,False,7,0,7,7|7|7|7|7|7|7|7|7|7
37323,7,False,7,0,7,7|7|7|7|7|7|7|7|7|7
37324,7,False,7,0,7,7|7|7|7|7|7|7|7|7|7
37336,7,False,7,0,7,7|7|7|7|7|7|7|7|7|7
37342,7,False,7,0,7,7|7|7|7|7|7|7|7|7|7
37343,7,False,7,0,7,7|7|7|7|7|7|7|7|7|7
37353,7,False,7,0,7,7|7|7|7|7|7|7|7|7|7
37354,7,False,7,0,7,7|7|7|7|7|7|7|7|7|7
37364,7,False,7,0,7,7|7|7|7|7|7|7|7|7|7
37385,7,False,7,0,7,7|7|7|7|7|7|7|7|7|7
37410,7,False,7,0,7,7|7|7|7|7|7|7|7|7|7
37421,7,False,7,0,7,7|7|7|7|7|7|7|7|7|7
37424,7,False,7,0,7,7|7|7|7|7|7|7|7|7|7
37431,7,False,7,0,7,7|7|7|7|7|7|7|7|7|7
37432,7,False,7,10,0,5|0|8|5|0|0|8|0|0|5
37442,7,False,7,0,7,7|7|7|7|7|7|7|7|7|7
37448,7,False,7,2,7,8|7|7|0|7|7|7|7|7|7
37459,7,False,7,0,7,7|7|7|7|7|7|7|7|7|7
37462,7,False,7,0,7,7|7|7|7|7|7|7|7|7|7
37464,7,False,7,0,7,7|7|7|7|7|7|7|7|7|7
37487,7,False,7,10,9,9|9|9|9|9|9|9|9|9|9
37498,7,False,7,0,7,7|7|7|7|7|7|7|7|7|7
37500,7,False,7,0,7,7|7|7|7|7|7|7|7|7|7
37508,7,False,7,0,7,7|7|7|7|7|7|7|7|7|7
37514,7,False,7,0,7,7|7|7|7|7|7|7|7|7|7
37515,7,False,7,0,7,7|7|7|7|7|7|7|7|7|7
37543,7,False,7,0,7,7|7|7|7|7|7|7|7|7|7
37551,7,False,7,0,7,7|7|7|7|7|7|7|7|7|7
37563,7,False,7,0,7,7|7|7|7|7|7|7|7|7|7
37566,7,False,7,0,7,7|7|7|7|7|7|7|7|7|7
37578,7,False,7,0,7,7|7|7|7|7|7|7|7|7|7
37579,7,False,7,1,7,7|7|7|8|7|7|7|7|7|7
37584,7,False,7,0,7,7|7|7|7|7|7|7|7|7|7
37599,7,False,7,0,7,7|7|7|7|7|7|7|7|7|7
37644,7,False,7,0,7,7|7|7|7|7|7|7|7|7|7
37645,7,False,7,0,7,7|7|7|7|7|7|7|7|7|7
37646,7,False,7,0,7,7|7|7|7|7|7|7|7|7|7
37662,7,False,7,0,7,7|7|7|7|7|7|7|7|7|7
37666,7,False,7,10,0,5|1|0|0|0|1|2|2|0|0
37675,7,False,7,0,7,7|7|7|7|7|7|7|7|7|7
37676,7,False,7,4,7,7|6|7|0|7|7|7|8|7|9
37678,7,False,7,2,7,7|7|7|9|7|7|7|7|8|7
37687,7,False,7,0,7,7|7|7|7|7|7|7|7|7|7
37697,7,False,7,6,-1,8|9|7|8|7|4|7|8|8|7
37717,7,False,7,0,7,7|7|7|7|7|7|7|7|7|7
37742,7,False,7,0,7,7|7|7|7|7|7|7|7|7|7
37744,7,False,7,0,7,7|7|7|7|7|7|7|7|7|7
37763,7,False,7,0,7,7|7|7|7|7|7|7|7|7|7
37781,7,False,7,6,-1,0|7|7|9|7|7|9|9|8|9
37803,7,False,7,0,7,7|7|7|7|7|7|7|7|7|7
37839,7,False,7,0,7,7|7|7|7|7|7|7|7|7|7
37845,7,False,7,8,-1,7|0|7|0|3|6|3|0|3|9
37846,7,False,7,0,7,7|7|7|7|7|7|7|7|7|7
37860,7,False,7,0,7,7|7|7|7|7|7|7|7|7|7
37863,7,False,7,1,7,7|7|7|6|7|7|7|7|7|7
37882,7,False,7,0,7,7|7|7|7|7|7|7|7|7|7
37891,7,False,7,0,7,7|7|7|7|7|7|7|7|7|7
37900,7,False,7,0,7,7|7|7|7|7|7|7|7|7|7
37905,7,False,7,0,7,7|7|7|7|7|7|7|7|7|7
37907,7,False,7,0,7,7|7|7|7|7|7|7|7|7|7
37909,7,False,7,0,7,7|7|7|7|7|7|7|7|7|7
37918,7,False,7,0,7,7|7|7|7|7|7|7|7|7|7
37920,7,False,7,0,7,7|7|7|7|7|7|7|7|7|7
37937,7,False,7,0,7,7|7|7|7|7|7|7|7|7|7
37947,7,False,7,0,7,7|7|7|7|7|7|7|7|7|7
37950,7,False,7,0,7,7|7|7|7|7|7|7|7|7|7
37957,7,False,7,0,7,7|7|7|7|7|7|7|7|7|7
37960,7,False,7,0,7,7|7|7|7|7|7|7|7|7|7
37970,7,False,7,0,7,7|7|7|7|7|7|7|7|7|7
37974,7,False,7,0,7,7|7|7|7|7|7|7|7|7|7
37997,7,False,7,0,7,7|7|7|7|7|7|7|7|7|7
38008,7,False,7,0,7,7|7|7|7|7|7|7|7|7|7
38011,7,False,7,10,5,5|5|8|5|4|5|8|6|5|5
38013,7,False,7,0,7,7|7|7|7|7|7|7|7|7|7
38024,7,False,7,0,7,7|7|7|7|7|7|7|7|7|7
38027,7,False,7,0,7,7|7|7|7|7|7|7|7|7|7
38029,7,False,7,0,7,7|7|7|7|7|7|7|7|7|7
38030,7,False,7,0,7,7|7|7|7|7|7|7|7|7|7
38045,7,False,7,0,7,7|7|7|7|7|7|7|7|7|7
38047,7,False,7,0,7,7|7|7|7|7|7|7|7|7|7
38052,7,False,7,0,7,7|7|7|7|7|7|7|7|7|7
38055,7,False,7,0,7,7|7|7|7|7|7|7|7|7|7
38059,7,False,7,0,7,7|7|7|7|7|7|7|7|7|7
38066,7,False,7,0,7,7|7|7|7|7|7|7|7|7|7
38072,7,False,7,1,7,7|1|7|7|7|7|7|7|7|7
38089,7,False,7,0,7,7|7|7|7|7|7|7|7|7|7
38093,7,False,7,10,6,6|6|6|6|6|6|6|6|6|6
38098,7,False,7,0,7,7|7|7|7|7|7|7|7|7|7
38107,7,False,7,0,7,7|7|7|7|7|7|7|7|7|7
38115,7,False,7,0,7,7|7|7|7|7|7|7|7|7|7
38131,7,False,7,0,7,7|7|7|7|7|7|7|7|7|7
38149,7,False,7,1,7,7|7|7|9|7|7|7|7|7|7
38154,7,False,7,0,7,7|7|7|7|7|7|7|7|7|7
38159,7,False,7,0,7,7|7|7|7|7|7|7|7|7|7
38162,7,False,7,2,7,7|7|7|6|7|7|7|7|6|7
38164,7,False,7,0,7,7|7|7|7|7|7|7|7|7|7
38166,7,False,7,0,7,7|7|7|7|7|7|7|7|7|7
38169,7,False,7,0,7,7|7|7|7|7|7|7|7|7|7
38190,7,False,7,0,7,7|7|7|7|7|7|7|7|7|7
38219,7,False,7,0,7,7|7|7|7|7|7|7|7|7|7
38235,7,False,7,0,7,7|7|7|7|7|7|7|7|7|7
38239,7,False,7,0,7,7|7|7|7|7|7|7|7|7|7
38242,7,False,7,0,7,7|7|7|7|7|7|7|7|7|7
38243,7,False,7,0,7,7|7|7|7|7|7|7|7|7|7
38249,7,False,7,0,7,7|7|7|7|7|7|7|7|7|7
38283,7,False,7,0,7,7|7|7|7|7|7|7|7|7|7
38286,7,False,7,4,7,6|7|7|7|6|7|7|6|7|6
38294,7,False,7,0,7,7|7|7|7|7|7|7|7|7|7
38316,7,False,7,10,0,0|0|0|0|0|6|0|0|0|0
38319,7,False,7,0,7,7|7|7|7|7|7|7|7|7|7
38330,7,False,7,0,7,7|7|7|7|7|7|7|7|7|7
38346,7,False,7,5,7,7|0|0|7|7|7|9|7|0|0
38354,7,False,7,5,-1,7|7|6|7|7|6|7|6|6|6
38356,7,False,7,0,7,7|7|7|7|7|7|7|7|7|7
38369,7,False,7,4,7,7|7|6|7|6|6|6|7|7|7
38387,7,False,7,0,7,7|7|7|7|7|7|7|7|7|7
38397,7,False,7,0,7,7|7|7|7|7|7|7|7|7|7
38399,7,False,7,0,7,7|7|7|7|7|7|7|7|7|7
38417,7,False,7,0,7,7|7|7|7|7|7|7|7|7|7
38426,7,False,7,10,6,4|6|6|6|6|6|6|6|6|6
38454,7,False,7,0,7,7|7|7|7|7|7|7|7|7|7
38461,7,False,7,0,7,7|7|7|7|7|7|7|7|7|7
38468,7,False,7,0,7,7|7|7|7|7|7|7|7|7|7
38470,7,False,7,0,7,7|7|7|7|7|7|7|7|7|7
38492,7,False,7,1,7,7|9|7|7|7|7|7|7|7|7
38548,7,False,7,0,7,7|7|7|7|7|7|7|7|7|7
38561,7,False,7,0,7,7|7|7|7|7|7|7|7|7|7
38571,7,False,7,10,4,4|5|3|5|5|4|4|4|4|5
38590,7,False,7,0,7,7|7|7|7|7|7|7|7|7|7
38597,7,False,7,10,6,6|6|6|6|6|6|6|6|6|6
38616,7,False,7,0,7,7|7|7|7|7|7|7|7|7|7
38627,7,False,7,0,7,7|7|7|7|7|7|7|7|7|7
38631,7,False,7,1,7,7|7|8|7|7|7|7|7|7|7
38641,7,False,7,0,7,7|7|7|7|7|7|7|7|7|7
38650,7,False,7,0,7,7|7|7|7|7|7|7|7|7|7
38654,7,False,7,0,7,7|7|7|7|7|7|7|7|7|7
38657,7,False,7,0,7,7|7|7|7|7|7|7|7|7|7
38682,7,False,7,0,7,7|7|7|7|7|7|7|7|7|7
38684,7,False,7,0,7,7|7|7|7|7|7|7|7|7|7
38708,7,False,7,0,7,7|7|7|7|7|7|7|7|7|7
38713,7,False,7,0,7,7|7|7|7|7|7|7|7|7|7
38722,7,False,7,1,7,7|7|7|9|7|7|7|7|7|7
38729,7,False,7,0,7,7|7|7|7|7|7|7|7|7|7
38732,7,False,7,0,7,7|7|7|7|7|7|7|7|7|7
38739,7,False,7,0,7,7|7|7|7|7|7|7|7|7|7
38756,7,False,7,7,8,8|7|8|9|9|9|8|8|7|7
38760,7,False,7,0,7,7|7|7|7|7|7|7|7|7|7
38783,7,False,7,0,7,7|7|7|7|7|7|7|7|7|7
38788,7,False,7,0,7,7|7|7|7|7|7|7|7|7|7
38793,7,False,7,0,7,7|7|7|7|7|7|7|7|7|7
38803,7,False,7,0,7,7|7|7|7|7|7|7|7|7|7
38810,7,False,7,0,7,7|7|7|7|7|7|7|7|7|7
38811,7,False,7,0,7,7|7|7|7|7|7|7|7|7|7
38821,7,False,7,0,7,7|7|7|7|7|7|7|7|7|7
38823,7,False,7,0,7,7|7|7|7|7|7|7|7|7|7
38836,7,False,7,2,7,6|6|7|7|7|7|7|7|7|7
38838,7,False,7,3,7,7|7|7|6|7|7|6|7|7|6
38840,7,False,7,7,6,4|6|6|7|6|6|6|7|6|7
38861,7,False,7,0,7,7|7|7|7|7|7|7|7|7|7
38884,7,False,7,0,7,7|7|7|7|7|7|7|7|7|7
38888,7,False,7,3,7,7|6|7|7|7|7|6|7|7|6
38899,7,False,7,1,7,7|7|6|7|7|7|7|7|7|7
38910,7,False,7,0,7,7|7|7|7|7|7|7|7|7|7
38911,7,False,7,1,7,7|7|7|7|6|7|7|7|7|7
38915,7,False,7,10,0,0|5|5|0|0|0|5|0|0|0
38939,7,False,7,0,7,7|7|7|7|7|7|7|7|7|7
38940,7,False,7,0,7,7|7|7|7|7|7|7|7|7|7
38947,7,False,7,0,7,7|7|7|7|7|7|7|7|7|7
38948,7,False,7,0,7,7|7|7|7|7|7|7|7|7|7
38964,7,False,7,1,7,7|7|7|7|7|7|3|7|7|7
38976,7,False,7,0,7,7|7|7|7|7|7|7|7|7|7
38983,7,False,7,0,7,7|7|7|7|7|7|7|7|7|7
38995,7,False,7,0,7,7|7|7|7|7|7|7|7|7|7
39000,7,False,7,0,7,7|7|7|7|7|7|7|7|7|7
39004,7,False,7,1,7,7|7|7|7|7|7|7|7|8|7
39008,7,False,7,0,7,7|7|7|7|7|7|7|7|7|7
39022,7,False,7,0,7,7|7|7|7|7|7|7|7|7|7
39026,7,False,7,0,7,7|7|7|7|7|7|7|7|7|7
39031,7,False,7,7,6,6|7|6|6|7|6|7|6|6|6
39037,7,False,7,0,7,7|7|7|7|7|7|7|7|7|7
39044,7,False,7,0,7,7|7|7|7|7|7|7|7|7|7
39048,7,False,7,0,7,7|7|7|7|7|7|7|7|7|7
39050,7,False,7,3,7,7|6|7|7|7|7|7|7|6|6
39069,7,False,7,0,7,7|7|7|7|7|7|7|7|7|7
39070,7,False,7,0,7,7|7|7|7|7|7|7|7|7|7
39075,7,False,7,0,7,7|7|7|7|7|7|7|7|7|7
39076,7,False,7,1,7,7|7|7|7|7|7|7|7|6|7
39077,7,False,7,0,7,7|7|7|7|7|7|7|7|7|7
39089,7,False,7,0,7,7|7|7|7|7|7|7|7|7|7
39118,7,False,7,0,7,7|7|7|7|7|7|7|7|7|7
39153,7,False,7,0,7,7|7|7|7|7|7|7|7|7|7
39169,7,False,7,1,7,7|6|7|7|7|7|7|7|7|7
39173,7,False,7,0,7,7|7|7|7|7|7|7|7|7|7
39187,7,False,7,0,7,7|7|7|7|7|7|7|7|7|7
39193,7,False,7,0,7,7|7|7|7|7|7|7|7|7|7
39196,7,False,7,0,7,7|7|7|7|7|7|7|7|7|7
39205,7,False,7,0,7,7|7|7|7|7|7|7|7|7|7
39206,7,False,7,10,8,8|9|8|8|8|9|9|8|8|9
39208,7,False,7,0,7,7|7|7|7|7|7|7|7|7|7
39210,7,False,7,0,7,7|7|7|7|7|7|7|7|7|7
39222,7,False,7,0,7,7|7|7|7|7|7|7|7|7|7
39244,7,False,7,0,7,7|7|7|7|7|7|7|7|7|7
39246,7,False,7,2,7,7|6|7|7|7|7|7|6|7|7
39250,7,False,7,0,7,7|7|7|7|7|7|7|7|7|7
39259,7,False,7,0,7,7|7|7|7|7|7|7|7|7|7
39277,7,False,7,0,7,7|7|7|7|7|7|7|7|7|7
39291,7,False,7,0,7,7|7|7|7|7|7|7|7|7|7
39298,7,False,7,0,7,7|7|7|7|7|7|7|7|7|7
39300,7,False,7,0,7,7|7|7|7|7|7|7|7|7|7
39330,7,False,7,0,7,7|7|7|7|7|7|7|7|7|7
39333,7,False,7,0,7,7|7|7|7|7|7|7|7|7|7
39335,7,False,7,0,7,7|7|7|7|7|7|7|7|7|7
39347,7,False,7,0,7,7|7|7|7|7|7|7|7|7|7
39358,7,False,7,0,7,7|7|7|7|7|7|7|7|7|7
39376,7,False,7,0,7,7|7|7|7|7|7|7|7|7|7
39399,7,False,7,0,7,7|7|7|7|7|7|7|7|7|7
39405,7,False,7,0,7,7|7|7|7|7|7|7|7|7|7
39408,7,False,7,5,7,7|7|7|6|8|7|9|8|9|7
39411,7,False,7,0,7,7|7|7|7|7|7|7|7|7|7
39416,7,False,7,0,7,7|7|7|7|7|7|7|7|7|7
39432,7,False,7,0,7,7|7|7|7|7|7|7|7|7|7
39440,7,False,7,0,7,7|7|7|7|7|7|7|7|7|7
39467,7,False,7,10,0,0|0|0|0|6|0|0|0|0|0
39468,7,False,7,4,7,7|7|0|9|7|7|7|9|7|9
39511,7,False,7,0,7,7|7|7|7|7|7|7|7|7|7
39515,7,False,7,1,7,7|7|7|7|7|7|7|8|7|7
39523,7,False,7,0,7,7|7|7|7|7|7|7|7|7|7
39538,7,False,7,0,7,7|7|7|7|7|7|7|7|7|7
39542,7,False,7,0,7,7|7|7|7|7|7|7|7|7|7
39543,7,False,7,10,3,3|3|3|3|3|3|3|3|3|3
39551,7,False,7,0,7,7|7|7|7|7|7|7|7|7|7
39555,7,False,7,0,7,7|7|7|7|7|7|7|7|7|7
39591,7,False,7,0,7,7|7|7|7|7|7|7|7|7|7
39594,7,False,7,0,7,7|7|7|7|7|7|7|7|7|7
39602,7,False,7,0,7,7|7|7|7|7|7|7|7|7|7
39621,7,False,7,0,7,7|7|7|7|7|7|7|7|7|7
39646,7,False,7,0,7,7|7|7|7|7|7|7|7|7|7
39698,7,False,7,0,7,7|7|7|7|7|7|7|7|7|7
39723,7,False,7,0,7,7|7|7|7|7|7|7|7|7|7
39741,7,False,7,0,7,7|7|7|7|7|7|7|7|7|7
39746,7,False,7,0,7,7|7|7|7|7|7|7|7|7|7
39755,7,False,7,7,6,7|6|7|6|7|6|6|6|6|6
39762,7,False,7,6,-1,8|7|7|8|7|9|2|8|8|7
39767,7,False,7,0,7,7|7|7|7|7|7|7|7|7|7
39776,7,False,7,0,7,7|7|7|7|7|7|7|7|7|7
39794,7,False,7,0,7,7|7|7|7|7|7|7|7|7|7
39800,7,False,7,7,9,7|7|4|9|9|7|9|5|9|6
39825,7,False,7,0,7,7|7|7|7|7|7|7|7|7|7
39826,7,False,7,0,7,7|7|7|7|7|7|7|7|7|7
39841,7,False,7,0,7,7|7|7|7|7|7|7|7|7|7
39867,7,False,7,0,7,7|7|7|7|7|7|7|7|7|7
39889,7,False,7,0,7,7|7|7|7|7|7|7|7|7|7
39899,7,False,7,0,7,7|7|7|7|7|7|7|7|7|7
39905,7,False,7,0,7,7|7|7|7|7|7|7|7|7|7
39906,7,False,7,0,7,7|7|7|7|7|7|7|7|7|7
39908,7,False,7,10,4,1|4|4|5|5|4|4|4|4|1
39915,7,False,7,1,7,7|7|7|7|7|7|7|6|7|7
39918,7,False,7,0,7,7|7|7|7|7|7|7|7|7|7
39925,7,False,7,0,7,7|7|7|7|7|7|7|7|7|7
39938,7,False,7,0,7,7|7|7|7|7|7|7|7|7|7
39947,7,False,7,0,7,7|7|7|7|7|7|7|7|7|7
39970,7,False,7,0,7,7|7|7|7|7|7|7|7|7|7
39973,7,False,7,5,7,7|6|7|6|7|7|6|0|6|7
39982,7,False,7,0,7,7|7|7|7|7|7|7|7|7|7
39993,7,False,7,0,7,7|7|7|7|7|7|7|7|7|7
39996,7,False,7,10,2,2|2|2|2|2|2|2|2|2|2
40006,7,False,7,1,7,7|7|7|7|6|7|7|7|7|7
40026,7,False,7,0,7,7|7|7|7|7|7|7|7|7|7
40027,7,False,7,0,7,7|7|7|7|7|7|7|7|7|7
40029,7,False,7,0,7,7|7|7|7|7|7|7|7|7|7
40042,7,False,7,0,7,7|7|7|7|7|7|7|7|7|7
40057,7,False,7,3,7,6|7|6|7|7|7|7|6|7|7
40058,7,False,7,10,0,8|9|0|8|0|8|0|8|0|0
40062,7,False,7,0,7,7|7|7|7|7|7|7|7|7|7
40064,7,False,7,0,7,7|7|7|7|7|7|7|7|7|7
40065,7,False,7,0,7,7|7|7|7|7|7|7|7|7|7
40080,7,False,7,0,7,7|7|7|7|7|7|7|7|7|7
40081,7,False,7,0,7,7|7|7|7|7|7|7|7|7|7
40083,7,False,7,0,7,7|7|7|7|7|7|7|7|7|7
40089,7,False,7,0,7,7|7|7|7|7|7|7|7|7|7
40092,7,False,7,0,7,7|7|7|7|7|7|7|7|7|7
40096,7,False,7,0,7,7|7|7|7|7|7|7|7|7|7
40112,7,False,7,0,7,7|7|7|7|7|7|7|7|7|7
40119,7,False,7,0,7,7|7|7|7|7|7|7|7|7|7
40121,7,False,7,0,7,7|7|7|7|7|7|7|7|7|7
40124,7,False,7,0,7,7|7|7|7|7|7|7|7|7|7
40142,7,False,7,0,7,7|7|7|7|7|7|7|7|7|7
40143,7,False,7,7,1,1|7|7|1|1|1|7|1|1|1
40160,7,False,7,0,7,7|7|7|7|7|7|7|7|7|7
40166,7,False,7,6,6,6|6|7|6|7|6|7|6|7|6
40200,7,False,7,2,7,7|7|7|7|7|7|0|7|0|7
40215,7,False,7,0,7,7|7|7|7|7|7|7|7|7|7
40226,8,False,8,0,8,8|8|8|8|8|8|8|8|8|8
40244,8,False,8,0,8,8|8|8|8|8|8|8|8|8|8
40246,8,False,8,6,2,2|2|8|8|8|8|2|2|0|2
40248,8,False,8,2,8,8|8|8|2|8|8|8|8|2|8
40249,8,False,8,10,9,9|9|9|9|9|9|9|9|9|9
40251,8,False,8,10,9,9|9|9|9|9|9|9|9|9|9
40298,8,False,8,10,9,9|9|9|9|9|9|9|9|9|9
40316,8,False,8,0,8,8|8|8|8|8|8|8|8|8|8
40317,8,False,8,5,-1,8|9|9|8|9|8|9|8|9|8
40322,8,False,8,8,9,9|9|9|8|8|9|9|9|9|9
40326,8,False,8,0,8,8|8|8|8|8|8|8|8|8|8
40336,8,False,8,3,8,8|8|8|9|8|8|8|9|9|8
40337,8,False,8,1,8,8|8|8|8|8|8|9|8|8|8
40338,8,False,8,0,8,8|8|8|8|8|8|8|8|8|8
40341,8,False,8,0,8,8|8|8|8|8|8|8|8|8|8
40342,8,False,8,5,-1,9|8|9|8|9|8|8|9|8|9
40349,8,False,8,8,9,9|9|8|9|9|9|9|9|8|9
40353,8,False,8,1,8,8|9|8|8|8|8|8|8|8|8
40361,8,False,8,10,0,0|0|0|0|0|0|0|9|0|0
40373,8,False,8,2,8,3|8|8|8|8|3|8|8|8|8
40378,8,False,8,1,8,8|8|9|8|8|8|8|8|8|8
40379,8,False,8,2,8,8|2|9|8|8|8|8|8|8|8
40396,8,False,8,0,8,8|8|8|8|8|8|8|8|8|8
40397,8,False,8,7,-1,2|8|8|0|0|8|2|1|5|0
40401,8,False,8,10,4,5|0|4|4|0|4|4|4|4|4
40405,8,False,8,5,8,8|2|8|4|8|4|8|8|5|5
40407,8,False,8,2,8,8|8|8|8|9|9|8|8|8|8
40411,8,False,8,5,-1,8|8|9|8|9|9|8|9|8|9
40427,8,False,8,0,8,8|8|8|8|8|8|8|8|8|8
40431,8,False,8,3,8,9|8|8|8|8|8|8|9|8|9
40436,8,False,8,10,9,9|9|9|9|9|9|9|9|9|9
40439,8,False,8,0,8,8|8|8|8|8|8|8|8|8|8
40442,8,False,8,1,8,8|8|8|8|8|8|8|8|9|8
40446,8,False,8,1,8,8|8|8|8|8|8|8|8|8|7
40464,8,False,8,0,8,8|8|8|8|8|8|8|8|8|8
40520,8,False,8,0,8,8|8|8|8|8|8|8|8|8|8
40531,8,False,8,0,8,8|8|8|8|8|8|8|8|8|8
40538,8,False,8,2,8,8|8|8|8|0|8|0|8|8|8
40551,8,False,8,1,8,8|8|8|8|8|8|9|8|8|8
40560,8,False,8,9,9,9|9|9|9|9|9|9|9|9|8
40562,8,False,8,10,9,9|9|9|9|9|9|9|9|9|9
40569,8,False,8,8,9,9|9|9|9|8|8|9|9|9|9
40582,8,False,8,0,8,8|8|8|8|8|8|8|8|8|8
40598,8,False,8,10,9,9|9|9|9|9|9|9|9|9|9
40605,8,False,8,0,8,8|8|8|8|8|8|8|8|8|8
40607,8,False,8,10,9,9|9|9|9|9|9|9|9|9|9
40619,8,False,8,0,8,8|8|8|8|8|8|8|8|8|8
40636,8,False,8,1,8,8|8|8|8|8|8|9|8|8|8
40641,8,False,8,4,8,8|8|9|8|9|8|9|9|8|8
40644,8,False,8,1,8,8|8|8|8|8|8|8|0|8|8
40645,8,False,8,6,9,8|8|9|9|9|8|9|9|8|9
40666,8,False,8,0,8,8|8|8|8|8|8|8|8|8|8
40673,8,False,8,0,8,8|8|8|8|8|8|8|8|8|8
40685,8,False,8,0,8,8|8|8|8|8|8|8|8|8|8
40686,8,False,8,0,8,8|8|8|8|8|8|8|8|8|8
40691,8,False,8,10,9,9|9|9|9|9|9|9|9|9|9
40692,8,False,8,6,8,5|8|8|0|8|0|8|5|5|2
40697,8,False,8,0,8,8|8|8|8|8|8|8|8|8|8
40698,8,False,8,0,8,8|8|8|8|8|8|8|8|8|8
40705,8,False,8,8,9,9|9|9|9|9|8|8|9|9|9
40711,8,False,8,0,8,8|8|8|8|8|8|8|8|8|8
40728,8,False,8,10,9,9|9|9|9|9|9|9|9|9|9
40733,8,False,8,4,8,8|9|8|9|9|8|8|8|9|8
40739,8,False,8,7,9,9|9|9|9|9|9|8|9|8|8
40746,8,False,8,9,9,9|9|9|9|9|9|9|8|9|9
40748,8,False,8,10,9,9|9|9|9|9|9|9|9|0|9
40774,8,False,8,9,0,3|5|0|5|0|0|8|0|0|0
40779,8,False,8,7,9,9|9|9|9|9|8|8|8|9|0
40790,8,False,8,2,8,8|8|8|8|8|0|8|8|8|2
40794,8,False,8,0,8,8|8|8|8|8|8|8|8|8|8
40827,8,False,8,9,9,9|9|9|9|9|9|9|9|9|8
40833,8,False,8,9,2,2|9|2|8|9|3|0|2|3|0
40843,8,False,8,9,7,7|7|7|7|5|7|8|7|0|3
40849,8,False,8,0,8,8|8|8|8|8|8|8|8|8|8
40850,8,False,8,5,8,0|8|8|0|8|0|9|0|8|8
40865,8,False,8,10,3,3|3|3|3|3|2|3|3|5|0
40868,8,False,8,0,8,8|8|8|8|8|8|8|8|8|8
40881,8,False,8,0,8,8|8|8|8|8|8|8|8|8|8
40882,8,False,8,1,8,8|8|8|8|8|9|8|8|8|8
40887,8,False,8,0,8,8|8|8|8|8|8|8|8|8|8
40897,8,False,8,0,8,8|8|8|8|8|8|8|8|8|8
40900,8,False,8,10,0,0|0|4|1|0|0|0|0|0|0
40906,8,False,8,5,-1,8|8|0|8|0|0|0|8|8|0
40919,8,False,8,7,9,8|9|9|8|9|9|9|9|8|9
40934,8,False,8,9,0,8|0|0|0|0|0|0|0|0|0
40935,8,False,8,10,9,9|0|9|9|9|9|9|9|9|9
40965,8,False,8,2,8,8|8|8|8|8|0|8|8|0|8
40974,8,False,8,0,8,8|8|8|8|8|8|8|8|8|8
40983,8,False,8,0,8,8|8|8|8|8|8|8|8|8|8
40990,8,False,8,3,8,8|8|9|8|8|9|8|9|8|8
41004,8,False,8,1,8,8|0|8|8|8|8|8|8|8|8
41029,8,False,8,0,8,8|8|8|8|8|8|8|8|8|8
41031,8,False,8,0,8,8|8|8|8|8|8|8|8|8|8
41037,8,False,8,0,8,8|8|8|8|8|8|8|8|8|8
41047,8,False,8,2,8,9|8|8|8|8|9|8|8|8|8
41048,8,False,8,3,8,8|8|8|9|8|8|9|8|9|8
41064,8,False,8,0,8,8|8|8|8|8|8|8|8|8|8
41078,8,False,8,0,8,8|8|8|8|8|8|8|8|8|8
41085,8,False,8,0,8,8|8|8|8|8|8|8|8|8|8
41094,8,False,8,0,8,8|8|8|8|8|8|8|8|8|8
41095,8,False,8,0,8,8|8|8|8|8|8|8|8|8|8
41115,8,False,8,10,9,9|9|9|0|9|9|9|9|0|9
41119,8,False,8,5,-1,8|9|8|9|9|8|9|8|9|8
41136,8,False,8,8,9,9|9|9|6|9|8|8|9|9|9
41137,8,False,8,9,9,9|9|9|9|9|8|9|9|9|9
41159,8,False,8,0,8,8|8|8|8|8|8|8|8|8|8
41169,8,False,8,0,8,8|8|8|8|8|8|8|8|8|8
41172,8,False,8,10,9,9|9|9|9|9|9|9|9|9|9
41175,8,False,8,2,8,8|0|8|8|8|7|8|8|8|8
41195,8,False,8,0,8,8|8|8|8|8|8|8|8|8|8
41198,8,False,8,9,9,9|9|0|0|9|0|9|0|8|9
41221,8,False,8,0,8,8|8|8|8|8|8|8|8|8|8
41223,8,False,8,0,8,8|8|8|8|8|8|8|8|8|8
41228,8,False,8,1,8,8|8|8|8|8|8|8|8|8|9
41232,8,False,8,2,8,8|8|8|9|8|8|9|8|8|8
41235,8,False,8,0,8,8|8|8|8|8|8|8|8|8|8
41255,8,False,8,9,2,2|2|2|8|3|2|2|2|0|2
41265,8,False,8,10,9,6|9|9|9|9|6|9|6|9|9
41269,8,False,8,6,9,9|8|9|8|9|9|8|9|9|8
41277,8,False,8,0,8,8|8|8|8|8|8|8|8|8|8
41291,8,False,8,0,8,8|8|8|8|8|8|8|8|8|8
41299,8,False,8,5,-1,8|8|8|9|9|8|9|8|9|9
41318,8,False,8,3,8,9|9|8|8|8|8|8|9|8|8
41331,8,False,8,1,8,8|8|8|8|8|8|8|8|8|9
41334,8,False,8,0,8,8|8|8|8|8|8|8|8|8|8
41346,8,False,8,0,8,8|8|8|8|8|8|8|8|8|8
41353,8,False,8,10,1,1|2|1|1|2|1|3|1|1|2
41371,8,False,8,9,9,9|9|8|9|9|9|9|9|9|9
41375,8,False,8,0,8,8|8|8|8|8|8|8|8|8|8
41382,8,False,8,0,8,8|8|8|8|8|8|8|8|8|8
41385,8,False,8,7,9,8|9|9|9|9|9|9|8|9|8
41388,8,False,8,2,8,8|8|8|8|9|8|8|8|8|9
41389,8,False,8,4,8,9|9|8|9|8|8|8|8|8|9
41404,8,False,8,0,8,8|8|8|8|8|8|8|8|8|8
41422,8,False,8,2,8,8|9|8|8|9|8|8|8|8|8
41432,8,False,8,6,9,9|9|9|8|9|8|8|8|9|9
41433,8,False,8,0,8,8|8|8|8|8|8|8|8|8|8
41439,8,False,8,0,8,8|8|8|8|8|8|8|8|8|8
41441,8,False,8,0,8,8|8|8|8|8|8|8|8|8|8
41465,8,False,8,0,8,8|8|8|8|8|8|8|8|8|8
41476,8,False,8,0,8,8|8|8|8|8|8|8|8|8|8
41477,8,False,8,9,0,0|0|6|6|0|0|6|6|8|0
41482,8,False,8,10,0,0|0|0|0|0|0|0|0|0|0
41495,8,False,8,0,8,8|8|8|8|8|8|8|8|8|8
41505,8,False,8,3,8,8|9|8|8|8|9|9|8|8|8
41543,8,False,8,5,-1,9|9|8|8|9|8|8|9|8|9
41557,8,False,8,0,8,8|8|8|8|8|8|8|8|8|8
41589,8,False,8,0,8,8|8|8|8|8|8|8|8|8|8
41620,8,False,8,6,9,8|9|8|8|9|9|8|9|9|9
41621,8,False,8,0,8,8|8|8|8|8|8|8|8|8|8
41623,8,False,8,8,0,0|0|0|8|0|0|0|0|0|8
41668,8,False,8,4,8,9|8|8|8|8|9|8|9|8|9
41672,8,False,8,1,8,8|8|8|8|8|8|8|8|0|8
41673,8,False,8,5,8,9|8|8|9|8|8|9|0|8|9
41707,8,False,8,0,8,8|8|8|8|8|8|8|8|8|8
41716,8,False,8,7,9,8|9|1|9|1|8|9|1|9|8
41779,8,False,8,1,8,8|8|8|8|8|8|8|8|8|9
41787,8,False,8,0,8,8|8|8|8|8|8|8|8|8|8
41793,8,False,8,0,8,8|8|8|8|8|8|8|8|8|8
41797,8,False,8,0,8,8|8|8|8|8|8|8|8|8|8
41814,8,False,8,5,-1,9|9|9|8|9|8|8|9|8|8
41817,8,False,8,0,8,8|8|8|8|8|8|8|8|8|8
41819,8,False,8,0,8,8|8|8|8|8|8|8|8|8|8
41827,8,False,8,10,0,0|0|0|0|0|0|0|2|0|0
41835,8,False,8,9,7,7|7|7|7|7|7|7|7|7|8
41843,8,False,8,2,8,8|8|8|8|9|8|8|8|9|8
41848,8,False,8,6,9,8|9|8|8|9|9|9|8|0|9
41865,8,False,8,5,8,0|8|5|8|8|4|8|9|8|0
41871,8,False,8,0,8,8|8|8|8|8|8|8|8|8|8
41880,8,False,8,0,8,8|8|8|8|8|8|8|8|8|8
41890,8,False,8,2,8,8|8|8|9|8|8|8|8|8|9
41902,8,False,8,0,8,8|8|8|8|8|8|8|8|8|8
41908,8,False,8,0,8,8|8|8|8|8|8|8|8|8|8
41915,8,False,8,2,8,8|8|8|8|8|8|9|8|9|8
41929,8,False,8,0,8,8|8|8|8|8|8|8|8|8|8
41930,8,False,8,0,8,8|8|8|8|8|8|8|8|8|8
41938,8,False,8,1,8,8|8|9|8|8|8|8|8|8|8
41953,8,False,8,0,8,8|8|8|8|8|8|8|8|8|8
41967,8,False,8,4,8,8|8|9|8|8|8|9|9|8|9
41970,8,False,8,1,8,8|8|8|8|8|8|8|8|8|0
42008,8,False,8,0,8,8|8|8|8|8|8|8|8|8|8
42025,8,False,8,0,8,8|8|8|8|8|8|8|8|8|8
42029,8,False,8,6,8,1|0|1|8|8|8|0|2|0|8
42041,8,False,8,0,8,8|8|8|8|8|8|8|8|8|8
42059,8,False,8,2,8,8|9|8|8|8|9|8|8|8|8
42064,8,False,8,10,9,9|9|9|9|9|9|9|9|9|9
42067,8,False,8,6,-1,9|8|0|8|8|9|9|8|0|9
42069,8,False,8,0,8,8|8|8|8|8|8|8|8|8|8
42071,8,False,8,3,8,5|8|8|8|8|4|8|9|8|8
42072,8,False,8,6,9,8|9|9|8|8|9|9|9|8|9
42077,8,False,8,0,8,8|8|8|8|8|8|8|8|8|8
42080,8,False,8,0,8,8|8|8|8|8|8|8|8|8|8
42082,8,False,8,0,8,8|8|8|8|8|8|8|8|8|8
42087,8,False,8,0,8,8|8|8|8|8|8|8|8|8|8
42090,8,False,8,0,8,8|8|8|8|8|8|8|8|8|8
42100,8,False,8,2,8,8|8|8|8|5|8|0|8|8|8
42109,8,False,8,0,8,8|8|8|8|8|8|8|8|8|8
42116,8,False,8,8,-1,0|2|8|2|8|0|2|2|0|0
42119,8,False,8,0,8,8|8|8|8|8|8|8|8|8|8
42122,8,False,8,7,9,9|9|8|9|9|8|9|9|8|9
42123,8,False,8,0,8,8|8|8|8|8|8|8|8|8|8
42126,8,False,8,0,8,8|8|8|8|8|8|8|8|8|8
42132,8,False,8,2,8,8|9|8|9|8|8|8|8|8|8
42136,8,False,8,6,9,8|8|9|9|8|9|8|9|9|9
42142,8,False,8,0,8,8|8|8|8|8|8|8|8|8|8
42144,8,False,8,9,9,9|9|9|9|9|9|9|9|8|9
42171,8,False,8,4,8,9|8|8|8|8|9|8|8|9|9
42198,8,False,8,3,8,8|8|8|8|8|4|8|8|7|6
42214,8,False,8,10,6,6|6|0|6|0|9|0|6|0|6
42217,8,False,8,2,8,8|8|8|8|9|8|8|8|8|9
42228,8,False,8,10,9,9|9|9|9|9|9|9|9|9|9
42229,8,False,8,10,0,0|0|0|2|2|0|0|0|0|0
42231,8,False,8,0,8,8|8|8|8|8|8|8|8|8|8
42235,8,False,8,6,9,9|9|9|8|8|8|9|9|8|9
42237,8,False,8,9,9,9|9|9|9|9|8|9|9|9|9
42241,8,False,8,4,8,8|9|9|9|8|8|8|8|8|9
42254,8,False,8,7,9,8|9|9|9|9|9|9|8|8|9
42277,8,False,8,0,8,8|8|8|8|8|8|8|8|8|8
42284,8,False,8,10,9,9|9|9|9|9|9|9|9|9|9
42297,8,False,8,7,0,0|0|0|0|0|8|0|0|8|8
42304,8,False,8,9,9,9|9|9|9|9|8|9|9|9|9
42309,8,False,8,1,8,8|8|8|8|8|8|9|8|8|8
42326,8,False,8,5,-1,9|8|9|9|8|8|8|9|8|9
42328,8,False,8,0,8,8|8|8|8|8|8|8|8|8|8
42331,8,False,8,0,8,8|8|8|8|8|8|8|8|8|8
42362,8,False,8,10,9,9|9|9|9|9|9|9|9|9|9
42371,8,False,8,1,8,8|8|8|8|8|8|8|8|8|9
42392,8,False,8,9,9,9|9|8|9|9|9|9|9|9|9
42407,8,False,8,0,8,8|8|8|8|8|8|8|8|8|8
42409,8,False,8,0,8,8|8|8|8|8|8|8|8|8|8
42424,8,False,8,5,-1,8|8|8|0|0|8|0|0|8|0
42450,8,False,8,3,8,8|9|8|8|8|8|9|8|8|9
42451,8,False,8,10,9,9|9|9|9|9|9|9|9|9|9
42479,8,False,8,10,9,9|9|9|9|9|9|9|9|9|9
42483,8,False,8,2,8,8|8|8|8|8|9|8|9|8|8
42492,8,False,8,0,8,8|8|8|8|8|8|8|8|8|8
42511,8,False,8,0,8,8|8|8|8|8|8|8|8|8|8
42512,8,False,8,0,8,8|8|8|8|8|8|8|8|8|8
42521,8,False,8,4,8,9|8|8|8|8|8|9|9|8|9
42524,8,False,8,8,9,8|9|3|9|2|9|9|8|9|9
42528,8,False,8,3,8,8|8|8|9|9|8|8|8|8|9
42532,8,False,8,1,8,8|8|8|8|8|8|9|8|8|8
42543,8,False,8,0,8,8|8|8|8|8|8|8|8|8|8
42544,8,False,8,1,8,8|0|8|8|8|8|8|8|8|8
42552,8,False,8,10,9,9|9|9|9|9|9|9|9|9|9
42553,8,False,8,2,8,8|8|8|8|3|8|8|0|8|8
42554,8,False,8,4,8,8|0|8|8|8|9|8|0|0|8
42584,8,False,8,2,8,8|8|8|8|7|8|8|8|8|7
42585,8,False,8,2,8,0|8|8|8|8|8|8|8|8|9
42605,8,False,8,0,8,8|8|8|8|8|8|8|8|8|8
42606,8,False,8,0,8,8|8|8|8|8|8|8|8|8|8
42632,8,False,8,2,8,8|8|8|9|8|8|8|8|8|9
42649,8,False,8,4,8,8|9|9|9|8|8|8|8|0|8
42653,8,False,8,10,2,2|2|2|2|2|2|0|2|2|2
42657,8,False,8,0,8,8|8|8|8|8|8|8|8|8|8
42688,8,False,8,0,8,8|8|8|8|8|8|8|8|8|8
42707,8,False,8,0,8,8|8|8|8|8|8|8|8|8|8
42714,8,False,8,10,9,9|9|9|9|9|9|9|9|9|9
42715,8,False,8,0,8,8|8|8|8|8|8|8|8|8|8
42716,8,False,8,2,8,8|8|8|8|9|8|0|8|8|8
42723,8,False,8,10,3,7|7|7|3|3|3|3|7|3|3
42731,8,False,8,2,8,8|8|8|8|8|8|9|8|9|8
42733,8,False,8,2,8,9|8|8|8|8|8|8|9|8|8
42743,8,False,8,10,9,9|9|9|9|9|9|9|9|9|9
42745,8,False,8,0,8,8|8|8|8|8|8|8|8|8|8
42765,8,False,8,0,8,8|8|8|8|8|8|8|8|8|8
42771,8,False,8,1,8,8|8|8|8|0|8|8|8|8|8
42779,8,False,8,0,8,8|8|8|8|8|8|8|8|8|8
42789,8,False,8,10,0,0|0|0|0|9|0|9|0|0|0
42790,8,False,8,0,8,8|8|8|8|8|8|8|8|8|8
42791,8,False,8,0,8,8|8|8|8|8|8|8|8|8|8
42792,8,False,8,10,9,9|9|9|9|9|9|9|9|9|9
42795,8,False,8,3,8,0|8|8|8|0|8|8|9|8|8
42835,8,False,8,10,9,9|9|9|9|3|9|9|9|9|9
42836,8,False,8,7,9,9|9|9|8|8|9|9|9|8|9
42859,8,False,8,0,8,8|8|8|8|8|8|8|8|8|8
42866,8,False,8,1,8,8|8|8|8|8|8|8|8|8|0
42873,8,False,8,1,8,0|8|8|8|8|8|8|8|8|8
42901,8,False,8,1,8,8|8|8|8|8|8|8|8|8|9
42903,8,False,8,5,-1,8|0|0|8|8|8|8|0|0|0
42907,8,False,8,0,8,8|8|8|8|8|8|8|8|8|8
42914,8,False,8,0,8,8|8|8|8|8|8|8|8|8|8
42917,8,False,8,2,8,0|0|8|8|8|8|8|8|8|8
42962,8,False,8,0,8,8|8|8|8|8|8|8|8|8|8
42970,8,False,8,1,8,0|8|8|8|8|8|8|8|8|8
42980,8,False,8,5,8,8|8|9|9|9|8|0|8|8|9
42981,8,False,8,9,9,8|9|9|9|9|9|9|9|9|9
43000,8,False,8,0,8,8|8|8|8|8|8|8|8|8|8
43011,8,False,8,9,0,0|0|0|0|0|0|9|0|0|8
43014,8,False,8,0,8,8|8|8|8|8|8|8|8|8|8
43017,8,False,8,0,8,8|8|8|8|8|8|8|8|8|8
43025,8,False,8,0,8,8|8|8|8|8|8|8|8|8|8
43027,8,False,8,1,8,8|8|8|8|8|8|8|8|8|9
43056,8,False,8,1,8,8|8|9|8|8|8|8|8|8|8
43060,8,False,8,7,9,9|9|9|8|9|9|9|8|8|9
43072,8,False,8,0,8,8|8|8|8|8|8|8|8|8|8
43077,8,False,8,8,9,9|9|8|9|9|8|9|9|9|9
43078,8,False,8,9,9,9|9|9|9|9|9|9|8|9|9
43079,8,False,8,0,8,8|8|8|8|8|8|8|8|8|8
43084,8,False,8,1,8,8|8|8|8|8|8|8|8|8|9
43097,8,False,8,2,8,8|8|8|8|8|8|9|8|8|9
43101,8,False,8,0,8,8|8|8|8|8|8|8|8|8|8
43108,8,False,8,10,9,9|9|9|9|9|9|9|9|9|9
43119,8,False,8,10,0,0|0|0|0|0|0|0|0|0|0
43156,8,False,8,6,-1,8|0|8|9|7|9|9|9|8|8
43179,8,False,8,2,8,8|9|8|8|8|8|0|8|8|8
43180,8,False,8,2,8,8|8|8|8|9|8|8|8|9|8
43185,8,False,8,0,8,8|8|8|8|8|8|8|8|8|8
43193,8,False,8,0,8,8|8|8|8|8|8|8|8|8|8
43195,8,False,8,0,8,8|8|8|8|8|8|8|8|8|8
43199,8,False,8,10,1,1|9|1|1|1|0|1|1|1|1
43220,8,False,8,0,8,8|8|8|8|8|8|8|8|8|8
43224,8,False,8,1,8,8|8|0|8|8|8|8|8|8|8
43234,8,False,8,0,8,8|8|8|8|8|8|8|8|8|8
43238,8,False,8,8,9,9|9|9|9|9|8|8|9|9|9
43252,8,False,8,10,9,9|9|9|9|9|9|9|9|9|9
43266,8,False,8,1,8,8|8|8|8|9|8|8|8|8|8
43270,8,False,8,0,8,8|8|8|8|8|8|8|8|8|8
43280,8,False,8,0,8,8|8|8|8|8|8|8|8|8|8
43288,8,False,8,9,9,9|9|9|9|8|9|9|9|9|9
43301,8,False,8,4,8,8|3|2|8|8|8|8|2|8|9
43313,8,False,8,0,8,8|8|8|8|8|8|8|8|8|8
43314,8,False,8,2,8,8|0|8|8|8|0|8|8|8|8
43322,8,False,8,7,0,0|0|0|0|0|8|8|0|8|0
43353,8,False,8,10,9,9|9|9|9|9|9|9|9|9|9
43357,8,False,8,9,9,9|9|9|9|9|9|8|9|9|9
43360,8,False,8,10,9,9|9|9|9|9|9|9|9|9|9
43401,8,False,8,6,8,8|0|8|8|9|4|9|8|0|0
43406,8,False,8,1,8,8|8|8|8|8|8|8|8|3|8
43408,8,False,8,5,8,8|2|2|2|8|9|2|8|8|8
43410,8,False,8,0,8,8|8|8|8|8|8|8|8|8|8
43413,8,False,8,9,0,0|0|0|0|0|0|0|8|0|0
43432,8,False,8,0,8,8|8|8|8|8|8|8|8|8|8
43435,8,False,8,0,8,8|8|8|8|8|8|8|8|8|8
43469,8,False,8,8,9,9|9|9|9|9|8|8|9|9|9
43473,8,False,8,0,8,8|8|8|8|8|8|8|8|8|8
43514,8,False,8,0,8,8|8|8|8|8|8|8|8|8|8
43525,8,False,8,0,8,8|8|8|8|8|8|8|8|8|8
43531,8,False,8,2,8,8|9|8|8|9|8|8|8|8|8
43535,8,False,8,10,9,9|9|9|9|9|9|9|9|9|9
43541,8,False,8,10,9,9|9|9|9|9|9|9|9|9|9
43542,8,False,8,4,8,8|8|8|0|8|8|8|0|0|9
43554,8,False,8,0,8,8|8|8|8|8|8|8|8|8|8
43557,8,False,8,0,8,8|8|8|8|8|8|8|8|8|8
43570,8,False,8,6,9,9|8|8|9|9|9|8|9|8|9
43588,8,False,8,10,0,0|9|0|0|0|0|0|9|0|0
43589,8,False,8,4,8,8|9|8|9|8|8|9|8|9|8
43609,8,False,8,0,8,8|8|8|8|8|8|8|8|8|8
43616,8,False,8,3,8,8|8|9|8|8|8|9|8|9|8
43618,8,False,8,8,7,7|8|7|7|7|7|7|7|7|8
43620,8,False,8,1,8,9|8|8|8|8|8|8|8|8|8
43622,8,False,8,0,8,8|8|8|8|8|8|8|8|8|8
43628,8,False,8,0,8,8|8|8|8|8|8|8|8|8|8
43630,8,False,8,1,8,8|8|9|8|8|8|8|8|8|8
43639,8,False,8,0,8,8|8|8|8|8|8|8|8|8|8
43667,8,False,8,0,8,8|8|8|8|8|8|8|8|8|8
43681,8,False,8,2,8,9|8|8|8|8|8|8|8|8|9
43693,8,False,8,1,8,8|8|8|8|8|9|8|8|8|8
43711,8,False,8,4,8,9|8|8|8|9|9|8|8|9|8
43716,8,False,8,4,8,8|0|8|0|8|8|8|6|8|6
43722,8,False,8,1,8,8|8|8|8|8|8|8|6|8|8
43734,8,False,8,0,8,8|8|8|8|8|8|8|8|8|8
43761,8,False,8,0,8,8|8|8|8|8|8|8|8|8|8
43767,8,False,8,0,8,8|8|8|8|8|8|8|8|8|8
43773,8,False,8,10,9,9|9|9|9|9|9|9|9|9|9
43800,8,False,8,4,8,9|6|8|6|8|8|6|8|8|8
43804,8,False,8,3,8,6|8|8|8|8|7|8|8|8|6
43810,8,False,8,3,8,8|8|8|9|8|8|8|9|8|9
43811,8,False,8,5,8,9|8|9|8|8|8|0|8|0|0
43817,8,False,8,10,9,9|9|9|9|9|9|9|9|9|9
43828,8,False,8,1,8,8|8|8|8|8|8|9|8|8|8
43837,8,False,8,0,8,8|8|8|8|8|8|8|8|8|8
43842,8,False,8,0,8,8|8|8|8|8|8|8|8|8|8
43843,8,False,8,0,8,8|8|8|8|8|8|8|8|8|8
43889,8,False,8,0,8,8|8|8|8|8|8|8|8|8|8
43900,8,False,8,6,-1,0|8|8|0|8|8|3|0|0|1
43910,8,False,8,9,9,8|9|9|9|9|9|9|9|9|9
43955,8,False,8,10,2,3|2|3|2|1|0|2|1|1|2
43965,8,False,8,1,8,8|8|8|8|8|8|0|8|8|8
43968,8,False,8,0,8,8|8|8|8|8|8|8|8|8|8
43979,8,False,8,4,8,8|8|6|0|8|0|8|8|8|9
43983,8,False,8,0,8,8|8|8|8|8|8|8|8|8|8
43984,8,False,8,0,8,8|8|8|8|8|8|8|8|8|8
43991,8,False,8,0,8,8|8|8|8|8|8|8|8|8|8
44014,8,False,8,0,8,8|8|8|8|8|8|8|8|8|8
44018,8,False,8,9,9,9|9|9|9|9|8|9|9|9|9
44042,8,False,8,8,5,0|5|5|5|8|5|5|5|8|5
44048,8,False,8,2,8,8|8|7|8|8|8|9|8|8|8
44052,8,False,8,4,8,8|8|9|9|8|9|8|8|9|8
44054,8,False,8,1,8,8|8|8|8|0|8|8|8|8|8
44075,8,False,8,0,8,8|8|8|8|8|8|8|8|8|8
44079,8,False,8,0,8,8|8|8|8|8|8|8|8|8|8
44087,8,False,8,3,8,9|8|8|8|8|9|9|8|8|8
44104,8,False,8,0,8,8|8|8|8|8|8|8|8|8|8
44110,8,False,8,5,-1,8|9|8|9|8|8|9|9|8|9
44111,8,False,8,0,8,8|8|8|8|8|8|8|8|8|8
44114,8,False,8,0,8,8|8|8|8|8|8|8|8|8|8
44115,8,False,8,0,8,8|8|8|8|8|8|8|8|8|8
44116,8,False,8,0,8,8|8|8|8|8|8|8|8|8|8
44120,8,False,8,1,8,8|8|8|8|9|8|8|8|8|8
44124,8,False,8,3,8,6|0|8|8|8|8|8|7|8|8
44130,8,False,8,0,8,8|8|8|8|8|8|8|8|8|8
44135,8,False,8,10,9,9|9|9|9|9|9|9|9|9|9
44149,8,False,8,1,8,8|8|8|8|8|9|8|8|8|8
44152,8,False,8,0,8,8|8|8|8|8|8|8|8|8|8
44165,8,False,8,0,8,8|8|8|8|8|8|8|8|8|8
44174,8,False,8,0,8,8|8|8|8|8|8|8|8|8|8
44189,8,False,8,4,8,8|8|9|8|9|8|9|8|8|9
44198,8,False,8,5,-1,8|8|9|8|9|8|9|8|9|9
44205,8,False,8,5,-1,8|9|8|9|9|9|9|8|8|8
44224,8,False,8,0,8,8|8|8|8|8|8|8|8|8|8
44242,8,False,8,10,9,9|9|9|9|9|9|9|9|9|9
44246,8,False,8,10,9,9|9|9|9|9|9|9|9|9|9
44256,8,False,8,6,7,7|8|7|8|8|7|7|7|8|7
44260,8,False,8,0,8,8|8|8|8|8|8|8|8|8|8
44271,8,False,8,0,8,8|8|8|8|8|8|8|8|8|8
44276,8,False,8,0,8,8|8|8|8|8|8|8|8|8|8
44281,8,False,8,0,8,8|8|8|8|8|8|8|8|8|8
44301,8,False,8,0,8,8|8|8|8|8|8|8|8|8|8
44326,8,False,8,1,8,8|8|8|8|8|8|8|9|8|8
44337,8,False,8,6,9,8|9|9|9|9|8|9|8|8|9
44355,8,False,8,0,8,8|8|8|8|8|8|8|8|8|8
44356,8,False,8,5,-1,9|9|8|9|8|9|9|8|8|8
44368,8,False,8,4,8,0|8|8|8|8|0|8|0|0|8
44382,8,False,8,9,9,9|9|9|2|4|2|9|8|2|0
44412,8,False,8,1,8,8|9|8|8|8|8|8|8|8|8
44432,8,False,8,4,8,8|8|8|0|0|8|8|0|8|0
44433,8,False,8,0,8,8|8|8|8|8|8|8|8|8|8
44435,8,False,8,10,0,0|0|9|0|0|0|0|0|9|0
44437,8,False,8,4,8,8|8|8|9|8|8|8|9|9|9
44452,8,False,8,0,8,8|8|8|8|8|8|8|8|8|8
44456,8,False,8,0,8,8|8|8|8|8|8|8|8|8|8
44463,8,False,8,0,8,8|8|8|8|8|8|8|8|8|8
44466,8,False,8,10,2,2|2|2|2|2|2|2|2|2|2
44485,8,False,8,0,8,8|8|8|8|8|8|8|8|8|8
44487,8,False,8,9,9,9|9|9|9|9|8|9|9|9|9
44491,8,False,8,0,8,8|8|8|8|8|8|8|8|8|8
44494,8,False,8,0,8,8|8|8|8|8|8|8|8|8|8
44500,8,False,8,0,8,8|8|8|8|8|8|8|8|8|8
44513,8,False,8,10,9,9|9|9|9|9|9|9|9|9|9
44546,8,False,8,6,0,8|0|8|8|0|8|0|9|0|0
44556,8,False,8,0,8,8|8|8|8|8|8|8|8|8|8
44581,8,False,8,1,8,8|8|8|8|8|8|8|8|9|8
44614,8,False,8,0,8,8|8|8|8|8|8|8|8|8|8
44620,8,False,8,10,9,9|6|9|9|9|9|9|9|9|9
44621,8,False,8,10,9,9|9|9|9|9|9|9|9|9|9
44635,8,False,8,0,8,8|8|8|8|8|8|8|8|8|8
44639,8,False,8,10,0,0|0|9|0|0|0|0|0|0|0
44640,8,False,8,2,8,8|8|8|0|8|8|8|0|8|8
44660,8,False,8,0,8,8|8|8|8|8|8|8|8|8|8
44661,8,False,8,10,9,9|9|9|9|0|0|0|9|0|9
44670,8,False,8,2,8,8|8|8|8|8|8|8|9|8|9
44673,8,False,8,2,8,8|9|8|8|8|8|8|8|8|9
44684,8,False,8,1,8,8|8|8|8|8|8|8|8|9|8
44693,8,False,8,10,9,9|9|9|9|9|9|9|9|9|9
44701,8,False,8,0,8,8|8|8|8|8|8|8|8|8|8
44714,8,False,8,0,8,8|8|8|8|8|8|8|8|8|8
44718,8,False,8,8,9,8|9|9|9|9|9|8|9|9|9
44719,8,False,8,0,8,8|8|8|8|8|8|8|8|8|8
44729,8,False,8,0,8,8|8|8|8|8|8|8|8|8|8
44740,8,False,8,0,8,8|8|8|8|8|8|8|8|8|8
44762,8,False,8,0,8,8|8|8|8|8|8|8|8|8|8
44772,8,False,8,8,9,9|0|0|0|8|9|9|9|8|9
44774,8,False,8,0,8,8|8|8|8|8|8|8|8|8|8
44776,8,False,8,3,8,8|8|0|8|8|8|8|0|8|9
44778,8,False,8,0,8,8|8|8|8|8|8|8|8|8|8
44784,8,False,8,0,8,8|8|8|8|8|8|8|8|8|8
44794,8,False,8,5,-1,0|8|0|0|8|8|8|0|8|0
44811,8,False,8,0,8,8|8|8|8|8|8|8|8|8|8
44814,8,False,8,8,0,0|8|0|8|3|9|0|0|0|0
44817,8,False,8,3,8,0|0|8|8|8|8|8|0|8|8
44839,8,False,8,0,8,8|8|8|8|8|8|8|8|8|8
44845,8,False,8,8,6,4|6|6|6|8|0|6|6|0|8
44855,8,False,8,0,8,8|8|8|8|8|8|8|8|8|8
44856,8,False,8,5,-1,9|8|9|8|8|9|8|9|8|9
44902,8,False,8,4,8,8|8|5|9|9|8|4|8|8|8
44912,8,False,8,0,8,8|8|8|8|8|8|8|8|8|8
44925,8,False,8,5,8,7|9|9|8|9|9|8|8|8|8
44927,8,False,8,0,8,8|8|8|8|8|8|8|8|8|8
44928,8,False,8,0,8,8|8|8|8|8|8|8|8|8|8
44940,8,False,8,1,8,8|8|8|8|8|8|8|9|8|8
44953,8,False,8,0,8,8|8|8|8|8|8|8|8|8|8
44970,8,False,8,4,8,8|8|8|9|9|8|9|8|9|8
44973,8,False,8,0,8,8|8|8|8|8|8|8|8|8|8
44975,8,False,8,0,8,8|8|8|8|8|8|8|8|8|8
44986,8,False,8,10,9,9|9|9|9|9|9|9|9|9|9
45045,8,False,8,0,8,8|8|8|8|8|8|8|8|8|8
45077,8,False,8,2,8,8|8|0|0|8|8|8|8|8|8
45101,8,False,8,0,8,8|8|8|8|8|8|8|8|8|8
45106,8,False,8,0,8,8|8|8|8|8|8|8|8|8|8
45108,8,False,8,1,8,8|8|0|8|8|8|8|8|8|8
45112,8,False,8,0,8,8|8|8|8|8|8|8|8|8|8
45137,8,False,8,0,8,8|8|8|8|8|8|8|8|8|8
45151,8,False,8,6,8,8|0|8|0|8|8|9|9|0|9
45167,8,False,8,3,8,7|8|8|8|8|7|6|8|8|8
45170,8,False,8,0,8,8|8|8|8|8|8|8|8|8|8
45173,8,False,8,3,8,9|8|8|9|8|8|8|9|8|8
45192,9,False,9,0,9,9|9|9|9|9|9|9|9|9|9
45195,9,False,9,0,9,9|9|9|9|9|9|9|9|9|9
45209,9,False,9,10,8,8|8|8|8|8|8|8|8|8|8
45225,9,False,9,9,8,8|9|8|8|8|8|8|8|8|8
45246,9,False,9,6,9,0|0|1|9|9|9|5|0|1|9
45253,9,False,9,0,9,9|9|9|9|9|9|9|9|9|9
45263,9,False,9,2,9,9|9|9|9|9|9|9|8|8|9
45274,9,False,9,1,9,9|9|9|9|9|9|9|9|8|9
45289,9,False,9,1,9,9|9|9|8|9|9|9|9|9|9
45291,9,False,9,10,8,8|8|8|8|8|8|8|8|8|8
45313,9,False,9,1,9,9|9|9|9|0|9|9|9|9|9
45342,9,False,9,1,9,9|9|9|8|9|9|9|9|9|9
45345,9,False,9,0,9,9|9|9|9|9|9|9|9|9|9
45358,9,False,9,4,9,8|9|9|9|9|8|9|8|9|8
45367,9,False,9,0,9,9|9|9|9|9|9|9|9|9|9
45369,9,False,9,1,9,9|9|9|9|8|9|9|9|9|9
45373,9,False,9,6,8,8|8|8|9|9|9|8|8|9|8
45374,9,False,9,0,9,9|9|9|9|9|9|9|9|9|9
45375,9,False,9,10,8,8|8|8|8|8|8|8|8|8|8
45388,9,False,9,0,9,9|9|9|9|9|9|9|9|9|9
45403,9,False,9,0,9,9|9|9|9|9|9|9|9|9|9
45419,9,False,9,10,0,0|0|0|0|0|0|0|0|0|0
45446,9,False,9,6,8,8|8|9|9|8|9|8|8|9|0
45459,9,False,9,0,9,9|9|9|9|9|9|9|9|9|9
45475,9,False,9,8,0,8|0|0|0|9|0|0|8|0|9
45487,9,False,9,9,8,8|8|8|8|8|8|8|8|8|9
45491,9,False,9,7,8,8|9|8|8|8|7|8|9|9|8
45521,9,False,9,0,9,9|9|9|9|9|9|9|9|9|9
45530,9,False,9,0,9,9|9|9|9|9|9|9|9|9|9
45539,9,False,9,0,9,9|9|9|9|9|9|9|9|9|9
45543,9,False,9,10,8,8|8|8|8|8|8|8|8|8|8
45564,9,False,9,5,9,0|9|2|9|0|9|2|9|3|9
45583,9,False,9,0,9,9|9|9|9|9|9|9|9|9|9
45613,9,False,9,5,-1,8|9|9|9|9|8|9|8|8|8
45617,9,False,9,10,8,8|8|8|8|8|8|8|8|8|8
45627,9,False,9,0,9,9|9|9|9|9|9|9|9|9|9
45634,9,False,9,9,8,8|8|8|8|9|8|8|8|8|8
45640,9,False,9,0,9,9|9|9|9|9|9|9|9|9|9
45646,9,False,9,10,1,8|8|1|4|4|1|1|8|2|1
45659,9,False,9,0,9,9|9|9|9|9|9|9|9|9|9
45688,9,False,9,0,9,9|9|9|9|9|9|9|9|9|9
45691,9,False,9,0,9,9|9|9|9|9|9|9|9|9|9
45692,9,False,9,0,9,9|9|9|9|9|9|9|9|9|9
45702,9,False,9,4,9,8|8|8|9|9|9|9|9|8|9
45711,9,False,9,0,9,9|9|9|9|9|9|9|9|9|9
45724,9,False,9,3,9,9|9|9|8|8|9|9|9|9|8
45726,9,False,9,9,1,1|8|1|0|1|0|9|0|1|1
45791,9,False,9,0,9,9|9|9|9|9|9|9|9|9|9
45794,9,False,9,0,9,9|9|9|9|9|9|9|9|9|9
45805,9,False,9,5,-1,9|8|8|8|8|9|8|9|9|9
45810,9,False,9,0,9,9|9|9|9|9|9|9|9|9|9
45812,9,False,9,0,9,9|9|9|9|9|9|9|9|9|9
45818,9,False,9,0,9,9|9|9|9|9|9|9|9|9|9
45837,9,False,9,0,9,9|9|9|9|9|9|9|9|9|9
45849,9,False,9,3,9,9|9|9|9|9|9|8|8|8|9
45884,9,False,9,0,9,9|9|9|9|9|9|9|9|9|9
45885,9,False,9,0,9,9|9|9|9|9|9|9|9|9|9
45887,9,False,9,1,9,9|9|9|9|9|9|8|9|9|9
45915,9,False,9,0,9,9|9|9|9|9|9|9|9|9|9
45931,9,False,9,1,9,9|9|9|9|9|9|9|7|9|9
45939,9,False,9,3,9,9|9|9|9|8|9|8|9|8|9
45941,9,False,9,10,8,8|8|8|8|8|8|8|8|8|8
45955,9,False,9,0,9,9|9|9|9|9|9|9|9|9|9
45959,9,False,9,0,9,9|9|9|9|9|9|9|9|9|9
45962,9,False,9,0,9,9|9|9|9|9|9|9|9|9|9
45989,9,False,9,0,9,9|9|9|9|9|9|9|9|9|9
45990,9,False,9,10,0,0|0|0|1|3|0|2|0|0|0
45995,9,False,9,0,9,9|9|9|9|9|9|9|9|9|9
46005,9,False,9,10,8,8|5|8|8|8|8|0|8|8|8
46006,9,False,9,7,8,8|9|8|8|9|8|8|8|8|9
46015,9,False,9,0,9,9|9|9|9|9|9|9|9|9|9
46016,9,False,9,0,9,9|9|9|9|9|9|9|9|9|9
46030,9,False,9,0,9,9|9|9|9|9|9|9|9|9|9
46033,9,False,9,2,9,9|9|8|9|9|9|9|9|8|9
46037,9,False,9,3,9,9|9|8|9|9|9|9|8|8|9
46049,9,False,9,10,8,8|8|8|8|8|8|8|8|8|8
46054,9,False,9,3,9,9|9|8|9|9|9|8|9|9|8
46078,9,False,9,4,9,8|9|8|9|9|8|9|0|9|9
46080,9,False,9,0,9,9|9|9|9|9|9|9|9|9|9
46082,9,False,9,10,8,8|8|8|8|8|4|8|8|8|8
46083,9,False,9,0,9,9|9|9|9|9|9|9|9|9|9
46096,9,False,9,0,9,9|9|9|9|9|9|9|9|9|9
46103,9,False,9,0,9,9|9|9|9|9|9|9|9|9|9
46130,9,False,9,1,9,9|9|8|9|9|9|9|9|9|9
46172,9,False,9,2,9,9|9|9|9|8|9|9|9|8|9
46176,9,False,9,1,9,9|9|9|9|8|9|9|9|9|9
46181,9,False,9,10,8,8|8|8|8|0|8|8|8|8|8
46199,9,False,9,7,8,9|8|9|8|8|8|8|8|8|9
46204,9,False,9,2,9,8|9|9|9|8|9|9|9|9|9
46216,9,False,9,0,9,9|9|9|9|9|9|9|9|9|9
46220,9,False,9,5,9,7|9|9|9|1|9|0|5|9|0
46223,9,False,9,0,9,9|9|9|9|9|9|9|9|9|9
46231,9,False,9,0,9,9|9|9|9|9|9|9|9|9|9
46235,9,False,9,1,9,8|9|9|9|9|9|9|9|9|9
46255,9,False,9,10,8,8|8|8|8|8|8|8|8|8|8
46263,9,False,9,0,9,9|9|9|9|9|9|9|9|9|9
46287,9,False,9,1,9,8|9|9|9|9|9|9|9|9|9
46307,9,False,9,0,9,9|9|9|9|9|9|9|9|9|9
46308,9,False,9,0,9,9|9|9|9|9|9|9|9|9|9
46324,9,False,9,8,8,8|8|8|8|8|8|8|9|8|9
46339,9,False,9,0,9,9|9|9|9|9|9|9|9|9|9
46347,9,False,9,0,9,9|9|9|9|9|9|9|9|9|9
46368,9,False,9,1,9,9|9|9|9|9|9|9|9|8|9
46374,9,False,9,0,9,9|9|9|9|9|9|9|9|9|9
46385,9,False,9,0,9,9|9|9|9|9|9|9|9|9|9
46387,9,False,9,0,9,9|9|9|9|9|9|9|9|9|9
46388,9,False,9,0,9,9|9|9|9|9|9|9|9|9|9
46391,9,False,9,0,9,9|9|9|9|9|9|9|9|9|9
46401,9,False,9,6,9,9|1|9|9|3|3|0|9|0|3
46405,9,False,9,10,8,8|8|2|2|8|8|2|7|8|8
46407,9,False,9,0,9,9|9|9|9|9|9|9|9|9|9
46412,9,False,9,4,9,9|9|9|8|8|9|8|9|8|9
46419,9,False,9,1,9,9|9|9|9|9|8|9|9|9|9
46423,9,False,9,5,-1,8|8|9|9|8|8|9|8|9|9
46426,9,False,9,0,9,9|9|9|9|9|9|9|9|9|9
46428,9,False,9,0,9,9|9|9|9|9|9|9|9|9|9
46436,9,False,9,0,9,9|9|9|9|9|9|9|9|9|9
46439,9,False,9,10,0,0|0|2|0|0|0|0|0|0|0
46445,9,False,9,0,9,9|9|9|9|9|9|9|9|9|9
46449,9,False,9,7,7,7|7|6|6|9|9|9|8|7|7
46450,9,False,9,10,8,8|8|8|8|8|8|8|8|8|8
46464,9,False,9,0,9,9|9|9|9|9|9|9|9|9|9
46468,9,False,9,0,9,9|9|9|9|9|9|9|9|9|9
46485,9,False,9,0,9,9|9|9|9|9|9|9|9|9|9
46511,9,False,9,10,8,8|8|8|8|8|8|8|8|8|8
46522,9,False,9,0,9,9|9|9|9|9|9|9|9|9|9
46525,9,False,9,9,8,8|8|8|8|9|8|8|8|8|8
46527,9,False,9,10,8,8|8|8|8|8|8|8|8|8|8
46548,9,False,9,0,9,9|9|9|9|9|9|9|9|9|9
46550,9,False,9,10,7,7|7|7|7|7|7|7|7|7|7
46551,9,False,9,0,9,9|9|9|9|9|9|9|9|9|9
46558,9,False,9,0,9,9|9|9|9|9|9|9|9|9|9
46583,9,False,9,6,8,8|8|8|8|8|8|9|9|9|9
46587,9,False,9,2,9,9|9|9|8|9|9|9|9|8|9
46593,9,False,9,0,9,9|9|9|9|9|9|9|9|9|9
46599,9,False,9,0,9,9|9|9|9|9|9|9|9|9|9
46605,9,False,9,1,9,8|9|9|9|9|9|9|9|9|9
46619,9,False,9,8,8,8|8|8|8|9|8|9|8|8|8
46623,9,False,9,0,9,9|9|9|9|9|9|9|9|9|9
46625,9,False,9,6,9,8|9|0|9|8|9|9|8|0|0
46633,9,False,9,4,9,8|8|9|9|9|9|8|9|8|9
46636,9,False,9,1,9,9|9|9|9|9|8|9|9|9|9
46652,9,False,9,0,9,9|9|9|9|9|9|9|9|9|9
46661,9,False,9,6,9,8|9|2|9|0|9|0|8|2|9
46672,9,False,9,0,9,9|9|9|9|9|9|9|9|9|9
46684,9,False,9,4,9,9|8|8|9|9|8|8|9|9|9
46691,9,False,9,1,9,9|9|9|9|9|9|9|8|9|9
46697,9,False,9,0,9,9|9|9|9|9|9|9|9|9|9
46714,9,False,9,8,8,8|9|8|8|9|8|8|8|8|8
46717,9,False,9,0,9,9|9|9|9|9|9|9|9|9|9
46724,9,False,9,0,9,9|9|9|9|9|9|9|9|9|9
46742,9,False,9,1,9,9|9|9|8|9|9|9|9|9|9
46749,9,False,9,5,-1,9|8|8|8|9|8|8|9|9|9
46755,9,False,9,0,9,9|9|9|9|9|9|9|9|9|9
46767,9,False,9,3,9,8|9|9|9|8|9|9|8|9|9
46775,9,False,9,1,9,9|9|9|9|8|9|9|9|9|9
46791,9,False,9,10,8,8|8|8|8|8|8|8|8|8|8
46798,9,False,9,6,8,9|9|8|2|8|9|8|8|9|8
46799,9,False,9,8,8,9|8|8|8|8|8|8|9|8|8
46800,9,False,9,0,9,9|9|9|9|9|9|9|9|9|9
46805,9,False,9,0,9,9|9|9|9|9|9|9|9|9|9
46836,9,False,9,6,8,8|8|8|9|9|8|9|8|9|8
46844,9,False,9,0,9,9|9|9|9|9|9|9|9|9|9
46853,9,False,9,0,9,9|9|9|9|9|9|9|9|9|9
46859,9,False,9,0,9,9|9|9|9|9|9|9|9|9|9
46860,9,False,9,2,9,9|4|9|9|9|2|9|9|9|9
46874,9,False,9,0,9,9|9|9|9|9|9|9|9|9|9
46880,9,False,9,0,9,9|9|9|9|9|9|9|9|9|9
46905,9,False,9,0,9,9|9|9|9|9|9|9|9|9|9
46943,9,False,9,9,7,9|7|0|0|0|7|7|7|7|7
46952,9,False,9,0,9,9|9|9|9|9|9|9|9|9|9
46976,9,False,9,10,8,8|8|8|8|8|8|8|8|8|8
46978,9,False,9,7,7,7|7|9|7|7|8|9|8|9|7
46992,9,False,9,0,9,9|9|9|9|9|9|9|9|9|9
46994,9,False,9,0,9,9|9|9|9|9|9|9|9|9|9
46997,9,False,9,0,9,9|9|9|9|9|9|9|9|9|9
47016,9,False,9,10,0,0|0|0|0|0|0|0|0|0|0
47025,9,False,9,0,9,9|9|9|9|9|9|9|9|9|9
47036,9,False,9,0,9,9|9|9|9|9|9|9|9|9|9
47039,9,False,9,10,8,8|8|8|8|1|8|2|0|8|0
47045,9,False,9,3,9,9|9|9|9|9|8|8|9|8|9
47050,9,False,9,10,7,7|7|7|7|7|7|7|7|7|7
47072,9,False,9,1,9,9|9|9|9|9|9|9|9|0|9
47091,9,False,9,0,9,9|9|9|9|9|9|9|9|9|9
47095,9,False,9,0,9,9|9|9|9|9|9|9|9|9|9
47101,9,False,9,0,9,9|9|9|9|9|9|9|9|9|9
47108,9,False,9,0,9,9|9|9|9|9|9|9|9|9|9
47112,9,False,9,0,9,9|9|9|9|9|9|9|9|9|9
47123,9,False,9,0,9,9|9|9|9|9|9|9|9|9|9
47132,9,False,9,0,9,9|9|9|9|9|9|9|9|9|9
47143,9,False,9,0,9,9|9|9|9|9|9|9|9|9|9
47172,9,False,9,2,9,9|8|9|9|8|9|9|9|9|9
47180,9,False,9,3,9,9|8|9|9|9|8|9|9|8|9
47187,9,False,9,0,9,9|9|9|9|9|9|9|9|9|9
47208,9,False,9,0,9,9|9|9|9|9|9|9|9|9|9
47211,9,False,9,0,9,9|9|9|9|9|9|9|9|9|9
47216,9,False,9,1,9,9|9|9|9|9|9|8|9|9|9
47232,9,False,9,10,7,7|7|7|7|7|7|7|7|8|7
47258,9,False,9,8,0,0|0|0|0|9|0|0|0|0|9
47267,9,False,9,0,9,9|9|9|9|9|9|9|9|9|9
47269,9,False,9,0,9,9|9|9|9|9|9|9|9|9|9
47272,9,False,9,2,9,9|9|9|8|9|9|8|9|9|9
47283,9,False,9,0,9,9|9|9|9|9|9|9|9|9|9
47293,9,False,9,1,9,9|9|9|9|9|8|9|9|9|9
47305,9,False,9,3,9,9|9|9|0|0|8|9|9|9|9
47306,9,False,9,0,9,9|9|9|9|9|9|9|9|9|9
47320,9,False,9,2,9,8|9|9|9|9|9|9|8|9|9
47326,9,False,9,5,-1,8|8|8|9|9|9|9|8|8|9
47330,9,False,9,0,9,9|9|9|9|9|9|9|9|9|9
47335,9,False,9,0,9,9|9|9|9|9|9|9|9|9|9
47348,9,False,9,4,9,9|8|9|8|8|9|9|9|8|9
47376,9,False,9,9,8,8|8|9|8|8|8|8|8|8|8
47384,9,False,9,0,9,9|9|9|9|9|9|9|9|9|9
47407,9,False,9,3,9,9|9|9|9|8|8|9|8|9|9
47410,9,False,9,10,8,8|8|8|8|8|8|8|8|8|8
47414,9,False,9,8,-1,8|5|5|5|8|9|5|8|8|9
47426,9,False,9,0,9,9|9|9|9|9|9|9|9|9|9
47432,9,False,9,3,9,9|8|9|9|9|8|9|9|8|9
47433,9,False,9,10,3,3|3|1|3|3|2|3|1|3|3
47436,9,False,9,0,9,9|9|9|9|9|9|9|9|9|9
47437,9,False,9,1,9,9|9|9|9|9|9|8|9|9|9
47440,9,False,9,0,9,9|9|9|9|9|9|9|9|9|9
47442,9,False,9,0,9,9|9|9|9|9|9|9|9|9|9
47455,9,False,9,2,9,9|9|9|8|9|9|9|9|8|9
47458,9,False,9,0,9,9|9|9|9|9|9|9|9|9|9
47461,9,False,9,0,9,9|9|9|9|9|9|9|9|9|9
47463,9,False,9,6,8,9|8|8|8|8|8|9|9|8|9
47466,9,False,9,0,9,9|9|9|9|9|9|9|9|9|9
47470,9,False,9,0,9,9|9|9|9|9|9|9|9|9|9
47484,9,False,9,0,9,9|9|9|9|9|9|9|9|9|9
47499,9,False,9,4,9,9|8|9|8|8|8|9|9|9|9
47500,9,False,9,9,8,8|8|8|8|9|8|8|8|8|8
47503,9,False,9,0,9,9|9|9|9|9|9|9|9|9|9
47505,9,False,9,10,0,0|0|0|0|0|0|0|0|0|0
47508,9,False,9,10,8,8|8|8|8|8|8|8|8|8|8
47511,9,False,9,0,9,9|9|9|9|9|9|9|9|9|9
47517,9,False,9,2,9,9|8|9|9|9|9|9|9|8|9
47526,9,False,9,3,9,9|8|9|9|9|8|9|9|9|8
47565,9,False,9,8,8,9|8|8|8|8|9|8|8|8|8
47567,9,False,9,0,9,9|9|9|9|9|9|9|9|9|9
47574,9,False,9,4,9,8|9|8|9|9|8|9|8|9|9
47576,9,False,9,3,9,9|8|8|9|8|9|9|9|9|9
47578,9,False,9,10,8,8|8|8|3|3|8|8|5|8|8
47579,9,False,9,8,0,0|8|0|0|0|0|9|9|0|0
47580,9,False,9,10,8,8|8|8|8|8|8|8|8|8|8
47597,9,False,9,0,9,9|9|9|9|9|9|9|9|9|9
47603,9,False,9,7,8,9|8|8|9|8|8|8|8|9|8
47607,9,False,9,8,-1,7|5|5|9|9|7|8|8|8|5
47608,9,False,9,1,9,9|9|9|9|8|9|9|9|9|9
47634,9,False,9,6,8,7|9|8|9|8|8|8|8|9|9
47639,9,False,9,9,8,8|8|8|9|8|8|8|8|8|8
47640,9,False,9,0,9,9|9|9|9|9|9|9|9|9|9
47644,9,False,9,2,9,9|9|9|8|9|9|9|9|8|9
47646,9,False,9,0,9,9|9|9|9|9|9|9|9|9|9
47655,9,False,9,0,9,9|9|9|9|9|9|9|9|9|9
47656,9,False,9,2,9,9|9|9|6|6|9|9|9|9|9
47660,9,False,9,1,9,9|9|9|9|9|9|9|9|8|9
47690,9,False,9,6,8,9|9|8|8|8|8|8|9|8|9
47699,9,False,9,10,8,8|8|8|8|8|8|8|8|8|8
47700,9,False,9,0,9,9|9|9|9|9|9|9|9|9|9
47701,9,False,9,9,8,8|8|8|8|8|8|8|8|9|8
47702,9,False,9,0,9,9|9|9|9|9|9|9|9|9|9
47705,9,False,9,0,9,9|9|9|9|9|9|9|9|9|9
47715,9,False,9,0,9,9|9|9|9|9|9|9|9|9|9
47723,9,False,9,6,0,0|9|9|0|9|9|0|0|0|0
47733,9,False,9,0,9,9|9|9|9|9|9|9|9|9|9
47734,9,False,9,5,-1,9|8|8|8|8|9|8|9|9|9
47743,9,False,9,1,9,9|9|9|9|9|9|9|9|8|9
47747,9,False,9,5,-1,9|8|8|9|8|8|9|9|8|9
47749,9,False,9,0,9,9|9|9|9|9|9|9|9|9|9
47755,9,False,9,0,9,9|9|9|9|9|9|9|9|9|9
47766,9,False,9,7,-1,9|0|7|9|0|7|8|9|8|8
47791,9,False,9,8,8,9|8|8|8|8|8|8|9|8|8
47794,9,False,9,2,9,8|9|9|9|9|9|9|8|9|9
47807,9,False,9,0,9,9|9|9|9|9|9|9|9|9|9
47816,9,False,9,0,9,9|9|9|9|9|9|9|9|9|9
47827,9,False,9,0,9,9|9|9|9|9|9|9|9|9|9
47834,9,False,9,5,-1,8|9|9|9|8|8|9|9|8|8
47847,9,False,9,10,8,8|8|8|8|8|8|8|8|8|8
47865,9,False,9,0,9,9|9|9|9|9|9|9|9|9|9
47902,9,False,9,9,0,0|0|0|0|9|0|8|0|0|0
47904,9,False,9,0,9,9|9|9|9|9|9|9|9|9|9
47919,9,False,9,0,9,9|9|9|9|9|9|9|9|9|9
47929,9,False,9,0,9,9|9|9|9|9|9|9|9|9|9
47930,9,False,9,10,0,8|0|0|8|0|0|0|0|8|8
47940,9,False,9,0,9,9|9|9|9|9|9|9|9|9|9
47962,9,False,9,10,8,8|8|8|8|7|7|7|8|8|8
47973,9,False,9,0,9,9|9|9|9|9|9|9|9|9|9
47979,9,False,9,0,9,9|9|9|9|9|9|9|9|9|9
47994,9,False,9,0,9,9|9|9|9|9|9|9|9|9|9
47995,9,False,9,0,9,9|9|9|9|9|9|9|9|9|9
48006,9,False,9,0,9,9|9|9|9|9|9|9|9|9|9
48016,9,False,9,0,9,9|9|9|9|9|9|9|9|9|9
48017,9,False,9,6,8,8|9|8|9|9|8|9|8|8|8
48026,9,False,9,0,9,9|9|9|9|9|9|9|9|9|9
48046,9,False,9,4,9,8|9|9|9|9|9|9|8|8|8
48051,9,False,9,10,8,8|8|8|8|8|8|8|8|8|8
48054,9,False,9,10,0,0|0|0|0|0|0|4|0|0|4
48062,9,False,9,3,9,9|8|8|9|9|9|9|9|8|9
48067,9,False,9,0,9,9|9|9|9|9|9|9|9|9|9
48084,9,False,9,0,9,9|9|9|9|9|9|9|9|9|9
48085,9,False,9,2,9,9|9|8|9|9|9|9|9|8|9
48098,9,False,9,10,3,3|3|3|3|3|3|3|3|3|3
48130,9,False,9,0,9,9|9|9|9|9|9|9|9|9|9
48140,9,False,9,2,9,9|9|9|9|9|8|9|8|9|9
48144,9,False,9,0,9,9|9|9|9|9|9|9|9|9|9
48170,9,False,9,0,9,9|9|9|9|9|9|9|9|9|9
48174,9,False,9,0,9,9|9|9|9|9|9|9|9|9|9
48186,9,False,9,6,-1,5|9|9|3|9|9|4|4|4|4
48187,9,False,9,3,9,9|8|9|9|8|9|8|9|9|9
48191,9,False,9,10,0,0|0|0|0|0|8|0|0|0|0
48234,9,False,9,0,9,9|9|9|9|9|9|9|9|9|9
48237,9,False,9,3,9,8|9|9|8|8|9|9|9|9|9
48248,9,False,9,1,9,9|8|9|9|9|9|9|9|9|9
48258,9,False,9,1,9,9|9|9|9|9|8|9|9|9|9
48266,9,False,9,0,9,9|9|9|9|9|9|9|9|9|9
48268,9,False,9,0,9,9|9|9|9|9|9|9|9|9|9
48270,9,False,9,9,8,8|9|8|8|8|8|8|8|8|8
48271,9,False,9,1,9,9|8|9|9|9|9|9|9|9|9
48275,9,False,9,0,9,9|9|9|9|9|9|9|9|9|9
48302,9,False,9,0,9,9|9|9|9|9|9|9|9|9|9
48303,9,False,9,0,9,9|9|9|9|9|9|9|9|9|9
48308,9,False,9,8,8,8|8|8|8|9|8|9|8|8|8
48319,9,False,9,0,9,9|9|9|9|9|9|9|9|9|9
48332,9,False,9,0,9,9|9|9|9|9|9|9|9|9|9
48346,9,False,9,0,9,9|9|9|9|9|9|9|9|9|9
48347,9,False,9,1,9,9|9|9|9|9|9|9|9|8|9
48371,9,False,9,0,9,9|9|9|9|9|9|9|9|9|9
48374,9,False,9,1,9,7|9|9|9|9|9|9|9|9|9
48377,9,False,9,10,8,8|8|8|8|8|8|8|8|8|8
48398,9,False,9,7,9,5|8|1|9|1|8|0|9|9|0
48399,9,False,9,0,9,9|9|9|9|9|9|9|9|9|9
48401,9,False,9,9,8,8|8|8|8|8|8|8|9|8|8
48427,9,False,9,5,-1,8|9|9|9|9|9|8|8|8|8
48471,9,False,9,6,8,8|8|9|8|8|8|8|9|9|9
48472,9,False,9,0,9,9|9|9|9|9|9|9|9|9|9
48484,9,False,9,4,9,9|9|8|6|4|9|9|5|9|9
48489,9,False,9,0,9,9|9|9|9|9|9|9|9|9|9
48501,9,False,9,3,9,9|9|9|8|8|9|8|9|9|9
48509,9,False,9,2,9,9|9|8|9|0|9|9|9|9|9
48511,9,False,9,3,9,9|8|9|9|8|9|9|9|8|9
48517,9,False,9,2,9,9|9|9|9|9|9|9|8|7|9
48531,9,False,9,0,9,9|9|9|9|9|9|9|9|9|9
48532,9,False,9,0,9,9|9|9|9|9|9|9|9|9|9
48554,9,False,9,0,9,9|9|9|9|9|9|9|9|9|9
48555,9,False,9,1,9,9|9|9|9|9|8|9|9|9|9
48556,9,False,9,0,9,9|9|9|9|9|9|9|9|9|9
48596,9,False,9,10,8,8|8|8|8|8|8|8|8|8|8
48600,9,False,9,10,8,8|8|8|8|8|8|8|8|8|8
48601,9,False,9,0,9,9|9|9|9|9|9|9|9|9|9
48612,9,False,9,0,9,9|9|9|9|9|9|9|9|9|9
48613,9,False,9,0,9,9|9|9|9|9|9|9|9|9|9
48618,9,False,9,3,9,9|8|9|9|0|9|9|9|9|8
48621,9,False,9,10,8,8|8|8|8|8|8|8|8|8|8
48634,9,False,9,10,8,0|8|8|8|0|8|0|8|8|0
48650,9,False,9,0,9,9|9|9|9|9|9|9|9|9|9
48656,9,False,9,10,8,8|8|8|8|8|8|8|8|8|8
48680,9,False,9,2,9,9|3|9|9|9|9|2|9|9|9
48715,9,False,9,0,9,9|9|9|9|9|9|9|9|9|9
48728,9,False,9,0,9,9|9|9|9|9|9|9|9|9|9
48738,9,False,9,0,9,9|9|9|9|9|9|9|9|9|9
48743,9,False,9,0,9,9|9|9|9|9|9|9|9|9|9
48751,9,False,9,1,9,9|9|0|9|9|9|9|9|9|9
48753,9,False,9,0,9,9|9|9|9|9|9|9|9|9|9
48756,9,False,9,7,0,9|0|9|0|0|8|8|9|0|0
48785,9,False,9,0,9,9|9|9|9|9|9|9|9|9|9
48789,9,False,9,4,9,5|2|9|3|9|9|8|9|9|9
48796,9,False,9,10,8,8|8|8|8|8|8|8|8|8|8
48810,9,False,9,9,0,9|8|8|8|8|0|0|0|0|0
48828,9,False,9,2,9,0|9|9|9|9|0|9|9|9|9
48838,9,False,9,5,9,0|9|9|9|8|9|8|8|2|9
48843,9,False,9,7,8,9|9|9|8|8|8|8|8|8|8
48848,9,False,9,10,8,8|8|8|8|8|8|8|8|8|8
48855,9,False,9,8,8,8|8|8|8|9|9|8|8|8|8
48857,9,False,9,1,9,9|9|9|9|9|9|9|9|8|9
48872,9,False,9,8,8,8|8|8|8|8|8|9|8|8|9
48912,9,False,9,6,8,9|8|9|8|8|8|8|9|8|9
48917,9,False,9,1,9,9|9|8|9|9|9|9|9|9|9
48930,9,False,9,2,9,9|9|9|9|9|9|9|8|8|9
48953,9,False,9,1,9,8|9|9|9|9|9|9|9|9|9
48966,9,False,9,0,9,9|9|9|9|9|9|9|9|9|9
48972,9,False,9,10,-1,0|0|0|8|0|8|0|8|8|8
49003,9,False,9,0,9,9|9|9|9|9|9|9|9|9|9
49004,9,False,9,9,8,8|8|9|8|8|8|8|8|8|8
49005,9,False,9,0,9,9|9|9|9|9|9|9|9|9|9
49010,9,False,9,0,9,9|9|9|9|9|9|9|9|9|9
49022,9,False,9,0,9,9|9|9|9|9|9|9|9|9|9
49023,9,False,9,1,9,9|9|9|8|9|9|9|9|9|9
49060,9,False,9,1,9,9|9|9|9|8|9|9|9|9|9
49062,9,False,9,6,8,9|8|8|9|9|8|8|9|8|8
49068,9,False,9,8,0,0|9|8|0|0|2|2|2|0|9
49072,9,False,9,5,-1,9|8|9|9|9|8|9|8|8|8
49075,9,False,9,1,9,9|9|9|9|8|9|9|9|9|9
49077,9,False,9,0,9,9|9|9|9|9|9|9|9|9|9
49092,9,False,9,0,9,9|9|9|9|9|9|9|9|9|9
49094,9,False,9,5,9,0|9|8|9|8|9|9|8|9|8
49102,9,False,9,4,9,8|9|9|9|9|0|0|9|8|9
49106,9,False,9,1,9,9|9|9|9|9|9|9|9|8|9
49107,9,False,9,0,9,9|9|9|9|9|9|9|9|9|9
49113,9,False,9,0,9,9|9|9|9|9|9|9|9|9|9
49115,9,False,9,3,9,9|9|8|8|9|9|9|9|9|8
49126,9,False,9,0,9,9|9|9|9|9|9|9|9|9|9
49139,9,False,9,1,9,8|9|9|9|9|9|9|9|9|9
49144,9,False,9,0,9,9|9|9|9|9|9|9|9|9|9
49157,9,False,9,10,8,8|8|8|8|8|8|8|8|8|8
49163,9,False,9,5,-1,9|8|9|8|9|8|8|9|8|9
49206,9,False,9,0,9,9|9|9|9|9|9|9|9|9|9
49209,9,False,9,0,9,9|9|9|9|9|9|9|9|9|9
49216,9,False,9,9,8,8|8|8|8|8|8|8|9|8|8
49229,9,False,9,3,9,0|9|0|9|9|9|9|9|0|9
49230,9,False,9,0,9,9|9|9|9|9|9|9|9|9|9
49252,9,False,9,9,8,8|8|8|8|8|8|8|9|8|8
49263,9,False,9,2,9,9|9|9|8|9|9|9|9|8|9
49264,9,False,9,1,9,9|9|9|9|8|9|9|9|9|9
49285,9,False,9,7,0,8|9|0|9|0|8|9|8|0|0
49320,9,False,9,0,9,9|9|9|9|9|9|9|9|9|9
49327,9,False,9,4,9,9|8|9|9|8|8|9|9|8|9
49328,9,False,9,10,8,8|8|8|8|8|8|8|8|8|8
49333,9,False,9,1,9,9|9|9|8|9|9|9|9|9|9
49338,9,False,9,1,9,9|9|9|9|9|9|8|9|9|9
49343,9,False,9,0,9,9|9|9|9|9|9|9|9|9|9
49352,9,False,9,0,9,9|9|9|9|9|9|9|9|9|9
49358,9,False,9,3,9,8|9|9|9|9|9|9|8|8|9
49360,9,False,9,0,9,9|9|9|9|9|9|9|9|9|9
49370,9,False,9,0,9,9|9|9|9|9|9|9|9|9|9
49392,9,False,9,2,9,9|9|9|8|9|8|9|9|9|9
49396,9,False,9,0,9,9|9|9|9|9|9|9|9|9|9
49399,9,False,9,0,9,9|9|9|9|9|9|9|9|9|9
49400,9,False,9,0,9,9|9|9|9|9|9|9|9|9|9
49424,9,False,9,1,9,9|9|9|9|8|9|9|9|9|9
49436,9,False,9,0,9,9|9|9|9|9|9|9|9|9|9
49441,9,False,9,6,8,8|8|8|8|9|8|9|9|8|9
49444,9,False,9,7,8,8|8|8|8|9|8|9|8|8|9
49451,9,False,9,1,9,9|9|9|9|7|9|9|9|9|9
49469,9,False,9,0,9,9|9|9|9|9|9|9|9|9|9
49484,9,False,9,10,8,8|8|8|8|8|8|8|8|8|8
49494,9,False,9,0,9,9|9|9|9|9|9|9|9|9|9
49498,9,False,9,0,9,9|9|9|9|9|9|9|9|9|9
49509,9,False,9,0,9,9|9|9|9|9|9|9|9|9|9
49526,9,False,9,2,9,8|9|9|8|9|9|9|9|9|9
49528,9,False,9,2,9,9|9|0|0|9|9|9|9|9|9
49535,9,False,9,3,9,9|9|9|8|8|9|9|9|8|9
49539,9,False,9,0,9,9|9|9|9|9|9|9|9|9|9
49544,9,False,9,0,9,9|9|9|9|9|9|9|9|9|9
49568,9,False,9,1,9,9|9|9|9|9|9|9|9|8|9
49586,9,False,9,0,9,9|9|9|9|9|9|9|9|9|9
49603,9,False,9,9,8,8|8|9|8|8|8|8|8|8|8
49611,9,False,9,1,9,9|9|9|8|9|9|9|9|9|9
49621,9,False,9,0,9,9|9|9|9|9|9|9|9|9|9
49638,9,False,9,0,9,9|9|9|9|9|9|9|9|9|9
49657,9,False,9,0,9,9|9|9|9|9|9|9|9|9|9
49666,9,False,9,0,9,9|9|9|9|9|9|9|9|9|9
49672,9,False,9,10,8,0|8|0|8|8|8|0|8|0|8
49686,9,False,9,0,9,9|9|9|9|9|9|9|9|9|9
49694,9,False,9,9,8,8|8|8|3|1|8|8|7|9|7
49710,9,False,9,3,9,9|8|9|9|9|9|8|8|9|9
49711,9,False,9,0,9,9|9|9|9|9|9|9|9|9|9
49724,9,False,9,2,9,9|9|9|9|8|9|9|8|9|9
49733,9,False,9,0,9,9|9|9|9|9|9|9|9|9|9
49737,9,False,9,0,9,9|9|9|9|9|9|9|9|9|9
49739,9,False,9,1,9,9|9|9|9|9|9|9|0|9|9
49741,9,False,9,10,8,8|8|8|8|8|8|8|8|8|0
49756,9,False,9,0,9,9|9|9|9|9|9|9|9|9|9
49764,9,False,9,10,8,8|8|8|8|8|8|8|8|0|8
49768,9,False,9,3,9,9|8|9|9|9|8|8|9|9|9
49769,9,False,9,6,8,8|9|8|9|8|8|8|9|8|9
49771,9,False,9,10,5,5|8|2|5|2|5|5|2|5|5
49773,9,False,9,0,9,9|9|9|9|9|9|9|9|9|9
49806,9,False,9,7,8,8|8|9|9|8|8|8|9|8|8
49842,9,False,9,0,9,9|9|9|9|9|9|9|9|9|9
49844,9,False,9,2,9,9|9|9|9|8|9|8|9|9|9
49856,9,False,9,0,9,9|9|9|9|9|9|9|9|9|9
49861,9,False,9,1,9,9|9|9|9|6|9|9|9|9|9
49865,9,False,9,2,9,8|9|9|9|9|9|9|8|9|9
49913,9,False,9,1,9,9|9|9|9|7|9|9|9|9|9
49914,9,False,9,6,8,9|9|9|8|8|8|8|9|8|8
49947,9,False,9,0,9,9|9|9|9|9|9|9|9|9|9
49957,9,False,9,0,9,9|9|9|9|9|9|9|9|9|9
49973,9,False,9,7,4,4|9|0|9|9|4|4|0|8|4
49976,9,False,9,8,8,8|8|8|9|8|8|8|8|8|9
49999,9,False,9,0,9,9|9|9|9|9|9|9|9|9|9
