index,noisy_label,is_noisy,real_label,mistakes,label_pred,preds
15,0,False,0,0,0,0|0|0|0|0|0|0|0|0|0
17,0,False,0,0,0,0|0|0|0|0|0|0|0|0|0
24,0,False,0,0,0,0|0|0|0|0|0|0|0|0|0
26,0,False,0,1,0,0|0|0|0|0|0|0|1|0|0
30,0,False,0,9,8,8|8|9|0|8|8|9|9|8|8
62,0,False,0,10,1,1|2|1|2|1|1|1|1|1|1
69,0,False,0,6,0,0|3|0|0|0|2|1|2|3|1
90,0,False,0,0,0,0|0|0|0|0|0|0|0|0|0
105,0,False,0,0,0,0|0|0|0|0|0|0|0|0|0
106,0,False,0,0,0,0|0|0|0|0|0|0|0|0|0
113,0,False,0,0,0,0|0|0|0|0|0|0|0|0|0
129,0,False,0,0,0,0|0|0|0|0|0|0|0|0|0
131,0,False,0,0,0,0|0|0|0|0|0|0|0|0|0
134,0,False,0,8,1,1|1|0|1|1|0|1|1|1|1
136,0,False,0,0,0,0|0|0|0|0|0|0|0|0|0
141,0,False,0,4,0,8|0|0|0|0|8|0|0|8|8
155,0,False,0,8,1,0|1|1|1|1|1|1|0|1|1
159,0,False,0,0,0,0|0|0|0|0|0|0|0|0|0
168,0,False,0,0,0,0|0|0|0|0|0|0|0|0|0
170,0,False,0,0,0,0|0|0|0|0|0|0|0|0|0
178,0,False,0,0,0,0|0|0|0|0|0|0|0|0|0
181,0,False,0,9,7,7|7|7|0|7|7|7|7|6|7
182,0,False,0,3,0,0|0|8|0|0|0|0|8|8|0
222,0,False,0,1,0,0|0|0|0|0|0|0|0|1|0
239,0,False,0,4,0,0|1|0|0|0|0|8|0|8|8
247,0,False,0,0,0,0|0|0|0|0|0|0|0|0|0
250,0,False,0,2,0,0|0|3|0|0|3|0|0|0|0
264,0,False,0,10,2,2|2|2|2|2|2|2|2|2|2
269,0,False,0,2,0,0|0|9|0|6|0|0|0|0|0
281,0,False,0,0,0,0|0|0|0|0|0|0|0|0|0
328,0,False,0,6,0,9|9|9|0|0|8|0|8|0|8
334,0,False,0,0,0,0|0|0|0|0|0|0|0|0|0
336,0,False,0,0,0,0|0|0|0|0|0|0|0|0|0
337,0,False,0,10,-1,2|2|3|2|2|3|3|3|3|2
344,0,False,0,0,0,0|0|0|0|0|0|0|0|0|0
355,0,False,0,0,0,0|0|0|0|0|0|0|0|0|0
370,0,False,0,0,0,0|0|0|0|0|0|0|0|0|0
373,0,False,0,0,0,0|0|0|0|0|0|0|0|0|0
377,0,False,0,1,0,0|0|0|0|0|8|0|0|0|0
378,0,False,0,0,0,0|0|0|0|0|0|0|0|0|0
379,0,False,0,8,2,0|2|8|2|2|9|2|2|9|0
388,0,False,0,0,0,0|0|0|0|0|0|0|0|0|0
394,0,False,0,0,0,0|0|0|0|0|0|0|0|0|0
400,0,False,0,2,0,0|0|0|0|0|1|0|0|0|1
406,0,False,0,10,3,3|3|3|3|3|3|3|3|3|3
411,0,False,0,3,0,3|0|3|3|0|0|0|0|0|0
419,0,False,0,4,0,1|0|5|0|0|0|4|0|2|0
424,0,False,0,0,0,0|0|0|0|0|0|0|0|0|0
429,0,False,0,7,1,1|1|0|0|0|1|1|1|1|1
431,0,False,0,1,0,0|0|6|0|0|0|0|0|0|0
433,0,False,0,10,5,5|3|5|5|1|1|5|5|1|5
451,0,False,0,10,1,1|1|1|1|1|1|1|1|1|1
457,0,False,0,0,0,0|0|0|0|0|0|0|0|0|0
488,0,False,0,0,0,0|0|0|0|0|0|0|0|0|0
492,0,False,0,4,0,8|4|0|0|0|4|0|7|0|0
515,0,False,0,0,0,0|0|0|0|0|0|0|0|0|0
518,0,False,0,1,0,0|8|0|0|0|0|0|0|0|0
540,0,False,0,9,1,0|1|1|1|1|1|1|1|1|1
550,0,False,0,0,0,0|0|0|0|0|0|0|0|0|0
557,0,False,0,6,8,0|0|8|0|8|8|8|0|8|8
561,0,False,0,0,0,0|0|0|0|0|0|0|0|0|0
573,0,False,0,1,0,0|0|0|0|0|0|8|0|0|0
576,0,False,0,0,0,0|0|0|0|0|0|0|0|0|0
590,0,False,0,10,4,4|4|4|4|4|4|4|4|4|4
597,0,False,0,10,1,1|1|1|1|1|1|1|1|1|1
618,0,False,0,0,0,0|0|0|0|0|0|0|0|0|0
621,0,False,0,3,0,0|0|2|0|0|2|2|0|0|0
638,0,False,0,5,0,0|0|0|2|8|0|2|2|0|2
639,0,False,0,2,0,0|0|0|1|0|0|0|0|3|0
640,0,False,0,2,0,0|2|0|0|0|2|0|0|0|0
644,0,False,0,3,0,0|4|0|0|0|5|0|5|0|0
662,0,False,0,6,-1,0|8|0|3|8|0|3|8|8|0
665,0,False,0,8,9,8|3|5|0|9|0|9|5|3|9
673,0,False,0,1,0,0|0|0|0|0|0|8|0|0|0
686,0,False,0,10,2,2|2|2|2|2|2|2|2|3|2
698,0,False,0,4,0,0|0|0|0|0|2|2|2|2|0
701,0,False,0,0,0,0|0|0|0|0|0|0|0|0|0
704,0,False,0,0,0,0|0|0|0|0|0|0|0|0|0
711,0,False,0,5,0,0|0|0|0|5|1|1|5|0|1
719,0,False,0,10,3,3|3|2|2|2|3|3|1|3|3
720,0,False,0,0,0,0|0|0|0|0|0|0|0|0|0
725,0,False,0,1,0,0|0|0|6|0|0|0|0|0|0
734,0,False,0,10,1,1|1|1|1|1|1|1|1|1|1
735,0,False,0,0,0,0|0|0|0|0|0|0|0|0|0
739,0,False,0,7,9,9|8|0|0|8|9|0|8|9|9
753,0,False,0,9,3,3|2|3|3|3|2|0|2|3|3
757,0,False,0,0,0,0|0|0|0|0|0|0|0|0|0
760,0,False,0,0,0,0|0|0|0|0|0|0|0|0|0
764,0,False,0,0,0,0|0|0|0|0|0|0|0|0|0
785,0,False,0,10,1,1|1|1|1|1|1|1|1|1|1
799,0,False,0,0,0,0|0|0|0|0|0|0|0|0|0
800,0,False,0,0,0,0|0|0|0|0|0|0|0|0|0
818,0,False,0,1,0,0|0|0|0|0|0|0|0|1|0
824,0,False,0,0,0,0|0|0|0|0|0|0|0|0|0
838,0,False,0,0,0,0|0|0|0|0|0|0|0|0|0
858,0,False,0,8,1,3|0|5|3|1|1|1|0|1|1
862,0,False,0,0,0,0|0|0|0|0|0|0|0|0|0
883,0,False,0,0,0,0|0|0|0|0|0|0|0|0|0
885,0,False,0,1,0,0|0|9|0|0|0|0|0|0|0
891,0,False,0,3,0,0|0|0|8|0|0|1|0|0|3
899,0,False,0,1,0,0|0|0|0|0|0|0|5|0|0
904,0,False,0,0,0,0|0|0|0|0|0|0|0|0|0
905,0,False,0,2,0,0|0|9|0|0|0|0|0|9|0
909,0,False,0,3,0,0|0|0|9|0|0|0|8|8|0
940,0,False,0,0,0,0|0|0|0|0|0|0|0|0|0
943,0,False,0,1,0,2|0|0|0|0|0|0|0|0|0
959,0,False,0,1,0,0|8|0|0|0|0|0|0|0|0
963,0,False,0,10,1,1|1|1|1|1|1|1|1|1|1
969,0,False,0,7,7,2|0|2|7|7|6|0|7|0|7
992,0,False,0,0,0,0|0|0|0|0|0|0|0|0|0
1006,0,False,0,1,0,0|0|0|0|0|2|0|0|0|0
1007,0,False,0,8,7,0|7|9|0|7|7|1|7|7|7
1009,0,False,0,6,1,1|1|0|3|1|0|1|1|0|0
1018,0,False,0,2,0,0|0|0|0|8|0|0|0|8|0
1029,0,False,0,0,0,0|0|0|0|0|0|0|0|0|0
1033,0,False,0,0,0,0|0|0|0|0|0|0|0|0|0
1039,0,False,0,0,0,0|0|0|0|0|0|0|0|0|0
1050,0,False,0,1,0,0|0|0|0|4|0|0|0|0|0
1063,0,False,0,0,0,0|0|0|0|0|0|0|0|0|0
1065,0,False,0,0,0,0|0|0|0|0|0|0|0|0|0
1076,0,False,0,0,0,0|0|0|0|0|0|0|0|0|0
1081,0,False,0,0,0,0|0|0|0|0|0|0|0|0|0
1101,0,False,0,0,0,0|0|0|0|0|0|0|0|0|0
1102,0,False,0,2,0,0|0|0|0|0|0|2|2|0|0
1105,0,False,0,0,0,0|0|0|0|0|0|0|0|0|0
1113,0,False,0,3,0,0|0|3|2|8|0|0|0|0|0
1164,0,False,0,0,0,0|0|0|0|0|0|0|0|0|0
1169,0,False,0,0,0,0|0|0|0|0|0|0|0|0|0
1179,0,False,0,1,0,0|0|1|0|0|0|0|0|0|0
1180,0,False,0,0,0,0|0|0|0|0|0|0|0|0|0
1183,0,False,0,10,5,2|5|2|4|4|4|5|5|2|5
1184,0,False,0,0,0,0|0|0|0|0|0|0|0|0|0
1188,0,False,0,10,1,1|1|1|8|9|2|1|1|8|8
1191,0,False,0,0,0,0|0|0|0|0|0|0|0|0|0
1196,0,False,0,10,9,9|9|9|9|9|9|9|9|9|9
1211,0,False,0,3,0,0|2|0|0|0|2|0|0|2|0
1212,0,False,0,3,0,0|0|1|0|0|0|2|0|0|4
1236,0,False,0,10,1,1|1|1|1|1|1|1|1|1|1
1243,0,False,0,8,4,4|0|3|4|0|1|1|4|4|3
1249,0,False,0,4,0,0|1|1|0|0|0|1|1|0|0
1263,0,False,0,1,0,0|0|0|0|0|0|0|0|8|0
1291,0,False,0,2,0,0|0|0|0|2|0|3|0|0|0
1292,0,False,0,2,0,0|0|0|0|0|8|0|0|8|0
1300,0,False,0,1,0,0|0|0|0|8|0|0|0|0|0
1314,0,False,0,0,0,0|0|0|0|0|0|0|0|0|0
1328,0,False,0,0,0,0|0|0|0|0|0|0|0|0|0
1337,0,False,0,1,0,0|0|0|1|0|0|0|0|0|0
1367,0,False,0,5,0,0|0|0|5|5|4|5|4|0|0
1374,0,False,0,1,0,0|0|0|0|4|0|0|0|0|0
1386,0,False,0,1,0,0|0|0|0|0|0|7|0|0|0
1388,0,False,0,1,0,0|0|0|0|0|0|0|0|8|0
1390,0,False,0,0,0,0|0|0|0|0|0|0|0|0|0
1402,0,False,0,0,0,0|0|0|0|0|0|0|0|0|0
1409,0,False,0,1,0,0|0|0|0|0|0|0|0|4|0
1438,0,False,0,8,-1,0|3|0|3|1|1|3|3|1|1
1452,0,False,0,1,0,0|0|0|0|0|0|0|8|0|0
1457,0,False,0,1,0,0|0|0|0|8|0|0|0|0|0
1483,0,False,0,0,0,0|0|0|0|0|0|0|0|0|0
1488,0,False,0,2,0,0|0|0|0|8|0|0|0|0|8
1498,0,False,0,1,0,0|9|0|0|0|0|0|0|0|0
1500,0,False,0,10,4,4|4|4|4|4|4|4|5|4|4
1511,0,False,0,1,0,0|0|0|0|0|8|0|0|0|0
1526,0,False,0,0,0,0|0|0|0|0|0|0|0|0|0
1535,0,False,0,4,0,0|0|1|1|0|0|0|0|1|1
1537,0,False,0,0,0,0|0|0|0|0|0|0|0|0|0
1561,0,False,0,0,0,0|0|0|0|0|0|0|0|0|0
1569,0,False,0,6,0,8|0|8|4|2|0|0|3|0|8
1570,0,False,0,2,0,5|0|0|0|0|0|0|0|0|5
1582,0,False,0,5,0,0|1|0|0|1|5|0|5|4|0
1618,0,False,0,0,0,0|0|0|0|0|0|0|0|0|0
1638,0,False,0,0,0,0|0|0|0|0|0|0|0|0|0
1645,0,False,0,1,0,0|0|0|0|0|0|0|3|0|0
1661,0,False,0,8,9,9|9|9|9|9|0|0|8|9|9
1662,0,False,0,0,0,0|0|0|0|0|0|0|0|0|0
1680,0,False,0,0,0,0|0|0|0|0|0|0|0|0|0
1682,0,False,0,6,1,0|1|0|0|1|1|1|5|0|1
1685,0,False,0,1,0,0|0|0|3|0|0|0|0|0|0
1701,0,False,0,0,0,0|0|0|0|0|0|0|0|0|0
1712,0,False,0,0,0,0|0|0|0|0|0|0|0|0|0
1717,0,False,0,10,9,9|8|9|9|8|9|9|9|9|9
1775,0,False,0,1,0,0|0|0|1|0|0|0|0|0|0
1779,0,False,0,0,0,0|0|0|0|0|0|0|0|0|0
1790,0,False,0,0,0,0|0|0|0|0|0|0|0|0|0
1801,0,False,0,0,0,0|0|0|0|0|0|0|0|0|0
1809,0,False,0,0,0,0|0|0|0|0|0|0|0|0|0
1822,0,False,0,0,0,0|0|0|0|0|0|0|0|0|0
1835,0,False,0,0,0,0|0|0|0|0|0|0|0|0|0
1842,0,False,0,0,0,0|0|0|0|0|0|0|0|0|0
1878,0,False,0,0,0,0|0|0|0|0|0|0|0|0|0
1888,0,False,0,0,0,0|0|0|0|0|0|0|0|0|0
1890,0,False,0,0,0,0|0|0|0|0|0|0|0|0|0
1900,0,False,0,1,0,0|0|0|0|0|0|0|0|0|2
1905,0,False,0,6,0,0|1|2|5|4|0|1|0|1|0
1908,0,False,0,0,0,0|0|0|0|0|0|0|0|0|0
1909,0,False,0,8,4,0|4|4|4|2|0|1|4|4|4
1910,0,False,0,8,1,1|1|0|1|0|1|1|1|1|1
1929,0,False,0,1,0,0|0|0|0|0|0|0|3|0|0
1939,0,False,0,3,0,0|0|0|6|0|0|7|0|0|7
1946,0,False,0,0,0,0|0|0|0|0|0|0|0|0|0
1966,0,False,0,8,1,1|1|0|0|1|1|1|1|1|1
1997,0,False,0,0,0,0|0|0|0|0|0|0|0|0|0
2011,0,False,0,0,0,0|0|0|0|0|0|0|0|0|0
2028,0,False,0,0,0,0|0|0|0|0|0|0|0|0|0
2040,0,False,0,10,1,1|1|1|1|1|1|1|1|1|1
2042,0,False,0,0,0,0|0|0|0|0|0|0|0|0|0
2054,0,False,0,0,0,0|0|0|0|0|0|0|0|0|0
2075,0,False,0,7,-1,1|5|5|1|0|1|0|4|4|0
2077,0,False,0,0,0,0|0|0|0|0|0|0|0|0|0
2090,0,False,0,6,3,0|3|0|3|3|0|0|3|3|1
2094,0,False,0,0,0,0|0|0|0|0|0|0|0|0|0
2108,0,False,0,0,0,0|0|0|0|0|0|0|0|0|0
2112,0,False,0,0,0,0|0|0|0|0|0|0|0|0|0
2113,0,False,0,7,8,0|0|9|8|8|8|8|8|8|0
2114,0,False,0,0,0,0|0|0|0|0|0|0|0|0|0
2126,0,False,0,0,0,0|0|0|0|0|0|0|0|0|0
2132,0,False,0,0,0,0|0|0|0|0|0|0|0|0|0
2147,0,False,0,0,0,0|0|0|0|0|0|0|0|0|0
2166,0,False,0,0,0,0|0|0|0|0|0|0|0|0|0
2197,0,False,0,0,0,0|0|0|0|0|0|0|0|0|0
2217,0,False,0,0,0,0|0|0|0|0|0|0|0|0|0
2227,0,False,0,0,0,0|0|0|0|0|0|0|0|0|0
2230,0,False,0,2,0,0|2|0|0|8|0|0|0|0|0
2246,0,False,0,0,0,0|0|0|0|0|0|0|0|0|0
2250,0,False,0,0,0,0|0|0|0|0|0|0|0|0|0
2258,0,False,0,0,0,0|0|0|0|0|0|0|0|0|0
2260,0,False,0,0,0,0|0|0|0|0|0|0|0|0|0
2280,0,False,0,3,0,0|0|9|8|0|0|0|0|9|0
2286,0,False,0,8,8,0|9|8|9|8|8|8|9|8|0
2288,0,False,0,10,3,3|3|3|3|3|3|3|3|3|3
2304,0,False,0,0,0,0|0|0|0|0|0|0|0|0|0
2333,0,False,0,10,2,2|2|2|2|2|3|2|2|3|2
2337,0,False,0,3,0,3|2|0|0|0|0|0|0|2|0
2347,0,False,0,3,0,5|0|0|5|0|0|0|4|0|0
2366,0,False,0,10,1,1|5|2|1|3|8|1|2|1|1
2373,0,False,0,0,0,0|0|0|0|0|0|0|0|0|0
2375,0,False,0,0,0,0|0|0|0|0|0|0|0|0|0
2376,0,False,0,0,0,0|0|0|0|0|0|0|0|0|0
2397,0,False,0,6,-1,2|0|0|0|2|1|1|0|1|1
2398,0,False,0,0,0,0|0|0|0|0|0|0|0|0|0
2402,0,False,0,10,1,1|1|1|1|3|2|1|1|1|1
2408,0,False,0,10,4,4|4|4|4|4|4|4|4|4|4
2412,0,False,0,6,8,8|0|0|8|8|8|8|0|0|8
2431,0,False,0,7,1,1|1|1|0|1|1|0|1|4|0
2435,0,False,0,0,0,0|0|0|0|0|0|0|0|0|0
2445,0,False,0,5,0,0|0|9|9|0|4|9|0|8|0
2456,0,False,0,0,0,0|0|0|0|0|0|0|0|0|0
2459,0,False,0,0,0,0|0|0|0|0|0|0|0|0|0
2460,0,False,0,0,0,0|0|0|0|0|0|0|0|0|0
2461,0,False,0,8,-1,9|2|9|9|2|0|0|2|9|2
2488,0,False,0,0,0,0|0|0|0|0|0|0|0|0|0
2495,0,False,0,10,2,2|2|2|2|2|2|2|2|2|2
2523,0,False,0,10,6,6|2|6|6|6|6|2|6|6|2
2537,0,False,0,0,0,0|0|0|0|0|0|0|0|0|0
2539,0,False,0,1,0,0|0|0|0|1|0|0|0|0|0
2570,0,False,0,4,0,8|0|0|0|9|0|8|0|9|0
2573,0,False,0,5,0,0|0|0|4|0|1|1|4|1|0
2602,0,False,0,0,0,0|0|0|0|0|0|0|0|0|0
2607,0,False,0,0,0,0|0|0|0|0|0|0|0|0|0
2609,0,False,0,0,0,0|0|0|0|0|0|0|0|0|0
2632,0,False,0,0,0,0|0|0|0|0|0|0|0|0|0
2634,0,False,0,0,0,0|0|0|0|0|0|0|0|0|0
2650,0,False,0,0,0,0|0|0|0|0|0|0|0|0|0
2654,0,False,0,0,0,0|0|0|0|0|0|0|0|0|0
2660,0,False,0,0,0,0|0|0|0|0|0|0|0|0|0
2661,0,False,0,0,0,0|0|0|0|0|0|0|0|0|0
2684,0,False,0,0,0,0|0|0|0|0|0|0|0|0|0
2686,0,False,0,7,9,9|0|9|9|0|8|0|9|9|8
2691,0,False,0,3,0,0|0|0|0|2|0|2|0|0|3
2701,0,False,0,0,0,0|0|0|0|0|0|0|0|0|0
2702,0,False,0,1,0,0|0|0|0|0|0|0|7|0|0
2720,0,False,0,5,0,1|1|0|0|0|2|1|0|2|0
2752,0,False,0,10,1,1|3|1|1|1|1|1|1|1|1
2764,0,False,0,10,9,9|9|8|9|9|9|9|9|9|9
2788,0,False,0,10,1,1|1|1|1|1|1|1|1|1|1
2811,0,False,0,0,0,0|0|0|0|0|0|0|0|0|0
2820,0,False,0,0,0,0|0|0|0|0|0|0|0|0|0
2824,0,False,0,2,0,0|4|0|4|0|0|0|0|0|0
2835,0,False,0,0,0,0|0|0|0|0|0|0|0|0|0
2841,0,False,0,0,0,0|0|0|0|0|0|0|0|0|0
2843,0,False,0,1,0,0|0|0|0|0|0|0|2|0|0
2905,0,False,0,3,0,2|0|0|0|0|0|0|2|0|2
2909,0,False,0,2,0,0|0|0|0|7|0|0|6|0|0
2926,0,False,0,10,-1,8|9|9|8|8|8|9|9|9|8
2929,0,False,0,0,0,0|0|0|0|0|0|0|0|0|0
2936,0,False,0,1,0,0|4|0|0|0|0|0|0|0|0
2943,0,False,0,0,0,0|0|0|0|0|0|0|0|0|0
2952,0,False,0,0,0,0|0|0|0|0|0|0|0|0|0
2954,0,False,0,0,0,0|0|0|0|0|0|0|0|0|0
2960,0,False,0,0,0,0|0|0|0|0|0|0|0|0|0
2962,0,False,0,0,0,0|0|0|0|0|0|0|0|0|0
2964,0,False,0,0,0,0|0|0|0|0|0|0|0|0|0
2970,0,False,0,1,0,0|0|0|0|0|0|0|0|9|0
2975,0,False,0,0,0,0|0|0|0|0|0|0|0|0|0
2991,0,False,0,0,0,0|0|0|0|0|0|0|0|0|0
2997,0,False,0,0,0,0|0|0|0|0|0|0|0|0|0
3002,0,False,0,0,0,0|0|0|0|0|0|0|0|0|0
3003,0,False,0,0,0,0|0|0|0|0|0|0|0|0|0
3008,0,False,0,0,0,0|0|0|0|0|0|0|0|0|0
3026,0,False,0,1,0,0|0|2|0|0|0|0|0|0|0
3029,0,False,0,0,0,0|0|0|0|0|0|0|0|0|0
3046,0,False,0,4,0,8|0|8|0|0|8|0|0|8|0
3059,0,False,0,1,0,0|0|0|2|0|0|0|0|0|0
3075,0,False,0,0,0,0|0|0|0|0|0|0|0|0|0
3083,0,False,0,7,5,0|8|5|0|9|8|5|5|0|5
3084,0,False,0,9,1,1|1|1|4|0|1|1|1|1|1
3093,0,False,0,0,0,0|0|0|0|0|0|0|0|0|0
3095,0,False,0,6,0,0|0|2|4|8|8|0|0|5|5
3098,0,False,0,1,0,0|0|0|0|1|0|0|0|0|0
3117,0,False,0,10,2,3|2|2|3|2|3|2|2|3|2
3133,0,False,0,3,0,0|0|0|0|0|0|5|2|0|2
3141,0,False,0,0,0,0|0|0|0|0|0|0|0|0|0
3148,0,False,0,1,0,0|0|0|1|0|0|0|0|0|0
3182,0,False,0,0,0,0|0|0|0|0|0|0|0|0|0
3188,0,False,0,1,0,0|0|0|0|0|0|2|0|0|0
3207,0,False,0,5,0,0|0|9|0|8|8|0|8|8|0
3212,0,False,0,0,0,0|0|0|0|0|0|0|0|0|0
3214,0,False,0,0,0,0|0|0|0|0|0|0|0|0|0
3224,0,False,0,0,0,0|0|0|0|0|0|0|0|0|0
3227,0,False,0,0,0,0|0|0|0|0|0|0|0|0|0
3230,0,False,0,9,8,8|1|8|8|1|8|1|0|1|8
3235,0,False,0,0,0,0|0|0|0|0|0|0|0|0|0
3271,0,False,0,0,0,0|0|0|0|0|0|0|0|0|0
3292,0,False,0,0,0,0|0|0|0|0|0|0|0|0|0
3294,0,False,0,0,0,0|0|0|0|0|0|0|0|0|0
3300,0,False,0,10,1,5|1|1|1|1|5|5|2|1|1
3313,0,False,0,10,2,2|2|2|2|2|2|1|2|2|2
3337,0,False,0,7,8,8|0|8|8|8|8|0|0|8|8
3341,0,False,0,0,0,0|0|0|0|0|0|0|0|0|0
3346,0,False,0,1,0,0|0|0|0|0|8|0|0|0|0
3356,0,False,0,0,0,0|0|0|0|0|0|0|0|0|0
3377,0,False,0,0,0,0|0|0|0|0|0|0|0|0|0
3392,0,False,0,6,0,1|1|0|2|1|0|3|0|3|0
3441,0,False,0,10,3,3|3|2|2|3|3|3|3|3|3
3442,0,False,0,7,1,1|2|1|0|0|2|1|1|0|1
3454,0,False,0,0,0,0|0|0|0|0|0|0|0|0|0
3461,0,False,0,2,0,0|0|0|0|0|0|0|1|0|1
3462,0,False,0,0,0,0|0|0|0|0|0|0|0|0|0
3474,0,False,0,9,1,1|1|0|1|1|1|1|1|5|1
3480,0,False,0,0,0,0|0|0|0|0|0|0|0|0|0
3481,0,False,0,4,0,0|0|0|2|0|0|2|2|0|6
3498,0,False,0,0,0,0|0|0|0|0|0|0|0|0|0
3499,0,False,0,10,1,1|1|1|1|1|1|1|1|1|1
3510,0,False,0,0,0,0|0|0|0|0|0|0|0|0|0
3531,0,False,0,10,1,1|1|1|1|5|1|5|2|1|1
3539,0,False,0,0,0,0|0|0|0|0|0|0|0|0|0
3546,0,False,0,0,0,0|0|0|0|0|0|0|0|0|0
3559,0,False,0,3,0,0|0|0|0|8|0|8|0|8|0
3568,0,False,0,6,3,3|0|3|0|2|3|0|0|3|3
3572,0,False,0,2,0,0|0|0|0|0|2|0|0|3|0
3581,0,False,0,0,0,0|0|0|0|0|0|0|0|0|0
3583,0,False,0,0,0,0|0|0|0|0|0|0|0|0|0
3588,0,False,0,1,0,0|0|1|0|0|0|0|0|0|0
3600,0,False,0,3,0,0|0|0|0|0|8|8|0|0|8
3606,0,False,0,9,-1,1|4|0|9|1|1|1|4|4|4
3609,0,False,0,9,2,2|2|2|2|2|2|2|2|2|0
3620,0,False,0,7,8,8|8|9|0|0|8|9|0|8|8
3622,0,False,0,0,0,0|0|0|0|0|0|0|0|0|0
3623,0,False,0,8,1,1|4|1|1|0|5|1|0|4|5
3624,0,False,0,0,0,0|0|0|0|0|0|0|0|0|0
3625,0,False,0,0,0,0|0|0|0|0|0|0|0|0|0
3627,0,False,0,7,9,0|1|9|9|9|0|0|9|8|8
3628,0,False,0,0,0,0|0|0|0|0|0|0|0|0|0
3643,0,False,0,9,8,8|0|8|8|8|8|8|8|8|8
3644,0,False,0,0,0,0|0|0|0|0|0|0|0|0|0
3654,0,False,0,3,0,2|0|0|2|0|0|2|0|0|0
3682,0,False,0,10,2,2|2|2|2|2|2|2|2|2|2
3685,0,False,0,1,0,0|0|0|8|0|0|0|0|0|0
3690,0,False,0,0,0,0|0|0|0|0|0|0|0|0|0
3699,0,False,0,1,0,1|0|0|0|0|0|0|0|0|0
3702,0,False,0,1,0,0|0|0|0|0|0|9|0|0|0
3705,0,False,0,3,0,0|0|8|0|0|0|0|0|8|8
3712,0,False,0,10,4,4|4|6|4|4|4|4|4|4|4
3713,0,False,0,0,0,0|0|0|0|0|0|0|0|0|0
3717,0,False,0,10,2,2|2|1|4|4|2|2|1|1|2
3727,0,False,0,10,5,3|5|5|5|2|5|5|5|3|3
3734,0,False,0,0,0,0|0|0|0|0|0|0|0|0|0
3766,0,False,0,10,9,9|9|9|9|9|9|9|9|9|9
3771,0,False,0,9,1,1|1|0|1|1|1|1|1|1|1
3772,0,False,0,1,0,0|0|0|0|0|0|0|0|0|2
3782,0,False,0,0,0,0|0|0|0|0|0|0|0|0|0
3792,0,False,0,0,0,0|0|0|0|0|0|0|0|0|0
3794,0,False,0,0,0,0|0|0|0|0|0|0|0|0|0
3827,0,False,0,6,6,6|0|6|0|6|6|0|6|6|0
3828,0,False,0,10,1,1|1|1|1|1|1|1|1|1|1
3833,0,False,0,0,0,0|0|0|0|0|0|0|0|0|0
3834,0,False,0,10,1,1|1|1|2|1|1|1|1|1|1
3840,0,False,0,8,8,8|6|8|8|8|8|0|0|8|8
3846,0,False,0,9,6,6|7|6|6|8|0|8|8|6|7
3883,0,False,0,0,0,0|0|0|0|0|0|0|0|0|0
3901,0,False,0,0,0,0|0|0|0|0|0|0|0|0|0
3926,0,False,0,9,1,1|1|1|1|1|1|1|1|8|0
3928,0,False,0,0,0,0|0|0|0|0|0|0|0|0|0
3939,0,False,0,0,0,0|0|0|0|0|0|0|0|0|0
3941,0,False,0,0,0,0|0|0|0|0|0|0|0|0|0
3952,0,False,0,0,0,0|0|0|0|0|0|0|0|0|0
3958,0,False,0,0,0,0|0|0|0|0|0|0|0|0|0
3974,0,False,0,4,0,8|9|0|0|0|0|8|9|0|0
3985,0,False,0,0,0,0|0|0|0|0|0|0|0|0|0
3993,0,False,0,10,8,8|8|8|8|8|8|8|8|8|8
4007,0,False,0,0,0,0|0|0|0|0|0|0|0|0|0
4021,0,False,0,0,0,0|0|0|0|0|0|0|0|0|0
4023,0,False,0,0,0,0|0|0|0|0|0|0|0|0|0
4051,0,False,0,10,2,8|2|2|8|2|2|1|2|2|3
4073,0,False,0,10,3,3|3|2|3|3|3|3|2|3|2
4094,0,False,0,0,0,0|0|0|0|0|0|0|0|0|0
4097,0,False,0,0,0,0|0|0|0|0|0|0|0|0|0
4102,0,False,0,3,0,0|0|6|4|6|0|0|0|0|0
4111,0,False,0,6,0,0|0|9|9|0|8|9|0|8|8
4123,0,False,0,4,0,0|8|0|0|8|0|0|8|8|0
4157,0,False,0,1,0,0|0|0|1|0|0|0|0|0|0
4198,0,False,0,9,6,6|2|2|6|6|0|6|6|2|2
4202,0,False,0,10,1,1|1|1|1|5|1|1|1|3|1
4207,0,False,0,9,4,4|4|0|4|4|4|4|5|4|5
4208,0,False,0,2,0,0|0|0|0|0|0|1|2|0|0
4219,0,False,0,6,9,0|9|9|9|9|9|0|0|9|0
4252,0,False,0,9,1,1|1|0|1|1|1|1|1|1|1
4255,0,False,0,0,0,0|0|0|0|0|0|0|0|0|0
4282,0,False,0,0,0,0|0|0|0|0|0|0|0|0|0
4284,0,False,0,1,0,0|0|0|0|0|0|0|0|2|0
4289,0,False,0,0,0,0|0|0|0|0|0|0|0|0|0
4294,0,False,0,8,8,0|5|8|8|8|3|0|8|3|3
4298,0,False,0,0,0,0|0|0|0|0|0|0|0|0|0
4315,0,False,0,6,0,0|2|6|0|6|0|6|3|3|0
4322,0,False,0,0,0,0|0|0|0|0|0|0|0|0|0
4339,0,False,0,3,0,1|0|0|0|0|0|0|0|1|1
4359,0,False,0,0,0,0|0|0|0|0|0|0|0|0|0
4362,0,False,0,0,0,0|0|0|0|0|0|0|0|0|0
4373,0,False,0,3,0,0|0|0|0|2|0|1|3|0|0
4393,0,False,0,0,0,0|0|0|0|0|0|0|0|0|0
4395,0,False,0,6,1,1|1|1|1|0|0|0|1|0|1
4401,0,False,0,0,0,0|0|0|0|0|0|0|0|0|0
4409,0,False,0,10,3,3|3|3|3|3|2|3|3|3|2
4412,0,False,0,0,0,0|0|0|0|0|0|0|0|0|0
4417,0,False,0,0,0,0|0|0|0|0|0|0|0|0|0
4427,0,False,0,5,-1,8|0|0|8|0|8|0|0|8|8
4434,0,False,0,0,0,0|0|0|0|0|0|0|0|0|0
4436,0,False,0,8,4,0|4|9|4|4|8|6|4|9|0
4444,0,False,0,6,0,0|2|9|9|2|0|0|5|0|2
4446,0,False,0,0,0,0|0|0|0|0|0|0|0|0|0
4467,0,False,0,0,0,0|0|0|0|0|0|0|0|0|0
4469,0,False,0,10,8,8|8|8|8|8|8|8|8|8|8
4479,0,False,0,10,1,1|1|2|1|1|1|1|1|1|6
4490,0,False,0,3,0,0|0|0|1|0|0|0|1|1|0
4501,0,False,0,0,0,0|0|0|0|0|0|0|0|0|0
4504,0,False,0,9,8,8|0|8|8|8|8|8|9|8|8
4517,0,False,0,10,3,3|3|3|3|3|3|5|3|3|3
4534,0,False,0,0,0,0|0|0|0|0|0|0|0|0|0
4540,0,False,0,0,0,0|0|0|0|0|0|0|0|0|0
4543,0,False,0,1,0,0|0|0|0|0|0|0|3|0|0
4551,0,False,0,10,-1,1|1|1|4|1|4|1|4|4|4
4572,0,False,0,0,0,0|0|0|0|0|0|0|0|0|0
4582,0,False,0,7,8,8|4|9|9|8|8|0|0|8|0
4584,0,False,0,2,0,2|4|0|0|0|0|0|0|0|0
4592,0,False,0,0,0,0|0|0|0|0|0|0|0|0|0
4593,0,False,0,0,0,0|0|0|0|0|0|0|0|0|0
4595,0,False,0,6,2,0|0|2|0|2|2|2|2|0|8
4607,0,False,0,3,0,0|0|9|9|0|0|9|0|0|0
4612,0,False,0,0,0,0|0|0|0|0|0|0|0|0|0
4620,0,False,0,0,0,0|0|0|0|0|0|0|0|0|0
4627,0,False,0,0,0,0|0|0|0|0|0|0|0|0|0
4641,0,False,0,7,3,5|0|3|3|0|0|3|5|3|5
4653,0,False,0,1,0,0|0|0|0|0|0|0|4|0|0
4655,0,False,0,5,0,3|0|0|0|0|3|0|2|3|3
4660,0,False,0,6,0,1|3|0|0|0|2|2|1|1|0
4663,0,False,0,8,8,8|8|8|8|8|8|0|0|8|8
4668,0,False,0,0,0,0|0|0|0|0|0|0|0|0|0
4681,0,False,0,0,0,0|0|0|0|0|0|0|0|0|0
4684,0,False,0,0,0,0|0|0|0|0|0|0|0|0|0
4703,0,False,0,0,0,0|0|0|0|0|0|0|0|0|0
4724,0,False,0,1,0,0|0|0|3|0|0|0|0|0|0
4752,0,False,0,3,0,0|2|0|0|0|2|0|0|2|0
4763,0,False,0,0,0,0|0|0|0|0|0|0|0|0|0
4771,0,False,0,0,0,0|0|0|0|0|0|0|0|0|0
4788,0,False,0,0,0,0|0|0|0|0|0|0|0|0|0
4791,0,False,0,0,0,0|0|0|0|0|0|0|0|0|0
4793,0,False,0,2,0,1|1|0|0|0|0|0|0|0|0
4794,0,False,0,2,0,0|0|0|0|0|1|0|1|0|0
4797,0,False,0,0,0,0|0|0|0|0|0|0|0|0|0
4810,0,False,0,0,0,0|0|0|0|0|0|0|0|0|0
4812,0,False,0,4,0,0|0|8|8|8|0|8|0|0|0
4840,0,False,0,0,0,0|0|0|0|0|0|0|0|0|0
4842,0,False,0,0,0,0|0|0|0|0|0|0|0|0|0
4863,0,False,0,0,0,0|0|0|0|0|0|0|0|0|0
4871,0,False,0,4,0,0|1|0|1|0|0|1|0|0|1
4872,0,False,0,0,0,0|0|0|0|0|0|0|0|0|0
4876,0,False,0,10,1,1|1|1|1|1|1|1|1|1|1
4892,0,False,0,0,0,0|0|0|0|0|0|0|0|0|0
4902,0,False,0,0,0,0|0|0|0|0|0|0|0|0|0
4903,0,False,0,2,0,0|0|0|0|0|0|2|2|0|0
4914,0,False,0,0,0,0|0|0|0|0|0|0|0|0|0
4919,0,False,0,2,0,9|0|0|9|0|0|0|0|0|0
4929,0,False,0,0,0,0|0|0|0|0|0|0|0|0|0
4938,0,False,0,0,0,0|0|0|0|0|0|0|0|0|0
4949,0,False,0,2,0,9|0|9|0|0|0|0|0|0|0
4956,0,False,0,2,0,0|3|0|0|0|0|2|0|0|0
4958,0,False,0,0,0,0|0|0|0|0|0|0|0|0|0
4966,0,False,0,0,0,0|0|0|0|0|0|0|0|0|0
4981,0,False,0,5,0,0|2|1|0|0|2|2|0|3|0
4983,0,False,0,4,0,4|0|0|0|4|0|4|0|0|4
4994,0,False,0,0,0,0|0|0|0|0|0|0|0|0|0
4995,0,False,0,1,0,0|0|0|0|0|0|0|0|8|0
5006,0,False,0,2,0,0|1|0|0|0|1|0|0|0|0
5010,0,False,0,2,0,0|8|8|0|0|0|0|0|0|0
5020,0,False,0,0,0,0|0|0|0|0|0|0|0|0|0
5023,0,False,0,0,0,0|0|0|0|0|0|0|0|0|0
5042,0,False,0,10,1,1|1|1|1|1|1|1|1|1|1
5046,0,False,0,0,0,0|0|0|0|0|0|0|0|0|0
5050,0,False,0,1,0,0|0|0|9|0|0|0|0|0|0
5078,0,False,0,0,0,0|0|0|0|0|0|0|0|0|0
5083,0,False,0,10,9,9|9|9|2|9|8|9|9|9|9
5098,0,False,0,0,0,0|0|0|0|0|0|0|0|0|0
5099,0,False,0,0,0,0|0|0|0|0|0|0|0|0|0
5125,0,False,0,0,0,0|0|0|0|0|0|0|0|0|0
5129,0,False,0,10,2,2|2|2|2|2|8|2|2|9|2
5134,0,False,0,7,1,1|1|1|0|1|1|1|0|0|1
5140,0,False,0,3,0,1|0|0|1|0|0|0|0|1|0
5146,0,False,0,0,0,0|0|0|0|0|0|0|0|0|0
5156,0,False,0,7,2,1|2|2|0|0|2|0|6|2|2
5161,0,False,0,0,0,0|0|0|0|0|0|0|0|0|0
5174,0,False,0,0,0,0|0|0|0|0|0|0|0|0|0
5202,0,False,0,0,0,0|0|0|0|0|0|0|0|0|0
5214,0,False,0,0,0,0|0|0|0|0|0|0|0|0|0
5215,0,False,0,0,0,0|0|0|0|0|0|0|0|0|0
5216,0,False,0,0,0,0|0|0|0|0|0|0|0|0|0
5217,0,False,0,0,0,0|0|0|0|0|0|0|0|0|0
5219,0,False,0,1,0,0|0|0|0|0|0|0|0|0|2
5220,0,False,0,0,0,0|0|0|0|0|0|0|0|0|0
5229,0,False,0,0,0,0|0|0|0|0|0|0|0|0|0
5239,0,False,0,0,0,0|0|0|0|0|0|0|0|0|0
5259,0,False,0,1,0,0|0|0|0|1|0|0|0|0|0
5260,0,False,0,7,2,0|2|0|8|8|2|2|0|1|2
5267,0,False,0,0,0,0|0|0|0|0|0|0|0|0|0
5284,0,False,0,2,0,0|9|0|0|0|8|0|0|0|0
5298,0,False,0,4,0,0|3|0|0|0|3|0|0|3|3
5301,0,False,0,0,0,0|0|0|0|0|0|0|0|0|0
5329,0,False,0,0,0,0|0|0|0|0|0|0|0|0|0
5342,0,False,0,1,0,0|0|0|4|0|0|0|0|0|0
5364,0,False,0,8,1,0|1|1|1|1|0|3|3|1|1
5378,0,False,0,0,0,0|0|0|0|0|0|0|0|0|0
5380,0,False,0,0,0,0|0|0|0|0|0|0|0|0|0
5387,0,False,0,0,0,0|0|0|0|0|0|0|0|0|0
5419,0,False,0,10,2,2|3|1|2|2|1|2|2|1|1
5420,0,False,0,0,0,0|0|0|0|0|0|0|0|0|0
5427,0,False,0,0,0,0|0|0|0|0|0|0|0|0|0
5435,0,False,0,0,0,0|0|0|0|0|0|0|0|0|0
5457,0,False,0,0,0,0|0|0|0|0|0|0|0|0|0
5471,1,False,1,4,1,1|1|1|1|1|1|3|3|3|3
5472,1,False,1,10,5,5|5|2|5|5|5|5|5|5|5
5475,1,False,1,3,1,1|3|1|3|1|1|1|1|2|1
5491,1,False,1,4,1,1|3|1|2|1|1|5|7|1|1
5494,1,False,1,3,1,0|1|0|1|1|1|1|0|1|1
5506,1,False,1,0,1,1|1|1|1|1|1|1|1|1|1
5511,1,False,1,9,3,3|3|2|3|1|5|3|3|5|4
5515,1,False,1,1,1,1|1|1|3|1|1|1|1|1|1
5535,1,False,1,0,1,1|1|1|1|1|1|1|1|1|1
5536,1,False,1,10,2,2|2|2|3|2|2|2|2|2|3
5562,1,False,1,0,1,1|1|1|1|1|1|1|1|1|1
5571,1,False,1,2,1,1|1|1|1|1|1|2|1|1|3
5586,1,False,1,10,4,4|5|5|4|4|4|4|4|5|4
5589,1,False,1,7,0,0|0|1|2|0|2|1|1|2|0
5596,1,False,1,2,1,1|1|1|4|3|1|1|1|1|1
5606,1,False,1,0,1,1|1|1|1|1|1|1|1|1|1
5633,1,False,1,0,1,1|1|1|1|1|1|1|1|1|1
5656,1,False,1,0,1,1|1|1|1|1|1|1|1|1|1
5657,1,False,1,7,0,0|0|0|3|0|1|0|3|1|1
5663,1,False,1,10,5,5|5|5|5|5|5|5|5|5|5
5668,1,False,1,5,-1,7|1|1|7|7|1|1|7|1|7
5674,1,False,1,2,1,1|1|1|1|0|1|0|1|1|1
5694,1,False,1,0,1,1|1|1|1|1|1|1|1|1|1
5737,1,False,1,9,2,2|3|2|2|2|2|2|1|2|2
5746,1,False,1,5,-1,1|0|0|0|0|1|1|1|1|0
5762,1,False,1,0,1,1|1|1|1|1|1|1|1|1|1
5765,1,False,1,0,1,1|1|1|1|1|1|1|1|1|1
5767,1,False,1,6,3,3|3|3|1|3|1|3|3|1|1
5768,1,False,1,9,4,4|4|1|5|5|5|4|4|4|4
5773,1,False,1,9,3,3|3|1|0|3|3|3|3|3|3
5780,1,False,1,7,3,6|3|2|1|1|3|3|1|3|2
5789,1,False,1,0,1,1|1|1|1|1|1|1|1|1|1
5792,1,False,1,0,1,1|1|1|1|1|1|1|1|1|1
5798,1,False,1,0,1,1|1|1|1|1|1|1|1|1|1
5813,1,False,1,10,4,4|4|4|4|4|4|4|4|4|4
5815,1,False,1,7,6,6|1|1|6|6|6|1|0|0|6
5820,1,False,1,5,-1,4|1|1|1|1|4|4|1|4|4
5826,1,False,1,0,1,1|1|1|1|1|1|1|1|1|1
5841,1,False,1,2,1,1|1|0|1|0|1|1|1|1|1
5853,1,False,1,8,3,1|3|3|3|3|1|7|3|3|3
5876,1,False,1,0,1,1|1|1|1|1|1|1|1|1|1
5882,1,False,1,5,1,5|8|1|1|1|1|4|5|5|1
5889,1,False,1,0,1,1|1|1|1|1|1|1|1|1|1
5900,1,False,1,0,1,1|1|1|1|1|1|1|1|1|1
5902,1,False,1,9,3,3|2|3|3|3|3|2|2|2|1
5925,1,False,1,5,1,0|0|0|1|1|1|1|0|1|3
5931,1,False,1,10,0,0|0|0|0|0|0|0|8|0|0
5934,1,False,1,0,1,1|1|1|1|1|1|1|1|1|1
5942,1,False,1,0,1,1|1|1|1|1|1|1|1|1|1
5952,1,False,1,0,1,1|1|1|1|1|1|1|1|1|1
5965,1,False,1,1,1,1|1|5|1|1|1|1|1|1|1
5994,1,False,1,0,1,1|1|1|1|1|1|1|1|1|1
6017,1,False,1,10,6,6|2|2|6|2|0|0|6|0|6
6025,1,False,1,0,1,1|1|1|1|1|1|1|1|1|1
6050,1,False,1,4,1,0|1|1|1|1|8|1|1|8|0
6057,1,False,1,1,1,1|1|1|1|1|1|1|3|1|1
6064,1,False,1,8,2,2|1|2|2|3|2|2|1|2|2
6082,1,False,1,4,1,1|3|1|2|1|2|3|1|1|1
6098,1,False,1,0,1,1|1|1|1|1|1|1|1|1|1
6124,1,False,1,4,1,1|5|2|5|2|1|1|1|1|1
6130,1,False,1,2,1,1|1|1|1|1|1|1|2|1|2
6143,1,False,1,10,3,3|3|3|3|2|3|3|3|3|3
6149,1,False,1,3,1,1|1|3|1|1|1|1|1|3|3
6156,1,False,1,5,1,1|0|1|1|1|2|0|0|0|1
6170,1,False,1,0,1,1|1|1|1|1|1|1|1|1|1
6179,1,False,1,3,1,1|1|0|1|3|1|1|2|1|1
6193,1,False,1,2,1,1|0|0|1|1|1|1|1|1|1
6194,1,False,1,10,2,2|2|3|2|2|2|2|3|2|2
6199,1,False,1,0,1,1|1|1|1|1|1|1|1|1|1
6200,1,False,1,3,1,1|1|1|1|1|1|3|3|2|1
6212,1,False,1,10,0,0|9|0|0|3|0|0|0|8|0
6225,1,False,1,7,2,1|1|2|8|2|2|2|2|2|1
6244,1,False,1,0,1,1|1|1|1|1|1|1|1|1|1
6252,1,False,1,0,1,1|1|1|1|1|1|1|1|1|1
6283,1,False,1,8,5,5|5|5|5|5|4|1|1|5|5
6285,1,False,1,0,1,1|1|1|1|1|1|1|1|1|1
6320,1,False,1,0,1,1|1|1|1|1|1|1|1|1|1
6336,1,False,1,1,1,1|1|1|1|1|1|2|1|1|1
6342,1,False,1,10,0,0|0|0|0|0|0|0|0|0|0
6349,1,False,1,6,5,5|1|5|1|1|5|1|5|5|3
6350,1,False,1,0,1,1|1|1|1|1|1|1|1|1|1
6353,1,False,1,3,1,5|1|3|1|1|1|1|3|1|1
6361,1,False,1,9,0,0|0|0|2|2|0|2|0|1|3
6380,1,False,1,4,1,1|2|1|1|3|1|7|2|1|1
6381,1,False,1,6,5,1|5|5|5|1|5|5|1|5|1
6388,1,False,1,6,-1,1|0|1|0|2|2|2|2|1|1
6397,1,False,1,0,1,1|1|1|1|1|1|1|1|1|1
6424,1,False,1,5,1,2|3|1|1|1|2|1|1|2|3
6440,1,False,1,1,1,1|1|1|0|1|1|1|1|1|1
6445,1,False,1,0,1,1|1|1|1|1|1|1|1|1|1
6455,1,False,1,3,1,1|1|1|1|1|3|1|1|3|3
6457,1,False,1,0,1,1|1|1|1|1|1|1|1|1|1
6458,1,False,1,0,1,1|1|1|1|1|1|1|1|1|1
6462,1,False,1,0,1,1|1|1|1|1|1|1|1|1|1
6464,1,False,1,0,1,1|1|1|1|1|1|1|1|1|1
6472,1,False,1,10,8,0|8|0|8|8|8|8|8|8|8
6475,1,False,1,0,1,1|1|1|1|1|1|1|1|1|1
6480,1,False,1,0,1,1|1|1|1|1|1|1|1|1|1
6485,1,False,1,0,1,1|1|1|1|1|1|1|1|1|1
6486,1,False,1,0,1,1|1|1|1|1|1|1|1|1|1
6489,1,False,1,0,1,1|1|1|1|1|1|1|1|1|1
6502,1,False,1,0,1,1|1|1|1|1|1|1|1|1|1
6503,1,False,1,0,1,1|1|1|1|1|1|1|1|1|1
6513,1,False,1,1,1,1|1|1|1|2|1|1|1|1|1
6526,1,False,1,8,3,3|3|3|0|0|3|3|0|1|1
6532,1,False,1,6,0,0|0|0|0|0|1|1|1|0|1
6534,1,False,1,2,1,0|1|1|1|1|1|1|1|1|0
6538,1,False,1,8,2,2|3|2|2|0|2|3|1|1|2
6553,1,False,1,10,5,5|5|5|5|4|5|5|5|4|5
6555,1,False,1,0,1,1|1|1|1|1|1|1|1|1|1
6577,1,False,1,10,2,2|2|2|2|2|2|2|2|2|2
6579,1,False,1,0,1,1|1|1|1|1|1|1|1|1|1
6591,1,False,1,3,1,1|1|1|1|1|4|5|1|4|1
6597,1,False,1,0,1,1|1|1|1|1|1|1|1|1|1
6637,1,False,1,6,0,0|0|0|1|1|0|1|0|0|1
6638,1,False,1,8,3,3|1|2|3|3|3|2|3|1|3
6650,1,False,1,10,4,4|3|4|4|3|4|4|5|4|4
6657,1,False,1,8,0,0|1|0|0|0|1|0|0|0|0
6664,1,False,1,10,0,0|0|0|0|0|0|0|0|0|0
6667,1,False,1,2,1,1|1|1|1|1|1|1|5|1|3
6670,1,False,1,10,3,3|3|3|2|3|3|3|3|3|3
6677,1,False,1,2,1,1|0|1|1|1|0|1|1|1|1
6682,1,False,1,0,1,1|1|1|1|1|1|1|1|1|1
6685,1,False,1,0,1,1|1|1|1|1|1|1|1|1|1
6710,1,False,1,0,1,1|1|1|1|1|1|1|1|1|1
6712,1,False,1,9,8,0|9|8|4|8|8|2|2|1|9
6720,1,False,1,2,1,1|1|3|1|1|1|1|1|1|3
6735,1,False,1,0,1,1|1|1|1|1|1|1|1|1|1
6741,1,False,1,0,1,1|1|1|1|1|1|1|1|1|1
6755,1,False,1,0,1,1|1|1|1|1|1|1|1|1|1
6766,1,False,1,3,1,1|1|1|3|0|1|1|0|1|1
6780,1,False,1,9,0,0|0|1|0|0|0|0|0|0|0
6783,1,False,1,0,1,1|1|1|1|1|1|1|1|1|1
6806,1,False,1,10,5,5|5|5|5|5|5|5|5|5|5
6816,1,False,1,2,1,5|4|1|1|1|1|1|1|1|1
6837,1,False,1,5,1,2|3|2|2|2|1|1|1|1|1
6846,1,False,1,0,1,1|1|1|1|1|1|1|1|1|1
6848,1,False,1,0,1,1|1|1|1|1|1|1|1|1|1
6867,1,False,1,5,-1,0|1|1|0|0|1|1|1|0|0
6876,1,False,1,0,1,1|1|1|1|1|1|1|1|1|1
6882,1,False,1,1,1,1|1|1|1|0|1|1|1|1|1
6884,1,False,1,0,1,1|1|1|1|1|1|1|1|1|1
6890,1,False,1,0,1,1|1|1|1|1|1|1|1|1|1
6910,1,False,1,0,1,1|1|1|1|1|1|1|1|1|1
6926,1,False,1,8,2,1|2|2|2|2|2|2|2|1|2
6927,1,False,1,0,1,1|1|1|1|1|1|1|1|1|1
6929,1,False,1,0,1,1|1|1|1|1|1|1|1|1|1
6937,1,False,1,0,1,1|1|1|1|1|1|1|1|1|1
6950,1,False,1,4,1,0|1|1|1|1|0|0|0|1|1
6952,1,False,1,0,1,1|1|1|1|1|1|1|1|1|1
6960,1,False,1,1,1,1|1|1|1|4|1|1|1|1|1
6968,1,False,1,0,1,1|1|1|1|1|1|1|1|1|1
6980,1,False,1,0,1,1|1|1|1|1|1|1|1|1|1
6986,1,False,1,0,1,1|1|1|1|1|1|1|1|1|1
6996,1,False,1,0,1,1|1|1|1|1|1|1|1|1|1
7017,1,False,1,0,1,1|1|1|1|1|1|1|1|1|1
7023,1,False,1,0,1,1|1|1|1|1|1|1|1|1|1
7025,1,False,1,7,0,1|0|1|0|0|2|2|2|0|1
7051,1,False,1,0,1,1|1|1|1|1|1|1|1|1|1
7079,1,False,1,7,3,2|3|2|1|3|3|3|3|1|1
7092,1,False,1,0,1,1|1|1|1|1|1|1|1|1|1
7096,1,False,1,10,2,2|3|2|2|2|2|2|2|2|2
7098,1,False,1,10,5,5|4|0|5|4|0|5|5|0|5
7151,1,False,1,0,1,1|1|1|1|1|1|1|1|1|1
7152,1,False,1,9,5,4|4|5|5|5|5|1|5|4|0
7160,1,False,1,10,4,4|4|4|4|4|4|4|4|4|4
7164,1,False,1,10,5,4|5|4|0|5|5|5|5|5|4
7187,1,False,1,0,1,1|1|1|1|1|1|1|1|1|1
7202,1,False,1,0,1,1|1|1|1|1|1|1|1|1|1
7207,1,False,1,0,1,1|1|1|1|1|1|1|1|1|1
7213,1,False,1,2,1,2|1|4|1|1|1|1|1|1|1
7250,1,False,1,0,1,1|1|1|1|1|1|1|1|1|1
7301,1,False,1,0,1,1|1|1|1|1|1|1|1|1|1
7305,1,False,1,10,9,9|9|9|6|6|9|9|3|2|3
7324,1,False,1,0,1,1|1|1|1|1|1|1|1|1|1
7328,1,False,1,0,1,1|1|1|1|1|1|1|1|1|1
7330,1,False,1,5,-1,2|1|1|1|2|2|1|1|2|2
7340,1,False,1,0,1,1|1|1|1|1|1|1|1|1|1
7344,1,False,1,9,2,3|2|2|2|2|1|3|2|2|2
7351,1,False,1,6,0,1|1|0|8|1|0|0|1|0|0
7365,1,False,1,0,1,1|1|1|1|1|1|1|1|1|1
7376,1,False,1,0,1,1|1|1|1|1|1|1|1|1|1
7431,1,False,1,0,1,1|1|1|1|1|1|1|1|1|1
7476,1,False,1,0,1,1|1|1|1|1|1|1|1|1|1
7484,1,False,1,0,1,1|1|1|1|1|1|1|1|1|1
7487,1,False,1,10,4,4|4|4|4|4|4|4|4|4|4
7488,1,False,1,8,4,5|4|4|5|4|1|4|1|5|4
7490,1,False,1,9,3,3|3|0|3|3|3|1|2|2|3
7495,1,False,1,0,1,1|1|1|1|1|1|1|1|1|1
7499,1,False,1,0,1,1|1|1|1|1|1|1|1|1|1
7516,1,False,1,3,1,1|1|1|1|1|1|5|5|5|1
7523,1,False,1,0,1,1|1|1|1|1|1|1|1|1|1
7536,1,False,1,1,1,1|3|1|1|1|1|1|1|1|1
7537,1,False,1,10,0,0|0|2|0|0|2|0|0|5|0
7549,1,False,1,0,1,1|1|1|1|1|1|1|1|1|1
7566,1,False,1,0,1,1|1|1|1|1|1|1|1|1|1
7568,1,False,1,10,5,5|2|2|5|0|5|5|3|3|5
7569,1,False,1,10,2,2|2|2|2|2|2|2|2|2|2
7571,1,False,1,0,1,1|1|1|1|1|1|1|1|1|1
7591,1,False,1,0,1,1|1|1|1|1|1|1|1|1|1
7617,1,False,1,0,1,1|1|1|1|1|1|1|1|1|1
7625,1,False,1,2,1,1|2|1|1|3|1|1|1|1|1
7642,1,False,1,1,1,1|3|1|1|1|1|1|1|1|1
7646,1,False,1,2,1,1|1|1|1|1|1|1|3|2|1
7648,1,False,1,0,1,1|1|1|1|1|1|1|1|1|1
7673,1,False,1,0,1,1|1|1|1|1|1|1|1|1|1
7682,1,False,1,1,1,1|1|1|2|1|1|1|1|1|1
7684,1,False,1,0,1,1|1|1|1|1|1|1|1|1|1
7694,1,False,1,9,2,2|3|2|3|3|2|2|2|1|2
7698,1,False,1,10,4,4|4|4|4|4|4|4|4|4|4
7704,1,False,1,0,1,1|1|1|1|1|1|1|1|1|1
7710,1,False,1,0,1,1|1|1|1|1|1|1|1|1|1
7717,1,False,1,1,1,1|1|1|4|1|1|1|1|1|1
7733,1,False,1,10,3,3|2|3|3|3|3|3|3|3|3
7764,1,False,1,9,5,5|5|5|5|5|1|5|5|5|5
7765,1,False,1,0,1,1|1|1|1|1|1|1|1|1|1
7768,1,False,1,10,-1,0|0|0|2|2|2|2|0|2|0
7769,1,False,1,5,1,2|1|2|3|4|1|1|1|1|3
7795,1,False,1,10,0,0|0|0|0|0|0|0|0|0|0
7796,1,False,1,0,1,1|1|1|1|1|1|1|1|1|1
7798,1,False,1,1,1,1|1|1|1|1|3|1|1|1|1
7799,1,False,1,4,1,1|3|3|3|1|3|1|1|1|1
7809,1,False,1,4,1,1|1|1|1|1|1|2|2|2|2
7815,1,False,1,0,1,1|1|1|1|1|1|1|1|1|1
7821,1,False,1,10,3,3|3|3|3|3|3|3|3|3|3
7823,1,False,1,10,5,5|5|5|5|4|5|5|5|5|5
7824,1,False,1,0,1,1|1|1|1|1|1|1|1|1|1
7844,1,False,1,8,5,3|1|5|5|5|3|5|1|5|5
7845,1,False,1,9,9,6|9|9|9|2|3|1|3|8|9
7849,1,False,1,0,1,1|1|1|1|1|1|1|1|1|1
7860,1,False,1,10,2,2|2|2|2|2|2|2|2|2|2
7863,1,False,1,6,-1,1|2|1|2|3|2|1|1|2|3
7873,1,False,1,0,1,1|1|1|1|1|1|1|1|1|1
7874,1,False,1,0,1,1|1|1|1|1|1|1|1|1|1
7875,1,False,1,2,1,1|1|1|1|1|1|1|3|1|3
7894,1,False,1,6,-1,0|3|0|0|1|0|3|1|1|1
7902,1,False,1,8,5,4|5|5|5|5|1|5|5|5|1
7910,1,False,1,0,1,1|1|1|1|1|1|1|1|1|1
7928,1,False,1,10,0,0|0|8|5|0|8|0|0|8|0
7951,1,False,1,7,0,0|0|0|1|0|0|0|0|1|1
7952,1,False,1,0,1,1|1|1|1|1|1|1|1|1|1
7954,1,False,1,0,1,1|1|1|1|1|1|1|1|1|1
7960,1,False,1,0,1,1|1|1|1|1|1|1|1|1|1
7964,1,False,1,8,0,0|0|0|1|0|0|0|1|0|0
7969,1,False,1,10,5,5|5|4|4|5|5|5|5|4|5
7982,1,False,1,0,1,1|1|1|1|1|1|1|1|1|1
7991,1,False,1,3,1,1|1|2|1|3|2|1|1|1|1
7994,1,False,1,0,1,1|1|1|1|1|1|1|1|1|1
8003,1,False,1,10,6,6|6|6|6|6|6|6|6|6|6
8005,1,False,1,0,1,1|1|1|1|1|1|1|1|1|1
8011,1,False,1,9,3,3|3|3|1|3|3|3|2|3|3
8016,1,False,1,1,1,1|1|1|1|3|1|1|1|1|1
8018,1,False,1,0,1,1|1|1|1|1|1|1|1|1|1
8020,1,False,1,10,2,3|3|0|3|3|2|2|2|2|2
8030,1,False,1,1,1,1|1|1|0|1|1|1|1|1|1
8038,1,False,1,1,1,1|1|1|1|1|1|1|1|2|1
8050,1,False,1,0,1,1|1|1|1|1|1|1|1|1|1
8056,1,False,1,1,1,1|1|0|1|1|1|1|1|1|1
8058,1,False,1,2,1,1|1|1|4|4|1|1|1|1|1
8063,1,False,1,10,3,3|3|3|2|3|3|2|3|2|2
8065,1,False,1,0,1,1|1|1|1|1|1|1|1|1|1
8068,1,False,1,0,1,1|1|1|1|1|1|1|1|1|1
8070,1,False,1,0,1,1|1|1|1|1|1|1|1|1|1
8078,1,False,1,0,1,1|1|1|1|1|1|1|1|1|1
8081,1,False,1,0,1,1|1|1|1|1|1|1|1|1|1
8086,1,False,1,0,1,1|1|1|1|1|1|1|1|1|1
8097,1,False,1,0,1,1|1|1|1|1|1|1|1|1|1
8113,1,False,1,0,1,1|1|1|1|1|1|1|1|1|1
8119,1,False,1,10,4,4|4|4|4|4|4|4|4|4|4
8125,1,False,1,0,1,1|1|1|1|1|1|1|1|1|1
8128,1,False,1,4,1,1|1|0|1|1|0|1|0|0|1
8134,1,False,1,10,4,2|4|2|0|4|4|2|4|4|4
8155,1,False,1,9,0,0|1|0|0|0|2|0|0|2|0
8159,1,False,1,0,1,1|1|1|1|1|1|1|1|1|1
8164,1,False,1,0,1,1|1|1|1|1|1|1|1|1|1
8185,1,False,1,7,5,1|5|5|1|5|5|5|1|5|5
8196,1,False,1,1,1,1|1|1|1|1|1|1|1|2|1
8201,1,False,1,0,1,1|1|1|1|1|1|1|1|1|1
8214,1,False,1,8,0,0|0|0|1|0|0|1|0|0|0
8218,1,False,1,0,1,1|1|1|1|1|1|1|1|1|1
8223,1,False,1,7,0,1|3|0|0|1|0|0|1|0|0
8224,1,False,1,2,1,1|1|2|2|1|1|1|1|1|1
8231,1,False,1,8,2,2|1|2|2|3|2|3|2|1|2
8242,1,False,1,10,2,2|2|2|2|2|2|2|3|3|3
8248,1,False,1,5,1,0|5|1|1|0|0|1|1|0|1
8250,1,False,1,0,1,1|1|1|1|1|1|1|1|1|1
8254,1,False,1,0,1,1|1|1|1|1|1|1|1|1|1
8264,1,False,1,7,-1,5|3|2|1|1|1|2|5|5|3
8265,1,False,1,5,1,0|1|1|0|3|1|1|0|0|1
8273,1,False,1,0,1,1|1|1|1|1|1|1|1|1|1
8283,1,False,1,0,1,1|1|1|1|1|1|1|1|1|1
8308,1,False,1,0,1,1|1|1|1|1|1|1|1|1|1
8312,1,False,1,0,1,1|1|1|1|1|1|1|1|1|1
8314,1,False,1,3,1,1|1|1|3|5|1|1|5|1|1
8318,1,False,1,1,1,1|1|1|1|1|1|3|1|1|1
8324,1,False,1,1,1,1|1|1|1|1|1|2|1|1|1
8356,1,False,1,1,1,1|1|1|1|1|1|1|2|1|1
8365,1,False,1,0,1,1|1|1|1|1|1|1|1|1|1
8368,1,False,1,5,-1,1|0|0|1|1|0|1|0|0|1
8385,1,False,1,0,1,1|1|1|1|1|1|1|1|1|1
8391,1,False,1,0,1,1|1|1|1|1|1|1|1|1|1
8393,1,False,1,0,1,1|1|1|1|1|1|1|1|1|1
8398,1,False,1,1,1,1|1|1|1|1|1|1|1|1|2
8419,1,False,1,0,1,1|1|1|1|1|1|1|1|1|1
8425,1,False,1,0,1,1|1|1|1|1|1|1|1|1|1
8427,1,False,1,0,1,1|1|1|1|1|1|1|1|1|1
8451,1,False,1,0,1,1|1|1|1|1|1|1|1|1|1
8452,1,False,1,0,1,1|1|1|1|1|1|1|1|1|1
8464,1,False,1,6,1,3|3|1|2|3|2|1|1|2|1
8473,1,False,1,0,1,1|1|1|1|1|1|1|1|1|1
8493,1,False,1,3,1,5|1|5|1|1|5|1|1|1|1
8497,1,False,1,9,5,4|5|5|4|4|5|1|5|5|4
8514,1,False,1,2,1,1|1|1|1|1|1|2|1|1|3
8529,1,False,1,1,1,1|1|1|3|1|1|1|1|1|1
8549,1,False,1,0,1,1|1|1|1|1|1|1|1|1|1
8559,1,False,1,0,1,1|1|1|1|1|1|1|1|1|1
8572,1,False,1,0,1,1|1|1|1|1|1|1|1|1|1
8587,1,False,1,10,0,0|0|0|4|4|6|0|4|6|0
8599,1,False,1,0,1,1|1|1|1|1|1|1|1|1|1
8603,1,False,1,1,1,1|3|1|1|1|1|1|1|1|1
8604,1,False,1,0,1,1|1|1|1|1|1|1|1|1|1
8616,1,False,1,8,0,0|1|0|0|0|2|0|0|1|0
8625,1,False,1,1,1,1|1|1|1|3|1|1|1|1|1
8631,1,False,1,7,0,0|0|0|0|0|1|1|0|1|0
8644,1,False,1,10,2,3|2|2|3|2|2|2|2|2|3
8649,1,False,1,10,2,5|5|2|2|2|3|2|2|5|5
8660,1,False,1,10,0,3|0|0|3|0|0|0|0|2|0
8672,1,False,1,10,0,0|0|0|0|0|0|0|0|0|0
8673,1,False,1,0,1,1|1|1|1|1|1|1|1|1|1
8676,1,False,1,0,1,1|1|1|1|1|1|1|1|1|1
8690,1,False,1,0,1,1|1|1|1|1|1|1|1|1|1
8703,1,False,1,8,3,0|1|0|2|1|3|3|0|3|3
8733,1,False,1,0,1,1|1|1|1|1|1|1|1|1|1
8739,1,False,1,1,1,1|1|1|3|1|1|1|1|1|1
8749,1,False,1,2,1,1|1|1|0|1|0|1|1|1|1
8758,1,False,1,0,1,1|1|1|1|1|1|1|1|1|1
8771,1,False,1,10,0,9|9|8|0|0|9|0|8|0|0
8795,1,False,1,8,2,2|1|1|2|0|0|2|2|2|0
8820,1,False,1,10,3,3|3|2|2|0|3|3|0|5|3
8830,1,False,1,1,1,1|1|1|1|1|1|1|1|5|1
8871,1,False,1,10,2,2|2|2|2|2|2|2|2|2|2
8872,1,False,1,9,2,1|0|2|3|3|2|2|2|2|2
8877,1,False,1,10,9,5|9|9|9|4|8|9|5|5|0
8889,1,False,1,0,1,1|1|1|1|1|1|1|1|1|1
8891,1,False,1,10,0,0|0|0|0|0|0|0|0|0|0
8899,1,False,1,0,1,1|1|1|1|1|1|1|1|1|1
8903,1,False,1,0,1,1|1|1|1|1|1|1|1|1|1
8935,1,False,1,10,0,0|0|0|0|0|0|0|0|0|0
8939,1,False,1,10,3,3|4|0|0|2|3|3|5|4|3
8950,1,False,1,0,1,1|1|1|1|1|1|1|1|1|1
8954,1,False,1,6,1,0|1|3|4|1|5|1|0|5|1
8957,1,False,1,5,-1,1|0|1|1|0|0|1|0|0|1
8962,1,False,1,4,1,3|1|3|1|5|1|1|3|1|1
8970,1,False,1,8,0,0|1|1|0|5|0|0|0|4|0
8979,1,False,1,0,1,1|1|1|1|1|1|1|1|1|1
8982,1,False,1,0,1,1|1|1|1|1|1|1|1|1|1
8989,1,False,1,0,1,1|1|1|1|1|1|1|1|1|1
8990,1,False,1,1,1,1|1|1|0|1|1|1|1|1|1
9005,1,False,1,0,1,1|1|1|1|1|1|1|1|1|1
9033,1,False,1,0,1,1|1|1|1|1|1|1|1|1|1
9036,1,False,1,1,1,0|1|1|1|1|1|1|1|1|1
9091,1,False,1,1,1,1|1|2|1|1|1|1|1|1|1
9097,1,False,1,0,1,1|1|1|1|1|1|1|1|1|1
9099,1,False,1,0,1,1|1|1|1|1|1|1|1|1|1
9130,1,False,1,9,4,0|4|6|4|4|4|4|1|4|4
9131,1,False,1,0,1,1|1|1|1|1|1|1|1|1|1
9144,1,False,1,0,1,1|1|1|1|1|1|1|1|1|1
9150,1,False,1,6,4,4|4|1|1|1|4|4|1|4|4
9176,1,False,1,0,1,1|1|1|1|1|1|1|1|1|1
9181,1,False,1,5,1,1|3|1|1|3|2|2|1|2|1
9183,1,False,1,10,3,3|3|3|2|3|3|3|2|3|3
9187,1,False,1,1,1,1|1|1|1|1|1|3|1|1|1
9193,1,False,1,0,1,1|1|1|1|1|1|1|1|1|1
9197,1,False,1,9,0,0|0|0|1|0|0|0|0|0|0
9209,1,False,1,1,1,1|1|1|1|5|1|1|1|1|1
9230,1,False,1,0,1,1|1|1|1|1|1|1|1|1|1
9236,1,False,1,8,3,1|3|2|3|4|3|3|3|3|1
9237,1,False,1,0,1,1|1|1|1|1|1|1|1|1|1
9239,1,False,1,0,1,1|1|1|1|1|1|1|1|1|1
9249,1,False,1,0,1,1|1|1|1|1|1|1|1|1|1
9261,1,False,1,0,1,1|1|1|1|1|1|1|1|1|1
9263,1,False,1,0,1,1|1|1|1|1|1|1|1|1|1
9265,1,False,1,10,2,2|2|2|2|2|2|2|2|2|2
9271,1,False,1,0,1,1|1|1|1|1|1|1|1|1|1
9291,1,False,1,10,0,0|0|0|0|0|0|0|0|0|0
9313,1,False,1,10,0,0|0|0|3|0|0|3|3|0|0
9318,1,False,1,4,1,1|0|1|1|1|0|1|0|0|1
9326,1,False,1,1,1,1|0|1|1|1|1|1|1|1|1
9328,1,False,1,10,4,4|4|5|4|4|4|4|4|4|4
9329,1,False,1,3,1,0|1|1|0|1|0|1|1|1|1
9330,1,False,1,0,1,1|1|1|1|1|1|1|1|1|1
9336,1,False,1,0,1,1|1|1|1|1|1|1|1|1|1
9337,1,False,1,0,1,1|1|1|1|1|1|1|1|1|1
9344,1,False,1,0,1,1|1|1|1|1|1|1|1|1|1
9349,1,False,1,10,2,2|2|3|2|2|2|2|2|2|2
9352,1,False,1,10,8,8|8|8|8|8|9|9|0|5|9
9355,1,False,1,0,1,1|1|1|1|1|1|1|1|1|1
9357,1,False,1,1,1,1|1|1|3|1|1|1|1|1|1
9361,1,False,1,0,1,1|1|1|1|1|1|1|1|1|1
9375,1,False,1,6,2,1|2|2|1|1|2|2|1|4|2
9376,1,False,1,0,1,1|1|1|1|1|1|1|1|1|1
9378,1,False,1,10,3,3|3|3|0|0|3|3|2|3|2
9388,1,False,1,0,1,1|1|1|1|1|1|1|1|1|1
9389,1,False,1,0,1,1|1|1|1|1|1|1|1|1|1
9412,1,False,1,2,1,1|1|1|1|1|5|1|1|5|1
9423,1,False,1,1,1,1|1|1|0|1|1|1|1|1|1
9430,1,False,1,10,0,0|0|0|0|0|0|0|0|0|0
9479,1,False,1,0,1,1|1|1|1|1|1|1|1|1|1
9491,1,False,1,2,1,1|1|1|2|1|1|2|1|1|1
9498,1,False,1,4,1,1|1|3|3|1|1|1|3|1|3
9503,1,False,1,6,-1,0|0|0|1|0|1|1|1|2|7
9529,1,False,1,2,1,1|1|1|1|5|5|1|1|1|1
9532,1,False,1,10,2,2|3|0|2|2|3|2|3|2|5
9541,1,False,1,10,3,2|2|3|3|3|4|2|3|3|3
9542,1,False,1,1,1,1|1|0|1|1|1|1|1|1|1
9548,1,False,1,8,3,5|5|3|3|1|4|3|2|3|1
9551,1,False,1,0,1,1|1|1|1|1|1|1|1|1|1
9576,1,False,1,0,1,1|1|1|1|1|1|1|1|1|1
9583,1,False,1,10,-1,6|9|9|9|6|9|6|6|9|6
9593,1,False,1,8,3,3|3|3|3|1|3|3|1|3|3
9604,1,False,1,9,5,1|5|9|0|0|5|5|5|5|0
9615,1,False,1,10,0,0|0|0|0|0|0|0|0|0|0
9620,1,False,1,9,3,3|3|3|1|3|3|3|3|3|3
9710,1,False,1,0,1,1|1|1|1|1|1|1|1|1|1
9720,1,False,1,0,1,1|1|1|1|1|1|1|1|1|1
9728,1,False,1,0,1,1|1|1|1|1|1|1|1|1|1
9735,1,False,1,4,1,1|1|2|2|1|1|1|2|3|1
9751,1,False,1,10,4,4|4|4|4|4|4|4|4|4|4
9773,1,False,1,7,4,4|1|4|4|4|4|1|4|4|1
9781,1,False,1,1,1,1|3|1|1|1|1|1|1|1|1
9782,1,False,1,0,1,1|1|1|1|1|1|1|1|1|1
9783,1,False,1,5,-1,1|3|1|1|1|3|3|1|3|3
9788,1,False,1,7,5,8|5|5|1|5|5|1|5|1|4
9790,1,False,1,0,1,1|1|1|1|1|1|1|1|1|1
9793,1,False,1,0,1,1|1|1|1|1|1|1|1|1|1
9795,1,False,1,8,5,5|5|5|1|5|5|5|5|5|1
9816,1,False,1,0,1,1|1|1|1|1|1|1|1|1|1
9817,1,False,1,10,0,0|0|0|0|0|0|0|0|0|0
9820,1,False,1,1,1,2|1|1|1|1|1|1|1|1|1
9840,1,False,1,0,1,1|1|1|1|1|1|1|1|1|1
9841,1,False,1,10,5,5|5|5|5|5|5|5|5|5|5
9846,1,False,1,0,1,1|1|1|1|1|1|1|1|1|1
9853,1,False,1,0,1,1|1|1|1|1|1|1|1|1|1
9855,1,False,1,5,1,5|4|1|0|0|1|1|1|1|0
9861,1,False,1,4,1,1|1|1|0|1|0|1|1|0|0
9896,1,False,1,0,1,1|1|1|1|1|1|1|1|1|1
9900,1,False,1,10,0,0|0|0|0|0|0|0|2|0|0
9924,1,False,1,0,1,1|1|1|1|1|1|1|1|1|1
9930,1,False,1,1,1,1|1|1|0|1|1|1|1|1|1
9945,1,False,1,0,1,1|1|1|1|1|1|1|1|1|1
9971,1,False,1,0,1,1|1|1|1|1|1|1|1|1|1
9976,1,False,1,9,2,2|3|3|2|2|2|2|2|1|2
9996,1,False,1,1,1,1|1|0|1|1|1|1|1|1|1
10005,1,False,1,4,1,1|1|2|1|1|1|3|1|0|3
10010,1,False,1,0,1,1|1|1|1|1|1|1|1|1|1
10014,1,False,1,0,1,1|1|1|1|1|1|1|1|1|1
10040,1,False,1,0,1,1|1|1|1|1|1|1|1|1|1
10041,1,False,1,7,2,2|2|2|1|1|2|2|2|2|1
10055,1,False,1,5,-1,2|1|2|1|2|1|2|2|1|1
10056,1,False,1,0,1,1|1|1|1|1|1|1|1|1|1
10063,1,False,1,0,1,1|1|1|1|1|1|1|1|1|1
10078,2,False,2,5,2,5|2|2|3|5|5|2|5|2|2
10082,2,False,2,8,1,1|1|1|0|1|1|1|2|2|1
10085,2,False,2,6,3,3|3|3|2|3|3|3|2|2|2
10087,2,False,2,7,3,3|2|2|2|3|3|3|3|3|3
10088,2,False,2,10,3,3|3|3|3|3|3|3|3|3|3
10099,2,False,2,7,3,2|2|3|3|2|3|3|3|3|3
10100,2,False,2,0,2,2|2|2|2|2|2|2|2|2|2
10110,2,False,2,9,5,5|5|2|5|5|5|5|5|5|5
10139,2,False,2,4,2,3|3|2|2|3|3|2|2|2|2
10154,2,False,2,2,2,2|2|2|2|3|0|2|2|2|2
10155,2,False,2,8,0,2|0|1|0|0|0|0|2|1|1
10156,2,False,2,5,-1,2|2|2|3|3|3|2|3|3|2
10162,2,False,2,1,2,2|2|2|2|1|2|2|2|2|2
10175,2,False,2,8,7,7|7|7|7|5|0|7|2|0|2
10181,2,False,2,0,2,2|2|2|2|2|2|2|2|2|2
10186,2,False,2,1,2,2|2|2|2|2|2|2|0|2|2
10187,2,False,2,8,1,1|2|1|1|1|2|0|0|0|1
10195,2,False,2,8,9,2|9|9|8|9|9|1|2|9|9
10208,2,False,2,7,5,2|4|5|2|2|3|5|5|5|4
10214,2,False,2,3,2,3|2|2|2|2|2|3|6|2|2
10216,2,False,2,10,0,0|0|0|0|0|0|0|9|8|0
10220,2,False,2,0,2,2|2|2|2|2|2|2|2|2|2
10224,2,False,2,7,0,0|3|0|2|0|3|0|2|2|0
10230,2,False,2,8,3,3|2|3|3|3|3|2|3|3|3
10265,2,False,2,2,2,2|2|3|2|2|2|2|1|2|2
10271,2,False,2,8,3,3|2|3|3|3|3|2|3|3|3
10274,2,False,2,10,3,3|3|3|3|3|3|3|3|3|3
10281,2,False,2,7,-1,1|1|2|2|4|0|3|5|2|1
10290,2,False,2,1,2,2|2|2|2|2|3|2|2|2|2
10298,2,False,2,9,3,3|3|3|3|3|3|3|2|3|3
10336,2,False,2,10,8,0|8|8|8|8|0|8|8|8|8
10339,2,False,2,6,3,2|2|3|2|3|3|2|3|3|3
10357,2,False,2,0,2,2|2|2|2|2|2|2|2|2|2
10358,2,False,2,10,3,3|3|3|3|3|3|3|3|3|3
10384,2,False,2,3,2,3|2|2|2|2|2|3|2|2|3
10385,2,False,2,9,3,3|1|3|3|3|2|3|3|1|3
10392,2,False,2,9,5,5|5|5|2|0|5|1|5|5|1
10402,2,False,2,0,2,2|2|2|2|2|2|2|2|2|2
10404,2,False,2,10,1,1|1|1|1|1|1|1|1|1|1
10415,2,False,2,0,2,2|2|2|2|2|2|2|2|2|2
10423,2,False,2,0,2,2|2|2|2|2|2|2|2|2|2
10426,2,False,2,5,-1,2|2|3|3|3|2|2|3|3|2
10437,2,False,2,10,6,6|6|6|9|6|6|6|6|6|6
10438,2,False,2,3,2,2|2|3|2|2|2|2|5|3|2
10440,2,False,2,10,3,3|3|3|5|3|3|3|1|3|3
10442,2,False,2,3,2,2|2|2|2|2|3|3|3|2|2
10453,2,False,2,4,2,2|2|3|2|3|3|2|2|3|2
10462,2,False,2,0,2,2|2|2|2|2|2|2|2|2|2
10471,2,False,2,7,3,3|3|3|2|3|3|2|3|3|2
10487,2,False,2,10,4,4|4|4|4|4|4|4|5|4|4
10493,2,False,2,0,2,2|2|2|2|2|2|2|2|2|2
10497,2,False,2,8,0,0|0|2|2|0|0|0|0|0|0
10504,2,False,2,8,3,3|3|3|2|2|3|3|3|3|3
10505,2,False,2,9,7,6|7|4|6|4|2|7|7|4|7
10506,2,False,2,0,2,2|2|2|2|2|2|2|2|2|2
10510,2,False,2,10,1,1|1|1|1|1|1|1|1|1|1
10525,2,False,2,9,3,3|3|7|3|2|3|3|3|3|3
10549,2,False,2,1,2,3|2|2|2|2|2|2|2|2|2
10570,2,False,2,6,3,2|3|3|2|3|3|2|2|3|3
10575,2,False,2,1,2,2|2|2|2|2|2|2|3|2|2
10577,2,False,2,7,3,3|2|3|2|3|5|2|3|3|3
10579,2,False,2,0,2,2|2|2|2|2|2|2|2|2|2
10581,2,False,2,0,2,2|2|2|2|2|2|2|2|2|2
10595,2,False,2,10,1,1|1|0|1|1|1|1|1|1|1
10609,2,False,2,0,2,2|2|2|2|2|2|2|2|2|2
10616,2,False,2,8,1,1|3|2|6|6|2|1|1|6|1
10625,2,False,2,4,2,2|3|3|2|3|3|2|2|2|2
10629,2,False,2,5,2,2|8|5|2|2|1|2|2|1|1
10633,2,False,2,6,3,3|3|2|2|3|3|3|2|3|2
10635,2,False,2,6,3,3|3|3|3|2|2|2|3|3|2
10645,2,False,2,1,2,2|2|2|2|2|2|2|3|2|2
10653,2,False,2,5,-1,3|2|2|2|3|2|3|3|3|2
10654,2,False,2,6,-1,1|3|0|2|3|2|2|2|3|3
10671,2,False,2,6,-1,1|1|2|2|1|2|1|0|3|2
10681,2,False,2,3,2,3|1|2|3|2|2|2|2|2|2
10726,2,False,2,0,2,2|2|2|2|2|2|2|2|2|2
10746,2,False,2,3,2,2|2|2|3|3|2|2|3|2|2
10755,2,False,2,9,0,0|0|0|0|0|0|1|2|0|0
10817,2,False,2,10,8,8|8|8|8|1|8|8|8|8|0
10838,2,False,2,3,2,2|2|3|2|2|2|2|3|3|2
10840,2,False,2,0,2,2|2|2|2|2|2|2|2|2|2
10841,2,False,2,1,2,2|2|2|3|2|2|2|2|2|2
10844,2,False,2,0,2,2|2|2|2|2|2|2|2|2|2
10849,2,False,2,4,2,2|1|2|2|2|3|2|3|3|2
10852,2,False,2,10,3,3|3|3|3|3|3|3|3|3|3
10853,2,False,2,0,2,2|2|2|2|2|2|2|2|2|2
10856,2,False,2,7,3,3|3|3|2|3|3|3|2|2|3
10869,2,False,2,5,2,2|3|3|3|2|8|2|3|2|2
10871,2,False,2,0,2,2|2|2|2|2|2|2|2|2|2
10886,2,False,2,10,0,0|0|0|3|3|0|0|3|0|0
10895,2,False,2,9,1,2|1|1|3|1|1|1|3|1|1
10896,2,False,2,0,2,2|2|2|2|2|2|2|2|2|2
10903,2,False,2,0,2,2|2|2|2|2|2|2|2|2|2
10904,2,False,2,2,2,2|2|2|2|2|3|2|2|3|2
10926,2,False,2,10,0,0|0|0|1|0|0|0|9|0|0
10939,2,False,2,9,1,1|1|1|2|1|0|0|1|1|1
10950,2,False,2,0,2,2|2|2|2|2|2|2|2|2|2
10982,2,False,2,0,2,2|2|2|2|2|2|2|2|2|2
10998,2,False,2,10,8,8|8|8|9|8|8|8|8|8|8
11003,2,False,2,0,2,2|2|2|2|2|2|2|2|2|2
11019,2,False,2,9,3,3|3|3|2|3|0|3|3|3|3
11066,2,False,2,0,2,2|2|2|2|2|2|2|2|2|2
11075,2,False,2,3,2,2|3|1|2|2|2|2|1|2|2
11076,2,False,2,6,3,2|3|2|3|3|2|1|3|3|2
11083,2,False,2,0,2,2|2|2|2|2|2|2|2|2|2
11086,2,False,2,6,2,0|2|2|2|0|6|0|2|6|6
11087,2,False,2,0,2,2|2|2|2|2|2|2|2|2|2
11093,2,False,2,9,3,3|3|2|3|3|3|3|3|3|3
11114,2,False,2,4,2,2|3|2|2|3|2|2|1|3|2
11119,2,False,2,0,2,2|2|2|2|2|2|2|2|2|2
11126,2,False,2,6,3,3|3|2|2|2|3|3|3|2|3
11134,2,False,2,7,3,7|3|2|3|3|2|2|3|3|1
11137,2,False,2,2,2,2|2|2|5|2|2|2|2|5|2
11138,2,False,2,0,2,2|2|2|2|2|2|2|2|2|2
11139,2,False,2,0,2,2|2|2|2|2|2|2|2|2|2
11144,2,False,2,0,2,2|2|2|2|2|2|2|2|2|2
11165,2,False,2,0,2,2|2|2|2|2|2|2|2|2|2
11173,2,False,2,10,6,6|6|6|6|6|6|6|6|6|6
11184,2,False,2,9,1,1|1|1|1|1|0|2|1|1|1
11185,2,False,2,0,2,2|2|2|2|2|2|2|2|2|2
11199,2,False,2,5,-1,2|2|3|2|3|3|3|2|3|2
11204,2,False,2,10,3,3|3|3|3|3|3|3|3|3|3
11217,2,False,2,1,2,2|2|2|2|2|2|2|2|2|3
11246,2,False,2,10,8,8|9|8|8|8|9|8|8|9|1
11260,2,False,2,9,3,3|2|3|3|3|3|3|3|3|3
11266,2,False,2,0,2,2|2|2|2|2|2|2|2|2|2
11269,2,False,2,4,2,0|0|1|0|2|2|2|2|2|2
11282,2,False,2,0,2,2|2|2|2|2|2|2|2|2|2
11286,2,False,2,0,2,2|2|2|2|2|2|2|2|2|2
11336,2,False,2,3,2,2|2|2|2|3|2|2|2|3|1
11338,2,False,2,9,1,1|1|1|1|1|1|2|1|1|1
11348,2,False,2,2,2,3|2|2|2|2|2|2|3|2|2
11364,2,False,2,10,1,1|1|1|1|1|1|1|0|1|1
11371,2,False,2,0,2,2|2|2|2|2|2|2|2|2|2
11394,2,False,2,0,2,2|2|2|2|2|2|2|2|2|2
11400,2,False,2,6,3,2|3|3|2|2|3|2|3|3|3
11416,2,False,2,5,-1,2|2|3|2|2|2|3|3|3|3
11418,2,False,2,9,3,3|3|2|3|1|3|3|5|3|3
11432,2,False,2,8,0,2|0|2|0|0|0|0|0|0|0
11433,2,False,2,0,2,2|2|2|2|2|2|2|2|2|2
11446,2,False,2,2,2,2|2|2|3|2|2|2|2|3|2
11456,2,False,2,3,2,2|4|2|2|2|2|5|2|4|2
11457,2,False,2,6,2,2|1|1|2|3|2|2|3|1|3
11459,2,False,2,10,6,6|6|6|6|6|6|6|6|6|6
11499,2,False,2,0,2,2|2|2|2|2|2|2|2|2|2
11503,2,False,2,0,2,2|2|2|2|2|2|2|2|2|2
11507,2,False,2,10,0,0|0|0|0|0|0|0|0|0|0
11516,2,False,2,4,2,2|2|3|3|2|2|2|3|3|2
11540,2,False,2,10,-1,5|1|5|4|4|1|4|5|5|4
11548,2,False,2,9,3,3|2|3|3|3|3|3|3|3|3
11555,2,False,2,0,2,2|2|2|2|2|2|2|2|2|2
11556,2,False,2,7,3,3|3|3|2|3|3|2|3|3|2
11565,2,False,2,10,0,0|0|0|0|0|0|0|0|0|0
11586,2,False,2,1,2,2|2|2|2|3|2|2|2|2|2
11589,2,False,2,0,2,2|2|2|2|2|2|2|2|2|2
11593,2,False,2,3,2,2|2|2|2|3|3|2|2|2|3
11594,2,False,2,7,0,2|0|0|0|0|0|2|0|2|0
11617,2,False,2,0,2,2|2|2|2|2|2|2|2|2|2
11627,2,False,2,6,0,0|0|2|0|2|0|2|2|0|0
11635,2,False,2,0,2,2|2|2|2|2|2|2|2|2|2
11676,2,False,2,10,3,3|3|3|3|3|3|3|3|3|3
11678,2,False,2,1,2,2|2|2|3|2|2|2|2|2|2
11679,2,False,2,1,2,2|2|2|2|2|3|2|2|2|2
11690,2,False,2,5,-1,3|2|3|2|3|2|2|2|3|3
11738,2,False,2,10,3,3|3|3|5|3|3|3|3|3|3
11745,2,False,2,9,3,4|2|3|3|3|3|3|5|3|4
11747,2,False,2,3,2,3|2|2|2|3|2|2|2|3|2
11761,2,False,2,10,4,4|4|4|4|4|5|4|4|4|5
11784,2,False,2,0,2,2|2|2|2|2|2|2|2|2|2
11788,2,False,2,4,2,2|2|2|2|3|3|2|2|3|3
11792,2,False,2,1,2,2|3|2|2|2|2|2|2|2|2
11795,2,False,2,0,2,2|2|2|2|2|2|2|2|2|2
11807,2,False,2,0,2,2|2|2|2|2|2|2|2|2|2
11808,2,False,2,0,2,2|2|2|2|2|2|2|2|2|2
11820,2,False,2,0,2,2|2|2|2|2|2|2|2|2|2
11821,2,False,2,9,4,3|3|4|2|4|4|4|3|4|3
11826,2,False,2,1,2,4|2|2|2|2|2|2|2|2|2
11831,2,False,2,2,2,2|2|2|2|3|2|2|2|3|2
11833,2,False,2,5,2,5|2|2|2|2|2|3|0|4|0
11835,2,False,2,9,3,3|3|3|3|3|2|3|3|3|3
11837,2,False,2,10,3,3|3|3|3|3|3|3|3|3|3
11841,2,False,2,8,3,2|3|3|3|3|3|3|2|3|3
11842,2,False,2,0,2,2|2|2|2|2|2|2|2|2|2
11844,2,False,2,6,3,3|3|2|2|3|1|3|2|2|3
11847,2,False,2,5,-1,2|2|2|2|3|3|2|3|3|3
11855,2,False,2,8,3,3|3|3|2|3|3|3|2|3|3
11860,2,False,2,10,3,3|3|3|3|3|3|3|3|3|3
11867,2,False,2,9,3,3|3|3|3|3|3|2|3|3|3
11868,2,False,2,6,-1,2|9|2|2|2|0|8|8|8|8
11873,2,False,2,0,2,2|2|2|2|2|2|2|2|2|2
11898,2,False,2,9,0,0|0|0|0|2|0|0|0|0|0
11905,2,False,2,7,1,1|2|1|2|1|1|2|1|1|1
11925,2,False,2,2,2,3|2|2|2|2|2|2|2|3|2
11936,2,False,2,0,2,2|2|2|2|2|2|2|2|2|2
11939,2,False,2,0,2,2|2|2|2|2|2|2|2|2|2
11949,2,False,2,2,2,2|2|2|2|3|2|3|2|2|2
11952,2,False,2,7,3,2|3|3|2|3|2|3|3|3|3
11973,2,False,2,8,3,6|3|2|3|3|3|3|3|2|3
11975,2,False,2,10,3,3|3|3|3|3|3|3|3|3|3
11982,2,False,2,4,2,2|2|3|2|2|2|2|3|3|3
11983,2,False,2,6,-1,9|2|5|9|8|9|2|2|2|9
11984,2,False,2,6,3,2|2|6|2|3|3|2|3|3|3
11993,2,False,2,0,2,2|2|2|2|2|2|2|2|2|2
12019,2,False,2,0,2,2|2|2|2|2|2|2|2|2|2
12021,2,False,2,0,2,2|2|2|2|2|2|2|2|2|2
12024,2,False,2,0,2,2|2|2|2|2|2|2|2|2|2
12032,2,False,2,10,7,7|7|7|8|7|7|7|7|8|7
12039,2,False,2,1,2,2|2|2|8|2|2|2|2|2|2
12056,2,False,2,10,8,0|3|8|8|3|0|1|8|8|3
12078,2,False,2,10,8,8|0|8|0|8|8|8|8|8|8
12109,2,False,2,4,2,2|2|2|2|3|3|2|3|3|2
12147,2,False,2,6,3,3|3|3|3|2|2|2|3|3|2
12151,2,False,2,2,2,2|2|2|2|0|2|2|2|4|2
12153,2,False,2,1,2,2|2|2|2|2|2|2|2|3|2
12161,2,False,2,9,3,3|3|3|3|3|3|3|3|2|3
12173,2,False,2,0,2,2|2|2|2|2|2|2|2|2|2
12216,2,False,2,2,2,2|2|2|2|3|2|2|2|3|2
12241,2,False,2,3,2,0|2|2|2|2|0|2|0|2|2
12243,2,False,2,10,6,6|6|6|3|6|6|6|3|6|6
12270,2,False,2,5,-1,2|3|2|3|3|2|3|3|2|2
12281,2,False,2,10,3,3|3|0|8|3|3|3|3|3|8
12293,2,False,2,10,3,3|3|3|1|1|3|3|3|3|3
12317,2,False,2,10,3,3|3|3|3|3|3|3|3|3|3
12321,2,False,2,10,0,0|0|0|0|0|0|0|0|6|0
12327,2,False,2,10,3,3|3|3|3|3|3|3|3|3|3
12328,2,False,2,1,2,2|2|2|3|2|2|2|2|2|2
12329,2,False,2,5,-1,2|3|2|2|3|3|2|2|3|3
12344,2,False,2,7,1,1|3|2|3|2|1|1|3|2|1
12352,2,False,2,0,2,2|2|2|2|2|2|2|2|2|2
12381,2,False,2,5,2,2|2|2|0|2|1|2|5|1|4
12393,2,False,2,5,2,2|1|2|1|1|2|2|3|2|3
12401,2,False,2,9,0,0|8|1|0|8|0|2|3|8|0
12410,2,False,2,0,2,2|2|2|2|2|2|2|2|2|2
12415,2,False,2,2,2,2|2|2|2|2|1|2|2|2|3
12439,2,False,2,2,2,2|2|2|2|2|2|2|2|3|3
12499,2,False,2,0,2,2|2|2|2|2|2|2|2|2|2
12500,2,False,2,9,3,3|3|3|2|3|3|3|3|3|3
12507,2,False,2,0,2,2|2|2|2|2|2|2|2|2|2
12559,2,False,2,0,2,2|2|2|2|2|2|2|2|2|2
12564,2,False,2,9,3,3|3|3|3|3|3|2|3|3|3
12565,2,False,2,0,2,2|2|2|2|2|2|2|2|2|2
12567,2,False,2,10,0,0|5|3|0|0|5|1|3|5|0
12568,2,False,2,1,2,2|2|3|2|2|2|2|2|2|2
12578,2,False,2,1,2,2|2|2|4|2|2|2|2|2|2
12579,2,False,2,10,-1,1|1|3|3|1|1|3|3|1|3
12581,2,False,2,5,2,1|7|2|2|2|1|2|2|1|1
12608,2,False,2,10,9,9|9|9|9|8|8|9|9|9|8
12615,2,False,2,2,2,2|2|2|3|2|2|2|2|3|2
12618,2,False,2,0,2,2|2|2|2|2|2|2|2|2|2
12626,2,False,2,0,2,2|2|2|2|2|2|2|2|2|2
12631,2,False,2,5,2,0|2|3|3|2|9|2|2|8|2
12637,2,False,2,7,3,3|3|3|2|3|3|2|2|1|3
12652,2,False,2,9,3,3|3|3|3|3|3|3|3|2|3
12676,2,False,2,6,0,0|2|2|0|0|2|0|0|2|0
12678,2,False,2,0,2,2|2|2|2|2|2|2|2|2|2
12680,2,False,2,8,3,3|2|3|2|3|3|3|3|3|3
12687,2,False,2,6,-1,2|3|2|3|1|1|3|2|2|3
12692,2,False,2,6,1,1|1|2|1|2|1|2|2|1|1
12695,2,False,2,0,2,2|2|2|2|2|2|2|2|2|2
12696,2,False,2,0,2,2|2|2|2|2|2|2|2|2|2
12703,2,False,2,0,2,2|2|2|2|2|2|2|2|2|2
12706,2,False,2,0,2,2|2|2|2|2|2|2|2|2|2
12707,2,False,2,8,1,1|3|0|1|0|2|1|0|2|1
12724,2,False,2,8,0,3|0|2|3|0|0|1|3|2|0
12726,2,False,2,10,0,0|0|0|0|0|0|0|0|0|0
12739,2,False,2,0,2,2|2|2|2|2|2|2|2|2|2
12761,2,False,2,10,3,3|3|3|3|3|3|3|3|3|3
12762,2,False,2,6,1,2|1|1|1|1|1|2|1|2|2
12782,2,False,2,5,-1,2|3|2|2|2|3|3|2|3|3
12795,2,False,2,10,3,3|5|3|3|3|3|5|3|3|5
12800,2,False,2,0,2,2|2|2|2|2|2|2|2|2|2
12803,2,False,2,10,3,3|3|3|3|3|3|3|3|3|3
12813,2,False,2,10,3,3|3|0|3|3|3|3|3|3|3
12826,2,False,2,10,5,5|5|5|5|3|3|5|3|5|5
12831,2,False,2,4,2,2|2|3|2|2|3|3|2|3|2
12837,2,False,2,10,3,3|3|3|3|3|3|3|3|3|3
12876,2,False,2,9,-1,5|1|2|4|4|3|5|5|3|3
12899,2,False,2,1,2,2|2|2|2|2|2|2|2|1|2
12902,2,False,2,4,2,3|2|1|2|1|2|1|2|2|2
12903,2,False,2,0,2,2|2|2|2|2|2|2|2|2|2
12912,2,False,2,10,3,3|3|3|3|3|3|3|3|3|3
12915,2,False,2,0,2,2|2|2|2|2|2|2|2|2|2
12923,2,False,2,8,3,3|3|2|3|3|3|3|2|3|3
12926,2,False,2,9,3,3|3|3|3|3|3|3|2|3|3
12954,2,False,2,1,2,2|2|2|2|3|2|2|2|2|2
12968,2,False,2,0,2,2|2|2|2|2|2|2|2|2|2
12974,2,False,2,9,3,3|3|3|3|3|2|3|3|3|3
12985,2,False,2,0,2,2|2|2|2|2|2|2|2|2|2
12992,2,False,2,1,2,2|2|2|2|2|2|2|2|0|2
12995,2,False,2,2,2,2|2|2|2|2|3|2|2|3|2
13020,2,False,2,0,2,2|2|2|2|2|2|2|2|2|2
13024,2,False,2,10,3,3|3|3|3|3|3|3|3|3|3
13034,2,False,2,0,2,2|2|2|2|2|2|2|2|2|2
13045,2,False,2,10,3,3|3|3|3|3|3|3|3|3|3
13061,2,False,2,9,3,3|2|3|3|3|4|3|3|3|3
13068,2,False,2,0,2,2|2|2|2|2|2|2|2|2|2
13071,2,False,2,0,2,2|2|2|2|2|2|2|2|2|2
13082,2,False,2,1,2,1|2|2|2|2|2|2|2|2|2
13083,2,False,2,2,2,2|2|2|2|2|2|2|3|3|2
13101,2,False,2,2,2,2|2|2|2|3|2|2|3|2|2
13111,2,False,2,8,0,3|1|0|1|0|0|2|0|2|3
13115,2,False,2,6,3,3|3|2|2|3|3|2|3|3|2
13121,2,False,2,9,1,1|1|1|2|1|1|1|1|1|1
13125,2,False,2,1,2,2|2|2|2|3|2|2|2|2|2
13126,2,False,2,10,8,8|8|8|8|8|8|9|9|8|8
13131,2,False,2,0,2,2|2|2|2|2|2|2|2|2|2
13133,2,False,2,10,1,1|1|1|0|1|1|1|1|1|1
13149,2,False,2,0,2,2|2|2|2|2|2|2|2|2|2
13168,2,False,2,0,2,2|2|2|2|2|2|2|2|2|2
13179,2,False,2,2,2,2|2|2|2|2|3|2|2|3|2
13181,2,False,2,1,2,2|2|8|2|2|2|2|2|2|2
13189,2,False,2,0,2,2|2|2|2|2|2|2|2|2|2
13194,2,False,2,8,0,0|3|1|2|0|1|2|0|1|0
13202,2,False,2,7,6,6|2|2|6|4|6|2|0|6|4
13204,2,False,2,10,5,5|5|5|5|5|1|5|5|5|5
13222,2,False,2,6,1,1|1|2|1|1|2|2|2|1|3
13226,2,False,2,8,8,0|3|2|1|1|2|8|8|8|0
13232,2,False,2,6,2,2|1|0|3|2|1|1|2|0|2
13237,2,False,2,0,2,2|2|2|2|2|2|2|2|2|2
13258,2,False,2,10,5,3|6|3|5|4|5|5|5|6|4
13260,2,False,2,1,2,2|2|2|2|2|2|2|2|2|1
13267,2,False,2,1,2,2|2|2|2|2|2|2|3|2|2
13286,2,False,2,6,0,0|2|0|2|0|0|1|2|2|0
13300,2,False,2,4,2,2|2|1|2|2|0|1|2|0|2
13309,2,False,2,6,-1,2|3|2|2|3|1|1|2|1|1
13311,2,False,2,0,2,2|2|2|2|2|2|2|2|2|2
13314,2,False,2,10,0,0|0|0|9|0|7|0|0|0|0
13315,2,False,2,3,2,2|2|2|2|2|2|3|3|2|3
13322,2,False,2,6,3,3|6|2|3|3|2|2|3|3|2
13344,2,False,2,1,2,2|2|2|2|2|2|5|2|2|2
13359,2,False,2,9,3,3|3|9|5|2|8|4|5|0|3
13362,2,False,2,9,3,3|3|3|2|3|3|3|3|3|3
13373,2,False,2,1,2,2|2|2|2|2|2|2|2|2|3
13376,2,False,2,5,2,7|3|1|2|3|2|2|2|1|2
13386,2,False,2,0,2,2|2|2|2|2|2|2|2|2|2
13392,2,False,2,9,3,3|3|3|2|3|3|3|3|3|3
13397,2,False,2,10,0,0|0|8|6|0|8|0|0|0|0
13405,2,False,2,10,3,3|3|3|3|3|3|3|3|3|3
13417,2,False,2,3,2,2|2|2|3|2|2|2|3|3|2
13418,2,False,2,1,2,3|2|2|2|2|2|2|2|2|2
13421,2,False,2,6,3,2|2|1|2|3|3|2|3|3|3
13423,2,False,2,10,6,6|6|6|6|6|6|6|6|6|6
13430,2,False,2,0,2,2|2|2|2|2|2|2|2|2|2
13437,2,False,2,5,-1,3|2|3|2|3|2|2|3|3|2
13439,2,False,2,0,2,2|2|2|2|2|2|2|2|2|2
13452,2,False,2,0,2,2|2|2|2|2|2|2|2|2|2
13469,2,False,2,0,2,2|2|2|2|2|2|2|2|2|2
13485,2,False,2,1,2,2|2|2|2|3|2|2|2|2|2
13511,2,False,2,2,2,2|2|2|3|2|2|2|2|2|3
13537,2,False,2,2,2,2|2|2|2|2|3|3|2|2|2
13540,2,False,2,0,2,2|2|2|2|2|2|2|2|2|2
13555,2,False,2,2,2,2|2|2|3|1|2|2|2|2|2
13557,2,False,2,0,2,2|2|2|2|2|2|2|2|2|2
13587,2,False,2,8,3,3|3|2|2|3|3|3|3|3|3
13595,2,False,2,0,2,2|2|2|2|2|2|2|2|2|2
13615,2,False,2,10,5,3|5|5|5|5|3|5|3|5|3
13637,2,False,2,10,1,0|1|1|1|1|1|1|3|1|1
13641,2,False,2,3,2,2|3|2|2|3|3|2|2|2|2
13653,2,False,2,0,2,2|2|2|2|2|2|2|2|2|2
13659,2,False,2,1,2,2|3|2|2|2|2|2|2|2|2
13660,2,False,2,9,6,3|3|2|1|6|6|6|6|6|6
13683,2,False,2,0,2,2|2|2|2|2|2|2|2|2|2
13714,2,False,2,10,1,1|3|1|1|1|1|1|1|1|1
13717,2,False,2,1,2,3|2|2|2|2|2|2|2|2|2
13721,2,False,2,7,3,3|2|2|3|3|5|5|2|3|3
13722,2,False,2,0,2,2|2|2|2|2|2|2|2|2|2
13729,2,False,2,0,2,2|2|2|2|2|2|2|2|2|2
13735,2,False,2,0,2,2|2|2|2|2|2|2|2|2|2
13748,2,False,2,5,-1,3|2|3|2|3|3|3|2|2|2
13764,2,False,2,8,3,3|3|3|2|3|3|3|2|3|3
13772,2,False,2,0,2,2|2|2|2|2|2|2|2|2|2
13787,2,False,2,1,2,2|2|2|2|2|2|2|2|2|0
13806,2,False,2,6,2,3|0|2|0|2|3|2|1|2|0
13818,2,False,2,0,2,2|2|2|2|2|2|2|2|2|2
13824,2,False,2,0,2,2|2|2|2|2|2|2|2|2|2
13851,2,False,2,0,2,2|2|2|2|2|2|2|2|2|2
13859,2,False,2,0,2,2|2|2|2|2|2|2|2|2|2
13860,2,False,2,9,3,3|3|1|3|3|3|3|3|2|3
13869,2,False,2,7,3,2|3|3|3|3|2|3|3|2|3
13871,2,False,2,4,2,3|3|2|1|2|2|3|2|2|2
13885,2,False,2,10,8,8|8|8|8|8|8|8|8|8|8
13891,2,False,2,7,1,1|1|1|1|1|1|2|2|1|2
13899,2,False,2,5,-1,2|3|2|3|3|2|2|3|2|3
13908,2,False,2,10,3,3|3|3|3|3|3|3|3|3|3
13925,2,False,2,0,2,2|2|2|2|2|2|2|2|2|2
13927,2,False,2,2,2,2|2|2|3|2|2|3|2|2|2
13929,2,False,2,9,5,5|5|5|2|5|5|5|5|5|5
13930,2,False,2,1,2,2|2|2|2|2|2|2|3|2|2
13935,2,False,2,1,2,2|1|2|2|2|2|2|2|2|2
13956,2,False,2,4,2,2|2|3|2|2|3|3|2|3|2
13961,2,False,2,9,3,3|3|3|2|3|3|3|3|3|3
13970,2,False,2,0,2,2|2|2|2|2|2|2|2|2|2
13979,2,False,2,10,6,6|6|6|6|6|6|0|6|6|6
13980,2,False,2,6,3,2|3|2|3|3|3|7|2|3|2
13986,2,False,2,9,0,9|0|9|9|9|0|0|0|0|2
13988,2,False,2,0,2,2|2|2|2|2|2|2|2|2|2
14007,2,False,2,8,3,3|2|3|3|3|3|3|2|3|3
14010,2,False,2,0,2,2|2|2|2|2|2|2|2|2|2
14018,2,False,2,10,1,3|1|1|5|1|1|1|3|3|3
14025,2,False,2,0,2,2|2|2|2|2|2|2|2|2|2
14040,2,False,2,0,2,2|2|2|2|2|2|2|2|2|2
14047,2,False,2,5,-1,1|1|2|1|1|2|2|2|2|1
14056,2,False,2,0,2,2|2|2|2|2|2|2|2|2|2
14059,2,False,2,10,3,3|3|0|1|3|3|3|3|3|3
14067,2,False,2,1,2,2|2|3|2|2|2|2|2|2|2
14072,2,False,2,3,2,5|2|5|2|2|2|2|2|3|2
14116,2,False,2,5,-1,3|2|2|3|2|3|2|3|2|3
14117,2,False,2,8,3,3|3|2|0|0|3|3|2|3|0
14136,2,False,2,1,2,2|2|2|3|2|2|2|2|2|2
14151,2,False,2,0,2,2|2|2|2|2|2|2|2|2|2
14154,2,False,2,8,3,3|2|3|2|3|3|3|3|3|3
14177,2,False,2,1,2,2|2|2|2|2|2|2|3|2|2
14180,2,False,2,2,2,2|2|2|2|2|2|2|0|0|2
14188,2,False,2,6,3,3|3|3|2|3|2|3|2|2|3
14202,2,False,2,10,3,3|3|3|3|3|3|3|3|3|3
14212,2,False,2,6,2,0|5|2|2|2|2|4|5|4|4
14234,2,False,2,0,2,2|2|2|2|2|2|2|2|2|2
14261,2,False,2,0,2,2|2|2|2|2|2|2|2|2|2
14271,2,False,2,0,2,2|2|2|2|2|2|2|2|2|2
14289,2,False,2,10,0,0|0|0|1|0|0|0|0|0|0
14292,2,False,2,0,2,2|2|2|2|2|2|2|2|2|2
14293,2,False,2,9,3,7|3|2|1|3|3|3|3|3|3
14297,2,False,2,0,2,2|2|2|2|2|2|2|2|2|2
14312,2,False,2,5,-1,3|3|2|2|3|3|2|2|3|2
14324,2,False,2,8,0,0|0|2|0|2|0|8|0|8|0
14334,2,False,2,9,3,3|2|3|3|3|3|3|3|3|3
14338,2,False,2,9,3,3|3|3|3|3|2|3|3|3|3
14342,2,False,2,6,2,2|0|2|2|2|1|3|3|1|3
14343,2,False,2,3,2,2|2|3|2|2|3|2|2|3|2
14346,2,False,2,0,2,2|2|2|2|2|2|2|2|2|2
14353,2,False,2,8,3,3|2|3|3|3|3|2|3|3|3
14372,2,False,2,0,2,2|2|2|2|2|2|2|2|2|2
14380,2,False,2,0,2,2|2|2|2|2|2|2|2|2|2
14383,2,False,2,5,2,1|3|1|2|3|2|2|2|2|3
14385,2,False,2,2,2,2|2|2|2|3|2|2|3|2|2
14394,2,False,2,5,2,3|2|2|2|0|2|6|2|4|0
14417,2,False,2,4,2,0|2|2|0|2|0|2|2|0|2
14432,2,False,2,9,6,4|6|6|6|4|3|2|6|6|6
14444,2,False,2,7,8,8|8|9|3|8|8|2|2|2|8
14486,2,False,2,0,2,2|2|2|2|2|2|2|2|2|2
14525,2,False,2,0,2,2|2|2|2|2|2|2|2|2|2
14529,2,False,2,10,3,3|3|3|3|3|3|3|3|3|3
14535,2,False,2,6,-1,3|2|2|0|2|3|2|0|3|3
14537,2,False,2,10,3,3|1|3|3|3|3|3|3|3|1
14543,2,False,2,1,2,2|3|2|2|2|2|2|2|2|2
14550,2,False,2,10,8,9|8|8|8|8|9|8|8|8|9
14556,2,False,2,4,2,2|3|2|6|0|2|2|4|2|2
14567,2,False,2,10,0,0|0|8|5|0|8|1|0|0|0
14594,2,False,2,0,2,2|2|2|2|2|2|2|2|2|2
14600,2,False,2,2,2,2|2|2|2|2|2|3|3|2|2
14605,2,False,2,2,2,2|2|2|2|0|2|2|3|2|2
14607,2,False,2,4,2,3|2|3|2|3|3|2|2|2|2
14620,2,False,2,0,2,2|2|2|2|2|2|2|2|2|2
14623,2,False,2,10,3,3|3|3|3|3|3|3|3|3|3
14644,2,False,2,7,3,2|2|3|2|3|3|3|3|3|3
14654,2,False,2,10,3,3|3|3|1|3|3|3|3|3|1
14656,2,False,2,0,2,2|2|2|2|2|2|2|2|2|2
14674,2,False,2,9,0,0|0|1|1|1|1|2|0|0|0
14679,2,False,2,7,8,8|2|2|8|8|8|8|8|2|8
14692,2,False,2,10,-1,0|8|0|8|0|8|0|8|8|0
14703,2,False,2,2,2,2|2|2|2|2|2|3|2|3|2
14735,2,False,2,0,2,2|2|2|2|2|2|2|2|2|2
14739,2,False,2,0,2,2|2|2|2|2|2|2|2|2|2
14740,2,False,2,0,2,2|2|2|2|2|2|2|2|2|2
14747,2,False,2,0,2,2|2|2|2|2|2|2|2|2|2
14765,2,False,2,0,2,2|2|2|2|2|2|2|2|2|2
14777,2,False,2,8,8,2|5|5|8|8|8|2|0|5|8
14779,2,False,2,6,3,3|2|3|3|3|3|2|3|2|2
14789,2,False,2,5,2,2|2|1|2|3|2|3|3|3|2
14794,2,False,2,8,3,6|2|2|3|3|3|3|3|3|3
14795,2,False,2,0,2,2|2|2|2|2|2|2|2|2|2
14798,2,False,2,7,5,5|1|2|5|2|1|5|5|3|2
14802,2,False,2,0,2,2|2|2|2|2|2|2|2|2|2
14809,2,False,2,3,2,3|2|2|2|2|3|2|2|2|3
14823,2,False,2,7,6,2|2|2|6|3|6|6|6|6|6
14829,2,False,2,1,2,2|0|2|2|2|2|2|2|2|2
14834,2,False,2,0,2,2|2|2|2|2|2|2|2|2|2
14841,2,False,2,8,0,6|0|2|6|4|6|2|0|0|0
14854,2,False,2,6,2,1|3|2|0|0|1|2|0|2|2
14857,2,False,2,0,2,2|2|2|2|2|2|2|2|2|2
14886,2,False,2,1,2,2|2|2|2|2|2|2|2|3|2
14891,2,False,2,9,0,8|0|2|0|0|8|0|0|0|0
14894,2,False,2,5,2,2|3|1|2|2|1|2|2|1|3
14899,2,False,2,7,3,3|1|2|2|3|3|5|5|2|3
14900,2,False,2,2,2,2|2|2|2|2|3|2|2|3|2
14906,2,False,2,7,3,0|0|3|2|0|3|3|2|2|3
14915,2,False,2,0,2,2|2|2|2|2|2|2|2|2|2
14917,2,False,2,0,2,2|2|2|2|2|2|2|2|2|2
14926,2,False,2,6,2,0|4|2|2|0|2|4|2|3|3
14961,2,False,2,0,2,2|2|2|2|2|2|2|2|2|2
14966,2,False,2,3,2,2|2|3|3|3|2|2|2|2|2
14983,2,False,2,1,2,2|2|2|2|2|3|2|2|2|2
14985,2,False,2,0,2,2|2|2|2|2|2|2|2|2|2
14989,2,False,2,6,3,2|2|3|3|3|3|3|2|3|2
15004,2,False,2,0,2,2|2|2|2|2|2|2|2|2|2
15005,2,False,2,1,2,3|2|2|2|2|2|2|2|2|2
15023,2,False,2,10,3,3|3|3|3|3|3|3|3|3|3
15048,2,False,2,10,3,3|3|3|3|3|3|3|3|3|3
15064,2,False,2,1,2,2|2|2|3|2|2|2|2|2|2
15078,2,False,2,4,2,2|3|2|2|3|3|2|2|2|3
15081,2,False,2,1,2,3|2|2|2|2|2|2|2|2|2
15087,2,False,2,8,3,3|3|2|2|3|3|3|3|3|3
15094,2,False,2,2,2,2|3|2|2|2|2|2|2|2|1
15103,2,False,2,4,2,2|2|3|0|2|0|2|3|2|2
15109,2,False,2,0,2,2|2|2|2|2|2|2|2|2|2
15120,2,False,2,3,2,1|2|0|2|2|2|2|3|2|2
15127,2,False,2,2,2,2|2|3|2|2|3|2|2|2|2
15149,2,False,2,7,1,1|2|1|6|1|2|2|3|1|1
15154,2,False,2,5,-1,3|3|2|2|3|3|2|2|2|3
15166,3,False,3,0,3,3|3|3|3|3|3|3|3|3|3
15170,3,False,3,0,3,3|3|3|3|3|3|3|3|3|3
15174,3,False,3,10,6,6|6|6|6|2|6|6|6|0|1
15176,3,False,3,3,3,3|1|3|3|3|3|1|3|1|3
15183,3,False,3,9,1,1|1|3|1|1|1|1|2|1|1
15205,3,False,3,3,3,3|3|2|2|3|3|3|2|3|3
15207,3,False,3,10,5,5|5|5|5|2|5|5|5|1|5
15234,3,False,3,0,3,3|3|3|3|3|3|3|3|3|3
15237,3,False,3,0,3,3|3|3|3|3|3|3|3|3|3
15258,3,False,3,0,3,3|3|3|3|3|3|3|3|3|3
15263,3,False,3,8,-1,5|2|2|2|5|3|5|2|3|5
15264,3,False,3,10,2,2|2|2|2|2|0|2|2|2|2
15266,3,False,3,7,5,5|5|5|3|4|3|5|5|5|3
15267,3,False,3,0,3,3|3|3|3|3|3|3|3|3|3
15272,3,False,3,0,3,3|3|3|3|3|3|3|3|3|3
15275,3,False,3,3,3,2|3|3|2|2|3|3|3|3|3
15284,3,False,3,0,3,3|3|3|3|3|3|3|3|3|3
15287,3,False,3,1,3,3|3|3|2|3|3|3|3|3|3
15294,3,False,3,0,3,3|3|3|3|3|3|3|3|3|3
15303,3,False,3,9,6,6|6|6|6|3|6|6|6|6|6
15319,3,False,3,0,3,3|3|3|3|3|3|3|3|3|3
15329,3,False,3,0,3,3|3|3|3|3|3|3|3|3|3
15332,3,False,3,1,3,3|3|2|3|3|3|3|3|3|3
15339,3,False,3,1,3,1|3|3|3|3|3|3|3|3|3
15360,3,False,3,10,2,2|2|2|2|2|2|2|2|2|2
15381,3,False,3,8,2,2|2|1|3|3|2|2|2|2|2
15385,3,False,3,8,2,2|2|2|2|2|3|2|2|3|2
15397,3,False,3,3,3,3|3|3|3|1|3|3|2|1|3
15409,3,False,3,2,3,2|3|3|3|3|3|2|3|3|3
15434,3,False,3,0,3,3|3|3|3|3|3|3|3|3|3
15437,3,False,3,4,3,3|3|3|2|3|5|3|1|3|2
15460,3,False,3,3,3,3|2|3|3|3|3|2|3|3|2
15476,3,False,3,1,3,3|3|3|2|3|3|3|3|3|3
15477,3,False,3,10,2,2|2|2|2|2|2|2|2|2|2
15512,3,False,3,0,3,3|3|3|3|3|3|3|3|3|3
15529,3,False,3,0,3,3|3|3|3|3|3|3|3|3|3
15538,3,False,3,0,3,3|3|3|3|3|3|3|3|3|3
15539,3,False,3,1,3,3|2|3|3|3|3|3|3|3|3
15541,3,False,3,0,3,3|3|3|3|3|3|3|3|3|3
15544,3,False,3,5,-1,3|2|2|2|3|3|2|2|3|3
15547,3,False,3,0,3,3|3|3|3|3|3|3|3|3|3
15550,3,False,3,10,-1,8|0|8|2|0|2|2|0|0|2
15552,3,False,3,8,2,2|2|2|2|2|3|2|2|3|2
15553,3,False,3,4,3,2|3|3|2|3|2|2|3|3|3
15554,3,False,3,0,3,3|3|3|3|3|3|3|3|3|3
15574,3,False,3,10,2,2|2|2|2|2|2|2|2|2|2
15591,3,False,3,0,3,3|3|3|3|3|3|3|3|3|3
15593,3,False,3,9,2,2|2|2|2|3|2|2|2|2|2
15597,3,False,3,0,3,3|3|3|3|3|3|3|3|3|3
15602,3,False,3,3,3,2|3|3|2|3|3|3|2|3|3
15613,3,False,3,0,3,3|3|3|3|3|3|3|3|3|3
15627,3,False,3,3,3,2|3|2|3|3|3|3|1|3|3
15634,3,False,3,0,3,3|3|3|3|3|3|3|3|3|3
15644,3,False,3,4,3,2|4|3|2|3|3|3|3|3|4
15662,3,False,3,1,3,3|3|3|2|3|3|3|3|3|3
15664,3,False,3,5,-1,3|2|2|3|3|2|2|2|3|3
15667,3,False,3,9,2,2|3|1|2|2|2|1|5|1|2
15681,3,False,3,0,3,3|3|3|3|3|3|3|3|3|3
15691,3,False,3,5,3,3|4|2|1|3|1|3|5|3|3
15700,3,False,3,10,1,1|1|1|1|1|1|1|1|1|1
15707,3,False,3,9,5,5|5|5|3|4|5|5|5|5|5
15724,3,False,3,0,3,3|3|3|3|3|3|3|3|3|3
15725,3,False,3,0,3,3|3|3|3|3|3|3|3|3|3
15727,3,False,3,10,2,2|2|2|2|2|2|2|2|2|2
15736,3,False,3,1,3,3|2|3|3|3|3|3|3|3|3
15739,3,False,3,4,3,3|3|1|2|3|2|3|3|2|3
15745,3,False,3,3,3,3|2|3|3|3|2|3|3|3|2
15750,3,False,3,10,2,2|2|9|9|2|0|2|2|0|1
15764,3,False,3,10,-1,0|1|1|1|0|1|2|2|0|0
15768,3,False,3,10,2,2|2|2|2|2|2|2|2|2|2
15778,3,False,3,2,3,3|3|3|3|3|3|1|2|3|3
15783,3,False,3,0,3,3|3|3|3|3|3|3|3|3|3
15795,3,False,3,0,3,3|3|3|3|3|3|3|3|3|3
15797,3,False,3,1,3,3|1|3|3|3|3|3|3|3|3
15798,3,False,3,10,5,5|5|5|5|5|5|4|5|5|5
15799,3,False,3,2,3,3|3|3|3|3|2|3|2|3|3
15803,3,False,3,0,3,3|3|3|3|3|3|3|3|3|3
15830,3,False,3,9,2,2|2|3|2|2|2|2|2|2|2
15835,3,False,3,1,3,3|3|2|3|3|3|3|3|3|3
15858,3,False,3,0,3,3|3|3|3|3|3|3|3|3|3
15894,3,False,3,0,3,3|3|3|3|3|3|3|3|3|3
15906,3,False,3,0,3,3|3|3|3|3|3|3|3|3|3
15925,3,False,3,7,2,1|3|2|3|3|1|2|2|2|2
15967,3,False,3,0,3,3|3|3|3|3|3|3|3|3|3
15973,3,False,3,0,3,3|3|3|3|3|3|3|3|3|3
15985,3,False,3,6,5,3|0|3|5|3|3|5|5|5|5
15986,3,False,3,5,3,1|3|2|3|3|1|3|3|2|0
15988,3,False,3,3,3,3|2|3|2|3|3|3|2|3|3
15991,3,False,3,9,1,1|1|2|1|3|2|1|2|1|1
15992,3,False,3,8,2,2|2|2|2|3|0|2|3|2|1
15996,3,False,3,6,2,3|1|2|2|2|2|3|3|2|3
16046,3,False,3,0,3,3|3|3|3|3|3|3|3|3|3
16048,3,False,3,7,2,2|2|2|2|3|2|3|2|2|3
16058,3,False,3,0,3,3|3|3|3|3|3|3|3|3|3
16062,3,False,3,2,3,3|3|3|3|3|3|3|5|5|3
16085,3,False,3,0,3,3|3|3|3|3|3|3|3|3|3
16097,3,False,3,5,3,3|3|3|2|2|3|2|3|0|2
16107,3,False,3,10,1,2|1|1|1|1|1|1|1|1|1
16124,3,False,3,0,3,3|3|3|3|3|3|3|3|3|3
16125,3,False,3,5,-1,3|3|2|2|3|3|2|2|3|2
16127,3,False,3,10,2,2|2|2|2|2|2|2|2|2|2
16133,3,False,3,5,-1,3|2|2|3|2|3|2|3|3|2
16144,3,False,3,2,3,3|3|3|3|2|3|3|2|3|3
16149,3,False,3,10,5,5|5|5|5|5|5|5|5|5|5
16153,3,False,3,3,3,3|2|3|3|3|2|3|3|3|2
16174,3,False,3,0,3,3|3|3|3|3|3|3|3|3|3
16181,3,False,3,4,3,3|3|3|2|2|3|2|3|0|3
16191,3,False,3,0,3,3|3|3|3|3|3|3|3|3|3
16197,3,False,3,0,3,3|3|3|3|3|3|3|3|3|3
16209,3,False,3,7,5,5|5|5|2|3|3|5|5|5|3
16214,3,False,3,0,3,3|3|3|3|3|3|3|3|3|3
16237,3,False,3,8,1,2|1|4|4|3|1|1|4|1|3
16250,3,False,3,9,2,2|3|2|2|2|2|2|2|2|2
16256,3,False,3,9,2,2|2|2|2|2|2|2|2|3|2
16268,3,False,3,10,2,2|2|2|2|2|2|2|2|2|2
16293,3,False,3,10,2,2|2|2|2|2|2|2|2|2|2
16296,3,False,3,9,1,1|1|1|1|3|1|1|2|1|1
16297,3,False,3,3,3,3|2|3|2|3|3|2|3|3|3
16298,3,False,3,1,3,3|3|3|2|3|3|3|3|3|3
16319,3,False,3,1,3,2|3|3|3|3|3|3|3|3|3
16321,3,False,3,10,0,0|2|0|0|0|0|0|0|2|0
16329,3,False,3,9,1,1|1|1|1|3|1|1|1|1|1
16332,3,False,3,0,3,3|3|3|3|3|3|3|3|3|3
16336,3,False,3,9,0,3|0|0|0|0|0|0|0|0|0
16366,3,False,3,9,2,2|2|2|2|2|2|2|2|3|2
16375,3,False,3,0,3,3|3|3|3|3|3|3|3|3|3
16383,3,False,3,1,3,3|3|3|3|3|3|3|3|3|5
16398,3,False,3,6,2,3|3|2|3|3|0|2|2|2|2
16406,3,False,3,6,5,2|3|5|3|3|3|5|5|5|5
16444,3,False,3,8,2,2|2|3|2|2|2|2|2|2|3
16448,3,False,3,0,3,3|3|3|3|3|3|3|3|3|3
16478,3,False,3,1,3,3|3|3|3|3|3|3|2|3|3
16504,3,False,3,7,5,3|5|5|3|4|5|3|5|5|5
16507,3,False,3,10,0,0|0|0|0|1|0|1|0|0|1
16516,3,False,3,0,3,3|3|3|3|3|3|3|3|3|3
16521,3,False,3,0,3,3|3|3|3|3|3|3|3|3|3
16532,3,False,3,10,0,2|9|8|8|8|0|0|0|0|2
16556,3,False,3,10,2,2|4|2|6|6|2|2|4|4|2
16557,3,False,3,0,3,3|3|3|3|3|3|3|3|3|3
16567,3,False,3,1,3,3|3|3|3|3|3|3|3|5|3
16581,3,False,3,0,3,3|3|3|3|3|3|3|3|3|3
16618,3,False,3,10,2,2|2|2|2|2|2|2|2|2|2
16623,3,False,3,2,3,3|3|3|2|2|3|3|3|3|3
16629,3,False,3,0,3,3|3|3|3|3|3|3|3|3|3
16631,3,False,3,0,3,3|3|3|3|3|3|3|3|3|3
16634,3,False,3,9,1,2|3|1|2|2|1|2|1|1|1
16641,3,False,3,4,3,3|7|3|2|3|6|3|3|3|1
16651,3,False,3,0,3,3|3|3|3|3|3|3|3|3|3
16692,3,False,3,10,0,1|0|0|0|0|0|0|0|0|0
16695,3,False,3,2,3,2|3|3|3|3|1|3|3|3|3
16702,3,False,3,9,2,2|2|2|2|3|2|2|2|2|2
16705,3,False,3,5,3,2|1|3|2|3|3|2|3|2|3
16717,3,False,3,0,3,3|3|3|3|3|3|3|3|3|3
16722,3,False,3,0,3,3|3|3|3|3|3|3|3|3|3
16725,3,False,3,10,1,1|1|2|1|2|1|2|2|1|1
16726,3,False,3,9,4,5|4|4|4|4|4|3|5|4|4
16735,3,False,3,0,3,3|3|3|3|3|3|3|3|3|3
16736,3,False,3,0,3,3|3|3|3|3|3|3|3|3|3
16741,3,False,3,0,3,3|3|3|3|3|3|3|3|3|3
16744,3,False,3,2,3,3|1|3|3|3|1|3|3|3|3
16751,3,False,3,2,3,3|3|3|2|3|3|2|3|3|3
16752,3,False,3,3,3,3|2|3|2|3|3|2|3|3|3
16761,3,False,3,0,3,3|3|3|3|3|3|3|3|3|3
16792,3,False,3,4,3,1|3|1|0|3|3|3|3|2|3
16797,3,False,3,0,3,3|3|3|3|3|3|3|3|3|3
16820,3,False,3,1,3,3|3|3|3|3|3|3|2|3|3
16829,3,False,3,3,3,3|2|3|3|3|2|3|3|2|3
16841,3,False,3,10,2,1|2|2|2|2|2|2|1|2|2
16846,3,False,3,0,3,3|3|3|3|3|3|3|3|3|3
16852,3,False,3,2,3,0|3|3|3|3|0|3|3|3|3
16853,3,False,3,3,3,3|3|2|2|3|0|3|3|3|3
16856,3,False,3,5,-1,3|3|3|2|2|3|2|2|2|3
16859,3,False,3,10,2,2|2|2|2|2|2|2|2|2|2
16891,3,False,3,0,3,3|3|3|3|3|3|3|3|3|3
16893,3,False,3,0,3,3|3|3|3|3|3|3|3|3|3
16902,3,False,3,0,3,3|3|3|3|3|3|3|3|3|3
16965,3,False,3,0,3,3|3|3|3|3|3|3|3|3|3
16982,3,False,3,0,3,3|3|3|3|3|3|3|3|3|3
16989,3,False,3,1,3,3|3|3|2|3|3|3|3|3|3
16997,3,False,3,10,-1,1|5|2|2|5|2|1|5|5|2
17002,3,False,3,3,3,1|1|1|3|3|3|3|3|3|3
17025,3,False,3,6,3,0|0|3|3|2|3|3|1|1|1
17028,3,False,3,5,-1,3|1|1|3|3|1|1|1|3|3
17033,3,False,3,10,7,7|6|7|7|7|7|7|6|7|7
17058,3,False,3,5,-1,1|3|3|3|1|3|1|3|1|1
17067,3,False,3,2,3,3|3|3|3|3|3|3|2|3|1
17072,3,False,3,10,2,2|2|2|2|2|2|2|2|2|2
17073,3,False,3,0,3,3|3|3|3|3|3|3|3|3|3
17076,3,False,3,7,2,2|3|3|2|3|2|2|2|2|2
17078,3,False,3,0,3,3|3|3|3|3|3|3|3|3|3
17085,3,False,3,5,3,5|3|3|2|3|3|2|2|3|2
17103,3,False,3,7,2,2|3|2|2|2|5|5|3|3|2
17107,3,False,3,10,2,2|2|2|2|2|2|2|2|2|2
17108,3,False,3,9,-1,3|1|5|1|9|0|1|4|4|4
17119,3,False,3,2,3,3|3|2|3|3|3|3|2|3|3
17122,3,False,3,0,3,3|3|3|3|3|3|3|3|3|3
17130,3,False,3,0,3,3|3|3|3|3|3|3|3|3|3
17153,3,False,3,5,-1,2|2|2|3|2|3|3|3|3|2
17170,3,False,3,10,1,1|1|1|1|1|1|1|1|1|1
17181,3,False,3,1,3,3|3|1|3|3|3|3|3|3|3
17185,3,False,3,0,3,3|3|3|3|3|3|3|3|3|3
17196,3,False,3,1,3,3|3|3|2|3|3|3|3|3|3
17210,3,False,3,7,2,3|3|2|2|2|2|2|3|2|2
17215,3,False,3,0,3,3|3|3|3|3|3|3|3|3|3
17228,3,False,3,6,2,2|2|2|3|3|2|3|2|3|2
17231,3,False,3,0,3,3|3|3|3|3|3|3|3|3|3
17238,3,False,3,9,2,2|2|2|2|3|2|2|2|2|2
17253,3,False,3,7,5,5|5|5|0|5|3|5|5|3|3
17256,3,False,3,0,3,3|3|3|3|3|3|3|3|3|3
17273,3,False,3,0,3,3|3|3|3|3|3|3|3|3|3
17278,3,False,3,0,3,3|3|3|3|3|3|3|3|3|3
17283,3,False,3,5,3,0|0|3|3|2|2|3|3|2|3
17296,3,False,3,1,3,3|3|3|3|3|2|3|3|3|3
17301,3,False,3,0,3,3|3|3|3|3|3|3|3|3|3
17316,3,False,3,0,3,3|3|3|3|3|3|3|3|3|3
17334,3,False,3,0,3,3|3|3|3|3|3|3|3|3|3
17386,3,False,3,9,2,2|3|2|2|2|2|2|2|2|2
17406,3,False,3,8,4,4|3|2|3|1|5|4|4|4|4
17445,3,False,3,10,2,2|2|2|2|2|2|2|2|2|2
17460,3,False,3,0,3,3|3|3|3|3|3|3|3|3|3
17463,3,False,3,4,3,2|3|3|3|3|3|1|2|3|2
17466,3,False,3,3,3,3|3|3|2|3|3|5|3|3|5
17467,3,False,3,0,3,3|3|3|3|3|3|3|3|3|3
17470,3,False,3,8,8,8|8|3|8|3|8|8|8|9|8
17487,3,False,3,10,2,2|2|2|2|2|2|2|2|2|2
17492,3,False,3,7,2,2|2|2|3|3|2|2|2|3|2
17502,3,False,3,4,3,3|2|3|2|2|2|3|3|3|3
17507,3,False,3,0,3,3|3|3|3|3|3|3|3|3|3
17514,3,False,3,4,3,0|3|0|0|3|0|3|3|3|3
17517,3,False,3,0,3,3|3|3|3|3|3|3|3|3|3
17518,3,False,3,6,3,3|3|0|0|2|2|2|3|3|1
17527,3,False,3,10,5,5|5|5|5|2|5|5|5|5|5
17573,3,False,3,5,-1,3|3|3|2|2|3|2|2|3|2
17574,3,False,3,0,3,3|3|3|3|3|3|3|3|3|3
17577,3,False,3,0,3,3|3|3|3|3|3|3|3|3|3
17613,3,False,3,10,2,2|2|2|2|1|2|2|2|1|1
17618,3,False,3,10,2,2|2|2|2|2|2|2|2|2|2
17619,3,False,3,7,2,2|2|2|3|2|3|2|2|3|2
17649,3,False,3,0,3,3|3|3|3|3|3|3|3|3|3
17655,3,False,3,0,3,3|3|3|3|3|3|3|3|3|3
17669,3,False,3,0,3,3|3|3|3|3|3|3|3|3|3
17672,3,False,3,1,3,3|3|3|3|2|3|3|3|3|3
17690,3,False,3,0,3,3|3|3|3|3|3|3|3|3|3
17692,3,False,3,0,3,3|3|3|3|3|3|3|3|3|3
17696,3,False,3,8,2,2|2|2|3|2|3|2|2|2|2
17697,3,False,3,10,1,1|1|1|1|1|1|1|1|1|1
17705,3,False,3,0,3,3|3|3|3|3|3|3|3|3|3
17729,3,False,3,2,3,3|2|3|2|3|3|3|3|3|3
17731,3,False,3,10,2,2|1|2|2|2|2|2|2|2|2
17732,3,False,3,8,2,2|3|2|2|2|2|2|3|2|2
17733,3,False,3,0,3,3|3|3|3|3|3|3|3|3|3
17734,3,False,3,0,3,3|3|3|3|3|3|3|3|3|3
17735,3,False,3,1,3,3|2|3|3|3|3|3|3|3|3
17760,3,False,3,7,2,2|2|3|2|3|2|3|2|2|2
17765,3,False,3,10,1,1|1|1|1|1|1|1|1|1|1
17773,3,False,3,6,2,3|2|3|2|2|3|2|2|2|3
17794,3,False,3,0,3,3|3|3|3|3|3|3|3|3|3
17814,3,False,3,4,3,2|2|2|3|3|3|3|2|3|3
17818,3,False,3,8,2,2|2|2|3|2|2|2|2|3|2
17823,3,False,3,5,-1,3|2|3|2|2|3|2|2|3|3
17840,3,False,3,9,2,2|2|2|2|2|2|2|3|2|2
17848,3,False,3,1,3,3|3|3|2|3|3|3|3|3|3
17859,3,False,3,3,3,2|3|3|2|3|3|3|2|3|3
17862,3,False,3,8,2,3|0|3|0|2|0|2|2|2|2
17864,3,False,3,9,2,2|2|2|2|2|2|2|3|2|2
17870,3,False,3,0,3,3|3|3|3|3|3|3|3|3|3
17871,3,False,3,1,3,3|3|3|2|3|3|3|3|3|3
17872,3,False,3,6,2,2|2|3|2|3|3|3|2|2|2
17881,3,False,3,0,3,3|3|3|3|3|3|3|3|3|3
17883,3,False,3,0,3,3|3|3|3|3|3|3|3|3|3
17895,3,False,3,10,2,2|2|2|2|2|0|2|1|2|2
17898,3,False,3,0,3,3|3|3|3|3|3|3|3|3|3
17902,3,False,3,10,0,0|0|0|0|0|0|0|0|0|1
17911,3,False,3,6,2,3|2|3|2|2|2|2|2|3|3
17913,3,False,3,1,3,3|3|1|3|3|3|3|3|3|3
17923,3,False,3,1,3,3|3|3|3|3|3|1|3|3|3
17933,3,False,3,0,3,3|3|3|3|3|3|3|3|3|3
17944,3,False,3,8,2,2|6|2|6|6|2|0|3|2|3
17960,3,False,3,4,3,3|3|0|0|3|3|4|2|3|3
17968,3,False,3,0,3,3|3|3|3|3|3|3|3|3|3
17982,3,False,3,3,3,3|3|2|3|3|3|2|3|3|2
17989,3,False,3,0,3,3|3|3|3|3|3|3|3|3|3
17992,3,False,3,1,3,3|3|3|2|3|3|3|3|3|3
17996,3,False,3,5,3,3|1|8|3|1|0|3|3|3|0
18004,3,False,3,10,0,0|1|0|0|0|0|0|0|0|0
18026,3,False,3,9,5,5|5|5|3|2|5|5|5|5|5
18033,3,False,3,3,3,3|3|3|3|5|3|3|5|5|3
18038,3,False,3,0,3,3|3|3|3|3|3|3|3|3|3
18044,3,False,3,4,3,3|2|3|3|2|2|3|3|3|2
18052,3,False,3,1,3,3|3|3|2|3|3|3|3|3|3
18059,3,False,3,1,3,3|1|3|3|3|3|3|3|3|3
18060,3,False,3,0,3,3|3|3|3|3|3|3|3|3|3
18084,3,False,3,9,8,8|0|2|8|9|8|1|2|3|5
18091,3,False,3,0,3,3|3|3|3|3|3|3|3|3|3
18094,3,False,3,1,3,3|3|3|2|3|3|3|3|3|3
18101,3,False,3,0,3,3|3|3|3|3|3|3|3|3|3
18108,3,False,3,0,3,3|3|3|3|3|3|3|3|3|3
18114,3,False,3,6,2,2|2|3|3|2|2|2|1|3|3
18116,3,False,3,4,3,3|3|2|2|2|3|3|2|3|3
18142,3,False,3,9,2,2|2|2|2|3|2|2|2|2|2
18144,3,False,3,6,7,7|7|3|3|3|7|3|7|7|7
18182,3,False,3,2,3,3|3|3|2|3|3|2|3|3|3
18190,3,False,3,10,2,2|2|2|2|2|2|2|2|2|2
18193,3,False,3,4,3,2|2|2|3|3|3|3|2|3|3
18245,3,False,3,7,2,2|3|2|2|2|3|2|2|2|3
18250,3,False,3,7,2,2|2|2|3|4|2|2|3|3|2
18252,3,False,3,1,3,3|3|3|3|3|3|3|3|1|3
18255,3,False,3,2,3,2|3|3|3|3|3|3|3|2|3
18257,3,False,3,6,3,3|3|2|2|0|1|1|0|3|3
18265,3,False,3,8,1,1|0|1|3|2|0|1|3|1|0
18287,3,False,3,2,3,3|3|3|2|3|3|3|2|3|3
18328,3,False,3,2,3,3|3|2|3|3|3|3|3|3|1
18344,3,False,3,10,4,4|5|4|1|4|5|4|1|1|4
18354,3,False,3,0,3,3|3|3|3|3|3|3|3|3|3
18365,3,False,3,5,3,3|6|3|3|0|6|3|6|3|5
18377,3,False,3,9,1,1|1|1|1|1|1|1|1|3|1
18379,3,False,3,0,3,3|3|3|3|3|3|3|3|3|3
18407,3,False,3,0,3,3|3|3|3|3|3|3|3|3|3
18461,3,False,3,2,3,3|3|3|3|3|0|0|3|3|3
18474,3,False,3,1,3,3|1|3|3|3|3|3|3|3|3
18476,3,False,3,9,2,2|2|3|2|2|0|2|2|2|2
18497,3,False,3,9,0,0|0|0|3|0|0|0|0|0|0
18504,3,False,3,10,0,0|0|0|0|0|6|0|0|0|0
18510,3,False,3,10,1,1|1|4|2|4|1|1|2|1|1
18514,3,False,3,9,2,3|2|2|2|2|0|2|2|2|2
18517,3,False,3,8,1,1|3|2|1|3|5|1|5|5|1
18523,3,False,3,0,3,3|3|3|3|3|3|3|3|3|3
18524,3,False,3,3,3,2|2|3|3|3|3|3|3|3|2
18529,3,False,3,2,3,3|3|3|3|2|2|3|3|3|3
18546,3,False,3,9,2,3|2|2|2|2|2|2|2|2|2
18551,3,False,3,1,3,3|3|3|3|3|3|3|5|3|3
18560,3,False,3,5,-1,3|2|3|3|3|2|2|2|3|2
18565,3,False,3,2,3,3|3|3|3|3|3|3|2|3|2
18568,3,False,3,5,-1,3|2|2|2|3|2|2|3|3|3
18595,3,False,3,0,3,3|3|3|3|3|3|3|3|3|3
18598,3,False,3,0,3,3|3|3|3|3|3|3|3|3|3
18605,3,False,3,7,1,3|3|1|2|2|1|2|1|3|1
18608,3,False,3,0,3,3|3|3|3|3|3|3|3|3|3
18617,3,False,3,0,3,3|3|3|3|3|3|3|3|3|3
18647,3,False,3,0,3,3|3|3|3|3|3|3|3|3|3
18667,3,False,3,0,3,3|3|3|3|3|3|3|3|3|3
18670,3,False,3,10,1,1|1|1|1|1|2|1|1|1|1
18672,3,False,3,4,3,2|0|3|0|3|3|5|3|3|3
18673,3,False,3,6,2,2|3|2|3|2|2|3|3|2|2
18683,3,False,3,4,3,3|3|2|2|3|3|2|3|2|3
18686,3,False,3,2,3,2|2|3|3|3|3|3|3|3|3
18693,3,False,3,10,2,0|2|2|2|9|2|0|2|2|0
18702,3,False,3,3,3,2|3|3|3|1|3|3|3|1|3
18719,3,False,3,0,3,3|3|3|3|3|3|3|3|3|3
18722,3,False,3,7,2,2|2|2|3|2|2|2|3|2|3
18728,3,False,3,0,3,3|3|3|3|3|3|3|3|3|3
18729,3,False,3,10,1,2|1|2|1|1|1|1|1|1|1
18731,3,False,3,5,-1,3|2|3|2|3|3|2|2|2|3
18740,3,False,3,5,3,2|2|3|3|2|1|3|3|2|3
18744,3,False,3,0,3,3|3|3|3|3|3|3|3|3|3
18762,3,False,3,9,2,2|2|3|2|2|2|2|2|2|2
18763,3,False,3,10,1,4|1|1|1|1|4|1|1|4|1
18774,3,False,3,0,3,3|3|3|3|3|3|3|3|3|3
18777,3,False,3,0,3,3|3|3|3|3|3|3|3|3|3
18794,3,False,3,0,3,3|3|3|3|3|3|3|3|3|3
18796,3,False,3,0,3,3|3|3|3|3|3|3|3|3|3
18800,3,False,3,2,3,3|3|3|3|3|4|3|3|3|4
18815,3,False,3,2,3,3|3|3|3|3|6|3|3|3|4
18848,3,False,3,0,3,3|3|3|3|3|3|3|3|3|3
18871,3,False,3,7,1,3|1|2|1|3|1|3|1|5|1
18874,3,False,3,6,2,3|2|2|2|2|2|3|3|2|3
18892,3,False,3,3,3,2|2|3|2|3|3|3|3|3|3
18904,3,False,3,1,3,3|3|3|3|3|3|3|2|3|3
18907,3,False,3,0,3,3|3|3|3|3|3|3|3|3|3
18911,3,False,3,1,3,3|3|3|3|3|3|3|1|3|3
18921,3,False,3,9,1,1|1|1|1|1|3|1|1|1|1
18932,3,False,3,0,3,3|3|3|3|3|3|3|3|3|3
18962,3,False,3,3,3,5|3|3|2|0|3|3|3|3|3
18970,3,False,3,4,3,3|3|3|4|3|5|3|3|5|5
18982,3,False,3,8,2,2|2|2|2|2|2|2|2|3|3
19014,3,False,3,7,5,5|3|5|3|5|3|5|5|5|5
19015,3,False,3,8,2,2|2|2|2|3|2|2|2|3|2
19025,3,False,3,2,3,2|3|3|3|3|3|3|5|3|3
19045,3,False,3,0,3,3|3|3|3|3|3|3|3|3|3
19058,3,False,3,0,3,3|3|3|3|3|3|3|3|3|3
19063,3,False,3,3,3,3|1|1|3|3|3|1|3|3|3
19091,3,False,3,10,8,6|8|9|6|0|8|6|0|8|8
19099,3,False,3,1,3,3|3|3|3|3|3|3|3|4|3
19101,3,False,3,0,3,3|3|3|3|3|3|3|3|3|3
19108,3,False,3,0,3,3|3|3|3|3|3|3|3|3|3
19114,3,False,3,6,2,3|2|2|2|2|3|2|2|3|3
19124,3,False,3,10,5,5|5|2|4|5|5|5|5|5|5
19125,3,False,3,0,3,3|3|3|3|3|3|3|3|3|3
19132,3,False,3,0,3,3|3|3|3|3|3|3|3|3|3
19133,3,False,3,10,5,5|5|5|0|5|5|5|5|5|5
19143,3,False,3,0,3,3|3|3|3|3|3|3|3|3|3
19145,3,False,3,0,3,3|3|3|3|3|3|3|3|3|3
19147,3,False,3,0,3,3|3|3|3|3|3|3|3|3|3
19161,3,False,3,7,0,0|3|0|2|2|0|0|0|3|3
19162,3,False,3,0,3,3|3|3|3|3|3|3|3|3|3
19163,3,False,3,0,3,3|3|3|3|3|3|3|3|3|3
19172,3,False,3,10,8,8|8|8|0|0|8|8|8|0|8
19175,3,False,3,0,3,3|3|3|3|3|3|3|3|3|3
19178,3,False,3,0,3,3|3|3|3|3|3|3|3|3|3
19179,3,False,3,9,0,0|0|0|0|3|0|1|0|1|0
19182,3,False,3,9,2,2|2|2|2|2|3|2|2|2|2
19188,3,False,3,1,3,3|2|3|3|3|3|3|3|3|3
19209,3,False,3,10,2,2|2|2|2|2|0|2|2|2|0
19211,3,False,3,2,3,3|3|3|4|3|3|3|3|3|4
19217,3,False,3,1,3,3|2|3|3|3|3|3|3|3|3
19235,3,False,3,2,3,3|3|3|3|3|3|5|3|3|5
19237,3,False,3,6,3,4|1|2|4|3|2|3|3|1|3
19242,3,False,3,1,3,3|3|3|3|3|3|3|0|3|3
19248,3,False,3,10,7,7|7|4|4|7|7|4|4|7|6
19252,3,False,3,2,3,3|3|3|3|3|0|3|3|0|3
19265,3,False,3,7,2,2|3|2|2|2|3|2|2|3|2
19268,3,False,3,0,3,3|3|3|3|3|3|3|3|3|3
19278,3,False,3,0,3,3|3|3|3|3|3|3|3|3|3
19279,3,False,3,0,3,3|3|3|3|3|3|3|3|3|3
19285,3,False,3,4,3,1|1|2|3|1|3|3|3|3|3
19296,3,False,3,0,3,3|3|3|3|3|3|3|3|3|3
19303,3,False,3,0,3,3|3|3|3|3|3|3|3|3|3
19304,3,False,3,6,-1,2|1|2|1|3|3|1|3|3|1
19317,3,False,3,8,2,2|2|2|2|2|2|2|3|3|2
19320,3,False,3,1,3,3|3|3|3|3|3|3|3|2|3
19323,3,False,3,10,1,0|1|2|1|1|0|1|2|1|9
19357,3,False,3,5,-1,2|3|3|2|2|3|2|2|3|3
19360,3,False,3,0,3,3|3|3|3|3|3|3|3|3|3
19365,3,False,3,10,2,2|2|2|2|2|2|2|2|2|2
19372,3,False,3,3,3,3|2|3|2|3|1|3|3|3|3
19386,3,False,3,5,-1,1|3|3|3|1|3|1|3|1|1
19403,3,False,3,6,0,0|3|0|3|0|0|3|0|3|0
19405,3,False,3,0,3,3|3|3|3|3|3|3|3|3|3
19417,3,False,3,0,3,3|3|3|3|3|3|3|3|3|3
19427,3,False,3,0,3,3|3|3|3|3|3|3|3|3|3
19451,3,False,3,7,2,2|2|3|2|2|3|2|2|2|3
19456,3,False,3,0,3,3|3|3|3|3|3|3|3|3|3
19460,3,False,3,2,3,3|3|1|1|3|3|3|3|3|3
19466,3,False,3,0,3,3|3|3|3|3|3|3|3|3|3
19476,3,False,3,4,3,3|1|3|3|3|1|1|3|2|3
19496,3,False,3,10,-1,2|5|1|2|2|1|1|5|1|2
19497,3,False,3,8,2,3|2|1|2|2|2|3|2|1|1
19499,3,False,3,6,2,3|2|5|3|3|2|2|2|3|2
19520,3,False,3,4,3,3|2|3|3|3|3|3|2|2|2
19525,3,False,3,3,3,3|0|3|3|0|3|3|0|3|3
19541,3,False,3,0,3,3|3|3|3|3|3|3|3|3|3
19543,3,False,3,5,3,3|1|3|2|3|3|2|3|2|2
19544,3,False,3,1,3,3|3|3|3|3|3|2|3|3|3
19545,3,False,3,0,3,3|3|3|3|3|3|3|3|3|3
19560,3,False,3,0,3,3|3|3|3|3|3|3|3|3|3
19564,3,False,3,2,3,3|3|3|3|3|2|3|3|2|3
19588,3,False,3,0,3,3|3|3|3|3|3|3|3|3|3
19591,3,False,3,0,3,3|3|3|3|3|3|3|3|3|3
19594,3,False,3,1,3,3|3|2|3|3|3|3|3|3|3
19606,3,False,3,10,5,5|5|5|5|5|5|5|5|5|5
19611,3,False,3,0,3,3|3|3|3|3|3|3|3|3|3
19627,3,False,3,10,2,2|2|2|2|2|2|2|2|2|2
19632,3,False,3,0,3,3|3|3|3|3|3|3|3|3|3
19634,3,False,3,0,3,3|3|3|3|3|3|3|3|3|3
19649,3,False,3,1,3,3|3|3|2|3|3|3|3|3|3
19660,3,False,3,1,3,3|3|3|3|3|3|5|3|3|3
19673,3,False,3,0,3,3|3|3|3|3|3|3|3|3|3
19725,3,False,3,0,3,3|3|3|3|3|3|3|3|3|3
19740,3,False,3,0,3,3|3|3|3|3|3|3|3|3|3
19754,3,False,3,2,3,3|3|3|2|3|3|3|5|3|3
19757,3,False,3,0,3,3|3|3|3|3|3|3|3|3|3
19766,3,False,3,0,3,3|3|3|3|3|3|3|3|3|3
19772,3,False,3,0,3,3|3|3|3|3|3|3|3|3|3
19775,3,False,3,2,3,3|3|2|3|3|3|2|3|3|3
19793,3,False,3,6,5,5|5|3|3|3|5|5|3|5|5
19819,3,False,3,1,3,3|3|3|2|3|3|3|3|3|3
19838,3,False,3,10,1,1|1|1|1|1|1|1|1|1|1
19847,3,False,3,9,8,2|8|8|1|8|8|8|3|2|8
19856,3,False,3,0,3,3|3|3|3|3|3|3|3|3|3
19871,3,False,3,9,2,2|2|2|3|2|2|2|2|2|2
19877,3,False,3,1,3,3|3|3|3|3|3|2|3|3|3
19886,3,False,3,5,3,0|2|3|5|3|0|3|3|3|2
19891,3,False,3,10,2,2|2|2|2|2|2|2|2|2|2
19894,3,False,3,0,3,3|3|3|3|3|3|3|3|3|3
19905,3,False,3,10,2,2|2|8|2|2|2|2|2|2|0
19954,3,False,3,9,1,3|1|1|1|1|1|1|1|1|1
19972,3,False,3,1,3,3|3|3|3|3|1|3|3|3|3
19980,3,False,3,1,3,2|3|3|3|3|3|3|3|3|3
19983,3,False,3,0,3,3|3|3|3|3|3|3|3|3|3
19989,3,False,3,9,2,2|2|2|2|2|3|2|2|2|2
19993,3,False,3,0,3,3|3|3|3|3|3|3|3|3|3
19994,3,False,3,7,2,2|2|2|3|2|2|2|3|2|3
19997,3,False,3,7,2,5|1|3|2|3|2|2|2|3|4
20000,3,False,3,10,2,2|2|0|2|2|2|2|2|2|0
20009,4,False,4,5,-1,4|5|4|4|4|5|4|5|5|5
20025,4,False,4,0,4,4|4|4|4|4|4|4|4|4|4
20027,4,False,4,9,5,5|5|5|1|5|5|4|5|5|5
20031,4,False,4,7,5,5|4|5|5|5|4|5|5|5|4
20044,4,False,4,3,4,4|4|5|5|4|4|4|5|4|4
20047,4,False,4,0,4,4|4|4|4|4|4|4|4|4|4
20060,4,False,4,0,4,4|4|4|4|4|4|4|4|4|4
20078,4,False,4,10,5,5|5|5|5|5|5|5|5|5|5
20088,4,False,4,0,4,4|4|4|4|4|4|4|4|4|4
20091,4,False,4,0,4,4|4|4|4|4|4|4|4|4|4
20099,4,False,4,9,2,3|4|1|2|2|3|2|0|3|2
20102,4,False,4,0,4,4|4|4|4|4|4|4|4|4|4
20105,4,False,4,6,5,8|5|4|4|5|4|5|4|5|5
20120,4,False,4,0,4,4|4|4|4|4|4|4|4|4|4
20149,4,False,4,0,4,4|4|4|4|4|4|4|4|4|4
20153,4,False,4,8,5,0|5|4|5|5|1|5|1|1|4
20162,4,False,4,3,4,4|4|4|8|4|4|4|4|5|5
20171,4,False,4,10,3,3|3|1|3|3|3|3|3|3|3
20177,4,False,4,9,1,1|1|1|4|1|1|1|1|1|1
20178,4,False,4,0,4,4|4|4|4|4|4|4|4|4|4
20202,4,False,4,0,4,4|4|4|4|4|4|4|4|4|4
20207,4,False,4,4,4,0|6|2|4|4|4|4|6|4|4
20213,4,False,4,2,4,4|4|4|4|4|4|5|5|4|4
20238,4,False,4,10,5,5|5|5|5|5|5|5|5|5|5
20241,4,False,4,0,4,4|4|4|4|4|4|4|4|4|4
20250,4,False,4,2,4,4|4|4|5|4|4|5|4|4|4
20256,4,False,4,10,5,5|5|5|5|5|5|5|5|5|5
20269,4,False,4,1,4,4|4|4|5|4|4|4|4|4|4
20270,4,False,4,2,4,4|4|4|4|5|4|4|5|4|4
20276,4,False,4,10,5,5|5|5|5|5|5|5|5|5|5
20285,4,False,4,0,4,4|4|4|4|4|4|4|4|4|4
20289,4,False,4,0,4,4|4|4|4|4|4|4|4|4|4
20303,4,False,4,0,4,4|4|4|4|4|4|4|4|4|4
20317,4,False,4,7,5,4|4|5|5|4|5|5|5|5|5
20355,4,False,4,0,4,4|4|4|4|4|4|4|4|4|4
20361,4,False,4,1,4,4|4|4|4|4|4|5|4|4|4
20366,4,False,4,10,0,1|3|0|8|3|8|0|2|0|2
20394,4,False,4,7,5,5|4|5|5|5|4|4|5|5|5
20405,4,False,4,3,4,4|4|5|4|5|4|4|5|4|4
20406,4,False,4,0,4,4|4|4|4|4|4|4|4|4|4
20413,4,False,4,2,4,4|4|4|4|4|4|5|4|4|5
20426,4,False,4,0,4,4|4|4|4|4|4|4|4|4|4
20436,4,False,4,0,4,4|4|4|4|4|4|4|4|4|4
20437,4,False,4,2,4,4|4|5|4|4|4|4|5|4|4
20463,4,False,4,0,4,4|4|4|4|4|4|4|4|4|4
20481,4,False,4,0,4,4|4|4|4|4|4|4|4|4|4
20491,4,False,4,1,4,4|4|4|2|4|4|4|4|4|4
20500,4,False,4,0,4,4|4|4|4|4|4|4|4|4|4
20510,4,False,4,5,-1,4|4|4|4|4|5|5|5|5|5
20511,4,False,4,0,4,4|4|4|4|4|4|4|4|4|4
20517,4,False,4,1,4,4|4|4|4|4|4|5|4|4|4
20526,4,False,4,0,4,4|4|4|4|4|4|4|4|4|4
20537,4,False,4,3,4,4|5|4|4|4|5|4|4|4|5
20559,4,False,4,10,5,5|5|5|5|5|5|5|5|5|5
20579,4,False,4,0,4,4|4|4|4|4|4|4|4|4|4
20580,4,False,4,0,4,4|4|4|4|4|4|4|4|4|4
20588,4,False,4,3,4,4|4|5|4|4|4|4|5|5|4
20596,4,False,4,8,5,5|5|4|5|5|5|5|4|5|5
20598,4,False,4,9,6,4|6|6|6|6|6|6|6|6|6
20602,4,False,4,0,4,4|4|4|4|4|4|4|4|4|4
20650,4,False,4,0,4,4|4|4|4|4|4|4|4|4|4
20663,4,False,4,0,4,4|4|4|4|4|4|4|4|4|4
20686,4,False,4,0,4,4|4|4|4|4|4|4|4|4|4
20696,4,False,4,0,4,4|4|4|4|4|4|4|4|4|4
20700,4,False,4,0,4,4|4|4|4|4|4|4|4|4|4
20701,4,False,4,1,4,4|4|4|4|4|4|4|5|4|4
20711,4,False,4,0,4,4|4|4|4|4|4|4|4|4|4
20713,4,False,4,0,4,4|4|4|4|4|4|4|4|4|4
20737,4,False,4,1,4,4|4|4|4|6|4|4|4|4|4
20740,4,False,4,0,4,4|4|4|4|4|4|4|4|4|4
20741,4,False,4,0,4,4|4|4|4|4|4|4|4|4|4
20745,4,False,4,10,6,6|6|6|6|6|6|6|6|6|6
20792,4,False,4,0,4,4|4|4|4|4|4|4|4|4|4
20868,4,False,4,2,4,5|4|4|5|4|4|4|4|4|4
20881,4,False,4,0,4,4|4|4|4|4|4|4|4|4|4
20899,4,False,4,9,0,5|3|0|0|0|0|3|5|4|0
20900,4,False,4,0,4,4|4|4|4|4|4|4|4|4|4
20904,4,False,4,0,4,4|4|4|4|4|4|4|4|4|4
20905,4,False,4,0,4,4|4|4|4|4|4|4|4|4|4
20920,4,False,4,0,4,4|4|4|4|4|4|4|4|4|4
20926,4,False,4,0,4,4|4|4|4|4|4|4|4|4|4
20930,4,False,4,1,4,4|4|4|4|4|4|5|4|4|4
20934,4,False,4,0,4,4|4|4|4|4|4|4|4|4|4
20941,4,False,4,2,4,4|4|5|4|4|4|5|4|4|4
20968,4,False,4,3,4,4|4|4|5|4|5|5|4|4|4
20970,4,False,4,0,4,4|4|4|4|4|4|4|4|4|4
20975,4,False,4,10,0,0|0|0|9|0|8|8|9|0|8
21038,4,False,4,2,4,4|4|0|4|4|4|4|0|4|4
21048,4,False,4,2,4,4|4|4|4|5|5|4|4|4|4
21060,4,False,4,0,4,4|4|4|4|4|4|4|4|4|4
21061,4,False,4,1,4,4|4|4|4|4|4|5|4|4|4
21065,4,False,4,3,4,0|4|4|4|0|0|4|4|4|4
21070,4,False,4,2,4,4|4|4|4|4|5|4|4|5|4
21082,4,False,4,0,4,4|4|4|4|4|4|4|4|4|4
21091,4,False,4,10,9,9|9|8|9|9|9|9|9|8|9
21106,4,False,4,0,4,4|4|4|4|4|4|4|4|4|4
21113,4,False,4,8,7,7|0|7|4|0|7|2|7|2|4
21115,4,False,4,0,4,4|4|4|4|4|4|4|4|4|4
21116,4,False,4,10,1,1|1|0|1|0|5|1|5|1|5
21119,4,False,4,0,4,4|4|4|4|4|4|4|4|4|4
21123,4,False,4,10,5,5|5|5|5|5|5|5|5|5|5
21141,4,False,4,0,4,4|4|4|4|4|4|4|4|4|4
21157,4,False,4,0,4,4|4|4|4|4|4|4|4|4|4
21173,4,False,4,3,4,4|4|4|4|5|4|4|5|5|4
21188,4,False,4,4,4,4|5|4|4|4|4|5|5|5|4
21201,4,False,4,9,-1,2|3|2|4|2|1|3|5|3|1
21224,4,False,4,9,2,2|2|2|5|2|4|5|5|3|2
21228,4,False,4,1,4,5|4|4|4|4|4|4|4|4|4
21234,4,False,4,1,4,4|4|4|4|4|4|4|4|5|4
21239,4,False,4,6,-1,0|4|9|0|9|0|4|4|4|0
21251,4,False,4,0,4,4|4|4|4|4|4|4|4|4|4
21277,4,False,4,0,4,4|4|4|4|4|4|4|4|4|4
21293,4,False,4,2,4,4|4|4|4|4|2|2|4|4|4
21296,4,False,4,0,4,4|4|4|4|4|4|4|4|4|4
21305,4,False,4,7,-1,0|6|4|4|8|0|0|4|6|6
21313,4,False,4,10,5,5|5|5|5|5|5|5|5|5|5
21317,4,False,4,0,4,4|4|4|4|4|4|4|4|4|4
21318,4,False,4,6,5,5|4|5|4|4|5|4|5|5|5
21319,4,False,4,10,5,5|5|5|5|5|5|5|5|5|5
21322,4,False,4,0,4,4|4|4|4|4|4|4|4|4|4
21326,4,False,4,10,-1,2|5|5|7|5|3|3|2|3|2
21344,4,False,4,10,5,5|5|5|5|5|5|5|5|5|5
21345,4,False,4,10,5,5|5|5|5|5|5|5|5|5|5
21376,4,False,4,8,5,5|5|5|4|5|5|5|4|5|5
21390,4,False,4,0,4,4|4|4|4|4|4|4|4|4|4
21407,4,False,4,0,4,4|4|4|4|4|4|4|4|4|4
21413,4,False,4,0,4,4|4|4|4|4|4|4|4|4|4
21419,4,False,4,10,6,6|6|2|3|3|6|6|6|6|6
21437,4,False,4,6,4,4|4|2|2|4|0|5|3|2|4
21441,4,False,4,10,5,5|5|5|5|5|5|5|5|5|5
21458,4,False,4,2,4,4|4|4|5|4|4|4|5|4|4
21459,4,False,4,0,4,4|4|4|4|4|4|4|4|4|4
21472,4,False,4,0,4,4|4|4|4|4|4|4|4|4|4
21493,4,False,4,3,4,4|4|4|5|4|4|4|5|4|5
21496,4,False,4,9,0,0|0|6|4|0|2|0|0|0|0
21504,4,False,4,0,4,4|4|4|4|4|4|4|4|4|4
21529,4,False,4,0,4,4|4|4|4|4|4|4|4|4|4
21537,4,False,4,10,5,5|5|5|5|5|5|5|5|5|5
21540,4,False,4,0,4,4|4|4|4|4|4|4|4|4|4
21542,4,False,4,0,4,4|4|4|4|4|4|4|4|4|4
21568,4,False,4,0,4,4|4|4|4|4|4|4|4|4|4
21573,4,False,4,5,-1,4|4|4|4|5|5|5|4|5|5
21576,4,False,4,2,4,4|4|4|4|4|4|5|5|4|4
21582,4,False,4,9,5,5|5|5|4|5|5|5|5|5|5
21588,4,False,4,0,4,4|4|4|4|4|4|4|4|4|4
21597,4,False,4,0,4,4|4|4|4|4|4|4|4|4|4
21600,4,False,4,5,4,3|3|3|4|4|4|4|5|4|3
21639,4,False,4,5,4,5|4|4|5|4|4|1|5|5|4
21649,4,False,4,0,4,4|4|4|4|4|4|4|4|4|4
21655,4,False,4,0,4,4|4|4|4|4|4|4|4|4|4
21661,4,False,4,0,4,4|4|4|4|4|4|4|4|4|4
21663,4,False,4,0,4,4|4|4|4|4|4|4|4|4|4
21665,4,False,4,2,4,4|4|4|0|4|4|5|4|4|4
21671,4,False,4,6,5,5|4|4|5|5|5|4|5|5|4
21675,4,False,4,1,4,4|4|4|5|4|4|4|4|4|4
21676,4,False,4,10,2,2|2|2|2|2|2|1|2|1|2
21677,4,False,4,0,4,4|4|4|4|4|4|4|4|4|4
21679,4,False,4,3,4,4|4|5|4|5|4|4|5|4|4
21684,4,False,4,9,2,2|0|4|2|2|2|6|5|6|2
21686,4,False,4,5,-1,5|4|5|4|4|5|5|5|4|4
21700,4,False,4,0,4,4|4|4|4|4|4|4|4|4|4
21701,4,False,4,0,4,4|4|4|4|4|4|4|4|4|4
21710,4,False,4,0,4,4|4|4|4|4|4|4|4|4|4
21712,4,False,4,0,4,4|4|4|4|4|4|4|4|4|4
21717,4,False,4,0,4,4|4|4|4|4|4|4|4|4|4
21721,4,False,4,0,4,4|4|4|4|4|4|4|4|4|4
21722,4,False,4,0,4,4|4|4|4|4|4|4|4|4|4
21747,4,False,4,10,5,5|5|5|5|5|5|5|5|5|5
21749,4,False,4,3,4,6|4|4|4|6|4|6|4|4|4
21756,4,False,4,0,4,4|4|4|4|4|4|4|4|4|4
21757,4,False,4,2,4,4|4|4|4|5|4|5|4|4|4
21759,4,False,4,0,4,4|4|4|4|4|4|4|4|4|4
21764,4,False,4,0,4,4|4|4|4|4|4|4|4|4|4
21766,4,False,4,0,4,4|4|4|4|4|4|4|4|4|4
21771,4,False,4,0,4,4|4|4|4|4|4|4|4|4|4
21795,4,False,4,10,5,5|5|5|5|5|0|5|5|5|5
21797,4,False,4,4,4,4|4|5|4|4|5|4|4|5|5
21799,4,False,4,9,3,3|0|3|2|1|4|0|3|2|3
21803,4,False,4,9,2,2|2|2|2|2|2|2|2|2|4
21805,4,False,4,8,6,6|6|4|6|4|6|1|6|6|6
21811,4,False,4,0,4,4|4|4|4|4|4|4|4|4|4
21817,4,False,4,2,4,4|4|4|4|5|4|4|4|5|4
21829,4,False,4,10,5,5|5|5|5|5|5|5|5|5|5
21832,4,False,4,2,4,5|4|4|4|4|4|4|5|4|4
21843,4,False,4,4,4,0|0|4|4|0|0|4|4|4|4
21844,4,False,4,0,4,4|4|4|4|4|4|4|4|4|4
21856,4,False,4,10,5,5|5|5|5|5|5|5|5|5|5
21859,4,False,4,10,5,5|5|5|5|5|5|5|5|5|5
21873,4,False,4,1,4,4|4|5|4|4|4|4|4|4|4
21880,4,False,4,0,4,4|4|4|4|4|4|4|4|4|4
21884,4,False,4,1,4,4|4|4|4|4|5|4|4|4|4
21891,4,False,4,10,5,5|5|5|5|5|5|5|5|5|5
21896,4,False,4,0,4,4|4|4|4|4|4|4|4|4|4
21906,4,False,4,0,4,4|4|4|4|4|4|4|4|4|4
21933,4,False,4,0,4,4|4|4|4|4|4|4|4|4|4
21943,4,False,4,5,-1,4|5|5|5|5|4|4|5|4|4
21947,4,False,4,2,4,0|4|4|4|4|0|4|4|4|4
21948,4,False,4,8,0,0|6|4|9|4|0|5|0|5|8
21950,4,False,4,2,4,4|4|4|4|4|4|5|5|4|4
21955,4,False,4,0,4,4|4|4|4|4|4|4|4|4|4
21959,4,False,4,5,-1,5|4|4|4|5|4|5|5|4|5
21961,4,False,4,0,4,4|4|4|4|4|4|4|4|4|4
21977,4,False,4,10,9,8|8|9|9|9|8|9|9|8|9
21982,4,False,4,0,4,4|4|4|4|4|4|4|4|4|4
22016,4,False,4,0,4,4|4|4|4|4|4|4|4|4|4
22020,4,False,4,0,4,4|4|4|4|4|4|4|4|4|4
22023,4,False,4,1,4,4|4|4|4|5|4|4|4|4|4
22025,4,False,4,3,4,4|4|4|4|4|4|4|1|1|1
22028,4,False,4,10,5,5|5|5|5|5|5|5|5|5|5
22029,4,False,4,9,5,5|4|6|5|5|5|6|5|5|5
22050,4,False,4,0,4,4|4|4|4|4|4|4|4|4|4
22058,4,False,4,0,4,4|4|4|4|4|4|4|4|4|4
22065,4,False,4,9,5,5|5|5|5|4|5|5|5|5|5
22066,4,False,4,0,4,4|4|4|4|4|4|4|4|4|4
22069,4,False,4,0,4,4|4|4|4|4|4|4|4|4|4
22071,4,False,4,0,4,4|4|4|4|4|4|4|4|4|4
22092,4,False,4,0,4,4|4|4|4|4|4|4|4|4|4
22105,4,False,4,0,4,4|4|4|4|4|4|4|4|4|4
22113,4,False,4,0,4,4|4|4|4|4|4|4|4|4|4
22115,4,False,4,0,4,4|4|4|4|4|4|4|4|4|4
22116,4,False,4,0,4,4|4|4|4|4|4|4|4|4|4
22123,4,False,4,1,4,4|4|4|4|4|4|4|5|4|4
22139,4,False,4,7,5,5|5|5|5|5|4|5|4|4|5
22155,4,False,4,1,4,4|4|5|4|4|4|4|4|4|4
22167,4,False,4,0,4,4|4|4|4|4|4|4|4|4|4
22175,4,False,4,1,4,4|4|4|4|5|4|4|4|4|4
22181,4,False,4,2,4,4|4|4|4|5|4|4|4|4|5
22188,4,False,4,0,4,4|4|4|4|4|4|4|4|4|4
22190,4,False,4,3,4,4|4|4|4|4|4|5|5|5|4
22209,4,False,4,0,4,4|4|4|4|4|4|4|4|4|4
22210,4,False,4,1,4,4|4|4|8|4|4|4|4|4|4
22220,4,False,4,0,4,4|4|4|4|4|4|4|4|4|4
22226,4,False,4,3,4,4|4|5|4|4|5|5|4|4|4
22236,4,False,4,0,4,4|4|4|4|4|4|4|4|4|4
22266,4,False,4,0,4,4|4|4|4|4|4|4|4|4|4
22275,4,False,4,0,4,4|4|4|4|4|4|4|4|4|4
22295,4,False,4,0,4,4|4|4|4|4|4|4|4|4|4
22298,4,False,4,10,5,5|5|5|5|5|5|5|5|5|5
22304,4,False,4,0,4,4|4|4|4|4|4|4|4|4|4
22308,4,False,4,0,4,4|4|4|4|4|4|4|4|4|4
22320,4,False,4,0,4,4|4|4|4|4|4|4|4|4|4
22322,4,False,4,0,4,4|4|4|4|4|4|4|4|4|4
22325,4,False,4,10,2,3|2|3|3|2|2|2|3|2|2
22327,4,False,4,6,5,4|5|5|4|4|5|4|5|5|5
22328,4,False,4,10,2,2|0|2|8|2|0|2|8|0|2
22332,4,False,4,0,4,4|4|4|4|4|4|4|4|4|4
22352,4,False,4,0,4,4|4|4|4|4|4|4|4|4|4
22364,4,False,4,2,4,4|4|5|4|4|4|5|4|4|4
22365,4,False,4,10,5,5|5|5|5|5|5|5|5|5|5
22378,4,False,4,10,-1,6|7|2|5|6|1|7|1|1|6
22380,4,False,4,0,4,4|4|4|4|4|4|4|4|4|4
22385,4,False,4,0,4,4|4|4|4|4|4|4|4|4|4
22394,4,False,4,0,4,4|4|4|4|4|4|4|4|4|4
22409,4,False,4,0,4,4|4|4|4|4|4|4|4|4|4
22431,4,False,4,0,4,4|4|4|4|4|4|4|4|4|4
22435,4,False,4,0,4,4|4|4|4|4|4|4|4|4|4
22437,4,False,4,10,2,3|2|3|2|2|8|8|3|8|2
22445,4,False,4,1,4,4|1|4|4|4|4|4|4|4|4
22447,4,False,4,0,4,4|4|4|4|4|4|4|4|4|4
22457,4,False,4,0,4,4|4|4|4|4|4|4|4|4|4
22469,4,False,4,0,4,4|4|4|4|4|4|4|4|4|4
22472,4,False,4,0,4,4|4|4|4|4|4|4|4|4|4
22474,4,False,4,1,4,4|4|5|4|4|4|4|4|4|4
22484,4,False,4,1,4,4|4|4|1|4|4|4|4|4|4
22486,4,False,4,3,4,5|4|4|0|4|4|5|4|4|4
22497,4,False,4,0,4,4|4|4|4|4|4|4|4|4|4
22515,4,False,4,0,4,4|4|4|4|4|4|4|4|4|4
22521,4,False,4,0,4,4|4|4|4|4|4|4|4|4|4
22561,4,False,4,7,1,4|1|1|4|1|1|4|1|1|1
22589,4,False,4,3,4,4|4|4|4|5|4|4|4|5|5
22595,4,False,4,1,4,4|4|4|4|4|4|4|4|4|5
22603,4,False,4,0,4,4|4|4|4|4|4|4|4|4|4
22612,4,False,4,8,5,4|5|3|4|3|5|3|5|5|5
22635,4,False,4,0,4,4|4|4|4|4|4|4|4|4|4
22637,4,False,4,0,4,4|4|4|4|4|4|4|4|4|4
22644,4,False,4,2,4,4|4|5|5|4|4|4|4|4|4
22658,4,False,4,10,-1,8|2|2|2|0|0|5|0|0|2
22665,4,False,4,1,4,4|4|4|5|4|4|4|4|4|4
22668,4,False,4,0,4,4|4|4|4|4|4|4|4|4|4
22708,4,False,4,0,4,4|4|4|4|4|4|4|4|4|4
22726,4,False,4,7,5,6|5|5|5|4|5|4|4|5|5
22729,4,False,4,1,4,4|4|4|4|4|4|4|5|4|4
22733,4,False,4,1,4,4|5|4|4|4|4|4|4|4|4
22737,4,False,4,5,-1,5|4|4|4|4|5|5|4|5|5
22787,4,False,4,9,5,5|5|4|5|5|5|5|5|5|5
22789,4,False,4,10,6,6|6|6|6|6|6|6|6|6|6
22808,4,False,4,9,5,5|5|5|5|5|5|5|5|5|4
22809,4,False,4,0,4,4|4|4|4|4|4|4|4|4|4
22812,4,False,4,0,4,4|4|4|4|4|4|4|4|4|4
22815,4,False,4,0,4,4|4|4|4|4|4|4|4|4|4
22827,4,False,4,0,4,4|4|4|4|4|4|4|4|4|4
22842,4,False,4,4,4,4|4|4|5|5|4|5|5|4|4
22845,4,False,4,0,4,4|4|4|4|4|4|4|4|4|4
22856,4,False,4,1,4,4|4|4|4|5|4|4|4|4|4
22872,4,False,4,0,4,4|4|4|4|4|4|4|4|4|4
22876,4,False,4,0,4,4|4|4|4|4|4|4|4|4|4
22906,4,False,4,10,0,2|0|0|0|2|0|2|0|0|0
22919,4,False,4,0,4,4|4|4|4|4|4|4|4|4|4
22927,4,False,4,0,4,4|4|4|4|4|4|4|4|4|4
23009,4,False,4,9,5,5|2|2|0|3|1|5|5|5|4
23012,4,False,4,10,6,6|6|6|6|6|6|6|6|6|6
23027,4,False,4,0,4,4|4|4|4|4|4|4|4|4|4
23029,4,False,4,1,4,4|4|4|4|4|4|5|4|4|4
23035,4,False,4,2,4,4|4|4|5|5|4|4|4|4|4
23044,4,False,4,0,4,4|4|4|4|4|4|4|4|4|4
23049,4,False,4,0,4,4|4|4|4|4|4|4|4|4|4
23059,4,False,4,0,4,4|4|4|4|4|4|4|4|4|4
23070,4,False,4,1,4,4|4|4|4|4|4|5|4|4|4
23073,4,False,4,2,4,4|4|4|4|4|4|5|5|4|4
23079,4,False,4,0,4,4|4|4|4|4|4|4|4|4|4
23093,4,False,4,9,5,5|5|5|5|5|5|5|4|5|5
23114,4,False,4,0,4,4|4|4|4|4|4|4|4|4|4
23115,4,False,4,9,6,6|6|6|6|6|6|6|6|6|4
23120,4,False,4,0,4,4|4|4|4|4|4|4|4|4|4
23127,4,False,4,0,4,4|4|4|4|4|4|4|4|4|4
23139,4,False,4,1,4,4|4|4|4|4|4|4|5|4|4
23143,4,False,4,7,5,5|5|5|4|4|5|5|4|5|5
23148,4,False,4,0,4,4|4|4|4|4|4|4|4|4|4
23169,4,False,4,2,4,4|4|2|4|4|4|4|0|4|4
23173,4,False,4,8,1,4|1|1|1|1|1|5|1|4|1
23174,4,False,4,0,4,4|4|4|4|4|4|4|4|4|4
23180,4,False,4,0,4,4|4|4|4|4|4|4|4|4|4
23191,4,False,4,0,4,4|4|4|4|4|4|4|4|4|4
23205,4,False,4,3,4,4|4|5|5|4|4|5|4|4|4
23223,4,False,4,1,4,4|4|4|4|4|4|4|5|4|4
23226,4,False,4,0,4,4|4|4|4|4|4|4|4|4|4
23237,4,False,4,0,4,4|4|4|4|4|4|4|4|4|4
23245,4,False,4,0,4,4|4|4|4|4|4|4|4|4|4
23249,4,False,4,0,4,4|4|4|4|4|4|4|4|4|4
23253,4,False,4,5,-1,5|5|5|5|4|4|4|4|5|4
23286,4,False,4,5,-1,4|4|4|5|4|5|5|5|5|4
23293,4,False,4,0,4,4|4|4|4|4|4|4|4|4|4
23298,4,False,4,10,5,5|5|5|5|5|5|5|5|5|5
23312,4,False,4,0,4,4|4|4|4|4|4|4|4|4|4
23314,4,False,4,0,4,4|4|4|4|4|4|4|4|4|4
23335,4,False,4,0,4,4|4|4|4|4|4|4|4|4|4
23344,4,False,4,7,0,1|4|9|4|1|0|0|0|4|0
23349,4,False,4,2,4,4|4|4|4|4|4|4|5|5|4
23360,4,False,4,0,4,4|4|4|4|4|4|4|4|4|4
23372,4,False,4,0,4,4|4|4|4|4|4|4|4|4|4
23381,4,False,4,10,5,5|5|5|5|5|5|5|5|5|5
23423,4,False,4,10,6,6|6|6|6|6|6|6|6|6|6
23430,4,False,4,8,1,1|1|2|1|1|1|2|4|4|2
23431,4,False,4,0,4,4|4|4|4|4|4|4|4|4|4
23436,4,False,4,0,4,4|4|4|4|4|4|4|4|4|4
23438,4,False,4,0,4,4|4|4|4|4|4|4|4|4|4
23446,4,False,4,0,4,4|4|4|4|4|4|4|4|4|4
23466,4,False,4,2,4,4|4|1|4|5|4|4|4|4|4
23470,4,False,4,5,-1,5|4|5|5|5|4|5|4|4|4
23486,4,False,4,0,4,4|4|4|4|4|4|4|4|4|4
23488,4,False,4,10,6,6|6|6|6|6|6|6|6|6|6
23506,4,False,4,0,4,4|4|4|4|4|4|4|4|4|4
23516,4,False,4,0,4,4|4|4|4|4|4|4|4|4|4
23522,4,False,4,1,4,4|4|4|4|4|4|4|4|4|5
23531,4,False,4,10,5,5|5|5|5|5|5|5|5|5|5
23535,4,False,4,10,0,0|1|0|1|0|0|0|0|0|0
23539,4,False,4,0,4,4|4|4|4|4|4|4|4|4|4
23550,4,False,4,0,4,4|4|4|4|4|4|4|4|4|4
23579,4,False,4,0,4,4|4|4|4|4|4|4|4|4|4
23580,4,False,4,4,4,4|5|5|4|4|4|4|5|5|4
23610,4,False,4,0,4,4|4|4|4|4|4|4|4|4|4
23615,4,False,4,10,5,5|5|5|5|5|5|5|5|5|5
23619,4,False,4,0,4,4|4|4|4|4|4|4|4|4|4
23652,4,False,4,10,0,0|0|0|0|2|0|1|8|1|0
23657,4,False,4,0,4,4|4|4|4|4|4|4|4|4|4
23667,4,False,4,0,4,4|4|4|4|4|4|4|4|4|4
23668,4,False,4,4,4,4|4|1|4|4|4|1|1|4|1
23672,4,False,4,2,4,4|4|4|5|4|4|4|5|4|4
23675,4,False,4,0,4,4|4|4|4|4|4|4|4|4|4
23677,4,False,4,0,4,4|4|4|4|4|4|4|4|4|4
23690,4,False,4,0,4,4|4|4|4|4|4|4|4|4|4
23706,4,False,4,10,2,2|2|2|1|2|2|2|2|2|2
23719,4,False,4,3,4,4|4|5|4|5|5|4|4|4|4
23729,4,False,4,0,4,4|4|4|4|4|4|4|4|4|4
23738,4,False,4,0,4,4|4|4|4|4|4|4|4|4|4
23744,4,False,4,0,4,4|4|4|4|4|4|4|4|4|4
23754,4,False,4,0,4,4|4|4|4|4|4|4|4|4|4
23764,4,False,4,10,-1,6|6|6|7|7|6|7|6|7|7
23770,4,False,4,0,4,4|4|4|4|4|4|4|4|4|4
23775,4,False,4,0,4,4|4|4|4|4|4|4|4|4|4
23778,4,False,4,0,4,4|4|4|4|4|4|4|4|4|4
23784,4,False,4,0,4,4|4|4|4|4|4|4|4|4|4
23785,4,False,4,0,4,4|4|4|4|4|4|4|4|4|4
23792,4,False,4,8,5,5|5|5|5|5|4|5|5|4|5
23798,4,False,4,3,4,5|4|4|4|4|5|4|4|4|5
23800,4,False,4,0,4,4|4|4|4|4|4|4|4|4|4
23803,4,False,4,0,4,4|4|4|4|4|4|4|4|4|4
23814,4,False,4,0,4,4|4|4|4|4|4|4|4|4|4
23821,4,False,4,7,5,5|4|5|3|5|5|4|5|5|4
23823,4,False,4,0,4,4|4|4|4|4|4|4|4|4|4
23828,4,False,4,4,4,4|4|1|4|3|4|4|5|3|4
23830,4,False,4,10,5,5|5|5|5|5|5|5|5|5|5
23843,4,False,4,0,4,4|4|4|4|4|4|4|4|4|4
23859,4,False,4,8,6,6|6|4|6|4|6|6|6|6|6
23867,4,False,4,4,4,4|5|4|4|4|4|4|5|5|5
23882,4,False,4,0,4,4|4|4|4|4|4|4|4|4|4
23888,4,False,4,0,4,4|4|4|4|4|4|4|4|4|4
23891,4,False,4,10,5,5|5|5|5|5|5|5|5|5|5
23903,4,False,4,0,4,4|4|4|4|4|4|4|4|4|4
23914,4,False,4,0,4,4|4|4|4|4|4|4|4|4|4
23919,4,False,4,0,4,4|4|4|4|4|4|4|4|4|4
23924,4,False,4,10,3,3|3|3|3|3|3|3|3|1|7
23927,4,False,4,2,4,4|4|4|4|4|4|4|5|4|5
23939,4,False,4,0,4,4|4|4|4|4|4|4|4|4|4
23942,4,False,4,0,4,4|4|4|4|4|4|4|4|4|4
23944,4,False,4,10,5,5|5|5|5|5|5|5|5|5|5
23984,4,False,4,0,4,4|4|4|4|4|4|4|4|4|4
23995,4,False,4,10,5,5|5|1|5|5|5|5|5|5|5
24010,4,False,4,0,4,4|4|4|4|4|4|4|4|4|4
24017,4,False,4,1,4,4|4|4|4|5|4|4|4|4|4
24024,4,False,4,1,4,4|4|4|4|4|4|4|4|5|4
24036,4,False,4,0,4,4|4|4|4|4|4|4|4|4|4
24038,4,False,4,0,4,4|4|4|4|4|4|4|4|4|4
24041,4,False,4,10,5,5|5|1|5|5|5|5|5|5|5
24044,4,False,4,9,6,6|6|6|6|6|6|4|6|6|6
24054,4,False,4,0,4,4|4|4|4|4|4|4|4|4|4
24058,4,False,4,0,4,4|4|4|4|4|4|4|4|4|4
24115,4,False,4,5,-1,2|2|4|4|2|2|4|4|4|2
24116,4,False,4,0,4,4|4|4|4|4|4|4|4|4|4
24122,4,False,4,0,4,4|4|4|4|4|4|4|4|4|4
24138,4,False,4,10,5,3|5|2|5|5|3|1|3|5|6
24148,4,False,4,0,4,4|4|4|4|4|4|4|4|4|4
24168,4,False,4,0,4,4|4|4|4|4|4|4|4|4|4
24176,4,False,4,1,4,4|4|4|4|5|4|4|4|4|4
24177,4,False,4,3,4,5|5|4|4|4|4|5|4|4|4
24196,4,False,4,0,4,4|4|4|4|4|4|4|4|4|4
24197,4,False,4,4,4,4|4|6|6|6|6|4|4|4|4
24217,4,False,4,10,5,5|5|5|5|5|5|5|5|5|5
24236,4,False,4,9,5,5|5|5|5|5|5|5|5|5|4
24250,4,False,4,0,4,4|4|4|4|4|4|4|4|4|4
24251,4,False,4,10,5,5|5|5|5|5|5|5|5|5|5
24265,4,False,4,0,4,4|4|4|4|4|4|4|4|4|4
24298,4,False,4,1,4,4|4|4|4|4|4|4|4|5|4
24300,4,False,4,0,4,4|4|4|4|4|4|4|4|4|4
24320,4,False,4,0,4,4|4|4|4|4|4|4|4|4|4
24331,4,False,4,0,4,4|4|4|4|4|4|4|4|4|4
24360,4,False,4,0,4,4|4|4|4|4|4|4|4|4|4
24377,4,False,4,0,4,4|4|4|4|4|4|4|4|4|4
24420,4,False,4,1,4,4|4|4|4|4|5|4|4|4|4
24430,4,False,4,0,4,4|4|4|4|4|4|4|4|4|4
24431,4,False,4,4,4,4|5|4|4|4|5|4|4|5|5
24438,4,False,4,0,4,4|4|4|4|4|4|4|4|4|4
24460,4,False,4,0,4,4|4|4|4|4|4|4|4|4|4
24467,4,False,4,0,4,4|4|4|4|4|4|4|4|4|4
24479,4,False,4,10,-1,3|2|3|2|2|2|2|3|3|3
24487,4,False,4,0,4,4|4|4|4|4|4|4|4|4|4
24497,4,False,4,5,-1,5|4|5|5|5|4|4|4|4|5
24521,4,False,4,0,4,4|4|4|4|4|4|4|4|4|4
24539,4,False,4,8,0,0|5|5|0|0|0|4|0|4|0
24541,4,False,4,0,4,4|4|4|4|4|4|4|4|4|4
24547,4,False,4,0,4,4|4|4|4|4|4|4|4|4|4
24550,4,False,4,0,4,4|4|4|4|4|4|4|4|4|4
24560,4,False,4,0,4,4|4|4|4|4|4|4|4|4|4
24562,4,False,4,0,4,4|4|4|4|4|4|4|4|4|4
24571,4,False,4,0,4,4|4|4|4|4|4|4|4|4|4
24580,4,False,4,0,4,4|4|4|4|4|4|4|4|4|4
24597,4,False,4,10,2,2|3|3|2|2|2|2|2|0|1
24609,4,False,4,0,4,4|4|4|4|4|4|4|4|4|4
24613,4,False,4,0,4,4|4|4|4|4|4|4|4|4|4
24618,4,False,4,0,4,4|4|4|4|4|4|4|4|4|4
24635,4,False,4,0,4,4|4|4|4|4|4|4|4|4|4
24657,4,False,4,8,-1,2|3|1|2|7|5|4|6|4|6
24659,4,False,4,0,4,4|4|4|4|4|4|4|4|4|4
24671,4,False,4,3,4,4|5|5|4|4|1|4|4|4|4
24680,4,False,4,2,4,4|4|4|3|4|4|4|3|4|4
24681,4,False,4,5,-1,5|5|4|4|4|5|4|5|5|4
24694,4,False,4,0,4,4|4|4|4|4|4|4|4|4|4
24696,4,False,4,1,4,4|4|4|5|4|4|4|4|4|4
24697,4,False,4,1,4,4|4|5|4|4|4|4|4|4|4
24703,4,False,4,9,8,5|8|8|8|8|8|4|8|8|9
24729,4,False,4,0,4,4|4|4|4|4|4|4|4|4|4
24742,4,False,4,0,4,4|4|4|4|4|4|4|4|4|4
24747,4,False,4,0,4,4|4|4|4|4|4|4|4|4|4
24783,4,False,4,0,4,4|4|4|4|4|4|4|4|4|4
24795,4,False,4,7,3,3|4|3|4|4|3|2|5|3|3
24802,4,False,4,0,4,4|4|4|4|4|4|4|4|4|4
24830,4,False,4,0,4,4|4|4|4|4|4|4|4|4|4
24850,4,False,4,0,4,4|4|4|4|4|4|4|4|4|4
24852,4,False,4,0,4,4|4|4|4|4|4|4|4|4|4
24855,4,False,4,0,4,4|4|4|4|4|4|4|4|4|4
24865,4,False,4,0,4,4|4|4|4|4|4|4|4|4|4
24866,4,False,4,4,4,4|5|4|4|5|5|5|4|4|4
24873,4,False,4,0,4,4|4|4|4|4|4|4|4|4|4
24880,4,False,4,1,4,4|4|4|4|5|4|4|4|4|4
24890,4,False,4,2,4,4|4|4|5|5|4|4|4|4|4
24899,4,False,4,10,2,2|2|2|2|1|2|2|2|2|2
24900,4,False,4,0,4,4|4|4|4|4|4|4|4|4|4
24910,4,False,4,1,4,4|4|4|4|4|4|4|5|4|4
24912,4,False,4,6,5,5|3|5|4|5|4|4|5|4|5
24918,4,False,4,0,4,4|4|4|4|4|4|4|4|4|4
24935,4,False,4,2,4,4|4|5|5|4|4|4|4|4|4
24942,4,False,4,0,4,4|4|4|4|4|4|4|4|4|4
24946,4,False,4,0,4,4|4|4|4|4|4|4|4|4|4
24952,4,False,4,0,4,4|4|4|4|4|4|4|4|4|4
24965,4,False,4,0,4,4|4|4|4|4|4|4|4|4|4
24966,4,False,4,5,4,4|3|4|4|2|3|4|4|5|3
24972,4,False,4,0,4,4|4|4|4|4|4|4|4|4|4
24974,4,False,4,0,4,4|4|4|4|4|4|4|4|4|4
24979,4,False,4,10,5,5|5|5|5|5|5|5|5|5|5
24995,5,False,5,0,5,5|5|5|5|5|5|5|5|5|5
24997,5,False,5,0,5,5|5|5|5|5|5|5|5|5|5
24998,5,False,5,0,5,5|5|5|5|5|5|5|5|5|5
25002,5,False,5,0,5,5|5|5|5|5|5|5|5|5|5
25015,5,False,5,5,5,5|5|4|0|4|5|5|5|4|1
25017,5,False,5,0,5,5|5|5|5|5|5|5|5|5|5
25031,5,False,5,0,5,5|5|5|5|5|5|5|5|5|5
25053,5,False,5,4,5,5|5|4|4|5|4|5|5|5|4
25056,5,False,5,10,4,4|4|4|4|4|4|4|4|4|4
25057,5,False,5,0,5,5|5|5|5|5|5|5|5|5|5
25059,5,False,5,0,5,5|5|5|5|5|5|5|5|5|5
25068,5,False,5,0,5,5|5|5|5|5|5|5|5|5|5
25075,5,False,5,10,4,2|4|4|4|4|4|4|4|4|4
25081,5,False,5,2,5,5|4|5|5|5|5|5|5|4|5
25085,5,False,5,0,5,5|5|5|5|5|5|5|5|5|5
25086,5,False,5,1,5,5|5|5|5|5|5|5|4|5|5
25100,5,False,5,10,3,2|3|2|1|3|3|3|1|4|1
25119,5,False,5,3,5,5|4|5|5|5|4|4|5|5|5
25127,5,False,5,0,5,5|5|5|5|5|5|5|5|5|5
25128,5,False,5,0,5,5|5|5|5|5|5|5|5|5|5
25137,5,False,5,0,5,5|5|5|5|5|5|5|5|5|5
25140,5,False,5,0,5,5|5|5|5|5|5|5|5|5|5
25163,5,False,5,1,5,5|5|5|5|5|5|5|5|5|1
25179,5,False,5,0,5,5|5|5|5|5|5|5|5|5|5
25193,5,False,5,10,4,4|4|4|4|4|4|4|4|4|4
25203,5,False,5,7,0,0|0|2|5|0|5|5|0|0|0
25214,5,False,5,0,5,5|5|5|5|5|5|5|5|5|5
25217,5,False,5,0,5,5|5|5|5|5|5|5|5|5|5
25223,5,False,5,0,5,5|5|5|5|5|5|5|5|5|5
25230,5,False,5,0,5,5|5|5|5|5|5|5|5|5|5
25239,5,False,5,9,1,1|1|1|1|3|3|5|0|4|3
25248,5,False,5,0,5,5|5|5|5|5|5|5|5|5|5
25252,5,False,5,10,4,4|4|4|4|4|4|4|4|4|4
25254,5,False,5,0,5,5|5|5|5|5|5|5|5|5|5
25258,5,False,5,7,4,4|5|4|4|4|4|5|5|4|4
25261,5,False,5,3,5,5|5|5|5|5|0|0|5|5|0
25265,5,False,5,7,8,8|8|8|8|8|8|5|8|5|5
25291,5,False,5,0,5,5|5|5|5|5|5|5|5|5|5
25330,5,False,5,7,4,4|4|5|5|4|4|5|4|4|4
25332,5,False,5,10,4,4|4|4|4|4|4|4|4|4|4
25337,5,False,5,0,5,5|5|5|5|5|5|5|5|5|5
25340,5,False,5,0,5,5|5|5|5|5|5|5|5|5|5
25352,5,False,5,0,5,5|5|5|5|5|5|5|5|5|5
25360,5,False,5,0,5,5|5|5|5|5|5|5|5|5|5
25369,5,False,5,6,-1,5|4|0|4|4|5|5|4|0|5
25381,5,False,5,0,5,5|5|5|5|5|5|5|5|5|5
25403,5,False,5,0,5,5|5|5|5|5|5|5|5|5|5
25409,5,False,5,0,5,5|5|5|5|5|5|5|5|5|5
25413,5,False,5,0,5,5|5|5|5|5|5|5|5|5|5
25416,5,False,5,3,5,5|5|5|5|4|5|4|5|5|4
25418,5,False,5,10,4,4|4|4|4|4|4|4|4|4|4
25425,5,False,5,10,8,8|8|8|9|8|8|8|8|8|8
25431,5,False,5,2,5,5|5|5|5|3|5|5|4|5|5
25444,5,False,5,10,4,4|4|4|4|4|4|4|4|4|4
25447,5,False,5,0,5,5|5|5|5|5|5|5|5|5|5
25504,5,False,5,0,5,5|5|5|5|5|5|5|5|5|5
25526,5,False,5,0,5,5|5|5|5|5|5|5|5|5|5
25528,5,False,5,5,-1,4|4|5|5|4|4|5|5|5|4
25531,5,False,5,0,5,5|5|5|5|5|5|5|5|5|5
25547,5,False,5,0,5,5|5|5|5|5|5|5|5|5|5
25559,5,False,5,0,5,5|5|5|5|5|5|5|5|5|5
25590,5,False,5,0,5,5|5|5|5|5|5|5|5|5|5
25592,5,False,5,3,5,5|5|5|4|4|5|5|4|5|5
25595,5,False,5,0,5,5|5|5|5|5|5|5|5|5|5
25602,5,False,5,0,5,5|5|5|5|5|5|5|5|5|5
25606,5,False,5,0,5,5|5|5|5|5|5|5|5|5|5
25618,5,False,5,10,4,4|4|4|4|4|4|4|4|4|4
25626,5,False,5,0,5,5|5|5|5|5|5|5|5|5|5
25692,5,False,5,0,5,5|5|5|5|5|5|5|5|5|5
25693,5,False,5,0,5,5|5|5|5|5|5|5|5|5|5
25695,5,False,5,7,1,1|5|2|1|5|4|5|4|1|1
25715,5,False,5,1,5,5|0|5|5|5|5|5|5|5|5
25738,5,False,5,0,5,5|5|5|5|5|5|5|5|5|5
25747,5,False,5,0,5,5|5|5|5|5|5|5|5|5|5
25757,5,False,5,0,5,5|5|5|5|5|5|5|5|5|5
25763,5,False,5,0,5,5|5|5|5|5|5|5|5|5|5
25766,5,False,5,0,5,5|5|5|5|5|5|5|5|5|5
25779,5,False,5,0,5,5|5|5|5|5|5|5|5|5|5
25798,5,False,5,7,4,4|4|5|4|5|4|4|5|4|4
25801,5,False,5,1,5,5|5|5|5|4|5|5|5|5|5
25804,5,False,5,10,-1,9|8|9|8|8|8|8|9|9|9
25833,5,False,5,10,3,3|2|3|2|3|3|3|3|3|3
25841,5,False,5,0,5,5|5|5|5|5|5|5|5|5|5
25857,5,False,5,0,5,5|5|5|5|5|5|5|5|5|5
25864,5,False,5,10,-1,8|8|9|6|8|9|9|8|9|4
25868,5,False,5,3,5,5|5|5|0|5|5|0|5|5|0
25870,5,False,5,0,5,5|5|5|5|5|5|5|5|5|5
25886,5,False,5,10,4,4|4|4|4|4|4|4|4|4|4
25900,5,False,5,9,1,1|1|7|1|1|5|7|1|7|0
25902,5,False,5,0,5,5|5|5|5|5|5|5|5|5|5
25910,5,False,5,0,5,5|5|5|5|5|5|5|5|5|5
25925,5,False,5,0,5,5|5|5|5|5|5|5|5|5|5
25930,5,False,5,0,5,5|5|5|5|5|5|5|5|5|5
25948,5,False,5,0,5,5|5|5|5|5|5|5|5|5|5
25949,5,False,5,10,4,4|4|4|4|4|4|4|4|4|4
25952,5,False,5,2,5,5|5|5|5|4|5|5|1|5|5
25958,5,False,5,0,5,5|5|5|5|5|5|5|5|5|5
25959,5,False,5,1,5,5|5|4|5|5|5|5|5|5|5
25976,5,False,5,1,5,4|5|5|5|5|5|5|5|5|5
25988,5,False,5,9,4,4|4|4|5|4|4|4|4|4|4
25995,5,False,5,0,5,5|5|5|5|5|5|5|5|5|5
25997,5,False,5,9,4,4|4|4|5|4|4|4|4|4|4
26001,5,False,5,2,5,4|5|5|5|4|5|5|5|5|5
26010,5,False,5,0,5,5|5|5|5|5|5|5|5|5|5
26029,5,False,5,0,5,5|5|5|5|5|5|5|5|5|5
26032,5,False,5,0,5,5|5|5|5|5|5|5|5|5|5
26044,5,False,5,4,5,4|5|4|5|5|5|4|5|5|4
26046,5,False,5,0,5,5|5|5|5|5|5|5|5|5|5
26077,5,False,5,6,1,5|5|1|5|1|1|1|5|1|1
26101,5,False,5,0,5,5|5|5|5|5|5|5|5|5|5
26110,5,False,5,4,5,5|5|4|4|4|5|4|5|5|5
26124,5,False,5,4,5,5|5|3|5|3|5|5|3|5|3
26138,5,False,5,0,5,5|5|5|5|5|5|5|5|5|5
26146,5,False,5,1,5,5|5|3|5|5|5|5|5|5|5
26147,5,False,5,0,5,5|5|5|5|5|5|5|5|5|5
26153,5,False,5,2,5,5|5|5|4|4|5|5|5|5|5
26162,5,False,5,7,4,4|4|4|5|4|4|5|4|5|4
26170,5,False,5,0,5,5|5|5|5|5|5|5|5|5|5
26171,5,False,5,3,5,5|1|5|5|2|5|5|0|5|5
26179,5,False,5,0,5,5|5|5|5|5|5|5|5|5|5
26186,5,False,5,1,5,5|5|5|5|5|5|5|5|5|4
26193,5,False,5,0,5,5|5|5|5|5|5|5|5|5|5
26198,5,False,5,0,5,5|5|5|5|5|5|5|5|5|5
26201,5,False,5,0,5,5|5|5|5|5|5|5|5|5|5
26205,5,False,5,0,5,5|5|5|5|5|5|5|5|5|5
26207,5,False,5,0,5,5|5|5|5|5|5|5|5|5|5
26223,5,False,5,0,5,5|5|5|5|5|5|5|5|5|5
26224,5,False,5,0,5,5|5|5|5|5|5|5|5|5|5
26225,5,False,5,0,5,5|5|5|5|5|5|5|5|5|5
26228,5,False,5,0,5,5|5|5|5|5|5|5|5|5|5
26246,5,False,5,0,5,5|5|5|5|5|5|5|5|5|5
26250,5,False,5,0,5,5|5|5|5|5|5|5|5|5|5
26259,5,False,5,6,4,0|5|4|4|4|5|5|5|4|4
26336,5,False,5,0,5,5|5|5|5|5|5|5|5|5|5
26340,5,False,5,0,5,5|5|5|5|5|5|5|5|5|5
26356,5,False,5,0,5,5|5|5|5|5|5|5|5|5|5
26357,5,False,5,0,5,5|5|5|5|5|5|5|5|5|5
26377,5,False,5,0,5,5|5|5|5|5|5|5|5|5|5
26382,5,False,5,1,5,5|5|5|5|5|5|5|4|5|5
26389,5,False,5,6,3,5|3|5|3|3|3|3|5|5|3
26390,5,False,5,10,4,4|4|4|4|4|4|4|4|4|4
26404,5,False,5,0,5,5|5|5|5|5|5|5|5|5|5
26406,5,False,5,0,5,5|5|5|5|5|5|5|5|5|5
26420,5,False,5,0,5,5|5|5|5|5|5|5|5|5|5
26426,5,False,5,10,4,4|4|4|4|4|4|4|4|4|4
26427,5,False,5,0,5,5|5|5|5|5|5|5|5|5|5
26429,5,False,5,0,5,5|5|5|5|5|5|5|5|5|5
26448,5,False,5,0,5,5|5|5|5|5|5|5|5|5|5
26465,5,False,5,2,5,5|5|5|5|5|3|5|5|5|3
26487,5,False,5,0,5,5|5|5|5|5|5|5|5|5|5
26490,5,False,5,2,5,5|5|5|2|5|3|5|5|5|5
26496,5,False,5,9,1,1|5|1|7|1|0|0|1|1|0
26499,5,False,5,3,5,4|4|5|5|4|5|5|5|5|5
26531,5,False,5,10,4,4|4|4|4|4|4|1|4|4|4
26536,5,False,5,10,4,4|4|4|4|4|4|4|4|4|4
26544,5,False,5,6,4,4|4|5|5|3|4|4|5|5|4
26550,5,False,5,0,5,5|5|5|5|5|5|5|5|5|5
26564,5,False,5,10,4,4|4|4|4|4|4|4|4|4|4
26569,5,False,5,0,5,5|5|5|5|5|5|5|5|5|5
26594,5,False,5,2,5,5|5|4|5|4|5|5|5|5|5
26608,5,False,5,0,5,5|5|5|5|5|5|5|5|5|5
26610,5,False,5,8,2,2|2|5|2|5|2|2|1|3|2
26618,5,False,5,0,5,5|5|5|5|5|5|5|5|5|5
26625,5,False,5,10,4,4|4|4|4|4|4|4|4|4|4
26629,5,False,5,0,5,5|5|5|5|5|5|5|5|5|5
26632,5,False,5,0,5,5|5|5|5|5|5|5|5|5|5
26638,5,False,5,6,-1,5|1|5|1|5|1|5|3|1|3
26648,5,False,5,7,4,4|4|5|4|4|4|5|5|4|4
26651,5,False,5,9,4,4|4|5|4|4|4|4|4|4|2
26659,5,False,5,0,5,5|5|5|5|5|5|5|5|5|5
26665,5,False,5,4,5,0|5|0|5|0|5|5|5|0|5
26705,5,False,5,0,5,5|5|5|5|5|5|5|5|5|5
26720,5,False,5,0,5,5|5|5|5|5|5|5|5|5|5
26731,5,False,5,0,5,5|5|5|5|5|5|5|5|5|5
26740,5,False,5,0,5,5|5|5|5|5|5|5|5|5|5
26774,5,False,5,0,5,5|5|5|5|5|5|5|5|5|5
26778,5,False,5,10,6,6|6|6|6|6|6|6|6|6|6
26801,5,False,5,0,5,5|5|5|5|5|5|5|5|5|5
26826,5,False,5,2,5,5|5|4|5|4|5|5|5|5|5
26829,5,False,5,2,5,4|5|5|5|5|5|5|5|5|1
26832,5,False,5,1,5,5|5|4|5|5|5|5|5|5|5
26839,5,False,5,0,5,5|5|5|5|5|5|5|5|5|5
26867,5,False,5,10,1,1|1|1|0|1|1|1|1|1|1
26880,5,False,5,5,5,2|5|5|5|3|5|1|5|1|1
26896,5,False,5,0,5,5|5|5|5|5|5|5|5|5|5
26901,5,False,5,10,1,1|1|1|1|1|1|1|1|1|1
26907,5,False,5,0,5,5|5|5|5|5|5|5|5|5|5
26936,5,False,5,1,5,4|5|5|5|5|5|5|5|5|5
26945,5,False,5,0,5,5|5|5|5|5|5|5|5|5|5
26972,5,False,5,6,4,5|4|5|5|5|4|4|4|4|4
26979,5,False,5,9,4,4|5|4|4|4|4|4|4|4|4
26981,5,False,5,10,2,2|2|2|2|2|2|2|2|2|2
26996,5,False,5,0,5,5|5|5|5|5|5|5|5|5|5
27001,5,False,5,4,5,1|5|1|5|5|3|5|5|5|1
27002,5,False,5,1,5,4|5|5|5|5|5|5|5|5|5
27034,5,False,5,0,5,5|5|5|5|5|5|5|5|5|5
27045,5,False,5,0,5,5|5|5|5|5|5|5|5|5|5
27069,5,False,5,0,5,5|5|5|5|5|5|5|5|5|5
27074,5,False,5,1,5,5|5|3|5|5|5|5|5|5|5
27084,5,False,5,0,5,5|5|5|5|5|5|5|5|5|5
27110,5,False,5,10,4,4|4|4|4|4|4|4|4|4|4
27114,5,False,5,0,5,5|5|5|5|5|5|5|5|5|5
27117,5,False,5,0,5,5|5|5|5|5|5|5|5|5|5
27141,5,False,5,3,5,5|4|5|4|5|5|5|4|5|5
27145,5,False,5,0,5,5|5|5|5|5|5|5|5|5|5
27154,5,False,5,3,5,5|4|4|4|5|5|5|5|5|5
27174,5,False,5,0,5,5|5|5|5|5|5|5|5|5|5
27175,5,False,5,2,5,2|5|5|5|5|1|5|5|5|5
27176,5,False,5,0,5,5|5|5|5|5|5|5|5|5|5
27181,5,False,5,0,5,5|5|5|5|5|5|5|5|5|5
27185,5,False,5,0,5,5|5|5|5|5|5|5|5|5|5
27190,5,False,5,5,5,2|7|5|0|5|0|5|5|5|1
27194,5,False,5,10,0,0|0|0|0|3|0|0|0|0|0
27202,5,False,5,10,4,4|4|4|4|4|4|4|4|4|4
27209,5,False,5,0,5,5|5|5|5|5|5|5|5|5|5
27210,5,False,5,0,5,5|5|5|5|5|5|5|5|5|5
27212,5,False,5,3,5,4|5|5|5|4|5|5|5|5|4
27215,5,False,5,0,5,5|5|5|5|5|5|5|5|5|5
27218,5,False,5,0,5,5|5|5|5|5|5|5|5|5|5
27231,5,False,5,10,4,4|4|4|4|4|4|4|4|4|4
27234,5,False,5,0,5,5|5|5|5|5|5|5|5|5|5
27242,5,False,5,10,3,3|3|3|2|3|3|3|3|3|3
27247,5,False,5,0,5,5|5|5|5|5|5|5|5|5|5
27249,5,False,5,0,5,5|5|5|5|5|5|5|5|5|5
27251,5,False,5,0,5,5|5|5|5|5|5|5|5|5|5
27254,5,False,5,0,5,5|5|5|5|5|5|5|5|5|5
27274,5,False,5,0,5,5|5|5|5|5|5|5|5|5|5
27293,5,False,5,10,1,1|1|1|1|1|1|1|1|1|1
27306,5,False,5,0,5,5|5|5|5|5|5|5|5|5|5
27320,5,False,5,10,4,4|4|4|4|4|4|4|4|4|4
27329,5,False,5,0,5,5|5|5|5|5|5|5|5|5|5
27332,5,False,5,2,5,5|4|5|5|5|4|5|5|5|5
27337,5,False,5,10,4,4|4|4|4|4|4|4|4|4|4
27338,5,False,5,0,5,5|5|5|5|5|5|5|5|5|5
27346,5,False,5,10,4,4|4|4|4|4|4|4|4|4|4
27353,5,False,5,8,-1,5|3|0|2|3|0|2|2|5|3
27356,5,False,5,3,5,5|5|5|2|5|3|3|5|5|5
27362,5,False,5,0,5,5|5|5|5|5|5|5|5|5|5
27367,5,False,5,0,5,5|5|5|5|5|5|5|5|5|5
27372,5,False,5,5,-1,4|5|4|4|4|5|4|5|5|5
27384,5,False,5,0,5,5|5|5|5|5|5|5|5|5|5
27387,5,False,5,0,5,5|5|5|5|5|5|5|5|5|5
27396,5,False,5,0,5,5|5|5|5|5|5|5|5|5|5
27407,5,False,5,0,5,5|5|5|5|5|5|5|5|5|5
27411,5,False,5,0,5,5|5|5|5|5|5|5|5|5|5
27417,5,False,5,0,5,5|5|5|5|5|5|5|5|5|5
27436,5,False,5,0,5,5|5|5|5|5|5|5|5|5|5
27450,5,False,5,5,-1,5|5|4|5|5|4|5|4|4|4
27465,5,False,5,0,5,5|5|5|5|5|5|5|5|5|5
27477,5,False,5,0,5,5|5|5|5|5|5|5|5|5|5
27488,5,False,5,7,-1,5|7|7|5|1|0|3|5|7|9
27527,5,False,5,0,5,5|5|5|5|5|5|5|5|5|5
27537,5,False,5,2,5,5|5|5|5|5|4|5|4|5|5
27544,5,False,5,4,5,4|5|5|4|4|5|5|4|5|5
27545,5,False,5,0,5,5|5|5|5|5|5|5|5|5|5
27548,5,False,5,2,5,4|5|5|5|5|5|1|5|5|5
27558,5,False,5,3,5,5|5|9|5|5|5|5|3|0|5
27582,5,False,5,0,5,5|5|5|5|5|5|5|5|5|5
27583,5,False,5,5,5,3|3|5|5|1|5|5|3|5|3
27589,5,False,5,0,5,5|5|5|5|5|5|5|5|5|5
27594,5,False,5,0,5,5|5|5|5|5|5|5|5|5|5
27604,5,False,5,0,5,5|5|5|5|5|5|5|5|5|5
27613,5,False,5,9,1,1|1|4|1|1|1|1|5|1|1
27621,5,False,5,0,5,5|5|5|5|5|5|5|5|5|5
27622,5,False,5,2,5,5|5|5|4|5|5|5|5|4|5
27639,5,False,5,3,5,4|5|5|5|5|5|5|4|5|4
27645,5,False,5,0,5,5|5|5|5|5|5|5|5|5|5
27678,5,False,5,4,5,2|5|5|2|5|2|5|5|5|1
27688,5,False,5,0,5,5|5|5|5|5|5|5|5|5|5
27694,5,False,5,1,5,5|5|5|5|4|5|5|5|5|5
27698,5,False,5,10,4,4|4|4|4|4|4|4|4|4|4
27699,5,False,5,9,3,3|2|2|3|3|3|3|5|3|3
27712,5,False,5,1,5,4|5|5|5|5|5|5|5|5|5
27725,5,False,5,10,4,4|4|4|4|4|4|4|4|4|4
27735,5,False,5,0,5,5|5|5|5|5|5|5|5|5|5
27742,5,False,5,0,5,5|5|5|5|5|5|5|5|5|5
27751,5,False,5,10,4,4|4|4|4|4|4|4|4|4|4
27773,5,False,5,1,5,5|4|5|5|5|5|5|5|5|5
27788,5,False,5,10,4,4|4|4|4|4|4|4|4|4|4
27792,5,False,5,0,5,5|5|5|5|5|5|5|5|5|5
27793,5,False,5,1,5,5|5|4|5|5|5|5|5|5|5
27805,5,False,5,0,5,5|5|5|5|5|5|5|5|5|5
27806,5,False,5,9,1,1|1|1|7|1|1|1|5|1|1
27815,5,False,5,0,5,5|5|5|5|5|5|5|5|5|5
27816,5,False,5,0,5,5|5|5|5|5|5|5|5|5|5
27832,5,False,5,10,3,3|3|3|2|1|3|3|2|4|4
27841,5,False,5,0,5,5|5|5|5|5|5|5|5|5|5
27847,5,False,5,0,5,5|5|5|5|5|5|5|5|5|5
27864,5,False,5,0,5,5|5|5|5|5|5|5|5|5|5
27873,5,False,5,1,5,5|5|5|5|4|5|5|5|5|5
27877,5,False,5,0,5,5|5|5|5|5|5|5|5|5|5
27883,5,False,5,0,5,5|5|5|5|5|5|5|5|5|5
27885,5,False,5,0,5,5|5|5|5|5|5|5|5|5|5
27890,5,False,5,10,4,4|4|4|4|4|4|4|4|4|4
27901,5,False,5,0,5,5|5|5|5|5|5|5|5|5|5
27902,5,False,5,0,5,5|5|5|5|5|5|5|5|5|5
27912,5,False,5,3,5,5|5|3|5|2|3|5|5|5|5
27940,5,False,5,9,0,0|0|0|5|0|0|0|0|0|0
27944,5,False,5,0,5,5|5|5|5|5|5|5|5|5|5
27961,5,False,5,0,5,5|5|5|5|5|5|5|5|5|5
27964,5,False,5,0,5,5|5|5|5|5|5|5|5|5|5
27972,5,False,5,10,4,4|4|4|4|1|4|1|4|4|4
27973,5,False,5,0,5,5|5|5|5|5|5|5|5|5|5
27982,5,False,5,0,5,5|5|5|5|5|5|5|5|5|5
28021,5,False,5,10,4,4|4|4|4|4|4|4|4|4|4
28030,5,False,5,3,5,5|5|5|5|5|5|4|4|5|4
28040,5,False,5,2,5,1|5|5|5|5|5|5|5|0|5
28049,5,False,5,7,4,4|4|5|4|4|4|5|4|5|4
28057,5,False,5,0,5,5|5|5|5|5|5|5|5|5|5
28065,5,False,5,1,5,5|5|4|5|5|5|5|5|5|5
28078,5,False,5,9,4,2|2|5|4|4|4|4|2|4|4
28098,5,False,5,0,5,5|5|5|5|5|5|5|5|5|5
28101,5,False,5,3,5,5|5|4|5|5|5|5|4|5|4
28138,5,False,5,0,5,5|5|5|5|5|5|5|5|5|5
28162,5,False,5,5,-1,5|4|4|4|4|5|5|5|5|4
28180,5,False,5,1,5,5|5|5|4|5|5|5|5|5|5
28205,5,False,5,0,5,5|5|5|5|5|5|5|5|5|5
28211,5,False,5,1,5,5|5|5|1|5|5|5|5|5|5
28222,5,False,5,0,5,5|5|5|5|5|5|5|5|5|5
28223,5,False,5,10,4,4|4|4|4|4|4|4|4|4|4
28257,5,False,5,4,5,3|5|3|5|5|3|5|5|5|3
28282,5,False,5,2,5,5|5|4|5|4|5|5|5|5|5
28289,5,False,5,0,5,5|5|5|5|5|5|5|5|5|5
28290,5,False,5,0,5,5|5|5|5|5|5|5|5|5|5
28291,5,False,5,6,4,4|4|5|5|5|4|4|4|4|5
28297,5,False,5,10,-1,4|4|4|1|1|1|4|1|4|1
28303,5,False,5,9,4,5|4|4|4|4|4|4|4|4|4
28306,5,False,5,3,5,1|5|4|0|5|5|5|5|5|5
28315,5,False,5,0,5,5|5|5|5|5|5|5|5|5|5
28358,5,False,5,0,5,5|5|5|5|5|5|5|5|5|5
28359,5,False,5,1,5,5|5|5|4|5|5|5|5|5|5
28361,5,False,5,10,4,4|4|4|4|4|4|4|4|4|4
28366,5,False,5,0,5,5|5|5|5|5|5|5|5|5|5
28373,5,False,5,2,5,3|5|5|5|3|5|5|5|5|5
28385,5,False,5,0,5,5|5|5|5|5|5|5|5|5|5
28412,5,False,5,0,5,5|5|5|5|5|5|5|5|5|5
28413,5,False,5,0,5,5|5|5|5|5|5|5|5|5|5
28427,5,False,5,0,5,5|5|5|5|5|5|5|5|5|5
28431,5,False,5,0,5,5|5|5|5|5|5|5|5|5|5
28433,5,False,5,0,5,5|5|5|5|5|5|5|5|5|5
28435,5,False,5,10,4,2|2|3|7|4|4|2|3|4|4
28443,5,False,5,10,4,4|4|4|4|4|4|4|4|4|4
28456,5,False,5,0,5,5|5|5|5|5|5|5|5|5|5
28467,5,False,5,0,5,5|5|5|5|5|5|5|5|5|5
28471,5,False,5,0,5,5|5|5|5|5|5|5|5|5|5
28476,5,False,5,0,5,5|5|5|5|5|5|5|5|5|5
28481,5,False,5,0,5,5|5|5|5|5|5|5|5|5|5
28495,5,False,5,8,1,5|1|1|1|5|1|1|1|1|1
28504,5,False,5,1,5,5|5|5|5|5|5|4|5|5|5
28520,5,False,5,1,5,5|5|5|5|5|5|5|5|5|4
28521,5,False,5,7,2,2|5|2|2|5|8|5|2|2|2
28528,5,False,5,10,4,4|4|4|4|4|4|4|4|4|4
28537,5,False,5,0,5,5|5|5|5|5|5|5|5|5|5
28546,5,False,5,5,-1,4|5|4|4|4|5|4|5|5|5
28552,5,False,5,0,5,5|5|5|5|5|5|5|5|5|5
28562,5,False,5,5,5,5|5|5|4|1|5|5|0|4|2
28569,5,False,5,0,5,5|5|5|5|5|5|5|5|5|5
28584,5,False,5,1,5,5|5|5|5|5|4|5|5|5|5
28592,5,False,5,0,5,5|5|5|5|5|5|5|5|5|5
28617,5,False,5,10,3,3|3|3|3|3|9|0|3|3|3
28621,5,False,5,6,0,5|0|0|0|2|5|5|5|0|0
28626,5,False,5,0,5,5|5|5|5|5|5|5|5|5|5
28627,5,False,5,0,5,5|5|5|5|5|5|5|5|5|5
28630,5,False,5,0,5,5|5|5|5|5|5|5|5|5|5
28643,5,False,5,9,4,4|4|2|4|4|1|4|5|4|4
28645,5,False,5,10,6,6|6|6|6|6|6|6|6|6|6
28660,5,False,5,0,5,5|5|5|5|5|5|5|5|5|5
28664,5,False,5,0,5,5|5|5|5|5|5|5|5|5|5
28672,5,False,5,0,5,5|5|5|5|5|5|5|5|5|5
28699,5,False,5,10,4,4|4|4|4|4|4|4|4|4|4
28709,5,False,5,5,5,1|1|5|5|5|0|4|5|5|1
28712,5,False,5,0,5,5|5|5|5|5|5|5|5|5|5
28721,5,False,5,4,5,4|4|5|5|4|3|5|5|5|5
28740,5,False,5,0,5,5|5|5|5|5|5|5|5|5|5
28748,5,False,5,0,5,5|5|5|5|5|5|5|5|5|5
28752,5,False,5,7,1,4|4|1|4|1|5|1|1|5|5
28753,5,False,5,10,4,4|4|4|4|4|4|4|4|4|4
28755,5,False,5,0,5,5|5|5|5|5|5|5|5|5|5
28791,5,False,5,2,5,5|5|5|5|4|5|5|4|5|5
28803,5,False,5,10,1,1|1|0|0|1|7|4|0|9|1
28810,5,False,5,0,5,5|5|5|5|5|5|5|5|5|5
28813,5,False,5,0,5,5|5|5|5|5|5|5|5|5|5
28820,5,False,5,0,5,5|5|5|5|5|5|5|5|5|5
28827,5,False,5,0,5,5|5|5|5|5|5|5|5|5|5
28851,5,False,5,0,5,5|5|5|5|5|5|5|5|5|5
28852,5,False,5,9,4,4|4|4|4|5|4|4|4|4|4
28860,5,False,5,3,5,0|5|5|0|5|5|5|5|5|0
28866,5,False,5,0,5,5|5|5|5|5|5|5|5|5|5
28872,5,False,5,2,5,5|4|4|5|5|5|5|5|5|5
28878,5,False,5,0,5,5|5|5|5|5|5|5|5|5|5
28879,5,False,5,5,-1,5|5|4|5|4|4|4|5|5|4
28882,5,False,5,0,5,5|5|5|5|5|5|5|5|5|5
28920,5,False,5,0,5,5|5|5|5|5|5|5|5|5|5
28959,5,False,5,0,5,5|5|5|5|5|5|5|5|5|5
28990,5,False,5,0,5,5|5|5|5|5|5|5|5|5|5
28999,5,False,5,1,5,5|5|5|5|5|3|5|5|5|5
29025,5,False,5,0,5,5|5|5|5|5|5|5|5|5|5
29044,5,False,5,4,5,5|5|3|3|3|5|5|3|5|5
29054,5,False,5,1,5,5|5|5|5|1|5|5|5|5|5
29057,5,False,5,2,5,5|5|3|5|4|5|5|5|5|5
29058,5,False,5,0,5,5|5|5|5|5|5|5|5|5|5
29074,5,False,5,0,5,5|5|5|5|5|5|5|5|5|5
29104,5,False,5,1,5,5|5|5|5|4|5|5|5|5|5
29115,5,False,5,0,5,5|5|5|5|5|5|5|5|5|5
29117,5,False,5,2,5,5|5|5|4|5|4|5|5|5|5
29141,5,False,5,5,5,4|4|5|3|5|5|5|1|5|3
29144,5,False,5,0,5,5|5|5|5|5|5|5|5|5|5
29152,5,False,5,0,5,5|5|5|5|5|5|5|5|5|5
29155,5,False,5,1,5,5|5|5|1|5|5|5|5|5|5
29171,5,False,5,0,5,5|5|5|5|5|5|5|5|5|5
29174,5,False,5,0,5,5|5|5|5|5|5|5|5|5|5
29191,5,False,5,0,5,5|5|5|5|5|5|5|5|5|5
29203,5,False,5,3,5,5|4|5|5|5|4|5|4|5|5
29212,5,False,5,1,5,5|5|5|5|5|5|5|4|5|5
29220,5,False,5,0,5,5|5|5|5|5|5|5|5|5|5
29228,5,False,5,0,5,5|5|5|5|5|5|5|5|5|5
29232,5,False,5,1,5,5|5|5|5|5|4|5|5|5|5
29243,5,False,5,0,5,5|5|5|5|5|5|5|5|5|5
29244,5,False,5,1,5,5|5|5|5|5|4|5|5|5|5
29264,5,False,5,0,5,5|5|5|5|5|5|5|5|5|5
29266,5,False,5,0,5,5|5|5|5|5|5|5|5|5|5
29272,5,False,5,1,5,5|5|5|5|3|5|5|5|5|5
29278,5,False,5,8,-1,3|5|4|4|3|3|4|5|3|4
29288,5,False,5,4,5,4|4|4|5|5|5|4|5|5|5
29306,5,False,5,0,5,5|5|5|5|5|5|5|5|5|5
29309,5,False,5,1,5,5|5|5|5|5|4|5|5|5|5
29320,5,False,5,0,5,5|5|5|5|5|5|5|5|5|5
29323,5,False,5,10,0,4|0|0|0|0|0|0|0|0|0
29325,5,False,5,0,5,5|5|5|5|5|5|5|5|5|5
29328,5,False,5,0,5,5|5|5|5|5|5|5|5|5|5
29346,5,False,5,10,0,0|0|8|0|0|0|0|0|9|9
29353,5,False,5,0,5,5|5|5|5|5|5|5|5|5|5
29361,5,False,5,10,4,4|4|4|4|4|4|4|4|4|4
29385,5,False,5,0,5,5|5|5|5|5|5|5|5|5|5
29394,5,False,5,3,5,5|5|5|5|5|0|3|5|5|0
29397,5,False,5,8,4,0|4|5|4|4|5|4|4|4|4
29413,5,False,5,0,5,5|5|5|5|5|5|5|5|5|5
29420,5,False,5,0,5,5|5|5|5|5|5|5|5|5|5
29424,5,False,5,0,5,5|5|5|5|5|5|5|5|5|5
29446,5,False,5,0,5,5|5|5|5|5|5|5|5|5|5
29451,5,False,5,0,5,5|5|5|5|5|5|5|5|5|5
29461,5,False,5,0,5,5|5|5|5|5|5|5|5|5|5
29466,5,False,5,1,5,5|4|5|5|5|5|5|5|5|5
29485,5,False,5,1,5,5|5|5|4|5|5|5|5|5|5
29487,5,False,5,0,5,5|5|5|5|5|5|5|5|5|5
29490,5,False,5,10,0,0|0|0|7|0|0|0|2|0|2
29495,5,False,5,0,5,5|5|5|5|5|5|5|5|5|5
29511,5,False,5,0,5,5|5|5|5|5|5|5|5|5|5
29514,5,False,5,10,1,1|1|1|1|1|1|1|1|1|1
29517,5,False,5,0,5,5|5|5|5|5|5|5|5|5|5
29522,5,False,5,1,5,5|5|4|5|5|5|5|5|5|5
29550,5,False,5,10,3,2|2|3|4|4|3|3|2|3|4
29551,5,False,5,1,5,5|5|5|5|5|5|5|5|5|1
29567,5,False,5,1,5,5|5|5|5|5|4|5|5|5|5
29568,5,False,5,0,5,5|5|5|5|5|5|5|5|5|5
29584,5,False,5,6,5,5|4|1|0|5|5|5|4|1|1
29605,5,False,5,0,5,5|5|5|5|5|5|5|5|5|5
29612,5,False,5,1,5,5|5|5|5|5|5|1|5|5|5
29616,5,False,5,1,5,5|5|5|5|5|1|5|5|5|5
29623,5,False,5,0,5,5|5|5|5|5|5|5|5|5|5
29635,5,False,5,0,5,5|5|5|5|5|5|5|5|5|5
29648,5,False,5,7,4,4|4|5|5|4|4|4|5|4|4
29675,5,False,5,0,5,5|5|5|5|5|5|5|5|5|5
29684,5,False,5,0,5,5|5|5|5|5|5|5|5|5|5
29700,5,False,5,0,5,5|5|5|5|5|5|5|5|5|5
29731,5,False,5,0,5,5|5|5|5|5|5|5|5|5|5
29734,5,False,5,0,5,5|5|5|5|5|5|5|5|5|5
29736,5,False,5,10,3,3|3|3|3|3|3|3|3|3|3
29742,5,False,5,1,5,5|5|5|5|5|5|5|3|5|5
29748,5,False,5,0,5,5|5|5|5|5|5|5|5|5|5
29753,5,False,5,5,5,5|4|5|5|5|5|4|1|4|1
29766,5,False,5,10,4,4|4|4|4|4|4|4|4|4|4
29769,5,False,5,10,4,4|4|4|4|4|4|4|4|4|4
29773,5,False,5,1,5,5|5|4|5|5|5|5|5|5|5
29782,5,False,5,9,8,8|8|7|8|8|8|8|8|5|2
29789,5,False,5,0,5,5|5|5|5|5|5|5|5|5|5
29793,5,False,5,0,5,5|5|5|5|5|5|5|5|5|5
29798,5,False,5,0,5,5|5|5|5|5|5|5|5|5|5
29818,5,False,5,1,5,5|5|5|5|5|5|5|5|4|5
29821,5,False,5,0,5,5|5|5|5|5|5|5|5|5|5
29822,5,False,5,0,5,5|5|5|5|5|5|5|5|5|5
29827,5,False,5,0,5,5|5|5|5|5|5|5|5|5|5
29831,5,False,5,0,5,5|5|5|5|5|5|5|5|5|5
29853,5,False,5,10,4,4|4|4|4|4|4|4|4|4|4
29858,5,False,5,9,2,3|2|0|5|2|0|2|2|2|2
29859,5,False,5,0,5,5|5|5|5|5|5|5|5|5|5
29863,5,False,5,3,5,5|5|5|5|4|5|5|5|4|4
29865,5,False,5,4,5,4|4|5|5|5|4|5|5|5|4
29869,5,False,5,0,5,5|5|5|5|5|5|5|5|5|5
29884,5,False,5,0,5,5|5|5|5|5|5|5|5|5|5
29894,5,False,5,2,5,5|5|0|2|5|5|5|5|5|5
29905,6,False,6,0,6,6|6|6|6|6|6|6|6|6|6
29909,6,False,6,0,6,6|6|6|6|6|6|6|6|6|6
29916,6,False,6,0,6,6|6|6|6|6|6|6|6|6|6
29925,6,False,6,0,6,6|6|6|6|6|6|6|6|6|6
29942,6,False,6,0,6,6|6|6|6|6|6|6|6|6|6
29944,6,False,6,0,6,6|6|6|6|6|6|6|6|6|6
29949,6,False,6,0,6,6|6|6|6|6|6|6|6|6|6
29969,6,False,6,10,7,7|7|7|7|7|7|7|7|7|7
29973,6,False,6,0,6,6|6|6|6|6|6|6|6|6|6
29987,6,False,6,0,6,6|6|6|6|6|6|6|6|6|6
29996,6,False,6,8,2,0|9|6|2|2|2|6|1|0|2
29999,6,False,6,0,6,6|6|6|6|6|6|6|6|6|6
30011,6,False,6,0,6,6|6|6|6|6|6|6|6|6|6
30012,6,False,6,0,6,6|6|6|6|6|6|6|6|6|6
30022,6,False,6,10,0,0|8|9|0|0|0|7|8|0|0
30050,6,False,6,0,6,6|6|6|6|6|6|6|6|6|6
30052,6,False,6,0,6,6|6|6|6|6|6|6|6|6|6
30057,6,False,6,0,6,6|6|6|6|6|6|6|6|6|6
30061,6,False,6,0,6,6|6|6|6|6|6|6|6|6|6
30064,6,False,6,0,6,6|6|6|6|6|6|6|6|6|6
30065,6,False,6,2,6,6|6|7|6|5|6|6|6|6|6
30070,6,False,6,0,6,6|6|6|6|6|6|6|6|6|6
30071,6,False,6,0,6,6|6|6|6|6|6|6|6|6|6
30072,6,False,6,0,6,6|6|6|6|6|6|6|6|6|6
30078,6,False,6,0,6,6|6|6|6|6|6|6|6|6|6
30085,6,False,6,0,6,6|6|6|6|6|6|6|6|6|6
30089,6,False,6,4,6,6|6|6|7|7|6|7|6|7|6
30090,6,False,6,0,6,6|6|6|6|6|6|6|6|6|6
30091,6,False,6,0,6,6|6|6|6|6|6|6|6|6|6
30119,6,False,6,0,6,6|6|6|6|6|6|6|6|6|6
30129,6,False,6,0,6,6|6|6|6|6|6|6|6|6|6
30137,6,False,6,0,6,6|6|6|6|6|6|6|6|6|6
30153,6,False,6,0,6,6|6|6|6|6|6|6|6|6|6
30176,6,False,6,0,6,6|6|6|6|6|6|6|6|6|6
30181,6,False,6,5,6,6|0|9|6|6|6|0|0|8|6
30186,6,False,6,0,6,6|6|6|6|6|6|6|6|6|6
30204,6,False,6,0,6,6|6|6|6|6|6|6|6|6|6
30208,6,False,6,0,6,6|6|6|6|6|6|6|6|6|6
30222,6,False,6,0,6,6|6|6|6|6|6|6|6|6|6
30235,6,False,6,0,6,6|6|6|6|6|6|6|6|6|6
30242,6,False,6,0,6,6|6|6|6|6|6|6|6|6|6
30243,6,False,6,0,6,6|6|6|6|6|6|6|6|6|6
30248,6,False,6,0,6,6|6|6|6|6|6|6|6|6|6
30256,6,False,6,1,6,6|6|6|6|6|6|6|6|6|2
30266,6,False,6,2,6,6|6|6|7|6|6|6|6|6|1
30272,6,False,6,1,6,6|6|9|6|6|6|6|6|6|6
30292,6,False,6,10,4,5|4|4|5|3|4|5|4|4|4
30300,6,False,6,0,6,6|6|6|6|6|6|6|6|6|6
30302,6,False,6,0,6,6|6|6|6|6|6|6|6|6|6
30316,6,False,6,0,6,6|6|6|6|6|6|6|6|6|6
30321,6,False,6,0,6,6|6|6|6|6|6|6|6|6|6
30335,6,False,6,0,6,6|6|6|6|6|6|6|6|6|6
30351,6,False,6,0,6,6|6|6|6|6|6|6|6|6|6
30356,6,False,6,0,6,6|6|6|6|6|6|6|6|6|6
30373,6,False,6,0,6,6|6|6|6|6|6|6|6|6|6
30379,6,False,6,0,6,6|6|6|6|6|6|6|6|6|6
30384,6,False,6,0,6,6|6|6|6|6|6|6|6|6|6
30398,6,False,6,1,6,6|6|6|6|6|6|6|6|6|7
30399,6,False,6,0,6,6|6|6|6|6|6|6|6|6|6
30418,6,False,6,0,6,6|6|6|6|6|6|6|6|6|6
30425,6,False,6,0,6,6|6|6|6|6|6|6|6|6|6
30441,6,False,6,0,6,6|6|6|6|6|6|6|6|6|6
30456,6,False,6,0,6,6|6|6|6|6|6|6|6|6|6
30461,6,False,6,0,6,6|6|6|6|6|6|6|6|6|6
30463,6,False,6,10,7,7|7|7|7|7|7|7|7|7|7
30465,6,False,6,0,6,6|6|6|6|6|6|6|6|6|6
30470,6,False,6,0,6,6|6|6|6|6|6|6|6|6|6
30473,6,False,6,10,7,7|7|7|7|7|7|7|7|7|7
30482,6,False,6,0,6,6|6|6|6|6|6|6|6|6|6
30491,6,False,6,1,6,4|6|6|6|6|6|6|6|6|6
30493,6,False,6,0,6,6|6|6|6|6|6|6|6|6|6
30530,6,False,6,0,6,6|6|6|6|6|6|6|6|6|6
30537,6,False,6,0,6,6|6|6|6|6|6|6|6|6|6
30544,6,False,6,0,6,6|6|6|6|6|6|6|6|6|6
30554,6,False,6,9,0,0|7|6|0|7|0|7|0|0|0
30562,6,False,6,0,6,6|6|6|6|6|6|6|6|6|6
30576,6,False,6,0,6,6|6|6|6|6|6|6|6|6|6
30585,6,False,6,0,6,6|6|6|6|6|6|6|6|6|6
30586,6,False,6,0,6,6|6|6|6|6|6|6|6|6|6
30590,6,False,6,0,6,6|6|6|6|6|6|6|6|6|6
30591,6,False,6,0,6,6|6|6|6|6|6|6|6|6|6
30595,6,False,6,4,6,6|6|2|4|6|6|4|5|6|6
30607,6,False,6,0,6,6|6|6|6|6|6|6|6|6|6
30634,6,False,6,10,7,7|7|7|7|7|7|7|7|7|7
30650,6,False,6,4,6,6|6|6|6|7|7|6|6|7|7
30681,6,False,6,0,6,6|6|6|6|6|6|6|6|6|6
30686,6,False,6,0,6,6|6|6|6|6|6|6|6|6|6
30688,6,False,6,3,6,6|7|7|6|6|6|6|6|6|7
30698,6,False,6,0,6,6|6|6|6|6|6|6|6|6|6
30700,6,False,6,9,4,4|4|6|5|4|4|4|4|4|4
30703,6,False,6,0,6,6|6|6|6|6|6|6|6|6|6
30727,6,False,6,0,6,6|6|6|6|6|6|6|6|6|6
30728,6,False,6,10,0,0|8|8|0|0|8|0|0|0|0
30731,6,False,6,0,6,6|6|6|6|6|6|6|6|6|6
30739,6,False,6,0,6,6|6|6|6|6|6|6|6|6|6
30745,6,False,6,0,6,6|6|6|6|6|6|6|6|6|6
30755,6,False,6,0,6,6|6|6|6|6|6|6|6|6|6
30776,6,False,6,0,6,6|6|6|6|6|6|6|6|6|6
30797,6,False,6,10,0,1|9|8|0|2|0|0|9|0|2
30802,6,False,6,0,6,6|6|6|6|6|6|6|6|6|6
30815,6,False,6,0,6,6|6|6|6|6|6|6|6|6|6
30820,6,False,6,0,6,6|6|6|6|6|6|6|6|6|6
30832,6,False,6,0,6,6|6|6|6|6|6|6|6|6|6
30840,6,False,6,0,6,6|6|6|6|6|6|6|6|6|6
30850,6,False,6,0,6,6|6|6|6|6|6|6|6|6|6
30851,6,False,6,0,6,6|6|6|6|6|6|6|6|6|6
30857,6,False,6,0,6,6|6|6|6|6|6|6|6|6|6
30870,6,False,6,5,6,6|6|0|0|6|7|0|6|6|7
30871,6,False,6,10,3,3|2|3|1|2|3|2|3|5|1
30893,6,False,6,0,6,6|6|6|6|6|6|6|6|6|6
30903,6,False,6,1,6,6|6|7|6|6|6|6|6|6|6
30905,6,False,6,0,6,6|6|6|6|6|6|6|6|6|6
30910,6,False,6,0,6,6|6|6|6|6|6|6|6|6|6
30924,6,False,6,0,6,6|6|6|6|6|6|6|6|6|6
30937,6,False,6,0,6,6|6|6|6|6|6|6|6|6|6
30955,6,False,6,0,6,6|6|6|6|6|6|6|6|6|6
30961,6,False,6,0,6,6|6|6|6|6|6|6|6|6|6
30962,6,False,6,0,6,6|6|6|6|6|6|6|6|6|6
30963,6,False,6,0,6,6|6|6|6|6|6|6|6|6|6
30971,6,False,6,10,7,7|0|9|0|7|7|7|9|7|9
30973,6,False,6,0,6,6|6|6|6|6|6|6|6|6|6
30995,6,False,6,0,6,6|6|6|6|6|6|6|6|6|6
31002,6,False,6,0,6,6|6|6|6|6|6|6|6|6|6
31003,6,False,6,0,6,6|6|6|6|6|6|6|6|6|6
31013,6,False,6,2,6,6|6|6|6|0|6|6|0|6|6
31016,6,False,6,8,7,7|7|7|0|6|7|7|7|7|6
31024,6,False,6,0,6,6|6|6|6|6|6|6|6|6|6
31025,6,False,6,0,6,6|6|6|6|6|6|6|6|6|6
31053,6,False,6,10,7,7|7|7|7|7|7|7|7|7|7
31054,6,False,6,0,6,6|6|6|6|6|6|6|6|6|6
31057,6,False,6,0,6,6|6|6|6|6|6|6|6|6|6
31075,6,False,6,0,6,6|6|6|6|6|6|6|6|6|6
31084,6,False,6,0,6,6|6|6|6|6|6|6|6|6|6
31108,6,False,6,0,6,6|6|6|6|6|6|6|6|6|6
31122,6,False,6,0,6,6|6|6|6|6|6|6|6|6|6
31130,6,False,6,0,6,6|6|6|6|6|6|6|6|6|6
31155,6,False,6,0,6,6|6|6|6|6|6|6|6|6|6
31161,6,False,6,0,6,6|6|6|6|6|6|6|6|6|6
31173,6,False,6,0,6,6|6|6|6|6|6|6|6|6|6
31175,6,False,6,0,6,6|6|6|6|6|6|6|6|6|6
31184,6,False,6,0,6,6|6|6|6|6|6|6|6|6|6
31189,6,False,6,0,6,6|6|6|6|6|6|6|6|6|6
31191,6,False,6,4,6,7|7|7|6|6|6|6|7|6|6
31194,6,False,6,0,6,6|6|6|6|6|6|6|6|6|6
31198,6,False,6,0,6,6|6|6|6|6|6|6|6|6|6
31220,6,False,6,0,6,6|6|6|6|6|6|6|6|6|6
31227,6,False,6,0,6,6|6|6|6|6|6|6|6|6|6
31246,6,False,6,0,6,6|6|6|6|6|6|6|6|6|6
31272,6,False,6,0,6,6|6|6|6|6|6|6|6|6|6
31286,6,False,6,0,6,6|6|6|6|6|6|6|6|6|6
31300,6,False,6,0,6,6|6|6|6|6|6|6|6|6|6
31324,6,False,6,0,6,6|6|6|6|6|6|6|6|6|6
31334,6,False,6,0,6,6|6|6|6|6|6|6|6|6|6
31335,6,False,6,4,6,6|6|6|4|4|6|4|5|6|6
31340,6,False,6,10,7,7|7|7|7|7|7|7|7|7|7
31347,6,False,6,10,7,7|7|7|7|7|7|7|7|7|7
31351,6,False,6,0,6,6|6|6|6|6|6|6|6|6|6
31358,6,False,6,0,6,6|6|6|6|6|6|6|6|6|6
31382,6,False,6,0,6,6|6|6|6|6|6|6|6|6|6
31394,6,False,6,7,7,6|6|7|6|7|7|7|7|7|7
31396,6,False,6,0,6,6|6|6|6|6|6|6|6|6|6
31419,6,False,6,0,6,6|6|6|6|6|6|6|6|6|6
31454,6,False,6,0,6,6|6|6|6|6|6|6|6|6|6
31466,6,False,6,10,7,7|7|7|7|7|7|7|7|7|7
31468,6,False,6,0,6,6|6|6|6|6|6|6|6|6|6
31507,6,False,6,0,6,6|6|6|6|6|6|6|6|6|6
31516,6,False,6,0,6,6|6|6|6|6|6|6|6|6|6
31524,6,False,6,0,6,6|6|6|6|6|6|6|6|6|6
31526,6,False,6,0,6,6|6|6|6|6|6|6|6|6|6
31528,6,False,6,0,6,6|6|6|6|6|6|6|6|6|6
31532,6,False,6,0,6,6|6|6|6|6|6|6|6|6|6
31550,6,False,6,0,6,6|6|6|6|6|6|6|6|6|6
31557,6,False,6,0,6,6|6|6|6|6|6|6|6|6|6
31561,6,False,6,0,6,6|6|6|6|6|6|6|6|6|6
31562,6,False,6,0,6,6|6|6|6|6|6|6|6|6|6
31589,6,False,6,0,6,6|6|6|6|6|6|6|6|6|6
31591,6,False,6,0,6,6|6|6|6|6|6|6|6|6|6
31592,6,False,6,0,6,6|6|6|6|6|6|6|6|6|6
31594,6,False,6,0,6,6|6|6|6|6|6|6|6|6|6
31595,6,False,6,0,6,6|6|6|6|6|6|6|6|6|6
31598,6,False,6,0,6,6|6|6|6|6|6|6|6|6|6
31610,6,False,6,0,6,6|6|6|6|6|6|6|6|6|6
31613,6,False,6,9,7,7|9|7|7|7|7|7|6|7|7
31630,6,False,6,0,6,6|6|6|6|6|6|6|6|6|6
31670,6,False,6,0,6,6|6|6|6|6|6|6|6|6|6
31672,6,False,6,0,6,6|6|6|6|6|6|6|6|6|6
31677,6,False,6,0,6,6|6|6|6|6|6|6|6|6|6
31702,6,False,6,0,6,6|6|6|6|6|6|6|6|6|6
31705,6,False,6,0,6,6|6|6|6|6|6|6|6|6|6
31710,6,False,6,0,6,6|6|6|6|6|6|6|6|6|6
31730,6,False,6,6,8,6|8|8|8|6|6|8|6|8|8
31733,6,False,6,0,6,6|6|6|6|6|6|6|6|6|6
31788,6,False,6,0,6,6|6|6|6|6|6|6|6|6|6
31795,6,False,6,0,6,6|6|6|6|6|6|6|6|6|6
31815,6,False,6,0,6,6|6|6|6|6|6|6|6|6|6
31832,6,False,6,0,6,6|6|6|6|6|6|6|6|6|6
31833,6,False,6,0,6,6|6|6|6|6|6|6|6|6|6
31849,6,False,6,1,6,6|6|6|6|6|0|6|6|6|6
31866,6,False,6,0,6,6|6|6|6|6|6|6|6|6|6
31867,6,False,6,0,6,6|6|6|6|6|6|6|6|6|6
31873,6,False,6,0,6,6|6|6|6|6|6|6|6|6|6
31874,6,False,6,0,6,6|6|6|6|6|6|6|6|6|6
31886,6,False,6,0,6,6|6|6|6|6|6|6|6|6|6
31906,6,False,6,0,6,6|6|6|6|6|6|6|6|6|6
31914,6,False,6,0,6,6|6|6|6|6|6|6|6|6|6
31916,6,False,6,0,6,6|6|6|6|6|6|6|6|6|6
31928,6,False,6,0,6,6|6|6|6|6|6|6|6|6|6
31929,6,False,6,0,6,6|6|6|6|6|6|6|6|6|6
31935,6,False,6,0,6,6|6|6|6|6|6|6|6|6|6
31956,6,False,6,0,6,6|6|6|6|6|6|6|6|6|6
31971,6,False,6,2,6,0|6|6|6|6|6|6|6|6|0
31975,6,False,6,0,6,6|6|6|6|6|6|6|6|6|6
31983,6,False,6,0,6,6|6|6|6|6|6|6|6|6|6
32019,6,False,6,0,6,6|6|6|6|6|6|6|6|6|6
32020,6,False,6,0,6,6|6|6|6|6|6|6|6|6|6
32034,6,False,6,0,6,6|6|6|6|6|6|6|6|6|6
32045,6,False,6,0,6,6|6|6|6|6|6|6|6|6|6
32066,6,False,6,0,6,6|6|6|6|6|6|6|6|6|6
32080,6,False,6,0,6,6|6|6|6|6|6|6|6|6|6
32096,6,False,6,0,6,6|6|6|6|6|6|6|6|6|6
32106,6,False,6,0,6,6|6|6|6|6|6|6|6|6|6
32128,6,False,6,0,6,6|6|6|6|6|6|6|6|6|6
32129,6,False,6,0,6,6|6|6|6|6|6|6|6|6|6
32143,6,False,6,10,8,8|9|9|8|0|8|0|8|8|0
32146,6,False,6,0,6,6|6|6|6|6|6|6|6|6|6
32154,6,False,6,0,6,6|6|6|6|6|6|6|6|6|6
32162,6,False,6,10,7,7|7|7|7|7|7|7|7|7|7
32164,6,False,6,0,6,6|6|6|6|6|6|6|6|6|6
32184,6,False,6,0,6,6|6|6|6|6|6|6|6|6|6
32189,6,False,6,0,6,6|6|6|6|6|6|6|6|6|6
32195,6,False,6,8,7,7|7|7|6|7|6|7|7|7|7
32197,6,False,6,2,6,4|6|6|6|6|4|6|6|6|6
32207,6,False,6,0,6,6|6|6|6|6|6|6|6|6|6
32212,6,False,6,0,6,6|6|6|6|6|6|6|6|6|6
32218,6,False,6,0,6,6|6|6|6|6|6|6|6|6|6
32220,6,False,6,0,6,6|6|6|6|6|6|6|6|6|6
32226,6,False,6,0,6,6|6|6|6|6|6|6|6|6|6
32232,6,False,6,0,6,6|6|6|6|6|6|6|6|6|6
32240,6,False,6,0,6,6|6|6|6|6|6|6|6|6|6
32250,6,False,6,0,6,6|6|6|6|6|6|6|6|6|6
32251,6,False,6,0,6,6|6|6|6|6|6|6|6|6|6
32255,6,False,6,0,6,6|6|6|6|6|6|6|6|6|6
32277,6,False,6,0,6,6|6|6|6|6|6|6|6|6|6
32284,6,False,6,0,6,6|6|6|6|6|6|6|6|6|6
32285,6,False,6,0,6,6|6|6|6|6|6|6|6|6|6
32289,6,False,6,1,6,6|6|6|6|6|6|6|9|6|6
32315,6,False,6,0,6,6|6|6|6|6|6|6|6|6|6
32316,6,False,6,0,6,6|6|6|6|6|6|6|6|6|6
32320,6,False,6,0,6,6|6|6|6|6|6|6|6|6|6
32346,6,False,6,0,6,6|6|6|6|6|6|6|6|6|6
32357,6,False,6,0,6,6|6|6|6|6|6|6|6|6|6
32358,6,False,6,6,9,6|6|6|9|9|9|6|9|0|9
32359,6,False,6,0,6,6|6|6|6|6|6|6|6|6|6
32360,6,False,6,0,6,6|6|6|6|6|6|6|6|6|6
32381,6,False,6,0,6,6|6|6|6|6|6|6|6|6|6
32394,6,False,6,5,-1,6|7|7|6|7|6|7|6|6|7
32398,6,False,6,0,6,6|6|6|6|6|6|6|6|6|6
32406,6,False,6,0,6,6|6|6|6|6|6|6|6|6|6
32410,6,False,6,0,6,6|6|6|6|6|6|6|6|6|6
32412,6,False,6,0,6,6|6|6|6|6|6|6|6|6|6
32420,6,False,6,0,6,6|6|6|6|6|6|6|6|6|6
32448,6,False,6,0,6,6|6|6|6|6|6|6|6|6|6
32451,6,False,6,0,6,6|6|6|6|6|6|6|6|6|6
32467,6,False,6,0,6,6|6|6|6|6|6|6|6|6|6
32485,6,False,6,0,6,6|6|6|6|6|6|6|6|6|6
32498,6,False,6,0,6,6|6|6|6|6|6|6|6|6|6
32510,6,False,6,0,6,6|6|6|6|6|6|6|6|6|6
32511,6,False,6,0,6,6|6|6|6|6|6|6|6|6|6
32537,6,False,6,0,6,6|6|6|6|6|6|6|6|6|6
32543,6,False,6,0,6,6|6|6|6|6|6|6|6|6|6
32574,6,False,6,5,6,2|6|2|6|3|6|3|6|2|6
32590,6,False,6,8,2,2|6|4|2|2|6|1|3|5|5
32597,6,False,6,0,6,6|6|6|6|6|6|6|6|6|6
32603,6,False,6,0,6,6|6|6|6|6|6|6|6|6|6
32625,6,False,6,0,6,6|6|6|6|6|6|6|6|6|6
32629,6,False,6,0,6,6|6|6|6|6|6|6|6|6|6
32644,6,False,6,0,6,6|6|6|6|6|6|6|6|6|6
32648,6,False,6,0,6,6|6|6|6|6|6|6|6|6|6
32649,6,False,6,0,6,6|6|6|6|6|6|6|6|6|6
32650,6,False,6,0,6,6|6|6|6|6|6|6|6|6|6
32657,6,False,6,0,6,6|6|6|6|6|6|6|6|6|6
32661,6,False,6,0,6,6|6|6|6|6|6|6|6|6|6
32673,6,False,6,0,6,6|6|6|6|6|6|6|6|6|6
32684,6,False,6,0,6,6|6|6|6|6|6|6|6|6|6
32689,6,False,6,10,7,7|7|7|7|7|7|7|7|7|7
32702,6,False,6,0,6,6|6|6|6|6|6|6|6|6|6
32710,6,False,6,10,7,7|7|7|7|7|7|7|7|7|7
32722,6,False,6,0,6,6|6|6|6|6|6|6|6|6|6
32731,6,False,6,0,6,6|6|6|6|6|6|6|6|6|6
32735,6,False,6,0,6,6|6|6|6|6|6|6|6|6|6
32752,6,False,6,0,6,6|6|6|6|6|6|6|6|6|6
32755,6,False,6,0,6,6|6|6|6|6|6|6|6|6|6
32762,6,False,6,0,6,6|6|6|6|6|6|6|6|6|6
32763,6,False,6,0,6,6|6|6|6|6|6|6|6|6|6
32780,6,False,6,0,6,6|6|6|6|6|6|6|6|6|6
32782,6,False,6,0,6,6|6|6|6|6|6|6|6|6|6
32810,6,False,6,9,2,6|2|1|2|7|3|3|3|2|2
32815,6,False,6,0,6,6|6|6|6|6|6|6|6|6|6
32831,6,False,6,0,6,6|6|6|6|6|6|6|6|6|6
32832,6,False,6,0,6,6|6|6|6|6|6|6|6|6|6
32842,6,False,6,0,6,6|6|6|6|6|6|6|6|6|6
32854,6,False,6,0,6,6|6|6|6|6|6|6|6|6|6
32882,6,False,6,9,5,5|7|7|5|5|7|6|5|3|3
32905,6,False,6,0,6,6|6|6|6|6|6|6|6|6|6
32909,6,False,6,0,6,6|6|6|6|6|6|6|6|6|6
32915,6,False,6,0,6,6|6|6|6|6|6|6|6|6|6
32931,6,False,6,9,8,8|6|0|8|8|8|8|8|0|8
32940,6,False,6,0,6,6|6|6|6|6|6|6|6|6|6
32948,6,False,6,0,6,6|6|6|6|6|6|6|6|6|6
32952,6,False,6,0,6,6|6|6|6|6|6|6|6|6|6
32963,6,False,6,0,6,6|6|6|6|6|6|6|6|6|6
32971,6,False,6,0,6,6|6|6|6|6|6|6|6|6|6
32972,6,False,6,0,6,6|6|6|6|6|6|6|6|6|6
32975,6,False,6,10,9,9|9|9|9|2|8|9|9|9|9
32981,6,False,6,0,6,6|6|6|6|6|6|6|6|6|6
32983,6,False,6,0,6,6|6|6|6|6|6|6|6|6|6
32986,6,False,6,0,6,6|6|6|6|6|6|6|6|6|6
33023,6,False,6,0,6,6|6|6|6|6|6|6|6|6|6
33031,6,False,6,0,6,6|6|6|6|6|6|6|6|6|6
33048,6,False,6,0,6,6|6|6|6|6|6|6|6|6|6
33049,6,False,6,0,6,6|6|6|6|6|6|6|6|6|6
33062,6,False,6,10,7,5|7|2|7|7|7|5|7|7|5
33064,6,False,6,0,6,6|6|6|6|6|6|6|6|6|6
33066,6,False,6,0,6,6|6|6|6|6|6|6|6|6|6
33068,6,False,6,0,6,6|6|6|6|6|6|6|6|6|6
33071,6,False,6,0,6,6|6|6|6|6|6|6|6|6|6
33075,6,False,6,1,6,0|6|6|6|6|6|6|6|6|6
33123,6,False,6,1,6,6|6|6|6|6|7|6|6|6|6
33146,6,False,6,0,6,6|6|6|6|6|6|6|6|6|6
33151,6,False,6,0,6,6|6|6|6|6|6|6|6|6|6
33155,6,False,6,1,6,6|6|6|6|6|6|6|6|4|6
33160,6,False,6,0,6,6|6|6|6|6|6|6|6|6|6
33166,6,False,6,7,7,6|7|6|7|7|0|7|7|6|7
33173,6,False,6,1,6,6|6|6|6|6|6|0|6|6|6
33175,6,False,6,0,6,6|6|6|6|6|6|6|6|6|6
33176,6,False,6,10,0,1|0|1|5|1|0|0|0|1|0
33198,6,False,6,0,6,6|6|6|6|6|6|6|6|6|6
33206,6,False,6,0,6,6|6|6|6|6|6|6|6|6|6
33220,6,False,6,0,6,6|6|6|6|6|6|6|6|6|6
33262,6,False,6,0,6,6|6|6|6|6|6|6|6|6|6
33274,6,False,6,0,6,6|6|6|6|6|6|6|6|6|6
33291,6,False,6,9,7,6|7|7|7|7|7|7|7|7|7
33294,6,False,6,10,7,7|7|7|7|7|7|7|7|7|7
33301,6,False,6,0,6,6|6|6|6|6|6|6|6|6|6
33350,6,False,6,0,6,6|6|6|6|6|6|6|6|6|6
33367,6,False,6,0,6,6|6|6|6|6|6|6|6|6|6
33379,6,False,6,1,6,6|5|6|6|6|6|6|6|6|6
33394,6,False,6,0,6,6|6|6|6|6|6|6|6|6|6
33424,6,False,6,0,6,6|6|6|6|6|6|6|6|6|6
33465,6,False,6,0,6,6|6|6|6|6|6|6|6|6|6
33467,6,False,6,0,6,6|6|6|6|6|6|6|6|6|6
33515,6,False,6,1,6,6|6|6|6|6|6|6|6|3|6
33527,6,False,6,2,6,6|6|6|6|7|6|7|6|6|6
33528,6,False,6,1,6,6|6|6|4|6|6|6|6|6|6
33544,6,False,6,0,6,6|6|6|6|6|6|6|6|6|6
33554,6,False,6,0,6,6|6|6|6|6|6|6|6|6|6
33578,6,False,6,0,6,6|6|6|6|6|6|6|6|6|6
33585,6,False,6,0,6,6|6|6|6|6|6|6|6|6|6
33586,6,False,6,0,6,6|6|6|6|6|6|6|6|6|6
33592,6,False,6,0,6,6|6|6|6|6|6|6|6|6|6
33601,6,False,6,0,6,6|6|6|6|6|6|6|6|6|6
33609,6,False,6,0,6,6|6|6|6|6|6|6|6|6|6
33612,6,False,6,0,6,6|6|6|6|6|6|6|6|6|6
33619,6,False,6,0,6,6|6|6|6|6|6|6|6|6|6
33627,6,False,6,10,7,7|7|7|7|7|7|7|7|7|7
33628,6,False,6,0,6,6|6|6|6|6|6|6|6|6|6
33639,6,False,6,0,6,6|6|6|6|6|6|6|6|6|6
33647,6,False,6,0,6,6|6|6|6|6|6|6|6|6|6
33648,6,False,6,0,6,6|6|6|6|6|6|6|6|6|6
33652,6,False,6,8,7,7|7|7|6|7|7|7|6|7|7
33656,6,False,6,5,6,6|7|6|6|6|7|9|9|7|6
33657,6,False,6,0,6,6|6|6|6|6|6|6|6|6|6
33660,6,False,6,0,6,6|6|6|6|6|6|6|6|6|6
33661,6,False,6,0,6,6|6|6|6|6|6|6|6|6|6
33662,6,False,6,0,6,6|6|6|6|6|6|6|6|6|6
33668,6,False,6,0,6,6|6|6|6|6|6|6|6|6|6
33687,6,False,6,10,0,0|0|0|0|0|0|0|0|0|0
33739,6,False,6,5,6,6|6|2|4|6|0|4|0|6|6
33752,6,False,6,0,6,6|6|6|6|6|6|6|6|6|6
33753,6,False,6,0,6,6|6|6|6|6|6|6|6|6|6
33762,6,False,6,3,6,6|4|6|4|6|6|6|4|6|6
33763,6,False,6,0,6,6|6|6|6|6|6|6|6|6|6
33775,6,False,6,0,6,6|6|6|6|6|6|6|6|6|6
33782,6,False,6,0,6,6|6|6|6|6|6|6|6|6|6
33796,6,False,6,0,6,6|6|6|6|6|6|6|6|6|6
33798,6,False,6,0,6,6|6|6|6|6|6|6|6|6|6
33803,6,False,6,0,6,6|6|6|6|6|6|6|6|6|6
33811,6,False,6,0,6,6|6|6|6|6|6|6|6|6|6
33816,6,False,6,0,6,6|6|6|6|6|6|6|6|6|6
33825,6,False,6,3,6,6|6|6|0|0|6|6|0|6|6
33838,6,False,6,0,6,6|6|6|6|6|6|6|6|6|6
33852,6,False,6,0,6,6|6|6|6|6|6|6|6|6|6
33855,6,False,6,0,6,6|6|6|6|6|6|6|6|6|6
33858,6,False,6,0,6,6|6|6|6|6|6|6|6|6|6
33859,6,False,6,0,6,6|6|6|6|6|6|6|6|6|6
33867,6,False,6,0,6,6|6|6|6|6|6|6|6|6|6
33875,6,False,6,0,6,6|6|6|6|6|6|6|6|6|6
33885,6,False,6,0,6,6|6|6|6|6|6|6|6|6|6
33890,6,False,6,0,6,6|6|6|6|6|6|6|6|6|6
33892,6,False,6,2,6,6|6|6|7|6|6|7|6|6|6
33898,6,False,6,0,6,6|6|6|6|6|6|6|6|6|6
33905,6,False,6,0,6,6|6|6|6|6|6|6|6|6|6
33910,6,False,6,4,6,6|7|6|6|6|9|0|6|0|6
33914,6,False,6,2,6,6|6|7|6|6|7|6|6|6|6
33925,6,False,6,3,6,6|0|6|6|6|6|0|0|6|6
33928,6,False,6,0,6,6|6|6|6|6|6|6|6|6|6
33941,6,False,6,0,6,6|6|6|6|6|6|6|6|6|6
33945,6,False,6,0,6,6|6|6|6|6|6|6|6|6|6
33957,6,False,6,0,6,6|6|6|6|6|6|6|6|6|6
33992,6,False,6,1,6,6|6|6|6|6|6|6|6|1|6
34002,6,False,6,0,6,6|6|6|6|6|6|6|6|6|6
34008,6,False,6,0,6,6|6|6|6|6|6|6|6|6|6
34012,6,False,6,5,6,4|6|6|4|0|4|6|6|4|6
34015,6,False,6,0,6,6|6|6|6|6|6|6|6|6|6
34017,6,False,6,0,6,6|6|6|6|6|6|6|6|6|6
34018,6,False,6,0,6,6|6|6|6|6|6|6|6|6|6
34029,6,False,6,0,6,6|6|6|6|6|6|6|6|6|6
34033,6,False,6,0,6,6|6|6|6|6|6|6|6|6|6
34046,6,False,6,0,6,6|6|6|6|6|6|6|6|6|6
34048,6,False,6,0,6,6|6|6|6|6|6|6|6|6|6
34049,6,False,6,0,6,6|6|6|6|6|6|6|6|6|6
34050,6,False,6,0,6,6|6|6|6|6|6|6|6|6|6
34059,6,False,6,4,6,7|6|6|6|6|6|7|8|6|4
34068,6,False,6,0,6,6|6|6|6|6|6|6|6|6|6
34072,6,False,6,0,6,6|6|6|6|6|6|6|6|6|6
34082,6,False,6,6,7,7|6|6|6|6|7|7|7|7|7
34099,6,False,6,0,6,6|6|6|6|6|6|6|6|6|6
34100,6,False,6,0,6,6|6|6|6|6|6|6|6|6|6
34108,6,False,6,0,6,6|6|6|6|6|6|6|6|6|6
34111,6,False,6,0,6,6|6|6|6|6|6|6|6|6|6
34116,6,False,6,0,6,6|6|6|6|6|6|6|6|6|6
34192,6,False,6,0,6,6|6|6|6|6|6|6|6|6|6
34201,6,False,6,0,6,6|6|6|6|6|6|6|6|6|6
34209,6,False,6,0,6,6|6|6|6|6|6|6|6|6|6
34216,6,False,6,1,6,6|6|6|6|6|6|6|6|6|7
34219,6,False,6,1,6,6|6|6|9|6|6|6|6|6|6
34241,6,False,6,0,6,6|6|6|6|6|6|6|6|6|6
34243,6,False,6,0,6,6|6|6|6|6|6|6|6|6|6
34261,6,False,6,0,6,6|6|6|6|6|6|6|6|6|6
34269,6,False,6,0,6,6|6|6|6|6|6|6|6|6|6
34277,6,False,6,0,6,6|6|6|6|6|6|6|6|6|6
34288,6,False,6,8,7,7|7|7|7|6|6|7|7|7|7
34298,6,False,6,6,-1,0|6|6|0|1|0|6|6|0|2
34316,6,False,6,0,6,6|6|6|6|6|6|6|6|6|6
34322,6,False,6,0,6,6|6|6|6|6|6|6|6|6|6
34323,6,False,6,0,6,6|6|6|6|6|6|6|6|6|6
34333,6,False,6,0,6,6|6|6|6|6|6|6|6|6|6
34336,6,False,6,0,6,6|6|6|6|6|6|6|6|6|6
34340,6,False,6,0,6,6|6|6|6|6|6|6|6|6|6
34349,6,False,6,0,6,6|6|6|6|6|6|6|6|6|6
34351,6,False,6,0,6,6|6|6|6|6|6|6|6|6|6
34358,6,False,6,2,6,6|6|6|9|6|6|6|0|6|6
34359,6,False,6,10,7,8|7|7|7|7|7|7|7|7|7
34365,6,False,6,1,6,6|6|6|6|6|6|6|8|6|6
34375,6,False,6,0,6,6|6|6|6|6|6|6|6|6|6
34386,6,False,6,10,7,7|7|7|7|7|7|7|7|7|7
34392,6,False,6,0,6,6|6|6|6|6|6|6|6|6|6
34394,6,False,6,6,6,0|6|7|7|6|6|0|6|0|7
34405,6,False,6,0,6,6|6|6|6|6|6|6|6|6|6
34419,6,False,6,0,6,6|6|6|6|6|6|6|6|6|6
34470,6,False,6,0,6,6|6|6|6|6|6|6|6|6|6
34477,6,False,6,1,6,6|0|6|6|6|6|6|6|6|6
34481,6,False,6,0,6,6|6|6|6|6|6|6|6|6|6
34488,6,False,6,0,6,6|6|6|6|6|6|6|6|6|6
34495,6,False,6,0,6,6|6|6|6|6|6|6|6|6|6
34536,6,False,6,0,6,6|6|6|6|6|6|6|6|6|6
34548,6,False,6,2,6,6|6|6|7|6|6|7|6|6|6
34555,6,False,6,0,6,6|6|6|6|6|6|6|6|6|6
34566,6,False,6,0,6,6|6|6|6|6|6|6|6|6|6
34569,6,False,6,0,6,6|6|6|6|6|6|6|6|6|6
34599,6,False,6,0,6,6|6|6|6|6|6|6|6|6|6
34610,6,False,6,0,6,6|6|6|6|6|6|6|6|6|6
34633,6,False,6,7,5,5|5|5|5|6|3|6|6|5|1
34658,6,False,6,0,6,6|6|6|6|6|6|6|6|6|6
34660,6,False,6,10,7,7|7|7|7|7|7|7|7|7|7
34665,6,False,6,0,6,6|6|6|6|6|6|6|6|6|6
34666,6,False,6,0,6,6|6|6|6|6|6|6|6|6|6
34667,6,False,6,0,6,6|6|6|6|6|6|6|6|6|6
34698,6,False,6,0,6,6|6|6|6|6|6|6|6|6|6
34699,6,False,6,0,6,6|6|6|6|6|6|6|6|6|6
34704,6,False,6,0,6,6|6|6|6|6|6|6|6|6|6
34708,6,False,6,1,6,6|6|6|6|6|6|6|6|6|2
34711,6,False,6,0,6,6|6|6|6|6|6|6|6|6|6
34712,6,False,6,0,6,6|6|6|6|6|6|6|6|6|6
34721,6,False,6,0,6,6|6|6|6|6|6|6|6|6|6
34776,6,False,6,0,6,6|6|6|6|6|6|6|6|6|6
34781,6,False,6,1,6,6|6|6|6|6|6|6|6|6|7
34793,6,False,6,0,6,6|6|6|6|6|6|6|6|6|6
34795,6,False,6,0,6,6|6|6|6|6|6|6|6|6|6
34811,6,False,6,0,6,6|6|6|6|6|6|6|6|6|6
34821,6,False,6,0,6,6|6|6|6|6|6|6|6|6|6
34822,6,False,6,0,6,6|6|6|6|6|6|6|6|6|6
34830,6,False,6,0,6,6|6|6|6|6|6|6|6|6|6
34834,6,False,6,0,6,6|6|6|6|6|6|6|6|6|6
34843,6,False,6,0,6,6|6|6|6|6|6|6|6|6|6
34851,6,False,6,0,6,6|6|6|6|6|6|6|6|6|6
34852,6,False,6,0,6,6|6|6|6|6|6|6|6|6|6
34853,6,False,6,10,0,1|0|9|0|0|1|0|0|1|1
34862,6,False,6,0,6,6|6|6|6|6|6|6|6|6|6
34863,6,False,6,0,6,6|6|6|6|6|6|6|6|6|6
34877,6,False,6,0,6,6|6|6|6|6|6|6|6|6|6
34884,6,False,6,0,6,6|6|6|6|6|6|6|6|6|6
34920,6,False,6,0,6,6|6|6|6|6|6|6|6|6|6
34928,6,False,6,0,6,6|6|6|6|6|6|6|6|6|6
34936,6,False,6,0,6,6|6|6|6|6|6|6|6|6|6
34940,6,False,6,0,6,6|6|6|6|6|6|6|6|6|6
34963,6,False,6,10,7,7|7|7|7|7|7|7|7|7|7
34965,6,False,6,0,6,6|6|6|6|6|6|6|6|6|6
34966,6,False,6,0,6,6|6|6|6|6|6|6|6|6|6
34988,6,False,6,0,6,6|6|6|6|6|6|6|6|6|6
35000,6,False,6,0,6,6|6|6|6|6|6|6|6|6|6
35008,6,False,6,0,6,6|6|6|6|6|6|6|6|6|6
35009,6,False,6,0,6,6|6|6|6|6|6|6|6|6|6
35020,6,False,6,0,6,6|6|6|6|6|6|6|6|6|6
35026,6,False,6,0,6,6|6|6|6|6|6|6|6|6|6
35041,6,False,6,0,6,6|6|6|6|6|6|6|6|6|6
35056,6,False,6,0,6,6|6|6|6|6|6|6|6|6|6
35070,6,False,6,0,6,6|6|6|6|6|6|6|6|6|6
35088,6,False,6,0,6,6|6|6|6|6|6|6|6|6|6
35092,6,False,6,0,6,6|6|6|6|6|6|6|6|6|6
35109,6,False,6,0,6,6|6|6|6|6|6|6|6|6|6
35122,6,False,6,0,6,6|6|6|6|6|6|6|6|6|6
35127,6,False,6,0,6,6|6|6|6|6|6|6|6|6|6
35134,6,False,6,0,6,6|6|6|6|6|6|6|6|6|6
35135,6,False,6,0,6,6|6|6|6|6|6|6|6|6|6
35162,6,False,6,0,6,6|6|6|6|6|6|6|6|6|6
35171,6,False,6,6,6,6|7|9|6|0|0|7|6|6|2
35174,6,False,6,1,6,6|7|6|6|6|6|6|6|6|6
35191,6,False,6,0,6,6|6|6|6|6|6|6|6|6|6
35197,6,False,6,0,6,6|6|6|6|6|6|6|6|6|6
35214,6,False,6,10,4,4|7|4|4|1|5|7|5|4|4
35221,6,False,6,0,6,6|6|6|6|6|6|6|6|6|6
35242,7,False,7,0,7,7|7|7|7|7|7|7|7|7|7
35250,7,False,7,0,7,7|7|7|7|7|7|7|7|7|7
35256,7,False,7,0,7,7|7|7|7|7|7|7|7|7|7
35265,7,False,7,1,7,7|7|7|1|7|7|7|7|7|7
35272,7,False,7,2,7,7|7|7|6|6|7|7|7|7|7
35293,7,False,7,0,7,7|7|7|7|7|7|7|7|7|7
35302,7,False,7,0,7,7|7|7|7|7|7|7|7|7|7
35309,7,False,7,0,7,7|7|7|7|7|7|7|7|7|7
35312,7,False,7,8,6,0|6|7|6|6|6|6|7|6|0
35313,7,False,7,0,7,7|7|7|7|7|7|7|7|7|7
35314,7,False,7,0,7,7|7|7|7|7|7|7|7|7|7
35319,7,False,7,0,7,7|7|7|7|7|7|7|7|7|7
35323,7,False,7,0,7,7|7|7|7|7|7|7|7|7|7
35335,7,False,7,0,7,7|7|7|7|7|7|7|7|7|7
35336,7,False,7,0,7,7|7|7|7|7|7|7|7|7|7
35343,7,False,7,3,7,7|7|7|7|6|7|7|6|6|7
35344,7,False,7,9,0,0|9|0|0|0|0|7|0|8|0
35352,7,False,7,0,7,7|7|7|7|7|7|7|7|7|7
35367,7,False,7,0,7,7|7|7|7|7|7|7|7|7|7
35370,7,False,7,0,7,7|7|7|7|7|7|7|7|7|7
35373,7,False,7,0,7,7|7|7|7|7|7|7|7|7|7
35376,7,False,7,0,7,7|7|7|7|7|7|7|7|7|7
35380,7,False,7,10,6,6|6|6|6|6|6|6|6|6|8
35385,7,False,7,0,7,7|7|7|7|7|7|7|7|7|7
35390,7,False,7,0,7,7|7|7|7|7|7|7|7|7|7
35397,7,False,7,0,7,7|7|7|7|7|7|7|7|7|7
35401,7,False,7,1,7,6|7|7|7|7|7|7|7|7|7
35402,7,False,7,0,7,7|7|7|7|7|7|7|7|7|7
35410,7,False,7,0,7,7|7|7|7|7|7|7|7|7|7
35423,7,False,7,0,7,7|7|7|7|7|7|7|7|7|7
35424,7,False,7,0,7,7|7|7|7|7|7|7|7|7|7
35426,7,False,7,0,7,7|7|7|7|7|7|7|7|7|7
35429,7,False,7,0,7,7|7|7|7|7|7|7|7|7|7
35435,7,False,7,0,7,7|7|7|7|7|7|7|7|7|7
35479,7,False,7,0,7,7|7|7|7|7|7|7|7|7|7
35496,7,False,7,0,7,7|7|7|7|7|7|7|7|7|7
35497,7,False,7,9,0,0|4|4|0|0|0|7|0|4|0
35502,7,False,7,7,8,8|5|8|8|5|7|7|8|7|4
35510,7,False,7,0,7,7|7|7|7|7|7|7|7|7|7
35512,7,False,7,0,7,7|7|7|7|7|7|7|7|7|7
35523,7,False,7,0,7,7|7|7|7|7|7|7|7|7|7
35545,7,False,7,0,7,7|7|7|7|7|7|7|7|7|7
35547,7,False,7,0,7,7|7|7|7|7|7|7|7|7|7
35550,7,False,7,0,7,7|7|7|7|7|7|7|7|7|7
35568,7,False,7,0,7,7|7|7|7|7|7|7|7|7|7
35572,7,False,7,0,7,7|7|7|7|7|7|7|7|7|7
35586,7,False,7,2,7,6|7|7|7|6|7|7|7|7|7
35591,7,False,7,0,7,7|7|7|7|7|7|7|7|7|7
35601,7,False,7,0,7,7|7|7|7|7|7|7|7|7|7
35626,7,False,7,0,7,7|7|7|7|7|7|7|7|7|7
35630,7,False,7,0,7,7|7|7|7|7|7|7|7|7|7
35633,7,False,7,0,7,7|7|7|7|7|7|7|7|7|7
35634,7,False,7,0,7,7|7|7|7|7|7|7|7|7|7
35636,7,False,7,0,7,7|7|7|7|7|7|7|7|7|7
35642,7,False,7,0,7,7|7|7|7|7|7|7|7|7|7
35646,7,False,7,0,7,7|7|7|7|7|7|7|7|7|7
35647,7,False,7,0,7,7|7|7|7|7|7|7|7|7|7
35681,7,False,7,0,7,7|7|7|7|7|7|7|7|7|7
35687,7,False,7,1,7,7|7|7|7|7|8|7|7|7|7
35698,7,False,7,0,7,7|7|7|7|7|7|7|7|7|7
35700,7,False,7,0,7,7|7|7|7|7|7|7|7|7|7
35718,7,False,7,10,6,6|6|6|6|6|6|6|6|6|6
35788,7,False,7,0,7,7|7|7|7|7|7|7|7|7|7
35803,7,False,7,0,7,7|7|7|7|7|7|7|7|7|7
35829,7,False,7,0,7,7|7|7|7|7|7|7|7|7|7
35830,7,False,7,1,7,7|7|7|7|7|7|7|7|7|8
35831,7,False,7,0,7,7|7|7|7|7|7|7|7|7|7
35834,7,False,7,0,7,7|7|7|7|7|7|7|7|7|7
35835,7,False,7,0,7,7|7|7|7|7|7|7|7|7|7
35855,7,False,7,0,7,7|7|7|7|7|7|7|7|7|7
35884,7,False,7,0,7,7|7|7|7|7|7|7|7|7|7
35889,7,False,7,0,7,7|7|7|7|7|7|7|7|7|7
35898,7,False,7,0,7,7|7|7|7|7|7|7|7|7|7
35899,7,False,7,0,7,7|7|7|7|7|7|7|7|7|7
35901,7,False,7,0,7,7|7|7|7|7|7|7|7|7|7
35915,7,False,7,0,7,7|7|7|7|7|7|7|7|7|7
35920,7,False,7,0,7,7|7|7|7|7|7|7|7|7|7
35930,7,False,7,0,7,7|7|7|7|7|7|7|7|7|7
35949,7,False,7,1,7,7|7|7|8|7|7|7|7|7|7
35966,7,False,7,0,7,7|7|7|7|7|7|7|7|7|7
35982,7,False,7,0,7,7|7|7|7|7|7|7|7|7|7
36000,7,False,7,0,7,7|7|7|7|7|7|7|7|7|7
36006,7,False,7,0,7,7|7|7|7|7|7|7|7|7|7
36013,7,False,7,3,7,1|7|7|7|7|7|7|4|7|1
36027,7,False,7,0,7,7|7|7|7|7|7|7|7|7|7
36029,7,False,7,0,7,7|7|7|7|7|7|7|7|7|7
36036,7,False,7,0,7,7|7|7|7|7|7|7|7|7|7
36037,7,False,7,0,7,7|7|7|7|7|7|7|7|7|7
36038,7,False,7,0,7,7|7|7|7|7|7|7|7|7|7
36049,7,False,7,9,6,6|6|6|7|6|6|6|6|6|6
36064,7,False,7,0,7,7|7|7|7|7|7|7|7|7|7
36068,7,False,7,0,7,7|7|7|7|7|7|7|7|7|7
36070,7,False,7,0,7,7|7|7|7|7|7|7|7|7|7
36080,7,False,7,0,7,7|7|7|7|7|7|7|7|7|7
36086,7,False,7,0,7,7|7|7|7|7|7|7|7|7|7
36089,7,False,7,8,6,4|6|7|6|2|4|6|6|6|7
36100,7,False,7,0,7,7|7|7|7|7|7|7|7|7|7
36129,7,False,7,0,7,7|7|7|7|7|7|7|7|7|7
36138,7,False,7,0,7,7|7|7|7|7|7|7|7|7|7
36145,7,False,7,0,7,7|7|7|7|7|7|7|7|7|7
36157,7,False,7,0,7,7|7|7|7|7|7|7|7|7|7
36161,7,False,7,0,7,7|7|7|7|7|7|7|7|7|7
36164,7,False,7,0,7,7|7|7|7|7|7|7|7|7|7
36167,7,False,7,0,7,7|7|7|7|7|7|7|7|7|7
36177,7,False,7,8,6,6|0|9|6|6|7|6|6|6|7
36191,7,False,7,0,7,7|7|7|7|7|7|7|7|7|7
36208,7,False,7,6,7,7|7|5|0|7|9|9|5|7|9
36211,7,False,7,0,7,7|7|7|7|7|7|7|7|7|7
36227,7,False,7,0,7,7|7|7|7|7|7|7|7|7|7
36234,7,False,7,0,7,7|7|7|7|7|7|7|7|7|7
36236,7,False,7,0,7,7|7|7|7|7|7|7|7|7|7
36278,7,False,7,0,7,7|7|7|7|7|7|7|7|7|7
36279,7,False,7,0,7,7|7|7|7|7|7|7|7|7|7
36311,7,False,7,0,7,7|7|7|7|7|7|7|7|7|7
36335,7,False,7,5,-1,7|0|7|0|0|7|0|0|7|7
36344,7,False,7,1,7,7|7|7|7|7|7|7|6|7|7
36348,7,False,7,0,7,7|7|7|7|7|7|7|7|7|7
36362,7,False,7,0,7,7|7|7|7|7|7|7|7|7|7
36368,7,False,7,4,7,7|6|7|6|7|6|7|6|7|7
36370,7,False,7,0,7,7|7|7|7|7|7|7|7|7|7
36385,7,False,7,1,7,7|7|7|7|7|7|7|6|7|7
36395,7,False,7,0,7,7|7|7|7|7|7|7|7|7|7
36404,7,False,7,0,7,7|7|7|7|7|7|7|7|7|7
36418,7,False,7,0,7,7|7|7|7|7|7|7|7|7|7
36432,7,False,7,0,7,7|7|7|7|7|7|7|7|7|7
36457,7,False,7,0,7,7|7|7|7|7|7|7|7|7|7
36476,7,False,7,0,7,7|7|7|7|7|7|7|7|7|7
36487,7,False,7,0,7,7|7|7|7|7|7|7|7|7|7
36488,7,False,7,0,7,7|7|7|7|7|7|7|7|7|7
36489,7,False,7,0,7,7|7|7|7|7|7|7|7|7|7
36500,7,False,7,1,7,7|7|7|7|7|7|7|7|4|7
36505,7,False,7,3,7,6|7|6|7|7|7|6|7|7|7
36510,7,False,7,0,7,7|7|7|7|7|7|7|7|7|7
36517,7,False,7,3,7,7|6|6|6|7|7|7|7|7|7
36518,7,False,7,0,7,7|7|7|7|7|7|7|7|7|7
36528,7,False,7,0,7,7|7|7|7|7|7|7|7|7|7
36530,7,False,7,0,7,7|7|7|7|7|7|7|7|7|7
36535,7,False,7,0,7,7|7|7|7|7|7|7|7|7|7
36537,7,False,7,0,7,7|7|7|7|7|7|7|7|7|7
36580,7,False,7,2,7,7|7|3|7|4|7|7|7|7|7
36602,7,False,7,0,7,7|7|7|7|7|7|7|7|7|7
36609,7,False,7,0,7,7|7|7|7|7|7|7|7|7|7
36613,7,False,7,2,7,7|7|7|6|7|7|7|6|7|7
36633,7,False,7,0,7,7|7|7|7|7|7|7|7|7|7
36665,7,False,7,0,7,7|7|7|7|7|7|7|7|7|7
36669,7,False,7,0,7,7|7|7|7|7|7|7|7|7|7
36688,7,False,7,0,7,7|7|7|7|7|7|7|7|7|7
36698,7,False,7,10,6,6|6|6|6|6|6|6|6|6|6
36707,7,False,7,0,7,7|7|7|7|7|7|7|7|7|7
36712,7,False,7,0,7,7|7|7|7|7|7|7|7|7|7
36722,7,False,7,0,7,7|7|7|7|7|7|7|7|7|7
36723,7,False,7,0,7,7|7|7|7|7|7|7|7|7|7
36737,7,False,7,2,7,7|7|7|6|6|7|7|7|7|7
36743,7,False,7,0,7,7|7|7|7|7|7|7|7|7|7
36749,7,False,7,0,7,7|7|7|7|7|7|7|7|7|7
36761,7,False,7,2,7,7|7|7|7|0|6|7|7|7|7
36776,7,False,7,0,7,7|7|7|7|7|7|7|7|7|7
36800,7,False,7,0,7,7|7|7|7|7|7|7|7|7|7
36819,7,False,7,0,7,7|7|7|7|7|7|7|7|7|7
36828,7,False,7,0,7,7|7|7|7|7|7|7|7|7|7
36829,7,False,7,0,7,7|7|7|7|7|7|7|7|7|7
36840,7,False,7,0,7,7|7|7|7|7|7|7|7|7|7
36842,7,False,7,0,7,7|7|7|7|7|7|7|7|7|7
36844,7,False,7,0,7,7|7|7|7|7|7|7|7|7|7
36848,7,False,7,8,6,6|6|6|6|6|7|6|6|7|6
36864,7,False,7,0,7,7|7|7|7|7|7|7|7|7|7
36876,7,False,7,0,7,7|7|7|7|7|7|7|7|7|7
36877,7,False,7,0,7,7|7|7|7|7|7|7|7|7|7
36884,7,False,7,0,7,7|7|7|7|7|7|7|7|7|7
36886,7,False,7,0,7,7|7|7|7|7|7|7|7|7|7
36895,7,False,7,0,7,7|7|7|7|7|7|7|7|7|7
36914,7,False,7,0,7,7|7|7|7|7|7|7|7|7|7
36916,7,False,7,0,7,7|7|7|7|7|7|7|7|7|7
36917,7,False,7,0,7,7|7|7|7|7|7|7|7|7|7
36921,7,False,7,0,7,7|7|7|7|7|7|7|7|7|7
36928,7,False,7,0,7,7|7|7|7|7|7|7|7|7|7
36955,7,False,7,0,7,7|7|7|7|7|7|7|7|7|7
36961,7,False,7,2,7,6|7|7|7|7|7|7|6|7|7
36980,7,False,7,1,7,7|7|7|7|7|7|7|6|7|7
36992,7,False,7,0,7,7|7|7|7|7|7|7|7|7|7
36996,7,False,7,0,7,7|7|7|7|7|7|7|7|7|7
37020,7,False,7,0,7,7|7|7|7|7|7|7|7|7|7
37032,7,False,7,0,7,7|7|7|7|7|7|7|7|7|7
37040,7,False,7,0,7,7|7|7|7|7|7|7|7|7|7
37052,7,False,7,0,7,7|7|7|7|7|7|7|7|7|7
37085,7,False,7,0,7,7|7|7|7|7|7|7|7|7|7
37137,7,False,7,0,7,7|7|7|7|7|7|7|7|7|7
37140,7,False,7,0,7,7|7|7|7|7|7|7|7|7|7
37143,7,False,7,0,7,7|7|7|7|7|7|7|7|7|7
37150,7,False,7,0,7,7|7|7|7|7|7|7|7|7|7
37157,7,False,7,0,7,7|7|7|7|7|7|7|7|7|7
37158,7,False,7,0,7,7|7|7|7|7|7|7|7|7|7
37172,7,False,7,5,-1,7|6|7|7|7|7|6|6|6|6
37187,7,False,7,0,7,7|7|7|7|7|7|7|7|7|7
37190,7,False,7,0,7,7|7|7|7|7|7|7|7|7|7
37215,7,False,7,0,7,7|7|7|7|7|7|7|7|7|7
37216,7,False,7,10,6,6|6|6|6|6|6|6|6|6|6
37227,7,False,7,0,7,7|7|7|7|7|7|7|7|7|7
37232,7,False,7,9,-1,0|9|9|0|0|9|7|9|8|0
37242,7,False,7,0,7,7|7|7|7|7|7|7|7|7|7
37258,7,False,7,0,7,7|7|7|7|7|7|7|7|7|7
37259,7,False,7,0,7,7|7|7|7|7|7|7|7|7|7
37264,7,False,7,0,7,7|7|7|7|7|7|7|7|7|7
37265,7,False,7,1,7,7|7|7|9|7|7|7|7|7|7
37268,7,False,7,0,7,7|7|7|7|7|7|7|7|7|7
37271,7,False,7,0,7,7|7|7|7|7|7|7|7|7|7
37272,7,False,7,1,7,7|8|7|7|7|7|7|7|7|7
37277,7,False,7,0,7,7|7|7|7|7|7|7|7|7|7
37282,7,False,7,0,7,7|7|7|7|7|7|7|7|7|7
37284,7,False,7,9,6,6|1|6|6|6|6|7|6|6|6
37290,7,False,7,8,0,0|9|0|3|7|0|7|0|0|0
37295,7,False,7,0,7,7|7|7|7|7|7|7|7|7|7
37300,7,False,7,0,7,7|7|7|7|7|7|7|7|7|7
37304,7,False,7,0,7,7|7|7|7|7|7|7|7|7|7
37308,7,False,7,0,7,7|7|7|7|7|7|7|7|7|7
37330,7,False,7,7,6,6|6|7|6|0|6|7|6|7|6
37345,7,False,7,5,-1,7|3|3|7|3|3|3|7|7|7
37351,7,False,7,0,7,7|7|7|7|7|7|7|7|7|7
37352,7,False,7,0,7,7|7|7|7|7|7|7|7|7|7
37365,7,False,7,9,6,6|6|7|6|6|6|6|6|6|6
37369,7,False,7,0,7,7|7|7|7|7|7|7|7|7|7
37379,7,False,7,0,7,7|7|7|7|7|7|7|7|7|7
37395,7,False,7,0,7,7|7|7|7|7|7|7|7|7|7
37399,7,False,7,0,7,7|7|7|7|7|7|7|7|7|7
37403,7,False,7,0,7,7|7|7|7|7|7|7|7|7|7
37406,7,False,7,0,7,7|7|7|7|7|7|7|7|7|7
37409,7,False,7,0,7,7|7|7|7|7|7|7|7|7|7
37412,7,False,7,0,7,7|7|7|7|7|7|7|7|7|7
37422,7,False,7,0,7,7|7|7|7|7|7|7|7|7|7
37430,7,False,7,0,7,7|7|7|7|7|7|7|7|7|7
37433,7,False,7,0,7,7|7|7|7|7|7|7|7|7|7
37439,7,False,7,0,7,7|7|7|7|7|7|7|7|7|7
37443,7,False,7,0,7,7|7|7|7|7|7|7|7|7|7
37444,7,False,7,0,7,7|7|7|7|7|7|7|7|7|7
37446,7,False,7,0,7,7|7|7|7|7|7|7|7|7|7
37449,7,False,7,0,7,7|7|7|7|7|7|7|7|7|7
37474,7,False,7,0,7,7|7|7|7|7|7|7|7|7|7
37485,7,False,7,0,7,7|7|7|7|7|7|7|7|7|7
37488,7,False,7,0,7,7|7|7|7|7|7|7|7|7|7
37494,7,False,7,0,7,7|7|7|7|7|7|7|7|7|7
37495,7,False,7,0,7,7|7|7|7|7|7|7|7|7|7
37506,7,False,7,0,7,7|7|7|7|7|7|7|7|7|7
37522,7,False,7,0,7,7|7|7|7|7|7|7|7|7|7
37528,7,False,7,0,7,7|7|7|7|7|7|7|7|7|7
37529,7,False,7,10,6,6|6|6|6|6|6|6|6|6|6
37531,7,False,7,0,7,7|7|7|7|7|7|7|7|7|7
37549,7,False,7,0,7,7|7|7|7|7|7|7|7|7|7
37553,7,False,7,1,7,7|7|7|7|7|7|7|7|0|7
37565,7,False,7,0,7,7|7|7|7|7|7|7|7|7|7
37600,7,False,7,0,7,7|7|7|7|7|7|7|7|7|7
37611,7,False,7,2,7,6|7|6|7|7|7|7|7|7|7
37614,7,False,7,10,8,8|8|8|8|8|8|8|8|8|8
37620,7,False,7,0,7,7|7|7|7|7|7|7|7|7|7
37628,7,False,7,0,7,7|7|7|7|7|7|7|7|7|7
37641,7,False,7,5,7,6|6|7|6|9|7|6|7|7|7
37647,7,False,7,0,7,7|7|7|7|7|7|7|7|7|7
37658,7,False,7,0,7,7|7|7|7|7|7|7|7|7|7
37674,7,False,7,0,7,7|7|7|7|7|7|7|7|7|7
37686,7,False,7,4,7,7|7|7|7|1|6|7|1|7|6
37699,7,False,7,0,7,7|7|7|7|7|7|7|7|7|7
37710,7,False,7,3,7,7|7|7|7|3|7|3|7|7|2
37725,7,False,7,0,7,7|7|7|7|7|7|7|7|7|7
37728,7,False,7,0,7,7|7|7|7|7|7|7|7|7|7
37730,7,False,7,10,6,6|6|6|6|6|6|6|6|6|6
37733,7,False,7,0,7,7|7|7|7|7|7|7|7|7|7
37741,7,False,7,4,7,6|6|7|7|7|6|7|6|7|7
37751,7,False,7,0,7,7|7|7|7|7|7|7|7|7|7
37755,7,False,7,0,7,7|7|7|7|7|7|7|7|7|7
37762,7,False,7,0,7,7|7|7|7|7|7|7|7|7|7
37766,7,False,7,8,-1,9|7|0|9|6|3|7|6|3|1
37784,7,False,7,0,7,7|7|7|7|7|7|7|7|7|7
37786,7,False,7,5,-1,6|6|7|7|7|7|6|6|7|6
37795,7,False,7,0,7,7|7|7|7|7|7|7|7|7|7
37806,7,False,7,5,7,2|7|2|7|7|7|3|2|3|7
37818,7,False,7,2,7,7|6|7|7|7|6|7|7|7|7
37825,7,False,7,0,7,7|7|7|7|7|7|7|7|7|7
37826,7,False,7,0,7,7|7|7|7|7|7|7|7|7|7
37834,7,False,7,0,7,7|7|7|7|7|7|7|7|7|7
37866,7,False,7,0,7,7|7|7|7|7|7|7|7|7|7
37867,7,False,7,0,7,7|7|7|7|7|7|7|7|7|7
37875,7,False,7,0,7,7|7|7|7|7|7|7|7|7|7
37878,7,False,7,0,7,7|7|7|7|7|7|7|7|7|7
37923,7,False,7,0,7,7|7|7|7|7|7|7|7|7|7
37945,7,False,7,0,7,7|7|7|7|7|7|7|7|7|7
37972,7,False,7,1,7,7|7|2|7|7|7|7|7|7|7
37993,7,False,7,0,7,7|7|7|7|7|7|7|7|7|7
37994,7,False,7,0,7,7|7|7|7|7|7|7|7|7|7
38009,7,False,7,0,7,7|7|7|7|7|7|7|7|7|7
38016,7,False,7,0,7,7|7|7|7|7|7|7|7|7|7
38049,7,False,7,1,7,7|7|7|7|7|7|7|6|7|7
38060,7,False,7,0,7,7|7|7|7|7|7|7|7|7|7
38073,7,False,7,4,7,6|7|7|6|6|7|7|7|6|7
38095,7,False,7,0,7,7|7|7|7|7|7|7|7|7|7
38136,7,False,7,0,7,7|7|7|7|7|7|7|7|7|7
38156,7,False,7,0,7,7|7|7|7|7|7|7|7|7|7
38158,7,False,7,10,6,6|6|6|6|6|6|6|6|6|6
38174,7,False,7,0,7,7|7|7|7|7|7|7|7|7|7
38177,7,False,7,0,7,7|7|7|7|7|7|7|7|7|7
38178,7,False,7,0,7,7|7|7|7|7|7|7|7|7|7
38184,7,False,7,0,7,7|7|7|7|7|7|7|7|7|7
38197,7,False,7,0,7,7|7|7|7|7|7|7|7|7|7
38205,7,False,7,0,7,7|7|7|7|7|7|7|7|7|7
38224,7,False,7,0,7,7|7|7|7|7|7|7|7|7|7
38234,7,False,7,0,7,7|7|7|7|7|7|7|7|7|7
38237,7,False,7,0,7,7|7|7|7|7|7|7|7|7|7
38238,7,False,7,0,7,7|7|7|7|7|7|7|7|7|7
38256,7,False,7,0,7,7|7|7|7|7|7|7|7|7|7
38263,7,False,7,10,8,8|8|8|8|8|8|8|8|8|8
38265,7,False,7,0,7,7|7|7|7|7|7|7|7|7|7
38273,7,False,7,0,7,7|7|7|7|7|7|7|7|7|7
38280,7,False,7,3,7,6|7|7|6|6|7|7|7|7|7
38281,7,False,7,0,7,7|7|7|7|7|7|7|7|7|7
38307,7,False,7,0,7,7|7|7|7|7|7|7|7|7|7
38324,7,False,7,6,6,7|6|6|6|7|7|7|6|6|6
38327,7,False,7,0,7,7|7|7|7|7|7|7|7|7|7
38329,7,False,7,0,7,7|7|7|7|7|7|7|7|7|7
38347,7,False,7,0,7,7|7|7|7|7|7|7|7|7|7
38352,7,False,7,0,7,7|7|7|7|7|7|7|7|7|7
38363,7,False,7,0,7,7|7|7|7|7|7|7|7|7|7
38371,7,False,7,0,7,7|7|7|7|7|7|7|7|7|7
38382,7,False,7,0,7,7|7|7|7|7|7|7|7|7|7
38403,7,False,7,0,7,7|7|7|7|7|7|7|7|7|7
38424,7,False,7,0,7,7|7|7|7|7|7|7|7|7|7
38428,7,False,7,9,6,2|3|6|6|6|7|6|6|1|6
38432,7,False,7,0,7,7|7|7|7|7|7|7|7|7|7
38437,7,False,7,1,7,7|8|7|7|7|7|7|7|7|7
38450,7,False,7,0,7,7|7|7|7|7|7|7|7|7|7
38453,7,False,7,0,7,7|7|7|7|7|7|7|7|7|7
38464,7,False,7,0,7,7|7|7|7|7|7|7|7|7|7
38466,7,False,7,0,7,7|7|7|7|7|7|7|7|7|7
38472,7,False,7,0,7,7|7|7|7|7|7|7|7|7|7
38499,7,False,7,0,7,7|7|7|7|7|7|7|7|7|7
38502,7,False,7,0,7,7|7|7|7|7|7|7|7|7|7
38505,7,False,7,0,7,7|7|7|7|7|7|7|7|7|7
38528,7,False,7,1,7,7|7|7|7|8|7|7|7|7|7
38532,7,False,7,0,7,7|7|7|7|7|7|7|7|7|7
38553,7,False,7,0,7,7|7|7|7|7|7|7|7|7|7
38565,7,False,7,0,7,7|7|7|7|7|7|7|7|7|7
38573,7,False,7,0,7,7|7|7|7|7|7|7|7|7|7
38577,7,False,7,0,7,7|7|7|7|7|7|7|7|7|7
38615,7,False,7,0,7,7|7|7|7|7|7|7|7|7|7
38620,7,False,7,0,7,7|7|7|7|7|7|7|7|7|7
38622,7,False,7,0,7,7|7|7|7|7|7|7|7|7|7
38626,7,False,7,0,7,7|7|7|7|7|7|7|7|7|7
38634,7,False,7,0,7,7|7|7|7|7|7|7|7|7|7
38642,7,False,7,0,7,7|7|7|7|7|7|7|7|7|7
38644,7,False,7,0,7,7|7|7|7|7|7|7|7|7|7
38647,7,False,7,0,7,7|7|7|7|7|7|7|7|7|7
38655,7,False,7,0,7,7|7|7|7|7|7|7|7|7|7
38663,7,False,7,0,7,7|7|7|7|7|7|7|7|7|7
38667,7,False,7,0,7,7|7|7|7|7|7|7|7|7|7
38675,7,False,7,1,7,7|7|7|7|7|7|7|6|7|7
38679,7,False,7,0,7,7|7|7|7|7|7|7|7|7|7
38680,7,False,7,0,7,7|7|7|7|7|7|7|7|7|7
38681,7,False,7,0,7,7|7|7|7|7|7|7|7|7|7
38692,7,False,7,8,6,7|6|6|6|6|6|6|6|6|7
38694,7,False,7,0,7,7|7|7|7|7|7|7|7|7|7
38695,7,False,7,0,7,7|7|7|7|7|7|7|7|7|7
38700,7,False,7,0,7,7|7|7|7|7|7|7|7|7|7
38703,7,False,7,0,7,7|7|7|7|7|7|7|7|7|7
38728,7,False,7,0,7,7|7|7|7|7|7|7|7|7|7
38731,7,False,7,0,7,7|7|7|7|7|7|7|7|7|7
38740,7,False,7,0,7,7|7|7|7|7|7|7|7|7|7
38751,7,False,7,0,7,7|7|7|7|7|7|7|7|7|7
38766,7,False,7,0,7,7|7|7|7|7|7|7|7|7|7
38776,7,False,7,0,7,7|7|7|7|7|7|7|7|7|7
38780,7,False,7,0,7,7|7|7|7|7|7|7|7|7|7
38784,7,False,7,0,7,7|7|7|7|7|7|7|7|7|7
38790,7,False,7,0,7,7|7|7|7|7|7|7|7|7|7
38798,7,False,7,0,7,7|7|7|7|7|7|7|7|7|7
38804,7,False,7,0,7,7|7|7|7|7|7|7|7|7|7
38813,7,False,7,0,7,7|7|7|7|7|7|7|7|7|7
38832,7,False,7,0,7,7|7|7|7|7|7|7|7|7|7
38844,7,False,7,0,7,7|7|7|7|7|7|7|7|7|7
38858,7,False,7,0,7,7|7|7|7|7|7|7|7|7|7
38864,7,False,7,1,7,7|7|7|6|7|7|7|7|7|7
38865,7,False,7,0,7,7|7|7|7|7|7|7|7|7|7
38870,7,False,7,0,7,7|7|7|7|7|7|7|7|7|7
38871,7,False,7,0,7,7|7|7|7|7|7|7|7|7|7
38885,7,False,7,1,7,6|7|7|7|7|7|7|7|7|7
38903,7,False,7,0,7,7|7|7|7|7|7|7|7|7|7
38923,7,False,7,0,7,7|7|7|7|7|7|7|7|7|7
38924,7,False,7,0,7,7|7|7|7|7|7|7|7|7|7
38936,7,False,7,9,8,8|8|8|8|7|8|8|8|8|8
38946,7,False,7,0,7,7|7|7|7|7|7|7|7|7|7
38961,7,False,7,0,7,7|7|7|7|7|7|7|7|7|7
38966,7,False,7,0,7,7|7|7|7|7|7|7|7|7|7
38970,7,False,7,0,7,7|7|7|7|7|7|7|7|7|7
38974,7,False,7,0,7,7|7|7|7|7|7|7|7|7|7
38979,7,False,7,0,7,7|7|7|7|7|7|7|7|7|7
38992,7,False,7,0,7,7|7|7|7|7|7|7|7|7|7
39030,7,False,7,0,7,7|7|7|7|7|7|7|7|7|7
39052,7,False,7,0,7,7|7|7|7|7|7|7|7|7|7
39058,7,False,7,0,7,7|7|7|7|7|7|7|7|7|7
39065,7,False,7,0,7,7|7|7|7|7|7|7|7|7|7
39072,7,False,7,0,7,7|7|7|7|7|7|7|7|7|7
39109,7,False,7,0,7,7|7|7|7|7|7|7|7|7|7
39123,7,False,7,1,7,7|7|7|6|7|7|7|7|7|7
39127,7,False,7,0,7,7|7|7|7|7|7|7|7|7|7
39131,7,False,7,0,7,7|7|7|7|7|7|7|7|7|7
39132,7,False,7,0,7,7|7|7|7|7|7|7|7|7|7
39150,7,False,7,0,7,7|7|7|7|7|7|7|7|7|7
39155,7,False,7,0,7,7|7|7|7|7|7|7|7|7|7
39177,7,False,7,0,7,7|7|7|7|7|7|7|7|7|7
39202,7,False,7,0,7,7|7|7|7|7|7|7|7|7|7
39217,7,False,7,0,7,7|7|7|7|7|7|7|7|7|7
39219,7,False,7,0,7,7|7|7|7|7|7|7|7|7|7
39229,7,False,7,1,7,7|7|7|7|7|7|7|7|7|4
39232,7,False,7,0,7,7|7|7|7|7|7|7|7|7|7
39239,7,False,7,0,7,7|7|7|7|7|7|7|7|7|7
39255,7,False,7,0,7,7|7|7|7|7|7|7|7|7|7
39276,7,False,7,0,7,7|7|7|7|7|7|7|7|7|7
39278,7,False,7,0,7,7|7|7|7|7|7|7|7|7|7
39284,7,False,7,0,7,7|7|7|7|7|7|7|7|7|7
39294,7,False,7,0,7,7|7|7|7|7|7|7|7|7|7
39297,7,False,7,0,7,7|7|7|7|7|7|7|7|7|7
39310,7,False,7,0,7,7|7|7|7|7|7|7|7|7|7
39314,7,False,7,0,7,7|7|7|7|7|7|7|7|7|7
39318,7,False,7,0,7,7|7|7|7|7|7|7|7|7|7
39349,7,False,7,0,7,7|7|7|7|7|7|7|7|7|7
39357,7,False,7,0,7,7|7|7|7|7|7|7|7|7|7
39365,7,False,7,0,7,7|7|7|7|7|7|7|7|7|7
39368,7,False,7,1,7,7|7|7|7|7|7|7|6|7|7
39370,7,False,7,0,7,7|7|7|7|7|7|7|7|7|7
39384,7,False,7,0,7,7|7|7|7|7|7|7|7|7|7
39393,7,False,7,7,6,6|6|6|7|6|7|6|6|4|7
39404,7,False,7,0,7,7|7|7|7|7|7|7|7|7|7
39406,7,False,7,0,7,7|7|7|7|7|7|7|7|7|7
39419,7,False,7,0,7,7|7|7|7|7|7|7|7|7|7
39420,7,False,7,2,7,7|7|7|7|7|6|7|7|7|6
39423,7,False,7,0,7,7|7|7|7|7|7|7|7|7|7
39437,7,False,7,2,7,7|5|7|5|7|7|7|7|7|7
39455,7,False,7,0,7,7|7|7|7|7|7|7|7|7|7
39461,7,False,7,0,7,7|7|7|7|7|7|7|7|7|7
39495,7,False,7,0,7,7|7|7|7|7|7|7|7|7|7
39505,7,False,7,0,7,7|7|7|7|7|7|7|7|7|7
39514,7,False,7,0,7,7|7|7|7|7|7|7|7|7|7
39517,7,False,7,7,9,7|9|8|8|9|9|7|7|9|9
39518,7,False,7,0,7,7|7|7|7|7|7|7|7|7|7
39526,7,False,7,2,7,7|9|7|7|7|7|7|9|7|7
39534,7,False,7,0,7,7|7|7|7|7|7|7|7|7|7
39545,7,False,7,0,7,7|7|7|7|7|7|7|7|7|7
39547,7,False,7,0,7,7|7|7|7|7|7|7|7|7|7
39548,7,False,7,4,7,6|7|7|7|6|6|7|7|6|7
39553,7,False,7,9,6,6|6|6|4|6|6|6|6|6|7
39559,7,False,7,0,7,7|7|7|7|7|7|7|7|7|7
39579,7,False,7,0,7,7|7|7|7|7|7|7|7|7|7
39607,7,False,7,0,7,7|7|7|7|7|7|7|7|7|7
39653,7,False,7,1,7,7|7|7|7|7|7|7|6|7|7
39673,7,False,7,0,7,7|7|7|7|7|7|7|7|7|7
39680,7,False,7,0,7,7|7|7|7|7|7|7|7|7|7
39707,7,False,7,2,7,7|9|7|7|7|7|7|9|7|7
39725,7,False,7,3,7,7|6|7|6|6|7|7|7|7|7
39749,7,False,7,0,7,7|7|7|7|7|7|7|7|7|7
39766,7,False,7,0,7,7|7|7|7|7|7|7|7|7|7
39781,7,False,7,0,7,7|7|7|7|7|7|7|7|7|7
39791,7,False,7,0,7,7|7|7|7|7|7|7|7|7|7
39798,7,False,7,0,7,7|7|7|7|7|7|7|7|7|7
39799,7,False,7,0,7,7|7|7|7|7|7|7|7|7|7
39801,7,False,7,0,7,7|7|7|7|7|7|7|7|7|7
39810,7,False,7,0,7,7|7|7|7|7|7|7|7|7|7
39821,7,False,7,0,7,7|7|7|7|7|7|7|7|7|7
39827,7,False,7,0,7,7|7|7|7|7|7|7|7|7|7
39857,7,False,7,0,7,7|7|7|7|7|7|7|7|7|7
39860,7,False,7,0,7,7|7|7|7|7|7|7|7|7|7
39861,7,False,7,0,7,7|7|7|7|7|7|7|7|7|7
39862,7,False,7,0,7,7|7|7|7|7|7|7|7|7|7
39883,7,False,7,0,7,7|7|7|7|7|7|7|7|7|7
39885,7,False,7,0,7,7|7|7|7|7|7|7|7|7|7
39907,7,False,7,0,7,7|7|7|7|7|7|7|7|7|7
39928,7,False,7,10,6,6|6|6|6|6|6|6|6|6|6
39932,7,False,7,0,7,7|7|7|7|7|7|7|7|7|7
39933,7,False,7,0,7,7|7|7|7|7|7|7|7|7|7
39942,7,False,7,0,7,7|7|7|7|7|7|7|7|7|7
39943,7,False,7,0,7,7|7|7|7|7|7|7|7|7|7
39952,7,False,7,0,7,7|7|7|7|7|7|7|7|7|7
39957,7,False,7,0,7,7|7|7|7|7|7|7|7|7|7
39959,7,False,7,0,7,7|7|7|7|7|7|7|7|7|7
39985,7,False,7,0,7,7|7|7|7|7|7|7|7|7|7
39986,7,False,7,0,7,7|7|7|7|7|7|7|7|7|7
40002,7,False,7,0,7,7|7|7|7|7|7|7|7|7|7
40013,7,False,7,1,7,7|7|7|7|7|7|7|6|7|7
40016,7,False,7,0,7,7|7|7|7|7|7|7|7|7|7
40032,7,False,7,0,7,7|7|7|7|7|7|7|7|7|7
40073,7,False,7,0,7,7|7|7|7|7|7|7|7|7|7
40084,7,False,7,0,7,7|7|7|7|7|7|7|7|7|7
40097,7,False,7,0,7,7|7|7|7|7|7|7|7|7|7
40098,7,False,7,0,7,7|7|7|7|7|7|7|7|7|7
40122,7,False,7,0,7,7|7|7|7|7|7|7|7|7|7
40133,7,False,7,0,7,7|7|7|7|7|7|7|7|7|7
40134,7,False,7,0,7,7|7|7|7|7|7|7|7|7|7
40135,7,False,7,0,7,7|7|7|7|7|7|7|7|7|7
40154,7,False,7,0,7,7|7|7|7|7|7|7|7|7|7
40156,7,False,7,0,7,7|7|7|7|7|7|7|7|7|7
40159,7,False,7,0,7,7|7|7|7|7|7|7|7|7|7
40162,7,False,7,0,7,7|7|7|7|7|7|7|7|7|7
40165,7,False,7,0,7,7|7|7|7|7|7|7|7|7|7
40172,7,False,7,0,7,7|7|7|7|7|7|7|7|7|7
40194,7,False,7,0,7,7|7|7|7|7|7|7|7|7|7
40216,7,False,7,8,1,1|1|6|1|1|7|7|1|1|1
40234,8,False,8,10,0,0|0|0|0|0|0|0|0|0|0
40242,8,False,8,0,8,8|8|8|8|8|8|8|8|8|8
40254,8,False,8,0,8,8|8|8|8|8|8|8|8|8|8
40255,8,False,8,0,8,8|8|8|8|8|8|8|8|8|8
40258,8,False,8,0,8,8|8|8|8|8|8|8|8|8|8
40263,8,False,8,0,8,8|8|8|8|8|8|8|8|8|8
40265,8,False,8,5,-1,9|8|8|9|9|8|9|8|9|8
40267,8,False,8,0,8,8|8|8|8|8|8|8|8|8|8
40268,8,False,8,1,8,8|8|8|8|8|8|8|8|8|7
40270,8,False,8,10,0,0|0|0|0|0|0|0|0|0|0
40288,8,False,8,0,8,8|8|8|8|8|8|8|8|8|8
40343,8,False,8,0,8,8|8|8|8|8|8|8|8|8|8
40354,8,False,8,2,8,9|8|8|8|8|8|8|8|9|8
40367,8,False,8,1,8,8|8|8|8|8|8|8|9|8|8
40374,8,False,8,6,9,8|9|9|8|7|9|9|9|8|8
40390,8,False,8,0,8,8|8|8|8|8|8|8|8|8|8
40404,8,False,8,0,8,8|8|8|8|8|8|8|8|8|8
40412,8,False,8,4,8,8|8|8|8|8|9|9|8|9|9
40415,8,False,8,0,8,8|8|8|8|8|8|8|8|8|8
40422,8,False,8,8,9,8|9|9|9|8|9|9|9|9|9
40437,8,False,8,10,9,9|9|9|9|9|9|9|9|9|9
40462,8,False,8,7,9,0|9|9|9|9|8|9|0|8|8
40484,8,False,8,0,8,8|8|8|8|8|8|8|8|8|8
40504,8,False,8,2,8,8|9|8|8|8|8|8|8|8|9
40510,8,False,8,0,8,8|8|8|8|8|8|8|8|8|8
40516,8,False,8,0,8,8|8|8|8|8|8|8|8|8|8
40527,8,False,8,1,8,8|8|8|9|8|8|8|8|8|8
40535,8,False,8,0,8,8|8|8|8|8|8|8|8|8|8
40548,8,False,8,10,7,7|7|7|7|7|7|7|7|7|7
40558,8,False,8,4,8,9|8|8|8|8|9|8|8|9|9
40559,8,False,8,5,-1,8|9|8|9|9|8|8|8|9|9
40564,8,False,8,0,8,8|8|8|8|8|8|8|8|8|8
40580,8,False,8,10,9,9|9|9|9|9|9|9|9|9|9
40593,8,False,8,0,8,8|8|8|8|8|8|8|8|8|8
40600,8,False,8,8,9,8|9|9|8|9|9|9|9|9|9
40609,8,False,8,2,8,8|8|8|0|8|8|8|0|8|8
40624,8,False,8,0,8,8|8|8|8|8|8|8|8|8|8
40627,8,False,8,0,8,8|8|8|8|8|8|8|8|8|8
40648,8,False,8,0,8,8|8|8|8|8|8|8|8|8|8
40651,8,False,8,0,8,8|8|8|8|8|8|8|8|8|8
40657,8,False,8,0,8,8|8|8|8|8|8|8|8|8|8
40661,8,False,8,0,8,8|8|8|8|8|8|8|8|8|8
40674,8,False,8,0,8,8|8|8|8|8|8|8|8|8|8
40678,8,False,8,1,8,8|8|8|8|8|0|8|8|8|8
40679,8,False,8,0,8,8|8|8|8|8|8|8|8|8|8
40683,8,False,8,7,9,9|8|9|9|9|9|9|9|8|8
40687,8,False,8,9,6,6|6|6|8|6|6|6|6|6|6
40696,8,False,8,0,8,8|8|8|8|8|8|8|8|8|8
40715,8,False,8,0,8,8|8|8|8|8|8|8|8|8|8
40721,8,False,8,0,8,8|8|8|8|8|8|8|8|8|8
40735,8,False,8,0,8,8|8|8|8|8|8|8|8|8|8
40736,8,False,8,2,8,8|9|8|8|8|8|9|8|8|8
40750,8,False,8,1,8,8|8|8|8|8|9|8|8|8|8
40761,8,False,8,10,9,9|9|9|9|9|9|9|0|9|0
40763,8,False,8,10,9,9|9|9|9|9|9|9|9|9|9
40768,8,False,8,3,8,8|0|8|9|8|8|0|8|8|8
40770,8,False,8,0,8,8|8|8|8|8|8|8|8|8|8
40791,8,False,8,1,8,8|8|8|8|8|9|8|8|8|8
40805,8,False,8,0,8,8|8|8|8|8|8|8|8|8|8
40822,8,False,8,0,8,8|8|8|8|8|8|8|8|8|8
40837,8,False,8,10,9,0|0|9|9|9|9|9|9|9|9
40841,8,False,8,3,8,8|8|8|8|9|9|8|9|8|8
40861,8,False,8,9,9,9|9|9|9|9|9|9|8|9|9
40863,8,False,8,5,-1,8|9|8|8|9|8|9|9|8|9
40871,8,False,8,2,8,9|8|8|8|8|8|9|8|8|8
40873,8,False,8,0,8,8|8|8|8|8|8|8|8|8|8
40886,8,False,8,9,0,0|0|0|0|0|8|5|0|0|0
40888,8,False,8,1,8,8|8|8|8|0|8|8|8|8|8
40904,8,False,8,9,9,9|9|9|9|9|8|9|9|9|9
40905,8,False,8,0,8,8|8|8|8|8|8|8|8|8|8
40913,8,False,8,0,8,8|8|8|8|8|8|8|8|8|8
40915,8,False,8,0,8,8|8|8|8|8|8|8|8|8|8
40921,8,False,8,0,8,8|8|8|8|8|8|8|8|8|8
40943,8,False,8,2,8,8|8|8|0|9|8|8|8|8|8
40971,8,False,8,5,8,0|8|8|9|0|8|8|9|8|0
40972,8,False,8,6,9,9|9|9|9|8|8|9|8|9|8
40979,8,False,8,0,8,8|8|8|8|8|8|8|8|8|8
40981,8,False,8,3,8,8|0|8|8|8|8|8|0|8|0
40992,8,False,8,0,8,8|8|8|8|8|8|8|8|8|8
40993,8,False,8,3,8,2|8|8|9|8|8|9|8|8|8
41032,8,False,8,7,9,9|9|9|9|9|8|9|8|8|9
41038,8,False,8,1,8,7|8|8|8|8|8|8|8|8|8
41040,8,False,8,0,8,8|8|8|8|8|8|8|8|8|8
41046,8,False,8,10,9,9|9|9|9|9|9|9|9|9|9
41057,8,False,8,1,8,8|8|8|8|8|8|8|8|6|8
41059,8,False,8,2,8,9|8|8|9|8|8|8|8|8|8
41062,8,False,8,1,8,8|8|9|8|8|8|8|8|8|8
41066,8,False,8,3,8,2|8|9|8|8|8|8|8|2|8
41071,8,False,8,3,8,8|8|8|9|9|8|8|9|8|8
41073,8,False,8,0,8,8|8|8|8|8|8|8|8|8|8
41089,8,False,8,7,9,8|9|8|9|9|9|9|9|9|8
41091,8,False,8,0,8,8|8|8|8|8|8|8|8|8|8
41098,8,False,8,0,8,8|8|8|8|8|8|8|8|8|8
41107,8,False,8,6,9,9|8|9|9|9|8|8|9|8|9
41143,8,False,8,0,8,8|8|8|8|8|8|8|8|8|8
41164,8,False,8,0,8,8|8|8|8|8|8|8|8|8|8
41212,8,False,8,0,8,8|8|8|8|8|8|8|8|8|8
41225,8,False,8,3,8,8|8|8|8|8|0|0|8|8|0
41234,8,False,8,0,8,8|8|8|8|8|8|8|8|8|8
41241,8,False,8,1,8,8|0|8|8|8|8|8|8|8|8
41247,8,False,8,0,8,8|8|8|8|8|8|8|8|8|8
41267,8,False,8,6,9,8|9|9|9|9|8|8|9|9|8
41268,8,False,8,0,8,8|8|8|8|8|8|8|8|8|8
41271,8,False,8,5,8,0|0|8|0|8|8|8|9|7|8
41306,8,False,8,0,8,8|8|8|8|8|8|8|8|8|8
41312,8,False,8,1,8,8|8|8|8|8|8|8|8|8|9
41314,8,False,8,3,8,8|8|9|1|9|8|8|8|8|8
41337,8,False,8,0,8,8|8|8|8|8|8|8|8|8|8
41339,8,False,8,1,8,8|8|8|8|8|8|8|8|0|8
41350,8,False,8,0,8,8|8|8|8|8|8|8|8|8|8
41356,8,False,8,4,8,8|8|9|8|8|8|9|9|9|8
41359,8,False,8,2,8,8|8|8|8|0|8|5|8|8|8
41360,8,False,8,2,8,8|8|8|8|9|8|8|8|8|9
41362,8,False,8,10,1,1|3|2|1|9|1|2|1|1|1
41363,8,False,8,0,8,8|8|8|8|8|8|8|8|8|8
41367,8,False,8,0,8,8|8|8|8|8|8|8|8|8|8
41398,8,False,8,7,9,9|9|9|9|9|8|9|8|9|8
41405,8,False,8,0,8,8|8|8|8|8|8|8|8|8|8
41411,8,False,8,1,8,8|8|8|9|8|8|8|8|8|8
41435,8,False,8,0,8,8|8|8|8|8|8|8|8|8|8
41443,8,False,8,1,8,8|8|8|8|8|8|8|0|8|8
41448,8,False,8,1,8,9|8|8|8|8|8|8|8|8|8
41449,8,False,8,1,8,8|8|8|9|8|8|8|8|8|8
41452,8,False,8,3,8,0|8|8|8|8|8|8|0|8|0
41460,8,False,8,3,8,8|8|9|8|8|9|8|8|8|2
41461,8,False,8,9,5,5|5|5|2|5|8|5|3|5|5
41462,8,False,8,0,8,8|8|8|8|8|8|8|8|8|8
41464,8,False,8,3,8,9|8|8|8|8|0|8|8|9|8
41466,8,False,8,4,8,9|9|8|8|8|8|9|8|0|8
41467,8,False,8,10,9,9|9|9|9|9|9|9|9|9|9
41483,8,False,8,0,8,8|8|8|8|8|8|8|8|8|8
41504,8,False,8,0,8,8|8|8|8|8|8|8|8|8|8
41537,8,False,8,2,8,8|9|8|8|9|8|8|8|8|8
41540,8,False,8,0,8,8|8|8|8|8|8|8|8|8|8
41553,8,False,8,0,8,8|8|8|8|8|8|8|8|8|8
41554,8,False,8,10,9,9|9|3|9|9|9|9|9|9|9
41556,8,False,8,2,8,8|8|8|8|9|8|9|8|8|8
41573,8,False,8,0,8,8|8|8|8|8|8|8|8|8|8
41581,8,False,8,0,8,8|8|8|8|8|8|8|8|8|8
41593,8,False,8,0,8,8|8|8|8|8|8|8|8|8|8
41595,8,False,8,4,8,9|9|8|8|8|9|8|9|8|8
41598,8,False,8,10,9,9|9|9|9|9|9|9|9|9|9
41600,8,False,8,1,8,8|8|8|8|0|8|8|8|8|8
41603,8,False,8,0,8,8|8|8|8|8|8|8|8|8|8
41615,8,False,8,0,8,8|8|8|8|8|8|8|8|8|8
41638,8,False,8,5,8,8|8|5|9|8|8|9|9|8|9
41640,8,False,8,0,8,8|8|8|8|8|8|8|8|8|8
41664,8,False,8,9,9,9|9|9|9|8|9|9|9|9|9
41719,8,False,8,0,8,8|8|8|8|8|8|8|8|8|8
41720,8,False,8,0,8,8|8|8|8|8|8|8|8|8|8
41731,8,False,8,0,8,8|8|8|8|8|8|8|8|8|8
41736,8,False,8,10,9,9|9|9|9|9|9|9|9|9|9
41738,8,False,8,2,8,9|8|8|8|8|8|8|9|8|8
41746,8,False,8,0,8,8|8|8|8|8|8|8|8|8|8
41776,8,False,8,1,8,8|8|9|8|8|8|8|8|8|8
41784,8,False,8,0,8,8|8|8|8|8|8|8|8|8|8
41795,8,False,8,1,8,8|8|8|8|8|8|8|8|8|9
41818,8,False,8,0,8,8|8|8|8|8|8|8|8|8|8
41826,8,False,8,10,0,0|0|2|0|0|0|0|0|0|0
41832,8,False,8,1,8,8|0|8|8|8|8|8|8|8|8
41840,8,False,8,10,9,9|9|9|9|9|9|9|9|9|9
41853,8,False,8,10,9,9|9|9|9|9|9|9|9|9|9
41861,8,False,8,9,0,0|0|0|8|0|0|0|0|2|2
41867,8,False,8,5,-1,8|8|8|9|8|9|9|8|9|9
41874,8,False,8,5,-1,9|8|8|8|9|9|9|9|8|8
41881,8,False,8,0,8,8|8|8|8|8|8|8|8|8|8
41894,8,False,8,1,8,8|8|8|8|8|8|4|8|8|8
41897,8,False,8,8,9,8|8|9|9|9|9|9|9|9|9
41913,8,False,8,10,9,9|9|9|9|9|9|9|9|9|9
41914,8,False,8,1,8,8|8|8|8|8|8|8|8|8|9
41923,8,False,8,0,8,8|8|8|8|8|8|8|8|8|8
41941,8,False,8,0,8,8|8|8|8|8|8|8|8|8|8
41952,8,False,8,6,8,5|0|0|4|8|8|4|8|4|8
41960,8,False,8,10,0,0|9|0|2|0|0|0|0|0|0
41973,8,False,8,0,8,8|8|8|8|8|8|8|8|8|8
41976,8,False,8,0,8,8|8|8|8|8|8|8|8|8|8
41983,8,False,8,0,8,8|8|8|8|8|8|8|8|8|8
41988,8,False,8,0,8,8|8|8|8|8|8|8|8|8|8
41999,8,False,8,0,8,8|8|8|8|8|8|8|8|8|8
42010,8,False,8,10,3,3|3|9|0|2|3|3|0|3|3
42012,8,False,8,0,8,8|8|8|8|8|8|8|8|8|8
42030,8,False,8,10,9,9|9|9|9|9|9|9|9|9|9
42035,8,False,8,3,8,8|9|8|8|8|8|8|8|0|0
42037,8,False,8,10,9,9|9|9|9|9|9|9|9|9|9
42038,8,False,8,6,9,9|9|9|9|8|8|9|8|8|9
42039,8,False,8,0,8,8|8|8|8|8|8|8|8|8|8
42050,8,False,8,0,8,8|8|8|8|8|8|8|8|8|8
42057,8,False,8,0,8,8|8|8|8|8|8|8|8|8|8
42095,8,False,8,0,8,8|8|8|8|8|8|8|8|8|8
42104,8,False,8,0,8,8|8|8|8|8|8|8|8|8|8
42120,8,False,8,10,9,9|9|9|9|9|9|9|9|9|9
42135,8,False,8,0,8,8|8|8|8|8|8|8|8|8|8
42143,8,False,8,0,8,8|8|8|8|8|8|8|8|8|8
42145,8,False,8,2,8,8|8|9|8|8|8|8|9|8|8
42152,8,False,8,0,8,8|8|8|8|8|8|8|8|8|8
42172,8,False,8,4,8,8|9|8|9|9|8|9|8|8|8
42203,8,False,8,0,8,8|8|8|8|8|8|8|8|8|8
42210,8,False,8,1,8,8|9|8|8|8|8|8|8|8|8
42233,8,False,8,10,9,9|9|9|9|9|9|9|9|9|9
42245,8,False,8,7,9,9|9|8|8|9|9|9|8|9|9
42253,8,False,8,0,8,8|8|8|8|8|8|8|8|8|8
42265,8,False,8,1,8,8|8|8|8|8|8|8|8|8|9
42270,8,False,8,5,-1,8|0|8|8|0|8|0|0|0|8
42272,8,False,8,1,8,8|0|8|8|8|8|8|8|8|8
42291,8,False,8,0,8,8|8|8|8|8|8|8|8|8|8
42317,8,False,8,0,8,8|8|8|8|8|8|8|8|8|8
42319,8,False,8,5,8,9|0|8|9|8|9|8|8|8|9
42321,8,False,8,0,8,8|8|8|8|8|8|8|8|8|8
42322,8,False,8,1,8,8|9|8|8|8|8|8|8|8|8
42329,8,False,8,10,3,3|3|2|5|2|3|6|3|6|5
42357,8,False,8,3,8,8|8|9|8|8|8|9|8|8|9
42358,8,False,8,2,8,8|8|8|9|8|8|8|9|8|8
42365,8,False,8,0,8,8|8|8|8|8|8|8|8|8|8
42378,8,False,8,3,8,8|8|9|8|7|8|8|7|8|8
42412,8,False,8,0,8,8|8|8|8|8|8|8|8|8|8
42416,8,False,8,7,9,8|9|9|8|9|8|9|9|9|9
42417,8,False,8,0,8,8|8|8|8|8|8|8|8|8|8
42418,8,False,8,0,8,8|8|8|8|8|8|8|8|8|8
42427,8,False,8,0,8,8|8|8|8|8|8|8|8|8|8
42437,8,False,8,9,0,9|9|0|9|0|9|0|8|0|0
42440,8,False,8,10,9,9|9|9|9|9|9|9|9|9|9
42448,8,False,8,10,1,1|1|1|1|1|1|1|1|1|1
42449,8,False,8,1,8,8|9|8|8|8|8|8|8|8|8
42458,8,False,8,2,8,8|9|0|8|8|8|8|8|8|8
42474,8,False,8,10,9,9|9|9|9|9|9|9|9|9|9
42491,8,False,8,10,9,9|9|9|9|9|9|9|9|9|9
42493,8,False,8,4,8,8|9|8|9|4|8|9|8|8|8
42500,8,False,8,3,8,9|9|8|8|8|8|8|8|8|9
42503,8,False,8,0,8,8|8|8|8|8|8|8|8|8|8
42533,8,False,8,2,8,8|8|9|9|8|8|8|8|8|8
42540,8,False,8,2,8,8|8|0|9|8|8|8|8|8|8
42555,8,False,8,10,9,9|9|9|9|9|9|9|9|9|9
42556,8,False,8,3,8,8|8|8|8|9|9|8|9|8|8
42564,8,False,8,10,9,9|9|9|9|9|9|9|9|9|9
42587,8,False,8,6,7,9|7|7|8|7|8|7|8|7|8
42607,8,False,8,8,9,9|9|8|8|9|9|9|9|9|9
42609,8,False,8,0,8,8|8|8|8|8|8|8|8|8|8
42610,8,False,8,3,8,9|8|8|8|9|9|8|8|8|8
42621,8,False,8,0,8,8|8|8|8|8|8|8|8|8|8
42624,8,False,8,0,8,8|8|8|8|8|8|8|8|8|8
42627,8,False,8,0,8,8|8|8|8|8|8|8|8|8|8
42634,8,False,8,3,8,8|8|8|0|9|8|8|9|8|8
42644,8,False,8,10,9,9|9|9|9|9|9|9|9|9|9
42646,8,False,8,9,0,0|0|1|0|0|8|1|0|1|0
42654,8,False,8,4,8,8|9|8|8|9|8|8|9|8|9
42660,8,False,8,0,8,8|8|8|8|8|8|8|8|8|8
42666,8,False,8,0,8,8|8|8|8|8|8|8|8|8|8
42673,8,False,8,1,8,8|8|8|8|9|8|8|8|8|8
42760,8,False,8,0,8,8|8|8|8|8|8|8|8|8|8
42762,8,False,8,8,9,9|9|8|9|9|9|9|8|9|9
42763,8,False,8,6,9,9|9|9|8|9|9|9|8|8|8
42766,8,False,8,0,8,8|8|8|8|8|8|8|8|8|8
42787,8,False,8,10,9,9|9|9|9|9|9|9|9|9|9
42815,8,False,8,9,3,3|7|5|3|0|8|9|3|9|4
42818,8,False,8,10,0,0|0|0|0|0|0|0|0|0|0
42834,8,False,8,0,8,8|8|8|8|8|8|8|8|8|8
42844,8,False,8,4,8,9|9|8|8|9|9|8|8|8|8
42847,8,False,8,10,9,9|9|9|9|9|9|9|9|9|9
42856,8,False,8,0,8,8|8|8|8|8|8|8|8|8|8
42862,8,False,8,4,8,8|8|8|9|9|8|8|9|8|9
42877,8,False,8,0,8,8|8|8|8|8|8|8|8|8|8
42878,8,False,8,9,9,9|9|9|9|9|9|8|9|9|9
42884,8,False,8,0,8,8|8|8|8|8|8|8|8|8|8
42888,8,False,8,2,8,0|8|8|8|8|8|8|8|8|0
42893,8,False,8,0,8,8|8|8|8|8|8|8|8|8|8
42905,8,False,8,0,8,8|8|8|8|8|8|8|8|8|8
42912,8,False,8,0,8,8|8|8|8|8|8|8|8|8|8
42915,8,False,8,1,8,8|8|8|8|8|7|8|8|8|8
42919,8,False,8,10,9,9|9|9|9|9|9|9|9|9|9
42921,8,False,8,0,8,8|8|8|8|8|8|8|8|8|8
42926,8,False,8,8,9,8|9|9|9|9|8|9|9|9|9
42933,8,False,8,0,8,8|8|8|8|8|8|8|8|8|8
42942,8,False,8,5,-1,9|9|8|8|9|8|9|9|8|8
42977,8,False,8,5,-1,9|9|8|9|8|9|9|8|8|8
42979,8,False,8,0,8,8|8|8|8|8|8|8|8|8|8
42988,8,False,8,0,8,8|8|8|8|8|8|8|8|8|8
42991,8,False,8,1,8,9|8|8|8|8|8|8|8|8|8
42992,8,False,8,6,2,8|2|9|8|8|8|2|2|2|2
42993,8,False,8,9,9,9|9|9|9|9|9|9|8|0|9
43012,8,False,8,0,8,8|8|8|8|8|8|8|8|8|8
43016,8,False,8,2,8,8|8|8|8|8|8|9|8|8|9
43018,8,False,8,0,8,8|8|8|8|8|8|8|8|8|8
43036,8,False,8,7,9,8|9|9|9|9|8|9|9|8|9
43041,8,False,8,0,8,8|8|8|8|8|8|8|8|8|8
43062,8,False,8,1,8,8|8|8|8|8|8|8|9|8|8
43075,8,False,8,9,0,0|0|0|0|0|4|0|0|8|9
43076,8,False,8,8,9,9|2|9|8|6|8|9|9|9|9
43085,8,False,8,7,9,9|8|8|9|8|9|9|9|9|9
43089,8,False,8,1,8,8|8|8|8|0|8|8|8|8|8
43090,8,False,8,0,8,8|8|8|8|8|8|8|8|8|8
43104,8,False,8,4,8,9|8|9|9|8|8|9|8|8|8
43113,8,False,8,10,0,0|0|0|0|0|0|0|0|0|0
43129,8,False,8,1,8,8|8|8|8|0|8|8|8|8|8
43135,8,False,8,1,8,8|9|8|8|8|8|8|8|8|8
43137,8,False,8,0,8,8|8|8|8|8|8|8|8|8|8
43148,8,False,8,0,8,8|8|8|8|8|8|8|8|8|8
43158,8,False,8,0,8,8|8|8|8|8|8|8|8|8|8
43172,8,False,8,0,8,8|8|8|8|8|8|8|8|8|8
43176,8,False,8,0,8,8|8|8|8|8|8|8|8|8|8
43182,8,False,8,0,8,8|8|8|8|8|8|8|8|8|8
43189,8,False,8,10,9,9|9|9|9|9|9|9|9|9|9
43190,8,False,8,6,9,9|8|9|9|8|8|8|9|9|9
43196,8,False,8,7,9,8|9|9|9|9|8|2|2|8|7
43217,8,False,8,0,8,8|8|8|8|8|8|8|8|8|8
43235,8,False,8,5,-1,8|8|9|9|9|8|9|9|8|8
43250,8,False,8,0,8,8|8|8|8|8|8|8|8|8|8
43268,8,False,8,0,8,8|8|8|8|8|8|8|8|8|8
43305,8,False,8,4,8,9|9|8|8|9|8|8|0|8|8
43312,8,False,8,10,9,0|9|9|9|9|9|9|9|0|9
43316,8,False,8,7,9,9|9|8|9|9|9|8|8|9|9
43339,8,False,8,10,9,9|9|9|9|9|9|9|9|9|9
43358,8,False,8,0,8,8|8|8|8|8|8|8|8|8|8
43366,8,False,8,0,8,8|8|8|8|8|8|8|8|8|8
43373,8,False,8,5,-1,8|9|8|9|8|8|9|8|9|9
43383,8,False,8,1,8,8|8|8|8|8|8|9|8|8|8
43396,8,False,8,2,8,8|9|8|8|8|8|9|8|8|8
43411,8,False,8,0,8,8|8|8|8|8|8|8|8|8|8
43417,8,False,8,6,0,0|8|0|0|0|8|8|0|8|0
43427,8,False,8,2,8,8|9|9|8|8|8|8|8|8|8
43433,8,False,8,9,9,9|9|8|9|9|9|9|9|9|9
43446,8,False,8,9,9,9|9|9|9|9|8|9|9|9|9
43452,8,False,8,0,8,8|8|8|8|8|8|8|8|8|8
43464,8,False,8,0,8,8|8|8|8|8|8|8|8|8|8
43477,8,False,8,1,8,8|8|8|8|8|0|8|8|8|8
43482,8,False,8,3,8,8|8|8|9|9|8|8|9|8|8
43492,8,False,8,1,8,8|8|8|8|8|8|8|8|8|0
43506,8,False,8,3,8,8|8|9|8|8|8|8|8|9|9
43511,8,False,8,7,0,0|0|0|9|9|8|9|0|8|8
43539,8,False,8,2,8,8|8|9|8|8|8|8|8|8|9
43545,8,False,8,7,5,8|9|5|8|8|5|1|5|1|5
43569,8,False,8,0,8,8|8|8|8|8|8|8|8|8|8
43573,8,False,8,10,9,9|9|9|9|9|9|9|9|9|9
43578,8,False,8,6,9,8|8|9|9|9|8|8|9|9|9
43581,8,False,8,3,8,8|8|8|8|8|9|9|8|8|9
43585,8,False,8,10,-1,0|9|9|0|9|0|0|9|0|9
43597,8,False,8,3,8,8|9|9|9|8|8|8|8|8|8
43605,8,False,8,5,-1,8|8|9|8|9|8|8|9|9|9
43608,8,False,8,1,8,8|8|8|8|8|8|8|9|8|8
43627,8,False,8,1,8,8|9|8|8|8|8|8|8|8|8
43656,8,False,8,0,8,8|8|8|8|8|8|8|8|8|8
43659,8,False,8,9,0,0|9|0|9|9|8|9|0|0|0
43663,8,False,8,0,8,8|8|8|8|8|8|8|8|8|8
43669,8,False,8,0,8,8|8|8|8|8|8|8|8|8|8
43674,8,False,8,10,9,9|9|9|9|9|9|9|9|9|9
43680,8,False,8,1,8,8|8|9|8|8|8|8|8|8|8
43683,8,False,8,8,9,9|9|9|9|9|8|9|9|9|8
43692,8,False,8,5,8,0|1|8|8|8|8|8|2|0|0
43698,8,False,8,6,9,9|9|8|9|9|8|9|9|8|8
43709,8,False,8,8,0,0|8|8|0|9|0|0|9|0|0
43712,8,False,8,0,8,8|8|8|8|8|8|8|8|8|8
43715,8,False,8,5,-1,8|0|0|0|0|8|8|0|8|8
43732,8,False,8,0,8,8|8|8|8|8|8|8|8|8|8
43747,8,False,8,1,8,8|8|8|8|8|0|8|8|8|8
43770,8,False,8,0,8,8|8|8|8|8|8|8|8|8|8
43781,8,False,8,0,8,8|8|8|8|8|8|8|8|8|8
43795,8,False,8,0,8,8|8|8|8|8|8|8|8|8|8
43802,8,False,8,4,8,8|9|8|9|9|8|8|9|8|8
43805,8,False,8,10,9,9|9|9|9|9|9|9|9|9|9
43806,8,False,8,0,8,8|8|8|8|8|8|8|8|8|8
43809,8,False,8,0,8,8|8|8|8|8|8|8|8|8|8
43813,8,False,8,10,9,9|9|9|9|9|9|9|9|9|9
43841,8,False,8,3,8,8|8|8|8|8|9|8|8|9|9
43844,8,False,8,0,8,8|8|8|8|8|8|8|8|8|8
43847,8,False,8,0,8,8|8|8|8|8|8|8|8|8|8
43865,8,False,8,5,-1,9|9|8|9|8|9|8|8|9|8
43875,8,False,8,0,8,8|8|8|8|8|8|8|8|8|8
43877,8,False,8,0,8,8|8|8|8|8|8|8|8|8|8
43878,8,False,8,3,8,8|8|8|0|8|8|8|0|0|8
43899,8,False,8,1,8,8|8|8|8|9|8|8|8|8|8
43908,8,False,8,0,8,8|8|8|8|8|8|8|8|8|8
43919,8,False,8,0,8,8|8|8|8|8|8|8|8|8|8
43928,8,False,8,2,8,9|8|8|8|8|8|8|8|9|8
43936,8,False,8,1,8,8|8|8|8|8|8|8|8|2|8
43940,8,False,8,0,8,8|8|8|8|8|8|8|8|8|8
43946,8,False,8,0,8,8|8|8|8|8|8|8|8|8|8
43974,8,False,8,0,8,8|8|8|8|8|8|8|8|8|8
43997,8,False,8,0,8,8|8|8|8|8|8|8|8|8|8
44000,8,False,8,0,8,8|8|8|8|8|8|8|8|8|8
44002,8,False,8,0,8,8|8|8|8|8|8|8|8|8|8
44016,8,False,8,3,8,8|8|9|8|8|9|8|8|8|9
44017,8,False,8,0,8,8|8|8|8|8|8|8|8|8|8
44026,8,False,8,7,9,9|9|9|8|8|9|9|9|9|8
44053,8,False,8,10,2,2|2|3|2|2|2|2|2|2|2
44073,8,False,8,3,8,8|8|8|8|8|8|0|3|8|1
44128,8,False,8,2,8,8|8|8|8|9|8|7|8|8|8
44146,8,False,8,0,8,8|8|8|8|8|8|8|8|8|8
44151,8,False,8,0,8,8|8|8|8|8|8|8|8|8|8
44159,8,False,8,0,8,8|8|8|8|8|8|8|8|8|8
44161,8,False,8,0,8,8|8|8|8|8|8|8|8|8|8
44168,8,False,8,0,8,8|8|8|8|8|8|8|8|8|8
44175,8,False,8,0,8,8|8|8|8|8|8|8|8|8|8
44177,8,False,8,0,8,8|8|8|8|8|8|8|8|8|8
44178,8,False,8,1,8,8|8|8|8|8|8|8|8|8|9
44187,8,False,8,10,3,1|3|2|3|3|3|3|3|3|3
44204,8,False,8,0,8,8|8|8|8|8|8|8|8|8|8
44217,8,False,8,10,0,0|0|0|0|0|0|0|0|0|0
44231,8,False,8,2,8,9|8|8|8|8|9|8|8|8|8
44235,8,False,8,0,8,8|8|8|8|8|8|8|8|8|8
44239,8,False,8,8,9,8|9|9|0|9|9|8|9|9|9
44245,8,False,8,0,8,8|8|8|8|8|8|8|8|8|8
44253,8,False,8,0,8,8|8|8|8|8|8|8|8|8|8
44264,8,False,8,8,9,9|9|8|8|9|9|9|9|9|9
44267,8,False,8,0,8,8|8|8|8|8|8|8|8|8|8
44275,8,False,8,0,8,8|8|8|8|8|8|8|8|8|8
44304,8,False,8,4,8,8|8|8|0|8|8|0|0|8|0
44308,8,False,8,2,8,8|8|8|9|8|8|9|8|8|8
44310,8,False,8,1,8,8|8|8|8|8|8|8|8|9|8
44313,8,False,8,0,8,8|8|8|8|8|8|8|8|8|8
44318,8,False,8,8,9,9|9|9|9|8|9|8|9|9|9
44341,8,False,8,0,8,8|8|8|8|8|8|8|8|8|8
44342,8,False,8,0,8,8|8|8|8|8|8|8|8|8|8
44357,8,False,8,0,8,8|8|8|8|8|8|8|8|8|8
44377,8,False,8,2,8,9|8|8|8|8|8|8|9|8|8
44380,8,False,8,10,6,2|6|3|3|2|3|6|6|2|6
44388,8,False,8,9,9,9|9|9|9|9|9|9|9|8|9
44391,8,False,8,10,3,3|1|3|1|3|5|1|1|3|3
44402,8,False,8,0,8,8|8|8|8|8|8|8|8|8|8
44422,8,False,8,0,8,8|8|8|8|8|8|8|8|8|8
44423,8,False,8,1,8,9|8|8|8|8|8|8|8|8|8
44454,8,False,8,1,8,8|8|0|8|8|8|8|8|8|8
44458,8,False,8,0,8,8|8|8|8|8|8|8|8|8|8
44461,8,False,8,0,8,8|8|8|8|8|8|8|8|8|8
44484,8,False,8,0,8,8|8|8|8|8|8|8|8|8|8
44486,8,False,8,2,8,8|8|8|0|8|8|8|9|8|8
44489,8,False,8,10,9,9|9|9|9|9|9|9|9|9|9
44501,8,False,8,4,8,8|2|8|9|8|8|8|8|3|9
44503,8,False,8,0,8,8|8|8|8|8|8|8|8|8|8
44528,8,False,8,5,-1,9|8|8|9|8|9|8|8|9|9
44533,8,False,8,0,8,8|8|8|8|8|8|8|8|8|8
44539,8,False,8,2,8,8|9|8|8|8|8|8|8|9|8
44545,8,False,8,6,0,0|0|0|8|9|8|0|0|8|8
44553,8,False,8,6,9,9|9|8|8|8|9|9|8|9|9
44570,8,False,8,2,8,9|8|8|8|8|8|8|8|8|9
44571,8,False,8,9,9,9|9|9|8|9|9|9|9|9|9
44578,8,False,8,9,0,2|0|9|2|1|0|0|2|8|0
44593,8,False,8,0,8,8|8|8|8|8|8|8|8|8|8
44596,8,False,8,0,8,8|8|8|8|8|8|8|8|8|8
44603,8,False,8,1,8,8|9|8|8|8|8|8|8|8|8
44605,8,False,8,0,8,8|8|8|8|8|8|8|8|8|8
44633,8,False,8,1,8,8|8|9|8|8|8|8|8|8|8
44644,8,False,8,6,9,9|9|9|8|9|8|9|9|8|8
44652,8,False,8,7,2,8|2|2|8|8|2|2|5|1|2
44653,8,False,8,1,8,8|8|8|8|8|8|9|8|8|8
44686,8,False,8,9,9,9|9|9|9|9|9|9|9|8|9
44690,8,False,8,2,8,8|8|8|9|8|8|8|8|9|8
44695,8,False,8,0,8,8|8|8|8|8|8|8|8|8|8
44697,8,False,8,3,8,8|8|8|8|0|8|8|8|2|0
44713,8,False,8,0,8,8|8|8|8|8|8|8|8|8|8
44723,8,False,8,1,8,8|8|8|8|8|8|8|8|0|8
44736,8,False,8,0,8,8|8|8|8|8|8|8|8|8|8
44748,8,False,8,1,8,9|8|8|8|8|8|8|8|8|8
44751,8,False,8,0,8,8|8|8|8|8|8|8|8|8|8
44761,8,False,8,4,8,9|8|9|8|8|8|9|0|8|8
44763,8,False,8,0,8,8|8|8|8|8|8|8|8|8|8
44775,8,False,8,0,8,8|8|8|8|8|8|8|8|8|8
44781,8,False,8,9,7,7|7|7|3|7|8|7|7|7|7
44788,8,False,8,6,-1,0|4|8|8|0|8|5|0|0|8
44791,8,False,8,0,8,8|8|8|8|8|8|8|8|8|8
44807,8,False,8,7,9,8|9|9|9|9|9|8|9|8|9
44827,8,False,8,6,9,9|9|8|8|9|9|8|8|9|9
44830,8,False,8,0,8,8|8|8|8|8|8|8|8|8|8
44835,8,False,8,4,8,8|8|8|9|8|9|9|8|8|9
44836,8,False,8,2,8,8|0|8|8|8|8|8|8|0|8
44852,8,False,8,3,8,8|9|9|9|8|8|8|8|8|8
44874,8,False,8,0,8,8|8|8|8|8|8|8|8|8|8
44883,8,False,8,1,8,8|8|8|9|8|8|8|8|8|8
44892,8,False,8,1,8,8|8|8|8|8|8|8|8|8|9
44897,8,False,8,0,8,8|8|8|8|8|8|8|8|8|8
44901,8,False,8,2,8,8|8|8|9|8|8|9|8|8|8
44903,8,False,8,0,8,8|8|8|8|8|8|8|8|8|8
44907,8,False,8,0,8,8|8|8|8|8|8|8|8|8|8
44917,8,False,8,10,9,9|9|9|9|9|9|9|9|9|9
44919,8,False,8,0,8,8|8|8|8|8|8|8|8|8|8
44930,8,False,8,5,-1,8|5|5|8|5|5|8|8|5|8
44943,8,False,8,1,8,8|8|8|8|8|9|8|8|8|8
44947,8,False,8,10,6,5|6|6|0|6|3|6|0|3|6
44968,8,False,8,8,9,9|9|8|9|9|9|8|9|9|9
44999,8,False,8,0,8,8|8|8|8|8|8|8|8|8|8
45008,8,False,8,0,8,8|8|8|8|8|8|8|8|8|8
45009,8,False,8,7,9,9|8|8|9|8|9|9|9|9|9
45015,8,False,8,9,9,9|9|9|9|9|9|9|9|9|8
45025,8,False,8,9,5,5|5|8|4|5|5|5|5|5|5
45034,8,False,8,1,8,8|8|8|8|9|8|8|8|8|8
45036,8,False,8,0,8,8|8|8|8|8|8|8|8|8|8
45052,8,False,8,0,8,8|8|8|8|8|8|8|8|8|8
45073,8,False,8,0,8,8|8|8|8|8|8|8|8|8|8
45075,8,False,8,1,8,8|8|8|8|8|8|9|8|8|8
45078,8,False,8,9,9,9|9|8|9|9|9|9|9|9|9
45083,8,False,8,6,9,9|9|8|9|9|8|8|9|8|9
45124,8,False,8,2,8,8|8|8|9|8|8|8|9|8|8
45139,8,False,8,0,8,8|8|8|8|8|8|8|8|8|8
45149,8,False,8,7,9,9|9|9|9|8|9|9|8|9|8
45157,8,False,8,0,8,8|8|8|8|8|8|8|8|8|8
45158,8,False,8,0,8,8|8|8|8|8|8|8|8|8|8
45168,8,False,8,0,8,8|8|8|8|8|8|8|8|8|8
45183,8,False,8,10,9,9|9|9|9|9|9|9|9|9|9
45184,8,False,8,0,8,8|8|8|8|8|8|8|8|8|8
45193,9,False,9,0,9,9|9|9|9|9|9|9|9|9|9
45202,9,False,9,3,9,9|8|9|8|9|9|9|8|9|9
45221,9,False,9,10,8,8|8|8|8|8|8|8|8|8|8
45222,9,False,9,0,9,9|9|9|9|9|9|9|9|9|9
45232,9,False,9,0,9,9|9|9|9|9|9|9|9|9|9
45267,9,False,9,0,9,9|9|9|9|9|9|9|9|9|9
45300,9,False,9,10,8,8|8|8|8|8|8|8|8|8|8
45310,9,False,9,0,9,9|9|9|9|9|9|9|9|9|9
45318,9,False,9,0,9,9|9|9|9|9|9|9|9|9|9
45319,9,False,9,10,8,8|8|8|8|8|8|8|8|8|8
45321,9,False,9,10,8,8|8|8|8|8|8|8|8|8|8
45332,9,False,9,2,9,9|8|9|8|9|9|9|9|9|9
45333,9,False,9,0,9,9|9|9|9|9|9|9|9|9|9
45344,9,False,9,0,9,9|9|9|9|9|9|9|9|9|9
45348,9,False,9,10,8,8|5|8|8|8|8|8|0|8|8
45360,9,False,9,0,9,9|9|9|9|9|9|9|9|9|9
45365,9,False,9,0,9,9|9|9|9|9|9|9|9|9|9
45372,9,False,9,0,9,9|9|9|9|9|9|9|9|9|9
45384,9,False,9,0,9,9|9|9|9|9|9|9|9|9|9
45394,9,False,9,10,8,8|8|8|8|8|8|8|8|8|8
45401,9,False,9,0,9,9|9|9|9|9|9|9|9|9|9
45422,9,False,9,4,9,9|9|0|8|8|9|9|9|9|8
45435,9,False,9,1,9,9|9|8|9|9|9|9|9|9|9
45441,9,False,9,0,9,9|9|9|9|9|9|9|9|9|9
45443,9,False,9,6,8,8|9|8|8|9|9|8|8|9|8
45453,9,False,9,6,8,9|9|8|9|0|9|8|8|8|8
45461,9,False,9,9,8,8|8|8|8|9|8|8|8|8|8
45469,9,False,9,3,9,9|9|9|8|8|9|8|9|9|9
45471,9,False,9,0,9,9|9|9|9|9|9|9|9|9|9
45479,9,False,9,1,9,9|8|9|9|9|9|9|9|9|9
45492,9,False,9,6,2,8|2|9|2|2|9|2|2|9|9
45496,9,False,9,0,9,9|9|9|9|9|9|9|9|9|9
45499,9,False,9,5,-1,9|8|8|9|8|9|8|8|9|9
45511,9,False,9,0,9,9|9|9|9|9|9|9|9|9|9
45513,9,False,9,8,8,8|9|8|8|9|8|8|8|8|8
45529,9,False,9,1,9,9|9|8|9|9|9|9|9|9|9
45555,9,False,9,9,8,2|8|2|8|9|8|7|8|4|0
45561,9,False,9,6,8,8|8|9|8|9|8|8|8|9|9
45562,9,False,9,10,8,8|8|8|8|7|8|8|8|8|8
45566,9,False,9,3,9,8|9|9|9|9|8|9|9|9|8
45584,9,False,9,0,9,9|9|9|9|9|9|9|9|9|9
45597,9,False,9,9,8,8|8|8|9|8|8|8|8|8|8
45606,9,False,9,0,9,9|9|9|9|9|9|9|9|9|9
45610,9,False,9,2,9,8|9|9|8|9|9|9|9|9|9
45625,9,False,9,0,9,9|9|9|9|9|9|9|9|9|9
45647,9,False,9,0,9,9|9|9|9|9|9|9|9|9|9
45656,9,False,9,1,9,9|9|8|9|9|9|9|9|9|9
45657,9,False,9,1,9,9|9|9|9|9|9|9|9|9|8
45658,9,False,9,1,9,9|9|9|9|9|9|9|9|8|9
45663,9,False,9,10,8,8|8|8|8|8|8|8|8|8|8
45690,9,False,9,0,9,9|9|9|9|9|9|9|9|9|9
45696,9,False,9,0,9,9|9|9|9|9|9|9|9|9|9
45697,9,False,9,4,9,8|9|8|8|9|8|9|9|9|9
45706,9,False,9,10,0,0|0|0|0|0|0|0|0|0|0
45710,9,False,9,9,8,8|8|8|8|8|8|8|8|8|9
45717,9,False,9,1,9,9|9|9|9|9|8|9|9|9|9
45718,9,False,9,10,8,8|3|8|8|8|8|8|8|8|0
45743,9,False,9,1,9,9|8|9|9|9|9|9|9|9|9
45748,9,False,9,6,8,9|9|8|8|8|9|8|8|9|8
45776,9,False,9,8,8,9|8|8|8|8|8|8|9|8|8
45779,9,False,9,5,-1,9|8|9|9|8|9|9|8|8|8
45815,9,False,9,0,9,9|9|9|9|9|9|9|9|9|9
45827,9,False,9,6,8,8|8|8|8|9|9|9|9|7|8
45829,9,False,9,7,6,6|6|6|6|9|9|6|6|6|9
45840,9,False,9,0,9,9|9|9|9|9|9|9|9|9|9
45859,9,False,9,6,8,8|9|8|8|9|8|8|9|8|9
45860,9,False,9,2,9,9|9|8|8|9|9|9|9|9|9
45863,9,False,9,1,9,9|9|9|9|8|9|9|9|9|9
45878,9,False,9,4,9,9|9|9|9|9|8|8|9|8|8
45881,9,False,9,10,8,8|8|8|8|8|8|8|8|8|8
45904,9,False,9,9,8,8|8|8|9|8|8|8|8|8|8
45919,9,False,9,1,9,8|9|9|9|9|9|9|9|9|9
45924,9,False,9,1,9,9|9|9|9|9|9|9|9|8|9
45925,9,False,9,0,9,9|9|9|9|9|9|9|9|9|9
45944,9,False,9,8,8,0|9|9|8|8|8|8|0|8|8
45950,9,False,9,0,9,9|9|9|9|9|9|9|9|9|9
45954,9,False,9,2,9,9|9|8|9|9|9|8|9|9|9
45961,9,False,9,2,9,4|9|9|9|0|9|9|9|9|9
45965,9,False,9,8,7,3|9|7|2|7|7|7|9|7|3
45966,9,False,9,0,9,9|9|9|9|9|9|9|9|9|9
45969,9,False,9,0,9,9|9|9|9|9|9|9|9|9|9
45971,9,False,9,2,9,9|9|9|9|9|9|0|9|8|9
45977,9,False,9,2,9,9|0|0|9|9|9|9|9|9|9
45988,9,False,9,6,8,9|8|8|8|8|9|8|8|9|9
46014,9,False,9,0,9,9|9|9|9|9|9|9|9|9|9
46022,9,False,9,6,8,8|8|9|9|8|8|9|9|8|8
46039,9,False,9,0,9,9|9|9|9|9|9|9|9|9|9
46042,9,False,9,0,9,9|9|9|9|9|9|9|9|9|9
46050,9,False,9,0,9,9|9|9|9|9|9|9|9|9|9
46058,9,False,9,9,8,9|0|8|8|8|0|8|0|8|8
46062,9,False,9,0,9,9|9|9|9|9|9|9|9|9|9
46064,9,False,9,0,9,9|9|9|9|9|9|9|9|9|9
46068,9,False,9,3,9,9|9|8|9|8|9|9|8|9|9
46072,9,False,9,0,9,9|9|9|9|9|9|9|9|9|9
46085,9,False,9,9,8,8|9|8|8|8|8|8|8|8|8
46100,9,False,9,8,8,8|9|8|8|8|8|8|8|9|8
46104,9,False,9,0,9,9|9|9|9|9|9|9|9|9|9
46108,9,False,9,3,9,8|9|9|9|9|8|9|8|9|9
46109,9,False,9,0,9,9|9|9|9|9|9|9|9|9|9
46113,9,False,9,3,9,9|9|9|9|9|9|9|8|8|8
46122,9,False,9,9,8,8|8|8|8|8|8|8|9|8|8
46146,9,False,9,0,9,9|9|9|9|9|9|9|9|9|9
46152,9,False,9,0,9,9|9|9|9|9|9|9|9|9|9
46201,9,False,9,0,9,9|9|9|9|9|9|9|9|9|9
46206,9,False,9,5,-1,9|9|8|9|8|8|9|9|8|8
46212,9,False,9,10,8,8|8|8|8|8|8|8|8|8|8
46213,9,False,9,5,9,2|9|9|9|9|0|0|9|8|0
46238,9,False,9,0,9,9|9|9|9|9|9|9|9|9|9
46245,9,False,9,0,9,9|9|9|9|9|9|9|9|9|9
46250,9,False,9,10,8,8|8|8|8|8|8|8|8|8|8
46257,9,False,9,0,9,9|9|9|9|9|9|9|9|9|9
46274,9,False,9,0,9,9|9|9|9|9|9|9|9|9|9
46280,9,False,9,0,9,9|9|9|9|9|9|9|9|9|9
46302,9,False,9,0,9,9|9|9|9|9|9|9|9|9|9
46309,9,False,9,0,9,9|9|9|9|9|9|9|9|9|9
46311,9,False,9,6,8,8|8|8|9|9|9|8|8|8|9
46330,9,False,9,0,9,9|9|9|9|9|9|9|9|9|9
46332,9,False,9,0,9,9|9|9|9|9|9|9|9|9|9
46343,9,False,9,5,9,2|9|8|9|9|8|8|9|8|9
46366,9,False,9,0,9,9|9|9|9|9|9|9|9|9|9
46369,9,False,9,1,9,9|9|9|7|9|9|9|9|9|9
46372,9,False,9,10,8,8|8|8|8|8|8|8|8|8|8
46377,9,False,9,0,9,9|9|9|9|9|9|9|9|9|9
46381,9,False,9,1,9,9|9|9|9|7|9|9|9|9|9
46386,9,False,9,3,9,9|9|0|9|9|9|9|9|8|8
46409,9,False,9,0,9,9|9|9|9|9|9|9|9|9|9
46413,9,False,9,4,9,9|9|8|8|8|9|9|8|9|9
46420,9,False,9,1,9,9|9|0|9|9|9|9|9|9|9
46434,9,False,9,0,9,9|9|9|9|9|9|9|9|9|9
46456,9,False,9,2,9,9|8|8|9|9|9|9|9|9|9
46475,9,False,9,0,9,9|9|9|9|9|9|9|9|9|9
46495,9,False,9,1,9,9|9|9|9|9|9|9|8|9|9
46496,9,False,9,0,9,9|9|9|9|9|9|9|9|9|9
46499,9,False,9,8,8,8|8|9|9|8|8|8|8|8|8
46500,9,False,9,1,9,9|8|9|9|9|9|9|9|9|9
46507,9,False,9,0,9,9|9|9|9|9|9|9|9|9|9
46523,9,False,9,0,9,9|9|9|9|9|9|9|9|9|9
46526,9,False,9,0,9,9|9|9|9|9|9|9|9|9|9
46530,9,False,9,0,9,9|9|9|9|9|9|9|9|9|9
46555,9,False,9,0,9,9|9|9|9|9|9|9|9|9|9
46566,9,False,9,0,9,9|9|9|9|9|9|9|9|9|9
46569,9,False,9,5,9,3|9|8|0|9|0|9|9|0|9
46573,9,False,9,0,9,9|9|9|9|9|9|9|9|9|9
46574,9,False,9,0,9,9|9|9|9|9|9|9|9|9|9
46577,9,False,9,2,9,9|7|9|9|9|9|9|0|9|9
46603,9,False,9,2,9,9|9|8|8|9|9|9|9|9|9
46611,9,False,9,2,9,9|9|8|9|9|9|8|9|9|9
46634,9,False,9,0,9,9|9|9|9|9|9|9|9|9|9
46642,9,False,9,2,9,8|9|9|9|9|8|9|9|9|9
46651,9,False,9,0,9,9|9|9|9|9|9|9|9|9|9
46679,9,False,9,8,8,8|8|8|9|8|8|9|8|8|8
46681,9,False,9,5,9,8|9|9|9|9|0|0|0|9|0
46694,9,False,9,0,9,9|9|9|9|9|9|9|9|9|9
46698,9,False,9,0,9,9|9|9|9|9|9|9|9|9|9
46700,9,False,9,10,8,8|8|8|8|8|8|8|8|8|8
46715,9,False,9,0,9,9|9|9|9|9|9|9|9|9|9
46737,9,False,9,10,8,8|8|8|8|8|8|8|8|8|8
46748,9,False,9,0,9,9|9|9|9|9|9|9|9|9|9
46750,9,False,9,0,9,9|9|9|9|9|9|9|9|9|9
46757,9,False,9,1,9,9|9|8|9|9|9|9|9|9|9
46761,9,False,9,0,9,9|9|9|9|9|9|9|9|9|9
46788,9,False,9,10,8,8|8|8|8|8|8|8|8|8|0
46811,9,False,9,0,9,9|9|9|9|9|9|9|9|9|9
46869,9,False,9,6,8,8|9|8|8|9|9|8|8|8|9
46922,9,False,9,2,9,9|0|9|9|9|8|9|9|9|9
46950,9,False,9,0,9,9|9|9|9|9|9|9|9|9|9
46968,9,False,9,10,0,0|0|2|0|0|0|0|0|0|0
46974,9,False,9,6,8,8|8|9|8|0|8|9|9|8|9
46980,9,False,9,10,8,8|8|8|8|8|8|8|8|8|8
46982,9,False,9,0,9,9|9|9|9|9|9|9|9|9|9
46998,9,False,9,0,9,9|9|9|9|9|9|9|9|9|9
47017,9,False,9,9,1,8|1|1|1|5|8|1|9|8|1
47022,9,False,9,0,9,9|9|9|9|9|9|9|9|9|9
47042,9,False,9,0,9,9|9|9|9|9|9|9|9|9|9
47054,9,False,9,1,9,9|9|9|9|8|9|9|9|9|9
47055,9,False,9,9,8,8|8|9|8|8|8|8|8|8|8
47061,9,False,9,1,9,9|9|9|9|9|9|9|8|9|9
47071,9,False,9,0,9,9|9|9|9|9|9|9|9|9|9
47081,9,False,9,10,8,0|8|8|8|0|0|8|8|8|8
47083,9,False,9,0,9,9|9|9|9|9|9|9|9|9|9
47103,9,False,9,3,9,9|9|9|9|8|8|9|9|8|9
47113,9,False,9,10,8,8|8|8|8|8|8|8|8|8|8
47117,9,False,9,0,9,9|9|9|9|9|9|9|9|9|9
47133,9,False,9,10,8,8|8|8|8|8|8|8|8|8|8
47162,9,False,9,0,9,9|9|9|9|9|9|9|9|9|9
47164,9,False,9,0,9,9|9|9|9|9|9|9|9|9|9
47199,9,False,9,0,9,9|9|9|9|9|9|9|9|9|9
47209,9,False,9,1,9,9|9|9|9|9|9|9|9|9|8
47214,9,False,9,1,9,9|9|9|9|9|9|8|9|9|9
47224,9,False,9,0,9,9|9|9|9|9|9|9|9|9|9
47252,9,False,9,10,8,8|8|8|8|8|8|8|8|8|8
47260,9,False,9,0,9,9|9|9|9|9|9|9|9|9|9
47263,9,False,9,2,9,9|9|9|8|8|9|9|9|9|9
47264,9,False,9,8,8,9|8|9|8|8|8|8|8|8|8
47273,9,False,9,1,9,9|9|8|9|9|9|9|9|9|9
47276,9,False,9,5,-1,8|9|9|9|8|8|8|9|8|9
47278,9,False,9,10,0,0|0|0|0|0|0|0|0|0|0
47279,9,False,9,1,9,9|9|8|9|9|9|9|9|9|9
47282,9,False,9,7,8,9|8|8|0|9|8|1|0|8|9
47287,9,False,9,5,-1,9|9|8|8|9|8|9|9|8|8
47298,9,False,9,6,8,8|8|0|8|9|9|9|8|8|9
47301,9,False,9,1,9,9|9|0|9|9|9|9|9|9|9
47308,9,False,9,0,9,9|9|9|9|9|9|9|9|9|9
47332,9,False,9,0,9,9|9|9|9|9|9|9|9|9|9
47337,9,False,9,0,9,9|9|9|9|9|9|9|9|9|9
47341,9,False,9,2,9,9|9|9|9|7|9|7|9|9|9
47342,9,False,9,6,6,9|9|6|9|6|6|6|6|6|9
47350,9,False,9,1,9,8|9|9|9|9|9|9|9|9|9
47361,9,False,9,4,9,9|9|0|9|9|9|8|2|2|9
47362,9,False,9,5,-1,8|9|9|8|8|8|9|8|9|9
47363,9,False,9,0,9,9|9|9|9|9|9|9|9|9|9
47366,9,False,9,0,9,9|9|9|9|9|9|9|9|9|9
47375,9,False,9,3,9,9|9|9|9|9|9|9|8|8|8
47394,9,False,9,4,9,8|9|9|9|9|8|9|8|8|9
47403,9,False,9,0,9,9|9|9|9|9|9|9|9|9|9
47419,9,False,9,0,9,9|9|9|9|9|9|9|9|9|9
47427,9,False,9,0,9,9|9|9|9|9|9|9|9|9|9
47428,9,False,9,8,5,3|8|5|9|9|8|5|5|8|5
47429,9,False,9,0,9,9|9|9|9|9|9|9|9|9|9
47431,9,False,9,2,9,9|9|9|9|9|9|8|9|8|9
47435,9,False,9,0,9,9|9|9|9|9|9|9|9|9|9
47443,9,False,9,0,9,9|9|9|9|9|9|9|9|9|9
47446,9,False,9,0,9,9|9|9|9|9|9|9|9|9|9
47452,9,False,9,0,9,9|9|9|9|9|9|9|9|9|9
47468,9,False,9,0,9,9|9|9|9|9|9|9|9|9|9
47476,9,False,9,0,9,9|9|9|9|9|9|9|9|9|9
47478,9,False,9,4,9,9|9|8|8|9|9|8|9|9|8
47504,9,False,9,10,8,8|8|8|8|8|8|8|8|8|8
47519,9,False,9,1,9,9|9|9|0|9|9|9|9|9|9
47536,9,False,9,0,9,9|9|9|9|9|9|9|9|9|9
47537,9,False,9,0,9,9|9|9|9|9|9|9|9|9|9
47552,9,False,9,2,9,9|8|9|9|8|9|9|9|9|9
47570,9,False,9,0,9,9|9|9|9|9|9|9|9|9|9
47573,9,False,9,0,9,9|9|9|9|9|9|9|9|9|9
47584,9,False,9,0,9,9|9|9|9|9|9|9|9|9|9
47600,9,False,9,0,9,9|9|9|9|9|9|9|9|9|9
47619,9,False,9,1,9,9|9|9|9|9|8|9|9|9|9
47623,9,False,9,0,9,9|9|9|9|9|9|9|9|9|9
47665,9,False,9,0,9,9|9|9|9|9|9|9|9|9|9
47672,9,False,9,0,9,9|9|9|9|9|9|9|9|9|9
47680,9,False,9,3,9,9|0|9|8|9|9|0|9|9|9
47684,9,False,9,3,9,9|9|9|9|6|9|6|9|6|9
47692,9,False,9,0,9,9|9|9|9|9|9|9|9|9|9
47695,9,False,9,2,9,9|8|9|8|9|9|9|9|9|9
47697,9,False,9,10,7,7|7|7|7|7|7|7|7|7|7
47706,9,False,9,10,5,5|5|8|1|8|8|5|5|5|5
47712,9,False,9,0,9,9|9|9|9|9|9|9|9|9|9
47722,9,False,9,0,9,9|9|9|9|9|9|9|9|9|9
47727,9,False,9,2,9,9|8|9|9|9|9|9|8|9|9
47737,9,False,9,0,9,9|9|9|9|9|9|9|9|9|9
47768,9,False,9,0,9,9|9|9|9|9|9|9|9|9|9
47770,9,False,9,5,-1,8|8|8|9|9|9|8|8|9|9
47778,9,False,9,1,9,9|9|8|9|9|9|9|9|9|9
47784,9,False,9,0,9,9|9|9|9|9|9|9|9|9|9
47798,9,False,9,3,9,9|8|9|0|9|9|0|9|9|9
47805,9,False,9,0,9,9|9|9|9|9|9|9|9|9|9
47818,9,False,9,2,9,9|9|9|8|9|9|9|8|9|9
47820,9,False,9,6,-1,0|9|8|8|9|9|0|8|9|8
47829,9,False,9,0,9,9|9|9|9|9|9|9|9|9|9
47833,9,False,9,5,9,0|0|9|9|9|9|9|0|0|8
47855,9,False,9,5,-1,9|8|9|9|8|8|9|8|8|9
47866,9,False,9,10,8,8|8|8|8|8|8|8|8|8|8
47872,9,False,9,8,8,9|8|8|8|8|8|8|8|9|8
47874,9,False,9,10,8,8|8|8|8|8|8|8|8|8|8
47876,9,False,9,4,9,9|9|9|9|8|8|9|9|8|8
47878,9,False,9,1,9,9|9|9|9|2|9|9|9|9|9
47884,9,False,9,3,9,8|9|9|8|8|9|9|9|9|9
47891,9,False,9,1,9,8|9|9|9|9|9|9|9|9|9
47908,9,False,9,0,9,9|9|9|9|9|9|9|9|9|9
47915,9,False,9,1,9,9|9|9|9|9|9|9|9|8|9
47916,9,False,9,0,9,9|9|9|9|9|9|9|9|9|9
47917,9,False,9,0,9,9|9|9|9|9|9|9|9|9|9
47921,9,False,9,3,9,9|9|9|8|8|9|9|8|9|9
47933,9,False,9,0,9,9|9|9|9|9|9|9|9|9|9
47948,9,False,9,0,9,9|9|9|9|9|9|9|9|9|9
47951,9,False,9,6,8,8|9|8|8|9|8|8|8|9|9
47956,9,False,9,10,8,8|0|8|8|8|8|8|8|8|8
47957,9,False,9,0,9,9|9|9|9|9|9|9|9|9|9
47978,9,False,9,0,9,9|9|9|9|9|9|9|9|9|9
47986,9,False,9,0,9,9|9|9|9|9|9|9|9|9|9
47991,9,False,9,3,9,8|9|9|9|9|8|9|9|9|8
48024,9,False,9,0,9,9|9|9|9|9|9|9|9|9|9
48039,9,False,9,2,9,9|9|8|9|9|9|0|9|9|9
48043,9,False,9,1,9,9|9|8|9|9|9|9|9|9|9
48049,9,False,9,1,9,9|9|9|8|9|9|9|9|9|9
48059,9,False,9,0,9,9|9|9|9|9|9|9|9|9|9
48066,9,False,9,1,9,9|9|9|8|9|9|9|9|9|9
48079,9,False,9,2,9,9|9|8|9|9|9|8|9|9|9
48097,9,False,9,0,9,9|9|9|9|9|9|9|9|9|9
48100,9,False,9,1,9,9|9|9|9|6|9|9|9|9|9
48109,9,False,9,7,8,8|9|8|8|8|8|9|8|9|8
48118,9,False,9,2,9,9|9|9|9|9|9|9|8|8|9
48119,9,False,9,2,9,9|9|9|9|9|8|8|9|9|9
48137,9,False,9,0,9,9|9|9|9|9|9|9|9|9|9
48146,9,False,9,5,-1,9|8|8|9|8|9|8|9|8|9
48152,9,False,9,8,8,9|8|8|8|8|8|8|8|9|8
48155,9,False,9,6,-1,9|2|9|8|9|2|0|2|2|9
48165,9,False,9,10,8,8|8|8|8|8|8|8|8|8|8
48172,9,False,9,0,9,9|9|9|9|9|9|9|9|9|9
48177,9,False,9,0,9,9|9|9|9|9|9|9|9|9|9
48182,9,False,9,0,9,9|9|9|9|9|9|9|9|9|9
48211,9,False,9,4,9,9|9|8|9|6|9|9|6|6|9
48222,9,False,9,0,9,9|9|9|9|9|9|9|9|9|9
48254,9,False,9,0,9,9|9|9|9|9|9|9|9|9|9
48259,9,False,9,0,9,9|9|9|9|9|9|9|9|9|9
48260,9,False,9,10,8,8|8|8|8|8|8|8|8|8|8
48261,9,False,9,4,9,8|9|8|9|8|9|9|9|8|9
48274,9,False,9,0,9,9|9|9|9|9|9|9|9|9|9
48279,9,False,9,1,9,9|9|9|9|8|9|9|9|9|9
48305,9,False,9,0,9,9|9|9|9|9|9|9|9|9|9
48310,9,False,9,0,9,9|9|9|9|9|9|9|9|9|9
48348,9,False,9,0,9,9|9|9|9|9|9|9|9|9|9
48350,9,False,9,5,-1,9|8|9|9|8|8|9|9|8|8
48355,9,False,9,10,1,1|1|0|1|0|1|1|1|1|1
48366,9,False,9,1,9,9|9|9|9|9|9|9|9|8|9
48368,9,False,9,0,9,9|9|9|9|9|9|9|9|9|9
48372,9,False,9,0,9,9|9|9|9|9|9|9|9|9|9
48375,9,False,9,10,8,8|8|8|8|8|8|8|8|8|8
48381,9,False,9,3,9,9|8|8|9|8|9|9|9|9|9
48403,9,False,9,0,9,9|9|9|9|9|9|9|9|9|9
48409,9,False,9,7,0,0|0|0|9|0|0|3|9|9|0
48417,9,False,9,10,8,8|8|8|8|8|8|8|8|8|8
48423,9,False,9,0,9,9|9|9|9|9|9|9|9|9|9
48430,9,False,9,1,9,9|9|9|9|9|9|8|9|9|9
48433,9,False,9,4,9,9|9|9|9|9|8|8|8|9|8
48438,9,False,9,0,9,9|9|9|9|9|9|9|9|9|9
48439,9,False,9,0,9,9|9|9|9|9|9|9|9|9|9
48449,9,False,9,0,9,9|9|9|9|9|9|9|9|9|9
48482,9,False,9,8,0,0|9|0|0|0|0|9|0|0|0
48499,9,False,9,2,9,9|9|8|9|9|9|9|8|9|9
48523,9,False,9,0,9,9|9|9|9|9|9|9|9|9|9
48543,9,False,9,5,-1,8|9|9|8|9|8|9|8|9|8
48559,9,False,9,0,9,9|9|9|9|9|9|9|9|9|9
48571,9,False,9,6,0,0|9|0|9|9|0|9|0|0|0
48573,9,False,9,4,9,8|9|8|9|9|8|9|9|8|9
48576,9,False,9,0,9,9|9|9|9|9|9|9|9|9|9
48580,9,False,9,0,9,9|9|9|9|9|9|9|9|9|9
48583,9,False,9,2,9,9|9|9|9|9|9|8|8|9|9
48585,9,False,9,0,9,9|9|9|9|9|9|9|9|9|9
48597,9,False,9,3,9,9|3|9|8|9|9|8|9|9|9
48598,9,False,9,0,9,9|9|9|9|9|9|9|9|9|9
48605,9,False,9,0,9,9|9|9|9|9|9|9|9|9|9
48614,9,False,9,1,9,9|9|9|9|9|9|8|9|9|9
48617,9,False,9,1,9,9|9|9|8|9|9|9|9|9|9
48635,9,False,9,10,8,8|8|8|8|8|8|8|8|8|8
48679,9,False,9,10,8,8|8|8|8|8|8|8|8|8|8
48695,9,False,9,9,8,8|8|9|8|8|8|8|8|8|8
48705,9,False,9,0,9,9|9|9|9|9|9|9|9|9|9
48727,9,False,9,4,9,9|9|9|9|8|8|0|0|9|9
48748,9,False,9,2,9,9|9|9|9|8|9|9|8|9|9
48760,9,False,9,0,9,9|9|9|9|9|9|9|9|9|9
48763,9,False,9,0,9,9|9|9|9|9|9|9|9|9|9
48765,9,False,9,0,9,9|9|9|9|9|9|9|9|9|9
48775,9,False,9,0,9,9|9|9|9|9|9|9|9|9|9
48777,9,False,9,1,9,9|9|8|9|9|9|9|9|9|9
48780,9,False,9,0,9,9|9|9|9|9|9|9|9|9|9
48781,9,False,9,0,9,9|9|9|9|9|9|9|9|9|9
48808,9,False,9,10,8,8|8|0|8|8|8|0|0|0|8
48814,9,False,9,0,9,9|9|9|9|9|9|9|9|9|9
48826,9,False,9,6,8,8|8|9|8|9|8|9|8|8|9
48829,9,False,9,0,9,9|9|9|9|9|9|9|9|9|9
48847,9,False,9,0,9,9|9|9|9|9|9|9|9|9|9
48861,9,False,9,0,9,9|9|9|9|9|9|9|9|9|9
48882,9,False,9,4,9,3|9|9|8|9|9|8|2|9|9
48883,9,False,9,0,9,9|9|9|9|9|9|9|9|9|9
48887,9,False,9,10,8,8|8|8|8|8|8|8|8|8|8
48891,9,False,9,0,9,9|9|9|9|9|9|9|9|9|9
48892,9,False,9,7,8,8|8|8|9|9|8|9|8|8|8
48894,9,False,9,10,4,1|4|1|1|7|4|4|7|4|4
48911,9,False,9,0,9,9|9|9|9|9|9|9|9|9|9
48924,9,False,9,5,-1,8|8|8|9|8|9|9|8|9|9
48944,9,False,9,0,9,9|9|9|9|9|9|9|9|9|9
48967,9,False,9,0,9,9|9|9|9|9|9|9|9|9|9
48982,9,False,9,0,9,9|9|9|9|9|9|9|9|9|9
48988,9,False,9,10,4,4|4|4|4|4|4|5|4|4|4
48995,9,False,9,2,9,9|9|9|9|9|8|9|7|9|9
49006,9,False,9,0,9,9|9|9|9|9|9|9|9|9|9
49029,9,False,9,0,9,9|9|9|9|9|9|9|9|9|9
49036,9,False,9,0,9,9|9|9|9|9|9|9|9|9|9
49042,9,False,9,0,9,9|9|9|9|9|9|9|9|9|9
49055,9,False,9,0,9,9|9|9|9|9|9|9|9|9|9
49064,9,False,9,4,9,0|0|8|9|9|9|9|9|8|9
49076,9,False,9,0,9,9|9|9|9|9|9|9|9|9|9
49088,9,False,9,0,9,9|9|9|9|9|9|9|9|9|9
49090,9,False,9,9,8,8|5|8|9|8|8|8|8|8|8
49097,9,False,9,0,9,9|9|9|9|9|9|9|9|9|9
49129,9,False,9,0,9,9|9|9|9|9|9|9|9|9|9
49168,9,False,9,7,5,5|5|9|9|9|5|5|8|5|5
49169,9,False,9,8,8,8|8|9|8|8|8|8|8|8|9
49178,9,False,9,1,9,9|8|9|9|9|9|9|9|9|9
49181,9,False,9,4,9,8|9|9|8|9|9|9|8|9|8
49190,9,False,9,0,9,9|9|9|9|9|9|9|9|9|9
49214,9,False,9,0,9,9|9|9|9|9|9|9|9|9|9
49223,9,False,9,0,9,9|9|9|9|9|9|9|9|9|9
49246,9,False,9,9,8,8|8|8|8|8|8|8|8|8|9
49253,9,False,9,3,9,8|8|9|9|9|9|9|9|9|8
49255,9,False,9,0,9,9|9|9|9|9|9|9|9|9|9
49274,9,False,9,0,9,9|9|9|9|9|9|9|9|9|9
49284,9,False,9,0,9,9|9|9|9|9|9|9|9|9|9
49287,9,False,9,0,9,9|9|9|9|9|9|9|9|9|9
49312,9,False,9,0,9,9|9|9|9|9|9|9|9|9|9
49314,9,False,9,0,9,9|9|9|9|9|9|9|9|9|9
49324,9,False,9,0,9,9|9|9|9|9|9|9|9|9|9
49337,9,False,9,0,9,9|9|9|9|9|9|9|9|9|9
49344,9,False,9,0,9,9|9|9|9|9|9|9|9|9|9
49345,9,False,9,1,9,9|9|9|9|9|9|9|9|9|8
49350,9,False,9,0,9,9|9|9|9|9|9|9|9|9|9
49365,9,False,9,0,9,9|9|9|9|9|9|9|9|9|9
49372,9,False,9,2,9,9|8|9|9|9|9|9|9|9|8
49376,9,False,9,0,9,9|9|9|9|9|9|9|9|9|9
49383,9,False,9,0,9,9|9|9|9|9|9|9|9|9|9
49385,9,False,9,3,9,9|9|8|9|9|9|9|0|8|9
49390,9,False,9,0,9,9|9|9|9|9|9|9|9|9|9
49394,9,False,9,10,0,8|0|0|0|3|0|1|1|8|0
49406,9,False,9,0,9,9|9|9|9|9|9|9|9|9|9
49407,9,False,9,0,9,9|9|9|9|9|9|9|9|9|9
49415,9,False,9,10,1,1|1|2|1|1|1|3|3|3|0
49416,9,False,9,0,9,9|9|9|9|9|9|9|9|9|9
49417,9,False,9,0,9,9|9|9|9|9|9|9|9|9|9
49428,9,False,9,0,9,9|9|9|9|9|9|9|9|9|9
49450,9,False,9,10,8,8|8|8|8|8|8|8|8|8|8
49461,9,False,9,0,9,9|9|9|9|9|9|9|9|9|9
49483,9,False,9,0,9,9|9|9|9|9|9|9|9|9|9
49488,9,False,9,10,8,8|8|8|8|8|8|8|8|8|8
49490,9,False,9,1,9,9|9|9|9|9|8|9|9|9|9
49506,9,False,9,3,9,9|9|8|9|9|9|8|9|8|9
49511,9,False,9,3,9,7|9|9|9|9|9|9|8|8|9
49514,9,False,9,10,8,8|8|8|8|8|8|8|8|8|8
49515,9,False,9,5,-1,8|9|8|9|9|8|8|8|9|9
49521,9,False,9,0,9,9|9|9|9|9|9|9|9|9|9
49543,9,False,9,6,8,8|8|9|9|9|8|8|8|9|8
49547,9,False,9,0,9,9|9|9|9|9|9|9|9|9|9
49553,9,False,9,6,0,0|9|9|8|0|9|0|0|9|0
49554,9,False,9,0,9,9|9|9|9|9|9|9|9|9|9
49574,9,False,9,1,9,9|9|9|8|9|9|9|9|9|9
49577,9,False,9,1,9,9|9|9|9|9|9|9|0|9|9
49591,9,False,9,10,1,1|3|7|7|1|1|7|3|3|1
49597,9,False,9,5,-1,0|0|9|9|9|0|0|9|0|9
49606,9,False,9,3,9,9|9|9|9|0|8|9|9|8|9
49607,9,False,9,10,2,2|2|3|8|8|2|2|2|2|2
49608,9,False,9,0,9,9|9|9|9|9|9|9|9|9|9
49619,9,False,9,0,9,9|9|9|9|9|9|9|9|9|9
49620,9,False,9,10,8,8|8|8|0|0|8|8|8|8|8
49633,9,False,9,2,9,9|9|9|9|9|9|8|9|9|8
49634,9,False,9,0,9,9|9|9|9|9|9|9|9|9|9
49654,9,False,9,0,9,9|9|9|9|9|9|9|9|9|9
49658,9,False,9,0,9,9|9|9|9|9|9|9|9|9|9
49669,9,False,9,0,9,9|9|9|9|9|9|9|9|9|9
49679,9,False,9,2,9,9|9|9|8|7|9|9|9|9|9
49708,9,False,9,10,8,8|8|8|8|8|8|8|8|8|8
49709,9,False,9,1,9,9|9|9|9|8|9|9|9|9|9
49729,9,False,9,0,9,9|9|9|9|9|9|9|9|9|9
49740,9,False,9,0,9,9|9|9|9|9|9|9|9|9|9
49760,9,False,9,10,8,8|8|8|8|8|8|8|8|8|8
49766,9,False,9,1,9,9|9|9|9|9|9|9|9|9|8
49782,9,False,9,5,9,9|0|9|9|9|0|8|8|0|9
49789,9,False,9,0,9,9|9|9|9|9|9|9|9|9|9
49794,9,False,9,1,9,9|9|9|9|9|9|8|9|9|9
49805,9,False,9,0,9,9|9|9|9|9|9|9|9|9|9
49807,9,False,9,0,9,9|9|9|9|9|9|9|9|9|9
49808,9,False,9,0,9,9|9|9|9|9|9|9|9|9|9
49809,9,False,9,0,9,9|9|9|9|9|9|9|9|9|9
49815,9,False,9,0,9,9|9|9|9|9|9|9|9|9|9
49829,9,False,9,0,9,9|9|9|9|9|9|9|9|9|9
49845,9,False,9,10,7,7|7|7|7|7|7|7|7|7|7
49848,9,False,9,10,8,8|8|8|8|8|8|8|8|8|8
49850,9,False,9,10,8,8|8|8|8|8|0|8|8|0|0
49858,9,False,9,0,9,9|9|9|9|9|9|9|9|9|9
49877,9,False,9,0,9,9|9|9|9|9|9|9|9|9|9
49882,9,False,9,6,8,8|9|8|9|8|9|8|8|9|8
49885,9,False,9,7,8,9|8|8|9|8|8|0|0|9|0
49888,9,False,9,2,9,8|9|8|9|9|9|9|9|9|9
49891,9,False,9,6,8,9|9|8|8|8|9|8|8|9|8
49904,9,False,9,0,9,9|9|9|9|9|9|9|9|9|9
49912,9,False,9,4,9,9|9|8|9|9|8|8|8|9|9
49915,9,False,9,10,8,8|8|8|8|8|8|8|8|8|8
49916,9,False,9,0,9,9|9|9|9|9|9|9|9|9|9
49922,9,False,9,0,9,9|9|9|9|9|9|9|9|9|9
49942,9,False,9,0,9,9|9|9|9|9|9|9|9|9|9
49944,9,False,9,0,9,9|9|9|9|9|9|9|9|9|9
49962,9,False,9,0,9,9|9|9|9|9|9|9|9|9|9
