index,noisy_label,is_noisy,real_label,mistakes,label_pred,preds
4,7,True,0,15,3,3|6|6|3|6|3|6|6|3|3|0|2|3|3|4
29,4,False,4,6,4,4|4|9|9|9|4|9|9|4|9|4|4|4|4|4
30,2,True,5,8,5,2|5|5|5|5|2|5|2|2|2|5|5|5|2|2
49,3,False,3,2,3,3|3|3|3|3|3|3|3|3|3|3|6|3|3|2
68,9,True,4,12,4,4|4|4|9|4|4|4|4|4|9|4|4|4|9|4
88,9,False,9,14,5,5|5|5|5|5|5|5|5|9|5|5|5|5|5|5
151,0,True,1,10,1,1|1|0|1|6|1|1|0|1|1|0|0|0|1|2
168,4,True,6,14,8,8|6|5|6|2|0|8|6|2|8|8|0|6|8|4
171,6,True,0,7,6,2|0|0|6|6|6|6|0|6|0|6|0|6|6|0
186,0,False,0,14,3,3|3|3|3|6|3|0|3|3|3|3|3|6|3|3
198,9,False,9,13,5,5|7|9|5|5|5|5|9|5|7|5|5|5|5|5
204,3,False,3,15,2,2|6|2|2|2|4|0|1|2|0|4|6|6|4|0
239,4,False,4,8,9,4|9|9|9|4|9|4|9|9|4|4|4|4|9|9
254,9,True,8,15,8,8|8|8|8|3|3|8|8|8|8|8|8|8|8|8
314,6,False,6,14,4,4|4|6|4|4|4|3|4|4|4|4|4|4|3|4
369,9,True,7,15,7,7|7|7|7|7|7|7|7|7|7|7|7|7|7|7
374,6,True,3,9,3,2|6|3|3|6|3|3|6|3|2|6|6|3|3|6
397,9,True,4,14,4,4|4|0|4|2|4|8|2|4|4|9|0|6|0|4
399,9,True,4,13,-1,0|9|0|4|2|4|4|9|4|0|0|0|0|4|4
401,1,True,5,14,5,7|5|5|5|9|5|5|1|2|5|7|5|5|5|5
446,3,True,8,15,8,8|8|8|8|9|8|8|8|8|8|8|8|8|8|8
569,4,True,7,14,7,7|4|5|7|7|7|7|7|7|7|7|7|7|7|9
580,2,False,2,11,0,0|0|0|0|0|0|0|4|0|2|0|2|2|0|2
605,7,True,5,12,5,7|5|5|7|5|7|5|5|3|5|5|5|5|5|5
621,3,True,8,12,8,8|8|8|5|3|8|8|3|8|5|8|8|3|8|9
649,3,False,3,14,9,4|9|9|9|9|4|1|4|9|9|4|3|4|4|9
693,5,True,9,2,5,5|5|5|5|9|5|5|9|5|5|5|5|5|5|5
702,3,True,5,14,5,2|2|5|5|5|7|5|5|3|5|5|5|2|5|7
721,8,False,8,8,8,3|3|8|7|3|3|8|3|7|8|8|8|8|8|2
727,9,True,7,11,7,7|9|7|7|7|7|9|7|9|7|7|7|7|9|7
728,2,True,7,15,7,7|7|9|7|7|7|7|7|7|7|7|7|7|7|7
729,7,False,7,4,7,5|7|7|7|7|7|7|9|9|7|7|7|7|7|9
757,2,True,3,14,-1,2|3|1|3|7|1|1|8|3|1|0|1|3|3|8
771,6,True,0,1,6,6|6|6|6|6|6|6|6|6|6|6|0|6|6|6
778,9,True,4,5,9,9|9|9|9|9|4|9|9|9|9|4|4|4|4|9
789,6,True,0,6,6,6|6|6|6|0|6|6|0|6|0|6|0|6|0|0
790,2,True,6,14,4,6|8|4|4|0|4|8|6|4|2|6|6|6|4|4
813,5,True,9,5,5,5|9|9|5|7|5|5|8|9|5|5|5|5|5|5
825,0,False,0,11,6,6|6|6|6|0|6|0|6|6|6|6|6|6|0|0
843,1,True,5,12,5,1|5|1|5|5|3|5|1|2|5|5|5|5|5|5
852,6,True,1,14,1,7|1|7|1|1|1|6|7|7|7|1|7|1|1|1
865,0,True,1,12,1,2|1|1|6|1|3|3|1|0|7|1|0|6|3|0
875,4,True,6,14,6,6|3|6|2|6|3|3|2|4|6|3|6|6|3|6
876,3,False,3,12,2,2|2|2|2|3|3|3|2|2|2|2|2|2|2|2
884,2,True,9,11,9,5|2|9|9|9|7|9|9|2|2|9|5|5|2|7
885,1,False,1,0,1,1|1|1|1|1|1|1|1|1|1|1|1|1|1|1
889,9,True,4,7,9,4|4|9|9|4|4|9|9|9|9|4|4|4|9|9
890,7,False,7,3,7,7|7|7|7|7|7|7|5|7|7|7|7|7|4|9
891,2,False,2,9,0,2|0|2|0|2|4|7|2|0|0|0|0|2|0|2
892,0,False,0,13,6,6|6|6|2|0|6|7|1|6|6|6|0|6|2|1
903,6,False,6,14,4,4|4|4|4|2|4|4|4|4|6|4|4|4|4|4
919,5,False,5,5,5,5|1|5|5|5|5|5|7|7|1|7|5|5|5|5
950,6,True,0,6,6,2|6|6|6|6|6|0|3|6|0|6|6|2|6|3
977,9,True,4,8,9,4|9|9|4|9|3|8|9|9|1|4|9|4|4|9
1013,6,True,0,3,6,6|6|6|6|0|6|6|6|6|6|0|6|6|6|4
1025,4,True,5,15,5,2|5|5|5|5|7|5|5|2|2|2|5|5|2|2
1035,1,False,1,1,1,1|1|1|1|1|1|1|1|1|1|1|1|4|1|1
1053,3,False,3,9,3,2|3|6|3|3|3|0|6|6|6|6|2|3|3|2
1059,9,True,8,15,8,8|3|8|8|8|8|8|3|3|8|8|8|8|8|8
1078,4,True,6,10,-1,4|0|6|0|6|4|6|4|4|0|0|6|6|4|0
1106,6,True,7,14,5,6|5|5|5|5|5|5|5|9|5|5|5|5|5|2
1140,4,False,4,6,4,9|4|4|6|4|3|3|3|4|9|4|4|4|4|4
1154,5,False,5,6,5,5|7|8|5|5|5|5|5|5|7|7|7|5|5|3
1164,4,True,7,13,7,7|4|7|7|7|7|4|7|7|7|7|7|7|7|7
1226,3,False,3,13,2,6|2|1|2|6|2|3|1|2|2|2|1|0|3|1
1243,0,True,1,13,1,1|1|1|1|1|1|1|1|0|1|1|0|1|1|1
1257,2,False,2,14,4,4|4|4|4|4|4|0|4|2|4|4|4|4|0|4
1282,7,False,7,3,7,7|7|7|7|7|3|7|7|7|5|7|7|7|7|3
1289,5,False,5,9,-1,2|3|7|2|5|2|5|5|2|5|5|7|5|2|2
1291,2,True,3,8,2,2|2|2|2|1|3|3|8|3|0|2|2|2|1|3
1295,1,False,1,2,1,1|1|1|1|1|1|0|1|1|1|1|0|1|1|1
1330,9,True,4,6,9,9|9|9|9|9|4|9|9|9|3|4|4|9|4|4
1343,6,False,6,15,2,2|2|2|0|2|0|0|4|4|4|2|0|4|4|2
1348,0,True,1,12,1,1|1|1|0|1|1|1|1|1|1|1|0|0|1|1
1379,8,True,2,12,2,2|1|8|2|2|7|8|9|9|4|0|3|8|5|2
1421,4,False,4,6,4,4|9|4|9|9|4|4|9|9|9|4|4|4|4|4
1427,3,True,5,15,5,1|5|5|5|5|1|5|1|2|5|5|5|5|5|2
1434,7,True,5,11,5,7|2|1|5|7|7|5|5|9|7|5|5|5|5|5
1442,2,False,2,15,3,3|3|3|6|4|4|3|6|3|1|4|5|6|9|3
1443,5,False,5,10,7,8|7|5|7|5|7|7|7|3|5|5|8|7|9|5
1475,8,False,8,2,8,8|8|8|8|8|8|8|1|8|8|8|8|8|8|1
1483,2,True,3,14,-1,3|4|9|6|8|6|8|2|3|4|3|6|3|8|6
1495,4,True,6,10,6,6|4|6|6|4|4|6|6|4|6|6|4|6|3|6
1500,0,True,1,15,1,1|1|7|1|1|1|1|1|1|7|1|7|1|1|1
1525,6,True,0,13,7,1|8|5|1|7|7|0|6|9|3|5|6|7|7|2
1527,8,False,8,2,8,8|8|8|1|8|8|8|8|8|8|8|8|8|8|1
1570,4,True,7,10,7,7|7|4|7|7|7|7|7|4|7|4|4|7|7|4
1588,8,True,2,13,0,0|2|8|2|4|0|8|7|4|0|0|2|0|5|3
1608,0,False,0,13,6,6|6|6|6|6|6|6|6|6|6|0|6|6|0|6
1614,7,True,8,10,8,8|8|8|7|7|8|7|8|8|7|8|8|7|8|8
1626,6,False,6,5,6,6|6|6|6|4|6|4|6|0|6|6|0|6|3|6
1629,2,False,2,10,2,4|4|0|2|2|4|8|5|9|2|7|4|3|2|2
1648,9,True,4,11,4,9|4|4|4|9|4|3|3|4|3|4|4|4|9|9
1652,2,False,2,14,0,0|0|0|0|2|0|0|0|4|0|0|0|0|8|0
1675,9,True,4,8,9,9|4|9|4|9|4|0|9|9|9|4|4|4|0|9
1684,4,True,6,3,4,4|9|4|4|4|4|4|9|4|4|4|4|4|9|4
1694,5,True,4,15,4,9|4|4|7|4|4|3|9|4|9|4|4|4|4|4
1705,2,True,9,15,-1,5|9|9|7|9|7|7|9|9|9|7|7|7|7|9
1709,7,True,8,15,8,8|8|8|8|8|8|3|8|8|8|3|5|3|8|3
1737,0,False,0,12,6,6|6|6|6|6|6|0|6|6|6|6|0|0|6|6
1787,3,False,3,14,4,2|6|6|2|4|3|4|4|4|4|6|2|4|4|6
1796,4,True,6,15,8,8|8|8|8|8|8|1|8|8|8|8|8|8|8|8
1805,0,True,1,15,1,1|1|1|1|1|1|1|1|1|1|1|1|1|1|1
1807,5,True,9,3,5,5|9|9|5|5|5|5|5|9|5|5|5|5|5|5
1813,4,True,6,9,6,6|4|6|6|6|4|6|6|6|4|6|4|4|4|6
1829,8,False,8,4,8,8|8|7|8|8|8|7|8|8|7|8|8|7|8|8
1833,5,True,9,0,5,5|5|5|5|5|5|5|5|5|5|5|5|5|5|5
1838,4,False,4,10,-1,4|0|0|0|9|6|8|4|4|9|4|4|0|0|9
1839,6,True,9,15,5,5|5|5|5|5|5|5|5|9|5|5|5|5|5|5
1852,9,False,9,13,5,5|5|5|5|5|5|5|9|9|5|5|5|5|5|5
1854,6,True,2,15,2,4|4|9|2|2|4|8|2|2|8|4|2|8|8|2
1866,1,False,1,3,1,1|1|1|0|1|1|1|0|1|1|1|0|1|1|1
1898,9,False,9,13,5,5|5|5|5|9|5|5|5|9|5|5|5|5|5|5
1907,0,False,0,14,6,6|6|6|6|0|6|6|6|6|6|6|4|6|4|6
1910,9,True,4,8,-1,9|9|9|9|9|4|4|9|4|9|4|4|4|8|4
1912,6,True,0,3,6,6|6|6|6|6|6|6|0|6|6|0|0|6|6|6
1919,9,False,9,12,5,5|5|5|5|5|5|5|9|9|9|5|5|5|5|8
1924,9,True,7,14,7,7|7|7|7|7|7|7|7|9|7|7|7|7|7|7
1929,6,True,0,4,6,6|6|6|6|0|6|6|6|6|0|6|0|6|0|6
1937,3,False,3,6,3,2|8|3|3|3|3|3|3|3|1|3|6|3|5|6
1939,9,True,4,15,4,2|2|4|4|4|4|4|6|4|0|4|2|6|4|4
1943,5,True,9,5,5,9|5|5|5|5|5|5|9|9|9|5|5|5|5|9
1949,2,True,3,5,2,2|3|2|2|3|2|3|2|2|2|3|2|3|2|2
1959,4,True,6,7,4,6|4|4|4|4|6|8|6|4|4|6|4|4|8|2
1971,0,False,0,15,6,6|2|4|6|6|2|8|3|2|6|8|6|6|8|2
2013,8,False,8,2,8,8|8|7|8|8|8|8|8|8|8|8|8|2|8|8
2023,0,True,1,14,1,1|1|1|1|1|1|7|1|1|1|1|0|1|1|1
2058,0,False,0,13,6,6|6|6|6|6|6|6|6|6|0|6|0|6|6|6
2074,0,True,2,13,2,2|0|0|2|2|4|3|4|2|2|6|2|8|2|2
2082,4,False,4,2,4,4|4|9|4|4|4|4|9|4|4|4|4|4|4|4
2083,4,True,6,12,6,2|6|0|0|4|6|1|8|4|6|6|8|6|4|2
2087,2,True,3,14,6,6|2|6|6|8|6|3|4|7|0|6|0|6|4|4
2096,3,True,8,15,8,8|8|8|8|7|8|8|1|8|9|9|8|8|8|8
2106,4,True,6,14,2,2|2|2|2|2|8|8|2|2|2|4|2|2|2|2
2172,2,False,2,13,6,4|2|4|6|6|4|7|6|3|6|4|2|6|4|6
2202,6,False,6,4,6,6|4|6|6|0|6|6|6|6|0|6|6|6|8|6
2206,9,True,4,11,4,4|9|9|4|4|4|8|9|4|4|4|4|9|4|4
2210,3,False,3,12,6,2|3|2|2|6|6|3|3|2|6|6|6|6|6|2
2218,5,True,9,2,5,5|5|5|5|5|5|5|9|9|5|5|5|5|5|5
2279,4,False,4,9,4,4|2|9|4|9|4|3|4|9|4|2|2|6|3|4
2306,9,False,9,14,5,5|5|5|5|5|5|5|5|9|5|7|5|5|5|5
2320,5,True,9,1,5,5|5|5|5|5|5|5|5|5|9|5|5|5|5|5
2328,1,True,5,11,5,2|1|5|5|1|1|1|5|3|5|5|5|5|5|2
2334,6,True,0,5,6,6|6|6|6|6|3|6|6|6|0|6|4|6|3|4
2348,9,True,4,15,4,4|4|4|4|2|6|8|4|4|8|4|4|8|4|4
2354,0,True,2,8,0,2|2|2|4|0|0|0|0|4|2|2|0|0|0|2
2394,6,False,6,14,2,2|2|2|2|2|2|6|2|2|0|0|4|4|2|0
2400,4,True,6,0,4,4|4|4|4|4|4|4|4|4|4|4|4|4|4|4
2446,6,False,6,3,6,6|6|0|0|6|6|6|6|6|0|6|6|6|6|6
2473,3,True,8,13,8,8|8|8|8|8|3|8|8|8|8|3|8|8|8|8
2520,4,False,4,11,8,8|3|8|4|4|6|3|8|8|6|4|0|0|8|4
2526,6,True,0,8,6,6|6|6|0|0|6|0|6|7|0|6|6|0|8|5
2533,5,False,5,12,7,7|7|7|7|7|7|5|7|7|5|7|7|7|5|7
2597,5,False,5,5,5,5|5|5|5|7|7|5|5|2|7|7|5|5|5|5
2598,7,True,8,15,8,8|2|8|8|8|8|8|8|3|8|8|8|4|8|4
2600,4,True,6,14,6,6|6|6|2|0|4|6|6|6|0|6|6|6|3|9
2606,9,True,7,12,7,5|7|9|7|7|7|7|7|9|7|7|7|7|9|7
2618,8,True,2,14,0,0|0|0|0|2|2|0|0|4|2|0|2|0|8|0
2643,5,True,9,3,5,5|5|5|5|9|5|5|5|9|9|5|5|5|5|5
2646,4,True,6,9,4,2|4|6|6|0|4|6|4|4|0|4|8|4|8|2
2649,0,True,2,5,0,0|0|0|0|2|2|7|2|0|0|0|0|0|0|2
2654,6,True,0,3,6,6|6|6|6|6|6|6|6|6|6|6|0|0|6|0
2655,2,True,6,13,6,2|0|6|6|0|6|6|0|0|0|6|6|6|2|6
2669,7,True,1,10,1,7|1|7|1|1|1|7|1|1|1|1|7|7|1|1
2683,0,True,1,15,-1,6|6|3|3|6|3|3|3|6|6|3|6|6|3|4
2691,1,False,1,6,1,1|7|7|1|1|7|1|1|1|1|1|7|7|1|7
2703,8,False,8,0,8,8|8|8|8|8|8|8|8|8|8|8|8|8|8|8
2717,3,False,3,4,3,3|3|2|3|3|3|3|3|3|3|2|2|3|3|2
2760,8,False,8,3,8,8|8|8|3|8|8|8|8|8|8|8|5|8|8|3
2771,7,False,7,7,7,7|4|4|7|7|7|8|4|4|4|7|7|7|7|2
2774,4,True,6,4,4,2|4|4|6|4|4|4|4|4|6|4|4|3|4|4
2775,4,True,6,15,1,1|0|3|2|1|1|1|1|1|1|1|2|3|7|1
2782,8,False,8,13,1,8|1|7|1|2|1|7|5|3|1|3|5|8|6|2
2786,2,False,2,13,4,2|9|9|0|9|4|4|2|4|4|8|4|4|4|4
2830,3,True,2,13,2,2|2|2|2|2|2|3|2|2|3|2|4|2|4|4
2855,6,False,6,15,4,4|0|4|2|4|4|4|4|4|9|4|4|4|4|4
2857,9,False,9,14,5,5|5|5|5|5|5|5|5|9|5|5|5|5|5|5
2859,4,False,4,3,4,4|4|9|4|9|4|4|4|4|4|4|4|4|9|4
2891,6,True,3,12,3,3|3|3|3|3|3|3|6|3|3|6|6|3|3|3
2895,4,True,7,15,7,7|7|7|7|7|7|7|5|7|3|7|7|7|7|2
2903,7,False,7,2,7,7|2|7|7|7|7|9|7|7|7|7|7|7|7|7
2905,6,True,2,15,4,4|4|4|9|4|4|9|9|9|9|4|4|4|9|9
2918,3,False,3,14,6,6|6|6|0|6|8|6|6|3|0|6|6|8|8|4
2919,8,True,1,14,1,1|1|2|1|1|7|1|1|7|1|2|1|8|1|1
2947,5,True,9,2,5,5|5|5|5|9|5|5|5|9|5|5|5|5|5|5
2970,5,True,9,2,5,5|5|5|5|9|5|5|5|9|5|5|5|5|5|5
2972,6,True,9,15,5,7|0|5|5|5|3|7|8|2|5|7|5|5|5|2
2979,2,True,9,9,2,7|9|2|5|9|2|7|2|9|2|7|2|9|2|7
2981,1,False,1,3,1,1|1|1|1|7|1|1|1|1|1|1|7|7|1|1
2993,3,True,8,15,8,8|8|7|8|8|8|8|8|8|9|8|8|8|8|8
3062,1,False,1,10,7,1|7|7|7|7|7|1|1|7|1|7|7|7|1|7
3077,2,True,6,12,-1,1|1|2|2|6|5|0|2|7|6|0|4|6|8|4
3096,9,False,9,12,5,9|5|5|5|9|5|5|5|5|9|5|5|5|5|5
3098,3,False,3,1,3,3|3|3|3|3|3|3|3|3|3|3|2|3|3|3
3113,0,True,2,9,2,2|2|2|0|2|2|0|2|2|0|0|0|0|2|2
3123,7,False,7,2,7,7|7|7|7|7|7|7|7|7|7|7|5|7|7|2
3130,6,True,0,5,6,6|4|6|6|6|4|6|6|4|6|6|4|6|4|6
3190,7,True,8,13,8,8|8|8|7|8|8|8|8|8|8|8|7|8|8|8
3191,4,True,6,6,4,4|4|4|2|4|4|6|6|4|6|4|4|6|3|4
3193,9,True,7,11,7,7|7|7|9|7|7|7|7|9|9|7|9|7|7|7
3201,9,True,7,13,7,7|7|7|7|7|7|7|9|9|7|7|7|7|7|7
3206,9,True,7,15,7,7|2|5|7|7|5|5|7|7|7|5|5|7|7|7
3211,7,False,7,1,7,7|7|7|7|7|7|7|7|9|7|7|7|7|7|7
3241,6,False,6,13,4,6|4|4|4|4|4|4|4|4|6|4|4|4|4|4
3248,7,False,7,2,7,7|7|7|7|7|7|7|7|9|9|7|7|7|7|7
3250,4,False,4,8,4,4|2|3|2|4|4|1|9|2|3|4|4|3|4|4
3261,5,False,5,5,5,5|7|7|5|7|3|5|5|5|1|5|5|5|5|5
3280,9,True,7,11,7,7|7|7|9|9|7|9|7|9|7|7|7|7|7|7
3285,7,False,7,1,7,7|7|7|7|9|7|7|7|7|7|7|7|7|7|7
3322,4,False,4,7,4,9|4|5|9|9|4|8|1|4|9|4|4|4|4|4
3352,9,False,9,8,9,2|9|9|7|9|2|5|9|9|7|9|9|7|5|2
3371,4,True,6,1,4,4|4|4|4|4|4|4|4|4|6|4|4|4|4|4
3381,9,False,9,10,9,5|2|2|9|9|1|9|2|7|2|7|5|5|9|9
3385,7,True,5,8,5,7|5|5|7|5|7|7|5|7|7|5|7|5|5|5
3389,4,False,4,9,9,9|9|4|9|9|4|9|9|9|4|4|4|4|9|9
3390,0,True,2,15,8,3|8|8|8|6|3|8|8|2|5|8|3|8|3|2
3392,3,True,5,15,7,1|7|1|5|7|7|5|7|7|7|5|5|5|5|7
3393,7,False,7,3,7,7|7|7|7|7|7|9|9|9|7|7|7|7|7|7
3396,2,False,2,14,-1,3|6|3|2|4|4|9|3|4|3|3|4|3|4|4
3413,4,True,6,15,6,6|6|6|6|6|6|6|3|3|6|2|0|3|2|2
3422,7,True,1,13,1,1|1|1|1|7|1|1|1|1|1|1|1|7|1|1
3429,9,False,9,13,5,5|9|5|5|5|5|5|5|9|5|5|5|5|5|5
3458,7,False,7,8,-1,5|9|7|9|9|7|7|9|9|7|7|7|7|9|9
3473,0,True,1,12,1,1|1|1|1|6|1|1|0|0|1|1|1|0|1|1
3478,5,True,9,1,5,5|5|5|5|5|5|5|5|9|5|5|5|5|5|5
3497,4,True,1,14,1,1|7|1|7|1|1|1|1|1|1|1|1|4|1|1
3512,6,True,0,15,1,1|1|1|7|2|1|3|2|1|4|3|1|3|3|3
3529,6,False,6,5,6,6|4|6|6|4|6|6|0|4|6|6|6|6|6|2
3545,7,True,5,6,7,7|2|7|7|5|7|5|7|7|7|5|5|7|7|5
3557,7,False,7,3,7,7|4|7|7|7|7|7|7|7|7|4|7|7|7|4
3561,7,True,1,7,7,7|7|7|7|7|1|1|1|1|7|1|7|7|1|1
3608,4,False,4,7,4,4|9|9|3|4|4|3|3|4|6|6|4|4|4|4
3632,5,True,9,4,5,9|5|5|5|5|5|5|9|9|9|5|5|5|5|5
3646,1,False,1,7,1,7|1|1|7|1|7|1|7|7|1|7|1|7|1|1
3667,6,True,0,4,6,6|6|6|6|6|6|0|0|6|6|0|0|6|6|6
3678,2,True,3,5,2,2|2|2|3|2|2|3|3|2|3|2|2|3|2|2
3680,1,True,8,14,8,8|1|8|8|8|8|8|8|8|8|8|8|8|8|8
3689,3,False,3,7,3,2|3|3|2|2|3|3|2|3|6|3|2|3|3|2
3738,4,True,1,14,1,1|7|7|7|1|1|1|1|4|1|1|1|1|1|1
3740,9,True,8,15,8,8|8|8|8|7|8|8|8|8|8|8|8|8|8|1
3760,2,True,9,13,9,5|9|9|7|9|7|5|9|2|5|9|2|9|9|5
3762,2,True,6,14,6,6|0|4|6|2|6|4|6|6|6|6|6|6|6|4
3763,9,False,9,14,5,5|5|5|5|5|5|5|5|9|5|5|5|5|5|5
3772,8,False,8,5,8,8|8|8|7|7|8|8|3|8|8|8|7|8|8|2
3795,1,True,5,15,5,7|5|5|7|5|7|5|5|7|5|5|5|5|5|5
3825,9,True,7,15,7,7|4|7|7|7|7|7|7|7|2|5|2|7|5|7
3839,8,False,8,4,8,8|8|9|3|8|8|3|8|8|8|3|8|8|8|8
3887,6,False,6,14,2,2|4|5|0|2|4|4|0|2|0|6|8|8|2|8
3896,1,True,5,10,5,1|5|5|5|5|1|1|5|2|1|7|5|5|5|1
3917,2,False,2,9,0,2|0|0|0|6|0|0|2|2|0|0|6|2|2|2
3926,3,True,8,15,8,8|8|8|8|8|8|8|8|8|7|8|8|8|8|8
3936,0,True,1,12,1,1|1|1|1|1|1|1|1|1|1|0|0|0|1|1
3948,0,False,0,14,6,6|6|6|6|6|6|6|6|6|0|6|6|6|6|6
3950,3,True,2,14,4,4|9|4|4|9|4|3|2|4|7|4|2|4|9|4
3961,8,True,5,15,5,5|5|5|2|5|3|7|5|3|5|5|5|5|5|2
3970,2,True,3,5,2,2|2|3|2|6|3|3|2|2|3|2|2|2|2|2
3975,6,True,1,15,1,1|1|1|1|1|1|1|1|8|1|1|1|7|1|1
3985,1,True,5,15,5,7|5|5|7|5|7|5|5|7|7|5|7|5|5|7
3991,6,True,0,3,6,6|6|6|6|6|6|6|6|0|0|6|6|6|6|0
3995,0,True,1,15,1,1|1|1|1|1|1|7|1|1|1|1|7|1|1|1
4027,8,True,6,15,3,3|6|3|3|3|3|1|6|2|3|3|4|3|3|9
4030,0,True,2,12,2,2|2|2|0|2|0|6|2|2|0|2|2|2|2|2
4048,0,False,0,15,6,6|6|6|6|6|6|6|6|6|6|6|6|6|3|3
4065,0,True,1,12,1,1|1|1|1|1|1|1|1|1|1|0|0|0|1|1
4068,8,False,8,5,8,8|8|8|8|8|8|8|3|3|3|3|8|8|8|3
4077,9,True,7,15,7,7|7|7|7|7|7|7|7|7|7|7|7|7|7|7
4105,7,False,7,3,7,7|9|7|7|7|5|7|7|7|7|7|7|7|7|2
4145,9,False,9,15,5,5|5|5|5|5|5|5|5|5|5|5|5|5|5|5
4169,2,False,2,13,4,4|9|6|4|2|4|4|6|9|2|4|4|9|4|8
4171,4,True,6,12,6,6|6|5|6|6|4|0|6|6|2|4|6|2|4|6
4195,5,True,8,14,8,7|8|1|2|8|2|8|8|7|5|3|8|8|3|1
4198,7,False,7,1,7,7|7|7|7|7|7|7|9|7|7|7|7|7|7|7
4209,5,True,9,3,5,5|5|5|5|9|5|5|5|9|9|5|5|5|5|5
4212,9,False,9,9,9,7|2|2|9|7|7|9|9|2|5|7|9|9|7|9
4219,4,True,6,11,8,8|1|8|8|8|8|3|4|8|3|4|4|8|8|4
4238,0,False,0,12,6,6|6|6|6|6|6|6|6|6|0|0|0|6|6|6
4266,0,True,1,11,1,1|1|2|0|2|1|6|1|0|6|0|4|3|1|0
4271,1,True,5,7,1,1|1|5|5|5|1|1|1|3|1|5|5|5|1|1
4278,0,True,2,12,3,8|4|6|6|2|3|8|3|4|0|3|0|0|3|2
4281,5,True,9,3,5,9|5|5|5|5|5|5|9|9|5|5|5|5|5|5
4288,2,False,2,7,2,2|4|1|0|2|2|2|4|4|2|2|4|2|0|2
4297,2,True,5,14,5,7|2|5|5|5|7|5|5|7|5|5|5|5|5|5
4307,0,True,2,12,4,2|4|2|6|4|4|8|8|4|2|0|0|4|0|4
4315,7,True,5,6,7,7|7|7|7|7|7|5|5|7|5|5|7|5|5|7
4333,3,False,3,7,3,2|3|3|3|2|3|3|2|2|3|2|2|3|3|2
4353,4,True,6,13,0,1|8|5|6|0|8|0|6|4|0|0|6|0|4|8
4367,0,True,2,5,0,2|0|0|0|0|0|0|0|2|2|0|0|2|0|2
4396,3,True,2,13,4,4|2|3|4|9|4|3|2|4|6|4|4|9|9|2
4400,5,False,5,11,7,7|7|7|7|7|3|8|5|7|5|7|5|5|2|2
4412,7,False,7,0,7,7|7|7|7|7|7|7|7|7|7|7|7|7|7|7
4420,4,False,4,10,9,9|9|9|9|9|4|9|9|9|9|4|4|4|9|4
4447,7,True,5,7,7,5|7|5|5|7|7|5|7|7|7|5|7|7|5|5
4463,3,False,3,4,3,2|3|3|3|2|3|3|2|3|3|3|2|3|3|3
4471,5,True,9,2,5,5|5|5|5|5|5|5|9|9|5|5|5|5|5|5
4511,6,True,0,14,0,2|2|0|0|6|0|0|0|0|0|0|0|0|2|0
4551,4,True,7,10,7,7|4|4|7|7|7|7|7|4|7|7|4|7|7|4
4575,0,False,0,14,6,6|6|6|6|6|6|6|6|6|6|6|0|6|6|6
4581,0,False,0,11,6,0|6|6|6|6|0|6|6|6|0|6|0|6|6|6
4583,0,True,2,7,0,2|2|2|0|0|0|0|1|4|8|0|0|4|0|0
4586,9,False,9,13,5,5|5|5|5|9|5|5|9|5|2|5|5|5|5|2
4587,9,True,4,14,4,4|4|4|4|9|4|0|4|4|2|4|4|4|4|4
4612,9,False,9,14,5,5|5|5|5|5|5|5|5|9|5|5|5|5|5|5
4620,8,False,8,1,8,8|8|8|8|8|8|8|8|8|1|8|8|8|8|8
4653,7,False,7,0,7,7|7|7|7|7|7|7|7|7|7|7|7|7|7|7
4687,7,True,1,15,1,1|0|1|1|1|1|1|1|1|1|1|0|0|1|1
4710,4,True,6,1,4,4|4|6|4|4|4|4|4|4|4|4|4|4|4|4
4737,5,False,5,9,7,7|7|7|7|5|7|1|5|7|7|5|5|5|5|7
4822,0,True,2,14,2,8|4|4|0|2|4|3|2|1|8|6|6|8|2|2
4824,5,False,5,5,5,2|5|5|5|5|7|7|5|2|5|5|5|5|5|2
4836,9,True,4,14,0,4|0|0|0|0|4|0|0|4|0|2|4|9|4|4
4838,1,True,8,15,8,8|8|8|8|8|8|8|8|8|8|8|8|8|8|8
4863,8,False,8,4,8,8|8|9|3|8|8|3|8|8|3|8|8|8|8|8
4864,0,True,1,15,7,7|1|7|1|7|1|7|1|7|7|7|7|7|1|7
4866,4,False,4,7,4,9|4|9|9|9|4|4|9|4|9|4|4|4|4|9
4914,9,False,9,13,5,5|5|5|5|5|5|5|9|9|5|5|5|5|5|5
4942,5,True,9,2,5,5|9|5|5|5|5|5|5|9|5|5|5|5|5|5
4963,7,False,7,1,7,7|7|7|7|7|7|7|7|7|7|7|7|7|7|2
4983,1,False,1,1,1,1|1|1|1|4|1|1|1|1|1|1|1|1|1|1
4999,6,True,3,15,2,2|3|2|2|2|3|3|3|3|2|3|2|3|2|2
5006,9,True,4,15,3,4|3|3|3|4|3|3|6|3|3|3|2|6|3|4
5057,9,False,9,14,5,5|1|5|5|9|7|5|5|5|5|5|5|5|5|7
5069,6,True,3,13,3,2|3|3|3|6|3|3|3|3|2|3|2|3|3|6
5073,7,True,8,14,8,8|8|8|8|7|8|8|8|8|1|8|8|8|8|8
5082,3,False,3,11,6,2|6|6|2|6|3|6|0|6|3|6|6|6|3|3
5086,9,True,8,15,8,8|8|8|8|1|8|8|8|8|8|8|8|8|8|8
5087,1,False,1,2,1,1|1|7|1|1|1|1|1|1|1|1|7|1|1|1
5103,7,False,7,0,7,7|7|7|7|7|7|7|7|7|7|7|7|7|7|7
5116,0,True,2,15,4,9|9|9|4|4|4|9|4|4|9|4|4|4|4|4
5123,4,True,6,15,6,6|6|6|6|0|6|6|6|6|0|6|0|0|6|6
5126,4,True,7,11,7,7|4|7|7|7|7|4|7|4|7|7|7|7|7|4
5196,0,False,0,10,6,6|6|6|0|6|6|6|0|6|0|6|0|6|4|0
5200,0,False,0,12,6,6|6|6|6|6|6|6|6|6|0|0|0|6|6|6
5212,6,True,3,12,3,6|3|3|3|6|2|3|8|7|6|3|2|0|3|3
5214,0,True,2,15,2,2|8|2|8|2|8|8|6|4|2|2|4|6|5|2
5222,6,False,6,8,6,6|0|6|6|4|4|3|3|6|0|6|6|6|4|4
5231,5,False,5,10,-1,1|5|5|7|7|2|7|3|2|2|7|5|5|5|7
5242,2,True,9,15,5,9|9|5|5|9|5|5|5|9|9|5|5|5|5|9
5246,5,False,5,7,5,1|5|1|5|5|1|1|5|5|1|5|5|8|5|2
5248,7,True,8,11,8,7|8|7|8|8|8|1|8|8|7|8|7|8|8|8
5256,2,True,9,14,7,5|7|9|9|7|7|8|9|7|7|7|2|7|5|7
5265,6,True,0,4,6,6|0|6|6|6|6|6|6|6|6|6|0|6|0|4
5268,6,True,0,4,6,6|6|6|6|0|6|6|6|6|0|6|4|6|0|6
5272,0,False,0,15,6,6|6|6|6|6|6|6|6|6|6|6|6|6|6|6
5285,8,False,8,6,8,7|8|5|8|8|4|8|8|8|9|8|8|8|4|1
5299,4,False,4,5,4,4|4|4|0|4|4|8|9|4|4|9|4|3|4|4
5300,2,True,3,7,2,2|2|3|3|2|3|3|2|3|3|2|3|2|2|2
5339,2,True,3,13,3,1|3|3|3|1|1|1|3|3|2|6|7|3|0|2
5354,2,False,2,14,0,0|2|0|0|0|0|0|0|0|0|0|0|0|0|0
5365,6,True,0,3,6,6|6|6|0|6|6|0|6|6|6|6|0|6|6|6
5369,7,True,8,11,8,8|7|8|7|7|8|7|8|8|8|8|8|8|8|8
5385,7,True,5,8,-1,7|5|5|5|7|7|7|5|7|7|5|5|7|5|6
5392,5,True,9,2,5,5|5|5|5|5|5|5|5|9|5|5|5|5|5|6
5410,8,False,8,3,8,8|8|8|7|7|8|7|8|8|8|8|8|8|8|8
5424,9,False,9,13,5,5|5|5|5|5|5|5|9|9|5|5|5|5|5|5
5426,9,True,4,10,4,9|9|9|4|4|4|4|4|9|4|4|4|4|9|4
5443,1,True,5,10,5,1|1|5|5|5|1|1|1|3|5|7|5|5|5|5
5445,6,False,6,7,6,6|2|3|0|2|6|6|6|3|0|6|6|6|6|2
5472,4,True,6,0,4,4|4|4|4|4|4|4|4|4|4|4|4|4|4|4
5480,6,True,0,4,6,6|0|6|6|6|6|6|6|6|0|0|0|6|6|6
5507,2,False,2,13,3,4|2|3|6|3|3|3|9|3|3|3|2|4|3|4
5527,8,False,8,1,8,8|8|8|8|8|8|8|8|8|1|8|8|8|8|8
5531,3,False,3,6,3,2|3|2|2|3|3|3|2|3|6|3|6|3|3|3
5549,9,False,9,14,5,5|5|5|5|5|5|5|5|9|5|5|5|5|5|5
5555,9,True,8,15,8,8|8|8|8|7|8|8|8|8|1|8|8|8|8|8
5570,6,True,3,15,3,2|3|2|3|3|3|3|3|3|3|8|2|2|3|9
5581,3,True,5,14,5,5|1|5|5|1|1|1|5|3|5|5|5|5|5|2
5593,2,False,2,11,4,4|4|2|4|2|4|0|9|2|4|4|4|2|4|4
5595,9,True,4,15,0,0|8|0|0|0|4|0|0|4|0|0|4|0|8|4
5597,7,False,7,5,7,7|9|5|5|7|7|7|7|7|7|5|7|7|5|7
5668,4,True,6,5,4,2|4|2|2|8|4|3|4|4|4|4|4|4|4|4
5681,5,False,5,9,-1,7|2|5|5|7|7|7|7|2|7|5|4|5|5|5
5689,2,True,7,15,5,3|1|5|5|5|3|5|5|7|5|3|5|5|5|1
5708,9,True,7,11,7,5|7|9|7|7|7|5|9|7|7|7|9|9|2|7
5727,7,False,7,6,7,7|9|9|5|5|7|5|7|7|7|7|7|7|9|7
5740,3,True,2,14,1,7|0|1|6|4|7|6|3|1|2|6|8|8|1|1
5751,6,True,0,2,6,6|6|6|6|6|6|6|6|4|0|6|6|6|6|6
5764,6,False,6,8,-1,6|6|4|4|9|4|6|4|6|6|4|4|6|4|6
5772,9,True,4,10,4,9|4|9|9|4|4|4|9|4|9|4|4|4|4|4
5794,8,False,8,0,8,8|8|8|8|8|8|8|8|8|8|8|8|8|8|8
5811,9,False,9,8,9,5|9|2|9|9|2|5|7|2|9|9|5|9|5|9
5826,7,True,5,14,5,5|5|5|5|9|5|5|5|5|5|7|5|5|5|9
5841,6,True,3,14,3,3|3|3|3|3|3|3|6|3|3|3|3|3|3|3
5864,0,True,2,7,0,2|2|0|0|4|2|8|2|0|2|0|0|0|0|0
5867,9,False,9,13,5,5|5|5|5|5|5|5|9|9|5|5|5|5|5|5
5876,9,True,4,11,4,4|9|4|9|9|4|4|4|4|9|4|4|4|4|4
5881,2,True,5,13,5,5|2|5|5|5|7|5|5|2|5|5|5|5|5|7
5960,2,True,3,10,3,3|2|3|3|2|3|3|3|3|3|2|2|3|3|2
5961,6,False,6,13,4,4|4|4|4|4|4|4|4|4|6|4|4|6|4|4
5969,8,True,3,14,3,2|3|3|3|6|3|3|8|3|5|6|4|3|4|3
5974,1,True,8,13,8,8|8|7|8|8|5|5|8|8|1|8|1|8|7|8
6007,8,False,8,2,8,8|8|8|8|8|8|8|1|8|1|8|8|8|8|8
6023,7,True,1,10,1,1|1|7|7|1|1|1|7|1|1|1|7|7|1|1
6029,6,True,3,13,3,3|3|3|6|6|3|3|2|3|3|3|2|3|3|2
6055,9,True,4,8,4,4|9|9|9|9|4|9|9|9|4|4|4|4|4|4
6071,6,True,2,10,6,1|2|4|6|8|6|0|2|8|6|6|6|4|1|2
6103,2,True,3,10,2,6|2|2|2|1|1|3|3|2|6|6|6|3|3|2
6125,5,True,8,12,8,3|5|1|3|8|8|5|8|3|8|3|1|8|5|2
6141,7,True,3,15,6,2|3|6|6|6|8|6|2|3|0|6|2|0|3|2
6155,0,True,2,15,8,2|8|2|8|8|8|8|8|8|8|4|5|8|5|8
6158,5,True,8,15,8,8|8|8|8|8|3|8|8|8|8|8|8|8|8|8
6160,5,True,9,3,5,5|7|5|5|5|7|5|5|7|5|5|5|5|5|5
6173,1,True,8,15,8,8|8|8|8|8|7|8|8|8|8|8|8|8|8|8
6182,3,False,3,6,3,3|3|6|3|6|3|3|3|7|8|3|2|3|2|3
6187,3,False,3,4,3,2|3|3|3|3|3|3|3|3|3|3|6|1|3|2
6213,1,False,1,10,7,7|1|7|7|7|1|7|7|7|1|7|7|1|1|7
6242,9,True,4,7,9,9|9|4|9|9|4|9|9|9|4|4|4|9|4|4
6251,6,True,0,5,6,6|6|6|6|0|0|0|6|6|6|6|0|6|0|6
6272,9,True,8,15,8,8|8|8|8|1|1|8|8|8|8|8|8|8|8|8
6327,9,True,4,14,-1,2|5|8|3|7|1|8|4|1|9|4|4|4|8|8
6346,0,True,1,13,1,1|1|1|1|1|1|1|1|1|1|1|0|0|1|1
6347,0,True,1,15,1,1|1|1|1|1|1|1|1|1|7|1|1|7|1|1
6353,1,False,1,6,1,1|1|1|1|1|1|0|1|1|0|0|0|0|1|0
6396,2,False,2,5,2,2|8|0|0|2|2|8|2|2|8|2|2|2|2|2
6418,2,True,5,15,5,7|7|7|5|5|3|3|8|5|5|5|7|7|9|5
6427,0,True,2,12,2,2|4|4|0|2|2|3|2|4|0|2|0|4|2|2
6484,9,False,9,13,5,5|5|5|5|9|5|5|5|9|5|5|5|5|5|5
6495,5,False,5,12,7,1|3|1|7|7|3|7|5|7|3|7|5|7|5|2
6496,4,True,6,15,0,0|0|0|0|2|0|0|2|2|0|0|0|2|2|0
6525,5,False,5,5,5,5|5|7|5|5|5|7|5|7|7|5|5|5|5|2
6534,3,True,8,13,8,8|8|8|9|3|7|8|8|8|7|8|8|8|8|3
6540,7,True,8,11,8,8|8|8|8|7|8|1|7|7|1|8|8|8|8|7
6559,4,False,4,14,0,2|9|0|2|2|0|0|2|7|6|8|0|8|0|4
6566,7,False,7,4,7,7|2|7|7|7|7|5|7|7|7|3|7|7|5|7
6583,5,False,5,9,5,7|3|5|5|3|2|7|1|3|7|5|5|5|5|1
6597,9,True,4,14,4,4|4|4|4|4|4|4|9|4|0|4|4|4|4|4
6598,0,True,2,13,4,4|4|2|4|2|6|8|0|4|0|4|2|4|4|4
6633,5,False,5,7,5,7|3|1|1|5|5|5|1|7|3|5|5|5|5|5
6636,5,False,5,8,1,1|1|1|5|5|1|1|5|1|1|5|5|5|5|1
6640,2,True,3,11,3,2|6|6|2|6|3|3|2|3|6|3|6|3|3|2
6668,1,False,1,2,1,1|1|1|7|1|1|7|1|1|1|1|1|1|1|1
6669,9,True,7,15,7,7|7|7|7|7|7|7|7|7|7|7|7|7|7|7
6675,1,False,1,10,7,7|1|7|7|7|7|7|1|7|7|1|7|7|1|1
6723,4,False,4,6,4,4|8|4|4|2|4|3|9|2|4|9|4|4|4|4
6735,5,False,5,13,7,7|4|7|7|7|7|7|3|3|4|7|5|7|5|7
6738,9,True,7,11,7,9|9|7|7|7|7|9|7|7|7|7|7|7|7|9
6740,2,True,9,15,9,5|5|9|9|9|5|7|7|9|9|9|5|9|5|9
6759,3,False,3,8,3,8|3|3|3|8|8|0|3|7|0|8|1|3|3|3
6790,5,True,9,2,5,9|5|5|5|5|5|5|5|9|5|5|5|5|5|5
6808,6,True,0,0,6,6|6|6|6|6|6|6|6|6|6|6|6|6|6|6
6816,4,True,6,3,4,6|4|4|4|4|4|4|4|4|1|4|4|6|4|4
6824,6,True,0,1,6,6|6|6|6|6|6|6|6|6|0|6|6|6|6|6
6825,7,False,7,11,5,7|7|7|5|5|1|1|1|2|2|7|8|5|5|5
6854,6,True,3,14,3,3|3|3|2|6|3|3|3|3|9|3|2|2|3|3
6856,3,True,8,10,8,8|8|3|3|8|8|3|8|3|3|8|8|8|8|2
6921,6,False,6,15,4,4|4|4|4|4|4|4|4|4|4|4|4|4|4|4
6930,9,True,4,13,4,4|2|4|4|2|4|9|9|4|2|4|4|4|4|0
6943,6,False,6,15,4,4|4|4|4|4|4|4|9|4|4|4|4|4|4|4
6952,9,True,7,15,7,7|2|7|7|7|7|7|7|7|7|7|7|7|5|5
6954,2,True,5,13,5,1|3|5|5|5|5|5|5|2|5|5|5|5|5|2
6956,6,True,0,3,6,6|6|6|6|0|6|6|6|6|6|6|6|6|0|0
6965,6,True,3,10,3,6|6|3|3|3|3|3|3|3|6|6|3|3|3|6
6979,1,True,8,15,8,8|8|8|9|8|8|3|8|8|8|8|8|8|8|8
7034,4,False,4,5,4,4|8|4|2|4|4|3|4|2|3|4|4|4|4|4
7071,0,False,0,12,6,6|6|6|0|0|6|6|4|6|6|6|0|6|6|6
7097,4,True,6,15,2,2|2|2|2|2|2|3|2|3|6|2|2|2|3|2
7180,5,False,5,8,5,7|8|5|5|5|7|7|5|7|5|1|5|5|9|2
7181,4,True,6,2,4,4|4|4|4|4|4|4|4|4|3|4|4|3|4|4
7195,8,False,8,2,8,8|8|8|8|7|8|8|8|8|7|8|8|8|8|8
7197,2,True,9,14,5,5|9|5|5|5|5|5|2|9|5|5|5|9|9|9
7199,6,True,0,2,6,6|6|6|6|6|6|6|6|6|6|6|0|6|6|0
7228,2,False,2,13,8,8|2|7|8|8|8|8|8|2|8|8|8|8|8|8
7230,1,True,8,13,8,8|8|8|8|8|8|1|8|8|1|8|8|8|8|8
7263,6,True,0,4,6,6|6|6|6|6|6|6|6|6|0|0|0|6|0|6
7264,4,True,6,15,6,6|6|6|6|6|6|6|6|6|0|6|6|6|7|6
7274,5,True,9,3,5,5|5|5|5|5|5|5|7|9|5|7|5|5|5|5
7293,6,True,0,2,6,6|0|6|6|6|6|6|6|6|0|6|6|6|6|6
7318,9,True,7,15,7,7|7|7|7|7|7|7|7|7|7|7|7|7|7|7
7356,7,True,1,9,1,7|1|7|1|7|1|1|7|1|1|1|7|7|1|1
7368,8,False,8,0,8,8|8|8|8|8|8|8|8|8|8|8|8|8|8|8
7371,0,True,3,15,3,3|8|3|3|4|3|3|3|4|3|3|3|3|3|2
7384,1,True,5,10,5,2|1|5|5|5|1|1|5|1|1|5|5|5|2|2
7389,4,True,6,7,4,6|4|4|4|4|6|3|4|4|2|6|4|6|4|8
7416,6,True,0,5,6,0|0|6|6|0|6|6|6|6|0|6|0|6|6|6
7437,1,False,1,2,1,1|1|1|1|1|1|0|1|1|1|1|0|1|1|1
7448,4,False,4,8,9,4|9|9|9|4|4|4|9|9|9|9|4|4|9|4
7514,4,True,6,12,0,0|4|0|0|0|0|6|6|6|0|8|0|6|4|4
7528,9,True,7,8,9,9|9|7|9|9|7|5|9|9|5|7|7|7|9|7
7529,9,True,4,15,-1,3|6|6|2|2|3|3|6|2|6|6|2|3|3|2
7539,2,True,5,14,5,5|5|5|5|5|7|5|1|5|3|5|5|5|5|2
7546,8,False,8,1,8,8|8|8|8|8|8|8|8|8|5|8|8|8|8|8
7559,8,False,8,8,8,8|8|1|2|8|3|8|8|7|2|8|2|8|3|2
7656,2,False,2,11,4,2|0|5|4|2|4|1|4|4|2|4|4|4|9|2
7688,7,True,5,7,7,7|5|5|7|7|7|7|7|7|7|5|5|5|5|5
7691,3,False,3,3,3,3|3|3|3|3|2|3|3|3|3|3|3|2|3|2
7696,8,False,8,8,8,8|8|7|3|3|3|3|8|3|8|8|1|8|1|8
7703,9,False,9,13,5,5|5|9|5|5|5|5|5|9|5|5|5|5|5|5
7717,1,True,8,15,8,8|8|8|8|8|8|8|8|8|8|8|8|7|8|8
7741,8,False,8,2,8,8|8|8|1|8|8|8|8|8|1|8|8|8|8|8
7760,5,True,9,3,5,5|5|5|5|5|5|5|9|9|9|5|5|5|5|5
7761,7,True,5,13,5,7|5|5|2|6|7|5|5|2|2|3|2|5|5|2
7769,2,True,9,15,5,5|5|5|5|5|5|5|5|9|5|5|5|5|5|5
7783,6,True,0,7,6,6|6|6|2|6|0|0|0|6|6|6|0|6|3|0
7789,7,False,7,7,7,5|9|7|7|7|7|7|9|9|9|7|9|7|9|7
7807,9,True,6,15,4,4|4|6|4|4|4|4|4|4|4|4|4|4|4|4
7814,6,True,0,6,6,2|0|6|6|6|6|6|6|6|0|0|0|6|6|0
7824,3,True,2,12,6,6|6|4|3|6|8|3|6|4|6|6|6|3|4|4
7830,9,True,6,15,-1,6|2|4|2|2|4|8|8|4|6|4|2|6|4|2
7839,9,False,9,9,5,5|9|9|9|5|5|5|9|9|5|9|2|5|5|2
7840,8,False,8,2,8,8|8|8|8|8|7|1|8|8|8|8|8|8|8|8
7853,9,False,9,14,5,5|5|5|5|5|5|5|5|9|5|5|5|5|5|5
7884,9,True,7,8,9,5|9|9|7|7|5|9|7|9|7|7|7|9|9|9
7905,5,True,9,1,5,5|5|5|5|5|5|5|5|9|5|5|5|5|5|5
7913,8,False,8,3,8,8|8|8|8|3|3|8|8|3|8|8|8|8|8|8
7924,0,True,1,12,-1,0|4|8|8|8|1|1|4|8|0|4|2|2|0|4
7927,7,False,7,1,7,7|7|7|7|7|7|7|7|7|7|7|9|7|7|7
7929,6,False,6,6,6,6|0|6|0|4|6|6|6|0|0|6|6|6|0|6
7933,3,True,8,14,8,8|8|8|3|8|8|8|8|8|8|8|8|8|8|8
7938,5,False,5,7,5,5|5|1|5|5|7|5|5|7|1|7|5|5|1|1
7947,7,True,8,13,8,8|8|8|8|8|8|8|8|8|7|8|8|7|8|8
8009,3,True,7,14,7,7|7|7|7|7|7|3|7|9|7|7|7|7|7|7
8050,9,True,7,13,7,7|7|7|7|7|7|7|9|7|5|7|7|7|9|7
8053,9,True,7,15,7,7|7|7|7|7|7|7|7|7|7|7|7|7|7|4
8056,6,True,0,3,6,6|6|6|6|6|0|6|6|6|0|6|0|6|6|6
8061,2,True,5,13,7,5|7|7|5|7|7|5|5|7|2|7|7|5|5|2
8073,7,True,1,15,1,1|1|1|1|1|1|1|1|0|1|1|0|1|1|1
8102,2,True,3,5,2,2|2|3|2|3|3|3|2|2|2|3|2|2|2|2
8107,3,True,5,15,5,5|7|1|5|5|1|5|1|2|5|5|5|5|5|5
8116,1,True,8,15,8,2|5|6|0|4|6|8|0|4|8|2|6|0|8|8
8118,7,False,7,1,7,7|7|7|7|7|7|7|7|7|7|7|7|7|2|7
8122,3,False,3,12,2,2|2|2|2|6|2|6|3|2|2|3|2|3|2|2
8127,6,False,6,2,6,6|6|6|6|6|6|6|6|6|6|0|0|6|6|6
8170,4,False,4,5,4,4|4|9|4|9|4|3|4|4|9|4|4|4|4|9
8178,5,False,5,4,5,5|5|5|5|5|2|5|5|2|7|5|5|5|7|5
8183,7,True,8,13,8,8|8|7|8|8|8|8|8|8|8|8|8|7|8|8
8195,0,False,0,12,6,6|6|6|0|6|6|6|6|6|6|6|0|6|6|0
8204,6,True,0,9,0,0|6|6|0|6|0|0|6|0|0|0|0|6|6|5
8208,6,True,3,13,3,3|3|3|3|6|3|3|3|3|4|3|6|3|3|3
8221,2,False,2,12,0,2|2|0|0|0|0|0|6|4|0|0|0|2|0|0
8237,2,False,2,11,0,2|0|0|0|0|0|0|0|0|0|0|0|2|2|2
8256,7,False,7,1,7,7|7|7|7|7|7|7|7|9|7|7|7|7|7|7
8263,0,False,0,15,3,2|3|3|3|6|6|3|3|3|6|3|6|3|3|6
8267,7,False,7,5,7,7|2|7|7|7|5|5|7|7|4|7|4|7|7|7
8280,2,False,2,7,2,2|2|2|0|2|0|8|2|2|3|0|0|2|2|4
8299,9,True,8,15,8,8|3|8|8|3|8|8|8|8|8|8|8|8|8|8
8308,3,False,3,12,1,2|2|3|3|3|1|1|0|7|1|0|6|0|1|2
8332,6,True,3,12,3,6|3|3|6|2|3|3|2|3|3|2|6|3|3|2
8350,5,True,9,2,5,5|5|5|5|5|5|5|9|9|5|5|5|5|5|5
8370,6,True,0,3,6,6|6|6|6|6|6|6|0|6|0|6|0|6|6|6
8379,6,True,0,1,6,6|6|6|6|6|6|6|6|6|0|6|6|6|6|6
8393,6,False,6,15,4,4|4|4|9|4|4|9|9|4|4|4|4|4|4|9
8397,6,False,6,10,4,6|6|4|6|6|4|4|3|4|6|4|4|4|4|4
8417,0,False,0,14,6,6|7|6|8|4|6|6|6|4|0|6|6|4|8|8
8435,7,True,1,12,1,1|7|1|1|1|1|1|1|1|7|1|7|1|1|1
8438,7,True,8,15,8,8|8|8|8|3|8|8|8|8|8|3|5|8|8|8
8449,0,True,1,7,0,0|8|9|0|0|2|8|0|4|0|0|0|4|0|9
8455,0,False,0,14,-1,6|2|1|5|6|3|0|7|7|6|3|2|8|3|2
8464,5,True,9,2,5,5|5|5|5|5|5|5|8|5|5|5|5|5|5|9
8508,3,True,8,12,8,8|8|8|8|8|8|8|3|8|8|3|8|8|8|3
8546,9,True,7,3,9,9|9|9|9|7|7|9|9|9|7|9|9|9|9|9
8551,5,False,5,7,5,2|2|5|5|2|7|5|5|2|5|5|5|5|2|2
8554,2,True,3,4,2,3|2|2|2|2|3|3|2|3|2|2|2|2|2|2
8560,9,True,4,15,4,4|4|4|4|2|4|3|2|2|2|4|4|4|4|4
8567,6,False,6,13,4,4|9|4|4|6|0|4|1|4|4|4|4|6|4|4
8568,5,False,5,7,5,7|3|5|5|5|3|5|5|2|2|2|5|5|5|2
8575,4,True,1,15,7,1|7|7|7|7|1|7|1|1|1|1|7|7|1|7
8577,5,True,3,15,2,2|2|3|2|2|3|3|2|1|0|3|2|0|2|3
8583,7,True,8,13,8,8|7|8|1|7|8|8|8|8|8|8|8|8|8|8
8586,1,False,1,7,1,1|1|3|2|1|1|1|3|1|0|3|6|2|1|1
8596,2,False,2,15,9,4|9|9|9|9|4|4|9|9|9|4|4|4|9|4
8605,3,True,8,15,8,8|8|8|8|8|8|8|8|8|9|8|8|8|8|8
8613,7,True,5,7,7,7|5|7|7|5|7|5|7|7|7|5|5|5|5|7
8620,1,False,1,2,1,0|1|1|1|1|1|1|1|1|1|1|0|1|1|1
8623,7,False,7,12,5,2|9|9|5|5|5|7|5|7|5|7|5|5|9|5
8633,5,True,9,2,5,5|5|5|5|5|5|5|5|9|9|5|5|5|5|5
8665,0,True,2,12,2,2|0|0|2|2|2|8|2|8|8|0|8|2|8|2
8672,0,False,0,15,6,2|6|6|3|2|4|3|6|3|6|6|3|6|6|2
8676,9,False,9,14,5,5|5|5|5|5|5|5|5|9|5|5|5|5|5|5
8677,9,True,7,13,7,7|3|7|7|7|7|1|7|9|7|7|7|7|9|7
8699,6,True,0,0,6,6|6|6|6|6|6|6|6|6|6|6|6|6|6|6
8734,2,True,3,13,3,3|3|3|3|2|3|3|3|3|2|3|3|3|3|3
8744,0,True,2,2,0,0|0|0|0|0|0|0|0|2|0|0|0|0|0|2
8752,7,False,7,2,7,7|7|7|7|7|7|8|7|7|7|7|7|7|7|4
8759,9,True,7,14,7,7|7|7|7|7|7|7|7|9|7|7|7|7|7|7
8760,2,True,3,9,-1,2|2|3|3|0|2|2|3|2|6|3|6|3|3|2
8805,6,True,0,13,0,2|4|4|0|2|4|0|2|2|0|6|0|6|0|4
8848,7,False,7,0,7,7|7|7|7|7|7|7|7|7|7|7|7|7|7|7
8857,6,False,6,14,4,4|4|4|4|4|4|4|4|4|2|4|4|6|4|4
8882,3,True,8,14,8,8|8|8|8|8|8|8|3|8|8|8|8|8|8|8
8889,9,False,9,13,5,5|9|5|5|5|5|5|5|9|5|5|5|5|5|5
8904,7,False,7,15,8,8|9|8|5|2|5|8|8|9|9|9|8|5|8|9
8917,4,False,4,13,-1,1|9|3|9|4|3|1|9|2|2|3|3|4|0|9
8926,7,False,7,0,7,7|7|7|7|7|7|7|7|7|7|7|7|7|7|7
8938,7,False,7,1,7,7|7|7|7|7|7|7|9|7|7|7|7|7|7|7
8944,2,True,9,12,9,5|2|9|7|9|5|9|9|9|2|5|2|5|5|9
8951,6,True,0,1,6,6|6|6|6|6|6|6|6|6|6|6|6|6|6|4
8959,6,True,3,6,6,6|6|6|1|6|1|3|6|6|6|3|6|7|1|6
9008,9,True,4,15,4,4|2|4|6|4|0|3|4|3|7|4|4|4|1|4
9009,0,True,1,14,1,1|1|1|1|1|1|1|1|1|1|0|1|3|1|1
9014,0,True,2,9,2,2|1|0|0|2|2|0|2|2|0|0|0|2|2|2
9023,4,True,5,15,5,5|5|7|5|7|7|5|5|7|5|5|5|7|5|5
9038,5,True,9,6,5,5|9|5|9|9|5|5|5|9|5|9|5|5|5|9
9077,3,False,3,11,8,6|4|2|3|6|6|3|3|8|5|8|8|3|8|8
9082,6,False,6,3,6,6|6|6|6|0|6|6|6|4|0|6|6|6|6|6
9087,2,False,2,15,0,0|0|0|0|0|0|0|0|0|0|0|0|0|0|0
9098,6,True,0,1,6,6|6|6|6|6|6|6|6|6|6|0|6|6|6|6
9110,6,False,6,15,4,4|9|4|4|4|4|8|4|4|8|4|4|4|4|8
9121,9,True,4,11,4,4|4|9|9|9|4|3|9|4|4|4|4|4|4|4
9130,1,False,1,3,1,1|1|1|1|1|1|1|1|2|0|0|1|1|1|1
9142,0,False,0,13,6,6|0|6|6|6|6|6|6|6|0|6|6|6|6|4
9177,1,False,1,0,1,1|1|1|1|1|1|1|1|1|1|1|1|1|1|1
9203,3,True,8,9,8,8|3|3|8|8|3|8|3|3|8|3|8|8|8|8
9207,2,True,3,12,3,2|3|3|3|3|3|3|3|3|2|3|0|3|1|2
9210,5,True,9,12,9,5|9|9|9|9|2|9|7|9|9|7|5|7|5|9
9224,6,False,6,15,4,4|4|4|9|4|4|8|4|4|4|4|4|4|4|4
9230,8,True,5,15,7,2|4|7|7|7|2|7|7|3|5|3|5|2|7|3
9258,7,False,7,6,7,7|9|7|7|9|7|7|9|9|9|7|7|7|7|9
9312,5,True,8,15,8,8|3|7|8|8|8|8|8|8|8|8|8|8|8|3
9315,5,False,5,6,5,1|5|4|5|7|2|5|5|7|3|5|5|5|5|5
9342,7,False,7,12,5,1|2|6|8|5|5|5|5|7|0|7|5|8|5|7
9355,4,True,1,15,1,2|3|1|1|1|7|1|1|1|7|1|7|7|1|1
9366,9,True,4,9,4,9|4|9|4|4|4|9|9|9|4|4|4|4|4|9
9384,5,True,9,1,5,5|5|5|5|5|5|5|5|9|5|5|5|5|5|5
9387,1,True,3,14,6,2|6|6|2|6|6|9|0|0|0|6|0|6|1|3
9403,0,False,0,13,6,6|6|6|6|0|6|6|6|6|0|6|6|6|6|6
9413,4,True,6,4,4,2|9|4|4|4|4|4|9|4|4|4|4|4|4|9
9416,4,True,7,15,7,7|7|7|7|7|7|7|5|2|2|7|7|7|7|7
9429,5,True,8,14,8,8|8|8|8|8|8|8|8|8|5|8|8|8|8|8
9453,6,True,3,13,3,2|3|3|3|2|3|3|3|3|2|3|6|6|3|2
9476,5,False,5,10,7,7|7|7|7|7|7|7|5|7|5|7|5|5|7|5
9493,6,False,6,8,4,6|4|6|6|6|4|6|4|4|6|4|4|6|4|4
9500,5,False,5,6,5,5|5|2|5|5|7|5|2|2|2|5|5|5|5|2
9517,9,True,7,15,7,7|4|4|7|7|7|3|7|7|7|7|7|7|7|4
9522,2,True,3,13,3,2|2|1|0|6|3|3|3|7|1|0|6|3|1|3
9534,6,True,0,12,0,0|0|6|0|0|0|0|6|0|0|0|0|0|5|6
9544,4,False,4,9,9,9|4|9|9|9|4|9|9|9|4|4|4|9|4|9
9552,2,False,2,7,2,2|6|2|7|1|3|9|9|2|2|2|2|2|4|2
9554,5,True,9,2,5,5|5|5|5|5|5|5|9|9|5|5|5|5|5|5
9564,4,True,5,15,5,7|5|7|7|7|7|5|1|2|5|5|5|5|5|1
9574,2,True,5,14,5,7|3|6|5|5|5|5|7|7|2|5|5|5|7|7
9583,7,True,1,5,7,1|7|7|7|7|1|7|7|7|1|1|7|7|1|7
9619,0,True,1,13,4,1|4|1|1|4|0|1|4|4|0|4|4|4|1|1
9622,0,True,1,14,4,2|0|6|6|1|4|7|1|2|1|4|4|3|4|4
9654,8,False,8,3,8,2|8|8|8|8|8|3|8|7|8|8|8|8|8|8
9674,2,False,2,10,-1,2|0|0|2|6|4|8|2|0|0|4|0|2|9|2
9682,2,False,2,12,4,3|9|3|4|6|2|8|2|2|4|4|4|4|0|3
9702,5,True,9,0,5,5|5|5|5|5|5|5|5|5|5|5|5|5|5|5
9715,6,True,0,6,6,0|6|6|6|6|6|0|0|6|6|0|0|6|6|0
9728,5,False,5,12,2,7|2|2|7|2|2|5|5|2|2|5|2|2|2|2
9765,0,True,2,15,2,2|2|6|2|2|2|8|2|2|2|6|2|2|8|2
9769,0,False,0,7,0,6|0|0|0|6|0|6|6|0|6|0|0|6|0|6
9776,7,False,7,5,7,7|7|7|7|9|7|9|9|7|9|7|7|7|7|9
9783,9,True,4,8,4,9|4|9|9|9|4|4|9|4|4|4|4|4|9|9
9826,4,True,6,15,0,2|6|0|8|0|0|0|0|0|2|6|6|0|8|2
9839,2,True,3,7,2,3|2|3|2|2|2|3|3|3|2|3|2|3|2|2
9842,0,True,2,13,2,2|2|2|2|6|0|0|2|4|2|6|2|2|4|2
9846,1,False,1,3,1,1|1|1|1|7|1|7|1|1|7|1|1|1|1|1
9849,6,False,6,2,6,6|4|6|6|6|6|6|6|6|6|6|6|6|6|4
9856,9,True,7,15,7,7|7|7|7|7|7|7|7|7|7|7|7|7|7|7
9876,4,True,6,6,4,6|3|3|2|4|4|4|4|4|6|4|4|4|4|2
9882,0,False,0,11,6,6|6|0|0|6|6|0|6|6|6|6|2|6|0|6
9930,0,False,0,15,6,6|6|3|6|6|3|3|6|6|6|6|6|6|3|1
9943,9,True,8,15,8,8|8|8|8|8|3|8|3|3|8|3|6|8|8|8
9988,1,False,1,3,1,1|1|1|1|1|1|1|1|2|0|0|1|1|1|1
9992,5,True,9,10,9,5|9|9|9|9|5|5|9|9|5|7|7|5|9|9
9995,9,True,7,13,7,7|9|7|5|7|5|5|7|9|7|7|7|5|5|5
10003,8,False,8,2,8,7|8|8|8|8|8|7|8|8|8|8|8|8|8|8
10006,6,True,2,13,4,2|6|4|4|2|3|8|4|2|2|4|4|2|6|4
10042,2,False,2,11,4,4|4|3|4|2|4|8|2|4|2|4|4|2|4|4
10080,6,True,0,4,6,6|6|6|6|6|6|0|6|6|6|6|0|6|0|0
10081,5,True,8,14,8,8|8|8|8|8|8|3|8|8|5|8|8|8|8|8
10096,8,True,3,15,3,2|3|3|3|2|3|3|3|3|3|3|2|3|3|3
10101,7,True,1,15,1,1|1|1|1|1|1|1|1|8|6|1|1|1|1|1
10125,1,True,3,15,2,2|2|3|2|2|3|3|2|2|3|3|2|2|2|2
10148,1,False,1,0,1,1|1|1|1|1|1|1|1|1|1|1|1|1|1|1
10185,0,True,1,14,1,1|1|1|1|1|1|0|1|1|1|1|1|1|1|1
10203,9,False,9,14,5,5|5|5|5|5|5|5|5|9|5|5|5|5|5|5
10205,9,True,4,6,9,4|9|9|9|9|4|9|9|9|4|4|4|4|9|9
10211,0,True,2,6,0,2|0|0|0|2|0|0|2|2|0|0|0|2|0|2
10227,0,True,1,8,0,1|0|0|0|0|4|7|0|4|0|3|0|3|1|4
10237,5,True,9,5,5,5|9|5|9|9|5|5|9|9|5|5|5|5|5|5
10247,6,False,6,3,6,6|0|4|6|6|6|6|6|6|6|6|6|6|6|4
10253,3,True,2,10,3,2|3|9|2|9|3|3|3|4|3|8|4|2|8|4
10309,0,False,0,13,6,6|8|6|6|6|6|6|6|6|0|6|0|6|3|6
10339,1,False,1,4,1,0|1|1|0|1|1|1|0|1|1|1|0|1|1|1
10394,9,False,9,13,5,5|5|5|5|5|5|5|9|9|5|5|5|5|5|5
10411,5,False,5,10,5,7|5|1|7|9|7|5|9|2|1|7|5|5|5|2
10422,6,True,3,14,2,2|2|3|2|2|3|3|3|2|3|6|2|3|2|2
10424,3,True,5,15,5,7|5|5|5|7|5|1|7|7|5|5|5|5|5|2
10444,9,False,9,15,5,8|2|8|5|5|7|7|5|5|5|5|5|5|5|2
10456,5,True,6,15,-1,8|3|3|7|6|2|3|6|2|6|6|2|3|0|8
10463,6,True,0,5,6,6|0|6|0|6|6|6|6|6|0|6|0|6|6|0
10486,3,True,5,14,5,1|2|5|5|5|7|5|5|1|3|5|5|5|5|5
10493,3,False,3,5,3,2|3|3|2|2|3|3|3|3|2|3|6|3|3|3
10503,8,False,8,2,8,8|8|8|8|3|3|8|8|8|8|8|8|8|8|8
10512,1,False,1,3,1,1|1|7|7|7|1|1|1|1|1|1|1|1|1|1
10519,9,True,4,14,4,3|4|4|2|4|4|0|9|3|0|4|2|4|0|4
10530,0,True,1,12,1,1|1|1|0|1|1|1|1|1|1|1|0|0|1|1
10582,7,False,7,5,7,5|7|7|7|7|7|9|7|9|9|7|7|7|7|9
10596,7,False,7,4,7,7|7|7|7|7|5|8|7|9|5|7|7|7|7|7
10598,2,False,2,9,2,2|9|4|2|2|4|4|2|3|2|0|0|0|2|4
10619,6,False,6,14,4,2|4|4|4|4|4|8|4|4|2|6|4|4|8|4
10642,9,False,9,10,5,5|5|5|9|9|5|5|9|9|5|5|5|5|5|9
10648,5,False,5,8,5,7|2|5|5|5|7|7|2|2|5|7|5|5|5|2
10660,4,False,4,7,4,9|4|9|9|9|4|9|4|4|4|4|4|4|9|9
10666,4,False,4,1,4,4|4|4|4|4|4|4|4|4|4|4|4|4|9|4
10674,3,False,3,10,-1,3|6|2|6|3|8|3|3|7|6|3|6|6|0|2
10723,7,True,8,13,8,8|8|7|8|8|8|8|8|8|8|8|8|8|8|7
10736,5,True,9,7,5,5|5|9|5|5|5|5|9|9|9|5|7|9|5|9
10772,5,False,5,10,2,2|5|5|5|7|2|5|2|2|2|2|2|5|2|2
10773,6,False,6,11,8,8|8|8|8|6|8|6|6|8|8|8|6|8|8|2
10781,5,False,5,5,5,5|5|5|5|5|3|1|5|2|5|5|5|5|1|7
10801,4,True,6,14,6,6|6|6|6|6|6|6|6|4|0|0|6|6|6|6
10805,0,True,1,15,4,3|4|3|8|4|4|8|3|2|4|4|4|3|4|9
10808,8,False,8,4,8,7|8|8|1|8|8|8|8|8|7|8|8|8|1|8
10836,9,False,9,13,5,9|5|5|5|5|5|5|5|9|5|5|5|5|5|5
10846,1,False,1,0,1,1|1|1|1|1|1|1|1|1|1|1|1|1|1|1
10852,4,True,7,13,7,7|4|7|7|7|7|7|7|7|7|7|7|7|7|4
10856,6,True,0,1,6,6|6|6|6|6|6|6|6|6|6|6|6|6|6|0
10873,6,True,0,4,6,6|6|6|6|6|6|6|6|0|6|0|0|6|6|0
10887,6,False,6,11,4,6|4|2|0|4|4|0|6|4|6|6|8|0|8|4
10911,7,True,8,13,8,8|8|7|8|8|2|1|8|8|7|5|8|8|5|8
10978,2,True,3,13,3,3|3|3|2|3|3|3|3|3|3|3|6|3|3|2
10988,5,True,8,15,8,8|3|8|8|8|8|8|8|8|8|8|8|8|8|8
10990,7,True,8,11,8,7|8|8|7|8|8|8|8|8|7|8|8|7|8|8
11017,2,True,5,14,5,5|2|5|7|5|7|5|5|9|5|5|7|7|5|5
11026,1,True,5,12,-1,7|2|1|7|7|7|1|1|2|5|7|5|5|5|5
11040,7,False,7,1,7,7|7|7|7|7|7|7|7|7|4|7|7|7|7|7
11050,6,False,6,14,4,4|4|4|4|4|4|4|4|4|6|4|4|4|4|4
11056,5,True,9,12,9,5|9|9|9|9|5|5|9|9|2|9|2|9|9|9
11066,7,False,7,2,7,7|7|7|7|7|7|7|7|9|7|7|7|7|7|9
11067,2,True,3,9,3,2|3|3|3|2|3|3|3|3|6|3|2|2|2|2
11072,4,True,6,15,6,6|6|6|6|6|6|6|0|6|0|6|6|6|6|6
11079,8,False,8,4,8,8|1|8|8|1|8|1|8|8|8|8|8|8|8|1
11084,7,True,1,4,7,1|7|7|7|1|7|7|7|7|1|7|7|7|1|7
11104,4,True,6,8,4,6|2|4|6|4|4|3|1|4|8|4|4|6|0|4
11209,4,True,6,7,4,9|9|4|9|9|4|4|9|4|6|4|4|4|4|9
11210,5,False,5,6,5,7|5|7|5|5|7|5|5|2|5|7|5|7|5|5
11217,6,True,1,15,1,1|1|1|1|1|1|1|1|1|1|1|1|1|1|1
11240,5,True,8,15,8,8|8|8|8|8|8|8|8|8|8|8|8|8|8|8
11255,9,True,7,15,7,7|7|7|7|7|7|7|7|7|7|7|7|7|7|7
11263,5,False,5,13,7,5|0|7|7|7|7|7|7|9|7|7|5|9|9|2
11312,5,False,5,2,5,7|5|5|5|5|5|5|5|5|5|5|5|5|5|2
11347,1,False,1,3,1,1|7|7|1|1|7|1|1|1|1|1|1|1|1|1
11358,1,False,1,0,1,1|1|1|1|1|1|1|1|1|1|1|1|1|1|1
11368,7,True,5,7,7,7|7|7|7|5|7|7|5|7|5|5|7|5|5|5
11369,5,True,9,1,5,5|5|5|5|5|5|5|5|9|5|5|5|5|5|5
11372,6,False,6,15,2,8|8|2|2|2|3|8|2|1|4|4|4|2|8|2
11375,4,False,4,3,4,4|9|4|9|4|4|4|4|4|9|4|4|4|4|4
11386,7,False,7,0,7,7|7|7|7|7|7|7|7|7|7|7|7|7|7|7
11397,2,False,2,6,2,2|2|2|4|2|4|4|2|2|6|4|4|2|2|2
11399,1,False,1,12,7,7|1|7|7|7|1|7|7|7|7|7|7|7|1|7
11400,9,False,9,13,5,5|9|5|5|5|5|5|7|9|5|5|5|5|5|5
11408,9,True,4,14,4,2|9|2|0|4|4|0|2|4|4|4|4|2|0|4
11427,7,False,7,1,7,7|7|7|7|7|7|7|9|7|7|7|7|7|7|7
11483,0,True,2,8,0,0|2|0|2|0|2|0|8|0|2|0|0|2|2|4
11487,9,False,9,5,9,5|2|9|7|9|7|7|9|9|9|9|9|9|9|9
11490,5,False,5,7,5,8|5|2|5|5|2|7|5|2|5|2|5|5|5|2
11498,9,True,4,5,9,9|9|9|9|9|4|9|4|9|9|4|4|4|9|9
11546,3,False,3,6,3,2|3|3|2|3|3|3|3|3|3|3|2|2|2|2
11549,2,True,3,9,3,2|3|3|2|3|3|3|3|3|2|3|2|3|2|2
11571,1,False,1,3,1,1|1|1|0|1|1|1|1|1|0|0|1|1|1|1
11620,4,False,4,8,4,4|9|0|0|9|4|8|9|9|4|4|4|4|4|9
11633,6,False,6,15,2,2|0|9|2|2|1|9|4|2|9|2|0|9|2|4
11635,0,True,1,12,1,1|1|1|0|1|1|1|1|1|1|0|0|1|1|1
11638,0,True,1,10,1,1|0|1|1|1|1|1|0|0|1|1|0|0|1|1
11639,8,False,8,1,8,8|8|8|8|8|8|8|8|8|3|8|8|8|8|8
11691,3,True,5,15,5,8|5|5|5|5|1|1|5|2|5|7|5|5|5|5
11693,8,False,8,1,8,8|8|1|8|8|8|8|8|8|8|8|8|8|8|8
11728,3,True,8,14,8,8|8|7|7|7|2|3|8|8|5|7|8|7|8|8
11745,2,True,7,15,7,7|7|7|7|7|7|7|7|7|7|7|7|7|7|7
11755,4,False,4,3,4,4|4|9|4|4|4|8|9|4|4|4|4|4|4|4
11761,4,False,4,6,4,4|4|9|0|4|4|8|4|2|4|4|4|1|2|4
11805,2,False,2,3,2,2|2|2|2|6|2|8|2|2|8|2|2|2|2|2
11811,0,True,2,9,-1,2|0|2|0|2|4|8|2|2|0|0|0|0|8|2
11815,2,False,2,8,2,2|2|2|4|0|6|0|0|2|0|2|0|2|9|2
11821,0,False,0,13,6,6|6|6|6|6|6|6|6|6|0|6|0|6|6|6
11851,4,False,4,8,4,3|3|9|2|4|6|8|9|4|4|4|4|4|4|3
11864,9,True,7,9,-1,5|9|7|7|7|7|9|9|9|9|7|5|9|5|7
11865,6,False,6,14,2,6|4|2|2|2|2|2|2|2|2|8|2|4|0|8
11897,4,True,6,15,6,6|6|6|6|6|6|6|6|6|6|6|6|6|6|6
11915,0,True,2,5,0,0|4|2|0|2|0|0|4|2|0|0|0|0|0|0
11925,0,True,1,14,1,1|1|1|1|1|1|1|1|1|1|0|1|1|1|1
11949,8,False,8,5,8,8|8|7|1|7|7|7|8|8|8|8|8|8|8|8
11958,7,True,5,13,5,5|5|7|5|7|2|5|8|5|5|5|5|5|5|5
11968,6,False,6,13,4,4|4|4|4|4|4|4|4|4|6|4|4|4|4|6
11974,5,False,5,4,5,5|5|5|5|7|7|5|5|2|7|5|5|5|5|5
11995,7,True,5,12,5,5|5|5|5|1|7|7|3|2|5|5|5|5|5|7
11998,4,False,4,4,4,4|4|9|4|4|4|3|9|4|4|4|4|4|4|9
11999,4,False,4,7,4,6|9|4|4|9|4|8|9|4|6|4|4|4|4|9
12031,9,False,9,8,-1,5|9|9|9|9|5|5|9|9|5|9|5|5|5|2
12065,0,True,1,9,1,1|1|1|0|1|1|0|1|1|0|0|0|0|1|1
12066,4,False,4,8,9,9|4|9|9|9|4|9|9|4|9|4|4|4|4|9
12077,5,True,9,1,5,5|5|5|5|5|5|5|5|5|5|5|5|5|5|9
12092,4,False,4,15,6,1|2|6|6|6|3|6|6|3|1|6|6|6|3|6
12097,6,False,6,15,4,4|0|0|4|4|4|4|4|4|4|4|4|4|4|4
12103,9,False,9,14,5,5|5|7|5|5|5|5|5|9|5|5|5|5|5|5
12109,6,False,6,8,4,6|4|6|6|4|4|6|4|4|6|6|4|6|4|4
12117,0,False,0,14,6,6|6|6|0|6|6|6|6|6|6|6|6|6|6|6
12159,9,True,8,15,8,8|8|8|8|8|8|8|8|8|0|8|8|8|8|8
12161,1,True,8,10,8,8|8|8|1|1|8|1|1|8|1|8|8|8|8|8
12216,2,True,3,7,2,2|2|3|2|6|3|3|3|3|2|3|2|2|2|2
12219,0,False,0,14,6,6|6|6|0|6|6|6|6|6|6|6|6|6|6|6
12220,9,False,9,14,5,5|5|5|5|5|5|5|5|9|5|5|5|5|5|5
12257,8,False,8,2,8,8|8|8|8|8|3|1|8|8|8|8|8|8|8|8
12282,0,True,1,15,1,1|1|1|1|1|1|1|1|1|1|1|1|1|1|1
12304,5,False,5,5,5,5|5|5|5|1|1|1|5|1|5|5|5|5|1|5
12316,7,False,7,0,7,7|7|7|7|7|7|7|7|7|7|7|7|7|7|7
12334,5,True,9,3,5,5|5|5|5|5|5|5|9|9|5|7|5|5|5|5
12378,2,True,5,15,7,7|1|7|7|5|7|7|5|7|7|7|5|7|7|7
12422,7,True,1,15,1,1|1|1|1|1|1|1|1|1|1|1|0|1|1|1
12438,9,True,4,9,4,4|4|9|9|9|4|9|9|9|4|4|4|4|4|0
12460,4,True,6,10,4,6|4|2|6|4|8|2|4|4|6|4|0|6|8|2
12475,0,True,4,14,2,2|8|0|2|2|4|2|2|4|2|6|6|2|2|4
12546,5,False,5,3,5,7|5|5|5|5|7|5|5|2|5|5|5|5|5|5
12583,2,False,2,13,4,2|4|4|2|3|4|6|4|4|8|8|4|0|4|4
12623,3,True,8,14,8,8|8|8|8|3|8|8|8|8|5|8|8|8|8|8
12635,2,False,2,12,6,2|3|6|6|3|5|2|1|7|4|4|2|6|5|6
12641,3,True,8,9,3,9|8|9|9|3|3|3|8|9|0|3|8|3|8|3
12645,1,True,8,15,8,8|8|8|8|8|8|8|8|8|8|8|8|8|8|8
12647,9,False,9,12,5,5|5|5|5|5|5|5|9|9|5|5|5|5|5|9
12673,3,False,3,7,3,3|2|3|6|3|2|3|2|3|6|4|4|3|3|3
12679,6,True,0,6,6,6|0|6|0|6|6|6|6|6|0|0|6|6|0|0
12685,4,True,6,7,4,4|3|4|4|4|3|8|4|4|2|8|4|2|8|4
12724,7,True,5,6,7,7|5|7|7|7|3|7|5|7|7|7|7|5|5|5
12753,3,True,5,13,5,5|5|1|5|5|3|5|5|3|5|5|5|5|5|5
12777,9,True,7,13,5,5|5|5|7|5|5|9|9|7|7|7|5|7|5|2
12787,6,False,6,14,4,4|4|4|4|4|4|4|4|4|2|4|4|6|4|4
12792,6,False,6,6,6,6|4|4|6|6|8|6|6|6|4|6|4|4|6|6
12798,5,True,9,2,5,5|5|5|5|5|5|7|5|9|5|5|5|5|5|5
12800,2,True,5,5,2,2|2|2|5|5|2|5|2|2|2|2|2|5|5|2
12817,0,True,2,7,0,2|0|0|0|0|4|0|4|4|4|2|0|0|2|0
12831,2,False,2,14,0,0|0|0|0|0|0|0|0|0|0|0|0|0|2|0
12837,7,True,5,2,7,7|7|7|7|5|7|7|7|7|5|7|7|7|7|7
12849,9,True,4,10,4,4|9|4|4|9|4|4|9|9|9|4|4|3|4|4
12852,1,False,1,2,1,1|0|1|1|1|1|1|1|1|1|1|0|1|1|1
12856,6,True,0,5,6,6|6|0|6|6|6|0|6|2|6|6|0|0|6|6
12865,9,True,4,13,4,4|4|4|4|4|4|9|4|9|4|4|4|4|4|4
12874,7,False,7,1,7,7|7|7|7|7|7|3|7|7|7|7|7|7|7|7
12875,0,True,2,15,4,2|4|2|2|2|4|4|2|4|2|4|4|2|4|4
12900,5,True,9,1,5,5|5|5|5|5|5|5|5|9|5|5|5|5|5|5
12924,5,False,5,6,5,7|7|5|5|5|7|5|5|3|7|5|7|5|5|5
12949,5,True,9,3,5,5|5|5|5|5|5|5|5|9|9|9|5|5|5|5
12972,6,True,3,14,3,3|3|3|3|3|3|3|3|3|6|3|2|3|3|3
13011,1,True,8,15,8,8|8|8|8|8|8|8|8|8|8|8|8|8|8|8
13012,9,True,7,15,7,7|7|5|7|7|7|7|7|7|7|7|7|7|7|7
13024,5,False,5,6,5,2|3|1|5|5|1|5|5|3|5|5|5|5|5|1
13033,1,False,1,2,1,1|1|1|1|1|1|0|1|1|1|1|0|1|1|1
13040,5,True,9,2,5,5|5|5|5|5|9|5|5|9|5|5|5|5|5|5
13058,7,True,1,14,1,1|1|1|1|1|1|1|1|1|1|1|1|7|1|1
13062,7,False,7,0,7,7|7|7|7|7|7|7|7|7|7|7|7|7|7|7
13070,1,False,1,2,1,1|1|1|7|7|1|1|1|1|1|1|1|1|1|1
13113,1,False,1,3,1,1|7|1|1|1|1|4|1|1|1|1|1|7|1|1
13156,2,True,5,10,5,2|2|5|5|5|7|5|5|2|2|5|5|5|5|2
13160,6,True,3,15,3,3|2|3|3|3|3|3|3|3|3|3|2|3|2|2
13181,5,True,9,2,5,5|9|5|5|5|5|5|5|9|5|5|5|5|5|5
13183,3,True,8,13,8,8|8|8|8|3|8|8|8|3|8|8|8|8|8|8
13206,9,True,7,11,7,7|7|7|9|7|7|9|9|7|9|7|7|7|7|7
13213,7,True,1,4,7,7|7|7|1|7|7|7|7|7|1|1|7|7|1|7
13225,2,False,2,10,4,2|2|4|0|4|2|4|2|4|2|4|4|4|4|4
13244,3,True,8,11,8,8|8|8|8|8|8|3|8|3|3|8|8|8|8|3
13265,6,False,6,15,0,2|2|0|0|0|2|0|0|0|2|0|0|2|0|2
13281,2,True,7,15,7,5|9|9|7|7|7|7|9|7|7|7|7|7|7|7
13283,9,False,9,11,5,5|5|5|5|9|5|5|9|9|5|5|5|5|5|9
13292,2,False,2,15,9,9|9|9|9|9|4|9|9|9|9|4|9|4|9|9
13307,5,True,9,1,5,9|5|5|5|5|5|5|5|5|5|5|5|5|5|5
13323,6,True,0,2,6,6|0|6|6|6|6|6|6|6|0|6|6|6|6|6
13348,7,True,1,15,1,1|1|1|1|1|1|1|1|1|1|0|0|1|1|1
13353,3,True,8,11,8,8|8|3|8|8|8|8|8|3|3|3|8|8|8|8
13358,0,False,0,11,6,6|6|6|6|6|6|6|0|6|6|0|0|6|6|0
13363,3,True,4,15,4,2|6|4|2|6|4|7|4|2|8|4|4|4|4|4
13372,4,False,4,8,4,3|4|4|2|9|3|9|4|9|0|6|4|4|4|4
13380,4,True,6,15,0,0|1|2|0|0|0|0|0|0|0|0|0|2|0|0
13388,6,True,0,12,3,2|3|3|6|6|3|3|3|2|8|0|3|6|3|3
13404,3,True,7,15,7,7|7|7|7|7|7|7|7|9|9|7|7|7|7|7
13409,1,False,1,2,1,1|1|1|1|1|1|0|1|1|1|1|0|1|1|1
13423,2,True,3,13,7,2|6|1|7|3|3|8|7|7|6|3|7|3|7|2
13425,7,False,7,1,7,7|7|7|7|7|7|7|9|7|7|7|7|7|7|7
13438,2,True,9,15,5,5|5|5|5|9|5|5|5|9|5|5|5|5|5|5
13439,4,False,4,6,4,4|4|9|9|9|4|9|9|4|9|4|4|4|4|4
13450,3,False,3,15,-1,0|2|4|2|2|4|6|0|4|2|4|0|2|0|0
13456,3,False,3,13,6,6|4|3|2|2|2|6|3|4|6|4|4|6|6|6
13457,8,False,8,1,8,8|8|8|8|8|8|9|8|8|8|8|8|8|8|8
13489,9,True,7,14,7,1|5|7|7|7|1|5|9|2|7|7|5|7|7|7
13504,6,False,6,2,6,6|0|6|6|6|6|6|6|2|6|6|6|6|6|6
13519,9,False,9,14,7,7|5|5|5|7|7|7|5|9|7|7|5|5|8|7
13564,4,False,4,10,-1,2|2|4|4|2|3|6|8|2|4|4|2|8|4|8
13572,7,False,7,2,7,7|7|7|7|7|7|7|2|9|7|7|7|7|7|7
13573,2,False,2,11,-1,2|4|4|4|2|0|3|0|8|6|8|2|4|1|2
13602,6,True,0,4,6,6|0|6|6|6|6|6|6|6|6|0|0|6|0|6
13634,2,True,9,15,5,5|5|5|5|9|5|5|5|9|5|5|5|5|5|9
13636,2,True,3,5,2,3|2|3|2|2|2|3|2|2|2|6|2|3|2|2
13650,7,False,7,9,7,2|1|5|5|3|7|7|1|7|5|7|5|7|7|5
13688,6,True,3,12,3,3|3|3|3|3|3|3|1|3|3|3|6|6|3|6
13730,1,False,1,1,1,1|1|1|1|1|1|1|1|1|1|1|1|3|1|1
13736,2,True,5,15,5,5|5|5|1|5|7|1|5|7|5|5|5|5|7|5
13770,9,True,4,15,2,2|2|3|2|0|2|4|2|2|8|0|4|4|4|4
13778,5,False,5,8,5,5|2|2|5|7|7|5|3|8|5|5|8|5|5|7
13822,6,True,3,13,3,3|2|3|3|2|3|3|3|3|2|3|6|3|3|6
13834,7,False,7,6,7,7|4|5|8|7|3|7|7|7|7|7|7|7|8|3
13835,6,True,0,3,6,6|6|6|6|6|6|6|6|6|0|0|0|6|6|6
13842,0,False,0,11,6,6|6|6|0|6|6|6|6|6|0|6|0|6|3|0
13844,4,False,4,6,4,9|4|4|4|9|4|9|4|4|9|4|4|4|9|9
13847,2,True,5,14,5,5|3|5|5|2|3|3|7|7|5|7|5|5|5|3
13861,9,False,9,14,5,5|5|5|5|5|5|5|5|9|5|5|5|5|5|5
13872,0,False,0,13,6,6|6|6|6|6|6|6|6|4|0|6|6|6|0|4
13877,9,True,4,5,9,9|9|9|9|9|4|9|9|9|4|4|4|9|9|4
13880,1,True,5,15,9,7|9|7|7|9|5|7|9|9|9|7|7|9|9|2
13891,6,True,0,6,6,6|6|6|0|6|6|0|6|6|0|6|0|6|3|2
13896,2,False,2,13,4,2|4|4|4|4|4|4|4|2|4|4|4|4|4|4
13901,9,True,4,10,4,4|9|4|4|9|3|9|9|2|9|4|4|4|4|2
13953,4,True,7,15,7,7|7|7|7|9|7|7|7|7|7|7|7|7|7|7
13966,4,False,4,7,4,9|9|9|9|4|4|9|9|9|4|4|4|4|4|4
13996,3,True,5,15,5,5|5|5|5|5|7|5|5|2|5|5|5|5|5|5
14009,5,False,5,6,5,5|1|1|5|5|1|5|1|2|5|5|5|8|5|5
14013,0,True,1,15,1,7|1|7|7|7|1|1|1|1|7|1|7|7|1|1
14028,0,False,0,11,6,6|0|6|6|6|6|0|6|6|0|0|6|6|6|6
14043,6,True,0,11,0,6|0|0|0|0|6|8|6|0|0|0|2|6|5|0
14058,9,True,7,14,7,7|7|7|7|7|7|7|7|9|7|7|7|7|7|7
14099,6,True,2,11,4,6|4|4|4|4|4|6|9|2|6|6|3|3|4|4
14105,2,False,2,14,4,4|9|4|4|9|3|3|9|4|3|4|4|2|4|4
14110,9,True,4,6,9,9|9|9|4|9|4|9|4|9|9|4|9|4|9|4
14118,9,False,9,14,5,5|5|5|5|5|5|5|5|9|5|5|5|5|5|5
14124,8,False,8,4,8,8|8|8|8|7|8|1|7|8|7|8|8|8|8|8
14125,2,True,5,10,5,2|5|5|5|5|7|5|5|2|2|5|5|5|2|2
14128,5,False,5,7,5,7|5|1|5|5|3|5|5|7|2|7|7|5|5|5
14158,4,True,6,12,2,2|2|0|6|2|4|0|3|3|2|4|2|4|2|2
14181,0,True,2,13,2,8|8|9|4|2|4|0|2|4|8|6|2|0|2|2
14186,6,True,0,5,6,6|6|6|0|6|0|6|6|0|6|0|0|6|6|6
14193,4,True,1,14,1,0|1|7|7|1|1|1|1|1|1|1|1|4|1|1
14200,6,False,6,9,6,6|6|6|8|0|4|6|0|8|8|6|0|6|4|0
14205,8,True,7,15,-1,7|7|9|5|7|7|5|9|7|5|5|5|5|2|7
14214,4,False,4,7,4,4|9|9|9|9|4|9|9|4|9|4|4|4|4|4
14274,9,True,4,6,9,4|9|9|9|9|4|9|4|9|9|4|4|9|9|4
14284,6,True,3,10,3,6|3|3|6|6|3|6|3|3|6|3|2|3|1|2
14292,6,True,0,5,6,6|0|6|0|6|6|6|6|6|6|0|0|6|0|6
14299,2,True,5,13,7,7|1|5|5|5|7|9|2|7|5|7|8|9|2|7
14305,8,False,8,1,8,8|8|8|8|8|3|8|8|8|8|8|8|8|8|8
14311,4,True,1,14,1,1|1|1|1|1|1|1|1|1|1|0|1|4|1|1
14359,0,False,0,12,6,2|6|6|0|6|6|6|6|6|0|6|6|6|0|6
14369,5,True,9,3,5,9|9|5|5|5|5|5|5|9|5|5|5|5|5|5
14372,1,False,1,0,1,1|1|1|1|1|1|1|1|1|1|1|1|1|1|1
14373,1,False,1,10,1,2|1|2|1|6|1|7|6|1|0|0|6|3|1|4
14377,9,False,9,13,5,5|5|5|5|5|5|5|9|9|5|5|5|5|5|5
14389,9,False,9,11,7,5|9|7|5|7|7|5|7|9|9|9|5|7|7|7
14400,0,True,1,15,1,1|1|1|1|7|1|1|1|1|7|1|1|1|1|1
14402,9,True,8,15,8,8|7|8|8|8|8|8|8|8|8|8|8|8|8|8
14417,0,True,2,2,0,0|0|2|0|0|0|0|0|0|2|0|0|0|0|0
14439,8,True,7,15,7,7|7|7|7|7|7|7|7|7|7|7|4|7|7|7
14463,2,False,2,13,0,0|2|0|0|0|0|0|0|0|0|0|0|2|0|0
14515,0,True,1,13,1,1|1|1|1|1|1|0|1|1|1|1|0|1|1|1
14522,6,False,6,14,4,4|4|4|4|2|4|3|6|4|9|4|4|4|4|4
14541,0,True,3,14,3,3|1|3|8|6|3|3|3|4|8|4|0|8|3|8
14556,7,True,8,12,8,8|8|8|8|7|8|8|8|8|7|8|7|8|8|8
14557,5,False,5,5,5,2|5|5|5|7|7|5|5|7|5|5|7|5|5|5
14575,4,True,1,14,1,1|7|7|7|1|1|1|1|1|1|1|1|4|1|1
14580,0,False,0,9,6,0|6|6|0|6|6|0|6|0|6|0|0|6|8|2
14589,6,False,6,2,6,6|6|6|6|6|6|6|6|4|6|6|6|6|6|4
14622,8,False,8,3,8,4|8|8|8|4|8|8|8|8|8|8|4|8|8|8
14623,6,True,0,8,6,6|4|6|6|6|6|0|4|6|0|0|0|6|0|0
14642,7,True,1,15,1,1|1|1|1|1|1|1|1|1|1|0|0|1|1|1
14645,4,True,5,15,5,5|5|7|5|7|7|5|5|3|2|5|5|5|5|2
14663,9,True,4,12,4,4|4|4|6|9|4|3|9|3|9|4|4|4|4|4
14667,2,False,2,10,8,8|8|8|5|0|8|2|4|2|2|2|2|5|8|8
14671,6,False,6,13,4,2|4|0|8|4|8|6|4|8|3|8|0|6|4|4
14673,7,False,7,4,7,5|7|7|5|7|7|7|9|7|7|7|7|7|7|3
14681,4,True,6,15,8,2|8|8|2|3|8|8|3|8|3|8|6|0|8|2
14685,6,True,0,3,6,6|6|6|2|6|6|0|0|6|6|6|6|6|6|6
14690,0,True,1,15,1,1|1|7|7|1|1|1|7|1|1|1|7|7|1|1
14698,3,False,3,9,3,1|6|3|3|6|2|1|1|2|3|3|2|3|3|2
14737,6,True,0,2,6,6|6|6|6|6|6|6|6|6|6|0|6|6|0|6
14783,9,True,4,11,4,4|4|9|0|4|4|9|9|4|4|4|4|4|9|4
14813,2,True,7,15,7,7|7|7|7|7|7|8|7|3|7|7|7|7|7|7
14814,0,True,2,12,4,4|4|9|4|6|4|0|4|9|4|4|0|4|0|4
14823,9,True,8,15,8,8|8|7|8|8|8|8|8|8|8|8|8|4|8|8
14841,0,True,2,5,0,0|0|0|0|0|2|0|0|4|2|2|0|0|0|2
14843,6,False,6,15,0,2|0|0|0|0|4|0|0|4|0|0|0|0|2|2
14907,6,True,1,10,1,1|1|6|1|1|1|6|1|6|6|1|1|6|1|1
14923,6,False,6,2,6,6|4|6|6|0|6|6|6|6|6|6|6|6|6|6
14926,8,False,8,5,8,2|8|8|8|8|8|1|1|1|8|8|8|8|4|8
14953,3,False,3,6,3,2|3|3|6|3|3|3|3|2|4|3|6|3|6|3
14955,9,True,4,7,9,9|9|9|8|9|4|1|9|9|9|4|4|4|4|9
14970,6,True,0,2,6,6|6|6|6|6|6|6|6|6|0|6|6|6|6|0
14972,6,True,0,7,6,6|4|6|6|4|4|6|6|6|4|4|6|6|4|0
15008,6,True,0,1,6,6|6|6|6|6|6|6|6|6|0|6|6|6|6|6
15012,6,True,9,15,5,5|5|5|5|9|5|5|5|9|5|5|5|5|5|9
15021,0,True,7,15,5,7|5|5|5|5|7|5|5|9|5|5|5|5|5|5
15041,6,True,0,11,0,2|6|3|2|0|6|1|6|7|0|6|0|0|0|2
15044,3,False,3,8,3,2|1|8|3|8|3|3|3|3|0|0|1|6|3|3
15065,8,True,7,15,7,7|7|7|7|7|7|7|9|7|7|7|7|7|7|7
15090,3,True,5,14,5,5|3|5|5|5|5|7|5|7|5|7|5|5|5|5
15118,2,True,3,6,2,2|3|6|2|2|3|3|3|2|2|9|2|2|2|2
15144,6,False,6,11,-1,2|0|0|3|6|6|0|9|4|6|3|0|6|2|1
15145,2,False,2,6,2,2|0|2|2|2|2|0|2|2|0|2|0|0|2|0
15155,6,True,0,7,6,6|6|0|0|6|6|0|0|6|6|0|0|6|6|0
15156,3,True,5,14,5,2|2|5|7|5|7|5|5|2|3|5|5|5|7|5
15171,6,True,0,9,0,0|0|6|6|0|6|6|0|6|0|0|0|6|4|0
15199,0,False,0,15,6,6|6|6|6|6|6|6|6|6|6|6|6|6|3|4
15244,1,True,5,12,5,7|5|5|1|5|7|1|1|2|5|7|5|5|5|2
15254,9,False,9,13,5,9|5|5|5|5|5|5|5|9|5|5|5|5|5|5
15258,6,True,3,9,6,6|2|3|2|6|3|6|6|6|2|6|0|3|3|2
15259,2,True,3,9,3,2|3|2|2|3|3|3|3|2|3|3|2|3|3|2
15276,7,False,7,2,7,7|7|7|7|7|7|7|9|9|7|7|7|7|7|7
15287,9,False,9,13,5,5|5|5|5|9|5|5|5|9|5|5|5|5|5|5
15288,6,True,0,6,6,6|0|0|6|6|6|0|0|6|0|0|6|6|6|6
15300,4,True,6,3,4,4|2|4|4|4|4|4|1|4|6|4|4|4|4|4
15325,8,False,8,2,8,8|8|7|8|8|6|8|8|8|8|8|8|8|8|8
15327,1,False,1,5,1,1|1|1|7|7|1|1|1|1|1|7|7|7|1|1
15328,4,False,4,9,9,9|9|9|9|9|4|9|4|9|9|4|4|4|4|9
15343,7,True,5,7,7,7|1|7|7|5|7|7|7|7|5|5|5|5|5|7
15364,5,True,9,1,5,5|5|5|5|5|5|5|5|9|5|5|5|5|5|5
15373,5,True,9,1,5,5|5|5|5|5|5|5|5|9|5|5|5|5|5|5
15389,6,True,0,7,6,2|0|6|4|6|4|0|6|6|8|6|6|0|6|6
15392,5,False,5,14,7,7|2|7|7|9|1|5|9|7|1|7|7|7|1|7
15408,5,False,5,8,5,5|3|5|5|5|5|9|7|2|1|7|1|5|5|7
15467,6,True,3,13,1,1|3|1|6|5|5|7|1|7|6|0|3|1|5|8
15514,0,True,2,15,2,2|2|2|2|2|2|4|2|2|2|6|6|2|2|2
15566,9,False,9,12,5,5|9|5|5|5|5|5|9|9|5|5|5|5|5|5
15630,7,False,7,1,7,7|7|7|7|7|7|7|7|7|9|7|7|7|7|7
15632,0,True,2,8,2,2|2|0|0|2|2|0|2|0|0|2|0|2|2|0
15636,4,True,1,15,1,1|1|1|1|1|1|1|1|2|1|1|1|1|1|1
15638,2,True,3,10,-1,6|3|2|6|2|3|3|3|2|2|6|6|0|3|2
15642,5,True,9,2,5,5|5|5|5|9|5|5|5|9|5|5|5|5|5|5
15645,4,True,6,1,4,4|4|4|4|4|4|4|4|4|4|4|4|4|4|6
15670,2,True,3,3,2,2|2|2|2|2|3|3|2|2|3|2|2|2|2|2
15674,3,True,2,15,8,6|8|8|8|2|4|8|9|7|0|8|8|8|4|4
15679,5,True,6,15,6,6|6|6|8|1|6|6|1|8|4|6|8|4|8|6
15684,6,True,0,6,6,6|6|6|6|6|6|4|6|4|8|6|6|3|8|4
15688,1,False,1,4,1,1|2|1|1|1|1|1|1|7|7|1|7|1|1|1
15753,5,False,5,12,7,7|7|7|5|7|7|7|7|7|7|7|7|7|5|5
15782,5,True,4,15,4,4|9|4|9|4|4|4|8|2|9|4|4|9|9|3
15798,3,True,8,14,8,8|8|8|3|8|8|8|8|7|8|8|8|8|8|8
15813,5,False,5,5,5,7|5|7|5|7|7|5|5|2|5|5|5|5|5|5
15818,5,True,4,15,4,4|9|4|4|4|4|4|4|4|9|9|4|4|9|4
15826,2,False,2,13,6,2|3|6|6|4|6|3|6|3|0|2|6|6|6|6
15833,9,True,7,10,7,7|9|7|7|7|7|9|9|9|7|7|7|7|7|9
15840,6,False,6,7,6,6|4|4|6|6|6|6|6|6|0|4|4|4|6|4
15861,0,True,1,12,1,1|1|1|1|1|1|1|1|0|1|1|0|1|1|0
15910,6,False,6,10,2,6|2|2|2|6|8|3|2|6|2|6|6|8|2|2
15912,8,True,7,15,7,7|7|7|7|7|7|7|7|7|7|7|7|7|7|9
15914,6,False,6,12,4,6|4|4|4|4|4|4|4|4|6|4|4|4|4|6
15916,4,True,6,2,4,6|4|6|4|4|4|4|4|4|4|4|4|4|4|4
15938,6,True,0,14,8,6|0|7|8|8|3|8|5|8|9|0|8|0|1|8
15983,2,True,5,14,5,7|2|5|5|5|7|1|5|7|5|5|5|5|1|1
15989,4,True,6,3,4,4|4|0|4|4|4|0|4|4|6|4|4|4|4|4
15990,7,False,7,0,7,7|7|7|7|7|7|7|7|7|7|7|7|7|7|7
15995,3,True,8,12,8,8|8|8|8|8|8|3|8|8|8|3|3|8|8|8
15998,7,True,1,8,1,7|1|7|7|1|1|1|1|1|1|7|7|7|1|7
16021,5,False,5,4,5,5|5|5|5|5|7|5|5|4|3|5|5|5|5|3
16022,5,True,9,2,5,5|5|5|5|5|5|5|5|9|5|9|5|5|5|5
16071,9,True,7,15,7,7|7|7|7|7|7|7|7|7|7|7|7|7|7|7
16121,9,True,4,15,4,4|4|4|4|4|0|4|6|4|7|6|6|4|4|4
16125,4,True,6,0,4,4|4|4|4|4|4|4|4|4|4|4|4|4|4|4
16145,7,False,7,9,9,9|9|9|7|9|2|7|9|2|7|7|9|7|7|9
16149,6,False,6,6,6,6|4|6|6|6|6|6|3|3|6|6|2|4|8|6
16153,9,True,7,14,7,7|7|7|7|7|7|7|7|9|7|7|7|7|7|7
16155,7,False,7,2,7,7|4|7|7|7|7|7|7|7|7|7|7|7|7|4
16156,7,True,1,12,1,1|7|1|1|7|1|1|1|1|1|1|7|1|1|1
16201,4,True,6,1,4,4|4|4|4|4|4|4|4|4|4|4|4|4|4|6
16212,7,False,7,1,7,7|7|7|7|7|7|7|7|7|3|7|7|7|7|7
16219,9,True,7,12,7,7|7|7|7|7|7|9|7|9|7|7|7|7|7|9
16222,0,True,2,15,4,4|4|4|4|4|4|4|9|9|2|4|4|4|4|4
16242,6,True,0,8,6,6|0|3|0|6|6|3|1|8|6|6|6|6|0|0
16243,2,True,9,12,9,7|2|9|9|9|7|5|9|9|9|2|2|9|9|9
16268,9,True,7,7,9,9|9|7|7|9|7|9|9|9|7|7|9|9|7|7
16275,3,True,2,15,4,2|4|9|4|4|4|4|6|4|0|4|4|4|4|2
16288,1,False,1,6,1,1|7|7|7|7|7|1|1|1|1|7|1|1|1|1
16313,2,True,3,13,3,6|3|2|3|3|3|3|3|2|7|6|6|3|3|6
16331,1,True,4,15,4,4|4|9|9|4|4|3|8|4|4|4|4|4|8|4
16335,5,True,9,1,5,5|5|5|5|5|5|5|5|9|5|5|5|5|5|5
16413,7,False,7,5,7,7|7|1|7|7|7|7|3|7|7|7|5|7|2|2
16417,7,True,5,9,5,7|6|1|5|7|5|7|7|5|5|5|7|5|5|7
16431,7,True,1,14,1,1|1|7|1|1|1|1|1|1|1|1|1|1|1|1
16455,1,True,8,13,8,8|8|8|1|8|8|8|1|8|8|8|8|8|8|8
16472,0,True,2,11,2,2|0|2|2|6|2|0|2|2|2|0|0|2|2|2
16521,5,False,5,9,7,7|7|5|7|5|7|7|5|5|7|7|5|7|5|2
16527,4,True,1,14,1,1|1|1|1|1|1|1|1|4|1|1|0|0|1|0
16545,3,True,8,15,8,8|8|8|8|8|8|8|8|8|8|8|8|8|8|8
16546,6,False,6,14,4,2|4|4|4|8|8|3|0|4|4|2|5|2|6|8
16548,9,False,9,12,5,5|5|5|5|5|5|5|9|9|9|5|5|5|5|5
16556,5,False,5,8,5,5|5|5|5|7|7|7|3|7|5|0|5|5|7|2
16565,1,False,1,11,7,7|7|7|7|7|1|7|7|1|1|7|7|7|1|7
16576,5,True,9,4,5,5|5|9|5|9|5|5|5|9|9|5|5|5|5|5
16585,6,True,2,13,4,3|2|2|9|2|4|4|6|9|6|4|4|4|3|4
16593,7,True,1,8,1,7|1|7|7|1|1|1|7|7|7|1|1|7|1|1
16624,4,False,4,5,4,4|4|4|4|0|4|0|1|9|4|4|4|4|4|9
16638,5,False,5,13,7,7|7|7|7|5|7|7|7|7|7|7|7|7|5|7
16648,0,True,2,6,0,2|0|0|0|2|0|0|0|2|0|0|0|2|2|2
16649,3,True,8,10,8,8|8|3|8|8|8|8|8|3|3|3|8|8|8|3
16652,2,False,2,12,4,2|4|6|4|4|8|4|2|2|8|4|4|4|8|4
16669,3,True,8,14,8,8|8|8|7|8|8|8|8|8|3|8|8|8|8|2
16674,0,True,2,6,0,0|0|0|0|2|2|8|0|2|2|0|0|2|0|0
16685,3,False,3,7,3,2|3|3|2|3|3|3|2|7|6|3|6|3|2|3
16697,5,True,9,8,5,5|5|5|5|9|2|5|9|9|2|9|2|5|9|5
16700,0,True,1,13,1,1|0|1|1|4|0|1|4|4|1|1|8|1|1|2
16711,7,False,7,2,7,7|7|7|7|7|7|7|9|7|2|7|7|7|7|7
16735,9,True,4,13,4,4|4|3|3|9|3|4|3|3|9|4|4|4|4|4
16740,6,True,0,2,6,6|6|6|6|6|6|6|6|6|0|6|6|6|6|0
16776,6,False,6,14,4,4|4|4|4|4|4|4|4|4|6|4|4|4|4|4
16779,6,True,2,12,6,1|6|7|1|6|2|6|0|7|8|4|5|8|2|5
16785,0,True,2,9,2,2|2|0|0|2|2|2|2|4|0|0|0|6|2|0
16791,8,False,8,4,8,8|8|8|7|7|8|7|8|8|8|8|8|7|8|8
16811,3,True,7,14,7,1|4|7|7|7|7|7|5|7|7|7|7|7|2|3
16820,3,True,8,9,8,8|3|8|3|3|3|3|8|8|8|3|7|8|8|8
16840,4,True,6,13,6,6|4|6|6|6|6|6|6|4|0|6|6|6|0|0
16856,1,False,1,0,1,1|1|1|1|1|1|1|1|1|1|1|1|1|1|1
16861,7,True,5,9,5,1|7|7|5|5|7|7|5|7|7|5|5|5|5|2
16882,8,False,8,2,8,8|7|8|8|9|8|8|8|8|8|8|8|8|8|8
16893,7,True,8,14,8,8|8|8|8|7|8|8|8|8|8|8|8|8|1|8
16899,2,False,2,9,2,2|2|6|0|6|2|4|2|4|6|0|2|6|4|2
16901,7,True,8,14,8,8|8|8|8|8|8|8|8|8|8|8|8|8|8|7
16934,5,True,9,4,5,5|9|5|5|5|5|5|1|9|9|5|5|5|5|5
16940,3,False,3,8,3,2|3|2|2|6|3|3|2|3|2|3|6|3|2|3
16943,0,False,0,15,6,6|4|6|4|6|6|6|6|6|6|6|6|6|6|6
16968,0,False,0,12,6,6|4|6|0|0|6|6|6|6|6|6|4|6|4|0
16992,4,False,4,3,4,4|4|9|4|9|4|4|9|4|4|4|4|4|4|4
17013,2,True,3,9,3,2|3|6|2|2|3|3|2|3|3|3|3|2|3|2
17031,3,True,8,14,8,8|8|8|8|3|8|8|8|8|4|8|8|8|8|8
17033,4,False,4,5,4,4|4|9|4|4|4|3|3|4|7|4|4|4|9|4
17048,6,True,0,13,0,2|4|0|0|0|0|0|2|6|0|6|0|0|2|2
17066,9,True,7,9,-1,7|9|7|7|7|1|3|9|9|9|9|5|7|7|9
17080,2,True,7,15,7,7|7|7|7|7|7|7|7|7|7|7|7|7|7|9
17121,6,True,0,4,6,6|6|6|6|6|6|6|6|6|0|6|0|0|0|6
17144,2,False,2,11,4,6|2|6|2|4|4|4|2|4|0|6|4|6|4|2
17159,8,False,8,4,8,8|8|3|8|6|8|8|8|8|8|4|4|8|8|8
17172,4,True,1,15,1,1|1|1|1|1|1|1|1|1|1|1|0|1|1|1
17173,6,True,9,15,5,5|5|5|5|9|5|5|9|9|5|5|5|5|5|9
17187,6,False,6,11,4,6|4|6|4|4|4|6|4|4|4|4|4|6|4|4
17245,7,True,1,7,7,7|1|7|1|7|1|7|7|1|7|1|7|7|1|1
17342,3,True,2,11,2,2|0|4|2|2|3|3|3|2|8|0|4|3|2|4
17344,5,False,5,11,7,7|7|7|7|7|5|7|7|7|7|7|5|7|5|5
17372,1,True,8,14,8,8|1|8|8|8|8|8|8|8|8|8|8|8|8|8
17378,6,True,0,5,6,6|6|6|0|6|6|0|6|6|6|0|0|6|0|6
17383,7,True,8,12,8,8|5|7|5|6|3|7|5|8|8|2|7|8|8|2
17436,9,False,9,13,5,5|5|5|5|5|5|5|9|9|7|5|5|5|5|5
17452,6,True,3,13,3,3|3|3|6|3|3|3|2|3|2|6|2|2|3|2
17507,7,True,1,14,1,1|1|1|1|1|1|1|1|1|1|1|1|7|1|1
17512,5,True,9,2,5,5|5|5|5|5|5|5|9|9|5|5|5|5|5|5
17525,0,True,2,13,2,2|2|2|2|2|2|0|2|2|2|4|2|2|2|0
17565,6,True,0,9,6,6|4|6|4|8|6|6|4|0|0|6|0|6|4|8
17568,9,True,4,11,4,4|9|9|4|4|4|6|9|9|4|4|0|4|4|4
17596,1,False,1,4,1,1|7|7|1|1|1|1|1|7|1|1|1|7|1|1
17607,9,True,4,12,4,4|0|9|4|9|0|4|8|4|9|4|4|4|0|4
17613,3,True,8,12,8,8|7|8|3|3|8|8|8|8|4|8|8|8|3|8
17621,7,False,7,7,7,5|7|9|7|7|7|7|9|9|9|7|7|7|9|9
17625,5,False,5,7,5,7|5|1|5|7|5|5|5|2|7|7|5|7|5|5
17667,0,True,2,10,2,2|2|2|0|0|5|2|1|0|3|0|2|2|0|4
17670,9,True,7,11,7,5|9|7|7|5|5|5|9|9|7|7|7|7|5|9
17675,9,True,4,12,4,4|4|4|3|9|4|4|9|9|3|4|4|3|0|4
17685,4,False,4,3,4,4|4|4|4|9|4|0|4|4|9|4|4|4|4|4
17695,3,False,3,9,2,2|2|3|2|3|3|3|2|3|2|3|2|2|2|2
17716,0,True,2,15,2,2|7|2|2|6|2|2|2|2|2|6|8|2|2|2
17739,3,True,8,11,8,8|8|3|3|8|3|8|8|3|1|8|8|8|6|8
17824,7,False,7,5,7,7|7|7|7|9|7|9|9|9|7|7|7|7|7|9
17835,3,True,8,14,8,3|8|8|8|8|8|8|8|8|8|8|8|8|8|8
17837,9,True,4,10,4,4|9|9|4|9|4|0|9|2|9|4|4|4|4|4
17848,0,False,0,13,6,6|0|6|6|6|6|6|6|0|6|6|6|6|6|6
17851,7,False,7,2,7,7|7|7|7|7|7|7|9|7|2|7|7|7|7|7
17864,1,False,1,12,2,2|6|3|3|2|3|1|1|1|2|3|2|3|2|2
17879,5,True,9,4,5,5|9|5|5|5|5|5|9|9|2|5|5|5|5|5
17883,7,False,7,4,7,7|7|7|7|7|7|9|1|3|4|7|7|7|7|7
17903,1,False,1,6,1,1|1|3|1|7|1|1|1|1|1|7|8|7|1|2
17909,9,True,4,13,4,4|4|4|4|4|3|3|9|9|4|4|4|4|4|4
17923,7,True,1,12,1,1|2|1|7|1|1|1|1|7|1|1|1|7|1|1
17930,6,True,0,2,6,6|6|6|6|0|6|6|6|4|6|6|6|6|6|6
17952,7,False,7,3,7,7|7|7|7|7|7|5|5|7|3|7|7|7|7|7
17957,4,False,4,2,4,9|4|4|4|4|4|4|4|4|9|4|4|4|4|4
17996,6,True,0,11,0,2|0|0|6|0|2|6|0|4|0|6|6|2|0|0
17999,6,False,6,0,6,6|6|6|6|6|6|6|6|6|6|6|6|6|6|6
18012,1,True,5,13,2,2|2|1|5|7|7|1|7|2|2|7|5|5|5|2
18044,2,True,3,8,3,2|2|3|2|2|3|3|3|2|3|3|2|3|3|2
18057,7,True,1,3,7,7|7|7|7|7|1|1|7|7|7|7|7|7|1|7
18072,0,True,2,14,6,2|8|0|4|6|6|6|6|2|2|6|6|6|8|2
18077,3,True,2,15,2,2|2|0|4|2|4|4|2|2|0|0|0|2|4|2
18084,2,False,2,13,0,0|0|2|0|0|0|0|0|0|0|0|0|0|0|2
18101,9,True,4,14,4,4|4|4|4|4|4|4|4|4|4|4|4|9|4|4
18110,6,True,0,7,6,6|6|6|6|6|3|3|0|3|6|0|0|6|6|8
18144,2,True,7,15,7,7|7|7|7|7|7|7|7|7|7|7|7|7|7|7
18157,9,True,4,15,4,4|6|4|4|2|4|7|2|4|0|6|0|0|4|4
18179,2,False,2,11,0,2|0|0|0|2|0|0|0|0|0|0|0|2|0|2
18233,1,True,5,14,5,7|7|1|5|5|5|7|7|7|5|5|5|5|5|5
18244,4,True,6,2,4,6|4|4|4|4|4|4|4|4|6|4|4|4|4|4
18254,9,True,4,10,4,4|2|9|4|4|3|3|9|9|9|4|4|2|9|4
18283,6,True,0,3,6,6|6|6|6|6|6|6|0|0|6|6|6|6|6|0
18297,6,False,6,2,6,6|4|6|6|6|6|6|6|6|0|6|6|6|6|6
18319,9,False,9,14,5,5|5|5|5|5|5|5|5|9|5|5|5|5|5|5
18337,0,True,1,11,1,1|1|1|1|1|1|1|1|1|0|0|0|8|1|0
18349,9,True,4,14,4,4|4|5|2|4|4|9|4|4|2|2|2|2|2|4
18358,4,False,4,10,4,4|9|3|2|2|4|8|9|4|9|4|9|6|8|4
18361,3,False,3,7,3,2|3|3|3|2|2|3|2|3|2|3|2|3|3|2
18372,6,False,6,15,4,4|4|4|4|4|4|4|4|4|4|4|4|4|4|4
18458,3,False,3,8,-1,3|3|3|2|2|3|0|2|3|2|2|2|3|3|2
18466,6,True,0,2,6,6|6|6|6|6|6|6|6|6|0|6|0|6|6|6
18486,7,True,5,5,7,7|0|7|7|5|7|5|7|7|5|7|7|7|7|5
18496,3,True,8,13,8,8|8|8|8|8|8|8|8|3|2|3|8|8|8|8
18503,4,False,4,0,4,4|4|4|4|4|4|4|4|4|4|4|4|4|4|4
18538,2,True,3,8,2,2|1|2|6|2|4|3|2|2|0|6|6|2|4|2
18552,6,False,6,15,8,8|8|9|7|8|8|8|1|8|8|8|8|8|8|9
18557,0,True,2,4,0,0|0|0|0|0|0|0|6|4|2|0|0|0|0|2
18566,2,True,3,2,2,2|2|2|2|2|2|3|2|2|2|3|2|2|2|2
18569,4,True,6,9,0,2|4|2|0|0|4|0|4|4|4|0|0|4|0|0
18572,3,False,3,14,1,1|1|6|7|3|5|2|8|7|6|1|7|1|6|2
18582,6,False,6,12,4,2|4|4|6|0|4|0|6|4|0|6|2|4|4|4
18591,7,False,7,3,7,7|7|7|7|7|7|7|9|9|7|7|7|7|2|7
18651,6,True,0,1,6,6|6|6|6|6|6|6|6|6|0|6|6|6|6|6
18652,2,True,7,15,7,7|7|7|7|7|7|7|7|7|7|7|7|7|7|7
18666,1,True,5,15,5,7|7|5|7|7|7|5|5|7|5|5|5|5|5|5
18682,9,False,9,15,5,5|5|5|5|5|5|5|5|5|5|5|5|5|5|5
18692,4,False,4,1,4,4|4|4|4|4|4|4|2|4|4|4|4|4|4|4
18706,4,True,6,2,4,6|4|4|4|4|4|4|4|4|6|4|4|4|4|4
18708,0,True,2,9,0,0|0|9|4|0|0|8|1|4|8|0|0|4|8|4
18711,9,True,7,12,7,7|7|9|7|9|7|7|9|7|7|7|2|7|5|8
18724,7,True,5,10,5,7|2|5|5|5|7|5|5|7|5|5|5|7|5|7
18732,5,True,9,8,7,7|5|5|5|7|7|7|5|7|7|5|7|7|5|5
18762,1,False,1,2,1,1|1|1|1|1|1|1|1|1|0|0|1|1|1|1
18780,7,True,8,9,8,7|1|7|7|7|8|8|8|8|7|8|8|8|8|7
18805,8,False,8,1,8,8|8|8|8|3|8|8|8|8|8|8|8|8|8|8
18821,3,False,3,10,2,2|2|2|2|9|3|3|9|3|3|4|2|4|3|2
18830,2,False,2,13,4,4|4|9|9|2|4|3|9|9|2|4|4|4|4|4
18833,5,False,5,8,-1,1|5|5|1|1|1|1|5|1|5|5|5|3|5|1
18885,6,False,6,15,4,2|4|5|0|0|4|4|4|4|0|4|4|4|0|4
18889,2,True,3,5,2,2|2|3|2|2|3|3|2|3|2|3|2|2|2|2
18895,0,True,2,3,0,2|0|0|0|0|0|0|0|4|0|0|0|0|2|0
18908,3,False,3,11,3,3|8|3|6|4|8|8|0|2|0|3|6|0|3|2
18922,3,False,3,9,3,2|3|3|6|2|3|3|0|6|3|6|2|0|3|2
18923,0,False,0,11,6,6|0|6|6|6|6|6|6|6|6|0|0|6|0|6
18939,3,True,4,15,4,4|9|9|9|4|4|4|9|4|6|4|4|4|8|9
18953,9,True,4,13,4,4|9|4|4|4|4|4|4|9|4|4|4|4|4|4
18978,0,True,2,5,0,0|2|2|0|0|0|0|2|0|2|2|0|0|0|0
18985,5,False,5,4,5,5|9|5|9|9|5|5|5|9|5|5|5|5|5|5
18990,4,True,6,0,4,4|4|4|4|4|4|4|4|4|4|4|4|4|4|4
18992,4,True,6,6,4,2|4|4|4|4|4|0|4|4|0|2|6|6|4|4
18995,6,False,6,9,6,6|8|4|6|4|4|4|6|2|6|6|4|6|3|5
19094,9,False,9,10,5,5|5|5|5|9|5|5|9|9|5|5|9|5|9|5
19114,9,False,9,11,-1,5|9|9|7|5|7|5|7|7|7|9|5|5|9|2
19125,1,False,1,2,1,2|1|1|1|1|7|1|1|1|1|1|1|1|1|1
19130,6,False,6,3,6,6|6|6|0|6|6|6|6|6|0|6|6|6|6|2
19142,2,False,2,9,0,2|2|2|0|0|8|3|2|0|2|0|0|0|0|2
19155,9,True,7,14,7,7|7|7|7|7|7|7|7|7|7|7|7|7|7|9
19170,2,True,3,11,3,3|3|2|2|3|3|3|3|3|2|3|2|3|3|3
19199,4,True,1,15,1,1|1|1|7|1|1|1|1|1|1|1|0|1|1|1
19204,1,True,5,11,5,1|1|5|5|5|1|5|5|2|1|5|5|5|5|2
19209,9,True,8,13,8,8|8|9|8|8|8|8|8|8|9|8|8|8|8|8
19214,3,True,8,13,8,8|8|8|8|8|8|8|8|3|3|8|8|8|8|8
19220,3,False,3,5,3,2|3|3|3|6|3|3|3|3|2|3|2|3|3|2
19231,2,False,2,14,4,4|9|4|4|9|4|0|9|4|0|4|4|2|4|4
19235,9,True,8,15,8,8|8|8|8|2|8|2|8|8|8|8|8|8|8|2
19236,2,True,3,13,3,2|3|3|3|3|3|3|2|3|3|3|0|3|3|3
19241,1,True,3,15,4,2|4|2|4|2|0|7|3|4|0|4|4|4|0|4
19268,6,True,0,15,4,9|3|4|2|4|4|4|2|4|3|4|0|0|3|8
19270,1,True,5,12,5,5|5|1|5|7|1|5|5|3|5|5|5|1|5|5
19287,5,False,5,6,5,5|8|5|5|5|3|1|1|2|5|5|5|5|5|1
19296,6,True,0,4,6,6|6|6|6|6|6|0|6|6|0|6|0|6|0|6
19304,9,True,4,13,4,4|4|4|2|4|4|0|0|4|9|4|4|9|4|4
19317,2,False,2,7,2,2|9|6|4|2|2|9|2|4|2|2|4|2|4|2
19351,0,False,0,15,6,7|5|2|6|8|3|5|7|7|3|6|6|8|6|6
19356,6,True,7,15,5,5|9|5|7|9|5|5|5|9|7|9|5|5|5|5
19399,2,False,2,6,2,2|4|2|2|2|4|8|2|2|2|0|0|6|2|2
19408,9,False,9,15,5,5|5|5|5|5|5|5|5|5|5|5|5|5|5|5
19421,2,False,2,14,-1,6|6|3|6|2|6|3|9|4|4|4|6|4|4|9
19436,1,False,1,9,0,1|0|2|0|6|1|1|0|0|0|0|0|1|1|1
19445,1,False,1,2,1,1|0|1|1|1|1|0|1|1|1|1|1|1|1|1
19459,9,True,7,14,7,9|7|7|7|7|7|7|7|7|7|7|7|7|7|7
19474,6,True,3,15,3,2|2|2|3|3|3|3|3|3|3|3|2|2|3|2
19488,2,True,7,15,7,7|7|7|7|7|7|7|7|7|7|7|7|7|7|7
19490,4,False,4,10,4,4|4|2|0|4|4|9|9|4|2|2|0|2|9|0
19499,2,False,2,12,0,4|8|0|0|4|6|4|6|2|6|0|2|0|0|2
19500,4,False,4,5,4,4|9|4|4|2|4|2|4|4|9|4|4|4|0|4
19511,9,True,4,7,9,4|9|9|9|4|4|9|9|4|9|4|4|4|9|9
19538,3,True,7,15,7,1|7|7|7|7|7|7|9|7|7|7|7|7|2|2
19542,6,True,0,2,6,6|6|6|6|0|6|6|6|6|6|6|4|6|6|6
19543,0,True,2,6,0,0|0|4|0|0|0|0|0|4|4|0|0|6|4|4
19554,6,True,3,11,3,3|3|3|6|1|3|3|6|7|6|3|6|3|3|2
19590,7,True,8,15,8,9|8|8|8|8|8|8|8|8|8|8|8|8|1|8
19593,8,True,6,14,-1,6|6|6|6|0|4|6|4|2|6|4|4|4|4|8
19598,4,True,6,7,4,4|4|3|6|4|4|1|4|4|0|6|4|6|4|6
19606,1,False,1,2,1,1|1|1|1|1|1|1|1|1|1|1|0|0|1|1
19618,6,False,6,11,4,2|4|4|4|6|6|6|4|2|4|4|4|6|0|0
19645,1,False,1,8,1,1|7|3|7|1|1|1|1|7|7|1|0|7|1|7
19667,5,True,9,1,5,5|5|5|5|5|5|5|5|9|5|5|5|5|5|5
19710,0,True,1,15,1,1|1|1|1|6|1|1|1|1|1|1|1|1|1|1
19762,8,False,8,0,8,8|8|8|8|8|8|8|8|8|8|8|8|8|8|8
19764,4,True,6,3,4,4|4|6|6|4|4|4|4|4|4|4|4|6|4|4
19784,3,True,7,15,7,7|7|7|7|7|7|7|2|7|7|7|7|7|7|2
19820,6,True,3,15,3,2|3|3|3|3|3|3|3|3|2|3|2|2|2|2
19833,6,True,0,1,6,6|6|6|6|6|6|6|6|6|6|6|0|6|6|6
19836,9,True,6,13,8,4|9|8|8|4|8|3|8|8|8|8|4|8|8|9
19874,6,True,0,3,6,6|6|6|6|6|6|6|0|6|6|6|0|6|0|6
19880,1,False,1,6,1,7|7|1|1|7|1|1|1|1|1|7|7|7|1|1
19946,8,False,8,2,8,8|8|8|8|3|8|8|8|8|8|3|8|8|8|8
19955,4,False,4,12,0,0|2|0|9|9|4|9|0|2|0|2|4|4|9|0
19983,2,True,5,14,7,7|5|5|7|7|1|1|5|2|7|7|7|7|5|1
20023,0,True,2,10,-1,4|2|9|0|0|4|6|6|4|0|0|0|4|9|4
20051,7,True,8,15,8,8|8|8|8|8|8|8|8|8|8|8|8|8|8|8
20097,2,True,3,10,3,2|2|3|3|2|3|3|3|3|5|3|2|3|2|3
20127,4,False,4,9,9,4|4|9|9|9|4|9|9|9|9|4|4|9|9|4
20146,0,False,0,8,6,6|6|6|0|6|0|6|0|6|0|0|0|6|0|6
20151,6,True,0,4,6,6|0|6|6|6|6|6|6|0|0|6|6|6|6|0
20158,4,False,4,12,2,2|4|1|2|4|2|8|3|2|2|8|4|3|0|2
20171,6,True,1,15,1,7|1|1|1|1|1|1|1|7|1|1|1|7|1|1
20180,6,False,6,2,6,6|6|6|0|6|6|6|6|6|6|6|0|6|6|6
20214,0,True,1,14,1,1|1|1|1|1|1|1|1|1|1|1|0|1|1|1
20240,4,True,6,10,4,2|2|4|6|8|5|4|6|2|4|6|2|4|8|4
20247,6,True,0,1,6,6|6|6|6|6|6|6|6|6|6|6|6|6|6|0
20259,3,True,8,14,8,8|8|8|8|8|8|8|8|8|3|8|8|8|8|8
20264,5,True,9,2,5,5|5|5|5|5|5|5|5|9|9|5|5|5|5|5
20267,7,False,7,3,7,7|9|7|7|7|7|7|7|9|7|7|7|7|7|9
20277,3,True,7,15,7,7|7|7|7|7|5|9|4|7|7|7|7|7|7|7
20282,3,False,3,13,-1,6|6|6|2|6|3|3|2|4|6|2|2|6|2|2
20312,2,True,5,15,5,7|5|5|7|5|5|7|5|7|7|7|7|5|5|5
20318,1,False,1,5,1,1|7|7|1|7|1|1|1|1|1|1|5|7|1|1
20333,0,True,2,14,-1,2|8|2|2|8|4|8|3|8|2|4|2|0|8|4
20376,2,True,3,9,2,2|6|6|2|2|2|6|3|4|3|6|6|3|2|2
20388,7,True,5,11,5,7|5|5|5|7|5|7|5|7|5|5|5|5|5|5
20447,7,True,5,9,5,7|1|7|7|7|7|5|5|7|5|5|5|5|5|2
20456,1,True,8,15,8,8|8|8|8|8|8|3|8|8|8|8|8|8|8|8
20461,2,False,2,10,2,2|9|8|2|6|2|3|9|2|8|8|6|0|4|2
20465,1,True,5,12,5,7|5|5|5|5|1|1|1|2|4|5|5|5|5|5
20473,1,True,8,15,8,8|8|8|8|8|8|8|8|8|5|8|8|8|8|8
20489,6,False,6,9,-1,7|6|6|6|8|4|7|8|6|8|6|8|8|8|6
20506,2,True,3,9,3,3|2|3|2|2|3|3|3|3|2|3|2|3|3|2
20513,4,True,6,2,4,6|4|4|4|2|4|4|4|4|4|4|4|4|4|4
20545,9,True,4,10,4,9|4|4|4|9|4|3|9|9|9|4|4|4|4|4
20569,0,True,2,6,0,2|0|2|0|2|2|0|0|0|0|0|0|2|0|2
20608,8,False,8,2,8,8|8|8|8|8|8|8|8|8|7|8|8|7|8|8
20634,2,True,5,13,5,7|3|1|5|5|7|7|5|7|5|5|5|2|7|2
20645,9,False,9,12,7,7|7|9|7|7|7|7|7|9|7|7|7|7|5|9
20660,9,False,9,14,5,5|5|5|5|5|5|5|9|5|5|5|5|5|5|5
20668,6,True,0,8,-1,6|4|4|6|2|4|6|4|4|6|4|4|6|6|6
20670,1,True,5,12,7,2|1|2|7|5|1|7|1|2|5|7|5|7|7|5
20672,1,True,8,12,8,8|1|8|8|8|8|1|8|8|1|8|8|8|8|8
20693,4,True,6,10,-1,6|2|2|4|9|4|3|8|4|2|4|2|3|4|2
20697,4,True,6,13,6,6|4|6|0|6|6|6|6|6|0|6|6|6|6|4
20698,8,False,8,4,8,8|8|8|8|8|4|8|4|8|0|8|8|8|8|7
20703,6,True,5,15,7,2|3|7|7|5|7|7|5|7|5|5|5|7|7|5
20721,5,True,9,3,5,5|5|5|5|5|5|5|9|9|9|5|5|5|5|5
20742,7,False,7,3,7,7|7|7|7|7|7|4|7|7|7|7|4|7|7|4
20756,1,True,3,14,2,2|2|6|2|0|5|2|7|7|6|0|0|2|1|3
20800,3,True,2,15,4,4|0|2|9|9|0|8|4|4|6|4|4|4|8|4
20809,0,True,1,10,-1,2|0|2|2|2|0|8|0|4|0|4|0|2|1|1
20851,0,True,2,11,2,2|2|0|2|2|2|0|4|4|0|2|0|2|2|2
20855,6,True,0,5,6,0|6|6|6|6|6|6|6|6|0|0|0|6|6|0
20856,3,False,3,8,3,6|2|6|3|3|2|3|6|3|7|3|6|3|3|6
20870,6,False,6,3,6,6|6|6|6|6|4|6|6|6|1|6|6|6|6|2
20872,4,True,6,8,4,2|8|0|4|2|2|4|2|4|0|4|4|4|8|4
20905,4,True,1,15,1,1|1|1|1|1|1|1|1|1|1|1|1|7|1|1
20910,3,False,3,10,2,2|2|2|2|7|3|3|2|3|2|6|2|4|3|3
20918,4,False,4,5,4,4|4|0|4|9|4|4|6|4|0|4|4|6|4|4
20924,9,True,4,13,4,9|4|4|4|4|4|3|4|4|4|4|4|4|9|4
20926,3,False,3,9,2,3|2|2|3|2|3|3|2|2|2|3|2|3|2|2
20945,0,True,1,11,1,1|1|1|0|1|1|0|1|1|1|0|0|8|1|1
20968,9,True,8,12,8,8|9|4|8|3|8|9|8|8|2|4|4|8|4|9
20991,2,True,3,13,3,6|3|3|3|3|3|3|3|3|6|6|2|3|3|2
21055,0,True,2,7,0,0|2|0|0|0|0|7|2|2|6|0|0|2|0|2
21060,7,False,7,1,7,7|7|7|7|7|7|7|7|9|7|7|7|7|7|7
21091,9,True,8,15,8,8|8|8|8|8|8|8|8|3|8|8|8|8|8|3
21105,3,True,8,14,8,8|8|8|8|8|8|8|8|8|8|8|8|8|8|3
21111,4,True,1,15,1,1|1|1|0|1|1|1|1|1|1|1|1|1|1|1
21119,0,True,1,12,3,2|1|3|0|6|3|3|3|3|3|1|0|0|3|2
21132,9,True,6,15,6,6|4|6|6|2|8|4|6|6|4|6|6|4|6|4
21150,1,True,5,14,5,7|1|5|5|5|7|5|5|7|5|5|5|5|5|7
21173,5,True,9,1,5,5|5|5|5|5|5|5|9|5|5|5|5|5|5|5
21179,1,True,8,15,7,7|8|7|7|7|8|8|7|8|7|7|7|8|8|3
21180,8,False,8,3,8,7|8|7|8|8|8|8|8|8|5|8|8|8|8|8
21194,2,False,2,10,0,2|0|0|0|0|2|0|0|2|2|0|0|2|0|0
21221,2,False,2,11,4,4|2|4|4|2|4|4|9|2|0|4|2|4|3|4
21228,9,True,4,13,4,9|4|8|4|6|3|8|9|2|8|4|4|6|8|4
21231,6,True,9,15,5,5|5|5|5|5|5|5|5|9|5|5|5|5|5|5
21232,3,False,3,8,-1,6|2|3|2|3|3|3|2|3|2|2|2|3|3|2
21257,6,True,0,8,6,6|0|0|2|6|6|0|6|0|6|0|0|6|2|6
21260,1,False,1,1,1,1|1|1|1|1|1|1|0|1|1|1|1|1|1|1
21284,2,True,7,15,7,7|7|7|7|7|7|7|7|7|7|7|7|7|7|7
21293,1,False,1,1,1,1|1|1|1|1|1|1|1|1|1|1|1|4|1|1
21313,9,True,8,14,8,8|8|9|8|8|8|8|8|3|8|8|8|8|8|8
21343,2,False,2,11,4,0|9|4|8|2|5|2|9|4|0|4|4|2|2|4
21351,5,False,5,7,5,1|7|5|5|5|7|5|5|0|7|7|7|5|5|5
21368,1,False,1,6,1,1|1|1|1|6|1|1|1|2|1|0|0|3|0|1
21414,3,False,3,10,2,2|6|2|2|6|3|3|2|2|3|6|2|3|3|2
21442,9,False,9,13,5,5|5|5|5|5|5|5|5|9|5|9|5|5|5|5
21462,6,False,6,13,4,4|4|4|4|4|4|3|6|4|4|4|4|4|4|6
21463,4,True,6,2,4,4|4|4|4|4|4|6|4|4|4|6|4|4|4|4
21503,2,False,2,11,0,2|0|0|0|2|2|0|0|4|0|0|0|2|0|0
21507,9,True,4,14,2,4|4|2|6|2|0|9|1|2|3|2|2|2|6|4
21509,1,True,8,14,8,8|8|9|8|8|8|8|1|8|8|8|8|8|8|8
21510,9,False,9,15,5,5|5|5|5|5|5|5|5|5|5|5|5|5|5|5
21530,2,True,7,15,7,7|7|7|7|7|7|7|7|7|7|7|9|7|7|7
21553,6,True,0,3,6,6|6|6|6|6|6|6|6|6|0|0|0|6|6|6
21558,5,True,9,7,5,5|9|9|9|9|5|5|9|9|9|5|5|5|5|5
21587,3,False,3,6,3,6|3|3|3|2|3|3|3|3|3|6|2|3|2|2
21592,2,False,2,8,2,2|2|3|3|2|8|3|9|3|2|6|2|2|8|2
21647,8,False,8,0,8,8|8|8|8|8|8|8|8|8|8|8|8|8|8|8
21653,2,True,7,10,7,7|2|5|2|7|7|7|2|2|7|7|5|3|7|2
21663,7,True,5,7,7,7|5|5|7|7|7|7|5|5|7|5|7|7|5|5
21683,1,False,1,7,1,7|1|7|7|1|7|1|4|2|1|1|7|1|1|1
21686,3,True,2,13,4,9|9|3|9|2|4|4|4|4|3|4|4|4|4|4
21706,5,True,9,3,5,5|5|5|9|5|5|5|5|9|9|5|5|5|5|5
21727,6,True,3,14,3,2|1|3|2|3|3|3|3|3|8|6|2|8|3|3
21732,6,False,6,15,8,8|8|8|8|4|8|8|8|8|8|8|8|8|8|8
21744,2,False,2,11,6,2|4|3|2|6|6|3|6|2|2|6|4|6|4|4
21745,2,False,2,2,2,2|2|2|2|9|2|3|2|2|2|2|2|2|2|2
21748,6,True,0,8,0,0|6|6|6|0|6|6|0|6|0|6|0|0|0|0
21750,6,True,0,4,6,6|6|6|0|6|6|0|6|6|6|6|0|6|6|0
21759,7,False,7,3,7,7|7|5|7|7|7|7|7|7|2|7|4|7|7|7
21782,6,True,3,12,3,3|3|3|3|6|3|3|3|3|3|6|6|3|2|3
21785,0,True,1,14,1,1|1|1|1|1|1|1|1|1|0|1|1|7|1|1
21791,2,True,9,14,5,7|2|9|5|5|5|5|9|9|3|7|5|9|5|5
21840,5,False,5,8,-1,7|5|5|7|5|7|7|7|7|1|5|7|5|5|5
21855,5,True,4,15,4,4|4|4|0|4|4|4|9|9|4|4|4|3|4|4
21887,7,True,8,15,6,6|6|2|6|4|4|0|6|6|0|8|6|8|8|6
21888,0,False,0,11,6,6|6|6|6|6|6|6|6|6|6|0|0|6|0|0
21925,7,True,1,11,1,1|1|1|1|7|1|7|1|1|1|1|7|7|1|1
21931,6,True,0,2,6,6|6|6|6|6|6|6|0|6|6|6|0|6|6|6
21940,0,True,2,15,4,4|4|4|4|2|4|6|6|4|2|4|4|6|4|9
21973,3,False,3,3,3,3|3|3|3|3|3|3|3|2|2|3|6|3|3|3
21991,3,False,3,13,4,3|4|4|6|2|3|4|4|4|2|4|4|6|6|6
22003,5,True,9,4,5,5|8|5|5|2|5|8|5|9|5|5|5|5|5|5
22009,0,False,0,11,6,6|6|6|6|6|6|0|6|6|6|0|0|6|0|6
22010,5,True,4,15,-1,6|8|4|7|6|6|8|3|4|8|4|2|6|4|0
22027,0,True,1,15,7,7|7|7|1|1|1|7|1|7|7|1|7|7|1|1
22036,1,False,1,2,1,7|1|1|1|1|1|7|1|1|1|1|1|1|1|1
22056,3,True,2,13,2,8|2|2|2|6|2|3|3|2|8|2|2|0|4|4
22089,4,False,4,5,4,4|4|4|9|9|4|3|9|9|4|4|4|4|4|4
22097,2,True,5,15,5,9|9|5|5|5|3|7|9|9|7|5|5|5|5|5
22106,6,True,0,11,-1,2|4|2|6|2|4|0|2|0|6|6|6|3|0|4
22194,1,False,1,1,1,1|1|1|1|7|1|1|1|1|1|1|1|1|1|1
22196,8,False,8,4,8,8|8|1|8|1|8|8|8|1|1|8|8|8|8|8
22208,4,True,6,1,4,4|4|4|4|4|4|4|4|4|9|4|4|4|4|4
22217,1,True,8,15,8,8|8|8|8|8|8|8|8|8|0|6|6|8|8|9
22245,4,True,6,9,4,2|4|2|0|2|4|0|4|4|0|6|4|0|4|0
22248,0,True,1,11,1,1|1|1|0|1|1|0|1|1|1|0|0|1|1|1
22272,6,True,3,13,3,6|3|3|3|3|3|3|3|3|6|3|3|3|3|3
22277,3,True,5,14,5,7|5|5|5|9|3|1|1|7|5|1|5|5|5|2
22293,1,True,5,14,5,5|3|7|5|7|7|5|1|7|7|5|5|5|5|5
22297,6,False,6,15,0,2|0|5|9|0|2|0|4|4|0|0|0|4|0|4
22324,0,True,1,12,1,1|1|1|1|1|1|1|1|1|0|0|1|0|1|1
22340,9,True,4,7,9,4|6|9|9|9|4|9|9|9|9|4|4|4|4|9
22360,8,False,8,13,4,4|4|9|9|4|8|3|4|4|8|4|4|4|4|9
22370,9,False,9,7,9,5|2|9|9|9|7|9|9|9|7|9|8|7|2|9
22387,3,True,4,15,4,9|4|9|4|9|4|4|9|9|9|4|4|4|4|9
22394,9,True,7,15,7,7|7|7|7|7|7|7|7|7|7|7|7|7|7|7
22397,9,True,4,8,4,4|4|9|4|9|4|9|9|9|9|4|4|4|4|9
22407,0,True,2,15,2,2|2|3|2|2|4|3|4|2|2|2|2|2|8|9
22410,4,True,6,10,6,6|6|3|2|4|4|4|6|4|6|6|6|6|4|6
22445,3,True,5,15,5,5|5|1|5|5|5|5|1|7|5|5|5|5|5|5
22475,2,False,2,12,0,6|7|2|0|2|6|0|0|4|0|0|2|0|8|6
22478,4,False,4,6,4,9|4|9|4|9|4|9|9|8|4|4|4|4|4|4
22489,2,False,2,14,4,4|4|3|2|4|4|3|6|9|3|4|4|4|4|4
22500,0,False,0,13,6,6|6|6|6|6|6|6|6|6|6|0|0|6|6|6
22548,3,False,3,12,6,6|4|3|2|2|6|6|0|7|0|6|6|3|2|3
22561,8,True,7,15,7,5|9|7|7|7|7|5|7|7|5|7|7|7|5|7
22583,6,True,0,10,0,6|0|6|0|0|0|0|6|0|0|0|0|6|0|6
22586,6,False,6,14,4,4|4|4|4|4|4|6|4|4|4|4|4|4|4|4
22621,9,True,6,15,6,6|6|6|6|0|6|6|6|6|6|6|6|6|3|6
22633,8,False,8,7,8,7|8|8|7|8|7|7|8|8|7|8|6|7|8|8
22646,0,True,2,6,0,2|0|0|0|0|0|8|2|0|0|0|0|2|2|2
22657,5,False,5,5,5,1|5|5|5|5|7|5|5|7|3|5|5|5|5|2
22672,9,True,7,13,7,7|7|7|7|7|7|7|7|9|7|7|7|7|9|7
22677,9,False,9,14,5,5|5|5|5|5|5|5|5|9|5|5|5|5|5|5
22697,2,False,2,12,0,0|2|2|0|4|0|7|0|4|0|0|0|2|0|4
22702,2,True,9,15,5,5|5|5|5|5|5|5|5|9|5|5|5|5|5|5
22707,8,False,8,3,8,8|8|8|8|7|8|1|8|8|7|8|8|8|8|8
22710,7,True,5,8,5,7|5|7|7|7|7|5|5|5|5|7|7|5|5|5
22713,9,True,7,13,7,7|9|7|7|7|7|7|9|7|7|7|7|7|7|7
22719,9,True,4,15,6,4|6|4|4|2|4|4|6|4|6|2|6|6|6|6
22726,6,True,3,13,3,2|2|3|2|6|3|3|3|2|3|6|2|3|3|2
22735,7,True,8,14,8,8|8|8|7|8|8|8|8|8|8|8|8|8|2|8
22745,5,True,9,2,5,5|5|5|5|5|5|5|9|9|5|5|5|5|5|5
22747,5,True,9,2,5,9|5|5|5|5|5|5|5|9|5|5|5|5|5|5
22807,6,False,6,14,4,4|8|4|4|2|4|6|2|4|0|4|4|4|4|4
22830,9,True,4,6,9,9|4|9|4|4|4|9|9|9|9|4|4|9|9|9
22842,2,True,7,14,7,7|9|7|7|7|7|7|9|7|2|7|7|7|7|7
22844,5,False,5,10,7,7|7|7|7|5|7|7|5|7|7|5|7|7|5|5
22851,1,False,1,2,1,1|1|1|1|7|1|1|1|1|1|1|1|8|1|1
22875,2,False,2,14,4,9|4|4|4|4|4|3|2|4|9|4|4|4|4|4
22877,9,True,4,10,4,4|4|4|4|9|4|9|9|4|9|4|4|4|9|4
22882,7,False,7,2,7,7|7|7|7|7|7|9|7|7|9|7|7|7|7|7
22912,7,False,7,7,7,5|7|7|7|7|2|7|7|9|7|9|5|7|5|1
22919,2,True,5,9,5,2|5|5|2|5|5|5|7|2|2|5|5|2|5|2
22928,6,False,6,5,6,6|4|6|4|6|6|6|6|6|6|6|0|6|4|4
22960,4,True,6,8,4,4|6|4|4|4|4|1|4|4|8|6|6|3|0|2
22961,2,False,2,9,0,2|0|0|0|0|2|2|2|0|0|0|0|2|2|4
22968,1,False,1,1,1,1|1|1|1|1|1|1|1|1|1|1|0|1|1|1
22970,2,True,5,13,7,7|5|7|2|5|7|7|3|2|7|5|5|5|1|7
22975,2,True,3,8,3,3|2|3|3|2|2|3|2|3|2|3|2|3|3|2
22995,4,True,6,4,4,4|9|0|4|9|4|4|4|4|4|4|4|6|4|4
23036,8,False,8,3,8,8|8|8|8|8|8|8|3|8|8|8|2|8|8|3
23053,5,True,6,15,2,2|0|0|0|2|2|8|2|4|2|0|0|2|2|0
23056,5,True,9,2,5,5|5|5|5|5|5|5|9|5|9|5|5|5|5|5
23064,9,True,7,14,7,7|5|7|7|7|7|7|7|9|7|7|7|7|5|7
23065,9,False,9,13,5,5|5|5|5|5|5|5|9|9|5|5|5|5|5|5
23068,1,False,1,13,0,2|0|5|0|0|0|1|1|0|0|0|4|0|0|0
23083,9,False,9,13,5,5|2|2|7|9|5|5|9|5|5|5|5|5|5|5
23095,4,False,4,2,4,4|4|4|4|4|4|3|9|4|4|4|4|4|4|4
23111,7,False,7,1,7,7|9|7|7|7|7|7|7|7|7|7|7|7|7|7
23124,5,False,5,9,5,7|2|2|5|5|7|1|2|2|5|7|5|5|5|2
23134,7,True,1,14,1,1|1|1|7|1|1|1|1|1|1|1|0|1|1|1
23139,7,False,7,0,7,7|7|7|7|7|7|7|7|7|7|7|7|7|7|7
23152,4,True,6,3,4,4|4|4|2|4|4|3|6|4|4|4|4|4|4|4
23179,9,True,4,12,4,4|9|4|4|4|4|9|4|4|4|4|4|4|4|9
23197,6,True,0,2,6,6|6|6|6|6|6|6|6|6|6|6|0|6|3|6
23207,0,True,2,14,2,2|1|2|2|2|2|8|2|2|2|0|2|8|2|2
23221,4,False,4,14,3,3|3|3|2|6|6|4|6|2|3|3|6|3|3|8
23235,9,True,4,13,4,4|4|4|9|4|4|9|4|4|2|4|4|4|4|4
23280,2,True,5,9,5,2|2|5|2|5|5|7|2|2|2|5|5|5|7|5
23296,6,True,3,15,4,4|4|4|4|4|4|4|2|4|2|4|4|0|4|4
23302,4,True,1,14,1,7|1|1|1|1|1|1|1|1|1|1|1|4|1|1
23315,1,True,8,15,8,2|8|8|8|0|8|8|8|8|8|8|8|8|8|9
23341,4,True,6,2,4,4|6|4|4|4|4|4|4|4|6|4|4|4|4|4
23376,7,True,8,15,8,8|8|8|8|8|8|8|8|8|8|8|8|8|8|8
23378,1,False,1,2,1,1|1|1|1|1|1|1|1|1|1|1|0|0|1|1
23402,5,False,5,6,5,2|5|1|5|5|7|5|3|7|5|5|5|7|5|5
23409,9,False,9,12,5,5|5|5|5|9|5|5|5|9|5|5|5|5|5|9
23418,7,False,7,1,7,7|7|7|7|7|7|7|9|7|7|7|7|7|7|7
23436,9,True,4,14,4,4|9|4|2|4|6|4|4|4|4|4|4|4|4|4
23438,2,False,2,3,2,2|2|2|2|2|2|4|2|4|2|2|2|2|2|4
23440,1,False,1,1,1,1|7|1|1|1|1|1|1|1|1|1|1|1|1|1
23470,6,True,3,13,3,6|3|3|3|2|3|3|3|3|2|6|2|3|2|2
23472,6,True,0,2,6,6|6|6|0|6|6|6|6|6|6|6|6|6|0|6
23478,2,False,2,15,4,4|4|4|4|4|4|4|9|4|4|4|4|4|4|4
23524,6,True,1,15,1,1|1|1|1|1|1|1|1|1|1|1|1|1|1|1
23538,3,False,3,7,3,2|3|2|2|2|3|3|3|3|3|2|2|3|3|2
23550,7,False,7,2,7,7|7|7|7|7|7|7|9|9|7|7|7|7|7|7
23556,4,True,6,12,2,2|0|0|2|2|4|3|2|2|0|4|4|2|2|2
23564,8,True,3,15,3,2|3|3|2|2|3|3|3|3|2|3|2|3|2|3
23567,9,True,8,15,8,4|8|8|8|4|8|1|1|8|7|0|8|8|8|8
23578,9,True,6,15,2,1|2|6|6|2|3|3|1|2|3|0|8|2|5|2
23613,8,False,8,4,8,8|8|8|8|3|8|6|4|8|8|8|8|4|8|8
23624,5,True,9,2,5,5|5|5|5|5|5|5|9|9|5|5|5|5|5|5
23643,2,True,3,9,2,2|2|3|2|1|3|8|6|2|1|3|2|2|1|4
23651,3,False,3,8,3,3|6|3|2|3|6|3|3|2|0|3|2|0|3|6
23660,6,True,0,3,6,6|6|8|6|6|6|6|6|6|0|6|4|6|6|6
23669,9,False,9,10,5,5|9|5|5|5|5|5|5|9|9|5|5|9|5|9
23707,7,False,7,2,7,7|7|7|7|7|7|7|9|2|7|7|7|7|7|7
23721,9,True,4,10,-1,4|9|4|2|4|2|0|9|2|9|4|4|2|9|9
23750,6,True,1,15,7,1|7|7|7|7|7|7|1|7|1|7|1|7|1|1
23757,6,True,3,15,2,2|3|3|3|2|3|3|2|2|3|2|2|3|2|2
23760,2,True,9,14,5,5|2|9|9|9|5|5|7|9|5|5|5|5|5|5
23815,4,False,4,10,9,9|9|9|9|9|4|9|9|9|9|4|4|4|9|4
23827,0,True,1,14,1,1|1|1|1|1|1|1|1|1|1|1|0|1|1|1
23828,1,False,1,2,1,1|1|1|1|1|1|1|1|1|1|1|0|0|1|1
23847,0,True,2,8,0,2|0|2|2|0|0|0|2|4|0|0|0|6|8|2
23885,7,False,7,0,7,7|7|7|7|7|7|7|7|7|7|7|7|7|7|7
23887,9,True,7,13,7,7|7|7|7|7|7|7|9|9|7|7|7|7|7|7
23899,0,True,1,14,1,1|1|1|1|1|1|1|1|1|7|1|0|1|1|1
23904,0,True,1,12,1,1|1|1|1|1|1|0|1|1|1|0|0|1|1|1
23912,7,True,5,13,8,8|8|8|8|8|7|8|8|7|8|3|2|2|8|9
23914,2,False,2,11,8,2|2|3|2|4|8|8|6|8|8|8|8|8|3|2
23923,6,True,0,5,6,6|6|6|6|6|8|1|6|6|2|6|6|6|3|3
23927,5,True,9,1,5,5|5|5|5|5|5|5|5|9|5|5|5|5|5|5
24007,2,True,7,15,7,7|7|7|7|7|7|7|7|9|7|7|7|7|7|7
24025,0,True,1,15,1,1|1|1|1|1|1|1|1|1|1|1|1|1|1|1
24027,4,True,6,1,4,4|4|4|4|4|4|4|4|4|4|4|4|6|4|4
24049,6,True,2,12,4,4|6|6|4|2|3|9|9|9|2|4|6|4|3|4
24051,4,False,4,6,4,4|4|9|4|4|4|9|4|9|9|4|4|4|9|9
24086,7,True,1,10,1,1|1|7|1|7|1|1|1|7|1|7|7|1|1|1
24101,8,False,8,3,8,8|8|8|8|8|3|8|8|8|8|8|8|2|8|4
24129,2,True,5,9,-1,2|2|5|2|2|7|5|3|2|5|5|5|5|7|2
24130,7,False,7,6,7,1|7|7|7|7|7|3|7|2|5|7|5|7|7|2
24132,9,True,7,15,7,7|1|7|7|7|7|7|7|2|5|7|7|7|1|2
24179,2,False,2,12,4,3|6|4|2|4|4|3|2|3|4|4|4|4|4|2
24183,2,False,2,2,2,2|2|0|2|2|2|2|2|2|2|0|2|2|2|2
24184,2,False,2,15,4,4|9|9|4|4|4|8|9|4|9|4|4|6|4|4
24190,4,False,4,5,4,4|4|9|9|9|4|9|4|4|9|4|4|4|4|4
24193,9,True,4,9,4,4|4|9|9|9|4|9|4|4|4|4|4|9|9|4
24211,2,True,9,11,5,5|2|5|5|5|5|5|2|9|5|2|2|9|5|9
24218,7,True,8,10,8,7|8|7|8|8|7|8|8|8|7|8|7|8|8|8
24219,9,True,4,12,4,4|4|4|9|4|4|9|4|2|4|4|4|4|9|4
24258,3,False,3,12,7,2|3|7|7|8|2|6|3|7|0|3|7|1|1|2
24260,1,False,1,4,1,0|1|1|1|1|1|0|1|0|1|0|1|1|1|1
24264,6,False,6,6,6,6|0|6|0|6|0|6|6|0|6|6|6|6|4|2
24269,3,False,3,6,3,1|3|3|3|6|3|3|3|3|2|9|2|3|3|2
24280,9,True,7,7,9,1|9|9|5|9|7|7|9|9|7|7|7|9|9|9
24288,2,True,3,7,2,2|2|3|2|3|3|3|2|3|2|3|2|2|3|2
24292,9,True,7,12,7,7|7|7|7|7|7|7|9|9|7|7|7|7|7|9
24297,2,True,3,8,2,2|2|6|2|3|2|3|2|3|6|3|2|3|3|2
24315,3,True,5,14,5,2|5|4|5|7|1|5|5|2|5|3|5|2|1|1
24317,9,False,9,15,5,5|5|5|5|5|5|5|5|5|5|5|5|5|5|5
24327,9,True,4,7,9,9|9|9|9|4|4|9|4|9|9|4|4|4|9|4
24343,3,False,3,11,2,3|2|2|2|3|2|3|2|2|3|2|2|2|2|2
24376,0,True,2,6,0,0|0|2|0|9|4|0|4|2|0|0|0|4|0|0
24414,7,False,7,1,7,7|7|7|7|7|7|7|7|7|7|7|7|7|9|7
24431,4,False,4,11,3,6|4|3|3|4|3|3|3|4|6|4|2|3|3|9
24435,6,False,6,15,4,4|4|4|2|4|4|3|9|2|9|4|2|4|4|4
24442,0,True,1,13,1,1|1|1|1|1|1|1|1|1|1|0|0|1|1|1
24463,7,True,1,12,1,1|1|1|7|7|1|1|1|1|1|1|0|7|1|1
24464,0,True,1,12,1,1|1|2|0|0|1|1|3|2|1|3|0|3|1|1
24487,5,False,5,7,5,1|5|1|5|9|5|5|1|2|1|7|5|5|5|5
24554,9,True,7,13,7,7|7|7|7|7|7|7|9|9|7|7|7|7|7|7
24560,6,False,6,15,4,4|4|4|4|4|4|4|4|4|4|4|4|4|4|4
24561,0,False,0,6,0,2|1|0|0|0|6|0|0|0|6|0|0|6|2|0
24586,0,True,2,10,6,2|4|6|6|6|0|0|0|6|0|6|6|0|8|4
24605,0,False,0,14,6,6|6|6|6|6|6|6|6|6|6|6|0|6|6|6
24622,9,False,9,12,5,1|2|5|5|7|7|5|9|7|5|5|9|5|2|9
24633,7,True,1,9,1,1|1|7|1|7|1|7|7|1|7|1|7|1|1|1
24634,6,False,6,15,4,2|2|4|2|4|8|1|4|4|8|4|4|4|4|2
24643,5,False,5,3,5,5|5|1|5|1|5|5|5|7|5|5|5|5|5|5
24674,5,False,5,13,7,7|1|7|7|7|7|7|7|7|7|5|7|7|7|5
24702,0,True,2,5,0,4|0|0|4|0|0|0|6|4|0|0|0|0|0|4
24740,5,False,5,5,5,2|5|5|5|5|1|7|5|2|5|5|5|5|5|2
24752,9,True,8,15,8,5|2|8|1|5|2|5|8|8|8|0|5|8|5|8
24776,5,False,5,3,5,7|5|5|5|5|7|5|5|5|7|5|5|5|5|5
24805,0,False,0,14,6,2|6|6|6|6|6|6|6|6|6|6|0|6|5|6
24830,4,True,6,14,6,6|2|5|0|3|8|6|2|4|6|0|6|6|3|6
24866,7,True,8,11,8,8|8|8|8|8|7|7|7|8|8|8|8|8|8|7
24898,1,True,8,11,8,8|1|8|8|8|8|1|8|8|1|8|8|8|1|8
24912,5,True,9,1,5,5|5|5|5|5|5|5|5|9|5|5|5|5|5|5
24941,9,True,4,14,4,4|4|2|2|8|2|3|4|4|9|4|2|4|2|4
24987,2,True,5,13,5,2|6|5|5|5|3|5|5|2|5|5|5|5|5|3
24992,8,False,8,5,8,8|8|8|1|7|8|8|1|8|1|8|8|7|8|8
24996,6,True,0,11,2,2|2|7|2|2|0|8|0|8|6|6|6|6|0|2
25017,4,True,6,3,4,4|4|4|9|4|4|4|9|9|4|4|4|4|4|4
25032,4,True,6,2,4,4|4|4|4|0|4|4|4|4|4|4|4|4|8|4
25038,4,False,4,11,4,6|2|9|4|4|0|1|1|8|7|9|2|4|5|4
25052,5,False,5,8,-1,7|5|7|5|7|7|5|7|7|5|7|5|5|5|1
25055,0,False,0,14,6,6|6|6|6|6|6|6|6|6|0|6|6|6|6|6
25056,3,False,3,4,3,2|3|3|3|3|3|3|3|6|3|3|3|3|2|2
25102,3,False,3,2,3,2|3|2|3|3|3|3|3|3|3|3|3|3|3|3
25118,2,True,7,15,7,7|7|7|7|7|7|7|7|7|7|7|7|7|7|7
25127,0,True,2,15,2,1|2|2|2|4|2|7|2|8|2|2|4|8|2|2
25128,2,True,3,10,4,4|4|2|4|4|4|4|2|2|2|6|4|3|4|2
25167,6,True,9,15,5,5|5|5|5|5|5|5|9|9|5|5|5|5|5|5
25187,2,False,2,9,2,6|2|2|6|0|0|0|2|2|8|6|0|8|2|2
25195,3,False,3,10,3,2|3|6|4|3|2|3|0|7|3|0|6|2|3|2
25216,6,True,0,8,6,6|6|6|4|2|6|0|6|0|6|4|6|3|3|8
25237,0,True,2,6,0,2|0|0|0|2|0|0|0|0|2|0|2|0|2|2
25243,2,True,5,14,7,7|2|7|5|5|7|7|7|7|5|0|7|5|1|5
25248,6,True,0,1,6,6|6|6|6|6|6|6|6|6|0|6|6|6|6|6
25254,9,True,7,13,7,5|7|7|7|9|7|5|9|7|7|5|7|7|5|7
25262,0,False,0,14,6,6|6|6|6|6|6|6|6|4|6|6|0|6|4|6
25263,7,False,7,11,9,5|9|9|7|9|2|5|9|9|7|7|7|9|5|9
25317,5,False,5,13,7,7|7|7|7|7|7|7|7|7|1|7|5|7|5|7
25326,8,False,8,1,8,8|8|8|8|1|8|8|8|8|8|8|8|8|8|8
25335,0,False,0,13,6,6|6|6|6|6|6|6|6|6|6|0|0|6|6|6
25341,9,True,4,15,0,6|0|4|6|2|4|0|6|0|2|6|0|0|3|0
25353,6,True,0,2,6,6|6|6|6|6|6|6|6|6|6|0|0|6|6|6
25356,5,True,9,3,5,5|5|5|5|5|5|5|5|9|9|5|5|5|5|9
25414,2,True,7,15,7,7|7|7|7|7|7|7|7|7|7|7|7|7|7|7
25433,3,True,8,12,8,8|8|8|8|3|3|8|8|8|8|3|8|8|8|8
25454,9,True,4,6,9,4|9|4|9|9|4|9|9|9|9|4|4|9|9|4
25473,0,False,0,10,6,6|6|6|6|6|6|0|6|6|0|6|0|6|0|0
25478,8,False,8,6,8,8|8|8|8|5|8|8|7|7|3|8|5|8|8|3
25479,3,True,8,6,3,8|3|3|3|8|3|3|3|3|3|8|8|8|8|3
25494,6,True,0,4,6,6|6|6|0|6|6|0|6|6|6|6|0|6|0|6
25503,5,False,5,5,5,5|5|5|5|5|3|5|5|2|2|5|4|5|5|7
25506,0,False,0,12,6,2|6|2|2|6|0|6|6|3|4|0|6|0|3|2
25558,9,True,4,13,4,4|4|9|2|2|4|3|2|4|2|4|0|4|9|4
25560,5,False,5,7,5,1|7|3|5|5|7|5|5|3|5|5|5|5|1|7
25572,9,True,4,6,9,9|9|9|4|9|4|9|9|9|9|4|4|4|4|9
25598,7,True,1,14,1,7|1|1|1|1|1|1|1|1|1|1|1|1|1|1
25602,6,True,0,8,-1,6|6|6|0|0|6|0|6|0|0|6|0|6|0|5
25631,9,False,9,15,5,5|5|5|5|5|5|5|5|5|5|5|5|5|5|5
25632,3,True,7,15,7,7|7|7|7|7|7|7|7|7|7|7|9|7|7|7
25707,9,True,4,14,4,4|2|0|2|9|2|3|4|4|7|4|4|2|0|4
25717,9,False,9,14,5,5|5|5|5|5|5|5|5|9|5|5|5|5|5|5
25722,2,True,3,10,3,2|2|3|3|3|2|3|3|3|3|3|2|3|3|2
25725,9,True,4,12,4,9|4|4|4|4|4|9|4|4|4|4|4|4|4|9
25739,5,False,5,7,5,1|5|1|5|5|3|5|1|3|5|7|5|5|5|2
25747,5,True,9,12,9,5|9|9|7|9|7|7|9|9|9|7|5|7|5|9
25768,7,False,7,4,7,7|4|7|7|3|7|7|7|7|7|7|4|7|5|7
25787,3,False,3,15,6,6|0|6|6|6|6|0|0|4|1|6|2|6|4|0
25831,7,False,7,7,7,7|4|4|7|7|4|7|4|4|4|7|7|4|7|7
25856,3,False,3,5,3,2|3|3|3|6|3|3|3|3|2|0|2|3|3|3
25858,5,False,5,5,5,7|5|7|5|7|7|1|5|5|5|5|5|5|5|5
25863,6,True,0,4,6,6|6|0|2|6|6|6|6|6|0|6|0|6|6|6
25879,6,True,0,4,6,6|6|0|6|6|6|6|6|6|0|6|6|6|3|3
25890,4,True,6,4,4,6|4|4|4|4|6|6|4|4|6|4|4|4|4|4
25897,5,False,5,12,7,7|7|7|7|5|7|7|7|7|7|7|7|7|5|5
25916,0,True,1,14,1,1|1|1|1|1|1|1|1|1|1|1|0|1|1|1
25936,7,True,5,13,-1,1|1|7|5|7|2|1|1|1|1|5|5|5|5|5
25965,6,False,6,15,4,4|4|4|9|4|4|4|4|4|9|4|4|4|4|4
25968,9,False,9,8,9,5|7|9|9|9|5|5|9|9|9|9|7|5|5|5
25984,4,True,6,11,-1,5|3|4|8|6|4|8|3|4|7|8|4|8|2|2
25999,4,False,4,9,9,9|4|9|9|9|4|8|9|9|4|4|4|4|9|9
26014,5,True,9,2,5,5|5|5|5|5|5|5|5|9|9|5|5|5|5|5
26016,4,False,4,4,4,4|9|4|4|4|4|9|4|4|9|4|4|4|3|4
26022,7,True,5,8,5,7|7|7|5|7|7|5|5|5|7|5|5|5|5|7
26029,4,False,4,8,4,4|9|0|0|9|4|0|2|4|0|4|4|4|0|4
26033,4,True,6,14,2,2|6|2|6|0|3|8|1|6|2|8|2|8|0|4
26054,2,True,9,14,7,7|2|7|7|7|7|5|9|9|7|7|7|7|7|7
26059,1,False,1,0,1,1|1|1|1|1|1|1|1|1|1|1|1|1|1|1
26084,9,True,7,9,5,5|9|9|5|5|5|9|5|9|5|5|9|5|5|9
26086,4,True,6,10,4,2|6|4|6|4|3|3|3|4|1|4|2|2|2|4
26092,1,False,1,2,1,1|1|1|1|4|1|1|1|1|1|1|4|1|1|1
26093,3,False,3,14,4,4|4|9|4|4|2|3|4|4|0|4|4|4|4|4
26096,0,True,2,6,0,2|0|0|0|0|2|0|2|2|0|0|0|0|2|2
26114,2,True,5,15,5,5|5|5|7|9|7|7|7|7|5|5|7|5|5|5
26116,9,True,4,15,4,4|2|4|4|4|4|4|4|4|6|4|4|4|4|4
26129,2,True,7,15,7,5|7|7|7|7|7|7|9|7|7|7|7|7|7|7
26131,2,True,9,12,9,7|2|2|9|9|7|7|9|9|2|9|9|7|9|9
26132,9,True,6,15,2,6|2|2|2|0|2|8|3|8|8|6|6|0|2|2
26144,5,True,9,3,5,5|5|5|5|9|5|5|9|9|5|5|5|5|5|5
26145,9,True,7,14,7,7|7|7|7|7|7|7|7|9|3|7|7|7|7|7
26156,1,False,1,5,1,1|1|1|3|1|1|0|1|1|1|0|1|8|2|1
26172,9,True,7,13,7,7|9|7|7|7|7|7|7|7|7|7|7|7|7|9
26179,0,True,1,13,1,1|1|1|1|1|1|1|1|2|1|0|0|3|1|1
26192,2,True,9,15,5,5|3|5|5|7|5|7|7|7|5|5|5|5|5|4
26195,9,True,7,14,7,7|7|7|7|7|7|7|7|9|7|7|7|7|7|7
26197,3,False,3,11,2,2|2|2|2|2|3|3|3|2|6|6|2|3|2|2
26210,3,False,3,12,7,2|7|7|3|7|3|8|5|2|6|3|7|8|5|2
26234,9,True,4,15,4,4|4|4|4|4|4|4|4|4|6|4|4|4|4|4
26239,9,False,9,11,5,5|5|5|5|5|7|5|9|9|9|5|5|5|7|9
26255,3,True,8,14,8,8|8|8|8|8|3|8|8|8|8|8|8|8|8|8
26265,4,True,6,14,6,6|4|6|6|6|6|6|6|6|6|6|6|6|6|6
26295,5,True,9,1,5,5|5|5|5|5|5|5|5|9|5|5|5|5|5|5
26312,0,True,2,10,2,2|0|0|0|2|0|2|2|4|2|2|0|2|2|2
26357,9,True,7,15,7,7|7|7|7|7|7|4|7|7|7|7|7|7|7|7
26367,6,False,6,15,4,4|4|4|4|4|4|4|4|4|4|4|4|4|4|4
26371,9,True,4,15,4,4|2|3|2|8|6|3|4|2|6|4|4|8|8|4
26372,9,True,4,14,4,4|4|5|1|4|4|8|9|4|4|0|2|4|2|0
26392,5,False,5,11,7,5|7|8|7|7|7|7|5|9|5|9|7|7|5|2
26410,4,True,1,14,1,1|7|7|7|1|1|1|7|1|1|1|0|7|1|4
26420,0,False,0,15,6,6|6|6|6|6|8|6|6|6|6|3|6|6|3|4
26446,3,False,3,13,4,2|2|6|2|4|4|4|3|3|6|4|2|0|4|4
26458,7,False,7,1,7,1|7|7|7|7|7|7|7|7|7|7|7|7|7|7
26474,6,True,0,12,0,0|0|0|0|0|6|0|6|0|6|0|0|0|5|0
26519,0,False,0,15,6,6|1|6|6|6|6|6|6|6|6|6|6|6|6|6
26532,1,False,1,5,1,1|1|1|1|1|1|0|0|1|3|0|0|1|1|1
26534,8,False,8,3,8,8|8|8|9|8|3|8|8|8|7|8|8|8|8|8
26537,4,True,1,15,1,1|7|1|7|7|1|1|7|1|1|1|1|1|1|1
26575,0,False,0,11,6,6|6|6|0|6|6|6|6|6|0|6|0|6|0|6
26586,3,False,3,4,3,3|3|3|2|3|3|3|3|3|3|6|6|3|3|2
26631,3,False,3,2,3,3|3|3|3|3|3|3|3|3|3|3|2|3|3|2
26664,1,True,5,8,1,7|1|4|5|7|1|1|1|3|1|5|1|5|1|2
26675,9,True,4,12,4,4|4|9|4|2|4|3|4|4|9|4|4|9|4|4
26681,6,True,0,5,6,6|2|6|6|6|4|6|6|6|4|3|6|6|3|6
26708,8,False,8,4,8,8|8|8|8|8|3|3|8|8|3|8|5|8|8|8
26710,2,True,3,10,3,2|3|3|0|6|2|3|3|2|3|6|2|3|1|2
26718,8,False,8,3,8,8|8|8|8|8|8|3|8|7|8|8|8|8|8|4
26722,4,False,4,15,3,1|6|2|6|1|3|3|9|3|3|3|0|3|6|9
26724,3,True,5,14,5,5|5|1|5|5|7|8|5|3|7|5|5|1|5|2
26728,4,False,4,15,-1,2|7|6|2|6|6|3|3|3|2|6|8|3|1|1
26738,6,True,0,1,6,6|6|6|6|6|6|6|6|6|6|6|6|6|6|4
26741,1,False,1,2,1,1|0|1|1|1|1|1|1|1|1|1|0|1|1|1
26751,8,False,8,11,-1,8|7|7|1|7|2|3|1|7|1|1|8|8|6|8
26757,6,True,0,5,6,6|6|6|0|6|6|6|4|6|6|6|0|6|3|4
26759,2,True,9,14,9,7|9|9|7|9|2|9|9|7|9|9|9|7|9|9
26793,7,False,7,1,7,7|7|7|7|7|7|7|9|7|7|7|7|7|7|7
26829,6,False,6,13,4,2|4|6|2|2|4|3|2|2|6|4|4|4|4|4
26833,1,True,5,5,1,1|1|1|5|5|1|1|1|1|1|5|5|5|1|1
26852,5,True,9,2,5,5|5|5|5|5|5|5|9|5|5|5|5|5|5|9
26854,6,True,0,5,6,6|0|6|6|4|6|6|6|8|0|6|4|6|6|6
26859,7,False,7,1,7,7|7|7|7|7|7|7|7|9|7|7|7|7|7|7
26878,0,True,1,14,1,1|1|1|1|1|1|0|1|1|1|1|1|1|1|1
26896,6,True,0,7,6,6|8|8|0|6|8|6|8|6|6|6|6|6|2|3
26908,7,True,1,10,1,1|1|7|7|1|1|1|1|7|1|7|7|1|1|1
26925,0,False,0,14,4,4|4|4|9|4|4|0|4|4|1|4|4|6|4|4
26944,1,True,5,9,5,5|1|5|5|5|1|1|1|3|7|5|5|5|1|1
26958,0,True,1,15,1,1|1|1|1|1|1|1|1|1|1|1|1|1|1|1
26967,4,False,4,7,4,6|8|4|4|4|4|1|1|4|4|4|8|4|8|6
26988,2,True,3,10,3,2|3|3|7|3|3|3|3|2|3|2|2|3|2|1
27007,3,False,3,2,3,3|3|3|3|3|3|3|3|3|3|6|3|3|2|3
27046,4,False,4,4,4,4|4|4|4|4|4|8|9|4|9|4|4|4|0|4
27048,8,False,8,8,-1,8|8|7|8|7|7|1|8|8|7|8|7|7|8|7
27098,8,False,8,1,8,8|8|8|8|8|8|8|8|8|8|3|8|8|8|8
27117,0,True,1,9,1,1|0|1|0|1|1|1|1|0|1|1|0|0|1|0
27142,9,True,4,10,4,9|4|4|4|9|4|4|4|9|9|4|4|4|4|9
27155,2,True,9,10,9,9|9|2|2|9|2|9|9|9|2|9|2|9|9|9
27162,7,True,1,14,1,1|1|7|1|1|1|1|1|0|1|1|0|1|1|1
27182,4,True,6,7,4,4|4|4|2|2|4|0|2|2|4|4|4|4|2|2
27189,2,True,5,10,5,2|2|2|5|5|3|1|5|2|5|5|5|5|7|2
27221,2,True,5,14,5,7|7|5|5|7|5|5|1|5|7|5|5|5|5|2
27233,4,False,4,4,4,4|4|4|4|4|4|3|4|4|0|4|2|4|4|9
27256,6,False,6,14,4,2|4|4|0|0|4|6|4|4|4|2|4|2|2|4
27268,0,True,1,9,1,1|1|1|0|0|1|1|1|1|0|0|0|1|1|0
27273,4,True,6,1,4,4|4|4|4|4|4|4|4|4|6|4|4|4|4|4
27274,7,False,7,3,7,7|7|7|7|7|7|9|9|9|7|7|7|7|7|7
27285,9,True,4,12,4,4|4|9|4|9|4|3|8|4|9|4|4|4|4|4
27299,9,True,4,12,4,9|4|4|9|3|4|3|9|4|4|4|4|4|4|4
27331,2,False,2,15,4,9|4|4|4|4|4|4|9|9|9|4|4|4|4|9
27334,0,True,2,15,-1,6|2|6|2|2|8|6|3|2|6|4|6|2|6|2
27371,0,False,0,11,6,6|6|6|6|6|6|6|6|6|0|0|0|6|6|0
27383,5,True,9,1,5,5|5|5|5|5|5|5|5|9|5|5|5|5|5|5
27389,6,True,0,2,6,6|6|6|0|6|6|6|6|6|6|6|6|6|0|6
27439,9,True,4,13,4,4|4|4|4|8|4|4|4|9|4|4|4|4|9|4
27451,7,True,1,12,1,1|1|1|7|7|1|1|1|1|1|1|7|1|1|1
27456,0,True,2,15,4,4|4|3|4|2|4|4|4|9|4|4|2|4|4|4
27475,0,True,1,15,1,1|1|1|1|1|1|1|1|1|7|1|7|3|1|1
27481,6,True,0,7,6,6|8|0|6|6|6|6|6|3|6|6|0|0|3|4
27491,9,True,7,14,7,7|7|7|7|7|7|7|9|7|7|7|7|7|7|7
27495,6,False,6,5,6,6|6|8|8|6|6|7|6|6|6|6|8|8|6|6
27515,5,True,9,2,5,5|5|5|5|5|5|5|5|9|9|5|5|5|5|5
27537,4,True,6,14,6,6|0|6|6|6|4|6|6|6|0|6|6|0|6|6
27540,5,False,5,5,5,5|5|5|5|5|1|1|1|1|5|5|5|5|5|2
27544,1,False,1,0,1,1|1|1|1|1|1|1|1|1|1|1|1|1|1|1
27546,2,True,3,14,6,2|6|6|0|1|6|6|6|0|6|6|6|6|6|6
27578,0,True,4,15,8,8|8|5|8|3|8|8|3|8|3|3|6|8|2|8
27590,6,False,6,15,4,4|4|4|4|9|4|4|4|9|9|4|4|4|4|4
27593,3,True,8,12,8,8|8|8|8|3|8|8|8|7|3|8|3|8|8|8
27611,6,True,0,0,6,6|6|6|6|6|6|6|6|6|6|6|6|6|6|6
27629,1,False,1,12,0,2|8|0|4|1|0|1|2|0|1|6|0|0|0|4
27633,6,True,9,15,5,8|5|5|5|9|5|5|2|9|5|5|5|5|5|5
27646,8,False,8,2,8,8|8|8|8|8|3|3|8|8|8|8|8|8|8|8
27696,1,False,1,10,7,1|7|7|1|7|7|7|7|7|1|7|7|1|1|7
27714,9,True,6,13,4,4|2|3|5|4|2|3|1|2|9|8|4|4|9|4
27729,9,True,4,10,4,4|4|9|9|4|4|9|9|4|4|4|4|4|4|9
27731,9,True,4,7,9,9|9|9|4|9|4|3|9|9|9|4|4|4|4|9
27747,9,True,8,15,3,3|6|3|3|6|8|0|8|3|3|3|2|3|8|6
27749,4,False,4,2,4,4|4|4|4|9|4|4|9|4|4|4|4|4|4|4
27752,0,False,0,14,6,6|6|6|6|6|6|6|6|6|0|6|6|6|6|6
27753,2,True,3,8,3,2|3|3|2|3|3|3|2|3|2|3|2|2|3|2
27755,0,True,2,6,0,2|0|0|0|0|0|8|2|0|2|0|2|0|0|2
27807,1,True,8,15,8,8|8|8|8|8|7|8|8|8|8|8|8|8|8|8
27813,9,False,9,14,5,5|5|5|5|5|5|5|5|9|5|5|5|5|5|5
27848,4,True,6,1,4,4|4|4|4|4|4|4|4|4|6|4|4|4|4|4
27851,4,False,4,9,4,4|9|4|9|9|2|4|1|9|4|4|2|4|9|2
27913,1,True,5,15,5,7|2|5|5|5|7|5|5|3|7|7|5|5|5|2
27918,2,True,3,12,3,2|2|3|3|3|1|3|3|3|4|6|2|3|3|6
27920,0,False,0,15,6,6|6|6|6|6|6|6|6|6|6|6|6|6|6|6
27922,3,False,3,12,2,2|2|2|2|2|3|3|2|2|3|2|2|2|2|2
27948,3,False,3,9,2,2|3|2|2|2|3|1|2|3|2|3|2|3|3|2
27959,4,False,4,3,4,4|9|4|4|4|4|4|4|9|9|4|4|4|4|4
27971,9,False,9,10,5,5|9|5|5|5|5|5|9|9|9|5|5|5|5|9
27988,6,True,3,15,3,2|2|3|2|3|3|3|3|2|3|3|2|3|3|2
28001,7,False,7,3,7,7|7|9|7|7|7|9|7|7|7|7|7|7|7|9
28007,0,True,2,14,3,2|1|3|0|6|3|3|2|1|8|3|3|3|1|2
28013,6,True,0,1,6,6|6|6|6|6|6|6|6|6|0|6|6|6|6|6
28027,9,False,9,12,5,5|5|5|5|5|5|5|9|9|5|5|5|5|5|9
28032,9,True,4,15,4,4|4|4|4|4|4|4|4|4|8|4|4|4|4|4
28043,2,True,3,4,2,3|2|2|2|2|2|3|2|2|2|3|2|3|2|2
28055,6,True,0,3,6,6|6|6|6|6|6|0|6|6|0|6|6|6|0|6
28082,2,False,2,11,0,0|2|0|0|0|2|0|0|0|0|0|0|0|2|2
28090,9,True,4,4,9,4|9|9|9|9|4|9|9|9|6|4|9|9|9|9
28138,9,True,4,12,4,4|4|9|4|4|4|4|9|4|4|4|4|4|9|4
28161,0,True,2,14,9,4|9|9|9|9|4|9|4|4|0|9|4|9|9|4
28162,6,False,6,2,6,6|6|6|6|6|6|6|6|6|6|6|5|6|8|6
28169,6,True,3,14,2,2|2|7|7|6|1|1|3|3|8|3|2|2|2|5
28170,2,True,3,6,2,2|2|3|2|2|2|3|6|2|2|3|3|2|3|2
28178,8,False,8,4,8,8|8|8|8|7|8|8|8|9|6|8|7|8|8|8
28186,2,False,2,11,0,2|4|0|2|2|0|8|4|4|0|2|0|4|0|0
28216,2,True,5,14,5,7|2|7|5|1|7|5|5|7|3|5|5|7|1|5
28222,7,True,1,14,1,1|1|1|1|1|7|1|1|1|1|1|1|4|1|1
28273,8,False,8,8,8,0|8|4|8|4|8|4|8|8|1|1|0|8|8|6
28279,3,True,4,12,8,8|8|3|3|8|8|8|8|8|4|3|8|8|8|8
28286,7,True,5,13,5,7|5|5|5|7|1|5|8|9|5|5|5|5|5|5
28294,5,True,9,2,5,9|5|5|5|5|5|5|5|9|5|5|5|5|5|5
28335,3,False,3,8,3,6|3|2|6|6|3|3|3|2|3|6|3|6|3|6
28350,1,True,5,10,5,5|1|5|5|5|1|5|1|1|5|8|5|5|1|5
28368,7,True,5,4,7,7|5|7|7|7|7|7|7|7|1|7|7|7|5|5
28378,9,True,4,13,4,4|4|9|2|3|4|3|9|2|2|4|4|4|4|4
28415,9,True,4,15,4,4|4|4|4|4|4|4|4|4|3|4|4|4|0|4
28417,8,False,8,0,8,8|8|8|8|8|8|8|8|8|8|8|8|8|8|8
28420,2,False,2,5,2,2|2|2|2|2|4|4|2|2|2|0|4|0|2|2
28427,9,True,4,12,4,4|7|4|4|9|3|9|9|4|4|4|4|4|1|4
28433,2,False,2,7,2,2|8|0|2|0|0|0|2|2|0|4|2|2|2|2
28484,3,False,3,12,2,2|2|2|2|2|2|3|2|2|3|3|2|2|2|2
28496,9,True,4,8,-1,4|9|9|9|9|4|9|9|4|9|4|4|4|0|4
28509,0,False,0,14,6,6|6|6|6|6|6|6|6|6|6|6|0|6|6|6
28528,4,True,7,13,7,7|7|7|7|7|7|4|7|7|7|7|7|7|7|4
28555,0,False,0,15,6,2|3|6|2|6|1|6|6|2|6|6|6|3|3|2
28569,4,True,7,11,7,7|4|7|7|7|7|4|7|4|7|7|4|7|7|7
28580,9,False,9,6,9,5|9|5|2|9|5|5|9|9|9|9|9|9|5|9
28590,3,True,8,15,8,8|8|8|8|8|8|8|8|8|8|8|8|8|8|8
28638,3,False,3,5,3,3|3|3|3|6|3|3|3|3|6|3|2|0|3|2
28648,0,False,0,14,6,6|4|6|6|6|6|6|6|4|6|6|0|6|6|6
28695,2,False,2,5,2,2|2|0|2|2|0|0|2|2|0|0|2|2|2|2
28697,9,True,7,15,7,7|7|7|7|7|7|7|5|7|7|7|7|7|7|7
28700,9,True,4,15,4,4|4|4|4|4|4|4|4|4|4|4|4|4|4|4
28702,4,True,6,3,4,2|4|4|4|4|4|3|4|4|4|4|4|4|4|2
28704,9,False,9,11,7,5|2|7|7|9|7|5|7|9|2|9|2|9|5|7
28725,1,False,1,4,1,1|7|1|7|1|1|7|7|1|1|1|1|1|1|1
28729,5,True,9,2,5,5|5|5|5|5|5|5|5|9|5|5|5|5|5|9
28734,0,True,1,15,7,7|7|7|7|1|7|7|1|7|7|1|7|7|1|1
28756,1,True,5,11,5,5|1|1|5|7|3|8|1|2|5|5|5|1|5|2
28767,8,True,1,15,1,1|1|1|1|1|1|1|1|1|1|1|1|1|1|1
28777,6,True,0,3,6,6|6|6|0|6|6|0|6|6|6|6|0|6|6|6
28788,3,False,3,5,3,4|3|3|2|3|3|3|9|3|4|4|3|3|3|3
28797,9,True,4,14,4,0|4|4|4|2|4|0|9|4|0|4|4|0|4|4
28816,8,False,8,2,8,8|8|8|8|8|8|3|8|8|3|8|8|8|8|8
28822,9,True,7,15,7,7|7|5|7|7|7|2|7|7|7|7|4|7|7|7
28846,5,True,9,3,5,5|9|5|5|9|5|5|5|9|5|5|5|5|5|5
28851,6,False,6,6,6,4|4|6|6|4|6|6|0|6|6|6|6|6|4|4
28857,0,False,0,14,6,4|6|6|6|1|3|3|6|7|0|6|2|3|8|2
28874,5,True,6,15,2,1|2|2|8|8|0|3|4|2|8|2|4|4|0|2
28905,8,False,8,2,8,8|8|8|8|8|8|1|1|8|8|8|8|8|8|8
28906,9,True,7,12,5,5|5|5|9|5|5|5|9|9|5|5|5|5|5|5
28909,4,False,4,5,4,4|4|9|4|4|4|9|9|9|0|4|4|4|4|4
28922,5,False,5,11,7,7|5|5|7|7|1|1|7|7|1|7|5|7|5|1
28938,0,True,1,12,1,1|1|1|1|1|1|1|0|1|1|0|1|0|1|1
28944,1,True,8,13,8,8|8|8|8|8|8|1|8|8|1|8|8|8|8|8
28970,0,False,0,14,6,6|4|6|6|6|6|6|6|6|6|6|6|6|6|0
28975,6,True,0,3,6,6|6|6|6|6|6|6|6|6|0|0|0|6|6|6
28992,9,True,8,15,8,8|8|8|8|7|8|8|8|8|8|6|7|8|8|8
28996,9,True,7,15,7,8|7|7|7|7|7|5|5|3|0|3|3|4|7|2
29015,4,True,5,15,3,1|6|7|7|3|2|7|3|7|5|3|2|3|3|3
29039,9,True,7,9,7,7|9|9|7|7|7|9|9|9|7|7|7|7|3|9
29042,3,True,8,13,8,8|8|8|8|8|3|8|8|7|3|8|8|8|8|8
29046,6,True,0,15,0,0|0|0|0|0|0|0|0|4|0|0|0|0|5|0
29059,9,True,7,12,7,5|9|7|7|7|7|9|7|9|7|7|7|7|5|7
29069,4,False,4,5,4,9|4|9|9|4|4|9|4|4|4|4|4|4|9|4
29080,0,True,1,15,1,1|1|3|7|1|1|1|1|1|7|1|7|1|1|1
29088,8,False,8,15,0,2|0|2|0|0|0|0|6|0|0|0|4|6|5|6
29111,9,True,4,7,9,4|4|9|9|9|4|9|9|9|9|4|4|4|9|4
29139,9,False,9,10,5,5|9|5|5|9|5|5|9|9|2|9|5|5|5|5
29164,8,False,8,3,8,8|8|9|8|7|8|8|8|8|7|8|8|8|8|8
29169,0,True,2,2,0,2|0|0|0|0|0|0|0|0|2|0|0|0|0|0
29198,9,True,7,15,7,7|2|7|7|7|7|7|5|7|7|5|7|7|7|7
29200,5,True,9,0,5,5|5|5|5|5|5|5|5|5|5|5|5|5|5|5
29202,2,True,3,9,2,6|3|2|2|2|3|3|2|4|6|6|6|2|3|2
29203,9,False,9,14,5,5|5|5|5|5|5|5|5|9|5|5|5|5|5|5
29216,4,True,6,13,2,2|2|6|2|2|8|6|6|4|2|6|2|2|2|4
29222,9,False,9,14,5,5|5|5|5|5|5|5|5|9|5|5|5|5|5|5
29224,0,True,7,15,7,7|7|5|7|7|7|8|9|7|5|5|5|7|7|1
29239,6,True,0,9,0,6|0|6|0|6|6|0|6|6|0|0|0|0|3|0
29251,0,False,0,13,6,6|4|6|6|1|6|6|6|6|0|6|6|6|3|0
29254,9,True,4,15,4,4|4|4|4|4|4|4|4|4|6|4|4|4|4|4
29261,2,True,5,6,2,2|2|5|5|2|2|5|2|2|5|5|2|2|5|2
29263,5,True,9,1,5,5|5|5|5|5|5|5|5|9|5|5|5|5|5|5
29278,9,False,9,15,7,7|7|7|7|7|7|7|7|7|7|7|7|7|7|7
29328,6,False,6,13,4,4|4|4|4|2|4|4|4|4|6|4|6|4|4|4
29337,1,True,3,15,2,2|4|0|0|2|2|3|8|7|2|4|2|3|2|8
29347,9,True,4,4,9,9|9|9|9|9|4|9|9|9|4|4|4|9|9|9
29359,9,False,9,13,5,5|5|5|5|5|5|5|9|9|5|5|5|5|5|5
29363,9,False,9,14,5,5|5|5|5|5|5|5|5|9|5|5|5|5|5|5
29373,5,True,6,15,-1,8|4|4|2|3|6|7|0|6|6|2|4|2|8|3
29383,3,True,8,12,8,8|8|7|8|5|3|8|7|7|3|3|5|8|5|8
29410,7,False,7,1,7,7|7|7|7|7|7|7|7|7|7|7|7|7|3|7
29426,3,True,8,13,8,8|8|9|8|8|8|3|1|8|3|8|8|8|8|9
29443,8,True,6,14,2,2|8|9|2|4|2|2|2|2|3|5|2|2|2|4
29445,6,False,6,13,4,4|4|8|2|2|4|4|4|4|6|4|6|4|4|9
29508,0,True,2,15,-1,2|2|4|4|6|4|4|6|4|8|6|2|6|2|2
29526,5,True,4,15,4,4|9|4|4|9|8|3|1|9|1|4|4|9|4|2
29537,5,False,5,2,5,5|5|5|5|5|7|5|5|5|5|5|5|5|5|2
29544,8,True,7,14,7,5|9|7|9|7|7|8|9|7|7|7|7|7|7|9
29554,6,False,6,0,6,6|6|6|6|6|6|6|6|6|6|6|6|6|6|6
29555,9,True,7,13,7,7|9|7|5|7|7|7|7|7|5|7|7|2|5|9
29560,0,True,2,4,0,2|0|0|0|0|8|0|3|0|0|0|0|0|9|0
29573,2,True,3,9,3,2|3|3|2|2|3|3|3|3|6|3|2|3|2|2
29574,6,True,0,4,6,6|0|6|6|6|6|0|6|2|6|6|6|6|0|6
29575,6,False,6,15,4,4|4|4|8|4|4|8|8|9|4|4|4|4|8|9
29588,3,True,8,15,8,8|8|8|8|8|8|8|8|8|8|8|8|8|8|8
29594,8,False,8,13,7,2|1|0|8|5|3|8|7|7|7|5|7|1|5|2
29604,1,True,5,11,5,5|5|1|5|1|1|5|1|2|5|5|7|5|5|2
29609,9,True,6,15,4,4|4|4|4|2|4|8|4|4|4|4|6|4|4|4
29630,5,True,9,1,5,5|5|5|5|5|5|5|5|9|5|5|5|5|5|5
29632,2,True,7,15,7,7|7|7|7|7|7|7|9|9|7|7|7|7|7|7
29668,4,True,6,0,4,4|4|4|4|4|4|4|4|4|4|4|4|4|4|4
29682,6,False,6,1,6,6|6|6|6|6|6|6|6|6|6|0|6|6|6|6
29684,9,True,7,15,7,7|7|4|7|7|7|7|7|4|7|7|7|7|7|4
29704,3,False,3,9,3,1|1|3|7|2|3|8|3|3|7|3|6|3|7|2
29726,9,True,4,15,2,2|3|3|2|2|0|3|2|7|1|4|4|3|4|2
29728,9,True,4,15,8,2|3|3|8|8|3|3|8|8|0|4|7|8|8|8
29736,3,False,3,8,-1,2|3|3|2|2|3|3|2|2|6|3|2|3|3|2
29792,6,False,6,10,-1,6|6|4|6|6|3|4|9|7|3|4|4|6|4|8
29798,1,False,1,0,1,1|1|1|1|1|1|1|1|1|1|1|1|1|1|1
29826,6,False,6,1,6,6|6|6|6|6|6|6|6|6|6|6|0|6|6|6
29890,5,True,9,2,5,5|5|5|5|5|5|5|5|9|5|5|5|5|5|9
29910,4,False,4,8,9,9|9|4|9|4|4|4|9|9|9|4|4|4|9|9
29915,8,False,8,1,8,8|8|8|8|3|8|8|8|8|8|8|8|8|8|8
29925,2,True,7,14,7,7|2|7|7|7|7|7|7|7|7|7|9|7|7|7
29943,2,True,5,15,5,7|7|5|5|7|7|5|7|5|5|5|5|5|5|7
29944,6,True,3,15,3,2|3|3|3|2|3|3|3|2|2|3|3|3|1|1
29956,7,True,1,12,1,1|7|1|1|7|1|1|1|1|1|1|1|7|1|1
30001,3,False,3,5,3,3|3|3|3|3|3|3|3|3|0|8|2|8|2|3
30009,9,True,7,14,7,7|7|7|7|7|7|7|7|9|7|7|7|7|7|7
30021,1,False,1,5,1,1|1|7|1|2|1|1|1|1|7|1|0|0|1|1
30041,7,False,7,9,7,5|9|5|7|7|5|5|7|9|9|7|7|7|5|9
30056,7,False,7,4,7,7|9|7|7|7|1|3|9|7|7|7|7|7|7|7
30069,7,False,7,1,7,7|4|7|7|7|7|7|7|7|7|7|7|7|7|7
30095,2,True,3,15,4,4|9|9|5|4|4|3|9|9|4|4|4|4|4|4
30112,8,False,8,1,8,8|8|3|8|8|8|8|8|8|8|8|8|8|8|8
30125,0,False,0,11,6,6|6|6|0|6|6|6|6|6|0|6|0|6|2|0
30143,4,False,4,7,4,9|4|4|9|4|4|3|8|9|9|4|4|4|9|4
30178,2,False,2,12,0,2|0|8|0|0|6|0|0|4|0|0|0|3|2|2
30185,6,True,9,15,7,5|7|9|9|9|2|5|9|9|7|5|7|7|7|7
30192,0,False,0,12,6,6|6|6|0|6|6|6|6|6|6|0|0|6|6|6
30197,7,True,1,9,1,1|1|1|7|1|7|7|1|7|1|7|1|7|1|1
30199,0,True,1,15,1,1|1|1|1|1|1|1|7|2|1|1|6|1|1|1
30206,6,True,0,14,4,4|4|5|0|2|4|4|4|4|2|8|4|6|8|4
30225,7,False,7,1,7,7|7|7|7|7|7|7|9|7|7|7|7|7|7|7
30246,4,True,6,15,6,6|0|6|0|6|6|0|6|1|6|6|0|6|0|6
30256,6,True,0,6,6,6|6|6|6|4|0|0|6|4|6|6|4|6|6|0
30261,6,True,0,0,6,6|6|6|6|6|6|6|6|6|6|6|6|6|6|6
30273,5,False,5,6,5,7|5|5|5|7|7|7|7|7|5|5|5|5|5|5
30287,6,True,0,6,6,6|4|4|6|6|6|6|6|8|8|6|0|6|4|6
30299,7,False,7,2,7,7|7|7|7|7|7|7|9|7|2|7|7|7|7|7
30312,8,False,8,0,8,8|8|8|8|8|8|8|8|8|8|8|8|8|8|8
30325,4,False,4,6,4,4|9|9|4|9|4|4|9|9|4|4|4|4|4|9
30337,6,False,6,14,4,1|2|6|4|4|4|3|2|4|4|2|4|4|4|2
30360,4,True,6,13,6,6|4|6|6|4|6|6|6|6|6|6|6|6|6|6
30365,7,False,7,1,7,7|7|7|7|7|7|7|7|7|2|7|7|7|7|7
30376,4,False,4,6,4,9|9|4|4|3|4|3|9|4|9|4|4|4|4|4
30436,5,False,5,3,5,5|5|5|5|2|5|5|5|7|5|5|5|5|5|2
30449,9,True,4,8,9,4|4|9|4|9|4|8|9|9|9|6|4|4|9|9
30480,9,True,8,15,8,8|8|8|8|8|8|8|8|8|8|8|8|8|8|8
30505,0,False,0,14,6,6|6|6|6|6|6|6|6|6|6|6|0|6|6|4
30519,2,True,3,15,6,6|3|3|6|4|6|0|0|3|6|6|6|6|3|3
30552,4,True,6,13,6,3|6|3|7|6|6|7|6|9|4|6|0|4|3|8
30557,2,True,5,15,5,7|1|5|5|7|7|5|5|7|5|5|5|5|5|5
30577,8,False,8,3,8,8|8|8|3|8|8|8|8|7|3|8|8|8|8|8
30592,8,True,3,15,3,6|3|3|2|7|6|3|4|3|4|3|6|3|3|2
30598,6,True,3,15,3,3|2|3|2|3|3|3|3|2|3|4|4|2|4|2
30600,9,True,7,13,7,5|7|7|7|7|7|9|7|7|7|7|7|7|7|9
30613,9,True,4,14,4,4|4|4|4|4|4|4|4|4|4|4|4|4|4|9
30624,5,True,9,5,5,9|5|5|5|9|5|5|9|9|9|5|5|5|5|5
30625,6,True,0,2,6,6|6|6|6|0|6|6|6|6|0|6|6|6|6|6
30649,9,True,4,11,4,4|9|9|4|4|4|9|4|2|9|4|4|4|4|4
30695,4,True,6,5,4,6|4|4|4|4|4|4|6|6|4|4|2|4|4|2
30697,9,True,4,15,3,1|3|4|3|4|3|3|8|3|2|3|2|3|3|4
30701,4,True,6,12,8,8|8|8|8|4|8|6|1|8|4|8|8|8|4|9
30721,7,False,7,2,7,7|3|7|7|7|7|7|5|7|7|7|7|7|7|7
30736,4,True,6,13,3,2|3|3|6|6|3|3|1|3|4|3|2|3|4|2
30741,9,True,4,13,4,4|4|4|4|9|4|1|9|4|4|4|4|0|4|4
30742,8,False,8,10,8,5|8|7|8|8|7|8|5|5|8|1|5|7|7|9
30749,2,True,3,12,3,2|3|6|3|6|3|3|3|3|2|6|2|3|3|3
30751,7,True,5,8,5,5|7|7|7|7|7|5|5|5|5|5|7|5|5|7
30758,6,False,6,2,6,6|6|6|6|6|6|6|6|4|0|6|6|6|6|6
30760,9,True,4,15,4,4|4|4|4|4|4|4|4|4|4|4|4|4|4|4
30765,1,False,1,10,7,7|1|7|7|7|1|7|1|7|1|7|7|7|1|7
30790,8,False,8,5,8,8|3|8|8|3|3|3|3|8|8|8|8|8|8|8
30829,9,True,4,15,4,4|4|4|3|4|3|6|4|3|4|3|6|4|1|3
30834,6,True,0,14,0,2|2|0|2|0|0|0|1|2|0|0|0|6|8|0
30838,3,False,3,10,2,2|2|3|3|2|2|3|2|2|2|3|2|2|3|2
30884,6,True,9,15,9,5|5|9|5|7|3|5|9|9|9|9|5|9|5|9
30892,9,True,4,15,4,2|4|4|4|4|4|4|8|2|4|4|4|4|4|4
30900,0,False,0,11,6,6|4|6|6|0|6|0|6|0|0|6|6|6|8|1
30915,5,False,5,7,5,7|5|5|5|5|2|5|5|2|3|5|2|2|5|2
30987,2,False,2,13,4,4|4|4|4|2|4|9|6|9|2|4|4|4|9|4
31023,6,False,6,14,4,4|4|4|4|0|4|4|4|4|6|4|4|4|4|4
31040,9,True,7,12,7,5|7|7|7|7|7|7|9|9|7|7|7|7|7|9
31073,1,False,1,1,1,1|1|1|1|1|1|1|1|1|1|1|0|1|1|1
31078,5,True,9,3,5,9|5|5|5|5|5|5|5|9|5|5|5|5|5|9
31098,4,False,4,9,9,9|9|9|9|4|4|9|9|9|9|4|4|9|4|4
31107,3,True,5,13,5,7|5|5|5|5|3|5|5|2|3|5|5|5|5|5
31119,2,True,3,5,2,2|2|2|2|2|2|3|2|3|3|0|2|2|3|2
31124,2,True,4,9,2,2|2|1|7|7|8|1|3|2|2|3|2|7|1|2
31136,4,True,6,5,4,4|4|4|4|9|4|3|4|4|9|4|4|9|4|9
31152,0,True,1,9,1,1|1|3|1|1|0|1|1|0|0|0|0|1|1|0
31159,0,True,2,6,0,2|0|0|0|0|2|0|1|4|0|0|0|2|0|4
31194,1,False,1,9,1,1|1|0|6|6|4|1|1|1|4|6|0|6|3|1
31208,4,False,4,15,0,0|0|0|0|0|1|0|0|0|0|0|2|0|6|2
31218,5,True,9,3,5,5|5|5|5|5|5|5|5|9|7|5|5|5|5|9
31224,4,True,6,3,4,4|4|4|4|4|4|4|9|9|4|4|4|4|4|9
31235,1,False,1,15,-1,3|2|6|6|2|3|7|3|7|2|0|2|3|3|2
31250,3,True,8,14,8,8|8|8|8|8|3|8|8|8|8|8|8|8|8|8
31272,7,True,1,14,1,1|1|1|1|1|1|1|1|1|1|1|7|4|1|1
31290,5,False,5,7,5,7|7|5|5|2|5|5|1|7|5|9|7|5|5|5
31299,4,False,4,9,9,4|2|9|9|2|4|9|9|9|9|4|4|4|9|4
31315,0,True,2,12,2,2|2|2|2|2|2|0|2|2|2|0|0|2|2|2
31329,7,True,8,15,8,8|8|8|8|8|8|8|8|8|8|8|8|8|8|8
31351,3,True,7,15,7,7|7|7|7|7|7|7|9|7|7|7|7|7|7|7
31354,6,True,0,2,6,6|6|6|6|6|6|6|6|6|0|0|6|6|6|6
31356,3,False,3,6,3,3|3|3|3|2|3|3|3|2|6|3|4|2|3|2
31379,2,True,3,7,2,2|2|3|2|2|3|3|3|2|3|3|2|3|2|2
31386,9,True,4,9,4,4|9|9|4|9|4|3|9|4|9|4|4|4|9|4
31401,6,True,0,6,6,6|6|6|0|6|8|0|0|6|6|6|6|6|2|8
31410,3,True,2,15,2,2|4|0|2|0|2|6|2|2|2|8|4|2|0|2
31431,0,False,0,14,4,1|4|6|4|6|4|0|1|4|4|4|4|6|4|4
31435,2,False,2,14,1,1|9|2|0|4|4|1|3|1|1|3|3|4|1|1
31439,8,False,8,5,8,8|8|8|8|3|3|8|8|3|8|3|3|8|8|8
31445,0,True,2,6,0,0|2|2|0|2|0|0|2|0|0|2|0|0|0|2
31447,3,True,7,15,7,7|7|7|7|7|7|7|7|7|7|7|7|7|7|7
31475,6,True,3,13,3,6|3|3|3|2|4|3|3|3|6|4|3|3|3|2
31506,2,False,2,11,2,1|8|3|6|2|2|3|3|4|2|6|4|2|8|4
31510,4,False,4,7,4,4|4|9|4|4|4|3|9|9|9|4|4|4|9|9
31521,3,False,3,8,3,2|3|3|2|6|3|3|3|2|6|6|0|3|3|2
31529,6,True,0,2,6,6|6|6|6|4|6|6|4|6|6|6|6|6|6|6
31579,4,False,4,7,4,9|4|9|9|9|4|9|4|4|9|4|4|4|9|4
31629,0,True,4,15,4,4|4|4|4|4|4|4|9|4|4|4|4|4|4|4
31636,9,True,4,8,-1,4|4|9|0|9|4|9|9|9|9|4|4|4|9|4
31645,5,True,9,1,5,5|5|5|5|5|5|5|5|9|5|5|5|5|5|5
31653,0,True,1,8,1,0|0|1|0|1|1|1|0|0|0|1|0|1|1|1
31660,6,True,0,4,6,6|6|2|6|6|0|6|6|0|6|6|6|6|0|6
31681,2,True,3,12,3,6|3|3|3|3|3|3|3|3|2|3|2|2|3|6
31689,5,False,5,4,5,2|5|5|5|5|3|5|5|2|5|5|5|5|1|5
31703,9,True,8,14,8,8|0|8|8|8|3|3|9|7|0|8|6|8|3|8
31712,2,True,3,12,6,6|6|2|2|6|6|3|3|2|6|3|0|6|3|3
31729,9,False,9,13,5,5|5|5|5|5|5|5|5|9|9|5|5|5|5|5
31733,3,True,2,14,2,2|2|2|2|2|2|3|2|2|2|2|2|2|2|2
31737,6,False,6,13,1,1|3|3|6|7|7|8|0|4|6|1|8|1|5|2
31762,4,True,6,4,4,4|4|4|4|4|4|6|4|4|6|4|4|6|4|8
31771,6,True,1,15,1,1|1|1|1|1|1|1|1|1|1|1|1|1|1|1
31783,9,True,4,15,4,4|4|4|4|0|4|6|6|2|4|0|2|2|0|4
31801,1,False,1,3,1,1|1|1|0|1|1|1|1|0|1|1|0|1|1|1
31808,5,True,9,2,5,5|5|5|5|5|5|5|9|9|5|5|5|5|5|5
31812,4,True,1,15,1,7|7|1|1|7|1|1|1|1|1|1|7|1|1|0
31813,0,False,0,15,6,6|6|6|3|6|6|6|6|4|4|6|6|6|6|6
31819,4,False,4,9,9,9|4|9|9|9|4|4|9|9|9|4|4|4|9|9
31834,3,True,8,13,8,8|8|8|8|8|8|3|8|8|6|8|8|8|8|3
31857,4,False,4,7,4,4|4|9|9|9|4|9|9|9|4|4|4|4|9|4
31865,4,False,4,5,4,4|4|3|4|4|4|9|9|9|9|4|4|4|4|4
31896,5,True,9,4,5,5|5|5|5|5|5|5|5|9|9|5|5|7|5|9
31900,3,True,8,14,8,8|8|8|3|8|8|8|8|8|5|8|8|8|8|8
31906,4,True,6,1,4,4|4|4|4|2|4|4|4|4|4|4|4|4|4|4
31912,0,False,0,11,6,6|2|2|0|6|6|0|6|6|4|6|0|6|0|6
31914,9,True,7,8,-1,5|9|9|9|7|7|9|7|9|7|7|7|7|9|9
31922,3,False,3,5,3,3|3|3|6|6|2|3|3|3|3|3|2|3|3|2
31929,5,False,5,5,5,3|5|5|5|5|3|2|5|5|5|5|5|7|5|1
31931,3,False,3,10,3,3|3|4|2|1|3|3|3|2|2|6|4|2|4|6
31934,2,False,2,12,0,2|0|0|0|6|0|0|0|2|0|0|0|2|0|0
31962,5,False,5,10,7,5|7|1|7|5|7|5|7|7|5|7|5|7|7|7
31966,3,True,5,13,5,1|3|5|5|5|1|1|5|3|1|5|5|5|5|1
31993,4,False,4,3,4,4|9|4|4|4|4|4|9|4|4|4|4|6|4|4
32001,9,True,6,15,8,8|2|5|8|8|4|4|4|2|3|6|4|8|8|2
32011,2,True,3,7,2,3|3|2|3|2|3|3|2|2|2|3|2|3|2|2
32013,1,True,3,12,-1,1|1|3|2|8|5|5|1|8|3|6|5|0|0|2
32016,9,True,4,10,4,4|4|9|4|9|2|8|9|8|9|4|4|4|4|9
32022,0,True,2,13,2,2|8|3|0|2|4|3|2|4|2|9|0|8|3|2
32027,2,False,2,12,0,0|0|0|0|0|0|0|0|0|2|0|0|0|2|2
32048,1,True,5,14,5,7|5|5|5|5|3|5|5|1|5|5|5|5|5|5
32049,2,True,3,11,3,2|3|3|2|2|3|3|3|3|3|3|6|3|3|2
32091,2,False,2,12,4,4|1|2|4|4|2|8|4|4|6|4|4|2|8|1
32120,6,True,0,10,0,2|0|6|0|6|6|0|0|0|6|0|0|6|0|0
32123,6,True,2,15,4,4|4|9|9|9|4|8|9|4|4|4|4|4|8|4
32139,0,False,0,11,6,6|6|6|0|0|0|6|6|6|6|6|0|6|2|6
32155,4,True,6,12,6,4|4|0|6|6|6|8|1|4|8|6|2|2|2|6
32162,2,True,5,14,7,7|7|1|5|5|7|7|7|2|5|5|5|7|5|7
32165,8,False,8,1,8,8|8|8|8|8|8|1|8|8|8|8|8|8|8|8
32167,6,True,0,6,6,6|6|6|6|0|6|6|0|6|0|0|0|6|6|0
32201,5,True,9,1,5,5|5|5|5|5|5|5|5|9|5|5|5|5|5|5
32215,2,True,9,12,9,5|9|5|9|9|2|9|9|9|5|9|2|9|9|2
32222,1,True,8,15,8,8|8|8|8|8|8|8|8|8|8|8|8|8|8|8
32227,2,True,7,15,7,7|7|7|7|7|7|7|9|9|7|7|7|7|7|7
32245,0,True,2,14,4,6|2|4|4|2|4|8|1|4|6|4|4|6|4|0
32257,4,False,4,8,-1,9|9|9|9|4|4|1|9|4|9|4|4|4|9|4
32259,3,False,3,9,3,8|8|3|3|8|2|7|3|2|3|8|4|8|3|3
32264,9,False,9,14,5,5|5|5|5|5|5|5|5|9|5|5|5|5|5|5
32299,5,True,9,2,5,5|5|9|5|5|5|5|5|9|5|5|5|5|5|5
32304,8,False,8,4,8,8|8|8|8|3|8|3|8|7|8|8|8|8|8|3
32340,0,True,2,2,0,0|0|0|0|0|2|0|0|0|0|0|0|0|0|2
32463,2,True,5,9,-1,7|2|5|5|5|5|7|5|2|2|2|5|2|7|2
32466,6,True,2,15,2,2|4|0|2|2|2|0|0|0|2|2|2|2|0|2
32479,6,False,6,11,4,6|2|3|2|6|8|4|4|4|6|4|2|6|4|4
32491,5,True,9,1,5,5|5|5|5|5|5|5|5|9|5|5|5|5|5|5
32499,5,True,9,1,5,5|5|5|5|5|5|5|5|9|5|5|5|5|5|5
32523,5,False,5,5,5,5|7|7|5|7|7|5|5|2|5|5|5|5|5|5
32540,9,True,4,13,4,4|4|4|4|4|4|1|9|4|4|4|4|4|4|9
32553,3,True,7,14,7,7|7|9|7|7|7|9|7|7|3|7|7|7|7|7
32563,6,True,0,15,3,0|8|7|2|8|3|7|7|3|5|3|3|8|5|3
32565,0,True,1,15,1,1|1|1|1|1|1|1|1|1|1|1|1|1|1|1
32568,8,True,2,15,0,0|1|2|0|2|2|0|0|2|0|0|0|2|0|0
32571,1,True,3,13,-1,3|3|6|6|1|3|3|1|3|3|6|2|6|6|6
32627,3,False,3,10,2,2|3|2|6|2|3|3|3|3|2|6|6|0|2|2
32648,2,False,2,13,0,0|0|0|0|0|0|0|0|0|2|0|0|2|0|0
32697,3,False,3,12,2,2|2|3|2|2|3|3|2|2|2|2|2|2|2|2
32703,2,True,3,10,3,2|3|3|3|2|3|3|3|3|3|2|2|3|3|2
32738,0,True,1,1,0,0|0|0|0|0|0|0|0|0|2|0|0|0|0|0
32756,4,True,1,14,1,1|1|1|1|1|1|1|1|1|1|1|9|4|1|1
32757,1,True,8,14,8,2|8|9|8|0|6|1|8|4|0|8|2|4|8|8
32799,6,False,6,14,-1,2|5|7|1|8|3|8|3|6|1|8|2|3|8|3
32805,4,False,4,7,4,9|2|4|4|9|4|4|9|9|9|4|4|4|9|4
32807,4,True,6,0,4,4|4|4|4|4|4|4|4|4|4|4|4|4|4|4
32811,1,True,5,11,5,2|1|1|5|5|5|5|1|2|5|5|5|5|5|1
32854,4,True,6,1,4,4|4|4|4|4|4|4|4|4|6|4|4|4|4|4
32857,6,True,9,15,5,5|5|5|5|5|5|5|9|9|5|5|5|5|5|5
32879,4,False,4,15,3,6|8|3|3|3|6|3|6|7|3|6|2|8|8|3
32886,0,False,0,14,6,6|6|6|6|6|6|6|6|6|6|6|6|0|6|2
32891,9,True,4,11,4,4|9|9|9|4|4|4|4|4|9|4|4|4|4|4
32904,1,False,1,4,1,1|1|7|0|1|1|1|0|1|1|0|1|1|1|1
32965,6,True,0,3,6,6|6|6|6|6|6|6|6|0|6|6|0|6|6|4
32967,0,False,0,10,0,6|5|3|8|0|0|0|1|1|0|5|0|3|3|8
32969,9,True,7,15,7,7|3|7|7|7|1|5|7|3|5|5|7|7|5|7
32972,3,True,5,14,5,2|5|7|7|7|2|7|1|3|5|7|5|5|5|5
32981,1,False,1,9,1,1|0|4|1|8|0|1|1|4|0|3|0|4|1|1
32982,0,True,1,13,4,1|4|4|1|4|0|1|2|4|1|4|0|4|1|2
32988,0,True,1,14,1,1|1|7|1|1|1|1|7|7|1|1|0|1|1|1
32996,5,False,5,5,5,7|5|5|5|7|7|5|5|7|7|5|5|5|5|5
33018,6,False,6,5,6,6|6|6|6|4|6|6|6|4|6|4|4|6|4|6
33067,4,True,6,2,4,4|4|4|4|4|4|9|4|4|4|4|4|6|4|4
33073,7,True,1,12,1,0|7|1|1|7|1|1|1|1|1|1|1|7|1|1
33074,8,False,8,4,8,8|8|8|8|8|3|3|3|8|8|3|8|8|8|8
33087,3,False,3,8,-1,2|2|3|2|6|3|3|3|3|2|3|2|3|2|2
33091,4,True,5,15,5,1|1|7|5|5|7|5|5|7|5|5|5|5|5|2
33121,7,True,8,15,8,8|1|8|8|8|8|8|8|8|8|8|8|8|8|2
33138,4,True,1,14,1,1|1|1|1|1|1|1|1|1|1|1|1|4|1|1
33146,0,True,1,12,1,1|1|3|2|1|1|1|1|3|5|0|0|3|0|1
33156,3,True,5,13,5,1|5|1|5|5|2|7|5|3|7|3|5|1|5|2
33167,6,True,0,0,6,6|6|6|6|6|6|6|6|6|6|6|6|6|6|6
33172,6,True,0,4,6,6|6|6|6|6|6|8|6|7|0|6|6|6|4|6
33185,7,False,7,5,7,7|2|7|7|7|7|5|5|9|7|7|7|5|7|7
33214,5,True,9,1,5,5|5|5|5|5|5|5|5|9|5|5|5|5|5|5
33232,3,False,3,8,3,6|3|1|3|2|3|8|3|3|3|2|2|6|3|5
33255,3,True,7,15,7,7|7|7|7|7|7|7|7|7|7|7|7|7|7|7
33273,8,True,2,14,0,0|2|0|0|0|4|0|8|0|0|0|0|2|0|0
33288,7,False,7,4,7,7|5|7|7|7|7|7|7|7|1|5|7|7|5|7
33289,0,True,1,13,1,1|1|3|1|1|1|1|1|4|1|1|0|0|1|1
33292,0,True,2,7,0,2|0|0|0|2|0|0|0|4|2|0|0|6|2|8
33310,2,True,3,7,2,2|2|3|2|2|3|3|3|2|3|6|2|3|2|2
33316,3,True,4,15,4,6|4|8|2|2|4|2|8|2|6|4|4|8|8|4
33322,1,True,5,11,7,7|5|1|1|5|7|1|5|2|7|7|7|7|7|1
33337,3,True,8,13,8,8|8|8|3|8|8|8|8|3|8|8|8|8|8|8
33349,4,True,1,15,1,1|1|1|1|1|1|1|1|1|1|1|1|1|1|1
33375,9,True,4,12,4,4|4|4|4|9|4|8|4|9|4|4|4|4|9|4
33380,2,False,2,10,0,2|0|0|0|0|0|0|2|0|0|0|0|2|2|2
33387,5,True,9,1,5,5|5|5|5|9|5|5|5|5|5|5|5|5|5|5
33404,3,True,8,13,8,8|8|3|8|8|8|8|8|3|8|8|8|8|8|8
33408,5,False,5,7,5,2|1|5|5|5|2|5|5|2|5|7|5|5|1|1
33429,9,True,4,15,4,4|4|4|4|4|4|4|4|4|4|4|4|4|4|4
33437,6,True,2,14,4,4|4|9|4|9|4|4|9|4|4|4|4|4|4|6
33471,0,True,1,14,1,1|1|1|7|1|1|1|1|1|7|1|1|0|1|1
33481,9,False,9,14,5,5|5|5|5|5|5|5|5|9|5|5|5|5|5|5
33488,6,True,3,14,3,6|3|3|3|3|3|3|3|3|2|3|3|3|2|2
33540,9,True,4,15,4,6|4|4|2|4|4|4|6|4|0|4|6|4|4|4
33541,0,True,2,5,0,2|0|2|0|2|0|0|0|4|0|0|0|0|0|2
33567,4,True,7,14,7,7|7|7|7|7|7|4|7|7|2|7|7|7|7|7
33608,8,False,8,0,8,8|8|8|8|8|8|8|8|8|8|8|8|8|8|8
33612,4,True,6,5,4,6|4|4|6|4|4|4|6|4|6|4|4|6|4|4
33630,2,True,3,14,3,3|3|3|3|3|3|3|3|2|3|3|6|3|3|3
33649,4,True,1,15,1,0|1|1|1|1|1|1|1|1|1|1|0|1|1|1
33655,4,True,6,14,6,3|0|6|6|6|6|0|3|6|4|6|6|6|0|2
33661,9,True,4,9,4,4|9|9|4|4|4|9|9|4|9|4|4|4|4|9
33676,8,False,8,3,8,8|1|8|8|1|8|8|8|8|1|8|8|8|8|8
33682,5,False,5,6,5,2|5|5|5|7|7|1|5|3|5|7|5|5|5|5
33696,5,True,9,8,-1,9|5|5|5|9|5|8|5|9|9|9|5|5|9|9
33706,1,True,8,14,8,8|8|8|8|7|8|1|8|8|8|8|8|8|8|8
33722,3,True,5,13,5,1|3|5|5|3|5|5|5|7|5|5|5|5|5|2
33736,8,False,8,6,8,3|3|8|8|8|3|8|3|3|8|8|8|8|3|8
33763,6,True,5,15,5,5|1|1|5|5|7|5|1|7|7|5|5|5|5|5
33790,4,False,4,5,4,4|4|9|2|4|4|4|3|9|4|4|4|4|8|4
33835,3,True,2,13,4,9|9|9|4|4|4|3|4|3|0|4|4|4|4|4
33870,3,True,2,15,2,2|2|2|2|2|0|2|0|2|0|4|0|6|0|4
33908,3,False,3,6,3,2|3|3|2|3|3|3|3|2|3|3|2|2|3|2
33948,7,True,1,5,7,1|7|7|7|7|7|1|1|7|7|7|7|7|1|1
33959,3,False,3,8,3,3|6|4|3|2|3|3|3|2|4|4|4|3|3|4
33965,4,True,6,5,4,4|4|2|4|2|4|4|0|4|9|4|4|4|4|9
33990,2,True,3,7,2,2|6|3|2|2|2|3|2|2|3|3|2|3|3|2
34010,6,True,0,12,0,2|4|0|8|0|0|0|6|4|6|0|0|6|0|2
34033,8,True,2,15,4,9|4|9|9|9|4|4|9|9|9|4|4|4|4|4
34040,4,False,4,5,4,4|4|4|4|4|4|4|9|9|1|4|4|7|8|4
34058,0,False,0,13,6,6|6|6|0|6|6|6|6|6|6|6|0|6|6|6
34078,3,True,2,13,2,6|2|2|3|4|8|3|0|4|2|8|2|2|4|4
34090,3,False,3,8,2,2|2|3|2|3|2|3|2|3|3|3|2|3|2|2
34095,3,True,2,14,2,2|0|2|6|4|1|3|4|2|2|9|2|1|1|1
34107,6,True,3,14,3,6|3|3|3|3|3|3|2|3|3|3|2|3|7|2
34110,2,False,2,8,0,2|0|0|0|0|2|0|2|0|0|2|0|2|2|2
34111,3,True,2,15,4,4|4|4|4|4|4|8|9|4|2|4|4|4|4|4
34174,9,True,7,12,7,5|9|7|7|9|7|9|7|7|7|7|7|7|5|7
34180,7,True,5,7,7,5|5|7|7|5|7|5|7|7|7|7|5|7|5|5
34209,7,True,8,14,8,8|8|7|8|9|1|8|8|8|8|8|8|8|4|9
34216,9,False,9,13,7,7|7|7|7|7|5|9|5|7|7|7|5|7|4|9
34224,9,True,4,8,4,9|4|9|9|9|4|9|9|4|9|4|4|4|4|4
34235,9,False,9,14,5,5|5|5|5|5|5|5|5|9|5|5|5|5|5|5
34245,9,True,4,13,4,4|4|9|4|4|4|2|9|8|4|4|4|4|4|8
34264,0,False,0,15,5,1|5|5|1|6|7|1|5|2|7|5|5|4|1|5
34275,6,True,0,4,6,6|6|6|0|6|6|6|0|6|6|0|0|6|6|6
34303,2,False,2,12,8,3|8|2|4|2|8|8|6|3|3|8|4|8|8|2
34350,4,True,6,15,6,6|6|6|6|0|6|6|6|6|0|6|0|6|6|6
34351,6,True,0,4,6,6|6|6|6|6|0|6|6|6|0|6|0|6|0|6
34361,4,True,6,12,0,6|0|6|6|0|4|0|4|6|0|0|0|0|6|4
34408,6,True,2,15,8,3|8|3|8|2|4|8|8|8|8|8|2|8|8|4
34427,6,True,0,1,6,6|6|6|6|6|6|6|6|6|6|6|0|6|6|6
34500,6,True,9,15,5,5|5|5|5|5|5|5|5|5|5|5|5|5|5|9
34517,4,False,4,7,4,4|9|9|2|9|4|4|9|9|4|4|4|4|4|9
34531,3,False,3,7,3,2|2|3|2|2|3|3|3|3|3|2|2|3|3|2
34536,2,False,2,5,2,2|2|0|0|2|0|8|2|2|2|0|2|2|2|2
34564,6,True,0,3,6,6|6|6|6|0|6|6|6|6|8|6|6|8|6|6
34584,4,True,6,2,4,4|4|4|4|4|4|4|6|4|6|4|4|4|4|4
34592,4,False,4,3,4,4|4|9|4|4|4|4|9|9|4|4|4|4|4|4
34616,0,True,2,5,0,0|0|0|2|4|0|0|2|4|0|0|0|4|0|0
34618,6,True,0,2,6,6|0|6|6|6|6|6|6|6|6|6|0|6|6|6
34624,4,False,4,14,2,2|2|7|2|2|3|3|8|2|0|4|8|0|3|2
34630,5,True,9,1,5,5|5|5|5|5|5|5|9|5|5|5|5|5|5|5
34636,4,False,4,11,3,4|9|3|3|3|3|8|1|3|0|4|4|6|3|4
34647,1,False,1,5,1,1|7|1|7|1|1|1|1|7|1|7|1|7|1|1
34659,7,False,7,1,7,7|3|7|7|7|7|7|7|7|7|7|7|7|7|7
34691,3,True,2,14,2,2|2|0|2|2|2|3|2|2|0|2|2|2|2|2
34701,2,True,5,14,5,5|1|5|5|7|7|1|5|2|7|5|5|5|5|7
34706,5,False,5,6,5,2|2|5|5|5|5|5|5|2|5|5|2|5|2|2
34734,2,True,3,7,2,2|2|6|2|2|2|1|3|2|2|3|1|3|2|3
34755,9,False,9,10,2,5|9|2|5|9|2|5|2|9|2|2|2|9|5|9
34767,3,True,8,15,8,8|8|8|8|8|8|8|8|8|8|8|8|8|8|8
34777,1,False,1,13,6,6|2|3|0|4|4|3|1|7|1|6|6|6|6|0
34799,9,True,7,14,7,7|7|7|7|7|7|7|9|7|7|7|7|7|7|7
34820,8,False,8,2,8,8|8|8|8|8|8|3|8|3|8|8|8|8|8|8
34829,6,False,6,12,8,8|8|5|8|4|4|7|8|8|4|6|6|4|6|8
34842,0,False,0,13,6,6|0|6|6|0|6|6|6|6|4|6|6|6|3|2
34851,1,True,8,15,8,8|8|8|8|8|3|3|8|8|5|8|8|8|8|2
34874,8,False,8,3,8,8|8|7|8|7|8|8|8|8|7|8|8|8|8|8
34878,8,False,8,6,8,7|7|8|8|7|8|7|8|8|7|8|7|8|8|8
34887,2,True,3,10,3,1|3|3|2|2|2|3|3|3|3|2|3|0|3|2
34901,3,True,2,14,4,6|4|4|4|4|4|4|3|4|0|4|4|4|4|2
34907,6,False,6,15,2,2|4|4|0|2|2|2|2|4|7|2|4|2|8|2
34913,1,True,5,13,5,2|5|5|5|5|5|5|1|1|5|5|5|5|5|2
34919,4,False,4,10,4,4|4|4|6|9|3|9|8|9|3|4|4|3|3|9
34933,9,True,4,7,9,9|4|4|9|9|4|9|9|9|9|4|4|9|4|4
34947,5,False,5,6,5,5|7|5|5|5|5|5|7|7|3|5|7|5|5|2
34967,8,False,8,3,8,8|8|7|8|8|3|8|8|8|3|8|8|8|8|8
34970,5,False,5,7,5,6|5|5|5|5|5|8|5|2|5|7|5|7|1|7
34976,9,True,4,6,9,9|9|9|9|4|4|9|9|9|9|4|4|4|4|9
34990,1,False,1,3,1,1|1|1|7|4|1|1|1|1|1|1|1|4|1|1
34992,0,True,1,8,1,1|1|1|0|0|1|1|0|1|0|0|0|0|1|1
35004,9,True,7,14,7,7|7|7|7|7|7|7|9|7|8|7|7|7|7|7
35031,6,False,6,13,2,2|2|8|2|6|8|0|1|2|0|8|2|0|6|3
35061,8,False,8,3,8,8|8|8|8|6|8|8|8|1|5|8|8|8|8|8
35070,0,True,2,5,0,0|2|0|0|0|0|0|2|4|4|0|0|0|0|4
35071,1,False,1,3,1,1|0|1|1|1|1|1|1|1|1|1|1|1|7|0
35072,4,True,6,0,4,4|4|4|4|4|4|4|4|4|4|4|4|4|4|4
35081,9,True,4,7,9,9|4|9|9|9|4|4|9|9|9|4|4|4|9|4
35083,9,False,9,11,5,5|5|9|5|5|5|5|9|9|5|5|5|5|5|9
35119,3,True,2,15,2,6|2|6|0|6|4|4|2|2|2|4|6|2|2|8
35128,7,True,1,15,1,1|1|1|1|1|1|1|1|1|1|1|1|1|1|1
35145,1,True,5,12,5,5|1|5|5|5|7|5|1|7|1|5|5|5|5|5
35147,0,False,0,10,6,6|6|6|0|6|6|0|6|6|0|0|0|6|6|6
35186,6,False,6,12,8,8|6|8|8|8|4|4|8|7|8|4|6|4|8|6
35196,1,False,1,10,7,7|7|7|7|7|1|7|1|1|7|1|7|7|1|7
35223,6,True,0,7,6,6|6|6|6|8|8|1|6|2|1|6|6|8|4|6
35234,8,False,8,5,8,8|8|8|8|3|8|8|3|3|3|3|8|8|8|8
35245,3,False,3,10,2,2|3|3|0|6|2|3|3|3|6|2|2|2|2|2
35249,2,False,2,12,0,0|0|0|0|2|0|0|0|4|0|0|0|0|2|2
35277,2,False,2,11,4,2|6|0|4|0|4|4|2|4|0|2|6|0|2|4
35285,5,False,5,6,5,1|5|5|7|7|2|5|5|2|5|5|1|5|5|5
35291,2,True,9,15,9,5|9|9|9|9|7|7|9|9|9|9|7|7|9|7
35305,8,True,5,15,7,7|7|1|5|7|7|1|5|3|7|1|7|5|1|1
35331,0,False,0,10,6,6|6|0|6|6|6|0|6|6|0|0|0|6|6|6
35337,3,True,8,10,8,8|3|3|8|3|8|8|8|3|6|3|8|8|8|8
35350,6,True,0,10,0,2|6|2|2|0|0|0|0|6|6|6|0|6|4|0
35354,0,True,2,5,0,2|0|2|0|2|0|0|0|0|2|0|0|2|0|0
35363,6,True,0,8,6,2|6|6|6|6|3|0|0|6|6|6|2|3|3|2
35382,9,True,4,14,4,6|4|4|5|4|4|3|4|4|4|4|4|9|4|4
35419,4,True,7,15,7,7|7|7|7|7|7|7|7|7|7|7|7|7|7|7
35459,9,True,4,13,4,4|6|3|7|4|3|9|9|1|4|4|4|4|7|1
35477,1,True,5,15,5,7|5|5|7|7|7|7|5|7|5|5|5|5|5|7
35489,8,False,8,2,8,8|8|8|8|8|8|1|8|8|7|8|8|8|8|8
35515,7,True,8,14,8,8|8|8|8|8|8|7|8|8|8|8|8|8|8|8
35521,1,False,1,4,1,1|1|1|0|1|1|1|0|1|1|1|7|0|1|1
35554,2,False,2,6,2,2|2|0|0|0|2|0|2|2|2|2|6|2|2|0
35570,9,False,9,14,5,5|5|5|5|5|5|5|9|5|5|5|5|5|5|5
35582,7,False,7,10,9,5|9|9|7|7|2|7|9|9|9|9|7|7|9|9
35587,9,False,9,15,5,5|5|5|5|5|5|5|5|5|5|5|5|5|5|5
35596,5,True,9,7,5,5|5|9|5|9|5|5|2|9|5|5|5|9|9|9
35631,9,True,4,10,4,9|4|9|9|9|3|8|4|9|4|4|4|4|4|4
35642,9,False,9,14,5,5|5|5|5|5|5|5|5|9|5|5|5|5|5|5
35650,4,False,4,5,4,9|4|9|4|4|4|9|4|9|4|4|4|4|9|4
35669,9,True,4,7,9,4|9|9|9|9|4|3|9|4|9|4|4|4|9|9
35674,2,False,2,7,2,2|2|0|6|2|2|3|4|2|2|8|2|1|3|2
35700,6,True,3,15,3,1|2|2|3|2|2|3|3|3|3|0|2|3|3|2
35708,7,False,7,1,7,7|7|7|7|7|7|7|9|7|7|7|7|7|7|7
35719,0,False,0,12,6,6|6|0|0|6|6|6|0|6|6|6|6|6|6|6
35735,4,False,4,6,4,4|4|4|6|4|4|6|9|4|2|4|4|4|8|3
35741,8,False,8,10,4,4|6|8|8|3|4|4|4|8|8|4|4|6|8|2
35800,0,False,0,15,6,2|6|6|2|6|4|6|6|6|6|6|6|6|6|6
35810,2,True,9,11,9,5|9|2|2|9|7|5|9|9|2|9|2|9|5|9
35814,4,True,7,15,7,7|7|7|7|7|7|7|7|7|7|7|7|7|7|7
35830,5,False,5,5,5,7|5|5|5|5|2|7|5|7|5|7|5|5|5|5
35836,9,True,8,15,8,8|8|8|8|8|8|7|8|8|8|8|8|8|8|8
35854,3,True,2,15,4,9|4|9|4|4|4|4|4|4|4|4|4|4|9|9
35860,2,True,9,13,5,2|7|5|5|9|5|5|1|7|5|7|5|5|5|2
35864,9,False,9,14,5,5|5|5|5|5|5|5|5|9|5|5|5|5|5|5
35886,6,True,0,2,6,6|6|6|6|6|6|6|6|6|0|6|0|6|6|6
35909,8,False,8,2,8,8|8|8|8|8|8|3|8|8|8|8|8|8|8|3
35912,9,True,7,12,7,5|7|7|7|7|5|5|9|9|7|9|7|5|5|7
35924,2,True,9,12,9,5|2|5|7|9|7|9|2|9|2|9|5|9|7|9
35940,0,False,0,12,6,6|0|6|6|6|6|6|6|6|6|6|6|6|0|0
35948,3,True,8,14,8,8|8|8|8|8|8|8|8|8|3|8|6|8|8|8
35964,9,False,9,11,5,5|5|9|5|5|5|5|9|9|5|9|5|5|5|5
35992,3,False,3,13,2,2|2|2|2|2|3|3|2|2|2|6|2|2|2|2
36000,2,False,2,10,4,6|2|9|4|4|4|1|9|4|2|2|2|4|4|2
36008,7,False,7,4,7,7|4|7|7|7|7|7|7|4|7|7|4|7|7|4
36010,6,True,3,13,3,3|3|6|3|3|3|3|3|3|3|6|2|3|3|3
36025,8,True,1,15,1,1|1|1|0|1|1|1|1|1|1|1|1|1|1|1
36044,6,False,6,2,6,6|4|6|6|6|6|6|6|6|6|6|6|6|6|0
36048,1,False,1,3,1,1|7|1|7|1|1|1|1|1|1|1|4|1|1|1
36061,6,True,3,12,4,6|4|4|4|4|4|3|4|9|6|6|4|4|4|4
36126,5,True,9,12,9,5|9|9|9|9|2|5|9|9|2|9|5|9|9|9
36127,9,False,9,10,5,9|9|5|5|5|5|5|5|9|9|5|5|5|5|9
36144,9,False,9,12,5,5|5|5|5|5|5|5|9|9|9|5|5|5|5|5
36163,6,True,0,2,6,6|6|6|6|6|6|6|6|6|0|6|0|6|6|6
36171,7,True,5,8,5,7|7|7|5|7|7|5|5|7|5|7|5|5|5|5
36190,4,True,6,1,4,4|4|4|4|4|4|4|4|4|6|4|4|4|4|4
36202,2,True,3,4,2,2|2|2|2|2|2|3|2|4|2|2|2|8|6|2
36213,0,True,1,14,4,4|4|3|4|4|4|1|4|4|0|9|4|4|4|2
36220,1,False,1,12,7,7|1|7|7|7|7|7|7|7|7|1|7|7|1|7
36222,6,True,3,11,3,6|1|6|3|6|3|3|9|6|0|3|2|3|2|3
36281,2,True,3,6,2,2|2|3|2|3|3|3|2|2|3|3|2|2|2|2
36298,8,False,8,4,8,8|1|8|1|7|8|8|8|8|1|8|8|8|8|8
36320,5,True,9,1,5,5|5|5|5|5|5|5|5|9|5|5|5|5|5|5
36329,0,True,2,15,2,2|2|2|2|2|2|8|1|7|6|8|2|2|6|2
36401,4,True,6,1,4,4|4|4|4|4|4|6|4|4|4|4|4|4|4|4
36403,9,True,7,6,9,5|9|9|7|9|7|7|9|9|5|7|9|9|9|9
36410,5,False,5,13,7,7|1|1|7|7|7|1|7|2|5|7|5|7|7|2
36411,2,True,3,10,3,3|3|3|2|6|2|3|3|3|2|6|2|2|3|3
36439,2,False,2,13,0,0|2|0|0|0|0|0|2|0|0|0|0|0|0|0
36453,5,True,9,14,7,3|7|7|9|7|7|7|9|7|7|7|7|7|9|5
36454,3,True,8,7,3,3|3|8|3|3|3|3|3|8|8|8|8|8|8|3
36477,5,True,9,11,9,5|4|9|5|9|9|9|9|9|5|5|7|7|9|9
36493,2,False,2,14,0,0|0|0|4|0|0|0|0|4|0|2|0|4|4|0
36499,4,False,4,10,9,9|9|4|9|9|4|1|9|9|9|4|4|4|9|9
36506,9,True,7,11,7,7|7|7|7|9|7|3|7|9|7|9|5|5|9|7
36512,2,False,2,10,0,0|0|0|0|2|2|0|2|2|0|0|0|0|0|2
36517,9,False,9,14,5,5|5|5|5|5|5|5|5|9|5|5|5|5|5|5
36533,9,True,4,15,4,4|4|4|4|4|4|3|4|4|6|4|4|4|4|4
36536,6,True,0,2,6,6|6|6|6|6|6|6|6|6|0|6|0|6|6|6
36558,6,True,0,1,6,6|6|6|0|6|6|6|6|6|6|6|6|6|6|6
36587,3,True,8,13,8,8|8|8|8|3|8|8|8|8|3|8|8|8|8|8
36612,9,True,4,10,-1,3|9|3|3|4|4|8|9|9|9|4|4|3|4|9
36625,6,False,6,2,6,6|6|6|6|6|4|6|6|6|6|6|6|6|3|6
36648,0,False,0,11,6,6|6|6|6|6|8|0|6|6|6|0|6|0|0|8
36650,6,False,6,3,6,6|6|6|4|6|6|6|6|2|6|6|6|6|6|4
36651,5,False,5,13,7,7|7|7|7|7|7|1|7|7|5|7|5|7|0|7
36688,0,True,2,7,0,0|4|0|6|0|0|0|4|4|0|6|0|4|0|4
36705,7,True,5,11,5,7|7|5|5|5|5|5|9|5|7|5|7|5|5|5
36706,0,False,0,14,6,6|6|6|6|6|6|6|6|6|0|6|6|6|6|6
36712,9,True,8,15,8,7|3|3|8|7|2|5|1|5|0|8|8|8|5|8
36723,0,True,2,4,0,2|0|0|0|2|0|0|0|4|0|0|0|2|0|0
36769,6,False,6,9,0,6|6|0|6|2|0|6|6|0|0|6|0|0|8|0
36775,0,True,2,12,4,2|4|2|0|8|8|0|4|4|8|4|4|4|0|2
36781,2,True,5,10,-1,2|4|5|5|2|3|7|2|3|2|5|5|5|7|2
36786,6,False,6,14,4,2|2|3|6|4|4|4|4|2|4|4|4|4|9|2
36790,5,False,5,12,7,5|9|7|5|7|7|5|7|9|2|7|7|7|1|9
36800,4,True,6,13,0,2|0|0|0|4|4|0|6|0|0|2|0|6|3|2
36828,3,False,3,8,2,3|2|2|2|2|3|3|2|3|2|3|2|3|3|2
36835,4,True,6,13,6,2|4|6|6|6|6|6|0|6|4|6|6|6|3|6
36842,2,False,2,13,-1,2|3|7|6|6|3|3|1|4|4|6|4|6|3|2
36870,0,True,1,14,1,1|1|1|1|7|1|7|1|1|7|0|1|1|1|1
36897,4,True,6,14,2,2|2|2|2|2|4|8|2|2|2|2|0|2|2|2
36912,9,True,4,8,4,4|9|9|9|9|4|9|9|4|9|4|4|4|4|4
36915,2,False,2,6,2,2|2|2|0|2|8|3|2|2|2|6|2|2|8|8
36921,4,True,6,1,4,4|4|4|4|4|4|4|4|4|4|4|4|6|4|4
36940,8,False,8,1,8,8|8|8|8|8|8|8|8|3|8|8|8|8|8|8
36945,5,False,5,5,5,5|5|5|5|5|1|5|1|1|7|5|5|5|5|7
36956,0,False,0,11,6,6|6|6|6|6|6|6|6|6|0|0|0|6|6|0
36965,9,True,4,15,4,4|4|4|4|4|4|4|4|4|4|4|4|4|4|4
36977,9,True,8,15,8,8|7|7|1|7|3|7|8|8|8|8|8|8|1|8
36992,4,True,6,0,4,4|4|4|4|4|4|4|4|4|4|4|4|4|4|4
36998,1,False,1,7,1,2|1|1|3|1|1|1|0|1|1|3|3|3|7|1
37015,6,True,0,10,0,6|6|0|2|6|8|0|0|0|6|6|0|0|3|0
37032,5,False,5,4,5,5|5|5|5|5|3|5|5|3|5|1|5|5|5|2
37038,7,False,7,2,7,7|7|7|7|7|7|9|9|7|7|7|7|7|7|7
37042,9,True,7,14,7,7|7|7|7|7|7|7|7|9|7|7|7|7|7|7
37054,5,False,5,6,5,7|7|5|5|7|5|7|5|3|1|5|5|5|5|5
37081,9,True,4,10,4,9|9|9|4|9|4|4|9|4|6|4|4|4|4|4
37093,0,False,0,9,0,6|4|6|0|4|0|6|0|4|6|0|0|6|0|4
37098,9,True,8,15,8,8|8|8|3|8|8|8|8|8|8|8|8|8|8|8
37124,0,True,1,13,1,1|1|1|3|7|3|2|6|1|6|1|7|0|1|0
37156,8,False,8,1,8,8|8|8|8|8|8|8|9|8|8|8|8|8|8|8
37165,5,True,9,3,5,5|5|5|5|5|5|5|9|9|5|5|5|5|5|9
37182,5,False,5,13,2,2|2|2|2|2|2|2|2|2|2|5|2|5|2|2
37215,5,True,9,3,5,5|5|5|5|9|5|5|5|9|5|7|5|5|5|5
37272,4,True,6,2,4,4|4|9|4|4|4|3|4|4|4|4|4|4|4|4
37309,3,False,3,5,3,3|2|9|3|4|3|3|3|3|3|4|6|3|3|3
37339,6,False,6,15,4,4|4|4|4|4|4|4|4|4|4|4|4|8|4|4
37361,9,False,9,13,5,9|5|5|5|5|5|5|5|5|9|5|5|5|5|5
37370,2,True,3,5,2,2|2|3|2|2|3|3|2|2|2|3|2|3|2|2
37438,9,False,9,12,5,5|9|5|5|9|5|5|5|9|5|5|5|5|5|5
37441,6,True,2,14,4,4|4|6|4|9|4|4|3|4|9|4|4|0|3|4
37442,6,True,0,11,8,6|8|5|6|6|4|8|4|4|6|8|4|8|8|8
37450,2,False,2,5,2,2|2|2|6|2|2|2|0|7|2|8|2|2|6|2
37500,1,True,5,11,-1,2|3|5|8|4|1|1|1|2|5|5|5|8|1|8
37503,3,True,8,12,8,8|8|7|8|3|8|3|8|8|8|8|8|8|8|3
37514,5,True,4,15,8,9|8|9|8|8|4|1|8|2|4|4|4|8|8|9
37529,9,True,8,15,8,8|8|8|8|8|8|8|8|8|7|8|8|8|8|8
37535,5,True,9,3,5,5|5|5|5|5|5|5|9|9|9|5|5|5|5|5
37541,3,False,3,11,2,2|2|2|2|3|3|3|2|2|3|2|2|2|2|2
37602,8,False,8,6,8,8|8|7|8|7|8|8|1|7|8|8|2|8|8|7
37617,7,True,1,3,7,7|7|7|7|7|7|7|1|7|7|7|7|7|1|1
37629,3,False,3,7,3,6|3|3|6|3|2|3|3|3|6|4|2|3|3|2
37646,9,True,4,6,9,9|9|9|9|9|4|9|9|9|9|4|4|4|4|4
37659,3,True,8,11,8,8|3|3|8|3|8|8|8|8|8|3|8|8|8|8
37664,7,True,5,11,5,7|2|1|5|5|7|5|1|3|5|1|7|7|1|5
37667,4,True,6,14,6,6|4|6|6|0|6|6|6|6|6|6|6|6|0|6
37669,2,True,3,7,2,3|2|2|2|2|3|3|3|2|3|3|2|2|3|2
37677,3,False,3,5,3,3|3|3|2|3|3|3|3|2|3|6|2|3|3|2
37678,0,True,2,8,2,2|2|2|0|0|2|2|0|0|0|2|0|0|2|2
37715,4,True,6,13,6,6|4|6|6|6|6|6|6|6|6|6|6|6|4|6
37752,9,True,7,12,7,7|9|7|7|7|5|9|9|7|7|7|7|7|5|7
37760,1,True,5,13,5,5|1|2|5|7|1|5|5|2|2|7|5|5|5|2
37777,1,True,8,15,8,8|8|8|8|7|8|8|8|8|9|8|8|8|8|8
37782,2,True,7,15,7,7|7|7|7|7|7|7|7|7|7|7|7|7|7|7
37789,2,True,3,9,-1,2|4|4|6|2|4|3|3|4|2|4|2|2|4|2
37819,3,True,2,14,4,4|4|9|4|4|4|9|9|9|9|4|4|3|4|9
37834,4,True,6,15,8,8|8|8|8|8|6|8|1|8|8|8|8|8|8|8
37856,5,False,5,5,5,7|2|5|5|7|5|5|5|7|5|7|5|5|5|5
37861,1,True,5,11,5,3|5|5|1|5|1|1|5|3|5|5|5|5|5|1
37869,8,False,8,1,8,8|1|8|8|8|8|8|8|8|8|8|8|8|8|8
37872,4,True,6,14,8,2|6|8|6|6|2|8|8|8|0|8|2|8|4|8
37880,3,False,3,7,3,3|3|2|6|6|6|3|3|7|3|0|3|3|3|2
37884,3,True,8,12,8,8|8|8|8|3|8|8|8|3|3|8|5|8|8|8
37892,6,True,0,2,6,6|6|6|6|6|6|6|6|6|0|6|0|6|6|6
37901,3,False,3,7,3,2|3|3|2|3|3|3|3|2|3|6|2|2|3|2
37907,3,True,8,14,8,6|8|8|0|8|4|8|3|4|2|8|8|4|8|8
37925,5,False,5,4,5,5|5|5|5|5|1|5|5|7|1|7|5|5|5|5
37928,7,True,5,10,5,5|7|5|7|5|5|5|8|7|7|3|5|5|5|7
37931,7,True,3,15,3,2|3|3|3|6|1|1|6|3|4|2|2|3|2|3
37941,4,True,1,15,1,1|1|1|1|7|1|1|1|0|1|0|0|8|1|1
37951,9,True,4,15,0,0|0|4|2|2|4|4|0|4|4|0|0|0|0|2
37953,4,False,4,8,4,9|9|9|9|2|4|8|9|4|9|4|4|4|4|4
37958,2,False,2,11,-1,2|8|8|6|2|4|1|2|6|3|8|0|8|5|2
37977,3,True,8,14,8,8|8|8|8|8|8|8|8|8|8|3|8|8|8|8
37979,5,False,5,10,-1,8|8|8|5|5|3|8|7|2|8|7|5|5|5|2
37989,0,False,0,13,6,6|0|6|4|6|6|6|6|6|0|6|6|6|6|6
37993,7,False,7,1,7,7|7|7|7|7|7|7|7|7|7|7|7|7|7|4
38033,9,True,4,14,2,2|9|2|2|4|2|2|4|2|4|4|0|2|2|2
38088,7,False,7,2,7,7|7|7|7|7|7|7|9|9|7|7|7|7|7|7
38092,2,True,7,15,7,7|7|7|7|7|7|7|7|7|7|7|7|7|7|7
38094,7,True,1,13,1,1|1|7|1|1|1|1|1|1|1|1|1|7|1|1
38095,5,True,9,2,5,5|5|5|5|5|5|5|5|9|5|5|5|5|5|9
38109,0,True,2,2,0,2|0|0|0|2|0|0|0|0|0|0|0|0|0|0
38130,8,False,8,1,8,8|8|8|8|7|8|8|8|8|8|8|8|8|8|8
38133,7,False,7,1,7,7|7|7|7|7|7|7|7|9|7|7|7|7|7|7
38138,4,False,4,2,4,4|4|4|4|4|4|4|6|4|9|4|4|4|4|4
38139,9,True,4,15,4,2|4|4|2|0|4|0|4|4|4|0|4|0|4|4
38166,3,True,2,15,4,4|9|9|4|9|4|4|4|4|4|4|4|4|9|4
38168,4,False,4,10,9,9|4|9|9|9|4|9|9|9|9|4|4|4|9|9
38169,7,True,8,13,8,8|7|8|8|8|8|8|8|8|8|8|7|8|8|8
38173,8,False,8,0,8,8|8|8|8|8|8|8|8|8|8|8|8|8|8|8
38177,9,True,4,4,9,9|9|9|9|9|4|9|9|9|9|4|4|9|9|4
38224,7,True,8,14,8,8|8|8|8|7|8|8|8|8|5|8|8|8|8|8
38235,0,True,1,11,1,1|1|1|7|1|1|1|1|0|1|0|1|0|0|1
38245,1,True,8,14,8,8|8|8|8|8|8|8|1|8|8|8|8|8|8|8
38261,8,False,8,4,8,8|8|8|8|3|3|8|3|8|8|8|3|8|8|8
38270,6,True,2,14,4,4|4|9|4|2|4|3|6|9|2|4|4|4|4|4
38285,2,True,7,14,7,7|7|7|7|7|7|7|9|7|2|7|7|7|7|7
38297,8,True,1,15,1,1|1|0|1|1|1|0|1|7|1|0|0|1|1|4
38302,6,False,6,14,4,0|8|2|4|0|4|0|6|4|0|0|4|4|4|4
38315,3,False,3,7,3,2|2|2|3|1|3|3|3|3|2|3|1|3|3|2
38326,9,True,4,11,4,4|9|9|4|9|4|4|4|9|4|4|4|4|4|4
38338,6,True,0,4,6,6|4|6|6|6|6|0|6|4|6|6|6|6|3|6
38346,9,True,4,12,4,4|4|4|4|4|3|8|9|9|4|4|4|4|4|9
38367,2,True,5,7,2,2|2|2|5|5|7|5|5|2|2|5|2|5|2|2
38401,4,True,7,15,7,7|9|7|7|7|7|7|7|7|7|7|7|7|7|7
38404,5,False,5,4,5,5|8|1|5|5|1|5|5|7|5|5|5|5|5|5
38412,9,True,7,14,7,7|7|7|7|7|7|7|7|9|7|7|7|7|7|7
38413,1,True,5,14,7,7|1|7|7|2|7|7|5|3|5|5|7|7|5|7
38418,6,True,0,12,3,2|8|2|6|7|8|8|6|3|0|3|6|2|3|3
38466,6,False,6,12,4,2|4|4|4|2|4|4|4|4|8|6|6|6|0|4
38491,3,True,8,9,8,3|8|3|8|8|8|8|3|3|3|3|8|8|8|8
38518,7,True,5,12,5,8|5|5|7|5|7|5|7|5|3|5|5|5|5|5
38533,6,True,3,8,-1,6|6|3|2|3|3|6|6|3|6|3|3|6|3|6
38536,6,False,6,3,6,6|0|6|6|6|6|6|6|6|6|4|4|6|6|6
38553,6,True,0,3,6,6|6|6|6|6|6|0|6|6|0|6|0|6|6|6
38554,2,False,2,15,4,4|4|3|4|4|4|9|9|4|4|4|4|4|4|4
38580,9,True,7,13,7,5|7|7|7|7|7|5|7|9|7|7|7|7|1|9
38583,6,True,0,1,6,6|6|6|6|6|6|6|6|6|6|6|0|6|6|6
38592,9,True,4,9,4,9|4|4|4|9|4|9|4|9|9|4|4|4|9|4
38596,9,True,7,14,7,5|7|7|7|7|5|7|9|7|7|7|7|7|7|7
38606,6,True,0,13,0,0|4|0|6|0|0|0|0|4|0|0|6|4|0|4
38610,4,True,6,15,6,6|6|6|6|0|6|6|6|6|0|6|0|6|6|6
38611,8,False,8,1,8,8|8|8|8|8|8|7|8|8|8|8|8|8|8|8
38644,7,False,7,3,7,7|4|7|7|7|7|1|7|7|7|7|2|7|7|7
38648,8,False,8,4,8,8|8|7|8|4|8|8|8|8|8|8|0|8|8|9
38651,1,False,1,4,1,1|1|1|7|1|1|1|0|1|1|0|0|1|1|1
38656,9,True,4,6,9,9|9|9|9|9|4|9|9|9|9|4|4|4|8|4
38683,2,False,2,8,-1,2|1|0|0|2|2|0|2|0|0|0|2|2|2|0
38688,5,False,5,2,5,5|5|5|5|3|5|7|5|5|5|5|5|5|5|5
38693,6,False,6,11,-1,6|4|0|6|0|4|6|0|4|6|8|0|8|4|8
38703,7,True,1,12,1,1|1|7|7|8|1|0|3|7|8|1|6|3|1|1
38708,4,False,4,3,4,4|4|4|4|4|4|9|9|4|4|4|4|4|9|4
38718,6,False,6,14,4,4|2|4|4|4|4|4|8|4|2|6|4|4|4|4
38728,9,True,8,15,8,8|8|8|8|8|8|8|8|8|8|8|8|8|8|8
38738,0,False,0,13,6,6|6|6|6|6|6|0|6|6|0|6|6|6|6|6
38741,2,True,3,9,3,2|2|3|3|3|3|3|3|3|2|3|2|2|3|2
38748,1,False,1,2,1,1|1|1|1|1|1|1|1|1|1|0|0|1|1|1
38749,7,True,1,13,1,1|1|7|1|1|1|1|1|1|7|1|0|1|1|1
38774,1,False,1,0,1,1|1|1|1|1|1|1|1|1|1|1|1|1|1|1
38779,1,False,1,3,1,1|1|1|7|1|7|1|1|1|1|1|1|4|1|1
38798,1,True,8,13,8,8|8|8|8|1|8|1|8|8|8|8|8|8|8|8
38819,4,False,4,9,-1,4|4|5|2|4|2|9|2|2|2|2|4|4|0|4
38827,6,True,0,8,0,6|0|6|0|6|6|0|6|6|6|0|0|0|0|0
38828,6,False,6,13,4,2|4|5|6|0|6|8|4|8|0|4|4|2|8|2
38834,6,True,2,15,-1,4|9|9|4|4|4|3|9|9|8|4|4|2|9|9
38853,6,False,6,8,6,6|6|3|0|4|1|0|6|6|0|0|6|6|0|6
38855,9,True,4,12,4,4|4|9|9|4|4|4|4|9|4|4|4|4|4|4
38861,8,False,8,1,8,8|8|8|3|8|8|8|8|8|8|8|8|8|8|8
38890,6,True,2,13,0,1|4|6|0|0|5|5|7|0|2|8|8|2|0|6
38899,5,True,9,6,5,5|9|5|5|9|5|5|9|9|9|5|5|5|5|9
38903,0,True,2,14,2,2|2|2|0|6|2|3|2|2|2|2|2|2|3|2
38925,6,True,2,14,2,2|2|2|2|6|2|8|2|2|2|2|0|2|2|2
38965,0,False,0,6,0,6|4|0|0|0|0|0|6|6|0|0|0|6|0|6
38987,9,False,9,13,5,9|5|5|5|5|5|5|5|9|5|5|5|5|5|7
39000,6,True,2,14,4,4|4|3|4|2|3|9|3|2|6|4|2|4|4|4
39046,4,True,1,14,1,1|7|1|7|1|1|1|1|1|1|1|8|4|1|1
39063,2,False,2,12,0,2|0|2|0|0|0|0|0|0|0|0|0|6|0|2
39089,0,True,2,15,4,4|8|2|4|2|4|6|4|2|2|2|4|4|4|4
39093,0,True,2,5,0,2|0|0|2|0|0|0|0|4|0|0|0|2|2|0
39099,0,False,0,13,6,6|6|6|6|6|6|6|6|6|0|6|0|6|6|6
39104,5,False,5,8,5,7|5|9|5|5|1|8|5|7|5|7|5|5|1|1
39126,7,True,1,14,1,1|1|1|1|1|1|7|1|4|1|1|0|1|1|1
39129,6,True,0,0,6,6|6|6|6|6|6|6|6|6|6|6|6|6|6|6
39138,9,True,4,12,4,4|4|4|4|9|4|4|9|4|4|4|4|4|9|4
39143,0,True,1,14,1,1|1|1|1|1|1|1|1|1|1|1|0|1|1|1
39178,9,True,4,13,4,4|4|4|4|4|4|3|9|9|4|4|4|4|4|4
39196,5,False,5,6,5,1|8|5|5|5|7|7|5|3|5|5|5|5|5|3
39218,4,True,6,14,0,0|0|2|0|0|2|0|0|0|4|2|0|2|0|2
39223,7,True,1,13,1,2|8|1|7|1|1|1|7|4|0|0|4|3|1|1
39250,0,False,0,15,6,6|2|4|6|2|6|6|1|2|6|6|6|6|6|6
39261,9,True,4,11,4,4|2|9|4|2|4|3|9|9|9|4|4|4|4|4
39266,3,False,3,6,3,2|3|2|2|3|3|3|3|2|3|3|2|3|3|2
39282,9,True,4,12,4,4|4|9|4|4|4|4|4|9|9|4|4|4|4|4
39283,9,True,6,15,4,4|4|4|4|2|4|4|6|4|2|6|4|6|8|4
39322,1,False,1,7,1,1|7|7|7|7|1|1|1|1|1|0|7|7|1|1
39326,4,False,4,2,4,4|4|4|9|4|4|4|9|4|4|4|4|4|4|4
39340,4,True,6,5,4,4|4|4|4|0|4|6|4|4|6|4|4|6|4|2
39342,0,False,0,13,6,6|6|6|6|6|6|6|6|6|6|6|0|6|6|0
39353,0,True,1,12,1,1|1|1|0|1|1|1|1|1|1|0|0|3|1|1
39381,1,False,1,8,7,7|1|7|7|7|1|1|1|7|1|7|7|7|1|1
39393,8,True,1,15,1,1|1|1|1|1|1|1|1|7|1|1|1|1|1|1
39415,0,False,0,14,6,6|6|6|6|6|6|6|6|6|6|6|0|6|3|6
39417,5,False,5,8,-1,7|5|7|7|5|7|5|7|2|5|7|7|5|5|5
39420,9,True,4,15,4,6|4|4|4|4|4|8|4|4|0|4|4|2|4|4
39433,9,True,8,14,4,6|4|3|9|4|4|3|6|2|0|4|4|4|4|4
39441,3,True,7,15,7,7|7|7|7|7|7|7|7|7|7|7|7|7|7|7
39458,1,True,8,13,8,8|8|8|8|8|8|1|8|8|1|8|8|8|8|8
39471,9,True,8,14,8,8|8|8|1|1|8|7|9|8|7|1|8|8|8|1
39519,6,True,0,3,6,6|6|6|6|6|6|6|0|6|6|6|0|6|6|0
39561,1,False,1,6,1,1|7|1|7|1|1|7|1|1|1|7|7|7|1|1
39562,7,True,1,2,7,7|7|7|7|7|1|7|7|7|7|7|7|7|1|7
39563,1,True,5,12,5,5|5|5|5|5|7|1|1|3|1|5|5|5|5|5
39580,3,False,3,5,3,6|2|3|3|6|3|3|3|3|2|3|3|3|2|3
39621,6,True,0,2,6,6|6|6|6|6|6|6|6|6|0|6|0|6|6|6
39667,9,True,7,15,7,7|7|7|7|7|7|7|7|7|7|7|7|7|7|7
39673,3,False,3,7,3,2|3|3|3|2|3|3|2|2|3|3|2|3|2|2
39682,9,True,4,10,4,9|9|4|4|9|4|8|4|9|9|4|4|4|4|4
39713,4,True,7,13,7,2|7|5|7|7|7|7|7|4|7|7|2|7|7|4
39732,9,True,4,8,-1,9|4|9|4|4|4|3|9|9|9|4|4|4|9|9
39735,9,True,4,14,0,2|4|2|0|0|4|0|9|4|4|2|0|0|0|4
39755,3,False,3,11,2,2|3|2|2|2|3|3|2|3|2|2|2|2|2|2
39763,8,True,7,15,5,5|5|5|5|5|5|5|5|9|5|5|5|7|5|5
39776,0,True,1,15,1,1|1|7|1|1|1|1|1|1|1|1|7|1|1|1
39780,2,False,2,13,4,4|2|4|4|2|4|4|6|9|6|4|4|4|4|4
39787,3,False,3,7,3,2|2|3|2|3|6|3|3|3|3|6|2|3|3|2
39788,9,True,7,13,7,7|7|7|7|7|7|7|9|7|7|7|7|7|7|9
39796,0,False,0,10,6,6|0|6|6|6|6|0|6|6|6|0|0|6|0|6
39812,0,False,0,6,0,6|0|6|0|6|0|0|6|0|0|0|0|6|6|0
39838,3,True,5,15,5,5|5|1|5|5|5|5|1|7|5|5|5|5|5|9
39840,5,False,5,9,5,1|5|1|5|5|1|5|5|2|7|7|7|7|5|1
39872,5,False,5,15,7,7|7|7|7|7|7|7|7|7|7|7|7|7|7|7
39898,1,False,1,5,1,0|1|1|0|1|1|1|1|1|7|1|0|7|1|1
39909,5,True,9,5,5,7|5|5|5|5|7|7|9|9|5|5|5|5|5|5
39910,6,False,6,14,4,2|4|2|0|2|0|4|4|4|0|4|0|6|9|4
39916,0,False,0,14,6,6|6|6|6|6|6|6|6|6|0|6|6|6|6|6
39918,4,True,6,12,-1,6|1|4|6|2|8|1|4|3|1|8|6|4|3|2
39926,3,True,8,15,8,8|8|8|8|8|8|8|8|8|8|8|8|8|8|8
39934,4,False,4,1,4,4|4|4|4|4|4|4|9|4|4|4|4|4|4|4
39940,5,True,9,4,5,5|5|9|5|9|5|5|5|9|5|5|5|5|5|9
39943,9,True,8,15,8,8|8|8|8|8|8|8|8|8|8|3|8|8|8|8
39959,2,True,5,14,1,7|1|1|5|1|7|1|1|2|1|5|7|5|5|1
39972,2,True,5,13,5,5|5|5|5|5|2|5|5|5|5|5|5|5|7|2
39974,5,False,5,8,-1,7|5|7|7|7|5|7|5|7|5|7|5|5|1|5
39982,5,False,5,5,5,7|7|5|5|7|5|5|7|7|5|5|5|5|5|5
39989,5,True,9,4,5,6|5|5|5|9|5|5|9|9|5|5|5|5|5|5
40007,6,True,0,6,6,6|6|6|0|6|6|0|2|6|6|3|3|6|6|3
40014,8,False,8,1,8,8|8|8|8|8|8|8|8|7|8|8|8|8|8|8
40044,4,False,4,5,4,4|4|9|4|9|0|9|4|9|4|4|4|4|4|4
40059,1,False,1,1,1,1|1|1|1|1|1|1|1|1|1|1|0|1|1|1
40071,7,False,7,3,7,7|4|7|7|7|7|9|7|7|7|7|7|7|7|4
40083,3,False,3,12,2,2|7|3|2|8|6|1|8|7|0|2|2|6|3|3
40095,0,True,2,12,4,4|4|2|0|0|0|8|1|4|8|2|4|4|2|4
40154,7,True,8,6,7,8|1|8|7|7|7|1|7|7|7|8|7|7|7|8
40162,0,False,0,10,4,4|6|2|6|4|4|8|4|4|0|4|0|0|0|0
40174,7,True,8,12,8,7|8|8|8|8|8|7|8|8|8|7|8|8|8|8
40180,0,False,0,9,6,6|6|6|0|6|6|0|6|6|0|0|0|6|6|0
40192,7,False,7,1,7,7|7|7|7|7|7|7|7|7|7|7|7|7|7|9
40195,2,True,9,13,7,5|9|7|7|7|3|2|2|8|9|7|7|7|1|7
40210,5,False,5,6,5,5|1|5|5|7|1|5|9|7|5|5|5|5|5|2
40266,4,False,4,4,4,4|9|9|9|4|4|3|4|4|4|4|4|4|4|4
40305,5,True,9,8,5,5|9|5|9|7|5|8|9|9|5|9|5|5|5|9
40328,6,True,0,2,6,6|6|6|6|6|6|6|0|6|6|6|0|6|6|6
40362,3,False,3,5,3,2|3|2|3|6|3|3|3|3|3|3|3|2|3|2
40385,9,True,4,11,4,4|9|9|4|9|4|0|4|9|4|4|4|4|4|4
40386,9,True,4,7,9,4|9|9|9|2|4|9|9|9|4|4|4|4|9|9
40416,6,True,0,1,6,6|6|6|6|6|6|6|6|6|6|0|6|6|6|6
40443,7,True,8,13,8,8|8|8|8|8|8|7|8|8|7|8|8|8|8|8
40457,6,True,0,5,6,6|6|6|0|6|6|6|0|6|6|0|0|6|6|0
40464,1,False,1,2,1,1|1|1|1|1|1|1|1|1|1|1|0|7|1|1
40477,1,True,8,14,8,8|8|8|8|1|8|8|8|8|8|8|8|8|8|8
40494,1,False,1,2,1,7|1|1|1|1|1|1|1|1|1|1|1|7|1|1
40521,1,True,8,14,8,8|1|8|8|8|8|8|8|2|8|6|8|8|8|8
40533,9,True,7,15,7,7|7|7|7|7|7|3|7|7|7|7|7|7|7|7
40540,5,True,9,1,5,5|5|5|5|5|5|5|5|9|5|5|5|5|5|5
40541,9,True,4,11,4,9|4|4|9|4|4|9|9|4|2|4|4|4|4|4
40566,1,False,1,7,1,1|4|1|6|4|1|4|1|2|1|1|0|4|1|1
40583,8,False,8,6,8,8|8|8|1|8|1|1|1|1|8|8|8|8|8|1
40592,4,True,6,1,4,4|4|4|4|2|4|4|4|4|4|4|4|4|4|4
40597,9,True,7,12,7,7|9|7|7|7|7|7|7|9|7|7|7|7|7|9
40619,3,False,3,10,3,1|6|3|3|6|3|3|1|2|6|3|6|8|1|1
40632,7,False,7,0,7,7|7|7|7|7|7|7|7|7|7|7|7|7|7|7
40637,8,True,6,15,-1,2|4|3|2|4|2|4|4|2|6|6|2|2|4|4
40657,6,True,3,13,3,1|3|3|2|6|3|1|1|3|6|8|2|8|2|3
40661,7,False,7,2,7,7|7|7|7|7|7|7|9|9|7|7|7|7|7|7
40678,9,True,8,15,4,8|6|4|8|4|6|4|1|4|8|8|4|8|4|6
40691,6,True,0,1,6,6|6|6|6|6|6|6|6|6|6|6|0|6|6|6
40711,8,True,6,12,4,2|8|2|4|2|4|4|4|4|6|2|4|4|8|8
40715,3,True,7,15,7,7|2|7|7|5|7|7|7|7|7|7|2|5|5|9
40717,9,True,4,7,9,9|9|9|9|9|4|1|8|9|1|4|4|9|9|4
40721,2,True,5,11,5,2|1|5|7|5|2|7|5|2|5|0|5|5|5|2
40722,6,True,3,15,3,3|3|3|3|2|3|3|2|3|2|3|2|3|3|3
40748,6,True,1,15,1,1|1|1|1|1|1|1|1|1|1|1|1|1|1|1
40760,0,True,1,9,1,1|1|1|0|1|1|0|1|0|1|0|0|0|1|1
40765,3,True,5,13,5,1|5|5|5|5|3|5|3|2|5|5|5|5|5|5
40802,0,False,0,11,6,6|6|6|6|0|6|6|6|4|0|6|0|6|0|6
40808,3,True,5,15,5,5|5|5|5|5|5|5|5|7|5|7|5|5|5|2
40817,1,True,8,15,8,8|8|8|8|8|8|8|8|8|8|8|8|8|8|8
40822,4,True,6,5,4,4|4|4|8|4|6|8|4|4|0|4|4|4|0|4
40859,3,False,3,3,3,3|3|3|2|3|3|3|3|3|3|3|6|3|3|2
40866,2,True,5,14,7,7|7|1|7|7|7|7|8|7|5|7|7|7|2|7
40898,7,False,7,1,7,7|7|7|7|7|7|7|9|7|7|7|7|7|7|7
40920,6,True,5,15,5,2|1|5|7|5|1|1|5|3|5|5|5|5|5|1
40932,3,False,3,14,6,6|6|6|6|2|2|3|2|6|0|6|6|6|0|6
40940,7,True,8,15,8,8|8|8|8|8|8|8|8|8|2|8|8|8|8|8
40942,5,False,5,6,5,5|5|1|5|5|7|5|1|2|2|5|5|5|5|7
40946,2,False,2,15,6,6|8|6|0|4|6|6|6|8|8|6|6|8|1|1
40959,9,True,4,11,4,4|9|4|4|9|3|4|9|9|1|4|4|4|2|4
40978,6,True,9,15,5,3|5|5|5|5|5|5|9|9|5|5|9|9|5|5
40988,0,True,2,6,0,0|0|9|0|0|4|4|2|2|0|0|0|0|0|2
40991,0,False,0,14,6,6|6|6|6|6|6|6|6|6|6|6|0|6|6|6
40995,7,False,7,5,7,7|2|7|7|7|5|7|9|7|7|7|7|5|1|7
41002,3,False,3,7,3,4|4|3|2|3|3|3|3|3|3|4|2|2|3|2
41004,6,True,3,9,3,6|3|3|3|6|3|3|6|3|3|3|6|6|3|6
41027,2,False,2,11,0,2|0|0|2|2|0|8|2|0|4|0|0|0|0|4
41032,2,True,3,12,3,3|6|7|2|6|8|6|3|3|0|0|0|2|3|2
41038,4,True,6,14,0,2|0|2|0|2|0|6|0|4|0|0|6|8|8|6
41039,4,True,6,1,4,4|4|4|4|4|4|4|4|4|6|4|4|4|4|4
41040,7,True,1,8,1,1|1|7|7|1|1|1|7|7|1|7|7|7|1|1
41063,9,False,9,12,7,5|9|9|7|7|7|9|8|7|2|7|2|5|8|5
41075,0,True,2,5,0,0|2|0|0|0|2|0|0|0|0|0|0|2|2|2
41084,4,True,6,14,6,6|4|0|6|0|6|6|6|6|0|6|6|6|8|6
41107,2,False,2,10,0,2|2|2|0|2|4|8|0|4|0|0|0|0|2|0
41139,6,True,2,14,2,2|6|2|4|2|2|3|2|2|2|2|2|4|2|3
41147,9,True,7,15,7,7|7|7|7|7|7|8|7|7|7|7|7|7|7|7
41153,6,True,0,1,6,6|6|6|6|0|6|6|6|6|6|6|6|6|6|6
41155,2,False,2,9,2,2|2|9|4|2|4|3|2|4|2|4|0|6|4|2
41164,0,False,0,10,6,6|6|6|2|6|6|6|0|0|6|6|0|6|0|0
41187,4,True,7,15,7,7|7|7|7|7|7|7|7|7|3|7|7|7|7|7
41214,5,True,9,2,5,5|5|5|5|5|5|5|5|9|5|5|5|5|5|9
41225,5,True,9,2,5,5|5|5|5|5|5|5|9|5|5|5|5|5|5|9
41229,6,True,0,14,3,8|3|3|3|6|3|3|3|3|8|8|2|3|3|8
41244,5,False,5,6,5,5|7|1|5|5|5|5|2|7|7|5|5|5|5|3
41283,2,False,2,14,0,6|8|0|0|0|8|0|4|2|0|0|6|8|8|0
41326,6,False,6,3,6,6|6|6|6|2|6|6|6|4|6|6|4|6|6|6
41328,3,False,3,5,3,2|2|3|3|3|3|3|3|3|3|2|2|3|1|3
41329,6,True,3,8,6,6|6|3|6|6|3|3|6|3|3|6|2|6|3|4
41351,5,True,9,3,5,5|5|5|5|5|5|5|9|9|9|5|5|5|5|5
41360,5,True,9,1,5,5|5|5|5|9|5|5|5|5|5|5|5|5|5|5
41366,3,True,8,14,8,8|3|8|8|7|8|8|8|8|8|8|8|8|8|8
41388,0,True,2,13,2,2|8|2|0|8|2|2|2|2|2|4|2|8|8|0
41397,0,False,0,15,6,6|6|6|6|3|4|6|6|2|6|6|6|3|3|6
41403,9,True,4,11,4,9|4|9|9|4|8|4|4|4|8|4|4|4|9|4
41409,0,True,1,14,1,1|1|7|0|1|1|1|1|7|7|1|7|1|1|1
41414,3,False,3,5,3,2|3|3|3|3|3|3|6|3|2|3|2|3|2|3
41433,9,False,9,14,5,7|5|5|5|5|7|5|9|5|5|5|5|5|5|5
41442,1,True,8,11,8,8|8|8|8|8|8|1|8|8|8|1|1|8|8|1
41496,6,True,0,4,6,6|0|6|6|6|6|6|0|6|6|6|0|0|6|6
41503,7,False,7,7,7,7|4|4|7|7|4|7|7|4|7|4|4|7|7|4
41511,6,False,6,6,6,6|0|6|6|6|4|6|6|4|0|6|0|6|6|4
41529,6,True,9,15,5,5|9|5|5|9|5|7|9|9|5|5|5|5|5|5
41551,9,True,7,12,7,7|9|7|7|7|7|9|7|7|9|7|7|7|7|7
41561,4,False,4,10,4,9|4|3|8|2|4|3|8|8|4|4|4|9|9|9
41576,6,True,0,3,6,6|6|6|0|6|6|6|6|6|0|6|0|6|6|6
41579,9,True,7,10,7,7|9|7|7|9|7|7|9|7|7|7|7|7|9|9
41588,9,True,4,10,9,8|4|9|2|9|8|3|9|2|8|4|9|4|4|9
41593,6,True,0,5,6,6|8|6|6|6|6|0|6|6|6|6|0|6|3|2
41623,7,True,8,15,8,8|8|8|8|3|8|8|8|8|8|8|8|8|8|8
41629,4,True,1,15,7,1|1|7|7|7|1|7|1|7|7|1|7|7|1|1
41658,9,True,4,12,4,4|9|4|4|9|4|8|4|4|4|4|4|4|9|4
41676,5,True,8,14,8,6|8|7|8|8|7|8|8|7|8|5|7|8|8|7
41685,7,True,1,13,1,1|7|1|1|1|1|1|1|1|1|1|7|1|1|1
41686,2,True,3,8,-1,2|3|3|3|2|3|3|6|2|2|3|2|3|2|2
41713,8,False,8,9,8,8|8|3|3|3|8|8|8|7|0|3|2|8|5|3
41722,1,False,1,2,1,7|1|1|1|1|1|1|1|4|1|1|1|1|1|1
41750,7,False,7,0,7,7|7|7|7|7|7|7|7|7|7|7|7|7|7|7
41754,6,False,6,15,4,3|4|4|2|4|4|4|4|4|4|3|4|4|4|9
41774,6,True,3,15,3,2|3|2|3|4|3|3|2|3|3|3|2|3|2|2
41791,3,True,8,14,8,8|8|8|8|8|3|8|8|8|8|8|8|8|8|8
41826,8,False,8,7,8,8|8|8|3|8|8|8|7|7|3|8|7|7|8|3
41828,5,False,5,3,5,5|2|7|5|5|7|5|5|5|5|5|5|5|5|5
41833,0,False,0,14,6,6|6|6|6|6|6|6|6|6|6|6|0|6|6|6
41840,1,False,1,2,1,1|1|1|1|1|1|1|0|1|1|0|1|1|1|1
41851,8,False,8,2,8,8|8|8|8|8|8|3|8|3|8|8|8|8|8|8
41862,0,False,0,13,6,6|6|6|6|6|6|6|6|6|0|6|0|6|6|6
41872,5,True,9,5,5,5|5|9|5|9|5|5|9|9|5|5|5|9|5|5
41882,2,True,9,15,-1,7|9|9|7|7|1|9|9|9|7|7|7|7|9|9
41893,9,True,4,14,0,0|0|2|0|2|4|0|2|2|2|0|0|0|9|0
41942,8,False,8,7,8,8|7|7|8|7|7|7|7|8|7|8|8|8|8|8
41945,9,True,8,15,8,8|8|8|8|8|8|8|8|8|8|8|8|8|8|8
41950,8,False,8,3,8,8|7|8|8|9|8|3|8|8|8|8|8|8|8|8
41962,3,False,3,5,3,6|3|6|3|3|3|3|6|3|0|3|6|3|3|3
41987,1,True,8,14,8,8|8|7|3|8|3|1|8|7|8|8|8|8|8|9
41991,4,False,4,5,4,4|9|9|4|4|4|9|9|9|4|4|4|4|4|4
41993,4,True,7,15,7,7|7|5|7|7|7|7|5|7|7|7|7|7|7|2
41998,9,False,9,7,9,5|9|9|7|7|7|5|9|9|2|9|9|2|9|9
42017,5,True,9,0,5,5|5|5|5|5|5|5|5|5|5|5|5|5|5|5
42052,5,True,9,1,5,5|5|5|5|5|5|5|5|9|5|5|5|5|5|5
42082,6,False,6,15,0,0|0|0|0|0|2|0|0|2|2|0|0|0|0|0
42096,9,True,4,12,4,9|4|4|2|9|4|8|9|4|4|4|4|4|4|4
42110,3,False,3,15,4,4|4|4|4|4|4|4|4|4|2|2|4|4|4|4
42116,9,True,4,15,4,4|4|4|4|4|4|4|4|4|4|4|4|4|4|4
42145,2,True,7,15,7,5|7|7|7|7|7|7|9|7|9|7|7|7|7|7
42150,3,False,3,10,2,2|2|2|2|2|2|3|2|3|3|3|2|3|2|2
42214,9,True,4,13,-1,1|9|9|4|2|3|3|6|7|4|1|3|4|3|4
42220,4,True,1,15,1,7|1|7|7|7|1|1|1|1|1|1|1|7|1|7
42226,8,True,2,15,0,0|2|0|0|0|2|0|2|0|0|0|0|2|2|2
42240,8,False,8,2,8,8|8|1|8|8|8|8|8|8|1|8|8|8|8|8
42294,3,True,8,15,8,4|8|9|8|4|8|6|1|8|8|8|4|8|8|9
42329,7,True,1,5,7,7|7|7|7|1|1|1|1|7|7|7|7|7|1|7
42333,1,False,1,0,1,1|1|1|1|1|1|1|1|1|1|1|1|1|1|1
42335,7,True,1,15,1,1|0|1|1|1|1|1|1|1|1|0|0|3|1|1
42354,6,True,0,3,6,6|6|6|6|6|6|6|6|6|6|0|0|6|6|0
42370,9,True,7,12,7,9|9|7|7|7|7|7|9|7|7|7|7|7|7|7
42375,2,False,2,12,4,4|2|4|4|2|4|4|6|9|2|4|4|4|9|4
42379,5,True,9,2,5,5|5|5|5|5|5|5|5|9|5|5|5|5|5|9
42386,7,True,5,9,7,1|7|1|7|7|7|7|5|3|3|7|5|5|3|2
42390,6,False,6,14,8,6|2|8|5|2|3|8|2|7|8|8|5|2|8|1
42423,0,True,1,12,1,1|1|1|0|1|1|1|1|1|0|1|1|1|1|0
42426,2,False,2,9,0,2|2|0|0|0|0|0|2|2|2|0|6|2|0|0
42443,7,False,7,14,5,5|5|5|9|5|5|5|9|9|7|5|5|5|5|5
42460,0,True,1,11,1,1|1|1|1|1|1|0|1|0|1|1|0|0|1|1
42494,1,True,3,15,6,6|6|6|4|6|4|6|6|4|0|6|0|6|6|0
42496,8,False,8,5,8,8|8|8|3|3|8|8|3|3|0|8|8|8|8|8
42498,5,False,5,3,5,5|5|1|5|5|3|5|5|3|5|5|5|5|5|5
42503,4,False,4,8,9,4|9|9|4|9|4|4|9|9|9|4|4|4|9|9
42520,5,True,9,5,5,5|5|5|9|9|5|5|2|9|5|9|5|5|5|5
42535,2,True,9,15,5,5|5|5|5|9|5|5|9|9|9|5|5|5|5|5
42543,0,True,1,14,1,1|1|1|1|7|1|1|1|8|1|0|1|1|1|1
42551,9,True,4,13,4,3|4|1|1|4|3|8|9|2|6|6|4|9|4|4
42569,2,True,3,3,2,2|2|2|2|2|3|3|2|2|2|2|2|3|2|2
42571,6,False,6,15,0,2|0|0|0|0|4|0|0|0|0|4|4|2|4|0
42580,6,True,0,6,6,2|6|6|8|6|6|0|6|4|6|0|6|6|1|6
42629,2,True,9,12,5,5|2|5|5|5|5|5|2|9|3|5|2|5|5|5
42633,9,True,8,15,8,8|8|8|8|8|8|8|8|8|8|8|8|8|8|8
42637,6,True,3,13,3,2|3|3|3|6|3|3|1|3|2|3|6|3|3|2
42647,8,False,8,1,8,8|8|8|8|8|8|8|8|8|8|8|8|8|8|9
42649,2,False,2,13,0,2|2|0|6|0|0|0|9|0|0|0|0|0|0|4
42664,8,False,8,6,8,7|8|8|8|8|2|8|8|8|5|7|8|7|8|3
42676,9,False,9,10,5,5|5|9|5|9|7|5|5|9|2|9|5|5|5|9
42680,9,True,4,6,9,9|4|9|9|9|4|9|9|9|9|4|4|4|9|4
42711,9,False,9,13,5,5|5|5|5|5|5|5|9|9|5|5|5|5|5|5
42725,3,False,3,15,4,4|4|2|2|4|4|4|2|2|4|4|2|4|4|2
42733,2,True,3,8,2,2|3|2|6|3|6|3|2|3|2|6|2|2|6|2
42761,9,True,7,14,7,7|5|1|7|7|5|7|5|9|1|7|5|7|5|7
42806,9,True,4,6,9,9|4|9|9|9|4|4|9|9|9|4|4|4|9|9
42807,3,True,5,15,5,5|1|8|5|5|7|5|5|7|5|7|5|5|5|5
42826,6,True,0,6,6,6|0|0|6|0|2|6|0|6|6|6|6|6|2|6
42827,1,True,5,11,5,1|5|5|5|5|1|1|5|2|5|5|5|5|5|1
42833,9,True,8,15,8,8|8|8|8|8|3|8|8|8|3|8|8|8|8|8
42856,1,True,8,13,8,8|8|8|1|8|8|8|8|8|1|8|8|8|8|8
42872,0,True,1,11,1,1|1|1|1|1|1|0|1|1|1|1|0|0|1|0
42887,0,True,2,4,0,2|2|0|0|0|0|0|0|4|0|0|0|0|0|4
42904,3,False,3,5,3,2|3|6|2|3|3|3|3|3|3|3|2|3|3|2
42925,3,True,5,15,5,5|5|5|5|5|7|5|5|5|5|5|5|5|5|5
42929,3,True,8,11,8,8|8|8|8|8|8|3|8|3|8|8|3|3|8|8
42950,8,False,8,3,8,8|3|8|8|8|3|8|8|8|3|8|8|8|8|8
43011,9,True,7,14,7,7|7|7|7|7|7|7|7|9|7|7|7|7|7|7
43020,0,True,1,12,1,1|1|1|0|1|1|1|1|1|1|0|0|1|1|1
43028,8,False,8,3,8,8|8|8|8|8|7|7|8|8|1|8|8|8|8|8
43031,3,False,3,5,3,3|3|2|6|3|3|3|3|3|3|4|6|3|3|2
43034,6,True,7,15,7,7|7|7|7|7|7|7|9|7|7|7|7|7|7|7
43039,3,False,3,14,-1,2|1|1|5|5|1|8|8|7|4|3|6|5|6|2
43046,6,False,6,13,4,4|4|1|2|1|2|4|6|2|6|4|4|8|1|1
43064,5,True,9,0,5,5|5|5|5|5|5|5|5|5|5|5|5|5|5|5
43067,2,False,2,11,-1,2|9|3|2|2|3|9|8|2|0|4|4|3|4|4
43080,3,False,3,9,2,6|3|2|2|2|3|3|2|3|2|6|2|3|3|2
43092,0,False,0,13,6,6|8|6|0|9|1|0|6|6|6|6|6|2|8|8
43096,3,False,3,7,3,2|3|3|3|2|3|3|2|3|2|3|6|3|2|2
43106,2,False,2,9,-1,2|0|0|0|6|2|7|2|2|0|0|6|2|2|0
43108,4,True,6,6,4,6|4|4|4|4|2|4|6|4|4|6|6|4|2|4
43109,9,True,7,14,7,7|5|2|9|7|7|3|5|2|7|5|5|7|5|7
43124,5,True,9,5,5,8|5|5|5|7|5|5|5|9|2|5|9|5|5|5
43154,6,True,0,2,6,6|6|6|6|6|6|6|6|6|6|6|0|6|6|0
43156,0,True,2,11,4,2|2|4|0|0|4|4|2|4|0|2|2|0|4|4
43158,0,True,1,11,1,1|1|1|0|1|1|1|1|4|0|0|0|6|1|4
43182,9,True,4,15,4,4|4|4|4|4|4|4|4|4|4|4|4|4|4|4
43187,4,False,4,5,4,4|6|3|4|4|4|9|9|2|4|4|4|4|4|4
43191,7,True,1,3,7,7|1|7|7|7|1|7|7|7|7|7|7|7|1|7
43236,9,True,7,14,7,7|7|7|7|7|7|9|7|7|7|7|7|7|7|7
43258,7,True,5,8,7,1|7|3|7|7|7|8|5|7|1|3|5|7|7|2
43262,0,True,2,8,0,2|1|0|0|2|0|0|2|0|2|0|0|6|8|8
43263,4,True,6,1,4,4|4|4|4|4|4|4|4|4|4|4|4|4|4|6
43269,0,False,0,12,6,6|6|6|6|6|6|3|6|6|0|0|6|6|1|0
43323,2,True,9,15,5,5|5|5|5|9|5|5|5|9|5|5|5|5|5|5
43350,6,True,0,5,6,6|6|4|6|6|8|6|6|6|6|6|0|6|3|8
43400,5,False,5,6,5,5|7|5|7|5|7|5|7|7|7|5|5|5|5|5
43414,1,True,5,13,7,1|5|7|5|7|7|7|2|5|1|7|5|7|2|7
43441,3,False,3,6,3,2|3|2|3|3|3|3|3|2|8|3|6|3|3|2
43444,5,False,5,10,2,2|2|5|2|5|2|7|2|2|2|5|2|5|5|2
43451,4,False,4,5,4,9|4|4|2|4|4|9|4|4|9|4|9|4|4|4
43496,1,False,1,4,1,1|0|1|1|1|1|1|8|1|1|1|0|1|1|0
43501,4,True,6,2,4,4|4|4|4|4|4|9|4|4|9|4|4|4|4|4
43505,6,True,0,2,6,6|6|6|6|6|6|6|6|6|6|0|0|6|6|6
43532,3,True,5,14,5,5|5|5|7|7|7|7|5|3|5|5|7|5|5|5
43540,8,False,8,2,8,8|8|5|8|8|8|3|8|8|8|8|8|8|8|8
43571,3,False,3,7,3,3|3|2|2|3|3|3|2|3|3|2|2|3|2|2
43581,2,True,5,12,5,2|5|3|5|5|3|8|5|2|5|8|5|5|5|2
43584,5,True,9,2,5,5|5|5|5|9|5|5|9|5|5|5|5|5|5|5
43591,9,True,7,13,7,7|9|7|7|7|7|7|7|9|7|7|7|7|5|7
43613,8,True,6,11,-1,8|4|6|4|6|8|6|6|2|4|6|4|4|8|8
43617,3,True,8,13,8,8|8|8|8|8|8|8|3|8|8|3|8|8|8|8
43627,6,True,1,15,1,1|1|1|1|1|1|0|1|1|1|1|1|1|1|1
43636,2,True,5,10,5,2|1|5|5|5|2|7|5|2|7|5|5|2|5|2
43640,1,False,1,5,1,1|1|7|7|1|7|1|1|1|1|1|7|7|1|1
43648,7,False,7,2,7,7|7|7|7|5|7|7|7|7|7|7|9|7|7|7
43658,7,False,7,1,7,7|9|7|7|7|7|7|7|7|7|7|7|7|7|7
43662,7,False,7,1,7,7|7|7|7|7|7|7|9|7|7|7|7|7|7|7
43707,3,False,3,4,3,2|3|6|3|3|3|3|3|3|3|6|2|3|3|3
43717,7,True,5,9,5,7|7|5|5|7|7|5|7|7|5|5|5|5|5|5
43726,8,False,8,2,8,8|8|8|8|8|3|8|8|8|8|8|8|8|3|8
43728,9,True,7,15,7,5|7|5|7|7|7|7|8|7|7|7|3|7|7|7
43741,7,True,5,9,7,7|5|5|7|7|1|7|2|3|1|7|5|5|7|5
43752,9,True,8,15,8,8|8|8|3|8|8|8|8|8|3|8|8|8|8|8
43759,8,False,8,1,8,8|8|9|8|8|8|8|8|8|8|8|8|8|8|8
43765,4,True,6,9,6,4|4|6|6|4|4|6|6|4|6|6|4|6|6|0
43818,9,True,7,9,7,9|9|7|9|7|7|7|9|9|7|7|7|7|3|9
43823,9,False,9,14,5,5|5|5|5|5|5|5|5|9|5|5|5|5|5|5
43829,9,False,9,14,5,5|5|5|5|5|5|5|5|9|5|5|5|5|5|5
43860,5,True,9,3,5,5|9|5|5|5|5|5|9|9|5|5|5|5|5|5
43865,9,False,9,13,5,5|5|5|5|5|5|5|9|9|5|5|5|5|5|5
43893,6,True,3,14,2,2|2|3|6|2|2|3|2|2|3|3|2|3|3|2
43912,1,False,1,3,1,1|1|7|7|1|1|1|1|1|1|1|7|1|1|1
43932,9,True,4,15,4,4|4|4|4|4|4|4|4|4|4|4|4|4|4|4
43979,4,True,5,15,5,5|5|7|5|3|7|3|5|2|3|5|5|5|5|5
44010,4,True,6,2,4,4|4|4|4|4|4|4|9|4|6|4|4|4|4|4
44018,9,True,4,14,4,4|4|3|4|4|4|6|9|4|4|4|4|4|4|4
44022,0,False,0,11,6,6|0|6|0|6|6|6|0|6|6|6|0|6|6|6
44061,4,True,1,15,1,1|1|1|1|1|1|1|1|1|1|1|1|1|1|1
44087,9,False,9,9,5,5|5|9|5|9|5|5|9|9|7|5|9|5|5|9
44105,5,True,9,4,5,5|5|5|9|9|5|5|9|9|5|5|5|5|5|5
44118,9,True,7,11,7,9|9|7|7|7|7|7|9|9|7|7|7|7|7|7
44121,0,True,2,10,2,2|2|0|2|2|8|8|2|2|0|2|0|0|0|2
44126,0,True,2,4,0,2|0|0|0|2|0|0|4|0|0|0|4|0|0|0
44163,0,False,0,15,3,6|6|3|3|6|6|8|3|4|3|3|3|8|3|1
44167,0,True,2,4,0,0|0|0|2|2|0|0|0|2|0|0|0|0|0|4
44170,0,True,2,10,0,0|2|2|9|0|4|9|9|4|0|9|0|0|4|4
44193,1,True,5,13,7,7|7|5|7|5|7|1|8|7|7|7|5|5|5|1
44204,7,True,8,11,8,5|8|8|7|7|8|7|8|9|7|3|8|5|5|8
44205,3,True,7,13,7,7|7|7|7|7|3|7|3|2|7|7|7|7|5|2
44231,1,False,1,1,1,1|1|1|1|6|1|1|1|1|1|1|1|1|1|1
44233,9,True,4,9,4,4|4|4|9|9|4|4|9|9|9|4|4|4|4|9
44307,1,True,5,14,5,7|3|5|5|5|7|5|1|7|5|7|5|5|5|2
44346,5,False,5,13,7,1|3|4|7|5|7|7|7|7|2|7|5|7|7|7
44350,0,True,1,11,1,1|0|6|1|1|1|1|0|4|1|1|0|0|1|1
44365,9,True,4,15,3,1|3|1|0|3|8|8|8|3|0|0|5|3|3|2
44375,6,True,9,15,7,7|5|7|7|7|5|7|9|9|2|7|2|5|2|7
44383,1,True,8,13,8,8|8|8|8|8|8|1|8|8|1|8|8|8|8|8
44392,9,True,7,15,7,7|7|7|7|7|7|7|7|7|2|7|7|7|7|7
44402,2,True,3,7,2,2|2|3|2|2|3|3|3|2|3|3|2|3|2|2
44410,0,True,1,12,1,4|0|1|1|1|1|0|1|4|1|0|6|4|1|1
44422,6,False,6,6,6,6|0|6|6|0|4|6|6|4|6|6|6|6|3|4
44430,3,True,8,13,8,8|8|8|8|8|8|8|8|3|3|8|8|8|8|8
44439,6,True,3,15,2,3|2|3|2|2|3|3|3|2|2|2|2|3|3|2
44447,0,True,2,9,0,2|9|2|8|0|6|0|0|4|8|0|0|0|2|2
44453,7,False,7,6,7,7|7|7|5|9|5|1|7|9|7|9|7|7|7|7
44461,9,True,8,15,8,8|8|8|8|8|8|8|8|8|8|8|8|8|8|8
44511,6,True,9,15,5,5|2|5|9|9|5|5|2|9|2|5|5|5|5|5
44531,4,False,4,4,4,4|4|4|4|9|4|9|9|9|4|4|4|4|4|4
44545,9,True,7,8,7,7|9|9|7|7|7|7|9|7|7|9|7|9|9|9
44575,4,True,6,14,0,2|0|2|0|2|2|9|4|0|0|0|0|0|0|0
44577,2,False,2,11,0,2|0|0|0|2|0|0|0|2|0|0|0|0|2|0
44609,5,True,9,2,5,5|5|5|5|5|5|5|5|9|5|5|5|5|5|9
44644,9,False,9,14,5,5|5|5|5|5|5|5|5|9|5|5|5|5|5|5
44656,7,False,7,0,7,7|7|7|7|7|7|7|7|7|7|7|7|7|7|7
44661,5,True,9,1,5,5|5|5|5|5|5|5|5|9|5|5|5|5|5|5
44664,4,True,6,14,6,6|4|6|6|6|6|6|6|6|6|6|6|6|6|6
44666,9,True,7,14,7,7|7|7|7|7|7|7|7|9|7|7|7|7|7|7
44671,1,True,8,14,8,8|7|8|8|8|8|8|8|8|1|8|8|8|8|8
44681,2,True,3,6,2,6|2|2|2|2|3|3|2|3|2|3|2|2|3|2
44683,4,True,5,15,5,5|5|5|7|9|7|7|5|5|5|7|5|5|5|2
44690,9,False,9,12,5,7|9|5|5|5|3|5|5|9|5|5|5|5|5|9
44701,9,True,8,15,8,8|8|8|8|8|8|8|8|8|3|8|8|8|8|8
44716,8,False,8,11,8,6|8|0|8|2|6|7|3|3|6|8|3|2|8|4
44726,9,True,7,14,7,7|7|7|7|7|7|7|7|9|7|7|7|7|7|7
44740,1,True,7,15,5,5|5|7|5|5|5|5|5|5|5|5|5|5|5|5
44751,7,True,5,6,7,7|7|7|7|5|7|5|7|7|7|5|7|5|5|5
44772,2,True,5,14,7,7|7|7|7|6|7|7|7|9|5|7|2|7|7|7
44779,2,True,5,14,7,7|7|7|7|7|7|7|7|9|2|7|7|7|7|7
44815,1,False,1,10,-1,1|1|3|1|6|3|0|0|4|5|0|0|0|1|1
44839,6,True,0,13,-1,2|3|6|3|6|2|3|0|3|3|2|2|2|3|2
44880,1,False,1,12,4,0|4|4|4|4|0|1|1|2|1|0|4|4|4|2
44889,3,True,7,15,7,7|7|7|7|9|7|9|9|7|7|7|7|7|7|7
44904,8,False,8,3,8,8|8|8|8|8|8|1|1|8|6|8|8|8|8|8
44909,2,True,5,11,5,2|2|1|5|5|2|5|5|2|5|5|5|5|5|5
44927,5,True,9,3,5,5|5|5|5|5|5|5|9|9|9|5|5|5|5|5
44937,0,False,0,12,6,6|6|6|0|6|0|6|6|6|6|0|6|6|6|6
44939,9,True,4,13,4,4|4|0|4|4|4|9|9|2|4|4|4|4|0|0
44966,0,True,1,12,1,1|1|1|0|1|1|1|1|1|1|0|0|1|1|1
44971,9,True,7,13,7,7|7|7|7|7|7|5|9|9|7|7|7|7|7|7
44976,2,False,2,11,0,0|2|0|2|0|0|0|2|4|0|2|0|0|0|0
44993,0,True,2,5,0,0|2|0|2|2|0|0|0|4|0|0|0|0|4|0
44997,6,False,6,14,4,2|6|4|4|4|4|4|4|4|4|4|4|4|4|4
45008,2,True,9,13,9,9|9|2|9|9|7|7|9|9|2|9|9|9|9|9
45039,9,True,7,15,7,7|7|7|7|7|7|7|7|7|7|7|7|7|7|7
45055,9,True,7,15,7,7|2|7|7|7|2|7|7|7|7|7|7|2|5|7
45058,4,True,6,10,4,2|4|5|4|9|8|6|3|4|1|4|2|4|8|6
45102,3,True,2,15,2,6|0|0|0|2|4|4|8|4|2|2|8|2|2|2
45104,0,True,1,9,1,0|1|1|0|1|1|1|1|0|0|1|0|0|1|1
45139,9,True,7,15,7,7|7|7|7|7|7|7|7|7|7|7|7|7|7|7
45147,1,False,1,1,1,1|1|1|1|1|1|1|1|1|1|0|1|1|1|1
45181,2,True,3,10,3,2|2|3|3|3|3|3|2|6|6|6|2|3|3|2
45187,4,True,6,3,4,4|4|4|4|4|0|6|4|4|4|6|4|4|4|4
45210,6,True,0,3,6,6|0|6|6|6|6|0|6|6|4|6|6|6|6|6
45221,4,True,6,12,6,6|6|4|6|0|6|8|1|8|6|6|6|6|4|4
45240,2,True,5,9,5,2|2|5|5|5|2|5|2|2|7|5|5|5|5|2
45248,7,False,7,0,7,7|7|7|7|7|7|7|7|7|7|7|7|7|7|7
45278,0,False,0,14,6,6|6|6|6|6|6|6|6|6|6|6|0|6|6|6
45283,3,False,3,5,3,3|6|3|3|6|3|3|3|3|6|3|2|6|3|3
45286,2,True,5,14,5,7|5|7|5|5|7|5|5|5|5|5|5|5|5|2
45301,4,True,6,2,4,4|6|4|4|4|4|6|4|4|4|4|4|4|4|4
45302,8,True,6,6,8,8|4|8|4|8|8|8|3|8|8|8|6|8|3|2
45328,6,False,6,15,4,4|4|4|4|2|4|4|2|2|2|4|4|0|2|4
45342,9,True,4,10,4,4|9|9|9|9|4|4|4|9|4|4|4|4|4|4
45359,5,False,5,8,5,2|5|5|5|5|2|1|1|1|1|5|5|5|1|1
45371,4,False,4,6,4,9|4|9|4|4|4|3|9|9|4|4|4|4|9|4
45375,1,True,8,15,8,8|8|8|8|8|8|8|8|8|8|8|8|8|8|8
45376,5,True,4,15,-1,9|9|9|6|4|4|3|9|9|3|4|4|4|9|4
45379,4,False,4,2,4,4|4|4|4|9|4|4|4|4|9|4|4|4|4|4
45384,5,True,9,2,5,9|5|5|5|5|5|5|5|9|5|5|5|5|5|5
45411,9,False,9,12,5,5|5|9|5|5|5|5|9|9|5|5|5|5|5|5
45430,6,True,0,4,6,6|6|0|6|6|6|0|6|6|0|6|0|6|6|6
45436,2,True,9,12,5,5|2|5|9|9|5|5|2|2|5|5|9|5|5|5
45445,1,False,1,5,1,1|7|1|1|7|1|7|1|1|1|1|7|4|1|1
45455,9,True,7,15,7,7|7|4|7|7|7|4|7|4|7|7|4|7|7|2
45459,5,True,9,4,5,5|5|5|5|5|5|5|9|9|5|9|5|9|5|5
45461,7,False,7,2,7,7|6|7|7|7|7|3|7|7|7|7|7|7|7|7
45466,0,True,1,13,1,1|1|1|1|1|1|1|1|1|1|0|0|1|1|1
45472,2,False,2,9,0,2|0|0|0|2|0|0|2|0|2|0|0|2|0|2
45513,9,True,7,13,7,7|7|7|7|7|7|7|9|9|7|7|7|7|7|7
45518,2,False,2,13,9,0|9|9|0|9|4|9|4|2|9|2|0|4|9|4
45527,8,False,8,1,8,8|8|8|8|8|8|8|8|8|3|8|8|8|8|8
45530,9,True,3,15,6,6|2|6|6|1|8|3|6|6|0|6|6|2|6|2
45553,2,True,7,15,7,7|7|7|7|7|7|7|7|7|5|7|7|7|7|7
45571,4,True,5,15,5,7|2|5|3|5|7|5|5|7|5|5|5|5|5|2
45591,3,True,7,15,7,7|7|7|7|7|7|7|7|7|7|7|7|7|7|7
45612,2,True,3,8,2,6|2|3|2|2|1|3|3|1|2|2|2|3|3|2
45614,1,False,1,3,1,1|1|7|7|1|1|1|1|1|1|1|1|7|1|1
45622,6,True,1,15,1,1|8|1|7|7|1|1|0|7|1|3|3|4|2|1
45628,0,True,1,15,1,1|1|1|1|1|1|1|7|1|1|1|1|6|1|1
45631,5,False,5,7,5,1|1|1|5|5|1|5|5|2|1|5|5|5|5|1
45655,8,False,8,4,8,8|8|9|8|3|8|8|7|8|3|8|8|8|8|8
45716,8,False,8,4,8,8|8|8|8|8|3|8|3|3|8|8|3|8|8|8
45721,6,False,6,4,6,6|6|6|6|6|6|0|6|4|0|6|6|6|3|6
45748,4,False,4,10,9,4|9|9|9|9|4|9|9|9|9|4|4|4|9|9
45750,9,True,3,15,3,3|2|3|3|7|1|3|3|2|1|3|2|3|0|2
45751,2,True,3,10,-1,1|2|3|3|2|3|0|1|3|2|6|2|3|0|2
45760,6,True,0,3,6,6|0|6|6|6|6|6|6|6|0|6|0|6|6|6
45762,7,True,1,8,1,7|1|7|7|7|1|1|1|1|1|1|7|7|1|7
45769,6,True,3,15,3,3|2|3|2|3|3|3|3|3|3|1|2|3|3|2
45788,9,True,7,15,7,7|7|7|7|7|7|7|7|4|7|7|7|7|7|4
45794,7,True,3,15,0,2|1|0|2|3|3|8|6|0|0|0|0|2|4|4
45812,2,False,2,10,-1,0|2|0|2|0|0|2|0|4|3|2|8|8|1|2
45820,2,True,3,9,2,2|6|2|2|2|6|3|6|7|0|6|6|2|3|2
45870,5,True,9,1,5,5|5|5|5|5|5|5|5|9|5|5|5|5|5|5
45875,8,False,8,15,5,2|7|5|5|5|5|1|3|7|5|5|5|5|5|3
45924,9,True,7,13,7,7|7|7|7|7|7|7|7|9|7|7|7|7|7|9
45927,4,True,6,7,4,2|2|4|2|6|4|1|2|4|2|4|4|4|4|4
45945,1,False,1,3,1,1|1|1|1|1|1|1|1|1|0|0|0|1|1|1
45948,3,True,8,15,8,8|8|8|8|8|8|8|8|8|8|8|8|8|8|8
45957,5,True,9,3,5,5|5|5|5|5|5|5|5|9|9|5|5|5|5|9
45966,9,False,9,12,5,5|5|7|5|5|5|5|3|9|9|5|5|5|5|9
45969,6,True,0,3,6,6|6|6|6|6|6|0|6|6|0|6|0|6|6|6
45991,2,False,2,10,0,0|0|0|0|2|2|9|2|4|0|0|0|2|0|2
45994,4,True,1,15,1,1|1|1|1|1|1|1|1|1|1|1|1|1|1|1
46021,9,False,9,14,5,5|5|5|5|5|5|5|5|9|5|5|5|5|5|5
46044,3,False,3,9,2,1|2|2|2|2|3|3|3|3|2|3|2|3|2|1
46048,4,True,6,15,6,6|6|6|6|6|6|6|6|6|6|6|6|6|6|6
46068,2,False,2,13,0,2|0|0|0|2|0|0|0|0|0|0|0|0|0|0
46102,5,True,9,1,5,5|5|5|5|5|5|5|5|9|5|5|5|5|5|5
46124,4,False,4,14,3,6|6|3|3|3|1|3|1|2|4|6|0|3|3|1
46125,2,False,2,15,6,6|6|6|6|6|0|6|6|4|6|6|6|6|4|4
46131,6,True,0,2,6,6|6|6|6|6|6|6|6|6|0|6|6|6|6|0
46143,3,True,5,15,5,7|5|5|5|7|7|5|5|7|7|5|7|5|5|5
46172,6,True,2,10,-1,2|6|2|0|2|6|1|3|2|6|6|4|6|4|2
46183,6,True,9,15,5,5|5|5|5|5|5|5|5|9|5|5|5|5|5|5
46184,7,True,5,7,7,7|7|5|7|5|7|5|5|7|7|5|7|7|5|5
46188,5,True,9,1,5,5|5|5|5|5|5|5|5|9|5|5|5|5|5|5
46196,2,False,2,12,0,0|2|0|0|0|0|0|0|0|6|0|2|0|6|2
46199,7,False,7,1,7,7|7|7|7|7|7|7|2|7|7|7|7|7|7|7
46215,0,False,0,14,6,6|0|6|6|6|6|6|6|6|6|6|6|6|6|6
46227,4,True,6,1,4,4|4|4|4|4|4|4|4|4|6|4|4|4|4|4
46239,2,False,2,12,4,9|9|4|4|2|4|9|9|9|2|4|4|2|4|4
46244,9,True,8,15,8,8|8|7|8|8|8|8|8|8|7|8|7|7|8|8
46258,2,False,2,9,-1,2|4|2|0|2|2|0|2|4|0|4|0|0|0|2
46267,4,True,6,10,6,6|4|6|0|0|4|6|4|4|6|6|6|4|3|6
46284,6,True,1,15,1,1|7|1|1|7|1|1|1|1|1|7|7|7|1|1
46310,6,True,0,14,2,2|2|2|8|6|3|4|3|2|4|8|2|3|2|4
46347,4,True,6,4,4,6|4|4|4|2|4|6|4|4|6|4|4|4|4|4
46367,2,False,2,10,0,2|0|2|0|0|0|0|2|2|0|0|0|2|0|0
46384,5,True,9,2,5,5|5|5|5|9|5|5|5|9|5|5|5|5|5|5
46390,9,True,4,15,4,4|4|4|4|4|4|6|4|4|4|4|4|6|4|4
46392,0,True,2,14,2,2|2|8|2|2|6|3|2|2|2|8|4|2|0|2
46405,5,False,5,7,5,1|5|1|5|7|3|1|5|2|5|7|5|5|5|5
46422,6,True,0,1,6,6|6|6|6|6|6|6|6|6|6|6|6|6|6|0
46470,4,False,4,8,-1,4|9|4|4|9|4|3|9|9|9|4|4|4|9|9
46485,9,True,8,15,8,8|8|8|8|8|8|8|1|8|8|8|8|8|8|8
46490,4,True,6,8,4,2|4|4|2|0|4|0|0|4|0|4|4|4|0|2
46491,3,True,8,10,8,8|8|8|3|3|3|8|8|3|3|8|8|8|8|8
46537,9,False,9,13,5,5|5|5|5|5|5|5|9|9|5|5|5|5|5|5
46553,9,True,7,15,7,7|7|7|7|7|7|7|7|7|7|7|7|7|7|7
46569,9,True,7,13,7,5|9|7|7|5|2|5|7|9|2|5|7|7|7|5
46593,6,True,9,15,5,5|2|5|5|5|5|5|5|5|5|5|5|5|5|9
46607,6,True,0,7,6,6|6|4|6|6|4|6|6|4|6|6|0|3|4|4
46629,7,False,7,11,5,5|7|9|7|7|1|1|5|3|5|5|7|8|5|5
46636,8,True,6,15,2,4|4|4|2|2|4|4|2|2|4|2|4|2|2|2
46641,8,False,8,1,8,8|8|8|8|8|8|3|8|8|8|8|8|8|8|8
46665,5,False,5,11,7,7|7|7|5|7|7|5|7|2|7|7|5|7|7|5
46667,3,False,3,7,3,3|3|3|2|2|3|3|3|2|2|3|2|3|2|2
46678,1,False,1,2,1,1|1|1|1|1|1|1|1|1|1|0|0|1|1|1
46681,7,False,7,2,7,7|7|7|7|7|7|7|3|7|3|7|7|7|7|7
46752,0,False,0,11,6,6|6|6|6|6|6|6|6|6|0|0|0|6|6|0
46764,5,False,5,7,5,7|7|5|5|5|1|7|5|7|7|5|7|5|5|5
46771,9,True,7,15,7,7|7|7|7|7|7|7|7|7|7|7|7|7|7|7
46777,2,True,5,14,7,7|7|9|7|3|7|7|9|7|7|9|7|7|2|9
46783,9,True,8,15,8,8|8|8|8|8|8|8|8|8|7|8|8|8|8|8
46793,9,True,4,8,9,4|9|2|9|9|4|9|9|4|9|4|4|9|2|4
46796,3,True,2,15,2,2|2|2|0|2|0|7|6|2|0|2|2|0|0|4
46833,9,False,9,13,5,5|5|5|5|5|5|5|9|9|5|5|5|5|5|5
46834,6,True,0,0,6,6|6|6|6|6|6|6|6|6|6|6|6|6|6|6
46872,0,False,0,13,6,6|6|6|6|6|6|6|6|6|0|6|6|6|6|0
46885,5,True,9,2,5,5|5|5|5|5|5|5|5|9|9|5|5|5|5|5
46899,6,False,6,12,4,2|4|0|0|4|4|6|4|4|0|6|4|6|4|0
46909,9,True,4,5,9,9|9|9|9|9|4|9|9|9|9|4|4|4|4|9
46920,1,True,5,11,5,3|5|1|5|5|1|1|5|3|1|5|5|5|5|5
46928,3,True,4,15,4,4|4|0|0|9|4|9|9|9|9|2|4|4|0|4
46937,8,False,8,1,8,8|4|8|8|8|8|8|8|8|8|8|8|8|8|8
46949,9,True,6,15,4,2|4|4|0|0|4|4|0|4|0|0|0|4|4|2
46956,2,False,2,10,0,2|0|2|0|2|4|0|2|0|8|0|0|0|2|4
46988,9,True,7,11,5,5|9|5|5|5|5|5|9|9|5|5|5|5|5|9
46998,7,False,7,1,7,7|7|7|7|7|7|7|7|9|7|7|7|7|7|7
47003,1,True,5,13,5,1|7|5|7|5|5|1|3|3|5|7|5|8|7|2
47004,3,True,8,15,8,8|8|8|8|8|8|8|8|8|8|8|8|8|8|8
47047,5,True,9,1,5,5|9|5|5|5|5|5|5|5|5|5|5|5|5|5
47064,2,True,3,8,3,2|3|3|2|2|3|3|3|2|2|3|2|3|3|2
47083,9,True,4,14,4,2|0|0|2|4|4|4|4|4|0|4|0|9|4|4
47089,1,False,1,6,1,1|7|7|7|7|1|1|7|1|1|1|1|4|1|1
47095,8,False,8,1,8,8|8|8|8|8|8|8|8|8|6|8|8|8|8|8
47108,0,True,2,6,0,0|2|2|0|0|0|0|2|0|2|0|4|0|0|2
47121,1,False,1,8,-1,1|1|1|0|6|1|0|1|1|0|0|0|0|1|0
47128,7,True,3,15,-1,2|2|3|3|6|2|3|3|3|6|6|2|3|2|2
47175,4,False,4,11,3,4|2|3|4|3|3|3|2|2|6|3|4|3|2|4
47176,6,False,6,2,6,6|0|6|6|6|6|6|6|6|0|6|6|6|6|6
47214,5,True,9,3,5,5|5|5|5|5|5|5|9|9|9|5|5|5|5|5
47217,6,False,6,13,8,2|8|8|2|4|8|2|8|6|8|4|6|2|8|4
47236,7,False,7,6,7,9|2|7|7|7|7|7|7|2|7|7|7|9|3|9
47259,9,True,7,13,7,9|7|7|7|7|7|9|7|7|7|7|7|7|7|7
47281,4,False,4,6,4,4|4|9|4|4|4|9|8|4|9|4|4|2|4|9
47285,6,True,0,2,6,6|6|6|6|6|6|6|6|6|6|0|6|6|6|0
47297,9,True,4,14,4,4|6|4|8|4|8|3|9|3|2|4|4|4|4|3
47298,5,True,9,3,5,5|5|5|5|9|5|5|9|9|5|5|5|5|5|5
47313,0,True,2,14,4,6|2|4|4|2|4|4|2|4|2|4|4|0|4|2
47321,6,True,3,13,2,2|3|2|7|6|1|1|3|2|0|2|0|3|1|6
47326,4,True,6,0,4,4|4|4|4|4|4|4|4|4|4|4|4|4|4|4
47346,1,True,8,14,8,8|8|8|8|7|8|8|8|8|1|8|8|8|8|8
47358,0,True,1,13,1,1|0|1|1|1|1|1|1|1|1|1|0|1|1|1
47382,3,False,3,7,3,3|3|6|3|2|3|3|2|3|2|2|2|3|3|2
47386,2,True,5,12,7,2|3|7|5|7|7|7|2|3|2|3|5|3|7|7
47409,7,False,7,3,7,7|9|9|7|7|7|7|7|7|7|7|7|7|7|9
47410,9,True,6,15,3,2|2|2|7|3|8|8|3|3|0|6|6|8|1|3
47414,8,True,3,14,3,1|6|3|2|3|6|3|8|2|6|3|6|3|3|1
47423,5,False,5,5,5,5|1|5|5|5|5|5|1|2|1|5|5|5|5|1
47437,8,False,8,3,8,8|7|8|8|7|8|8|8|8|7|8|8|8|8|8
47455,5,False,5,6,5,5|5|5|5|7|5|7|5|7|2|5|5|5|7|7
47507,1,True,7,15,5,5|5|5|5|5|5|5|5|9|5|5|5|5|5|9
47514,2,False,2,9,0,2|2|0|0|0|4|0|0|2|2|0|2|0|0|2
47517,7,True,1,15,1,1|1|1|1|1|1|1|1|1|1|1|1|1|1|1
47574,3,False,3,10,-1,6|3|6|7|6|3|3|2|3|2|6|2|3|2|2
47584,9,True,8,15,8,8|8|8|8|8|8|8|8|8|8|8|8|8|8|8
47591,3,True,2,14,4,8|4|4|6|2|8|6|8|4|8|4|6|3|4|0
47592,4,False,4,11,2,2|4|0|0|2|4|2|9|2|3|4|4|2|8|2
47594,0,False,0,14,6,6|3|6|6|6|4|6|6|4|0|3|4|6|3|4
47601,6,True,0,8,6,6|0|6|4|6|5|8|6|0|6|0|6|0|6|4
47628,2,False,2,11,0,2|2|2|6|0|8|7|0|0|0|0|0|0|5|2
47634,3,False,3,9,2,2|2|3|3|3|3|0|2|3|2|3|2|2|2|2
47640,2,False,2,14,3,3|3|3|3|2|3|6|3|4|8|3|4|4|3|4
47654,6,True,0,5,6,6|6|6|0|6|6|6|0|6|0|0|0|6|6|6
47673,5,False,5,5,5,5|1|5|5|5|7|1|1|2|5|5|5|5|5|5
47684,2,False,2,10,0,2|0|2|0|2|0|0|0|0|2|0|0|0|2|4
47687,2,True,5,10,5,2|5|5|5|5|2|7|5|2|2|5|5|5|5|2
47688,5,False,5,5,5,5|5|5|5|5|7|1|5|1|5|5|5|7|5|2
47714,8,False,8,5,8,8|8|8|3|8|8|3|8|3|3|8|3|8|8|8
47727,7,True,5,9,5,8|7|5|7|7|5|7|5|7|7|8|5|5|5|5
47735,6,True,2,14,4,4|4|9|4|6|4|9|2|9|2|4|4|4|4|4
47786,1,False,1,1,1,1|1|1|1|1|1|1|1|1|1|1|0|1|1|1
47800,3,False,3,5,3,3|3|6|2|3|2|3|3|3|3|3|2|3|3|2
47803,7,False,7,0,7,7|7|7|7|7|7|7|7|7|7|7|7|7|7|7
47807,9,True,4,8,-1,9|4|9|9|4|4|3|9|9|9|4|4|4|9|4
47809,3,False,3,8,3,2|6|3|3|3|1|3|2|2|3|6|2|3|3|6
47855,9,True,8,15,8,8|8|8|8|8|8|3|8|8|8|8|8|8|8|8
47856,0,False,0,7,0,6|0|6|0|6|0|6|0|0|6|0|6|0|6|0
47857,4,True,5,15,5,5|1|5|5|7|5|5|5|5|5|7|5|5|5|5
47870,7,True,5,14,5,5|9|5|9|9|5|5|8|5|5|7|5|5|5|5
47892,4,True,6,13,6,6|4|6|6|4|6|6|6|6|2|6|6|6|6|6
47895,2,True,3,5,2,2|2|2|2|2|3|3|2|3|3|3|2|2|2|2
47906,8,False,8,3,8,8|8|8|1|8|8|8|1|8|1|8|8|8|8|8
47960,1,True,8,13,8,7|8|1|8|8|7|8|1|8|7|8|8|8|8|8
47976,9,False,9,14,5,5|5|5|5|5|5|5|5|9|5|5|5|5|5|5
47992,4,True,6,3,4,4|4|4|4|4|4|8|9|4|8|4|4|4|4|4
48000,7,True,5,5,7,7|2|7|7|5|7|7|7|7|5|7|7|7|5|5
48005,7,False,7,13,5,1|2|5|5|7|5|7|5|2|1|5|5|5|5|2
48025,5,True,9,7,5,5|8|7|5|7|5|5|9|9|5|5|7|5|5|9
48030,2,False,2,11,-1,2|2|9|8|0|5|8|2|0|8|0|6|2|8|0
48032,5,True,4,14,2,2|2|2|6|9|5|8|3|2|3|3|2|0|3|2
48066,9,True,4,10,4,4|4|4|9|4|4|9|9|9|9|4|4|8|4|4
48097,0,True,3,13,3,1|6|3|3|2|3|3|0|3|6|3|0|6|3|2
48099,8,False,8,6,8,2|8|2|8|8|3|8|8|8|0|0|8|8|8|0
48112,0,True,1,9,1,1|1|1|0|0|1|0|0|0|1|1|0|1|1|1
48135,9,True,7,14,7,7|9|7|7|7|7|7|7|7|7|7|7|7|7|7
48164,1,False,1,2,1,1|1|1|1|1|1|1|1|1|1|1|7|7|1|1
48165,3,True,7,15,7,7|9|9|7|7|7|7|9|9|7|7|7|7|7|7
48171,1,False,1,1,1,1|1|1|1|1|1|1|1|1|1|1|0|1|1|1
48173,3,False,3,11,2,2|2|2|2|2|3|3|2|2|3|6|2|3|2|2
48180,0,False,0,12,6,6|6|6|6|0|8|0|3|4|8|4|0|1|2|5
48181,6,True,9,15,9,5|9|9|9|5|5|5|9|9|5|9|9|9|9|9
48191,1,False,1,2,1,1|0|7|1|1|1|1|1|1|1|1|1|1|1|1
48201,0,False,0,10,6,6|0|6|6|6|6|6|6|0|0|6|0|6|0|6
48248,0,False,0,11,6,6|6|6|6|0|6|6|6|4|0|3|0|6|0|2
48255,3,False,3,13,6,6|1|6|7|0|3|6|1|6|0|6|6|6|3|8
48263,7,False,7,8,7,5|9|9|7|7|5|7|9|9|7|7|7|7|9|9
48298,5,True,9,10,9,7|9|9|9|9|2|5|5|9|5|7|5|9|5|9
48300,6,False,6,10,6,2|4|4|3|4|1|8|6|6|6|3|6|6|3|0
48332,2,True,3,8,2,2|3|2|3|3|3|3|2|2|7|6|2|2|3|2
48337,1,False,1,1,1,1|1|1|1|1|1|1|1|1|1|1|0|1|1|1
48344,3,False,3,8,3,2|3|3|2|6|3|3|3|2|3|6|6|3|2|2
48354,0,True,2,10,2,2|2|2|0|2|2|0|2|0|8|0|0|2|2|2
48357,0,False,0,15,6,6|6|6|6|6|6|6|6|6|6|6|6|6|6|6
48363,1,True,5,10,-1,1|3|5|7|7|1|5|1|7|1|7|1|8|5|7
48378,0,False,0,14,6,6|6|6|0|6|6|6|6|6|6|6|6|6|6|6
48382,6,True,1,15,1,7|1|1|1|1|1|1|1|1|1|1|1|1|1|1
48404,7,True,8,14,8,7|8|8|1|8|8|8|1|8|8|8|8|8|8|8
48413,7,True,1,9,1,1|7|7|1|1|1|1|1|7|1|7|7|7|1|1
48424,4,True,6,12,0,4|0|5|0|2|0|9|8|2|2|0|0|4|0|4
48435,9,True,8,15,8,6|8|7|7|8|7|5|1|8|7|3|8|8|8|8
48442,2,False,2,6,2,2|2|2|0|0|2|0|2|2|0|0|2|0|2|2
48445,0,True,3,13,3,1|1|3|3|6|3|3|1|3|8|3|0|3|0|1
48459,7,False,7,3,7,5|7|7|7|7|7|7|7|7|7|7|7|7|5|1
48471,7,False,7,0,7,7|7|7|7|7|7|7|7|7|7|7|7|7|7|7
48481,7,True,1,9,1,1|1|7|1|7|1|7|1|7|1|7|7|1|1|1
48521,2,False,2,12,4,0|4|0|2|4|4|1|0|4|4|0|4|4|2|2
48527,6,True,2,15,2,2|2|2|2|2|2|3|2|2|2|2|2|2|2|2
48532,3,True,5,15,5,2|5|5|5|7|1|7|8|7|5|5|5|7|5|5
48533,9,True,7,15,7,7|7|7|7|7|7|7|7|7|7|7|2|7|7|7
48541,0,True,2,2,0,2|0|0|0|0|0|0|0|4|0|0|0|0|0|0
48551,0,True,2,10,0,0|0|9|2|0|0|2|4|2|0|8|2|8|8|4
48557,6,True,3,13,3,3|6|3|3|3|3|3|3|3|3|3|6|3|2|3
48577,6,True,3,13,3,2|2|6|6|2|3|3|3|3|3|3|2|3|3|2
48579,4,True,6,5,4,6|2|4|4|4|4|4|4|2|6|4|4|8|4|4
48580,4,True,6,5,4,6|4|4|4|4|4|6|4|4|6|4|4|4|2|2
48618,9,True,7,13,7,7|7|7|7|7|7|7|9|9|7|7|7|7|7|7
48625,0,False,0,12,6,6|6|0|6|6|6|6|6|6|6|0|0|6|6|6
48626,2,True,3,12,3,3|2|3|2|3|3|3|3|3|3|3|2|3|3|4
48628,4,True,6,13,6,6|6|6|6|6|6|0|6|6|6|4|4|6|6|6
48661,6,True,0,10,4,6|4|6|6|2|4|6|4|2|6|4|4|4|4|4
48662,1,True,5,8,-1,3|5|1|5|5|1|1|1|1|5|5|5|5|1|1
48667,0,True,1,15,1,1|1|1|1|1|1|1|1|1|1|7|1|1|1|1
48669,0,True,2,9,0,2|2|8|0|0|2|0|2|4|8|0|0|0|8|6
48688,8,False,8,5,8,7|1|8|8|8|7|7|9|8|8|8|8|8|8|8
48712,8,True,2,13,2,2|2|2|2|6|8|6|2|2|2|4|4|0|8|2
48715,4,True,1,14,1,1|1|1|1|1|0|1|1|1|1|1|4|8|1|1
48721,5,True,9,1,5,5|5|5|5|5|5|5|5|9|5|5|5|5|5|5
48732,5,False,5,10,5,3|3|8|5|7|1|7|5|3|1|5|5|5|1|2
48744,1,False,1,0,1,1|1|1|1|1|1|1|1|1|1|1|1|1|1|1
48786,6,False,6,14,0,6|9|0|0|0|0|4|8|0|4|0|2|4|8|4
48824,7,True,5,14,5,5|5|5|5|5|5|5|7|5|9|5|5|5|5|5
48827,4,False,4,8,9,9|4|9|4|9|4|4|9|9|4|4|9|9|9|4
48847,6,False,6,1,6,6|6|6|6|6|6|6|6|6|6|6|0|6|6|6
48856,6,False,6,15,4,4|4|2|0|4|4|4|4|4|4|4|0|4|0|4
48864,5,True,9,3,5,5|5|9|5|5|5|5|5|9|5|5|5|5|5|9
48869,8,False,8,3,8,8|8|3|8|8|8|3|8|8|3|8|8|8|8|8
48881,6,True,0,2,6,6|6|6|6|0|6|6|6|6|6|6|6|6|4|6
48903,7,True,1,11,1,0|1|7|7|7|1|7|1|1|1|1|0|1|1|1
48905,1,True,5,14,5,5|1|7|5|7|5|5|5|7|5|5|5|7|5|5
48911,1,True,5,14,5,7|5|5|5|7|2|1|5|5|5|7|5|5|5|7
48917,4,True,6,5,4,4|4|4|4|4|4|9|9|9|4|4|4|4|9|9
48927,6,True,3,11,3,6|3|3|3|6|3|3|3|7|2|3|6|3|2|6
48943,6,True,0,12,4,6|8|4|4|4|4|6|6|4|0|4|4|4|8|9
48947,6,True,5,15,5,7|3|1|7|5|2|5|3|2|7|5|5|5|5|2
48970,0,True,1,14,1,1|1|1|1|1|1|1|1|1|1|0|1|1|1|1
48991,7,True,5,14,5,5|6|7|5|5|5|5|5|8|5|5|5|2|9|9
49017,1,True,5,9,5,3|1|5|5|1|1|1|1|2|1|5|5|5|5|5
49028,4,True,1,14,0,2|0|0|0|1|0|1|6|0|0|6|6|2|0|4
49054,6,True,0,4,6,6|0|6|6|6|6|6|0|6|6|6|0|6|6|0
49071,9,True,4,11,4,4|9|0|4|9|4|4|9|4|4|4|4|4|9|4
49078,2,True,3,12,3,3|3|3|2|6|3|3|6|7|2|0|6|4|3|2
49079,0,False,0,15,6,6|6|6|6|6|6|6|6|6|6|6|6|6|6|6
49083,5,True,9,1,5,5|5|5|5|5|5|5|5|9|5|5|5|5|5|5
49096,4,True,6,14,6,6|0|2|0|4|6|6|6|6|6|6|6|6|3|0
49110,6,False,6,9,6,6|0|6|6|6|4|6|4|0|0|4|0|6|4|4
49112,9,True,7,14,7,7|7|7|7|7|7|7|7|9|7|7|7|7|7|7
49120,4,False,4,5,4,4|4|4|3|9|4|3|9|4|4|4|4|4|4|9
49170,6,False,6,11,-1,6|6|0|6|8|0|4|1|2|2|6|0|4|0|2
49171,1,True,8,15,8,8|8|8|8|8|8|8|8|8|3|8|8|8|8|8
49179,1,False,1,3,1,1|1|1|1|1|1|1|1|0|1|1|0|0|1|1
49195,4,True,6,11,6,6|8|0|6|8|6|1|6|4|4|6|0|4|8|4
49198,9,True,7,14,7,7|9|7|7|7|5|7|7|7|7|7|7|7|7|7
49222,6,True,2,12,4,2|4|6|4|4|4|8|4|4|2|4|4|6|6|4
49245,6,True,0,3,6,6|6|6|6|6|6|6|6|6|0|6|0|6|6|0
49272,3,True,7,14,7,7|5|3|7|7|7|7|7|7|2|7|7|2|5|2
49276,7,False,7,1,7,7|7|7|7|7|7|7|7|7|7|7|7|7|7|4
49287,5,False,5,3,5,5|7|5|5|5|7|5|5|5|5|5|5|7|5|5
49295,6,False,6,2,6,6|4|6|6|6|6|6|6|6|0|6|6|6|6|6
49310,3,True,5,13,5,2|5|1|5|7|1|3|1|3|5|5|5|5|5|2
49317,4,False,4,3,4,4|9|9|4|4|4|4|4|4|4|4|4|4|4|8
49324,4,True,6,15,6,6|6|6|6|6|6|6|6|6|0|6|0|6|6|6
49327,6,True,0,11,-1,8|8|7|2|3|3|6|2|6|6|6|2|8|2|8
49347,3,True,5,15,5,5|2|5|5|5|7|5|1|7|5|5|5|5|5|5
49355,7,False,7,3,7,7|9|7|7|7|7|9|9|7|7|7|7|7|7|7
49372,3,True,8,10,8,8|8|8|3|8|3|8|8|8|3|3|8|3|8|8
49374,2,False,2,7,2,2|2|3|2|4|2|3|0|2|3|9|2|4|2|2
49393,9,False,9,15,5,5|5|5|5|5|5|5|5|5|5|5|5|5|5|5
49397,4,True,1,13,1,1|1|1|1|1|1|1|1|1|1|1|5|4|1|4
49418,9,False,9,13,5,5|5|5|5|5|5|5|5|9|5|5|5|5|5|9
49422,4,True,6,2,4,4|9|4|4|4|4|4|4|4|9|4|4|4|4|4
49457,2,True,3,10,3,2|2|3|2|6|3|3|3|3|3|3|2|3|3|2
49467,3,False,3,10,2,6|2|2|3|2|2|3|3|3|2|6|3|2|2|2
49468,1,True,5,15,7,7|7|7|7|5|7|7|5|7|5|5|7|7|5|5
49496,6,True,2,10,4,4|2|6|6|4|4|0|4|9|6|6|6|4|4|4
49508,7,False,7,5,7,5|7|7|5|7|7|7|7|7|9|7|7|7|9|9
49509,1,True,5,13,5,9|5|5|5|5|1|5|5|3|1|3|5|5|5|7
49510,9,False,9,13,5,5|9|5|5|5|5|5|5|9|5|5|5|5|5|5
49526,0,True,2,9,0,2|4|0|0|0|0|6|0|6|2|2|2|8|0|2
49529,0,True,2,1,0,0|2|0|0|0|0|0|0|0|0|0|0|0|0|0
49531,7,True,8,14,8,8|8|8|9|8|8|8|8|8|8|8|8|7|8|8
49551,3,False,3,9,2,2|3|6|2|3|3|3|3|2|2|3|2|2|2|2
49577,2,True,3,14,4,2|4|8|6|0|4|7|4|6|6|6|4|6|4|4
49581,1,False,1,2,1,1|1|1|7|1|1|1|1|1|1|1|1|0|1|1
49638,3,True,7,15,7,7|7|7|7|7|7|7|7|7|7|7|7|7|7|7
49642,6,False,6,9,6,2|8|4|6|6|6|1|4|6|4|6|4|6|3|8
49646,9,False,9,12,5,9|5|5|5|9|5|5|5|9|5|5|5|5|5|5
49656,5,True,8,15,8,8|8|8|8|8|8|3|8|8|8|8|8|8|8|8
49679,9,True,4,15,4,4|4|4|4|4|4|6|4|4|0|4|4|6|6|4
49683,0,False,0,13,6,6|6|6|4|0|6|6|6|6|6|6|6|6|3|0
49698,4,False,4,8,4,2|4|4|6|4|6|8|6|4|6|4|4|6|4|6
49710,8,False,8,4,8,8|8|8|8|1|8|1|8|8|1|8|8|8|8|1
49724,9,False,9,11,5,5|5|5|5|9|5|5|5|9|5|9|5|5|5|9
49725,0,False,0,9,6,6|0|6|6|6|6|6|6|0|0|0|0|6|0|6
49739,0,False,0,14,6,6|6|6|6|6|6|6|6|6|6|6|6|0|6|6
49748,7,True,8,13,8,8|8|7|8|7|8|8|8|8|1|8|8|8|8|8
49803,7,False,7,1,7,7|7|7|7|7|7|7|7|9|7|7|7|7|7|7
49840,7,True,1,11,1,1|1|7|1|1|1|7|1|7|1|1|1|7|1|1
49845,6,True,0,11,-1,2|6|5|8|8|6|8|4|4|0|6|0|8|4|6
49858,8,True,3,13,3,3|3|9|3|8|3|3|3|3|1|3|2|2|3|8
49874,4,True,1,15,1,1|1|1|1|1|1|1|1|1|1|1|0|1|1|2
49875,0,False,0,14,6,6|6|6|6|6|6|6|6|6|6|6|0|6|6|6
49893,2,False,2,14,4,4|2|3|4|3|4|4|3|9|3|4|4|4|9|4
49919,0,True,1,15,7,7|1|1|7|6|7|3|8|7|1|1|7|8|3|3
49926,0,True,2,14,2,2|2|2|2|4|2|2|2|4|2|2|4|0|2|2
49929,0,True,1,15,1,1|1|1|1|1|1|1|1|1|1|1|1|1|1|1
49945,3,True,8,12,8,3|8|8|8|8|3|8|8|8|3|8|8|8|8|8
49969,3,True,8,15,8,8|8|8|8|8|8|8|8|7|8|8|8|8|8|8
49999,9,True,7,15,7,7|7|7|5|7|7|3|7|7|7|7|7|7|5|7
50002,1,False,1,3,1,1|1|1|1|7|1|1|1|1|1|0|1|7|1|1
50043,9,True,4,12,4,4|4|9|4|9|4|4|9|4|4|4|4|4|4|4
50050,9,True,4,12,3,4|3|3|9|9|3|3|3|4|6|9|4|1|3|8
50065,2,True,5,10,5,7|2|5|5|5|5|5|2|2|2|5|5|5|5|2
50083,7,False,7,11,5,5|9|7|5|5|7|5|9|9|5|5|7|7|5|5
50095,3,True,5,14,5,3|5|5|5|5|1|5|5|7|5|5|5|5|5|5
50104,6,False,6,15,4,4|4|4|4|4|4|2|4|4|0|2|4|4|4|4
50109,4,True,6,7,4,2|2|4|4|2|4|6|4|4|4|2|6|6|4|4
50121,8,True,1,15,1,1|1|1|1|1|1|1|1|1|1|1|1|1|1|1
50123,5,True,9,6,5,7|9|5|7|5|5|5|8|9|5|5|5|5|5|9
50159,1,False,1,5,1,1|7|1|1|7|1|7|1|1|1|1|0|7|1|1
50161,0,True,1,14,1,1|1|1|0|1|1|1|1|1|1|1|1|1|1|1
50174,0,True,1,15,1,1|1|1|1|1|1|1|1|1|1|1|1|1|1|1
50189,8,False,8,3,8,8|8|8|8|8|8|3|8|8|2|8|8|8|8|4
50194,2,True,7,15,7,7|7|7|7|9|7|9|9|9|7|7|7|7|7|7
50212,1,False,1,3,1,1|1|1|1|1|1|1|1|1|1|0|0|0|1|1
50247,6,True,0,5,6,6|6|6|6|0|6|0|6|6|0|6|0|6|6|0
50274,7,False,7,15,5,5|5|5|5|5|5|5|5|9|5|5|5|5|5|5
50280,6,False,6,14,-1,8|3|2|0|8|3|0|8|4|4|6|2|4|3|2
50281,9,True,4,15,3,2|4|3|3|3|3|3|3|3|2|3|3|3|3|4
50282,9,True,6,15,6,6|6|6|0|6|6|6|6|4|6|6|6|6|0|6
50305,7,True,5,9,5,5|7|5|5|7|7|5|5|7|5|5|7|7|5|5
50309,0,False,0,11,6,6|6|6|6|6|6|6|6|6|0|0|0|6|0|6
50316,5,False,5,2,5,2|5|5|5|5|5|5|5|5|1|5|5|5|5|5
50325,2,True,3,9,3,2|2|3|3|3|3|3|3|3|2|3|2|3|2|2
50337,2,False,2,10,0,0|0|0|0|0|2|0|0|2|0|0|0|2|2|2
50386,9,False,9,12,7,5|7|9|7|9|7|5|7|5|7|7|5|7|5|9
50388,5,True,9,5,5,5|9|9|5|5|5|5|9|9|9|5|5|5|5|5
50418,5,True,9,1,5,5|5|5|5|5|5|5|9|5|5|5|5|5|5|5
50425,1,True,5,12,5,1|1|5|5|3|1|5|5|7|7|7|5|5|5|7
50451,1,True,4,15,9,9|9|9|9|4|4|4|4|9|9|4|4|9|9|9
50465,9,True,4,10,4,4|9|4|4|4|4|9|9|9|9|4|4|4|4|4
50466,4,False,4,7,4,4|9|9|4|4|4|9|9|9|9|4|4|4|9|4
50514,9,True,7,8,-1,5|9|5|9|9|5|5|9|9|5|9|7|5|5|9
50525,4,True,6,3,4,6|4|4|4|4|4|4|4|4|2|4|4|4|4|6
50547,8,False,8,1,8,8|8|8|8|7|8|8|8|8|8|8|8|8|8|8
50558,2,True,3,12,3,6|3|3|2|2|3|3|3|3|0|6|2|3|3|3
50570,1,True,3,14,3,2|3|8|2|3|3|3|3|3|2|3|2|3|1|3
50573,6,True,2,14,4,4|2|6|4|9|4|9|9|9|2|4|4|4|4|4
50575,0,True,1,13,1,1|1|1|1|1|1|1|1|1|1|0|0|1|1|1
50579,2,True,5,15,5,5|5|1|5|5|7|5|5|7|5|5|5|5|5|5
50590,7,False,7,1,7,7|7|7|7|7|7|3|7|7|7|7|7|7|7|7
50598,1,True,8,13,8,8|8|8|8|8|8|1|1|8|9|8|8|8|8|8
50622,0,True,1,11,1,1|1|1|0|0|1|1|1|0|1|1|0|1|1|1
50644,1,False,1,0,1,1|1|1|1|1|1|1|1|1|1|1|1|1|1|1
50654,2,False,2,8,-1,2|2|0|0|6|2|2|2|0|0|0|0|0|2|2
50665,2,True,9,13,5,1|9|9|5|5|7|5|2|9|2|7|5|7|5|9
50667,7,True,1,15,1,1|1|1|1|1|1|1|1|1|1|1|1|1|1|1
50687,2,True,3,3,2,2|2|2|2|3|2|3|2|2|2|3|2|2|2|2
50697,4,True,1,11,1,1|7|1|1|4|0|1|1|4|1|0|4|4|1|1
50700,4,True,6,8,4,2|8|3|0|4|4|3|9|4|9|4|4|4|4|8
50713,2,True,3,13,6,6|2|6|6|6|6|0|6|6|6|6|6|6|3|2
50714,7,True,8,13,8,8|7|8|8|7|8|8|8|8|8|8|8|8|8|8
50732,7,True,1,13,1,1|1|1|1|1|1|1|1|1|1|1|7|7|1|1
50755,4,True,1,14,1,1|1|3|7|1|1|1|1|1|1|7|4|7|1|1
50792,5,True,9,1,5,5|5|5|5|5|5|5|9|5|5|5|5|5|5|5
50814,2,True,7,15,7,7|7|7|7|7|7|7|7|9|7|7|7|7|7|7
50830,0,False,0,13,6,2|1|3|0|6|1|0|3|6|6|6|6|3|3|4
50864,6,True,0,3,6,6|6|6|6|0|6|6|4|6|0|6|6|6|6|6
50874,3,True,5,15,5,7|5|5|7|5|7|7|5|7|2|5|5|5|5|5
50876,5,True,9,1,5,5|5|5|5|5|5|5|5|9|5|5|5|5|5|5
50877,4,True,6,9,4,2|0|5|9|9|2|0|4|4|4|4|4|4|2|2
50880,7,True,8,15,8,8|1|8|8|8|8|5|8|8|8|8|8|8|8|8
50881,2,False,2,4,2,2|4|3|2|2|2|9|2|2|2|0|2|2|2|2
50886,9,False,9,11,5,9|5|9|5|5|5|5|5|9|5|5|5|5|5|9
50911,0,True,1,14,1,1|1|1|1|1|1|1|1|1|1|1|0|1|1|1
50925,9,False,9,15,5,5|5|5|5|5|5|5|7|5|5|5|5|5|5|5
50939,3,True,7,15,7,7|2|7|7|7|7|7|7|9|7|7|7|7|7|7
50952,5,True,9,1,5,5|5|5|5|5|5|5|5|9|5|5|5|5|5|5
50956,0,True,1,10,1,1|1|1|1|0|1|0|1|1|1|0|0|0|1|1
50977,3,False,3,3,3,1|3|3|3|3|3|3|6|3|3|3|2|3|3|3
50981,6,True,0,6,6,6|0|6|6|6|6|6|6|6|0|6|0|0|3|1
51007,8,False,8,12,2,2|1|3|2|8|2|7|8|3|6|3|2|8|1|6
51043,9,True,7,14,7,7|7|7|7|7|7|7|9|7|7|7|7|7|7|7
51063,8,False,8,1,8,8|8|8|8|3|8|8|8|8|8|8|8|8|8|8
51074,8,False,8,1,8,8|8|8|8|3|8|8|8|8|8|8|8|8|8|8
51106,9,True,7,15,7,7|7|7|7|7|7|7|1|7|7|7|7|7|7|7
51108,9,True,6,14,4,4|9|4|4|4|4|4|4|4|4|4|4|4|4|4
51156,6,False,6,14,-1,1|5|5|5|4|6|1|3|8|8|0|4|2|2|2
51197,3,True,8,12,8,8|8|8|8|8|8|8|3|8|3|3|8|8|8|8
51209,5,False,5,8,5,2|3|1|7|5|3|5|5|2|5|3|5|5|5|2
51239,2,False,2,13,0,0|0|0|0|2|0|0|0|4|0|0|4|2|8|0
51254,0,True,1,12,1,1|1|1|1|1|0|1|1|1|1|1|0|6|1|0
51264,1,True,5,10,5,5|7|1|5|7|1|1|5|3|1|5|5|5|1|2
51271,9,True,4,14,4,4|4|4|4|2|4|4|1|4|0|4|4|2|0|9
51300,3,False,3,9,3,2|3|2|6|3|3|3|2|2|6|6|2|6|3|3
51304,9,True,7,10,7,5|7|7|9|7|7|9|9|9|5|9|7|7|7|7
51327,4,True,7,15,7,7|7|7|7|7|7|7|9|7|7|7|7|7|7|7
51357,6,True,0,5,6,6|6|6|4|6|4|6|6|6|6|6|4|6|4|4
51360,0,True,2,12,2,2|2|2|0|2|2|2|2|2|8|0|0|2|2|2
51392,7,False,7,1,7,7|7|7|7|7|7|7|9|7|7|7|7|7|7|7
51398,1,False,1,1,1,1|1|1|1|7|1|1|1|1|1|1|1|1|1|1
51485,5,True,9,2,5,5|5|5|5|5|5|5|5|9|5|5|5|5|5|9
51496,4,True,6,15,6,6|6|6|6|6|6|6|6|6|6|0|6|6|6|6
51501,9,True,4,12,4,4|9|9|4|4|4|4|4|4|9|4|4|4|4|4
51502,9,True,4,11,4,4|9|9|9|4|4|8|4|4|4|4|4|4|4|9
51516,8,True,6,15,3,2|6|3|2|2|3|3|2|3|3|3|2|3|3|2
51517,6,False,6,14,4,4|4|4|4|0|4|6|4|4|4|4|4|4|4|4
51525,4,True,6,6,4,4|2|4|4|2|4|8|4|4|9|4|4|4|2|2
51570,1,False,1,3,1,1|1|1|1|1|1|7|1|1|1|1|7|7|1|1
51590,5,False,5,5,5,2|2|5|5|5|7|5|5|2|5|5|5|5|5|2
51605,4,True,6,15,6,6|0|6|6|6|6|6|6|6|6|6|6|6|6|6
51606,6,True,2,15,2,2|2|2|2|2|2|9|2|2|2|2|2|0|2|2
51612,2,True,5,14,7,7|9|7|7|7|3|7|1|7|5|7|5|7|7|2
51615,6,True,0,5,6,6|0|6|6|6|6|6|6|4|0|6|0|6|6|0
51627,3,False,3,11,2,2|3|2|2|4|4|3|3|2|6|6|6|3|6|2
51629,9,True,3,15,6,6|4|4|6|3|6|3|6|6|6|4|4|6|4|4
51635,2,False,2,7,2,2|0|4|0|2|2|2|2|2|2|0|4|2|0|0
51658,1,True,8,15,5,7|3|5|5|3|3|5|9|7|5|7|8|5|7|2
51673,9,False,9,13,5,9|5|5|5|5|5|8|5|9|5|5|5|5|5|5
51693,6,True,3,14,3,2|6|3|2|3|3|3|3|3|3|3|2|3|3|2
51698,6,True,0,6,6,6|6|0|6|0|6|6|0|6|6|0|0|6|6|0
51719,7,True,1,8,1,1|1|7|1|7|7|7|1|1|1|7|7|7|1|1
51726,0,False,0,12,6,6|6|6|6|6|6|6|6|0|6|6|0|6|6|0
51735,0,False,0,15,2,2|3|2|2|2|3|3|2|2|2|3|6|3|3|2
51744,5,False,5,12,7,7|5|7|7|9|7|7|1|7|5|7|7|7|5|9
51755,2,True,3,6,2,2|3|3|2|2|3|3|2|2|2|3|2|3|2|2
51799,6,False,6,14,-1,8|4|7|2|8|2|4|9|8|3|8|2|4|4|6
51807,4,True,6,1,4,4|4|4|4|4|4|4|4|4|4|4|4|6|4|4
51852,9,True,4,14,4,4|4|4|4|9|4|4|4|4|6|4|4|4|4|4
51899,0,False,0,13,6,6|6|6|6|6|6|0|6|8|6|6|6|8|4|0
51919,9,True,7,13,7,5|1|7|7|7|7|7|9|9|7|7|5|7|7|7
51934,7,False,7,1,7,7|9|7|7|7|7|7|7|7|7|7|7|7|7|7
51947,8,False,8,12,7,5|0|7|8|7|7|5|7|2|0|5|8|8|5|7
51948,2,True,3,9,3,2|2|3|3|2|3|3|3|2|3|3|2|3|3|2
51957,6,True,0,3,6,6|6|6|0|6|6|6|6|0|0|6|6|6|6|6
51962,9,True,4,11,4,4|9|4|4|9|4|3|9|2|0|4|4|4|4|9
51964,4,True,6,13,0,2|4|0|0|4|0|0|0|2|0|2|0|2|8|2
51969,3,False,3,7,3,3|2|3|2|3|1|3|3|3|2|6|2|3|3|2
51976,1,False,1,1,1,1|1|1|1|1|1|1|1|1|1|1|7|1|1|1
52010,0,True,1,15,1,1|1|1|1|1|1|1|1|1|1|1|1|1|1|1
52029,9,True,6,15,4,4|2|4|4|2|2|3|4|4|6|4|4|4|2|4
52032,1,True,3,12,3,1|8|3|7|1|3|3|2|3|6|6|2|3|2|1
52040,8,False,8,2,8,8|8|8|8|3|8|8|8|8|3|8|8|8|8|8
52046,2,True,7,11,5,2|2|1|5|7|7|5|9|2|5|5|5|2|7|7
52049,7,False,7,8,7,5|9|7|7|7|7|5|9|9|1|7|7|9|3|7
52078,9,False,9,15,5,5|5|5|5|5|5|5|5|5|5|5|5|5|5|5
52081,1,True,8,15,8,8|8|8|8|8|3|8|8|8|8|8|8|8|8|8
52108,9,False,9,14,5,5|5|5|5|5|5|5|5|9|5|5|5|5|5|5
52111,9,True,6,15,6,6|6|6|6|0|4|6|6|6|6|6|6|6|8|6
52113,4,True,7,14,7,7|7|5|7|7|7|7|7|7|7|7|4|7|7|7
52165,9,True,7,13,7,7|7|7|7|7|7|7|9|9|7|7|7|7|7|7
52184,3,True,8,12,8,8|8|9|8|8|3|3|8|7|8|8|8|8|3|8
52203,5,False,5,8,7,7|7|7|7|5|7|7|5|7|7|5|5|5|5|5
52224,2,False,2,11,0,2|4|0|0|2|2|0|0|4|0|0|0|2|0|0
52231,1,False,1,5,1,1|7|5|1|7|1|1|1|1|7|1|1|7|1|1
52239,3,True,7,15,7,9|7|7|7|7|7|7|7|7|9|7|7|7|7|7
52240,7,True,5,13,5,5|5|5|5|5|7|5|5|2|5|5|7|5|5|5
52280,0,True,2,9,0,2|2|2|0|4|0|4|2|9|0|0|0|2|0|4
52296,0,False,0,5,0,6|0|6|2|6|0|0|0|0|0|6|0|0|0|0
52302,1,False,1,15,3,3|2|3|3|6|3|3|2|3|2|3|2|3|3|2
52383,8,False,8,3,8,8|8|8|8|3|8|5|8|8|8|8|8|8|5|8
52402,6,True,0,10,6,6|6|1|3|6|3|0|8|6|8|3|6|8|4|3
52403,1,False,1,1,1,1|7|1|1|1|1|1|1|1|1|1|1|1|1|1
52405,4,True,6,10,6,6|4|4|6|6|4|6|6|4|6|6|6|6|6|4
52408,6,True,3,14,3,2|2|3|3|2|3|3|2|7|3|3|6|3|3|3
52417,4,False,4,3,4,4|2|2|0|4|4|4|4|4|4|4|4|4|4|4
52422,7,False,7,4,7,7|7|7|7|7|7|9|7|9|9|7|9|7|7|7
52423,7,False,7,4,7,7|2|7|7|7|7|5|7|9|7|7|7|7|7|3
52426,3,False,3,8,3,2|3|3|3|2|3|3|3|6|6|6|6|3|2|2
52451,1,False,1,1,1,1|0|1|1|1|1|1|1|1|1|1|1|1|1|1
52498,4,True,6,14,0,7|0|0|0|0|5|0|1|0|6|0|0|2|1|4
52502,6,True,3,12,3,3|3|3|6|6|3|3|3|3|3|3|6|3|3|3
52510,5,False,5,13,7,7|7|7|7|7|7|7|5|7|5|7|7|7|7|7
52513,5,False,5,9,7,5|5|5|5|7|7|7|1|7|7|7|5|7|5|3
52518,5,True,9,1,5,5|5|5|5|5|5|5|5|9|5|5|5|5|5|5
52519,0,True,2,11,4,2|0|5|0|4|4|8|9|2|0|0|4|4|4|4
52531,0,True,1,12,1,1|1|1|1|1|1|1|1|1|0|1|0|0|1|1
52559,9,True,8,15,8,8|8|8|8|8|8|8|8|8|8|8|8|3|8|8
52567,0,False,0,14,6,6|8|6|0|6|2|1|6|6|2|6|6|6|8|6
52591,5,True,6,15,6,6|6|6|6|6|6|6|6|6|0|6|6|6|6|6
52610,5,True,9,11,9,5|9|9|9|9|7|9|7|9|5|9|5|9|5|9
52649,7,False,7,2,7,7|7|7|7|7|7|9|7|7|7|7|7|7|7|9
52674,1,True,5,10,5,1|1|5|5|5|1|5|5|3|1|7|5|5|9|1
52704,2,False,2,11,4,4|4|0|0|4|4|3|2|2|2|4|4|2|4|9
52712,9,True,7,15,7,7|7|7|7|7|7|7|7|7|7|7|7|7|7|4
52714,9,True,4,6,9,9|4|9|9|9|4|9|9|9|9|4|4|9|4|4
52717,2,True,5,13,7,7|5|4|7|7|2|5|2|7|7|7|7|7|7|5
52720,2,True,9,11,9,9|9|2|9|9|7|9|9|9|2|7|2|9|9|2
52721,0,True,2,9,-1,2|2|0|0|0|6|0|8|2|4|2|2|2|0|0
52723,4,True,1,15,1,1|1|1|1|1|1|1|1|1|1|1|5|1|1|1
52731,7,False,7,8,7,5|7|7|7|7|3|5|7|9|5|5|5|5|7|7
52752,2,True,3,10,3,2|2|3|3|2|3|3|3|3|3|3|2|3|3|2
52767,6,False,6,15,0,0|2|0|0|0|4|0|0|4|0|0|0|0|2|2
52783,7,False,7,3,7,7|7|7|7|7|7|7|7|9|7|7|7|7|5|8
52791,4,True,6,11,0,2|4|5|0|2|2|0|0|0|0|4|4|2|0|4
52819,4,True,6,0,4,4|4|4|4|4|4|4|4|4|4|4|4|4|4|4
52840,9,True,4,6,9,9|4|9|9|9|4|9|9|9|9|4|4|4|4|9
52844,9,True,4,12,4,9|4|9|6|4|4|4|4|2|9|4|4|4|4|4
52852,5,True,9,4,5,9|5|5|5|5|5|5|9|9|5|5|5|5|5|9
52863,0,True,2,15,4,4|4|4|8|4|4|9|4|4|8|8|4|4|4|4
52865,0,True,2,10,2,1|2|0|0|3|0|3|8|0|2|2|2|2|0|2
52868,4,True,6,15,0,0|0|2|2|2|0|0|8|2|0|0|0|2|0|2
52876,9,False,9,11,5,5|9|5|5|5|5|5|9|9|5|5|5|5|9|5
52889,7,True,5,10,5,7|7|5|5|7|2|5|5|5|5|7|5|5|7|2
52898,3,False,3,8,2,2|3|3|3|3|2|3|2|3|2|3|2|2|2|2
52924,9,False,9,10,5,5|5|5|5|9|5|5|9|9|9|5|5|5|5|9
52928,0,True,2,5,0,2|2|2|0|2|0|7|0|0|0|0|0|0|0|0
52934,5,True,9,7,5,5|9|5|9|5|5|9|9|9|5|5|9|5|5|9
52962,3,False,3,1,3,3|3|3|3|3|3|3|3|3|6|3|3|3|3|3
52965,9,True,4,15,3,1|6|3|3|6|3|6|1|2|4|3|6|3|3|6
52966,0,True,2,14,2,2|4|7|2|2|1|3|2|2|0|8|4|3|8|2
52967,3,True,2,14,4,2|4|3|6|4|4|6|4|4|8|4|4|4|4|4
52974,9,True,4,8,4,9|4|9|4|9|4|9|9|9|9|4|4|4|4|4
52985,5,False,5,5,5,2|5|5|5|5|1|1|5|2|5|7|5|5|5|5
53021,8,False,8,0,8,8|8|8|8|8|8|8|8|8|8|8|8|8|8|8
53027,0,False,0,12,6,6|0|6|6|6|6|0|6|6|6|6|0|6|6|6
53048,9,True,7,15,7,7|7|7|7|7|7|7|7|7|7|7|7|7|7|4
53066,2,False,2,12,4,2|2|5|4|0|4|4|8|4|9|2|8|4|4|8
53070,3,True,8,12,8,8|3|8|8|8|3|8|8|8|8|3|8|8|8|8
53083,9,True,4,13,-1,4|9|3|0|4|4|6|6|9|4|6|2|3|3|6
53101,2,True,5,8,2,8|2|5|2|2|7|5|2|2|2|7|5|7|7|2
53112,6,False,6,14,4,9|9|4|4|4|4|8|4|9|6|4|4|4|4|4
53120,1,True,3,15,6,6|2|6|6|4|6|6|3|6|2|6|6|6|2|2
53139,6,False,6,15,0,0|2|0|2|4|0|0|4|4|0|0|0|0|2|0
53158,9,True,7,13,7,7|7|7|7|9|7|7|7|9|7|7|7|7|7|7
53170,6,True,0,6,6,6|0|6|0|6|6|0|6|6|6|6|0|6|0|0
53172,2,True,9,12,7,7|3|7|7|7|7|3|2|2|1|7|2|5|5|7
53183,9,False,9,12,5,5|6|9|5|9|3|5|5|5|6|3|5|5|5|9
53207,3,True,2,12,2,2|2|3|0|0|2|3|3|4|2|2|2|2|2|2
53222,9,True,7,15,7,7|7|7|7|7|7|7|7|7|7|7|7|7|7|7
53230,3,True,8,15,8,8|8|8|8|8|8|8|8|8|8|8|8|8|8|8
53234,0,True,2,4,0,0|0|0|0|0|0|0|0|0|0|0|6|2|5|4
53258,9,True,8,15,8,8|0|8|8|8|6|8|8|8|2|8|8|8|8|4
53295,5,True,9,4,5,9|5|5|5|5|5|5|9|9|5|5|5|5|5|9
53300,6,False,6,15,0,2|4|2|0|0|0|4|0|4|2|2|0|0|4|0
53305,4,False,4,8,4,4|9|3|3|4|3|3|1|3|4|4|4|4|4|9
53315,6,False,6,14,4,4|6|4|4|4|4|4|4|4|4|4|4|4|8|4
53323,3,True,2,15,2,2|2|2|0|2|0|8|2|4|4|2|0|2|0|0
53327,7,False,7,13,9,5|9|9|9|7|5|9|9|9|7|9|5|5|9|9
53362,3,True,2,14,4,4|2|2|0|4|4|3|9|4|2|4|4|4|4|4
53363,7,True,1,12,1,7|1|1|7|1|1|7|1|1|1|1|1|4|1|1
53374,8,True,5,15,5,7|2|7|7|5|7|7|5|2|5|5|5|5|5|2
53390,3,False,3,10,6,2|6|6|6|3|6|3|3|3|6|6|6|3|6|6
53397,9,True,6,15,2,2|7|7|8|4|4|0|3|7|2|8|2|0|4|2
53401,2,True,3,13,4,2|4|4|4|4|4|3|9|9|2|4|4|4|4|4
53416,4,True,6,2,4,6|4|4|4|4|4|4|4|4|6|4|4|4|4|4
53420,9,False,9,13,5,5|5|5|5|5|5|5|9|9|3|5|5|5|5|5
53451,0,False,0,15,6,2|6|3|6|2|4|6|6|4|4|6|6|3|6|6
53453,9,True,4,11,4,9|4|4|4|4|4|9|4|4|9|4|4|4|9|4
53460,5,False,5,2,5,5|5|5|5|5|5|1|5|3|5|5|5|5|5|5
53462,5,False,5,4,5,2|5|1|5|5|3|5|5|3|5|5|5|5|5|5
53471,0,True,2,6,0,0|2|0|0|2|2|0|2|0|0|0|0|0|2|2
53501,9,False,9,11,5,5|5|5|5|9|5|5|9|9|9|5|5|5|5|5
53544,7,True,3,15,6,2|6|6|6|6|6|6|3|6|0|0|6|6|1|2
53555,6,True,0,3,6,6|6|6|6|6|6|6|6|6|0|6|6|6|3|0
53568,4,False,4,1,4,4|4|4|4|4|4|4|9|4|4|4|4|4|4|4
53611,9,False,9,14,5,5|5|5|5|5|5|5|5|9|5|5|5|5|5|5
53648,5,True,9,1,5,5|9|5|5|5|5|5|5|5|5|5|5|5|5|5
53664,9,True,4,15,4,4|4|3|4|4|4|4|4|2|4|4|4|4|4|4
53673,6,True,5,15,5,5|5|5|5|7|2|5|5|1|5|5|3|5|5|7
53689,4,False,4,7,4,9|4|9|4|9|4|8|9|9|4|4|4|4|9|4
53702,6,True,0,2,6,6|6|6|0|6|6|6|6|6|6|6|0|6|6|6
53708,6,False,6,2,6,6|6|6|6|6|6|3|6|6|6|4|6|6|6|6
53713,6,True,3,14,3,6|3|3|3|3|3|3|2|3|2|3|2|3|3|2
53717,9,True,7,13,7,7|7|7|7|7|7|9|7|9|7|7|7|7|7|7
53740,4,False,4,4,4,4|4|4|4|4|4|3|9|9|3|4|4|4|4|4
53752,4,False,4,2,4,4|4|4|4|2|4|4|4|9|4|4|4|4|4|4
53755,8,False,8,3,8,8|1|8|8|2|6|8|8|8|8|8|8|8|8|8
53767,6,True,0,14,0,0|4|2|0|0|0|6|2|0|0|0|0|0|8|0
53769,7,False,7,2,7,7|7|7|7|9|7|7|9|7|7|7|7|7|7|7
53782,3,True,7,15,7,7|7|7|7|7|7|8|7|7|7|7|7|7|7|2
53783,9,False,9,12,5,5|5|5|5|5|5|5|9|5|9|5|5|5|5|9
53805,3,False,3,6,3,6|3|3|3|6|3|3|3|3|0|6|2|3|3|6
53828,4,False,4,3,4,4|4|4|4|4|4|3|9|4|9|4|4|4|4|4
53829,6,True,1,15,1,1|1|1|1|1|1|1|1|1|1|1|1|7|1|1
53861,6,True,3,12,3,1|6|7|3|0|1|6|1|3|3|8|0|3|3|6
53881,3,True,5,15,5,5|5|5|7|5|1|1|5|7|1|5|5|5|5|2
53889,3,True,8,13,8,8|8|3|8|8|8|3|8|8|8|8|8|8|8|8
53902,9,True,4,12,4,4|4|4|4|4|4|4|9|4|9|4|4|4|4|9
53910,9,True,8,15,8,8|8|8|8|8|3|8|8|3|8|3|8|3|8|8
53923,0,True,2,9,2,0|2|2|0|0|0|2|2|4|2|2|0|0|2|2
53924,9,True,6,15,4,4|4|4|4|4|4|6|4|4|4|4|4|4|4|4
53935,6,True,3,8,6,6|3|6|2|6|1|7|6|6|6|3|6|3|1|4
53941,3,False,3,3,3,6|3|3|3|6|3|3|3|3|3|6|3|3|3|3
53962,1,False,1,13,7,7|7|7|7|7|1|7|7|7|7|7|7|7|1|7
53979,5,False,5,9,-1,5|7|5|5|5|7|9|5|7|1|7|7|7|5|1
53980,5,True,9,3,5,5|5|9|5|5|5|5|9|9|5|5|5|5|5|5
53995,3,True,8,14,8,8|8|8|8|8|8|8|8|8|8|8|8|8|8|3
53996,9,True,7,7,9,5|9|9|9|9|5|5|9|9|5|9|5|5|5|9
54007,2,False,2,15,9,9|9|3|9|9|4|4|9|4|3|4|9|4|9|4
54065,4,True,6,5,4,6|4|4|6|4|4|6|4|4|4|4|4|6|0|4
54069,6,False,6,13,4,4|4|0|6|4|4|4|4|4|0|6|4|4|4|4
54083,5,False,5,15,7,7|7|7|7|7|7|7|2|7|7|7|7|7|7|7
54090,9,True,8,15,8,8|8|8|3|3|8|3|8|8|8|3|5|8|8|8
54099,5,False,5,9,5,7|5|9|7|7|5|5|9|9|5|7|2|7|5|5
54118,6,True,0,4,6,6|4|6|6|6|6|6|6|4|2|6|0|6|6|6
54120,9,True,7,14,7,7|7|7|7|7|7|7|9|7|7|7|7|7|7|7
54152,4,False,4,5,4,4|4|9|9|4|4|4|4|9|9|4|4|4|9|4
54173,0,True,2,12,2,4|4|0|9|2|2|0|2|4|2|0|4|4|2|2
54178,7,True,8,14,8,8|8|8|8|7|8|8|8|8|8|8|8|8|8|8
54186,4,False,4,8,4,4|4|3|3|9|3|4|4|4|3|4|2|4|9|8
54205,0,True,2,13,2,2|2|0|2|2|2|0|2|2|8|2|2|2|2|2
54219,6,True,0,5,6,6|6|3|0|6|0|6|6|6|6|6|0|6|3|6
54256,4,False,4,1,4,4|4|4|4|9|4|4|4|4|4|4|4|4|4|4
54257,0,True,2,9,-1,2|2|2|0|4|2|3|0|4|0|0|0|2|2|0
54267,6,True,0,1,6,6|6|6|6|6|6|6|6|6|6|0|6|6|6|6
54272,0,False,0,13,6,6|6|6|6|6|6|6|6|6|0|6|6|6|6|0
54291,0,True,1,15,3,2|2|3|3|6|3|3|3|3|3|3|6|3|3|3
54301,9,True,4,8,-1,9|4|9|9|4|4|9|9|9|9|2|4|4|4|4
54302,6,True,3,12,3,3|2|3|3|6|3|3|6|9|4|6|3|3|3|2
54315,9,True,4,15,4,2|4|4|4|4|4|4|6|4|4|4|4|6|4|6
54335,9,True,4,11,4,4|9|9|4|4|4|9|4|4|2|9|4|4|4|4
54337,9,True,8,15,8,8|8|8|8|3|8|3|8|8|8|8|8|8|8|8
54339,4,True,6,5,4,4|4|0|2|0|4|0|4|4|6|4|4|4|4|4
54344,9,True,7,14,5,5|5|5|5|5|5|5|5|5|5|5|5|5|5|9
54347,5,True,9,1,5,5|5|5|5|5|5|5|5|9|5|5|5|5|5|5
54374,4,True,7,15,7,7|7|7|7|7|7|9|9|7|7|7|7|7|7|7
54380,0,True,1,13,1,1|0|1|1|1|1|1|1|1|1|1|0|1|1|1
54385,9,False,9,6,9,5|9|9|5|9|7|8|9|9|2|9|9|5|9|9
54388,6,True,0,8,6,6|4|0|0|0|6|6|6|6|0|6|0|6|1|4
54390,6,True,9,14,5,5|6|5|5|5|5|5|9|9|7|5|5|5|5|5
54421,0,False,0,11,6,6|6|6|0|6|6|6|6|6|6|0|0|6|6|0
54425,0,False,0,11,6,6|0|6|0|6|6|6|6|0|0|6|6|6|6|6
54433,9,False,9,7,9,5|9|9|9|9|2|9|9|9|5|7|5|2|5|9
54448,2,True,3,3,2,2|2|2|2|2|3|3|2|2|2|3|2|2|2|2
54452,0,True,1,15,1,1|1|1|1|1|1|1|1|1|1|1|1|1|1|1
54453,1,False,1,3,1,1|1|1|0|1|1|1|1|0|1|0|1|1|1|1
54457,7,False,7,3,7,7|7|7|7|7|2|7|9|7|7|7|7|8|7|7
54471,9,True,4,9,9,4|4|9|0|9|3|3|9|9|9|4|4|2|9|4
54493,0,True,1,15,3,2|3|3|3|2|3|3|3|3|3|3|2|3|3|2
54498,7,False,7,5,7,7|7|7|7|9|2|9|9|9|7|7|7|7|7|7
54517,9,True,4,14,4,4|4|9|4|4|4|4|4|4|4|4|4|4|4|4
54519,9,True,4,6,9,9|9|9|4|9|4|3|9|9|9|4|4|4|9|9
54563,6,False,6,15,2,2|0|9|0|2|2|0|9|2|7|4|4|2|0|4
54585,5,True,9,8,5,5|5|9|9|5|5|7|9|9|7|5|5|5|9|9
54595,9,True,4,13,4,0|4|3|0|4|0|0|9|4|9|4|4|4|4|0
54606,5,True,9,1,5,5|5|5|5|5|5|5|5|9|5|5|5|5|5|5
54613,7,True,8,13,8,8|8|8|8|7|3|3|3|8|8|8|7|8|8|8
54618,3,True,8,14,8,3|8|8|8|8|8|8|8|8|8|8|8|8|8|8
54628,9,True,4,12,4,4|4|4|9|4|4|4|9|9|4|4|4|4|4|4
54646,4,True,6,2,4,4|4|4|4|4|4|4|4|4|4|4|4|4|8|8
54656,5,True,9,1,5,5|5|5|5|5|5|5|5|9|5|5|5|5|5|5
54657,4,True,6,8,4,2|4|6|0|1|6|4|4|4|8|6|4|4|4|8
54676,4,True,6,2,4,4|4|4|4|9|4|4|4|9|4|4|4|4|4|4
54680,0,True,2,13,-1,2|2|3|2|2|4|8|2|4|0|6|4|0|4|4
54681,1,True,3,15,4,6|8|2|6|4|4|8|4|4|4|6|4|0|8|6
54732,5,False,5,6,5,5|5|5|5|5|7|5|1|7|3|7|5|5|5|2
54734,7,True,8,14,8,8|8|0|6|8|8|8|8|7|8|8|8|8|8|8
54758,1,True,5,13,5,1|5|1|5|5|2|5|5|3|5|5|5|5|5|5
54781,5,True,9,1,5,5|5|5|5|5|5|5|5|9|5|5|5|5|5|5
54783,7,True,5,6,7,5|7|7|7|7|7|7|5|7|5|5|5|7|7|5
54785,6,True,3,10,-1,2|3|6|6|2|6|6|3|3|2|3|6|4|3|2
54788,0,True,1,15,1,1|1|1|1|1|1|1|1|1|1|1|1|1|1|1
54791,6,False,6,15,4,4|2|4|4|4|4|4|4|4|4|4|4|4|4|4
54815,2,True,7,15,7,7|7|7|7|7|7|7|7|7|7|7|7|7|7|7
54845,6,True,0,15,8,8|8|8|8|8|8|8|3|8|8|8|8|8|8|8
54850,3,True,8,14,8,8|8|8|8|8|8|8|8|8|4|8|8|8|8|3
54876,0,False,0,13,6,2|4|2|6|6|6|8|6|4|6|8|6|6|0|0
54878,0,True,1,14,1,1|1|1|1|1|1|1|1|1|1|1|0|1|1|1
54890,9,False,9,11,5,5|5|5|7|5|7|9|9|9|9|5|5|5|5|5
54910,2,False,2,8,2,2|0|2|0|2|4|4|2|2|2|0|4|2|0|4
54970,2,True,3,3,2,2|2|3|2|2|2|3|3|2|2|2|2|2|2|2
54982,0,False,0,15,6,6|6|6|6|6|6|6|6|6|6|6|6|6|6|6
54988,0,True,1,15,1,1|1|1|1|1|1|1|1|1|1|1|1|1|1|1
55004,5,False,5,6,5,7|7|7|5|5|7|7|5|7|5|5|5|5|5|5
55010,6,False,6,15,4,4|4|4|9|4|4|8|4|4|4|4|4|4|4|9
55035,5,False,5,10,7,7|7|5|7|7|7|7|5|7|7|5|5|7|5|7
55040,7,False,7,0,7,7|7|7|7|7|7|7|7|7|7|7|7|7|7|7
55078,0,False,0,15,6,6|6|6|6|6|6|8|6|7|3|6|8|4|8|8
55081,2,False,2,12,4,6|2|4|4|4|4|1|4|2|0|2|4|4|8|6
55087,8,False,8,3,8,8|8|8|8|8|8|1|8|8|8|8|1|8|8|9
55095,0,True,1,12,1,1|1|1|1|1|1|1|1|0|1|0|0|1|1|1
55096,6,True,0,0,6,6|6|6|6|6|6|6|6|6|6|6|6|6|6|6
55141,4,False,4,5,4,2|4|4|2|4|4|3|4|4|0|4|4|6|4|4
55163,0,False,0,11,6,6|6|6|6|6|6|0|0|0|0|6|6|6|1|1
55167,3,False,3,7,3,3|8|3|3|6|8|3|8|7|3|3|4|0|3|3
55172,3,True,8,15,8,8|8|8|8|8|8|8|8|8|8|8|8|8|8|8
55197,4,True,1,15,1,1|7|7|1|1|1|1|7|7|1|1|7|7|1|7
55210,3,True,8,14,8,8|8|8|8|3|8|8|8|8|5|8|8|8|8|2
55221,0,True,2,9,2,2|2|0|0|2|0|0|2|2|8|0|0|8|2|2
55236,6,True,0,12,2,2|2|2|6|6|1|0|8|2|3|2|6|2|2|2
55280,2,True,3,9,2,2|3|6|2|2|4|3|3|4|7|3|2|2|3|2
55321,4,False,4,4,4,4|9|4|4|9|4|9|4|4|9|4|4|4|4|4
55342,4,True,6,1,4,4|6|4|4|4|4|4|4|4|4|4|4|4|4|4
55349,6,True,9,15,5,5|5|5|5|5|5|5|9|9|5|5|5|5|5|5
55360,9,True,4,7,9,9|4|9|9|4|4|9|9|9|4|4|4|4|9|9
55380,3,True,2,15,4,2|2|4|4|9|4|9|9|9|9|4|2|4|4|4
55401,3,True,2,14,2,2|3|4|2|2|2|0|2|4|1|6|8|8|8|6
55405,7,False,7,2,7,7|7|7|7|7|7|3|9|7|7|7|7|7|7|7
55406,1,False,1,5,1,1|0|1|0|1|1|1|1|2|1|1|0|1|1|3
55426,6,True,9,15,9,5|9|2|7|7|2|9|2|9|2|7|9|7|9|5
55444,4,True,6,1,4,4|4|4|9|4|4|4|4|4|4|4|4|4|4|4
55471,9,True,4,12,4,4|4|9|8|9|3|3|8|9|4|4|4|4|4|4
55475,0,True,1,15,-1,6|1|3|1|6|1|6|8|2|4|3|6|3|3|1
55476,3,False,3,3,3,6|3|3|3|3|3|3|3|3|3|3|6|3|3|2
55478,1,False,1,2,1,1|1|1|0|1|1|1|1|1|1|1|0|1|1|1
55481,0,True,1,13,1,1|1|1|0|1|1|1|1|1|1|1|0|8|1|1
55497,5,False,5,4,5,3|5|5|5|5|1|5|5|1|1|5|5|5|5|5
55501,5,False,5,7,5,8|2|2|5|5|5|7|5|2|2|5|5|5|5|2
55510,8,False,8,5,8,8|8|8|8|8|8|8|9|8|8|5|4|8|9|3
55550,0,True,2,4,0,2|0|0|0|0|0|0|0|2|2|0|0|0|0|2
55552,3,True,8,10,8,8|3|8|8|8|3|8|8|3|6|3|3|8|8|8
55565,1,False,1,4,1,1|1|3|7|1|2|1|1|1|1|2|1|1|1|1
55606,8,False,8,2,8,8|8|8|8|8|8|8|8|8|3|8|3|8|8|8
55611,7,True,1,9,1,7|1|7|7|7|1|1|1|1|1|1|7|7|1|1
55635,5,False,5,8,-1,1|1|5|5|5|1|1|8|1|5|5|5|5|1|1
55637,4,True,6,2,4,4|4|4|4|2|4|4|4|4|6|4|4|4|4|4
55667,6,False,6,15,-1,0|4|2|0|4|4|4|2|4|0|2|0|4|0|0
55683,3,True,5,15,5,7|5|7|5|5|7|5|7|2|5|5|2|5|5|5
55696,7,True,5,10,5,7|7|5|5|5|7|5|5|7|5|7|5|5|5|5
55699,6,True,3,15,3,3|3|3|3|2|3|3|3|3|3|2|2|3|3|2
55701,3,False,3,8,2,2|3|3|2|2|2|3|3|2|3|3|2|2|2|3
55732,1,True,8,12,8,8|1|8|8|8|8|1|8|8|1|8|8|8|8|8
55737,8,False,8,1,8,8|8|8|8|8|8|8|8|8|1|8|8|8|8|8
55744,4,True,6,15,3,2|2|3|3|2|2|3|3|3|3|3|3|3|0|3
55774,1,True,8,15,8,8|8|2|8|6|8|8|8|8|8|0|8|8|4|8
55781,3,True,5,12,5,2|3|5|5|7|3|5|5|3|5|5|5|5|5|2
55788,3,True,5,14,5,2|5|5|7|5|1|5|5|7|3|5|5|5|5|5
55826,4,False,4,8,-1,4|9|9|9|2|4|9|4|9|9|4|4|4|9|4
55830,7,False,7,4,7,7|7|7|7|7|5|7|5|9|7|7|7|5|7|7
55891,5,False,5,9,7,7|7|7|7|5|7|7|7|7|5|5|5|7|5|5
55901,3,False,3,14,4,2|6|5|6|3|4|6|2|4|2|0|4|0|4|0
55903,9,False,9,14,5,5|5|5|5|5|5|5|5|9|5|5|5|5|5|5
55963,6,True,0,1,6,6|6|6|6|6|6|6|6|6|6|0|6|6|6|6
55993,4,True,6,14,6,6|6|6|4|6|6|6|6|6|6|6|6|6|6|6
56001,4,True,7,11,7,7|7|4|7|4|7|7|7|4|7|4|7|7|7|7
56016,2,True,3,8,3,2|3|3|3|2|2|3|2|3|2|3|2|3|3|2
56040,3,True,8,11,8,8|8|8|8|8|3|8|8|3|8|3|8|8|8|3
56042,9,True,4,15,0,2|0|0|0|4|0|8|0|4|0|0|0|0|0|1
56059,9,True,7,10,7,5|9|9|7|7|5|7|9|9|5|7|5|7|9|7
56097,4,False,4,2,4,4|4|4|4|4|4|4|9|9|4|4|4|4|4|4
56101,1,False,1,12,-1,1|1|3|2|2|2|3|2|2|3|3|4|3|1|6
56121,3,False,3,7,3,2|2|3|3|3|3|3|2|2|3|3|2|3|2|2
56148,2,True,3,13,6,2|3|6|6|6|3|3|0|3|6|6|0|6|6|2
56154,3,False,3,9,3,6|3|3|3|6|3|3|1|2|1|3|4|6|1|4
56169,6,True,2,13,2,2|2|3|6|4|4|4|2|2|2|4|2|2|0|6
56191,4,False,4,6,4,9|4|9|9|4|4|8|9|9|4|4|4|4|4|4
56195,9,True,7,12,7,7|7|7|8|7|7|8|9|9|7|7|7|8|7|9
56240,7,True,8,14,8,8|7|8|8|8|8|8|8|8|0|8|8|8|8|8
56267,3,True,5,14,5,5|5|1|5|3|1|5|5|2|5|5|5|5|5|2
56347,4,True,6,12,6,6|6|6|0|0|0|6|6|4|4|0|0|6|6|4
56360,9,True,7,15,7,5|2|5|7|7|5|7|7|7|5|7|7|7|5|3
56383,4,False,4,10,9,9|9|4|9|9|4|9|9|9|9|4|4|9|9|4
56386,5,True,9,1,5,5|5|5|5|5|5|5|5|9|5|5|5|5|5|5
56398,3,False,3,4,3,3|3|3|2|3|3|3|3|3|6|3|2|3|3|2
56424,0,True,1,13,1,1|1|1|1|1|1|1|1|0|1|1|0|1|1|1
56437,8,False,8,2,8,8|3|8|8|8|3|8|8|8|8|8|8|8|8|8
56463,3,True,8,14,8,8|8|9|8|8|8|3|8|8|8|8|8|8|8|8
56465,8,False,8,7,8,4|4|1|8|0|8|8|8|8|6|8|8|4|8|4
56496,5,True,9,0,5,5|5|5|5|5|5|5|5|5|5|5|5|5|5|5
56578,5,False,5,6,5,9|5|1|5|5|5|7|3|7|3|5|5|5|5|5
56589,5,False,5,3,5,1|5|5|5|5|1|5|5|5|5|5|5|5|5|2
56625,8,False,8,3,8,8|8|8|8|8|8|8|3|7|8|8|3|8|8|8
56647,2,False,2,13,0,0|0|2|0|0|0|0|0|0|2|0|0|0|0|0
56664,0,False,0,13,6,6|6|6|6|6|6|6|6|6|0|6|0|6|6|6
56697,1,True,5,13,5,2|3|1|5|7|5|5|1|3|5|5|5|3|5|2
56714,9,True,4,14,3,3|6|6|3|9|3|3|3|2|6|3|2|2|3|2
56718,2,True,5,10,5,2|2|1|2|5|7|5|5|2|5|5|5|5|5|2
56719,3,True,8,12,8,8|3|9|3|8|8|8|8|3|8|8|8|8|8|8
56724,6,True,0,4,6,6|6|0|0|6|6|0|6|6|6|6|6|0|6|6
56748,4,False,4,7,4,4|4|9|9|9|4|9|9|9|9|4|4|4|4|4
56774,6,True,3,7,6,6|6|6|6|3|6|0|6|3|3|0|2|6|3|6
56785,6,False,6,12,4,6|3|4|6|4|4|6|3|4|3|4|4|4|8|2
56787,6,True,2,13,2,2|9|3|2|2|4|3|6|2|2|6|4|2|4|4
56795,6,True,0,2,6,6|6|6|6|6|6|6|6|6|0|6|0|6|6|6
56807,0,True,2,7,0,2|2|0|0|0|2|0|2|0|0|0|0|2|2|2
56815,6,True,0,2,6,6|6|6|6|6|6|0|6|6|0|6|6|6|6|6
56840,4,False,4,15,2,2|6|2|2|6|3|3|2|2|6|3|2|6|3|2
56858,2,True,3,13,3,2|3|3|7|1|3|0|3|1|0|5|6|3|2|8
56886,1,False,1,3,1,1|1|1|1|1|1|6|1|2|1|1|0|1|1|1
56887,5,False,5,7,5,5|5|4|5|1|1|1|1|1|1|5|5|5|5|5
56888,4,True,1,14,1,1|1|1|1|1|1|3|1|4|1|0|6|1|1|1
56892,6,True,9,15,5,5|5|5|5|9|5|5|5|9|5|5|5|5|5|5
56897,6,True,0,6,6,6|6|6|6|6|8|0|3|6|6|6|0|0|0|6
56898,0,True,1,14,1,1|7|7|1|4|1|1|1|1|1|1|7|1|1|0
56927,1,True,8,15,8,8|8|8|8|8|8|8|8|8|0|8|8|6|8|8
56938,1,False,1,0,1,1|1|1|1|1|1|1|1|1|1|1|1|1|1|1
56940,4,False,4,3,4,4|2|4|4|4|4|2|4|4|4|4|4|2|4|4
56941,9,False,9,13,5,5|5|5|5|9|5|5|5|9|5|5|5|5|5|5
56948,3,False,3,5,3,3|8|3|3|3|3|7|3|3|3|3|2|0|3|8
56978,4,False,4,14,8,6|4|3|8|6|3|8|3|2|8|8|6|6|8|2
56999,8,True,7,15,7,7|7|7|7|9|7|7|9|7|7|7|7|7|2|7
57008,0,False,0,13,6,6|6|6|6|6|6|6|6|6|0|6|6|6|6|0
57049,3,False,3,13,4,2|2|4|4|4|0|3|3|4|4|4|6|2|4|4
57067,6,True,0,14,0,2|0|0|0|0|0|6|0|4|0|4|0|0|4|4
57075,2,True,7,15,7,7|7|7|7|7|7|7|7|7|7|7|7|7|7|7
57096,6,True,0,8,6,6|0|3|6|6|6|3|0|3|6|0|6|6|3|2
57154,1,True,8,14,8,7|8|7|8|7|7|8|8|8|1|8|8|8|8|8
57192,9,True,4,10,4,4|4|9|9|4|4|9|9|9|4|4|4|4|4|4
57208,0,False,0,14,6,6|6|2|6|2|8|0|6|4|6|4|6|4|4|8
57209,0,True,1,13,1,1|1|1|1|1|1|0|1|1|1|0|1|1|1|1
57217,1,False,1,9,7,7|7|7|7|7|1|1|1|7|1|7|7|7|1|1
57225,7,True,5,14,5,6|5|8|5|2|5|7|5|9|9|6|3|5|3|6
57247,9,False,9,13,5,5|5|5|5|5|5|5|9|9|5|5|5|5|5|5
57258,2,True,7,15,7,7|7|7|7|7|7|7|7|7|7|7|7|7|7|7
57276,8,False,8,3,8,8|8|8|8|3|8|8|8|7|8|8|8|8|8|6
57281,5,False,5,7,5,2|2|2|2|5|3|5|5|2|5|5|5|5|5|2
57293,2,True,3,8,2,2|2|3|2|6|3|1|3|2|3|3|2|3|2|2
57311,9,True,4,15,2,2|2|3|2|6|4|8|3|6|3|2|6|0|3|2
57321,9,True,7,14,7,7|9|7|7|7|7|1|7|7|7|7|7|7|7|7
57382,9,True,6,15,2,2|4|3|2|2|0|0|6|2|6|2|0|8|3|2
57432,6,True,0,5,6,6|6|2|6|6|5|6|6|3|4|6|6|6|3|6
57445,6,True,3,15,3,2|3|3|3|3|3|3|3|3|3|0|3|0|3|3
57454,4,True,7,15,7,7|7|7|7|7|7|2|7|9|7|7|7|7|8|7
57457,9,True,8,15,8,8|8|8|8|4|8|8|8|8|1|8|8|8|8|8
57481,9,True,7,9,-1,5|9|7|5|7|7|8|9|9|7|9|9|7|7|9
57482,6,True,0,1,6,6|6|6|6|6|6|6|6|6|0|6|6|6|6|6
57496,8,False,8,0,8,8|8|8|8|8|8|8|8|8|8|8|8|8|8|8
57497,5,False,5,11,7,7|1|7|5|7|7|1|5|7|5|7|5|2|7|2
57521,6,True,3,13,3,3|3|3|3|3|3|3|3|3|6|6|3|3|3|2
57522,0,False,0,7,0,6|6|6|0|6|0|0|6|7|0|0|0|6|0|0
57554,9,True,4,6,9,9|4|9|9|9|4|9|9|9|9|4|4|4|4|9
57570,3,False,3,9,-1,3|4|3|2|2|3|3|3|2|5|2|2|2|3|6
57575,7,True,8,12,8,7|7|8|1|7|8|8|8|8|8|8|8|8|8|8
57577,6,False,6,15,4,4|4|2|4|0|4|4|4|4|4|4|2|4|4|4
57600,3,False,3,11,6,2|2|6|6|6|6|0|3|0|6|3|6|3|3|2
57609,5,True,9,1,5,5|5|5|5|5|5|5|5|9|5|5|5|5|5|5
57617,9,True,7,9,7,5|7|9|7|7|7|7|9|9|7|7|7|9|9|9
57624,9,True,7,10,7,1|7|7|7|9|7|7|9|9|2|7|7|7|9|9
57640,0,True,2,15,8,8|8|8|8|9|3|3|4|2|8|6|2|7|8|8
57642,9,True,4,11,4,4|4|4|9|4|4|9|4|4|9|4|4|4|9|4
57679,6,False,6,14,2,4|4|2|4|9|0|4|2|2|6|2|2|0|3|8
57680,1,True,7,15,-1,5|7|7|7|7|7|5|5|9|7|7|5|5|5|5
57682,7,True,1,15,1,1|1|1|1|1|1|0|1|1|1|1|0|0|1|1
57696,6,False,6,13,0,2|4|0|0|0|0|0|2|0|0|6|6|0|2|0
57710,9,True,8,15,8,8|8|8|8|3|8|8|8|8|3|8|8|8|8|8
57730,6,True,0,4,6,6|4|6|6|6|6|6|4|6|0|6|4|6|6|6
57743,2,True,3,7,2,2|3|3|3|3|3|3|3|2|2|2|2|2|2|2
57762,0,True,2,13,2,2|8|2|2|2|2|2|2|2|0|0|6|2|2|2
57771,8,False,8,2,8,8|8|7|8|8|8|8|8|8|5|8|8|8|8|8
57786,5,True,9,2,5,5|9|5|5|5|5|5|5|9|5|5|5|5|5|5
57807,4,False,4,4,4,4|9|4|4|4|4|9|9|4|4|4|4|2|4|4
57813,7,False,7,5,7,2|7|7|7|7|7|8|7|3|4|7|5|7|7|7
57823,4,True,6,3,4,4|9|4|4|4|4|4|4|9|0|4|4|4|4|4
57827,5,False,5,8,-1,8|5|5|5|8|8|8|5|8|6|5|8|5|5|8
57828,8,False,8,13,0,2|6|0|0|6|2|0|0|2|2|0|0|0|8|8
57829,9,False,9,15,5,5|5|5|5|5|5|5|5|5|5|5|5|5|5|5
57832,6,False,6,2,6,6|6|6|6|6|6|6|6|6|0|6|4|6|6|6
57838,0,True,2,10,2,2|2|2|0|0|2|2|2|4|0|0|4|2|0|2
57868,7,False,7,6,7,7|7|7|7|7|7|9|9|2|5|7|2|7|5|7
57882,6,True,0,4,6,6|6|6|0|6|0|6|6|0|6|6|0|6|6|6
57899,9,True,4,10,4,4|9|4|4|4|4|3|9|4|9|4|4|4|9|9
57906,3,False,3,8,3,2|2|6|2|6|3|3|2|2|3|0|3|3|3|3
57932,4,True,6,1,4,4|4|4|4|4|4|4|4|4|6|4|4|4|4|4
57941,2,True,3,11,3,6|3|6|3|2|4|3|3|2|2|4|3|6|3|2
57952,1,False,1,2,1,1|1|1|1|1|1|1|1|7|0|1|1|1|1|1
57953,7,True,1,11,1,7|1|1|1|7|1|7|1|1|1|1|7|1|1|1
57993,4,True,6,3,4,4|4|4|4|2|4|6|4|4|6|4|4|4|4|4
58023,9,False,9,12,5,5|5|5|5|9|5|5|5|9|5|9|5|5|5|5
58030,0,True,2,15,4,4|4|4|4|4|4|4|4|4|4|4|4|4|4|4
58033,2,True,9,14,-1,5|9|5|2|9|5|5|9|9|5|9|5|5|9|9
58047,7,True,5,13,5,7|5|5|5|5|7|5|5|5|5|5|5|5|5|2
58050,2,True,7,14,7,7|7|7|7|7|7|7|9|9|2|7|7|7|7|7
58059,5,True,9,1,5,5|5|5|5|5|5|5|5|9|5|5|5|5|5|5
58065,1,False,1,9,1,0|0|1|2|4|0|1|1|1|1|2|4|4|0|1
58072,5,False,5,5,5,1|5|1|5|5|3|5|1|3|5|5|5|5|5|5
58079,0,True,1,15,3,2|1|3|3|6|3|3|1|3|1|3|3|3|2|2
58086,0,False,0,13,6,6|6|6|6|6|6|0|6|6|6|0|6|6|6|6
58109,4,False,4,9,9,9|9|9|9|9|4|4|9|9|9|4|4|4|4|9
58121,9,True,4,6,9,9|9|9|9|9|4|8|9|9|9|4|4|4|4|9
58138,5,True,9,2,5,5|5|5|5|5|5|5|9|9|5|5|5|5|5|5
58145,3,True,5,15,5,7|7|7|7|5|7|5|5|5|5|5|5|5|5|2
58162,2,True,6,14,6,6|6|6|6|6|6|6|6|4|2|6|6|6|6|4
58164,1,True,3,15,6,6|6|6|2|3|7|6|6|6|6|6|6|6|3|4
58179,3,False,3,6,3,3|3|3|2|2|1|3|3|2|2|3|2|3|3|3
58198,1,True,8,15,8,8|8|8|8|8|8|8|8|8|8|8|8|8|8|8
58204,2,True,3,10,2,6|1|3|3|2|1|7|1|7|7|2|2|3|2|2
58251,8,True,6,15,6,6|1|0|0|6|6|1|6|4|4|6|6|0|1|4
58263,7,False,7,1,7,7|7|7|7|7|7|7|7|9|7|7|7|7|7|7
58264,2,False,2,10,2,2|1|0|0|8|2|8|2|4|0|8|2|2|0|4
58288,7,False,7,3,7,7|7|7|7|7|7|3|7|3|7|7|7|7|7|2
58292,0,False,0,14,6,6|6|6|6|6|6|6|6|6|6|6|0|6|6|6
58316,4,True,6,11,6,6|4|6|6|6|6|6|6|4|0|6|4|6|3|4
58325,9,True,4,14,4,4|4|4|4|4|4|9|4|4|4|4|4|4|4|4
58347,6,True,0,0,6,6|6|6|6|6|6|6|6|6|6|6|6|6|6|6
58356,0,True,2,2,0,2|0|0|0|0|0|0|0|0|0|0|6|0|0|0
58369,6,True,0,2,6,6|6|6|6|6|6|6|6|6|0|6|0|6|6|6
58384,2,True,9,15,5,5|7|5|5|9|5|5|9|9|7|7|7|5|5|9
58414,6,False,6,7,6,4|8|6|6|2|4|6|4|6|6|4|6|4|6|6
58416,0,False,0,15,8,4|8|8|8|8|8|8|9|2|1|4|4|8|4|2
58419,6,True,0,2,6,6|6|6|6|6|6|6|6|6|0|6|0|6|6|6
58428,6,True,1,15,1,7|1|1|1|1|1|1|1|7|1|1|1|1|1|1
58433,9,False,9,14,5,5|5|5|5|5|5|5|5|9|5|5|5|5|5|5
58434,7,True,1,14,3,3|3|3|3|1|3|3|1|3|7|2|6|3|2|2
58441,9,True,4,5,9,4|9|9|9|9|4|9|9|9|9|4|4|4|9|9
58464,4,True,6,15,6,6|6|6|6|6|6|0|6|6|6|6|6|6|6|6
58471,9,False,9,15,5,5|5|5|5|5|5|5|5|5|5|5|5|5|5|5
58478,4,True,6,12,8,8|8|8|8|4|6|6|8|9|4|8|9|9|4|8
58513,2,False,2,6,2,2|2|2|0|0|2|8|0|8|2|3|2|2|2|2
58526,7,False,7,4,7,7|7|7|7|9|7|7|9|9|7|7|9|7|7|7
58539,7,True,8,14,8,8|8|8|8|8|8|7|8|8|8|8|8|8|8|8
58542,9,False,9,15,5,5|5|5|5|5|5|5|5|5|5|5|5|5|5|5
58554,7,True,1,14,1,1|1|1|1|7|1|1|1|1|1|0|0|1|1|1
58572,6,False,6,15,4,4|4|4|4|4|4|4|4|9|4|4|4|4|4|4
58581,8,False,8,1,8,8|8|5|8|8|8|8|8|8|8|8|8|8|8|8
58588,3,True,8,13,8,8|8|8|8|8|8|8|3|8|3|8|8|8|8|8
58590,5,False,5,13,7,7|3|7|7|7|7|2|5|9|5|7|7|7|2|7
58591,4,True,6,7,4,6|4|4|4|6|4|4|6|4|2|4|6|6|8|4
58601,5,False,5,10,7,5|2|7|5|7|7|5|5|7|7|7|7|7|7|5
58614,0,False,0,14,6,6|6|6|6|6|6|6|6|6|6|6|0|6|3|1
58622,1,False,1,4,1,1|1|1|1|1|1|1|1|0|1|1|0|0|1|0
58634,1,False,1,1,1,1|1|1|1|1|1|1|1|4|1|1|1|1|1|1
58645,1,False,1,1,1,1|1|1|1|7|1|1|1|1|1|1|1|1|1|1
58646,4,True,6,13,0,2|0|2|0|0|4|0|0|4|2|0|0|2|2|2
58689,7,True,5,5,7,7|7|7|7|5|7|7|7|7|3|5|7|7|5|2
58704,5,True,4,15,4,4|4|4|6|4|4|1|4|2|1|4|4|7|4|2
58726,4,False,4,7,4,4|4|9|4|4|4|9|9|9|0|4|4|2|9|4
58732,0,False,0,11,6,6|6|6|6|6|6|0|0|6|6|6|6|0|0|6
58768,3,False,3,15,6,6|6|6|6|6|6|6|6|0|6|6|6|6|6|2
58769,2,True,6,15,6,6|6|6|6|6|6|6|6|6|6|4|4|6|6|6
58772,0,True,2,12,4,1|4|2|6|8|0|8|8|4|0|0|6|4|2|4
58777,4,False,4,11,-1,3|2|9|0|4|3|8|3|2|0|8|4|4|3|4
58790,5,True,9,1,5,5|5|5|5|5|5|5|5|9|5|5|5|5|5|5
58808,6,True,3,4,6,6|6|6|2|6|6|6|6|6|6|6|0|6|0|4
58832,9,True,4,12,4,2|9|0|2|2|4|0|9|4|4|9|4|2|0|4
58834,1,True,8,14,8,8|8|8|8|8|8|8|1|8|8|8|8|8|8|8
58835,2,False,2,13,8,8|8|3|8|2|4|3|6|4|2|4|4|8|8|3
58840,5,False,5,12,7,7|9|7|7|7|7|7|5|8|5|7|5|7|1|7
58845,3,True,8,15,8,8|8|8|8|8|8|8|8|8|8|8|8|8|8|8
58847,4,True,1,15,7,1|7|7|7|1|7|7|1|1|1|7|1|7|1|7
58852,2,False,2,15,6,6|8|6|6|4|4|3|6|4|6|6|4|6|4|4
58868,6,True,0,3,6,6|6|6|6|6|6|6|6|6|0|0|0|6|6|6
58874,6,True,0,1,6,6|6|6|6|6|6|6|6|6|0|6|6|6|6|6
58901,3,True,5,15,5,7|7|5|5|5|7|5|5|2|5|5|5|5|5|2
58935,2,False,2,6,2,2|1|0|0|2|2|0|2|2|2|0|0|2|2|2
58947,3,False,3,10,4,4|9|3|3|4|2|3|3|4|6|4|3|4|4|9
58952,9,True,7,11,7,7|9|7|7|9|7|7|9|9|7|7|7|7|7|7
58969,5,False,5,3,5,2|5|5|5|5|1|5|5|7|5|5|5|5|5|5
58980,2,True,3,9,3,2|3|3|2|2|3|3|2|3|3|3|2|3|3|2
58987,1,False,1,7,1,7|1|1|1|7|1|7|1|7|7|0|0|1|1|1
58989,2,False,2,14,4,4|4|4|4|4|4|4|4|4|2|4|4|4|4|4
59003,4,True,6,1,4,4|4|4|4|4|4|4|4|4|6|4|4|4|4|4
59012,0,False,0,13,8,6|8|3|6|0|3|3|9|8|8|0|4|4|9|8
59013,0,True,1,15,1,1|1|1|1|1|1|1|1|1|1|1|1|1|1|1
59018,2,False,2,11,0,0|0|0|0|0|0|8|2|0|2|0|6|2|0|2
59034,2,False,2,15,4,4|4|4|6|0|4|0|4|4|6|4|0|6|6|4
59056,7,False,7,5,7,7|9|7|7|2|7|7|9|9|9|7|7|7|7|7
59062,2,True,3,11,3,2|3|3|2|6|3|3|3|3|3|3|2|3|3|2
59073,7,True,5,8,7,5|3|5|7|7|3|7|5|7|5|7|5|5|7|7
59086,3,False,3,3,3,3|3|3|3|3|3|3|3|3|3|6|6|3|2|3
59105,6,True,0,12,2,2|8|2|8|6|3|3|6|8|2|3|2|6|3|2
59109,0,False,0,13,6,6|0|6|6|6|6|6|6|6|6|6|0|6|6|6
59112,0,False,0,12,6,6|6|6|6|6|6|6|6|6|0|6|0|6|0|6
59126,9,True,7,14,7,5|7|7|7|7|7|7|7|7|7|9|7|7|7|7
59127,7,True,8,13,8,8|8|8|8|7|8|8|7|8|8|8|8|8|8|8
59152,9,True,8,15,8,8|8|8|3|3|8|8|8|8|8|8|8|8|8|8
59166,7,True,8,12,8,7|7|8|8|7|3|8|8|8|8|8|8|8|8|9
59209,2,True,3,7,2,2|2|3|2|3|3|3|0|3|2|3|2|2|2|2
59229,9,True,7,15,7,7|1|7|7|7|3|5|1|2|7|7|7|5|5|7
59232,6,True,0,0,6,6|6|6|6|6|6|6|6|6|6|6|6|6|6|6
59236,6,True,0,1,6,6|6|6|6|6|6|6|6|6|6|6|6|6|6|0
59284,4,False,4,10,2,2|2|2|2|2|4|0|2|4|0|4|4|4|2|2
59306,9,True,4,15,4,4|4|4|4|4|2|3|6|2|6|4|4|6|4|4
59309,4,True,1,15,7,1|7|7|7|1|7|1|1|7|7|7|7|7|1|7
59337,9,False,9,11,5,5|5|2|5|9|2|5|9|9|7|5|5|5|5|9
59349,9,True,4,14,3,4|4|9|3|4|4|3|1|3|3|3|4|4|3|3
59359,3,True,8,15,4,4|4|8|8|6|4|4|8|4|4|4|4|6|8|8
59374,4,True,7,13,7,7|4|7|7|7|7|7|7|7|7|7|7|7|7|4
59382,0,True,1,12,1,1|1|1|0|1|1|1|1|1|1|0|0|1|1|1
59384,4,True,6,2,4,4|4|4|4|4|4|4|4|4|0|4|4|4|4|6
59385,0,False,0,12,6,6|6|6|6|6|6|0|6|4|0|6|0|6|6|6
59395,7,False,7,5,7,7|7|7|7|7|7|1|5|9|7|7|5|2|7|7
59407,3,False,3,10,2,2|2|3|2|2|3|3|3|2|2|3|2|2|2|2
59412,0,False,0,13,6,6|6|6|6|6|6|6|6|6|0|6|6|6|6|0
59443,2,False,2,15,4,4|9|9|9|4|3|9|9|4|3|4|4|4|9|4
59477,1,True,5,13,5,5|7|5|5|5|7|5|1|7|1|5|5|5|5|5
59541,9,True,4,11,4,4|4|4|9|4|4|9|4|4|9|4|4|4|9|4
59571,9,True,7,14,7,7|7|7|7|7|7|7|7|9|7|7|7|7|7|7
59579,2,True,3,10,3,2|8|2|2|2|3|3|3|2|3|3|3|3|3|3
59589,7,False,7,0,7,7|7|7|7|7|7|7|7|7|7|7|7|7|7|7
59593,0,False,0,14,6,6|6|6|6|6|6|6|6|6|6|6|0|6|6|6
59596,9,False,9,14,5,5|5|5|5|5|5|5|5|9|5|5|5|5|5|5
59632,8,False,8,0,8,8|8|8|8|8|8|8|8|8|8|8|8|8|8|8
59640,7,False,7,6,7,7|2|7|7|7|7|1|7|2|5|7|7|2|2|7
59668,9,True,7,10,7,7|9|7|7|9|7|9|9|7|7|7|7|7|7|9
59679,2,False,2,9,-1,0|2|0|0|4|2|8|0|2|2|4|0|2|0|2
59680,0,True,1,14,1,7|1|1|1|1|1|1|1|1|1|0|1|1|1|1
59778,6,True,0,6,6,2|0|6|2|6|6|6|6|6|0|6|6|0|6|0
59823,1,True,5,15,5,7|5|5|5|7|7|5|5|7|5|5|5|5|5|5
59842,3,False,3,12,-1,8|6|8|8|6|6|8|3|4|3|4|4|3|4|0
59860,8,True,2,9,8,8|3|1|2|8|3|8|1|8|2|3|8|8|3|2
59878,5,True,9,2,5,5|5|5|5|5|5|5|9|9|5|5|5|5|5|5
59884,5,False,5,11,7,7|7|7|7|5|7|7|7|7|7|5|5|7|5|7
59894,3,True,8,11,8,8|3|8|8|3|8|3|3|8|8|8|8|8|5|8
59903,7,True,5,9,5,5|7|7|5|9|7|5|5|7|5|5|7|5|5|7
59904,4,True,6,14,6,6|6|4|6|0|6|6|6|6|6|6|6|6|6|6
59907,2,True,9,15,5,5|5|5|5|5|5|5|5|5|5|5|5|5|5|5
59909,2,True,9,14,-1,9|9|5|9|9|5|5|2|9|5|9|9|5|5|5
59912,2,False,2,4,2,2|2|2|2|4|2|0|2|2|2|4|2|2|2|4
59915,0,True,1,15,1,1|1|1|1|7|1|1|1|1|1|1|1|1|1|1
59939,9,True,7,9,5,5|9|9|5|5|5|5|9|9|7|5|7|9|5|9
59949,8,False,8,6,8,4|0|0|8|8|8|8|1|8|0|0|8|8|8|8
59964,2,False,2,9,0,2|2|0|0|0|0|0|0|2|2|6|0|2|0|2
59968,6,False,6,15,0,2|0|0|0|0|4|0|8|0|0|0|0|0|0|0
59977,0,True,2,10,-1,4|9|0|9|4|4|0|0|4|0|4|2|2|0|2
