index,noisy_label,is_noisy,real_label,mistakes,label_pred,preds
9,7,True,5,8,5,5|5|5|7|5|5|5|5|7|7|7|5|7|7|7
15,9,False,9,10,5,5|9|5|5|9|5|5|5|9|5|9|5|5|9|5
39,9,True,6,13,4,4|4|4|4|6|4|9|4|6|4|4|4|4|4|9
40,6,False,6,10,4,6|6|0|4|6|2|9|4|4|4|6|4|6|4|4
59,3,False,3,10,2,6|2|2|2|2|2|3|3|3|2|2|3|2|2|3
93,2,True,9,15,9,5|9|9|7|9|9|9|9|9|5|9|5|9|9|9
105,1,True,8,14,8,8|8|8|8|4|8|8|8|1|8|8|8|7|8|8
110,1,True,8,10,8,8|1|8|1|1|8|8|8|1|8|8|8|8|1|8
124,2,False,2,11,0,2|0|0|2|0|0|0|0|2|0|0|2|0|0|9
128,4,False,4,9,9,4|4|8|9|9|4|9|9|9|4|4|4|9|9|9
130,1,True,8,14,8,8|1|8|8|0|8|8|8|8|8|8|8|7|8|8
136,9,False,9,10,5,5|9|5|3|9|9|5|9|9|5|5|5|5|5|5
142,7,False,7,11,9,5|9|8|7|9|9|7|9|9|7|9|7|9|5|9
144,7,True,8,14,8,8|8|8|7|2|8|8|8|8|8|8|8|8|8|8
162,3,True,7,15,7,7|7|9|7|2|7|7|7|7|7|7|7|7|7|9
165,0,True,2,14,8,2|0|6|8|6|6|8|8|8|4|8|1|7|6|8
192,2,True,5,15,5,5|7|5|7|5|5|5|5|5|5|5|5|5|5|5
221,9,True,7,6,9,5|9|9|7|0|9|9|9|7|7|9|9|9|7|9
248,3,False,3,6,3,6|3|3|3|2|3|3|6|3|6|3|3|3|2|2
264,9,True,4,8,4,4|4|9|4|9|9|9|4|9|4|4|4|4|9|9
271,3,True,2,11,2,4|2|0|3|2|3|0|3|2|6|2|2|6|3|4
276,2,False,2,8,0,2|0|0|2|2|2|0|0|0|2|2|0|0|2|0
278,1,False,1,6,1,0|1|0|0|0|1|0|1|1|1|0|1|1|1|1
302,6,True,0,3,6,6|6|0|6|6|0|0|6|6|6|6|6|6|6|6
307,7,True,1,4,7,7|7|1|7|7|7|7|1|7|7|7|1|7|7|1
347,8,False,8,14,0,2|4|1|7|5|8|0|1|4|4|6|0|0|0|0
359,1,False,1,8,1,0|0|1|4|1|1|1|1|1|1|4|4|4|3|4
360,2,True,9,13,7,5|7|7|8|9|7|7|9|7|7|9|7|2|2|7
361,6,False,6,12,4,8|9|4|4|6|2|9|9|6|4|0|8|6|4|4
378,2,True,3,13,3,6|3|3|2|2|3|3|3|3|3|4|3|3|3|3
383,0,False,0,14,6,6|6|6|6|6|6|3|6|6|6|4|0|6|6|6
385,1,False,1,0,1,1|1|1|1|1|1|1|1|1|1|1|1|1|1|1
392,6,True,0,6,6,6|6|3|6|0|4|3|6|6|6|9|4|6|6|6
396,9,True,4,14,4,4|6|0|2|6|9|3|4|8|4|4|4|4|3|6
400,6,True,2,15,2,2|0|2|2|2|2|8|8|8|8|8|2|2|2|8
407,6,True,3,12,3,6|3|3|3|3|3|3|3|6|3|3|3|6|3|3
421,8,False,8,5,8,8|1|8|7|8|8|8|8|7|8|7|8|7|8|8
424,5,True,9,1,5,5|5|5|5|9|5|5|5|5|5|5|5|5|5|5
437,7,False,7,4,7,7|7|2|7|0|7|7|7|7|7|2|7|7|2|7
504,0,False,0,9,6,6|6|0|4|0|0|0|6|6|6|0|0|6|6|6
523,6,False,6,6,6,6|0|6|0|6|6|0|6|6|4|6|4|6|0|6
539,9,False,9,11,5,5|9|5|5|5|2|9|9|5|5|5|2|9|5|5
542,1,False,1,1,1,1|1|1|1|1|1|0|1|1|1|1|1|1|1|1
548,7,False,7,8,9,7|9|9|7|9|9|7|9|9|7|7|7|9|7|9
550,3,False,3,11,-1,1|0|6|2|6|6|3|3|3|0|0|4|6|3|8
567,9,True,4,12,4,4|6|4|9|9|4|4|6|4|4|2|4|4|9|4
588,0,True,1,10,1,1|1|1|1|0|0|0|1|1|1|0|0|1|1|1
603,4,False,4,13,9,4|2|7|3|9|2|9|3|8|9|6|4|3|9|9
620,3,True,5,14,5,5|7|5|5|3|5|5|5|2|7|5|7|7|1|2
625,9,True,4,10,4,4|9|4|4|3|4|9|9|4|4|4|4|9|9|4
642,3,False,3,3,3,6|3|2|3|2|3|3|3|3|3|3|3|3|3|3
650,5,True,9,1,5,5|5|5|5|9|5|5|5|5|5|5|5|5|5|5
665,0,False,0,8,6,6|6|0|6|0|0|0|0|6|6|6|0|6|0|6
669,5,True,9,1,5,5|5|5|5|9|5|5|5|5|5|5|5|5|5|5
709,6,True,3,13,3,6|2|3|3|3|3|3|6|3|3|3|3|3|2|3
711,5,True,9,0,5,5|5|5|5|5|5|5|5|5|5|5|5|5|5|5
756,2,True,3,9,2,6|4|2|1|6|2|0|0|6|3|2|3|2|2|2
760,5,False,5,13,7,7|7|7|1|7|5|7|7|7|7|2|1|5|2|7
766,4,True,6,14,6,6|6|0|6|6|6|3|6|6|4|0|6|6|0|6
774,7,True,5,14,5,5|5|5|7|5|5|5|5|5|5|2|5|5|1|1
779,6,False,6,14,4,2|4|0|4|5|3|4|3|0|4|6|2|3|2|4
791,6,True,0,5,6,6|6|6|6|6|0|3|6|6|3|0|4|6|6|6
797,4,True,6,10,6,6|6|4|6|4|0|0|4|6|6|4|6|4|8|6
829,6,True,0,6,6,6|0|0|6|6|0|0|6|0|6|6|0|6|6|6
856,3,True,7,14,7,5|7|7|7|3|5|7|5|7|7|7|7|7|5|7
858,0,False,0,13,6,6|6|0|4|6|6|0|6|6|6|6|6|6|6|6
863,6,True,3,12,3,4|6|6|6|9|3|9|3|4|3|4|3|9|3|9
893,6,True,0,5,6,6|0|6|6|6|0|0|6|0|6|6|0|6|6|6
901,3,True,8,14,8,8|8|8|8|8|8|8|8|8|8|8|8|3|8|8
925,4,True,6,1,4,4|4|4|4|4|0|4|4|4|4|4|4|4|4|4
935,2,True,5,13,5,5|5|2|5|2|5|5|1|5|5|5|5|7|5|1
946,9,False,9,15,5,5|5|5|5|5|5|5|5|5|5|5|5|5|5|5
962,5,True,9,1,5,5|5|5|5|9|5|5|5|5|5|5|5|5|5|5
974,9,True,7,13,7,7|7|7|7|9|7|7|7|7|7|7|7|9|7|7
980,7,True,1,10,1,1|1|1|7|1|7|7|1|7|1|4|1|7|1|1
983,7,False,7,4,7,7|7|3|7|9|7|7|7|9|7|7|7|7|9|7
987,4,True,6,15,5,5|8|5|1|9|5|8|5|7|5|2|8|5|3|5
989,3,True,2,15,2,2|0|2|2|2|2|0|6|2|4|2|4|2|2|2
1022,0,True,2,15,4,4|9|9|4|4|9|9|4|2|4|2|4|9|9|4
1047,2,False,2,15,4,4|6|0|4|4|4|0|6|6|4|4|4|4|4|4
1048,7,True,8,13,8,8|1|8|9|8|8|8|8|8|8|7|8|7|8|8
1051,9,False,9,12,5,5|5|5|5|9|9|5|5|5|5|5|5|5|9|5
1076,5,False,5,9,-1,2|7|5|3|7|7|7|5|5|5|7|5|2|7|5
1092,4,True,6,3,4,4|4|4|4|4|4|4|4|1|4|4|3|6|4|4
1098,0,False,0,13,6,1|6|0|2|0|6|3|3|6|6|6|3|3|6|6
1102,1,False,1,4,1,1|1|1|1|1|1|7|1|7|1|7|1|1|7|1
1105,3,True,7,14,7,8|7|3|7|7|7|7|7|7|7|4|4|7|9|7
1111,5,False,5,10,1,3|5|5|1|1|1|5|7|1|5|1|3|5|3|1
1129,2,True,3,11,3,6|3|2|3|2|3|1|3|6|3|2|3|6|2|3
1143,0,True,2,13,8,8|8|0|0|2|2|8|6|6|8|8|4|8|4|8
1146,4,True,1,12,-1,1|0|3|4|0|2|5|0|6|4|6|6|0|4|6
1152,9,True,4,13,4,4|4|4|4|3|4|9|4|4|4|4|4|4|9|4
1160,4,False,4,8,9,4|9|9|4|4|9|9|4|9|4|9|4|9|4|9
1171,0,True,1,15,1,1|1|1|1|1|1|1|1|1|1|1|1|1|1|1
1172,4,True,6,0,4,4|4|4|4|4|4|4|4|4|4|4|4|4|4|4
1173,9,False,9,13,5,5|5|5|5|9|5|7|9|5|7|5|5|5|7|5
1179,7,False,7,4,7,7|7|7|9|9|7|7|7|7|7|7|7|9|9|7
1195,2,True,7,12,7,7|7|7|2|7|2|7|7|7|7|7|7|7|2|7
1198,7,True,1,7,7,1|7|1|1|7|1|7|1|1|7|7|7|7|1|7
1232,9,False,9,7,9,5|9|9|7|9|9|7|9|7|7|9|7|9|2|9
1241,5,True,9,14,9,2|9|9|5|9|9|9|9|9|7|9|7|9|9|9
1255,9,False,9,13,5,5|5|5|5|9|5|9|5|5|5|6|5|5|5|5
1312,9,True,4,7,9,4|9|9|9|9|9|4|9|4|4|4|4|9|9|4
1325,0,False,0,14,6,6|6|3|6|6|6|0|6|6|6|6|3|6|6|6
1346,9,True,6,14,4,4|9|4|3|2|4|4|4|6|4|4|4|6|4|6
1353,4,True,6,12,6,6|6|0|6|4|6|0|6|4|6|0|4|6|6|6
1394,0,True,1,12,1,1|1|0|1|1|0|1|0|1|1|1|1|1|1|7
1425,4,False,4,9,9,4|4|9|9|4|2|9|9|4|4|9|2|9|9|4
1428,2,False,2,9,2,0|2|3|2|3|2|0|1|0|2|2|4|7|4|2
1436,7,True,8,10,8,8|8|8|7|0|7|8|1|7|8|7|8|7|1|8
1447,7,False,7,5,7,7|7|5|7|0|7|7|7|5|7|1|7|5|7|7
1486,5,True,9,2,5,5|5|5|5|5|5|5|5|9|5|9|5|5|5|5
1490,7,True,5,9,5,5|7|3|7|5|5|5|5|5|7|7|5|7|7|5
1499,0,True,1,9,1,0|1|0|1|0|0|0|1|1|1|1|1|0|1|1
1513,1,False,1,5,1,0|0|1|1|0|1|1|1|1|1|0|1|0|1|1
1528,9,False,9,14,5,5|5|5|5|5|5|5|5|5|5|9|5|5|5|5
1530,9,True,4,7,9,4|9|9|4|4|9|9|9|4|4|4|9|9|9|4
1538,5,False,5,8,5,3|1|8|5|5|8|3|5|5|5|7|5|7|5|2
1564,2,True,9,15,5,5|9|5|5|8|5|5|5|5|5|5|5|5|5|5
1579,2,True,7,13,7,7|7|7|7|0|7|7|7|7|7|2|7|9|2|7
1592,9,True,4,6,9,4|9|4|9|9|9|9|9|9|4|4|4|9|9|4
1598,2,True,7,15,7,5|7|8|3|9|7|5|7|7|7|7|5|7|5|1
1613,9,False,9,13,5,5|5|5|5|9|5|5|5|5|5|9|5|5|5|5
1621,7,False,7,6,7,2|5|7|9|8|7|7|5|7|7|7|7|7|9|7
1645,4,True,6,4,4,4|4|4|9|4|9|9|4|6|4|4|4|4|4|4
1651,0,True,2,13,4,0|2|9|4|4|9|9|4|4|4|0|2|4|9|4
1653,1,True,3,15,3,2|3|3|3|2|3|3|6|3|3|2|3|2|2|2
1700,5,True,9,1,5,5|5|5|5|5|5|5|5|5|5|5|5|9|5|5
1702,6,True,2,9,6,6|9|9|6|6|0|9|9|6|4|6|4|6|2|4
1719,5,True,9,3,5,5|5|5|5|8|5|5|5|5|5|9|5|9|5|5
1733,5,False,5,7,5,5|7|5|7|7|5|5|5|7|5|7|5|7|5|2
1746,7,False,7,2,7,7|7|7|7|2|7|7|7|7|7|7|7|7|9|7
1749,2,True,3,10,3,2|3|2|6|3|3|2|3|3|3|2|3|2|3|3
1773,1,False,1,1,1,1|1|1|0|1|1|1|1|1|1|1|1|1|1|1
1790,4,True,6,14,6,6|6|0|4|6|6|0|6|0|6|6|0|6|6|6
1800,0,False,0,7,0,6|0|0|6|6|0|0|6|0|6|0|0|6|0|6
1810,9,True,4,15,4,4|4|8|4|6|4|8|4|4|4|4|8|4|4|4
1840,6,False,6,6,6,6|0|6|6|6|6|0|0|6|0|6|0|6|0|6
1860,5,True,9,2,5,5|5|5|5|5|5|5|5|9|5|9|5|5|5|5
1861,6,True,0,4,6,6|6|0|6|0|6|0|6|6|6|6|0|6|6|6
1882,4,True,2,15,7,5|2|7|5|7|7|7|5|7|7|1|2|2|7|7
1886,7,True,5,5,7,5|7|5|7|7|5|7|5|7|7|7|5|7|7|7
1899,9,True,7,9,7,5|7|9|7|9|7|9|7|9|7|7|9|9|1|7
1906,4,False,4,5,4,4|4|4|4|9|9|4|4|6|4|4|4|9|9|4
1966,8,True,7,15,-1,5|9|9|7|9|7|9|9|7|7|7|7|9|7|9
1968,0,True,2,6,0,2|0|0|0|0|0|0|0|4|4|4|0|0|4|2
1975,0,True,1,5,0,0|0|0|0|0|0|0|0|1|1|1|0|1|0|1
1976,4,True,6,12,0,4|0|0|6|6|0|0|0|1|4|4|0|0|0|6
1995,4,True,7,15,7,7|7|3|7|7|7|7|7|7|7|7|7|9|7|7
2015,4,True,6,2,4,4|4|4|4|2|2|4|4|4|4|4|4|4|4|4
2017,9,True,4,15,3,2|6|1|6|2|3|3|2|6|3|4|3|3|3|3
2026,3,False,3,4,3,6|0|1|6|3|3|3|3|3|3|3|3|3|3|3
2030,7,True,5,14,5,2|5|8|2|5|5|5|5|2|5|5|7|5|5|1
2037,4,True,6,12,6,4|4|0|6|6|0|0|6|6|6|4|0|0|6|6
2059,6,True,3,14,3,6|2|2|3|3|3|3|3|3|3|2|3|7|3|2
2068,9,False,9,12,5,5|5|5|5|9|5|5|9|9|5|5|5|5|7|5
2084,9,True,4,15,4,4|4|4|4|4|4|4|4|6|4|4|4|4|4|4
2091,9,False,9,14,5,5|5|5|5|5|5|5|5|5|5|9|5|5|5|5
2141,2,True,3,12,3,2|3|3|3|3|2|3|6|3|3|6|3|2|3|3
2160,9,False,9,11,5,5|9|2|5|5|9|9|5|5|5|5|5|9|5|8
2162,9,True,4,12,4,4|4|4|9|4|2|4|0|4|4|4|4|9|9|4
2169,9,True,7,8,7,7|9|9|7|9|7|9|9|7|7|7|7|7|9|9
2171,0,True,1,13,1,0|1|1|0|4|1|1|1|1|1|1|4|1|4|1
2189,6,True,0,7,6,0|6|0|6|2|0|0|0|6|6|6|0|6|6|6
2224,5,True,9,2,5,5|5|5|5|9|5|5|5|5|5|9|5|5|5|5
2229,1,False,1,10,7,7|7|1|6|7|7|7|1|3|1|7|1|7|7|1
2263,4,False,4,7,4,4|4|4|3|9|9|3|4|9|4|4|4|9|9|4
2273,8,False,8,7,8,5|5|8|2|8|8|8|8|3|8|8|3|3|3|8
2282,2,True,9,12,9,5|9|2|5|9|9|5|9|9|5|2|2|9|5|9
2296,1,False,1,3,1,1|1|1|1|6|1|7|1|1|1|7|1|1|1|1
2298,8,False,8,12,4,4|8|8|9|6|4|9|8|6|4|3|4|9|4|9
2308,3,False,3,8,2,2|2|3|2|2|2|3|2|3|3|2|3|2|3|3
2323,5,False,5,5,5,5|5|5|3|7|5|5|1|7|5|5|5|5|7|5
2324,9,False,9,14,5,3|0|3|6|9|5|5|4|5|3|1|5|5|3|5
2379,1,True,8,11,8,8|8|8|1|8|1|8|8|1|8|7|1|7|7|8
2388,9,True,8,15,8,3|6|3|3|8|3|8|8|6|6|8|8|8|8|8
2395,4,False,4,8,9,4|4|9|9|9|9|9|4|4|4|4|9|9|4|9
2404,3,False,3,12,2,5|4|2|2|2|3|3|6|1|6|6|2|0|3|2
2411,5,True,9,0,5,5|5|5|5|5|5|5|5|5|5|5|5|5|5|5
2424,3,True,8,14,8,8|8|8|8|3|8|8|8|8|8|8|8|8|8|8
2427,1,True,5,12,5,5|7|5|5|9|5|1|5|5|5|5|8|1|5|1
2431,0,False,0,7,0,6|0|0|0|6|0|0|0|6|6|0|6|0|6|6
2451,5,True,4,15,6,6|4|2|4|6|8|9|1|6|1|4|2|6|0|3
2460,1,True,5,14,5,5|7|5|5|7|5|7|7|7|3|7|5|5|5|1
2469,9,True,7,13,7,7|7|2|7|9|7|7|7|7|7|9|7|7|7|7
2477,9,True,7,8,9,5|5|9|7|9|7|9|9|7|7|9|7|9|9|5
2517,2,True,3,15,6,6|0|6|6|6|8|3|3|1|4|4|3|6|8|3
2536,9,False,9,12,5,5|5|5|5|9|5|5|5|9|5|5|5|5|5|9
2556,9,False,9,11,5,5|9|2|5|2|9|5|5|5|7|9|5|9|5|5
2560,6,False,6,6,6,6|8|0|4|6|0|8|6|6|6|6|4|6|6|6
2566,6,True,7,15,5,5|5|5|5|9|5|5|5|9|5|7|5|7|5|9
2567,7,False,7,5,7,7|7|8|3|0|7|9|7|7|7|7|3|7|7|7
2578,1,True,8,11,8,8|1|8|8|1|8|8|8|1|8|1|8|8|8|8
2582,0,False,0,11,6,6|6|0|6|6|0|0|6|6|6|6|0|6|6|6
2584,0,True,2,14,4,0|2|4|2|4|4|9|4|9|4|4|4|4|4|9
2586,2,False,2,13,3,4|2|8|3|2|6|3|0|3|4|6|3|0|4|3
2588,5,True,9,3,5,5|5|5|5|2|9|5|5|5|5|5|5|5|5|9
2625,2,True,3,14,3,7|3|3|3|2|3|3|5|6|3|6|3|6|3|3
2672,6,False,6,14,4,4|8|8|9|6|9|8|3|4|4|9|4|9|4|8
2702,2,False,2,10,2,2|6|8|2|2|6|8|1|3|0|4|2|9|3|2
2733,0,True,2,4,0,0|0|0|2|0|0|0|0|0|2|0|2|0|2|0
2741,0,False,0,12,6,6|6|0|6|6|6|0|6|6|6|6|0|6|6|6
2742,5,True,9,3,5,5|5|5|5|9|5|5|5|9|5|9|5|5|5|5
2751,9,True,7,13,7,7|7|9|7|7|7|7|7|7|7|7|7|7|9|7
2780,8,False,8,4,8,8|8|3|8|9|8|8|4|8|8|8|8|7|8|8
2781,7,True,1,15,1,1|1|4|4|1|1|5|1|1|3|1|1|2|0|1
2788,4,True,6,12,6,6|6|6|6|0|6|0|4|6|4|4|6|6|6|6
2796,1,True,5,10,5,1|5|5|3|7|1|5|1|8|5|3|1|5|5|1
2808,1,False,1,7,1,6|1|1|1|1|1|3|2|1|1|0|0|0|3|1
2826,9,True,7,10,7,5|7|9|7|7|9|7|9|7|7|7|9|7|1|9
2828,2,True,7,15,7,7|7|5|7|0|7|7|7|7|7|1|7|7|5|7
2835,4,True,7,12,7,7|5|7|7|7|7|7|4|4|7|4|7|7|7|7
2837,1,True,8,15,8,8|8|3|8|8|8|8|8|8|3|8|8|8|3|8
2842,9,True,4,15,4,4|6|0|4|3|4|2|4|6|4|4|4|2|3|4
2871,6,False,6,5,6,6|6|0|6|6|6|5|6|6|6|4|4|6|4|6
2874,0,True,1,13,1,0|1|1|0|1|1|1|1|1|1|1|1|1|1|1
2904,7,False,7,4,7,7|7|9|7|7|7|9|7|7|7|7|9|7|7|9
2952,7,True,5,12,5,5|5|5|3|0|5|5|5|7|5|7|5|7|5|1
2957,9,True,7,15,7,7|7|8|7|7|7|7|7|7|7|7|7|7|7|7
2961,6,True,3,15,3,3|2|2|3|3|2|3|3|3|3|2|3|3|3|3
2974,0,True,1,14,1,1|1|1|1|1|1|1|1|1|1|0|1|1|1|1
2978,4,True,6,13,6,0|0|6|6|2|0|4|6|6|6|6|4|6|6|6
2986,3,True,8,11,8,8|8|8|8|8|3|8|3|8|8|8|3|8|3|8
3011,9,False,9,11,5,5|9|5|5|9|5|5|5|5|5|5|5|9|5|9
3013,3,True,5,14,5,8|5|5|1|5|1|5|5|5|5|4|5|7|3|5
3024,4,True,6,1,4,4|4|4|4|4|0|4|4|4|4|4|4|4|4|4
3025,1,True,5,9,1,1|5|2|1|5|5|1|1|7|7|1|7|7|2|1
3032,3,True,7,14,7,7|7|8|7|3|2|7|7|7|7|2|7|7|2|7
3037,5,True,6,13,2,6|2|2|2|3|1|5|5|0|0|4|3|0|4|2
3050,6,True,0,4,6,6|6|0|6|6|6|0|6|6|6|6|0|6|0|6
3053,9,True,4,5,9,4|9|4|9|9|9|9|9|6|4|9|4|9|9|9
3056,8,False,8,7,8,1|1|1|1|1|8|8|1|6|8|8|8|8|8|8
3061,5,False,5,8,5,8|5|5|7|7|5|5|1|5|7|7|5|5|7|8
3089,0,False,0,12,6,6|0|6|6|6|0|0|6|6|6|6|6|6|6|6
3107,2,True,9,12,7,2|9|9|8|8|7|7|9|7|7|7|7|9|2|2
3109,1,False,1,5,1,1|1|1|1|1|1|3|0|1|1|4|1|7|7|1
3118,2,True,7,15,7,5|7|5|7|9|7|7|7|7|7|7|7|7|7|7
3119,2,False,2,10,0,0|0|0|2|2|2|0|0|2|2|0|0|4|3|3
3134,4,True,7,15,7,7|7|7|7|0|7|7|7|7|7|7|7|7|7|7
3138,6,True,5,14,5,5|7|5|5|5|5|5|5|5|5|1|5|5|5|6
3163,9,True,4,7,9,4|4|9|9|4|9|9|9|4|4|7|9|4|9|9
3202,4,True,6,13,3,1|0|0|4|2|6|3|3|3|6|4|3|6|3|2
3243,1,False,1,3,1,1|1|1|1|0|1|7|1|1|1|7|1|1|1|1
3299,2,True,5,13,5,2|7|5|3|2|5|5|5|5|7|7|3|5|7|6
3317,7,False,7,3,7,7|5|3|7|7|7|7|7|8|7|7|7|7|7|7
3331,4,True,6,14,0,2|0|0|0|0|0|0|0|0|0|6|4|0|0|2
3345,0,False,0,13,3,3|3|0|4|6|4|3|3|6|4|0|3|6|4|3
3351,9,True,7,10,7,7|9|9|7|7|9|9|9|7|7|7|7|7|7|7
3354,0,True,1,11,1,1|0|1|1|0|1|0|0|1|1|1|1|1|1|1
3379,6,True,0,4,6,0|6|6|6|4|6|0|6|0|6|6|6|6|6|6
3426,2,True,3,12,3,6|3|3|3|3|2|3|3|3|3|2|3|3|2|3
3450,3,False,3,7,3,6|3|3|6|9|3|3|3|6|3|6|3|6|3|6
3461,9,True,4,9,4,4|9|9|4|9|2|9|4|4|4|4|4|9|9|4
3469,3,False,3,1,3,3|3|3|2|3|3|3|3|3|3|3|3|3|3|3
3470,6,True,0,5,6,6|0|0|6|6|0|0|6|6|6|6|0|6|6|6
3495,6,False,6,13,8,8|4|4|6|8|2|5|5|8|4|8|8|6|8|8
3498,9,False,9,13,2,2|9|2|2|2|2|5|5|9|5|2|2|2|2|2
3514,8,False,8,4,8,8|3|8|8|3|8|8|8|8|3|8|8|8|3|8
3560,0,False,0,7,0,6|0|0|6|6|0|0|6|0|4|6|0|0|6|0
3575,0,True,2,12,-1,0|5|1|6|0|2|5|1|1|0|7|8|2|6|3
3577,4,False,4,15,3,1|3|3|6|6|3|3|3|3|3|6|3|6|3|3
3591,4,False,4,10,9,4|9|9|6|9|9|9|9|9|4|4|4|9|4|9
3666,9,True,7,15,7,7|7|5|7|5|7|7|7|7|7|7|7|7|7|7
3731,6,False,6,5,6,6|6|0|6|6|0|9|6|6|6|6|3|6|6|0
3800,7,True,5,12,5,5|5|7|7|5|2|5|5|1|5|7|5|5|5|6
3811,2,True,3,13,3,3|3|3|3|3|3|3|3|3|3|0|2|2|3|3
3833,2,False,2,6,2,4|2|3|2|0|2|3|0|2|2|2|4|2|2|2
3836,7,False,7,3,7,7|7|9|7|9|7|9|7|7|7|7|7|7|7|7
3841,2,False,2,10,0,0|0|2|0|2|0|0|0|2|2|0|2|0|0|9
3845,5,True,9,2,5,5|5|5|5|9|5|5|5|9|5|5|5|5|5|5
3856,0,True,2,15,4,4|2|4|4|4|4|9|9|4|4|9|4|4|9|4
3880,0,True,2,13,6,2|0|8|4|6|6|3|0|6|6|2|4|2|6|2
3925,4,True,6,13,6,6|0|0|6|6|0|0|6|1|4|4|2|0|6|6
3934,9,True,7,11,7,7|7|9|7|9|7|7|9|7|7|7|7|7|9|7
3943,4,False,4,11,0,2|2|9|4|0|0|0|0|4|4|0|4|0|9|9
3947,0,True,2,9,0,2|2|2|0|0|0|0|2|2|6|4|1|0|4|0
3976,9,False,9,15,5,5|5|5|5|0|8|5|5|5|5|5|5|5|5|5
3988,9,True,4,11,4,4|4|9|9|2|4|9|4|6|4|4|4|9|4|4
3998,4,True,1,15,1,1|1|1|1|1|1|7|1|1|1|1|1|7|1|1
4007,4,True,1,15,1,1|1|1|1|1|1|1|1|1|1|0|1|1|1|1
4047,1,False,1,10,0,0|1|0|1|0|1|1|0|1|4|7|0|6|0|3
4054,5,True,9,6,5,5|9|5|5|9|5|5|5|9|5|9|5|5|9|9
4066,7,True,1,6,7,7|7|1|1|7|1|7|1|7|7|7|1|7|7|1
4093,4,True,1,15,1,1|1|1|1|0|0|1|1|1|1|7|1|1|1|1
4108,0,True,1,14,1,7|1|1|1|1|1|1|1|3|3|7|1|0|1|1
4111,9,True,7,11,7,2|9|9|7|7|7|7|7|7|7|9|7|9|7|7
4142,4,True,7,14,7,7|7|7|7|7|9|7|4|7|7|7|7|7|7|7
4186,7,True,1,15,1,1|1|1|4|0|1|0|1|1|8|4|4|1|4|1
4190,8,False,8,3,8,8|8|8|8|5|8|8|8|7|8|7|8|8|8|8
4229,3,True,8,10,8,8|8|8|8|3|3|8|8|8|8|3|3|8|3|8
4239,0,True,2,4,0,8|0|0|0|0|0|0|0|2|0|4|0|0|0|2
4242,0,True,1,15,1,1|1|1|1|7|1|1|1|1|1|1|1|1|1|1
4245,6,True,3,12,3,6|3|3|2|3|3|3|3|3|3|6|3|6|3|3
4248,1,True,5,10,5,1|5|5|1|1|3|3|5|3|5|1|1|5|5|3
4265,9,True,4,12,4,4|4|4|3|9|2|3|3|3|9|4|4|9|3|4
4268,2,True,5,15,5,5|7|3|5|1|5|5|5|5|5|6|5|7|5|5
4287,0,True,2,8,-1,2|0|0|0|2|0|0|0|2|2|2|4|0|2|2
4301,1,False,1,4,1,1|0|0|1|0|0|1|1|1|1|1|1|1|1|1
4305,4,True,1,15,1,1|1|1|1|1|7|7|1|7|1|1|1|1|7|1
4308,9,True,8,14,8,3|8|8|8|9|8|8|8|8|8|8|8|8|8|8
4322,0,False,0,8,-1,6|0|0|0|0|0|0|6|1|6|6|0|6|6|6
4324,1,False,1,5,1,0|0|0|1|1|0|1|1|1|1|1|1|0|1|1
4326,5,True,9,2,5,5|5|5|5|5|5|5|5|9|5|9|5|5|5|5
4329,9,True,7,14,7,5|7|2|7|9|7|7|7|7|7|7|7|7|7|7
4365,3,False,3,3,3,3|3|3|3|2|3|3|6|3|3|3|3|3|3|2
4393,5,True,9,1,5,5|5|5|5|5|5|5|5|5|5|9|5|5|5|5
4402,9,True,4,15,0,2|0|0|0|2|2|0|8|2|0|3|0|0|0|0
4406,7,True,5,12,5,5|5|5|7|5|5|5|5|7|5|5|5|7|5|1
4421,2,False,2,7,2,0|2|2|3|0|0|0|0|2|2|2|0|2|2|2
4429,7,True,8,8,8,8|8|8|7|7|7|8|7|7|8|8|8|7|7|8
4433,1,True,7,15,7,7|7|7|7|0|7|7|7|7|7|7|7|9|7|7
4437,9,False,9,14,5,5|5|5|5|9|5|5|5|5|5|5|5|5|5|5
4451,6,False,6,13,4,6|4|4|4|4|4|9|4|4|4|4|6|9|9|4
4466,0,True,2,2,0,0|0|0|0|0|0|0|0|0|2|0|2|0|0|0
4472,8,False,8,3,8,8|8|8|8|8|8|8|8|8|8|8|5|9|6|8
4473,4,True,6,1,4,4|4|4|4|4|4|0|4|4|4|4|4|4|4|4
4482,1,False,1,2,1,0|1|1|1|1|1|1|1|1|1|1|0|1|1|1
4488,7,False,7,3,7,7|7|5|9|0|7|7|7|7|7|7|7|7|7|7
4501,9,True,4,15,0,0|0|8|2|2|0|0|0|0|4|4|4|0|2|2
4510,9,True,4,7,9,4|9|8|4|4|9|9|9|9|4|4|9|4|9|9
4516,8,False,8,1,8,8|8|8|8|8|8|8|8|8|8|8|8|8|3|8
4517,6,False,6,11,4,4|6|4|3|6|4|8|4|6|4|0|8|4|6|5
4518,9,False,9,15,5,5|5|5|5|5|5|5|5|5|5|5|5|5|5|5
4524,3,True,2,15,2,0|0|8|2|2|2|0|0|6|4|8|2|6|2|8
4528,9,False,9,12,5,5|5|5|5|9|9|5|5|5|5|5|5|9|5|5
4540,1,False,1,1,1,1|1|0|1|1|1|1|1|1|1|1|1|1|1|1
4541,5,True,8,15,8,8|8|8|8|8|8|8|8|8|8|8|8|8|3|8
4588,9,True,7,13,7,7|7|9|7|7|7|7|9|7|7|7|7|7|7|7
4592,3,True,8,10,8,8|3|8|8|3|8|8|8|8|8|8|3|3|3|8
4606,9,True,7,11,7,7|7|9|7|7|7|9|7|7|7|7|7|9|7|9
4628,9,True,4,11,-1,4|2|9|2|9|0|2|2|0|4|0|4|0|9|9
4632,1,False,1,4,1,1|1|1|1|4|1|7|1|1|4|4|1|1|1|1
4647,2,True,5,13,5,5|5|5|7|2|2|5|5|5|5|5|5|7|7|5
4668,9,True,4,8,-1,4|9|9|4|2|9|9|4|4|4|9|9|4|9|4
4672,5,True,9,0,5,5|5|5|5|5|5|5|5|5|5|5|5|5|5|5
4677,2,False,2,8,-1,0|6|0|2|2|0|0|0|0|2|2|2|0|2|2
4692,3,True,8,11,8,8|8|8|3|8|8|8|8|8|3|8|3|3|8|8
4715,6,False,6,10,4,6|6|4|4|4|6|9|4|6|4|4|4|4|6|9
4721,9,True,7,8,7,7|7|9|7|9|7|9|9|7|7|9|7|7|9|9
4734,8,False,8,5,8,8|8|3|2|0|8|8|8|8|8|3|8|3|8|8
4735,5,False,5,6,5,1|1|5|5|5|5|5|5|1|5|5|1|5|3|1
4749,5,True,9,4,5,5|5|9|5|1|9|5|5|5|5|5|5|5|5|8
4778,6,False,6,12,4,4|6|8|4|6|4|9|4|6|4|4|4|4|4|9
4787,6,False,6,5,6,6|6|0|4|6|6|4|6|6|4|6|4|6|6|6
4810,6,True,3,14,3,3|2|3|8|3|3|3|3|3|3|3|3|6|3|3
4813,3,False,3,6,3,3|2|7|2|2|3|8|3|3|3|6|3|3|3|3
4815,0,True,5,15,5,5|5|5|5|8|7|5|5|5|7|5|5|7|5|1
4816,7,True,8,12,8,8|8|8|7|1|8|8|8|7|8|8|8|7|8|8
4874,9,True,7,10,7,2|7|9|7|9|9|7|9|7|7|7|7|7|9|7
4877,7,False,7,5,7,2|7|7|2|2|2|7|7|7|7|7|7|7|2|7
4903,4,True,6,14,0,2|0|0|0|0|6|8|6|8|8|6|4|0|0|6
4905,1,False,1,8,7,7|1|1|1|1|1|7|1|7|7|7|1|7|7|7
4923,5,True,9,1,5,5|5|5|5|5|5|5|5|5|5|9|5|5|5|5
4939,1,False,1,12,-1,4|6|0|2|1|0|4|0|1|3|1|0|3|3|3
4956,3,True,8,14,8,8|8|8|9|8|8|8|8|8|8|8|8|8|3|8
4962,7,True,1,15,1,0|1|1|1|0|1|0|1|1|1|1|1|1|1|1
4968,5,True,9,0,5,5|5|5|5|5|5|5|5|5|5|5|5|5|5|5
4991,6,False,6,11,4,4|4|4|6|6|6|5|0|1|4|4|4|4|6|4
4995,9,True,7,9,7,7|9|9|7|9|9|7|9|6|7|7|7|7|9|7
5022,9,True,4,11,4,4|9|4|4|3|2|9|4|9|4|4|4|4|9|4
5039,3,False,3,6,3,6|3|3|6|3|3|2|6|3|3|6|3|6|3|3
5045,0,False,0,8,6,6|0|0|0|0|0|0|6|6|6|6|0|6|6|6
5048,2,True,3,15,3,6|3|3|3|3|3|3|3|3|3|3|3|3|3|3
5067,7,True,5,11,5,5|5|5|5|7|5|5|5|7|5|7|5|5|7|5
5085,2,False,2,12,0,0|0|0|0|0|0|0|0|0|0|2|2|0|0|2
5093,1,True,5,11,5,5|1|5|1|3|5|5|5|1|7|5|3|5|5|1
5094,6,True,0,9,0,6|0|0|0|0|0|0|0|6|6|6|0|6|0|6
5096,2,True,5,15,5,5|5|5|5|3|5|5|5|5|5|5|5|5|5|1
5120,3,False,3,13,4,6|9|0|4|0|2|3|3|6|4|4|4|0|4|4
5129,5,True,9,1,5,5|5|5|5|5|5|5|5|5|5|9|5|5|5|5
5155,2,True,9,14,9,2|9|9|9|9|9|9|9|9|7|7|7|9|9|9
5179,3,False,3,2,3,2|3|3|3|3|3|3|3|3|3|3|3|6|3|3
5187,8,True,3,15,6,6|0|3|2|3|6|6|6|3|6|3|3|6|3|6
5202,0,False,0,10,6,6|0|6|0|0|6|0|6|6|6|6|0|6|6|6
5227,4,True,6,5,4,4|9|4|9|4|4|9|4|6|4|9|4|4|4|4
5254,0,False,0,13,3,4|0|8|4|2|3|9|3|1|3|0|3|2|3|3
5269,9,True,8,15,8,8|8|8|8|8|8|8|8|8|8|3|3|8|8|3
5274,9,False,9,11,-1,2|9|7|8|8|7|7|1|2|7|9|8|9|9|8
5297,0,True,2,7,0,0|0|2|2|0|2|0|0|2|2|0|0|2|0|6
5327,9,False,9,14,5,5|5|5|5|9|5|5|5|5|5|5|5|5|5|5
5335,1,True,5,14,5,5|5|5|7|5|5|5|5|5|5|5|5|5|7|1
5347,4,True,6,13,0,0|0|0|0|0|0|0|0|0|4|0|0|0|4|0
5358,6,True,0,5,6,6|6|0|0|6|0|0|6|6|6|6|0|6|6|6
5361,9,False,9,14,5,5|5|5|5|9|5|5|5|5|5|5|5|5|5|5
5377,1,True,5,15,5,5|5|5|7|7|7|5|5|7|5|5|5|7|7|7
5383,5,False,5,8,7,5|7|5|5|7|5|5|5|7|7|7|7|7|5|7
5428,6,True,3,10,6,6|6|9|5|4|6|9|6|6|4|4|3|0|3|4
5457,6,True,0,5,6,6|6|0|6|6|6|5|6|8|6|2|6|6|3|6
5523,9,True,7,12,7,7|7|7|9|0|7|7|7|9|7|7|7|9|3|7
5582,9,True,7,10,7,7|7|9|9|9|7|7|7|7|7|7|7|9|9|7
5600,9,False,9,6,9,7|9|9|9|2|9|9|9|7|7|2|7|9|9|9
5609,2,True,3,12,3,6|2|3|3|6|3|3|3|3|3|3|3|3|2|2
5634,5,True,9,2,5,5|5|5|5|9|5|5|5|5|5|9|5|5|5|5
5641,1,False,1,5,1,1|0|0|1|0|1|0|1|1|1|1|0|1|1|1
5655,7,False,7,3,7,7|7|3|7|3|7|7|7|7|7|8|7|7|7|7
5664,9,True,4,13,4,4|4|4|4|6|4|0|4|4|4|9|4|9|4|4
5704,3,True,8,14,8,8|8|8|8|8|8|8|8|8|8|8|3|8|8|8
5730,5,False,5,4,5,5|5|5|7|7|5|5|5|1|5|1|5|5|5|5
5776,8,False,8,0,8,8|8|8|8|8|8|8|8|8|8|8|8|8|8|8
5786,4,True,7,15,7,7|7|7|7|7|7|7|7|7|7|7|7|7|7|7
5798,4,True,6,14,0,0|6|0|0|0|2|0|0|6|2|6|2|2|4|5
5815,2,False,2,8,-1,4|0|0|2|2|0|0|0|2|2|2|0|0|2|2
5818,3,False,3,7,3,1|3|3|3|2|2|3|6|3|3|2|3|2|3|2
5825,9,True,7,13,7,2|7|7|7|0|7|7|7|7|7|7|7|9|9|7
5830,0,True,1,13,1,0|1|1|1|1|1|0|1|1|1|1|1|1|1|1
5840,9,True,4,15,0,6|0|0|2|3|0|0|2|0|0|0|2|3|6|2
5869,2,True,3,15,3,6|6|3|6|6|3|3|6|3|3|3|3|3|3|3
5886,6,True,0,4,6,6|6|0|6|6|0|0|6|6|6|6|6|6|0|6
5887,1,True,8,14,8,8|8|8|1|8|8|8|8|8|8|8|8|8|8|8
5911,2,False,2,14,4,2|6|4|4|6|4|4|4|6|4|4|0|6|0|4
5919,6,True,3,12,3,6|2|0|2|4|3|3|6|6|4|3|3|9|3|3
5930,5,True,9,1,5,5|9|5|5|5|5|5|5|5|5|5|5|5|5|5
5946,4,True,6,5,4,4|4|9|4|9|9|9|4|4|4|4|4|4|9|4
5953,5,True,9,4,5,5|5|5|5|5|9|5|9|9|5|9|5|5|5|5
5982,9,True,7,15,7,5|1|7|7|3|7|5|1|7|7|5|3|3|3|8
6006,7,True,5,12,5,5|5|7|7|5|5|5|5|5|5|7|5|5|5|8
6012,1,True,5,14,5,5|5|7|7|9|5|5|1|7|5|3|9|9|5|5
6019,2,True,5,4,2,2|2|2|3|8|5|2|5|2|2|2|2|2|2|2
6025,9,True,4,10,4,4|9|4|4|9|9|3|4|9|4|4|9|4|4|4
6028,6,True,3,12,3,8|0|3|3|2|3|3|6|6|3|6|3|3|2|3
6034,3,False,3,6,3,6|2|3|3|2|3|2|6|3|6|3|3|3|3|3
6061,6,False,6,14,4,4|4|4|4|4|4|4|4|6|4|4|4|4|4|4
6085,0,False,0,15,6,6|6|6|6|6|1|5|7|6|6|7|4|6|6|6
6088,4,True,6,13,6,4|6|6|6|6|6|0|6|6|6|4|0|6|6|6
6090,4,True,6,7,4,4|0|4|4|9|9|4|4|9|4|2|4|9|9|4
6101,7,True,8,14,8,8|8|8|8|8|8|8|8|8|8|7|8|8|8|8
6102,1,False,1,2,1,1|1|1|1|1|1|7|1|1|1|4|1|1|1|1
6133,2,True,3,6,2,2|3|3|2|2|3|3|3|2|2|2|3|2|2|2
6159,9,True,4,8,4,4|9|9|4|9|9|9|4|4|4|9|4|4|9|4
6166,9,False,9,13,5,5|5|5|5|9|5|5|5|5|5|9|5|5|5|5
6168,0,True,1,6,0,0|0|0|0|0|1|0|0|1|1|0|1|1|0|1
6198,9,False,9,13,5,5|5|5|5|9|5|5|5|9|5|5|5|5|5|5
6203,4,True,6,12,6,6|6|6|6|6|6|6|4|6|4|6|4|6|6|6
6211,6,False,6,3,6,6|6|0|6|6|6|0|6|6|4|6|6|6|6|6
6246,4,True,6,14,6,4|6|0|6|0|6|0|6|6|6|6|0|6|0|6
6265,8,False,8,4,8,8|8|8|1|8|8|8|8|1|8|1|8|8|8|1
6280,0,True,2,7,0,2|0|8|2|2|0|0|0|0|4|1|0|0|0|1
6287,1,False,1,8,0,0|0|1|1|1|0|0|0|1|1|0|0|0|1|1
6322,0,False,0,6,0,0|0|0|6|6|0|0|6|0|0|6|0|6|0|6
6358,8,False,8,4,8,8|8|3|3|3|8|8|8|8|7|8|8|8|8|8
6379,2,True,9,15,9,7|5|7|1|9|9|9|9|7|9|7|7|7|9|9
6387,1,False,1,9,7,7|7|1|7|0|7|1|1|1|7|7|1|7|7|1
6403,7,True,8,14,8,8|8|8|8|8|8|8|1|8|8|7|8|8|8|8
6450,8,False,8,5,8,8|8|8|8|1|8|8|1|8|8|8|3|8|6|1
6454,9,False,9,15,5,5|5|5|5|5|5|5|5|5|5|5|5|5|5|5
6456,8,False,8,1,8,8|8|8|8|8|8|8|8|8|8|7|8|8|8|8
6469,8,False,8,4,8,8|5|8|8|8|5|8|8|8|8|2|8|8|3|8
6470,6,True,0,5,6,6|6|0|4|4|6|0|6|6|6|6|0|6|6|6
6471,4,True,6,14,3,6|6|3|3|3|3|3|3|2|3|6|3|4|3|3
6505,9,False,9,15,5,5|5|5|5|5|5|5|5|5|5|5|5|5|5|5
6518,6,True,2,14,2,4|2|2|2|2|2|3|0|2|6|2|2|1|2|2
6519,5,True,9,2,5,5|5|5|5|9|5|5|5|5|5|1|5|5|5|5
6539,2,True,3,13,3,6|2|3|3|3|3|3|3|3|3|3|3|2|3|3
6548,5,True,9,1,5,5|5|5|5|9|5|5|5|5|5|5|5|5|5|5
6560,9,True,4,13,4,4|4|4|6|4|9|9|4|4|4|4|4|4|4|4
6561,3,True,8,10,8,8|7|8|3|5|3|8|8|8|8|3|3|8|3|8
6563,0,False,0,8,6,6|0|0|6|0|0|0|6|6|6|6|0|6|0|6
6564,9,True,8,15,8,8|8|8|8|2|8|8|8|8|8|8|8|8|8|8
6579,2,True,5,7,2,2|5|5|2|2|2|5|5|5|5|2|7|2|2|2
6588,1,False,1,1,1,1|1|1|1|1|1|1|1|1|1|1|1|7|1|1
6591,7,True,5,10,5,5|5|5|7|7|5|5|5|5|5|7|5|5|7|7
6601,1,True,8,15,8,8|8|4|9|5|4|8|8|6|4|8|4|6|2|8
6606,7,True,1,14,1,2|3|6|1|1|1|7|0|3|3|6|1|6|1|3
6609,9,True,7,15,7,7|7|7|7|7|7|7|7|7|7|7|7|7|7|7
6616,8,False,8,4,8,8|8|8|7|8|8|8|8|1|8|8|8|7|7|8
6620,0,True,2,10,2,0|0|0|4|2|2|0|0|2|2|2|2|2|2|2
6622,6,False,6,14,4,4|4|4|4|4|4|4|4|6|4|4|4|4|4|4
6637,5,True,9,2,5,5|5|5|5|5|5|5|5|9|5|9|5|5|5|5
6649,2,True,3,15,3,7|3|3|8|0|3|5|1|8|1|3|3|3|5|8
6665,4,False,4,7,4,4|4|9|9|9|9|9|4|4|4|4|4|9|9|4
6684,6,True,3,13,3,0|2|0|6|3|3|1|1|6|3|1|0|3|3|1
6686,0,False,0,8,6,6|0|0|6|6|0|0|0|6|6|6|0|6|0|6
6708,9,False,9,6,9,2|9|2|2|2|9|9|9|9|9|9|2|9|2|9
6730,2,False,2,15,8,8|8|8|3|4|3|8|8|3|8|3|3|8|3|6
6739,4,False,4,6,4,4|4|4|7|4|2|4|3|1|4|4|8|2|4|4
6768,9,True,7,15,7,8|7|7|7|4|7|7|4|7|7|7|7|7|7|7
6775,8,True,3,15,3,3|6|3|2|3|2|3|6|3|6|1|3|6|3|3
6784,4,True,6,11,6,6|6|0|4|6|6|0|4|6|4|4|3|6|6|6
6801,5,False,5,7,5,5|7|5|7|9|5|5|5|7|5|7|5|7|5|2
6806,4,False,4,14,0,8|6|2|4|0|2|0|8|6|0|6|2|0|6|0
6807,9,False,9,12,5,5|5|5|5|9|9|5|5|9|5|5|5|5|5|5
6818,2,True,9,15,7,7|7|7|7|9|7|7|9|7|7|7|7|7|7|9
6834,9,False,9,14,5,5|9|2|5|2|5|5|5|5|5|2|5|5|5|5
6836,0,False,0,11,6,6|6|0|6|6|0|0|6|6|6|6|0|6|6|6
6841,9,True,4,15,4,6|2|8|4|0|2|8|4|6|4|8|4|8|4|6
6847,4,False,4,5,4,6|6|4|4|6|2|4|4|4|4|4|6|4|4|4
6850,0,True,1,14,1,6|1|1|1|4|6|1|0|1|3|1|1|4|4|3
6873,9,True,8,15,8,8|8|8|8|8|8|8|8|8|8|8|8|8|8|8
6886,2,True,5,15,5,5|5|5|3|5|5|5|5|5|5|7|5|5|5|1
6922,1,False,1,2,1,1|1|0|1|1|1|1|1|1|4|1|1|1|1|1
6940,6,True,3,14,3,6|2|3|3|3|3|3|2|3|2|2|3|2|1|3
6947,2,True,3,15,6,6|6|8|1|4|6|9|6|1|6|4|0|6|6|6
6967,2,True,3,14,3,1|0|3|6|6|0|1|3|3|2|3|0|3|3|6
6970,4,True,6,8,-1,4|0|0|4|4|0|0|0|4|4|0|0|6|4|4
6994,9,False,9,13,5,5|5|5|5|5|5|5|5|9|5|9|5|5|5|5
7015,6,False,6,14,4,4|6|4|9|4|4|0|4|4|4|4|2|4|4|4
7069,7,True,1,12,1,7|1|1|1|1|1|7|1|1|1|7|1|1|1|1
7076,9,False,9,13,5,5|5|5|5|9|9|5|5|5|5|5|5|5|5|5
7082,7,True,8,14,8,8|8|8|8|3|8|8|8|8|8|7|8|8|8|8
7094,4,True,6,6,4,4|4|9|4|2|2|9|4|4|4|4|4|9|9|4
7095,9,False,9,14,5,5|5|5|5|9|5|5|5|5|5|5|5|5|5|5
7106,7,True,1,11,1,1|7|1|1|1|1|7|1|1|1|7|1|7|1|1
7111,6,False,6,15,2,0|0|2|1|0|2|8|0|4|8|2|2|0|2|2
7157,2,False,2,12,0,0|0|0|2|0|0|0|0|4|2|0|0|0|0|2
7170,4,False,4,7,4,4|4|9|3|9|9|9|4|6|4|3|4|4|4|4
7172,3,True,7,15,7,7|7|7|7|7|7|7|7|7|7|7|7|7|7|7
7190,4,True,6,5,4,4|4|4|9|4|4|9|4|4|4|4|9|9|9|4
7207,4,True,6,2,4,4|4|4|4|4|4|4|4|6|4|4|4|6|4|4
7220,6,True,0,6,6,6|0|0|0|6|0|0|6|6|6|6|0|6|6|6
7247,7,False,7,3,7,7|7|9|7|7|7|7|5|7|5|7|7|7|7|7
7251,7,True,1,15,1,1|1|3|1|1|1|1|1|1|1|6|1|6|1|1
7277,6,False,6,9,4,6|6|4|4|4|6|4|4|6|4|4|4|6|4|6
7285,0,True,2,4,0,4|0|0|0|0|0|0|0|0|4|0|0|0|2|4
7295,6,False,6,15,-1,4|4|9|4|2|0|9|0|4|4|0|0|2|0|9
7304,2,True,3,13,3,3|3|3|2|2|3|3|3|3|3|3|3|6|3|3
7308,8,True,6,12,5,5|8|1|7|3|5|5|5|5|5|7|1|7|8|8
7315,5,False,5,5,5,5|5|2|5|5|5|8|5|5|7|8|5|9|5|5
7326,0,True,2,15,8,7|8|8|6|8|8|8|8|1|5|7|2|8|3|6
7329,9,True,7,7,9,5|9|9|5|9|9|9|9|5|7|9|5|7|5|9
7334,0,False,0,11,6,8|0|6|6|6|2|0|3|0|6|6|2|0|6|6
7363,9,False,9,15,5,5|5|5|5|5|5|5|5|5|5|5|5|5|5|5
7369,5,True,9,1,5,5|5|5|5|9|5|5|5|5|5|5|5|5|5|5
7382,0,False,0,12,6,6|6|6|6|6|0|0|6|6|6|6|0|6|6|6
7443,8,False,8,2,8,8|8|8|8|2|8|8|8|8|8|8|8|7|8|8
7462,1,True,8,15,8,8|8|8|8|3|8|8|8|8|8|8|8|8|3|8
7471,0,True,1,13,1,1|1|3|1|6|0|7|1|1|7|1|1|1|0|1
7483,0,True,2,12,4,4|4|4|6|2|0|0|8|4|4|4|4|0|2|4
7487,0,True,2,2,0,0|0|0|0|0|0|0|0|0|4|0|0|0|0|2
7519,1,False,1,4,1,0|1|1|1|0|1|0|1|1|1|0|1|1|1|1
7525,4,True,6,14,6,7|0|0|4|6|0|1|3|6|6|6|3|6|0|6
7541,0,False,0,8,6,0|0|0|0|6|0|0|6|6|6|6|0|6|6|6
7553,9,True,7,10,7,5|9|9|7|1|7|5|9|7|7|9|7|7|5|9
7566,2,True,7,12,7,2|7|2|7|9|7|7|7|7|7|7|7|7|2|7
7569,2,False,2,12,0,0|0|0|0|2|0|0|0|0|0|0|2|0|2|0
7572,5,False,5,4,5,5|1|5|5|3|5|5|5|3|5|5|5|3|5|5
7594,5,False,5,3,5,5|5|5|3|5|5|5|5|5|5|5|5|2|5|2
7597,6,True,2,12,-1,3|7|7|6|1|8|0|5|6|0|1|7|6|3|0
7634,9,True,8,15,8,8|8|8|7|6|8|8|8|8|8|8|8|8|8|8
7651,0,False,0,9,6,6|0|0|0|2|6|0|6|6|6|0|0|6|6|6
7671,7,False,7,13,5,5|5|5|5|5|7|5|5|5|5|5|5|7|5|5
7699,7,False,7,4,7,5|5|2|7|2|7|7|7|7|7|7|7|7|7|7
7725,0,False,0,14,4,0|8|8|9|4|4|8|4|6|8|4|4|6|4|7
7731,7,False,7,2,7,7|7|9|4|7|7|7|7|7|7|7|7|7|7|7
7733,5,True,9,2,5,5|5|5|5|5|5|5|5|5|5|7|5|5|5|9
7781,6,True,0,4,6,6|6|0|6|6|0|0|6|6|6|6|0|6|6|6
7798,3,False,3,3,3,6|3|3|3|3|3|2|3|3|3|3|3|3|2|3
7805,7,False,7,5,7,7|9|7|7|9|7|9|9|7|7|7|7|9|7|7
7806,3,True,5,14,5,5|5|5|5|3|5|5|5|0|8|2|7|5|8|7
7821,3,True,5,15,5,5|5|5|5|5|5|5|5|7|7|5|1|5|5|7
7846,1,False,1,3,1,1|1|1|1|1|1|1|0|1|8|1|1|0|1|1
7866,8,False,8,3,8,8|8|3|3|3|8|8|8|8|8|8|8|8|8|8
7887,4,True,6,14,0,0|6|0|2|0|0|0|0|6|4|6|0|0|2|0
7897,2,True,3,6,2,2|2|2|2|3|2|3|3|3|6|2|2|2|3|2
7900,8,True,1,15,1,1|1|1|1|1|1|7|1|1|1|7|1|7|1|1
7908,2,False,2,11,0,0|0|0|2|0|0|0|0|2|0|0|2|0|0|2
7934,7,False,7,2,7,7|7|7|7|7|7|7|7|9|7|7|7|7|9|7
7984,7,False,7,7,7,5|9|9|7|9|7|7|9|7|7|7|7|7|9|9
7995,9,True,4,15,4,2|2|4|4|4|4|0|4|1|4|4|4|2|4|2
8008,8,True,6,15,3,6|6|1|7|3|3|3|0|3|3|9|3|2|3|6
8022,2,True,3,12,3,2|0|3|3|4|0|3|2|3|3|6|1|2|3|1
8026,1,True,7,15,5,5|5|5|5|2|5|5|5|5|5|5|5|7|7|9
8042,3,False,3,1,3,2|3|3|3|3|3|3|3|3|3|3|3|3|3|3
8092,2,False,2,9,2,2|0|8|0|6|2|0|2|4|4|0|2|0|2|2
8096,6,False,6,7,6,6|6|0|6|4|6|0|0|6|6|7|3|6|0|6
8108,6,True,0,3,6,6|0|6|6|6|6|0|6|6|6|6|0|6|6|6
8129,1,False,1,2,1,1|1|1|1|0|1|1|1|1|1|7|1|1|1|1
8130,5,False,5,7,5,5|5|5|7|2|7|5|5|5|5|7|5|7|7|8
8135,1,False,1,4,1,0|1|1|1|0|0|1|1|1|1|0|1|1|1|1
8150,6,False,6,13,4,4|2|4|4|4|4|4|4|6|4|6|4|9|4|4
8153,2,False,2,13,0,0|0|0|0|0|0|0|0|0|2|0|0|0|2|0
8175,3,False,3,7,3,6|6|0|6|3|3|3|6|3|3|3|3|6|3|2
8190,9,True,7,15,7,7|7|7|7|7|7|7|7|7|7|7|7|7|2|7
8238,2,False,2,12,6,6|0|6|2|6|6|5|6|6|6|0|2|0|2|6
8245,6,True,0,7,6,0|6|6|0|0|0|0|6|6|6|6|0|6|0|6
8259,0,False,0,11,6,6|0|1|0|6|0|0|6|6|6|6|8|7|9|6
8279,8,False,8,6,8,8|8|8|7|3|3|8|8|3|3|8|8|7|8|8
8295,3,False,3,12,4,6|6|4|4|6|3|2|4|0|4|4|4|4|3|3
8331,9,False,9,15,5,5|5|5|5|5|5|5|5|5|5|5|5|5|5|5
8338,2,False,2,12,-1,4|2|0|0|2|9|9|0|2|4|0|4|6|9|9
8348,8,False,8,2,8,8|8|8|3|8|3|8|8|8|8|8|8|8|8|8
8361,6,True,3,11,-1,0|4|8|2|2|0|4|0|6|6|2|0|6|3|6
8363,6,True,0,6,6,0|6|0|0|6|0|0|6|6|6|6|0|6|6|6
8398,9,False,9,13,5,5|9|5|5|2|5|5|5|9|5|5|5|5|5|5
8402,0,True,2,6,0,0|0|0|0|2|2|0|0|2|2|2|0|0|0|4
8413,9,True,4,4,9,4|4|9|9|9|9|9|9|6|4|9|9|9|9|9
8432,1,False,1,7,1,1|1|1|7|1|1|7|1|7|7|7|1|7|7|1
8485,6,True,0,12,4,2|4|8|6|0|2|0|4|1|4|0|4|6|4|6
8493,6,True,3,14,3,1|3|3|3|2|3|3|0|2|3|6|3|2|3|3
8504,0,False,0,10,6,6|0|0|6|6|0|0|6|6|6|6|0|6|6|6
8509,3,False,3,10,4,4|4|8|3|4|3|8|3|6|4|4|3|4|3|2
8523,6,True,2,13,4,4|2|8|3|2|2|9|6|4|4|3|4|6|3|4
8535,9,True,7,12,7,5|7|5|3|5|7|5|7|9|7|7|7|5|9|9
8622,0,True,2,12,4,2|4|0|3|0|2|0|4|9|4|2|4|2|4|4
8626,1,False,1,8,0,1|1|1|0|0|0|0|1|1|1|0|0|0|0|1
8656,4,True,1,15,1,1|1|1|1|1|1|7|1|1|7|1|1|1|1|1
8675,4,True,6,14,8,8|8|8|9|4|6|8|8|8|8|2|2|0|8|8
8697,0,False,0,14,6,6|6|6|6|6|6|9|6|6|6|6|0|6|6|6
8718,0,False,0,4,0,0|0|0|0|2|0|0|0|0|4|0|0|0|4|2
8728,9,True,4,15,3,1|6|1|0|4|3|3|4|5|3|4|3|3|3|3
8736,2,False,2,14,0,0|0|0|0|2|0|0|0|0|4|0|0|0|0|0
8742,5,True,9,2,5,5|5|5|5|5|5|5|5|9|5|9|5|5|5|5
8755,2,False,2,14,0,8|0|0|0|6|0|0|0|0|0|0|0|2|0|0
8766,9,True,4,13,3,1|4|3|4|9|2|3|3|0|9|3|3|3|3|6
8809,2,True,5,14,5,5|5|5|3|5|5|5|5|5|1|2|5|5|5|1
8815,1,True,5,10,5,7|5|5|5|5|7|5|1|1|1|1|5|9|1|7
8827,6,True,3,15,3,1|2|2|3|2|3|3|3|3|3|3|3|2|3|3
8832,0,True,2,1,0,0|0|0|2|0|0|0|0|0|0|0|0|0|0|0
8836,3,True,8,13,8,8|6|8|8|2|8|8|8|1|8|3|3|8|8|8
8838,6,True,0,3,6,6|6|0|6|6|0|0|6|6|6|6|6|6|6|6
8845,7,True,1,10,1,7|1|1|7|4|1|7|1|1|1|7|1|7|1|1
8899,7,True,1,15,3,2|2|2|3|3|3|3|3|3|3|2|3|2|2|6
8914,1,True,5,14,5,5|5|5|5|5|5|5|5|5|1|5|5|5|5|8
8918,2,True,3,15,3,6|3|3|3|3|3|3|3|0|3|3|0|3|3|3
8966,1,False,1,3,1,0|0|1|1|0|1|1|1|1|1|1|1|1|1|1
8972,2,False,2,10,-1,4|2|2|3|9|2|9|4|2|9|3|3|2|9|9
8973,0,True,2,10,-1,2|0|0|2|8|0|0|0|8|2|4|2|2|8|8
8980,0,True,1,9,1,0|0|0|1|1|0|0|1|1|1|1|1|1|0|1
8986,8,True,3,13,3,7|7|3|9|3|1|5|3|3|8|7|3|1|8|3
9022,5,False,5,9,2,2|2|5|2|2|2|5|5|5|5|2|2|2|5|2
9025,4,False,4,7,4,4|9|9|4|9|4|9|4|6|4|4|4|4|9|9
9043,5,True,9,3,5,5|5|5|5|9|9|5|5|5|5|9|5|5|5|5
9048,1,True,5,13,5,5|5|5|1|1|5|5|5|5|5|5|7|5|7|7
9063,1,False,1,6,1,0|0|1|1|0|0|0|1|1|1|0|1|1|1|1
9070,4,True,1,15,1,1|1|1|1|0|1|1|1|1|1|7|1|1|1|1
9094,5,True,9,2,5,5|5|5|5|5|5|5|5|9|5|9|5|5|5|5
9100,8,False,8,1,8,8|8|8|8|8|8|8|8|8|8|8|8|5|8|8
9128,9,True,4,15,-1,1|3|2|2|2|2|3|3|6|3|1|3|6|2|1
9136,5,False,5,7,5,5|5|5|7|5|5|5|5|5|7|7|7|7|7|1
9159,5,True,9,3,5,5|5|5|5|5|5|5|5|9|5|9|5|9|5|5
9161,7,False,7,5,7,4|5|7|7|4|7|7|7|7|7|7|7|9|7|4
9167,8,False,8,1,8,8|8|8|8|8|8|8|8|8|2|8|8|8|8|8
9180,4,False,4,11,9,4|9|9|9|4|9|9|9|9|4|4|9|9|9|9
9188,4,True,6,15,6,6|6|6|6|0|6|0|6|6|6|6|0|6|6|6
9193,4,False,4,9,4,6|3|3|4|4|2|3|3|4|9|4|4|9|3|4
9194,9,True,4,8,4,4|4|4|4|9|4|9|4|9|4|9|4|9|9|9
9219,5,True,9,1,5,5|5|5|5|9|5|5|5|5|5|5|5|5|5|5
9242,8,False,8,3,8,8|8|8|3|8|8|8|8|8|3|3|8|8|8|8
9243,9,True,4,6,9,4|9|9|9|4|9|9|4|9|4|4|4|9|9|9
9250,3,False,3,11,6,0|6|6|6|6|6|3|6|6|6|0|3|6|3|3
9269,4,True,6,14,0,1|0|0|6|4|6|0|0|1|3|6|0|0|3|6
9299,5,False,5,6,5,5|5|5|7|5|5|7|1|5|1|4|3|5|5|5
9304,0,False,0,10,6,0|6|0|6|6|0|0|6|6|6|6|0|6|6|6
9319,1,False,1,2,1,1|1|1|1|1|1|7|1|1|1|7|1|1|1|1
9338,0,True,2,4,0,0|0|2|0|2|2|0|0|0|2|0|0|0|0|0
9341,5,False,5,7,5,5|5|8|7|2|5|8|5|5|7|7|5|5|5|7
9361,4,False,4,15,3,3|3|3|6|3|3|3|3|3|3|2|3|3|3|3
9376,7,True,8,15,8,8|8|8|8|8|8|8|1|1|8|8|8|8|8|8
9399,0,True,1,13,1,1|1|1|1|0|1|0|1|1|1|1|1|1|1|1
9410,0,False,0,12,6,6|6|0|6|6|6|0|6|6|6|6|0|6|6|6
9415,1,True,5,12,5,5|1|5|5|5|5|5|5|5|5|5|8|1|5|1
9423,2,True,3,10,3,2|3|3|2|2|3|3|3|3|3|2|3|3|2|3
9424,4,False,4,8,9,4|4|4|9|9|9|9|4|9|4|4|4|9|9|9
9481,4,False,4,11,9,4|9|9|9|9|9|9|9|9|4|4|4|9|9|9
9512,5,False,5,9,5,5|5|5|1|3|1|7|1|5|7|5|3|7|5|3
9538,8,False,8,2,8,8|8|8|8|8|8|8|8|8|8|3|8|8|3|8
9548,9,True,7,14,7,7|5|7|7|9|5|1|7|7|7|5|7|7|7|7
9550,3,False,3,4,3,3|2|2|3|2|3|3|3|3|3|2|3|3|3|3
9603,0,False,0,13,6,6|6|0|6|6|6|0|6|6|4|4|4|6|6|6
9605,2,False,2,14,-1,4|0|0|0|2|6|0|0|6|4|4|6|6|3|6
9639,6,True,3,12,3,6|3|3|3|6|3|3|3|3|3|6|3|3|3|3
9640,4,False,4,8,4,0|6|0|4|0|2|9|4|2|4|4|2|4|4|4
9670,5,True,6,14,8,2|0|8|6|8|2|5|2|8|4|8|4|2|8|6
9705,7,False,7,10,9,7|5|9|7|9|7|9|9|9|7|7|9|2|9|9
9706,6,True,0,6,6,3|6|0|6|0|6|3|6|6|6|6|2|6|3|6
9708,1,False,1,8,7,1|1|1|1|7|1|7|1|7|7|7|7|7|7|1
9719,8,False,8,0,8,8|8|8|8|8|8|8|8|8|8|8|8|8|8|8
9725,8,False,8,4,8,8|8|8|1|0|8|8|8|8|8|8|7|7|8|8
9737,6,False,6,4,6,6|6|0|6|0|6|0|6|6|6|6|4|6|6|6
9741,8,False,8,7,8,8|4|8|8|8|3|8|8|8|3|9|4|9|3|8
9748,2,True,3,11,3,6|2|3|3|3|3|3|6|3|3|2|3|2|2|3
9749,9,False,9,5,9,5|9|2|9|9|9|9|9|5|7|9|5|9|9|9
9757,5,False,5,3,5,5|5|5|1|5|5|5|5|5|5|5|5|1|5|1
9782,2,True,3,13,3,3|2|3|2|3|3|3|3|3|3|3|3|3|3|3
9794,0,True,2,2,0,0|0|0|0|0|2|0|0|0|0|0|0|0|0|5
9799,0,True,2,5,0,0|0|0|0|2|0|0|0|0|2|2|0|0|2|2
9809,2,True,3,10,3,2|3|2|3|2|3|3|6|3|3|3|3|3|2|2
9829,7,True,8,12,8,8|8|2|8|0|7|7|8|8|8|1|8|7|8|8
9841,6,True,0,4,6,6|6|0|6|6|0|0|6|6|6|6|0|6|6|6
9863,1,True,5,10,5,1|5|1|5|5|5|5|1|5|5|7|5|1|5|1
9873,0,False,0,15,4,6|4|4|4|4|4|4|4|6|4|4|4|9|3|4
9890,0,False,0,10,6,6|6|0|6|0|0|0|6|6|6|6|0|6|6|6
9909,6,True,3,11,3,4|6|3|6|9|9|3|2|6|3|4|3|9|3|6
9931,8,False,8,5,8,8|8|8|3|8|3|8|3|8|8|8|3|8|3|8
9974,6,True,1,13,1,1|1|1|1|6|1|1|1|6|1|1|1|7|7|0
9991,5,True,9,3,5,5|5|2|9|5|5|5|5|5|5|9|5|5|5|5
10026,0,True,1,12,1,1|1|1|1|0|1|1|1|1|0|1|1|0|1|1
10031,7,True,5,12,2,2|9|1|5|2|5|5|9|2|7|7|2|7|2|2
10055,1,True,5,15,5,5|5|5|7|3|5|3|5|5|7|2|7|7|5|5
10057,0,True,1,10,1,1|0|0|1|0|0|0|1|1|1|1|1|1|1|1
10071,3,True,8,12,8,8|8|8|8|8|3|8|8|8|3|8|8|8|3|8
10072,9,False,9,13,5,5|5|5|5|5|9|5|5|5|5|5|5|9|5|5
10075,0,False,0,10,6,6|4|0|6|3|6|3|0|0|6|0|0|6|6|6
10082,8,False,8,5,8,8|7|8|3|8|7|8|8|3|8|8|8|8|6|8
10090,6,False,6,14,4,4|4|4|4|4|4|4|4|6|4|4|4|4|4|4
10092,8,False,8,2,8,8|8|8|8|3|8|8|8|8|8|8|8|7|8|8
10099,1,False,1,3,1,1|1|1|1|1|1|7|1|1|7|5|1|1|1|1
10103,4,True,6,11,2,2|2|3|0|2|2|0|4|0|4|4|4|9|9|2
10110,0,True,1,10,1,0|1|0|1|0|1|0|1|1|1|0|1|1|1|1
10113,6,True,0,3,6,6|6|6|0|0|6|0|6|6|6|6|6|6|6|6
10118,0,True,2,9,2,2|0|0|2|2|0|0|0|2|2|2|4|0|2|2
10119,9,False,9,13,5,5|5|5|5|9|5|5|5|5|5|5|5|5|5|9
10120,5,True,9,1,5,5|5|5|5|9|5|5|5|5|5|5|5|5|5|5
10164,2,True,5,15,5,5|1|5|1|5|5|5|5|1|5|1|5|5|1|1
10219,9,True,4,10,4,4|9|4|9|4|4|9|4|9|4|4|4|9|4|4
10223,7,False,7,11,9,5|9|3|9|9|9|9|9|9|7|7|7|9|7|9
10235,5,True,9,1,5,5|5|5|5|5|5|5|5|9|5|5|5|5|5|5
10244,6,True,2,14,4,4|4|4|9|6|9|4|9|4|4|9|4|4|4|9
10262,0,False,0,11,6,6|2|8|3|6|6|0|6|6|0|0|6|6|0|6
10271,9,True,8,15,8,8|8|8|8|8|8|8|8|8|8|8|8|8|8|8
10283,2,True,3,12,3,2|3|3|3|2|3|3|3|3|3|2|3|3|3|3
10291,9,True,4,12,4,4|4|4|4|9|4|9|4|4|4|4|9|3|4|4
10304,0,True,1,14,1,0|1|1|1|7|7|7|1|1|7|7|1|7|1|1
10305,9,True,7,7,9,7|9|9|5|0|9|9|9|7|7|7|9|7|9|9
10315,4,True,6,3,4,4|4|4|6|4|4|0|4|4|4|4|4|4|4|2
10387,6,True,1,14,1,1|1|6|7|0|1|1|1|1|1|7|1|7|1|1
10389,1,False,1,1,1,1|1|1|1|1|1|1|1|1|1|7|1|1|1|1
10392,9,False,9,12,5,5|5|5|5|5|9|5|5|9|5|9|5|5|5|5
10417,4,True,6,13,2,2|0|0|6|4|0|0|6|2|2|2|4|0|2|2
10435,4,False,4,6,4,4|9|4|4|9|9|4|4|4|4|4|4|9|0|9
10436,4,True,6,14,0,6|0|0|2|6|0|0|0|6|6|6|4|6|0|0
10449,0,True,2,12,4,4|0|9|6|2|0|4|4|4|4|4|4|4|4|0
10485,0,True,1,7,0,0|0|0|1|0|1|0|1|1|1|0|0|0|1|1
10500,6,True,3,13,3,6|3|3|3|3|3|3|3|6|3|3|3|3|2|3
10510,6,True,0,6,6,6|0|0|6|6|0|0|6|6|6|6|0|6|0|6
10527,5,True,9,3,5,5|5|5|5|9|5|5|5|9|5|5|5|5|5|9
10535,9,True,4,12,4,4|4|4|4|4|4|9|4|9|4|4|4|4|4|9
10546,8,False,8,3,8,8|8|8|8|2|1|8|8|6|8|8|8|8|8|8
10548,9,True,8,14,8,8|8|8|7|9|7|8|8|8|8|8|8|7|8|8
10555,5,False,5,4,5,5|5|5|5|3|5|5|5|1|5|5|3|5|5|1
10581,8,False,8,4,8,8|8|8|9|1|8|8|8|7|8|8|8|7|8|8
10594,1,False,1,3,1,1|1|1|1|1|1|0|1|1|1|0|1|1|0|1
10602,8,False,8,4,8,8|8|8|8|9|8|8|8|1|8|7|8|3|8|8
10628,6,True,2,15,0,0|8|0|2|2|2|0|0|3|4|2|0|0|2|8
10634,4,True,1,12,1,1|1|1|4|4|1|1|1|1|1|4|1|1|1|1
10643,2,True,5,15,7,5|5|5|7|7|5|5|5|7|7|7|3|7|7|7
10649,8,False,8,4,8,8|8|8|3|8|3|8|8|8|8|8|3|8|3|8
10652,9,True,4,11,4,4|4|4|4|4|9|9|4|4|4|4|4|4|9|9
10654,0,True,2,5,0,0|0|0|6|2|2|0|0|0|2|0|2|0|0|0
10681,4,True,1,15,1,1|1|1|1|1|1|1|1|1|1|1|1|1|1|1
10684,4,True,6,1,4,4|4|4|4|4|4|4|4|6|4|4|4|4|4|4
10686,2,False,2,8,2,2|0|8|2|2|4|5|6|4|2|2|4|2|2|6
10687,1,True,5,10,5,5|5|5|1|5|1|1|5|3|5|1|1|5|5|3
10690,2,False,2,10,2,6|0|0|2|4|0|2|8|1|2|1|2|0|2|8
10720,5,True,9,4,5,5|5|5|5|9|9|5|5|5|5|9|5|5|9|5
10733,6,False,6,15,4,4|4|4|4|4|9|9|4|4|4|4|4|4|4|4
10749,5,True,9,0,5,5|5|5|5|5|5|5|5|5|5|5|5|5|5|5
10761,4,True,7,15,7,7|7|9|7|2|7|7|7|7|7|7|7|7|3|7
10769,4,True,6,4,4,4|4|4|4|4|9|3|4|8|4|4|4|9|4|4
10793,1,False,1,6,1,0|1|0|1|1|1|0|0|1|1|0|1|1|0|1
10794,5,False,5,5,5,5|5|5|7|2|5|5|5|7|5|5|7|5|1|5
10814,4,True,6,10,4,2|4|4|3|6|2|4|0|4|4|0|2|6|6|6
10840,2,True,9,12,9,5|9|9|9|5|9|5|9|2|5|2|5|9|2|9
10877,0,True,2,2,0,0|0|0|0|0|0|0|0|0|0|2|0|0|0|2
10909,7,False,7,4,7,7|7|7|7|0|7|7|9|9|7|9|7|7|7|7
10914,4,True,6,15,6,6|6|6|6|6|0|6|6|6|6|6|0|6|6|6
10958,6,True,3,10,3,6|0|3|6|6|3|3|6|6|3|3|3|3|3|3
10962,3,True,2,12,9,4|9|9|3|9|2|9|9|2|4|2|3|3|9|2
10964,5,True,9,3,5,5|5|9|5|9|5|9|5|5|5|5|5|5|5|5
10977,9,True,7,7,9,7|7|9|7|7|7|9|9|9|7|9|5|9|9|9
10979,3,True,8,10,8,8|8|8|8|3|3|8|8|8|3|3|8|8|3|8
10998,2,True,5,8,2,2|2|5|2|2|2|5|5|5|1|2|7|2|5|1
10999,5,False,5,8,-1,5|0|5|5|2|2|5|2|5|5|2|2|2|5|2
11000,3,True,8,13,8,8|8|8|3|8|8|8|8|8|8|8|8|8|3|8
11012,4,True,7,12,7,2|7|7|4|4|7|7|7|7|7|7|7|7|7|4
11027,0,False,0,12,4,6|8|4|6|4|6|0|4|1|4|4|0|6|0|4
11029,0,True,2,9,0,2|0|0|2|0|0|0|0|4|6|2|2|2|4|6
11096,7,True,8,12,8,8|8|8|8|8|7|8|8|8|8|7|8|7|8|8
11125,9,False,9,13,5,5|5|5|5|9|5|5|5|5|5|5|5|5|5|9
11165,0,False,0,8,6,6|0|0|6|6|0|0|6|6|6|0|0|0|6|6
11202,4,True,6,10,0,0|4|0|0|2|0|0|0|4|4|4|2|0|4|0
11211,2,True,3,9,3,6|3|3|6|2|3|2|2|3|3|3|2|2|3|2
11219,6,True,0,8,0,6|0|0|6|6|0|0|6|0|6|0|0|6|0|6
11260,4,True,6,15,0,0|6|0|0|6|0|0|0|6|6|6|0|6|0|6
11278,7,False,7,5,7,5|7|7|1|9|7|7|7|7|5|5|7|7|7|7
11288,0,True,2,8,0,2|0|7|0|2|0|0|0|2|0|2|2|6|0|8
11294,4,True,6,8,4,4|9|8|6|9|4|9|9|2|4|4|4|4|2|4
11296,9,True,7,13,7,7|7|9|7|9|7|7|7|7|7|7|7|2|7|7
11310,2,False,2,15,4,4|4|4|4|4|4|9|4|9|4|4|4|4|9|9
11325,9,True,4,6,9,4|9|0|9|9|9|9|9|4|4|4|4|9|9|9
11346,5,False,5,3,5,5|7|5|5|0|5|5|5|5|5|5|5|5|5|7
11354,8,False,8,1,8,8|8|8|3|8|8|8|8|8|8|8|8|8|8|8
11364,3,True,2,14,0,4|0|0|0|2|0|0|4|0|2|2|0|2|3|9
11367,8,False,8,15,4,4|2|0|3|3|2|9|4|2|4|3|4|9|9|4
11390,8,False,8,6,8,8|8|8|7|8|7|8|8|1|8|7|8|7|8|1
11404,1,True,8,13,8,8|8|8|1|1|8|8|8|8|8|8|8|8|8|8
11421,1,True,8,13,8,8|8|8|8|5|8|8|8|1|8|7|8|1|8|8
11425,2,True,3,11,3,6|2|3|2|2|3|3|3|3|3|2|3|3|3|3
11426,4,True,6,8,4,6|4|4|6|6|6|4|4|4|2|4|6|6|3|4
11464,9,True,7,15,7,7|7|7|1|3|7|7|7|7|7|7|7|7|3|7
11465,5,True,9,1,5,5|5|5|5|5|9|5|5|5|5|5|5|5|5|5
11473,8,False,8,6,8,8|8|7|8|3|8|8|5|3|7|8|8|8|5|8
11496,4,True,6,11,6,6|6|0|4|4|6|0|0|6|2|4|6|6|4|6
11504,5,False,5,3,5,5|5|5|1|5|1|5|5|5|5|5|5|5|5|1
11531,8,False,8,15,4,4|0|0|6|3|4|0|4|6|2|6|4|6|4|7
11547,2,True,3,13,3,1|2|3|3|4|4|3|2|3|9|3|3|3|3|3
11551,9,True,4,12,-1,4|0|0|4|0|9|9|4|4|4|0|0|0|9|4
11568,9,True,4,12,4,4|4|4|4|4|9|4|4|4|4|9|4|4|9|4
11586,7,True,1,8,-1,7|1|1|7|0|1|7|1|1|7|1|1|7|7|7
11616,2,False,2,15,9,4|9|9|3|3|9|9|4|6|4|4|9|9|9|4
11651,9,True,6,15,0,6|0|0|0|0|0|8|8|6|6|7|0|0|0|6
11667,2,True,5,9,5,2|5|5|2|2|2|5|5|5|5|2|5|2|5|5
11678,2,True,3,10,3,6|3|2|2|3|3|3|6|3|3|3|2|3|2|2
11680,2,True,5,14,5,5|5|5|5|2|5|5|5|7|5|5|5|7|5|5
11688,8,True,7,14,7,2|7|4|1|3|7|7|7|7|7|7|7|7|8|5
11699,9,False,9,10,5,5|5|5|5|0|9|9|5|9|5|9|5|5|5|9
11703,3,False,3,5,3,1|3|3|3|3|0|3|3|6|3|6|3|0|3|3
11740,1,False,1,3,1,1|0|1|1|0|1|0|1|1|1|1|1|1|1|1
11767,2,False,2,13,0,0|0|0|2|2|0|0|0|0|0|0|0|0|0|0
11770,0,True,2,4,0,0|0|0|0|2|2|0|0|0|2|0|0|0|0|2
11778,6,False,6,9,4,4|6|4|6|6|4|0|4|6|4|4|4|6|0|6
11780,6,True,0,6,6,0|6|0|0|6|6|0|6|6|6|6|0|0|6|6
11789,0,False,0,14,6,6|6|6|4|6|6|9|6|6|4|0|4|6|6|9
11792,7,False,7,9,9,5|9|9|9|9|7|9|7|7|7|9|9|9|7|7
11797,6,True,0,6,6,6|6|0|6|0|6|5|0|6|4|6|4|6|6|6
11804,0,True,1,13,1,0|1|1|1|1|1|0|1|1|1|1|1|1|1|1
11810,7,False,7,6,7,5|7|7|7|5|7|7|5|1|7|7|8|5|7|7
11819,9,False,9,14,5,5|5|5|5|9|5|5|5|5|5|5|5|5|5|5
11829,1,False,1,4,1,1|1|1|4|4|1|1|1|1|1|7|1|1|7|1
11830,5,True,9,1,5,5|5|5|5|9|5|5|5|5|5|5|5|5|5|5
11833,2,False,2,15,4,4|4|4|4|4|0|4|4|4|4|0|4|4|4|4
11834,5,False,5,3,5,5|1|5|5|1|1|5|5|5|5|5|5|5|5|5
11848,6,True,0,4,6,6|0|0|6|6|6|0|6|6|6|6|0|6|6|6
11892,4,False,4,8,4,4|0|0|4|6|9|4|8|4|4|0|0|2|4|4
11930,3,False,3,4,3,6|3|3|6|3|3|3|3|3|3|3|3|6|2|3
11934,4,False,4,12,9,4|9|9|9|9|9|9|4|9|4|9|9|9|9|9
11956,8,False,8,0,8,8|8|8|8|8|8|8|8|8|8|8|8|8|8|8
11972,3,True,7,11,7,5|7|7|7|5|7|7|5|3|7|9|3|7|3|3
12043,5,False,5,8,-1,5|5|5|7|7|7|5|5|5|7|7|5|7|7|6
12072,4,False,4,8,9,4|9|9|4|9|9|9|4|9|4|4|4|9|9|4
12080,6,True,0,5,6,6|0|0|6|6|0|0|6|6|6|6|0|6|6|6
12098,6,False,6,14,2,2|0|2|2|2|0|0|0|6|2|2|0|2|0|2
12106,9,True,7,15,7,7|7|7|7|7|7|7|7|7|7|7|7|7|7|7
12123,8,False,8,4,8,3|8|3|8|3|8|8|8|8|8|8|3|8|8|8
12162,6,True,0,5,6,6|6|0|0|6|0|0|6|6|6|6|0|6|6|6
12168,5,False,5,7,5,5|5|5|5|5|5|7|7|1|7|2|5|5|7|8
12169,6,True,0,3,6,6|0|6|6|6|6|0|6|6|6|6|0|6|6|6
12214,3,False,3,9,-1,6|9|2|3|3|6|4|6|3|6|3|3|6|3|6
12245,7,True,8,15,8,8|8|8|8|9|8|8|8|8|8|8|8|8|8|8
12246,4,True,1,15,1,1|1|1|1|1|1|7|1|1|7|7|1|1|1|1
12250,6,True,0,7,6,6|6|0|6|6|0|0|0|6|4|6|4|6|0|6
12259,0,True,1,11,1,0|1|1|1|0|1|0|1|1|1|1|1|0|1|1
12268,6,True,0,10,0,1|6|0|0|6|0|0|0|6|6|0|0|0|0|6
12270,3,False,3,9,-1,6|6|3|2|2|2|3|3|3|6|2|3|2|3|2
12275,0,False,0,11,6,6|0|0|6|6|0|0|6|6|6|6|6|6|6|6
12291,6,True,9,15,5,5|5|2|5|2|5|5|5|5|5|7|5|5|5|8
12293,9,False,9,13,5,5|5|5|5|9|5|5|5|5|5|7|5|9|5|5
12305,9,True,7,9,9,5|9|9|9|9|5|9|5|2|5|7|5|7|7|9
12310,7,False,7,9,-1,5|7|7|5|9|5|5|7|7|7|5|7|3|3|5
12312,0,True,2,5,0,0|0|2|0|0|0|0|0|2|2|0|0|0|2|2
12322,5,True,9,1,5,5|5|5|5|9|5|5|5|5|5|5|5|5|5|5
12324,6,True,3,13,3,6|6|2|3|3|3|3|3|3|3|2|3|3|3|3
12332,2,True,7,15,7,7|7|7|7|0|7|7|7|7|7|7|7|7|9|7
12335,0,True,1,12,1,0|1|0|1|1|1|0|1|1|1|1|1|1|1|1
12367,9,True,8,15,8,8|8|8|8|8|8|8|8|8|8|8|8|7|8|8
12372,3,True,7,15,7,7|7|7|7|0|7|7|7|7|7|7|7|7|7|7
12387,3,True,8,10,8,8|8|8|8|3|3|8|3|3|8|8|8|3|8|8
12401,7,False,7,4,7,7|7|8|3|7|7|7|5|7|7|7|7|2|7|7
12428,9,True,4,15,-1,2|4|0|4|6|2|0|6|6|4|8|0|2|6|4
12430,1,True,5,14,5,5|5|5|5|5|5|5|5|5|5|5|3|1|5|5
12444,6,True,0,4,6,6|6|0|6|6|0|0|6|6|6|6|0|6|6|6
12511,8,False,8,4,8,8|8|8|8|9|8|8|8|7|7|8|8|7|8|8
12523,3,True,8,12,8,8|8|8|8|3|8|8|8|8|8|8|3|8|3|8
12541,3,True,7,14,7,7|7|7|7|0|7|7|7|7|7|2|7|7|2|3
12559,6,True,0,8,0,6|0|0|0|6|0|0|6|6|6|0|0|6|0|6
12576,3,True,8,15,8,8|8|8|7|8|7|8|8|8|8|8|8|7|8|8
12590,0,True,1,12,1,1|1|1|1|1|0|0|1|1|1|1|1|1|0|1
12594,7,True,1,12,1,1|1|1|1|1|1|7|1|1|1|7|1|7|1|1
12605,3,True,8,13,8,8|8|8|8|3|8|8|8|6|8|8|8|8|3|8
12609,7,True,1,12,1,1|1|2|1|0|1|7|1|1|1|7|1|7|1|1
12630,0,False,0,5,0,6|0|0|0|0|0|0|0|2|0|6|0|6|0|6
12637,0,True,2,1,0,0|0|0|0|6|0|0|0|0|0|0|0|0|0|0
12638,6,True,3,12,3,8|2|3|6|3|3|3|3|6|3|4|3|6|3|3
12649,1,False,1,2,1,1|1|1|4|4|1|1|1|1|1|1|1|1|1|1
12655,2,False,2,14,0,0|0|0|0|6|0|0|0|0|4|0|4|0|2|0
12657,0,True,2,5,0,0|0|0|0|4|0|0|0|3|4|0|0|0|8|1
12682,9,True,4,10,4,4|4|9|4|4|9|9|4|4|4|4|4|9|9|4
12688,4,True,1,15,1,1|1|1|1|1|1|1|1|1|1|1|1|7|1|1
12700,2,False,2,13,0,6|0|0|0|6|2|0|0|6|0|0|0|0|0|2
12703,3,True,7,15,7,7|7|9|7|2|7|7|7|7|7|7|7|7|7|7
12707,9,True,4,10,4,4|4|9|4|4|9|9|4|4|4|4|9|9|4|4
12710,4,True,1,15,1,7|1|1|1|1|1|7|1|1|1|7|1|7|1|1
12742,4,True,6,15,0,0|0|0|6|6|0|0|0|0|0|6|0|0|0|6
12746,3,True,8,13,8,8|8|8|8|3|8|8|8|8|8|8|8|3|8|8
12752,7,False,7,3,7,7|7|7|9|9|7|7|7|7|7|2|7|7|7|7
12754,6,True,0,5,6,6|0|6|6|6|0|0|6|6|6|6|0|0|6|6
12758,9,True,4,15,3,6|3|3|6|6|8|3|3|3|3|7|3|2|2|3
12774,0,False,0,9,6,6|6|0|0|6|0|0|6|0|6|6|0|6|6|6
12799,4,True,6,15,6,6|6|0|6|6|6|0|6|6|6|6|0|6|0|6
12806,5,True,9,2,5,5|5|5|5|9|9|5|5|5|5|5|5|5|5|5
12813,5,True,9,0,5,5|5|5|5|5|5|5|5|5|5|5|5|5|5|5
12815,3,True,7,15,7,7|7|7|7|9|7|7|7|7|7|7|7|9|9|7
12841,4,False,4,2,4,4|4|4|9|4|4|9|4|4|4|4|4|4|4|4
12868,3,False,3,5,3,6|6|3|3|9|3|3|3|8|3|6|3|3|3|3
12880,5,False,5,0,5,5|5|5|5|5|5|5|5|5|5|5|5|5|5|5
12891,5,False,5,3,5,5|5|5|7|5|5|5|1|5|5|5|5|7|5|5
12929,0,False,0,8,6,6|0|0|6|0|0|0|0|6|6|6|0|6|6|6
12936,8,True,2,13,2,2|0|8|2|2|2|0|2|2|2|8|2|0|2|2
12940,7,True,1,15,1,0|1|1|1|0|1|0|1|1|1|1|1|1|1|1
12956,3,True,8,15,8,8|8|4|7|4|8|9|4|4|1|6|8|2|8|8
12966,6,True,3,12,-1,1|1|3|1|3|3|3|5|6|3|6|1|0|1|6
13004,4,True,6,15,6,6|0|0|6|6|2|0|8|1|6|6|3|0|8|8
13020,5,False,5,2,5,5|5|5|5|5|5|5|5|5|5|3|5|5|5|1
13069,9,False,9,15,5,5|5|5|5|5|5|5|5|5|5|5|5|5|5|5
13077,1,False,1,2,1,1|1|1|1|0|0|1|1|1|1|1|1|1|1|1
13097,1,True,5,15,5,5|5|5|2|5|5|5|5|5|8|3|5|2|5|2
13109,6,True,9,15,5,5|9|5|5|5|5|5|9|5|5|9|5|5|5|9
13111,1,False,1,2,1,1|1|1|1|4|1|1|1|1|1|0|1|1|1|1
13119,3,True,5,14,5,5|5|5|5|3|5|5|5|5|5|9|5|7|5|5
13127,7,False,7,5,7,7|9|9|7|9|7|7|9|7|7|7|7|7|7|9
13130,9,False,9,15,5,5|5|5|5|5|5|5|5|5|5|5|5|5|5|5
13144,4,True,1,14,3,8|6|6|2|3|3|5|4|0|6|3|3|3|2|6
13202,0,True,2,10,-1,4|2|9|0|0|9|0|0|2|2|0|4|2|4|2
13219,6,True,2,13,0,2|0|8|6|2|2|0|0|6|0|0|0|0|2|0
13250,2,True,3,13,3,6|0|2|3|3|3|3|3|3|3|2|3|3|3|3
13273,4,False,4,4,4,4|4|4|6|6|0|9|4|4|4|4|4|4|4|4
13314,5,True,9,8,5,5|5|9|9|2|5|9|5|9|7|9|5|7|5|5
13382,1,False,1,5,1,1|1|1|1|1|1|7|1|1|7|7|1|7|7|1
13395,7,False,7,4,7,2|7|9|7|9|7|7|7|7|7|7|7|7|9|7
13403,4,True,6,10,-1,0|8|8|4|4|1|8|4|6|8|4|4|9|9|8
13426,0,True,1,11,1,0|1|1|1|0|6|0|6|1|4|1|3|0|4|1
13442,7,True,5,12,5,5|5|5|5|5|5|5|5|7|7|7|5|5|5|1
13447,1,True,5,12,5,5|7|5|1|5|1|3|5|5|5|2|5|5|3|1
13455,7,True,5,7,7,5|5|5|7|7|5|7|5|7|7|7|5|5|7|7
13464,6,False,6,11,8,8|8|8|6|6|8|8|6|4|8|6|8|8|8|8
13479,2,False,2,13,4,2|4|8|6|4|1|5|4|6|2|6|0|4|3|9
13508,8,True,6,6,8,8|8|3|8|8|2|8|8|6|8|4|8|4|8|4
13516,8,False,8,2,8,8|8|8|8|8|8|8|8|8|8|8|7|8|7|8
13517,5,False,5,7,5,5|5|3|7|2|7|5|5|5|8|5|7|2|5|5
13536,5,False,5,6,5,5|5|5|8|5|5|5|7|5|7|2|5|7|5|3
13537,9,True,4,8,4,4|9|9|4|4|9|9|4|4|4|4|4|9|9|9
13546,6,True,0,3,6,6|0|0|6|6|6|0|6|6|6|6|6|6|6|6
13554,7,False,7,2,7,7|7|9|4|7|7|7|7|7|7|7|7|7|7|7
13570,4,False,4,13,3,1|3|0|4|3|4|0|3|6|3|0|3|3|2|2
13621,4,True,6,14,0,2|0|0|2|6|2|0|0|6|4|2|0|0|2|0
13626,1,False,1,4,1,6|1|1|1|4|1|7|1|1|8|1|1|1|1|1
13653,8,False,8,4,8,8|8|8|8|2|1|8|1|1|8|8|8|8|8|8
13657,9,False,9,10,5,5|9|9|5|8|9|5|5|5|5|5|5|9|5|9
13673,2,True,3,9,3,2|3|2|3|3|2|3|3|3|3|2|3|3|2|2
13679,6,True,0,8,0,6|0|0|0|6|0|0|0|6|0|6|0|6|6|6
13684,5,True,9,1,5,5|5|5|5|9|5|5|5|5|5|5|5|5|5|5
13687,6,False,6,12,2,2|9|7|5|6|3|2|0|2|0|4|8|6|6|2
13714,2,True,5,15,5,5|7|5|5|7|5|5|5|5|5|7|5|7|5|5
13715,1,False,1,8,7,7|1|1|7|1|7|7|1|1|7|7|7|1|7|1
13725,1,True,5,12,5,7|1|5|3|3|1|5|5|3|5|5|5|1|5|5
13773,0,True,1,14,1,0|1|1|1|1|1|1|1|1|4|1|1|1|1|1
13791,4,True,6,0,4,4|4|4|4|4|4|4|4|4|4|4|4|4|4|4
13797,9,False,9,14,5,5|5|5|5|9|7|5|5|5|5|4|5|7|5|5
13798,9,True,4,3,9,4|9|9|9|9|9|9|9|9|4|4|9|9|9|9
13811,5,True,9,0,5,5|5|5|5|5|5|5|5|5|5|5|5|5|5|5
13813,3,False,3,7,3,2|3|8|2|3|2|3|3|2|3|3|3|2|2|3
13856,0,False,0,15,4,6|4|4|6|6|4|3|4|3|6|4|4|4|3|9
13888,8,False,8,1,8,8|8|8|8|8|8|8|1|8|8|8|8|8|8|8
13900,3,False,3,2,3,3|3|3|3|6|3|3|3|6|3|3|3|3|3|3
13944,6,True,3,12,3,6|3|3|6|3|3|3|6|3|3|2|3|3|3|3
13946,2,False,2,3,2,2|2|2|2|2|2|0|0|2|2|2|0|2|2|2
13947,9,True,6,15,4,4|4|4|6|4|4|0|4|4|4|4|4|4|4|4
13987,4,True,6,12,0,2|0|0|6|4|0|0|0|2|4|2|4|0|0|8
14032,5,False,5,3,5,5|5|5|5|5|5|5|5|5|5|7|5|7|5|1
14042,2,True,7,14,7,7|7|7|7|7|2|7|1|7|7|7|7|7|7|7
14055,2,False,2,11,-1,2|6|8|2|4|4|5|3|6|4|2|4|6|3|2
14063,9,False,9,15,5,5|5|5|5|5|5|5|5|5|5|5|5|5|5|5
14082,9,True,7,15,7,7|7|7|7|7|7|7|7|7|7|7|7|7|7|7
14107,2,True,3,10,3,6|2|3|2|2|3|3|6|3|6|2|3|3|2|3
14149,0,False,0,11,6,6|6|0|0|6|0|0|6|6|6|6|6|6|6|6
14155,6,False,6,12,-1,8|8|0|6|6|1|1|1|6|0|1|0|0|3|8
14184,4,True,6,11,0,2|2|0|0|4|0|0|0|2|4|4|4|0|0|0
14196,1,True,3,15,3,6|3|3|3|3|3|3|3|3|2|2|3|3|3|3
14246,2,False,2,15,0,0|4|0|0|0|0|0|4|4|4|0|4|0|4|0
14249,1,False,1,2,1,1|1|1|1|0|1|1|1|1|1|0|1|1|1|1
14251,5,False,5,7,5,5|7|5|7|2|5|8|5|3|5|5|5|7|5|1
14254,0,False,0,11,6,6|6|8|6|6|0|0|0|1|6|6|3|0|6|6
14272,0,False,0,13,1,5|6|8|6|4|2|1|0|1|4|7|7|1|5|0
14287,6,False,6,5,6,6|6|6|6|6|0|8|6|7|6|6|0|2|6|6
14307,6,True,0,6,6,6|0|0|6|6|0|0|0|6|6|6|0|6|6|6
14387,2,False,2,14,0,1|0|0|2|0|0|0|9|6|6|4|0|9|0|0
14390,5,True,9,0,5,5|5|5|5|5|5|5|5|5|5|5|5|5|5|5
14412,6,True,0,12,0,2|0|0|6|6|6|0|0|0|0|4|0|0|0|0
14415,9,False,9,13,5,5|5|5|5|5|5|5|5|9|5|9|5|5|5|5
14418,6,False,6,8,6,6|0|6|0|6|0|0|6|6|6|4|0|2|6|0
14424,5,True,9,2,5,5|5|5|5|5|5|5|5|5|5|9|5|9|5|5
14431,3,True,8,9,8,8|3|8|8|3|8|8|8|3|8|3|3|8|3|8
14450,9,True,4,10,4,4|9|9|4|4|4|9|4|9|4|4|4|6|9|4
14451,4,False,4,8,4,4|9|9|9|2|2|9|4|4|4|4|4|9|9|4
14469,0,True,2,12,4,4|2|8|9|2|2|4|0|4|4|4|0|0|9|9
14475,9,True,6,15,6,4|6|8|2|6|0|8|8|6|4|6|4|6|6|6
14476,4,True,6,7,4,6|4|8|6|2|6|1|4|1|4|4|4|4|4|4
14482,0,True,1,15,1,1|1|1|1|1|1|1|1|1|1|7|1|1|7|1
14483,9,False,9,14,5,5|5|5|5|5|5|5|5|5|5|9|5|5|5|5
14494,2,True,3,15,3,3|3|6|6|3|3|3|3|3|6|3|3|6|3|3
14530,3,False,3,11,2,2|2|2|2|2|6|3|4|0|6|2|3|2|3|3
14551,9,True,7,8,9,2|9|7|7|7|9|9|9|9|7|2|7|9|7|9
14566,0,False,0,11,6,6|6|0|4|6|6|0|6|6|6|6|0|6|0|6
14570,1,False,1,4,1,1|1|1|1|0|0|0|1|1|1|1|1|0|1|1
14584,6,True,9,15,5,5|5|5|5|9|5|5|5|9|2|5|5|5|9|5
14637,0,True,2,14,4,4|2|0|6|4|2|9|4|6|4|4|4|4|4|4
14643,5,False,5,7,5,5|5|5|7|1|5|5|1|1|5|7|5|7|5|7
14658,1,True,5,14,5,5|5|5|5|3|5|5|5|3|5|1|5|5|5|5
14675,4,True,6,9,6,6|6|4|4|6|4|4|6|6|6|4|6|6|4|6
14691,5,False,5,7,5,7|5|7|5|5|5|5|1|5|5|7|5|7|1|7
14706,0,False,0,6,0,6|0|0|6|6|0|0|0|6|6|0|0|0|0|6
14734,6,True,0,7,6,0|6|0|0|0|0|0|6|6|6|6|0|6|6|6
14748,4,True,1,14,1,1|1|1|1|1|1|1|1|1|4|1|1|1|1|1
14750,6,False,6,13,4,4|4|4|6|6|4|4|4|4|4|4|4|4|4|4
14758,6,True,0,6,6,6|6|8|4|4|6|0|6|6|6|6|6|6|0|4
14766,9,True,7,7,9,2|9|7|9|9|7|9|9|7|7|7|7|9|9|9
14805,4,True,6,15,2,2|0|0|2|2|2|8|0|2|8|2|2|8|2|8
14812,6,True,2,12,4,4|6|9|9|9|2|9|4|6|4|6|4|4|3|4
14818,0,False,0,12,6,6|0|6|6|6|6|0|6|6|6|6|0|6|6|6
14822,9,True,7,14,7,8|7|7|5|9|7|7|1|3|7|7|7|7|5|5
14832,5,False,5,4,5,5|5|5|7|7|5|5|5|5|5|5|7|5|5|9
14852,7,False,7,10,5,5|5|5|1|5|7|5|7|1|7|7|7|9|5|9
14853,1,False,1,6,1,7|1|3|1|0|1|7|1|1|0|7|1|1|1|1
14860,5,True,9,2,5,5|9|5|5|5|9|5|5|5|5|5|5|5|5|5
14867,3,True,8,13,8,8|8|8|3|8|8|8|8|8|8|8|8|8|3|8
14912,9,True,7,11,7,7|7|9|7|9|7|7|9|7|7|7|7|7|9|7
14936,3,True,5,12,5,7|5|3|5|5|5|5|5|5|7|7|7|7|3|3
14947,9,True,7,6,9,2|9|9|7|9|9|9|9|9|7|9|5|7|2|9
14956,2,True,3,7,2,6|2|2|2|6|3|3|2|3|3|2|3|2|2|2
14971,0,False,0,12,6,6|6|0|6|6|6|0|6|6|6|6|0|6|6|6
14988,4,True,5,14,5,5|5|5|4|5|5|7|1|5|7|7|8|2|5|5
14991,1,True,5,11,5,5|1|5|5|5|1|3|5|1|5|5|5|5|5|1
15000,0,True,2,2,0,0|0|0|0|0|2|0|0|0|0|0|2|0|0|0
15007,6,True,0,4,6,6|6|0|6|4|6|0|6|6|6|6|6|6|0|6
15019,8,True,6,14,4,6|4|4|6|6|9|4|4|4|4|4|0|6|8|4
15062,7,True,1,5,7,1|7|1|1|7|7|7|1|7|7|7|7|7|7|1
15077,4,False,4,4,4,4|4|4|4|9|4|9|4|4|4|4|4|9|9|4
15080,6,True,0,5,6,6|0|0|6|6|0|0|6|6|6|6|0|6|6|6
15088,3,False,3,9,2,2|2|3|3|2|2|3|2|3|4|2|4|3|3|2
15100,6,True,3,14,-1,4|4|3|5|6|3|9|9|3|4|9|2|4|0|9
15103,2,False,2,14,0,0|0|7|0|4|0|8|8|7|0|8|0|8|6|2
15106,9,False,9,13,5,5|9|5|5|9|5|5|5|5|5|5|5|5|5|5
15121,4,True,6,13,6,6|8|0|6|4|6|0|8|6|8|0|4|6|6|8
15127,6,True,0,6,6,6|6|0|4|6|0|0|6|6|6|6|0|6|0|6
15134,3,True,8,11,8,8|8|8|3|8|8|8|8|8|8|8|3|3|3|8
15140,9,True,4,7,9,4|9|9|9|9|9|9|4|4|4|4|9|4|9|4
15202,9,True,7,8,7,7|7|9|7|9|9|9|9|7|7|9|7|7|9|7
15212,1,True,5,14,5,5|5|5|2|5|5|5|5|5|5|3|1|2|5|5
15220,7,True,1,9,1,1|7|1|1|7|7|7|1|1|8|7|1|1|7|1
15222,0,False,0,14,4,4|6|7|0|6|4|3|4|6|4|4|4|3|4|4
15234,0,True,2,10,-1,2|0|2|2|2|0|0|6|1|0|4|2|6|0|6
15250,9,True,7,12,7,7|7|9|1|9|1|7|9|7|7|7|8|7|7|7
15297,8,False,8,1,8,8|8|8|8|8|1|8|8|8|8|8|8|8|8|8
15304,2,True,5,5,2,2|5|5|2|2|2|2|9|5|2|2|2|2|2|4
15318,6,True,0,8,6,6|0|6|4|6|3|3|3|1|6|6|3|6|3|6
15322,1,False,1,7,1,0|0|0|1|1|0|0|1|3|1|1|1|0|1|1
15326,7,True,1,15,1,1|1|0|1|0|1|0|1|1|1|1|1|1|1|1
15350,5,True,9,3,5,5|5|5|5|9|5|5|5|9|5|5|9|5|5|5
15354,4,True,6,15,6,6|6|0|6|6|6|0|0|6|6|6|6|6|6|6
15365,3,True,8,10,8,8|8|3|8|3|8|8|8|3|8|4|3|8|3|8
15397,0,False,0,9,6,6|0|0|6|6|0|0|6|6|6|6|0|0|6|6
15404,4,True,6,10,4,4|8|0|4|6|6|0|4|6|8|4|4|0|0|6
15448,9,False,9,6,9,5|9|9|7|2|7|9|9|9|9|1|9|2|9|9
15456,2,True,5,10,5,5|5|2|2|2|5|5|5|5|0|2|7|7|2|5
15463,6,True,1,15,1,1|1|0|1|1|1|7|1|1|3|7|1|1|1|1
15470,6,True,2,9,6,6|9|9|6|6|2|9|9|6|4|6|4|4|6|9
15497,0,False,0,9,0,6|0|0|6|0|0|3|0|6|2|0|1|2|8|6
15512,3,False,3,6,3,6|3|2|6|3|3|3|3|6|3|6|3|3|3|6
15535,3,True,5,14,5,5|7|5|3|5|5|5|5|5|5|5|5|5|5|1
15552,4,True,7,14,7,7|7|7|4|7|7|7|7|7|7|7|7|7|7|7
15558,5,True,9,3,5,5|5|5|5|9|9|5|5|5|5|5|5|9|5|5
15571,4,True,6,13,3,1|0|0|6|4|6|1|3|8|3|4|3|7|3|1
15573,7,True,5,9,5,5|7|5|7|7|5|5|5|5|7|7|5|7|5|5
15580,9,True,7,8,7,7|9|9|7|9|7|9|9|7|7|7|7|9|7|9
15583,6,True,1,15,1,7|7|1|1|1|1|7|1|1|7|7|7|7|1|1
15585,6,False,6,9,0,2|0|0|6|4|0|0|0|6|0|6|0|6|6|6
15602,1,False,1,1,1,1|1|1|1|1|0|1|1|1|1|1|1|1|1|1
15606,2,True,9,15,9,5|5|9|9|9|9|9|9|7|9|9|9|5|5|9
15654,7,False,7,2,7,7|7|7|7|9|7|7|9|7|7|7|7|7|7|7
15661,3,False,3,6,3,6|3|3|3|4|2|9|6|3|2|3|3|3|3|3
15701,6,False,6,2,6,6|6|6|6|6|6|0|3|6|6|6|6|6|6|6
15732,9,True,8,14,4,6|0|8|4|4|9|0|8|4|4|4|8|4|0|8
15733,2,True,3,13,3,6|3|7|6|6|3|2|6|3|3|3|3|2|3|3
15786,6,True,0,4,6,6|6|0|6|6|6|0|6|6|6|0|6|0|6|6
15794,4,False,4,10,-1,0|0|9|0|2|9|0|9|4|4|4|4|9|9|4
15819,3,False,3,8,3,6|3|8|3|2|2|3|6|3|3|3|1|6|3|2
15832,1,True,8,13,8,8|8|8|1|8|8|8|1|8|8|8|8|7|7|8
15837,4,False,4,3,4,4|4|4|9|4|9|4|4|4|4|4|4|9|4|4
15846,0,True,2,14,9,4|9|9|3|0|9|9|9|9|4|2|4|9|9|2
15854,9,False,9,14,5,5|5|5|5|9|5|5|5|5|5|5|5|5|5|5
15881,4,False,4,15,3,2|6|3|3|3|3|3|3|6|3|3|3|3|3|6
15884,7,True,5,12,5,5|7|5|5|5|5|5|5|7|5|5|5|5|7|5
15892,2,True,7,15,7,7|9|7|7|0|7|7|7|7|7|7|7|7|7|7
15899,4,True,6,3,4,4|4|9|4|2|4|4|4|9|4|4|4|4|4|4
15906,3,False,3,7,3,3|0|5|3|6|2|3|3|1|3|6|3|6|3|3
15920,7,False,7,4,7,7|7|3|7|2|9|7|7|7|7|7|7|7|9|7
15942,4,False,4,11,-1,4|2|0|4|4|2|9|0|4|0|6|0|9|2|2
15943,9,True,7,15,7,7|7|7|7|2|7|7|7|7|7|7|7|7|7|7
16000,1,True,5,11,5,5|1|5|1|5|5|5|5|7|7|5|5|1|5|1
16003,9,True,4,15,6,6|6|4|6|0|6|0|0|6|6|0|0|6|0|6
16040,0,False,0,9,6,6|0|6|0|0|0|0|6|6|4|6|6|0|6|6
16049,0,False,0,14,6,6|6|0|6|6|6|6|6|6|6|6|6|6|6|6
16056,3,True,8,14,8,8|8|3|8|8|8|8|8|8|8|8|8|8|8|7
16067,6,True,5,15,5,5|5|1|5|3|5|5|1|5|1|5|3|5|5|5
16068,9,True,4,5,9,9|2|9|9|9|9|9|4|9|4|4|4|9|9|9
16079,5,False,5,3,5,5|5|5|7|5|5|5|5|7|5|7|5|5|5|5
16084,3,True,5,15,5,5|5|5|5|2|5|5|5|5|5|5|5|5|5|5
16123,7,False,7,10,9,5|9|9|7|9|7|9|9|7|7|7|9|9|9|9
16144,0,False,0,13,6,6|6|0|6|4|6|0|6|6|6|6|6|6|6|6
16146,5,True,9,1,5,5|5|5|5|9|5|5|5|5|5|5|5|5|5|5
16154,1,True,3,15,-1,8|7|8|6|9|6|3|2|3|5|2|8|5|3|5
16159,9,True,7,13,7,7|7|3|7|9|7|7|7|7|7|7|7|7|9|7
16171,2,True,3,11,3,3|3|3|3|2|3|3|6|3|3|2|3|2|3|2
16194,3,False,3,4,3,6|2|3|3|2|3|3|3|3|3|3|3|6|3|3
16214,4,False,4,11,9,4|9|9|9|9|9|9|4|9|4|4|9|9|9|9
16229,9,True,7,15,7,7|7|8|7|2|2|7|7|7|7|2|7|2|2|4
16230,8,False,8,1,8,8|8|8|8|8|8|8|8|8|8|8|8|7|8|8
16238,8,False,8,2,8,8|8|8|8|0|8|8|8|6|8|8|8|8|8|8
16248,4,True,6,3,4,4|6|4|4|6|4|4|4|4|4|6|4|4|4|4
16256,9,True,4,13,4,4|4|4|9|4|4|4|4|4|4|4|4|4|9|4
16260,0,True,1,15,1,1|1|1|1|1|1|1|1|1|7|1|1|1|1|1
16276,8,True,6,15,4,4|9|9|4|4|9|0|4|4|4|4|4|4|4|4
16278,6,True,0,6,6,6|6|0|6|6|6|4|4|6|4|6|4|6|4|6
16286,9,True,7,9,7,2|9|7|7|9|7|9|7|7|7|9|9|7|7|9
16302,7,True,5,12,5,5|5|5|5|7|5|8|1|5|7|4|5|5|5|7
16303,2,False,2,5,2,2|0|8|2|2|2|0|0|2|2|0|2|2|2|2
16304,9,True,7,11,5,5|5|5|5|9|5|5|5|9|5|7|5|9|5|9
16318,5,False,5,8,-1,1|5|5|1|1|5|5|1|1|5|5|7|1|1|5
16327,6,False,6,14,4,4|4|4|4|4|4|4|4|6|4|4|4|4|4|4
16355,0,True,2,1,0,0|0|0|0|0|0|0|0|0|0|0|0|2|0|0
16356,1,False,1,2,1,1|1|1|1|1|0|0|1|1|1|1|1|1|1|1
16367,0,True,7,14,7,7|7|8|5|0|7|5|5|5|7|7|7|7|7|7
16383,8,False,8,5,8,8|1|8|8|1|8|8|8|7|8|8|8|7|7|8
16400,3,True,8,14,8,8|8|8|8|3|8|8|8|8|8|8|8|8|8|8
16402,6,True,2,9,6,2|6|8|6|6|6|9|6|6|4|2|3|2|2|4
16406,3,False,3,4,3,3|3|1|1|3|3|3|3|3|3|4|3|3|3|6
16436,0,True,1,9,1,0|0|0|1|0|0|0|1|1|1|1|1|1|1|1
16447,6,True,0,4,6,6|6|0|6|6|0|0|6|6|6|6|0|6|6|6
16553,5,True,9,0,5,5|5|5|5|5|5|5|5|5|5|5|5|5|5|5
16554,5,True,9,0,5,5|5|5|5|5|5|5|5|5|5|5|5|5|5|5
16558,4,True,1,15,1,1|1|1|1|1|1|1|1|1|1|7|1|1|1|1
16588,3,False,3,5,3,2|3|3|3|9|3|3|3|6|6|6|3|3|3|3
16589,7,False,7,4,7,7|7|9|7|9|7|7|7|9|7|9|7|7|7|7
16612,4,False,4,15,3,3|6|0|6|9|3|3|3|6|3|3|3|3|3|6
16664,0,True,1,11,1,1|1|0|1|0|0|3|1|1|1|1|1|0|2|1
16668,7,False,7,11,9,7|9|9|9|9|9|9|9|9|7|7|9|7|9|9
16691,9,True,4,15,-1,1|2|2|3|2|2|3|3|3|3|2|3|2|3|2
16742,6,True,0,4,6,6|0|0|6|6|6|0|6|6|6|6|0|6|6|6
16744,0,True,2,8,0,4|2|0|4|2|0|0|0|2|4|4|0|0|2|0
16773,5,True,9,2,5,5|5|5|5|9|5|5|5|5|5|9|5|5|5|5
16782,3,True,2,15,2,2|0|0|2|2|2|0|4|6|2|6|4|0|2|8
16801,6,True,3,13,3,4|6|4|3|3|2|3|3|6|3|9|3|4|4|0
16806,7,True,1,12,1,1|1|1|1|0|1|7|1|7|1|1|1|7|1|1
16819,3,False,3,7,3,6|3|3|0|2|3|3|6|8|3|3|3|6|3|2
16873,2,False,2,8,0,0|0|0|0|2|2|0|0|2|2|2|2|0|0|2
16878,4,True,6,11,4,2|6|8|4|3|2|8|0|5|8|4|4|6|2|4
16898,2,True,3,12,3,2|1|3|3|0|4|0|6|1|2|5|3|2|3|7
16900,0,False,0,10,6,6|0|0|6|6|6|0|6|6|6|0|0|6|6|6
16914,3,True,5,14,5,5|5|5|3|1|5|7|5|5|5|2|5|5|5|5
16954,0,True,1,15,1,1|1|1|7|1|1|7|1|7|1|7|1|1|1|1
16964,4,True,7,9,-1,2|5|3|4|4|7|7|4|7|7|4|7|4|7|4
16973,7,True,8,12,8,8|8|8|7|6|8|8|4|7|8|8|8|7|8|8
16994,3,True,8,15,8,8|8|8|8|8|8|8|8|8|8|8|8|7|8|8
17002,5,True,9,2,5,5|5|5|5|9|5|5|5|5|5|9|5|5|5|5
17006,7,False,7,2,7,7|7|7|7|7|7|7|7|7|7|2|7|9|7|7
17009,9,False,9,11,5,5|7|5|7|5|9|5|9|5|7|9|5|5|9|5
17021,7,False,7,2,7,7|7|9|7|2|7|7|7|7|7|7|7|7|7|7
17026,9,True,4,13,2,2|2|0|4|2|2|9|0|0|4|9|4|2|2|4
17029,0,False,0,10,6,6|0|0|6|6|0|0|6|6|6|6|0|6|6|6
17042,0,True,1,12,1,1|0|1|1|0|1|3|1|1|1|0|1|1|4|1
17051,3,True,8,13,8,8|8|8|8|8|8|8|8|8|3|8|8|8|3|8
17093,0,True,2,8,0,2|0|0|6|0|2|0|0|4|6|2|0|0|4|4
17106,6,True,3,15,3,1|3|3|3|2|2|3|3|3|3|2|3|2|3|3
17108,7,True,8,12,8,8|8|8|7|8|7|8|8|8|8|7|8|8|8|8
17109,6,False,6,15,4,4|9|9|4|9|9|9|4|4|4|4|4|4|4|9
17120,4,True,6,15,6,6|6|0|6|6|6|0|6|6|6|6|0|6|0|6
17123,3,True,5,14,5,5|5|3|5|2|5|5|5|5|5|5|5|5|5|5
17128,0,True,2,5,0,0|0|0|0|2|0|0|0|2|0|0|2|0|2|2
17131,6,True,2,15,-1,4|9|2|4|2|2|9|9|2|4|9|4|9|4|2
17132,2,False,2,14,4,4|2|8|9|0|0|9|4|4|4|4|4|0|9|4
17134,1,True,8,14,8,8|8|8|8|8|8|8|8|8|8|1|8|7|8|8
17155,2,True,5,6,2,5|5|2|2|2|2|5|5|2|5|2|5|2|2|2
17161,5,False,5,7,5,5|5|5|7|2|5|7|5|1|5|7|5|7|5|7
17176,1,False,1,6,1,0|0|1|1|0|0|0|1|1|1|1|1|1|3|1
17182,9,True,8,15,8,8|8|8|8|8|8|8|8|8|8|8|3|8|8|8
17188,6,False,6,7,6,6|0|0|6|2|0|0|0|6|6|6|6|6|0|6
17205,7,False,7,4,7,7|5|3|7|6|7|7|4|7|7|7|7|7|7|7
17227,7,False,7,2,7,7|7|7|7|2|9|7|7|7|7|7|7|7|7|7
17253,0,True,1,11,1,0|1|3|3|2|0|3|1|1|8|0|1|0|1|1
17254,0,True,2,7,0,6|0|0|0|6|0|0|6|0|6|8|0|6|0|6
17263,0,False,0,14,6,4|6|3|3|6|1|8|0|6|4|7|4|1|6|7
17294,3,False,3,11,2,2|2|2|2|2|2|3|3|2|3|2|3|2|2|2
17299,7,True,5,8,7,5|7|5|1|0|5|0|7|7|7|2|7|7|7|8
17300,5,True,8,15,8,8|8|8|8|3|8|8|8|2|7|8|8|7|8|8
17305,9,False,9,7,9,2|9|9|8|2|9|9|9|9|7|2|5|2|9|9
17309,2,False,2,12,0,0|0|0|0|2|0|0|0|0|2|0|0|0|0|2
17325,0,True,1,12,1,0|1|1|1|8|0|1|0|5|8|1|1|1|1|1
17343,4,False,4,9,9,4|9|9|9|9|9|9|9|4|4|4|4|9|9|4
17352,9,False,9,15,5,5|5|5|5|5|5|5|5|5|5|7|5|5|5|6
17370,2,True,6,15,6,6|6|6|6|6|6|6|6|6|6|6|6|6|6|6
17373,9,True,4,8,-1,4|9|4|9|6|9|9|9|9|4|4|4|4|9|4
17374,7,False,7,2,7,8|7|7|7|3|7|7|7|7|7|7|7|7|7|7
17416,9,True,4,8,4,4|4|4|9|4|9|9|4|9|4|9|4|9|4|9
17444,6,True,3,15,4,4|4|9|4|3|9|9|4|4|4|4|4|9|4|4
17499,9,True,7,15,-1,5|5|1|5|0|5|5|7|5|7|7|7|7|2|7
17510,4,False,4,2,4,4|4|4|4|2|4|4|4|4|4|4|4|9|4|4
17516,4,True,1,14,1,1|1|1|1|0|1|1|1|1|1|4|0|1|0|1
17529,1,False,1,11,4,0|4|1|4|6|0|1|4|1|4|4|0|4|2|1
17533,7,False,7,15,5,2|5|5|8|2|5|5|5|5|5|3|5|5|5|2
17538,7,False,7,3,7,8|7|7|7|9|7|7|7|7|7|7|7|9|7|7
17541,6,True,0,3,6,6|6|0|6|0|6|0|6|6|6|6|6|6|6|6
17556,0,True,1,11,1,1|1|1|1|0|0|0|1|1|1|1|1|1|0|1
17561,0,True,2,14,-1,4|9|9|0|2|2|9|4|2|4|2|4|4|9|9
17590,0,True,2,4,0,1|0|2|0|0|0|8|0|0|0|0|0|0|0|2
17641,5,True,9,13,7,5|5|9|3|9|7|7|9|8|7|7|7|2|7|8
17649,7,False,7,10,7,5|9|5|3|3|7|5|7|9|7|7|8|7|5|6
17655,9,True,8,15,8,8|3|8|8|8|8|8|8|8|8|8|3|3|3|8
17657,6,True,0,4,6,6|6|0|6|6|0|0|6|6|6|6|0|6|6|6
17677,6,True,0,5,6,6|0|8|6|6|6|0|6|6|6|6|0|6|0|6
17691,7,False,7,9,7,5|9|9|7|5|7|7|9|2|7|7|5|7|9|9
17693,4,False,4,9,4,4|4|4|9|3|4|1|4|1|4|6|3|6|0|9
17706,6,True,0,5,6,6|6|0|6|6|6|3|3|6|6|6|3|6|3|6
17714,9,False,9,9,5,5|9|5|7|9|5|5|5|9|9|9|5|5|5|9
17718,9,False,9,15,5,5|5|5|5|5|5|5|5|5|5|5|5|5|5|5
17724,4,True,7,15,7,8|8|8|1|9|1|7|7|2|7|7|3|7|9|5
17761,2,True,3,14,3,6|3|2|3|3|3|3|3|3|3|3|3|3|3|3
17774,5,False,5,11,7,7|7|5|1|2|7|7|7|7|7|7|5|5|5|2
17787,9,True,7,14,7,7|5|7|7|9|7|7|7|7|7|7|7|7|7|7
17791,9,True,7,14,7,7|5|7|7|7|7|7|5|9|7|7|7|7|7|7
17796,1,True,5,9,-1,5|1|1|1|3|5|5|1|7|5|7|5|1|5|1
17799,8,False,8,2,8,8|8|8|8|3|3|8|8|8|8|8|8|8|8|8
17816,3,True,7,14,7,7|7|7|7|3|7|7|7|7|7|2|7|7|5|7
17829,9,True,6,15,6,6|6|8|6|6|6|8|8|6|8|6|6|6|6|8
17836,4,False,4,9,-1,4|0|0|6|6|2|0|4|0|4|4|0|0|4|4
17841,4,True,6,3,4,4|4|4|6|4|4|4|4|6|4|4|4|4|3|4
17843,1,False,1,6,1,1|0|0|1|0|0|0|1|1|1|1|1|0|1|1
17847,0,True,1,12,1,0|1|1|1|1|1|0|1|1|1|1|1|0|1|1
17861,4,False,4,6,4,4|9|4|9|9|4|9|4|4|4|9|4|4|4|9
17869,9,False,9,15,5,5|5|5|5|5|5|5|5|5|5|5|5|5|5|5
17872,9,True,7,12,7,7|7|9|7|7|7|7|9|7|7|7|7|9|7|7
17898,7,True,5,7,7,5|7|2|7|7|7|5|5|7|7|7|5|7|1|5
17901,0,True,1,6,0,1|0|0|0|0|0|1|0|0|3|0|1|0|3|1
17915,2,True,3,15,3,6|9|3|9|6|3|3|3|9|3|9|3|3|3|3
17922,9,True,8,15,8,8|8|8|8|8|8|8|8|8|8|8|8|8|8|8
17925,1,True,5,15,5,5|5|5|5|7|5|8|5|7|7|5|2|5|5|7
17945,7,True,5,4,7,7|5|8|8|1|7|7|7|7|7|7|7|7|7|7
17959,7,True,1,7,7,1|1|1|7|1|7|7|1|7|7|7|1|1|7|7
17982,4,False,4,12,9,9|9|9|9|0|9|9|4|2|4|2|4|9|9|9
17983,6,False,6,14,4,4|4|4|4|4|4|9|4|6|4|3|4|4|4|4
17986,0,True,1,7,0,0|0|1|0|0|0|0|1|1|1|1|0|1|0|1
17990,9,True,7,5,9,7|9|9|9|2|9|9|9|9|7|5|9|7|9|9
18001,0,True,2,9,2,0|2|0|2|2|0|0|0|2|2|2|2|2|2|0
18003,0,False,0,14,6,6|6|0|6|6|6|6|6|6|6|4|3|6|6|4
18007,0,False,0,15,7,7|1|3|1|2|2|7|1|7|7|7|1|7|3|7
18035,9,True,4,8,4,4|4|9|9|4|9|9|4|9|4|4|4|9|9|4
18090,4,True,6,15,6,6|6|6|6|6|0|0|6|6|6|0|0|6|3|6
18100,3,True,2,15,4,2|2|9|4|4|0|9|4|6|6|0|2|4|4|4
18161,9,True,4,14,3,2|3|3|6|6|3|9|3|6|3|6|3|6|3|3
18165,1,True,8,15,8,8|8|8|8|8|8|8|9|8|8|8|2|2|8|8
18167,4,True,1,13,1,1|1|1|1|4|7|1|1|1|1|4|1|1|1|1
18176,1,False,1,15,3,6|3|3|3|3|3|3|3|3|3|3|3|3|3|3
18178,5,False,5,5,5,5|5|5|5|5|5|5|5|1|7|1|5|1|5|1
18186,8,False,8,2,8,8|8|8|3|8|8|8|8|8|8|8|8|8|3|8
18187,6,False,6,12,4,4|4|8|0|4|6|0|6|1|4|4|2|4|4|6
18211,3,True,8,15,8,8|8|8|8|9|8|8|8|8|8|8|8|8|8|8
18226,5,False,5,2,5,5|5|5|5|5|5|5|5|7|5|5|5|5|5|6
18232,4,False,4,6,4,4|9|9|9|4|4|9|9|4|4|4|4|4|4|9
18235,0,True,2,7,0,0|0|0|2|2|0|0|0|2|2|2|0|2|2|0
18262,9,True,4,13,4,4|4|3|3|2|4|3|9|2|2|4|4|9|2|1
18309,4,True,1,14,1,1|1|1|1|1|1|0|1|1|1|4|1|1|1|1
18336,2,True,3,10,3,2|2|2|3|3|2|3|3|3|3|3|3|3|3|2
18370,9,True,4,6,9,4|9|9|9|9|9|9|4|4|4|4|4|9|9|9
18406,5,True,9,0,5,5|5|5|5|5|5|5|5|5|5|5|5|5|5|5
18428,3,True,5,14,5,5|1|5|5|5|5|5|5|1|3|5|5|1|5|1
18431,0,True,1,6,0,0|0|0|0|0|0|0|1|1|1|1|0|0|1|1
18439,9,True,7,7,9,7|9|9|9|9|7|9|9|7|7|7|7|7|9|9
18473,5,False,5,9,7,7|5|7|7|2|5|5|7|5|7|5|5|7|7|7
18479,6,True,0,9,6,4|6|8|6|6|0|0|4|4|4|6|4|6|3|6
18488,8,False,8,2,8,8|8|8|8|8|8|8|8|8|8|7|8|7|8|8
18491,7,True,1,15,1,1|0|1|1|0|1|0|1|1|1|1|1|1|1|1
18509,9,True,4,10,4,4|9|4|4|4|9|9|4|9|4|4|4|4|9|4
18512,0,True,1,10,1,1|1|0|1|0|0|0|1|1|1|1|0|1|1|1
18517,0,False,0,12,6,2|6|8|6|0|6|0|6|6|6|6|3|6|0|6
18518,2,False,2,14,4,4|9|4|6|2|4|9|4|8|4|3|4|4|4|4
18519,7,True,1,14,1,1|1|1|1|1|1|1|1|1|1|1|1|1|7|1
18548,8,False,8,3,8,8|7|8|8|3|8|8|8|8|8|3|8|8|8|8
18563,7,False,7,6,7,7|7|9|1|9|7|7|9|7|7|9|7|7|7|9
18568,9,True,8,15,6,3|0|3|6|6|6|3|6|6|6|1|3|0|8|6
18573,2,True,3,10,4,4|2|0|2|4|2|2|4|2|4|4|3|0|3|4
18574,8,False,8,4,8,8|8|8|7|5|8|8|8|1|8|8|8|5|8|8
18575,3,True,2,15,-1,4|9|9|4|2|4|9|9|4|4|4|4|9|9|9
18581,7,True,1,15,1,1|1|1|1|0|1|1|1|1|1|1|1|1|1|1
18590,6,False,6,5,6,6|6|4|6|6|6|0|4|6|6|6|4|6|4|6
18598,7,True,5,13,5,5|1|5|9|2|9|7|5|5|5|9|7|9|5|8
18625,8,False,8,5,8,8|8|8|7|0|8|8|8|8|8|7|8|7|7|8
18663,7,True,5,12,5,5|5|5|7|2|5|8|5|5|7|7|5|5|5|5
18688,0,False,0,13,1,7|0|1|2|4|1|8|0|1|6|6|2|1|8|6
18712,5,False,5,5,5,5|5|5|7|9|5|5|5|7|7|5|5|7|5|5
18733,9,True,8,15,8,8|8|8|8|3|3|8|8|8|8|8|8|8|8|8
18741,9,True,4,8,-1,4|4|9|1|9|9|9|4|9|4|4|4|9|9|4
18766,6,True,0,3,6,6|6|6|6|6|0|0|6|6|6|0|6|6|6|6
18771,6,True,0,3,6,6|6|0|6|4|6|6|6|0|6|6|6|6|6|6
18788,2,False,2,11,-1,4|0|8|2|2|6|3|6|2|2|8|4|6|8|6
18797,3,True,8,13,8,8|7|8|8|8|7|8|8|8|7|4|3|9|3|8
18822,7,False,7,3,7,7|7|3|9|2|7|7|7|7|7|7|7|7|7|7
18826,7,False,7,3,7,7|7|7|5|2|7|7|9|7|7|7|7|7|7|7
18835,8,False,8,4,8,8|1|8|1|1|8|8|8|8|8|8|8|7|8|8
18837,6,True,0,3,6,6|0|0|6|6|6|0|6|6|6|6|6|6|6|6
18838,6,True,0,8,-1,3|0|6|6|0|6|0|0|6|0|6|0|6|6|0
18850,2,True,5,9,2,3|7|2|2|3|1|5|9|2|7|2|2|2|5|6
18858,3,True,2,15,4,2|4|9|4|0|2|9|4|9|4|4|4|4|9|4
18866,7,False,7,15,5,5|5|5|5|9|5|5|5|5|5|5|5|5|5|5
18868,0,True,2,9,0,0|6|0|3|2|0|0|4|8|4|0|8|0|2|8
18876,6,True,1,15,1,1|1|1|1|3|7|7|1|1|1|1|3|7|1|1
18877,9,True,4,13,4,0|4|4|4|2|0|9|4|4|4|4|2|2|9|4
18912,1,True,5,9,5,5|1|5|5|1|1|5|5|1|5|1|5|5|5|1
18938,9,True,7,11,7,7|7|7|7|9|7|7|9|7|7|4|7|9|9|7
18965,1,False,1,7,1,0|1|0|1|1|1|0|1|1|1|7|0|0|1|7
18975,7,False,7,0,7,7|7|7|7|7|7|7|7|7|7|7|7|7|7|7
18986,0,True,2,13,-1,4|9|9|2|2|2|9|4|0|9|0|4|4|4|9
19004,7,True,1,13,1,1|1|1|1|1|1|7|1|1|1|7|1|1|1|1
19031,1,False,1,5,1,0|1|0|1|1|1|7|1|1|1|7|1|1|1|7
19055,5,False,5,2,5,5|5|5|5|7|5|5|5|7|5|5|5|5|5|5
19090,8,False,8,8,8,8|8|1|1|9|4|8|4|1|8|4|8|8|8|2
19097,5,True,9,2,5,5|5|9|5|9|5|5|5|5|5|5|5|5|5|5
19110,1,False,1,5,1,7|1|1|1|1|1|1|1|1|1|4|7|7|7|1
19115,7,True,1,13,1,0|1|0|0|7|1|0|1|1|8|1|7|1|1|1
19153,6,False,6,14,5,4|5|7|5|2|5|5|5|4|8|6|8|2|7|9
19168,6,True,0,10,0,0|6|0|2|6|0|0|3|6|0|0|0|6|0|6
19196,2,True,5,15,5,5|5|5|5|5|5|5|5|1|5|5|5|5|5|5
19262,8,False,8,2,8,8|8|8|3|8|8|8|8|8|8|7|8|8|8|8
19275,2,True,3,13,3,6|6|3|2|2|3|3|0|6|4|3|3|3|3|3
19302,7,False,7,3,7,2|7|2|7|9|7|7|7|7|7|7|7|7|7|7
19310,0,True,2,3,0,0|0|0|0|0|2|0|0|0|0|2|0|0|0|2
19315,6,False,6,5,6,6|6|6|4|6|4|0|6|0|6|6|0|6|6|6
19324,7,False,7,15,5,5|9|5|5|5|9|9|5|8|5|5|5|5|5|5
19332,2,False,2,11,0,0|0|0|2|0|0|0|0|0|2|0|0|0|2|2
19350,0,False,0,11,6,6|0|6|6|6|0|0|6|6|6|6|0|6|6|6
19411,5,True,9,6,5,5|9|2|5|5|9|5|5|5|5|9|8|8|5|5
19417,0,False,0,3,0,3|0|0|0|0|0|0|0|6|0|0|0|6|0|0
19422,5,True,9,1,5,5|5|5|5|5|5|5|5|5|5|5|5|9|5|5
19437,8,False,8,5,8,8|7|8|8|0|8|8|8|8|8|7|8|7|7|8
19443,9,True,8,15,3,2|8|3|8|3|2|5|3|3|3|8|5|3|3|3
19466,9,False,9,9,9,5|9|9|5|7|5|9|9|2|7|5|9|7|5|9
19470,6,True,0,5,6,6|0|0|6|6|0|0|6|6|6|6|0|6|6|6
19487,2,False,2,12,4,1|9|1|4|4|2|5|4|4|4|4|4|2|4|2
19514,2,False,2,13,0,8|0|0|0|0|0|8|6|0|4|4|4|2|2|6
19521,7,False,7,10,5,5|5|5|7|7|7|5|1|5|5|7|2|7|5|1
19530,7,True,8,14,8,8|8|8|8|8|8|8|8|8|8|8|8|7|8|8
19548,4,True,6,12,0,0|0|0|4|0|0|0|0|0|4|0|4|0|0|0
19563,0,True,2,6,0,2|0|0|0|2|0|0|0|0|4|2|0|0|2|2
19581,0,True,1,11,1,1|1|0|0|0|1|0|1|1|1|1|1|1|1|1
19585,3,True,8,8,8,8|8|8|3|3|3|3|8|8|8|3|3|8|3|8
19592,3,True,2,15,4,6|4|9|4|4|4|9|8|2|4|2|4|4|2|4
19634,6,False,6,15,4,4|4|4|4|4|4|9|4|4|4|4|4|4|4|4
19641,7,True,3,15,6,6|6|0|3|4|6|3|6|3|6|2|0|6|3|2
19663,2,True,5,15,7,5|1|5|5|7|5|5|5|7|7|7|7|7|7|1
19678,7,False,7,3,7,7|7|9|7|9|7|7|7|7|7|7|7|9|7|7
19679,4,True,6,1,4,4|4|4|4|4|4|4|4|6|4|4|4|4|4|4
19680,3,True,8,15,8,8|8|8|0|8|5|8|8|6|8|8|8|8|8|8
19713,2,False,2,6,2,2|0|2|2|2|0|0|0|8|3|2|2|2|2|2
19752,6,True,1,15,1,1|1|1|1|1|7|7|1|7|1|7|1|7|7|1
19778,0,False,0,11,6,6|6|0|6|6|6|0|6|6|6|0|0|6|6|6
19786,9,False,9,13,5,5|5|5|5|9|5|5|5|5|5|9|5|5|5|5
19789,7,True,5,7,7,5|7|5|5|5|5|7|7|5|7|7|5|7|7|7
19792,0,False,0,11,6,6|6|0|6|6|0|0|6|6|6|6|0|6|6|6
19798,6,False,6,14,8,8|8|3|7|5|1|8|1|6|8|8|8|9|8|8
19813,9,False,9,14,5,5|5|5|5|5|5|5|5|5|5|5|5|5|5|9
19832,3,True,4,13,0,0|0|3|2|0|2|3|4|8|4|2|8|4|0|6
19838,9,True,8,13,8,8|9|8|8|6|7|8|8|8|7|8|8|9|8|8
19848,2,False,2,11,4,4|4|2|2|6|4|8|4|8|4|8|4|2|4|2
19852,7,True,5,8,5,5|5|5|7|7|7|5|5|5|7|7|7|5|7|5
19861,2,True,5,13,7,5|5|7|7|3|5|7|9|2|5|7|9|7|2|7
19890,0,True,1,13,1,0|1|3|4|1|1|3|7|1|0|1|1|7|1|1
19925,2,False,2,11,-1,2|0|8|8|0|2|0|0|2|4|6|4|4|2|4
19929,2,True,3,10,3,3|2|3|3|2|3|3|3|3|3|2|3|2|2|6
19940,1,False,1,5,1,0|0|0|1|1|1|0|1|1|1|0|1|1|1|1
19959,9,True,8,15,8,8|3|8|3|2|3|8|8|8|8|8|8|8|3|8
19995,8,False,8,1,8,8|8|8|8|8|8|8|8|3|8|8|8|8|8|8
20008,4,False,4,11,9,4|9|9|4|9|9|9|9|9|4|9|4|9|9|9
20044,6,True,0,8,6,6|6|4|1|6|6|3|6|1|4|6|4|4|4|6
20047,1,False,1,12,0,0|0|0|1|0|0|0|0|1|1|0|0|0|0|3
20050,9,True,7,11,7,7|9|9|7|7|7|7|9|7|7|7|7|7|9|7
20055,9,True,4,12,4,4|2|8|2|4|2|9|9|2|4|4|4|4|9|2
20066,9,True,4,12,4,4|4|4|9|3|2|4|4|4|4|4|4|9|9|4
20096,2,False,2,12,6,4|2|0|6|6|6|0|4|2|6|2|6|6|8|4
20104,8,True,2,15,0,0|0|0|2|0|0|0|0|4|0|2|2|2|2|2
20106,9,True,4,4,9,4|4|9|9|9|9|9|9|9|4|9|4|9|9|9
20115,0,True,2,7,0,2|0|0|2|0|2|0|0|0|8|2|0|2|2|0
20119,0,True,1,14,1,1|1|1|1|0|1|1|1|1|1|1|1|1|1|1
20156,3,True,2,12,4,2|4|4|2|3|4|0|4|2|3|2|4|4|3|2
20166,8,False,8,4,8,8|8|8|3|3|3|8|8|8|8|8|3|8|8|8
20198,8,True,3,11,3,8|8|3|3|3|3|3|3|3|3|8|3|3|3|8
20208,1,True,5,13,5,5|5|5|1|2|5|5|5|5|5|5|5|5|5|1
20226,3,True,7,14,7,7|7|9|7|3|7|7|7|7|7|7|7|9|9|7
20239,9,True,4,15,4,4|4|4|4|4|4|4|4|4|4|4|4|4|4|4
20248,5,True,9,10,9,7|5|9|9|9|2|9|9|5|5|7|5|7|5|9
20272,9,True,7,14,7,7|9|2|7|0|7|1|7|5|7|7|7|7|7|7
20308,4,True,6,5,4,4|4|0|4|4|4|9|0|9|4|4|4|6|4|4
20323,3,False,3,6,3,6|2|1|3|3|3|3|3|3|3|7|3|7|3|7
20326,1,True,8,12,8,8|8|8|1|8|8|8|8|8|8|1|8|5|1|8
20329,4,True,1,15,-1,7|1|1|7|0|7|7|1|1|1|7|7|7|1|1
20342,4,True,6,15,6,6|6|0|6|0|0|0|6|6|6|6|6|2|6|6
20363,5,False,5,9,1,5|1|5|1|1|1|5|1|1|5|1|5|1|5|1
20395,4,True,6,12,6,6|6|6|6|6|6|4|6|6|4|6|6|6|4|6
20403,3,False,3,12,6,6|1|3|6|4|0|1|3|6|6|6|3|0|6|7
20417,2,True,9,14,5,5|5|5|5|2|9|5|5|5|5|9|5|9|5|5
20426,2,False,2,6,2,2|2|8|3|2|2|0|0|2|8|2|0|2|2|2
20432,0,True,2,12,-1,2|0|2|6|8|0|7|0|6|8|4|1|6|2|8
20441,3,True,5,13,5,5|5|5|2|2|5|5|5|7|7|5|5|3|3|1
20470,9,True,4,7,9,4|9|4|4|9|9|9|4|9|4|4|4|9|9|9
20499,5,True,9,0,5,5|5|5|5|5|5|5|5|5|5|5|5|5|5|5
20509,9,False,9,13,5,5|5|2|3|3|5|5|5|9|5|5|8|9|5|5
20520,0,True,2,11,2,8|0|2|2|2|2|0|0|2|2|2|2|2|2|0
20540,7,False,7,15,9,2|9|9|3|2|9|9|9|9|9|9|9|9|5|9
20543,2,True,3,15,3,6|3|8|3|6|3|3|6|6|3|6|3|6|3|3
20547,9,True,7,11,7,2|9|8|7|7|7|9|9|7|7|7|7|7|9|7
20552,3,False,3,4,3,2|2|2|3|3|3|3|3|3|3|3|3|2|3|3
20553,0,False,0,12,1,6|1|0|1|3|1|5|3|7|7|1|0|0|7|8
20564,8,False,8,14,7,7|5|7|1|0|7|5|3|3|7|7|7|7|8|2
20576,6,True,0,6,6,6|0|0|6|0|0|0|6|6|6|6|0|6|6|6
20589,8,True,2,12,2,2|0|8|2|2|0|8|0|2|2|0|4|2|2|8
20614,5,True,9,0,5,5|5|5|5|5|5|5|5|5|5|5|5|5|5|5
20620,9,False,9,14,5,5|5|5|5|5|5|5|5|9|5|5|5|5|5|5
20662,7,False,7,4,7,8|7|8|4|7|7|7|4|7|7|7|7|7|7|7
20686,1,True,0,15,8,8|8|8|5|2|8|8|8|3|8|8|8|8|8|8
20702,9,False,9,14,5,5|5|5|5|9|5|5|5|5|5|5|5|5|5|5
20709,8,False,8,0,8,8|8|8|8|8|8|8|8|8|8|8|8|8|8|8
20720,7,False,7,11,5,5|5|5|3|5|7|5|7|5|5|7|5|2|1|7
20741,2,True,7,12,7,7|7|3|7|2|7|7|2|7|7|7|7|7|2|7
20748,2,False,2,15,4,4|4|9|4|9|9|4|4|9|4|4|4|9|4|9
20755,9,True,4,10,4,4|4|4|9|4|9|9|4|9|4|4|4|4|9|4
20771,0,False,0,12,6,6|0|0|6|6|6|0|6|6|6|6|6|6|6|6
20793,5,True,9,2,5,5|5|5|5|9|5|5|5|5|5|9|5|5|5|5
20822,9,True,6,15,4,4|4|8|6|4|4|4|4|6|4|4|4|4|4|4
20828,7,False,7,2,7,2|7|3|7|7|7|7|7|7|7|7|7|7|7|7
20831,7,False,7,7,7,5|7|1|9|9|7|7|1|9|7|7|7|7|5|7
20842,4,True,6,3,4,4|4|8|4|0|4|4|4|4|4|4|4|4|4|9
20843,5,False,5,12,1,5|1|8|3|5|5|3|1|1|7|1|1|1|3|2
20852,6,True,0,5,6,6|0|0|6|6|0|0|6|6|6|6|0|6|6|6
20860,9,True,4,10,4,4|4|4|9|4|9|9|4|4|4|9|4|4|4|9
20873,2,True,5,15,5,5|5|3|5|3|5|5|5|5|5|7|5|5|5|1
20902,9,True,8,15,8,8|8|8|8|8|8|8|8|1|4|8|8|8|8|8
20907,6,True,3,7,6,6|6|3|6|2|6|9|6|6|3|3|4|6|3|6
20914,6,True,9,15,9,2|7|9|9|9|9|9|9|9|7|7|7|7|9|9
20916,2,False,2,12,0,6|0|0|2|0|0|0|0|0|4|8|8|2|2|0
20917,9,True,4,15,6,6|6|0|6|6|3|2|3|4|4|6|3|4|1|3
20919,9,True,4,3,9,4|9|9|9|9|9|9|9|9|4|4|9|9|9|9
20965,5,False,5,11,2,2|5|2|5|2|5|7|5|2|2|2|7|2|2|4
20978,3,True,5,14,5,5|5|5|5|5|5|5|5|1|5|5|3|5|5|5
20985,3,True,8,15,8,8|8|8|8|8|8|8|8|8|8|8|8|8|8|8
21016,3,True,8,11,8,8|8|3|8|3|3|8|8|8|8|8|3|8|8|8
21041,2,False,2,14,0,0|0|0|0|0|0|0|0|0|0|0|0|2|0|0
21061,3,False,3,9,3,3|6|6|2|0|0|3|0|3|6|4|3|2|3|3
21099,8,True,2,14,2,2|0|2|2|8|2|0|0|3|4|0|2|2|2|2
21102,8,False,8,0,8,8|8|8|8|8|8|8|8|8|8|8|8|8|8|8
21136,4,True,6,10,4,2|2|0|4|4|2|9|4|4|4|6|0|2|0|9
21187,3,False,3,2,3,3|2|3|3|3|3|3|3|3|3|3|3|3|2|3
21201,8,False,8,4,8,8|8|8|8|3|8|8|8|3|8|8|8|9|3|8
21217,0,True,2,13,4,4|9|4|9|2|9|0|0|2|4|4|4|6|9|4
21229,6,False,6,3,6,6|6|6|6|0|6|0|6|6|4|6|6|6|6|6
21235,1,True,5,10,5,5|1|5|5|5|1|5|5|1|5|5|5|1|5|1
21237,9,True,7,14,7,7|7|7|7|2|7|7|7|7|7|7|7|9|2|7
21266,3,False,3,5,3,2|2|3|3|3|3|3|3|6|3|2|3|2|3|3
21268,6,False,6,13,4,4|6|4|4|4|4|4|4|6|4|1|4|4|2|4
21281,3,True,5,13,5,1|5|5|1|3|5|5|1|5|5|3|5|7|5|5
21300,4,True,6,15,0,8|2|0|1|2|8|0|1|0|7|0|0|6|0|6
21314,9,False,9,14,5,5|5|5|5|5|5|5|5|5|5|9|5|5|5|5
21318,5,True,9,14,9,2|9|2|1|9|9|9|9|9|2|2|5|7|9|9
21319,0,False,0,9,6,0|6|0|6|0|6|0|6|0|6|6|0|6|6|6
21320,7,False,7,15,5,5|5|5|5|5|5|9|5|9|5|5|5|9|5|9
21350,9,False,9,13,5,5|5|5|5|5|5|5|5|5|5|5|5|9|5|9
21392,7,False,7,1,7,7|7|7|4|7|7|7|7|7|7|7|7|7|7|7
21410,0,True,2,2,0,0|0|0|0|0|2|0|0|0|0|0|0|0|0|4
21444,2,False,2,11,8,8|8|5|2|8|2|3|3|2|8|6|8|2|3|8
21461,9,True,4,15,4,4|4|4|4|4|4|4|4|4|4|4|4|4|4|4
21466,2,True,9,14,5,5|5|5|1|5|2|5|5|7|7|7|5|7|5|5
21473,0,True,2,9,0,2|0|0|2|0|2|0|4|1|4|4|0|2|0|2
21501,1,True,5,15,5,5|5|5|5|5|5|5|5|5|7|7|5|7|5|5
21502,2,False,2,8,-1,0|0|2|0|0|2|0|7|2|0|2|2|0|2|2
21541,8,False,8,4,8,8|3|8|3|6|3|8|8|8|8|8|8|8|8|8
21567,5,True,9,8,5,2|9|9|5|2|9|5|9|5|5|7|5|9|5|5
21574,8,False,8,3,8,8|8|8|8|1|8|8|8|7|8|8|8|7|8|8
21580,7,True,8,15,8,8|8|8|8|8|8|8|8|1|8|8|8|8|8|8
21607,2,True,3,9,2,2|4|2|6|2|3|0|3|2|3|2|0|2|3|3
21615,0,True,2,5,0,0|0|2|0|0|0|0|0|2|6|2|0|0|0|6
21621,0,False,0,10,6,6|6|0|0|6|6|0|6|6|6|0|0|6|6|6
21631,6,True,0,6,6,6|0|0|6|4|6|0|6|6|6|4|0|6|6|6
21632,5,True,9,0,5,5|5|5|5|5|5|5|5|5|5|5|5|5|5|5
21634,6,True,0,4,6,6|6|0|6|6|0|0|6|6|6|6|0|6|6|6
21652,9,False,9,11,5,5|9|9|5|5|5|5|9|9|5|5|5|5|5|5
21656,9,True,4,6,9,4|9|4|9|9|9|9|4|9|4|4|4|9|9|9
21659,1,False,1,6,1,0|0|1|0|0|0|0|1|1|1|1|1|1|1|1
21664,6,True,5,14,5,5|5|2|6|3|5|5|5|2|5|7|5|5|2|2
21671,5,False,5,6,5,5|1|1|1|1|5|5|5|1|5|5|5|5|5|1
21673,6,False,6,2,6,6|6|0|6|6|6|0|6|6|6|6|6|6|6|6
21702,3,True,5,14,5,1|5|5|7|3|5|5|5|5|5|7|5|1|5|5
21711,2,True,5,8,2,5|5|5|2|2|2|7|5|2|5|2|5|2|2|4
21724,9,True,4,14,3,1|0|0|1|9|3|3|2|3|6|3|1|3|3|3
21758,7,False,7,2,7,7|7|7|7|9|7|7|7|7|7|7|7|9|7|7
21780,1,False,1,1,1,1|1|1|1|0|1|1|1|1|1|1|1|1|1|1
21784,9,True,4,10,4,4|9|9|3|4|9|9|4|9|4|4|4|4|4|4
21838,2,True,3,14,3,3|0|3|3|3|2|3|3|3|3|6|3|1|3|3
21847,7,False,7,3,7,7|7|7|7|7|7|7|1|7|7|7|7|7|8|1
21907,6,False,6,11,3,0|4|0|6|6|3|3|3|1|3|2|0|6|3|6
21911,6,True,3,12,3,6|4|3|6|3|3|2|3|6|4|3|3|3|4|3
21912,1,True,5,7,1,5|1|5|1|1|1|5|5|1|1|1|5|5|5|1
21913,7,True,5,13,5,5|5|5|7|5|5|5|5|5|5|1|7|5|5|1
21917,2,False,2,10,-1,2|0|0|2|6|2|9|0|2|0|4|2|0|4|4
21919,5,True,9,4,5,5|5|5|5|9|9|5|5|9|5|5|5|9|5|5
21928,2,True,3,11,3,2|3|3|2|3|2|3|3|3|3|3|3|3|3|2
21942,1,False,1,3,1,1|1|1|1|1|7|1|1|1|1|7|1|0|1|1
21946,2,True,5,15,5,5|5|5|8|5|5|5|5|5|1|7|5|5|5|1
21976,3,False,3,9,3,8|8|3|6|2|0|3|6|3|3|3|3|0|6|6
21977,8,True,2,14,0,0|0|0|2|2|2|0|0|2|2|0|2|0|0|8
22015,6,True,3,14,3,6|3|3|3|2|3|3|3|3|3|3|3|3|3|3
22016,1,True,5,15,7,5|5|2|7|9|7|9|7|7|7|8|8|7|5|9
22034,9,True,4,15,2,2|2|2|1|2|2|0|8|6|4|0|2|8|2|6
22037,9,False,9,4,9,5|9|9|7|9|9|9|9|9|7|1|9|9|9|9
22060,2,True,9,14,9,5|9|8|7|9|9|9|9|9|9|7|7|2|9|9
22080,3,True,8,15,8,8|8|8|8|8|5|8|8|8|8|8|8|8|8|8
22091,9,False,9,12,5,5|9|5|5|9|5|5|5|9|5|6|5|5|5|5
22098,1,True,5,13,5,5|1|5|5|5|5|3|5|5|7|2|5|1|5|5
22100,8,False,8,2,8,8|1|8|8|8|8|8|8|8|8|8|8|7|8|8
22119,2,True,3,10,3,6|2|2|3|2|3|3|3|3|3|2|3|2|3|3
22121,6,True,0,14,0,0|9|0|2|0|0|5|4|0|4|4|0|6|5|5
22127,4,False,4,7,4,4|9|0|4|6|0|9|4|4|4|4|4|9|9|4
22130,4,True,6,4,4,6|4|4|9|4|9|4|4|6|4|4|4|4|4|4
22139,4,False,4,9,4,4|4|8|8|3|2|4|8|1|4|4|4|6|3|3
22140,2,True,3,11,3,1|3|3|3|2|3|3|2|3|3|2|3|2|3|3
22187,3,False,3,15,0,0|0|0|0|4|0|0|0|0|0|2|0|0|0|2
22192,5,True,9,2,5,5|5|5|5|8|5|5|5|5|5|9|5|5|5|5
22195,1,True,5,8,5,5|5|1|1|5|5|5|5|5|5|1|1|1|1|1
22234,3,True,5,13,5,5|5|5|1|2|1|5|1|3|5|8|5|7|3|5
22259,6,False,6,10,6,4|0|0|6|6|6|5|3|6|6|4|2|1|8|2
22275,4,False,4,7,4,4|0|4|6|2|2|0|4|4|4|4|4|4|0|9
22319,6,True,9,12,5,5|5|3|6|6|5|5|3|9|5|5|4|9|6|5
22331,5,True,9,0,5,5|5|5|5|5|5|5|5|5|5|5|5|5|5|5
22332,0,True,1,14,1,1|1|1|1|1|0|1|1|1|1|1|1|1|1|1
22355,6,True,2,15,2,2|2|0|2|2|2|0|0|0|2|2|4|2|2|2
22403,0,True,1,15,1,1|1|1|1|1|1|1|1|1|1|1|1|1|1|1
22404,5,False,5,9,1,1|5|5|1|5|1|5|1|1|5|1|5|1|1|8
22405,4,True,6,3,4,4|4|8|6|4|4|4|4|6|4|4|4|4|4|4
22408,5,False,5,3,5,7|7|5|5|7|5|5|5|5|5|5|5|5|5|5
22428,6,True,9,15,5,5|9|5|5|5|9|9|5|9|5|5|5|5|5|9
22429,4,True,1,15,1,1|7|1|1|1|1|7|1|7|7|7|7|7|1|1
22438,1,False,1,3,1,1|1|1|1|1|1|7|1|1|1|7|1|7|1|1
22451,3,True,8,11,8,8|8|8|3|2|3|8|8|8|8|3|8|8|3|8
22479,9,False,9,15,5,5|5|5|5|7|5|5|5|5|5|7|5|5|5|5
22485,7,True,5,7,7,5|7|9|3|7|7|5|7|7|7|9|1|5|7|7
22521,9,True,4,14,3,8|6|3|9|3|3|3|3|6|3|3|8|6|3|4
22523,0,False,0,5,0,0|0|0|0|0|6|0|0|6|6|0|0|0|6|6
22530,3,False,3,5,3,6|6|3|3|4|2|3|3|3|3|6|3|3|3|3
22535,8,False,8,6,8,8|8|8|7|7|7|8|8|7|8|7|8|7|8|8
22547,8,False,8,11,-1,8|8|8|8|2|5|5|6|3|5|7|5|7|3|1
22549,5,False,5,7,5,5|7|5|1|3|5|7|1|5|5|5|5|1|5|1
22564,6,True,0,8,6,6|3|0|4|6|0|2|3|6|6|4|6|6|0|6
22592,2,True,5,10,5,2|5|2|4|2|2|5|5|5|5|5|2|5|8|5
22614,9,True,7,15,7,5|7|7|7|0|7|8|7|7|7|7|7|7|7|7
22628,6,True,3,14,3,6|2|3|3|3|2|3|3|3|3|3|3|2|2|2
22635,9,True,7,15,7,7|7|7|7|2|7|7|7|7|7|7|7|7|7|7
22636,5,False,5,5,5,5|5|5|5|5|5|5|1|8|5|1|5|1|5|1
22638,3,False,3,6,3,2|3|3|2|3|2|3|6|3|4|2|3|3|3|3
22662,6,True,0,5,6,6|0|0|0|6|6|0|6|6|6|6|0|6|6|6
22692,9,True,3,15,6,6|6|3|6|2|6|4|3|3|6|2|3|6|8|6
22696,1,True,5,14,5,5|5|5|5|3|1|5|5|5|5|7|5|5|7|5
22723,3,True,2,15,-1,2|4|4|0|2|2|4|4|4|4|0|2|2|2|8
22725,4,True,1,15,1,1|7|1|1|7|1|7|1|1|1|7|7|7|7|1
22746,9,True,4,8,-1,4|9|0|4|9|9|9|4|9|4|4|4|9|9|4
22749,9,True,7,15,7,7|7|7|7|0|7|7|7|7|7|7|7|7|7|7
22773,4,False,4,7,4,4|4|0|0|4|0|0|0|4|4|0|4|4|0|4
22806,7,False,7,5,7,2|5|7|5|7|7|7|7|7|7|7|7|7|4|8
22811,5,False,5,9,-1,7|5|7|7|5|5|1|1|5|7|7|7|5|5|2
22817,0,True,2,9,0,8|0|2|2|2|2|8|0|6|0|6|0|0|2|0
22825,3,False,3,8,3,1|3|2|2|2|2|3|3|3|7|3|1|9|3|3
22845,7,False,7,5,7,7|9|7|7|7|9|7|9|9|7|7|7|7|7|9
22892,6,True,0,4,6,6|6|0|6|6|6|0|6|0|6|6|0|6|6|6
22905,8,False,8,2,8,8|3|8|8|8|3|8|8|8|8|8|8|8|8|8
22909,0,True,1,12,1,0|1|1|1|1|0|1|1|1|6|1|0|1|1|1
22932,6,False,6,14,4,6|4|4|4|4|4|4|4|4|4|4|4|4|4|4
22964,2,True,3,11,3,1|3|2|3|6|3|3|3|3|3|2|3|2|2|3
22965,3,True,2,12,2,0|0|2|6|2|2|9|3|4|3|2|2|2|2|3
22979,0,False,0,11,6,6|6|0|6|6|0|0|6|6|6|6|0|6|6|6
22980,1,False,1,1,1,1|1|1|1|1|1|1|1|1|1|0|1|1|1|1
23003,4,True,6,4,4,4|4|8|4|4|6|5|4|4|4|4|4|6|4|4
23016,5,False,5,3,5,5|5|5|5|3|5|5|5|3|7|5|5|5|5|5
23021,9,False,9,15,5,5|5|5|5|5|5|5|5|5|5|5|5|5|5|5
23025,0,False,0,12,6,6|6|0|6|6|0|0|6|6|6|6|6|6|6|6
23027,1,True,5,15,5,5|5|5|5|5|5|7|5|5|7|5|7|7|7|8
23037,6,True,3,13,3,2|3|3|3|6|3|3|3|3|3|6|3|7|2|3
23077,4,True,6,14,0,0|0|0|6|6|6|0|0|0|6|4|0|6|6|0
23085,6,False,6,14,4,4|4|4|6|4|4|4|4|4|4|4|4|4|4|4
23089,5,False,5,5,5,5|5|7|7|3|5|5|5|7|5|2|5|5|5|5
23140,6,False,6,12,4,4|4|4|6|6|4|4|4|6|4|4|4|4|4|4
23148,5,False,5,2,5,5|5|5|5|5|3|5|5|5|5|1|5|5|5|5
23162,8,False,8,6,8,8|3|8|3|3|8|8|8|8|3|8|3|8|3|8
23165,4,True,6,1,4,4|4|4|4|4|4|4|4|6|4|4|4|4|4|4
23166,2,True,5,15,5,5|5|1|7|1|7|5|5|7|7|1|5|9|5|8
23167,6,True,0,5,6,6|6|0|6|6|0|0|6|6|4|6|0|6|6|6
23189,6,True,3,13,3,6|2|3|3|6|3|2|3|3|3|3|3|3|3|3
23192,1,True,5,9,1,1|7|1|1|5|5|5|5|1|1|7|5|1|3|8
23196,2,False,2,13,0,0|0|8|4|0|0|0|0|0|4|2|4|6|2|4
23214,0,False,0,9,6,6|6|0|6|0|0|0|6|6|6|0|0|6|6|6
23220,9,True,4,6,9,4|9|9|4|9|9|9|4|9|4|4|4|9|9|9
23225,9,True,4,4,9,4|9|9|2|9|9|9|9|6|9|4|9|9|9|9
23234,2,True,5,14,5,7|5|5|1|3|1|7|1|3|7|2|1|5|5|5
23249,6,True,2,14,0,4|0|8|0|2|2|0|0|6|2|0|0|0|0|2
23261,9,True,7,7,9,2|7|9|7|9|9|9|9|9|7|1|7|9|9|7
23278,1,False,1,1,1,1|1|1|1|1|1|1|1|1|1|7|1|1|1|1
23320,4,True,6,4,4,4|6|4|4|4|4|0|4|4|4|4|4|9|0|4
23346,7,True,8,11,8,8|7|8|8|0|7|8|8|8|8|7|8|7|8|8
23353,7,True,8,13,8,8|8|8|8|0|7|8|8|6|8|8|8|7|8|8
23360,9,True,7,7,9,8|9|9|7|9|9|7|9|7|7|7|7|9|9|9
23390,8,False,8,3,8,3|8|8|3|8|8|8|8|8|8|8|3|8|8|8
23391,2,True,3,11,3,6|9|3|3|2|3|3|3|2|3|2|3|3|2|3
23416,6,True,3,13,3,7|5|7|3|2|0|8|3|6|3|6|4|2|3|3
23426,6,True,0,6,6,6|0|0|6|0|0|0|6|6|6|6|0|6|6|6
23468,9,True,4,14,4,4|0|0|4|0|0|9|4|4|4|4|0|4|0|4
23529,2,False,2,13,0,0|0|0|2|0|0|0|0|2|4|6|4|0|0|4
23554,0,True,2,15,9,4|9|9|4|4|9|9|4|9|4|3|4|9|9|9
23568,6,True,3,12,3,6|2|3|2|6|3|3|6|3|3|0|3|2|3|2
23570,9,False,9,15,5,5|5|5|5|5|5|5|5|5|5|5|5|5|5|5
23577,5,True,9,5,5,5|5|2|5|2|2|5|9|9|5|5|5|5|5|5
23587,4,False,4,2,4,4|4|4|4|4|4|4|4|4|4|4|4|4|9|9
23589,0,True,2,8,0,0|8|0|2|0|0|0|4|0|8|4|0|7|2|8
23598,1,True,5,14,5,1|5|5|5|3|5|5|5|5|5|5|5|7|5|5
23604,9,True,4,11,4,4|4|0|9|9|9|9|4|4|4|4|4|4|4|4
23607,3,False,3,6,3,6|2|2|3|3|3|3|3|3|3|2|3|2|3|2
23623,8,False,8,5,8,8|8|8|8|3|8|8|8|3|7|8|3|8|3|8
23654,3,True,8,15,8,8|8|8|8|0|8|7|8|6|8|9|8|7|7|8
23655,6,True,0,4,6,6|6|6|6|0|6|0|6|6|6|4|0|6|6|6
23723,8,False,8,7,8,3|8|8|8|3|3|8|8|3|8|3|3|8|3|8
23730,8,False,8,2,8,8|8|8|8|8|8|8|8|8|8|7|8|7|8|8
23758,9,True,4,14,4,4|4|4|6|4|2|4|4|4|4|9|4|4|4|4
23761,3,False,3,8,-1,2|6|3|3|2|2|3|3|2|2|2|3|2|3|3
23772,4,True,6,1,4,4|4|4|4|6|4|4|4|4|4|4|4|4|4|4
23779,9,True,4,14,-1,2|6|0|0|2|4|4|2|6|4|9|4|6|2|6
23804,2,False,2,8,2,2|4|8|2|0|2|4|6|2|4|0|2|6|2|2
23809,3,True,8,12,8,8|8|8|3|8|3|8|8|8|8|8|8|3|8|8
23814,5,True,9,4,5,5|9|5|5|2|5|5|5|9|5|9|5|5|5|5
23817,8,False,8,2,8,8|8|8|8|3|8|8|8|8|8|8|8|3|8|8
23825,4,False,4,8,9,4|9|9|4|9|9|9|4|9|4|4|4|9|9|4
23848,4,True,6,8,6,6|6|4|6|4|6|4|4|6|4|6|6|4|6|4
23855,3,False,3,14,1,1|7|1|1|0|0|1|1|3|0|1|1|7|1|1
23857,2,False,2,13,0,0|0|0|0|4|0|0|2|4|8|1|0|0|2|4
23929,2,False,2,10,3,4|9|8|3|2|2|3|3|2|2|3|3|2|3|4
23930,6,False,6,14,0,4|0|0|4|6|0|0|9|4|4|4|0|0|0|2
23932,6,True,0,7,6,6|6|0|4|0|0|0|6|6|6|6|0|0|6|6
23941,8,False,8,4,8,8|8|8|1|8|1|8|8|8|8|1|8|7|8|8
23965,6,True,2,10,6,6|6|2|3|6|4|2|6|3|4|1|0|6|2|4
23966,9,True,7,3,9,5|9|9|9|9|9|9|9|7|9|5|9|9|9|9
23975,9,True,7,11,5,5|5|5|5|2|5|9|9|9|5|7|5|7|5|9
23982,2,True,3,13,3,0|1|8|3|2|3|3|3|0|3|2|3|3|3|3
23987,7,True,5,9,5,5|5|5|5|7|5|5|5|7|7|7|5|7|5|7
24006,2,True,3,13,3,6|3|2|1|0|0|1|3|3|3|1|3|2|3|3
24009,1,True,3,14,3,7|3|3|7|2|3|3|1|3|6|6|3|6|2|3
24024,4,True,1,12,-1,4|6|9|6|8|2|0|6|1|4|8|2|4|2|1
24041,2,True,3,14,3,6|2|3|3|3|3|3|3|3|3|3|3|3|3|3
24043,6,False,6,14,8,8|6|8|3|8|2|5|8|8|8|8|2|9|3|8
24072,7,True,8,15,8,8|8|8|3|3|3|8|8|8|8|8|8|8|8|8
24087,9,True,4,10,4,4|4|9|4|4|0|4|4|9|4|4|4|9|9|9
24128,8,False,8,8,-1,8|8|8|1|0|8|8|8|1|1|1|8|1|1|1
24198,6,True,0,4,6,6|6|6|6|6|6|1|6|1|6|1|0|6|6|6
24213,9,True,7,15,7,8|7|7|7|7|7|7|7|7|7|7|7|7|7|7
24229,0,True,2,11,2,2|0|2|2|2|2|0|0|2|2|2|0|2|2|2
24256,2,False,2,8,0,2|0|0|2|2|0|0|0|2|2|0|0|0|2|2
24263,9,True,4,9,4,4|9|4|9|9|9|8|4|6|4|4|4|9|4|9
24268,0,True,1,5,0,0|0|0|2|0|0|0|0|0|8|0|2|2|2|0
24272,7,True,1,8,-1,1|7|1|1|6|7|7|1|7|7|7|1|7|1|1
24273,8,True,2,13,2,8|0|2|2|2|2|8|0|2|2|2|2|0|0|2
24311,6,True,3,14,3,4|4|3|3|3|4|3|3|6|3|4|3|4|3|3
24365,6,True,1,15,1,1|1|1|1|1|1|1|1|1|1|1|1|1|7|1
24366,2,False,2,13,-1,4|2|0|6|3|2|9|4|9|6|1|4|6|9|3
24389,5,True,9,1,5,5|5|5|5|9|5|5|5|5|5|5|5|5|5|5
24396,7,False,7,11,9,5|9|9|7|9|9|7|9|3|7|8|9|7|5|5
24398,7,False,7,5,7,5|9|3|7|5|7|8|7|7|7|7|7|7|7|7
24406,4,False,4,8,4,4|9|8|9|4|3|9|4|6|4|4|4|9|9|4
24416,1,False,1,5,1,6|1|1|1|6|1|1|1|6|1|7|1|1|7|1
24432,2,False,2,13,0,0|0|0|0|0|0|0|0|0|2|4|0|2|0|0
24436,3,False,3,9,3,6|2|2|3|6|6|3|6|3|3|2|3|0|2|3
24441,3,False,3,8,3,6|6|4|3|3|3|0|3|2|6|7|3|6|3|3
24443,6,True,9,15,5,5|9|5|5|5|5|9|5|5|5|5|5|9|2|5
24494,9,True,4,9,4,6|4|4|4|4|9|9|4|6|4|9|4|9|9|9
24550,0,False,0,14,6,6|6|8|6|6|6|0|6|6|4|6|4|6|6|6
24604,7,True,1,6,7,7|1|1|7|7|1|7|1|7|7|7|7|7|1|1
24637,1,True,3,15,3,6|2|7|2|3|2|3|6|3|3|2|3|2|3|3
24648,2,False,2,7,2,4|6|2|2|2|2|5|4|2|4|2|3|2|2|4
24654,4,True,6,11,6,6|6|4|4|0|6|4|6|6|6|4|6|6|6|6
24662,4,False,4,4,4,6|4|9|4|4|4|9|4|4|4|4|4|4|9|4
24675,6,True,2,9,6,4|4|0|6|6|6|3|4|6|4|6|3|6|2|4
24689,6,True,0,14,-1,3|0|3|3|2|3|0|0|7|0|3|3|0|6|0
24693,9,False,9,7,9,5|9|5|5|9|9|9|9|5|5|9|5|9|5|9
24710,1,False,1,8,1,1|0|0|1|0|0|3|1|1|1|1|0|1|0|3
24722,0,True,2,8,2,0|0|0|2|2|0|0|0|2|2|2|0|2|2|2
24751,4,False,4,8,4,4|9|9|3|2|0|0|4|4|4|4|9|4|4|9
24798,9,False,9,15,5,5|5|5|5|5|5|5|5|5|5|5|5|5|5|5
24812,6,True,2,14,2,4|0|8|2|2|2|8|2|6|4|2|2|2|2|7
24822,6,False,6,11,0,0|0|0|4|6|0|0|0|6|4|0|4|6|0|6
24835,5,True,9,4,5,5|9|5|5|2|5|5|5|9|5|5|5|7|5|5
24886,6,False,6,15,4,4|0|8|2|8|4|0|3|2|8|4|4|9|3|2
24887,6,True,0,8,6,6|6|8|4|6|6|9|6|6|4|0|0|6|3|0
24891,8,False,8,5,8,3|8|8|3|3|8|8|8|8|8|8|8|3|8|3
24932,6,True,3,14,3,6|2|3|3|3|3|3|3|3|3|3|3|2|3|3
24955,1,True,5,13,5,5|5|5|5|3|5|5|1|5|5|8|5|3|5|1
24965,2,False,2,7,2,2|2|0|0|4|9|1|2|2|2|0|2|2|8|2
24975,7,False,7,4,7,7|7|7|7|7|0|7|7|3|7|7|7|6|7|8
24980,5,False,5,6,5,5|5|1|5|3|5|5|5|5|7|4|3|7|5|5
24989,9,True,4,15,4,4|6|4|6|6|4|5|6|6|4|4|4|0|4|4
25003,6,True,3,13,3,2|3|0|3|6|3|3|3|6|3|3|3|3|3|3
25006,3,True,5,12,5,1|7|5|3|3|2|5|5|5|5|3|5|5|7|5
25013,2,True,5,15,5,5|5|5|5|1|5|5|5|5|5|7|5|5|5|5
25023,6,False,6,12,4,4|4|4|6|4|2|5|8|6|4|6|4|4|4|4
25025,3,True,8,12,8,8|3|8|3|3|8|8|8|8|8|8|8|8|8|8
25048,3,True,8,11,8,8|8|3|8|8|3|8|8|8|8|3|3|8|8|8
25085,0,False,0,9,-1,6|0|0|0|6|0|0|6|1|4|0|4|6|6|6
25092,8,True,2,15,2,2|0|0|2|2|0|0|2|2|4|2|0|2|0|2
25093,9,True,4,10,4,4|9|0|9|4|2|9|9|4|4|4|4|2|9|4
25113,8,False,8,3,8,3|8|8|8|3|3|8|8|8|8|8|8|8|8|8
25121,6,True,0,7,6,6|4|0|1|6|6|0|6|6|6|7|0|6|3|6
25124,6,True,5,15,5,3|2|5|3|3|5|5|7|5|5|3|5|7|5|5
25139,9,True,7,10,7,5|9|9|7|7|7|7|9|7|7|7|7|9|7|9
25145,4,True,6,15,3,3|0|7|0|8|3|7|5|3|0|6|3|7|3|7
25161,6,True,0,5,6,6|6|0|6|0|6|0|6|6|6|0|0|6|6|6
25174,9,True,4,14,4,4|6|4|4|3|4|4|4|4|4|4|3|9|3|4
25201,9,True,7,14,7,7|7|5|7|9|5|5|7|7|7|7|7|7|5|7
25219,8,False,8,0,8,8|8|8|8|8|8|8|8|8|8|8|8|8|8|8
25229,5,True,9,5,5,5|9|5|5|2|9|5|5|9|5|5|5|2|5|5
25249,3,True,2,15,0,4|0|2|2|0|2|9|0|2|4|0|4|0|9|4
25251,6,True,0,4,6,6|6|0|6|6|6|0|6|6|6|6|0|6|0|6
25264,7,True,5,5,7,5|7|5|7|7|5|7|7|2|7|2|7|7|7|7
25273,5,False,5,5,5,5|5|5|5|0|5|7|5|5|7|7|5|5|2|5
25303,0,True,3,14,3,0|8|4|9|4|3|8|8|3|4|4|3|3|3|8
25311,3,True,5,13,5,5|5|1|3|2|7|5|7|1|5|2|3|5|5|6
25336,1,False,1,8,1,0|1|1|1|4|0|7|1|1|1|7|1|7|7|7
25350,1,True,5,10,5,5|5|5|1|1|5|5|5|1|5|5|5|5|1|1
25351,2,True,5,14,5,5|5|3|7|2|5|5|1|3|5|7|5|3|5|1
25380,6,False,6,14,4,4|4|4|4|4|2|4|4|6|4|4|4|4|4|4
25383,7,False,7,3,7,7|5|3|7|7|7|7|7|7|7|7|7|3|7|7
25384,7,True,8,12,8,8|8|8|7|1|7|8|8|8|7|1|8|8|8|8
25425,2,True,3,8,3,2|2|2|3|3|3|3|2|3|3|3|3|2|2|2
25443,9,True,4,6,9,4|9|9|9|9|4|9|4|9|4|4|4|9|9|9
25451,0,True,1,7,0,0|1|0|0|0|0|0|1|1|1|0|0|1|1|1
25455,3,False,3,4,3,6|9|8|3|3|3|3|3|3|3|6|3|3|3|3
25474,2,True,3,10,3,3|2|3|2|2|3|3|3|3|3|2|3|2|3|3
25490,8,False,8,2,8,8|8|3|8|0|8|8|8|8|8|8|8|8|8|8
25528,5,True,9,5,5,5|9|5|5|9|9|5|5|5|5|9|5|5|9|5
25541,3,False,3,2,3,2|2|3|3|3|3|3|3|3|3|3|3|3|3|3
25582,6,False,6,15,4,4|4|4|2|4|4|4|4|4|4|4|4|4|4|4
25586,0,True,2,5,0,0|0|0|0|2|0|0|0|2|0|2|0|0|4|2
25604,4,False,4,8,4,4|4|8|9|2|9|5|4|2|4|9|4|4|3|4
25609,4,True,6,2,4,4|4|4|4|4|4|4|4|0|4|4|4|4|2|4
25619,0,False,0,9,6,6|0|0|6|0|0|0|6|6|6|6|0|6|6|6
25620,1,True,5,14,7,5|7|8|5|9|7|9|1|7|7|8|8|7|5|7
25622,6,True,0,7,6,6|6|0|6|6|0|0|0|6|6|6|0|6|3|0
25625,8,False,8,3,8,8|8|8|8|9|8|8|8|8|7|8|8|1|8|8
25644,1,True,5,14,7,5|7|3|8|5|1|5|7|5|7|7|7|7|5|3
25702,1,False,1,14,0,0|0|1|2|4|0|3|4|0|4|3|3|0|0|2
25705,5,False,5,7,5,5|7|5|8|2|5|5|5|5|7|7|5|7|5|6
25706,9,True,8,15,8,8|1|8|1|8|1|8|8|8|8|1|8|1|8|8
25736,6,True,3,10,3,6|6|3|6|2|2|2|6|3|6|3|3|0|3|3
25748,8,False,8,2,8,8|8|8|8|7|8|8|8|8|8|8|8|7|8|8
25760,9,True,6,15,4,4|4|0|4|4|2|0|0|0|4|4|4|0|4|2
25771,5,False,5,14,7,2|7|3|7|2|5|7|7|7|7|7|4|2|7|7
25775,2,True,9,14,9,2|9|9|9|0|9|9|9|9|7|7|9|7|7|9
25783,6,True,0,12,0,0|6|0|0|0|0|0|6|0|0|4|0|7|0|6
25786,7,True,8,13,8,7|1|5|8|0|5|8|8|8|7|5|8|8|5|8
25871,4,True,1,12,1,1|1|1|0|4|0|0|4|1|1|1|0|1|0|4
25875,2,False,2,11,0,2|0|0|0|2|0|0|0|0|4|2|0|2|0|0
25882,1,False,1,5,1,1|1|0|0|4|1|7|1|1|8|1|1|1|1|1
25893,1,False,1,3,1,1|1|0|0|1|1|7|1|1|1|1|1|1|1|1
25894,1,False,1,2,1,1|1|1|1|1|0|1|1|1|1|1|0|1|1|1
25900,5,True,9,1,5,5|5|5|5|5|9|5|5|5|5|5|5|5|5|5
25912,0,True,2,2,0,0|0|0|0|0|0|0|0|0|0|2|2|0|0|0
25960,9,True,4,15,4,6|2|4|4|4|3|4|3|6|4|8|6|6|4|4
25972,0,True,2,11,2,6|6|8|2|2|2|0|0|2|0|4|4|0|2|4
25974,3,False,3,4,3,6|2|3|3|2|3|3|6|3|3|3|3|3|3|3
25977,2,False,2,14,4,0|0|9|4|0|0|0|4|4|4|4|4|4|4|2
25980,6,False,6,11,-1,6|6|8|9|2|2|4|6|8|4|4|4|8|3|6
25986,1,False,1,3,1,1|1|6|1|1|1|1|1|1|3|7|1|1|1|1
26031,6,True,0,9,0,0|0|0|6|6|0|0|6|0|6|0|0|6|0|6
26032,6,True,0,4,6,6|0|6|6|6|6|0|6|6|6|6|0|0|6|6
26037,4,False,4,10,4,4|3|8|9|9|3|9|3|4|4|2|3|9|4|4
26073,0,True,2,5,0,0|0|0|0|0|2|0|0|4|4|2|0|0|0|9
26090,0,True,2,5,0,2|0|0|0|0|2|0|0|2|2|2|0|0|0|0
26100,5,False,5,8,-1,5|5|5|5|7|7|5|7|7|7|7|5|5|7|8
26122,7,False,7,3,7,7|7|9|7|0|7|7|7|7|7|7|7|7|7|9
26123,6,True,0,8,0,6|0|0|6|6|0|0|0|6|0|6|0|6|0|6
26155,6,True,3,10,3,6|9|0|3|6|3|9|3|6|3|6|3|3|3|6
26161,4,False,4,9,9,4|9|9|4|4|9|9|9|4|4|4|9|9|9|9
26163,7,True,1,15,1,0|1|1|1|0|1|0|1|1|1|0|1|0|0|1
26164,0,False,0,15,6,6|6|6|6|4|1|3|8|6|6|6|2|3|3|3
26182,1,False,1,7,1,1|1|1|4|1|7|7|1|1|7|4|1|7|7|1
26199,8,False,8,15,6,6|4|0|0|6|6|9|0|6|6|4|6|6|4|6
26228,5,True,9,7,5,5|5|9|5|9|5|7|5|5|5|9|7|9|5|9
26229,0,False,0,14,6,6|0|6|3|2|3|3|6|6|6|2|2|6|3|3
26233,3,True,2,10,3,3|8|3|3|9|3|8|8|6|4|6|4|0|3|8
26256,2,True,3,12,3,3|0|3|2|1|3|3|2|6|6|2|3|6|4|3
26277,5,True,9,0,5,5|5|5|5|5|5|5|5|5|5|5|5|5|5|5
26280,3,False,3,2,3,3|3|3|3|3|3|3|3|3|0|3|3|6|3|3
26284,2,False,2,9,0,0|0|0|2|0|0|0|0|2|2|6|0|2|2|2
26300,4,False,4,10,4,2|4|4|6|6|6|5|6|9|4|4|4|9|3|3
26303,8,False,8,2,8,8|8|8|8|8|8|8|8|8|8|8|3|8|8|3
26320,9,True,8,15,8,8|8|8|8|3|3|8|8|3|8|8|3|8|3|8
26324,0,False,0,11,6,6|6|0|6|0|6|0|6|6|4|6|0|6|6|6
26330,9,False,9,3,9,2|9|9|9|9|9|9|9|9|9|9|9|7|2|9
26332,1,True,5,15,5,7|5|5|7|5|5|5|7|5|5|7|5|5|5|5
26386,3,True,8,10,8,8|8|3|3|3|3|8|8|8|8|8|8|8|3|8
26401,1,False,1,6,1,1|1|1|1|1|1|7|1|1|7|7|7|7|1|7
26423,3,True,4,15,8,8|4|8|6|4|2|8|1|6|8|4|8|8|8|4
26427,2,True,3,9,3,2|2|2|2|2|3|3|6|3|3|2|3|3|3|3
26430,2,True,3,8,3,2|3|2|3|2|3|3|2|3|3|3|3|2|2|2
26440,0,False,0,9,6,0|0|0|6|6|0|0|6|6|6|6|0|6|6|6
26447,2,False,2,9,2,6|4|3|2|2|2|2|0|8|4|0|2|2|3|3
26464,9,False,9,11,5,5|5|5|5|9|5|5|5|5|5|9|5|9|5|9
26465,7,False,7,4,7,7|7|8|7|0|7|7|7|6|7|2|7|7|7|7
26468,9,True,4,11,4,4|2|4|9|4|4|9|4|4|4|9|0|9|0|4
26475,3,False,3,8,3,6|2|8|2|2|2|3|3|3|3|2|3|2|3|3
26524,2,True,7,13,7,7|7|7|2|9|3|7|7|7|7|7|7|7|2|7
26541,9,True,4,9,4,4|4|4|4|9|4|4|9|9|4|4|4|9|9|9
26554,5,False,5,8,7,5|5|5|7|7|5|5|5|7|7|7|7|5|7|7
26592,2,True,5,15,5,1|5|5|5|3|5|5|5|5|5|7|3|5|5|5
26595,6,True,0,6,6,6|6|0|0|0|0|0|6|6|6|6|0|6|6|6
26601,4,True,6,14,6,2|6|6|6|6|6|5|6|6|6|4|0|6|0|0
26632,2,True,3,11,6,6|2|0|2|0|2|3|6|3|6|6|6|3|3|2
26685,3,True,5,15,5,5|5|1|1|2|5|5|1|1|5|1|5|5|5|5
26687,1,False,1,2,1,1|1|1|4|1|1|1|1|1|1|4|1|1|1|1
26697,7,False,7,8,7,5|7|1|7|7|7|5|9|7|5|7|5|7|5|5
26702,9,True,4,8,-1,4|4|4|9|4|9|9|9|8|4|4|9|4|9|9
26705,5,True,9,1,5,5|5|5|5|9|5|5|5|5|5|5|5|5|5|5
26716,5,True,9,4,5,5|9|5|5|9|5|5|9|5|5|5|5|9|5|5
26726,4,False,4,8,9,4|4|4|9|9|9|9|4|9|4|9|4|9|4|9
26732,7,False,7,12,9,5|9|9|9|9|9|7|9|5|5|7|9|7|9|9
26734,5,True,3,14,-1,7|6|3|6|2|5|3|8|1|8|8|3|6|3|8
26750,9,True,4,15,4,4|4|4|4|4|4|4|4|6|4|4|4|4|4|4
26753,3,False,3,13,6,6|6|8|4|3|6|3|6|0|6|4|0|6|0|6
26774,4,True,6,15,6,6|6|0|6|6|6|0|6|6|6|6|3|6|0|6
26791,9,True,7,14,5,5|7|5|5|9|5|5|5|5|5|7|5|5|5|5
26797,5,True,9,1,5,5|5|5|5|5|5|5|5|5|5|5|5|9|5|5
26801,7,True,1,8,1,1|1|1|1|7|1|7|1|7|7|7|1|7|7|1
26827,1,False,1,2,1,0|1|0|1|1|1|1|1|1|1|1|1|1|1|1
26851,0,True,2,4,0,2|0|0|0|2|2|0|0|0|0|0|2|0|0|0
26866,9,True,7,14,7,5|7|5|7|4|9|5|7|7|7|7|7|7|7|7
26867,0,True,2,15,4,4|9|2|2|4|2|4|2|2|4|4|4|9|4|3
26903,4,False,4,14,0,0|0|0|0|0|0|0|0|0|2|2|0|0|0|4
26904,4,False,4,3,4,4|9|4|4|4|4|9|4|4|4|4|4|9|4|4
26930,4,True,6,13,8,8|8|8|4|2|8|8|8|5|8|6|4|8|2|8
26942,0,False,0,5,0,0|0|0|0|0|0|0|6|6|6|6|0|0|0|6
26976,4,True,6,11,6,6|6|4|6|4|6|0|6|6|4|4|6|6|6|6
27003,6,True,1,15,1,1|1|1|1|1|1|7|1|1|1|7|1|1|1|1
27028,9,True,4,6,9,4|9|4|9|9|9|9|4|4|4|9|4|9|9|9
27031,6,True,7,15,7,5|7|9|7|0|7|7|7|7|7|7|8|7|7|7
27062,4,True,6,11,0,4|0|8|4|4|0|0|0|6|4|6|0|6|3|2
27063,5,True,9,0,5,5|5|5|5|5|5|5|5|5|5|5|5|5|5|5
27084,6,False,6,8,6,6|6|0|1|8|6|5|4|6|4|6|4|6|6|5
27088,6,True,0,10,0,0|0|0|6|6|0|0|0|6|6|0|0|0|0|6
27099,3,False,3,7,3,6|2|3|2|2|3|2|3|3|3|2|3|3|3|2
27101,1,True,5,13,7,7|7|9|1|8|7|7|9|7|7|7|7|7|7|1
27105,0,True,2,10,2,2|0|0|2|2|2|0|6|2|0|2|0|2|4|2
27113,6,True,0,7,6,6|4|4|6|6|6|7|6|6|4|9|6|6|3|4
27124,9,False,9,12,5,5|8|5|5|0|9|9|5|5|5|5|5|9|5|5
27125,5,True,9,1,5,5|5|5|5|5|9|5|5|5|5|5|5|5|5|5
27159,4,False,4,2,4,4|4|4|4|4|4|9|4|4|4|4|4|9|4|4
27226,8,False,8,3,8,8|8|8|4|0|1|8|8|8|8|8|8|8|8|8
27247,7,True,8,13,8,8|8|8|7|0|8|8|8|1|8|7|8|1|8|8
27269,8,True,6,14,4,6|4|4|4|4|4|4|4|8|4|9|4|4|4|4
27281,6,False,6,5,6,6|6|0|6|0|6|0|6|6|6|0|0|6|6|6
27314,9,True,4,4,9,9|9|9|9|4|9|9|9|9|4|4|4|9|9|9
27322,2,True,3,10,3,2|9|1|3|6|2|9|3|3|2|2|3|3|2|3
27327,6,True,0,12,0,8|0|3|6|2|3|5|0|0|4|6|0|0|3|6
27332,6,True,0,4,6,6|6|6|6|0|0|0|6|6|6|6|0|6|6|6
27360,5,False,5,7,5,5|7|5|5|2|5|5|5|3|5|3|3|2|3|5
27390,7,False,7,12,9,5|9|9|7|9|9|9|9|9|7|7|9|9|5|9
27394,9,True,7,10,7,7|5|9|7|2|7|7|9|7|7|9|9|7|9|7
27396,3,False,3,3,3,6|3|0|3|3|3|3|6|3|3|3|3|3|3|3
27401,3,True,7,15,7,7|7|7|7|2|7|7|7|7|7|7|2|7|7|7
27406,8,True,2,12,-1,0|1|3|4|2|3|5|7|8|7|7|8|6|8|1
27424,6,False,6,14,4,4|4|4|6|4|2|0|4|4|4|0|4|4|2|8
27428,9,True,4,9,9,4|9|9|9|1|3|9|3|3|4|9|3|4|9|4
27437,2,True,3,14,3,6|6|3|6|2|6|0|6|0|3|3|3|3|3|3
27447,5,False,5,8,5,5|5|5|7|0|5|8|5|1|7|1|5|7|5|8
27452,0,True,2,13,4,6|6|7|4|4|0|8|4|6|4|4|4|9|8|0
27483,8,False,8,3,8,8|8|8|8|8|8|8|8|8|7|7|8|7|8|8
27503,4,True,6,11,4,3|6|1|4|4|6|3|0|1|3|9|4|4|2|6
27517,9,True,7,12,7,5|7|9|7|7|7|7|7|7|7|5|7|9|7|9
27528,5,False,5,4,5,5|5|5|3|5|3|5|5|5|5|5|1|7|5|5
27530,8,False,8,3,8,8|8|8|3|6|8|8|8|8|8|8|8|3|8|8
27535,2,False,2,4,2,2|0|2|2|2|2|0|0|2|2|2|0|2|2|2
27551,6,True,0,5,6,6|6|2|6|6|6|8|0|6|6|6|6|0|0|6
27581,2,True,7,15,7,3|7|7|1|3|1|7|7|5|7|7|7|7|7|8
27582,7,True,8,9,8,8|8|8|9|7|7|8|8|7|8|7|7|7|8|8
27594,9,True,8,12,8,8|8|9|1|9|4|8|9|8|8|8|8|8|8|8
27605,9,True,4,11,4,4|6|3|9|4|9|9|4|2|4|4|3|9|4|4
27610,6,True,2,13,4,4|4|4|6|2|2|9|4|6|4|4|4|4|9|9
27630,5,False,5,8,5,7|5|5|7|2|1|7|5|7|5|7|5|7|5|5
27644,0,False,0,9,6,6|6|0|2|6|6|0|6|0|6|0|0|6|0|6
27682,8,False,8,5,8,8|1|8|1|8|1|8|8|1|8|8|8|1|8|8
27705,1,False,1,0,1,1|1|1|1|1|1|1|1|1|1|1|1|1|1|1
27713,8,False,8,3,8,8|8|8|8|8|8|8|9|6|8|8|8|8|9|8
27741,9,False,9,15,5,5|5|5|5|2|5|5|5|5|5|5|5|5|5|5
27757,0,True,2,12,4,2|4|8|0|0|4|0|4|4|4|6|4|6|4|4
27782,6,True,0,12,-1,6|8|3|3|0|0|5|1|1|6|6|7|1|8|8
27797,7,False,7,1,7,7|7|7|7|9|7|7|7|7|7|7|7|7|7|7
27828,5,True,9,2,5,5|5|9|5|9|5|5|5|5|5|5|5|5|5|5
27833,3,True,8,13,8,8|8|8|8|8|8|8|8|8|8|8|3|8|3|8
27839,7,True,1,14,1,1|1|1|1|1|1|7|1|1|1|1|1|1|1|1
27854,0,True,1,11,1,1|1|0|1|0|0|0|1|1|1|1|1|1|1|1
27868,8,False,8,2,8,8|8|8|3|9|8|8|8|8|8|8|8|8|8|8
27879,2,True,3,13,3,2|0|2|3|3|3|3|0|8|3|6|3|3|8|6
27909,0,True,1,13,1,0|1|0|1|1|1|1|1|1|1|1|1|1|1|1
27924,9,True,7,7,9,5|9|9|5|0|5|9|9|5|7|9|5|9|9|9
27954,6,False,6,13,-1,6|0|8|2|0|0|3|4|6|2|0|8|8|2|2
27985,2,False,2,11,0,0|0|0|2|2|0|0|0|0|2|0|0|0|0|2
28024,3,True,8,15,5,5|5|2|5|8|9|9|5|5|5|7|9|5|5|8
28028,4,True,6,11,4,4|2|8|2|8|2|5|4|6|4|4|3|3|8|6
28030,4,True,7,14,7,7|7|3|7|7|7|7|4|7|7|3|7|7|7|7
28039,1,False,1,12,1,0|5|1|6|6|3|5|1|2|8|1|0|7|7|2
28063,1,False,1,2,1,1|1|1|1|1|1|7|1|1|1|6|1|1|1|1
28086,5,False,5,6,5,5|5|5|7|5|5|5|5|5|7|7|5|7|7|1
28099,6,True,3,5,6,6|6|6|6|6|6|3|6|6|6|4|3|6|3|3
28110,2,True,5,13,5,5|5|5|2|2|5|5|5|5|5|7|7|7|5|5
28175,5,True,9,4,5,5|5|5|5|2|5|5|5|9|5|2|2|5|5|5
28203,4,True,6,5,4,4|6|0|4|4|4|0|4|4|4|4|2|4|4|2
28212,8,True,1,15,1,1|1|0|0|0|1|1|1|1|1|1|1|0|1|1
28213,2,False,2,9,2,0|0|8|2|2|2|0|0|2|2|1|8|8|2|4
28248,5,True,9,8,5,5|5|3|5|2|9|5|5|9|5|9|2|7|5|9
28269,3,False,3,12,6,0|0|6|6|6|6|3|6|1|4|6|3|6|3|6
28276,3,False,3,10,2,4|2|0|2|2|3|3|6|8|3|2|3|2|3|2
28280,4,True,6,2,4,4|4|4|1|4|4|4|4|6|4|4|4|4|4|4
28305,9,False,9,15,5,5|5|5|5|5|5|5|5|5|5|5|5|5|5|5
28309,9,True,7,7,9,7|9|9|9|0|9|9|9|2|7|1|7|7|9|9
28314,4,True,6,13,0,0|0|0|2|2|0|0|0|4|4|2|0|0|2|2
28318,4,False,4,8,-1,4|4|9|9|9|0|9|4|9|4|4|4|9|9|4
28322,2,True,3,7,2,2|2|2|3|3|2|2|3|3|3|3|3|2|2|2
28333,0,False,0,12,6,6|3|6|3|0|0|2|0|6|6|6|6|6|4|8
28338,6,True,0,8,-1,6|0|6|0|6|0|0|6|1|6|6|0|0|0|6
28358,4,False,4,8,-1,4|9|4|9|9|9|9|9|6|4|4|4|4|9|4
28374,9,False,9,15,5,5|5|5|5|5|5|5|5|5|5|5|5|5|5|5
28388,0,True,2,11,-1,4|2|0|4|2|2|0|9|0|4|8|0|2|9|4
28423,0,True,1,9,1,0|0|0|1|0|0|0|1|1|1|1|1|1|1|1
28434,5,False,5,8,5,5|5|5|5|2|5|5|1|7|7|2|7|5|7|7
28442,8,False,8,8,8,4|4|8|0|8|9|8|8|8|4|8|4|8|0|2
28453,0,False,0,10,6,0|0|0|6|6|6|0|6|6|6|4|0|6|6|6
28497,3,True,5,14,5,5|7|5|1|5|5|5|5|5|5|5|5|7|3|8
28500,0,True,2,15,2,4|4|2|6|8|2|4|4|3|2|2|3|2|3|2
28511,5,False,5,4,5,5|1|5|5|1|7|5|5|5|5|5|5|7|5|5
28512,4,True,6,7,4,4|4|0|4|4|3|8|8|6|4|4|4|4|0|6
28521,9,True,8,15,8,8|4|8|8|4|4|8|4|6|4|8|8|8|8|8
28524,4,True,6,1,4,4|4|4|4|4|2|4|4|4|4|4|4|4|4|4
28527,7,True,1,14,1,1|1|1|1|1|1|7|1|1|1|1|1|1|1|1
28538,4,True,6,1,4,4|4|4|4|4|4|4|4|6|4|4|4|4|4|4
28578,9,True,7,14,7,7|7|7|7|7|7|7|9|7|7|4|7|7|7|7
28591,3,True,8,15,8,8|9|8|8|8|8|8|8|8|8|8|8|8|8|8
28596,0,True,2,3,0,0|0|0|0|0|0|0|0|2|2|0|0|0|0|2
28606,2,True,3,14,3,6|6|7|3|3|2|1|1|3|3|3|3|6|3|3
28630,4,True,6,2,4,4|4|4|4|4|4|4|4|6|4|4|4|4|0|4
28632,4,False,4,10,4,4|6|4|8|4|6|5|8|3|4|7|4|2|3|8
28643,9,True,7,10,7,7|7|9|5|9|7|7|7|9|7|9|7|9|7|7
28646,0,True,2,5,0,0|0|0|2|2|0|0|0|2|0|0|0|0|4|2
28694,3,True,8,11,8,8|8|8|3|2|3|8|8|8|8|8|3|8|3|8
28710,4,True,7,13,7,8|7|7|7|4|7|7|7|7|7|4|7|7|7|7
28714,7,False,7,8,7,5|7|7|7|9|5|5|7|7|5|7|5|9|2|7
28722,0,False,0,11,6,6|0|0|6|6|0|0|6|6|6|4|4|6|6|6
28753,8,False,8,1,8,8|8|8|8|3|8|8|8|8|8|8|8|8|8|8
28775,0,True,2,13,4,2|2|9|2|0|0|4|4|4|2|4|4|6|4|2
28795,5,False,5,9,5,7|2|5|4|2|2|5|5|2|5|7|7|7|5|5
28807,5,True,9,0,5,5|5|5|5|5|5|5|5|5|5|5|5|5|5|5
28863,9,True,4,12,4,4|4|4|9|9|4|4|4|9|4|4|4|4|4|4
28885,9,True,6,15,4,2|6|8|6|6|4|4|4|6|4|2|4|2|6|4
28895,5,False,5,8,-1,2|0|5|2|2|5|5|5|5|5|2|2|2|5|2
28907,8,False,8,8,8,8|6|8|9|8|8|8|8|3|3|3|3|3|3|8
28932,5,True,3,15,6,6|6|8|6|4|2|6|4|6|4|4|3|6|3|6
28936,9,True,4,14,4,4|4|4|4|4|4|4|4|9|4|4|4|4|4|4
28995,9,True,4,13,4,4|4|4|4|6|4|9|4|4|4|4|0|4|9|4
29004,9,False,9,5,9,7|5|9|5|5|9|9|9|9|9|9|2|9|9|9
29023,3,False,3,7,3,2|4|8|3|3|3|4|0|3|3|2|3|3|3|6
29026,6,True,0,10,4,6|6|0|4|6|4|0|4|4|4|6|0|6|4|4
29035,3,True,2,12,8,8|8|3|3|2|2|5|4|1|8|1|3|2|8|8
29075,8,True,2,12,0,2|6|0|2|8|2|3|8|3|6|3|0|0|0|8
29081,3,False,3,4,3,6|6|3|6|3|3|3|3|3|3|6|3|3|3|3
29099,7,False,7,3,7,7|7|9|1|9|7|7|7|7|7|7|7|7|7|7
29115,1,False,1,5,1,0|1|0|1|0|1|0|1|1|1|1|0|1|1|1
29129,6,False,6,15,0,0|0|0|0|0|0|0|4|2|4|0|0|0|0|2
29143,9,True,7,15,7,7|7|7|7|3|7|7|7|7|7|7|7|7|7|7
29191,5,False,5,8,5,5|7|5|2|2|8|3|3|5|5|5|5|2|5|1
29237,4,False,4,9,9,4|9|4|9|9|9|9|9|9|4|4|4|9|9|4
29286,0,True,2,5,0,0|0|0|6|0|0|0|0|0|2|2|2|0|0|2
29317,4,True,6,3,4,4|4|8|6|4|4|4|4|6|4|4|4|4|4|4
29326,0,True,2,8,0,4|0|0|2|0|0|0|4|4|4|2|0|4|0|9
29338,9,True,7,11,7,7|9|7|7|9|7|7|9|7|7|7|7|7|7|9
29343,7,True,1,7,7,1|1|1|1|1|7|7|1|1|7|7|7|7|7|7
29351,8,False,8,4,8,8|1|8|8|8|1|8|8|1|8|8|8|5|8|8
29371,0,False,0,9,0,2|0|0|6|4|0|0|0|1|4|8|0|8|2|6
29378,0,True,2,9,0,6|0|8|2|2|0|8|0|1|4|4|0|6|0|0
29379,3,True,8,13,8,8|8|8|8|3|8|8|8|8|8|8|8|3|8|8
29385,4,False,4,8,4,2|9|9|4|0|0|0|4|4|4|4|4|4|0|9
29406,4,False,4,9,9,4|9|9|9|9|4|9|4|4|4|9|4|9|9|9
29411,4,True,6,15,6,6|6|0|6|6|6|0|6|6|6|6|0|6|6|6
29434,6,True,2,13,4,4|4|8|6|4|2|0|4|8|8|3|4|6|4|2
29450,6,True,3,11,3,6|3|3|3|3|3|3|3|3|3|6|3|6|3|6
29463,9,False,9,15,5,5|5|5|5|5|5|5|5|5|5|5|5|5|5|5
29464,6,True,9,15,5,5|5|5|9|2|9|9|9|5|5|7|5|5|9|8
29485,7,True,5,10,5,5|5|5|7|7|9|5|5|5|7|7|5|7|5|2
29486,5,False,5,6,5,1|1|5|5|5|5|5|1|5|5|5|1|1|5|1
29494,5,False,5,3,5,5|5|5|5|5|5|5|5|7|7|5|5|7|5|5
29495,4,True,7,15,7,7|7|3|7|9|7|7|7|7|7|7|7|7|7|7
29505,6,False,6,15,2,2|9|2|5|2|2|9|2|8|4|3|2|2|2|9
29520,9,True,4,14,4,4|4|4|4|6|4|0|4|4|4|4|4|4|9|4
29528,9,True,7,5,9,2|9|9|7|9|9|9|9|2|9|9|7|9|7|9
29536,4,False,4,10,9,4|6|9|3|9|9|9|9|9|4|4|4|4|9|9
29543,3,True,5,12,5,5|5|5|5|1|5|3|5|5|3|5|5|3|5|5
29553,1,True,3,15,2,2|4|0|2|2|2|3|8|2|4|3|2|4|2|2
29589,0,False,0,12,6,6|6|0|6|6|0|3|0|6|6|4|3|6|3|6
29592,4,True,6,13,6,0|0|8|6|4|3|9|6|6|6|4|0|6|8|6
29617,9,True,4,10,4,4|4|0|4|9|9|9|4|4|4|4|4|4|9|9
29620,1,True,5,12,5,5|5|5|5|1|5|5|1|5|5|5|5|5|5|1
29626,5,False,5,3,5,5|5|1|1|5|5|5|5|5|5|5|5|5|5|1
29638,0,True,7,15,7,7|7|3|7|7|7|7|1|7|7|7|7|7|7|7
29639,6,True,0,6,6,6|6|0|0|0|6|0|6|6|6|0|0|6|6|6
29656,9,True,7,14,7,2|7|9|7|7|7|7|7|7|7|7|7|7|7|7
29658,2,False,2,12,0,0|0|0|2|2|0|0|0|0|2|0|0|0|0|0
29699,8,False,8,6,8,8|8|8|7|1|7|8|8|7|8|7|8|7|8|8
29702,4,True,6,15,6,6|0|0|6|6|0|0|6|6|6|6|0|6|6|6
29774,7,True,1,13,1,1|1|1|1|0|1|7|1|1|1|7|1|1|1|1
29775,2,True,5,14,5,5|5|5|5|2|5|5|5|5|5|1|1|5|5|5
29780,4,True,6,14,6,6|6|0|4|6|6|0|6|6|6|2|6|6|3|6
29793,5,True,9,1,5,5|5|5|5|5|5|5|9|5|5|5|5|5|5|5
29819,2,False,2,12,0,0|0|0|0|0|0|0|0|4|2|0|0|0|2|2
29831,6,True,2,14,2,2|0|7|2|2|6|0|0|2|4|2|2|2|2|2
29839,2,True,9,15,5,5|9|9|5|9|9|9|5|5|5|5|5|5|5|5
29844,6,True,0,6,6,6|6|0|4|6|6|0|6|6|6|0|0|0|6|6
29850,2,True,3,15,3,3|3|3|3|3|3|3|3|6|3|3|3|7|3|3
29889,9,False,9,8,-1,5|9|2|5|9|9|9|9|5|5|9|5|9|5|5
29896,7,True,1,11,1,1|1|1|1|1|1|7|1|1|1|7|1|7|7|1
29928,3,True,5,11,5,5|8|5|5|3|5|5|5|5|5|7|3|3|5|3
29933,0,True,2,11,2,4|2|0|0|0|2|0|2|2|2|4|4|2|9|4
29937,4,True,1,15,1,1|1|1|1|1|1|1|1|1|1|1|1|1|1|1
29958,6,True,2,15,4,1|0|0|4|2|9|0|4|2|4|0|4|2|2|4
29994,4,True,6,4,4,4|6|0|4|4|6|4|4|6|4|4|4|4|4|4
29996,4,True,6,4,4,4|4|4|4|6|6|4|4|4|4|6|4|6|4|4
30010,2,True,3,11,3,3|2|0|2|2|3|3|3|3|3|3|0|3|2|3
30040,5,False,5,6,5,5|5|5|7|7|5|5|5|5|7|7|8|7|5|5
30065,6,False,6,4,6,6|6|0|3|6|6|3|6|6|6|6|6|0|6|6
30092,9,True,4,7,9,4|4|9|9|4|9|9|4|9|4|9|3|9|9|4
30097,3,True,2,15,9,4|9|9|6|4|9|9|9|9|4|9|9|9|9|4
30108,6,False,6,15,2,2|0|2|7|2|0|2|0|2|2|4|2|2|2|2
30111,7,False,7,1,7,7|7|7|3|7|7|7|7|7|7|7|7|7|7|7
30140,0,True,2,14,4,4|9|0|2|2|9|9|4|4|4|4|4|4|9|4
30142,0,True,2,4,0,0|0|0|0|0|2|0|0|2|0|0|2|0|0|2
30152,9,True,4,10,4,4|4|9|4|0|9|4|4|9|4|4|4|9|9|4
30159,2,True,9,12,-1,5|9|9|5|2|9|9|5|5|5|2|2|9|5|9
30189,7,False,7,8,-1,2|7|4|4|4|7|7|4|7|7|4|7|7|4|4
30230,9,True,4,15,8,8|2|1|7|4|8|5|1|1|5|3|2|8|8|7
30260,4,True,6,9,4,0|6|0|6|4|2|2|4|6|4|4|0|6|4|4
30265,3,True,8,11,8,8|8|8|8|3|3|8|3|8|3|8|8|8|8|8
30282,0,True,1,14,1,1|1|1|1|0|1|1|1|1|1|1|1|1|1|1
30302,4,True,6,0,4,4|4|4|4|4|4|4|4|4|4|4|4|4|4|4
30315,9,True,7,11,7,7|7|9|7|0|7|7|9|7|7|7|8|9|7|9
30326,5,True,9,0,5,5|5|5|5|5|5|5|5|5|5|5|5|5|5|5
30357,8,False,8,2,8,8|8|8|3|8|8|8|8|3|8|8|8|8|8|8
30361,2,True,3,14,3,6|3|3|3|2|3|3|3|3|3|1|3|3|3|3
30373,0,True,2,8,0,2|2|0|0|0|0|0|0|4|4|2|4|2|0|9
30391,2,True,3,13,3,1|3|3|3|6|3|3|6|3|6|2|3|3|2|3
30397,4,True,6,15,-1,3|6|3|1|3|3|8|8|6|5|6|8|0|6|8
30404,6,True,3,14,3,3|2|3|3|6|2|3|3|3|3|3|3|7|3|3
30422,0,True,2,14,3,6|6|8|2|3|2|3|2|1|0|7|3|7|3|5
30458,7,False,7,4,7,7|7|7|4|7|7|7|7|7|7|4|7|7|3|4
30495,2,False,2,12,0,0|2|9|2|6|0|0|0|9|4|2|0|0|9|6
30497,4,True,6,6,4,4|9|4|4|4|9|9|4|4|4|0|4|4|9|9
30502,2,False,2,7,2,0|0|8|2|2|0|0|2|8|2|2|0|2|2|2
30506,2,False,2,15,8,8|8|8|1|8|1|8|8|8|8|8|8|8|8|8
30509,6,True,2,11,-1,8|8|9|2|0|6|0|3|8|4|6|8|4|6|6
30511,2,False,2,13,0,0|0|0|2|2|0|0|0|0|4|0|0|0|0|0
30533,6,True,9,15,5,5|5|5|5|9|5|5|5|9|5|5|5|5|5|9
30536,7,False,7,3,7,3|7|7|7|7|9|7|7|7|7|7|7|5|7|7
30547,6,False,6,14,4,4|4|4|4|4|4|9|4|4|4|4|4|6|3|0
30553,6,True,5,15,5,5|5|5|1|5|5|5|5|5|5|3|1|5|5|5
30568,6,False,6,11,4,4|2|9|6|9|3|0|4|6|4|6|4|6|4|3
30572,4,False,4,10,4,1|9|4|3|0|9|4|4|4|4|9|8|8|2|9
30616,9,True,4,13,4,4|4|4|9|4|4|4|4|4|4|4|4|4|9|4
30630,5,True,9,9,-1,5|5|9|7|2|7|5|5|5|5|7|7|7|9|7
30640,0,False,0,13,6,6|6|0|6|0|6|9|6|6|6|6|6|6|6|6
30654,0,True,1,10,1,0|1|1|1|1|0|1|1|0|1|1|0|0|1|3
30658,9,True,4,9,4,4|9|9|9|4|2|9|4|4|4|4|4|9|9|4
30699,9,True,8,14,8,8|8|8|9|8|8|8|8|6|8|8|3|8|8|8
30700,0,False,0,10,6,6|0|0|6|6|0|0|6|6|6|6|0|6|6|6
30703,7,True,5,9,5,7|5|5|7|1|8|5|5|7|5|5|5|7|7|7
30715,6,True,0,3,6,6|6|6|6|6|6|3|6|6|6|6|3|6|0|6
30723,8,False,8,3,8,8|8|1|8|8|8|8|1|1|8|8|8|8|8|8
30744,9,True,7,7,9,2|9|9|7|2|9|9|9|7|9|7|7|2|9|9
30766,2,True,5,15,5,5|5|5|7|0|5|5|5|5|5|5|5|5|5|5
30778,0,True,1,10,1,0|1|1|1|0|1|0|1|1|1|0|1|1|0|1
30787,5,False,5,9,2,2|2|5|2|2|2|5|5|5|5|2|2|5|2|2
30796,6,True,0,15,0,1|0|2|0|2|0|3|3|3|0|0|3|0|3|0
30816,9,True,8,15,8,8|8|8|8|8|8|8|8|7|8|8|8|7|8|8
30827,5,True,9,13,-1,7|7|9|1|5|7|9|9|9|7|9|7|7|5|9
30833,6,False,6,12,4,4|4|1|4|4|5|0|6|6|0|6|8|3|0|2
30841,7,False,7,1,7,7|7|9|7|7|7|7|7|7|7|7|7|7|7|7
30849,6,True,0,14,4,4|2|0|4|4|2|3|4|6|4|4|4|0|2|9
30850,7,False,7,9,-1,7|5|9|7|7|2|5|5|5|5|7|7|7|5|9
30865,4,True,6,3,4,4|4|8|4|6|4|4|4|4|4|4|2|4|4|4
30879,5,False,5,6,5,5|7|5|5|5|5|7|5|5|8|2|7|5|5|7
30883,3,True,5,14,5,1|5|1|6|2|5|7|5|3|5|7|7|5|5|1
30926,1,True,5,8,-1,1|5|5|1|5|1|5|1|5|7|1|1|5|5|1
30933,0,True,1,11,1,0|1|1|1|0|1|0|1|1|1|1|0|7|1|1
30958,4,False,4,6,4,4|4|9|9|4|4|9|4|9|4|4|4|9|9|4
30960,3,True,5,13,5,5|5|5|2|3|5|5|5|3|7|5|5|1|5|1
30975,0,True,7,15,7,2|9|2|9|9|7|7|9|3|7|7|7|7|7|1
31004,6,False,6,15,4,4|4|4|4|4|4|8|4|4|4|4|4|4|4|4
31028,1,False,1,2,1,1|1|1|1|4|1|1|1|1|1|4|1|1|1|1
31032,7,False,7,9,7,3|7|9|3|9|3|5|7|7|7|3|8|7|9|7
31067,3,True,7,15,7,7|7|7|7|7|7|7|7|7|7|7|7|7|7|7
31074,2,True,3,11,3,2|3|3|3|3|2|3|3|3|3|2|3|3|2|3
31084,5,False,5,6,5,5|5|5|7|5|7|5|5|5|7|7|5|7|5|8
31090,1,True,4,15,4,6|9|8|4|6|4|0|4|6|3|4|2|3|2|0
31097,1,False,1,4,1,0|1|1|0|1|1|1|1|1|8|0|1|1|1|1
31110,6,True,2,13,4,4|6|4|1|4|9|9|4|8|4|2|4|6|9|4
31113,0,False,0,15,6,6|6|4|4|6|4|5|4|6|6|6|3|6|6|6
31120,0,False,0,13,6,6|6|6|6|4|0|0|6|6|6|6|6|6|6|6
31139,9,False,9,13,5,5|5|5|5|9|5|5|5|9|5|5|5|5|5|5
31143,9,False,9,9,9,2|9|2|3|2|9|5|9|2|5|2|5|9|9|9
31213,6,False,6,3,6,6|6|0|6|6|6|0|6|6|6|6|0|6|6|6
31225,8,False,8,3,8,8|8|8|3|3|3|8|8|8|8|8|8|8|8|8
31231,7,True,5,10,5,5|5|5|7|7|5|5|5|7|5|5|5|7|7|6
31237,8,True,7,13,7,8|7|5|7|9|2|7|7|1|7|7|8|7|7|7
31308,5,True,9,3,5,5|5|5|5|5|9|5|5|9|5|5|5|5|5|9
31342,1,False,1,4,1,3|1|1|1|4|1|1|1|1|1|7|1|7|1|1
31353,9,True,7,13,7,7|9|7|7|5|7|1|7|9|7|3|7|7|7|7
31382,6,True,3,15,3,1|3|1|3|3|3|3|3|3|3|3|3|2|3|3
31416,5,True,9,1,5,5|5|5|5|2|5|5|5|5|5|5|5|5|5|5
31453,1,False,1,2,1,1|1|1|1|1|0|1|1|1|1|1|1|1|1|2
31469,6,True,9,15,-1,5|9|9|8|2|9|9|5|5|5|5|5|9|2|9
31512,6,True,0,5,6,0|6|6|6|6|0|0|6|6|0|6|0|6|6|6
31546,6,True,0,5,6,6|6|0|6|0|0|0|6|6|6|6|6|6|0|6
31551,6,True,2,12,9,6|9|3|9|2|2|2|9|9|6|6|0|9|3|9
31602,3,False,3,4,3,6|3|3|3|6|3|3|3|6|3|6|3|3|3|3
31637,7,True,5,11,5,7|5|5|1|3|1|5|5|5|7|3|5|7|7|1
31640,2,False,2,15,4,4|0|0|6|0|0|9|4|4|4|4|4|4|9|9
31647,1,True,8,15,8,8|3|8|8|8|8|8|8|8|8|8|8|8|3|8
31664,9,True,4,13,4,2|4|4|2|2|4|9|4|4|4|2|9|4|2|4
31675,6,True,3,15,3,3|2|7|3|2|3|3|3|3|3|2|3|2|3|3
31690,0,True,1,13,1,0|1|1|1|1|1|1|0|1|1|1|1|1|1|1
31750,0,False,0,10,6,6|0|0|4|0|0|0|6|6|6|6|6|6|6|6
31761,7,False,7,5,7,7|9|7|7|0|7|1|7|2|7|7|7|7|2|7
31767,0,True,1,9,1,0|0|0|1|1|0|0|1|1|1|1|1|0|1|1
31779,9,True,7,9,7,7|9|9|7|9|7|7|9|9|7|7|7|7|7|9
31800,2,True,7,12,7,2|7|7|2|0|7|7|9|7|7|7|7|9|2|7
31826,4,True,6,12,8,8|0|8|4|4|2|8|8|8|8|4|2|0|2|8
31831,9,True,7,8,7,7|7|9|9|7|9|7|9|9|7|9|9|7|7|7
31833,7,False,7,9,7,7|5|3|7|2|7|7|5|3|7|1|7|5|5|8
31849,5,True,9,0,5,5|5|5|5|5|5|5|5|5|5|5|5|5|5|5
31851,3,False,3,7,3,6|6|3|3|6|3|3|6|6|3|2|3|3|3|6
31862,5,False,5,9,2,5|5|5|2|2|2|5|5|5|2|2|2|2|2|2
31870,5,False,5,7,5,5|5|2|5|2|5|3|2|2|7|5|5|5|5|2
31875,7,True,8,12,8,8|8|8|8|8|8|8|8|8|8|7|8|7|7|8
31884,0,True,2,2,0,0|0|0|2|0|0|0|0|0|0|0|0|0|0|6
31918,2,True,3,12,3,6|6|3|3|2|2|3|0|3|3|2|3|6|3|3
31944,1,True,3,15,3,6|6|3|2|3|3|3|3|3|2|3|3|3|2|2
31980,8,False,8,2,8,8|8|8|9|8|8|8|8|3|8|8|8|8|8|8
32038,3,False,3,8,-1,6|3|2|3|2|2|3|3|2|3|2|3|2|2|3
32040,7,False,7,7,7,2|5|2|5|9|7|7|2|7|7|7|7|7|7|1
32069,9,True,7,15,7,5|1|7|7|5|7|7|1|7|7|7|1|7|7|7
32076,2,False,2,15,4,8|4|0|0|6|6|4|4|4|4|1|0|6|4|5
32083,0,False,0,11,6,6|6|0|4|6|6|0|6|6|6|6|0|6|0|6
32093,4,True,6,2,4,4|4|4|4|4|9|4|4|4|4|4|4|4|4|9
32125,0,True,1,7,0,0|0|1|1|1|0|0|1|1|1|0|0|0|0|1
32127,4,False,4,12,3,2|4|1|9|9|2|3|9|6|4|4|3|3|3|6
32137,8,False,8,4,8,8|8|8|3|8|3|8|8|8|1|8|8|7|8|8
32143,0,False,0,12,6,6|6|0|6|6|6|0|6|6|6|6|0|6|6|6
32148,5,True,9,2,5,5|5|5|5|9|5|5|9|5|5|5|5|5|5|5
32171,4,True,6,12,6,4|6|0|1|6|3|1|3|0|4|6|4|6|6|2
32175,0,False,0,9,6,0|0|0|6|6|0|0|6|6|6|6|0|6|6|6
32187,9,False,9,14,5,5|5|5|5|9|5|5|5|5|5|5|5|5|5|5
32213,4,False,4,7,4,4|6|4|6|9|4|9|9|4|4|4|4|9|3|4
32224,0,True,7,15,7,7|7|7|7|9|7|7|7|7|7|7|7|7|7|7
32231,2,True,5,14,5,5|5|5|7|7|5|5|5|5|5|7|7|2|5|5
32258,3,True,8,15,-1,4|6|9|6|2|2|9|4|6|4|6|4|6|2|4
32269,3,True,2,13,4,4|9|9|3|2|0|9|4|2|2|3|4|4|4|4
32279,8,False,8,2,8,8|8|8|8|8|8|8|8|8|3|8|8|3|8|8
32305,9,False,9,11,7,5|7|9|7|8|9|9|1|7|7|8|5|7|7|9
32313,3,False,3,8,2,2|3|3|2|3|2|3|3|3|2|2|3|2|2|2
32318,7,False,7,2,7,7|9|7|7|9|7|7|7|7|7|7|7|7|7|7
32320,4,False,4,9,9,4|9|9|9|4|4|9|4|9|4|9|4|9|9|9
32353,3,True,8,14,8,8|8|8|8|8|8|8|8|8|8|8|3|8|8|8
32369,6,False,6,12,4,6|4|0|4|2|4|9|4|6|4|4|4|6|4|7
32384,0,True,1,10,1,0|1|0|1|0|1|0|1|1|8|7|1|0|1|1
32396,7,False,7,4,7,7|7|9|7|0|7|7|9|7|7|7|7|7|2|7
32404,7,True,2,15,3,3|8|3|3|3|3|8|3|8|3|3|3|3|3|8
32409,3,False,3,6,3,6|6|3|3|4|3|3|3|6|3|6|3|6|3|3
32421,5,False,5,5,5,5|5|5|5|5|1|5|1|1|5|3|5|5|5|2
32428,9,True,7,12,7,7|7|7|7|9|7|7|7|7|7|7|7|9|9|7
32433,9,False,9,9,9,5|5|9|7|9|9|9|9|5|5|8|2|8|5|9
32436,5,False,5,6,5,5|5|2|5|3|5|5|5|2|7|5|5|7|5|9
32451,2,False,2,15,0,0|0|0|6|0|0|0|0|0|0|0|0|0|0|0
32483,0,True,1,12,4,4|4|4|2|6|0|0|0|4|4|4|2|6|4|4
32485,2,True,3,7,2,2|3|2|3|2|2|2|3|3|3|2|3|2|2|3
32490,9,True,6,15,2,2|2|0|2|2|2|3|0|2|3|2|4|3|2|2
32508,2,True,7,14,7,7|5|7|9|2|5|7|7|3|7|7|7|7|3|8
32520,2,True,5,11,5,5|7|5|5|2|5|5|5|5|5|2|2|5|5|2
32549,7,False,7,3,7,7|9|7|7|0|7|7|7|7|7|5|7|7|7|7
32564,4,True,7,10,7,7|7|7|7|4|7|7|7|4|7|4|7|4|7|4
32570,9,False,9,14,5,5|5|5|5|5|5|5|5|9|5|5|5|5|5|5
32572,3,False,3,4,3,2|0|3|3|3|2|3|3|3|3|3|3|3|2|3
32578,2,False,2,14,8,8|8|8|8|8|2|8|8|1|4|8|8|8|8|8
32605,5,True,9,0,5,5|5|5|5|5|5|5|5|5|5|5|5|5|5|5
32626,0,True,2,5,0,0|0|0|4|0|0|0|0|2|2|0|2|0|0|4
32634,9,False,9,12,5,5|9|3|8|2|8|5|5|9|6|5|5|9|5|6
32638,5,False,5,6,5,5|5|5|5|3|5|5|5|1|7|7|5|1|5|2
32655,5,True,9,2,5,5|5|5|5|5|5|5|5|9|5|9|5|5|5|5
32664,7,False,7,3,7,7|7|9|7|9|7|7|7|9|7|7|7|7|7|7
32675,3,False,3,6,3,1|2|2|3|2|3|3|6|3|3|3|3|6|3|3
32683,1,True,8,13,8,8|8|8|1|0|5|8|1|8|8|8|8|7|5|8
32690,9,False,9,14,5,5|5|5|9|5|5|5|5|5|5|5|5|5|5|8
32699,9,False,9,14,5,5|5|5|5|5|9|5|5|5|5|5|5|5|5|5
32718,4,True,1,15,1,1|1|1|1|7|1|7|1|1|1|7|7|7|7|1
32719,3,False,3,3,3,3|2|7|3|3|3|3|3|3|3|3|3|2|3|3
32723,9,True,8,13,8,8|8|8|7|9|8|8|8|6|8|9|8|8|8|8
32726,6,True,2,11,2,6|6|3|2|3|3|3|6|1|2|0|2|6|2|2
32755,4,True,6,12,0,6|6|4|2|6|0|0|0|4|4|0|0|6|0|6
32787,5,False,5,10,-1,5|7|9|7|9|5|7|9|7|5|9|7|5|9|5
32791,0,True,2,14,4,4|4|0|2|4|2|4|4|4|4|2|4|2|4|4
32813,0,True,2,15,9,4|9|9|4|9|9|9|4|9|4|9|4|9|9|9
32829,9,True,4,10,4,4|9|0|4|4|9|9|4|6|4|4|4|9|2|9
32831,0,False,0,9,6,6|0|0|6|0|0|0|6|6|6|6|0|6|6|6
32839,3,True,8,13,8,8|7|8|3|3|5|8|8|8|8|8|8|8|8|8
32849,6,True,3,12,3,6|6|3|3|3|3|3|3|3|3|3|3|6|3|3
32856,0,False,0,14,5,5|7|5|5|7|5|5|5|6|5|7|7|0|5|7
32877,2,True,5,13,5,5|5|2|5|2|5|5|5|5|7|5|5|7|7|5
32897,9,True,4,5,9,4|9|4|4|9|9|9|9|9|4|4|9|9|9|9
32898,9,True,8,15,8,8|8|8|8|8|8|8|8|8|8|8|3|8|3|8
32934,7,False,7,3,7,7|7|3|7|0|7|7|7|7|7|7|7|7|3|7
32946,3,False,3,9,3,6|2|3|3|2|2|5|4|9|3|2|3|3|3|2
32956,1,True,3,14,3,2|2|3|1|2|3|3|3|3|3|3|3|6|3|3
32959,9,False,9,12,5,5|9|5|5|9|5|7|5|2|5|9|5|5|5|5
32989,6,False,6,11,4,6|4|4|4|6|6|4|4|4|4|4|4|6|4|4
33041,6,False,6,13,2,2|9|8|4|0|2|9|4|2|6|2|4|6|2|2
33048,2,False,2,15,0,4|4|0|6|6|0|0|0|6|4|4|0|0|0|6
33065,2,True,3,10,3,3|2|3|3|3|2|3|3|2|3|2|3|6|3|2
33077,6,True,3,14,3,6|2|3|3|3|3|3|3|3|3|2|3|2|3|3
33088,9,True,4,15,3,3|3|3|2|8|3|3|2|3|3|3|3|3|3|3
33090,0,True,2,5,0,0|0|0|2|0|0|0|0|2|2|2|0|0|2|0
33098,1,False,1,6,1,1|1|1|1|7|1|7|1|7|7|7|1|7|1|1
33102,2,True,7,14,7,7|7|9|7|2|7|7|9|7|7|7|7|7|7|7
33106,6,False,6,14,0,4|0|0|4|0|0|0|0|0|6|4|0|0|4|4
33110,9,False,9,15,5,5|5|5|5|5|5|5|5|5|5|5|5|5|5|5
33128,6,True,0,6,6,0|6|0|6|6|0|0|6|6|6|6|0|6|0|6
33136,1,False,1,6,1,0|1|1|0|0|0|0|0|1|1|1|1|1|1|1
33188,3,True,8,15,8,8|8|8|8|8|8|8|8|8|8|8|8|8|8|8
33191,1,False,1,1,1,1|1|1|1|0|1|1|1|1|1|1|1|1|1|1
33198,7,False,7,3,7,5|7|9|7|7|7|7|7|7|7|9|7|7|7|7
33221,5,True,9,5,5,5|5|5|5|5|9|9|9|5|5|9|5|5|5|9
33230,5,False,5,8,5,5|5|5|8|3|5|7|5|5|7|2|5|7|7|7
33244,0,False,0,10,6,6|6|0|6|6|0|0|6|6|6|6|0|6|0|6
33250,9,True,6,13,4,4|6|3|1|3|4|5|4|4|4|9|4|6|4|9
33256,1,True,3,15,3,6|6|3|3|4|2|9|6|9|4|4|3|9|3|3
33260,3,True,8,8,-1,8|0|3|8|8|3|8|8|3|3|3|3|3|8|8
33293,2,True,9,14,9,5|9|9|7|9|7|9|5|5|9|0|7|9|2|9
33314,4,True,6,15,6,0|0|8|2|6|3|8|6|6|6|6|0|1|6|6
33319,8,True,2,13,2,2|0|2|2|8|2|0|2|8|2|2|2|2|0|2
33332,4,False,4,5,4,4|9|4|4|9|4|4|4|9|4|4|4|9|9|4
33334,7,False,7,2,7,7|7|7|7|0|7|7|7|7|7|7|7|7|2|7
33336,1,False,1,4,1,1|0|0|1|0|1|0|1|1|1|1|1|1|1|1
33341,1,False,1,5,1,1|0|0|0|1|0|0|1|1|1|1|1|1|1|1
33348,2,False,2,14,0,0|0|0|0|0|0|0|0|0|0|0|2|0|0|0
33350,2,True,5,14,5,7|1|5|7|7|2|5|5|5|5|7|7|3|5|5
33358,7,False,7,5,7,7|7|2|5|7|7|7|9|5|7|7|7|7|2|7
33359,5,True,9,2,5,5|5|5|5|9|5|5|5|6|5|5|5|5|5|5
33368,0,False,0,11,6,6|6|0|6|6|0|0|6|6|6|6|0|6|6|6
33392,0,True,2,3,0,0|0|0|0|2|0|0|0|0|6|0|0|0|0|4
33398,4,True,6,1,4,4|4|4|4|6|4|4|4|4|4|4|4|4|4|4
33421,9,True,4,15,4,4|4|4|4|4|3|0|4|4|4|4|3|4|4|8
33453,8,False,8,0,8,8|8|8|8|8|8|8|8|8|8|8|8|8|8|8
33460,9,False,9,15,5,5|5|5|5|2|0|2|5|4|8|2|5|2|5|5
33473,1,False,1,2,1,1|1|1|1|0|1|1|1|1|1|1|1|0|1|1
33478,4,True,1,14,0,2|0|0|1|0|5|0|0|0|4|0|2|2|7|2
33482,0,True,2,1,0,0|0|0|0|0|0|0|0|0|0|0|0|0|2|0
33490,6,True,0,12,-1,2|0|0|6|4|0|8|8|4|8|0|4|6|6|8
33514,7,True,1,15,1,1|1|0|1|1|0|0|1|1|1|1|1|0|1|1
33521,0,True,1,15,1,1|1|1|1|1|1|1|1|1|1|1|1|1|1|1
33529,6,False,6,6,6,6|0|0|6|6|6|0|0|1|6|6|0|6|6|6
33536,6,True,0,13,4,1|2|4|0|6|4|3|4|3|4|2|0|0|6|3
33564,9,True,3,15,4,4|6|8|4|3|4|8|4|1|4|4|4|6|4|5
33575,7,True,5,10,5,5|5|5|7|1|5|7|5|5|5|7|5|7|7|1
33587,8,True,3,15,3,1|2|3|3|3|2|4|6|3|6|6|3|6|3|6
33591,9,True,4,11,4,4|4|9|4|6|4|9|4|4|4|4|4|9|9|4
33596,5,False,5,8,5,5|5|7|7|0|5|5|5|3|5|7|7|7|5|2
33603,3,True,7,15,7,7|9|9|7|7|7|7|7|7|7|7|7|7|9|7
33638,9,True,6,14,2,2|0|0|0|2|2|0|2|0|4|4|2|2|9|2
33640,7,True,8,12,8,7|8|8|7|2|8|8|8|8|8|7|8|8|8|8
33642,3,True,8,12,8,8|8|8|8|8|8|8|8|8|3|8|3|8|3|8
33651,8,False,8,7,8,7|8|8|1|2|5|7|8|8|8|8|8|1|5|8
33672,4,True,6,13,8,8|4|8|4|2|2|8|5|6|8|7|8|8|8|6
33704,8,False,8,4,8,8|8|8|3|8|3|8|8|8|8|8|3|3|8|8
33717,5,True,9,1,5,5|5|5|5|5|5|5|5|5|5|5|5|5|5|8
33743,4,False,4,4,4,4|4|4|4|9|4|4|9|4|4|4|4|9|9|4
33747,2,True,7,14,7,2|9|9|9|7|7|7|7|7|7|7|7|7|9|7
33750,9,False,9,15,5,5|5|5|5|5|5|5|5|5|5|5|5|5|5|5
33751,3,False,3,1,3,3|2|3|3|3|3|3|3|3|3|3|3|3|3|3
33774,9,True,7,14,-1,1|1|5|3|3|7|7|1|1|7|7|2|9|1|7
33775,6,True,2,15,9,4|9|9|4|9|4|9|9|9|4|4|4|9|9|9
33797,4,False,4,11,2,2|4|0|4|1|2|9|9|9|2|4|4|9|2|2
33828,5,True,9,0,5,5|5|5|5|5|5|5|5|5|5|5|5|5|5|5
33832,5,False,5,8,5,5|5|5|7|9|1|5|1|1|7|5|3|5|1|5
33862,6,True,3,14,4,4|4|4|4|4|4|9|3|2|3|3|3|4|4|6
33865,4,False,4,11,9,4|9|9|9|9|4|9|9|9|4|4|9|9|9|9
33892,4,True,1,15,1,1|1|1|1|1|7|7|1|7|7|7|1|7|1|1
33894,4,True,6,12,8,4|0|8|2|3|2|8|4|6|8|4|8|0|2|8
33898,9,True,7,13,7,7|7|7|7|9|7|7|7|7|7|8|7|9|7|7
33914,2,True,9,13,-1,5|5|2|5|2|9|9|9|9|5|5|5|7|9|9
33952,2,True,6,15,6,6|6|4|6|4|6|9|6|6|6|4|4|6|6|4
33953,8,False,8,2,8,8|8|8|8|8|8|8|8|1|8|8|8|1|8|8
33972,0,False,0,10,6,6|0|0|6|6|6|0|6|6|0|0|6|6|6|6
33992,7,False,7,10,9,2|9|9|7|9|9|9|9|7|7|7|9|9|9|7
33995,9,False,9,12,5,5|5|5|5|2|5|9|9|5|9|5|5|5|5|5
33997,2,True,3,12,3,6|3|7|3|2|2|3|3|3|3|6|3|2|3|3
34008,4,True,6,15,0,2|0|0|0|2|0|0|0|2|2|0|0|0|2|2
34011,0,True,2,14,2,2|0|7|2|2|8|7|8|2|8|6|2|6|8|5
34026,4,True,1,13,1,1|1|1|1|4|1|1|1|1|1|4|1|7|1|1
34027,6,True,0,6,6,0|6|0|4|6|6|0|6|6|6|4|4|6|6|6
34035,5,True,9,3,5,5|5|5|5|9|5|5|5|5|5|9|5|5|5|9
34049,5,True,9,2,5,5|5|5|5|9|5|5|5|5|5|9|5|5|5|5
34053,2,False,2,10,2,1|3|0|2|2|2|3|3|4|4|2|2|1|3|5
34094,1,False,1,1,1,1|1|1|1|1|1|1|1|1|1|7|1|1|1|1
34125,3,True,2,15,4,4|4|0|4|9|0|9|4|6|4|0|4|4|9|2
34134,6,True,0,4,6,6|6|0|6|6|0|0|6|6|6|6|0|6|6|6
34137,6,True,0,4,6,6|6|0|6|0|6|0|6|6|6|6|0|6|6|6
34160,3,False,3,8,2,3|2|2|3|2|2|3|3|2|3|2|3|3|2|2
34184,6,True,0,6,6,6|6|3|6|4|6|0|6|6|3|6|4|6|3|6
34220,7,True,5,12,5,5|5|5|7|5|5|5|5|5|5|7|5|7|5|5
34231,1,True,5,6,1,1|1|5|7|5|1|5|1|1|5|5|1|1|1|1
34287,5,True,9,4,5,5|5|5|5|5|5|5|9|5|5|9|5|9|5|9
34288,0,True,2,9,0,4|0|8|6|0|0|0|6|8|4|0|0|6|4|8
34291,1,False,1,4,1,0|1|1|1|0|0|1|1|1|1|0|1|1|1|1
34301,9,False,9,14,5,5|5|5|5|5|5|5|5|5|5|9|5|5|5|5
34320,4,False,4,8,4,4|9|3|4|6|9|9|4|4|4|4|3|4|3|3
34324,9,False,9,13,5,5|5|5|5|9|9|5|5|5|5|5|5|5|5|5
34325,2,True,9,14,5,5|5|5|5|2|5|5|5|5|5|9|5|5|5|5
34340,2,False,2,8,2,0|0|2|4|2|0|0|0|2|2|0|2|2|2|8
34371,3,False,3,4,3,6|6|3|3|3|3|3|3|3|6|6|3|3|3|3
34385,5,False,5,4,5,5|1|5|5|5|5|5|5|5|5|1|7|5|5|2
34387,4,False,4,8,9,4|9|9|9|9|9|9|4|4|4|4|4|9|9|4
34404,0,False,0,11,6,6|6|0|6|0|0|0|6|6|6|6|6|6|6|6
34405,1,False,1,9,7,1|1|1|7|1|7|7|1|7|7|7|7|7|7|1
34410,2,False,2,7,2,0|0|2|2|2|0|0|0|2|2|0|2|2|2|0
34428,4,True,6,0,4,4|4|4|4|4|4|4|4|4|4|4|4|4|4|4
34454,0,True,2,10,0,2|6|0|2|0|0|0|4|2|6|0|6|4|4|4
34482,5,False,5,2,5,5|5|5|5|5|5|5|5|3|5|1|5|5|5|5
34486,4,True,6,10,4,2|0|0|3|4|6|8|0|1|4|6|4|4|4|6
34487,3,False,3,12,-1,0|1|1|7|3|0|3|4|6|6|8|4|6|0|3
34494,0,True,1,10,1,0|1|0|1|1|0|0|1|1|1|1|0|1|1|1
34510,9,False,9,12,5,5|5|5|5|9|9|5|5|5|5|5|5|9|5|5
34585,6,True,0,4,6,6|6|6|6|6|0|4|6|6|4|6|4|6|6|6
34627,6,False,6,9,0,6|0|0|0|4|0|0|0|6|6|0|0|6|6|6
34637,3,True,7,14,7,7|7|7|7|3|7|7|7|7|7|2|7|7|7|7
34654,8,False,8,4,8,8|8|8|8|0|1|8|8|8|8|7|8|7|8|8
34688,4,False,4,9,4,6|6|3|4|9|4|9|4|4|9|4|4|6|2|6
34699,4,False,4,2,4,4|4|4|6|4|4|4|4|6|4|4|4|4|4|4
34703,0,False,0,10,6,6|6|0|6|0|0|0|6|6|4|0|6|6|6|6
34720,4,False,4,8,-1,4|9|9|9|2|9|9|4|9|4|4|4|9|4|4
34727,0,False,0,10,6,6|6|0|6|6|0|0|6|6|6|0|0|6|6|6
34746,6,True,0,8,-1,6|0|0|0|6|2|0|0|6|6|6|0|6|0|6
34801,4,True,1,14,1,1|1|1|1|1|1|7|1|1|1|1|0|1|4|1
34821,4,False,4,13,-1,5|8|4|2|2|2|8|1|2|3|8|8|8|2|4
34822,2,False,2,14,8,8|4|8|6|2|3|3|3|8|8|8|3|8|3|8
34835,7,True,5,7,7,2|7|9|9|9|7|7|9|7|7|7|7|9|9|7
34844,9,True,7,7,9,2|9|9|9|9|9|7|9|9|7|9|7|7|7|7
34853,1,True,8,15,8,8|8|8|7|8|8|8|7|8|8|3|8|7|8|8
34859,5,True,9,1,5,5|5|5|5|5|5|5|9|5|5|5|5|5|5|5
34881,2,True,5,13,7,5|7|9|7|3|7|3|5|7|7|2|7|2|7|7
34888,5,True,9,9,9,5|9|9|7|9|5|5|5|9|9|9|5|9|5|9
34893,3,False,3,8,3,6|2|0|2|2|3|3|6|8|3|3|3|6|3|3
34918,7,True,1,15,1,0|1|0|1|0|1|1|1|1|1|1|1|1|1|1
34925,6,True,0,5,6,6|0|0|6|0|6|0|6|6|6|6|0|6|6|6
34937,7,False,7,3,7,7|7|7|7|7|7|9|9|7|7|7|7|7|9|7
34962,1,False,1,1,1,1|1|1|1|1|0|1|1|1|1|1|1|1|1|1
34965,1,True,3,14,6,2|6|0|2|2|6|9|0|6|6|1|0|6|6|6
34966,7,True,8,15,8,8|8|8|8|8|1|8|8|8|8|8|8|8|8|8
34972,0,True,2,10,0,4|0|2|0|9|0|0|0|9|5|3|8|6|2|8
34994,3,False,3,10,6,6|6|0|6|3|3|2|6|3|3|3|0|6|2|6
35007,7,False,7,8,7,7|7|7|7|5|7|5|5|6|7|7|5|8|8|3
35064,5,True,9,11,9,5|9|2|7|9|9|9|9|9|5|9|5|7|2|5
35077,9,True,8,14,8,8|8|8|9|8|3|8|8|8|8|8|8|8|8|8
35103,9,True,4,9,-1,4|9|3|4|9|0|4|4|9|9|3|9|4|4|9
35127,9,False,9,13,5,5|5|5|5|5|5|5|9|5|5|9|5|5|5|5
35134,0,True,2,13,1,2|1|3|4|1|2|1|1|1|6|7|0|0|1|1
35153,5,True,9,12,-1,2|9|9|5|2|2|9|9|9|5|2|5|9|2|2
35171,7,False,7,9,4,8|7|3|4|4|7|7|4|4|7|4|7|7|4|4
35183,5,True,9,0,5,5|5|5|5|5|5|5|5|5|5|5|5|5|5|5
35199,2,False,2,14,0,4|0|0|0|2|0|0|4|0|4|0|0|0|0|9
35254,1,False,1,6,1,7|1|1|1|1|1|7|1|7|1|7|1|7|7|1
35255,2,True,6,15,-1,4|0|8|6|4|6|0|6|6|4|4|0|0|4|6
35283,9,True,4,6,9,4|9|9|9|0|9|9|4|9|4|9|4|9|9|4
35284,8,False,8,5,8,8|3|3|8|3|8|8|8|8|8|3|3|8|8|8
35286,2,True,3,13,3,6|3|3|3|2|0|3|2|3|3|3|3|6|3|3
35298,2,True,3,13,0,1|0|0|5|2|3|0|2|0|0|7|8|1|6|6
35304,2,False,2,13,0,0|0|0|0|0|0|0|0|0|2|2|0|0|0|0
35320,5,False,5,9,5,5|5|7|8|5|7|5|1|1|7|1|8|5|5|9
35348,2,False,2,14,4,4|4|9|4|2|4|4|4|4|4|3|4|4|4|4
35365,6,True,0,5,6,6|0|0|6|6|6|0|6|6|6|3|0|6|6|6
35366,9,True,4,15,3,6|3|3|3|6|3|3|3|6|3|6|3|3|3|6
35385,3,True,8,7,3,3|8|3|3|3|3|8|8|3|8|3|3|8|8|8
35395,9,True,7,13,7,2|7|7|7|7|7|7|7|7|7|9|7|7|9|7
35398,6,False,6,11,4,4|6|8|6|4|6|4|4|4|4|4|4|6|2|4
35404,7,False,7,10,9,2|5|9|7|9|9|7|9|9|7|7|7|9|9|9
35426,6,True,0,2,6,6|6|6|6|6|6|0|6|6|6|6|0|6|6|6
35453,8,False,8,9,-1,7|1|8|7|9|8|8|8|6|7|7|7|7|8|8
35456,7,True,1,12,1,7|1|1|1|7|1|1|1|1|1|7|1|1|1|1
35464,1,False,1,6,1,1|0|1|1|0|0|3|1|1|1|1|1|0|0|1
35479,6,True,0,3,6,6|6|0|6|6|6|0|6|6|6|6|0|6|6|6
35480,9,False,9,15,5,5|5|5|5|5|5|5|5|5|5|5|5|5|5|5
35493,5,False,5,6,5,5|5|7|7|2|5|5|5|5|5|5|7|5|6|7
35494,6,True,0,6,6,6|6|6|6|4|6|0|6|6|6|6|0|2|3|3
35517,9,True,4,5,9,4|9|9|4|9|9|9|9|2|4|9|9|4|9|9
35519,6,True,2,15,4,2|0|8|2|4|0|0|0|4|4|4|4|0|4|2
35526,4,False,4,4,4,4|4|4|9|4|9|9|4|4|4|4|4|4|4|9
35545,5,True,9,1,5,5|5|5|5|5|5|5|5|5|5|5|5|5|9|5
35558,1,False,1,3,1,1|1|1|1|0|1|0|1|1|1|0|1|1|1|1
35579,9,True,4,11,4,4|9|4|9|2|2|4|4|4|4|4|4|9|4|9
35608,1,False,1,2,1,1|1|1|1|0|1|0|1|1|1|1|1|1|1|1
35610,9,True,4,8,9,4|4|9|4|6|9|9|9|6|4|4|4|9|9|9
35619,6,False,6,13,4,4|4|4|4|4|6|4|4|6|4|4|4|4|4|4
35630,4,False,4,11,4,3|4|2|1|4|0|1|7|3|4|7|6|1|4|6
35633,0,False,0,13,6,6|0|1|6|6|1|7|0|1|2|1|1|6|6|6
35634,4,True,6,1,4,4|4|4|4|4|4|4|4|6|4|4|4|4|4|4
35646,6,False,6,4,6,6|6|6|6|0|6|0|6|6|6|0|0|6|6|6
35649,1,True,3,15,-1,0|6|0|4|0|3|9|6|6|0|0|0|6|6|6
35710,2,True,5,15,5,5|5|7|7|5|5|5|5|5|5|7|1|5|5|5
35728,0,True,2,12,8,6|0|3|8|0|8|5|0|5|4|1|8|1|8|3
35731,7,False,7,3,7,7|7|9|7|7|7|7|7|7|7|7|7|9|3|7
35755,2,True,3,14,3,6|3|2|3|3|3|3|3|3|3|3|3|3|3|3
35766,2,False,2,11,4,2|4|8|8|2|2|8|4|6|4|4|4|4|6|2
35770,6,True,9,14,7,7|7|5|1|1|1|5|1|7|5|7|3|7|6|5
35782,6,True,0,9,6,0|6|4|6|4|6|9|8|6|4|3|3|6|3|6
35793,9,False,9,15,5,5|5|5|5|5|5|5|5|5|5|5|5|5|5|5
35801,4,True,6,11,0,2|0|8|4|2|0|0|4|2|4|0|2|6|0|4
35805,4,True,6,4,4,4|4|4|4|4|9|9|4|9|4|4|4|9|4|4
35833,9,False,9,14,5,5|5|5|5|9|5|5|5|5|5|5|5|5|5|5
35848,5,True,8,15,8,8|8|8|1|0|7|8|8|8|8|7|8|7|7|8
35850,3,True,8,10,8,8|3|8|3|3|8|8|8|8|8|8|3|8|3|8
35857,3,True,8,15,8,8|8|8|7|4|8|8|8|8|8|8|8|9|5|8
35863,4,True,6,1,4,4|4|4|4|4|4|4|4|4|4|6|4|4|4|4
35896,2,True,7,14,7,7|7|8|7|2|7|7|7|7|7|7|7|7|3|5
35899,9,False,9,15,5,5|5|5|5|5|5|5|5|5|5|5|5|5|5|5
35906,6,True,0,5,6,6|6|0|6|4|6|0|6|6|6|4|6|6|0|6
35941,2,False,2,10,0,2|2|0|0|2|0|0|2|0|0|0|0|2|0|0
35946,3,False,3,6,3,6|2|2|3|2|3|3|3|6|3|2|3|3|3|3
35965,6,True,3,14,3,3|2|2|3|3|2|3|6|3|3|2|3|3|3|3
35966,9,True,4,10,4,4|4|9|4|6|9|4|4|9|4|4|4|9|3|9
35975,6,True,1,15,1,1|1|1|1|1|1|7|1|1|1|7|1|1|1|1
35982,2,False,2,9,2,4|4|9|2|2|2|9|4|9|4|2|4|2|9|2
36012,2,False,2,13,3,4|9|3|3|3|2|9|4|8|4|2|3|0|3|4
36029,2,True,5,15,7,7|7|7|7|3|7|7|7|7|7|7|7|7|7|7
36036,9,True,7,14,7,7|7|7|3|0|7|9|7|7|7|2|7|7|7|7
36068,6,True,0,7,6,6|0|0|0|6|0|0|6|6|6|6|0|6|0|6
36078,4,True,6,15,6,6|6|0|6|6|6|0|0|6|6|6|0|6|0|6
36093,6,False,6,13,4,4|4|4|4|6|4|9|4|6|4|4|4|4|4|4
36096,9,True,4,12,4,4|4|9|4|9|2|0|4|0|4|0|4|4|9|4
36106,0,True,1,14,1,1|1|0|1|1|1|1|1|1|1|1|1|1|1|1
36119,0,True,2,9,0,0|0|8|0|4|0|0|4|1|2|2|4|0|9|2
36147,7,True,1,13,1,1|1|1|7|1|1|1|1|1|1|1|1|1|7|1
36155,3,False,3,1,3,6|3|3|3|3|3|3|3|3|3|3|3|3|3|3
36160,2,True,3,10,3,6|2|3|3|4|3|3|6|2|4|2|3|2|3|2
36183,4,True,6,1,4,4|4|4|4|4|4|4|4|4|4|6|4|4|4|4
36196,2,True,5,15,7,5|7|5|7|7|5|8|5|7|7|5|5|7|7|7
36214,9,True,7,13,7,8|7|9|8|7|7|8|5|1|7|2|7|7|9|7
36238,2,False,2,14,0,4|0|0|4|4|0|0|4|0|4|0|0|0|0|2
36276,1,True,5,11,5,5|1|5|5|1|5|5|5|1|1|5|7|5|5|8
36344,7,False,7,5,7,7|7|9|9|9|7|7|9|7|7|7|7|9|7|7
36345,7,True,5,11,5,5|5|7|5|7|5|8|5|7|5|7|5|3|5|8
36353,5,True,9,11,9,5|9|2|3|2|9|9|9|9|5|5|2|2|5|9
36355,5,False,5,7,5,7|5|7|7|3|5|5|5|5|7|7|5|5|5|6
36376,4,True,6,10,0,0|4|0|0|4|0|0|0|0|4|2|0|4|2|4
36384,9,True,7,10,7,7|7|9|7|9|7|9|9|2|7|7|7|7|5|9
36388,0,True,2,7,0,0|2|0|2|2|0|0|4|0|0|1|0|0|2|4
36399,5,False,5,7,5,5|5|5|7|5|5|7|5|5|7|1|7|7|7|5
36446,4,True,1,13,7,7|1|1|1|4|7|7|1|7|7|7|7|7|1|4
36451,1,False,1,6,1,1|1|3|6|9|1|1|1|6|3|1|1|6|1|1
36459,3,False,3,4,3,1|3|3|3|2|3|3|6|3|3|2|3|3|3|3
36474,9,True,4,7,9,4|9|9|4|9|9|9|4|4|4|9|4|9|9|4
36503,4,True,6,3,4,4|4|0|4|0|4|4|4|4|4|4|4|4|4|6
36509,7,True,5,11,5,5|5|8|7|7|5|5|5|8|5|7|5|7|5|8
36510,4,True,6,4,4,4|4|4|4|3|4|9|4|6|4|4|4|4|4|9
36527,4,True,6,6,4,4|4|8|4|6|4|9|9|9|4|4|4|4|3|4
36555,5,False,5,10,7,5|8|5|5|2|2|5|7|7|7|7|7|7|7|5
36566,3,False,3,6,3,6|2|2|3|3|3|3|6|3|3|2|3|3|3|6
36575,5,True,9,2,5,5|5|5|5|9|5|5|5|5|5|5|5|7|5|5
36590,6,False,6,15,4,4|4|4|8|4|0|8|4|2|4|4|4|4|4|8
36591,1,False,1,3,1,1|1|1|1|1|1|7|1|1|1|7|1|1|1|7
36599,9,True,4,14,4,2|4|4|0|4|4|0|4|4|4|9|4|4|4|4
36606,7,False,7,11,7,3|8|2|7|9|7|7|1|3|7|2|8|2|5|1
36611,5,True,9,15,7,2|9|8|7|9|9|9|7|7|7|9|7|7|7|9
36620,3,False,3,12,6,6|6|1|6|3|4|0|6|6|6|4|0|6|3|3
36631,7,True,1,8,1,7|1|1|7|7|1|7|1|1|7|7|1|7|1|1
36662,6,True,0,6,6,6|2|1|0|6|6|0|6|6|6|3|0|6|6|6
36668,2,True,3,13,3,1|2|3|3|2|3|3|3|3|3|9|3|6|3|3
36680,2,True,3,10,3,2|3|3|3|2|2|3|2|3|3|3|3|3|3|2
36695,7,False,7,3,7,7|9|7|7|9|7|7|7|7|7|7|7|7|9|7
36703,2,False,2,6,2,2|0|2|2|2|2|0|0|2|4|2|0|4|2|2
36709,4,True,6,13,6,6|3|3|4|6|6|3|3|8|6|6|8|4|2|6
36720,0,True,1,9,1,0|1|1|1|0|0|0|0|1|1|1|1|0|1|1
36730,6,True,0,8,0,6|0|0|0|6|0|0|6|6|6|0|0|0|6|6
36737,0,True,1,14,-1,4|3|1|6|6|2|2|0|1|4|4|8|7|3|1
36763,1,False,1,4,1,8|1|1|1|1|1|0|1|3|1|7|1|1|1|1
36767,4,False,4,12,3,1|3|3|9|4|2|3|3|0|4|1|4|2|3|6
36773,3,False,3,12,4,1|0|3|2|4|4|0|0|3|4|2|4|6|3|4
36777,5,False,5,1,5,5|5|5|5|5|5|5|5|5|5|5|5|5|7|5
36782,6,True,0,15,4,4|4|9|4|4|9|9|4|4|4|4|4|9|9|4
36826,0,True,2,6,0,0|0|0|0|2|0|0|0|2|2|2|0|0|2|2
36841,5,True,9,4,5,5|5|5|5|5|5|9|5|5|9|9|5|9|5|5
36869,9,False,9,14,5,5|5|5|5|9|5|5|5|5|5|5|5|5|5|8
36877,3,True,8,12,8,8|1|3|1|1|8|8|8|6|3|8|3|6|5|8
36936,6,False,6,4,6,6|6|6|6|4|0|0|6|6|6|6|0|6|6|6
36952,0,True,1,11,1,1|0|1|1|1|0|0|1|1|1|0|1|1|1|1
36953,6,True,0,4,6,6|0|0|6|6|6|0|6|6|6|6|0|6|6|6
37008,0,False,0,12,4,4|4|0|4|4|4|0|4|4|6|6|4|6|0|4
37017,0,True,2,5,0,0|0|2|2|0|0|0|0|6|0|0|0|0|2|2
37023,4,False,4,7,4,4|4|9|9|9|9|9|4|4|4|4|4|9|9|4
37024,7,False,7,14,9,5|9|9|9|5|9|9|5|9|9|7|5|9|5|9
37028,4,True,6,8,4,6|4|1|4|6|4|4|6|6|4|6|4|6|2|4
37046,7,True,1,12,1,1|1|1|1|1|1|7|1|1|8|7|1|2|7|1
37050,8,False,8,2,8,8|8|8|8|3|3|8|8|8|8|8|8|8|8|8
37084,4,False,4,7,4,4|6|4|1|0|4|5|4|4|4|4|4|9|0|8
37169,4,False,4,6,4,4|4|4|4|6|9|0|4|9|4|9|4|4|2|4
37175,8,True,6,12,-1,8|4|8|2|2|2|3|8|6|5|6|3|3|9|4
37183,6,True,5,15,5,5|5|5|5|3|5|5|5|5|5|5|5|7|3|5
37193,3,True,4,13,4,4|6|1|3|4|4|9|2|4|4|4|4|6|3|4
37202,7,True,1,15,1,0|1|1|1|1|1|1|1|1|1|1|1|1|1|1
37206,6,True,0,6,6,6|0|0|0|6|0|0|6|6|6|6|0|6|6|6
37239,5,True,9,2,5,5|5|5|5|9|5|5|5|5|5|9|5|5|5|5
37247,1,False,1,6,1,1|3|1|2|1|0|0|1|1|1|1|1|7|0|1
37248,2,False,2,15,4,4|4|8|6|4|4|4|4|9|4|4|4|6|4|4
37259,6,True,3,15,3,1|3|3|3|3|3|3|1|3|3|2|3|0|3|1
37261,1,True,5,11,5,5|5|5|1|5|7|7|1|5|5|9|1|1|5|7
37269,9,False,9,15,5,5|5|5|7|2|2|5|5|5|5|7|5|2|2|5
37283,7,False,7,12,9,2|9|9|7|0|9|9|9|9|9|7|7|9|9|9
37285,5,False,5,7,5,5|5|1|5|9|5|5|1|5|5|2|5|1|3|2
37300,7,True,3,10,1,1|1|1|1|4|2|1|1|7|7|7|1|7|3|7
37362,0,True,1,7,0,0|0|0|0|0|0|3|1|1|1|1|0|0|1|1
37368,7,True,5,11,5,5|5|5|8|5|7|5|5|1|5|7|5|7|7|5
37404,2,True,9,11,-1,2|9|9|5|2|9|5|9|5|5|9|5|1|2|2
37417,6,False,6,14,4,4|4|8|4|4|4|4|4|6|4|4|4|4|4|4
37418,5,True,8,15,8,8|8|8|8|8|8|8|8|8|8|8|3|8|8|8
37448,6,False,6,11,6,6|6|8|1|2|0|5|6|1|4|0|2|4|8|6
37466,6,True,3,15,7,3|7|7|4|2|1|1|7|3|0|7|3|1|1|7
37488,6,True,0,5,6,6|0|0|6|6|0|0|6|6|6|6|0|6|6|6
37491,2,True,5,15,7,5|7|5|7|7|5|5|5|7|7|7|5|7|5|7
37492,9,True,4,13,4,4|2|4|9|8|2|4|4|4|4|4|4|9|4|4
37498,6,True,2,14,4,1|4|4|6|2|2|4|4|4|3|0|4|4|4|4
37517,1,False,1,3,1,1|1|1|1|0|1|0|1|1|1|1|1|0|1|1
37526,2,True,3,5,2,2|2|2|2|2|2|3|3|3|3|2|3|2|2|2
37552,9,True,4,15,4,4|4|4|8|6|6|0|4|2|4|0|4|4|3|4
37622,7,False,7,5,7,7|9|9|7|9|7|7|9|7|7|7|7|7|7|9
37638,7,False,7,6,7,5|7|7|7|7|7|2|1|7|5|9|7|7|7|1
37751,6,False,6,13,4,4|6|4|4|4|2|0|4|6|4|4|4|4|4|4
37778,7,False,7,7,7,7|7|9|7|9|7|7|9|7|7|5|7|9|2|9
37799,3,False,3,11,1,1|3|1|4|6|1|3|5|1|3|2|1|6|3|6
37806,4,False,4,11,3,4|4|3|3|4|2|3|3|6|4|9|3|9|9|3
37824,2,True,9,14,-1,5|5|5|7|7|7|7|5|7|7|2|5|5|5|7
37832,6,True,0,7,6,6|6|0|6|4|2|6|6|6|3|4|6|6|3|4
37864,4,True,6,14,6,6|0|0|6|4|3|0|0|1|6|6|3|6|6|6
37877,3,False,3,3,3,6|3|3|3|3|3|2|3|3|3|3|3|3|3|2
37886,6,True,0,3,6,6|6|0|6|4|6|0|6|6|6|6|6|6|6|6
37919,7,True,5,12,5,5|5|5|5|9|7|5|5|5|5|7|5|7|5|5
37921,6,True,0,13,2,2|2|0|2|0|2|0|0|6|4|6|2|0|4|2
37930,8,False,8,11,7,8|7|8|7|2|2|8|9|8|7|7|7|7|7|7
37942,6,True,0,7,6,6|6|6|6|4|6|0|3|0|6|4|0|6|0|6
37945,1,True,8,13,8,8|8|8|8|8|8|8|1|8|8|8|8|8|7|1
37999,6,True,0,8,0,6|6|0|6|6|0|0|6|6|0|0|0|0|0|6
38018,8,False,8,6,8,8|8|4|8|8|2|8|8|1|4|8|4|8|6|8
38038,2,False,2,7,2,2|2|8|4|0|2|4|4|2|8|2|0|2|2|2
38050,1,False,1,8,0,0|0|0|0|0|0|0|1|1|1|1|1|1|0|1
38058,6,True,0,15,8,8|8|8|8|9|8|8|8|8|8|8|8|8|8|8
38073,9,True,7,10,-1,5|9|5|7|9|9|9|5|7|5|7|5|7|9|7
38150,0,True,1,9,1,1|0|0|1|0|0|3|1|1|1|0|1|0|1|1
38156,9,True,6,15,8,8|0|8|0|4|2|8|8|6|4|4|0|6|2|1
38164,3,True,7,14,7,7|7|7|7|9|7|7|7|7|7|7|7|7|3|7
38165,7,False,7,5,7,7|9|9|7|2|7|7|9|7|7|7|7|9|7|7
38184,2,False,2,13,0,0|0|0|0|0|0|0|0|0|0|2|0|0|0|2
38193,5,True,9,0,5,5|5|5|5|5|5|5|5|5|5|5|5|5|5|5
38197,2,True,7,15,7,7|7|7|7|5|7|7|7|7|7|7|7|7|9|7
38222,3,True,8,14,8,5|8|8|5|9|8|8|8|8|8|7|8|5|3|4
38249,0,False,0,9,6,2|0|0|0|6|0|0|6|3|6|6|0|6|6|6
38259,7,True,5,9,5,5|7|5|7|5|5|5|5|7|7|7|5|5|7|5
38265,6,True,0,7,6,6|6|0|6|6|0|0|6|0|4|6|4|6|6|9
38286,1,True,8,12,8,8|8|8|1|8|8|8|1|1|8|8|8|8|8|8
38287,4,False,4,6,4,4|4|9|4|4|4|9|4|9|4|4|4|9|9|9
38305,6,True,0,5,6,6|0|0|6|6|6|0|6|6|6|6|0|0|6|6
38309,2,True,3,5,2,2|2|2|2|2|2|3|3|3|3|2|3|2|2|2
38362,2,False,2,12,0,0|0|0|6|6|2|0|0|6|4|2|4|0|2|6
38373,6,True,2,12,3,6|6|3|3|2|4|3|8|1|4|2|3|6|3|2
38376,0,True,1,11,1,1|1|0|1|1|1|0|1|1|1|0|1|1|0|1
38394,6,True,0,5,6,6|0|0|6|6|0|0|6|6|6|6|0|6|6|6
38416,7,True,1,12,1,7|1|1|1|1|1|7|1|1|1|1|1|7|1|1
38426,7,True,5,14,5,5|5|5|5|5|5|5|5|5|8|5|5|7|5|5
38427,3,True,2,15,4,4|4|4|9|9|9|9|9|4|4|4|4|4|9|4
38454,7,False,7,3,7,7|7|7|7|9|9|7|7|7|7|7|8|7|7|7
38457,2,False,2,11,0,2|0|0|6|2|0|0|0|6|0|0|2|6|4|2
38458,2,False,2,9,2,2|2|0|4|2|9|3|2|2|0|1|4|7|8|2
38472,8,False,8,3,8,8|8|8|3|8|8|8|8|8|8|8|3|8|9|8
38474,8,False,8,3,8,8|8|8|8|8|1|8|8|7|8|8|8|5|8|8
38476,9,True,7,10,7,2|9|9|7|2|7|9|7|7|7|9|7|9|2|7
38480,6,True,0,3,6,6|6|0|6|6|6|0|6|6|4|6|6|6|6|6
38517,5,True,9,13,9,5|9|9|9|2|9|9|9|7|9|5|9|9|2|9
38541,5,False,5,6,5,5|5|5|5|5|7|7|5|5|5|7|1|5|1|8
38544,6,True,0,6,6,1|8|0|0|6|6|0|6|6|6|6|0|6|6|6
38591,0,False,0,12,6,6|6|6|0|6|6|0|6|6|6|6|0|6|6|6
38593,4,False,4,6,4,4|9|4|3|4|9|9|4|9|4|4|9|4|4|4
38598,9,True,4,7,9,4|9|4|4|9|9|9|4|9|4|4|9|9|9|4
38603,3,False,3,6,3,2|2|3|3|2|3|3|3|3|3|2|3|2|3|2
38607,4,True,6,14,8,8|0|0|6|5|8|8|8|6|4|1|8|8|8|8
38616,6,False,6,7,6,6|6|0|2|0|6|3|6|0|4|6|6|6|4|6
38631,4,True,6,15,1,8|1|1|3|2|3|1|8|1|3|6|3|6|6|1
38637,2,True,3,11,3,1|2|2|3|4|3|3|6|3|3|2|3|3|2|3
38652,3,True,8,15,8,8|1|8|8|8|8|8|8|8|8|8|8|8|8|8
38679,3,True,8,13,8,8|8|8|8|3|8|8|8|8|8|8|8|3|8|8
38697,7,False,7,9,-1,1|7|9|7|9|5|7|9|5|9|9|7|7|9|7
38716,2,True,3,8,-1,2|2|3|3|2|2|3|6|3|3|2|3|2|3|2
38730,6,False,6,5,6,6|6|4|6|6|6|8|6|6|6|6|4|6|3|4
38739,0,True,2,7,0,2|0|0|6|4|0|0|0|2|2|0|0|6|0|4
38747,3,True,5,14,5,5|5|5|5|3|5|5|5|5|5|5|5|5|5|1
38750,2,True,7,14,7,7|5|3|7|2|7|7|7|7|7|7|7|7|7|3
38771,9,True,4,6,9,4|9|9|9|9|4|9|4|9|4|9|4|9|4|9
38822,6,True,3,14,3,6|4|0|3|3|3|2|3|3|3|3|3|3|3|3
38846,7,False,7,3,7,7|9|7|7|9|7|7|7|7|7|7|7|7|7|9
38858,9,False,9,15,5,5|5|5|5|5|5|5|5|5|5|5|5|5|5|5
38873,3,False,3,5,3,6|0|3|3|0|3|3|3|3|3|6|3|6|3|3
38881,4,True,6,2,4,4|4|4|4|4|0|4|4|4|4|4|4|4|0|4
38889,5,False,5,9,5,8|2|5|5|5|2|5|3|5|5|4|7|3|8|1
38927,8,False,8,3,8,8|8|8|3|8|8|8|8|8|8|8|3|8|3|8
38940,6,True,3,12,3,6|6|3|3|2|3|3|3|3|3|3|3|6|3|3
38955,3,True,2,12,-1,4|4|8|3|3|3|9|4|2|4|9|9|4|9|9
38971,6,True,0,8,6,4|6|6|6|6|4|9|6|6|4|4|3|6|4|9
38992,1,True,8,15,8,8|6|8|9|8|9|8|8|6|4|8|8|8|8|8
39012,6,False,6,5,6,6|0|6|0|6|6|0|6|6|6|0|0|6|6|6
39023,4,True,6,3,4,8|4|4|6|4|4|4|4|6|4|4|4|4|4|4
39032,7,True,1,10,1,7|1|1|1|0|1|7|1|1|8|1|7|7|7|1
39042,6,True,0,3,6,6|6|0|6|6|6|0|6|6|6|6|0|6|6|6
39051,3,True,5,13,5,5|5|5|3|5|5|5|5|3|5|7|5|5|5|6
39068,0,True,2,6,0,0|0|0|8|2|0|0|0|2|0|4|0|2|0|2
39088,5,False,5,4,5,5|5|5|5|9|5|5|5|5|5|7|5|7|5|3
39115,3,False,3,11,6,6|6|6|6|6|3|9|6|6|6|3|6|3|3|6
39125,4,False,4,9,4,4|4|9|6|3|2|9|4|9|4|0|4|4|3|9
39130,0,True,1,8,0,1|0|1|0|1|0|0|0|3|2|1|0|0|3|1
39135,7,False,7,8,-1,7|7|9|9|2|9|7|9|7|7|9|7|9|9|7
39167,4,True,6,1,4,4|4|4|4|4|4|4|4|6|4|4|4|4|4|4
39168,0,False,0,8,6,6|0|0|0|0|0|0|6|6|6|6|0|6|6|6
39172,2,True,3,15,6,6|6|0|6|6|6|0|6|8|6|0|0|6|6|6
39173,1,True,5,7,1,5|5|3|3|1|1|5|1|5|1|1|5|1|1|1
39199,6,False,6,14,4,4|4|9|4|6|4|4|4|4|4|4|4|4|9|9
39202,1,True,8,15,8,8|8|8|8|8|8|8|8|8|8|8|8|8|8|8
39205,3,False,3,4,3,3|3|6|3|3|3|1|3|6|3|3|3|3|1|3
39208,3,True,2,15,0,0|0|0|4|0|0|0|0|0|4|4|2|0|4|2
39244,0,True,2,15,4,4|9|9|3|9|2|4|4|8|4|9|4|4|9|4
39275,5,True,9,3,5,5|5|5|5|9|5|5|5|5|5|9|5|5|9|5
39284,5,True,9,14,9,7|5|9|7|2|9|9|9|9|9|7|9|2|2|9
39294,6,True,0,6,6,6|0|0|6|6|0|0|6|6|6|6|0|6|0|6
39302,2,False,2,14,0,0|0|0|0|0|0|0|0|0|2|0|0|0|0|0
39303,2,False,2,12,0,0|0|0|0|2|0|0|0|0|2|0|0|0|0|2
39317,5,True,9,0,5,5|5|5|5|5|5|5|5|5|5|5|5|5|5|5
39318,1,False,1,3,1,1|1|1|1|0|1|0|1|1|1|0|1|1|1|1
39351,3,True,2,15,4,4|4|9|6|2|6|9|4|4|4|2|4|4|9|4
39352,3,True,2,15,0,4|2|0|0|2|2|0|0|0|4|0|0|0|9|4
39374,3,False,3,15,6,6|0|6|6|6|6|0|6|6|6|6|0|6|6|6
39384,7,False,7,3,7,7|9|9|7|9|7|7|7|7|7|7|7|7|7|7
39396,9,False,9,12,5,5|5|5|5|9|5|5|5|9|5|9|5|5|5|5
39412,2,True,3,14,3,3|3|3|3|2|3|3|3|3|3|0|3|3|3|6
39424,7,False,7,2,7,7|7|9|7|7|7|7|7|7|7|7|7|7|1|7
39461,6,False,6,13,4,4|6|0|4|4|2|0|0|6|4|4|4|4|0|2
39475,6,True,0,2,6,6|6|0|6|6|6|0|6|6|6|6|6|6|6|6
39481,9,True,7,15,7,5|7|5|1|7|7|8|7|7|7|7|5|7|5|7
39482,9,True,4,14,0,2|0|0|6|2|2|0|0|4|4|3|0|0|9|0
39492,8,False,8,5,8,8|8|8|1|1|8|8|8|1|8|8|8|7|8|1
39508,2,True,3,13,3,4|9|3|3|3|3|9|4|3|9|2|9|3|9|2
39564,2,True,3,12,3,1|2|1|3|2|3|3|3|2|3|4|3|3|6|1
39598,7,True,1,5,7,7|7|1|1|7|7|7|1|1|7|7|7|7|7|1
39619,0,True,2,11,2,2|0|8|2|0|2|9|9|0|4|2|0|2|2|4
39620,9,True,7,10,5,5|9|5|5|3|9|8|5|5|5|9|5|5|9|9
39623,9,True,4,7,9,4|9|9|4|4|4|4|9|9|4|9|9|4|9|9
39624,9,True,4,12,4,4|3|3|4|9|2|9|4|4|6|4|3|9|2|4
39625,2,True,3,12,3,3|3|2|2|6|3|3|3|3|3|3|3|2|3|3
39652,2,True,6,15,6,6|6|0|6|6|0|0|6|6|6|6|6|6|6|6
39656,5,False,5,5,5,5|1|5|1|5|5|5|5|1|5|5|1|5|5|1
39660,3,True,8,13,8,8|7|8|8|3|8|8|8|3|7|8|8|8|8|8
39680,7,False,7,4,7,7|7|9|9|7|7|9|7|7|7|7|7|7|7|9
39690,0,True,1,11,1,0|1|1|1|0|1|0|1|1|1|1|0|1|1|1
39712,0,True,2,2,0,0|0|0|0|0|0|0|0|0|0|0|0|2|0|2
39726,2,False,2,10,2,4|2|0|6|2|0|2|4|2|3|2|9|0|0|3
39727,9,False,9,15,5,5|5|5|5|5|5|5|5|6|5|5|5|3|5|5
39750,1,True,0,15,8,8|5|8|7|8|2|0|8|2|5|7|8|7|8|8
39775,7,True,1,11,1,1|1|1|1|0|7|7|1|1|1|7|1|7|1|1
39790,9,False,9,13,5,5|5|5|5|9|5|8|5|5|5|9|5|5|5|6
39802,7,True,1,12,1,1|1|1|7|1|0|1|1|7|1|1|1|0|7|3
39808,3,False,3,8,-1,6|2|3|2|2|2|3|3|3|3|2|3|2|3|2
39846,4,True,1,13,1,0|1|1|1|0|1|1|1|1|1|4|1|1|4|1
39856,7,True,1,4,7,7|7|1|1|7|7|7|1|7|7|7|7|7|7|1
39863,3,True,7,15,7,7|7|7|7|4|7|7|4|7|7|4|7|7|7|7
39864,3,True,8,15,8,8|8|8|1|2|8|8|8|8|8|8|8|8|8|8
39869,7,True,1,14,1,1|3|3|1|4|1|1|1|6|3|7|1|6|3|3
39891,0,True,1,8,1,0|1|0|0|0|1|0|1|1|1|0|1|0|1|1
39897,9,True,4,5,9,4|9|9|9|4|9|9|9|9|4|4|4|9|9|9
39903,2,False,2,13,0,0|0|0|9|0|2|0|4|9|4|0|4|6|4|2
39955,9,True,7,15,7,7|7|3|7|3|7|7|7|7|7|7|7|7|7|7
39966,9,False,9,15,5,5|5|5|5|5|5|5|5|5|5|5|5|5|5|5
39991,7,False,7,4,7,7|7|7|7|9|7|7|7|7|7|9|7|9|9|7
40013,6,True,0,4,6,6|6|0|6|6|6|0|6|6|6|4|0|6|6|6
40049,3,True,8,13,8,8|8|3|8|8|3|8|8|8|8|8|8|8|8|8
40063,0,False,0,8,-1,6|0|0|0|0|0|0|6|6|6|6|0|6|4|6
40066,9,True,4,10,4,4|4|4|4|6|9|9|4|9|4|4|4|9|4|9
40068,6,True,3,12,3,6|2|3|6|6|3|3|3|3|3|3|3|3|3|3
40097,9,True,8,15,8,8|8|8|8|8|8|8|8|8|8|8|8|8|8|8
40104,1,False,1,7,1,0|0|0|1|0|0|0|1|1|1|0|1|1|1|1
40123,4,True,6,5,4,4|4|4|6|6|2|9|4|4|4|4|4|4|3|4
40142,3,True,2,15,-1,0|0|0|2|4|2|4|0|0|2|2|4|2|4|8
40144,9,False,9,8,-1,5|5|9|9|9|9|9|5|9|5|5|5|7|5|9
40150,0,False,0,11,6,6|0|0|6|6|6|0|6|6|6|6|0|6|6|6
40179,4,True,6,1,4,4|4|4|4|4|4|4|4|6|4|4|4|4|4|4
40203,7,False,7,3,7,2|7|1|7|4|7|7|7|7|7|7|7|7|7|7
40221,9,True,4,14,3,6|3|0|4|3|2|5|3|9|2|3|3|1|3|4
40260,5,False,5,5,5,5|1|1|5|5|5|5|5|5|5|2|1|3|5|5
40265,3,False,3,5,3,1|2|3|3|2|2|3|3|3|3|3|3|3|3|2
40284,9,True,4,11,4,4|4|9|4|9|9|9|4|4|4|4|4|4|4|4
40288,6,True,1,15,1,7|1|1|1|1|1|1|1|1|1|1|1|1|1|1
40290,5,False,5,6,5,5|5|5|3|3|7|5|5|3|5|3|5|3|5|5
40297,0,True,2,13,2,2|9|8|2|2|2|0|2|2|8|2|2|6|2|0
40323,5,False,5,3,5,5|5|5|5|5|5|5|5|5|1|1|5|5|5|6
40333,0,False,0,6,0,0|0|0|6|0|0|0|6|3|6|6|0|0|0|6
40358,4,True,6,12,6,6|6|6|4|6|6|0|6|6|6|4|4|6|0|0
40384,4,True,1,14,1,1|1|1|1|1|1|1|1|1|1|1|1|1|4|1
40423,7,True,5,6,7,5|5|5|5|7|5|7|7|7|7|5|7|7|7|7
40465,6,True,0,4,6,6|0|0|6|6|6|0|6|6|6|6|0|6|6|6
40468,6,True,0,6,6,6|0|0|6|6|6|0|6|1|6|6|0|6|0|6
40469,7,False,7,7,7,2|7|9|7|9|7|7|9|7|7|9|7|9|9|7
40472,6,True,0,7,6,6|6|0|6|6|6|0|0|6|6|0|6|0|0|2
40490,0,True,2,3,0,0|0|0|0|2|0|0|0|0|2|0|0|0|2|0
40499,6,True,3,13,3,1|3|3|3|6|3|3|0|3|3|2|3|6|3|3
40501,7,False,7,3,7,7|7|7|7|3|7|7|4|7|7|7|7|7|4|7
40518,6,True,0,8,6,0|0|3|6|6|0|3|6|0|6|6|6|1|3|6
40524,7,True,5,14,5,5|5|5|5|1|5|5|5|5|5|7|5|5|5|1
40527,0,True,2,11,2,2|0|0|2|2|2|0|2|2|2|2|2|0|2|2
40531,4,True,6,14,6,6|6|0|6|6|6|0|6|6|6|6|4|6|6|6
40547,6,True,2,11,4,6|6|3|6|2|2|4|4|4|4|2|4|6|3|4
40558,4,True,6,6,4,4|4|4|6|6|6|8|4|6|4|4|4|4|3|4
40598,1,True,4,15,6,6|4|8|6|6|3|8|6|8|4|4|3|6|9|8
40600,1,True,5,11,5,5|5|5|1|5|5|5|5|1|5|5|5|1|1|5
40616,1,False,1,4,1,1|1|1|0|0|0|1|1|3|1|1|1|1|1|1
40617,8,True,1,14,1,0|1|0|1|1|1|0|1|1|8|1|1|1|1|1
40622,4,True,6,5,4,4|9|8|4|4|9|4|4|4|4|4|4|9|9|4
40630,9,False,9,10,5,5|5|5|7|7|9|9|5|5|7|5|9|9|5|9
40656,5,True,9,2,5,5|5|5|5|9|5|5|5|5|5|4|5|5|5|5
40666,1,True,8,14,8,7|1|8|7|0|5|8|9|8|8|8|8|7|8|3
40688,3,True,5,15,5,5|5|5|7|5|5|7|5|7|7|5|5|5|5|5
40709,7,False,7,8,9,7|9|9|7|9|7|9|9|9|7|7|7|9|7|9
40731,6,True,3,12,3,2|6|3|3|6|3|1|3|6|3|2|3|3|3|3
40753,6,False,6,15,0,0|0|0|0|2|0|0|0|0|2|4|0|0|2|0
40759,7,False,7,2,7,7|7|7|7|3|7|7|7|7|7|7|7|7|9|7
40764,0,True,2,13,4,4|4|3|6|6|0|0|4|6|4|4|4|4|4|4
40767,7,False,7,4,7,7|7|7|9|7|7|7|7|6|7|9|7|7|9|7
40769,9,True,4,6,9,4|9|9|4|9|9|4|9|4|4|4|9|9|9|9
40779,7,False,7,6,7,7|9|9|7|7|7|9|5|9|7|7|2|7|7|7
40790,6,True,1,14,1,7|1|1|1|6|3|3|1|5|1|4|0|0|1|1
40831,3,False,3,10,3,6|4|0|3|2|2|9|3|6|4|9|3|3|3|4
40840,0,False,0,13,6,6|6|0|6|6|6|0|6|6|6|6|6|6|6|6
40878,5,False,5,7,5,5|5|5|7|1|5|7|5|5|8|1|5|7|7|5
40903,7,False,7,15,5,5|5|5|5|9|5|5|9|5|5|5|5|5|5|5
40952,9,True,4,15,4,4|4|4|4|4|4|4|4|6|4|4|4|4|4|4
40998,5,True,4,15,-1,2|4|4|6|2|0|3|7|8|4|1|4|0|2|2
41008,9,True,6,14,4,4|6|4|6|6|6|9|4|3|4|4|4|6|4|5
41012,9,True,7,15,7,2|7|7|3|7|5|7|7|7|7|7|7|7|7|7
41018,6,False,6,14,8,8|0|2|5|3|8|8|5|8|0|0|3|8|0|6
41029,4,True,6,14,2,2|2|0|2|2|2|3|3|8|4|1|0|0|3|3
41030,5,True,9,0,5,5|5|5|5|5|5|5|5|5|5|5|5|5|5|5
41048,0,False,0,10,6,6|6|6|6|0|0|0|6|6|6|0|6|6|0|6
41061,9,True,7,5,9,5|7|9|8|9|9|9|9|7|7|9|9|9|9|9
41065,7,True,1,12,1,1|1|1|1|1|1|1|1|1|1|7|7|7|1|1
41080,9,True,7,10,7,7|9|9|9|9|7|7|9|7|7|7|7|7|7|7
41105,0,False,0,10,6,6|6|0|6|0|0|0|6|6|6|6|0|6|6|6
41128,5,True,9,1,5,5|5|5|5|5|5|5|5|5|5|5|5|5|5|9
41131,2,True,3,13,3,3|2|3|8|2|3|5|3|1|7|1|3|3|5|5
41133,5,True,9,3,5,5|5|5|5|9|5|9|5|9|5|5|5|5|5|5
41138,7,False,7,1,7,7|7|7|3|7|7|7|7|7|7|7|7|7|7|7
41141,0,True,3,13,3,3|3|0|3|2|6|3|6|3|3|0|3|1|3|3
41144,3,True,8,15,-1,0|8|2|8|4|0|0|4|6|2|9|0|4|9|4
41146,4,True,6,14,-1,6|6|0|4|6|0|0|6|0|6|6|0|0|0|6
41163,2,True,5,13,7,7|7|2|7|9|7|7|7|7|7|2|7|7|7|7
41177,9,True,4,6,9,4|9|9|9|4|4|9|4|9|9|4|4|9|9|9
41201,0,True,2,8,0,0|0|0|2|2|2|0|0|2|0|4|2|0|9|8
41203,6,False,6,15,4,0|0|4|4|4|9|4|4|4|4|4|4|4|4|9
41204,8,False,8,13,4,4|8|4|4|3|9|8|9|6|4|4|9|6|3|4
41213,9,True,8,15,8,8|8|8|8|8|8|8|8|8|8|8|8|8|8|8
41221,3,True,4,15,6,6|6|4|6|0|6|0|6|6|6|6|2|2|6|6
41231,2,False,2,10,0,0|0|0|0|2|2|0|0|2|2|4|0|8|2|4
41235,9,True,6,15,4,4|6|4|6|6|4|4|4|6|4|4|4|4|4|4
41260,5,True,9,0,5,5|5|5|5|5|5|5|5|5|5|5|5|5|5|5
41299,4,True,6,5,4,4|4|9|4|9|0|4|4|4|4|9|4|4|9|4
41305,6,True,3,14,-1,1|3|3|1|1|0|3|1|3|3|6|3|0|1|1
41327,8,False,8,3,8,8|8|8|3|3|8|8|8|8|8|8|8|8|3|8
41362,2,True,3,10,3,2|3|3|3|2|2|3|3|3|3|3|3|3|2|2
41372,5,True,9,3,5,5|5|5|5|9|5|5|5|9|5|9|5|5|5|5
41381,7,False,7,4,7,2|7|8|7|7|7|7|4|9|7|7|7|7|7|7
41423,9,True,4,10,4,4|4|4|9|2|4|9|4|9|4|4|4|9|9|4
41436,5,False,5,5,5,2|5|5|5|2|5|5|5|5|5|2|5|5|2|1
41453,3,False,3,7,3,6|2|3|3|3|2|3|3|3|3|2|3|2|2|2
41476,3,False,3,13,2,0|6|1|2|2|2|2|4|0|3|4|0|2|4|3
41484,6,True,3,13,3,6|6|3|3|3|3|3|3|3|3|3|3|3|2|3
41487,6,True,0,5,6,6|0|0|6|6|0|0|6|6|6|6|0|6|6|6
41497,6,True,3,8,3,6|6|3|3|6|3|3|3|6|3|6|3|6|3|6
41518,8,True,5,15,5,5|2|5|5|7|3|5|5|3|5|3|5|7|5|5
41525,9,True,4,15,3,3|4|3|4|3|6|4|3|6|3|3|3|3|4|3
41543,5,False,5,4,5,5|5|5|5|2|5|5|5|1|5|9|5|5|5|2
41556,1,True,5,15,5,5|5|5|5|9|5|5|5|5|7|7|5|5|5|5
41566,5,True,9,3,5,5|5|5|5|9|5|5|5|9|5|9|5|5|5|5
41578,4,False,4,4,4,4|4|4|9|9|9|9|4|4|4|4|4|4|4|4
41581,7,True,1,9,1,7|1|1|1|7|1|7|1|1|7|7|1|7|1|1
41605,4,False,4,11,9,4|9|9|9|9|9|9|9|4|4|4|9|9|9|9
41617,2,True,7,14,-1,2|9|9|7|9|9|7|9|7|7|7|7|9|9|7
41650,6,True,0,12,0,0|0|0|0|6|0|0|0|6|0|6|0|0|0|0
41663,6,True,9,14,5,5|5|5|5|5|5|5|5|9|9|5|5|5|5|6
41672,7,False,7,6,7,7|9|9|9|7|9|7|9|7|7|7|9|7|7|7
41693,6,True,1,15,1,1|1|1|1|1|1|1|1|1|3|2|1|7|1|1
41694,9,False,9,13,5,5|5|5|5|9|5|5|5|5|5|9|5|5|5|5
41701,4,True,6,15,6,0|6|0|6|6|6|0|6|6|6|6|0|0|6|6
41709,1,False,1,4,1,0|0|1|0|1|1|1|1|1|1|1|0|1|1|1
41726,9,True,4,14,4,4|4|4|3|9|4|8|4|6|4|4|2|6|4|4
41736,4,False,4,12,-1,4|9|8|2|3|2|2|9|9|9|9|4|4|2|2
41745,7,True,5,12,5,5|5|5|7|0|5|5|5|5|7|5|5|7|5|1
41765,2,False,2,12,0,8|0|0|2|0|2|0|0|0|0|0|2|0|0|0
41789,4,True,6,13,6,6|6|0|4|6|0|0|6|6|6|4|6|6|0|6
41807,5,False,5,4,5,5|5|5|1|5|5|5|5|7|5|7|5|5|5|1
41830,9,False,9,13,5,5|5|5|5|5|5|5|5|9|5|9|5|5|5|5
41837,3,True,8,14,8,8|8|8|8|3|8|8|8|8|8|8|8|8|8|8
41866,3,True,7,15,7,7|9|7|7|9|7|7|7|7|7|7|7|9|7|7
41869,1,False,1,7,1,0|1|0|0|1|0|0|1|1|1|0|0|1|1|1
41907,1,True,5,11,5,5|5|1|6|5|1|5|5|1|5|1|5|5|5|5
42000,2,True,9,9,9,2|9|2|7|9|2|9|9|2|9|9|2|9|2|9
42003,4,False,4,11,9,4|9|9|9|6|9|9|4|4|4|9|9|9|9|9
42022,4,False,4,7,4,4|6|0|9|9|9|9|4|4|4|4|4|4|4|9
42065,6,True,0,5,6,0|0|6|6|6|0|0|6|6|6|6|0|6|6|6
42067,0,True,1,9,0,1|0|0|1|0|0|0|3|1|3|0|3|1|1|3
42072,7,True,1,13,1,1|1|1|1|7|1|1|1|1|1|1|1|7|1|1
42076,4,True,6,14,6,6|6|2|6|2|6|0|6|0|6|4|6|6|6|6
42091,0,False,0,12,6,6|0|6|6|6|6|0|6|6|6|6|0|6|6|6
42100,5,True,9,3,5,5|9|5|5|5|9|5|5|5|5|9|5|5|5|5
42105,9,True,6,15,4,6|4|8|4|4|4|4|4|6|4|4|4|4|4|4
42106,0,False,0,7,0,0|0|0|0|6|0|0|6|6|6|6|0|6|0|6
42111,2,True,5,13,7,5|9|5|8|2|7|7|9|8|7|2|7|9|9|7
42130,6,True,0,12,0,2|0|0|6|4|0|0|0|1|0|6|0|0|4|6
42171,6,True,0,10,6,6|6|2|1|6|6|0|2|4|4|2|0|6|4|5
42174,6,True,1,15,1,1|1|1|1|1|1|7|1|1|1|7|1|1|1|1
42183,6,True,2,14,3,1|3|1|1|2|0|9|3|1|3|0|3|6|2|3
42201,1,False,1,3,1,1|1|2|8|0|1|1|1|1|1|1|1|1|1|1
42213,0,True,2,1,0,0|0|0|0|0|0|0|0|0|2|0|0|0|0|0
42218,0,True,1,11,1,0|1|1|1|0|1|0|1|1|1|0|1|1|1|1
42219,2,True,5,10,5,2|0|2|2|2|5|5|5|5|8|2|5|7|5|5
42231,8,False,8,0,8,8|8|8|8|8|8|8|8|8|8|8|8|8|8|8
42268,9,True,4,11,4,4|4|9|4|9|9|4|4|4|4|4|4|2|9|4
42288,2,False,2,15,6,6|6|0|6|6|6|3|6|6|0|6|0|6|3|6
42289,3,True,2,15,0,0|0|0|2|0|0|0|0|0|2|0|0|0|2|2
42293,4,False,4,8,9,4|4|9|4|9|9|9|4|9|4|9|4|9|9|4
42301,9,True,4,15,4,2|2|4|4|4|2|4|4|6|4|4|4|4|4|4
42302,2,False,2,4,2,2|2|2|2|2|2|0|9|8|2|0|2|2|2|2
42317,2,True,9,15,5,5|9|5|5|9|5|5|5|5|5|5|5|5|5|5
42320,6,True,0,7,6,0|6|6|6|0|0|0|6|6|6|6|0|2|0|6
42361,0,False,0,12,6,6|6|0|6|6|6|0|6|6|6|6|0|6|6|6
42369,1,False,1,2,1,1|1|1|1|1|1|1|1|1|1|7|1|1|7|1
42385,6,True,0,10,6,6|9|8|3|6|3|8|6|8|3|4|4|6|3|6
42401,1,False,1,3,1,3|1|1|1|1|1|7|1|1|1|1|1|1|1|7
42403,3,False,3,7,3,6|6|3|6|3|3|2|3|6|3|6|3|3|3|6
42442,5,True,9,1,5,5|5|5|5|9|5|5|5|5|5|5|5|5|5|5
42448,3,True,5,13,5,5|5|5|5|2|2|5|1|5|5|5|5|5|3|3
42458,4,False,4,12,9,4|9|9|4|9|9|9|9|9|4|9|9|9|9|9
42472,7,True,8,10,8,7|8|8|7|8|1|8|8|8|8|7|8|7|7|8
42476,9,True,4,9,4,4|4|9|9|0|0|9|4|9|4|4|4|9|9|4
42484,6,True,0,7,6,6|8|3|2|6|6|3|6|6|6|0|3|7|6|6
42491,8,False,8,4,8,8|8|8|8|8|7|8|8|7|8|7|8|8|7|8
42504,8,True,7,15,-1,5|7|5|1|5|5|7|1|5|5|7|7|7|3|7
42505,5,True,9,1,5,5|5|5|5|5|5|5|5|5|5|9|5|5|5|5
42510,0,False,0,9,6,6|6|0|6|0|0|0|6|6|6|0|0|6|6|6
42527,0,True,2,15,6,2|4|8|6|6|2|5|4|6|4|6|6|6|4|2
42554,7,False,7,6,7,7|9|9|3|2|7|7|7|7|2|7|7|7|5|7
42576,0,True,2,13,2,2|0|8|2|2|2|7|6|2|6|0|4|2|8|8
42585,5,True,8,15,8,8|8|8|8|8|8|8|8|8|8|8|8|8|8|8
42597,0,True,1,10,1,0|1|0|1|0|1|0|1|1|1|1|1|0|1|1
42606,0,True,1,12,1,0|1|1|0|7|1|0|1|1|1|6|1|1|1|7
42639,1,True,7,13,7,7|7|7|1|5|7|8|5|7|7|1|5|9|7|5
42642,9,True,7,12,7,7|7|9|7|7|7|9|7|7|7|7|7|9|7|7
42653,6,True,0,8,0,6|0|0|6|0|0|0|0|6|6|6|0|6|0|6
42660,6,False,6,15,8,8|8|8|3|8|9|8|8|8|8|9|8|4|8|8
42662,2,False,2,8,-1,0|0|0|2|2|0|0|0|2|2|2|2|0|4|2
42695,6,True,0,12,8,6|0|8|1|6|2|0|8|6|4|3|4|8|8|8
42757,6,True,0,3,6,6|6|0|6|6|6|0|6|6|6|6|0|6|6|6
42765,4,True,6,14,-1,0|0|0|2|2|0|0|0|2|2|2|0|4|2|2
42775,1,True,8,14,8,8|8|8|7|5|8|8|1|9|8|7|2|8|8|8
42784,2,True,3,12,3,6|2|3|3|3|3|2|3|3|3|2|3|3|3|3
42787,7,True,1,13,1,1|1|1|1|1|1|1|1|1|1|7|1|7|1|1
42792,9,False,9,10,5,5|5|5|5|9|5|9|5|9|5|9|5|5|5|9
42803,4,True,6,3,4,4|4|9|4|4|0|0|4|4|4|4|4|4|4|4
42835,1,True,3,13,3,6|9|2|6|8|3|3|6|1|4|1|4|3|3|4
42862,3,True,2,15,4,4|9|9|4|2|2|0|4|2|4|2|4|4|9|4
42865,6,False,6,9,6,0|6|0|4|4|6|0|4|6|6|4|0|6|4|6
42884,7,False,7,3,7,7|7|3|7|4|7|7|7|7|7|7|7|9|7|7
42890,0,True,1,13,1,0|1|1|1|1|1|0|1|1|1|1|1|7|1|1
42907,4,False,4,5,4,4|9|9|4|4|9|9|4|4|4|4|4|4|4|9
42946,6,False,6,12,0,2|3|0|6|2|0|0|8|6|0|4|3|6|4|5
42951,4,True,1,15,1,1|1|1|1|1|1|7|1|1|7|1|1|7|1|1
42994,8,False,8,4,8,8|8|3|3|8|3|8|3|8|8|8|8|8|8|8
43019,6,False,6,14,4,4|9|8|4|4|9|9|4|6|4|0|4|4|4|9
43050,9,True,4,11,4,4|4|9|4|4|2|9|9|4|4|4|4|4|9|4
43073,3,True,8,15,8,8|8|8|8|2|8|8|4|6|8|1|8|8|8|8
43091,9,True,4,12,4,4|9|8|6|6|0|9|4|2|4|4|4|9|3|4
43103,6,True,0,4,6,6|6|0|6|0|0|0|6|6|6|6|6|6|6|6
43122,6,True,0,6,6,6|6|4|4|6|6|0|4|6|4|6|4|6|6|6
43139,4,False,4,15,3,1|6|3|9|6|0|3|3|6|3|0|3|6|3|6
43153,7,True,1,9,1,1|1|1|1|0|7|7|1|1|7|7|1|7|7|1
43177,7,True,1,13,1,1|1|1|1|1|0|7|1|1|1|7|1|1|1|1
43178,4,True,1,12,0,0|1|0|4|0|2|0|8|9|1|4|4|0|9|5
43198,6,True,0,5,6,6|6|0|0|6|0|0|6|6|6|6|6|6|0|6
43217,6,False,6,15,4,4|4|4|4|4|4|4|4|4|4|4|4|4|4|4
43232,0,False,0,13,6,6|2|3|6|2|0|3|6|6|4|4|0|6|6|6
43235,7,True,5,15,5,1|5|5|5|5|5|5|5|5|5|1|5|5|5|5
43247,2,True,3,10,3,2|2|2|3|3|3|3|3|3|3|3|3|2|3|2
43264,5,False,5,9,7,5|5|2|7|0|7|5|5|7|7|7|5|7|7|5
43276,5,True,9,4,5,5|5|5|9|5|5|5|5|9|5|5|5|9|5|8
43292,3,False,3,6,3,6|6|3|3|6|3|3|6|6|3|2|3|3|3|3
43298,0,False,0,10,6,6|0|0|6|6|0|0|6|6|6|6|4|0|6|6
43307,1,True,5,14,5,5|5|5|5|5|5|5|5|5|7|5|7|5|5|1
43328,0,False,0,10,6,6|0|0|6|0|0|0|6|6|6|6|6|6|6|6
43343,9,True,6,15,4,8|0|8|4|6|8|4|8|6|4|4|4|4|6|0
43373,5,True,8,15,8,8|8|3|8|3|8|8|8|8|8|8|8|8|3|8
43374,8,True,2,15,4,6|4|0|6|4|2|0|4|6|4|4|0|2|9|5
43388,4,True,1,15,1,1|1|1|1|1|1|7|1|1|1|7|7|1|7|1
43401,1,False,1,6,1,0|1|0|1|0|1|0|0|1|1|1|1|0|1|1
43410,4,False,4,7,4,4|9|9|9|4|4|9|9|6|4|9|4|4|4|4
43416,9,True,4,8,-1,4|4|9|4|9|4|9|9|6|4|9|4|4|9|9
43423,9,True,4,15,4,2|4|4|3|4|2|4|4|4|4|4|4|4|2|4
43427,5,False,5,4,5,5|5|5|1|5|5|5|1|7|5|5|1|5|5|5
43445,0,True,1,10,1,0|1|0|0|0|1|1|1|1|1|0|1|1|1|1
43447,6,True,0,9,-1,6|0|6|4|0|0|3|0|6|6|6|4|0|0|6
43448,5,True,9,2,5,5|5|5|5|5|5|9|5|9|5|5|5|5|5|5
43458,5,True,9,4,5,5|5|5|5|9|5|5|9|5|5|9|5|5|5|8
43466,5,True,9,6,5,5|5|5|5|9|9|5|5|2|5|9|9|5|5|9
43515,7,True,1,10,1,0|7|3|1|1|1|7|1|1|1|7|0|7|7|1
43526,5,False,5,2,5,5|5|5|5|2|5|5|5|5|5|5|5|5|5|1
43562,5,True,9,2,5,5|5|5|5|9|5|5|5|9|5|5|5|5|5|5
43567,4,False,4,10,4,4|4|8|2|3|2|5|5|1|8|4|8|4|8|4
43590,6,False,6,12,4,2|4|3|4|4|6|0|4|2|4|6|4|9|2|6
43615,3,False,3,5,3,6|2|3|3|3|3|3|3|3|3|2|3|6|3|2
43628,0,False,0,10,6,6|0|0|6|0|0|0|6|6|6|6|6|6|6|6
43632,9,False,9,7,9,2|9|9|7|9|9|9|9|7|7|7|7|7|9|9
43656,7,True,5,13,5,7|5|5|5|9|5|5|5|9|7|9|8|9|5|9
43663,4,False,4,14,-1,8|9|3|4|6|2|0|6|2|6|2|3|6|3|2
43681,6,True,0,7,6,0|6|0|0|0|6|0|6|0|6|6|0|6|6|6
43683,5,True,9,3,5,5|5|3|5|5|5|5|4|5|5|5|5|7|5|5
43694,6,True,0,15,2,2|2|2|2|2|2|3|3|3|3|2|3|2|2|2
43705,2,False,2,15,0,8|0|0|0|0|0|0|6|6|0|0|0|0|0|8
43715,6,True,2,14,2,4|2|8|6|2|2|4|2|4|3|2|4|4|2|2
43734,2,False,2,14,0,0|0|4|4|8|0|6|6|0|4|8|2|0|3|4
43736,0,False,0,13,-1,0|7|7|4|3|0|3|6|6|4|7|8|3|5|1
43753,7,True,5,11,5,5|7|5|5|7|5|5|5|7|5|5|5|7|5|1
43777,6,True,0,4,6,6|6|0|6|0|6|0|6|6|6|6|0|6|6|6
43785,9,False,9,14,5,5|5|5|5|5|9|5|5|5|5|5|5|5|5|5
43798,7,True,5,7,7,7|5|7|7|3|5|5|7|7|7|1|1|7|5|7
43817,6,True,0,9,0,6|0|0|6|0|0|0|6|0|6|0|0|0|6|6
43824,9,True,7,9,7,7|9|7|7|9|7|7|9|7|7|7|9|9|9|7
43830,7,True,3,15,-1,1|3|0|2|0|0|0|6|6|4|1|4|6|6|1
43848,6,False,6,15,8,8|4|2|4|0|8|5|5|8|1|7|8|4|8|3
43857,6,False,6,12,4,4|6|1|4|6|2|0|3|6|4|4|0|9|4|3
43884,1,False,1,3,1,1|1|1|4|1|1|7|1|1|1|1|3|1|1|1
43886,0,True,2,12,4,4|4|9|0|0|9|4|4|4|4|0|4|4|4|4
43909,9,False,9,13,5,5|5|5|5|5|9|5|5|5|5|9|5|5|5|5
43924,5,True,9,1,5,5|5|5|5|9|5|5|5|5|5|5|5|5|5|5
43966,8,True,1,15,1,0|1|1|1|1|1|0|1|1|1|1|1|0|1|1
43987,9,False,9,12,5,5|9|5|5|9|5|9|5|5|5|5|5|7|5|5
43998,7,False,7,4,7,7|7|7|4|4|7|7|7|7|7|4|7|7|4|7
44001,9,True,8,15,8,8|8|8|8|8|8|8|8|8|7|8|8|8|8|8
44051,7,True,5,11,5,7|5|7|5|7|5|5|5|5|7|5|5|5|1|8
44054,9,False,9,12,5,5|9|1|5|5|5|5|5|0|9|6|5|5|9|5
44059,5,False,5,7,5,5|5|3|5|5|1|5|5|5|7|2|3|1|5|1
44069,2,False,2,11,0,2|0|0|2|0|0|0|0|0|6|0|0|0|2|2
44098,9,True,7,13,7,2|7|9|7|0|7|7|7|7|7|7|7|9|7|7
44112,0,True,1,15,1,1|1|1|1|7|1|1|1|1|1|7|1|1|1|1
44127,6,False,6,14,4,6|4|4|4|4|4|8|4|2|4|4|2|4|3|4
44181,2,False,2,9,-1,2|0|0|2|0|0|0|0|2|2|2|4|2|4|4
44187,0,True,2,11,4,8|4|0|6|2|0|0|3|0|4|4|9|6|4|4
44218,2,True,5,13,5,5|5|5|5|2|2|5|5|5|5|5|5|1|5|5
44249,6,False,6,12,0,4|6|0|6|0|0|0|0|0|4|0|0|0|3|6
44274,6,True,0,9,3,6|6|3|6|6|3|3|3|3|3|4|0|6|6|3
44287,3,False,3,15,0,4|9|0|2|2|0|0|0|0|4|4|0|4|4|0
44296,7,True,1,14,0,1|0|7|6|4|0|2|8|0|2|1|3|2|0|1
44300,3,True,8,14,8,8|1|8|8|8|8|5|8|6|8|7|8|3|5|8
44308,9,True,8,15,8,8|8|8|8|8|8|8|8|8|8|8|8|8|7|8
44352,9,True,4,8,-1,4|9|4|4|9|2|9|9|9|4|4|4|4|9|9
44396,8,False,8,2,8,8|8|8|8|0|8|8|8|8|8|8|8|7|8|8
44403,9,True,7,13,7,7|7|7|7|9|5|7|9|7|7|7|7|7|7|7
44433,6,True,3,13,3,3|3|3|3|6|0|3|3|3|3|5|3|6|3|8
44444,5,False,5,8,5,5|5|3|7|3|7|5|5|3|7|5|1|7|5|5
44459,0,False,0,12,6,0|6|6|6|0|0|9|6|4|6|6|4|6|6|6
44468,3,True,5,15,5,5|5|5|5|5|5|5|1|1|5|5|5|5|5|5
44493,7,True,5,11,5,5|5|5|7|5|5|5|5|7|5|7|5|7|5|1
44519,3,False,3,4,3,6|2|3|2|3|3|3|3|3|3|3|0|3|3|3
44524,3,False,3,3,3,6|3|3|3|2|3|3|3|3|3|3|3|2|3|3
44551,3,True,2,11,-1,4|3|0|3|6|2|9|9|2|9|3|4|9|3|4
44574,6,False,6,13,3,1|4|2|3|6|3|3|3|6|4|4|3|9|3|3
44586,8,False,8,2,8,8|8|8|8|8|8|8|8|6|8|8|8|7|8|8
44588,6,True,3,8,6,3|6|3|6|8|3|3|6|6|6|6|3|0|6|3
44595,9,True,4,9,4,4|4|9|8|4|9|9|4|4|4|9|4|9|9|4
44610,6,True,2,13,9,4|6|2|9|9|2|9|9|4|9|6|4|4|9|4
44640,2,False,2,15,4,4|4|0|6|0|4|4|4|6|4|4|0|0|0|0
44641,0,False,0,8,6,6|0|0|6|0|0|0|6|6|6|6|0|6|0|6
44663,6,True,0,10,0,0|6|0|0|0|6|0|0|0|0|6|0|6|0|6
44667,4,True,1,15,1,1|1|1|1|0|1|1|0|1|8|1|1|0|1|1
44698,2,False,2,14,9,4|9|9|9|4|9|9|9|2|4|9|4|9|9|9
44720,0,True,2,10,0,0|0|8|2|2|6|8|8|6|4|0|2|6|0|0
44736,2,True,3,6,2,2|2|2|3|2|2|3|3|2|3|2|1|2|2|3
44738,3,True,5,13,5,5|5|5|3|3|5|5|5|7|7|7|5|5|5|7
44803,3,True,7,15,7,8|7|7|7|2|7|7|7|7|7|4|7|7|7|4
44817,9,False,9,13,5,5|5|5|5|5|5|5|5|5|9|5|5|9|5|5
44823,4,True,6,1,4,4|4|4|4|6|4|4|4|4|4|4|4|4|4|4
44834,9,True,4,9,9,4|2|9|3|2|9|4|9|9|4|2|4|9|9|4
44840,7,False,7,1,7,7|7|7|7|7|7|7|7|7|7|7|7|7|2|7
44862,5,False,5,5,5,5|5|5|5|7|7|5|5|7|5|7|5|5|5|1
44869,9,True,4,13,4,4|4|9|4|6|4|9|4|4|4|4|4|4|4|4
44873,3,True,8,13,8,8|8|8|3|0|8|8|8|8|7|9|8|3|8|8
44892,3,False,3,4,3,6|6|1|3|3|3|3|6|3|3|3|3|3|3|3
44905,1,False,1,5,1,1|1|1|1|1|7|7|1|6|1|7|1|1|7|1
44931,0,True,2,10,2,2|0|0|2|6|9|0|0|2|2|2|4|0|2|2
44944,0,True,1,13,1,1|1|1|1|0|0|1|1|1|1|1|1|1|1|1
44952,1,True,8,15,8,8|8|8|8|5|8|8|8|8|8|8|8|8|8|8
44962,6,False,6,15,2,2|0|8|2|2|2|3|4|1|3|8|8|3|2|2
44978,2,True,5,15,5,5|5|9|7|5|5|5|9|5|3|5|5|5|8|8
44985,3,True,5,14,5,5|1|5|7|3|5|5|1|7|1|2|7|5|7|1
45007,4,True,6,5,4,4|9|0|4|2|2|4|4|6|4|4|4|4|4|4
45017,6,True,2,14,4,4|9|9|4|6|9|9|4|4|4|9|4|9|4|4
45032,1,False,1,4,1,1|1|1|1|7|1|1|1|1|1|7|1|7|7|1
45072,0,False,0,15,6,6|6|6|6|6|2|9|3|6|3|6|6|3|3|6
45083,2,True,3,14,3,3|3|3|3|2|3|3|3|6|3|6|3|6|3|6
45115,6,True,3,14,3,3|2|3|3|3|3|3|3|6|3|3|3|3|3|3
45119,9,True,7,7,9,5|9|9|7|9|9|7|9|9|7|7|9|7|7|9
45141,0,False,0,8,6,6|0|0|6|0|0|0|6|6|6|0|0|6|6|6
45164,8,True,6,14,-1,6|9|8|9|2|4|9|4|6|4|9|4|6|9|4
45171,9,True,8,14,-1,7|5|9|7|8|5|8|1|1|8|8|2|7|5|5
45188,2,True,3,13,-1,4|4|4|3|3|2|3|4|3|4|2|3|3|4|1
45201,4,True,6,12,6,6|6|0|4|4|6|5|6|6|6|4|0|6|6|6
45233,0,True,1,9,0,2|0|9|1|4|0|0|0|0|1|0|4|4|2|2
45257,4,True,6,11,-1,6|9|3|4|3|4|0|3|6|6|4|4|6|0|2
45276,6,True,0,15,8,3|8|7|1|8|7|8|8|8|8|4|8|7|8|8
45282,5,False,5,7,5,5|5|2|8|7|5|5|7|5|5|7|5|5|1|7
45320,7,False,7,4,7,5|5|7|7|7|7|7|5|7|7|7|7|7|3|7
45327,5,True,9,1,5,5|5|5|5|5|5|5|5|5|5|5|5|5|5|9
45482,9,True,4,7,9,4|9|9|4|9|9|9|4|9|4|4|4|9|9|4
45485,9,True,8,14,8,8|8|8|9|8|8|8|8|8|8|8|8|8|8|8
45492,3,True,8,12,8,8|8|8|8|8|3|8|8|3|8|9|8|8|3|8
45502,7,False,7,2,7,7|7|7|7|0|7|7|7|7|7|7|7|7|9|7
45516,2,True,3,8,-1,2|2|2|2|3|3|3|0|3|3|2|3|2|3|2
45524,8,False,8,3,8,8|8|8|8|2|8|8|8|8|8|7|8|8|7|8
45525,8,True,1,15,1,1|1|1|1|1|1|0|1|1|1|1|1|1|1|1
45546,6,True,0,7,6,6|0|0|6|6|0|0|6|6|6|6|0|0|0|6
45552,6,True,3,14,3,6|2|2|2|3|3|3|3|3|3|7|3|2|2|3
45560,2,True,3,8,-1,6|3|3|2|2|2|3|3|3|3|2|2|2|2|3
45562,8,False,8,2,8,8|8|8|8|8|3|8|8|8|8|8|3|8|8|8
45603,4,False,4,9,9,4|9|9|9|9|9|9|9|2|4|4|4|4|9|4
45607,6,True,0,10,3,3|0|3|6|2|3|3|6|6|6|0|8|3|3|6
45608,5,True,9,1,5,5|5|5|5|9|5|5|5|5|5|5|5|5|5|5
45621,7,True,1,15,1,0|1|1|0|0|1|0|0|1|1|0|1|0|1|1
45625,2,True,3,13,3,6|6|3|2|2|3|3|3|3|3|3|3|3|3|6
45648,0,True,2,12,2,2|2|0|2|2|2|0|0|2|2|2|2|2|2|2
45651,5,True,9,5,5,5|9|5|9|2|5|5|5|5|5|9|5|5|5|6
45665,2,False,2,10,0,0|0|0|2|2|0|0|0|2|0|6|2|0|0|2
45695,9,True,4,8,-1,4|9|9|5|4|9|9|9|4|9|4|4|9|4|4
45714,8,True,2,14,2,2|0|2|2|2|2|0|0|2|8|2|2|2|2|3
45726,3,True,2,15,4,4|4|4|6|4|4|4|4|4|4|6|4|4|4|4
45727,4,True,6,9,4,4|6|4|4|9|0|5|4|6|6|6|0|0|4|4
45767,7,True,1,10,1,7|1|1|1|1|7|1|1|1|7|7|1|1|1|7
45780,6,True,0,3,6,6|6|6|0|6|6|0|6|6|6|6|6|6|0|6
45786,4,False,4,5,4,4|4|9|4|6|0|4|4|4|4|4|4|4|0|9
45832,1,False,1,3,1,1|1|1|1|1|1|7|1|1|1|7|1|1|7|1
45833,0,True,2,13,-1,4|6|0|6|4|6|0|6|6|4|4|4|6|4|8
45839,7,False,7,4,7,7|7|7|7|2|7|7|7|8|7|8|8|7|7|7
45850,6,True,0,6,6,4|6|4|6|4|6|4|6|6|4|6|6|6|0|6
45860,5,False,5,5,5,5|5|7|5|0|5|5|5|5|5|3|2|5|5|9
45866,9,True,6,15,4,4|4|4|6|4|4|4|4|6|4|4|4|4|4|4
45880,4,False,4,4,4,4|0|9|4|4|9|4|4|4|4|4|4|4|2|4
45885,4,True,7,15,7,2|9|8|7|3|7|7|7|7|7|7|7|7|7|7
45897,7,True,8,12,8,8|8|8|7|0|1|8|8|8|7|7|8|8|8|8
45900,2,False,2,13,0,0|0|0|4|2|0|0|0|0|2|0|4|0|0|9
45965,7,True,5,5,7,7|7|5|7|7|7|9|5|2|7|7|7|7|7|0
45971,6,True,1,15,1,1|1|1|1|7|1|1|1|1|1|1|1|7|1|1
45977,1,False,1,0,1,1|1|1|1|1|1|1|1|1|1|1|1|1|1|1
46008,4,True,1,15,1,1|1|1|6|9|1|7|1|1|1|1|1|1|1|3
46041,3,False,3,6,3,6|0|3|2|2|3|3|3|3|3|2|3|6|3|3
46056,5,True,9,3,5,5|5|5|5|9|5|5|5|9|5|9|5|5|5|5
46060,0,True,2,9,-1,2|0|0|2|0|0|0|0|4|8|4|2|2|2|2
46081,8,False,8,4,8,8|8|8|8|3|8|8|8|8|8|8|3|3|8|3
46087,3,False,3,12,-1,7|3|2|2|6|3|3|1|1|8|4|1|7|5|0
46090,5,True,9,2,5,5|5|5|5|5|5|5|5|9|5|9|5|5|5|5
46091,4,True,6,3,4,4|0|0|9|4|4|4|4|4|4|4|4|4|4|4
46092,2,True,9,14,9,2|9|9|7|9|9|9|9|9|7|9|7|7|7|9
46100,8,True,7,15,5,5|5|5|5|9|9|9|5|2|5|5|5|9|5|9
46117,1,False,1,4,1,1|1|1|1|0|1|0|1|1|1|1|1|7|0|1
46154,9,True,4,7,9,4|9|4|4|9|9|9|9|9|4|4|4|9|9|4
46187,0,False,0,9,6,6|6|0|6|0|0|0|6|6|6|0|0|6|6|6
46189,9,True,7,13,7,7|7|8|7|7|7|7|7|7|7|9|8|7|7|9
46204,2,False,2,11,4,8|4|4|4|3|2|4|4|6|4|2|2|7|2|8
46206,6,True,0,4,6,6|0|0|6|6|6|0|6|6|6|6|0|6|6|6
46228,7,False,7,2,7,7|7|7|7|7|7|7|5|7|7|1|7|7|7|7
46229,6,False,6,14,4,4|4|4|4|4|4|4|4|6|4|4|4|4|4|4
46271,3,True,8,11,8,8|3|8|8|2|3|8|8|3|8|8|8|8|3|8
46283,9,True,7,15,7,7|7|7|7|7|7|7|7|7|7|7|7|7|2|7
46292,4,False,4,7,4,4|4|9|6|2|2|9|4|4|4|4|4|2|4|2
46309,0,False,0,10,6,6|6|0|6|0|0|0|6|6|6|6|0|6|6|6
46312,7,True,1,9,1,1|1|1|1|1|7|7|1|1|7|7|1|7|7|1
46334,7,False,7,4,7,7|7|7|4|7|7|7|7|7|7|4|7|7|4|4
46345,3,True,8,12,8,8|8|8|3|2|8|8|1|8|8|8|3|3|5|5
46351,0,True,1,12,1,2|0|1|1|0|1|1|0|3|3|1|3|1|1|1
46352,4,True,6,14,6,0|6|6|6|6|0|0|6|6|4|6|6|6|6|6
46359,6,False,6,12,4,4|8|0|6|4|4|0|6|6|4|4|4|4|4|4
46369,2,True,3,12,3,6|2|7|6|2|2|3|6|1|3|0|3|0|3|3
46400,9,False,9,10,5,5|5|9|5|5|5|5|5|9|5|9|5|5|9|9
46412,0,True,2,11,2,2|0|0|2|2|2|0|6|4|4|3|4|2|0|4
46413,6,True,3,12,3,2|6|1|3|6|3|9|3|6|3|3|3|3|3|3
46433,1,True,3,15,2,2|2|2|3|2|2|3|6|3|6|2|3|6|6|3
46441,5,True,9,5,5,5|9|5|5|2|9|5|5|9|5|9|5|5|5|5
46444,2,False,2,7,2,2|0|8|2|2|0|2|0|0|2|0|2|0|2|2
46447,9,False,9,12,5,5|9|5|5|5|5|5|5|9|5|9|5|5|5|5
46457,8,True,6,15,3,3|1|1|7|0|6|3|3|6|3|0|3|3|3|5
46459,6,True,0,8,6,6|6|0|0|6|6|0|0|6|4|6|4|6|4|8
46461,6,True,0,4,6,6|6|0|6|6|0|0|6|6|6|6|0|6|6|6
46464,4,True,6,13,6,6|6|0|6|4|6|0|6|0|6|4|0|6|6|6
46467,9,True,4,15,1,2|4|1|4|4|6|1|1|1|1|4|3|7|3|3
46474,3,True,2,15,2,0|0|2|2|2|2|0|0|8|4|8|4|2|2|8
46477,2,False,2,8,2,2|2|2|2|0|2|0|8|4|4|3|8|2|8|2
46478,3,False,3,6,3,6|6|3|3|3|3|3|6|6|6|2|3|3|3|3
46481,6,True,0,7,6,6|6|0|6|0|0|0|6|0|6|6|0|6|0|6
46487,4,False,4,8,-1,4|4|9|9|4|9|9|4|6|4|4|4|9|9|9
46511,3,True,5,15,5,5|7|5|7|2|5|7|5|5|1|5|1|8|5|2
46515,1,False,1,6,1,1|1|1|1|7|1|7|1|1|7|7|1|7|7|1
46520,0,True,1,10,1,1|1|0|1|0|0|0|1|1|1|1|0|1|1|1
46534,7,True,8,14,8,8|8|8|8|8|1|8|1|8|8|8|8|7|5|8
46547,6,True,2,13,0,8|0|7|2|2|5|0|0|6|0|8|3|8|6|2
46561,7,False,7,9,-1,5|9|9|3|2|9|7|7|7|7|9|7|9|7|9
46572,9,True,4,11,4,4|4|9|4|0|9|9|4|9|4|0|4|4|4|4
46574,7,False,7,5,7,7|9|7|7|0|7|9|9|7|7|7|7|7|7|9
46586,8,False,8,6,8,8|8|8|6|0|0|8|8|8|0|8|4|0|8|8
46594,2,False,2,6,2,2|0|2|2|2|0|0|0|2|2|2|0|0|2|2
46632,9,True,4,14,4,4|1|8|4|4|8|0|9|0|4|4|2|4|4|4
46640,9,True,4,13,4,4|0|2|0|0|2|2|4|0|4|4|4|2|9|9
46653,6,True,2,14,3,4|6|2|3|2|3|5|4|8|4|3|8|3|3|2
46655,3,True,2,11,6,1|0|3|1|2|6|3|4|6|6|4|3|6|3|6
46658,3,False,3,6,3,3|3|3|2|2|3|3|6|6|3|2|3|6|3|3
46662,9,False,9,15,5,5|5|5|5|5|5|5|5|5|5|5|5|5|5|5
46670,1,False,1,2,1,1|1|1|4|1|1|1|1|1|1|4|1|1|1|1
46689,2,False,2,12,0,0|8|0|0|2|0|0|0|4|4|0|2|0|2|9
46729,7,True,5,12,5,5|5|5|7|5|5|5|5|5|7|7|5|5|5|5
46785,9,True,4,15,4,4|4|4|4|2|0|4|4|4|4|4|4|6|4|4
46806,8,False,8,2,8,8|8|8|8|8|8|8|1|8|8|7|8|8|8|8
46857,1,True,8,15,8,8|8|8|8|8|8|8|8|8|8|8|8|8|8|8
46860,4,False,4,1,4,4|4|4|4|4|4|4|4|6|4|4|4|4|4|4
46876,8,False,8,4,8,8|8|8|7|8|8|8|8|7|8|7|8|7|8|8
46985,2,True,5,15,5,5|5|5|3|3|5|5|5|5|5|1|5|7|5|5
47018,6,True,0,5,6,6|0|0|6|6|0|0|6|6|6|6|0|6|6|6
47037,7,False,7,3,7,7|9|8|7|2|7|7|7|7|7|7|7|7|7|7
47051,2,True,5,14,5,7|5|5|8|5|5|5|5|5|8|2|7|7|5|8
47069,5,False,5,4,5,5|5|5|5|9|5|5|9|5|5|5|5|7|5|7
47093,1,False,1,2,1,1|1|1|1|1|1|7|1|1|1|7|1|1|1|1
47099,6,False,6,14,4,4|4|4|4|4|4|4|4|6|4|4|4|4|4|4
47142,9,False,9,11,5,5|5|5|5|5|9|5|9|9|5|9|5|5|5|5
47146,0,True,1,11,1,0|0|1|1|1|0|3|1|3|1|1|1|0|1|1
47173,7,False,7,8,7,7|9|9|7|9|2|7|9|7|7|2|7|9|7|9
47181,3,False,3,14,4,4|4|9|4|4|4|9|4|4|4|9|9|9|3|4
47195,4,True,7,10,7,4|7|7|4|1|7|7|4|7|7|4|7|3|4|7
47221,1,True,5,13,5,5|5|5|5|1|3|5|5|5|5|5|5|5|5|1
47227,6,True,0,7,6,0|6|0|4|6|6|9|6|6|4|4|0|6|6|6
47240,9,True,4,11,-1,6|4|3|3|9|2|3|4|6|4|9|4|9|9|2
47245,2,True,3,10,3,6|2|2|3|3|3|3|3|3|3|2|2|2|3|3
47263,0,True,1,12,1,1|1|1|2|1|1|7|0|6|1|4|2|0|7|0
47270,9,True,4,10,4,4|4|4|4|4|4|9|4|9|4|4|4|9|9|9
47303,7,True,1,15,1,1|1|0|1|0|0|2|0|1|1|0|1|1|3|1
47317,6,True,9,15,5,5|5|5|5|5|5|5|5|5|5|9|5|5|5|5
47318,6,True,0,6,6,6|0|0|6|6|0|3|6|6|6|6|6|0|0|6
47327,2,True,5,15,5,5|5|5|5|5|5|5|5|5|7|7|7|7|5|5
47339,9,True,8,15,8,8|8|8|7|8|8|8|1|8|7|8|8|8|7|8
47355,7,True,1,11,1,7|0|3|7|0|1|1|1|6|3|1|1|7|3|7
47391,6,False,6,6,6,6|6|0|6|4|6|0|6|4|4|4|6|6|6|6
47431,7,True,8,13,8,8|8|8|8|0|7|8|8|7|8|8|8|8|8|8
47443,9,True,4,13,-1,4|2|8|6|3|2|8|3|0|4|4|9|9|3|8
47458,0,False,0,11,6,6|6|6|6|6|0|0|6|6|6|6|0|6|0|6
47475,0,False,0,9,6,6|0|0|6|0|6|0|6|6|6|0|0|6|6|6
47478,7,True,8,12,8,8|8|8|8|8|8|8|8|8|8|7|8|7|7|8
47489,0,True,1,9,1,0|0|0|1|1|0|0|1|1|1|1|1|0|1|7
47501,3,True,8,13,8,8|8|8|8|3|8|8|8|8|8|8|8|8|3|8
47518,6,True,0,6,6,6|6|6|4|6|0|0|6|1|6|4|0|6|6|6
47523,1,False,1,5,1,0|0|1|1|0|1|0|1|1|1|0|1|1|1|1
47533,9,True,7,13,7,5|7|2|7|9|7|7|3|7|7|7|7|7|7|9
47563,7,True,5,14,5,5|5|2|3|2|9|9|9|5|5|7|5|9|5|9
47568,8,True,2,14,2,2|0|2|2|2|2|8|0|6|2|0|2|0|0|2
47616,9,True,7,14,7,7|7|7|3|0|7|7|9|7|7|7|7|7|7|7
47627,9,True,4,7,9,4|9|4|4|4|9|9|9|9|4|4|9|9|4|9
47631,5,False,5,6,5,5|5|5|2|2|5|5|5|5|5|2|5|7|2|2
47653,2,False,2,4,2,2|2|2|0|2|2|0|0|2|2|8|2|2|2|2
47663,8,False,8,11,-1,8|8|8|7|6|2|0|3|6|8|7|2|2|2|6
47665,1,False,1,4,1,6|1|1|1|6|7|1|1|1|8|1|1|1|1|1
47689,0,False,0,12,6,6|6|0|6|6|6|0|6|6|6|4|0|6|6|6
47715,9,False,9,14,5,5|5|5|5|5|5|5|5|5|5|9|5|5|5|5
47718,7,False,7,1,7,7|7|7|7|2|7|7|7|7|7|7|7|7|7|7
47719,0,True,2,7,0,2|0|0|0|2|2|0|0|2|0|0|2|2|0|2
47726,2,True,3,8,-1,6|2|3|2|2|3|3|3|3|3|2|3|2|2|2
47759,1,False,1,3,1,1|1|1|1|1|1|1|1|1|1|7|1|7|7|1
47764,4,True,6,4,4,4|4|4|9|4|2|4|4|4|4|4|9|4|9|4
47782,4,False,4,7,4,4|4|9|4|9|9|9|4|4|4|4|9|5|9|4
47794,5,True,6,15,4,4|4|0|4|6|2|4|4|6|4|4|8|4|4|4
47893,3,False,3,3,3,3|2|3|3|3|3|2|3|3|3|2|3|3|3|3
47902,2,True,5,14,5,5|7|5|5|5|5|7|5|5|7|5|5|7|2|6
47945,0,True,1,12,1,0|1|0|1|1|1|0|1|1|1|1|1|1|1|1
47951,9,True,7,14,7,7|7|9|7|0|7|7|7|7|7|7|7|7|7|7
47959,1,False,1,7,1,0|1|1|1|0|1|7|1|1|7|1|7|7|7|1
47961,5,True,9,0,5,5|5|5|5|5|5|5|5|5|5|5|5|5|5|5
47983,8,True,2,14,-1,2|0|0|0|2|2|0|4|6|4|1|4|6|2|8
47986,1,False,1,3,1,1|1|1|1|0|1|1|1|1|1|1|1|7|1|7
47988,5,False,5,5,5,5|5|5|5|9|7|5|5|1|5|5|7|1|5|5
48014,5,True,9,3,5,5|5|5|5|9|5|9|5|5|5|5|5|5|5|9
48016,6,True,3,13,3,6|3|3|3|3|3|3|3|3|3|3|3|6|3|3
48017,2,False,2,15,4,4|9|4|9|4|9|9|4|9|4|4|4|4|9|4
48020,3,False,3,4,3,6|2|3|2|3|3|3|2|3|3|3|3|3|3|3
48069,7,True,8,13,8,8|8|8|8|8|8|8|8|7|8|8|8|7|8|8
48091,8,False,8,5,8,8|8|8|7|1|8|8|8|8|8|2|7|7|8|8
48100,0,True,2,10,0,4|9|9|2|2|0|9|0|0|4|0|4|4|9|0
48113,3,False,3,6,3,3|0|3|0|3|3|3|3|1|3|1|1|3|3|7
48140,2,True,3,14,3,3|3|3|2|3|3|3|6|3|3|3|3|6|3|3
48141,4,False,4,12,9,4|9|8|3|3|9|9|3|2|4|4|9|6|9|8
48145,6,True,3,15,3,2|2|3|3|3|3|3|3|3|3|3|3|2|3|3
48183,7,True,1,12,1,1|1|1|1|0|1|7|1|7|8|7|1|1|1|1
48187,9,True,8,14,8,8|8|8|1|9|8|8|8|8|8|8|8|8|8|8
48196,7,False,7,13,5,5|5|5|7|9|5|9|9|7|5|9|5|5|5|9
48198,7,False,7,7,7,7|3|7|5|0|2|7|7|7|7|7|7|4|5|3
48205,9,True,7,11,7,7|9|7|7|9|7|7|9|7|7|7|7|9|7|7
48207,2,False,2,12,4,4|0|0|6|2|2|4|4|4|4|3|4|4|9|2
48214,0,True,2,7,0,0|0|0|2|2|0|0|0|4|2|0|2|0|9|8
48216,6,True,3,15,3,3|3|3|3|3|3|3|3|3|3|3|3|3|3|3
48224,5,False,5,14,7,7|9|9|2|9|7|7|9|7|7|5|8|9|7|7
48235,5,False,5,12,7,2|5|5|7|9|2|7|8|7|7|1|7|2|5|7
48245,1,False,1,4,1,0|1|0|1|1|1|1|1|1|1|7|1|0|1|1
48271,4,True,6,2,4,4|4|4|4|4|4|9|4|4|4|4|4|6|4|4
48273,4,True,6,11,6,6|6|0|4|6|6|4|4|6|4|6|6|6|6|6
48278,3,True,8,14,8,8|8|8|8|3|8|8|8|8|8|8|8|8|8|8
48290,0,True,2,10,-1,4|0|0|2|0|2|0|4|4|4|4|2|2|2|0
48295,2,False,2,5,2,4|2|2|9|4|2|0|2|2|4|2|2|2|2|2
48320,0,True,1,11,1,1|0|0|1|0|1|0|1|1|1|1|1|1|1|1
48325,9,True,4,7,9,4|9|4|9|4|9|9|4|9|4|9|4|9|9|4
48326,4,False,4,15,2,0|8|2|2|2|0|0|2|6|8|2|0|2|2|2
48349,1,False,1,1,1,1|1|1|1|1|0|1|1|1|1|1|1|1|1|1
48364,6,True,0,12,4,4|4|4|9|6|2|4|6|4|4|9|4|6|0|4
48372,6,True,0,4,6,6|6|0|6|6|0|0|6|6|6|6|0|6|6|6
48388,0,True,1,9,1,0|1|0|1|0|1|0|1|1|1|0|0|1|1|1
48476,9,True,8,14,8,8|1|8|8|9|8|8|8|8|8|8|8|8|8|8
48485,9,True,7,10,7,7|7|9|7|7|9|9|9|7|7|7|7|7|7|9
48489,3,True,8,14,8,8|3|8|8|8|1|8|8|8|7|8|8|8|8|8
48497,3,True,8,12,8,8|8|8|3|3|8|8|8|3|8|8|8|8|8|8
48522,9,False,9,8,-1,5|9|9|5|2|5|5|9|5|5|9|5|9|9|9
48525,3,True,8,14,8,8|8|8|8|3|8|8|8|8|8|8|8|8|8|8
48538,9,True,4,12,4,4|4|4|4|4|4|9|4|4|4|9|4|9|4|4
48544,4,False,4,7,4,4|4|4|9|4|9|9|9|9|4|4|4|9|4|9
48547,0,True,1,8,1,0|0|1|1|0|0|0|1|1|1|1|0|0|1|1
48549,0,False,0,10,6,6|6|0|6|6|0|3|6|1|3|0|0|6|0|6
48561,4,True,1,13,1,1|1|1|1|4|1|1|1|1|1|4|8|1|1|1
48592,2,True,3,12,3,3|3|2|3|2|3|1|3|6|3|2|3|3|3|3
48615,6,True,3,13,3,6|3|3|3|6|2|3|3|3|3|3|3|3|3|3
48645,2,False,2,8,2,2|0|2|2|0|0|0|0|2|2|2|4|0|2|8
48658,9,True,4,12,4,4|9|0|4|4|4|4|8|6|4|4|4|9|9|8
48680,3,False,3,8,3,2|2|8|3|2|2|2|3|3|3|3|3|6|3|2
48687,7,True,1,11,1,1|1|1|1|1|1|1|1|7|1|7|1|0|7|7
48697,6,True,0,10,6,6|4|6|0|6|6|9|3|0|3|6|4|0|3|9
48707,6,True,0,4,6,6|6|0|6|6|0|0|6|6|6|6|6|6|0|6
48719,3,False,3,2,3,6|3|3|3|2|3|3|3|3|3|3|3|3|3|3
48726,0,True,2,5,0,0|0|0|4|0|0|0|0|0|4|2|2|0|0|8
48733,0,True,2,10,0,2|0|0|2|0|0|0|8|4|4|4|2|2|4|8
48759,4,False,4,8,9,4|9|9|4|4|9|9|4|9|4|4|4|9|9|9
48769,6,True,9,14,5,5|6|9|5|5|5|5|5|5|5|9|5|5|5|5
48783,7,True,8,12,8,8|1|8|1|8|8|8|9|7|8|1|8|5|7|7
48807,1,True,5,12,5,5|1|5|5|3|5|5|5|1|7|1|5|5|5|5
48808,9,False,9,4,9,2|9|9|9|9|2|5|9|9|9|9|9|9|5|9
48817,7,False,7,2,7,7|7|7|7|4|7|7|7|7|7|7|7|7|5|7
48820,5,False,5,6,5,5|5|5|5|2|5|5|5|5|7|7|5|1|1|7
48825,2,False,2,13,6,0|0|0|6|6|6|2|6|6|0|2|4|4|3|8
48829,9,True,4,8,-1,4|9|4|4|9|9|9|9|9|4|4|8|9|4|4
48862,9,True,4,10,4,4|9|4|9|3|9|9|4|4|4|4|4|4|4|9
48879,1,True,5,11,5,1|1|5|5|4|2|5|5|5|5|2|1|7|5|1
48883,9,True,7,12,7,7|9|2|7|0|7|7|7|7|7|7|7|7|9|9
48888,7,False,7,4,7,7|7|3|7|9|7|7|7|9|7|9|7|7|7|7
48890,9,False,9,15,5,5|5|5|5|5|5|5|5|5|5|5|5|5|5|5
48900,6,True,0,5,6,4|6|0|4|6|6|9|6|6|6|6|3|6|6|6
48904,2,True,5,15,5,5|5|5|7|5|5|5|5|5|5|5|5|7|7|5
48914,3,True,5,15,5,5|1|5|1|1|7|5|1|5|5|7|5|7|5|5
48915,6,True,0,10,-1,2|6|2|2|6|6|8|8|6|6|0|8|2|2|8
48929,9,True,8,15,8,0|8|8|2|0|6|8|0|6|2|8|4|0|6|8
49002,9,True,4,11,4,4|8|8|3|9|9|8|4|6|4|4|4|9|9|8
49004,9,False,9,14,5,5|5|5|5|5|5|5|5|9|5|5|5|5|5|5
49007,9,True,4,11,4,4|9|0|4|4|4|9|4|4|4|9|4|4|4|9
49027,9,True,4,15,4,4|4|8|2|0|3|3|4|8|3|4|4|4|3|4
49031,2,True,5,13,5,2|5|5|8|3|1|5|1|7|5|7|5|2|5|5
49034,4,True,6,12,0,4|0|0|6|0|0|0|0|1|4|6|4|0|0|8
49082,2,True,3,15,3,3|3|3|1|3|3|8|3|7|3|3|3|6|7|7
49098,7,True,1,13,1,0|1|1|1|1|0|7|0|1|7|1|1|4|1|1
49104,5,True,9,2,5,5|5|5|5|5|5|5|5|9|5|5|5|5|5|9
49139,6,True,2,15,2,2|0|0|2|2|2|5|2|2|4|2|2|7|2|2
49152,4,False,4,7,4,4|4|0|4|2|4|3|3|6|4|9|4|9|4|4
49189,3,True,2,13,4,4|4|3|6|4|3|4|4|2|4|4|4|4|8|4
49193,5,False,5,5,5,5|5|5|3|3|5|5|5|3|5|5|3|5|5|3
49200,1,False,1,9,0,0|0|0|1|0|0|0|0|1|1|1|1|0|0|1
49228,9,True,4,11,4,4|4|4|4|6|9|9|4|4|4|4|4|9|9|4
49233,6,True,7,15,7,7|7|9|7|0|7|7|9|9|7|7|7|7|7|9
49285,1,True,5,13,5,5|1|5|5|1|2|7|8|3|5|7|7|5|5|8
49292,7,True,5,13,5,5|5|5|5|5|5|5|5|7|7|4|5|5|5|0
49312,3,True,5,12,5,5|5|5|5|5|5|5|5|3|5|5|5|3|3|5
49326,3,False,3,11,-1,8|4|8|6|2|3|3|8|6|6|8|3|2|3|6
49354,6,True,2,11,-1,6|2|9|2|2|2|9|4|6|4|6|4|6|9|9
49362,1,True,5,14,5,5|5|5|9|3|5|9|1|5|5|2|5|5|5|5
49387,0,True,1,9,1,1|1|1|1|1|0|0|0|1|1|0|0|0|1|1
49405,0,True,2,15,4,4|4|4|9|4|4|9|4|4|4|2|4|2|3|4
49416,3,False,3,5,3,7|3|3|3|2|2|3|3|3|3|2|3|2|3|3
49431,7,True,1,14,1,1|1|1|1|1|1|7|1|1|1|0|0|1|1|1
49432,2,True,3,10,3,4|2|9|3|3|2|3|6|3|2|3|2|3|3|2
49436,0,True,2,11,-1,2|6|2|6|0|0|0|4|6|6|0|4|2|2|9
49444,0,False,0,7,0,6|0|0|0|6|0|0|6|1|0|6|0|6|0|6
49448,2,True,3,12,3,1|3|7|3|3|3|3|6|3|3|2|2|2|3|3
49460,5,False,5,7,5,5|7|5|7|5|5|5|5|5|7|2|2|7|5|7
49462,2,False,2,14,4,4|9|3|4|2|4|8|4|8|4|3|4|9|3|8
49463,4,True,1,14,1,1|1|0|1|1|1|7|1|1|1|4|1|1|1|1
49506,8,True,6,15,3,6|6|3|3|3|2|3|3|6|6|6|3|9|3|6
49513,0,True,2,15,2,4|2|9|2|2|9|4|4|2|2|2|4|2|9|6
49517,7,True,5,11,5,5|5|5|5|1|1|5|4|7|5|7|5|7|7|5
49530,3,True,7,15,7,2|7|9|4|4|7|7|7|7|7|2|7|7|7|7
49632,8,False,8,8,8,8|8|8|7|8|7|8|2|7|8|7|7|2|7|8
49644,0,False,0,13,6,0|6|6|4|6|6|0|6|6|6|6|4|6|6|6
49670,6,False,6,13,4,4|4|4|4|4|0|4|4|6|4|6|4|4|4|4
49682,8,False,8,7,8,5|3|8|3|8|5|8|8|8|7|8|8|8|5|3
49689,3,True,2,15,9,4|9|9|9|9|9|9|4|2|4|4|4|9|9|4
49733,9,True,6,15,8,8|1|8|8|2|1|8|1|8|8|2|8|6|3|6
49747,3,True,8,9,8,8|3|8|8|3|3|8|3|8|8|3|8|8|3|8
49756,6,False,6,11,6,2|0|1|6|8|2|8|1|6|4|6|5|8|6|7
49759,5,True,9,2,5,5|9|5|5|5|5|5|5|5|5|5|5|5|5|9
49764,6,True,0,13,0,4|0|0|2|2|0|0|6|0|4|6|2|0|8|8
49773,6,True,0,4,6,6|6|0|6|6|0|0|6|6|6|6|0|6|6|6
49776,6,True,0,4,6,6|6|0|6|6|0|0|6|6|6|6|0|6|6|6
49809,9,True,4,8,4,4|4|9|4|9|9|9|9|4|4|4|4|4|9|9
49829,9,True,4,8,4,4|4|9|9|4|9|9|4|9|4|4|4|9|4|9
49849,7,False,7,3,7,7|7|9|7|2|2|7|7|7|7|7|7|7|7|7
49856,3,True,8,15,8,8|8|8|8|9|8|8|1|8|8|8|8|5|8|8
49859,6,False,6,14,4,4|4|4|4|4|4|9|4|4|4|6|4|4|4|4
49878,0,True,2,10,6,6|6|8|6|0|6|0|0|2|4|0|0|6|4|6
49887,9,False,9,14,5,5|5|5|5|5|5|5|5|5|5|9|5|5|5|5
49903,5,True,9,2,5,5|5|5|5|9|5|5|5|5|5|9|5|5|5|5
49908,6,True,0,4,6,6|6|0|6|6|0|0|6|6|6|6|0|6|6|6
49934,5,True,9,0,5,5|5|5|5|5|5|5|5|5|5|5|5|5|5|5
49935,4,False,4,7,4,4|9|4|4|9|9|9|4|9|4|4|4|9|9|4
49938,5,True,9,2,5,5|5|5|5|2|5|5|5|5|5|5|5|9|5|5
49978,2,True,9,15,9,5|9|7|7|9|9|9|9|9|7|7|7|9|9|9
49996,4,True,6,12,-1,2|0|8|0|8|6|0|4|3|8|4|4|6|7|6
50007,2,True,3,3,2,2|2|2|2|2|2|3|3|2|3|2|2|2|2|2
50014,0,True,2,6,0,0|0|0|0|2|2|0|0|0|2|2|0|0|2|2
50019,3,True,8,14,8,8|8|8|8|8|8|8|8|3|8|8|8|8|8|8
50028,6,True,3,9,3,6|6|6|3|0|3|3|6|3|3|6|3|6|1|3
50038,1,False,1,2,1,0|1|1|1|1|1|0|1|1|1|1|1|1|1|1
50041,3,True,5,14,5,5|5|5|5|5|5|5|5|5|5|2|3|5|5|5
50055,2,False,2,11,0,0|0|0|0|2|0|0|0|0|0|2|0|0|2|2
50068,2,True,9,14,9,5|9|9|5|9|9|9|9|7|5|5|5|9|2|9
50072,9,True,4,8,9,9|9|9|3|3|9|9|4|9|9|2|4|4|4|4
50082,9,True,4,10,4,4|4|4|9|4|9|9|4|9|4|4|4|9|4|4
50085,9,False,9,15,5,5|5|5|5|5|5|5|5|5|5|5|5|5|5|5
50099,1,False,1,7,1,6|1|1|1|6|1|7|1|6|1|6|1|7|7|1
50160,6,True,0,13,3,3|2|0|6|0|3|3|0|1|6|2|3|3|3|1
50166,2,False,2,8,0,0|0|0|2|2|0|0|0|0|2|2|2|2|0|2
50172,4,True,6,4,4,4|4|0|2|4|4|0|4|6|4|4|4|4|4|4
50180,3,False,3,12,-1,8|1|0|4|4|6|9|3|3|4|8|2|6|3|8
50188,1,False,1,5,1,0|1|7|1|6|1|7|1|1|1|1|1|7|1|1
50221,6,False,6,11,-1,6|6|7|3|2|2|9|4|2|4|9|4|6|4|6
50236,7,True,1,13,1,1|1|1|1|1|1|7|1|1|1|1|1|7|1|1
50253,1,False,1,4,1,0|1|1|1|0|1|1|1|1|1|0|1|0|1|1
50315,8,False,8,4,8,8|1|8|8|8|1|8|8|8|3|8|8|7|8|8
50319,4,False,4,13,0,0|0|0|0|0|0|0|0|4|2|4|0|2|0|8
50345,3,False,3,4,3,7|3|3|3|2|3|3|3|3|3|2|3|2|3|3
50361,5,False,5,5,5,5|5|5|5|5|5|5|7|7|7|5|5|0|5|7
50368,6,True,0,4,6,6|0|0|6|6|6|0|6|6|6|6|0|6|6|6
50371,1,False,1,6,1,1|1|1|1|7|7|7|1|1|1|7|1|1|7|7
50374,9,True,4,11,4,4|4|4|2|4|9|4|9|9|4|4|4|4|4|9
50379,4,False,4,6,4,4|9|9|4|4|9|4|4|9|4|4|4|9|9|4
50381,3,True,4,14,4,4|4|0|4|6|4|3|4|6|4|0|9|0|0|6
50395,7,False,7,4,7,7|9|9|7|0|7|7|9|7|7|7|7|7|7|7
50402,2,False,2,6,2,2|2|8|2|0|0|0|0|2|2|4|2|2|2|2
50404,3,True,5,15,7,7|7|7|7|7|7|7|1|1|5|7|1|5|1|7
50406,0,True,2,5,0,0|0|8|2|0|0|0|0|0|6|0|2|0|0|8
50412,8,True,7,15,7,7|5|3|7|5|5|7|7|7|7|7|7|7|5|2
50442,6,True,3,13,3,3|2|3|3|2|3|3|6|6|3|1|3|3|3|3
50450,4,True,1,15,1,1|1|1|1|1|1|1|1|1|1|7|7|7|1|1
50476,0,True,2,3,0,0|0|0|2|0|0|0|0|0|4|2|0|0|0|0
50484,9,False,9,12,5,5|5|9|5|9|5|5|5|5|5|5|5|9|5|5
50485,4,False,4,4,4,4|4|0|4|4|0|4|4|4|4|4|4|4|2|2
50486,5,False,5,4,5,5|5|7|3|5|5|5|5|5|8|5|1|5|5|5
50487,0,True,3,14,7,3|1|7|5|2|7|1|0|3|7|7|4|2|7|6
50519,9,True,8,15,8,8|8|8|8|5|8|8|8|8|8|8|8|7|8|8
50521,5,True,9,1,5,5|5|5|5|2|5|5|5|5|5|5|5|5|5|5
50528,9,False,9,12,5,5|9|5|5|5|5|5|5|9|5|5|5|9|5|5
50536,8,True,3,11,3,6|8|3|3|6|3|8|8|3|8|3|3|6|3|3
50551,7,False,7,1,7,7|7|7|7|3|7|7|7|7|7|7|7|7|7|7
50552,1,False,1,3,1,1|1|1|1|7|1|7|1|7|1|1|1|1|1|1
50555,1,True,5,15,5,5|5|5|5|5|5|5|5|5|5|2|7|2|5|2
50562,4,False,4,4,4,4|4|4|4|3|9|9|4|4|4|4|3|4|4|4
50568,3,True,8,11,8,8|8|8|3|8|3|8|8|8|3|8|3|8|8|8
50569,8,True,5,15,5,5|5|5|1|2|5|5|5|5|5|5|5|5|5|5
50612,7,False,7,3,7,7|7|2|7|2|7|7|9|7|7|7|7|7|7|7
50617,4,True,7,13,7,2|5|7|4|4|7|7|7|9|7|7|7|7|7|7
50639,1,True,3,15,3,4|2|0|6|4|0|0|6|3|6|3|3|2|3|8
50640,3,False,3,10,2,2|2|3|2|2|2|3|3|2|3|2|3|2|2|2
50656,2,True,7,14,7,7|7|7|7|7|7|7|7|7|7|7|7|7|2|7
50668,9,True,4,13,4,6|2|3|4|3|2|9|4|0|4|4|2|0|9|4
50673,4,True,6,9,4,6|4|4|4|2|4|3|2|6|4|4|2|9|3|2
50695,0,True,2,15,9,4|9|2|9|2|2|9|9|2|4|9|2|4|9|4
50701,3,True,8,11,8,8|3|8|3|3|3|8|8|8|8|8|8|8|8|8
50710,8,False,8,5,8,8|8|7|8|3|8|8|8|3|8|3|8|8|3|8
50716,7,False,7,4,7,7|9|8|7|9|7|7|7|7|7|7|7|7|7|9
50718,4,True,6,14,0,0|0|0|0|4|0|0|6|6|6|0|0|6|6|3
50723,5,False,5,7,5,5|5|1|7|5|3|5|8|5|7|8|5|5|5|3
50761,0,True,1,13,1,1|0|1|1|1|0|1|1|1|1|1|1|1|1|1
50765,9,True,7,14,7,7|5|2|7|9|5|7|5|3|7|7|7|7|7|7
50768,6,False,6,13,4,4|4|4|6|6|4|4|4|4|4|4|4|9|9|9
50790,6,False,6,15,4,4|4|4|4|4|4|4|4|4|4|4|4|4|4|4
50791,9,True,7,14,7,7|5|3|7|7|7|7|7|7|7|7|7|7|9|7
50793,6,True,2,13,2,2|4|4|6|2|2|4|2|8|2|4|0|6|2|4
50811,6,True,0,6,6,6|0|0|0|0|6|0|6|6|6|6|0|6|6|6
50827,5,True,9,7,5,5|6|5|9|2|5|5|8|5|5|9|5|8|5|6
50844,5,True,9,4,5,5|9|5|5|2|9|5|5|5|5|5|5|5|2|5
50887,6,True,3,14,3,6|3|3|3|3|3|3|3|3|3|3|3|3|3|3
50902,4,False,4,15,0,0|0|0|0|2|2|0|0|2|2|0|2|0|0|2
50904,5,False,5,7,5,5|5|7|7|1|5|5|7|5|7|7|5|5|5|6
50916,6,True,0,6,6,6|6|0|0|6|0|0|6|6|6|6|0|6|0|6
50923,6,False,6,12,4,4|4|4|6|6|4|4|4|6|4|4|4|4|4|4
50929,2,True,7,15,7,7|7|7|7|7|7|7|7|7|7|7|7|7|7|7
50931,3,True,8,10,8,8|8|8|3|3|8|8|8|3|8|8|3|8|3|8
50947,2,True,5,5,2,5|2|5|6|2|2|5|5|2|2|2|2|2|2|2
51006,0,True,2,6,0,0|0|0|0|2|0|0|0|2|2|2|2|0|2|0
51009,6,True,0,9,6,0|6|4|4|4|6|0|0|6|4|9|2|6|6|6
51022,2,True,3,9,2,6|4|3|2|2|3|5|3|2|4|2|3|2|3|2
51064,0,False,0,7,0,6|0|0|0|6|0|0|6|6|6|6|0|0|0|6
51081,1,False,1,9,0,1|0|0|0|0|1|0|1|1|1|0|0|0|4|1
51082,6,True,3,11,3,6|3|3|3|6|3|1|3|6|3|6|3|2|3|3
51085,4,True,6,15,0,0|8|2|6|8|0|0|8|0|6|8|0|0|2|1
51097,9,True,4,10,4,4|9|4|4|4|4|9|4|4|4|4|9|9|9|4
51101,6,True,0,9,6,6|4|0|0|6|0|0|0|6|4|6|4|6|6|8
51113,7,True,5,15,5,1|5|1|6|0|2|5|5|6|9|5|6|3|5|5
51165,7,False,7,2,7,7|7|9|7|7|7|7|7|7|7|7|7|7|9|7
51181,3,True,2,15,2,2|0|8|2|2|2|0|0|2|8|8|0|0|2|2
51195,2,True,3,10,3,2|2|3|2|2|3|3|2|3|3|3|3|6|3|3
51244,4,True,6,10,4,4|8|2|4|6|2|8|4|6|4|4|8|8|2|2
51253,6,True,0,7,6,6|0|0|6|0|0|0|6|6|6|6|0|6|0|6
51283,2,True,5,14,5,5|1|5|5|2|5|5|5|5|5|5|1|5|5|5
51288,6,True,9,15,5,5|9|5|5|9|9|5|5|9|5|5|5|9|5|5
51292,9,True,4,2,9,9|9|9|9|9|9|9|9|9|9|9|4|9|9|4
51306,5,False,5,12,1,1|7|3|9|0|7|5|5|1|7|9|1|1|5|8
51341,8,False,8,0,8,8|8|8|8|8|8|8|8|8|8|8|8|8|8|8
51364,5,False,5,2,5,5|5|5|5|5|5|5|5|5|5|5|7|5|5|1
51393,5,False,5,2,5,5|5|5|5|5|5|5|5|5|5|1|5|5|5|1
51407,3,False,3,7,3,3|2|8|6|2|3|3|6|3|3|2|3|6|3|3
51408,3,False,3,8,2,2|2|2|3|3|2|3|3|3|3|2|3|2|2|2
51421,2,True,3,5,2,2|2|2|3|2|2|3|3|2|3|2|3|2|2|2
51422,0,True,2,9,-1,8|0|2|2|2|2|0|6|0|4|0|2|0|0|2
51434,8,False,8,3,8,8|8|8|8|3|3|8|8|8|8|8|3|8|8|8
51440,0,True,2,9,2,0|0|0|2|2|2|0|0|2|2|2|2|0|3|2
51448,6,False,6,5,6,6|6|0|6|0|6|0|6|6|6|4|0|6|6|6
51505,7,False,7,10,9,5|9|9|7|9|9|9|9|9|7|7|7|7|9|9
51511,3,False,3,9,2,6|2|3|2|2|3|2|2|3|3|2|3|2|3|2
51582,3,True,8,13,8,3|8|8|8|3|0|8|8|8|7|8|8|8|8|8
51585,6,False,6,10,-1,4|6|4|6|0|6|3|4|6|4|4|3|6|3|8
51603,4,False,4,9,9,4|4|4|9|1|9|9|4|9|4|9|9|9|9|4
51614,2,False,2,14,0,0|0|0|0|6|0|0|8|4|0|4|2|0|0|8
51626,0,True,2,1,0,0|0|0|0|0|0|0|0|0|0|0|0|0|2|0
51637,4,False,4,7,4,4|4|9|9|2|9|9|4|9|4|4|4|4|4|9
51638,0,True,2,4,0,0|0|0|0|2|0|0|0|2|2|0|0|0|0|2
51670,7,True,1,6,7,7|1|1|1|1|7|7|1|7|7|7|7|7|7|1
51707,3,False,3,9,3,0|3|0|6|0|3|3|3|3|2|4|0|0|2|3
51708,8,False,8,9,3,8|3|3|3|3|3|8|3|8|8|3|8|6|3|8
51714,2,False,2,7,2,2|0|0|0|0|2|0|0|2|2|2|2|2|2|3
51718,4,True,6,4,4,4|4|9|6|4|4|4|4|6|4|4|4|4|4|9
51723,5,False,5,4,5,5|5|5|5|5|5|5|1|7|5|7|5|7|5|5
51729,5,True,9,7,5,5|9|5|5|9|5|9|5|5|5|5|2|2|9|9
51739,4,True,6,9,0,0|0|0|4|4|0|0|4|0|4|4|4|0|0|0
51740,3,True,8,11,8,8|8|8|3|3|3|8|8|8|3|8|8|8|8|8
51747,4,True,5,15,7,2|7|5|7|7|7|7|7|7|7|7|7|7|2|7
51758,4,False,4,3,4,4|4|4|4|4|9|9|4|4|4|4|4|4|9|4
51785,2,True,9,9,9,2|5|2|5|2|9|9|9|9|9|9|2|2|2|9
51817,3,False,3,7,3,6|2|2|3|2|3|3|3|2|3|2|3|3|2|3
51825,3,True,8,14,8,8|8|8|8|9|8|8|8|8|8|8|3|8|8|8
51835,9,True,4,8,4,4|4|9|9|9|9|9|4|9|4|4|4|4|4|9
51847,3,True,2,15,4,4|4|4|2|9|2|4|4|9|4|9|4|2|2|4
51866,4,False,4,5,4,4|9|4|4|4|4|9|4|9|4|4|4|9|9|4
51872,5,True,9,1,5,5|5|5|5|9|5|5|5|5|5|5|5|5|5|5
51878,9,False,9,13,5,5|5|5|5|9|5|5|5|5|5|9|5|5|5|5
51936,6,True,0,1,6,6|6|6|6|6|6|0|6|6|6|6|6|6|6|6
51966,4,True,6,11,-1,0|2|4|4|4|6|0|6|1|3|0|0|6|4|3
51980,6,True,0,6,6,6|0|0|6|6|4|2|6|6|6|1|3|6|6|6
51989,9,True,4,6,9,4|9|9|4|4|9|9|9|4|4|9|9|9|9|4
51992,4,True,7,13,7,7|5|3|7|2|7|7|7|7|7|4|4|7|7|7
52024,5,True,9,6,5,5|9|5|9|9|9|5|5|9|2|5|5|5|5|5
52051,9,False,9,9,9,2|9|9|3|2|7|2|9|7|7|9|5|2|9|9
52057,7,False,7,11,5,1|7|3|5|0|7|5|7|5|7|5|1|5|5|8
52063,0,True,2,9,0,0|0|8|0|2|2|0|0|6|4|0|4|2|2|6
52076,5,False,5,9,-1,5|7|5|7|5|8|5|5|7|7|7|2|7|5|8
52134,0,True,2,5,0,0|0|0|0|4|0|0|0|4|2|2|2|0|0|0
52135,6,True,1,14,1,1|1|1|6|1|1|1|1|1|1|7|1|1|7|1
52141,6,True,2,12,2,7|6|2|2|0|0|3|1|1|6|6|2|2|0|8
52147,9,True,4,5,9,4|9|9|4|9|9|9|9|9|4|9|4|9|9|4
52148,4,True,6,14,0,7|6|0|3|6|2|9|0|9|0|5|4|6|8|0
52155,5,False,5,10,7,5|7|5|5|7|1|5|5|7|7|2|2|7|7|7
52178,9,True,7,12,7,7|7|9|7|7|9|7|7|7|7|9|7|7|7|7
52188,6,True,0,7,6,6|0|0|6|0|6|0|0|6|6|6|0|6|3|6
52190,9,True,7,15,7,7|7|8|7|3|7|7|7|7|7|7|7|7|2|7
52214,0,True,2,8,0,2|0|0|6|2|0|0|0|2|6|0|2|0|2|8
52244,5,False,5,8,-1,5|5|5|7|5|5|5|7|1|7|7|5|7|7|7
52262,6,True,0,5,6,6|0|6|6|6|0|0|6|0|6|6|0|6|6|6
52270,6,True,0,8,0,6|0|0|0|0|0|0|6|6|6|6|0|6|0|6
52272,8,False,8,3,8,8|8|8|8|8|8|8|8|1|8|8|2|3|8|8
52289,2,True,3,8,-1,6|2|2|3|2|2|3|3|3|3|2|3|2|2|3
52342,7,True,5,15,5,5|5|5|1|5|5|5|5|5|5|5|5|5|5|1
52347,9,True,4,9,4,4|4|9|4|4|9|9|4|9|4|4|4|9|9|4
52378,0,True,1,7,0,0|0|0|1|0|0|0|1|1|1|0|1|0|1|1
52396,8,True,6,15,4,4|6|4|4|2|0|7|4|2|4|2|4|4|4|4
52399,9,True,8,14,8,8|8|8|3|9|8|8|8|8|8|3|8|8|8|8
52454,9,True,4,12,4,4|4|3|4|9|2|3|4|9|4|4|4|9|4|4
52479,2,True,3,14,3,7|3|3|3|3|3|3|3|3|3|2|3|3|3|3
52527,6,True,0,5,6,0|6|0|0|6|0|0|6|6|6|6|6|6|6|6
52543,5,True,9,1,5,5|5|5|5|5|5|5|5|5|5|9|5|5|5|5
52570,9,False,9,12,5,5|5|5|5|9|9|5|5|5|5|9|5|5|5|5
52571,1,True,3,15,-1,2|8|4|2|3|4|0|4|8|0|6|4|0|0|8
52594,9,True,4,15,-1,8|6|3|4|2|2|2|3|6|6|4|3|6|2|8
52604,3,True,8,14,8,8|8|8|8|8|3|8|8|8|8|8|8|8|8|8
52608,0,False,0,15,7,5|4|8|4|6|2|5|1|3|7|6|2|1|7|7
52611,6,True,3,14,3,6|3|3|2|3|3|2|1|3|3|3|3|3|3|2
52623,7,True,5,4,7,5|7|5|5|7|5|7|7|7|7|7|7|7|7|7
52626,1,True,5,10,5,5|5|5|5|5|1|1|1|1|7|1|5|5|5|5
52628,8,True,3,12,3,3|0|3|8|4|3|8|3|6|3|3|3|8|3|3
52635,7,True,5,4,7,5|7|5|5|7|7|7|7|7|7|7|5|7|7|7
52641,9,False,9,14,5,5|5|5|5|9|7|5|5|7|5|7|5|5|5|5
52655,9,True,4,11,4,4|9|4|4|4|9|4|4|4|4|9|4|4|4|9
52661,2,True,5,15,5,5|5|5|3|0|5|5|5|1|5|5|7|5|5|5
52665,2,True,3,7,2,2|2|3|2|2|2|3|3|3|3|2|3|2|3|2
52669,4,True,6,11,6,4|6|4|6|0|6|3|6|6|6|4|4|6|6|6
52675,2,False,2,12,0,0|2|0|6|2|0|0|4|0|4|6|4|0|4|2
52696,9,True,4,14,4,4|9|2|4|4|4|4|4|2|4|4|4|4|2|4
52702,6,True,0,3,6,6|6|0|6|4|0|6|6|6|6|6|6|6|6|6
52708,9,False,9,12,5,5|5|5|5|9|5|5|5|9|5|5|5|9|5|5
52759,1,True,3,15,4,4|4|4|3|9|4|9|4|4|4|4|4|4|4|4
52786,0,True,2,5,0,2|0|0|0|4|0|0|0|0|4|4|0|0|0|6
52830,0,False,0,9,6,6|0|0|6|0|6|0|6|6|6|6|0|0|6|6
52899,4,True,6,2,4,4|4|4|4|4|9|4|4|4|4|4|4|9|4|4
52908,2,True,3,11,3,6|2|3|3|3|3|3|2|3|3|2|3|2|3|3
52910,5,False,5,10,-1,7|1|5|5|3|1|5|1|3|5|7|3|1|5|1
52916,4,False,4,6,4,4|9|8|3|4|9|4|4|2|4|4|4|4|2|4
52969,8,False,8,2,8,8|8|8|8|8|8|8|8|8|8|3|8|8|3|8
52973,7,False,7,6,7,2|7|7|7|2|7|9|7|7|7|1|7|9|9|7
52994,6,False,6,8,6,6|6|0|6|6|0|9|6|3|3|0|4|6|8|6
53053,2,False,2,12,4,4|9|9|3|4|2|9|4|4|4|4|4|2|0|2
53078,6,True,0,1,6,6|6|6|6|6|6|0|6|6|6|6|6|6|6|6
53103,1,True,5,12,7,7|7|7|7|1|7|7|7|7|5|1|7|1|7|7
53108,2,False,2,12,8,2|0|0|4|4|2|8|0|3|8|8|2|0|8|8
53127,2,False,2,12,0,0|0|0|0|2|0|0|0|0|4|2|0|0|2|0
53152,9,True,4,9,4,4|4|9|9|4|9|9|4|4|4|4|4|4|9|9
53167,9,True,4,13,-1,4|9|3|3|2|2|3|4|2|9|2|4|3|3|2
53190,0,True,2,10,2,2|2|2|0|2|2|0|0|2|0|0|2|6|2|8
53218,5,False,5,5,5,5|5|5|7|7|5|8|5|5|7|5|5|7|5|5
53224,2,True,3,15,3,3|3|3|1|3|3|3|3|8|3|3|3|7|3|3
53226,9,True,7,12,7,7|7|9|7|7|7|7|9|6|7|7|7|7|9|7
53246,3,True,8,12,8,8|8|8|8|3|8|8|8|8|8|8|3|8|3|8
53257,0,False,0,8,0,0|0|4|0|4|2|0|4|0|4|4|4|0|0|2
53259,3,True,5,15,9,5|9|9|5|1|9|9|9|9|7|2|7|2|5|7
53274,2,True,3,10,3,6|2|3|2|2|2|3|6|3|3|3|3|3|3|2
53308,5,True,9,1,5,5|5|5|5|5|5|5|5|5|5|5|5|9|5|5
53348,6,True,3,14,3,3|1|3|3|3|3|2|6|3|3|4|3|3|3|2
53369,6,False,6,5,6,6|6|0|6|6|6|9|6|4|4|6|4|6|6|6
53375,9,False,9,13,5,5|5|5|5|5|9|5|5|5|5|9|5|5|5|5
53379,1,False,1,7,1,0|1|0|1|0|0|0|1|1|1|0|0|1|1|1
53382,1,False,1,3,1,1|1|1|1|1|1|7|1|7|1|1|1|7|1|1
53394,9,False,9,15,5,5|5|5|5|5|5|5|5|5|5|5|5|5|5|5
53415,2,True,5,15,5,5|5|5|7|7|5|5|5|5|5|7|5|7|5|1
53422,3,False,3,3,3,6|2|7|3|3|3|3|3|3|3|3|3|3|3|3
53424,5,True,9,10,9,5|9|9|9|2|9|5|9|9|5|9|5|9|5|9
53426,8,False,8,12,7,8|0|8|7|2|2|7|7|6|1|7|7|7|7|8
53438,8,False,8,4,8,8|8|8|8|3|3|8|3|8|8|3|8|8|8|8
53456,2,False,2,15,4,4|6|3|4|4|9|9|4|0|4|4|4|6|4|4
53461,4,True,6,11,6,6|6|0|2|6|6|7|4|6|4|8|4|9|6|4
53480,0,False,0,9,6,0|0|0|6|6|0|0|6|6|6|6|0|6|6|6
53504,0,True,1,11,1,1|0|0|1|7|1|0|1|1|1|1|1|0|1|1
53516,3,False,3,9,3,2|0|3|2|5|3|3|2|3|3|6|3|2|1|1
53518,5,True,9,3,5,5|5|9|5|9|5|5|5|5|5|9|5|5|5|5
53529,1,True,3,15,3,6|9|2|3|6|3|0|3|6|3|6|2|3|2|3
53533,6,False,6,14,4,4|4|4|4|4|4|4|4|6|4|9|4|9|4|9
53537,5,False,5,4,5,5|5|5|1|5|5|5|5|1|5|1|5|5|5|1
53543,2,True,3,9,3,2|3|2|1|6|3|3|2|3|3|2|3|3|2|2
53553,5,True,9,0,5,5|5|5|5|5|5|5|5|5|5|5|5|5|5|5
53598,2,True,7,13,7,2|7|7|3|9|7|7|9|7|7|2|7|7|7|7
53617,8,False,8,8,8,8|6|2|8|0|7|8|8|3|7|7|4|8|8|8
53624,3,False,3,5,3,0|0|3|3|0|3|3|3|0|3|0|3|3|3|3
53632,9,False,9,15,5,5|5|5|5|5|5|5|5|5|5|5|5|5|5|5
53635,9,True,7,12,7,7|7|7|7|9|7|7|9|7|7|7|7|7|9|7
53658,5,True,9,2,5,5|5|5|5|9|5|5|5|5|5|9|5|5|5|5
53667,6,True,0,9,-1,4|6|0|4|6|6|0|4|6|4|6|4|6|0|4
53675,4,True,6,7,4,2|4|9|0|4|2|0|4|4|0|2|4|4|4|4
53697,1,False,1,5,1,7|1|1|1|1|1|7|1|1|7|7|1|7|1|1
53699,3,True,8,12,8,8|8|8|3|3|8|8|8|8|8|8|8|8|3|8
53721,5,True,9,3,5,5|5|5|9|9|5|5|5|5|5|9|5|5|5|5
53727,4,True,6,11,0,6|0|0|6|0|4|0|0|6|4|4|4|0|0|0
53734,4,True,6,12,8,8|6|8|4|4|6|8|8|6|8|7|4|6|0|5
53735,0,False,0,10,6,6|6|0|6|0|0|0|6|6|6|6|0|6|6|6
53741,0,False,0,14,4,4|4|4|4|4|4|9|4|4|6|6|4|6|0|4
53749,5,False,5,4,5,5|5|5|5|3|5|5|5|1|5|5|1|5|5|1
53795,5,True,9,0,5,5|5|5|5|5|5|5|5|5|5|5|5|5|5|5
53816,4,True,5,15,5,5|1|5|5|5|5|5|5|5|7|7|7|5|5|5
53826,8,True,2,15,2,0|0|2|2|2|2|0|2|2|2|2|0|7|2|2
53836,5,True,9,2,5,5|5|5|5|2|5|5|5|5|5|9|5|5|5|5
53844,7,False,7,4,7,7|9|5|7|7|7|7|7|7|7|7|7|7|2|5
53849,0,True,1,15,1,1|1|1|1|1|1|7|1|1|1|7|1|1|1|1
53854,5,True,9,2,5,5|5|5|5|9|5|5|5|5|5|5|5|5|5|9
53901,4,True,6,1,4,2|4|4|4|4|4|4|4|4|4|4|4|4|4|4
53908,3,True,2,15,4,4|0|4|6|6|4|9|4|9|4|4|4|4|4|9
53945,2,False,2,14,4,4|4|0|9|4|9|4|0|2|4|4|9|9|4|9
53950,3,True,7,14,7,5|7|7|7|7|5|7|5|7|7|7|7|7|9|3
53953,9,True,7,14,5,5|5|5|5|5|5|5|1|5|5|7|5|9|5|8
53998,2,True,3,13,3,6|3|3|2|3|3|3|6|3|3|3|3|2|3|3
54019,8,False,8,2,8,8|8|8|8|1|8|8|8|1|8|8|8|8|8|8
54041,9,False,9,13,5,5|5|5|5|2|5|5|5|5|5|5|5|9|5|9
54052,6,True,0,4,6,0|0|6|6|6|6|0|6|6|6|6|0|6|6|6
54093,2,True,3,13,3,6|3|3|3|3|3|3|3|6|3|2|3|2|3|3
54094,0,True,2,8,0,0|0|0|8|0|2|0|0|2|6|2|2|0|2|6
54101,2,True,3,12,3,3|0|2|3|2|2|3|3|3|3|8|3|7|3|3
54122,1,True,3,15,6,6|6|0|6|6|6|5|6|8|4|4|4|4|0|2
54135,6,True,0,8,6,0|6|3|6|2|0|3|6|0|6|0|0|6|6|6
54138,3,True,8,15,8,4|8|8|8|6|0|8|0|8|8|8|0|6|8|8
54159,0,False,0,11,6,7|5|6|6|6|0|3|0|6|6|6|0|7|0|1
54168,2,False,2,15,4,4|4|4|9|4|0|9|4|4|4|4|4|4|4|4
54177,1,False,1,5,1,0|1|0|0|0|1|0|1|1|1|1|1|1|1|1
54180,2,False,2,15,4,4|4|9|4|9|9|4|4|4|4|4|4|4|9|4
54188,4,False,4,11,9,4|0|6|4|0|9|9|3|0|4|0|4|9|9|9
54211,2,False,2,11,2,4|0|8|6|2|2|5|9|6|2|6|0|2|9|4
54217,3,True,8,13,8,8|8|8|8|8|8|8|8|8|3|8|8|8|3|8
54227,4,True,6,13,6,2|6|0|1|6|0|0|0|6|4|4|2|6|6|3
54271,9,False,9,11,5,5|5|5|9|9|9|5|9|6|5|5|5|5|5|5
54279,4,False,4,7,4,4|6|4|3|4|4|9|3|4|4|4|9|4|3|9
54283,0,False,0,13,6,6|6|0|6|6|6|0|6|6|4|4|4|6|6|6
54284,8,False,8,6,8,3|8|8|3|8|3|8|8|8|3|8|3|8|3|8
54286,5,False,5,5,5,5|7|5|5|7|5|5|5|5|5|7|5|7|5|3
54311,0,True,2,2,0,0|0|0|0|0|0|0|0|0|4|0|0|0|0|2
54329,5,True,9,1,5,5|9|5|5|5|5|5|5|5|5|5|5|5|5|5
54349,0,True,1,7,0,0|1|0|0|0|0|0|1|1|8|1|0|1|0|1
54381,8,False,8,13,4,4|9|4|4|4|4|8|4|6|4|8|4|0|9|4
54401,4,True,7,9,-1,2|7|7|4|4|7|7|7|4|2|4|7|4|4|8
54435,8,False,8,1,8,8|8|8|8|6|8|8|8|8|8|8|8|8|8|8
54478,2,False,2,12,9,6|9|9|6|2|2|9|9|6|4|6|4|4|9|2
54485,9,True,7,6,9,5|9|9|9|9|9|9|9|7|7|7|7|9|9|7
54486,4,True,6,14,6,6|0|6|2|6|2|0|0|6|2|6|4|6|2|6
54494,2,False,2,13,4,4|2|4|9|8|4|4|4|4|4|8|4|2|4|8
54500,5,False,5,6,5,5|5|5|7|7|5|5|5|5|7|7|5|7|1|5
54524,4,True,6,7,4,2|4|0|4|2|2|4|4|4|4|0|2|4|4|2
54545,9,True,4,13,4,4|2|8|4|3|2|0|2|6|4|4|4|2|9|9
54549,6,True,0,14,3,3|3|2|3|3|0|3|1|6|1|2|3|1|3|3
54580,1,False,1,10,0,0|2|1|1|0|0|0|0|1|4|1|0|3|9|1
54591,2,False,2,11,4,2|0|8|6|4|4|4|6|0|4|6|4|2|2|2
54600,2,True,6,15,-1,4|8|8|4|0|4|7|4|8|4|3|8|6|0|8
54627,6,False,6,7,6,6|0|0|0|4|6|0|6|6|4|6|0|6|6|6
54666,4,False,4,5,4,2|9|4|4|4|0|0|4|4|4|4|4|4|2|4
54691,3,False,3,6,3,1|2|3|2|3|3|3|3|3|2|2|3|3|2|3
54726,0,False,0,10,6,6|6|0|6|0|0|0|6|6|6|6|0|6|6|6
54729,6,True,3,12,3,6|6|3|6|2|2|3|3|3|3|3|3|3|3|3
54740,5,True,9,0,5,5|5|5|5|5|5|5|5|5|5|5|5|5|5|5
54741,6,False,6,14,4,4|4|4|4|4|4|4|4|6|4|4|4|4|4|4
54742,1,False,1,4,1,1|1|1|1|4|5|0|1|1|1|1|7|1|1|1
54750,9,True,7,15,7,7|1|3|7|2|7|7|7|7|7|7|7|7|7|7
54752,7,False,7,7,7,5|5|5|7|9|7|7|7|7|5|7|7|9|7|1
54757,4,False,4,13,2,8|2|2|7|1|2|3|8|6|4|4|8|2|3|6
54771,3,True,5,14,5,5|5|5|5|5|5|5|5|3|5|1|5|5|5|1
54800,3,False,3,3,3,6|3|3|3|3|3|3|6|3|3|6|3|3|3|3
54839,2,False,2,15,4,4|4|4|9|9|9|9|4|6|4|4|4|4|9|9
54842,2,True,3,9,3,2|2|3|2|3|2|3|3|3|3|3|3|3|2|2
54848,3,False,3,3,3,6|3|2|6|3|3|3|3|3|3|3|3|3|3|3
54863,2,True,3,15,6,6|6|6|6|6|6|6|6|6|6|6|6|6|6|6
54868,1,False,1,9,1,1|0|1|1|4|0|3|0|1|3|3|3|6|1|1
54881,8,False,8,12,3,8|1|3|3|8|1|7|3|3|7|8|3|7|3|3
54905,3,True,8,10,8,3|9|8|3|3|8|8|8|8|8|3|3|8|8|8
54913,5,True,9,2,5,5|5|5|5|5|9|5|5|6|5|5|5|5|5|5
54931,7,True,1,5,7,7|1|1|7|7|1|7|1|7|7|7|7|7|7|1
54933,6,True,2,14,2,0|2|8|2|0|2|0|2|2|4|6|9|0|2|2
54935,2,False,2,7,2,2|2|3|2|2|2|2|0|4|4|0|4|4|2|2
54962,9,True,7,10,7,7|9|8|7|0|9|7|9|7|7|7|9|7|9|7
54987,6,False,6,11,4,4|6|4|4|6|4|9|4|6|4|4|4|6|4|4
55002,6,True,0,6,6,0|0|6|6|0|0|0|6|6|6|6|0|6|6|6
55011,3,True,7,14,7,7|5|3|7|7|7|7|7|7|7|7|7|7|7|7
55019,6,True,0,7,6,6|6|0|6|6|6|0|6|6|4|4|4|6|2|4
55054,5,True,9,7,5,5|9|9|9|9|5|5|5|5|5|5|5|9|9|9
55060,9,False,9,13,5,5|5|5|5|9|5|5|5|5|5|9|5|5|5|5
55066,3,False,3,12,-1,0|0|2|1|2|6|3|4|6|3|1|3|2|6|1
55071,9,False,9,10,7,7|9|7|9|7|9|7|9|7|7|7|7|7|2|9
55121,9,True,4,14,4,4|4|9|4|4|0|0|4|4|4|4|4|4|4|4
55136,2,True,3,14,6,3|2|3|4|6|6|8|6|6|6|6|4|8|9|3
55159,4,True,6,4,4,4|4|4|6|2|4|4|4|2|4|4|4|9|4|4
55174,9,True,4,7,9,4|9|4|9|9|9|9|4|4|4|4|9|9|4|9
55177,6,True,0,3,6,6|6|0|6|6|6|0|6|6|6|6|0|6|6|6
55184,0,True,2,13,2,2|2|8|2|2|0|0|4|4|2|8|2|2|2|2
55185,5,True,9,1,5,5|5|5|5|9|5|5|5|5|5|5|5|5|5|5
55186,3,False,3,6,3,3|6|8|6|3|3|3|3|1|3|8|3|6|3|3
55190,3,False,3,11,-1,4|9|3|2|6|3|2|2|8|4|4|4|6|3|3
55191,9,True,4,12,4,4|9|4|4|6|4|9|4|4|4|4|4|9|4|4
55200,6,True,1,14,1,1|1|1|1|1|1|1|1|6|1|7|1|0|1|1
55206,6,True,0,6,6,6|0|0|6|0|0|0|6|6|6|0|6|6|6|6
55220,8,False,8,1,8,8|8|8|8|8|8|8|8|8|8|8|8|7|8|8
55223,9,True,4,12,4,4|4|4|4|2|9|9|4|4|4|4|4|4|4|9
55232,9,True,4,12,4,4|2|0|4|4|2|9|9|4|4|4|4|4|9|4
55251,1,True,8,14,5,7|1|5|0|0|5|5|5|8|7|7|5|2|7|2
55257,9,False,9,13,5,5|5|5|5|5|5|5|5|5|5|9|5|9|5|5
55258,2,True,5,14,7,7|7|3|7|7|7|7|7|6|7|1|7|2|5|7
55274,0,False,0,15,-1,3|1|3|2|5|2|1|1|6|3|1|3|7|2|8
55284,4,False,4,5,4,4|4|4|9|4|4|9|4|9|4|4|4|9|9|4
55318,7,False,7,8,7,5|9|7|7|5|7|5|9|5|7|5|7|7|5|7
55338,5,False,5,8,5,5|3|5|5|3|5|7|1|1|1|5|7|5|5|1
55341,2,False,2,14,0,0|0|0|2|0|0|0|0|0|0|0|0|0|0|0
55363,3,False,3,2,3,6|3|3|3|3|3|3|3|6|3|3|3|3|3|3
55381,0,False,0,14,6,6|6|3|6|8|3|8|6|0|6|6|4|6|3|8
55416,9,True,4,6,9,4|9|9|9|4|9|9|4|9|4|4|4|9|9|9
55418,7,True,8,15,8,8|8|8|8|9|8|8|8|3|8|8|8|8|8|8
55427,6,True,0,5,6,6|6|0|6|0|6|0|6|6|6|6|0|6|0|6
55460,9,True,7,12,7,5|9|9|4|7|7|7|9|7|7|7|7|7|7|7
55462,4,True,5,15,5,5|5|5|5|5|5|5|1|7|7|1|5|5|5|7
55467,6,True,0,15,4,4|3|0|4|4|2|2|0|2|4|1|0|4|4|4
55504,2,True,3,10,3,2|2|3|2|3|3|3|3|3|2|3|3|3|3|2
55517,9,True,4,14,4,4|4|4|4|4|4|4|4|4|4|4|4|9|4|4
55519,2,True,5,6,2,5|5|5|2|2|2|5|5|5|2|2|2|2|2|2
55527,6,False,6,14,8,4|9|8|4|2|2|5|4|6|8|8|2|8|8|8
55528,6,True,3,15,1,7|1|2|1|3|1|1|1|1|0|1|3|2|3|8
55541,1,False,1,15,3,6|6|3|6|6|3|9|3|3|9|2|3|9|0|9
55558,6,True,0,5,6,6|0|0|6|6|0|0|6|6|6|6|0|6|6|6
55575,6,True,0,5,6,6|6|0|6|0|6|0|6|6|6|6|0|6|4|6
55591,9,True,4,11,4,4|4|4|4|4|9|9|4|9|4|4|9|4|4|4
55604,7,True,1,9,1,1|1|1|1|7|1|7|1|1|1|7|7|7|7|1
55608,6,True,0,5,6,0|6|0|6|6|0|0|6|6|6|6|0|6|6|6
55633,9,True,7,13,7,7|9|8|7|9|7|7|7|7|7|7|7|7|7|7
55644,9,True,4,10,4,4|4|4|9|9|9|9|4|4|4|4|4|9|4|4
55670,4,False,4,8,4,4|6|4|9|9|4|9|9|9|4|4|4|9|2|4
55677,6,True,0,1,6,6|6|6|6|6|6|3|6|6|6|6|6|6|6|6
55705,3,False,3,12,4,6|4|4|2|6|3|3|4|0|4|2|4|9|3|6
55714,9,True,4,9,4,4|4|9|4|6|4|9|4|9|4|9|4|9|4|9
55718,6,False,6,15,8,8|8|8|3|1|8|8|8|4|8|8|8|8|8|8
55727,1,True,8,14,8,8|8|8|1|8|8|8|8|8|4|8|8|8|8|8
55729,4,True,6,15,3,8|3|3|2|3|8|8|8|1|3|2|3|6|6|5
55733,0,True,2,1,0,0|0|0|0|0|0|0|0|0|0|0|0|0|2|0
55764,8,False,8,3,8,8|3|8|8|8|3|8|8|3|8|8|8|8|8|8
55794,9,False,9,15,5,5|5|5|5|5|5|5|5|5|5|5|5|5|5|5
55814,8,True,3,15,3,6|3|3|2|3|3|3|6|3|3|6|3|3|3|3
55834,2,False,2,13,8,8|0|8|5|2|8|8|8|6|1|1|2|0|3|8
55848,3,False,3,5,3,4|4|3|3|2|3|3|3|3|3|3|4|3|3|2
55853,9,True,8,14,8,8|9|8|8|3|8|8|8|8|8|8|8|8|8|8
55868,6,True,0,7,6,6|0|0|6|0|0|0|6|6|6|4|4|6|6|6
55917,8,False,8,5,8,2|8|8|8|1|8|8|8|8|8|1|8|2|8|2
55925,3,True,8,7,3,8|8|8|8|3|3|8|3|8|3|3|3|3|3|8
55927,5,True,9,0,5,5|5|5|5|5|5|5|5|5|5|5|5|5|5|5
55936,3,True,2,12,4,4|3|9|3|4|9|0|9|4|4|4|4|9|9|3
56013,3,True,7,15,7,7|9|9|4|7|7|7|7|7|7|7|7|7|7|7
56045,4,False,4,13,6,6|6|1|1|6|0|0|4|6|4|8|2|6|3|6
56048,4,True,7,14,7,7|7|8|7|4|7|7|7|7|7|7|7|7|7|7
56078,7,True,1,13,1,0|1|1|1|1|1|1|1|1|1|7|1|7|1|1
56094,0,True,2,11,2,8|0|0|2|2|0|0|2|3|2|8|4|2|2|2
56126,9,True,7,12,7,7|7|9|7|2|7|7|9|7|7|7|7|7|9|7
56129,2,False,2,13,0,6|9|8|0|3|2|0|0|6|4|8|3|0|2|8
56131,0,False,0,11,6,0|6|6|4|6|6|0|6|6|6|4|0|6|0|6
56147,7,True,8,15,8,0|8|8|8|8|8|8|8|8|8|8|2|8|8|8
56159,4,True,6,15,6,6|6|0|2|6|0|8|0|6|6|6|2|6|6|6
56182,4,True,6,3,4,4|4|4|6|4|4|4|4|6|4|6|4|4|4|4
56208,2,True,3,12,3,6|3|3|3|3|2|3|3|3|3|3|3|2|3|2
56211,3,False,3,4,3,6|3|3|3|2|2|2|3|3|3|3|3|3|3|3
56220,5,True,9,0,5,5|5|5|5|5|5|5|5|5|5|5|5|5|5|5
56231,2,False,2,9,0,0|0|2|0|2|0|0|0|2|2|0|2|0|0|2
56247,5,False,5,6,5,1|5|5|8|2|3|3|5|5|5|5|5|7|5|5
56252,9,False,9,11,5,5|5|5|5|9|5|5|9|5|9|9|5|5|5|5
56258,2,True,7,14,7,7|7|9|7|3|2|7|7|7|7|7|7|7|7|7
56330,0,False,0,9,6,6|6|0|4|4|0|0|0|6|6|6|0|6|0|6
56342,7,True,8,15,8,8|8|8|8|8|8|8|8|6|8|8|8|8|8|8
56349,9,True,3,15,3,6|3|1|2|3|3|3|3|3|3|6|3|3|3|3
56395,9,False,9,14,5,5|5|5|5|2|5|5|5|5|5|5|5|5|5|9
56402,2,True,3,15,6,6|6|0|0|6|0|0|6|3|6|3|3|6|3|6
56407,3,False,3,5,3,6|2|3|3|2|2|3|3|8|3|3|3|3|3|3
56419,3,True,5,15,5,5|5|5|5|5|5|5|5|5|7|5|5|7|5|5
56432,9,False,9,15,5,5|5|5|5|5|5|5|5|5|5|5|5|5|5|5
56440,4,True,7,10,7,7|5|7|7|4|7|7|4|4|7|4|7|7|7|4
56464,4,True,6,14,0,0|0|2|6|0|0|0|0|0|4|0|0|0|0|9
56469,0,True,1,15,1,1|1|1|1|1|1|7|1|7|1|7|1|1|7|1
56484,3,True,8,11,8,8|8|8|8|3|3|8|8|8|8|3|8|8|3|8
56486,3,True,5,15,5,5|5|5|7|2|1|5|5|7|7|7|5|5|5|7
56501,7,False,7,2,7,7|7|7|7|3|7|7|7|7|7|1|7|7|7|7
56505,0,True,2,8,0,0|0|0|2|0|2|8|0|0|4|2|4|0|2|9
56508,0,True,1,13,1,0|1|1|1|1|1|1|1|1|1|1|1|0|1|1
56515,0,True,1,13,1,1|1|1|1|0|1|0|1|1|1|1|1|1|1|1
56583,6,True,3,11,3,3|3|3|3|2|6|3|3|6|3|6|3|3|3|6
56615,1,True,5,12,5,5|5|5|1|5|5|3|5|1|5|2|5|5|3|1
56622,6,True,0,9,0,0|0|0|6|0|0|0|6|0|6|4|0|6|6|6
56641,9,True,8,15,8,8|8|8|8|8|8|8|8|8|8|7|8|8|8|8
56645,2,False,2,15,0,0|0|0|0|0|0|0|0|0|4|6|4|0|4|4
56659,9,True,7,14,7,7|7|7|7|2|7|7|7|7|7|7|7|9|7|7
56666,4,True,6,6,4,8|4|4|6|4|4|8|4|4|4|4|3|3|8|4
56668,8,False,8,5,8,8|8|3|3|3|3|8|8|8|8|8|8|3|8|8
56681,9,True,4,15,4,4|4|4|4|4|4|4|4|2|4|4|4|4|4|4
56686,1,True,8,11,8,8|1|8|1|1|8|8|1|2|8|8|8|8|7|0
56694,2,False,2,13,4,4|4|0|6|2|2|9|4|9|4|4|4|4|4|3
56699,1,True,8,14,8,6|0|8|4|6|0|8|6|1|8|8|4|6|7|8
56702,6,False,6,15,4,4|4|4|9|4|4|4|4|4|4|4|4|9|4|4
56707,9,True,6,15,4,4|4|4|4|4|4|4|4|6|4|4|4|4|4|4
56722,9,True,4,7,9,4|9|4|9|9|9|9|4|9|4|4|4|4|9|9
56725,7,True,5,12,5,7|5|5|5|1|1|8|5|7|5|7|8|5|3|8
56765,4,True,6,10,-1,2|6|0|4|4|4|0|0|1|4|4|0|0|6|6
56766,9,True,7,8,9,2|9|8|7|9|9|9|9|9|7|7|7|7|9|7
56803,1,True,5,13,5,2|5|5|5|0|7|5|5|1|5|7|2|7|5|1
56810,6,True,3,10,3,6|2|2|6|6|2|3|6|3|6|3|3|3|3|3
56853,7,True,8,12,8,3|8|8|8|0|1|7|8|1|8|7|8|7|8|8
56869,6,True,3,15,3,1|2|7|3|3|3|3|3|3|3|2|3|3|2|3
56871,5,True,4,15,8,8|6|8|0|0|3|8|0|0|3|8|8|8|8|2
56904,4,True,6,15,6,6|6|0|6|6|0|0|6|6|6|6|6|6|6|6
56910,0,True,1,8,0,2|2|0|0|0|0|0|0|4|4|0|2|2|2|9
56913,5,True,9,0,5,5|5|5|5|5|5|5|5|5|5|5|5|5|5|5
56920,2,True,5,9,5,5|5|5|3|2|5|2|5|2|5|2|2|7|5|2
56955,1,False,1,1,1,1|1|1|1|0|1|1|1|1|1|1|1|1|1|1
56977,5,True,9,4,5,5|5|5|9|9|5|5|5|5|5|9|5|5|5|9
57031,6,True,0,7,6,6|6|6|6|6|0|3|3|6|3|6|3|3|6|3
57054,5,False,5,10,3,3|5|5|1|5|3|5|1|5|7|7|3|3|3|3
57068,7,True,5,5,7,1|7|3|5|7|7|7|1|7|7|7|7|7|5|7
57100,3,False,3,5,3,2|9|3|6|3|3|3|3|6|3|6|3|3|3|3
57119,0,True,2,3,0,0|0|0|0|2|0|0|0|0|2|0|0|0|2|0
57120,6,True,0,6,6,0|0|0|6|6|0|0|6|6|6|6|0|6|6|6
57121,3,False,3,9,2,2|2|3|2|2|2|3|2|3|4|2|3|2|3|3
57128,2,False,2,12,0,0|0|0|2|2|0|0|0|4|4|4|2|9|9|9
57135,9,True,4,14,4,4|4|4|4|4|4|4|4|6|4|4|4|9|4|4
57142,3,True,8,15,8,8|8|8|6|0|8|8|8|8|7|7|8|8|8|8
57152,3,True,8,13,8,8|8|8|8|8|8|8|8|8|8|8|3|3|8|8
57186,6,True,0,7,6,6|0|0|0|4|6|3|6|6|6|0|6|0|6|6
57201,1,False,1,1,1,1|1|1|1|6|1|1|1|1|1|1|1|1|1|1
57210,5,False,5,14,7,7|7|7|5|9|7|7|7|1|7|7|7|9|7|9
57211,9,True,4,15,4,4|4|4|4|4|4|4|4|6|4|0|6|6|4|4
57248,5,False,5,5,5,5|5|5|5|1|5|5|1|5|5|1|1|5|5|1
57287,9,False,9,13,5,5|5|5|5|9|5|5|5|5|5|9|5|5|5|5
57297,9,False,9,13,5,6|5|2|5|9|2|5|5|6|9|6|3|5|3|5
57313,5,False,5,9,5,7|7|5|7|0|5|5|9|2|5|1|8|5|8|5
57319,5,False,5,4,5,5|5|5|5|5|5|5|5|5|8|5|3|1|7|5
57326,9,True,7,15,7,5|7|5|7|7|7|5|5|5|7|7|7|7|1|7
57332,5,True,8,14,8,8|8|8|8|8|8|8|8|8|8|8|8|5|8|8
57351,5,True,9,2,5,5|5|5|5|5|5|5|5|5|9|9|5|5|5|5
57356,9,True,4,13,4,2|4|4|4|4|2|4|4|4|4|4|4|9|9|4
57369,2,True,9,14,5,5|5|2|7|9|8|5|9|5|5|8|5|7|9|9
57371,3,True,7,15,7,5|7|7|7|5|7|7|7|7|7|4|7|7|7|7
57446,9,True,8,15,8,8|8|8|8|8|8|8|8|8|8|8|8|8|8|8
57487,7,False,7,9,9,7|9|9|7|9|9|7|9|7|7|7|9|9|9|9
57501,9,True,4,7,9,4|9|9|9|4|9|9|4|9|4|4|4|9|9|4
57528,9,False,9,11,5,5|5|5|5|5|5|5|9|9|5|9|5|9|5|5
57540,7,True,1,15,1,1|1|1|1|0|1|0|1|1|1|0|1|1|1|1
57553,6,True,3,14,-1,2|2|3|2|2|3|3|3|2|3|2|3|6|3|2
57555,9,True,4,9,4,4|9|4|9|9|4|0|4|9|4|4|4|9|9|4
57572,9,True,4,13,4,4|6|4|9|2|4|4|4|6|4|4|4|4|9|4
57574,9,True,4,11,4,4|4|4|9|9|2|9|4|4|4|4|4|4|9|4
57621,6,True,0,8,-1,6|0|0|4|6|0|0|6|6|6|0|0|6|0|6
57623,0,False,0,8,6,6|0|0|6|6|0|0|6|6|6|0|0|6|0|6
57634,6,False,6,13,2,6|2|8|4|6|2|9|4|2|4|4|0|2|2|2
57636,9,True,7,15,7,2|7|7|7|0|7|7|1|7|7|7|7|7|7|7
57647,0,True,1,7,0,0|0|0|0|0|1|0|0|1|1|0|1|1|1|1
57661,9,True,7,7,9,7|7|9|7|9|7|9|9|9|7|7|9|7|9|9
57684,3,True,8,10,8,8|8|8|3|3|3|8|3|8|8|8|8|8|3|8
57688,5,True,9,2,5,5|9|5|5|5|5|5|5|9|5|5|5|5|5|5
57697,6,True,3,13,3,6|3|3|3|3|3|3|3|6|3|3|3|3|3|3
57709,0,True,2,6,0,2|0|0|0|0|2|0|0|0|4|2|0|6|0|8
57713,4,True,6,6,4,4|4|9|4|6|9|9|4|4|4|4|4|9|9|4
57719,6,True,0,4,6,6|6|6|4|6|6|0|6|6|6|6|0|6|3|6
57731,4,True,6,2,4,4|4|4|4|4|4|9|4|4|4|6|4|4|4|4
57738,9,True,4,8,-1,4|9|9|9|4|9|9|9|6|4|4|4|9|4|4
57753,0,True,2,2,0,0|0|0|0|0|0|0|0|0|0|2|0|0|0|2
57754,5,True,9,8,5,8|5|2|5|2|1|5|5|5|8|1|8|5|5|2
57773,4,True,6,10,-1,6|4|6|6|4|4|9|0|8|4|4|8|6|6|5
57777,1,False,1,5,1,0|0|0|1|1|1|1|1|1|1|1|1|0|0|1
57795,0,True,2,8,0,0|0|4|0|2|2|0|0|4|2|0|0|2|9|4
57806,5,True,9,1,5,5|5|5|5|5|5|5|5|5|5|9|5|5|5|5
57847,5,True,9,1,5,5|5|5|5|5|5|5|5|5|5|5|5|9|5|5
57875,6,False,6,5,6,6|6|0|6|6|6|0|0|6|6|4|4|6|6|6
57916,0,True,1,15,1,1|1|1|1|1|1|1|1|1|1|1|1|1|1|1
57923,1,False,1,1,1,1|1|1|1|1|1|7|1|1|1|1|1|1|1|1
57935,0,False,0,9,6,0|6|0|6|0|0|0|6|6|6|6|6|6|0|6
57962,5,True,9,12,9,7|9|8|7|9|5|9|9|6|7|7|5|9|5|8
57967,9,True,4,12,-1,4|2|8|6|9|2|3|2|4|9|4|4|0|9|2
58014,3,True,8,13,8,8|8|8|3|8|8|8|8|8|8|8|3|8|8|8
58045,9,True,4,12,4,4|4|0|9|9|2|4|4|4|4|4|4|9|4|4
58056,6,True,2,15,4,4|4|4|4|2|4|4|4|2|4|4|4|4|4|4
58075,2,True,5,15,7,5|7|5|7|7|5|5|7|5|5|7|5|7|7|7
58104,9,True,4,8,-1,4|9|9|9|9|4|9|4|6|4|4|4|9|9|4
58105,6,True,3,10,3,6|2|3|6|6|3|3|6|3|3|1|3|0|3|6
58124,1,True,5,10,5,1|5|5|5|5|1|5|1|5|5|5|5|1|5|1
58158,3,True,2,15,8,8|8|8|4|8|8|8|4|1|8|8|8|8|8|8
58161,4,False,4,8,9,4|9|9|9|4|9|9|4|9|4|4|4|9|4|9
58163,6,False,6,10,6,6|4|4|6|9|6|3|8|0|4|3|4|6|3|6
58166,8,False,8,7,8,8|8|8|0|9|1|8|6|8|8|7|3|7|8|8
58178,5,True,8,14,8,8|7|5|8|2|8|8|9|8|8|1|8|8|8|8
58213,4,False,4,8,-1,4|9|0|4|4|9|9|4|4|4|9|4|9|9|9
58240,6,True,0,8,-1,3|0|3|3|6|3|3|6|6|3|6|3|6|6|6
58249,8,False,8,2,8,8|8|8|8|8|8|8|8|8|8|1|1|8|8|8
58260,2,False,2,11,0,0|0|2|0|0|0|0|0|2|0|0|0|0|2|2
58287,7,False,7,0,7,7|7|7|7|7|7|7|7|7|7|7|7|7|7|7
58307,9,True,7,13,7,5|7|7|2|7|7|7|9|2|5|2|7|9|7|1
58310,4,True,7,15,7,7|7|3|7|7|7|7|7|7|7|7|7|7|7|7
58324,9,True,8,15,8,8|8|8|8|4|8|8|8|8|8|8|8|8|8|8
58328,6,True,9,15,5,5|5|5|5|9|5|8|5|5|5|9|5|9|5|8
58338,9,False,9,12,5,5|5|5|5|9|5|5|5|9|5|5|5|5|9|5
58360,9,False,9,15,5,5|5|5|5|5|5|5|5|5|5|5|5|5|5|5
58406,9,True,8,15,8,8|7|8|3|8|8|8|8|3|8|8|8|8|8|8
58415,8,False,8,0,8,8|8|8|8|8|8|8|8|8|8|8|8|8|8|8
58420,2,True,3,12,9,4|4|4|9|2|9|3|9|2|9|8|9|3|3|2
58427,3,True,5,14,5,5|5|5|3|5|5|7|1|5|7|7|7|5|7|1
58430,1,True,8,15,8,8|8|8|8|4|8|8|8|8|8|8|8|7|8|8
58452,3,True,8,13,8,8|6|8|1|8|7|8|6|3|5|2|1|7|3|7
58468,3,True,7,14,7,7|7|7|7|3|7|7|7|7|7|7|7|7|7|7
58502,6,True,3,11,3,3|2|3|6|3|3|3|6|1|3|6|3|6|3|3
58509,2,True,3,15,3,6|3|3|6|3|3|3|3|6|3|3|3|3|3|3
58517,0,False,0,9,6,6|0|0|6|6|0|0|6|6|6|0|0|6|6|6
58548,3,True,8,15,8,8|8|8|1|9|1|8|8|6|8|8|8|8|8|8
58576,5,False,5,4,5,5|5|5|5|8|5|5|1|5|5|5|5|7|5|1
58579,1,False,1,4,1,0|1|1|1|0|0|0|1|1|1|1|1|1|1|1
58587,2,True,5,9,5,2|5|2|6|2|5|5|5|5|1|2|5|2|5|2
58605,4,False,4,7,4,4|4|8|4|6|4|8|2|4|4|2|4|6|4|8
58607,6,True,0,6,6,6|0|0|6|0|0|0|6|6|6|6|0|6|6|6
58642,1,True,5,12,5,5|5|5|7|5|5|5|1|1|5|5|5|5|5|1
58653,9,True,4,8,4,4|9|9|9|9|9|9|4|4|4|4|4|4|9|4
58658,1,True,5,12,5,5|5|1|7|5|5|5|5|5|5|1|1|7|5|5
58663,5,False,5,6,5,5|5|3|7|5|5|5|5|7|5|7|5|7|5|7
58674,6,True,3,14,3,6|3|3|3|3|3|2|3|3|3|3|3|3|3|3
58679,5,True,9,14,9,5|9|9|7|9|9|9|9|7|7|9|2|9|2|9
58681,9,False,9,14,5,5|5|5|5|9|5|5|5|5|5|5|5|5|5|5
58694,4,True,7,14,7,7|7|7|7|7|7|7|7|7|7|4|7|7|7|7
58695,8,False,8,1,8,8|8|8|8|5|8|8|8|8|8|8|8|8|8|8
58701,3,False,3,2,3,3|3|2|3|3|3|3|3|3|3|3|2|3|3|3
58745,6,True,3,8,3,6|6|3|3|6|3|3|6|6|3|6|3|3|3|6
58760,6,True,9,15,5,5|5|5|5|9|5|5|5|5|5|5|5|5|5|5
58784,9,False,9,15,5,5|5|5|5|5|5|5|5|5|5|5|5|5|5|5
58792,9,False,9,13,5,5|5|5|5|9|5|5|5|5|5|5|5|9|5|5
58810,4,False,4,8,4,6|4|3|4|6|4|9|3|4|4|6|8|9|4|4
58825,0,True,1,12,1,1|1|1|1|0|0|0|1|1|1|1|2|1|1|1
58843,4,False,4,2,4,4|4|4|4|4|4|4|4|4|4|6|4|4|4|9
58853,4,False,4,7,4,2|9|4|4|4|0|0|4|4|4|0|4|4|0|9
58859,6,True,3,9,-1,6|6|3|6|6|3|3|4|1|6|3|4|6|3|3
58871,5,False,5,8,5,5|1|5|2|3|5|5|5|1|5|2|5|2|1|8
58885,6,False,6,14,4,4|4|4|4|4|4|5|4|6|4|4|4|4|8|4
58914,4,True,6,13,0,2|0|8|7|4|3|0|0|8|4|2|0|2|0|2
58937,6,False,6,7,6,6|6|0|6|2|6|3|3|6|6|4|0|6|0|6
58961,9,True,4,11,4,4|9|4|4|9|4|9|4|4|4|4|4|4|2|9
58978,6,True,7,15,7,7|7|7|7|2|7|7|7|7|7|7|7|7|7|7
58981,4,True,7,14,7,5|7|7|7|4|7|7|7|7|7|7|7|7|3|7
59007,6,True,0,14,7,6|5|1|7|5|0|7|2|3|7|4|7|3|2|8
59049,3,True,8,14,8,8|8|8|8|3|8|8|8|8|8|8|8|8|8|8
59068,2,False,2,11,0,0|0|0|2|2|0|0|0|2|2|0|0|0|0|0
59088,9,False,9,8,-1,5|5|5|9|9|9|9|9|5|5|9|5|5|7|9
59095,7,True,8,7,7,7|7|8|7|8|7|8|3|8|8|7|8|7|7|7
59111,4,True,5,14,5,5|7|3|7|9|2|8|5|5|5|5|4|7|5|5
59154,6,False,6,13,4,4|4|4|6|4|6|4|4|4|4|4|4|4|4|4
59204,6,True,0,6,6,6|0|0|6|6|0|0|6|6|6|6|0|6|0|6
59210,9,True,7,11,7,7|7|1|9|9|9|7|7|7|7|9|7|7|5|7
59241,0,False,0,9,6,6|0|0|0|6|0|0|6|6|6|6|0|6|6|6
59247,4,True,6,15,0,6|0|0|6|0|0|0|0|6|0|0|0|6|0|0
59252,6,True,2,12,4,4|6|9|4|6|2|9|4|6|4|7|4|9|4|4
59291,2,True,5,15,5,7|5|5|7|1|5|7|1|5|7|5|5|5|8|3
59302,6,False,6,9,-1,0|6|0|4|6|6|0|6|6|4|4|0|0|0|6
59320,6,True,0,11,6,3|6|3|5|0|0|8|3|6|6|4|9|8|6|8
59352,2,True,5,14,5,5|5|5|2|3|5|5|5|5|5|5|1|5|5|1
59387,5,False,5,2,5,5|5|5|1|5|5|5|5|5|5|7|5|5|5|5
59388,2,True,5,15,5,5|5|1|5|5|5|5|9|5|5|5|7|5|1|7
59418,5,True,9,2,5,5|5|5|5|9|5|5|5|5|5|9|5|5|5|5
59420,9,True,4,10,4,4|4|9|9|4|9|9|4|4|4|4|4|9|4|4
59444,6,False,6,13,0,6|0|0|6|4|0|0|0|2|2|0|2|0|9|0
59453,6,True,0,12,8,6|6|0|1|3|3|8|3|8|8|7|0|6|8|8
59482,4,True,7,11,7,8|7|7|7|4|7|7|4|7|7|4|7|7|7|4
59483,0,True,2,12,2,0|2|8|2|2|6|4|4|0|4|2|0|6|2|4
59485,0,True,1,13,1,1|1|0|1|7|1|7|1|7|1|0|1|7|1|1
59506,1,False,1,2,1,1|1|1|1|1|1|7|1|1|1|1|0|1|1|1
59508,8,False,8,2,8,8|8|8|7|8|8|8|8|7|8|8|8|8|8|8
59518,5,True,9,2,5,5|5|5|5|5|5|7|5|5|5|9|5|5|5|5
59521,7,False,7,7,7,7|7|9|9|5|7|9|9|7|7|7|7|9|7|9
59525,4,False,4,4,4,4|4|4|9|4|9|9|4|4|4|4|4|4|9|4
59539,3,False,3,8,3,1|3|1|8|4|3|3|6|8|2|2|3|3|3|3
59562,3,True,8,14,8,8|8|8|8|4|8|8|8|4|8|8|8|8|3|8
59581,4,False,4,6,4,4|4|4|9|9|9|9|4|9|4|4|4|4|9|4
59624,9,True,4,10,4,4|4|4|9|9|4|9|4|9|4|4|9|3|4|4
59627,1,True,5,13,7,5|8|1|7|2|8|5|5|7|7|5|1|7|7|6
59630,9,True,4,15,0,2|0|8|1|0|0|0|5|6|0|3|0|6|4|6
59637,6,True,2,15,9,4|9|4|9|9|9|9|9|4|4|9|4|9|9|4
59643,3,True,2,15,4,4|2|4|4|9|9|4|9|2|4|4|4|2|4|4
59647,9,False,9,14,5,5|5|5|5|9|5|5|5|5|5|5|5|5|5|5
59650,9,False,9,12,5,5|5|5|5|9|9|5|5|2|5|5|5|9|5|5
59655,7,False,7,2,7,7|9|9|7|7|7|7|7|7|7|7|7|7|7|7
59672,0,True,2,5,0,0|0|0|0|2|0|0|0|0|4|4|0|4|4|0
59675,4,False,4,8,9,4|9|9|9|4|9|9|9|9|4|4|4|4|4|9
59698,9,True,7,11,7,7|7|9|7|9|7|7|7|7|7|7|9|7|9|7
59709,4,False,4,3,4,4|4|4|4|4|4|9|4|6|4|4|4|6|4|4
59719,5,True,6,15,6,0|6|0|6|6|6|8|6|6|6|6|3|6|6|6
59723,2,False,2,14,0,0|6|0|0|0|0|0|0|2|4|0|4|0|0|0
59732,5,False,5,4,5,5|5|2|5|2|5|5|5|5|5|2|5|2|5|5
59743,4,False,4,6,4,4|4|9|4|4|9|9|4|6|4|9|4|4|9|4
59750,4,True,6,14,6,6|6|0|6|6|6|4|6|6|6|6|0|6|6|6
59757,9,True,4,8,9,4|9|9|9|9|2|9|4|8|9|4|3|4|9|4
59759,1,False,1,2,1,1|1|1|1|1|1|0|1|1|1|1|1|1|0|1
59760,6,True,3,11,3,6|3|3|6|3|3|2|6|6|3|3|3|3|3|3
59790,1,True,8,15,8,8|8|8|8|8|3|8|8|8|8|8|8|8|3|8
59815,1,False,1,8,1,1|0|0|0|1|0|3|1|1|1|1|0|1|0|3
59849,1,False,1,2,1,1|1|1|1|7|1|1|1|1|1|1|1|7|1|1
59868,7,True,5,10,5,5|5|5|5|5|7|5|5|7|5|7|5|5|7|7
59873,3,False,3,10,6,6|6|2|1|3|3|3|6|6|3|2|6|3|2|6
59875,3,True,8,11,8,8|8|8|3|3|8|8|8|8|8|8|8|3|3|8
59897,2,True,3,11,6,3|0|2|6|6|3|0|6|6|2|2|3|0|2|6
59908,3,True,2,15,-1,2|6|0|4|4|0|0|0|2|4|4|2|4|0|2
59943,6,True,0,8,0,0|6|0|0|0|0|0|6|6|6|6|0|6|0|6
