index,noisy_label,is_noisy,real_label,mistakes,label_pred,preds
5,0,True,2,7,0,0|0|6|0|0|0|2|6|2|2|2|0|0|2|0
8,1,True,5,15,7,7|7|7|5|7|5|5|7|5|2|7|7|5|2|5
12,5,False,5,6,5,1|5|5|5|5|5|5|1|5|7|5|1|3|1|5
13,5,False,5,6,5,5|5|7|5|5|5|5|1|5|3|1|1|5|1|5
19,4,False,4,6,4,2|4|6|4|7|6|4|4|6|4|4|4|6|4|4
42,9,False,9,10,5,5|9|5|2|5|5|5|9|5|5|9|5|5|9|9
72,6,False,6,1,6,6|6|6|6|6|6|0|6|6|6|6|6|6|6|6
76,5,True,4,15,4,9|3|9|6|3|0|0|4|9|1|4|4|4|3|4
80,0,True,1,11,1,0|1|1|1|1|1|0|1|1|1|1|1|0|1|0
123,8,True,2,13,0,0|0|6|8|0|0|0|3|2|2|7|8|0|6|2
132,7,False,7,0,7,7|7|7|7|7|7|7|7|7|7|7|7|7|7|7
143,4,True,1,15,1,1|1|3|1|1|0|0|1|1|1|1|1|1|6|1
158,4,True,7,15,7,7|7|7|7|7|9|7|7|7|7|7|7|7|7|7
161,1,True,8,14,8,7|1|8|8|8|8|8|8|8|8|8|8|8|7|8
181,9,True,4,11,4,4|9|9|4|9|4|9|4|4|4|4|4|4|4|4
196,7,True,1,15,1,1|1|1|1|1|1|1|1|1|1|1|1|1|1|1
216,7,True,8,15,8,8|8|8|8|8|8|8|8|8|8|8|8|8|8|8
226,6,False,6,15,8,8|8|8|8|8|8|9|9|8|1|9|4|0|8|8
242,9,True,4,12,4,4|4|4|4|4|9|9|9|4|4|4|4|4|4|4
257,5,False,5,6,5,5|5|5|1|1|5|5|1|5|7|1|3|5|5|5
268,3,False,3,5,3,3|3|6|2|3|2|2|3|2|3|3|3|3|3|3
339,9,True,4,15,3,5|3|7|7|8|3|3|3|2|7|5|3|5|6|2
376,5,True,9,0,5,5|5|5|5|5|5|5|5|5|5|5|5|5|5|5
379,6,True,1,15,1,1|1|1|1|1|1|0|1|1|1|7|1|1|1|1
402,6,False,6,8,6,6|4|6|6|3|4|2|6|6|1|6|4|0|6|2
439,2,True,3,10,3,3|3|3|3|3|2|3|3|2|2|3|3|2|2|3
440,3,True,2,15,4,2|2|4|4|2|4|0|1|2|4|4|2|2|4|4
451,5,True,9,0,5,5|5|5|5|5|5|5|5|5|5|5|5|5|5|5
471,2,True,3,10,3,3|3|3|3|3|2|2|3|2|3|3|3|2|2|3
488,1,True,3,15,3,3|3|6|3|3|3|3|3|3|3|3|3|3|3|3
503,0,True,1,15,1,1|1|1|1|1|1|1|3|1|1|1|1|7|1|1
505,3,True,2,13,6,2|6|3|6|8|7|8|6|0|2|3|7|6|6|8
524,0,False,0,6,0,0|0|6|6|0|0|0|0|6|0|0|6|0|6|6
555,4,False,4,4,4,9|9|4|4|4|4|4|8|4|4|4|0|4|4|4
563,5,True,9,2,5,5|5|5|5|5|5|5|9|5|5|5|5|5|9|5
600,0,False,0,12,6,6|6|6|6|0|6|0|6|3|0|6|6|6|6|6
606,5,True,9,1,5,5|5|5|5|5|5|5|5|5|5|5|5|5|9|5
612,4,False,4,11,0,4|0|6|4|0|0|0|4|4|2|0|0|6|2|0
623,6,False,6,15,4,0|9|4|2|4|0|4|9|2|2|4|2|4|2|4
630,9,True,8,15,8,8|8|8|3|8|0|3|8|8|8|8|8|8|8|8
633,9,True,8,15,8,8|8|8|8|8|8|8|8|8|8|8|8|7|8|8
637,3,True,2,15,4,9|9|4|0|9|4|9|0|4|4|4|4|4|4|4
683,1,True,5,14,5,5|3|5|1|5|5|5|5|5|5|5|5|5|5|5
687,9,True,4,14,3,3|3|6|4|9|3|3|6|3|1|4|4|4|4|3
725,3,False,3,3,3,3|3|3|3|3|2|2|3|3|3|3|3|3|3|6
741,6,True,0,5,6,6|0|6|6|0|0|0|6|6|6|6|6|6|6|0
772,1,False,1,1,1,1|1|1|1|1|1|4|1|1|1|1|1|1|1|1
777,2,True,5,15,5,7|5|5|5|1|5|7|5|5|7|7|7|7|5|5
796,7,True,1,8,1,1|1|7|1|1|7|7|7|1|1|7|7|7|1|1
801,8,False,8,8,-1,8|3|3|1|8|8|8|3|3|3|8|8|8|3|3
815,0,False,0,10,6,6|0|6|6|6|0|0|6|6|6|0|6|6|6|0
824,2,True,3,13,3,3|3|3|3|3|3|2|3|3|3|2|3|3|3|3
828,8,False,8,1,8,8|8|8|8|8|8|3|8|8|8|8|8|8|8|8
831,0,True,1,14,1,1|1|1|1|1|1|0|1|1|1|1|1|1|1|1
855,2,False,2,11,0,0|4|6|4|0|2|0|6|0|2|4|0|2|2|0
897,0,True,1,9,1,1|0|1|1|1|0|0|0|0|1|6|1|6|0|1
911,6,True,3,14,3,3|3|6|3|3|3|3|3|3|3|3|3|3|2|3
923,9,True,4,8,4,9|9|9|4|9|9|4|4|9|4|4|4|4|9|4
933,9,True,4,11,4,9|4|9|9|4|4|4|9|4|2|4|4|4|2|4
936,3,True,5,15,5,5|1|5|5|1|5|2|1|5|1|5|5|5|1|1
948,2,True,3,13,3,3|3|3|3|3|3|3|6|3|3|3|3|2|2|3
957,9,True,7,15,7,7|7|7|7|7|7|7|7|7|7|7|7|7|7|7
964,2,True,7,14,7,7|7|7|7|7|7|7|7|2|7|7|7|7|7|7
971,9,False,9,7,9,9|9|5|9|9|2|2|9|5|7|7|2|9|9|9
997,3,False,3,6,3,7|3|3|3|3|8|3|3|6|2|3|3|3|8|6
1006,2,True,5,10,5,5|5|5|5|4|2|2|7|5|2|7|2|5|2|5
1014,6,False,6,13,-1,2|1|6|3|3|4|3|6|2|2|4|2|3|4|4
1026,3,False,3,3,3,3|3|3|3|3|2|3|3|3|2|3|3|3|2|3
1030,1,True,8,14,8,8|8|8|8|8|8|7|8|8|8|8|8|8|8|1
1060,2,True,9,15,5,5|9|9|5|5|5|9|9|5|5|9|5|5|9|9
1064,3,False,3,13,6,3|6|6|6|6|6|3|6|6|6|8|0|6|4|4
1166,5,True,8,15,8,7|1|3|8|8|8|8|8|8|2|8|8|7|8|3
1199,4,True,1,13,1,1|1|7|1|1|1|1|1|4|1|1|1|1|4|1
1233,4,True,6,14,8,0|8|8|0|0|0|8|8|0|2|8|1|8|8|4
1236,6,False,6,14,4,4|4|4|4|4|6|4|4|4|4|4|4|4|4|4
1251,4,True,6,11,6,6|6|6|6|6|6|4|6|6|4|4|6|6|4|6
1260,2,False,2,11,4,2|8|4|4|8|3|2|6|2|4|4|3|4|2|7
1264,0,False,0,8,6,6|0|6|6|0|0|0|6|0|0|6|6|0|6|6
1267,2,False,2,10,2,0|0|6|4|4|6|0|9|0|2|4|2|2|2|2
1306,0,True,2,10,0,2|9|2|0|8|0|4|0|4|2|0|4|2|0|9
1307,5,False,5,8,1,5|1|5|5|1|1|5|5|1|1|5|1|5|1|1
1332,0,True,1,14,1,1|1|1|1|1|1|0|1|1|1|1|1|1|1|1
1360,8,False,8,5,8,8|8|8|8|8|0|3|3|8|3|8|8|3|8|8
1403,5,False,5,10,2,5|5|5|2|7|5|2|7|5|2|7|7|2|2|2
1437,2,True,7,15,7,7|7|7|7|7|7|7|7|7|7|7|7|9|7|9
1496,6,True,3,9,6,2|1|3|6|2|2|6|0|3|1|6|6|6|6|8
1506,3,False,3,8,-1,3|3|3|2|3|2|2|3|2|2|1|3|3|2|2
1509,0,True,1,10,1,1|1|1|1|1|0|4|4|1|1|0|4|0|0|0
1511,6,True,3,15,3,3|3|3|3|3|2|3|3|3|3|3|3|2|2|3
1514,0,True,1,14,1,1|1|1|1|1|0|1|1|1|1|1|1|1|1|1
1541,1,False,1,1,1,1|1|1|1|1|0|1|1|1|1|1|1|1|1|1
1545,2,False,2,14,-1,2|8|4|4|6|8|0|8|9|0|0|6|6|0|6
1550,7,True,8,10,8,7|4|8|7|8|8|8|7|8|8|8|8|8|7|7
1568,0,True,2,11,2,2|2|2|2|9|0|2|2|2|2|0|2|2|0|0
1572,7,True,5,10,5,5|5|3|7|8|5|5|3|5|7|7|7|5|5|7
1589,0,False,0,9,6,6|0|6|6|0|0|2|0|0|6|0|6|6|6|6
1616,5,True,9,3,5,5|5|5|5|5|5|5|9|5|5|5|9|5|9|5
1618,9,True,8,15,8,8|8|8|8|8|8|8|8|8|8|8|8|8|8|8
1631,0,True,1,13,1,7|1|1|1|1|1|0|1|0|1|1|1|1|1|1
1649,0,True,2,2,0,0|0|2|0|0|0|0|0|0|2|0|0|0|0|0
1662,3,True,8,15,8,7|8|8|7|8|8|8|8|8|8|8|8|8|8|8
1672,1,False,1,3,1,1|1|7|1|1|1|4|1|4|1|1|1|1|1|1
1686,0,True,1,11,1,1|1|1|1|1|0|0|1|1|1|1|1|0|0|1
1687,9,True,6,15,3,2|8|6|0|3|4|8|3|2|6|6|3|3|4|2
1750,3,True,5,12,5,5|3|2|5|5|5|5|5|5|2|3|5|5|3|4
1757,9,True,4,11,4,9|4|8|4|9|4|9|4|4|4|4|4|4|4|9
1781,3,True,5,13,7,9|7|7|5|7|5|5|7|7|7|7|3|7|3|7
1789,3,True,2,15,2,2|4|2|0|4|0|4|2|9|2|4|6|2|2|9
1794,6,False,6,13,4,4|0|6|4|4|4|0|4|4|4|6|4|4|4|2
1830,6,False,6,15,4,0|4|4|2|4|0|0|0|2|2|4|4|2|4|4
1845,8,False,8,11,5,5|8|5|5|8|5|5|7|8|2|8|3|5|3|2
1847,2,True,9,14,9,5|9|5|9|9|9|9|9|2|8|7|9|9|9|9
1858,4,True,1,14,1,6|1|1|1|1|1|1|3|1|1|3|1|1|4|1
1890,0,True,1,13,1,1|1|1|3|1|1|1|1|0|1|1|1|0|1|1
1923,2,False,2,11,-1,6|3|6|3|4|4|2|3|4|2|6|3|2|2|4
1980,1,True,8,15,8,8|8|8|8|8|8|2|8|6|2|8|3|8|8|8
1994,0,True,2,11,8,9|0|6|2|8|0|8|8|2|0|8|8|2|9|0
1997,6,True,3,15,3,3|3|3|3|3|3|3|3|3|3|3|3|3|3|2
2001,9,True,7,15,7,7|3|5|7|7|1|7|7|7|7|7|4|7|2|7
2003,9,True,7,15,7,7|7|7|7|7|3|7|7|7|7|7|7|7|7|7
2006,2,True,9,15,9,9|9|5|5|9|9|9|9|5|5|9|9|7|9|9
2014,5,True,9,4,5,5|9|5|5|5|5|5|4|5|5|5|5|5|9|9
2046,5,True,9,9,9,9|9|5|5|2|5|9|9|2|5|9|5|5|9|9
2101,7,False,7,6,7,7|7|7|7|9|9|9|9|7|5|7|7|7|7|9
2104,6,True,3,14,3,3|3|3|3|3|3|3|3|3|3|3|3|6|3|3
2111,7,False,7,14,9,5|9|9|9|9|9|9|9|2|2|7|9|5|9|9
2126,2,True,3,14,1,6|1|3|1|1|0|3|8|0|1|3|1|0|2|1
2142,5,False,5,13,7,7|4|7|7|7|2|7|7|7|5|7|7|7|7|5
2154,0,True,2,6,0,0|0|2|2|0|0|2|0|0|2|0|0|2|2|0
2161,2,True,3,14,3,2|3|3|3|9|3|0|3|8|1|3|6|3|1|4
2179,9,False,9,14,5,5|5|5|5|5|5|5|5|5|5|5|5|5|9|5
2182,9,True,4,11,4,9|4|4|4|9|4|4|9|4|4|4|4|4|9|4
2183,0,True,1,10,1,1|1|1|1|1|0|0|0|1|1|1|0|0|1|1
2199,4,True,6,0,4,4|4|4|4|4|4|4|4|4|4|4|4|4|4|4
2214,4,True,6,7,4,4|4|9|4|4|4|2|2|2|2|4|1|2|4|4
2215,4,True,6,0,4,4|4|4|4|4|4|4|4|4|4|4|4|4|4|4
2222,4,True,6,14,0,8|0|6|4|0|0|0|0|2|0|0|0|0|2|0
2227,5,False,5,10,1,5|1|5|1|1|5|5|5|1|1|1|1|3|1|1
2239,2,False,2,15,4,4|0|6|4|0|4|0|4|4|4|4|0|4|6|8
2245,7,True,1,8,1,7|7|1|1|1|1|7|7|1|7|7|1|1|7|1
2283,9,True,7,5,9,7|9|5|5|9|9|9|9|9|5|9|9|7|9|9
2287,3,False,3,4,3,3|3|3|3|3|2|3|3|3|3|6|3|2|6|3
2312,3,False,3,4,3,3|3|3|3|3|3|3|3|3|2|3|3|6|6|1
2325,0,True,1,15,1,1|1|1|1|1|1|1|1|1|1|1|1|1|1|1
2326,5,True,9,6,5,5|9|5|5|5|2|5|9|5|5|5|9|5|9|9
2339,4,False,4,2,4,9|4|4|4|4|4|4|9|4|4|4|4|4|4|4
2340,0,True,2,8,-1,0|0|6|2|0|0|0|0|2|2|0|2|2|2|2
2351,9,True,4,12,4,9|3|4|4|9|4|3|4|4|4|4|4|4|4|9
2353,3,False,3,10,3,3|1|6|1|3|3|2|3|3|2|6|6|2|6|2
2357,7,False,7,2,7,7|7|7|7|7|7|7|7|7|7|7|7|7|9|9
2359,2,True,3,12,3,6|3|3|2|3|2|3|3|3|3|6|3|2|3|3
2370,1,False,1,2,1,1|1|1|1|0|0|1|1|1|1|1|1|1|1|1
2378,9,True,7,12,5,5|5|5|5|7|9|5|5|5|5|5|9|7|9|4
2409,6,False,6,4,6,6|0|6|6|0|6|0|6|6|6|6|6|6|6|0
2417,6,True,2,12,3,6|1|6|3|3|0|6|3|3|4|4|8|2|4|3
2421,7,True,1,11,1,7|1|1|1|1|1|1|1|1|1|1|7|7|1|7
2432,5,False,5,7,5,5|1|5|1|1|5|5|5|1|5|1|1|5|5|1
2461,7,False,7,7,7,7|9|7|7|7|9|7|9|9|7|7|9|7|9|9
2462,4,False,4,11,0,9|0|4|2|0|0|2|0|0|4|0|4|4|9|9
2466,4,True,6,11,0,8|2|6|3|0|0|4|0|4|4|8|3|4|0|0
2489,2,True,3,9,3,3|3|3|3|3|3|2|3|2|2|6|3|2|2|2
2506,7,True,8,13,8,7|8|8|8|8|8|8|7|8|8|8|8|8|8|8
2525,5,False,5,3,5,5|5|5|5|3|5|5|7|5|5|5|5|5|1|5
2596,3,False,3,6,3,3|3|6|3|3|3|2|3|3|2|6|3|3|2|2
2599,3,True,4,15,-1,2|9|8|4|8|0|4|6|5|2|4|4|2|2|1
2632,3,True,5,15,5,5|5|5|7|7|5|5|1|5|5|1|1|5|5|5
2651,0,True,1,15,1,1|1|1|1|1|1|1|1|1|1|1|1|1|1|1
2666,5,False,5,12,7,5|4|9|2|7|5|2|7|5|2|7|3|7|7|7
2673,7,False,7,0,7,7|7|7|7|7|7|7|7|7|7|7|7|7|7|7
2674,3,True,5,15,5,5|1|5|5|5|5|5|5|5|5|5|5|5|5|1
2676,7,True,1,15,1,6|1|6|1|3|3|3|1|0|2|6|1|6|1|1
2698,6,True,0,9,0,0|0|6|6|0|0|0|6|6|0|0|0|0|6|6
2714,9,True,4,9,4,9|9|4|4|9|9|9|9|4|4|4|4|4|4|4
2718,2,True,3,13,3,3|3|3|3|3|2|2|3|3|3|3|3|3|3|3
2727,9,False,9,15,5,5|5|5|5|5|5|5|5|5|5|5|5|5|5|5
2739,3,True,5,14,5,5|5|5|5|7|1|5|1|5|1|1|1|3|1|5
2747,2,True,9,11,5,2|5|5|7|5|9|2|9|2|2|9|7|5|7|5
2748,6,False,6,15,4,4|4|4|4|4|4|4|4|4|4|4|4|4|4|4
2764,0,True,1,14,1,1|1|1|1|1|1|0|1|1|1|1|1|1|4|1
2799,1,False,1,15,3,8|3|3|3|8|2|2|3|3|3|8|3|3|0|3
2827,0,True,2,12,2,4|0|2|2|9|2|2|0|4|2|4|2|2|9|0
2832,6,True,0,3,6,6|0|6|6|6|0|6|6|6|6|0|6|6|6|6
2839,4,True,6,1,4,4|4|4|4|4|4|9|4|4|4|4|4|4|4|4
2840,3,True,8,8,8,3|8|8|8|8|3|3|3|8|8|8|3|3|8|3
2853,3,False,3,7,3,6|3|3|3|7|3|0|3|0|3|6|3|8|3|7
2920,6,False,6,14,4,6|4|4|4|4|4|4|4|4|2|4|4|4|4|4
2931,2,True,7,15,5,5|5|1|7|5|7|7|5|5|5|7|5|5|1|7
2932,5,False,5,12,1,5|1|5|1|3|1|2|1|5|1|7|7|3|1|1
2939,4,False,4,3,4,9|9|4|4|9|4|4|4|4|4|4|4|4|4|4
2946,8,False,8,1,8,8|8|8|8|8|8|3|8|8|8|8|8|8|8|8
2963,2,False,2,11,6,8|6|6|2|2|4|2|6|2|4|4|8|6|9|6
2976,1,True,8,15,8,8|8|8|8|8|8|9|8|8|8|8|8|7|8|8
2994,0,False,0,11,6,6|6|6|6|0|6|0|6|0|6|0|6|6|6|6
3082,5,True,9,3,5,5|5|5|5|5|5|9|7|5|5|5|5|5|5|9
3094,4,False,4,12,2,2|9|9|4|8|0|2|0|2|4|1|4|6|2|2
3097,0,True,2,9,0,8|0|6|2|0|0|2|0|0|2|8|0|2|8|2
3142,4,False,4,2,4,4|4|4|4|9|4|4|4|6|4|4|4|4|4|4
3152,5,False,5,6,5,5|5|5|5|5|5|7|7|5|5|7|5|7|1|7
3153,5,True,9,2,5,5|5|5|5|5|5|5|9|5|5|5|5|5|9|5
3154,6,True,0,4,6,6|6|6|6|0|6|0|6|6|6|0|6|6|6|0
3164,9,False,9,13,5,5|5|5|5|5|5|5|9|5|5|5|5|5|9|5
3166,0,True,2,6,0,0|0|2|2|0|0|0|2|0|2|0|0|2|2|0
3197,6,True,0,11,8,8|8|6|6|4|8|2|0|8|1|7|8|6|6|8
3224,9,True,4,14,0,4|0|6|0|3|4|0|9|6|2|0|2|2|0|6
3270,6,False,6,5,6,6|0|6|6|0|6|0|6|6|6|0|6|6|6|0
3293,4,True,6,3,4,4|4|9|4|4|4|4|4|4|4|4|6|6|4|4
3301,8,False,8,9,8,8|9|8|8|8|9|3|8|3|2|8|3|5|2|9
3318,1,True,4,15,4,9|9|4|4|9|6|9|4|9|9|4|4|4|4|5
3342,7,True,8,14,8,8|8|8|8|8|8|8|7|8|8|8|8|8|8|8
3350,4,True,6,3,4,4|4|6|4|4|6|4|6|4|4|4|4|4|4|4
3357,4,True,6,13,3,2|8|3|6|3|0|4|3|3|4|3|6|6|9|3
3398,6,False,6,13,4,0|4|4|4|6|4|4|0|6|0|4|4|0|4|0
3415,2,False,2,14,4,2|4|6|6|4|4|4|6|4|4|4|4|6|6|4
3417,5,False,5,9,5,7|3|8|5|5|5|2|5|5|5|1|1|3|1|9
3452,8,False,8,1,8,8|8|8|3|8|8|8|8|8|8|8|8|8|8|8
3462,0,True,1,14,3,3|3|3|3|8|0|3|3|6|1|8|6|3|8|3
3475,7,True,1,10,1,1|1|7|1|1|1|7|7|1|1|1|7|7|1|1
3481,7,False,7,2,7,7|7|7|7|7|7|7|7|7|7|7|7|7|9|3
3483,9,False,9,7,9,7|7|7|9|7|9|7|9|9|7|7|9|9|9|9
3484,2,False,2,8,2,4|0|2|2|0|0|0|4|2|2|8|0|2|2|2
3490,5,False,5,5,5,5|1|5|5|5|5|5|8|5|1|7|1|5|5|5
3492,6,False,6,14,4,4|4|4|4|4|4|4|4|6|4|4|4|4|4|4
3499,6,True,0,13,3,4|8|6|2|3|3|4|6|4|2|9|3|3|4|3
3500,7,False,7,0,7,7|7|7|7|7|7|7|7|7|7|7|7|7|7|7
3515,7,False,7,2,7,7|7|7|9|7|7|7|7|7|7|7|7|7|9|7
3522,3,True,5,15,5,5|5|7|5|5|5|5|5|5|5|1|7|5|5|5
3549,2,True,3,13,3,6|0|3|3|3|3|2|3|6|2|6|0|6|3|3
3563,7,False,7,0,7,7|7|7|7|7|7|7|7|7|7|7|7|7|7|7
3570,2,False,2,11,4,2|4|6|4|6|0|4|6|2|2|4|6|0|4|2
3578,4,True,1,10,4,6|6|4|1|1|3|4|9|4|2|3|1|4|4|1
3580,3,True,8,15,8,8|8|8|8|8|8|9|8|8|8|8|8|8|8|8
3592,6,True,0,6,6,6|0|6|6|0|0|0|0|0|6|6|6|6|6|6
3614,9,True,7,14,7,7|9|7|7|7|7|7|7|7|7|7|7|7|7|7
3641,3,True,8,15,8,8|8|8|8|8|8|8|8|8|8|8|8|8|8|8
3649,9,True,7,15,7,7|7|7|7|7|7|7|7|7|7|7|7|7|7|7
3659,4,False,4,1,4,4|4|4|4|3|4|4|4|4|4|4|4|4|4|4
3661,9,True,4,9,4,4|9|9|4|9|4|4|9|4|4|4|9|9|4|4
3690,5,True,9,7,5,9|4|8|5|9|5|5|5|5|5|9|9|5|5|9
3691,9,True,7,15,7,7|7|7|7|7|7|7|7|7|7|7|7|7|7|7
3701,1,False,1,2,1,1|1|1|1|1|0|0|1|1|1|1|1|1|1|1
3710,0,True,2,4,0,0|0|0|2|0|0|2|0|0|2|0|0|0|2|0
3716,1,False,1,2,1,1|1|1|1|1|1|0|1|1|1|1|1|0|1|1
3719,3,True,2,14,-1,9|9|4|2|3|0|2|0|9|4|4|9|2|2|4
3720,7,True,5,12,5,5|5|7|5|5|2|5|8|5|5|7|5|7|5|5
3739,6,True,3,15,3,2|3|3|3|3|3|3|3|3|3|3|3|3|2|3
3752,5,True,9,1,5,5|5|5|5|5|5|5|9|5|5|5|5|5|5|5
3791,6,True,0,6,6,6|6|6|6|6|0|0|4|1|6|4|6|4|6|6
3802,5,True,9,1,5,5|5|5|5|5|5|5|5|5|5|5|5|5|9|5
3803,7,False,7,1,7,7|7|7|7|7|7|7|7|7|7|7|7|7|9|7
3810,9,True,7,14,7,7|7|7|7|7|7|7|7|7|7|7|7|7|9|7
3818,5,True,9,2,5,5|5|5|5|5|5|5|9|5|5|5|5|5|9|5
3826,7,False,7,1,7,7|7|7|7|7|7|7|7|7|7|7|7|7|9|7
3827,9,True,7,15,7,7|7|7|7|7|4|7|7|4|7|4|7|4|7|4
3835,9,True,4,10,4,9|4|4|9|4|9|4|9|4|4|4|4|4|9|4
3844,0,True,1,14,1,1|1|1|1|1|1|4|1|1|1|3|1|1|1|0
3849,6,False,6,15,4,4|4|9|4|4|4|4|9|4|4|4|4|4|4|9
3860,2,False,2,15,-1,6|4|6|8|0|0|3|4|3|1|6|0|3|0|6
3862,0,True,1,15,1,1|1|1|1|1|1|1|1|1|1|1|1|1|1|1
3864,0,False,0,8,6,0|0|6|6|0|6|0|6|6|0|0|6|6|6|0
3875,9,True,6,14,4,4|4|4|4|4|4|4|9|4|4|4|4|4|4|4
3906,6,True,0,13,8,9|0|9|4|8|8|5|3|8|8|8|9|6|9|6
3908,9,True,7,8,9,5|7|5|7|5|5|9|9|9|5|5|9|9|9|9
3913,3,False,3,11,8,3|8|8|3|0|8|2|8|1|2|3|8|2|6|3
3927,4,False,4,7,4,9|9|9|4|4|4|9|9|4|4|4|4|4|9|9
3928,0,True,2,9,0,2|0|6|8|2|0|2|0|2|2|8|0|0|8|0
3929,1,True,3,11,3,5|1|7|9|1|3|2|8|1|1|3|3|3|0|3
3930,0,True,1,12,1,1|1|1|1|1|1|0|1|1|1|0|1|1|0|1
3940,0,True,1,12,1,1|3|1|1|1|1|2|3|0|1|7|1|0|3|0
3967,5,False,5,3,5,5|1|5|5|5|5|5|5|5|5|1|5|5|2|5
3972,4,True,6,11,6,6|8|6|6|0|0|4|6|6|4|0|6|4|0|4
3973,0,True,1,15,3,3|3|6|3|3|3|2|3|3|3|3|3|3|3|2
3978,2,False,2,13,0,0|0|4|0|8|0|0|0|0|0|0|0|2|2|9
4012,0,False,0,13,6,6|6|6|6|0|6|0|6|6|6|6|6|6|6|6
4015,6,False,6,5,6,6|4|6|6|6|6|0|6|6|1|4|6|6|6|0
4036,8,False,8,13,7,7|8|7|1|9|3|5|1|7|1|8|7|5|7|1
4040,1,False,1,0,1,1|1|1|1|1|1|1|1|1|1|1|1|1|1|1
4042,7,False,7,3,7,9|7|7|7|7|7|7|9|7|7|7|7|7|7|9
4045,8,False,8,1,8,8|8|8|8|8|8|3|8|8|8|8|8|8|8|8
4055,3,False,3,1,3,3|3|3|3|3|3|2|3|3|3|3|3|3|3|3
4067,2,False,2,13,0,0|0|2|0|0|0|0|0|0|2|0|0|0|0|0
4084,2,False,2,15,6,6|6|6|6|0|4|0|6|6|6|4|6|6|6|0
4103,0,True,1,14,1,1|1|1|1|1|1|1|1|1|1|1|1|0|1|1
4110,7,True,1,14,1,1|1|7|1|1|1|4|1|1|1|1|1|1|1|1
4123,5,False,5,4,5,1|5|5|5|5|5|5|5|5|1|7|5|5|5|1
4139,8,False,8,6,8,8|9|8|3|8|0|3|8|8|3|8|3|8|8|8
4166,9,True,4,10,-1,4|9|9|9|3|4|3|4|2|4|9|9|4|2|2
4167,9,True,7,1,9,9|9|9|9|9|9|9|9|9|5|9|9|9|9|9
4210,6,True,0,7,6,6|0|6|6|0|0|0|6|6|0|6|6|6|4|4
4227,0,True,1,12,1,1|0|1|1|1|1|0|1|1|1|1|1|0|1|1
4234,6,True,0,4,6,6|0|6|6|0|0|0|6|6|6|6|6|6|6|6
4236,9,True,4,7,9,9|9|4|4|9|9|9|9|9|4|4|4|4|4|9
4251,6,False,6,15,4,4|4|4|4|4|4|4|4|4|4|4|4|4|4|4
4279,9,True,4,11,4,4|4|4|9|9|4|4|4|4|4|4|4|4|9|9
4303,5,False,5,7,5,5|8|1|1|5|5|5|1|5|8|1|5|5|5|1
4317,2,False,2,12,4,4|4|4|1|4|0|2|3|2|2|4|4|4|4|3
4318,8,False,8,3,8,8|8|8|8|8|8|7|7|8|8|7|8|8|8|8
4319,9,True,7,14,7,7|7|7|7|7|7|7|7|7|7|7|7|7|9|7
4320,3,False,3,6,3,3|1|3|4|3|3|3|3|3|2|1|4|3|2|3
4328,4,False,4,10,9,9|9|9|9|9|9|4|9|2|2|4|4|9|4|4
4344,5,True,9,2,5,5|5|5|5|5|5|5|9|5|5|5|5|5|5|9
4345,1,False,1,4,1,1|1|1|1|1|1|4|1|1|7|1|7|7|1|1
4363,6,True,0,5,6,6|0|6|6|0|0|0|6|6|0|6|6|6|6|6
4364,8,False,8,4,8,8|3|8|3|8|8|3|8|8|8|8|3|8|8|8
4385,9,False,9,6,9,9|9|7|9|7|7|9|9|2|8|7|9|9|9|9
4468,4,True,6,10,6,6|6|6|6|6|6|0|6|6|4|4|4|4|6|4
4480,3,True,2,15,2,2|9|2|2|2|9|2|2|2|2|0|2|2|2|2
4499,0,False,0,10,6,6|0|6|6|6|6|0|6|6|0|0|6|0|6|6
4533,9,False,9,6,9,9|9|9|2|7|7|2|9|9|2|8|9|9|9|9
4554,4,False,4,4,4,4|9|4|9|9|9|4|4|4|4|4|4|4|4|4
4568,4,False,4,10,9,9|9|9|9|9|9|4|9|4|9|4|9|4|9|4
4571,7,False,7,9,7,5|3|3|5|1|1|5|7|1|7|7|7|7|7|1
4605,9,False,9,14,5,5|5|5|5|5|5|5|9|5|5|5|5|5|5|5
4607,0,True,1,13,1,1|1|7|1|1|1|0|1|1|1|1|1|1|0|1
4652,2,True,3,14,3,3|3|3|3|3|3|3|3|3|2|8|3|3|3|8
4654,0,True,1,14,1,1|1|1|1|1|1|0|1|1|1|1|1|1|1|1
4671,2,True,3,9,-1,3|3|3|3|3|2|2|6|2|2|0|6|3|2|2
4794,5,True,9,1,5,5|5|5|5|5|5|5|5|5|5|5|5|5|9|5
4827,9,False,9,14,5,5|5|5|5|5|5|5|5|5|5|5|5|5|9|5
4875,7,True,1,6,7,7|1|1|7|1|7|7|1|1|7|1|7|7|7|7
4881,0,True,1,15,1,1|1|3|1|1|1|1|1|1|2|6|1|1|1|1
4884,0,False,0,14,6,6|9|6|3|0|6|2|4|6|4|4|4|6|6|4
4889,6,True,0,4,6,0|0|6|6|6|6|0|6|6|6|6|6|6|6|0
4913,9,True,4,14,4,4|0|4|4|4|4|4|4|4|4|0|4|4|9|4
4916,3,False,3,3,3,2|3|3|3|3|2|2|3|3|3|3|3|3|3|3
4924,9,True,4,15,4,3|4|6|3|0|4|3|4|3|2|4|4|2|2|4
4927,2,False,2,10,2,2|8|8|4|6|4|0|0|2|2|6|6|2|8|2
4977,9,True,7,10,7,5|7|7|7|7|7|9|9|9|9|7|7|7|9|1
4988,0,True,2,8,0,2|0|4|4|0|0|0|9|0|2|4|0|4|2|0
5007,9,True,4,11,4,4|4|9|4|4|9|4|9|2|4|4|4|8|4|9
5018,0,True,2,11,2,4|0|6|4|6|2|2|6|0|2|4|2|0|2|0
5021,6,True,3,15,3,3|3|3|3|3|2|3|3|3|3|3|3|3|2|3
5032,5,True,9,3,5,5|9|5|5|5|5|5|5|5|5|5|5|5|9|9
5047,6,True,3,14,3,3|3|3|3|3|6|3|3|3|3|3|3|3|3|3
5064,9,False,9,15,5,5|5|5|5|7|5|5|5|5|5|5|5|5|5|5
5100,0,True,2,12,4,2|4|6|2|6|4|4|0|2|1|4|4|0|2|0
5101,1,True,7,15,7,7|7|5|7|7|2|7|7|5|5|7|7|7|5|7
5111,0,True,2,12,4,4|9|6|2|0|6|0|2|9|4|4|4|4|4|0
5119,6,True,0,11,-1,9|9|3|4|6|4|3|9|3|4|6|2|6|9|6
5136,0,True,2,8,0,0|0|4|2|0|0|0|8|0|2|4|0|2|2|2
5151,2,False,2,12,0,0|0|4|4|2|0|0|0|0|2|4|0|0|2|0
5168,5,True,9,4,5,5|9|5|5|5|5|5|9|5|5|9|5|5|9|5
5182,0,True,2,7,0,0|8|2|1|8|0|2|0|0|2|0|0|0|2|0
5190,7,True,1,14,1,7|1|1|1|1|1|1|1|1|1|1|1|1|1|1
5193,3,False,3,4,3,6|3|6|3|3|0|3|3|3|3|3|3|3|4|3
5207,3,True,8,13,8,8|8|8|8|8|8|3|8|8|3|8|8|8|8|8
5237,5,True,9,1,5,5|5|5|5|5|5|5|9|5|5|5|5|5|5|5
5241,9,False,9,14,5,5|5|5|5|5|5|5|9|5|5|5|5|5|5|5
5247,0,False,0,14,6,6|0|6|6|6|6|6|6|4|1|6|6|6|6|6
5250,9,True,4,6,9,9|9|9|9|9|4|9|9|4|4|9|4|4|9|4
5258,8,False,8,13,0,8|0|6|4|0|4|0|8|1|2|4|0|0|2|4
5263,0,True,2,10,4,0|0|4|2|0|3|0|0|4|4|4|2|4|2|4
5280,3,False,3,1,3,3|3|3|3|3|3|3|3|3|2|3|3|3|3|3
5316,9,True,4,14,6,2|9|6|4|3|6|3|6|5|1|1|6|0|2|3
5321,9,True,4,10,0,9|0|9|4|9|0|4|9|0|0|4|0|4|9|0
5352,2,False,2,12,0,4|8|6|0|6|0|0|0|4|2|0|0|0|2|2
5366,9,True,8,13,4,4|3|9|6|4|4|4|8|6|4|4|8|4|9|8
5374,6,True,0,12,3,2|9|9|6|3|4|4|9|3|6|3|3|8|6|4
5399,9,True,4,14,4,6|4|6|4|4|4|2|4|4|4|4|4|0|4|9
5401,6,True,0,4,6,6|6|6|6|0|6|0|6|6|6|4|6|6|6|0
5433,6,True,0,5,6,6|0|6|6|0|6|0|6|0|0|6|6|6|6|6
5440,5,False,5,8,5,5|1|7|5|1|1|5|1|5|5|5|3|5|1|1
5444,6,True,0,6,6,6|6|6|6|0|0|0|6|6|6|0|6|0|6|0
5447,1,True,3,12,-1,6|1|6|4|8|6|0|3|3|1|4|1|0|4|2
5465,6,True,0,3,6,6|0|6|6|6|6|0|6|6|1|6|6|6|6|6
5473,0,False,0,10,6,6|0|6|6|0|0|6|6|6|0|0|6|6|6|6
5492,0,True,2,4,0,0|0|6|2|0|0|0|0|0|2|0|0|2|0|0
5538,3,False,3,3,3,2|3|3|3|3|3|3|3|6|3|3|6|3|3|3
5541,5,False,5,5,5,5|1|1|5|1|5|5|1|5|7|5|5|5|5|5
5551,2,True,3,13,3,3|6|7|5|2|8|3|3|0|1|3|3|8|8|2
5562,2,True,7,15,7,7|7|7|7|7|7|7|7|7|7|7|7|5|7|5
5567,7,False,7,6,7,7|3|7|7|7|5|5|3|5|7|7|7|7|7|3
5572,4,True,6,15,5,2|3|8|6|7|8|5|3|1|5|5|3|0|5|1
5586,3,False,3,3,3,3|3|3|3|3|2|3|6|3|3|3|3|3|2|3
5606,2,True,3,15,3,3|3|3|3|3|3|3|3|3|6|3|6|3|3|3
5617,0,False,0,12,6,6|6|6|6|6|6|6|8|6|0|0|6|6|6|0
5672,2,False,2,15,4,4|4|4|4|4|4|4|4|4|4|4|0|0|4|0
5690,3,True,5,12,5,5|1|7|5|5|1|5|3|5|5|5|3|5|5|3
5701,1,False,1,1,1,1|1|1|1|1|1|1|1|1|1|4|1|1|1|1
5712,4,True,6,13,-1,6|0|8|6|0|6|6|0|4|0|0|6|6|4|0
5714,4,True,6,11,0,0|0|4|2|2|0|0|0|4|2|0|0|2|4|4
5718,2,True,7,15,7,7|7|7|7|7|7|7|7|7|7|7|7|7|7|7
5720,9,False,9,13,5,5|5|5|5|5|5|5|5|5|5|5|5|5|9|9
5725,4,False,4,5,4,9|4|4|4|9|9|1|9|4|4|4|4|4|4|4
5731,5,True,9,4,5,5|5|5|5|8|5|5|9|5|5|5|5|5|9|9
5733,6,True,0,6,6,0|0|6|6|0|6|0|6|6|6|0|6|0|6|6
5750,8,False,8,0,8,8|8|8|8|8|8|8|8|8|8|8|8|8|8|8
5752,5,False,5,7,5,5|5|5|7|1|5|7|1|5|5|5|7|7|3|5
5791,6,False,6,4,6,6|0|6|6|4|6|0|6|6|6|4|6|6|6|6
5824,9,False,9,15,5,5|5|5|5|5|5|5|5|5|5|5|5|5|5|5
5836,8,True,6,15,4,4|0|9|4|4|6|4|4|4|4|4|4|4|4|4
5853,4,True,6,12,2,2|0|6|2|6|0|0|8|2|2|4|6|4|2|4
5854,4,False,4,13,7,2|0|4|1|7|6|3|1|6|7|0|4|2|8|7
5871,0,True,2,8,2,2|0|2|2|0|0|2|0|2|2|0|2|0|2|0
5883,4,False,4,3,4,4|4|4|4|4|9|9|9|4|4|4|4|4|4|4
5888,3,False,3,4,3,2|3|3|3|3|3|3|3|3|3|6|3|1|3|2
5895,3,True,2,15,2,2|0|6|2|2|2|2|2|4|2|4|4|2|2|2
5908,4,True,6,14,6,6|0|6|6|0|4|3|6|0|0|0|2|6|6|6
5931,6,False,6,12,4,6|4|6|4|4|6|4|4|4|4|4|4|4|4|4
5932,3,True,8,15,-1,0|8|8|0|8|0|4|0|1|2|1|8|0|2|8
5935,9,True,4,15,3,8|3|3|3|3|0|3|6|3|3|1|8|6|3|8
5955,0,True,2,3,0,9|0|4|0|0|0|0|0|0|0|0|0|4|0|0
5997,6,False,6,14,3,7|3|3|3|3|6|8|8|4|3|3|8|3|8|8
6060,9,True,4,7,9,9|9|9|9|9|9|4|9|4|4|4|9|4|4|4
6065,8,False,8,2,8,7|8|8|8|8|8|8|8|8|8|7|8|8|8|8
6070,6,True,3,14,3,3|3|3|3|3|2|3|6|3|3|3|3|3|2|2
6089,9,True,4,12,4,4|4|2|9|4|4|9|8|8|4|4|4|4|4|9
6097,4,True,7,12,7,7|9|7|2|7|2|4|7|7|5|7|7|4|7|4
6112,8,False,8,1,8,8|8|8|8|8|8|9|8|8|8|8|8|8|8|8
6150,6,False,6,13,4,8|4|6|4|4|4|9|6|4|4|4|4|4|4|4
6165,0,False,0,11,6,6|0|6|6|6|0|0|6|6|6|0|6|6|6|6
6172,6,False,6,14,4,4|4|2|4|4|6|4|4|4|4|0|4|4|4|4
6192,2,False,2,13,0,0|5|7|0|7|7|0|9|6|2|0|2|3|8|1
6210,1,False,1,0,1,1|1|1|1|1|1|1|1|1|1|1|1|1|1|1
6212,5,False,5,8,5,5|5|5|5|5|2|5|7|7|2|5|7|7|7|7
6253,0,False,0,13,6,6|3|3|6|3|0|0|3|9|6|6|9|6|6|1
6257,7,True,1,12,1,7|1|1|1|1|1|1|1|1|1|7|1|7|1|1
6261,4,False,4,8,4,4|0|6|4|4|0|0|4|4|2|4|0|4|2|6
6274,1,True,7,15,7,7|7|9|7|7|7|9|9|7|7|7|7|7|9|7
6298,6,True,0,4,6,6|0|6|6|6|6|0|6|0|6|0|6|6|6|6
6305,6,True,3,14,3,3|3|3|3|3|3|3|3|3|3|3|3|3|6|3
6308,6,True,3,14,3,3|3|3|3|3|2|3|3|2|2|6|3|2|2|2
6324,5,False,5,10,1,1|1|5|1|1|5|5|1|1|3|1|3|5|5|1
6338,9,True,7,15,7,7|7|7|7|7|7|7|7|7|7|7|7|7|7|7
6356,9,True,7,12,7,7|9|7|7|7|7|9|9|7|7|7|7|7|7|7
6363,2,True,3,14,3,3|3|3|3|3|2|3|3|3|3|3|3|3|3|3
6374,9,True,7,13,7,7|7|7|7|7|7|7|7|7|7|7|9|7|9|7
6439,9,True,6,15,-1,6|6|8|6|1|6|4|3|1|1|4|1|6|7|1
6442,2,True,5,14,5,5|5|5|5|7|3|3|7|5|7|5|5|7|2|5
6448,7,True,1,5,7,7|7|7|7|1|7|7|7|1|1|7|7|7|1|1
6475,0,True,2,5,0,2|0|6|0|0|0|0|0|0|2|0|0|2|4|0
6480,4,True,6,10,0,0|0|6|0|0|0|0|0|4|4|4|0|4|4|0
6482,0,False,0,15,8,3|9|8|8|3|8|3|3|8|1|8|8|3|8|3
6487,5,False,5,15,7,7|7|7|7|1|3|7|2|7|7|7|7|7|7|7
6614,1,False,1,10,7,7|1|7|7|1|1|7|7|1|1|7|7|7|7|7
6631,8,False,8,13,4,8|8|4|4|4|4|9|6|4|4|9|4|6|4|9
6657,6,False,6,12,-1,8|5|2|6|0|2|4|5|6|1|3|2|8|6|0
6664,4,True,6,10,0,0|0|4|2|2|0|0|0|4|4|0|2|2|4|4
6688,0,True,2,10,-1,4|0|8|2|0|4|2|0|0|2|8|6|0|2|2
6694,9,True,7,13,5,5|5|5|7|5|7|5|7|5|5|7|7|7|9|9
6702,4,True,6,3,4,4|4|4|4|6|4|4|9|4|4|4|4|4|4|6
6715,5,True,9,1,5,5|5|5|5|5|5|5|9|5|5|5|5|5|5|5
6734,7,True,1,14,1,1|1|1|1|1|1|1|1|1|1|1|1|7|1|1
6745,5,True,9,1,5,5|5|5|5|5|5|5|9|5|5|5|5|5|5|5
6749,5,True,9,0,5,5|5|5|5|5|5|5|5|5|5|5|5|5|5|5
6755,3,False,3,6,3,3|3|3|2|3|2|2|3|2|2|3|3|3|2|3
6798,5,True,9,6,5,5|5|5|5|5|5|9|9|5|8|9|5|9|9|5
6828,6,True,1,15,1,1|1|1|1|1|1|0|1|1|1|1|1|1|1|1
6839,9,True,4,10,4,9|9|6|4|4|4|4|9|4|4|9|9|4|4|4
6840,5,True,9,0,5,5|5|5|5|5|5|5|5|5|5|5|5|5|5|5
6860,6,False,6,6,6,6|6|6|6|6|6|4|6|6|4|4|6|4|4|4
6888,2,False,2,10,2,4|0|6|4|8|0|2|8|2|4|4|8|2|2|2
6892,0,False,0,10,6,6|0|6|6|0|6|0|6|6|6|0|6|0|6|6
6916,9,True,7,13,7,7|7|7|7|7|7|7|7|7|7|7|7|7|9|9
6948,5,True,9,1,5,5|5|5|5|5|5|5|9|5|5|5|5|5|5|5
6958,7,True,1,9,1,1|1|1|7|1|1|7|1|1|1|7|7|7|7|1
6961,2,False,2,10,-1,8|0|8|0|8|0|2|0|3|2|6|0|2|2|2
6964,7,True,8,14,8,7|8|8|8|8|8|9|8|5|1|1|1|8|8|8
6969,6,True,0,4,6,6|0|6|6|6|6|0|6|6|6|4|6|6|6|4
6978,2,True,3,13,3,3|3|3|3|3|3|3|3|2|3|3|3|3|2|3
6996,2,True,9,15,5,5|3|5|5|7|5|5|8|5|5|5|5|5|3|9
7011,4,False,4,1,4,4|4|4|4|4|4|2|4|4|4|4|4|4|4|4
7018,7,True,1,15,1,1|1|1|1|1|0|0|1|1|1|1|1|0|1|0
7067,0,True,1,12,1,1|1|1|1|1|1|0|1|1|1|1|1|0|0|1
7086,0,False,0,14,6,6|4|6|4|6|6|6|6|6|6|6|0|6|2|4
7113,9,False,9,13,5,5|5|5|5|5|5|5|9|5|5|5|5|5|9|5
7129,6,True,0,4,6,6|0|6|6|0|6|0|6|6|6|6|6|0|6|6
7152,7,True,1,15,1,1|1|1|1|1|0|1|1|1|1|1|1|1|1|1
7161,5,False,5,11,-1,5|8|7|3|7|8|5|8|5|5|7|8|1|1|9
7165,6,False,6,14,3,3|3|3|3|6|0|3|3|8|3|3|1|2|8|2
7166,4,False,4,5,4,9|9|4|4|9|4|4|9|9|4|4|4|4|4|4
7208,9,True,6,9,9,8|8|9|9|4|5|9|8|4|1|9|8|8|9|9
7233,6,False,6,12,4,4|4|6|4|6|0|0|0|4|0|4|2|6|4|4
7241,6,True,3,14,3,6|3|3|3|3|3|2|3|2|2|3|3|2|2|3
7246,6,True,2,13,1,1|1|6|1|1|4|3|3|1|1|4|2|6|4|4
7255,4,True,6,11,6,6|6|6|6|6|4|0|6|6|6|4|6|4|6|4
7281,5,False,5,5,5,5|1|5|1|1|5|5|1|5|5|5|3|5|5|5
7289,6,True,0,4,6,6|0|6|6|6|6|0|6|6|2|6|6|6|6|0
7291,9,True,4,9,4,9|9|9|9|4|9|4|9|4|4|4|4|4|4|4
7338,8,False,8,7,8,8|8|8|8|8|0|0|8|0|8|8|0|2|0|1
7350,3,False,3,9,3,3|3|7|1|1|8|3|1|4|3|3|3|6|8|8
7354,7,True,8,13,8,7|8|8|1|8|3|8|8|7|8|4|1|8|8|8
7364,6,True,2,13,2,2|4|2|4|2|6|2|8|2|2|4|6|0|2|8
7408,7,False,7,2,7,7|7|7|7|7|7|7|9|7|7|7|7|7|7|9
7422,4,True,6,13,6,6|3|6|6|0|6|3|3|0|4|3|6|6|6|4
7432,6,False,6,12,4,4|4|6|4|4|6|4|4|4|4|4|4|6|4|4
7439,2,False,2,9,0,0|0|8|2|0|0|2|0|2|2|0|0|0|2|2
7472,4,True,6,13,6,6|8|6|8|0|6|6|6|4|8|8|6|6|0|4
7495,9,True,4,9,4,9|9|9|4|3|9|4|9|9|4|4|4|4|4|4
7500,9,False,9,13,5,5|5|5|5|5|5|5|9|5|5|5|5|5|9|5
7537,2,False,2,12,0,0|0|2|0|0|0|0|0|0|2|0|0|2|0|4
7543,2,False,2,13,4,2|6|6|4|4|4|9|4|6|4|4|4|6|9|2
7575,4,False,4,5,4,9|9|9|9|4|4|4|9|4|4|4|4|4|4|4
7596,9,True,7,13,7,9|7|7|7|9|7|7|7|7|7|7|7|7|7|7
7610,2,True,3,14,3,6|3|3|3|3|3|3|3|3|1|3|3|2|3|3
7627,9,True,4,15,4,4|4|4|4|4|4|4|4|4|4|4|4|4|4|4
7628,4,False,4,4,4,9|4|6|4|9|1|4|4|4|4|4|4|4|4|4
7647,3,True,2,14,0,0|0|4|2|0|0|0|0|0|2|0|2|2|3|0
7650,3,True,7,15,7,7|7|7|7|7|2|7|7|7|7|7|7|7|7|7
7690,1,False,1,1,1,1|1|1|1|1|1|1|1|1|1|1|1|7|1|1
7708,2,False,2,7,2,4|4|2|4|9|6|4|2|2|2|4|2|2|2|2
7712,4,True,1,14,1,7|1|7|1|1|1|1|1|1|1|4|1|1|1|1
7716,1,True,5,11,5,5|7|5|1|1|5|5|1|2|5|7|5|5|1|5
7728,3,False,3,9,3,3|4|8|3|6|3|2|0|6|3|6|6|2|3|3
7782,3,False,3,4,3,6|3|3|3|3|3|3|6|3|2|3|3|2|3|3
7796,8,True,7,14,7,7|7|7|7|7|7|7|7|7|7|7|7|7|8|4
7829,2,True,5,15,5,7|5|5|5|7|1|5|1|5|1|5|1|7|5|1
7837,6,True,2,14,2,6|0|2|2|0|4|2|9|4|2|8|4|9|2|2
7848,0,False,0,8,6,6|0|6|6|0|0|0|6|6|0|6|6|6|0|0
7849,9,True,4,11,4,8|9|6|9|9|4|4|9|4|4|4|4|4|4|4
7861,7,False,7,3,7,7|7|7|7|7|7|7|7|2|7|6|7|7|2|7
7864,0,True,2,15,4,6|4|6|4|3|6|3|9|4|4|4|3|6|4|3
7875,3,True,4,12,4,2|3|6|4|4|6|4|6|3|2|4|4|3|4|2
7878,9,True,4,9,4,9|4|4|4|9|4|4|9|4|4|4|4|9|9|9
7892,7,False,7,1,7,7|7|7|7|8|7|7|7|7|7|7|7|7|7|7
7893,7,True,1,14,1,1|1|1|1|1|1|1|7|1|1|1|1|1|1|1
7918,5,True,9,1,5,5|5|5|5|5|5|5|5|5|5|5|5|5|5|9
7923,1,True,4,14,9,9|3|9|9|6|9|8|9|9|8|9|9|9|4|1
7948,5,True,9,1,5,5|9|5|5|5|5|5|5|5|5|5|5|5|5|5
7958,0,False,0,10,6,6|0|6|6|0|6|0|6|6|6|0|6|6|6|0
7987,7,False,7,7,7,9|9|7|7|7|5|7|7|2|2|7|9|9|7|7
7991,7,True,5,15,5,5|5|5|5|5|5|5|5|5|5|5|5|5|5|5
7996,3,True,5,14,5,5|1|5|1|7|5|5|1|3|5|5|1|5|5|1
8023,2,False,2,12,0,0|0|4|2|0|0|0|4|0|2|0|0|0|2|0
8024,6,False,6,10,4,6|1|6|6|4|6|0|6|4|1|4|4|4|4|0
8032,4,False,4,7,4,9|4|4|4|9|4|4|9|9|4|4|9|9|4|9
8072,2,False,2,6,2,0|2|0|2|0|0|2|2|2|2|0|0|2|2|2
8077,4,True,6,3,4,2|4|6|4|4|4|4|4|6|4|4|4|4|4|4
8086,4,True,6,10,4,6|0|6|4|8|6|2|8|4|4|4|4|2|2|0
8097,7,True,3,15,6,6|3|6|6|0|4|0|6|6|6|0|3|6|6|6
8128,5,True,9,1,5,5|5|5|5|5|5|5|9|5|5|5|5|5|5|5
8167,3,True,4,15,9,9|9|9|9|9|9|9|9|4|4|9|9|4|4|9
8168,0,True,2,13,4,9|4|6|4|9|0|0|1|8|2|8|4|4|4|4
8186,2,True,3,13,3,3|3|6|3|3|2|3|3|3|3|3|3|2|3|3
8223,3,True,8,15,8,8|8|8|8|8|8|8|8|8|8|8|8|8|8|8
8242,0,True,2,12,8,5|8|8|2|8|8|2|8|2|2|8|0|0|0|8
8285,4,False,4,4,4,9|9|4|4|4|4|4|9|2|4|4|4|4|4|4
8309,5,True,9,2,5,5|5|5|5|5|5|5|9|5|5|5|5|5|9|5
8320,9,True,4,13,4,9|4|4|4|4|4|0|9|4|4|4|4|4|4|4
8333,0,False,0,13,6,6|3|6|2|3|6|4|0|6|6|4|4|0|2|4
8354,1,True,8,15,8,8|8|8|8|8|8|8|8|8|8|8|3|8|8|8
8368,9,True,4,12,4,9|4|4|4|9|4|4|9|4|4|4|4|4|4|4
8383,1,False,1,7,1,7|1|1|1|1|1|1|0|0|2|1|0|0|1|0
8396,7,True,8,14,8,8|8|8|8|8|8|8|6|8|8|8|8|7|8|8
8399,3,True,8,13,8,8|8|8|8|8|7|3|3|8|8|8|8|8|8|8
8410,4,True,6,14,-1,6|3|6|4|2|5|6|3|6|7|3|7|3|2|1
8427,6,True,0,12,-1,6|8|3|1|6|3|3|0|1|2|1|0|0|6|9
8441,8,True,6,15,6,6|0|6|6|0|6|0|6|6|6|6|6|6|6|0
8447,4,True,7,15,7,7|7|7|7|7|3|7|7|7|2|7|7|5|9|7
8448,4,False,4,4,4,4|4|6|4|4|6|4|4|6|4|4|4|4|4|6
8450,3,False,3,0,3,3|3|3|3|3|3|3|3|3|3|3|3|3|3|3
8459,7,True,1,15,1,1|1|1|1|1|0|1|1|1|1|1|1|0|1|1
8475,6,False,6,15,4,2|4|8|2|4|2|3|4|2|2|4|4|2|4|4
8481,9,True,4,6,9,9|9|9|9|9|4|4|9|4|4|9|9|4|9|4
8486,5,False,5,5,5,5|7|7|5|5|5|5|7|5|5|1|5|5|7|5
8499,9,False,9,13,5,5|5|5|5|5|5|5|9|5|5|5|5|5|9|5
8505,9,True,7,15,7,7|7|7|7|7|7|7|7|7|7|7|7|7|7|7
8526,4,False,4,4,4,2|4|6|4|4|6|3|4|4|4|4|4|4|4|4
8533,9,False,9,14,5,5|5|5|5|5|5|5|9|5|5|5|5|5|5|5
8588,3,True,2,14,2,2|0|8|2|2|0|8|8|2|0|4|3|4|2|0
8591,4,True,6,12,3,3|4|3|4|7|0|2|4|3|2|1|3|2|8|9
8602,9,True,4,14,4,4|4|9|4|4|4|4|2|4|4|4|4|4|4|4
8614,4,True,6,12,0,6|0|2|4|0|0|0|0|0|4|0|4|0|0|0
8615,4,True,5,15,7,9|7|7|1|7|7|2|7|7|7|7|1|9|1|5
8643,7,True,8,15,8,9|8|8|8|8|2|5|8|8|8|1|9|8|8|8
8667,3,False,3,14,1,1|1|6|1|3|1|1|1|4|1|1|1|6|0|1
8670,7,True,8,14,8,8|8|8|8|8|8|8|8|8|8|8|7|8|8|8
8686,1,False,1,11,0,6|0|3|3|1|0|1|0|1|2|6|1|3|0|0
8701,6,True,0,5,6,6|0|6|6|6|0|0|8|6|6|6|6|6|1|6
8708,3,True,4,15,4,4|4|4|4|4|9|9|4|4|4|4|4|4|9|9
8741,7,False,7,0,7,7|7|7|7|7|7|7|7|7|7|7|7|7|7|7
8748,5,True,9,8,-1,5|9|5|9|9|5|9|9|5|2|9|5|5|9|5
8753,7,False,7,5,7,5|7|7|7|7|9|9|7|7|7|7|9|7|7|9
8765,3,True,5,12,5,5|1|5|5|3|2|1|5|5|7|5|5|7|3|3
8778,7,True,5,11,5,5|5|7|5|5|5|7|7|5|5|7|5|5|2|5
8779,4,True,6,5,4,4|4|4|4|0|0|4|0|4|4|0|4|2|4|4
8783,2,True,9,12,5,5|9|5|5|7|5|5|9|2|2|5|5|5|2|9
8828,2,False,2,14,4,4|2|6|4|3|6|4|0|4|4|4|3|3|3|3
8834,2,True,5,14,5,5|7|5|5|8|5|5|7|5|2|5|5|7|5|5
8835,2,True,7,15,7,7|7|7|7|7|7|7|7|7|7|7|7|7|7|7
8844,6,False,6,13,4,4|4|6|4|4|6|4|4|4|4|4|4|4|4|4
8860,6,False,6,5,6,6|4|6|6|0|0|6|6|0|0|6|6|6|6|6
8864,6,True,3,14,3,3|3|3|3|3|3|2|3|3|3|3|6|3|3|3
8874,9,True,7,14,7,7|7|7|7|9|7|7|7|7|7|7|7|7|7|4
8902,2,False,2,10,2,6|8|2|2|0|0|2|0|1|4|7|4|0|2|2
8949,9,True,7,14,7,9|7|7|7|7|7|7|7|7|5|7|7|7|7|7
8957,5,False,5,7,5,7|5|7|5|7|2|5|7|5|5|7|5|5|7|5
8978,4,True,6,12,0,0|0|4|4|0|0|0|2|0|2|0|2|0|4|2
8982,0,False,0,8,6,6|0|6|6|0|0|0|6|6|0|0|6|6|6|0
8990,6,True,0,9,-1,2|4|2|6|4|6|9|6|6|6|4|6|4|4|4
8995,3,False,3,4,3,3|3|3|3|3|3|2|3|3|1|3|3|2|3|2
9000,3,False,3,6,3,2|3|3|3|3|2|2|3|2|2|6|3|3|3|3
9017,9,True,7,13,7,5|7|3|7|7|9|7|7|7|7|7|7|9|7|5
9027,6,True,0,8,6,6|3|6|6|0|3|6|0|0|0|6|4|0|6|6
9033,9,True,4,7,9,9|9|9|9|9|4|9|9|6|4|4|4|4|6|9
9085,3,True,8,15,8,8|8|8|8|8|8|8|8|8|8|8|8|8|8|8
9088,2,False,2,8,2,2|0|2|2|9|0|2|0|4|2|0|0|2|0|2
9090,7,True,1,15,1,1|1|1|1|1|1|1|1|1|1|1|1|1|1|1
9103,9,False,9,14,5,5|5|5|5|5|5|5|5|5|5|5|5|5|9|5
9108,4,True,6,14,8,8|8|8|8|8|8|2|8|0|2|8|8|2|4|6
9127,6,True,0,5,6,6|0|6|6|0|6|0|6|0|6|0|6|6|6|6
9154,7,False,7,7,7,5|3|7|2|7|1|5|7|5|7|7|7|7|2|7
9163,2,True,3,13,3,7|3|3|1|7|3|2|3|3|3|3|1|3|2|3
9165,3,False,3,13,-1,6|8|6|1|3|6|0|0|0|2|4|1|2|4|3
9213,6,True,1,15,1,1|1|1|1|1|1|7|1|1|1|1|1|7|1|1
9233,0,False,0,15,6,6|6|6|6|6|6|3|6|4|4|4|8|6|6|9
9253,5,False,5,5,5,5|5|7|5|7|5|5|5|5|5|1|7|5|1|5
9285,9,True,6,15,4,6|4|6|4|4|6|4|4|6|4|4|4|4|4|4
9296,2,True,3,6,2,3|3|2|2|3|2|2|3|2|2|3|3|2|2|2
9298,9,False,9,12,5,5|9|5|5|5|5|5|9|5|5|5|5|5|9|5
9310,9,True,4,11,4,9|4|9|4|9|4|4|9|4|4|4|4|4|4|4
9313,8,False,8,14,4,9|4|6|9|5|4|9|6|6|4|9|4|8|4|2
9322,0,True,1,13,1,1|1|7|1|1|0|1|1|1|1|1|1|0|1|1
9353,9,True,4,13,4,4|4|4|4|4|4|4|9|4|4|4|4|4|4|9
9406,2,True,3,7,2,8|4|6|2|2|2|2|3|2|4|4|2|2|2|3
9441,9,True,4,14,6,6|0|6|2|6|3|4|9|4|4|4|6|6|2|2
9470,9,True,7,7,9,7|9|9|9|9|9|7|9|7|7|7|9|7|9|7
9483,3,True,8,13,8,8|8|8|8|3|8|3|8|8|8|8|8|8|8|8
9492,0,True,1,14,1,1|1|1|1|1|1|1|1|1|1|1|1|0|1|1
9507,2,True,3,11,3,6|3|3|2|1|3|2|3|2|1|6|1|2|3|3
9520,9,False,9,9,5,5|5|5|5|9|9|5|9|5|5|9|5|5|9|9
9524,7,True,1,13,1,1|1|1|1|1|1|1|1|1|1|1|1|7|1|7
9528,7,False,7,10,9,7|9|7|9|9|9|9|9|9|7|7|9|7|9|9
9530,0,False,0,12,-1,0|6|3|1|0|3|3|3|3|1|6|6|0|6|6
9539,4,True,6,6,4,4|4|6|6|8|4|4|4|4|4|4|6|6|4|1
9541,0,False,0,10,6,6|0|6|6|0|6|0|6|6|6|0|6|6|6|0
9546,2,True,3,14,3,6|3|3|1|1|3|3|1|1|2|3|3|3|3|3
9566,2,False,2,7,2,0|2|2|2|4|2|4|3|3|4|0|2|2|2|2
9575,5,True,9,1,5,5|5|5|5|5|5|5|5|5|5|5|5|5|9|5
9577,5,False,5,8,5,7|3|5|5|7|5|1|3|5|5|5|1|3|5|1
9584,1,False,1,8,1,1|3|1|1|3|0|0|0|1|3|3|1|0|1|1
9589,9,True,7,8,5,5|9|5|5|9|5|9|5|5|5|9|9|5|9|9
9604,9,True,7,10,7,7|7|7|7|9|9|9|9|7|7|7|7|7|9|7
9607,9,True,4,12,4,4|9|4|4|4|4|4|9|4|4|4|2|9|4|4
9636,7,False,7,8,9,9|9|7|7|7|9|9|9|7|7|7|9|7|9|9
9637,7,True,3,15,3,3|3|3|3|3|3|3|3|3|1|6|3|3|3|3
9649,6,False,6,15,0,0|8|8|0|0|0|2|0|2|4|0|0|2|0|4
9661,2,False,2,12,0,0|0|2|0|0|0|0|0|0|2|0|0|0|0|2
9693,2,True,3,11,3,3|3|3|2|3|2|2|3|3|3|3|3|3|2|3
9723,4,False,4,10,9,9|9|9|9|9|9|9|9|4|4|9|4|4|9|4
9762,1,True,8,12,8,8|1|8|1|8|8|8|8|8|8|8|1|8|9|8
9804,8,False,8,1,8,8|8|8|8|8|8|5|8|8|8|8|8|8|8|8
9813,5,True,9,1,5,5|5|5|5|5|5|5|5|5|5|5|5|5|9|5
9821,8,False,8,7,8,8|8|8|1|9|7|5|1|1|8|8|8|8|8|1
9848,4,False,4,13,9,9|9|9|9|9|9|4|9|9|4|9|9|9|9|9
9857,1,True,3,15,6,6|0|6|6|0|6|0|6|6|6|6|6|6|6|6
9861,6,True,0,11,-1,0|3|6|3|6|0|3|6|0|0|4|3|6|2|4
9866,7,True,5,5,7,7|5|7|7|7|5|5|7|5|7|7|7|7|7|5
9901,1,False,1,0,1,1|1|1|1|1|1|1|1|1|1|1|1|1|1|1
9905,6,False,6,2,6,6|4|6|6|6|6|0|6|6|6|6|6|6|6|6
9918,2,True,3,9,3,3|3|3|2|3|2|2|3|2|2|3|0|3|2|3
9932,2,False,2,8,2,0|0|6|2|6|0|0|8|2|2|2|2|2|2|0
9937,7,True,3,15,3,3|3|6|3|3|4|0|3|3|2|3|3|6|6|6
9950,6,False,6,15,4,4|4|4|4|4|4|4|4|4|4|4|4|4|4|4
9951,2,True,3,13,3,3|3|3|3|3|2|3|3|3|3|3|3|3|2|3
9960,4,True,6,5,4,6|4|6|6|5|6|4|4|4|4|4|4|4|4|4
9969,6,True,0,8,6,6|0|4|6|0|0|0|6|1|6|0|6|6|6|4
10000,8,False,8,13,7,7|1|7|5|7|8|5|5|7|1|8|3|7|6|5
10002,6,False,6,13,0,2|7|3|3|2|8|0|6|0|2|0|0|6|8|9
10015,9,True,4,13,4,9|9|4|4|4|4|4|4|4|4|4|4|4|4|4
10016,4,True,1,15,1,7|1|7|1|1|1|1|7|1|1|1|7|7|1|1
10053,3,True,5,15,5,5|5|5|7|7|5|5|1|5|5|5|7|7|5|5
10064,1,False,1,6,1,1|1|1|1|1|0|0|1|0|1|7|1|0|1|0
10073,5,False,5,2,5,5|5|5|5|7|5|5|1|5|5|5|5|5|5|5
10093,2,True,5,15,5,1|5|5|5|7|5|5|1|5|7|7|5|5|1|5
10105,1,False,1,8,1,1|3|7|3|7|1|1|3|2|7|1|1|3|1|1
10116,9,False,9,14,5,5|5|5|5|5|9|5|5|5|5|5|5|5|5|5
10121,5,True,9,4,5,9|5|5|5|5|5|5|9|5|5|5|5|5|9|9
10132,1,False,1,10,7,1|1|7|1|1|7|7|7|4|7|7|7|7|7|1
10145,1,False,1,3,1,7|1|1|1|1|0|1|1|1|1|1|1|7|1|1
10150,6,False,6,14,4,2|4|4|4|4|6|4|4|4|2|4|4|4|4|4
10159,6,True,0,4,6,6|6|6|6|0|6|0|6|6|0|6|0|6|6|6
10165,5,False,5,3,5,5|5|5|5|1|5|5|5|5|5|7|5|7|5|5
10216,0,True,2,7,0,0|0|6|2|0|0|2|8|2|0|0|0|2|4|0
10230,6,True,0,6,6,6|0|6|6|0|0|0|6|6|6|0|6|6|6|0
10282,0,True,2,2,0,0|0|2|0|0|0|0|0|0|2|0|0|0|0|0
10306,4,True,6,11,-1,8|1|6|6|1|0|4|4|1|2|1|6|4|4|0
10316,5,True,9,1,5,5|5|5|5|5|5|5|5|5|5|5|5|5|9|5
10320,2,False,2,15,4,4|4|4|4|4|4|4|9|4|4|4|4|4|4|4
10340,0,True,2,13,8,6|8|8|8|8|0|8|8|8|1|8|8|8|8|0
10364,9,True,7,12,7,7|9|7|7|9|9|7|7|7|7|7|7|5|7|7
10367,2,True,3,12,3,3|3|3|3|3|3|3|3|3|2|7|1|2|2|3
10368,6,True,0,11,4,2|4|6|8|3|4|4|1|6|0|4|6|0|4|6
10397,9,True,4,7,9,9|9|9|9|9|4|4|9|4|4|9|4|4|9|4
10410,4,True,1,15,1,1|1|1|1|1|1|1|1|1|1|1|1|1|1|1
10419,6,True,0,5,6,6|4|6|6|0|6|4|1|6|6|6|6|2|6|6
10455,7,False,7,7,7,7|9|7|9|7|9|9|7|7|7|9|7|7|9|9
10491,7,True,8,13,5,5|3|5|1|7|5|5|3|5|3|1|1|7|2|5
10499,9,True,4,12,4,4|4|4|4|9|4|4|4|4|4|4|4|4|9|9
10501,6,True,1,15,1,1|1|1|1|1|1|1|1|1|1|1|1|1|1|1
10566,7,True,1,15,1,1|1|1|1|1|1|1|1|1|1|1|1|0|1|1
10570,2,False,2,13,0,0|0|6|0|0|0|0|0|0|2|0|0|0|2|0
10578,1,False,1,6,1,1|0|1|1|0|0|4|1|1|2|1|1|0|1|1
10580,3,True,5,14,5,5|5|5|5|3|5|5|1|5|5|1|5|5|5|5
10586,5,False,5,10,5,1|3|7|1|5|9|8|1|5|8|5|1|5|5|8
10595,9,True,4,6,9,9|9|9|4|9|9|9|9|4|4|4|9|4|9|4
10597,5,False,5,9,5,5|3|5|5|1|7|2|1|5|7|1|5|5|1|1
10615,2,False,2,12,4,4|4|6|4|9|4|4|0|2|2|4|6|2|4|4
10651,6,True,0,6,6,6|0|6|6|0|6|0|6|6|4|0|6|6|6|0
10664,2,True,5,15,5,5|5|5|5|1|5|5|1|5|5|5|1|7|5|5
10667,7,True,1,5,7,7|1|7|7|1|1|1|7|4|7|7|7|7|7|7
10669,5,True,9,1,5,5|5|5|5|5|5|5|5|5|5|5|5|5|9|5
10671,0,True,1,11,1,1|1|1|1|1|1|0|1|1|1|0|1|0|1|0
10699,6,True,0,2,6,6|6|6|6|6|6|0|6|6|6|6|6|0|6|6
10710,9,True,7,15,7,7|7|7|7|7|7|7|7|7|7|7|7|7|7|7
10711,6,False,6,11,4,6|4|6|4|4|6|4|4|6|4|4|4|4|4|4
10722,3,True,8,13,8,7|4|7|8|8|8|9|7|8|7|8|3|3|8|7
10727,6,True,0,5,6,6|6|6|6|0|6|4|6|0|0|6|6|4|6|6
10743,6,True,3,13,3,6|3|3|3|3|2|3|3|6|1|0|2|2|3|3
10820,9,True,4,13,4,4|4|4|4|4|4|9|9|4|4|4|4|4|4|4
10824,5,True,9,15,9,7|9|9|9|7|9|9|9|9|1|7|9|7|9|9
10832,3,True,8,11,8,3|8|8|8|8|3|3|8|8|2|3|8|8|8|8
10850,0,True,4,15,4,8|4|8|4|8|4|4|6|4|4|4|4|4|4|2
10853,3,True,8,14,8,8|8|8|8|3|8|8|8|8|8|8|8|8|8|8
10868,9,True,4,10,4,9|9|9|4|9|4|4|4|4|4|4|4|4|9|4
10898,2,False,2,13,0,0|0|6|0|0|0|0|0|2|0|0|0|0|2|0
10910,3,False,3,6,3,0|3|3|1|3|3|2|1|3|1|3|0|3|3|3
10913,6,True,3,15,3,3|3|3|3|3|2|3|3|3|3|3|3|2|2|3
10938,7,True,8,12,8,7|8|8|8|8|8|8|7|8|8|8|8|7|8|8
10994,9,False,9,12,5,5|5|5|5|5|5|5|9|5|4|5|9|5|9|5
10997,2,False,2,13,3,6|1|3|8|0|0|0|3|3|3|3|6|8|2|2
11015,0,True,2,7,0,2|0|2|9|0|0|0|0|0|2|4|0|4|2|0
11052,3,True,8,15,8,7|8|8|8|8|8|8|8|6|1|8|8|7|8|8
11069,7,True,5,11,5,5|5|7|5|5|2|2|7|5|2|7|5|5|7|5
11070,9,False,9,12,5,5|5|5|5|5|5|5|9|5|5|9|5|5|9|5
11073,0,True,1,11,1,1|0|1|1|1|1|0|1|0|1|1|1|0|1|1
11077,6,True,3,15,3,3|3|3|3|3|2|3|3|3|3|3|3|2|2|3
11081,5,True,6,15,6,6|0|6|6|6|6|0|6|6|0|6|6|6|6|6
11085,9,True,4,8,4,9|9|9|4|9|4|4|9|9|4|4|4|4|4|9
11105,7,False,7,0,7,7|7|7|7|7|7|7|7|7|7|7|7|7|7|7
11108,9,True,4,11,4,9|4|6|6|6|4|0|9|0|4|4|6|4|9|9
11112,2,False,2,15,9,9|9|9|4|9|9|9|9|4|4|4|4|9|9|9
11132,3,True,8,9,8,3|8|6|8|3|8|8|8|3|2|3|3|8|8|3
11182,3,False,3,7,3,3|1|3|3|3|2|3|8|3|2|7|8|3|3|1
11213,7,False,7,3,7,7|7|7|7|7|5|7|7|9|7|7|7|7|2|7
11218,0,True,1,14,1,1|1|1|1|1|1|0|1|1|1|1|1|7|1|1
11221,1,False,1,1,1,1|1|1|1|1|1|0|1|1|1|1|1|1|1|1
11244,7,True,1,13,1,1|1|1|1|1|1|0|1|1|1|7|1|7|1|1
11266,8,False,8,2,8,8|8|6|8|8|8|8|8|3|8|8|8|8|8|8
11292,0,False,0,10,6,6|0|6|6|0|0|0|6|6|0|6|6|6|6|6
11305,9,False,9,13,5,5|9|5|5|9|5|5|5|5|5|5|5|5|5|5
11327,0,False,0,9,6,6|0|6|6|0|0|0|6|6|6|0|6|6|6|0
11339,7,True,1,15,1,1|1|1|1|1|1|1|1|1|1|1|1|1|1|1
11355,3,True,8,12,8,8|8|8|3|8|8|3|8|3|8|8|8|8|8|8
11377,5,False,5,12,7,7|3|2|5|7|5|2|5|2|7|7|7|7|7|7
11388,6,False,6,5,6,6|6|6|6|0|6|6|5|6|1|3|6|6|6|0
11396,7,True,8,14,8,8|3|7|5|8|2|2|8|8|5|8|8|3|8|8
11407,5,False,5,3,5,5|1|5|5|1|5|5|1|5|5|5|5|5|5|5
11445,5,True,9,0,5,5|5|5|5|5|5|5|5|5|5|5|5|5|5|5
11447,6,True,0,3,6,6|6|6|6|6|6|0|6|6|6|4|6|6|6|4
11453,4,False,4,8,9,9|9|9|4|9|9|4|9|4|4|4|9|4|4|9
11457,1,True,5,13,5,5|1|5|5|5|5|5|7|5|7|5|5|5|1|5
11467,5,True,9,1,5,5|5|5|5|5|5|5|9|5|5|5|5|5|5|5
11481,0,True,1,15,1,1|1|1|1|1|1|1|1|1|1|1|1|1|1|1
11488,0,False,0,9,6,6|0|6|6|0|6|0|6|0|0|0|6|6|6|6
11493,0,True,1,11,1,0|1|1|1|1|1|0|1|1|1|1|1|0|0|1
11514,4,True,6,9,6,6|4|6|6|4|6|4|6|6|1|6|4|6|4|4
11543,6,True,2,13,2,2|4|6|8|2|0|8|8|2|2|4|6|8|2|2
11557,9,False,9,12,5,5|9|5|5|5|5|5|9|5|5|5|5|5|9|5
11576,2,True,3,13,3,2|3|6|3|6|3|3|3|3|3|3|3|3|2|3
11588,5,False,5,7,5,7|5|5|5|7|5|5|7|5|5|7|7|7|7|5
11596,6,True,0,4,6,6|6|3|6|0|6|0|6|0|6|6|6|6|6|6
11622,0,True,1,15,1,1|1|7|1|1|1|4|1|1|1|1|1|7|1|1
11628,5,False,5,4,5,5|5|5|5|5|5|2|7|5|5|1|5|5|2|5
11631,4,True,6,3,4,4|4|4|4|2|4|4|4|4|4|4|2|0|4|4
11653,2,False,2,7,2,2|0|2|2|0|0|3|0|5|2|0|2|2|2|2
11655,4,False,4,10,9,9|9|9|1|8|9|9|9|4|2|4|9|4|4|4
11658,2,True,9,14,7,9|7|7|9|7|7|9|7|2|7|7|7|7|7|9
11687,6,True,0,6,6,6|0|6|6|0|6|0|6|0|6|4|6|6|6|0
11706,8,False,8,5,8,3|3|8|3|8|8|3|3|8|8|8|8|8|8|8
11723,0,True,2,5,0,0|0|2|2|0|0|0|0|2|2|0|0|0|2|0
11732,2,True,3,12,3,3|3|3|3|3|3|2|3|3|2|3|3|3|3|2
11737,2,True,9,15,9,9|7|7|7|7|9|7|9|7|7|9|9|9|9|9
11779,6,True,0,3,6,6|0|6|6|0|6|0|6|6|6|6|6|6|6|6
11783,2,True,5,15,5,7|5|5|5|5|5|5|3|5|5|7|5|7|3|9
11784,6,True,9,15,5,5|5|5|5|5|9|5|5|5|5|5|9|5|5|5
11786,7,False,7,0,7,7|7|7|7|7|7|7|7|7|7|7|7|7|7|7
11796,4,True,6,13,6,6|8|6|4|6|0|3|3|6|3|6|3|0|8|4
11832,1,True,3,14,-1,6|1|6|4|2|4|8|4|4|4|6|2|6|6|0
11872,5,True,9,1,5,5|5|5|5|5|5|5|5|5|5|5|5|5|9|5
11881,8,True,6,15,4,9|9|4|9|4|9|9|9|4|4|4|9|4|4|4
11907,9,True,4,11,4,4|4|8|4|9|4|9|9|4|2|4|4|4|9|4
11911,9,True,4,10,4,9|9|9|4|9|4|4|4|4|4|4|4|4|9|4
11912,1,True,5,9,5,5|1|5|1|1|5|5|1|5|2|1|1|5|5|5
11914,7,False,7,8,-1,7|7|7|7|4|4|4|7|7|4|9|4|4|7|4
11942,0,False,0,14,6,6|6|6|6|6|6|0|6|6|6|6|6|6|6|6
11945,4,False,4,4,4,4|4|9|4|9|4|9|4|4|4|4|4|4|9|4
11950,0,True,2,9,0,6|8|8|0|4|6|0|0|4|0|4|6|8|0|0
11955,6,False,6,4,6,6|4|6|6|6|6|4|6|6|6|4|6|4|6|6
11959,9,True,8,15,8,8|8|8|8|8|8|8|8|8|8|8|8|8|8|8
11965,6,False,6,15,4,4|4|9|4|9|4|4|9|4|4|4|4|4|4|4
11973,7,False,7,4,7,7|7|7|7|7|7|9|7|7|7|7|9|7|9|9
11996,6,True,0,5,6,6|7|6|6|6|6|0|6|6|6|4|6|0|6|0
12002,1,False,1,2,1,1|1|1|1|1|1|0|1|1|1|1|1|0|1|1
12008,9,True,4,11,4,9|9|4|9|4|4|4|9|4|4|4|4|4|4|4
12012,6,False,6,15,4,4|4|9|4|4|4|4|4|4|4|4|4|4|4|4
12034,2,False,2,8,2,6|0|4|2|3|0|2|4|3|2|4|2|2|2|2
12045,9,True,8,15,8,8|4|8|8|8|6|6|3|8|1|7|8|4|6|6
12055,0,True,1,10,1,1|1|1|1|1|1|0|1|0|1|0|1|1|0|0
12082,2,True,3,11,3,6|3|3|3|3|2|3|3|2|2|6|3|6|2|3
12094,4,True,6,14,6,6|6|6|6|3|6|0|2|6|6|0|6|2|2|4
12104,1,False,1,2,1,1|1|7|1|1|1|4|1|1|1|1|1|1|1|1
12108,0,False,0,13,6,6|6|8|4|0|6|6|8|7|2|4|6|2|4|0
12114,5,True,9,2,5,5|5|5|5|5|5|5|9|5|5|5|5|5|9|5
12122,6,False,6,15,4,4|4|4|4|4|4|4|4|4|4|4|4|4|4|9
12205,0,False,0,15,3,3|6|6|2|3|8|3|6|3|3|3|3|8|6|8
12208,9,True,4,11,4,9|4|4|9|9|9|4|4|4|4|4|4|4|4|4
12226,7,False,7,2,7,7|7|7|7|7|7|7|7|7|7|7|7|7|9|9
12241,3,True,5,12,5,5|1|5|5|7|5|3|5|5|3|5|5|5|3|2
12244,1,True,5,8,1,1|1|2|1|7|7|5|7|5|7|1|1|3|1|1
12254,1,False,1,6,1,3|1|7|1|1|1|1|1|1|7|1|7|7|2|1
12283,2,False,2,14,0,9|0|6|4|0|4|0|9|0|4|0|2|0|4|4
12302,8,False,8,0,8,8|8|8|8|8|8|8|8|8|8|8|8|8|8|8
12338,5,True,9,2,5,5|5|5|5|5|5|9|5|5|5|5|5|5|9|5
12341,4,True,1,15,1,1|1|1|1|1|3|1|1|1|1|1|1|1|1|1
12343,8,False,8,2,8,8|8|8|8|8|0|3|8|8|8|8|8|8|8|8
12346,1,False,1,11,0,1|3|1|6|1|3|0|0|1|3|4|0|0|6|0
12356,3,False,3,5,3,2|3|3|2|3|2|3|3|3|2|3|3|3|3|2
12374,2,False,2,15,0,4|0|4|4|0|0|0|0|0|0|4|4|0|4|0
12409,2,True,9,11,9,9|9|5|2|7|9|9|9|2|2|9|9|5|2|9
12414,2,True,3,15,3,6|3|3|3|3|3|3|3|3|3|3|3|3|3|3
12415,2,True,7,12,7,7|7|7|7|7|2|7|7|7|2|7|7|7|2|7
12417,5,True,9,1,5,5|5|5|5|5|5|5|9|5|5|5|5|5|5|5
12424,0,True,2,7,0,0|0|6|2|0|0|0|4|0|2|4|0|4|2|0
12446,7,True,1,11,1,1|1|7|1|1|1|1|7|1|1|1|1|7|1|7
12451,9,False,9,11,5,9|5|5|5|5|5|5|9|5|5|9|5|5|9|5
12457,7,True,1,14,1,1|1|7|1|1|1|4|1|1|1|1|1|1|1|1
12472,1,False,1,4,1,7|1|7|7|1|1|1|7|1|1|1|1|1|1|1
12484,6,False,6,14,4,4|9|4|4|6|4|4|9|4|4|4|4|4|4|4
12486,0,True,1,14,3,3|0|7|1|3|3|3|3|1|3|3|3|3|6|7
12497,0,False,0,12,6,6|0|6|6|6|0|0|2|6|6|6|6|6|6|6
12514,6,True,0,4,6,6|0|6|6|0|0|6|6|6|2|6|6|6|6|6
12525,1,True,8,15,8,8|8|8|8|8|8|5|8|8|8|8|8|8|8|8
12527,9,True,4,4,9,9|9|9|9|9|0|4|9|4|9|9|9|4|9|9
12529,7,False,7,1,7,9|7|7|7|7|7|7|7|7|7|7|7|7|7|7
12549,3,True,8,12,8,8|8|8|3|8|8|8|8|8|8|8|3|8|8|3
12553,1,True,8,12,8,7|1|8|1|8|8|7|7|8|1|8|7|8|8|9
12569,2,True,7,15,7,7|7|7|9|7|7|7|7|7|7|7|7|7|7|9
12589,0,True,2,12,2,2|0|8|0|8|6|3|4|0|2|4|4|2|2|2
12601,8,False,8,8,3,8|3|8|3|8|8|3|3|3|3|8|3|8|8|3
12603,7,True,5,11,5,5|5|5|5|5|5|5|7|5|7|7|7|5|5|5
12604,4,False,4,13,3,6|3|3|4|3|4|3|3|2|1|6|6|3|2|3
12648,4,False,4,12,3,3|3|1|3|1|6|4|3|0|2|6|4|6|4|1
12664,0,True,1,12,1,1|1|1|1|1|1|0|1|1|1|1|1|0|1|0
12674,0,True,1,13,-1,4|1|1|1|0|4|9|1|1|2|4|0|4|6|4
12677,6,True,0,6,6,6|0|6|6|0|0|0|6|6|6|0|6|0|6|6
12704,8,False,8,5,8,9|8|8|1|8|8|9|1|8|8|8|8|8|8|1
12734,1,True,5,15,7,7|7|5|7|7|5|7|7|5|5|7|7|7|7|7
12736,9,True,4,13,4,9|0|4|2|4|0|0|4|4|4|4|4|0|9|0
12757,0,True,5,15,5,5|1|5|5|5|5|5|5|5|5|1|2|5|5|5
12785,2,True,3,15,6,6|6|6|6|0|0|0|6|6|6|6|6|6|0|6
12796,9,True,7,14,5,5|5|5|5|5|5|5|5|5|5|5|5|5|9|5
12807,9,True,8,15,8,7|8|8|8|8|8|8|8|8|8|8|8|8|8|7
12828,1,True,5,15,5,5|5|5|5|7|5|5|7|5|5|5|7|5|5|5
12855,9,True,4,14,4,2|4|4|4|7|3|4|9|4|4|0|4|2|4|2
12863,6,True,3,13,3,6|3|3|3|3|3|3|3|3|3|3|3|6|3|3
12885,0,True,1,15,1,1|1|1|1|1|1|1|1|1|1|1|1|1|1|1
12899,7,True,5,12,5,5|5|7|5|5|5|5|6|2|5|7|7|5|8|5
12919,1,True,5,15,5,7|3|8|2|3|5|8|5|2|7|5|5|5|7|9
12926,9,True,4,15,4,4|0|4|4|4|6|2|6|4|4|4|4|2|4|2
12943,6,True,0,11,0,0|0|6|6|0|0|0|0|0|0|0|6|0|6|0
12974,9,True,4,14,4,4|4|4|4|4|0|0|4|4|4|4|4|4|9|0
12983,4,True,6,0,4,4|4|4|4|4|4|4|4|4|4|4|4|4|4|4
13002,6,False,6,3,6,6|6|6|6|0|0|0|6|6|6|6|6|6|6|6
13015,4,False,4,7,4,2|4|6|4|3|3|4|6|9|4|4|4|4|9|4
13032,4,False,4,10,9,9|4|9|9|9|4|9|9|9|4|4|9|4|9|9
13039,9,True,4,10,4,9|4|6|4|9|9|4|9|4|4|4|4|4|4|9
13042,7,False,7,7,7,7|9|7|5|7|5|7|7|5|7|7|5|7|9|9
13044,1,False,1,3,1,1|1|7|1|1|1|4|1|1|1|4|1|1|1|1
13045,2,False,2,12,0,0|0|2|0|0|0|0|0|2|0|0|0|0|2|0
13046,2,True,7,14,7,7|7|7|7|7|7|7|7|7|7|7|7|7|2|7
13056,2,True,9,14,9,9|9|7|9|9|5|9|9|5|5|5|9|5|2|9
13073,2,False,2,12,0,0|0|4|0|0|0|0|4|2|2|0|0|0|2|4
13100,0,True,2,10,4,9|4|4|4|4|0|0|4|0|0|4|4|0|4|4
13120,5,True,9,1,5,5|5|5|5|5|5|5|5|5|5|5|5|5|9|5
13124,2,True,3,8,3,2|3|3|2|3|2|3|3|2|2|3|3|2|2|3
13145,4,True,6,5,4,9|4|4|6|4|4|2|4|6|4|4|8|4|4|4
13146,1,True,8,14,8,8|1|8|8|8|8|8|8|8|8|8|8|8|8|8
13155,0,False,0,13,6,6|6|6|6|2|6|0|6|6|0|6|6|6|6|2
13165,6,False,6,13,4,8|4|8|4|9|4|4|6|6|4|4|2|4|4|4
13169,5,True,9,6,5,9|9|5|5|5|5|5|9|5|1|8|5|5|5|9
13184,7,False,7,0,7,7|7|7|7|7|7|7|7|7|7|7|7|7|7|7
13193,9,True,4,15,6,3|3|6|3|4|0|2|6|6|2|4|6|6|4|4
13214,5,True,9,3,5,5|5|5|5|5|5|9|9|5|5|5|5|5|9|5
13241,8,False,8,3,8,8|8|8|1|8|8|5|8|8|8|8|8|7|8|8
13252,7,False,7,3,7,9|7|7|7|7|7|7|7|9|7|7|7|7|9|7
13257,0,True,1,15,4,6|3|6|4|4|4|4|4|4|6|4|6|4|9|4
13259,3,False,3,5,3,3|3|6|3|3|2|3|3|2|6|3|3|3|2|3
13263,3,False,3,11,-1,2|3|6|0|3|3|9|9|1|0|0|2|3|0|1
13271,2,True,5,15,7,7|7|7|5|7|3|5|7|5|7|7|7|7|7|7
13276,3,False,3,5,3,3|3|3|3|3|2|2|6|3|3|3|3|2|2|3
13287,2,False,2,7,2,2|0|2|2|8|0|2|0|2|2|0|2|8|2|9
13293,3,False,3,3,3,3|4|3|3|3|3|3|3|3|3|3|2|3|6|3
13294,7,True,1,14,1,1|1|1|1|1|1|1|7|1|1|1|1|1|1|1
13296,4,True,6,0,4,4|4|4|4|4|4|4|4|4|4|4|4|4|4|4
13312,7,False,7,3,7,7|7|7|7|7|7|9|9|9|7|7|7|7|7|7
13324,0,True,1,8,0,2|0|6|2|0|0|9|4|1|4|0|4|0|0|0
13332,6,True,0,5,6,6|8|6|6|6|6|0|6|3|7|6|6|6|2|6
13419,6,False,6,11,4,6|4|6|4|4|6|4|8|6|4|4|4|4|4|4
13443,7,False,7,10,9,9|9|5|9|9|5|9|7|9|5|7|7|7|7|9
13444,2,True,5,15,5,5|1|5|5|7|5|5|1|5|5|5|1|5|3|5
13452,3,False,3,12,4,2|4|6|4|4|4|9|4|3|4|4|3|2|2|3
13480,6,False,6,7,6,6|6|6|3|3|0|0|6|0|3|6|6|6|6|0
13484,6,True,2,10,4,6|4|9|4|4|6|4|9|6|4|4|6|4|9|6
13499,0,False,0,15,6,6|6|9|6|4|4|4|6|4|6|4|6|4|6|3
13538,9,False,9,15,5,5|5|5|5|5|5|5|5|5|5|5|5|5|5|5
13548,9,False,9,9,-1,5|9|5|9|5|5|7|9|5|2|7|9|5|9|9
13555,9,True,4,15,4,2|4|4|4|4|6|4|6|4|4|4|4|4|4|4
13560,9,False,9,15,5,5|5|5|5|5|5|5|5|5|5|5|5|5|5|5
13668,4,False,4,6,4,9|4|9|4|9|4|4|9|4|4|4|9|4|9|4
13670,7,True,5,8,-1,5|7|7|5|7|5|7|7|5|5|7|7|5|9|5
13694,6,False,6,14,4,4|4|6|4|4|4|4|4|4|4|4|4|4|4|4
13698,9,False,9,14,5,5|5|5|5|5|5|5|5|5|5|5|7|5|5|9
13700,9,False,9,12,5,5|5|5|5|5|5|5|9|5|5|5|5|5|9|9
13711,2,False,2,4,2,2|0|2|2|0|2|2|2|2|2|4|6|2|2|2
13721,6,True,0,4,6,6|6|6|6|0|0|0|6|6|0|6|6|6|6|6
13731,1,False,1,5,1,7|1|1|1|1|1|7|7|1|7|1|1|7|1|1
13735,3,False,3,11,6,2|1|6|6|3|7|6|3|6|3|4|3|6|4|4
13738,9,True,4,12,4,9|9|2|4|4|3|4|9|4|4|4|2|4|0|4
13740,2,True,3,12,3,6|3|3|3|3|2|3|6|2|2|3|3|3|3|3
13742,6,False,6,15,-1,2|8|8|4|8|2|3|8|4|1|7|4|0|2|2
13787,4,True,6,13,6,2|6|6|6|4|6|6|6|6|1|6|4|6|6|6
13808,5,True,9,0,5,5|5|5|5|5|5|5|5|5|5|5|5|5|5|5
13815,9,False,9,15,5,5|5|5|5|5|5|5|5|5|5|5|5|5|5|5
13827,3,True,8,14,8,8|8|8|8|8|8|3|8|8|8|8|8|8|8|8
13848,5,True,9,1,5,5|5|5|5|5|5|5|5|5|5|5|5|5|9|5
13886,7,False,7,4,7,7|7|7|9|7|7|9|7|7|9|7|7|7|9|7
13929,6,True,2,11,0,6|4|6|0|0|0|0|8|0|2|6|6|0|8|0
13964,4,True,6,2,4,6|4|4|4|4|4|4|2|4|4|4|4|4|4|4
13990,4,True,6,3,4,2|4|4|4|4|4|4|6|4|4|4|8|4|4|4
14016,4,False,4,5,4,2|4|2|4|4|6|4|6|4|4|4|4|6|4|4
14039,6,True,3,14,3,1|1|3|3|3|3|3|3|3|1|3|2|1|6|7
14040,8,False,8,8,8,8|8|8|8|8|0|0|6|3|8|1|2|0|8|0
14060,0,True,2,7,0,0|0|6|2|0|0|0|0|3|2|0|2|2|2|0
14064,2,True,3,15,3,3|3|6|3|3|6|3|3|3|3|3|3|3|3|3
14109,9,False,9,15,5,7|5|7|5|5|5|8|7|5|5|7|7|5|5|5
14117,7,False,7,0,7,7|7|7|7|7|7|7|7|7|7|7|7|7|7|7
14130,1,True,3,15,3,6|3|6|3|3|0|6|3|3|3|3|3|0|2|3
14147,2,True,3,9,3,6|3|3|2|3|2|2|3|2|2|3|3|3|2|3
14152,7,True,1,9,1,7|7|7|1|1|1|7|1|1|1|7|1|7|1|1
14170,7,False,7,1,7,7|7|7|7|7|7|7|7|7|2|7|7|7|7|7
14189,6,True,3,14,3,3|6|3|3|3|2|3|3|3|2|3|3|3|3|3
14212,6,True,0,3,6,6|6|6|6|6|6|0|0|6|6|6|6|6|6|0
14233,2,False,2,11,4,9|9|6|2|0|2|0|9|2|4|4|4|4|4|2
14234,6,True,0,10,0,6|0|6|6|0|0|0|6|0|0|0|0|0|6|0
14240,2,False,2,12,0,0|0|6|2|0|0|2|0|0|4|4|0|0|2|0
14255,5,True,9,0,5,5|5|5|5|5|5|5|5|5|5|5|5|5|5|5
14265,1,False,1,15,4,8|8|6|9|3|0|4|3|4|4|9|3|8|9|4
14278,6,False,6,6,6,6|4|6|6|6|6|0|6|6|6|4|6|4|4|4
14290,7,False,7,1,7,7|7|7|7|7|7|7|7|7|7|7|7|7|9|7
14326,6,False,6,10,-1,4|4|8|8|8|0|4|6|4|4|6|6|6|8|6
14327,4,True,6,0,4,4|4|4|4|4|4|4|4|4|4|4|4|4|4|4
14385,1,False,1,3,1,1|1|1|1|1|1|1|1|0|1|7|1|7|1|1
14413,7,True,5,6,7,7|5|7|5|7|5|5|3|5|7|7|7|7|7|7
14437,6,True,0,6,6,6|0|6|6|0|6|0|3|3|6|6|6|6|6|0
14443,6,False,6,10,-1,6|8|6|4|0|4|0|6|4|0|4|6|4|8|6
14448,7,True,1,12,1,7|1|1|1|1|1|1|1|1|1|1|7|1|1|7
14466,4,True,6,14,6,6|4|6|6|6|0|0|6|6|6|0|6|6|6|6
14478,9,True,7,8,7,7|9|7|9|7|9|9|9|7|7|7|7|7|9|9
14484,2,True,3,12,3,2|3|4|3|8|4|3|3|3|3|4|3|2|2|3
14487,6,True,0,10,6,6|8|4|6|6|0|4|8|1|6|6|4|4|8|1
14495,6,True,0,4,6,6|0|6|6|6|6|4|6|6|6|4|6|6|4|6
14525,3,True,8,10,8,8|3|3|3|8|8|8|3|8|2|8|3|7|8|8
14572,2,True,3,13,3,3|3|3|1|3|2|3|3|3|2|1|3|3|3|3
14574,9,True,4,14,4,4|9|4|4|4|4|4|4|4|4|4|4|4|4|4
14590,9,True,4,3,9,9|9|9|9|9|9|9|9|9|4|4|9|9|4|9
14593,5,True,9,0,5,5|5|5|5|5|5|5|5|5|5|5|5|5|5|5
14610,4,True,6,1,4,4|4|4|4|4|6|4|4|4|4|4|4|4|4|4
14612,1,True,5,11,5,5|1|5|1|1|5|5|5|5|3|7|3|5|1|5
14634,1,True,5,9,5,5|1|5|5|1|5|5|1|1|5|5|1|5|5|1
14647,9,True,8,15,8,8|8|8|3|8|8|8|8|8|8|8|8|8|8|8
14656,3,True,8,13,8,8|8|8|3|8|8|3|8|8|1|8|8|8|8|8
14682,5,True,6,15,6,6|6|6|6|6|6|0|6|6|6|6|6|6|6|0
14689,9,True,6,15,6,6|3|6|6|6|6|6|3|2|1|6|6|6|6|3
14701,4,True,7,12,7,7|7|7|7|7|7|7|7|7|7|4|4|7|4|7
14724,9,True,7,15,7,7|7|7|7|7|7|7|7|7|7|7|7|7|7|7
14726,2,True,3,11,3,3|3|3|2|3|2|3|3|3|3|3|3|2|2|3
14736,8,False,8,1,8,8|8|8|8|8|8|8|8|8|8|8|3|8|8|8
14826,0,True,2,6,0,0|4|4|4|0|0|0|0|0|2|0|0|4|4|0
14827,0,True,1,15,1,1|1|1|1|1|1|1|1|1|1|1|1|1|1|1
14835,0,False,0,11,6,6|0|6|6|0|0|0|6|6|6|6|6|6|6|6
14845,1,True,4,15,4,4|6|3|9|4|9|2|6|2|4|4|3|4|4|4
14851,2,True,9,15,9,9|9|7|9|9|7|9|9|9|7|9|9|9|9|9
14877,7,False,7,5,7,7|7|7|7|7|7|5|1|2|7|7|7|8|1|7
14896,0,True,2,14,4,9|4|4|4|9|0|4|4|2|4|4|4|4|9|4
14904,0,False,0,7,0,6|0|6|6|0|0|0|6|6|0|0|6|6|0|0
14906,6,True,0,2,6,6|6|6|6|0|6|0|6|6|6|6|6|6|6|6
14914,9,False,9,13,5,5|5|5|5|5|5|5|9|5|5|5|5|5|9|5
14930,2,True,9,15,-1,5|9|5|9|7|5|9|9|5|5|9|9|5|9|5
14942,6,True,0,5,6,6|6|6|6|6|0|0|6|6|6|4|6|0|6|0
14969,6,True,1,15,1,7|1|1|1|1|1|2|1|1|1|7|1|7|1|1
14976,0,True,1,13,1,1|1|7|1|3|0|4|1|1|1|0|1|1|1|1
14985,8,False,8,0,8,8|8|8|8|8|8|8|8|8|8|8|8|8|8|8
15009,5,True,9,3,5,5|5|5|5|5|5|5|9|5|5|5|9|5|9|5
15055,7,True,8,13,8,8|8|8|8|8|9|2|7|8|8|8|8|8|7|8
15059,4,True,6,11,6,6|6|6|6|6|0|0|6|6|6|4|4|4|4|2
15071,6,True,2,12,2,2|8|6|1|4|2|2|6|6|2|2|3|0|2|2
15082,0,False,0,11,6,6|6|6|6|0|6|0|3|0|6|3|6|0|6|6
15107,6,True,1,13,1,1|1|3|1|1|1|1|7|6|1|6|1|1|1|7
15112,8,False,8,9,8,7|8|7|5|8|8|5|7|8|2|8|5|8|5|3
15149,2,True,6,15,8,8|8|6|4|8|0|4|8|8|4|8|8|4|4|4
15213,2,True,5,15,5,5|1|3|5|5|5|5|5|5|3|8|5|5|5|5
15219,2,True,3,13,3,3|3|6|3|3|6|0|3|3|2|6|0|6|2|3
15227,6,False,6,15,4,4|4|4|4|4|4|4|4|4|4|4|4|4|4|4
15246,0,False,0,13,6,6|6|6|6|0|4|4|6|6|0|4|6|6|6|4
15255,0,True,2,15,4,9|4|4|4|4|4|4|4|4|4|4|4|4|9|4
15257,3,False,3,3,3,3|3|3|3|3|3|3|3|2|1|3|3|2|3|3
15277,0,True,2,8,0,9|0|6|0|0|0|0|4|0|4|4|4|2|9|0
15284,3,False,3,1,3,3|3|3|3|3|3|3|3|3|3|3|3|2|3|3
15289,5,True,9,9,9,9|9|5|5|7|5|9|9|9|4|5|9|5|5|9
15299,6,False,6,14,0,0|0|6|4|0|0|0|0|0|2|0|0|4|2|0
15306,6,True,0,9,0,0|0|6|0|6|0|6|6|6|0|0|0|0|6|2
15308,8,False,8,2,8,8|7|8|8|8|8|8|8|8|8|8|8|7|8|8
15309,6,True,9,15,5,5|5|5|9|5|5|9|5|5|5|1|9|5|9|9
15315,7,True,5,14,5,5|5|7|5|1|5|5|1|5|3|5|1|5|1|5
15378,1,False,1,1,1,1|1|1|1|1|1|4|1|1|1|1|1|1|1|1
15379,7,True,8,10,8,8|8|8|8|8|9|7|7|8|7|7|8|8|8|7
15390,2,False,2,8,2,2|3|6|3|4|2|2|3|3|4|0|2|2|2|2
15427,6,True,0,9,6,6|9|6|1|6|3|6|1|6|1|4|1|6|8|9
15441,0,False,0,10,6,6|6|6|6|0|0|0|8|0|6|0|6|6|4|6
15449,9,False,9,13,5,5|5|5|5|5|5|5|5|5|5|5|5|5|9|9
15476,1,False,1,12,-1,6|1|6|3|3|6|6|4|0|1|1|4|0|4|4
15477,6,True,7,15,-1,7|5|5|5|9|5|9|9|5|5|9|9|5|9|9
15489,9,True,4,10,4,9|4|9|4|9|4|4|9|4|4|4|9|4|4|4
15542,0,False,0,10,-1,2|0|6|0|6|6|4|8|0|6|4|8|0|6|0
15567,3,False,3,13,4,3|4|4|4|3|4|4|4|4|4|4|4|2|9|4
15588,0,False,0,9,6,6|0|6|6|0|0|0|6|6|6|6|6|0|6|0
15595,3,False,3,15,-1,4|0|6|0|0|0|0|4|0|4|4|4|6|6|4
15601,5,True,9,3,5,5|5|5|5|5|5|5|6|5|5|5|5|5|9|9
15635,7,False,7,15,5,5|8|5|5|3|5|5|3|5|2|1|1|5|5|5
15651,0,True,2,8,0,0|0|6|4|0|0|0|4|4|0|4|0|8|4|9
15660,9,True,8,15,8,7|8|8|8|8|7|8|8|8|8|8|8|7|8|8
15713,0,True,2,5,0,0|0|6|0|0|0|0|0|2|2|0|6|0|2|0
15771,2,False,2,14,4,4|0|4|2|4|4|4|4|4|4|4|4|0|4|4
15785,2,True,5,14,7,7|3|8|5|1|9|8|7|2|5|5|7|7|9|7
15800,5,True,9,4,5,5|5|5|5|5|8|5|7|5|2|7|5|5|5|5
15802,7,False,7,15,9,9|9|9|9|5|5|9|9|5|8|9|5|5|9|5
15821,3,True,8,8,3,8|1|3|3|8|8|3|3|8|2|8|3|3|3|8
15834,4,True,6,1,4,9|4|4|4|4|4|4|4|4|4|4|4|4|4|4
15896,7,True,8,14,8,8|8|8|8|8|8|7|8|8|8|8|8|8|8|8
15909,2,True,3,12,3,3|3|3|3|3|3|2|3|2|2|1|3|3|3|3
15917,0,True,2,6,0,0|4|2|0|0|0|0|0|1|4|0|0|4|4|0
15922,3,True,4,12,8,8|8|8|3|8|0|3|8|8|2|3|6|4|2|4
15933,2,False,2,7,2,2|6|6|2|2|0|9|2|2|6|0|2|2|2|5
15936,9,True,7,12,7,9|7|9|7|7|7|2|9|7|7|7|7|7|5|7
15948,3,False,3,6,3,3|6|3|3|3|2|2|3|3|3|3|6|6|3|2
15956,7,False,7,15,5,5|5|5|5|5|5|9|9|5|5|5|5|5|9|5
15961,1,True,8,14,8,7|1|8|8|8|8|8|8|8|8|8|8|8|8|8
15966,6,True,0,13,3,2|0|3|3|3|4|2|6|3|3|4|3|2|6|4
15967,0,True,1,13,1,1|1|7|1|1|1|0|1|1|1|1|1|0|1|1
15975,6,True,3,13,3,6|3|3|3|3|3|3|3|3|3|6|3|2|3|1
15982,2,True,3,13,3,6|3|3|3|3|3|3|3|1|2|6|2|0|3|3
16009,3,False,3,2,3,3|3|3|3|3|3|3|3|3|3|3|6|3|2|3
16015,2,True,7,15,7,7|7|7|7|7|7|7|7|7|7|7|7|9|7|7
16026,9,True,7,10,7,7|7|7|7|9|7|9|9|7|7|7|7|7|9|9
16091,4,False,4,2,4,4|4|4|4|4|4|4|9|4|4|4|4|2|4|4
16103,5,False,5,11,7,7|7|7|5|5|5|5|7|7|7|7|7|7|7|7
16129,3,False,3,7,3,2|3|3|2|3|2|3|6|3|2|4|3|3|2|3
16131,4,False,4,13,-1,8|9|6|3|2|4|8|3|3|2|4|6|6|5|1
16158,1,False,1,4,1,1|1|1|1|1|1|7|7|1|1|1|7|7|1|1
16167,7,True,1,14,-1,1|3|3|3|3|1|2|1|3|1|1|3|7|1|2
16170,4,True,6,2,4,4|4|4|6|4|6|4|4|4|4|4|4|4|4|4
16179,9,False,9,14,5,5|5|5|5|5|5|5|9|5|5|5|5|5|5|5
16199,6,True,0,4,6,6|0|6|6|0|0|0|6|6|6|6|6|6|6|6
16200,9,False,9,8,-1,5|9|5|9|9|5|5|9|5|8|9|5|5|9|9
16283,7,True,1,13,1,1|1|1|1|1|1|1|1|1|1|1|1|7|1|7
16325,0,True,3,15,3,6|3|3|3|3|2|3|3|6|3|3|3|3|1|1
16333,3,False,3,3,3,3|1|3|3|2|3|3|3|2|3|3|3|3|3|3
16334,9,False,9,15,5,5|5|5|5|5|5|5|5|5|5|5|5|5|5|5
16343,0,True,1,14,1,1|1|7|1|1|1|1|1|1|1|1|1|7|1|0
16349,4,False,4,15,3,8|3|8|1|2|2|6|0|3|2|3|3|3|8|2
16354,5,False,5,4,5,7|5|5|5|5|5|5|5|5|5|5|7|7|1|5
16380,1,False,1,2,1,1|1|1|1|1|7|1|3|1|1|1|1|1|1|1
16391,9,True,6,14,4,4|4|4|4|8|9|4|6|4|4|4|4|4|4|4
16410,9,True,4,15,4,2|4|6|4|6|4|4|6|6|4|4|4|6|4|2
16411,8,False,8,1,8,8|8|8|8|8|8|3|8|8|8|8|8|8|8|8
16439,1,False,1,0,1,1|1|1|1|1|1|1|1|1|1|1|1|1|1|1
16440,9,True,4,11,4,9|4|4|9|9|4|4|9|4|4|4|4|4|4|4
16444,7,True,5,9,5,5|5|8|5|5|5|7|7|5|7|5|7|7|7|5
16461,3,False,3,8,3,3|3|3|1|3|0|4|0|3|3|4|6|1|2|3
16467,2,True,7,14,7,7|4|7|7|7|7|5|9|7|7|7|7|7|2|7
16470,3,False,3,10,-1,2|3|6|3|6|2|2|3|3|2|6|6|0|2|3
16485,9,True,8,15,8,8|8|8|8|8|8|3|8|8|8|8|8|8|8|8
16487,8,False,8,1,8,8|8|8|8|8|8|3|8|8|8|8|8|8|8|8
16501,2,True,7,15,7,7|7|7|7|7|7|7|7|5|7|7|1|7|7|5
16507,7,True,5,12,5,5|5|7|5|5|5|5|7|5|5|7|5|5|5|5
16515,5,True,4,14,8,3|8|3|1|8|3|3|8|8|1|5|3|8|8|8
16523,5,False,5,10,-1,5|1|7|5|5|1|5|1|1|7|7|3|7|1|5
16532,6,True,0,6,6,6|6|6|0|0|6|0|6|8|7|6|6|6|0|6
16540,7,False,7,0,7,7|7|7|7|7|7|7|7|7|7|7|7|7|7|7
16566,9,True,4,9,4,9|9|4|9|9|4|9|9|4|4|4|4|4|4|4
16597,5,True,9,2,5,5|5|5|5|5|5|5|9|5|5|5|5|5|9|5
16607,6,True,2,15,4,2|4|2|4|9|0|4|4|4|2|4|4|0|2|4
16673,3,False,3,3,3,6|3|3|3|3|3|3|3|3|3|3|3|2|2|3
16698,4,False,4,6,4,0|9|4|4|4|0|9|9|4|4|4|4|4|4|9
16699,2,False,2,14,4,4|4|4|4|4|0|0|4|4|0|4|4|4|4|2
16720,6,True,0,5,6,6|0|6|6|0|0|0|6|6|0|6|6|6|6|6
16723,8,False,8,4,8,8|8|8|8|8|8|8|3|8|8|8|3|3|3|8
16729,4,True,6,9,-1,6|4|6|4|6|4|0|8|6|2|4|6|6|4|4
16746,9,True,7,12,7,7|7|7|7|9|9|7|9|7|7|7|7|7|2|7
16759,9,False,9,13,5,5|5|5|5|5|5|9|5|5|5|5|5|5|9|5
16761,3,True,8,11,8,8|8|8|3|8|8|3|8|8|8|8|8|8|3|3
16769,6,True,0,3,6,6|0|6|6|6|6|0|6|6|0|6|6|6|6|6
16793,7,False,7,1,7,7|7|7|7|7|7|9|7|7|7|7|7|7|7|7
16803,9,True,4,10,4,9|9|9|4|4|4|4|9|4|4|4|4|4|9|4
16824,8,False,8,5,8,7|8|8|5|8|8|5|7|8|8|8|8|7|8|8
16867,6,True,0,5,6,6|0|6|6|0|0|0|6|6|0|6|6|6|6|6
16870,9,True,4,15,2,2|5|8|4|1|2|3|7|5|4|8|3|2|7|2
16895,5,False,5,13,7,7|3|7|7|7|7|5|7|7|7|7|7|5|7|9
16980,8,False,8,8,8,8|8|7|7|8|9|8|8|5|5|8|5|7|8|1
16985,6,True,0,5,6,6|0|6|6|0|0|0|6|6|6|6|6|6|6|0
16993,2,True,5,12,5,5|5|5|5|5|2|5|7|5|2|5|5|5|2|5
17010,4,True,6,6,4,4|0|6|2|4|4|6|2|4|4|4|4|4|2|4
17012,4,True,6,15,6,6|6|6|6|6|6|6|6|6|0|6|6|6|6|6
17035,5,True,9,1,5,5|5|5|5|5|5|5|5|5|5|5|5|5|9|5
17043,8,False,8,2,8,8|8|8|8|8|8|8|7|8|8|8|8|7|8|8
17046,4,True,6,4,4,6|4|6|4|4|6|4|6|4|4|4|4|4|4|4
17069,4,True,6,0,4,4|4|4|4|4|4|4|4|4|4|4|4|4|4|4
17086,6,True,0,7,6,6|1|6|6|6|4|0|6|0|6|6|0|6|0|0
17098,9,False,9,12,5,5|5|5|5|5|5|5|9|5|5|5|5|5|9|9
17102,5,False,5,6,5,5|5|5|5|3|5|2|7|5|5|5|5|2|2|3
17148,3,False,3,2,3,3|3|3|3|3|3|3|3|2|3|3|3|3|3|2
17158,1,False,1,0,1,1|1|1|1|1|1|1|1|1|1|1|1|1|1|1
17162,7,False,7,11,9,7|9|7|9|9|9|9|9|7|9|7|9|9|9|9
17185,1,False,1,1,1,1|1|1|1|1|1|0|1|1|1|1|1|1|1|1
17206,3,True,2,15,2,0|8|2|2|0|0|4|8|4|2|4|2|0|2|4
17216,0,False,0,12,6,6|0|6|3|0|6|0|6|6|6|6|6|4|6|6
17221,6,True,3,13,3,3|3|3|3|3|3|3|3|3|3|6|3|6|3|3
17249,0,True,1,14,1,1|1|1|1|1|1|0|1|1|1|1|1|1|1|1
17266,2,False,2,10,0,2|0|2|2|0|0|0|0|0|2|0|0|0|2|0
17269,0,True,2,14,6,2|6|8|6|6|6|2|7|1|5|7|7|0|8|6
17277,9,False,9,14,5,5|5|5|5|5|5|5|5|5|5|5|5|5|9|5
17287,9,True,6,15,8,4|8|8|8|8|4|0|8|8|4|1|8|8|4|7
17290,0,True,1,15,1,1|1|7|1|1|1|1|1|1|1|1|1|7|1|1
17293,3,False,3,13,6,6|1|6|3|4|6|7|6|3|1|4|4|6|4|6
17298,6,True,2,15,2,2|2|2|2|8|2|2|2|2|2|0|2|2|2|2
17311,0,False,0,13,6,6|6|6|6|0|4|0|6|6|6|4|4|6|6|4
17322,3,True,8,14,8,8|8|8|8|8|3|8|8|8|8|8|8|8|8|8
17331,6,False,6,15,9,9|9|9|9|8|9|8|9|9|4|4|9|9|4|9
17334,2,False,2,14,4,4|4|2|4|4|4|4|9|4|4|4|4|4|4|9
17338,5,False,5,8,5,7|5|5|5|5|2|8|5|5|7|7|5|7|2|7
17345,6,True,2,15,-1,8|8|8|3|8|0|2|1|2|2|0|2|5|4|4
17365,5,True,9,1,5,5|5|5|5|5|5|5|9|5|5|5|5|5|5|5
17380,4,False,4,10,9,9|9|9|9|9|9|4|9|4|9|4|4|4|9|9
17405,5,False,5,6,5,5|3|1|5|7|5|5|7|5|5|5|1|5|1|5
17418,8,False,8,14,7,7|7|7|5|9|7|3|7|2|9|8|1|1|7|9
17430,0,False,0,12,6,6|6|6|6|0|6|0|6|6|6|0|6|6|6|6
17433,2,True,5,15,5,5|5|5|5|7|5|5|1|5|7|1|5|5|5|5
17440,7,False,7,1,7,7|7|7|7|7|7|7|7|7|7|7|7|4|7|7
17441,2,True,7,14,7,7|7|7|7|7|7|7|7|7|7|7|7|4|2|7
17443,4,True,6,14,8,7|8|8|1|1|8|7|8|8|4|1|8|3|1|1
17446,0,True,1,14,1,1|1|1|1|1|1|0|1|1|1|1|1|1|1|1
17464,0,True,2,11,2,2|9|2|2|0|2|2|0|2|2|0|2|0|2|2
17473,4,False,4,15,3,6|9|3|1|3|3|2|3|3|3|3|3|3|2|2
17479,6,True,0,3,6,6|6|6|6|0|6|0|6|6|6|6|6|0|6|6
17480,7,False,7,7,7,7|7|5|5|8|9|8|7|5|7|7|7|7|9|7
17490,5,False,5,5,5,5|3|5|5|1|5|5|1|5|5|5|5|5|1|1
17497,2,True,3,14,3,3|3|6|6|3|3|2|3|6|1|3|6|6|6|3
17532,4,False,4,1,4,4|9|4|4|4|4|4|4|4|4|4|4|4|4|4
17534,8,False,8,1,8,8|8|8|8|8|8|8|8|8|8|8|7|8|8|8
17564,4,False,4,4,4,4|4|4|4|4|4|4|9|3|4|4|6|3|4|4
17591,0,True,1,11,1,1|0|1|1|1|1|0|1|1|1|1|1|0|0|1
17606,9,True,3,15,4,4|4|6|4|1|6|2|6|6|3|4|4|3|2|4
17610,6,True,0,6,6,6|0|6|6|0|0|0|6|6|0|6|6|0|6|6
17638,9,False,9,12,5,5|5|5|5|5|5|5|9|5|5|5|5|5|9|9
17640,7,True,1,14,1,1|1|7|1|1|1|0|1|1|1|1|1|1|1|1
17660,7,True,3,15,6,6|6|6|6|3|6|6|6|6|2|0|6|6|6|6
17662,9,True,6,15,4,2|4|6|4|4|6|4|6|4|0|8|4|4|4|0
17683,9,False,9,11,5,5|5|5|5|5|5|5|9|5|5|5|9|5|9|9
17697,3,True,2,15,-1,0|0|8|4|8|0|4|0|4|2|9|0|4|4|2
17704,5,True,6,14,-1,2|8|5|0|7|6|4|6|0|1|3|3|2|8|1
17725,6,True,2,12,-1,2|1|6|2|0|0|0|3|1|3|6|6|8|8|2
17735,8,False,8,5,8,7|8|8|8|8|8|7|7|8|8|7|8|7|8|8
17754,6,True,0,7,6,6|0|6|6|0|0|2|3|6|0|0|6|6|6|6
17767,4,True,6,0,4,4|4|4|4|4|4|4|4|4|4|4|4|4|4|4
17775,9,True,4,15,4,4|4|4|4|4|4|4|4|4|4|4|4|4|4|4
17778,4,False,4,5,4,4|4|4|4|4|0|0|4|4|4|4|0|0|4|9
17817,2,True,3,7,2,3|3|3|2|3|2|2|3|2|2|3|3|2|2|2
17833,0,False,0,11,6,6|6|6|6|0|0|0|6|6|1|0|6|6|6|6
17880,4,True,6,7,4,2|9|4|4|4|2|4|6|6|0|4|4|2|4|4
17896,6,False,6,14,4,6|8|2|4|3|0|0|4|4|4|1|8|2|9|4
17911,5,False,5,8,5,5|3|2|1|7|5|5|5|1|5|5|1|5|1|3
17935,8,False,8,0,8,8|8|8|8|8|8|8|8|8|8|8|8|8|8|8
17974,3,True,5,14,5,5|3|5|5|5|5|5|5|5|2|5|5|5|1|5
17993,0,False,0,7,0,6|0|6|6|0|0|0|6|0|0|0|6|0|6|6
17997,6,True,0,4,6,6|4|6|6|6|6|4|6|6|6|4|6|4|6|6
18028,2,True,5,9,5,5|5|2|5|5|5|5|7|2|2|1|2|2|2|5
18034,9,True,4,9,4,9|4|4|4|9|4|9|9|9|4|4|4|4|4|9
18036,4,False,4,8,9,9|9|9|4|9|4|9|9|4|4|4|4|9|9|4
18078,5,True,9,5,5,5|5|5|5|5|9|5|9|5|5|9|5|5|9|9
18099,0,True,1,11,1,0|1|1|1|1|1|0|1|1|1|1|1|0|0|1
18114,6,True,0,1,6,6|6|6|6|6|6|4|6|6|6|6|6|6|6|6
18125,8,False,8,9,8,7|4|6|4|1|5|1|8|8|9|7|8|8|8|8
18128,5,True,8,15,8,8|8|8|8|8|8|8|8|8|8|8|8|8|8|8
18129,1,False,1,3,1,7|1|1|1|1|1|0|1|1|1|1|1|1|1|7
18140,5,True,9,5,5,5|5|5|9|5|5|5|9|5|5|5|9|5|9|9
18143,2,True,3,11,3,2|3|3|3|3|3|3|3|2|2|3|3|3|2|3
18192,6,False,6,14,4,4|4|6|4|4|0|4|4|4|4|0|4|4|4|4
18195,3,True,8,15,8,8|8|8|8|8|8|8|8|8|8|8|8|8|8|8
18201,1,False,1,1,1,1|1|7|1|1|1|1|1|1|1|1|1|1|1|1
18214,9,True,4,8,9,8|9|9|2|9|3|9|9|3|9|4|9|4|4|4
18215,3,True,8,15,8,8|8|8|0|8|0|8|8|8|1|8|2|8|8|8
18217,4,False,4,2,4,4|4|4|4|4|6|4|4|4|4|4|4|6|4|4
18249,0,True,2,5,0,0|0|6|0|0|0|0|0|0|2|4|2|0|2|0
18270,9,True,7,14,7,7|7|7|7|7|1|7|7|9|7|7|7|7|7|5
18295,2,True,3,15,3,6|3|3|3|3|6|3|3|3|3|3|3|3|6|3
18296,3,False,3,9,3,4|9|6|3|3|4|3|2|6|4|4|4|3|3|3
18347,9,True,4,14,4,4|4|4|4|6|4|4|9|4|4|4|4|4|4|4
18355,6,True,3,15,3,3|3|3|3|3|3|3|3|3|3|3|3|3|3|3
18356,6,True,0,3,6,6|0|6|6|0|6|0|6|6|6|6|6|6|6|6
18396,4,True,6,1,4,4|4|4|4|4|4|9|4|4|4|4|4|4|4|4
18417,9,True,4,12,4,9|0|4|4|4|0|0|4|2|4|4|4|9|4|9
18432,9,True,7,15,7,7|5|7|8|7|3|5|7|5|7|7|7|7|7|7
18434,5,True,9,0,5,5|5|5|5|5|5|5|5|5|5|5|5|5|5|5
18446,3,True,5,15,5,5|5|5|5|5|5|9|5|5|5|5|5|5|9|5
18448,9,False,9,13,5,5|5|5|5|5|5|5|5|5|5|5|9|5|9|5
18462,0,False,0,11,6,6|0|6|6|0|6|0|6|6|6|6|6|0|6|6
18497,4,True,6,10,0,0|0|4|4|2|0|0|4|2|2|4|0|0|4|0
18510,7,True,5,15,5,5|5|5|1|5|5|5|5|5|5|5|3|5|5|5
18525,6,True,3,8,6,6|3|6|3|6|4|2|6|3|3|6|6|6|3|2
18527,8,False,8,10,8,5|9|1|8|5|8|7|3|3|7|3|8|8|8|1
18539,9,False,9,14,5,5|5|5|5|5|5|5|5|5|5|5|5|5|9|5
18571,7,False,7,1,7,7|7|7|7|7|7|4|7|7|7|7|7|7|7|7
18576,6,True,0,6,6,6|0|6|6|6|0|0|6|6|0|0|6|0|6|6
18596,0,True,2,14,4,9|9|4|4|4|0|4|9|2|4|4|4|4|9|4
18639,0,True,1,15,1,1|1|1|1|1|1|1|1|1|1|1|1|1|1|1
18647,5,False,5,1,5,5|5|7|5|5|5|5|5|5|5|5|5|5|5|5
18654,9,True,7,14,7,7|7|7|7|7|7|7|7|7|7|7|7|7|9|7
18667,7,True,5,15,5,5|1|5|3|3|5|5|1|5|5|5|5|5|1|5
18689,2,False,2,10,-1,2|3|6|2|4|6|2|3|4|2|6|6|2|9|6
18704,5,False,5,9,5,5|5|7|5|1|3|5|7|5|2|1|7|7|5|9
18720,1,False,1,2,1,1|1|1|1|1|0|0|1|1|1|1|1|1|1|1
18753,7,True,5,8,-1,5|5|7|7|5|5|7|6|5|5|7|7|7|7|5
18756,5,True,9,8,5,5|5|8|5|5|0|5|8|5|7|9|9|5|9|9
18761,7,False,7,1,7,7|7|7|7|7|7|7|7|7|4|7|7|7|7|7
18770,6,True,9,15,5,5|5|5|5|5|5|5|9|5|5|5|5|5|9|5
18781,3,True,2,15,4,9|4|4|4|9|0|4|4|4|4|4|4|4|4|9
18817,9,True,7,10,7,7|7|7|9|7|5|7|9|7|7|7|9|9|9|7
18832,9,True,7,12,7,7|7|7|7|7|7|7|9|7|9|7|7|7|9|7
18841,3,False,3,2,3,3|3|6|3|3|2|3|3|3|3|3|3|3|3|3
18856,8,False,8,2,8,3|8|8|8|8|8|3|8|8|8|8|8|8|8|8
18874,6,True,2,15,2,2|2|2|2|0|0|2|3|2|2|0|3|2|2|2
18899,5,True,9,0,5,5|5|5|5|5|5|5|5|5|5|5|5|5|5|5
18903,4,True,6,8,4,0|0|4|4|0|2|0|4|0|4|4|4|6|4|2
18942,4,True,6,13,0,2|0|6|0|0|0|0|2|6|2|0|4|0|4|0
18958,0,True,1,13,1,7|7|3|1|1|1|0|3|0|1|7|1|1|1|7
18969,9,False,9,6,9,9|9|5|5|9|9|9|9|9|7|5|5|5|9|9
18979,9,True,4,7,9,4|9|9|9|9|4|9|4|4|4|9|9|4|9|4
18998,9,True,8,15,8,8|3|3|8|8|8|3|3|8|1|8|8|8|8|8
19001,4,True,6,12,0,2|0|6|0|0|4|0|0|0|4|0|4|0|6|6
19003,0,True,2,13,4,2|9|2|4|2|0|4|9|4|4|0|4|4|9|4
19007,5,False,5,8,5,5|5|7|5|9|5|7|5|5|7|7|7|5|9|7
19019,9,False,9,15,5,5|7|7|5|3|7|8|7|5|2|5|5|5|5|4
19023,4,True,6,15,0,0|0|6|6|0|0|0|0|0|0|0|0|0|0|0
19024,4,True,6,11,2,4|2|4|4|2|3|0|2|0|1|0|2|0|2|4
19083,0,False,0,7,0,6|0|6|6|0|0|0|6|1|0|0|6|0|6|0
19108,1,True,5,9,5,5|1|5|1|1|5|5|1|5|1|1|2|5|5|5
19113,2,True,3,7,2,3|6|3|2|3|3|2|3|2|2|3|2|2|2|2
19116,3,False,3,15,6,6|6|6|6|0|6|4|6|0|2|6|6|6|6|0
19120,6,True,0,7,6,6|0|6|6|0|0|0|6|6|6|0|0|6|6|0
19174,9,False,9,15,7,6|8|2|5|4|8|2|7|0|2|7|7|5|5|7
19201,5,False,5,3,5,5|1|5|5|5|5|5|7|5|7|5|5|5|5|5
19205,2,True,7,14,7,7|7|7|7|7|7|7|7|7|2|7|7|7|9|7
19208,8,False,8,1,8,8|8|8|8|8|8|8|8|8|8|8|8|8|8|7
19224,4,True,1,14,1,1|1|1|1|1|1|4|1|1|1|1|1|1|1|1
19232,2,True,5,9,-1,2|5|5|5|5|5|2|7|2|2|8|7|5|2|2
19257,4,True,6,14,6,6|0|6|6|6|6|0|6|6|4|6|6|6|6|6
19259,9,True,7,6,9,9|9|7|9|9|5|9|9|5|5|7|9|7|9|9
19266,3,True,8,15,8,8|8|8|8|8|8|8|8|8|8|8|8|8|8|8
19269,2,True,9,15,5,5|5|5|5|5|5|5|9|5|5|5|5|5|9|5
19290,0,False,0,13,6,6|6|6|6|0|6|0|6|6|6|6|6|6|6|6
19294,3,False,3,9,2,2|3|3|2|3|3|2|3|2|2|6|1|2|2|3
19297,8,False,8,10,3,3|3|8|3|3|8|3|8|8|8|3|3|3|3|3
19326,0,False,0,10,6,6|0|6|6|0|0|0|6|6|6|6|6|0|6|6
19349,7,True,1,15,1,1|0|1|1|1|0|1|1|1|1|0|1|0|0|1
19357,6,False,6,9,4,6|4|6|6|0|6|0|6|4|6|4|4|4|4|4
19364,1,False,1,3,1,1|1|1|1|1|1|0|1|1|1|1|1|0|0|1
19386,5,False,5,7,5,5|3|5|5|1|5|9|7|5|1|5|7|7|5|5
19388,6,False,6,13,4,4|4|6|4|4|4|4|8|4|2|4|6|4|4|4
19414,2,True,3,12,3,6|3|3|3|3|2|2|3|3|2|3|3|3|3|3
19462,4,True,6,12,6,6|8|6|4|2|0|3|8|4|1|4|6|6|8|1
19465,3,False,3,8,-1,3|3|3|2|3|3|2|3|2|2|6|3|2|2|2
19533,8,True,2,14,2,2|0|2|0|0|0|2|0|2|2|0|2|2|8|2
19558,4,True,6,13,6,2|4|6|6|5|1|3|6|6|1|6|6|6|4|6
19567,5,True,9,7,5,5|9|8|5|5|9|8|8|5|2|7|5|5|5|5
19583,2,True,3,13,4,3|4|6|4|3|2|3|9|4|4|4|4|3|6|2
19626,9,True,4,10,4,9|4|9|4|9|4|9|9|4|4|4|4|4|4|4
19654,4,True,7,15,7,7|7|7|7|7|7|7|7|7|7|7|8|7|7|7
19683,0,True,1,14,1,1|1|1|1|1|1|0|1|1|1|1|1|1|1|1
19704,9,False,9,12,5,5|5|5|5|5|5|9|9|5|5|5|5|5|9|5
19743,1,False,1,2,1,1|1|1|1|1|1|1|1|1|1|7|1|7|1|1
19744,6,True,0,4,6,6|0|6|6|0|6|0|6|6|6|0|6|6|6|6
19808,1,False,1,1,1,1|1|1|1|1|1|1|1|1|1|1|1|7|1|1
19817,9,False,9,12,5,5|5|5|5|9|5|5|9|5|2|5|5|5|9|5
19863,0,True,1,12,1,1|1|1|1|1|0|0|1|0|6|1|1|1|1|1
19865,1,True,5,14,5,7|8|7|1|7|5|5|7|5|5|6|2|5|3|4
19903,6,False,6,12,4,6|4|6|4|8|6|4|4|4|2|4|4|4|8|4
19906,3,True,5,14,5,5|5|7|5|5|5|5|3|5|7|5|7|5|2|5
19920,2,True,3,12,3,3|3|3|3|3|2|2|3|3|2|6|6|3|3|3
19922,4,False,4,6,4,4|4|9|4|9|4|3|9|9|4|4|4|4|3|4
19931,7,True,1,12,1,1|1|7|1|1|1|1|4|1|1|7|1|7|1|1
19932,2,False,2,13,9,9|9|9|9|4|4|2|9|4|2|4|4|4|9|9
19938,7,False,7,0,7,7|7|7|7|7|7|7|7|7|7|7|7|7|7|7
19950,3,False,3,5,3,3|3|3|3|3|2|2|3|3|2|3|3|2|2|3
19963,6,False,6,14,8,1|4|8|9|6|3|0|3|7|2|8|8|8|4|0
19964,7,False,7,0,7,7|7|7|7|7|7|7|7|7|7|7|7|7|7|7
19965,4,True,6,12,6,6|6|6|6|6|6|0|6|6|0|6|6|4|4|4
19970,3,True,7,15,7,7|7|7|7|7|1|7|7|2|7|7|7|7|7|7
19984,4,True,6,1,4,4|4|4|4|4|0|4|4|4|4|4|4|4|4|4
19993,2,True,3,13,3,3|3|3|3|3|3|3|3|3|2|3|3|3|2|3
19997,6,False,6,13,4,2|0|6|4|8|4|4|6|4|4|4|4|4|2|4
20011,5,False,5,12,7,7|7|7|7|7|5|7|3|2|5|7|5|7|7|7
20015,7,True,1,14,1,0|1|1|1|1|1|1|1|1|1|1|1|7|1|0
20018,6,True,2,15,4,4|9|9|4|4|4|2|9|4|4|4|9|4|9|9
20028,9,False,9,14,5,5|5|5|5|5|5|5|6|5|5|5|5|5|5|9
20043,9,True,8,14,8,8|8|8|8|8|8|9|8|8|8|8|8|8|8|4
20045,4,False,4,4,4,4|4|9|4|9|4|9|9|4|4|4|4|4|4|4
20049,0,False,0,11,6,6|0|6|6|0|6|0|6|6|6|0|6|6|6|6
20052,2,False,2,13,0,0|0|4|2|0|0|0|4|0|4|0|4|2|0|0
20080,1,False,1,4,1,1|1|1|1|1|7|7|7|1|1|7|1|1|1|1
20110,2,True,7,15,7,7|3|7|7|5|7|7|7|7|5|7|7|7|7|7
20117,3,True,2,15,2,2|0|4|2|2|0|2|4|0|2|0|4|2|2|2
20136,6,True,0,2,6,6|6|6|6|0|6|0|6|6|6|6|6|6|6|6
20140,4,True,6,12,2,2|8|8|4|4|3|2|0|2|2|8|4|0|9|9
20144,3,False,3,12,4,3|4|6|4|3|4|9|6|4|4|3|4|4|4|8
20152,3,False,3,0,3,3|3|3|3|3|3|3|3|3|3|3|3|3|3|3
20165,7,False,7,6,7,7|3|7|7|7|3|7|7|8|7|7|7|3|2|1
20176,9,True,4,10,4,9|9|4|4|4|9|4|9|4|4|4|4|4|9|4
20181,1,True,3,15,8,8|3|3|8|8|6|8|7|8|2|4|8|3|8|8
20197,4,True,7,15,7,7|7|7|7|7|7|7|7|7|7|7|7|7|7|7
20199,1,False,1,3,1,1|0|1|1|1|1|0|1|0|1|1|1|1|1|1
20206,2,True,3,12,3,3|3|3|3|3|2|3|3|2|3|3|3|3|2|3
20209,8,False,8,4,8,8|8|8|8|8|0|3|8|8|2|8|8|8|8|3
20211,4,True,6,3,4,4|9|9|4|4|4|4|4|9|4|4|4|4|4|4
20244,2,True,3,10,3,3|3|3|3|3|2|2|3|2|2|3|3|3|2|3
20245,7,True,1,12,1,1|1|7|3|1|3|0|7|0|1|4|1|7|1|3
20273,8,False,8,4,8,8|8|8|8|8|8|2|7|8|7|8|8|8|1|8
20276,3,True,4,15,4,9|4|8|4|4|0|0|8|6|4|7|5|6|9|4
20280,1,True,5,14,5,1|5|5|5|5|5|5|7|5|5|5|5|5|5|9
20296,6,False,6,7,6,4|6|6|6|6|6|3|6|4|4|4|6|6|4|4
20357,4,False,4,6,4,9|4|9|4|4|4|9|9|4|4|4|4|4|9|9
20360,5,True,8,15,8,8|8|8|6|8|8|8|8|8|1|8|8|8|8|8
20369,2,True,5,15,7,7|7|7|5|7|5|7|5|5|7|7|5|7|5|5
20377,0,False,0,10,6,6|0|6|6|0|0|0|6|6|6|6|6|6|6|0
20380,3,False,3,4,3,3|3|3|3|8|2|3|3|3|3|4|3|3|3|8
20386,3,True,8,14,8,8|8|8|8|8|8|3|6|8|8|8|8|8|8|8
20391,0,False,0,12,6,2|6|8|6|6|8|3|0|1|1|0|6|6|8|0
20399,6,True,1,15,1,1|1|1|1|1|7|1|7|1|1|7|1|7|1|1
20421,2,True,5,13,7,7|7|7|1|7|2|2|5|5|7|7|7|5|7|7
20425,9,True,4,13,4,4|4|4|4|4|4|9|9|4|4|4|4|4|4|4
20431,9,True,4,14,4,4|9|4|4|4|0|4|4|4|4|4|4|4|4|4
20435,4,True,6,15,6,6|6|6|6|0|0|0|6|6|0|0|6|6|6|0
20451,2,True,3,12,3,6|3|3|6|3|2|2|3|3|3|6|0|3|3|2
20453,0,True,2,4,0,0|0|4|0|0|0|0|0|2|2|0|0|0|2|0
20490,7,True,1,15,1,1|1|1|1|1|0|0|1|1|1|1|1|0|1|1
20496,1,False,1,3,1,7|1|1|1|1|1|0|7|1|1|1|1|1|1|1
20514,5,True,9,1,5,5|5|5|5|5|5|5|6|5|5|5|5|5|5|5
20517,5,False,5,4,5,5|1|5|5|3|2|5|3|5|5|5|5|5|5|5
20529,4,False,4,10,4,2|0|4|4|0|6|2|4|4|2|4|6|2|9|0
20604,0,True,2,5,0,6|0|4|6|2|0|0|0|0|0|0|0|0|8|0
20628,3,True,8,15,8,8|8|8|8|8|8|8|8|8|8|8|8|8|8|8
20637,6,True,1,15,1,1|1|1|1|1|1|1|1|1|1|1|1|1|1|1
20685,7,False,7,0,7,7|7|7|7|7|7|7|7|7|7|7|7|7|7|7
20714,9,True,7,14,7,7|7|7|7|7|2|9|7|7|7|7|7|7|7|7
20778,6,False,6,2,6,6|6|6|6|6|6|0|6|6|6|6|6|6|4|6
20794,1,True,8,14,8,8|8|8|8|8|8|5|8|8|8|8|8|8|8|1
20811,4,True,6,15,6,6|6|6|6|3|3|2|6|6|6|6|6|6|6|0
20812,1,False,1,2,1,1|1|1|1|1|1|0|1|1|1|1|1|0|1|1
20838,5,True,8,15,8,8|8|8|8|8|8|8|8|8|8|8|8|8|8|8
20854,3,True,8,14,8,8|8|8|8|8|8|3|8|8|8|8|8|8|8|8
20901,4,True,6,0,4,4|4|4|4|4|4|4|4|4|4|4|4|4|4|4
20935,3,True,7,15,7,7|7|7|7|7|7|7|7|7|7|7|7|7|7|7
20953,5,True,9,1,5,5|5|5|5|5|5|5|5|5|5|5|5|5|9|5
21031,6,True,0,13,4,4|4|8|4|4|0|0|1|4|4|4|6|6|4|0
21032,2,True,9,14,5,9|5|5|9|5|5|5|9|5|5|9|5|5|2|5
21037,5,False,5,5,5,5|1|5|5|5|5|3|1|5|5|5|3|5|3|5
21045,6,False,6,10,6,6|4|6|6|0|0|4|4|6|0|4|8|0|6|3
21049,9,False,9,13,5,5|5|5|5|1|1|5|9|5|5|5|5|5|9|5
21064,2,True,3,15,3,6|3|6|3|3|4|3|3|3|4|4|3|6|6|3
21073,2,True,3,13,4,2|9|4|4|4|3|0|4|3|2|0|4|6|4|1
21093,9,False,9,12,5,5|5|5|5|5|5|5|9|5|5|5|5|5|9|9
21097,2,False,2,13,0,0|0|4|2|0|0|2|4|0|0|0|0|0|0|0
21116,7,False,7,4,7,7|5|7|7|7|1|7|7|9|7|7|7|3|7|7
21120,9,True,4,6,9,9|9|9|9|9|4|4|9|9|4|4|4|9|4|9
21133,9,False,9,12,5,5|5|5|5|5|5|9|5|5|5|9|5|5|5|9
21145,4,True,6,9,4,0|0|2|4|2|0|2|8|4|2|4|4|4|2|4
21152,3,True,8,12,8,8|8|8|8|3|8|3|8|8|8|8|8|8|8|3
21159,0,False,0,10,6,6|6|6|6|3|6|0|0|6|4|6|6|0|0|0
21163,8,False,8,4,8,8|1|8|8|8|8|8|7|8|8|7|8|8|8|9
21167,5,False,5,7,5,5|1|5|1|5|5|5|1|5|5|1|3|5|1|1
21176,1,True,8,14,8,8|8|8|8|8|8|5|8|8|8|8|8|8|8|1
21185,3,True,8,11,8,5|8|8|3|3|8|8|8|8|2|8|3|8|3|8
21191,6,True,0,9,6,2|3|6|6|6|4|3|6|3|0|6|6|3|2|3
21200,7,True,5,14,5,5|5|5|5|5|5|5|5|5|5|5|5|7|5|5
21225,6,False,6,15,4,4|4|4|4|4|4|4|4|4|4|4|4|4|4|4
21265,7,False,7,6,7,7|7|7|7|7|7|9|9|7|4|9|7|7|2|9
21276,5,False,5,5,5,5|1|3|5|7|5|5|7|5|5|7|5|5|5|5
21307,8,False,8,0,8,8|8|8|8|8|8|8|8|8|8|8|8|8|8|8
21308,1,False,1,4,1,1|1|1|1|1|0|0|1|1|0|1|1|0|1|1
21331,1,False,1,3,1,1|1|1|1|1|3|0|1|1|1|1|1|7|1|1
21337,1,False,1,2,1,1|1|1|1|1|0|0|1|1|1|1|1|1|1|1
21353,2,False,2,13,-1,8|7|6|1|3|6|2|1|3|2|3|6|8|9|8
21356,3,False,3,5,3,6|3|3|3|3|2|3|3|3|3|6|3|2|2|3
21379,9,True,4,13,4,4|4|4|4|4|4|4|9|4|4|4|4|9|4|4
21380,2,True,5,15,5,5|5|1|5|5|5|5|1|5|5|5|1|5|5|3
21383,3,True,8,14,8,8|8|8|8|8|8|8|8|8|8|8|3|8|8|8
21399,2,True,3,14,3,8|3|6|3|2|3|3|8|6|1|6|3|6|6|3
21408,8,False,8,0,8,8|8|8|8|8|8|8|8|8|8|8|8|8|8|8
21409,7,True,1,15,1,1|1|1|1|1|1|1|1|1|1|1|1|1|1|1
21421,2,False,2,12,0,0|0|6|2|0|0|0|0|2|2|0|0|0|0|0
21422,9,False,9,15,5,5|5|5|5|5|5|5|5|5|5|5|5|5|5|5
21428,8,True,2,15,4,9|4|6|4|4|4|2|6|4|4|4|4|4|4|6
21438,5,False,5,13,7,5|3|8|1|7|7|9|1|9|7|7|3|5|7|9
21453,6,False,6,11,4,4|4|3|3|4|4|1|6|6|2|6|4|2|6|9
21467,1,True,8,14,8,8|8|8|8|8|8|2|8|1|4|8|8|8|8|8
21471,5,False,5,6,5,5|1|5|1|1|5|5|5|5|3|1|1|5|5|5
21518,1,True,7,14,9,5|7|9|2|8|1|2|7|5|9|7|8|9|9|9
21537,2,True,5,15,5,5|5|5|7|7|5|5|5|5|7|7|5|5|1|5
21544,9,True,5,15,5,5|5|5|3|5|5|2|8|5|5|3|5|5|5|5
21546,6,False,6,6,6,6|4|6|6|6|6|6|6|4|6|4|6|4|4|4
21579,1,False,1,2,1,1|1|1|1|0|1|1|1|1|1|1|1|0|1|1
21586,0,True,2,12,2,2|4|2|2|8|0|2|4|2|2|0|2|8|4|0
21589,6,True,0,6,6,6|0|6|6|0|0|0|6|6|6|0|6|0|6|6
21613,7,True,1,13,1,1|1|7|1|1|7|4|1|1|1|1|1|1|1|1
21640,4,False,4,2,4,4|4|6|4|4|4|2|4|4|4|4|4|4|4|4
21642,0,False,0,12,6,6|9|6|6|6|0|5|6|6|4|3|3|0|6|0
21693,4,True,6,12,6,6|6|6|6|0|6|0|6|6|6|6|6|4|4|4
21714,6,True,0,4,6,6|0|6|6|0|6|0|6|6|6|6|6|0|6|6
21721,9,True,4,13,4,9|4|4|4|4|4|4|9|0|4|4|4|4|4|4
21722,8,False,8,1,8,8|8|8|8|8|8|8|8|8|8|8|8|7|8|8
21746,6,False,6,9,6,2|6|6|8|4|6|2|6|6|4|4|8|4|6|4
21792,1,True,3,15,4,4|9|4|4|4|4|2|4|4|4|4|4|4|4|0
21796,7,True,5,9,7,7|5|7|5|5|3|9|8|5|7|7|7|7|2|5
21804,0,True,2,12,2,4|0|6|2|4|0|2|0|2|4|4|4|2|2|2
21843,5,True,9,1,5,5|5|5|5|5|5|5|5|5|5|5|5|5|5|9
21848,8,False,8,2,8,8|8|8|8|8|8|8|8|3|8|8|8|8|3|8
21856,4,True,6,9,4,4|0|8|4|0|0|4|0|0|2|8|2|4|4|4
21878,9,True,4,11,4,9|9|9|4|4|4|4|4|4|4|4|9|4|4|4
21896,6,True,0,9,6,6|6|3|6|0|6|0|6|3|0|1|6|4|0|0
21905,5,True,9,3,5,5|5|5|5|5|5|5|9|5|5|5|9|5|9|5
21949,6,True,0,5,6,6|0|6|6|0|0|0|6|0|6|6|6|6|6|6
21980,6,True,0,12,3,0|3|3|8|0|2|3|8|6|1|3|8|2|6|6
21996,0,True,1,13,1,1|1|1|1|1|1|0|0|1|1|1|1|1|1|1
22033,6,True,3,12,3,3|3|6|3|3|2|3|6|3|3|3|3|3|6|3
22059,5,True,9,2,5,5|5|5|5|5|5|5|5|5|5|9|5|5|9|5
22075,2,False,2,11,0,0|0|6|2|0|0|0|0|0|2|0|2|0|2|0
22084,2,False,2,14,0,6|0|2|0|0|0|0|8|0|0|4|6|0|0|0
22109,2,True,3,11,3,3|3|3|2|3|2|3|3|6|1|3|3|3|2|2
22113,0,False,0,7,0,6|0|6|6|0|0|0|6|6|6|0|0|0|6|0
22125,3,True,8,15,8,8|8|8|8|8|8|8|8|8|8|8|8|8|8|1
22144,5,True,9,1,5,5|5|9|5|5|5|5|5|5|5|5|5|5|5|5
22155,9,False,9,13,5,5|5|5|5|5|5|5|9|5|1|7|5|5|9|5
22171,5,True,9,3,5,5|5|5|5|5|5|5|9|5|5|5|5|5|9|9
22189,7,False,7,8,7,5|7|7|7|7|5|5|7|5|1|7|9|7|1|5
22206,2,True,9,15,5,5|5|5|5|5|5|5|5|5|5|5|5|5|5|5
22220,9,True,4,11,4,9|4|6|4|9|4|9|4|0|4|4|4|4|4|9
22221,2,False,2,14,4,9|9|2|4|4|0|9|9|4|4|4|4|4|4|4
22226,4,True,1,14,7,7|1|7|7|1|1|7|7|4|7|7|1|7|7|7
22239,1,False,1,0,1,1|1|1|1|1|1|1|1|1|1|1|1|1|1|1
22268,3,True,5,14,5,5|5|5|5|1|5|5|5|5|5|5|5|5|5|3
22273,4,True,6,12,6,6|6|6|4|0|6|0|6|6|3|4|6|6|4|2
22280,7,False,7,5,7,5|7|7|7|5|5|9|7|6|7|7|7|7|7|7
22281,9,False,9,13,5,5|5|5|5|5|5|5|9|5|5|5|5|5|9|5
22286,6,True,3,12,3,6|3|6|3|3|3|3|4|3|3|3|3|3|2|6
22295,3,False,3,5,3,3|3|3|3|3|2|2|3|2|2|3|3|3|2|3
22306,4,False,4,10,9,9|9|9|9|9|9|4|9|4|4|4|9|4|9|9
22312,0,True,2,3,0,0|0|6|2|0|0|0|0|0|0|0|0|0|2|0
22336,6,True,0,5,6,6|0|6|6|0|0|0|6|6|6|0|6|6|6|6
22349,9,True,4,7,9,4|9|9|4|9|9|9|9|4|9|4|4|4|9|4
22352,8,False,8,1,8,8|8|8|8|8|8|8|8|8|8|9|8|8|8|8
22399,9,True,4,15,4,3|4|6|6|4|4|0|4|6|4|4|4|4|4|4
22412,9,False,9,14,5,5|5|5|5|5|5|5|1|5|5|5|5|5|5|9
22418,7,True,1,15,1,1|1|1|1|1|1|1|1|1|1|1|1|1|1|1
22450,3,False,3,10,3,6|3|3|6|0|2|2|3|0|1|6|3|3|6|1
22462,0,False,0,12,6,6|0|6|6|0|6|0|6|6|6|6|6|6|6|6
22477,5,True,9,2,5,5|5|5|5|5|5|5|5|5|5|5|9|5|9|5
22487,9,True,4,11,4,6|4|9|4|4|4|9|9|9|4|4|4|2|4|6
22496,6,True,3,15,3,2|3|3|3|2|3|3|3|2|2|3|3|3|2|2
22506,6,True,0,5,6,6|0|6|6|0|0|0|6|6|6|6|6|6|6|0
22529,3,True,5,14,5,5|5|5|5|1|5|5|1|5|5|1|1|3|5|5
22552,6,True,0,5,6,6|6|4|6|0|6|0|6|6|6|4|6|6|4|6
22568,2,False,2,8,2,2|8|8|8|4|2|2|8|2|4|2|4|2|2|4
22569,6,False,6,15,4,9|4|4|4|4|9|4|4|4|4|4|4|4|4|4
22573,9,False,9,15,5,5|5|5|5|5|5|5|5|5|5|5|5|5|5|5
22576,0,False,0,15,8,8|8|8|8|8|8|8|8|8|1|8|8|8|8|8
22587,7,True,1,13,1,1|1|1|1|1|1|2|1|1|1|7|1|7|1|1
22608,2,True,7,15,7,7|7|7|7|7|7|7|7|7|7|7|7|7|7|7
22623,7,True,1,12,1,6|1|1|1|1|7|1|7|1|1|1|1|1|1|7
22644,9,True,7,11,7,7|7|7|9|5|7|9|7|7|7|7|7|7|9|9
22653,5,True,9,2,5,5|5|5|5|5|5|5|9|5|8|5|5|5|5|5
22666,0,False,0,7,0,6|0|6|6|0|0|0|6|6|0|0|0|0|6|6
22675,9,True,7,15,7,7|4|7|7|7|1|7|7|2|7|7|1|7|5|7
22693,0,True,2,7,0,0|0|6|2|3|0|8|0|2|2|0|0|0|0|9
22717,0,True,2,3,0,0|0|0|2|0|0|0|0|0|2|0|0|0|2|0
22718,0,False,0,9,0,0|9|6|2|0|0|8|9|3|0|0|0|2|4|4
22732,0,False,0,12,6,6|0|6|6|0|6|0|6|6|6|6|6|6|6|6
22733,5,True,9,1,5,5|5|5|5|5|5|5|9|5|5|5|5|5|5|5
22734,5,False,5,14,7,5|6|7|7|1|9|2|7|7|7|7|7|7|8|2
22736,6,True,0,3,6,6|0|6|6|0|6|6|6|6|6|0|6|6|6|6
22752,1,False,1,0,1,1|1|1|1|1|1|1|1|1|1|1|1|1|1|1
22761,4,True,6,9,4,6|4|4|5|6|0|6|0|4|0|4|4|4|8|2
22767,4,False,4,8,-1,9|9|8|9|9|9|4|9|4|4|4|9|4|4|4
22776,4,True,6,15,8,0|8|8|8|2|0|0|8|0|2|9|2|8|8|8
22777,0,True,3,13,3,3|3|6|3|3|4|0|3|8|3|3|0|6|6|3
22793,6,False,6,13,4,6|4|6|4|4|4|4|4|4|4|4|4|4|4|4
22794,5,False,5,13,7,5|7|7|7|7|7|7|7|5|7|7|7|4|9|9
22828,6,True,0,4,6,6|6|6|6|0|0|0|6|6|6|0|6|6|6|6
22899,3,False,3,10,-1,6|6|3|3|1|3|0|3|1|1|7|1|3|7|1
22900,9,True,7,6,9,7|9|7|9|9|9|9|9|7|8|9|9|7|9|5
22920,6,False,6,14,2,2|8|2|2|8|8|2|8|2|2|4|6|5|2|2
22935,0,True,1,15,1,1|1|7|1|1|1|2|1|1|1|6|1|1|1|1
22938,2,True,3,11,3,3|3|6|3|3|3|2|3|2|3|3|3|2|2|3
22945,4,True,6,8,-1,2|6|6|6|4|6|4|6|4|6|4|6|4|4|4
22958,0,False,0,15,2,7|4|8|5|8|2|2|4|3|2|4|2|4|2|2
22983,4,False,4,13,3,2|9|3|6|3|3|3|6|3|3|4|4|3|2|3
22991,0,False,0,9,0,0|6|6|0|6|0|0|8|3|1|0|0|2|6|6
22993,1,True,5,10,5,7|7|7|1|1|5|5|5|1|5|5|1|5|1|5
22998,9,True,4,14,4,4|9|3|4|8|4|4|4|2|4|4|4|4|4|3
23034,6,True,3,14,3,1|3|2|1|3|2|3|3|3|1|7|1|6|8|3
23047,4,True,6,12,6,6|0|6|6|6|6|4|6|6|6|4|6|6|4|6
23049,2,True,0,15,6,6|8|6|6|0|6|6|4|6|4|4|6|6|6|6
23067,6,True,0,14,0,0|0|6|0|0|4|0|4|0|0|0|0|0|4|4
23088,6,True,0,6,6,6|0|6|6|0|0|0|6|6|4|4|6|6|6|6
23090,6,False,6,13,1,3|1|2|4|1|5|9|7|1|1|6|4|6|1|4
23096,0,False,0,10,6,6|0|6|6|0|0|0|6|6|6|6|6|0|6|6
23108,2,True,3,9,3,3|3|3|3|3|2|2|3|2|2|3|3|3|2|2
23121,5,True,9,2,5,5|5|5|5|5|5|5|9|5|5|5|5|5|9|5
23133,2,False,2,14,4,4|4|2|4|4|0|4|4|4|4|4|6|4|4|9
23151,1,False,1,4,1,1|1|1|1|1|0|1|0|1|1|0|1|0|1|1
23158,6,False,6,14,4,4|4|4|4|4|4|4|6|4|4|4|4|4|4|4
23199,2,False,2,10,0,2|0|4|0|0|0|4|8|2|2|4|2|0|2|0
23223,6,True,0,7,6,6|8|6|4|6|0|0|6|6|4|4|6|6|6|4
23241,6,False,6,12,4,6|8|8|4|0|2|5|4|8|1|4|6|0|4|6
23289,9,True,4,14,3,3|3|3|3|3|3|3|9|2|3|3|3|3|4|3
23295,3,True,8,15,8,8|8|8|8|8|8|8|8|8|8|8|8|8|8|8
23322,6,False,6,5,6,6|4|6|6|0|6|0|6|6|6|4|6|4|6|6
23327,9,True,8,15,8,8|8|8|8|8|8|8|8|8|8|8|8|8|8|8
23381,7,True,8,15,8,5|8|8|8|8|9|8|8|8|8|8|8|8|1|8
23455,4,False,4,4,4,4|4|6|4|4|4|4|4|4|2|4|4|2|4|9
23476,6,True,0,15,3,0|1|3|3|0|0|0|3|0|3|3|1|7|3|1
23485,1,True,8,15,7,7|7|8|7|8|8|7|5|8|8|7|7|7|8|7
23503,4,True,6,3,4,4|6|6|4|4|6|4|4|4|4|4|4|4|4|4
23510,0,True,1,14,1,5|1|8|1|1|1|1|3|0|1|3|1|1|7|1
23542,9,False,9,14,5,5|5|5|5|5|5|5|9|5|5|5|5|5|5|5
23544,2,True,3,12,3,3|3|3|3|3|3|2|3|3|2|3|3|3|2|3
23581,2,True,3,10,3,2|3|3|3|3|2|3|3|2|2|3|3|3|2|3
23608,0,False,0,14,6,6|4|6|6|4|6|0|6|6|6|6|6|6|6|6
23629,6,True,1,15,1,1|1|7|1|1|1|1|1|1|1|1|7|1|1|1
23639,2,False,2,12,0,0|0|2|2|0|0|0|0|0|2|0|0|4|4|4
23641,9,False,9,8,9,9|9|5|2|7|7|7|9|2|2|9|9|9|2|9
23646,2,True,5,11,5,5|6|3|5|5|5|2|7|5|2|5|5|5|2|2
23671,6,False,6,15,4,4|4|4|4|4|4|4|4|4|4|4|4|4|4|4
23685,0,True,1,11,1,1|1|1|1|1|0|0|1|1|1|1|1|0|0|1
23719,2,False,2,12,6,2|3|6|2|0|0|2|6|6|0|6|6|3|6|4
23722,9,True,4,7,9,9|9|9|9|9|4|9|9|4|4|4|4|4|9|4
23724,9,False,9,12,7,9|5|7|7|7|5|8|5|5|2|7|7|7|9|9
23742,2,False,2,14,0,0|0|4|2|0|0|0|4|0|0|4|0|0|0|0
23764,3,True,2,14,4,4|0|4|9|3|4|4|9|2|4|9|2|2|4|2
23787,3,True,7,15,7,7|7|7|7|7|7|7|9|7|7|7|7|7|7|7
23816,4,True,7,7,4,7|7|7|7|7|4|4|7|7|4|4|4|4|4|4
23822,0,False,0,13,6,6|6|3|6|6|4|0|6|1|6|6|4|6|6|0
23835,8,False,8,3,8,8|8|8|8|3|9|9|8|8|8|8|8|8|8|8
23845,5,False,5,4,5,7|5|5|5|7|2|5|5|5|5|1|5|5|5|5
23850,4,False,4,6,4,9|4|9|9|9|4|9|9|4|4|4|4|4|4|4
23870,4,True,6,13,6,6|8|6|6|6|6|0|0|6|6|3|6|4|4|6
23901,0,True,1,13,-1,0|1|4|4|3|3|4|0|1|1|6|1|1|4|4
23915,0,False,0,13,6,6|3|3|6|0|0|6|3|6|6|3|6|6|6|6
23917,2,True,3,13,3,8|3|6|2|4|3|3|4|6|3|6|2|3|6|3
23935,1,True,4,15,4,8|4|9|4|4|4|4|4|4|4|4|4|4|4|4
23937,1,False,1,6,1,1|1|7|1|1|1|7|7|1|1|1|1|7|7|7
23938,0,False,0,9,6,0|0|6|6|0|6|0|6|0|0|4|6|6|6|6
23939,9,True,4,7,9,9|9|6|9|9|9|9|9|4|4|4|4|4|9|4
23942,5,True,9,10,9,7|9|5|5|5|9|9|9|5|5|9|9|9|9|9
23963,9,True,7,12,7,7|7|7|7|7|9|9|7|7|7|7|7|7|7|9
23964,0,False,0,12,6,6|0|6|6|0|6|6|6|6|6|0|6|6|6|6
24008,9,True,7,10,7,7|7|9|7|7|9|9|7|9|7|7|9|7|7|7
24018,5,False,5,6,5,5|5|7|5|7|5|5|7|5|2|7|5|7|5|5
24035,6,False,6,15,4,8|4|4|4|4|4|4|4|4|4|4|4|2|4|4
24100,0,True,2,13,7,7|0|7|5|7|5|0|6|3|7|2|2|3|6|1
24103,3,True,8,15,8,8|8|8|8|8|8|8|8|8|8|8|8|8|8|8
24112,2,True,3,7,2,2|3|2|2|3|2|2|3|2|3|3|3|3|2|2
24117,8,False,8,5,8,8|8|8|3|3|8|3|8|8|3|8|8|8|3|8
24149,5,True,9,0,5,5|5|5|5|5|5|5|5|5|5|5|5|5|5|5
24166,9,True,4,7,9,9|9|9|9|9|4|4|9|4|4|4|9|4|9|4
24168,3,False,3,0,3,3|3|3|3|3|3|3|3|3|3|3|3|3|3|3
24185,9,True,4,12,4,4|4|9|4|4|4|9|9|4|2|4|4|4|4|4
24186,9,True,7,15,7,7|7|7|7|7|7|7|7|7|7|7|7|7|7|7
24192,0,False,0,7,0,6|0|6|4|0|0|0|6|6|0|0|0|6|6|0
24207,0,True,1,11,1,1|1|1|1|1|1|0|0|1|1|1|1|0|0|1
24224,0,True,2,11,8,6|8|4|4|8|0|0|8|0|8|8|8|6|8|0
24233,3,False,3,8,3,6|3|6|3|3|3|2|6|6|3|6|6|3|3|0
24243,4,True,6,9,-1,4|0|2|4|0|0|0|9|0|4|0|2|4|4|4
24253,8,False,8,0,8,8|8|8|8|8|8|8|8|8|8|8|8|8|8|8
24276,0,False,0,15,6,6|6|6|6|6|6|4|6|6|6|4|6|6|6|6
24278,6,True,9,15,5,5|5|5|5|5|5|5|9|5|5|5|8|5|9|5
24281,1,False,1,4,1,7|1|7|1|1|1|1|7|1|1|1|1|1|1|7
24291,3,True,2,13,4,4|9|4|4|4|3|4|9|4|4|4|4|4|4|3
24300,1,False,1,1,1,1|1|1|1|1|1|1|1|1|1|1|1|1|1|7
24304,3,False,3,1,3,3|3|3|3|3|3|3|3|3|3|3|3|3|2|3
24308,2,True,7,15,7,7|7|7|7|7|1|7|7|1|7|7|7|7|9|1
24312,3,False,3,7,3,8|3|3|3|8|7|3|3|6|1|8|3|3|5|3
24328,0,False,0,9,6,6|0|6|6|0|0|0|6|6|0|6|6|6|6|0
24351,9,True,4,8,4,9|9|9|4|9|4|9|9|9|4|4|4|4|4|4
24354,5,False,5,12,7,1|7|7|5|9|5|8|3|7|7|7|5|7|1|3
24363,8,False,8,5,8,7|9|8|8|1|1|8|8|8|8|8|8|7|8|8
24397,7,False,7,1,7,7|7|7|7|7|7|4|7|7|7|7|7|7|7|7
24434,6,True,0,9,0,6|0|8|6|0|0|0|0|0|0|6|6|0|6|6
24440,0,True,2,12,2,2|6|6|2|0|0|0|2|1|2|8|2|2|4|2
24444,3,False,3,3,3,3|3|3|3|3|3|6|3|3|3|3|3|3|2|7
24456,5,True,9,0,5,5|5|5|5|5|5|5|5|5|5|5|5|5|5|5
24473,6,True,0,7,6,0|0|3|6|0|6|0|3|6|2|6|6|6|6|6
24531,2,True,3,14,6,6|3|6|3|0|6|0|6|2|0|6|6|6|3|3
24540,3,True,7,15,7,7|7|7|7|7|7|7|7|7|7|7|7|7|9|7
24545,1,False,1,13,3,3|1|3|9|2|6|7|3|8|1|4|3|3|3|2
24558,6,True,0,5,6,6|0|6|6|0|0|0|6|6|6|6|6|6|6|0
24579,4,True,6,14,-1,5|6|2|3|3|6|2|6|6|2|3|3|2|8|4
24596,2,True,3,14,6,6|3|3|6|3|6|0|3|6|6|4|4|6|2|6
24597,0,True,2,12,2,2|3|2|2|0|2|2|2|2|2|0|0|2|4|2
24603,7,True,1,6,7,7|1|1|7|1|7|7|7|1|1|7|7|7|1|7
24609,1,True,8,15,8,9|8|8|4|8|8|4|8|6|9|8|9|0|8|8
24619,6,True,0,10,6,6|0|1|6|6|4|0|3|0|6|4|3|6|4|0
24676,9,False,9,12,5,5|5|5|5|5|5|5|9|5|5|9|5|5|5|9
24684,7,False,7,1,7,7|7|7|7|7|7|7|7|7|7|7|7|7|7|4
24697,9,True,4,12,4,4|9|4|4|9|4|2|9|4|4|4|6|4|4|0
24703,7,True,1,9,1,7|1|7|1|1|1|7|1|1|1|1|7|7|1|7
24781,3,True,8,14,-1,6|6|8|4|0|7|5|3|0|5|4|7|8|5|8
24789,1,True,5,9,1,1|3|1|1|7|5|2|1|5|5|7|1|5|1|3
24807,9,False,9,12,5,5|5|5|5|5|5|5|9|5|5|5|5|5|9|9
24809,0,True,2,7,0,4|0|6|2|0|0|2|0|0|2|0|0|2|4|0
24849,4,False,4,4,4,9|9|8|4|4|4|4|4|4|4|4|4|4|4|9
24879,8,False,8,1,8,8|8|8|1|8|8|8|8|8|8|8|8|8|8|8
24889,4,False,4,12,9,9|9|9|9|9|9|9|9|4|4|4|9|9|9|9
24902,2,False,2,15,0,6|0|6|4|0|0|0|8|1|0|6|0|4|4|0
24948,2,False,2,13,6,2|3|6|0|3|4|3|6|6|4|4|6|3|6|2
24951,1,False,1,1,1,1|1|1|1|1|1|0|1|1|1|1|1|1|1|1
24969,1,False,1,9,7,7|1|7|7|1|1|7|7|1|1|7|7|7|7|1
24977,5,False,5,11,7,5|7|7|5|1|7|7|1|5|3|7|3|5|2|3
24981,9,True,3,15,3,3|3|6|3|3|2|2|3|2|1|3|8|3|3|3
24986,4,False,4,6,4,9|9|9|4|9|4|9|4|4|4|4|4|4|9|4
24993,2,False,2,13,-1,2|3|6|0|8|6|4|6|4|1|4|1|6|4|2
24994,0,True,2,9,0,9|0|6|4|8|0|2|0|2|2|9|0|0|8|0
24995,0,False,0,12,6,2|5|3|6|1|3|6|6|1|2|6|8|0|0|0
25004,7,False,7,0,7,7|7|7|7|7|7|7|7|7|7|7|7|7|7|7
25037,0,True,1,12,1,1|1|1|1|1|0|0|0|1|1|1|1|1|1|1
25043,0,True,1,15,1,1|1|1|1|1|1|1|1|1|1|1|1|1|1|1
25044,7,False,7,4,7,7|7|7|7|7|7|9|9|7|7|7|7|7|9|9
25090,0,False,0,13,6,6|0|6|6|6|0|4|6|6|6|4|6|6|6|6
25108,2,False,2,13,0,0|0|6|0|0|0|2|0|0|2|0|0|0|0|0
25111,4,False,4,6,4,9|4|8|4|9|4|9|9|4|4|4|4|4|4|9
25116,1,False,1,3,1,1|1|1|1|1|7|1|1|1|1|1|1|7|1|7
25133,0,True,1,12,1,1|1|1|1|1|1|0|1|1|1|1|1|1|0|0
25144,3,True,8,2,3,3|3|3|3|3|7|3|3|3|5|3|3|3|3|3
25165,4,False,4,6,4,9|9|9|4|4|0|4|9|9|4|4|4|4|4|4
25169,3,True,2,15,-1,8|4|2|2|0|0|0|8|4|0|6|8|2|8|4
25172,2,True,3,13,3,6|3|3|3|3|3|3|3|3|2|0|3|3|3|2
25181,8,False,8,9,3,3|3|8|3|8|0|3|8|8|7|8|3|3|8|3
25188,9,True,8,15,8,8|3|8|8|8|8|3|3|3|8|8|8|3|8|8
25189,0,True,1,14,1,1|1|1|1|1|1|1|1|1|1|1|1|0|1|1
25190,3,True,8,12,8,8|8|8|8|8|8|3|3|8|8|8|8|8|8|3
25192,7,True,8,14,8,7|1|8|8|8|8|8|8|8|8|8|8|8|8|8
25197,6,False,6,15,4,4|9|4|4|4|4|4|9|4|4|4|4|4|4|4
25206,3,True,8,11,8,8|8|8|8|8|8|3|8|8|3|8|3|8|3|8
25209,9,True,7,8,9,7|9|5|5|9|5|9|9|5|5|7|7|9|9|9
25231,4,True,1,14,1,7|1|1|1|1|7|7|1|4|1|1|1|1|7|1
25235,5,True,9,3,5,5|5|5|5|5|5|5|9|5|5|5|9|5|5|9
25238,3,True,2,15,8,8|9|8|8|6|0|8|8|8|1|8|0|8|4|7
25244,4,False,4,3,4,4|4|9|4|4|4|4|9|4|4|4|4|4|4|9
25281,9,False,9,14,5,5|5|5|5|5|5|5|9|5|5|5|5|5|5|5
25318,6,True,9,15,5,5|5|5|5|5|5|5|9|5|5|5|5|5|9|5
25325,4,False,4,2,4,9|4|4|4|4|4|4|4|4|4|4|4|4|9|4
25334,7,True,8,15,8,8|8|8|8|8|8|8|8|8|8|8|8|8|8|8
25360,7,False,7,6,7,7|7|7|9|7|7|7|9|7|7|7|9|9|9|9
25381,2,True,5,11,5,3|5|7|2|5|5|2|7|5|2|5|1|5|2|5
25385,9,True,7,14,7,7|5|7|5|7|5|9|3|7|7|5|7|7|1|7
25389,9,True,8,15,8,8|8|8|8|1|8|8|8|8|8|8|8|8|8|8
25392,4,True,1,15,1,7|1|1|1|1|1|1|1|1|1|7|7|1|1|1
25393,8,True,1,15,1,1|1|1|1|1|1|1|1|1|1|1|1|1|1|1
25395,5,False,5,7,5,1|1|5|1|5|5|3|5|5|2|5|5|3|1|5
25465,6,True,0,9,6,6|9|6|4|6|4|0|6|3|6|4|2|4|4|6
25466,5,False,5,6,5,5|1|1|1|1|5|5|1|5|5|5|1|5|5|5
25482,6,True,0,8,0,0|0|6|6|0|0|0|6|6|0|6|6|6|0|0
25511,9,True,7,14,7,7|7|7|7|7|7|7|7|7|7|7|7|7|7|9
25514,3,True,7,15,7,7|7|7|7|7|7|7|7|7|7|7|7|7|4|7
25543,1,True,3,15,2,2|3|3|2|3|2|2|3|2|3|3|3|2|2|2
25578,4,True,6,6,4,9|4|4|4|6|4|0|1|4|4|4|6|4|4|1
25599,9,False,9,14,5,5|5|5|5|5|5|5|9|5|5|5|5|5|5|5
25605,3,False,3,5,3,2|3|6|3|3|2|2|3|3|3|3|3|3|2|3
25639,0,True,2,7,0,2|0|6|4|2|0|0|0|0|0|0|2|4|0|1
25641,9,True,4,14,4,4|4|4|4|4|4|4|4|9|4|4|4|4|4|4
25660,5,False,5,6,5,5|5|5|5|3|5|5|8|5|5|1|3|3|5|1
25665,2,False,2,11,0,2|0|6|0|8|0|0|0|2|2|4|0|2|8|0
25682,0,True,1,12,1,1|1|1|1|1|1|0|1|1|1|0|1|0|1|1
25686,2,False,2,13,0,2|0|6|0|0|0|0|0|0|2|0|0|4|4|0
25688,5,False,5,2,5,5|5|5|5|5|5|5|7|5|5|5|5|5|5|7
25700,3,True,7,15,7,7|7|7|7|7|7|7|7|7|7|7|7|7|7|7
25765,1,True,5,13,5,1|7|5|1|7|5|5|7|5|5|7|7|7|5|5
25776,6,False,6,14,0,0|0|6|2|0|0|0|0|0|2|0|0|0|4|2
25795,2,True,5,15,5,5|5|7|5|7|1|3|3|5|5|7|3|3|8|4
25814,2,True,5,14,5,5|5|5|5|5|5|9|7|5|5|5|5|5|9|2
25822,8,False,8,4,8,8|3|3|8|8|8|3|3|8|8|8|8|8|8|8
25829,2,False,2,11,4,4|0|4|4|0|2|2|2|4|4|4|4|4|4|2
25855,0,True,2,7,0,4|0|6|4|8|0|0|0|0|2|4|0|0|2|0
25866,6,True,0,3,6,6|0|6|6|6|0|0|6|6|6|6|6|6|6|6
25898,9,True,7,10,7,9|9|7|7|1|7|9|9|2|7|7|9|7|7|5
25921,2,False,2,9,2,6|8|6|2|8|2|6|8|2|2|0|0|8|2|2
25922,7,True,5,7,7,5|7|5|5|7|5|7|7|5|5|7|7|5|7|7
25935,4,False,4,7,4,9|9|4|4|9|4|2|9|4|4|4|2|9|4|4
25947,7,True,5,4,7,7|7|7|7|7|5|5|7|5|7|5|7|7|7|7
25990,5,False,5,10,1,5|1|7|1|1|5|5|1|5|7|1|1|5|1|1
26052,9,True,4,15,4,4|4|4|4|4|0|4|4|4|4|4|4|4|4|2
26055,7,True,1,15,1,1|1|1|1|1|1|1|1|1|1|1|1|1|1|1
26069,1,False,1,2,1,1|1|7|1|1|1|4|1|1|1|1|1|1|1|1
26080,4,True,5,15,5,5|5|7|1|7|5|5|3|5|5|1|3|5|5|5
26105,3,True,8,15,8,8|8|8|5|8|5|8|8|8|2|8|2|8|8|8
26118,9,True,7,15,7,7|5|7|7|1|3|2|7|5|7|7|7|7|1|7
26138,9,False,9,14,5,5|5|5|5|5|5|5|5|5|5|5|5|5|9|5
26139,0,False,0,14,6,6|9|6|6|6|6|3|6|6|6|6|6|0|6|8
26149,7,False,7,0,7,7|7|7|7|7|7|7|7|7|7|7|7|7|7|7
26174,6,True,0,10,0,6|0|6|3|0|0|0|6|0|0|6|2|0|6|3
26203,9,True,7,2,9,5|9|9|9|9|9|9|9|2|9|9|9|9|9|9
26214,9,True,4,13,1,9|6|3|1|3|1|4|1|4|6|4|1|6|9|0
26227,1,False,1,0,1,1|1|1|1|1|1|1|1|1|1|1|1|1|1|1
26246,2,True,7,15,7,7|7|7|7|7|7|7|7|7|7|7|7|7|7|7
26257,7,False,7,4,7,7|7|7|7|7|7|7|9|7|7|7|9|7|9|9
26260,2,True,5,14,7,7|7|5|7|1|2|5|3|5|7|7|5|7|7|5
26294,7,True,8,13,8,8|8|8|8|8|8|8|8|8|8|8|8|7|8|7
26335,4,True,6,0,4,4|4|4|4|4|4|4|4|4|4|4|4|4|4|4
26342,5,True,9,2,5,5|9|5|5|5|5|5|5|5|5|5|5|5|9|5
26356,6,False,6,10,6,6|3|3|6|6|3|3|0|0|0|4|2|6|6|0
26442,8,False,8,0,8,8|8|8|8|8|8|8|8|8|8|8|8|8|8|8
26449,7,True,8,15,8,8|8|8|8|8|8|0|8|4|8|8|8|8|8|8
26455,0,True,2,12,4,4|0|4|2|8|4|0|9|4|2|4|4|4|4|0
26456,9,True,7,11,5,5|5|7|5|5|9|5|3|5|5|9|5|5|9|9
26470,1,True,5,15,7,7|7|5|7|7|2|5|7|5|7|7|7|7|7|7
26471,9,True,7,14,7,7|7|7|7|7|9|7|7|7|7|7|7|7|7|7
26491,5,True,9,2,5,5|5|5|5|5|5|5|9|5|5|5|5|5|9|5
26500,2,False,2,11,0,2|0|2|8|0|0|0|0|2|2|8|8|6|4|0
26525,3,True,8,14,8,8|8|8|8|8|8|3|8|8|8|8|8|8|8|8
26528,2,True,3,8,3,3|3|3|2|3|2|2|3|2|2|3|3|2|2|3
26531,4,True,7,15,7,7|7|7|9|7|7|7|7|7|7|7|7|7|7|7
26553,3,False,3,7,3,3|3|3|2|3|2|2|3|2|2|3|3|2|2|3
26556,9,True,4,8,4,9|4|9|4|9|4|9|9|4|4|4|4|4|9|9
26557,3,False,3,14,6,6|9|6|6|8|6|3|6|6|4|4|6|6|6|9
26560,9,True,8,15,8,8|8|3|3|8|8|3|3|8|8|8|8|8|3|8
26563,2,True,6,15,6,6|4|6|1|3|6|0|4|4|1|4|6|3|6|0
26609,6,True,0,5,6,6|3|6|3|6|6|0|6|6|6|3|6|6|6|0
26621,7,False,7,2,7,7|5|7|7|7|7|7|7|7|7|1|7|7|7|7
26636,6,True,9,13,3,5|3|1|9|5|3|3|3|6|3|7|7|9|6|9
26637,4,True,6,9,4,4|0|6|4|4|0|0|6|4|4|4|0|6|6|6
26644,0,True,2,4,0,0|0|4|0|0|0|0|0|2|0|4|0|0|2|0
26659,9,True,4,8,4,9|9|9|4|9|4|9|9|4|4|4|4|4|9|4
26662,2,True,3,12,3,3|3|3|3|3|2|3|3|3|3|6|3|3|2|2
26665,2,True,7,14,7,7|7|7|7|7|7|7|7|7|7|7|7|7|2|7
26706,6,True,0,1,6,6|6|6|6|6|6|0|6|6|6|6|6|6|6|6
26784,5,False,5,3,5,5|5|5|5|5|5|5|1|5|2|5|5|5|1|5
26792,7,True,8,13,8,8|8|3|8|8|8|8|8|3|7|7|8|8|8|6
26794,6,False,6,14,2,2|8|2|2|8|5|8|6|2|2|2|8|2|2|4
26798,0,False,0,13,-1,6|0|7|4|7|5|0|3|5|1|3|6|1|7|5
26815,0,False,0,8,6,6|0|6|6|0|0|0|6|6|0|0|6|0|6|6
26820,8,True,6,15,3,3|3|3|3|3|4|0|3|0|2|6|4|2|6|3
26821,5,False,5,5,5,5|5|5|1|1|5|5|1|5|3|5|1|5|5|5
26828,9,True,4,14,4,2|4|4|4|4|4|4|4|4|4|4|4|4|9|4
26835,9,False,9,14,5,5|5|5|5|5|5|5|5|5|5|5|5|5|9|5
26875,5,False,5,4,5,5|3|5|5|5|5|5|3|5|5|5|3|5|1|5
26888,0,True,2,14,6,8|6|6|2|8|6|7|3|0|1|6|2|2|4|9
26906,6,True,3,8,6,6|3|3|3|3|0|3|6|6|2|6|6|6|6|3
26923,5,True,9,9,5,9|9|5|2|2|5|2|9|5|2|5|5|5|2|9
26992,0,False,0,11,6,6|0|6|6|0|6|0|6|6|6|0|6|6|6|6
27027,0,True,1,14,1,1|1|7|1|3|1|0|3|1|1|3|1|7|1|1
27029,2,True,3,10,3,3|3|3|2|3|2|2|3|2|3|3|3|3|2|3
27041,6,True,2,15,2,9|3|3|2|3|4|9|9|2|4|0|9|2|2|2
27070,0,False,0,12,6,1|9|8|2|0|6|3|6|0|1|0|6|6|8|1
27080,3,False,3,5,3,6|3|3|6|3|3|3|6|3|2|6|3|3|3|3
27115,3,False,3,13,4,2|4|6|6|3|1|1|1|4|1|4|6|3|4|4
27120,1,True,5,8,-1,5|1|1|5|1|5|5|5|5|7|1|1|1|5|1
27127,4,True,6,11,4,4|0|9|2|9|8|0|0|4|4|4|6|8|9|2
27148,3,False,3,2,3,3|3|1|3|3|3|3|3|2|3|3|3|3|3|3
27149,8,True,7,15,9,7|9|9|9|9|9|9|9|9|7|7|9|9|9|9
27160,3,False,3,2,3,3|3|3|3|3|3|3|3|3|3|3|3|2|2|3
27185,3,False,3,8,3,6|3|6|3|3|3|2|3|2|1|6|6|3|2|3
27187,7,True,1,15,1,1|1|1|1|1|1|0|1|1|1|1|1|1|1|1
27200,4,True,7,14,7,7|7|7|7|7|7|7|7|7|7|7|7|7|4|7
27213,4,True,6,2,4,4|4|4|4|4|4|2|4|2|4|4|4|4|4|4
27225,9,True,4,9,-1,9|9|9|2|9|2|9|9|2|4|0|2|2|2|4
27234,4,True,1,13,1,1|1|1|1|1|1|4|4|1|1|1|1|1|1|1
27246,5,True,9,2,5,5|5|5|5|5|5|5|9|5|5|5|5|5|9|5
27283,9,True,7,3,9,9|9|7|9|5|9|9|9|9|9|7|9|9|9|9
27297,5,False,5,13,7,9|7|7|7|7|5|2|9|5|1|7|9|9|9|7
27323,4,True,6,11,-1,0|0|6|2|0|0|2|0|2|4|4|4|2|2|4
27349,6,False,6,15,4,4|9|9|4|4|4|4|9|4|4|4|4|4|4|4
27358,3,False,3,4,3,6|1|3|3|3|2|2|3|3|3|3|3|3|3|3
27363,3,True,8,15,5,5|8|8|8|7|5|9|5|9|7|7|5|5|8|9
27392,6,True,2,15,2,2|4|4|2|2|2|2|4|4|2|4|8|2|2|2
27405,7,False,7,1,7,7|7|7|7|7|7|7|7|7|7|7|7|7|4|7
27418,1,False,1,5,1,7|1|1|1|1|7|1|7|1|1|1|7|7|1|1
27458,9,False,9,10,2,9|9|7|2|5|5|2|9|2|2|9|2|2|2|9
27459,4,False,4,4,4,9|4|4|0|4|9|4|9|4|4|4|4|4|4|4
27460,0,False,0,13,6,6|6|6|6|6|6|0|6|6|6|0|6|6|6|6
27466,7,True,5,13,5,5|5|5|7|5|5|5|5|5|5|5|5|5|5|7
27522,7,False,7,7,7,5|7|5|7|9|7|7|9|5|7|7|7|7|9|5
27548,0,True,1,14,1,1|1|1|1|1|1|1|1|1|1|1|1|0|1|1
27554,1,False,1,3,1,1|1|1|1|0|0|1|1|1|1|1|1|4|1|1
27561,0,False,0,15,3,3|3|3|3|3|2|3|3|3|1|3|3|2|3|3
27568,9,True,4,15,4,4|4|6|4|4|6|4|4|4|4|4|4|4|4|4
27607,4,False,4,5,4,4|4|4|4|9|4|9|6|9|4|4|3|4|4|4
27609,6,True,0,5,6,6|6|6|6|6|0|0|6|6|6|0|6|6|0|0
27617,7,False,7,4,7,7|7|7|7|7|3|7|7|7|7|4|7|7|4|4
27622,2,False,2,13,0,0|0|4|2|0|0|0|4|2|4|0|0|0|4|0
27680,6,True,0,10,6,7|3|7|3|8|6|0|6|8|7|6|2|3|6|6
27685,3,True,8,13,8,8|8|8|1|8|0|3|8|8|2|8|8|8|3|8
27710,4,False,4,7,4,9|9|4|4|4|9|9|4|0|4|4|4|4|9|9
27712,2,True,5,14,5,5|5|1|5|7|0|7|5|5|2|5|1|5|7|5
27715,5,True,9,0,5,5|5|5|5|5|5|5|5|5|5|5|5|5|5|5
27727,9,True,4,15,3,3|6|6|3|3|3|2|3|6|3|3|3|3|3|2
27743,0,True,2,8,0,0|4|6|6|0|0|9|0|4|4|0|4|4|0|0
27760,9,True,7,12,7,7|7|7|7|7|1|9|7|7|7|7|7|9|9|7
27776,5,True,9,3,5,5|5|5|5|5|5|5|9|5|5|5|9|5|9|5
27777,4,True,6,12,6,6|4|6|6|6|6|6|6|6|6|6|6|6|4|4
27786,8,True,6,13,2,6|2|8|2|2|3|1|5|2|2|6|2|2|8|2
27804,7,True,8,13,8,7|8|8|7|8|8|8|8|8|8|8|8|8|8|8
27815,5,True,6,15,6,6|0|6|6|6|6|0|6|6|6|6|6|6|6|6
27832,4,True,1,11,1,1|1|1|1|1|1|4|4|1|1|4|1|1|4|1
27837,6,True,0,9,0,6|0|6|0|0|0|0|6|6|0|0|6|0|6|0
27860,3,True,5,14,5,5|1|5|5|1|5|5|5|5|7|5|3|5|2|5
27861,2,False,2,12,3,3|3|3|6|3|0|3|8|2|3|3|2|6|2|8
27866,3,False,3,3,3,3|3|3|3|3|3|3|3|3|1|3|3|2|3|2
27875,1,False,1,3,1,1|1|1|1|1|1|7|1|1|1|7|7|1|1|1
27877,1,True,8,15,8,7|8|8|8|8|8|7|8|8|7|7|8|8|8|8
27888,9,True,7,15,7,7|7|7|7|7|7|7|7|7|7|7|7|7|7|1
27925,9,True,6,15,6,4|0|6|6|6|6|4|6|1|1|8|6|6|6|0
27942,4,True,6,15,8,8|8|1|5|8|8|5|3|8|2|3|3|3|8|8
27955,1,True,5,14,7,7|7|8|5|7|7|2|3|5|7|7|8|9|1|9
27960,9,True,4,13,4,9|4|4|4|4|4|9|4|4|4|4|4|4|4|2
27977,8,False,8,4,8,1|8|8|8|1|8|8|8|8|8|1|7|8|8|8
27978,2,True,5,13,5,5|5|7|2|7|5|5|1|5|2|5|5|5|1|5
27994,6,True,0,2,6,6|6|6|6|0|6|0|6|6|6|6|6|6|6|6
28047,0,True,2,6,0,0|0|2|2|8|0|0|0|0|2|0|2|0|2|0
28048,5,True,9,5,5,5|5|5|9|5|5|5|9|5|2|5|5|5|9|9
28057,9,True,4,9,4,9|9|9|4|9|9|4|4|4|4|4|9|4|4|4
28068,9,True,7,15,7,7|3|7|7|7|5|7|7|7|7|7|7|7|7|7
28083,3,True,8,14,8,8|8|8|8|8|8|8|8|8|8|8|8|3|8|8
28088,0,True,2,11,-1,9|9|6|2|0|0|2|9|2|4|4|4|0|0|2
28124,5,False,5,6,5,5|5|5|5|7|5|5|5|2|7|1|7|5|5|4
28132,4,False,4,10,9,9|9|9|9|9|9|9|9|4|4|4|9|4|9|4
28134,5,True,8,15,8,8|8|8|8|3|8|8|8|3|3|8|8|3|8|8
28156,7,False,7,2,7,7|7|7|7|7|7|7|7|7|7|4|7|7|7|3
28160,3,False,3,8,3,6|1|6|3|3|3|2|6|3|4|3|6|6|3|3
28171,4,True,6,15,6,6|0|6|6|0|6|0|6|0|6|6|6|6|6|6
28180,2,True,5,15,7,5|5|7|7|7|3|7|7|5|7|7|7|5|5|5
28237,6,True,0,11,-1,8|8|6|4|8|0|0|1|0|4|8|2|6|6|6
28247,0,True,2,3,0,0|0|4|0|0|0|0|0|0|2|0|0|0|2|0
28250,7,False,7,5,7,8|7|7|7|7|1|5|7|5|7|7|7|7|8|7
28261,6,True,0,5,6,6|0|6|6|6|0|0|6|0|6|6|6|6|6|0
28267,4,True,6,13,6,6|6|6|6|6|6|0|4|6|6|4|6|6|6|6
28271,4,True,6,0,4,4|4|4|4|4|4|4|4|4|4|4|4|4|4|4
28272,2,True,5,15,5,5|4|5|5|7|3|5|3|5|5|7|5|5|5|5
28277,6,True,0,3,6,6|0|6|6|0|6|0|6|6|6|6|6|6|6|6
28315,7,True,8,15,8,8|8|8|8|8|8|8|8|8|8|8|8|8|8|8
28320,7,False,7,6,7,5|5|7|7|7|3|7|7|7|5|7|7|7|2|5
28326,5,True,9,3,5,9|5|5|5|5|5|5|9|5|5|5|5|5|9|5
28329,5,True,9,3,5,5|5|5|5|5|5|9|9|5|5|5|5|5|9|5
28356,3,False,3,8,3,9|3|6|3|3|3|3|4|2|3|4|6|6|6|3
28369,6,True,2,13,9,4|8|9|2|9|4|9|6|9|2|4|9|6|9|9
28373,7,True,1,14,1,1|1|1|3|1|1|3|3|2|1|6|2|7|2|1
28382,6,False,6,3,6,6|6|6|6|0|6|0|6|6|2|6|6|6|6|6
28408,7,True,1,15,1,3|3|1|3|3|1|0|8|0|1|1|1|3|1|1
28426,5,True,9,2,5,5|5|5|5|5|5|5|9|5|5|5|9|5|5|5
28429,6,False,6,11,0,6|0|6|2|0|0|0|8|0|0|6|4|0|6|0
28440,6,True,0,4,6,6|0|6|6|0|0|0|6|6|6|6|6|6|6|6
28444,7,True,1,13,1,1|1|7|1|1|1|7|1|1|1|1|1|1|1|1
28446,2,False,2,10,2,9|0|4|4|8|4|2|9|6|4|2|2|2|9|2
28454,5,False,5,11,1,5|1|7|5|7|1|5|1|1|7|1|7|5|3|1
28455,7,True,1,13,1,7|1|1|1|1|1|0|1|1|1|1|1|7|1|1
28460,8,False,8,5,8,8|8|8|8|8|0|8|8|8|8|8|3|3|3|3
28474,0,False,0,8,6,6|0|6|6|0|0|0|6|0|6|0|6|6|6|0
28478,4,True,6,0,4,4|4|4|4|4|4|4|4|4|4|4|4|4|4|4
28501,4,False,4,12,9,8|9|9|3|8|9|9|9|4|1|4|8|8|2|4
28526,7,True,8,12,8,7|8|8|8|1|8|5|8|8|8|7|2|7|8|8
28533,6,False,6,15,4,4|4|4|4|4|4|4|4|4|4|4|4|4|4|4
28537,0,True,2,13,4,4|8|6|4|4|4|2|4|4|4|4|6|0|4|0
28543,8,True,3,12,7,3|5|7|3|5|6|6|7|7|3|7|8|8|8|7
28559,4,False,4,8,4,4|9|6|6|6|0|4|9|4|4|4|6|4|4|3
28565,1,True,3,14,-1,6|1|6|6|6|3|4|6|2|2|4|4|4|4|2
28584,4,True,6,15,6,6|0|6|6|6|6|0|6|0|6|6|6|6|6|6
28586,5,True,4,15,-1,9|9|9|4|8|4|9|9|4|4|4|4|4|9|9
28602,3,True,8,14,8,8|8|8|8|8|8|3|8|8|8|8|8|8|8|8
28607,5,True,8,15,8,8|8|8|8|8|8|8|8|8|8|8|8|8|8|8
28631,7,True,1,15,1,1|1|1|1|1|1|4|1|1|1|1|1|1|1|1
28634,5,True,9,14,7,9|9|7|7|7|5|7|1|9|7|7|7|7|7|7
28660,0,False,0,13,6,6|6|6|6|6|6|0|6|6|6|0|6|6|6|6
28662,9,True,7,14,7,7|9|7|7|7|7|5|1|7|7|7|7|7|7|3
28670,1,True,5,12,5,5|5|5|5|1|5|5|1|5|5|5|1|5|2|3
28679,5,True,9,3,5,5|5|5|5|5|5|5|9|5|5|5|5|5|9|9
28716,1,True,8,12,-1,8|4|6|0|8|0|3|1|4|1|4|4|8|1|8
28751,9,True,4,9,4,9|9|9|4|4|4|4|9|4|4|4|4|4|9|9
28765,7,True,1,15,1,1|1|1|1|1|1|1|1|1|1|1|1|1|1|1
28824,0,True,2,14,-1,6|6|6|4|4|6|4|4|4|2|4|6|6|2|0
28870,7,True,1,15,1,1|1|1|1|1|1|1|1|1|1|1|1|1|1|1
28886,6,True,0,14,0,0|0|6|0|0|0|0|4|0|0|0|4|4|4|0
28894,6,True,0,7,6,6|0|6|6|6|0|4|6|3|6|1|0|6|8|6
28896,0,True,1,9,1,1|1|1|1|1|0|0|1|0|3|1|0|0|1|0
28954,6,True,0,7,6,6|0|6|6|0|6|0|6|0|6|0|6|6|0|0
28982,2,True,3,11,3,3|3|3|3|3|2|3|3|2|2|3|3|3|2|3
28984,3,True,8,11,8,8|8|8|3|8|8|3|8|8|8|8|3|8|8|3
29008,9,True,8,15,8,8|8|8|8|8|8|8|8|8|8|8|8|8|8|8
29013,8,False,8,0,8,8|8|8|8|8|8|8|8|8|8|8|8|8|8|8
29025,9,False,9,14,5,5|5|5|5|5|5|5|5|5|5|5|5|5|9|5
29055,6,False,6,15,4,4|4|4|4|4|4|4|4|4|4|4|4|4|4|4
29061,7,False,7,4,7,7|7|7|7|7|7|9|9|7|7|7|9|7|7|9
29074,1,True,8,15,8,8|8|8|8|8|8|8|8|8|8|8|8|8|8|8
29078,0,True,2,7,0,0|0|4|2|2|0|0|4|0|2|0|0|0|2|2
29098,3,True,5,15,-1,5|1|7|5|1|5|5|1|5|5|1|1|5|1|1
29145,5,False,5,7,5,5|5|5|5|7|5|5|7|5|7|7|5|7|2|9
29155,4,False,4,2,4,9|4|4|4|4|9|4|4|4|4|4|4|4|4|4
29183,2,False,2,10,2,4|3|6|2|2|4|4|6|2|2|3|4|7|2|7
29211,3,False,3,12,2,2|0|2|3|2|2|3|6|6|2|2|3|2|6|2
29217,5,False,5,8,5,5|5|5|5|7|5|5|1|1|7|1|3|5|1|1
29218,9,True,4,9,4,9|4|4|9|9|4|9|4|4|4|4|4|4|9|9
29229,7,True,8,13,8,8|8|8|8|8|8|8|8|8|8|7|8|8|7|8
29232,2,False,2,11,0,0|0|4|2|2|0|2|0|0|2|0|0|0|0|0
29240,2,False,2,9,0,0|0|2|2|0|0|0|0|2|2|0|2|0|2|0
29242,3,False,3,14,6,6|6|6|6|6|6|0|6|0|6|6|6|6|6|3
29245,5,False,5,4,5,5|5|5|5|5|5|5|1|5|5|5|7|7|5|7
29302,6,False,6,15,4,4|4|4|4|4|4|4|4|4|4|4|4|4|4|4
29322,2,True,9,12,9,2|7|7|2|9|7|9|9|7|8|9|9|5|2|9
29333,5,False,5,11,7,7|7|7|5|7|1|5|7|7|7|7|5|7|7|5
29386,3,False,3,1,3,3|3|3|3|3|3|3|3|3|3|3|3|2|3|3
29389,4,True,6,5,4,4|9|9|4|4|4|4|9|9|4|4|4|4|4|9
29391,3,False,3,1,3,3|3|3|6|3|3|3|3|3|3|3|3|3|3|3
29415,7,False,7,5,7,7|7|7|9|7|9|7|9|7|7|9|7|7|9|7
29416,1,True,5,6,1,5|1|3|1|1|5|1|1|5|3|1|1|7|1|1
29460,2,False,2,10,0,6|0|4|4|0|0|0|0|2|2|4|2|2|2|0
29491,1,True,5,12,5,5|3|5|5|7|5|7|1|5|3|5|5|7|1|1
29498,3,False,3,4,3,6|3|6|3|3|3|3|6|3|3|0|3|3|3|3
29501,7,True,8,10,7,7|8|7|7|8|5|7|9|9|1|7|5|5|2|8
29510,9,False,9,11,5,5|5|5|5|5|5|9|9|5|5|5|5|5|9|9
29519,7,False,7,2,7,7|7|7|7|7|7|7|9|7|7|7|7|7|9|7
29525,0,True,2,13,4,2|2|6|4|4|4|4|6|0|2|7|6|0|4|2
29545,6,True,1,15,1,1|1|1|1|1|1|1|1|1|1|1|1|1|1|1
29576,6,True,0,2,6,6|6|6|6|6|6|4|6|6|6|6|6|6|4|6
29579,5,True,9,3,5,5|5|5|5|5|5|5|9|5|5|5|9|5|5|9
29590,6,True,2,15,-1,2|9|2|2|7|0|0|0|0|2|0|0|2|4|2
29606,6,True,0,7,6,6|4|6|6|4|6|4|6|6|6|4|6|4|4|4
29618,7,True,5,10,5,5|5|7|5|7|1|5|7|5|5|5|7|7|3|1
29653,9,True,8,15,8,8|3|8|7|8|2|2|8|8|8|7|7|8|2|5
29676,5,False,5,4,5,7|5|5|5|7|5|5|7|5|5|7|5|5|5|5
29711,6,True,0,4,6,6|0|6|6|0|6|0|6|6|6|0|6|6|6|6
29713,8,False,8,1,8,8|8|8|8|8|0|8|8|8|8|8|8|8|8|8
29714,9,True,7,15,7,7|7|7|7|7|7|7|7|7|7|7|7|7|4|7
29731,7,False,7,0,7,7|7|7|7|7|7|7|7|7|7|7|7|7|7|7
29738,1,False,1,1,1,1|1|1|1|1|1|1|1|1|1|1|1|1|0|1
29746,2,False,2,9,6,2|2|6|6|6|6|2|6|6|2|4|6|6|2|2
29754,8,False,8,8,8,3|3|3|5|8|8|3|3|3|2|8|8|8|8|8
29782,9,True,4,12,4,4|9|8|4|9|9|4|4|4|4|4|4|4|4|4
29811,0,True,1,10,1,1|1|1|1|1|0|0|1|0|1|1|1|0|1|0
29817,7,True,8,14,8,8|7|8|8|8|8|8|8|8|8|8|8|8|8|8
29820,6,True,1,15,1,1|1|1|1|1|1|0|7|1|1|7|1|7|1|1
29821,0,True,2,12,2,2|0|6|2|4|0|2|8|2|2|4|0|2|2|2
29830,6,True,0,5,6,6|0|6|6|0|6|0|6|0|6|6|6|6|4|6
29848,2,True,3,9,3,2|3|3|3|3|2|3|3|2|2|3|3|2|2|3
29853,4,True,6,0,4,4|4|4|4|4|4|4|4|4|4|4|4|4|4|4
29898,0,False,0,11,6,6|0|6|6|0|0|0|6|6|6|6|6|6|6|6
29903,3,False,3,3,3,3|3|3|3|3|3|2|3|3|2|6|3|3|3|3
29906,7,False,7,0,7,7|7|7|7|7|7|7|7|7|7|7|7|7|7|7
29927,1,True,5,13,7,7|3|5|5|5|1|7|7|8|7|1|7|5|7|9
29931,0,False,0,10,6,6|0|6|6|0|0|0|6|6|6|6|6|6|6|0
29945,2,False,2,13,0,0|0|4|2|0|0|0|9|0|0|4|2|0|4|0
29999,8,False,8,1,8,8|8|8|8|8|8|8|8|8|8|8|8|8|8|1
30015,9,True,4,8,4,9|9|4|9|9|9|4|9|4|4|4|4|4|9|4
30020,9,True,7,10,7,9|7|7|9|7|5|9|9|7|7|7|7|7|9|7
30051,7,True,8,9,8,7|8|8|7|8|8|7|7|8|7|7|8|8|8|8
30055,3,False,3,13,-1,6|3|6|4|1|6|0|3|8|7|1|2|2|0|1
30058,4,True,6,7,4,4|9|9|4|9|4|9|6|9|4|4|4|4|9|4
30066,8,True,2,13,4,2|4|6|2|4|0|4|3|3|2|8|4|2|4|8
30099,0,False,0,14,6,6|6|6|6|6|6|4|6|6|6|6|6|6|6|0
30117,5,True,9,2,5,5|5|5|5|5|5|5|5|5|5|5|5|5|9|9
30122,1,False,1,4,1,7|1|1|1|1|1|4|1|1|1|1|1|7|7|1
30130,9,True,4,9,4,9|9|4|4|9|4|9|9|4|4|4|4|4|9|4
30148,1,False,1,11,0,1|1|3|1|0|0|0|3|0|2|6|3|0|1|0
30165,5,True,9,2,5,5|5|5|5|5|5|5|9|5|5|5|5|5|5|9
30179,4,True,6,11,0,0|8|6|4|0|0|0|0|4|2|0|2|4|4|0
30182,3,False,3,11,6,6|2|6|3|0|6|6|6|6|3|3|3|6|6|1
30215,3,False,3,2,3,3|3|3|3|3|3|3|3|3|1|4|3|3|3|3
30231,4,True,5,15,2,2|5|5|5|5|2|5|7|2|2|5|8|2|2|2
30241,1,True,5,15,5,6|5|7|5|5|5|5|7|5|7|7|5|7|3|7
30248,3,True,5,13,5,7|1|5|5|8|5|5|1|5|3|5|7|2|3|5
30270,5,False,5,10,-1,1|7|5|5|7|2|5|7|5|5|3|7|7|1|3
30291,0,False,0,9,6,6|0|6|6|0|0|0|6|6|6|0|0|6|6|6
30296,9,True,7,15,7,7|7|7|5|7|5|5|3|7|7|7|5|7|7|5
30300,8,False,8,2,8,8|8|8|8|3|8|3|8|8|8|8|8|8|8|8
30333,7,False,7,8,9,7|9|9|7|9|9|9|9|7|7|7|7|7|9|9
30349,9,True,4,15,4,4|4|4|4|4|4|4|4|4|4|4|4|4|4|4
30358,4,True,6,15,6,6|0|6|6|0|6|0|6|6|6|6|6|0|6|6
30367,8,False,8,5,8,8|8|8|5|8|5|8|8|5|3|8|8|8|8|1
30390,4,False,4,7,4,9|9|9|4|9|4|9|9|4|4|4|4|4|4|9
30410,2,True,5,10,5,5|5|5|2|5|5|5|3|5|2|5|2|2|2|5
30412,9,True,4,10,4,4|9|9|4|4|4|9|9|9|4|4|4|4|4|4
30421,9,False,9,7,9,5|9|5|9|5|5|9|9|5|2|9|9|5|9|9
30423,9,False,9,9,5,5|5|9|5|5|5|5|9|5|4|9|9|5|9|9
30424,6,True,0,7,6,6|0|6|6|0|6|0|6|6|0|0|0|6|6|0
30432,7,True,1,14,1,1|1|1|1|1|1|1|1|1|1|7|1|1|1|1
30437,5,False,5,8,7,5|5|7|5|7|7|5|7|5|7|5|5|7|7|7
30460,5,False,5,4,5,5|3|5|5|1|5|5|1|5|5|5|3|5|5|5
30475,3,False,3,4,3,2|3|3|3|3|3|3|3|3|2|3|3|2|2|3
30483,6,True,0,7,6,6|0|6|0|0|0|6|6|0|6|6|0|6|2|6
30486,5,True,9,4,5,5|5|5|5|5|5|9|5|5|5|5|9|5|9|9
30503,8,False,8,5,8,8|5|8|8|8|3|8|3|2|1|8|8|8|8|8
30512,4,True,6,2,4,4|0|4|4|4|4|4|4|4|4|4|4|4|4|0
30537,4,True,6,1,4,4|4|4|4|4|4|4|9|4|4|4|4|4|4|4
30540,2,True,3,8,3,3|3|2|2|3|2|3|3|2|2|3|3|2|2|3
30544,3,True,7,15,7,8|9|7|7|7|7|9|7|7|7|7|7|7|7|7
30567,3,True,5,11,-1,8|8|5|8|8|3|5|3|5|3|7|7|7|3|5
30576,9,False,9,15,5,5|5|5|5|5|5|5|5|5|5|5|5|5|5|5
30582,5,True,6,15,-1,6|8|3|0|6|2|0|6|0|2|0|2|0|6|6
30593,6,True,0,2,6,6|0|6|6|6|6|0|6|6|6|6|6|6|6|6
30595,3,True,8,13,8,8|3|8|8|8|8|3|8|8|8|8|8|8|8|8
30604,5,False,5,4,5,5|5|5|5|5|5|5|8|5|5|5|3|5|3|3
30638,9,True,6,15,2,2|2|2|2|2|0|2|0|2|2|0|2|8|8|2
30648,4,False,4,6,4,4|4|6|4|9|4|4|4|4|2|4|6|4|9|9
30782,3,True,7,15,7,7|7|7|7|7|7|7|7|7|7|7|7|7|7|7
30792,5,False,5,5,5,5|5|5|5|7|3|5|7|5|5|7|5|7|5|5
30804,9,True,4,15,4,2|5|6|4|3|0|5|2|5|1|4|4|4|8|8
30835,3,True,8,9,8,8|3|8|3|8|8|8|3|3|8|8|3|8|3|8
30869,6,True,0,4,6,6|0|6|6|0|6|0|6|6|0|6|6|6|6|6
30881,1,False,1,1,1,1|1|1|1|1|1|1|1|1|1|4|1|1|1|1
30893,2,False,2,15,0,0|6|6|0|0|0|0|0|0|6|6|0|6|0|0
30899,7,False,7,2,7,7|7|7|7|7|7|9|7|2|7|7|7|7|7|7
30907,4,True,6,4,4,9|4|9|4|9|4|4|9|4|4|4|4|4|4|4
30912,4,True,6,4,4,4|4|4|6|4|4|4|9|4|4|4|4|9|9|4
30934,1,True,8,15,8,8|8|8|8|8|8|8|8|8|8|8|8|8|4|8
30945,4,True,6,15,3,3|3|3|3|3|3|3|3|3|3|3|3|3|6|3
30966,0,True,1,10,1,1|1|1|1|1|0|0|1|1|0|1|1|0|0|1
30970,1,False,1,1,1,1|1|1|1|1|1|1|1|1|1|1|1|0|1|1
30971,0,False,0,11,6,6|0|6|6|0|6|0|6|6|6|6|6|6|6|0
30998,7,True,1,13,1,7|1|1|1|1|1|1|1|1|1|1|1|7|1|1
31000,9,True,8,15,8,8|8|8|8|8|8|3|8|8|8|8|8|8|8|8
31018,6,True,0,4,6,6|0|6|6|0|0|0|6|6|6|6|6|6|6|6
31021,2,True,3,8,-1,6|3|3|3|2|2|2|3|2|2|3|3|2|3|2
31058,4,False,4,15,3,3|3|3|3|3|0|6|1|3|1|3|3|3|3|3
31061,0,True,1,9,1,1|1|1|1|0|0|0|1|1|1|1|1|0|0|0
31101,5,False,5,7,5,1|3|5|5|7|1|5|5|5|7|5|1|5|3|5
31125,9,True,6,14,4,4|4|4|4|4|4|4|9|4|4|4|4|4|4|4
31127,7,True,1,10,1,7|1|1|1|1|7|1|7|1|1|1|7|7|1|1
31142,3,False,3,12,4,3|4|9|4|3|4|9|6|4|4|4|3|2|4|4
31175,7,True,5,10,5,5|5|7|5|7|5|5|7|5|2|7|7|5|2|5
31177,5,False,5,2,5,5|5|5|5|7|5|5|1|5|5|5|5|5|5|5
31200,6,True,0,5,6,0|0|6|6|0|6|0|0|6|6|6|6|6|6|6
31226,6,True,0,14,4,6|8|4|4|1|4|2|8|8|1|4|2|1|7|0
31296,5,False,5,6,5,5|3|7|5|2|2|5|7|5|5|7|5|5|5|5
31311,3,False,3,6,3,3|3|3|2|3|2|2|3|2|2|3|3|3|2|3
31314,3,False,3,12,6,2|3|6|6|3|6|2|6|3|6|0|6|0|6|4
31350,0,False,0,14,6,6|0|6|6|6|6|4|6|6|6|6|6|6|6|6
31393,2,False,2,12,8,1|8|2|8|8|6|4|7|2|2|1|3|0|8|0
31430,8,False,8,1,8,8|8|8|7|8|8|8|8|8|8|8|8|8|8|8
31459,0,True,1,15,1,1|1|1|1|1|1|4|1|1|1|1|1|1|4|1
31460,0,True,1,13,1,1|1|1|1|1|3|0|1|1|1|1|1|0|1|1
31461,4,False,4,6,4,9|4|9|4|4|9|4|4|4|4|4|9|4|9|9
31485,9,False,9,14,5,5|5|5|5|5|5|5|5|5|5|5|5|5|9|5
31623,6,True,3,13,3,2|3|6|3|3|2|3|3|3|3|3|3|3|6|3
31642,0,True,1,13,1,1|1|1|1|1|1|0|1|1|1|1|1|0|1|1
31644,3,True,8,14,8,8|8|8|8|3|8|8|8|8|8|8|8|8|8|8
31671,6,True,2,15,2,2|0|2|9|0|0|4|0|0|2|0|2|2|2|2
31693,5,True,9,6,5,5|5|9|5|5|5|9|5|5|1|9|5|5|9|9
31705,3,True,8,13,8,8|8|8|8|8|8|8|8|8|8|8|3|8|8|3
31710,9,True,4,14,4,4|4|4|4|4|4|4|9|4|4|4|4|4|4|4
31717,1,False,1,15,-1,6|4|6|4|3|0|4|4|6|6|6|6|4|4|2
31743,3,False,3,7,3,2|3|3|3|3|2|2|3|2|2|1|3|2|3|3
31751,8,False,8,3,8,8|8|8|8|8|0|3|8|8|8|8|8|8|8|3
31766,4,True,6,12,2,2|4|6|4|0|0|2|0|2|2|4|0|2|2|0
31769,4,True,6,8,4,6|4|6|4|6|4|4|6|0|4|4|4|6|6|0
31773,5,False,5,5,5,5|5|5|2|5|5|2|7|5|2|5|5|5|5|2
31774,6,True,2,14,4,4|4|2|2|6|0|4|4|2|2|1|4|0|4|4
31797,1,False,1,13,0,0|6|6|8|7|3|1|1|0|3|3|2|0|6|0
31837,5,False,5,9,5,5|3|7|5|7|5|9|1|5|5|3|3|7|2|5
31845,7,False,7,0,7,7|7|7|7|7|7|7|7|7|7|7|7|7|7|7
31880,9,True,4,10,4,9|9|9|4|4|4|4|9|2|4|4|4|4|9|4
31890,4,True,6,1,4,4|4|4|4|4|4|4|4|4|4|4|4|4|4|9
31899,5,True,9,5,5,5|5|5|5|9|5|5|9|5|5|5|9|5|9|9
31956,0,False,0,14,6,6|8|6|6|0|6|4|6|6|6|6|6|6|6|6
31979,9,True,4,15,4,4|4|4|4|4|4|4|4|4|4|4|4|4|4|0
31988,5,False,5,10,1,5|1|5|1|1|5|5|1|5|3|1|3|1|1|1
31989,9,True,7,12,7,9|5|7|7|7|9|9|7|8|7|7|7|5|7|7
32009,7,False,7,0,7,7|7|7|7|7|7|7|7|7|7|7|7|7|7|7
32081,5,True,9,3,5,5|5|5|5|5|5|5|9|5|5|5|5|5|9|9
32098,1,True,8,15,8,8|8|8|8|8|8|8|8|8|8|8|8|8|8|8
32107,4,False,4,9,9,9|9|9|9|9|9|9|9|4|4|4|4|4|9|4
32110,0,True,1,15,3,3|1|7|3|1|1|7|8|6|7|3|1|8|3|3
32122,2,True,3,15,3,3|3|3|3|3|6|3|3|3|3|3|3|3|3|3
32145,9,True,4,11,4,9|9|9|4|4|4|2|9|4|4|4|4|4|4|4
32153,3,True,8,10,8,8|8|8|8|8|8|3|3|8|3|8|3|8|3|8
32157,2,False,2,5,2,4|4|2|2|0|0|2|2|2|2|8|2|2|2|2
32160,4,True,6,15,6,6|0|6|6|6|6|0|6|6|6|0|6|6|6|6
32163,1,True,8,13,8,7|8|8|8|1|8|9|8|8|8|8|9|8|7|1
32181,5,True,9,2,5,5|5|5|5|5|5|5|9|5|5|5|5|5|9|5
32182,4,True,6,0,4,4|4|4|4|4|4|4|4|4|4|4|4|4|4|4
32192,9,True,7,8,7,7|9|7|9|7|7|7|9|7|7|7|9|9|9|9
32212,5,True,9,2,5,5|5|5|5|5|5|5|7|5|5|5|5|5|9|5
32238,9,False,9,13,5,5|5|5|5|5|5|5|9|5|5|5|5|5|9|5
32254,2,True,3,8,3,3|3|3|2|3|2|2|3|2|2|3|3|2|2|3
32266,7,False,7,12,5,7|1|5|5|5|5|9|1|5|7|7|1|5|1|9
32267,6,True,1,15,1,1|1|1|1|1|1|1|1|1|1|1|1|1|1|1
32271,3,False,3,4,3,3|3|3|3|3|3|2|3|2|3|3|3|2|2|3
32315,5,True,9,1,5,5|5|5|5|5|5|5|5|5|5|5|5|5|5|9
32326,5,True,9,15,9,9|9|9|9|8|9|9|9|2|8|9|9|9|9|9
32338,3,True,8,14,8,8|8|8|1|3|4|5|8|6|1|8|8|8|8|8
32380,5,True,9,6,5,5|9|5|5|5|5|9|9|5|5|9|5|9|9|5
32398,9,True,4,15,4,2|6|6|4|4|6|4|4|6|4|4|4|4|2|4
32412,6,True,0,5,6,6|0|6|6|0|0|0|6|6|6|6|6|0|6|6
32418,8,True,2,13,2,2|8|6|2|0|2|2|2|2|2|0|2|2|8|2
32444,5,True,9,1,5,5|5|5|5|5|5|5|5|5|5|5|5|5|9|5
32458,4,True,6,2,4,4|4|6|4|4|6|4|4|4|4|4|4|4|4|4
32467,6,False,6,15,4,4|4|4|4|4|4|4|4|4|4|4|4|4|4|4
32469,6,False,6,15,4,4|9|4|4|4|4|4|9|4|4|4|4|4|4|4
32487,2,True,5,15,5,5|5|5|5|5|5|5|5|5|5|5|5|5|5|5
32525,1,False,1,2,1,7|1|1|1|1|1|0|1|1|1|1|1|1|1|1
32556,1,False,1,2,1,1|1|1|1|1|1|0|1|1|1|1|1|0|1|1
32573,5,False,5,4,5,5|5|5|5|5|5|5|7|5|2|5|5|2|2|5
32576,6,True,3,14,3,6|3|3|3|3|3|3|3|3|3|3|3|2|3|3
32591,4,True,6,6,4,6|4|6|4|4|6|9|6|4|4|4|4|4|2|4
32610,3,True,7,15,7,8|7|7|7|7|7|7|7|2|7|7|7|7|7|7
32611,4,False,4,8,4,9|9|9|9|4|0|4|9|2|4|4|4|4|9|4
32614,7,False,7,8,9,7|9|9|7|9|9|9|9|7|7|7|7|7|9|9
32615,7,False,7,0,7,7|7|7|7|7|7|7|7|7|7|7|7|7|7|7
32618,2,True,5,13,5,5|5|3|5|7|5|5|1|5|2|7|5|5|2|1
32619,7,True,5,10,5,5|5|5|5|5|5|5|7|5|5|7|7|7|7|5
32665,9,False,9,15,5,5|5|5|5|5|5|5|5|5|5|5|5|5|5|5
32686,2,False,2,15,4,9|4|9|9|4|4|4|9|9|4|4|4|4|4|4
32688,8,False,8,3,8,8|8|8|8|8|8|3|8|8|8|8|3|3|8|8
32698,9,True,4,13,4,0|9|2|3|0|0|4|9|2|4|4|0|4|4|5
32700,5,False,5,7,5,7|7|7|5|5|2|5|5|5|5|5|7|7|5|7
32739,2,False,2,11,4,8|9|9|2|3|4|2|9|4|4|4|3|2|4|2
32745,4,False,4,5,4,2|4|4|4|4|8|3|4|4|4|4|8|6|4|4
32751,2,True,5,13,5,5|5|5|5|5|5|5|8|5|5|5|1|5|2|2
32752,3,True,8,8,8,8|8|8|3|3|3|3|8|8|3|8|3|8|8|3
32777,9,True,4,14,4,8|4|6|4|8|4|9|4|4|4|4|8|4|4|4
32792,3,True,8,15,8,8|8|8|8|8|9|8|8|8|8|8|8|8|8|4
32812,6,True,0,3,6,6|0|6|6|6|0|0|6|6|6|6|6|6|6|6
32821,0,False,0,10,6,6|6|6|6|0|0|0|6|6|0|0|6|6|6|6
32830,2,False,2,15,4,4|4|8|4|0|4|4|6|4|1|3|4|6|4|0
32848,8,True,1,15,1,1|1|1|1|1|1|1|1|0|1|1|1|0|1|1
32871,0,True,1,11,1,1|1|1|3|7|1|0|0|0|1|1|1|1|0|2
32881,4,True,6,11,0,0|0|0|4|0|0|0|0|2|2|4|4|2|4|0
32882,0,False,0,14,4,4|4|3|4|4|4|0|4|4|3|4|4|4|4|9
32884,5,True,9,1,5,5|5|5|5|5|5|5|5|5|5|5|5|5|9|5
32894,0,False,0,13,-1,6|3|6|3|6|6|0|3|0|1|3|2|3|6|1
32923,8,True,2,13,2,2|0|2|2|0|0|2|2|3|2|0|2|0|8|8
32932,6,True,7,15,7,2|5|5|7|7|5|9|1|5|7|7|7|7|2|5
32942,2,True,9,15,5,5|5|5|5|5|5|5|5|5|5|5|9|5|9|5
33010,7,True,8,11,8,7|8|8|8|8|9|8|8|8|7|8|7|8|7|8
33021,9,True,8,15,8,8|8|8|1|8|8|8|8|8|8|8|8|8|8|8
33032,6,False,6,9,4,6|2|6|4|4|4|4|6|6|4|6|4|6|4|2
33034,0,False,0,9,6,6|0|6|6|0|0|0|6|6|6|0|6|6|6|0
33044,6,True,9,15,5,5|5|5|5|5|5|5|9|5|5|5|9|5|9|9
33056,2,True,3,10,3,3|3|6|2|3|2|2|3|0|2|6|1|3|3|2
33064,7,True,3,15,3,3|1|3|3|0|3|0|3|0|2|4|1|6|4|3
33079,2,True,3,14,3,6|3|3|3|3|2|3|3|3|3|6|3|3|3|3
33117,6,False,6,15,4,4|4|4|4|4|9|9|9|4|2|4|4|4|4|4
33144,5,True,9,2,5,5|5|5|5|5|5|5|9|5|5|5|5|5|9|5
33150,3,True,5,15,-1,1|5|5|1|1|5|5|1|5|5|1|7|1|5|1
33179,6,True,2,13,2,4|0|6|2|0|0|2|4|3|2|4|6|2|2|2
33181,9,True,6,14,4,2|4|6|4|4|0|4|0|9|2|0|4|4|4|2
33219,9,True,4,14,4,4|4|4|4|4|4|4|4|4|4|4|4|4|9|4
33226,3,True,8,15,-1,6|4|6|4|6|4|0|6|6|6|4|4|6|4|4
33298,5,True,6,14,0,0|6|6|0|0|0|0|0|7|7|0|2|0|6|5
33328,3,True,8,15,8,2|8|8|8|8|0|4|6|0|2|1|2|8|8|8
33388,2,True,5,15,8,7|9|8|8|1|9|8|3|3|1|8|8|5|7|9
33390,6,False,6,3,6,0|6|6|6|6|6|4|6|6|6|4|6|6|6|6
33396,0,False,0,10,6,6|0|6|6|0|0|0|6|6|6|6|6|0|6|6
33407,0,True,2,7,0,4|4|2|0|0|0|0|4|0|2|0|0|4|4|0
33433,5,False,5,7,5,7|5|5|5|7|2|5|6|5|2|7|5|5|2|5
33445,3,False,3,10,6,6|3|6|3|3|6|0|6|6|1|6|6|3|3|2
33458,6,True,0,6,6,6|0|6|6|0|0|0|6|6|6|0|6|6|6|0
33462,9,True,4,5,9,9|9|9|9|9|9|9|9|4|4|4|9|4|9|4
33466,4,False,4,10,4,2|4|6|4|4|0|4|0|2|4|0|9|6|2|6
33485,2,False,2,7,2,2|3|6|2|8|3|0|9|2|2|2|4|2|2|2
33531,6,False,6,15,9,9|4|4|8|9|8|9|9|9|4|9|8|4|8|9
33535,7,True,8,15,8,8|8|8|8|8|8|8|8|8|8|8|8|8|8|8
33560,6,True,0,3,6,6|6|6|6|0|6|0|6|6|6|6|6|0|6|6
33563,6,False,6,14,4,4|4|6|4|4|4|4|9|9|4|4|4|4|4|4
33572,3,True,8,11,8,8|8|8|8|3|8|3|8|8|8|8|8|3|3|8
33594,5,True,9,2,5,5|5|5|5|5|5|5|9|5|5|5|5|5|9|5
33648,3,False,3,12,4,3|3|6|6|3|4|4|6|6|4|4|4|4|4|4
33658,4,True,7,15,5,5|5|7|5|5|7|7|7|5|5|7|5|7|5|5
33685,9,False,9,14,5,5|5|5|5|5|5|5|5|5|5|5|5|5|5|9
33695,6,True,0,14,8,0|8|6|7|0|8|2|8|4|5|0|9|8|1|4
33713,1,False,1,3,1,1|1|1|1|1|1|0|0|1|1|1|1|0|1|1
33787,7,True,1,12,1,1|1|7|1|1|1|1|7|1|1|1|7|1|1|1
33799,4,True,1,15,1,1|1|1|1|1|1|1|1|1|1|1|1|1|1|1
33814,6,True,0,1,6,6|6|6|6|6|6|4|6|6|6|6|6|6|6|6
33818,4,True,7,10,7,7|7|7|7|7|4|4|7|7|7|4|4|7|7|4
33838,5,False,5,4,5,5|3|7|5|5|5|5|5|5|5|5|3|5|5|3
33875,4,True,1,13,1,3|0|2|1|1|1|4|1|1|1|0|7|1|4|1
33887,2,True,3,8,3,3|3|3|2|3|2|2|3|2|2|3|3|2|2|3
33905,1,False,1,5,1,0|1|1|1|1|0|0|1|1|1|0|1|0|1|1
33925,9,True,4,5,9,9|4|9|9|9|9|9|9|9|9|4|4|4|4|9
33932,2,False,2,14,4,4|4|4|4|4|4|4|2|4|4|4|4|4|4|4
33933,3,True,8,14,8,8|8|5|5|7|2|5|3|8|7|8|7|8|8|8
33946,9,False,9,5,9,9|9|5|9|7|9|9|9|9|5|7|9|9|7|9
33991,5,True,9,1,5,5|5|5|5|5|5|5|5|5|5|5|5|5|9|5
33998,6,True,3,14,3,2|3|6|3|3|2|2|3|3|3|3|3|3|2|3
34005,6,False,6,12,4,6|4|6|4|4|6|4|4|4|4|4|4|4|4|4
34020,5,True,9,3,5,5|9|5|5|5|5|5|5|5|5|7|5|5|9|5
34022,2,False,2,13,0,4|0|0|2|0|0|0|4|0|2|4|0|0|4|0
34025,6,True,2,15,2,2|0|2|2|0|0|2|0|2|2|0|0|2|2|2
34029,7,False,7,8,4,7|7|7|4|7|4|4|7|7|4|4|7|4|4|4
34032,3,True,8,15,8,7|8|1|8|8|8|8|8|8|8|8|8|8|7|8
34034,7,True,8,15,8,8|8|8|8|8|8|8|8|8|8|8|8|8|8|8
34039,4,True,6,1,4,4|4|4|4|4|4|4|9|4|4|4|4|4|4|4
34045,7,True,8,11,8,8|5|7|8|8|8|7|8|2|7|7|8|8|8|8
34054,5,True,3,15,6,3|1|6|6|6|0|2|6|6|1|4|6|6|2|4
34080,1,True,5,14,9,5|9|7|5|9|5|9|9|7|1|9|2|2|9|9
34098,7,True,8,8,7,7|1|7|5|7|8|5|7|5|2|7|7|7|8|2
34105,9,True,4,11,4,4|9|9|4|4|4|9|9|4|4|4|4|4|4|4
34119,9,True,4,8,-1,9|9|4|9|9|0|9|9|4|4|4|4|9|4|4
34133,5,False,5,4,5,5|3|5|5|1|5|5|5|5|5|5|1|5|1|5
34155,3,True,5,15,5,5|5|5|7|1|5|5|1|5|7|1|2|1|5|5
34185,2,False,2,11,0,8|0|6|0|0|0|0|0|2|2|2|0|0|2|0
34186,8,False,8,4,8,8|1|8|8|8|8|5|8|8|8|8|9|7|8|8
34273,9,True,4,12,4,9|9|6|4|9|6|4|4|4|4|4|4|4|4|4
34300,4,True,6,14,6,6|6|6|6|6|6|0|6|0|6|4|6|6|6|6
34305,4,False,4,3,4,4|4|4|4|4|0|4|9|4|4|4|4|4|4|9
34318,9,True,7,7,9,9|7|7|7|7|9|9|9|9|8|9|7|5|9|9
34326,4,False,4,8,9,9|9|9|4|9|9|4|9|4|4|4|9|4|4|9
34329,6,False,6,15,4,4|4|4|4|4|4|4|4|4|4|4|4|4|4|4
34362,0,True,1,15,1,6|1|6|1|1|1|1|1|1|1|6|1|1|1|1
34367,2,True,3,9,3,2|3|3|3|3|2|3|3|2|2|3|2|2|3|7
34380,8,True,1,15,1,1|1|1|1|1|1|0|1|1|1|1|1|0|1|1
34393,4,True,6,10,-1,6|8|6|4|5|6|8|8|8|1|4|8|4|4|4
34398,4,True,6,11,6,6|4|6|6|0|6|0|6|6|4|4|6|6|6|4
34407,9,True,7,14,7,7|7|7|7|8|7|9|7|7|7|7|7|7|7|7
34439,5,False,5,5,5,2|5|5|5|5|5|5|3|5|2|8|5|5|5|2
34448,6,True,2,14,2,6|4|2|2|7|3|2|2|1|2|4|4|0|4|2
34449,6,False,6,3,6,6|0|6|6|6|6|4|6|6|6|6|6|6|6|4
34459,5,False,5,8,5,5|7|1|5|1|5|9|5|5|7|7|1|5|7|5
34461,7,True,1,13,1,1|1|1|1|1|1|1|7|1|1|7|1|1|1|1
34477,0,True,1,12,1,1|1|1|1|1|1|0|1|1|1|1|1|0|0|1
34488,1,False,1,6,1,1|0|1|1|1|0|0|0|1|1|1|1|0|1|0
34522,6,True,0,5,6,6|6|6|6|0|6|0|6|6|1|6|0|6|6|0
34541,9,True,8,15,8,8|8|8|8|8|8|5|8|8|8|8|8|8|8|1
34559,3,True,7,15,7,7|7|7|7|7|7|7|7|7|7|7|7|2|7|7
34561,2,False,2,11,-1,2|0|8|0|2|0|0|8|3|6|4|6|2|4|2
34565,3,False,3,9,4,4|3|6|3|3|4|4|4|2|4|4|3|4|3|3
34583,4,True,1,14,1,1|1|1|1|1|1|1|1|1|1|4|7|1|1|1
34594,9,True,8,14,8,8|8|8|8|8|9|8|8|8|8|8|8|8|8|8
34598,6,True,0,14,3,6|3|3|3|3|3|2|3|3|1|3|3|3|3|2
34601,9,True,4,15,4,4|4|2|4|4|6|4|4|4|4|4|4|4|4|2
34607,4,True,6,9,6,6|4|6|6|4|6|4|6|6|6|4|6|4|4|0
34613,9,True,8,15,8,8|8|8|8|8|8|8|8|8|8|8|8|8|7|8
34619,4,True,6,0,4,4|4|4|4|4|4|4|4|4|4|4|4|4|4|4
34622,9,True,7,15,7,5|5|8|7|7|5|8|7|2|7|7|8|7|7|7
34641,7,False,7,2,7,7|7|7|7|7|7|7|7|7|7|7|7|7|9|9
34648,9,True,4,8,4,9|4|9|4|9|4|4|9|9|4|4|9|4|4|9
34673,0,True,1,15,1,1|1|1|1|1|1|1|1|1|1|1|1|1|1|1
34683,0,True,2,6,0,0|2|6|0|0|0|0|0|2|2|4|0|0|2|0
34690,5,False,5,4,5,5|5|7|5|7|5|5|7|5|5|5|7|5|5|5
34731,5,False,5,8,-1,7|5|5|5|7|5|5|5|5|7|7|7|7|2|7
34743,6,True,0,13,4,4|4|8|8|8|4|4|8|4|6|4|4|4|4|6
34749,1,True,5,14,5,7|3|5|7|7|5|9|3|5|3|5|5|5|5|1
34751,0,True,2,9,-1,0|0|8|2|8|0|0|8|0|2|8|8|8|2|0
34772,1,False,1,0,1,1|1|1|1|1|1|1|1|1|1|1|1|1|1|1
34776,9,True,7,14,7,7|7|7|7|7|7|7|7|7|7|7|7|7|9|7
34778,6,True,3,12,3,6|3|3|3|3|6|3|3|2|3|6|3|3|2|0
34785,8,False,8,4,8,1|1|8|8|1|8|8|8|8|1|8|8|8|8|8
34788,2,True,9,13,5,5|5|5|5|5|5|5|9|5|2|9|5|5|2|9
34789,5,True,9,9,9,9|9|5|5|9|9|9|9|5|5|5|9|5|9|9
34795,6,False,6,4,6,6|0|6|6|0|6|0|6|6|6|6|6|6|0|6
34800,1,False,1,6,1,7|1|1|1|1|1|7|7|1|7|1|1|7|7|1
34823,5,True,9,0,5,5|5|5|5|5|5|5|5|5|5|5|5|5|5|5
34825,7,True,5,12,5,5|5|5|5|5|2|5|3|5|5|7|7|7|5|5
34827,6,False,6,13,0,6|0|6|0|0|0|0|0|0|4|0|0|2|2|0
34850,3,True,7,15,7,7|7|7|7|7|1|7|7|9|7|7|7|7|9|9
34857,6,True,0,2,6,6|6|6|6|0|6|0|6|6|6|6|6|6|6|6
34868,1,True,8,12,8,8|1|8|8|8|9|8|8|8|8|1|8|8|1|8
34909,5,True,3,13,3,5|3|3|3|1|1|3|3|3|1|3|3|5|2|7
34911,2,True,9,12,5,9|5|5|2|7|2|9|8|5|5|5|5|5|2|9
34935,0,True,4,14,4,4|4|4|4|4|0|4|4|2|4|4|4|4|4|4
34950,6,True,3,15,3,3|3|3|3|3|2|2|3|2|2|3|3|2|2|3
34979,0,True,1,13,1,1|1|1|1|1|1|0|1|1|1|1|1|0|1|1
34993,1,True,8,15,8,8|8|8|8|8|8|8|8|8|8|8|8|8|8|9
34997,8,False,8,3,8,8|8|8|3|3|8|8|8|3|8|8|8|8|8|8
35021,0,True,2,9,-1,2|0|4|2|0|0|0|8|2|2|4|0|2|2|0
35024,0,True,2,14,4,4|4|6|4|4|4|4|9|4|4|4|9|4|0|4
35032,9,True,4,13,4,9|4|9|4|4|4|4|4|4|4|4|4|4|4|4
35040,6,True,0,13,1,0|6|3|1|6|3|1|1|0|1|0|1|0|2|1
35043,9,True,4,12,4,8|4|6|4|9|3|9|4|4|4|4|8|4|9|4
35045,9,True,4,8,4,9|9|9|4|4|9|9|9|4|4|4|4|4|9|4
35057,0,True,2,2,0,0|0|2|2|0|0|0|0|0|0|0|0|0|0|0
35076,2,False,2,15,0,0|0|6|0|0|0|0|0|0|0|0|0|4|0|0
35087,6,False,6,15,4,8|4|9|4|4|4|9|4|4|4|4|4|4|4|4
35089,4,True,6,13,6,6|4|6|3|6|6|0|6|0|6|4|6|6|6|0
35092,1,False,1,6,1,1|1|3|1|3|3|2|3|1|1|3|1|1|1|1
35133,9,True,8,15,8,8|3|8|3|8|8|3|8|3|8|8|8|3|8|8
35164,9,False,9,14,5,5|5|5|5|5|5|5|9|5|5|5|5|5|5|5
35165,0,True,1,15,1,1|1|1|1|1|1|1|1|1|1|1|1|1|1|1
35187,9,False,9,14,5,5|5|5|5|5|5|5|5|5|5|5|5|5|9|5
35194,8,False,8,7,8,8|8|8|3|3|0|3|3|8|8|8|3|3|8|8
35213,8,False,8,3,8,8|8|8|3|8|8|3|8|8|8|8|3|8|8|8
35297,9,True,7,14,7,7|7|7|7|7|7|7|7|7|7|7|7|9|7|7
35307,5,True,9,0,5,5|5|5|5|5|5|5|5|5|5|5|5|5|5|5
35315,7,True,5,10,5,7|5|7|5|5|5|5|7|5|5|7|5|5|7|5
35321,0,False,0,15,3,3|3|3|2|3|2|3|3|3|3|3|3|3|2|3
35323,2,True,3,13,3,6|3|3|3|3|3|2|3|3|3|3|3|3|3|2
35329,9,False,9,14,5,5|5|5|5|5|5|5|5|5|5|5|5|5|9|5
35369,3,True,8,10,8,8|3|8|3|8|8|3|3|8|2|8|3|8|8|8
35372,9,True,7,12,7,7|7|7|7|9|7|9|9|2|7|7|7|7|7|7
35374,1,False,1,3,1,1|1|7|1|1|1|7|7|1|1|1|1|1|1|1
35379,9,True,4,11,4,2|9|6|4|9|6|9|6|4|4|4|4|4|9|6
35384,0,True,2,10,-1,0|8|6|3|8|0|4|8|2|0|0|3|0|8|8
35407,7,True,5,12,5,5|5|5|5|5|5|5|7|5|5|7|5|7|2|5
35410,7,False,7,11,2,5|7|5|2|7|2|2|7|2|2|7|2|2|2|5
35414,6,True,9,15,5,5|5|5|5|5|5|5|5|5|5|5|5|5|5|5
35423,2,True,5,11,5,3|3|5|5|5|5|5|7|2|2|5|1|2|2|3
35427,4,True,6,10,4,4|3|6|4|1|2|2|4|6|2|4|6|2|4|3
35448,0,False,0,12,6,6|0|6|6|0|6|0|6|6|6|6|6|6|6|6
35458,2,False,2,14,4,9|9|6|9|4|4|2|9|4|4|4|4|4|4|9
35461,4,True,6,15,6,6|0|6|6|0|0|6|6|0|6|6|6|6|6|0
35472,4,False,4,12,2,2|1|6|4|6|6|2|1|8|2|9|4|2|4|3
35483,5,False,5,2,5,5|5|5|5|5|5|5|5|5|5|7|5|5|2|5
35484,0,False,0,15,6,6|3|3|6|6|6|3|6|8|3|3|6|6|6|2
35486,6,False,6,14,4,4|4|4|4|4|4|4|4|6|4|4|4|4|4|4
35502,2,True,9,14,9,9|5|5|5|9|5|9|9|5|2|9|9|5|9|9
35507,7,False,7,9,7,7|7|5|7|9|3|9|5|5|7|7|7|5|2|5
35511,2,True,9,11,9,9|9|5|5|9|7|9|9|2|2|9|9|2|2|9
35524,3,False,3,5,3,3|3|3|3|3|3|9|3|3|1|8|8|3|3|2
35539,6,True,0,4,6,6|6|6|6|6|4|0|6|1|6|6|6|6|6|0
35547,8,False,8,4,8,5|8|8|8|8|8|8|8|8|2|8|5|7|8|8
35555,6,True,0,6,6,6|0|6|6|0|0|0|6|6|0|0|6|6|6|6
35588,6,True,2,14,2,2|8|8|0|0|2|4|9|6|1|0|4|2|4|2
35593,9,True,8,15,8,8|3|3|8|8|8|3|3|8|3|8|3|8|8|8
35613,9,True,4,4,9,9|9|9|9|9|4|9|9|4|4|9|4|9|9|9
35614,1,True,5,14,5,5|4|5|7|5|5|5|1|5|5|7|5|5|7|5
35621,5,True,9,1,5,5|5|5|5|5|5|5|9|5|5|5|5|5|5|5
35653,0,True,2,15,4,4|4|6|4|4|6|4|6|4|2|4|4|4|4|2
35655,9,False,9,13,5,5|5|5|5|5|5|5|9|5|5|5|5|5|9|2
35656,9,True,8,15,8,8|8|7|7|7|8|5|8|8|7|8|8|8|8|8
35657,3,False,3,1,3,2|3|3|3|3|3|3|3|3|3|3|3|3|3|3
35663,0,False,0,7,0,0|6|6|6|0|0|0|6|6|0|0|6|6|0|0
35690,2,True,3,14,3,3|3|3|3|3|3|3|3|3|3|3|3|3|3|2
35734,7,False,7,3,7,7|7|7|7|8|7|7|7|7|7|7|8|7|7|8
35738,2,False,2,15,4,6|4|6|4|4|0|4|4|4|4|6|4|6|4|4
35742,5,True,9,2,5,5|5|5|5|5|5|5|9|5|5|5|5|5|9|5
35749,3,True,8,13,8,8|8|8|8|8|8|3|8|8|8|8|3|8|8|8
35758,9,True,7,11,7,7|7|7|7|7|7|9|9|7|7|7|7|9|9|7
35785,0,True,1,12,1,1|1|7|1|1|1|1|1|0|1|0|1|0|8|1
35802,9,True,3,15,3,3|1|3|4|1|2|2|3|3|1|2|1|7|0|3
35807,2,True,9,14,9,7|9|8|9|7|9|9|9|9|9|5|9|5|2|9
35845,2,False,2,5,2,2|0|2|2|0|0|2|8|2|2|0|2|2|2|2
35847,9,True,4,12,4,4|9|9|4|4|6|4|6|6|4|4|4|4|9|4
35889,4,True,1,15,1,7|1|7|1|1|1|1|1|7|1|7|1|7|1|7
35903,6,True,2,13,2,6|1|6|8|4|0|2|7|2|2|8|4|2|8|4
35932,5,True,9,3,5,5|5|5|5|5|5|9|9|5|5|5|5|5|9|5
35954,4,True,6,2,4,4|4|6|4|4|6|4|4|4|4|4|4|4|4|4
35958,3,True,8,11,8,8|8|8|8|8|8|3|8|8|3|8|3|3|8|8
35967,9,True,4,14,4,9|3|6|1|4|7|4|7|6|1|4|4|6|4|3
36003,7,False,7,10,9,9|7|7|7|9|9|9|9|7|8|9|9|7|9|9
36034,7,True,8,15,8,1|8|8|8|1|8|8|8|8|8|8|8|8|8|8
36047,0,False,0,14,6,7|1|6|3|6|2|6|6|4|7|0|3|2|1|7
36066,9,True,4,7,9,9|9|9|9|4|4|1|9|2|4|4|9|4|9|9
36075,0,True,2,4,0,0|0|4|2|0|0|0|0|0|2|4|0|0|0|0
36099,1,False,1,0,1,1|1|1|1|1|1|1|1|1|1|1|1|1|1|1
36103,1,True,8,13,8,8|8|8|1|8|8|9|8|8|8|8|8|8|8|1
36105,3,False,3,5,3,6|7|3|3|3|3|3|3|3|3|3|3|6|1|9
36125,9,True,7,13,7,7|7|7|7|7|7|7|9|7|7|7|9|7|7|7
36128,5,False,5,3,5,5|5|5|5|7|5|5|3|5|5|5|7|5|5|5
36137,6,True,0,4,6,6|0|6|6|0|0|0|6|6|6|6|6|6|6|6
36170,6,False,6,4,6,6|6|6|6|6|6|4|6|6|6|4|6|4|6|4
36186,5,False,5,7,5,7|7|5|5|5|5|5|5|5|2|7|7|5|2|7
36189,4,True,6,15,6,0|0|6|6|0|6|0|6|6|6|0|6|6|6|6
36201,0,True,2,9,4,4|0|4|4|0|0|0|4|0|4|4|4|4|0|4
36206,7,True,1,4,7,7|1|7|7|7|1|7|1|1|7|7|7|7|7|7
36239,4,False,4,7,4,9|0|4|4|4|4|6|9|4|4|4|4|9|9|7
36275,9,True,4,13,4,9|9|6|4|3|3|3|6|4|1|4|4|4|4|4
36283,6,True,1,15,1,1|1|1|1|1|0|0|1|1|1|1|1|1|1|1
36297,8,True,2,13,0,8|0|2|0|8|0|0|0|0|2|0|0|0|0|2
36314,1,False,1,1,1,1|1|1|1|1|1|0|1|1|1|1|1|1|1|1
36361,8,False,8,4,8,8|8|8|8|8|8|7|8|8|8|7|8|7|8|7
36365,1,False,1,1,1,7|1|1|1|1|1|1|1|1|1|1|1|1|1|1
36383,3,False,3,9,2,3|3|3|2|3|2|2|3|2|2|2|3|2|2|2
36392,4,True,7,13,7,7|7|7|7|7|7|4|7|7|7|7|7|7|4|7
36404,9,True,4,6,9,9|9|9|9|9|9|9|9|4|4|4|4|4|9|4
36417,9,False,9,7,9,9|9|7|7|9|9|9|7|9|7|7|7|7|9|9
36449,5,True,9,3,5,5|5|5|5|5|5|9|5|5|5|5|9|5|9|5
36467,9,False,9,15,5,5|5|5|5|5|5|5|5|5|5|5|5|5|5|5
36470,6,True,0,8,6,6|4|8|6|8|6|4|6|7|4|6|6|4|6|4
36480,9,True,7,14,7,7|7|7|7|7|7|7|7|7|7|7|7|7|9|7
36485,9,False,9,12,5,9|9|5|5|5|5|5|9|5|5|5|5|5|5|5
36491,9,True,7,15,7,5|7|5|7|7|1|7|5|8|1|7|7|8|7|5
36495,4,False,4,9,9,9|9|4|9|9|9|9|9|4|4|4|4|4|9|9
36544,1,True,5,15,5,7|5|5|5|7|5|5|5|5|5|5|5|5|7|5
36549,9,True,8,15,8,8|8|8|8|8|8|8|8|8|8|8|8|8|8|8
36572,1,False,1,7,1,7|1|7|1|1|1|7|1|1|7|7|1|7|1|7
36602,9,True,4,11,4,9|4|8|4|9|9|4|9|4|4|4|4|4|4|4
36608,2,False,2,8,2,9|0|2|2|6|2|0|4|2|2|4|2|2|9|0
36617,2,True,3,9,3,3|3|3|3|3|2|2|3|2|2|3|3|3|2|2
36624,0,False,0,12,6,6|6|6|6|0|6|0|6|6|0|4|6|6|6|4
36653,3,True,5,13,5,5|5|5|3|5|5|5|5|5|5|5|3|5|5|5
36655,8,False,8,12,3,8|3|3|5|3|9|5|3|6|7|5|3|8|8|2
36679,6,False,6,12,4,6|4|6|4|4|6|4|4|4|4|4|4|4|4|4
36683,0,True,2,3,0,8|0|8|0|0|0|0|0|0|0|0|0|0|2|0
36689,5,True,9,2,5,5|5|5|5|5|5|5|9|5|5|5|5|5|9|5
36701,7,True,8,13,8,8|8|8|8|8|8|8|8|8|7|8|8|7|8|8
36734,9,True,7,8,5,5|9|5|5|9|5|9|9|5|5|9|9|5|9|5
36751,7,False,7,6,7,7|7|9|7|7|9|9|9|7|7|7|7|7|9|9
36756,9,True,4,14,4,4|4|9|4|4|4|4|4|4|4|4|4|4|4|4
36766,9,True,4,13,4,9|0|4|4|4|4|0|9|0|4|4|4|4|4|2
36771,6,True,0,14,3,3|6|1|3|2|2|3|3|3|2|3|3|7|3|7
36788,6,True,0,7,6,6|8|6|6|6|0|0|6|0|7|4|6|6|6|0
36791,0,False,0,10,3,3|3|3|3|6|0|0|3|0|6|3|0|6|6|0
36801,1,True,5,11,5,5|1|5|5|5|5|5|1|5|5|7|3|5|1|1
36806,4,False,4,8,4,8|3|9|4|9|9|4|9|9|4|4|4|4|4|9
36832,7,True,1,11,1,1|1|1|1|1|3|0|7|0|1|7|7|7|1|1
36868,7,True,8,12,8,1|1|8|8|8|8|7|8|8|7|8|8|7|8|8
36872,6,False,6,15,2,2|3|2|0|7|0|2|9|1|2|3|4|4|4|1
36891,2,True,9,11,9,9|9|5|9|7|2|9|9|2|2|9|9|5|2|9
36893,3,False,3,4,3,6|3|3|3|3|2|3|3|3|3|6|3|2|3|3
36911,3,True,5,15,5,5|7|7|5|1|5|5|5|5|7|1|7|5|1|5
36923,9,False,9,6,9,9|9|9|9|7|7|2|9|9|2|7|9|5|9|9
36929,0,False,0,11,6,6|8|6|6|6|6|0|6|4|6|6|0|6|0|0
36954,3,False,3,4,3,3|3|3|2|3|2|3|3|2|3|3|3|3|2|3
36955,3,False,3,7,3,6|3|3|3|3|2|3|3|6|1|1|3|2|2|3
36975,0,True,2,6,0,0|0|2|4|8|0|2|0|0|2|0|0|0|0|2
36981,8,False,8,7,8,8|8|8|7|8|8|3|8|8|7|7|3|7|7|8
37016,2,True,3,15,3,1|3|3|3|3|3|3|3|3|1|3|3|6|3|1
37026,4,False,4,9,9,9|9|9|9|9|9|4|9|4|4|4|4|4|9|9
37045,2,False,2,10,0,0|0|2|2|0|0|0|0|0|2|0|2|0|2|0
37062,4,False,4,10,-1,2|9|2|2|4|9|9|0|2|2|0|4|4|4|4
37072,9,True,7,13,7,7|3|7|7|7|7|9|7|7|7|7|1|7|7|9
37073,6,True,0,3,6,6|4|6|6|6|6|0|6|6|6|6|6|6|0|6
37077,7,True,8,15,8,8|8|8|8|8|8|8|8|8|8|8|8|8|8|8
37087,5,True,9,2,5,5|5|5|5|5|5|5|9|5|5|5|5|5|9|5
37101,4,False,4,5,4,9|9|8|4|4|4|9|4|4|4|4|4|4|9|4
37104,3,True,4,15,4,9|4|4|4|9|4|9|9|4|2|4|9|4|9|4
37107,4,False,4,5,4,8|9|6|9|4|4|9|4|4|4|4|4|4|4|4
37132,9,True,4,13,4,4|4|4|4|4|4|9|9|4|4|4|4|4|4|4
37149,8,False,8,3,8,3|8|8|8|8|8|3|8|8|8|8|3|8|8|8
37151,3,True,2,14,2,6|9|9|9|4|2|9|2|2|2|4|2|2|2|3
37173,9,True,4,13,4,9|4|4|4|4|4|9|4|6|4|4|4|4|4|4
37198,6,True,0,9,6,6|8|6|6|0|0|0|6|3|2|6|3|2|0|6
37209,4,False,4,3,4,4|4|4|4|9|4|9|4|4|4|4|4|4|9|4
37245,0,True,1,13,1,1|1|1|1|1|1|1|0|1|1|1|1|0|1|1
37271,4,True,6,14,6,2|6|6|6|3|6|0|6|6|2|6|6|4|6|1
37281,3,False,3,12,2,6|0|1|3|2|3|2|8|3|2|7|1|0|2|1
37296,9,True,8,15,8,7|8|8|7|8|8|7|8|8|8|8|8|7|8|8
37298,5,True,9,2,5,5|5|5|5|5|9|5|5|5|5|5|5|5|5|9
37325,8,False,8,4,8,8|8|8|8|8|8|3|8|3|3|8|8|8|8|3
37328,3,True,2,12,2,6|4|2|4|3|2|2|6|2|2|4|0|3|4|3
37336,9,True,4,12,4,9|4|9|4|4|4|4|9|4|4|4|4|4|4|4
37346,4,True,6,2,4,4|4|4|4|4|6|4|4|4|4|4|4|4|4|9
37347,6,True,0,7,6,6|0|6|6|3|8|4|6|6|1|3|6|6|0|6
37354,4,False,4,7,4,9|9|9|9|4|4|2|9|9|4|4|4|4|4|4
37376,0,False,0,12,6,6|0|6|6|6|6|0|6|0|6|4|6|6|6|6
37377,0,True,2,14,6,0|8|6|4|8|6|4|4|3|4|4|6|6|6|6
37381,6,True,0,7,6,6|4|6|6|4|6|4|4|6|4|4|6|6|4|6
37401,2,True,3,11,3,3|3|3|3|3|2|2|3|3|2|3|3|3|2|3
37405,7,False,7,1,7,7|7|7|7|7|7|7|7|7|7|7|7|7|7|9
37411,3,True,4,14,4,4|6|9|4|3|4|0|1|9|2|4|2|4|4|0
37420,9,False,9,13,7,5|7|7|5|7|7|9|7|9|1|7|5|5|2|2
37428,8,True,6,13,-1,8|0|6|8|1|0|4|6|6|4|4|6|6|4|4
37434,9,False,9,14,5,5|5|5|5|5|5|5|5|5|5|5|5|5|9|5
37452,9,True,4,7,9,9|9|9|4|9|4|9|9|4|4|4|4|4|9|9
37457,4,False,4,8,4,9|9|2|6|4|4|7|0|4|4|4|4|0|4|0
37472,7,False,7,5,7,7|7|7|7|7|3|4|7|7|7|4|7|7|4|4
37473,4,True,6,13,0,0|0|6|0|0|0|0|4|0|2|0|0|0|4|0
37474,6,True,0,4,6,6|0|6|6|0|6|0|6|6|6|6|0|6|6|6
37495,7,False,7,7,7,7|9|8|9|9|9|9|7|9|7|7|7|7|7|7
37502,3,True,8,15,1,2|4|8|4|0|2|4|1|1|1|7|8|6|6|1
37511,3,False,3,8,3,6|3|6|3|2|2|3|3|3|1|3|2|3|2|2
37512,9,False,9,12,5,5|5|5|5|5|5|5|9|5|5|5|5|5|9|9
37538,9,False,9,15,5,5|5|5|5|5|5|5|7|5|5|5|5|5|8|5
37568,4,True,7,10,7,7|7|7|7|7|7|4|7|7|4|7|7|4|4|4
37572,3,True,8,9,8,8|8|3|3|8|8|3|8|3|4|3|8|3|8|8
37583,5,False,5,9,-1,5|1|5|1|1|5|5|1|5|7|5|3|3|1|1
37614,2,False,2,8,2,0|0|2|2|0|0|9|0|2|2|0|2|2|8|2
37627,6,True,0,6,6,6|0|6|6|0|0|0|0|6|6|0|6|6|6|6
37630,5,False,5,2,5,5|5|5|5|5|5|5|5|5|5|1|1|5|5|5
37637,6,False,6,15,4,9|4|4|4|9|4|4|4|4|4|4|4|4|4|4
37662,4,True,6,9,4,8|0|6|4|4|0|0|8|4|2|4|0|4|4|2
37668,7,True,5,12,5,5|5|5|1|1|5|5|7|5|5|7|5|7|5|5
37674,6,True,9,15,5,9|9|5|5|5|5|2|9|5|2|5|5|5|9|9
37693,5,True,9,1,5,5|5|5|5|5|5|5|5|5|5|5|5|5|5|9
37716,2,False,2,12,-1,4|4|9|2|3|4|2|9|9|9|0|9|4|2|4
37718,0,True,1,12,1,1|1|1|1|1|0|0|1|0|1|4|1|1|1|1
37722,5,False,5,8,7,7|7|5|5|5|5|5|7|5|7|7|7|7|7|5
37740,8,False,8,7,8,8|8|8|3|8|6|3|3|3|2|8|8|3|8|8
37747,6,True,0,6,6,6|6|6|6|0|0|0|6|6|6|0|0|6|6|0
37754,7,False,7,4,7,7|9|7|7|7|7|9|9|7|7|7|7|7|9|7
37835,5,True,9,2,5,5|5|5|5|5|5|5|9|5|5|5|5|5|9|5
37878,7,False,7,4,7,7|7|7|7|7|7|7|7|7|7|4|4|7|4|4
37934,2,False,2,10,0,0|0|6|2|0|0|0|4|2|2|0|2|0|2|0
37946,2,True,5,11,5,5|8|3|5|7|5|2|7|7|2|7|5|2|2|5
38008,7,True,1,14,1,7|1|1|1|1|1|1|1|1|1|1|1|0|1|1
38016,2,False,2,11,4,4|4|2|4|2|4|0|4|4|4|4|4|2|2|4
38036,6,True,3,15,3,3|2|3|3|3|2|2|3|3|2|3|3|3|3|2
38051,9,True,4,12,4,9|4|4|4|9|4|4|4|4|4|4|4|4|9|4
38060,4,True,1,15,1,1|1|7|1|1|7|7|1|1|1|1|1|1|1|1
38063,3,False,3,8,3,7|3|3|3|2|3|3|3|1|1|3|0|7|7|2
38065,2,True,3,10,3,3|3|3|2|3|3|2|3|2|2|3|3|3|2|3
38108,6,True,3,15,3,3|3|3|3|3|2|2|3|3|3|3|3|3|3|3
38121,4,False,4,12,0,9|0|2|0|0|0|9|9|2|4|0|4|9|8|4
38145,9,True,4,12,4,9|9|8|4|9|4|4|4|4|4|4|4|4|4|0
38163,0,True,2,15,4,9|9|4|2|4|4|4|9|2|2|4|4|4|9|2
38179,2,False,2,11,0,0|0|2|0|0|0|2|0|2|2|0|0|0|0|0
38191,6,True,0,9,6,3|8|6|6|0|6|0|3|1|6|6|8|6|8|2
38203,1,True,5,13,5,5|5|1|5|5|5|5|5|5|7|5|7|5|1|5
38210,3,True,5,15,5,5|5|5|5|5|5|5|5|5|5|5|5|5|2|1
38237,6,True,3,14,3,2|3|3|3|3|3|3|3|3|3|6|3|3|2|0
38248,7,False,7,9,-1,7|7|7|5|7|5|5|1|5|2|5|7|1|5|7
38255,6,False,6,11,6,1|8|8|6|3|2|6|6|5|6|4|8|4|1|4
38279,1,False,1,7,1,7|1|7|1|1|1|7|1|1|1|7|7|7|1|7
38308,5,False,5,3,5,7|5|5|5|5|2|5|7|5|5|5|5|5|5|5
38317,2,True,3,9,3,3|3|3|3|3|2|2|3|2|3|3|2|2|2|3
38323,1,True,8,14,8,8|8|8|8|8|8|8|8|8|8|8|8|8|8|1
38408,5,True,9,2,5,5|5|5|5|5|5|5|5|5|5|5|5|5|9|9
38420,0,True,2,2,0,8|0|0|0|0|0|0|0|0|0|0|2|0|0|0
38441,7,False,7,0,7,7|7|7|7|7|7|7|7|7|7|7|7|7|7|7
38451,0,True,1,11,1,1|1|1|3|1|1|0|1|1|1|1|0|1|0|0
38473,9,True,4,7,9,9|9|9|9|4|9|4|9|4|4|9|9|4|4|4
38494,2,False,2,15,8,8|4|9|6|8|8|0|6|6|4|6|4|4|8|8
38516,7,True,1,11,1,1|1|7|1|1|7|1|1|1|1|7|1|1|1|7
38525,7,False,7,1,7,7|7|7|7|3|7|7|7|7|7|7|7|7|7|7
38529,6,False,6,14,4,4|4|4|4|4|6|4|4|4|4|4|4|4|4|4
38539,6,True,0,6,6,0|6|6|6|0|0|0|6|6|6|0|6|6|6|0
38542,1,False,1,14,3,2|3|3|3|3|3|3|3|3|1|3|3|2|2|3
38552,6,False,6,14,4,8|4|3|4|2|0|6|4|4|1|4|8|4|4|2
38555,3,True,2,15,6,6|6|6|4|6|6|2|6|2|2|4|6|9|2|4
38560,3,True,5,15,5,5|1|1|5|1|5|9|1|5|7|1|5|5|5|5
38574,0,True,1,12,1,1|1|1|1|1|1|0|1|1|1|1|1|0|0|1
38619,8,True,2,12,6,2|0|6|4|6|8|8|0|6|2|8|6|0|4|2
38638,2,True,3,15,3,3|3|3|3|3|3|7|3|0|1|6|6|0|4|3
38662,0,False,0,10,6,2|6|6|6|3|0|0|6|0|0|6|0|6|6|6
38667,7,True,1,14,1,7|1|1|3|1|1|0|1|1|1|1|1|1|1|1
38685,6,False,6,15,8,8|8|8|8|8|9|8|7|8|7|8|8|8|8|8
38694,8,False,8,2,8,8|8|8|8|8|8|8|7|8|8|8|8|7|8|8
38702,3,False,3,7,3,3|3|3|2|3|2|2|3|2|2|3|1|3|2|3
38727,6,True,0,7,6,0|6|6|6|6|6|3|6|8|1|7|6|6|8|4
38737,5,False,5,4,5,7|5|5|7|5|5|5|7|5|5|5|5|2|5|5
38760,1,True,5,14,-1,7|8|5|2|7|2|2|8|2|1|8|5|0|8|7
38766,5,False,5,8,5,7|3|5|5|7|5|5|8|5|7|8|3|5|2|5
38772,0,True,2,5,0,0|0|2|2|0|0|0|0|0|2|0|2|0|2|0
38780,4,False,4,5,4,9|4|4|4|9|4|9|9|4|4|4|4|4|4|9
38811,0,True,1,12,1,1|1|1|1|1|0|0|0|1|1|1|1|1|1|1
38813,9,True,6,15,4,4|4|4|4|4|6|4|4|4|4|4|6|4|4|4
38815,4,True,6,1,4,4|4|4|4|4|6|4|4|4|4|4|4|4|4|4
38818,0,False,0,5,0,0|0|6|6|0|0|0|6|6|0|0|0|0|6|0
38840,2,True,9,15,7,7|7|7|7|7|9|7|7|7|7|7|7|7|9|9
38843,8,False,8,1,8,8|8|8|8|8|8|7|8|8|8|8|8|8|8|8
38850,7,True,1,9,1,7|1|1|7|1|1|7|7|4|7|1|1|1|7|1
38851,2,False,2,12,4,6|3|6|1|3|4|2|3|9|2|4|4|4|4|2
38896,7,False,7,1,7,9|7|7|7|7|7|7|7|7|7|7|7|7|7|7
38900,0,True,2,13,2,2|0|6|4|2|6|2|4|2|2|4|4|2|2|0
38913,0,True,2,3,0,0|0|2|2|0|0|0|0|0|0|0|0|0|2|0
38916,7,True,1,10,1,7|1|7|1|1|1|1|1|7|1|1|7|1|1|7
38919,3,True,2,15,4,4|4|4|4|4|4|4|4|4|4|4|4|4|4|4
38938,3,False,3,5,3,2|3|6|3|3|3|2|3|3|1|3|3|3|2|3
38944,2,True,3,12,3,2|3|3|3|3|2|3|3|3|1|6|0|3|2|3
38959,7,True,8,14,8,8|8|8|8|8|8|8|8|8|8|8|8|7|8|8
39024,9,False,9,9,5,5|5|5|5|5|9|5|9|5|5|9|9|5|9|9
39049,0,False,0,11,6,6|0|6|6|6|6|0|6|6|6|0|6|6|6|0
39067,0,True,2,9,4,4|0|4|0|4|4|0|4|4|4|4|4|0|0|0
39082,9,True,4,12,4,4|9|4|4|4|4|9|4|4|4|4|4|4|9|4
39110,6,True,0,5,6,6|0|6|6|0|6|0|6|6|6|0|6|6|6|0
39166,9,True,8,15,8,8|8|8|8|8|8|8|8|8|8|8|3|8|8|3
39184,6,True,3,9,3,6|3|3|3|6|4|3|3|6|3|3|8|6|6|6
39210,9,True,4,14,4,4|4|4|4|4|4|4|9|4|4|4|4|4|4|4
39215,1,True,3,15,4,4|0|4|4|4|0|4|4|4|4|4|6|4|4|0
39226,4,True,6,0,4,4|4|4|4|4|4|4|4|4|4|4|4|4|4|4
39276,3,True,8,9,8,8|8|8|3|3|8|3|8|8|8|8|8|3|3|3
39293,7,True,1,7,7,7|1|7|1|1|7|7|1|1|1|1|7|7|7|7
39296,6,True,0,7,6,6|0|6|6|0|0|0|0|6|6|0|6|6|6|0
39297,6,False,6,14,4,2|4|6|4|8|4|4|4|4|4|4|4|4|4|2
39314,6,True,0,15,0,7|7|2|7|4|0|0|3|1|1|0|2|0|2|5
39379,6,False,6,12,4,6|4|6|4|4|6|4|4|4|4|4|4|4|4|4
39404,5,True,9,1,5,5|5|5|5|5|5|5|9|5|5|5|5|5|5|5
39416,1,False,1,11,7,7|1|1|7|1|7|7|7|1|7|7|7|7|7|7
39432,6,False,6,15,4,4|4|4|4|4|4|4|4|4|4|4|4|4|4|4
39439,3,True,5,15,5,5|5|5|5|5|5|5|1|5|5|5|7|5|5|5
39443,1,False,1,3,1,1|1|1|1|1|1|1|1|0|7|7|1|1|1|1
39464,4,False,4,8,4,2|4|6|6|4|6|4|4|9|4|4|8|4|9|2
39470,1,True,5,9,5,5|5|5|1|3|5|5|1|1|1|1|7|5|5|1
39480,7,False,7,0,7,7|7|7|7|7|7|7|7|7|7|7|7|7|7|7
39488,2,True,9,13,5,9|9|7|2|7|5|9|9|5|7|7|5|5|2|5
39547,6,False,6,14,0,0|4|6|4|0|0|0|4|0|4|0|0|4|0|4
39558,1,False,1,5,1,7|1|1|1|1|1|7|1|1|1|7|1|7|1|7
39591,1,True,5,12,5,5|7|7|1|7|5|5|5|5|5|5|5|5|1|1
39600,6,True,1,14,1,6|1|1|1|1|1|1|3|1|1|1|1|1|1|1
39601,8,True,6,13,4,8|4|2|4|4|4|8|9|9|4|6|6|4|6|9
39609,8,False,8,1,8,8|8|8|8|8|8|3|8|8|8|8|8|8|8|8
39616,9,True,6,15,4,2|4|6|4|4|6|4|6|4|6|4|4|6|4|4
39664,0,False,0,12,3,3|1|6|3|0|3|0|3|0|3|3|3|2|6|2
39670,7,False,7,1,7,7|7|7|7|7|7|7|7|7|7|7|7|9|7|7
39675,2,True,6,15,6,6|6|6|6|0|0|0|6|6|6|0|4|6|4|6
39702,1,True,5,14,5,5|7|5|5|7|1|9|7|5|5|5|5|5|5|5
39721,0,True,2,14,2,8|4|6|2|2|0|2|4|2|2|4|6|4|2|8
39722,9,True,4,15,4,4|8|6|6|8|6|6|4|4|4|4|4|4|4|6
39728,9,True,6,14,4,8|8|8|1|3|8|4|9|4|4|4|4|4|4|8
39731,6,True,0,2,6,6|6|6|6|0|6|0|6|6|6|6|6|6|6|6
39807,7,False,7,0,7,7|7|7|7|7|7|7|7|7|7|7|7|7|7|7
39811,8,True,2,11,2,8|0|6|2|8|2|2|8|3|2|2|3|2|2|8
39817,6,True,0,13,-1,0|3|4|6|0|3|4|6|1|4|0|3|0|2|4
39851,5,True,9,1,5,5|5|5|5|5|5|5|5|5|5|5|5|5|9|5
39852,7,True,1,12,1,1|1|1|1|1|1|7|1|1|1|7|1|7|1|1
39877,9,True,4,13,0,2|0|6|0|0|0|9|9|0|0|0|4|2|0|4
39882,0,False,0,11,6,6|0|6|6|0|6|0|6|6|6|6|6|6|6|0
39885,1,True,5,6,1,5|3|1|1|1|5|5|1|5|1|1|1|5|1|1
39901,2,False,2,8,2,4|3|4|0|4|3|2|6|2|2|6|2|2|2|2
39907,5,False,5,9,5,5|3|1|1|7|1|1|3|5|5|7|5|5|7|5
39937,0,True,2,4,0,0|0|2|0|0|0|0|8|0|4|0|0|0|6|0
39952,5,False,5,12,7,7|4|7|7|5|9|9|6|1|5|7|7|5|7|3
39954,7,False,7,9,9,9|9|7|9|9|9|9|7|7|7|7|9|7|9|9
39957,5,True,9,1,5,5|5|5|5|5|5|5|5|5|5|5|5|5|9|5
39961,6,True,0,5,6,6|6|6|6|0|0|0|6|6|0|0|6|6|6|6
39970,1,True,5,12,7,5|1|7|7|7|1|3|8|5|7|7|3|3|1|3
40001,9,True,7,14,7,7|7|7|7|7|7|9|7|7|7|7|7|7|7|7
40006,6,True,2,14,4,4|4|4|4|4|4|4|4|2|6|4|4|4|4|9
40009,7,True,8,13,8,7|8|8|8|8|7|5|1|2|1|8|8|8|5|9
40023,7,False,7,1,7,7|7|7|7|7|7|7|7|7|7|7|7|7|9|7
40057,9,True,4,8,4,9|9|4|4|9|9|9|9|4|4|4|4|4|4|9
40117,8,False,8,2,8,8|8|8|8|8|8|3|8|8|8|8|8|3|8|8
40149,2,True,3,11,3,3|3|3|3|3|2|3|3|2|2|3|3|2|3|3
40169,8,False,8,2,8,8|8|8|8|8|8|8|8|1|1|8|8|8|8|8
40184,4,False,4,5,4,9|4|4|4|9|9|4|9|4|4|4|9|4|4|4
40191,6,False,6,15,0,0|0|2|2|0|0|0|0|0|0|0|0|4|4|4
40204,9,True,4,15,4,2|4|6|4|4|4|1|6|3|4|4|4|6|4|4
40209,9,True,7,15,7,7|7|7|7|7|3|7|7|7|7|7|7|7|7|4
40258,9,False,9,11,5,8|9|7|5|5|5|5|9|5|5|5|7|5|9|9
40270,9,True,4,15,4,2|4|6|4|4|4|4|4|4|2|4|4|4|4|6
40274,0,True,2,6,0,0|0|8|8|8|0|0|8|0|0|0|6|0|0|8
40311,6,True,9,15,5,5|5|5|5|5|5|5|9|5|1|3|9|5|9|5
40312,2,False,2,15,0,4|0|8|0|0|0|4|8|0|0|6|0|0|9|8
40346,6,True,2,15,4,4|9|9|4|4|4|2|9|4|9|4|4|4|9|9
40348,6,True,3,9,6,3|3|6|6|6|0|3|3|6|4|6|6|3|4|4
40374,9,False,9,12,5,5|5|5|5|5|5|5|9|5|5|5|5|5|9|9
40391,4,True,6,3,4,4|4|4|4|4|9|4|6|4|4|4|4|4|4|9
40397,2,True,3,10,3,3|3|3|3|3|2|2|3|2|3|3|3|2|2|3
40412,9,True,7,11,5,7|9|5|9|7|5|5|3|5|5|9|5|5|9|5
40419,1,False,1,0,1,1|1|1|1|1|1|1|1|1|1|1|1|1|1|1
40428,1,True,8,13,8,8|1|8|8|8|8|8|8|8|8|8|8|8|8|1
40451,1,False,1,4,1,1|1|1|1|1|1|0|1|0|1|1|1|0|1|0
40459,9,True,4,11,4,9|9|4|4|4|4|4|9|4|4|4|4|4|9|4
40460,2,True,5,12,5,3|5|5|5|2|5|5|7|5|5|5|5|5|2|2
40483,1,False,1,3,1,1|1|7|1|1|1|1|7|1|1|7|1|1|1|1
40526,7,False,7,5,7,9|7|7|7|9|7|9|7|7|2|7|7|9|7|7
40535,6,True,0,5,6,6|8|6|6|0|6|0|6|6|6|4|6|0|6|6
40573,9,False,9,14,5,5|5|5|5|5|5|5|5|5|5|5|5|5|9|5
40575,3,True,8,13,8,8|8|8|3|8|8|8|8|8|3|8|8|8|8|8
40576,1,True,3,15,3,3|3|6|4|0|2|3|3|3|4|4|8|4|9|7
40580,2,False,2,11,0,0|0|6|2|0|0|2|0|2|0|0|0|0|2|0
40591,4,True,6,1,4,4|4|4|4|4|6|4|4|4|4|4|4|4|4|4
40599,9,True,4,7,9,4|9|9|9|3|4|6|9|9|4|4|9|4|9|9
40641,5,True,9,4,5,5|5|5|5|5|5|5|6|5|5|7|9|5|9|5
40658,2,True,3,15,6,6|6|6|6|6|0|0|6|6|6|6|6|6|6|9
40672,9,True,7,15,7,7|7|7|7|7|7|7|7|7|7|7|7|7|7|7
40675,4,True,6,15,6,6|6|6|6|6|6|0|6|6|6|6|6|6|6|0
40694,9,True,4,12,4,4|4|9|4|4|4|4|9|4|4|4|4|4|9|4
40702,4,True,6,2,4,4|4|9|4|4|4|4|9|4|4|4|4|4|4|4
40704,6,True,9,15,5,5|5|5|5|5|5|5|9|5|5|5|9|5|9|5
40708,6,False,6,12,4,4|4|6|4|4|4|4|6|4|4|4|4|4|6|4
40719,5,False,5,10,7,5|7|5|7|1|5|7|1|5|7|7|5|7|2|9
40735,4,True,6,2,4,9|4|4|4|4|4|4|9|4|4|4|4|4|4|4
40737,4,True,7,13,7,7|7|7|7|7|7|7|7|7|7|7|7|7|4|4
40754,1,False,1,1,1,1|1|1|1|1|1|1|1|1|1|1|1|1|1|7
40816,3,False,3,4,3,3|3|3|3|3|3|3|3|3|1|1|3|6|3|2
40832,1,False,1,0,1,1|1|1|1|1|1|1|1|1|1|1|1|1|1|1
40852,4,True,6,1,4,4|4|4|4|4|4|4|9|4|4|4|4|4|4|4
40860,8,False,8,2,8,8|3|8|8|8|8|3|8|8|8|8|8|8|8|8
40870,1,False,1,3,1,1|3|7|1|1|1|7|1|1|1|1|1|1|1|1
40891,0,True,2,9,-1,6|0|6|0|0|0|4|0|4|4|4|2|4|4|0
40904,2,True,5,14,5,5|5|7|5|7|5|5|7|5|5|7|5|5|2|5
40912,5,True,9,0,5,5|5|5|5|5|5|5|5|5|5|5|5|5|5|5
40939,7,True,5,12,5,5|7|5|5|5|5|2|7|5|5|5|7|5|2|5
40950,0,True,2,14,4,4|4|6|4|4|4|0|4|4|4|4|4|4|4|6
40953,5,False,5,5,5,5|5|5|5|1|5|5|1|5|7|1|1|5|5|5
40965,6,False,6,13,4,6|4|4|4|4|6|4|4|4|4|4|4|4|4|4
41006,0,True,1,15,3,1|3|3|3|3|3|2|3|2|1|3|1|7|7|3
41014,0,False,0,10,6,6|0|6|6|0|6|0|6|6|0|6|6|6|6|0
41016,1,False,1,3,1,1|1|1|1|1|1|7|1|1|7|1|1|7|1|1
41019,4,True,6,14,8,8|8|8|8|8|8|8|8|8|1|4|8|8|3|8
41049,4,True,1,13,1,1|1|1|1|1|1|4|4|1|1|1|1|1|1|1
41052,1,True,5,7,1,5|1|5|1|1|5|5|1|1|5|1|5|5|1|1
41089,4,False,4,6,4,9|4|4|9|9|4|4|9|4|4|4|4|9|9|4
41090,1,False,1,0,1,1|1|1|1|1|1|1|1|1|1|1|1|1|1|1
41097,3,False,3,6,3,2|3|3|3|3|3|2|3|2|2|3|3|2|3|2
41111,9,True,4,12,4,9|9|4|4|4|4|4|9|4|4|4|4|4|4|4
41122,0,True,1,15,1,1|1|1|1|1|1|7|7|1|1|7|1|1|1|1
41137,9,True,6,15,6,4|4|8|6|8|6|4|6|1|8|6|6|0|6|8
41145,6,False,6,12,4,8|4|6|4|6|4|4|6|4|1|4|4|4|4|4
41166,2,True,3,8,2,2|2|6|3|3|2|2|0|3|2|3|3|3|2|2
41174,1,False,1,8,1,1|1|1|1|3|3|2|3|1|2|3|1|3|3|1
41185,8,False,8,3,8,8|8|8|3|8|8|3|8|8|8|8|8|8|8|3
41205,9,True,4,4,9,4|9|9|9|9|9|9|9|9|9|9|4|4|4|9
41224,6,True,0,14,0,8|0|8|0|8|9|0|6|4|9|0|9|0|9|4
41245,2,False,2,12,0,0|0|4|4|2|0|4|4|0|2|0|4|0|2|0
41256,9,True,7,15,7,7|7|7|7|7|7|7|7|7|7|7|7|7|7|7
41272,7,True,8,14,8,7|8|8|8|8|8|8|8|8|8|8|8|8|8|8
41273,1,False,1,9,1,1|3|3|1|1|3|0|3|1|1|7|3|7|1|2
41286,8,False,8,7,8,7|8|8|8|8|8|2|7|8|7|8|7|7|8|1
41290,1,False,1,1,1,1|1|1|1|1|1|1|1|1|1|1|1|0|1|1
41316,6,False,6,9,4,6|4|6|4|4|6|4|6|4|1|4|6|4|4|6
41325,9,True,4,14,-1,2|6|9|3|4|4|2|4|2|2|4|4|2|2|4
41345,6,False,6,14,4,4|4|4|4|4|6|4|4|4|4|4|4|4|4|4
41353,9,False,9,13,5,7|5|5|5|5|5|1|9|5|7|7|5|5|9|5
41355,6,False,6,9,6,6|3|6|6|3|1|9|6|6|4|3|8|4|6|3
41371,5,False,5,14,7,5|7|7|7|8|7|9|7|9|7|7|7|3|9|9
41373,0,True,2,15,4,4|4|9|9|9|4|4|9|4|4|4|4|4|4|5
41398,7,False,7,1,7,7|7|7|7|7|7|7|7|7|7|7|7|7|2|7
41412,3,True,8,12,8,8|8|8|8|8|8|3|8|8|8|8|8|8|3|3
41431,0,True,2,7,0,0|0|4|0|0|0|0|2|2|4|0|4|2|2|0
41437,4,False,4,7,4,9|4|8|4|4|9|9|9|4|4|4|8|9|4|4
41438,6,True,0,6,6,0|0|6|6|0|6|0|6|0|6|0|6|6|6|6
41461,4,False,4,4,4,9|9|4|4|4|4|4|4|4|4|4|4|4|9|9
41479,1,False,1,14,4,6|4|6|4|9|4|4|0|4|4|4|6|6|4|1
41481,0,False,0,15,7,7|3|7|2|5|5|7|3|1|7|7|7|1|5|4
41491,6,False,6,5,6,6|4|6|6|6|6|6|0|6|0|4|6|6|6|4
41492,8,True,1,15,1,1|1|1|1|1|1|6|1|1|1|1|1|1|1|6
41498,3,True,8,14,8,8|8|8|8|8|8|8|8|8|8|8|8|8|8|3
41521,7,True,1,7,7,1|1|7|1|1|1|7|7|4|7|7|1|7|7|7
41533,9,True,4,12,4,4|9|9|4|4|4|9|4|4|4|4|4|4|4|4
41555,2,True,5,15,5,5|5|7|5|7|5|5|1|5|5|7|5|5|5|5
41558,3,False,3,10,3,1|0|6|3|3|6|2|4|3|4|6|4|3|4|3
41572,6,True,0,7,6,6|6|6|6|6|0|0|6|6|0|0|3|0|6|0
41587,5,False,5,2,5,5|5|5|5|5|5|2|7|5|5|5|5|5|5|5
41627,6,True,0,12,-1,7|0|7|6|1|3|0|6|6|2|0|7|3|2|4
41633,9,False,9,15,5,5|5|5|5|5|5|5|5|5|5|5|5|5|5|5
41646,3,False,3,5,3,3|3|3|3|3|2|2|3|6|1|3|3|3|2|3
41664,3,True,5,12,5,5|1|5|3|5|5|5|5|5|5|5|3|5|5|3
41670,2,True,9,14,9,9|9|5|9|9|7|9|9|2|5|9|7|5|9|9
41699,9,True,4,12,4,2|4|6|4|9|6|9|4|4|4|4|4|4|9|4
41718,2,True,3,14,3,3|3|3|3|3|2|3|3|3|3|3|3|3|3|3
41721,9,True,7,14,7,7|7|9|7|7|7|7|7|7|7|7|7|7|7|7
41728,9,False,9,12,5,9|5|5|5|5|5|5|9|5|4|5|5|5|9|5
41762,6,False,6,6,6,0|0|6|6|0|0|0|6|6|6|0|6|6|6|6
41763,8,False,8,3,8,8|8|8|8|8|8|8|1|1|8|8|8|8|8|1
41781,1,False,1,9,7,7|7|1|1|1|7|7|7|4|1|7|1|7|7|1
41782,4,True,6,0,4,4|4|4|4|4|4|4|4|4|4|4|4|4|4|4
41783,1,True,5,5,1,5|1|7|1|1|5|5|1|1|1|1|1|7|1|1
41806,3,False,3,5,3,3|3|3|3|1|3|5|3|3|1|7|3|3|5|3
41846,1,True,8,15,8,7|8|8|8|8|8|8|7|8|7|8|8|7|8|8
41849,0,True,1,13,1,1|1|1|1|1|1|0|1|1|1|7|1|0|1|1
41850,6,False,6,14,4,4|4|4|4|6|4|4|4|4|4|4|4|4|4|4
41856,4,True,1,15,1,1|1|1|1|1|1|1|1|1|1|1|1|7|1|1
41877,2,True,3,11,6,6|3|3|3|2|2|2|3|3|2|6|6|6|6|6
41915,6,False,6,8,6,2|4|3|6|4|6|6|6|6|2|4|4|6|6|4
41923,2,False,2,5,2,2|0|2|2|0|2|2|2|0|2|0|0|2|2|2
41937,6,False,6,15,4,4|4|4|4|4|4|4|4|4|4|4|4|4|4|4
41973,4,False,4,7,4,9|9|9|4|4|9|4|9|4|4|4|4|9|9|4
41978,9,True,7,13,7,7|7|7|7|7|7|9|7|7|7|7|7|7|7|9
41979,9,True,4,14,4,2|2|2|4|0|0|4|9|2|4|0|4|2|4|4
42016,6,True,3,10,3,6|3|6|1|3|0|3|3|6|3|6|3|6|3|3
42019,6,True,1,15,1,1|1|1|1|1|1|0|1|1|1|1|1|1|1|1
42030,0,True,1,12,1,1|1|1|1|0|0|0|1|1|1|1|1|1|1|1
42039,4,True,6,15,6,6|8|6|6|0|6|0|6|0|0|6|6|0|6|6
42080,0,True,1,14,1,1|1|1|1|1|1|1|3|1|1|1|1|1|0|1
42093,0,True,1,13,1,1|1|1|1|1|1|0|1|1|1|6|1|0|1|1
42140,4,False,4,9,9,9|9|9|9|9|4|9|9|4|4|4|9|4|9|4
42147,2,False,2,8,-1,4|4|2|4|4|4|2|0|2|2|4|4|2|2|2
42158,8,False,8,4,8,9|8|8|8|8|8|3|8|9|1|8|8|8|8|8
42179,4,True,7,8,7,7|7|7|7|7|4|4|7|4|7|4|7|4|4|4
42244,6,False,6,14,1,3|1|1|1|1|3|0|0|1|1|1|3|6|4|4
42274,3,True,8,9,8,8|8|8|3|3|8|3|8|8|3|8|3|3|8|8
42323,3,True,8,10,8,3|8|8|3|3|8|3|3|8|8|8|8|8|8|8
42327,5,True,9,3,5,5|5|5|5|5|5|9|5|5|5|9|5|5|9|5
42331,1,False,1,14,7,7|7|1|7|7|7|7|7|4|7|7|7|7|7|7
42344,6,True,9,15,5,5|5|5|5|5|5|5|5|5|5|5|5|5|9|9
42360,5,True,9,1,5,5|5|5|5|5|5|5|9|5|5|5|5|5|5|5
42373,9,False,9,14,5,5|5|5|5|5|5|5|5|5|5|5|5|5|9|5
42384,5,False,5,3,5,5|5|5|5|5|5|5|5|5|5|5|7|5|2|7
42413,4,True,6,13,6,4|6|6|0|8|2|0|3|4|1|0|6|3|6|6
42507,9,True,4,12,4,4|9|9|0|6|0|4|9|7|2|4|8|4|2|4
42532,8,True,6,15,6,6|4|6|4|0|6|4|0|6|0|6|6|6|4|6
42574,9,True,8,15,8,8|3|8|8|8|5|2|8|8|8|8|8|3|3|8
42625,6,True,1,15,1,1|1|1|1|1|1|1|1|1|1|1|1|1|1|1
42651,6,False,6,15,4,4|4|4|4|4|4|4|4|4|4|4|4|4|4|4
42657,6,False,6,15,4,4|4|2|0|0|4|0|0|4|4|0|4|4|2|2
42665,4,False,4,11,9,9|4|9|9|9|9|9|9|9|4|4|9|9|9|4
42667,3,False,3,3,3,2|3|3|3|3|2|3|3|2|3|3|3|3|3|3
42690,4,True,6,2,4,4|0|8|4|4|4|4|4|4|4|4|4|4|4|4
42710,5,True,9,2,5,5|5|5|5|5|5|5|9|5|5|5|5|5|9|5
42763,6,False,6,15,4,4|4|4|4|4|4|4|4|4|4|4|4|4|4|4
42773,8,False,8,0,8,8|8|8|8|8|8|8|8|8|8|8|8|8|8|8
42778,5,True,9,5,5,9|5|5|5|7|5|9|9|5|7|5|5|5|5|5
42781,1,False,1,7,1,7|1|1|1|1|7|7|1|0|7|7|1|7|1|1
42795,1,True,3,15,0,3|0|6|4|0|6|6|6|0|0|0|4|0|6|3
42814,5,False,5,5,5,5|3|5|5|5|5|5|1|5|5|5|3|5|3|1
42818,3,True,8,11,8,8|3|8|8|8|8|3|8|3|8|8|3|8|8|8
42836,0,True,1,10,1,0|1|1|1|1|0|0|1|1|0|1|1|0|1|1
42843,8,False,8,2,8,8|8|8|8|8|8|8|8|8|7|8|8|8|8|7
42882,4,False,4,3,4,4|4|4|4|9|6|9|4|4|4|4|4|4|4|4
42885,2,False,2,10,2,6|8|6|2|8|2|3|8|3|4|4|2|2|2|6
42886,7,True,5,3,7,7|7|7|7|7|7|7|7|9|7|7|9|7|9|7
42895,9,False,9,9,5,5|9|5|5|5|9|5|9|5|7|7|9|5|9|9
42897,3,False,3,5,3,3|3|6|3|3|0|3|6|2|3|3|3|6|3|3
42899,6,True,2,15,9,9|9|9|9|9|9|4|9|4|9|4|4|4|9|9
42911,9,True,7,14,7,7|7|7|7|7|7|7|7|7|7|7|7|7|7|9
42936,7,False,7,1,7,7|7|7|7|7|7|7|9|7|7|7|7|7|7|7
42939,9,True,4,12,3,2|3|3|3|3|4|3|9|3|3|9|0|6|2|9
42965,2,True,5,14,5,5|7|5|7|5|5|5|7|2|5|7|1|5|1|4
42967,3,True,2,15,4,6|4|6|4|5|6|4|4|4|4|4|4|6|9|4
42979,6,False,6,12,4,6|4|6|4|9|6|4|4|0|4|4|4|4|4|4
43004,0,True,2,10,2,2|8|1|2|0|0|0|6|2|2|1|2|0|2|0
43068,1,False,1,1,1,1|1|1|1|1|1|1|1|1|1|4|1|1|1|1
43078,9,True,8,15,8,8|1|8|8|8|0|8|3|8|7|8|3|3|8|8
43114,0,False,0,9,6,6|0|6|6|0|0|0|6|6|6|0|6|6|6|0
43117,4,True,5,15,7,7|7|7|5|7|5|5|1|5|7|7|7|2|5|7
43131,0,False,0,9,6,6|0|6|3|6|0|0|6|6|6|0|0|6|6|0
43141,0,True,2,13,4,9|0|4|2|0|4|4|9|2|2|4|2|4|4|4
43142,3,False,3,1,3,3|3|3|3|3|3|3|3|3|3|3|8|3|3|3
43147,5,False,5,11,1,5|1|8|1|1|5|7|1|1|5|1|1|5|1|1
43150,0,False,0,7,0,6|1|6|0|0|0|0|6|3|2|0|0|0|5|0
43184,0,True,2,8,0,8|4|8|6|0|0|0|6|0|2|0|6|0|2|0
43185,4,True,6,2,4,4|4|4|4|4|4|4|9|9|4|4|4|4|4|4
43241,5,False,5,4,5,5|5|5|5|3|5|5|7|5|5|7|5|7|5|5
43259,3,True,5,14,5,5|5|5|5|7|5|5|1|5|5|7|5|3|5|5
43275,0,False,0,12,-1,6|0|6|3|2|6|4|3|6|0|3|3|2|0|8
43284,5,False,5,5,5,5|5|7|5|7|5|5|7|5|5|7|5|5|1|5
43290,6,True,3,14,3,6|3|3|3|3|3|3|3|2|3|3|1|3|3|3
43305,4,False,4,8,4,9|1|9|6|4|4|3|4|6|4|4|4|4|9|0
43344,3,True,8,14,8,8|8|8|8|8|8|3|8|8|8|8|8|8|8|8
43346,8,False,8,10,8,8|5|3|3|3|9|9|8|2|1|8|3|8|8|7
43394,2,True,5,13,5,5|5|5|5|7|5|2|7|5|5|5|5|5|2|5
43404,3,False,3,7,3,3|3|6|3|3|6|3|3|2|2|3|2|2|2|3
43424,8,False,8,2,8,8|8|8|1|8|8|8|8|8|8|8|9|8|8|8
43439,4,True,6,9,4,3|2|4|4|0|6|7|8|6|6|4|4|6|4|4
43443,2,True,9,13,9,9|9|7|2|7|7|9|9|7|2|9|9|5|9|9
43489,2,False,2,8,2,8|0|2|2|0|2|2|0|0|2|8|2|2|8|8
43503,6,True,9,15,5,5|5|5|5|5|5|5|5|5|5|5|5|5|5|5
43511,0,True,1,13,1,1|1|1|1|0|1|0|1|1|1|1|1|1|1|1
43523,4,False,4,8,4,6|9|9|4|4|3|3|9|9|4|4|9|4|4|4
43528,4,True,6,1,4,4|4|6|4|4|4|4|4|4|4|4|4|4|4|4
43537,0,True,1,13,1,1|1|1|1|1|1|0|7|1|1|4|1|0|1|1
43541,8,False,8,0,8,8|8|8|8|8|8|8|8|8|8|8|8|8|8|8
43548,9,True,4,8,-1,9|9|4|9|9|4|4|9|2|4|4|9|4|9|4
43558,1,False,1,0,1,1|1|1|1|1|1|1|1|1|1|1|1|1|1|1
43560,8,False,8,15,4,4|4|9|4|9|9|4|4|9|2|4|9|4|4|4
43592,3,True,8,14,7,7|1|8|7|1|8|5|8|7|5|7|3|7|7|2
43593,4,True,5,15,5,7|5|5|5|5|5|5|5|5|5|5|5|5|5|5
43598,4,True,6,9,6,6|4|6|6|6|6|4|6|6|6|6|4|4|4|4
43603,2,True,9,15,5,9|5|5|5|5|5|5|9|5|5|5|5|5|9|9
43618,1,False,1,1,1,1|1|1|1|1|1|1|1|6|1|1|1|1|1|1
43620,3,False,3,0,3,3|3|3|3|3|3|3|3|3|3|3|3|3|3|3
43651,9,True,4,15,4,4|4|4|4|4|4|4|4|4|4|4|4|4|4|4
43652,9,False,9,14,5,5|5|5|5|5|5|5|9|5|5|5|5|5|5|5
43679,2,False,2,10,0,2|0|8|2|8|0|0|0|0|2|7|2|0|4|2
43700,8,True,2,13,2,2|4|2|4|2|4|2|8|2|2|8|3|6|6|6
43737,1,False,1,4,1,7|1|3|1|1|1|2|1|1|1|6|1|1|1|1
43754,9,True,4,12,4,8|9|8|4|9|4|4|9|4|4|4|4|4|4|4
43769,4,False,4,4,4,9|4|4|4|8|4|4|4|4|4|4|4|4|9|9
43780,7,True,5,8,7,5|7|7|7|7|5|5|7|9|7|7|5|8|9|5
43809,6,True,7,15,9,5|9|5|2|9|8|9|9|2|2|8|5|9|9|9
43849,6,True,3,12,3,3|3|3|6|6|3|3|6|3|2|4|2|1|3|2
43851,8,False,8,1,8,8|8|8|8|8|8|3|8|8|8|8|8|8|8|8
43853,1,False,1,5,1,1|1|1|1|0|0|0|1|1|3|1|1|0|1|1
43866,1,False,1,3,1,7|1|1|1|1|1|0|1|1|1|1|1|1|1|0
43871,6,True,0,10,6,6|6|2|1|7|0|6|6|0|1|6|2|0|8|1
43872,9,True,7,15,7,7|7|7|7|7|3|7|7|7|7|7|7|7|7|7
43889,4,True,6,1,4,6|4|4|4|4|4|4|4|4|4|4|4|4|4|4
43898,6,False,6,15,4,4|4|4|4|4|4|4|4|4|4|4|4|4|4|4
43915,9,True,4,7,9,9|9|9|9|4|9|2|9|4|4|4|9|4|4|9
43918,8,False,8,0,8,8|8|8|8|8|8|8|8|8|8|8|8|8|8|8
43927,6,True,0,7,6,6|0|6|6|0|0|0|6|0|0|0|6|6|6|6
43928,7,True,8,12,8,7|8|8|8|8|8|8|8|8|7|8|8|7|8|8
43929,0,True,2,13,4,4|0|4|4|4|0|4|2|2|4|4|4|4|4|2
43949,6,True,0,5,6,6|0|6|6|0|6|0|0|6|6|0|6|6|6|6
43950,6,True,2,15,2,2|8|2|1|5|0|0|8|2|2|4|4|2|2|8
43952,8,True,2,13,-1,7|5|2|7|3|5|0|8|8|7|0|4|2|2|5
43954,9,True,4,6,9,9|9|9|9|4|9|4|9|4|4|4|9|9|9|4
43967,1,False,1,2,1,1|1|1|1|1|1|1|1|1|7|1|7|1|1|1
43981,8,False,8,1,8,8|8|8|8|8|0|8|8|8|8|8|8|8|8|8
44025,7,True,8,12,8,7|8|8|8|8|8|7|8|8|7|8|8|8|2|8
44037,3,True,7,15,7,7|7|7|7|7|7|7|7|7|7|7|7|7|7|7
44055,3,True,8,15,8,8|8|8|8|8|8|8|8|8|4|8|8|8|8|8
44058,3,True,7,15,7,7|8|7|7|7|7|5|7|7|7|7|7|7|9|8
44060,9,True,4,11,4,4|4|4|4|4|9|4|4|9|4|4|9|4|4|9
44078,0,True,1,13,1,1|1|1|1|1|1|0|1|0|1|1|1|1|1|1
44079,1,True,7,15,7,5|7|8|7|7|5|7|7|7|7|7|7|9|7|7
44084,9,True,4,9,4,9|4|4|4|9|9|9|9|4|4|4|4|4|4|9
44091,4,True,6,7,4,6|6|4|4|9|3|4|4|4|2|4|4|6|4|2
44095,3,True,5,11,5,5|5|5|5|3|5|5|5|5|5|3|3|5|3|5
44120,3,False,3,14,4,4|0|4|2|3|0|4|0|4|2|4|4|1|2|0
44122,6,True,3,15,3,3|3|3|2|3|3|3|3|3|3|3|3|2|2|3
44123,4,True,1,15,1,1|1|1|1|1|1|0|1|1|1|1|1|1|1|0
44132,8,False,8,3,8,8|4|8|8|8|8|8|8|8|7|8|8|7|8|8
44136,2,False,2,12,4,3|3|4|3|6|4|3|6|4|4|4|2|2|2|4
44151,2,False,2,13,0,0|0|2|0|0|0|0|0|0|2|0|0|0|0|0
44152,6,True,0,3,6,6|0|6|6|0|6|0|6|6|6|6|6|6|6|6
44199,5,True,9,2,5,5|5|5|5|5|5|5|9|5|5|5|5|5|5|9
44219,4,False,4,9,9,9|9|9|4|9|8|9|9|4|4|9|4|4|9|4
44235,9,True,3,15,3,3|1|3|3|3|2|3|3|2|1|7|3|3|3|3
44243,4,True,7,15,7,7|7|7|7|7|2|7|7|7|5|7|7|7|7|7
44257,0,True,2,13,6,0|0|6|6|6|6|9|8|6|4|4|6|4|4|6
44259,6,False,6,13,4,6|4|4|4|4|6|4|4|4|4|4|4|4|4|4
44264,9,True,4,8,4,9|9|9|4|9|9|4|9|4|4|4|4|4|9|4
44273,4,False,4,9,9,9|9|9|9|9|9|4|9|4|4|4|9|4|9|4
44301,9,False,9,12,5,5|5|5|5|5|5|9|9|5|5|5|5|5|9|5
44305,6,True,0,7,6,6|0|6|6|0|0|0|6|6|0|0|6|6|6|0
44310,6,True,0,6,6,6|3|6|6|0|0|4|6|6|6|4|6|6|6|0
44314,5,True,8,15,8,8|8|8|8|8|8|8|8|8|8|8|8|8|8|8
44320,4,False,4,8,9,4|9|9|9|9|4|9|9|4|4|9|4|4|9|4
44339,5,False,5,7,5,5|1|5|3|5|5|5|7|5|7|5|3|5|1|3
44348,0,False,0,13,6,6|6|6|6|0|6|0|6|6|6|6|6|6|6|6
44361,9,False,9,8,5,9|5|5|5|9|5|9|9|5|5|9|5|5|9|9
44363,6,False,6,12,4,6|4|6|4|0|4|0|4|1|4|4|6|4|4|4
44367,4,True,6,7,4,6|4|6|6|6|4|4|4|2|4|6|4|4|6|4
44377,5,True,9,3,5,5|5|5|5|5|5|5|3|5|5|5|9|5|8|5
44381,6,True,0,5,6,6|0|6|6|0|6|0|6|6|6|6|0|6|6|0
44386,1,True,3,13,3,9|0|4|3|3|3|3|1|0|1|4|4|4|6|3
44413,6,False,6,15,8,3|3|5|7|8|5|8|8|8|3|8|8|8|8|8
44417,9,True,7,13,7,7|9|7|7|7|7|7|9|7|7|7|7|7|2|7
44455,1,True,3,15,4,4|0|4|4|6|0|2|0|0|4|4|4|6|4|4
44480,8,False,8,8,8,8|1|8|3|8|2|8|8|3|7|8|3|7|8|3
44495,5,False,5,10,-1,5|3|7|7|7|5|5|1|5|4|7|1|5|7|4
44534,5,True,9,1,5,5|5|5|5|5|5|5|9|5|5|5|5|5|5|5
44544,3,False,3,7,3,6|6|6|6|3|3|3|6|3|3|3|3|6|3|1
44560,4,True,1,15,1,7|1|1|1|1|7|1|1|1|1|1|1|1|1|1
44569,8,False,8,2,8,8|8|8|8|8|8|5|8|8|8|8|8|8|1|8
44591,4,True,7,15,7,7|7|7|7|7|7|7|7|7|7|7|7|7|7|7
44601,7,False,7,11,9,7|9|7|9|9|9|7|9|9|9|7|9|9|9|9
44628,0,True,2,12,2,2|0|6|4|8|2|2|9|2|2|4|0|2|0|8
44658,4,True,7,14,7,7|7|7|7|7|7|7|7|7|7|4|7|7|7|7
44662,0,True,2,15,4,4|8|4|2|4|4|3|6|9|1|9|6|2|6|4
44699,9,True,7,15,7,7|7|7|7|7|7|7|7|7|7|7|7|7|7|7
44707,4,True,6,1,4,6|4|4|4|4|4|4|4|4|4|4|4|4|4|4
44745,2,True,5,15,7,7|7|7|7|7|5|7|7|7|7|7|7|7|7|5
44748,6,True,0,11,2,6|6|2|2|6|2|6|3|3|3|0|0|2|2|1
44753,9,True,4,12,4,9|4|4|4|9|4|4|9|4|4|4|4|4|4|4
44773,9,True,4,13,4,9|4|6|4|9|4|4|4|4|4|4|4|4|4|4
44795,9,True,4,11,4,9|4|4|4|9|4|4|9|4|4|4|9|4|4|4
44810,0,False,0,13,6,6|0|6|6|6|6|0|6|6|6|6|6|6|6|6
44811,3,False,3,15,4,9|9|9|4|4|4|4|9|4|4|4|4|4|4|4
44812,9,False,9,13,5,5|5|5|5|5|5|5|9|5|5|5|5|5|9|5
44821,6,True,3,14,3,3|3|3|3|3|6|3|3|3|3|3|3|2|3|3
44829,6,True,0,15,8,3|8|8|8|8|8|8|8|8|8|8|8|8|8|3
44831,6,True,0,2,6,6|6|6|6|0|6|0|6|6|6|6|6|6|6|6
44837,2,True,7,13,7,7|7|7|7|7|7|7|7|7|7|7|7|2|7|2
44858,5,True,9,2,5,5|5|5|5|5|5|5|5|5|5|5|5|5|9|9
44865,6,False,6,15,4,4|4|4|4|4|4|4|4|4|4|4|4|4|4|4
44878,2,False,2,14,9,9|9|9|9|9|9|2|9|4|9|4|9|4|9|9
44894,0,True,1,11,1,1|1|1|1|1|0|0|1|1|1|1|1|0|1|0
44903,0,False,0,15,3,6|3|3|3|3|3|3|3|6|2|3|3|3|3|3
44917,9,True,4,10,4,9|4|4|4|9|4|9|9|4|4|4|4|4|9|4
44918,6,True,2,11,1,1|1|6|6|1|3|0|1|1|1|6|6|4|0|3
44930,1,False,1,1,1,1|1|1|1|1|1|1|7|1|1|1|1|1|1|1
44947,6,True,0,5,6,6|0|6|6|0|4|0|6|6|6|4|6|6|6|6
44992,6,True,0,5,6,6|6|3|6|6|4|6|3|6|6|6|6|0|6|9
45005,2,True,3,14,3,3|3|3|3|6|2|3|3|3|3|3|6|1|8|4
45009,2,False,2,14,4,9|4|9|4|4|4|0|9|0|4|0|4|2|4|0
45015,9,False,9,13,5,9|5|5|5|5|5|5|9|5|5|5|5|5|5|5
45016,7,True,1,9,1,7|1|1|1|1|1|7|7|1|7|1|7|7|1|1
45027,6,False,6,14,0,0|0|6|2|0|0|2|0|0|2|0|2|0|0|0
45054,8,False,8,2,8,8|8|8|8|8|3|3|8|8|8|8|8|8|8|8
45076,0,True,2,7,0,0|0|2|2|0|0|0|0|0|2|0|2|2|2|2
45085,8,False,8,1,8,8|8|8|8|8|8|8|8|8|2|8|8|8|8|8
45111,6,True,0,4,6,6|0|6|6|6|0|0|6|6|6|0|6|6|6|6
45172,2,True,3,15,6,6|0|6|6|0|6|6|6|0|6|6|6|6|6|6
45173,6,True,0,5,6,6|4|6|6|0|4|4|6|6|6|6|6|6|4|6
45212,8,False,8,7,8,8|8|8|8|0|0|8|0|0|0|8|8|2|0|8
45215,3,False,3,15,0,0|0|6|4|0|0|0|6|0|2|4|2|2|4|4
45226,9,True,6,12,4,4|4|9|4|4|4|4|9|4|4|4|4|4|4|9
45228,7,False,7,4,7,7|9|7|9|7|7|9|7|9|7|7|7|7|7|7
45231,9,True,4,11,4,9|4|4|4|9|9|4|9|4|4|4|4|4|4|4
45246,6,True,1,15,1,1|1|1|1|1|1|1|1|1|1|1|1|1|1|1
45291,3,False,3,7,3,3|3|3|2|3|2|3|3|2|2|1|1|0|3|3
45309,9,True,7,15,7,7|7|7|7|7|7|7|7|7|7|7|7|7|7|7
45310,9,False,9,12,5,5|5|5|5|5|9|5|9|5|5|5|5|5|9|5
45312,9,True,4,9,4,9|9|8|4|9|4|4|9|4|4|4|4|4|9|9
45319,7,True,1,14,1,1|1|1|1|1|1|1|1|1|1|1|1|1|1|7
45355,5,True,9,1,5,5|5|5|5|5|5|5|9|5|5|5|5|5|5|5
45361,2,True,9,14,5,9|9|5|9|7|5|5|9|5|2|9|5|5|9|5
45393,6,False,6,13,4,6|4|4|4|4|6|4|4|4|4|4|4|4|4|0
45399,5,True,9,3,5,5|5|5|5|5|5|5|9|5|5|5|5|5|9|9
45416,6,False,6,14,4,4|4|6|4|9|4|4|4|4|4|4|4|4|4|9
45440,5,False,5,4,5,5|5|5|5|5|5|5|3|5|5|7|7|7|5|5
45467,8,True,6,9,8,7|8|8|8|8|0|7|8|4|4|4|8|6|2|4
45468,2,True,3,12,3,3|3|3|3|3|2|3|3|2|3|3|3|3|2|3
45480,9,True,8,15,8,8|8|8|8|8|8|8|8|8|8|8|8|8|8|8
45503,8,False,8,0,8,8|8|8|8|8|8|8|8|8|8|8|8|8|8|8
45504,7,False,7,5,7,9|3|7|7|7|7|1|5|7|7|7|7|7|7|3
45520,5,True,9,2,5,5|5|5|5|5|5|5|9|5|5|5|5|5|9|5
45555,6,True,9,15,5,7|5|8|5|5|5|5|7|5|5|5|8|5|9|9
45561,9,False,9,14,5,5|5|5|5|5|5|5|9|5|5|5|5|5|5|5
45610,4,True,6,2,4,6|4|4|4|4|4|4|9|4|4|4|4|4|4|4
45645,5,False,5,10,3,3|3|3|5|5|2|7|3|5|5|3|7|5|8|3
45656,4,False,4,6,4,4|9|9|4|4|4|9|9|9|4|4|4|4|4|9
45659,9,True,4,9,4,9|4|9|4|9|4|4|9|4|4|9|4|4|4|9
45670,5,True,9,0,5,5|5|5|5|5|5|5|5|5|5|5|5|5|5|5
45677,9,False,9,10,5,5|9|5|5|5|5|9|9|5|5|9|5|5|9|5
45691,9,True,6,15,4,8|8|2|4|4|5|2|6|2|4|4|6|4|4|0
45708,5,False,5,9,7,7|7|7|5|7|2|5|5|5|7|7|5|7|7|5
45713,8,True,6,13,4,4|8|6|2|9|4|4|9|2|9|4|8|2|4|4
45738,8,False,8,2,8,8|8|8|8|8|6|4|8|8|8|8|8|8|8|8
45763,7,False,7,2,7,7|7|7|7|7|7|7|7|7|2|7|7|7|7|5
45776,9,True,4,11,4,9|9|4|4|4|4|4|9|4|4|9|4|4|4|4
45802,1,False,1,0,1,1|1|1|1|1|1|1|1|1|1|1|1|1|1|1
45809,6,True,3,14,4,9|9|9|4|3|4|9|4|6|4|4|4|4|2|4
45815,2,True,9,15,9,9|9|7|9|9|7|9|9|7|8|9|7|9|9|9
45837,3,False,3,3,3,3|3|3|3|3|3|3|3|6|3|3|1|6|3|3
45843,6,True,0,13,2,2|3|6|0|3|3|2|0|2|2|6|3|1|2|1
45855,9,True,7,10,7,9|9|7|7|7|9|9|7|2|7|7|7|7|7|9
45869,8,False,8,0,8,8|8|8|8|8|8|8|8|8|8|8|8|8|8|8
45902,2,False,2,12,0,0|0|2|2|0|0|0|0|0|0|0|0|0|2|0
45906,4,False,4,6,4,9|9|9|4|4|4|3|9|9|4|4|4|4|4|4
45907,7,True,5,15,5,5|5|5|5|5|5|5|9|5|5|5|5|5|5|5
45922,6,True,0,5,6,6|0|6|6|0|0|0|6|6|6|6|6|0|6|6
45931,6,True,9,15,5,5|5|5|5|5|5|5|9|5|5|5|9|5|5|5
45950,0,True,2,10,2,8|0|4|2|4|0|0|0|2|2|0|2|2|8|2
45968,8,False,8,4,8,8|8|8|8|8|9|8|7|8|1|7|8|8|8|8
45970,8,False,8,2,8,8|8|8|8|8|8|8|8|8|8|8|3|3|8|8
45973,6,True,3,4,6,3|8|6|6|6|6|0|6|6|6|6|6|6|6|0
45997,3,False,3,3,3,3|3|3|3|3|2|2|3|3|3|3|3|3|2|3
46017,4,True,6,13,6,6|6|3|6|6|6|4|1|6|6|4|6|6|6|6
46018,9,True,7,15,7,7|7|7|7|7|7|7|7|7|7|7|7|7|7|7
46045,9,False,9,12,5,5|5|5|5|5|5|5|9|5|5|5|5|5|9|9
46054,7,False,7,1,7,7|7|7|7|7|7|7|7|7|7|7|7|7|9|7
46070,1,True,8,14,8,1|8|8|8|8|8|7|7|8|8|8|8|7|8|8
46071,9,True,4,5,9,9|9|9|9|9|4|4|9|9|4|4|9|4|9|9
46072,9,True,4,10,4,9|4|4|9|9|4|9|9|4|4|4|4|4|4|4
46076,0,False,0,11,6,6|0|6|6|0|6|0|6|6|0|4|6|6|6|6
46106,9,True,7,11,7,7|7|7|7|9|7|7|9|7|7|9|7|9|7|7
46110,9,False,9,15,5,5|5|5|5|5|5|5|5|5|5|5|5|5|5|5
46119,5,False,5,12,7,7|7|7|5|7|5|7|7|5|7|7|7|7|7|7
46134,5,False,5,14,7,1|7|7|2|7|9|9|9|5|7|7|7|7|2|7
46136,5,True,9,1,5,5|5|5|5|5|5|5|9|5|5|5|5|5|5|5
46152,7,True,5,12,5,1|5|7|5|5|5|1|7|5|5|1|5|5|7|5
46157,0,True,2,3,0,0|0|7|2|0|0|0|0|0|2|0|0|0|0|0
46158,0,True,1,11,1,0|1|1|1|1|3|0|1|1|2|4|1|0|1|0
46202,1,True,0,14,6,6|6|6|3|0|0|0|6|6|1|6|0|6|6|6
46210,6,True,3,12,3,6|3|6|2|6|2|3|3|3|4|3|3|2|4|3
46256,1,True,5,9,5,5|1|5|5|1|5|1|1|5|1|5|1|7|5|5
46259,6,True,3,14,4,4|2|2|4|2|0|3|4|4|4|4|4|4|6|9
46266,9,True,4,8,-1,9|9|9|4|9|4|3|9|9|4|4|4|4|9|4
46273,3,False,3,7,3,2|3|3|2|3|2|2|3|2|3|6|3|3|2|3
46305,6,True,3,15,3,3|3|3|3|3|2|3|3|3|2|3|3|2|3|2
46319,9,True,4,11,4,9|9|4|4|9|4|9|4|4|4|4|4|4|4|4
46339,7,False,7,3,7,7|7|7|7|7|7|7|7|7|7|7|7|5|9|9
46371,4,True,6,13,6,6|4|6|6|6|6|0|6|6|6|6|6|6|6|4
46378,9,False,9,13,5,5|5|5|5|5|5|5|9|5|5|5|5|5|9|5
46388,8,False,8,1,8,7|8|8|8|8|8|8|8|8|8|8|8|8|8|8
46415,9,True,7,10,7,7|7|7|7|9|9|7|3|2|7|5|7|9|9|9
46440,6,True,0,13,8,0|8|8|2|8|8|8|8|6|8|1|6|8|4|8
46446,9,True,7,15,7,7|7|7|7|7|7|7|7|7|7|7|7|7|4|7
46454,7,False,7,9,7,7|9|7|7|8|5|9|9|2|7|7|5|7|9|9
46455,0,False,0,8,6,6|0|6|6|0|0|0|6|6|0|0|6|6|6|0
46483,5,True,9,7,5,5|5|5|5|9|5|9|9|5|2|5|9|5|2|9
46486,4,True,6,14,0,5|7|2|0|2|0|0|9|0|4|0|2|1|7|9
46495,7,True,1,14,1,1|1|7|1|1|1|4|1|4|1|1|1|1|4|1
46506,0,False,0,13,6,6|6|6|6|6|6|0|6|6|6|0|6|6|6|4
46523,9,False,9,10,5,5|9|9|5|5|5|5|9|5|7|5|5|8|9|9
46525,9,True,4,14,4,4|4|4|4|4|4|9|4|2|4|4|4|4|4|2
46527,0,True,2,8,0,4|0|4|4|0|0|0|6|0|4|4|0|0|2|4
46531,7,False,7,1,7,7|7|7|7|7|7|7|7|7|7|7|7|7|4|7
46539,5,True,9,0,5,5|5|5|5|5|5|5|5|5|5|5|5|5|5|5
46550,2,True,7,14,7,7|5|7|1|7|2|5|8|7|7|7|7|3|1|3
46554,6,True,0,14,0,2|5|2|2|0|3|0|0|7|1|0|2|0|6|9
46557,3,False,3,3,3,3|3|3|3|3|3|3|3|2|2|3|3|3|2|3
46559,6,True,0,2,6,6|6|6|6|0|6|0|6|6|6|6|6|6|6|6
46563,6,True,0,14,3,1|3|3|3|3|3|2|3|3|2|4|2|1|6|2
46578,2,True,3,14,3,6|0|6|3|3|6|6|3|3|2|3|6|6|3|3
46581,4,True,7,14,7,7|7|7|7|7|2|7|7|7|7|7|7|7|7|4
46597,9,False,9,14,5,5|5|5|5|5|5|5|5|5|5|5|5|5|9|5
46606,4,False,4,1,4,4|4|4|4|4|4|4|4|9|4|4|4|4|4|4
46624,3,True,8,13,8,8|8|8|8|8|8|3|8|8|8|8|8|8|8|3
46644,4,True,6,12,6,6|4|6|6|6|6|4|6|4|6|6|6|6|6|6
46659,9,True,7,15,7,5|7|7|7|7|7|7|7|2|7|7|7|7|7|7
46680,4,True,0,15,-1,6|5|6|7|1|0|0|3|1|2|2|3|8|8|7
46691,0,True,2,6,0,2|0|6|2|0|0|0|4|0|2|0|0|2|0|0
46706,9,True,4,14,-1,0|0|8|4|8|0|4|0|4|4|0|4|4|9|0
46715,6,True,0,3,6,6|0|6|6|0|6|0|6|6|6|6|6|6|6|6
46721,3,False,3,8,3,7|3|1|3|3|0|3|8|2|3|1|4|3|1|3
46735,1,False,1,5,1,1|1|1|3|1|1|7|0|1|1|7|1|0|1|1
46748,7,True,1,14,1,1|1|1|1|1|1|1|3|1|1|1|1|1|1|7
46775,5,True,8,13,8,5|8|8|8|8|0|8|8|5|8|8|8|8|4|8
46863,6,True,0,12,4,6|0|4|0|0|4|4|9|6|0|0|4|4|6|4
46868,1,True,5,15,5,5|5|9|2|7|5|7|9|9|7|5|5|5|2|5
46897,6,True,1,15,1,1|1|1|1|1|1|1|1|1|1|1|1|1|1|7
46901,6,True,3,13,3,3|3|3|3|3|2|3|3|6|3|3|1|6|3|3
46902,2,True,6,14,0,6|0|6|6|0|0|0|6|6|0|0|2|6|0|0
46923,0,True,1,13,4,1|3|1|6|0|4|4|0|1|6|4|4|6|4|4
46967,0,False,0,12,6,6|6|6|3|0|4|0|3|0|3|6|6|6|6|6
46979,7,False,7,5,7,7|5|7|5|7|7|7|9|5|7|7|7|7|7|1
47002,9,True,7,15,7,7|7|5|7|7|7|4|7|7|7|7|7|7|7|7
47009,3,False,3,6,3,3|3|3|3|2|2|2|3|3|2|3|3|3|6|2
47025,9,True,8,15,4,4|3|3|4|0|0|4|3|2|3|0|2|4|8|4
47041,2,False,2,11,0,0|0|2|2|0|0|0|0|0|0|0|0|0|2|2
47092,2,True,3,15,6,3|6|6|0|3|3|3|6|3|6|6|6|6|6|4
47094,2,True,9,14,9,7|9|5|9|9|9|9|9|2|9|7|9|9|9|5
47098,4,True,7,15,7,9|7|7|7|7|7|9|7|7|7|7|7|7|9|7
47154,6,True,0,1,6,6|6|6|6|6|6|0|6|6|6|6|6|6|6|6
47156,9,False,9,14,5,5|5|5|5|5|5|5|9|5|5|5|5|5|5|5
47161,4,True,6,13,-1,0|6|6|3|4|0|3|0|6|1|0|6|0|6|4
47229,2,False,2,12,0,8|0|2|0|8|0|0|8|4|2|0|6|4|2|0
47232,9,True,8,15,8,8|8|8|3|8|8|8|8|8|8|8|8|8|8|8
47247,0,False,0,10,6,6|0|6|6|0|6|0|6|6|6|0|6|0|6|6
47251,3,True,8,10,8,3|8|8|3|8|8|3|8|8|3|8|8|8|8|3
47275,6,False,6,15,4,4|4|4|4|4|4|4|4|4|4|4|4|4|4|4
47323,0,False,0,14,4,0|4|4|4|4|4|4|4|4|2|4|4|4|4|4
47366,3,True,2,14,4,2|8|9|4|3|4|4|6|4|1|4|8|4|4|0
47380,2,True,3,12,3,3|3|3|3|3|3|2|3|3|3|3|3|2|2|3
47384,0,True,2,12,4,6|4|8|0|6|2|2|9|0|3|4|0|4|2|4
47385,6,False,6,15,0,0|0|4|2|4|0|2|9|4|2|0|4|0|4|0
47393,0,True,2,4,0,0|0|2|2|0|0|0|0|0|2|0|0|0|2|0
47424,7,True,1,9,1,7|1|1|1|1|1|7|1|1|1|7|7|7|1|7
47428,7,False,7,13,5,5|5|7|5|7|9|5|9|5|2|5|9|5|5|5
47430,3,False,3,5,3,3|3|3|2|3|2|3|3|2|2|3|3|3|2|3
47444,9,False,9,13,5,5|5|5|5|5|5|5|9|5|5|5|5|5|9|5
47486,5,True,9,3,5,5|5|5|5|5|5|5|9|5|5|5|5|5|9|9
47491,8,False,8,3,8,8|1|8|8|8|8|5|8|8|8|8|8|8|8|1
47512,3,False,3,1,3,3|3|3|3|6|3|3|3|3|3|3|3|3|3|3
47535,6,True,3,15,3,3|3|3|2|3|2|2|3|3|2|3|3|3|2|2
47540,9,False,9,6,9,9|9|7|9|7|7|9|9|2|7|7|9|9|9|9
47544,4,False,4,9,-1,4|4|4|9|9|0|9|9|4|4|9|0|4|9|0
47554,7,True,8,13,8,7|4|8|8|5|6|2|8|8|8|7|8|8|9|9
47559,6,True,0,2,6,6|0|6|6|6|6|0|6|6|6|6|6|6|6|6
47588,5,True,9,2,5,5|5|5|5|5|5|5|9|5|5|5|5|5|9|5
47609,8,False,8,3,8,8|8|8|8|3|8|8|8|8|1|8|8|8|8|3
47624,0,False,0,12,6,6|6|6|6|6|0|0|6|6|6|6|6|6|6|0
47644,8,False,8,4,8,7|1|7|8|8|8|8|7|8|8|8|8|8|8|8
47646,9,True,4,10,4,4|4|9|4|9|4|4|9|9|4|4|4|4|9|4
47659,1,True,4,15,-1,2|3|8|3|8|0|8|3|3|2|8|3|8|8|3
47670,9,True,7,11,7,7|7|9|7|7|9|7|3|2|7|7|7|7|9|9
47694,4,True,6,8,4,0|0|6|4|0|6|4|6|4|4|4|6|6|4|4
47705,7,False,7,10,4,4|7|7|4|7|4|4|7|4|7|4|4|4|4|4
47711,6,False,6,13,4,0|4|4|4|6|0|0|0|4|4|4|2|6|4|0
47712,0,True,2,6,0,0|0|4|2|0|0|2|0|2|2|0|0|0|2|0
47721,6,True,0,3,6,6|6|6|6|6|6|6|6|6|0|0|6|6|6|0
47731,9,True,6,15,8,8|8|8|4|0|0|0|8|8|2|4|8|4|0|4
47740,9,True,4,14,6,6|3|3|6|2|0|1|9|6|1|3|2|4|6|7
47755,7,True,1,7,7,7|1|7|7|1|7|1|7|1|7|7|1|7|1|1
47775,2,False,2,15,4,4|4|6|6|6|4|0|6|4|4|4|6|6|4|4
47780,9,True,4,7,9,9|9|4|9|9|4|9|9|4|4|4|4|9|9|4
47785,6,False,6,15,4,4|4|4|4|4|4|4|4|4|4|4|4|4|4|4
47814,0,False,0,10,6,6|0|6|6|0|0|0|6|6|6|0|6|6|6|6
47820,9,True,7,14,7,7|7|7|7|7|9|7|7|7|7|7|7|7|7|7
47824,4,True,6,4,4,6|4|4|4|4|6|4|4|0|6|4|4|4|4|4
47826,4,False,4,3,4,4|4|9|1|4|3|4|4|4|4|4|4|4|4|4
47858,2,True,7,14,7,7|7|7|7|7|7|7|7|7|2|7|7|7|7|7
47866,5,True,9,0,5,5|5|5|5|5|5|5|5|5|5|5|5|5|5|5
47884,2,True,5,13,9,5|9|7|9|7|1|2|9|2|5|9|9|9|7|9
47886,9,True,8,15,8,8|3|8|3|3|8|3|3|6|8|8|3|8|8|8
47888,4,False,4,10,9,9|4|9|9|0|0|4|9|9|4|8|4|2|9|4
47903,8,False,8,8,-1,8|3|8|3|8|8|3|3|3|2|3|8|3|8|8
47912,2,False,2,13,0,0|0|2|0|8|0|0|0|0|2|0|0|0|0|0
47916,9,True,4,13,4,9|4|6|6|4|4|3|9|6|4|4|8|4|4|3
47917,8,False,8,0,8,8|8|8|8|8|8|8|8|8|8|8|8|8|8|8
47926,0,False,0,11,6,6|6|6|6|0|0|0|6|6|0|6|6|6|6|6
47946,6,True,0,5,6,6|0|6|6|6|6|0|3|1|6|6|6|6|0|6
47963,0,True,2,7,0,4|0|4|4|2|0|0|0|0|4|0|4|4|0|0
47970,1,True,8,13,8,8|8|8|8|8|8|8|8|8|8|8|8|8|1|1
48013,1,True,8,15,8,8|8|8|8|8|8|8|8|8|8|8|8|8|8|8
48035,6,False,6,3,6,6|4|6|6|0|6|0|6|6|6|6|6|6|6|6
48047,4,True,6,0,4,4|4|4|4|4|4|4|4|4|4|4|4|4|4|4
48053,5,True,9,3,5,5|5|5|5|5|5|5|9|5|5|5|5|5|9|9
48070,8,False,8,0,8,8|8|8|8|8|8|8|8|8|8|8|8|8|8|8
48084,4,True,7,15,7,9|7|5|5|7|5|7|7|1|1|9|3|7|9|2
48087,0,True,1,12,1,1|1|1|1|1|0|0|1|1|1|1|1|0|1|1
48106,8,False,8,1,8,8|8|8|8|8|8|3|8|8|8|8|8|8|8|8
48117,9,True,7,3,9,9|7|7|9|9|9|9|9|9|9|7|9|9|9|9
48121,1,False,1,11,7,7|1|7|7|7|1|7|7|4|7|1|7|7|1|7
48156,7,True,3,15,3,3|3|8|3|3|0|0|6|6|1|3|1|0|6|1
48157,9,False,9,15,5,5|5|5|5|5|5|5|5|5|5|5|5|5|5|5
48163,0,True,2,14,4,2|0|4|2|4|4|4|6|4|2|4|2|4|4|9
48174,7,False,7,12,9,7|9|9|9|9|9|9|9|9|7|7|9|9|9|9
48206,5,True,9,1,5,5|5|5|5|5|5|5|5|5|5|5|5|5|9|5
48220,6,True,0,2,6,6|0|6|6|0|6|6|6|6|6|6|6|6|6|6
48225,8,False,8,2,8,8|8|3|8|8|8|3|8|8|8|8|8|8|8|8
48282,5,True,9,0,5,5|5|5|5|5|5|5|5|5|5|5|5|5|5|5
48355,1,False,1,1,1,1|1|1|1|1|1|0|1|1|1|1|1|1|1|1
48369,8,False,8,14,4,0|0|8|4|0|4|2|1|4|4|4|4|9|4|0
48399,2,False,2,9,0,0|0|2|2|0|0|2|0|2|2|0|0|0|2|0
48412,8,False,8,1,8,8|8|8|8|8|8|8|8|8|8|8|8|3|8|8
48421,6,True,0,3,6,6|0|6|6|0|6|0|6|6|6|6|6|6|6|6
48443,4,True,6,0,4,4|4|4|4|4|4|4|4|4|4|4|4|4|4|4
48448,1,True,7,15,5,5|9|9|5|5|7|5|5|5|2|9|5|5|9|9
48490,9,True,4,15,3,2|3|3|3|3|3|4|4|6|3|3|6|1|6|3
48492,4,False,4,6,4,2|4|9|4|3|4|9|9|2|4|4|4|4|4|4
48493,9,True,7,12,7,7|7|7|7|7|7|7|9|7|7|7|7|9|9|7
48508,9,False,9,14,5,5|5|5|5|5|5|5|9|5|5|5|5|5|5|5
48548,7,False,7,10,9,9|9|7|9|7|9|9|9|9|8|7|7|7|2|9
48562,5,True,4,15,-1,3|4|6|2|8|8|3|3|8|2|4|3|0|8|1
48569,9,True,7,13,7,7|7|7|7|7|7|9|7|7|7|7|7|7|7|9
48582,8,False,8,4,8,8|8|8|8|7|8|4|8|8|8|8|8|7|8|7
48602,3,True,8,15,8,8|8|8|8|8|8|8|8|8|8|8|8|8|8|8
48609,6,True,0,14,4,8|4|6|3|3|4|0|4|4|4|4|4|4|4|4
48623,7,True,5,13,5,5|5|7|5|5|7|5|5|5|5|5|5|5|5|5
48636,4,True,6,13,6,6|0|6|6|6|6|0|6|6|6|4|6|6|6|4
48638,6,True,0,8,6,6|3|6|6|3|6|3|3|3|1|6|6|6|2|3
48677,6,True,0,7,6,6|6|6|6|0|0|2|3|0|6|3|3|6|6|6
48684,1,False,1,2,1,1|1|1|1|1|1|0|1|1|1|7|1|1|1|1
48691,8,False,8,0,8,8|8|8|8|8|8|8|8|8|8|8|8|8|8|8
48699,4,True,6,12,6,6|6|6|6|6|6|0|0|6|0|4|6|6|4|4
48705,6,True,9,15,5,5|5|5|5|5|5|5|9|5|5|5|5|5|5|5
48741,6,True,0,2,6,6|6|6|6|0|6|0|6|6|6|6|6|6|6|6
48752,0,True,1,11,1,1|3|1|3|1|0|1|1|0|3|6|6|7|0|0
48766,9,True,6,14,4,6|4|4|4|4|4|4|9|4|4|4|4|4|4|4
48776,8,False,8,3,8,7|8|8|7|8|8|8|8|8|1|8|8|8|8|8
48781,1,False,1,1,1,1|1|7|1|1|1|1|1|1|1|1|1|1|1|1
48793,9,True,7,14,7,7|7|7|7|7|7|9|7|7|7|7|7|7|7|7
48795,2,True,7,14,7,7|7|7|7|7|2|7|7|7|7|7|7|7|7|7
48796,2,False,2,11,0,0|0|2|0|0|0|0|4|0|2|0|2|0|2|0
48803,1,False,1,13,2,6|1|6|1|3|0|8|0|7|2|7|4|2|9|2
48819,4,False,4,5,4,9|9|8|4|9|4|4|9|4|4|4|4|4|4|4
48826,6,True,1,15,1,1|1|1|3|1|1|1|1|1|1|1|1|1|1|1
48830,0,True,1,14,1,1|1|1|1|1|1|0|1|1|1|1|1|7|1|1
48838,1,False,1,7,1,7|1|7|1|1|1|7|1|1|7|7|1|7|7|1
48876,0,True,2,4,0,0|0|0|2|0|0|2|0|0|0|4|0|0|2|0
48886,6,True,0,6,6,6|0|6|6|0|0|0|6|0|6|0|6|6|6|6
48925,7,True,1,15,1,1|1|1|1|1|1|0|1|1|1|1|1|0|0|1
48931,2,False,2,12,4,4|4|6|4|4|4|2|6|2|1|4|3|4|2|9
48941,1,False,1,1,1,1|1|1|1|1|1|1|1|1|1|1|1|1|6|1
48957,9,True,4,7,9,9|4|9|9|9|9|4|9|4|4|4|9|4|9|4
48967,8,False,8,1,8,8|8|8|8|8|0|8|8|8|8|8|8|8|8|8
48978,6,True,0,2,6,6|4|6|6|6|6|0|6|6|6|6|6|6|6|6
48995,1,True,3,15,3,8|8|3|6|3|3|3|3|2|3|4|0|3|2|3
49029,1,False,1,8,1,1|1|1|1|1|1|0|3|0|2|6|1|0|7|0
49046,9,True,7,9,7,7|7|7|7|7|7|9|9|9|7|7|9|9|7|9
49051,3,False,3,7,3,3|3|3|2|3|3|2|3|2|2|3|2|6|2|3
49115,3,True,5,15,5,1|5|7|5|1|5|5|1|5|5|5|7|5|5|1
49132,0,True,1,11,1,0|1|1|1|1|1|0|1|1|1|1|1|0|1|0
49156,3,False,3,3,3,6|3|3|3|3|3|3|3|6|3|3|3|3|3|2
49172,3,True,8,13,8,8|3|8|8|8|8|3|6|8|8|8|8|8|8|8
49175,9,True,7,14,7,7|7|7|7|7|7|7|7|7|7|7|7|7|9|7
49186,5,True,9,0,5,5|5|5|5|5|5|5|5|5|5|5|5|5|5|5
49213,1,False,1,5,1,1|1|1|1|0|0|0|1|1|1|1|1|0|0|1
49223,6,True,0,3,6,6|0|6|6|0|6|6|6|0|6|6|6|6|6|6
49256,0,False,0,13,6,6|6|6|6|0|6|0|6|6|6|6|6|6|6|6
49257,2,False,2,7,2,2|9|2|2|7|0|2|2|3|2|2|0|2|0|5
49260,8,False,8,3,8,8|8|7|7|8|8|8|8|8|8|8|8|8|8|1
49274,9,False,9,12,5,5|9|5|5|5|5|5|9|5|5|5|5|5|9|5
49275,7,True,8,14,8,8|8|8|8|8|8|9|8|8|8|8|8|7|8|8
49277,4,False,4,4,4,4|4|4|6|9|4|4|6|6|4|4|4|4|4|4
49297,1,True,5,9,5,1|1|5|5|1|5|5|1|1|5|5|3|5|1|5
49302,7,True,5,4,7,7|7|7|7|7|5|7|3|5|7|7|7|7|7|5
49325,6,True,0,6,6,6|6|6|6|0|6|0|6|6|0|0|0|0|6|6
49360,9,True,4,12,0,2|0|6|4|9|0|0|9|4|2|0|4|4|9|0
49367,0,True,2,11,4,4|4|4|4|0|0|4|9|4|4|0|0|4|4|2
49375,5,True,9,2,5,5|5|5|5|5|5|5|9|5|5|5|5|5|9|5
49382,8,True,2,15,0,0|0|2|2|0|0|0|0|0|2|0|2|0|0|2
49389,2,False,2,11,0,6|0|4|2|8|0|0|6|0|2|0|0|0|2|2
49404,3,False,3,9,3,4|9|6|3|3|4|3|6|3|4|4|3|4|2|3
49439,7,False,7,1,7,7|7|7|7|7|7|7|7|7|7|7|7|7|9|7
49481,6,True,3,11,3,0|3|3|6|3|0|3|0|6|3|3|6|0|2|6
49489,8,False,8,6,8,8|4|8|8|8|8|0|8|6|1|1|8|8|8|1
49493,5,True,9,1,5,5|5|5|5|5|5|5|9|5|5|5|5|5|5|5
49494,2,True,5,12,5,5|5|5|5|5|5|5|7|5|2|5|2|5|2|3
49498,7,False,7,4,7,7|7|7|7|7|7|7|9|9|7|7|9|7|9|7
49512,5,True,9,2,5,5|5|5|5|5|5|5|9|5|5|9|5|5|5|5
49514,5,False,5,3,5,5|5|5|5|5|5|5|7|5|2|5|5|2|5|5
49521,6,False,6,12,4,6|4|4|4|4|6|4|4|6|4|4|4|4|4|4
49522,3,True,5,14,5,5|5|7|5|5|5|5|3|5|5|5|5|7|1|7
49539,7,True,5,9,7,7|5|7|5|2|5|7|1|5|5|7|7|7|9|9
49549,6,False,6,12,4,6|4|6|4|4|4|4|4|4|4|4|4|4|6|4
49554,9,True,8,15,4,2|4|6|4|6|4|4|6|4|1|4|4|4|4|2
49557,2,True,7,15,7,7|7|7|7|7|7|7|9|7|7|7|7|7|7|7
49615,7,False,7,4,7,7|7|7|5|7|9|7|7|5|7|7|7|7|9|7
49624,7,True,5,9,5,7|4|5|5|7|5|2|7|5|5|7|7|7|5|5
49629,0,True,2,2,0,0|0|0|2|0|0|0|0|0|2|0|0|0|0|0
49633,3,True,8,13,8,8|1|8|8|8|0|3|8|8|8|8|8|8|8|3
49645,4,True,6,6,4,4|9|4|4|4|0|0|9|9|0|4|4|4|4|4
49659,1,False,1,7,1,1|1|1|3|1|0|0|1|1|6|4|3|0|1|1
49686,8,False,8,0,8,8|8|8|8|8|8|8|8|8|8|8|8|8|8|8
49701,8,True,2,15,-1,0|0|2|2|0|0|2|0|2|2|0|0|2|2|4
49714,3,True,8,14,8,8|8|8|8|8|8|8|8|8|8|8|3|8|8|8
49717,4,False,4,13,6,2|0|6|3|6|6|3|3|0|0|6|4|6|0|4
49720,6,False,6,12,4,0|4|6|4|4|6|0|4|4|1|4|4|6|4|1
49745,6,True,5,15,5,5|5|7|5|5|5|3|3|5|7|7|8|1|5|3
49751,4,False,4,5,4,9|4|6|4|8|4|4|9|4|4|4|4|4|9|4
49757,1,False,1,1,1,1|1|1|1|1|1|1|1|1|1|1|7|1|1|1
49760,8,True,2,14,4,9|4|4|1|4|5|2|8|2|2|4|6|6|4|2
49779,1,True,5,8,-1,5|1|5|5|1|5|5|1|1|3|1|1|5|1|5
49810,0,True,1,15,1,1|1|1|1|1|1|1|1|1|1|1|1|1|1|1
49865,4,False,4,6,4,9|9|9|4|9|4|4|9|4|4|9|4|4|4|4
49877,1,False,1,1,1,1|1|1|1|1|1|0|1|1|1|1|1|1|1|1
49917,5,True,9,0,5,5|5|5|5|5|5|5|5|5|5|5|5|5|5|5
49924,9,True,4,6,9,9|9|9|9|4|9|9|9|4|4|9|4|4|9|4
49965,5,False,5,7,5,8|5|5|1|7|5|3|5|5|5|5|5|7|7|7
50010,5,True,9,1,5,5|5|5|5|5|5|5|7|5|5|5|5|5|5|5
50048,5,True,9,3,5,5|5|5|5|9|5|5|9|5|5|5|5|5|9|5
50052,1,True,0,12,8,8|8|8|8|8|8|8|8|8|1|8|8|8|1|1
50059,6,True,0,3,6,6|0|6|6|6|6|4|6|6|6|4|6|6|6|6
50069,4,True,7,15,7,7|7|5|7|1|3|5|7|5|7|7|7|3|7|6
50073,6,True,0,10,-1,6|3|6|3|3|0|3|6|6|6|0|3|0|0|0
50081,0,True,2,5,0,0|0|2|0|0|0|0|8|0|2|4|0|0|2|0
50098,5,True,9,0,5,5|5|5|5|5|5|5|5|5|5|5|5|5|5|5
50103,0,True,1,15,1,1|1|1|1|1|1|1|1|1|1|1|1|1|1|1
50112,9,True,8,15,8,8|8|8|8|8|8|8|8|8|8|8|8|8|8|8
50136,2,False,2,12,0,0|0|4|2|0|0|0|0|0|2|4|0|0|2|0
50150,9,True,8,14,8,8|8|8|8|8|8|2|8|8|8|8|8|8|8|9
50162,1,False,1,14,4,1|4|4|4|8|0|4|4|0|4|4|4|4|4|4
50168,1,False,1,2,1,1|1|1|1|1|1|0|1|1|1|1|1|1|1|0
50183,4,True,6,13,0,0|8|4|8|6|0|0|0|0|0|0|6|0|4|9
50185,0,False,0,11,6,6|0|6|6|0|0|0|6|6|6|6|6|6|6|6
50205,6,False,6,15,4,4|4|4|4|4|4|4|4|4|4|4|4|4|4|4
50210,0,True,2,11,-1,1|6|6|2|8|2|0|8|3|1|0|0|2|2|0
50237,4,False,4,13,8,9|8|8|8|3|8|2|8|8|4|4|3|5|8|2
50250,9,True,7,14,7,7|3|7|7|1|1|7|3|5|2|7|7|7|9|7
50271,9,True,4,12,4,4|4|8|9|9|4|4|9|4|4|4|4|4|4|4
50278,9,False,9,13,5,5|9|5|5|5|5|5|5|5|5|5|5|5|5|9
50286,4,True,7,14,7,7|7|7|7|7|7|7|7|7|7|4|7|7|7|7
50288,2,True,5,13,5,5|5|7|5|5|5|5|1|5|2|5|3|5|2|5
50301,5,True,9,1,5,5|5|5|5|5|5|5|9|5|5|5|5|5|5|5
50308,9,True,7,9,-1,5|9|9|5|7|5|2|9|5|7|9|5|5|9|9
50321,2,True,9,15,5,7|5|5|7|7|5|5|8|5|5|5|1|5|5|5
50329,2,True,7,15,7,7|7|7|7|7|7|7|7|7|7|7|7|7|7|7
50332,3,True,2,15,4,9|4|8|4|9|9|4|9|4|4|4|4|4|9|4
50334,9,True,7,11,7,7|5|5|7|5|7|9|9|5|5|7|7|7|9|9
50339,6,False,6,14,4,6|4|4|4|4|4|4|4|4|4|4|4|4|4|4
50342,0,False,0,12,6,6|1|6|3|0|6|0|6|1|6|6|6|0|6|2
50348,5,False,5,4,5,7|5|5|1|5|5|5|5|5|2|5|1|5|5|5
50362,4,False,4,6,4,9|9|9|9|9|4|4|4|4|4|4|4|4|9|4
50372,0,False,0,10,2,2|2|2|3|2|0|2|0|2|2|0|2|0|0|2
50375,0,True,1,10,1,1|1|1|1|1|0|0|0|1|1|1|1|0|1|0
50390,0,True,2,7,0,4|0|6|2|0|0|0|4|0|2|0|0|2|2|0
50392,9,True,4,10,4,9|4|4|9|4|4|9|9|4|4|4|4|4|4|9
50397,8,False,8,6,8,8|3|8|3|8|8|3|3|3|1|8|8|8|8|8
50400,3,False,3,5,3,3|3|3|2|3|2|2|3|3|2|3|3|3|2|3
50422,4,False,4,6,4,6|8|6|4|4|4|4|6|4|4|4|4|6|6|4
50433,5,False,5,9,5,7|6|5|5|3|2|5|5|5|8|7|3|5|3|9
50434,0,True,2,4,0,0|0|4|0|0|0|0|0|2|4|0|0|0|0|9
50458,3,False,3,11,6,6|3|6|6|0|0|0|3|1|6|3|3|6|6|6
50482,5,False,5,5,5,5|5|5|7|5|5|5|7|5|5|7|7|5|1|5
50513,4,False,4,8,9,9|9|9|4|9|4|9|9|4|4|4|9|4|9|4
50531,0,False,0,15,4,9|4|4|4|8|4|2|6|4|4|4|2|4|4|9
50542,7,True,1,14,1,1|1|1|1|1|1|0|3|3|1|1|1|7|1|6
50572,6,False,6,15,4,4|0|4|2|4|0|0|9|4|4|4|4|4|0|0
50596,9,True,4,12,4,9|4|4|4|9|4|4|9|4|4|4|4|4|4|4
50624,1,False,1,5,1,1|1|1|1|1|0|0|0|1|6|0|1|1|1|1
50627,1,False,1,0,1,1|1|1|1|1|1|1|1|1|1|1|1|1|1|1
50628,3,False,3,4,3,6|3|6|3|3|6|3|3|3|3|6|3|3|3|3
50650,4,False,4,5,4,4|9|4|4|9|4|9|9|4|4|4|4|4|9|4
50663,9,True,8,14,4,6|2|6|4|4|0|9|4|4|4|4|4|4|4|4
50670,5,True,9,1,5,5|5|5|5|5|5|5|5|5|5|5|5|5|9|5
50685,4,True,6,13,0,0|0|4|0|0|0|0|0|0|2|4|2|2|2|2
50706,0,False,0,10,6,6|6|6|6|0|0|0|6|6|6|0|6|6|0|6
50715,2,True,7,15,7,7|7|7|7|7|7|7|7|7|7|7|7|7|7|7
50720,4,True,6,12,6,6|6|6|3|6|0|0|6|4|4|3|4|6|6|0
50726,2,True,5,14,5,7|7|5|5|5|5|2|7|5|3|1|5|7|1|7
50769,1,True,7,15,5,5|9|5|5|5|5|5|5|5|5|9|9|5|9|9
50775,1,False,1,4,1,1|0|1|1|1|1|1|1|0|2|1|1|7|1|1
50807,0,True,2,7,0,0|0|4|2|0|0|4|6|0|4|0|4|0|4|0
50820,6,True,0,4,6,6|0|6|6|6|6|4|4|6|6|6|6|6|4|6
50821,8,False,8,3,8,8|8|8|8|8|0|8|3|8|8|8|8|8|3|8
50854,4,False,4,7,4,8|9|8|4|9|6|2|4|9|4|4|4|4|4|4
50896,6,False,6,14,4,4|4|6|4|4|4|4|4|4|4|4|4|4|4|4
50897,6,True,0,2,6,6|6|6|6|0|6|0|6|6|6|6|6|6|6|6
50919,4,False,4,5,4,4|4|4|4|9|6|2|6|4|4|4|4|4|4|2
50940,0,True,2,11,-1,6|4|6|6|4|0|4|4|2|0|4|6|0|0|6
50964,7,True,1,7,7,7|1|1|1|1|1|7|7|0|7|7|1|7|7|7
50985,7,False,7,13,9,7|9|9|9|7|9|9|9|2|8|9|9|9|9|9
50986,4,False,4,5,4,4|4|9|4|9|9|4|4|4|4|4|4|4|9|9
50988,4,True,6,8,4,6|3|4|2|4|4|4|6|4|2|4|6|6|2|4
50996,2,True,3,14,3,6|3|3|3|1|3|2|3|0|1|6|3|3|0|3
51010,3,False,3,0,3,3|3|3|3|3|3|3|3|3|3|3|3|3|3|3
51020,3,True,5,13,5,5|1|5|5|3|5|7|7|5|7|1|1|5|1|3
51033,7,True,1,15,1,1|1|1|1|1|1|0|1|1|1|1|1|0|1|1
51035,9,True,4,14,4,9|4|4|4|4|4|2|4|4|4|4|4|4|4|4
51040,5,False,5,3,5,5|5|7|5|5|5|5|3|5|5|5|3|5|5|5
51042,9,False,9,13,5,5|5|5|5|5|5|5|5|5|5|5|5|5|9|9
51048,1,False,1,3,1,1|1|1|1|1|1|1|1|1|1|7|7|7|1|1
51058,7,False,7,2,7,7|7|7|7|7|7|7|7|2|7|7|7|7|4|7
51073,0,True,2,9,0,0|0|8|0|6|0|2|8|2|2|0|6|0|8|8
51088,7,True,8,12,8,8|8|8|8|8|8|8|8|7|7|8|8|7|8|8
51105,3,False,3,9,3,3|3|6|2|3|2|2|3|3|1|6|0|0|2|3
51118,9,True,4,12,4,9|9|4|4|4|4|1|9|4|4|4|4|4|4|4
51132,6,True,3,8,6,4|4|6|6|3|6|6|4|4|2|4|6|3|6|6
51140,0,True,1,12,1,1|1|1|1|1|1|0|1|1|1|0|1|1|1|0
51141,0,True,2,10,6,6|0|6|4|6|0|0|6|4|2|0|6|0|6|2
51154,4,True,6,2,4,6|4|4|4|4|6|4|4|4|4|4|4|4|4|4
51163,2,True,0,14,0,6|8|2|6|0|8|5|0|7|7|0|4|0|8|4
51166,2,False,2,15,4,4|9|4|4|4|4|9|4|4|4|4|9|9|9|9
51172,8,True,2,14,2,2|4|6|6|2|0|0|8|6|2|2|6|0|2|0
51173,3,False,3,7,3,6|3|3|3|3|3|3|6|3|6|6|6|6|3|2
51186,9,False,9,15,5,5|5|5|5|5|5|5|5|5|5|5|5|5|5|5
51225,5,False,5,14,7,7|4|7|5|7|9|2|9|7|2|7|3|8|7|9
51237,6,False,6,3,6,6|0|6|6|6|6|0|6|6|6|6|4|6|6|6
51240,9,True,4,15,4,6|8|4|4|4|4|2|6|2|2|4|0|4|2|0
51250,5,True,9,2,5,5|5|5|5|5|5|5|9|5|5|5|5|5|9|5
51298,9,True,4,12,4,6|4|9|3|8|8|9|6|4|4|4|4|4|4|9
51309,1,False,1,1,1,1|1|1|1|1|1|1|1|1|1|4|1|1|1|1
51312,7,False,7,3,7,7|7|7|7|7|5|1|7|7|7|7|7|7|7|3
51344,8,True,2,14,3,3|3|3|5|2|5|0|8|3|3|3|5|6|5|6
51354,9,True,7,9,7,7|9|7|9|7|7|7|9|7|7|9|7|7|9|9
51363,7,False,7,11,9,9|9|9|7|9|9|7|9|9|7|7|9|9|9|9
51383,2,True,5,13,5,5|5|7|5|7|7|2|7|5|5|7|5|5|2|5
51413,6,True,0,9,0,0|0|6|0|0|0|0|4|6|6|0|6|6|0|6
51430,9,False,9,14,5,5|5|5|5|5|5|5|5|5|5|5|5|5|9|5
51463,2,True,3,12,3,2|3|3|3|0|3|6|3|1|1|3|6|2|3|2
51472,6,True,0,6,6,6|6|6|6|3|0|0|6|6|0|6|6|6|0|0
51478,3,False,3,11,2,2|2|6|3|3|4|2|2|2|2|6|3|3|2|2
51535,3,False,3,2,3,3|3|6|3|3|3|3|3|3|3|3|8|3|3|3
51539,9,False,9,15,5,5|5|5|5|5|5|5|5|5|5|5|5|5|5|5
51546,2,True,9,14,-1,9|7|7|7|7|7|9|7|2|8|9|9|5|9|9
51566,5,True,9,0,5,5|5|5|5|5|5|5|5|5|5|5|5|5|5|5
51584,0,False,0,9,6,6|0|6|6|0|0|0|6|6|0|6|6|0|6|6
51586,9,True,4,10,4,2|9|9|4|4|6|9|6|6|9|4|4|4|9|4
51589,3,True,7,15,7,7|9|7|7|7|9|9|7|7|7|7|7|7|9|7
51595,9,True,4,6,9,9|9|4|9|9|9|9|9|9|4|4|4|4|9|4
51622,9,True,6,13,3,6|1|8|3|4|3|3|9|1|2|0|8|3|0|9
51624,8,False,8,4,8,8|8|8|3|8|8|3|8|8|3|8|3|8|8|8
51636,6,False,6,15,4,9|9|4|9|0|0|4|9|4|4|4|4|4|4|4
51648,3,False,3,6,3,2|3|6|3|3|2|2|3|3|3|3|3|3|2|2
51660,4,False,4,5,4,4|9|9|4|4|9|4|9|4|4|4|4|4|4|9
51661,4,True,6,5,4,0|4|4|4|4|6|3|6|4|4|4|4|0|4|4
51687,8,False,8,1,8,8|8|8|8|8|8|8|8|8|8|8|8|8|8|7
51695,6,True,3,14,3,3|3|3|3|3|3|3|3|3|3|3|3|3|6|2
51732,3,True,9,15,5,5|5|5|5|5|5|5|1|5|5|8|8|5|5|5
51745,3,True,8,13,8,8|8|8|8|8|8|3|8|8|3|8|8|8|8|8
51753,6,True,0,4,6,6|6|6|6|0|6|0|6|0|6|6|6|6|6|0
51802,2,True,7,15,7,7|7|7|7|7|7|7|7|7|7|7|7|7|7|7
51810,7,False,7,5,7,7|7|7|7|9|9|7|9|7|7|7|9|7|9|7
51836,2,True,3,10,3,2|3|6|3|2|3|3|3|2|3|6|4|2|3|2
51840,0,True,2,9,2,0|0|2|2|0|0|2|4|2|0|0|2|2|2|2
51854,0,False,0,13,6,6|6|6|6|0|6|0|6|6|6|4|6|6|6|6
51869,9,True,4,10,4,9|9|9|4|4|9|4|9|4|4|4|4|4|4|4
51882,3,False,3,9,3,2|6|3|3|3|3|0|6|2|3|6|0|2|6|3
51951,9,True,4,14,4,8|4|6|4|4|4|9|4|2|4|4|4|4|4|4
51954,4,True,6,13,6,6|9|6|6|0|4|0|3|4|3|6|0|6|6|0
51958,9,True,8,15,8,8|8|3|5|8|0|3|3|8|3|8|3|8|8|8
51996,7,False,7,0,7,7|7|7|7|7|7|7|7|7|7|7|7|7|7|7
52001,5,True,9,3,5,5|5|5|5|5|5|5|9|5|2|5|5|5|9|5
52022,9,False,9,8,5,9|9|9|5|5|5|9|5|5|5|5|9|5|9|9
52028,4,False,4,5,4,9|9|9|4|4|4|4|9|4|4|4|4|4|4|9
52041,7,True,1,13,3,3|3|6|7|2|3|8|3|3|3|7|8|6|3|3
52069,2,False,2,10,-1,2|4|6|4|4|6|3|6|9|2|4|2|2|4|2
52131,2,True,3,9,3,3|3|6|3|3|2|2|3|3|2|3|3|2|2|2
52137,9,True,4,12,4,9|3|6|2|8|4|2|9|4|6|4|4|4|9|4
52140,9,True,4,14,4,3|3|6|4|1|4|4|3|6|4|4|4|4|4|9
52158,9,True,7,4,9,9|9|7|9|9|9|9|9|7|2|7|9|9|9|9
52166,2,True,3,13,3,3|3|3|3|3|3|3|3|3|3|3|3|2|2|3
52179,2,True,3,14,4,6|4|3|4|3|4|3|4|3|1|4|4|2|4|3
52181,8,False,8,2,8,8|8|8|8|8|8|8|8|8|3|8|8|3|8|8
52194,0,False,0,13,6,6|6|6|6|0|6|0|6|6|2|6|6|6|6|4
52197,2,True,3,11,3,3|3|2|2|3|0|9|3|2|2|4|3|3|3|3
52218,9,False,9,15,5,5|5|5|5|5|5|5|5|5|5|5|5|5|5|5
52219,6,False,6,12,0,4|4|2|6|0|0|0|0|0|4|4|6|0|0|6
52221,0,False,0,12,6,6|0|6|6|6|6|4|0|6|6|0|6|6|6|6
52225,0,False,0,2,0,0|0|6|4|0|0|0|0|0|0|0|0|0|0|0
52226,3,True,8,15,4,8|8|8|0|4|4|4|8|4|4|4|4|4|4|4
52237,6,False,6,15,4,9|4|4|4|4|4|4|9|9|4|4|4|4|4|4
52247,9,True,7,14,7,7|7|7|7|7|7|7|7|7|7|7|7|7|7|9
52265,8,False,8,1,8,8|8|8|8|8|8|8|8|8|8|8|8|3|8|8
52303,6,True,0,6,6,6|0|6|6|0|0|0|6|6|6|0|6|6|6|0
52328,9,True,7,9,7,7|9|7|9|7|7|9|9|7|7|7|7|7|9|9
52329,2,False,2,9,0,0|0|2|2|0|0|0|2|0|2|0|2|0|2|0
52359,5,False,5,14,7,7|3|7|7|7|7|5|3|2|7|7|7|8|7|7
52364,0,True,1,14,1,1|1|1|1|1|0|1|1|1|1|1|1|1|1|1
52384,9,True,7,6,9,9|9|8|9|9|5|9|9|9|7|7|7|7|9|9
52389,3,True,8,15,8,8|8|8|8|8|8|8|8|8|8|8|8|8|8|8
52391,9,True,7,14,7,7|7|7|7|7|7|7|7|7|7|7|7|7|9|7
52392,4,True,7,15,7,7|7|7|7|7|1|9|7|7|1|7|7|7|7|1
52393,9,False,9,13,5,5|5|5|5|5|5|5|9|5|5|5|5|5|9|5
52394,5,False,5,5,5,5|5|7|5|7|5|5|5|5|7|1|5|7|5|5
52395,4,False,4,12,-1,2|3|2|1|3|6|4|6|3|4|0|6|4|2|8
52412,9,True,7,14,7,7|7|7|7|7|7|7|7|7|7|7|7|7|7|9
52427,9,True,4,6,9,9|9|9|9|9|4|9|9|4|4|4|4|9|9|4
52428,4,True,7,15,5,5|8|5|1|8|2|2|3|5|2|8|5|5|3|5
52435,6,True,0,4,6,6|0|6|6|0|6|0|6|6|2|6|6|6|6|6
52441,6,True,3,10,-1,4|3|6|3|3|6|3|4|4|1|4|3|6|6|6
52448,9,True,4,10,4,2|4|4|4|9|9|4|9|9|4|4|4|4|4|9
52458,1,True,5,4,1,1|1|5|1|1|3|5|1|1|1|1|1|5|1|1
52463,9,True,7,11,7,7|7|7|7|7|7|9|7|9|7|7|9|7|9|7
52467,3,False,3,2,3,3|3|3|3|3|2|3|3|2|3|3|3|3|3|3
52487,5,False,5,6,5,5|3|5|5|5|5|5|1|1|1|1|5|5|3|5
52515,7,True,5,14,5,1|5|7|5|5|5|5|5|5|5|5|5|5|5|5
52545,2,True,9,15,5,5|5|5|5|5|5|5|9|5|5|5|5|5|5|5
52547,1,True,5,14,7,7|7|7|7|1|7|7|7|5|7|7|7|7|7|9
52557,4,False,4,6,4,9|4|4|9|4|9|9|9|4|4|4|4|4|9|4
52577,3,True,7,13,5,5|3|1|5|1|7|5|1|5|1|7|7|5|2|3
52590,3,True,2,14,0,2|0|6|3|0|0|2|0|2|2|0|0|0|2|2
52593,6,False,6,15,4,4|4|4|4|4|4|4|4|4|4|4|4|4|4|4
52595,3,False,3,4,3,3|3|6|3|3|2|3|3|2|3|3|3|3|2|3
52634,7,False,7,0,7,7|7|7|7|7|7|7|7|7|7|7|7|7|7|7
52636,0,False,0,7,0,6|0|6|6|0|0|0|6|6|0|0|6|6|0|0
52637,6,True,3,12,3,3|3|3|3|3|3|3|3|6|3|6|3|3|6|3
52646,5,False,5,6,5,7|8|5|5|5|5|5|3|5|5|7|5|2|3|5
52658,7,True,8,13,8,8|8|8|8|8|8|7|8|8|8|8|7|8|8|8
52670,4,True,1,12,1,1|1|1|1|1|1|4|4|1|1|1|1|1|4|1
52695,1,False,1,5,1,1|1|1|1|1|0|4|0|1|1|1|1|0|1|0
52698,6,True,0,5,6,6|0|6|6|0|0|0|6|0|6|6|6|6|6|6
52703,3,False,3,2,3,3|3|3|6|3|3|3|3|3|3|6|3|3|3|3
52734,1,False,1,3,1,1|1|1|1|1|1|0|1|0|1|1|7|1|1|1
52750,3,False,3,11,6,2|3|6|3|6|2|2|3|0|3|6|6|6|6|1
52753,7,False,7,9,7,7|4|7|5|1|5|1|1|5|5|7|7|7|5|7
52756,9,False,9,15,5,5|5|5|5|5|5|5|5|5|5|5|5|5|5|5
52764,6,False,6,14,4,2|4|6|2|8|4|4|4|2|2|4|4|4|2|2
52782,6,True,0,6,6,6|0|6|6|0|0|0|6|6|0|0|6|6|6|6
52799,6,False,6,14,0,0|8|6|4|0|0|0|0|4|4|0|0|4|4|0
52820,6,False,6,15,4,4|4|4|4|4|4|4|4|4|4|4|4|4|4|9
52824,4,True,6,2,4,9|4|4|4|4|4|4|4|4|4|4|4|4|4|9
52833,3,True,8,15,8,1|8|8|8|8|5|2|8|8|8|1|8|8|8|8
52837,2,True,9,15,5,5|5|5|5|5|5|9|9|5|5|9|5|9|9|9
52853,8,False,8,4,8,8|8|8|8|8|8|7|8|7|8|7|8|8|7|8
52860,6,True,0,2,6,0|6|6|6|6|6|0|6|6|6|6|6|6|6|6
52862,6,True,0,4,6,6|0|6|6|0|6|0|6|6|6|0|6|6|6|6
52891,9,True,4,12,4,4|9|9|4|4|4|4|9|4|4|0|4|4|4|4
52896,9,True,6,15,6,6|0|6|6|0|0|6|6|6|0|6|6|6|6|4
52909,1,False,1,6,1,0|1|1|1|0|1|0|1|1|1|0|1|0|1|0
52911,8,False,8,4,8,8|8|8|3|3|8|3|8|8|8|8|3|8|8|8
52956,7,True,1,15,1,1|1|1|1|1|0|0|1|1|1|1|1|0|0|1
52961,0,False,0,15,9,8|5|8|7|9|6|9|9|5|5|9|9|9|8|4
52975,9,True,4,9,4,9|9|9|4|9|4|9|4|4|4|4|4|4|9|4
52979,9,True,4,12,4,4|6|6|4|5|4|4|6|4|9|4|8|9|4|9
52980,1,True,8,14,8,8|8|8|8|8|8|8|8|8|8|8|8|8|1|8
52999,4,True,6,1,4,4|4|4|4|4|4|9|4|4|4|4|4|4|4|4
53011,5,True,9,2,5,5|5|5|5|5|5|5|5|5|5|5|5|5|9|9
53014,6,True,7,15,7,7|7|7|7|7|9|7|7|7|1|7|7|7|7|9
53015,0,False,0,13,4,6|4|3|6|3|0|4|4|6|6|4|4|4|0|4
53016,4,True,6,3,4,4|9|9|4|4|4|4|9|4|4|4|4|4|4|4
53018,6,True,0,2,6,6|6|6|6|6|0|0|6|6|6|6|6|6|6|6
53022,3,True,5,15,5,7|8|5|2|5|9|9|5|5|2|7|7|5|1|5
53028,1,True,5,11,5,5|3|5|5|5|1|5|8|5|7|1|1|3|3|1
53037,0,False,0,13,6,6|0|6|6|0|6|6|6|6|6|4|6|6|6|6
53042,4,False,4,3,4,9|9|4|4|4|4|9|4|4|4|4|4|4|4|4
53046,9,False,9,15,5,5|5|5|5|5|5|5|5|5|5|5|5|5|5|5
53061,7,False,7,3,7,7|7|7|7|7|7|9|7|7|7|7|7|7|9|9
53064,1,False,1,1,1,1|1|1|1|1|1|0|1|1|1|1|1|1|1|1
53071,1,True,8,15,8,8|8|8|8|8|8|8|8|8|8|8|8|8|8|8
53080,4,False,4,7,4,9|9|4|4|9|9|4|9|9|4|4|4|4|4|9
53087,2,False,2,10,0,0|0|2|0|0|0|0|8|0|2|0|2|2|2|0
53089,4,False,4,4,4,9|4|9|4|4|4|4|9|4|4|4|4|4|9|4
53126,9,False,9,12,7,5|9|5|5|8|5|5|7|7|7|9|7|7|7|9
53155,5,True,9,1,5,5|5|5|5|5|5|5|5|5|5|5|5|5|9|5
53162,9,True,4,7,9,9|9|9|9|4|7|9|9|9|4|4|4|4|9|4
53189,7,False,7,13,9,9|9|7|9|9|9|9|9|9|9|7|9|5|9|9
53193,3,False,3,5,3,3|3|3|3|3|2|2|6|3|3|3|6|3|2|3
53208,5,True,6,15,2,8|8|2|2|8|2|4|8|2|2|8|4|0|2|3
53214,6,True,2,13,4,4|4|6|4|3|4|2|8|4|4|4|6|4|4|2
53215,7,True,5,11,5,7|7|5|5|5|5|5|7|5|5|7|5|5|5|5
53227,9,True,7,13,7,7|7|7|7|7|7|7|7|7|7|7|7|7|9|9
53240,1,True,5,13,7,7|7|5|1|7|5|9|1|5|7|7|7|7|5|5
53249,9,True,8,10,4,4|9|9|6|8|0|4|9|4|4|9|4|4|4|9
53278,6,True,0,5,6,6|6|6|3|0|6|0|6|6|6|6|6|0|6|0
53281,2,True,3,8,3,2|3|3|3|3|2|2|3|2|3|2|3|2|2|3
53294,7,True,5,12,5,5|5|9|5|5|5|8|5|5|5|7|5|7|9|7
53339,9,True,7,15,7,7|7|7|7|7|7|7|7|7|7|7|7|7|7|7
53341,6,True,2,15,9,4|9|9|9|9|4|9|9|3|4|9|9|4|4|2
53355,7,True,1,15,1,1|1|1|1|1|3|0|1|1|1|1|1|6|4|1
53361,5,True,9,2,5,5|5|5|5|5|5|5|5|5|5|5|5|5|9|9
53396,2,False,2,14,4,9|4|8|4|4|4|2|9|9|4|4|4|4|9|4
53404,6,True,0,8,0,0|6|6|6|0|0|0|6|0|6|0|0|0|6|6
53410,7,True,8,12,8,8|7|8|8|8|8|8|7|8|7|8|8|8|8|8
53419,7,False,7,0,7,7|7|7|7|7|7|7|7|7|7|7|7|7|7|7
53430,8,True,3,15,3,3|3|6|3|0|3|3|3|0|3|3|3|3|2|3
53468,8,False,8,2,8,7|8|8|8|8|8|8|7|8|8|8|8|8|8|8
53485,4,True,6,12,6,4|6|6|6|4|6|0|6|6|6|4|6|6|6|6
53493,4,False,4,6,4,9|4|4|4|8|0|9|9|9|4|4|4|4|4|4
53519,2,True,9,15,5,5|9|5|5|5|5|9|9|5|5|5|5|5|9|9
53562,7,True,5,13,5,7|5|5|5|5|5|7|8|5|5|8|5|5|5|5
53571,9,True,7,15,7,7|7|7|7|7|7|7|7|7|7|7|7|7|7|7
53581,0,True,1,14,1,1|1|1|1|1|1|0|1|1|1|1|1|1|1|1
53594,5,False,5,5,5,5|5|7|5|5|8|5|5|5|5|3|1|5|1|5
53595,9,False,9,11,5,5|9|5|9|5|5|5|9|5|5|5|9|5|5|5
53601,5,True,9,3,5,5|9|5|5|5|5|5|5|5|5|5|5|5|9|9
53603,4,True,6,14,8,8|3|8|3|8|8|2|3|8|4|3|8|0|8|8
53638,9,True,4,10,4,9|4|9|4|9|4|9|4|4|4|4|4|4|9|4
53642,5,False,5,15,7,8|7|8|7|7|7|7|7|7|7|7|7|9|9|7
53651,7,True,1,5,7,7|1|7|7|1|1|7|7|1|7|7|7|7|7|1
53654,2,True,9,15,5,5|5|5|9|8|5|9|7|5|5|5|5|5|9|5
53655,3,False,3,7,3,6|3|6|3|3|3|3|6|6|7|3|3|3|2|6
53659,9,False,9,12,5,5|5|5|5|5|5|5|9|5|5|5|5|5|9|9
53685,2,False,2,13,0,4|0|6|4|0|0|0|0|0|2|4|2|0|4|4
53706,1,False,1,1,1,1|1|1|1|1|1|1|1|1|1|1|1|1|1|0
53739,2,True,5,12,5,5|5|5|5|5|5|5|1|5|2|5|0|2|2|5
53751,1,False,1,7,1,7|1|7|7|1|1|7|1|1|1|1|7|7|7|1
53790,6,True,0,8,0,6|0|6|6|0|0|0|6|6|6|0|0|0|6|0
53793,7,True,1,15,1,1|1|1|1|1|1|1|1|1|1|1|1|1|1|1
53813,7,False,7,6,7,3|5|7|7|3|2|2|7|2|7|7|7|7|7|7
53823,6,True,0,14,3,3|1|1|3|3|3|0|3|2|1|4|3|3|6|3
53824,4,True,7,15,7,7|7|7|7|7|7|7|7|7|7|7|7|7|7|7
53827,2,False,2,8,2,2|6|3|2|0|2|0|2|3|2|0|2|3|2|9
53837,0,False,0,10,6,6|0|6|6|6|0|0|6|6|0|0|6|6|6|6
53839,0,True,2,11,4,4|4|4|4|0|0|0|2|2|0|4|4|4|2|4
53857,9,True,7,14,7,7|7|7|7|7|7|7|7|7|7|7|7|7|9|7
53859,1,True,8,15,8,8|8|8|8|8|8|8|8|8|8|8|8|7|8|8
53867,2,True,3,15,6,6|4|6|6|3|6|3|8|3|6|4|3|6|6|6
53877,2,False,2,13,4,6|8|6|4|6|2|4|6|0|4|4|4|2|4|4
53918,4,False,4,7,4,9|4|8|4|7|0|4|4|2|4|8|4|2|4|4
53919,9,True,7,13,7,7|7|7|2|7|7|7|7|7|7|7|9|7|9|7
53922,4,True,6,3,4,4|4|6|4|4|6|4|4|4|4|4|4|6|4|4
53928,6,False,6,15,2,2|8|8|2|2|0|0|0|4|2|2|8|1|4|8
53977,3,False,3,4,3,3|3|3|3|3|2|3|3|3|3|3|6|2|2|3
53999,5,True,9,4,5,5|5|5|5|8|5|9|9|5|5|5|5|5|5|9
54010,6,False,6,4,6,6|6|6|6|6|6|6|6|6|0|4|6|4|4|6
54018,8,False,8,1,8,8|4|8|8|8|8|8|8|8|8|8|8|8|8|8
54025,6,True,0,5,6,6|6|6|6|0|0|6|6|0|0|0|6|6|6|6
54046,7,True,1,14,1,1|1|1|1|1|1|0|1|1|1|1|7|1|1|1
54062,6,True,3,15,3,2|3|7|3|1|3|3|3|3|1|3|3|1|2|8
54076,6,True,0,6,6,6|6|6|3|6|6|0|6|0|6|0|0|6|6|0
54117,2,False,2,11,4,2|9|4|4|3|4|4|2|4|4|4|2|3|2|4
54119,4,True,6,13,6,6|6|6|6|0|6|0|6|6|6|4|6|6|6|4
54129,1,False,1,2,1,1|1|1|1|1|1|0|1|1|1|7|1|1|1|1
54142,8,False,8,0,8,8|8|8|8|8|8|8|8|8|8|8|8|8|8|8
54146,2,True,3,14,3,6|3|3|3|3|3|3|3|3|3|6|2|3|3|3
54155,4,True,6,14,6,6|0|6|6|6|6|0|6|0|6|6|6|6|4|6
54158,9,True,7,10,7,7|7|7|9|7|9|9|9|7|7|7|7|7|7|9
54167,4,True,5,15,5,5|5|5|5|5|5|5|7|5|2|5|2|5|8|5
54169,7,False,7,7,7,9|7|7|7|8|9|9|7|2|7|7|9|7|9|7
54198,0,True,1,13,6,6|3|6|3|3|4|0|6|6|1|6|3|6|0|3
54204,4,True,6,5,4,6|3|6|4|0|3|4|4|4|4|4|4|4|4|4
54206,0,True,2,6,0,0|0|6|2|0|0|0|0|2|0|0|0|2|2|2
54207,4,False,4,8,4,9|2|4|9|4|0|4|2|4|2|4|4|9|9|4
54209,1,False,1,5,1,1|0|1|1|0|1|0|1|1|1|1|1|0|1|0
54218,6,False,6,12,4,6|4|4|4|6|4|3|4|6|4|0|4|4|9|7
54224,2,False,2,13,0,4|8|8|2|8|4|0|0|2|0|0|5|0|4|0
54225,0,True,1,10,1,1|1|1|1|1|0|0|0|1|1|0|1|1|1|0
54232,6,True,2,8,-1,6|6|6|4|4|6|6|9|6|4|4|4|4|4|6
54240,3,True,8,12,8,8|8|8|8|3|8|3|8|8|8|8|3|8|8|8
54241,7,True,8,11,8,5|4|8|8|9|7|7|8|2|8|7|8|7|8|8
54248,9,True,4,7,9,4|9|9|4|9|4|9|9|4|4|4|9|4|9|9
54260,9,False,9,14,5,5|5|5|5|5|5|5|9|5|5|5|5|5|5|5
54261,9,True,4,5,9,9|4|9|9|9|4|9|9|4|4|9|9|4|9|9
54274,6,True,0,4,6,6|6|6|1|6|0|0|6|6|6|4|6|6|6|6
54320,9,True,7,14,7,7|7|7|7|7|7|9|7|7|7|7|7|7|7|7
54324,3,False,3,6,3,2|3|3|2|3|2|3|3|2|3|2|3|3|2|3
54331,2,False,2,15,4,9|9|9|4|9|9|4|9|4|4|4|4|4|4|4
54342,7,False,7,1,7,7|7|7|7|7|7|7|7|7|7|7|7|7|9|7
54357,9,True,3,15,3,3|0|3|4|3|6|2|6|3|2|4|6|6|3|3
54399,8,True,1,15,1,1|1|1|1|1|0|1|1|1|1|1|1|7|1|1
54406,2,False,2,8,2,8|0|2|2|8|0|2|8|2|2|9|4|0|2|2
54438,0,False,0,15,6,6|6|6|6|6|6|4|6|4|6|6|6|4|6|6
54442,3,True,2,15,4,9|9|8|4|4|4|4|4|2|2|4|4|0|4|4
54463,5,False,5,8,5,7|5|7|5|5|5|5|7|5|5|7|7|7|1|1
54490,4,True,6,10,6,6|4|6|6|6|6|4|6|6|6|4|6|4|6|4
54507,6,False,6,10,6,2|0|6|3|3|0|6|8|2|6|1|3|6|6|4
54508,6,True,0,6,6,0|0|6|6|0|0|0|6|6|6|6|6|6|0|6
54535,3,False,3,1,3,3|3|3|3|3|2|3|3|3|3|3|3|3|3|3
54558,3,True,8,12,8,8|8|8|3|8|8|3|8|8|8|8|3|8|8|8
54567,6,False,6,15,4,0|9|9|4|0|4|0|9|2|2|4|4|4|4|2
54584,2,False,2,11,0,2|0|6|2|8|0|0|4|2|2|0|0|8|0|0
54592,5,True,9,3,5,5|5|5|5|5|5|5|9|5|5|5|9|5|9|5
54610,3,True,2,15,4,4|4|4|4|4|4|4|9|4|4|4|4|4|4|4
54667,9,False,9,12,8,5|8|8|8|5|7|8|9|2|8|8|3|7|9|9
54682,6,True,0,6,6,6|3|6|6|6|6|2|3|6|6|3|6|4|6|2
54687,5,True,9,3,5,5|5|5|5|5|5|9|9|5|5|5|5|5|9|5
54689,2,True,9,14,5,5|9|5|5|9|5|9|9|5|2|5|5|5|5|9
54735,3,True,8,13,8,8|8|8|3|8|8|3|8|8|8|8|8|8|8|8
54747,5,True,9,3,5,5|5|5|5|5|5|5|6|5|5|5|9|6|5|5
54767,9,True,4,13,-1,9|0|2|4|4|0|0|0|2|4|0|4|4|2|9
54806,0,False,0,13,6,6|6|6|6|0|6|0|6|6|6|6|6|6|6|6
54807,4,True,6,3,4,4|4|4|4|9|4|4|5|6|4|4|4|4|4|4
54818,0,False,0,9,6,0|8|6|6|0|4|0|6|0|6|6|6|0|6|0
54819,3,False,3,6,3,6|3|3|3|3|3|3|3|3|1|6|6|2|3|2
54823,5,True,9,2,5,5|5|5|5|5|5|5|9|5|5|5|5|5|9|5
54824,2,False,2,15,4,9|4|4|9|4|4|9|9|4|4|4|4|4|9|4
54830,3,True,8,13,8,8|3|8|8|8|8|3|8|8|8|8|8|8|8|8
54841,3,False,3,8,3,2|3|3|3|6|2|2|3|3|1|3|6|6|6|3
54852,2,True,3,14,3,3|3|3|3|3|2|3|3|3|3|3|3|3|3|3
54853,4,True,6,12,-1,0|4|8|6|0|8|0|8|6|4|4|1|6|8|6
54864,9,True,4,10,4,9|9|9|9|4|0|4|9|2|4|4|4|4|4|4
54874,6,True,0,2,6,6|6|6|6|0|6|0|6|6|6|6|6|6|6|6
54879,4,True,1,15,1,1|1|1|1|1|1|1|1|1|1|1|1|7|1|1
54886,9,True,7,15,7,5|5|7|7|7|3|7|7|2|7|7|7|4|2|7
54908,3,True,8,13,8,8|8|8|8|8|8|3|8|8|8|8|3|7|8|8
54936,4,False,4,2,4,4|4|4|4|9|4|4|4|4|4|4|4|4|9|4
54947,5,True,9,2,5,5|5|5|5|5|5|5|9|5|5|5|5|5|9|5
54950,8,False,8,2,8,8|8|8|8|8|5|8|8|8|8|8|3|8|8|8
54951,8,True,3,15,6,2|1|6|3|0|6|0|3|0|1|6|0|6|6|1
54976,7,False,7,0,7,7|7|7|7|7|7|7|7|7|7|7|7|7|7|7
54992,0,True,2,14,3,6|6|6|2|3|3|3|8|3|2|3|0|3|2|2
54995,9,False,9,13,5,5|5|5|5|5|5|5|9|5|5|5|5|5|9|5
55015,2,True,3,11,4,6|4|4|3|0|4|3|4|2|4|4|2|6|2|2
55067,4,True,7,15,7,7|7|7|7|7|7|7|7|7|7|7|7|7|9|7
55074,4,False,4,9,4,9|8|8|4|4|8|4|9|8|4|9|9|4|4|8
55100,3,True,2,13,4,4|9|4|4|3|4|0|4|4|4|4|3|2|2|4
55115,3,False,3,5,3,3|3|3|3|3|6|3|3|2|2|3|6|6|3|3
55153,3,False,3,3,3,3|3|3|2|3|3|2|3|3|3|3|3|3|2|3
55160,2,True,9,15,-1,5|5|6|6|4|6|9|6|5|1|9|5|4|9|9
55250,0,True,1,15,1,1|1|1|1|1|1|1|1|1|1|1|1|1|1|1
55252,3,False,3,5,3,4|3|3|3|3|3|3|1|3|3|4|4|3|4|3
55305,0,True,2,6,0,0|0|6|0|1|2|0|0|6|7|0|2|0|0|0
55311,9,False,9,10,5,9|5|7|5|7|5|9|5|5|5|5|9|5|9|9
55323,1,True,4,15,2,2|3|4|2|3|5|4|2|8|2|0|2|2|2|4
55326,2,True,3,11,3,2|3|3|2|3|3|2|3|3|1|6|3|6|2|3
55348,0,False,0,8,6,6|0|6|6|0|0|0|6|6|0|0|6|6|6|0
55367,9,True,4,13,2,6|9|2|3|6|0|3|9|0|1|3|2|2|2|2
55392,4,True,6,2,4,4|4|9|4|4|4|4|4|4|4|4|2|4|4|4
55397,7,True,5,11,5,7|5|7|5|5|5|5|7|5|5|7|5|5|1|5
55408,6,True,3,13,3,3|3|3|3|3|3|3|3|6|1|3|3|7|6|3
55412,9,True,4,6,9,4|9|9|9|9|9|9|9|9|4|4|9|4|4|4
55414,1,False,1,1,1,1|1|1|1|1|1|0|1|1|1|1|1|1|1|1
55431,4,False,4,3,4,9|4|4|4|9|4|4|4|4|4|4|4|4|4|9
55468,9,True,7,14,7,7|7|7|7|7|7|7|7|7|7|7|7|7|7|9
55492,0,True,2,14,4,6|4|2|2|6|4|0|4|4|2|4|4|2|4|4
55531,2,True,5,15,7,7|4|7|7|7|7|7|3|7|7|7|7|7|7|5
55536,6,False,6,14,3,3|3|3|3|3|2|2|3|3|2|6|2|3|3|3
55549,9,False,9,13,5,5|5|5|5|5|5|5|9|5|5|5|5|5|9|5
55555,5,True,9,5,5,5|5|5|5|5|2|5|9|5|2|5|9|5|5|9
55556,3,True,2,14,-1,2|0|3|0|0|0|0|8|2|2|4|6|2|2|6
55560,6,True,2,14,0,2|0|6|4|8|0|2|8|0|2|0|4|4|0|4
55566,6,True,0,5,6,0|0|6|6|0|6|0|6|6|6|6|6|6|6|0
55569,6,True,2,14,8,6|8|2|7|8|2|7|8|5|1|1|3|7|8|1
55585,9,True,7,15,7,7|7|7|7|7|7|7|7|7|7|7|7|7|7|4
55589,1,False,1,8,7,7|1|1|1|1|1|1|7|1|7|7|7|7|7|7
55610,0,True,1,13,1,1|1|1|1|1|1|0|1|1|1|1|1|0|1|1
55616,8,False,8,1,8,7|8|8|8|8|8|8|8|8|8|8|8|8|8|8
55624,0,True,2,8,-1,2|0|2|2|0|0|2|8|0|2|0|0|2|2|0
55653,9,False,9,11,5,5|5|5|5|5|9|5|9|5|5|9|5|5|9|5
55716,5,True,9,6,5,9|9|5|5|5|9|5|9|5|5|5|9|5|9|5
55726,9,False,9,9,-1,5|9|9|5|7|5|7|1|5|5|9|9|5|9|9
55731,2,False,2,14,0,8|0|8|1|0|0|4|1|0|2|1|4|0|0|0
55766,5,False,5,10,7,1|5|7|7|7|5|7|8|5|5|7|1|5|7|4
55767,5,True,9,4,5,9|5|5|5|5|5|5|9|5|5|9|5|5|9|5
55777,9,False,9,13,5,5|5|5|5|5|5|5|9|5|5|5|5|5|9|5
55807,5,True,9,2,5,5|5|5|5|5|5|5|5|5|5|5|5|5|9|9
55817,0,True,2,9,0,0|0|6|4|0|0|0|8|6|4|4|2|2|2|0
55825,8,False,8,5,8,3|1|8|8|8|8|3|3|8|3|8|8|8|8|8
55840,9,False,9,10,5,9|9|5|2|5|5|5|9|5|2|7|5|5|9|9
55843,0,True,1,13,1,1|1|1|1|1|0|1|1|1|1|3|1|0|1|1
55856,0,True,1,13,1,1|1|1|1|1|1|0|1|1|1|1|1|0|1|1
55859,2,False,2,10,2,8|2|6|8|3|0|2|6|2|2|3|6|2|6|8
55866,9,True,4,15,3,6|3|3|3|3|3|3|3|6|3|3|3|3|3|3
55872,1,False,1,14,7,7|7|7|7|1|7|7|7|7|7|7|7|7|7|7
55910,1,True,5,11,5,5|1|5|5|7|5|5|1|5|7|1|5|5|5|1
55918,0,True,1,12,1,1|7|1|1|1|1|1|3|0|3|8|3|0|1|0
55921,4,True,6,7,4,0|0|4|2|4|0|0|0|4|4|4|4|2|4|4
55946,9,False,9,10,5,5|5|5|5|5|5|9|9|5|5|9|5|5|9|9
55947,2,False,2,9,0,0|0|2|2|0|0|0|0|0|2|0|0|2|2|2
55977,0,False,0,11,6,6|0|6|6|0|6|0|6|6|6|0|6|6|6|6
55981,1,False,1,14,-1,4|6|8|4|6|2|9|2|0|2|1|4|0|2|4
55982,6,True,2,15,4,4|4|4|4|4|4|4|4|4|4|4|4|4|4|9
55998,6,True,0,6,6,6|0|6|6|0|0|0|6|6|6|0|6|0|6|6
56007,2,False,2,12,0,0|0|2|2|0|0|0|0|0|0|0|0|0|2|0
56010,7,False,7,11,9,9|9|7|9|7|9|7|9|7|9|9|9|5|9|9
56011,6,True,1,14,1,1|1|1|1|1|1|1|1|1|1|1|1|1|1|6
56021,2,True,5,15,7,5|3|5|7|7|5|7|7|5|5|7|7|7|3|4
56060,3,False,3,4,3,2|3|3|3|3|3|2|3|3|3|3|2|2|3|3
56089,7,True,1,13,1,1|1|1|1|1|3|0|7|1|1|1|1|7|1|1
56090,9,True,4,8,9,9|9|9|9|9|9|2|9|2|4|4|4|4|4|4
56100,5,False,5,5,5,1|5|5|5|7|5|1|5|5|5|5|3|5|5|3
56119,5,True,9,1,5,5|5|5|5|5|5|5|9|5|5|5|5|5|5|5
56146,3,False,3,6,3,3|3|3|3|3|2|2|3|2|3|2|3|2|2|3
56157,5,False,5,13,7,5|4|7|7|7|2|9|7|7|7|7|1|5|9|9
56174,5,False,5,13,7,7|7|5|7|7|7|7|7|7|7|7|7|7|7|5
56181,9,True,4,10,-1,9|9|6|4|9|0|2|9|0|2|4|4|4|4|9
56296,7,True,8,8,8,7|8|8|7|8|8|7|7|8|7|7|8|7|8|8
56314,2,False,2,12,0,0|0|4|0|0|0|2|0|0|0|0|2|0|0|2
56319,2,True,5,12,5,5|1|5|2|5|0|5|5|5|2|5|3|5|2|5
56331,4,True,6,11,6,2|4|3|6|3|4|0|6|6|6|6|3|4|4|0
56333,4,False,4,5,4,4|9|4|9|9|4|4|9|4|4|4|4|4|9|4
56334,9,True,8,15,8,8|8|8|8|8|8|8|8|8|8|8|8|8|8|8
56340,7,False,7,0,7,7|7|7|7|7|7|7|7|7|7|7|7|7|7|7
56396,9,True,8,15,8,8|8|8|8|8|8|3|8|8|8|8|3|8|8|8
56405,9,True,7,6,9,9|9|5|9|7|9|9|9|9|5|7|9|5|2|9
56408,6,False,6,3,6,6|6|6|6|6|6|0|6|8|6|6|6|6|6|0
56454,1,True,8,13,8,8|8|8|1|8|0|2|8|8|8|1|8|8|8|8
56458,8,False,8,2,8,8|8|8|8|8|8|8|7|8|8|7|8|8|8|8
56477,0,True,2,3,0,0|0|2|0|0|0|0|0|0|2|0|0|2|0|0
56527,9,False,9,15,5,5|5|5|5|5|5|5|5|5|5|5|5|5|5|5
56533,7,False,7,3,7,7|7|7|7|7|7|7|1|9|7|7|7|7|7|9
56534,0,True,1,14,1,1|1|1|1|1|1|0|1|1|1|1|1|1|1|1
56562,9,True,4,8,4,9|9|9|9|9|9|4|9|4|4|4|4|4|4|4
56572,9,False,9,11,5,5|5|5|5|5|5|5|9|5|5|9|5|5|9|9
56596,5,False,5,4,5,5|5|5|5|5|5|8|5|5|5|7|3|5|3|5
56618,5,True,9,6,5,5|5|5|5|9|9|9|9|5|5|5|9|5|9|5
56650,2,True,3,10,3,2|3|3|3|3|2|3|3|2|2|3|3|3|2|3
56655,8,False,8,3,8,8|1|8|8|8|8|3|8|8|2|8|8|8|8|8
56660,0,False,0,13,6,6|6|6|6|6|4|0|6|6|6|6|6|6|6|0
56667,7,True,5,7,7,7|5|5|5|1|7|5|7|5|7|1|7|7|7|7
56679,6,True,1,15,1,1|1|1|1|1|1|1|1|1|1|1|1|1|1|1
56716,1,False,1,1,1,1|1|1|1|1|1|0|1|1|1|1|1|1|1|1
56731,1,False,1,0,1,1|1|1|1|1|1|1|1|1|1|1|1|1|1|1
56739,8,False,8,0,8,8|8|8|8|8|8|8|8|8|8|8|8|8|8|8
56742,9,False,9,13,5,5|5|5|5|5|5|9|5|5|5|5|5|5|9|5
56750,1,False,1,3,1,7|1|1|1|1|1|7|1|1|1|1|1|7|1|1
56760,0,True,1,15,1,1|1|1|1|1|1|1|1|1|1|1|1|1|1|1
56762,0,True,2,5,0,0|0|2|2|0|0|0|0|2|0|0|0|2|2|0
56783,4,False,4,13,3,1|3|1|6|3|4|4|3|0|1|6|6|3|9|3
56786,0,True,1,14,1,1|1|1|1|1|1|1|1|1|1|1|1|0|1|1
56788,4,True,1,14,1,1|1|1|1|1|1|0|4|1|1|1|1|1|1|1
56789,6,True,0,5,6,6|6|6|6|0|0|0|6|6|0|6|0|6|6|6
56822,4,True,6,13,6,6|4|6|6|6|0|0|6|6|0|6|6|4|6|6
56830,8,False,8,9,7,7|8|7|7|8|8|2|7|8|7|7|7|8|8|7
56831,9,True,4,13,4,9|9|8|4|2|7|4|4|4|2|4|4|2|4|4
56836,2,False,2,14,4,6|4|4|4|2|6|4|8|4|6|4|4|4|4|3
56841,9,False,9,11,5,5|5|5|5|5|5|5|9|5|5|5|9|5|9|9
56851,6,True,3,6,6,6|3|6|3|3|6|3|6|6|6|6|3|6|2|6
56856,7,False,7,1,7,7|7|7|7|7|7|7|7|7|7|7|7|7|2|7
56867,5,False,5,11,7,1|7|7|5|3|5|5|1|7|7|1|7|7|7|5
56872,1,False,1,5,1,1|0|1|1|1|0|0|1|1|1|1|1|0|1|0
56873,6,True,3,13,-1,9|3|3|3|3|6|0|4|6|3|4|2|4|4|4
56893,9,True,7,7,9,9|9|7|9|7|7|9|9|9|7|7|9|7|9|7
56907,6,True,0,9,6,9|4|8|6|6|4|4|6|4|8|4|6|6|9|6
56926,4,False,4,9,9,9|9|9|4|9|4|9|9|9|4|4|9|4|9|4
56939,1,False,1,3,1,1|1|1|1|1|1|0|0|1|1|1|1|0|1|1
56953,0,True,1,13,1,1|0|1|1|1|1|0|1|1|1|1|1|1|1|1
56960,9,False,9,6,9,9|9|5|9|5|5|9|9|5|9|5|9|5|9|9
56982,4,True,6,12,6,6|1|8|6|9|6|8|0|6|5|4|8|3|4|4
57006,1,False,1,9,-1,1|4|4|1|1|0|4|1|4|9|4|1|0|4|1
57047,4,False,4,3,4,9|9|9|4|4|4|4|4|4|4|4|4|4|4|4
57051,4,False,4,7,4,9|9|9|4|9|4|4|9|2|4|4|4|4|9|4
57059,0,True,2,11,6,6|8|2|6|0|6|0|6|4|2|0|4|6|6|0
57063,4,True,6,10,6,6|4|6|6|6|6|4|4|4|6|6|6|6|4|6
57066,1,True,8,14,8,8|8|8|8|8|8|8|1|8|8|8|8|8|8|8
57081,7,False,7,3,7,7|7|7|7|7|7|9|9|7|7|7|7|7|7|9
57083,1,False,1,1,1,1|1|1|1|1|1|0|1|1|1|1|1|1|1|1
57108,3,False,3,2,3,3|3|3|3|3|2|3|3|3|3|3|3|3|3|2
57126,0,True,1,8,0,1|0|0|1|0|0|0|1|0|1|0|4|1|4|1
57137,2,False,2,11,0,0|0|4|2|0|0|0|0|0|2|0|2|2|0|0
57180,0,False,0,3,0,0|0|3|6|0|0|0|0|1|0|0|0|0|0|0
57183,2,True,3,12,3,2|3|3|3|3|3|3|3|3|2|6|3|3|3|2
57187,2,False,2,15,-1,4|0|6|6|0|6|0|6|0|0|4|6|0|6|4
57193,5,True,9,7,5,9|5|5|9|9|5|9|9|5|5|9|9|5|5|5
57221,7,True,5,4,7,7|4|7|7|7|7|5|3|7|7|7|7|7|7|5
57243,7,True,8,13,8,8|8|8|8|8|8|8|7|8|8|7|8|8|8|8
57265,9,True,7,15,7,7|7|7|7|7|7|7|7|7|7|7|7|7|7|4
57306,7,True,8,12,8,8|8|8|8|8|8|7|8|8|8|7|8|7|8|8
57323,3,True,5,12,5,5|3|5|3|7|5|5|5|7|7|5|3|7|7|5
57324,5,True,9,9,5,9|9|7|5|5|5|9|7|5|7|9|9|5|1|5
57329,9,True,4,7,9,9|9|9|9|9|4|4|9|4|4|4|4|4|9|9
57336,8,True,5,15,5,1|5|1|5|5|5|5|1|5|7|7|7|5|5|7
57361,5,True,9,1,5,5|5|5|5|5|5|5|5|5|5|5|5|5|9|5
57366,8,False,8,0,8,8|8|8|8|8|8|8|8|8|8|8|8|8|8|8
57367,6,True,0,3,6,6|0|6|6|6|0|0|6|6|6|6|6|6|6|6
57375,0,True,2,5,0,0|0|4|2|0|0|0|0|2|2|0|0|0|2|0
57389,2,False,2,13,0,4|0|0|2|0|0|0|0|0|0|0|0|0|2|0
57398,9,False,9,15,5,5|5|5|5|5|5|5|5|5|5|5|5|5|5|5
57412,0,False,0,11,6,6|6|6|6|0|0|0|6|6|6|6|6|6|6|0
57456,4,True,7,15,7,7|7|7|7|7|7|7|7|7|7|7|7|7|7|9
57473,6,True,2,15,3,3|3|3|3|3|0|3|3|3|1|3|3|3|0|8
57503,9,True,8,14,8,8|8|8|8|8|9|8|8|8|8|8|8|8|8|8
57506,9,True,4,11,4,2|4|6|4|9|4|9|4|9|4|4|8|4|4|9
57527,0,False,0,10,6,6|4|6|6|0|0|0|6|6|6|0|6|6|4|0
57531,2,True,9,15,5,5|9|5|5|5|5|9|5|5|5|5|5|5|5|5
57536,5,True,9,2,5,5|5|5|5|5|5|9|5|5|5|5|5|5|9|5
57557,4,False,4,9,9,9|9|9|9|9|9|4|9|4|4|4|4|4|9|9
57563,1,False,1,2,1,7|1|1|1|1|1|1|1|1|1|1|1|1|1|7
57565,0,False,0,13,6,6|3|6|6|0|6|6|3|2|2|6|6|6|0|3
57578,1,True,5,11,5,5|3|5|5|1|5|5|1|5|1|5|5|5|5|1
57611,2,True,5,15,5,5|5|5|5|5|5|5|7|5|5|7|5|5|7|9
57622,4,True,6,6,4,6|6|4|4|4|4|4|4|2|0|4|4|6|4|1
57650,6,False,6,7,6,6|0|6|3|3|0|0|3|6|3|6|6|6|6|6
57652,1,True,8,15,8,8|8|8|8|8|8|8|8|8|8|8|8|8|8|8
57653,0,True,2,6,0,4|0|2|0|0|3|0|0|0|2|0|0|2|2|0
57658,7,True,1,15,1,1|1|1|1|1|1|1|1|1|1|1|1|1|1|1
57659,4,True,6,7,4,8|4|8|1|8|0|4|8|8|4|4|4|4|4|4
57660,1,True,5,14,5,5|5|5|5|5|5|5|5|5|5|5|5|7|5|1
57665,4,True,6,4,4,2|4|4|4|4|6|0|6|4|4|4|4|4|4|4
57706,6,True,0,5,6,6|6|6|6|0|0|0|6|6|0|6|6|6|6|4
57723,1,False,1,0,1,1|1|1|1|1|1|1|1|1|1|1|1|1|1|1
57724,9,True,6,13,4,4|4|4|4|4|4|4|6|9|4|4|9|4|4|6
57729,2,False,2,12,0,0|0|6|2|0|0|0|0|0|2|0|0|2|4|0
57732,7,True,5,7,7,7|7|7|5|7|5|9|7|5|5|7|7|5|7|5
57745,4,False,4,6,4,9|9|9|9|9|4|4|9|4|4|4|4|4|4|4
57759,3,True,8,15,8,8|8|8|8|8|8|8|8|8|8|8|8|7|8|8
57784,6,True,0,7,6,6|4|6|6|6|4|0|6|4|6|4|6|6|4|4
57790,4,True,6,12,0,0|8|2|4|0|0|0|0|0|0|0|4|4|2|0
57811,3,False,3,2,3,3|3|3|3|3|2|2|3|3|3|3|3|3|3|3
57812,8,False,8,5,8,8|8|8|8|8|8|3|3|8|3|8|3|3|8|8
57867,3,True,7,15,7,7|7|7|7|7|7|7|7|7|7|7|7|7|9|7
57877,2,False,2,13,8,8|3|6|5|8|8|2|8|2|8|3|3|3|8|9
57883,8,False,8,3,8,8|1|9|8|8|8|3|8|8|8|8|8|8|8|8
57907,1,True,8,13,8,7|8|8|8|8|8|8|8|8|8|8|1|7|8|1
57910,6,True,0,5,6,6|0|6|6|0|6|0|6|6|6|0|6|6|6|0
57911,6,True,0,5,6,6|6|6|6|6|0|0|0|6|6|3|3|6|6|6
57924,5,False,5,4,5,7|5|8|5|5|5|9|5|5|5|5|7|5|5|5
57949,4,False,4,4,4,4|0|4|4|4|9|9|9|4|4|4|4|4|4|4
57955,9,True,4,6,9,9|9|9|4|9|9|9|9|4|4|4|9|4|9|4
57982,2,False,2,15,4,9|4|4|4|9|4|9|4|4|4|4|4|4|4|4
57987,8,True,2,12,2,2|0|6|2|0|0|2|8|3|2|4|8|2|4|8
57990,4,False,4,5,4,2|4|6|4|9|6|4|3|4|4|4|4|4|4|4
57991,0,True,2,4,0,0|4|2|0|0|0|0|4|0|0|0|0|2|0|0
58005,1,True,3,15,6,6|0|6|6|0|3|0|6|0|2|4|6|6|6|0
58016,9,True,7,12,7,7|9|7|7|7|5|7|9|9|8|7|7|7|2|7
58028,5,False,5,4,5,5|1|3|5|5|5|5|1|5|5|5|5|1|5|5
58051,7,False,7,1,7,7|7|7|7|7|7|7|7|7|7|7|7|7|7|4
58066,9,False,9,14,5,5|5|5|5|5|5|5|9|5|5|5|5|5|5|5
58067,5,False,5,8,1,5|1|5|1|1|5|5|1|5|1|1|1|5|1|5
58088,4,True,6,3,4,4|8|4|4|6|4|4|4|4|4|4|9|4|4|4
58097,0,False,0,15,9,9|6|6|4|5|6|5|3|9|1|4|9|8|9|9
58112,8,False,8,6,8,8|1|8|1|8|8|8|8|8|1|1|8|9|8|1
58113,2,False,2,8,-1,0|0|2|2|0|2|0|0|2|2|0|2|8|2|0
58120,9,True,4,15,4,6|4|4|4|5|6|4|4|4|2|4|8|5|1|8
58128,9,False,9,15,5,5|5|5|5|5|5|5|5|5|5|5|5|5|5|5
58153,6,True,3,14,3,6|3|3|3|3|3|3|3|3|3|3|3|2|3|3
58184,6,True,0,7,6,6|0|6|6|0|6|0|6|0|0|6|6|0|6|0
58192,6,True,3,15,3,3|3|3|3|3|3|3|3|3|3|3|3|3|3|3
58197,4,False,4,10,9,9|9|9|9|4|4|9|9|9|4|4|4|9|9|9
58205,2,True,5,15,5,7|5|5|7|7|5|5|7|5|5|5|5|5|5|5
58254,0,True,2,11,2,2|0|2|2|0|2|2|2|2|2|2|0|2|2|0
58274,0,True,1,15,1,1|1|3|3|1|1|1|1|1|1|1|1|1|1|1
58283,1,False,1,12,-1,1|3|1|1|3|0|0|0|0|3|3|3|0|3|0
58301,5,False,5,5,5,6|5|5|5|5|5|5|7|5|2|5|5|5|8|4
58302,5,False,5,3,5,5|5|7|5|7|5|5|5|5|5|5|5|5|7|5
58305,0,True,1,12,1,1|1|1|1|1|0|0|1|1|1|1|1|0|1|1
58346,2,False,2,12,4,4|4|6|2|4|4|4|6|4|2|4|4|2|9|0
58358,4,False,4,5,4,9|4|4|4|9|4|9|4|4|4|4|4|0|4|0
58379,5,False,5,5,5,3|5|5|1|7|5|5|5|5|7|5|7|5|5|5
58385,6,True,0,3,6,6|0|6|6|6|6|0|6|6|6|0|6|6|6|6
58404,4,True,6,1,4,4|4|4|4|4|4|4|9|4|4|4|4|4|4|4
58431,8,False,8,1,8,8|8|8|8|8|8|8|8|8|8|8|8|7|8|8
58461,8,False,8,5,8,7|8|8|8|8|5|7|8|8|8|8|8|8|1|1
58473,8,True,7,15,7,7|7|7|7|7|7|7|7|7|7|7|7|7|7|7
58481,0,False,0,11,6,6|0|6|6|0|6|0|6|6|6|0|6|6|6|6
58508,2,True,3,9,3,3|3|3|2|3|2|2|3|2|2|3|3|3|2|3
58568,5,False,5,6,5,5|5|5|5|6|5|2|7|5|5|5|5|2|2|2
58575,1,True,5,10,5,5|5|5|1|5|1|5|1|5|1|5|5|3|5|1
58583,2,False,2,13,0,0|0|6|2|0|0|0|0|0|0|0|0|2|0|0
58608,4,True,6,14,6,6|3|6|6|0|6|0|7|6|0|6|4|6|6|6
58615,1,False,1,1,1,1|1|7|1|1|1|1|1|1|1|1|1|1|1|1
58652,0,True,2,6,0,4|0|7|8|0|0|0|8|0|8|4|0|0|0|0
58660,9,True,7,15,7,7|7|7|7|7|7|7|7|5|7|7|7|7|7|5
58666,0,True,1,13,1,1|1|1|1|1|3|0|3|1|1|1|1|0|1|1
58673,5,True,9,3,5,5|5|5|5|5|5|5|9|5|5|5|5|5|9|9
58719,3,False,3,9,3,6|2|6|3|0|2|2|3|3|3|0|6|3|3|5
58728,8,False,8,3,8,7|8|8|8|8|8|8|7|7|8|8|8|8|8|8
58744,3,True,8,13,8,8|8|8|8|8|8|3|8|8|8|8|8|8|8|3
58748,9,True,7,14,7,9|7|7|7|7|5|7|7|7|7|7|7|5|7|7
58749,4,False,4,5,4,4|9|4|4|4|4|9|6|4|4|4|3|4|4|9
58770,4,False,4,8,4,6|4|6|9|4|2|0|0|4|4|4|2|4|4|9
58776,7,True,8,15,8,8|8|8|8|1|8|8|8|8|8|8|8|8|8|8
58778,2,False,2,7,2,2|0|2|2|0|0|2|2|2|2|0|3|8|8|2
58781,2,False,2,9,2,2|3|2|3|2|0|7|2|6|2|0|3|0|2|5
58798,2,True,3,14,3,3|3|6|4|3|2|4|6|3|1|4|3|6|4|3
58812,5,True,9,0,5,5|5|5|5|5|5|5|5|5|5|5|5|5|5|5
58823,6,False,6,3,6,0|4|4|6|6|6|6|6|6|6|6|6|6|6|6
58830,9,False,9,14,5,5|5|5|5|5|5|5|5|5|5|5|5|5|9|5
58872,7,True,1,15,1,1|1|1|1|1|1|0|1|1|1|1|1|1|1|1
58879,2,True,3,11,3,3|3|3|3|3|2|2|3|3|3|3|3|2|2|3
58880,2,True,7,15,7,7|7|7|7|7|7|7|7|7|7|7|7|7|7|7
58895,2,True,7,15,7,7|7|7|7|7|9|7|7|9|7|7|7|7|7|7
58903,5,True,9,0,5,5|5|5|5|5|5|5|5|5|5|5|5|5|5|5
58919,3,False,3,12,6,6|5|3|6|6|0|3|6|6|2|3|4|4|8|1
58920,1,False,1,13,4,2|4|6|4|0|4|0|4|4|2|1|1|7|4|4
58922,3,False,3,2,3,3|3|3|3|3|1|3|3|3|3|3|3|3|5|3
58933,4,True,6,11,4,4|3|8|6|0|4|6|8|3|3|8|6|4|4|0
58954,7,False,7,3,7,7|7|7|7|7|7|9|7|7|7|7|7|7|9|9
58968,8,False,8,0,8,8|8|8|8|8|8|8|8|8|8|8|8|8|8|8
58973,0,True,2,13,8,8|0|8|8|3|4|0|1|1|2|6|6|4|4|8
59000,3,True,8,10,8,3|8|8|3|8|0|3|3|8|1|8|3|8|8|8
59005,9,True,4,11,4,4|9|9|4|4|4|4|4|4|4|4|4|4|9|9
59006,7,True,1,15,1,1|1|3|1|1|0|1|3|0|1|1|1|1|1|1
59011,1,True,8,15,8,8|8|8|8|8|8|8|8|8|8|8|8|8|8|8
59021,9,True,4,12,4,0|9|9|4|4|4|8|9|4|4|4|4|4|8|4
59023,7,False,7,4,7,7|7|7|9|7|9|9|9|7|7|7|7|7|7|7
59026,5,True,9,1,5,5|5|5|5|5|5|5|9|5|5|5|5|5|5|5
59033,4,False,4,11,-1,6|9|6|4|2|3|4|6|2|3|4|3|6|4|2
59043,7,False,7,1,7,7|7|7|7|9|7|7|7|7|7|7|7|7|7|7
59050,0,True,1,13,1,1|1|1|1|1|1|0|1|1|1|1|1|0|1|1
59052,7,True,8,14,8,8|8|8|8|8|8|7|8|8|8|8|8|8|8|8
59083,7,True,5,13,5,5|5|5|5|5|5|5|5|5|7|7|5|5|1|5
59084,4,True,6,10,0,6|0|4|4|0|0|0|0|0|1|0|4|6|4|4
59099,2,True,9,15,-1,5|1|5|5|7|7|9|9|5|7|5|7|7|7|5
59102,5,True,9,3,5,5|5|5|5|5|5|5|9|5|5|5|9|5|9|5
59115,5,False,5,6,5,5|5|7|5|5|5|7|3|5|5|7|5|7|7|5
59148,6,False,6,5,6,6|6|6|6|6|6|4|6|6|6|4|4|6|4|4
59180,5,False,5,1,5,5|5|5|5|5|5|5|5|5|5|5|5|5|3|5
59184,9,True,4,12,-1,8|9|8|0|4|4|9|6|0|8|8|4|2|4|9
59298,6,False,6,14,1,1|3|7|1|8|3|1|8|0|1|3|1|6|0|1
59300,9,True,4,8,-1,9|9|9|4|4|3|4|9|9|4|4|9|4|9|4
59317,4,False,4,9,9,9|9|9|9|9|9|9|9|4|4|4|9|4|4|4
59321,1,False,1,3,1,1|1|1|1|1|7|1|1|1|1|1|7|1|7|1
59327,2,True,3,12,3,3|3|3|3|3|2|3|3|2|2|3|3|3|3|3
59351,6,True,0,3,6,6|0|6|6|6|6|0|6|6|6|0|6|6|6|6
59365,3,True,8,12,8,8|8|8|3|3|8|8|8|8|8|8|8|3|8|8
59378,8,False,8,9,-1,1|8|8|1|1|8|7|1|0|1|8|8|7|8|1
59390,2,True,5,15,5,5|3|1|5|1|5|5|1|5|7|5|1|5|5|5
59400,4,True,6,2,4,4|4|2|4|4|4|4|9|4|4|4|4|4|4|4
59424,0,True,1,12,1,1|1|1|1|1|0|0|1|1|1|1|1|0|1|1
59425,2,True,3,13,3,3|3|3|4|4|3|2|6|3|3|3|0|2|3|3
59431,3,True,5,12,5,5|5|5|5|5|3|5|5|5|5|5|3|5|3|5
59446,3,True,5,13,5,5|3|3|5|5|5|5|1|5|2|5|2|2|2|5
59460,9,True,4,12,2,2|4|4|2|2|0|2|9|2|2|0|4|0|9|9
59473,4,False,4,9,9,9|9|9|2|8|4|9|9|4|9|4|9|4|4|4
59478,3,True,8,15,8,8|8|8|8|8|8|8|8|8|4|8|8|8|8|8
59487,5,True,9,13,9,9|9|7|5|9|9|9|9|5|8|7|7|9|9|9
59489,1,False,1,13,3,0|3|1|6|3|0|3|0|1|3|6|3|3|6|0
59498,3,True,8,13,8,8|8|8|8|8|8|3|8|8|8|8|8|8|8|3
59502,2,True,3,15,6,3|6|6|6|3|0|6|3|4|6|3|3|6|6|0
59528,1,False,1,0,1,1|1|1|1|1|1|1|1|1|1|1|1|1|1|1
59553,3,True,8,12,8,8|8|8|3|8|0|3|8|8|8|8|8|3|8|8
59561,9,True,7,14,7,7|3|7|7|1|2|9|7|2|7|7|7|5|1|5
59565,9,True,4,11,4,9|4|4|4|4|9|9|9|4|4|4|4|4|4|4
59566,4,False,4,4,4,9|4|9|4|4|4|4|9|9|4|4|4|4|4|4
59575,3,True,4,15,0,2|0|4|4|8|0|0|0|0|2|0|2|4|2|4
59602,6,True,0,4,6,6|6|6|6|6|6|4|6|6|6|4|6|6|4|4
59616,8,False,8,13,3,7|1|7|5|5|3|2|8|0|2|8|1|3|3|9
59617,9,True,4,8,4,9|9|9|9|9|4|4|9|4|4|4|9|4|4|4
59620,9,True,4,6,9,9|9|9|9|4|9|4|9|4|4|9|9|4|9|4
59673,6,True,3,15,3,3|3|2|3|3|2|3|3|3|3|3|3|2|2|3
59677,8,False,8,0,8,8|8|8|8|8|8|8|8|8|8|8|8|8|8|8
59686,0,True,1,15,1,1|1|1|1|1|1|1|1|1|1|1|1|1|1|1
59693,6,False,6,2,6,6|6|6|6|6|6|6|6|6|6|6|6|6|4|4
59748,8,False,8,2,8,8|8|8|8|3|8|8|8|8|8|8|8|3|8|8
59791,7,False,7,9,-1,9|5|7|7|7|5|7|9|5|5|7|5|7|9|5
59798,3,True,8,13,8,8|8|8|8|8|8|8|8|8|3|8|3|8|8|8
59801,6,False,6,15,4,4|0|4|4|0|4|0|0|4|4|4|4|4|4|0
59807,7,True,8,13,8,8|8|8|8|8|8|8|7|8|8|8|8|8|8|7
59811,5,True,9,4,5,5|5|5|5|8|9|5|5|5|2|5|5|5|9|5
59814,6,True,7,15,5,5|5|7|7|5|5|2|9|9|7|5|1|7|1|9
59830,8,False,8,0,8,8|8|8|8|8|8|8|8|8|8|8|8|8|8|8
59832,7,True,1,15,1,1|1|1|1|1|0|0|1|1|1|1|1|0|1|1
59834,4,True,7,15,7,7|7|7|7|7|7|7|7|7|7|7|7|7|7|7
59837,9,True,7,14,7,7|7|7|7|7|7|9|5|7|7|7|5|7|7|7
59843,5,True,9,0,5,5|5|5|5|5|5|5|5|5|5|5|5|5|5|5
59880,8,True,6,15,4,4|9|2|2|9|4|9|4|4|4|0|2|4|4|0
59891,9,False,9,4,9,9|9|9|9|7|2|9|9|2|2|9|9|9|9|9
59916,9,True,4,11,4,9|9|4|4|9|4|4|4|4|4|4|9|4|4|4
59917,6,True,2,14,-1,9|3|9|6|3|2|3|4|3|4|4|3|2|4|4
59922,0,False,0,13,6,6|0|6|6|6|6|4|6|6|0|6|6|6|6|6
59927,1,True,5,7,1,5|1|5|1|7|5|5|1|5|1|1|1|5|1|1
59933,0,False,0,10,6,6|0|6|6|0|0|0|6|6|6|0|6|6|6|6
59937,2,False,2,12,3,6|8|6|3|2|2|3|3|3|2|1|3|0|4|3
59953,3,True,2,8,3,8|3|6|2|8|3|3|8|3|2|8|3|5|3|3
59991,0,True,1,12,1,1|1|1|1|1|0|0|1|1|1|1|1|0|1|1
