index,noisy_label,is_noisy,real_label,mistakes,label_pred,preds
11,9,False,9,2,9,9|9|9|9|9|9|9|9|9|9|9|9|1|1|9
24,8,True,4,6,8,2|2|8|4|8|8|2|8|8|8|8|8|4|4|8
29,8,True,4,2,8,8|8|4|8|8|8|8|8|8|8|8|8|4|8|8
33,6,False,6,1,6,6|6|6|6|2|6|6|6|6|6|6|6|6|6|6
40,4,True,6,6,4,4|6|4|6|2|4|4|4|6|6|6|4|4|4|4
43,2,True,5,14,5,2|5|5|5|5|5|7|5|5|5|5|5|5|5|5
48,5,True,0,15,0,0|0|0|0|0|0|0|0|0|0|0|4|0|0|4
74,2,True,1,4,2,2|2|2|2|2|1|2|2|2|1|2|2|1|1|2
83,1,True,7,14,7,7|7|7|7|7|1|7|7|7|7|7|7|7|7|7
106,2,True,1,2,2,2|2|2|2|2|2|2|2|2|2|2|2|1|1|2
136,1,True,9,15,9,9|9|9|9|9|9|9|9|9|9|9|9|9|9|9
151,2,True,1,10,1,1|2|2|2|1|1|1|1|1|1|1|2|1|1|2
159,2,False,2,7,2,2|2|2|2|2|1|2|4|1|4|8|2|1|1|2
198,1,True,9,15,9,9|9|6|9|9|7|9|9|7|7|9|9|5|9|5
203,4,True,6,12,6,4|6|6|6|2|6|6|6|6|6|3|6|4|6|4
225,4,True,0,12,0,0|0|4|0|0|0|0|0|0|4|0|0|0|4|0
244,2,True,5,15,7,7|7|7|7|7|5|7|5|5|7|5|5|7|7|5
257,2,True,5,14,5,5|5|5|5|5|5|5|5|2|5|5|5|5|5|5
265,8,False,8,14,0,0|0|0|0|0|0|0|0|8|0|0|0|0|0|0
300,5,False,5,3,5,7|5|5|2|5|5|5|5|5|5|5|5|5|7|5
303,5,False,5,7,5,0|7|7|5|7|5|7|5|5|7|5|5|5|5|7
304,9,True,0,15,0,0|0|0|0|0|0|0|5|5|0|0|5|0|0|0
306,6,False,6,9,4,6|4|6|6|4|4|6|6|4|6|4|4|4|4|4
321,1,True,0,15,0,0|0|0|0|0|0|0|0|0|0|0|0|3|0|0
346,4,True,6,13,-1,0|0|4|0|5|6|5|5|6|6|5|6|4|1|8
351,1,True,3,15,3,3|3|3|3|3|3|3|3|3|3|3|3|3|3|3
371,5,False,5,6,5,5|9|5|9|5|5|5|5|5|7|5|9|5|2|2
372,8,False,8,10,8,9|8|6|9|8|6|6|8|8|4|8|0|4|9|3
377,4,True,0,7,4,4|3|4|0|0|4|1|6|8|4|4|4|4|4|0
384,2,True,5,14,5,5|2|5|5|5|5|9|5|5|5|5|5|5|5|5
402,4,True,6,15,-1,0|2|6|0|2|0|0|3|5|6|3|3|6|3|2
432,2,True,1,1,2,2|2|2|2|2|2|2|2|2|2|2|2|1|2|2
434,1,True,9,15,9,9|9|9|9|9|9|9|9|9|9|9|9|9|9|9
460,2,True,1,2,2,2|2|2|2|2|1|2|2|2|2|2|2|1|2|2
487,7,True,8,11,5,7|0|5|7|5|5|7|5|6|5|5|2|0|7|8
518,3,True,7,8,7,7|3|3|7|7|3|7|7|7|7|7|3|3|3|3
525,2,True,1,1,2,2|2|2|2|2|2|2|2|2|2|1|2|2|2|2
530,0,False,0,14,4,4|4|6|0|3|6|4|4|4|4|6|4|4|4|4
538,5,False,5,5,5,5|7|5|6|7|5|5|5|5|7|7|5|5|5|5
541,8,True,4,1,8,8|8|8|8|8|8|8|8|8|8|8|8|4|8|8
557,8,True,4,5,8,8|4|8|8|8|8|4|8|8|4|8|8|4|4|8
576,7,True,5,8,5,7|7|5|5|7|5|7|7|5|7|7|5|5|5|5
583,1,False,1,14,2,2|2|2|2|2|2|2|2|2|2|2|2|1|2|2
587,8,False,8,14,2,2|8|5|2|2|7|7|5|7|0|2|2|2|7|5
627,1,True,7,15,7,7|5|7|7|7|7|7|7|5|7|7|7|7|7|7
640,0,False,0,10,5,0|0|5|0|0|5|6|5|8|4|5|0|5|1|5
654,6,True,8,12,0,6|0|0|0|8|6|0|0|8|0|8|0|6|8|0
690,7,False,7,0,7,7|7|7|7|7|7|7|7|7|7|7|7|7|7|7
691,2,True,5,15,5,5|5|5|5|5|5|5|5|5|5|5|5|5|5|5
703,1,False,1,14,2,2|2|2|2|2|2|2|2|2|2|2|2|1|2|2
723,2,True,1,2,2,2|2|2|2|2|2|1|2|2|2|2|2|1|2|2
734,1,True,5,15,5,5|5|5|3|5|5|3|5|3|5|5|3|5|5|3
786,4,True,6,13,6,6|8|4|6|6|4|8|6|8|6|6|6|6|6|8
790,4,True,6,14,6,6|6|6|0|3|0|9|6|6|6|6|6|4|6|6
797,4,True,6,8,4,4|0|6|6|6|6|4|5|4|4|6|4|6|4|4
807,6,True,9,14,9,9|9|9|9|9|6|9|5|9|9|9|9|9|9|9
824,3,False,3,2,3,3|3|3|3|3|3|1|1|3|3|3|3|3|3|3
863,1,True,3,13,8,8|8|1|3|8|8|8|8|8|3|8|8|4|1|8
865,2,True,1,11,1,2|8|2|0|1|1|1|2|1|2|1|1|4|1|7
883,1,True,2,14,4,4|2|0|2|8|3|1|4|4|4|8|4|4|4|2
926,7,False,7,4,7,7|7|7|7|7|5|7|5|7|7|7|9|7|7|6
951,3,False,3,8,3,3|8|1|8|8|8|3|4|1|3|3|3|1|3|3
966,8,True,4,1,8,8|8|8|8|8|8|8|8|8|8|8|8|4|8|8
967,4,True,0,13,0,0|0|5|0|0|4|0|5|0|4|0|0|0|0|5
985,1,True,2,12,2,2|2|2|4|2|1|1|4|2|6|2|2|2|1|2
988,5,True,0,8,5,0|5|5|5|0|4|5|0|0|4|5|5|5|0|0
990,9,False,9,1,9,9|9|9|9|9|9|9|9|9|9|9|9|1|9|9
994,2,True,5,14,5,5|5|5|5|5|5|2|5|5|5|5|1|5|7|5
1008,1,True,9,14,9,6|9|1|9|9|5|9|9|9|9|6|9|9|9|7
1016,1,False,1,10,2,2|2|2|2|2|2|1|2|1|2|2|1|1|2|1
1024,1,False,1,12,2,2|2|2|2|2|1|1|2|2|2|2|2|1|2|2
1027,8,True,4,7,8,8|8|4|8|8|4|8|6|8|4|8|8|4|4|4
1028,9,False,9,0,9,9|9|9|9|9|9|9|9|9|9|9|9|9|9|9
1033,8,False,8,14,3,3|2|3|0|3|7|0|0|5|3|8|7|3|7|0
1034,9,False,9,1,9,9|9|9|9|9|9|9|9|9|9|9|9|9|9|7
1062,1,True,9,14,9,9|9|9|9|9|9|9|9|9|9|9|9|9|9|1
1079,6,True,9,8,6,9|9|6|9|9|6|9|6|6|9|7|6|6|6|7
1088,1,True,9,15,9,9|9|9|9|9|9|9|9|9|9|9|9|9|9|3
1089,9,False,9,1,9,9|9|9|9|9|6|9|9|9|9|9|9|9|9|9
1092,1,True,6,14,6,4|6|6|0|8|6|1|6|8|4|6|4|4|4|6
1107,4,True,2,12,2,2|2|2|4|2|4|1|2|2|4|2|2|2|1|2
1119,4,True,6,14,0,0|0|0|0|0|0|0|0|5|4|0|0|0|0|0
1139,1,False,1,12,2,2|2|2|2|2|2|1|2|2|2|2|2|1|1|2
1140,4,False,4,11,8,8|8|8|8|8|8|4|8|8|3|8|4|4|8|4
1179,1,True,7,15,7,7|7|7|7|7|7|7|7|7|7|7|7|7|7|7
1197,2,False,2,11,4,4|2|2|4|6|4|2|4|2|6|8|0|6|4|0
1205,1,True,9,14,9,9|9|9|9|9|9|9|9|1|9|9|9|9|9|9
1233,2,True,6,11,6,6|2|2|6|0|8|2|0|6|6|8|6|6|6|2
1236,4,True,6,13,6,6|6|6|6|6|6|6|6|6|6|4|6|6|4|6
1252,1,True,2,14,4,2|2|8|7|8|2|2|4|1|8|8|4|4|4|4
1253,4,True,6,15,6,6|0|6|8|2|6|0|6|3|6|0|6|6|6|6
1255,1,True,9,14,9,9|9|9|9|9|9|9|9|9|9|9|1|9|9|9
1269,5,False,5,5,5,5|5|5|5|7|5|5|7|5|7|5|7|5|7|5
1294,9,False,9,0,9,9|9|9|9|9|9|9|9|9|9|9|9|9|9|9
1312,8,True,4,3,8,8|8|8|8|8|8|0|8|8|8|8|8|4|4|8
1341,9,False,9,2,9,9|9|9|9|9|9|9|9|9|9|9|1|1|9|9
1350,3,True,6,13,0,0|0|6|0|3|3|0|6|5|0|5|5|5|0|5
1356,1,True,3,13,3,3|3|3|3|3|3|3|3|1|3|3|1|3|3|3
1357,0,True,8,10,8,8|8|0|0|8|6|8|5|8|0|0|8|3|6|0
1360,4,True,8,14,0,0|3|0|8|3|6|8|5|8|0|8|0|4|7|0
1362,7,True,5,9,7,1|7|7|5|5|7|5|5|9|7|7|7|0|2|5
1369,1,True,3,15,8,8|8|8|8|8|8|8|8|8|8|8|8|4|8|8
1379,2,False,2,11,-1,3|2|7|0|2|6|0|6|3|2|3|5|2|3|5
1383,3,True,7,6,3,3|7|3|7|3|3|7|3|7|7|3|7|3|3|3
1412,1,False,1,14,2,2|2|2|2|2|2|2|2|2|2|2|2|1|2|2
1419,6,False,6,13,4,4|4|4|6|8|8|4|8|8|4|4|4|4|4|6
1425,4,False,4,4,4,4|8|4|4|8|4|8|4|4|4|2|4|4|4|4
1437,3,True,7,15,7,7|7|7|7|7|7|7|7|7|7|7|7|7|7|7
1438,6,False,6,13,0,4|3|6|0|0|0|6|0|3|4|0|0|0|0|4
1470,4,False,4,13,8,8|2|8|8|8|4|8|4|8|6|8|8|6|8|8
1533,1,True,2,14,4,6|2|2|7|8|4|4|4|2|4|8|4|1|4|6
1554,1,False,1,11,-1,3|2|2|2|2|3|1|4|0|0|6|3|1|1|1
1557,3,False,3,8,3,3|8|2|1|3|3|8|6|3|3|3|0|1|1|3
1573,9,False,9,0,9,9|9|9|9|9|9|9|9|9|9|9|9|9|9|9
1615,6,True,2,7,6,8|8|0|8|8|7|6|6|0|6|6|6|6|6|6
1627,3,True,7,14,7,7|7|7|7|7|3|7|7|7|7|7|7|7|7|7
1632,7,False,7,4,7,7|7|7|7|7|5|7|5|7|5|5|7|7|7|7
1655,8,True,4,11,4,4|8|8|1|8|4|0|4|8|4|4|4|4|4|4
1656,1,False,1,12,2,2|2|2|2|2|2|2|2|1|2|2|1|1|2|2
1669,8,False,8,14,7,3|7|3|2|2|8|9|6|7|2|7|7|1|5|7
1671,2,True,5,13,5,5|5|5|7|5|5|2|5|2|5|5|5|5|5|5
1687,5,True,6,15,3,6|0|2|3|3|8|8|2|6|4|0|4|3|3|6
1709,8,False,8,11,8,0|8|8|3|8|7|5|5|6|6|3|8|9|9|5
1721,2,False,2,13,6,6|6|2|8|2|8|8|4|4|6|4|6|4|3|6
1732,2,True,6,14,4,6|4|6|4|6|4|4|6|2|6|4|4|6|4|4
1811,7,False,7,13,5,6|5|5|6|5|6|5|5|5|7|5|5|5|7|5
1820,6,True,2,10,6,0|3|2|7|3|6|7|6|9|2|7|6|6|6|3
1842,9,False,9,3,9,9|9|9|9|9|9|9|9|1|9|9|9|1|9|3
1846,4,True,0,11,0,0|0|4|0|4|4|0|5|0|0|0|0|4|0|0
1852,9,False,9,3,9,9|9|9|9|9|9|9|6|9|9|9|9|6|9|6
1869,5,True,7,5,5,5|7|5|5|7|5|5|5|5|7|5|9|7|5|5
1872,5,True,7,15,9,9|9|9|6|9|9|9|9|9|9|9|9|7|9|9
1902,3,False,3,6,3,3|3|1|1|3|3|1|1|1|1|3|3|3|3|3
1906,4,False,4,10,8,8|8|8|8|8|4|4|8|8|8|8|4|4|4|8
1917,4,False,4,9,8,8|4|4|8|8|8|8|8|8|4|8|4|4|4|8
1919,1,True,9,15,9,9|9|9|9|9|9|9|9|9|9|9|9|9|9|9
1926,1,True,9,14,9,9|9|9|9|9|9|9|9|9|9|9|9|1|9|9
1929,4,True,0,10,0,4|4|0|0|0|4|0|0|0|4|0|0|0|0|4
1959,6,False,6,4,6,6|6|6|6|2|3|6|6|2|6|6|6|6|4|6
1972,8,False,8,5,8,8|6|6|0|8|8|8|8|8|8|8|8|6|0|8
1974,1,True,3,13,3,3|3|3|3|0|3|3|3|3|1|3|1|3|3|3
1994,2,False,2,13,0,8|0|0|0|2|6|0|6|0|0|0|6|4|2|6
1995,3,True,7,9,7,3|3|7|3|7|7|7|5|3|3|7|7|7|7|3
2007,8,True,4,8,8,8|4|8|4|6|8|8|6|8|4|8|8|4|6|4
2040,6,False,6,11,3,4|6|3|6|3|3|1|6|4|6|3|3|3|2|3
2073,1,True,9,15,9,9|9|9|9|9|9|9|9|9|9|9|9|9|9|9
2100,2,True,1,1,2,2|2|2|2|2|2|2|2|2|2|2|2|1|2|2
2107,9,False,9,2,9,9|9|9|9|9|9|9|9|9|9|6|9|6|9|9
2114,8,False,8,6,8,8|2|8|0|8|8|8|8|8|8|0|8|0|0|2
2116,7,True,2,15,6,6|6|6|0|6|6|8|6|6|6|6|6|6|6|6
2134,7,True,5,10,5,5|5|7|5|5|5|5|5|7|7|5|7|5|7|2
2135,5,False,5,4,5,7|5|7|5|5|5|5|5|5|5|5|7|3|5|5
2164,4,False,4,10,8,8|8|4|8|8|6|8|8|4|8|8|4|4|4|2
2190,5,True,0,14,0,0|0|0|0|0|0|0|5|0|0|0|0|0|0|0
2198,0,False,0,4,0,0|0|0|0|0|4|0|4|8|0|0|0|0|0|5
2244,8,False,8,13,0,0|0|0|0|0|0|0|8|8|0|0|0|0|0|0
2251,1,True,3,13,3,3|3|3|1|3|3|3|3|3|1|3|3|3|3|3
2253,2,True,1,5,2,2|2|2|2|2|1|1|1|2|2|2|2|1|1|2
2265,2,True,1,1,2,2|2|2|2|2|2|2|2|2|2|2|2|1|2|2
2296,2,True,1,1,2,2|2|2|2|2|2|2|2|2|2|2|2|2|1|2
2308,1,True,3,8,3,3|3|1|3|3|3|1|1|3|1|1|1|3|1|3
2310,4,True,0,14,0,5|6|0|0|3|0|0|0|3|4|8|5|1|0|1
2317,7,False,7,6,7,7|7|7|5|0|5|7|5|7|7|7|5|5|7|7
2326,1,True,9,15,9,9|9|9|9|9|5|7|9|9|9|7|9|7|9|9
2335,7,True,5,5,7,7|7|7|5|7|5|7|7|7|7|7|5|5|7|5
2336,1,True,3,7,1,1|3|1|3|3|1|1|1|3|1|3|1|3|1|3
2362,5,False,5,1,5,5|5|5|5|5|5|7|5|5|5|5|5|5|5|5
2365,1,True,9,13,9,9|9|9|9|9|9|9|9|9|9|9|9|1|9|1
2393,8,False,8,6,8,8|0|2|8|0|8|8|0|8|0|8|8|6|8|8
2400,2,True,6,15,6,6|6|6|6|6|6|4|6|6|6|6|6|6|4|6
2411,1,True,9,15,9,9|9|9|9|9|9|9|9|9|9|9|9|9|9|9
2415,3,False,3,9,3,3|3|3|3|5|5|0|8|7|7|3|8|1|3|0
2418,5,True,7,9,7,7|5|7|7|5|5|7|5|7|5|7|7|5|7|7
2428,4,True,0,11,0,0|4|4|0|0|4|5|0|4|0|0|0|6|0|0
2436,2,True,4,14,8,8|2|8|3|8|8|8|4|8|8|6|6|0|4|6
2442,1,True,9,14,9,9|9|9|9|9|9|9|9|9|1|9|9|9|9|9
2454,6,True,2,10,6,2|8|5|6|5|4|8|6|8|6|6|3|2|6|0
2477,5,True,7,12,9,9|9|9|9|5|5|7|9|9|7|9|9|7|7|5
2483,1,True,2,15,-1,2|2|8|2|2|4|4|4|8|8|8|4|6|4|8
2498,2,True,8,12,0,2|8|2|0|0|6|0|0|2|8|8|8|6|0|0
2514,7,False,7,0,7,7|7|7|7|7|7|7|7|7|7|7|7|7|7|7
2532,1,False,1,13,2,2|2|2|2|2|2|2|2|2|2|2|2|1|1|2
2558,4,False,4,14,6,8|6|7|8|8|6|3|6|8|6|3|3|6|4|3
2578,0,True,8,10,8,8|8|8|8|8|8|0|8|8|0|0|7|7|0|0
2579,5,True,6,15,6,8|6|6|2|6|2|8|6|2|6|4|2|4|6|6
2580,1,True,7,15,7,7|7|7|6|7|7|7|7|7|7|7|7|7|7|7
2584,1,True,2,13,4,4|6|8|6|4|5|1|3|2|4|8|4|1|3|6
2607,2,True,1,1,2,2|2|2|2|2|2|2|2|2|2|2|2|1|2|2
2644,4,False,4,7,4,8|8|4|8|8|8|8|4|8|4|4|4|4|4|4
2664,2,True,1,1,2,2|2|2|2|2|2|2|2|2|2|2|2|1|2|2
2697,1,False,1,15,2,2|2|2|2|2|2|2|2|2|2|2|2|2|2|2
2725,8,True,4,4,8,8|8|8|8|8|8|8|8|8|4|8|4|4|4|8
2737,2,True,7,15,7,7|7|7|6|7|7|5|5|7|7|5|7|7|7|5
2742,1,True,9,15,9,9|9|9|9|9|9|9|9|9|9|9|9|9|9|9
2760,6,True,8,12,8,0|8|8|8|8|8|6|8|8|0|8|6|6|0|8
2802,4,False,4,11,8,8|8|4|8|8|8|8|8|8|8|8|4|4|8|4
2830,1,True,2,12,4,2|2|4|4|2|1|2|4|1|4|8|1|4|4|4
2835,3,True,7,13,7,3|7|7|7|7|7|0|7|7|7|7|7|3|7|7
2846,1,True,9,13,9,9|3|5|9|3|3|9|2|5|9|1|0|1|9|3
2856,2,False,2,9,2,2|6|2|0|2|3|2|4|3|2|6|9|3|2|6
2861,1,True,3,13,3,3|3|3|3|3|3|3|3|3|1|3|3|1|3|3
2890,9,False,9,10,6,6|9|6|9|9|6|9|6|7|9|6|6|6|6|6
2895,1,True,7,14,7,7|7|5|7|7|7|7|3|7|7|7|7|3|7|1
2897,6,True,9,11,9,9|9|9|9|9|9|9|6|9|9|9|6|6|9|6
2932,2,True,5,15,5,5|5|5|5|5|5|5|5|5|5|5|5|5|7|5
2964,4,True,6,8,4,4|4|5|8|0|4|3|6|8|4|6|4|1|4|4
2971,8,False,8,12,6,6|6|6|5|6|8|8|6|6|8|6|6|6|6|6
2973,2,True,1,0,2,2|2|2|2|2|2|2|2|2|2|2|2|2|2|2
2975,5,True,0,13,0,9|5|4|9|6|0|0|3|5|0|1|0|1|3|0
2977,4,True,6,13,6,6|6|6|6|2|6|6|6|6|4|6|4|6|6|6
2979,9,False,9,3,9,9|6|9|9|9|9|9|9|9|7|9|9|9|9|6
2982,9,False,9,1,9,9|9|9|9|9|9|9|9|9|5|9|9|9|9|9
2984,9,True,0,15,0,0|0|4|4|3|0|0|0|4|0|0|4|0|0|0
2986,8,False,8,7,8,8|6|6|0|0|8|8|8|8|8|8|8|6|6|6
3049,5,False,5,6,5,5|5|5|7|7|5|7|5|5|7|5|5|5|7|2
3066,2,True,1,3,2,2|2|2|2|2|2|1|2|2|2|3|2|1|2|2
3087,4,True,6,12,0,0|0|8|0|0|0|0|0|4|0|0|6|4|0|4
3149,2,True,5,14,5,1|5|7|5|5|5|7|5|5|5|5|5|5|5|2
3152,7,True,5,5,7,7|5|7|7|7|7|7|5|7|7|5|7|5|7|5
3163,4,False,4,12,8,8|8|8|8|8|8|8|4|8|8|8|8|4|4|8
3169,2,True,1,2,2,2|2|2|2|2|2|2|2|2|2|2|2|1|1|2
3177,3,False,3,3,3,3|3|3|3|3|3|3|1|3|1|3|1|3|3|3
3212,2,True,1,1,2,2|2|2|2|2|2|2|2|2|2|2|2|1|2|2
3232,1,True,9,15,9,9|9|9|9|9|9|9|9|9|9|9|9|9|9|9
3283,8,False,8,10,8,8|2|7|8|8|5|0|6|8|7|0|2|7|0|8
3300,5,False,5,7,5,5|5|5|7|1|5|5|8|5|7|5|7|7|8|5
3314,4,False,4,11,-1,8|6|8|2|6|8|4|6|6|4|4|6|4|8|8
3317,7,False,7,1,7,7|7|7|7|7|7|7|7|7|7|7|7|7|7|1
3338,8,True,4,3,8,8|4|8|8|8|8|8|8|8|8|8|8|4|4|8
3354,1,False,1,13,2,2|2|2|2|2|2|1|2|2|2|2|2|1|2|2
3357,6,False,6,14,4,8|8|8|6|1|4|4|0|4|3|3|3|1|4|1
3392,7,True,5,9,5,5|5|7|5|5|5|7|5|7|7|5|5|5|7|7
3408,2,True,1,1,2,2|2|2|2|2|2|2|2|2|2|2|2|1|2|2
3413,6,False,6,15,0,5|0|0|1|0|1|0|0|0|4|4|4|1|1|0
3417,5,False,5,7,5,9|7|5|7|5|5|7|5|7|2|5|5|5|7|5
3424,2,True,6,15,6,8|6|4|5|8|5|8|6|8|6|6|6|4|4|6
3433,4,False,4,12,3,4|3|8|9|6|4|8|3|8|3|6|3|3|3|4
3440,5,True,0,14,0,4|5|0|0|0|0|0|0|0|0|0|4|0|0|0
3456,4,True,6,12,-1,4|6|6|6|3|4|0|4|3|0|0|3|3|1|0
3458,7,False,7,5,7,7|7|9|8|9|7|7|5|5|7|7|7|7|7|7
3460,9,False,9,1,9,9|9|9|9|9|9|9|9|9|9|9|9|9|9|0
3467,8,False,8,9,0,8|8|7|0|8|0|0|0|8|8|8|0|0|0|0
3475,1,False,1,13,2,2|2|2|2|2|2|1|2|2|2|2|2|1|2|2
3478,9,False,9,0,9,9|9|9|9|9|9|9|9|9|9|9|9|9|9|9
3481,7,False,7,4,7,3|7|7|9|7|7|7|7|7|7|7|7|3|7|3
3494,1,True,7,15,7,7|7|7|7|7|7|7|5|7|7|7|7|7|7|7
3500,7,False,7,2,7,3|7|7|7|7|7|7|7|7|7|7|7|7|7|1
3535,3,False,3,6,3,3|3|3|0|2|0|0|3|3|2|3|3|3|0|3
3587,1,False,1,14,2,2|2|2|2|2|2|2|2|2|2|2|2|1|2|2
3588,8,True,4,13,2,2|3|8|5|2|2|8|2|0|2|4|0|6|0|6
3594,8,False,8,10,8,6|8|8|2|2|8|8|6|8|0|5|5|5|7|5
3597,3,False,3,3,3,3|3|3|3|3|3|1|3|3|1|3|1|3|3|3
3624,8,True,4,12,4,4|2|4|4|8|4|4|1|8|6|8|6|1|4|2
3640,1,True,9,15,9,9|9|9|9|9|9|9|9|9|9|9|9|9|9|9
3651,4,True,7,15,7,7|9|6|6|7|5|5|6|7|6|7|7|5|7|7
3701,1,False,1,13,2,2|2|2|2|2|2|1|2|2|2|2|2|2|1|2
3713,5,True,7,15,7,7|7|7|7|7|7|7|7|7|7|7|7|7|7|7
3728,6,False,6,8,6,4|6|6|6|6|1|6|6|4|4|6|4|1|4|3
3760,6,True,9,8,9,6|9|9|9|9|6|6|6|9|9|6|9|6|9|6
3772,8,False,8,7,8,6|8|6|8|8|8|8|0|8|8|0|0|0|6|8
3781,8,False,8,9,0,8|0|0|0|8|0|0|0|8|0|8|8|6|0|8
3794,2,True,5,14,5,5|2|5|5|5|5|5|5|5|7|5|5|5|5|3
3797,2,False,2,8,2,6|2|6|2|2|2|2|6|2|6|0|6|6|4|2
3808,4,True,6,12,6,6|6|6|4|6|4|6|6|6|6|6|6|4|6|6
3815,5,True,0,14,0,0|0|0|0|0|0|0|0|0|0|0|0|5|0|0
3844,2,True,1,5,2,2|2|2|2|2|2|1|4|8|2|2|1|1|2|2
3850,6,True,8,11,-1,6|7|7|5|8|7|6|5|8|7|0|6|6|8|5
3863,8,False,8,8,8,8|8|0|8|8|8|0|0|8|0|2|0|5|8|0
3865,0,False,0,7,0,4|0|4|0|4|4|0|0|0|4|0|0|4|4|0
3890,2,True,1,4,2,2|2|2|2|2|8|2|2|1|2|2|2|1|1|2
3891,2,True,1,0,2,2|2|2|2|2|2|2|2|2|2|2|2|2|2|2
3905,2,True,1,6,2,2|2|2|2|2|2|1|2|1|2|2|1|1|1|1
3915,0,False,0,7,0,6|0|4|0|0|0|0|0|5|4|5|0|5|4|0
3957,7,True,5,6,7,5|5|7|7|7|7|5|7|7|7|5|7|7|5|5
3966,5,True,0,15,0,0|0|0|0|0|0|0|0|0|4|0|0|3|0|0
3985,5,False,5,7,5,7|5|5|5|5|5|7|7|5|7|5|7|7|7|5
3997,6,True,9,8,6,6|7|6|6|9|7|5|6|6|7|6|9|5|7|6
4077,7,False,7,1,7,7|7|7|7|7|7|7|7|7|7|7|7|3|7|7
4092,3,False,3,0,3,3|3|3|3|3|3|3|3|3|3|3|3|3|3|3
4106,2,True,1,2,2,2|2|2|2|2|1|1|2|2|2|2|2|2|2|2
4112,1,True,7,15,7,7|7|7|7|7|7|7|7|7|7|7|7|7|7|7
4118,3,False,3,10,-1,1|3|2|2|2|1|1|4|3|8|3|1|3|1|3
4124,1,False,1,12,2,2|2|2|2|2|2|1|2|2|2|2|2|1|1|2
4126,1,True,7,15,7,7|7|7|7|7|7|7|7|7|7|7|7|7|5|7
4131,1,True,6,15,8,8|4|8|8|8|4|8|6|8|8|8|4|4|8|4
4139,6,True,8,11,8,8|6|8|8|8|8|8|6|8|6|8|0|6|8|8
4142,1,True,7,15,7,7|7|7|7|7|3|7|7|7|3|7|7|3|7|7
4144,1,True,3,12,3,3|3|3|3|0|3|1|3|3|1|3|1|3|3|3
4164,2,True,8,14,0,4|0|6|0|6|5|0|8|0|6|0|0|6|2|0
4189,8,True,4,4,8,4|8|8|8|8|4|8|8|4|8|8|8|1|8|8
4193,5,False,5,2,5,5|2|5|5|5|5|5|5|5|7|5|5|5|5|5
4217,7,False,7,1,7,7|7|7|7|7|3|7|7|7|7|7|7|7|7|7
4273,7,False,7,1,7,7|7|7|3|7|7|7|7|7|7|7|7|7|7|7
4281,9,False,9,0,9,9|9|9|9|9|9|9|9|9|9|9|9|9|9|9
4282,7,True,5,8,-1,7|5|7|5|7|5|7|7|5|5|5|5|7|7|2
4313,0,True,8,2,0,8|0|0|0|0|0|0|0|8|0|0|0|0|0|0
4315,7,True,5,5,7,7|7|7|6|7|5|7|5|7|7|5|7|5|7|7
4321,6,False,6,15,8,4|8|8|8|8|8|8|4|8|4|8|4|4|8|8
4346,3,True,7,10,5,3|5|5|7|5|3|1|5|7|5|5|5|3|3|3
4360,1,True,6,13,8,1|6|8|1|2|6|8|0|0|6|8|8|4|0|2
4371,6,True,9,14,9,9|9|9|9|9|9|9|9|9|7|9|9|9|9|6
4373,6,True,9,10,9,6|6|9|9|9|6|9|6|9|9|9|9|9|9|6
4380,5,True,0,14,0,4|8|0|0|8|4|0|5|8|0|0|3|0|0|0
4384,8,True,4,8,8,4|2|8|4|8|8|6|6|8|4|8|8|4|4|8
4392,2,True,1,1,2,2|2|2|2|2|2|2|2|2|2|2|2|1|2|2
4395,1,True,7,15,7,3|3|7|7|7|3|7|7|7|7|7|7|7|7|7
4420,4,False,4,14,8,8|8|8|8|8|8|8|8|8|8|8|8|4|8|8
4442,1,True,9,15,9,9|9|9|9|9|9|9|9|9|9|9|9|9|9|9
4444,1,True,3,9,3,3|3|3|1|3|3|1|3|1|1|3|1|1|3|3
4456,1,True,2,15,8,8|2|8|8|6|3|8|6|2|6|8|6|4|4|2
4480,2,False,2,7,2,2|2|2|1|2|8|2|4|2|1|1|1|2|1|2
4490,1,True,9,15,9,9|9|9|9|9|9|9|9|9|9|9|9|9|9|9
4516,0,True,8,9,0,6|6|0|0|0|8|8|0|8|8|0|6|6|0|8
4524,6,True,2,14,2,4|2|0|6|2|5|2|8|2|0|8|2|3|3|3
4527,4,False,4,14,8,8|8|8|8|8|8|8|8|8|8|8|8|4|8|8
4530,6,True,8,13,8,8|2|8|8|8|8|0|0|8|6|8|8|6|0|0
4556,2,False,2,11,6,2|6|2|0|6|5|4|5|2|2|6|6|6|4|0
4562,1,True,9,15,9,9|9|9|9|9|9|9|9|9|9|9|6|9|9|9
4578,9,False,9,8,6,6|9|6|9|9|6|6|6|6|9|9|9|6|9|6
4605,9,False,9,0,9,9|9|9|9|9|9|9|9|9|9|9|9|9|9|9
4622,0,True,8,4,0,0|8|0|8|0|0|0|0|8|0|0|0|0|8|0
4637,1,True,3,11,3,3|3|1|1|3|3|7|3|3|1|3|1|3|3|3
4669,2,True,1,3,2,2|2|2|2|1|2|1|2|2|2|2|2|1|2|2
4671,1,True,3,11,3,3|3|3|3|3|1|1|0|3|1|0|3|3|1|3
4708,3,True,7,12,7,7|3|7|7|7|7|7|3|7|7|7|7|7|7|3
4742,1,True,6,13,4,4|4|8|4|3|3|0|3|4|4|4|4|1|1|6
4747,1,True,3,11,3,3|3|3|1|3|3|3|3|1|1|3|1|3|3|3
4757,8,True,4,5,8,8|8|6|8|8|8|4|4|8|8|8|8|6|4|8
4783,0,True,8,0,0,0|0|0|0|0|0|0|0|0|0|0|0|0|0|0
4831,4,True,2,10,6,4|0|2|0|3|6|4|6|4|6|6|6|4|4|6
4838,0,True,8,4,0,0|0|0|8|0|0|0|8|8|8|0|0|0|0|0
4845,3,False,3,4,3,3|3|3|1|3|1|3|3|1|3|3|1|3|3|3
4862,4,True,0,14,5,0|5|0|0|6|5|0|5|5|4|0|5|5|1|5
4867,1,True,3,11,3,3|3|3|3|3|3|1|1|1|3|3|1|3|3|3
4901,7,False,7,4,7,3|7|7|7|3|9|7|7|7|7|7|7|7|7|3
4904,2,True,1,1,2,2|2|2|2|2|2|2|2|2|2|2|2|1|2|2
4952,4,True,6,6,4,4|6|4|0|0|4|8|6|4|4|6|4|4|4|4
4957,0,False,0,10,0,7|0|7|9|0|8|0|5|9|0|0|3|5|7|6
4981,0,True,8,11,8,8|7|8|0|8|8|0|8|8|0|0|7|6|8|8
5045,5,True,0,15,0,0|0|0|0|0|0|0|0|0|0|0|0|0|0|0
5065,2,True,5,15,5,5|7|5|5|7|9|5|5|5|7|6|5|5|5|5
5077,6,False,6,12,0,0|5|4|0|6|6|0|5|4|4|0|0|6|0|4
5090,2,True,1,3,2,2|2|2|2|2|1|2|2|2|2|2|2|1|1|2
5108,3,False,3,12,8,4|8|1|0|3|8|8|2|4|3|8|4|3|1|6
5134,1,True,5,15,7,3|7|7|7|0|7|5|5|5|7|5|7|7|7|9
5180,5,False,5,8,5,3|5|5|0|5|3|5|5|5|3|5|7|3|3|3
5194,0,True,2,9,0,3|0|0|6|5|0|5|5|5|4|0|0|0|6|8
5217,2,True,1,1,2,2|2|2|2|2|2|2|2|2|2|2|2|2|1|2
5266,5,True,0,15,0,0|0|0|0|0|0|0|0|0|0|0|0|0|0|0
5276,1,True,7,15,7,7|7|7|7|7|7|7|7|7|7|7|7|7|7|7
5296,2,True,8,15,8,8|8|6|0|0|8|8|8|8|8|8|6|6|8|8
5298,4,True,0,10,-1,4|6|5|6|0|4|0|4|4|4|6|1|0|0|0
5301,4,True,6,9,6,4|6|2|6|6|4|6|6|6|6|4|4|4|2|4
5316,8,True,4,14,6,6|2|5|6|3|4|6|4|8|1|6|6|3|1|3
5318,6,False,6,11,4,4|6|4|6|4|4|6|4|8|4|6|4|8|4|4
5333,2,True,5,14,5,5|2|5|5|5|5|5|5|5|5|5|5|5|0|5
5346,8,True,4,13,0,2|6|8|4|0|6|8|0|5|0|5|0|6|0|2
5368,2,True,0,15,0,0|0|0|5|0|5|0|5|6|4|0|0|0|0|0
5413,6,True,2,11,8,8|8|8|7|8|8|6|6|8|2|6|6|3|4|0
5448,1,True,3,12,3,3|3|3|1|3|3|3|3|3|1|3|3|1|3|3
5464,2,True,5,12,5,2|5|5|2|5|5|5|5|5|5|5|5|5|5|2
5467,8,True,4,14,3,3|3|8|3|2|6|1|4|2|3|3|0|3|2|3
5480,4,True,0,15,0,0|0|0|0|0|0|0|0|0|0|0|0|0|0|0
5481,2,True,5,15,5,3|5|5|5|5|5|5|5|5|5|5|5|5|5|5
5482,1,True,2,14,4,4|8|4|2|8|1|2|4|8|6|4|4|4|4|2
5527,0,True,8,6,0,8|0|8|0|0|8|0|8|0|0|0|0|6|0|2
5553,4,False,4,13,3,3|5|3|6|6|4|5|6|3|3|8|3|6|4|3
5602,7,False,7,1,7,7|7|7|7|7|7|7|7|7|7|7|7|7|7|3
5619,8,False,8,7,8,8|0|8|7|8|0|8|8|0|8|0|8|6|7|8
5635,1,True,2,15,8,4|8|4|4|8|8|4|6|8|4|8|8|6|4|8
5644,5,True,6,13,-1,6|0|3|6|2|6|3|0|5|4|6|3|5|3|0
5649,6,False,6,14,8,8|8|6|8|8|8|8|8|8|8|4|8|4|8|8
5654,4,True,9,15,9,9|9|9|9|9|9|9|9|9|9|9|9|9|9|9
5672,0,True,2,15,6,4|4|6|4|6|4|8|6|4|6|6|6|6|4|6
5679,4,True,6,9,4,4|6|4|6|4|8|8|8|8|6|4|8|4|4|5
5681,5,False,5,5,5,5|5|5|5|5|5|7|5|5|7|7|9|5|6|5
5683,5,True,0,12,0,0|0|0|0|0|0|5|5|5|4|0|0|0|0|0
5697,8,True,5,15,7,7|5|7|7|5|5|7|5|7|5|5|7|7|7|5
5718,1,True,7,15,7,7|7|7|7|7|7|7|7|7|7|7|7|7|7|7
5767,6,False,6,11,4,4|6|4|6|4|4|6|6|4|4|4|4|4|4|4
5791,6,False,6,13,4,4|4|4|6|5|4|0|4|4|4|0|0|5|6|5
5799,7,True,8,11,-1,8|7|7|8|8|6|8|0|8|0|0|0|0|7|7
5807,2,True,1,0,2,2|2|2|2|2|2|2|2|2|2|2|2|2|2|2
5825,7,False,7,4,7,7|3|7|7|7|7|7|5|7|3|7|7|3|7|7
5827,2,False,2,13,4,4|4|5|0|5|4|5|4|8|4|3|2|4|2|5
5838,4,True,0,15,3,3|3|2|6|3|3|1|3|0|1|1|3|1|7|1
5855,1,True,9,14,9,9|9|9|9|9|9|9|9|9|1|9|9|9|9|9
5875,2,False,2,13,6,4|6|2|2|6|5|4|0|4|6|6|6|6|0|6
5876,4,False,4,10,8,8|4|8|8|6|8|8|6|4|4|4|8|6|8|4
5896,9,False,9,10,6,6|6|6|9|9|9|6|6|6|6|6|9|6|9|6
5933,0,False,0,4,0,0|4|0|6|0|0|0|0|0|4|0|0|4|0|0
5944,2,True,1,2,2,2|2|2|2|2|2|2|2|2|2|2|2|1|1|2
5960,1,True,3,14,3,3|3|3|1|3|3|3|3|3|3|3|3|3|3|3
5986,1,True,9,15,9,9|9|9|9|9|9|9|9|9|9|9|9|9|9|9
6016,1,True,3,14,3,3|3|3|1|3|3|3|3|3|3|3|3|3|3|3
6019,5,False,5,6,5,3|5|5|5|5|5|1|5|5|5|7|3|3|3|5
6025,8,True,4,4,8,8|8|1|8|8|8|8|8|8|4|8|8|4|8|4
6034,3,False,3,2,3,3|3|3|3|3|3|3|3|1|1|3|3|3|3|3
6074,4,True,9,15,9,9|9|6|9|9|9|6|9|9|9|9|9|6|9|6
6090,4,True,6,10,6,4|8|8|4|6|4|8|4|6|6|6|8|6|6|4
6100,0,True,8,5,0,8|0|0|8|8|8|0|0|8|0|0|0|0|0|0
6107,2,True,1,2,2,2|2|2|2|2|1|2|2|2|2|2|2|1|2|2
6119,9,False,9,0,9,9|9|9|9|9|9|9|9|9|9|9|9|9|9|9
6121,8,False,8,11,6,6|6|0|6|8|6|8|8|8|6|6|0|6|6|6
6135,7,False,7,1,7,7|7|7|7|7|7|7|7|7|7|7|7|3|7|7
6160,1,True,9,14,5,7|8|5|5|1|5|7|5|5|7|6|5|5|5|0
6174,1,False,1,10,2,2|2|2|1|2|2|1|2|2|2|1|2|1|1|2
6186,0,False,0,4,0,4|0|4|0|0|4|0|0|4|0|0|0|0|0|0
6192,1,True,2,15,2,4|8|6|4|2|4|8|4|2|2|2|2|2|4|0
6220,8,False,8,7,8,6|6|8|5|2|6|8|8|8|2|8|8|2|8|8
6265,0,True,8,3,0,0|0|8|8|0|8|0|0|0|0|0|0|0|0|0
6282,3,False,3,6,3,3|1|3|1|3|3|1|1|3|3|3|3|1|3|1
6300,8,True,4,2,8,8|8|8|4|8|8|8|8|8|8|8|8|4|8|8
6315,6,True,2,11,4,8|4|4|6|6|4|8|6|4|4|6|4|4|4|4
6317,8,False,8,14,0,0|0|0|2|0|8|0|0|2|0|0|0|0|0|0
6323,2,False,2,12,6,6|2|2|0|6|6|6|6|6|6|6|6|6|0|2
6376,0,False,0,5,0,6|5|0|0|0|0|0|5|5|0|6|0|0|0|0
6380,9,False,9,1,9,9|9|9|9|9|9|9|9|9|9|9|9|9|9|7
6437,6,False,6,7,6,6|6|6|0|6|4|0|6|6|6|6|0|0|4|3
6459,5,False,5,2,5,1|5|5|5|5|5|2|5|5|5|5|5|5|5|5
6464,2,False,2,13,4,4|8|4|4|8|8|4|4|2|4|8|4|4|4|2
6467,0,True,8,3,0,0|0|0|0|8|0|7|0|8|0|0|0|0|0|0
6474,4,True,6,7,4,1|6|4|6|6|6|6|6|4|4|4|4|4|4|4
6508,2,True,6,14,6,4|6|4|6|8|6|2|6|6|4|4|4|6|4|6
6513,1,True,3,11,3,3|3|1|1|3|3|1|4|1|3|3|3|3|3|3
6514,5,False,5,5,5,5|5|5|9|7|5|5|5|7|5|5|5|5|7|2
6536,3,False,3,2,3,3|3|3|3|3|3|3|3|3|1|3|3|3|1|3
6540,7,True,8,14,0,8|8|0|0|0|0|0|0|0|8|0|0|7|0|8
6585,4,True,9,15,9,7|9|6|9|9|7|9|6|9|7|6|5|6|9|9
6600,2,True,1,0,2,2|2|2|2|2|2|2|2|2|2|2|2|2|2|2
6607,1,True,7,13,7,7|7|7|7|7|7|1|7|7|7|7|7|7|7|1
6640,3,False,3,2,3,3|3|3|3|3|0|0|3|3|3|3|3|3|3|3
6683,6,True,8,13,0,6|8|8|8|0|0|8|8|0|0|2|0|6|0|0
6696,8,False,8,6,8,0|8|8|8|8|8|8|8|8|7|0|0|7|7|8
6717,5,True,0,14,6,0|3|2|5|6|6|0|6|0|6|6|6|6|6|6
6722,4,True,2,8,4,4|4|2|2|2|3|2|4|3|4|3|4|0|4|4
6738,7,False,7,2,7,7|7|5|7|7|7|7|5|7|7|7|7|7|7|7
6759,7,True,3,14,3,3|8|2|2|2|3|3|2|5|1|7|3|3|8|3
6771,2,True,5,15,7,5|5|5|5|7|5|7|7|7|7|5|7|7|7|5
6791,3,True,7,15,7,7|7|7|7|7|7|7|7|7|7|7|7|7|7|7
6796,9,False,9,1,9,9|9|9|9|9|9|9|9|9|9|9|1|9|9|9
6869,1,False,1,13,2,2|2|2|2|2|1|2|2|2|2|2|2|2|1|2
6875,7,True,5,7,7,0|7|7|7|7|7|7|5|5|7|5|9|5|7|0
6901,1,True,2,15,3,3|3|2|0|8|6|8|3|3|2|3|3|0|9|3
6902,0,True,8,10,8,8|8|8|6|0|8|8|8|8|0|0|0|0|8|8
6914,7,True,5,7,7,7|7|5|7|7|5|7|5|5|7|5|5|7|7|5
6920,8,False,8,9,-1,8|3|7|8|0|8|0|6|8|0|0|8|0|0|8
6923,1,False,1,14,2,2|2|2|2|2|2|1|2|2|2|2|2|2|2|2
6924,8,True,4,3,8,8|8|8|8|8|8|8|8|8|8|8|8|4|4|4
6930,8,True,4,14,-1,2|2|4|6|2|4|4|4|2|4|8|2|1|4|2
6943,6,False,6,10,4,4|6|4|6|6|4|6|6|4|4|8|4|4|4|8
6972,8,False,8,7,8,8|6|8|8|8|8|0|0|8|6|8|8|0|0|0
6978,1,True,3,14,3,3|3|3|3|3|3|3|3|3|1|3|3|3|3|3
7001,4,True,0,14,3,2|6|6|2|3|6|4|9|3|2|3|6|3|3|0
7014,0,False,0,3,0,0|0|4|0|0|0|0|0|4|4|0|0|0|0|0
7017,4,False,4,6,4,8|4|4|4|8|4|8|4|8|4|8|8|4|4|4
7020,2,True,1,2,2,2|2|2|2|2|2|1|2|2|2|2|2|1|2|2
7021,5,False,5,6,5,7|5|5|5|7|7|5|5|7|7|5|5|5|5|7
7022,0,False,0,3,0,0|5|0|0|0|0|5|0|0|0|0|0|0|0|5
7032,8,True,4,10,8,4|8|8|5|6|8|8|6|4|4|3|8|3|4|6
7064,0,False,0,1,0,0|0|0|0|0|0|5|0|0|0|0|0|0|0|0
7081,2,True,8,15,8,8|7|0|8|7|8|7|8|8|7|8|8|6|8|0
7105,1,True,3,11,3,3|3|3|1|3|3|3|3|3|1|3|1|1|3|3
7107,7,True,5,5,7,7|7|5|7|7|5|5|5|7|7|5|7|7|7|7
7110,9,False,9,0,9,9|9|9|9|9|9|9|9|9|9|9|9|9|9|9
7111,2,True,6,10,6,2|6|6|2|2|6|6|6|2|2|8|6|6|6|6
7190,1,True,6,15,8,8|8|8|8|8|4|8|8|8|8|8|8|4|8|8
7232,4,True,3,14,-1,6|2|8|1|2|6|8|0|8|4|8|2|3|3|2
7261,0,False,0,7,0,0|0|0|0|6|5|0|6|3|0|0|6|4|0|4
7269,1,True,7,15,7,7|7|7|7|7|7|7|7|7|7|7|7|7|7|7
7295,4,True,6,8,4,4|4|6|6|2|4|6|4|6|6|4|6|4|4|2
7303,0,False,0,15,1,1|8|8|1|3|6|1|1|3|4|3|1|1|4|1
7314,5,True,7,12,7,6|7|7|6|7|5|7|5|7|7|7|5|7|7|1
7387,1,True,9,15,9,9|9|9|9|9|9|9|9|9|9|9|9|9|9|9
7411,2,True,6,13,6,2|6|6|6|6|6|6|6|2|6|6|6|6|6|6
7429,3,True,7,15,7,7|7|7|7|7|7|7|7|7|7|7|7|7|7|7
7444,0,False,0,10,0,0|0|0|0|2|3|1|4|5|2|7|5|0|5|8
7485,2,True,1,3,2,2|2|2|2|2|2|1|2|2|2|2|2|1|1|2
7498,9,False,9,1,9,9|9|9|9|9|9|9|9|9|9|9|9|1|9|9
7555,7,False,7,6,7,7|7|7|3|7|3|7|3|7|5|7|7|3|7|3
7580,1,True,9,14,9,9|9|1|9|9|9|9|9|9|9|9|9|9|9|0
7597,2,False,2,11,-1,4|2|5|2|2|5|0|2|5|4|3|0|6|1|5
7603,4,True,6,10,6,4|4|6|6|8|4|6|6|8|4|6|6|8|4|6
7606,5,True,0,14,0,0|0|0|0|0|0|5|0|0|0|0|0|0|0|0
7668,5,False,5,7,5,0|5|7|5|7|5|7|5|7|7|5|5|5|7|5
7697,0,True,8,11,3,7|3|0|3|3|5|0|5|8|0|5|3|3|3|0
7707,4,False,4,7,4,8|4|8|4|8|4|8|8|8|4|8|4|4|4|4
7719,8,False,8,5,8,8|8|7|0|8|8|8|8|6|8|0|8|0|8|8
7741,7,True,8,15,0,0|0|0|0|8|0|0|0|8|0|0|0|0|0|0
7744,4,False,4,13,8,8|8|8|8|8|8|6|8|8|4|8|8|4|8|8
7795,8,True,4,11,4,8|2|4|7|2|4|8|4|8|6|2|4|4|8|4
7812,7,False,7,9,5,7|5|7|7|7|5|5|7|2|5|5|5|7|1|5
7819,2,True,4,12,4,4|4|4|2|2|4|4|6|4|6|8|2|4|4|6
7839,9,False,9,8,6,6|9|6|9|9|6|9|6|9|6|6|9|6|9|6
7889,7,False,7,5,7,7|7|5|5|7|7|5|5|7|7|7|7|5|7|7
7897,1,True,3,11,3,3|3|3|3|3|3|1|3|3|1|3|1|3|1|3
7898,1,True,6,13,4,1|4|0|6|3|4|1|4|4|0|6|4|0|4|4
7906,2,True,6,9,6,6|2|6|6|2|2|2|6|6|2|8|2|6|6|6
7912,2,True,1,1,2,2|2|2|2|2|2|2|2|2|2|2|2|1|2|2
7929,4,True,6,12,0,0|0|4|0|0|4|0|5|0|4|5|0|0|0|0
7944,5,True,0,12,0,0|0|0|0|0|5|0|0|5|0|5|0|0|0|0
7949,5,False,5,7,5,5|7|5|7|2|6|5|5|7|7|5|5|5|1|5
7973,3,False,3,5,3,3|3|0|4|3|3|3|0|3|4|3|3|0|3|3
7989,6,True,5,15,5,7|7|5|5|5|7|5|7|7|9|5|5|5|7|5
7990,8,True,7,15,3,3|3|3|3|3|3|7|3|7|7|3|3|3|7|3
7992,1,True,3,13,3,3|3|3|3|3|3|3|3|3|1|3|3|3|1|3
7996,2,True,5,14,5,2|5|5|5|5|5|5|5|5|7|5|7|5|7|5
8010,6,True,8,15,8,0|3|8|8|8|8|8|0|8|0|0|8|0|0|8
8021,8,True,4,9,4,4|8|6|8|8|4|8|6|8|4|8|4|4|4|4
8022,1,True,3,10,3,1|1|1|3|3|3|1|3|1|3|2|3|3|3|2
8024,6,False,6,12,1,4|0|4|6|3|6|1|3|0|1|1|1|6|4|0
8026,7,False,7,13,6,6|9|6|7|9|6|9|6|5|9|6|6|7|6|6
8032,8,True,4,1,8,8|8|8|8|8|8|8|8|8|8|8|8|4|8|8
8035,6,False,6,11,-1,6|6|4|0|6|4|0|4|4|0|6|1|1|1|0
8046,9,False,9,0,9,9|9|9|9|9|9|9|9|9|9|9|9|9|9|9
8047,1,True,3,14,4,4|0|0|4|6|4|0|4|4|4|1|0|4|4|0
8099,4,True,9,15,9,9|9|9|9|9|6|9|9|9|7|7|5|9|9|9
8115,9,False,9,9,6,6|6|6|9|9|6|6|6|6|9|7|9|9|9|6
8116,8,False,8,15,6,0|6|6|0|6|6|0|6|6|6|0|6|6|6|6
8119,1,True,9,14,9,9|9|9|9|9|9|9|9|1|9|9|9|9|9|9
8144,4,True,6,14,6,6|0|6|0|8|4|0|6|0|6|6|0|6|0|6
8145,8,False,8,14,0,0|0|0|0|0|0|0|0|8|0|0|0|0|0|0
8174,5,False,5,7,5,7|7|5|5|7|7|5|5|5|5|5|7|5|7|7
8175,1,True,3,10,3,3|3|3|3|3|1|1|0|1|1|3|3|3|3|1
8184,5,True,6,15,6,0|6|2|2|6|3|7|0|3|6|6|6|6|6|0
8186,5,True,3,15,3,3|3|3|3|3|3|1|3|3|3|0|7|3|3|3
8203,6,False,6,10,4,6|4|4|6|6|4|4|4|4|6|6|4|4|4|4
8209,6,False,6,13,0,0|8|0|0|0|4|3|6|2|4|7|0|0|4|6
8211,1,True,2,15,8,4|8|4|8|8|8|8|4|8|8|8|4|4|4|8
8225,8,True,4,5,8,8|8|8|4|8|8|8|8|8|4|8|4|4|4|8
8247,8,True,6,14,6,6|6|6|6|3|6|8|6|3|9|3|1|0|6|3
8259,0,False,0,8,0,0|0|2|0|3|0|0|4|0|4|6|4|5|0|4
8304,1,True,9,15,9,9|9|9|9|9|9|9|9|9|9|9|9|9|9|3
8308,3,False,3,6,3,3|3|3|1|2|3|3|7|3|1|3|1|1|3|3
8317,1,True,3,14,3,3|3|3|3|3|3|3|3|1|3|3|3|3|3|3
8319,2,False,2,15,4,4|8|4|4|4|4|8|4|4|4|8|4|4|4|4
8331,1,True,9,15,9,9|9|9|9|9|9|9|9|9|9|9|9|9|9|9
8335,1,True,2,15,4,2|6|2|2|6|4|2|4|4|4|4|4|6|4|4
8356,6,False,6,11,-1,2|2|6|0|3|4|5|0|6|2|0|0|6|6|9
8373,4,True,6,11,6,6|6|6|6|2|4|6|6|6|6|6|6|4|4|4
8379,5,True,0,11,0,0|0|4|6|0|4|5|5|0|0|5|0|5|0|4
8383,2,True,1,6,2,2|2|2|2|1|2|1|1|2|2|1|2|1|1|2
8385,9,False,9,0,9,9|9|9|9|9|9|9|9|9|9|9|9|9|9|9
8388,2,True,8,15,8,8|8|8|8|8|8|8|8|8|8|8|8|6|6|0
8392,7,False,7,5,7,7|7|7|7|7|7|9|9|5|7|7|7|3|7|5
8401,1,True,9,15,9,9|9|9|9|9|9|9|9|9|9|9|9|9|9|9
8450,0,True,3,15,3,3|3|3|3|3|3|3|3|3|3|3|3|3|3|3
8465,3,True,2,12,2,3|2|2|2|6|3|0|0|3|2|8|6|2|6|0
8480,8,True,4,2,8,8|8|8|8|8|8|8|4|8|8|8|8|4|8|8
8485,0,False,0,10,0,2|0|0|5|8|7|0|0|5|0|6|8|7|4|4
8489,1,True,7,15,7,7|7|7|7|7|7|7|7|7|7|7|7|7|7|7
8513,4,False,4,15,3,1|6|8|6|8|3|0|1|8|3|3|3|3|8|3
8515,8,True,4,2,8,8|8|8|8|8|8|8|8|8|4|8|8|4|8|8
8536,2,True,5,15,5,3|5|5|5|5|3|5|5|5|7|5|3|5|7|5
8551,5,False,5,9,3,3|3|5|3|3|3|3|5|3|5|5|5|3|3|5
8555,1,True,7,15,7,7|7|7|7|7|7|7|7|7|7|7|7|7|7|7
8680,4,True,9,15,9,9|9|9|9|9|9|9|9|9|9|9|9|9|9|9
8682,2,True,8,15,8,8|6|8|8|8|8|8|8|8|8|8|8|6|8|8
8684,7,False,7,3,7,7|7|2|7|7|7|7|7|7|7|7|5|7|5|7
8696,7,False,7,5,7,7|3|7|3|7|3|7|7|7|7|7|7|3|7|3
8709,4,True,6,11,6,3|6|6|6|6|6|0|4|4|4|6|3|0|4|6
8711,1,True,3,13,3,3|3|3|3|3|3|1|1|3|3|3|3|3|3|3
8737,3,True,7,15,7,7|7|7|7|7|7|7|5|7|7|7|6|5|7|7
8768,1,True,3,11,3,3|3|3|3|3|3|1|1|3|1|3|1|3|3|3
8793,8,True,4,2,8,8|8|8|8|8|8|8|8|8|8|8|8|4|8|4
8827,1,True,3,15,3,3|3|3|3|3|3|3|3|3|3|3|3|3|3|3
8848,3,True,7,15,7,7|7|7|7|7|7|7|7|7|7|7|7|7|7|1
8898,6,False,6,8,6,6|6|6|3|2|3|2|4|6|6|3|2|6|2|6
8908,4,True,6,5,4,4|4|4|6|8|4|8|4|4|4|8|4|3|4|4
8918,3,False,3,3,3,3|3|3|0|3|3|0|1|3|3|3|3|3|3|3
8922,2,False,2,13,6,8|6|6|6|2|4|8|4|6|2|6|6|6|0|8
8945,4,True,0,14,0,0|0|0|0|0|0|0|0|5|0|0|0|6|0|4
8963,4,True,9,15,9,9|9|9|9|9|9|9|9|9|9|9|9|9|9|9
8967,1,True,3,11,3,3|0|3|1|0|3|3|3|1|1|0|1|3|0|3
8973,6,True,2,12,5,5|0|5|6|3|6|5|5|5|6|0|2|3|2|4
8986,6,True,3,14,3,3|2|3|0|2|3|7|6|7|7|3|7|0|3|3
9015,8,True,4,7,8,8|4|8|8|8|6|4|8|8|4|8|4|6|4|8
9047,0,True,3,15,3,3|3|3|3|3|3|3|3|3|3|3|3|3|1|1
9077,1,True,3,15,3,8|3|6|3|8|3|4|6|6|6|3|8|3|3|3
9100,6,True,8,12,8,6|0|8|6|8|8|8|8|8|7|0|0|6|0|0
9101,3,False,3,9,3,3|3|5|8|5|4|4|4|6|1|0|3|3|3|3
9104,5,False,5,6,5,7|5|5|5|0|5|5|5|5|7|5|7|5|7|6
9125,5,False,5,8,5,9|7|7|5|7|7|1|5|5|7|5|7|5|5|5
9130,1,False,1,13,2,2|2|2|2|2|2|1|2|2|2|2|1|2|2|2
9136,8,True,5,15,5,7|5|5|5|7|7|7|5|7|7|5|5|5|7|5
9138,7,True,5,6,7,7|7|7|6|7|5|5|5|7|6|7|7|5|7|7
9141,4,True,9,15,9,9|9|9|9|9|9|9|9|9|9|9|9|9|9|6
9203,8,False,8,9,8,0|0|8|8|8|5|8|2|8|3|8|0|6|0|0
9212,0,False,0,5,0,4|0|0|0|0|0|0|0|4|4|0|0|0|4|4
9221,0,False,0,7,0,0|0|5|0|0|5|0|5|5|0|0|5|0|1|6
9226,4,True,2,7,4,2|4|2|4|2|4|2|4|2|6|4|4|4|4|2
9228,4,True,9,15,9,9|9|9|9|9|9|9|9|1|9|9|9|9|9|1
9233,5,True,0,13,0,6|0|6|6|8|4|0|0|0|0|8|5|4|6|5
9240,7,False,7,2,7,7|7|7|7|7|7|7|5|5|7|7|7|7|7|7
9272,2,False,2,5,2,3|2|2|2|2|2|2|4|2|4|6|2|4|2|2
9284,1,True,7,15,5,5|5|7|5|5|5|5|7|5|5|3|5|7|7|7
9288,7,False,7,2,7,7|7|7|7|7|7|7|5|7|7|5|7|7|7|7
9290,3,True,5,15,-1,7|9|5|9|7|7|0|5|7|5|7|5|5|7|5
9308,0,False,0,9,5,0|5|0|5|5|5|5|5|5|0|0|5|0|5|0
9312,6,True,8,12,8,8|3|0|8|8|7|8|6|8|7|8|8|6|6|0
9322,2,True,1,2,2,2|2|2|2|2|2|1|2|2|2|2|2|1|2|2
9349,4,True,0,14,0,0|5|0|6|0|0|2|5|8|3|6|5|4|1|0
9350,5,False,5,10,7,7|7|7|7|7|5|6|5|5|7|7|7|5|7|5
9358,0,True,8,7,0,8|0|0|0|8|8|0|0|8|8|0|8|0|7|0
9381,4,False,4,13,8,8|8|8|8|8|8|8|8|8|8|8|8|4|4|8
9398,9,False,9,0,9,9|9|9|9|9|9|9|9|9|9|9|9|9|9|9
9420,4,False,4,13,8,8|8|8|8|8|8|8|8|8|8|8|8|4|8|4
9435,7,True,5,3,7,7|7|5|7|7|7|7|5|7|7|5|7|7|7|7
9440,5,False,5,5,5,1|5|5|5|5|3|9|5|3|5|5|5|5|5|3
9442,1,True,9,15,9,9|9|9|9|9|9|9|9|9|9|9|9|9|9|9
9446,9,False,9,5,9,6|9|9|9|9|6|9|6|9|7|6|9|9|9|9
9472,4,True,6,7,4,6|2|4|6|2|4|4|4|6|4|8|4|6|4|4
9475,5,False,5,8,5,9|5|5|6|5|7|7|5|7|5|5|7|7|7|5
9484,2,False,2,14,4,4|6|6|4|6|6|2|4|6|4|4|4|6|4|4
9492,2,True,1,0,2,2|2|2|2|2|2|2|2|2|2|2|2|2|2|2
9496,7,False,7,4,7,7|7|7|3|7|7|7|3|7|7|7|7|3|7|3
9523,4,True,0,7,4,4|0|6|4|6|4|0|4|0|4|0|4|4|4|0
9576,8,True,5,15,5,5|5|5|5|0|5|7|5|5|5|5|5|5|7|2
9585,2,False,2,9,6,2|6|6|9|2|2|6|6|2|6|2|2|6|6|6
9589,5,True,7,15,6,6|9|7|6|9|6|7|6|6|6|6|9|9|7|6
9590,3,True,7,14,7,9|7|7|3|7|7|7|5|7|7|7|7|7|6|9
9593,8,True,4,5,8,4|8|8|8|8|8|8|8|1|4|8|8|1|4|8
9618,2,True,1,1,2,2|2|2|2|2|2|2|2|2|2|2|2|1|2|2
9630,9,False,9,0,9,9|9|9|9|9|9|9|9|9|9|9|9|9|9|9
9664,2,False,2,9,2,2|6|8|2|2|8|2|4|2|8|8|4|4|4|2
9689,2,True,8,14,0,8|8|8|0|8|0|0|0|8|0|0|0|4|8|2
9698,9,False,9,0,9,9|9|9|9|9|9|9|9|9|9|9|9|9|9|9
9712,2,True,1,6,2,3|2|2|2|2|3|2|1|2|2|2|2|1|1|1
9717,0,True,8,8,0,8|3|6|0|8|8|0|0|8|6|0|0|0|0|5
9719,8,False,8,12,0,8|0|0|0|8|0|0|0|8|6|0|6|6|6|0
9721,1,True,2,15,4,4|8|4|6|8|4|2|4|4|4|8|4|4|4|8
9729,8,True,4,11,4,4|8|2|7|8|4|4|8|6|4|8|4|4|4|2
9743,8,False,8,6,8,8|2|8|6|8|8|6|8|8|6|8|6|6|8|8
9757,5,False,5,0,5,5|5|5|5|5|5|5|5|5|5|5|5|5|5|5
9766,2,True,6,9,2,2|2|4|6|6|8|2|4|2|6|8|2|6|4|2
9769,4,True,0,14,0,0|0|0|0|0|0|0|0|0|4|0|0|0|0|0
9770,7,False,7,9,5,7|5|7|5|5|7|5|5|5|7|5|5|5|7|7
9799,4,True,2,5,4,4|4|4|4|2|4|2|4|2|4|8|4|4|4|2
9805,0,False,0,14,6,4|6|6|4|6|4|8|6|3|4|6|6|3|8|0
9817,2,False,2,14,6,0|0|6|0|2|6|0|6|5|6|0|6|6|6|0
9851,4,True,0,12,0,0|0|8|4|3|0|0|0|4|4|0|0|0|0|3
9853,4,True,6,7,4,4|4|6|4|3|6|1|4|4|4|8|2|6|4|4
9865,5,True,0,11,0,0|0|4|0|5|4|5|0|0|0|0|5|0|0|5
9873,0,False,0,14,6,6|6|6|0|6|4|6|6|4|6|6|4|4|4|6
9878,1,True,3,10,3,3|8|1|1|3|3|1|3|1|3|3|3|1|3|3
9879,0,True,8,2,0,0|0|0|0|0|0|0|0|0|0|0|8|6|0|0
9894,2,False,2,8,2,2|2|1|6|2|8|1|2|1|2|1|2|1|4|2
9898,3,False,3,0,3,3|3|3|3|3|3|3|3|3|3|3|3|3|3|3
9913,2,False,2,12,8,2|8|8|8|8|2|2|4|4|6|8|1|4|4|5
9921,6,True,5,13,5,6|5|7|5|5|7|5|5|5|7|6|7|5|7|5
9926,1,True,3,14,3,3|3|3|3|3|3|3|1|3|3|3|3|3|3|3
9951,3,False,3,4,3,3|3|1|3|3|3|1|3|1|1|3|3|3|3|3
10006,3,True,2,12,6,2|2|2|3|6|3|4|6|2|6|6|6|6|4|3
10014,1,True,9,15,9,9|9|9|9|9|9|9|9|9|9|9|9|9|9|9
10027,0,False,0,6,0,0|0|0|5|5|5|0|5|5|0|0|5|0|0|0
10033,8,False,8,13,0,0|0|0|0|8|0|0|0|8|0|0|0|0|0|0
10040,1,True,9,12,9,9|9|9|9|9|9|9|9|1|9|9|1|1|9|9
10052,8,False,8,14,7,7|2|0|5|1|7|9|5|8|7|5|7|7|5|2
10061,3,False,3,1,3,3|3|3|3|3|3|3|3|3|1|3|3|3|3|3
10091,8,True,4,2,8,8|8|8|8|8|8|8|8|8|8|8|8|4|4|8
10104,8,True,4,10,-1,2|8|8|8|6|4|2|6|8|6|8|4|4|4|4
10108,8,False,8,10,0,8|8|8|0|8|0|0|0|8|0|0|0|0|0|0
10164,5,False,5,8,-1,7|5|2|7|5|5|7|5|5|7|5|7|5|7|7
10167,6,True,8,9,8,8|8|8|6|6|8|8|6|8|8|6|6|6|8|8
10178,6,True,8,12,8,8|2|6|0|8|8|8|6|8|8|0|8|6|8|8
10189,1,True,9,15,9,9|9|9|9|9|9|9|9|9|9|9|9|9|9|9
10192,7,True,3,13,3,2|3|7|3|2|7|1|3|3|3|6|2|5|1|5
10210,6,False,6,8,6,6|2|4|6|2|8|2|8|2|6|6|6|6|4|6
10215,2,False,2,10,2,2|2|4|6|8|1|2|4|1|4|5|1|1|2|2
10228,5,True,3,14,0,3|3|9|6|0|6|5|0|3|3|6|0|1|0|0
10238,4,False,4,15,8,8|8|8|8|8|8|8|6|8|8|8|6|6|1|6
10244,2,False,2,15,8,8|6|8|8|8|8|8|6|8|8|8|6|4|8|4
10245,7,False,7,5,7,7|5|7|7|5|7|5|7|5|7|5|7|7|7|7
10267,8,True,4,13,6,6|6|4|6|2|2|8|4|6|6|8|6|6|6|6
10275,6,True,2,7,6,6|6|4|2|6|4|6|6|6|4|4|2|6|4|6
10279,2,True,8,15,8,8|8|6|0|8|8|0|6|8|8|8|8|6|8|0
10283,3,False,3,1,3,3|3|7|3|3|3|3|3|3|3|3|3|3|3|3
10294,7,True,3,15,2,3|2|2|4|2|4|2|4|2|6|6|4|3|3|3
10298,3,False,3,6,3,3|8|3|1|3|3|3|8|1|0|8|3|3|3|3
10299,0,False,0,12,-1,5|0|5|6|5|3|0|5|3|3|6|1|1|0|3
10306,2,True,6,10,2,3|2|2|3|3|6|2|2|9|4|3|6|6|0|2
10314,0,False,0,4,0,0|0|4|0|0|4|0|5|0|4|0|0|0|0|0
10316,9,False,9,1,9,9|9|9|9|9|9|9|9|1|9|9|9|9|9|9
10331,6,True,9,15,9,9|9|9|9|9|9|9|9|9|9|9|9|9|9|9
10335,2,True,1,1,2,2|2|2|2|2|2|2|2|2|2|2|2|2|1|2
10338,4,True,6,13,6,6|4|6|8|6|4|6|6|6|6|6|6|6|6|6
10340,3,True,2,14,6,6|0|6|6|3|6|0|6|5|6|0|0|5|6|8
10361,4,True,6,11,0,4|0|0|0|0|0|0|0|0|4|0|0|4|4|0
10365,1,True,9,15,9,9|9|9|9|9|9|9|9|9|9|9|9|9|9|9
10370,7,False,7,5,7,7|2|5|7|7|7|1|7|7|7|7|7|5|7|5
10373,2,False,2,12,8,2|8|8|1|8|4|1|4|8|8|8|2|1|4|2
10374,5,False,5,1,5,5|5|5|5|5|5|1|5|5|5|5|5|5|5|5
10394,9,False,9,2,9,9|9|9|9|9|6|9|9|9|9|9|9|9|9|6
10408,6,True,2,7,6,6|6|6|0|6|4|0|2|4|6|6|2|6|4|6
10423,7,True,5,10,5,5|5|7|5|5|5|5|5|5|7|7|7|5|7|5
10454,7,False,7,2,7,7|7|7|5|7|7|7|7|7|7|7|7|7|7|3
10455,5,True,7,10,7,7|7|9|7|5|5|7|5|7|7|7|5|7|7|5
10507,8,True,4,7,8,8|2|8|8|8|4|8|8|8|4|4|4|6|4|8
10538,3,False,3,2,3,3|3|3|9|3|3|3|3|3|1|3|3|3|3|3
10541,9,False,9,14,8,1|8|3|3|1|8|0|6|8|1|8|7|9|4|3
10551,2,True,1,1,2,2|2|2|2|2|2|2|2|2|2|2|2|1|2|2
10559,4,False,4,8,8,8|4|8|8|8|4|8|4|4|4|8|8|4|4|8
10596,5,True,7,13,7,9|9|5|7|9|7|2|7|7|7|7|7|7|7|5
10599,4,True,0,15,0,0|3|6|0|0|0|0|5|0|0|0|0|0|0|0
10600,8,True,4,4,8,8|8|8|8|8|8|8|6|8|8|8|4|4|8|4
10608,1,True,3,15,3,3|3|3|9|3|3|7|3|3|3|3|3|3|3|3
10623,8,True,4,3,8,4|8|8|8|8|8|8|8|4|8|8|8|8|4|8
10624,1,True,7,15,7,7|7|8|7|7|7|7|7|7|7|7|7|7|7|7
10636,4,True,0,13,0,0|0|0|0|3|0|5|5|5|0|0|4|4|0|0
10666,8,True,4,4,8,8|8|4|8|8|8|8|8|8|4|8|8|4|4|8
10678,1,True,7,15,7,7|7|7|7|7|7|7|7|7|7|7|7|7|7|7
10704,1,False,1,9,2,2|2|2|2|2|1|1|2|2|1|1|2|1|1|3
10705,6,False,6,15,3,3|3|1|3|3|8|2|1|1|1|8|1|3|7|3
10725,5,True,0,14,0,0|0|0|0|0|6|0|4|4|4|0|0|4|0|5
10749,4,True,9,15,9,9|9|9|9|9|9|9|9|9|9|9|9|9|9|9
10760,1,True,3,13,3,3|3|3|3|3|3|3|3|3|1|3|3|1|3|3
10765,4,True,0,15,0,6|0|8|0|2|8|0|0|0|8|0|0|6|0|0
10771,6,False,6,15,0,5|0|0|0|3|0|0|0|5|4|0|0|3|0|0
10788,2,True,4,8,2,2|2|2|2|6|3|6|4|2|6|8|2|6|6|2
10799,1,True,3,7,1,3|3|3|3|1|3|1|1|1|1|3|1|1|1|3
10800,3,False,3,4,3,3|3|1|8|3|3|8|3|3|3|3|3|3|3|1
10817,3,False,3,4,3,3|3|1|3|3|3|1|3|1|1|3|3|3|3|3
10821,4,True,9,15,9,9|9|9|9|9|9|9|9|9|9|9|9|9|9|9
10828,7,True,2,15,6,6|2|2|6|0|6|0|0|3|6|6|0|4|6|6
10836,1,True,9,15,9,9|9|9|9|9|9|9|9|9|9|9|9|9|9|9
10854,7,False,7,5,7,7|7|7|7|7|7|8|7|7|7|3|7|3|3|3
10874,5,False,5,5,5,7|5|7|5|7|5|5|5|5|7|5|7|5|5|5
10925,3,True,7,7,3,3|3|3|3|7|7|7|3|3|7|7|7|3|7|3
10940,7,True,3,15,3,3|3|1|3|3|3|3|1|1|3|3|3|3|3|3
11010,2,True,6,15,6,6|6|6|6|6|6|6|6|6|6|6|6|6|4|6
11027,5,True,0,15,6,6|6|0|6|6|6|4|6|4|4|6|6|6|4|6
11032,0,False,0,3,0,4|0|0|0|0|0|0|0|4|0|0|4|0|0|0
11049,2,True,1,3,2,2|2|2|2|2|2|1|2|2|2|2|2|1|1|2
11053,1,False,1,6,1,1|2|2|1|1|1|2|2|2|1|2|1|1|1|1
11077,3,False,3,1,3,3|3|3|3|7|3|3|3|3|3|3|3|3|3|3
11086,4,True,6,11,0,0|4|0|0|4|4|0|5|5|4|0|5|0|0|0
11112,2,False,2,15,8,4|8|8|8|8|8|8|8|8|8|8|4|4|8|8
11114,9,False,9,2,9,9|9|9|9|9|9|9|9|6|9|9|9|9|9|6
11153,1,True,9,15,9,9|9|9|9|9|9|9|9|9|9|9|9|9|9|9
11157,1,True,7,15,7,7|7|7|7|7|7|7|7|7|7|7|7|7|7|7
11161,2,True,1,1,2,2|2|2|2|2|2|2|2|2|2|2|2|1|2|2
11171,3,False,3,3,3,3|3|3|3|1|3|3|0|3|3|3|3|1|3|3
11186,9,False,9,2,9,9|9|9|9|9|9|9|9|9|9|9|9|1|9|1
11187,4,True,0,15,0,0|0|0|0|0|0|0|0|0|0|0|0|0|0|0
11235,9,False,9,4,9,9|7|9|9|9|9|9|9|7|9|7|9|5|9|9
11260,6,False,6,13,4,0|4|4|0|6|4|0|5|4|4|6|0|4|4|5
11265,1,True,6,15,6,6|6|6|6|6|6|0|6|6|4|6|6|4|6|6
11271,2,True,5,15,5,3|5|5|7|7|5|9|5|5|7|5|5|5|7|5
11295,3,True,6,15,6,6|6|6|6|6|6|8|6|6|6|6|6|6|6|6
11322,4,True,9,15,9,9|9|9|9|9|9|9|9|9|9|9|9|0|6|7
11356,4,True,2,8,-1,2|2|4|4|2|4|2|4|0|2|2|2|4|4|4
11409,2,False,2,9,2,3|3|7|2|2|5|8|6|2|0|2|2|0|6|2
11437,5,True,7,13,6,9|9|9|5|6|7|9|5|7|6|6|7|6|7|6
11447,5,True,0,10,0,0|0|4|0|0|4|0|5|5|4|5|0|5|0|5
11451,3,False,3,3,3,3|3|3|3|3|1|3|4|3|1|3|3|3|3|3
11492,2,True,8,14,0,8|2|0|0|0|0|0|0|8|0|0|0|6|0|0
11496,1,True,6,15,6,6|6|6|6|6|3|2|0|3|2|0|3|6|4|6
11506,2,True,8,14,-1,6|2|7|5|6|7|7|6|8|8|0|0|9|8|0
11535,9,True,3,15,3,3|3|3|6|0|3|0|5|3|6|6|0|3|0|0
11546,3,False,3,4,3,3|3|3|1|3|3|1|3|1|3|3|1|3|3|3
11547,3,False,3,9,-1,3|1|8|8|3|3|1|1|1|4|3|1|1|3|3
11553,2,True,1,1,2,2|2|2|2|2|2|1|2|2|2|2|2|2|2|2
11563,2,True,5,15,5,5|7|7|5|8|7|7|5|5|6|5|5|7|7|5
11568,8,True,4,8,-1,8|8|4|8|8|4|8|6|8|4|4|8|4|4|4
11597,1,True,7,15,5,0|7|5|7|5|5|7|5|2|9|5|2|5|5|5
11623,2,True,1,2,2,2|2|2|2|2|2|2|2|2|2|2|2|1|1|2
11624,6,False,6,9,-1,8|6|4|8|6|6|6|4|4|6|8|4|4|4|6
11631,2,True,6,14,4,4|4|4|6|6|4|2|6|4|6|4|4|4|4|4
11639,2,True,8,15,8,8|6|6|6|8|8|0|8|8|8|0|8|6|0|0
11644,2,True,4,9,2,2|2|6|6|2|2|2|4|8|4|6|2|6|3|7
11647,5,False,5,15,9,9|9|9|9|9|9|9|9|9|9|9|9|6|9|3
11701,2,True,1,3,2,2|2|2|2|2|2|1|2|2|2|2|2|1|1|2
11715,1,True,2,14,8,8|8|8|4|6|8|2|4|8|8|8|4|1|4|4
11719,5,True,6,12,0,6|0|4|6|0|4|5|6|4|0|6|0|5|0|5
11720,5,True,7,14,7,7|7|7|7|7|5|7|7|7|7|7|7|7|7|7
11721,0,True,8,2,0,0|0|0|0|0|0|0|0|0|0|0|0|6|8|0
11783,7,True,5,11,5,0|7|3|8|5|5|0|5|5|5|0|7|7|9|7
11785,7,True,8,14,0,0|0|7|8|8|8|0|0|8|0|0|0|0|0|0
11799,0,True,8,8,0,6|0|0|0|8|8|8|0|8|0|8|0|6|0|8
11821,4,True,0,15,0,0|0|0|0|0|0|0|0|0|0|0|0|0|0|0
11835,7,False,7,5,7,5|7|7|7|5|7|7|5|7|7|5|7|5|7|7
11849,9,False,9,1,9,9|9|9|9|9|9|9|9|9|9|9|9|9|9|7
11852,8,True,4,2,8,8|8|8|8|8|8|8|8|8|4|8|8|4|8|8
11897,8,True,6,15,0,0|0|4|0|0|0|0|0|0|4|0|0|4|0|5
11944,3,True,5,10,5,5|3|5|5|5|5|3|5|3|5|5|5|3|3|5
11959,0,True,8,14,8,8|6|8|0|8|8|8|6|8|8|8|8|6|8|8
11992,8,False,8,15,5,5|2|5|7|5|0|0|3|7|5|2|7|5|7|0
12008,8,True,4,11,4,4|4|4|0|6|8|4|8|8|4|4|8|4|4|4
12015,2,False,2,10,6,6|2|6|0|6|4|0|2|2|6|2|4|6|2|6
12021,0,True,8,10,8,8|0|6|0|8|8|8|8|8|0|0|0|6|8|8
12055,2,True,1,0,2,2|2|2|2|2|2|2|2|2|2|2|2|2|2|2
12064,6,False,6,15,5,0|5|5|5|0|4|5|5|5|4|5|5|0|5|5
12071,3,False,3,4,3,3|3|3|0|3|6|3|3|3|4|3|3|0|3|3
12102,4,False,4,13,-1,2|6|8|0|0|4|6|6|5|8|8|6|4|8|2
12106,3,True,7,10,7,3|3|7|3|7|3|7|7|7|7|7|7|7|7|3
12136,5,True,6,14,6,6|6|6|6|2|6|4|6|6|6|6|4|6|4|5
12146,6,True,3,14,3,2|6|3|3|0|3|3|3|3|0|3|3|0|4|0
12164,1,True,2,13,-1,4|6|2|8|2|8|4|4|8|8|1|4|1|3|2
12172,1,False,1,11,2,2|2|2|7|2|1|2|2|1|2|2|2|1|1|2
12237,4,True,0,13,0,0|0|0|6|0|0|0|4|0|0|0|4|6|0|5
12258,8,False,8,11,-1,6|7|8|7|0|5|5|8|8|7|0|8|6|7|0
12267,3,True,5,15,5,5|9|5|9|5|9|5|5|5|7|7|7|5|7|5
12276,3,True,7,15,7,7|7|7|6|9|6|7|9|7|7|6|5|5|7|9
12280,5,False,5,3,5,3|5|5|5|5|5|3|5|5|5|3|5|5|5|5
12281,4,False,4,11,8,8|8|8|4|3|4|8|8|8|4|8|0|4|8|8
12295,3,True,2,5,3,3|3|3|3|2|3|2|2|3|6|3|9|3|3|3
12302,0,True,8,4,0,0|8|0|0|0|0|8|0|8|0|0|0|6|0|0
12316,1,True,7,14,7,7|7|7|7|7|7|7|7|7|7|7|7|7|7|1
12323,3,False,3,2,3,3|3|3|3|3|3|3|3|3|1|3|3|1|3|3
12327,5,False,5,8,7,5|7|5|7|7|7|7|5|5|7|5|7|5|7|5
12330,6,False,6,6,6,6|8|4|6|6|6|5|6|2|6|0|2|6|6|6
12332,1,True,7,15,7,7|7|7|7|7|7|7|7|7|7|7|7|7|7|7
12347,6,True,9,15,9,9|9|9|9|9|9|9|9|9|9|9|9|9|9|9
12357,8,True,4,15,4,4|6|4|6|4|4|4|4|4|4|4|4|4|6|6
12375,7,False,7,6,7,3|7|7|3|7|3|7|7|3|7|7|7|3|7|3
12381,1,True,2,14,8,2|6|8|8|8|4|2|4|8|8|8|2|4|1|2
12391,0,False,0,14,4,4|3|4|4|1|4|0|6|4|4|3|4|3|4|4
12394,9,False,9,0,9,9|9|9|9|9|9|9|9|9|9|9|9|9|9|9
12401,3,True,7,15,7,7|2|7|7|7|7|7|7|5|7|0|7|7|7|7
12443,6,False,6,5,6,6|0|6|0|6|6|8|6|6|4|6|6|6|0|6
12446,1,False,1,13,2,2|2|2|2|2|1|2|2|2|2|2|2|1|2|2
12472,1,False,1,13,2,2|2|2|2|2|2|1|2|2|2|2|2|1|2|2
12496,1,False,1,12,2,2|2|2|2|2|1|2|6|2|1|8|4|6|1|2
12515,9,False,9,3,9,9|9|9|9|9|9|9|9|1|9|9|9|1|9|1
12523,8,False,8,12,0,0|0|0|8|2|0|0|6|0|0|0|0|8|0|8
12532,0,False,0,3,0,0|0|0|0|0|0|0|0|5|1|0|0|0|0|5
12537,3,True,7,12,7,7|3|7|7|7|7|7|7|7|7|7|7|3|7|3
12560,0,False,0,3,0,4|0|0|0|0|0|0|0|4|4|0|0|0|0|0
12576,0,True,8,3,0,0|0|8|0|0|0|0|0|0|0|8|2|0|0|0
12595,8,True,4,12,4,4|4|4|4|8|4|8|8|4|4|6|4|4|4|4
12635,2,False,2,12,6,6|2|2|1|3|4|4|6|6|2|6|6|3|4|5
12637,6,True,2,11,-1,6|2|4|6|2|8|6|6|0|2|2|5|5|4|8
12638,3,False,3,5,3,3|3|1|1|3|3|3|1|1|3|3|1|3|3|3
12683,5,True,0,11,0,0|5|0|0|0|0|0|5|5|0|0|5|0|0|0
12709,4,False,4,13,8,8|8|8|8|8|4|8|8|8|8|8|8|4|8|8
12736,8,True,4,10,4,4|8|4|6|6|4|8|6|6|4|8|8|4|8|4
12740,4,False,4,12,8,8|4|8|8|8|8|8|8|8|8|8|8|4|4|8
12755,2,True,1,1,2,2|2|2|2|2|2|1|2|2|2|2|2|2|2|2
12758,4,False,4,14,-1,1|8|8|3|3|3|1|3|8|1|8|3|4|1|1
12771,0,True,8,7,0,8|6|8|0|8|0|8|0|8|0|0|0|0|0|8
12781,2,False,2,10,4,6|2|4|6|2|4|2|4|4|4|8|2|4|4|2
12808,4,True,6,13,6,6|6|6|6|6|4|6|6|6|6|6|6|6|6|4
12813,1,True,9,15,9,9|9|9|9|9|9|9|9|9|9|9|9|9|9|6
12855,8,True,4,6,8,2|8|8|1|8|8|8|8|8|6|8|2|4|8|6
12865,8,True,4,12,4,4|4|6|1|8|8|6|4|4|4|8|4|0|4|4
12895,8,True,4,5,8,8|4|8|8|2|8|8|8|8|8|8|4|4|4|8
12943,5,True,0,14,0,0|0|0|0|0|0|4|0|5|4|0|0|0|0|0
12952,6,False,6,4,6,4|6|2|6|6|8|6|6|2|6|6|6|6|6|6
12984,1,True,2,14,2,2|2|2|6|2|4|2|4|2|6|6|4|1|4|2
12989,2,True,1,1,2,2|2|2|2|2|2|2|2|2|2|2|2|1|2|2
12992,9,False,9,4,9,9|9|9|9|9|9|9|9|5|5|9|9|5|9|1
12993,4,True,2,10,6,4|6|3|6|6|0|2|6|4|2|6|4|6|4|4
13022,8,False,8,9,-1,0|3|0|0|8|8|0|8|8|6|0|8|6|0|8
13046,7,False,7,0,7,7|7|7|7|7|7|7|7|7|7|7|7|7|7|7
13055,0,False,0,10,0,4|6|6|0|0|6|0|0|5|4|3|4|0|4|6
13092,8,True,6,15,4,6|0|4|4|6|4|0|5|6|4|0|0|6|4|5
13108,5,False,5,1,5,5|5|5|2|5|5|5|5|5|5|5|5|5|5|5
13116,1,True,9,14,9,9|9|9|9|9|9|9|9|7|9|9|9|1|9|9
13139,2,True,1,2,2,2|2|2|2|2|2|2|2|2|2|2|2|1|1|2
13146,0,True,8,4,0,0|0|7|8|0|0|0|0|8|0|0|0|0|7|0
13167,1,True,9,15,9,9|9|9|9|9|9|9|9|9|9|9|9|9|9|9
13195,4,False,4,12,2,2|2|2|4|8|4|3|2|8|0|5|2|2|4|0
13198,1,True,7,15,7,7|7|7|7|7|7|7|7|7|7|7|7|7|7|7
13199,2,True,1,5,2,2|2|2|2|2|2|1|2|2|1|3|2|2|1|3
13203,4,False,4,9,4,2|2|2|4|8|8|4|4|8|4|8|8|1|4|4
13222,1,True,3,13,3,3|3|3|9|3|3|3|1|3|4|3|1|3|3|3
13252,1,True,7,15,7,7|9|7|6|7|7|7|7|7|7|7|9|5|7|5
13275,3,False,3,11,8,8|8|8|7|8|3|8|4|3|3|4|3|4|8|6
13329,7,True,5,6,7,7|7|5|5|7|7|5|5|7|7|5|7|5|7|7
13341,6,True,8,14,0,8|3|0|0|8|7|0|6|8|0|0|5|3|0|5
13345,9,False,9,10,5,5|2|5|9|9|5|9|6|5|5|5|9|5|9|6
13359,0,False,0,15,1,3|3|1|3|1|3|1|3|1|1|1|1|3|1|3
13365,4,True,6,12,8,8|8|8|8|8|8|8|8|8|4|4|8|4|8|8
13412,2,False,2,7,2,2|2|8|2|2|2|6|2|2|4|8|6|4|1|2
13414,2,True,1,1,2,2|2|2|2|2|2|2|2|2|2|2|2|1|2|2
13440,8,True,4,2,8,8|8|8|8|8|8|8|8|8|8|8|8|4|8|3
13447,2,True,5,15,5,5|7|7|5|5|8|5|5|7|7|5|1|5|5|5
13448,0,False,0,3,0,0|0|5|0|0|0|0|5|5|0|0|0|0|0|0
13483,9,False,9,3,9,6|9|9|9|9|9|9|9|9|9|9|9|6|9|6
13518,0,True,8,5,0,0|0|8|0|0|0|8|0|8|0|0|0|4|8|0
13526,0,True,8,10,8,0|8|8|0|8|7|7|8|8|7|0|8|0|8|0
13527,1,True,9,12,9,9|9|9|9|9|9|9|9|1|9|9|1|9|9|1
13557,8,False,8,15,0,0|0|0|0|0|0|0|0|0|0|0|0|0|0|0
13580,9,False,9,4,9,6|9|9|9|9|6|6|9|9|7|9|9|9|9|9
13582,4,True,2,5,4,4|8|4|4|8|4|4|6|8|4|8|4|4|4|4
13591,0,True,8,6,0,0|3|0|3|3|0|8|0|0|0|3|8|0|0|0
13598,3,False,3,11,0,5|3|3|0|3|7|0|3|8|6|0|6|0|0|1
13601,8,True,4,12,6,6|6|2|6|2|8|8|6|8|6|6|6|6|6|6
13602,0,False,0,6,0,0|5|5|0|0|5|0|0|5|0|0|0|5|0|5
13604,6,True,2,5,6,4|6|6|6|6|4|6|6|6|6|4|6|4|4|6
13611,5,False,5,6,5,5|5|5|6|5|7|7|5|7|5|5|5|5|7|7
13655,6,True,2,3,6,6|6|6|6|6|6|6|6|8|4|6|6|6|8|6
13681,1,True,2,15,2,4|2|6|0|2|2|2|4|2|4|8|4|3|2|3
13685,1,False,1,13,2,2|2|2|2|2|2|1|2|2|2|2|2|1|2|2
13706,5,True,0,14,0,0|0|0|0|0|0|0|0|5|0|0|0|0|0|0
13732,7,False,7,0,7,7|7|7|7|7|7|7|7|7|7|7|7|7|7|7
13742,6,False,6,6,6,6|6|8|6|6|6|0|5|6|6|2|5|6|6|0
13752,0,True,8,9,0,0|5|8|0|8|3|8|6|0|0|2|0|6|5|0
13760,6,False,6,7,6,4|6|4|6|6|4|6|6|6|6|6|4|4|4|4
13773,1,False,1,15,2,2|2|2|2|2|2|2|2|2|2|2|2|2|2|2
13777,2,True,6,14,6,6|6|4|0|6|6|6|6|2|4|4|6|6|4|6
13780,1,False,1,9,2,2|2|2|1|1|2|1|1|2|1|2|2|1|2|2
13785,1,True,9,15,9,9|9|9|9|9|9|9|9|9|9|9|9|9|9|9
13789,2,False,2,14,6,6|4|6|6|6|4|2|6|6|6|6|4|6|6|4
13812,1,True,3,14,3,3|3|3|3|3|3|3|3|3|1|3|3|3|3|3
13846,6,True,2,10,-1,8|6|5|6|6|8|8|4|8|6|2|2|4|8|6
13850,5,False,5,2,5,3|5|5|5|5|5|5|5|3|5|5|5|5|5|5
13859,5,False,5,10,7,0|7|7|5|7|7|7|5|7|5|5|7|7|7|5
13870,9,False,9,1,9,9|9|9|9|9|9|9|9|9|9|9|9|9|9|6
13871,6,False,6,11,4,4|2|6|4|6|4|6|4|6|4|4|4|3|4|3
13913,6,True,9,15,9,9|9|9|9|9|9|9|9|9|9|9|9|9|9|9
13922,6,True,9,7,6,6|9|6|9|9|6|9|9|6|9|9|6|6|6|6
13978,1,True,2,15,-1,4|3|2|3|2|6|4|2|6|2|3|4|3|3|2
13987,5,True,6,15,6,0|6|2|6|6|8|2|6|6|6|0|6|6|2|6
13992,0,True,8,10,0,0|8|5|0|8|0|7|5|5|3|7|5|0|0|7
13993,1,True,3,13,3,3|3|3|3|3|3|3|1|3|3|3|1|3|3|3
14030,2,True,6,15,8,8|8|8|4|8|4|8|6|4|4|8|8|4|8|8
14042,5,True,7,8,7,7|5|5|7|5|5|7|5|7|7|5|7|5|7|7
14055,9,True,2,15,6,4|6|6|6|3|6|2|6|3|4|3|4|6|4|6
14066,1,True,7,15,7,7|7|7|3|7|7|7|7|7|7|7|7|3|7|3
14067,6,False,6,12,4,4|4|4|6|4|4|0|0|4|4|6|4|1|4|6
14117,7,False,7,1,7,7|7|7|3|7|7|7|7|7|7|7|7|7|7|7
14121,4,True,9,15,9,9|9|9|9|9|9|9|9|9|9|9|9|9|9|9
14133,6,True,9,11,9,9|9|9|9|6|9|9|7|6|7|7|9|6|7|6
14142,2,False,2,14,4,4|2|4|4|6|4|6|4|4|0|1|4|6|4|0
14150,7,True,5,12,5,6|5|2|5|5|5|5|5|7|7|5|7|5|6|5
14159,6,True,9,10,9,6|9|9|9|9|5|9|6|9|9|7|6|6|7|6
14173,2,True,1,0,2,2|2|2|2|2|2|2|2|2|2|2|2|2|2|2
14176,1,True,2,10,2,2|2|2|6|2|1|1|2|2|6|1|2|1|1|2
14179,2,True,1,9,2,6|2|2|6|2|4|2|4|2|0|6|2|6|4|5
14180,8,True,4,8,4,4|4|8|8|8|4|8|4|8|8|8|4|4|4|4
14202,3,False,3,1,3,3|3|3|3|3|3|3|3|3|3|3|3|3|1|3
14233,2,False,2,12,4,4|4|8|4|2|8|1|1|4|4|8|2|1|1|2
14245,0,False,0,13,5,5|5|5|5|0|5|0|5|5|4|5|5|5|5|5
14246,1,True,2,15,6,6|6|4|6|6|6|6|6|6|4|6|4|6|4|4
14256,2,False,2,11,-1,6|3|2|6|2|3|0|0|3|6|0|2|0|9|2
14288,4,False,4,8,-1,4|8|8|8|8|6|4|8|8|4|8|4|4|4|4
14290,5,True,7,15,7,7|7|7|7|7|7|7|7|7|7|7|7|3|7|7
14313,0,False,0,7,0,5|0|0|0|3|0|0|0|5|1|3|1|0|0|3
14320,4,True,2,6,4,8|4|4|4|6|4|8|6|4|4|4|6|6|4|4
14331,1,True,3,14,3,3|3|3|1|3|3|3|3|3|3|3|3|3|3|3
14345,8,True,4,8,8,8|8|6|4|8|6|8|4|8|4|8|8|4|4|4
14356,5,False,5,6,5,7|5|5|5|7|7|5|5|5|7|5|7|5|5|2
14359,0,False,0,6,0,6|0|4|0|0|4|0|5|0|4|0|0|4|0|0
14402,8,False,8,14,0,0|8|0|0|0|0|0|0|0|0|0|0|0|0|0
14437,0,False,0,4,0,4|0|0|0|3|0|0|0|4|0|0|4|0|0|0
14473,2,False,2,15,6,6|4|4|6|6|5|6|6|6|4|6|6|6|4|5
14474,2,True,5,11,5,5|2|5|5|7|5|2|5|5|5|5|2|5|5|2
14483,9,False,9,1,9,9|9|9|9|9|6|9|9|9|9|9|9|9|9|9
14488,5,False,5,0,5,5|5|5|5|5|5|5|5|5|5|5|5|5|5|5
14494,1,True,3,14,3,3|3|3|3|3|3|0|3|3|1|3|3|3|3|3
14530,5,True,3,14,3,3|0|5|6|3|1|1|4|3|4|0|3|1|4|6
14537,0,True,8,5,0,0|0|0|8|0|8|0|0|8|0|8|8|0|0|0
14544,2,False,2,11,6,6|2|2|6|8|4|6|6|2|2|1|6|4|4|4
14630,7,False,7,0,7,7|7|7|7|7|7|7|7|7|7|7|7|7|7|7
14642,2,True,1,3,2,2|2|2|2|2|2|1|1|2|1|2|2|2|2|2
14646,4,True,6,10,4,4|8|5|9|4|4|5|6|5|4|6|0|4|0|6
14666,7,False,7,0,7,7|7|7|7|7|7|7|7|7|7|7|7|7|7|7
14694,0,False,0,10,0,0|0|4|6|0|4|5|6|6|4|6|0|3|0|5
14698,1,True,3,13,3,3|3|0|3|3|0|3|0|3|1|0|1|3|0|0
14701,1,True,7,15,7,3|7|7|7|7|7|7|7|7|7|7|7|7|3|7
14705,6,True,2,13,4,8|6|2|4|3|3|0|4|4|4|6|4|4|1|3
14716,7,True,5,5,7,0|5|5|7|7|7|7|5|7|7|7|7|7|7|5
14725,6,True,4,13,8,8|8|8|6|2|4|2|8|8|8|8|2|4|6|8
14729,1,False,1,13,2,2|2|2|2|2|2|2|2|2|2|2|2|1|1|2
14752,3,True,7,14,7,7|7|7|7|7|7|7|7|7|7|7|7|3|7|7
14776,0,True,8,8,0,8|7|0|5|0|8|0|6|0|7|0|8|0|7|0
14822,7,False,7,7,7,7|5|7|7|5|3|7|7|5|7|5|5|5|7|7
14838,8,False,8,11,-1,0|5|6|6|8|8|2|5|0|0|1|8|6|0|8
14842,1,True,3,15,6,6|6|0|6|5|5|6|6|6|4|6|6|5|4|5
14873,1,True,7,14,7,7|3|7|7|7|1|7|7|7|7|7|7|7|7|3
14891,2,True,1,1,2,2|2|2|2|2|2|2|2|2|2|2|1|2|2|2
14900,6,True,9,15,9,9|9|9|9|9|9|9|9|7|9|9|9|9|9|9
14907,2,True,1,2,2,2|2|2|2|2|2|1|2|2|2|2|2|2|1|2
14913,0,True,3,13,3,5|3|4|6|3|3|3|0|1|4|0|1|3|3|5
14933,4,True,0,6,4,6|4|0|4|6|4|0|4|4|4|1|4|1|4|4
14936,3,True,5,15,5,5|5|5|5|5|5|5|5|5|5|5|5|5|5|5
14937,7,True,5,7,7,7|5|7|5|5|7|7|5|5|7|5|7|5|7|7
14952,8,False,8,7,8,8|0|8|0|8|8|8|0|8|8|8|0|6|0|0
14955,2,True,4,15,8,8|8|8|8|8|8|8|8|8|8|8|8|4|8|8
14980,9,True,0,15,7,3|5|5|3|0|7|3|7|7|2|3|7|5|7|5
14994,1,True,3,10,3,3|2|1|8|3|3|1|3|3|1|3|1|1|3|3
14997,5,True,0,10,0,0|0|5|0|0|5|0|0|5|0|0|5|0|0|5
15021,7,False,7,6,7,7|7|5|5|7|7|7|9|7|7|7|7|5|5|5
15034,0,False,0,11,5,0|0|5|5|0|5|5|5|5|4|5|5|5|5|0
15044,1,True,3,14,3,3|3|2|3|3|3|3|3|3|1|0|3|3|3|3
15054,8,True,4,3,8,8|8|8|8|8|8|4|8|4|8|8|8|4|8|8
15083,4,True,0,12,0,0|0|0|0|0|0|0|0|4|4|0|0|0|4|0
15085,5,True,0,13,0,0|0|0|0|0|0|5|0|5|4|0|0|0|4|0
15094,1,False,1,12,2,2|2|2|2|2|2|1|2|2|2|2|1|1|2|2
15103,6,True,2,8,6,6|8|6|2|3|8|6|6|8|2|4|6|6|6|8
15119,8,True,0,15,0,0|0|0|0|5|4|0|5|4|0|6|0|4|0|0
15121,4,True,6,14,6,0|0|6|0|6|5|6|6|5|4|0|6|6|0|5
15129,4,True,6,4,4,4|4|4|0|4|4|0|4|4|4|6|4|4|4|0
15141,8,False,8,12,0,2|2|2|7|8|8|0|0|8|0|0|2|6|7|0
15149,6,False,6,10,6,6|4|8|3|6|4|2|6|2|2|3|6|6|3|3
15160,1,True,7,15,7,7|9|7|9|7|7|7|7|7|7|7|7|7|7|6
15171,5,True,0,14,0,6|5|4|0|0|0|6|4|2|0|0|4|0|4|0
15194,6,False,6,3,6,6|6|6|6|6|6|4|6|6|6|4|6|6|4|6
15203,3,False,3,3,3,3|3|3|3|3|1|3|3|3|1|3|1|3|3|3
15214,7,False,7,8,7,6|7|6|7|7|7|9|6|7|6|6|9|7|7|6
15229,1,True,6,12,4,6|6|0|4|0|4|0|1|1|4|6|1|4|4|6
15247,1,True,3,13,3,3|3|3|3|3|3|1|1|3|3|3|3|3|3|3
15275,1,True,7,15,7,7|7|7|3|7|5|7|5|7|7|7|7|5|7|5
15314,5,True,0,12,4,4|4|4|6|8|4|5|5|4|4|0|4|5|4|6
15329,8,False,8,9,0,8|3|0|0|8|8|0|0|8|6|0|0|0|8|8
15333,2,True,5,13,5,7|5|5|4|2|5|8|7|5|2|5|5|0|5|5
15354,6,False,6,13,0,4|0|6|0|0|3|0|5|4|4|6|5|4|0|0
15357,6,True,8,13,0,3|3|0|3|6|8|0|0|0|8|1|0|0|6|0
15360,4,True,8,15,8,6|8|8|8|8|8|8|6|8|8|0|8|2|7|8
15362,0,True,8,1,0,8|0|0|0|0|0|0|0|0|0|0|0|0|0|0
15366,1,True,2,13,4,1|2|4|4|2|4|2|4|4|1|6|2|4|4|2
15378,1,False,1,13,2,2|2|2|2|2|2|1|2|2|2|2|2|1|2|2
15384,1,True,3,12,3,3|3|3|3|3|3|1|3|1|1|3|3|3|3|3
15388,3,False,3,7,3,3|3|3|1|3|3|0|0|3|1|3|1|1|1|3
15409,6,True,8,14,0,0|0|8|0|0|0|0|0|6|0|0|0|0|0|0
15434,6,False,6,14,-1,4|0|4|0|0|0|0|0|4|4|6|4|4|0|4
15447,2,True,1,0,2,2|2|2|2|2|2|2|2|2|2|2|2|2|2|2
15497,0,False,0,9,0,5|5|3|0|0|3|0|5|0|5|0|9|5|7|0
15500,0,True,8,0,0,0|0|0|0|0|0|0|0|0|0|0|0|0|0|0
15530,4,False,4,12,8,8|8|8|8|8|8|8|8|8|4|8|4|4|8|8
15537,1,True,3,10,3,3|3|1|1|3|3|0|3|1|1|3|3|3|1|3
15544,0,True,8,13,8,8|8|7|7|8|8|8|0|8|6|8|7|6|7|0
15555,1,True,2,14,6,3|6|2|4|2|3|2|6|6|6|8|6|5|1|4
15565,8,True,4,4,8,8|8|8|1|8|8|8|8|8|4|8|4|4|8|8
15568,2,True,1,1,2,2|2|2|2|2|2|1|2|2|2|2|2|2|2|2
15571,6,False,6,15,3,2|8|2|0|3|8|8|3|3|3|2|3|0|0|2
15584,1,False,1,12,2,2|2|2|2|2|2|1|2|2|2|3|2|1|1|2
15592,1,True,7,15,7,7|7|7|7|7|7|7|7|7|7|7|7|7|7|7
15609,9,False,9,2,9,9|9|9|9|9|6|9|9|6|9|9|9|9|9|9
15622,9,True,0,15,4,4|0|6|0|8|8|8|6|4|6|0|4|6|4|4
15642,1,True,9,14,9,9|9|9|9|9|9|1|9|9|9|9|9|9|9|9
15651,6,True,2,8,6,6|6|6|0|6|4|6|4|8|4|6|6|4|4|4
15655,9,False,9,0,9,9|9|9|9|9|9|9|9|9|9|9|9|9|9|9
15662,3,False,3,5,3,3|1|1|1|3|3|3|2|3|3|1|3|3|3|3
15682,1,False,1,13,2,2|2|2|2|2|2|1|2|2|2|2|2|1|2|2
15701,6,False,6,12,4,4|6|2|6|3|4|1|4|4|4|6|4|3|4|3
15708,4,True,0,10,0,4|3|5|0|0|4|0|4|4|4|0|1|0|0|6
15712,4,True,0,15,0,3|0|5|3|0|3|0|5|0|0|3|0|0|3|0
15715,5,True,7,14,7,7|9|9|5|7|6|7|6|7|1|7|9|7|7|6
15719,6,True,8,13,8,8|8|0|6|0|8|8|8|8|8|8|8|6|0|8
15729,9,False,9,1,9,9|9|9|9|9|9|9|9|9|9|9|9|9|9|0
15742,0,True,8,4,0,8|0|0|0|8|0|0|0|8|6|0|0|0|0|0
15778,2,True,6,11,4,2|2|2|8|8|4|8|4|4|0|6|6|4|4|2
15793,2,False,2,7,2,2|2|2|6|2|4|1|4|2|2|5|2|4|4|2
15801,2,True,1,1,2,2|2|2|2|2|2|2|2|2|2|2|2|1|2|2
15816,5,True,7,9,-1,9|5|5|8|7|7|9|5|7|7|5|5|5|7|7
15837,4,False,4,13,6,6|6|8|8|6|4|8|6|6|4|8|6|6|8|6
15846,1,True,2,13,8,2|2|8|4|8|1|4|4|8|8|8|2|1|4|2
15853,9,False,9,0,9,9|9|9|9|9|9|9|9|9|9|9|9|9|9|9
15884,7,True,5,6,7,7|5|7|7|7|7|7|5|5|7|5|7|5|7|5
15886,5,False,5,2,5,5|5|5|5|5|3|5|5|5|5|5|5|5|3|5
15894,9,False,9,1,9,6|9|9|9|9|9|9|9|9|9|9|9|9|9|9
15938,5,True,0,10,0,0|0|5|0|8|0|0|5|0|2|5|5|5|1|8
15948,1,True,3,12,3,3|3|3|3|3|1|3|3|0|1|3|3|3|1|3
15983,5,False,5,6,5,5|5|5|5|7|5|7|5|5|7|5|7|5|7|2
15994,8,False,8,11,6,0|8|8|0|8|6|8|5|0|6|7|0|6|6|6
15996,1,False,1,12,2,2|2|2|1|2|2|2|2|2|2|2|1|1|2|2
16037,3,False,3,11,8,3|8|8|8|8|3|4|8|3|4|8|4|1|8|3
16053,8,True,4,11,3,4|8|8|1|1|3|3|1|3|8|8|3|3|1|3
16061,8,True,4,8,8,4|8|8|4|6|8|8|6|8|6|6|8|4|8|2
16079,8,True,5,15,7,5|5|5|9|7|7|7|7|7|5|5|7|7|7|5
16091,4,False,4,6,4,4|8|4|2|6|4|2|6|4|4|8|4|4|4|4
16112,9,False,9,11,7,7|7|7|8|7|5|9|7|9|7|7|7|7|9|9
16162,5,False,5,9,7,7|5|5|5|7|7|7|5|5|7|5|7|3|7|7
16169,4,False,4,13,8,8|6|8|6|8|8|8|6|8|8|8|4|4|8|8
16181,9,False,9,2,9,9|9|9|9|9|9|9|9|9|6|9|9|5|9|9
16193,4,True,6,9,4,4|0|4|0|5|4|4|5|5|4|5|5|4|0|6
16219,5,True,7,12,7,7|7|7|7|5|7|6|5|5|7|7|7|7|7|1
16226,7,False,7,4,7,3|7|7|3|3|7|7|7|7|7|7|7|3|7|7
16233,0,False,0,2,0,0|0|0|0|0|0|0|0|5|0|5|0|0|0|0
16241,3,True,7,15,7,7|7|7|7|7|7|7|7|7|7|7|7|7|7|1
16242,0,False,0,7,0,6|0|0|0|8|3|0|5|0|0|3|4|0|3|0
16263,7,False,7,0,7,7|7|7|7|7|7|7|7|7|7|7|7|7|7|7
16303,3,True,2,12,2,2|2|2|2|2|4|1|2|3|2|8|2|3|2|3
16327,2,True,6,15,6,6|6|6|6|6|6|6|6|6|6|6|4|6|4|6
16345,2,True,1,2,2,2|2|2|2|2|2|1|2|2|2|2|2|1|2|2
16347,6,True,2,9,6,6|6|2|0|6|0|0|6|2|6|3|6|4|4|0
16349,2,True,4,9,2,8|8|2|2|2|8|6|6|2|3|6|2|6|4|2
16380,2,True,1,5,2,1|2|2|2|2|2|2|2|1|2|1|2|1|1|2
16387,3,True,7,15,7,7|7|7|5|7|7|7|7|7|7|7|7|5|7|7
16396,7,False,7,7,7,5|7|5|5|7|7|7|5|7|7|7|5|5|7|5
16416,1,False,1,12,2,2|2|2|2|2|2|1|2|2|2|2|2|1|1|2
16419,9,False,9,1,9,9|9|9|9|9|9|9|9|4|9|9|9|9|9|9
16421,7,False,7,0,7,7|7|7|7|7|7|7|7|7|7|7|7|7|7|7
16429,4,False,4,13,8,8|8|8|8|8|8|8|6|8|8|8|8|4|4|8
16434,4,True,0,12,0,4|0|0|0|0|4|0|0|0|0|0|4|0|0|0
16435,4,True,6,13,6,4|6|3|4|6|6|8|6|5|6|6|9|6|6|8
16446,7,False,7,0,7,7|7|7|7|7|7|7|7|7|7|7|7|7|7|7
16474,4,True,9,15,9,6|6|9|9|9|6|9|9|6|7|7|9|6|6|9
16488,3,True,2,12,2,2|6|2|2|3|2|0|2|2|6|2|2|3|3|2
16521,8,True,5,15,7,7|5|5|7|5|7|7|5|5|7|7|7|5|7|5
16550,6,True,2,9,8,8|8|6|6|8|4|8|2|6|8|8|6|6|6|8
16557,7,True,5,11,5,2|7|5|2|5|5|5|5|5|7|5|7|5|7|5
16578,4,True,9,15,9,9|9|9|9|9|9|9|9|9|9|9|9|9|9|9
16580,1,True,3,15,3,3|3|3|3|3|3|3|3|3|3|3|3|3|3|3
16590,3,False,3,2,3,3|1|3|3|3|3|3|3|3|1|3|3|3|3|3
16595,1,False,1,10,2,2|2|2|2|2|1|1|2|2|2|1|2|1|1|2
16649,6,True,8,10,8,6|8|6|6|8|8|6|8|8|6|8|8|0|8|8
16650,2,False,2,15,6,6|4|4|6|6|6|6|4|6|6|3|6|4|4|4
16665,8,True,4,11,4,8|8|6|0|3|4|8|4|4|6|8|4|4|4|2
16681,2,True,1,2,2,2|2|2|2|2|2|2|2|2|2|2|2|1|1|2
16685,8,True,3,15,3,9|3|3|1|3|3|1|3|3|3|3|3|3|3|3
16691,8,True,4,15,3,3|3|3|3|3|3|1|1|3|1|3|3|3|3|3
16718,5,False,5,10,7,3|3|7|5|7|5|5|7|7|7|5|1|3|7|5
16732,5,False,5,7,5,2|5|2|7|5|7|5|5|2|7|7|5|5|5|5
16745,0,False,0,13,5,5|8|5|9|5|6|0|5|2|7|5|5|5|0|3
16752,3,False,3,13,0,4|3|0|0|0|4|0|0|4|0|0|6|1|0|3
16757,5,True,7,10,7,7|7|5|7|7|7|7|5|7|5|7|7|5|7|5
16791,8,False,8,15,0,0|0|0|0|0|0|0|0|0|0|0|0|0|0|0
16809,4,True,9,15,9,9|9|9|9|9|9|9|9|9|9|7|9|9|9|9
16812,4,False,4,11,6,6|6|6|6|2|4|0|6|6|6|4|4|4|6|6
16821,8,True,4,10,-1,4|8|4|7|8|2|8|8|4|6|1|2|4|8|4
16827,1,True,2,15,4,4|2|4|4|6|4|6|4|4|4|8|4|4|4|4
16856,2,True,1,3,2,2|2|2|2|2|2|1|2|2|2|2|2|1|1|2
16858,5,True,0,14,0,6|8|2|0|8|4|1|0|8|5|8|0|1|0|0
16891,0,False,0,3,0,0|0|8|0|0|0|0|0|3|4|0|0|0|0|0
16904,0,True,8,7,0,0|7|8|8|0|8|0|0|0|6|8|0|0|7|0
16933,0,False,0,2,0,0|0|0|0|0|6|0|0|0|0|5|0|0|0|0
16948,4,True,6,10,6,6|6|4|6|6|4|8|6|6|6|4|4|6|4|6
16950,8,False,8,13,0,8|0|6|0|7|0|0|0|0|8|0|0|7|0|0
16961,1,True,3,14,3,8|3|0|0|3|3|8|2|2|1|3|3|3|0|3
16977,9,False,9,0,9,9|9|9|9|9|9|9|9|9|9|9|9|9|9|9
16994,8,False,8,10,0,8|0|8|0|0|8|0|0|0|0|0|8|0|8|0
17002,9,False,9,0,9,9|9|9|9|9|9|9|9|9|9|9|9|9|9|9
17041,5,True,0,7,5,0|5|0|6|0|5|0|5|5|0|0|5|5|5|5
17061,6,False,6,12,4,4|6|4|8|2|6|8|6|8|4|4|8|4|4|4
17085,5,False,5,10,7,7|5|5|6|7|7|5|5|7|7|5|7|7|7|7
17089,4,True,0,15,0,0|0|0|0|0|5|0|5|5|0|0|0|5|0|0
17097,4,True,6,11,6,4|2|6|6|3|3|0|4|6|6|6|4|6|4|1
17114,4,True,0,14,0,0|0|0|0|0|4|0|0|0|0|0|0|0|0|0
17132,6,True,2,12,8,8|8|4|0|8|4|6|6|8|8|8|8|6|4|8
17137,4,False,4,10,-1,6|8|6|7|8|6|4|8|6|6|4|4|4|4|8
17144,2,False,2,14,6,6|3|0|6|2|3|0|6|6|6|0|6|3|3|3
17157,1,True,7,15,7,3|7|7|7|7|7|7|7|7|5|7|7|3|7|0
17189,5,False,5,6,5,9|5|5|5|7|5|7|5|5|7|5|2|5|7|5
17219,6,False,6,10,4,4|6|6|4|6|4|8|6|8|4|4|4|6|4|4
17221,3,False,3,1,3,3|3|3|1|3|3|3|3|3|3|3|3|3|3|3
17239,0,False,0,2,0,0|0|0|0|0|0|0|0|4|0|0|0|4|0|0
17241,7,False,7,11,5,7|5|5|5|5|5|5|5|5|7|7|7|5|9|5
17253,1,False,1,10,1,1|2|6|2|3|3|6|2|7|3|2|1|1|1|1
17260,6,False,6,12,4,4|4|6|8|8|4|8|6|8|4|4|6|4|4|4
17263,0,False,0,9,0,0|5|0|3|0|4|0|4|0|4|2|6|5|1|0
17277,9,False,9,1,9,9|9|9|9|9|9|9|9|9|9|9|9|9|9|1
17300,8,False,8,6,8,0|8|8|8|8|2|0|0|7|8|8|0|8|8|8
17307,8,True,4,8,8,8|8|6|7|8|4|4|8|8|4|8|4|4|4|8
17331,6,False,6,14,8,8|8|4|8|8|8|8|8|8|8|8|8|6|8|8
17355,6,True,5,15,7,7|7|5|7|7|7|7|9|7|7|7|5|5|7|7
17358,3,True,7,6,3,3|3|7|3|7|3|7|3|3|7|3|7|3|7|3
17398,3,True,7,11,7,3|7|7|7|7|7|3|7|7|7|7|5|3|3|5
17411,6,False,6,14,4,4|8|4|4|2|4|8|6|2|4|4|4|4|4|4
17423,4,False,4,14,8,8|8|8|8|8|8|8|8|8|8|8|8|4|8|8
17426,8,True,4,9,4,8|4|8|4|8|4|4|4|8|4|8|6|4|4|8
17433,5,False,5,5,5,7|5|5|5|7|5|7|5|5|5|5|7|5|7|5
17450,1,True,9,15,9,9|7|9|9|9|9|7|9|5|2|9|9|9|9|6
17456,4,True,6,13,3,3|3|0|4|0|0|1|0|1|4|3|3|1|3|3
17457,2,True,1,1,2,2|2|2|2|2|2|1|2|2|2|2|2|2|2|2
17462,6,True,9,12,5,6|6|5|7|5|7|9|6|5|7|5|9|5|7|5
17464,6,True,2,15,2,2|2|2|7|2|2|1|9|1|4|2|2|1|1|3
17465,2,True,5,14,7,6|5|7|7|7|7|7|5|7|7|5|7|5|7|2
17468,6,False,6,3,6,6|6|6|6|6|6|4|6|6|6|4|6|6|4|6
17489,4,True,0,13,0,0|0|0|0|0|4|0|0|0|0|0|4|0|0|0
17503,1,False,1,12,2,2|2|2|2|2|2|1|2|2|2|2|2|1|1|2
17532,8,True,4,12,4,4|6|4|8|8|6|6|6|8|4|4|4|6|4|4
17538,3,True,7,3,3,3|3|3|3|7|3|3|3|3|7|3|7|3|3|3
17590,6,True,2,14,2,2|2|2|6|2|4|2|4|4|0|1|2|4|2|2
17595,4,True,2,7,4,4|4|2|0|2|4|4|4|4|4|0|6|4|2|2
17606,1,True,3,14,4,4|0|2|8|3|1|4|4|8|4|6|4|4|3|3
17609,8,True,4,13,4,4|4|8|4|6|4|6|4|8|4|6|4|4|4|4
17620,1,True,2,14,4,4|2|2|2|8|4|2|4|1|4|8|4|4|4|6
17632,1,False,1,14,2,2|2|2|2|2|2|0|2|1|2|2|2|2|2|2
17646,4,True,6,12,6,6|6|8|6|6|6|6|6|6|6|6|4|1|4|4
17674,2,True,1,0,2,2|2|2|2|2|2|2|2|2|2|2|2|2|2|2
17702,4,True,9,15,9,9|9|6|9|9|6|8|6|9|7|9|9|9|9|9
17705,2,False,2,6,2,2|2|2|4|2|1|1|2|2|1|2|2|1|1|2
17725,8,True,2,14,0,6|2|7|7|3|8|0|5|0|4|0|3|6|3|0
17738,4,True,1,15,6,2|2|3|6|3|6|6|6|2|2|0|3|6|6|0
17764,6,False,6,14,0,0|4|0|6|3|4|0|4|4|4|0|0|0|0|0
17770,8,True,6,15,6,2|3|5|6|6|4|0|0|3|7|0|6|6|7|6
17778,4,False,4,4,4,4|6|8|4|4|4|2|4|4|4|4|4|4|4|2
17785,2,False,2,11,8,2|8|8|8|8|4|2|1|1|8|8|2|1|1|2
17790,2,True,1,2,2,2|2|2|2|2|2|2|2|2|2|2|2|1|1|2
17792,8,False,8,12,0,7|5|8|8|0|8|0|0|5|2|0|0|5|0|0
17794,8,True,6,14,2,2|2|2|2|4|4|1|6|2|6|8|2|4|1|6
17796,5,False,5,4,5,5|5|7|5|2|5|5|5|5|7|5|7|5|5|5
17869,6,True,9,12,9,6|9|9|9|9|6|9|9|9|6|9|9|9|9|9
17963,1,True,9,15,9,9|9|9|9|9|9|9|9|9|9|9|9|9|9|9
17982,4,False,4,11,8,2|8|8|4|8|8|8|4|8|8|8|8|1|4|4
17985,9,True,5,15,5,5|5|8|5|2|5|5|5|5|1|7|5|5|5|2
17989,3,False,3,12,4,4|3|8|4|1|4|3|4|4|0|6|4|0|1|3
17991,6,True,9,10,7,6|9|9|7|7|6|9|6|6|9|7|6|7|7|7
18032,2,False,2,8,2,2|2|2|1|2|1|1|4|2|1|8|1|1|2|2
18067,1,True,7,15,7,7|7|7|7|7|7|7|7|7|7|7|7|7|7|7
18076,3,False,3,6,3,3|3|3|3|3|4|8|4|3|4|6|0|3|3|3
18079,4,True,0,15,3,3|3|3|0|3|8|0|0|3|5|3|3|3|7|3
18117,4,True,6,14,0,0|0|5|5|0|0|6|5|0|0|6|0|5|4|3
18126,2,True,8,15,-1,0|8|6|8|0|6|6|0|8|8|0|0|6|9|8
18136,7,False,7,5,7,7|5|7|6|7|7|7|5|5|7|7|7|5|7|7
18137,0,False,0,2,0,0|0|4|0|0|0|0|0|5|0|0|0|0|0|0
18148,3,False,3,3,3,3|3|3|3|1|3|3|3|3|1|3|1|3|3|3
18179,4,True,2,14,6,6|6|2|6|6|6|0|6|2|6|6|6|6|4|6
18193,5,False,5,9,7,7|7|5|7|7|7|7|5|5|7|5|7|5|7|5
18198,6,False,6,15,5,0|5|8|5|0|5|5|5|4|4|5|5|5|4|0
18207,8,False,8,10,-1,0|6|6|0|8|8|8|6|5|8|5|6|8|7|6
18208,8,True,6,15,0,0|5|0|0|0|5|0|5|0|0|5|0|5|7|0
18214,4,False,4,12,8,4|8|8|8|8|8|8|8|8|4|8|8|4|8|8
18215,2,True,8,11,8,8|6|2|8|8|2|8|6|2|0|8|6|1|8|2
18233,2,True,5,15,7,7|6|5|9|5|5|7|5|5|7|7|7|7|5|7
18248,5,True,7,14,-1,9|9|7|9|9|7|7|5|7|9|7|9|9|7|7
18249,6,True,2,6,6,6|0|6|6|6|4|0|6|0|4|6|6|4|6|6
18250,1,True,3,10,3,3|1|1|5|3|1|0|3|3|1|3|3|3|1|3
18259,8,True,4,9,8,2|8|1|2|8|8|1|4|8|8|8|2|4|1|2
18261,9,False,9,2,9,9|9|6|9|9|7|9|9|9|9|9|9|9|9|9
18264,2,True,5,14,5,8|2|0|6|6|5|7|5|5|7|7|6|5|9|5
18266,3,True,7,14,7,7|7|7|7|7|7|7|7|7|7|7|7|7|7|3
18270,5,True,7,12,7,7|7|7|7|5|7|7|7|7|7|5|7|7|7|5
18318,8,True,4,8,8,8|8|8|4|2|4|8|4|8|6|8|2|3|8|2
18319,1,True,9,14,9,9|9|9|9|9|9|9|9|9|9|9|9|9|9|1
18343,4,True,6,14,0,5|0|0|0|0|3|1|0|4|5|6|5|5|0|6
18364,3,False,3,1,3,3|3|3|3|3|3|3|3|3|1|3|3|3|3|3
18388,2,True,1,1,2,2|2|2|2|2|2|2|2|2|2|2|2|1|2|2
18408,7,False,7,5,7,9|9|7|7|7|5|7|5|7|7|7|7|7|7|5
18434,1,True,9,14,9,9|9|9|9|9|9|9|9|1|9|9|9|9|9|9
18437,1,True,2,15,8,4|8|8|8|8|8|8|4|8|8|8|4|8|4|8
18450,4,True,6,9,6,6|4|6|6|6|4|4|6|4|6|6|4|6|4|6
18486,2,True,5,14,5,7|5|5|5|2|5|5|5|5|7|5|5|7|7|5
18514,0,False,0,3,0,0|0|6|0|0|0|0|6|8|0|0|0|0|0|0
18540,6,False,6,5,6,6|6|2|6|6|8|2|6|6|6|6|6|6|4|2
18544,1,True,9,15,9,9|9|9|9|9|9|9|6|9|9|9|6|9|6|9
18545,5,True,0,12,0,0|0|5|0|3|0|5|5|0|4|0|0|0|0|0
18551,4,True,9,15,7,9|7|9|5|9|7|7|5|7|7|5|7|5|9|7
18553,2,True,1,2,2,2|2|2|2|2|2|1|2|2|2|2|2|1|2|2
18586,4,True,0,10,4,4|5|4|6|6|9|5|0|5|4|6|4|0|4|0
18657,9,False,9,8,6,9|9|6|9|6|6|9|6|9|9|6|9|6|6|6
18662,1,True,2,15,4,2|2|4|6|2|4|2|4|6|4|4|2|6|6|4
18663,5,False,5,7,5,7|5|5|7|7|5|7|7|5|7|5|5|5|7|5
18664,2,True,1,1,2,2|2|2|2|2|2|2|2|2|2|2|2|1|2|2
18672,2,True,1,3,2,2|2|2|2|2|2|1|2|2|2|2|2|1|1|2
18686,6,False,6,13,0,0|0|8|0|3|6|5|5|5|4|6|7|2|0|0
18692,8,True,4,13,6,8|2|4|2|6|4|2|6|8|6|3|6|4|6|4
18721,5,False,5,10,7,7|7|8|5|0|7|6|5|5|7|7|0|5|7|5
18752,4,False,4,14,8,8|8|8|8|8|8|8|8|8|8|8|8|4|8|8
18757,1,True,7,14,7,7|6|7|7|7|7|7|7|7|7|7|7|7|7|1
18767,1,True,3,13,3,3|1|3|8|8|3|3|3|3|3|3|3|3|1|4
18771,5,True,0,14,0,4|0|0|0|0|0|5|0|0|0|0|0|0|0|4
18794,2,True,6,14,6,6|8|4|4|6|4|2|6|8|6|8|6|6|4|4
18839,2,True,1,3,2,2|2|2|2|2|1|1|2|2|2|2|2|1|2|2
18853,1,True,7,15,7,7|7|7|7|7|7|7|7|7|7|7|7|7|7|7
18878,6,False,6,14,4,4|8|4|8|6|4|4|4|4|8|8|4|4|8|8
18887,5,False,5,13,7,7|7|9|5|9|9|0|6|7|7|7|5|7|9|7
18915,5,False,5,3,5,7|5|5|5|5|5|5|5|5|5|5|7|5|7|5
18920,2,True,1,3,2,2|2|2|2|2|2|2|2|1|2|2|2|1|1|2
18929,6,False,6,8,6,4|4|6|6|6|4|4|6|8|6|8|4|6|4|6
18951,4,True,0,15,1,1|0|0|1|0|1|1|0|1|1|6|1|1|1|0
18954,1,True,9,15,9,8|9|9|9|9|9|0|9|9|9|9|9|9|9|7
18955,9,False,9,2,9,9|9|9|9|9|9|9|9|9|9|9|1|9|9|7
18957,1,True,3,13,3,3|3|3|3|3|3|3|1|3|3|3|3|1|3|3
18986,1,True,2,14,8,8|8|8|8|8|8|8|8|1|4|8|8|4|4|4
19010,8,True,5,15,5,0|5|5|7|5|7|5|5|5|7|5|5|5|7|5
19011,4,True,6,12,2,6|4|6|2|2|7|2|4|2|2|5|6|2|2|4
19036,8,True,7,15,3,3|3|7|3|3|3|7|3|7|7|3|3|7|7|3
19041,4,True,2,11,6,4|2|6|6|2|8|6|4|2|6|3|4|6|4|3
19052,5,True,7,14,7,7|7|5|7|7|7|7|7|7|7|7|7|7|7|7
19066,1,True,9,15,9,9|9|9|9|9|9|9|9|9|9|9|9|9|9|9
19102,4,False,4,14,8,8|8|8|8|8|8|8|8|8|8|8|8|4|8|8
19109,1,True,9,14,9,9|9|9|9|9|9|9|9|1|9|9|9|9|9|9
19115,2,True,1,2,2,2|3|2|2|2|2|2|2|2|2|2|2|0|2|2
19121,4,True,0,12,0,0|0|0|0|0|0|0|0|4|4|0|0|4|0|0
19123,6,False,6,12,4,4|4|4|6|2|4|5|6|6|4|0|0|0|2|5
19135,6,False,6,9,6,3|3|6|0|3|6|0|6|6|2|3|2|5|6|6
19155,5,True,7,10,7,7|5|5|7|7|7|5|7|7|7|5|7|5|7|7
19166,8,True,4,6,8,8|8|8|8|8|3|8|8|8|1|8|3|3|3|3
19171,4,False,4,4,4,8|4|4|4|2|4|4|4|2|4|4|4|4|4|8
19194,3,True,7,13,7,3|5|7|7|7|3|0|5|7|7|7|5|7|7|7
19211,2,True,8,14,8,8|8|0|2|8|7|5|8|8|6|7|7|7|8|7
19223,1,False,1,14,2,2|2|2|2|2|2|2|2|2|2|2|2|1|2|2
19240,2,True,4,11,4,4|4|4|2|2|4|2|4|6|4|4|2|4|4|4
19284,1,True,7,15,7,7|7|7|2|7|7|5|7|7|7|5|7|7|5|7
19312,2,True,6,14,6,2|6|6|6|6|6|6|6|6|6|6|6|6|4|6
19324,5,True,7,15,9,9|9|1|9|9|9|9|9|4|9|9|9|9|9|3
19355,4,False,4,8,4,4|2|8|8|8|4|8|4|8|4|8|4|4|4|2
19358,6,False,6,7,6,8|6|2|6|6|4|8|6|2|6|6|6|4|4|6
19397,4,False,4,11,6,6|6|6|6|6|4|4|6|6|6|6|6|6|4|4
19399,4,True,2,15,2,2|3|2|2|2|2|6|6|2|2|8|6|6|3|3
19415,8,True,4,1,8,8|8|8|8|8|8|8|8|8|8|8|8|4|8|8
19420,1,False,1,13,2,2|2|2|2|2|2|2|2|2|2|2|1|1|2|2
19442,1,True,9,14,9,9|9|9|9|9|9|9|9|9|9|9|9|1|9|9
19452,1,True,2,15,8,4|8|8|8|8|8|4|4|8|4|8|8|4|4|8
19498,4,False,4,12,6,6|6|2|5|6|4|2|6|6|6|4|6|6|2|4
19511,8,True,4,4,8,8|8|8|8|8|4|8|8|8|4|8|8|4|8|4
19526,6,False,6,14,8,6|8|8|2|2|8|4|4|8|8|8|2|3|4|3
19564,1,True,9,15,9,9|9|9|9|9|9|9|9|9|9|9|9|9|9|9
19575,6,True,9,15,9,9|9|9|9|9|9|9|9|9|9|9|9|9|9|9
19579,2,False,2,15,-1,6|8|6|0|6|4|4|6|8|4|4|4|6|4|6
19596,2,True,1,3,2,2|2|2|2|2|2|1|2|2|2|2|2|1|1|2
19620,2,True,1,3,2,2|2|2|2|2|2|1|2|2|1|2|2|1|2|2
19637,0,True,8,7,0,0|0|0|8|8|7|7|0|7|0|8|0|0|7|0
19644,1,True,2,12,2,2|2|2|4|2|1|2|4|1|6|8|4|1|2|2
19651,2,True,5,13,5,7|2|5|5|5|5|5|5|5|5|5|5|5|5|2
19657,1,False,1,13,2,2|2|2|2|2|2|2|2|2|2|2|2|1|1|2
19700,1,True,7,15,9,9|9|7|9|9|9|9|9|9|9|9|7|9|9|7
19712,3,True,5,12,5,5|5|5|3|5|5|5|5|3|5|5|5|5|3|5
19732,1,True,2,15,4,2|2|8|4|8|8|4|4|8|4|8|4|2|4|2
19754,1,True,3,13,3,3|3|0|1|3|3|0|0|3|1|3|3|3|3|0
19765,4,True,0,14,0,0|0|0|0|0|0|0|0|4|0|0|0|0|0|0
19779,9,False,9,0,9,9|9|9|9|9|9|9|9|9|9|9|9|9|9|9
19821,3,False,3,1,3,3|3|3|3|3|3|3|3|3|1|3|3|3|3|3
19823,5,True,7,13,7,2|7|7|7|7|3|7|7|5|7|7|7|5|7|7
19838,8,False,8,9,-1,8|8|8|0|0|0|8|0|5|6|0|8|6|8|0
19884,2,False,2,8,2,3|2|2|8|3|6|2|2|5|2|2|2|3|0|3
19920,3,False,3,4,3,3|3|1|3|3|3|3|1|3|1|3|1|3|3|3
19930,5,True,0,14,-1,0|0|0|5|8|8|8|1|8|0|0|0|4|8|8
19981,2,True,1,1,2,2|2|2|2|2|2|2|2|2|2|2|2|1|2|2
19987,1,True,9,15,9,9|9|9|9|9|9|9|9|9|9|9|9|9|9|6
20000,7,False,7,5,7,7|3|7|7|7|7|7|3|3|7|7|7|3|3|7
20004,4,True,6,15,-1,6|3|5|5|2|2|8|0|8|6|2|6|6|7|2
20047,2,True,1,10,-1,2|2|2|4|1|2|1|1|1|2|8|4|1|0|6
20053,1,True,2,14,2,2|6|6|6|2|4|1|4|2|6|3|2|3|4|2
20055,4,False,4,11,8,2|8|8|8|6|1|8|4|2|4|8|1|4|4|2
20069,7,True,5,6,7,7|7|7|7|5|5|5|7|5|7|5|7|5|7|7
20086,1,True,3,15,3,3|3|3|7|3|3|3|7|3|3|3|3|3|3|3
20098,1,True,6,15,-1,5|6|0|4|3|4|6|9|3|4|6|4|6|0|0
20127,8,True,4,2,8,8|8|8|8|8|8|8|8|8|8|8|8|4|8|4
20149,8,True,4,14,3,3|8|3|1|3|6|3|1|1|3|3|3|3|3|3
20162,5,False,5,10,7,7|7|5|7|7|5|7|5|5|7|7|7|5|7|2
20189,8,False,8,7,8,8|3|0|8|8|8|4|0|8|8|3|0|6|8|8
20199,2,True,1,2,2,2|2|2|2|2|2|2|2|2|2|2|2|1|1|2
20201,8,True,4,13,6,8|6|6|6|6|6|8|5|0|6|6|6|4|0|6
20214,2,True,1,1,2,2|2|2|2|2|2|2|2|2|2|2|2|1|2|2
20222,1,True,9,15,9,9|9|9|9|9|9|9|9|9|9|9|9|9|9|9
20224,2,True,5,13,5,2|5|5|5|5|2|5|5|5|7|5|5|7|5|5
20242,1,True,9,14,9,9|9|9|9|9|9|9|9|9|1|9|9|9|9|9
20247,5,True,0,12,0,0|0|5|0|5|5|0|0|0|4|0|0|0|0|0
20249,3,True,5,15,7,7|5|7|7|7|7|7|5|7|7|5|5|5|7|7
20264,9,False,9,0,9,9|9|9|9|9|9|9|9|9|9|9|9|9|9|9
20265,7,False,7,3,7,3|7|7|7|7|7|1|7|7|7|7|7|1|7|7
20271,2,True,1,10,1,2|2|2|0|2|2|1|1|1|1|1|1|1|1|1
20273,2,True,8,15,7,8|7|7|8|8|6|8|6|6|7|6|3|7|7|0
20285,9,False,9,15,7,7|7|3|7|7|7|1|7|7|1|7|7|7|7|7
20299,2,True,1,2,2,2|2|2|2|2|2|1|2|2|2|2|2|1|2|2
20305,3,True,0,11,-1,0|3|0|6|5|8|0|0|3|4|5|6|5|3|3
20307,9,False,9,0,9,9|9|9|9|9|9|9|9|9|9|9|9|9|9|9
20340,8,True,4,13,6,6|8|6|0|8|4|0|0|0|6|6|6|6|6|6
20343,6,True,8,9,8,8|8|8|6|8|8|0|6|8|6|8|8|6|6|6
20370,8,True,4,3,8,8|8|4|8|8|8|8|8|8|8|8|8|4|4|8
20404,1,True,7,15,7,7|7|7|7|7|7|7|7|7|7|7|7|7|7|7
20424,3,False,3,6,3,3|3|1|1|3|3|1|3|3|1|3|3|1|1|3
20425,8,True,4,8,8,8|8|6|4|8|4|8|6|8|4|8|4|4|4|8
20426,2,False,2,9,2,2|2|2|0|3|5|1|4|2|4|8|1|3|2|2
20431,8,True,4,14,4,4|8|4|4|4|4|4|4|6|4|4|4|4|4|4
20434,5,True,0,14,-1,7|6|0|0|6|4|0|6|5|4|4|2|3|6|0
20469,6,False,6,3,6,6|6|6|6|6|6|6|6|6|6|3|6|6|9|3
20481,6,True,9,14,5,9|5|7|5|5|5|5|5|5|7|7|9|5|7|6
20503,7,False,7,7,7,7|5|5|5|5|7|7|5|5|7|7|7|7|7|5
20505,7,False,7,3,7,7|7|7|7|7|5|7|7|7|5|7|7|7|5|7
20517,2,True,5,15,5,5|5|5|5|5|5|5|5|5|5|5|5|5|5|5
20559,4,False,4,12,2,6|8|2|6|2|2|0|8|0|4|3|4|2|4|3
20568,6,False,6,8,6,8|3|6|0|3|6|8|4|2|4|6|6|6|6|6
20592,1,False,1,14,2,2|2|2|2|2|2|2|2|2|2|2|2|1|2|2
20648,8,True,4,9,4,4|8|8|4|8|4|4|4|8|4|8|6|4|4|8
20669,4,False,4,11,8,8|8|8|8|8|8|8|4|8|4|8|8|4|4|8
20672,0,True,8,10,8,8|8|8|8|8|7|8|0|0|8|0|8|4|0|0
20704,4,True,0,9,0,4|0|4|0|0|0|0|6|4|4|0|4|0|0|4
20721,1,True,9,15,9,9|9|9|9|9|9|9|9|9|9|9|9|9|9|9
20734,4,False,4,10,4,6|2|4|0|2|8|4|6|0|2|8|4|4|4|8
20803,4,True,6,14,6,6|6|6|6|6|6|6|6|4|6|0|6|6|6|6
20812,2,True,1,0,2,2|2|2|2|2|2|2|2|2|2|2|2|2|2|2
20821,2,True,1,4,2,2|2|2|2|2|2|1|2|2|1|2|2|1|1|2
20826,2,True,1,1,2,2|2|2|2|2|2|2|2|2|2|2|2|1|2|2
20828,7,False,7,10,3,3|7|3|3|3|3|3|7|7|7|3|7|3|3|3
20836,2,True,1,2,2,2|2|2|2|2|2|1|2|2|2|2|2|2|1|2
20838,2,True,8,14,8,6|2|8|8|8|0|8|8|8|8|6|6|6|8|8
20852,4,True,0,14,0,4|0|0|0|0|0|0|0|0|0|0|0|0|0|0
20856,1,True,3,12,3,3|3|3|3|3|1|1|7|3|3|3|3|3|1|3
20860,8,True,4,8,8,4|8|6|8|8|8|8|6|8|4|6|8|4|4|4
20868,2,True,1,1,2,2|2|2|2|2|2|2|2|2|2|2|2|1|2|2
20869,3,True,2,13,6,2|6|6|2|2|3|6|6|2|6|3|2|4|6|4
20884,2,True,1,3,2,2|2|2|2|2|2|1|2|2|2|2|2|1|1|2
20891,4,False,4,13,8,4|8|8|8|8|8|8|8|4|8|8|8|8|8|8
20892,9,False,9,0,9,9|9|9|9|9|9|9|9|9|9|9|9|9|9|9
20896,8,True,4,7,8,4|4|8|4|8|8|8|8|8|4|8|8|4|4|4
20899,1,True,7,15,7,7|7|7|7|7|7|7|5|7|7|7|7|7|7|9
20901,4,True,6,8,6,4|6|6|6|6|4|6|6|6|4|4|4|6|4|4
20916,2,False,2,12,6,6|6|2|0|2|6|0|6|4|6|0|0|6|2|0
20926,3,False,3,1,3,3|3|3|3|3|3|3|3|3|3|3|1|3|3|3
20939,1,True,6,14,4,4|6|0|4|0|4|0|4|1|4|6|4|6|4|4
20960,4,True,0,8,0,4|4|4|0|0|0|4|0|4|0|0|0|4|4|0
20962,5,True,0,13,0,0|5|0|0|0|0|0|0|5|0|0|0|0|0|0
20969,2,False,2,14,4,8|2|5|0|4|8|4|4|3|4|8|0|3|4|3
20977,1,False,1,13,2,2|2|2|2|2|2|2|2|2|2|2|2|1|1|2
20989,1,True,3,12,3,3|3|3|3|3|3|1|2|3|1|7|3|1|5|3
21030,1,True,3,14,3,3|3|1|3|3|6|7|3|3|3|2|3|3|3|2
21047,1,True,7,15,7,7|7|7|9|5|7|7|7|3|7|7|7|5|7|7
21050,0,False,0,4,0,0|0|4|0|0|4|0|5|0|0|0|0|4|0|0
21068,9,False,9,1,9,9|9|9|9|9|9|9|9|1|9|9|9|9|9|9
21104,4,False,4,14,2,3|2|6|6|2|2|2|6|2|6|6|2|3|4|5
21114,2,True,1,2,2,2|2|2|2|2|1|2|2|2|2|2|2|2|1|2
21116,5,True,7,7,5,7|5|5|5|7|7|7|7|5|5|5|7|5|7|5
21134,8,False,8,2,8,8|8|8|0|8|8|8|8|8|8|8|8|6|8|8
21143,0,False,0,4,0,0|0|0|0|0|0|0|5|4|0|5|0|5|0|0
21168,4,True,6,7,4,6|6|4|6|2|4|4|4|4|4|6|0|4|5|4
21206,1,True,3,7,1,1|1|1|1|3|3|3|3|1|1|3|1|1|3|3
21228,4,False,4,15,2,3|2|8|8|2|2|3|6|2|6|6|6|2|2|0
21241,1,True,7,15,7,7|7|7|7|7|3|7|7|3|7|7|7|3|7|3
21262,1,True,3,11,3,3|3|3|3|3|3|1|1|1|3|3|1|3|3|3
21269,1,True,3,11,3,1|3|3|3|3|1|3|3|1|1|3|3|3|3|3
21284,1,True,7,15,7,7|7|7|7|5|7|7|5|7|7|7|7|7|7|5
21297,8,False,8,9,8,8|0|6|8|8|8|0|0|8|0|8|0|6|7|2
21312,4,True,0,14,0,0|0|4|0|0|5|0|5|0|0|0|0|0|0|0
21313,8,False,8,13,0,0|3|0|0|0|0|0|0|0|0|8|0|0|0|8
21336,5,True,7,14,7,9|7|9|6|7|7|7|5|7|7|7|1|6|7|6
21349,2,True,8,15,-1,0|6|0|0|8|8|8|0|8|0|8|0|0|8|8
21376,2,True,5,15,7,3|6|5|7|7|3|5|5|7|3|7|0|3|7|0
21380,2,True,5,14,5,2|5|5|5|5|5|0|5|5|5|5|5|5|3|5
21388,2,True,6,15,6,6|6|6|6|6|4|6|6|6|6|6|6|6|6|6
21406,2,True,1,1,2,2|2|2|2|2|2|2|2|2|2|2|2|1|2|2
21455,1,True,2,13,-1,6|8|2|7|8|8|2|4|2|6|8|1|1|4|2
21456,6,False,6,7,6,4|6|6|6|6|6|8|8|8|4|4|6|6|4|6
21473,6,True,2,6,6,6|2|4|6|6|6|6|6|6|4|4|4|6|4|6
21477,7,True,5,6,7,7|7|5|5|7|7|7|5|5|7|7|7|5|7|5
21519,3,False,3,6,3,9|3|3|3|2|3|3|3|3|1|3|3|0|1|2
21526,5,False,5,5,5,7|5|5|5|7|5|7|5|5|7|5|7|5|5|5
21546,2,True,6,14,6,6|6|6|6|3|6|8|6|2|6|7|6|3|6|3
21557,2,True,4,11,6,2|2|6|6|2|4|4|4|6|6|2|6|6|4|6
21559,6,True,9,11,9,9|9|9|9|9|9|6|6|9|9|9|9|6|9|6
21568,5,True,7,10,7,7|5|5|7|7|7|7|5|7|7|5|7|7|7|5
21579,1,False,1,11,2,2|2|2|2|2|2|1|2|1|2|2|2|1|1|2
21600,7,True,8,14,-1,8|7|0|8|0|0|3|8|8|2|8|2|9|0|0
21618,4,False,4,11,8,8|8|8|8|8|4|8|6|8|4|8|6|4|4|8
21649,3,False,3,2,3,3|0|3|3|3|3|3|3|1|3|3|3|3|3|3
21676,6,False,6,9,-1,6|6|6|2|0|0|0|6|5|6|0|0|4|6|0
21699,0,True,2,13,3,3|3|4|2|2|3|3|0|0|6|7|3|3|6|2
21705,8,True,4,7,8,8|8|4|8|8|8|8|4|4|4|8|8|4|1|4
21714,4,True,0,14,0,0|0|0|0|0|4|0|0|0|0|0|0|0|0|0
21717,1,True,7,15,7,7|7|7|7|7|7|7|5|7|7|7|7|7|5|7
21722,2,True,8,15,8,8|0|8|8|8|6|0|0|8|0|0|8|6|8|8
21757,6,False,6,1,6,6|6|6|6|6|6|6|6|6|6|6|4|6|6|6
21767,2,False,2,14,4,4|8|4|1|4|1|4|8|2|8|8|4|4|1|8
21778,3,True,7,14,7,7|7|7|3|7|7|7|7|7|7|7|7|1|9|7
21779,6,False,6,10,6,6|6|6|9|2|3|2|6|8|6|3|3|4|4|2
21780,2,True,1,1,2,2|2|2|2|2|2|2|2|2|2|2|2|1|2|2
21782,1,True,3,10,3,3|3|1|1|3|3|1|3|1|1|3|3|3|3|3
21790,1,True,9,15,9,9|9|9|9|9|9|9|9|9|9|9|9|9|9|9
21806,7,False,7,2,7,7|7|7|7|7|3|7|7|7|7|7|7|7|3|7
21807,3,False,3,12,1,1|2|2|3|2|1|1|4|3|8|1|2|3|4|1
21837,6,False,6,12,3,3|6|3|6|3|5|0|6|3|4|1|3|1|3|5
21842,4,True,0,10,4,6|8|4|1|8|8|6|4|4|4|3|3|6|4|3
21846,0,True,8,9,8,8|8|2|8|8|0|0|0|8|0|8|0|8|8|0
21850,4,True,2,6,4,4|6|4|8|4|4|6|6|6|4|8|4|4|4|4
21859,1,True,3,15,4,0|6|5|4|6|4|5|6|4|4|0|0|4|0|6
21862,4,True,0,8,-1,6|6|6|4|3|6|6|6|4|4|6|4|4|4|4
21871,1,True,3,15,0,0|3|0|0|2|0|0|5|5|0|3|6|3|0|0
21881,0,True,8,11,8,8|8|8|0|0|7|8|5|8|2|8|8|0|8|0
21889,3,True,1,14,-1,6|3|2|2|8|4|2|6|6|8|8|6|4|0|2
21890,4,True,0,14,0,6|0|0|0|0|4|0|0|0|1|0|0|0|0|0
21902,8,True,4,8,4,8|4|8|4|8|4|8|4|8|4|8|8|4|4|4
21908,3,True,5,13,5,5|5|5|5|5|5|5|5|3|5|5|5|5|3|5
21949,4,True,0,15,0,0|0|5|0|6|0|0|5|0|0|0|5|0|0|0
21966,3,True,7,14,7,7|9|7|8|7|7|3|5|7|7|7|7|7|7|9
21967,4,True,6,11,6,3|4|6|6|8|4|8|6|8|6|4|6|0|3|4
21990,0,True,8,5,0,0|8|8|8|8|0|0|0|8|0|0|0|0|0|0
22047,1,True,6,13,4,4|8|1|0|3|4|3|0|8|4|6|4|4|4|1
22051,1,True,9,15,9,9|9|9|9|9|9|9|9|9|9|9|9|9|9|9
22075,1,True,2,15,-1,2|6|2|0|4|4|2|4|2|4|4|2|6|4|2
22106,0,False,0,15,4,4|8|4|4|6|6|6|4|8|4|6|4|6|4|3
22107,5,False,5,10,7,7|7|5|7|7|7|7|5|7|7|5|5|0|7|5
22127,8,True,4,8,-1,4|8|8|4|8|8|8|4|4|4|8|8|4|4|2
22153,3,False,3,1,3,3|3|3|3|3|3|0|3|3|3|3|3|3|3|3
22154,7,False,7,0,7,7|7|7|7|7|7|7|7|7|7|7|7|7|7|7
22162,5,False,5,3,5,2|5|5|5|5|5|5|5|5|5|5|9|5|5|2
22164,0,False,0,13,1,4|6|1|4|2|4|1|3|1|1|0|0|1|1|6
22166,2,True,5,15,5,7|5|7|7|7|7|5|5|5|5|5|5|5|5|7
22173,2,True,1,1,2,2|2|2|2|2|2|2|2|2|2|2|2|1|2|2
22195,2,True,5,14,5,2|5|5|5|5|5|9|5|5|5|5|5|5|5|5
22198,2,False,2,11,3,7|3|2|0|3|3|2|3|3|2|0|6|3|2|0
22200,0,False,0,1,0,0|0|4|0|0|0|0|0|0|0|0|0|0|0|0
22201,4,True,9,15,9,9|9|9|9|9|6|9|9|9|9|9|6|6|6|6
22202,2,True,6,14,6,6|6|6|6|6|6|6|6|2|6|8|6|6|6|6
22234,5,False,5,2,5,5|5|5|5|5|5|2|5|7|5|5|5|5|5|5
22252,5,False,5,14,7,7|7|7|7|7|3|7|5|7|7|7|7|3|7|3
22277,5,False,5,8,5,7|9|2|5|7|5|7|5|5|7|5|7|5|7|5
22305,1,True,9,15,9,9|9|9|9|9|9|9|9|9|9|9|9|9|9|9
22329,5,True,0,15,0,0|0|0|0|0|0|0|0|0|4|0|0|4|0|0
22364,7,False,7,3,7,7|7|3|3|7|7|7|7|7|7|7|7|7|7|3
22376,2,True,1,2,2,2|2|2|2|2|2|2|2|2|2|2|2|1|1|2
22398,4,True,6,5,4,4|4|4|6|4|4|0|6|4|4|6|0|4|4|4
22399,4,False,4,10,8,4|8|8|8|8|4|0|4|8|8|8|4|4|8|8
22425,6,True,9,15,9,9|9|9|9|9|9|9|9|9|9|9|9|9|9|9
22437,0,False,0,3,0,0|0|0|0|0|4|4|0|0|0|0|5|0|0|0
22468,3,False,3,1,3,3|3|3|3|3|3|0|3|3|3|3|3|3|3|3
22509,7,True,5,9,7,2|7|7|6|9|5|7|5|6|7|5|7|5|7|5
22512,0,True,8,5,0,0|0|0|5|8|8|8|0|8|0|0|0|0|0|0
22515,8,True,4,5,8,4|8|8|8|8|4|4|8|8|4|8|8|4|8|8
22533,6,True,8,12,-1,6|6|8|7|8|8|0|0|7|0|7|8|3|7|6
22535,2,True,8,15,0,0|0|0|0|8|0|0|0|8|0|0|8|0|0|0
22558,1,True,3,13,3,3|3|0|4|3|1|1|3|3|3|3|4|3|3|3
22563,5,True,7,15,9,9|9|9|9|9|9|9|9|9|9|9|9|9|7|9
22571,2,False,2,7,2,6|2|6|2|2|2|2|2|3|2|3|2|6|4|4
22580,4,True,6,14,6,6|6|6|6|6|4|8|6|6|6|6|6|6|6|6
22609,0,False,0,8,0,4|4|0|6|3|0|0|0|4|4|0|0|4|4|0
22610,3,True,7,12,7,3|9|7|5|3|7|9|7|7|7|7|7|7|7|3
22633,8,False,8,11,7,7|3|7|7|8|7|8|7|8|7|0|8|7|0|6
22643,0,False,0,3,0,0|0|4|0|0|4|0|0|5|0|0|0|0|0|0
22657,2,True,5,14,5,2|5|5|5|7|5|7|5|5|5|5|5|5|7|5
22666,4,True,0,15,0,0|0|0|0|0|0|0|0|0|0|0|0|0|0|0
22671,9,False,9,4,9,6|9|6|9|9|9|9|9|9|6|9|9|9|9|7
22720,6,False,6,6,6,6|2|2|6|2|6|6|6|2|6|6|2|6|4|6
22725,2,True,1,4,2,2|2|2|2|2|2|1|2|2|1|2|2|1|1|2
22738,2,True,8,15,8,8|8|8|6|8|8|8|0|8|8|0|8|6|8|8
22753,4,True,0,14,0,0|0|0|0|0|0|0|0|0|4|0|0|0|0|0
22759,6,True,9,9,9,6|9|9|9|9|6|9|6|6|9|6|9|9|9|6
22763,8,True,4,9,-1,8|4|8|6|8|6|8|6|8|6|8|6|6|4|4
22785,2,True,5,15,5,3|7|5|7|5|3|8|5|5|5|5|5|5|7|5
22810,8,False,8,13,0,0|0|8|0|0|8|0|0|0|0|0|0|7|0|0
22817,1,True,2,11,2,2|2|2|4|2|2|1|2|2|1|2|2|1|1|2
22841,8,True,4,4,8,8|8|8|7|8|8|8|8|8|4|8|1|4|8|8
22862,1,False,1,14,2,2|2|2|2|2|2|1|2|2|2|2|2|2|2|2
22871,6,True,3,15,3,3|1|3|0|3|3|8|2|3|1|1|3|0|3|3
22880,1,True,7,14,7,7|7|7|7|7|7|7|7|7|7|7|7|7|7|1
22885,8,True,4,2,8,4|8|8|8|8|8|8|8|8|8|8|8|4|8|8
22889,1,True,9,15,9,9|9|9|9|9|9|9|9|9|9|9|9|9|9|9
22902,2,True,1,0,2,2|2|2|2|2|2|2|2|2|2|2|2|2|2|2
22903,1,True,9,15,9,9|9|9|9|9|9|9|9|9|9|9|9|9|9|9
22913,1,True,2,15,4,2|2|4|2|6|4|6|4|4|4|4|4|4|4|6
22918,1,True,9,15,9,9|9|9|9|9|9|9|9|9|9|9|9|9|9|9
22950,0,True,8,15,-1,8|7|7|8|8|8|6|5|8|6|7|7|6|7|6
22952,2,True,1,15,3,0|3|1|1|0|3|3|3|0|4|3|3|6|0|3
22953,0,True,3,15,3,3|3|3|1|3|3|1|1|3|3|1|3|3|3|3
22983,8,True,4,14,3,3|3|3|3|1|6|8|1|3|1|3|3|1|3|3
22996,2,True,8,14,8,8|8|8|8|8|8|0|6|8|8|8|6|6|8|2
23004,2,True,1,4,2,2|2|2|2|2|2|1|2|2|1|2|2|1|1|2
23014,5,True,7,12,7,7|5|7|9|9|7|7|7|7|5|7|5|7|7|7
23021,1,True,9,15,9,9|9|9|9|9|6|9|9|9|9|9|9|9|9|9
23024,2,True,8,14,8,0|8|8|9|8|7|8|5|2|6|0|8|6|6|7
23025,0,False,0,9,0,0|0|6|0|0|6|0|5|5|4|5|6|5|0|6
23027,6,True,5,15,5,5|7|5|5|5|5|7|5|5|7|5|7|5|7|5
23094,8,False,8,4,8,8|8|8|7|8|8|8|8|8|8|0|8|0|8|0
23095,4,False,4,14,8,8|8|8|8|8|8|8|8|8|8|8|8|4|8|8
23097,3,False,3,6,3,3|2|1|1|3|3|1|7|3|3|3|3|1|3|3
23098,4,False,4,12,8,4|8|8|8|8|4|8|8|8|8|8|8|4|8|8
23129,1,True,6,10,-1,5|3|0|4|1|0|1|1|1|4|0|1|4|0|0
23135,5,False,5,6,5,2|2|2|5|5|5|5|5|5|5|5|2|5|2|2
23136,6,False,6,13,4,4|8|6|8|8|4|6|8|4|4|8|4|4|4|8
23141,4,True,2,6,4,4|4|2|4|8|4|4|8|4|4|6|6|0|4|4
23145,7,False,7,5,7,7|7|7|3|5|7|7|5|5|7|7|7|7|7|5
23149,8,True,4,11,4,6|4|4|4|8|4|6|4|8|4|8|2|4|8|4
23166,2,True,5,15,5,3|7|7|5|5|5|9|5|5|7|7|5|5|5|7
23169,4,True,2,4,4,4|6|4|4|4|4|4|4|6|4|6|4|6|4|4
23172,1,True,7,14,7,7|7|7|7|7|7|1|7|7|7|7|7|7|7|7
23189,3,False,3,2,3,3|3|3|3|3|3|1|3|1|3|3|3|3|3|3
23229,0,False,0,3,0,0|0|4|0|0|0|0|0|4|0|0|0|5|0|0
23258,3,False,3,4,3,3|3|6|3|3|3|1|3|1|1|3|3|3|3|3
23281,7,False,7,6,7,7|9|7|9|7|7|7|7|7|9|7|9|7|6|5
23292,6,False,6,8,6,4|4|6|6|2|4|2|2|6|6|6|2|6|2|6
23307,6,False,6,14,4,4|4|4|4|6|4|8|4|4|4|4|4|4|4|4
23315,2,True,8,11,8,2|2|6|0|8|8|8|8|8|0|2|0|6|8|2
23341,6,False,6,10,4,4|6|6|4|6|4|4|6|4|4|6|4|4|4|4
23343,9,False,9,1,9,9|9|9|9|9|9|1|9|9|9|9|9|9|9|9
23363,2,False,2,15,4,4|8|8|8|8|4|4|3|3|4|4|3|3|6|6
23386,6,True,8,12,8,8|6|8|0|8|8|8|8|8|0|8|0|6|8|6
23415,2,True,8,13,5,6|5|5|2|8|5|2|5|0|7|6|5|1|7|5
23435,0,True,8,5,0,8|3|8|0|0|0|0|0|0|0|8|0|6|0|0
23440,2,True,1,0,2,2|2|2|2|2|2|2|2|2|2|2|2|2|2|2
23447,0,True,8,6,0,8|0|0|0|8|8|0|0|0|0|0|0|8|8|8
23467,9,False,9,2,9,9|7|9|9|7|9|9|9|9|9|9|9|9|9|9
23469,3,False,3,11,-1,1|8|8|8|3|5|1|4|4|3|1|1|3|4|3
23528,8,False,8,14,0,0|0|0|0|0|0|8|0|0|0|0|0|0|0|0
23540,1,True,7,14,7,5|7|7|5|2|7|5|7|1|7|3|7|7|7|7
23561,7,False,7,0,7,7|7|7|7|7|7|7|7|7|7|7|7|7|7|7
23563,7,False,7,7,7,6|7|7|5|7|7|7|6|7|5|7|5|5|7|5
23579,2,True,6,10,6,2|2|2|2|6|6|6|6|2|6|6|6|6|4|6
23596,2,False,2,11,4,2|4|2|0|2|4|4|4|2|4|8|6|4|4|4
23603,4,True,6,7,4,4|8|4|6|8|4|6|4|4|4|4|2|8|4|6
23620,2,True,6,14,6,3|6|6|6|2|3|0|6|0|6|0|6|6|1|0
23701,7,False,7,1,7,7|7|7|7|7|5|7|7|7|7|7|7|7|7|7
23705,2,False,2,11,6,3|6|8|6|5|3|2|6|2|6|6|2|1|2|3
23707,3,True,7,15,7,7|7|7|7|7|7|7|5|5|7|7|7|7|7|7
23752,5,True,7,9,5,9|5|6|6|5|7|7|5|7|5|7|5|5|7|6
23763,5,True,0,14,0,0|0|0|0|0|0|0|5|0|4|0|0|0|0|0
23765,4,True,0,14,0,4|0|5|0|0|0|0|0|0|0|0|0|0|0|0
23785,8,True,4,13,4,4|3|8|4|6|3|4|6|4|4|8|4|4|4|0
23796,6,False,6,11,6,6|3|2|2|6|3|8|5|7|6|8|6|2|4|7
23817,0,True,8,13,8,6|6|8|6|8|8|8|8|0|6|0|8|6|8|8
23835,4,True,8,15,8,6|0|8|3|2|8|8|8|3|8|0|0|6|6|5
23849,0,False,0,5,0,5|0|0|0|0|7|0|5|0|8|0|0|5|0|0
23852,1,True,3,7,1,3|3|3|3|3|1|1|1|1|1|3|1|1|1|3
23891,6,False,6,11,6,8|3|7|6|2|4|0|6|5|4|2|6|0|6|0
23903,5,True,0,13,4,4|0|5|0|2|4|5|6|4|4|6|6|4|4|0
23904,1,False,1,12,2,2|2|2|2|2|2|2|2|2|2|1|2|1|1|2
23926,3,True,7,11,7,3|3|7|7|7|7|7|7|3|7|7|7|3|7|0
23954,1,True,2,13,4,6|4|4|8|8|6|6|8|4|4|4|4|1|1|3
23976,3,False,3,6,3,3|3|3|1|1|3|1|1|3|1|3|1|3|3|3
23986,2,True,5,13,5,5|5|5|5|2|5|2|5|5|3|5|5|5|5|5
24005,1,True,6,13,3,4|2|2|4|3|3|3|6|3|3|3|3|1|4|1
24014,6,False,6,14,0,0|0|0|6|0|5|5|0|8|2|1|7|0|0|0
24053,4,False,4,13,8,8|8|8|8|8|8|8|8|8|8|8|8|4|8|4
24055,1,True,3,14,4,6|2|5|1|0|4|4|6|8|4|6|6|4|4|3
24059,5,True,7,14,7,7|7|7|7|7|9|7|7|7|7|7|7|7|7|5
24074,8,True,4,1,8,8|8|8|8|8|8|8|8|8|8|8|8|4|8|8
24088,8,False,8,11,6,6|6|6|6|8|7|6|0|8|2|8|8|4|0|0
24089,2,True,5,15,5,5|5|5|5|9|5|7|5|5|5|5|5|5|5|5
24117,0,True,8,12,8,8|6|8|8|8|8|8|6|8|7|8|0|8|0|0
24121,4,True,2,5,4,4|2|2|4|2|4|2|4|4|4|4|2|4|4|4
24140,7,False,7,0,7,7|7|7|7|7|7|7|7|7|7|7|7|7|7|7
24148,2,True,1,1,2,2|2|2|2|2|2|1|2|2|2|2|2|2|2|2
24165,7,True,8,13,8,6|6|8|3|8|7|8|8|8|8|0|8|7|8|8
24222,2,True,1,1,2,2|2|2|2|2|2|2|2|2|2|2|2|1|2|2
24240,4,True,0,13,0,4|0|0|0|0|5|0|0|4|0|0|0|0|0|0
24252,5,False,5,2,5,5|5|5|5|5|5|5|5|5|5|5|5|3|3|5
24254,1,True,3,14,3,3|3|3|3|3|3|3|1|3|3|3|3|3|3|3
24296,7,False,7,5,7,7|7|7|7|7|7|7|5|3|7|7|5|3|7|0
24298,6,True,2,4,6,6|6|6|6|6|8|0|6|6|4|6|6|6|4|6
24344,1,False,1,14,2,2|2|2|2|2|2|1|2|2|2|2|2|2|2|2
24353,2,True,5,15,5,5|5|5|5|5|5|5|5|5|5|5|5|5|7|5
24373,3,False,3,3,3,3|3|3|3|3|3|3|3|3|1|3|1|3|1|3
24378,5,False,5,12,7,7|7|7|7|7|7|5|5|7|7|5|7|7|7|7
24381,1,False,1,10,2,2|2|2|2|2|2|1|4|2|1|2|1|1|4|1
24424,2,False,2,13,4,2|6|0|2|6|4|4|6|3|4|0|6|4|4|3
24428,7,False,7,5,7,7|5|7|5|7|5|7|5|7|7|5|7|7|7|7
24490,7,False,7,0,7,7|7|7|7|7|7|7|7|7|7|7|7|7|7|7
24492,0,False,0,3,0,0|0|0|0|0|5|0|5|0|0|0|0|0|5|0
24511,0,False,0,10,5,0|5|5|0|0|5|5|5|5|4|0|5|6|0|5
24530,0,True,2,12,-1,3|6|0|3|2|8|0|2|3|2|0|6|6|6|3
24557,1,True,6,12,3,4|4|1|1|3|3|0|3|3|1|0|3|3|4|3
24558,4,True,0,11,0,0|0|0|4|0|4|0|0|0|4|0|0|0|0|4
24573,2,True,1,11,-1,4|2|8|6|2|6|2|4|6|4|4|6|6|4|2
24595,9,False,9,2,9,9|9|9|9|9|9|9|9|8|9|9|9|9|9|6
24612,4,False,4,14,6,3|6|6|2|6|6|8|6|6|6|6|2|6|6|4
24655,5,False,5,2,5,5|2|5|5|5|5|5|5|5|7|5|5|5|5|5
24669,6,False,6,15,0,0|0|0|5|0|4|0|5|4|4|0|0|4|0|0
24685,9,False,9,1,9,9|9|9|9|9|9|9|9|1|9|9|9|9|9|9
24693,6,True,9,6,6,6|9|6|9|9|6|9|6|6|9|6|6|9|6|6
24700,6,True,8,11,8,6|6|6|7|8|8|8|8|8|7|8|0|6|8|0
24720,6,True,2,12,4,4|4|4|2|6|4|4|4|4|4|8|6|6|4|4
24727,3,False,3,11,0,4|3|0|0|3|3|1|0|3|1|6|0|0|0|0
24741,9,True,0,15,0,0|0|5|0|0|3|0|5|5|1|6|5|0|0|0
24752,8,False,8,11,5,0|8|5|8|8|5|7|5|5|7|5|8|5|6|5
24756,5,False,5,7,5,7|5|5|7|7|7|7|5|5|7|5|5|5|7|5
24765,3,True,5,11,5,5|5|5|5|5|5|8|5|5|3|5|5|3|3|3
24773,8,True,4,9,-1,8|4|8|3|4|4|8|4|8|4|8|6|4|8|6
24777,1,True,2,14,4,4|6|4|6|8|8|4|6|4|4|8|4|8|1|2
24831,4,True,0,13,0,4|0|0|0|0|0|0|0|4|0|0|0|0|0|0
24838,5,False,5,7,5,7|7|5|5|7|5|7|5|7|7|5|7|5|5|5
24840,1,True,9,14,9,9|9|9|9|9|9|9|9|9|9|9|1|9|9|9
24846,0,False,0,4,0,4|0|0|0|0|4|0|0|4|0|0|0|0|0|4
24854,2,True,1,3,2,2|2|2|2|2|2|1|2|2|2|1|2|1|2|2
24866,0,True,8,5,0,8|6|0|0|0|6|0|0|8|0|0|0|0|8|0
24903,8,True,4,1,8,8|8|8|8|8|8|8|8|8|8|8|8|4|8|8
24929,0,False,0,1,0,0|0|0|0|0|0|0|0|4|0|0|0|0|0|0
24952,2,True,5,13,5,2|2|5|7|5|5|7|5|5|7|5|7|5|1|7
25000,7,False,7,4,7,5|2|7|7|7|5|7|7|7|7|7|7|7|5|7
25004,7,False,7,4,7,3|7|7|3|7|7|7|7|7|3|7|7|7|7|3
25005,8,False,8,13,0,7|5|0|7|8|7|0|0|6|7|0|8|0|7|0
25010,8,True,4,11,4,8|6|8|0|2|6|6|4|4|4|4|8|4|4|8
25038,4,False,4,13,2,8|2|6|0|8|2|8|0|2|6|2|4|4|6|5
25055,5,True,0,7,5,0|0|0|0|0|5|5|5|5|0|5|5|5|0|5
25064,2,False,2,7,2,3|2|2|0|2|0|2|2|3|2|2|2|4|4|3
25071,2,False,2,14,6,6|6|2|8|6|5|8|6|4|6|4|6|4|4|6
25086,3,False,3,4,3,3|3|1|3|8|3|3|3|3|4|3|1|3|3|3
25103,5,False,5,3,5,5|7|5|2|2|5|5|5|5|5|5|5|5|5|5
25105,7,True,5,7,7,6|5|5|7|7|7|7|7|5|7|7|5|5|7|5
25162,4,True,0,9,-1,0|6|4|0|0|4|0|6|4|4|0|4|0|4|3
25173,5,False,5,8,5,9|5|9|9|5|5|9|5|2|7|7|5|5|7|5
25188,2,True,8,15,0,8|0|0|0|0|0|0|0|8|0|0|0|0|8|0
25225,2,True,8,15,8,8|8|8|8|8|8|6|8|8|7|8|8|6|0|8
25261,5,True,0,12,0,0|0|0|0|0|0|0|5|5|0|0|0|5|0|3
25267,1,False,1,10,2,2|2|2|2|1|2|1|0|2|1|2|1|1|2|2
25287,0,False,0,1,0,0|0|0|0|0|0|0|0|0|0|0|0|0|0|4
25295,6,False,6,7,6,6|4|6|6|4|4|6|6|4|4|6|4|6|6|4
25296,2,True,1,0,2,2|2|2|2|2|2|2|2|2|2|2|2|2|2|2
25320,1,True,9,15,9,9|9|9|9|9|9|9|9|9|9|9|9|9|9|9
25351,5,False,5,9,7,7|5|7|7|5|7|7|5|7|7|5|5|5|7|7
25446,7,False,7,3,7,7|7|7|3|7|7|7|7|7|7|7|7|7|3|3
25485,2,True,1,1,2,2|2|2|2|2|2|2|2|2|2|2|2|1|2|2
25493,4,True,0,7,4,4|4|0|4|6|4|0|4|0|4|0|4|1|4|0
25499,5,False,5,2,5,5|5|5|5|5|5|2|5|5|3|5|5|5|5|5
25527,6,False,6,12,0,2|3|0|6|5|6|0|6|0|1|7|2|0|0|5
25552,4,True,6,8,4,4|8|4|8|6|8|8|4|8|4|8|4|6|4|4
25555,2,True,5,15,5,5|5|5|5|5|3|5|5|3|5|5|5|5|5|5
25590,8,False,8,5,8,8|8|8|0|8|8|8|0|8|0|8|8|6|0|8
25609,4,True,6,9,-1,6|8|6|6|6|4|2|6|6|4|4|8|4|4|4
25630,8,False,8,13,0,0|0|0|0|0|6|0|0|8|0|8|0|0|0|0
25649,9,False,9,0,9,9|9|9|9|9|9|9|9|9|9|9|9|9|9|9
25657,2,True,8,13,6,2|8|6|6|0|8|2|6|8|0|0|6|6|0|8
25659,9,True,2,14,2,2|2|2|3|6|2|0|2|3|9|3|6|6|3|2
25667,3,True,2,15,4,4|4|4|4|6|4|2|4|4|6|6|6|4|2|4
25671,2,True,6,10,-1,4|6|2|2|2|6|4|6|2|6|8|9|2|6|4
25672,1,True,9,14,9,9|9|9|9|9|9|9|9|9|9|9|9|1|9|9
25685,2,False,2,12,4,4|2|2|3|6|4|2|4|0|4|8|6|4|0|4
25693,5,False,5,6,5,7|5|5|5|5|5|7|5|5|7|5|7|5|7|7
25704,4,False,4,13,3,4|3|1|3|3|3|1|6|3|1|3|3|0|0|4
25713,4,True,0,12,0,4|1|0|0|3|4|0|0|0|4|0|3|0|0|0
25716,7,False,7,5,7,3|3|7|3|7|3|7|7|7|7|7|7|3|7|7
25717,6,True,9,15,9,9|9|9|9|9|9|9|9|9|9|9|9|9|9|9
25747,6,True,9,11,9,9|9|6|9|9|9|5|5|6|7|6|5|9|7|6
25754,6,True,8,13,8,6|8|8|8|8|8|0|8|8|8|0|8|6|8|8
25758,4,True,9,15,9,9|9|9|5|9|9|9|5|9|7|6|9|5|9|9
25782,2,True,1,0,2,2|2|2|2|2|2|2|2|2|2|2|2|2|2|2
25800,0,False,0,14,6,6|0|6|4|6|4|6|6|4|6|6|2|6|6|6
25804,4,True,0,13,0,0|0|4|0|0|0|0|0|0|0|0|0|4|0|0
25829,9,True,2,15,2,2|2|2|2|2|6|4|4|4|6|3|2|6|4|6
25841,1,True,7,15,7,7|3|7|7|7|7|7|7|7|7|7|7|7|7|7
25853,2,True,5,15,5,3|7|7|3|5|5|7|5|5|7|5|5|5|7|5
25871,1,False,1,14,-1,2|8|4|8|2|4|2|4|2|6|4|1|6|6|6
25884,5,False,5,3,5,7|5|5|5|7|5|5|5|5|5|5|5|5|7|5
25911,9,True,0,15,3,3|3|3|0|3|1|4|4|0|4|1|4|1|1|3
25916,1,False,1,14,2,2|2|2|2|2|2|2|2|2|2|2|2|1|2|2
25923,1,True,2,15,8,8|8|8|8|8|8|4|8|8|4|8|4|4|4|2
25957,6,False,6,0,6,6|6|6|6|6|6|6|6|6|6|6|6|6|6|6
25966,5,True,0,15,6,8|3|6|8|6|4|6|6|2|6|0|6|6|6|6
25968,1,True,9,15,9,6|7|7|9|9|5|9|5|9|7|7|9|9|9|9
25970,4,False,4,13,6,6|6|6|6|6|4|8|6|8|6|4|6|6|9|2
25989,1,True,7,15,7,7|7|7|7|7|7|7|7|7|7|7|7|7|7|7
25999,4,False,4,11,8,8|8|8|8|8|8|8|8|8|4|4|8|4|4|8
26022,3,True,5,15,5,0|5|5|7|5|5|5|5|7|5|0|5|7|5|7
26034,2,True,0,13,0,0|0|4|0|2|0|0|0|2|4|6|0|0|0|0
26048,2,True,5,14,5,7|7|5|5|5|3|2|5|5|7|5|5|5|7|7
26051,2,True,6,15,6,6|6|6|6|6|6|6|6|6|6|6|6|6|4|6
26081,3,True,1,15,2,2|2|1|2|1|2|1|2|2|1|2|1|1|2|2
26094,5,True,0,5,5,0|5|5|0|0|5|5|5|5|4|5|5|5|0|5
26099,4,False,4,12,3,3|8|4|3|2|6|8|3|3|1|4|3|1|3|4
26105,8,False,8,12,0,8|7|7|0|2|8|0|0|0|2|7|9|6|8|0
26109,6,False,6,11,4,4|4|4|6|6|4|6|4|4|4|4|4|6|4|4
26121,0,False,0,10,-1,8|6|6|8|0|4|0|6|8|0|0|8|1|0|8
26128,6,False,6,10,0,6|0|0|0|2|6|6|5|5|0|0|6|6|0|5
26152,1,False,1,12,2,2|2|2|2|2|1|2|2|2|6|2|2|1|2|1
26163,2,True,1,2,2,2|2|2|2|2|2|1|2|2|2|2|2|1|2|2
26166,8,False,8,11,0,0|8|8|0|8|0|0|0|0|0|0|8|0|0|0
26180,1,True,4,15,3,8|2|5|8|6|4|9|3|3|6|8|3|3|6|0
26185,2,True,1,1,2,2|2|2|2|2|2|2|2|2|2|2|2|2|1|2
26205,1,True,3,9,3,3|1|3|1|3|3|1|3|1|1|3|1|3|3|3
26214,4,False,4,15,8,8|8|8|3|1|8|8|8|8|1|8|1|1|8|6
26218,4,False,4,13,8,8|8|8|8|8|4|8|8|8|8|8|8|4|8|8
26256,0,True,3,14,3,3|3|3|3|3|3|3|0|3|5|3|3|1|3|3
26265,4,True,6,2,4,4|0|4|4|6|4|4|4|4|4|4|4|4|4|4
26282,3,True,7,7,3,3|3|3|3|7|3|7|3|7|7|7|7|3|7|3
26298,1,True,2,13,8,8|2|8|2|8|8|8|4|8|4|8|1|1|4|2
26344,4,False,4,8,4,4|2|8|7|8|4|4|4|8|8|8|3|4|4|4
26345,6,False,6,1,6,6|6|6|6|8|6|6|6|6|6|6|6|6|6|6
26350,2,False,2,13,6,3|3|3|2|6|8|8|6|6|2|3|6|6|6|6
26370,2,True,1,1,2,2|2|2|2|2|2|2|2|2|2|2|2|1|2|2
26381,8,False,8,10,6,6|6|8|6|6|8|0|6|8|4|6|6|6|8|8
26397,4,False,4,8,8,4|8|8|8|8|4|8|4|8|4|8|4|4|4|8
26402,8,False,8,6,8,8|8|8|0|8|8|8|8|8|7|0|0|6|0|8
26403,8,True,5,14,5,5|5|7|5|5|6|8|3|7|7|5|7|5|7|5
26413,2,True,1,0,2,2|2|2|2|2|2|2|2|2|2|2|2|2|2|2
26433,3,True,2,10,3,3|3|2|0|2|3|8|2|5|6|3|6|0|3|2
26440,4,True,0,12,0,0|0|0|0|0|0|0|4|0|0|0|0|0|4|4
26484,1,True,7,15,7,7|7|7|7|7|7|7|7|7|7|7|7|7|7|7
26492,2,True,1,3,2,2|2|2|2|2|2|1|2|2|2|2|1|1|2|2
26513,3,False,3,4,3,3|3|3|7|7|3|3|7|3|3|3|1|3|3|3
26523,3,True,5,15,5,9|5|5|7|7|5|7|5|5|7|5|7|5|7|5
26525,0,True,8,11,8,8|8|0|8|8|0|8|8|8|0|8|0|6|8|8
26541,8,True,4,3,8,8|8|8|4|8|4|8|8|8|8|8|8|4|8|8
26546,4,True,0,15,0,3|3|0|0|0|3|0|3|3|1|0|3|0|0|0
26555,9,False,9,0,9,9|9|9|9|9|9|9|9|9|9|9|9|9|9|9
26557,1,True,3,14,3,8|3|5|0|3|3|0|4|3|4|0|3|1|3|0
26577,8,True,4,3,8,8|8|8|4|8|8|8|8|8|8|8|8|4|4|8
26583,4,True,0,12,0,0|0|4|0|0|0|0|0|4|4|6|0|0|0|0
26594,9,False,9,0,9,9|9|9|9|9|9|9|9|9|9|9|9|9|9|9
26602,9,True,7,11,7,9|9|9|5|5|7|9|5|7|7|5|7|7|7|5
26609,0,False,0,9,0,4|3|0|4|3|0|1|3|0|4|0|4|0|4|0
26612,2,True,1,5,2,2|2|1|2|2|2|1|2|2|2|2|2|1|1|1
26613,1,True,9,14,9,9|9|9|9|9|9|9|9|1|9|9|9|9|9|3
26615,0,True,8,3,0,8|0|0|8|8|0|0|0|0|0|0|0|0|0|0
26626,8,True,4,15,2,2|2|2|6|2|4|1|6|4|0|2|2|4|4|4
26631,5,True,3,15,3,3|3|3|1|3|3|3|3|3|1|3|3|0|3|3
26637,4,True,6,15,6,6|0|6|6|0|6|0|6|6|6|6|0|6|0|6
26640,2,True,1,1,2,2|2|2|2|2|2|1|2|2|2|2|2|2|2|2
26650,1,True,3,14,3,3|3|3|1|3|3|3|3|3|3|3|3|3|3|3
26666,9,False,9,5,9,9|9|9|9|9|6|9|9|6|9|9|6|9|6|6
26685,2,True,5,14,5,2|5|5|5|5|5|5|5|5|5|5|5|5|5|5
26688,7,True,2,15,6,6|6|6|6|6|6|6|6|6|6|6|0|4|6|6
26709,2,True,8,10,8,8|2|8|2|8|8|0|0|8|2|8|0|2|8|2
26715,7,False,7,8,5,7|5|5|5|7|5|7|5|5|7|7|7|5|5|7
26724,1,True,5,15,5,5|2|5|5|5|5|2|5|5|5|5|5|3|5|5
26789,9,False,9,0,9,9|9|9|9|9|9|9|9|9|9|9|9|9|9|9
26794,4,True,6,14,6,2|3|6|9|3|3|2|6|6|2|6|2|0|4|6
26797,1,True,9,15,9,9|9|9|9|9|9|9|9|9|9|9|9|9|9|9
26807,9,False,9,0,9,9|9|9|9|9|9|9|9|9|9|9|9|9|9|9
26813,2,True,1,0,2,2|2|2|2|2|2|2|2|2|2|2|2|2|2|2
26814,6,False,6,7,6,0|6|8|6|3|4|5|6|8|6|6|6|0|6|6
26830,6,True,9,15,9,9|9|9|9|9|9|9|9|9|9|9|7|9|9|9
26868,8,False,8,9,0,0|8|8|8|8|8|0|8|0|0|0|0|0|0|0
26913,4,False,4,12,8,8|8|8|8|8|4|8|8|8|4|8|8|4|8|8
26915,4,True,6,10,4,4|0|0|6|6|4|5|6|4|4|6|0|5|0|4
26918,9,False,9,0,9,9|9|9|9|9|9|9|9|9|9|9|9|9|9|9
26919,8,True,4,15,3,3|3|1|3|3|3|1|3|3|1|3|3|3|3|0
26927,8,False,8,7,8,8|8|0|0|8|8|0|0|8|0|8|6|0|8|8
26937,6,False,6,7,6,6|4|2|6|2|6|6|0|6|6|6|4|4|6|8
26941,4,False,4,14,6,6|8|8|6|2|8|2|6|2|6|6|8|6|4|6
26960,6,True,9,14,9,9|9|6|9|9|9|9|9|9|9|9|9|9|9|7
26985,7,False,7,2,7,7|7|7|9|7|7|7|7|5|7|7|7|7|7|7
27002,0,True,8,4,0,0|8|8|0|0|0|0|6|8|0|0|0|0|0|0
27026,0,False,0,13,2,6|8|5|0|2|4|0|6|2|1|2|1|2|2|2
27052,2,True,1,1,2,2|2|2|2|2|2|1|2|2|2|2|2|2|2|2
27142,4,False,4,6,4,8|4|4|4|8|8|8|4|4|4|8|4|4|4|8
27145,4,False,4,12,6,6|6|5|2|6|4|2|6|6|6|4|8|4|3|8
27156,2,True,1,2,2,2|2|2|2|2|2|2|2|2|2|2|2|1|1|2
27181,0,True,8,9,8,8|0|8|0|0|8|2|8|8|0|8|6|0|0|8
27186,5,True,0,14,0,6|0|0|0|6|4|0|6|4|4|5|0|0|7|6
27214,8,False,8,10,0,8|0|0|8|8|0|0|0|8|0|8|0|6|0|0
27222,4,False,4,13,8,8|8|8|7|2|8|8|4|8|8|8|8|4|8|8
27242,1,True,7,15,7,7|7|7|7|7|7|7|7|7|7|7|7|7|7|7
27249,6,True,9,13,9,9|9|9|9|9|9|9|9|9|9|9|9|9|6|6
27264,5,False,5,2,5,5|2|5|0|5|5|5|5|5|5|5|5|5|5|5
27292,3,True,6,14,6,2|0|6|6|6|6|0|6|3|6|6|6|6|6|6
27302,9,False,9,0,9,9|9|9|9|9|9|9|9|9|9|9|9|9|9|9
27312,7,False,7,1,7,7|7|7|7|7|7|7|7|7|7|7|7|7|7|2
27315,4,True,2,7,4,2|4|2|4|2|4|2|4|2|4|4|2|3|4|4
27322,1,True,3,12,3,3|8|8|8|3|3|3|4|1|3|3|3|1|1|3
27325,1,True,7,15,7,7|7|5|7|7|7|7|7|7|7|7|7|7|7|5
27344,4,True,0,9,0,4|0|5|4|0|4|0|0|4|4|0|4|0|1|0
27387,2,False,2,12,4,2|4|5|4|8|4|5|4|4|0|0|2|6|2|5
27395,2,False,2,14,8,8|8|8|8|2|8|1|4|8|4|1|8|1|1|8
27399,4,True,0,14,0,0|0|0|0|0|0|0|0|0|0|0|0|0|4|0
27411,8,True,4,8,4,4|4|4|8|8|8|8|4|8|4|4|8|4|4|8
27418,1,False,1,14,2,2|2|2|2|2|2|3|2|2|2|2|2|1|2|2
27420,5,False,5,10,7,7|5|2|7|7|5|2|7|7|6|7|7|5|5|5
27431,2,True,6,15,6,6|6|6|6|6|4|6|6|6|6|6|6|6|6|6
27438,7,False,7,3,7,7|7|7|7|7|3|7|7|7|7|7|7|0|7|3
27459,4,False,4,7,4,4|8|4|4|8|8|8|4|2|4|8|8|4|4|4
27463,6,False,6,13,4,2|8|2|8|2|8|4|4|4|4|4|2|6|4|6
27464,6,True,9,14,9,9|9|9|9|9|6|9|9|9|9|9|9|9|9|9
27482,1,True,3,6,1,1|1|8|4|3|3|1|1|1|1|1|3|1|4|1
27554,2,True,1,9,1,2|2|2|1|1|2|1|2|1|1|1|2|1|1|1
27570,4,False,4,10,8,8|6|4|8|8|8|8|6|4|6|8|6|4|4|4
27576,3,False,3,5,3,3|3|3|3|8|3|3|1|1|3|3|1|3|1|3
27585,7,True,8,14,0,0|0|8|8|0|0|0|6|0|0|0|0|0|7|2
27590,4,True,6,3,4,4|8|4|4|8|4|4|4|4|4|8|4|4|4|4
27596,4,True,0,14,0,0|0|0|0|0|5|0|5|5|4|0|5|5|0|0
27623,2,True,1,15,3,3|3|3|3|3|3|7|3|1|1|3|7|3|3|3
27638,2,True,8,14,0,0|2|0|8|8|8|0|0|0|8|0|0|9|8|0
27646,6,True,8,11,8,8|6|8|8|8|8|6|8|8|6|8|8|6|8|8
27656,7,False,7,3,7,9|7|7|9|7|5|7|7|7|7|7|7|7|7|7
27663,4,True,0,15,0,0|0|5|0|0|6|0|6|5|0|0|0|0|0|0
27675,8,True,4,8,-1,8|8|8|4|8|4|8|6|8|8|4|4|4|4|4
27689,6,False,6,15,8,4|8|8|8|8|4|4|8|8|4|8|1|4|8|8
27699,1,False,1,7,1,1|2|2|2|8|2|1|3|1|1|1|1|1|1|2
27715,9,False,9,2,9,9|7|9|9|9|9|9|9|1|9|9|9|9|9|9
27721,3,False,3,3,3,1|3|3|3|3|3|1|3|3|1|3|3|3|3|3
27723,7,False,7,12,-1,7|9|7|9|9|6|6|6|6|9|9|6|9|7|6
27724,1,False,1,14,2,2|2|2|2|2|1|2|2|2|2|2|2|2|2|2
27739,3,True,7,14,7,7|7|7|7|7|7|7|7|5|7|7|7|7|7|3
27792,9,False,9,9,9,9|9|9|6|9|7|7|6|7|9|6|9|7|7|6
27811,1,True,7,15,7,7|7|7|7|7|7|7|7|7|7|7|7|7|7|7
27829,0,False,0,13,3,1|3|3|3|3|0|1|4|4|4|1|3|3|3|0
27842,9,False,9,0,9,9|9|9|9|9|9|9|9|9|9|9|9|9|9|9
27846,3,False,3,4,3,3|3|3|3|3|3|3|3|1|1|3|1|3|1|3
27854,1,False,1,12,2,2|2|2|2|2|2|2|2|2|2|2|1|1|1|2
27864,3,True,2,15,0,0|0|4|0|4|0|2|0|0|4|4|0|0|2|2
27885,5,False,5,2,5,2|2|5|5|5|5|5|5|5|5|5|5|5|5|5
27894,4,True,2,10,6,6|6|6|2|6|4|6|4|2|6|6|4|6|4|4
27918,3,False,3,4,3,3|3|1|3|3|3|1|3|3|3|3|3|1|1|3
27921,7,True,5,5,7,7|7|7|5|5|5|5|7|7|7|7|7|7|5|7
27924,5,True,7,14,9,9|5|9|9|9|6|9|9|9|7|9|9|6|9|9
27929,7,True,5,14,5,7|2|5|5|5|5|5|5|5|5|5|5|5|5|5
27937,2,True,1,1,2,2|2|2|2|2|2|1|2|2|2|2|2|2|2|2
27947,8,False,8,10,0,8|8|7|7|0|8|0|0|8|0|0|0|0|8|0
27981,0,False,0,12,5,5|5|5|0|0|5|5|5|5|4|5|5|0|1|5
27990,1,True,3,12,4,4|4|2|6|2|1|1|4|3|0|6|4|1|4|4
28018,2,True,8,13,-1,6|6|0|8|3|8|8|0|2|0|2|0|6|6|8
28038,5,False,5,4,5,5|5|2|2|5|5|5|5|5|7|5|7|5|5|5
28040,4,True,6,10,6,6|6|6|6|8|4|6|6|6|4|4|4|6|4|6
28046,4,True,6,12,0,0|0|6|6|5|4|0|5|4|4|5|9|5|0|0
28123,8,False,8,5,8,8|2|8|8|8|8|5|0|8|8|8|8|6|0|8
28154,8,True,6,13,0,6|6|0|6|0|8|0|6|8|0|0|6|4|0|5
28159,6,False,6,4,6,9|6|3|2|6|6|9|6|6|6|6|6|6|6|6
28174,4,True,6,10,4,4|2|8|4|2|4|6|2|4|6|0|6|6|4|2
28187,1,False,1,12,2,2|2|2|2|2|1|2|2|2|2|2|2|1|1|2
28188,4,False,4,12,8,8|2|8|8|8|8|4|6|8|6|6|4|8|4|6
28198,7,False,7,0,7,7|7|7|7|7|7|7|7|7|7|7|7|7|7|7
28201,2,True,1,0,2,2|2|2|2|2|2|2|2|2|2|2|2|2|2|2
28210,4,True,6,14,6,0|6|6|0|6|6|6|6|4|6|6|6|6|0|6
28227,2,False,2,15,8,4|8|4|3|8|8|8|4|8|8|8|8|4|4|4
28228,2,True,1,9,-1,2|2|2|8|1|1|6|1|2|2|3|1|1|1|2
28252,1,True,7,14,7,7|7|7|7|7|7|7|7|7|7|7|7|7|7|1
28266,1,True,3,14,3,3|3|3|3|3|3|3|3|3|1|3|3|3|3|3
28381,2,False,2,14,6,6|6|0|2|6|5|0|6|6|6|0|6|0|4|0
28406,0,True,3,12,3,0|8|0|4|3|6|0|8|4|1|3|3|3|4|6
28492,4,True,0,13,0,5|0|0|6|0|6|0|5|4|0|6|0|4|0|6
28505,1,True,3,14,3,3|3|7|3|3|3|3|1|3|3|3|3|3|3|3
28519,2,True,5,15,5,9|7|7|5|7|5|5|5|5|7|5|7|5|5|5
28521,2,True,8,15,8,4|8|4|8|8|8|8|8|8|6|6|6|6|8|8
28533,4,True,6,15,6,6|6|6|6|6|6|8|6|6|6|6|6|6|6|6
28538,2,True,6,14,6,6|6|4|6|6|6|6|6|8|4|3|2|6|6|6
28551,6,False,6,4,6,6|6|6|6|6|4|0|6|6|4|6|6|4|6|6
28553,8,False,8,11,0,6|6|0|6|8|0|0|8|0|6|8|0|0|8|0
28566,5,True,0,15,0,0|0|0|0|0|0|0|0|0|0|0|0|0|0|0
28581,9,False,9,1,9,9|9|9|9|9|1|9|9|9|9|9|9|9|9|9
28586,4,False,4,13,8,8|8|8|8|8|4|8|8|8|8|8|8|4|8|8
28590,2,True,8,15,8,8|8|6|6|8|8|6|8|7|6|8|8|6|8|0
28592,0,True,8,10,8,8|8|8|0|8|6|6|0|8|0|0|8|6|0|8
28604,9,False,9,0,9,9|9|9|9|9|9|9|9|9|9|9|9|9|9|9
28605,2,True,1,2,2,2|2|2|2|2|2|1|2|2|2|2|2|1|2|2
28609,1,True,7,14,7,7|7|7|7|7|7|1|7|7|7|7|7|7|7|7
28623,8,False,8,11,0,0|8|0|0|8|0|0|8|8|0|0|0|0|0|0
28625,7,True,3,12,-1,1|7|7|7|3|3|1|1|3|1|3|1|1|3|3
28628,5,True,3,15,3,3|3|3|4|0|8|0|1|8|6|3|3|3|6|6
28635,0,False,0,10,6,4|0|6|0|6|6|0|6|4|4|6|0|0|4|6
28657,2,True,6,15,6,6|6|6|6|6|6|6|6|6|6|6|6|6|6|6
28676,7,False,7,1,7,7|7|5|7|7|7|7|7|7|7|7|7|7|7|7
28693,6,True,8,12,8,8|8|6|8|8|0|0|0|8|6|8|8|6|8|0
28701,5,False,5,10,7,7|7|7|7|7|7|5|5|7|5|5|7|7|7|5
28718,2,False,2,6,2,2|2|2|6|2|4|1|4|2|2|2|2|1|4|2
28720,2,True,1,1,2,2|2|2|2|2|2|2|2|2|2|2|2|1|2|2
28730,6,False,6,7,6,6|2|6|2|6|8|8|6|2|6|3|6|6|6|2
28731,7,False,7,1,7,7|7|7|7|7|7|7|7|7|7|7|7|7|7|1
28732,4,True,6,12,6,6|6|6|6|6|6|4|6|6|6|1|6|6|4|4
28734,1,False,1,13,2,2|2|2|2|2|2|1|2|2|2|2|2|1|2|2
28744,5,True,0,14,-1,0|4|4|0|5|4|0|0|4|4|4|0|4|0|0
28758,4,False,4,14,8,8|6|8|8|8|8|8|8|8|6|8|6|6|4|6
28768,2,True,1,1,2,2|2|2|2|2|2|2|2|2|2|2|2|1|2|2
28769,7,False,7,2,7,7|5|7|7|7|7|5|7|7|7|7|7|7|7|7
28801,2,True,8,15,6,6|6|6|6|0|6|8|6|6|6|8|0|6|8|8
28811,1,True,3,13,3,3|3|3|3|3|3|3|3|3|1|3|3|1|3|3
28824,1,True,2,15,3,2|3|3|0|6|3|2|2|6|2|3|0|3|0|3
28835,5,True,7,15,7,7|9|9|7|7|7|7|7|7|7|6|7|7|7|7
28838,6,False,6,14,0,0|0|5|0|0|6|0|0|0|4|0|0|0|0|5
28847,4,True,2,11,2,4|2|2|2|2|4|1|2|2|2|2|2|4|4|2
28866,0,False,0,15,1,1|2|7|9|3|6|1|3|1|1|6|3|3|4|1
28869,5,False,5,5,5,5|5|5|0|5|3|0|5|7|5|5|5|5|3|5
28895,3,True,5,13,5,3|5|5|5|5|5|5|5|5|5|5|5|5|3|5
28898,1,True,3,13,3,3|3|3|3|3|3|1|3|3|1|3|3|3|3|3
28908,5,False,5,1,5,5|5|5|5|5|5|5|5|5|5|5|5|5|2|5
28912,2,False,2,11,4,6|2|6|4|2|4|4|4|6|4|9|4|2|2|4
28930,7,True,5,13,5,5|5|7|5|8|5|5|5|5|5|5|5|7|0|5
28931,9,False,9,2,9,9|9|9|9|9|9|9|9|1|9|9|9|9|9|1
28945,9,True,2,15,6,6|6|8|0|8|6|6|0|6|6|8|1|0|8|8
28951,1,True,2,15,6,6|2|6|6|2|6|6|6|2|6|6|4|6|4|2
28957,5,True,0,9,-1,0|5|4|6|5|5|0|0|5|4|5|0|0|0|5
28963,8,True,6,15,-1,6|3|5|0|6|5|0|6|4|4|0|5|4|0|5
29000,1,True,7,15,5,2|5|5|5|5|5|5|5|5|5|5|7|7|5|5
29008,0,True,8,4,0,8|0|0|0|0|8|0|8|0|0|0|8|0|0|0
29022,1,True,3,15,3,3|3|3|3|3|3|3|0|3|3|3|3|3|3|3
29026,5,True,0,14,4,4|6|5|0|0|4|0|6|4|4|6|4|4|6|4
29034,7,False,7,6,7,7|7|5|6|7|9|5|7|7|7|5|7|7|7|5
29037,2,True,1,2,2,2|2|2|2|2|1|2|2|1|2|2|2|2|2|2
29059,5,True,7,10,7,7|5|7|7|7|5|7|5|7|7|7|7|5|7|5
29078,2,False,2,14,3,3|2|3|6|3|4|8|6|4|6|3|6|3|3|3
29082,7,True,8,7,7,8|7|8|7|8|7|7|8|8|7|8|7|7|7|0
29094,2,True,1,2,2,2|2|2|2|2|2|2|2|2|2|2|2|1|1|2
29105,4,True,0,11,0,0|8|0|4|0|3|0|4|0|1|0|4|4|0|0
29106,1,True,7,14,7,7|7|7|7|7|1|7|7|7|7|7|7|7|7|7
29111,4,False,4,11,8,8|2|8|8|8|8|4|4|8|4|8|2|8|4|8
29113,0,False,0,0,0,0|0|0|0|0|0|0|0|0|0|0|0|0|0|0
29129,4,True,6,14,6,6|6|4|6|3|6|2|6|3|6|6|6|6|3|3
29142,4,False,4,14,8,8|8|8|3|8|4|0|3|8|0|3|3|1|3|8
29148,4,True,6,4,4,4|4|4|6|4|4|6|6|4|6|4|4|4|4|4
29183,6,True,2,14,2,2|2|3|3|2|3|6|4|2|1|2|1|1|8|2
29203,9,False,9,2,9,9|9|9|9|9|6|9|9|9|9|9|9|9|9|6
29205,1,True,2,14,8,2|8|8|7|8|8|2|8|1|4|8|8|4|4|8
29210,1,True,3,10,3,3|6|3|1|3|2|1|1|1|2|2|3|1|3|3
29258,1,True,9,15,-1,6|7|9|9|9|7|5|5|5|7|7|9|5|7|5
29315,6,True,9,7,6,6|9|6|9|9|6|5|6|6|9|9|9|6|6|6
29331,6,True,2,12,2,2|2|2|2|6|4|1|6|4|4|3|4|2|6|2
29346,2,True,1,0,2,2|2|2|2|2|2|2|2|2|2|2|2|2|2|2
29349,2,False,2,15,8,4|8|8|8|8|8|8|8|8|4|8|8|4|8|4
29351,8,False,8,7,8,0|8|8|8|0|8|8|0|8|8|0|0|0|7|8
29355,2,False,2,11,6,6|2|6|6|6|4|0|2|5|6|6|6|3|2|2
29360,8,False,8,4,8,8|8|8|0|8|8|8|6|8|6|8|8|6|8|8
29381,3,False,3,2,3,3|3|3|3|3|3|1|3|1|3|3|3|3|3|3
29403,1,True,3,14,3,3|1|7|3|3|3|0|3|3|8|2|8|3|3|7
29424,1,False,1,14,2,2|2|2|2|2|2|1|2|2|2|2|2|2|2|2
29435,7,True,3,14,3,3|3|0|8|3|3|7|3|8|1|1|3|0|1|2
29455,6,False,6,3,6,6|6|6|6|6|6|8|6|4|4|6|6|6|6|6
29456,0,False,0,6,0,4|0|0|5|0|0|5|0|4|0|0|0|5|0|5
29459,3,True,7,14,7,7|7|7|7|7|7|7|7|7|7|3|7|5|7|7
29470,2,True,5,13,5,2|5|5|5|5|5|5|5|2|5|5|5|5|5|5
29486,5,False,5,4,5,5|5|5|5|5|5|9|5|2|5|5|5|5|1|2
29498,1,True,3,12,3,3|8|3|4|3|3|1|3|3|1|3|3|3|1|3
29502,1,True,2,14,8,4|8|6|1|2|8|8|6|8|4|8|4|4|8|8
29509,1,True,2,11,4,4|4|4|1|2|4|1|4|2|4|1|1|4|4|4
29528,5,True,7,10,7,6|7|7|6|5|5|7|5|7|9|6|5|5|7|7
29531,2,True,1,2,2,2|2|2|2|2|2|1|2|2|2|2|2|1|2|2
29539,1,True,9,15,9,9|9|9|9|9|9|9|9|9|6|9|9|9|9|6
29544,7,False,7,11,5,5|7|5|5|5|5|9|5|7|7|9|9|5|7|5
29630,4,True,9,15,9,9|9|9|9|9|9|9|9|9|6|9|9|9|9|6
29670,2,True,8,14,0,8|8|8|8|0|2|0|0|6|0|0|0|8|0|8
29675,1,True,3,14,3,3|0|3|6|8|3|3|0|3|8|3|3|1|3|3
29685,4,True,0,15,0,0|0|0|0|3|3|0|5|0|0|0|5|0|7|0
29695,8,False,8,8,8,6|6|8|6|8|8|8|3|8|8|8|6|6|0|2
29748,5,False,5,9,-1,7|7|2|0|7|7|7|5|5|6|5|5|5|7|5
29759,1,False,1,15,2,2|2|2|2|2|2|2|2|2|2|2|2|2|2|2
29768,6,True,9,10,9,9|9|6|9|9|5|9|6|9|7|9|9|6|6|6
29794,3,False,3,8,3,1|3|3|1|3|2|1|3|3|1|3|3|1|1|4
29799,2,True,0,11,-1,8|2|2|2|3|4|8|3|8|6|3|4|2|4|3
29824,1,True,3,13,3,3|3|3|1|3|3|0|3|3|3|3|3|1|3|3
29849,7,True,8,13,8,8|8|8|0|8|0|8|8|8|7|0|8|6|7|2
29861,0,False,0,9,4,4|4|4|0|0|4|0|4|4|4|0|4|0|4|0
29876,9,False,9,1,9,9|9|9|9|9|9|9|9|9|9|9|9|9|9|1
29877,5,False,5,4,5,5|5|7|5|5|5|5|5|7|7|5|5|5|7|5
29879,2,True,5,15,5,3|5|3|5|5|3|5|5|3|5|5|3|3|5|3
29902,8,False,8,11,-1,6|4|6|2|0|4|2|2|2|8|8|8|0|0|8
29928,2,True,5,14,5,5|5|5|2|3|5|5|5|5|5|5|7|5|5|5
29984,1,True,9,15,9,9|9|9|9|9|9|9|9|9|9|9|9|9|9|9
29994,8,True,6,15,6,6|6|6|6|6|6|6|6|6|6|6|6|6|6|6
30005,2,False,2,9,2,2|3|2|2|2|2|0|0|3|6|3|6|3|2|3
30014,1,False,1,14,2,2|2|2|2|2|2|2|2|2|2|2|2|1|2|2
30023,3,True,7,13,7,7|7|7|7|7|7|7|7|7|7|7|7|3|7|3
30041,7,False,7,12,5,7|5|5|6|5|5|5|5|7|5|5|5|5|7|5
30049,5,True,7,11,7,7|9|9|7|5|5|7|5|9|7|7|5|7|9|6
30058,2,True,6,15,8,4|8|4|8|8|4|8|8|8|4|8|4|4|4|8
30085,4,True,0,10,0,0|4|0|0|0|0|0|4|4|4|0|4|0|0|0
30105,2,True,1,2,2,2|2|2|2|2|2|1|2|2|2|2|1|2|2|2
30107,1,False,1,12,2,2|2|2|2|2|2|1|2|2|2|2|2|1|1|2
30119,1,True,2,15,2,6|4|2|7|2|2|4|4|2|2|5|2|4|4|2
30145,3,False,3,5,3,3|3|1|3|9|3|3|0|3|3|3|7|3|1|3
30161,1,True,2,9,1,4|6|6|4|1|1|4|4|1|4|1|2|1|1|3
30170,3,True,2,12,2,6|0|3|2|2|8|2|6|2|4|6|6|3|2|3
30172,5,False,5,7,5,7|7|7|5|5|7|5|5|5|7|5|7|5|1|5
30180,1,True,9,15,9,9|9|9|9|9|9|9|9|9|9|9|9|9|9|9
30182,3,False,3,10,-1,4|0|1|4|0|3|3|3|0|1|0|4|3|3|0
30188,7,True,5,9,5,7|7|5|7|5|5|5|5|5|7|5|7|5|7|5
30222,6,True,7,15,5,5|2|7|5|5|5|7|5|7|7|5|2|5|5|7
30228,2,True,1,2,2,2|2|2|2|2|2|2|2|2|2|1|2|1|2|2
30246,6,False,6,15,0,4|0|4|0|0|5|0|5|4|4|4|0|0|0|3
30257,1,True,9,15,9,9|9|9|9|9|9|9|9|9|9|9|9|9|9|9
30271,1,True,2,15,-1,8|0|5|6|2|4|0|5|6|6|2|0|8|2|3
30309,9,False,9,0,9,9|9|9|9|9|9|9|9|9|9|9|9|9|9|9
30330,4,False,4,14,8,8|6|7|3|3|8|0|6|2|6|8|8|4|2|7
30356,4,True,0,14,0,0|0|0|0|0|0|0|0|4|0|0|0|0|0|0
30373,2,False,2,15,4,4|6|4|6|4|4|4|4|4|8|8|6|6|4|4
30378,1,True,3,12,3,1|3|3|3|3|3|3|3|3|3|3|1|1|3|3
30430,2,False,2,15,6,6|6|6|0|6|8|8|6|6|6|6|6|4|4|6
30435,2,False,2,11,4,4|2|2|6|3|4|4|4|2|0|0|6|4|0|2
30443,2,True,6,14,3,8|3|6|2|3|3|3|0|3|6|3|3|3|3|3
30445,2,True,6,13,6,6|6|2|6|6|6|6|6|6|4|6|2|6|6|6
30463,5,False,5,11,7,6|7|5|7|8|1|5|5|7|7|7|2|5|7|7
30477,7,False,7,1,7,7|7|7|7|7|7|1|7|7|7|7|7|7|7|7
30497,4,True,6,9,8,4|8|8|4|8|8|4|6|8|4|8|8|6|4|4
30499,8,False,8,14,0,0|4|6|4|0|0|0|0|2|0|8|0|0|5|0
30513,3,True,7,13,7,7|7|7|3|7|7|7|7|7|7|7|7|7|7|3
30534,4,True,0,11,0,4|0|0|0|0|4|0|0|4|0|0|0|4|0|0
30588,9,False,9,3,9,9|7|9|9|9|9|9|5|9|9|9|9|9|9|3
30593,4,True,0,13,0,0|0|4|0|0|4|0|0|0|0|0|0|0|0|0
30598,1,True,3,10,-1,3|8|8|3|8|3|1|1|1|3|8|1|4|1|3
30614,9,True,0,15,0,4|6|0|8|3|4|0|6|0|4|0|0|4|0|4
30647,0,True,5,14,5,3|5|5|3|5|3|0|5|5|5|5|5|3|3|3
30653,0,False,0,6,0,0|5|5|0|5|0|0|0|5|0|0|0|5|2|0
30659,1,False,1,14,3,6|3|0|1|3|8|0|3|0|8|3|0|6|3|3
30662,3,False,3,3,3,3|2|3|3|3|3|1|3|3|3|3|1|3|3|3
30666,7,True,8,13,8,8|8|0|2|8|7|6|0|8|8|0|0|6|7|2
30683,1,True,0,14,0,3|0|0|0|3|0|0|6|3|3|0|0|5|1|3
30691,4,False,4,12,2,2|6|3|2|2|3|2|6|2|6|3|4|6|4|4
30702,5,False,5,8,5,9|7|7|5|1|5|9|5|5|7|5|7|5|7|5
30705,5,True,7,14,7,7|7|7|7|7|7|7|5|7|7|7|7|7|7|7
30721,7,False,7,5,7,7|5|7|9|5|5|7|7|7|7|7|7|7|7|5
30730,2,True,6,14,6,6|6|6|6|6|6|6|4|6|6|6|2|6|6|6
30733,4,True,0,12,0,0|0|4|0|0|0|0|0|0|4|0|0|4|0|0
30741,8,True,4,10,4,4|6|6|8|8|4|8|4|8|4|4|6|6|4|8
30742,2,True,8,15,7,7|5|5|8|8|8|0|0|0|7|6|7|5|7|7
30765,1,False,1,14,2,2|2|2|2|2|2|2|2|2|2|2|2|1|2|2
30776,2,True,8,15,8,8|8|6|8|8|8|8|4|8|8|8|8|4|8|6
30795,4,True,0,11,0,4|0|4|6|0|4|0|1|8|0|0|4|0|0|0
30809,1,True,9,15,9,9|9|9|9|9|9|9|9|9|9|9|9|9|9|9
30824,4,True,6,13,6,6|6|2|6|6|4|6|6|6|6|6|6|6|4|6
30838,1,True,3,13,3,3|3|3|3|3|3|3|3|3|1|3|1|3|3|3
30854,1,True,3,10,3,3|3|1|1|3|3|3|3|3|1|3|1|3|1|3
30859,2,True,5,15,7,5|7|7|7|7|5|7|5|7|7|5|7|7|7|7
30864,8,True,4,4,8,8|8|8|6|8|8|8|6|8|4|8|8|4|8|8
30868,2,True,5,13,5,0|5|5|5|5|5|2|5|5|5|5|5|5|5|2
30874,2,True,5,14,5,9|2|5|5|3|5|5|5|5|5|7|5|3|5|5
30904,4,True,0,14,0,0|0|0|0|0|0|4|0|0|0|0|0|0|0|0
30910,7,True,5,7,7,7|5|7|5|7|7|7|5|5|7|5|7|9|7|5
30937,4,True,6,13,6,6|6|6|6|6|4|6|6|6|6|6|6|6|4|6
30939,1,True,7,15,7,7|7|7|7|7|7|7|7|7|7|7|7|7|7|7
30964,3,False,3,3,3,2|3|3|3|3|3|1|0|3|3|3|3|3|3|3
31014,9,False,9,15,5,6|5|5|2|2|5|7|5|2|7|5|5|5|7|5
31024,1,True,3,12,3,3|3|3|3|3|3|1|3|1|1|3|3|3|3|3
31054,1,True,9,15,9,9|9|9|9|9|9|9|9|9|9|9|9|9|9|9
31065,5,False,5,9,5,7|5|9|5|3|6|7|5|7|4|5|5|7|0|5
31066,3,True,7,5,3,3|3|7|3|7|3|3|3|7|7|7|3|3|3|3
31075,4,True,2,9,4,6|6|4|4|6|5|2|4|2|4|8|2|3|4|4
31084,5,False,5,10,7,7|5|7|9|7|7|7|5|7|7|5|7|5|7|5
31088,2,True,8,15,8,0|0|7|0|8|7|0|8|8|7|8|8|7|0|8
31108,7,False,7,9,5,7|7|7|5|7|6|7|5|5|5|5|5|5|7|5
31131,2,False,2,9,2,2|6|2|4|6|4|2|2|2|6|4|2|6|4|6
31164,2,True,8,13,8,8|2|8|0|8|8|0|8|8|2|0|0|0|8|0
31181,1,True,7,15,7,7|7|7|7|7|3|7|7|7|7|7|7|7|7|7
31196,2,True,8,14,0,8|8|0|0|8|0|0|0|8|0|2|0|6|0|8
31198,4,False,4,8,4,4|8|8|7|8|4|4|4|8|4|1|4|4|8|2
31202,4,True,0,13,0,0|0|4|0|0|0|0|0|0|4|0|0|0|0|0
31207,6,False,6,11,8,8|4|8|8|8|8|8|6|6|6|4|8|6|4|8
31218,1,True,9,15,9,9|9|9|9|9|9|9|9|9|9|9|9|9|9|9
31227,2,True,1,1,2,2|2|2|2|2|2|1|2|2|2|2|2|2|2|2
31241,3,False,3,2,3,3|3|3|3|3|3|3|1|3|3|3|3|3|1|3
31242,5,False,5,8,7,7|5|7|7|7|5|5|5|7|7|5|7|5|7|5
31248,4,True,6,12,5,4|6|5|0|5|4|0|5|5|4|5|0|5|0|5
31257,6,True,3,15,3,3|3|8|3|3|3|1|3|3|3|3|3|0|1|3
31296,5,False,5,5,5,7|5|5|7|5|5|5|5|5|7|5|7|5|7|5
31301,8,True,4,13,2,6|2|2|8|2|4|8|4|2|2|1|2|5|4|4
31330,5,True,2,14,4,4|6|2|0|3|4|5|2|4|6|0|4|3|2|6
31336,6,False,6,11,-1,6|2|7|6|8|4|2|2|4|6|8|8|6|8|2
31344,3,False,3,3,3,1|3|3|3|3|3|1|3|3|3|3|3|3|1|3
31382,3,False,3,1,3,3|3|3|3|3|3|3|3|3|3|3|3|1|3|3
31393,1,True,2,14,3,3|3|2|3|2|8|8|4|6|7|3|6|1|2|4
31400,5,False,5,7,5,5|5|5|6|7|5|7|5|2|7|5|7|5|7|5
31406,1,False,1,14,2,2|2|2|2|2|2|2|2|2|2|2|2|1|2|2
31410,9,True,2,13,6,3|6|2|9|6|2|2|6|2|6|6|9|6|0|8
31415,1,False,1,11,2,2|2|2|2|2|2|1|2|2|1|2|2|1|1|2
31445,4,True,2,14,6,6|6|6|0|6|6|6|6|6|4|6|6|6|2|8
31455,1,True,2,15,4,4|4|4|4|8|4|0|6|2|4|4|4|4|4|4
31459,2,True,1,0,2,2|2|2|2|2|2|2|2|2|2|2|2|2|2|2
31466,9,False,9,1,9,9|9|9|9|9|9|9|9|9|9|9|9|9|9|7
31491,5,True,0,15,0,0|0|0|0|0|4|0|0|0|0|0|0|0|0|8
31496,4,True,0,14,0,0|5|0|0|0|0|0|0|4|0|0|0|5|0|5
31504,1,True,3,12,3,3|3|3|3|3|3|3|3|1|1|3|1|3|3|3
31529,4,True,0,3,4,4|4|0|6|4|4|4|4|4|4|0|4|4|4|4
31547,2,False,2,15,6,8|4|6|5|6|4|0|6|8|6|4|6|4|4|6
31548,1,True,5,15,5,3|2|5|2|5|5|5|5|5|5|5|5|5|5|5
31551,1,True,2,13,4,4|8|1|4|8|8|2|4|1|4|8|4|4|4|2
31573,1,True,2,11,2,2|2|2|2|2|1|1|4|2|4|2|2|1|1|2
31588,2,True,8,14,-1,8|0|6|2|8|0|8|0|6|7|7|8|6|6|0
31610,1,True,9,14,9,9|9|9|9|9|9|9|9|9|9|9|9|9|1|3
31631,4,False,4,13,8,8|8|4|8|8|8|8|8|8|8|8|8|8|4|8
31656,7,False,7,2,7,7|7|7|5|7|7|7|7|7|7|7|7|7|7|3
31676,3,False,3,5,3,3|3|3|9|3|3|0|3|3|3|3|7|3|7|2
31693,1,True,9,15,9,9|9|9|9|9|9|9|9|9|9|9|9|9|9|9
31701,8,True,4,6,8,8|8|8|2|8|8|6|6|8|6|8|8|4|4|8
31706,7,False,7,3,7,7|7|7|3|7|7|7|7|7|7|5|7|5|7|7
31762,4,True,6,15,6,6|6|6|6|6|6|0|6|2|6|3|6|6|6|6
31774,1,True,2,14,8,2|2|8|8|8|4|8|4|2|6|8|1|8|2|2
31782,4,False,4,15,6,3|8|8|7|6|6|8|6|6|6|8|6|6|2|2
31811,1,True,2,14,4,4|8|4|8|8|4|3|4|1|8|8|4|4|4|6
31813,4,True,0,10,0,4|0|0|0|0|4|0|0|4|4|6|3|3|4|0
31814,6,False,6,14,0,0|0|4|0|6|4|0|0|4|4|0|0|0|0|4
31816,2,True,5,14,7,3|7|7|5|5|8|7|9|5|7|7|7|5|9|2
31835,8,True,4,4,8,8|8|8|8|8|4|8|6|8|8|8|8|4|4|8
31844,0,False,0,12,4,4|6|5|6|1|4|0|0|3|4|6|0|4|3|5
31856,1,True,9,15,9,9|9|9|9|9|6|9|9|9|9|9|9|9|9|0
31860,6,True,2,13,4,4|2|2|6|2|4|2|4|6|4|4|4|4|4|4
31871,1,True,2,13,8,6|2|8|2|8|8|2|4|1|6|8|4|1|4|8
31883,3,False,3,7,3,3|6|6|9|3|3|3|3|6|6|3|9|0|3|3
31887,8,False,8,6,8,8|6|6|3|8|6|8|6|8|8|8|8|0|8|8
31896,9,False,9,0,9,9|9|9|9|9|9|9|9|9|9|9|9|9|9|9
31902,1,True,3,12,3,3|2|3|0|3|3|3|1|3|1|3|1|3|3|3
31916,2,True,0,15,6,6|6|6|0|6|4|0|6|5|6|0|6|4|0|3
31932,4,True,0,14,0,0|0|0|0|0|0|5|4|0|0|0|0|0|0|0
31943,8,True,4,4,8,8|8|8|8|8|4|8|8|8|6|8|8|4|4|8
31946,8,True,4,5,8,4|8|4|4|8|8|8|8|8|8|8|8|4|4|8
31969,5,False,5,12,7,7|7|7|9|0|5|7|5|7|7|7|5|7|7|3
31974,9,False,9,8,6,6|9|6|9|9|6|9|6|9|9|6|9|6|6|6
31986,2,True,1,1,2,2|2|2|2|2|2|2|2|2|2|2|2|1|2|2
32036,1,True,3,11,3,3|3|3|3|3|3|3|1|1|1|3|3|3|1|3
32057,2,False,2,15,6,6|6|4|0|6|6|0|6|4|0|6|6|6|9|4
32058,5,True,0,9,0,0|5|0|0|0|0|5|5|5|4|5|5|0|0|0
32059,8,True,4,3,8,8|8|8|8|8|8|8|4|8|8|8|8|4|4|8
32106,5,True,0,5,5,5|5|5|0|0|5|5|5|5|4|0|5|5|0|5
32112,1,True,0,15,0,0|0|0|6|3|0|0|0|0|0|0|5|0|0|0
32129,1,True,3,13,3,3|1|3|3|3|3|3|3|3|1|3|3|3|3|3
32156,1,True,5,15,5,5|5|5|5|5|5|5|5|5|5|5|5|5|5|5
32176,1,True,0,14,0,4|3|0|0|0|6|8|0|1|6|0|0|0|0|0
32179,2,True,8,14,-1,8|0|7|5|8|5|8|5|8|7|2|7|6|7|0
32183,7,True,8,9,7,8|3|5|2|7|6|7|8|8|7|0|7|1|7|7
32215,6,True,9,10,9,9|9|9|9|9|9|9|6|9|9|6|9|6|6|6
32216,6,False,6,10,-1,6|0|6|6|4|0|0|6|4|4|6|0|3|0|4
32224,7,False,7,1,7,7|7|7|7|7|7|7|7|7|7|7|7|0|7|7
32233,1,True,7,15,7,7|7|7|7|7|7|7|7|7|7|7|7|7|7|7
32239,1,True,3,14,3,8|3|3|3|3|4|3|3|3|1|3|3|3|3|3
32244,3,False,3,12,1,3|3|1|1|8|1|0|8|1|4|1|4|4|1|3
32264,4,True,9,15,9,9|9|9|9|9|9|9|9|9|9|9|9|9|9|9
32291,0,False,0,8,0,5|0|5|0|0|6|5|5|5|0|6|0|0|0|4
32338,8,False,8,8,8,2|0|8|0|8|6|8|0|8|8|8|8|2|6|0
32350,1,True,7,15,7,7|7|7|7|7|3|7|7|7|7|2|7|7|7|7
32380,9,False,9,9,-1,6|7|9|9|6|5|9|9|7|7|7|9|7|9|7
32422,0,True,8,3,0,0|0|0|0|2|0|0|0|8|0|0|0|2|0|0
32424,3,True,2,15,-1,6|8|6|8|8|6|8|8|6|8|6|4|6|6|8
32438,7,True,3,14,3,3|3|3|7|3|3|0|3|3|5|3|3|3|3|3
32457,6,True,2,1,6,6|6|6|6|6|8|6|6|6|6|6|6|6|6|6
32482,3,True,5,15,5,7|7|5|7|7|5|5|5|5|7|5|5|5|7|5
32507,9,False,9,0,9,9|9|9|9|9|9|9|9|9|9|9|9|9|9|9
32545,2,True,8,15,8,8|6|8|0|8|6|8|8|8|6|8|8|6|8|8
32558,1,True,3,12,3,3|3|3|1|3|3|3|1|3|3|3|7|3|3|1
32560,8,True,4,1,8,8|8|8|8|8|8|8|8|8|8|8|8|4|8|8
32568,2,False,2,9,2,3|2|2|2|3|4|2|0|2|6|3|6|3|3|2
32593,2,True,8,15,8,8|7|8|8|8|8|8|8|8|7|0|7|6|8|8
32624,1,True,9,15,9,9|9|9|9|9|9|9|9|9|9|9|9|9|9|9
32637,6,True,8,8,6,6|8|6|6|8|8|0|6|0|6|0|8|6|6|0
32643,1,True,7,15,7,7|7|7|7|7|7|7|7|7|7|7|7|5|7|7
32650,8,False,8,12,-1,2|8|6|6|2|6|8|4|4|6|4|6|4|4|8
32655,1,True,9,15,9,9|9|9|9|9|9|9|9|9|9|9|9|9|9|9
32659,2,False,2,10,4,2|4|4|4|2|4|2|4|2|4|4|4|4|4|2
32678,1,False,1,13,2,2|2|2|2|2|2|2|2|2|2|2|2|1|1|2
32680,1,False,1,13,2,2|2|2|2|2|2|1|2|2|2|2|2|1|2|2
32682,9,False,9,1,9,9|9|9|9|9|9|9|9|9|9|9|9|9|9|1
32688,8,False,8,4,8,8|8|6|8|8|6|8|6|8|8|8|8|6|8|8
32701,4,True,0,10,0,0|0|4|0|0|4|0|6|4|4|0|4|0|0|0
32708,7,True,8,14,0,0|0|0|8|0|0|0|0|0|8|0|0|7|0|0
32709,3,False,3,9,8,3|8|8|3|8|8|8|4|1|3|8|8|3|3|3
32713,1,True,9,14,9,9|6|9|9|9|9|9|9|9|1|6|7|2|9|9
32757,2,True,8,12,6,6|8|8|2|2|6|0|6|2|6|8|6|6|0|3
32763,3,True,7,14,7,7|7|7|3|7|7|7|7|7|7|7|7|7|7|7
32801,7,False,7,6,7,7|7|5|3|7|5|7|5|7|5|7|5|7|7|7
32822,2,True,8,15,-1,8|6|8|4|0|4|6|5|8|8|6|0|4|9|6
32824,2,False,2,10,2,6|2|2|9|2|9|2|4|6|3|6|4|6|3|2
32845,4,True,0,14,0,0|0|4|0|0|0|0|0|0|0|0|0|0|0|0
32851,5,False,5,5,5,7|7|5|5|7|5|5|5|7|7|5|5|5|5|5
32862,3,True,7,9,7,7|3|3|3|7|7|3|7|7|7|7|7|3|7|3
32896,9,False,9,2,9,9|9|9|6|9|9|9|9|9|9|9|9|9|9|7
32912,2,False,2,15,4,4|8|8|4|8|4|8|8|4|4|8|4|4|4|8
32916,2,True,5,15,5,5|5|5|5|5|5|5|5|5|5|5|5|5|5|5
32919,0,True,8,2,0,0|0|0|8|0|0|0|0|8|0|0|0|0|0|0
32943,2,True,6,14,6,6|6|6|6|6|6|2|6|6|6|6|4|6|6|6
32949,2,False,2,13,4,2|6|6|2|8|6|3|1|4|0|8|4|4|4|0
32950,1,True,6,15,6,4|6|5|6|6|6|0|0|4|6|0|6|0|3|0
32972,3,True,5,15,5,5|5|5|5|5|5|5|5|9|5|5|5|5|5|5
32990,0,False,0,1,0,0|0|0|0|0|0|0|0|5|0|0|0|0|0|0
33007,6,False,6,12,4,4|2|4|4|6|4|6|4|8|6|8|8|2|4|4
33042,2,True,1,2,2,2|2|2|2|2|2|2|2|2|2|2|2|1|1|2
33046,2,True,8,15,8,0|8|8|6|8|8|0|3|8|0|8|0|0|7|8
33051,9,False,9,1,9,9|9|9|9|9|9|9|9|9|9|9|9|9|9|1
33083,4,False,4,13,8,8|8|8|8|8|8|8|8|8|4|8|8|4|8|8
33112,4,False,4,13,8,8|4|8|8|8|8|8|6|8|6|8|2|4|8|8
33114,4,True,0,13,0,0|0|0|0|0|4|5|0|0|4|0|0|0|0|0
33118,6,False,6,15,4,0|2|2|4|2|8|8|7|8|4|1|5|5|4|4
33121,8,False,8,12,0,0|7|0|8|8|7|0|0|8|7|0|0|0|0|0
33133,8,True,4,14,-1,4|2|6|9|2|6|8|6|3|2|6|2|4|6|2
33160,2,False,2,9,2,2|2|4|4|2|4|4|4|2|1|8|2|1|1|2
33167,4,True,0,14,0,4|0|0|0|0|0|0|0|0|0|0|0|0|0|0
33178,6,True,8,10,-1,6|0|8|6|8|8|8|6|6|0|0|0|0|8|6
33192,1,True,2,10,1,1|2|6|1|2|8|1|4|8|6|1|4|1|4|4
33212,2,True,8,15,8,0|8|8|6|8|8|0|6|8|8|0|8|6|8|8
33214,9,False,9,1,9,9|9|9|9|9|9|9|9|9|9|9|9|9|9|3
33229,1,False,1,12,2,2|2|2|2|2|2|1|1|2|2|2|2|1|2|2
33239,9,False,9,0,9,9|9|9|9|9|9|9|9|9|9|9|9|9|9|9
33254,6,False,6,14,4,4|4|2|4|3|4|6|4|4|4|0|4|3|4|0
33276,8,False,8,13,0,8|3|8|6|2|0|0|5|7|0|5|0|3|0|0
33328,2,True,8,9,2,4|2|6|2|2|8|2|8|2|0|8|6|1|6|2
33349,2,True,1,2,2,2|2|2|2|2|1|2|2|2|2|2|2|1|2|2
33365,3,False,3,5,3,3|7|3|3|3|3|3|3|3|7|7|7|3|3|7
33370,4,True,9,15,9,9|9|9|9|9|9|9|9|9|9|9|9|9|9|6
33401,2,True,6,15,6,6|4|4|6|6|6|6|6|4|6|6|6|6|4|6
33414,0,False,0,10,4,4|3|4|4|0|4|0|0|1|0|0|4|3|4|4
33430,2,True,6,15,6,6|6|6|0|0|6|0|6|6|6|6|6|6|6|6
33440,6,True,5,15,5,7|5|5|5|5|5|7|5|5|7|5|5|5|5|5
33483,2,False,2,14,-1,4|4|6|6|6|4|2|6|4|8|6|6|4|4|8
33498,2,True,6,13,-1,6|3|4|6|2|8|8|6|2|4|5|8|3|1|5
33503,1,True,6,15,0,0|0|0|0|0|0|0|0|0|0|0|4|0|0|0
33504,2,True,1,1,2,2|2|2|2|2|2|2|2|2|2|2|2|1|2|2
33506,4,False,4,10,8,8|4|4|8|8|8|8|6|8|8|8|4|4|4|8
33508,7,False,7,11,5,7|5|9|6|5|5|5|5|5|7|7|7|5|5|5
33510,0,True,2,15,6,6|6|6|6|6|6|8|6|6|6|6|6|6|6|6
33518,0,True,8,6,0,0|8|0|0|0|8|0|0|8|8|8|0|6|0|0
33527,8,False,8,6,8,8|6|6|6|8|8|8|6|8|8|3|8|6|8|8
33576,2,True,6,14,4,4|4|8|2|3|4|4|6|3|6|4|6|4|4|3
33584,4,True,9,15,9,9|9|9|9|9|9|9|9|9|9|9|9|9|9|9
33590,4,True,0,1,4,4|4|4|4|4|4|4|4|4|4|8|4|4|4|4
33617,0,True,5,15,5,7|5|7|7|5|7|5|5|7|5|5|7|5|7|5
33621,1,True,2,13,-1,4|2|2|4|2|3|1|1|3|2|8|2|3|3|3
33653,1,False,1,14,2,2|2|2|2|2|2|2|2|2|2|2|2|1|2|2
33658,7,False,7,11,5,3|5|7|2|7|3|5|5|7|5|5|2|3|7|5
33698,9,False,9,0,9,9|9|9|9|9|9|9|9|9|9|9|9|9|9|9
33708,5,True,0,12,0,0|0|0|0|0|0|2|6|5|0|5|9|5|0|4
33709,8,True,4,2,8,8|8|8|8|8|8|8|8|8|8|8|4|4|8|8
33734,1,True,6,15,6,4|2|4|4|6|4|6|6|2|6|6|6|6|2|4
33772,2,True,1,4,2,2|2|2|2|2|1|2|2|2|1|2|2|1|1|2
33773,5,False,5,6,5,6|7|5|5|7|9|7|5|8|5|5|5|5|5|5
33775,2,False,2,15,8,8|8|8|8|8|8|8|8|8|8|8|8|4|8|8
33782,6,False,6,3,6,6|6|6|6|3|4|8|6|6|6|6|6|6|6|6
33784,1,True,3,12,3,3|8|1|3|8|3|3|1|3|3|3|3|3|1|3
33798,7,False,7,0,7,7|7|7|7|7|7|7|7|7|7|7|7|7|7|7
33832,5,False,5,3,5,9|5|5|5|5|5|7|5|5|5|5|5|5|5|2
33844,1,True,3,13,3,3|3|3|7|3|3|3|1|3|1|3|3|3|3|3
33859,8,False,8,6,8,8|7|8|0|8|8|7|5|8|8|8|0|6|8|8
33863,2,True,8,14,0,0|0|8|8|7|0|7|6|8|2|0|0|0|7|0
33895,2,True,1,1,2,2|2|2|2|2|2|2|2|2|2|2|2|1|2|2
33902,6,False,6,13,8,1|8|0|0|0|4|8|6|8|8|6|2|5|3|5
33914,9,False,9,6,9,9|9|6|9|9|9|9|6|9|9|9|6|6|7|7
33963,1,True,7,14,7,7|7|7|7|7|7|1|7|7|7|7|7|3|7|7
33964,3,True,2,13,0,3|0|5|2|0|0|2|5|4|0|0|0|6|6|3
33965,4,True,6,11,6,6|4|6|6|6|6|8|6|6|4|4|6|6|4|6
33985,4,False,4,14,6,6|6|6|2|5|6|4|8|2|6|3|6|3|8|2
33986,1,True,2,15,8,4|8|8|8|8|8|8|4|8|8|8|8|4|8|8
33999,1,True,7,15,7,3|3|3|7|7|7|3|3|7|7|3|7|7|7|3
34000,0,True,8,11,7,0|7|8|5|7|7|0|8|8|7|0|7|7|0|7
34003,2,True,1,2,2,2|2|2|2|2|2|2|2|2|2|2|2|1|1|2
34005,6,False,6,6,6,2|6|2|2|6|3|4|6|6|6|6|3|6|6|6
34011,2,False,2,10,2,2|2|2|2|6|6|0|6|8|6|0|2|0|9|0
34016,4,False,4,11,8,4|4|8|6|8|8|8|8|8|4|8|8|4|8|8
34020,1,True,9,15,9,9|9|9|9|9|9|9|9|7|9|9|9|9|9|9
34022,4,True,2,9,-1,4|4|6|4|0|4|4|6|6|4|0|6|6|0|6
34033,1,True,2,15,8,4|8|8|8|8|8|8|8|8|4|8|4|4|8|8
34060,6,False,6,14,4,4|6|4|4|0|4|5|4|0|4|0|4|4|0|4
34063,1,True,2,14,4,4|0|4|4|3|4|0|0|4|4|6|4|6|0|1
34075,8,True,6,15,4,4|0|4|6|4|4|0|0|0|4|4|4|0|4|0
34116,0,False,0,3,0,4|0|6|0|0|0|5|0|0|0|0|0|0|0|0
34126,4,True,0,4,4,4|6|4|6|4|4|6|4|4|4|0|4|4|4|4
34164,8,True,3,13,3,3|6|8|2|3|8|0|3|7|7|7|3|6|3|2
34165,1,False,1,11,2,2|2|2|2|2|2|1|2|2|1|2|2|1|1|2
34198,1,True,0,15,0,0|0|5|0|0|5|0|5|5|0|0|5|0|0|0
34202,1,False,1,13,2,2|2|2|2|2|2|2|2|2|2|2|2|1|1|2
34219,0,False,0,3,0,0|0|5|0|0|0|5|0|5|0|0|0|0|0|0
34286,8,True,4,8,4,4|8|4|8|8|4|8|4|4|8|8|8|4|4|4
34303,4,True,2,12,2,2|2|4|2|8|4|1|6|2|6|8|2|4|1|8
34313,1,True,7,15,7,7|7|7|7|7|7|7|5|7|7|7|7|7|7|7
34341,7,False,7,0,7,7|7|7|7|7|7|7|7|7|7|7|7|7|7|7
34344,5,False,5,5,5,3|5|5|5|5|5|1|5|5|5|7|5|7|3|5
34354,8,True,3,15,3,3|3|3|3|3|3|3|3|3|3|3|3|3|3|3
34359,1,True,9,15,9,9|9|9|9|9|9|9|9|9|9|9|9|9|9|9
34399,3,False,3,10,3,3|6|6|0|3|6|3|4|0|1|3|3|1|6|1
34406,2,True,1,12,0,3|2|2|0|0|4|0|6|3|6|0|6|3|2|5
34409,4,False,4,10,-1,2|2|8|2|4|8|8|4|8|4|8|4|4|2|6
34430,4,True,6,9,6,4|2|6|6|8|4|6|6|6|4|4|6|6|4|4
34434,8,False,8,10,0,0|0|0|0|8|8|0|0|8|0|8|0|6|0|8
34436,2,True,5,14,5,1|2|5|5|5|5|5|5|5|5|5|5|5|5|5
34442,1,True,9,15,9,9|9|9|9|9|9|9|9|9|9|9|9|9|9|9
34449,6,False,6,12,-1,4|0|0|6|0|4|6|4|4|4|0|4|0|0|6
34476,7,False,7,3,7,7|3|5|7|7|7|7|7|7|7|7|7|5|7|7
34485,4,True,0,8,0,4|4|4|0|0|4|0|0|4|4|0|4|0|0|0
34548,2,True,5,14,-1,7|7|7|5|7|5|2|5|7|7|5|5|5|7|5
34551,6,True,2,9,-1,2|4|6|6|6|4|4|4|2|6|4|6|6|4|3
34574,5,False,5,10,7,7|7|7|7|2|7|5|7|5|7|5|5|5|7|7
34614,8,False,8,12,0,8|0|0|0|8|0|0|0|0|0|8|0|0|0|0
34631,5,False,5,1,5,5|5|5|5|5|5|2|5|5|5|5|5|5|5|5
34702,0,False,0,2,0,0|0|0|0|0|0|0|5|5|0|0|0|0|0|0
34713,7,True,5,10,5,9|5|5|5|5|7|5|5|5|7|5|7|5|7|7
34740,6,False,6,12,2,3|2|3|2|2|8|0|2|2|6|2|6|0|6|3
34780,8,True,4,8,-1,8|4|8|8|8|4|8|6|4|4|4|8|4|4|8
34783,7,False,7,3,7,7|7|7|7|5|7|7|7|7|7|7|7|5|7|5
34794,0,False,0,7,0,0|0|0|6|0|4|0|0|4|4|4|0|4|4|0
34822,2,False,2,13,3,3|3|6|3|6|3|8|0|3|2|3|3|3|6|2
34828,5,False,5,5,5,5|2|5|2|5|5|7|5|5|7|5|7|5|5|5
34839,0,True,8,3,0,8|0|0|0|0|8|0|0|8|0|0|0|0|0|0
34873,1,True,9,14,9,9|9|9|9|9|9|9|9|9|9|9|1|9|9|9
34875,2,True,6,15,3,3|3|8|1|3|6|8|4|8|4|5|1|3|3|3
34879,1,False,1,14,2,2|2|2|2|2|2|2|2|2|2|2|2|1|2|2
34886,4,False,4,9,4,8|6|4|3|2|3|8|6|8|4|4|4|4|6|4
34889,2,False,2,15,8,8|8|4|8|8|8|8|8|8|8|8|8|4|8|8
34898,3,True,5,13,5,5|5|5|5|5|5|5|5|5|5|5|5|3|3|5
34901,2,False,2,14,4,4|8|6|1|4|8|6|4|2|4|4|4|4|4|6
34908,2,True,5,15,5,5|5|5|5|5|5|7|5|5|5|5|7|5|7|5
34935,2,True,4,8,2,3|6|2|3|2|4|2|2|2|6|8|2|6|4|2
34966,0,True,8,5,0,8|0|8|7|0|8|0|0|8|0|0|0|0|0|0
34974,1,True,9,14,9,9|9|9|9|9|7|9|9|9|1|9|9|9|9|3
34978,1,False,1,14,2,2|2|2|2|2|2|2|2|2|2|2|2|1|2|2
34984,6,True,9,9,9,9|9|9|9|9|6|6|6|6|9|9|9|9|6|6
34995,9,False,9,6,9,9|9|9|9|9|5|9|6|7|7|9|9|5|9|6
34996,4,True,6,14,2,2|2|8|6|2|5|2|6|2|6|8|2|4|2|2
35033,4,True,6,13,6,6|6|6|6|6|4|6|0|6|6|6|6|6|4|6
35042,1,True,3,13,3,3|2|3|1|2|3|1|3|3|3|3|3|3|3|3
35045,4,False,4,13,8,4|2|8|8|8|8|8|8|8|6|8|8|4|8|8
35046,9,False,9,12,6,6|6|6|6|9|6|9|6|6|9|6|6|6|6|6
35048,2,True,8,15,0,8|6|6|8|0|0|6|0|8|0|0|0|0|0|0
35053,8,True,4,10,4,8|4|4|1|8|4|8|6|8|4|8|3|6|4|4
35084,8,True,4,5,8,8|8|4|8|8|8|8|4|8|8|8|8|4|4|4
35093,8,False,8,12,6,6|6|6|8|8|8|0|6|0|0|7|5|6|5|5
35094,9,False,9,1,9,6|9|9|9|9|9|9|9|9|9|9|9|9|9|9
35106,0,False,0,1,0,0|0|4|0|0|0|0|0|0|0|0|0|0|0|0
35115,1,True,9,15,9,9|9|9|9|9|9|9|9|9|9|9|9|9|6|9
35118,1,False,1,11,2,2|2|2|2|2|2|1|2|2|1|2|2|1|1|2
35135,4,True,6,3,4,4|4|4|0|4|4|1|4|4|4|0|4|4|4|4
35148,8,False,8,6,8,8|8|8|0|6|8|0|8|8|6|8|6|6|8|8
35194,8,False,8,10,6,6|8|8|6|8|6|6|6|8|6|6|6|6|8|6
35241,1,False,1,11,2,2|2|2|2|2|2|1|2|2|2|2|1|1|1|2
35274,3,False,3,2,3,3|3|3|3|3|1|3|3|1|3|3|3|3|3|3
35277,1,True,2,15,6,6|6|6|4|6|4|0|6|2|6|6|4|4|4|5
35280,0,True,8,5,0,8|5|0|0|0|0|0|0|8|0|0|8|6|0|0
35311,1,True,7,15,7,7|7|7|7|7|9|7|7|7|7|7|7|3|7|7
35320,3,True,5,15,5,2|8|5|7|2|5|5|5|5|7|5|2|5|7|5
35324,3,True,6,15,4,4|6|6|0|8|1|4|4|1|1|6|4|4|4|6
35342,3,False,3,5,3,3|3|3|6|3|3|1|3|3|4|6|3|1|3|3
35361,6,False,6,2,6,6|6|6|2|6|6|4|6|6|6|6|6|6|6|6
35374,1,False,1,11,2,2|2|2|2|2|2|1|2|2|1|2|2|1|1|2
35392,4,True,0,14,0,0|0|5|0|0|0|0|5|0|4|5|5|5|0|0
35395,7,False,7,1,7,7|7|7|7|7|7|7|7|7|7|7|7|7|5|7
35396,5,False,5,2,5,2|5|5|5|5|3|5|5|5|5|5|5|5|5|5
35401,2,True,8,14,0,2|0|0|0|8|8|0|8|8|0|0|7|0|0|8
35403,6,True,9,15,7,7|7|5|9|9|7|9|5|7|7|7|7|7|7|7
35406,1,False,1,12,2,2|2|2|2|2|2|2|2|2|1|2|2|1|1|2
35423,5,False,5,1,5,5|5|5|5|5|5|7|5|5|5|5|5|5|5|5
35427,2,True,6,9,2,2|6|2|0|2|3|3|6|2|6|5|2|6|3|2
35436,2,False,2,11,4,4|2|8|6|2|4|4|2|8|4|8|4|6|2|6
35449,4,True,6,12,6,6|6|6|6|6|4|6|6|6|6|6|6|6|4|4
35466,4,True,6,5,4,4|8|8|4|8|4|4|8|4|4|4|4|4|4|8
35478,1,True,3,10,3,3|3|3|1|3|3|1|3|1|1|3|3|3|1|3
35521,1,False,1,13,2,2|2|2|2|2|2|2|2|2|2|2|2|1|1|2
35540,5,False,5,6,5,5|5|7|6|7|5|7|5|5|7|5|5|5|7|5
35546,2,True,8,15,8,6|0|8|8|8|7|8|6|8|0|0|8|0|8|0
35581,4,True,0,5,4,6|4|4|6|4|4|6|6|4|4|6|4|4|4|4
35583,8,False,8,10,0,2|2|7|8|2|8|0|8|8|0|0|0|0|8|0
35623,1,True,3,14,3,3|3|3|3|3|3|3|3|3|1|3|3|3|3|3
35649,1,True,3,15,0,0|0|0|4|6|4|0|0|0|0|0|0|4|0|0
35654,4,True,6,15,0,8|0|8|6|0|8|0|0|7|6|6|8|6|0|2
35669,8,True,4,2,8,4|8|8|8|8|8|8|8|8|8|8|8|4|8|8
35691,5,True,7,13,9,9|7|7|5|9|6|9|6|7|9|6|5|7|9|6
35713,5,False,5,9,7,7|5|7|7|5|5|7|5|7|7|5|5|7|7|7
35717,2,False,2,9,2,6|2|2|4|2|4|4|6|2|2|3|4|3|4|2
35763,9,False,9,2,9,9|7|9|9|9|9|9|9|9|9|9|9|9|9|1
35768,3,False,3,4,3,3|3|3|1|7|3|0|3|3|3|2|3|3|3|3
35789,4,False,4,11,8,8|8|8|6|8|8|8|4|6|8|8|6|4|4|4
35797,1,True,2,15,8,4|8|8|8|8|8|4|8|8|4|8|4|4|4|8
35801,2,True,6,14,6,2|6|4|6|6|4|6|6|3|6|6|6|6|4|3
35837,8,True,4,3,8,8|8|8|8|8|4|8|8|8|4|8|8|4|8|8
35849,4,True,6,13,6,1|6|6|6|2|6|2|6|6|6|3|4|6|6|4
35861,6,False,6,6,6,6|6|6|6|8|8|6|8|8|4|6|6|6|4|6
35862,1,False,1,14,2,2|2|2|2|2|2|2|2|2|2|2|2|1|2|2
35864,1,True,9,13,9,9|9|1|9|9|9|9|9|9|9|9|1|9|9|9
35867,3,True,7,14,7,7|7|5|7|1|5|7|7|5|7|2|7|3|7|2
35878,2,True,1,3,2,2|2|2|2|2|1|3|1|2|2|2|2|2|2|2
35896,3,True,7,9,-1,7|3|7|3|7|7|3|5|5|3|7|9|3|7|3
35898,7,False,7,10,-1,9|7|9|9|9|5|9|5|7|7|7|5|5|7|6
35902,0,False,0,9,4,4|0|4|0|0|4|0|0|4|4|0|4|4|4|4
35912,7,False,7,8,7,6|9|7|9|9|5|6|9|8|7|7|7|7|7|7
35916,8,False,8,12,0,0|0|0|0|0|0|0|0|8|0|8|8|0|0|0
35919,8,False,8,7,8,8|0|8|8|8|8|0|5|8|8|8|7|0|0|2
35928,2,True,1,2,2,2|2|2|2|2|2|2|2|2|2|2|2|1|1|2
35947,2,True,4,12,6,6|6|6|5|2|2|8|6|4|6|4|6|6|6|2
35955,1,False,1,14,2,2|2|2|2|2|2|2|2|2|2|2|2|1|2|2
35956,2,True,1,0,2,2|2|2|2|2|2|2|2|2|2|2|2|2|2|2
35960,0,True,8,2,0,0|0|7|0|0|0|0|0|8|0|0|0|0|0|0
35989,0,False,0,9,0,0|0|4|5|0|4|0|5|0|0|5|5|4|4|5
36020,2,False,2,11,8,2|8|2|4|8|8|8|4|2|4|8|2|1|4|8
36040,4,False,4,9,4,4|4|8|8|6|4|8|6|6|4|8|6|4|4|8
36087,6,False,6,1,6,6|6|6|6|6|4|6|6|6|6|6|6|6|6|6
36110,1,True,7,15,7,7|5|7|5|7|7|7|5|7|7|7|5|5|9|5
36116,5,True,0,9,0,0|0|0|0|0|5|0|5|5|0|5|5|5|0|0
36161,2,True,8,14,8,8|8|8|8|8|8|8|0|8|8|0|8|2|8|8
36176,9,False,9,4,9,9|9|9|9|9|9|9|9|9|6|7|9|9|6|6
36193,0,True,8,9,0,0|0|0|6|5|5|6|5|5|8|8|0|5|0|0
36197,1,True,7,15,7,7|7|7|7|7|7|7|7|7|7|7|7|7|7|7
36201,4,True,2,3,4,4|2|4|4|4|4|6|4|2|4|4|4|4|4|4
36207,6,True,8,13,8,8|8|8|8|8|8|2|6|8|8|0|8|6|0|8
36210,0,False,0,4,0,0|0|0|0|0|0|0|5|0|4|0|0|5|0|5
36222,1,True,3,14,3,3|1|3|3|3|3|3|3|3|3|3|3|3|3|3
36226,6,True,8,14,8,0|5|8|7|2|8|0|5|8|8|8|7|6|8|7
36227,3,False,3,8,3,1|3|3|3|0|3|0|0|1|1|0|3|3|0|3
36237,8,True,4,1,8,8|8|8|8|8|8|8|8|8|8|8|8|4|8|8
36248,3,True,2,15,2,4|0|2|0|2|6|8|4|6|2|0|8|4|6|2
36249,3,True,7,10,-1,7|5|3|3|7|3|7|5|7|5|7|5|3|3|5
36255,1,True,3,15,3,3|3|6|7|3|3|3|3|3|8|3|7|3|3|3
36279,2,True,6,9,2,6|2|4|2|2|8|2|4|6|6|2|2|6|4|6
36305,1,True,9,15,7,9|7|7|7|9|7|7|7|7|7|7|5|7|7|5
36309,8,True,4,7,8,8|8|8|1|8|4|4|6|8|3|8|8|4|3|8
36329,1,True,2,12,2,1|2|8|4|2|1|1|5|2|2|8|2|6|2|2
36331,3,True,7,11,7,7|3|7|3|7|7|7|7|7|7|7|7|3|7|3
36339,6,True,8,12,8,8|6|4|2|8|8|8|8|8|6|2|2|6|8|8
36354,2,False,2,10,-1,2|2|2|1|1|4|2|4|4|4|8|1|1|4|2
36357,3,True,5,11,5,3|3|5|5|5|5|0|5|5|5|2|5|3|3|5
36363,8,True,4,10,-1,8|6|8|6|4|8|8|6|4|6|6|4|4|4|8
36377,4,False,4,10,-1,3|6|8|4|8|4|4|4|8|6|8|6|6|8|4
36379,5,True,0,9,0,0|0|5|0|0|5|0|5|5|4|5|6|0|5|0
36380,1,True,2,14,3,1|3|3|2|2|3|3|3|3|3|6|4|3|3|3
36393,0,False,0,3,0,0|0|0|0|0|5|0|5|0|0|0|0|0|0|5
36401,4,True,6,9,6,6|6|6|6|6|4|6|6|6|4|6|4|4|4|4
36441,2,True,8,13,0,2|2|0|0|8|8|0|4|8|0|0|8|4|0|8
36467,9,False,9,1,9,9|9|9|9|9|9|9|9|1|9|9|9|9|9|9
36475,3,False,3,4,3,3|3|3|1|3|3|1|3|3|1|3|1|3|3|3
36483,1,True,2,15,6,4|6|6|8|6|8|8|4|8|6|6|4|2|4|6
36491,7,False,7,3,7,7|7|9|7|7|7|7|5|7|7|7|7|7|7|2
36498,5,True,7,15,7,6|9|7|9|7|9|6|7|7|7|7|7|7|7|6
36509,5,False,5,12,7,7|7|5|9|7|7|7|9|7|7|7|7|5|7|5
36551,2,True,1,1,2,2|2|2|2|2|2|2|2|2|2|2|2|1|2|2
36561,3,False,3,3,3,3|3|3|3|3|0|3|3|3|3|3|3|1|1|3
36568,1,False,1,10,-1,1|2|2|6|1|1|1|9|2|1|9|2|2|9|3
36587,8,False,8,13,0,8|5|0|0|0|0|0|0|6|0|0|0|6|0|8
36617,1,True,3,12,3,3|3|3|9|3|3|1|1|3|1|3|3|3|3|3
36620,1,True,3,13,3,4|8|3|1|3|0|3|3|8|4|3|1|0|0|0
36670,8,True,4,7,8,8|8|8|6|8|4|4|4|4|4|8|8|4|8|8
36672,3,False,3,2,3,3|3|3|3|3|3|1|3|3|1|3|3|3|3|3
36673,2,True,1,1,2,2|2|2|2|2|2|2|2|2|2|2|2|1|2|2
36690,2,True,8,15,8,8|8|6|8|0|8|8|8|8|6|0|8|6|8|8
36729,4,True,0,12,0,0|0|0|0|0|4|0|5|4|4|0|0|0|0|0
36759,4,True,3,14,6,6|8|6|3|3|3|6|2|6|6|6|4|6|3|6
36784,1,True,3,13,3,3|3|3|3|3|3|3|3|1|1|3|3|3|3|3
36790,2,True,5,15,7,7|7|7|7|5|7|1|7|7|7|5|5|5|7|7
36817,2,False,2,10,2,3|2|2|3|2|3|1|4|3|6|1|6|6|2|2
36819,4,False,4,14,8,8|8|8|8|8|8|8|8|8|8|8|8|4|8|8
36826,3,True,2,12,4,2|3|2|2|4|4|0|2|4|4|3|2|3|4|4
36839,1,False,1,10,2,2|2|2|2|2|2|1|2|1|2|2|1|1|1|2
36841,1,True,9,15,9,9|9|9|9|9|9|9|9|9|7|9|9|9|9|9
36885,2,True,1,4,2,2|2|2|2|2|3|3|2|2|2|1|2|1|2|2
36889,7,False,7,2,7,7|7|7|7|1|7|7|7|7|7|7|7|0|7|7
36914,0,True,8,15,-1,8|2|2|7|2|7|7|5|8|2|5|7|3|7|2
36917,1,True,9,15,9,9|7|9|9|9|9|9|9|9|9|9|9|9|9|9
36925,1,True,2,11,2,1|2|4|4|2|2|1|4|2|1|2|2|2|1|3
36930,8,True,4,15,3,3|3|5|3|3|3|3|0|3|6|4|1|4|3|3
36931,6,False,6,13,0,6|0|5|0|3|4|0|2|4|4|6|0|3|0|0
36970,6,False,6,4,6,6|2|6|6|6|6|2|6|6|6|2|2|6|6|6
36978,5,True,0,15,4,3|4|4|0|3|6|1|4|4|4|6|4|4|1|3
36994,8,True,4,6,8,8|4|4|8|8|8|8|8|8|8|8|4|4|4|4
37017,0,True,2,12,2,4|2|2|0|2|4|2|6|6|6|0|2|6|4|0
37038,1,True,7,14,7,7|7|7|7|7|1|7|7|7|7|7|7|7|7|7
37068,0,False,0,12,4,4|4|4|0|8|4|4|0|4|4|0|4|4|4|4
37094,1,True,3,12,3,1|3|3|1|3|3|3|1|3|3|3|3|3|3|3
37130,4,True,6,12,0,0|0|6|0|0|4|0|0|0|0|0|0|4|4|0
37135,0,True,8,11,8,6|2|8|6|8|8|6|8|8|7|0|6|0|0|0
37141,8,False,8,11,6,0|8|6|2|8|0|8|6|0|6|0|6|5|6|8
37155,7,False,7,2,7,7|7|7|7|7|7|7|7|7|7|7|7|3|7|3
37173,4,False,4,11,8,8|8|8|3|8|8|8|8|8|4|8|8|4|4|4
37180,7,True,5,15,5,5|5|5|2|5|5|5|5|5|5|5|5|5|5|5
37181,1,False,1,15,2,2|2|2|2|2|2|2|2|2|2|2|2|2|2|2
37183,2,True,5,15,5,5|5|5|5|5|5|5|5|5|5|5|5|5|5|5
37214,4,True,6,9,-1,2|2|4|4|6|4|6|6|2|6|4|6|4|4|6
37220,6,True,7,14,7,7|7|6|9|9|5|7|7|7|7|7|7|5|7|9
37245,1,False,1,14,2,2|2|2|2|2|2|2|2|2|2|2|2|1|2|2
37263,6,False,6,10,6,6|8|2|4|2|6|4|6|3|4|6|0|6|4|5
37292,0,True,8,3,0,0|0|3|0|0|0|0|0|8|0|0|0|0|0|8
37303,8,False,8,6,8,8|8|8|8|8|8|0|0|8|8|0|0|0|8|0
37316,1,True,3,14,3,3|3|3|3|3|3|3|3|3|1|3|3|3|3|3
37333,6,True,2,4,6,6|6|0|6|6|5|6|6|8|6|6|6|6|6|0
37339,4,True,6,12,6,6|6|6|6|6|4|6|6|6|4|6|6|4|6|2
37363,4,True,0,13,0,5|3|0|0|0|0|0|0|5|4|5|6|3|4|6
37369,1,True,9,15,9,9|9|9|9|9|9|9|9|9|9|9|9|9|9|9
37370,3,False,3,2,3,3|3|3|3|3|3|1|3|3|1|3|3|3|3|3
37395,2,True,5,14,5,7|5|5|3|5|3|2|5|5|5|5|7|3|5|7
37400,8,True,9,15,9,9|9|7|9|9|9|9|9|6|7|9|7|9|9|9
37458,1,True,3,12,3,3|3|3|1|3|3|1|1|3|3|3|3|3|3|3
37466,1,True,3,11,-1,3|3|5|0|2|3|0|6|5|1|1|5|1|1|5
37472,7,False,7,7,7,3|3|3|3|7|3|7|7|7|7|3|7|7|7|3
37474,0,False,0,1,0,0|0|0|0|0|0|0|0|0|4|0|0|0|0|0
37482,7,True,3,15,3,3|3|3|3|3|3|3|0|3|8|3|1|1|3|3
37518,0,True,8,8,0,6|0|8|6|0|6|8|8|0|0|8|0|6|0|0
37619,1,True,3,12,3,3|3|3|3|3|3|3|3|3|1|3|3|1|1|3
37669,3,False,3,0,3,3|3|3|3|3|3|3|3|3|3|3|3|3|3|3
37672,3,False,3,0,3,3|3|3|3|3|3|3|3|3|3|3|3|3|3|3
37687,5,False,5,4,5,5|5|5|2|5|5|9|5|5|5|5|5|5|2|2
37689,1,True,2,15,2,3|2|2|3|6|2|8|2|6|0|3|6|4|7|0
37690,2,True,6,15,4,4|8|8|4|8|4|4|8|4|6|4|4|4|4|8
37721,4,True,6,11,6,6|6|6|8|2|6|6|6|6|4|6|4|4|4|6
37724,4,True,0,7,4,4|0|4|0|0|4|0|4|4|0|0|4|4|0|4
37741,2,True,5,15,5,5|5|5|5|5|5|5|5|5|5|5|5|5|5|5
37744,2,False,2,6,2,2|2|2|2|2|1|1|2|1|6|2|2|1|1|2
37822,5,True,7,15,7,7|3|7|7|7|7|7|7|7|7|7|7|3|7|3
37824,4,True,9,15,5,9|9|5|9|2|5|5|9|5|9|7|5|2|5|5
37871,2,False,2,15,8,8|8|8|4|8|8|4|4|8|4|8|4|4|4|8
37873,2,False,2,12,8,8|2|4|8|8|4|6|8|2|4|8|3|4|3|2
37884,8,False,8,8,8,6|6|8|5|8|8|0|6|8|6|8|8|6|6|8
37887,2,True,6,13,6,4|8|6|2|6|4|6|6|4|6|8|2|6|8|6
37889,0,False,0,7,0,0|3|6|0|6|0|0|4|0|0|0|0|4|4|6
37891,9,True,2,13,6,2|6|6|9|6|6|2|6|3|2|3|6|6|9|3
37899,5,True,0,12,0,0|0|0|0|0|5|0|0|5|0|5|0|0|0|0
37916,0,True,3,15,3,3|3|3|3|3|3|1|3|3|3|3|3|3|3|3
37918,5,False,5,1,5,5|5|5|5|2|5|5|5|5|5|5|5|5|5|5
37962,6,True,2,15,8,8|8|8|3|8|4|1|4|8|4|8|4|8|1|8
37972,9,False,9,10,9,9|9|6|9|3|8|8|7|6|1|9|8|6|9|3
37975,0,False,0,3,0,0|0|0|0|0|0|0|0|0|4|0|0|4|0|4
37986,7,False,7,1,7,3|7|7|7|7|7|7|7|7|7|7|7|7|7|7
37988,1,True,7,15,7,9|7|7|9|5|7|7|7|7|7|7|7|7|7|7
37998,1,True,7,15,7,7|5|7|7|7|7|7|7|7|7|7|7|7|7|7
38039,8,True,4,5,8,8|8|8|4|8|8|8|8|8|4|8|8|4|4|4
38064,6,True,2,11,2,2|6|2|2|6|4|0|6|2|2|8|4|6|0|2
38136,1,True,7,15,7,7|7|7|7|7|7|7|7|7|7|7|7|7|7|7
38223,8,True,4,12,0,0|8|8|5|0|6|2|0|7|3|0|7|0|8|0
38229,2,True,5,15,-1,0|5|5|7|7|7|5|5|7|7|5|5|7|7|5
38249,5,True,0,13,0,0|0|0|0|0|0|5|0|4|0|0|0|5|0|0
38267,9,False,9,0,9,9|9|9|9|9|9|9|9|9|9|9|9|9|9|9
38275,2,True,8,13,8,8|2|8|2|8|4|8|6|4|4|8|8|4|8|4
38300,9,False,9,0,9,9|9|9|9|9|9|9|9|9|9|9|9|9|9|9
38316,2,False,2,15,-1,4|8|3|8|8|4|3|4|3|6|8|8|4|4|3
38317,3,False,3,3,3,3|3|3|1|3|3|3|1|3|1|3|3|3|3|3
38334,0,True,8,8,0,8|0|8|0|0|8|0|8|8|0|8|0|6|0|5
38360,2,False,2,14,4,4|4|4|0|0|4|2|4|4|4|4|6|6|4|4
38363,1,True,3,15,8,4|6|8|3|8|3|8|6|8|8|8|3|3|3|8
38364,4,True,9,15,9,9|7|9|9|9|9|9|9|1|9|9|9|9|9|9
38366,2,True,5,15,-1,9|7|5|5|5|5|7|7|5|7|9|5|7|9|7
38381,1,True,3,12,3,3|3|3|1|3|3|3|3|3|1|3|3|3|1|3
38382,7,True,3,14,3,3|3|3|1|1|3|1|1|3|1|3|7|3|3|3
38388,2,True,1,0,2,2|2|2|2|2|2|2|2|2|2|2|2|2|2|2
38389,5,True,0,10,6,6|6|5|6|0|5|5|5|6|0|6|6|5|0|6
38409,4,True,0,10,0,4|3|1|0|3|0|0|0|4|4|0|4|0|4|0
38411,2,True,1,12,6,6|2|6|2|6|5|8|4|8|6|8|6|6|6|2
38430,1,True,3,9,-1,1|8|1|8|8|8|1|8|1|4|8|4|1|4|1
38433,0,True,3,15,3,1|3|3|3|3|3|1|3|3|1|3|3|3|3|3
38457,2,False,2,13,6,3|3|6|0|0|4|2|6|2|4|0|6|6|6|3
38460,3,False,3,5,3,3|3|3|0|5|5|3|3|3|3|3|1|3|7|3
38478,0,True,8,9,-1,0|0|6|0|8|8|0|6|8|8|0|0|6|8|8
38480,0,False,0,11,5,0|5|0|5|5|5|0|5|5|0|5|5|5|5|5
38483,1,True,2,13,3,4|2|2|2|3|3|2|6|3|6|1|1|3|3|3
38519,3,False,3,3,3,3|3|1|3|3|3|3|1|3|1|3|3|3|3|3
38521,4,True,6,14,-1,6|0|0|6|0|4|5|6|5|6|6|5|3|0|0
38546,6,True,9,11,9,6|9|6|9|9|9|9|6|7|9|7|9|6|9|5
38562,1,True,9,15,9,9|9|5|9|9|9|9|9|9|9|9|9|9|9|7
38564,2,True,7,15,-1,6|9|6|9|9|6|7|6|9|7|6|9|9|7|6
38568,3,True,2,15,4,4|4|4|6|8|4|2|6|2|2|6|6|4|4|4
38572,6,False,6,5,6,6|6|6|3|6|6|8|6|0|6|6|6|6|4|3
38576,7,False,7,1,7,7|7|7|7|7|7|7|7|7|7|7|7|3|7|7
38581,2,True,6,13,3,3|6|2|0|6|3|0|2|3|6|0|3|6|0|3
38600,5,True,0,13,0,5|3|6|0|0|5|0|0|3|6|6|6|3|3|0
38606,5,True,0,14,6,6|0|6|6|6|5|0|6|6|4|6|6|3|4|2
38620,4,False,4,13,8,8|8|8|8|8|8|8|8|8|8|8|4|4|8|8
38627,4,True,6,8,0,0|0|4|0|4|4|0|0|4|4|0|0|4|4|0
38631,6,False,6,13,2,7|8|6|3|2|9|0|2|5|6|2|2|5|3|2
38645,2,True,8,15,6,6|6|6|6|6|6|8|6|8|6|0|8|6|8|8
38674,0,False,0,3,0,0|0|0|0|0|0|0|5|2|0|0|0|4|0|0
38677,6,True,2,9,4,4|6|6|1|6|6|8|4|4|4|6|4|6|4|4
38694,2,True,8,15,0,8|8|8|3|8|0|0|0|0|0|0|8|0|0|8
38698,8,True,4,1,8,8|8|8|8|8|8|8|8|8|4|8|8|8|8|8
38701,3,True,7,15,7,7|7|7|7|7|7|7|7|7|7|7|7|7|7|7
38708,4,False,4,14,8,8|8|6|8|8|8|8|8|8|8|8|8|4|8|8
38711,2,True,5,15,5,7|5|5|7|7|5|7|6|7|7|5|5|5|5|5
38712,4,True,2,5,4,4|4|4|4|8|0|4|4|4|4|8|6|4|8|4
38719,0,False,0,11,0,4|0|6|9|3|3|0|1|4|0|5|4|3|0|6
38737,7,True,5,9,5,7|5|5|8|7|5|5|5|5|7|7|9|5|7|7
38755,2,True,5,15,7,9|5|5|7|7|7|5|7|7|5|5|7|7|7|7
38760,5,False,5,2,5,5|5|3|5|5|5|5|5|5|7|5|5|5|5|5
38785,2,False,2,7,2,2|2|2|6|2|6|2|2|3|6|2|4|4|2|8
38787,2,True,6,15,6,4|6|6|6|6|4|8|4|8|6|6|6|6|3|6
38797,0,False,0,3,0,0|0|5|0|0|0|0|5|5|0|0|0|0|0|0
38886,8,True,4,6,8,4|8|4|8|8|4|8|8|8|4|8|8|4|4|8
38904,6,False,6,11,4,8|4|8|4|8|6|8|6|4|4|6|6|4|4|4
38912,5,False,5,5,5,3|2|5|5|5|5|7|5|5|5|5|7|5|7|5
38914,2,True,1,5,2,2|2|2|2|2|2|1|2|2|2|1|1|1|1|2
38935,4,True,6,13,6,6|6|4|6|6|4|6|6|6|6|3|6|6|6|6
38936,2,True,8,15,8,0|0|8|0|8|8|8|0|8|8|8|8|6|0|8
38959,8,False,8,15,0,0|0|0|0|0|0|0|0|0|0|0|0|0|0|0
38982,7,True,8,13,8,8|8|8|7|0|8|0|8|8|8|8|8|0|7|0
38985,9,False,9,8,6,9|9|9|9|9|6|9|6|6|6|6|6|9|6|6
38996,3,False,3,5,3,3|3|8|3|7|3|0|3|3|3|3|7|5|3|3
39041,0,False,0,3,0,4|0|5|0|0|0|0|0|5|0|0|0|0|0|0
39088,2,True,5,15,5,5|5|5|5|9|5|5|9|7|9|9|7|5|9|0
39102,7,False,7,0,7,7|7|7|7|7|7|7|7|7|7|7|7|7|7|7
39119,5,True,0,6,5,0|5|5|0|0|5|0|5|5|0|5|5|5|0|5
39123,4,True,0,10,0,4|0|0|0|0|0|0|0|4|0|0|4|4|4|0
39146,5,False,5,5,5,5|5|5|5|2|5|7|5|7|7|5|5|5|7|5
39154,2,True,1,2,2,2|2|2|2|2|2|1|2|2|2|2|2|2|1|2
39186,7,False,7,5,7,7|5|5|7|7|3|7|5|7|7|7|7|7|7|3
39195,3,False,3,4,3,3|3|3|3|3|6|0|6|3|3|3|3|3|3|2
39238,9,False,9,1,9,9|9|9|9|9|9|9|6|9|9|9|9|9|9|9
39256,8,True,5,15,7,7|7|5|5|7|7|7|5|7|7|5|7|5|7|5
39271,2,True,1,2,2,2|2|2|2|2|2|2|2|2|2|2|2|1|1|2
39302,0,True,2,7,0,2|0|0|2|0|4|0|2|0|4|0|4|0|4|0
39304,5,True,7,15,7,7|7|7|9|9|7|7|7|7|7|7|9|6|9|7
39324,2,False,2,12,6,6|6|6|2|2|3|3|4|2|6|3|9|6|3|6
39340,4,True,6,12,6,6|6|6|4|6|4|4|6|6|6|6|6|6|6|6
39343,1,True,2,11,2,2|2|2|2|2|1|2|2|2|1|8|4|1|1|2
39386,0,False,0,9,4,4|0|4|0|0|4|0|0|4|4|0|4|4|4|4
39395,4,True,0,11,0,0|6|6|0|6|4|0|4|8|4|5|0|0|4|0
39409,8,True,4,12,4,4|4|6|4|2|8|8|6|8|6|4|4|6|4|6
39424,7,False,7,0,7,7|7|7|7|7|7|7|7|7|7|7|7|7|7|7
39464,8,True,4,11,4,2|8|8|4|2|4|0|4|1|6|8|8|2|4|4
39471,2,True,8,13,8,8|8|8|2|8|6|0|0|8|7|7|8|6|0|2
39479,1,True,7,15,7,7|7|7|7|7|7|7|5|7|7|7|7|7|7|5
39487,1,True,7,15,7,7|7|7|7|7|7|7|7|7|7|7|7|7|7|3
39510,3,True,2,15,6,6|6|6|6|6|6|6|6|6|6|0|0|6|4|1
39515,4,True,0,13,3,6|0|0|0|3|3|1|6|4|4|3|3|3|1|0
39520,4,True,6,6,4,6|4|6|6|6|4|6|4|4|6|4|4|4|4|4
39542,1,False,1,11,2,2|2|2|2|2|2|1|2|2|1|2|2|1|1|2
39567,7,True,5,8,-1,7|5|7|6|5|5|7|5|7|7|5|7|5|7|5
39570,2,False,2,10,2,4|2|2|3|3|5|2|6|6|2|3|5|3|6|2
39614,2,False,2,15,4,4|6|4|4|6|4|6|4|6|4|4|4|4|4|4
39617,6,True,9,11,9,6|9|6|9|9|9|6|5|7|7|7|9|5|7|6
39621,4,True,0,13,0,0|0|0|0|0|0|0|5|4|4|0|0|0|0|0
39639,6,True,9,14,9,9|9|9|9|9|9|9|9|9|9|9|9|9|9|6
39650,6,False,6,2,6,6|6|6|6|6|4|6|6|6|6|4|6|6|6|6
39651,4,False,4,13,8,8|8|8|8|8|8|8|8|8|4|8|8|4|8|8
39659,5,True,7,5,5,7|5|5|7|5|5|7|5|5|7|5|5|5|7|5
39660,8,False,8,7,8,8|2|6|8|8|0|0|8|8|8|0|8|6|0|8
39677,1,True,7,15,7,7|7|7|7|7|7|7|7|7|7|7|7|7|7|7
39696,0,True,8,12,-1,0|2|6|0|5|6|0|5|8|7|2|6|5|7|8
39702,2,True,5,15,5,5|5|5|5|5|5|7|5|5|5|5|5|5|7|3
39706,2,True,6,15,6,4|4|6|0|6|6|0|6|0|4|6|0|6|4|6
39713,3,True,7,8,7,3|7|7|7|7|3|7|3|7|7|3|7|3|3|3
39717,1,False,1,14,2,2|2|2|2|2|2|2|2|2|2|2|2|1|2|2
39719,1,True,3,13,3,3|3|3|3|3|3|1|3|3|1|3|3|3|3|3
39724,1,True,3,14,8,3|6|8|8|8|8|0|8|8|8|8|3|1|3|0
39725,8,False,8,13,0,8|8|0|0|0|0|0|0|0|0|0|0|0|0|0
39767,6,True,9,14,9,9|9|9|9|9|6|7|9|9|9|9|9|9|9|9
39818,7,True,3,15,3,3|3|3|1|3|3|3|1|3|1|3|3|3|3|3
39830,0,False,0,9,0,0|0|0|0|6|5|0|5|3|4|5|5|3|5|0
39854,4,True,2,6,4,4|4|2|4|2|4|1|4|4|4|8|2|4|1|4
39878,1,True,7,13,7,7|7|7|7|7|1|7|0|7|7|7|7|7|1|2
39880,3,False,3,9,3,7|3|0|3|7|3|7|3|2|1|3|3|5|5|2
39882,4,True,0,14,-1,0|5|5|5|0|0|5|5|0|0|5|5|0|4|0
39888,7,True,5,10,5,9|5|5|9|5|5|7|5|7|7|7|5|5|7|5
39895,7,True,5,4,7,7|5|5|7|7|7|7|5|7|7|7|7|0|7|7
39919,1,False,1,14,2,2|2|2|2|2|2|2|2|2|2|2|2|1|2|2
39925,7,False,7,13,5,5|3|5|3|5|7|5|5|5|7|5|5|5|3|3
39927,4,False,4,14,6,6|9|5|6|6|6|2|6|2|2|6|4|6|6|6
39931,4,False,4,13,8,8|2|8|5|2|4|8|6|8|8|4|8|6|3|2
39943,8,False,8,5,8,8|8|8|0|8|8|0|0|8|8|8|8|6|0|8
39967,3,True,7,15,7,7|7|7|7|7|7|7|7|7|7|7|7|7|7|7
40001,1,True,7,15,7,7|7|7|3|7|7|7|5|7|7|7|7|3|7|7
40010,7,True,8,15,8,8|8|8|8|0|8|8|8|8|0|0|8|6|0|8
40027,2,True,1,2,2,2|2|2|2|2|2|1|2|2|2|2|2|1|2|2
40044,8,True,4,4,8,8|6|8|8|8|8|8|8|8|8|8|8|4|4|4
40046,8,True,4,6,8,2|8|8|4|8|8|1|4|4|8|8|8|4|8|8
40055,7,True,5,9,5,7|7|5|6|5|7|5|5|7|7|7|5|9|5|5
40070,7,False,7,7,7,7|5|5|5|7|7|7|5|7|7|5|5|5|7|7
40119,1,True,7,15,7,7|3|7|7|7|7|7|7|7|7|7|7|7|7|3
40123,2,True,6,12,-1,6|6|4|4|2|8|2|4|6|6|1|4|6|4|2
40126,2,True,1,3,2,2|2|2|2|2|1|1|2|2|2|2|2|1|2|2
40135,4,True,2,12,6,3|2|2|6|6|4|2|6|4|6|0|6|0|6|4
40136,1,True,2,15,2,4|2|2|4|2|4|2|4|2|2|8|3|4|4|2
40147,8,True,5,13,-1,8|7|7|5|8|7|5|9|7|5|7|5|5|7|5
40152,0,False,0,10,0,5|0|0|2|5|0|0|3|6|0|6|6|3|3|3
40165,5,True,7,8,5,9|5|5|6|7|5|5|5|7|9|9|7|5|7|5
40175,4,True,0,12,0,0|5|4|0|0|0|0|0|5|0|0|5|4|4|0
40185,2,False,2,10,2,2|2|2|7|8|3|8|2|0|1|2|6|3|4|0
40194,2,True,1,2,2,2|2|2|2|2|2|1|2|2|2|2|2|1|2|2
40197,8,True,4,11,4,8|6|4|4|2|8|2|4|8|8|4|1|4|4|2
40208,7,True,5,7,7,7|7|7|7|7|7|7|5|7|5|5|5|5|5|2
40239,1,False,1,13,2,2|2|2|2|2|2|2|2|2|2|2|2|1|1|2
40272,2,True,5,15,5,5|5|5|7|5|7|5|5|7|5|5|7|5|7|5
40274,2,False,2,13,6,6|2|6|0|2|6|6|6|8|6|6|6|6|6|8
40287,4,True,0,12,0,4|0|0|0|0|4|0|0|0|0|0|4|0|0|0
40332,1,True,3,15,0,4|3|0|0|8|3|0|0|0|0|0|4|3|0|3
40339,9,True,0,15,0,5|0|0|0|0|0|0|5|0|0|5|5|0|1|0
40361,1,True,9,14,9,9|9|9|9|9|9|9|9|9|9|9|9|1|9|9
40368,8,False,8,11,0,8|0|0|8|0|8|0|0|8|0|0|0|0|0|0
40386,8,True,4,2,8,8|8|8|8|8|8|8|8|8|8|8|8|4|4|8
40446,6,True,9,8,9,6|9|6|6|9|6|9|6|6|6|9|9|9|9|9
40457,0,False,0,1,0,0|0|0|0|0|0|0|5|0|0|0|0|0|0|0
40462,5,False,5,0,5,5|5|5|5|5|5|5|5|5|5|5|5|5|5|5
40488,2,False,2,10,-1,2|2|6|6|6|2|2|2|3|6|5|6|3|4|5
40495,2,True,7,15,7,7|7|5|7|7|7|7|7|7|7|7|7|7|7|3
40499,3,False,3,5,3,3|1|3|3|3|1|3|3|3|1|1|3|2|3|3
40512,5,False,5,2,5,5|5|5|5|5|5|5|5|5|5|5|2|5|5|3
40569,4,True,2,3,4,4|4|2|4|4|4|2|4|2|4|4|4|4|4|4
40590,2,True,8,15,4,4|6|4|0|4|4|6|6|8|4|6|4|4|4|6
40593,1,True,7,15,7,7|7|5|6|7|7|0|7|5|9|5|7|5|7|5
40618,2,False,2,10,4,4|2|4|6|2|4|6|4|2|4|4|2|6|2|3
40625,4,False,4,14,8,8|8|8|8|8|8|8|8|8|8|8|8|4|8|8
40626,1,True,9,15,9,9|9|9|9|9|9|9|9|9|9|9|9|9|9|9
40635,8,False,8,12,-1,8|6|6|0|8|0|0|6|6|6|0|0|0|8|6
40641,1,True,9,15,9,9|9|9|9|9|9|9|9|9|9|9|9|9|9|9
40651,3,False,3,1,3,3|3|3|3|3|3|3|3|3|3|3|3|1|3|3
40652,1,True,3,13,3,1|3|4|6|3|3|3|3|3|8|3|1|3|3|3
40681,6,True,9,12,9,9|5|9|9|9|7|5|6|9|7|6|9|9|9|6
40682,1,True,9,14,9,9|9|9|9|9|9|9|9|9|9|9|9|9|9|1
40692,8,True,4,5,8,8|8|8|0|8|8|8|4|8|4|8|8|4|4|8
40700,3,True,5,12,5,3|5|5|5|5|3|7|5|3|5|5|5|5|7|5
40715,1,True,7,15,7,7|7|7|3|3|7|7|5|5|5|7|7|5|7|7
40742,2,False,2,11,-1,4|4|6|4|8|0|1|6|8|2|2|2|6|2|4
40748,2,True,1,1,2,2|2|2|2|2|2|2|2|2|2|2|2|1|2|2
40769,8,True,4,1,8,8|8|8|8|8|8|8|8|8|8|8|8|4|8|8
40803,7,False,7,6,7,3|7|7|3|7|3|7|7|7|7|3|7|3|7|3
40823,6,False,6,3,6,6|6|6|6|6|6|6|6|4|6|6|4|6|4|6
40828,2,True,5,15,7,9|5|7|7|5|5|5|7|7|7|5|7|3|3|7
40834,5,False,5,1,5,5|5|5|5|5|5|7|5|5|5|5|5|5|5|5
40854,3,False,3,5,3,3|3|3|4|3|3|8|3|3|1|1|3|1|3|3
40855,6,True,2,13,8,6|4|8|8|8|5|8|6|8|4|0|0|4|3|8
40863,8,True,4,4,8,8|8|6|7|8|4|8|8|8|8|8|8|4|8|8
40864,2,True,1,2,2,2|2|2|2|2|2|2|2|2|2|2|2|1|1|2
40870,1,False,1,14,2,2|2|2|2|2|3|1|2|2|2|2|2|2|2|3
40871,3,True,0,15,0,6|0|2|0|8|4|0|5|0|0|4|0|6|0|0
40919,3,False,3,14,8,8|8|8|8|8|8|8|8|8|8|8|1|1|3|4
40930,8,False,8,5,8,8|8|8|8|8|8|8|8|8|6|6|6|4|6|8
40934,2,True,1,1,2,2|2|2|2|2|2|2|2|2|2|2|2|1|2|2
40947,1,False,1,11,2,2|2|2|2|2|2|1|2|2|2|1|2|1|1|2
40960,4,False,4,14,6,3|6|5|6|0|5|6|5|3|4|3|6|6|3|6
40981,1,True,6,13,8,4|8|8|8|8|8|4|8|8|4|1|4|1|8|6
41003,8,False,8,13,0,0|0|0|0|8|0|0|0|8|0|0|0|7|0|0
41006,1,False,1,8,1,1|1|1|1|3|3|7|3|1|1|3|2|1|3|3
41012,7,False,7,8,5,5|5|5|5|7|5|7|5|7|7|7|5|5|7|7
41030,4,True,9,15,9,9|9|9|9|9|9|9|9|9|9|9|9|6|9|9
41035,8,True,4,9,-1,6|8|6|4|8|4|8|8|8|6|4|8|4|4|4
41073,8,True,4,13,-1,2|3|4|2|6|8|2|0|8|6|0|0|4|0|2
41079,0,False,0,2,0,0|0|4|0|0|0|0|4|0|0|0|0|0|0|0
41092,1,True,3,11,3,3|3|1|3|3|3|1|1|3|1|3|3|3|3|3
41111,8,True,4,14,-1,4|4|6|6|8|6|6|6|6|4|4|6|4|4|4
41135,8,False,8,6,8,8|8|8|2|8|8|0|8|9|0|2|8|6|8|8
41141,3,False,3,2,3,3|3|3|3|3|3|3|2|3|3|3|3|3|0|3
41147,1,True,7,15,7,7|7|7|7|7|7|7|7|7|7|7|7|7|7|7
41148,2,True,1,1,2,2|2|2|2|2|2|2|2|2|2|2|2|1|2|2
41168,5,True,0,10,5,0|6|5|0|6|4|5|5|5|4|5|0|0|2|4
41178,1,True,9,15,9,9|9|5|9|9|9|9|9|9|9|6|9|5|9|9
41181,5,True,0,4,5,5|5|0|0|5|5|5|5|5|4|5|5|5|0|5
41186,6,True,9,11,9,9|9|9|9|9|6|9|6|9|6|9|9|9|9|6
41243,6,False,6,12,4,4|6|0|6|3|4|4|4|4|4|6|4|4|4|0
41271,2,True,8,10,-1,2|2|6|8|8|2|0|0|8|2|8|2|6|6|8
41274,2,False,2,10,4,4|2|4|6|2|4|6|4|2|4|4|2|1|4|2
41278,8,False,8,7,8,6|0|8|6|8|8|8|0|8|6|0|8|6|8|8
41289,7,True,5,8,-1,5|5|5|6|7|7|7|5|7|7|5|7|5|7|5
41298,2,True,5,14,5,5|5|5|5|5|3|5|5|5|5|2|5|5|5|5
41314,6,False,6,4,6,6|6|6|6|6|6|8|6|4|6|4|6|4|6|6
41336,7,False,7,1,7,7|7|7|7|7|7|7|7|7|7|7|7|7|7|3
41358,3,False,3,13,0,6|1|5|5|3|4|8|3|4|8|0|0|0|4|0
41366,0,True,8,11,8,8|8|8|6|8|0|7|6|8|0|0|8|6|0|6
41393,2,True,5,14,5,2|5|5|5|5|5|7|5|5|5|5|5|5|5|5
41480,2,True,5,15,5,7|5|5|9|5|7|5|5|7|7|5|7|5|7|5
41481,5,True,0,11,2,5|2|5|5|2|3|7|0|5|0|3|7|2|2|2
41508,0,False,0,1,0,0|0|0|0|0|0|0|0|0|4|0|0|0|0|0
41510,1,True,3,15,3,3|2|6|6|6|3|2|2|5|4|3|2|3|3|6
41552,8,True,4,4,8,8|8|8|4|8|8|8|8|8|4|8|8|4|4|8
41555,3,True,5,15,5,7|5|5|2|5|5|7|5|5|7|5|7|5|7|5
41566,1,True,9,15,9,9|9|9|9|9|9|9|9|9|9|9|9|9|9|9
41567,3,True,7,12,7,3|7|7|7|7|3|7|7|7|7|7|7|3|7|7
41614,2,True,5,15,5,5|5|5|5|5|5|5|5|7|7|7|7|5|3|5
41630,2,True,1,1,2,2|2|2|2|2|2|1|2|2|2|2|2|2|2|2
41639,6,False,6,9,6,4|0|6|0|0|8|6|6|4|4|6|6|4|4|6
41652,2,True,1,1,2,2|2|2|2|2|2|2|2|2|2|2|2|1|2|2
41692,2,True,8,14,7,7|7|0|7|7|7|7|0|8|7|0|3|6|7|2
41693,2,True,1,1,2,2|2|2|2|2|2|2|2|2|2|2|2|1|2|2
41698,1,True,7,15,7,7|7|7|7|7|7|7|7|7|7|7|7|7|7|7
41722,1,False,1,15,2,2|2|2|2|2|2|2|2|2|2|2|2|2|2|2
41738,1,False,1,15,2,2|2|2|2|2|2|2|2|2|2|2|2|2|2|2
41752,5,False,5,12,7,9|7|7|8|5|7|7|0|7|7|7|5|5|7|7
41757,9,False,9,5,9,9|9|9|9|9|6|9|6|6|7|9|9|6|9|9
41763,8,False,8,14,0,0|0|0|0|0|8|0|0|0|0|0|0|0|0|0
41771,0,False,0,6,0,0|0|5|6|0|4|0|0|4|4|0|4|0|0|0
41785,1,True,7,15,7,7|7|3|7|3|7|7|7|7|5|5|7|3|7|7
41792,1,True,9,15,9,9|9|9|9|9|9|9|9|9|9|9|9|9|9|9
41810,3,False,3,7,3,3|0|2|9|3|0|1|3|3|1|2|3|3|3|3
41823,6,False,6,14,4,4|8|4|2|8|4|8|4|8|6|8|4|4|4|2
41860,3,False,3,9,1,3|3|2|3|1|1|1|3|1|1|8|3|1|1|3
41868,3,False,3,2,3,3|3|3|3|3|3|3|3|1|3|3|7|3|3|3
41911,2,True,8,15,-1,6|8|8|3|0|8|0|8|0|0|4|6|6|0|8
41918,1,True,3,10,3,3|3|3|1|3|1|1|3|3|1|3|1|3|3|3
41931,4,True,0,10,0,0|6|6|0|0|4|0|8|4|4|0|4|4|0|3
41936,2,True,8,12,8,2|8|8|8|8|8|6|8|2|6|0|6|6|8|2
41941,1,False,1,13,2,2|2|2|2|2|2|2|2|2|2|2|2|1|1|2
41959,5,False,5,4,5,3|5|5|5|5|3|3|5|5|5|5|5|5|3|5
41977,2,True,5,14,5,5|5|5|2|5|5|5|5|5|5|5|5|5|5|5
42003,8,True,4,1,8,8|8|8|4|8|8|8|8|8|8|8|8|8|8|8
42028,4,False,4,8,-1,8|8|8|4|8|8|8|4|8|4|4|4|1|4|4
42030,1,False,1,11,2,2|2|2|2|2|2|1|1|2|2|2|2|1|1|2
42034,1,True,3,12,3,3|3|3|3|3|3|1|3|3|1|3|3|3|1|3
42046,3,False,3,0,3,3|3|3|3|3|3|3|3|3|3|3|3|3|3|3
42115,2,True,1,2,2,2|2|2|2|2|2|1|2|2|2|2|2|1|2|2
42134,2,False,2,10,-1,1|2|2|4|2|4|0|4|4|4|8|2|6|2|3
42148,6,True,9,9,9,6|9|6|9|9|9|9|6|9|9|6|9|6|9|6
42154,5,True,0,14,0,4|5|0|6|0|0|0|0|0|0|0|0|4|0|0
42160,4,False,4,9,4,4|8|6|6|2|4|8|6|2|4|8|4|4|4|8
42165,5,True,3,15,4,3|0|0|8|3|4|6|4|3|4|0|4|4|4|3
42168,6,True,8,15,0,0|5|4|0|7|8|0|7|0|0|5|7|7|7|0
42169,3,False,3,5,3,3|3|3|3|3|3|1|1|3|1|3|1|3|1|3
42175,2,True,8,15,8,8|8|8|0|8|8|0|0|8|8|0|8|0|0|0
42177,8,False,8,10,0,8|0|8|0|8|8|0|0|0|6|0|0|2|8|0
42179,3,True,7,8,7,3|3|7|7|7|3|7|7|7|7|3|7|3|3|3
42189,9,False,9,1,9,9|9|9|9|9|6|9|9|9|9|9|9|9|9|9
42272,7,False,7,11,6,6|7|6|6|7|6|9|6|7|7|6|6|6|6|6
42303,1,True,3,13,3,3|3|3|3|3|3|3|1|3|1|3|3|3|3|3
42307,4,True,0,13,0,0|0|0|0|0|0|0|0|5|4|0|0|0|0|4
42323,8,False,8,9,0,8|8|0|0|8|4|0|8|8|0|8|0|0|0|0
42333,1,False,1,13,2,2|2|2|2|2|2|2|2|2|2|2|2|1|1|2
42363,4,True,9,15,9,9|9|9|9|9|9|9|9|5|9|9|9|9|9|9
42389,1,True,9,15,9,9|9|9|9|9|6|9|9|9|9|9|9|9|9|9
42390,6,False,6,10,2,6|2|6|2|2|2|4|6|6|2|7|2|6|9|0
42391,4,False,4,14,8,3|8|8|8|8|8|1|3|8|8|8|8|1|4|8
42411,1,True,7,14,7,7|7|1|7|7|7|5|7|7|7|7|7|7|7|2
42417,1,False,1,13,2,2|2|2|2|2|2|2|2|2|2|1|2|1|2|2
42424,3,False,3,2,3,3|3|3|3|3|3|3|0|3|3|3|1|3|3|3
42427,9,False,9,2,9,9|9|9|9|9|9|9|9|9|9|7|9|9|9|7
42445,5,True,0,15,0,0|0|0|0|0|0|0|0|0|4|0|0|0|0|0
42476,4,False,4,4,4,8|4|4|6|4|4|4|4|4|8|8|4|4|4|4
42483,7,False,7,4,7,7|7|5|5|7|5|7|7|7|7|7|7|9|7|7
42484,0,False,0,10,0,4|0|5|1|3|3|0|0|4|1|0|5|0|4|3
42489,5,True,7,9,5,6|5|9|6|5|5|9|5|7|7|7|7|5|7|5
42518,2,True,5,15,5,5|5|5|5|5|5|5|5|5|5|5|5|5|5|5
42529,2,False,2,7,2,2|2|2|6|2|2|1|4|2|1|1|2|1|1|2
42558,3,True,5,10,5,3|5|5|5|5|3|3|5|3|3|5|5|5|5|5
42577,1,True,2,15,6,6|5|5|6|2|5|5|6|8|6|8|6|2|6|0
42588,4,False,4,14,8,8|8|8|8|8|3|8|8|1|8|8|8|4|8|8
42596,3,True,7,15,7,7|9|7|6|7|7|7|5|7|7|7|5|7|7|5
42598,6,True,9,14,7,7|7|5|6|7|7|7|7|5|7|7|7|7|7|7
42605,1,True,7,15,7,7|7|7|7|7|7|7|7|7|7|7|7|7|7|7
42635,4,True,0,13,0,0|0|0|0|0|0|0|0|4|0|0|0|4|0|0
42651,6,False,6,7,6,6|6|6|6|6|4|4|4|6|6|4|4|6|4|4
42670,1,False,1,14,2,2|2|2|2|2|2|2|2|2|2|2|2|1|2|2
42718,2,True,1,2,2,2|2|2|2|2|2|2|2|2|2|2|2|1|1|2
42738,4,True,6,4,4,4|0|4|0|4|4|4|4|4|4|6|0|4|4|4
42754,8,True,4,3,8,8|8|8|8|8|8|8|8|8|4|8|8|4|4|8
42805,2,True,1,0,2,2|2|2|2|2|2|2|2|2|2|2|2|2|2|2
42812,8,True,4,1,8,8|8|8|8|8|8|8|8|8|8|8|8|4|8|8
42822,0,True,2,15,6,6|6|6|6|6|4|8|6|6|6|6|6|4|4|6
42847,2,True,1,2,2,2|2|2|2|2|2|1|2|2|2|2|2|1|2|2
42860,5,False,5,4,5,0|7|5|5|7|5|5|5|5|7|5|5|5|5|5
42871,2,True,6,14,4,4|6|4|4|3|8|2|4|6|4|8|6|4|4|4
42874,2,True,0,14,3,3|6|3|3|3|3|5|5|5|2|3|3|3|0|3
42922,8,True,4,8,-1,4|4|8|4|8|8|8|6|8|4|8|4|4|4|8
42931,2,True,1,1,2,2|2|2|2|2|2|1|2|2|2|2|2|2|2|2
42936,1,True,7,15,7,7|7|7|7|7|7|7|7|7|7|7|7|7|7|7
42967,1,True,2,15,6,3|3|6|6|3|4|8|6|4|6|3|6|6|6|3
42992,6,False,6,1,6,6|6|6|6|6|6|8|6|6|6|6|6|6|6|6
43005,5,False,5,10,7,0|5|5|7|7|7|0|7|7|7|5|7|5|7|5
43037,6,False,6,9,-1,0|6|6|0|2|5|0|6|0|0|6|6|6|0|5
43038,8,False,8,11,0,0|0|8|8|0|8|0|8|0|0|0|0|0|0|0
43062,4,True,9,15,9,9|9|9|9|9|9|9|9|9|9|9|9|9|9|9
43067,1,True,2,13,-1,2|2|4|8|4|8|8|4|2|6|8|1|1|4|2
43068,2,True,1,1,2,2|2|2|2|2|2|2|2|2|2|2|2|1|2|2
43072,1,True,3,13,3,3|3|3|3|3|3|3|3|1|1|3|3|3|3|3
43091,4,False,4,14,6,6|2|2|2|6|8|6|6|2|8|1|8|6|4|3
43094,1,True,9,14,9,9|9|9|9|9|9|9|9|9|9|9|9|9|9|1
43096,3,False,3,1,3,3|3|3|3|3|3|3|3|3|3|3|3|3|3|1
43102,9,False,9,2,9,9|9|9|9|9|9|9|9|9|7|9|9|9|9|6
43112,5,False,5,2,5,5|5|5|5|5|5|7|5|5|7|5|5|5|5|5
43133,6,False,6,10,6,6|1|0|6|3|6|8|4|6|8|8|4|6|4|8
43152,7,False,7,2,7,7|7|5|7|7|7|7|7|7|7|7|7|3|7|7
43155,2,False,2,9,-1,4|4|2|6|2|2|2|3|3|2|3|3|3|2|3
43181,8,False,8,13,6,6|8|6|5|2|9|7|9|8|3|7|3|6|7|6
43186,2,False,2,15,8,8|8|8|8|8|4|8|8|8|8|8|4|4|4|8
43219,4,False,4,9,8,8|4|8|4|8|8|8|8|8|4|8|8|4|4|4
43241,2,True,5,14,5,2|7|7|5|7|5|7|5|7|5|0|5|5|5|5
43269,4,True,0,9,0,4|4|5|0|5|4|0|0|4|4|0|0|4|0|0
43273,9,False,9,7,9,6|9|6|9|9|6|9|9|9|9|6|9|6|6|6
43319,8,True,6,15,6,6|6|6|2|6|2|4|4|6|6|6|6|6|6|4
43336,4,True,6,12,6,6|6|4|0|0|4|6|5|6|0|6|4|5|0|6
43363,7,False,7,14,9,9|9|9|9|9|9|9|9|9|9|9|9|6|9|7
43395,4,True,0,15,3,3|3|0|7|3|0|0|3|1|0|1|1|3|1|3
43437,1,True,9,15,9,9|9|9|9|9|9|9|9|9|9|9|9|9|9|9
43478,0,False,0,4,0,0|0|4|0|0|0|0|0|4|4|6|0|0|0|0
43489,2,False,2,9,2,3|2|2|2|3|5|8|0|3|2|3|2|4|2|3
43524,7,False,7,2,7,7|7|7|9|7|7|6|7|7|7|7|7|7|7|7
43539,4,False,4,9,4,4|2|8|4|1|4|1|8|1|4|8|1|1|4|4
43553,4,False,4,13,-1,8|6|6|2|6|8|8|6|8|6|8|8|4|6|4
43559,2,False,2,5,2,2|2|2|2|2|1|2|2|2|6|1|2|1|2|3
43587,1,True,3,12,3,3|8|1|1|3|3|3|4|1|3|3|3|3|3|3
43592,8,False,8,9,8,8|7|8|6|2|8|8|5|8|0|5|5|0|7|8
43594,3,False,3,5,3,3|3|3|1|2|3|1|6|3|1|3|3|3|3|3
43606,6,True,5,14,7,6|5|7|5|7|7|7|5|7|7|5|7|5|7|5
43614,8,True,6,10,8,8|2|2|5|0|8|8|6|8|0|8|2|6|5|0
43616,4,True,0,15,0,0|0|0|0|8|0|0|1|5|0|1|3|0|0|3
43629,5,True,0,11,0,0|0|5|0|0|4|0|5|5|0|0|0|0|0|5
43638,1,True,3,12,3,3|3|3|3|3|3|1|3|1|1|3|3|3|3|3
43650,3,False,3,3,3,3|1|1|3|3|3|3|3|3|1|3|3|3|3|3
43662,7,False,7,3,7,7|7|7|3|3|7|7|7|7|7|7|7|7|7|3
43666,4,True,2,15,2,3|2|2|3|2|2|6|6|3|6|3|2|6|2|3
43717,5,False,5,7,5,7|5|7|6|5|5|5|5|5|7|5|7|5|7|7
43736,5,True,0,11,-1,9|2|0|0|6|0|0|5|5|3|6|5|2|5|2
43739,1,True,3,15,3,3|3|3|3|3|3|3|3|3|3|3|3|3|3|3
43753,5,False,5,5,5,3|5|7|7|7|5|5|5|7|5|5|5|5|5|5
43785,4,True,9,15,9,9|9|9|9|9|9|9|9|9|9|9|9|9|9|7
43792,7,True,5,5,7,9|7|7|7|7|7|9|1|7|7|7|7|7|9|5
43807,7,True,8,13,0,8|0|7|8|0|0|0|0|0|8|0|0|0|0|7
43819,1,True,3,15,3,3|3|3|3|3|3|3|3|3|3|3|3|3|3|3
43821,5,True,0,12,0,2|0|5|0|5|4|8|5|8|0|0|4|0|4|8
43822,8,True,4,4,8,8|8|8|8|8|4|8|8|8|4|8|8|4|4|8
43828,2,False,2,11,3,2|2|3|3|2|3|8|6|6|8|3|2|0|9|3
43861,4,True,2,7,4,4|6|4|4|2|5|2|4|4|4|6|2|6|4|4
43900,0,True,8,11,8,8|0|8|8|8|7|8|8|8|0|0|8|0|8|8
43914,1,True,3,13,3,3|3|3|3|3|3|3|3|3|1|3|1|3|3|3
43918,8,False,8,11,0,8|0|0|0|8|8|0|0|8|0|0|0|6|0|0
43930,0,True,8,3,0,0|0|8|0|0|8|0|0|8|0|0|0|0|0|0
43956,6,True,8,10,-1,6|0|8|7|8|7|6|6|8|6|0|3|6|8|8
43966,2,True,1,1,2,2|2|2|2|2|2|2|2|2|2|2|2|1|2|2
43978,1,True,3,10,3,3|3|3|1|3|1|8|3|1|3|3|1|3|1|3
43987,4,True,9,15,9,9|9|9|9|9|9|9|9|9|9|9|9|9|9|9
44013,1,True,9,15,9,9|9|9|9|9|9|9|9|9|9|9|9|9|9|9
44050,9,False,9,0,9,9|9|9|9|9|9|9|9|9|9|9|9|9|9|9
44059,2,True,5,14,5,2|5|5|5|5|7|5|5|7|5|5|5|5|7|5
44068,0,True,8,3,0,6|0|0|0|0|0|0|0|8|8|0|0|0|0|0
44080,8,True,4,0,8,8|8|8|8|8|8|8|8|8|8|8|8|8|8|8
44093,8,True,4,7,8,8|8|6|7|8|4|8|4|8|4|8|4|4|8|8
44103,6,True,2,14,3,8|3|5|2|3|3|3|0|1|6|3|3|3|4|3
44104,9,False,9,8,6,6|9|9|9|6|9|6|6|9|9|6|6|6|9|6
44122,3,False,3,2,3,3|3|8|3|3|3|3|3|3|1|3|3|3|3|3
44179,5,True,7,13,7,7|5|7|6|7|5|7|7|7|7|7|7|3|7|6
44205,7,False,7,9,7,0|7|4|9|5|6|7|5|7|7|5|7|5|7|5
44207,4,True,9,15,9,6|9|6|9|9|6|9|9|9|6|9|9|9|9|9
44210,2,True,1,2,2,2|2|2|2|2|2|2|2|2|2|2|2|1|1|2
44211,0,False,0,3,0,0|4|0|0|0|0|0|0|0|4|0|5|0|0|0
44219,4,False,4,9,8,8|4|8|8|8|4|8|8|8|4|8|4|4|4|8
44246,0,False,0,9,5,0|0|5|5|0|5|0|5|5|0|5|5|5|0|5
44265,7,False,7,5,7,7|7|7|3|3|7|7|7|7|7|7|3|3|7|3
44274,4,True,0,11,3,1|3|0|4|3|3|0|4|1|4|3|4|3|1|3
44285,4,True,3,14,0,3|2|0|0|7|3|0|4|6|2|8|0|5|6|3
44289,1,True,5,15,5,3|5|5|5|5|5|7|7|7|5|5|5|5|7|5
44290,3,True,7,15,7,7|7|7|9|7|7|7|5|7|7|7|7|7|7|7
44306,6,False,6,4,6,6|6|6|6|6|4|6|6|6|6|3|4|6|4|6
44317,5,True,0,13,0,0|0|0|4|5|0|0|6|6|0|0|5|6|0|8
44332,4,False,4,14,3,3|6|4|8|6|3|2|6|6|8|3|6|3|3|3
44353,1,True,9,15,9,9|9|9|9|9|9|9|9|9|9|9|9|9|9|9
44384,2,True,1,2,2,2|2|2|2|2|2|1|2|2|2|2|2|1|2|2
44392,7,False,7,1,7,7|3|7|7|7|7|7|7|7|7|7|7|7|7|7
44409,4,True,0,13,0,0|0|0|0|0|0|0|0|0|0|0|0|4|0|4
44413,3,True,6,13,-1,3|8|7|7|2|8|2|6|5|6|8|9|6|3|5
44470,1,True,9,14,9,9|9|9|9|9|9|9|9|9|9|9|9|1|9|9
44475,1,True,5,15,5,5|5|5|7|5|5|5|5|5|5|5|5|5|5|5
44495,7,True,5,7,7,7|5|5|7|5|7|7|5|7|7|7|5|5|7|5
44496,3,False,3,4,3,3|3|3|1|3|3|1|3|3|1|3|1|3|3|3
44506,9,False,9,3,9,9|9|9|9|9|9|7|6|3|9|9|9|9|9|9
44513,2,False,2,8,2,1|2|2|2|2|4|2|4|1|6|8|2|1|4|2
44515,1,True,9,15,9,9|9|9|9|9|9|9|9|9|9|9|9|9|9|6
44518,1,False,1,13,2,2|2|2|2|2|9|2|2|2|2|2|2|1|1|2
44525,4,True,2,6,4,6|6|4|8|2|4|4|4|4|4|6|6|4|4|4
44535,8,True,4,1,8,8|8|8|8|8|8|8|8|8|8|8|8|4|8|8
44540,3,False,3,15,8,8|8|8|8|8|8|8|8|8|4|8|8|8|8|8
44566,6,True,9,6,6,6|6|9|9|9|6|9|6|6|6|9|9|6|6|6
44578,1,True,6,15,8,4|8|6|6|8|6|8|6|8|4|8|8|4|8|4
44598,3,True,7,15,7,7|7|7|7|7|7|7|7|7|7|7|7|7|7|7
44604,8,True,4,12,4,4|4|4|4|8|4|8|4|8|4|4|4|4|4|4
44624,4,True,6,15,6,3|6|0|3|2|3|6|6|3|6|3|2|6|6|8
44633,7,False,7,1,7,7|7|7|7|7|3|7|7|7|7|7|7|7|7|7
44638,1,True,7,15,7,7|5|5|6|7|7|7|5|7|7|7|5|5|7|7
44640,8,True,2,14,6,6|6|4|0|6|4|0|6|8|4|5|6|6|6|4
44653,1,True,3,12,4,1|4|4|6|4|4|1|4|4|4|1|4|4|4|6
44670,8,True,4,6,8,8|8|8|7|8|4|4|8|8|8|8|8|4|4|4
44720,9,True,2,15,2,2|6|0|2|6|0|2|0|2|4|3|8|0|2|4
44724,0,True,3,15,3,3|3|3|3|3|3|1|3|1|1|3|3|1|3|3
44731,8,True,4,4,8,8|8|1|8|8|8|8|8|8|8|8|3|4|8|3
44742,1,True,2,14,4,1|2|6|7|4|8|4|4|8|6|8|4|4|4|6
44751,5,False,5,7,5,7|7|5|5|5|7|7|5|7|5|5|5|5|7|7
44760,1,True,9,15,9,9|9|9|9|9|9|9|9|9|9|9|9|9|9|9
44763,0,False,0,7,0,5|0|5|0|0|5|5|5|5|0|0|5|0|0|0
44765,3,False,3,2,3,3|3|3|3|3|3|1|3|3|1|3|3|3|3|3
44778,6,True,9,7,6,6|9|6|9|9|6|9|6|6|6|5|9|6|9|6
44802,2,False,2,10,3,2|6|3|3|2|3|8|2|3|2|3|6|3|2|3
44813,3,True,7,14,7,7|7|7|9|7|7|7|7|7|7|7|7|7|7|3
44832,2,True,4,12,6,8|6|2|2|6|4|2|6|6|6|4|6|6|3|0
44835,2,True,6,13,-1,4|4|6|6|2|4|8|2|4|6|6|6|3|4|3
44851,8,True,4,2,8,8|8|8|8|8|8|8|8|8|4|8|8|4|8|8
44862,6,True,5,13,5,6|5|5|6|5|7|0|5|5|7|5|7|9|7|7
44863,1,True,3,15,3,3|3|3|3|3|3|3|3|3|3|8|3|3|3|3
44869,4,False,4,10,8,4|8|8|4|8|4|8|8|8|4|6|4|6|8|8
44890,7,True,3,15,3,3|3|3|3|3|3|3|1|1|1|3|3|3|3|3
44894,1,False,1,13,2,2|2|2|2|2|2|1|2|2|1|2|2|2|2|2
44899,2,False,2,9,2,2|2|2|6|2|1|1|4|2|4|1|2|1|4|1
44923,3,False,3,0,3,3|3|3|3|3|3|3|3|3|3|3|3|3|3|3
44927,1,True,9,15,9,9|9|9|9|9|9|9|9|9|9|9|9|9|9|9
44945,1,True,2,15,8,4|8|8|8|8|4|8|4|8|6|8|4|4|4|6
44963,4,True,0,9,4,4|3|1|4|3|4|0|1|4|4|1|1|3|4|1
44965,5,True,0,9,0,0|0|5|0|0|0|0|5|5|4|5|5|3|0|5
44972,8,True,4,9,4,8|2|8|4|8|4|8|4|8|4|4|4|6|4|8
45018,4,True,0,14,0,5|0|0|0|0|4|2|5|0|0|5|0|0|0|0
45037,1,True,3,13,3,4|3|5|0|0|3|0|3|4|3|0|3|1|1|3
45045,1,True,2,15,2,3|4|3|6|2|4|0|0|2|2|0|6|0|2|2
45054,6,True,8,10,0,8|0|0|0|8|6|8|0|0|6|0|8|6|6|6
45078,1,True,9,14,9,9|9|9|9|9|9|9|9|1|9|9|9|9|9|9
45088,2,True,1,1,2,2|2|2|2|2|2|1|2|2|2|2|2|2|2|2
45105,4,True,0,11,0,4|0|0|0|3|4|0|0|0|4|0|0|0|4|0
45108,1,True,3,14,3,3|3|8|3|8|3|3|3|3|3|1|3|3|3|3
45125,1,True,3,12,3,1|3|3|9|3|3|0|3|3|3|3|3|1|3|1
45134,0,False,0,1,0,0|0|0|0|0|0|0|5|0|0|0|0|0|0|0
45146,5,True,0,12,0,0|0|0|0|0|5|0|4|0|0|0|5|5|0|0
45174,1,True,3,12,3,3|3|3|3|3|3|1|3|3|1|3|1|3|3|3
45210,5,True,0,14,0,0|6|0|6|0|0|0|5|4|6|6|6|6|0|0
45219,0,False,0,7,0,0|0|0|0|0|5|5|5|5|4|5|5|0|0|0
45227,2,True,6,11,-1,2|2|4|2|8|6|2|4|4|6|6|4|6|4|6
45232,2,False,2,13,4,4|4|4|8|2|4|4|6|8|4|8|6|4|6|2
45247,1,True,2,14,8,2|8|8|8|8|8|2|1|4|8|8|4|8|4|2
45252,8,True,4,10,-1,4|6|8|3|8|8|4|6|3|3|8|3|3|8|4
45266,6,True,9,10,9,9|9|6|9|6|7|9|6|6|7|7|9|6|9|9
45278,4,True,0,10,0,0|4|0|0|0|4|0|0|0|0|0|0|4|4|4
45295,5,False,5,8,7,7|5|5|5|7|7|5|5|7|5|5|7|7|7|7
45316,4,True,9,15,9,9|9|9|9|9|6|9|6|9|9|9|9|7|9|6
45323,7,True,5,8,5,7|5|5|5|7|7|7|5|7|7|5|7|5|5|5
45367,2,True,1,4,2,2|2|2|2|2|2|1|1|2|2|2|2|1|1|2
45368,3,True,7,14,7,7|7|7|7|7|7|7|7|7|7|7|7|3|7|7
45376,8,True,4,5,8,8|8|8|8|8|8|1|8|8|4|8|4|4|4|8
45384,1,True,9,15,9,9|9|9|9|9|9|9|9|9|9|9|9|9|9|9
45391,2,True,8,15,8,0|8|5|8|8|8|0|8|8|8|0|0|0|0|8
45394,2,True,6,14,6,6|6|6|6|6|6|8|6|6|6|6|2|6|6|4
45404,4,False,4,14,8,4|8|8|8|8|8|8|8|1|8|8|8|8|8|8
45426,6,True,9,12,9,6|9|6|9|9|6|9|9|9|9|9|9|9|9|9
45431,6,True,2,9,6,8|8|2|6|5|6|2|0|6|6|4|6|6|0|8
45440,7,True,5,6,7,5|7|7|7|1|5|7|7|5|7|6|7|5|7|7
45446,5,False,5,9,3,3|3|5|5|5|3|3|5|3|3|5|5|3|3|3
45453,8,True,4,6,8,8|8|8|8|8|8|8|4|4|4|8|8|4|4|4
45458,2,False,2,12,3,4|2|6|0|2|8|8|6|3|2|3|3|3|4|3
45460,1,True,9,14,9,9|9|9|9|9|9|9|9|9|9|9|9|9|9|1
45465,5,True,3,14,0,4|0|0|6|0|0|0|5|0|4|6|0|6|4|4
45474,1,True,9,15,9,9|9|9|9|9|9|9|9|9|9|9|9|9|9|9
45560,3,False,3,2,3,3|3|3|3|3|3|1|3|3|3|3|3|1|3|3
45576,5,True,6,15,4,4|4|4|0|0|4|0|0|4|4|0|4|1|4|0
45587,7,False,7,3,7,7|7|7|5|5|7|7|7|7|7|7|7|3|7|7
45600,5,False,5,7,5,7|5|5|5|5|5|7|5|7|7|5|7|5|7|7
45616,4,False,4,13,8,8|8|8|8|8|8|8|4|8|8|8|8|4|8|8
45631,3,True,5,15,5,7|5|5|5|5|5|5|5|5|5|5|5|5|5|5
45642,7,False,7,1,7,7|7|7|7|7|7|7|7|7|7|7|7|3|7|7
45665,2,False,2,12,0,6|6|2|6|2|4|0|2|6|0|0|4|0|3|0
45666,2,True,6,12,6,6|4|6|0|2|2|0|6|6|2|0|6|6|6|6
45701,4,False,4,13,8,8|8|8|8|8|8|8|8|8|8|4|8|4|8|8
45712,1,True,2,15,4,4|2|8|2|8|8|4|4|4|4|8|4|4|4|4
45719,2,False,2,15,4,4|8|8|1|8|4|4|4|8|4|4|4|4|4|4
45739,4,False,4,8,-1,8|8|4|4|6|8|8|8|4|4|8|8|4|4|4
45746,8,True,4,7,8,4|8|8|8|8|8|8|1|3|8|8|4|4|4|4
45753,7,True,3,15,3,3|3|0|3|0|6|0|5|3|3|3|3|0|0|3
45769,3,False,3,4,3,3|3|1|3|3|3|1|1|3|1|3|3|3|3|3
45771,8,True,4,6,8,8|8|8|3|8|8|8|8|8|4|8|1|1|3|4
45775,4,False,4,10,8,8|8|6|8|8|8|8|4|8|4|8|4|4|4|8
45794,1,True,3,13,2,2|2|0|6|2|1|1|4|2|2|3|3|3|0|5
45800,6,False,6,9,6,2|6|4|6|4|5|4|6|3|6|6|0|6|1|5
45803,2,True,1,1,2,2|2|2|2|2|2|2|2|2|2|2|2|2|1|2
45828,2,True,1,1,2,2|2|2|2|2|2|2|2|2|2|2|2|1|2|2
45829,1,False,1,10,2,2|2|2|4|2|1|2|2|1|2|1|2|3|1|1
45833,3,True,2,9,-1,3|3|3|3|6|6|2|6|3|6|7|6|3|6|5
45874,5,False,5,6,5,5|5|7|5|5|7|7|5|5|7|5|7|5|7|5
45875,6,True,8,15,5,8|5|7|8|3|3|2|5|3|7|7|7|5|5|5
45888,3,False,3,10,3,3|3|2|2|3|7|7|5|7|1|7|3|5|3|2
45928,8,False,8,8,8,8|8|8|8|8|7|8|6|8|7|0|0|7|7|0
45950,4,True,2,13,6,4|3|6|6|6|6|8|6|6|6|7|6|6|4|3
45957,9,False,9,1,9,9|9|6|9|9|9|9|9|9|9|9|9|9|9|9
45990,5,True,7,14,7,7|7|7|7|7|5|7|7|7|7|7|7|7|7|9
45995,6,True,2,11,0,0|0|0|6|3|0|0|5|5|2|6|6|3|6|8
46003,2,True,1,1,2,2|2|2|2|2|2|2|2|2|2|2|2|1|2|2
46047,1,True,9,15,9,9|7|9|9|9|5|9|5|9|9|9|9|5|9|0
46048,4,True,6,2,4,4|4|4|4|4|4|4|6|4|4|0|4|4|4|4
46058,2,True,5,14,5,5|5|5|5|5|5|2|5|5|5|5|5|5|5|5
46071,8,True,4,3,8,8|8|8|2|8|8|8|8|8|4|8|8|4|8|8
46080,1,False,1,13,2,2|2|2|2|2|2|2|2|2|2|2|2|1|1|2
46095,5,True,6,14,6,6|6|6|5|6|4|0|0|8|6|4|6|6|0|6
46111,1,True,7,15,7,7|7|7|7|7|7|7|7|7|7|7|7|7|7|7
46182,1,True,2,15,2,2|6|2|2|2|4|2|6|2|4|2|3|3|4|2
46193,1,True,2,15,4,4|2|4|8|6|4|3|6|8|4|6|2|4|4|6
46194,4,True,6,12,6,8|5|0|6|6|5|0|6|4|4|8|0|4|8|6
46214,9,True,7,15,7,7|5|5|7|7|7|5|5|7|7|7|7|5|5|5
46224,2,True,1,1,2,2|2|2|2|2|2|1|2|2|2|2|2|2|2|2
46248,4,True,6,14,6,1|8|6|3|2|4|6|6|6|6|8|3|6|2|1
46252,7,False,7,5,7,6|9|7|7|7|7|7|7|7|7|7|5|6|7|5
46254,1,True,6,13,0,3|3|0|0|0|3|0|1|1|0|0|4|3|0|3
46260,8,True,4,3,8,8|4|8|8|8|8|8|6|8|8|8|8|4|8|8
46265,8,True,4,14,4,4|4|4|6|4|4|4|6|6|4|4|4|4|6|8
46291,3,False,3,3,3,3|3|3|3|3|3|1|1|3|1|3|3|3|3|3
46301,6,True,9,15,9,9|9|9|9|9|9|9|9|9|9|9|9|9|9|9
46306,3,False,3,11,1,3|8|1|8|8|1|8|1|1|3|3|1|4|1|3
46345,6,True,8,14,-1,3|6|7|0|3|7|8|0|8|0|3|3|7|7|2
46354,0,False,0,3,0,0|0|0|0|0|5|0|4|0|4|0|0|0|0|0
46374,4,True,9,15,9,9|9|9|9|9|9|9|9|9|9|9|9|9|9|9
46415,5,True,7,12,7,7|7|6|9|5|9|5|5|7|7|7|7|9|9|7
46420,4,True,6,13,6,4|6|6|6|6|4|6|6|6|6|6|6|6|6|6
46463,7,True,5,8,7,7|5|7|7|5|5|7|9|5|2|7|7|5|7|2
46467,8,True,4,14,3,2|2|8|1|2|3|3|5|3|2|3|3|3|3|1
46476,6,True,8,15,7,7|2|5|2|7|8|7|0|5|0|7|7|3|0|7
46478,1,True,3,13,3,3|3|3|3|3|3|1|3|3|1|3|3|3|3|3
46485,8,False,8,2,8,8|8|8|8|0|8|8|8|8|8|8|8|6|8|8
46490,4,True,6,4,4,4|6|4|4|6|4|2|4|4|4|4|4|6|4|4
46505,7,False,7,5,7,7|7|7|3|5|7|7|7|7|7|3|7|7|3|5
46506,0,False,0,5,0,4|0|0|6|0|4|0|0|0|4|0|0|0|4|0
46514,6,True,8,9,0,6|6|6|0|8|0|0|0|8|0|0|6|6|6|0
46535,0,False,0,1,0,0|0|0|0|0|0|0|0|0|0|0|0|0|0|5
46545,7,False,7,1,7,7|7|7|7|7|7|7|7|7|7|7|7|7|7|3
46556,5,False,5,5,5,5|7|7|2|5|5|5|5|5|5|5|7|5|7|5
46569,1,True,7,15,7,7|5|7|5|7|7|5|7|7|7|7|7|7|7|7
46578,1,True,3,14,3,3|3|2|3|3|3|3|0|4|1|0|3|3|3|3
46623,3,False,3,1,3,3|3|3|3|3|3|3|3|3|1|3|3|3|3|3
46632,8,True,4,9,8,8|2|8|7|2|8|8|4|8|4|2|2|4|8|2
46655,6,True,2,9,6,2|0|6|9|6|3|0|6|6|6|3|3|6|3|3
46669,3,True,7,15,7,7|7|7|5|7|5|7|5|7|7|7|7|7|7|7
46681,7,False,7,2,7,7|7|7|7|7|7|7|5|7|7|7|7|5|7|7
46728,1,False,1,15,2,2|2|2|2|2|2|2|2|2|2|2|2|2|2|2
46729,7,True,5,9,5,0|5|5|5|7|5|7|5|7|5|5|7|7|7|5
46735,2,True,1,7,2,3|2|2|2|2|2|1|2|3|2|1|1|1|2|1
46763,0,False,0,2,0,4|0|0|0|0|0|0|0|4|0|0|0|0|0|0
46769,6,False,6,14,4,4|6|1|3|8|3|4|3|3|4|8|0|4|4|0
46775,8,False,8,13,6,6|6|6|0|8|7|8|0|6|6|0|0|6|0|6
46779,1,True,2,12,2,4|6|2|6|2|8|2|4|2|4|1|1|6|1|3
46783,8,False,8,8,8,7|2|8|6|8|8|0|0|8|0|8|8|8|0|0
46787,5,True,0,15,0,0|0|0|0|0|0|0|0|4|0|0|0|0|0|0
46795,2,True,5,15,5,0|5|5|6|7|7|5|5|7|7|5|7|5|7|5
46811,2,False,2,13,6,3|6|6|6|6|0|2|0|4|6|3|2|6|6|6
46817,7,False,7,1,7,7|7|7|7|7|7|7|7|7|7|3|7|7|7|7
46823,1,True,9,14,9,9|9|9|9|9|9|9|9|1|9|9|9|9|9|9
46828,1,True,2,9,1,2|2|1|1|2|1|1|4|2|6|6|2|1|1|3
46842,7,False,7,6,7,7|5|5|5|7|5|7|7|7|7|5|7|3|7|7
46861,8,True,4,6,8,8|8|8|8|8|6|8|6|6|6|8|8|4|8|6
46879,4,False,4,12,6,6|6|6|6|8|4|8|6|6|6|6|6|4|4|6
46896,1,True,9,14,9,9|9|9|9|9|9|9|9|9|9|9|9|9|9|1
46910,2,True,1,8,2,2|2|6|6|2|6|2|4|3|6|4|2|6|2|2
46912,4,True,6,14,0,5|0|5|0|0|0|0|5|5|4|0|0|5|0|5
46913,4,True,0,15,0,0|0|0|0|5|0|0|0|0|0|0|5|5|0|0
46920,2,True,5,15,5,5|5|5|5|5|5|5|5|5|5|5|5|5|5|5
46941,1,True,2,11,2,6|2|2|6|2|3|1|4|1|6|1|2|1|2|2
46945,3,True,7,15,7,7|7|7|7|7|7|7|5|0|7|7|7|7|7|7
46964,1,True,3,14,3,3|3|3|3|3|3|3|3|3|1|3|3|3|3|3
46981,8,False,8,12,0,0|0|8|0|0|8|0|0|8|0|0|0|0|0|0
46985,2,True,5,15,5,7|7|5|5|7|7|5|5|5|5|5|5|5|7|5
47004,8,False,8,9,6,6|8|8|8|8|6|6|6|8|6|6|8|6|7|6
47017,4,False,4,14,8,8|8|8|8|8|8|8|8|8|8|8|8|4|8|8
47018,4,True,0,14,0,0|0|0|0|0|0|0|0|4|0|6|0|0|0|0
47036,3,False,3,5,3,3|3|1|3|3|1|3|3|3|1|3|1|3|1|3
47052,8,True,4,2,8,8|8|8|8|8|8|8|8|8|4|8|8|4|8|8
47060,3,False,3,2,3,3|3|3|1|3|3|3|3|3|3|3|1|3|3|3
47064,1,True,3,12,3,1|3|3|3|3|3|3|3|1|1|3|3|3|3|3
47065,4,True,6,11,6,6|6|6|4|6|4|6|6|6|6|4|6|6|4|6
47067,2,True,1,2,2,2|2|2|2|2|2|1|2|2|2|2|2|1|2|2
47076,3,False,3,4,3,3|3|1|3|1|3|3|3|1|3|3|1|3|3|3
47079,2,True,1,12,-1,8|2|2|3|1|8|5|5|7|1|3|7|1|7|2
47099,4,True,6,2,4,4|8|4|4|4|4|4|4|4|4|8|4|4|4|4
47109,0,False,0,2,0,0|0|0|0|0|5|0|0|0|4|0|0|0|0|0
47110,1,True,7,14,7,3|1|5|7|2|8|7|5|2|0|7|5|0|7|2
47115,1,False,1,8,-1,2|2|2|1|2|1|9|2|1|1|1|1|2|1|2
47132,1,True,3,13,8,1|8|8|3|3|8|8|8|8|4|8|3|4|4|1
47152,2,True,1,3,2,2|2|2|2|2|2|1|2|2|2|2|2|1|1|2
47173,3,True,7,13,7,7|7|7|7|3|3|7|7|7|7|7|7|7|7|1
47193,8,True,4,3,8,8|8|8|8|8|8|8|8|8|8|8|8|4|4|4
47211,2,True,5,15,5,5|7|5|5|5|7|7|5|5|7|5|5|5|7|5
47246,8,True,4,2,8,8|8|8|4|8|8|8|8|8|8|8|8|4|8|8
47257,8,False,8,10,2,8|2|2|2|2|8|0|6|6|2|8|2|6|8|8
47264,4,True,0,8,4,4|4|4|8|0|4|0|4|4|0|0|4|6|0|0
47265,6,True,9,5,6,6|9|6|9|9|6|9|6|6|6|6|6|6|9|6
47267,1,True,7,15,7,7|7|7|7|7|7|7|7|7|7|7|7|7|7|7
47283,8,True,4,6,8,4|8|8|4|8|8|4|8|8|4|8|4|4|8|8
47285,0,False,0,6,0,0|0|0|0|5|4|5|0|4|4|0|0|5|0|0
47294,3,False,3,12,1,1|3|0|3|0|0|0|1|1|1|0|1|3|1|1
47339,8,False,8,15,0,0|0|0|0|0|0|0|0|0|0|0|0|0|0|0
47344,5,False,5,12,7,9|5|9|9|5|6|7|9|7|7|9|7|7|7|5
47346,8,False,8,9,0,0|8|8|8|8|8|0|0|0|8|0|0|0|0|0
47369,1,True,3,10,3,3|6|1|1|3|3|1|3|3|4|3|1|3|1|3
47409,7,False,7,3,7,7|5|7|7|7|7|7|7|7|7|7|7|1|7|2
47411,3,False,3,1,3,3|3|3|3|3|3|3|3|3|1|3|3|3|3|3
47421,4,True,0,15,0,5|0|0|5|0|5|0|5|3|0|0|0|0|0|0
47454,7,False,7,1,7,7|7|7|7|7|7|7|7|7|7|7|7|7|7|3
47476,5,False,5,5,5,7|5|7|2|7|5|5|5|5|5|5|7|5|5|5
47486,1,True,9,15,9,9|7|9|9|9|9|9|9|9|7|9|9|9|9|7
47541,1,False,1,13,2,2|2|2|2|2|2|2|2|2|2|2|2|1|1|2
47556,1,True,5,13,5,2|5|2|2|1|5|7|5|5|7|5|7|5|1|2
47569,0,False,0,12,5,2|2|7|5|2|5|5|5|0|5|0|9|0|6|7
47573,6,True,2,12,0,4|2|0|0|6|6|0|2|0|4|0|6|3|4|4
47574,3,False,3,2,3,1|3|3|3|3|3|3|3|3|3|3|1|3|3|3
47606,6,True,7,13,7,7|9|9|9|5|7|7|6|7|7|7|7|7|6|5
47641,0,True,8,11,6,8|0|6|6|6|6|6|6|8|0|0|0|6|6|8
47649,1,True,2,14,2,2|2|2|6|2|8|2|4|2|6|1|4|6|6|2
47652,5,False,5,2,5,2|5|5|2|5|5|5|5|5|5|5|5|5|5|5
47669,7,False,7,1,7,7|7|7|7|7|7|0|7|7|7|7|7|7|7|7
47697,0,True,8,4,0,8|0|0|0|8|8|0|0|8|0|0|0|0|0|0
47699,5,True,0,6,5,0|0|0|0|0|5|5|5|5|5|5|5|5|5|0
47707,1,True,3,15,3,3|3|3|3|3|3|3|3|3|3|3|3|3|3|3
47714,8,False,8,6,8,6|6|0|6|8|8|8|8|8|8|6|8|6|8|8
47735,2,False,2,12,8,2|8|8|7|2|4|8|8|8|6|8|4|4|4|2
47746,8,True,4,13,3,1|3|3|1|3|3|3|3|8|1|8|3|3|1|3
47750,8,True,4,4,8,8|8|4|8|8|8|4|8|8|4|8|8|4|8|8
47753,2,True,1,4,2,2|2|1|2|2|2|1|0|2|2|2|2|1|2|2
47756,0,True,2,15,4,2|8|4|4|8|4|4|8|2|4|4|8|4|4|4
47760,1,True,3,15,3,8|0|8|2|3|4|0|0|3|6|3|3|6|3|3
47778,4,True,0,14,0,0|0|0|0|0|0|0|0|4|0|0|0|0|0|0
47793,2,True,1,2,2,2|2|2|2|2|2|1|2|2|2|2|2|1|2|2
47794,6,False,6,5,6,2|6|6|6|6|2|2|6|2|6|6|2|6|6|6
47810,1,True,6,13,-1,2|6|8|6|6|3|0|3|1|4|8|4|0|4|1
47821,2,True,6,12,6,6|6|6|6|2|4|2|6|6|6|4|4|3|6|2
47830,1,True,9,14,9,9|9|9|9|9|9|9|9|9|9|9|9|9|9|1
47834,3,False,3,1,3,3|3|3|3|3|3|3|3|3|3|3|1|3|3|3
47856,5,True,0,13,0,0|0|0|0|0|0|5|0|4|1|0|5|0|0|0
47865,2,True,1,1,2,2|2|2|2|2|2|2|2|2|2|2|2|1|2|2
47895,3,False,3,4,3,3|3|3|1|3|3|1|1|3|1|3|3|3|3|3
47936,9,False,9,1,9,9|6|9|9|9|9|9|9|9|9|9|9|9|9|9
47945,1,False,1,14,2,2|2|2|2|2|2|2|2|2|2|2|2|1|2|2
47947,8,False,8,12,7,0|7|8|7|8|7|7|5|7|7|2|0|8|9|0
47963,1,True,2,15,2,2|2|2|6|2|4|2|4|2|6|6|4|4|4|2
47970,0,True,8,5,0,8|0|0|0|8|8|8|0|0|0|0|0|0|7|0
48020,1,True,3,8,3,3|3|1|3|3|3|1|3|3|1|1|1|1|1|3
48039,1,True,3,13,3,3|3|3|3|3|3|3|3|3|1|3|1|3|3|3
48052,2,False,2,12,6,4|2|6|0|2|3|6|6|8|6|4|2|1|4|3
48102,3,True,2,14,6,6|6|8|2|8|8|8|2|5|6|4|6|4|6|3
48108,6,True,5,14,5,7|7|5|6|5|5|7|5|5|7|5|7|5|7|5
48112,2,True,1,5,2,2|2|2|2|2|2|1|2|2|1|2|1|1|1|2
48121,2,True,1,1,2,2|2|2|2|2|2|2|2|2|2|2|2|1|2|2
48134,1,True,9,15,9,9|9|9|9|9|9|9|9|9|9|9|9|9|9|9
48143,4,True,0,14,0,0|0|0|0|0|0|0|5|0|0|0|0|0|0|4
48145,1,True,3,10,3,1|3|3|3|3|3|3|1|1|1|3|3|1|3|3
48158,2,True,1,2,2,2|2|2|2|2|2|1|2|2|2|2|2|1|2|2
48174,7,False,7,7,7,7|5|5|5|7|7|9|5|7|7|7|7|5|7|5
48181,9,False,9,9,6,6|9|9|9|9|5|6|6|6|6|9|9|6|6|6
48182,1,True,6,15,-1,4|0|4|0|0|4|6|4|0|0|0|0|4|4|4
48192,8,False,8,7,8,6|8|8|0|8|8|8|0|8|8|2|0|0|1|8
48200,5,False,5,6,5,3|5|5|0|5|5|3|3|3|5|3|5|5|5|5
48208,2,True,1,9,2,2|3|7|2|2|3|1|1|2|2|2|1|1|0|1
48299,2,True,6,9,-1,3|2|2|2|2|3|3|2|2|6|3|3|4|9|3
48314,1,False,1,13,2,2|2|2|2|2|2|1|2|2|2|2|2|1|2|2
48322,1,False,1,11,2,2|2|3|3|3|2|1|2|2|1|2|1|1|2|2
48359,2,True,8,15,8,8|8|8|0|8|8|0|0|6|8|8|8|6|8|8
48365,1,True,2,15,8,4|2|8|8|8|8|8|4|8|8|8|8|4|8|4
48370,5,True,7,12,7,7|7|5|9|7|7|7|7|5|7|7|7|5|7|7
48385,4,False,4,12,8,8|8|8|8|8|4|8|8|8|4|8|8|4|8|8
48389,6,False,6,13,5,3|6|5|5|8|8|8|5|6|5|8|3|3|3|5
48399,1,True,2,10,2,2|2|2|4|2|1|1|4|1|4|8|2|1|1|2
48402,6,False,6,3,6,6|6|6|6|2|6|6|6|6|6|6|4|6|4|6
48412,8,False,8,7,8,8|8|6|0|8|0|8|8|6|8|8|0|0|0|8
48421,4,True,0,13,0,0|0|4|0|0|4|0|0|0|0|0|0|0|0|0
48424,4,True,6,8,4,4|8|2|6|2|4|8|4|4|6|4|4|4|2|6
48438,4,True,0,13,0,0|5|0|0|0|4|0|5|0|4|5|0|0|0|0
48517,3,True,7,13,7,7|7|3|7|7|7|7|7|7|7|7|7|3|7|7
48538,4,False,4,13,8,8|8|8|8|8|8|8|8|8|8|8|8|4|8|4
48567,9,False,9,4,9,9|7|9|9|9|9|9|5|7|7|9|9|9|9|9
48574,1,True,3,11,4,4|3|4|4|3|1|1|4|3|4|3|1|4|3|1
48577,1,True,3,13,3,3|3|3|3|3|3|1|1|3|3|3|3|3|3|3
48587,3,False,3,2,3,3|3|3|3|3|3|3|3|3|3|3|1|3|1|3
48594,2,False,2,11,4,4|2|4|0|2|2|4|4|2|4|8|4|4|4|4
48608,7,False,7,5,7,5|5|7|3|7|3|7|5|7|7|7|7|7|7|7
48649,4,True,9,15,9,9|9|9|9|9|9|9|9|9|9|9|9|6|6|9
48653,5,True,0,5,5,5|0|5|0|0|5|0|5|5|5|6|5|5|5|5
48697,5,True,0,14,3,4|3|5|3|6|6|8|8|4|4|3|3|0|1|1
48713,2,True,1,2,2,2|2|2|2|2|1|2|2|2|2|2|2|1|2|2
48730,0,True,8,14,7,7|7|6|7|8|6|8|6|7|7|8|7|6|0|2
48747,0,True,8,10,0,0|8|2|7|8|6|2|0|0|0|8|0|1|7|2
48764,1,True,9,15,9,7|9|9|9|9|7|9|6|9|9|9|9|9|9|6
48774,9,False,9,1,9,9|9|9|9|9|9|9|9|9|9|9|9|6|9|9
48783,7,True,8,8,7,8|8|7|7|7|8|7|6|7|0|0|7|7|8|6
48790,2,False,2,9,3,2|3|3|2|2|3|0|2|3|2|3|6|3|2|3
48793,7,False,7,2,7,7|7|7|7|7|9|7|7|7|7|7|1|7|7|7
48802,8,True,3,15,3,3|3|3|3|3|3|7|3|3|3|3|3|1|3|3
48806,9,False,9,0,9,9|9|9|9|9|9|9|9|9|9|9|9|9|9|9
48836,4,True,0,14,0,3|0|0|0|3|4|0|0|0|1|0|7|0|0|0
48837,4,True,0,14,0,0|0|6|0|0|0|5|0|0|0|0|0|4|0|0
48851,4,True,6,5,4,4|4|6|4|6|4|6|4|4|4|6|4|6|4|4
48854,9,False,9,0,9,9|9|9|9|9|9|9|9|9|9|9|9|9|9|9
48894,0,False,0,6,0,5|0|0|0|9|0|0|1|5|1|0|0|0|0|3
48903,2,True,1,1,2,2|2|2|2|2|2|2|2|2|2|2|2|1|2|2
48904,5,False,5,10,7,7|7|7|5|7|7|7|5|5|7|7|5|5|7|7
48905,5,False,5,10,7,2|5|7|7|7|5|7|5|7|7|7|7|5|7|5
48909,4,True,0,15,3,7|3|7|3|3|1|0|0|3|1|3|6|3|1|2
48915,2,True,0,13,6,0|3|6|0|6|6|0|2|6|4|0|2|6|0|6
48931,2,False,2,10,2,2|6|1|4|2|8|6|6|2|6|8|1|1|2|2
48966,1,True,9,14,9,9|9|9|9|9|9|9|9|9|1|9|9|9|9|9
48974,5,False,5,6,5,5|5|6|5|7|7|7|5|5|5|5|7|5|5|7
48987,2,True,1,3,2,2|2|2|2|2|2|1|2|2|2|2|2|1|1|2
48990,4,True,6,10,6,4|6|6|6|6|4|6|4|6|6|4|6|6|4|6
48991,5,False,5,14,7,7|7|7|7|7|7|7|9|5|9|0|7|7|7|7
48999,1,True,3,14,3,3|3|3|1|3|3|7|3|7|6|3|7|3|3|3
49027,8,True,4,10,4,4|6|8|8|2|8|8|6|4|4|4|8|4|4|4
49043,0,False,0,2,0,4|0|0|0|0|0|0|0|0|0|0|0|4|0|0
49045,8,True,4,14,6,4|4|6|9|6|4|8|6|6|4|4|4|6|6|6
49069,2,False,2,15,4,4|6|6|4|6|4|6|4|6|4|4|6|6|4|4
49070,1,True,6,13,4,4|6|1|4|3|4|0|1|0|4|0|4|0|4|0
49075,6,True,7,15,5,7|3|5|5|5|7|2|5|5|5|5|5|9|7|7
49096,2,True,6,15,4,4|6|4|0|3|4|4|4|6|4|0|0|4|4|5
49101,8,True,4,3,8,8|8|8|8|8|8|8|8|8|4|8|4|4|8|8
49146,1,True,9,15,9,9|9|9|9|9|9|9|9|9|9|9|9|9|9|6
49186,9,False,9,0,9,9|9|9|9|9|9|9|9|9|9|9|9|9|9|9
49191,1,False,1,15,2,2|2|2|2|2|2|2|2|2|2|2|2|2|2|2
49199,1,True,3,12,3,3|3|3|1|3|3|3|3|3|1|3|3|3|3|1
49206,1,True,9,15,9,9|9|9|9|9|9|9|9|9|9|9|9|9|9|9
49210,1,True,7,15,7,7|9|9|7|7|7|7|7|7|7|7|7|7|7|7
49215,0,True,3,15,3,3|3|3|3|3|3|1|3|3|1|3|1|3|3|3
49218,3,True,7,2,3,3|3|3|3|3|3|3|3|3|7|3|3|7|3|3
49236,9,False,9,0,9,9|9|9|9|9|9|9|9|9|9|9|9|9|9|9
49246,8,False,8,8,8,8|7|7|8|8|8|8|8|6|7|0|7|0|8|0
49252,8,True,6,15,6,6|6|6|6|6|4|0|6|5|4|6|6|3|0|6
49270,3,False,3,5,3,3|3|3|1|3|3|1|3|3|1|3|1|3|1|3
49299,7,True,8,13,8,8|8|8|8|7|8|6|8|8|8|7|8|6|8|8
49328,0,False,0,7,0,0|0|4|0|4|4|0|0|0|4|0|4|4|4|0
49341,1,True,9,15,9,9|9|9|9|9|9|9|9|6|9|6|9|9|9|9
49356,1,False,1,14,2,2|2|2|2|2|2|2|2|2|2|2|2|1|2|2
49374,1,True,2,9,1,2|2|8|7|1|1|4|4|3|1|1|1|4|1|3
49379,6,False,6,4,6,6|6|6|6|6|4|4|6|6|6|6|6|4|4|6
49397,4,True,1,15,2,2|2|2|2|2|2|2|2|1|2|2|2|1|2|2
49439,1,True,7,15,7,7|7|7|7|7|7|7|7|7|7|7|7|7|7|7
49449,6,True,9,13,5,7|7|5|9|7|6|9|5|5|7|6|5|5|9|5
49450,8,False,8,11,0,8|0|8|0|8|0|0|0|0|0|8|0|0|0|0
49452,8,False,8,14,2,6|3|5|0|2|8|0|4|5|7|7|2|2|2|2
49455,2,True,1,4,2,2|2|2|2|2|2|1|2|2|1|2|2|1|3|2
49456,9,False,9,0,9,9|9|9|9|9|9|9|9|9|9|9|9|9|9|9
49466,7,False,7,3,7,7|7|7|7|5|1|1|7|7|7|7|7|7|7|7
49508,5,True,7,7,5,7|5|5|5|7|7|5|7|7|7|5|5|5|7|5
49516,2,False,2,14,1,3|6|5|4|2|8|1|4|1|4|1|4|1|1|3
49528,1,False,1,14,6,6|6|3|6|2|3|2|6|2|1|0|9|3|6|0
49556,1,False,1,15,2,2|2|2|2|2|2|2|2|2|2|2|2|2|2|2
49563,7,False,7,9,-1,9|5|9|5|7|5|7|5|5|7|7|7|9|7|5
49568,0,False,0,4,0,0|0|0|6|0|0|5|5|0|4|0|0|0|0|0
49574,7,False,7,12,5,9|5|7|5|5|5|5|5|3|7|5|5|5|5|7
49587,6,True,2,14,3,3|2|2|2|4|3|8|4|3|6|2|4|4|3|3
49607,1,True,2,15,3,3|6|6|6|6|3|3|3|3|6|8|2|3|4|5
49611,7,True,8,12,5,0|8|5|2|8|7|7|5|5|7|5|6|0|8|5
49614,0,False,0,8,5,0|0|5|5|0|5|0|5|5|0|0|5|5|5|0
49619,3,True,7,11,7,7|3|7|7|3|7|7|7|7|7|7|7|7|3|3
49642,3,True,6,14,4,4|8|6|0|8|4|6|6|4|4|0|4|0|0|3
49657,7,False,7,3,7,5|5|7|7|7|7|7|5|7|7|7|7|7|7|7
49666,1,False,1,14,2,2|2|2|2|2|2|1|2|2|2|2|2|2|2|2
49691,1,False,1,14,2,2|2|2|2|2|2|2|2|2|2|2|2|1|2|2
49695,8,False,8,5,8,8|6|6|8|8|8|8|6|8|6|8|8|0|8|8
49713,6,True,2,12,2,2|2|2|0|2|0|0|6|2|6|3|3|6|2|2
49723,3,True,5,13,5,3|5|5|5|5|9|3|5|5|5|5|5|5|5|5
49752,7,False,7,1,7,7|7|7|7|7|7|7|7|7|7|7|7|3|7|7
49754,0,False,0,1,0,0|0|0|0|0|0|0|0|0|0|0|0|4|0|0
49780,6,False,6,14,4,4|4|5|1|3|4|0|0|4|4|7|6|4|0|5
49784,3,True,7,7,3,3|7|3|7|7|3|3|7|7|7|3|3|3|7|3
49821,2,True,1,1,2,2|2|2|2|2|2|1|2|2|2|2|2|2|2|2
49838,5,True,0,7,5,5|0|5|0|0|0|5|5|5|0|0|5|5|0|5
49840,1,False,1,13,2,2|2|2|2|2|2|1|2|2|2|2|2|1|2|2
49841,7,False,7,6,7,7|7|7|9|7|7|7|5|5|7|7|5|5|7|3
49883,6,True,8,6,6,6|6|6|6|8|8|6|8|8|8|6|6|6|8|6
49894,3,False,3,4,3,3|3|3|3|3|3|1|0|7|3|3|3|1|3|3
49934,9,False,9,0,9,9|9|9|9|9|9|9|9|9|9|9|9|9|9|9
49941,8,True,4,11,4,4|8|6|4|8|6|6|8|4|4|8|4|4|4|4
49947,1,True,7,15,7,7|7|7|7|7|7|7|7|7|7|7|7|7|3|7
49983,2,True,0,9,-1,2|2|2|2|2|4|8|4|2|4|6|4|3|4|4
49996,6,False,6,10,3,3|3|3|2|2|3|6|6|3|6|3|6|2|6|3
50004,2,False,2,8,2,2|2|2|6|2|6|2|4|2|6|6|4|8|4|2
50019,8,False,8,11,6,8|6|8|7|8|6|8|6|0|6|6|6|4|6|0
50022,4,False,4,14,8,8|8|8|8|8|8|8|8|8|8|8|8|4|8|8
50031,2,False,2,8,2,2|6|2|6|3|4|9|2|2|2|0|2|0|6|2
50035,0,False,0,3,0,0|0|4|0|0|0|0|0|4|0|0|4|0|0|0
50068,6,True,9,8,9,9|9|9|6|9|6|9|9|6|6|9|9|6|6|6
50086,3,True,2,15,8,2|8|2|2|8|4|2|6|8|4|8|8|4|8|2
50099,2,True,1,0,2,2|2|2|2|2|2|2|2|2|2|2|2|2|2|2
50122,5,True,1,14,-1,1|2|2|3|1|5|1|0|3|1|3|2|1|3|3
50142,6,True,9,3,6,6|6|6|6|9|6|6|6|9|6|6|9|6|6|6
50148,1,True,7,14,7,7|7|7|7|7|8|7|7|7|7|7|7|7|7|1
50156,4,True,0,12,0,0|0|4|0|0|6|0|0|0|0|0|4|4|0|0
50166,4,True,2,12,6,2|6|8|0|2|8|6|6|4|6|6|6|6|4|4
50167,2,False,2,15,-1,4|8|6|6|4|8|8|6|8|4|8|8|4|4|4
50186,0,True,8,7,0,8|0|6|8|0|8|0|8|8|0|8|0|0|0|0
50193,0,False,0,1,0,0|0|0|0|0|0|0|0|5|0|0|0|0|0|0
50237,8,True,4,9,8,8|8|0|3|8|3|8|6|8|0|4|0|8|2|0
50240,5,True,0,10,0,0|0|0|0|0|5|0|5|5|4|0|5|0|0|5
50244,1,True,3,15,-1,0|0|2|0|0|0|6|6|8|6|6|6|6|0|8
50254,1,True,3,12,3,1|3|3|7|3|3|3|2|1|3|3|3|1|3|3
50334,7,False,7,8,5,7|7|5|7|7|5|5|5|5|7|5|7|5|7|5
50346,1,True,7,13,7,7|7|7|7|7|7|7|7|7|7|7|1|7|7|1
50384,0,True,8,5,0,0|0|8|0|0|8|0|6|8|0|0|8|0|0|0
50392,8,True,4,9,4,8|4|4|8|8|4|8|4|4|4|8|8|4|4|4
50396,0,False,0,1,0,0|0|0|0|0|0|0|5|0|0|0|0|0|0|0
50401,0,True,8,4,0,8|7|0|0|0|8|0|0|8|0|0|0|0|0|0
50457,2,True,1,1,2,2|2|2|2|2|2|2|2|2|2|2|2|1|2|2
50495,1,True,3,15,3,3|3|3|3|3|3|3|3|3|3|3|3|3|3|3
50524,0,False,0,6,0,5|0|5|0|0|4|0|0|5|0|5|5|0|0|0
50531,0,False,0,14,4,4|4|8|4|6|4|6|0|8|6|6|4|4|4|8
50549,1,True,9,14,9,9|9|9|9|9|9|9|9|9|9|9|9|1|9|9
50554,5,True,7,14,9,9|9|9|9|9|9|9|9|5|9|9|9|9|9|1
50571,3,False,3,6,3,1|8|3|3|3|6|3|3|3|4|8|3|1|3|3
50577,5,True,7,12,7,7|7|5|7|7|7|7|5|7|7|7|7|5|7|7
50592,1,True,2,15,-1,3|2|2|4|3|5|0|2|3|2|2|2|3|3|3
50606,1,True,6,14,4,6|3|8|4|3|4|6|3|3|1|6|4|4|4|0
50627,2,True,1,1,2,2|2|2|2|2|2|2|2|2|2|2|2|1|2|2
50647,4,True,2,7,4,4|4|2|2|6|4|4|2|2|4|6|6|4|4|4
50652,6,False,6,13,4,4|6|4|4|6|4|2|4|4|4|4|4|4|4|4
50733,1,False,1,13,2,2|2|2|2|2|1|2|2|2|2|2|2|1|2|2
50738,3,True,2,15,2,2|2|2|6|2|4|1|2|2|2|1|2|1|1|2
50741,4,True,2,8,-1,2|6|6|6|6|6|4|4|4|4|6|4|4|4|6
50743,1,False,1,15,2,2|2|2|2|2|2|2|2|2|2|2|2|2|2|2
50745,0,True,8,1,0,0|0|0|0|0|0|0|0|8|0|0|0|0|0|0
50759,8,True,4,8,4,8|8|8|4|8|4|8|4|8|4|8|4|4|4|4
50783,0,True,5,15,5,7|5|5|5|5|7|7|5|5|7|5|7|5|9|5
50784,8,True,4,9,8,8|6|8|6|8|4|8|6|8|6|4|6|4|4|8
50801,2,True,1,1,2,2|2|2|2|2|2|2|2|2|2|2|2|1|2|2
50819,9,False,9,1,9,9|9|9|9|9|9|1|9|9|9|9|9|9|9|9
50828,2,True,5,15,5,5|5|5|7|7|5|7|5|7|7|5|5|7|7|5
50863,4,True,6,14,0,0|0|0|0|0|4|0|0|0|0|0|0|0|0|0
50875,3,True,2,14,6,4|6|2|2|2|4|3|6|6|6|6|6|6|6|4
50877,4,True,6,5,4,8|2|4|2|4|4|8|4|2|4|4|4|4|4|4
50894,1,True,6,14,4,4|6|4|6|3|4|0|4|4|4|6|4|1|4|6
50896,2,True,6,14,6,6|6|6|6|2|6|6|6|6|6|6|6|6|6|6
50926,1,True,2,14,2,2|2|2|7|3|2|2|4|3|6|8|1|6|2|2
50931,0,True,8,9,0,0|0|8|0|0|8|8|8|8|6|0|5|6|6|0
50939,7,False,7,0,7,7|7|7|7|7|7|7|7|7|7|7|7|7|7|7
50952,9,False,9,1,9,9|9|9|9|9|9|9|9|9|6|9|9|9|9|9
50981,9,True,0,14,0,0|0|5|0|0|4|5|6|9|0|0|0|0|0|0
51011,5,False,5,3,5,7|5|5|5|5|5|5|5|5|7|5|5|5|7|5
51014,8,True,4,11,6,8|2|8|0|6|8|4|4|8|6|6|6|6|6|6
51016,1,False,1,15,2,2|2|2|2|2|2|2|2|2|2|2|2|2|2|2
51039,1,True,9,14,9,9|9|9|9|9|9|9|9|1|9|9|9|9|9|9
51066,8,True,4,3,8,4|8|8|8|8|8|8|8|8|4|8|8|4|8|8
51070,4,True,0,14,0,2|5|5|2|2|7|0|5|4|0|0|0|3|3|0
51078,6,False,6,6,6,4|6|6|6|2|4|8|6|8|6|6|6|6|4|6
51099,8,True,4,6,8,4|8|8|8|8|8|6|4|8|8|8|8|4|4|4
51117,0,False,0,10,4,4|8|4|0|0|4|8|6|4|6|0|0|4|4|0
51125,8,True,4,2,8,4|8|8|8|8|8|8|8|8|8|8|8|4|8|8
51128,5,False,5,0,5,5|5|5|5|5|5|5|5|5|5|5|5|5|5|5
51151,1,False,1,4,1,1|2|1|1|2|1|1|0|1|1|1|3|1|1|1
51192,0,False,0,0,0,0|0|0|0|0|0|0|0|0|0|0|0|0|0|0
51212,6,True,4,8,6,4|2|6|2|6|4|3|6|6|6|3|6|4|6|3
51222,5,False,5,9,7,7|7|7|5|7|7|5|5|7|7|5|7|5|7|5
51225,2,True,5,14,-1,3|7|5|6|7|6|5|7|8|2|7|6|6|3|5
51228,4,True,0,10,-1,3|0|0|1|4|4|0|0|4|1|6|4|3|0|4
51240,8,True,4,14,6,3|8|6|2|2|4|0|6|6|6|6|6|6|2|6
51253,0,False,0,4,0,4|0|4|0|0|0|5|0|0|4|0|0|0|0|0
51260,1,True,3,15,4,4|4|8|0|0|6|0|6|4|4|0|4|4|4|4
51267,8,False,8,8,-1,8|0|8|0|8|8|0|0|8|0|0|8|0|8|2
51288,6,True,9,10,9,6|9|9|9|9|9|9|9|6|6|9|9|6|9|6
51299,6,False,6,12,0,0|2|6|0|6|6|2|5|0|0|0|0|2|0|8
51337,6,True,9,9,9,6|9|9|9|9|6|9|6|9|9|9|9|6|6|6
51354,7,False,7,6,7,7|5|7|5|7|5|7|5|7|7|7|5|7|7|5
51364,7,True,5,12,5,7|5|5|5|5|5|5|5|5|7|7|5|5|5|5
51366,5,True,0,13,0,0|0|0|0|0|0|0|0|8|0|5|0|5|0|1
51369,1,True,3,13,3,3|3|3|3|3|3|1|1|3|3|3|3|3|3|3
51389,2,True,1,11,3,1|3|2|2|3|3|0|3|1|2|3|2|1|3|1
51392,3,True,7,13,7,7|7|7|7|7|3|7|7|7|7|7|7|7|7|3
51419,2,True,5,15,5,7|3|7|5|5|5|7|0|5|7|5|7|5|6|5
51423,0,False,0,10,3,3|3|0|0|0|3|3|3|3|1|0|3|0|1|1
51427,6,True,9,15,7,7|7|7|9|7|7|9|7|7|7|7|9|7|7|7
51464,2,True,0,15,6,6|6|6|6|6|6|6|6|6|6|6|6|6|6|6
51509,7,False,7,7,7,9|7|7|9|9|7|7|9|5|7|7|6|7|7|6
51514,2,True,4,15,8,8|8|8|8|8|8|8|8|8|8|8|4|8|4|4
51520,8,True,4,2,8,8|8|8|8|8|8|8|8|8|4|8|8|4|8|8
51546,6,True,9,12,9,9|9|5|9|9|6|9|6|7|9|7|9|5|7|6
51547,6,False,6,4,6,8|6|6|4|6|4|6|6|6|6|6|6|4|6|6
51574,1,True,9,15,9,9|9|9|9|9|9|9|9|9|9|9|9|6|9|9
51590,7,True,5,15,5,2|5|5|5|5|5|5|5|3|5|5|5|5|5|5
51603,8,True,4,4,8,8|8|8|8|8|4|8|8|8|4|8|4|4|8|8
51609,9,False,9,0,9,9|9|9|9|9|9|9|9|9|9|9|9|9|9|9
51611,1,True,9,14,9,9|9|9|9|9|9|9|9|1|9|9|9|9|9|9
51614,2,False,2,14,6,6|6|0|4|2|0|6|6|0|6|6|0|6|0|8
51629,1,True,3,15,3,4|6|6|3|6|3|3|4|4|6|3|3|3|3|4
51649,5,True,0,14,6,6|0|6|6|6|4|6|5|4|4|6|6|6|2|6
51692,1,True,3,15,3,3|3|3|3|3|7|3|3|3|3|3|3|3|3|3
51698,4,True,0,13,0,0|0|5|0|0|0|0|0|5|4|0|0|0|4|0
51708,8,False,8,15,0,0|0|3|0|0|0|7|0|5|0|3|0|0|0|2
51715,8,False,8,7,8,8|8|8|8|8|8|0|0|8|0|0|6|6|0|8
51719,1,False,1,14,2,2|2|2|2|2|2|1|2|2|2|2|2|2|2|2
51746,5,True,7,10,7,7|7|5|5|7|7|5|5|7|7|7|7|5|7|7
51764,9,False,9,7,9,6|9|9|9|9|6|7|6|7|9|9|9|5|7|9
51767,1,True,5,13,3,3|5|1|3|2|3|3|5|7|2|0|5|3|7|1
51774,8,False,8,9,-1,0|6|8|0|0|8|8|0|8|8|0|6|6|0|8
51778,8,True,4,13,6,6|2|4|2|6|6|6|6|6|6|8|8|6|4|6
51781,7,False,7,2,7,7|5|7|7|7|7|7|7|7|7|3|7|7|7|7
51782,3,True,2,15,4,4|2|2|6|6|8|8|4|4|4|8|2|4|4|4
51819,6,True,8,11,8,6|8|6|8|0|8|8|8|8|8|0|6|6|8|0
51874,8,True,4,6,8,4|2|8|4|6|8|6|8|8|8|8|8|4|8|8
51937,8,True,4,4,8,8|8|8|8|8|8|6|8|4|8|8|8|4|4|8
51946,4,True,0,12,3,4|3|0|1|3|3|0|3|1|4|0|1|4|1|3
51950,6,True,5,14,7,7|7|9|6|7|7|7|5|5|7|9|5|7|7|5
52018,2,True,5,14,5,5|5|5|5|5|5|5|2|5|5|5|5|5|7|5
52040,0,True,8,4,0,8|0|0|0|0|8|0|0|8|0|8|0|0|0|0
52079,1,True,3,12,3,3|3|3|3|3|3|3|3|3|1|3|1|3|1|3
52090,9,False,9,7,9,9|9|6|9|9|9|9|6|6|7|7|5|7|9|9
52096,6,True,9,13,9,9|9|9|9|9|6|9|6|9|7|9|9|9|9|9
52123,1,True,7,15,7,7|7|7|7|7|7|7|7|7|7|7|7|7|5|7
52146,4,True,0,13,0,0|0|4|0|0|0|0|0|0|0|0|0|1|4|0
52155,5,False,5,10,5,6|5|5|9|2|1|5|5|9|1|5|2|7|0|2
52162,2,True,1,3,2,2|2|2|2|2|2|1|2|2|2|2|2|1|1|2
52167,1,True,7,14,7,7|7|7|7|7|7|7|7|7|7|7|7|7|7|1
52174,2,False,2,15,6,6|6|6|6|6|4|4|6|4|6|6|6|3|6|3
52233,1,True,2,15,2,2|2|6|2|2|6|2|6|2|6|8|2|3|4|2
52246,5,False,5,2,5,2|2|5|5|5|5|5|5|5|5|5|5|5|5|5
52247,5,True,7,12,7,7|7|7|7|7|7|7|5|7|7|5|7|7|7|5
52260,2,False,2,11,4,4|2|4|4|6|8|4|6|6|4|2|2|6|2|4
52293,2,True,1,1,2,2|2|2|2|2|2|2|2|2|2|2|2|1|2|2
52312,4,True,9,15,-1,6|9|9|6|9|5|7|5|5|7|7|9|6|7|6
52338,1,True,3,15,6,6|4|6|6|0|6|0|2|2|6|6|0|6|3|3
52356,1,False,1,9,2,2|2|3|2|2|2|1|1|2|1|3|1|1|1|2
52361,4,False,4,7,4,8|8|8|4|8|4|8|4|8|4|8|4|4|4|4
52365,4,True,6,6,4,4|4|6|6|8|4|4|6|8|4|8|4|4|4|4
52380,2,False,2,14,4,4|2|8|4|8|4|4|4|8|4|8|6|6|4|4
52403,1,False,1,13,2,2|2|2|2|2|2|2|2|2|2|2|2|1|1|2
52422,7,False,7,1,7,7|7|7|7|7|1|7|7|7|7|7|7|7|7|7
52427,8,True,4,4,8,8|8|8|8|8|4|8|8|8|8|8|8|4|4|4
52444,1,False,1,13,2,2|2|2|2|2|2|2|2|2|1|2|2|1|2|2
52447,0,False,0,8,5,0|0|5|5|0|5|0|5|5|5|0|5|0|0|5
52450,2,False,2,15,4,4|4|4|4|6|4|8|4|8|4|8|4|4|4|4
52451,2,True,1,1,2,2|2|2|2|2|2|2|2|2|2|2|2|1|2|2
52507,0,False,0,11,-1,4|4|2|0|6|2|0|0|3|1|5|9|4|0|4
52526,5,False,5,7,5,7|9|5|5|5|5|7|5|9|5|7|5|9|3|5
52533,2,True,8,15,8,8|8|8|6|6|8|8|6|8|8|6|8|6|8|8
52540,1,True,3,12,8,1|8|4|8|8|4|8|6|1|4|8|4|4|1|8
52554,1,True,2,15,4,4|6|6|6|2|8|8|4|8|4|4|4|6|4|4
52556,2,False,2,10,2,2|5|0|4|5|3|4|6|6|2|7|2|2|2|3
52557,4,False,4,11,8,8|8|6|8|8|4|8|6|8|8|4|8|4|4|8
52583,8,True,4,4,8,8|8|6|8|8|8|8|8|8|8|8|8|4|4|4
52584,2,False,2,8,2,2|2|8|2|2|8|2|4|6|6|8|2|6|4|2
52590,2,False,2,13,-1,6|2|6|4|2|0|1|4|8|0|1|6|3|0|8
52612,8,True,6,15,0,0|0|0|0|2|4|0|6|4|4|4|0|0|0|5
52627,1,True,9,14,9,9|9|1|9|9|9|9|9|9|9|9|9|9|9|9
52646,5,False,5,3,5,5|5|5|5|5|1|5|5|5|5|5|5|0|3|5
52647,9,False,9,5,9,9|9|9|9|9|9|9|7|6|9|9|9|6|6|7
52651,1,True,9,15,5,9|9|7|9|3|5|5|5|5|9|9|5|5|5|5
52676,7,True,5,10,5,7|5|5|5|5|5|7|5|5|7|5|7|5|7|2
52681,4,False,4,13,8,8|8|8|3|8|8|8|6|8|3|8|4|6|4|3
52693,1,True,3,15,3,3|3|3|3|0|3|3|0|3|3|3|3|3|3|3
52696,4,False,4,10,6,4|6|6|6|6|6|4|6|6|6|6|6|4|4|4
52700,1,True,6,15,6,4|0|6|6|6|3|4|6|4|4|6|0|4|6|0
52701,4,False,4,10,8,8|8|8|4|8|8|8|8|8|4|8|8|4|4|4
52713,9,False,9,0,9,9|9|9|9|9|9|9|9|9|9|9|9|9|9|9
52718,3,False,3,9,3,3|2|8|4|8|4|3|3|3|4|8|3|4|1|3
52735,4,True,0,9,0,4|0|4|0|0|4|0|0|4|4|0|4|0|0|0
52746,0,False,0,4,0,0|0|5|0|0|0|0|5|5|4|0|0|0|0|0
52761,0,False,0,4,0,0|0|0|0|0|4|5|0|0|4|0|4|0|0|0
52784,8,False,8,5,8,8|8|8|8|8|8|6|8|8|8|0|6|6|7|8
52799,6,False,6,4,6,6|6|6|6|6|4|6|6|6|4|6|6|4|4|6
52802,6,False,6,1,6,6|6|6|6|6|6|4|6|6|6|6|6|6|6|6
52810,7,False,7,0,7,7|7|7|7|7|7|7|7|7|7|7|7|7|7|7
52836,2,True,8,15,0,8|0|7|0|0|0|0|0|5|0|0|0|0|6|0
52838,0,True,3,15,3,3|3|3|3|3|3|3|3|3|1|3|3|1|3|3
52863,6,True,2,9,6,6|8|4|6|2|4|8|6|6|6|8|6|4|8|8
52865,2,False,2,10,4,6|2|4|6|3|4|2|4|2|4|6|2|4|4|2
52907,1,True,6,14,8,3|8|8|1|8|3|3|8|8|8|8|8|4|3|3
52918,5,True,7,13,7,3|7|5|5|7|7|7|7|7|7|7|7|7|7|3
52926,5,False,5,10,7,0|7|5|9|7|5|5|5|7|7|5|7|7|7|2
52931,0,False,0,8,-1,0|0|5|5|5|0|0|5|5|4|5|0|5|0|0
52933,6,False,6,9,6,6|6|4|2|8|6|2|4|6|6|8|8|6|4|8
52943,2,True,1,1,2,2|2|2|2|2|2|1|2|2|2|2|2|2|2|2
52947,1,True,6,14,6,8|2|6|6|6|8|6|6|6|6|8|4|6|4|1
52948,2,False,2,14,-1,6|4|2|4|8|0|0|4|6|0|8|6|5|4|0
52986,8,True,4,6,8,4|8|6|8|8|4|8|8|8|4|8|8|4|8|4
53030,1,False,1,14,2,2|2|2|2|2|2|2|2|2|2|2|2|1|2|2
53049,0,False,0,2,0,0|0|0|0|0|0|0|0|4|0|0|0|5|0|0
53053,2,False,2,15,4,4|4|4|8|8|4|4|4|8|4|8|8|4|8|4
53056,6,True,9,6,6,6|9|6|9|9|6|6|6|9|6|9|6|6|9|6
53064,2,True,1,1,2,2|2|2|2|2|2|2|2|2|2|2|2|1|2|2
53079,8,True,4,14,4,4|4|4|4|6|4|6|4|4|4|8|6|6|4|4
53106,2,True,5,15,7,5|5|5|7|7|7|7|7|7|7|5|5|5|7|3
53110,4,False,4,11,6,4|8|8|6|6|4|2|6|8|6|6|4|6|4|6
53119,9,False,9,3,9,9|9|1|9|9|9|9|9|1|9|9|9|1|9|9
53148,3,False,3,14,5,8|7|0|5|8|0|0|5|6|5|5|3|5|1|8
53167,4,False,4,14,8,3|8|8|8|8|3|3|1|8|1|8|1|4|1|3
53171,2,True,1,4,2,2|2|2|2|2|1|1|2|2|2|2|2|1|1|2
53176,4,True,1,14,2,2|2|2|2|2|2|2|2|2|4|6|2|2|1|2
53180,6,False,6,12,2,2|2|6|6|2|2|2|2|9|4|1|1|2|3|6
53199,2,True,1,12,1,2|3|2|1|1|2|3|1|1|1|3|1|1|3|1
53202,0,False,0,9,6,6|3|6|0|6|0|6|6|0|3|0|6|6|0|0
53216,1,True,7,15,7,7|7|7|7|7|7|7|7|7|7|7|7|7|7|7
53225,2,True,1,2,2,2|2|2|2|2|2|2|2|2|2|2|1|1|2|2
53284,1,True,9,15,9,9|9|9|9|9|9|9|9|9|9|9|9|9|9|9
53294,2,True,5,14,5,2|9|5|6|9|5|7|9|9|5|5|5|7|9|5
53295,1,True,9,15,9,9|9|9|9|9|9|9|9|9|9|9|9|9|9|9
53300,4,True,6,6,4,4|6|6|4|6|4|4|6|3|4|4|4|6|4|4
53301,5,False,5,12,7,8|0|2|5|0|7|7|6|7|7|5|5|7|1|2
53316,4,True,0,10,0,4|0|0|4|0|1|0|0|4|4|0|4|1|0|0
53369,4,True,6,7,4,4|4|4|4|0|4|0|4|4|4|5|0|0|0|0
53390,0,True,3,14,3,3|3|3|3|3|4|0|1|3|4|3|3|3|3|3
53397,1,True,6,15,-1,6|6|6|6|6|4|0|0|2|0|0|3|5|0|5
53406,1,True,9,15,9,9|9|9|9|9|9|9|9|9|9|9|9|9|9|0
53411,4,False,4,15,3,3|1|3|3|3|3|3|3|3|1|3|3|3|3|3
53445,1,False,1,15,2,2|2|2|2|2|2|2|2|2|2|2|2|2|2|2
53470,2,True,8,13,0,8|2|8|0|0|8|0|0|8|0|8|0|0|0|2
53489,1,False,1,12,2,2|2|2|2|2|2|2|2|2|1|2|2|1|1|2
53492,8,False,8,13,-1,6|6|6|6|5|7|8|5|8|7|7|7|7|6|5
53497,6,True,8,14,8,8|8|8|0|8|7|8|8|8|0|0|0|6|8|8
53539,1,True,9,15,9,9|9|9|9|9|9|9|9|9|9|9|9|9|9|9
53555,4,True,0,13,0,0|0|4|0|5|4|0|0|0|0|0|0|0|0|0
53559,0,False,0,7,0,0|0|0|5|0|5|5|0|5|4|0|5|0|0|5
53572,1,True,3,15,3,3|6|2|0|8|3|3|2|3|3|3|6|3|3|3
53579,2,False,2,14,8,8|0|8|0|8|8|0|0|8|0|8|8|6|8|2
53590,7,False,7,0,7,7|7|7|7|7|7|7|7|7|7|7|7|7|7|7
53623,4,True,2,9,4,4|2|2|4|6|4|2|4|2|4|8|2|6|4|3
53685,1,True,2,15,6,4|6|6|0|6|4|6|4|2|4|6|6|6|4|2
53693,0,False,0,6,0,0|0|5|0|9|0|0|0|3|0|6|5|4|0|0
53704,3,False,3,0,3,3|3|3|3|3|3|3|3|3|3|3|3|3|3|3
53715,4,True,9,15,9,9|9|9|9|9|9|9|9|9|9|9|9|9|9|9
53716,2,True,5,15,5,7|5|5|5|5|7|7|5|5|7|5|5|5|7|5
53727,4,True,6,12,6,6|6|4|6|6|4|6|6|6|4|8|6|5|6|6
53758,1,True,2,13,2,2|2|2|0|2|4|1|4|3|6|1|6|6|2|2
53772,6,False,6,10,-1,3|3|6|0|2|3|8|6|2|6|3|6|4|6|3
53777,1,True,7,15,7,7|7|7|3|7|7|7|7|7|7|7|7|7|7|7
53801,3,False,3,4,3,3|3|1|3|3|3|3|3|1|1|3|1|3|3|3
53802,1,True,7,15,7,7|7|7|7|7|7|7|7|7|7|7|7|7|7|7
53833,2,True,5,13,5,2|5|5|5|5|5|5|5|5|7|5|2|6|7|5
53846,2,True,1,2,2,2|2|2|2|2|2|2|2|2|2|2|2|1|1|2
53848,4,True,0,11,0,0|4|5|5|0|4|5|5|4|4|5|0|0|0|0
53860,6,False,6,4,6,6|2|6|6|6|6|6|6|6|6|3|6|6|3|2
53866,4,True,6,14,6,8|6|6|6|0|6|0|6|8|6|0|6|4|6|6
53867,0,True,3,11,3,3|3|3|0|3|0|7|0|3|3|6|3|3|3|0
53903,8,False,8,13,0,8|0|6|8|0|0|0|6|0|0|7|0|9|0|0
53911,2,False,2,10,-1,2|2|2|8|2|8|3|4|3|6|3|3|6|2|3
53936,4,False,4,9,4,4|8|4|1|2|8|8|8|4|6|8|4|4|1|4
53953,7,False,7,6,7,7|0|7|7|5|9|5|5|7|7|7|7|7|7|2
53971,2,False,2,15,4,4|4|4|0|6|4|4|4|4|4|4|4|4|4|4
53993,7,True,3,15,3,3|3|3|1|3|3|3|3|3|3|3|3|3|3|3
54022,9,True,5,15,5,7|5|7|5|7|5|5|5|7|7|5|7|7|5|5
54058,5,True,0,11,0,3|0|4|0|0|0|8|5|4|1|6|5|0|5|5
54060,1,True,7,15,7,7|7|7|7|7|7|7|7|7|7|7|7|7|7|7
54061,0,True,8,2,0,0|0|0|0|8|0|0|0|8|0|0|0|0|0|0
54086,4,True,2,14,0,8|2|6|0|8|0|0|4|8|8|0|6|6|6|0
54091,9,False,9,6,9,9|7|9|7|9|7|9|9|5|5|9|9|9|5|9
54108,2,False,2,14,0,6|0|0|9|7|0|6|0|6|0|0|6|4|2|8
54163,4,True,0,13,0,0|0|0|0|0|5|5|5|4|4|6|0|3|6|0
54173,6,True,2,10,4,4|6|4|2|6|4|8|6|2|6|1|4|4|4|6
54177,2,True,1,1,2,2|2|2|2|2|2|2|2|2|2|2|2|1|2|2
54178,8,False,8,12,0,0|0|0|0|8|0|0|0|8|0|8|0|0|0|0
54181,8,False,8,11,0,8|3|0|8|8|8|0|0|5|0|0|0|6|0|0
54185,5,False,5,9,5,3|2|7|7|6|5|7|7|5|5|5|2|5|7|5
54194,7,True,2,15,6,8|6|5|3|2|5|0|8|2|6|0|6|6|6|2
54223,0,True,8,8,0,8|0|8|8|0|0|0|0|8|8|0|6|2|0|8
54225,2,True,1,0,2,2|2|2|2|2|2|2|2|2|2|2|2|2|2|2
54270,6,True,9,9,9,6|9|6|9|9|7|9|6|5|9|6|9|9|6|6
54288,6,True,8,15,7,7|7|7|3|7|7|7|3|7|7|7|0|0|7|7
54301,4,False,4,9,8,4|8|8|4|8|8|8|4|8|8|8|4|4|4|8
54306,8,True,4,12,-1,6|6|4|6|8|4|8|6|4|6|4|6|4|4|8
54307,8,True,4,8,8,8|2|4|8|8|8|1|4|8|4|8|8|6|4|4
54329,1,True,9,15,9,9|9|9|9|9|9|9|9|9|9|9|9|9|9|9
54345,2,True,1,0,2,2|2|2|2|2|2|2|2|2|2|2|2|2|2|2
54348,1,True,9,15,9,9|9|9|9|9|9|9|9|9|9|9|9|9|9|0
54400,6,False,6,3,6,6|6|4|6|6|6|4|6|6|6|6|6|6|6|4
54411,2,True,1,1,2,2|2|2|2|2|2|1|2|2|2|2|2|2|2|2
54454,4,True,0,12,0,0|0|0|0|0|4|0|0|0|4|0|0|4|0|0
54459,7,False,7,3,7,9|7|7|7|7|5|7|7|5|7|7|7|7|7|7
54460,3,False,3,7,3,3|3|0|3|3|3|0|0|1|1|0|3|3|0|3
54528,2,True,1,0,2,2|2|2|2|2|2|2|2|2|2|2|2|2|2|2
54532,1,False,1,13,2,2|2|2|2|2|2|2|2|2|1|2|2|1|2|2
54539,7,True,3,15,3,3|3|3|3|3|3|1|3|3|3|3|1|3|3|3
54549,5,True,0,15,1,3|3|1|1|3|8|1|1|3|1|3|1|1|1|2
54604,6,True,9,10,9,9|6|6|9|9|6|6|9|9|9|9|9|9|9|6
54614,6,False,6,14,4,4|4|4|1|8|6|8|4|1|4|8|4|4|4|2
54619,5,False,5,1,5,2|5|5|5|5|5|5|5|5|5|5|5|5|5|5
54632,1,False,1,15,2,2|2|2|2|2|2|2|2|2|2|2|2|2|2|2
54667,6,True,9,8,6,6|9|7|6|9|7|7|6|7|9|7|6|6|6|6
54682,4,True,0,10,0,4|3|0|0|0|3|0|0|4|4|0|0|4|4|1
54729,1,True,3,14,3,3|3|3|8|3|3|3|3|3|3|3|3|3|1|3
54735,8,False,8,6,8,8|0|8|0|8|8|8|8|8|6|0|8|6|0|8
54739,8,False,8,6,8,6|8|8|8|0|7|6|6|8|8|8|8|5|8|8
54771,2,True,5,15,5,5|5|5|5|5|5|5|5|5|5|5|5|5|5|5
54778,5,True,0,12,0,0|0|5|0|3|0|0|6|5|8|0|9|5|0|0
54785,3,False,3,6,3,4|6|3|3|3|3|3|1|1|1|3|3|3|1|3
54788,2,True,1,6,2,2|2|2|2|2|2|2|1|1|1|2|1|1|2|1
54798,4,False,4,14,3,3|3|6|8|2|3|3|3|8|1|8|1|1|1|4
54818,4,True,0,10,0,0|0|4|0|0|4|0|5|0|4|0|0|4|0|4
54855,6,False,6,2,6,6|6|6|6|6|6|8|6|6|6|6|6|6|4|6
54864,4,False,4,11,8,8|2|8|8|8|4|8|4|6|8|8|1|4|8|4
54885,3,False,3,9,3,3|6|8|3|1|8|2|5|8|3|3|6|2|3|3
54893,1,True,7,15,7,7|7|7|3|7|7|7|7|7|7|7|7|7|7|3
54895,6,False,6,9,0,6|6|6|0|0|6|0|6|6|0|0|0|0|0|5
54904,3,False,3,7,3,3|8|1|3|1|3|3|6|3|3|3|8|1|1|3
54923,6,True,2,2,6,6|6|6|6|6|6|6|6|6|6|4|6|6|4|6
54969,8,True,4,15,6,4|2|0|6|6|4|6|6|3|6|4|2|2|2|5
54977,5,False,5,7,5,0|5|7|5|7|5|7|5|7|7|5|5|5|7|5
54978,2,True,5,15,7,7|7|7|7|5|3|7|5|7|7|5|7|7|7|7
55012,0,False,0,4,0,0|0|0|0|0|0|5|0|0|4|0|0|5|0|4
55016,2,True,5,15,5,6|5|5|7|7|7|5|5|6|7|5|7|5|7|5
55047,2,True,1,2,2,2|2|2|2|2|2|2|2|2|2|2|2|1|1|2
55063,8,True,4,8,8,4|2|8|4|8|8|4|8|4|8|8|2|4|4|8
55088,2,True,1,2,2,2|2|2|2|2|2|1|2|2|2|2|2|1|2|2
55106,3,True,7,8,7,7|7|7|3|3|3|7|7|7|7|3|3|3|7|3
55109,1,False,1,14,2,2|2|2|2|2|2|2|2|2|2|2|2|1|2|2
55164,9,False,9,4,9,9|9|9|9|9|9|9|9|7|7|9|9|7|9|5
55171,1,True,2,12,2,2|2|2|4|2|3|2|2|2|1|1|2|0|1|2
55177,5,True,0,13,0,0|0|4|5|0|0|0|0|0|4|0|5|0|0|4
55245,7,False,7,10,3,3|7|3|3|7|3|7|3|3|7|3|3|3|7|3
55255,8,False,8,4,8,8|8|8|8|8|8|8|6|8|6|8|8|6|0|8
55281,8,True,4,15,6,6|6|6|2|6|6|6|6|6|6|4|6|6|4|6
55312,4,False,4,7,4,4|4|8|8|4|4|8|6|8|4|8|4|4|4|6
55322,7,False,7,0,7,7|7|7|7|7|7|7|7|7|7|7|7|7|7|7
55323,2,True,4,10,-1,4|8|4|2|2|4|1|4|8|1|2|2|4|8|2
55324,7,False,7,3,7,3|3|7|7|7|7|7|7|7|3|7|7|7|7|7
55344,5,False,5,4,5,7|7|5|5|5|5|5|5|7|5|5|5|5|5|2
55402,2,False,2,10,2,8|2|2|6|2|4|3|2|3|4|6|6|0|3|2
55410,2,False,2,13,4,6|2|4|4|3|4|6|4|8|4|4|2|4|4|1
55416,8,True,4,2,8,8|8|8|8|8|8|8|8|8|8|8|8|4|4|8
55432,8,False,8,7,8,8|8|0|0|8|8|0|8|0|0|0|8|2|8|8
55441,8,True,4,8,-1,8|8|6|4|8|4|8|4|8|4|8|4|4|4|8
55460,7,False,7,2,7,7|7|7|7|7|7|7|7|7|7|7|1|7|7|1
55464,8,True,4,12,4,6|2|4|4|8|4|4|2|8|4|8|6|6|4|4
55472,4,False,4,13,8,2|8|8|7|8|4|8|4|2|6|8|0|0|6|2
55486,3,False,3,7,3,3|2|8|8|8|3|3|1|3|3|8|3|3|1|3
55508,2,False,2,13,3,1|3|8|4|2|6|6|4|3|6|3|8|3|1|2
55515,1,False,1,12,2,2|2|2|2|2|2|1|2|2|2|2|2|1|1|2
55547,7,True,5,10,5,0|5|5|6|5|7|7|5|5|7|5|5|5|7|7
55551,6,True,9,15,9,9|9|9|9|9|9|9|9|9|9|9|9|9|9|9
55556,4,True,2,11,4,4|3|3|4|2|0|1|4|6|6|8|6|0|2|4
55557,6,False,6,11,4,4|8|4|6|6|4|6|4|4|4|6|4|4|8|4
55570,5,True,0,12,0,0|5|0|0|0|0|0|5|5|0|6|0|0|0|0
55587,8,True,3,15,3,4|3|3|7|3|0|0|9|0|9|5|3|3|0|9
55604,1,False,1,14,2,2|2|2|2|2|2|2|2|2|2|2|2|1|2|2
55609,8,False,8,11,0,8|2|0|7|0|0|0|0|8|8|0|7|0|7|8
55615,0,False,0,7,0,4|0|0|0|0|0|4|4|4|0|0|4|4|0|4
55643,4,False,4,12,8,8|4|6|8|6|8|8|6|8|6|8|6|4|4|8
55647,2,True,1,14,-1,3|3|3|1|1|1|1|1|2|1|3|3|3|3|1
55650,4,True,0,15,-1,8|3|8|3|0|6|0|0|6|3|3|7|0|7|1
55656,3,True,6,14,6,6|6|6|3|6|6|6|6|6|6|6|6|6|6|6
55659,3,False,3,13,0,4|6|0|0|3|0|1|0|0|0|3|0|0|0|0
55681,5,False,5,1,5,5|2|5|5|5|5|5|5|5|5|5|5|5|5|5
55686,2,True,5,13,5,9|2|5|5|5|5|5|5|5|7|7|5|5|7|2
55700,8,True,3,15,3,3|3|3|3|3|3|0|3|3|1|3|3|3|3|3
55714,8,True,4,9,4,4|4|8|4|8|4|8|6|8|4|8|4|4|4|8
55732,7,True,8,10,8,8|7|7|7|8|8|7|6|8|0|0|8|8|7|8
55782,6,True,8,14,8,8|0|8|0|8|8|8|8|8|6|0|0|0|8|0
55807,9,False,9,0,9,9|9|9|9|9|9|9|9|9|9|9|9|9|9|9
55819,2,True,1,1,2,2|2|2|2|2|2|2|2|2|2|2|2|1|2|2
55826,8,True,4,5,8,2|8|8|4|8|8|4|8|8|4|8|8|8|4|8
55827,2,True,5,15,5,6|5|7|6|7|5|7|5|5|7|5|5|5|7|5
55840,9,False,9,5,9,6|9|6|6|9|9|9|9|9|9|6|9|9|9|6
55846,3,False,3,3,3,1|3|3|3|3|3|1|3|1|3|3|3|3|3|3
55856,1,False,1,12,2,2|2|2|1|2|2|2|2|2|2|2|2|1|1|2
55864,2,True,5,15,5,7|5|5|5|5|5|5|5|5|5|5|7|5|5|7
55866,8,True,4,15,3,3|3|3|3|3|3|1|1|3|1|1|3|1|3|3
55874,5,False,5,4,5,5|5|7|5|7|5|5|5|5|7|5|5|5|7|5
55880,2,True,1,2,2,2|2|2|2|2|2|1|2|2|1|2|2|2|2|2
55882,7,True,3,15,3,3|3|3|3|3|3|1|3|3|3|3|3|3|3|3
55886,1,True,3,13,3,4|3|1|3|3|3|1|3|3|3|3|4|3|3|3
55894,4,False,4,7,4,8|2|8|4|8|4|4|4|8|4|8|4|4|4|8
55899,2,False,2,8,-1,4|2|2|4|2|4|2|2|2|4|4|6|4|4|2
55922,1,True,9,14,9,9|9|7|9|9|9|9|9|9|1|9|9|9|9|9
55924,8,False,8,11,6,0|6|6|0|8|6|8|6|4|8|0|3|4|6|8
55930,8,True,4,14,3,3|3|3|8|3|3|3|3|3|1|3|1|3|1|3
55940,0,False,0,6,0,4|0|0|0|3|0|0|5|4|4|0|0|0|0|4
55951,7,True,8,12,0,0|7|8|7|0|8|0|0|0|8|0|0|0|7|0
55968,1,True,3,14,6,4|2|0|6|2|6|8|0|3|6|0|4|6|4|1
55976,7,True,3,12,3,3|3|3|1|3|3|3|7|7|3|3|7|0|3|0
55978,5,True,0,14,6,6|2|6|5|6|0|0|6|6|6|8|6|4|6|8
55992,9,False,9,2,9,6|9|9|9|9|9|9|9|9|9|9|9|9|9|6
56016,3,False,3,1,3,3|3|3|3|3|3|3|3|3|3|3|1|3|3|3
56033,9,False,9,6,9,9|9|9|9|9|7|7|9|5|7|9|9|9|7|6
56034,4,False,4,7,4,4|4|8|4|8|4|8|4|8|4|8|8|4|4|8
56073,5,False,5,4,5,2|5|5|2|2|5|5|5|5|5|5|2|5|5|5
56074,7,True,5,7,7,7|5|7|5|5|5|7|5|7|7|5|7|5|7|7
56086,9,True,2,15,0,4|0|0|5|2|4|0|6|0|0|8|0|0|0|1
56100,5,False,5,5,5,3|5|5|5|5|5|3|5|2|5|7|5|5|7|5
56102,6,True,8,12,8,8|2|0|8|8|6|8|6|8|8|8|8|6|8|0
56135,7,False,7,9,5,7|5|5|7|7|5|5|5|5|5|5|7|7|7|2
56136,6,True,9,5,6,6|9|6|9|6|6|9|6|6|9|7|6|6|6|6
56152,5,True,0,14,0,0|0|4|0|0|4|0|0|4|4|5|0|4|0|4
56171,7,True,5,12,5,1|5|5|5|5|2|3|5|7|8|5|7|5|7|5
56176,5,False,5,10,7,7|7|5|7|7|7|7|5|7|7|5|7|5|7|5
56232,8,True,4,1,8,8|8|8|8|8|8|8|8|8|8|8|8|4|8|8
56233,2,True,5,15,9,9|0|7|0|9|9|5|9|5|7|9|5|6|9|5
56245,5,True,7,13,9,7|9|7|9|9|9|9|7|7|7|5|9|9|7|5
56251,3,False,3,9,3,3|2|2|8|3|3|6|1|0|1|3|1|1|3|3
56252,9,False,9,1,9,9|9|9|9|9|9|9|9|9|9|9|9|9|9|1
56270,8,True,6,15,0,0|0|4|0|0|4|0|0|0|4|0|0|4|0|4
56299,1,True,5,15,5,3|5|5|5|5|5|2|5|5|3|5|5|5|5|5
56332,0,False,0,8,0,0|0|6|5|0|5|5|5|5|7|0|0|7|0|0
56333,8,True,4,8,4,4|8|4|8|8|8|4|8|4|4|8|8|4|4|4
56361,0,True,2,15,2,2|2|2|9|2|4|6|6|3|2|3|6|6|2|3
56363,1,True,3,12,3,3|3|1|1|7|3|1|3|3|3|3|3|3|3|3
56390,2,True,1,4,2,2|2|2|2|2|2|1|2|2|2|1|2|1|1|2
56434,5,True,0,15,0,0|0|0|0|0|0|0|0|0|0|0|0|4|0|0
56445,6,True,8,9,6,6|8|6|8|2|6|8|6|8|6|0|0|6|0|8
56463,2,True,8,14,8,8|2|8|8|0|8|8|6|8|0|0|8|0|8|8
56489,3,False,3,2,3,1|3|3|3|3|3|3|0|3|3|3|3|3|3|3
56493,5,True,0,3,5,5|0|5|5|5|5|5|5|5|0|5|5|5|5|0
56515,2,True,1,2,2,2|2|2|2|2|1|2|2|2|2|2|2|2|1|2
56521,8,False,8,8,0,8|0|0|0|8|8|0|0|8|0|8|8|0|0|8
56530,6,True,8,9,-1,6|8|6|8|8|6|2|6|8|0|8|0|6|8|6
56545,2,False,2,14,6,6|6|6|0|2|4|6|6|6|4|4|6|6|4|6
56560,6,True,9,11,9,9|9|9|9|9|6|9|6|6|9|9|9|9|9|6
56568,9,False,9,3,9,9|9|9|7|9|9|9|9|9|9|7|9|9|9|7
56574,6,True,8,12,8,8|9|6|8|8|8|8|6|8|6|8|0|0|8|0
56603,2,True,6,13,6,8|8|6|0|2|6|6|6|6|2|8|6|6|4|4
56642,1,True,9,14,9,9|9|9|9|9|9|9|9|9|9|9|9|1|9|9
56655,6,True,8,11,8,8|6|8|5|8|8|8|0|8|6|0|6|6|8|8
56663,4,True,0,11,0,0|0|0|0|0|4|0|0|4|4|0|0|4|0|0
56665,5,True,0,15,0,0|0|0|0|0|0|0|0|0|0|0|0|0|0|0
56683,6,True,2,6,6,6|6|6|6|6|4|6|6|4|4|6|4|6|4|4
56686,8,False,8,9,8,6|2|8|8|8|6|8|0|0|0|7|8|2|5|8
56705,1,True,3,12,3,3|3|3|1|3|3|1|3|3|1|3|3|3|3|3
56706,2,False,2,10,2,2|2|2|4|6|8|3|2|3|1|4|4|6|0|2
56709,1,False,1,10,2,1|2|2|2|2|2|2|4|2|1|2|8|1|1|1
56728,1,True,9,14,9,9|9|9|9|9|9|9|9|9|1|9|9|9|5|6
56731,1,False,1,14,2,2|2|2|2|2|2|2|2|2|2|2|2|1|2|2
56734,3,True,6,14,0,0|3|4|0|0|4|0|0|0|4|4|4|5|0|5
56739,8,False,8,10,0,0|0|0|8|8|8|8|8|0|0|0|0|6|0|0
56766,1,True,7,15,-1,6|9|6|6|9|6|9|6|9|7|7|9|6|9|7
56778,0,False,0,5,0,4|4|0|0|8|4|0|0|0|4|0|0|0|0|0
56782,8,True,4,9,8,8|6|6|2|8|8|8|4|8|6|8|6|4|4|4
56789,0,False,0,0,0,0|0|0|0|0|0|0|0|0|0|0|0|0|0|0
56792,6,False,6,14,4,8|4|8|1|8|6|4|4|4|4|4|1|4|1|4
56795,0,False,0,2,0,4|0|0|0|0|0|0|0|4|0|0|0|0|0|0
56818,5,True,0,13,3,3|3|3|3|3|0|1|7|5|0|3|5|3|7|3
56819,9,False,9,0,9,9|9|9|9|9|9|9|9|9|9|9|9|9|9|9
56823,8,True,4,8,8,4|8|4|0|8|8|0|8|8|4|8|4|3|8|4
56832,2,True,1,2,2,2|2|2|2|2|2|1|2|2|2|2|2|1|2|2
56838,2,True,1,1,2,2|2|2|2|2|2|2|2|2|2|2|2|1|2|2
56840,8,True,4,15,1,3|2|6|4|3|2|3|6|1|4|1|1|1|1|3
56872,2,True,1,3,2,2|2|2|2|2|1|2|2|2|2|2|2|1|1|2
56897,5,True,0,15,0,0|0|4|0|0|0|0|0|4|1|0|0|4|0|3
56916,8,True,4,14,4,4|2|4|6|4|4|8|6|4|6|4|4|4|4|2
56922,2,False,2,6,2,2|2|2|2|2|1|2|6|2|4|6|6|2|4|2
56940,8,True,4,13,6,8|6|2|6|6|4|8|6|6|6|4|4|6|6|4
56961,2,False,2,12,4,8|2|4|1|2|4|4|4|2|6|1|4|4|4|4
56968,4,False,4,14,6,8|2|6|6|6|4|8|6|6|6|8|6|6|6|5
56977,9,False,9,2,9,9|9|9|9|9|6|9|9|9|9|9|9|9|9|6
57024,4,True,6,14,0,6|8|4|0|2|6|0|8|8|6|0|0|0|0|0
57097,1,False,1,13,2,2|2|2|2|2|2|1|2|2|2|2|2|2|1|2
57112,5,True,7,12,7,6|7|7|7|9|5|5|6|5|6|7|7|7|7|6
57141,0,False,0,0,0,0|0|0|0|0|0|0|0|0|0|0|0|0|0|0
57237,4,True,6,2,4,6|4|4|4|4|4|6|4|4|4|4|4|4|4|4
57273,4,False,4,14,3,4|8|8|3|3|3|8|3|3|3|3|8|3|3|8
57306,0,True,8,3,0,0|0|8|0|0|0|0|0|8|0|0|0|9|0|0
57325,2,True,5,14,5,2|5|5|5|5|5|5|5|5|5|5|5|5|5|5
57352,2,True,4,14,-1,6|4|4|1|8|4|8|6|2|8|6|8|4|4|8
57365,0,False,0,4,0,4|0|0|0|0|4|0|0|4|4|0|0|0|0|0
57373,3,False,3,3,3,3|3|3|1|3|3|3|3|3|1|3|1|3|3|3
57391,6,True,9,11,7,7|7|9|7|5|6|7|6|7|6|7|7|7|7|6
57431,2,True,5,15,5,5|7|7|7|5|7|5|5|7|7|5|5|5|5|5
57458,5,False,5,5,5,5|7|5|5|2|6|5|5|5|9|5|5|5|7|5
57462,1,True,6,15,4,6|2|6|4|2|4|4|4|2|2|5|2|4|4|4
57468,4,True,2,8,4,4|2|2|2|2|4|2|6|2|4|6|4|4|4|4
57488,2,True,1,9,2,2|2|5|0|2|4|0|5|3|6|8|2|5|2|2
57522,4,True,0,15,0,0|0|0|0|0|0|0|0|0|0|5|6|0|0|0
57547,0,True,5,15,5,5|5|5|5|5|5|5|5|5|3|5|5|3|3|5
57555,8,True,4,7,8,8|6|6|8|2|4|4|6|8|8|8|8|4|8|8
57562,2,True,5,15,7,5|7|6|9|5|3|7|5|7|7|7|5|5|7|7
57567,0,False,0,3,0,0|0|0|0|0|4|0|0|0|0|0|3|5|0|0
57571,1,True,7,14,7,7|7|7|9|7|7|1|7|7|7|7|7|7|7|3
57596,2,True,1,1,2,2|2|2|2|2|2|2|2|2|2|2|2|2|1|2
57602,4,False,4,8,4,2|2|4|2|6|6|6|4|4|4|4|4|1|4|6
57611,7,True,5,11,5,9|2|5|5|5|5|7|5|5|7|7|5|5|5|7
57618,6,True,8,11,8,8|8|8|6|8|8|6|6|8|8|8|0|6|8|8
57620,7,True,5,11,5,7|5|5|5|5|7|5|5|7|7|5|5|5|5|5
57627,2,True,6,15,0,0|0|4|0|6|6|0|6|6|4|0|0|0|0|5
57632,2,True,1,4,2,2|2|2|2|2|2|1|2|2|2|1|2|1|2|1
57636,1,True,7,15,7,7|7|7|7|7|7|7|7|7|7|7|7|5|7|7
57655,1,False,1,11,2,2|2|2|8|2|1|2|1|1|2|8|2|1|4|2
57662,2,True,1,3,2,2|2|1|2|2|2|2|2|2|2|2|2|1|1|2
57676,5,True,7,9,7,9|7|7|5|5|7|5|5|7|7|7|5|9|7|5
57688,1,True,9,15,9,9|9|9|9|9|9|9|9|9|9|9|9|9|9|9
57694,0,False,0,3,0,0|4|0|0|0|0|0|0|4|4|0|0|0|0|0
57702,6,False,6,11,5,0|6|6|6|5|4|5|5|4|4|5|5|5|4|6
57714,4,False,4,12,1,1|4|1|8|3|4|8|6|3|8|4|1|1|3|6
57718,7,False,7,0,7,7|7|7|7|7|7|7|7|7|7|7|7|7|7|7
57777,2,True,1,3,2,2|2|2|2|2|2|1|2|2|1|2|2|1|2|2
57793,4,True,2,5,4,4|4|0|4|6|4|2|4|2|4|4|4|6|4|4
57808,9,False,9,0,9,9|9|9|9|9|9|9|9|9|9|9|9|9|9|9
57837,2,True,1,2,2,2|2|2|2|2|2|1|2|2|2|2|2|1|2|2
57839,3,False,3,6,3,3|3|3|3|1|3|1|1|3|1|3|1|3|1|3
57866,2,True,5,14,5,5|2|5|5|5|7|7|5|5|5|5|7|5|3|5
57881,7,False,7,1,7,7|7|7|7|7|7|7|7|7|7|3|7|7|7|7
57913,3,False,3,3,3,3|3|1|3|3|3|3|3|1|1|3|3|3|3|3
57915,8,True,4,15,2,4|6|1|3|4|2|2|4|3|6|6|2|1|2|2
57933,4,True,3,14,3,8|3|3|3|3|3|8|3|3|1|3|3|3|4|3
57943,0,True,8,4,0,0|8|0|0|0|0|0|0|8|0|0|7|9|0|0
57973,2,True,5,12,7,6|2|7|7|5|5|7|7|6|7|7|7|5|2|2
58029,7,False,7,1,7,7|7|7|7|7|7|7|7|7|7|7|7|7|7|3
58030,2,False,2,15,6,4|8|6|6|6|4|6|4|4|6|4|6|4|8|6
58053,5,False,5,1,5,2|5|5|5|5|5|5|5|5|5|5|5|5|5|5
58084,1,True,7,15,7,7|7|7|7|7|5|7|7|7|7|7|7|5|7|3
58089,0,False,0,10,-1,0|0|4|6|0|5|4|5|5|4|5|4|0|0|5
58115,6,False,6,14,0,0|0|5|0|0|0|0|6|4|4|0|0|5|0|0
58123,3,True,2,8,3,4|3|2|6|2|2|2|6|3|6|3|3|3|3|3
58140,0,False,0,5,0,0|0|0|0|0|5|5|5|0|0|0|0|5|0|5
58153,3,False,3,0,3,3|3|3|3|3|3|3|3|3|3|3|3|3|3|3
58162,3,True,6,15,6,6|0|6|6|5|6|0|0|0|6|6|6|0|4|0
58170,6,True,9,10,9,9|6|6|9|9|6|9|6|9|9|6|9|9|9|7
58184,0,False,0,7,0,0|0|0|0|0|4|5|6|5|4|0|0|4|0|5
58194,6,False,6,8,6,8|6|6|0|6|8|6|0|3|6|0|4|6|6|5
58196,2,True,1,4,2,2|2|2|2|2|2|1|2|2|2|1|2|1|1|2
58219,0,True,2,13,6,6|2|0|0|6|4|6|2|4|4|6|2|6|4|6
58223,5,True,3,15,3,3|6|3|1|3|3|3|3|3|4|1|3|3|3|3
58229,8,True,4,3,8,8|8|8|8|8|8|8|8|8|4|8|8|4|4|8
58230,6,False,6,8,6,6|6|8|8|8|4|8|6|6|4|6|8|6|4|6
58231,2,False,2,13,-1,0|6|4|0|0|4|0|6|2|2|3|6|6|4|3
58240,0,False,0,6,0,4|0|3|0|0|3|0|0|0|3|3|3|0|0|0
58247,1,True,9,13,9,9|9|9|9|9|9|9|9|1|9|9|1|9|9|9
58248,6,False,6,10,6,6|6|7|5|6|7|3|6|7|7|2|4|4|6|2
58256,4,True,9,15,9,9|9|9|9|9|9|9|9|9|9|9|9|0|9|9
58261,2,True,6,14,6,6|4|8|2|6|4|6|6|8|6|8|4|6|8|8
58280,8,True,4,9,-1,8|8|2|4|8|8|6|4|2|4|8|8|4|4|4
58325,8,True,4,9,4,4|4|4|1|8|8|8|8|4|6|8|4|4|4|8
58343,1,True,6,15,0,4|0|0|8|3|8|0|0|8|4|0|8|5|4|0
58353,2,False,2,9,2,2|6|2|2|2|4|1|4|2|6|1|4|6|7|2
58377,4,True,9,15,9,9|9|9|9|9|9|6|9|9|9|9|9|9|9|9
58379,2,True,5,13,5,0|5|5|2|5|5|7|5|5|7|5|5|5|7|2
58407,2,True,6,15,6,6|6|6|4|6|4|6|4|6|6|6|4|6|6|6
58411,2,True,1,2,2,2|2|2|2|2|2|1|2|2|2|2|2|1|2|2
58415,8,False,8,14,0,7|0|8|0|0|0|0|0|0|0|0|0|0|7|0
58426,1,False,1,12,2,2|2|2|2|2|2|1|2|2|2|2|2|1|1|2
58437,5,False,5,2,5,5|5|5|5|2|5|1|5|5|5|5|5|5|5|5
58486,3,False,3,2,3,3|3|3|1|3|3|3|1|3|3|3|3|3|3|3
58520,0,False,0,5,0,5|0|5|6|0|5|0|0|0|0|0|5|0|0|0
58526,1,True,7,15,7,7|7|7|7|7|7|7|7|7|7|7|7|7|7|7
58550,3,False,3,4,3,3|8|0|3|3|3|3|0|3|3|3|3|3|1|3
58553,4,False,4,13,8,8|8|8|1|8|8|8|4|8|8|8|8|4|8|8
58604,4,True,6,13,3,4|3|2|0|6|4|3|6|3|6|8|2|3|1|5
58611,8,True,4,4,8,4|8|8|8|8|8|8|8|8|8|8|8|4|4|4
58621,1,True,7,15,7,7|7|7|7|7|7|7|7|7|7|7|7|7|7|7
58640,3,True,5,15,5,5|2|5|2|2|7|5|5|5|7|5|5|5|7|5
58666,1,False,1,8,-1,2|2|2|7|1|2|2|1|2|1|1|1|1|1|2
58667,8,True,4,4,8,4|8|8|8|8|8|8|8|8|4|8|8|4|1|8
58695,0,True,8,12,8,8|6|0|8|8|0|8|6|8|6|8|6|6|0|8
58723,2,False,2,11,-1,2|2|2|0|0|2|3|0|3|8|3|3|6|4|7
58733,1,True,2,7,1,2|2|2|4|1|1|1|1|1|1|2|1|2|1|2
58745,3,False,3,7,3,3|1|1|3|3|3|3|1|1|1|3|1|1|3|3
58750,3,True,2,12,-1,0|2|2|2|2|0|0|6|5|4|0|6|3|3|3
58753,9,False,9,0,9,9|9|9|9|9|9|9|9|9|9|9|9|9|9|9
58757,4,True,2,8,4,8|2|4|1|8|4|4|4|8|6|1|4|1|4|4
58778,1,True,2,14,2,2|2|2|4|2|4|2|4|2|2|8|2|1|4|2
58793,6,True,9,13,9,9|9|9|9|9|9|9|9|6|9|9|9|9|9|6
58796,7,False,7,6,7,7|3|3|7|7|3|7|3|7|7|3|7|7|7|3
58798,1,True,3,11,3,3|3|8|8|8|3|1|4|3|1|3|3|3|1|1
58824,4,False,4,8,4,4|8|4|8|8|4|8|4|8|4|8|3|4|4|2
58892,4,False,4,8,4,4|6|8|3|8|4|4|6|6|4|3|4|4|4|0
58894,9,False,9,0,9,9|9|9|9|9|9|9|9|9|9|9|9|9|9|9
58919,3,False,3,14,6,4|2|2|7|3|6|6|6|6|4|1|0|0|1|5
58920,1,False,1,15,2,2|2|8|2|2|4|9|6|2|2|6|4|2|2|6
58925,2,True,1,1,2,2|2|2|2|2|2|2|2|2|2|2|2|1|2|2
58931,7,False,7,0,7,7|7|7|7|7|7|7|7|7|7|7|7|7|7|7
58943,1,False,1,15,2,2|2|2|2|2|2|2|2|2|2|2|2|2|2|2
58974,5,False,5,5,5,7|7|5|5|5|5|6|5|7|7|5|5|5|5|5
58978,1,True,7,15,7,7|3|7|7|7|7|7|7|7|7|7|7|3|7|3
58998,3,False,3,3,3,3|3|3|1|3|3|1|3|3|1|3|3|3|3|3
59000,2,True,8,15,8,8|0|8|8|8|3|8|0|8|6|8|0|6|8|0
59004,1,True,7,15,7,3|3|7|7|7|7|7|7|7|7|7|7|7|7|3
59009,5,False,5,5,5,9|5|5|5|5|5|5|5|7|7|5|5|7|7|5
59034,1,True,2,15,6,6|6|4|0|6|6|6|6|4|6|6|0|6|4|6
59051,1,False,1,14,2,2|2|2|2|2|2|1|2|2|2|2|2|2|2|2
59115,8,True,5,14,5,0|7|5|5|7|5|0|5|5|8|7|5|5|1|5
59124,8,True,6,15,6,4|6|6|6|6|4|6|6|6|6|6|4|6|6|6
59125,4,True,0,13,0,0|0|0|0|0|4|0|0|0|4|0|0|0|0|0
59128,2,True,5,12,5,3|2|5|5|5|2|3|5|5|5|5|2|5|5|5
59147,3,True,2,15,4,2|2|2|4|2|8|4|4|1|2|4|2|4|4|4
59193,1,True,3,12,3,3|3|3|3|0|3|3|3|3|1|3|1|1|3|3
59194,1,True,2,11,2,2|2|2|1|2|1|1|2|2|4|3|2|3|1|2
59210,5,True,7,13,7,7|7|7|5|7|9|7|7|7|7|5|7|7|7|7
59226,4,False,4,13,8,8|8|8|1|8|8|8|6|8|4|8|8|4|8|8
59247,4,True,6,13,0,4|0|0|0|0|0|5|0|4|0|0|0|0|0|0
59250,9,False,9,1,9,9|9|9|9|9|9|9|9|9|9|9|9|9|9|1
59255,3,True,7,14,7,7|7|7|7|7|7|7|7|7|9|7|7|3|7|7
59286,1,True,3,15,3,3|3|3|3|3|3|3|3|3|3|3|3|3|3|3
59295,2,True,8,15,8,8|3|0|8|8|8|8|8|8|8|0|6|6|0|8
59318,8,True,3,15,3,3|1|3|3|3|3|3|3|3|3|3|3|3|3|3
59335,1,True,9,15,9,9|9|9|9|9|9|9|9|9|9|9|9|9|9|9
59376,2,True,6,13,8,6|2|8|8|8|8|2|6|6|6|8|8|6|4|3
59377,9,False,9,3,9,9|9|9|9|5|6|9|6|9|9|9|9|9|9|9
59381,9,False,9,0,9,9|9|9|9|9|9|9|9|9|9|9|9|9|9|9
59446,5,False,5,3,5,3|5|5|5|5|5|1|5|5|5|5|5|5|5|3
59486,3,False,3,12,4,3|6|8|2|3|4|8|8|3|4|8|4|4|4|6
59502,3,False,3,11,-1,4|0|1|1|3|3|0|4|0|1|3|4|0|4|3
59511,3,True,2,12,2,2|2|2|9|2|9|0|6|3|6|3|2|2|3|2
59528,1,False,1,15,2,2|2|2|2|2|2|2|2|2|2|2|2|2|2|2
59531,8,True,4,7,8,4|8|8|1|8|8|8|8|8|4|8|4|4|4|4
59533,0,False,0,5,0,0|0|4|0|4|4|0|0|0|4|0|0|4|0|0
59538,5,False,5,2,5,2|5|5|5|5|5|9|5|5|5|5|5|5|5|5
59556,4,False,4,15,8,2|2|8|8|8|8|2|8|8|8|8|8|8|8|8
59568,0,False,0,6,0,4|0|6|0|0|4|0|4|6|0|0|0|0|0|3
59583,9,False,9,1,9,6|9|9|9|9|9|9|9|9|9|9|9|9|9|9
59594,2,True,5,15,5,7|7|5|5|7|7|5|5|5|7|5|7|5|5|5
59598,5,True,0,14,4,6|4|0|4|2|6|2|5|4|4|0|6|4|0|0
59624,8,True,4,3,8,8|8|4|8|8|8|8|8|8|4|8|8|4|8|8
59632,8,False,8,9,-1,8|0|6|8|0|0|0|0|8|8|8|6|6|8|0
59636,2,True,0,14,0,2|3|5|6|0|6|0|0|0|4|0|6|0|0|0
59641,5,False,5,2,5,2|2|5|5|5|5|5|5|5|5|5|5|5|5|5
59682,2,True,1,12,3,3|3|3|2|3|2|9|2|5|5|3|9|3|3|3
59698,1,True,7,15,7,7|7|7|7|7|7|7|7|7|7|7|7|7|5|7
59711,1,True,2,15,4,8|8|4|8|8|4|6|4|2|4|4|6|4|8|6
59718,6,True,2,13,4,4|4|6|2|8|4|4|4|5|4|4|6|4|4|3
59721,8,True,4,10,-1,8|8|2|8|1|1|8|8|4|4|1|3|1|1|3
59744,3,True,7,14,7,7|7|7|7|7|7|7|7|7|7|7|7|3|7|7
59746,6,False,6,10,4,4|6|4|6|2|4|8|6|4|6|8|4|4|6|4
59748,6,True,8,9,8,8|8|8|6|6|8|2|8|8|6|8|8|6|6|6
59757,8,True,4,3,8,8|8|8|8|8|8|8|8|8|8|8|1|4|8|3
59773,1,True,9,15,9,9|9|9|9|9|9|9|9|9|9|9|9|9|9|9
59790,8,False,8,6,8,8|0|8|0|8|6|8|6|8|8|8|8|0|8|6
59799,8,False,8,6,8,8|6|8|6|8|8|0|6|8|8|8|0|6|8|8
59817,1,True,3,15,3,3|3|3|3|3|3|3|3|3|3|3|3|3|3|3
59821,2,True,1,2,2,2|2|2|2|2|2|2|2|2|2|2|2|1|1|2
59830,8,False,8,7,8,8|8|8|7|7|8|9|6|8|8|0|8|6|7|8
59847,2,True,1,4,2,2|2|2|2|2|2|1|2|2|1|2|2|1|1|2
59865,7,False,7,5,7,7|9|5|5|1|7|7|7|7|6|7|7|7|7|7
59908,2,False,2,11,6,4|2|2|2|6|2|0|6|5|6|3|4|6|6|3
59913,8,False,8,12,0,0|7|8|0|8|0|7|0|6|0|7|0|6|0|8
59954,1,True,3,13,3,3|3|3|3|3|3|3|3|3|1|3|1|3|3|3
59970,4,True,9,15,9,9|9|7|9|9|9|9|6|9|9|9|9|9|9|9
