index,noisy_label,is_noisy,real_label,mistakes,label_pred,preds
51,2,True,3,6,2,3|3|3|2|2|2|3|2|2|2|2|3|2|2|3
74,0,True,1,14,1,0|1|1|1|1|1|1|1|1|1|1|1|1|1|1
81,2,True,3,8,-1,3|3|3|2|2|3|3|2|2|1|2|3|2|2|3
96,4,False,4,12,6,6|3|4|4|0|0|6|6|2|2|6|0|6|4|6
112,4,True,6,1,4,4|4|4|4|6|4|4|4|4|4|4|4|4|4|4
115,0,True,1,12,1,1|4|1|1|1|1|1|0|1|1|1|0|1|1|0
160,6,True,0,7,6,0|6|6|2|6|1|6|6|1|6|3|6|0|0|6
189,9,True,7,11,7,9|7|7|9|7|7|7|7|7|9|7|7|7|9|7
201,5,False,5,7,5,5|5|3|2|5|5|7|7|7|3|7|5|5|5|5
224,5,False,5,7,5,5|5|7|1|7|5|5|5|8|7|5|5|7|5|9
229,7,False,7,2,7,7|7|2|7|7|7|7|7|7|7|7|7|7|7|2
243,0,True,1,10,6,0|8|1|6|0|6|0|0|6|6|6|6|0|4|6
247,2,True,3,13,3,3|3|2|3|2|3|3|3|3|3|3|3|3|8|3
256,6,False,6,7,6,6|3|4|4|6|6|6|4|4|6|2|6|2|6|6
258,2,True,9,15,-1,9|5|7|5|7|5|7|5|8|7|7|9|7|5|5
280,6,False,6,12,0,6|9|6|0|0|1|0|0|2|6|8|8|1|8|0
303,1,True,5,15,-1,5|5|5|7|3|7|7|5|5|7|7|5|7|5|7
309,4,True,6,2,4,4|4|4|4|4|0|2|4|4|4|4|4|4|4|4
313,8,False,8,6,8,3|8|3|8|8|3|8|8|2|8|8|3|8|8|9
320,2,True,5,14,5,5|5|5|1|5|1|5|5|5|2|5|5|5|5|5
324,9,True,4,10,4,4|4|3|4|9|5|4|9|9|4|9|3|9|4|3
365,6,True,1,14,1,1|1|7|1|1|1|1|6|1|1|1|1|1|1|1
387,9,True,4,10,-1,9|3|3|4|9|4|4|9|3|4|9|3|3|4|9
391,4,True,1,15,1,1|1|1|1|7|1|1|1|1|7|1|1|1|1|1
417,7,False,7,4,7,7|9|7|7|7|7|7|9|9|7|7|7|9|7|7
435,3,True,5,13,5,7|3|5|7|5|5|5|5|2|5|7|5|3|5|5
443,0,True,1,12,1,1|0|0|1|1|1|1|1|1|1|0|1|1|1|1
448,6,True,0,3,6,6|6|6|6|0|6|0|6|6|6|6|6|6|0|6
452,7,True,1,7,7,1|7|7|7|1|1|7|5|1|7|1|7|7|7|4
458,1,True,8,9,8,8|1|1|8|1|1|8|2|1|8|8|8|8|1|8
459,7,True,5,7,7,7|5|7|7|5|5|5|5|7|7|5|7|5|7|7
489,6,True,0,9,0,0|6|6|0|0|6|0|0|6|6|6|0|0|0|2
490,0,True,2,2,0,0|0|0|4|0|0|0|0|2|0|0|0|0|0|0
500,2,True,3,14,3,9|3|4|3|4|6|3|3|2|3|9|3|3|4|9
508,2,True,3,15,3,3|3|3|3|3|6|4|3|3|3|3|3|3|3|9
512,7,False,7,1,7,7|7|4|7|7|7|7|7|7|7|7|7|7|7|7
521,2,True,5,15,5,1|5|5|5|5|5|5|7|5|3|5|5|5|5|5
529,7,False,7,4,7,7|7|7|9|9|7|7|7|7|7|7|7|7|9|9
535,9,True,4,11,4,9|9|4|4|4|0|2|9|4|9|0|4|4|4|4
538,7,True,5,5,7,7|7|7|7|7|6|5|5|7|7|7|7|7|5|5
553,8,False,8,4,8,8|1|8|1|8|1|8|8|8|8|1|8|8|8|8
575,7,False,7,8,-1,7|5|7|7|7|9|5|5|7|5|7|5|7|5|5
578,9,True,4,5,9,9|4|4|9|9|9|9|4|4|9|9|4|9|9|9
579,8,False,8,10,0,0|8|1|0|1|8|4|2|8|8|0|8|0|0|0
596,6,True,3,14,3,3|3|2|3|6|3|8|3|3|3|2|3|3|3|3
602,4,True,6,6,4,4|4|6|4|6|6|2|4|0|2|4|4|4|4|4
618,2,True,7,15,7,7|7|7|7|7|7|7|7|7|7|7|7|7|7|7
632,7,False,7,3,7,7|7|9|7|7|7|7|2|7|1|7|7|7|7|7
641,6,True,0,11,0,0|0|6|0|0|0|0|6|6|6|0|0|0|0|0
648,4,False,4,13,9,9|9|9|9|9|4|9|9|4|9|9|9|9|9|9
655,5,False,5,14,7,7|7|1|7|2|7|1|2|7|3|2|7|2|5|7
666,4,True,7,15,7,3|7|7|7|7|7|7|7|7|7|7|7|7|7|7
672,9,True,4,13,4,9|4|9|4|4|2|4|4|4|4|4|4|4|4|4
680,5,True,9,1,5,5|5|5|5|5|5|5|5|5|5|5|9|5|5|5
681,3,True,8,15,7,8|8|7|7|8|7|7|7|8|7|7|8|8|7|8
695,8,False,8,5,8,8|8|8|8|8|3|3|3|3|8|8|8|8|8|3
697,7,False,7,4,7,9|9|7|7|7|2|7|7|7|7|7|7|7|9|7
718,7,True,1,8,1,1|7|1|7|7|1|7|7|1|1|7|1|1|1|7
746,9,False,9,14,5,5|5|5|5|5|5|5|5|5|5|5|9|5|5|5
759,5,True,9,3,5,5|9|5|9|5|5|5|5|5|5|9|5|5|5|5
773,9,True,6,15,8,8|1|7|8|0|8|8|8|8|8|8|8|8|8|8
786,6,False,6,14,4,9|4|4|4|4|9|4|9|8|6|8|4|4|4|4
795,9,False,9,15,5,5|5|5|5|5|5|5|5|5|5|5|5|5|5|5
805,1,False,1,9,0,0|0|1|1|0|0|1|0|1|0|1|1|0|0|0
812,6,True,0,9,0,0|0|6|0|0|0|6|0|6|6|0|6|0|6|0
814,2,True,5,9,5,3|5|6|2|5|2|5|2|2|2|2|5|5|5|5
819,9,True,7,5,9,9|9|9|9|9|9|7|7|7|9|7|9|7|9|9
820,6,False,6,10,6,3|3|1|0|6|3|8|3|6|6|2|6|6|4|0
821,7,False,7,2,7,7|7|1|7|7|5|7|7|7|7|7|7|7|7|7
841,2,True,3,8,-1,3|2|2|2|6|3|3|3|3|3|2|3|2|2|2
845,2,True,5,7,2,5|5|2|2|2|2|5|2|2|5|2|5|5|5|2
864,6,True,1,12,1,1|6|6|1|0|1|0|7|1|6|1|1|1|1|1
868,6,True,3,15,3,1|3|7|3|3|3|3|1|1|3|3|3|3|2|3
871,3,False,3,10,3,0|3|3|2|6|6|6|2|3|2|6|3|2|0|3
872,0,True,1,13,1,0|1|0|4|1|1|1|9|1|4|1|4|1|1|1
887,3,True,8,8,3,8|3|3|8|5|3|6|3|3|3|8|8|3|8|5
902,7,True,5,7,7,9|9|7|7|3|5|3|7|9|3|7|7|7|7|7
916,5,False,5,6,5,5|5|5|7|7|5|5|5|5|7|7|5|1|7|5
917,9,True,1,15,1,1|7|1|1|1|1|1|2|1|1|7|1|1|1|4
922,0,True,1,6,0,0|1|1|0|0|1|0|0|1|1|0|0|1|0|0
955,0,True,2,7,0,0|2|2|4|2|0|6|0|0|4|0|0|4|0|0
959,4,True,1,14,1,1|1|1|1|1|1|1|1|1|1|1|7|1|1|4
961,2,True,3,8,-1,3|2|2|2|2|3|6|3|2|3|2|3|3|2|3
963,9,True,7,12,7,7|9|7|7|7|9|7|7|7|7|7|7|7|7|9
967,6,True,0,2,6,6|6|6|0|6|0|6|6|6|6|6|6|6|6|6
981,3,True,2,15,4,9|4|9|9|4|0|4|4|9|4|9|4|4|9|0
990,9,False,9,14,5,9|5|5|5|5|5|5|5|5|5|5|5|5|5|5
991,9,True,8,14,8,8|8|8|8|8|8|8|8|8|3|3|3|8|8|9
994,1,True,5,14,5,7|7|3|5|2|5|7|2|5|2|5|5|1|2|5
1011,2,True,3,11,3,3|2|2|3|7|6|8|3|3|3|2|0|6|2|5
1012,2,True,5,9,5,5|5|2|4|5|5|5|2|2|2|2|5|2|5|5
1055,9,True,7,11,7,9|7|9|7|7|9|7|7|7|7|7|7|7|9|7
1058,5,False,5,11,2,5|5|7|7|5|2|7|2|2|2|2|2|5|2|2
1065,9,True,8,14,8,8|8|8|8|8|3|8|3|8|8|8|3|8|8|9
1074,9,True,6,15,3,6|8|2|2|3|3|3|3|2|3|0|3|8|6|2
1155,0,False,0,9,0,3|8|0|0|0|8|1|0|4|0|1|0|7|6|6
1157,3,False,3,5,3,3|3|3|2|3|3|2|3|3|3|2|3|3|2|2
1170,0,False,0,12,3,3|3|6|3|0|3|3|6|3|3|0|6|8|0|3
1180,5,False,5,10,-1,7|2|5|2|5|1|7|7|2|7|7|5|5|5|2
1185,5,True,9,3,5,5|9|5|5|5|5|5|5|9|5|5|9|5|5|5
1193,4,False,4,10,-1,9|3|4|4|4|6|4|3|2|2|6|3|3|4|3
1203,7,True,1,13,1,1|1|1|1|1|1|7|0|1|7|1|1|1|1|0
1271,4,False,4,13,3,3|4|3|4|3|6|3|6|9|3|3|3|3|0|3
1274,4,True,1,13,1,0|4|1|4|1|1|6|0|1|2|1|0|1|1|0
1278,8,False,8,5,8,8|1|8|1|1|5|7|8|8|8|8|8|8|8|8
1279,0,True,2,14,4,8|2|2|4|9|4|4|3|4|9|0|4|4|4|2
1309,9,True,7,7,9,9|9|7|9|9|5|9|5|2|7|5|9|7|9|9
1319,2,False,2,12,0,0|0|0|0|0|0|0|2|2|0|2|0|0|0|0
1320,9,True,4,11,4,9|4|4|4|4|9|4|4|9|4|9|4|4|4|4
1326,1,True,3,15,6,6|3|3|2|6|6|0|6|6|6|3|3|4|4|6
1337,5,False,5,10,5,4|5|7|1|7|1|7|7|2|5|1|5|1|5|5
1339,5,False,5,8,5,3|3|1|1|5|1|5|5|5|5|2|5|3|5|3
1347,2,True,5,13,5,1|5|5|2|5|5|5|2|5|5|3|5|5|5|5
1363,4,False,4,11,2,4|2|2|2|8|0|3|6|2|4|2|4|4|3|9
1372,2,False,2,11,4,4|3|4|4|8|2|4|4|4|4|2|4|2|2|4
1380,2,False,2,4,2,0|2|2|3|2|2|0|2|2|2|2|0|2|2|2
1397,7,True,1,5,7,7|7|1|7|7|1|7|7|1|7|7|1|7|1|7
1400,8,True,3,11,3,3|8|8|3|8|3|3|3|8|3|3|3|3|3|9
1426,5,False,5,9,5,1|3|9|2|1|5|5|3|7|5|7|5|5|5|7
1435,2,True,3,13,3,8|3|2|3|8|3|8|3|2|3|3|4|3|3|3
1439,2,True,5,9,5,5|5|2|2|2|5|5|5|2|5|2|1|2|5|5
1445,6,True,3,12,3,3|3|6|3|6|6|3|3|3|3|3|3|3|3|3
1456,0,True,2,15,4,4|4|4|4|6|9|2|4|4|4|4|4|4|4|4
1458,5,False,5,8,5,1|5|1|2|5|5|7|3|5|8|1|5|7|5|5
1469,2,True,3,11,3,3|3|3|2|2|3|3|3|3|3|2|3|3|2|3
1472,4,True,6,10,6,6|4|6|6|6|0|2|6|4|0|0|4|6|4|4
1473,0,False,0,13,6,6|3|6|6|0|6|4|0|2|6|1|6|3|4|3
1521,4,True,6,13,2,9|2|2|3|2|5|2|7|9|0|0|9|4|4|2
1534,7,True,1,6,7,7|1|7|1|1|1|1|7|1|7|7|7|7|7|7
1536,0,False,0,11,6,6|6|6|6|0|0|0|6|6|6|6|6|6|0|6
1544,2,True,3,6,2,3|3|3|2|2|2|2|2|2|3|2|3|3|2|2
1591,5,True,9,1,5,5|5|5|5|5|5|5|5|5|5|7|5|5|5|5
1601,9,True,4,3,9,9|4|9|9|9|9|9|9|9|4|9|9|4|9|9
1603,0,False,0,8,-1,0|9|0|0|6|6|6|6|6|6|0|0|6|0|0
1612,7,True,8,13,8,8|8|7|8|8|8|8|8|8|7|8|8|8|8|8
1619,4,True,6,9,4,6|2|4|2|6|0|6|4|2|4|4|0|4|2|4
1623,5,False,5,7,5,7|5|7|7|0|1|5|5|8|5|7|5|5|5|5
1627,9,True,7,12,7,7|7|7|9|7|7|7|9|7|7|7|7|7|9|7
1634,0,False,0,7,0,6|0|0|0|6|6|6|0|6|6|0|6|0|0|0
1635,9,True,8,15,8,8|8|8|8|8|8|8|8|8|8|7|8|8|8|8
1644,8,False,8,5,8,4|8|8|0|9|0|8|8|8|8|8|8|8|8|4
1674,0,True,3,12,-1,0|3|6|4|6|2|6|2|4|6|3|3|0|0|3
1678,7,False,7,10,-1,9|9|7|9|5|7|5|5|9|7|7|9|7|5|5
1704,2,True,3,11,3,3|2|2|3|6|3|6|3|3|3|3|3|3|2|2
1714,3,False,3,4,3,1|3|2|3|3|3|3|3|3|3|1|3|3|8|3
1722,6,False,6,15,4,9|4|4|4|4|2|2|4|4|4|9|9|4|4|4
1761,0,True,1,13,6,0|6|6|6|6|6|0|6|6|6|6|4|6|4|6
1774,8,False,8,3,8,8|8|8|8|3|8|8|8|8|8|3|8|8|8|9
1784,9,True,4,4,9,9|9|9|9|4|9|9|9|4|9|9|9|4|4|9
1786,2,True,5,6,2,2|2|2|2|2|5|5|2|5|5|2|5|2|5|2
1853,9,True,4,14,2,0|2|2|0|2|0|8|4|2|9|8|2|2|2|2
1873,7,True,8,15,8,8|3|8|8|8|8|8|8|8|3|8|8|8|8|9
1909,1,True,8,13,8,8|8|8|8|1|8|8|8|8|8|8|8|8|1|8
1911,9,False,9,12,5,9|5|5|2|8|5|9|2|8|7|7|9|5|5|5
1921,6,True,3,15,3,3|8|3|8|3|3|8|3|3|0|3|3|3|8|3
1933,0,True,2,9,0,0|0|8|4|6|6|6|0|4|6|0|0|0|2|4
1938,4,True,6,15,6,6|6|6|6|6|6|6|6|6|6|6|0|6|6|6
1941,7,False,7,2,7,7|7|7|9|7|7|7|7|7|8|7|7|7|7|7
1950,6,True,0,5,6,0|6|6|0|6|6|6|6|0|6|0|6|6|6|0
1952,4,True,6,1,4,4|4|4|4|6|4|4|4|4|4|4|4|4|4|4
1969,4,True,6,6,4,4|3|2|0|6|4|4|4|4|4|4|4|0|4|0
1996,0,True,1,15,1,1|1|1|1|1|1|1|4|1|1|1|1|1|1|4
2033,9,True,4,15,4,2|4|4|4|4|0|6|0|4|4|4|4|4|4|4
2041,6,True,0,5,6,0|6|6|4|6|6|6|6|0|6|0|0|6|6|6
2061,3,True,2,13,2,3|2|3|2|2|2|4|2|2|4|2|0|2|0|2
2064,9,False,9,14,5,9|5|5|5|5|5|5|5|5|5|5|5|5|5|5
2065,2,False,2,8,2,0|8|2|4|2|2|2|2|8|2|0|8|2|4|9
2113,3,False,3,6,3,3|3|6|6|6|3|3|3|3|6|3|3|3|6|6
2117,1,False,1,11,7,1|7|1|7|7|1|7|7|1|7|7|7|7|7|7
2129,3,True,8,15,8,8|8|8|8|8|8|8|8|8|8|8|8|8|8|8
2170,0,True,2,14,4,9|3|2|4|2|9|2|9|4|4|0|4|4|4|4
2187,9,True,4,14,3,9|3|4|4|2|3|3|4|2|3|8|4|3|2|3
2188,7,False,7,14,5,5|5|9|5|5|5|5|5|5|5|9|5|7|5|9
2201,0,True,2,11,2,4|2|2|2|2|0|0|2|2|3|0|0|2|2|2
2225,4,False,4,13,9,9|9|9|4|9|9|9|9|9|4|9|9|9|9|9
2226,5,False,5,13,7,7|7|7|7|7|7|7|7|7|7|5|7|5|7|7
2240,4,False,4,6,4,9|4|4|9|4|9|4|9|4|4|9|4|4|4|9
2252,9,False,9,15,5,5|5|5|5|5|5|5|5|5|5|5|5|5|5|5
2260,6,False,6,15,4,4|4|4|4|4|4|4|4|4|4|4|4|4|4|4
2262,9,True,7,14,7,7|7|3|7|7|7|7|7|7|9|7|7|7|7|7
2267,6,False,6,0,6,6|6|6|6|6|6|6|6|6|6|6|6|6|6|6
2294,4,False,4,13,9,9|9|4|9|9|9|9|4|9|9|9|9|9|9|9
2297,5,False,5,13,7,7|7|7|7|7|7|7|7|5|7|7|7|7|5|7
2302,9,False,9,9,-1,9|2|9|5|2|5|9|5|9|2|5|9|5|5|9
2319,6,False,6,15,4,9|4|4|4|9|2|3|4|9|3|2|4|4|4|9
2358,2,True,3,9,3,3|2|2|2|2|3|3|2|3|3|3|3|3|2|3
2362,1,True,5,12,5,5|5|5|1|5|1|7|7|3|7|1|5|7|5|3
2405,3,False,3,15,6,6|6|0|6|6|6|6|0|6|6|0|0|6|0|6
2415,0,True,3,15,-1,8|2|8|3|3|1|3|3|2|8|8|8|3|5|5
2419,9,True,4,14,3,3|3|3|4|6|6|2|4|3|3|3|3|7|5|9
2420,0,False,0,11,-1,8|8|4|4|0|6|6|0|8|6|4|0|8|4|0
2434,8,True,2,13,2,3|2|8|2|2|3|8|4|2|2|0|0|0|0|3
2436,9,True,4,15,4,0|8|4|4|8|5|3|4|8|4|3|3|6|4|8
2445,7,False,7,4,7,7|9|7|9|9|7|7|7|7|7|7|7|7|9|7
2472,6,True,1,15,1,8|1|1|1|0|1|1|1|1|1|1|1|1|1|1
2500,3,False,3,5,3,3|3|3|1|6|6|3|6|3|2|3|3|3|3|3
2515,7,False,7,5,7,7|7|7|7|7|9|9|9|7|7|7|7|3|9|7
2516,2,True,5,14,5,3|5|1|1|1|5|5|5|1|3|7|7|2|5|3
2524,2,True,3,11,3,3|3|2|3|2|3|3|3|2|3|3|3|3|2|3
2531,5,True,9,1,5,5|5|9|5|5|5|5|5|5|5|5|5|5|5|5
2548,0,True,2,6,0,0|2|3|2|0|0|0|0|0|4|0|0|4|0|2
2557,4,True,1,15,1,1|1|1|1|1|1|1|1|1|1|1|1|1|1|1
2569,1,False,1,11,7,7|7|7|7|7|1|7|7|1|7|1|7|7|1|7
2581,9,True,4,14,4,8|2|2|2|4|4|8|4|2|4|4|9|4|4|2
2587,4,True,7,14,7,7|3|3|7|6|7|7|7|2|4|7|3|7|7|7
2612,7,False,7,2,7,9|7|7|2|7|7|7|7|7|7|7|7|7|7|7
2617,0,True,1,10,1,0|1|0|1|0|1|1|0|1|1|1|1|0|1|1
2619,4,True,6,3,4,9|4|4|4|4|4|2|4|9|4|4|4|4|4|4
2647,7,True,1,10,1,1|7|7|1|1|1|7|6|1|7|1|1|1|1|7
2652,9,True,4,4,9,9|9|9|4|9|9|4|9|9|4|9|9|4|9|9
2681,3,True,5,10,5,3|3|3|3|5|5|5|3|2|7|5|5|1|5|5
2708,6,False,6,6,6,0|3|6|0|6|8|6|6|6|6|6|3|6|8|6
2750,1,False,1,6,1,1|1|1|1|0|0|1|0|1|1|1|0|1|0|0
2754,2,False,2,15,4,9|0|4|9|9|9|4|4|4|0|4|4|4|4|9
2755,0,True,3,15,3,3|8|1|8|3|3|3|3|3|8|1|3|3|8|3
2759,7,True,0,13,8,8|2|1|2|5|8|8|3|1|7|0|8|7|0|4
2791,0,True,7,15,7,7|7|1|7|7|5|7|7|7|7|2|7|7|5|7
2804,5,True,9,5,5,8|5|8|5|9|5|5|5|7|5|5|9|5|5|5
2812,0,True,2,5,0,0|0|2|0|0|8|0|2|0|2|2|0|0|0|0
2872,1,True,5,11,-1,7|1|5|1|5|1|3|5|3|3|2|7|1|5|3
2875,6,True,0,11,0,0|2|6|0|0|6|0|2|0|6|1|6|3|0|0
2881,5,False,5,5,5,1|5|5|5|7|1|3|5|5|5|1|5|5|5|5
2900,6,False,6,15,4,4|4|4|4|4|4|4|4|4|4|4|4|4|4|4
2906,7,False,7,3,7,7|3|2|2|7|7|7|7|7|7|7|7|7|7|7
2960,0,False,0,11,6,8|6|8|0|6|0|0|0|6|6|6|6|6|3|4
2992,3,True,5,13,5,5|5|5|2|5|5|5|5|3|5|1|5|1|5|3
3002,2,False,2,4,2,0|2|2|2|2|2|8|2|2|2|2|0|3|2|2
3019,6,True,3,14,3,0|3|3|3|2|3|0|3|2|6|3|3|3|2|3
3026,7,False,7,2,7,7|7|7|1|7|7|7|7|7|7|7|7|7|5|7
3078,6,True,0,12,8,8|8|6|4|9|9|8|8|4|3|6|8|6|8|4
3081,8,False,8,11,8,6|3|7|2|9|8|8|7|8|7|1|5|8|5|2
3092,5,True,9,3,5,5|9|5|9|5|5|5|5|5|9|5|5|5|5|5
3099,7,True,5,13,5,9|5|6|3|7|5|8|2|2|0|7|5|3|5|3
3101,9,True,8,14,8,8|8|1|5|8|1|3|8|8|8|8|8|8|8|9
3135,9,True,7,14,7,7|4|7|7|7|7|3|4|9|4|7|7|7|4|7
3144,0,True,2,11,2,0|2|2|2|0|2|2|3|0|3|0|4|2|2|3
3159,6,True,1,13,1,1|1|7|1|1|1|1|6|1|6|1|1|1|1|1
3169,1,False,1,2,1,1|1|1|1|1|1|1|2|1|1|1|1|7|1|1
3174,0,True,2,6,0,0|2|2|2|0|0|0|2|2|0|0|0|2|0|0
3228,1,True,3,12,3,3|3|6|3|7|1|3|1|8|3|1|3|3|4|3
3266,2,False,2,13,8,4|3|8|0|9|0|8|4|2|8|8|8|8|2|9
3303,5,False,5,8,5,7|5|8|7|7|5|7|5|2|5|7|7|5|5|5
3305,0,False,0,12,3,6|3|2|0|6|3|0|2|3|3|6|0|3|2|3
3325,6,True,0,12,0,0|6|6|0|0|0|0|0|0|0|0|0|6|0|0
3326,0,False,0,4,0,0|0|6|0|0|0|6|0|6|6|0|0|0|0|0
3336,6,False,6,11,0,6|9|2|4|0|6|0|4|0|6|0|0|6|4|0
3344,1,False,1,7,1,0|3|1|0|1|1|1|4|1|1|1|6|0|0|1
3367,7,True,5,14,5,5|5|7|1|5|5|5|5|2|5|5|5|5|8|3
3440,6,True,0,3,6,6|9|6|0|6|6|6|6|6|6|6|0|6|6|6
3467,7,True,8,14,8,8|8|7|8|8|8|8|8|8|8|8|8|8|8|8
3496,2,True,3,10,-1,3|3|2|2|3|6|0|2|3|6|2|6|6|3|2
3537,5,True,9,1,5,5|5|5|5|5|5|5|5|5|5|9|5|5|5|5
3541,5,True,9,9,-1,5|5|9|9|5|9|2|9|5|8|4|9|5|9|5
3587,1,False,1,12,7,7|1|7|7|7|1|7|7|1|7|7|7|7|7|7
3610,6,True,2,15,2,2|3|2|2|2|2|8|2|2|0|2|4|3|2|2
3628,0,True,2,12,2,4|9|4|0|2|0|2|2|2|6|0|4|3|2|2
3647,9,False,9,13,5,5|5|5|5|5|5|5|5|5|9|5|9|5|5|5
3672,5,True,9,7,5,9|2|9|5|5|5|9|5|9|3|5|9|5|5|5
3675,3,True,5,13,5,5|5|3|1|7|5|5|3|1|1|2|5|7|5|5
3682,1,True,5,13,5,1|5|1|7|5|5|5|3|3|5|5|5|5|5|5
3683,9,True,4,13,0,9|9|0|4|0|0|2|4|2|0|0|4|4|4|0
3692,5,True,9,1,5,5|9|5|5|5|5|5|5|5|5|5|5|5|5|5
3700,8,False,8,6,8,8|8|8|8|7|8|7|7|8|8|7|8|7|8|7
3706,0,True,2,8,0,0|2|2|4|0|0|2|4|6|2|0|0|0|2|0
3711,0,False,0,14,6,4|4|6|4|6|6|6|6|6|6|1|0|6|4|6
3748,8,False,8,3,8,8|3|8|8|8|8|8|3|8|8|8|8|8|8|9
3755,5,True,6,15,6,4|8|6|6|6|6|8|8|8|4|6|8|6|4|4
3761,6,True,0,12,3,3|3|3|0|3|6|0|3|7|3|1|6|6|0|2
3786,4,True,6,7,4,3|4|4|4|6|6|4|2|0|3|4|4|4|4|0
3787,6,True,2,14,2,0|2|2|2|2|2|2|0|2|2|2|0|6|2|2
3805,8,True,2,14,2,6|3|4|6|2|8|6|2|2|2|2|0|2|0|6
3817,4,False,4,9,9,9|4|4|9|9|9|2|4|4|4|9|4|9|9|9
3852,3,True,8,11,8,8|8|3|8|8|8|8|3|8|8|3|3|8|8|8
3865,6,True,0,3,6,6|6|6|0|6|0|6|6|6|6|6|0|6|6|6
3877,1,False,1,8,0,0|1|1|1|0|1|0|0|0|0|1|1|0|1|0
3899,7,True,1,8,-1,7|1|1|7|7|1|1|4|1|7|7|7|1|7|1
3912,6,True,2,14,0,3|3|2|0|0|0|2|3|4|4|1|6|4|0|2
3939,1,False,1,12,0,0|0|1|0|0|0|0|2|8|6|1|0|1|0|9
3942,6,False,6,14,4,0|3|4|0|6|0|8|8|4|4|3|3|3|4|4
3949,2,True,3,11,3,3|2|3|3|2|3|6|2|2|3|6|6|3|6|3
3956,3,False,3,8,3,3|3|0|2|2|3|4|3|2|3|1|6|3|6|3
3981,6,True,5,15,-1,5|5|3|2|5|5|5|2|2|2|2|3|2|5|3
4016,4,False,4,12,-1,3|4|3|6|8|8|8|7|0|3|3|8|4|4|5
4028,9,True,6,15,0,0|0|4|4|0|8|0|0|0|3|2|0|0|2|4
4032,3,True,2,14,2,0|2|2|2|2|8|0|2|2|0|3|0|0|2|0
4060,3,False,3,8,2,3|3|2|2|3|3|3|2|2|2|2|3|2|2|3
4064,2,False,2,9,2,6|9|2|2|2|6|6|3|2|4|2|6|6|2|9
4072,1,True,8,14,-1,0|3|6|0|0|6|6|0|6|0|6|0|1|6|3
4099,3,False,3,11,3,1|3|0|1|5|6|8|3|2|3|8|3|1|0|7
4101,0,False,0,7,0,0|0|6|6|6|0|0|0|6|6|0|6|6|0|0
4117,0,False,0,11,6,0|0|6|0|0|6|6|6|6|6|6|6|6|6|6
4119,7,True,8,8,8,8|8|7|7|7|8|8|8|8|7|7|8|7|8|7
4136,3,True,8,7,3,8|3|3|8|8|8|3|3|3|3|8|8|3|8|3
4153,5,False,5,6,5,7|5|5|1|5|1|5|5|1|7|5|5|1|5|5
4155,7,True,5,9,5,5|7|7|7|5|5|5|7|5|5|7|5|7|5|5
4156,6,True,1,15,1,1|5|7|1|0|1|1|7|1|7|7|1|1|1|7
4184,3,True,8,14,8,4|3|8|8|9|8|8|8|8|8|8|8|8|8|9
4202,3,False,3,2,3,3|2|3|3|3|3|3|3|2|3|3|3|3|3|3
4205,7,False,7,9,-1,9|7|7|7|7|7|5|5|9|5|9|5|5|5|7
4260,8,False,8,3,8,8|8|8|8|8|8|8|3|8|8|8|8|3|8|9
4276,7,False,7,2,7,9|7|7|7|7|7|7|7|7|7|7|7|7|7|3
4290,6,False,6,15,4,4|4|4|4|0|4|0|4|4|0|4|4|4|4|4
4302,4,True,5,15,5,5|5|5|7|5|5|7|5|5|5|5|5|5|5|5
4323,2,False,2,9,0,0|2|2|2|2|0|0|3|2|0|0|0|8|0|2
4340,0,False,0,12,6,6|0|6|6|0|6|6|0|6|6|6|6|6|6|6
4341,4,False,4,3,4,4|4|4|4|4|9|9|9|4|4|4|4|4|4|4
4358,5,False,5,4,5,5|5|5|2|7|5|7|5|5|3|5|5|5|5|5
4379,4,True,7,15,7,3|7|7|7|7|7|7|7|7|7|7|7|7|5|7
4399,1,False,1,9,1,3|7|1|1|1|1|7|0|1|6|1|6|5|7|3
4405,2,False,2,10,2,3|8|2|3|9|9|4|2|2|3|2|4|2|8|7
4435,3,False,3,9,3,3|2|3|3|6|6|2|3|2|3|8|4|3|0|2
4464,4,True,6,4,4,9|4|4|4|4|9|4|4|6|0|4|4|4|4|4
4477,2,True,3,13,3,3|3|3|2|3|3|3|3|3|3|3|3|3|2|3
4484,3,True,8,12,8,3|3|4|4|8|0|0|3|8|8|1|8|6|4|9
4492,0,False,0,8,0,0|3|6|0|6|6|0|6|0|3|0|0|0|2|2
4493,6,True,3,15,3,3|3|3|3|2|3|8|3|2|3|3|3|3|3|3
4497,6,False,6,15,4,4|4|2|4|4|4|4|4|4|4|4|4|4|4|4
4508,7,False,7,1,7,9|7|7|7|7|7|7|7|7|7|7|7|7|7|7
4526,5,True,9,13,-1,9|2|9|9|2|9|5|9|2|2|2|9|5|7|2
4547,0,True,1,13,1,1|1|0|1|0|1|1|4|1|7|1|1|7|1|7
4549,7,False,7,3,7,9|7|7|7|7|7|7|9|7|7|7|7|7|5|7
4566,7,False,7,3,7,9|7|7|7|7|9|7|7|7|7|7|7|7|9|7
4567,1,False,1,12,0,0|0|1|1|0|0|0|0|1|0|0|0|0|0|0
4596,8,False,8,3,8,8|8|8|8|9|8|8|8|8|3|8|8|8|8|9
4602,1,True,5,9,5,1|3|1|1|5|1|5|5|5|5|1|5|1|5|5
4603,0,True,1,8,1,0|1|1|1|0|1|0|0|1|1|0|1|1|0|0
4618,2,False,2,13,-1,9|8|4|3|0|6|3|3|2|4|2|6|6|8|9
4619,3,False,3,10,3,3|3|2|1|3|1|8|3|6|2|2|0|2|3|0
4641,9,True,4,9,4,4|9|4|0|4|9|2|4|4|9|9|9|4|4|9
4649,0,True,2,10,2,0|4|2|0|0|2|6|0|2|0|2|2|1|2|4
4655,3,True,2,12,2,4|3|3|2|2|0|3|2|9|4|2|4|2|9|9
4673,1,True,8,11,8,8|8|8|1|9|8|1|8|8|8|1|8|8|1|8
4697,7,True,1,14,1,1|1|1|1|1|1|1|0|1|7|1|1|1|1|0
4720,2,False,2,8,0,0|2|2|2|0|0|0|2|2|0|0|0|2|0|2
4731,1,False,1,4,1,1|1|1|1|1|0|0|1|1|0|1|1|1|0|1
4747,3,False,3,10,2,3|2|3|2|2|3|6|2|2|3|2|3|2|1|2
4756,7,False,7,3,7,7|7|7|2|7|7|7|7|3|7|7|7|7|9|7
4761,5,True,9,2,5,5|9|5|5|5|5|5|5|9|5|5|5|5|5|5
4762,6,False,6,15,4,9|9|4|4|9|9|0|4|4|9|4|4|4|4|9
4797,3,False,3,3,3,3|3|3|3|6|3|3|3|3|3|3|3|6|6|3
4835,6,True,0,3,6,0|6|6|6|6|0|6|6|6|6|6|6|6|0|6
4853,0,False,0,10,6,6|6|6|0|0|6|6|6|6|6|0|6|6|0|0
4879,0,False,0,9,6,6|4|6|0|0|6|6|6|6|6|0|0|0|0|6
4910,3,True,8,15,8,8|8|8|8|8|8|8|8|8|8|8|8|8|8|8
4922,4,True,6,1,4,4|4|4|4|4|4|2|4|4|4|4|4|4|4|4
4943,3,True,8,9,8,8|3|8|3|8|3|3|3|8|3|8|8|8|8|8
4954,3,True,5,14,5,5|5|7|5|5|5|5|2|5|5|5|7|5|5|3
4970,5,False,5,8,5,5|2|5|7|7|5|5|5|3|7|7|7|5|7|5
4975,4,True,6,15,3,3|3|6|6|0|6|6|3|0|0|3|6|2|3|3
4984,3,True,2,12,2,3|3|4|4|2|2|4|4|2|3|2|9|2|4|2
4992,6,True,1,15,1,1|1|1|1|1|1|1|1|1|7|1|7|1|1|3
5001,6,True,0,7,6,0|6|6|0|6|0|6|0|6|6|6|0|6|0|0
5020,9,True,7,10,7,9|7|7|7|7|9|7|9|9|7|9|7|7|7|7
5077,4,True,6,15,6,6|6|6|6|6|0|6|6|6|6|6|6|6|6|6
5080,8,False,8,4,8,8|8|3|8|8|8|8|8|8|3|8|3|8|8|9
5090,0,True,1,11,1,1|1|7|1|0|1|1|0|1|7|7|1|1|0|0
5098,7,True,8,8,8,8|8|7|7|8|8|7|8|8|7|7|8|7|8|7
5149,2,True,3,7,2,3|3|2|2|2|3|8|2|2|2|2|3|3|2|3
5153,0,True,2,14,2,6|2|2|2|2|2|8|3|2|8|0|3|3|2|2
5175,0,False,0,15,6,6|9|6|6|6|6|6|6|6|6|6|6|6|4|6
5183,7,False,7,5,7,7|7|5|7|7|7|7|5|9|9|7|7|7|1|7
5186,3,True,8,13,8,8|8|8|8|8|8|8|3|3|8|8|8|8|8|9
5192,1,False,1,11,0,0|1|1|4|1|2|0|0|0|8|1|2|0|0|4
5219,6,False,6,12,0,0|4|0|4|0|0|0|3|0|0|0|6|6|1|6
5235,0,False,0,14,6,6|6|6|6|6|6|6|6|6|6|6|6|6|0|6
5245,2,True,6,15,6,6|6|6|6|6|6|6|6|0|6|6|6|6|6|6
5271,1,True,5,9,5,5|1|1|1|5|1|5|5|1|5|1|5|5|5|5
5286,5,True,9,7,5,7|5|7|7|7|7|5|7|5|5|5|1|5|5|5
5288,7,False,7,2,7,9|3|7|7|7|7|7|7|7|7|7|7|7|7|7
5302,3,True,7,14,7,7|9|7|7|7|7|7|7|7|3|7|7|7|4|7
5317,9,False,9,13,5,5|5|5|9|5|5|5|5|5|5|9|5|5|5|5
5322,6,False,6,10,4,6|4|4|4|6|6|4|4|4|6|4|4|4|4|6
5333,5,False,5,8,5,1|5|1|3|1|1|1|5|5|5|3|5|5|1|5
5334,2,True,5,15,5,1|5|5|5|3|5|5|3|5|5|3|5|5|7|5
5355,4,False,4,12,6,4|2|6|4|0|5|3|6|7|6|0|4|6|0|3
5378,2,True,9,15,5,5|5|9|9|5|5|5|5|5|5|5|5|5|5|5
5386,8,True,1,15,1,1|1|1|1|1|1|1|1|1|1|1|1|1|1|1
5398,9,True,4,14,4,4|4|4|4|9|4|4|4|4|4|4|4|4|4|4
5403,0,True,3,12,6,3|4|6|4|0|6|6|6|0|6|6|0|4|6|4
5404,6,False,6,9,6,8|4|4|4|6|8|3|6|4|6|2|4|6|6|6
5415,6,False,6,15,8,8|2|8|3|1|1|7|1|2|8|1|8|7|5|8
5416,6,False,6,15,4,4|4|4|9|4|4|4|4|4|4|4|4|4|4|3
5437,7,False,7,3,7,7|7|7|7|7|7|7|2|2|7|2|7|7|7|7
5469,2,False,2,9,0,0|2|2|2|0|0|0|0|2|0|0|0|0|2|2
5478,6,True,9,15,5,5|5|5|9|5|5|5|5|5|5|8|5|5|5|5
5501,9,True,4,10,4,4|9|4|4|9|9|2|4|9|4|9|4|4|4|4
5506,2,False,2,14,9,9|3|4|4|9|4|4|2|9|3|9|9|3|4|9
5510,0,True,1,7,0,0|1|1|0|0|1|0|2|0|3|1|0|1|0|0
5511,6,True,0,10,0,6|6|6|0|0|0|0|6|0|6|0|0|0|0|0
5542,3,False,3,3,3,3|3|3|3|6|3|3|3|3|6|3|3|3|0|3
5548,8,False,8,4,8,8|3|8|8|8|3|8|8|8|8|8|8|3|8|9
5559,5,True,9,3,5,5|5|5|9|9|5|5|5|5|5|5|9|5|5|5
5568,4,False,4,11,9,9|9|4|4|9|9|9|9|9|4|9|9|9|4|9
5592,9,False,9,9,5,5|5|5|5|9|5|5|9|9|9|5|9|5|5|9
5612,8,False,8,7,8,8|8|8|8|3|8|8|3|3|8|3|3|3|8|3
5658,1,True,3,14,3,3|3|3|2|6|3|3|3|6|3|1|3|3|7|3
5662,0,False,0,11,6,0|3|2|0|0|6|0|6|2|6|6|3|6|8|3
5684,6,False,6,12,0,0|4|0|0|0|0|6|2|8|6|4|0|6|0|2
5691,0,True,1,15,1,1|7|7|1|7|1|7|7|1|1|1|7|1|1|4
5695,0,True,3,11,3,3|3|3|2|0|0|0|3|0|3|3|3|6|3|4
5719,8,False,8,8,-1,3|8|8|8|3|8|8|3|3|3|3|3|8|8|7
5744,2,True,7,15,7,7|3|7|7|7|7|7|7|7|7|7|7|7|7|7
5762,0,True,1,15,1,1|1|1|1|7|1|7|4|1|1|1|1|1|1|1
5763,8,False,8,5,8,8|8|3|8|8|8|8|8|8|3|3|3|8|8|3
5775,4,False,4,3,4,9|4|4|4|4|4|8|4|8|4|4|4|4|4|4
5795,4,True,6,6,4,4|4|6|4|6|0|3|4|4|4|2|4|4|4|6
5797,3,True,4,15,4,4|2|6|4|4|4|8|4|8|9|2|4|4|4|4
5805,7,False,7,7,7,3|2|3|7|5|5|7|7|5|7|7|7|7|7|3
5832,9,True,4,11,4,9|4|4|4|4|4|4|4|9|4|9|4|4|4|9
5838,0,False,0,11,-1,3|3|3|6|7|2|7|3|0|4|0|0|0|2|1
5884,1,True,5,13,5,5|1|5|1|5|5|5|5|5|3|5|5|5|5|5
5892,3,False,3,8,-1,3|2|2|2|2|2|3|2|3|3|3|3|6|2|3
5904,1,False,1,2,1,1|7|1|1|1|1|1|1|1|1|1|1|7|1|1
5909,1,False,1,4,1,0|1|1|1|1|1|1|1|1|1|1|1|0|0|0
5927,0,True,1,14,1,1|1|1|1|0|1|7|7|1|1|1|1|1|1|1
5943,5,False,5,15,7,7|7|8|7|7|8|0|7|8|8|7|7|7|7|7
5972,8,False,8,5,8,8|8|1|8|1|1|7|8|8|8|8|8|8|8|1
6000,1,True,8,14,0,0|7|2|8|0|0|0|7|0|3|0|0|1|0|7
6031,0,True,1,4,0,0|0|1|1|0|0|0|0|1|1|0|0|0|0|0
6036,9,False,9,15,5,5|5|5|5|5|5|5|5|5|5|5|5|5|5|5
6050,0,True,1,15,1,1|1|1|1|7|1|1|4|1|1|1|1|7|1|1
6051,2,False,2,8,2,0|2|2|2|2|6|8|2|5|0|0|0|0|2|2
6063,4,True,6,5,4,4|9|4|4|0|0|4|0|4|4|4|4|9|4|4
6064,6,True,1,14,1,1|1|7|1|1|1|1|6|1|1|1|1|1|7|1
6067,9,False,9,13,5,4|3|5|5|9|5|8|5|5|5|5|5|5|5|9
6094,3,False,3,5,3,3|3|3|2|6|6|3|3|2|3|2|3|3|3|3
6106,0,False,0,9,6,0|6|6|0|0|0|0|6|6|6|6|6|6|0|6
6118,8,False,8,8,-1,8|3|3|8|8|6|3|8|3|8|8|3|3|8|3
6138,1,False,1,4,1,1|0|1|1|0|1|1|0|1|1|0|1|1|1|1
6156,2,True,9,13,5,9|2|2|9|7|5|5|5|8|9|7|5|7|9|5
6175,6,True,0,11,4,0|4|6|4|4|6|4|4|2|9|0|6|6|4|4
6183,4,True,6,2,4,4|4|4|4|6|4|2|4|4|4|4|4|4|4|4
6199,8,False,8,1,8,8|8|8|8|9|8|8|8|8|8|8|8|8|8|8
6204,6,True,3,11,3,7|2|0|1|6|3|3|6|6|3|6|3|3|0|3
6216,3,True,5,13,1,8|1|1|1|7|7|5|5|3|3|1|1|8|5|5
6226,5,True,9,0,5,5|5|5|5|5|5|5|5|5|5|5|5|5|5|5
6227,3,False,3,3,3,3|3|2|2|3|3|3|3|3|3|3|3|3|2|3
6231,0,True,2,5,0,0|0|2|0|2|0|0|4|0|0|2|0|0|0|2
6237,7,False,7,3,7,3|2|7|7|7|7|7|7|7|7|7|7|7|5|7
6245,7,True,5,10,7,7|1|8|7|5|1|7|7|7|2|1|5|5|5|2
6258,2,True,3,6,2,3|3|2|2|2|3|2|3|2|2|2|3|3|2|2
6264,8,False,8,1,8,8|8|8|8|8|8|8|8|8|8|8|8|8|8|9
6267,3,True,2,15,2,9|4|6|4|2|4|6|4|2|2|2|6|2|4|2
6276,3,True,8,13,8,8|3|8|8|8|8|8|8|8|8|3|8|8|8|5
6281,4,True,6,15,6,6|0|6|6|6|6|6|0|6|6|6|6|6|0|6
6284,6,True,0,5,6,6|6|6|4|0|6|6|6|4|6|3|6|0|6|6
6302,4,True,6,1,4,4|4|4|4|6|4|4|4|4|4|4|4|4|4|4
6314,2,True,7,15,7,7|7|3|8|5|5|7|3|1|7|7|9|7|5|5
6328,6,True,3,13,3,3|2|6|2|2|3|2|3|3|3|1|3|3|6|3
6359,9,True,4,15,3,4|8|3|3|2|6|2|3|2|8|3|3|3|3|3
6361,4,True,0,14,0,6|0|0|4|6|6|6|0|2|3|0|0|0|0|6
6368,0,True,2,9,-1,6|2|0|0|2|4|6|2|2|0|2|0|0|0|2
6410,0,False,0,9,6,0|6|0|0|6|6|6|0|6|6|6|0|0|6|6
6412,3,True,5,13,5,5|3|5|1|5|5|5|3|5|5|1|5|1|5|5
6455,5,True,9,1,5,5|5|5|5|5|5|5|5|9|5|5|5|5|5|5
6494,3,True,2,15,0,0|8|0|0|6|0|0|4|8|6|0|0|4|4|0
6513,2,True,3,13,3,3|3|3|3|2|3|3|3|2|3|3|3|3|3|3
6514,2,True,5,13,5,5|5|7|2|1|5|8|5|8|5|7|5|2|5|3
6576,0,False,0,14,6,0|6|4|6|6|6|6|6|6|6|6|6|6|6|6
6580,7,True,1,11,1,1|7|1|1|1|1|1|6|1|7|7|1|7|2|1
6607,7,False,7,6,7,9|3|5|7|7|7|7|7|8|7|7|7|2|5|7
6638,4,True,6,15,6,0|6|6|0|6|0|6|6|6|6|6|6|6|6|6
6659,2,True,9,15,5,9|9|5|9|5|5|5|5|5|9|5|5|5|5|5
6673,1,False,1,5,1,1|1|1|1|7|1|0|7|1|7|1|1|7|1|1
6681,5,False,5,8,5,5|5|7|6|2|5|6|5|5|7|7|7|5|1|5
6687,7,True,1,8,7,7|0|7|1|1|1|7|7|1|7|7|7|1|1|0
6692,6,True,9,15,5,5|5|5|9|7|5|5|5|5|9|5|9|5|5|5
6728,0,False,0,11,6,6|0|6|6|6|6|6|0|6|6|6|6|6|0|0
6754,2,True,3,11,3,9|6|3|3|2|6|8|2|2|3|6|3|3|6|2
6792,2,False,2,11,0,0|2|0|0|2|0|0|0|2|2|0|0|0|0|0
6817,3,True,7,10,-1,3|3|7|1|7|7|2|7|2|3|3|7|5|5|3
6821,6,True,3,14,3,6|3|3|3|2|1|2|3|3|3|3|3|2|0|2
6830,9,False,9,14,5,5|5|5|9|5|5|5|5|5|5|5|5|5|5|5
6868,2,False,2,14,4,4|4|4|4|4|0|0|4|4|9|2|4|4|4|4
6870,5,True,9,1,5,8|5|5|5|5|5|5|5|5|5|5|5|5|5|5
6879,5,False,5,6,5,5|5|5|2|5|7|5|5|2|1|3|5|7|5|5
6883,4,False,4,9,9,9|9|3|4|3|4|4|4|9|4|9|4|9|9|9
6891,7,False,7,4,7,7|7|4|9|7|7|7|7|7|9|7|7|7|4|7
6924,9,True,4,3,9,9|4|9|9|9|9|9|9|9|4|9|9|9|4|9
6933,4,True,6,1,4,4|4|4|4|6|4|4|4|4|4|4|4|4|4|4
6934,9,True,4,9,4,9|9|4|4|9|9|2|4|4|9|4|9|4|4|4
6942,4,True,6,2,4,9|4|4|4|4|4|6|4|4|4|4|4|4|4|4
6959,0,True,1,7,0,0|0|1|1|0|1|1|0|1|0|0|1|0|1|0
6977,3,True,8,9,8,3|8|8|3|8|8|8|3|8|3|8|3|3|8|9
6995,2,True,5,8,-1,5|5|2|2|2|2|5|2|8|2|5|5|2|5|5
7006,8,False,8,5,8,8|1|1|8|1|8|8|8|8|8|8|8|8|1|4
7009,5,False,5,9,5,1|3|1|1|1|1|5|5|2|5|3|5|2|5|5
7046,4,True,6,2,4,4|4|4|4|4|4|6|4|4|4|6|4|4|4|4
7051,5,False,5,8,7,7|5|7|7|7|5|7|5|5|7|5|5|7|5|7
7052,4,True,7,15,7,7|7|7|7|7|7|7|7|7|7|7|7|7|7|7
7072,7,False,7,6,7,9|3|1|7|8|7|7|3|7|7|7|7|7|9|7
7100,6,True,3,13,3,3|3|3|2|6|3|3|6|3|3|3|3|3|3|2
7104,2,False,2,13,6,0|3|4|0|6|4|6|6|2|4|6|6|2|4|0
7142,4,True,6,3,4,4|4|4|4|4|2|6|4|4|4|9|4|4|4|4
7146,3,True,8,12,8,8|8|8|8|8|3|8|8|8|3|8|8|3|8|9
7155,9,False,9,9,5,9|9|5|5|5|5|5|9|5|9|7|9|5|5|9
7159,3,False,3,1,3,3|3|3|3|3|3|3|3|3|3|2|3|3|3|3
7162,5,True,6,14,6,0|4|6|0|5|0|6|6|0|6|6|0|6|6|4
7178,9,False,9,12,5,5|5|5|9|5|5|5|5|5|5|9|5|5|9|5
7198,2,False,2,12,4,0|9|2|1|4|0|2|4|2|4|9|4|3|4|0
7210,4,True,6,11,0,0|2|4|4|6|0|2|0|6|4|2|0|4|6|0
7211,6,False,6,7,6,0|9|6|4|6|6|6|0|4|4|6|6|6|4|6
7216,8,True,6,15,-1,4|2|6|4|4|6|6|4|6|6|6|4|2|4|2
7219,0,True,2,11,4,0|9|2|0|4|4|0|4|4|4|0|4|4|4|4
7235,7,True,5,13,5,5|5|7|5|5|5|5|5|5|5|5|5|7|5|5
7238,3,True,8,12,8,8|8|8|8|3|8|8|3|8|3|8|8|8|8|8
7242,6,True,0,10,6,0|2|0|0|6|3|6|3|6|3|1|6|6|0|3
7248,4,True,1,15,-1,1|7|7|1|7|1|1|9|1|7|1|1|7|7|7
7261,0,False,0,15,6,6|8|4|6|6|6|6|4|6|6|6|6|6|1|6
7267,6,False,6,15,4,9|9|4|4|4|4|4|9|4|4|4|4|4|4|4
7287,2,True,9,12,9,9|7|7|9|9|9|9|2|2|2|9|9|7|5|9
7292,7,False,7,4,7,7|7|8|7|7|7|7|7|7|9|7|7|7|3|2
7311,8,True,2,15,0,0|0|0|0|0|0|6|0|0|0|2|0|0|0|2
7321,0,False,0,10,6,0|6|6|6|6|6|6|0|6|6|0|6|0|0|6
7333,6,True,3,14,3,3|3|6|2|2|3|2|3|3|3|3|3|3|3|3
7351,2,False,2,15,4,9|9|4|4|4|4|9|4|4|9|4|4|4|4|9
7379,0,True,2,8,2,0|2|2|0|2|0|0|0|2|2|2|0|0|2|2
7391,7,False,7,1,7,9|7|7|7|7|7|7|7|7|7|7|7|7|7|7
7393,6,False,6,15,4,9|4|4|4|4|9|4|4|4|4|4|4|4|4|9
7397,6,False,6,9,6,4|4|8|6|0|8|6|0|6|4|6|8|6|6|4
7436,7,False,7,2,7,9|7|7|7|7|7|7|7|7|7|7|7|7|5|7
7474,1,True,5,12,5,5|5|5|1|5|5|1|3|2|2|1|5|5|5|5
7485,0,True,1,15,1,1|1|1|1|7|1|1|4|1|1|1|1|1|1|1
7492,9,True,7,14,7,7|7|7|7|7|2|7|7|7|7|7|8|8|5|9
7515,6,True,3,13,3,3|3|6|3|3|3|3|3|3|6|3|3|3|3|3
7563,3,False,3,3,3,3|3|3|2|3|3|3|3|2|3|3|3|3|2|3
7601,6,True,0,2,6,6|0|4|6|6|6|6|6|6|6|6|6|6|6|6
7607,1,True,3,15,3,3|3|3|2|2|3|3|2|2|3|2|3|2|0|3
7609,4,True,6,8,4,8|4|9|6|4|1|8|8|4|4|6|8|4|4|4
7623,2,True,5,15,-1,5|7|7|7|5|5|7|5|9|5|7|7|7|5|5
7675,0,True,1,12,1,1|1|1|1|0|1|1|0|1|0|1|1|1|1|1
7680,6,True,0,6,6,0|0|6|0|6|0|0|6|6|6|6|0|6|6|6
7682,5,True,9,11,2,9|2|2|2|5|5|9|2|2|2|2|9|5|5|9
7722,9,False,9,14,5,5|5|5|5|5|5|5|5|9|5|5|5|5|5|5
7723,4,True,1,15,1,1|1|1|1|0|1|1|1|1|7|0|1|1|1|1
7736,3,True,5,13,5,5|3|7|1|1|5|5|3|5|5|5|5|5|1|5
7737,0,False,0,7,0,0|0|0|0|0|6|6|0|0|6|6|0|6|6|6
7759,7,False,7,1,7,7|7|7|7|9|7|7|7|7|7|7|7|7|7|7
7762,2,False,2,9,-1,4|2|3|4|9|4|2|4|2|2|2|4|2|4|9
7763,2,True,3,14,3,9|3|6|4|3|3|6|3|2|3|3|3|3|3|3
7775,0,True,1,10,0,3|2|6|4|2|0|0|6|0|2|0|6|6|0|3
7795,4,False,4,10,4,2|9|4|4|2|2|2|4|9|8|9|4|3|4|9
7826,4,True,6,13,6,6|9|6|4|6|6|6|0|6|4|6|6|6|6|6
7833,4,True,1,15,1,1|7|1|1|1|1|7|7|1|7|1|7|1|1|7
7850,7,False,7,2,7,7|7|3|7|7|7|3|7|7|7|7|7|7|7|7
7860,2,True,3,11,3,3|3|3|2|2|3|0|3|2|2|3|8|1|1|3
7868,7,True,1,9,1,1|1|7|1|7|1|1|4|1|1|7|7|7|1|7
7880,4,True,3,14,0,0|0|6|4|8|8|6|0|0|0|6|0|0|0|0
7907,3,True,7,12,7,3|3|7|2|7|7|7|5|7|3|7|7|1|7|7
7911,1,True,5,8,1,1|3|1|1|1|1|5|5|1|7|1|5|5|5|5
7917,9,True,4,15,0,0|8|2|0|0|1|0|0|0|0|0|6|0|2|0
7932,9,True,4,8,9,3|4|4|4|9|9|3|3|9|9|9|9|4|4|9
7945,1,True,5,11,5,1|1|5|5|7|7|5|5|7|7|1|5|7|1|5
7957,9,True,8,13,8,8|8|8|8|8|5|8|3|9|8|8|3|3|8|9
7966,3,True,5,12,5,1|3|1|1|5|1|5|5|3|3|7|5|5|5|5
7971,5,False,5,10,7,5|7|7|7|7|5|7|5|7|7|1|7|5|5|7
7994,4,True,6,5,4,8|2|4|4|4|2|6|4|6|4|4|4|4|4|4
8003,9,True,4,8,4,9|9|4|4|4|9|4|9|9|4|9|4|4|4|9
8017,7,True,8,11,8,8|8|7|8|7|8|7|8|8|8|8|8|7|8|9
8027,2,False,2,10,2,8|3|6|0|2|1|0|2|2|3|1|8|1|2|2
8028,6,True,9,15,5,5|9|5|9|5|5|5|9|5|5|5|5|5|5|5
8030,6,True,0,3,6,6|0|0|6|6|0|6|6|6|6|6|6|6|6|6
8035,6,False,6,7,6,6|3|3|4|6|6|0|0|0|6|1|6|6|6|6
8055,3,False,3,10,2,3|2|6|2|2|6|2|2|2|3|1|3|3|2|3
8105,6,True,0,12,0,8|5|0|6|6|0|8|0|6|0|1|0|0|0|0
8115,2,True,9,7,2,9|2|2|2|2|9|9|2|2|2|2|9|5|9|9
8156,2,False,2,13,0,0|3|0|4|0|0|0|2|0|0|0|0|2|0|0
8169,5,True,9,1,5,5|5|5|9|5|5|5|5|5|5|5|5|5|5|5
8173,0,True,2,5,0,0|2|2|0|0|0|0|2|2|0|0|0|0|0|2
8182,7,False,7,1,7,7|7|7|7|7|7|7|2|7|7|7|7|7|7|7
8187,5,False,5,10,7,7|5|7|1|5|7|7|5|7|2|5|7|7|7|5
8196,2,False,2,13,0,8|8|2|4|0|0|3|6|2|4|0|0|0|0|0
8202,2,True,5,15,5,1|5|1|1|5|1|5|5|1|5|1|5|1|5|5
8258,9,True,4,13,-1,9|3|4|9|2|0|0|0|4|4|0|0|6|4|4
8275,2,True,9,15,5,9|5|5|5|5|5|5|5|5|5|5|5|5|5|5
8307,3,True,8,13,8,8|8|8|8|8|8|8|3|8|8|8|8|3|8|9
8311,7,False,7,1,7,7|4|7|7|7|7|7|7|7|7|7|7|7|7|7
8315,1,False,1,3,1,1|1|7|1|1|1|7|1|1|7|1|1|1|1|1
8337,7,False,7,4,7,9|3|7|7|7|7|7|7|2|3|7|7|7|7|7
8351,9,True,4,10,4,9|9|4|4|9|4|2|9|4|9|4|4|4|4|4
8353,6,True,9,15,5,9|5|5|5|5|5|5|5|5|5|5|5|5|5|5
8358,7,False,7,7,7,9|7|2|7|7|9|7|7|7|7|7|9|3|9|9
8386,4,True,1,14,1,1|7|1|7|1|1|0|4|1|7|1|1|7|7|0
8401,5,True,9,3,5,5|9|5|5|9|5|5|5|5|5|9|5|5|5|5
8407,4,False,4,11,9,4|9|9|9|9|9|4|9|9|4|4|9|9|9|9
8439,6,True,9,15,5,5|5|5|9|5|5|5|5|5|5|5|9|5|5|5
8460,3,True,2,13,0,0|0|2|8|0|8|0|0|8|3|0|2|3|0|2
8494,8,False,8,3,8,8|8|8|8|8|3|8|8|8|8|8|8|3|8|3
8496,0,True,2,13,2,0|2|2|2|2|8|8|2|2|6|0|8|2|2|2
8507,9,True,4,15,4,6|4|6|0|6|0|2|4|8|4|2|4|4|4|2
8518,9,True,4,15,4,4|4|4|4|6|6|4|4|4|4|4|4|4|4|4
8547,3,True,8,7,3,3|3|3|8|8|8|8|3|8|3|3|8|3|8|3
8549,9,False,9,14,5,5|5|5|5|5|5|5|5|8|5|5|9|5|5|5
8555,9,True,7,10,7,9|9|7|7|7|9|7|9|7|7|7|7|7|9|7
8580,4,False,4,5,4,8|4|4|4|8|4|2|9|4|4|4|4|4|9|4
8581,8,False,8,9,8,4|8|5|8|7|3|8|3|2|8|8|7|8|5|9
8593,0,True,2,3,0,0|2|2|0|0|0|0|0|0|0|2|0|0|0|0
8609,7,False,7,1,7,9|7|7|7|7|7|7|7|7|7|7|7|7|7|7
8610,1,False,1,6,1,0|1|1|1|0|1|0|0|1|1|0|1|0|1|1
8632,8,False,8,2,8,8|8|8|8|3|8|8|8|8|8|8|8|8|8|3
8647,6,True,3,14,3,3|3|3|2|1|6|3|3|3|3|2|3|3|2|3
8669,4,False,4,9,9,9|9|4|4|4|9|9|4|9|4|9|9|4|9|9
8693,2,False,2,13,9,9|9|3|4|6|4|2|2|6|4|9|9|9|9|9
8746,9,True,4,14,4,4|4|4|4|6|6|4|4|4|9|4|4|4|4|4
8761,5,True,9,1,5,5|5|5|9|5|5|5|5|5|5|5|5|5|5|5
8768,3,False,3,7,3,3|3|2|2|2|3|3|2|3|3|2|3|3|2|2
8787,9,True,4,8,9,9|9|4|4|9|9|2|9|9|4|9|4|4|4|0
8801,6,True,1,14,1,1|1|1|1|1|1|1|1|1|1|1|1|1|1|6
8849,5,True,9,3,5,4|9|5|5|5|5|9|5|5|5|5|5|5|5|5
8881,3,False,3,13,4,1|4|0|4|6|6|3|4|4|3|0|8|1|4|2
8893,3,True,7,15,7,7|7|7|2|7|7|7|7|7|7|7|7|7|7|7
8924,0,False,0,15,6,3|9|4|6|6|6|3|4|4|4|6|6|4|6|6
8933,6,False,6,15,4,9|4|4|4|4|9|4|4|4|4|9|9|4|9|9
8940,3,False,3,3,3,3|3|6|2|3|3|3|3|3|3|3|3|3|3|2
8969,9,True,8,15,0,0|8|3|0|6|8|0|0|0|0|8|0|1|1|0
9003,6,True,0,5,6,6|6|6|6|6|0|0|6|6|6|6|0|0|0|6
9007,6,True,0,14,3,6|3|3|2|3|3|8|3|2|8|3|3|3|8|3
9035,9,True,8,15,8,8|0|1|0|1|8|8|8|0|8|8|8|8|0|4
9052,0,True,2,3,0,0|2|0|0|0|0|0|2|2|0|0|0|0|0|0
9057,5,False,5,7,5,5|7|7|7|7|5|5|5|7|5|5|7|5|5|7
9092,3,False,3,8,3,4|4|3|4|9|6|2|3|9|3|3|3|3|4|3
9104,7,True,5,10,-1,7|2|8|8|5|5|7|5|5|3|1|7|7|7|5
9105,6,True,1,14,1,1|1|1|1|1|1|1|6|1|1|7|1|1|7|7
9120,7,True,5,15,5,3|5|3|5|5|1|5|5|5|5|5|5|5|5|3
9122,2,False,2,10,-1,8|2|0|3|8|8|6|2|2|0|2|8|8|3|2
9145,5,True,9,11,9,5|8|9|5|2|5|9|2|2|9|9|9|9|5|2
9157,0,False,0,7,0,6|0|6|6|0|0|0|0|0|6|0|6|6|6|0
9192,8,False,8,3,8,8|8|8|8|7|8|8|8|8|7|7|8|8|8|8
9199,0,True,2,6,0,0|2|2|0|0|0|8|2|0|2|2|0|0|0|0
9201,5,False,5,14,7,3|1|7|4|7|1|7|5|1|2|7|7|7|7|7
9209,9,True,4,8,9,9|3|4|4|9|1|8|4|9|9|9|9|4|9|4
9211,5,True,9,1,5,5|5|5|5|5|5|5|9|5|5|5|5|5|5|5
9220,9,True,7,15,7,5|7|7|1|5|7|7|7|7|7|7|7|7|5|5
9236,7,False,7,3,7,7|7|7|7|8|7|7|9|2|7|7|7|7|7|7
9255,5,True,9,1,5,5|5|5|9|5|5|5|5|5|5|5|5|5|5|5
9261,2,True,3,13,3,3|2|2|3|3|6|0|3|0|3|6|3|3|3|6
9275,6,True,9,15,-1,9|9|2|2|2|7|9|2|2|2|9|7|9|7|9
9294,0,False,0,7,0,0|6|6|6|6|0|6|0|6|6|0|0|0|0|0
9305,0,True,2,13,4,4|2|4|4|0|0|2|4|4|4|4|4|4|4|4
9309,2,False,2,9,2,0|3|2|2|2|6|0|2|2|0|3|4|2|0|4
9325,6,True,0,1,6,6|6|6|6|6|6|6|6|4|6|6|6|6|6|6
9334,0,False,0,10,6,6|0|4|6|6|0|6|4|6|6|0|0|6|0|6
9368,1,True,5,12,5,5|7|1|1|1|5|7|2|5|5|7|7|7|5|5
9388,6,False,6,13,0,0|2|6|0|0|0|8|0|2|8|0|0|6|0|2
9391,6,True,3,13,3,3|3|6|2|3|6|3|3|3|3|3|3|3|2|3
9397,0,True,2,14,4,4|2|6|4|2|0|6|4|4|4|3|4|4|4|4
9430,4,True,6,2,4,4|4|4|4|6|4|4|4|4|4|0|4|4|4|4
9431,3,False,3,7,3,3|3|2|2|3|3|3|2|3|2|2|3|3|2|2
9475,5,False,5,4,5,5|5|7|5|5|5|5|5|2|7|7|5|5|5|5
9510,5,False,5,12,1,1|3|3|2|1|7|5|2|2|7|1|1|1|5|5
9542,9,True,7,14,7,7|7|7|7|9|7|7|7|7|7|7|7|7|7|7
9572,4,False,4,10,-1,9|9|6|4|9|0|4|6|6|6|4|3|4|4|6
9580,5,True,9,5,5,9|2|5|5|9|5|5|5|9|5|5|5|5|5|9
9601,4,True,6,1,4,4|4|4|4|4|4|2|4|4|4|4|4|4|4|4
9618,1,False,1,7,1,0|0|1|1|1|1|0|0|1|7|1|1|1|0|0
9626,6,False,6,7,6,6|6|0|0|6|6|0|0|6|0|6|6|0|6|0
9630,9,False,9,15,5,5|5|5|5|5|5|5|5|5|5|5|5|5|5|5
9633,3,True,7,15,7,7|7|9|7|7|7|7|2|2|7|7|7|9|5|7
9651,2,False,2,14,0,0|0|0|4|0|0|0|2|4|0|0|4|0|0|0
9681,2,True,9,15,5,9|5|5|5|5|5|5|9|9|9|5|5|5|5|5
9685,0,False,0,7,0,0|6|0|0|0|6|0|0|6|6|0|6|6|0|6
9699,9,True,7,15,7,7|7|7|2|7|7|7|7|7|7|7|7|7|7|7
9711,9,True,6,13,8,3|8|3|6|8|0|8|8|9|8|9|3|3|4|8
9733,6,True,0,12,8,3|8|8|3|6|0|8|4|8|8|0|6|8|4|6
9753,8,True,6,15,4,6|9|2|4|6|0|2|6|9|6|4|4|4|4|4
9795,9,True,4,0,9,9|9|9|9|9|9|9|9|9|9|9|9|9|9|9
9805,6,True,0,9,3,6|3|3|3|6|6|3|3|2|6|3|4|6|3|6
9819,3,False,3,2,3,3|3|3|6|3|3|3|3|3|3|3|3|6|3|3
9820,8,True,2,15,-1,1|4|6|0|6|1|0|2|4|4|0|4|2|5|0
9831,4,False,4,14,0,0|0|0|0|0|0|3|2|2|2|0|4|3|0|0
9855,2,True,3,6,2,3|3|2|2|2|2|3|2|2|3|2|3|2|3|2
9865,6,True,0,5,6,0|0|6|0|6|0|6|6|6|6|6|6|6|6|0
9884,3,True,8,9,8,8|3|8|3|8|8|8|3|8|8|8|3|3|8|3
9916,9,False,9,13,5,6|5|5|5|5|9|5|5|5|5|9|5|5|5|5
9923,5,False,5,7,5,7|5|7|7|7|1|5|5|5|5|5|7|7|5|5
9971,5,False,5,8,-1,7|7|5|7|7|5|7|5|7|5|5|1|7|5|5
9989,3,False,3,14,7,9|2|7|7|7|1|7|6|7|7|7|7|2|6|3
9990,7,False,7,13,5,5|5|2|9|1|5|5|2|8|7|2|5|7|5|5
10001,4,True,7,15,7,7|5|2|5|5|7|3|5|7|7|7|7|7|7|7
10030,1,True,8,11,8,8|1|8|8|1|1|8|8|8|8|8|8|8|1|8
10058,5,False,5,5,5,5|5|5|1|1|1|5|2|5|5|5|5|1|5|5
10059,9,False,9,10,5,5|5|5|5|9|5|5|9|9|5|5|9|5|5|9
10061,3,False,3,3,3,3|3|6|3|3|3|3|3|3|3|2|3|6|3|3
10070,2,True,9,15,5,9|5|5|5|5|5|5|5|5|5|5|5|5|5|5
10079,6,True,0,3,6,6|6|6|6|6|6|6|6|6|6|0|0|6|0|6
10100,2,True,5,9,-1,0|5|6|2|2|5|5|2|2|2|7|5|5|5|2
10109,7,True,1,6,7,7|7|7|1|7|1|7|7|1|7|1|1|7|1|7
10122,6,False,6,15,4,9|4|4|4|9|4|4|9|4|4|4|4|4|4|4
10127,4,True,6,11,-1,6|4|4|6|8|3|6|3|6|4|4|3|0|2|9
10129,0,True,1,9,1,0|1|1|1|0|1|1|0|1|2|0|1|0|1|0
10133,5,False,5,9,7,7|5|1|7|7|1|7|5|7|7|5|5|5|5|7
10176,6,True,2,13,3,3|2|3|4|3|6|6|4|3|3|3|0|2|2|4
10180,9,False,9,14,5,5|5|5|9|5|5|5|5|5|5|5|5|5|5|5
10209,5,False,5,6,5,9|5|5|9|5|9|5|5|5|0|9|9|5|5|5
10214,6,True,0,5,6,6|0|6|0|0|6|0|6|6|6|0|6|6|6|6
10234,5,False,5,8,7,5|5|7|7|7|5|5|5|7|5|7|5|7|7|7
10256,5,True,9,3,5,5|9|5|5|5|9|5|5|5|5|5|9|5|5|5
10258,9,True,7,7,9,9|9|7|9|7|9|9|7|9|7|7|7|7|9|9
10279,3,True,8,8,8,3|3|8|8|8|8|3|3|8|8|8|3|3|8|3
10281,3,True,5,15,5,1|5|7|2|5|1|7|5|7|5|5|7|7|5|9
10284,9,True,4,15,0,0|8|4|2|0|0|2|0|0|4|0|4|0|2|4
10292,6,True,0,5,6,3|2|6|6|0|6|0|6|6|4|6|6|6|6|6
10297,7,True,5,15,5,5|5|5|5|5|5|5|5|8|5|5|5|5|5|5
10303,6,True,0,7,6,0|0|6|0|6|6|6|0|6|6|6|6|0|0|0
10319,5,True,9,4,5,9|5|5|9|5|5|5|5|5|9|5|9|5|5|5
10329,9,True,4,1,9,9|9|9|4|9|9|9|9|9|9|9|9|9|9|9
10347,0,True,2,6,0,0|2|2|0|0|2|0|2|0|0|0|0|2|0|2
10362,3,True,8,11,8,8|8|8|8|8|3|8|8|3|8|8|8|3|8|3
10378,6,True,0,4,6,0|3|6|6|6|6|0|6|6|6|6|0|6|6|6
10396,0,False,0,9,6,6|6|6|6|6|0|0|0|6|6|0|0|6|0|6
10405,7,False,7,2,7,7|7|7|7|7|7|7|7|7|3|7|7|3|7|7
10430,6,True,0,10,0,0|0|6|0|6|0|6|0|6|0|0|0|6|0|0
10432,2,True,3,4,2,3|2|2|2|2|3|9|2|2|2|2|3|2|2|2
10443,6,True,2,15,4,9|3|4|9|9|4|4|4|2|4|2|4|2|8|2
10446,8,False,8,8,3,8|8|3|8|3|3|3|3|8|8|3|8|3|8|3
10453,9,False,9,15,5,5|5|5|5|5|5|5|5|5|5|5|5|5|5|5
10458,6,True,0,6,6,0|3|6|0|0|8|6|6|6|6|6|3|6|6|6
10462,2,False,2,12,0,0|0|0|0|2|0|0|2|0|0|2|0|0|0|0
10477,8,False,8,2,8,8|8|8|8|3|8|8|8|8|8|8|8|8|8|9
10515,9,True,4,1,9,9|9|4|9|9|9|9|9|9|9|9|9|9|9|9
10547,3,False,3,4,3,3|3|3|2|2|3|8|3|3|3|3|3|3|2|3
10558,9,True,7,15,7,7|7|7|7|7|7|7|7|7|7|7|7|7|7|7
10562,6,True,0,4,6,0|6|4|6|6|0|6|6|6|6|6|0|6|6|6
10571,5,True,9,4,5,9|5|2|5|5|5|5|5|5|5|9|9|5|5|5
10600,4,False,4,6,4,4|4|9|4|4|9|4|9|4|4|9|4|4|9|9
10610,9,False,9,8,5,9|5|5|9|9|5|9|9|9|9|5|5|5|5|5
10644,2,True,9,12,-1,9|5|7|2|9|5|9|2|8|7|2|1|5|5|9
10653,4,True,6,12,9,9|4|9|4|9|9|4|9|9|9|9|9|9|9|9
10702,9,True,4,12,4,4|4|2|9|9|2|2|4|4|9|4|4|4|4|2
10707,5,False,5,5,5,5|5|7|1|5|5|5|2|7|7|5|5|5|5|5
10732,5,True,9,0,5,5|5|5|5|5|5|5|5|5|5|5|5|5|5|5
10739,5,True,9,1,5,5|5|5|5|9|5|5|5|5|5|5|5|5|5|5
10746,6,False,6,15,2,8|2|8|3|1|2|2|2|2|8|0|8|2|2|1
10748,9,True,8,14,8,8|8|8|8|3|8|8|8|8|3|8|8|8|8|9
10784,8,False,8,12,3,3|6|6|3|8|3|3|8|2|0|6|6|8|3|9
10790,2,True,3,12,3,3|3|6|3|2|6|3|2|3|3|2|3|3|3|3
10825,5,True,9,14,7,9|9|7|9|7|9|7|7|7|9|7|7|7|5|7
10855,2,True,5,15,5,7|3|5|1|5|1|5|5|5|5|3|5|1|5|7
10859,8,False,8,10,8,0|0|1|0|0|8|6|8|7|3|8|8|8|1|4
10907,1,True,5,12,5,1|5|3|1|5|5|5|5|2|3|1|5|5|5|3
10919,9,True,7,13,7,9|7|7|7|7|7|7|7|7|7|7|7|7|9|7
10921,4,False,4,15,1,6|3|1|1|1|0|1|3|6|2|1|6|0|6|1
10949,6,True,0,6,6,0|0|6|6|0|6|6|0|6|6|0|0|6|6|6
10960,9,False,9,13,5,5|5|7|2|5|5|5|5|2|5|5|9|5|5|9
10971,8,False,8,5,8,8|8|1|8|9|6|8|8|8|8|8|8|8|5|9
10974,3,False,3,11,6,3|3|6|6|0|6|6|3|0|6|2|6|6|3|6
11008,7,True,1,15,1,1|1|1|1|1|1|2|2|3|1|1|1|3|1|3
11009,0,True,1,6,0,0|0|1|0|0|1|0|0|1|1|0|0|1|1|0
11016,6,True,0,7,6,6|6|6|6|0|6|0|0|6|6|0|3|0|4|6
11028,5,False,5,8,5,1|7|5|7|7|5|7|2|5|5|5|7|7|5|5
11033,5,True,9,3,5,5|3|5|5|5|5|5|5|5|5|7|5|7|5|5
11039,9,True,7,13,7,9|7|7|7|7|7|7|7|7|7|7|7|7|9|7
11054,4,False,4,11,9,9|9|9|9|9|9|9|9|9|4|4|4|4|9|9
11064,9,True,4,1,9,9|9|9|9|9|9|9|9|9|4|9|9|9|9|9
11075,9,False,9,7,9,9|7|7|7|9|9|7|9|7|9|7|9|7|9|9
11090,2,True,3,12,3,3|3|2|3|3|3|3|3|2|3|3|3|3|2|3
11097,4,True,5,15,7,7|2|7|7|7|7|5|5|7|5|7|7|5|5|7
11160,0,True,1,14,1,0|1|1|1|1|1|1|1|1|7|1|1|7|1|1
11169,9,True,8,15,3,8|3|3|8|3|3|3|3|8|3|8|8|8|5|3
11191,9,True,4,10,4,4|9|4|9|9|0|2|9|9|0|6|4|4|4|4
11196,9,True,7,11,7,9|7|7|9|9|7|7|7|9|7|7|7|7|7|7
11199,9,True,4,15,4,4|4|4|4|4|6|4|4|4|4|4|4|4|4|4
11204,5,True,8,15,8,8|8|8|8|8|8|8|8|8|8|8|8|8|8|8
11225,2,False,2,13,9,2|3|9|4|9|9|4|9|2|4|1|9|4|4|9
11228,0,False,0,8,6,0|0|6|0|0|6|6|6|6|6|6|6|0|0|0
11245,5,True,9,2,5,5|5|5|5|5|5|5|9|5|5|9|5|5|5|5
11246,9,True,4,15,3,3|3|3|3|2|6|3|3|6|3|3|3|3|3|3
11304,9,True,4,1,9,9|9|4|9|9|9|9|9|9|9|9|9|9|9|9
11308,7,True,1,7,7,1|7|1|7|7|1|1|7|1|7|7|1|7|1|7
11353,2,False,2,15,4,4|4|4|6|4|0|4|4|4|4|4|4|4|0|4
11405,2,True,3,4,2,3|2|2|2|2|2|2|2|2|3|2|3|3|2|2
11434,3,False,3,10,6,3|3|3|2|6|1|6|6|6|6|3|6|3|1|0
11470,5,False,5,6,5,5|5|7|7|7|5|5|5|2|5|7|7|5|5|5
11489,8,False,8,2,8,8|8|8|1|1|8|8|8|8|8|8|8|8|8|8
11519,9,True,4,6,9,9|9|3|4|9|9|4|9|9|4|9|3|4|9|9
11524,8,False,8,1,8,8|8|3|8|8|8|8|8|8|8|8|8|8|8|8
11565,7,True,8,11,8,8|8|8|8|7|7|8|8|8|8|7|1|7|8|2
11573,8,False,8,9,8,1|8|8|8|1|6|3|7|1|3|1|5|8|8|8
11577,8,False,8,5,8,8|8|8|8|3|8|8|3|8|3|8|8|3|8|3
11580,3,False,3,7,3,3|3|4|3|3|6|6|3|3|3|2|4|3|4|6
11590,9,True,4,13,4,4|4|4|4|4|9|4|4|4|9|4|4|4|4|4
11652,8,False,8,1,8,8|8|8|8|8|8|8|8|8|8|8|8|8|8|9
11659,0,True,2,7,0,0|0|2|2|2|0|0|2|2|0|2|0|0|0|2
11661,6,False,6,6,6,0|0|6|0|6|6|0|6|6|6|0|6|6|0|6
11663,3,False,3,14,4,9|4|4|4|9|4|4|4|4|3|4|4|4|4|9
11665,7,True,8,11,8,8|2|7|8|7|0|0|8|2|8|7|8|8|8|7
11673,8,True,7,15,-1,9|5|5|9|7|7|7|9|9|7|9|9|7|7|5
11674,4,True,6,7,4,4|4|6|4|6|6|6|4|4|8|1|4|6|4|4
11679,9,False,9,13,5,5|5|5|9|5|5|5|5|9|5|5|5|5|5|5
11697,6,False,6,15,4,4|4|4|4|4|4|2|4|4|4|4|4|4|0|4
11700,2,False,2,3,2,0|2|2|2|2|0|2|2|2|6|2|2|2|2|2
11711,8,False,8,3,8,8|8|7|8|8|8|7|8|7|8|8|8|8|8|8
11726,3,True,8,6,3,8|3|8|3|8|3|8|3|8|3|3|3|3|8|3
11744,6,True,0,6,6,0|6|6|0|0|0|6|6|0|6|0|6|6|6|6
11751,6,True,1,13,1,1|1|1|1|1|1|1|4|1|1|6|1|7|6|3
11760,1,True,8,15,8,8|8|8|8|7|8|8|8|8|7|7|8|8|8|8
11764,4,True,6,3,4,4|9|4|4|4|9|4|4|4|4|9|4|4|4|4
11772,5,True,9,6,5,9|5|5|9|9|5|5|9|5|5|9|9|5|5|5
11788,9,True,7,12,7,7|7|7|7|9|9|7|1|7|9|7|7|7|7|7
11793,1,True,8,9,8,8|1|1|8|1|1|1|5|8|8|8|8|1|8|8
11794,8,False,8,8,8,3|8|8|3|8|3|3|3|2|8|8|8|8|3|5
11800,7,False,7,3,7,7|3|2|7|7|7|7|7|7|7|7|7|7|9|7
11806,7,True,1,4,7,7|7|1|7|7|1|7|7|1|7|7|7|1|7|7
11823,6,False,6,15,0,4|2|0|0|0|0|0|0|0|2|0|0|0|0|2
11841,9,False,9,13,5,4|5|5|9|5|5|5|5|9|5|5|5|5|5|5
11866,6,True,0,9,0,0|6|6|0|6|6|0|6|0|6|0|0|0|0|0
11873,4,True,6,2,4,4|4|4|4|6|4|4|4|4|6|4|4|4|4|4
11875,9,True,4,13,4,4|9|4|4|3|4|4|3|9|4|8|4|3|4|3
11886,4,True,6,3,4,4|4|4|4|6|6|6|4|4|4|4|4|4|4|4
11889,2,False,2,12,-1,0|0|8|0|0|3|3|8|2|4|7|8|8|2|2
11895,6,True,9,15,5,5|5|5|9|9|5|9|5|5|5|5|9|5|9|5
11902,4,False,4,9,-1,9|9|3|9|9|2|4|9|2|4|9|4|4|4|4
11977,6,False,6,5,6,0|5|6|4|6|6|6|6|6|6|6|0|6|0|6
11981,0,False,0,7,0,0|0|6|0|6|0|0|0|6|6|0|6|6|6|0
12016,9,True,6,15,6,8|2|4|6|6|6|6|4|4|2|2|0|6|4|2
12017,9,True,4,8,4,9|4|4|4|9|9|4|9|4|4|9|4|4|9|9
12054,7,False,7,0,7,7|7|7|7|7|7|7|7|7|7|7|7|7|7|7
12083,0,False,0,7,0,0|0|6|6|6|6|6|6|0|0|0|0|6|0|0
12084,7,False,7,6,7,9|7|7|9|7|9|7|9|7|7|7|9|7|5|7
12089,0,True,1,10,0,3|3|1|0|0|0|0|8|1|1|2|3|0|1|3
12095,6,False,6,3,6,6|6|6|6|6|0|6|6|6|6|0|6|6|0|6
12113,7,True,8,11,8,7|7|8|8|8|1|7|3|9|8|8|7|8|5|8
12141,0,False,0,14,6,6|6|6|6|6|6|6|6|6|6|6|0|6|6|6
12192,9,True,6,15,4,3|2|4|4|1|2|6|6|2|2|3|4|4|4|0
12196,9,True,4,5,9,9|9|4|9|9|9|4|9|9|9|4|9|4|4|9
12206,5,True,9,0,5,5|5|5|5|5|5|5|5|5|5|5|5|5|5|5
12210,4,False,4,14,0,0|2|4|0|0|0|2|0|2|0|0|8|0|2|2
12225,4,False,4,14,9,9|9|9|9|9|9|9|9|9|9|9|9|4|9|9
12230,2,True,7,15,7,9|7|7|9|7|7|7|7|9|7|7|7|7|7|7
12262,1,False,1,4,1,1|1|1|1|0|1|0|0|1|1|1|1|1|1|0
12277,6,True,0,5,6,6|2|6|6|6|6|6|6|6|6|0|0|6|0|0
12299,3,True,2,15,0,0|2|1|0|0|0|2|0|2|0|2|0|2|0|2
12301,9,True,4,13,4,9|4|4|4|4|0|4|4|4|9|0|4|4|4|0
12321,1,False,1,10,0,0|0|1|1|0|1|0|0|1|0|0|1|0|0|0
12325,2,True,9,12,9,9|9|2|9|2|5|7|9|2|9|7|9|5|5|9
12339,2,True,5,15,5,5|5|5|1|5|7|5|5|8|7|7|7|5|5|5
12357,9,True,4,12,4,0|9|0|4|0|9|0|4|4|9|4|4|4|4|4
12363,9,True,7,8,7,9|7|7|9|9|9|9|7|9|7|7|9|7|7|7
12369,0,False,0,10,6,6|0|6|0|0|6|0|6|6|6|6|0|6|6|6
12419,0,True,2,8,2,0|2|2|2|2|2|2|0|2|0|0|0|0|0|2
12453,0,True,1,10,1,1|1|1|1|0|1|0|0|1|0|1|1|0|1|1
12490,4,True,6,15,6,6|6|6|6|6|6|6|6|6|6|6|6|6|6|6
12513,2,True,3,14,3,3|3|3|6|2|3|3|3|3|3|3|3|6|0|3
12619,9,True,6,14,4,4|2|4|4|1|1|4|8|9|1|8|4|3|5|2
12622,0,True,1,13,1,0|1|1|1|1|1|1|0|1|1|1|1|1|1|1
12633,6,False,6,12,4,0|8|2|4|6|4|4|4|6|6|8|4|0|4|4
12651,6,True,3,15,3,3|3|2|3|3|3|3|3|2|3|3|3|3|3|3
12667,6,True,0,3,6,6|9|6|6|6|6|6|6|6|0|0|6|6|6|6
12713,4,False,4,10,9,9|9|4|4|9|9|4|9|9|9|9|4|4|9|9
12719,2,True,3,10,3,3|2|3|2|2|3|3|3|3|3|2|3|3|2|3
12720,6,False,6,14,-1,9|3|4|4|2|6|3|2|4|2|2|4|0|4|2
12725,7,True,8,8,8,8|7|7|8|7|8|8|7|7|8|7|8|7|8|8
12728,9,False,9,15,5,5|5|5|5|7|5|5|5|5|5|5|5|5|5|5
12743,4,True,6,6,4,6|4|6|4|4|0|6|0|4|4|4|4|6|4|4
12749,9,True,4,9,-1,9|9|4|6|4|2|2|9|4|9|9|4|4|4|9
12763,3,True,5,14,5,7|5|1|1|2|1|5|2|5|3|5|9|9|5|5
12764,3,True,2,12,4,9|3|3|6|4|4|6|0|3|2|2|4|4|4|9
12769,0,True,2,12,2,0|2|2|3|2|0|2|0|2|9|2|1|2|2|2
12804,3,True,8,9,8,8|3|8|8|8|8|8|3|3|3|8|8|3|8|3
12823,5,True,8,15,8,8|8|3|8|8|3|8|3|8|8|3|3|8|8|3
12850,9,False,9,14,5,5|5|5|9|5|5|5|5|5|5|5|5|5|5|5
12853,3,False,3,6,3,3|2|3|6|3|6|3|3|3|3|0|6|3|6|3
12870,7,False,7,11,7,2|2|7|7|0|6|8|7|2|1|1|7|8|5|9
12871,1,True,8,10,8,8|1|1|8|8|8|7|8|1|1|8|8|8|1|8
12884,4,True,6,7,4,4|4|4|4|6|6|6|3|8|3|4|4|4|4|9
12901,3,False,3,6,3,3|2|3|2|2|3|3|3|2|2|3|3|3|2|3
12905,1,False,1,8,0,0|1|1|1|0|1|0|0|1|0|1|1|0|0|0
12914,5,True,9,5,5,5|9|5|9|9|5|5|5|9|5|5|5|5|9|5
12920,6,True,0,5,6,0|6|6|0|6|6|6|6|6|6|0|6|0|0|6
12932,9,True,8,14,8,8|8|3|3|8|8|8|3|2|8|8|8|8|8|9
12958,5,True,9,7,5,5|7|7|9|5|5|5|9|5|5|7|9|5|5|9
12987,8,True,2,14,6,0|4|4|0|6|8|6|0|6|6|0|4|0|6|6
12990,0,False,0,10,6,6|0|6|0|6|6|6|6|6|6|0|6|6|0|0
13022,3,True,8,11,8,3|8|8|8|8|8|8|3|8|8|8|3|8|8|3
13028,0,False,0,10,6,6|8|6|0|6|0|0|6|6|6|6|0|6|0|6
13029,9,False,9,14,5,5|5|5|5|5|5|5|5|5|5|9|5|5|5|5
13041,4,True,6,3,4,4|4|4|4|6|2|4|4|4|4|1|4|4|4|4
13066,6,True,0,7,6,0|8|6|0|0|6|0|0|6|6|6|6|6|0|6
13087,0,False,0,12,6,0|8|6|6|8|6|6|8|6|0|0|6|6|6|6
13088,1,True,5,10,5,5|1|7|5|1|5|5|3|1|5|1|7|1|5|5
13099,6,True,0,9,0,0|0|6|6|6|0|0|0|6|6|0|6|0|0|0
13105,4,True,7,14,7,4|7|7|7|7|7|7|7|7|7|7|7|7|7|7
13131,3,True,7,15,7,7|2|7|7|7|7|7|7|7|7|7|7|7|7|7
13139,4,True,1,15,1,1|1|7|1|1|1|1|5|1|1|1|1|1|1|7
13152,5,True,9,0,5,5|5|5|5|5|5|5|5|5|5|5|5|5|5|5
13199,1,False,1,5,1,0|2|1|2|7|1|1|6|1|1|1|1|1|1|1
13239,3,True,5,13,7,7|5|5|7|7|1|3|7|7|7|5|7|9|7|3
13255,7,True,8,13,8,8|8|7|8|8|8|8|8|1|8|7|8|8|8|8
13260,2,True,3,14,6,0|4|6|3|6|6|3|2|0|6|3|3|3|6|6
13298,0,True,2,8,0,0|2|2|0|8|0|2|6|0|2|0|0|0|2|2
13301,3,True,7,15,7,7|5|7|7|5|7|7|7|7|7|7|7|7|7|7
13302,6,True,0,6,6,0|3|2|6|6|6|6|6|6|6|1|0|6|0|6
13316,7,False,7,6,7,9|7|7|7|9|7|7|7|9|7|7|9|7|9|9
13333,5,False,5,15,7,7|7|7|9|7|7|7|7|7|7|7|7|7|9|7
13352,2,True,3,14,3,3|3|3|3|2|3|3|3|3|3|3|3|3|3|3
13354,6,True,0,6,6,8|6|6|0|0|6|6|0|6|6|1|6|6|6|0
13362,5,True,9,1,5,5|5|5|5|5|5|5|5|5|9|5|5|5|5|5
13376,3,False,3,9,3,3|2|2|6|6|3|0|6|2|3|3|3|3|0|0
13386,6,False,6,14,0,0|2|2|0|6|0|0|0|0|0|0|0|0|0|0
13392,3,True,2,13,4,9|2|4|4|9|5|4|3|2|4|2|4|3|4|2
13416,3,True,8,11,8,8|8|3|8|8|8|8|3|8|8|8|3|8|8|3
13446,7,True,1,8,1,1|1|7|7|7|1|1|7|1|7|1|7|1|1|7
13453,0,True,2,4,0,0|0|2|2|0|0|0|0|0|0|2|0|0|0|2
13458,9,True,8,15,8,8|8|8|8|8|8|8|8|5|8|3|8|8|8|8
13459,6,False,6,14,4,4|4|4|4|6|4|2|4|4|4|4|4|4|4|4
13469,2,True,9,9,-1,9|9|2|2|2|5|9|2|2|2|5|9|5|9|9
13474,4,False,4,4,4,4|9|4|4|4|4|2|4|0|9|4|4|4|4|4
13545,6,True,3,14,3,3|3|3|4|2|6|4|3|2|3|2|3|3|0|3
13587,5,True,9,0,5,5|5|5|5|5|5|5|5|5|5|5|5|5|5|5
13588,6,False,6,14,4,4|9|6|4|4|0|2|0|8|4|9|4|4|9|4
13593,0,True,7,15,7,7|7|7|7|7|7|7|7|7|7|7|7|7|9|7
13599,4,False,4,5,4,4|3|4|4|4|9|6|4|4|4|4|4|9|4|9
13601,6,True,4,14,4,4|8|4|4|2|8|6|4|8|8|8|4|4|2|4
13605,5,True,9,2,5,5|5|5|5|5|5|5|5|5|9|5|9|5|5|5
13612,5,False,5,13,7,7|5|7|7|5|7|7|4|7|3|7|7|3|7|7
13617,1,False,1,5,1,1|1|1|1|0|1|0|2|1|0|1|1|0|1|1
13619,0,True,2,6,0,0|0|2|0|0|0|0|0|9|3|2|0|2|0|2
13635,0,True,2,8,0,0|2|2|4|0|0|8|2|2|4|0|0|2|0|0
13662,2,False,2,14,4,4|3|4|4|6|6|8|4|8|3|3|4|4|4|2
13724,8,False,8,4,8,8|8|8|8|8|8|3|3|8|8|3|8|8|8|3
13727,8,False,8,10,3,3|3|3|8|8|3|8|3|8|3|3|3|3|8|3
13749,6,True,0,9,6,0|4|0|6|0|8|6|0|6|6|6|6|4|0|2
13756,4,True,7,15,7,7|7|7|2|7|7|7|7|7|7|2|7|7|7|7
13758,0,True,1,8,1,1|1|1|1|0|1|0|0|1|1|0|0|0|1|0
13779,6,True,0,9,0,0|0|6|0|0|0|0|6|6|6|0|0|6|0|6
13796,3,True,2,9,3,9|3|3|3|3|9|9|2|2|3|2|4|4|9|3
13814,3,True,5,14,5,5|5|5|2|5|5|5|5|5|5|3|5|7|5|5
13826,1,True,5,13,5,5|5|5|1|1|5|7|5|5|5|5|5|2|5|5
13840,2,True,5,4,2,5|2|2|2|2|2|2|2|2|2|2|2|5|5|5
13858,3,True,8,10,8,3|8|8|8|8|8|8|3|3|8|7|3|3|8|7
13874,7,False,7,5,7,9|7|7|9|7|9|7|9|7|7|7|7|7|9|7
13878,5,True,9,6,5,9|9|9|9|5|5|5|5|5|9|5|9|5|5|5
13883,4,True,1,13,0,0|1|0|0|6|2|0|2|8|0|1|0|4|4|0
13934,0,True,1,10,1,0|1|1|1|0|1|1|0|1|1|0|1|1|1|0
13950,0,False,0,9,6,6|0|1|0|6|6|0|6|6|6|0|0|6|2|0
13968,9,True,4,8,9,9|7|3|4|9|9|1|4|9|4|9|9|4|4|9
14007,9,True,7,14,7,7|3|7|7|7|7|7|7|7|7|2|7|5|9|3
14023,4,True,7,15,7,7|7|7|7|7|7|7|7|2|3|7|7|7|7|7
14036,4,False,4,7,4,9|4|4|4|6|6|2|4|4|9|2|4|4|4|6
14071,5,False,5,5,5,5|5|5|7|5|1|5|5|1|5|7|5|1|5|5
14087,3,True,5,14,5,5|3|5|1|1|1|5|5|5|5|5|5|1|5|5
14088,8,False,8,2,8,8|8|8|1|1|8|8|8|8|8|8|8|8|8|8
14102,8,False,8,1,8,8|8|8|8|8|8|8|8|8|8|8|8|8|8|7
14123,4,True,6,11,0,4|4|2|4|6|0|6|2|0|4|1|0|6|0|0
14134,9,True,4,6,9,9|4|4|4|4|9|9|9|4|9|9|9|9|4|9
14139,4,False,4,9,-1,9|8|4|9|9|8|2|4|9|4|4|4|9|9|4
14142,0,True,2,3,0,0|0|0|0|0|0|0|2|2|0|0|0|0|0|2
14164,6,False,6,2,6,6|6|6|6|6|6|6|0|6|6|6|6|6|4|6
14167,6,True,2,11,4,4|9|6|4|6|9|6|4|9|4|9|6|4|4|9
14183,5,False,5,9,1,1|1|1|1|5|1|5|5|1|5|1|9|3|5|5
14211,3,True,8,15,8,8|8|8|8|8|8|8|8|8|8|8|8|8|8|8
14219,3,True,2,12,4,4|8|4|3|9|6|6|3|8|4|3|4|4|4|6
14228,2,True,3,13,3,3|3|3|4|3|3|3|3|2|3|2|6|3|4|3
14242,0,True,1,12,1,1|1|1|1|1|1|1|1|1|7|1|1|0|0|0
14250,4,True,7,15,7,7|7|7|7|7|5|7|5|5|5|2|1|5|7|7
14258,7,False,7,1,7,7|7|7|7|7|7|7|7|7|4|7|7|7|7|7
14259,1,True,8,13,8,6|1|0|1|8|8|7|6|6|6|8|8|8|2|4
14266,4,True,6,15,-1,0|2|6|0|6|6|0|6|0|6|0|6|0|6|0
14277,3,False,3,13,4,4|4|6|9|9|6|4|4|2|6|9|3|3|4|4
14282,9,True,7,14,7,7|7|7|7|7|9|7|7|7|7|7|7|7|7|7
14283,9,True,4,2,9,9|9|4|4|9|9|9|9|9|9|9|9|9|9|9
14294,5,False,5,7,5,5|5|5|7|7|7|7|5|5|1|7|5|5|5|3
14318,9,True,4,11,4,9|4|4|4|9|9|4|4|9|4|4|4|4|4|2
14334,3,True,7,15,7,7|5|2|7|7|7|7|7|7|7|7|7|7|7|7
14339,6,True,0,4,6,6|6|6|6|0|6|0|6|6|6|6|3|6|6|3
14355,5,True,9,1,5,5|5|5|9|5|5|5|5|5|5|5|5|5|5|5
14378,7,False,7,1,7,7|7|7|9|7|7|7|7|7|7|7|7|7|7|7
14388,2,True,3,10,3,6|2|2|3|2|3|3|3|2|3|2|3|3|3|3
14393,5,False,5,4,5,5|5|5|5|5|5|5|5|9|7|7|5|7|5|5
14399,1,False,1,8,-1,0|1|1|1|7|1|0|0|0|1|0|0|1|1|0
14403,4,False,4,13,9,9|9|3|4|9|9|4|9|9|9|3|9|9|9|9
14408,4,True,6,11,0,6|2|0|4|0|0|6|4|0|6|2|0|0|4|4
14433,1,True,8,8,-1,8|8|1|1|1|1|7|8|1|8|1|8|8|1|8
14457,9,True,4,2,9,9|9|9|9|9|9|9|4|9|4|9|9|9|9|9
14488,1,True,5,13,5,1|3|5|5|1|5|5|5|5|2|3|5|3|5|5
14538,9,True,4,10,4,9|4|4|4|9|5|9|4|8|4|4|4|4|9|9
14543,7,False,7,1,7,7|7|7|7|9|7|7|7|7|7|7|7|7|7|7
14562,2,True,3,11,3,0|2|3|2|2|6|3|0|2|3|3|6|3|3|3
14583,0,False,0,6,0,0|3|6|0|0|6|0|0|6|0|6|0|0|0|6
14598,4,True,6,2,4,4|4|4|4|4|4|4|4|4|0|4|4|0|4|4
14620,3,True,7,14,7,3|7|7|7|9|7|7|7|7|7|7|7|7|7|7
14621,5,True,9,15,9,9|2|9|9|2|9|7|2|2|9|7|7|7|9|9
14627,6,True,0,2,6,6|6|6|0|6|6|6|6|6|6|6|6|6|6|0
14635,2,False,2,15,9,9|9|9|9|9|6|9|3|9|4|1|9|9|9|9
14652,3,True,2,13,0,0|0|4|4|6|2|3|2|9|0|0|2|9|4|3
14653,3,True,8,9,8,8|3|8|3|3|8|8|8|3|8|8|3|8|8|3
14661,9,True,4,7,9,9|4|4|9|4|9|4|4|9|9|9|9|4|4|9
14664,0,False,0,10,6,0|2|6|0|0|6|6|0|6|6|0|6|6|6|6
14668,7,False,7,2,7,7|7|7|7|9|7|7|7|7|9|7|7|7|7|7
14679,9,True,4,10,3,9|3|3|4|4|3|3|9|3|9|9|3|3|3|9
14695,6,True,0,10,0,6|0|0|0|6|0|0|0|6|6|0|6|0|0|0
14727,7,True,1,11,1,1|4|7|1|1|1|7|4|7|1|7|0|1|4|3
14732,0,True,2,7,0,4|0|4|0|0|9|0|4|4|0|2|4|0|0|0
14733,8,False,8,2,8,8|8|7|8|8|8|7|8|8|8|8|8|8|8|8
14743,6,True,2,14,2,0|2|3|2|0|3|6|4|2|3|2|3|2|0|2
14776,7,True,8,12,8,8|7|7|1|0|7|6|8|8|3|1|8|8|8|4
14815,3,True,7,15,7,9|2|7|7|7|7|7|7|7|2|2|7|7|7|7
14839,6,False,6,10,6,6|6|0|1|1|6|4|4|6|4|3|6|2|4|3
14844,4,False,4,11,9,9|9|4|4|9|9|2|9|9|4|0|8|9|9|4
14868,7,False,7,3,7,7|7|7|7|7|7|7|7|9|7|9|7|7|7|5
14878,0,False,0,6,0,0|0|6|0|0|6|0|6|6|6|0|0|6|0|0
14919,8,False,8,3,8,8|8|8|8|8|8|8|8|3|8|8|8|3|8|3
14921,5,False,5,6,5,5|2|5|9|7|5|5|5|8|2|2|5|5|5|5
14937,5,False,5,9,5,5|5|1|1|7|1|5|2|2|3|5|5|2|1|5
14943,2,False,2,13,-1,6|0|2|4|6|0|6|0|6|4|0|0|6|2|4
14952,9,True,8,14,8,4|8|8|8|9|8|8|8|8|8|8|8|8|8|8
14954,6,False,6,14,4,4|4|4|4|6|4|4|4|4|4|4|4|4|4|4
14961,4,True,6,2,4,9|4|4|4|4|4|2|4|4|4|4|4|4|4|4
14966,2,False,2,14,0,0|0|2|4|0|0|6|0|0|0|0|0|0|0|0
14994,3,False,3,1,3,3|3|3|3|2|3|3|3|3|3|3|3|3|3|3
15004,7,False,7,0,7,7|7|7|7|7|7|7|7|7|7|7|7|7|7|7
15014,7,True,8,12,8,8|8|7|8|8|8|7|8|8|7|8|8|8|8|8
15017,5,True,8,15,8,8|8|8|8|8|8|8|8|8|8|8|8|8|8|9
15022,4,False,4,10,9,9|2|9|9|9|4|4|4|9|9|9|9|4|4|9
15023,5,False,5,5,5,1|5|1|2|5|5|5|5|5|3|1|5|5|5|5
15024,2,False,2,13,0,0|8|0|0|0|0|0|0|2|0|0|0|0|2|0
15026,9,False,9,15,5,5|5|5|5|5|5|5|5|5|5|5|5|5|5|5
15074,7,True,1,10,1,1|7|1|7|1|1|1|7|1|7|7|1|1|1|1
15092,0,True,3,14,4,0|4|4|4|6|8|6|4|4|6|2|3|3|4|4
15109,0,True,4,14,4,4|4|4|0|6|6|6|4|2|6|4|4|8|4|4
15113,1,True,3,12,3,3|3|6|1|0|1|8|3|9|3|0|8|3|1|2
15131,3,False,3,11,6,3|6|3|2|7|6|4|3|2|6|2|6|1|6|3
15141,7,True,8,15,8,5|8|8|1|1|8|8|8|8|1|8|8|8|8|9
15148,3,True,4,12,4,9|9|3|1|6|4|3|4|4|4|9|9|3|4|4
15153,7,True,5,8,7,7|5|7|5|5|7|5|5|9|7|1|7|7|5|7
15162,1,True,5,13,5,5|3|5|5|5|1|5|5|7|7|7|5|1|5|3
15170,8,True,2,15,0,6|9|2|0|0|6|0|0|0|0|2|0|0|2|5
15179,9,True,7,15,7,7|7|7|7|7|1|7|2|2|7|7|7|7|7|7
15192,5,False,5,11,7,7|5|7|7|5|7|5|2|2|1|7|5|7|9|7
15205,9,False,9,14,5,9|5|7|5|5|5|5|5|2|5|7|5|5|5|5
15238,5,False,5,5,5,3|5|7|1|5|5|5|5|5|5|1|5|3|5|5
15252,4,True,7,14,7,7|7|7|7|7|7|7|7|7|8|7|7|7|4|7
15267,5,False,5,9,7,7|7|5|7|7|7|5|7|5|5|7|7|5|7|5
15298,7,True,1,6,7,7|1|7|7|7|1|1|7|1|7|1|1|7|7|7
15341,9,True,7,13,7,9|3|1|1|9|7|7|5|2|7|7|3|7|5|5
15358,3,False,3,10,2,1|3|2|3|2|2|4|3|2|2|2|3|3|2|2
15382,2,False,2,9,2,0|4|8|0|8|8|8|2|2|2|2|8|3|2|2
15384,6,True,3,15,3,3|3|3|3|2|3|3|3|3|3|3|3|3|2|3
15386,3,False,3,2,3,3|3|3|3|3|6|3|3|3|3|3|3|3|2|3
15399,4,True,6,14,2,0|2|4|2|2|2|2|2|8|0|2|0|2|2|0
15415,9,False,9,13,5,5|5|5|9|5|5|5|5|5|5|9|5|5|5|5
15417,1,False,1,7,1,1|7|7|7|7|7|1|1|1|7|1|1|1|7|1
15429,2,False,2,5,2,0|2|4|2|2|2|8|2|2|2|2|1|6|2|2
15435,9,True,4,7,9,9|9|4|9|9|9|6|2|8|4|9|9|4|9|2
15459,2,False,2,10,0,0|2|3|4|0|0|0|2|2|0|2|0|0|2|0
15474,6,True,0,5,6,6|0|6|0|0|6|6|6|6|6|6|6|0|0|6
15480,3,True,2,13,2,0|2|4|2|2|2|3|2|2|3|2|4|2|0|2
15485,9,True,4,3,9,9|4|9|4|4|9|9|9|9|9|9|9|9|9|9
15521,9,True,4,15,2,4|2|6|6|0|2|2|2|8|0|2|4|4|0|6
15550,7,False,7,3,7,7|7|7|7|1|7|7|2|7|7|2|7|7|7|7
15579,9,True,4,6,9,9|9|4|4|4|9|2|9|9|9|4|4|9|9|9
15591,6,True,3,14,3,3|2|6|2|3|3|3|3|3|3|3|3|3|2|3
15603,9,True,4,1,9,9|9|3|9|9|9|9|9|9|9|9|9|9|9|9
15609,9,False,9,10,-1,5|2|2|9|9|9|9|5|2|2|2|9|5|5|5
15615,7,False,7,7,7,9|9|7|7|7|9|7|5|5|7|7|9|7|7|3
15650,9,False,9,14,5,5|5|5|5|5|5|5|5|9|5|5|5|5|5|5
15666,3,False,3,4,3,3|3|6|2|3|3|3|3|3|3|2|3|3|2|3
15668,5,True,9,0,5,5|5|5|5|5|5|5|5|5|5|5|5|5|5|5
15676,2,True,9,14,5,9|2|5|5|9|5|5|5|5|9|9|9|5|5|5
15705,1,True,5,7,1,1|1|1|1|1|1|5|2|1|5|1|5|3|5|5
15706,6,True,1,14,1,1|1|1|1|1|1|1|1|1|6|1|1|1|7|1
15723,7,False,7,3,7,7|7|7|5|7|7|7|7|7|7|7|7|7|9|9
15751,3,False,3,7,3,3|3|3|3|2|3|3|2|2|2|2|3|3|2|2
15768,6,False,6,13,4,4|4|6|4|4|2|4|4|4|6|4|4|4|4|4
15770,7,False,7,3,7,9|7|7|7|7|7|7|7|2|7|7|7|9|7|7
15776,6,True,0,7,6,0|0|6|0|0|6|0|6|6|6|0|6|0|6|6
15784,0,False,0,9,6,0|0|0|6|6|6|6|0|6|6|0|6|6|0|6
15787,2,False,2,10,6,9|4|6|6|6|6|2|2|9|6|2|6|2|4|2
15791,7,True,5,10,5,7|5|2|5|5|7|7|3|5|7|2|7|2|5|5
15795,6,False,6,11,0,7|7|0|2|0|6|0|6|6|2|0|0|0|6|0
15796,5,False,5,8,-1,5|7|7|7|5|5|5|7|5|7|7|1|5|7|5
15823,5,True,8,15,8,8|8|7|8|8|8|7|8|8|8|7|8|8|8|8
15855,1,True,5,11,7,1|7|1|9|1|7|7|2|7|9|1|9|7|5|7
15858,4,False,4,9,9,9|9|4|9|9|6|4|4|4|3|9|9|4|4|9
15876,5,True,6,15,6,8|3|6|4|6|6|0|0|6|6|6|0|6|6|6
15887,4,False,4,9,4,9|4|4|4|2|2|3|4|2|4|2|3|3|4|9
15888,1,False,1,4,1,1|7|1|1|0|1|1|6|1|7|1|1|1|1|1
15902,5,True,9,4,5,9|5|5|5|5|5|5|7|9|5|9|5|5|5|5
15913,6,True,0,11,0,0|2|2|0|0|8|0|6|6|6|6|0|4|0|0
15923,1,False,1,8,7,7|1|1|7|1|1|7|7|1|7|7|7|7|1|1
15925,2,False,2,11,0,0|2|2|4|0|8|4|4|2|2|0|6|0|0|6
15950,3,False,3,3,3,3|3|3|4|9|3|3|3|3|3|3|3|3|4|3
15963,0,True,1,13,1,1|0|1|1|1|1|1|4|1|1|1|0|1|1|1
15992,4,True,6,9,4,4|4|6|4|1|9|8|0|2|3|4|3|6|4|4
15994,8,False,8,11,-1,1|1|5|0|8|1|6|3|1|7|5|8|8|8|9
16012,0,True,2,2,0,0|0|0|0|0|0|0|2|0|0|2|0|0|0|0
16017,9,True,4,12,6,3|9|6|4|9|2|3|6|6|9|4|3|6|0|4
16018,3,True,8,8,8,3|3|3|8|8|8|8|3|8|3|3|8|8|8|3
16023,2,True,3,15,6,6|6|6|6|6|6|6|6|6|4|4|6|6|4|6
16025,4,True,6,1,4,4|4|4|4|6|4|4|4|4|4|4|4|4|4|4
16039,3,True,4,13,4,3|8|4|0|4|4|6|3|2|4|1|4|6|4|4
16046,9,True,4,4,9,9|9|4|4|9|9|4|9|9|9|4|9|9|9|9
16061,4,False,4,6,4,9|9|2|4|4|9|4|4|9|4|0|4|4|4|4
16064,6,True,3,14,3,3|3|3|2|2|3|3|3|2|3|3|6|3|3|3
16075,7,True,1,15,1,1|1|1|1|1|1|1|6|1|1|1|1|1|1|1
16086,0,True,1,14,1,1|1|1|1|7|1|1|1|1|1|1|1|1|0|1
16127,0,True,1,6,0,0|3|1|0|1|1|0|0|1|0|0|1|0|0|0
16141,1,True,3,15,6,6|6|0|0|0|6|0|6|6|6|6|0|6|6|0
16147,9,False,9,14,5,9|5|5|5|5|5|5|5|5|5|5|5|5|5|5
16151,0,False,0,11,6,0|6|6|0|0|6|0|6|6|6|6|6|6|6|6
16176,8,False,8,6,8,8|3|3|8|8|3|8|3|8|8|8|3|8|8|3
16196,5,True,9,0,5,5|5|5|5|5|5|5|5|5|5|5|5|5|5|5
16269,9,True,7,12,7,9|9|7|9|7|7|7|7|7|7|7|7|7|7|7
16282,3,True,2,12,-1,3|8|5|8|9|6|9|3|4|3|1|0|6|8|7
16314,0,True,1,11,1,0|1|1|1|1|1|1|0|1|0|1|0|1|1|1
16320,9,True,8,14,8,8|8|3|3|8|3|8|8|8|8|8|3|8|8|9
16348,7,False,7,2,7,7|7|4|7|7|7|7|7|7|7|7|7|7|4|7
16360,4,True,6,14,-1,8|5|2|8|1|1|6|8|6|6|7|8|2|6|4
16366,4,True,6,7,4,0|4|4|4|0|0|4|4|4|0|0|4|0|4|0
16373,7,False,7,7,7,9|7|7|7|7|7|7|3|2|2|7|7|5|9|9
16396,7,False,7,6,7,9|7|7|7|7|7|7|9|7|7|9|9|9|9|7
16425,9,True,7,14,7,9|7|7|7|7|7|7|7|2|7|7|7|7|5|7
16432,4,False,4,12,0,0|2|2|0|0|0|0|2|0|0|9|4|4|0|4
16471,6,True,0,6,6,6|3|6|0|6|0|6|0|6|6|6|0|6|6|0
16474,9,False,9,6,9,9|9|9|9|9|5|5|9|9|5|9|9|5|5|5
16481,1,False,1,0,1,1|1|1|1|1|1|1|1|1|1|1|1|1|1|1
16483,4,True,6,8,4,3|3|4|4|9|5|4|4|3|6|4|3|4|4|2
16496,9,True,4,10,4,9|4|4|9|4|4|4|9|4|9|9|4|4|4|4
16509,4,True,6,9,4,4|2|4|6|6|6|6|4|2|4|8|4|4|6|2
16512,9,False,9,6,9,9|9|2|9|7|9|7|9|2|9|7|9|5|9|9
16517,1,False,1,7,1,0|0|1|1|0|1|0|0|1|0|1|1|1|1|0
16526,0,True,1,11,1,1|0|1|1|7|1|7|0|1|0|7|1|1|1|0
16555,9,True,4,10,4,9|9|4|4|9|9|4|4|4|4|4|4|4|9|0
16562,0,True,2,11,2,0|0|2|2|0|8|8|4|2|8|8|0|2|2|2
16594,6,True,0,14,2,3|2|8|2|0|1|3|6|2|2|4|0|4|1|3
16602,9,True,6,14,-1,0|3|6|0|9|3|8|8|6|6|8|0|3|5|2
16609,5,True,9,1,5,5|5|5|9|5|5|5|5|5|5|5|5|5|5|5
16618,9,True,4,12,4,9|4|4|4|4|4|3|3|9|9|4|4|4|4|4
16630,7,True,1,5,7,7|7|7|7|7|1|7|7|7|7|1|1|1|1|7
16641,6,False,6,13,4,4|2|4|4|4|0|6|4|8|6|8|8|4|4|4
16679,9,True,8,15,8,8|1|8|0|1|7|8|8|8|7|8|8|8|8|4
16692,6,False,6,13,-1,9|9|3|2|2|9|6|6|4|3|1|9|4|4|4
16704,5,True,6,15,6,4|2|6|6|6|3|6|4|6|3|4|6|6|2|4
16707,4,True,6,15,6,0|0|6|6|6|0|0|0|6|6|6|0|6|0|6
16732,1,True,5,11,5,1|7|1|1|5|5|7|9|1|5|2|5|5|5|7
16736,4,False,4,8,9,9|4|4|4|9|9|4|4|9|9|9|4|9|4|9
16750,3,True,5,8,3,3|3|1|1|5|5|5|7|3|3|3|5|3|7|3
16763,5,False,5,7,5,5|5|7|7|5|5|5|7|7|3|7|5|5|5|7
16766,9,True,8,15,8,8|8|8|8|8|3|8|3|8|8|8|8|3|3|8
16786,4,True,6,15,8,8|8|2|8|9|0|6|0|8|8|6|8|8|2|8
16794,4,True,6,14,8,8|8|1|0|8|0|8|8|8|8|8|8|1|4|8
16818,4,True,6,4,4,6|4|4|4|4|4|2|4|9|3|4|4|4|4|4
16843,5,False,5,15,7,9|9|9|7|7|7|7|7|7|7|7|7|7|7|7
16887,7,True,1,13,1,1|4|1|1|0|1|1|4|1|7|0|7|1|1|4
16923,9,False,9,12,5,5|5|5|7|9|9|5|9|8|5|7|5|5|5|5
16963,6,True,0,3,6,0|0|6|6|6|6|6|6|6|6|6|6|6|0|6
16966,0,True,2,13,4,0|4|4|0|2|2|2|2|4|9|4|4|2|4|4
16974,7,False,7,5,7,7|7|7|2|7|7|7|2|2|7|7|7|7|9|2
16991,2,False,2,15,0,0|0|0|0|0|0|0|0|0|0|0|0|0|0|0
17014,9,True,7,12,7,9|7|7|7|7|9|7|9|7|7|7|7|7|7|7
17028,2,True,5,12,5,4|5|8|5|5|5|5|5|2|5|2|0|2|5|5
17058,7,False,7,3,7,7|7|7|9|7|7|7|7|7|9|7|7|7|9|7
17063,7,False,7,7,7,3|1|7|2|7|7|7|5|3|2|7|7|7|8|7
17071,0,False,0,8,6,6|0|6|0|6|0|6|6|6|6|6|0|0|0|0
17072,7,True,1,14,1,1|1|1|1|7|1|1|1|1|1|1|1|0|1|1
17107,6,True,0,6,6,0|0|6|6|6|6|6|0|0|6|6|0|6|0|6
17116,9,True,4,5,9,4|9|4|4|9|9|4|9|9|9|9|4|9|9|9
17118,4,True,6,1,4,4|4|4|4|4|9|4|4|4|4|4|4|4|4|4
17126,9,True,4,7,9,9|4|4|4|9|9|4|9|9|4|9|4|9|4|9
17142,5,True,9,0,5,5|5|5|5|5|5|5|5|5|5|5|5|5|5|5
17145,6,False,6,13,3,7|7|2|8|8|6|3|3|0|2|3|0|6|4|5
17150,9,True,4,8,4,9|9|4|4|4|9|4|4|4|9|9|4|4|9|9
17152,8,False,8,7,8,8|3|8|3|8|3|8|3|8|8|3|3|8|8|9
17153,6,False,6,6,6,0|9|6|0|6|0|0|6|6|6|6|6|0|6|6
17157,7,False,7,4,7,1|5|2|7|5|7|7|7|7|7|7|7|7|7|7
17197,1,False,1,6,1,0|1|1|1|0|1|1|0|1|0|0|1|1|1|0
17212,2,True,3,9,3,3|2|0|2|2|3|3|3|3|2|2|6|3|2|3
17215,1,True,5,12,5,7|1|1|9|5|1|5|2|9|5|5|5|5|5|5
17228,9,True,4,8,4,9|4|9|4|4|9|9|9|4|9|9|4|4|4|4
17235,4,False,4,10,9,9|9|4|4|9|4|4|9|9|4|9|9|9|9|9
17247,6,False,6,13,3,0|3|3|0|8|6|8|3|2|7|6|0|3|7|3
17267,9,True,4,15,8,6|8|8|6|2|1|6|4|2|8|8|8|1|5|2
17274,2,True,3,15,3,3|8|3|1|3|3|3|3|3|3|3|3|3|3|3
17304,8,True,6,11,2,1|8|2|0|8|6|2|8|4|2|2|8|4|2|2
17320,5,False,5,6,5,1|3|1|2|5|5|5|5|5|3|1|5|5|5|5
17328,8,False,8,4,8,8|8|8|8|8|8|8|3|3|8|3|8|8|8|9
17330,9,True,7,12,7,9|9|7|7|7|7|7|7|7|7|7|7|7|9|7
17379,2,False,2,13,4,9|4|4|2|9|4|4|4|9|4|4|4|2|4|9
17389,5,True,9,7,5,9|5|9|9|5|5|7|9|5|5|9|5|7|5|5
17399,0,True,2,3,0,0|2|0|2|0|0|0|0|0|0|2|0|0|0|0
17415,2,False,2,12,-1,9|2|2|0|8|0|1|4|8|8|1|0|3|2|4
17424,6,True,3,15,3,3|3|3|3|2|3|3|3|3|3|1|3|3|2|3
17460,0,True,1,9,1,0|1|1|1|0|0|0|0|0|1|1|1|1|1|1
17461,5,False,5,6,5,3|3|5|5|5|5|5|3|5|3|3|5|3|5|5
17474,7,False,7,3,7,7|7|7|7|7|9|7|7|3|7|7|7|7|5|7
17483,9,True,4,13,4,8|8|4|4|9|9|3|4|5|3|4|4|4|4|4
17493,3,False,3,4,3,3|2|3|3|2|6|3|3|3|3|3|3|3|2|3
17503,0,True,1,15,1,1|1|1|1|7|1|1|1|1|1|1|1|1|1|1
17530,2,True,7,14,7,7|3|7|2|7|7|7|7|7|7|7|7|5|9|3
17540,6,True,0,7,6,0|0|6|0|6|0|0|6|6|6|0|6|6|0|6
17547,3,False,3,3,3,3|2|2|2|3|3|3|3|3|3|3|3|3|3|3
17571,8,True,7,13,7,3|4|7|7|7|1|8|7|7|4|7|7|7|8|7
17579,0,False,0,10,6,6|0|6|0|0|6|6|6|0|6|6|6|6|6|0
17584,8,False,8,7,8,8|8|8|8|8|3|3|8|3|8|3|8|3|0|3
17624,9,True,3,15,-1,3|3|1|1|2|8|1|3|1|3|1|7|7|0|3
17656,4,True,6,10,0,0|2|2|0|4|0|2|2|0|4|0|4|4|0|4
17674,1,False,1,2,1,1|1|1|1|1|1|1|4|1|7|1|1|1|1|1
17703,4,False,4,11,9,9|9|4|4|9|9|4|9|9|9|9|4|9|9|9
17712,2,True,3,14,3,3|3|2|6|3|3|3|3|9|3|3|6|9|4|3
17736,7,False,7,12,5,9|5|7|7|5|9|5|5|2|5|7|9|5|5|9
17765,0,True,1,9,1,0|1|1|1|0|1|1|0|1|7|0|0|1|1|0
17769,8,False,8,3,8,4|8|3|8|0|8|8|8|8|8|8|8|8|8|8
17777,6,True,7,15,7,9|7|7|9|7|7|7|9|7|7|7|7|7|9|3
17785,6,True,2,12,2,9|4|6|2|6|9|2|3|2|2|1|6|2|2|2
17794,4,True,6,12,2,4|2|2|4|8|8|2|2|4|0|2|0|2|2|2
17797,0,True,1,6,0,0|1|1|0|0|1|0|0|1|1|0|0|1|0|0
17854,6,True,0,8,0,6|0|6|0|0|0|0|6|6|0|0|6|6|6|0
17856,4,False,4,5,4,4|4|4|4|6|6|8|4|4|4|0|4|4|4|6
17877,8,False,8,2,8,8|8|1|8|8|8|8|8|8|8|1|8|8|8|8
17886,3,True,8,10,3,3|8|8|3|7|1|0|2|3|3|3|0|7|8|5
17891,5,False,5,5,5,5|5|7|5|5|3|3|5|5|7|5|7|5|5|5
17897,5,False,5,10,1,1|5|7|1|1|5|5|9|1|7|1|5|1|5|7
17941,2,False,2,12,0,0|0|0|2|0|0|0|2|0|0|0|0|2|0|0
17948,5,False,5,7,5,1|5|1|5|5|5|5|7|7|7|7|5|7|5|5
17965,8,True,2,14,2,0|2|2|2|0|2|6|4|4|4|8|0|6|0|2
17979,3,False,3,1,3,3|3|3|3|3|3|3|3|3|3|3|6|3|3|3
17989,2,True,3,11,3,3|2|3|0|2|6|6|3|3|2|1|3|0|2|6
18006,6,False,6,10,0,0|0|6|6|4|6|6|6|2|4|0|0|0|0|2
18010,1,True,5,11,5,1|1|5|1|7|5|5|5|2|5|1|7|4|5|5
18017,2,False,2,15,9,9|4|9|4|9|9|4|4|9|6|3|9|6|4|9
18041,9,True,7,12,7,9|9|7|7|7|7|7|7|7|7|7|7|7|9|7
18042,9,True,4,2,9,9|9|9|4|9|9|9|9|9|4|9|9|9|9|9
18047,4,True,6,13,6,6|3|6|4|2|6|2|6|6|4|1|0|6|2|6
18054,6,True,3,13,3,0|3|3|2|1|3|6|8|7|6|1|3|3|1|2
18097,4,True,6,0,4,4|4|4|4|4|4|4|4|4|4|4|4|4|4|4
18103,9,True,4,4,9,9|4|4|9|9|9|9|9|9|9|9|9|4|4|9
18160,2,False,2,10,6,6|8|6|4|6|6|6|0|2|2|2|4|2|2|6
18166,4,True,6,10,4,4|4|4|0|6|6|8|4|2|6|2|8|4|6|8
18171,7,False,7,0,7,7|7|7|7|7|7|7|7|7|7|7|7|7|7|7
18189,4,False,4,12,9,9|9|9|9|4|9|9|4|9|4|9|9|9|9|9
18256,1,True,5,12,5,1|5|5|5|1|5|5|3|1|5|3|5|2|5|3
18284,2,True,5,12,5,1|5|2|0|5|3|5|3|2|5|2|8|5|8|5
18300,6,True,0,3,6,0|6|6|0|6|6|6|6|6|6|6|6|0|6|6
18307,4,True,5,15,5,5|7|5|5|7|5|5|7|5|1|5|7|5|8|7
18325,9,True,4,11,4,9|4|4|4|4|9|2|4|2|4|9|4|0|4|9
18329,9,True,8,14,8,8|8|3|8|8|8|8|8|8|3|8|8|8|8|9
18351,6,True,0,6,6,6|0|6|0|6|6|0|0|6|6|6|6|6|0|0
18362,4,True,6,2,4,4|4|4|4|4|4|2|4|4|4|4|4|4|2|4
18367,7,False,7,7,7,7|2|2|2|2|2|7|2|7|2|7|7|7|7|7
18379,2,False,2,13,0,0|0|0|0|0|0|0|2|2|0|0|0|0|0|0
18380,8,True,3,15,3,3|2|3|2|3|3|2|3|1|2|3|3|6|2|3
18415,2,False,2,11,0,0|2|2|4|0|4|6|4|2|0|0|0|2|0|0
18418,9,True,4,9,4,9|4|4|4|9|9|4|4|4|4|9|9|4|4|9
18430,5,True,9,1,5,9|5|5|5|5|5|5|5|5|5|5|5|5|5|5
18461,6,True,0,10,4,6|4|4|4|6|6|6|2|2|4|4|0|4|4|6
18483,7,True,8,7,7,8|8|7|7|7|8|8|7|2|7|7|8|7|8|7
18516,2,True,5,14,5,8|5|5|1|5|1|3|2|3|5|1|5|7|5|3
18521,7,False,7,3,7,3|7|7|7|7|7|7|2|9|7|7|7|7|7|7
18542,4,True,6,5,4,9|4|4|4|4|9|9|4|4|9|9|4|4|4|4
18543,0,False,0,14,6,0|6|6|6|6|6|6|6|6|6|6|6|6|6|6
18547,3,True,5,15,5,1|1|1|1|1|5|5|5|5|5|1|5|5|5|5
18608,5,True,9,4,5,5|5|5|9|5|5|5|5|5|9|5|9|5|2|5
18609,6,False,6,11,4,4|8|4|4|8|6|6|4|6|9|0|6|4|4|4
18610,0,True,2,7,0,0|0|2|6|4|0|2|0|4|9|2|0|0|0|0
18613,0,True,1,13,1,1|1|1|1|1|1|0|1|1|1|1|1|1|1|0
18638,2,True,3,12,3,3|0|3|4|3|6|3|6|2|2|3|3|3|2|3
18697,4,True,6,8,4,6|4|4|4|6|6|4|4|2|6|1|6|6|4|4
18698,1,False,1,12,0,0|9|1|4|1|1|0|3|9|3|6|0|0|0|0
18709,9,False,9,14,5,5|5|5|9|5|5|5|5|5|5|5|5|5|5|5
18719,1,True,7,13,5,8|5|3|2|5|1|7|9|5|7|3|1|7|5|9
18760,6,True,0,2,6,6|6|6|0|6|6|6|6|6|6|6|0|6|6|6
18765,4,False,4,15,9,9|9|9|9|9|9|9|9|9|9|9|9|9|9|9
18794,6,False,6,14,4,4|9|4|4|6|0|4|4|4|4|4|4|4|4|4
18806,9,False,9,8,5,9|9|5|9|5|5|5|5|9|9|5|9|5|5|9
18818,0,True,2,9,0,0|0|6|0|0|6|8|4|4|0|2|6|2|0|2
18827,0,True,1,9,1,1|1|1|1|0|1|0|2|1|6|1|0|0|0|0
18829,6,True,3,14,3,3|3|3|2|3|6|3|3|3|3|3|3|3|3|3
18839,1,False,1,4,1,1|1|1|1|1|1|1|4|1|0|7|0|1|1|1
18871,7,True,8,13,8,8|1|8|8|7|8|1|8|8|8|7|8|8|8|8
18888,1,False,1,4,1,1|1|1|1|1|1|1|7|1|7|1|1|7|1|7
18900,9,True,7,10,7,7|9|7|9|7|9|7|7|7|7|7|7|7|9|9
18910,6,True,0,12,0,0|0|6|0|6|0|0|0|0|0|0|0|6|0|0
18926,6,False,6,12,4,4|4|4|4|6|6|6|4|0|4|4|4|4|4|4
18932,2,True,3,14,3,3|2|3|0|0|3|0|3|6|3|6|6|6|0|3
18967,4,False,4,15,9,9|9|9|9|9|9|9|9|9|9|9|9|9|9|9
18971,0,True,2,7,0,4|0|0|0|2|0|2|2|2|0|2|0|0|0|4
18977,5,False,5,5,5,5|3|3|1|5|5|5|5|5|5|3|5|3|5|5
18988,5,False,5,8,5,1|5|5|1|7|5|7|5|5|7|7|7|7|5|5
18997,1,False,1,10,0,0|0|1|1|1|0|0|0|1|0|0|0|1|0|0
19018,0,True,2,7,0,0|9|4|4|0|0|0|0|0|0|2|4|4|0|2
19027,5,False,5,9,-1,1|5|1|1|5|5|5|2|5|1|1|9|1|5|3
19032,9,False,9,15,5,5|5|5|5|5|5|5|5|5|5|5|5|5|5|5
19035,1,True,3,14,3,3|3|6|8|1|3|8|6|2|6|3|8|3|2|3
19044,4,False,4,7,4,9|4|2|4|1|9|9|3|4|4|4|9|4|4|4
19052,7,False,7,3,7,7|7|7|7|7|9|7|7|9|7|7|7|7|9|7
19054,2,True,9,13,5,5|2|5|9|5|5|5|5|2|5|5|9|5|5|5
19075,9,True,7,8,-1,7|7|2|9|9|9|7|7|9|9|7|7|7|9|9
19106,0,True,2,3,0,0|0|0|2|0|0|0|2|2|0|0|0|0|0|0
19141,6,True,0,3,6,6|6|6|6|6|6|6|0|6|6|6|0|6|0|6
19160,2,True,3,14,3,6|7|3|3|3|6|8|2|3|1|1|1|3|4|7
19178,4,True,6,1,4,4|4|4|4|8|4|4|4|4|4|4|4|4|4|4
19195,2,True,3,11,6,6|2|6|0|3|6|6|3|2|2|2|6|3|6|6
19225,0,True,2,13,8,8|8|8|0|6|6|2|2|8|3|8|8|0|3|8
19255,3,False,3,5,3,3|3|3|3|2|1|3|2|3|3|3|3|3|1|2
19273,6,True,2,13,2,0|8|2|0|2|2|2|6|0|2|1|6|8|0|2
19278,9,True,4,15,0,0|0|2|0|0|0|2|0|0|0|0|0|0|0|0
19285,9,False,9,10,5,9|5|5|9|5|5|5|5|9|5|9|9|5|5|5
19288,6,True,3,9,6,6|3|6|6|0|3|2|8|8|6|3|8|6|6|3
19289,8,False,8,2,8,3|3|8|8|8|8|8|8|8|8|8|8|8|8|8
19292,5,True,9,3,5,9|5|5|9|5|5|5|5|9|5|5|5|5|5|5
19301,0,False,0,14,4,8|4|2|2|0|6|4|7|6|2|8|4|1|6|4
19339,0,True,2,4,0,0|0|2|0|0|0|0|2|0|2|6|0|0|0|0
19358,4,True,6,10,4,4|4|4|6|8|2|3|4|9|2|2|0|2|4|0
19394,2,True,3,10,3,3|3|2|3|2|3|3|2|2|3|3|3|3|2|3
19413,3,False,3,6,3,1|3|2|3|1|3|3|3|3|3|8|1|3|1|3
19428,7,False,7,9,9,9|7|9|7|7|9|7|9|7|9|7|9|5|9|9
19444,1,True,5,14,7,8|7|1|7|7|7|5|7|9|3|5|7|7|5|5
19447,0,False,0,8,0,0|2|0|4|2|0|0|0|0|4|2|8|4|2|0
19473,9,True,4,9,-1,9|3|3|4|4|9|4|9|9|4|4|3|9|4|9
19481,5,True,9,2,5,5|9|5|5|5|5|5|5|5|5|9|5|5|5|5
19484,3,True,8,15,0,4|9|4|4|0|0|0|4|0|0|0|0|0|4|0
19504,8,True,3,15,3,3|2|0|3|3|6|3|3|2|4|3|3|3|3|3
19508,1,False,1,3,1,1|7|1|7|1|1|1|7|1|1|1|1|1|1|1
19510,4,True,6,7,4,6|4|4|6|6|6|6|4|4|4|4|0|6|4|4
19523,9,True,8,15,8,8|8|8|8|8|8|8|8|8|8|1|8|8|2|2
19556,4,True,6,0,4,4|4|4|4|4|4|4|4|4|4|4|4|4|4|4
19615,6,True,3,13,3,3|2|3|3|6|3|2|3|2|3|3|3|2|6|3
19661,4,False,4,14,9,9|9|4|9|9|9|3|9|9|9|9|9|9|9|9
19673,9,False,9,15,5,5|5|5|5|5|5|5|5|2|5|5|5|5|5|5
19674,6,True,0,5,6,6|0|0|0|0|6|6|6|6|6|6|6|0|6|6
19682,7,True,5,5,7,5|5|7|7|5|7|7|7|5|7|7|1|7|7|7
19693,5,True,9,1,5,5|5|5|5|9|5|5|5|5|5|5|5|5|5|5
19705,9,True,4,15,4,4|4|4|4|0|4|4|4|4|4|4|4|4|4|2
19706,4,True,6,3,4,4|4|4|4|4|4|4|4|6|6|6|4|4|4|4
19712,8,True,5,15,5,5|5|5|0|5|5|0|5|5|5|5|5|5|5|5
19722,9,False,9,11,2,9|9|5|2|2|5|2|2|2|9|2|7|7|2|9
19733,7,False,7,4,7,9|9|9|7|7|9|7|7|7|7|7|7|7|7|7
19738,1,False,1,5,1,1|1|1|7|1|1|1|1|1|7|7|1|7|1|4
19747,9,False,9,10,5,5|9|5|9|5|5|5|5|9|9|5|9|5|5|5
19759,3,True,8,9,8,3|8|8|3|8|8|8|3|8|3|8|8|3|8|3
19788,6,True,3,11,3,3|9|3|2|3|6|3|3|6|6|0|6|3|3|3
19790,2,False,2,13,0,0|5|4|3|6|6|4|2|8|2|0|8|0|0|4
19797,9,True,7,15,7,3|7|7|7|7|7|3|7|7|3|7|7|7|7|3
19824,3,False,3,10,-1,3|2|0|2|2|3|6|3|2|3|2|6|6|6|3
19854,5,True,8,15,8,8|8|8|8|8|3|8|8|8|8|8|8|8|8|9
19872,7,True,8,12,8,8|8|8|8|8|8|7|8|8|8|7|8|7|8|8
19873,9,True,7,14,7,7|7|9|7|7|7|7|7|7|7|7|7|7|7|7
19876,6,True,3,14,3,3|3|6|3|3|2|3|3|3|3|3|3|2|3|3
19889,9,True,4,11,4,9|4|1|4|4|4|9|4|8|9|4|9|4|4|4
19897,6,False,6,9,8,6|8|8|8|8|8|8|6|3|6|3|6|6|8|6
19899,4,False,4,14,3,9|2|3|3|2|2|8|3|3|6|0|2|3|4|3
19901,4,False,4,9,9,9|4|4|4|9|9|2|9|9|4|9|9|4|4|9
19915,6,True,9,15,5,5|9|5|9|5|5|5|9|5|5|5|9|5|5|9
19918,9,False,9,12,5,9|5|2|2|5|5|5|5|8|9|7|9|5|5|5
19934,2,True,9,11,9,7|5|2|9|9|9|7|2|7|2|7|9|5|2|9
19951,2,True,7,15,7,7|7|7|7|7|7|7|7|7|7|7|7|7|7|7
19954,9,True,4,15,-1,4|2|3|8|4|0|1|8|3|4|8|6|8|4|7
19958,1,True,5,8,1,1|1|1|1|1|5|5|5|1|3|1|5|8|5|0
19960,2,True,7,12,7,7|2|7|2|7|7|3|7|7|7|7|7|2|7|7
19973,8,True,2,9,8,8|2|2|8|8|0|2|0|2|8|8|0|8|2|9
20006,5,True,9,1,5,5|5|5|9|5|5|5|5|5|5|5|5|5|5|5
20026,9,False,9,11,5,9|5|9|9|5|5|5|5|5|5|5|9|5|5|5
20072,9,False,9,8,9,9|2|2|2|2|9|5|9|9|2|9|1|5|9|9
20092,8,False,8,7,8,8|3|3|8|8|8|8|8|3|3|8|3|3|8|3
20099,2,False,2,8,2,0|2|2|0|2|8|6|2|0|2|0|3|0|2|2
20107,2,False,2,12,4,9|4|4|3|9|0|4|9|2|4|9|4|2|1|2
20122,6,True,2,13,-1,9|4|6|2|6|9|2|3|2|4|9|4|4|9|3
20137,7,False,7,6,7,9|7|7|9|7|9|7|9|9|7|7|7|7|5|7
20185,5,False,5,4,5,3|5|5|1|5|5|5|5|5|5|3|5|5|5|3
20192,6,True,0,4,6,6|0|6|6|0|0|6|6|6|6|6|6|6|0|6
20195,9,True,8,14,8,8|8|8|8|8|8|8|3|8|8|8|8|8|8|9
20202,7,False,7,1,7,3|7|7|7|7|7|7|7|7|7|7|7|7|7|7
20241,3,True,2,15,9,9|9|4|4|9|9|9|9|9|9|9|9|9|9|9
20254,4,False,4,9,4,9|4|9|4|4|6|4|3|2|3|4|9|9|4|9
20258,6,True,3,13,3,3|3|3|2|3|3|3|3|3|6|3|3|6|3|3
20261,3,True,8,11,8,8|8|8|8|8|8|8|3|3|8|3|3|8|8|9
20262,8,False,8,6,8,8|8|8|8|8|8|8|3|3|8|3|8|3|3|9
20263,0,False,0,8,-1,0|2|0|0|6|6|0|6|0|6|0|6|6|6|0
20270,0,True,2,7,0,0|3|2|0|0|0|3|0|0|0|2|0|2|2|5
20284,2,False,2,11,6,6|0|2|6|2|0|4|6|2|6|8|0|6|2|4
20287,8,True,5,15,5,5|5|5|5|5|5|5|5|3|5|5|3|5|5|5
20295,6,True,9,15,5,5|5|5|9|7|5|5|5|5|5|5|5|5|5|5
20300,2,False,2,15,0,6|3|6|0|0|0|0|8|4|0|1|6|0|0|4
20307,5,True,9,1,5,5|5|5|5|5|5|5|5|5|5|9|5|5|5|5
20332,3,True,8,7,3,8|3|3|3|8|3|8|3|8|8|8|3|3|3|5
20343,3,True,8,10,8,8|8|8|8|3|8|8|3|8|8|3|8|3|8|3
20351,3,False,3,7,3,0|8|6|4|3|8|3|3|3|3|6|3|3|2|3
20368,3,True,5,15,5,5|5|5|7|7|5|5|5|2|7|7|7|7|5|5
20375,6,True,0,6,6,6|6|6|0|0|6|4|6|6|8|0|6|6|0|6
20396,7,True,1,14,1,1|1|1|1|1|1|1|7|1|1|1|1|1|1|0
20400,0,True,2,6,0,0|2|2|0|8|0|6|0|0|0|0|0|2|0|2
20411,9,True,4,15,4,4|3|4|4|6|4|2|4|4|4|8|4|0|5|6
20423,6,True,3,14,3,3|5|1|3|8|3|6|2|2|3|1|3|1|0|7
20428,6,True,9,14,5,5|4|5|6|9|5|5|9|2|5|9|9|5|5|9
20443,7,True,5,15,5,1|2|5|1|3|5|5|3|5|3|1|5|2|5|3
20445,9,True,7,15,7,7|7|7|7|7|7|7|7|7|7|7|7|7|7|7
20469,4,True,6,5,4,4|4|4|4|6|4|4|4|6|6|4|4|6|4|6
20477,0,True,1,7,0,0|1|0|1|1|1|0|2|0|1|2|0|0|0|0
20497,0,False,0,9,6,0|6|6|0|6|6|6|0|6|6|6|0|0|0|6
20511,9,True,7,11,7,7|7|9|9|9|7|7|7|2|9|7|7|7|7|7
20519,5,False,5,6,5,5|5|1|5|1|5|5|5|5|1|1|9|5|5|3
20533,3,False,3,5,3,3|6|3|3|1|3|4|3|2|6|3|3|3|3|3
20549,2,True,7,14,7,7|3|7|7|7|7|7|2|7|1|7|7|7|7|7
20556,9,True,4,9,4,4|4|4|4|8|4|4|4|9|4|9|9|9|9|9
20568,4,True,6,8,-1,4|4|6|4|6|1|4|4|6|6|6|6|6|4|4
20578,9,False,9,11,5,9|5|5|5|5|1|9|9|2|9|5|5|5|5|5
20602,9,True,7,8,7,9|9|9|9|9|7|7|9|7|7|7|7|7|9|7
20615,2,True,3,8,3,3|3|2|2|2|2|3|3|2|3|2|3|3|2|3
20624,3,True,4,12,9,9|9|3|9|5|6|1|2|2|2|3|9|3|1|9
20627,5,True,4,15,4,3|4|4|4|2|8|2|4|2|4|4|4|4|4|3
20648,9,True,4,8,9,4|9|4|9|9|9|2|9|4|9|2|9|4|4|4
20651,9,False,9,9,7,7|9|9|7|7|9|7|9|2|7|7|7|7|9|9
20674,5,False,5,9,7,7|7|7|7|7|7|5|5|5|7|5|7|5|7|5
20701,2,False,2,11,3,3|2|2|3|3|6|3|2|2|3|3|3|3|4|3
20722,0,True,2,6,0,0|2|2|0|0|0|0|0|0|0|0|8|8|6|2
20729,0,False,0,11,6,0|9|6|0|6|6|6|0|6|6|6|0|6|6|6
20731,2,True,3,11,3,3|3|3|3|2|3|3|3|2|3|2|3|3|2|3
20751,0,False,0,8,6,0|6|0|0|6|0|6|6|0|6|6|6|6|0|0
20770,9,True,4,2,9,9|9|9|9|9|9|9|4|9|9|9|9|4|9|9
20779,9,True,7,13,7,7|7|2|9|7|7|7|7|7|7|7|9|5|7|5
20784,5,False,5,6,5,5|5|5|2|2|5|5|2|5|2|2|5|2|5|5
20795,6,True,0,1,6,6|0|6|6|6|6|6|6|6|6|6|6|6|6|6
20833,2,False,2,12,0,0|0|2|2|0|0|0|2|0|0|0|0|0|0|0
20848,7,True,5,12,5,5|5|5|2|5|5|7|5|2|5|7|5|7|5|5
20881,0,True,1,15,1,1|7|1|1|1|1|1|5|1|7|1|1|1|1|1
20883,6,True,0,8,6,0|8|6|0|0|6|0|6|6|0|0|6|6|4|6
20891,9,True,4,1,9,9|9|4|9|9|9|9|9|9|9|9|9|9|9|9
20896,9,True,4,1,9,9|9|4|9|9|9|9|9|9|9|9|9|9|9|9
20929,4,True,6,9,6,6|4|4|4|6|6|4|4|6|4|6|0|6|6|2
20941,7,False,7,1,7,9|7|7|7|7|7|7|7|7|7|7|7|7|7|7
20944,2,True,7,14,7,7|7|7|7|7|7|7|7|2|7|7|7|7|7|7
20954,9,True,7,5,9,9|9|5|9|9|9|9|9|2|5|7|9|7|9|9
20969,0,True,2,5,0,0|2|2|2|0|0|0|2|2|0|0|0|0|0|0
20971,2,False,2,11,0,0|2|0|0|0|0|0|0|0|2|2|8|2|0|0
20992,3,True,5,14,5,5|5|1|1|1|5|5|5|1|3|5|5|1|5|5
21003,2,True,7,9,7,7|7|7|2|2|7|7|2|2|2|7|7|7|7|2
21011,2,False,2,15,0,0|0|0|0|0|0|0|0|0|6|0|0|0|0|0
21020,9,True,4,14,4,3|4|4|4|1|6|3|3|4|4|4|9|4|4|4
21021,9,False,9,12,5,5|5|5|9|5|5|5|5|5|5|5|9|9|5|5
21030,3,False,3,9,3,7|8|3|2|7|3|1|3|1|6|8|3|3|1|3
21046,9,True,8,15,8,8|8|8|8|7|8|8|8|8|8|8|8|8|8|8
21086,5,True,9,1,5,5|5|5|5|5|5|5|5|9|5|5|5|5|5|5
21090,4,True,6,2,4,4|4|4|4|4|4|6|4|4|4|4|6|4|4|4
21130,5,False,5,2,5,5|5|7|5|5|5|5|5|2|5|5|5|5|5|5
21137,2,True,3,5,2,3|3|2|2|2|2|2|2|2|3|2|3|3|2|2
21147,9,True,7,10,7,7|9|7|9|7|9|7|9|7|7|7|7|7|9|7
21184,9,False,9,11,8,8|2|8|9|9|5|8|5|9|8|8|9|2|5|5
21263,4,False,4,13,0,4|2|2|0|0|0|0|0|4|9|9|8|8|8|2
21269,6,True,3,15,3,3|3|2|2|2|3|3|3|3|3|3|3|3|3|3
21270,5,False,5,14,7,7|7|7|9|7|7|7|9|7|9|7|7|7|7|5
21275,9,True,8,14,8,8|8|8|8|8|8|8|8|8|8|8|8|8|8|9
21277,7,True,1,7,7,7|1|1|7|7|1|7|7|1|7|1|1|1|7|7
21286,6,True,0,7,6,0|2|4|6|6|6|8|4|6|6|6|0|6|6|4
21303,0,False,0,12,6,6|6|0|6|6|6|6|6|6|6|6|0|6|0|6
21323,6,False,6,15,4,4|9|4|4|9|4|4|2|4|4|9|4|4|4|4
21328,9,True,6,15,6,6|8|6|6|7|1|4|0|6|6|6|4|6|6|6
21369,1,True,3,15,3,0|3|6|3|3|6|4|3|2|3|3|3|6|3|3
21401,9,True,7,10,7,9|9|7|9|7|5|9|5|7|7|7|5|7|5|9
21404,4,True,6,10,6,8|2|6|4|6|6|6|4|2|4|4|8|6|4|6
21434,5,False,5,8,5,1|5|7|1|7|5|9|5|2|5|7|7|5|5|5
21458,3,False,3,3,3,3|3|6|3|3|3|3|3|6|3|3|3|6|3|3
21474,7,False,7,2,7,7|4|7|7|7|7|7|7|7|7|7|7|7|9|7
21482,5,True,9,1,5,5|9|5|5|5|5|5|5|5|5|5|5|5|5|5
21495,4,False,4,3,4,4|4|4|4|9|4|2|4|9|4|4|4|4|4|4
21504,5,False,5,3,5,5|5|5|2|5|5|5|5|5|3|5|5|8|5|5
21524,3,True,2,10,2,3|2|2|3|1|3|2|2|2|3|0|0|3|4|2
21548,0,True,2,11,2,2|2|2|0|8|0|8|2|2|2|2|0|0|2|2
21572,9,False,9,14,5,5|5|5|5|9|5|5|5|5|5|5|5|5|5|5
21583,1,False,1,3,1,1|1|1|1|0|1|0|1|1|0|1|1|1|1|1
21594,7,False,7,5,7,9|7|7|4|7|7|7|4|7|4|7|7|7|4|7
21629,5,False,5,10,5,1|5|7|1|7|9|5|5|3|3|2|9|9|5|5
21643,9,True,4,4,9,9|4|4|4|4|9|9|9|9|9|9|9|9|9|9
21654,5,True,4,15,-1,9|4|9|4|9|6|4|9|9|9|4|4|9|4|4
21658,2,True,7,15,7,7|7|7|7|7|7|3|7|7|8|7|7|7|7|7
21677,9,False,9,14,5,5|5|5|5|5|5|5|5|5|5|5|5|5|9|5
21716,9,True,8,13,8,4|8|1|6|9|8|8|3|8|3|9|8|8|8|4
21719,6,False,6,15,4,9|9|4|4|4|4|4|4|4|4|4|9|4|4|4
21726,1,False,1,3,1,1|7|1|1|1|1|1|1|1|1|1|1|7|1|4
21731,0,False,0,9,6,0|6|0|0|6|6|6|0|6|6|6|0|6|0|6
21742,3,True,8,15,8,8|8|8|8|8|8|8|8|8|8|8|8|8|8|8
21771,6,False,6,4,6,6|3|6|4|6|6|6|6|6|6|0|6|6|6|3
21793,9,False,9,10,5,9|9|9|2|9|5|9|5|5|5|5|5|5|5|5
21794,7,False,7,2,7,9|7|7|7|7|7|7|7|7|7|7|7|7|4|7
21799,9,True,8,13,8,9|3|8|8|8|8|8|8|8|3|8|8|8|8|9
21813,0,True,1,10,1,0|0|1|1|1|1|0|0|1|7|1|1|1|1|0
21820,4,True,6,9,6,6|6|4|4|6|6|6|4|6|4|6|4|4|8|2
21822,6,False,6,15,4,9|4|4|4|4|9|4|4|4|4|4|4|4|4|4
21830,9,True,4,7,9,9|4|9|4|6|9|9|9|9|9|4|4|4|9|4
21849,8,False,8,2,8,8|8|8|8|7|8|8|8|8|3|8|8|8|8|8
21864,0,True,2,3,0,0|0|0|0|0|0|0|0|2|0|0|8|1|0|0
21874,7,True,5,13,5,1|3|7|1|3|3|5|3|5|5|7|5|3|5|5
21876,1,True,5,12,5,5|1|5|2|5|5|1|2|1|2|5|9|5|5|7
21950,6,False,6,6,6,8|0|6|6|6|8|0|0|6|6|8|6|6|6|6
21953,1,True,5,14,5,7|5|1|5|7|7|5|5|5|3|2|5|2|5|5
21955,6,True,0,4,6,6|6|6|0|6|6|0|6|6|6|0|0|6|6|6
21965,7,False,7,4,7,3|7|9|7|7|9|7|7|7|3|7|7|7|7|7
21970,9,True,4,11,4,4|9|4|4|1|9|4|1|9|3|9|4|2|4|3
21990,7,True,8,14,8,8|1|8|8|8|8|8|8|2|8|8|7|8|8|8
21997,8,True,6,15,4,9|4|0|4|4|4|4|4|2|4|4|4|0|4|0
22001,6,False,6,11,4,6|3|4|2|9|2|6|6|4|6|4|0|4|4|2
22012,4,False,4,2,4,4|4|4|4|6|4|2|4|4|4|4|4|4|4|4
22040,5,False,5,8,5,5|5|1|1|3|1|5|2|5|1|7|3|5|5|5
22061,5,False,5,3,5,5|5|5|1|5|1|5|5|1|5|5|5|5|5|5
22082,2,True,3,11,-1,0|3|0|0|2|6|3|2|2|3|2|6|6|6|0
22105,8,False,8,3,8,3|8|8|8|8|8|8|8|8|8|8|3|8|8|9
22110,6,True,1,15,1,1|1|1|1|1|1|1|1|1|1|1|1|1|1|1
22137,6,True,0,7,6,0|0|0|0|6|0|0|6|6|6|6|6|6|6|0
22160,0,True,2,2,0,0|0|0|0|0|0|0|2|2|0|0|0|0|0|0
22169,1,True,5,8,1,1|3|3|1|5|1|5|5|1|1|1|5|1|5|5
22172,0,False,0,15,8,8|8|8|8|8|3|8|8|2|8|8|3|3|8|3
22173,1,False,1,3,1,1|1|1|1|7|1|1|0|1|1|0|1|1|1|1
22176,6,True,9,15,5,9|5|5|5|5|5|9|5|2|9|7|5|5|5|9
22177,0,True,1,4,0,0|0|1|1|0|1|0|0|1|0|0|0|0|0|0
22186,2,True,5,15,7,7|9|7|9|7|7|7|7|9|7|7|7|7|9|7
22222,9,False,9,11,5,9|2|9|2|2|5|9|5|8|9|2|5|5|5|5
22225,4,True,7,15,7,7|7|7|7|7|7|7|7|7|7|7|7|7|7|7
22231,7,False,7,4,7,3|7|7|4|0|7|7|7|7|7|7|7|5|7|7
22249,6,True,9,15,5,9|5|5|9|2|5|5|5|8|9|5|9|5|5|5
22253,5,True,9,4,5,9|5|5|5|9|5|5|5|5|5|9|9|5|5|5
22288,2,True,3,13,3,3|3|3|3|6|3|3|2|2|6|3|3|3|0|4
22289,3,False,3,14,4,9|4|3|4|9|6|4|4|4|4|1|6|4|4|4
22290,3,True,8,13,8,8|3|8|8|9|8|8|8|8|8|3|8|8|8|9
22328,2,False,2,11,0,0|0|2|2|0|0|6|0|2|0|0|0|0|0|2
22330,0,False,0,11,6,0|0|6|0|0|6|6|6|6|6|6|6|6|6|6
22341,7,False,7,2,7,7|3|7|7|7|7|7|7|9|7|7|7|7|7|7
22358,1,False,1,15,6,3|2|6|0|6|8|8|7|5|6|0|6|8|2|3
22391,0,True,3,14,3,6|3|3|3|0|3|8|6|2|3|3|3|3|3|3
22406,4,True,1,15,1,0|1|1|1|1|1|1|0|1|1|1|1|1|1|1
22431,4,False,4,9,9,9|9|4|9|9|4|2|4|9|9|4|9|4|4|9
22437,6,True,0,9,0,6|0|6|0|6|0|6|0|0|6|0|6|0|0|0
22455,6,False,6,15,4,9|4|4|4|4|9|9|4|4|4|4|4|4|4|9
22460,4,False,4,13,9,9|4|9|9|9|9|9|9|4|9|9|9|9|9|9
22467,0,True,2,13,3,8|8|2|0|8|3|3|3|2|8|0|3|3|2|1
22473,0,False,0,4,0,0|0|6|0|0|0|0|0|6|0|0|6|0|0|6
22495,9,True,4,12,6,6|9|6|6|3|6|3|9|6|3|3|6|4|9|3
22515,4,False,4,9,9,9|9|3|9|9|4|4|3|9|4|9|4|4|4|9
22516,0,False,0,7,0,0|0|6|6|6|6|0|0|6|6|0|0|0|0|3
22528,8,False,8,6,8,8|8|8|8|7|8|8|7|8|7|7|7|7|8|8
22593,2,False,2,14,3,3|3|3|3|3|3|3|2|3|3|3|3|3|9|3
22600,0,False,0,7,0,0|0|6|6|0|6|0|0|6|6|6|0|6|0|0
22606,2,True,3,12,3,3|3|2|2|3|3|4|3|2|3|1|3|3|3|3
22615,7,False,7,5,7,7|7|7|7|9|3|7|7|9|3|7|7|7|7|3
22622,3,True,2,14,9,9|4|9|9|4|9|3|9|9|4|4|9|9|4|9
22626,1,True,5,15,5,5|5|5|5|7|5|5|5|2|5|5|7|5|7|7
22627,4,True,6,10,-1,9|4|4|4|4|0|2|0|7|9|9|4|9|9|2
22629,9,True,7,12,7,7|9|7|7|7|7|7|5|7|7|9|7|7|9|7
22647,1,False,1,5,1,0|1|1|1|1|1|1|0|1|3|1|6|1|0|1
22669,8,False,8,3,8,8|8|8|8|7|1|8|8|1|8|8|8|8|8|8
22678,2,False,2,14,0,0|0|6|0|0|0|0|0|2|0|0|0|6|0|0
22738,3,True,8,12,8,8|3|3|8|8|8|8|8|8|8|3|8|8|8|9
22780,4,True,6,9,4,0|9|4|4|8|0|0|9|2|0|2|4|4|4|4
22795,0,True,1,15,1,1|1|1|1|7|1|1|1|1|1|1|1|1|1|1
22813,2,False,2,12,0,9|3|2|0|0|0|3|0|0|2|0|4|0|2|0
22836,7,True,8,13,5,5|5|8|5|7|5|3|5|3|3|3|5|7|5|3
22841,4,False,4,12,9,9|4|9|4|9|9|4|9|9|9|9|9|9|9|9
22847,3,True,2,13,4,9|4|2|3|0|4|0|4|2|4|3|4|4|4|9
22861,3,True,2,14,8,8|2|2|3|8|8|8|8|2|8|2|8|2|0|2
22871,0,True,3,15,-1,3|2|3|3|2|2|2|2|2|2|3|3|3|5|3
22884,5,False,5,14,7,7|7|8|7|7|1|7|7|7|7|7|7|7|5|3
22887,2,False,2,14,0,0|2|0|0|6|0|0|0|4|0|1|4|3|0|6
22898,7,True,8,14,8,8|8|8|8|1|8|8|8|8|7|8|8|8|8|8
22934,2,False,2,9,2,9|2|2|6|2|0|2|3|9|3|2|4|2|4|4
22949,4,False,4,13,0,0|0|2|4|0|0|0|0|0|0|0|4|2|0|0
22955,6,True,2,14,8,4|2|2|3|2|6|8|7|9|8|8|8|8|4|7
22966,0,True,1,11,1,1|0|1|1|1|1|1|2|1|0|0|1|1|0|1
22967,0,True,2,3,0,0|2|0|0|0|0|0|2|2|0|0|0|0|0|0
23040,6,True,9,15,5,5|9|5|9|1|5|2|7|7|9|9|5|7|5|5
23045,0,False,0,12,2,9|2|4|2|2|2|2|0|9|0|0|3|3|2|2
23080,1,False,1,3,1,1|1|1|1|1|1|7|3|1|1|1|7|1|1|1
23082,8,False,8,2,8,8|3|8|8|8|8|8|8|8|8|8|8|8|8|5
23091,2,True,9,13,9,7|2|9|5|9|9|9|1|7|2|7|9|5|9|9
23122,3,True,8,10,8,3|8|8|8|3|8|3|3|8|8|8|3|8|8|9
23160,2,False,2,8,2,0|2|2|2|2|2|4|2|3|2|0|6|3|0|0
23168,5,True,9,4,5,4|9|5|5|5|5|5|5|5|9|5|9|5|5|5
23178,8,False,8,5,8,8|8|7|8|8|1|8|8|1|8|7|7|8|8|8
23187,4,False,4,14,3,9|2|9|2|2|5|3|3|1|3|1|2|3|4|3
23191,3,True,2,15,2,0|2|2|0|0|0|0|2|2|2|2|4|2|2|2
23193,6,True,3,13,3,3|2|2|3|6|3|3|3|2|3|3|3|3|6|3
23212,9,True,7,13,7,7|7|3|9|7|7|7|7|9|8|7|8|7|5|7
23215,6,True,2,15,9,9|9|4|9|9|9|9|9|8|2|9|4|2|4|9
23228,3,True,2,14,2,3|2|0|2|2|0|0|2|2|2|2|0|2|0|2
23233,0,False,0,12,6,0|6|6|6|6|6|6|6|6|6|6|0|0|6|6
23237,6,True,0,11,0,6|0|2|0|6|6|0|2|3|6|0|3|3|0|2
23242,2,True,3,14,3,3|9|3|4|7|3|9|3|3|2|0|6|3|4|3
23243,3,False,3,11,2,1|2|1|2|6|3|2|9|2|3|1|3|3|7|2
23256,6,True,0,4,6,0|6|6|0|6|6|0|6|6|6|6|6|6|0|6
23265,9,True,4,2,9,9|9|9|9|9|9|9|4|9|9|9|9|4|9|9
23267,2,False,2,12,0,0|0|2|0|0|0|0|2|2|0|0|0|0|0|0
23288,5,False,5,9,-1,1|5|1|1|5|1|5|2|1|3|1|5|5|5|3
23314,0,False,0,6,0,0|2|6|8|6|6|0|0|6|0|0|0|0|0|0
23351,2,True,5,15,5,5|5|1|7|5|5|5|5|5|5|7|5|5|5|5
23357,3,False,3,6,3,8|8|3|3|3|8|3|8|3|8|3|3|8|3|3
23394,4,True,6,15,2,0|2|2|0|2|0|0|2|2|2|2|0|2|2|2
23405,9,True,4,3,9,9|9|4|4|9|9|4|9|9|9|9|9|9|9|9
23412,9,True,4,4,9,9|9|4|9|9|9|4|2|9|9|9|9|4|9|9
23413,9,True,4,12,4,9|9|4|4|0|0|2|2|2|9|2|4|4|4|0
23431,6,True,0,4,6,0|6|6|6|6|0|6|0|6|6|0|6|6|6|6
23451,1,True,5,10,5,1|1|1|1|5|5|5|5|5|1|7|5|5|5|5
23453,2,False,2,11,0,0|2|2|0|2|0|0|0|2|0|0|0|0|0|0
23454,6,True,0,11,0,0|2|6|0|0|0|6|0|6|0|0|0|6|0|2
23457,9,True,4,4,9,9|9|3|4|9|9|9|9|9|9|9|4|4|9|9
23507,7,False,7,3,7,9|9|7|7|7|7|7|7|7|7|7|7|7|9|7
23513,6,True,3,14,3,3|3|3|3|3|3|3|3|3|3|0|3|3|6|3
23539,6,True,0,11,4,6|2|6|4|6|8|2|4|2|4|2|0|4|6|4
23543,1,False,1,7,1,1|1|1|1|1|6|0|0|1|0|4|0|1|1|0
23588,2,True,3,12,3,3|2|1|2|3|3|3|3|2|3|6|3|3|3|3
23610,6,False,6,12,-1,0|2|3|5|6|6|8|8|3|8|6|0|3|9|4
23650,3,True,8,12,8,8|3|8|8|8|8|8|8|8|3|3|8|8|8|9
23668,2,True,3,8,3,3|3|3|2|2|3|3|2|2|3|2|3|2|2|3
23686,5,False,5,7,5,6|0|7|6|5|5|2|9|5|9|5|5|5|5|5
23728,3,False,3,4,3,3|3|3|2|2|3|8|3|3|3|3|2|3|3|3
23749,3,False,3,11,2,3|2|2|2|2|2|2|2|2|2|2|3|3|2|3
23773,4,True,6,10,6,6|4|6|4|6|6|6|6|4|6|6|6|6|4|4
23789,9,False,9,9,5,9|9|5|9|5|5|5|5|5|9|9|9|5|5|5
23794,6,False,6,11,6,4|9|2|6|4|9|6|2|0|6|2|0|0|4|6
23795,6,False,6,13,4,4|4|4|4|4|0|0|6|4|9|3|6|4|4|4
23844,9,True,7,13,7,9|9|7|7|7|7|7|7|7|7|7|7|7|4|7
23852,3,False,3,6,3,3|2|1|3|2|3|3|3|2|2|1|3|3|3|3
23862,6,True,5,15,7,1|7|7|5|1|3|3|5|2|7|7|7|7|5|3
23869,6,True,3,11,2,3|2|6|2|6|6|6|2|2|1|8|4|2|4|3
23875,1,False,1,1,1,1|1|1|1|0|1|1|1|1|1|1|1|1|1|1
23948,1,True,8,11,8,8|8|5|1|5|1|8|8|1|7|4|5|8|1|7
23955,6,True,0,5,6,0|6|6|0|6|6|6|0|6|6|6|0|6|0|6
24015,1,False,1,8,0,0|0|1|1|0|1|0|0|1|1|1|1|0|0|0
24039,1,True,4,15,4,4|4|4|4|4|6|4|4|4|4|8|4|6|4|2
24046,9,True,4,15,3,8|4|6|0|1|3|4|3|2|4|8|3|3|8|6
24052,9,True,7,11,7,9|7|9|7|7|7|7|7|7|9|7|7|7|9|7
24054,1,False,1,7,1,1|1|1|1|7|1|7|7|1|7|7|7|1|1|7
24090,9,False,9,15,5,5|5|5|5|5|5|5|5|5|5|5|5|5|5|5
24095,4,True,6,2,4,4|4|4|4|6|6|4|4|4|4|4|4|4|4|4
24110,1,True,3,14,3,3|3|0|0|0|3|3|3|3|1|2|6|3|0|3
24114,5,False,5,6,5,7|2|7|7|7|5|5|5|7|5|5|5|5|5|5
24141,4,True,6,6,4,9|4|4|0|6|5|3|4|8|4|4|4|4|4|4
24152,1,False,1,1,1,1|1|1|1|1|1|1|1|1|1|0|1|1|1|1
24153,2,False,2,14,4,3|3|4|9|9|6|6|4|2|4|4|3|4|9|9
24159,9,True,8,15,8,8|8|3|8|8|3|2|8|3|8|8|3|3|8|3
24181,2,True,9,7,2,9|2|2|2|9|9|2|2|7|2|2|9|5|9|2
24182,5,True,9,0,5,5|5|5|5|5|5|5|5|5|5|5|5|5|5|5
24194,3,True,2,14,4,9|2|4|4|2|4|4|2|2|3|2|4|6|4|6
24208,0,True,2,3,0,0|0|2|0|0|0|0|2|0|0|2|0|0|0|0
24254,2,True,3,10,3,3|3|2|2|2|3|8|2|2|3|3|3|3|3|3
24277,6,False,6,14,4,9|4|4|4|6|9|4|4|4|4|4|4|4|4|9
24299,0,True,1,4,0,0|0|1|0|0|1|0|0|0|0|0|1|1|0|0
24316,9,False,9,13,5,5|5|5|9|5|5|9|5|5|5|5|5|5|5|5
24344,7,True,1,2,7,7|7|1|7|7|1|7|7|7|7|7|7|7|7|7
24360,4,False,4,11,8,8|2|3|4|6|8|8|6|8|4|8|4|4|5|6
24370,4,True,6,4,4,4|4|4|4|6|6|6|4|6|4|4|4|4|4|4
24380,5,True,9,1,5,5|5|5|5|5|5|5|5|5|5|9|5|5|5|5
24391,6,True,0,7,6,6|0|6|0|6|0|0|6|0|6|6|6|6|0|0
24394,9,True,4,7,9,9|4|6|9|9|9|3|0|9|9|1|9|4|8|9
24395,3,True,8,14,8,8|8|8|3|9|8|8|8|8|8|8|8|8|8|9
24427,9,True,7,13,7,9|7|7|7|7|7|7|7|7|7|7|7|7|9|7
24439,3,True,8,6,3,3|3|3|8|8|8|8|3|3|3|3|3|8|8|3
24453,4,False,4,8,9,9|4|4|4|9|9|9|4|4|9|9|9|4|4|9
24460,7,False,7,3,7,3|7|7|7|9|7|7|7|7|3|7|7|7|7|7
24475,9,True,7,14,7,7|7|7|7|7|7|7|7|7|7|7|7|7|9|7
24476,3,False,3,10,2,3|2|2|2|2|2|3|2|2|3|3|3|2|2|2
24485,7,True,5,6,7,5|7|7|7|5|5|5|5|7|7|7|7|7|7|5
24507,6,True,3,15,9,9|5|3|4|3|3|4|4|9|4|9|4|9|9|9
24519,2,True,9,13,9,9|7|9|7|9|9|2|9|9|9|2|7|7|7|9
24526,6,True,0,0,6,6|6|6|6|6|6|6|6|6|6|6|6|6|6|6
24534,2,False,2,8,2,0|2|2|2|2|2|8|0|2|4|8|0|3|0|2
24546,4,False,4,10,4,4|2|1|4|6|6|4|3|3|4|6|6|3|4|3
24562,3,False,3,6,3,3|3|3|6|0|3|3|6|6|3|6|3|3|3|6
24563,0,True,1,9,0,2|3|0|0|0|6|8|0|4|4|8|6|0|4|0
24569,0,True,2,5,0,0|2|0|0|0|0|0|0|2|2|2|0|0|0|2
24577,4,False,4,10,9,9|9|9|4|9|9|9|9|4|4|9|4|9|4|9
24587,4,True,6,15,6,0|6|6|6|0|6|6|0|0|6|6|3|6|6|6
24598,3,False,3,5,3,3|3|2|2|2|3|4|3|2|3|3|3|3|3|3
24608,9,True,7,11,7,7|7|9|7|7|9|7|9|7|7|7|7|7|9|7
24632,9,False,9,15,5,5|5|5|5|5|5|5|5|5|5|5|5|5|5|5
24645,5,True,9,1,5,9|5|5|5|5|5|5|5|5|5|5|5|5|5|5
24650,3,True,2,15,4,4|4|6|4|4|4|4|4|4|4|8|4|4|4|2
24731,6,False,6,15,4,4|4|4|4|4|4|4|4|4|4|4|4|4|4|4
24744,4,True,6,12,8,8|8|8|4|4|6|8|0|8|8|1|4|8|8|3
24769,7,True,1,11,1,7|7|1|7|1|1|1|6|1|1|1|1|1|1|7
24770,4,False,4,3,4,9|4|4|4|4|4|3|4|4|4|4|4|4|4|9
24783,2,True,3,7,2,7|2|2|2|2|3|3|2|2|2|3|3|3|2|3
24800,9,True,7,12,7,9|7|7|9|7|7|7|7|7|7|7|7|7|9|7
24810,2,False,2,8,2,3|2|2|2|2|3|0|0|3|3|2|0|2|0|2
24813,6,True,0,4,6,6|2|6|4|6|6|6|0|6|6|6|0|6|6|6
24814,6,True,0,12,-1,3|3|1|6|6|2|2|4|2|3|6|0|2|0|3
24825,3,True,5,13,-1,5|7|2|7|7|5|7|5|7|5|3|7|5|5|3
24826,6,False,6,4,6,6|0|0|6|6|6|0|6|6|6|6|6|6|0|6
24833,2,True,3,8,2,4|2|6|2|2|6|4|2|8|6|2|4|2|4|2
24846,6,True,0,4,6,0|6|6|0|6|0|6|6|0|6|6|6|6|6|6
24848,9,True,4,8,-1,9|4|4|4|4|4|3|9|9|4|9|9|9|4|9
24851,0,False,0,13,8,6|8|8|0|8|8|8|8|6|0|8|6|8|6|4
24861,7,True,1,15,1,0|1|1|1|1|1|0|1|1|0|1|1|1|1|1
24867,1,False,1,0,1,1|1|1|1|1|1|1|1|1|1|1|1|1|1|1
24880,9,True,4,14,4,9|3|4|4|6|4|4|4|2|4|4|4|4|4|3
24892,7,True,5,14,5,1|5|5|1|5|1|5|5|5|5|5|5|7|5|5
24893,8,False,8,3,8,8|8|7|8|8|8|8|8|8|8|8|7|8|7|8
24901,6,True,9,15,5,5|5|5|9|5|5|5|5|5|5|9|5|5|5|5
24904,5,True,9,3,5,5|9|5|9|5|5|5|5|5|9|5|5|5|5|5
24905,4,True,1,15,1,1|1|1|1|1|1|0|2|1|3|1|1|1|1|1
24908,9,True,4,7,9,9|4|3|9|9|4|6|9|9|9|1|9|4|4|9
24911,0,True,1,7,0,0|0|1|1|1|1|0|0|1|0|1|1|0|0|0
24923,9,True,7,13,7,7|7|4|7|9|9|7|7|7|7|7|7|7|7|7
24944,7,True,8,15,8,8|8|8|1|1|8|8|8|3|8|8|8|8|8|8
24949,9,True,4,3,9,9|9|9|4|4|9|9|9|9|9|9|9|4|9|9
24974,5,True,9,0,5,5|5|5|5|5|5|5|5|5|5|5|5|5|5|5
25016,7,True,1,6,7,1|7|7|7|7|1|7|7|1|7|7|1|1|1|7
25026,4,False,4,9,9,9|9|4|4|9|4|4|9|4|9|9|9|4|9|9
25091,3,True,8,7,3,8|8|8|8|9|8|3|3|3|3|3|3|8|3|3
25097,6,True,0,5,6,0|0|6|0|6|6|0|6|6|6|6|6|6|0|6
25106,8,False,8,4,8,8|3|8|8|8|8|8|8|8|8|8|3|3|8|9
25125,4,True,7,15,7,7|7|7|7|7|7|7|7|9|7|7|7|7|7|7
25143,9,False,9,7,9,9|9|9|2|2|5|2|2|9|2|9|9|5|9|9
25154,9,False,9,14,5,5|5|5|5|5|5|5|5|9|5|5|5|5|5|5
25224,2,True,5,11,5,3|5|6|2|5|5|5|5|2|2|2|7|5|7|5
25232,1,False,1,3,1,1|1|1|1|1|1|0|4|1|1|1|1|1|1|0
25247,6,True,0,6,6,0|2|6|6|0|6|0|6|6|6|0|6|6|0|6
25270,2,False,2,5,2,2|3|2|2|2|2|3|2|2|3|2|4|2|2|0
25276,1,True,3,15,3,3|3|3|3|2|3|3|3|3|3|2|3|3|2|3
25277,7,False,7,2,7,7|7|7|2|7|7|7|2|7|7|7|7|7|7|7
25286,1,False,1,2,1,1|1|1|1|1|1|7|7|1|1|1|1|1|1|1
25288,3,False,3,10,6,6|3|6|3|6|3|6|0|0|6|3|6|6|4|3
25289,6,True,0,13,0,3|2|1|6|0|3|0|4|4|0|0|4|2|6|3
25292,4,False,4,12,9,9|9|4|9|9|4|2|9|9|8|9|9|4|9|9
25296,0,True,1,11,1,0|0|1|1|1|1|0|2|1|1|1|1|1|1|0
25299,5,False,5,5,5,5|7|5|1|5|5|7|5|5|3|7|5|5|5|5
25310,4,True,1,15,1,1|1|1|1|1|1|1|0|1|1|1|1|1|1|1
25321,2,False,2,12,8,0|3|8|2|0|8|6|3|8|4|8|8|2|2|3
25340,9,True,4,2,9,9|4|9|9|9|9|9|9|9|9|9|9|4|9|9
25349,6,False,6,15,0,0|0|2|0|2|0|0|2|0|0|0|0|0|0|0
25355,6,True,0,5,6,6|5|6|6|6|6|6|6|6|6|0|0|0|6|0
25357,9,True,4,10,4,4|9|4|9|4|9|2|6|4|4|4|9|4|4|9
25367,9,True,7,13,7,7|7|7|9|1|1|7|7|7|7|7|7|7|9|7
25370,2,True,3,9,3,3|3|3|2|2|3|2|3|2|2|2|3|3|3|3
25377,3,False,3,6,3,3|3|2|2|2|3|3|3|3|2|2|3|3|2|3
25391,9,True,8,14,8,8|8|8|8|3|8|8|8|8|8|8|3|8|8|9
25401,2,True,3,12,3,3|3|2|6|2|3|3|3|3|3|3|3|2|8|3
25418,4,True,6,9,4,4|4|4|4|4|5|2|2|6|9|8|3|3|4|3
25434,0,False,0,9,6,0|8|6|2|0|6|6|0|6|6|0|0|0|6|6
25436,5,True,9,3,5,9|5|5|5|2|5|5|5|9|5|5|5|5|5|5
25439,4,True,6,9,4,0|4|4|2|9|6|4|4|8|6|1|6|4|4|0
25441,9,True,4,13,3,3|3|2|0|2|6|3|3|2|3|9|4|2|3|9
25442,9,True,4,4,9,9|9|4|9|9|9|4|9|9|4|9|9|4|9|9
25447,1,True,5,8,1,1|3|1|1|1|5|5|5|1|3|1|5|1|5|3
25452,2,True,5,15,7,5|7|1|5|7|5|7|7|3|7|7|5|7|5|5
25453,5,False,5,3,5,7|5|5|7|5|5|5|5|5|5|7|5|5|5|5
25468,4,True,1,15,1,1|1|1|1|7|1|1|1|1|7|7|1|1|1|7
25519,2,True,3,9,3,7|2|3|2|2|3|3|2|2|3|2|3|3|3|3
25524,4,False,4,3,4,9|4|4|4|4|4|2|4|4|4|9|4|4|4|4
25548,0,True,2,15,9,9|9|4|4|2|9|2|9|2|2|9|4|2|9|9
25561,8,True,2,10,8,0|2|6|8|6|8|0|0|8|8|8|0|3|2|6
25570,9,True,8,15,8,8|8|3|8|8|8|8|8|8|3|3|8|8|3|8
25583,6,False,6,13,4,4|4|4|4|6|4|4|0|4|4|6|4|4|4|4
25624,5,False,5,12,7,1|7|5|8|7|8|7|5|2|2|7|1|8|7|5
25627,5,False,5,15,7,7|7|7|1|9|7|9|7|1|7|7|7|7|9|7
25676,5,False,5,6,5,1|3|1|1|5|5|5|5|1|5|1|5|5|5|5
25712,6,True,0,6,6,0|9|6|6|6|6|0|0|6|6|4|0|6|6|6
25720,5,False,5,5,5,5|5|5|5|5|5|7|5|9|1|7|5|5|5|7
25728,6,True,3,11,3,6|3|3|2|1|3|6|3|2|3|3|3|6|6|3
25734,8,False,8,4,8,8|8|8|1|1|8|8|8|4|3|8|8|8|8|8
25752,1,False,1,6,1,1|1|7|7|7|1|7|7|1|7|1|1|1|1|1
25764,9,True,6,15,8,8|1|8|0|6|8|7|8|8|4|8|8|8|8|8
25770,1,True,5,13,5,5|5|1|2|1|5|5|5|8|3|5|5|5|5|5
25777,0,True,1,13,1,1|1|1|1|0|1|1|4|1|1|1|1|1|1|0
25779,7,True,8,12,8,8|8|8|8|7|8|7|8|8|8|7|8|8|8|8
25798,9,True,4,12,4,9|4|4|4|0|4|6|9|2|9|0|4|4|0|4
25840,6,True,0,9,0,6|2|6|0|0|0|6|6|6|0|0|0|0|0|6
25859,4,True,6,7,4,4|4|6|6|4|6|6|4|4|4|6|4|9|4|6
25868,7,True,5,13,5,5|5|4|7|5|5|5|2|5|5|5|5|5|5|7
25877,4,False,4,6,4,9|4|2|4|0|4|2|4|9|4|4|4|4|4|2
25892,7,False,7,1,7,3|7|7|7|7|7|7|7|7|7|7|7|7|7|7
25899,7,False,7,13,5,2|5|2|5|7|5|5|5|2|5|9|9|5|7|5
25903,6,True,0,4,6,6|6|6|0|0|6|6|6|6|6|6|6|0|0|6
25906,3,True,8,10,8,8|8|8|8|8|3|8|3|8|3|3|3|8|8|9
25928,2,False,2,15,4,4|9|4|9|4|4|4|4|4|9|9|4|4|9|4
25975,2,True,3,12,3,3|3|2|3|3|3|3|3|2|3|1|3|3|1|2
25995,9,True,4,0,9,9|9|9|9|9|9|9|9|9|9|9|9|9|9|9
26027,3,True,8,8,8,3|3|8|3|3|8|8|8|8|3|8|3|8|8|3
26062,9,False,9,15,5,4|5|5|5|5|5|5|5|5|0|5|5|5|5|5
26067,3,False,3,3,3,3|3|6|6|3|3|2|3|3|3|3|3|3|3|3
26078,0,False,0,12,6,0|4|4|0|6|6|6|0|6|6|6|6|6|6|4
26095,0,True,1,8,0,0|0|1|1|6|3|0|0|1|6|1|0|1|0|0
26097,4,True,7,15,7,7|7|7|7|8|7|7|7|7|7|7|7|7|7|7
26099,4,False,4,9,4,3|2|3|4|6|6|4|4|2|4|4|6|6|4|6
26119,6,False,6,14,4,4|4|4|4|6|4|4|4|4|4|4|4|4|4|4
26134,2,True,3,9,3,3|3|3|2|3|3|6|2|3|2|3|3|2|2|2
26140,1,True,5,13,5,7|5|1|7|1|5|5|5|5|7|5|7|7|7|5
26143,7,True,8,13,8,8|8|8|8|8|8|8|8|7|8|8|8|7|8|8
26167,2,True,3,9,3,3|2|3|2|3|3|3|3|2|2|2|3|3|2|3
26185,0,True,1,8,1,0|1|1|1|0|1|0|0|1|1|0|1|0|1|0
26189,5,False,5,6,5,7|5|7|7|5|5|5|5|5|5|2|7|5|5|7
26196,1,True,3,15,6,6|4|6|4|6|4|6|0|0|6|5|6|6|6|6
26202,4,True,6,2,4,4|4|4|4|0|4|2|4|4|4|4|4|4|4|4
26219,5,True,9,2,5,5|5|5|5|1|5|5|5|5|5|5|5|9|5|5
26230,2,True,3,15,4,9|9|4|4|4|9|4|4|4|4|4|4|4|9|9
26259,4,False,4,14,9,9|9|4|9|9|9|9|9|9|9|9|9|9|9|9
26268,9,True,4,15,4,4|8|3|4|8|4|2|2|8|0|8|4|4|1|4
26273,0,False,0,6,0,0|2|0|0|6|0|6|2|0|0|0|0|6|2|0
26287,4,False,4,8,4,3|4|4|9|2|2|4|4|9|4|2|4|0|4|3
26315,9,True,7,7,9,9|9|9|2|9|7|7|2|2|2|9|9|5|9|9
26328,2,True,7,15,7,9|5|7|7|7|7|7|7|7|7|7|7|7|5|7
26336,6,False,6,14,8,1|8|0|8|0|8|0|0|8|6|8|8|8|2|4
26339,9,True,4,8,9,4|4|9|6|9|9|4|3|9|9|8|4|2|9|9
26374,6,True,0,5,6,0|0|6|0|0|6|0|6|6|6|6|6|6|6|6
26378,2,True,9,11,5,7|7|5|5|5|9|2|9|2|5|5|9|2|5|2
26393,8,False,8,6,8,8|8|8|8|7|8|7|8|8|7|7|7|7|8|8
26394,9,True,4,11,4,9|4|2|4|9|4|4|4|2|0|4|4|9|4|9
26415,3,False,3,5,3,3|3|3|2|3|2|3|3|2|2|3|3|3|2|3
26425,3,False,3,4,3,3|3|2|2|2|3|3|3|3|3|3|3|3|2|3
26428,3,False,3,15,4,4|4|4|4|1|0|2|2|2|0|0|4|4|0|0
26433,8,True,2,14,2,0|2|2|2|2|0|0|2|2|2|2|8|4|2|2
26448,3,False,3,7,3,6|3|2|3|7|1|3|3|2|3|2|3|3|6|3
26450,8,False,8,2,8,8|8|8|8|9|8|8|8|8|8|8|8|8|8|9
26452,0,True,1,12,1,1|1|1|1|0|1|1|0|1|0|1|1|1|1|1
26460,0,False,0,9,6,0|0|6|6|6|0|6|0|6|6|6|0|6|6|0
26486,0,True,2,9,2,0|2|2|8|0|0|2|0|2|2|2|0|0|4|2
26499,0,True,1,10,1,0|1|1|0|1|1|1|1|1|2|0|1|0|1|0
26520,8,False,8,1,8,8|8|8|8|7|8|8|8|8|8|8|8|8|8|8
26529,4,True,6,15,0,0|2|6|0|0|0|0|2|0|8|0|0|0|0|2
26535,1,False,1,5,1,1|7|1|1|7|1|1|4|1|1|1|1|1|4|0
26536,4,False,4,7,4,4|4|3|2|7|9|3|4|9|4|9|4|4|4|4
26579,6,False,6,5,6,6|8|6|6|6|0|6|6|6|6|0|0|0|6|6
26604,9,True,4,7,9,9|4|9|4|9|9|4|9|9|4|4|4|4|9|9
26610,2,True,3,11,3,3|6|3|3|2|3|8|3|2|2|3|6|3|2|3
26628,1,True,5,13,5,5|5|5|1|5|1|5|5|5|5|5|5|2|5|5
26629,0,True,2,6,0,0|2|0|0|2|0|2|0|2|0|2|0|2|0|0
26635,2,False,2,13,0,0|0|0|3|6|0|0|2|0|0|2|0|0|0|0
26657,9,True,7,15,7,7|7|7|7|7|7|7|7|7|7|7|7|7|7|7
26678,1,False,1,5,1,1|1|1|1|0|1|1|5|1|7|7|1|7|1|1
26695,6,False,6,9,4,6|9|6|4|6|0|6|4|4|4|4|6|4|4|6
26704,0,True,2,4,0,0|2|0|0|0|0|0|6|2|0|2|0|0|0|0
26709,8,False,8,3,8,8|8|8|8|9|8|8|8|8|3|8|8|8|8|4
26725,3,True,8,11,8,8|3|8|8|3|8|8|8|8|3|8|3|8|9|8
26736,7,True,5,10,5,7|5|5|7|7|5|5|5|5|7|5|7|5|5|5
26748,5,True,9,0,5,5|5|5|5|5|5|5|5|5|5|5|5|5|5|5
26760,3,False,3,7,3,3|3|2|3|7|3|8|2|3|2|3|3|6|2|3
26763,0,False,0,10,6,0|6|6|0|6|9|0|2|4|6|6|6|6|0|0
26770,3,True,8,15,8,8|8|8|8|8|8|8|8|8|8|8|8|8|8|9
26783,1,False,1,3,1,1|0|1|1|0|1|1|0|1|1|1|1|1|1|1
26786,0,True,1,9,1,0|1|1|1|0|1|1|0|1|0|0|1|1|1|0
26795,4,False,4,11,3,3|4|4|4|3|6|3|6|0|3|3|4|3|9|0
26813,1,False,1,3,1,1|1|1|1|7|1|1|7|1|1|1|7|1|1|1
26822,5,False,5,5,5,1|5|1|5|5|1|5|5|5|5|1|5|5|5|7
26823,3,True,8,10,8,3|8|3|3|8|8|8|3|8|8|3|8|8|5|7
26825,7,False,7,0,7,7|7|7|7|7|7|7|7|7|7|7|7|7|7|7
26826,6,True,1,15,1,1|1|1|1|1|1|1|1|1|1|1|1|1|1|1
26831,5,True,9,4,5,5|5|5|9|9|5|5|5|5|5|9|9|5|5|5
26834,0,False,0,9,6,6|0|6|6|0|6|0|6|6|6|6|6|0|0|0
26836,9,True,7,12,7,9|9|7|7|7|7|7|7|7|7|7|9|7|7|7
26860,3,False,3,10,-1,9|9|3|9|9|6|2|3|3|2|9|6|3|1|3
26861,4,True,5,15,5,5|2|5|2|5|5|5|2|5|3|5|2|7|5|5
26880,3,False,3,11,4,9|4|4|4|4|3|3|3|2|2|4|3|9|4|9
26910,7,True,8,14,8,8|8|8|8|8|8|8|8|8|8|8|8|8|8|7
26939,9,True,4,15,2,2|3|2|4|2|2|2|2|4|2|2|4|6|2|2
26961,0,True,2,7,0,0|2|0|2|0|8|2|0|8|0|2|0|0|0|2
26969,0,True,7,15,7,1|4|9|5|7|7|7|5|7|7|7|7|4|5|7
27030,5,False,5,11,-1,3|3|8|7|5|5|7|2|1|3|1|7|7|5|5
27034,9,True,7,12,7,9|1|7|7|7|9|7|7|7|7|7|7|7|9|7
27049,6,True,0,6,6,6|4|6|0|0|0|6|6|0|6|0|6|6|6|6
27050,1,False,1,2,1,1|7|1|1|1|1|1|1|1|1|7|1|1|1|1
27102,5,True,9,1,5,5|5|5|9|5|5|5|5|5|5|5|5|5|5|5
27107,8,False,8,3,8,8|8|8|8|8|8|8|8|3|3|8|8|8|8|9
27192,5,True,9,5,5,5|9|5|9|9|9|5|5|5|5|5|5|5|9|5
27199,2,True,7,15,7,7|7|7|7|7|7|7|7|7|7|7|7|7|7|7
27216,4,True,6,15,-1,0|8|6|0|6|6|0|0|0|0|0|6|6|6|6
27248,7,True,5,4,7,7|7|5|7|7|7|7|5|7|7|7|7|7|5|5
27278,7,False,7,6,7,9|9|7|7|9|7|7|9|7|7|7|9|7|9|7
27282,4,False,4,8,4,0|4|4|4|2|4|2|4|8|2|1|2|2|4|4
27293,6,True,2,14,0,0|4|0|0|6|8|0|4|2|4|2|0|2|2|4
27306,9,True,8,14,8,8|8|8|8|8|8|8|8|8|8|8|8|7|8|9
27329,2,False,2,14,6,6|6|6|4|6|6|6|4|2|6|6|4|0|0|4
27345,6,False,6,10,-1,8|4|4|4|2|6|6|4|6|6|8|6|2|4|2
27353,1,False,1,8,7,7|1|1|7|1|1|7|7|1|7|7|1|7|1|7
27368,0,False,0,14,6,8|9|1|6|6|6|6|6|6|6|9|0|6|8|9
27369,8,False,8,2,8,8|8|8|8|7|8|8|8|8|8|7|8|8|8|8
27381,5,True,9,9,9,9|5|9|9|9|5|5|5|2|9|5|5|9|2|9
27402,8,False,8,4,8,8|7|1|8|8|8|8|8|8|8|8|8|8|1|4
27409,8,False,8,10,3,3|3|3|3|3|3|8|3|8|3|8|3|8|8|3
27422,8,False,8,2,8,8|8|8|8|8|8|8|8|8|8|8|8|8|3|9
27426,5,True,9,2,5,5|5|5|9|5|5|5|5|9|5|5|5|5|5|5
27432,2,True,9,11,9,9|9|2|9|2|5|7|2|2|9|9|9|9|9|9
27454,9,True,7,13,5,5|5|5|5|5|5|5|5|9|9|7|5|5|5|5
27457,1,False,1,6,1,1|1|7|1|7|1|1|6|1|7|8|1|1|1|4
27467,2,True,3,12,3,3|3|3|2|2|3|3|2|9|3|4|4|3|4|3
27477,6,False,6,10,0,0|8|0|0|0|8|6|0|4|6|6|8|0|6|6
27482,3,False,3,9,3,0|3|6|6|3|6|0|3|0|3|4|4|6|3|3
27487,1,True,5,10,5,1|5|3|1|5|1|5|5|1|5|5|5|1|5|5
27488,1,True,0,14,0,0|0|3|0|0|1|0|6|6|6|6|0|6|0|2
27496,9,True,7,15,7,1|7|7|7|7|7|7|7|7|3|5|5|7|5|4
27499,1,False,1,9,-1,1|7|7|1|7|1|0|6|1|1|7|7|1|7|4
27520,1,True,8,14,8,8|8|8|8|8|8|8|8|8|8|1|8|8|8|8
27529,1,False,1,4,1,1|1|1|1|1|1|0|0|1|1|0|1|1|1|0
27541,7,False,7,1,7,7|7|7|7|7|7|7|7|7|4|7|7|7|7|7
27563,3,False,3,7,3,3|2|2|2|6|3|3|2|3|3|3|3|3|2|2
27564,8,False,8,1,8,8|8|8|8|8|8|8|3|8|8|8|8|8|8|8
27570,4,False,4,6,4,9|4|4|4|9|9|4|9|9|4|4|4|4|4|9
27575,6,False,6,9,6,6|2|6|4|6|0|8|6|0|1|3|5|6|6|0
27588,2,False,2,11,3,3|3|2|0|2|6|8|3|2|6|3|4|2|6|3
27631,6,False,6,9,6,0|2|6|6|6|6|8|4|8|6|8|8|2|4|6
27639,4,True,6,3,4,4|4|4|4|6|6|4|4|4|4|4|4|6|4|4
27658,9,True,4,9,4,9|3|4|4|4|9|4|9|9|4|4|9|4|4|9
27667,2,True,3,12,6,3|2|2|2|0|6|6|3|3|3|1|0|6|6|6
27687,0,True,2,8,0,0|4|6|0|0|9|0|0|2|4|0|4|4|4|0
27720,9,True,7,12,7,9|7|7|7|7|7|7|7|9|7|7|7|7|9|7
27738,3,True,5,15,5,5|1|1|5|5|5|5|5|5|5|5|5|5|5|5
27744,7,False,7,11,5,7|7|5|5|5|5|7|5|5|2|1|7|5|5|5
27745,7,True,8,11,8,8|8|7|8|7|8|8|8|8|8|8|8|7|8|7
27746,3,True,5,13,5,5|5|5|2|5|5|5|3|3|2|2|5|2|5|5
27754,9,True,7,14,7,7|7|7|7|7|7|7|7|7|7|7|7|7|9|7
27759,2,True,3,12,3,3|6|6|4|2|3|3|4|2|2|8|6|3|6|3
27765,0,True,5,15,7,7|5|7|7|7|7|5|7|1|7|1|5|7|5|5
27766,1,False,1,8,0,1|0|0|1|1|1|0|0|1|1|0|1|0|0|0
27799,6,True,0,12,0,0|8|6|0|0|0|0|0|6|0|0|0|0|6|0
27847,0,True,2,11,8,0|3|2|8|0|0|8|8|8|2|2|8|0|2|4
27852,7,False,7,5,7,9|2|7|7|1|7|7|2|7|7|7|7|7|1|7
27862,4,True,7,15,7,7|7|7|7|9|7|7|7|7|7|7|7|7|7|7
27867,8,True,7,15,7,7|7|7|7|7|7|7|7|7|7|7|7|7|7|7
27890,4,True,6,7,4,6|4|4|4|6|4|4|4|6|6|6|6|2|4|4
27900,9,True,7,14,7,7|5|7|7|7|7|7|7|7|3|7|9|7|5|7
27917,2,True,3,11,3,3|3|2|2|2|3|3|3|3|3|2|3|3|3|3
27949,7,False,7,12,5,9|9|7|9|7|5|5|7|5|5|5|5|5|5|5
27956,5,False,5,7,5,5|5|3|3|5|3|3|5|3|5|5|5|5|7|3
27957,1,False,1,4,1,1|7|1|1|7|1|1|4|1|1|1|1|7|1|1
27966,5,False,5,4,5,5|1|1|5|5|5|5|5|5|5|5|5|1|2|5
27979,2,False,2,9,0,0|2|2|0|2|8|2|0|2|0|0|0|0|0|2
27998,7,True,5,10,5,5|5|5|3|7|7|7|5|2|1|5|7|5|5|7
28006,2,True,3,9,3,3|2|2|3|6|2|2|3|2|3|3|3|3|2|3
28034,9,True,4,12,4,4|4|4|4|9|4|4|4|4|4|4|9|4|4|9
28042,5,True,9,0,5,5|5|5|5|5|5|5|5|5|5|5|5|5|5|5
28049,1,True,5,9,1,5|3|3|1|1|1|5|2|1|5|1|9|1|5|3
28065,9,True,4,6,9,9|9|4|4|9|9|4|9|4|4|9|4|9|9|9
28076,5,False,5,11,7,7|7|7|7|7|7|7|5|7|7|7|5|5|5|7
28078,4,True,6,3,4,4|4|6|4|4|4|4|4|4|4|6|4|4|4|9
28085,6,True,3,10,3,6|3|2|2|6|6|3|2|2|3|3|3|6|3|6
28098,8,False,8,7,8,3|3|8|8|8|3|8|3|3|8|8|8|3|8|3
28116,9,False,9,8,-1,5|0|5|9|5|9|9|9|5|9|5|9|5|5|9
28118,9,True,4,15,4,3|8|1|4|4|1|0|4|4|4|4|4|2|4|4
28164,5,True,9,1,5,9|5|5|5|5|5|5|5|5|5|5|5|5|5|5
28172,1,False,1,1,1,1|1|1|1|1|1|1|2|1|1|1|1|1|1|1
28176,0,True,1,9,1,0|1|1|1|1|1|0|0|1|1|1|1|0|0|0
28177,8,False,8,8,-1,3|8|3|8|3|8|8|3|3|8|3|3|8|8|9
28181,5,False,5,4,5,5|5|2|5|5|5|5|5|2|5|2|1|5|5|5
28197,0,True,1,12,1,1|1|1|1|0|1|0|0|1|1|1|1|1|1|1
28200,5,False,5,9,5,5|5|1|1|5|1|5|2|7|5|1|8|1|6|5
28206,2,False,2,12,0,0|2|2|0|0|0|0|0|2|0|0|4|0|0|0
28210,4,True,6,15,0,0|2|2|0|6|0|6|2|0|6|0|0|0|2|2
28220,1,False,1,5,1,1|7|1|7|1|1|7|1|1|1|1|1|7|1|7
28243,1,True,3,15,3,3|3|6|2|3|3|3|3|3|3|3|3|3|3|3
28295,7,True,8,11,8,8|8|8|7|7|1|8|8|8|8|8|7|7|8|4
28296,4,True,6,14,0,0|0|0|0|4|0|6|2|6|0|0|0|6|0|0
28342,7,True,1,9,1,1|1|1|7|7|1|1|7|1|7|1|7|1|1|7
28346,8,False,8,2,8,8|8|1|8|8|8|8|8|8|8|8|8|8|8|4
28402,9,False,9,15,5,5|5|5|5|5|5|5|5|5|5|5|5|5|5|5
28421,6,True,3,14,3,6|2|7|3|3|3|3|3|2|3|3|3|3|3|3
28424,2,True,9,8,2,9|5|9|2|2|5|9|2|2|2|2|9|5|7|2
28458,9,False,9,13,5,9|5|5|5|5|5|5|5|5|5|7|9|5|5|5
28463,6,False,6,5,6,0|6|6|6|0|6|6|0|6|6|6|6|6|0|0
28513,6,True,3,12,3,7|3|6|4|1|3|3|3|6|6|3|3|3|4|9
28530,0,True,2,5,0,0|2|2|0|0|0|6|0|0|0|4|0|4|0|0
28534,4,True,6,3,4,9|4|4|4|4|9|4|4|4|0|4|4|4|4|4
28556,9,True,4,11,2,9|9|4|9|2|2|2|2|2|4|0|9|4|2|2
28563,5,True,9,2,5,5|5|5|5|5|5|5|5|9|5|5|9|5|5|5
28575,3,False,3,7,3,3|2|2|2|3|3|3|2|2|3|2|3|3|2|3
28577,6,False,6,14,-1,0|4|2|4|4|0|0|4|2|0|0|4|6|4|0
28595,9,True,4,12,4,4|9|4|4|9|9|4|2|4|4|4|4|4|4|4
28597,1,False,1,5,1,1|1|1|1|0|1|1|0|1|1|1|0|0|1|7
28599,6,True,3,15,3,3|3|2|3|2|3|2|3|3|3|3|3|3|2|3
28601,0,True,2,2,0,0|2|0|0|0|0|0|0|2|0|0|0|0|0|0
28616,9,True,4,6,9,9|9|4|9|9|9|9|9|4|9|4|9|4|4|4
28626,6,True,3,9,-1,6|3|2|2|0|6|6|2|2|2|6|6|2|3|6
28639,9,True,7,8,9,5|9|5|9|7|9|7|9|5|9|9|9|5|5|5
28642,3,False,3,6,3,6|3|2|2|3|3|6|3|6|3|3|6|3|3|3
28647,4,True,6,3,4,4|4|4|4|6|4|2|4|4|4|4|4|4|4|6
28681,9,True,4,8,9,9|3|9|4|4|9|2|4|9|0|9|9|4|9|4
28689,4,True,6,9,9,9|9|4|4|4|9|2|9|4|4|9|9|4|9|9
28721,6,True,3,11,3,0|3|2|2|6|6|6|3|3|3|3|3|6|4|3
28758,4,False,4,6,4,4|8|4|9|9|4|2|4|4|9|9|4|4|4|4
28791,2,False,2,11,0,0|2|0|0|6|8|6|2|2|4|0|0|4|0|2
28792,6,False,6,14,4,9|2|4|3|4|6|2|4|2|2|3|4|3|4|9
28799,6,False,6,6,6,6|6|6|0|0|0|0|0|6|6|6|0|6|6|6
28802,2,False,2,11,0,0|2|2|0|0|0|0|2|0|0|0|0|2|0|0
28831,6,True,0,10,-1,3|3|6|9|9|6|3|6|0|6|4|3|1|6|3
28832,6,True,9,15,7,7|5|7|9|5|7|5|7|7|5|7|5|7|5|3
28837,1,True,8,15,8,8|8|8|8|8|8|8|8|8|8|8|8|8|8|9
28849,6,False,6,2,6,6|6|6|6|6|6|6|6|6|6|0|6|6|0|6
28898,6,True,3,13,3,3|0|3|6|6|2|0|3|3|3|1|3|3|3|3
28931,5,True,9,0,5,5|5|5|5|5|5|5|5|5|5|5|5|5|5|5
28952,3,True,2,11,4,9|3|2|4|9|5|4|9|3|3|4|4|4|4|3
28981,8,True,5,14,5,5|2|8|1|5|5|2|5|2|3|2|5|5|5|3
29007,0,False,0,4,0,0|6|6|0|0|6|0|0|0|6|0|0|0|0|0
29010,0,False,0,9,6,0|0|6|0|6|0|6|6|6|6|0|6|6|0|6
29017,9,True,8,15,8,8|8|8|8|8|8|8|3|8|3|8|3|8|8|8
29033,1,True,5,12,7,7|7|1|1|7|5|7|7|5|5|7|7|2|1|5
29041,4,True,6,11,4,9|4|2|3|6|5|6|3|0|4|4|8|6|4|8
29054,0,True,2,6,0,0|0|0|0|0|0|0|2|2|2|2|0|2|0|2
29086,0,False,0,10,6,0|6|6|6|6|0|6|0|6|6|0|6|6|0|6
29117,1,False,1,5,1,1|1|1|1|1|1|7|7|1|1|1|7|7|1|7
29124,3,False,3,9,2,3|2|2|2|2|2|3|2|2|3|3|3|3|2|2
29125,7,True,5,12,5,1|5|3|2|5|1|0|5|5|7|7|5|2|4|7
29137,4,True,7,15,7,5|3|7|9|7|5|5|5|1|7|3|9|1|7|7
29146,6,True,0,4,6,6|6|6|6|6|6|6|0|6|0|6|0|6|0|6
29160,6,True,0,3,6,6|6|6|0|6|6|0|6|6|6|6|6|6|0|6
29197,6,True,0,10,0,6|0|6|0|0|0|0|0|0|6|0|6|0|6|0
29208,2,False,2,15,4,9|4|4|4|4|9|4|4|9|4|4|4|4|4|4
29231,0,True,1,11,1,0|1|1|1|0|1|1|0|1|1|1|1|1|1|0
29233,5,True,9,4,5,9|9|5|9|5|5|5|5|8|5|5|5|5|5|5
29236,5,True,9,2,5,9|5|5|9|5|5|5|5|5|5|5|5|5|5|5
29241,1,True,5,11,5,1|3|1|1|1|5|5|2|9|7|5|7|5|5|5
29247,8,False,8,8,-1,3|3|8|8|3|8|8|3|3|8|3|8|3|8|5
29250,6,True,2,6,6,6|9|6|6|0|6|6|6|6|2|1|4|4|6|6
29253,9,True,4,13,4,9|4|4|4|4|4|4|4|4|4|4|4|4|4|9
29298,0,True,1,6,0,0|0|0|1|0|1|1|0|0|1|1|1|0|0|0
29300,1,True,8,15,8,8|3|8|8|3|8|8|8|8|8|8|8|3|8|9
29312,6,True,0,10,0,0|0|0|0|0|0|6|6|6|6|0|0|6|0|0
29342,5,True,9,0,5,5|5|5|5|5|5|5|5|5|5|5|5|5|5|5
29346,0,True,1,14,1,1|1|1|1|1|1|1|7|1|1|7|7|1|1|0
29376,7,True,5,7,7,5|7|7|7|7|1|7|5|7|7|5|7|5|2|5
29397,7,False,7,0,7,7|7|7|7|7|7|7|7|7|7|7|7|7|7|7
29400,3,True,2,11,2,0|2|3|3|2|8|6|3|2|2|2|0|3|8|2
29409,7,True,8,10,8,8|7|8|8|7|6|8|5|7|8|8|7|7|5|8
29423,0,True,2,14,4,4|4|6|6|4|4|4|0|2|6|4|4|4|4|4
29429,7,False,7,4,7,9|9|7|7|7|7|7|9|7|7|7|7|7|9|7
29438,1,False,1,2,1,1|1|7|1|1|1|1|0|1|1|1|1|1|1|1
29444,2,True,6,15,6,6|6|6|6|6|6|6|6|6|6|6|6|6|0|6
29467,1,True,5,15,7,7|5|7|7|7|5|5|5|5|7|5|5|7|7|7
29502,0,True,2,12,4,0|4|9|4|0|0|9|4|8|4|2|4|2|9|4
29535,4,False,4,14,9,9|9|9|9|9|9|9|2|9|9|9|9|9|9|4
29562,5,False,5,6,5,7|7|5|7|5|5|5|5|2|7|5|7|5|5|5
29564,6,True,2,12,2,6|4|0|4|2|2|3|4|2|2|0|6|6|2|3
29567,2,True,3,13,3,3|3|3|6|2|6|3|3|2|3|4|4|3|3|3
29595,2,True,3,4,2,3|2|6|2|2|2|2|2|3|2|2|3|2|2|2
29615,7,False,7,9,9,9|7|7|7|9|9|7|9|9|2|9|7|7|9|9
29647,1,True,5,12,5,1|3|5|1|5|5|5|3|5|5|5|5|5|1|5
29660,1,False,1,4,1,1|1|7|1|1|1|0|6|1|1|1|1|1|1|0
29662,4,True,6,14,6,6|6|6|6|0|6|6|0|6|6|6|0|6|4|0
29667,9,True,7,10,7,9|7|7|9|7|9|7|9|9|7|7|7|7|7|7
29688,5,False,5,7,5,1|5|7|7|5|5|5|5|5|3|2|7|5|5|7
29692,9,False,9,12,5,9|5|5|5|5|9|5|5|5|9|5|5|5|5|5
29720,4,True,6,14,6,6|3|6|3|6|6|4|3|6|6|1|6|6|0|6
29750,8,False,8,1,8,8|8|8|8|9|8|8|8|8|8|8|8|8|8|8
29752,6,True,1,13,1,1|1|1|1|1|1|1|1|1|1|1|1|1|6|6
29772,6,True,0,8,6,6|6|6|0|8|6|8|6|6|3|0|4|6|8|0
29785,6,False,6,14,0,2|8|8|0|6|8|2|0|0|0|0|8|0|2|0
29796,4,False,4,13,9,9|9|9|9|9|9|9|4|9|4|9|9|9|9|9
29803,0,True,1,13,1,0|1|1|1|7|7|1|0|1|1|1|1|1|4|1
29835,1,True,3,15,0,6|3|2|4|4|6|0|0|0|3|6|3|2|2|0
29852,6,True,3,15,3,3|3|2|3|3|3|3|3|3|3|3|3|3|2|3
29857,2,True,3,10,3,3|3|2|2|2|3|3|2|2|3|3|3|3|3|3
29871,9,True,7,14,7,9|7|7|7|7|7|7|7|7|7|7|7|7|7|7
29892,6,True,0,5,6,0|0|6|0|0|6|6|6|6|6|0|6|6|6|6
29907,1,True,8,13,8,8|8|8|2|1|8|8|8|1|8|8|8|8|8|2
29989,0,False,0,11,6,0|3|3|6|6|6|3|0|8|0|0|4|6|2|6
29991,4,False,4,2,4,9|4|4|4|4|4|4|4|4|4|9|4|4|4|4
30004,1,True,8,13,0,8|0|4|0|0|1|0|0|4|8|6|0|1|0|0
30062,3,True,7,13,7,7|7|5|7|7|7|3|7|7|8|3|7|7|5|7
30131,9,True,6,15,2,0|2|2|2|2|0|4|2|2|2|3|0|3|2|2
30136,2,True,3,13,3,3|3|2|4|3|6|1|6|3|3|2|6|3|1|3
30164,2,True,7,12,7,7|9|2|7|7|7|7|2|7|2|7|7|7|9|7
30186,5,False,5,3,5,5|3|5|1|5|5|5|3|5|5|5|5|5|5|5
30194,4,True,6,15,0,0|0|6|0|0|6|6|6|6|6|0|0|6|0|0
30203,9,True,4,9,4,9|4|4|2|8|9|9|9|9|4|4|4|4|4|9
30228,0,True,1,14,1,1|1|1|1|1|1|1|0|1|1|1|1|1|1|1
30238,2,True,5,14,5,5|5|5|2|1|5|7|5|3|7|5|7|5|5|7
30264,4,False,4,3,4,4|2|4|4|6|4|4|2|4|4|4|4|4|4|4
30274,8,False,8,5,8,8|8|8|8|8|8|2|8|5|8|3|7|8|8|9
30290,0,False,0,14,4,4|4|3|4|6|4|3|9|4|4|3|4|4|0|4
30293,8,False,8,5,8,8|8|8|7|7|8|7|8|8|7|8|7|8|8|8
30297,9,False,9,13,5,5|5|5|9|5|5|5|5|5|5|5|9|5|5|5
30313,8,False,8,6,8,8|5|5|8|7|8|8|7|1|8|8|8|8|8|7
30318,1,False,1,5,1,1|1|7|1|7|1|1|1|1|7|7|1|7|1|1
30340,9,False,9,12,5,5|9|5|9|5|5|5|5|5|5|9|5|5|5|5
30384,8,True,2,11,2,4|2|8|2|8|8|6|2|2|8|2|2|2|2|2
30406,5,False,5,8,5,1|3|7|1|5|1|5|2|1|3|5|5|5|5|5
30413,3,True,8,12,8,8|8|8|3|8|8|8|8|8|3|3|8|8|8|9
30414,0,False,0,9,6,0|6|6|0|6|6|0|6|0|6|6|6|6|0|0
30425,7,True,1,7,7,1|1|7|7|7|1|7|7|1|7|7|1|7|1|1
30441,1,False,1,9,0,0|0|1|1|0|1|0|0|1|1|0|1|0|0|0
30451,6,False,6,14,4,4|4|4|4|6|9|4|4|4|4|4|4|4|4|4
30452,9,True,8,13,8,3|3|8|8|9|8|8|8|8|8|8|8|8|8|9
30477,7,False,7,7,7,7|2|7|2|1|7|7|2|2|7|2|7|7|2|7
30492,7,True,8,12,8,8|8|8|8|8|8|7|7|8|3|7|8|8|8|8
30518,9,True,4,12,4,4|4|4|4|6|9|2|4|4|4|8|4|4|9|9
30525,9,True,4,4,9,9|9|9|9|9|9|9|9|4|4|9|9|4|4|9
30534,0,False,0,5,0,0|8|6|0|0|0|0|0|0|6|0|6|6|0|0
30551,9,True,4,2,9,9|4|9|9|9|9|9|4|9|9|9|9|9|9|9
30556,4,True,6,14,-1,4|2|2|0|0|0|0|0|2|0|2|2|2|0|2
30561,4,False,4,7,4,0|3|4|4|9|0|4|9|4|4|4|9|9|4|4
30563,2,False,2,13,8,0|2|8|8|2|6|8|4|0|6|3|8|8|6|0
30573,2,True,5,11,5,5|5|2|2|5|5|5|2|2|3|5|5|5|1|5
30581,7,False,7,15,5,5|9|9|9|5|5|5|9|5|5|9|9|5|5|9
30594,6,True,2,15,9,9|4|4|2|9|9|9|9|2|4|9|9|4|4|9
30610,5,False,5,15,7,7|7|7|7|7|7|7|7|2|7|7|7|7|1|7
30669,5,False,5,12,1,1|5|1|1|9|1|1|2|2|5|1|1|3|1|5
30675,4,False,4,4,4,4|4|4|4|4|9|4|4|4|9|9|4|4|4|6
30683,4,True,0,14,6,0|2|1|3|0|6|6|6|2|6|2|3|8|1|4
30690,6,True,3,13,2,3|2|2|2|3|6|2|2|2|6|3|3|2|2|2
30696,1,True,8,12,8,8|1|8|8|8|8|8|1|1|8|8|8|8|7|4
30750,4,True,6,1,4,4|4|4|4|6|4|4|4|4|4|4|4|4|4|4
30777,2,False,2,13,0,0|0|0|0|6|8|0|0|2|0|2|8|0|0|4
30786,2,True,3,13,3,2|0|0|3|6|3|3|3|3|2|1|3|6|3|6
30810,0,True,2,1,0,0|0|0|0|0|0|0|0|2|0|0|0|0|0|0
30817,9,True,7,15,7,3|3|7|7|7|7|7|7|7|3|7|7|7|7|7
30828,4,True,1,14,1,1|1|1|1|1|1|1|4|1|1|1|1|1|1|7
30846,2,True,3,9,3,3|2|2|6|2|3|2|3|3|3|2|3|3|2|3
30866,8,True,6,13,4,4|4|6|4|4|4|8|4|4|8|4|4|4|4|4
30867,3,False,3,6,3,3|3|2|2|6|3|6|3|3|3|3|3|3|2|2
30870,2,True,3,13,3,3|2|3|2|3|3|3|3|3|3|3|3|3|3|3
30891,2,True,3,5,2,4|3|3|2|2|2|2|2|2|3|2|0|2|2|2
30903,5,False,5,8,5,5|5|7|7|7|8|5|5|2|7|0|5|5|5|2
30905,0,False,0,12,6,0|6|6|0|6|6|6|6|6|6|6|6|6|0|6
30935,5,False,5,10,7,7|5|5|7|3|5|7|7|2|7|7|5|7|2|5
30939,9,True,7,11,7,9|7|9|7|9|7|7|7|7|7|7|7|7|9|7
30962,6,True,0,2,6,0|6|6|0|6|6|6|6|6|6|6|6|6|6|6
30964,2,True,3,12,3,3|2|1|0|0|3|6|3|2|3|2|3|3|0|3
30969,1,True,5,15,5,5|5|5|7|5|5|5|5|2|7|5|5|5|5|5
30976,6,True,0,8,-1,0|2|6|0|6|6|0|0|6|6|0|6|6|0|0
30988,9,True,7,14,7,7|7|9|7|7|7|7|7|7|7|7|7|7|7|7
30992,6,False,6,8,6,6|9|6|0|6|0|0|6|4|6|0|0|6|4|6
30993,9,True,6,13,4,9|4|4|4|6|9|0|4|4|4|0|4|4|4|4
30995,1,True,5,13,5,1|5|5|1|5|5|5|5|5|2|7|5|5|5|5
30996,8,False,8,4,8,8|3|8|8|8|3|8|8|8|8|8|8|3|8|9
30997,0,True,2,8,0,0|4|2|4|2|0|6|4|0|2|0|0|6|0|0
31007,1,False,1,8,1,1|1|7|8|6|1|1|3|1|7|1|1|7|7|5
31015,4,True,7,9,7,4|7|4|4|7|7|7|4|7|4|7|7|7|4|7
31019,6,True,0,6,6,0|0|6|6|6|6|6|0|6|6|0|0|6|0|6
31026,3,True,8,14,8,8|8|8|2|1|8|8|8|8|3|8|8|8|8|9
31027,3,True,7,15,7,7|4|4|4|7|7|4|4|4|7|7|7|7|4|7
31041,5,False,5,6,5,1|5|5|2|5|5|5|5|8|3|1|5|5|5|3
31042,5,False,5,9,5,7|3|5|1|5|5|1|5|1|5|3|9|7|5|7
31077,9,False,9,15,5,5|5|5|5|5|5|5|5|5|5|5|5|5|5|5
31088,7,True,8,10,8,8|8|8|8|7|8|7|7|8|8|7|8|8|1|7
31094,0,False,0,11,6,0|0|6|0|6|6|6|6|6|6|6|0|6|6|6
31100,5,False,5,10,1,5|1|1|1|1|1|5|5|5|3|2|5|1|1|3
31121,4,True,7,12,7,7|4|4|7|0|7|7|7|7|7|7|7|7|4|7
31147,0,False,0,15,6,6|2|6|4|6|6|6|6|6|4|1|4|4|4|6
31187,9,False,9,13,7,7|7|1|2|1|5|5|7|9|7|7|9|5|5|7
31202,6,True,0,5,6,6|6|6|0|6|0|0|6|6|6|6|0|6|6|0
31214,1,False,1,5,1,0|1|1|1|1|1|1|0|1|1|1|0|1|0|0
31244,1,True,5,9,-1,5|3|1|1|1|1|5|5|1|3|1|5|5|5|3
31247,1,False,1,7,1,0|7|1|1|0|1|1|3|1|1|1|0|1|0|0
31252,6,True,0,14,0,0|2|2|0|6|4|0|0|2|0|1|0|0|0|2
31253,7,True,8,15,8,8|8|8|8|8|8|8|8|8|8|8|8|8|8|8
31254,2,True,3,14,6,0|5|6|6|2|6|6|4|6|6|6|6|6|0|6
31265,9,True,4,13,4,9|4|4|4|4|4|4|9|4|4|4|4|4|4|4
31292,5,True,9,1,5,9|5|5|5|5|5|5|5|5|5|5|5|5|5|5
31297,0,False,0,7,0,0|0|6|0|6|6|6|6|0|6|0|0|6|0|0
31306,5,True,9,1,5,5|5|5|5|5|5|5|9|5|5|5|5|5|5|5
31336,4,True,6,13,8,9|0|9|6|7|8|8|8|8|8|8|4|4|8|9
31343,7,True,8,15,8,8|8|8|8|1|8|8|8|8|8|8|8|8|8|8
31357,4,True,7,13,7,7|4|7|7|7|7|7|3|7|4|7|7|7|7|7
31359,3,False,3,15,9,9|9|4|4|9|9|4|9|9|4|9|4|4|4|9
31390,3,False,3,10,3,1|3|3|2|7|3|1|6|2|1|3|1|8|7|3
31407,7,False,7,1,7,7|7|4|7|7|7|7|7|7|7|7|7|7|7|7
31409,9,True,4,10,4,9|4|4|4|4|6|4|9|4|9|9|4|4|9|4
31429,3,True,5,15,5,1|1|5|1|1|1|5|5|5|5|1|5|5|5|5
31443,6,True,0,7,6,0|6|0|0|6|0|6|6|6|0|0|6|6|0|6
31457,3,False,3,6,3,6|3|2|2|3|3|3|3|3|3|2|3|4|2|3
31479,6,False,6,12,4,9|4|6|4|0|0|6|4|6|0|4|4|4|4|4
31511,1,True,5,14,7,1|5|7|7|7|7|7|5|2|5|5|7|7|5|5
31516,1,True,8,10,8,8|8|1|1|1|1|8|9|8|8|1|8|8|8|9
31519,3,False,3,2,3,3|3|3|3|2|3|3|3|3|3|3|3|3|2|3
31526,9,False,9,14,5,5|9|5|5|5|5|5|5|5|5|5|5|5|5|5
31541,0,False,0,10,-1,0|2|6|4|6|6|0|2|6|4|6|8|0|0|0
31553,0,True,1,10,1,1|0|1|1|0|1|1|0|1|0|7|1|1|0|1
31566,5,False,5,8,7,5|5|7|7|7|5|5|5|7|5|7|7|7|5|7
31567,2,True,5,5,2,5|2|2|2|5|2|5|2|2|5|2|2|2|5|2
31568,4,True,6,7,4,4|3|3|4|6|6|2|4|4|6|4|4|4|4|6
31570,4,True,6,14,2,6|2|2|4|0|0|3|2|2|6|2|6|6|0|0
31585,5,True,9,2,5,5|5|5|9|5|5|5|5|5|5|5|9|5|5|5
31593,0,True,5,15,5,1|5|2|5|5|1|5|5|5|7|5|7|7|5|3
31661,9,False,9,14,5,9|5|5|5|5|5|5|5|5|5|5|5|5|5|5
31695,4,False,4,4,4,9|9|0|4|4|9|4|4|4|4|4|4|4|4|4
31714,0,True,1,11,1,1|0|1|1|0|1|1|0|1|0|1|1|1|1|1
31725,6,True,3,14,3,3|2|3|2|6|3|3|3|3|3|3|3|3|3|3
31730,4,True,6,0,4,4|4|4|4|4|4|4|4|4|4|4|4|4|4|4
31768,1,False,1,11,7,1|7|7|7|7|7|7|7|1|7|7|1|7|1|7
31780,6,False,6,5,6,6|9|4|4|6|6|6|6|6|4|6|6|6|4|6
31796,4,True,6,1,4,4|4|4|4|6|4|4|4|4|4|4|4|4|4|4
31828,8,False,8,3,8,8|8|8|8|1|8|8|8|8|8|8|8|1|8|9
31911,7,False,7,1,7,7|7|7|7|9|7|7|7|7|7|7|7|7|7|7
31924,9,True,7,13,7,7|7|7|7|7|7|7|7|9|7|7|7|7|9|7
31926,4,True,7,14,7,9|9|4|7|7|7|7|7|7|9|7|7|7|7|7
31981,0,False,0,8,6,0|0|6|6|6|6|6|0|6|6|0|0|0|6|0
31982,4,True,6,15,6,6|2|0|6|6|6|0|0|6|3|6|6|6|0|6
32018,2,True,3,8,2,1|3|6|2|2|3|2|2|2|2|3|3|3|6|2
32042,5,True,9,1,5,5|5|5|5|9|5|5|5|5|5|5|5|5|5|5
32073,6,True,2,12,-1,6|2|2|2|4|4|4|4|2|3|2|6|6|4|9
32087,6,False,6,14,4,4|4|4|4|6|0|4|4|4|4|4|4|4|4|4
32092,9,True,7,13,7,5|7|7|7|7|9|7|7|8|7|7|7|7|9|7
32112,0,False,0,10,6,6|0|6|0|6|0|6|0|0|6|6|6|6|6|6
32119,0,True,2,3,0,0|0|2|0|0|0|0|2|0|3|0|0|0|0|0
32140,6,True,0,13,0,0|0|6|0|0|0|0|0|0|6|0|0|0|0|0
32177,0,False,0,8,6,6|0|0|0|6|6|6|6|0|6|0|0|6|0|6
32202,6,True,0,8,6,6|1|0|4|0|0|6|6|4|8|6|8|6|6|6
32209,5,False,5,6,5,5|5|5|2|1|1|5|3|5|5|2|5|5|5|7
32219,3,True,2,15,2,6|2|2|2|0|6|2|2|0|8|0|0|0|4|2
32251,4,True,6,13,0,0|0|6|4|6|8|6|0|0|0|0|8|6|0|4
32286,6,True,0,12,-1,6|2|0|2|6|3|6|3|1|1|1|8|3|2|7
32291,0,False,0,11,6,0|0|6|6|6|6|6|6|6|0|6|6|6|0|6
32293,9,True,7,7,9,9|9|5|9|9|9|5|9|9|5|7|9|7|5|7
32331,4,True,6,1,4,4|4|4|4|4|9|4|4|4|4|4|4|4|4|4
32371,7,True,8,13,8,8|1|8|8|7|1|7|8|8|8|1|8|8|1|8
32381,8,False,8,3,8,8|8|8|8|8|8|8|3|8|3|8|8|8|8|9
32393,9,True,8,15,8,8|8|3|3|3|8|3|8|8|8|8|8|3|8|3
32400,5,True,9,1,5,5|5|5|9|5|5|5|5|5|5|5|5|5|5|5
32413,6,False,6,15,4,4|4|4|0|8|0|0|4|4|4|2|4|4|4|4
32422,8,False,8,5,8,8|8|8|3|8|3|8|8|8|8|8|3|3|8|9
32442,2,False,2,10,2,3|3|2|6|8|6|3|3|2|8|8|8|2|2|2
32486,6,True,0,3,6,6|6|6|6|6|0|0|6|6|6|6|6|6|6|0
32500,6,True,0,4,6,6|0|6|0|0|6|6|6|6|6|6|6|6|0|6
32503,5,True,9,1,5,9|5|5|5|5|5|5|5|5|5|5|5|5|5|5
32522,5,False,5,7,5,1|5|1|1|5|1|5|5|5|3|1|9|5|5|5
32529,7,False,7,1,7,7|7|2|7|7|7|7|7|7|7|7|7|7|7|7
32531,7,True,5,8,-1,7|5|7|5|7|5|5|7|2|7|7|5|7|5|5
32538,0,True,1,10,1,0|0|1|1|1|1|3|0|1|0|0|1|1|1|1
32581,6,True,0,8,0,0|0|0|0|6|0|6|0|6|6|0|6|0|6|6
32585,0,True,2,10,2,0|2|2|0|0|6|2|2|2|0|2|8|2|2|0
32592,2,True,5,15,7,7|7|7|7|7|7|7|7|7|3|7|7|7|7|7
32602,0,False,0,14,6,6|3|6|6|0|6|6|6|6|6|6|6|6|6|6
32637,8,False,8,5,8,8|8|8|8|3|8|8|3|3|8|8|3|8|8|3
32662,5,False,5,4,5,1|5|5|1|5|5|5|5|5|5|1|5|5|1|5
32673,9,False,9,15,5,5|5|5|5|5|5|5|5|5|5|5|5|5|5|5
32674,6,True,0,11,0,6|0|6|0|0|0|0|0|0|6|0|0|6|0|0
32684,3,True,2,15,-1,6|0|2|2|2|6|0|7|8|2|8|0|6|6|7
32702,3,True,7,15,7,7|7|7|9|7|7|7|7|7|7|7|9|7|7|9
32714,0,False,0,8,6,0|0|6|0|6|0|6|0|6|6|0|6|6|0|6
32725,3,True,5,15,7,7|7|9|7|7|7|7|7|7|7|7|7|7|9|9
32730,4,False,4,5,4,9|4|4|4|2|9|4|4|9|9|4|4|4|4|4
32731,2,True,5,5,2,7|2|2|2|2|5|7|2|2|2|2|7|2|5|2
32737,1,False,1,4,1,1|1|1|1|1|1|8|2|1|1|0|1|1|1|0
32744,9,False,9,13,5,9|5|5|9|5|5|5|5|5|5|5|5|5|5|5
32795,0,True,2,2,0,0|0|0|2|0|0|0|0|2|0|0|0|0|0|0
32801,9,True,7,15,7,7|7|7|1|3|7|7|7|2|3|5|7|7|5|3
32808,9,False,9,15,5,5|5|5|5|5|5|5|5|5|5|5|5|5|5|5
32816,6,True,0,8,-1,0|3|6|0|6|0|0|0|6|6|0|6|0|6|6
32826,8,False,8,8,-1,8|3|8|3|8|3|8|3|3|8|3|8|3|8|7
32828,9,False,9,15,5,5|5|5|2|5|1|5|5|1|3|2|3|5|5|5
32833,5,False,5,6,5,5|5|7|5|5|5|5|5|7|7|5|7|7|5|7
32861,7,True,1,15,1,0|1|1|1|0|1|1|0|1|1|0|1|1|1|0
32899,9,True,4,8,4,9|4|4|4|4|9|4|4|4|9|9|4|9|9|9
32912,0,True,2,15,4,9|4|2|4|4|9|9|4|9|4|2|4|4|4|9
32919,8,False,8,3,8,8|8|8|8|1|8|8|8|8|8|7|8|7|8|8
32927,5,True,9,1,5,5|9|5|5|5|5|5|5|5|5|5|5|5|5|5
32998,4,True,6,13,8,8|8|8|9|6|8|8|8|4|6|1|8|8|4|8
33052,9,True,4,4,9,9|9|4|9|9|0|4|9|9|9|9|9|9|4|9
33055,3,False,3,2,3,3|2|3|3|2|3|3|3|3|3|3|3|3|3|3
33062,8,False,8,3,8,8|3|8|8|8|8|8|3|8|8|8|8|8|8|7
33084,5,True,9,2,5,5|5|5|9|5|5|5|5|5|5|5|9|5|5|5
33089,6,True,0,6,6,6|6|2|6|6|0|6|6|0|6|6|0|0|0|6
33095,4,True,6,0,4,4|4|4|4|4|4|4|4|4|4|4|4|4|4|4
33108,6,True,3,14,3,3|3|3|3|2|3|3|3|3|6|3|3|3|3|3
33109,5,True,9,1,5,5|5|5|5|9|5|5|5|5|5|5|5|5|5|5
33124,5,False,5,9,5,1|2|3|2|3|5|5|3|3|5|5|3|2|5|5
33127,0,False,0,12,6,6|4|6|4|6|6|6|0|4|6|0|0|6|6|6
33133,9,True,4,13,4,4|9|2|4|6|2|3|9|8|4|8|4|4|4|3
33137,0,True,2,7,0,0|2|0|0|2|0|0|0|2|9|8|0|3|0|2
33176,6,True,2,15,2,0|2|2|0|2|2|2|2|0|3|0|0|1|2|2
33182,7,False,7,1,7,7|7|4|7|7|7|7|7|7|7|7|7|7|7|7
33208,0,True,2,5,0,0|2|2|4|0|0|4|0|0|0|2|0|0|0|0
33222,2,False,2,10,0,0|2|2|2|0|0|0|0|0|0|2|0|2|0|0
33223,0,False,0,8,6,0|0|6|6|6|0|6|6|0|6|6|6|0|0|0
33225,4,False,4,6,4,9|0|4|9|9|9|4|4|4|9|4|4|4|4|4
33233,9,True,4,2,9,9|9|4|9|9|9|9|9|9|4|9|9|9|9|9
33257,6,True,0,7,6,0|6|0|6|6|0|6|6|6|6|0|0|0|0|6
33277,0,False,0,12,6,0|6|6|6|6|6|6|0|6|6|1|0|6|6|6
33291,0,False,0,12,6,0|6|6|6|6|6|6|0|6|6|6|6|6|0|6
33301,5,False,5,5,5,1|3|1|1|5|5|5|2|5|5|5|5|5|5|5
33317,3,True,2,10,3,9|3|2|2|9|2|9|3|8|3|2|3|3|4|9
33354,5,True,9,0,5,5|5|5|5|5|5|5|5|5|5|5|5|5|5|5
33363,9,True,8,15,-1,1|2|6|2|6|0|6|3|6|3|1|4|1|1|4
33364,0,False,0,15,8,8|8|6|8|6|8|3|9|8|8|6|9|3|9|4
33378,7,False,7,3,7,9|7|7|7|9|7|7|7|2|7|7|7|7|7|7
33399,5,True,9,1,5,5|5|5|9|5|5|5|5|5|5|5|5|5|5|5
33446,6,False,6,14,0,0|2|6|4|2|0|0|0|2|0|2|0|0|0|2
33447,5,True,4,15,4,9|2|6|4|4|2|2|4|6|0|4|4|4|4|2
33448,9,False,9,9,5,9|9|5|2|5|5|5|5|5|9|9|9|9|5|5
33464,8,False,8,6,8,8|8|8|8|8|3|8|3|3|8|3|8|3|8|9
33469,9,False,9,14,5,5|5|5|5|5|5|5|5|9|5|5|5|5|5|5
33476,9,True,8,14,8,8|8|8|8|8|8|8|3|8|3|8|3|8|8|9
33484,6,True,0,6,6,0|0|6|0|6|6|6|6|6|0|6|6|6|0|0
33502,6,True,9,15,5,9|5|5|9|7|5|5|5|9|5|5|9|5|5|5
33520,0,True,2,13,6,6|9|6|6|6|6|6|0|6|6|6|0|6|4|6
33539,9,True,7,13,7,7|5|7|7|7|7|7|7|7|9|2|7|7|7|9
33553,5,False,5,9,-1,1|3|1|3|5|3|5|5|3|3|3|5|7|5|5
33556,4,False,4,4,4,4|4|4|4|6|4|4|4|9|3|3|4|4|4|4
33557,2,True,5,12,5,1|2|7|1|1|5|5|2|2|1|5|5|7|5|3
33568,1,False,1,6,1,0|1|1|1|0|1|0|4|1|1|1|1|1|0|0
33583,9,True,7,14,7,7|7|7|7|7|7|7|7|7|7|7|9|7|7|7
33592,9,True,4,15,3,6|8|3|3|3|3|3|3|3|3|6|3|3|3|3
33595,0,True,2,7,0,0|2|0|2|2|0|0|2|2|0|2|0|0|0|2
33600,6,True,0,6,6,0|0|6|0|6|6|0|6|6|6|6|0|0|6|6
33601,9,True,4,2,9,9|9|3|9|9|9|9|9|9|9|9|9|4|9|9
33623,3,False,3,4,3,3|3|6|3|2|3|3|3|3|3|3|3|6|8|3
33625,9,True,7,15,7,7|2|7|7|7|7|7|3|7|7|7|7|7|7|7
33628,7,True,8,10,8,8|8|7|8|7|8|8|7|8|8|7|8|7|8|8
33634,9,True,4,12,4,9|4|4|4|4|9|4|4|4|4|9|4|4|4|4
33637,5,False,5,3,5,5|5|5|5|5|5|5|5|2|1|1|5|5|5|5
33679,4,True,6,2,4,4|4|4|4|6|4|2|4|4|4|4|4|4|4|4
33719,0,False,0,15,4,4|4|4|4|9|2|6|4|6|4|2|4|6|4|4
33721,5,False,5,7,5,5|5|5|5|7|7|5|5|2|7|7|7|5|5|7
33796,7,True,1,13,1,1|7|1|1|7|1|1|4|1|1|1|1|1|1|1
33823,5,True,9,1,5,5|5|5|5|5|5|5|5|9|5|5|5|5|5|5
33851,5,True,6,15,2,9|2|2|2|6|2|2|2|2|4|2|0|0|8|2
33868,9,False,9,9,2,9|2|2|5|2|9|9|2|2|2|2|9|9|2|9
33907,6,False,6,14,4,4|8|3|4|6|4|4|4|4|4|8|4|4|4|2
33916,8,False,8,7,8,8|3|3|8|3|3|3|8|8|3|8|8|8|8|5
33922,7,True,5,11,7,0|8|7|1|8|1|6|7|1|3|7|9|7|2|5
33970,8,False,8,2,8,8|8|1|8|7|8|8|8|8|8|8|8|8|8|8
33977,6,False,6,15,-1,9|4|9|4|4|9|2|4|9|9|9|9|4|4|4
33993,5,False,5,3,5,5|5|5|1|5|5|5|5|5|3|1|5|5|5|5
34003,8,True,1,15,1,1|1|1|1|1|1|1|0|1|7|1|1|1|1|1
34006,3,False,3,11,6,6|3|3|2|2|6|2|3|2|6|6|6|6|0|3
34009,4,True,6,15,6,0|0|6|0|6|6|0|6|6|6|1|8|6|6|0
34047,9,False,9,7,9,9|9|9|2|9|9|7|5|2|7|7|9|9|9|5
34050,2,True,9,12,7,9|7|9|7|9|7|7|8|7|2|2|7|5|2|9
34056,5,True,6,14,8,0|8|8|0|0|8|8|5|6|9|8|8|7|8|8
34074,7,False,7,5,7,9|7|9|7|7|7|7|9|7|3|2|7|7|7|7
34076,5,True,9,4,5,9|5|5|9|5|9|5|5|5|5|9|5|5|5|5
34084,4,False,4,14,9,9|9|4|9|9|9|9|9|9|9|9|9|9|9|9
34102,4,False,4,5,4,9|4|4|4|9|4|2|4|4|4|9|4|4|4|9
34103,5,True,9,0,5,5|5|5|5|5|5|5|5|5|5|5|5|5|5|5
34104,0,True,1,13,1,1|1|1|1|0|1|1|0|1|1|1|1|1|1|1
34132,8,False,8,13,4,8|3|2|4|2|0|8|0|4|4|1|3|7|4|4
34135,3,False,3,4,3,3|3|2|2|3|3|3|3|2|3|2|3|3|3|3
34154,0,True,2,11,2,4|2|2|2|0|0|8|2|2|0|2|0|2|2|2
34158,0,True,2,8,2,0|2|2|2|0|0|0|2|2|2|0|0|2|0|2
34182,2,False,2,15,0,0|0|0|0|0|0|0|0|0|0|0|0|0|0|0
34188,9,True,6,14,4,9|4|4|4|4|4|2|4|4|4|4|4|4|4|4
34205,9,True,7,13,7,9|9|7|7|7|7|7|5|7|7|7|7|7|7|7
34243,5,True,9,1,5,5|5|5|5|9|5|5|5|5|5|5|5|5|5|5
34249,0,True,2,5,0,0|2|2|0|0|0|2|2|0|0|0|0|0|0|2
34251,3,True,5,11,5,7|3|2|8|5|5|5|3|3|3|2|5|8|5|5
34277,0,False,0,15,6,6|6|4|4|6|6|6|6|4|6|6|6|6|4|6
34281,7,False,7,7,7,7|2|7|5|9|7|7|7|7|7|5|5|7|5|3
34296,0,True,2,9,-1,0|2|2|0|0|0|2|0|4|4|2|0|2|4|2
34312,5,True,9,1,5,5|5|5|5|5|5|5|5|5|5|5|9|5|5|5
34327,1,True,5,14,7,7|7|7|7|7|1|5|7|9|9|3|9|8|2|7
34342,6,True,0,8,0,6|0|6|0|6|0|0|6|0|6|0|0|6|0|6
34345,3,True,2,9,3,3|0|2|0|3|3|3|2|2|3|2|6|3|2|6
34360,0,True,2,2,0,0|0|0|2|0|0|0|2|0|0|0|0|0|0|0
34369,5,False,5,5,5,5|1|5|5|7|5|5|5|1|5|5|7|5|5|7
34384,9,True,8,15,8,8|8|8|8|8|8|8|7|8|8|8|8|8|8|8
34390,7,True,8,4,7,8|1|7|7|7|7|7|7|8|7|7|7|7|7|9
34397,2,True,3,5,2,3|2|2|2|2|3|3|2|2|2|3|3|2|2|2
34442,5,True,9,0,5,5|5|5|5|5|5|5|5|5|5|5|5|5|5|5
34463,0,True,1,7,0,1|0|1|1|1|0|0|0|1|0|0|1|1|0|0
34465,2,False,2,10,0,0|0|2|2|0|2|2|0|0|0|0|4|0|0|2
34467,3,False,3,7,3,3|3|3|9|4|3|2|3|2|3|3|3|6|2|1
34469,0,True,1,14,1,1|1|7|1|1|1|1|0|1|1|1|1|1|1|1
34481,6,True,3,10,3,6|3|6|4|3|6|3|6|2|6|3|3|2|4|3
34484,7,True,1,9,1,1|7|7|1|7|1|1|6|1|7|1|1|7|1|7
34502,1,False,1,2,1,1|1|1|1|1|1|1|0|1|1|1|1|0|1|1
34508,2,True,3,14,3,3|4|4|2|6|3|3|4|3|3|3|3|3|4|3
34513,6,True,0,2,6,6|0|6|0|6|6|6|6|6|6|6|6|6|6|6
34529,9,False,9,11,5,9|5|9|9|9|5|5|2|8|5|5|5|5|5|5
34539,7,False,7,2,7,7|7|7|7|7|7|7|9|7|7|7|7|7|7|2
34547,1,False,1,14,0,0|4|1|4|0|2|5|2|0|3|4|9|0|8|2
34568,3,True,8,11,8,8|8|8|8|3|3|8|3|8|8|3|8|8|8|9
34586,7,False,7,10,9,9|7|5|9|9|5|7|9|9|7|7|9|7|9|9
34620,6,True,0,11,0,0|6|7|0|0|0|0|0|0|6|0|6|0|6|2
34623,2,True,5,7,2,5|2|2|2|2|5|5|2|2|5|2|5|5|5|2
34694,3,False,3,6,3,3|3|2|2|2|3|2|3|2|3|3|3|3|2|3
34700,9,True,7,15,7,3|3|7|7|7|7|7|7|7|7|7|7|5|5|7
34702,6,True,0,5,6,6|0|0|6|6|6|6|6|6|6|6|0|0|0|6
34709,9,True,4,3,9,9|9|4|9|4|9|4|9|9|9|9|9|9|9|9
34714,6,True,2,13,8,6|8|0|8|8|9|2|0|8|6|8|0|2|2|2
34721,9,True,4,13,4,3|4|4|4|9|2|3|4|9|4|4|4|4|4|2
34722,7,False,7,8,-1,7|9|7|9|9|9|9|9|7|7|7|9|7|5|7
34723,9,True,4,9,-1,4|9|4|4|2|4|4|2|9|3|9|9|4|9|9
34729,2,True,7,14,7,7|3|9|9|7|7|7|7|2|7|7|7|7|5|7
34732,9,True,7,14,7,7|7|7|7|7|7|7|7|7|3|7|7|7|9|7
34770,9,True,7,14,7,7|7|7|7|7|7|7|7|7|7|7|7|7|9|7
34782,4,False,4,6,4,4|9|4|4|4|5|6|4|7|4|8|4|4|4|2
34791,4,True,6,15,6,6|6|6|6|6|6|6|0|6|6|6|6|6|0|6
34796,9,True,7,14,7,9|7|7|7|7|7|7|7|2|7|7|7|7|7|7
34824,6,False,6,15,4,4|4|4|4|4|4|4|4|4|4|4|4|4|4|4
34828,5,False,5,4,5,7|1|5|1|5|5|5|5|5|1|5|5|5|5|5
34831,7,False,7,5,7,7|8|9|9|7|7|7|7|7|7|7|7|7|5|2
34846,6,False,6,13,4,9|4|4|4|4|9|6|4|4|6|9|9|4|4|4
34852,7,False,7,4,7,9|4|7|7|7|7|7|7|7|2|7|7|7|5|7
34854,2,True,7,9,7,7|3|2|7|2|7|7|2|2|7|2|7|3|2|7
34869,9,False,9,15,5,5|5|5|5|5|5|5|5|5|5|5|5|5|5|5
34895,6,True,0,3,6,0|6|6|0|6|6|6|6|6|6|0|6|6|6|6
34899,0,True,1,9,1,0|0|7|1|1|1|1|0|1|1|1|1|0|0|0
34902,5,True,9,3,5,5|5|5|9|5|5|5|5|5|5|5|9|5|5|9
34908,5,False,5,5,5,1|5|1|1|5|5|5|5|5|5|7|9|5|5|5
34915,2,True,6,15,4,6|4|4|4|6|4|6|4|4|6|6|4|4|4|6
34927,2,False,2,13,0,0|2|0|0|0|0|0|2|0|6|0|0|0|4|0
34929,7,False,7,2,7,9|7|7|7|7|9|7|7|7|7|7|7|7|7|7
34945,3,True,2,12,4,3|8|2|8|4|3|6|4|2|3|4|6|4|2|6
35005,1,False,1,3,1,1|1|1|1|1|1|0|0|1|1|1|1|1|1|0
35023,5,False,5,12,7,1|3|3|2|5|1|5|5|7|7|7|7|3|7|3
35044,9,True,4,10,-1,9|3|4|4|9|5|3|3|9|4|9|3|3|4|9
35056,6,True,0,5,6,0|6|6|0|6|0|6|0|6|6|6|6|6|6|4
35058,6,False,6,14,4,4|4|4|4|6|4|4|4|4|4|4|4|4|4|4
35060,1,False,1,6,1,1|1|1|0|0|1|1|0|1|7|0|1|1|1|0
35067,9,True,7,9,7,9|9|9|7|7|7|7|9|7|7|7|7|7|9|9
35079,7,True,8,12,8,8|2|7|7|8|1|1|7|2|8|8|8|8|6|4
35110,9,True,4,3,9,9|9|9|9|9|4|9|9|9|9|9|9|4|4|9
35113,6,True,0,4,6,6|8|6|6|6|6|0|6|6|6|0|0|6|6|6
35118,1,False,1,6,1,7|7|1|7|1|1|7|6|1|7|1|1|1|1|1
35124,8,False,8,2,8,8|8|8|8|8|8|8|8|8|8|7|8|8|8|5
35125,3,False,3,5,3,4|3|3|4|3|3|8|3|3|3|3|9|3|9|3
35141,2,False,2,7,2,0|2|2|0|1|0|6|2|2|2|2|4|2|6|2
35154,6,True,3,13,2,3|2|3|2|2|6|6|3|2|2|2|3|3|2|3
35170,1,True,8,13,8,4|8|1|8|8|1|6|8|8|8|8|8|8|8|8
35173,7,True,1,13,1,1|1|7|1|1|1|0|8|1|7|3|1|0|0|0
35209,9,False,9,12,5,5|5|9|2|9|5|5|2|5|5|5|9|5|5|5
35215,2,False,2,13,0,6|9|2|0|2|9|8|4|0|0|9|4|0|4|0
35231,5,True,9,4,5,4|5|5|9|9|5|5|5|9|5|5|5|5|5|5
35233,5,True,9,3,5,5|5|9|9|5|5|5|5|5|5|5|9|5|5|5
35239,5,False,5,7,5,5|3|1|1|5|1|5|5|5|3|1|5|1|5|5
35267,5,False,5,8,5,1|3|2|2|5|1|5|2|2|3|5|5|5|5|5
35269,3,True,5,15,5,7|5|7|5|5|1|7|2|5|5|1|5|5|5|5
35306,6,True,0,4,6,6|0|6|0|6|0|6|6|6|6|0|6|6|6|6
35314,6,True,3,13,-1,3|2|2|3|2|3|8|3|2|6|2|6|3|2|3
35318,9,True,7,13,7,9|7|7|7|7|7|7|9|7|7|7|7|7|7|7
35325,4,True,1,9,-1,4|3|1|4|0|1|0|4|1|4|1|4|1|1|4
35339,2,False,2,10,2,0|8|2|3|2|6|6|8|6|2|8|2|0|0|2
35345,9,True,8,15,3,8|3|3|8|8|3|3|3|8|8|3|8|3|8|3
35364,6,False,6,6,6,6|2|6|0|6|0|6|6|0|0|6|6|6|6|0
35380,3,True,2,13,2,3|2|3|9|2|2|4|4|2|2|2|0|2|2|2
35389,3,True,5,15,-1,1|5|1|1|5|1|5|2|1|5|7|7|7|5|7
35438,4,False,4,11,9,9|9|9|4|9|9|9|9|4|4|9|9|4|9|9
35441,4,True,6,1,4,4|4|4|4|6|4|4|4|4|4|4|4|4|4|4
35449,4,True,6,0,4,4|4|4|4|4|4|4|4|4|4|4|4|4|4|4
35450,7,True,1,13,1,1|8|1|1|1|1|7|0|1|3|1|1|1|1|7
35469,5,True,9,1,5,5|5|5|9|5|5|5|5|5|5|5|5|5|5|5
35491,5,False,5,9,7,7|5|5|7|5|7|7|5|7|7|7|1|7|5|5
35496,4,True,6,1,4,9|4|4|4|4|4|4|4|4|4|4|4|4|4|4
35513,0,True,2,1,0,0|0|0|0|0|0|0|2|0|0|0|0|0|0|0
35518,6,False,6,15,4,4|4|4|4|4|0|4|4|4|4|4|4|4|4|4
35529,2,True,3,12,3,3|3|2|2|7|3|6|3|3|3|2|3|3|3|3
35546,7,True,8,12,8,8|8|7|8|3|8|8|8|3|8|7|8|8|8|7
35560,6,False,6,15,4,4|4|4|4|4|4|4|4|4|4|4|4|4|4|4
35566,8,False,8,6,8,8|3|8|8|8|3|8|3|8|8|3|3|8|8|9
35571,6,False,6,15,4,4|4|4|4|4|4|4|4|4|4|4|4|4|4|4
35640,9,False,9,14,5,5|5|5|5|5|5|5|5|5|9|5|5|5|5|5
35644,2,False,2,5,2,0|2|2|2|2|2|2|0|8|2|2|4|3|2|2
35648,0,True,2,14,-1,6|4|3|0|8|6|3|3|4|8|6|3|4|4|6
35651,4,True,6,14,0,0|0|0|0|0|0|6|0|2|0|2|0|2|0|4
35659,0,True,2,15,2,3|2|4|4|8|2|2|4|2|8|2|4|2|1|7
35660,9,False,9,15,5,5|5|5|5|5|5|5|5|5|5|5|5|5|5|5
35688,6,True,0,7,6,6|8|3|4|6|6|0|0|6|6|6|3|3|6|6
35697,0,False,0,9,6,0|6|6|0|6|6|6|6|6|6|0|0|0|0|6
35707,7,True,5,13,5,5|9|5|9|7|2|5|5|2|0|7|5|5|5|5
35748,1,True,8,13,-1,8|8|1|4|0|6|2|4|4|2|1|8|0|0|6
35753,6,True,2,14,-1,0|2|3|9|8|0|4|0|2|6|0|4|2|4|4
35760,9,True,4,4,9,9|4|9|4|9|9|9|9|9|4|9|4|9|9|9
35811,6,True,0,2,6,0|6|6|6|6|6|6|6|6|6|0|6|6|6|6
35825,2,False,2,15,0,0|0|0|0|0|0|0|0|0|0|0|0|0|0|0
35827,9,True,4,15,6,6|2|4|5|6|6|8|7|0|3|0|2|6|4|5
35880,4,True,1,15,0,0|3|2|1|0|1|0|2|2|2|0|0|1|3|0
35884,1,True,5,12,5,1|2|3|1|1|5|5|5|5|5|5|5|5|5|5
35901,7,False,7,6,7,7|7|1|1|7|7|7|5|2|7|2|7|7|5|7
35914,7,True,1,15,1,1|1|1|1|1|1|1|1|1|1|1|1|1|4|1
35923,7,False,7,3,7,9|7|7|7|7|7|7|2|7|7|2|7|7|7|7
35926,6,True,3,15,3,7|3|3|2|3|3|3|3|2|3|1|3|2|3|3
35949,5,False,5,11,7,5|7|7|7|7|1|7|5|7|7|7|7|7|5|5
35993,1,True,5,9,5,1|1|1|1|5|5|5|3|5|3|1|5|1|5|5
36007,4,False,4,5,4,4|4|4|4|9|9|4|4|9|4|9|4|4|4|9
36009,4,False,4,10,9,4|9|4|9|9|9|9|9|9|4|8|9|9|4|4
36022,6,False,6,13,2,0|2|4|2|2|6|8|2|2|0|8|6|8|4|8
36037,4,True,6,13,0,6|0|2|0|0|4|0|0|0|6|0|0|3|0|4
36041,9,False,9,15,5,5|5|5|5|5|5|5|5|5|5|5|5|5|5|5
36062,9,False,9,14,5,7|7|7|5|5|5|5|5|5|5|2|9|7|5|5
36087,4,True,6,1,4,4|4|4|4|6|4|4|4|4|4|4|4|4|4|4
36089,8,False,8,15,3,6|3|6|3|2|3|3|2|1|3|2|7|1|6|6
36094,8,False,8,0,8,8|8|8|8|8|8|8|8|8|8|8|8|8|8|8
36133,1,True,5,15,-1,5|5|5|7|7|7|0|5|8|7|2|3|7|2|5
36138,6,True,7,15,7,7|3|2|7|0|7|7|5|7|2|7|3|7|7|7
36165,2,True,9,11,9,9|9|9|2|2|9|5|2|2|9|9|9|5|5|9
36174,0,False,0,12,6,0|0|6|6|6|6|6|6|6|6|6|6|6|0|6
36191,9,False,9,14,5,5|9|5|5|5|5|5|7|5|2|5|5|5|5|5
36223,9,True,4,14,4,4|0|4|4|4|4|4|4|4|3|9|4|4|4|4
36293,2,True,3,13,3,6|2|3|3|3|3|8|3|1|3|1|3|3|2|5
36318,8,False,8,3,8,8|2|8|8|9|8|8|7|8|8|8|8|8|8|8
36326,6,True,7,15,5,7|5|9|9|5|5|9|5|9|5|7|5|7|5|9
36339,8,False,8,9,8,4|1|3|0|0|8|4|8|9|8|8|8|8|0|2
36354,2,False,2,8,2,6|9|2|4|2|2|2|2|2|0|8|8|4|0|2
36357,2,True,5,8,5,5|2|2|2|5|2|5|2|2|5|2|5|5|5|5
36377,9,True,4,9,9,9|8|4|6|9|2|8|9|2|9|8|9|4|4|9
36382,4,True,6,6,4,9|9|4|4|4|9|2|9|4|4|9|4|4|4|4
36387,4,False,4,8,9,9|4|4|4|9|9|9|4|9|9|9|4|4|4|9
36412,1,False,1,4,1,1|7|1|1|0|1|1|1|1|1|0|0|1|1|1
36423,8,True,2,15,0,0|0|0|0|0|0|6|2|2|4|2|0|0|0|2
36438,8,True,6,15,3,3|3|4|9|6|6|2|3|6|3|0|3|4|9|9
36450,0,True,2,15,2,3|2|3|4|2|2|2|2|2|2|3|2|2|2|2
36457,4,False,4,6,4,9|9|9|4|4|4|4|9|4|4|9|4|4|9|4
36463,6,False,6,10,6,8|2|6|0|6|6|0|6|8|3|8|0|3|4|6
36475,6,True,3,15,3,3|3|3|3|2|3|3|3|3|3|3|3|3|2|3
36483,0,True,2,14,4,4|8|4|4|6|1|0|4|4|2|4|9|4|4|2
36486,3,True,5,10,5,3|5|3|3|3|5|5|5|5|5|3|5|5|1|5
36514,3,True,8,10,8,8|3|8|8|3|3|8|3|8|8|8|3|8|8|9
36524,7,False,7,1,7,7|7|7|7|7|7|7|7|2|7|7|7|7|7|7
36600,5,True,9,5,5,9|9|5|9|5|5|5|5|5|9|5|5|9|5|5
36601,0,True,1,12,1,1|1|1|1|0|1|1|0|1|1|1|1|0|1|1
36603,3,True,8,14,8,8|8|8|8|8|8|8|8|8|8|8|3|8|8|9
36640,2,False,2,9,2,0|2|2|4|6|0|6|2|2|2|2|0|0|4|0
36681,4,False,4,12,9,9|9|4|9|4|9|9|9|9|9|9|9|4|9|9
36692,3,True,8,2,3,3|3|3|3|3|3|3|3|3|3|8|3|3|8|3
36787,4,False,4,6,4,9|4|4|4|9|9|4|4|9|4|9|4|9|4|4
36792,7,True,1,15,3,3|3|2|2|2|3|6|3|2|3|4|3|3|6|3
36799,0,True,2,2,0,0|0|0|0|0|0|0|2|0|0|0|0|0|0|2
36813,1,False,1,3,1,1|0|1|1|1|1|1|3|1|7|1|1|1|1|1
36833,9,True,7,12,7,9|5|9|7|9|7|7|7|2|7|2|7|7|7|7
36843,5,False,5,5,5,5|5|2|7|7|5|5|7|5|5|5|5|5|5|7
36846,2,False,2,13,0,0|0|0|0|0|0|0|2|0|0|2|0|0|0|0
36861,5,False,5,10,5,3|3|1|1|7|1|5|2|1|5|7|9|5|5|5
36867,7,True,5,4,7,7|7|7|7|7|7|5|5|7|7|7|7|7|5|5
36875,9,True,8,13,8,9|2|8|4|3|2|3|8|8|8|8|8|8|9|8
36886,1,False,1,4,1,1|0|1|1|0|1|1|0|1|1|1|6|1|1|1
36890,3,False,3,9,2,3|3|2|2|2|3|3|2|2|2|3|3|2|2|2
36900,9,True,7,15,7,7|7|2|2|7|5|7|7|7|7|7|7|5|5|7
36930,9,True,4,15,-1,6|6|0|1|3|1|0|5|2|6|3|0|6|3|3
36934,5,True,9,2,5,5|9|5|5|5|5|5|5|5|9|5|5|5|5|5
36937,3,True,2,15,8,8|8|8|2|6|8|6|6|2|6|8|8|8|2|4
36938,9,True,4,10,4,9|9|4|4|9|9|2|4|9|4|4|4|4|4|4
36949,6,True,0,6,6,6|9|6|6|0|6|0|6|6|6|0|0|6|0|6
36961,6,True,0,7,6,0|0|6|6|0|0|0|6|6|6|0|6|6|0|6
36968,9,False,9,4,9,9|5|9|9|9|5|5|9|9|9|9|9|5|9|9
36971,6,True,3,12,8,3|3|3|0|2|6|8|8|6|8|4|8|8|6|3
36988,1,False,1,2,1,1|1|1|1|1|1|1|1|1|1|1|1|1|4|4
36989,5,True,9,1,5,9|5|5|5|5|5|5|5|5|5|5|5|5|5|5
37027,6,True,5,15,5,7|5|2|7|5|5|7|2|2|5|7|5|2|5|5
37048,9,True,7,15,7,7|7|7|7|7|7|7|7|7|5|7|7|7|5|7
37055,5,True,9,0,5,5|5|5|5|5|5|5|5|5|5|5|5|5|5|5
37079,7,False,7,3,7,7|2|7|7|7|7|7|5|8|7|7|7|7|7|7
37103,8,False,8,4,8,8|3|8|8|8|3|8|8|8|8|3|8|8|8|9
37116,6,True,3,15,3,3|2|3|2|3|3|3|2|3|3|2|3|3|3|3
37118,4,False,4,10,9,9|4|4|9|9|9|9|9|9|4|9|4|4|9|9
37140,4,True,5,15,5,5|3|7|1|5|5|5|7|5|3|1|5|5|5|3
37163,9,False,9,10,5,5|9|5|9|5|9|5|5|9|9|5|5|5|5|5
37167,8,False,8,10,3,3|3|8|8|3|3|3|3|8|3|8|3|3|8|3
37179,1,False,1,6,1,0|1|1|1|1|0|0|0|1|0|1|0|1|1|1
37196,4,False,4,12,9,3|4|9|4|8|9|8|9|8|4|9|9|9|8|9
37199,8,True,1,15,1,3|0|1|3|0|1|6|2|1|1|1|1|1|1|1
37210,8,False,8,3,8,8|8|8|8|8|8|8|8|8|8|1|1|8|8|4
37226,6,False,6,6,6,0|4|4|6|6|6|6|0|6|4|6|6|6|4|6
37260,6,True,0,8,6,0|2|6|6|0|6|0|6|8|6|1|6|0|6|0
37277,1,False,1,7,1,1|0|1|1|0|1|0|4|1|1|1|0|7|1|0
37295,8,False,8,4,8,8|3|8|3|8|8|8|3|8|8|8|3|8|8|8
37314,3,False,3,4,3,3|3|3|2|3|3|3|3|2|6|3|3|3|8|3
37318,3,False,3,14,6,0|8|6|0|0|6|6|0|6|3|6|0|6|4|6
37327,5,False,5,5,5,5|5|7|7|5|5|5|5|2|5|5|7|5|5|7
37338,0,True,1,14,1,1|0|1|1|7|1|1|4|1|1|1|1|7|1|1
37367,5,False,5,12,2,5|5|7|2|2|2|8|5|2|2|2|1|3|7|2
37379,6,True,0,8,6,0|2|6|4|0|0|6|6|6|6|6|0|6|4|0
37424,7,True,5,10,5,5|5|7|7|5|5|5|7|2|7|5|5|5|5|7
37461,3,True,8,15,8,8|8|8|8|8|8|8|8|8|8|8|8|8|8|9
37509,8,True,2,14,0,0|2|2|2|0|0|0|0|2|8|2|0|0|0|2
37533,1,False,1,3,1,1|1|1|1|1|1|1|7|1|1|7|1|1|1|0
37567,2,False,2,10,-1,6|4|2|4|2|6|6|4|2|4|1|4|2|2|3
37579,5,False,5,10,7,5|7|8|4|7|1|5|5|7|5|5|7|7|7|7
37588,0,False,0,7,0,0|0|6|0|6|6|0|6|0|6|0|0|6|0|6
37593,3,True,8,14,8,3|8|8|8|8|8|8|8|8|8|8|8|8|8|8
37597,6,True,0,9,0,6|0|6|0|6|0|0|6|6|0|0|6|0|0|0
37601,7,False,7,1,7,9|7|7|7|7|7|7|7|7|7|7|7|7|7|7
37604,5,True,9,15,7,9|7|7|7|7|7|7|7|7|7|7|7|7|9|7
37613,3,True,8,9,8,8|8|3|8|3|8|8|3|3|8|3|3|8|8|9
37616,1,False,1,4,1,1|1|7|1|1|1|7|6|1|1|1|1|1|1|7
37624,7,False,7,3,7,7|4|7|7|7|7|7|4|7|7|7|7|7|4|7
37657,5,True,9,0,5,5|5|5|5|5|5|5|5|5|5|5|5|5|5|5
37660,2,False,2,10,0,0|2|2|0|0|8|0|0|0|2|0|2|2|0|0
37661,4,True,6,1,4,9|4|4|4|4|4|4|4|4|4|4|4|4|4|4
37675,4,True,5,15,5,5|2|5|5|5|5|2|2|2|5|5|7|5|5|2
37692,2,True,3,10,3,3|3|2|2|3|3|3|2|3|3|2|3|3|2|3
37707,1,True,8,15,8,3|8|8|8|8|8|8|8|8|8|8|8|8|8|9
37713,2,True,5,14,7,7|7|2|7|5|7|5|5|5|7|5|7|5|7|7
37724,6,True,0,6,6,0|0|6|0|0|0|6|6|6|6|6|0|6|6|6
37731,2,True,3,15,3,3|3|3|3|3|3|3|3|3|3|3|3|3|3|3
37773,9,True,4,2,9,9|9|9|9|4|9|9|9|9|9|4|9|9|9|9
37792,3,False,3,12,-1,3|2|4|6|1|6|0|3|6|2|3|4|4|0|2
37820,0,True,2,4,0,0|0|0|0|9|0|0|0|2|4|2|0|0|0|0
37849,9,True,4,4,9,9|9|4|9|9|9|9|9|4|9|4|9|9|4|9
37852,7,True,1,9,1,1|7|1|7|1|1|7|7|1|7|1|1|7|1|1
37855,2,True,7,15,7,7|7|7|7|7|9|7|5|7|9|7|7|7|7|7
37862,2,True,3,10,3,3|3|6|2|2|3|3|2|3|3|1|1|2|2|3
37903,0,False,0,4,0,0|0|6|0|0|0|6|6|6|0|0|0|0|0|0
37908,9,True,4,8,9,9|4|3|4|9|2|9|9|4|4|4|9|4|9|9
37913,2,True,5,14,5,8|5|7|2|1|5|5|5|6|3|5|5|7|5|5
37933,9,True,4,14,4,4|2|4|4|9|0|2|4|4|4|0|4|4|4|4
37940,3,False,3,11,-1,0|3|3|2|6|6|6|4|0|2|3|6|0|0|3
37947,3,False,3,8,3,3|6|3|3|3|3|4|6|2|3|6|3|6|0|6
37994,3,False,3,7,3,6|3|4|4|6|3|3|6|3|3|3|6|3|6|3
38023,2,False,2,6,2,0|2|2|8|2|2|2|2|2|0|2|0|0|0|2
38026,4,False,4,12,9,9|9|4|9|9|9|9|9|9|4|9|9|4|9|9
38054,2,True,5,15,5,5|5|5|7|5|5|5|5|5|5|7|5|5|5|5
38071,7,True,1,8,1,1|7|7|7|1|1|7|1|1|1|1|1|7|7|7
38078,1,True,5,10,5,5|2|1|1|5|1|5|5|3|3|1|5|1|5|5
38087,9,False,9,13,5,5|5|5|5|5|5|5|5|5|5|5|9|5|5|9
38099,6,True,0,8,6,0|2|6|0|0|6|6|6|6|6|0|0|6|0|3
38113,4,True,6,10,0,0|2|2|0|4|0|0|0|0|4|0|0|4|4|4
38120,4,True,1,14,1,1|1|1|1|1|1|1|4|1|1|1|1|1|1|1
38122,9,True,4,15,4,4|2|4|4|8|0|4|7|8|4|2|4|6|2|7
38123,6,False,6,6,6,0|6|6|6|6|6|0|6|6|6|0|0|6|0|0
38127,0,True,2,6,0,0|3|0|0|0|0|6|2|6|0|0|8|2|0|0
38147,1,False,1,10,-1,1|3|6|1|7|1|3|3|1|2|2|3|1|2|3
38149,6,True,7,15,5,9|5|5|5|5|5|5|5|5|5|5|9|5|5|5
38151,9,True,4,9,4,9|4|4|4|4|9|9|9|9|9|4|4|4|4|4
38152,9,False,9,15,5,5|5|5|5|5|5|5|5|5|5|5|5|5|5|5
38202,7,True,5,8,7,5|5|7|7|7|1|7|5|7|7|5|5|5|1|7
38206,7,False,7,0,7,7|7|7|7|7|7|7|7|7|7|7|7|7|7|7
38211,7,True,1,14,1,0|0|1|1|0|1|3|4|0|7|1|6|1|1|0
38223,1,True,4,13,8,8|2|8|8|8|1|8|7|8|8|7|1|8|9|8
38229,5,False,5,5,5,5|5|6|5|5|5|5|5|2|2|5|7|7|5|5
38243,5,False,5,8,5,5|5|3|1|7|1|5|5|1|5|1|5|1|5|3
38262,2,True,3,12,3,3|3|2|2|3|3|3|3|2|3|3|3|3|8|3
38263,4,True,7,15,7,7|5|7|7|7|5|3|7|1|1|1|7|3|5|9
38288,6,False,6,4,6,6|6|6|6|6|6|0|6|2|6|0|0|6|6|6
38310,1,True,8,15,8,8|8|8|8|8|8|8|8|5|8|8|8|7|8|8
38319,7,True,8,13,8,8|8|8|8|8|8|8|8|8|8|7|8|7|8|8
38349,7,False,7,3,7,7|2|7|7|7|7|7|2|7|7|7|7|7|4|7
38352,4,False,4,5,4,9|4|4|4|9|9|4|4|9|4|4|4|4|4|9
38382,3,False,3,8,2,3|3|2|2|2|3|2|3|2|3|2|3|2|2|3
38386,0,True,2,3,0,0|0|0|0|0|0|0|2|2|0|0|0|0|0|2
38395,9,True,4,3,9,9|9|9|9|4|9|9|9|2|9|9|9|4|9|9
38398,7,False,7,5,7,7|2|9|2|7|7|7|7|7|7|7|7|9|7|9
38449,9,True,7,10,7,9|7|7|7|7|7|7|9|9|7|7|7|7|9|9
38467,4,False,4,6,4,9|4|4|4|9|9|4|4|9|4|9|4|4|4|9
38471,0,False,0,8,-1,0|2|6|0|6|6|6|0|6|0|0|0|0|6|6
38506,9,True,4,14,4,4|4|2|0|4|2|2|9|4|4|2|4|4|4|4
38515,9,True,8,14,8,8|3|8|8|8|8|8|8|8|8|3|3|8|8|9
38521,4,True,6,15,0,0|2|0|0|6|0|0|0|2|2|0|0|0|6|0
38535,3,False,3,3,3,3|3|3|2|3|3|3|3|3|3|3|3|3|2|2
38547,6,False,6,15,0,0|2|4|0|0|0|2|0|0|0|2|4|0|0|0
38558,6,True,0,8,0,6|0|6|0|6|0|0|6|0|6|6|0|0|0|6
38564,1,True,7,15,9,5|5|9|2|7|9|9|5|9|7|7|9|9|5|5
38566,5,True,9,1,5,5|5|5|5|5|5|5|5|9|5|5|5|5|5|5
38581,6,False,6,9,6,0|3|6|4|0|6|4|4|6|3|6|3|4|6|6
38600,0,False,0,14,6,6|6|6|6|6|6|6|6|2|6|0|6|6|6|6
38608,6,True,1,14,1,1|7|1|1|1|1|7|6|1|1|1|1|1|1|7
38623,9,True,4,10,4,9|4|4|4|9|9|4|4|4|4|4|9|4|4|9
38624,9,False,9,12,5,5|5|5|5|5|5|5|5|9|5|5|9|5|9|5
38650,9,False,9,13,5,9|5|5|9|5|5|5|5|5|5|5|5|5|5|5
38661,4,True,5,15,7,7|5|5|7|7|5|5|7|5|7|7|7|5|5|7
38670,2,True,3,14,3,3|3|2|3|3|3|3|3|3|3|3|3|3|3|3
38680,6,True,2,9,6,4|4|6|4|6|6|2|3|6|6|2|4|6|2|3
38714,3,True,7,15,7,9|7|7|9|7|7|7|7|7|7|7|7|7|9|7
38725,5,False,5,11,7,7|7|5|7|7|5|7|7|3|7|5|7|7|7|5
38734,0,True,1,8,1,0|1|1|1|0|1|0|0|1|1|0|0|1|0|1
38763,6,True,3,14,3,3|3|2|3|2|3|6|3|2|3|3|3|3|2|3
38783,4,True,6,12,9,8|9|4|9|8|6|9|8|9|9|8|4|8|4|9
38801,9,True,4,8,4,4|9|4|4|4|9|4|9|9|4|4|9|4|9|9
38820,5,False,5,5,5,5|5|7|5|5|5|5|5|5|7|7|7|5|5|3
38832,2,True,3,10,3,3|2|2|2|3|3|3|3|2|3|6|6|2|0|3
38909,9,False,9,14,5,5|5|5|9|5|5|5|5|5|5|5|5|5|5|5
38910,8,True,2,15,2,0|2|0|2|2|0|2|0|2|2|2|0|0|0|2
38914,4,True,1,15,1,1|1|1|1|1|1|1|0|1|7|1|0|1|1|0
38935,6,False,6,12,4,6|4|4|4|6|0|6|4|4|4|4|0|4|4|4
38942,8,True,3,15,3,3|3|3|3|3|6|6|3|3|3|3|3|3|2|3
38964,9,True,4,6,9,9|4|4|4|4|9|9|9|9|9|9|4|9|4|9
38978,9,True,3,15,3,3|3|6|3|2|6|0|3|6|2|3|0|0|4|6
38983,4,False,4,10,9,9|4|4|9|9|9|4|9|9|9|9|4|9|4|9
38999,4,False,4,6,4,4|3|6|4|4|4|2|4|2|8|4|4|1|4|4
39003,5,True,9,1,5,5|5|5|5|5|5|5|5|5|5|5|9|5|5|5
39021,2,False,2,11,-1,8|2|2|6|4|2|6|0|2|8|0|8|0|0|4
39034,2,True,3,8,2,3|2|2|2|3|6|0|3|2|3|3|3|2|2|2
39047,9,True,7,6,9,9|9|2|2|9|9|9|9|7|7|7|9|7|9|9
39054,5,True,9,0,5,5|5|5|5|5|5|5|5|5|5|5|5|5|5|5
39073,2,True,3,9,2,3|2|6|2|0|6|6|2|2|2|3|6|3|2|3
39150,0,True,1,12,1,0|1|1|1|1|1|1|0|1|1|1|1|1|1|0
39160,0,True,1,7,0,0|3|1|0|0|1|0|0|1|0|0|6|1|0|3
39198,3,False,3,10,2,0|3|2|2|6|6|2|2|3|2|3|3|3|2|2
39225,5,True,9,1,5,5|5|5|9|5|5|5|5|5|5|5|5|5|5|5
39232,9,False,9,13,5,5|5|5|9|5|5|5|5|5|5|5|9|5|5|5
39246,4,True,6,3,4,9|4|4|4|4|4|2|4|4|4|9|4|4|4|4
39247,3,False,3,1,3,3|3|2|3|3|3|3|3|3|3|3|3|3|3|3
39253,4,False,4,5,4,4|4|4|4|4|3|4|4|9|9|4|9|4|5|4
39257,6,False,6,15,4,9|4|4|4|4|4|4|9|4|4|9|4|4|4|9
39281,9,True,4,15,3,3|3|3|2|6|3|3|3|3|3|3|3|3|8|3
39285,2,False,2,13,0,0|0|2|0|0|0|0|2|0|0|0|0|0|0|0
39337,6,True,0,4,6,6|0|6|0|6|0|6|6|6|6|6|6|6|0|6
39357,6,True,0,9,0,6|0|6|0|0|6|6|0|6|6|0|0|0|0|0
39361,2,True,3,9,3,3|3|6|2|2|3|3|2|2|6|2|3|3|3|2
39370,2,True,5,12,5,8|5|7|1|1|5|5|5|2|2|2|9|1|5|7
39389,3,False,3,5,3,3|3|6|2|0|3|3|3|2|3|3|0|3|3|3
39390,8,False,8,5,8,8|1|8|8|1|8|8|8|8|1|1|8|8|8|7
39394,6,True,3,11,3,3|3|6|3|6|3|0|3|3|3|6|4|3|3|6
39411,3,False,3,4,3,3|3|2|2|3|3|6|3|3|3|3|3|3|6|3
39418,1,True,8,15,8,8|8|8|8|8|8|8|8|8|8|8|8|8|8|8
39423,9,True,8,14,8,8|8|8|8|8|8|8|8|9|8|7|7|8|8|8
39474,9,True,4,14,6,6|7|1|2|6|6|0|3|9|3|8|0|6|7|8
39512,0,False,0,9,6,0|6|6|0|6|6|0|0|6|6|0|6|6|0|6
39550,9,True,4,11,4,9|4|4|2|2|4|4|4|9|4|1|4|9|9|4
39638,9,True,4,9,4,9|9|4|4|8|9|2|4|4|4|9|9|9|4|4
39655,6,True,0,2,6,6|6|6|6|6|0|6|0|6|6|6|6|6|6|6
39662,4,True,6,12,3,8|4|3|4|6|3|0|8|2|2|4|3|3|8|3
39674,3,True,2,12,2,3|3|2|3|2|4|8|2|2|6|1|2|2|8|2
39695,6,False,6,3,6,6|6|6|4|0|6|6|6|6|6|1|6|6|6|6
39706,4,True,6,15,0,6|3|2|0|6|0|8|0|8|6|1|0|0|8|6
39718,9,True,4,4,9,9|4|9|4|9|9|9|9|9|4|9|9|4|9|9
39766,9,True,8,15,3,3|3|1|8|8|3|8|3|8|5|3|3|3|3|3
39773,3,True,8,10,8,8|8|3|8|3|6|3|7|8|3|8|3|8|8|2
39778,9,False,9,14,5,5|5|5|5|5|5|5|5|9|5|5|5|5|5|5
39822,1,True,8,15,8,8|8|8|3|8|8|8|8|8|8|8|8|8|8|9
39848,4,True,5,15,5,5|5|5|5|5|5|5|3|5|5|1|5|5|5|5
39876,3,True,5,10,5,7|2|3|3|5|5|8|5|5|3|3|5|3|5|5
39912,2,True,9,14,9,9|5|9|9|5|5|9|5|9|9|2|9|5|9|9
39958,2,True,3,6,2,3|3|2|2|2|3|6|2|2|2|2|3|2|2|3
39981,6,True,0,4,6,0|3|6|0|6|6|6|6|6|6|6|6|6|6|0
39985,0,False,0,8,6,6|6|6|0|0|6|0|6|0|6|0|6|6|0|0
39993,9,False,9,14,5,5|5|5|5|5|5|5|5|5|5|5|9|5|5|5
40004,0,False,0,11,6,0|3|2|6|6|0|0|6|3|6|6|6|6|0|2
40015,9,True,4,15,4,6|4|4|4|2|0|6|4|2|0|8|4|2|4|0
40037,2,True,3,9,3,3|2|2|2|3|3|3|3|2|3|2|3|3|2|3
40077,4,True,6,15,0,0|2|2|0|0|0|0|0|0|2|0|0|2|0|0
40082,4,True,1,12,1,1|1|1|1|1|0|1|4|1|1|1|1|4|4|1
40105,6,True,0,8,0,0|0|6|0|0|6|6|6|6|0|0|0|6|0|6
40108,9,True,4,7,9,9|4|4|4|9|9|9|4|9|9|4|4|9|9|4
40160,4,True,6,12,6,4|5|6|6|6|6|6|4|6|3|1|9|3|4|6
40171,2,False,2,13,0,0|0|4|0|1|0|0|0|2|0|0|0|0|2|0
40176,6,True,2,13,4,3|8|3|4|2|6|4|4|2|6|3|3|4|4|2
40181,7,True,8,13,8,8|1|8|8|7|8|8|8|2|7|8|8|8|8|8
40211,7,False,7,6,7,7|5|9|7|2|7|7|9|2|2|7|7|7|7|7
40223,8,False,8,5,8,8|8|3|8|8|3|8|8|8|8|3|3|8|8|7
40225,4,False,4,5,4,9|3|4|4|4|4|4|4|4|4|4|3|9|4|9
40230,7,False,7,6,7,7|9|1|9|7|7|9|7|9|7|7|9|7|7|7
40231,7,True,1,14,1,1|1|1|1|1|1|1|1|1|1|7|1|1|1|1
40236,1,False,1,6,1,1|7|7|1|1|1|0|7|1|7|1|1|1|1|0
40255,5,True,6,15,0,6|2|2|0|8|8|0|3|0|4|3|0|0|0|9
40367,5,True,9,2,5,5|5|5|9|9|5|5|5|5|5|5|5|5|5|5
40392,4,True,6,12,3,3|2|4|4|6|6|0|3|2|3|1|4|6|3|3
40395,9,True,8,14,0,0|8|4|0|0|0|3|8|7|4|0|8|8|4|9
40399,6,True,9,15,5,5|5|5|2|7|5|5|5|7|2|5|5|5|5|5
40408,3,True,8,12,8,8|8|8|8|3|3|8|8|8|8|8|8|8|3|9
40411,8,False,8,3,8,8|8|8|9|8|8|8|8|8|8|8|8|8|4|4
40430,3,False,3,1,3,3|3|3|3|3|3|2|3|3|3|3|3|3|3|3
40440,6,True,0,13,0,0|0|0|0|0|0|0|0|6|0|0|0|0|0|6
40442,6,False,6,13,4,4|4|6|4|6|4|4|4|4|4|4|4|2|4|4
40471,8,False,8,0,8,8|8|8|8|8|8|8|8|8|8|8|8|8|8|8
40486,1,False,1,5,1,1|1|1|1|7|1|1|2|1|7|7|7|1|1|1
40502,8,False,8,7,8,8|3|8|3|8|8|8|3|8|3|8|3|3|8|3
40513,0,True,2,12,6,0|6|6|6|6|6|6|6|6|6|0|0|6|6|6
40516,0,True,2,5,0,0|2|2|0|0|0|0|4|0|2|2|0|0|0|0
40549,4,False,4,14,0,0|3|2|2|0|8|8|3|3|4|0|0|0|0|9
40567,9,False,9,10,5,9|5|9|5|9|5|9|5|2|9|5|5|5|5|5
40644,7,True,1,10,1,1|1|1|1|1|7|7|0|1|7|7|1|1|1|7
40681,9,False,9,4,9,9|9|7|2|7|9|9|9|2|9|9|9|9|9|9
40720,5,False,5,8,5,5|5|3|1|5|5|9|5|5|1|7|7|1|5|3
40725,8,False,8,2,8,8|8|7|8|8|8|8|8|8|8|7|8|8|8|8
40730,2,True,3,6,2,6|2|2|2|2|3|2|3|3|2|2|3|3|2|2
40755,0,True,2,10,2,0|2|0|2|2|0|6|0|2|2|2|0|2|2|2
40780,6,True,2,15,2,2|2|2|3|2|2|2|2|2|2|8|2|2|2|2
40781,3,False,3,7,3,6|3|3|2|6|3|4|3|3|3|2|6|3|2|3
40826,3,True,8,14,8,4|8|4|4|0|8|6|0|8|8|3|6|8|8|4
40837,0,True,1,14,3,3|3|3|3|0|2|3|3|2|2|2|3|2|1|1
40842,9,True,7,12,7,7|9|7|7|7|5|7|7|9|5|7|7|7|9|7
40864,1,False,1,8,1,1|7|1|7|7|1|1|4|1|7|7|1|7|1|4
40892,6,True,9,15,5,9|5|5|5|5|5|5|5|5|5|5|5|5|5|5
40899,3,True,5,9,5,5|5|1|1|3|5|3|5|3|3|3|5|5|5|3
40915,0,True,2,2,0,0|0|0|0|0|0|0|2|2|0|0|0|0|0|0
40918,9,False,9,13,5,5|5|5|9|5|5|5|7|5|5|9|5|5|7|5
40922,9,False,9,10,5,5|5|5|9|9|5|5|5|5|5|9|9|5|5|9
40929,9,False,9,12,5,9|5|5|9|9|5|5|5|5|5|5|5|5|5|5
40943,5,False,5,13,7,7|7|7|7|7|5|5|7|7|1|7|7|7|7|7
40962,5,False,5,7,5,5|2|2|5|2|5|2|5|5|3|2|5|2|5|5
41026,2,False,2,6,2,0|2|8|2|2|0|6|2|2|8|2|0|2|2|2
41028,6,True,0,3,6,6|6|6|0|6|0|6|6|6|6|6|6|6|0|6
41068,0,False,0,12,6,0|3|6|6|6|6|0|3|6|6|0|3|8|6|6
41069,9,True,8,14,8,3|8|3|3|8|8|8|8|8|8|3|3|3|8|9
41096,0,True,1,15,1,1|1|1|1|7|1|1|6|1|7|1|1|1|1|1
41127,4,True,6,15,6,0|6|6|6|0|6|6|6|0|0|6|0|6|6|0
41157,1,True,5,14,7,7|7|1|7|7|7|5|7|7|7|5|7|7|5|7
41193,0,False,0,11,6,0|0|6|0|0|6|6|6|6|6|6|6|6|6|6
41200,3,True,8,12,8,0|3|1|0|1|8|8|0|1|3|8|8|8|3|9
41223,7,True,1,9,-1,1|7|1|7|7|1|7|6|1|7|0|1|7|1|4
41228,7,True,1,10,1,1|1|1|1|7|1|7|1|1|7|7|1|7|1|1
41241,5,True,3,15,6,0|3|2|4|6|2|6|0|2|6|6|8|6|4|0
41243,6,False,6,6,6,0|4|6|4|6|6|6|0|6|6|6|0|6|4|6
41261,5,True,9,3,5,5|5|5|9|9|5|5|5|5|5|5|9|5|5|5
41296,1,True,5,15,5,5|5|8|2|7|8|5|5|2|7|7|5|7|5|7
41338,8,False,8,8,-1,3|3|3|8|8|8|3|3|8|8|3|8|3|8|7
41370,9,True,4,4,9,9|4|4|9|9|9|9|4|4|9|9|9|9|9|9
41427,7,False,7,8,7,7|5|7|7|7|1|7|5|8|7|1|5|7|5|5
41452,9,False,9,12,5,5|5|5|9|9|5|5|5|5|5|5|9|5|5|5
41473,0,False,0,15,6,6|6|6|6|6|6|6|6|6|6|6|6|6|6|6
41480,1,True,5,15,7,5|7|5|7|5|5|5|7|7|7|7|5|7|5|7
41489,4,False,4,11,9,9|4|6|4|6|6|9|9|4|3|2|9|4|8|9
41501,5,True,9,2,5,5|5|5|5|5|5|5|9|5|5|7|5|5|5|5
41505,3,False,3,4,3,3|3|3|2|3|3|3|3|2|3|3|3|2|2|3
41526,9,True,8,15,3,3|3|3|8|3|3|3|3|2|8|8|3|3|8|3
41532,9,True,7,6,9,9|5|7|9|9|9|9|9|9|7|7|9|5|5|9
41547,1,True,8,13,8,8|1|1|8|8|8|8|8|8|8|8|8|7|8|8
41563,9,True,7,13,7,9|9|7|7|7|7|7|7|7|7|7|7|7|7|7
41621,3,False,3,4,3,3|3|3|2|2|3|3|3|3|3|2|3|3|2|3
41635,8,False,8,6,8,3|8|8|3|8|3|3|3|8|8|8|8|8|8|3
41661,6,True,0,6,6,6|5|6|0|0|6|0|0|6|6|6|0|6|6|6
41678,9,True,4,9,4,9|9|4|4|9|0|2|4|9|4|9|4|9|4|4
41679,9,True,7,13,7,9|7|7|7|7|7|7|7|9|7|7|7|7|5|7
41712,0,True,2,4,0,0|0|0|2|0|0|0|2|2|0|2|0|0|0|0
41724,9,True,8,15,8,8|7|8|8|7|8|8|5|8|8|8|1|8|0|2
41790,5,False,5,8,-1,7|7|5|2|7|5|7|5|7|7|5|7|5|5|5
41794,0,True,4,15,4,8|4|4|4|4|1|3|4|8|2|8|6|4|2|6
41810,6,True,3,13,3,3|2|2|0|6|0|6|3|3|3|0|0|3|0|3
41816,9,True,7,11,7,7|7|9|7|7|7|9|9|7|7|7|7|7|7|9
41823,4,True,6,1,4,4|4|4|4|6|4|4|4|4|4|4|4|4|4|4
41827,8,False,8,1,8,8|8|8|8|8|8|3|8|8|8|8|8|8|8|8
41839,6,True,3,13,3,0|6|2|2|1|1|7|3|3|3|3|0|3|6|2
41844,8,False,8,9,8,4|1|1|8|1|8|8|0|8|3|8|8|6|0|2
41889,3,True,8,14,8,8|8|8|8|8|8|8|8|3|8|8|8|8|8|9
41938,3,True,8,8,-1,8|3|3|8|3|3|3|3|3|8|8|8|8|8|9
41944,5,True,9,3,5,9|5|5|5|5|5|5|5|9|5|9|5|5|5|5
41969,0,False,0,6,0,0|0|6|0|6|0|0|0|6|6|0|4|0|4|0
41977,5,False,5,7,5,1|5|5|1|3|1|5|5|7|3|1|5|5|5|5
41994,0,True,2,2,0,0|0|0|0|0|0|0|0|0|2|2|0|0|0|0
42025,0,True,1,8,1,0|1|1|1|1|1|0|0|1|0|0|1|1|0|0
42036,4,True,6,10,4,4|9|2|4|6|0|6|4|4|6|2|0|0|4|2
42040,3,True,5,13,5,1|5|5|1|5|5|3|3|7|7|5|5|1|5|5
42041,1,True,5,10,5,1|1|1|1|5|5|5|5|5|5|3|5|1|5|5
42046,6,True,3,15,3,3|3|3|3|2|3|3|3|3|3|8|3|3|3|3
42058,2,True,9,14,5,5|5|5|7|5|5|5|5|2|5|7|5|5|5|5
42069,6,False,6,15,4,9|4|4|4|4|4|0|4|0|4|2|4|4|0|4
42084,9,True,4,14,4,4|4|4|4|4|2|4|4|4|9|4|4|4|4|4
42086,2,True,5,15,5,7|5|7|5|5|5|7|5|1|3|7|5|5|5|5
42094,6,False,6,14,4,4|4|4|4|4|9|6|9|4|4|4|4|4|4|2
42097,6,True,9,15,5,9|5|5|9|5|5|5|5|5|9|5|5|5|5|5
42124,1,False,1,2,1,1|1|1|4|7|1|1|1|1|1|1|1|1|1|1
42155,8,False,8,4,8,8|2|8|8|8|8|8|7|8|8|1|8|8|8|9
42168,9,True,8,15,7,7|8|7|8|0|8|7|7|7|8|2|8|7|7|7
42169,2,True,3,7,2,6|2|2|2|2|3|3|3|2|3|2|3|3|2|2
42194,9,True,4,15,1,1|4|0|1|1|1|1|3|0|0|1|4|4|6|1
42196,9,True,7,10,7,9|7|7|7|7|9|7|9|7|7|7|7|7|9|9
42199,2,True,3,9,2,6|3|2|2|6|3|0|0|2|2|2|3|3|2|3
42228,3,False,3,13,4,9|4|3|4|0|6|4|4|9|4|4|3|4|4|4
42230,8,False,8,6,8,3|8|8|8|8|3|8|3|3|8|3|8|8|8|9
42239,0,False,0,11,6,0|2|2|6|6|6|0|6|6|6|0|6|6|6|0
42250,1,False,1,4,1,1|1|1|1|1|1|0|4|1|1|1|0|1|1|0
42251,0,False,0,9,6,0|0|6|6|6|0|6|0|6|6|6|0|6|0|6
42258,7,False,7,1,7,7|7|7|7|7|7|7|7|7|7|7|7|7|9|7
42285,9,True,7,12,7,7|7|7|7|7|7|7|7|7|7|7|9|7|9|9
42295,9,False,9,14,5,5|5|5|5|5|5|5|9|5|5|5|5|5|5|5
42342,6,False,6,15,-1,0|9|2|4|4|0|2|4|0|9|2|4|0|0|4
42348,9,False,9,13,5,5|5|5|5|5|5|5|5|9|5|5|5|5|9|5
42355,2,True,3,14,3,3|3|3|3|6|3|0|3|2|6|3|6|3|3|3
42372,5,True,9,1,5,9|5|5|5|5|5|5|5|5|5|5|5|5|5|5
42407,2,True,9,15,5,5|5|5|9|5|9|5|5|9|9|5|9|5|5|5
42419,9,True,4,15,3,3|3|6|6|2|3|3|3|3|6|3|3|3|3|3
42449,3,True,8,10,8,8|8|8|8|8|3|3|3|8|8|8|3|8|8|3
42465,0,True,1,9,1,0|1|1|1|0|1|1|1|1|1|1|0|0|0|0
42467,1,True,5,13,5,5|5|5|1|7|5|7|5|2|1|5|5|5|5|5
42477,3,False,3,8,3,3|3|3|4|8|6|3|2|1|3|9|3|1|2|3
42487,8,False,8,6,8,8|3|8|8|3|8|8|8|8|3|3|3|8|8|9
42488,5,False,5,3,5,1|5|6|1|5|5|5|5|5|5|5|5|5|5|5
42509,9,True,4,9,9,9|9|3|4|4|6|3|9|9|3|3|9|9|4|4
42513,3,True,8,7,3,8|8|3|8|8|8|3|3|3|3|8|3|3|8|3
42523,0,False,0,9,6,0|6|6|0|6|0|0|0|8|6|0|6|6|6|6
42548,1,True,5,8,1,1|3|5|1|1|1|5|2|1|5|1|5|1|5|5
42581,9,True,7,13,7,7|7|7|7|7|7|7|9|7|7|7|7|7|9|7
42598,5,True,9,14,9,9|2|7|7|9|9|8|5|9|7|7|9|7|9|3
42634,7,True,1,8,1,7|7|7|1|1|1|7|7|1|7|1|1|1|1|7
42652,0,False,0,14,6,6|2|0|6|6|6|3|6|6|6|6|6|6|8|6
42659,3,False,3,8,-1,3|3|2|2|2|3|0|3|2|3|2|3|3|2|2
42661,7,True,1,14,1,1|7|1|1|1|1|1|0|1|1|1|1|1|1|1
42745,0,True,3,11,3,3|3|1|6|2|0|0|6|3|3|0|3|3|0|9
42746,4,True,6,5,4,9|4|4|4|6|0|4|4|4|4|4|4|4|0|9
42772,4,True,6,14,-1,6|2|0|4|2|6|6|6|2|2|1|3|6|2|0
42785,5,True,8,15,8,8|8|8|8|8|8|8|3|8|3|8|8|8|8|9
42790,0,False,0,11,6,3|9|6|0|6|6|6|0|6|6|6|0|6|0|4
42810,5,True,9,5,5,5|9|5|9|9|5|5|5|9|9|5|5|5|5|5
42820,0,False,0,11,6,6|6|6|6|6|0|6|6|6|6|0|6|6|0|0
42830,3,False,3,11,3,1|1|8|3|6|6|8|3|2|3|2|3|8|2|7
42850,7,False,7,0,7,7|7|7|7|7|7|7|7|7|7|7|7|7|7|7
42875,9,False,9,14,5,9|5|5|5|5|5|5|5|5|5|5|5|5|5|5
42879,9,True,4,12,4,4|4|4|9|4|9|4|4|4|0|4|4|4|4|9
42888,9,True,4,11,4,0|9|9|4|2|0|4|0|9|4|0|4|4|9|2
42891,4,False,4,13,6,0|3|6|2|6|6|4|6|8|6|1|4|6|2|6
42905,7,True,1,15,0,0|0|1|1|0|1|0|0|0|1|1|0|1|1|0
42941,1,False,1,1,1,1|1|7|1|1|1|1|1|1|1|1|1|1|1|1
42966,3,True,7,15,7,7|7|7|7|7|7|7|7|9|7|7|7|7|7|7
42973,6,True,3,13,3,3|8|6|3|3|3|3|3|3|6|3|3|3|2|3
42975,4,True,6,15,6,6|6|6|0|0|6|6|6|6|6|0|6|6|6|6
42998,5,True,9,3,5,5|5|9|5|5|5|9|5|5|5|5|9|5|5|5
43010,5,False,5,3,5,5|7|5|5|7|5|5|5|5|7|5|5|5|5|5
43029,4,False,4,5,4,9|4|9|4|4|4|4|4|4|0|9|4|2|4|4
43047,8,False,8,5,8,8|8|8|8|8|3|8|3|8|8|8|3|8|3|9
43051,3,True,5,14,5,5|5|5|5|5|5|5|7|2|5|7|5|5|5|3
43054,6,False,6,15,0,0|2|2|0|0|0|0|2|2|0|0|4|0|0|0
43072,6,True,3,11,3,3|2|6|2|6|3|6|3|2|2|3|3|3|6|3
43085,9,True,4,14,0,0|2|2|4|2|4|0|4|0|0|9|0|0|4|2
43089,6,True,0,6,6,0|9|6|4|6|6|6|0|6|6|6|0|6|4|6
43105,7,True,5,3,7,7|7|7|7|7|5|7|7|7|7|7|7|5|7|5
43111,6,True,0,14,4,8|4|4|9|8|6|3|9|8|4|4|4|4|8|9
43140,7,True,8,12,8,8|8|7|7|8|8|8|8|8|8|7|8|8|8|8
43172,4,False,4,6,4,9|4|4|4|9|9|9|9|4|4|4|4|4|4|9
43206,4,True,6,1,4,4|4|4|4|4|4|4|4|4|4|4|4|4|4|9
43213,6,True,0,10,0,6|0|0|0|0|6|0|0|6|6|0|0|6|0|0
43216,3,True,8,15,8,8|8|8|8|8|8|8|8|8|8|8|8|8|8|9
43221,5,True,9,3,5,5|9|5|5|9|5|5|5|5|5|5|9|5|5|5
43222,4,True,6,11,6,0|8|0|4|6|6|4|4|6|4|1|6|0|6|6
43224,8,False,8,4,8,8|8|8|8|8|8|8|1|8|8|1|8|8|1|4
43227,4,True,6,3,4,9|4|4|4|4|4|9|9|4|4|4|4|4|4|4
43244,9,False,9,10,5,5|5|9|9|5|5|5|5|5|9|5|5|7|9|9
43256,8,False,8,8,-1,3|8|3|3|8|3|3|8|8|8|8|3|3|8|9
43260,8,True,6,15,4,9|3|2|6|4|4|2|4|6|6|4|4|6|6|4
43286,4,False,4,5,4,4|4|4|2|0|2|4|2|4|4|0|4|4|4|4
43293,1,False,1,7,1,7|8|1|1|7|1|7|0|1|1|7|1|1|7|1
43297,3,False,3,2,3,3|3|3|2|2|3|3|3|3|3|3|3|3|3|3
43299,6,True,2,10,6,6|2|2|4|0|8|6|2|4|6|8|4|6|6|0
43310,2,False,2,14,3,1|1|5|2|3|3|0|3|3|3|3|0|6|7|5
43318,3,False,3,9,3,4|3|3|4|6|6|4|3|2|3|1|3|6|4|3
43327,8,False,8,6,8,3|3|8|8|8|8|8|3|8|3|8|3|8|8|9
43335,9,True,6,12,3,9|8|6|3|9|3|3|8|1|0|9|0|3|2|7
43339,4,False,4,7,4,9|9|4|4|9|9|4|9|9|4|9|4|4|4|4
43341,0,False,0,8,0,0|3|6|0|0|6|0|6|0|6|3|6|0|0|6
43362,4,True,6,0,4,4|4|4|4|4|4|4|4|4|4|4|4|4|4|4
43376,6,True,0,8,0,0|0|0|0|6|6|6|6|0|6|0|6|0|6|0
43379,5,False,5,11,7,1|5|7|7|7|5|7|5|2|7|7|7|7|5|7
43380,1,False,1,8,-1,0|1|1|1|0|1|1|0|1|7|0|0|1|0|0
43412,1,False,1,4,1,1|1|1|1|1|1|0|0|1|1|1|0|1|1|0
43436,6,True,1,15,1,1|1|1|1|1|1|1|1|1|1|7|1|1|1|1
43438,1,True,5,12,5,1|1|5|5|2|5|5|5|5|5|5|5|1|5|5
43440,6,True,0,4,6,0|6|6|6|6|6|6|6|6|6|0|0|6|0|6
43450,8,True,6,13,6,6|8|3|0|1|8|0|6|6|6|1|3|4|4|6
43460,3,True,8,10,8,9|3|3|0|8|8|3|4|6|3|3|8|8|8|8
43462,9,True,7,11,7,9|7|7|7|7|9|7|7|9|7|7|7|7|9|7
43473,3,True,8,9,8,3|8|3|8|3|8|8|8|8|8|3|3|8|8|3
43493,9,True,4,12,4,9|4|4|4|0|6|9|4|2|9|0|4|4|4|4
43495,4,True,6,15,8,7|2|8|5|6|5|1|8|5|8|2|0|8|8|7
43535,0,True,1,13,1,1|7|1|1|1|1|0|0|1|1|1|1|1|1|1
43539,9,True,4,12,4,9|3|4|4|6|9|2|3|4|4|3|4|3|4|9
43563,3,True,2,15,4,9|4|4|4|4|4|4|9|4|8|4|4|4|4|4
43612,5,True,9,0,5,5|5|5|5|5|5|5|5|5|5|5|5|5|5|5
43635,7,True,1,13,1,1|1|1|1|1|1|1|1|1|7|1|1|0|1|7
43643,0,True,2,11,4,4|0|4|4|4|0|0|4|4|0|4|4|4|4|4
43669,1,False,1,1,1,1|1|1|1|1|1|1|0|1|1|1|1|1|1|1
43690,1,False,1,5,1,1|7|7|1|1|1|1|6|1|7|1|1|1|7|1
43720,6,True,0,8,0,6|0|6|0|0|6|6|0|6|0|0|6|6|0|0
43731,7,True,8,11,8,8|8|7|7|8|8|7|8|9|8|7|8|8|8|8
43740,3,True,8,13,8,8|8|8|8|9|8|8|8|3|8|3|8|8|8|7
43776,4,False,4,11,9,9|9|4|9|4|9|9|4|9|9|9|9|9|4|9
43820,6,False,6,5,6,6|5|6|6|6|0|6|6|6|6|0|0|0|6|6
43847,0,True,2,12,2,6|2|8|2|2|8|2|0|2|6|2|0|6|0|4
43855,0,False,0,5,0,0|6|6|0|6|0|2|0|0|0|0|0|0|6|0
43892,3,True,2,14,4,0|2|4|4|4|2|3|0|6|8|6|0|4|4|4
43916,0,False,0,9,6,0|0|6|0|0|0|0|6|6|6|6|6|6|6|6
43922,2,False,2,13,0,0|3|2|1|0|6|6|0|6|0|0|0|0|0|2
43947,5,False,5,4,5,5|5|2|5|5|5|5|2|5|3|5|5|2|5|5
43968,0,False,0,5,0,0|6|6|6|0|0|0|0|6|0|0|0|0|6|0
43969,4,True,6,1,4,4|4|4|4|6|4|4|4|4|4|4|4|4|4|4
43970,6,False,6,10,4,4|4|3|6|6|6|6|4|6|4|4|0|4|4|2
43978,6,True,3,15,3,3|3|3|3|3|3|0|3|3|3|3|3|3|3|3
44004,0,False,0,8,6,0|6|6|0|6|0|0|0|6|6|0|0|6|6|6
44024,0,False,0,9,6,0|6|6|0|6|6|0|6|6|6|0|6|0|0|6
44045,6,False,6,14,2,4|9|2|6|2|0|8|0|2|4|2|8|4|2|8
44053,8,False,8,2,8,8|8|3|8|8|8|8|8|8|8|8|8|8|3|8
44070,6,True,0,6,6,6|9|4|6|0|4|6|4|8|6|6|6|6|6|6
44090,5,True,9,0,5,5|5|5|5|5|5|5|5|5|5|5|5|5|5|5
44096,6,True,0,7,6,0|2|6|0|6|0|0|6|6|6|0|6|6|0|6
44148,3,True,5,12,5,5|3|1|1|5|5|5|3|5|3|1|5|5|5|5
44171,2,True,9,10,-1,9|2|7|2|7|5|9|2|2|9|7|9|5|2|9
44173,6,True,3,15,3,3|3|3|2|3|3|3|3|3|3|2|3|3|3|3
44174,7,True,1,9,1,1|7|7|1|7|1|1|7|1|1|7|1|1|1|7
44184,0,True,2,6,0,0|2|2|0|0|0|0|0|2|2|2|0|2|0|0
44185,4,False,4,9,9,9|9|9|4|9|9|4|4|9|9|9|4|9|4|4
44201,5,True,9,1,5,5|5|5|5|9|5|5|5|5|5|5|5|5|5|5
44224,5,False,5,3,5,5|5|5|2|5|5|5|2|5|5|2|5|5|5|5
44252,1,True,3,15,6,6|3|3|4|3|3|6|2|2|6|2|6|6|6|0
44262,6,False,6,5,6,6|4|4|6|6|6|6|4|4|6|4|6|6|6|6
44281,9,True,7,14,7,7|7|7|7|7|7|7|7|7|7|7|7|7|9|7
44298,1,False,1,3,1,1|1|1|1|1|0|1|0|1|1|1|1|1|0|1
44304,0,True,2,7,0,0|2|0|0|0|8|0|2|2|2|2|0|0|0|2
44321,0,True,2,10,4,4|0|4|4|4|0|2|4|0|0|0|4|4|4|4
44353,5,True,9,9,9,5|5|6|9|9|9|9|2|9|5|5|9|5|5|9
44359,0,True,2,7,0,0|2|0|0|2|0|2|0|2|2|0|0|2|0|2
44385,5,False,5,15,7,7|7|7|7|7|7|7|7|7|7|7|7|7|7|7
44401,2,True,7,15,7,7|9|7|7|9|7|7|7|7|7|7|7|7|7|7
44416,6,False,6,5,6,6|3|6|6|6|6|3|6|6|6|3|0|4|6|6
44421,0,True,2,10,4,4|9|0|6|0|4|4|4|0|4|0|4|0|4|2
44434,2,False,2,9,2,3|3|3|4|8|1|8|2|2|2|1|4|2|2|2
44445,4,True,5,15,5,1|5|5|1|3|5|5|5|5|3|5|3|5|5|5
44451,4,False,4,7,4,4|6|4|4|6|2|8|4|8|4|4|4|4|8|9
44471,2,False,2,15,4,9|9|4|9|4|4|4|9|4|4|9|4|4|4|9
44542,8,True,2,15,0,0|2|2|2|0|0|0|0|2|0|0|0|0|0|0
44546,6,True,0,4,6,0|3|6|6|6|3|6|6|6|6|6|6|6|3|6
44552,3,True,4,12,4,3|4|4|4|4|6|6|3|6|3|4|4|4|4|6
44561,0,False,0,11,0,8|8|7|3|7|2|6|0|2|6|6|0|0|0|4
44568,6,False,6,9,4,4|4|4|4|6|6|4|4|6|6|4|6|4|4|6
44573,5,False,5,12,2,5|2|2|2|2|5|7|3|7|3|2|8|2|7|5
44597,5,False,5,6,5,1|2|5|1|5|5|5|2|5|5|1|5|1|5|5
44602,1,False,1,2,1,1|1|1|1|1|1|1|1|1|1|1|1|1|0|0
44623,3,True,2,15,4,4|4|4|9|4|4|4|4|9|9|9|9|4|4|4
44632,1,False,1,4,1,0|1|1|1|1|1|7|4|1|0|1|1|1|1|1
44636,4,False,4,8,9,9|9|4|4|9|9|9|4|4|9|9|4|4|4|9
44643,5,True,9,0,5,5|5|5|5|5|5|5|5|5|5|5|5|5|5|5
44687,2,True,3,12,3,6|3|2|2|2|8|0|3|6|3|3|0|1|3|3
44692,7,False,7,4,7,7|7|7|9|7|9|7|9|7|7|7|7|7|7|9
44702,5,True,9,6,5,5|5|5|9|9|5|5|2|5|9|5|9|5|5|9
44730,5,False,5,5,5,5|5|1|5|7|5|5|7|5|7|7|5|5|5|5
44756,2,True,3,11,-1,3|6|6|2|0|6|3|2|2|2|3|6|3|6|3
44762,3,True,5,11,5,3|3|5|3|5|1|5|3|5|5|5|5|5|5|5
44771,0,False,0,14,6,6|6|4|0|6|8|6|6|4|6|6|6|6|6|6
44774,0,False,0,15,6,6|5|6|4|6|4|6|6|6|6|5|6|6|6|6
44775,5,True,9,3,5,9|5|5|5|9|5|5|5|5|5|9|5|5|5|5
44783,6,False,6,13,4,9|9|4|4|6|0|4|4|4|4|4|4|6|4|4
44802,2,False,2,9,2,6|2|6|0|2|4|2|4|2|4|8|0|2|0|2
44861,7,True,5,5,7,1|7|5|7|7|5|5|7|7|7|7|7|7|5|7
44866,9,False,9,14,5,5|5|5|9|5|5|5|5|5|5|5|5|5|5|5
44901,4,True,6,8,4,4|4|4|4|6|8|0|4|0|6|0|0|0|4|4
44994,1,True,8,14,8,8|8|1|8|8|8|8|8|8|8|8|8|8|8|8
44995,4,False,4,8,9,9|4|4|4|9|9|9|9|9|9|4|4|4|4|9
45010,2,False,2,15,4,0|8|4|6|9|4|6|6|4|4|9|9|3|4|7
45033,7,False,7,3,7,9|7|7|7|7|7|7|7|9|7|7|7|7|9|7
45034,9,True,4,14,4,4|4|2|9|4|4|4|0|0|0|2|4|4|0|4
45048,4,True,6,14,6,6|4|6|6|6|6|6|6|6|6|6|6|6|6|6
45057,3,True,8,10,8,8|8|3|3|8|8|8|3|8|8|8|3|3|8|9
45065,8,False,8,10,8,8|3|8|3|9|1|7|3|2|7|8|8|8|7|9
45073,0,False,0,6,0,0|2|0|0|0|1|0|6|2|0|0|0|0|7|6
45086,4,True,6,12,3,0|4|0|4|3|3|6|0|3|3|1|3|6|4|2
45093,9,True,6,11,4,3|4|3|4|9|4|4|4|9|3|1|4|9|4|9
45110,0,True,2,12,4,9|4|2|4|9|4|4|0|4|0|0|4|4|4|4
45125,2,True,3,10,3,3|3|2|2|2|1|2|3|3|3|3|3|3|2|3
45162,2,True,5,15,5,7|7|8|5|1|1|5|5|3|5|1|5|7|5|3
45163,2,True,5,15,7,5|7|7|7|7|7|7|5|5|5|7|7|7|5|5
45179,4,False,4,8,4,4|9|2|9|4|9|4|2|0|4|4|4|4|0|9
45196,4,False,4,6,4,9|4|4|4|9|9|4|4|9|4|9|4|4|4|9
45216,8,False,8,7,8,8|8|7|7|7|1|8|8|8|7|8|8|8|7|9
45296,3,False,3,4,3,3|3|3|3|0|8|3|3|6|3|3|3|3|0|3
45308,6,True,0,10,3,3|3|3|3|0|3|4|6|3|6|0|6|6|0|6
45329,6,True,2,14,4,0|4|4|4|4|4|6|4|4|4|0|4|4|4|0
45373,5,False,5,8,5,5|5|5|7|7|5|5|2|2|1|2|7|1|5|5
45383,7,True,1,5,7,7|7|7|7|7|1|7|7|1|7|1|1|7|1|7
45412,6,True,3,12,3,6|4|6|4|2|3|3|3|2|3|1|6|3|2|3
45419,5,True,9,2,5,9|5|5|5|5|5|5|5|9|5|5|5|5|5|5
45420,9,True,4,15,4,3|3|3|4|4|6|4|4|2|4|1|3|4|4|4
45447,0,True,2,15,4,4|4|4|4|4|4|8|4|8|6|2|4|6|4|6
45470,4,True,6,15,6,6|6|6|6|6|6|6|6|6|6|0|0|6|0|6
45473,7,False,7,3,7,7|5|7|5|7|5|7|7|7|7|7|7|7|7|7
45475,1,True,3,15,3,3|3|2|2|3|3|6|3|6|6|3|0|0|6|2
45484,8,False,8,7,8,3|3|8|8|3|8|8|3|5|8|8|6|8|8|7
45490,3,True,4,13,-1,3|2|1|4|1|6|8|4|4|1|3|0|6|8|2
45493,5,False,5,12,7,8|1|7|7|5|1|3|7|1|7|7|7|7|5|5
45506,6,True,2,15,4,9|2|2|4|4|9|4|2|4|4|9|4|2|4|2
45507,6,True,0,4,6,6|6|6|0|0|6|6|0|6|6|6|0|6|6|6
45508,2,False,2,11,4,4|4|4|4|9|2|2|4|4|4|2|4|2|0|0
45517,7,False,7,10,9,9|5|9|2|7|5|7|5|9|7|7|9|7|9|9
45519,1,True,5,11,5,1|5|7|1|5|1|7|5|5|1|3|5|5|5|7
45532,5,True,9,0,5,5|5|5|5|5|5|5|5|5|5|5|5|5|5|5
45541,2,False,2,9,0,0|2|4|0|0|0|0|8|2|0|2|0|2|2|2
45548,0,True,2,15,9,9|9|4|4|4|9|2|9|9|9|9|9|4|4|9
45570,2,False,2,12,0,8|2|3|0|4|3|8|0|2|2|0|0|8|1|0
45574,0,True,2,4,0,0|2|2|0|0|0|0|2|0|0|0|0|0|0|2
45579,7,False,7,4,7,7|7|2|7|7|7|7|5|2|7|7|7|7|7|9
45597,6,True,0,7,6,0|0|0|6|6|6|6|0|6|6|6|0|6|0|0
45600,0,True,5,15,5,5|5|7|5|5|1|5|5|5|7|1|5|5|5|5
45620,8,False,8,5,8,8|8|8|8|8|3|8|3|3|8|8|3|8|8|3
45642,4,True,7,15,7,7|7|7|7|7|7|7|7|7|7|7|7|7|7|7
45660,7,True,8,13,8,8|8|8|8|1|1|8|9|8|8|8|8|7|7|9
45672,9,True,4,11,4,0|9|4|9|9|5|2|4|4|4|4|4|3|4|9
45675,4,True,6,1,4,4|4|4|4|6|4|4|4|4|4|4|4|4|4|4
45696,9,True,4,7,9,9|4|4|4|9|9|2|9|9|4|9|9|4|4|9
45702,6,False,6,15,4,4|4|2|4|4|4|8|4|4|4|4|4|4|4|4
45717,0,True,1,4,0,0|0|1|1|0|1|0|0|1|0|0|0|0|0|0
45722,7,True,8,12,8,8|8|8|8|7|1|8|8|8|7|8|8|7|8|8
45723,5,True,9,3,5,5|9|5|9|5|5|5|5|5|5|9|5|5|5|5
45725,3,True,2,14,-1,0|3|2|6|6|8|6|0|0|2|4|6|2|0|4
45729,9,True,3,15,3,3|3|3|0|6|1|3|2|2|3|3|3|3|0|3
45733,5,True,9,2,5,5|5|5|5|9|5|5|5|5|5|5|5|7|5|5
45734,0,False,0,9,6,6|4|6|6|0|8|0|6|6|6|0|0|0|6|0
45739,9,True,4,10,4,9|4|4|4|9|9|4|9|4|4|9|4|4|4|4
45743,9,True,4,12,4,9|4|4|4|4|4|4|9|4|4|4|4|4|4|9
45753,3,False,3,15,6,6|2|6|6|2|8|6|8|2|6|0|0|6|0|6
45757,2,True,9,15,9,9|9|7|9|9|9|7|9|7|7|9|7|7|9|9
45761,3,True,8,15,8,8|8|1|8|1|8|8|8|8|8|8|8|8|8|8
45798,7,False,7,2,7,9|7|7|7|7|7|7|9|7|7|7|7|7|7|7
45818,6,True,3,13,3,0|3|3|3|3|6|2|3|3|3|3|6|0|0|3
45827,8,False,8,0,8,8|8|8|8|8|8|8|8|8|8|8|8|8|8|8
45835,2,True,3,7,2,3|3|2|2|2|3|2|3|3|3|2|3|2|2|2
45845,9,False,9,13,5,5|5|5|9|5|5|5|5|5|5|5|9|5|5|5
45848,0,True,2,7,0,0|8|7|0|1|0|0|0|2|2|2|8|0|0|0
45899,0,True,2,14,4,4|4|4|4|8|4|6|9|4|4|0|4|4|4|4
45930,6,True,2,15,9,9|9|9|9|9|9|9|9|9|9|4|9|9|9|9
46004,3,True,2,14,4,9|3|0|4|6|6|2|6|7|4|4|4|4|4|6
46025,9,True,4,5,9,9|9|9|4|9|4|4|9|9|4|9|9|4|9|9
46028,2,False,2,11,0,6|2|2|0|0|0|0|0|2|6|0|0|0|0|2
46043,9,True,4,15,4,4|4|4|4|0|0|0|0|4|0|4|4|0|4|0
46061,3,False,3,9,3,8|3|3|9|6|1|3|3|2|1|6|3|0|8|3
46077,1,False,1,4,1,1|7|1|1|0|1|1|2|1|1|1|1|1|1|0
46085,6,False,6,12,4,4|4|6|4|6|4|2|4|4|4|4|4|6|0|4
46099,0,False,0,7,0,0|0|0|0|0|6|6|6|6|6|0|6|0|0|6
46111,2,True,7,12,7,7|2|7|2|7|7|7|7|7|2|7|7|7|7|7
46156,5,True,9,12,9,9|9|9|9|5|9|5|5|2|9|7|9|7|9|9
46160,6,False,6,8,-1,6|2|6|6|6|0|6|0|0|6|0|6|0|0|0
46201,2,True,3,15,3,3|3|3|3|3|3|3|3|3|3|3|3|3|3|3
46217,3,True,2,15,9,9|9|4|9|9|9|4|4|4|4|9|9|9|9|9
46238,3,True,5,14,5,5|1|5|1|7|1|5|5|3|5|5|5|1|5|5
46247,2,True,3,13,3,3|3|3|3|2|3|6|3|3|3|3|3|3|2|3
46249,4,False,4,11,9,9|9|4|9|9|9|9|9|4|0|9|9|4|4|9
46275,2,True,7,15,7,7|5|7|7|7|7|8|3|7|7|7|7|7|9|7
46328,8,False,8,6,8,3|8|8|8|8|8|3|3|8|3|8|3|8|8|7
46340,4,False,4,5,4,4|4|8|4|4|4|2|2|4|4|2|1|4|4|4
46346,0,True,2,11,4,4|4|4|4|4|4|4|4|0|0|0|4|0|4|4
46399,8,False,8,6,8,8|1|8|8|7|8|7|8|8|7|8|8|7|8|7
46418,2,False,2,9,0,0|0|2|0|2|0|0|2|2|0|0|0|2|0|2
46419,4,False,4,14,9,9|9|9|9|9|9|9|9|9|4|9|9|9|9|9
46421,3,False,3,11,6,3|6|6|6|6|3|6|6|3|6|3|6|6|0|6
46434,5,False,5,10,7,7|5|7|5|7|5|7|3|2|5|7|7|7|5|7
46479,2,False,2,15,6,3|3|4|4|6|3|4|6|5|6|3|6|6|4|9
46492,5,True,9,1,5,5|5|5|9|5|5|5|5|5|5|5|5|5|5|5
46507,6,False,6,13,0,4|1|2|0|0|5|6|0|0|0|0|0|6|4|2
46510,2,True,9,15,5,5|9|5|5|5|5|5|5|5|9|5|5|5|5|5
46514,3,True,8,11,8,8|8|2|8|6|8|3|8|8|3|3|5|3|8|4
46518,9,True,3,15,3,3|2|3|4|2|3|6|3|2|6|8|0|6|6|3
46522,1,True,3,14,3,3|3|2|3|3|3|3|3|3|3|1|3|3|2|3
46528,6,True,0,2,6,6|3|6|6|6|6|6|6|6|6|9|6|6|6|6
46549,8,True,7,12,5,5|5|5|7|6|5|2|5|7|8|8|7|5|8|9
46573,4,False,4,10,9,9|9|3|4|9|9|4|4|9|4|9|9|4|9|9
46580,7,True,5,11,5,5|7|5|5|5|5|5|7|4|7|7|5|5|5|5
46592,4,True,6,2,4,4|4|4|4|6|4|4|4|4|3|4|4|4|4|4
46619,3,True,0,14,7,1|7|7|7|7|7|8|2|2|7|0|7|5|1|3
46625,6,True,0,4,6,0|6|1|6|6|6|6|0|0|6|6|6|6|6|6
46683,8,False,8,2,8,8|1|8|8|8|8|8|8|8|8|8|8|7|8|8
46690,6,True,0,6,6,0|0|6|0|6|6|0|0|6|6|6|6|6|0|6
46697,7,False,7,9,9,9|9|9|7|7|9|9|9|7|7|7|9|7|9|9
46713,7,False,7,3,7,3|7|7|7|3|7|7|4|7|7|7|7|7|7|7
46723,1,True,5,13,5,1|5|5|1|7|5|5|5|5|3|5|5|2|5|3
46738,7,True,5,10,5,5|5|7|9|5|5|7|7|7|5|5|5|7|5|5
46739,9,True,4,2,9,9|9|2|9|4|9|9|9|9|9|9|9|9|9|9
46742,3,False,3,4,3,3|3|2|2|3|3|3|3|3|3|3|3|3|2|2
46744,0,True,2,15,4,4|4|4|4|4|6|4|4|2|6|2|8|4|4|4
46754,5,False,5,3,5,5|5|5|2|5|5|5|5|5|3|5|5|2|5|5
46757,6,True,3,15,3,3|2|3|3|3|3|3|3|3|3|3|3|3|3|3
46758,1,True,4,14,8,8|3|1|8|7|8|8|8|8|8|6|8|3|8|5
46786,3,False,3,7,3,3|2|3|2|2|3|3|3|2|3|2|3|2|2|3
46795,7,True,5,1,7,7|7|7|7|7|7|7|7|7|7|7|7|7|5|7
46820,8,True,3,9,-1,3|3|8|8|0|3|8|3|8|0|7|3|8|8|3
46841,4,False,4,8,4,9|4|4|9|9|9|3|4|9|0|4|4|4|4|9
46869,8,False,8,9,3,3|8|3|3|8|3|3|8|8|3|8|3|3|8|3
46870,5,False,5,4,5,1|5|5|2|5|5|5|5|5|2|2|5|5|5|5
46893,7,True,1,8,1,1|1|7|1|1|1|1|7|1|7|1|7|7|7|7
46926,6,True,0,14,3,3|3|2|2|2|3|8|2|2|3|1|3|3|6|3
46940,4,False,4,14,9,9|9|9|9|9|9|9|4|9|9|9|9|9|9|9
46945,7,False,7,1,7,9|7|7|7|7|7|7|7|7|7|7|7|7|7|7
46951,2,True,7,15,7,3|7|9|7|7|7|7|7|7|7|7|7|7|7|7
46957,6,True,3,14,3,3|6|2|3|3|3|3|3|2|3|3|0|3|2|3
46962,7,True,5,10,5,5|5|7|2|5|5|5|7|1|7|2|5|5|7|7
46964,2,True,3,8,3,3|3|2|2|2|3|3|2|3|3|2|3|2|2|3
46971,0,True,2,2,0,0|0|2|0|2|0|0|0|0|0|0|0|0|0|0
47014,5,True,9,0,5,5|5|5|5|5|5|5|5|5|5|5|5|5|5|5
47030,2,True,3,9,3,3|3|3|2|2|3|3|2|2|3|2|3|3|2|3
47031,6,True,2,12,4,9|4|3|4|6|2|6|3|6|9|9|4|4|4|9
47040,3,False,3,5,3,3|3|2|3|3|3|3|3|2|3|2|3|2|0|3
47050,9,False,9,14,5,5|5|5|9|5|5|5|5|5|5|5|5|5|5|5
47079,0,True,1,13,3,3|3|3|8|8|0|8|3|2|2|3|0|1|3|9
47088,3,True,8,12,8,8|3|8|8|8|8|8|8|8|8|3|3|8|8|9
47096,6,True,0,6,6,0|0|6|6|0|6|0|6|6|6|0|6|6|0|6
47126,9,True,7,12,7,8|1|7|9|9|7|9|5|7|7|7|7|7|7|7
47132,6,True,3,12,3,3|3|6|4|9|6|3|3|4|3|2|4|3|4|6
47143,0,True,1,13,1,1|1|1|1|7|1|1|0|1|1|0|1|1|1|1
47165,9,False,9,15,5,5|5|5|5|5|5|5|5|5|5|5|5|5|5|5
47169,3,False,3,6,3,3|2|3|2|3|3|2|3|3|2|3|6|3|2|3
47191,4,False,4,6,4,6|4|4|4|6|6|4|4|4|4|8|6|4|4|9
47219,9,False,9,13,5,9|5|5|9|5|5|5|5|5|5|5|5|5|5|5
47231,2,False,2,9,0,0|2|0|2|2|0|4|2|2|0|0|4|2|0|0
47248,7,False,7,7,7,7|9|7|7|7|5|9|7|7|9|3|7|7|9|9
47255,9,True,4,13,6,3|3|6|6|6|2|3|6|9|9|4|6|3|4|4
47260,2,False,2,11,0,0|2|2|0|0|0|0|2|0|0|2|0|0|0|0
47271,4,False,4,5,4,4|4|4|9|4|0|2|4|4|0|4|9|4|4|4
47273,2,True,3,14,3,3|3|6|2|3|3|3|3|3|3|3|3|3|3|3
47300,2,True,5,13,5,5|5|2|2|5|1|5|5|5|5|5|5|5|5|5
47301,2,False,2,11,0,4|2|8|0|2|0|2|0|2|0|0|0|0|0|0
47319,8,False,8,5,8,8|8|8|8|9|3|8|3|8|8|3|8|8|8|3
47349,9,True,4,8,4,9|9|9|4|4|9|4|4|9|9|4|9|4|4|4
47365,0,True,2,4,0,0|2|2|0|0|0|0|4|0|0|2|0|0|0|0
47401,9,True,4,2,9,9|4|9|9|9|9|9|9|9|4|9|9|9|9|9
47418,9,True,7,14,7,7|7|7|7|7|7|7|7|7|9|7|7|7|7|7
47421,0,False,0,5,0,0|0|6|0|6|0|0|0|6|6|0|0|0|0|6
47445,6,True,9,15,-1,9|2|5|2|2|5|9|9|2|2|2|9|5|9|9
47454,9,True,7,14,7,7|7|7|7|7|7|7|7|7|7|7|9|7|7|7
47482,5,False,5,10,7,7|5|5|7|7|7|7|7|2|7|5|5|7|5|7
47483,3,False,3,12,0,3|2|8|0|7|8|0|3|2|6|0|6|0|3|6
47493,1,True,8,14,8,8|8|8|8|8|8|8|8|7|8|7|8|8|1|9
47548,0,True,1,9,1,0|1|1|1|0|0|1|0|1|1|0|0|1|1|1
47557,6,False,6,14,4,9|9|4|0|9|4|4|2|4|6|9|4|4|4|4
47561,9,True,6,15,4,4|2|6|4|6|6|4|4|4|6|4|4|2|4|4
47608,2,False,2,12,4,9|4|4|2|6|9|4|4|4|4|2|4|4|4|2
47637,5,True,9,1,5,5|5|5|5|5|5|9|5|5|5|5|5|5|5|5
47650,9,True,4,4,9,9|4|4|9|9|9|9|9|9|4|9|9|4|9|9
47681,9,True,8,14,8,8|8|8|8|8|8|8|8|8|8|3|8|8|8|9
47691,3,True,8,12,8,8|8|8|8|8|8|8|3|8|3|8|8|3|8|8
47716,2,False,2,10,0,0|3|2|2|4|0|0|2|0|2|2|4|0|0|0
47729,9,True,7,15,7,4|4|7|7|7|7|7|7|7|7|7|7|7|4|7
47742,6,True,0,2,6,6|6|6|6|6|0|6|6|6|6|6|6|6|0|6
47753,1,False,1,7,1,1|3|1|1|0|1|0|4|0|1|1|6|1|1|0
47770,4,True,6,4,4,4|4|6|4|6|0|4|4|4|4|8|4|4|4|4
47802,6,True,0,6,6,0|6|6|0|6|6|6|0|6|6|0|6|0|0|6
47810,6,False,6,8,6,8|2|6|0|0|6|6|0|2|6|6|6|0|0|6
47812,8,False,8,4,8,8|3|8|8|3|6|8|8|8|8|9|8|8|8|8
47813,6,True,0,7,6,0|0|6|0|0|6|0|0|6|6|0|6|6|6|6
47843,1,False,1,5,1,0|1|1|1|7|1|1|0|1|1|7|1|1|0|1
47847,5,False,5,5,5,5|5|7|7|5|5|5|5|5|7|5|7|5|7|5
47898,0,False,0,13,6,6|6|6|0|6|6|6|6|6|6|0|6|6|6|6
47908,8,True,1,15,1,1|1|1|7|1|1|1|4|1|2|3|1|1|0|0
47929,1,True,8,12,8,8|8|1|8|8|1|8|8|1|8|8|8|8|8|9
47958,6,True,0,8,0,0|0|6|0|6|6|6|0|6|6|6|0|0|0|0
47974,8,False,8,4,8,8|3|8|8|8|3|8|8|3|8|8|8|8|8|9
47978,6,True,2,15,4,9|3|4|4|4|4|4|2|9|4|9|3|2|4|9
48008,8,False,8,4,8,8|8|7|8|7|8|7|7|8|8|8|8|8|8|8
48049,0,True,2,5,0,0|2|2|0|0|0|0|2|2|0|2|0|0|0|0
48057,7,True,8,9,8,8|8|7|7|7|5|8|7|8|8|7|8|7|8|8
48059,7,True,1,6,7,7|7|7|1|7|1|7|7|1|7|7|1|1|1|7
48060,7,True,1,15,1,1|1|1|1|0|1|1|1|1|1|1|1|1|1|1
48061,7,True,1,15,1,1|1|1|1|1|1|1|0|1|1|1|1|1|0|1
48098,8,True,2,11,2,0|8|6|8|0|8|2|0|2|8|2|0|2|2|2
48101,2,False,2,12,4,9|3|4|2|4|5|4|2|2|3|9|9|4|4|9
48119,0,True,1,12,1,1|1|1|1|0|1|0|6|1|1|1|1|1|1|0
48136,9,True,7,10,7,9|7|7|9|7|9|7|9|7|7|7|7|7|9|7
48146,6,True,3,11,3,3|3|4|2|6|3|8|2|3|3|1|6|6|6|2
48148,2,False,2,14,0,0|0|0|0|0|0|0|0|2|0|0|0|0|0|0
48155,6,False,6,14,0,4|4|0|2|6|0|0|0|0|0|0|4|4|0|4
48169,9,True,7,5,9,9|9|7|7|9|9|7|9|7|9|9|9|7|9|9
48176,3,True,5,13,5,5|5|3|7|5|5|5|5|5|3|1|5|5|5|5
48189,8,False,8,7,8,8|8|8|3|8|3|8|3|8|3|8|3|3|8|9
48190,4,True,6,14,6,6|3|6|4|6|6|6|6|6|6|3|6|6|6|6
48192,9,True,8,14,8,7|1|8|8|0|8|8|8|3|9|8|3|8|8|8
48226,0,True,2,4,0,0|2|0|2|0|0|0|2|0|0|2|0|0|0|0
48275,9,True,4,15,4,4|4|2|2|0|6|4|0|8|4|0|4|4|2|4
48284,9,True,7,13,7,7|7|9|9|7|7|7|7|7|7|7|7|7|7|7
48303,9,True,8,15,3,8|3|3|3|8|3|3|3|2|8|8|8|3|8|3
48319,4,True,6,3,4,4|4|4|4|4|9|4|9|4|4|4|4|6|4|4
48328,9,True,4,7,9,9|4|4|4|9|9|9|4|9|4|9|4|6|9|9
48333,4,False,4,14,9,9|9|9|9|9|9|9|9|4|9|9|9|9|9|9
48346,2,True,3,4,2,3|3|2|2|2|2|3|2|3|2|2|2|2|2|2
48392,3,True,7,15,7,7|7|7|7|7|7|7|7|7|7|7|7|7|9|7
48406,2,False,2,14,0,0|0|0|2|0|0|0|0|0|0|0|0|0|0|0
48423,2,False,2,14,4,4|4|4|9|6|2|6|9|4|9|3|9|9|4|4
48457,7,False,7,5,7,9|9|7|7|7|7|9|7|7|7|7|9|7|9|7
48468,2,True,3,15,3,3|3|3|3|3|3|8|3|3|3|3|3|3|3|3
48469,6,True,3,15,3,3|3|3|3|2|3|3|3|3|3|3|3|3|2|3
48487,7,False,7,3,7,8|7|7|7|1|1|7|7|7|7|7|7|7|7|7
48494,7,True,5,14,-1,8|2|6|8|6|3|0|3|5|7|2|2|5|5|4
48500,0,False,0,5,0,0|2|6|0|6|0|0|0|0|6|0|0|0|0|6
48504,9,True,4,5,9,9|9|4|9|9|0|4|9|9|4|9|9|4|9|9
48554,8,True,7,15,7,3|9|9|7|9|7|7|7|7|5|7|5|7|1|7
48564,0,True,1,8,-1,0|1|1|1|1|1|0|0|0|7|1|0|1|0|0
48567,5,True,9,4,5,5|5|5|7|5|5|5|5|9|5|7|5|5|5|9
48572,2,True,7,13,7,7|5|2|7|7|7|7|2|7|7|7|7|7|7|7
48585,2,False,2,15,9,9|4|4|4|4|9|9|4|9|9|9|9|9|9|9
48608,7,False,7,4,7,3|7|9|7|7|9|7|7|7|7|7|7|7|4|7
48673,6,True,0,5,6,0|0|6|6|3|6|6|0|6|6|6|3|6|6|6
48679,0,True,1,13,1,1|5|1|1|0|1|8|2|1|1|1|1|1|1|0
48701,4,False,4,10,9,9|4|9|4|6|9|4|9|9|9|9|4|9|9|4
48704,0,True,1,11,1,1|0|1|1|1|1|1|0|1|1|1|1|0|0|1
48709,6,False,6,6,6,0|0|6|0|6|0|6|6|6|6|0|0|6|6|6
48714,0,True,2,3,0,0|0|2|0|2|0|2|0|0|0|0|0|0|0|0
48718,2,True,9,13,5,9|5|2|9|9|9|9|5|5|2|5|5|5|5|5
48723,4,True,6,15,6,0|0|6|6|6|6|6|6|6|6|0|0|6|6|6
48730,8,False,8,2,8,8|1|8|8|8|1|8|8|8|8|8|8|8|8|8
48731,7,False,7,6,7,7|9|7|2|9|7|7|7|2|7|2|7|7|9|7
48737,0,True,1,11,1,1|0|1|1|0|1|1|4|1|2|0|0|1|1|1
48773,9,True,7,9,7,9|9|9|9|7|9|7|9|7|7|7|3|7|7|7
48794,9,True,4,4,9,9|3|9|4|9|9|9|9|9|4|9|9|4|9|9
48814,0,True,1,10,1,1|1|1|1|7|1|0|0|1|0|1|0|1|1|0
48842,6,False,6,15,4,4|4|4|4|4|4|4|4|4|4|4|4|4|4|4
48843,5,True,9,0,5,5|5|5|5|5|5|5|5|5|5|5|5|5|5|5
48850,0,True,2,12,4,0|2|4|2|6|2|0|4|4|4|2|4|4|4|0
48858,7,True,8,12,8,8|8|7|8|7|8|7|8|8|8|8|8|8|8|8
48859,3,True,8,11,8,3|8|8|8|8|8|3|3|8|3|8|8|8|8|9
48866,5,False,5,10,-1,7|5|7|2|5|1|3|5|2|7|5|7|3|5|7
48867,2,False,2,13,0,0|0|2|0|0|0|0|2|0|0|0|0|0|0|0
48873,6,True,3,13,3,9|3|6|2|3|6|3|3|2|3|3|4|3|4|3
48894,6,True,0,3,6,6|6|6|6|6|6|6|0|6|6|6|0|0|6|6
48921,6,True,0,10,0,0|0|6|0|0|6|0|0|6|0|6|0|0|0|6
48922,3,True,8,14,8,8|8|8|8|8|8|8|3|8|8|8|8|8|8|7
48985,8,True,6,15,2,3|4|4|2|2|2|4|4|2|2|2|4|2|1|2
49011,9,True,8,14,8,8|3|8|8|8|8|8|8|3|8|3|3|8|8|9
49039,4,True,7,11,7,4|4|4|7|7|7|7|7|7|7|5|7|7|4|7
49073,1,True,5,11,5,1|5|1|1|5|1|5|2|7|7|7|7|5|5|2
49080,9,False,9,12,5,9|5|5|5|5|5|5|5|5|5|5|9|9|5|2
49085,8,False,8,3,8,8|8|1|8|8|1|8|8|8|8|1|8|8|8|8
49101,4,False,4,11,9,9|4|9|4|6|9|9|9|9|9|4|9|9|9|4
49105,8,True,2,13,2,4|2|2|2|8|8|6|2|2|2|2|0|2|2|2
49123,1,False,1,3,1,0|1|1|1|0|1|1|0|1|1|1|1|1|1|1
49151,2,False,2,15,4,9|4|4|4|4|4|4|4|4|4|4|4|4|4|4
49158,3,False,3,4,3,3|3|2|2|2|3|3|3|3|3|3|3|3|2|3
49159,5,False,5,4,5,5|5|7|5|3|5|5|5|5|2|2|5|5|5|5
49161,1,True,5,15,5,5|5|5|7|5|5|5|7|2|7|7|7|5|5|5
49176,0,True,2,7,0,0|2|2|3|2|0|0|0|4|0|0|0|6|0|2
49197,3,True,8,6,3,8|3|3|8|3|8|3|3|3|3|8|3|3|8|9
49216,7,True,1,15,1,1|1|1|1|0|1|0|0|1|1|0|1|1|1|1
49225,4,True,6,15,6,0|8|6|6|6|6|6|6|6|6|0|0|6|6|6
49252,6,False,6,5,6,6|4|4|6|6|6|6|4|6|4|6|6|6|4|6
49265,2,False,2,11,0,9|0|4|0|9|0|2|4|2|0|2|4|1|0|2
49271,1,True,8,13,8,8|8|1|8|1|8|8|8|8|7|8|8|8|8|4
49278,9,True,7,15,7,7|7|7|7|7|7|7|7|7|7|7|7|7|7|7
49289,9,True,7,13,7,7|7|9|7|7|7|7|2|7|7|7|7|7|9|7
49294,4,True,7,13,7,7|7|7|7|7|7|7|9|7|4|7|7|7|4|7
49313,7,False,7,4,7,9|7|9|7|7|7|7|9|2|7|7|7|7|7|7
49343,9,True,7,9,7,9|7|7|9|9|7|7|9|9|7|7|7|7|7|9
49363,8,True,7,15,7,3|5|7|7|7|7|7|7|7|7|7|7|7|7|7
49377,6,False,6,15,2,8|3|2|2|1|8|8|3|2|3|1|0|2|2|8
49385,9,False,9,14,5,5|5|5|5|9|5|5|5|5|5|5|5|5|5|5
49394,0,False,0,10,6,6|0|6|6|6|0|6|0|6|6|0|6|6|0|6
49398,9,True,4,14,4,0|2|4|4|0|0|8|2|4|0|9|4|4|4|4
49412,4,False,4,11,2,2|2|2|2|2|9|2|3|2|4|8|4|4|4|2
49440,4,True,6,3,4,4|4|4|4|4|6|4|4|6|6|4|4|4|4|4
49443,5,False,5,7,5,5|5|1|1|1|5|5|2|3|1|1|5|5|5|5
49447,6,True,0,5,6,0|6|6|0|0|6|0|6|6|6|6|6|6|6|0
49454,8,False,8,9,-1,8|3|3|8|7|3|8|8|5|5|3|3|8|8|3
49470,9,True,7,11,7,9|9|7|7|9|9|7|7|7|7|7|7|7|7|7
49474,7,True,8,13,8,8|7|8|8|8|8|8|8|8|6|8|8|7|8|8
49501,1,True,8,7,1,8|1|1|1|1|1|8|8|1|3|1|8|8|1|4
49503,3,False,3,6,3,3|3|6|3|2|1|3|3|3|2|2|3|3|8|3
49516,6,True,2,15,2,0|3|2|2|2|2|8|2|2|2|2|0|2|2|2
49528,1,False,1,13,6,6|3|4|6|1|6|2|2|0|4|1|0|6|4|0
49536,4,True,1,15,1,7|1|1|7|1|1|1|1|1|1|1|1|7|1|0
49541,2,True,3,13,3,3|3|3|3|2|3|3|3|3|3|3|3|3|2|3
49546,8,True,7,15,7,4|5|7|2|7|7|7|7|7|7|7|7|7|7|7
49548,3,False,3,14,4,8|2|1|4|2|2|2|3|6|4|0|4|4|4|9
49555,8,False,8,2,8,8|8|8|8|8|8|8|3|8|8|8|8|8|8|9
49567,2,True,3,10,3,0|2|3|3|7|3|3|2|2|3|1|3|3|2|2
49580,8,False,8,5,8,8|8|4|0|8|8|4|4|8|8|8|8|8|8|0
49620,6,True,0,4,6,6|6|6|0|6|6|6|6|6|0|0|6|6|6|0
49630,6,True,0,10,0,6|6|0|0|0|0|6|6|0|3|0|0|4|6|4
49651,7,False,7,1,7,9|7|7|7|7|7|7|7|7|7|7|7|7|7|7
49673,2,False,2,12,4,0|3|7|4|2|6|2|0|4|4|2|6|4|0|4
49690,7,False,7,2,7,7|7|4|7|7|7|7|7|9|7|7|7|7|7|7
49705,4,True,6,8,4,4|2|4|4|6|6|2|4|4|0|4|4|6|2|6
49728,3,False,3,9,2,3|3|2|2|2|3|3|2|3|2|3|6|2|2|2
49763,3,True,5,13,5,5|5|7|2|9|1|3|3|2|5|7|5|7|5|7
49784,7,False,7,3,7,9|3|7|7|7|7|7|7|7|9|7|7|7|7|7
49788,5,False,5,8,5,5|5|1|3|5|1|5|5|5|2|1|5|1|1|1
49817,4,True,6,13,8,3|8|8|8|9|0|8|2|8|4|8|6|3|4|2
49857,4,True,6,8,4,8|9|4|0|4|0|2|4|6|0|6|4|4|4|4
49860,1,False,1,7,1,1|7|1|1|7|1|1|3|7|7|1|1|7|1|4
49862,6,False,6,12,4,6|4|4|4|8|6|2|4|2|2|0|4|6|4|4
49881,5,True,9,3,5,9|5|5|5|5|5|5|5|9|5|7|5|5|5|5
49910,3,False,3,7,3,3|3|2|3|1|3|3|3|2|2|2|3|6|2|3
49922,8,True,2,13,2,0|2|2|2|8|6|2|2|2|2|8|0|2|0|2
49930,6,False,6,4,6,6|6|6|4|6|6|6|6|4|6|6|6|4|4|6
49932,0,True,2,12,4,0|4|2|4|4|2|0|2|2|4|8|4|8|8|0
49963,4,True,6,13,0,0|9|4|0|0|0|6|0|0|6|4|0|0|6|6
49975,6,True,1,13,1,1|1|1|1|1|1|1|6|1|6|1|1|1|1|0
50001,0,True,2,11,2,0|2|2|2|2|8|2|2|2|0|2|0|2|0|2
50020,1,True,3,15,6,0|5|6|6|0|6|6|0|6|6|6|0|6|3|6
50022,4,False,4,13,9,9|9|9|4|9|9|9|9|9|4|9|9|9|9|9
50058,0,True,2,3,0,0|2|0|0|0|0|0|2|2|0|0|0|0|0|0
50070,2,True,3,12,3,3|3|2|3|3|6|3|3|3|2|3|3|3|2|3
50074,2,True,3,9,3,3|2|3|2|3|3|3|2|2|3|3|3|2|2|3
50086,0,True,2,9,0,0|2|2|0|0|8|6|8|2|2|0|8|0|0|2
50101,9,True,8,14,8,3|8|8|8|8|8|3|3|8|8|3|8|8|8|9
50102,9,True,4,1,9,9|9|9|9|9|9|9|9|9|9|4|9|9|9|9
50110,9,True,7,15,7,7|7|3|7|7|7|7|7|7|1|7|7|7|7|7
50114,4,True,6,1,4,4|4|4|4|4|4|4|4|4|3|4|4|4|4|4
50118,5,True,9,3,5,5|5|5|9|7|5|5|5|5|5|5|5|7|5|5
50130,9,True,4,9,4,9|9|4|4|9|9|2|4|4|9|9|4|4|4|4
50144,2,True,3,11,3,6|3|8|3|2|3|2|2|3|3|6|1|3|2|3
50156,6,True,0,7,6,6|2|0|0|0|8|6|6|6|6|1|8|6|6|6
50169,9,False,9,12,5,9|5|5|5|5|5|5|5|9|5|5|9|5|5|5
50176,3,True,8,14,8,8|3|8|8|8|8|8|8|8|8|8|8|8|8|9
50186,9,True,8,14,8,3|8|3|8|8|8|8|3|8|8|8|8|8|8|9
50196,2,True,9,13,9,9|9|9|9|9|5|9|5|2|2|5|9|5|9|5
50220,1,True,0,15,6,6|2|7|0|6|0|6|6|6|6|0|0|6|6|0
50226,9,False,9,11,5,9|5|5|5|5|9|5|5|5|5|5|9|5|5|9
50266,7,True,1,10,1,1|1|1|7|7|1|1|4|1|7|1|7|7|1|4
50270,6,False,6,6,6,6|2|4|6|6|6|6|0|6|6|6|0|6|4|0
50284,2,False,2,8,2,0|2|3|0|6|8|0|2|2|0|2|8|2|2|2
50287,6,True,3,11,3,0|3|6|4|2|3|0|2|6|6|3|3|6|0|3
50297,6,True,0,1,6,6|6|6|6|6|6|6|0|6|6|6|6|6|6|6
50300,2,False,2,13,4,9|3|4|4|6|6|4|2|4|2|4|3|4|4|9
50307,0,True,2,4,0,0|0|2|0|0|0|4|2|0|0|0|4|0|0|0
50370,7,True,5,14,5,5|5|5|3|5|5|5|5|5|5|7|5|5|5|5
50382,1,True,8,15,8,8|8|8|8|7|8|8|8|8|8|8|8|8|8|8
50405,2,True,9,13,9,9|7|9|9|2|7|9|9|2|9|9|9|7|9|9
50408,6,True,1,14,1,1|8|7|1|1|1|1|7|1|6|1|1|1|1|0
50413,3,False,3,10,2,3|3|2|2|2|3|4|3|2|2|2|3|2|2|2
50420,5,True,9,0,5,5|5|5|5|5|5|5|5|5|5|5|5|5|5|5
50447,1,False,1,4,1,1|1|1|1|0|1|1|0|1|1|1|0|1|1|0
50448,6,True,0,7,6,0|0|6|6|6|3|0|0|6|6|6|6|6|4|0
50454,3,True,8,13,8,3|8|2|8|8|8|8|8|8|8|3|8|8|5|9
50480,8,True,2,15,0,0|0|0|0|2|0|0|2|2|0|2|0|2|0|0
50515,7,False,7,5,7,3|2|2|7|7|7|7|2|7|1|7|7|7|7|7
50517,7,True,5,8,7,7|5|6|5|7|7|7|2|7|7|2|7|1|5|5
50534,8,True,3,15,3,3|3|3|4|6|6|4|4|3|4|3|3|3|4|3
50540,7,True,8,10,8,8|8|7|8|8|8|7|8|8|7|7|8|7|8|8
50585,7,False,7,2,7,9|7|7|7|7|7|3|7|7|7|7|7|7|7|7
50589,2,False,2,13,-1,9|9|4|9|6|9|2|9|2|9|4|4|4|4|4
50594,5,True,9,1,5,5|5|5|5|5|5|5|5|5|5|9|5|5|5|5
50602,9,True,7,10,7,7|7|7|7|9|7|8|9|7|7|7|9|7|9|9
50653,5,False,5,8,5,5|5|7|5|7|5|7|7|2|1|5|5|5|7|7
50660,6,True,3,15,3,3|3|3|2|3|3|3|3|3|3|3|3|3|3|3
50683,5,False,5,11,7,1|7|1|1|5|5|7|2|7|5|7|7|1|5|2
50704,3,True,2,14,2,2|2|2|6|8|0|8|0|2|3|2|0|0|0|2
50733,1,False,1,13,0,0|0|1|0|0|0|0|0|1|0|0|0|0|0|0
50741,0,True,2,1,0,0|0|0|0|0|0|0|0|0|0|0|4|0|0|0
50785,2,True,7,13,7,7|7|7|7|7|7|7|2|2|7|7|5|7|7|7
50795,6,True,0,12,0,0|0|6|0|0|0|6|0|0|0|0|6|0|0|0
50798,2,False,2,15,4,9|4|4|4|4|4|4|4|4|4|9|9|4|4|9
50813,3,True,5,12,5,1|5|5|2|5|3|5|3|1|3|2|7|5|5|5
50817,3,True,5,15,-1,1|7|7|7|5|5|7|5|7|7|5|7|5|5|5
50819,9,False,9,11,5,9|5|5|9|9|5|3|9|5|5|5|5|5|8|5
50824,9,True,7,13,7,7|7|7|7|7|9|7|7|2|7|7|7|7|9|7
50866,1,True,8,15,8,0|8|8|0|8|8|6|8|8|8|8|8|8|0|4
50867,7,True,5,11,5,5|5|5|7|5|5|5|2|7|2|5|7|1|5|7
50868,9,True,4,9,4,9|4|4|4|4|9|4|9|4|4|9|9|4|9|4
50871,0,True,2,4,0,0|0|2|0|0|2|0|2|0|0|0|0|0|0|2
50879,8,False,8,8,3,8|8|3|8|3|3|3|3|3|8|8|8|3|8|3
50882,3,True,5,7,3,5|3|3|1|5|3|5|3|3|5|3|5|3|5|3
50889,8,False,8,6,8,8|8|2|8|9|8|8|0|8|8|3|7|8|8|9
50914,1,False,1,10,1,3|3|6|0|7|1|0|1|1|1|0|0|1|2|3
50930,9,True,7,13,7,7|7|7|7|7|7|7|7|7|7|7|9|7|9|7
50933,9,True,7,11,7,9|7|7|7|7|7|7|7|9|7|7|9|7|9|7
50967,1,True,8,12,8,8|1|8|1|7|1|8|3|8|8|8|8|8|8|7
50992,4,True,6,13,0,6|9|4|6|0|0|6|0|2|6|4|0|6|0|0
51000,1,True,5,12,5,1|7|7|2|7|5|5|5|1|1|5|7|5|5|7
51018,4,True,6,15,0,6|2|2|6|0|0|0|7|0|6|8|0|0|0|2
51021,6,True,0,9,0,0|0|6|0|6|6|0|0|6|6|0|0|0|0|6
51032,3,True,2,13,2,9|2|2|2|9|2|9|2|2|3|4|9|4|4|3
51094,6,True,3,15,3,3|3|3|3|3|3|3|2|3|3|3|3|3|3|3
51109,9,True,7,13,7,9|9|7|7|7|7|7|7|7|7|7|7|7|7|7
51117,6,True,0,5,6,6|6|1|6|4|6|6|3|6|6|6|3|6|4|6
51136,3,True,8,13,8,8|8|8|8|8|8|8|3|8|8|8|8|3|8|9
51139,4,True,6,0,4,4|4|4|4|4|4|4|4|4|4|4|4|4|4|4
51145,4,True,6,13,8,8|8|6|0|0|6|8|8|6|0|1|8|6|4|4
51210,5,False,5,2,5,5|5|5|1|5|1|5|5|5|5|5|5|5|5|5
51211,9,True,7,13,7,9|7|7|7|7|7|7|7|7|7|7|7|7|9|7
51214,7,False,7,10,9,9|9|7|9|7|9|7|9|9|9|7|9|7|9|9
51217,6,True,0,8,0,0|6|6|0|0|6|0|0|6|6|0|0|6|0|6
51227,7,True,5,8,7,5|5|7|5|7|8|5|7|2|7|7|7|5|7|2
51269,3,True,8,12,8,8|3|8|3|2|8|8|8|2|8|8|3|8|8|8
51295,0,True,2,9,0,0|2|8|0|0|8|8|1|0|2|5|8|0|6|0
51316,2,False,2,13,0,0|2|4|4|4|0|0|4|0|0|0|0|4|2|0
51328,6,True,2,14,0,4|3|2|4|0|0|0|6|2|3|2|0|0|4|4
51329,9,True,4,10,4,9|4|9|4|9|9|4|4|4|4|4|4|4|9|4
51331,8,False,8,8,8,6|6|8|8|8|3|8|3|3|8|5|8|8|3|9
51335,3,False,3,3,3,3|2|3|3|2|3|8|3|3|3|3|3|3|3|3
51342,2,False,2,11,-1,0|4|2|0|4|0|2|2|2|3|4|6|3|0|3
51346,7,True,8,12,8,8|8|8|8|8|8|7|8|8|7|7|8|8|8|8
51355,4,True,6,6,4,4|4|4|4|6|6|6|4|4|4|6|6|6|4|4
51358,5,False,5,5,5,1|5|1|1|5|5|5|5|1|5|1|5|5|5|5
51367,4,False,4,11,9,9|9|4|9|9|9|2|4|9|9|9|4|4|9|9
51370,1,True,5,9,-1,8|1|1|1|7|5|5|5|1|2|1|5|1|5|5
51415,6,True,0,14,8,8|8|6|9|9|8|8|0|9|8|8|8|7|8|8
51458,9,False,9,10,5,9|5|2|9|2|5|9|5|9|7|7|9|5|5|5
51481,6,False,6,7,6,6|6|6|4|6|8|6|6|2|2|4|4|4|6|6
51498,2,True,6,14,-1,8|5|1|0|1|6|0|4|2|4|6|8|1|6|3
51520,9,True,4,8,-1,9|9|4|4|4|9|5|9|4|4|4|4|9|9|9
51523,0,False,0,12,6,6|6|6|0|6|6|6|0|6|6|6|6|6|0|6
51536,6,True,1,15,1,1|1|1|1|1|1|1|1|1|1|1|1|1|1|1
51538,4,False,4,10,9,9|9|3|9|4|9|4|4|4|9|4|9|9|9|9
51562,2,False,2,15,9,9|9|4|9|4|9|9|9|4|4|4|4|9|4|9
51577,4,False,4,13,9,9|9|9|4|9|9|2|9|9|9|9|9|4|9|9
51578,7,True,1,6,7,1|7|7|1|7|1|7|7|1|7|1|7|7|1|7
51593,4,False,4,3,4,9|4|4|4|4|9|4|4|4|9|4|4|4|4|4
51663,2,True,3,11,3,3|3|3|2|2|3|3|3|3|3|2|3|3|2|3
51702,2,False,2,13,-1,8|2|8|0|8|6|6|0|2|8|6|4|0|4|0
51704,0,True,2,4,0,0|0|2|2|0|0|0|0|2|0|0|0|0|0|2
51736,9,True,4,1,9,9|9|9|9|4|9|9|9|9|9|9|9|9|9|9
51765,2,False,2,11,0,0|2|6|0|0|0|0|6|2|6|6|8|2|0|2
51782,2,False,2,13,0,4|2|2|0|0|0|0|0|0|9|0|0|0|0|4
51790,0,True,2,11,2,4|2|2|4|2|0|8|2|2|0|4|0|2|0|2
51793,1,False,1,7,1,1|7|1|1|7|1|7|4|1|1|7|7|1|1|0
51796,0,True,2,13,9,9|3|4|9|9|4|3|2|9|2|0|9|0|9|4
51805,9,True,8,15,8,8|8|8|8|8|8|8|8|8|8|8|8|8|8|7
51808,2,False,2,14,6,4|9|6|1|4|6|8|0|0|6|2|6|6|4|4
51833,3,True,8,8,8,8|3|3|8|3|3|8|3|3|8|8|8|8|8|3
51846,5,True,9,2,5,5|5|5|5|5|5|5|5|5|5|5|9|5|5|9
51865,9,True,7,13,7,3|5|7|9|9|7|7|7|5|3|7|7|7|7|7
51891,6,True,9,15,5,5|5|5|9|9|5|5|5|5|5|5|5|5|5|5
51906,3,False,3,15,4,4|4|4|4|6|4|6|4|8|4|0|8|4|4|2
51907,8,False,8,5,8,8|7|7|2|8|8|8|7|9|8|8|8|8|8|8
51915,0,False,0,9,6,6|8|6|1|6|6|0|0|6|6|6|0|0|0|0
51924,0,True,2,5,0,0|0|0|4|6|0|0|2|0|0|2|0|4|0|0
51929,7,True,1,15,1,1|1|1|1|0|1|1|4|1|0|1|1|1|1|0
51931,4,False,4,11,9,4|9|4|4|9|9|2|0|9|9|9|9|4|9|9
51943,9,False,9,12,5,9|5|5|9|5|5|5|5|8|9|5|5|5|5|5
51975,9,True,4,3,9,9|9|4|9|9|9|4|9|4|9|9|9|9|9|9
51994,2,True,7,15,7,7|7|7|7|7|7|7|7|7|7|7|7|7|7|7
52004,4,False,4,7,4,9|9|4|9|9|4|4|9|9|4|9|4|4|4|4
52014,6,False,6,15,4,8|4|4|4|4|4|4|4|4|4|4|4|4|4|4
52035,0,True,1,8,1,0|1|1|1|0|1|0|0|1|0|0|1|0|1|1
52048,1,False,1,4,1,0|1|1|1|0|1|1|0|1|1|1|1|1|1|0
52050,7,True,1,12,1,7|1|1|1|1|1|1|7|1|7|1|1|1|1|1
52056,9,True,4,12,4,4|4|1|4|4|9|6|4|4|4|4|9|4|4|9
52101,2,True,3,12,3,3|3|3|2|2|3|3|3|3|3|3|3|3|2|3
52120,6,True,9,15,5,9|5|5|9|9|5|5|5|5|5|9|5|5|5|5
52128,0,False,0,13,6,6|6|6|6|0|6|6|6|6|6|6|6|6|0|6
52132,3,True,8,10,8,8|8|3|8|3|8|8|3|8|3|8|8|8|8|3
52145,7,True,1,9,1,1|7|7|1|1|1|7|3|1|1|7|1|7|1|7
52146,0,False,0,10,6,6|6|6|0|0|6|6|6|0|6|6|0|0|6|6
52154,0,True,1,13,1,1|1|1|1|0|1|1|0|1|1|1|1|1|1|7
52189,9,False,9,12,5,5|5|5|9|5|5|5|5|9|9|5|5|2|5|5
52236,1,True,8,14,-1,4|8|1|8|0|0|9|4|2|2|0|8|4|0|8
52245,3,True,8,13,8,6|6|8|3|8|8|8|0|3|5|8|8|8|8|7
52248,8,False,8,6,8,8|3|3|8|8|8|8|8|3|8|8|3|3|8|9
52250,6,True,0,7,6,0|0|6|0|0|6|0|6|6|6|6|6|6|0|0
52292,9,False,9,15,5,5|5|5|5|5|5|5|5|5|5|5|5|5|5|5
52293,1,False,1,4,1,0|1|1|1|1|1|0|0|1|1|1|1|1|1|0
52305,6,True,0,5,6,6|6|6|4|0|6|6|0|6|6|6|0|6|4|6
52346,0,True,1,12,1,1|1|1|1|1|1|1|0|1|0|1|1|0|1|1
52351,4,False,4,3,4,9|4|4|4|4|9|3|4|4|4|4|4|4|4|4
52371,0,True,2,12,2,6|8|4|2|8|6|0|0|6|9|2|0|2|2|4
52381,3,True,2,14,6,6|8|6|0|6|6|8|0|2|6|6|8|3|6|0
52421,6,True,0,14,0,0|0|2|0|6|0|2|0|2|0|0|3|2|2|2
52431,7,True,1,15,1,6|1|3|1|1|1|1|3|1|2|6|0|1|1|3
52436,9,True,5,15,5,5|7|7|5|5|5|5|5|2|7|5|5|7|5|5
52439,5,True,8,15,8,8|8|3|8|3|8|8|3|9|3|8|8|3|8|8
52450,2,False,2,12,4,9|0|2|4|0|9|4|4|4|2|4|4|4|0|2
52481,1,True,5,9,1,7|1|7|1|1|1|1|7|5|2|1|9|5|5|5
52484,4,True,7,12,7,7|7|4|7|7|7|7|4|7|9|7|7|7|4|7
52489,4,True,6,1,4,4|4|4|4|6|4|4|4|4|4|4|4|4|4|4
52548,9,True,4,7,9,9|4|4|9|9|9|4|9|4|4|4|9|9|9|4
52549,0,True,1,13,4,3|3|4|4|4|9|3|4|8|0|4|9|0|4|9
52554,2,False,2,15,4,4|4|4|4|4|9|4|4|9|4|4|4|4|4|9
52574,9,True,8,15,8,8|8|8|8|8|0|1|8|3|8|8|8|8|8|5
52581,2,True,5,15,5,1|5|5|1|1|5|5|3|7|3|1|5|5|5|5
52588,3,True,7,14,7,3|7|7|7|7|7|7|7|7|1|7|7|7|7|7
52597,6,True,2,14,2,0|2|2|2|0|8|8|2|2|2|2|8|2|2|6
52624,3,False,3,7,3,3|3|3|2|2|3|3|2|2|2|2|3|3|2|3
52627,5,True,9,0,5,5|5|5|5|5|5|5|5|5|5|5|5|5|5|5
52633,9,True,4,9,4,9|9|4|4|9|6|4|4|2|9|9|4|4|4|9
52672,4,False,4,8,9,9|9|4|4|9|9|4|4|9|4|9|9|4|4|9
52682,3,False,3,3,3,3|2|3|3|3|3|3|3|2|3|2|3|3|3|3
52686,3,False,3,2,3,3|3|3|3|6|3|3|3|2|3|3|3|3|3|3
52718,3,False,3,5,3,4|3|3|3|4|3|3|3|7|3|3|4|4|3|3
52722,4,True,6,11,-1,8|3|6|4|8|8|3|6|4|0|6|4|6|8|4
52725,1,False,1,1,1,1|1|1|1|1|1|1|1|1|1|1|1|1|1|7
52754,0,True,1,13,1,1|1|1|1|1|1|3|4|2|4|1|0|1|6|0
52761,0,False,0,10,6,6|6|0|6|6|0|0|6|6|6|6|0|6|0|6
52771,2,False,2,12,0,0|0|2|0|0|0|0|2|2|0|0|0|0|0|0
52774,4,True,6,8,4,4|2|4|4|0|4|2|4|4|4|6|0|0|0|0
52777,6,False,6,10,6,6|4|6|4|6|6|6|0|8|8|5|4|0|2|0
52796,2,False,2,8,2,6|2|2|8|8|8|8|2|2|8|2|0|3|2|2
52811,9,False,9,14,5,9|5|5|5|5|5|5|5|5|5|5|5|5|5|5
52839,0,False,0,11,6,0|6|6|6|6|6|6|6|6|6|0|0|6|6|0
52841,0,False,0,12,6,0|6|6|4|6|6|6|6|6|6|6|6|6|0|0
52843,9,True,4,8,4,9|4|4|9|4|9|4|9|9|9|4|9|4|4|4
52873,9,True,4,10,4,9|9|4|4|9|4|9|4|4|4|4|4|4|0|9
52885,6,False,6,14,4,4|9|4|4|4|9|6|0|4|0|0|4|4|4|4
52904,8,False,8,2,8,8|8|8|8|1|8|8|8|8|8|8|8|7|8|8
52907,4,True,6,8,4,9|3|4|4|3|2|4|3|2|4|3|4|4|4|9
52922,4,True,7,15,7,9|9|7|7|7|7|7|7|7|9|7|7|7|7|7
52925,4,False,4,5,4,9|4|4|4|4|4|4|4|4|9|8|9|4|4|9
52933,4,True,6,8,4,9|4|4|9|6|9|4|3|4|4|2|4|2|8|4
52947,4,True,6,5,4,4|4|4|9|4|4|4|3|9|4|1|4|9|4|4
52959,3,True,5,13,5,7|5|2|5|2|5|5|3|5|3|2|5|2|5|5
53002,4,False,4,15,3,6|3|2|3|6|3|3|6|2|3|3|3|3|2|2
53003,9,True,4,13,4,9|4|4|4|4|0|2|4|4|9|2|0|4|4|4
53004,6,False,6,13,4,4|4|4|4|4|4|4|4|4|6|6|4|4|4|4
53013,4,False,4,7,4,9|0|2|4|0|0|4|4|4|9|2|4|4|4|4
53024,1,False,1,5,1,1|0|1|7|1|1|1|7|1|7|0|1|1|1|1
53051,7,True,1,11,1,1|1|1|1|1|1|7|7|1|7|1|1|7|2|1
53065,1,False,1,9,1,1|0|1|1|0|1|6|4|1|7|7|0|1|6|3
53099,7,False,7,1,7,7|7|7|7|7|7|7|7|2|7|7|7|7|7|7
53109,6,True,3,14,3,3|3|3|2|3|3|0|3|4|3|1|6|1|2|3
53125,5,True,9,0,5,5|5|5|5|5|5|5|5|5|5|5|5|5|5|5
53130,7,False,7,4,7,3|7|8|7|9|7|7|7|7|4|7|7|7|7|7
53134,0,False,0,12,8,8|4|6|4|6|7|8|2|0|9|0|0|6|8|8
53138,5,False,5,11,2,0|2|2|2|2|5|5|2|2|2|2|1|5|5|2
53151,4,False,4,14,9,9|9|4|9|9|9|9|9|9|9|9|9|9|9|9
53156,4,False,4,12,9,9|4|9|4|9|9|9|4|9|9|9|9|9|9|9
53160,6,True,3,13,-1,6|8|3|3|2|3|2|2|3|2|2|6|3|2|3
53171,1,False,1,6,1,1|7|1|1|1|1|7|7|1|7|7|1|1|1|7
53213,5,False,5,10,1,3|1|1|1|5|1|5|5|2|1|1|5|7|5|3
53254,6,True,0,12,0,0|2|2|2|6|8|6|0|6|0|2|0|0|0|0
53265,6,False,6,15,4,4|8|4|4|0|2|2|0|2|4|4|2|4|4|0
53279,1,False,1,5,1,0|1|1|1|0|1|1|1|1|1|0|1|1|0|0
53286,2,True,3,10,3,3|2|2|2|2|6|2|3|3|3|3|3|3|8|3
53289,1,True,8,10,1,0|8|0|5|1|6|1|8|4|2|1|8|1|1|4
53299,6,True,2,13,2,1|8|4|5|2|2|8|7|2|3|0|6|0|6|2
53326,2,False,2,14,8,8|3|8|0|7|8|8|6|8|2|8|6|6|1|4
53344,0,True,2,4,0,0|2|2|0|0|0|0|2|2|0|0|0|0|0|0
53345,7,True,8,8,-1,8|8|7|7|7|1|7|8|8|8|7|7|8|7|8
53380,6,False,6,2,6,6|4|6|6|6|6|6|6|6|6|6|6|6|4|6
53385,4,True,7,12,7,9|4|7|7|7|7|7|7|7|4|7|7|7|4|7
53405,9,True,4,14,4,4|4|4|4|4|0|4|4|4|9|0|4|4|4|2
53407,8,False,8,5,8,8|1|1|8|8|8|8|8|8|3|8|8|8|4|4
53417,9,False,9,14,5,5|5|5|9|5|5|5|5|5|5|5|5|5|5|5
53454,1,False,1,6,1,1|0|1|0|1|1|1|0|1|1|1|1|0|0|0
53483,0,True,1,12,1,0|1|1|1|0|1|1|0|1|1|1|1|1|1|1
53487,7,False,7,1,7,7|7|7|7|2|7|7|7|7|7|7|7|7|7|7
53492,8,False,8,8,8,8|8|1|8|7|1|8|5|8|8|7|8|7|1|5
53505,2,False,2,13,0,0|0|2|0|0|0|0|2|0|0|0|0|0|0|0
53517,7,True,5,5,7,7|7|7|7|7|5|7|5|5|7|7|7|5|5|7
53526,5,True,9,4,5,5|9|5|5|9|5|5|9|8|5|5|5|5|5|5
53541,1,False,1,7,1,0|1|1|1|0|1|0|2|1|1|1|0|0|0|1
53557,2,True,6,15,-1,4|4|4|4|6|6|6|3|4|6|6|4|4|6|6
53576,1,True,7,15,5,7|7|5|5|5|5|9|7|5|7|8|9|5|9|7
53578,8,False,8,6,8,8|8|1|8|1|1|8|8|1|1|1|8|8|8|8
53602,9,True,4,13,4,4|4|4|4|9|0|0|4|2|4|9|4|4|4|4
53614,4,True,1,15,0,0|3|0|0|2|1|6|2|2|2|1|6|0|0|0
53628,9,True,4,13,6,6|9|3|6|9|0|8|6|8|4|6|6|8|6|4
53631,0,True,2,4,0,0|0|2|0|0|0|0|0|9|3|0|4|0|0|0
53646,3,False,3,10,2,3|2|2|2|2|3|8|2|3|2|2|2|3|2|3
53657,4,True,6,5,4,4|4|4|4|6|6|4|6|4|4|1|4|4|4|0
53668,7,True,5,10,5,6|5|7|9|5|5|5|7|7|7|2|7|5|5|5
53677,5,True,9,0,5,5|5|5|5|5|5|5|5|5|5|5|5|5|5|5
53681,9,True,7,13,-1,9|8|7|5|7|5|8|7|9|7|2|5|5|8|2
53684,1,True,8,13,8,8|2|1|1|8|8|8|8|8|8|8|8|8|8|8
53690,1,False,1,2,1,1|1|1|1|7|1|1|1|1|7|1|1|1|1|1
53692,9,True,8,13,8,8|8|8|3|8|8|8|8|9|8|3|3|8|8|9
53707,7,False,7,9,5,9|5|5|7|5|7|7|5|2|7|7|5|7|5|5
53719,4,True,6,1,4,4|4|4|4|4|4|2|4|4|4|4|4|4|4|4
53756,6,True,3,15,3,3|5|2|1|1|3|3|3|3|8|7|7|1|7|3
53764,0,True,2,3,0,0|2|0|0|0|0|0|2|2|0|0|0|0|0|0
53766,6,True,0,11,3,3|3|2|2|0|6|6|3|3|2|0|6|3|6|3
53768,1,False,1,6,1,7|1|1|1|1|1|7|7|1|7|1|1|7|1|7
53788,0,False,0,8,6,0|0|0|0|6|6|6|6|6|6|0|6|0|0|6
53802,7,False,7,1,7,7|7|7|7|9|7|7|7|7|7|7|7|7|7|7
53809,6,True,0,4,6,0|6|6|0|6|0|6|6|6|6|0|6|6|6|6
53831,4,False,4,9,9,9|9|4|4|9|4|9|9|9|4|9|9|4|4|9
53855,0,False,0,10,6,6|9|6|0|0|0|6|4|4|6|0|0|6|6|6
53868,2,True,3,10,3,6|2|3|2|3|3|6|2|2|3|2|3|3|3|3
53883,0,True,4,14,4,6|4|6|4|6|6|4|4|8|4|8|0|4|4|2
53917,9,True,8,14,8,8|8|7|8|8|1|7|7|8|8|7|7|7|8|9
53920,4,True,6,15,6,0|8|6|6|6|6|6|6|6|6|0|6|6|0|0
53949,4,False,4,13,3,9|3|3|4|8|6|3|2|9|3|3|9|3|4|3
53958,0,False,0,9,6,0|0|6|6|6|6|6|6|6|0|0|0|6|6|0
53963,6,False,6,15,4,9|9|2|4|4|2|4|4|9|0|8|4|4|4|9
53981,0,False,0,14,6,6|8|6|0|6|6|6|3|6|3|6|4|6|6|6
53992,9,True,4,5,9,9|4|4|9|9|9|4|4|9|9|9|9|9|9|4
54000,3,True,7,14,7,7|7|7|7|7|7|7|7|7|2|3|7|7|7|7
54004,4,False,4,7,4,9|4|3|4|9|2|3|4|9|4|4|3|4|4|4
54027,0,False,0,10,-1,0|2|0|4|2|6|0|0|2|6|0|6|6|6|3
54028,5,True,9,1,5,5|5|5|5|5|5|5|5|5|5|9|5|5|5|5
54063,0,False,0,10,6,6|2|6|6|6|0|0|0|6|6|6|6|6|0|0
54068,5,True,9,3,5,9|5|5|9|5|5|5|5|5|5|5|9|5|5|5
54073,8,False,8,4,8,8|8|8|8|8|3|8|8|5|3|8|8|8|8|7
54079,9,True,4,11,4,9|4|4|4|4|4|2|9|9|9|2|4|4|4|4
54091,5,True,9,3,5,1|5|5|5|5|5|5|5|2|7|5|5|5|5|5
54132,9,True,4,8,-1,9|4|4|2|9|4|9|9|9|4|9|4|9|4|4
54144,1,False,1,1,1,1|1|1|1|1|1|1|1|1|1|1|1|1|1|0
54148,0,False,0,10,6,0|6|6|6|6|0|0|6|6|6|6|6|0|0|6
54215,9,False,9,8,7,9|9|7|7|7|9|7|9|7|7|7|9|7|9|9
54231,9,True,4,15,0,0|0|4|2|0|0|0|0|2|0|0|0|4|4|2
54237,0,True,1,12,1,0|1|1|1|0|1|1|1|1|1|0|1|1|1|7
54239,9,True,7,12,7,9|7|9|7|7|7|7|7|7|7|7|7|7|9|7
54243,5,True,9,3,5,5|5|5|9|9|5|5|5|9|5|5|5|5|5|5
54264,2,True,9,8,2,9|2|5|2|2|9|9|2|2|2|2|9|9|5|9
54294,9,False,9,15,5,5|5|5|5|5|5|5|5|5|5|5|5|5|5|5
54307,4,False,4,8,4,9|3|4|2|9|2|2|4|9|4|4|4|4|4|9
54319,8,False,8,3,8,8|8|8|8|7|8|7|8|8|8|8|8|8|8|5
54341,7,False,7,4,7,7|7|7|7|9|4|7|7|7|9|7|7|7|4|7
54346,0,False,0,13,6,6|5|2|3|6|6|8|0|6|6|6|6|3|0|6
54371,9,True,7,9,7,7|9|7|7|7|9|7|2|9|9|7|7|7|9|9
54389,0,True,1,8,1,0|0|1|1|1|0|1|0|1|0|1|1|1|0|0
54405,8,False,8,15,0,3|3|2|6|6|0|0|0|4|6|4|0|0|5|3
54413,7,True,1,13,1,1|0|1|1|1|1|7|0|1|7|1|1|1|1|0
54422,2,True,7,11,7,7|7|7|2|7|7|7|7|2|2|2|7|7|7|7
54455,9,True,7,8,9,9|5|7|9|7|9|7|9|9|2|2|7|9|7|9
54456,9,True,4,12,4,9|4|4|4|4|9|4|4|2|4|9|4|4|4|4
54504,2,True,3,11,3,3|3|3|2|3|3|3|2|3|3|2|6|3|2|3
54509,4,False,4,11,2,0|2|6|4|2|6|6|4|2|9|2|4|0|4|2
54511,7,True,1,13,1,1|1|1|7|7|1|0|0|1|1|1|1|1|1|0
54523,6,True,2,12,4,9|4|4|4|6|9|6|4|4|9|9|4|2|4|6
54527,7,False,7,1,7,9|7|7|7|7|7|7|7|7|7|7|7|7|7|7
54534,5,True,9,14,7,9|9|7|9|9|5|7|9|9|7|7|7|7|7|7
54586,5,False,5,13,7,7|9|7|7|7|5|3|9|1|7|7|7|1|5|7
54602,3,False,3,6,3,3|3|6|2|0|3|6|3|3|3|3|6|3|0|3
54630,2,True,5,15,5,5|5|5|5|7|1|5|5|5|3|5|5|5|5|7
54631,1,False,1,8,0,0|1|1|0|1|1|0|0|1|1|0|0|1|0|0
54635,7,False,7,5,7,7|2|7|2|7|7|7|2|2|7|2|7|7|7|7
54678,1,False,1,10,7,7|7|7|7|7|1|7|1|1|7|7|7|1|1|7
54694,0,False,0,2,0,0|0|0|0|6|0|6|0|0|0|0|0|0|0|0
54701,1,True,5,11,5,5|7|1|1|5|5|1|5|5|1|5|9|5|5|5
54714,4,False,4,14,3,3|2|3|2|2|3|4|8|2|8|8|3|6|6|3
54721,3,False,3,7,3,3|3|6|2|2|3|6|3|3|6|3|6|3|4|3
54739,1,True,8,12,8,8|8|1|1|8|8|8|8|1|8|8|8|8|8|4
54749,3,True,8,4,3,3|3|3|8|3|3|3|3|3|3|3|8|8|8|3
54754,9,True,7,8,9,9|9|7|7|7|7|5|9|9|7|5|9|7|9|9
54780,2,True,9,14,5,9|5|7|2|7|5|9|5|8|5|5|5|7|5|5
54816,2,True,9,10,9,9|9|2|9|2|9|9|9|2|2|2|9|9|9|9
54829,2,True,3,15,4,9|4|4|4|6|9|3|3|4|4|3|3|4|4|9
54834,3,False,3,5,3,3|3|3|2|2|3|3|2|3|3|3|6|3|6|3
54836,2,False,2,8,0,0|2|2|2|0|0|0|2|2|2|0|0|2|0|0
54844,5,False,5,6,5,8|5|1|2|5|7|5|5|7|3|5|5|5|5|5
54855,4,True,6,2,4,4|4|4|4|4|4|6|4|8|4|4|4|4|4|4
54859,6,True,0,12,0,0|0|0|0|6|0|0|0|0|0|6|0|0|6|0
54861,9,True,4,12,4,4|2|4|4|4|6|9|4|8|4|9|4|4|4|9
54862,6,False,6,15,0,8|2|0|0|4|2|0|5|8|0|0|0|1|0|4
54883,6,False,6,13,4,4|4|4|4|6|6|4|4|4|4|4|4|4|4|4
54894,6,True,0,5,6,6|0|6|0|0|6|0|6|6|6|6|6|6|0|6
54914,2,True,6,13,6,6|2|6|0|6|6|6|6|2|3|6|0|0|0|6
54920,0,True,2,10,4,9|4|4|0|0|9|2|4|0|4|0|4|4|4|0
54929,5,True,9,0,5,5|5|5|5|5|5|5|5|5|5|5|5|5|5|5
54932,4,True,6,1,4,4|4|4|4|4|4|4|4|4|4|4|9|4|4|4
54945,1,True,5,13,2,9|3|7|2|2|5|2|2|7|1|1|7|7|5|2
54955,7,True,5,12,5,5|5|7|2|5|5|5|5|5|5|7|5|5|5|7
54964,5,True,9,0,5,5|5|5|5|5|5|5|5|5|5|5|5|5|5|5
54968,9,False,9,14,5,5|5|5|9|5|5|5|5|5|5|5|5|5|5|5
54975,2,False,2,8,2,4|2|4|4|0|2|4|4|2|6|2|4|2|2|2
54999,2,False,2,9,0,9|2|2|2|0|0|0|2|0|2|0|4|0|0|2
55007,9,True,4,9,4,9|9|4|4|9|9|4|4|4|4|9|4|4|4|9
55025,5,True,9,2,5,5|5|9|5|5|5|5|5|5|9|5|5|5|5|5
55036,9,True,4,15,4,4|3|3|4|4|2|2|2|4|2|4|4|2|0|4
55080,4,True,1,14,1,1|2|4|7|2|1|0|7|1|1|5|1|0|1|5
55086,9,True,8,15,8,8|3|3|8|8|8|8|8|3|8|8|8|8|8|8
55089,7,False,7,3,7,9|7|7|7|9|7|7|7|7|7|7|7|7|9|7
55106,7,False,7,3,7,9|4|7|7|7|7|7|7|3|7|7|7|7|7|7
55127,6,True,0,4,6,0|6|6|0|6|6|6|6|6|6|6|6|0|0|6
55154,7,True,8,13,8,8|8|8|8|8|8|7|8|8|7|8|8|8|8|8
55158,9,False,9,13,5,5|5|5|9|5|5|5|5|5|5|9|5|5|5|5
55180,7,False,7,2,7,7|7|7|7|7|7|7|7|7|9|7|7|7|9|7
55196,6,True,0,6,6,0|6|6|0|6|6|0|0|6|6|6|0|6|0|6
55211,9,False,9,15,5,5|5|5|5|5|5|5|5|5|5|5|5|5|5|5
55241,0,True,2,2,0,0|0|2|0|0|0|0|0|2|0|0|0|0|0|0
55243,7,True,8,13,8,3|1|5|2|8|8|7|7|2|4|8|8|9|5|3
55245,9,True,7,14,7,9|7|4|4|4|7|3|7|7|7|7|7|7|4|7
55291,2,False,2,13,0,0|0|0|2|0|0|0|2|0|0|0|0|0|0|0
55307,2,True,3,13,6,6|2|3|6|4|6|6|6|6|3|0|0|6|0|2
55308,4,False,4,12,9,9|9|4|4|9|9|2|9|4|9|9|9|9|9|9
55340,1,False,1,3,1,1|0|1|1|1|1|1|1|1|0|1|0|1|1|1
55356,0,True,2,5,0,0|0|0|0|0|0|4|0|2|4|0|0|2|0|4
55386,1,True,3,13,0,1|3|0|0|6|6|3|2|6|2|1|0|0|0|0
55404,2,True,3,7,2,3|3|2|2|2|3|3|2|2|3|2|3|3|2|2
55407,0,False,0,9,6,0|0|6|0|6|0|6|0|6|6|0|6|6|6|6
55419,7,True,5,12,5,5|7|2|1|7|5|5|7|8|5|5|5|5|2|5
55423,8,True,2,15,0,0|2|2|0|0|0|0|2|0|0|2|0|2|0|0
55424,9,False,9,10,5,5|5|7|9|5|9|7|9|9|5|5|9|5|5|5
55430,0,True,2,4,0,0|0|0|6|0|0|0|0|7|2|0|8|0|0|0
55438,6,False,6,5,6,6|6|6|6|0|8|6|6|6|6|6|0|6|0|0
55440,1,False,1,6,1,1|7|1|1|1|1|7|3|1|7|1|1|8|1|7
55458,7,False,7,2,7,9|7|7|7|7|7|7|7|7|4|7|7|7|7|7
55466,6,True,0,4,6,6|0|6|0|6|6|6|0|6|6|6|6|6|6|0
55469,6,False,6,3,6,0|6|6|6|6|6|6|6|0|6|0|6|6|6|6
55489,7,False,7,2,7,7|7|7|7|7|7|7|7|7|7|7|5|7|5|7
55499,1,False,1,3,1,1|1|1|1|1|1|1|6|1|7|1|1|1|1|0
55524,2,True,3,2,2,3|2|2|2|2|2|2|2|2|2|2|3|2|2|2
55529,9,False,9,14,5,5|9|5|5|5|5|5|5|5|5|5|5|5|5|5
55535,6,True,3,15,3,3|3|3|1|3|3|3|3|2|3|3|3|3|8|3
55540,6,True,0,13,0,0|3|6|6|0|3|0|3|2|3|0|3|0|0|2
55581,9,False,9,9,-1,9|5|7|9|2|9|5|5|2|5|9|9|5|5|9
55609,8,False,8,6,8,8|1|1|8|8|8|8|8|1|8|1|8|8|7|4
55630,3,False,3,12,6,3|3|2|6|0|6|6|2|6|6|0|6|6|0|3
55631,3,False,3,9,2,3|3|2|2|2|6|2|3|2|2|2|3|3|2|3
55658,3,True,4,14,-1,4|3|4|4|9|4|2|9|9|9|4|4|9|5|9
55695,5,True,9,1,5,5|5|5|9|5|5|5|5|5|5|5|5|5|5|5
55735,5,True,9,1,5,5|5|5|9|5|5|5|5|5|5|5|5|5|5|5
55758,6,True,3,15,4,4|4|4|4|4|4|4|4|4|4|4|4|4|4|4
55762,9,True,4,13,4,9|4|6|4|6|6|4|4|6|4|4|4|6|9|2
55785,9,True,7,13,7,7|7|7|7|7|9|7|7|7|7|7|7|7|7|9
55786,3,True,7,12,7,3|5|7|7|5|7|8|5|7|7|3|7|7|7|3
55787,8,False,8,0,8,8|8|8|8|8|8|8|8|8|8|8|8|8|8|8
55789,2,True,3,9,3,3|3|3|2|2|3|3|2|2|3|3|3|3|2|2
55791,7,False,7,0,7,7|7|7|7|7|7|7|7|7|7|7|7|7|7|7
55801,9,True,7,15,7,7|7|7|7|7|7|7|7|7|7|7|7|7|7|7
55844,3,True,2,13,2,3|2|2|2|2|0|0|2|2|3|2|4|2|2|0
55846,3,False,3,5,3,3|3|2|2|2|3|3|3|2|3|2|3|3|3|3
55852,9,True,4,14,4,4|4|4|4|4|6|4|4|4|4|4|4|4|4|9
55860,4,True,6,11,9,9|4|4|4|9|9|9|9|4|9|9|9|9|9|9
55861,0,False,0,9,6,0|0|6|0|0|6|0|6|6|6|6|6|6|0|6
55867,9,True,6,14,8,8|8|9|8|1|1|8|8|8|8|1|8|8|6|8
55938,9,True,4,7,9,9|4|9|4|9|9|4|4|9|9|9|4|4|9|4
55943,1,True,8,14,8,8|8|8|8|8|1|8|8|8|8|8|8|8|8|4
55989,6,True,0,7,6,0|0|6|0|0|0|6|6|6|6|6|0|6|6|0
56052,0,True,2,15,4,4|4|9|6|9|4|4|4|4|9|9|4|6|4|4
56053,6,True,0,7,6,0|0|0|6|6|0|6|0|6|0|6|6|6|0|6
56069,4,False,4,10,9,9|9|4|4|4|9|2|9|4|9|9|9|4|9|9
56099,6,True,0,2,6,6|6|6|6|6|6|6|0|6|6|0|6|6|6|6
56106,5,True,9,1,5,9|5|5|5|5|5|5|5|5|5|5|5|5|5|5
56136,9,False,9,6,9,9|9|2|9|2|9|9|9|7|9|5|9|5|9|2
56137,4,False,4,12,2,0|8|0|2|9|0|2|4|4|4|2|6|2|2|2
56142,5,True,9,3,5,5|5|5|9|5|5|5|9|5|5|5|5|5|5|9
56150,6,False,6,9,-1,0|0|0|0|6|6|0|3|6|6|1|6|0|3|6
56153,4,True,6,5,4,4|4|4|4|6|6|4|4|6|4|1|4|4|4|6
56184,2,True,3,12,3,9|3|3|2|6|3|3|3|3|3|2|3|3|2|3
56216,4,True,6,1,4,4|4|4|4|4|4|4|4|4|4|6|4|4|4|4
56235,5,False,5,13,7,7|7|7|7|7|7|7|7|6|7|5|7|7|7|5
56239,6,True,0,7,6,0|0|6|6|6|0|0|0|6|6|0|6|0|6|6
56253,7,False,7,3,7,7|7|7|7|7|9|7|7|7|9|7|9|7|7|7
56276,2,True,9,13,5,5|7|5|2|7|5|5|2|1|5|7|5|5|5|5
56277,2,True,3,9,-1,3|2|2|2|7|3|3|2|1|3|3|6|2|3|2
56297,5,False,5,6,5,1|3|5|5|5|5|2|5|5|2|1|5|5|5|3
56301,9,False,9,13,5,5|5|5|5|5|5|5|5|9|5|5|9|5|5|5
56306,4,False,4,9,4,9|3|4|4|9|4|3|4|8|9|3|3|4|4|9
56307,0,True,3,12,3,3|3|0|4|0|3|3|6|4|3|1|6|6|4|0
56308,6,False,6,5,6,6|0|6|6|6|6|0|0|6|0|6|0|6|6|6
56313,0,True,1,13,1,0|3|2|1|1|1|3|3|1|2|1|0|1|1|3
56335,1,True,8,12,8,8|8|1|8|1|1|8|8|8|8|8|8|8|8|8
56345,3,True,8,14,-1,4|3|4|6|4|6|6|4|8|6|0|6|8|0|4
56353,1,True,3,14,3,3|3|6|6|6|3|1|3|3|3|0|6|3|3|3
56369,3,False,3,7,3,3|3|3|2|2|3|4|3|2|3|2|3|3|0|2
56371,0,False,0,12,6,0|6|6|6|6|0|6|6|6|6|6|6|6|0|6
56378,0,True,2,10,2,0|2|2|6|2|0|0|0|2|2|2|0|2|2|2
56452,5,True,9,3,5,5|5|5|9|5|5|5|5|9|5|9|5|5|5|5
56487,7,True,5,10,5,5|5|7|5|7|7|5|5|1|7|7|5|5|5|5
56511,8,True,2,14,-1,6|2|2|4|0|6|6|2|2|8|0|0|0|2|0
56516,4,False,4,12,9,9|9|4|9|4|9|2|9|4|9|9|9|9|9|9
56547,3,False,3,5,3,3|3|2|3|3|3|3|3|2|3|3|3|2|2|2
56563,6,True,3,15,3,3|3|3|3|3|3|3|3|3|3|3|3|3|3|3
56571,4,False,4,11,9,9|9|4|4|9|9|4|9|9|9|9|9|9|4|9
56610,6,True,0,7,6,0|0|6|0|6|0|6|6|6|6|6|0|6|0|0
56624,5,True,9,2,5,5|9|5|9|5|5|5|5|5|5|5|5|5|5|5
56638,4,True,6,14,0,8|3|6|0|0|6|2|4|0|0|0|6|0|0|0
56663,6,True,0,7,6,0|0|6|0|6|6|6|6|0|6|6|6|0|0|0
56674,0,True,2,5,0,0|9|6|0|6|4|0|6|0|0|0|0|0|0|0
56693,5,True,4,15,4,3|4|3|4|1|6|3|4|4|3|2|6|4|4|2
56753,2,False,2,13,-1,9|3|4|6|9|2|6|3|2|9|4|4|3|4|9
56780,9,False,9,8,2,9|2|2|2|9|9|9|9|2|2|2|9|2|2|9
56791,7,False,7,2,7,9|7|7|7|7|7|7|7|9|7|7|7|7|7|7
56793,3,False,3,3,3,3|3|3|2|3|3|3|3|3|3|2|3|3|8|3
56796,5,False,5,11,-1,3|5|8|7|8|7|1|7|5|5|2|3|1|5|7
56805,3,True,8,14,8,3|8|7|0|6|0|8|6|2|8|4|8|4|4|7
56824,2,True,7,10,5,1|2|7|5|5|5|5|5|2|2|2|5|5|5|2
56839,6,True,3,14,3,6|3|3|2|2|3|3|2|2|3|2|3|3|8|3
56846,3,True,7,14,7,8|5|5|7|7|7|7|7|9|7|7|7|5|9|3
56849,3,True,8,11,8,3|3|8|8|8|8|8|8|8|8|3|8|8|8|3
56891,0,False,0,12,6,0|6|6|0|6|6|6|6|6|6|6|6|6|0|6
56903,5,True,9,5,5,9|5|9|9|5|5|5|9|5|5|5|9|5|5|5
56916,4,False,4,9,0,0|2|4|0|0|0|0|4|4|0|0|4|4|4|2
56934,2,True,9,12,5,5|5|5|9|2|5|9|5|2|2|9|9|9|5|5
56962,9,False,9,15,5,5|5|7|5|5|5|5|5|5|5|7|5|5|5|5
57001,6,False,6,5,6,6|4|4|6|6|6|6|4|6|6|6|6|6|0|8
57003,4,True,6,15,6,0|6|2|6|6|3|6|6|6|6|2|6|6|0|3
57012,6,True,3,15,3,3|3|3|2|2|3|3|3|3|2|2|3|3|2|3
57023,0,True,1,14,1,1|1|1|1|1|1|1|0|1|1|1|1|1|1|1
57024,9,True,6,13,8,8|8|8|4|9|8|6|8|8|4|8|8|8|4|9
57040,9,True,4,14,4,0|4|4|4|4|4|4|4|4|4|4|9|4|4|4
57041,1,True,8,12,8,8|8|1|8|8|8|8|8|1|8|1|8|8|8|8
57061,1,False,1,2,1,1|1|1|1|1|1|1|3|1|7|1|1|1|1|1
57080,2,True,7,14,7,7|7|9|7|7|7|7|2|7|7|7|7|7|7|7
57088,6,False,6,3,6,6|8|6|6|0|6|6|6|6|6|6|0|6|6|6
57089,9,True,8,15,8,8|3|8|8|3|8|8|3|8|8|8|3|8|3|7
57105,9,False,9,15,5,5|5|5|5|5|5|5|5|5|5|5|5|5|5|5
57118,4,True,1,14,3,3|1|7|2|7|1|3|3|2|7|3|3|3|7|4
57162,4,True,6,8,4,4|8|4|6|8|8|6|4|4|4|9|0|4|4|9
57207,9,True,8,15,8,8|8|8|8|3|8|8|8|8|8|8|8|8|8|8
57220,6,True,0,5,6,0|6|6|0|6|6|6|0|6|6|0|6|6|0|6
57233,9,True,4,1,9,9|9|9|9|9|9|4|9|9|9|9|9|9|9|9
57242,0,True,1,15,1,1|1|1|1|1|1|1|1|1|7|1|1|1|1|7
57245,6,False,6,11,4,4|4|4|4|6|4|4|4|6|4|3|6|4|4|6
57252,7,True,1,6,7,1|7|7|7|7|1|7|7|1|7|1|7|1|1|7
57257,4,False,4,15,0,0|2|3|2|0|8|0|2|0|6|3|6|0|0|3
57262,5,True,9,1,5,5|9|5|5|5|5|5|5|5|5|5|5|5|5|5
57288,2,False,2,13,4,0|4|6|4|6|0|0|2|4|4|2|0|4|4|4
57300,1,False,1,2,1,1|1|4|1|1|1|1|1|1|1|1|1|1|1|4
57302,6,True,0,8,6,6|2|6|0|1|0|6|0|6|6|0|0|6|6|2
57304,0,True,1,9,1,0|0|1|1|0|1|0|0|1|1|1|1|1|0|1
57308,9,True,7,12,7,3|7|7|9|7|9|7|2|7|7|7|7|7|9|7
57314,6,True,3,14,3,3|3|3|3|3|3|6|2|2|3|1|3|3|2|2
57317,5,True,9,6,5,9|5|9|9|5|5|5|5|9|9|7|5|5|5|5
57322,9,True,7,14,7,8|4|7|9|7|7|7|7|7|7|7|7|7|7|3
57327,9,False,9,13,5,9|9|5|5|5|5|5|5|5|5|5|5|5|5|5
57331,1,True,3,14,3,3|2|2|3|2|3|6|3|6|6|1|8|3|3|6
57376,7,True,1,11,1,1|1|1|7|7|7|1|7|1|1|0|1|1|1|1
57386,2,True,3,9,3,3|3|3|3|2|2|4|2|2|3|2|3|3|3|2
57394,5,False,5,15,7,7|7|7|7|7|2|7|3|7|7|7|7|8|7|7
57397,7,True,1,7,7,1|7|1|7|7|1|7|7|7|7|1|7|1|1|4
57401,5,True,9,15,9,9|7|7|9|7|9|7|9|7|7|7|9|9|9|9
57405,2,True,3,13,3,0|2|2|0|0|3|3|6|3|3|0|6|3|6|3
57409,1,True,8,15,8,8|3|8|8|8|8|8|3|8|8|8|8|3|8|8
57411,7,False,7,10,9,9|9|7|9|9|9|7|9|5|5|7|7|7|9|9
57415,5,False,5,5,5,1|5|5|3|5|5|5|2|1|5|1|5|5|5|5
57420,6,True,0,4,6,6|6|6|6|6|0|0|6|6|6|0|6|6|0|6
57424,9,True,4,9,9,9|9|3|6|8|2|3|9|6|4|9|3|9|4|9
57425,2,False,2,7,2,0|2|0|2|8|0|2|2|2|2|2|0|0|0|2
57427,9,True,6,14,4,3|4|3|0|6|6|6|4|4|9|4|4|6|4|6
57444,5,True,8,15,8,8|8|8|8|7|8|1|8|8|8|8|8|8|8|8
57459,1,False,1,4,1,0|1|1|1|0|1|1|0|1|1|1|1|1|1|0
57466,2,False,2,13,0,0|2|2|0|0|0|0|0|0|0|0|0|0|0|0
57470,4,True,1,13,1,1|7|1|1|1|1|1|1|1|1|7|1|4|4|0
57485,4,False,4,10,4,9|4|4|0|9|0|3|6|9|8|4|4|6|4|9
57488,1,False,1,13,2,0|4|2|0|0|5|2|2|0|2|1|1|4|2|2
57489,3,True,5,15,5,1|7|1|7|5|5|5|2|5|1|5|7|5|5|5
57549,8,False,8,2,8,8|8|8|8|8|8|8|3|8|8|8|8|8|8|9
57568,6,True,0,9,0,0|0|6|0|6|6|6|0|0|6|0|0|0|0|6
57576,4,False,4,11,9,9|4|4|4|9|9|9|9|9|4|9|9|9|9|9
57595,2,False,2,8,2,0|3|2|4|2|8|0|2|2|8|2|2|2|5|0
57601,9,True,7,14,7,9|7|7|7|5|7|7|7|7|7|7|7|7|7|7
57630,9,False,9,11,5,9|5|5|9|5|5|5|5|9|5|9|5|5|5|5
57656,9,True,4,11,4,9|4|4|4|4|9|2|9|4|4|4|4|4|4|9
57716,2,True,3,9,3,3|3|3|2|3|3|3|2|3|2|2|3|3|2|2
57718,2,True,7,15,7,9|7|7|7|7|7|7|7|7|9|7|7|7|9|7
57751,3,False,3,12,8,8|3|2|8|0|8|8|8|5|3|8|3|7|8|4
57764,2,True,3,7,2,3|2|2|2|3|3|2|2|2|3|2|3|3|2|3
57769,7,True,5,7,7,5|7|7|7|7|7|5|5|7|7|5|5|5|5|7
57822,0,True,2,4,0,0|0|0|0|0|0|0|0|2|2|0|8|0|2|0
57834,2,False,2,11,-1,9|3|4|4|4|9|3|6|2|4|2|9|3|2|2
57837,4,True,1,14,1,1|0|1|1|0|1|1|4|1|1|1|1|7|1|1
57844,2,True,3,14,3,3|3|3|2|3|3|3|3|3|3|3|3|3|3|3
57848,5,False,5,4,5,5|5|7|7|5|5|5|5|5|3|7|5|5|5|5
57851,0,False,0,0,0,0|0|0|0|0|0|0|0|0|0|0|0|0|0|0
57853,1,True,5,9,5,1|1|1|1|5|5|5|5|5|1|1|5|5|5|5
57854,6,True,0,10,0,6|7|0|0|6|0|0|6|0|6|0|0|0|6|0
57866,1,True,5,8,-1,1|5|1|1|5|5|5|3|1|5|1|5|1|1|5
57892,0,False,0,4,0,0|6|6|0|0|6|0|0|6|0|0|0|0|0|0
57897,6,False,6,2,6,6|6|6|0|6|6|6|4|6|6|6|6|6|6|6
57912,1,False,1,13,0,0|0|0|0|0|0|0|0|1|0|0|6|1|0|0
57913,6,True,3,13,3,3|2|3|6|3|3|3|3|3|3|3|3|3|6|3
57930,7,False,7,2,7,7|7|2|7|7|7|7|4|7|7|7|7|7|7|7
57931,4,True,6,15,0,0|0|6|2|0|0|0|2|0|2|1|0|0|0|2
57942,0,False,0,13,6,6|0|6|4|6|6|6|6|6|6|6|0|6|6|6
57977,5,True,9,0,5,5|5|5|5|5|5|5|5|5|5|5|5|5|5|5
57985,1,False,1,3,1,1|7|4|1|1|1|1|1|1|7|1|1|1|1|1
57996,6,True,0,3,6,6|0|6|4|6|6|6|0|6|6|6|6|6|6|6
58012,6,False,6,15,4,9|4|4|4|4|4|4|4|2|4|4|9|4|4|2
58017,9,True,7,7,9,9|5|5|9|9|9|7|5|9|7|7|9|9|5|9
58043,5,True,9,1,5,5|9|5|5|5|5|5|5|5|5|5|5|5|5|5
58055,7,True,5,13,5,1|5|7|5|5|5|5|5|5|2|7|9|5|5|5
58084,7,False,7,0,7,7|7|7|7|7|7|7|7|7|7|7|7|7|7|7
58092,2,False,2,8,2,8|8|0|0|2|8|2|2|2|2|8|8|0|2|2
58115,4,True,6,15,6,6|6|6|0|0|6|6|6|6|6|6|0|6|6|0
58127,3,False,3,5,3,3|3|6|6|2|3|6|3|2|3|3|3|3|3|3
58137,4,False,4,7,4,9|4|2|4|9|2|2|4|8|4|4|4|4|4|6
58187,0,True,2,14,4,4|4|2|4|4|4|4|6|8|0|8|4|6|4|6
58210,6,False,6,7,6,4|8|3|6|6|6|6|4|4|6|4|6|6|4|6
58212,3,False,3,10,2,0|3|2|2|2|6|3|3|2|2|2|3|2|1|3
58226,6,False,6,14,4,4|4|4|4|6|4|4|4|4|4|4|4|4|4|4
58235,9,False,9,13,5,5|2|5|9|5|5|5|5|5|5|5|9|5|5|5
58257,3,False,3,5,3,3|3|2|6|2|3|6|3|2|3|3|3|3|3|3
58265,4,True,6,5,4,9|4|4|3|4|9|4|4|4|4|4|4|9|4|9
58289,1,False,1,1,1,1|1|1|1|1|1|1|1|1|7|1|1|1|1|1
58291,6,False,6,14,4,4|4|4|4|6|2|4|2|4|4|2|4|4|4|4
58297,9,False,9,8,9,5|9|9|7|9|5|7|9|9|5|7|9|5|5|9
58298,6,True,0,4,6,6|6|6|6|0|6|6|6|6|6|0|6|0|6|0
58326,4,True,6,2,4,4|4|4|4|4|9|4|4|4|4|4|4|4|4|9
58354,0,True,2,5,0,0|2|4|6|0|0|0|0|0|0|2|0|0|0|4
58368,6,True,3,15,3,3|2|3|3|3|3|3|3|3|3|3|3|3|2|3
58374,2,False,2,15,9,4|4|9|9|9|9|9|9|9|4|9|4|9|9|9
58380,6,False,6,12,3,6|8|6|2|7|6|0|3|2|3|1|8|3|3|3
58410,0,False,0,8,6,0|0|6|0|6|6|0|6|6|6|0|6|0|0|6
58412,3,True,8,7,3,3|3|8|8|8|3|8|8|3|8|3|3|3|8|3
58443,5,True,9,6,5,5|0|5|5|9|5|9|5|9|5|5|9|5|7|5
58460,9,True,7,6,9,9|9|5|9|9|5|9|9|9|5|5|9|7|9|5
58463,5,False,5,8,5,5|5|1|3|5|1|5|5|7|1|1|9|5|5|7
58494,3,True,5,15,5,5|5|5|1|5|5|5|5|5|1|1|5|5|5|5
58506,9,True,7,10,7,9|7|7|9|7|9|7|7|9|7|7|7|7|9|7
58531,3,True,5,14,-1,7|3|7|1|1|1|5|5|1|1|7|9|5|5|5
58553,9,True,4,8,-1,9|4|4|9|9|9|2|4|4|4|9|4|4|9|9
58562,9,True,6,10,4,9|4|4|4|4|9|8|9|7|9|4|4|4|4|9
58593,3,False,3,10,2,6|2|2|2|2|2|3|2|3|3|2|3|2|2|3
58604,4,True,6,14,-1,0|0|0|0|6|8|6|4|2|2|8|6|1|2|2
58606,3,False,3,3,3,3|3|3|2|2|3|8|3|3|3|3|3|3|3|3
58611,9,True,4,3,9,9|9|4|9|9|9|9|4|9|4|9|9|9|9|9
58619,4,True,5,15,5,5|5|7|5|5|5|5|5|5|2|5|5|5|5|5
58648,7,False,7,1,7,9|7|7|7|7|7|7|7|7|7|7|7|7|7|7
58692,7,True,1,10,1,7|1|1|1|7|1|7|7|7|1|1|1|1|1|4
58696,9,True,7,13,7,3|7|7|7|7|1|7|9|7|7|7|7|7|9|7
58702,0,True,2,6,0,9|0|2|4|0|0|0|2|0|2|0|0|0|0|2
58710,2,True,7,14,7,7|7|9|7|7|7|7|7|9|7|7|7|7|7|2
58712,9,True,4,11,4,9|4|4|4|4|2|2|9|4|4|4|4|4|9|9
58713,9,True,4,8,4,9|9|4|4|4|9|4|9|4|4|9|9|4|4|9
58718,9,True,4,8,-1,9|4|4|4|9|9|9|4|9|4|9|4|9|4|3
58731,9,True,4,11,4,9|4|4|4|9|4|4|4|9|4|4|4|4|4|9
58736,9,False,9,13,5,5|5|5|5|5|5|5|9|5|5|5|9|5|5|5
58752,9,False,9,14,5,5|5|5|5|5|5|5|5|5|5|9|5|5|5|5
58754,9,True,4,14,4,4|4|6|4|6|6|3|2|4|3|1|4|4|2|9
58774,0,False,0,15,8,1|3|7|1|8|5|8|3|2|8|2|3|8|2|1
58801,7,True,1,11,1,1|1|1|1|7|1|1|1|1|7|1|1|1|7|7
58804,4,True,6,13,3,3|3|4|4|3|6|3|3|6|2|0|6|6|2|3
58857,5,True,9,2,5,5|5|5|9|5|5|5|5|5|5|9|5|5|5|5
58870,4,True,6,10,4,0|2|4|4|4|6|3|4|0|2|6|6|6|4|1
58873,3,False,3,7,3,6|2|3|3|3|3|8|3|2|2|3|8|3|8|3
58876,6,True,0,4,6,6|6|6|4|6|6|6|6|0|6|1|6|6|4|6
58894,5,True,9,3,5,5|9|5|9|5|5|5|5|5|9|5|5|5|5|5
58908,8,False,8,4,8,8|8|8|8|3|8|8|3|8|8|3|8|8|8|3
58931,9,True,7,10,7,9|7|7|7|9|7|7|9|7|7|7|7|7|9|9
58938,1,True,5,11,5,1|5|1|1|5|5|5|2|5|5|1|5|5|5|5
58943,7,True,1,14,1,1|1|1|1|1|1|1|1|1|7|1|1|1|1|4
58955,9,True,7,10,7,9|7|7|9|7|9|7|9|7|7|7|7|7|9|7
58964,4,True,6,3,4,4|4|6|4|4|6|2|4|4|4|4|4|4|4|4
58967,1,True,8,15,0,0|8|6|0|0|6|0|2|0|0|2|0|0|0|0
58971,0,True,1,9,1,0|1|1|1|0|1|1|0|1|0|1|1|0|1|0
58992,7,False,7,14,5,9|5|5|9|5|5|9|5|9|5|5|5|7|5|5
59031,7,False,7,5,7,7|5|7|1|9|7|7|7|7|7|7|7|3|5|7
59055,3,False,3,10,-1,3|3|2|2|6|6|3|6|2|3|2|1|3|2|6
59058,9,False,9,13,5,5|5|9|5|5|5|5|9|5|5|5|5|5|5|5
59100,1,False,1,6,1,1|0|1|0|1|1|3|3|1|1|1|0|1|1|4
59128,2,True,5,12,5,5|5|5|2|5|5|5|2|5|5|2|5|5|5|5
59131,6,True,0,10,0,0|5|6|0|6|0|0|0|6|6|0|0|6|0|0
59161,3,True,2,15,2,6|2|2|2|2|8|6|0|2|0|0|0|0|2|2
59163,4,True,6,10,-1,0|4|6|2|6|6|6|4|0|6|4|4|4|2|0
59173,5,False,5,9,5,1|5|7|5|1|1|5|2|2|1|1|5|7|5|5
59174,5,False,5,6,5,5|5|7|7|5|5|5|5|7|7|7|5|5|7|5
59185,3,True,7,13,5,1|5|7|2|5|1|5|3|2|5|3|7|7|2|1
59191,9,False,9,14,5,9|5|5|5|5|5|5|5|5|5|5|5|5|5|5
59208,2,True,7,11,7,7|2|2|7|7|7|7|2|7|2|7|7|7|7|7
59214,3,True,8,12,8,8|8|3|8|8|8|8|8|8|3|3|8|8|8|9
59222,0,True,1,12,1,1|0|1|1|0|1|1|4|1|1|1|1|1|1|0
59227,6,False,6,15,4,4|4|4|4|4|4|4|2|4|4|4|4|4|4|4
59255,2,True,7,15,7,7|7|7|7|7|7|7|7|7|3|7|7|7|7|7
59273,6,True,0,6,6,0|0|0|0|0|6|6|6|6|6|6|6|6|0|6
59312,2,True,3,9,3,3|3|2|3|2|2|8|2|2|2|3|3|3|3|3
59313,9,False,9,15,5,5|5|5|5|5|5|5|5|5|5|5|5|5|5|5
59339,7,True,1,15,0,1|0|1|1|0|0|0|0|1|1|0|0|0|0|0
59354,1,False,1,8,-1,1|7|1|7|7|1|0|7|1|7|7|1|1|1|7
59360,6,True,3,13,3,3|3|6|3|3|6|3|3|3|3|3|3|3|8|3
59375,8,False,8,5,8,8|8|8|8|8|8|7|7|8|7|8|8|7|8|7
59376,6,False,6,13,4,6|9|4|4|6|2|8|4|5|2|4|4|3|4|9
59433,9,True,4,6,9,9|3|4|9|9|9|4|9|9|4|8|9|4|9|9
59438,0,False,0,13,6,0|4|6|0|6|6|4|6|6|6|1|6|6|4|6
59459,2,True,5,14,5,5|7|8|3|1|5|1|5|9|2|7|5|5|5|7
59471,1,True,7,15,7,7|7|7|7|7|5|7|7|7|7|7|7|7|7|5
59501,9,True,4,13,3,1|5|9|3|2|3|8|6|3|9|1|6|6|4|3
59504,9,False,9,13,5,9|5|6|9|5|5|5|5|5|5|5|5|5|5|5
59519,6,True,0,14,0,0|2|6|0|0|8|0|0|0|4|0|8|0|0|0
59538,3,True,5,7,3,5|1|3|3|5|3|5|3|3|3|3|3|5|5|5
59544,6,False,6,3,6,6|6|6|6|6|0|6|6|6|6|0|6|6|0|6
59557,7,False,7,1,7,7|7|7|7|7|7|7|7|7|4|7|7|7|7|7
59564,4,False,4,12,9,9|9|9|4|9|9|3|9|9|4|9|9|9|4|9
59574,8,False,8,1,8,8|8|7|8|8|8|8|8|8|8|8|8|8|8|8
59583,5,True,9,3,5,5|9|5|9|5|5|5|5|5|5|9|5|5|5|5
59605,0,True,1,9,1,0|1|1|1|2|1|0|0|1|0|1|1|1|0|0
59628,7,True,5,2,7,7|7|7|7|7|7|7|7|7|5|7|7|7|5|7
59629,9,True,8,15,8,8|3|8|3|8|3|8|8|8|8|8|8|8|8|3
59638,1,False,1,7,1,0|1|1|1|1|1|0|0|1|1|1|0|0|0|0
59664,6,True,2,13,3,3|3|6|4|4|6|3|3|1|4|3|4|2|1|1
59716,2,True,5,13,5,1|5|3|2|5|7|7|2|8|5|7|7|5|5|5
59727,2,True,3,8,-1,1|2|3|3|2|3|2|2|2|3|3|3|2|2|3
59728,1,False,1,4,1,1|7|1|1|7|1|1|6|1|1|7|1|1|1|1
59761,2,False,2,13,0,0|0|2|0|0|0|0|0|2|0|0|0|0|0|0
59772,6,False,6,10,6,0|4|6|0|0|8|0|6|4|6|6|8|6|4|4
59774,2,False,2,12,0,0|2|2|0|0|0|0|0|0|0|0|0|0|0|2
59777,3,False,3,8,3,0|3|3|2|2|6|3|3|3|2|2|6|3|2|3
59802,6,True,0,8,0,0|0|6|0|0|6|6|6|6|6|0|6|0|0|0
59812,7,False,7,3,7,7|7|7|7|7|7|7|7|3|3|3|7|7|7|7
59813,6,True,2,13,-1,9|4|6|9|9|9|6|9|4|3|9|4|4|4|4
59818,2,True,5,11,5,5|5|2|2|5|5|5|2|2|5|5|5|5|5|5
59845,0,True,1,8,1,0|1|1|1|0|0|0|0|1|0|0|1|1|1|1
59882,2,False,2,13,4,0|4|0|4|0|2|0|4|0|2|0|4|4|4|4
59930,9,True,4,6,9,9|4|4|9|9|4|4|9|9|4|9|9|9|9|4
59951,9,True,7,14,7,7|7|7|7|7|7|7|7|9|7|7|7|7|7|7
59980,2,True,3,10,3,3|3|2|3|2|3|3|3|2|2|3|3|3|2|3
59998,0,False,0,9,6,0|0|6|0|6|6|0|0|0|6|6|6|6|6|6
