index,noisy_label,is_noisy,real_label,mistakes,label_pred,preds
11,9,False,9,13,5,9|5|5|5|5|5|5|5|5|5|5|5|5|5|9
17,6,True,0,7,6,0|6|0|6|0|0|0|0|6|0|6|6|6|6|6
18,4,True,6,14,0,0|0|4|0|0|0|0|2|0|2|0|0|0|0|0
58,2,True,3,10,3,3|2|3|2|2|3|3|3|2|3|3|3|2|3|3
67,0,False,0,13,3,1|0|3|0|3|3|6|3|6|6|3|6|6|8|3
77,6,False,6,11,0,4|0|4|4|0|0|6|0|0|6|0|0|6|6|0
102,1,False,1,2,1,1|1|1|1|1|7|1|1|1|1|7|1|1|1|1
107,2,True,9,15,-1,9|5|5|9|5|5|9|5|9|9|9|5|9|7|5
114,3,False,3,5,3,2|2|3|3|2|3|3|3|3|3|3|3|0|2|3
118,9,True,6,14,3,9|1|3|4|0|3|4|3|4|3|3|3|8|6|4
125,0,True,2,4,0,0|0|3|0|0|0|2|0|0|2|0|0|0|8|0
139,9,True,4,3,9,9|4|4|9|9|9|9|9|9|9|9|4|9|9|9
154,0,False,0,9,6,6|6|0|0|0|6|6|0|0|6|6|6|0|6|6
170,7,True,1,10,1,7|1|1|1|1|7|1|1|1|1|7|1|1|7|7
203,6,False,6,14,4,4|6|4|4|0|9|4|4|4|4|4|4|4|4|4
212,8,False,8,2,8,3|8|8|8|8|8|8|8|8|3|8|8|8|8|8
253,0,True,2,5,0,0|2|0|0|0|2|0|0|0|2|0|4|0|4|0
274,2,True,5,15,5,1|5|7|5|1|7|5|5|5|5|7|5|5|5|5
279,9,True,7,14,7,7|7|7|9|7|7|3|7|7|7|7|7|7|7|7
283,1,False,1,0,1,1|1|1|1|1|1|1|1|1|1|1|1|1|1|1
290,9,True,4,6,9,9|9|4|9|4|9|9|9|4|9|2|4|9|4|9
296,4,False,4,8,4,4|4|4|4|8|7|8|8|1|4|9|6|4|4|0
297,6,False,6,15,0,2|0|4|4|0|0|0|0|0|4|0|0|2|0|0
305,7,True,1,12,1,0|1|7|1|1|7|1|1|1|3|1|1|7|1|2
323,2,True,3,10,3,3|2|3|3|2|6|3|3|2|3|2|3|3|2|3
325,6,True,0,8,6,0|6|1|6|0|6|0|0|6|6|0|6|8|0|6
388,9,True,4,12,4,2|4|4|0|0|4|9|4|9|4|2|6|2|6|9
390,5,True,9,1,5,5|5|5|5|9|5|5|5|5|5|5|5|5|5|5
410,4,True,6,13,6,0|0|4|6|6|6|6|6|6|0|6|6|6|6|4
427,1,False,1,1,1,1|1|1|1|1|1|1|1|1|3|1|1|1|1|1
431,9,False,9,14,5,5|5|5|5|5|9|5|5|5|5|5|5|5|5|5
462,8,True,2,13,6,6|2|0|0|8|3|6|4|0|6|2|0|8|6|6
464,4,False,4,5,4,4|4|4|4|9|9|4|4|9|4|9|4|9|4|4
470,6,False,6,6,6,6|6|6|4|4|6|3|4|6|6|4|6|6|6|4
480,4,True,6,7,4,0|4|4|4|0|0|2|4|4|2|4|0|4|4|0
482,9,True,7,14,7,1|2|4|3|7|7|7|7|3|7|7|2|7|4|9
486,9,True,4,6,9,9|4|4|4|9|4|9|4|9|9|9|9|9|4|9
509,2,True,3,11,3,3|2|3|3|2|3|3|3|2|3|2|6|0|6|3
513,2,True,9,15,5,9|5|5|9|5|5|5|5|5|5|5|5|5|5|5
520,8,False,8,9,3,1|3|3|3|8|8|3|3|8|3|8|3|3|8|8
530,6,True,0,8,6,4|6|4|4|0|6|6|4|6|4|4|6|6|0|6
536,2,True,3,12,3,2|2|4|3|8|3|4|9|3|3|2|3|5|3|0
537,2,True,9,15,5,5|5|5|5|5|5|5|5|5|5|5|5|9|5|5
540,1,False,1,7,1,1|1|1|1|1|1|7|1|1|7|7|7|7|7|7
574,2,False,2,8,2,4|4|0|2|0|2|2|9|2|0|2|2|0|0|2
585,4,True,6,5,4,4|4|4|2|4|3|4|9|6|3|4|4|4|4|4
591,6,True,0,7,6,0|6|3|0|1|3|6|3|6|6|6|6|6|6|3
617,2,False,2,14,0,0|0|0|0|0|0|8|0|0|0|0|0|0|2|0
622,9,True,4,3,9,4|9|9|9|9|9|9|9|9|9|4|9|9|4|9
636,2,True,7,10,7,1|2|7|2|7|7|2|7|7|7|7|7|2|2|7
639,6,True,0,7,6,1|6|8|6|0|3|6|6|6|9|6|6|6|8|3
656,2,True,4,15,-1,4|0|0|1|4|0|8|3|3|3|3|0|6|6|4
664,2,False,2,10,2,4|4|4|0|0|9|2|2|4|2|9|2|0|6|2
679,8,True,7,15,7,7|7|7|7|7|7|7|7|7|7|7|7|7|7|7
703,1,False,1,11,0,0|0|0|1|1|0|0|1|0|9|0|1|6|0|0
707,3,True,2,14,9,9|4|3|9|9|4|9|9|9|9|9|4|9|9|4
730,6,True,1,15,1,1|7|1|1|1|7|1|1|1|7|1|1|1|1|1
747,3,True,8,13,8,8|8|3|8|8|8|8|8|3|8|8|8|8|8|8
765,6,True,9,15,5,5|2|5|5|5|5|5|2|5|5|5|5|9|2|5
833,4,False,4,10,4,9|3|3|4|4|6|6|9|9|3|4|3|9|4|4
835,3,False,3,8,3,1|2|6|3|8|2|3|3|3|3|2|3|1|2|3
857,7,True,5,14,5,1|5|5|5|5|5|7|5|5|5|5|5|5|5|2
869,2,True,9,12,5,5|2|5|2|5|5|2|5|7|5|7|9|9|9|9
908,9,True,7,9,7,9|7|7|9|7|7|7|7|9|7|9|9|7|7|9
912,9,True,4,14,-1,9|1|4|0|0|6|6|0|0|6|0|4|4|4|4
914,1,True,5,15,5,7|7|5|5|5|7|5|5|5|5|5|7|7|5|7
918,4,True,1,15,7,1|7|1|1|7|7|7|1|7|7|7|1|7|7|7
920,3,True,7,13,7,7|7|7|4|7|3|7|7|7|3|7|2|7|5|7
927,7,True,5,14,5,7|5|5|5|5|5|5|5|5|5|5|5|5|1|5
928,7,False,7,4,7,7|7|7|9|7|9|9|7|2|7|7|7|7|7|7
931,0,True,2,14,3,3|4|3|2|2|9|3|0|6|9|7|3|3|2|3
939,0,True,2,2,0,0|2|0|0|0|2|0|0|0|0|0|0|0|0|0
949,4,True,6,13,0,0|0|4|0|0|2|0|0|0|2|0|0|0|4|0
965,0,False,0,10,6,6|0|6|6|0|6|6|0|6|0|6|6|6|6|0
993,9,True,4,13,4,4|4|4|3|3|4|9|3|3|4|9|3|4|4|4
1002,0,True,2,13,4,2|4|4|4|0|9|6|4|6|2|9|6|0|4|2
1017,0,True,1,15,1,1|1|1|1|1|7|1|1|1|1|1|1|1|1|1
1029,9,True,7,8,7,9|7|9|9|7|7|9|7|7|7|7|9|9|7|9
1032,9,True,4,15,0,4|0|0|2|0|0|4|0|0|0|4|0|4|4|2
1040,5,True,9,14,2,2|9|9|9|5|2|2|9|9|2|7|9|2|2|2
1042,2,True,9,11,9,2|7|9|9|5|2|9|2|9|9|9|9|9|2|9
1050,8,False,8,8,8,7|7|8|8|8|8|8|7|0|7|5|7|8|8|7
1067,4,True,7,15,7,7|7|7|7|7|7|7|7|3|7|7|7|7|7|7
1070,2,False,2,15,0,0|0|0|0|0|0|0|0|0|0|0|0|0|0|0
1080,1,False,1,2,1,0|1|1|1|1|0|1|1|1|1|1|1|1|1|1
1125,9,True,4,15,4,4|0|4|4|4|4|4|4|4|4|4|4|4|0|0
1132,1,False,1,1,1,1|1|1|1|1|1|1|1|1|7|1|1|1|1|1
1133,4,True,6,8,4,6|6|4|4|4|6|6|2|4|4|4|4|6|6|2
1142,4,True,6,10,6,4|6|4|4|0|6|6|6|6|6|6|6|4|6|4
1161,1,False,1,1,1,1|1|1|1|1|1|1|1|1|9|1|1|1|1|1
1196,7,False,7,3,7,9|7|7|9|7|7|7|7|7|9|7|7|7|7|7
1213,3,True,7,15,7,7|7|7|9|7|7|7|7|7|7|7|7|2|7|7
1239,3,True,7,15,7,7|7|7|7|7|7|2|7|7|7|7|7|7|7|7
1259,2,True,5,14,-1,7|7|7|5|5|7|5|5|7|5|7|5|5|2|7
1268,4,False,4,10,9,4|6|4|3|9|9|4|3|9|9|9|9|9|4|4
1272,9,True,4,9,4,4|4|4|4|9|9|4|9|4|4|9|4|9|4|9
1280,2,True,3,7,2,3|2|3|2|2|3|3|3|2|3|2|3|2|2|2
1283,9,True,4,12,3,4|4|9|3|2|9|3|9|3|4|2|3|2|3|6
1284,6,True,3,15,3,3|2|3|2|2|3|3|3|3|3|2|3|2|3|3
1294,9,False,9,11,5,5|5|9|5|5|9|5|5|5|5|5|5|9|5|9
1351,9,True,8,15,8,7|8|8|8|8|8|3|8|8|3|8|8|8|8|8
1384,9,True,4,2,9,9|9|4|9|9|9|9|9|9|9|9|9|9|4|9
1386,0,True,2,14,2,2|2|8|2|8|2|2|2|0|2|2|2|2|2|8
1392,9,True,7,9,7,9|7|9|9|7|7|7|7|7|7|7|9|9|7|9
1401,8,False,8,2,8,7|9|8|8|8|8|8|8|8|8|8|8|8|8|8
1405,9,True,4,8,-1,9|4|4|4|4|9|9|9|4|0|9|4|9|4|9
1408,4,False,4,7,4,9|4|4|4|4|9|4|4|9|4|9|9|9|4|9
1414,9,True,7,14,7,8|7|7|7|7|1|7|7|7|7|7|9|7|7|7
1416,5,True,9,1,5,5|5|5|5|5|5|5|5|5|5|5|5|9|5|5
1419,4,True,6,7,4,4|4|4|4|9|6|6|4|0|4|9|4|0|6|4
1470,9,True,4,9,4,9|4|4|4|4|9|4|9|9|4|9|4|4|4|9
1485,7,True,8,8,8,7|8|8|8|7|7|8|8|8|7|8|8|7|7|7
1522,5,False,5,3,5,5|5|5|5|5|3|5|5|5|3|5|5|3|5|5
1548,1,False,1,8,7,1|7|1|1|1|7|7|1|7|7|7|1|7|1|7
1573,9,False,9,14,5,5|5|5|5|9|5|5|5|5|5|5|5|5|5|5
1587,9,True,7,10,7,7|7|7|9|7|7|7|9|9|7|9|7|7|7|9
1599,0,False,0,7,0,0|0|6|0|0|6|0|6|6|0|0|6|0|6|4
1610,2,True,3,14,-1,0|8|0|3|8|2|6|8|3|0|3|6|0|6|3
1647,6,True,0,7,6,6|6|6|0|0|6|6|0|6|0|0|6|0|6|0
1665,0,True,1,9,1,0|1|1|1|1|1|0|1|0|0|0|1|1|0|1
1718,4,True,6,11,0,0|0|4|0|0|0|0|0|6|2|0|0|4|4|4
1740,9,False,9,14,5,5|5|5|5|5|5|5|5|5|5|5|5|5|5|9
1748,0,False,0,12,6,6|0|8|6|1|3|6|7|0|6|8|8|0|6|2
1797,2,True,3,14,0,0|0|3|6|0|6|0|3|2|3|0|6|0|6|3
1809,6,True,0,9,0,0|0|0|0|0|0|0|6|6|6|6|6|0|6|0
1822,0,True,1,7,0,0|0|1|1|0|1|1|1|0|0|0|1|0|0|1
1841,5,False,5,9,5,3|7|5|7|5|5|5|7|7|5|5|7|2|8|1
1842,5,True,9,2,5,9|5|5|5|9|5|5|5|5|5|5|5|5|5|5
1844,5,True,9,2,5,9|5|5|5|5|5|5|5|5|5|5|5|9|5|5
1869,3,True,7,15,5,1|5|5|5|5|5|5|5|5|5|5|5|7|5|7
1870,7,False,7,6,7,7|1|4|4|7|7|7|7|4|7|7|7|5|7|4
1881,6,True,2,12,-1,3|6|2|7|0|8|3|0|1|4|8|6|3|6|5
1883,7,True,5,10,5,5|5|5|5|7|5|7|5|5|5|7|5|7|5|7
1894,3,False,3,4,3,3|2|3|3|2|3|3|3|3|3|2|3|2|3|3
1901,0,True,1,13,1,1|1|1|0|1|1|1|1|1|9|1|1|0|1|1
1916,4,True,7,15,7,7|7|7|7|7|7|7|7|7|7|7|7|7|7|7
1926,5,True,9,0,5,5|5|5|5|5|5|5|5|5|5|5|5|5|5|5
1946,0,True,2,9,0,2|0|0|4|0|0|4|6|0|2|0|4|2|4|4
1962,8,False,8,2,8,8|8|8|8|8|8|8|8|8|8|8|7|8|1|8
1965,1,False,1,5,1,0|1|1|1|0|0|1|1|0|9|1|1|1|1|1
1979,4,True,6,15,6,0|0|0|6|0|6|6|0|6|6|0|6|6|6|0
1983,6,True,3,14,3,6|2|3|3|2|3|3|3|3|3|2|3|3|3|3
1990,5,False,5,6,5,7|5|5|5|5|2|5|5|7|5|7|5|7|8|5
2000,9,True,4,4,9,9|9|4|4|4|9|9|9|9|4|9|9|9|9|9
2011,6,True,3,15,3,2|2|3|3|2|3|3|3|3|3|3|3|2|3|3
2049,6,True,0,11,0,0|4|6|2|0|3|6|3|0|6|3|0|0|6|2
2051,3,False,3,6,3,2|0|3|2|2|3|3|3|3|3|3|3|2|6|3
2067,2,True,3,11,3,3|4|3|2|2|2|3|2|3|3|3|0|3|6|3
2075,7,False,7,1,7,7|7|7|7|7|7|7|7|7|7|2|7|7|7|7
2079,8,True,6,15,4,4|0|4|4|4|4|2|4|9|2|9|4|9|4|9
2080,9,True,4,2,9,4|9|9|9|9|9|9|9|9|9|9|9|9|4|9
2086,2,False,2,11,0,6|0|0|0|0|2|0|0|0|2|2|5|0|4|2
2094,7,False,7,4,7,7|7|7|2|7|7|2|7|7|7|7|7|2|2|7
2098,9,True,4,8,-1,9|4|4|4|0|9|9|4|9|9|9|4|4|4|9
2102,9,True,4,3,9,9|9|9|4|9|9|9|9|9|4|4|9|9|9|9
2137,6,True,3,15,3,3|2|3|3|2|3|3|3|3|3|3|3|2|3|2
2140,9,True,4,9,4,4|4|4|4|4|9|9|9|9|4|9|4|9|4|4
2146,9,True,4,12,4,4|6|4|4|4|4|4|9|4|4|9|4|4|4|9
2177,1,False,1,5,1,1|1|1|1|1|7|7|1|1|7|7|1|1|1|7
2180,6,True,0,4,6,0|6|6|0|0|6|6|6|6|6|6|6|6|6|0
2233,9,True,4,14,4,9|4|4|4|4|4|4|4|4|4|4|4|4|4|4
2242,4,False,4,6,4,0|4|4|9|0|9|4|4|6|4|4|9|4|4|4
2250,1,False,1,3,1,1|0|1|1|1|1|1|1|1|0|1|0|1|1|1
2251,6,True,3,14,3,3|2|3|3|2|6|3|3|3|3|3|3|2|3|3
2258,7,False,7,7,7,5|7|5|8|7|7|2|7|5|3|7|7|7|5|7
2280,9,True,7,13,7,7|7|5|9|7|7|7|7|7|7|7|7|9|7|7
2292,5,True,9,1,5,5|5|5|5|5|5|5|5|5|5|5|5|5|5|9
2299,2,True,3,13,3,3|0|3|3|3|2|2|3|3|3|3|3|3|3|3
2322,9,False,9,11,5,9|5|5|5|5|9|5|5|5|5|5|5|9|5|9
2331,6,True,1,15,1,7|1|1|1|1|7|1|1|1|1|7|1|1|1|1
2335,7,True,5,8,-1,7|7|5|5|7|7|5|5|5|2|7|5|7|5|7
2374,6,True,0,8,-1,0|6|0|0|0|6|6|0|6|6|0|6|0|6|3
2390,2,True,5,15,7,7|7|5|5|5|5|7|7|7|5|7|5|7|5|7
2425,9,True,4,11,4,4|4|4|4|4|9|9|4|9|4|4|9|4|4|4
2452,5,False,5,11,3,1|3|3|3|7|3|5|7|8|3|5|5|7|5|3
2458,1,True,5,11,5,3|1|5|5|5|5|1|5|1|5|5|5|5|5|1
2480,2,True,3,9,3,2|2|3|2|2|2|3|3|6|3|3|3|2|3|3
2492,6,False,6,6,6,0|6|4|0|0|6|6|0|6|6|6|6|6|6|0
2498,3,True,8,13,8,3|8|8|3|1|8|8|0|8|8|8|8|8|6|1
2502,8,False,8,3,8,3|8|8|8|8|3|8|3|8|8|8|8|8|8|8
2509,7,False,7,9,5,7|7|5|5|7|1|7|5|5|5|5|9|7|5|7
2540,1,False,1,6,1,1|1|1|1|1|7|7|1|1|7|7|1|7|7|1
2544,9,True,7,15,7,3|7|5|7|7|7|5|7|1|5|7|7|7|7|7
2571,9,True,7,8,9,9|2|5|9|5|5|7|2|9|9|9|9|9|5|5
2583,9,True,4,7,9,9|4|4|9|4|9|4|9|9|0|9|9|9|4|4
2589,8,False,8,4,8,1|8|1|8|1|8|8|8|8|8|1|8|8|8|8
2629,4,False,4,6,4,9|4|4|4|9|9|9|4|4|4|5|4|9|4|4
2630,0,True,2,3,0,2|2|0|0|0|0|0|0|0|0|0|0|0|2|0
2663,6,False,6,12,2,2|2|4|4|3|0|0|6|0|2|2|0|2|6|6
2668,3,False,3,9,2,2|3|3|2|2|2|3|3|2|3|2|3|2|2|2
2670,1,False,1,2,1,1|1|1|1|1|0|1|1|1|1|0|1|1|1|1
2688,5,True,9,10,-1,2|2|5|9|5|5|2|2|5|5|9|9|2|8|9
2694,3,False,3,7,3,3|3|6|2|2|3|3|3|2|2|2|3|3|2|3
2728,3,False,3,8,2,3|2|3|3|2|2|3|3|2|3|2|3|2|2|2
2731,7,True,3,12,1,1|1|7|6|7|3|1|7|6|1|3|1|0|6|8
2749,6,True,3,9,-1,6|6|6|3|1|6|3|6|1|3|7|3|3|6|3
2768,3,True,8,11,8,8|8|3|8|8|3|3|3|8|8|8|8|8|8|8
2785,9,True,4,12,4,9|4|4|4|0|6|3|9|6|2|4|4|9|6|4
2800,0,True,3,13,3,2|6|3|3|2|6|3|3|0|3|2|3|0|2|3
2815,2,True,9,15,5,7|5|5|5|5|5|5|5|7|5|5|5|5|5|7
2829,3,False,3,10,3,4|4|4|2|1|9|3|9|9|3|3|3|9|3|4
2836,5,True,9,2,5,9|5|5|5|5|5|5|5|5|5|5|5|5|5|9
2907,5,True,9,6,5,9|5|5|5|5|9|9|5|5|9|5|9|5|5|9
2909,0,True,2,9,2,7|4|0|0|0|2|0|0|2|2|0|2|2|2|2
2924,4,False,4,8,9,9|4|4|4|9|4|9|9|9|4|9|4|9|9|4
2935,9,True,4,13,4,9|4|4|4|0|6|6|6|4|2|9|4|2|2|2
2938,0,False,0,13,3,3|2|6|2|2|3|3|3|0|3|1|3|0|8|3
2942,4,True,6,6,4,4|4|6|4|8|6|4|4|4|2|4|4|0|4|2
2951,6,False,6,10,-1,6|0|4|4|1|3|3|0|6|0|6|6|0|6|0
2966,3,False,3,15,6,6|2|6|0|1|6|6|6|0|6|6|6|6|6|6
2977,4,True,6,0,4,4|4|4|4|4|4|4|4|4|4|4|4|4|4|4
2983,4,False,4,8,-1,9|4|4|4|9|9|3|9|9|4|9|4|9|4|4
3027,4,False,4,7,4,4|0|4|3|4|9|3|3|4|6|0|4|4|4|4
3042,6,False,6,15,4,4|4|4|4|4|9|4|4|9|4|9|4|9|4|9
3084,9,True,7,15,7,7|7|7|5|7|5|7|7|7|7|7|5|7|7|7
3088,2,True,5,9,2,2|2|3|8|2|5|5|5|5|2|7|8|2|2|8
3108,9,True,8,15,8,7|8|8|8|8|8|1|8|8|8|8|8|8|8|8
3122,9,True,7,7,9,7|7|9|9|7|7|9|9|9|2|2|9|9|7|9
3158,9,False,9,15,5,5|5|5|5|5|5|5|5|5|5|5|5|5|5|5
3167,8,True,2,14,0,0|0|8|2|0|2|0|2|0|2|2|2|0|0|0
3173,6,True,3,13,3,3|3|3|3|3|3|3|3|6|3|2|3|3|6|3
3183,6,True,1,15,1,1|1|1|1|1|1|1|1|1|1|1|1|1|1|1
3192,8,False,8,3,8,8|8|8|8|8|3|3|8|8|8|8|8|3|8|8
3208,2,False,2,15,4,4|4|4|4|4|4|3|4|4|4|4|6|4|6|4
3216,9,True,7,10,7,9|7|7|7|8|7|9|7|9|7|7|7|9|9|7
3237,6,True,0,10,0,0|6|0|0|0|6|0|0|0|0|0|6|0|6|6
3259,6,False,6,11,-1,7|6|6|4|1|0|0|6|0|4|2|6|2|4|0
3263,5,True,9,0,5,5|5|5|5|5|5|5|5|5|5|5|5|5|5|5
3264,4,True,6,15,3,6|6|3|3|8|3|3|3|8|3|3|8|3|6|3
3268,5,True,9,2,5,9|5|5|5|5|5|5|5|5|5|5|5|9|5|5
3276,4,False,4,12,9,9|9|9|9|9|6|9|4|9|4|9|4|9|2|9
3277,2,False,2,14,4,4|4|4|3|0|6|2|9|3|3|4|4|4|6|4
3284,1,False,1,1,1,1|1|1|1|1|1|7|1|1|1|1|1|1|1|1
3294,4,True,6,9,-1,4|6|9|8|4|3|6|4|4|4|6|6|4|6|6
3306,1,False,1,0,1,1|1|1|1|1|1|1|1|1|1|1|1|1|1|1
3343,9,True,8,15,8,3|8|8|8|8|3|8|3|8|8|8|3|3|8|8
3348,7,False,7,3,7,7|7|5|1|7|7|7|7|7|7|7|7|7|9|7
3360,9,True,7,14,7,7|7|7|2|7|7|7|7|7|7|7|7|9|7|8
3361,4,True,6,8,4,4|2|4|4|4|3|2|4|4|2|8|8|8|2|4
3370,0,True,2,3,0,0|0|0|6|0|2|0|0|0|0|0|0|0|2|0
3408,1,False,1,9,0,0|0|1|1|0|0|0|1|1|0|0|1|1|0|0
3411,2,True,3,9,3,2|2|3|3|2|3|3|3|3|3|2|3|3|2|2
3424,6,False,6,14,8,3|8|4|4|8|7|8|8|8|8|8|8|4|6|9
3430,8,False,8,4,8,3|8|8|8|8|3|3|8|8|3|8|8|8|8|8
3437,3,False,3,13,1,1|1|1|6|1|3|3|1|1|7|7|0|1|1|2
3465,6,True,3,12,3,6|3|1|3|3|3|3|3|6|3|7|3|1|6|3
3487,3,False,3,6,3,8|0|3|8|0|3|3|3|3|3|3|3|2|8|3
3508,2,True,3,15,6,6|6|3|4|1|6|6|6|6|6|6|6|6|6|0
3510,2,False,2,14,0,0|0|0|0|0|2|0|0|0|0|0|0|0|0|0
3518,0,True,2,12,4,4|0|4|4|0|3|0|4|4|4|9|4|2|4|4
3542,2,False,2,12,6,6|2|6|4|8|6|6|9|6|2|4|9|9|4|2
3547,3,True,4,15,2,6|2|0|2|2|0|4|2|4|2|8|0|2|2|2
3554,4,True,6,15,0,0|0|0|0|0|6|0|0|6|0|0|0|6|0|0
3556,7,True,1,15,1,1|1|1|1|1|1|1|1|1|1|1|1|1|1|1
3621,3,True,8,15,8,8|8|8|8|8|8|8|8|8|8|8|8|8|8|8
3642,4,True,6,5,4,4|4|0|4|4|6|4|6|4|0|2|4|4|4|4
3654,6,False,6,10,0,0|6|0|6|0|6|6|0|0|0|0|0|0|6|4
3658,3,False,3,8,3,3|3|3|1|7|3|3|1|3|3|7|6|1|7|7
3671,2,False,2,13,0,7|0|8|0|0|0|2|2|0|0|0|0|0|0|0
3688,1,False,1,5,1,1|0|1|1|1|0|0|1|1|9|1|1|0|1|1
3699,0,True,2,8,0,0|0|4|9|0|4|2|2|0|6|0|0|0|6|4
3718,7,True,8,12,8,7|8|8|8|8|8|1|8|8|8|8|8|9|7|7
3722,9,True,4,12,4,4|4|4|4|4|4|9|4|9|9|4|4|4|4|4
3726,7,False,7,9,7,7|7|5|2|7|9|9|2|7|9|7|5|9|7|9
3784,9,True,4,11,4,4|4|4|9|0|4|2|9|4|4|9|2|9|2|0
3790,9,True,4,5,9,4|9|4|4|9|9|4|9|9|9|9|9|9|4|9
3807,4,False,4,4,4,4|4|4|4|4|6|4|4|9|3|4|4|6|4|4
3831,7,True,5,12,5,1|5|5|5|1|5|7|7|1|5|5|5|7|8|5
3834,8,False,8,7,8,7|0|8|2|1|8|8|5|8|8|8|8|8|6|0
3840,9,True,7,7,9,2|5|7|9|7|9|9|2|9|5|5|9|9|9|9
3848,9,True,7,10,7,2|7|5|9|7|7|9|7|7|7|9|7|9|7|9
3879,8,False,8,5,8,1|8|8|8|8|3|3|8|8|3|8|3|8|8|8
3881,6,True,3,11,3,3|2|4|6|3|3|3|0|3|0|6|3|3|6|6
3882,0,True,2,2,0,0|0|0|0|2|0|2|0|0|0|0|0|0|0|0
3924,6,True,3,14,3,3|6|3|3|2|3|3|3|3|3|3|3|3|2|3
3944,6,False,6,10,4,4|0|4|4|0|0|6|6|6|0|4|4|4|6|6
3968,6,True,0,6,6,6|6|6|6|0|6|6|0|6|0|0|6|0|6|0
3993,4,True,6,11,-1,4|8|4|6|0|2|6|2|8|8|2|8|4|2|4
4001,5,True,4,15,9,4|9|9|1|4|9|4|9|9|9|9|9|9|4|9
4025,2,True,3,12,3,1|2|3|0|3|5|3|3|3|3|9|6|2|2|3
4050,7,False,7,1,7,7|7|7|7|7|7|4|7|7|7|7|7|7|7|7
4091,4,False,4,12,6,6|0|6|6|4|4|0|0|6|8|2|6|0|6|4
4127,5,True,9,1,5,9|5|5|5|5|5|5|5|5|5|5|5|5|5|5
4130,7,True,5,11,5,7|7|7|5|5|5|5|8|1|5|5|1|5|5|7
4133,5,False,5,5,5,2|5|5|5|5|5|5|1|5|5|5|1|3|1|5
4151,0,True,1,15,1,1|2|1|1|1|3|1|1|1|1|2|1|6|3|1
4158,4,True,6,15,0,7|0|8|6|0|1|2|0|5|6|0|0|2|6|3
4162,3,False,3,7,3,2|2|3|3|2|3|3|3|3|2|2|3|2|3|2
4170,9,True,4,2,9,9|9|9|9|9|9|9|4|9|9|9|9|9|4|9
4174,7,False,7,7,7,7|7|7|4|7|9|4|7|5|7|5|7|7|4|9
4177,6,True,0,5,6,6|0|6|0|0|6|6|0|6|6|4|6|6|6|6
4178,9,True,8,15,8,3|8|8|8|8|8|3|8|8|8|8|8|8|8|8
4182,9,False,9,8,9,9|5|5|9|5|2|9|5|5|5|9|9|9|2|9
4201,7,True,5,12,5,7|5|5|5|1|2|7|7|5|5|5|5|5|1|5
4208,4,True,6,12,0,0|6|4|0|0|3|0|9|0|6|4|0|4|2|2
4224,6,True,0,4,6,0|0|6|0|0|6|6|6|6|6|6|6|6|6|6
4241,8,False,8,2,8,3|8|8|8|8|8|3|8|8|8|8|8|8|8|8
4247,4,False,4,9,-1,9|6|4|4|0|4|9|9|9|4|9|4|9|0|4
4250,1,False,1,9,1,0|3|1|6|1|7|1|1|1|3|1|3|2|8|3
4275,0,True,1,14,1,1|1|1|1|1|1|1|1|1|1|1|1|0|1|1
4289,0,True,1,15,1,1|1|1|1|7|1|1|1|1|7|7|1|7|1|1
4298,7,False,7,6,7,2|7|7|2|7|6|2|7|3|7|7|7|2|7|7
4299,3,True,5,12,5,5|5|8|5|8|3|5|5|1|5|3|5|3|5|7
4313,7,True,8,15,8,8|8|8|8|8|1|8|8|8|8|8|8|8|1|8
4336,7,True,1,4,7,1|7|7|1|7|7|7|1|7|7|7|7|7|1|7
4352,9,True,7,14,7,7|7|7|2|7|7|7|7|7|7|9|7|7|2|7
4355,0,True,2,5,0,0|0|4|0|0|0|0|9|0|0|0|4|0|4|4
4359,9,True,7,13,7,7|7|7|9|7|5|7|5|9|7|7|5|1|8|7
4366,0,True,1,10,1,1|1|1|1|0|0|1|1|1|1|0|1|0|1|0
4395,7,False,7,4,7,7|7|7|9|7|9|9|7|7|7|7|7|7|2|7
4431,4,True,1,15,1,1|1|1|1|1|0|7|1|1|1|1|1|1|1|1
4436,8,False,8,13,5,7|1|7|8|5|1|1|5|5|1|5|7|8|5|3
4455,6,True,0,14,0,0|0|0|0|0|0|0|0|0|0|0|0|0|6|0
4490,9,False,9,15,5,5|5|5|5|5|5|5|5|5|5|5|5|5|5|5
4513,6,True,2,11,-1,4|4|6|4|4|3|6|9|6|3|9|9|2|6|2
4529,1,True,5,15,5,0|2|7|5|5|5|5|7|5|5|7|5|5|8|5
4534,1,False,1,3,1,1|1|1|1|1|1|7|1|1|7|1|1|1|1|7
4546,6,True,0,6,6,0|0|0|6|0|6|0|6|6|6|6|6|6|6|0
4557,7,True,5,12,5,5|7|5|5|7|5|5|5|5|5|5|2|7|5|5
4584,9,True,7,10,7,9|7|7|9|7|9|9|7|7|7|7|9|7|7|7
4680,0,False,0,13,6,0|6|6|6|0|6|4|6|6|6|2|6|6|6|4
4712,6,True,0,6,6,0|6|0|0|0|6|6|6|6|0|6|6|6|6|0
4741,9,False,9,12,5,5|9|5|5|5|5|5|5|5|5|5|5|9|5|9
4775,9,False,9,13,5,9|5|5|5|5|5|5|5|5|5|5|5|9|5|5
4782,5,True,9,3,5,5|2|5|5|5|5|5|5|5|5|5|5|4|8|5
4795,6,False,6,10,-1,6|0|4|0|0|2|6|6|6|4|0|0|4|6|2
4798,8,False,8,6,8,7|7|8|8|7|8|8|8|7|8|7|8|8|8|5
4808,3,True,2,13,2,3|2|8|4|2|4|2|9|4|2|2|3|2|2|0
4812,7,True,5,5,7,7|7|7|1|5|7|7|0|5|7|7|2|7|7|7
4832,6,True,9,15,5,5|5|5|5|5|5|5|5|5|5|5|5|5|5|5
4846,4,False,4,6,4,2|4|4|4|4|4|9|4|3|4|9|3|4|3|4
4880,3,True,2,14,2,4|4|9|2|2|3|2|9|2|2|2|2|2|2|4
4902,1,True,8,14,8,8|8|1|8|8|8|8|0|8|8|8|8|8|8|8
4911,3,True,8,14,8,3|8|8|6|8|8|8|8|8|1|8|8|8|8|8
4950,9,True,4,13,4,0|0|9|4|4|9|4|0|4|4|4|4|4|4|4
4951,7,True,1,13,1,7|1|1|1|1|1|1|1|1|7|1|1|1|1|1
4998,8,False,8,4,8,1|1|8|8|8|8|8|8|8|8|8|1|1|8|8
5013,6,False,6,14,2,2|4|4|2|0|2|2|6|4|0|2|0|2|2|0
5015,6,False,6,12,4,4|4|4|4|4|6|4|4|6|4|4|4|4|6|4
5023,1,True,7,15,5,5|5|5|5|5|5|5|5|5|5|5|5|5|5|5
5024,0,True,1,4,0,0|0|0|1|0|1|0|1|0|0|0|0|0|1|0
5030,1,True,5,14,5,7|5|5|5|5|3|5|5|5|5|5|5|5|1|5
5043,0,True,2,2,0,0|0|0|0|0|2|0|0|2|0|0|0|0|0|0
5050,0,True,2,11,2,6|0|2|8|0|2|0|9|2|2|2|0|2|8|2
5051,6,True,0,7,6,0|6|6|0|0|0|6|0|6|6|6|6|6|0|0
5081,0,True,2,11,2,2|2|4|4|0|0|2|9|0|2|0|2|2|2|2
5109,8,False,8,10,-1,3|0|0|8|1|8|1|4|8|3|0|8|0|8|0
5110,2,False,2,13,-1,4|0|0|8|7|8|8|5|8|3|2|6|0|0|2
5132,6,True,4,12,4,4|4|0|6|4|4|2|6|4|6|8|4|2|4|4
5154,4,True,6,14,-1,4|6|0|0|0|9|6|6|6|3|6|0|0|6|0
5206,3,True,2,14,-1,4|4|6|2|2|6|6|4|4|2|2|3|2|6|4
5223,2,True,9,10,9,2|2|9|9|5|2|9|9|9|5|1|9|9|2|2
5240,5,True,8,15,8,7|8|8|8|8|7|1|8|8|8|8|8|8|8|1
5251,9,True,4,9,4,9|4|4|4|4|9|9|9|9|0|9|4|4|4|4
5276,2,True,7,12,7,7|7|7|2|7|7|2|7|7|7|7|7|7|2|7
5282,9,True,7,11,7,7|7|7|9|7|7|7|7|9|7|9|7|7|7|9
5293,9,True,7,13,7,7|7|7|9|7|9|7|7|7|7|7|7|7|7|7
5298,0,False,0,8,-1,4|0|6|0|0|6|0|6|6|0|0|0|6|6|6
5303,5,False,5,7,5,7|5|7|5|5|5|5|7|7|5|5|5|7|7|7
5304,7,False,7,2,7,7|7|7|9|7|7|7|7|7|7|7|7|5|7|7
5310,2,True,7,12,7,7|7|7|2|2|7|9|7|7|7|7|7|2|8|7
5314,2,False,2,8,2,2|2|0|0|2|0|2|6|0|2|4|0|2|2|4
5330,2,True,3,8,2,1|2|6|3|2|2|3|3|6|3|2|3|2|2|2
5357,0,False,0,12,6,6|6|4|0|0|3|4|6|6|6|6|3|6|6|0
5390,0,True,2,2,0,0|0|0|0|0|0|0|0|0|0|2|0|2|0|0
5391,7,True,5,10,5,7|5|5|5|7|5|7|5|5|5|5|7|7|5|5
5408,6,True,1,15,1,1|1|1|1|1|7|1|1|1|1|1|1|1|1|1
5423,0,True,2,5,0,0|0|4|0|0|0|0|4|4|0|0|4|0|4|0
5434,8,False,8,1,8,8|8|8|8|8|8|8|8|8|8|2|8|8|8|8
5438,2,True,3,14,3,3|6|3|8|1|3|3|3|3|0|2|3|3|3|3
5462,4,False,4,9,9,9|4|9|4|4|9|4|9|9|9|9|9|9|4|4
5468,7,False,7,3,7,7|7|1|7|7|7|7|7|7|7|1|7|9|7|7
5471,9,False,9,12,5,9|5|5|9|5|5|5|5|5|5|5|5|5|5|9
5481,1,True,5,11,5,1|5|1|1|5|5|5|5|1|5|5|7|5|5|5
5483,5,True,9,0,5,5|5|5|5|5|5|5|5|5|5|5|5|5|5|5
5502,9,False,9,14,5,5|5|5|5|5|5|5|5|5|5|5|5|9|5|5
5503,8,False,8,15,5,9|5|5|9|5|5|9|5|5|5|5|5|3|5|9
5504,5,False,5,11,-1,5|7|5|5|5|6|3|7|2|7|7|8|9|8|2
5508,4,False,4,4,4,9|4|4|4|4|4|4|9|3|4|4|4|2|4|4
5520,7,False,7,6,7,7|2|7|7|7|5|7|5|7|3|7|7|5|7|9
5530,4,False,4,3,4,4|0|4|4|4|4|4|9|4|0|4|4|4|4|4
5573,0,True,2,10,2,0|0|4|2|0|2|2|2|2|2|2|0|0|2|2
5602,3,True,7,15,7,7|7|7|0|7|7|7|7|7|7|7|7|7|4|7
5620,7,False,7,7,7,7|5|8|7|7|3|2|7|7|5|7|5|9|7|7
5623,5,False,5,8,5,5|5|7|7|5|2|3|5|5|5|8|5|1|2|2
5640,1,False,1,2,1,1|0|1|1|1|1|1|1|1|9|1|1|1|1|1
5653,5,True,9,1,5,9|5|5|5|5|5|5|5|5|5|5|5|5|5|5
5666,1,True,5,12,-1,1|1|7|1|7|8|5|7|5|2|5|7|9|2|5
5736,0,True,2,15,8,6|2|8|2|8|8|8|2|1|4|8|6|4|2|4
5742,4,False,4,10,9,9|4|4|9|9|9|9|4|9|4|9|9|9|4|9
5782,9,True,7,8,7,7|7|9|9|7|7|9|7|9|7|7|9|9|7|9
5804,6,False,6,1,6,6|6|6|6|0|6|6|6|6|6|6|6|6|6|6
5817,3,False,3,6,3,3|2|3|3|3|3|3|9|2|3|2|2|3|6|3
5829,4,True,6,3,4,4|4|4|4|4|6|4|4|4|4|4|8|4|6|4
5862,6,True,9,15,5,9|5|5|5|5|5|5|5|5|5|5|5|9|5|5
5872,2,False,2,9,2,2|2|8|4|5|2|2|8|2|3|8|3|8|6|2
5899,5,True,9,0,5,5|5|5|5|5|5|5|5|5|5|5|5|5|5|5
5903,8,True,7,14,5,9|5|5|5|5|8|5|5|5|5|2|5|9|5|9
5922,6,True,1,15,1,0|1|1|1|1|1|1|1|1|7|7|1|1|1|1
5968,2,True,4,13,4,4|0|4|4|4|2|8|6|4|6|4|4|4|4|2
6018,7,True,1,14,1,1|0|1|1|1|1|1|1|1|9|1|1|7|1|1
6035,4,True,1,14,1,1|1|1|1|1|1|1|1|1|4|1|1|1|1|1
6038,4,False,4,8,-1,4|4|4|3|9|9|9|9|9|9|4|4|9|4|4
6045,7,True,8,14,8,7|8|8|8|8|8|8|8|8|8|8|8|8|8|8
6046,6,False,6,15,2,2|0|0|2|0|0|2|2|2|0|2|0|2|2|2
6056,6,False,6,13,4,4|4|4|4|4|4|6|4|4|2|2|4|4|6|4
6068,2,True,3,8,2,2|2|3|0|2|2|2|3|0|3|3|3|3|2|2
6072,6,False,6,8,6,6|6|6|0|1|6|6|8|8|6|6|0|0|8|0
6077,3,False,3,8,3,1|0|1|8|3|3|3|3|2|3|3|3|2|6|6
6081,1,False,1,2,1,1|1|1|1|1|0|1|1|1|0|1|1|1|1|1
6110,6,False,6,3,6,6|6|6|6|4|6|4|6|6|6|6|6|6|6|4
6116,7,True,8,14,8,7|1|8|8|8|1|8|8|8|8|8|8|8|8|8
6132,1,False,1,1,1,1|1|1|1|1|7|1|1|1|1|1|1|1|1|1
6143,1,True,5,13,5,1|7|5|5|5|5|2|2|7|9|5|9|1|5|5
6147,9,True,7,13,7,7|7|7|9|7|7|7|7|7|7|7|7|7|7|9
6154,9,False,9,14,5,9|5|5|5|5|5|5|5|5|5|5|5|5|5|5
6190,1,False,1,2,1,1|1|1|1|1|7|1|1|1|9|1|1|1|1|1
6201,1,False,1,1,1,1|1|1|1|1|1|1|1|1|1|1|1|1|0|1
6206,6,True,3,14,-1,3|2|6|3|3|3|3|3|2|3|2|2|2|2|2
6244,6,True,0,5,6,0|6|0|6|0|6|6|0|6|6|6|6|6|6|0
6285,7,True,5,8,7,7|5|7|7|5|7|5|5|3|3|7|5|7|8|7
6307,2,True,3,12,3,2|3|3|3|3|2|2|3|3|3|3|3|0|4|3
6315,0,True,2,12,4,4|4|4|4|0|9|4|2|0|4|2|4|4|4|0
6320,9,False,9,15,5,5|5|5|5|5|5|5|5|5|5|5|5|5|5|5
6360,9,True,4,13,4,9|4|4|4|0|4|4|4|4|4|4|4|9|4|4
6378,6,False,6,14,4,4|4|4|4|4|4|4|4|4|4|4|4|9|6|4
6395,0,False,0,8,6,6|0|0|6|0|6|0|6|0|6|0|6|6|6|0
6413,2,True,3,10,3,2|2|3|3|2|2|3|3|3|3|3|3|3|2|3
6444,6,True,3,13,3,3|6|3|3|2|3|3|3|3|3|3|6|3|3|3
6478,1,True,8,11,8,1|8|1|0|8|6|8|0|1|3|2|8|8|1|4
6489,7,True,8,14,8,8|1|8|8|8|1|8|8|7|1|8|8|1|8|8
6498,9,True,4,9,4,9|4|4|4|4|4|9|4|9|9|9|4|9|4|4
6541,4,False,4,7,4,9|4|4|4|9|9|4|9|9|4|9|9|4|4|4
6543,7,False,7,3,7,7|7|1|1|7|7|7|7|7|7|7|7|9|7|7
6551,0,True,2,2,0,0|0|0|0|0|0|0|2|0|0|0|0|0|2|0
6553,1,True,5,9,1,1|5|3|5|5|8|1|1|5|3|7|3|1|1|1
6570,0,True,1,11,0,4|0|8|7|2|0|0|0|6|8|4|1|2|1|2
6582,2,True,5,15,5,5|5|1|5|5|7|5|7|5|5|7|5|3|5|5
6584,6,True,3,14,3,3|6|3|3|3|3|3|3|3|3|3|3|2|3|3
6590,4,False,4,7,4,9|4|4|4|9|4|4|9|9|4|9|9|9|4|4
6599,5,False,5,11,9,9|9|8|9|5|4|9|2|5|5|7|9|9|5|9
6632,8,True,6,15,6,6|6|4|6|0|6|6|6|6|6|6|6|0|6|6
6671,5,False,5,13,7,7|7|7|0|7|9|4|7|1|7|9|7|5|5|7
6731,7,True,5,13,5,8|5|5|5|5|5|5|5|5|5|7|6|7|5|5
6743,3,False,3,7,3,0|3|6|3|1|6|3|3|3|6|3|6|3|3|0
6757,0,False,0,12,6,0|0|4|0|4|6|6|6|6|6|6|6|6|6|6
6765,0,True,2,0,0,0|0|0|0|0|0|0|0|0|0|0|0|0|0|0
6778,5,False,5,7,5,3|5|1|1|5|3|1|5|5|5|5|5|1|1|5
6805,1,True,3,13,6,1|2|6|3|1|3|6|3|6|3|6|6|3|2|6
6809,9,False,9,12,5,9|5|5|5|9|9|5|5|5|5|5|5|5|5|5
6826,1,False,1,2,1,1|1|1|1|1|0|7|1|1|1|1|1|1|1|1
6832,5,False,5,4,5,1|5|5|3|5|5|5|5|5|2|5|2|5|5|5
6846,5,False,5,6,5,7|7|5|9|5|5|5|5|5|3|5|5|5|2|7
6849,0,True,2,8,2,0|2|0|2|0|2|0|2|0|2|2|2|0|0|2
6851,2,True,7,14,5,1|1|5|1|1|3|5|5|5|1|7|5|2|8|5
6859,7,False,7,6,7,7|1|5|3|7|7|7|7|7|5|9|7|7|5|7
6872,9,True,4,14,4,4|4|4|4|8|9|4|3|2|4|4|4|4|4|4
6897,1,True,3,13,3,2|0|3|3|2|3|0|1|1|0|3|3|2|6|2
6914,5,False,5,4,5,7|7|5|5|5|7|7|5|5|5|5|5|5|5|5
6919,7,True,8,14,8,7|8|8|8|8|8|8|8|8|8|8|8|8|8|8
6932,4,True,7,13,7,7|7|7|4|7|7|7|7|7|7|7|7|7|4|7
6935,6,False,6,8,-1,6|6|4|4|0|6|4|6|4|4|6|4|6|6|4
6937,5,True,9,3,5,9|5|5|5|5|5|5|5|5|5|5|5|9|5|9
6941,9,True,4,14,-1,6|6|0|4|0|9|6|6|6|0|4|4|0|0|2
6950,9,False,9,15,5,5|5|5|5|5|5|5|5|5|5|5|5|5|5|5
6957,9,False,9,15,5,5|5|5|5|5|5|5|5|5|5|5|5|5|5|5
6962,0,True,1,8,1,1|0|0|0|0|1|1|1|0|0|1|1|0|1|1
6974,1,False,1,5,1,7|1|1|1|1|7|1|1|7|7|1|1|7|1|1
6989,3,True,8,15,8,5|8|8|8|8|8|8|8|0|8|8|8|4|8|9
6991,5,True,9,8,5,2|2|5|9|5|5|9|5|5|5|9|5|9|8|9
7005,6,True,0,3,6,0|6|6|6|6|4|6|6|6|6|6|6|6|6|4
7008,7,False,7,0,7,7|7|7|7|7|7|7|7|7|7|7|7|7|7|7
7035,3,True,2,11,2,3|2|2|2|2|0|0|2|3|2|2|3|2|2|3
7036,7,False,7,3,7,7|7|7|2|7|8|7|7|8|7|7|7|7|7|7
7048,0,True,2,3,0,0|0|0|0|0|0|0|0|0|2|0|4|2|0|0
7050,7,True,1,15,1,1|0|0|0|5|6|1|1|2|1|1|1|1|1|3
7053,4,True,1,13,0,1|0|0|0|1|1|9|0|0|4|2|0|4|2|1
7083,8,False,8,1,8,8|8|8|8|8|3|8|8|8|8|8|8|8|8|8
7108,2,False,2,9,2,4|2|4|2|2|3|0|3|2|3|2|3|3|6|2
7120,9,True,7,3,9,9|9|9|9|2|9|9|7|9|7|9|9|9|9|9
7124,9,False,9,8,9,9|5|5|9|5|2|9|5|9|2|9|9|9|2|5
7134,9,False,9,13,5,9|5|5|5|5|5|5|5|5|5|5|5|5|5|9
7145,0,False,0,10,0,5|0|4|0|2|6|0|0|6|2|3|0|6|8|6
7154,3,True,5,14,7,7|2|7|1|5|3|7|5|1|5|7|7|9|7|5
7163,5,True,9,2,5,9|5|5|5|5|5|5|5|5|5|5|5|9|5|5
7174,1,False,1,2,1,7|1|1|1|1|7|1|1|1|1|1|1|1|1|1
7179,3,True,8,13,8,3|8|8|8|8|8|8|8|8|8|8|8|3|8|8
7194,9,True,7,12,7,7|7|7|9|7|7|7|7|9|7|9|7|7|7|7
7215,7,False,7,6,7,7|7|7|2|2|2|2|7|7|2|7|7|2|7|7
7227,5,False,5,2,5,5|5|5|5|3|5|5|5|5|3|5|5|5|5|5
7256,7,False,7,3,7,7|7|7|7|7|7|2|7|7|7|7|7|9|9|7
7262,9,True,7,15,7,7|7|7|8|7|7|3|7|5|7|7|7|7|7|7
7271,4,False,4,9,9,9|4|4|9|9|9|9|4|9|4|2|9|9|4|4
7275,9,True,4,6,9,9|9|4|9|4|9|9|4|9|4|9|4|9|4|9
7306,0,False,0,8,-1,6|0|4|0|0|6|6|6|0|0|0|6|6|6|0
7312,1,True,8,13,8,1|8|8|8|8|8|8|7|8|8|8|8|8|1|8
7360,0,False,0,14,6,6|2|4|4|0|6|1|4|6|2|6|6|2|2|5
7396,9,False,9,12,5,9|5|5|5|9|5|5|5|5|5|5|9|5|5|5
7406,2,False,2,6,2,2|2|0|2|0|0|2|2|2|2|2|0|0|0|2
7409,3,True,2,15,4,0|4|4|4|4|0|4|4|9|2|4|4|0|4|2
7425,0,True,2,8,0,6|1|8|8|0|2|0|0|0|3|7|0|0|2|0
7431,9,True,4,7,9,4|9|4|4|9|9|9|9|9|4|4|9|9|4|4
7464,6,True,3,14,3,3|3|3|2|5|3|3|3|3|3|3|3|0|6|2
7470,4,True,6,14,6,6|6|4|2|0|3|6|6|6|6|0|6|6|9|6
7481,2,False,2,6,2,3|2|8|4|2|2|2|6|2|2|2|4|2|2|3
7534,0,False,0,7,0,6|6|0|0|0|6|6|0|0|0|0|6|6|6|0
7542,7,True,1,15,-1,1|1|0|1|0|1|0|1|1|9|0|1|0|0|0
7548,9,True,4,10,4,4|4|4|4|4|9|4|9|4|9|9|9|4|4|4
7549,8,False,8,2,8,1|8|8|8|8|8|3|8|8|8|8|8|8|8|8
7550,4,True,6,11,-1,1|4|4|0|0|4|0|9|4|6|2|6|2|6|0
7565,8,False,8,7,8,1|8|8|8|4|5|8|8|8|3|7|5|1|8|8
7593,6,True,0,14,8,8|6|1|8|2|3|3|8|8|3|8|8|0|3|3
7608,4,True,6,12,3,3|4|4|0|3|0|2|9|2|0|2|4|3|3|3
7616,6,True,0,15,-1,1|1|1|8|8|9|1|8|4|8|9|1|8|8|1
7618,2,False,2,13,0,0|0|4|0|0|0|0|0|0|2|0|4|2|0|0
7619,2,False,2,15,4,0|4|4|4|4|6|6|0|4|0|4|4|4|4|4
7639,5,True,9,2,5,9|5|5|5|5|5|5|5|5|5|5|5|9|5|5
7667,0,False,0,9,0,0|6|6|0|0|2|6|6|0|2|0|0|3|2|3
7679,6,False,6,15,8,8|8|8|8|8|8|8|8|8|8|8|8|8|8|8
7689,2,True,3,14,3,0|1|6|3|0|6|3|3|3|3|2|1|0|6|3
7695,2,True,9,9,-1,5|2|5|2|9|2|9|2|5|2|9|9|2|9|9
7714,2,True,3,15,3,4|0|4|0|1|3|6|3|3|3|3|1|9|0|4
7730,2,True,3,13,3,2|3|3|3|2|3|3|3|3|3|3|3|3|6|3
7739,4,True,5,15,5,7|5|5|7|5|5|5|5|5|2|5|5|3|5|5
7744,9,True,4,7,9,9|4|4|4|4|9|4|4|9|9|9|9|9|4|9
7746,7,True,5,15,5,3|5|5|5|5|6|5|5|5|5|5|5|5|5|5
7752,9,True,4,9,4,4|4|4|4|9|9|4|9|9|9|9|4|4|4|4
7765,0,True,2,6,0,0|6|4|2|2|0|0|0|0|0|2|6|0|0|0
7797,2,True,9,15,5,9|5|5|5|5|5|5|5|5|5|5|5|9|5|5
7801,9,True,7,8,-1,7|7|7|2|9|9|7|7|9|9|9|9|9|7|7
7816,8,True,6,15,4,4|6|4|4|4|6|4|4|4|4|4|4|4|6|4
7863,9,True,7,9,-1,9|7|5|9|9|5|9|9|5|7|5|5|9|5|7
7872,0,True,2,10,2,3|2|0|2|2|6|2|2|0|2|0|2|2|0|0
7888,9,True,6,14,4,4|4|4|4|4|9|4|4|4|4|4|4|4|6|2
7896,7,True,1,15,1,0|1|0|1|1|1|0|1|1|9|0|1|1|1|1
7925,5,True,9,0,5,5|5|5|5|5|5|5|5|5|5|5|5|5|5|5
7936,5,True,9,1,5,5|5|5|5|5|5|5|5|5|5|5|5|9|5|5
7944,6,True,0,5,6,0|6|6|0|0|6|6|0|0|6|6|6|6|6|6
7956,6,True,0,7,6,6|0|0|0|0|0|0|6|6|6|6|6|6|6|0
7962,8,False,8,3,8,1|8|8|8|1|1|8|8|8|8|8|8|8|8|8
7978,3,True,2,15,4,4|9|4|4|9|9|4|9|9|4|9|4|4|4|4
7989,7,True,5,12,5,7|5|5|1|5|2|5|5|5|7|5|5|7|5|5
8012,0,True,2,6,0,0|2|0|0|2|0|0|0|0|2|2|0|2|2|0
8094,8,False,8,2,8,1|7|8|8|8|8|8|8|8|8|8|8|8|8|8
8103,0,True,1,10,1,1|0|1|1|1|0|0|1|1|1|1|1|1|0|0
8111,7,False,7,6,7,7|7|7|1|7|7|7|9|7|7|9|9|9|9|7
8133,0,True,2,14,6,6|2|6|2|0|6|6|6|6|2|3|6|2|6|2
8137,4,False,4,13,0,0|2|4|0|0|3|0|0|1|2|0|4|2|6|0
8143,2,True,5,9,5,5|2|5|2|5|2|2|5|2|2|5|5|5|5|5
8172,4,False,4,9,-1,4|4|4|9|5|4|4|9|9|0|9|9|9|4|0
8176,0,True,1,12,1,1|1|1|1|1|0|1|1|1|1|0|1|1|1|0
8193,7,True,5,11,5,7|5|5|5|5|5|7|5|5|5|7|5|5|5|7
8214,5,True,9,0,5,5|5|5|5|5|5|5|5|5|5|5|5|5|5|5
8228,2,True,3,12,3,2|6|3|3|2|3|3|3|3|3|3|3|2|3|3
8234,9,True,7,14,7,7|7|7|9|7|7|7|7|7|7|7|7|7|7|7
8235,2,False,2,15,4,4|4|4|9|0|0|9|4|9|4|4|4|9|4|4
8250,6,True,9,15,5,9|5|5|5|5|5|5|5|9|5|9|5|9|5|5
8265,4,False,4,5,4,9|4|4|4|9|9|4|4|4|2|9|4|4|4|4
8273,6,True,0,8,-1,6|6|4|6|0|6|6|0|0|6|6|0|0|0|0
8278,8,False,8,8,8,8|8|8|8|8|7|3|5|3|4|3|3|8|3|8
8310,4,True,6,11,6,6|6|4|0|4|6|6|4|6|6|6|6|6|6|4
8314,6,True,0,12,-1,2|6|3|2|3|1|6|3|6|2|2|4|3|4|0
8322,4,True,6,13,6,1|0|6|6|4|0|6|6|6|6|6|6|6|6|4
8341,9,True,7,11,7,7|7|7|2|7|9|7|7|9|9|9|7|7|7|7
8345,9,True,4,12,4,9|4|4|4|4|3|4|4|4|4|4|9|9|4|4
8362,0,True,1,12,1,1|1|1|1|1|1|1|1|1|1|0|0|0|1|1
8367,4,False,4,8,4,4|0|4|2|9|4|2|4|9|2|9|0|4|4|4
8375,6,False,6,13,4,4|4|4|4|4|6|4|4|4|4|4|6|4|4|4
8376,5,False,5,2,5,3|5|5|5|5|5|5|5|5|5|5|3|5|5|5
8382,8,False,8,0,8,8|8|8|8|8|8|8|8|8|8|8|8|8|8|8
8388,8,False,8,3,8,3|8|8|8|8|3|8|8|8|3|8|8|8|8|8
8433,6,True,3,15,3,3|2|3|2|3|3|3|3|2|3|3|3|3|3|2
8452,7,True,1,13,1,1|1|1|1|1|1|7|1|1|1|7|1|1|1|1
8466,7,False,7,7,7,2|7|7|2|2|7|2|5|7|3|7|5|7|7|7
8558,0,True,2,4,0,0|0|8|0|0|0|0|0|0|2|0|0|2|2|0
8562,3,False,3,5,3,1|2|3|3|2|3|3|3|0|3|2|3|3|3|3
8592,9,True,7,10,5,5|5|5|5|5|5|9|5|5|9|9|5|9|5|9
8636,6,False,6,12,4,8|4|6|3|4|8|4|4|0|6|9|4|2|6|2
8696,7,False,7,4,7,4|7|7|7|7|7|2|5|7|7|7|7|4|7|7
8710,8,False,8,5,8,3|8|8|8|8|9|3|8|8|3|8|8|8|8|3
8714,6,True,3,15,3,3|3|3|3|3|3|3|3|3|3|3|3|3|3|3
8715,5,False,5,13,7,7|7|7|6|7|7|7|7|1|3|5|7|7|7|5
8725,3,True,2,13,0,0|2|8|0|0|0|3|6|6|3|2|5|0|4|2
8729,6,True,0,9,0,6|0|0|0|0|0|6|0|0|0|6|6|6|6|0
8730,5,False,5,6,5,3|5|5|5|5|5|7|5|5|7|7|7|7|5|5
8743,0,False,0,8,6,6|0|0|0|0|6|6|0|6|6|0|6|0|6|6
8750,4,True,6,13,6,6|6|6|4|0|6|6|6|6|6|6|6|6|6|4
8751,6,True,2,14,9,9|4|4|9|0|9|2|9|4|2|4|0|9|6|2
8772,3,False,3,6,3,2|2|3|3|2|3|3|3|2|3|2|3|3|2|3
8774,9,True,7,6,9,9|7|9|9|7|9|9|7|9|7|9|9|7|7|9
8791,4,False,4,6,4,4|2|4|4|4|6|4|9|4|4|9|9|9|4|4
8806,6,False,6,11,4,2|0|4|4|4|6|3|6|0|3|4|3|4|6|6
8818,7,False,7,7,7,9|7|9|9|7|7|7|7|7|9|7|9|9|7|9
8824,9,False,9,14,5,5|5|5|5|5|5|5|5|5|5|5|5|9|5|5
8826,2,True,5,14,5,7|2|5|5|5|5|1|5|8|5|5|7|1|5|1
8833,9,True,7,13,7,2|7|7|7|7|9|7|7|7|9|1|7|7|7|7
8840,0,False,0,9,-1,0|0|0|6|0|0|6|7|0|6|9|6|6|6|3
8842,5,False,5,3,5,1|5|5|5|5|5|5|5|7|5|5|5|1|5|5
8854,0,True,1,14,1,1|1|4|1|1|0|1|1|1|1|1|1|1|1|1
8865,0,False,0,8,6,6|0|6|6|0|6|6|0|6|0|0|6|0|6|0
8873,6,True,1,14,1,1|7|1|1|1|7|1|1|6|1|7|1|7|1|1
8876,9,True,4,8,9,3|4|4|9|0|9|4|9|9|4|9|9|4|4|9
8887,9,True,7,12,7,7|9|5|9|5|5|7|7|5|7|7|7|9|7|7
8912,6,False,6,6,6,0|6|4|6|0|0|6|6|6|6|6|6|0|6|4
8923,0,False,0,8,-1,6|6|6|0|0|0|0|6|0|0|6|6|0|6|4
8935,0,True,2,5,0,0|0|0|0|0|2|0|0|4|0|2|2|0|2|0
8947,3,True,9,14,5,9|5|5|5|5|5|3|5|5|5|5|7|5|5|5
8953,5,True,9,1,5,5|5|5|5|5|5|5|5|5|5|5|5|9|5|5
8964,9,True,4,13,4,4|4|4|4|4|9|4|4|4|4|4|4|9|4|4
8983,7,False,7,4,7,7|7|7|1|7|7|9|7|7|7|5|7|9|7|7
8994,1,False,1,8,-1,0|0|0|1|0|0|1|1|0|9|1|1|1|1|0
8999,4,True,7,13,7,1|4|4|7|7|7|0|7|7|7|7|7|7|7|9
9013,2,False,2,10,0,0|0|0|0|2|0|2|0|0|2|2|0|0|6|2
9015,9,True,4,9,4,4|4|4|4|4|9|4|9|9|9|4|9|9|4|4
9019,6,True,0,15,9,4|9|4|9|9|9|4|9|4|9|9|4|4|4|9
9029,5,True,9,0,5,5|5|5|5|5|5|5|5|5|5|5|5|5|5|5
9050,0,True,1,12,1,1|1|1|1|1|0|1|1|1|1|1|1|0|1|0
9055,5,True,9,1,5,9|5|5|5|5|5|5|5|5|5|5|5|5|5|5
9074,4,False,4,4,4,4|4|4|4|4|9|4|9|9|4|4|4|9|4|4
9102,0,False,0,10,6,6|0|6|6|0|0|6|0|6|6|6|6|0|6|6
9111,5,True,9,0,5,5|5|5|5|5|5|5|5|5|5|5|5|5|5|5
9126,7,False,7,5,7,9|7|9|9|7|7|9|7|7|7|7|7|7|9|7
9132,2,False,2,15,9,4|9|4|9|0|9|4|9|9|9|9|4|9|9|9
9138,2,True,5,12,5,5|5|5|5|5|2|5|5|5|5|7|5|5|2|2
9156,6,True,3,12,3,3|2|3|3|3|3|3|3|3|3|6|3|6|3|6
9164,4,True,7,13,7,7|7|7|4|7|7|7|7|4|7|7|7|7|7|7
9237,9,True,4,10,4,9|4|4|9|0|4|4|4|4|0|9|9|9|4|2
9278,6,False,6,10,6,4|8|4|1|0|6|2|8|1|6|3|6|6|6|2
9283,3,False,3,6,3,8|6|3|7|3|3|3|3|7|3|2|3|7|3|3
9286,6,True,0,9,0,0|6|0|0|0|0|6|0|6|6|0|6|0|6|0
9308,6,True,0,4,6,6|6|0|0|0|6|6|6|6|6|6|6|6|6|0
9314,2,False,2,15,4,9|4|4|4|9|4|4|9|4|4|9|9|6|4|4
9333,7,True,1,11,1,1|1|1|1|1|7|7|1|1|1|1|1|7|1|7
9335,2,True,9,15,5,5|5|5|5|5|5|5|5|5|5|5|5|5|5|5
9344,4,False,4,9,9,4|9|4|4|9|9|4|4|9|9|9|9|9|4|9
9417,8,False,8,5,8,8|8|8|3|8|8|7|9|3|7|8|8|8|8|8
9427,9,True,7,14,7,9|7|7|1|7|7|3|7|7|7|7|7|7|2|7
9437,6,True,0,2,6,6|6|6|6|6|6|6|6|0|6|6|6|6|6|4
9439,7,False,7,5,7,7|7|5|2|7|7|7|7|7|7|2|7|9|7|9
9458,9,False,9,10,2,9|9|5|9|7|6|2|2|2|2|2|9|2|5|9
9479,3,True,5,14,5,3|5|5|5|5|1|5|5|5|5|5|5|5|5|5
9488,4,True,6,15,3,0|0|6|1|2|3|3|3|6|3|2|1|2|6|3
9508,5,False,5,14,7,1|1|1|9|7|7|7|7|3|7|9|1|9|5|7
9511,1,True,5,15,5,7|2|5|5|5|5|5|5|7|5|7|5|7|5|5
9521,3,True,7,15,7,7|1|7|1|7|5|5|5|5|5|9|7|7|1|7
9532,6,False,6,14,-1,0|0|0|0|8|8|8|9|0|8|0|8|8|6|2
9533,0,True,2,0,0,0|0|0|0|0|0|0|0|0|0|0|0|0|0|0
9556,3,True,2,12,9,9|4|9|3|9|9|4|9|9|3|9|3|4|4|4
9588,4,False,4,11,4,1|4|4|3|3|6|6|4|8|0|9|3|5|2|4
9590,9,True,7,15,7,7|7|5|5|5|5|7|3|7|7|5|7|8|8|7
9595,1,False,1,0,1,1|1|1|1|1|1|1|1|1|1|1|1|1|1|1
9599,8,False,8,4,8,3|8|8|8|8|8|3|8|8|3|8|8|3|8|8
9645,4,False,4,9,-1,4|2|4|2|8|3|2|8|4|2|2|4|2|4|4
9657,6,True,0,10,0,0|6|0|0|6|6|6|0|6|0|0|0|3|0|0
9663,3,True,8,13,8,7|8|8|8|3|8|1|8|8|3|8|7|8|8|5
9672,4,True,6,2,4,4|4|4|4|4|4|4|4|6|4|4|6|4|4|4
9677,1,True,5,10,-1,5|1|3|1|1|1|3|5|5|3|5|3|3|5|1
9692,4,False,4,15,0,2|0|2|0|0|2|8|2|6|3|8|0|0|0|9
9694,9,True,7,15,7,7|7|7|3|7|7|7|2|7|7|7|7|7|7|7
9712,8,True,1,15,1,1|1|7|1|7|0|1|1|6|9|1|1|1|6|1
9716,2,True,3,13,3,2|2|3|3|3|3|3|3|3|3|3|3|3|3|3
9742,6,True,0,4,6,6|0|6|6|0|0|6|0|6|6|6|6|6|6|6
9752,5,False,5,9,5,3|5|7|5|1|5|5|7|8|5|5|3|1|7|3
9780,3,False,3,13,7,7|7|1|8|0|3|0|7|7|7|7|7|8|0|3
9781,3,True,2,14,9,4|4|4|9|9|9|9|9|9|3|9|4|9|4|9
9788,1,True,8,12,8,1|4|4|0|1|8|8|0|9|8|2|1|5|4|8
9815,9,True,4,9,4,4|9|4|4|9|9|9|9|4|4|4|4|9|4|4
9850,4,True,7,14,7,7|7|7|4|7|7|7|7|7|7|7|7|7|7|7
9914,5,True,9,0,5,5|5|5|5|5|5|5|5|5|5|5|5|5|5|5
9952,3,True,2,13,9,9|4|4|2|0|9|3|9|4|3|9|9|2|9|4
9953,0,True,1,15,1,7|1|1|1|1|1|7|1|1|1|1|1|1|1|1
9956,4,True,6,5,4,6|4|4|4|0|6|0|4|4|0|4|4|4|4|4
9970,8,True,6,15,4,4|4|4|4|0|2|4|4|4|2|4|2|6|4|4
9993,9,True,4,10,4,9|4|4|9|4|4|4|9|9|4|4|4|4|9|4
10020,1,True,8,14,8,8|7|8|8|8|8|1|8|8|8|8|8|8|8|8
10021,2,False,2,8,2,3|2|9|9|0|0|0|9|2|2|2|2|0|2|2
10040,5,True,9,0,5,5|5|5|5|5|5|5|5|5|5|5|5|5|5|5
10043,6,False,6,12,4,4|6|4|4|0|4|6|4|4|4|4|4|4|6|4
10046,6,False,6,15,2,2|2|4|2|0|2|0|2|0|4|0|2|2|2|2
10050,3,False,3,13,2,3|4|4|0|2|3|6|6|6|2|2|0|2|2|6
10062,6,False,6,14,4,3|4|4|8|1|6|2|2|4|4|4|4|0|2|0
10065,0,False,0,15,6,4|6|4|6|4|2|6|6|6|6|6|6|6|6|6
10067,3,False,3,3,3,3|6|3|3|2|3|3|3|3|3|3|3|3|6|3
10084,7,False,7,10,9,9|5|5|7|7|9|9|7|9|5|7|9|9|7|9
10088,9,True,7,10,7,9|7|7|9|7|7|7|7|7|9|9|7|7|7|9
10098,7,False,7,10,9,9|7|5|9|7|7|7|2|9|7|9|5|9|9|9
10104,9,True,4,10,4,9|4|4|4|2|9|2|4|4|9|9|4|9|4|2
10115,9,True,4,10,4,9|4|6|4|9|9|4|6|4|6|9|4|9|4|4
10117,9,True,4,6,9,4|4|4|4|9|4|9|9|9|9|9|9|9|4|9
10137,5,False,5,9,1,1|1|1|1|1|1|5|5|5|5|5|1|1|5|1
10143,6,True,0,5,6,0|6|6|0|0|6|6|0|6|6|0|6|6|6|6
10146,0,True,1,12,1,1|1|6|6|1|6|8|1|0|3|2|0|3|4|0
10149,2,True,3,12,-1,3|6|4|6|0|3|3|9|2|2|0|4|2|8|0
10151,4,False,4,9,9,9|9|4|4|9|4|9|4|9|4|9|9|9|4|9
10161,7,True,5,7,7,7|7|5|7|5|7|7|5|5|5|5|5|7|7|7
10178,8,False,8,7,8,8|8|8|3|8|3|3|3|8|3|8|3|3|8|8
10208,2,False,2,15,8,7|6|8|8|9|6|6|8|4|8|7|8|8|8|9
10212,5,True,9,1,5,9|5|5|5|5|5|5|5|5|5|5|5|5|5|5
10222,8,False,8,3,8,8|8|8|8|7|1|8|8|8|8|8|8|6|8|8
10249,9,True,4,12,4,4|2|4|9|9|6|4|4|6|9|4|3|2|4|2
10278,3,True,5,15,5,5|1|5|5|5|5|5|5|5|5|5|5|5|5|1
10286,2,False,2,13,0,2|0|0|0|0|8|0|0|0|2|0|0|0|0|0
10294,3,False,3,9,2,3|2|6|2|1|3|2|3|2|3|3|2|2|2|3
10302,7,True,5,10,5,7|7|5|5|5|5|7|5|5|5|7|1|7|5|5
10323,5,True,4,15,4,4|6|4|4|4|0|6|4|4|4|4|4|9|2|4
10324,0,True,2,2,0,0|0|4|0|0|0|0|0|0|0|0|2|0|0|0
10333,4,False,4,4,4,4|4|4|4|4|9|4|4|6|9|4|4|9|4|4
10336,9,False,9,15,5,5|5|5|5|5|5|5|5|5|5|5|5|5|5|5
10361,6,False,6,4,6,6|6|6|0|0|6|6|0|6|6|6|6|6|6|0
10373,2,False,2,12,4,4|2|4|4|8|6|4|9|6|6|4|9|2|6|2
10388,0,False,0,14,-1,4|4|4|4|0|6|6|6|6|3|6|3|4|6|4
10399,1,True,5,14,5,8|5|5|7|5|5|1|7|5|7|5|7|5|5|3
10403,6,True,3,13,3,3|6|3|3|2|3|3|3|3|3|3|3|3|6|3
10420,8,False,8,15,6,1|6|1|0|3|6|4|3|6|3|2|1|4|6|6
10427,1,True,8,14,8,7|9|5|8|7|8|1|7|8|8|7|8|8|8|8
10448,4,False,4,4,4,4|4|4|0|4|6|4|4|4|0|9|4|4|4|4
10487,3,True,8,12,8,3|8|8|8|8|3|3|8|8|8|8|8|8|8|8
10534,6,True,3,12,3,6|4|3|3|3|3|3|3|3|8|3|6|3|3|6
10552,0,False,0,9,4,3|4|4|4|0|4|0|4|0|0|4|0|0|6|4
10564,0,True,2,7,0,0|4|8|0|0|2|0|0|0|0|2|6|0|2|4
10577,5,True,9,8,9,5|9|5|9|5|5|5|5|9|9|9|9|9|9|5
10593,3,True,8,13,8,8|8|8|8|8|3|8|8|8|8|8|8|3|8|8
10606,9,False,9,13,5,9|5|5|5|5|5|5|5|5|5|5|5|9|5|5
10635,2,True,3,11,3,3|2|3|3|3|6|3|3|3|3|2|3|2|3|2
10639,4,True,1,15,1,1|1|1|1|1|1|1|1|1|1|7|1|1|1|1
10650,8,False,8,15,9,9|4|4|4|9|9|9|4|9|9|9|9|4|4|4
10661,7,False,7,6,7,7|7|7|9|7|9|9|7|5|7|9|7|7|8|7
10673,5,False,5,8,5,5|5|3|8|5|5|5|7|2|3|2|8|5|5|2
10675,3,False,3,11,4,4|4|4|4|0|6|4|3|4|3|3|3|1|6|4
10701,4,True,6,14,-1,0|6|3|6|2|8|6|5|8|2|8|4|8|6|3
10725,6,True,0,6,6,0|6|4|6|0|6|6|6|0|6|6|6|0|6|0
10756,9,True,5,15,5,1|5|1|1|5|7|5|1|1|5|5|5|1|8|5
10757,9,True,8,15,8,7|8|8|8|8|7|8|8|8|8|8|8|7|3|8
10760,6,True,3,11,3,3|6|3|3|2|6|3|3|3|6|3|9|3|6|3
10776,7,True,8,11,8,8|8|8|8|8|7|1|8|8|8|7|7|7|8|8
10783,9,True,4,7,9,9|4|9|4|9|9|9|4|4|6|9|4|9|4|9
10802,7,False,7,5,7,7|7|7|9|7|9|7|2|9|7|7|7|9|7|7
10822,9,True,7,13,7,7|7|7|9|7|7|7|7|7|9|7|7|7|7|7
10823,7,True,5,5,7,7|7|5|5|5|7|7|7|7|5|5|7|7|7|7
10831,4,True,6,12,6,6|6|4|4|0|6|6|3|4|8|6|6|6|6|6
10835,2,False,2,9,0,2|2|4|0|8|2|2|0|0|2|0|0|0|2|0
10838,0,False,0,12,6,6|6|6|6|0|6|6|0|6|6|6|6|0|6|3
10843,5,True,9,2,5,5|5|5|5|5|5|9|5|5|5|5|5|9|5|5
10927,4,True,6,2,4,4|4|4|4|9|6|4|4|4|4|4|4|4|4|4
10928,6,True,0,2,6,6|6|6|0|6|6|6|6|6|6|6|6|6|6|4
10930,7,True,8,14,8,8|8|8|8|8|7|8|8|8|8|8|1|8|8|8
10939,3,True,2,9,3,7|0|6|3|9|3|6|9|8|3|3|4|3|6|3
10987,8,False,8,4,8,3|8|8|8|8|8|3|3|8|8|8|8|8|3|8
11025,8,True,1,15,1,1|1|1|1|1|1|1|1|1|1|2|1|1|1|1
11031,0,False,0,9,6,6|6|4|6|0|6|0|0|6|0|0|6|0|6|3
11057,8,False,8,5,8,3|8|8|8|8|8|3|8|8|3|8|3|3|8|8
11063,6,False,6,4,6,4|6|6|6|4|6|6|6|6|6|6|6|4|6|4
11083,5,False,5,6,5,5|5|5|1|5|1|1|1|5|5|5|1|1|5|5
11093,4,True,6,6,4,4|6|4|4|0|6|4|4|4|2|4|0|4|6|4
11098,3,True,8,10,8,3|8|8|8|8|3|3|8|8|3|8|8|3|8|8
11119,5,True,9,1,5,9|5|5|5|5|5|5|5|5|5|5|5|5|5|5
11122,3,False,3,6,3,1|2|3|3|2|3|3|3|3|3|2|3|0|3|2
11126,0,True,2,11,2,0|2|0|2|2|2|2|9|2|0|2|2|2|0|2
11138,7,True,1,10,1,7|1|1|1|1|7|7|1|1|7|7|1|1|1|1
11153,5,True,9,0,5,5|5|5|5|5|5|5|5|5|5|5|5|5|5|5
11161,6,True,1,15,1,1|1|1|1|1|1|1|1|1|9|1|1|1|1|1
11193,6,True,9,15,2,2|2|5|2|7|2|2|2|2|2|9|5|5|7|9
11198,3,True,5,14,7,3|7|7|1|5|5|5|7|7|5|5|7|7|7|1
11207,9,True,4,15,4,4|4|4|4|4|2|6|6|4|4|8|4|4|6|4
11208,9,True,4,7,9,4|9|4|4|4|4|9|9|9|9|9|9|4|4|9
11224,3,False,3,5,3,3|6|3|3|2|6|3|3|2|3|3|3|3|6|3
11231,6,True,0,6,6,0|6|0|0|0|6|6|6|6|0|6|6|6|6|0
11243,8,False,8,1,8,8|8|8|8|8|9|8|8|8|8|8|8|8|8|8
11253,0,True,1,12,1,1|1|1|1|1|1|0|1|0|1|1|1|1|0|1
11267,6,True,0,5,6,6|0|0|0|0|6|6|6|6|6|6|6|6|6|0
11271,3,True,5,15,5,1|5|7|1|5|7|5|1|5|5|5|5|5|1|5
11283,9,True,7,8,7,9|7|7|9|7|9|7|7|9|7|7|9|9|7|9
11295,6,False,6,14,4,4|4|4|4|4|4|4|4|4|4|4|6|4|4|4
11324,7,True,1,15,1,1|1|1|1|1|1|0|1|1|1|1|1|1|1|1
11381,4,False,4,7,4,4|4|9|4|4|9|9|4|9|4|9|9|9|4|4
11383,3,True,2,15,2,2|2|4|2|0|0|2|2|2|2|9|2|0|2|2
11406,4,False,4,3,4,9|9|4|4|9|4|4|4|4|4|4|4|4|4|4
11414,5,True,9,7,5,9|5|5|5|7|8|5|7|5|5|9|7|5|5|7
11440,5,False,5,5,5,5|5|5|5|9|7|5|7|5|6|5|5|9|5|5
11450,2,False,2,15,0,0|0|0|0|0|0|0|0|0|0|0|0|0|0|0
11466,9,True,7,9,-1,9|7|7|1|5|9|9|7|7|5|7|9|9|7|9
11471,3,True,5,14,5,5|5|5|5|5|5|5|3|5|5|5|1|5|5|5
11513,4,True,6,4,4,6|4|4|4|4|6|4|4|4|4|4|4|6|6|4
11552,9,True,4,15,4,4|4|4|4|4|4|4|4|4|4|4|4|4|4|4
11564,2,True,9,14,9,9|7|5|9|9|7|9|7|9|9|7|9|9|2|9
11579,8,False,8,4,8,1|1|8|8|1|1|8|8|8|8|8|8|8|8|8
11583,2,False,2,11,4,4|2|4|4|2|3|3|9|2|4|4|4|1|6|2
11600,3,True,5,15,5,1|5|5|5|5|5|5|5|5|5|5|5|1|5|5
11604,4,False,4,9,9,4|0|9|4|9|0|9|9|9|4|9|4|9|4|4
11614,5,True,9,1,5,5|5|5|5|9|5|5|5|5|5|5|5|5|5|5
11617,9,True,4,14,4,4|2|4|3|0|9|4|2|4|3|5|6|0|4|4
11637,9,False,9,15,5,5|5|5|5|5|5|5|5|5|5|5|5|5|5|5
11676,5,False,5,9,7,7|5|7|7|5|2|3|5|5|7|5|5|7|7|7
11715,2,False,2,10,0,2|0|0|2|0|0|0|0|4|2|0|2|4|2|0
11722,5,False,5,6,5,7|5|5|1|5|2|1|5|5|5|7|5|5|2|5
11724,5,True,9,7,5,2|7|5|5|5|9|5|5|6|5|5|5|9|4|2
11749,6,False,6,8,0,0|0|0|6|0|6|6|6|0|0|0|6|6|6|0
11756,1,False,1,7,1,1|1|1|1|1|7|7|1|7|7|7|1|7|7|1
11759,3,True,8,9,8,8|3|3|8|8|3|3|8|8|8|5|3|3|8|8
11785,8,False,8,1,8,8|8|8|8|1|8|8|8|8|8|8|8|8|8|8
11802,7,True,5,10,5,7|5|7|5|2|5|7|7|5|5|7|5|5|5|5
11845,4,False,4,9,0,0|4|4|9|0|4|0|0|4|4|8|4|0|0|0
11867,0,True,2,4,0,0|0|4|4|0|0|2|0|0|0|0|4|0|0|0
11927,4,True,6,15,6,6|6|6|6|0|6|6|6|6|6|6|6|6|6|0
11987,9,True,4,15,0,6|0|0|0|0|6|0|0|0|2|0|2|0|0|2
11994,9,False,9,14,5,9|5|5|5|5|5|5|5|5|5|5|5|5|5|5
12013,0,True,2,3,0,0|0|0|0|0|0|0|0|2|0|0|2|0|2|0
12022,2,True,5,15,7,7|7|5|5|5|7|7|7|7|5|5|7|7|7|7
12032,8,False,8,2,8,3|8|8|8|8|8|8|8|8|8|8|8|3|8|8
12040,0,True,2,4,0,2|0|0|0|0|0|0|2|0|2|0|0|0|2|0
12051,3,True,5,15,5,8|5|5|6|5|7|5|5|5|5|8|9|5|2|9
12063,4,True,1,15,1,1|1|1|1|1|1|0|1|1|1|1|1|0|1|1
12107,5,True,9,3,5,9|5|5|5|5|5|9|5|5|5|5|5|9|5|5
12115,7,True,1,13,1,1|1|1|1|1|1|1|1|1|7|7|1|1|1|1
12119,8,True,6,15,4,4|4|4|4|4|3|4|4|4|4|4|4|2|4|4
12133,5,False,5,12,7,7|7|5|1|7|9|1|7|2|5|1|7|1|5|7
12136,4,True,6,11,6,4|4|6|0|4|6|0|5|6|4|6|0|0|6|2
12160,9,True,4,9,4,4|4|9|4|4|9|9|9|3|4|9|4|9|4|4
12188,2,False,2,13,0,2|0|0|0|0|0|0|0|0|0|0|0|2|0|0
12195,3,True,2,14,4,4|4|4|4|0|4|4|4|6|3|4|4|6|4|6
12204,6,False,6,13,4,4|2|6|8|3|6|4|9|3|4|4|4|0|4|2
12213,8,False,8,4,8,1|8|8|8|8|1|1|8|8|8|8|8|8|8|7
12232,4,True,6,11,6,4|6|4|0|4|6|6|6|0|4|6|3|6|6|6
12234,2,False,2,15,0,0|0|0|0|0|0|0|0|0|0|0|0|0|6|0
12251,0,True,2,9,0,4|4|2|4|0|2|0|7|4|0|0|6|6|0|0
12261,3,True,7,13,7,7|2|7|4|7|7|7|7|7|3|7|7|3|7|7
12263,1,True,5,7,1,1|5|5|5|1|1|1|5|5|5|5|1|1|1|1
12276,9,True,7,10,5,5|5|5|9|9|5|9|5|5|5|5|5|9|5|9
12330,6,False,6,13,0,0|6|4|4|0|6|2|9|4|8|2|0|0|0|0
12340,4,True,6,14,6,4|0|6|6|0|6|6|6|6|6|6|6|6|6|3
12358,3,False,3,6,3,1|3|6|2|1|3|3|3|6|3|3|3|3|2|3
12371,4,True,6,7,4,4|9|4|9|9|4|4|9|9|9|9|4|4|4|4
12382,2,False,2,11,0,0|0|0|0|0|2|0|0|2|2|2|0|0|0|0
12391,6,True,0,4,6,6|6|6|0|1|6|6|6|6|0|0|6|6|6|6
12406,8,True,2,15,2,3|2|3|4|0|2|9|6|2|0|2|2|0|0|2
12423,2,True,3,12,3,6|0|3|1|1|3|3|3|2|3|2|3|0|2|3
12437,8,False,8,6,8,3|8|8|3|8|3|3|8|8|3|8|8|8|8|3
12452,0,True,2,4,0,0|9|0|0|2|0|0|0|0|2|0|2|0|0|0
12474,2,True,3,8,3,3|2|3|3|2|2|3|3|2|3|2|3|2|3|2
12482,6,True,0,7,6,0|0|6|6|3|0|0|6|6|6|6|6|0|6|0
12487,6,True,0,7,6,6|6|0|0|0|6|6|0|6|0|0|6|6|6|0
12496,0,True,1,15,4,1|1|4|4|8|4|6|6|4|4|2|4|1|1|3
12498,0,True,1,15,1,1|1|1|1|1|1|1|1|1|1|7|1|1|1|1
12509,5,True,9,0,5,5|5|5|5|5|5|5|5|5|5|5|5|5|5|5
12524,9,True,4,11,4,4|4|4|4|9|9|4|9|3|4|9|4|4|4|4
12550,6,True,0,5,6,6|6|6|0|0|6|6|6|0|6|6|6|6|0|0
12551,1,False,1,1,1,1|1|1|1|1|1|1|1|1|7|1|1|1|1|1
12552,3,True,5,14,5,3|5|5|5|1|5|5|5|5|5|5|5|5|5|5
12555,2,True,3,8,3,3|2|3|2|2|2|3|3|3|3|3|3|2|2|2
12562,6,True,3,14,-1,9|4|3|3|0|9|6|9|9|4|2|3|0|3|4
12578,4,False,4,6,4,4|2|4|0|0|9|9|4|4|4|9|4|4|4|4
12596,4,False,4,8,4,4|4|4|4|0|0|0|4|6|6|4|0|2|6|4
12611,6,False,6,12,4,4|4|4|4|4|6|4|4|6|2|4|4|9|6|4
12626,4,True,6,10,-1,2|3|4|4|3|6|4|0|6|3|4|3|4|6|3
12636,4,True,6,6,4,0|4|4|4|0|0|0|4|4|0|4|4|9|4|4
12671,7,True,8,15,8,8|8|8|8|8|8|8|8|8|8|8|8|3|3|3
12672,7,True,1,11,1,1|7|1|1|1|7|1|1|7|7|1|1|1|1|1
12697,6,True,0,7,6,0|6|4|0|0|6|6|6|6|0|6|6|0|6|4
12716,6,False,6,12,4,3|4|4|4|0|2|6|3|4|2|4|6|0|6|4
12748,1,True,5,10,5,1|5|5|1|5|3|1|1|5|5|5|5|5|1|5
12761,1,True,8,14,8,9|4|1|2|8|7|8|8|8|8|8|8|9|8|8
12794,1,False,1,0,1,1|1|1|1|1|1|1|1|1|1|1|1|1|1|1
12825,6,False,6,15,4,1|4|4|2|0|3|4|9|4|2|4|4|5|2|0
12827,2,True,3,7,2,2|2|3|3|2|3|3|3|2|3|2|3|2|2|2
12834,6,True,3,13,3,3|6|1|3|2|3|3|3|6|3|3|3|3|3|3
12844,2,False,2,10,0,0|0|4|2|0|2|0|2|0|0|0|2|0|2|0
12851,7,True,5,13,5,8|5|5|5|5|7|5|5|5|5|5|5|5|5|7
12854,3,False,3,5,3,3|2|3|2|3|6|2|3|3|3|3|6|3|3|3
12883,7,True,5,14,5,5|5|5|5|5|7|5|5|5|5|5|5|5|5|9
12886,9,False,9,14,5,9|5|5|5|5|5|5|5|5|7|5|5|7|2|5
12898,6,True,2,15,4,3|4|4|4|3|4|0|9|3|2|9|4|4|1|4
12904,0,True,1,9,1,0|1|0|1|1|1|0|1|1|9|0|1|0|1|0
12906,9,True,8,15,8,3|4|3|8|8|8|8|8|7|8|8|8|8|7|8
12907,9,True,4,12,4,4|4|9|4|4|9|4|4|4|4|9|4|4|4|4
12918,9,False,9,15,5,5|5|5|5|5|5|5|5|5|5|5|5|5|5|5
12921,8,True,6,15,-1,6|0|0|6|2|0|6|6|6|6|2|0|0|0|2
12933,8,True,7,15,5,9|9|5|9|5|9|9|5|5|5|5|5|9|5|9
13001,9,True,7,15,7,7|7|7|5|1|7|3|7|7|5|7|7|1|5|7
13013,9,True,7,14,7,3|7|7|5|7|9|7|2|7|7|7|7|7|5|7
13016,5,False,5,6,5,1|5|7|7|5|3|5|2|5|5|7|5|5|5|5
13065,6,True,0,3,6,6|6|6|6|4|6|6|6|0|6|6|6|6|6|4
13132,4,True,6,14,6,3|3|6|4|2|6|6|3|6|6|6|6|3|6|2
13171,9,False,9,14,5,5|5|5|5|5|7|7|5|5|5|5|5|9|5|5
13182,7,True,5,8,-1,7|5|7|2|5|7|5|5|5|5|5|7|7|7|7
13196,4,True,6,3,4,4|4|4|4|0|6|4|4|4|4|4|4|4|6|4
13220,9,True,7,7,9,7|7|7|9|9|9|9|9|9|7|5|9|9|7|7
13264,1,False,1,3,1,7|1|1|1|0|1|1|1|1|1|1|1|7|1|1
13266,6,True,3,7,6,0|0|0|6|4|2|6|3|6|6|6|6|5|6|6
13308,4,False,4,4,4,9|4|4|4|4|4|4|4|4|4|9|9|4|4|9
13317,3,False,3,8,3,3|2|3|3|2|2|3|2|2|3|0|3|3|5|2
13322,4,False,4,7,4,4|9|4|9|4|9|9|4|9|9|4|4|9|4|4
13344,6,True,2,14,0,3|2|4|6|0|0|3|9|2|3|4|2|0|4|0
13346,6,True,2,9,4,6|4|4|4|4|6|6|6|4|4|8|6|4|6|4
13355,0,True,1,10,1,1|1|1|1|1|1|1|1|0|0|0|1|0|1|0
13359,0,False,0,15,2,3|2|3|2|2|2|2|3|3|3|2|3|2|2|3
13364,6,True,0,7,6,6|6|0|0|0|6|0|6|6|0|0|6|6|6|3
13371,2,False,2,7,2,2|4|4|4|2|2|2|9|2|2|2|4|2|0|0
13377,8,False,8,9,7,7|7|8|8|7|7|7|8|7|7|7|8|7|8|8
13402,0,False,0,10,6,6|6|6|0|4|3|6|0|0|6|0|6|0|6|3
13410,0,True,1,7,0,1|0|1|1|1|0|0|1|1|0|0|1|0|0|0
13415,3,True,5,14,5,3|5|5|5|5|7|5|5|7|7|7|5|5|8|5
13445,5,True,9,1,5,5|5|5|5|5|5|5|5|5|5|5|5|9|5|5
13449,0,False,0,11,6,0|0|0|4|0|6|6|6|6|6|6|6|6|6|6
13468,1,True,8,14,8,8|7|8|8|8|8|8|8|1|8|8|8|8|8|8
13473,6,True,3,14,3,3|3|3|3|2|6|3|3|2|3|3|3|3|3|3
13483,9,False,9,15,5,5|5|5|5|5|5|5|5|5|5|5|5|5|5|5
13487,8,False,8,3,8,9|9|8|8|8|8|3|8|8|8|8|8|8|8|8
13512,8,False,8,5,8,1|1|8|8|8|1|8|8|8|8|8|8|1|8|1
13515,9,True,7,15,7,1|7|5|5|7|8|7|7|5|5|8|3|7|2|7
13533,8,False,8,5,8,3|8|3|8|8|8|3|8|8|3|8|8|8|3|8
13562,3,True,2,14,-1,3|0|0|2|0|2|2|0|0|2|0|2|2|2|0
13566,5,True,9,11,9,9|5|5|9|5|9|9|9|5|9|9|9|9|2|9
13569,0,True,3,14,3,6|3|8|3|8|3|3|3|3|8|8|3|0|6|1
13577,6,True,2,15,2,2|2|4|2|4|9|0|3|3|3|2|2|2|3|2
13582,2,False,2,15,4,4|9|4|4|0|4|4|4|4|4|4|4|9|4|4
13625,9,False,9,14,5,9|5|5|5|5|5|5|5|5|5|5|5|5|5|5
13633,5,True,9,2,5,9|5|5|5|5|5|5|5|5|5|5|5|5|5|9
13639,2,True,3,4,2,2|2|3|3|2|2|2|3|2|2|2|3|2|2|2
13651,9,False,9,15,5,5|5|5|5|5|5|5|5|5|5|5|5|5|5|5
13671,6,True,0,6,6,6|0|6|6|0|6|6|0|6|6|0|6|0|6|0
13692,0,True,1,14,1,1|1|1|1|1|0|1|1|1|1|1|1|1|1|1
13696,6,False,6,15,4,9|0|4|8|0|9|4|9|9|4|8|4|4|4|4
13699,5,True,9,0,5,5|5|5|5|5|5|5|5|5|5|5|5|5|5|5
13710,3,False,3,5,3,6|4|8|3|3|3|3|3|3|6|3|3|6|3|3
13716,0,True,1,11,1,1|1|1|1|1|0|1|1|1|0|1|1|0|0|1
13744,5,True,9,9,-1,8|2|5|9|5|9|9|5|9|5|7|5|9|5|9
13755,7,False,7,4,7,7|7|4|4|7|7|7|7|7|7|7|7|7|9|9
13761,2,True,5,15,5,7|5|7|5|5|7|5|5|5|5|7|7|5|5|5
13790,9,False,9,13,5,9|5|5|5|5|2|5|5|5|5|5|5|9|5|5
13806,6,True,0,9,0,6|6|0|0|0|0|6|0|0|6|0|0|6|6|0
13838,8,False,8,3,8,7|7|8|8|7|8|8|8|8|8|8|8|8|8|8
13849,9,False,9,12,5,9|2|9|5|5|9|3|4|5|5|5|5|6|3|5
13911,9,False,9,15,5,5|5|5|5|5|5|5|5|5|5|5|5|5|5|5
13920,5,True,9,4,5,9|9|5|5|5|5|5|5|5|5|5|5|9|5|9
13940,7,False,7,4,7,7|7|7|9|7|7|2|7|7|7|7|7|2|2|7
13949,2,True,9,11,5,2|5|5|9|2|5|5|2|5|2|5|9|9|5|9
13967,3,True,7,15,7,7|7|7|7|7|9|9|7|7|7|7|7|7|7|7
13977,3,False,3,4,3,3|2|3|3|0|3|3|3|3|3|3|3|2|2|3
13988,7,True,1,15,3,1|1|3|6|1|6|3|3|1|3|3|3|2|2|3
13991,5,True,9,0,5,5|5|5|5|5|5|5|5|5|5|5|5|5|5|5
13999,0,True,2,9,-1,0|2|4|2|0|2|2|8|0|0|2|2|0|8|0
14024,4,True,6,15,0,0|6|0|0|0|6|6|0|6|0|0|6|6|0|0
14027,0,True,2,9,2,2|0|4|2|0|2|0|2|0|2|0|2|0|2|2
14044,9,False,9,14,5,9|5|5|5|5|5|5|5|5|5|5|5|5|5|5
14072,3,False,3,7,3,0|0|8|4|3|3|3|3|3|3|3|6|0|6|3
14076,1,True,5,10,5,7|5|1|1|5|7|7|1|1|5|5|7|5|5|1
14081,6,True,0,13,9,6|7|1|0|0|2|3|7|9|6|8|2|8|9|9
14093,7,True,1,5,7,7|1|7|1|1|7|7|1|7|7|7|1|7|7|7
14095,7,True,1,14,1,1|1|1|1|1|0|1|1|1|7|1|1|4|1|1
14098,1,True,5,11,5,1|5|5|5|1|1|5|5|5|5|5|1|5|5|5
14103,3,True,5,15,5,5|7|5|5|5|5|5|5|5|5|5|5|5|5|5
14108,3,True,2,15,6,6|8|2|4|4|2|8|6|6|4|4|6|0|6|0
14137,4,True,6,3,4,4|4|4|4|4|6|4|4|4|3|4|9|4|4|4
14141,2,True,5,6,2,2|2|5|2|5|2|2|5|5|2|2|5|2|2|5
14159,5,True,9,13,9,7|9|9|9|7|9|2|9|5|5|9|9|9|2|9
14216,8,False,8,1,8,8|8|8|8|8|8|7|8|8|8|8|8|8|8|8
14220,7,False,7,2,7,7|7|7|7|7|7|7|7|7|7|7|7|7|3|9
14226,6,True,0,15,8,3|3|3|8|2|4|4|8|3|8|8|0|8|2|8
14248,6,True,0,9,0,6|0|0|6|0|6|0|6|6|0|0|6|0|0|0
14303,5,True,9,0,5,5|5|5|5|5|5|5|5|5|5|5|5|5|5|5
14322,9,False,9,11,5,3|5|5|5|3|9|5|5|9|5|5|5|9|5|9
14338,0,True,2,7,0,0|0|4|0|0|2|0|0|8|2|0|0|2|2|2
14362,1,True,5,9,5,1|1|5|1|5|5|1|5|5|5|5|3|1|1|5
14364,2,True,3,11,3,0|1|3|2|2|2|3|3|3|3|0|3|2|3|3
14376,2,False,2,14,4,9|4|4|4|4|4|4|9|4|0|4|4|2|6|4
14420,4,False,4,8,4,9|4|4|3|9|9|4|9|9|3|3|4|4|4|4
14421,4,True,6,12,6,9|0|0|4|2|6|3|6|6|4|0|4|2|6|6
14425,2,False,2,10,2,2|2|3|8|8|6|3|2|3|3|8|2|8|6|2
14430,3,True,2,14,-1,2|2|4|6|8|2|2|8|0|6|8|3|8|2|8
14434,1,False,1,1,1,1|1|1|1|1|0|1|1|1|1|1|1|1|1|1
14486,9,True,4,9,4,9|4|4|9|4|4|4|9|9|4|4|4|9|9|4
14501,3,True,5,14,5,5|5|5|2|5|5|5|5|5|5|5|1|3|5|5
14506,2,False,2,4,2,2|2|8|2|8|2|2|2|8|2|2|8|2|2|2
14509,6,True,0,5,6,0|0|4|6|0|6|6|6|6|6|0|6|6|6|6
14528,7,True,8,11,8,7|8|8|8|8|7|3|5|8|7|8|8|7|8|8
14547,3,False,3,10,3,2|0|3|3|0|3|6|1|4|6|3|3|0|2|0
14548,1,True,5,9,5,1|5|5|1|5|5|1|5|5|5|7|1|1|5|1
14579,8,False,8,5,8,1|1|8|1|8|1|8|8|8|8|8|8|1|8|8
14607,6,True,0,7,6,0|6|0|0|0|6|6|6|6|0|0|6|6|6|2
14609,9,True,8,14,1,7|1|1|3|5|5|3|7|1|7|9|1|1|3|5
14615,9,True,4,12,1,1|1|6|1|9|4|3|9|4|9|4|5|1|6|6
14618,5,True,8,15,8,1|8|8|8|8|8|8|8|8|8|8|8|8|8|8
14638,0,True,2,1,0,0|0|0|0|0|0|0|0|0|2|0|0|0|0|0
14644,1,False,1,2,1,1|1|1|1|1|1|1|1|1|1|0|1|7|1|1
14655,7,False,7,2,7,7|7|7|2|7|9|7|7|7|7|7|7|7|7|7
14674,9,True,7,15,7,3|7|7|1|7|2|5|1|7|7|7|7|7|2|7
14688,5,False,5,11,7,7|2|7|1|7|7|5|1|1|5|2|2|5|7|5
14705,2,False,2,13,4,3|2|4|0|4|6|0|9|4|0|4|0|2|4|4
14712,9,False,9,14,5,9|5|5|5|5|5|5|5|5|5|5|5|5|5|5
14719,7,False,7,4,7,7|7|7|9|7|6|7|7|7|7|7|7|3|9|7
14729,4,True,1,15,1,1|1|1|1|1|7|1|1|1|7|7|1|1|1|1
14740,8,False,8,5,8,7|7|8|8|8|8|7|8|8|7|8|8|8|8|7
14760,9,True,8,15,8,8|8|5|8|8|8|8|8|8|8|8|8|8|8|8
14762,9,False,9,13,5,9|5|5|5|5|5|5|5|5|5|5|5|9|5|5
14792,4,True,6,2,4,4|4|4|4|4|4|4|2|4|4|4|4|0|4|4
14797,5,False,5,2,5,3|5|5|5|5|7|5|5|5|5|5|5|5|5|5
14802,5,True,9,4,5,5|5|5|5|5|6|9|5|5|5|9|5|9|5|5
14804,2,True,3,9,-1,2|2|8|2|8|2|3|3|3|3|3|3|2|8|2
14819,5,True,9,1,5,5|5|5|5|5|5|5|5|5|5|5|5|9|5|5
14859,3,False,3,4,3,3|2|3|3|2|3|3|3|3|3|3|3|0|6|3
14866,3,False,3,8,3,3|2|6|2|1|3|3|2|3|3|2|2|3|3|6
14873,4,True,7,14,7,7|7|7|7|7|2|7|7|7|7|7|7|7|4|7
14889,0,True,2,9,-1,2|0|8|0|0|3|0|3|2|2|2|0|0|2|2
14891,1,False,1,5,1,0|7|1|1|1|7|0|1|1|1|7|1|1|1|1
14895,0,False,0,6,0,0|0|0|6|0|6|6|0|6|8|0|0|0|1|0
14905,7,True,8,8,7,1|7|1|8|8|7|7|7|8|7|7|8|8|8|7
14927,7,False,7,15,5,9|5|5|5|5|5|5|5|5|5|5|5|5|5|5
14933,0,False,0,11,6,6|0|0|4|4|6|6|6|6|0|6|6|0|6|6
14979,2,True,3,8,2,0|2|8|3|0|3|2|2|2|2|2|3|3|2|3
14982,7,True,5,9,5,5|7|5|5|7|5|7|5|5|7|7|5|5|7|5
14992,6,False,6,15,4,4|4|4|4|0|4|4|4|4|4|4|4|4|4|4
15003,0,False,0,8,6,6|0|6|0|0|6|6|0|6|0|6|6|0|6|0
15018,2,True,3,12,3,2|2|3|3|2|3|3|3|3|3|3|3|3|8|3
15035,2,False,2,12,4,6|4|4|9|0|4|4|9|4|2|2|0|4|2|4
15048,8,False,8,4,8,8|8|8|8|1|8|1|8|8|8|9|8|8|7|8
15051,3,False,3,4,3,3|6|3|3|0|3|6|3|3|3|3|3|3|2|3
15052,6,True,0,3,6,6|6|6|0|0|6|6|6|6|0|6|6|6|6|6
15063,3,True,8,14,8,3|8|8|8|8|8|8|8|8|8|8|8|8|8|8
15075,3,True,2,15,9,2|9|4|2|9|9|9|9|9|9|9|9|9|2|9
15083,6,True,0,5,6,0|6|0|0|0|6|6|0|6|6|6|6|6|6|6
15110,5,True,9,7,5,7|5|5|9|9|5|9|5|5|5|7|5|9|5|9
15111,6,True,0,4,6,6|6|6|6|0|6|6|0|6|6|0|6|6|6|0
15123,9,True,4,14,4,4|4|4|4|4|4|4|4|4|4|4|4|9|4|4
15146,0,False,0,13,6,6|6|6|6|0|6|6|6|6|6|6|6|0|6|6
15159,5,True,9,2,5,9|5|5|5|5|5|5|5|5|5|5|5|5|5|9
15172,7,True,8,15,8,1|8|8|4|9|8|8|8|8|1|8|8|8|8|8
15176,9,False,9,13,5,5|5|5|5|5|5|5|5|5|5|5|5|9|5|9
15180,9,True,4,3,9,9|9|4|4|9|9|9|9|9|9|9|9|9|4|9
15185,6,True,3,9,6,4|4|6|3|2|3|6|6|3|4|3|6|6|6|3
15191,7,True,8,13,8,7|7|8|8|8|8|8|8|8|8|8|8|8|8|8
15193,0,False,0,9,6,6|6|6|0|0|6|6|0|6|6|0|6|0|6|0
15194,6,False,6,15,4,4|4|4|4|4|4|4|4|4|4|4|4|4|4|4
15214,9,True,7,6,9,9|7|9|9|7|9|9|2|9|5|5|9|9|5|9
15228,9,True,4,13,4,4|4|4|0|4|9|0|2|4|0|4|0|9|6|4
15232,5,True,9,2,5,9|5|5|5|5|5|5|5|5|5|5|5|9|5|5
15235,9,True,7,14,7,7|7|7|9|7|7|7|7|7|7|7|7|7|7|7
15245,0,True,2,2,0,0|0|0|0|0|0|2|0|0|0|0|0|0|2|0
15249,6,True,2,9,6,0|2|4|2|0|6|6|6|6|2|2|0|6|6|2
15263,0,True,2,10,-1,6|0|4|6|4|2|0|0|0|6|4|6|0|6|4
15266,3,False,3,6,3,0|2|3|3|3|6|3|6|3|3|3|3|0|6|3
15270,0,False,0,10,6,6|6|6|6|0|6|6|6|6|0|0|6|0|6|0
15303,1,False,1,2,1,1|1|1|1|1|1|7|1|1|1|1|1|1|7|1
15305,0,False,0,9,6,6|6|6|0|4|0|6|0|6|0|6|6|0|6|0
15307,4,True,6,15,0,6|0|0|0|0|6|8|0|0|0|6|6|6|0|3
15314,0,False,0,12,6,6|6|4|4|0|0|6|6|6|6|6|6|6|6|0
15317,7,True,5,12,1,1|5|5|1|5|1|1|7|7|9|7|1|3|1|5
15340,4,False,4,6,4,9|4|4|4|4|9|4|4|9|4|9|9|4|4|9
15344,9,False,9,11,5,9|5|5|5|5|5|5|5|5|5|9|5|9|5|9
15349,9,True,7,11,7,7|7|7|9|7|9|9|7|7|7|7|7|7|9|7
15353,6,False,6,8,-1,6|0|4|0|0|0|6|6|6|6|0|0|0|6|6
15355,6,False,6,14,4,4|4|4|4|4|4|4|4|4|4|4|4|4|6|4
15367,2,False,2,4,2,2|2|4|8|0|2|2|2|2|0|2|2|2|2|2
15369,7,True,1,12,1,1|1|1|1|1|7|7|1|1|7|1|1|1|1|1
15372,7,True,5,11,5,7|5|5|5|5|7|7|5|5|5|5|5|5|5|7
15388,3,False,3,10,3,0|6|0|1|0|2|2|3|3|3|0|3|2|6|3
15395,8,False,8,1,8,8|8|8|8|8|8|8|8|8|8|8|8|3|8|8
15413,7,False,7,7,7,7|7|7|9|7|7|9|7|9|9|7|9|9|2|7
15414,2,True,9,15,5,9|5|5|5|9|5|5|5|5|5|5|5|9|5|9
15419,4,False,4,8,9,4|4|4|9|9|9|9|4|9|4|9|4|9|4|9
15423,9,True,7,9,5,9|9|5|5|5|9|9|9|5|7|7|5|9|5|5
15431,3,False,3,7,3,2|2|3|3|1|3|2|3|3|3|2|3|2|3|2
15447,7,True,1,8,1,1|7|7|1|1|7|7|1|1|7|7|1|1|1|7
15452,4,True,7,15,7,7|7|7|7|7|7|7|7|7|7|7|7|7|7|7
15461,7,True,1,11,1,1|1|1|1|1|1|7|1|1|7|7|1|7|1|1
15465,3,True,8,7,3,3|8|3|3|9|3|8|3|6|3|8|3|9|8|3
15491,3,False,3,10,2,3|2|6|3|2|2|2|2|3|2|3|0|2|2|3
15515,4,False,4,13,9,9|9|4|9|9|9|9|4|9|9|9|9|9|9|9
15520,9,True,4,12,3,1|4|4|3|9|3|3|9|0|3|2|3|9|3|4
15526,6,False,6,13,4,4|6|4|4|4|4|4|4|6|4|4|2|4|4|4
15528,0,True,2,5,0,0|4|0|0|0|0|0|2|0|2|2|0|4|0|0
15533,6,True,0,9,0,0|6|6|0|0|6|6|0|6|0|0|6|0|0|3
15537,2,True,3,14,3,6|3|3|3|0|3|3|3|6|3|0|3|2|0|3
15539,0,True,2,5,0,2|0|0|2|0|2|0|0|0|2|0|0|0|0|2
15564,5,False,5,3,5,3|5|5|5|5|3|5|5|5|5|5|5|1|5|5
15570,5,True,6,15,0,1|0|0|0|0|0|0|0|0|2|0|2|2|2|0
15572,8,True,3,14,3,1|6|4|8|2|3|3|3|6|3|3|4|2|6|6
15631,2,True,3,10,3,3|2|6|3|2|6|3|2|3|3|3|2|2|3|3
15633,1,True,5,11,7,3|2|1|9|8|1|1|7|5|7|7|7|1|7|5
15641,3,True,8,13,5,4|2|5|5|3|9|9|0|9|3|4|5|8|5|1
15644,6,True,0,8,0,0|6|6|0|0|6|6|0|6|0|0|6|0|6|0
15689,8,False,8,3,8,8|7|8|8|8|8|8|8|8|7|8|8|8|8|9
15697,1,False,1,1,1,1|1|1|1|1|1|1|1|1|1|7|1|1|1|1
15707,4,False,4,10,4,9|4|4|0|0|9|3|9|3|9|0|3|4|4|4
15718,4,True,6,6,4,4|6|4|0|4|6|4|4|6|4|4|6|4|4|6
15719,3,True,8,13,8,8|8|8|3|3|8|8|8|8|8|8|8|8|8|8
15727,5,True,9,1,5,9|5|5|5|5|5|5|5|5|5|5|5|5|5|5
15734,4,True,6,2,4,4|4|4|4|4|9|4|4|4|4|9|4|4|4|4
15742,3,True,8,8,8,3|8|3|8|8|3|3|8|8|3|3|8|8|8|3
15746,5,False,5,8,5,1|1|7|5|5|3|5|5|5|5|7|7|1|5|7
15750,2,False,2,13,0,0|2|0|0|0|0|0|0|0|0|0|0|2|0|0
15761,9,True,4,14,4,4|4|4|4|4|4|9|4|4|4|4|4|4|4|4
15767,2,True,3,7,2,2|2|6|3|2|2|3|3|2|3|2|3|2|2|3
15809,5,True,9,0,5,5|5|5|5|5|5|5|5|5|5|5|5|5|5|5
15879,6,True,3,14,3,1|2|3|3|3|6|3|3|2|3|2|3|3|3|2
15890,3,False,3,9,2,1|2|3|2|2|3|3|6|2|3|2|3|2|2|3
15891,0,True,2,14,4,4|4|4|4|4|6|4|4|4|4|4|4|4|6|0
15926,7,False,7,6,7,7|7|9|1|7|7|9|7|7|7|9|9|9|7|7
15929,3,True,5,9,3,7|5|3|5|1|5|3|5|3|2|7|5|3|3|3
15937,2,False,2,14,0,0|0|0|0|0|0|0|0|0|0|0|0|0|2|0
15941,4,True,6,11,0,0|0|4|8|4|9|0|0|0|4|6|0|6|8|4
15947,9,True,7,10,7,9|7|7|9|7|9|7|7|7|9|7|7|7|7|9
15955,0,False,0,8,6,6|0|0|0|0|6|6|0|0|6|6|6|6|6|0
15972,8,False,8,4,8,3|3|8|8|8|3|3|8|8|8|8|8|8|8|8
15973,8,False,8,7,8,7|7|8|8|7|5|8|7|8|8|8|8|7|8|7
16001,0,True,2,15,4,4|4|4|4|4|4|4|4|4|4|4|4|4|4|4
16002,7,True,5,11,5,7|7|5|5|5|5|7|5|5|5|5|5|7|5|5
16013,2,True,3,12,3,3|2|3|3|2|3|3|3|3|3|3|3|2|3|3
16054,4,True,6,1,4,4|4|4|4|4|9|4|4|4|4|4|4|4|4|4
16057,3,False,3,8,-1,2|2|3|2|2|3|3|3|6|3|2|3|2|3|2
16058,3,True,8,13,8,8|8|8|8|8|3|1|8|8|3|8|8|8|8|8
16080,3,False,3,5,3,3|2|3|3|2|2|3|3|3|3|2|3|2|3|3
16083,0,True,2,4,0,2|2|0|0|0|0|0|0|0|2|0|0|2|0|0
16085,5,False,5,10,2,2|2|5|1|5|2|2|5|2|5|2|5|2|2|2
16105,2,True,9,15,9,9|7|7|9|7|9|9|9|9|7|9|9|7|7|9
16126,6,True,0,5,6,6|0|6|0|0|6|6|6|6|0|6|6|6|6|4
16132,4,False,4,10,9,9|9|4|4|9|9|9|4|9|9|9|4|9|4|9
16166,9,True,4,9,9,9|4|4|4|9|2|9|9|4|3|9|3|9|2|4
16168,6,True,3,14,3,3|2|3|3|2|0|3|3|3|3|3|3|3|6|3
16172,3,True,2,15,2,0|5|8|2|0|2|2|2|4|4|2|2|2|8|0
16187,9,True,8,15,8,7|7|8|8|8|7|8|8|8|8|8|8|8|8|8
16189,3,False,3,11,2,3|0|4|2|2|2|2|6|3|2|3|3|2|1|6
16198,3,False,3,7,3,3|2|3|2|2|3|2|3|3|3|2|3|2|3|2
16220,6,True,3,15,-1,1|2|3|3|2|3|3|3|2|3|2|0|1|2|2
16228,3,False,3,7,3,6|6|3|3|0|6|3|3|8|3|6|3|3|6|3
16250,9,False,9,14,5,5|5|5|5|5|5|5|5|5|5|5|5|9|5|5
16305,8,False,8,1,8,8|8|8|8|8|8|8|8|1|8|8|8|8|8|8
16342,1,False,1,8,-1,1|0|4|1|1|1|1|0|1|0|0|0|0|1|0
16364,5,False,5,13,9,9|7|5|2|7|9|5|7|9|9|9|9|3|7|9
16388,6,True,0,6,6,0|6|0|0|0|6|6|6|6|6|0|6|6|6|0
16390,3,True,5,14,5,5|1|3|5|5|5|1|1|5|5|5|1|1|5|1
16393,1,False,1,1,1,1|1|4|1|1|1|1|1|1|1|1|1|1|1|1
16394,7,False,7,5,7,2|7|7|2|7|2|2|7|7|7|7|7|2|7|7
16416,0,True,1,15,1,1|1|1|1|1|1|1|1|1|1|1|1|1|1|1
16429,4,False,4,11,9,4|2|9|4|9|9|9|9|9|9|2|9|9|4|4
16460,1,True,8,14,8,7|8|8|8|8|8|1|8|8|8|8|8|8|8|8
16465,0,True,2,2,0,0|0|0|0|0|2|0|0|0|0|2|0|0|0|0
16475,1,False,1,3,1,1|1|1|1|1|7|7|1|1|1|7|1|1|1|1
16477,5,True,9,2,5,5|5|5|5|5|9|5|5|5|5|5|5|9|5|5
16522,6,True,3,13,3,3|3|3|3|2|3|3|3|6|3|3|3|3|6|3
16524,1,False,1,1,1,1|1|1|1|1|1|1|1|1|1|7|1|1|1|1
16530,6,True,7,15,5,8|5|5|5|5|5|1|5|5|5|8|5|5|5|5
16539,3,True,2,15,9,4|9|4|9|9|9|9|9|9|9|9|4|9|4|9
16571,2,True,5,14,5,3|2|5|5|5|5|5|5|5|3|5|7|5|5|5
16575,2,True,9,11,9,9|9|5|9|7|2|9|2|2|9|9|9|9|2|9
16605,5,False,5,5,5,2|5|5|3|5|5|2|5|1|5|5|5|5|5|2
16610,3,False,3,5,3,3|3|3|3|1|6|3|3|2|3|3|3|6|6|3
16637,5,False,5,2,5,5|5|5|5|7|3|5|5|5|5|5|5|5|5|5
16645,5,True,9,0,5,5|5|5|5|5|5|5|5|5|5|5|5|5|5|5
16646,7,True,8,10,8,7|1|8|8|8|1|1|8|7|7|7|8|8|8|7
16655,4,False,4,9,9,9|4|4|3|9|9|4|9|4|9|9|9|9|4|4
16660,4,True,6,15,6,6|6|6|6|0|6|6|6|6|6|2|6|0|2|6
16667,8,False,8,13,1,7|1|5|5|1|7|1|1|7|5|8|7|1|8|5
16670,9,True,7,12,7,9|7|7|9|7|7|7|7|7|7|7|7|7|9|7
16676,2,True,3,8,-1,2|2|3|2|2|3|3|3|3|3|2|3|2|1|2
16687,9,False,9,13,5,9|5|5|5|5|5|5|5|5|5|5|5|9|5|5
16688,6,True,3,11,1,1|4|6|3|1|1|6|1|6|4|4|1|1|6|4
16706,3,True,4,15,4,4|4|4|0|0|0|4|4|9|0|9|9|4|4|2
16721,9,False,9,13,5,9|5|5|5|5|5|9|5|5|5|5|5|5|5|5
16741,7,False,7,2,7,7|7|7|9|7|3|7|7|7|7|7|7|7|7|7
16760,9,False,9,14,5,5|5|5|5|5|5|5|5|5|5|5|5|9|5|5
16792,7,True,1,13,1,1|1|1|1|1|1|7|1|1|1|7|1|1|1|1
16796,9,True,7,13,7,7|7|7|9|7|7|7|7|7|7|7|7|7|2|9
16797,9,True,8,15,8,3|8|3|8|8|8|8|8|8|8|8|8|8|8|8
16821,4,False,4,8,4,1|0|4|2|4|6|4|2|9|4|9|4|9|4|4
16841,6,False,6,8,6,6|4|4|0|0|6|6|6|6|9|4|6|4|6|4
16852,7,True,5,13,5,5|5|5|5|7|5|5|5|5|5|7|5|5|5|5
16858,6,True,0,14,0,0|4|4|0|1|3|2|3|9|3|0|6|0|2|4
16859,3,False,3,10,6,0|2|6|6|2|6|3|3|6|3|6|6|0|3|3
16865,5,True,9,4,5,9|5|5|9|5|9|5|5|5|5|5|5|9|5|5
16871,4,False,4,4,4,9|4|4|4|9|4|4|4|4|4|4|9|9|4|4
16875,2,True,5,13,5,5|5|5|5|5|2|3|5|5|5|7|7|0|2|7
16888,0,True,2,7,0,2|0|0|4|0|2|6|6|0|6|0|0|0|0|3
16913,0,True,2,11,4,4|0|4|8|4|4|4|0|0|6|4|4|4|6|0
16936,3,False,3,10,-1,3|8|3|1|0|0|8|1|6|8|8|3|8|3|3
16951,6,True,0,2,6,6|6|6|6|4|6|6|6|6|6|6|6|6|6|4
16976,1,False,1,8,-1,1|0|0|1|1|0|1|1|1|0|0|1|6|0|0
16981,9,True,4,14,4,4|4|3|4|4|6|4|4|9|2|4|4|4|4|0
16983,8,False,8,3,8,3|8|8|8|8|8|3|8|8|8|8|8|3|8|8
17015,7,True,1,6,7,1|7|1|1|1|7|7|1|1|7|7|7|7|7|7
17018,8,True,6,14,2,1|2|7|6|7|0|1|0|0|2|7|2|8|5|2
17019,0,True,2,2,0,0|2|0|0|0|0|0|0|0|0|0|0|0|2|0
17024,6,True,0,10,0,6|0|0|0|0|0|0|0|6|0|0|6|6|6|3
17030,7,True,5,13,5,8|1|7|5|5|7|5|5|5|5|5|5|5|5|5
17040,9,True,4,5,9,9|9|9|4|9|4|9|4|9|4|9|9|9|4|9
17050,3,True,2,15,2,2|0|2|4|5|2|2|9|2|2|0|2|0|4|4
17055,7,False,7,1,7,7|7|7|7|7|7|7|7|7|9|7|7|7|7|7
17056,3,True,8,8,8,3|8|8|8|8|3|3|8|8|3|3|8|3|8|3
17067,0,True,2,2,0,2|0|0|0|0|0|0|0|0|2|0|0|0|0|0
17079,0,True,2,0,0,0|0|0|0|0|0|0|0|0|0|0|0|0|0|0
17083,2,True,7,11,7,2|7|7|2|2|7|2|7|7|7|7|7|7|7|7
17089,6,True,0,8,0,6|0|0|0|0|6|6|0|0|6|0|6|6|6|0
17130,6,True,2,13,-1,3|4|4|2|0|6|3|9|9|6|2|4|2|2|4
17137,4,False,4,3,4,4|4|6|4|4|4|4|4|4|3|4|9|4|4|4
17140,3,False,3,10,3,0|1|7|6|1|3|3|3|2|3|2|3|2|1|2
17151,0,False,0,14,6,6|6|6|6|0|6|6|6|6|6|6|6|6|6|6
17154,2,True,3,8,-1,3|2|3|2|2|2|3|3|3|3|2|3|2|8|2
17163,4,True,5,15,5,7|2|5|5|5|2|5|7|5|5|5|5|1|5|5
17165,6,True,0,5,6,6|0|6|0|0|6|6|0|6|6|6|6|6|6|0
17174,0,True,1,14,1,1|0|1|1|1|1|1|1|1|1|1|1|1|1|1
17186,4,False,4,10,9,9|4|4|4|9|9|9|4|9|9|9|9|9|4|9
17202,0,False,0,14,2,7|7|5|2|1|7|5|2|0|1|8|2|6|8|2
17219,6,False,6,14,4,4|4|4|4|4|4|4|4|4|4|4|4|6|4|4
17220,1,True,5,6,1,1|1|1|1|1|1|7|1|1|5|5|7|1|5|5
17224,6,True,0,8,0,0|0|6|6|0|0|6|0|0|6|0|6|0|6|6
17225,1,False,1,4,1,1|1|0|1|1|1|1|1|0|0|1|1|1|0|1
17239,6,True,0,9,0,0|0|6|6|0|6|0|0|6|6|0|6|0|8|0
17264,7,False,7,1,7,7|7|7|9|7|7|7|7|7|7|7|7|7|7|7
17337,4,False,4,12,0,4|4|0|2|0|0|2|9|9|2|0|0|4|2|0
17349,6,False,6,13,4,4|0|4|4|8|6|9|4|4|4|4|0|4|6|4
17355,2,True,5,14,7,1|2|7|9|7|7|5|5|7|7|5|5|7|8|7
17361,3,True,5,14,5,5|7|5|5|5|7|3|5|5|5|5|5|5|5|5
17376,6,True,3,12,3,3|6|3|3|3|3|3|3|3|3|3|3|6|6|3
17395,6,True,0,6,6,0|6|0|6|0|6|6|7|6|0|6|0|6|6|6
17403,3,True,5,14,5,1|1|5|5|5|1|3|5|5|5|5|5|5|5|1
17420,7,False,7,8,7,9|5|5|9|7|5|9|7|7|7|7|5|9|7|7
17435,0,True,2,12,6,0|6|4|4|0|6|6|6|6|3|0|4|2|1|2
17442,9,True,7,13,5,7|5|5|9|5|5|9|7|5|5|7|7|5|5|7
17450,9,False,9,15,5,1|2|5|5|8|5|8|5|5|4|2|7|0|8|7
17454,2,True,5,14,5,8|5|3|5|5|7|5|5|5|2|5|1|1|3|1
17456,6,False,6,13,-1,2|2|3|6|1|3|2|3|0|2|2|6|3|1|3
17457,7,True,1,13,1,1|1|1|1|1|1|7|1|1|7|1|1|1|1|1
17469,3,True,5,15,5,1|5|5|5|5|5|5|5|5|5|5|1|5|5|5
17491,4,True,6,2,4,4|4|4|4|4|6|4|4|6|4|4|4|4|4|4
17518,4,False,4,12,-1,4|3|0|2|0|6|3|3|6|4|2|1|9|6|4
17523,6,True,2,15,4,9|4|4|4|4|4|4|4|4|4|9|4|9|4|4
17544,8,False,8,5,8,1|8|1|8|7|8|1|8|8|8|8|8|8|8|1
17553,3,False,3,7,3,6|6|3|2|2|3|3|3|3|3|3|3|2|2|2
17576,8,True,5,15,7,7|7|9|5|7|7|2|7|1|7|7|7|4|1|9
17594,4,False,4,8,9,9|9|4|9|4|9|9|9|9|4|4|4|4|4|9
17619,1,True,8,11,8,8|8|1|8|1|8|1|8|8|8|8|1|8|2|8
17627,2,False,2,15,0,0|0|0|0|0|0|0|0|0|0|0|0|0|0|0
17663,5,True,9,1,5,9|5|5|5|5|5|5|5|5|5|5|5|5|5|5
17671,8,False,8,8,3,3|8|8|8|8|3|3|3|8|3|8|3|3|8|3
17676,7,True,5,8,-1,9|5|7|7|5|7|7|5|5|5|7|7|7|5|5
17680,9,True,8,15,8,8|8|8|8|8|8|3|3|8|3|8|8|3|8|3
17694,3,True,7,14,7,7|7|7|7|7|2|2|7|7|5|7|3|7|2|7
17737,0,False,0,10,6,0|6|6|6|0|6|6|0|6|0|0|6|6|6|3
17746,6,True,0,4,6,6|6|6|0|6|0|0|6|6|6|6|6|6|6|4
17759,1,True,5,14,7,7|7|7|9|5|9|9|7|7|9|7|7|7|7|1
17805,1,True,3,14,0,0|0|0|0|0|6|8|0|0|4|0|0|1|6|4
17831,6,True,2,15,3,1|7|1|9|7|5|3|7|3|3|3|4|3|2|8
17838,7,True,8,14,8,8|8|8|8|8|8|8|7|8|8|8|8|8|8|8
17844,5,True,9,2,5,9|5|5|5|5|5|5|5|5|5|5|5|9|5|5
17921,8,False,8,3,8,1|8|8|8|8|3|8|8|8|8|8|8|8|8|9
17936,5,True,9,0,5,5|5|5|5|5|5|5|5|5|5|5|5|5|5|5
17940,6,False,6,5,6,6|6|0|6|0|6|6|6|6|6|0|6|0|6|0
17970,2,False,2,8,2,9|0|0|4|0|2|2|2|2|2|0|2|0|2|0
17971,4,True,6,14,6,6|6|4|5|0|6|6|2|8|0|6|3|6|6|3
17972,5,False,5,2,5,3|5|5|5|5|5|5|5|5|5|5|5|1|5|5
18005,6,False,6,8,6,6|6|4|0|4|6|6|0|6|0|6|0|0|6|3
18019,7,True,8,13,8,7|7|8|8|8|5|1|8|8|8|8|8|8|8|8
18031,0,True,1,11,1,1|7|1|1|0|0|0|1|1|1|6|1|0|1|1
18052,5,False,5,4,5,3|5|5|1|5|5|5|5|1|5|5|5|5|5|1
18053,2,True,5,15,5,7|5|5|5|5|7|5|7|5|5|7|5|5|5|7
18055,6,True,0,10,0,6|0|0|0|0|6|6|0|0|0|0|6|0|6|0
18058,4,True,6,15,8,1|1|8|8|8|1|8|8|8|8|1|8|8|1|8
18059,6,True,0,11,0,0|6|0|0|0|2|0|6|6|2|2|6|0|2|8
18065,0,True,1,13,4,6|2|4|4|1|4|0|4|6|0|9|6|2|1|2
18066,4,False,4,7,4,9|4|9|4|4|9|4|4|9|4|9|9|9|4|4
18069,3,True,5,15,1,1|1|1|1|5|1|5|1|1|5|5|5|1|5|5
18092,3,False,3,13,6,2|2|3|6|8|2|6|6|6|3|0|6|6|6|6
18096,1,True,3,15,-1,8|2|4|0|0|2|2|8|6|4|2|0|0|6|4
18104,5,False,5,3,5,5|7|5|5|5|7|5|5|5|5|7|5|5|5|5
18115,4,True,6,7,4,4|6|4|4|4|6|6|4|0|2|4|0|4|6|4
18126,9,True,8,15,8,8|3|8|8|8|8|8|8|8|3|8|8|8|8|8
18135,4,False,4,3,4,4|4|4|4|4|4|4|9|4|2|4|4|2|4|4
18150,9,True,7,8,9,9|7|9|2|7|7|9|5|9|7|7|9|9|7|9
18183,0,False,0,4,0,4|0|0|0|0|1|0|0|0|0|0|0|0|6|2
18188,4,True,6,13,3,3|4|3|3|0|3|3|9|3|9|9|3|3|3|4
18198,6,False,6,3,6,0|6|4|6|6|6|6|6|6|6|6|6|6|6|4
18207,8,False,8,7,8,8|7|3|8|5|8|6|3|8|3|8|8|1|8|8
18221,6,True,0,8,0,6|6|0|0|0|6|6|0|0|0|0|6|6|6|0
18239,8,False,8,2,8,1|8|8|1|8|8|8|8|8|8|8|8|8|8|8
18276,3,True,8,9,8,3|3|8|8|8|3|3|8|8|3|8|8|3|8|8
18293,3,False,3,11,3,8|1|1|3|3|3|6|7|0|3|2|1|2|2|6
18298,2,True,5,14,5,5|5|5|5|5|5|2|5|5|5|5|5|5|5|5
18334,6,True,3,13,3,3|2|3|3|2|3|6|6|3|3|3|3|3|3|3
18353,6,True,0,7,6,1|6|0|6|0|6|6|6|0|0|2|6|6|6|0
18357,6,False,6,13,4,4|4|4|4|4|6|4|4|4|4|4|4|4|4|6
18369,3,False,3,7,3,3|2|3|2|2|0|3|3|3|3|3|3|2|2|2
18409,8,False,8,2,8,8|8|8|8|8|3|3|8|8|8|8|8|8|8|8
18414,2,False,2,15,0,4|0|0|0|0|0|0|0|0|0|0|0|4|6|0
18420,5,True,9,0,5,5|5|5|5|5|5|5|5|5|5|5|5|5|5|5
18467,3,False,3,15,6,1|6|4|0|0|6|0|6|6|0|6|6|0|6|0
18468,3,True,5,15,5,7|5|5|5|7|5|5|5|5|5|5|7|5|2|7
18475,3,True,8,8,-1,3|8|8|3|8|8|3|8|8|3|3|3|1|8|3
18477,4,True,1,14,1,4|7|7|6|1|1|0|7|1|7|1|1|7|1|2
18523,9,False,9,7,9,9|7|5|9|7|9|9|2|9|2|9|9|2|2|9
18537,3,False,3,3,3,2|2|3|3|3|2|3|3|3|3|3|3|3|3|3
18558,0,False,0,8,6,6|6|6|6|0|6|0|0|6|0|6|6|0|0|0
18561,6,True,0,3,6,6|6|6|6|0|0|6|0|6|6|6|6|6|6|6
18584,0,True,2,7,0,7|0|0|0|0|0|0|7|0|2|8|5|2|8|0
18586,6,True,0,5,6,6|6|6|8|0|0|6|6|6|6|6|6|6|0|3
18589,3,True,8,10,8,3|8|8|8|8|3|3|8|8|3|8|8|3|8|8
18620,5,True,9,13,9,7|5|9|9|9|6|9|5|9|9|9|9|9|7|9
18624,4,True,7,14,7,7|7|7|4|7|7|7|7|7|7|7|7|7|7|9
18636,3,True,5,15,5,1|5|5|1|5|5|5|5|5|5|5|1|5|1|5
18650,2,True,3,8,3,2|3|3|3|2|2|3|3|3|3|2|3|2|2|2
18661,0,True,1,9,1,0|0|1|1|1|0|0|1|1|0|0|1|1|1|1
18671,0,True,1,13,1,1|1|0|1|1|0|1|1|1|9|1|1|1|1|1
18679,7,False,7,1,7,7|7|7|9|7|7|7|7|7|7|7|7|7|7|7
18700,7,False,7,6,7,5|7|7|2|7|9|7|2|7|7|7|7|9|9|7
18731,6,False,6,15,4,0|0|4|2|9|4|2|0|2|4|4|4|9|2|4
18735,2,False,2,6,2,1|4|6|2|1|2|0|7|2|2|2|2|2|2|2
18743,4,False,4,11,9,9|9|4|4|9|9|4|9|9|9|9|4|9|9|9
18751,5,False,5,1,5,5|5|5|5|5|5|5|5|5|5|5|7|5|5|5
18792,6,False,6,10,4,4|4|6|4|4|6|4|4|6|4|4|6|4|6|4
18816,3,True,8,15,8,8|8|8|8|8|0|1|8|8|8|8|8|8|6|8
18824,4,False,4,8,-1,4|4|4|4|9|9|9|9|9|0|9|4|9|4|4
18842,5,False,5,8,5,9|5|5|5|1|5|5|1|8|7|7|5|1|7|5
18844,9,True,4,13,-1,0|4|4|8|0|8|3|6|9|4|3|2|2|9|2
18846,0,True,1,12,1,1|1|1|1|1|0|0|1|1|1|2|1|1|1|0
18853,9,True,7,12,7,9|7|7|7|7|7|2|7|7|7|7|9|9|2|7
18869,0,False,0,13,3,0|2|2|3|0|6|6|3|1|4|3|6|2|3|3
18892,5,True,9,0,5,5|5|5|5|5|5|5|5|5|5|5|5|5|5|5
18906,5,False,5,4,5,9|7|9|5|5|5|5|2|5|5|5|5|5|5|5
18911,1,True,5,6,1,1|5|5|1|5|1|1|1|1|5|5|1|5|1|1
18935,2,False,2,12,4,4|6|2|4|8|6|6|4|4|4|5|2|2|8|4
18941,5,True,9,0,5,5|5|5|5|5|5|5|5|5|5|5|5|5|5|5
18976,7,True,1,7,7,1|1|1|1|7|7|1|1|7|7|7|7|7|1|7
18981,4,True,6,3,4,4|4|4|4|4|9|4|4|4|4|4|4|2|6|4
18982,5,True,9,1,5,5|5|5|5|5|5|5|5|9|5|5|5|5|5|5
19008,8,False,8,13,-1,0|0|4|8|8|3|6|0|6|6|3|3|5|6|0
19009,7,True,1,13,1,1|1|1|1|1|7|1|1|1|7|1|1|1|1|1
19013,4,False,4,10,9,4|4|4|9|9|9|9|9|9|4|9|9|9|4|9
19014,9,True,6,15,-1,4|8|3|8|4|5|2|4|8|8|0|2|4|1|0
19021,2,True,3,11,3,2|2|4|3|8|3|6|3|3|3|4|3|2|2|3
19022,1,False,1,10,0,0|1|0|1|4|0|0|1|4|1|0|3|1|0|2
19050,0,True,2,13,8,4|0|8|4|0|6|8|8|6|6|8|8|8|4|6
19057,2,False,2,6,2,3|2|9|2|0|0|2|2|3|2|0|2|2|2|2
19058,1,False,1,2,1,1|1|1|1|1|1|1|1|0|1|1|1|1|1|0
19064,1,False,1,9,1,1|1|0|3|8|1|1|2|1|5|2|6|2|1|2
19065,4,False,4,5,4,4|4|4|4|4|4|9|4|4|9|9|4|9|4|9
19073,9,True,4,15,3,3|6|6|6|2|3|6|3|6|3|6|3|3|0|3
19087,8,False,8,2,8,8|8|8|8|8|3|8|8|8|8|8|8|3|8|8
19096,5,True,6,15,4,6|6|4|4|4|8|6|4|6|4|2|6|4|4|4
19102,4,False,4,6,4,9|4|4|4|9|4|4|4|9|9|9|9|4|4|4
19111,9,True,7,12,7,7|7|7|9|7|7|7|7|9|7|9|7|7|7|7
19123,4,True,6,15,0,0|0|0|0|0|0|0|0|0|0|0|0|0|0|0
19140,4,True,6,10,6,6|6|6|4|1|6|4|6|6|6|4|6|4|6|4
19154,2,True,4,12,4,6|2|4|4|0|2|4|4|4|4|0|4|2|6|4
19185,5,False,5,9,7,8|5|7|5|5|7|1|7|5|7|5|5|7|7|7
19189,5,True,8,14,8,8|5|8|8|8|6|8|8|8|8|8|8|8|8|8
19198,1,True,8,14,8,7|8|0|8|1|8|8|8|8|8|8|8|8|8|9
19229,9,True,7,14,5,7|5|7|5|7|6|1|1|9|5|5|1|3|8|5
19242,4,True,1,11,1,1|1|4|1|1|1|7|1|4|1|1|4|4|0|1
19245,9,False,9,11,5,2|2|5|7|5|5|5|5|5|5|9|9|9|5|9
19256,1,True,3,15,6,0|6|4|6|0|2|6|2|6|6|6|6|6|6|4
19272,0,True,1,15,1,1|1|1|1|1|1|1|1|1|9|1|1|1|1|1
19277,2,True,3,6,2,2|2|3|2|2|3|3|3|2|3|2|3|2|2|2
19280,5,True,9,1,5,9|5|5|5|5|5|5|5|5|5|5|5|5|5|5
19283,3,True,8,11,8,1|8|8|8|8|3|3|8|8|8|8|8|3|8|3
19291,6,True,0,6,6,4|6|4|0|0|6|6|6|6|0|6|6|6|6|4
19331,0,True,2,6,0,0|4|4|4|0|0|0|6|0|0|4|0|0|6|0
19335,0,True,2,14,4,4|4|4|4|4|8|8|2|0|4|8|4|4|4|4
19363,1,False,1,2,1,1|1|1|1|1|1|1|1|1|7|7|1|1|1|1
19401,9,True,7,9,7,9|7|7|9|7|7|7|7|9|9|7|7|9|9|7
19405,9,True,4,15,4,4|4|4|4|4|6|4|4|4|3|4|4|0|4|4
19419,6,True,0,3,6,6|0|6|6|0|6|6|6|6|6|6|6|6|6|0
19461,6,False,6,15,4,4|4|4|4|4|4|4|4|4|4|4|4|4|4|4
19483,9,True,7,7,9,9|9|9|9|5|7|9|2|7|9|2|9|3|7|9
19486,1,True,3,13,3,3|2|3|1|5|6|3|3|3|0|2|3|1|3|3
19513,5,True,9,0,5,5|5|5|5|5|5|5|5|5|5|5|5|5|5|5
19516,0,True,2,2,0,0|0|0|0|0|0|2|0|0|0|0|0|0|2|0
19518,9,True,7,9,7,7|7|5|9|7|9|9|7|9|9|7|7|9|7|7
19519,7,True,5,9,5,7|7|7|5|5|5|7|5|5|5|5|5|7|7|5
19522,7,False,7,1,7,7|7|7|7|7|7|7|7|7|7|7|7|7|7|9
19526,6,False,6,13,4,1|2|4|4|1|6|3|3|6|4|3|3|4|2|4
19531,4,True,5,15,7,7|7|7|5|7|7|5|1|7|5|5|7|7|7|2
19544,0,False,0,6,0,6|0|0|0|0|3|0|6|6|0|0|6|0|6|0
19561,4,True,6,10,0,0|6|4|0|0|4|0|0|0|0|4|0|0|4|4
19569,4,False,4,10,4,9|4|8|4|8|0|2|4|2|4|2|2|0|6|4
19609,2,True,7,15,7,7|7|7|9|7|7|3|7|7|3|7|7|3|7|7
19640,0,True,1,9,1,0|0|1|1|1|0|0|1|1|5|1|1|0|0|1
19642,1,False,1,4,1,1|1|1|1|1|0|7|1|1|1|7|1|1|7|1
19650,4,True,6,15,6,6|6|0|0|0|2|6|0|6|6|6|6|6|6|6
19656,0,False,0,7,0,0|0|0|0|0|6|6|0|6|0|6|6|6|6|0
19657,1,False,1,4,1,1|1|1|1|1|7|1|1|1|7|7|7|1|1|1
19666,6,True,3,14,3,6|3|3|3|2|2|3|3|3|3|3|3|0|3|3
19698,7,True,8,14,8,3|8|8|8|8|8|8|8|8|7|8|8|8|8|8
19727,9,True,4,4,9,4|9|4|4|9|9|9|9|9|4|9|9|9|9|9
19732,0,True,2,8,0,4|0|0|2|0|0|0|9|0|2|0|4|2|2|2
19750,8,True,1,15,1,1|7|1|1|1|1|1|1|1|1|1|1|1|1|1
19755,7,True,8,13,8,8|7|1|8|8|7|8|8|8|8|8|8|8|8|8
19757,4,True,1,14,1,7|0|1|1|4|7|1|1|1|0|1|1|0|1|1
19763,0,False,0,10,6,3|0|6|0|2|6|0|6|0|6|6|6|6|6|0
19800,3,True,8,9,8,3|8|8|8|8|3|3|3|8|3|8|8|8|8|3
19801,4,True,6,15,6,7|6|0|6|2|3|6|5|6|3|7|6|7|3|2
19802,0,True,2,9,-1,2|0|2|0|2|4|0|0|2|2|2|4|9|0|0
19829,6,True,0,11,0,0|0|1|0|0|0|0|0|6|6|0|0|6|6|0
19857,9,True,4,5,9,9|4|4|9|9|9|9|4|9|4|9|9|9|4|9
19858,1,False,1,8,-1,1|0|1|1|1|0|0|1|0|0|6|1|0|1|0
19860,0,True,2,7,0,4|2|4|2|0|0|2|2|0|0|0|0|0|2|0
19869,1,False,1,9,1,1|3|1|1|1|0|8|3|1|4|0|1|0|4|6
19888,5,True,8,14,8,3|8|8|8|8|2|3|3|8|5|3|8|8|8|8
19913,9,True,4,14,4,4|2|4|4|4|8|4|8|4|0|8|4|9|4|2
19937,4,True,7,15,7,7|7|2|7|7|7|7|7|2|5|7|7|2|7|7
19945,6,True,2,14,2,2|2|4|2|5|9|2|3|6|3|2|9|4|4|4
19956,6,True,0,9,0,0|6|0|0|0|6|0|0|6|0|0|6|6|6|0
19967,4,True,6,11,-1,6|4|4|5|6|9|4|8|6|6|0|2|9|4|3
19988,4,False,4,1,4,4|4|4|4|4|6|4|4|4|4|4|4|4|4|4
19999,9,True,4,11,4,9|4|4|4|9|4|9|4|4|4|4|4|9|4|4
20025,0,False,0,12,6,5|6|6|3|1|6|4|1|6|0|0|6|6|0|3
20035,0,True,2,4,0,0|0|0|0|0|0|0|2|0|2|2|0|0|2|0
20039,6,True,0,2,6,6|6|6|6|4|6|6|6|6|6|6|6|0|6|6
20068,0,False,0,9,6,6|6|6|6|0|6|0|6|6|0|0|0|0|6|2
20074,3,False,3,6,3,3|6|3|3|2|6|3|3|3|3|0|3|0|3|2
20094,4,True,6,5,4,9|6|4|4|4|9|4|4|6|4|4|4|6|4|4
20114,8,True,2,14,2,0|2|2|0|2|2|2|0|2|0|2|2|2|8|2
20121,1,False,1,0,1,1|1|1|1|1|1|1|1|1|1|1|1|1|1|1
20143,9,True,8,15,8,3|8|8|8|8|8|3|8|3|8|8|8|8|8|8
20147,2,True,5,15,5,5|5|5|5|5|5|5|7|5|5|5|7|5|5|5
20148,9,False,9,11,5,2|5|5|9|5|6|7|2|5|5|9|9|5|5|9
20161,9,True,4,8,4,9|4|9|4|4|9|9|4|9|9|9|4|4|4|4
20174,9,False,9,14,5,9|5|5|5|5|5|5|5|5|5|5|5|5|5|5
20188,3,False,3,4,3,3|2|3|3|2|6|3|3|3|3|3|3|6|3|3
20207,2,True,3,10,3,3|2|3|3|0|2|2|3|2|3|2|3|0|3|3
20212,1,False,1,4,1,1|1|1|1|1|7|7|1|1|7|7|1|1|1|1
20219,0,True,1,13,1,1|1|1|1|1|0|1|1|1|1|1|1|0|1|1
20236,5,False,5,3,5,5|2|5|5|5|7|5|5|5|5|5|5|2|5|5
20237,3,False,3,4,3,8|3|3|3|3|3|3|3|2|3|3|3|2|8|3
20246,8,True,6,15,0,0|0|0|9|0|0|0|0|0|2|0|2|2|2|0
20283,6,True,2,12,2,2|2|3|2|4|6|6|9|2|4|9|2|2|6|2
20286,7,True,8,8,-1,7|8|7|8|8|8|1|8|7|7|7|8|7|8|7
20290,3,True,4,15,4,4|4|4|4|4|4|9|4|9|9|9|9|9|4|4
20349,2,True,5,15,5,1|5|1|1|5|5|5|5|5|5|5|3|1|5|5
20353,7,True,8,11,8,7|7|7|8|1|7|1|8|8|8|2|8|8|8|2
20358,4,True,6,13,2,0|2|3|4|2|6|2|0|4|3|2|2|2|6|2
20384,6,True,9,15,5,5|5|5|5|5|5|5|5|5|5|5|5|5|5|5
20407,0,False,0,14,6,6|6|6|6|0|6|6|6|6|6|6|6|6|6|6
20410,4,True,6,4,4,4|4|4|4|4|6|6|6|6|4|4|4|4|4|4
20419,6,True,0,6,6,0|0|6|0|0|6|6|0|6|6|6|6|6|6|0
20460,9,True,7,7,9,9|7|7|9|9|7|9|7|7|7|9|9|9|7|9
20475,9,True,8,15,8,3|0|8|8|8|8|3|3|8|8|8|8|8|8|8
20481,9,False,9,6,9,9|7|9|9|9|7|9|7|7|9|7|9|9|7|9
20505,2,True,7,14,7,7|5|7|1|7|7|2|7|7|5|7|7|4|7|7
20541,4,False,4,8,-1,9|4|4|4|4|9|9|9|9|0|9|9|4|4|4
20542,8,True,2,15,0,0|0|0|0|0|0|0|2|0|0|0|0|2|2|2
20544,8,True,6,15,3,3|2|3|2|3|6|3|3|2|3|2|3|3|3|2
20554,5,False,5,10,2,2|2|5|2|5|6|2|5|5|5|7|8|2|2|8
20567,7,False,7,6,7,7|2|1|7|7|8|7|7|1|5|7|7|7|3|7
20574,5,True,9,1,5,5|5|5|5|5|5|9|5|5|5|5|5|5|5|5
20596,9,False,9,13,5,9|5|5|5|5|5|5|5|5|5|5|5|9|5|5
20617,6,True,0,10,0,0|0|4|0|0|6|0|6|6|0|0|0|0|6|6
20626,7,False,7,3,7,7|7|7|9|7|7|7|7|7|7|7|7|9|7|9
20632,1,True,3,15,-1,3|6|6|2|2|6|6|3|4|3|8|4|3|6|3
20646,5,False,5,8,2,2|2|5|5|5|5|5|5|2|2|5|2|2|2|2
20657,9,True,7,11,7,7|7|7|1|7|9|9|7|7|9|7|7|9|7|7
20659,5,False,5,2,5,3|5|5|5|5|5|5|5|5|5|5|5|5|3|5
20661,2,True,3,12,0,6|0|2|2|0|3|6|3|4|3|0|0|2|9|0
20678,9,False,9,8,9,7|2|7|9|7|9|9|7|9|5|9|9|7|2|9
20694,4,True,6,2,4,4|4|4|4|0|4|9|4|4|4|4|4|4|4|4
20699,2,True,3,13,3,3|6|3|3|1|6|3|3|3|3|2|3|2|6|3
20706,6,False,6,13,4,4|4|4|4|4|6|6|4|4|4|4|4|4|4|4
20710,4,True,6,12,-1,0|4|4|2|0|2|0|0|0|2|2|0|2|2|4
20717,1,False,1,8,-1,0|0|1|1|1|1|1|1|0|0|0|3|1|0|0
20737,3,False,3,9,3,6|2|6|6|2|3|3|3|6|6|2|3|3|0|3
20758,6,True,0,3,6,6|6|6|0|4|6|6|6|6|6|6|6|6|6|4
20760,3,True,7,14,7,7|7|7|7|7|7|7|7|7|7|7|7|3|7|7
20762,9,False,9,7,9,9|2|5|9|5|9|9|7|5|5|9|9|9|2|9
20788,0,False,0,10,6,6|0|6|0|0|6|6|0|6|6|6|6|6|6|0
20815,7,True,5,12,-1,7|2|1|1|1|7|3|5|5|5|7|5|1|2|2
20816,0,True,1,14,1,1|7|1|1|1|1|1|1|1|9|1|1|0|1|1
20821,0,True,1,8,-1,0|0|1|1|0|0|0|1|0|1|2|1|1|1|0
20826,1,False,1,0,1,1|1|1|1|1|1|1|1|1|1|1|1|1|1|1
20827,6,False,6,15,0,4|0|4|4|0|2|2|9|0|0|4|0|0|9|0
20830,2,True,3,13,3,3|6|3|3|2|3|3|3|3|3|3|3|2|3|3
20846,1,True,8,14,8,7|8|8|8|7|8|1|8|8|8|8|8|8|8|8
20847,8,True,3,15,-1,3|1|5|7|5|3|1|3|6|2|7|6|6|1|0
20850,6,True,3,15,2,2|2|3|2|2|2|2|3|2|3|2|3|3|2|2
20886,4,True,1,13,1,1|1|4|1|1|0|0|1|1|0|2|4|1|1|0
20912,8,True,7,15,-1,7|5|5|5|7|5|7|1|7|5|7|7|5|7|5
20927,1,False,1,1,1,1|1|1|1|1|1|1|1|1|1|7|1|1|1|1
20937,6,True,5,15,5,7|2|5|5|5|5|5|5|5|5|5|5|1|5|1
20943,1,True,5,15,5,7|2|7|5|5|5|5|5|7|5|7|5|5|5|5
20955,4,True,7,14,7,4|7|7|1|7|2|7|7|7|7|7|7|7|7|7
20958,8,False,8,2,8,3|8|8|8|8|8|3|8|8|8|8|8|8|8|8
20972,3,False,3,5,3,3|6|3|3|1|3|3|3|6|3|3|3|0|1|3
20981,3,True,8,7,3,3|8|8|8|3|3|3|3|8|3|3|3|8|8|8
20982,7,True,5,2,7,7|7|7|5|7|7|7|5|7|7|7|7|7|7|7
20988,2,True,9,15,5,5|5|9|6|5|5|5|5|5|5|5|5|9|5|9
21000,7,False,7,2,7,7|7|7|4|7|7|7|7|7|7|7|7|8|7|7
21007,8,False,8,6,8,7|1|1|8|8|1|8|8|1|8|8|8|1|8|8
21019,2,True,3,8,3,3|2|3|2|2|2|3|3|3|3|3|3|2|2|2
21027,7,False,7,4,7,7|7|7|2|7|7|2|7|7|2|7|7|9|7|7
21033,3,False,3,13,4,4|1|4|3|3|4|4|9|4|4|4|4|4|4|4
21052,2,True,5,10,5,2|2|5|2|5|5|2|5|5|2|5|5|4|5|5
21069,4,False,4,13,0,2|0|1|5|0|6|6|7|0|4|0|2|6|4|2
21092,6,True,3,15,2,2|2|3|2|2|3|3|3|2|3|2|3|2|3|2
21138,6,True,0,11,0,0|0|1|6|0|2|6|5|0|6|2|0|0|6|2
21141,9,True,4,10,4,4|4|4|4|9|9|4|4|9|3|4|2|9|9|4
21143,6,True,0,6,6,0|6|0|0|0|0|6|6|6|6|6|6|6|6|0
21164,9,True,7,11,7,7|7|9|9|7|9|7|2|7|7|7|7|9|7|7
21166,0,True,2,7,0,0|6|0|8|4|0|0|0|6|0|2|0|0|2|2
21168,6,False,6,4,6,6|6|6|6|0|6|6|4|4|6|6|6|6|6|4
21177,4,False,4,8,4,1|4|4|4|0|2|3|4|6|4|9|4|9|6|4
21205,4,True,7,15,7,7|7|7|7|7|5|2|7|7|7|9|7|5|7|9
21207,5,True,9,2,5,9|5|5|5|5|5|5|5|5|5|5|5|9|5|5
21244,6,True,0,8,-1,0|6|0|6|0|6|6|0|6|0|0|6|0|6|3
21258,7,True,5,10,7,3|3|5|2|5|7|3|7|1|5|2|3|7|7|7
21272,0,False,0,8,0,6|6|4|4|0|0|0|6|6|6|0|0|0|6|0
21279,6,True,0,8,0,0|6|0|0|0|6|6|0|0|0|6|6|6|6|0
21280,6,True,0,10,4,4|6|4|0|0|6|6|5|0|4|4|6|4|6|4
21289,7,False,7,3,7,9|7|7|9|7|7|7|7|9|7|7|7|7|7|7
21296,8,False,8,3,8,3|8|8|8|8|8|8|8|8|8|8|8|3|7|8
21299,8,False,8,1,8,7|8|8|8|8|8|8|8|8|8|8|8|8|8|8
21312,0,False,0,10,6,6|6|0|0|0|6|6|6|6|0|6|6|6|6|0
21321,6,True,0,3,6,6|6|6|6|0|6|6|6|0|0|6|6|6|6|6
21333,0,True,2,14,2,2|2|8|4|0|6|2|8|2|6|2|6|2|2|2
21339,4,False,4,5,4,4|4|4|4|9|6|9|4|9|4|4|4|9|4|4
21354,6,False,6,13,4,1|4|0|4|1|9|8|9|6|4|3|1|4|6|4
21397,4,True,0,15,6,3|2|6|8|0|8|6|7|6|3|3|6|0|8|2
21402,9,False,9,12,5,8|7|9|5|7|3|9|5|5|5|5|8|9|5|7
21415,9,False,9,13,5,9|5|5|5|5|5|5|5|5|5|5|5|9|5|5
21431,9,True,7,14,7,7|7|7|9|5|7|1|7|7|5|7|7|7|2|7
21437,6,False,6,15,4,4|4|4|4|4|4|4|4|4|4|4|4|4|4|4
21439,4,True,6,0,4,4|4|4|4|4|4|4|4|4|4|4|4|4|4|4
21452,1,True,3,15,9,9|9|9|4|4|9|9|8|9|4|9|4|9|7|8
21455,6,True,2,15,3,2|2|4|9|0|3|3|9|3|3|2|3|2|3|2
21468,3,False,3,4,3,3|2|3|3|2|3|3|3|2|3|2|3|3|3|3
21517,5,False,5,8,-1,7|7|5|5|5|7|7|1|5|5|5|5|7|7|7
21542,9,False,9,11,5,9|5|5|5|5|5|9|5|5|5|5|5|9|5|9
21566,3,False,3,6,3,2|2|3|3|2|3|3|3|2|3|2|3|2|3|3
21593,8,True,2,9,8,1|8|8|6|4|0|1|8|8|0|8|8|0|6|2
21597,3,True,2,4,3,3|0|3|3|3|9|3|3|3|3|3|3|4|3|2
21619,6,False,6,10,0,0|6|0|0|0|6|0|0|0|0|0|6|6|6|0
21646,3,False,3,9,3,1|2|3|3|7|3|6|3|6|3|2|3|0|8|2
21674,7,False,7,2,7,7|7|7|1|7|7|7|7|7|7|9|7|7|7|7
21695,3,False,3,3,3,1|2|3|3|2|3|3|3|3|3|3|3|3|3|3
21697,4,False,4,13,6,9|6|6|3|3|6|3|1|6|6|4|3|9|6|4
21707,7,False,7,10,9,7|1|5|9|9|9|9|7|5|9|9|7|9|7|7
21710,5,False,5,6,5,3|5|5|3|5|3|5|5|5|3|5|5|3|5|1
21715,3,False,3,7,3,2|0|6|3|3|2|3|3|6|3|2|3|2|3|3
21736,8,True,2,15,0,0|0|4|0|0|0|0|0|0|0|0|0|0|0|2
21739,2,False,2,15,0,0|0|0|0|0|0|0|0|0|4|0|0|0|0|0
21741,9,True,4,10,4,4|4|4|9|9|0|4|9|4|4|9|4|2|9|4
21762,6,True,0,10,-1,6|0|1|4|0|6|6|0|0|0|8|6|1|6|4
21769,5,False,5,10,5,1|2|5|8|5|1|3|7|2|5|7|5|1|5|8
21786,2,True,7,15,7,7|7|9|7|7|5|7|7|5|7|1|7|7|1|9
21788,7,True,1,15,1,1|1|1|1|1|1|0|1|1|9|1|1|1|0|0
21803,9,True,7,12,7,9|7|7|9|7|9|7|7|7|7|7|7|7|7|7
21815,2,False,2,10,0,2|0|0|0|0|2|2|0|8|0|2|8|2|0|0
21859,3,False,3,15,0,0|0|4|6|0|0|0|9|6|0|2|0|0|6|4
21866,5,True,9,1,5,5|5|5|5|5|5|5|5|5|5|5|5|9|5|5
21867,1,True,8,12,8,1|8|8|8|1|8|8|8|8|8|8|8|8|1|8
21886,6,True,3,15,3,2|2|3|3|2|3|3|3|3|3|0|3|3|8|0
21903,4,False,4,10,9,9|4|4|4|9|9|9|9|4|9|9|9|9|9|4
21929,5,False,5,3,5,5|5|5|5|5|5|5|5|5|3|1|8|5|5|5
21930,9,True,7,12,7,7|7|7|9|7|7|9|7|7|7|7|9|5|7|7
21966,7,False,7,4,7,7|7|7|9|7|5|7|7|7|5|7|9|7|7|7
21968,6,True,3,14,3,2|2|3|3|2|3|3|3|6|3|3|3|2|3|3
21971,6,True,0,3,6,6|6|6|6|4|6|4|6|6|6|6|6|6|6|4
21989,2,True,3,11,3,3|2|3|2|2|3|3|3|1|3|2|3|3|3|3
22004,9,True,7,15,7,7|2|7|5|7|7|2|7|7|3|7|2|7|5|7
22020,1,True,5,11,5,1|1|5|1|1|5|5|5|5|5|5|5|5|5|5
22035,7,False,7,4,7,7|1|7|4|5|7|4|7|7|7|7|7|7|7|7
22039,5,True,9,9,-1,2|9|5|9|9|5|5|2|5|5|9|9|9|5|2
22043,5,False,5,6,5,5|5|5|5|5|2|2|5|7|5|7|5|2|2|5
22047,6,False,6,5,6,0|6|6|6|0|3|0|6|6|0|6|6|6|6|6
22058,2,True,9,13,5,5|5|5|5|9|9|5|2|5|5|9|5|5|2|9
22071,7,False,7,2,7,7|7|4|4|7|7|7|7|7|7|7|7|7|7|7
22088,2,True,3,4,2,2|2|3|2|2|2|2|3|2|3|2|3|2|2|2
22107,3,True,5,15,5,1|2|5|5|5|5|7|5|5|5|5|5|5|5|5
22138,5,False,5,12,7,7|7|7|1|7|7|5|1|7|5|5|7|7|7|2
22145,3,True,7,15,7,7|7|7|9|2|7|2|7|7|7|7|5|7|7|2
22170,5,False,5,8,-1,2|2|5|2|5|5|2|5|5|5|1|5|2|2|2
22178,4,True,6,15,6,6|0|6|0|0|6|6|6|6|6|6|3|0|6|6
22209,4,False,4,7,4,3|6|4|0|0|4|4|9|4|4|9|4|4|6|4
22212,6,False,6,8,-1,0|6|3|3|3|6|6|3|6|3|3|3|6|6|6
22218,0,False,0,11,6,6|6|6|0|0|6|6|0|6|6|6|6|6|0|6
22233,4,False,4,4,4,2|4|4|4|4|6|4|4|4|4|4|4|0|4|0
22240,6,False,6,14,4,4|4|4|4|4|4|4|4|6|4|4|4|4|4|4
22252,1,True,5,12,-1,7|1|5|1|5|6|5|7|7|5|5|7|7|4|1
22294,2,True,3,11,-1,0|1|6|0|8|3|2|4|2|2|0|3|3|2|3
22305,5,True,9,0,5,5|5|5|5|5|5|5|5|5|5|5|5|5|5|5
22317,9,True,4,5,9,9|9|4|4|9|4|4|9|9|9|9|9|9|4|9
22335,0,True,2,1,0,0|0|0|0|0|6|0|0|0|0|0|0|0|0|0
22350,3,True,5,15,5,1|5|5|5|1|5|5|5|1|5|5|1|5|5|5
22354,3,True,2,9,-1,2|2|3|2|3|6|3|9|6|3|2|3|2|3|2
22376,1,False,1,1,1,1|1|1|1|1|7|1|1|1|1|1|1|1|1|1
22377,1,True,5,14,5,2|7|8|5|5|5|5|5|5|5|5|5|5|5|1
22384,9,True,4,10,4,9|4|4|4|4|9|4|4|9|4|9|4|9|4|4
22401,9,True,8,15,8,8|8|8|8|8|8|8|8|8|8|8|8|8|7|8
22409,5,False,5,4,5,3|5|5|5|5|5|1|5|5|5|5|1|5|3|5
22427,2,True,3,12,3,2|3|3|3|2|8|3|3|8|3|8|3|8|2|3
22436,5,True,9,1,5,9|5|5|5|5|5|5|5|5|5|5|5|5|5|5
22446,7,True,8,15,8,1|8|8|8|8|1|8|8|1|8|8|8|8|1|8
22448,6,True,0,13,1,3|0|3|8|1|2|3|5|1|6|1|4|6|1|4
22452,0,True,1,12,1,1|0|1|1|0|1|1|3|1|0|2|1|1|1|1
22493,0,True,1,15,1,1|1|1|1|1|1|1|1|1|1|1|1|1|1|1
22525,2,True,7,14,7,7|7|7|2|7|7|3|7|7|3|7|7|7|7|7
22540,9,True,4,12,4,9|9|4|4|4|4|4|4|4|4|9|4|4|4|4
22567,5,False,5,1,5,5|5|5|5|5|5|5|7|5|5|5|5|5|5|5
22602,2,True,5,11,5,5|2|5|5|5|5|2|5|5|2|5|5|5|2|5
22658,3,False,3,9,3,3|2|4|2|3|2|6|3|6|2|3|3|2|6|3
22679,0,True,1,9,1,1|0|1|1|0|0|1|1|1|0|0|1|1|1|0
22682,9,True,7,15,7,7|7|7|1|7|7|7|7|7|7|7|7|7|7|7
22708,5,True,8,15,8,3|8|8|8|8|8|8|8|3|8|8|8|1|8|8
22764,6,False,6,6,6,6|6|4|0|0|6|6|8|6|6|6|6|0|6|0
22765,5,True,9,0,5,5|5|5|5|5|5|5|5|5|5|5|5|5|5|5
22766,9,True,6,15,4,6|4|4|4|0|2|6|2|6|4|2|6|4|4|4
22822,6,True,2,9,6,9|6|4|3|8|6|6|9|6|4|2|2|6|6|2
22831,2,True,3,12,3,3|2|3|3|2|3|3|3|3|3|2|3|3|3|6
22837,1,True,3,13,6,6|2|6|1|0|6|3|3|2|6|3|6|3|1|2
22848,7,False,7,3,7,9|7|7|1|7|7|9|7|7|7|7|7|7|7|7
22855,6,False,6,8,6,2|6|4|2|3|6|6|6|3|3|3|6|6|6|3
22869,0,True,1,14,1,1|1|1|1|1|1|1|1|1|0|1|1|1|1|1
22890,3,True,7,15,7,7|7|7|9|7|7|7|7|7|7|7|7|7|2|7
22893,9,False,9,6,9,9|7|5|9|5|9|9|7|9|5|9|9|9|8|9
22910,6,False,6,12,4,4|4|6|4|4|6|4|4|4|4|4|4|9|6|4
22931,4,True,6,9,4,4|6|4|4|0|4|6|0|9|4|3|6|0|4|6
22933,9,True,7,15,7,7|7|7|7|7|7|7|7|7|7|7|7|7|4|7
22947,5,False,5,3,5,1|5|5|5|5|7|5|5|5|5|5|5|5|5|7
22973,0,True,1,6,0,0|0|1|1|0|0|6|3|0|0|0|6|2|0|0
23038,3,True,5,15,9,7|7|7|9|9|9|1|2|2|7|9|9|7|2|9
23046,0,True,4,15,4,9|4|4|4|9|9|3|4|9|4|9|4|4|4|4
23055,5,False,5,8,-1,1|5|5|5|1|1|3|1|5|5|5|1|1|1|5
23063,2,True,7,15,7,7|7|7|7|7|7|7|7|7|7|7|7|7|7|7
23076,5,True,9,6,5,2|2|5|5|2|5|5|5|5|5|5|9|9|5|9
23079,4,True,6,13,2,2|2|0|4|2|6|0|8|0|4|2|2|2|2|2
23092,7,True,1,15,1,1|0|1|1|1|1|1|1|1|1|0|1|0|0|1
23101,7,False,7,4,7,7|7|7|1|7|7|7|7|9|7|7|9|7|7|9
23104,9,True,7,14,7,7|7|7|2|7|7|9|7|7|7|7|7|7|7|7
23123,4,True,7,13,7,7|7|4|8|7|7|4|7|3|7|7|7|0|3|7
23132,6,True,7,15,5,9|5|5|9|9|7|9|5|5|9|5|5|7|7|5
23154,1,False,1,0,1,1|1|1|1|1|1|1|1|1|1|1|1|1|1|1
23156,3,True,8,13,8,7|8|8|8|3|8|8|8|8|3|8|8|8|8|8
23161,8,False,8,8,-1,3|8|8|8|9|3|3|3|8|3|8|3|8|8|3
23169,0,True,2,7,0,0|0|4|4|0|0|2|9|0|2|0|0|0|4|4
23194,0,True,1,10,1,1|1|1|1|0|0|1|1|0|1|0|1|0|1|1
23201,0,True,2,8,0,6|4|4|4|4|2|0|0|0|0|0|4|4|0|0
23227,1,False,1,4,1,0|0|1|1|1|0|1|1|1|1|1|1|0|1|1
23272,8,True,3,14,3,7|5|8|5|3|3|2|3|2|3|3|3|7|5|7
23299,0,False,0,14,6,6|6|6|6|0|6|6|6|6|6|6|6|6|6|6
23308,0,False,0,4,0,6|6|0|0|0|6|0|0|0|0|0|0|0|6|0
23318,2,False,2,13,3,9|6|8|2|1|1|6|2|3|3|3|4|8|3|4
23325,9,True,7,12,7,7|7|5|9|7|9|5|7|7|7|7|7|9|2|7
23331,6,True,0,7,6,6|0|0|0|0|0|6|0|0|6|6|6|6|6|6
23370,3,False,3,9,2,2|2|3|2|2|3|2|3|3|3|2|3|2|2|2
23371,6,False,6,9,-1,6|6|6|0|0|6|6|6|0|2|2|0|0|0|2
23374,2,True,3,13,3,2|4|3|3|0|6|3|9|9|3|9|3|3|2|6
23384,1,True,5,13,5,1|7|5|9|5|3|5|3|5|5|5|1|3|5|5
23397,6,False,6,15,8,8|8|8|8|8|8|8|8|8|8|8|5|8|4|8
23446,6,False,6,13,3,3|0|6|4|2|3|3|3|1|3|3|3|3|3|6
23452,6,True,0,7,6,6|0|6|6|0|0|6|0|6|3|6|6|0|0|6
23483,1,True,8,14,8,4|8|1|8|9|9|3|8|8|4|8|8|9|8|4
23525,6,False,6,13,0,0|6|0|0|0|2|4|0|0|4|0|0|2|6|0
23560,3,False,3,8,3,3|2|1|3|2|3|3|3|3|4|2|3|2|6|2
23571,7,False,7,15,5,5|5|5|5|5|5|5|5|5|5|5|5|5|5|5
23584,5,True,9,13,9,2|9|5|2|9|7|9|5|9|9|9|9|9|9|9
23585,1,True,8,6,1,1|1|1|1|1|8|8|8|1|8|1|1|8|8|1
23632,7,False,7,1,7,7|7|7|7|7|7|3|7|7|7|7|7|7|7|7
23653,5,False,5,3,5,8|7|5|5|5|5|5|5|5|5|7|5|5|5|5
23657,2,False,2,10,0,0|2|4|2|0|6|0|0|0|2|2|2|0|6|0
23663,2,False,2,10,2,0|8|4|2|0|8|2|0|8|6|2|2|2|8|0
23677,8,True,2,13,2,2|2|8|4|8|2|4|3|0|2|2|2|2|4|2
23687,4,True,6,11,6,6|4|4|8|4|6|6|8|6|8|8|6|0|6|4
23691,2,False,2,10,0,2|0|4|0|0|2|0|0|0|6|0|0|2|2|2
23692,9,True,4,10,4,9|4|6|4|0|6|4|9|9|4|9|2|9|4|4
23698,9,True,4,2,9,9|9|4|9|9|9|9|4|9|9|9|9|9|9|9
23700,6,True,0,3,6,6|6|4|4|4|6|6|6|6|6|6|6|6|6|6
23709,2,True,7,15,7,7|7|7|3|7|7|7|7|7|7|7|7|7|7|7
23716,0,True,2,13,4,4|4|9|4|0|0|2|9|4|9|9|4|2|2|4
23743,2,True,3,9,3,2|2|3|3|2|3|2|6|3|3|3|3|2|3|2
23746,8,True,6,15,6,4|6|0|0|4|9|6|9|6|6|4|0|9|6|4
23769,7,True,5,6,7,7|5|7|5|5|7|7|5|5|5|7|7|7|7|7
23776,3,True,8,13,8,8|8|8|8|8|8|3|8|8|8|8|3|8|8|8
23802,6,True,0,5,6,6|0|6|6|0|6|6|0|6|0|6|6|6|6|0
23806,3,True,5,15,5,7|5|5|5|5|5|7|5|5|5|5|5|7|7|5
23808,9,True,4,9,-1,0|9|4|9|9|6|9|4|0|4|9|4|9|4|4
23843,3,True,8,12,8,8|8|8|8|8|8|3|8|8|3|8|8|8|8|3
23853,5,True,9,2,5,9|5|5|5|5|5|5|5|5|5|5|5|9|5|5
23858,6,False,6,14,4,4|4|4|4|4|6|4|4|4|4|4|4|4|4|4
23860,6,True,0,10,0,0|0|6|0|0|6|0|0|0|6|0|6|0|6|0
23910,2,True,7,15,7,9|7|7|7|7|7|7|7|7|7|7|7|7|7|7
23913,2,True,3,9,3,3|2|3|2|2|3|3|3|2|3|2|3|3|2|3
23920,1,False,1,0,1,1|1|1|1|1|1|1|1|1|1|1|1|1|1|1
23921,0,True,1,14,1,1|1|1|1|1|0|1|1|1|1|1|1|1|1|1
23957,0,True,2,11,2,6|0|4|2|0|0|2|2|4|2|2|2|0|6|2
23976,6,True,3,11,3,3|2|3|6|3|3|3|3|6|3|3|3|0|6|6
23979,1,True,5,15,5,5|5|7|5|5|5|7|5|7|5|7|7|9|5|7
23986,4,True,5,15,5,5|5|5|5|5|5|3|5|5|3|5|5|5|5|5
24002,6,False,6,11,4,6|4|4|4|4|6|4|6|4|4|4|4|6|4|4
24003,4,True,6,14,0,0|6|0|2|0|2|0|6|0|0|0|8|0|0|4
24012,2,False,2,13,0,0|0|0|0|0|0|0|0|0|0|0|0|2|2|0
24016,7,False,7,3,7,9|7|7|2|7|7|7|7|7|7|7|7|7|7|9
24019,4,True,6,10,0,0|0|4|2|0|4|0|4|0|0|2|2|0|4|4
24020,0,True,2,6,0,0|2|0|0|0|0|2|0|4|8|2|0|0|2|0
24050,5,False,5,12,7,1|5|7|9|5|7|1|7|7|7|7|7|9|5|7
24056,1,False,1,15,3,3|2|3|3|3|3|3|3|2|3|3|3|2|3|3
24070,1,True,3,15,4,4|4|4|4|4|0|4|4|4|4|4|0|4|4|4
24071,3,False,3,6,3,1|2|3|3|1|3|3|3|3|3|8|3|8|6|3
24076,0,False,0,11,6,6|6|0|0|0|6|6|6|6|0|6|6|6|6|4
24079,2,False,2,13,8,8|0|8|6|8|5|6|7|2|8|8|5|8|1|2
24109,4,False,4,12,0,0|0|4|2|0|6|0|9|0|6|0|4|2|4|0
24119,9,True,4,7,9,9|9|4|9|0|9|9|9|9|4|9|4|4|4|4
24120,7,True,5,11,5,7|5|5|5|5|5|5|7|5|5|7|5|5|7|5
24131,7,False,7,2,7,7|7|7|7|7|5|7|7|7|9|7|7|7|7|7
24148,1,False,1,1,1,1|1|1|1|0|1|1|1|1|1|1|1|1|1|1
24151,7,False,7,7,7,7|7|7|7|7|9|9|0|7|9|5|7|9|9|7
24195,7,False,7,15,5,5|5|5|5|5|5|5|5|5|5|5|5|9|5|5
24200,4,True,1,15,1,1|1|1|1|1|7|7|1|1|7|2|1|1|1|1
24226,4,False,4,15,9,9|9|9|9|9|9|9|9|9|9|9|9|9|9|9
24239,5,False,5,7,5,1|5|3|5|7|3|5|5|5|3|5|5|1|5|1
24298,2,False,2,14,0,0|0|0|0|0|0|0|0|0|0|2|4|0|0|0
24318,8,False,8,2,8,8|8|8|8|8|3|3|8|8|8|8|8|8|8|8
24321,6,True,0,10,0,0|6|0|0|0|0|0|6|0|6|0|6|0|6|3
24336,9,True,4,11,4,4|4|0|0|0|4|0|9|9|0|9|4|9|4|4
24356,9,True,4,9,4,9|4|4|9|4|9|9|4|4|4|4|4|9|4|9
24382,6,False,6,5,6,0|6|0|6|0|6|6|6|6|6|0|6|6|6|0
24399,5,False,5,2,5,5|5|5|3|5|5|3|5|5|5|5|5|5|5|5
24401,9,True,4,10,4,9|2|4|3|9|9|4|3|9|4|4|4|4|4|9
24417,0,True,1,14,1,1|1|1|1|1|1|1|1|0|9|1|1|1|1|1
24419,7,True,1,12,1,1|1|1|1|1|7|1|1|1|7|7|1|1|1|1
24424,0,True,2,2,0,0|2|0|0|0|0|0|0|0|0|2|0|0|0|0
24433,9,False,9,11,5,8|5|5|9|9|5|5|2|9|7|8|9|5|7|7
24457,4,True,6,5,4,4|4|0|0|4|1|0|4|4|6|4|4|4|4|4
24462,2,False,2,15,0,0|0|0|0|0|0|0|0|0|0|0|0|0|0|0
24492,6,True,0,10,0,0|0|6|0|0|6|0|0|0|0|6|6|0|6|0
24515,2,False,2,14,0,0|0|4|0|0|0|0|0|0|2|0|0|0|0|0
24516,5,True,9,0,5,5|5|5|5|5|5|5|5|5|5|5|5|5|5|5
24541,9,False,9,15,5,5|5|5|5|5|7|5|5|5|5|5|5|5|5|5
24575,9,True,7,14,7,1|2|7|5|7|7|7|7|5|7|5|5|7|1|9
24588,6,True,0,12,0,0|0|0|6|4|0|6|9|0|0|9|0|0|6|0
24590,0,True,1,11,1,1|0|1|1|1|0|1|1|1|0|1|1|1|1|0
24601,0,True,2,2,0,0|2|0|0|0|0|0|0|0|2|0|0|0|0|0
24635,8,True,7,15,7,1|7|5|9|5|3|5|7|7|9|7|9|5|7|7
24652,9,True,4,15,0,6|4|4|0|0|4|0|0|4|0|2|4|2|0|0
24656,7,False,7,5,7,7|7|7|5|7|9|7|7|9|7|9|7|9|7|7
24687,0,True,1,11,8,8|0|0|5|7|2|1|8|8|0|8|8|4|0|9
24692,6,True,0,6,6,6|6|6|6|0|6|6|0|6|0|0|6|0|6|0
24715,6,True,0,8,6,0|6|4|6|0|6|6|0|6|6|0|6|0|0|4
24719,4,True,7,15,7,9|7|7|1|7|9|7|7|7|7|7|7|7|7|7
24729,7,True,5,11,5,7|5|5|5|5|5|7|5|5|5|7|5|5|7|2
24754,7,False,7,4,7,7|7|5|8|7|7|3|7|5|7|7|7|7|7|7
24772,6,False,6,11,4,4|4|6|0|4|4|6|9|6|2|5|6|4|4|4
24784,9,False,9,14,5,5|5|5|5|5|5|5|5|5|5|5|5|9|5|5
24786,6,False,6,14,8,9|8|8|8|9|9|9|8|4|1|3|8|8|6|9
24799,0,True,1,10,1,1|1|1|1|1|0|1|1|1|0|0|1|0|1|0
24836,2,True,7,13,7,7|7|7|9|7|7|7|2|7|7|7|7|3|2|7
24844,3,False,3,14,4,9|4|4|4|0|9|4|9|4|4|4|3|4|2|4
24850,8,True,1,15,1,1|0|1|1|1|1|1|1|1|1|1|1|1|1|1
24896,2,True,3,5,2,2|2|3|2|2|2|2|3|2|3|2|3|3|2|2
24913,9,False,9,13,5,7|5|5|5|5|5|5|5|5|5|5|5|9|5|9
24922,0,False,0,7,0,0|6|6|6|0|6|0|0|0|0|6|6|0|6|0
24933,3,False,3,7,3,6|7|3|3|2|2|3|3|2|3|2|3|2|3|3
24937,7,True,5,12,5,5|7|5|5|5|7|1|5|5|5|7|5|5|5|1
24958,7,True,1,14,1,1|0|1|1|8|7|1|1|1|1|1|1|1|1|0
25028,6,True,0,10,6,0|2|3|5|0|3|4|6|6|6|0|3|0|6|6
25033,3,True,8,14,8,8|8|8|8|8|8|8|8|8|3|8|8|8|8|8
25065,6,True,0,5,6,6|6|0|0|0|6|6|0|6|6|6|6|6|6|0
25073,7,True,1,10,1,1|1|1|1|1|7|7|1|1|7|7|1|7|1|1
25095,1,False,1,3,1,1|1|0|1|1|1|1|1|1|9|1|1|0|1|1
25101,5,False,5,6,5,5|2|5|5|5|5|5|2|5|2|5|2|5|2|2
25138,2,True,7,14,-1,3|5|5|3|3|3|7|5|5|5|7|1|7|2|3
25156,2,False,2,14,0,2|0|4|4|4|6|6|9|4|0|0|0|0|6|0
25159,4,True,6,2,4,4|4|4|4|4|9|4|4|4|4|4|4|4|6|4
25160,6,True,0,10,0,6|6|0|0|0|6|6|0|0|0|0|6|0|0|0
25164,8,False,8,2,8,7|7|8|8|8|8|8|8|8|8|8|8|8|8|8
25177,5,True,9,4,5,9|5|5|5|5|5|5|5|5|5|9|5|9|5|9
25179,1,True,5,15,5,5|5|7|0|5|7|5|5|7|2|9|5|7|5|9
25184,2,True,3,14,3,3|2|3|8|3|3|3|9|3|4|3|3|3|1|3
25193,8,False,8,1,8,3|8|8|8|8|8|8|8|8|8|8|8|8|8|8
25199,5,True,9,0,5,5|5|5|5|5|5|5|5|5|5|5|5|5|5|5
25204,9,True,4,12,4,9|4|4|4|4|6|4|4|9|4|4|4|9|4|4
25214,6,False,6,12,2,9|2|6|8|8|6|2|7|4|4|2|0|9|6|2
25268,4,True,6,10,4,6|2|3|4|8|2|4|4|8|7|4|3|6|6|4
25271,2,False,2,10,2,1|2|8|6|2|2|6|3|2|3|0|0|6|7|2
25294,0,True,2,1,0,0|0|0|0|0|0|0|0|0|0|0|0|0|4|0
25300,1,False,1,4,1,1|1|1|1|1|1|0|1|1|1|0|0|1|1|0
25304,3,False,3,11,3,9|3|3|1|2|6|1|2|6|3|3|6|8|8|2
25307,3,True,8,10,8,8|8|8|8|8|3|3|3|8|3|8|8|3|8|8
25308,9,True,7,15,7,7|7|7|5|2|7|5|5|7|5|7|5|5|8|7
25332,6,False,6,12,4,4|4|4|4|4|6|6|4|6|4|4|4|4|2|4
25343,1,False,1,0,1,1|1|1|1|1|1|1|1|1|1|1|1|1|1|1
25345,8,False,8,8,8,1|1|8|8|1|8|1|0|1|5|8|8|8|1|8
25363,8,False,8,4,8,7|8|8|8|7|7|1|8|8|8|8|8|8|8|8
25365,4,False,4,3,4,4|4|4|4|0|4|4|6|4|4|4|0|4|4|4
25376,3,True,7,13,7,7|7|7|2|7|7|2|7|7|3|7|7|3|2|7
25410,2,False,2,14,4,4|9|4|0|4|2|9|4|9|4|4|4|4|4|0
25411,5,False,5,5,5,7|7|5|5|5|7|5|5|5|5|7|7|5|5|5
25430,1,False,1,11,7,7|7|1|1|7|7|7|1|7|7|7|1|7|7|7
25440,6,True,0,11,6,6|4|6|0|7|4|1|7|6|8|8|5|8|6|0
25460,0,True,1,11,1,1|1|0|1|1|0|0|1|1|1|0|1|1|1|1
25495,0,False,0,12,6,6|6|6|0|0|6|6|6|6|6|0|6|6|6|6
25497,1,False,1,1,1,0|1|1|1|1|1|1|1|1|1|1|1|1|1|1
25508,5,False,5,7,5,7|7|5|5|5|7|5|1|5|7|5|5|7|7|5
25518,9,False,9,14,5,5|5|5|5|5|5|5|5|5|5|5|5|9|5|5
25533,5,True,9,14,-1,9|7|7|2|5|2|2|2|9|2|9|9|9|2|9
25539,3,True,7,14,7,7|7|3|2|7|7|9|7|7|2|7|7|9|2|7
25554,1,True,5,11,5,1|7|5|1|8|3|5|5|5|5|5|5|5|1|1
25564,7,True,8,7,7,7|7|8|8|7|8|1|7|7|7|7|8|8|8|7
25587,4,True,1,11,1,1|1|4|1|1|1|1|4|0|9|2|1|3|4|4
25615,6,False,6,15,-1,0|8|8|8|0|2|8|8|0|2|8|2|2|2|2
25628,6,False,6,11,-1,3|0|6|2|1|6|3|9|3|3|6|2|0|6|0
25637,3,False,3,6,3,2|2|3|3|2|3|3|3|2|3|3|3|2|3|2
25671,6,False,6,15,2,2|0|0|9|2|2|4|2|9|2|2|2|0|2|4
25681,2,True,5,15,5,5|5|5|5|5|5|5|5|5|5|7|5|5|5|5
25684,9,True,3,15,3,6|2|6|3|8|4|3|3|6|2|8|3|1|2|3
25696,4,False,4,8,9,4|4|4|4|4|9|9|9|9|4|9|9|9|4|9
25744,1,True,5,11,5,2|2|1|1|5|5|5|1|5|5|5|1|5|5|5
25759,0,True,1,11,1,1|1|1|1|0|0|1|1|1|1|0|1|0|1|1
25767,0,True,2,9,4,0|4|4|4|0|0|4|4|4|0|4|0|0|4|4
25769,5,True,9,2,5,9|5|5|5|5|5|9|5|5|5|5|5|5|5|5
25797,2,False,2,15,0,0|0|0|0|0|0|0|0|0|0|0|0|0|0|0
25801,3,True,5,15,5,1|5|1|1|5|5|5|1|5|5|5|5|1|5|1
25805,9,True,7,11,7,7|7|7|9|7|7|9|7|9|7|7|7|9|7|7
25808,0,True,1,11,1,1|1|0|1|1|1|1|1|1|0|0|1|0|1|1
25813,3,True,8,15,8,4|9|8|9|1|9|8|5|5|7|8|8|9|8|8
25820,3,True,5,15,7,7|5|7|1|5|6|5|7|7|5|7|7|9|7|5
25836,7,True,8,12,8,7|7|8|8|8|1|8|7|8|8|1|8|8|8|8
25848,5,True,9,0,5,5|5|5|5|5|5|5|5|5|5|5|5|5|5|5
25881,4,True,6,8,-1,0|4|4|0|0|0|4|0|4|0|2|0|4|4|4
25915,4,False,4,8,4,9|4|4|9|4|6|6|4|4|4|9|4|2|2|9
25939,0,False,0,10,6,6|6|4|6|0|6|6|0|6|0|0|6|6|6|0
25954,2,False,2,7,2,2|0|4|2|0|0|2|2|2|2|2|0|0|2|0
25962,4,False,4,0,4,4|4|4|4|4|4|4|4|4|4|4|4|4|4|4
25969,4,True,7,14,7,1|1|7|7|7|7|7|7|7|4|7|7|7|2|7
25987,2,True,7,14,7,7|7|7|7|7|2|7|7|7|7|7|3|7|7|7
26000,9,True,6,15,-1,0|4|0|6|4|6|4|4|6|6|8|4|6|6|4
26007,6,True,0,8,0,6|6|6|0|0|0|0|0|6|0|0|6|6|6|0
26017,4,False,4,4,4,4|4|4|4|0|9|4|4|9|4|9|4|4|4|4
26056,2,True,5,13,5,2|5|5|7|5|5|5|5|5|5|1|5|3|2|5
26064,9,False,9,13,5,9|5|5|5|5|5|5|5|5|5|5|5|9|5|5
26066,4,True,6,1,4,4|4|4|4|4|4|4|6|4|4|4|4|4|4|4
26124,6,False,6,6,6,6|6|4|6|0|2|6|6|6|6|4|6|0|6|4
26135,9,False,9,12,5,9|5|5|5|5|5|5|5|5|5|9|5|9|5|5
26168,0,True,2,2,0,0|0|0|0|0|0|2|0|0|2|0|0|0|0|0
26171,3,False,3,8,2,3|2|3|3|3|2|2|3|2|3|2|3|2|2|2
26177,9,False,9,15,5,5|5|5|5|5|5|5|5|5|5|5|5|5|5|5
26187,0,False,0,11,6,6|6|4|4|0|6|6|9|6|0|0|6|0|6|6
26188,4,False,4,10,9,9|9|9|3|8|6|9|4|9|4|9|4|4|4|9
26212,7,True,8,14,8,8|8|8|8|8|8|3|8|8|3|8|8|8|7|8
26218,4,False,4,9,9,9|4|4|4|9|4|4|9|9|9|9|4|9|9|9
26223,8,True,6,14,2,2|2|4|4|0|6|2|4|8|2|2|0|2|6|2
26236,0,False,0,9,6,6|0|0|6|0|6|6|0|6|6|0|6|6|6|0
26242,9,True,7,14,7,7|7|7|3|7|7|2|7|7|9|7|7|2|2|7
26251,9,True,7,13,7,7|7|5|9|7|7|7|1|9|5|7|7|7|7|7
26279,6,False,6,13,8,8|1|8|8|1|6|8|7|5|5|2|8|8|6|5
26301,3,False,3,8,2,3|2|3|2|2|3|3|3|2|3|2|3|2|2|2
26331,6,True,0,4,6,6|6|6|6|0|0|6|0|6|6|6|6|6|0|6
26338,7,False,7,6,7,7|7|7|2|9|9|7|7|7|7|7|9|9|9|7
26375,5,False,5,6,5,1|5|7|5|5|3|5|5|5|5|5|1|1|1|5
26387,7,False,7,14,9,9|7|9|9|9|9|9|2|9|9|9|9|9|9|9
26403,7,True,5,11,5,7|5|1|5|5|1|7|5|3|2|5|5|7|7|5
26409,5,False,5,7,5,5|5|5|2|5|1|3|5|5|5|5|1|1|1|2
26437,8,False,8,13,3,2|8|6|0|3|3|3|3|6|6|8|3|3|6|3
26438,7,True,1,15,1,1|1|1|1|1|1|1|1|1|1|1|1|1|1|1
26467,9,True,4,11,4,4|9|4|4|0|9|9|4|4|4|9|4|4|4|4
26473,6,True,0,7,6,6|0|0|6|0|6|6|0|6|0|0|6|6|6|0
26504,6,False,6,9,6,6|6|4|4|4|2|6|4|6|0|9|0|6|6|4
26507,9,True,4,13,4,4|4|4|4|0|4|4|4|9|4|9|4|4|4|4
26521,5,True,9,0,5,5|5|5|5|5|5|5|5|5|5|5|5|5|5|5
26526,4,True,1,9,4,1|2|4|4|0|1|4|0|1|0|4|0|4|6|4
26547,0,False,0,8,0,0|0|0|6|4|0|0|9|6|0|0|6|6|6|6
26548,3,False,3,7,3,2|6|3|3|1|3|3|3|6|3|2|3|2|8|3
26594,9,False,9,14,5,5|5|5|5|5|5|5|5|5|5|5|5|9|5|5
26598,0,True,1,11,1,1|0|1|1|1|1|1|1|1|0|0|1|0|1|1
26611,9,True,4,9,4,9|9|4|4|0|9|4|4|9|9|9|4|2|4|4
26692,5,True,9,2,5,9|5|5|5|5|5|5|5|5|5|5|5|9|5|5
26713,9,True,7,12,7,7|7|7|9|7|9|7|7|7|7|7|7|7|7|9
26714,7,False,7,5,7,7|7|7|7|7|9|7|7|9|7|9|7|9|7|9
26719,2,False,2,7,2,0|2|0|2|0|6|2|6|2|2|2|6|2|6|2
26756,2,False,2,14,0,0|0|0|0|0|0|2|0|0|0|0|0|0|4|0
26767,2,True,3,11,3,3|2|3|3|2|3|3|3|3|3|2|3|3|6|2
26800,3,True,8,13,8,8|8|8|8|8|3|8|8|8|8|8|3|8|8|8
26804,6,False,6,14,4,4|4|4|4|4|4|4|4|4|4|4|4|4|6|4
26805,7,True,8,14,8,8|8|8|8|1|7|8|8|8|8|1|1|1|8|8
26810,0,True,2,8,2,0|2|0|2|0|0|2|2|0|2|2|2|2|0|0
26870,5,True,9,3,5,9|5|5|5|5|5|5|5|5|5|9|5|9|5|5
26877,7,False,7,2,7,7|7|7|7|7|7|3|7|7|2|7|7|7|7|7
26891,9,True,8,15,8,8|8|8|8|8|8|7|8|8|8|8|8|8|8|8
26912,0,True,1,15,1,1|1|1|1|1|1|1|1|1|1|1|1|1|1|1
26929,1,False,1,4,1,1|1|1|1|1|7|7|1|1|7|7|1|1|1|1
26938,9,True,7,13,7,1|7|5|9|7|5|7|5|7|5|7|7|7|4|9
26963,3,False,3,9,-1,2|2|3|6|2|3|2|0|2|3|2|3|3|8|3
26979,0,False,0,11,6,0|6|0|0|0|6|6|6|6|6|6|6|6|6|6
26998,9,True,4,9,4,9|4|4|4|9|4|9|4|9|2|9|4|9|4|4
27006,8,False,8,5,8,7|8|8|8|7|7|7|8|7|8|8|8|8|8|8
27013,4,False,4,4,4,4|2|4|4|9|6|4|4|4|4|4|4|9|4|4
27022,4,True,6,11,4,4|4|0|8|0|6|3|0|6|8|9|2|4|4|2
27026,6,True,0,15,1,1|1|3|5|5|7|1|0|1|9|7|0|1|8|0
27039,2,True,7,15,7,7|7|7|1|5|7|7|7|7|7|7|7|3|1|7
27055,0,False,0,6,0,0|0|0|0|0|0|6|0|6|6|0|6|6|6|0
27064,9,False,9,14,5,9|5|5|5|5|5|5|5|5|5|5|5|5|5|5
27073,9,True,7,15,7,7|1|7|5|5|5|5|1|7|7|7|5|7|7|7
27147,7,True,5,5,7,7|7|5|5|7|7|7|7|1|2|7|2|7|7|7
27165,4,True,6,11,0,4|6|4|0|0|2|2|4|2|4|0|0|0|6|6
27174,0,False,0,11,6,0|0|6|0|4|4|6|3|6|6|6|0|6|6|6
27180,4,True,6,12,9,4|2|4|2|9|9|3|4|9|2|9|9|9|9|6
27188,9,True,4,4,9,4|9|4|9|9|9|9|9|9|9|9|4|9|4|9
27198,2,True,3,5,2,2|2|3|2|2|2|3|3|2|3|2|3|2|2|2
27203,3,False,3,4,3,3|2|3|3|2|3|3|3|3|3|2|3|3|2|3
27204,0,False,0,4,0,0|6|0|6|0|6|0|0|0|0|0|0|0|6|0
27206,5,False,5,10,2,2|2|5|5|2|3|5|2|2|5|5|2|2|2|2
27209,6,True,1,15,1,1|1|1|1|1|1|1|1|1|1|7|1|1|1|1
27212,5,False,5,8,5,9|2|5|9|5|6|8|5|8|5|2|5|5|8|5
27218,5,True,9,1,5,9|5|5|5|5|5|5|5|5|5|5|5|5|5|5
27219,4,True,6,3,4,4|4|4|4|0|6|4|4|4|4|4|6|4|4|4
27230,6,False,6,5,6,6|6|4|4|0|6|6|6|6|6|4|6|6|6|4
27232,0,False,0,11,6,4|6|0|0|0|6|6|0|6|6|6|6|4|6|6
27260,3,True,8,14,8,2|2|8|8|5|8|3|7|8|8|8|8|8|8|2
27294,6,False,6,15,4,2|2|8|4|4|4|4|4|4|4|2|3|0|4|2
27305,1,True,8,12,8,1|0|1|8|8|4|1|8|8|8|8|8|5|8|8
27307,7,True,1,13,1,1|0|1|1|1|7|0|1|1|1|1|1|7|1|1
27312,2,True,7,15,7,7|7|7|5|7|9|3|7|5|7|7|7|1|7|7
27315,0,True,2,7,0,0|0|2|0|2|0|2|2|0|2|2|0|0|2|0
27316,4,False,4,10,9,4|9|4|4|9|9|9|9|9|9|9|4|9|4|9
27336,6,False,6,0,6,6|6|6|6|6|6|6|6|6|6|6|6|6|6|6
27351,3,False,3,4,3,3|2|3|3|3|3|3|3|2|3|3|3|2|3|2
27352,2,True,3,12,3,3|6|3|3|3|2|3|3|3|3|2|3|3|2|3
27362,9,False,9,13,5,5|5|5|5|5|5|9|5|5|5|5|5|5|5|9
27379,4,True,6,2,4,4|4|4|4|4|0|4|4|4|4|4|4|4|6|4
27384,9,True,7,13,7,7|7|7|2|9|7|7|7|7|7|7|9|8|7|7
27388,7,True,1,11,1,7|1|1|1|7|1|1|1|1|7|1|1|7|1|1
27429,6,False,6,14,4,4|4|4|4|4|6|9|4|3|3|9|4|1|4|4
27463,8,True,6,15,4,4|4|9|4|9|6|4|9|4|9|4|4|9|4|4
27469,6,True,0,7,6,6|0|0|0|0|6|6|0|6|6|0|6|6|6|0
27476,4,False,4,6,4,4|4|4|4|4|9|4|9|9|4|4|2|9|6|4
27480,0,True,1,10,1,1|1|1|1|1|1|0|1|1|0|0|1|0|1|0
27490,6,False,6,11,4,4|4|4|4|4|6|4|6|4|4|4|4|6|6|2
27571,6,False,6,4,6,4|6|6|6|0|6|6|3|6|6|6|6|0|6|6
27613,9,True,7,15,7,7|7|7|4|1|7|7|7|8|7|7|8|7|7|7
27623,1,False,1,15,3,2|2|3|2|3|0|3|3|3|3|3|3|2|2|2
27640,7,False,7,2,7,7|1|7|4|7|7|7|7|7|7|7|7|7|7|7
27657,3,False,3,8,3,3|2|3|2|0|2|3|9|3|4|2|3|2|3|3
27661,1,False,1,5,1,1|1|1|1|0|0|0|1|1|0|1|1|1|0|1
27665,2,False,2,13,0,0|0|0|4|0|0|0|0|0|0|0|0|2|2|0
27707,6,True,0,5,6,6|6|6|0|0|6|6|0|6|6|6|6|6|0|0
27717,0,False,0,11,6,3|0|6|2|2|0|6|6|6|6|0|3|0|6|6
27723,9,True,7,3,9,9|9|9|9|5|7|9|9|9|9|9|9|9|2|9
27730,6,True,0,7,6,0|0|0|0|0|0|6|6|6|6|6|6|0|6|6
27736,9,True,4,10,4,9|4|4|4|4|4|4|9|9|0|2|4|2|9|9
27748,4,True,6,13,3,3|3|3|5|9|8|5|8|3|6|4|3|0|2|4
27774,8,False,8,6,8,8|8|8|8|1|1|8|7|8|3|9|8|8|5|8
27794,5,False,5,7,5,8|5|5|5|5|5|5|5|8|3|7|8|7|5|7
27818,0,True,2,10,-1,4|0|4|0|2|6|2|9|0|0|2|2|0|4|2
27849,3,False,3,13,9,3|4|4|3|9|9|9|9|9|9|9|4|4|8|4
27855,1,True,5,14,5,5|5|7|5|5|2|5|5|5|5|5|2|5|5|1
27881,9,True,4,7,9,9|9|4|4|9|9|9|9|9|3|4|9|4|4|4
27894,0,True,2,9,0,0|0|4|4|0|2|2|9|4|0|4|0|2|9|0
27895,4,True,6,14,6,6|6|6|0|0|6|6|6|6|6|6|6|6|4|6
27898,8,False,8,5,8,3|8|8|8|8|5|3|8|8|8|8|3|3|8|8
27914,5,False,5,5,5,5|5|5|7|5|5|3|5|5|5|5|7|2|2|5
27935,8,False,8,4,8,7|7|1|8|8|8|1|8|8|8|8|8|8|8|8
27937,7,True,1,14,1,1|1|1|1|1|1|1|1|1|1|7|1|1|1|1
27950,3,False,3,11,1,3|0|6|0|1|1|3|3|1|1|2|3|1|2|0
27976,0,False,0,8,-1,0|6|0|6|0|6|0|0|6|0|0|6|6|6|4
27986,1,False,1,7,1,7|1|1|1|7|7|1|1|7|7|7|1|7|1|1
27987,0,True,2,12,2,2|0|4|2|2|2|2|2|0|2|2|2|2|0|2
27996,7,False,7,3,7,2|7|7|7|7|7|7|7|7|3|7|7|2|7|7
28008,8,True,7,14,7,7|7|7|7|5|7|5|2|7|8|7|7|9|2|7
28018,5,True,8,13,3,3|2|3|3|1|3|3|5|3|5|8|3|3|8|8
28022,6,True,0,12,-1,0|2|1|0|0|3|6|4|6|0|2|4|2|6|2
28031,4,True,6,1,4,4|4|4|4|4|6|4|4|4|4|4|4|4|4|4
28046,4,True,6,12,6,6|6|6|4|0|6|4|6|0|6|6|6|6|6|4
28081,1,True,8,14,8,7|7|8|8|1|8|8|8|8|8|8|8|8|8|8
28091,9,True,4,8,4,9|9|4|4|4|9|9|4|9|4|9|9|4|4|4
28102,1,False,1,4,1,1|1|1|8|1|1|1|1|1|1|2|1|1|3|2
28143,9,False,9,9,9,2|2|5|9|5|5|9|5|9|2|9|5|9|2|9
28148,6,True,0,12,-1,4|2|1|3|4|3|0|6|2|0|2|3|6|6|1
28165,6,False,6,4,6,0|0|6|6|2|6|6|6|6|6|6|6|4|6|6
28167,7,False,7,5,7,7|7|7|2|7|9|7|2|7|7|7|7|2|2|7
28225,1,False,1,2,1,1|1|1|1|1|1|7|1|1|1|7|1|1|1|1
28227,6,True,2,13,-1,9|9|4|4|4|6|3|4|9|3|9|9|3|6|4
28232,1,False,1,15,3,6|0|3|6|0|3|0|3|6|6|3|3|6|8|3
28259,2,True,3,6,2,2|2|3|2|3|2|3|3|2|6|2|3|2|2|2
28268,1,True,5,7,1,5|1|1|1|5|1|5|5|1|5|5|5|1|1|1
28281,8,False,8,15,4,4|4|4|4|2|3|4|4|4|3|4|3|4|4|4
28298,2,True,3,10,3,3|2|3|3|2|3|2|3|3|3|3|3|3|2|2
28304,9,True,6,14,4,4|4|4|4|4|4|4|4|4|4|4|4|9|4|4
28310,1,False,1,6,1,0|1|0|1|1|0|1|1|1|0|0|1|1|1|0
28340,6,True,9,15,5,9|5|5|5|5|8|5|5|5|5|5|5|9|5|5
28344,0,True,1,9,1,1|0|1|1|0|0|0|1|1|1|0|1|1|1|0
28352,9,True,7,15,8,8|8|7|8|5|8|5|8|3|8|5|8|8|8|2
28353,4,True,6,11,-1,9|4|2|4|1|1|3|9|4|2|2|2|9|3|4
28364,1,False,1,3,1,1|1|1|1|1|1|0|1|0|9|1|1|1|1|1
28377,6,False,6,10,4,6|2|4|4|4|6|4|5|6|4|4|6|4|6|4
28380,3,True,5,14,5,7|5|5|3|1|7|5|5|5|2|5|5|5|5|1
28398,9,True,7,15,7,7|7|7|7|7|7|7|7|7|7|7|7|7|7|7
28468,7,True,8,15,8,8|8|8|8|8|8|8|8|8|8|8|8|8|8|8
28490,1,True,3,15,0,0|0|4|4|0|2|2|0|6|0|4|6|0|6|2
28573,4,True,6,8,4,3|4|4|3|4|3|3|4|6|4|9|6|4|6|4
28587,9,True,7,14,7,7|7|7|9|7|3|7|7|7|7|7|7|7|7|7
28593,5,False,5,4,5,1|5|1|5|5|5|5|5|5|5|5|1|5|5|1
28608,6,False,6,13,8,1|4|3|8|9|3|3|8|8|8|8|8|8|6|6
28614,1,False,1,1,1,1|1|1|1|1|1|1|1|1|1|1|1|4|1|1
28661,6,True,9,15,5,5|5|5|5|5|5|5|5|9|5|5|5|9|5|5
28663,6,False,6,11,4,6|4|4|4|0|6|4|6|4|4|6|3|4|4|4
28667,9,True,7,14,7,7|7|7|2|7|7|7|7|7|7|7|7|7|7|9
28668,1,False,1,3,1,1|1|1|1|1|7|1|1|1|1|7|1|1|8|1
28673,6,False,6,14,4,4|4|4|4|4|6|4|4|4|4|4|4|4|4|4
28731,7,False,7,6,7,7|7|7|8|8|2|3|7|7|2|7|7|2|7|7
28735,9,True,7,15,7,7|7|7|1|5|2|1|5|7|5|7|7|3|1|7
28738,6,True,0,7,6,0|0|0|0|0|6|6|0|6|6|0|6|6|6|6
28746,1,True,5,8,1,1|1|5|1|1|5|5|5|1|5|9|7|1|1|5
28748,3,False,3,8,2,3|2|3|2|2|2|3|3|2|3|2|3|2|3|2
28773,5,False,5,4,5,5|5|5|5|5|5|1|5|5|5|7|5|5|7|8
28776,3,True,8,11,8,3|8|8|3|8|5|3|8|8|8|8|3|8|8|8
28793,4,True,1,15,1,1|1|1|1|1|7|1|1|1|7|1|1|7|1|1
28801,3,True,8,14,8,7|8|8|8|8|3|8|8|0|8|8|8|8|8|8
28806,2,False,2,11,0,0|4|4|0|0|0|2|0|0|0|2|0|2|0|2
28808,7,False,7,1,7,7|7|7|7|7|5|7|7|7|7|7|7|7|7|7
28817,0,False,0,8,0,0|6|6|0|2|0|6|6|0|6|0|1|0|0|3
28825,9,True,4,3,9,9|9|4|9|9|9|9|9|9|9|9|4|9|4|9
28826,9,True,8,14,8,9|8|8|8|8|3|8|8|3|3|8|8|8|8|8
28841,9,True,7,9,7,9|7|5|9|7|7|7|7|7|9|7|7|9|9|9
28865,5,True,8,15,8,8|8|8|8|2|8|8|8|8|3|8|8|8|8|8
28869,5,False,5,6,5,7|5|8|3|5|5|2|5|5|5|5|8|7|5|5
28937,7,False,7,2,7,7|7|7|2|7|7|7|7|7|7|7|7|2|7|7
28940,8,True,2,14,0,0|0|8|2|0|0|0|0|0|2|0|2|2|2|0
28983,1,False,1,5,1,0|0|1|1|1|0|1|1|1|0|1|1|1|1|0
29014,8,True,6,15,4,4|4|4|4|4|6|4|4|4|4|9|4|9|4|9
29018,2,True,5,15,7,7|7|5|5|7|7|7|5|7|7|7|5|7|7|7
29031,6,True,0,4,6,0|4|6|6|0|6|6|9|6|6|6|6|6|6|6
29034,9,True,7,12,7,7|2|5|1|7|7|9|7|2|5|7|7|9|7|9
29057,6,True,3,13,3,3|4|3|3|3|3|3|3|3|3|3|3|6|6|3
29062,2,True,3,15,6,1|4|1|3|0|3|6|3|6|0|6|0|0|6|6
29067,0,True,1,7,0,1|0|1|1|1|0|0|1|0|0|0|1|0|0|1
29106,9,True,7,13,7,7|7|7|7|7|7|7|7|9|7|7|7|9|7|7
29119,7,True,8,12,8,8|7|8|8|8|7|8|8|8|8|8|8|8|8|7
29134,3,True,2,15,-1,0|0|0|4|0|2|0|0|2|2|2|2|2|2|0
29150,6,True,0,7,6,0|6|6|0|0|6|6|0|6|6|0|6|0|6|0
29152,5,False,5,5,5,2|5|5|5|5|2|5|7|5|5|7|5|5|8|5
29185,5,False,5,2,5,5|5|7|5|5|3|5|5|5|5|5|5|5|5|5
29204,3,False,3,5,3,2|2|3|3|2|6|3|3|6|3|3|3|3|3|3
29210,2,True,3,15,3,1|0|7|7|3|3|3|1|3|3|3|3|1|1|1
29221,6,True,2,14,-1,2|0|0|2|0|0|0|0|0|2|2|2|2|6|2
29223,3,True,8,12,8,9|8|8|3|8|3|3|8|8|8|8|8|8|8|8
29227,1,True,5,11,5,7|1|5|5|5|5|1|5|5|5|1|1|5|5|5
29270,4,True,7,15,7,9|7|7|7|7|7|7|7|7|7|7|7|7|7|7
29271,7,False,7,15,5,9|5|5|9|5|5|5|5|5|5|5|9|9|5|5
29284,0,True,1,15,1,1|1|1|1|1|1|6|1|1|9|1|1|1|1|1
29324,8,True,2,11,2,0|2|8|0|2|2|2|8|8|2|2|8|2|2|2
29334,9,False,9,13,5,9|5|5|5|5|5|5|5|5|5|5|5|9|5|5
29350,2,True,3,13,6,4|0|4|4|0|6|6|6|8|2|0|4|6|6|2
29372,3,True,2,11,3,6|2|3|3|4|6|3|9|4|4|2|6|3|8|2
29388,3,True,8,13,8,3|8|8|8|8|8|3|8|8|8|8|8|8|8|8
29433,1,False,1,6,1,7|7|1|1|1|7|7|1|1|7|7|1|1|1|1
29446,6,True,2,15,-1,2|9|4|4|9|4|2|9|9|4|9|9|2|4|4
29476,0,True,2,8,0,2|0|0|0|0|2|0|2|6|2|2|0|0|8|2
29477,5,False,5,2,5,3|5|7|5|5|5|5|5|5|5|5|5|5|5|5
29489,6,True,0,6,6,6|0|6|6|0|6|6|0|6|6|0|6|0|0|6
29509,2,False,2,8,2,3|2|9|0|4|6|4|2|4|4|2|2|2|2|2
29521,2,True,3,13,3,2|4|3|3|3|3|3|3|3|3|2|3|7|3|3
29531,0,True,1,10,1,1|1|1|1|0|1|1|1|0|0|0|1|0|1|1
29571,8,False,8,9,8,1|7|8|5|5|9|8|2|8|4|8|5|7|8|8
29577,9,True,7,14,5,7|5|5|5|5|7|9|5|5|5|7|5|7|5|7
29591,7,True,5,10,5,7|5|5|5|5|5|7|5|5|7|7|5|7|5|5
29601,1,True,5,11,5,8|1|5|5|5|1|5|5|1|5|5|5|1|7|5
29622,9,False,9,5,9,9|9|9|9|9|7|2|7|9|7|7|9|9|9|9
29623,6,True,3,14,3,3|3|3|2|2|6|3|3|3|3|3|3|3|3|3
29640,0,True,2,12,4,4|4|8|4|0|8|6|8|2|4|9|8|0|4|0
29663,5,False,5,10,7,3|5|7|7|7|5|7|7|1|7|5|5|7|1|5
29700,5,False,5,14,7,3|2|7|9|5|7|7|7|7|7|9|9|3|7|9
29701,8,False,8,6,8,3|8|8|8|8|3|3|3|8|8|3|8|8|8|3
29705,4,True,6,3,4,4|4|4|4|2|6|4|4|4|4|4|4|4|6|4
29707,9,True,4,12,4,0|4|4|4|9|4|4|9|4|4|2|4|9|4|4
29729,9,True,4,9,4,9|4|4|4|9|9|4|4|9|9|9|4|4|4|4
29751,1,True,3,12,3,3|1|1|8|3|3|3|3|1|3|3|3|0|3|3
29753,9,False,9,14,5,5|5|5|5|5|5|5|5|5|5|5|5|9|5|5
29760,4,False,4,14,3,3|6|3|3|5|3|3|3|3|3|4|6|2|3|6
29777,3,False,3,8,3,1|6|3|6|3|3|3|1|3|3|2|1|5|1|3
29779,5,False,5,2,5,8|5|3|5|5|5|5|5|5|5|5|5|5|5|5
29783,5,False,5,2,5,7|5|5|5|5|5|7|5|5|5|5|5|5|5|5
29795,3,False,3,11,6,6|3|3|6|0|1|6|6|6|6|0|3|3|2|0
29825,4,False,4,15,3,2|2|3|3|3|6|3|3|6|3|3|2|3|6|6
29829,4,True,6,6,4,0|0|4|4|4|4|2|4|6|0|4|0|4|4|4
29833,5,True,9,3,5,9|5|5|5|5|5|5|5|5|9|5|5|9|5|5
29842,9,False,9,4,9,9|9|7|9|9|9|9|7|9|9|9|9|7|7|9
29851,7,False,7,1,7,7|7|7|7|7|7|7|7|7|7|7|9|7|7|7
29863,4,True,5,15,5,1|5|5|5|7|1|5|1|5|5|7|5|5|5|5
29908,6,True,3,12,3,1|2|3|6|1|3|3|3|3|3|2|6|2|6|3
29909,9,False,9,14,5,5|5|5|5|9|5|5|5|5|5|5|5|5|5|5
29913,8,False,8,8,8,1|1|8|1|8|8|9|8|1|8|7|8|8|7|1
29914,6,True,0,5,6,6|0|4|6|0|6|6|6|6|0|6|6|6|6|4
29924,0,False,0,9,6,6|0|6|6|0|6|6|0|6|0|0|6|0|6|3
29930,4,True,6,15,-1,0|0|0|1|1|2|6|9|2|8|2|8|0|8|8
29946,2,False,2,11,-1,2|0|4|4|0|9|2|6|9|0|2|4|2|4|0
29951,3,False,3,8,3,3|6|3|3|2|3|6|3|6|3|3|2|9|6|4
29957,0,True,2,3,0,0|0|0|0|0|0|2|0|0|2|0|2|0|0|0
29966,6,True,0,7,6,0|0|0|0|0|6|6|0|6|6|6|6|6|6|0
29978,8,False,8,1,8,8|8|8|8|8|8|8|8|8|3|8|8|8|8|8
30013,2,True,3,9,3,2|2|3|0|3|6|2|3|2|3|2|3|3|2|3
30016,6,True,3,15,3,3|3|3|3|3|3|3|3|2|3|3|8|3|3|3
30019,1,False,1,1,1,1|1|1|1|1|1|1|1|1|1|1|1|0|1|1
30023,3,True,7,15,7,7|7|7|7|7|7|7|7|7|2|7|7|2|7|7
30030,9,True,8,15,8,8|8|8|8|8|7|8|8|8|8|7|8|8|8|8
30031,7,True,1,15,1,1|1|1|1|1|0|1|1|0|0|0|1|1|1|0
30034,2,True,9,15,5,5|5|5|9|5|6|5|5|5|5|5|5|9|9|5
30037,4,False,4,9,4,9|6|4|4|0|6|6|9|6|4|4|4|6|4|2
30043,2,True,5,13,5,3|2|5|5|5|1|1|5|5|5|5|3|5|2|5
30059,1,False,1,0,1,1|1|1|1|1|1|1|1|1|1|1|1|1|1|1
30089,3,False,3,5,3,3|6|3|3|3|3|3|3|3|3|2|3|2|8|2
30103,9,True,7,11,7,9|7|7|9|7|7|7|7|7|9|7|7|9|7|7
30123,7,True,8,14,8,7|8|8|1|8|8|8|8|8|8|8|8|8|8|8
30137,6,True,3,15,3,1|3|1|8|3|3|3|3|0|3|2|3|1|0|0
30139,0,True,2,3,0,2|0|0|0|0|0|0|0|0|2|0|0|0|2|0
30153,9,True,7,12,7,7|7|5|9|7|7|7|7|9|7|7|7|9|7|7
30155,5,False,5,1,5,5|5|5|5|5|5|5|5|5|5|5|5|1|5|5
30180,9,False,9,14,5,9|7|5|5|5|5|5|5|5|5|5|5|5|5|5
30184,7,False,7,7,7,7|7|7|8|7|7|9|7|9|7|9|5|9|9|7
30250,1,False,1,4,1,1|0|1|1|1|1|1|1|0|9|0|1|1|1|1
30277,8,True,7,15,7,7|7|7|7|7|7|7|7|7|7|7|7|7|7|7
30285,9,True,4,10,4,7|9|9|4|9|9|4|4|9|1|2|4|4|4|2
30323,4,True,6,13,6,0|6|4|0|0|6|0|6|6|0|6|0|6|6|4
30331,0,True,2,12,2,4|0|4|9|0|6|2|2|8|2|2|2|9|2|0
30343,1,False,1,5,1,0|0|1|1|1|2|1|1|1|1|7|1|7|1|1
30353,0,True,1,13,1,1|1|1|1|1|0|1|1|1|9|1|1|0|1|1
30363,2,True,9,12,9,2|9|9|9|9|7|2|2|9|9|9|9|3|7|9
30379,2,False,2,13,8,4|3|0|3|8|8|2|8|3|8|8|0|2|6|3
30398,5,True,9,1,5,5|5|5|5|5|5|5|5|5|5|5|5|9|5|5
30399,4,True,7,14,7,7|7|7|7|7|7|7|7|7|7|7|7|4|7|7
30408,9,False,9,13,5,9|5|5|5|5|5|5|5|5|5|5|5|9|5|5
30420,6,False,6,13,4,4|4|4|4|4|6|4|4|4|4|4|4|4|6|4
30427,1,True,3,15,4,4|4|4|8|4|9|4|4|4|6|8|4|9|4|0
30428,5,False,5,6,5,8|2|7|5|5|7|5|5|5|5|7|5|5|2|5
30430,0,True,2,9,4,4|4|4|0|0|6|4|0|4|4|4|0|0|2|0
30434,7,True,1,7,7,1|1|1|1|7|7|7|1|7|7|7|1|7|1|7
30442,4,True,6,6,4,4|4|8|4|0|0|4|4|6|4|6|4|2|4|4
30445,9,True,6,15,4,4|4|4|4|4|4|6|4|4|4|4|6|6|4|4
30469,8,False,8,6,8,3|8|8|3|3|3|3|8|8|8|3|8|8|8|8
30498,0,True,1,12,1,1|1|1|1|1|3|3|6|4|1|0|0|0|1|1
30499,3,True,8,5,3,3|8|3|8|5|3|3|8|3|3|8|3|3|3|3
30539,8,False,8,1,8,8|8|8|8|8|8|8|8|1|8|8|8|8|8|8
30597,5,False,5,5,5,1|5|5|5|1|5|5|1|1|5|5|5|5|1|5
30602,1,False,1,4,1,1|1|0|1|1|0|1|1|1|0|0|1|1|1|1
30623,8,False,8,9,8,3|7|1|8|8|9|8|2|9|8|8|2|5|8|7
30628,6,True,0,7,6,8|6|0|6|0|6|6|0|0|6|0|6|6|6|0
30636,6,False,6,15,-1,3|4|0|0|0|0|2|9|4|4|2|4|4|2|0
30647,5,False,5,7,5,2|5|5|7|5|2|5|2|5|5|5|2|2|2|5
30655,9,True,8,15,8,3|8|8|8|8|8|3|8|8|8|8|8|8|8|8
30682,5,False,5,2,5,5|7|7|5|5|5|5|5|5|5|5|5|5|5|5
30705,2,True,7,15,7,7|7|7|1|7|3|7|7|7|7|7|7|7|9|7
30709,6,True,3,13,3,6|2|3|3|2|2|3|3|2|3|3|3|0|6|3
30719,5,False,5,10,1,1|1|5|1|1|3|1|5|5|3|1|3|1|5|5
30725,6,True,0,14,0,0|0|4|0|0|0|0|0|0|6|0|0|0|0|0
30726,5,True,9,3,5,9|5|5|5|5|5|5|5|5|9|5|5|9|5|5
30747,7,True,1,8,1,1|1|7|1|1|7|7|1|1|7|7|1|7|1|7
30752,0,True,2,11,2,4|2|0|2|0|0|2|9|4|2|2|3|0|2|2
30762,0,True,1,10,1,1|1|0|1|2|7|0|7|1|0|1|1|0|0|1
30774,7,True,5,11,5,7|7|5|5|5|7|5|5|5|5|7|5|5|5|5
30779,3,False,3,11,-1,1|0|8|0|0|0|6|3|3|6|3|6|8|2|3
30795,6,True,0,8,-1,0|6|4|0|0|0|6|6|6|0|6|6|0|6|0
30809,9,False,9,14,5,5|5|5|5|5|5|5|5|5|5|5|5|9|5|5
30854,3,False,3,10,6,3|6|3|6|2|6|6|3|2|3|2|3|6|6|6
30875,7,True,8,13,8,8|8|8|8|7|8|1|8|8|7|8|8|8|8|8
30913,2,True,3,6,2,2|2|3|2|2|2|3|3|2|3|2|3|2|3|2
30932,5,False,5,9,1,3|1|1|1|5|1|1|5|1|5|5|1|5|1|5
30942,7,False,7,10,-1,3|7|7|5|5|2|5|5|3|5|7|7|3|8|7
30955,1,False,1,5,1,1|7|1|6|1|0|1|1|1|0|7|1|1|1|1
30972,5,True,9,1,5,9|5|5|5|5|5|5|5|5|5|5|5|5|5|5
30989,8,False,8,10,8,0|4|8|8|8|6|8|9|1|8|3|4|9|6|4
31038,6,False,6,9,-1,6|9|0|4|4|8|6|4|6|4|4|4|6|6|6
31072,1,False,1,3,1,1|1|1|1|1|0|1|1|1|9|1|1|1|0|1
31092,2,True,5,14,5,7|5|5|5|5|5|5|5|5|5|5|5|7|8|2
31109,6,True,3,15,3,3|2|3|3|2|3|3|3|2|3|2|3|2|3|2
31134,9,True,7,9,5,9|9|5|5|9|5|9|5|5|5|5|5|9|7|9
31138,9,True,4,15,4,4|6|0|4|4|0|4|6|4|0|6|0|4|6|4
31157,9,True,7,10,7,7|7|7|9|9|9|9|7|7|7|7|9|7|7|7
31160,6,True,1,15,1,0|7|1|1|1|1|1|1|1|1|1|1|1|1|0
31164,3,True,8,12,8,3|8|8|8|8|3|3|8|8|8|8|8|8|8|8
31173,3,False,3,5,3,3|2|3|2|2|3|3|3|3|3|3|3|2|2|3
31188,0,True,2,4,0,0|2|4|0|0|0|0|0|0|2|0|0|0|0|2
31204,9,True,4,4,9,4|9|4|9|9|9|9|9|9|9|4|9|9|4|9
31205,0,True,2,9,0,0|6|0|6|0|5|2|2|0|6|6|0|2|0|2
31210,3,True,8,13,8,1|8|8|8|5|3|8|8|8|8|8|3|8|8|8
31255,4,False,4,4,4,4|4|4|4|4|9|4|9|4|9|4|4|9|4|4
31258,9,True,7,15,7,7|7|7|8|5|7|7|7|7|3|7|7|7|2|7
31259,6,True,3,15,3,2|2|3|3|0|3|3|3|3|3|3|3|2|2|3
31287,7,True,5,15,5,3|5|5|5|5|5|5|5|5|3|8|5|1|3|5
31338,4,True,6,1,4,4|4|4|2|4|4|4|4|4|4|4|4|4|4|4
31371,3,False,3,5,3,3|0|3|3|1|3|3|3|3|3|3|6|2|6|3
31420,1,True,5,11,-1,7|1|1|1|7|1|3|3|5|5|5|7|7|3|5
31421,0,True,1,14,1,1|1|1|1|1|1|1|1|0|1|1|1|1|1|1
31422,1,False,1,6,1,0|0|1|1|0|1|1|1|1|0|0|1|1|1|0
31434,2,True,3,12,3,2|6|3|3|3|7|3|3|0|3|3|3|3|2|2
31462,2,True,6,13,3,3|6|3|3|2|6|6|3|6|3|3|0|3|6|2
31497,7,True,1,6,7,7|7|7|1|1|7|7|1|1|7|7|1|1|7|7
31504,3,False,3,2,3,3|4|3|3|2|3|3|3|3|3|3|3|3|3|3
31523,3,False,3,14,0,1|6|0|0|0|3|0|6|0|0|0|0|0|6|0
31524,6,False,6,15,9,9|9|4|4|4|9|9|4|9|9|9|9|4|4|9
31525,6,False,6,11,6,1|4|6|1|8|3|3|2|2|3|8|8|6|6|6
31532,4,False,4,4,4,4|4|4|4|4|6|4|8|4|4|4|8|6|4|4
31540,2,False,2,14,0,0|0|0|6|0|0|0|6|0|2|0|0|0|6|0
31562,4,False,4,10,4,9|4|1|4|1|1|9|3|6|4|9|1|9|4|4
31587,4,True,6,15,0,2|0|8|8|0|0|0|0|8|5|8|2|0|6|0
31598,9,False,9,13,5,9|5|5|5|5|5|5|5|5|5|5|5|9|5|5
31603,9,True,8,15,8,7|8|8|8|8|8|8|8|8|8|8|8|8|7|8
31610,5,True,9,3,5,9|5|9|5|5|5|7|5|5|5|5|5|5|5|5
31615,0,True,1,10,1,0|1|0|1|1|0|1|1|1|1|6|1|0|1|0
31618,4,False,4,8,-1,9|4|9|9|4|6|9|4|4|4|9|4|9|4|9
31641,5,True,9,1,5,9|5|5|5|5|5|5|5|5|5|5|5|5|5|5
31648,9,True,7,9,9,7|2|5|9|8|8|9|5|5|9|7|9|9|5|9
31704,6,False,6,14,4,4|6|4|4|4|9|4|4|4|4|4|4|4|4|4
31727,1,False,1,8,0,0|0|0|1|1|0|1|1|1|1|0|1|0|0|0
31735,1,False,1,4,1,1|1|1|1|1|1|0|1|1|7|0|1|1|1|0
31739,8,False,8,6,8,3|8|8|8|8|3|3|8|8|8|8|3|3|8|3
31744,9,False,9,13,5,9|5|5|5|5|5|5|5|5|5|5|5|9|5|5
31752,2,True,3,12,3,3|3|4|3|0|3|2|3|2|3|3|3|2|3|3
31754,7,False,7,10,7,1|1|7|3|5|9|7|7|7|1|7|9|3|5|2
31755,9,True,4,15,4,4|4|4|4|4|4|6|4|4|4|4|4|4|4|4
31756,9,True,7,13,7,7|1|7|3|5|8|5|7|9|7|9|5|7|8|2
31770,1,False,1,8,0,0|0|1|1|1|0|0|1|0|0|1|1|0|1|0
31777,0,True,2,6,0,0|0|4|2|0|0|0|0|0|2|2|0|2|2|0
31778,4,True,6,15,0,0|0|0|0|0|0|0|2|0|2|0|0|0|0|0
31788,3,False,3,3,3,3|3|3|3|3|3|3|3|3|3|3|3|2|2|2
31798,4,False,4,13,-1,4|1|1|1|0|0|3|3|6|4|6|1|2|6|6
31830,5,False,5,8,5,2|2|5|3|5|7|3|5|7|5|5|5|7|1|5
31847,2,True,9,14,5,9|5|5|5|5|6|9|2|5|5|9|5|9|5|5
31882,8,False,8,7,8,7|1|5|8|8|8|5|8|8|5|8|9|8|8|2
31883,3,False,3,15,2,2|2|4|2|2|2|6|6|6|2|2|2|2|2|6
31898,3,False,3,4,3,3|2|3|3|3|6|2|3|3|3|3|3|2|3|3
31923,4,False,4,11,9,9|9|9|4|9|4|9|9|9|9|9|4|9|4|9
31936,6,True,0,8,0,0|6|0|0|0|6|0|0|6|0|6|6|6|6|0
31987,2,True,3,12,3,6|2|3|6|2|6|3|3|2|3|3|3|3|8|0
31991,9,True,4,10,4,4|9|4|4|4|9|9|4|9|4|4|4|9|4|4
32006,3,False,3,2,3,3|6|3|3|3|3|3|3|6|3|3|3|3|3|3
32015,9,False,9,15,5,5|5|5|5|5|5|5|5|5|5|5|5|5|5|5
32034,6,False,6,2,6,6|6|6|6|1|0|6|6|6|6|6|6|6|6|6
32037,6,True,0,6,6,6|6|6|0|0|6|6|0|6|0|6|6|6|0|0
32065,8,False,8,3,8,8|1|8|8|8|8|9|5|8|8|8|8|8|8|8
32095,9,True,4,10,4,9|4|4|4|4|4|4|9|9|4|9|9|4|4|4
32096,7,False,7,9,-1,9|7|5|9|7|5|9|7|7|7|5|9|9|7|9
32126,5,False,5,4,5,5|2|5|5|5|2|7|5|5|5|5|7|5|5|5
32156,5,False,5,7,5,5|5|3|9|3|3|3|5|5|3|5|5|3|5|5
32198,3,False,3,10,2,2|2|3|3|2|2|2|3|2|3|2|3|2|2|2
32204,0,True,2,10,2,2|0|0|4|2|2|9|0|3|2|2|4|2|0|0
32208,8,True,6,15,6,0|0|4|6|0|6|6|6|6|4|0|6|0|6|6
32234,3,True,2,15,2,0|2|0|4|2|8|0|2|2|0|2|2|2|2|2
32244,3,False,3,8,3,3|2|3|2|0|4|3|3|3|2|3|3|2|8|6
32247,1,False,1,8,-1,1|7|7|1|1|7|7|1|1|3|7|1|7|1|7
32260,6,True,2,15,-1,2|4|4|0|4|2|1|7|2|0|2|4|9|2|4
32276,3,False,3,6,3,2|3|3|3|5|6|3|3|3|6|3|3|3|6|2
32307,6,False,6,15,0,9|0|0|0|8|4|0|2|0|0|0|0|0|9|4
32324,5,False,5,11,1,1|1|1|1|1|3|5|5|1|5|5|3|1|1|1
32347,3,False,3,8,-1,2|2|3|2|2|3|3|3|3|3|2|3|0|2|2
32352,0,False,0,12,6,6|6|3|6|0|6|6|6|6|0|6|6|6|6|0
32357,2,True,3,13,3,1|2|3|3|2|3|3|3|3|3|0|3|3|3|3
32448,8,True,2,15,2,2|2|4|2|2|2|3|6|2|3|2|3|2|2|2
32453,4,True,7,14,7,7|7|7|7|7|7|7|7|7|7|7|7|7|7|4
32470,3,False,3,1,3,3|3|3|3|2|3|3|3|3|3|3|3|3|3|3
32473,0,False,0,9,6,6|6|6|0|0|6|6|0|6|6|0|6|0|6|0
32501,4,True,6,14,0,0|0|4|0|0|0|0|0|0|0|0|0|0|0|0
32511,7,True,5,7,7,7|5|7|5|5|7|5|5|5|7|5|7|7|7|7
32512,9,True,8,14,-1,8|6|8|6|4|3|9|2|0|3|3|0|6|2|0
32514,9,True,4,10,9,1|4|3|4|9|6|9|9|9|3|2|9|4|4|3
32527,9,True,7,14,7,7|7|5|7|7|7|7|7|5|7|7|7|9|4|7
32528,2,True,9,15,5,9|5|5|5|5|5|5|5|5|5|5|5|5|5|5
32541,5,True,9,0,5,5|5|5|5|5|5|5|5|5|5|5|5|5|5|5
32551,8,False,8,3,8,4|8|8|8|8|3|8|8|8|8|8|8|8|1|8
32552,0,True,2,6,0,0|0|0|0|0|2|0|2|0|0|2|2|2|0|2
32558,2,True,3,5,2,2|2|3|2|2|2|2|3|2|3|2|3|2|2|3
32575,0,False,0,11,6,6|6|0|6|0|6|6|6|6|6|0|6|6|6|0
32597,4,False,4,7,4,9|4|4|2|4|0|9|4|9|4|4|9|9|4|4
32612,9,False,9,13,5,5|5|5|5|5|5|5|5|9|5|9|5|5|5|5
32613,2,True,9,12,5,2|2|5|7|5|9|5|5|9|2|7|5|9|8|7
32651,4,False,4,3,4,4|4|4|4|4|4|4|2|2|4|4|4|9|4|4
32657,9,False,9,15,5,5|5|5|5|5|5|5|5|5|5|5|5|5|5|5
32706,4,True,1,14,1,0|1|4|1|0|1|1|1|1|0|0|0|7|2|1
32707,9,True,7,14,7,7|7|7|7|7|7|7|7|9|7|7|7|7|7|7
32712,9,False,9,12,5,5|5|5|9|7|8|5|5|5|5|9|5|9|5|5
32715,8,False,8,1,8,8|8|8|8|8|8|8|9|8|8|8|8|8|8|8
32735,8,False,8,4,8,3|8|8|8|8|3|3|3|8|8|8|8|8|8|8
32770,4,True,6,15,6,0|6|6|0|0|6|6|6|6|0|6|6|6|6|0
32786,6,True,3,14,3,3|3|3|3|3|3|6|3|3|3|3|3|3|3|3
32911,4,True,6,12,0,0|4|0|4|0|2|4|8|9|2|2|0|8|0|0
32960,4,True,6,0,4,4|4|4|4|4|4|4|4|4|4|4|4|4|4|4
33042,1,False,1,5,1,1|1|1|1|1|7|7|1|1|7|7|1|7|1|1
33049,0,True,1,7,0,0|1|1|1|0|0|0|1|0|7|7|1|0|0|0
33054,0,True,1,10,1,1|2|1|0|1|1|3|6|0|9|0|0|0|1|1
33060,7,True,1,7,7,1|7|7|1|7|7|7|1|1|7|7|1|1|7|1
33072,2,False,2,13,0,0|0|0|0|0|0|0|0|0|2|0|4|2|0|0
33096,3,False,3,10,-1,3|0|6|2|2|1|3|3|2|3|0|3|2|2|4
33101,6,True,0,8,6,0|3|6|3|0|6|0|6|0|6|6|3|6|6|3
33141,9,False,9,14,-1,4|0|2|5|0|9|8|5|2|3|4|2|4|6|0
33164,3,False,3,5,3,3|2|3|3|2|3|3|3|3|3|2|3|3|2|2
33204,0,True,1,15,1,1|1|1|1|1|1|1|1|1|1|1|1|1|1|1
33236,3,True,5,14,8,3|5|8|0|8|5|8|7|5|5|5|8|7|8|8
33240,7,True,1,8,1,7|7|1|1|1|7|7|1|7|1|7|1|1|1|7
33249,3,True,5,14,5,1|5|5|5|5|3|5|5|5|5|5|1|5|5|5
33265,3,True,4,11,9,3|4|9|3|1|9|4|9|3|9|9|3|0|4|4
33274,3,False,3,2,3,3|2|3|3|2|3|3|3|3|3|3|3|3|3|3
33300,6,True,0,3,6,6|6|6|6|0|0|6|6|0|6|6|6|6|6|6
33327,2,True,9,12,9,9|5|5|9|2|5|9|5|2|9|9|9|5|2|9
33330,1,False,1,3,1,0|1|1|1|1|1|1|1|1|1|0|1|1|1|0
33347,6,True,3,11,-1,6|4|6|0|0|2|6|6|1|3|2|2|2|3|0
33357,5,False,5,14,7,7|7|5|1|7|9|1|7|9|9|7|9|2|7|7
33369,4,True,7,13,7,2|5|7|4|7|9|7|7|1|4|7|7|7|7|9
33379,0,True,2,14,4,0|2|3|2|2|9|2|4|9|4|4|4|4|4|2
33393,6,True,0,6,6,6|6|6|6|4|2|4|6|4|0|6|6|6|6|3
33409,9,False,9,14,5,5|5|5|5|5|5|5|5|5|9|5|5|5|5|5
33428,9,True,7,11,7,5|7|5|9|8|9|7|7|5|9|7|7|9|5|7
33449,8,False,8,9,3,3|8|3|3|8|3|8|3|3|3|3|8|8|8|3
33454,8,False,8,5,8,8|8|8|8|8|3|3|8|8|3|8|8|3|8|3
33467,4,True,6,13,-1,1|6|4|0|2|3|0|5|0|4|2|2|0|8|2
33468,6,True,0,2,6,6|6|6|6|0|6|6|6|6|0|6|6|6|6|6
33491,9,True,4,12,4,1|4|6|9|4|9|3|1|4|4|9|4|2|2|2
33498,9,True,6,15,-1,1|4|3|3|1|6|2|7|3|6|8|3|6|6|4
33604,5,True,9,2,5,5|5|5|5|5|5|5|5|5|5|5|5|9|5|9
33618,9,False,9,13,5,9|5|5|5|5|5|5|5|5|5|5|5|9|5|5
33626,6,True,0,12,0,0|0|6|3|1|3|6|6|0|0|2|1|0|8|0
33636,6,True,3,15,3,3|2|3|3|2|3|3|3|2|3|3|3|2|2|2
33643,2,True,5,10,5,7|2|5|2|5|3|5|5|2|3|5|5|2|5|2
33646,1,True,5,6,1,1|1|1|1|5|1|5|1|5|5|5|1|1|5|1
33656,8,False,8,2,8,1|8|8|8|8|8|0|8|8|8|8|8|8|8|8
33701,9,True,4,10,-1,4|4|4|4|0|0|2|9|9|6|9|9|4|9|2
33707,1,True,8,12,8,8|1|8|8|0|1|8|8|8|4|8|8|8|1|8
33720,9,True,7,9,7,7|7|5|9|9|9|7|7|9|7|7|7|7|9|9
33727,0,False,0,6,0,6|6|0|0|0|6|6|0|0|6|0|0|0|6|0
33730,7,False,7,6,7,7|7|7|1|7|1|7|7|7|5|7|5|3|3|7
33739,0,True,1,14,1,1|1|1|1|1|0|1|1|1|1|1|1|1|1|2
33745,5,True,9,3,5,9|5|5|5|5|9|5|5|5|5|5|5|9|5|5
33752,1,True,8,13,8,1|1|8|8|8|8|8|8|8|8|8|8|8|8|8
33762,2,True,3,12,3,2|4|3|3|3|3|4|9|3|3|9|3|9|2|2
33779,9,True,6,15,8,7|8|1|8|1|3|8|8|4|7|2|8|1|8|7
33781,6,True,0,14,5,3|5|5|5|5|6|8|8|8|8|5|5|5|8|2
33804,8,False,8,2,8,8|1|8|8|8|8|8|8|8|8|8|4|8|8|8
33806,4,False,4,5,4,3|2|4|4|0|6|4|4|4|4|4|6|4|4|4
33807,0,True,1,12,1,0|0|1|1|1|1|1|1|1|1|0|1|1|1|1
33820,0,True,2,4,0,2|2|0|0|0|0|0|0|0|0|2|0|0|0|2
33839,2,True,5,15,5,0|5|5|1|5|5|3|5|5|5|5|5|5|5|1
33846,9,False,9,12,5,9|5|5|5|5|5|5|5|9|5|5|5|9|5|5
33858,4,False,4,10,9,4|9|9|4|9|9|9|9|9|9|9|4|4|4|9
33864,9,True,7,11,7,9|7|5|1|7|7|9|7|9|7|7|7|9|7|7
33882,9,True,7,15,7,7|7|7|2|7|7|7|1|7|7|7|7|7|7|7
33884,2,True,3,4,2,2|2|2|2|2|2|2|3|3|3|2|3|2|2|2
33897,7,True,1,5,7,7|7|7|1|7|7|1|1|7|7|7|1|1|7|7
33903,9,False,9,13,5,2|5|5|5|5|5|5|5|5|5|9|5|9|5|5
33936,1,False,1,5,1,1|0|0|1|1|1|1|1|1|1|0|1|0|0|1
33963,2,True,7,14,7,7|7|7|2|7|7|7|7|7|7|7|7|7|7|7
33967,6,True,9,15,5,9|5|5|5|5|5|5|5|5|5|5|5|5|5|5
33979,4,False,4,4,4,3|2|4|4|4|4|9|9|4|4|4|4|4|4|4
33982,9,True,4,15,6,6|6|6|0|0|6|6|6|6|6|6|6|6|6|4
34004,3,True,2,15,0,0|0|0|9|0|0|0|0|0|2|0|2|2|0|2
34007,9,True,7,13,5,7|5|5|5|5|7|9|5|5|5|7|5|9|5|7
34016,9,True,4,10,4,4|4|4|4|4|9|4|4|9|9|4|4|9|4|9
34060,4,True,6,15,6,6|0|6|6|0|6|6|0|6|0|6|6|6|6|6
34068,2,False,2,12,-1,2|6|0|6|8|4|2|6|0|4|2|6|4|4|0
34069,9,True,4,7,9,9|4|4|3|4|9|9|9|9|9|9|9|4|4|4
34077,5,False,5,4,5,5|5|5|5|7|7|5|5|5|5|5|5|7|7|5
34088,9,False,9,11,5,9|9|5|5|5|5|5|5|5|5|5|5|9|5|9
34108,7,True,1,14,1,1|1|1|1|1|1|1|1|1|7|1|1|1|1|1
34166,9,False,9,13,5,5|5|5|9|5|5|5|5|5|5|5|5|9|5|5
34176,5,True,9,7,5,5|5|5|9|5|2|9|5|5|5|9|9|9|2|5
34197,0,True,3,14,3,0|1|3|1|2|2|1|3|8|7|3|1|2|3|3
34211,1,True,8,12,8,1|1|4|0|0|1|8|0|0|8|8|8|8|8|0
34213,3,True,8,14,8,7|8|8|8|8|8|8|8|8|8|8|8|3|8|8
34233,2,True,7,13,7,7|7|7|2|7|7|2|7|7|3|7|7|7|7|7
34257,9,True,4,7,9,4|4|4|4|9|4|4|9|9|9|9|9|9|4|9
34267,2,True,3,12,6,6|0|3|6|2|6|3|0|3|2|3|6|2|6|6
34274,0,True,1,7,0,1|6|0|0|0|6|0|6|6|1|6|0|0|0|0
34279,3,True,2,10,3,9|9|4|3|3|3|3|9|6|6|2|3|2|9|2
34284,0,True,1,8,-1,1|0|0|0|0|0|0|1|1|1|2|1|1|1|0
34298,2,False,2,9,2,4|0|3|2|9|3|3|9|2|2|2|4|0|2|2
34331,3,False,3,3,3,3|2|3|3|2|3|3|3|2|3|3|3|3|3|3
34379,8,False,8,2,8,9|8|8|8|8|3|8|8|8|8|8|8|8|8|8
34409,4,False,4,5,4,4|4|3|2|5|9|4|9|4|4|4|4|4|4|4
34412,5,True,4,15,4,2|1|6|9|4|6|6|2|6|4|4|4|2|8|4
34432,6,True,0,5,6,6|6|4|0|0|6|6|6|6|0|6|6|6|6|0
34433,0,False,0,1,0,0|0|0|0|0|0|0|0|0|0|0|0|0|0|4
34434,3,True,8,14,8,3|8|8|8|8|8|8|8|8|8|8|8|8|8|8
34444,7,False,7,3,7,7|7|7|2|7|7|2|7|7|7|7|7|7|2|7
34451,0,True,2,3,0,2|0|0|2|0|0|0|0|0|0|0|0|0|2|0
34452,9,True,8,15,8,6|8|8|8|8|8|3|8|8|8|8|3|8|8|8
34460,2,False,2,11,-1,2|0|4|4|2|4|4|9|0|0|2|4|0|2|0
34470,9,True,7,15,7,7|7|7|2|7|0|7|7|7|7|7|7|7|7|7
34485,6,True,0,11,0,6|0|0|0|0|0|0|0|0|0|6|0|0|6|6
34512,2,False,2,7,2,2|0|0|2|0|0|2|0|6|2|2|2|2|0|2
34530,6,True,3,8,6,3|6|6|1|1|3|6|6|4|6|3|6|3|6|3
34534,6,True,3,15,3,3|2|3|3|2|3|3|3|2|3|3|1|3|3|2
34571,3,True,5,14,5,5|2|5|5|5|1|3|5|5|5|5|5|5|1|5
34573,1,True,3,14,3,3|3|1|3|2|3|3|3|2|3|2|3|3|3|6
34578,9,True,4,11,4,4|4|4|4|9|4|4|4|9|4|9|9|4|4|4
34580,0,True,2,10,2,0|2|0|2|0|2|0|2|0|2|2|2|2|2|2
34587,9,True,4,11,4,4|4|4|4|4|9|4|9|9|4|4|9|4|4|4
34614,7,True,8,12,8,8|7|8|8|1|7|8|8|8|7|8|8|8|8|8
34617,4,True,1,14,8,0|7|0|8|8|0|7|8|8|2|6|8|9|4|8
34653,9,True,8,15,8,8|8|8|3|8|8|8|8|8|8|8|3|8|8|8
34668,8,True,6,15,4,4|4|4|4|4|4|4|6|4|4|4|6|4|6|4
34678,2,True,9,15,5,5|5|5|5|5|5|5|5|5|5|5|5|5|5|5
34726,3,True,8,8,8,3|8|8|8|8|8|3|8|3|3|8|3|3|8|3
34730,4,False,4,7,4,4|8|4|9|0|9|4|2|4|4|4|4|9|6|4
34735,9,True,4,11,4,4|2|4|4|9|0|4|4|0|9|2|9|9|4|4
34739,0,True,2,11,3,0|0|3|0|0|3|4|1|3|3|3|3|9|6|2
34809,0,False,0,11,6,0|0|6|6|0|3|6|6|6|6|0|3|6|6|3
34810,2,False,2,13,0,0|0|0|0|0|2|0|0|0|0|0|0|0|2|0
34840,2,False,2,6,2,0|2|8|0|0|2|2|2|2|2|2|2|0|2|0
34843,0,True,2,14,4,9|4|4|4|9|4|4|4|0|4|9|4|9|4|4
34848,5,True,4,15,-1,9|0|4|2|8|6|8|9|1|4|0|2|9|4|2
34861,9,True,8,15,8,8|8|8|8|8|7|7|8|7|8|8|8|8|8|8
34879,1,False,1,1,1,1|1|4|1|1|1|1|1|1|1|1|1|1|1|1
34984,5,True,9,3,5,9|5|5|5|5|5|5|5|9|5|5|5|5|5|9
35028,4,True,6,10,4,4|4|4|8|5|5|2|4|2|0|1|8|2|6|4
35030,9,True,4,13,4,4|4|4|4|0|7|4|4|4|4|9|6|9|6|6
35033,4,True,6,11,0,0|6|4|4|0|6|0|0|6|0|0|4|2|6|4
35042,6,True,3,15,3,3|2|3|2|3|2|3|3|3|3|2|3|4|1|2
35055,2,False,2,14,4,0|2|4|4|1|9|3|9|3|4|4|4|4|6|4
35063,6,True,0,9,6,0|6|0|5|1|6|6|0|6|8|6|0|0|6|4
35080,7,True,5,15,5,5|5|5|5|5|5|5|5|5|5|5|5|5|5|5
35082,5,True,9,3,5,2|5|5|5|5|5|5|5|5|5|9|5|9|5|5
35086,9,False,9,14,5,9|5|5|5|5|5|5|5|5|5|5|5|5|5|5
35093,9,True,8,15,8,8|8|8|8|5|8|1|8|8|8|8|8|8|8|8
35111,9,True,8,15,8,6|8|8|8|1|1|8|0|8|8|8|8|8|8|8
35112,6,True,2,14,9,9|9|4|9|9|3|3|9|6|0|9|4|4|4|4
35129,9,False,9,12,5,9|5|5|5|9|5|5|5|5|5|5|5|9|5|5
35158,6,True,0,6,6,6|0|6|0|0|6|6|0|6|0|6|6|6|6|0
35172,2,False,2,14,-1,4|4|6|9|9|3|3|4|9|4|9|3|9|2|4
35175,0,True,1,13,1,1|1|1|1|1|0|1|1|1|1|1|1|1|1|0
35192,3,False,3,6,3,3|6|3|3|2|6|3|3|3|3|3|6|6|6|3
35195,7,False,7,6,7,9|1|7|5|7|5|7|7|7|7|9|7|7|8|7
35211,3,False,3,4,3,3|2|3|3|2|2|3|3|3|3|3|3|3|8|3
35221,3,True,2,15,0,2|2|4|0|0|0|0|4|0|2|2|2|0|0|0
35228,3,True,8,12,0,3|7|3|6|0|0|0|7|9|3|0|0|2|8|4
35230,8,False,8,2,8,8|8|3|8|3|8|8|8|8|8|8|8|8|8|8
35240,1,True,8,13,8,8|8|8|8|1|8|8|8|1|8|8|8|8|8|8
35241,1,False,1,4,1,7|1|1|1|7|0|1|1|1|1|7|1|1|1|1
35252,5,True,9,2,5,9|5|5|5|5|9|5|5|5|5|5|5|5|5|5
35262,2,False,2,12,4,4|0|2|4|4|4|4|9|4|4|2|4|4|4|2
35309,8,False,8,7,8,6|8|8|8|8|3|3|3|3|3|3|8|8|8|8
35312,9,True,8,15,8,3|8|3|8|8|8|3|8|8|8|8|8|3|8|8
35330,2,True,3,14,3,3|6|8|6|3|6|2|3|3|3|3|6|3|6|3
35359,6,True,0,10,0,6|0|0|0|0|6|6|0|0|0|0|6|0|6|0
35375,2,False,2,14,0,0|0|0|0|0|0|0|0|0|0|2|0|0|0|0
35378,6,True,0,4,6,6|0|0|6|6|6|6|6|6|6|0|6|6|6|3
35421,9,True,4,5,9,4|9|4|4|9|9|9|9|9|9|9|4|9|4|9
35435,8,False,8,4,8,1|8|8|8|8|1|8|8|8|8|9|7|8|8|8
35473,6,False,6,5,6,0|6|0|0|0|6|6|0|6|6|6|6|6|6|6
35482,3,True,8,12,8,8|8|8|8|8|3|8|8|8|3|8|8|3|8|8
35485,0,False,0,14,6,0|6|6|6|3|6|6|6|6|6|6|6|6|6|6
35498,2,True,3,7,2,2|2|3|3|2|2|3|3|2|3|2|3|2|2|3
35505,2,True,3,15,0,1|0|1|8|0|6|0|0|0|8|4|8|1|6|4
35509,2,True,5,10,5,2|2|5|3|5|5|5|5|2|5|7|5|2|2|5
35514,2,True,6,15,6,4|6|0|6|0|6|0|1|6|6|4|0|6|6|6
35567,4,False,4,6,4,4|4|4|1|0|4|9|9|4|4|9|4|4|1|4
35594,1,False,1,9,0,0|0|0|1|1|0|0|1|0|0|0|1|0|1|1
35602,6,True,0,9,0,0|0|0|0|0|0|6|0|6|6|0|6|6|6|2
35625,3,True,5,12,5,3|5|5|5|5|5|5|5|5|5|5|3|3|5|5
35629,3,False,3,14,8,5|8|8|8|8|8|8|8|2|8|7|5|3|8|7
35643,1,False,1,8,7,1|7|7|1|1|1|1|1|7|7|7|1|7|7|7
35699,6,True,0,11,4,0|4|4|3|4|4|8|0|6|0|4|6|0|6|6
35703,5,True,9,3,5,5|5|5|5|5|9|5|9|5|5|5|5|9|5|5
35706,1,False,1,1,1,1|1|1|1|1|0|1|1|1|1|1|1|1|1|1
35722,7,True,8,14,8,8|8|8|8|8|7|1|8|8|8|8|8|8|8|8
35725,5,True,9,2,5,5|5|5|5|5|5|5|5|5|5|5|5|9|5|9
35747,4,True,6,5,4,4|4|4|4|0|0|0|9|4|0|4|4|4|4|4
35756,6,True,0,9,0,6|0|0|6|0|0|6|0|6|0|0|6|0|6|0
35764,9,True,4,5,9,4|9|9|4|9|9|4|9|9|9|9|4|9|4|9
35771,6,True,3,15,3,3|2|3|2|2|3|3|3|2|3|3|3|3|3|2
35780,7,False,7,14,9,5|2|5|9|5|9|9|5|5|5|9|9|9|7|9
35783,4,False,4,8,9,9|9|4|4|9|9|9|4|9|4|9|4|9|4|4
35831,0,True,1,15,1,1|7|1|1|1|7|1|1|1|4|7|1|7|1|1
35868,5,True,9,1,5,9|5|5|5|5|5|5|5|5|5|5|5|5|5|5
35876,9,True,7,13,7,7|7|7|9|7|7|7|7|7|9|7|7|7|7|7
35938,2,False,2,9,2,2|2|8|3|2|2|6|8|0|8|2|3|8|2|0
35963,4,False,4,9,-1,0|6|4|6|4|1|6|6|6|4|5|4|4|6|4
35989,0,False,0,10,6,6|6|4|6|0|6|6|0|6|0|0|6|6|6|0
35999,0,True,2,10,2,2|2|4|0|0|0|2|9|0|2|2|2|0|2|2
36011,9,False,9,14,5,5|5|5|5|5|5|5|5|5|5|5|5|9|5|5
36015,5,True,9,4,5,5|5|5|5|5|5|9|5|5|5|9|5|9|5|9
36017,5,True,9,2,5,9|5|5|5|5|5|5|5|5|5|5|5|9|5|5
36032,7,False,7,3,7,7|7|5|7|7|7|5|7|7|7|7|7|9|7|7
36063,7,True,8,8,8,7|7|8|8|7|7|8|8|8|7|8|8|8|7|7
36064,2,True,9,10,-1,9|9|5|9|5|5|2|2|5|2|2|9|2|8|9
36081,6,True,0,3,6,6|6|6|2|0|6|6|6|6|4|6|6|6|6|6
36084,3,False,3,11,0,4|0|4|6|0|3|3|0|6|3|0|0|0|8|3
36111,3,True,2,14,9,9|9|4|4|9|9|3|9|4|4|2|4|9|2|9
36129,4,True,6,5,4,4|6|4|4|0|6|4|9|4|4|4|0|4|4|4
36135,7,False,7,7,7,9|2|1|1|7|7|2|5|7|7|7|5|7|7|7
36161,8,False,8,4,8,8|8|8|8|8|3|3|8|3|8|8|8|8|3|8
36181,0,True,1,7,0,1|0|1|1|0|0|0|1|1|0|1|0|0|1|0
36192,2,True,3,8,-1,1|2|3|3|2|2|3|3|2|2|3|3|2|2|3
36215,4,True,1,15,2,8|2|6|1|5|2|3|0|1|1|2|3|2|2|3
36216,4,False,4,5,4,4|4|4|3|4|4|4|9|9|9|2|4|4|4|4
36261,2,False,2,10,2,7|0|2|0|2|3|3|7|4|2|2|0|1|5|2
36286,1,False,1,9,0,0|0|1|1|0|0|0|1|0|0|0|1|1|1|0
36295,9,True,8,13,8,9|8|8|8|8|8|8|8|9|8|8|8|8|8|7
36296,1,True,8,15,8,8|7|8|8|8|6|6|7|8|5|8|2|0|8|2
36302,4,True,7,15,7,7|7|7|5|7|9|2|7|5|7|2|7|9|8|7
36306,2,True,3,11,3,2|0|4|2|2|1|3|3|3|3|3|3|3|4|2
36308,4,True,7,13,7,4|5|7|4|8|5|3|5|1|7|7|7|7|3|7
36322,6,True,0,12,0,9|4|4|0|0|6|2|9|6|0|4|0|0|6|2
36324,9,True,7,13,7,7|7|5|9|7|1|7|7|7|7|2|7|9|2|7
36337,2,False,2,15,0,0|0|8|0|0|0|0|0|0|0|0|0|0|0|8
36340,5,False,5,6,5,3|7|7|5|5|1|5|5|5|5|5|5|1|3|5
36349,5,False,5,6,5,9|7|5|9|5|5|5|7|5|5|5|5|7|5|7
36352,5,True,9,4,5,9|5|5|9|5|5|5|5|9|5|5|5|9|5|5
36359,5,True,9,2,5,9|5|5|5|5|5|5|5|5|5|5|5|9|5|5
36429,7,False,7,3,7,7|7|7|4|7|7|7|7|4|7|7|7|7|7|4
36497,6,True,0,3,6,0|6|6|3|6|6|6|6|6|2|6|6|6|6|6
36505,6,True,3,15,3,3|3|3|3|2|3|3|3|3|3|3|3|3|3|3
36515,2,True,9,15,5,9|5|5|9|9|5|5|5|5|5|5|5|5|5|9
36520,0,False,0,13,6,0|6|6|6|3|6|6|6|6|6|3|6|6|6|0
36528,4,True,6,4,4,4|4|4|4|4|6|6|4|4|6|4|4|4|6|4
36534,6,True,0,8,0,0|6|6|6|0|0|6|0|6|6|0|0|0|6|0
36538,9,True,4,13,4,4|4|4|5|8|2|7|6|2|3|9|4|9|4|4
36550,5,False,5,10,7,7|7|7|5|5|7|7|5|7|7|7|5|7|7|5
36567,0,True,1,15,1,1|1|1|1|1|7|1|1|7|1|7|1|7|1|7
36574,9,True,4,10,4,4|9|4|9|9|4|4|4|4|4|9|9|4|4|4
36576,7,True,1,15,1,1|1|1|1|1|1|1|1|1|1|1|1|0|1|1
36614,2,True,7,13,7,7|7|9|9|7|7|9|7|7|2|9|7|7|2|9
36615,6,True,0,7,6,6|6|6|0|0|4|6|6|6|8|0|6|4|6|4
36654,0,True,2,2,0,0|0|0|0|0|0|0|0|0|2|0|0|2|0|0
36686,9,False,9,8,9,9|5|5|9|5|9|9|2|5|5|9|5|9|2|9
36702,2,True,7,15,7,9|7|7|7|7|7|7|7|7|7|7|7|7|7|7
36726,2,True,5,15,5,1|5|7|5|5|7|5|5|5|5|7|5|5|5|7
36733,6,True,0,6,6,6|6|6|0|0|6|6|0|6|0|0|6|6|6|0
36736,9,True,4,11,4,4|9|4|9|0|4|4|4|4|4|9|4|9|4|4
36744,2,True,3,10,3,3|3|3|3|2|3|3|3|3|3|2|3|2|2|2
36762,1,False,1,4,1,1|1|1|1|2|1|1|1|1|9|1|0|0|1|1
36810,6,False,6,10,4,6|6|4|4|0|4|4|6|4|4|4|6|4|6|4
36819,4,False,4,12,9,9|9|9|9|9|4|9|9|9|4|9|4|9|9|9
36829,8,False,8,3,8,3|8|8|8|8|3|8|8|8|8|8|8|3|8|8
36838,3,True,8,10,8,8|8|3|8|8|3|3|8|8|3|8|3|8|5|8
36848,3,False,3,4,3,6|2|3|3|3|3|3|3|3|3|3|3|3|6|2
36849,4,True,6,0,4,4|4|4|4|4|4|4|4|4|4|4|4|4|4|4
36856,7,True,1,13,1,1|1|1|1|1|7|1|1|1|7|1|1|1|1|1
36894,9,True,7,12,7,7|7|7|2|7|7|7|7|9|7|7|7|9|7|9
36899,3,True,8,11,8,3|8|3|8|8|8|3|8|8|3|8|8|8|8|8
36903,2,True,7,15,7,7|7|7|1|7|7|7|7|7|7|7|7|7|7|7
36908,0,True,1,13,1,1|1|1|1|1|1|1|1|1|0|1|1|0|1|1
36922,7,True,1,10,1,1|1|1|1|1|7|7|1|1|7|7|1|7|1|1
36926,9,True,4,8,-1,9|4|4|9|4|9|4|9|9|0|9|9|4|4|4
36958,3,False,3,6,3,3|2|3|2|2|3|2|3|2|3|3|3|3|3|2
37005,9,False,9,14,2,2|2|5|0|5|5|7|5|6|2|9|2|3|8|2
37031,4,True,6,15,0,6|6|0|6|1|3|3|6|6|0|0|0|0|1|0
37035,2,False,2,13,0,1|6|0|0|0|2|0|9|4|4|9|4|0|2|0
37059,4,False,4,7,4,9|9|4|9|9|9|4|4|9|4|4|4|9|4|4
37069,2,True,3,10,3,3|2|3|2|2|3|3|3|2|3|2|3|3|3|3
37076,2,True,3,12,-1,2|0|6|0|0|3|2|2|0|3|3|0|3|6|3
37090,3,True,8,11,8,1|3|8|6|0|1|3|7|8|3|8|3|8|8|2
37092,6,False,6,15,4,4|0|4|4|2|9|4|9|4|4|4|4|0|4|4
37117,7,True,1,15,1,1|1|1|1|1|0|1|1|0|0|1|1|0|1|0
37126,9,True,7,14,7,9|7|7|7|7|2|7|7|7|7|7|7|7|2|7
37142,7,False,7,6,7,7|7|7|2|7|6|9|2|7|3|7|7|7|2|7
37145,1,True,5,11,7,1|7|5|2|7|1|7|7|7|5|9|7|1|1|9
37150,6,True,0,11,6,3|7|6|0|0|7|4|7|6|8|6|1|6|8|4
37181,7,True,1,15,1,1|1|1|1|1|0|1|1|1|1|1|1|1|1|1
37190,6,True,1,15,1,1|7|1|1|1|7|1|1|1|3|7|1|1|1|7
37212,9,True,4,5,9,9|9|4|4|0|9|9|9|9|9|9|4|9|9|4
37213,7,False,7,1,7,7|7|7|7|7|9|7|7|7|7|7|7|7|7|7
37220,9,True,7,12,7,7|7|5|9|7|7|9|7|7|7|7|7|9|7|7
37222,9,True,7,13,7,7|7|7|9|7|7|7|7|7|5|5|7|9|8|7
37227,3,True,7,14,7,3|7|7|7|7|7|4|7|1|7|7|7|7|7|7
37273,4,False,4,5,4,9|4|4|4|9|0|4|9|4|4|4|4|9|4|4
37304,4,True,6,13,6,6|0|3|4|4|0|6|9|6|6|6|6|6|6|0
37315,6,False,6,8,-1,0|0|6|6|0|6|0|6|6|6|0|0|0|6|4
37317,8,False,8,5,8,8|8|8|8|8|3|8|3|8|3|3|8|8|8|3
37350,4,True,1,14,0,0|0|1|1|0|1|6|1|1|0|0|4|0|6|7
37358,0,True,2,5,0,2|0|0|4|0|0|0|0|0|0|2|0|9|6|0
37403,9,False,9,13,5,9|5|5|5|5|5|5|5|5|5|5|5|9|5|5
37439,0,False,0,2,0,0|0|0|0|0|6|0|0|0|0|0|0|6|0|0
37440,4,False,4,8,4,4|5|4|8|4|1|5|4|9|4|9|8|4|6|4
37454,0,True,2,6,0,2|0|4|0|0|0|2|6|0|0|0|0|2|6|0
37455,2,True,3,13,3,3|6|6|3|2|6|3|6|3|3|2|6|0|3|3
37456,9,False,9,15,5,5|5|5|5|5|5|5|5|5|5|5|5|5|5|5
37465,1,True,5,10,5,7|1|3|5|5|1|5|5|5|5|7|1|1|1|3
37468,7,True,8,13,8,1|8|7|8|1|5|8|8|8|5|8|1|8|8|7
37469,1,True,8,11,8,1|8|1|8|8|8|8|8|8|8|8|8|8|1|1
37481,9,True,4,11,4,4|4|4|4|0|9|4|9|4|4|9|9|4|4|4
37487,1,True,5,9,5,1|2|1|5|1|5|5|5|1|5|5|1|1|5|5
37489,9,True,8,15,3,3|8|8|3|8|3|3|3|3|3|3|8|3|8|8
37510,6,True,3,15,-1,4|2|3|4|3|9|2|3|3|2|2|3|2|3|2
37523,5,False,5,5,5,1|3|1|1|5|5|5|5|5|5|5|1|5|5|5
37525,9,True,4,15,4,4|2|4|0|4|0|4|4|4|4|2|6|4|6|4
37544,0,False,0,10,6,6|6|6|6|0|6|6|0|6|0|0|6|6|6|0
37553,9,True,4,9,4,4|9|4|4|4|9|4|4|4|9|9|9|9|4|4
37560,7,True,2,15,2,2|2|0|0|0|6|6|6|8|2|0|6|2|2|2
37619,6,True,3,10,3,6|6|3|3|7|3|3|3|6|6|2|3|1|6|3
37621,2,True,3,15,3,3|3|3|3|3|3|3|3|3|3|3|3|3|6|3
37632,3,True,8,10,8,3|8|3|8|8|3|3|8|8|8|8|8|8|8|3
37635,5,True,9,0,5,5|5|5|5|5|5|5|5|5|5|5|5|5|5|5
37654,7,False,7,3,7,7|7|7|9|7|7|7|7|5|7|7|9|7|7|7
37672,2,True,3,8,-1,2|1|3|3|2|2|3|3|2|3|2|3|2|2|3
37683,6,False,6,15,4,4|4|4|4|9|9|9|9|4|9|4|9|9|4|4
37701,6,True,0,5,6,6|0|6|6|0|6|0|6|6|6|0|6|6|6|3
37710,2,True,5,11,7,7|2|7|7|2|6|8|2|2|9|5|7|9|7|7
37728,4,True,6,9,4,4|4|4|4|2|3|3|0|4|4|6|6|3|6|6
37742,2,True,5,10,-1,2|5|5|8|5|5|5|7|2|2|7|2|7|8|2
37743,1,False,1,2,1,1|1|1|1|1|1|1|1|1|7|0|1|1|1|1
37749,0,True,1,11,1,0|1|0|1|1|7|1|1|1|1|1|1|1|0|0
37775,1,True,4,15,9,0|4|4|9|9|9|4|4|9|0|9|4|9|6|9
37787,3,False,3,6,3,1|6|3|1|3|3|3|1|2|3|2|3|3|3|3
37794,2,True,3,13,3,2|2|8|8|8|3|3|3|3|3|3|3|3|8|8
37795,9,True,7,12,7,7|9|7|9|7|7|9|7|7|7|7|7|7|7|7
37814,4,True,7,10,7,4|4|7|4|7|7|4|7|7|7|7|7|4|7|7
37842,4,True,6,12,6,6|4|4|6|6|2|9|5|6|3|0|3|6|3|4
37863,1,False,1,6,1,1|1|7|1|1|7|7|1|1|7|7|1|1|7|1
37876,7,False,7,6,7,9|7|7|9|7|9|7|7|9|7|7|9|7|9|7
37911,6,True,3,15,1,0|2|7|1|1|7|1|1|1|7|1|1|3|3|1
37917,6,False,6,14,4,3|4|4|3|0|9|4|4|9|3|8|9|9|6|4
37952,7,False,7,1,7,7|7|7|7|7|7|7|7|9|7|7|7|7|7|7
37964,8,False,8,0,8,8|8|8|8|8|8|8|8|8|8|8|8|8|8|8
37971,9,True,8,14,8,8|1|8|8|8|8|8|8|9|1|8|8|8|8|8
38007,0,False,0,12,6,6|2|0|6|0|6|3|6|6|0|6|6|6|3|3
38024,6,True,3,13,3,3|6|3|3|2|3|3|3|6|3|3|3|3|3|3
38052,9,True,4,13,4,4|4|4|4|4|4|4|9|4|4|4|4|9|4|4
38091,0,True,2,4,0,0|0|4|4|0|0|2|0|0|0|0|0|0|6|0
38117,3,True,8,15,8,1|1|8|8|8|8|8|8|8|8|8|8|8|8|8
38119,6,True,9,15,5,9|5|5|5|5|9|5|5|9|5|5|5|9|0|5
38142,6,False,6,14,-1,2|2|4|2|0|4|3|2|2|6|4|4|2|4|4
38178,2,True,7,14,7,7|7|7|7|7|7|1|7|7|7|7|7|2|7|7
38180,7,False,7,10,-1,7|7|5|1|5|9|1|5|5|5|7|7|9|8|7
38182,5,False,5,11,2,2|2|5|8|5|2|2|2|5|2|5|2|2|2|2
38186,2,False,2,15,0,0|0|0|0|0|0|0|0|0|0|0|0|0|0|0
38189,4,True,6,10,4,4|0|4|4|0|6|6|9|6|3|4|3|0|6|4
38198,6,True,0,7,6,0|0|0|0|0|6|6|0|6|0|6|6|6|6|6
38220,9,True,4,15,4,4|4|4|4|4|4|4|4|4|4|4|4|4|4|4
38242,0,False,0,11,6,0|0|6|6|0|6|6|0|6|6|6|6|6|6|6
38260,9,False,9,13,5,5|5|5|5|5|2|9|5|5|5|5|5|9|5|5
38268,7,True,5,4,7,7|7|7|0|5|7|5|7|7|3|7|7|7|7|7
38276,5,False,5,5,5,1|5|5|3|5|5|5|2|5|5|5|5|1|3|5
38295,9,False,9,15,5,5|5|5|5|5|5|5|5|5|5|5|5|5|5|5
38301,1,False,1,3,1,1|1|1|1|1|0|1|1|1|1|1|1|1|0|0
38307,6,True,3,14,3,3|2|1|5|3|3|3|3|7|6|2|3|3|3|3
38325,6,False,6,13,0,0|4|0|4|4|6|0|0|0|4|4|0|8|6|0
38405,9,False,9,13,5,5|5|5|9|5|5|5|5|5|5|9|5|5|5|5
38455,3,False,3,9,3,0|8|0|1|0|3|3|3|3|6|3|3|1|6|4
38481,3,True,7,14,7,7|7|7|7|7|2|9|7|7|7|7|7|3|2|7
38483,6,True,2,15,2,2|2|8|2|2|2|2|2|2|2|2|3|2|2|2
38490,2,True,9,15,5,5|5|5|5|5|5|5|5|5|5|9|5|5|5|9
38493,7,True,1,12,1,1|1|1|1|7|1|1|1|1|7|7|1|1|1|1
38503,8,False,8,7,8,1|1|1|8|8|1|8|8|8|8|9|8|1|8|1
38512,4,True,7,15,7,7|7|7|9|7|7|7|7|7|7|7|7|7|7|7
38520,9,True,8,11,4,9|4|4|0|0|4|9|9|4|4|4|9|4|4|4
38531,7,True,1,15,1,1|1|1|1|1|1|1|1|1|1|1|1|1|1|1
38538,6,True,0,9,0,6|6|0|6|0|0|6|0|6|0|0|0|0|6|0
38557,2,True,3,10,3,2|2|3|3|2|3|3|3|3|3|2|3|3|3|2
38568,0,True,2,0,0,0|0|0|0|0|0|0|0|0|0|0|0|0|0|0
38572,4,True,6,11,6,6|6|0|6|4|0|6|4|6|8|2|6|4|4|0
38573,4,True,6,1,4,4|4|4|4|4|4|4|4|6|4|4|4|4|4|4
38585,9,True,7,12,-1,7|7|5|8|8|8|1|7|9|2|9|5|9|8|7
38646,2,True,9,14,9,9|9|5|9|9|9|9|7|5|5|9|5|7|2|7
38754,1,False,1,0,1,1|1|1|1|1|1|1|1|1|1|1|1|1|1|1
38777,0,True,2,9,2,2|0|0|0|0|2|2|2|2|3|2|0|2|8|0
38800,2,False,2,14,0,0|0|4|0|0|0|0|0|0|0|6|0|0|0|2
38804,3,True,8,12,8,3|8|8|8|8|3|8|8|8|8|8|8|8|8|3
38805,6,True,0,4,6,0|6|6|0|0|6|6|6|6|0|6|6|6|6|6
38816,7,True,5,12,5,1|5|5|5|5|5|7|5|5|5|5|5|7|5|7
38835,0,False,0,11,6,6|0|6|0|0|6|6|6|6|6|6|6|6|6|0
38836,4,True,6,10,6,4|6|0|4|4|6|6|6|6|6|6|6|4|6|4
38862,5,False,5,6,5,8|2|7|5|5|5|5|5|5|5|7|5|0|5|2
38864,9,True,4,14,4,9|4|4|4|4|6|4|6|4|4|4|4|4|6|4
38870,2,True,3,12,3,4|2|3|3|3|3|3|3|3|2|3|3|2|3|3
38921,5,True,9,4,5,9|5|5|5|9|5|5|5|5|5|9|5|9|5|5
38934,6,True,0,3,6,6|6|6|6|0|6|6|6|6|0|6|6|0|6|6
38943,5,False,5,8,7,5|7|7|5|5|7|7|5|5|7|7|7|5|7|5
38949,5,True,9,2,5,9|5|5|5|5|5|5|5|5|5|5|5|5|5|9
38956,1,False,1,8,0,1|0|1|1|1|0|1|1|0|0|0|1|0|0|0
38984,5,False,5,6,5,2|5|5|3|5|5|3|5|5|5|5|2|2|2|5
38997,6,True,9,15,5,5|5|9|5|5|5|5|5|5|5|5|5|9|5|5
39017,5,True,9,0,5,5|5|5|5|5|5|5|5|5|5|5|5|5|5|5
39027,6,True,0,7,6,6|0|6|0|0|0|6|0|6|6|0|6|6|6|0
39048,9,True,4,11,4,3|9|9|4|9|6|4|9|3|3|4|4|4|4|2
39055,1,False,1,0,1,1|1|1|1|1|1|1|1|1|1|1|1|1|1|1
39066,7,False,7,5,7,7|7|7|9|7|7|2|7|3|7|7|9|3|7|7
39076,9,False,9,7,9,2|9|9|9|9|5|9|2|2|2|9|9|9|2|2
39080,7,False,7,6,7,7|7|7|9|7|7|7|9|9|7|7|9|9|7|9
39096,2,False,2,12,4,6|2|4|4|0|4|6|3|4|4|3|3|4|2|2
39109,5,True,9,1,5,5|5|5|5|5|5|5|5|5|5|5|5|5|5|7
39113,6,True,0,8,6,6|6|6|3|0|6|6|0|0|0|0|6|0|6|3
39116,6,True,9,15,5,5|5|5|5|9|5|5|5|5|5|5|5|5|5|5
39121,2,True,3,14,3,6|6|6|3|3|3|6|3|3|3|4|4|2|6|3
39131,2,True,6,15,6,6|6|6|8|6|6|6|6|6|6|6|6|8|8|6
39164,5,False,5,1,5,5|5|1|5|5|5|5|5|5|5|5|5|5|5|5
39169,3,True,8,7,3,3|3|3|3|1|3|6|2|0|3|7|4|1|3|3
39170,0,True,2,3,0,0|0|0|4|0|0|0|0|0|0|0|4|0|2|0
39181,1,False,1,2,1,1|7|1|1|1|1|1|1|1|1|1|1|7|1|1
39185,0,True,1,14,1,1|0|1|1|1|1|1|1|1|1|1|1|1|1|1
39194,9,True,8,15,8,1|8|8|8|8|3|8|8|8|8|8|3|3|8|8
39195,3,False,3,10,2,3|2|3|2|0|6|3|9|3|2|2|3|2|2|2
39203,9,True,4,9,4,9|4|4|4|9|9|9|4|4|0|4|9|9|4|4
39242,3,False,3,3,3,3|3|3|2|2|3|3|3|3|3|3|3|6|3|3
39286,4,True,6,15,0,0|6|0|6|0|6|0|0|0|0|0|0|6|0|0
39298,8,True,6,14,4,4|1|1|4|1|4|2|3|1|4|2|2|8|3|4
39331,5,False,5,2,5,5|5|5|5|5|7|5|5|5|5|5|5|5|5|8
39368,9,False,9,15,5,2|5|5|5|5|5|5|5|5|5|5|5|5|5|5
39371,9,False,9,13,5,9|5|5|5|5|5|5|2|5|5|5|5|9|5|5
39372,0,True,2,8,-1,2|0|4|0|0|0|0|2|2|2|0|0|2|2|2
39388,9,True,7,11,7,7|7|5|9|7|8|9|7|5|7|9|9|5|7|7
39402,0,True,2,0,0,0|0|0|0|0|0|0|0|0|0|0|0|0|0|0
39409,4,False,4,12,0,9|0|4|4|0|0|0|9|4|0|2|0|0|2|2
39434,2,True,3,11,3,3|2|3|3|3|6|3|3|3|3|2|3|0|2|2
39473,6,True,7,15,7,7|7|1|7|5|3|3|5|5|2|7|5|8|8|7
39489,6,True,0,9,6,6|6|3|0|4|6|3|7|6|8|4|6|4|6|1
39493,7,False,7,6,7,7|7|7|9|9|9|7|7|7|9|9|9|7|7|7
39497,1,False,1,1,1,1|1|1|1|1|1|1|1|1|1|1|1|0|1|1
39500,6,True,2,13,2,3|2|9|2|2|6|3|9|4|2|2|2|2|6|2
39513,8,False,8,7,8,1|1|8|8|8|1|1|8|8|8|5|1|8|8|1
39523,9,True,4,13,4,4|4|4|4|4|9|4|4|4|4|4|4|9|4|4
39554,2,True,6,13,-1,1|6|3|4|1|3|3|7|2|2|8|0|0|6|6
39571,4,True,6,6,4,1|4|4|4|4|4|4|9|9|0|9|6|4|4|4
39578,4,False,4,14,8,8|8|9|8|1|8|1|8|1|8|7|8|2|5|4
39597,0,False,0,6,0,0|0|0|0|0|6|6|0|6|6|0|6|0|6|0
39615,4,False,4,15,3,3|3|6|8|1|1|6|3|3|3|2|3|3|6|3
39629,1,True,5,14,7,7|1|7|5|7|9|7|7|5|9|7|7|9|9|7
39663,0,False,0,3,0,0|2|0|0|0|0|0|9|4|0|0|0|0|0|0
39692,9,True,7,12,7,7|7|7|9|7|7|9|7|7|7|7|7|9|7|7
39700,1,True,3,14,5,2|4|3|3|5|1|3|8|6|4|8|5|5|5|4
39714,5,False,5,3,5,7|5|5|5|5|5|5|5|5|2|5|5|3|5|5
39737,9,True,7,11,7,7|7|7|9|7|5|7|7|9|3|7|7|7|9|9
39753,5,False,5,11,1,1|1|1|1|1|1|3|5|1|5|5|1|1|1|5
39754,9,True,4,9,4,4|4|4|4|4|9|9|9|9|4|9|9|4|4|4
39764,0,False,0,7,0,6|0|0|6|0|6|6|0|6|0|0|0|0|6|3
39823,3,True,7,14,7,2|7|7|2|7|9|7|7|9|3|7|5|7|9|7
39836,8,False,8,2,8,8|8|8|8|8|8|3|8|8|1|8|8|8|8|8
39884,1,True,7,15,7,7|7|5|9|9|7|9|7|9|7|7|7|9|7|7
39900,1,False,1,2,1,1|1|1|1|1|7|1|1|1|1|1|1|4|1|1
39920,9,True,3,15,-1,4|2|6|4|8|8|4|6|0|4|6|6|6|3|4
39932,0,False,0,8,6,0|0|0|6|0|6|0|6|6|6|0|6|0|6|6
39936,5,True,9,2,5,5|5|5|5|5|5|5|5|5|5|5|5|9|5|9
39944,6,False,6,4,6,6|6|6|0|0|6|6|6|6|6|0|6|6|6|0
39946,2,False,2,9,2,2|4|4|4|2|0|2|9|4|2|2|4|0|0|2
39950,6,True,0,1,6,6|6|6|6|4|6|6|6|6|6|6|6|6|6|6
39967,7,False,7,2,7,7|7|7|7|7|7|7|7|9|7|7|7|7|4|7
39973,3,False,3,3,3,3|6|3|3|2|3|3|3|3|3|0|3|3|3|3
40000,7,False,7,3,7,7|7|7|7|2|7|7|7|7|3|7|7|7|2|7
40003,4,True,1,15,1,1|1|1|1|1|7|1|1|1|1|1|1|1|1|1
40020,4,False,4,9,4,4|2|6|4|0|2|4|6|6|4|2|6|4|6|4
40036,2,True,5,14,5,5|7|5|5|5|5|5|7|1|5|5|2|5|5|7
40058,0,True,2,8,0,4|0|0|4|0|6|4|0|0|4|0|9|0|2|4
40072,2,True,3,10,-1,2|2|3|0|3|1|0|3|6|6|3|3|2|2|2
40078,2,True,3,14,3,2|3|3|8|3|3|3|3|3|3|3|3|3|3|3
40085,6,False,6,15,4,4|4|4|9|4|4|9|4|9|9|9|4|9|4|4
40111,8,False,8,1,8,3|8|8|8|8|8|8|8|8|8|8|8|8|8|8
40128,2,True,3,12,1,1|7|3|2|3|1|6|3|1|0|2|1|3|2|1
40134,0,True,2,14,4,2|9|6|4|4|9|4|2|4|2|9|0|2|6|4
40137,0,False,0,2,0,3|0|0|0|0|0|0|0|0|0|0|0|0|6|0
40139,9,True,2,15,6,6|4|6|3|1|6|6|6|1|5|1|2|0|8|6
40190,7,True,5,5,7,7|5|5|5|7|7|5|5|7|7|7|7|7|7|7
40199,2,True,7,14,7,7|7|7|1|7|0|7|7|7|2|7|9|7|5|7
40220,6,True,0,11,0,0|6|0|6|2|0|0|0|6|0|0|0|0|6|0
40237,3,True,7,14,7,7|7|7|1|7|7|7|7|3|7|7|7|7|2|7
40268,1,False,1,14,3,1|0|3|3|3|7|3|0|7|3|3|6|3|5|3
40298,3,True,2,14,4,9|2|4|2|0|6|6|4|4|3|4|4|0|6|2
40307,3,False,3,6,3,3|6|3|3|3|6|3|3|3|8|3|6|6|6|3
40309,1,True,3,15,3,3|6|3|2|3|3|3|3|3|3|3|3|3|3|3
40342,4,True,6,14,0,2|4|0|0|0|0|0|0|0|0|0|0|0|8|2
40370,5,True,9,0,5,5|5|5|5|5|5|5|5|5|5|5|5|5|5|5
40393,6,True,0,5,6,6|0|0|0|0|6|6|6|6|6|6|6|6|6|0
40418,7,True,3,15,-1,2|1|6|0|1|1|0|6|2|0|2|3|3|0|2
40425,6,True,0,4,6,6|6|0|4|0|6|6|6|6|6|6|0|6|6|6
40429,6,True,0,11,0,4|0|4|8|0|6|0|0|0|6|6|6|2|0|2
40466,0,True,1,9,1,1|0|1|1|1|0|1|1|1|9|0|0|0|1|0
40480,9,False,9,15,5,5|5|5|5|5|5|5|5|5|5|5|5|5|5|5
40485,9,True,4,7,9,4|9|4|4|9|9|4|9|9|9|9|4|9|4|4
40510,1,False,1,0,1,1|1|1|1|1|1|1|1|1|1|1|1|1|1|1
40511,3,True,2,14,2,3|4|4|4|9|6|2|9|9|2|2|2|2|2|2
40523,4,False,4,9,9,4|4|4|9|9|9|0|4|9|9|9|9|9|4|4
40544,3,False,3,9,3,3|2|6|3|3|6|6|6|2|3|3|3|2|2|2
40551,4,True,6,8,-1,4|6|4|6|4|6|6|0|6|4|4|6|4|6|4
40563,9,True,7,14,7,7|7|7|4|7|2|4|7|7|7|7|7|2|7|9
40595,3,False,3,3,3,3|2|3|2|2|3|3|3|3|3|3|3|3|3|3
40606,9,True,4,12,4,4|4|4|4|4|9|4|4|9|4|9|4|4|4|4
40608,2,True,5,8,5,2|2|5|5|5|5|5|5|2|2|5|5|2|2|2
40623,4,True,6,13,6,0|0|2|6|2|6|2|4|2|6|6|6|0|6|4
40629,4,True,6,9,4,0|2|4|4|4|6|2|4|4|4|2|0|2|2|8
40631,1,False,1,2,1,1|7|1|1|1|0|1|1|1|1|1|1|1|1|1
40636,5,True,9,0,5,5|5|5|5|5|5|5|5|5|5|5|5|5|5|5
40645,9,True,4,5,9,3|9|9|4|9|9|9|9|9|4|9|9|9|4|4
40654,5,False,5,8,7,7|5|5|5|7|7|7|7|5|5|5|5|7|7|7
40655,9,True,7,11,7,9|7|7|9|7|9|7|7|7|7|7|7|7|7|9
40674,9,True,7,9,7,7|7|7|9|7|9|7|7|7|7|9|9|9|7|9
40680,6,True,0,6,6,0|6|6|0|0|6|6|0|6|0|6|6|0|6|6
40701,9,True,7,15,7,7|7|7|7|7|7|7|7|7|7|7|7|7|2|7
40763,3,True,4,13,6,6|6|3|3|1|6|2|4|6|0|2|6|2|6|6
40768,9,True,7,14,7,1|7|7|8|7|7|5|7|7|5|7|7|7|4|9
40772,3,False,3,3,3,3|3|3|3|2|3|3|3|3|3|2|3|3|3|2
40789,0,False,0,13,3,0|6|6|3|3|3|3|3|3|3|3|3|0|3|2
40800,2,True,3,15,-1,3|0|3|8|0|6|6|0|3|0|3|6|0|6|3
40813,4,False,4,13,6,1|1|6|3|0|9|3|6|4|4|2|6|1|6|0
40815,0,False,0,12,6,6|6|6|6|0|6|6|6|6|0|6|6|6|6|0
40879,6,True,0,15,8,3|8|8|8|8|5|8|8|8|8|9|8|9|8|8
40902,9,True,7,11,7,7|7|7|9|7|9|7|7|7|2|9|7|7|7|9
40906,0,False,0,7,0,6|6|0|0|0|6|6|0|6|0|0|6|6|0|0
40913,5,False,5,7,5,7|7|5|5|7|7|7|5|5|5|5|7|7|5|5
40931,0,False,0,10,6,6|0|4|0|0|6|6|0|6|6|6|6|6|6|0
40951,1,True,3,15,6,0|6|6|6|0|6|3|3|6|0|6|3|6|6|6
40969,3,True,8,13,8,8|8|8|8|8|3|8|8|8|8|8|8|8|3|8
40972,4,True,7,15,7,7|7|7|7|7|7|5|5|7|2|1|7|7|5|9
40996,2,False,2,8,2,6|0|8|8|2|2|0|0|0|2|2|2|2|2|0
41024,0,True,1,15,1,1|1|1|1|1|1|1|1|1|1|1|1|1|1|1
41036,6,True,0,6,6,6|6|4|6|0|6|0|0|6|6|6|6|0|6|4
41044,8,False,8,8,8,2|3|3|8|8|3|5|8|8|3|8|3|3|8|8
41045,1,False,1,2,1,1|1|1|1|1|0|1|1|1|1|1|1|1|3|1
41056,6,False,6,6,6,6|6|4|6|4|6|4|4|6|6|4|6|6|6|4
41071,2,False,2,12,8,8|0|0|0|8|8|8|8|2|2|8|8|8|2|0
41104,3,False,3,7,3,3|2|3|6|3|3|3|3|0|3|2|3|2|1|2
41113,4,True,1,15,1,1|1|1|1|1|1|1|1|0|1|1|1|0|1|7
41124,9,False,9,13,5,9|5|5|5|5|5|5|5|5|5|5|5|9|5|5
41148,1,False,1,3,1,1|1|1|1|1|1|1|1|1|1|0|1|1|0|0
41151,5,True,9,1,5,5|5|5|9|5|5|5|5|5|5|5|5|5|5|5
41156,0,True,2,9,6,0|6|4|0|0|3|6|6|0|6|6|0|6|6|0
41165,2,True,3,12,3,3|2|3|3|3|3|3|3|3|3|3|3|2|3|2
41189,4,True,6,9,0,0|0|0|4|0|0|4|2|4|2|4|4|0|4|0
41215,5,True,9,1,5,5|5|5|5|5|5|5|5|5|5|5|5|9|5|5
41230,9,False,9,15,5,5|5|5|5|5|5|5|5|5|5|5|5|5|5|5
41270,9,True,8,15,8,3|8|8|8|8|8|8|8|8|8|8|8|8|3|8
41287,4,True,6,13,-1,1|4|0|3|8|3|6|4|3|2|0|8|6|9|0
41298,5,False,5,5,5,5|5|5|9|5|3|3|5|5|3|9|5|5|5|5
41308,2,True,3,5,2,2|2|3|2|2|2|2|3|2|3|3|3|2|2|2
41324,4,True,6,14,0,0|6|6|0|0|6|6|0|0|0|6|0|0|6|4
41341,8,False,8,8,3,8|3|3|3|8|3|3|3|8|3|8|8|3|8|8
41349,6,False,6,14,8,1|8|0|8|1|9|2|8|0|8|8|8|4|6|1
41352,6,False,6,7,6,4|6|6|4|4|6|6|4|6|4|4|6|6|6|4
41356,2,True,3,8,-1,1|2|3|3|2|2|3|3|2|3|2|3|2|3|2
41393,1,True,5,8,1,5|1|7|1|5|3|1|1|1|5|7|5|1|1|5
41394,0,True,1,14,1,1|1|3|1|1|0|1|1|7|1|7|1|3|1|3
41425,3,True,5,13,5,3|7|5|1|5|1|3|5|5|5|5|8|5|5|7
41432,5,True,9,0,5,5|5|5|5|5|5|5|5|5|5|5|5|5|5|5
41445,5,False,5,15,7,1|1|7|9|7|7|1|7|7|9|7|7|7|9|7
41447,0,False,0,13,6,6|6|6|0|0|6|6|6|6|6|6|6|6|6|6
41451,9,True,4,9,4,4|9|4|4|0|9|9|9|4|4|9|4|9|4|4
41462,0,True,2,2,0,0|0|8|0|0|0|0|0|0|2|0|0|0|0|0
41468,9,True,4,6,9,9|4|4|4|9|9|9|9|9|4|9|9|9|4|4
41475,8,True,2,14,-1,0|4|0|2|5|0|4|6|2|4|2|8|4|6|2
41502,4,False,4,13,3,3|2|4|3|0|6|4|3|1|3|3|3|2|6|2
41504,9,False,9,14,5,9|5|5|5|5|5|5|5|5|5|5|5|5|5|5
41530,2,True,3,9,-1,2|0|3|2|2|3|6|3|2|3|3|3|0|2|2
41544,6,True,0,8,-1,6|6|0|0|0|6|6|0|6|0|0|6|6|0|2
41567,2,True,7,15,7,7|0|7|7|7|7|3|7|7|7|7|7|7|7|7
41571,4,False,4,5,4,4|4|0|4|4|4|4|0|6|0|4|6|4|4|4
41585,3,True,7,15,7,7|7|7|8|5|7|7|7|7|7|5|7|9|2|7
41586,5,False,5,10,5,8|0|8|3|5|3|5|5|8|5|7|5|4|8|2
41591,6,True,0,1,6,6|6|6|6|0|6|6|6|6|6|6|6|6|6|6
41611,9,True,4,15,-1,2|2|4|4|0|6|0|4|6|3|2|0|0|6|2
41612,9,True,8,13,8,8|1|8|8|7|7|1|8|8|8|9|8|8|1|9
41628,3,True,8,15,8,1|8|8|8|8|9|8|8|8|8|8|8|8|8|8
41631,6,False,6,11,4,4|4|4|4|4|6|4|6|0|6|4|4|9|6|4
41639,6,False,6,10,4,4|6|4|4|4|4|4|6|4|6|4|4|6|6|4
41649,7,False,7,1,7,7|7|7|7|7|7|7|7|7|7|7|7|7|9|7
41652,8,True,1,15,1,1|1|1|1|0|1|0|1|1|9|1|1|1|1|0
41681,3,False,3,15,2,4|2|2|4|2|2|6|5|8|4|7|6|2|8|2
41703,4,True,6,1,4,4|4|4|4|4|4|4|4|4|4|4|4|2|4|4
41715,9,False,9,9,5,9|5|5|5|9|5|9|5|5|5|5|9|9|5|9
41723,1,False,1,1,1,1|7|1|1|1|1|1|1|1|1|1|1|1|1|1
41731,1,False,1,8,-1,1|0|1|1|1|0|1|1|0|9|0|0|0|1|0
41742,7,True,8,15,8,1|8|8|8|1|1|8|1|8|1|8|8|8|8|8
41746,6,False,6,13,4,2|2|4|4|0|0|4|6|6|4|2|0|0|2|4
41756,8,False,8,2,8,3|3|8|8|8|8|8|8|8|8|8|8|8|8|8
41759,3,True,8,12,8,8|8|7|8|5|3|3|8|8|3|8|8|8|8|8
41768,7,True,5,9,5,7|5|5|5|7|7|7|5|7|5|5|5|7|5|5
41780,3,True,8,12,8,3|8|8|8|8|3|3|8|8|8|8|8|8|8|8
41795,2,True,5,14,5,8|5|7|7|5|2|5|5|5|5|5|1|5|5|5
41802,0,False,0,12,6,6|4|4|0|4|6|0|6|6|6|4|6|0|6|4
41842,7,False,7,3,7,7|7|1|9|7|7|9|7|7|7|7|7|7|7|7
41855,0,True,1,10,1,1|0|1|1|1|1|0|1|0|1|0|1|1|1|0
41867,7,True,8,12,8,8|1|8|8|8|7|7|8|7|8|8|8|8|8|8
41917,6,True,0,10,6,6|0|6|8|8|6|6|4|3|2|3|6|2|8|2
41927,9,False,9,14,5,9|5|5|5|5|5|5|5|5|5|5|5|5|5|5
41929,9,True,7,14,7,7|7|7|9|7|7|7|7|7|7|7|7|7|7|7
41930,6,False,6,13,3,8|3|7|5|7|5|3|7|1|3|3|6|1|6|1
41948,4,True,7,11,7,7|7|7|4|7|7|7|7|7|4|7|7|7|4|4
41967,9,False,9,15,5,5|5|5|5|5|5|5|5|5|5|5|5|5|5|5
41989,9,True,7,14,7,7|7|7|9|7|7|7|7|7|7|7|7|7|7|7
42006,2,True,5,7,2,2|2|5|2|5|2|2|5|2|2|5|5|2|5|5
42029,5,True,9,2,5,9|5|5|5|5|5|5|5|5|5|5|5|9|5|5
42047,5,True,9,1,5,5|5|5|5|5|5|5|5|5|5|5|5|9|5|5
42051,8,False,8,3,8,8|8|8|8|8|3|3|8|8|8|8|3|8|8|8
42063,2,True,5,15,5,1|7|5|5|5|3|1|5|5|5|7|3|5|7|3
42118,3,False,3,2,3,3|2|3|3|3|3|3|3|3|3|3|3|3|3|2
42135,0,True,2,4,0,2|2|0|8|0|2|0|0|0|0|0|0|0|0|0
42138,1,True,3,14,6,0|4|3|1|0|6|2|6|6|8|9|3|3|6|4
42146,2,False,2,14,0,0|0|4|0|0|0|0|0|0|2|0|0|0|0|0
42166,2,True,9,8,-1,2|2|9|9|9|7|9|2|2|9|2|9|2|2|9
42177,8,False,8,5,8,3|3|8|8|5|8|8|8|8|3|8|8|8|8|3
42180,6,False,6,14,4,4|4|4|4|4|4|4|9|4|2|4|4|2|6|2
42195,2,True,5,15,5,5|7|5|1|3|1|5|5|5|5|9|7|5|7|5
42216,3,True,5,14,5,5|5|5|5|5|5|5|5|5|5|5|5|3|5|5
42217,9,True,4,6,9,9|9|4|4|9|4|4|9|9|9|9|9|4|4|9
42221,4,True,7,14,7,7|7|7|4|7|9|7|7|7|7|9|7|7|7|9
42256,7,True,1,5,7,7|1|7|1|7|1|7|1|7|7|7|7|1|7|7
42263,6,True,3,12,3,1|3|6|3|3|3|6|3|3|3|3|3|0|6|3
42283,3,True,7,15,7,7|7|7|9|7|7|7|7|9|7|7|7|9|8|7
42313,4,False,4,8,4,1|4|4|4|0|6|2|2|2|4|3|3|4|4|4
42314,0,False,0,7,0,0|0|0|6|0|6|0|0|0|6|6|6|0|6|2
42328,2,True,6,15,4,6|4|4|4|4|4|4|4|6|6|4|6|4|6|4
42334,9,False,9,13,5,9|5|5|5|5|2|5|5|5|5|5|5|9|5|5
42340,7,False,7,4,7,7|5|7|9|7|7|7|7|7|7|7|9|7|2|7
42387,0,True,2,8,0,4|4|0|4|0|4|4|9|0|4|2|0|0|0|0
42395,8,False,8,15,4,4|4|6|0|0|6|4|9|0|4|9|4|2|4|4
42408,9,True,4,10,4,9|4|4|4|4|9|9|4|9|0|9|4|4|4|4
42417,7,True,1,5,7,7|1|1|1|7|7|7|1|7|7|7|1|7|7|7
42420,3,False,3,7,3,3|3|3|8|2|8|3|3|6|3|3|3|8|8|0
42447,1,False,1,6,1,0|1|1|1|0|1|0|1|1|0|0|1|1|1|0
42453,9,True,4,14,4,4|2|4|4|4|9|4|2|3|4|2|4|4|4|0
42490,9,True,4,4,9,9|9|4|4|9|9|9|4|9|9|9|9|9|4|9
42493,5,True,9,3,5,9|5|5|5|5|5|5|5|5|5|5|5|9|6|5
42521,8,False,8,15,3,1|7|1|3|3|7|2|1|7|3|7|3|3|1|6
42533,7,True,1,15,1,1|1|1|1|1|1|1|1|1|1|1|1|1|1|1
42536,3,False,3,9,3,2|0|6|3|6|3|3|3|6|0|0|0|3|2|3
42578,4,False,4,10,9,9|9|4|4|9|9|9|9|4|9|9|4|9|4|9
42586,5,True,9,11,7,9|1|7|5|5|8|5|7|5|7|9|7|9|7|9
42595,4,True,7,15,7,7|7|7|7|7|7|7|7|7|7|7|7|7|2|7
42640,0,False,0,11,6,6|0|4|6|6|3|6|6|0|0|6|6|0|6|3
42672,0,True,2,2,0,0|0|0|0|0|0|0|0|0|2|0|0|0|2|0
42673,5,False,5,11,-1,1|1|1|8|9|9|1|5|3|5|5|7|3|5|9
42677,9,True,7,14,7,2|7|5|1|1|5|7|7|7|5|7|5|9|7|1
42683,0,False,0,15,3,3|2|3|3|4|3|1|3|3|3|6|1|3|6|2
42699,2,True,9,15,5,9|5|5|5|5|9|9|5|5|5|5|5|9|5|5
42704,1,False,1,3,1,1|1|1|1|1|1|1|1|0|0|0|1|1|1|1
42715,4,True,6,4,4,4|4|4|4|4|9|9|4|4|4|4|9|9|4|4
42720,3,True,2,14,-1,4|2|4|2|2|4|4|9|4|0|2|3|4|2|2
42724,4,True,6,7,4,0|4|4|4|0|6|2|9|4|2|4|4|4|6|4
42756,9,False,9,13,5,9|5|5|5|5|5|5|5|5|5|5|5|9|5|5
42771,7,False,7,12,9,9|7|5|9|9|9|7|5|9|7|5|9|9|5|5
42783,3,False,3,4,3,3|6|3|2|2|6|3|3|3|3|3|3|3|3|3
42816,7,True,8,11,8,7|7|8|8|7|7|8|8|5|8|8|8|8|8|8
42822,2,False,2,15,4,4|4|0|4|0|4|6|4|0|4|0|0|4|6|4
42828,6,False,6,12,4,4|4|8|2|4|8|4|6|4|4|4|0|6|6|4
42834,1,False,1,1,1,1|1|1|1|1|1|1|1|1|1|7|1|1|1|1
42861,5,True,9,1,5,5|5|5|5|5|5|5|5|5|5|5|5|9|5|5
42874,0,False,0,10,0,6|6|8|6|0|2|0|0|2|2|8|0|0|6|2
42877,0,False,0,9,6,0|6|0|0|0|0|6|7|6|6|6|6|0|6|6
42889,4,False,4,6,4,4|4|4|4|4|9|9|4|9|4|9|9|9|4|4
42918,5,False,5,6,5,7|7|5|5|4|5|7|5|7|5|7|5|5|5|5
42931,1,False,1,2,1,1|1|1|1|1|1|7|1|1|1|1|1|1|1|7
42984,2,True,6,10,-1,2|2|3|6|3|2|2|0|6|3|4|0|2|3|3
42987,2,False,2,11,0,0|0|4|0|0|2|0|0|0|2|2|0|9|4|2
43017,6,True,0,4,6,0|6|4|6|0|6|6|6|6|6|6|6|6|6|4
43027,6,False,6,15,4,4|4|4|4|4|9|4|4|4|4|4|0|4|4|4
43030,6,True,0,6,6,6|6|0|6|0|6|6|6|0|6|0|6|0|6|0
43045,5,False,5,6,5,1|3|5|5|5|5|5|5|5|5|7|5|1|7|1
43069,2,False,2,14,8,1|9|8|1|8|9|8|0|8|8|9|9|2|9|8
43094,2,True,9,15,5,9|5|5|5|5|5|5|5|9|5|9|9|5|6|9
43101,5,True,9,3,5,9|5|5|5|5|5|5|5|5|5|5|5|9|5|9
43102,9,False,9,12,5,9|5|5|5|9|5|5|5|5|5|5|5|9|5|5
43112,3,True,5,15,5,1|5|5|5|5|5|5|5|5|5|5|1|5|5|5
43130,3,True,8,10,8,3|8|8|8|8|3|3|3|8|8|8|8|8|8|3
43136,0,True,2,12,2,2|2|4|0|2|0|2|2|4|2|2|2|0|4|2
43145,6,True,0,6,6,6|6|6|6|0|0|6|6|0|0|6|6|6|0|0
43173,6,False,6,15,4,4|4|4|4|4|9|4|9|4|4|4|4|4|4|4
43189,1,False,1,5,1,1|1|1|1|1|0|0|1|1|0|1|1|0|0|1
43251,2,True,9,7,2,2|2|9|9|5|5|2|2|2|2|9|9|2|2|9
43252,6,False,6,12,4,4|4|4|4|8|6|3|4|4|6|4|6|9|4|4
43255,6,True,0,7,6,6|0|6|0|0|6|6|0|6|0|6|6|0|6|0
43285,4,False,4,9,9,9|4|4|4|4|9|9|9|9|9|9|9|4|4|9
43287,5,False,5,12,1,1|1|1|8|5|5|3|5|3|8|8|7|3|6|1
43291,9,False,9,14,5,5|5|5|5|5|5|5|5|5|5|5|5|9|5|5
43295,9,True,4,12,4,4|4|4|4|9|3|4|9|3|4|4|9|4|6|4
43390,9,False,9,9,5,9|9|5|9|9|2|5|5|9|5|9|5|5|2|5
43419,5,True,9,2,5,3|5|5|5|5|7|5|5|5|5|5|5|5|5|5
43420,5,True,9,1,5,9|5|5|5|5|5|5|5|5|5|5|5|5|5|5
43469,4,False,4,4,4,4|4|4|4|4|9|9|4|9|4|4|6|4|4|4
43476,6,True,2,14,4,4|4|4|4|4|4|6|4|9|4|4|9|0|4|4
43579,7,False,7,3,7,7|7|7|9|7|7|9|7|7|7|7|7|9|7|7
43601,7,True,1,13,1,1|1|1|1|1|1|7|1|1|1|7|1|1|1|1
43625,5,True,9,1,5,9|5|5|5|5|5|5|5|5|5|5|5|5|5|5
43664,1,False,1,7,1,7|7|1|1|1|7|1|1|2|1|2|1|7|1|7
43668,6,True,9,15,5,9|5|5|5|5|5|8|5|5|5|5|5|9|5|9
43710,9,True,4,13,4,3|4|4|4|4|4|4|9|4|4|4|4|4|4|9
43758,2,True,7,14,7,7|7|7|2|7|7|7|7|7|7|7|7|7|7|9
43766,6,False,6,5,6,6|6|0|6|0|6|6|0|6|6|6|6|0|6|0
43832,2,False,2,15,4,4|4|4|4|4|4|4|4|4|4|4|4|4|4|4
43868,4,False,4,9,9,9|4|4|4|9|9|9|9|9|9|9|4|9|4|4
43881,4,True,7,13,7,7|7|4|7|7|7|7|7|7|7|7|7|4|7|9
43896,9,False,9,14,5,9|5|5|5|5|5|5|5|5|5|5|5|5|5|5
43905,9,True,4,14,4,4|0|4|4|9|4|4|4|4|0|4|4|4|4|4
43910,0,True,2,1,0,0|0|0|0|0|0|0|2|0|0|0|0|0|0|0
43921,3,False,3,9,-1,3|2|6|2|3|2|6|6|3|3|2|3|2|2|3
43941,0,False,0,12,3,8|0|1|0|5|3|8|2|3|0|2|8|2|3|3
43972,4,True,1,14,1,1|1|0|1|1|1|1|0|1|9|9|4|5|1|1
43984,3,True,2,5,3,3|2|3|3|0|6|3|3|2|3|2|3|3|3|3
43986,0,False,0,11,6,6|0|0|6|0|6|6|6|6|6|6|6|6|6|0
44006,4,False,4,12,8,8|1|1|8|8|3|6|8|1|4|2|9|4|6|4
44007,9,False,9,13,5,5|5|5|5|5|5|5|5|5|5|5|5|9|5|9
44008,3,True,7,14,7,7|7|7|3|7|7|7|7|7|7|7|7|7|7|7
44029,8,True,7,15,7,7|7|7|5|7|1|7|7|7|7|7|7|7|7|7
44056,7,False,7,1,7,7|7|7|7|7|7|7|7|7|7|7|7|9|7|7
44063,8,False,8,5,8,8|8|8|8|8|8|3|5|8|3|8|8|8|3|5
44080,9,True,4,8,4,4|4|4|9|9|9|4|4|4|9|9|9|9|4|4
44081,2,True,3,14,3,3|2|3|3|0|3|3|4|3|4|9|3|9|6|9
44086,0,False,0,13,6,6|7|3|3|0|2|6|2|6|0|3|6|6|6|2
44143,2,False,2,15,4,6|4|4|4|0|4|6|9|4|0|4|4|4|4|0
44166,1,False,1,10,1,1|1|1|3|1|8|3|7|2|4|3|1|0|2|3
44177,6,True,3,15,3,2|2|3|3|2|2|3|3|3|3|2|3|3|2|3
44180,6,False,6,15,4,4|4|4|4|4|4|4|9|4|4|4|4|9|4|4
44183,4,True,7,15,7,3|7|7|3|7|7|7|7|7|7|7|7|7|7|7
44197,3,False,3,3,3,3|3|3|3|2|3|3|3|6|3|3|3|3|6|3
44208,9,False,9,14,5,9|5|5|6|5|6|5|1|5|5|5|5|5|5|5
44258,9,True,4,9,4,9|4|4|4|4|9|4|9|9|4|9|4|9|4|4
44266,7,False,7,9,7,7|9|5|3|7|7|9|7|5|9|7|9|5|5|7
44270,7,False,7,5,7,7|5|7|3|7|9|9|7|7|7|7|7|5|7|7
44295,0,False,0,11,6,6|6|0|0|0|6|6|0|6|6|6|6|6|6|6
44306,6,False,6,15,4,4|4|4|4|4|4|4|4|4|4|4|4|4|4|4
44315,5,True,9,1,5,5|5|5|5|5|5|5|5|5|5|5|5|9|5|5
44322,2,False,2,6,2,3|2|4|3|2|3|2|2|3|2|2|2|3|2|2
44336,7,False,7,5,7,7|7|7|2|2|7|7|7|7|9|7|7|9|2|7
44338,6,True,9,15,9,7|9|7|9|5|9|9|2|9|9|7|9|9|9|9
44364,9,True,8,15,8,7|7|8|8|7|7|8|8|8|7|8|8|8|7|7
44407,7,True,1,14,1,1|1|1|1|1|7|1|1|1|1|1|1|1|1|1
44415,4,True,1,15,1,1|1|1|1|1|0|1|1|1|7|1|1|1|1|1
44424,1,False,1,8,0,0|0|1|1|1|0|1|1|0|0|1|0|0|1|0
44446,4,True,6,1,4,0|4|4|4|4|4|4|4|4|4|4|4|4|4|4
44448,7,True,8,12,8,7|8|8|8|8|7|7|8|8|8|8|8|8|8|8
44450,0,False,0,13,6,0|6|4|4|4|6|6|6|6|6|6|6|0|6|4
44452,7,True,1,11,1,1|7|1|1|1|7|7|1|7|1|1|1|1|3|1
44456,3,False,3,9,3,2|0|1|0|1|3|3|3|2|3|6|3|2|6|3
44467,6,False,6,11,4,3|6|4|4|5|6|6|4|4|3|4|2|3|6|4
44476,5,False,5,9,5,1|5|1|5|5|3|5|7|7|5|9|9|7|5|1
44492,1,True,3,13,0,1|0|0|1|0|0|3|0|2|2|2|0|3|2|2
44516,9,True,3,15,3,1|6|6|6|3|1|6|3|3|3|2|3|2|2|3
44540,6,True,3,15,9,4|4|4|3|9|9|9|9|9|9|9|4|9|4|4
44550,0,False,0,10,6,6|6|6|0|0|6|6|0|6|0|6|6|6|6|0
44558,9,True,7,12,7,7|7|5|9|7|9|7|7|7|7|7|7|5|7|9
44578,6,False,6,15,4,4|4|4|4|4|9|4|4|4|4|9|4|9|4|4
44582,6,True,0,5,6,6|6|0|6|0|6|6|6|0|0|6|6|0|6|6
44585,2,True,9,14,9,7|5|9|9|5|7|9|7|9|5|9|5|9|2|9
44592,0,True,2,15,2,8|3|4|2|2|2|6|8|2|2|8|3|9|2|2
44593,8,False,8,3,8,7|8|8|8|8|3|3|8|8|8|8|8|8|8|8
44612,9,True,7,10,7,7|7|7|9|7|7|7|7|7|9|9|7|7|9|9
44616,5,True,9,1,5,5|5|5|5|5|5|5|5|5|5|5|5|9|5|5
44622,2,True,9,11,9,2|2|9|5|5|2|9|2|9|5|9|5|9|5|9
44625,5,True,9,1,5,9|5|5|5|5|5|5|5|5|5|5|5|5|5|5
44627,5,True,9,2,5,9|5|5|5|5|5|9|5|5|5|5|5|5|5|5
44650,5,True,9,1,5,9|5|5|5|5|5|5|5|5|5|5|5|5|5|5
44652,7,True,8,14,8,1|8|1|8|8|8|9|8|1|5|8|8|8|7|8
44677,4,True,6,2,4,4|4|4|4|4|4|4|4|6|4|4|4|4|6|4
44685,4,False,4,13,3,0|2|6|1|0|6|0|3|3|9|3|2|4|3|4
44688,5,True,9,2,5,9|5|5|5|5|5|5|5|5|5|9|5|5|5|5
44711,2,True,3,7,2,2|2|3|2|2|3|3|3|3|3|2|3|2|2|2
44715,9,True,4,11,4,4|4|4|3|9|9|9|9|3|4|2|4|4|6|6
44719,1,False,1,6,1,1|1|1|2|1|6|1|1|1|1|7|3|0|1|2
44727,6,False,6,3,6,4|6|6|6|0|6|6|6|6|6|6|6|6|6|4
44743,1,False,1,14,4,0|4|4|4|1|6|2|9|4|3|4|3|3|4|4
44759,8,True,2,14,-1,2|0|6|1|2|6|6|6|8|3|4|4|0|2|2
44764,8,False,8,2,8,1|8|8|8|8|8|8|8|8|8|8|8|8|8|1
44782,4,True,6,7,4,4|1|4|4|4|6|4|8|0|4|2|6|4|6|4
44785,0,True,2,3,0,0|0|4|0|0|0|0|0|0|2|0|0|0|2|0
44798,4,True,6,15,0,0|0|0|0|0|0|0|0|0|2|0|0|2|0|0
44819,9,True,7,13,7,7|7|7|7|7|7|7|7|5|7|7|7|9|7|9
44853,0,True,2,8,0,2|0|4|0|0|8|0|2|0|2|0|2|8|2|0
44860,9,False,9,11,2,2|2|9|2|2|9|5|2|5|5|7|9|5|2|9
44898,7,False,7,3,7,7|7|7|2|7|7|7|7|7|7|7|7|2|2|7
44932,2,True,3,8,2,2|6|6|2|2|3|2|2|2|3|2|3|3|3|3
44935,6,True,2,15,9,9|4|9|4|9|9|3|9|4|2|9|9|2|9|4
44957,7,False,7,1,7,7|7|7|2|7|7|7|7|7|7|7|7|7|7|7
44983,2,False,2,14,0,0|4|0|0|0|0|0|0|0|0|0|0|0|2|0
45003,2,True,9,15,5,9|5|5|5|5|5|5|5|5|5|5|5|9|5|5
45019,9,True,4,13,4,4|8|4|4|4|3|4|9|4|2|4|2|9|4|4
45025,6,True,3,13,3,6|2|3|3|2|3|6|3|2|3|2|3|2|2|3
45095,6,False,6,7,6,0|0|6|6|0|6|0|6|0|6|6|6|0|6|0
45100,4,True,6,10,0,4|6|4|0|0|4|0|0|4|2|0|0|0|4|2
45148,9,True,7,12,7,7|7|9|5|7|7|7|7|3|7|7|7|9|7|9
45153,0,True,1,14,1,1|1|1|1|0|1|1|1|1|1|1|1|1|1|1
45154,0,True,1,9,1,1|1|0|1|0|1|1|1|1|0|0|1|1|0|0
45156,2,False,2,15,0,4|0|6|4|0|4|0|0|0|0|0|0|0|6|6
45157,7,False,7,10,9,9|7|5|9|9|9|7|7|9|5|7|9|7|8|9
45184,4,False,4,12,-1,6|6|4|3|0|6|4|9|9|3|3|3|9|6|4
45192,6,True,0,4,6,6|6|6|0|0|6|6|6|6|6|0|6|6|6|0
45198,4,True,6,15,6,0|6|0|0|8|8|8|6|6|6|6|6|0|6|6
45202,6,True,2,6,6,2|2|6|4|2|6|6|6|6|6|2|6|6|6|4
45222,4,True,6,4,4,4|4|4|4|4|4|4|9|9|0|4|9|4|4|4
45243,5,True,9,3,5,9|5|5|5|7|5|5|5|5|7|5|5|5|5|5
45245,1,True,5,10,5,1|1|1|5|1|5|5|5|5|5|5|5|1|5|5
45264,3,True,2,13,9,2|9|9|9|0|6|3|9|9|3|4|4|2|9|9
45265,6,True,0,9,0,6|0|0|0|0|0|6|0|6|0|0|6|6|6|0
45269,2,True,5,8,2,1|2|5|2|5|5|2|5|2|3|5|7|2|2|2
45272,2,False,2,6,2,2|2|8|0|0|2|2|0|2|2|0|0|2|2|2
45277,9,True,4,12,6,6|6|6|3|0|9|6|9|0|3|9|3|1|3|6
45285,8,False,8,2,8,8|8|8|8|8|3|3|8|8|8|8|8|8|8|8
45294,3,True,8,11,8,8|8|8|8|8|3|3|8|3|8|8|8|8|5|3
45298,1,False,1,1,1,1|1|1|1|1|1|0|1|1|1|1|1|1|1|1
45332,8,True,7,15,5,9|5|5|5|7|5|9|5|5|5|5|9|9|5|9
45385,8,False,8,3,8,1|8|8|8|8|7|1|8|8|8|8|8|8|8|8
45437,0,False,0,9,0,1|6|4|0|2|0|6|0|0|6|0|0|6|6|4
45477,4,True,6,14,6,6|2|4|0|1|6|3|6|6|0|3|0|6|6|3
45500,6,False,6,14,4,4|2|4|4|0|6|0|2|0|2|4|0|0|4|4
45521,3,False,3,9,2,3|2|3|2|2|3|2|3|2|2|2|3|2|2|3
45529,1,False,1,5,1,1|0|1|1|1|1|0|1|1|0|0|1|1|0|1
45531,6,True,0,3,6,6|6|6|0|6|6|6|0|6|6|6|6|6|6|0
45577,3,True,5,13,5,3|7|7|1|5|7|9|5|7|2|5|5|3|5|5
45609,5,False,5,12,7,7|7|7|5|7|7|7|5|7|7|7|5|7|7|7
45615,9,True,7,14,7,7|7|7|5|7|7|9|7|7|7|7|7|7|7|7
45644,0,True,2,3,0,2|2|0|0|0|0|0|0|0|0|0|2|0|0|0
45649,7,False,7,10,7,7|7|7|3|8|7|3|5|8|5|8|5|8|3|7
45650,4,True,6,13,6,9|6|0|4|0|6|3|4|0|2|9|6|2|6|2
45683,6,True,0,9,6,0|0|4|4|0|6|4|6|6|6|4|6|0|6|0
45688,1,True,8,7,1,1|1|1|8|8|1|8|1|1|8|9|1|1|8|8
45705,0,True,1,14,1,1|1|1|1|1|0|1|1|1|1|1|1|1|1|1
45710,6,False,6,4,6,6|4|4|4|0|6|6|6|6|6|6|6|6|6|6
45715,5,True,9,0,5,5|5|5|5|5|5|5|5|5|5|5|5|5|5|5
45736,6,False,6,10,-1,0|0|6|6|0|6|3|0|6|8|2|0|7|3|6
45746,9,True,4,13,4,3|4|4|3|3|9|3|9|4|2|2|3|4|4|4
45747,6,True,0,11,-1,0|6|1|0|0|7|3|6|4|3|6|6|0|1|2
45759,3,False,3,8,2,3|2|3|2|2|3|3|3|2|3|2|3|2|2|2
45778,5,True,8,15,8,3|8|8|8|8|8|8|8|8|8|8|8|8|3|8
45792,4,False,4,14,9,9|9|9|9|4|9|9|9|9|9|9|9|9|9|9
45808,3,True,2,14,0,0|0|8|0|0|2|0|0|8|2|2|3|2|2|0
45872,9,True,7,9,7,7|7|7|9|5|9|9|7|9|7|7|7|9|5|9
45887,1,True,3,14,3,6|2|3|2|1|6|3|3|2|3|2|3|3|2|3
45898,0,True,2,6,0,0|2|4|0|0|0|0|0|0|2|2|0|2|2|0
45909,6,False,6,15,8,1|7|1|8|8|3|3|7|8|4|7|1|8|8|8
45917,5,False,5,10,7,7|7|5|5|5|7|7|7|5|7|7|1|7|7|5
45921,9,False,9,14,5,9|5|5|5|5|5|5|5|5|5|5|5|5|5|5
45937,3,False,3,13,6,0|2|6|6|1|0|2|3|6|6|3|6|0|6|6
45949,2,True,3,8,3,2|2|3|3|2|3|3|3|3|3|2|3|2|2|2
45951,5,True,9,1,5,9|5|5|5|5|5|5|5|5|5|5|5|5|5|5
45954,5,True,8,15,8,1|8|8|8|8|8|3|8|8|3|8|8|3|8|8
45960,1,True,5,14,5,3|7|5|5|7|1|7|5|5|5|7|7|5|5|7
46031,7,False,7,5,7,7|7|7|9|7|7|7|7|9|9|5|7|9|7|7
46095,4,True,6,14,8,4|8|0|8|8|9|8|8|6|0|8|0|1|6|0
46096,7,True,5,7,7,2|7|5|5|7|5|7|7|2|5|7|5|7|7|7
46098,4,True,6,0,4,4|4|4|4|4|4|4|4|4|4|4|4|4|4|4
46108,0,False,0,6,0,0|0|0|0|2|6|6|0|6|0|2|0|0|0|9
46133,8,False,8,9,7,1|7|8|8|7|7|7|8|7|8|8|7|1|7|8
46139,2,True,3,12,4,0|4|4|3|0|6|2|9|2|3|2|4|4|6|4
46141,1,False,1,1,1,1|1|1|1|1|1|1|1|1|7|1|1|1|1|1
46148,7,True,5,10,5,7|7|5|5|5|5|5|5|5|5|5|7|7|5|7
46171,2,True,7,11,7,7|7|7|2|7|3|2|7|7|7|7|7|2|2|7
46173,4,False,4,11,9,4|4|4|9|9|9|9|9|9|4|9|9|9|9|9
46180,0,True,1,9,1,1|0|1|1|0|1|1|1|0|0|1|1|0|0|1
46181,4,True,6,2,4,4|4|4|4|4|4|4|4|9|4|9|4|4|4|4
46200,5,True,9,1,5,5|5|5|5|5|5|5|5|5|5|5|5|9|5|5
46224,0,True,1,15,1,1|1|1|1|1|1|1|1|1|1|1|1|1|1|4
46237,5,True,4,15,4,4|0|4|4|0|2|6|4|8|4|4|6|8|6|4
46253,5,True,9,9,5,1|1|9|9|7|9|5|5|5|5|5|9|2|5|9
46254,8,True,6,15,3,6|0|3|6|3|3|3|3|3|0|6|6|6|6|3
46264,5,True,9,2,5,5|5|5|5|5|5|5|5|5|5|5|9|9|5|5
46288,1,False,1,0,1,1|1|1|1|1|1|1|1|1|1|1|1|1|1|1
46291,2,True,3,6,2,2|2|3|3|2|2|2|3|2|3|2|3|2|3|2
46353,8,True,2,15,0,2|0|0|2|0|0|0|2|0|2|0|0|0|2|0
46382,2,True,3,6,2,2|2|3|2|2|2|3|3|3|3|2|3|2|2|2
46393,5,False,5,2,5,3|1|5|5|5|5|5|5|5|5|5|5|5|5|5
46426,7,False,7,2,7,7|7|7|2|7|7|7|7|7|7|7|7|7|7|9
46431,6,False,6,15,4,4|4|4|4|4|9|4|4|4|4|4|4|4|4|4
46442,9,True,7,8,7,7|7|9|9|9|7|7|7|9|7|7|9|9|7|9
46482,7,False,7,4,7,9|7|7|9|7|7|9|7|7|7|7|7|9|7|7
46484,2,True,3,12,3,3|2|3|3|0|2|2|3|3|3|3|0|3|3|3
46516,4,False,4,5,4,4|4|4|4|4|4|4|4|9|9|9|9|4|4|9
46524,9,False,9,12,5,9|5|5|5|5|9|5|5|5|5|5|5|9|5|5
46541,9,True,1,14,1,1|1|1|1|1|0|1|1|1|9|7|1|1|1|1
46546,0,True,1,8,1,0|1|0|1|0|1|0|1|0|1|1|1|0|1|0
46558,9,False,9,13,5,5|5|5|5|5|5|5|5|5|5|5|5|9|5|9
46571,0,True,1,10,-1,0|0|1|0|0|2|3|3|1|0|3|3|2|1|3
46582,7,True,8,15,8,1|8|8|8|8|8|1|8|3|8|8|8|8|8|8
46588,5,True,9,3,5,5|2|5|9|5|5|5|5|5|5|5|5|9|5|5
46610,8,False,8,5,8,8|1|8|8|1|8|7|8|7|8|9|8|8|8|8
46654,4,True,6,10,4,9|2|6|3|0|2|6|3|4|4|4|6|4|6|4
46657,9,True,4,5,9,9|9|4|4|9|9|9|9|9|4|9|9|9|4|4
46677,6,True,2,15,7,7|3|7|7|3|7|1|5|1|5|8|3|7|1|1
46711,9,True,4,15,4,4|4|4|4|4|4|4|4|0|4|4|4|4|0|4
46732,6,True,9,14,5,9|5|9|5|5|6|8|5|5|5|5|5|9|9|9
46788,4,True,6,14,6,6|0|6|4|0|0|6|6|6|0|2|6|2|6|0
46791,1,True,4,15,8,8|2|8|2|0|3|8|8|6|3|8|3|0|6|3
46817,9,True,7,14,7,7|7|7|9|7|7|7|7|7|7|7|7|2|7|7
46825,0,True,2,1,0,2|0|0|0|0|0|0|0|0|0|0|0|0|0|0
46849,7,False,7,1,7,7|7|7|7|7|5|7|7|7|7|7|7|7|7|7
46854,0,True,2,4,0,4|2|4|0|0|0|0|2|0|0|0|0|0|0|0
46862,6,False,6,14,-1,3|0|0|6|7|7|5|5|3|8|5|8|8|2|2
46881,4,True,6,6,4,4|2|4|4|4|8|4|4|4|4|4|0|0|6|6
46882,6,True,0,8,-1,0|0|0|6|0|0|6|2|6|6|6|6|0|6|0
46918,4,False,4,9,9,9|9|4|9|4|9|9|4|9|4|9|9|4|9|4
46922,0,True,2,4,0,2|0|0|0|0|0|0|2|0|2|2|0|0|0|0
46946,0,False,0,13,6,6|6|6|6|0|6|6|0|6|6|6|6|6|6|4
46965,9,False,9,13,5,5|5|5|5|5|5|5|5|5|5|5|5|9|5|9
46966,4,True,6,1,4,4|4|4|4|4|9|4|4|4|4|4|4|4|4|4
46974,7,True,5,7,7,7|5|5|5|7|7|7|5|7|7|5|5|5|7|7
46996,3,False,3,7,3,3|4|6|3|0|3|3|3|3|6|2|3|2|2|3
47011,0,False,0,9,6,6|6|6|0|0|0|6|0|6|6|6|6|0|6|0
47019,3,True,7,15,7,9|7|7|9|7|7|7|7|7|2|7|7|2|7|7
47034,3,True,5,14,5,1|1|5|5|5|5|5|7|1|5|5|7|3|5|1
47063,9,False,9,12,5,5|5|5|5|5|9|5|5|9|5|5|5|9|5|5
47082,9,False,9,9,9,9|9|5|8|5|1|2|5|9|5|9|9|2|2|9
47106,7,True,3,15,3,3|3|3|3|2|3|3|3|3|3|2|3|2|3|2
47116,6,False,6,9,6,0|6|4|6|0|0|6|4|6|6|4|0|8|2|6
47148,0,False,0,11,6,6|6|4|6|0|6|6|6|0|6|0|6|6|6|0
47151,4,False,4,7,4,4|2|4|2|0|2|2|4|0|4|4|4|0|4|4
47192,6,True,3,14,3,3|6|3|3|3|3|3|3|3|3|3|3|3|3|3
47280,3,True,5,13,5,7|5|5|1|5|5|5|5|5|5|7|3|3|1|1
47287,7,False,7,1,7,7|7|7|7|7|7|7|7|7|7|7|7|7|7|9
47293,3,False,3,6,3,3|4|3|3|0|3|3|3|3|3|3|0|6|6|0
47307,6,True,0,7,6,0|4|6|6|0|6|6|6|3|3|0|6|6|6|0
47324,0,False,0,15,4,4|4|4|4|4|6|9|4|4|2|4|3|5|6|2
47342,8,False,8,4,8,7|8|8|8|8|3|8|8|8|8|8|8|8|7|7
47344,7,True,5,12,5,7|5|5|5|5|5|7|5|5|5|5|5|7|5|5
47347,4,True,6,11,6,6|6|4|4|4|6|6|6|6|6|6|6|6|6|4
47352,1,True,5,14,5,5|5|5|3|5|5|3|5|5|5|1|5|5|5|5
47372,5,True,9,6,5,9|5|5|9|9|9|5|5|5|5|5|5|9|5|9
47411,2,True,3,13,3,3|6|1|3|2|6|3|3|3|3|3|3|6|2|3
47412,7,True,8,12,8,7|8|8|8|8|7|1|8|8|8|8|8|8|8|7
47451,7,True,1,9,1,1|1|1|1|7|1|7|1|1|7|1|7|7|1|7
47484,4,False,4,7,4,9|4|4|4|9|9|4|4|9|4|9|4|9|4|9
47487,3,True,8,14,8,8|8|8|8|8|3|8|8|9|8|8|8|1|8|8
47495,6,True,0,7,6,6|6|0|6|0|6|6|0|6|0|0|6|0|6|3
47511,0,False,0,5,0,0|0|0|6|0|0|6|0|6|0|0|6|0|6|0
47519,7,True,1,14,1,1|1|1|1|1|1|1|1|1|1|7|1|1|1|1
47521,9,True,4,5,9,9|9|9|9|9|4|9|9|9|4|9|4|9|4|4
47529,5,False,5,6,5,1|5|3|5|5|5|7|5|5|5|7|8|5|7|5
47573,0,True,2,2,0,2|0|0|0|0|2|0|0|0|0|0|0|0|0|0
47595,0,True,1,15,3,2|6|3|2|3|2|3|3|3|8|2|3|3|3|6
47622,2,False,2,15,0,0|0|0|0|0|0|0|6|0|0|0|0|0|6|0
47632,6,False,6,14,4,4|4|4|4|4|9|4|4|6|0|4|4|9|4|4
47635,0,True,2,3,0,2|0|0|0|0|2|0|2|0|0|0|0|0|0|0
47638,6,True,0,4,6,6|6|6|6|4|6|6|6|0|4|6|6|6|6|0
47639,2,False,2,13,0,0|0|4|4|0|0|0|0|0|2|0|0|0|2|0
47643,7,False,7,1,7,7|7|7|4|7|7|7|7|7|7|7|7|7|7|7
47651,6,True,0,12,3,0|5|1|3|1|3|2|7|6|6|3|3|2|6|3
47677,6,True,0,4,6,6|6|6|0|0|6|6|6|6|6|0|6|6|6|0
47680,5,True,9,2,5,5|5|5|9|5|5|5|5|9|5|5|5|5|5|5
47683,2,True,3,14,4,9|4|4|3|4|9|3|9|9|4|4|4|5|4|2
47698,1,False,1,3,1,0|0|1|1|1|1|1|1|0|1|1|1|1|1|1
47707,2,True,3,10,3,2|2|3|3|3|2|3|3|2|3|3|3|6|2|3
47717,9,True,4,9,4,9|9|9|4|9|4|4|9|4|4|4|4|4|4|9
47737,1,False,1,5,1,1|1|0|1|1|1|0|1|1|0|1|1|0|1|0
47749,3,False,3,13,-1,2|0|2|1|1|6|3|2|7|2|7|1|1|3|7
47750,9,True,4,11,4,9|4|4|4|0|6|4|4|9|2|9|4|4|4|9
47756,0,True,2,7,0,2|0|0|0|0|0|2|4|0|6|9|0|0|2|4
47758,9,False,9,14,5,5|5|5|9|5|5|5|5|5|5|5|5|5|5|5
47776,2,False,2,13,-1,4|0|0|8|4|2|0|4|8|2|7|3|0|6|4
47801,2,True,6,15,6,6|6|4|6|0|6|6|6|6|6|6|6|4|6|4
47811,2,False,2,12,-1,4|2|4|4|0|6|6|9|6|3|2|9|4|6|2
47842,6,True,0,4,6,6|6|6|0|0|6|6|0|6|6|6|6|6|6|4
47860,8,False,8,0,8,8|8|8|8|8|8|8|8|8|8|8|8|8|8|8
47872,9,True,7,15,7,7|7|7|5|2|7|2|3|5|7|7|7|7|7|7
47891,5,False,5,7,5,7|5|1|5|5|8|1|5|5|5|5|7|1|5|7
47899,6,False,6,6,6,4|4|6|6|4|6|4|6|6|6|6|6|6|0|2
47937,5,False,5,3,5,5|5|5|1|5|3|5|5|5|5|5|5|1|5|5
47973,9,True,8,14,8,8|8|8|8|8|9|3|8|8|8|8|8|8|2|3
47989,0,True,3,12,-1,6|3|4|1|0|3|2|1|4|0|7|3|4|6|0
48018,3,False,3,1,3,3|2|3|3|3|3|3|3|3|3|3|3|3|3|3
48026,0,True,2,8,0,0|4|4|2|2|0|0|0|0|2|2|0|2|4|0
48044,4,True,1,15,1,1|1|1|1|1|1|1|1|1|7|7|1|1|1|1
48045,7,False,7,2,7,7|7|7|9|7|7|9|7|7|7|7|7|7|7|7
48052,2,False,2,13,3,8|0|3|3|1|4|5|6|3|8|2|9|4|6|2
48067,9,False,9,11,5,5|5|5|9|5|9|5|5|5|5|2|5|9|5|9
48074,9,True,8,15,8,7|7|8|8|1|7|8|8|1|8|8|8|8|8|8
48075,6,True,3,12,3,1|3|3|3|2|6|3|3|3|3|3|6|3|6|3
48095,4,True,7,13,7,7|7|4|4|7|7|7|7|7|7|7|7|7|7|9
48102,0,True,2,5,0,2|2|0|2|0|4|0|0|0|2|0|0|0|0|0
48122,6,True,0,7,6,0|6|6|0|0|6|6|6|0|0|6|6|0|6|0
48167,9,True,4,14,4,4|4|4|3|4|6|4|4|4|4|9|6|4|4|4
48182,4,True,6,14,6,0|6|6|0|0|0|6|0|6|6|6|6|4|6|6
48200,5,False,5,11,2,8|2|5|2|5|3|2|5|2|2|7|2|5|2|2
48210,5,True,9,1,5,5|5|5|5|5|5|5|5|5|5|5|5|9|5|5
48215,4,False,4,7,4,4|9|4|2|9|4|4|9|4|3|9|9|4|4|4
48254,6,False,6,15,0,4|0|0|0|0|0|0|0|0|0|0|0|4|4|4
48256,3,False,3,13,4,0|4|4|1|1|9|3|3|6|4|6|0|4|1|4
48274,5,False,5,10,-1,3|5|3|5|5|8|3|2|5|3|8|0|3|7|5
48297,9,True,4,11,4,4|4|4|9|4|9|9|4|9|4|4|4|4|4|4
48302,8,True,1,15,1,1|1|1|1|1|1|1|1|1|1|1|1|1|1|1
48304,5,True,9,11,2,2|2|5|2|2|2|5|2|5|5|9|9|2|2|9
48314,7,True,1,15,1,1|1|1|1|1|1|6|1|1|1|1|1|1|1|1
48317,5,True,9,0,5,5|5|5|5|5|5|5|5|5|5|5|5|5|5|5
48343,6,False,6,14,4,4|4|4|4|4|4|4|4|6|4|4|4|4|4|4
48351,0,False,0,9,6,6|6|6|0|0|6|6|0|6|0|0|6|6|6|0
48367,5,False,5,8,5,2|2|5|2|5|2|5|5|5|5|7|5|1|2|2
48390,2,True,5,13,5,5|2|5|5|5|8|1|7|5|5|5|8|2|5|7
48395,6,True,0,10,6,6|4|3|4|3|3|0|6|6|0|4|3|6|6|4
48396,6,True,0,9,-1,0|0|0|6|0|3|6|6|6|6|3|0|0|6|3
48405,7,False,7,11,5,5|5|5|7|5|3|7|1|5|5|7|5|5|5|7
48418,5,True,9,3,5,5|5|5|5|9|5|5|2|9|5|5|5|5|5|5
48439,9,False,9,14,5,9|5|5|5|5|5|5|5|5|5|5|5|5|5|5
48441,6,False,6,13,4,4|4|4|8|4|4|3|9|6|4|4|9|4|4|6
48495,6,True,0,13,0,6|3|1|0|5|3|8|0|1|6|8|3|8|0|0
48502,7,False,7,8,7,9|7|1|7|7|7|5|7|5|5|7|5|5|5|7
48512,2,False,2,9,0,2|2|0|0|9|0|0|0|2|2|0|0|0|2|2
48517,3,True,7,12,7,7|3|7|3|7|7|7|7|7|7|7|7|3|7|7
48537,0,True,1,13,1,0|1|1|1|0|1|1|1|1|1|1|1|1|1|1
48552,0,False,0,14,6,6|6|6|6|0|3|6|6|6|6|6|6|6|6|4
48555,9,True,7,14,7,9|1|7|1|7|7|1|5|5|7|1|7|7|5|2
48574,2,True,3,14,6,3|0|3|6|0|3|6|3|6|3|0|6|2|6|6
48581,7,True,8,8,8,7|7|8|8|7|7|7|8|8|7|7|8|8|8|8
48588,1,False,1,0,1,1|1|1|1|1|1|1|1|1|1|1|1|1|1|1
48594,2,False,2,11,0,2|0|8|9|0|0|2|0|0|0|2|0|2|0|4
48604,0,True,1,11,1,1|1|1|1|0|1|1|1|1|0|0|1|1|0|1
48607,2,False,2,10,0,2|0|0|0|0|2|0|0|0|2|2|0|0|2|0
48620,6,True,2,15,0,0|0|4|0|0|2|0|2|0|2|0|4|0|0|2
48634,9,True,7,15,7,7|7|7|7|7|7|3|5|2|5|7|3|5|2|3
48649,9,False,9,15,5,5|5|5|5|5|5|5|5|5|5|5|5|5|5|5
48664,0,True,1,12,1,1|0|1|1|0|7|0|1|1|1|1|1|1|1|1
48666,5,True,9,1,5,5|5|5|5|5|5|5|5|5|5|5|9|5|5|5
48681,6,True,3,14,3,3|2|3|3|2|3|3|3|3|3|3|3|3|6|3
48682,3,True,9,15,5,5|5|5|5|5|5|5|5|5|5|5|5|5|5|5
48708,0,False,0,8,-1,0|6|6|6|0|0|6|0|6|0|0|0|6|6|3
48740,4,False,4,8,9,9|4|4|4|4|9|9|9|9|4|9|4|9|4|9
48750,2,True,3,9,3,3|2|3|2|2|3|3|3|2|3|2|3|0|2|3
48767,7,True,5,10,-1,8|7|5|5|7|6|6|2|7|7|9|5|5|5|7
48775,1,False,1,3,1,0|1|1|1|1|1|1|1|1|1|7|1|0|1|1
48799,0,True,2,5,0,0|0|4|4|0|0|0|0|0|0|4|0|0|6|2
48805,2,True,3,15,3,3|3|3|3|3|3|3|6|3|3|3|3|0|3|3
48837,0,False,0,11,6,6|6|6|6|0|6|6|0|6|6|6|6|0|6|0
48846,4,False,4,7,4,9|9|4|4|9|9|4|4|0|4|9|4|9|4|4
48877,7,True,1,15,1,0|1|1|1|1|1|1|1|1|1|1|1|1|0|1
48885,7,False,7,1,7,7|7|7|4|7|7|7|7|7|7|7|7|7|7|7
48896,2,True,9,14,9,7|9|5|9|9|9|7|7|7|9|9|9|9|2|9
48897,6,True,0,6,6,6|0|0|6|0|6|6|0|6|6|0|6|6|6|0
48930,9,True,7,12,7,7|7|7|9|7|9|7|7|9|7|7|7|3|7|7
48935,9,True,4,10,4,9|2|4|0|9|9|4|0|9|2|4|4|9|4|4
48944,0,True,1,11,1,1|1|1|1|0|0|1|1|1|0|0|1|7|1|1
48948,7,True,8,10,8,8|7|8|8|8|7|1|8|8|7|7|8|7|8|8
48965,0,False,0,7,0,6|0|0|6|0|6|6|0|0|0|0|6|6|6|0
48979,4,True,6,5,4,4|4|4|4|4|6|6|4|6|4|4|4|6|6|4
49023,2,True,9,6,2,9|7|9|9|2|2|2|2|2|2|9|9|2|2|2
49049,1,True,8,15,8,8|7|8|8|8|8|8|8|8|8|8|8|8|8|8
49063,2,True,7,15,7,7|7|7|7|7|7|7|7|7|7|7|7|7|7|7
49070,6,False,6,4,6,6|6|4|4|4|3|6|6|6|6|6|6|6|6|6
49075,9,True,7,14,7,1|7|1|5|7|8|3|7|7|7|7|5|9|2|7
49091,9,False,9,15,5,5|5|5|5|5|5|5|5|5|5|5|5|5|5|5
49094,6,True,3,15,3,2|2|3|3|3|3|3|3|3|2|3|3|2|3|2
49097,0,False,0,9,0,0|2|3|3|0|0|3|5|1|0|5|0|0|6|3
49130,5,True,4,15,9,9|9|1|9|3|9|9|4|9|4|9|2|9|4|0
49148,4,True,6,8,4,4|4|4|4|4|6|3|4|6|2|4|0|6|6|2
49149,9,False,9,13,5,5|5|5|5|5|5|5|5|5|5|5|5|5|9|9
49164,1,True,5,8,1,1|1|1|1|5|3|1|5|1|5|5|5|1|3|5
49166,9,False,9,10,5,9|5|5|9|7|3|5|5|5|5|9|5|9|5|9
49177,6,True,2,15,-1,0|2|8|2|0|0|2|0|2|2|2|0|0|0|2
49190,9,True,4,12,4,4|4|4|4|4|9|4|4|9|4|4|4|9|4|4
49191,6,True,1,15,1,1|1|1|1|1|1|1|1|1|1|1|1|0|1|1
49199,3,False,3,10,2,2|2|3|2|2|2|3|3|2|2|2|3|2|3|2
49201,3,False,3,13,6,0|4|4|6|1|6|0|2|6|3|6|3|6|6|0
49208,9,True,7,15,7,7|7|7|3|7|7|7|7|7|7|7|7|7|7|7
49209,2,True,3,12,3,3|2|3|3|2|3|3|3|3|6|3|3|3|2|3
49212,0,True,1,12,1,1|0|1|1|1|1|1|1|0|0|1|1|1|1|1
49224,5,False,5,7,5,2|5|3|5|5|1|5|7|5|5|5|2|1|5|2
49227,5,True,9,1,5,9|5|5|5|5|5|5|5|5|5|5|5|5|5|5
49242,5,False,5,4,5,1|5|5|5|5|3|5|1|5|5|5|5|5|5|1
49254,2,False,2,11,4,6|4|4|4|2|0|2|4|2|0|2|4|8|3|0
49258,0,True,2,7,0,9|0|4|6|0|0|0|9|0|0|9|4|0|6|0
49262,0,False,0,6,0,0|6|0|0|0|0|6|6|6|0|6|0|0|6|0
49264,4,True,6,0,4,4|4|4|4|4|4|4|4|4|4|4|4|4|4|4
49281,2,True,5,15,5,1|3|5|3|5|1|5|5|5|5|5|5|3|5|1
49296,4,True,6,12,6,3|6|4|0|0|3|4|3|6|6|4|3|6|6|0
49319,3,False,3,5,3,2|6|3|3|0|3|3|3|2|3|3|3|0|3|3
49357,9,False,9,14,5,2|5|5|5|5|5|5|5|5|5|9|5|5|5|5
49361,7,False,7,3,7,7|7|7|2|7|7|2|7|7|7|7|7|2|7|7
49378,8,False,8,10,8,0|8|1|8|1|6|3|9|8|4|8|0|9|8|4
49384,2,True,3,7,2,2|2|3|3|2|2|3|3|2|3|2|3|2|3|2
49414,9,False,9,6,9,7|7|7|9|9|9|9|7|9|9|7|9|7|9|9
49465,0,False,0,10,6,0|6|6|0|6|6|0|0|6|6|0|6|6|6|6
49466,9,True,7,14,7,7|7|7|2|7|9|7|7|7|7|7|7|7|7|7
49473,6,True,0,8,0,6|0|0|0|0|6|0|0|6|6|0|6|6|6|0
49479,5,False,5,6,5,1|5|5|5|5|7|7|5|5|5|7|7|5|5|7
49480,1,True,3,15,3,3|0|6|3|0|6|3|3|6|6|3|3|2|3|3
49499,9,True,8,15,8,1|8|8|8|8|1|8|8|8|8|8|8|8|8|8
49507,4,True,6,15,0,6|6|0|0|0|0|0|0|6|0|6|6|6|6|0
49533,9,True,4,9,4,4|4|4|0|4|9|9|9|9|0|9|9|4|4|4
49538,5,True,8,15,8,6|8|8|3|8|8|8|8|1|8|8|8|8|8|8
49542,1,False,1,10,0,0|0|1|1|0|0|0|1|0|0|0|1|0|1|0
49552,0,False,0,8,6,6|0|6|0|0|6|0|0|6|0|6|6|6|6|0
49576,2,False,2,10,-1,3|9|0|2|0|0|2|9|2|2|9|4|0|0|2
49618,9,False,9,15,5,5|5|5|5|5|5|5|5|5|5|5|5|5|5|5
49635,6,True,0,6,6,6|6|6|0|0|3|0|6|6|0|6|6|6|6|4
49740,0,True,1,9,1,0|0|1|1|1|1|1|1|1|0|0|1|0|0|1
49775,3,True,5,14,5,7|5|7|1|5|5|1|1|5|5|5|1|5|3|5
49807,1,False,1,13,3,2|3|1|1|2|3|0|3|2|3|2|3|2|3|3
49835,0,True,1,9,1,1|0|1|1|1|0|1|1|1|9|0|1|0|0|0
49851,3,True,7,14,7,7|7|7|2|7|2|9|7|7|4|7|7|3|7|7
49852,5,False,5,10,2,5|5|2|2|2|5|2|5|2|7|5|2|2|2|2
49902,8,False,8,3,8,1|8|8|8|8|7|8|0|8|8|8|8|8|8|8
49912,4,True,6,2,4,4|4|4|4|9|4|4|4|4|9|4|4|4|4|4
49947,9,True,7,15,7,3|7|7|7|7|7|7|7|7|7|7|7|7|7|7
49956,5,False,5,2,5,1|5|5|5|5|5|7|5|5|5|5|5|5|5|5
49959,7,False,7,5,7,7|9|5|9|7|7|7|7|7|7|7|9|7|7|9
49989,7,True,5,11,5,5|7|5|5|5|7|5|5|5|2|7|5|5|5|7
50012,4,True,6,6,4,6|4|4|4|4|9|4|4|4|4|4|6|6|6|2
50013,4,True,6,15,3,2|2|3|3|2|6|3|3|3|3|3|6|3|2|3
50018,9,False,9,11,7,9|7|7|9|7|7|7|7|5|7|5|9|9|1|7
50027,2,True,3,13,6,2|6|4|6|1|6|1|2|0|6|0|8|8|6|0
50045,5,False,5,2,5,5|7|5|5|7|5|5|5|5|5|5|5|5|5|5
50057,6,False,6,15,4,4|4|4|4|4|9|4|4|9|4|4|9|9|4|4
50063,4,False,4,8,4,9|4|4|3|0|4|3|9|3|3|2|4|4|4|4
50117,5,False,5,6,5,3|5|5|3|5|8|5|2|5|5|5|3|3|5|5
50137,1,True,4,15,4,4|4|4|2|0|4|4|9|4|9|9|9|4|4|4
50164,6,True,3,11,3,3|6|3|3|3|6|3|3|3|3|3|3|3|6|6
50165,9,False,9,13,5,9|5|5|5|5|5|5|5|5|5|5|5|9|5|5
50173,9,True,4,12,4,4|4|4|4|9|6|4|4|0|4|9|4|9|4|2
50175,3,True,4,15,8,4|1|9|8|8|1|8|8|8|7|9|8|9|7|9
50235,9,True,7,15,7,7|7|7|2|7|7|7|7|7|7|7|7|7|7|7
50248,7,True,8,11,8,7|1|5|8|1|5|8|7|8|8|7|8|8|8|7
50255,0,True,2,15,2,3|2|8|8|7|2|4|8|8|2|9|4|2|2|2
50272,6,False,6,9,4,4|4|4|4|0|0|6|6|6|4|6|6|4|6|4
50291,7,True,1,15,1,1|1|1|1|1|1|1|1|1|1|1|1|1|1|1
50295,9,True,4,12,4,4|4|4|0|9|6|4|9|4|0|9|4|4|4|4
50298,8,False,8,3,8,3|8|8|8|8|1|3|8|8|8|8|8|8|8|8
50318,9,True,7,12,7,7|7|7|9|9|7|7|7|7|7|7|7|9|7|7
50330,3,False,3,7,3,3|2|3|2|2|3|2|3|2|3|2|3|2|3|3
50357,5,False,5,8,7,7|5|7|5|7|5|7|5|5|5|7|7|7|7|5
50377,7,False,7,2,7,7|7|7|7|7|9|9|7|7|7|7|7|7|7|7
50426,3,False,3,5,3,6|6|3|3|2|3|3|3|2|3|2|3|3|3|3
50443,1,True,5,9,5,1|5|5|5|1|1|5|5|5|5|7|1|1|1|5
50467,9,False,9,12,5,2|5|9|5|8|5|5|5|5|5|9|9|2|5|5
50474,0,True,2,5,0,0|6|0|4|0|2|0|0|0|0|2|0|0|0|4
50475,4,True,6,1,4,4|4|4|4|4|6|4|4|4|4|4|4|4|4|4
50489,4,False,4,7,4,4|4|0|4|9|4|4|9|0|2|4|4|9|4|9
50499,2,True,7,15,7,7|7|7|9|7|7|7|7|7|7|7|7|7|7|7
50500,7,True,1,15,1,1|1|1|1|1|1|1|1|1|1|1|1|1|1|1
50605,7,True,1,13,1,1|1|1|1|1|7|1|1|1|7|1|1|1|1|1
50606,4,True,6,8,4,1|6|6|4|4|4|4|6|0|0|4|0|4|6|4
50634,4,True,6,12,6,6|4|6|6|1|6|6|6|6|6|6|6|4|6|4
50635,0,True,2,11,4,4|4|4|0|0|0|4|9|4|4|0|4|4|4|4
50655,6,True,9,15,5,9|5|5|5|5|5|7|5|5|5|5|5|9|5|5
50674,6,True,0,4,6,6|6|6|0|0|6|6|0|6|6|6|6|6|6|0
50728,7,True,8,9,7,1|7|8|8|7|1|1|8|8|8|7|9|7|7|7
50735,3,False,3,14,-1,1|2|4|1|2|1|0|3|6|6|2|4|6|6|2
50752,3,False,3,2,3,3|3|3|3|3|5|3|3|3|3|3|3|3|3|2
50767,2,True,5,15,5,9|5|5|5|5|5|5|5|5|5|5|5|5|5|5
50782,7,True,5,4,7,7|7|7|5|7|7|7|0|7|7|7|3|3|7|7
50794,8,False,8,8,8,7|9|1|8|1|3|8|8|1|8|5|7|8|8|8
50796,5,True,9,4,5,9|5|5|5|9|5|5|5|9|5|5|5|9|5|5
50857,9,True,7,11,5,7|9|7|9|5|5|7|5|5|5|9|5|9|5|5
50865,4,True,6,14,3,3|2|6|3|3|9|3|4|9|3|2|3|3|6|2
50878,3,True,7,14,7,7|7|7|7|7|7|7|7|7|3|7|7|2|7|7
50888,2,True,3,7,2,3|2|3|2|2|2|3|3|2|3|2|3|2|3|2
50893,6,True,0,10,0,0|6|0|0|0|2|0|0|6|0|0|6|0|6|6
50912,5,True,9,1,5,5|5|5|5|5|5|9|5|5|5|5|5|5|5|5
50934,0,False,0,1,0,0|0|6|0|0|0|0|0|0|0|0|0|0|0|0
50935,9,True,4,7,9,4|4|4|9|9|9|9|4|9|9|4|4|9|4|9
50948,5,True,3,15,-1,6|2|0|3|0|3|3|3|0|3|0|0|0|2|3
50950,7,False,7,5,7,7|7|7|2|7|1|7|7|7|7|7|7|9|2|9
50957,9,False,9,10,5,7|5|5|5|9|5|9|5|5|5|9|9|9|2|5
50970,9,True,4,10,4,4|4|4|4|9|4|9|4|9|4|9|4|4|4|9
50972,1,True,8,14,8,8|8|8|8|8|7|1|7|8|8|2|8|8|8|8
50976,9,True,7,12,7,9|7|7|7|7|7|9|7|2|7|7|7|9|7|7
51019,1,True,5,13,7,7|7|7|1|5|1|7|7|9|7|5|7|3|2|9
51071,7,True,5,8,-1,7|7|5|5|5|7|5|5|1|7|7|7|7|5|5
51078,4,True,6,0,4,4|4|4|4|4|4|4|4|4|4|4|4|4|4|4
51086,9,False,9,14,5,5|5|5|5|5|5|5|5|5|5|5|5|9|5|5
51114,4,True,6,15,6,0|6|6|0|0|6|6|6|0|0|6|3|6|6|6
51119,0,False,0,9,6,6|6|0|0|6|0|6|0|6|0|0|6|6|6|4
51144,4,True,6,14,6,0|6|6|0|0|6|6|6|6|6|6|6|6|6|4
51152,9,True,4,14,3,3|1|0|3|3|6|3|1|0|1|9|6|6|4|4
51170,9,False,9,12,5,9|5|5|5|7|5|5|5|9|5|5|9|0|5|5
51180,3,True,8,15,0,2|0|8|6|0|9|9|5|4|0|8|8|0|4|6
51184,1,True,8,14,8,7|7|8|8|8|8|8|8|1|8|8|8|8|8|8
51187,4,True,6,12,0,6|0|4|0|0|6|0|0|0|2|0|0|4|4|0
51193,5,True,9,3,5,5|2|5|5|5|5|5|5|5|5|5|5|5|6|9
51202,6,True,3,11,3,3|2|0|6|0|3|3|6|0|3|6|3|3|6|3
51222,3,True,5,15,5,5|5|5|5|5|5|5|5|5|5|5|5|5|5|5
51245,3,False,3,9,2,2|2|3|2|3|2|3|3|2|3|2|3|2|2|2
51263,0,True,2,4,0,0|2|0|0|0|2|0|0|0|0|0|0|0|2|2
51278,0,True,1,14,1,1|1|1|1|0|1|1|1|1|1|1|1|7|1|1
51286,9,True,4,14,4,4|4|4|4|4|6|4|4|4|4|4|4|9|4|4
51314,4,False,4,8,4,3|4|9|4|4|9|4|9|9|3|9|4|9|4|4
51348,7,True,1,15,0,1|2|0|1|0|6|0|6|0|1|0|0|0|1|0
51353,9,False,9,7,9,9|9|5|5|7|8|9|2|5|9|2|9|9|9|9
51375,2,True,3,13,-1,3|2|8|8|2|3|0|1|0|3|0|3|8|5|0
51382,4,True,6,0,4,4|4|4|4|4|4|4|4|4|4|4|4|4|4|4
51427,9,False,9,9,-1,7|7|9|9|7|7|9|2|9|7|9|9|2|2|7
51456,1,False,1,13,4,4|9|1|3|0|9|9|6|4|9|4|1|4|4|0
51474,0,False,0,6,0,6|0|6|6|0|0|6|0|0|0|0|6|0|6|0
51484,9,True,4,12,4,9|4|4|4|4|4|4|4|6|4|9|4|9|6|0
51506,0,True,2,10,-1,4|9|4|4|0|0|2|9|9|0|9|2|0|9|0
51510,6,True,2,15,2,2|4|4|2|2|0|3|2|2|2|2|2|3|2|2
51527,4,False,4,9,9,4|4|4|2|9|9|4|9|9|9|9|9|4|9|4
51564,9,True,4,6,9,4|9|4|4|9|9|9|4|9|4|9|9|9|4|9
51572,8,False,8,3,8,7|8|8|8|8|8|1|8|8|8|8|8|8|8|7
51591,8,False,8,4,8,3|8|8|8|8|8|3|3|3|8|8|8|8|8|8
51592,9,False,9,15,5,5|5|5|5|5|5|5|5|5|5|5|5|5|5|5
51594,9,True,4,2,9,9|9|4|9|9|9|9|9|9|9|9|4|9|9|9
51611,5,True,9,0,5,5|5|5|5|5|5|5|5|5|5|5|5|5|5|5
51613,5,True,9,0,5,5|5|5|5|5|5|5|5|5|5|5|5|5|5|5
51616,5,True,9,2,5,9|5|5|5|5|5|5|5|5|5|5|5|9|5|5
51618,2,True,3,13,3,3|2|3|3|2|3|3|3|3|3|3|3|3|3|3
51621,6,True,0,4,6,6|6|6|0|0|6|6|6|0|0|6|6|6|6|6
51639,9,True,4,7,9,9|4|4|4|4|9|4|9|9|9|9|4|9|4|9
51678,4,True,1,15,1,1|1|1|1|1|1|1|1|1|7|1|1|7|1|1
51683,2,True,9,13,5,2|5|5|5|5|2|5|5|5|5|9|5|5|5|5
51684,4,True,5,15,5,3|7|3|3|5|3|3|5|5|5|5|3|5|5|5
51759,7,False,7,2,7,7|7|7|1|7|7|7|7|7|7|7|7|7|2|7
51767,9,True,5,15,7,7|2|7|8|5|7|2|8|7|4|7|3|2|7|2
51774,3,True,8,12,8,8|8|3|8|8|3|8|8|8|8|8|3|8|8|8
51778,9,True,4,12,4,2|2|4|4|4|4|4|2|9|4|9|4|9|4|0
51804,1,False,1,2,1,1|1|1|1|1|1|1|1|1|6|1|1|3|1|1
51816,6,True,0,6,6,0|0|0|6|0|3|6|6|6|6|3|6|6|6|6
51824,1,False,1,7,1,1|1|1|1|4|0|0|1|0|1|0|1|7|1|0
51848,9,True,6,13,4,9|4|4|4|4|9|4|4|6|4|4|4|4|4|4
51853,5,True,9,6,5,9|7|5|9|5|5|5|5|9|5|5|5|7|5|9
51883,5,True,9,0,5,5|5|5|5|5|5|5|5|5|5|5|5|5|5|5
51901,1,True,5,11,5,3|2|7|5|5|7|5|5|1|5|5|1|1|7|1
51909,4,False,4,10,9,9|4|4|9|9|9|9|4|9|9|9|4|9|4|9
51916,9,True,4,6,9,9|9|4|4|9|9|4|4|9|9|9|9|9|4|4
51921,0,False,0,2,0,0|0|0|0|0|0|0|0|0|0|0|0|6|6|0
51927,1,False,1,0,1,1|1|1|1|1|1|1|1|1|1|1|1|1|1|1
51977,5,False,5,1,5,7|5|5|5|5|5|5|5|5|5|5|5|5|5|5
51986,1,True,5,14,5,5|5|5|5|1|5|7|5|5|5|5|7|5|5|5
51987,8,False,8,0,8,8|8|8|8|8|8|8|8|8|8|8|8|8|8|8
52011,2,True,7,12,7,7|7|7|0|5|7|7|7|7|2|7|2|2|8|7
52020,2,False,2,14,0,0|6|6|6|1|0|2|0|0|6|7|3|0|5|4
52033,5,False,5,7,5,7|7|5|5|5|7|5|5|5|2|7|5|5|7|7
52036,0,True,2,3,0,0|4|4|0|0|0|0|0|0|0|0|0|0|2|0
52059,6,False,6,15,4,4|4|4|4|4|9|4|4|4|4|4|4|4|4|4
52064,9,True,4,14,4,4|4|4|4|9|4|4|4|4|4|4|4|4|4|4
52071,2,False,2,9,2,8|2|0|0|2|6|2|2|2|6|9|8|2|4|8
52080,7,True,1,6,7,1|7|1|1|7|7|7|1|7|7|7|1|1|7|7
52082,2,True,3,13,3,0|5|3|2|5|3|3|3|3|8|3|3|2|3|6
52091,4,False,4,5,4,4|4|4|9|9|4|4|4|9|4|9|4|4|4|9
52107,2,False,2,15,0,4|0|0|1|8|0|0|9|0|5|0|8|0|8|0
52119,6,False,6,15,4,4|4|4|4|4|4|9|4|4|4|4|4|9|4|4
52151,0,True,2,9,0,0|0|6|1|0|2|8|8|3|3|8|0|0|8|0
52212,5,True,9,2,5,9|5|5|5|5|5|5|5|5|5|5|5|9|5|5
52223,3,False,3,3,3,3|5|3|3|2|3|3|3|3|3|3|3|0|3|3
52229,4,True,2,14,0,0|8|4|6|1|2|3|5|6|0|0|0|0|5|2
52259,6,False,6,13,4,3|1|4|4|4|6|4|4|4|4|6|0|4|2|4
52277,2,True,5,5,2,2|2|5|2|5|2|2|2|5|2|5|5|2|2|2
52283,1,True,3,14,6,3|6|3|3|1|6|3|9|2|6|6|6|6|6|3
52322,4,False,4,8,4,4|9|4|4|9|9|9|9|4|4|2|4|9|2|4
52336,1,True,5,9,-1,5|3|1|5|5|3|1|5|1|3|5|1|5|1|1
52338,2,True,3,11,0,0|4|4|4|2|2|6|0|2|0|0|0|2|0|0
52357,1,False,1,3,1,0|1|1|1|1|1|1|1|1|0|1|1|0|1|1
52368,6,True,0,11,-1,0|0|1|6|5|3|1|7|3|6|6|3|0|6|3
52372,5,True,9,2,5,9|5|5|5|5|5|7|5|5|5|5|5|5|5|5
52410,1,False,1,9,0,0|0|0|1|1|1|0|1|0|9|1|1|0|0|0
52430,9,True,7,14,7,7|7|7|1|7|8|9|7|7|7|7|7|7|7|7
52432,8,True,7,15,7,9|5|7|9|7|7|7|7|5|5|9|9|7|7|7
52445,7,False,7,2,7,7|7|7|4|7|7|7|7|7|7|7|7|2|7|7
52474,2,False,2,15,0,0|0|0|0|0|0|0|0|0|0|0|0|0|4|0
52526,1,True,5,14,5,7|5|7|1|2|7|5|5|5|5|7|5|7|8|5
52537,5,True,8,15,8,8|8|8|8|8|8|8|8|8|3|8|8|8|8|8
52538,7,True,5,14,5,7|5|5|5|5|5|3|5|5|5|5|3|5|5|5
52579,8,True,2,11,0,0|0|8|0|0|2|2|2|0|2|0|8|2|8|8
52583,9,True,4,7,9,9|9|4|9|4|9|9|4|9|4|4|9|9|4|4
52589,9,True,4,10,4,9|4|4|9|4|4|9|9|4|4|9|4|4|4|4
52596,4,False,4,2,4,4|4|4|4|9|4|4|4|4|4|4|4|9|4|4
52622,3,False,3,9,3,3|6|7|5|0|6|3|6|0|6|8|3|3|3|3
52629,1,False,1,1,1,1|0|1|1|1|1|1|1|1|1|1|1|1|1|1
52685,9,False,9,11,2,9|2|5|2|5|2|9|5|2|5|9|9|2|2|7
52690,8,False,8,2,8,8|8|8|8|8|3|8|8|8|3|8|8|8|8|8
52699,7,True,1,14,1,1|7|1|1|1|1|1|1|1|9|1|1|1|1|1
52709,3,True,5,12,5,3|5|5|5|5|5|5|5|5|3|5|5|3|2|5
52743,3,False,3,4,3,2|2|3|3|2|3|3|3|3|3|3|3|3|6|3
52744,1,False,1,2,1,1|1|1|1|1|1|7|1|1|1|7|1|1|1|1
52747,9,True,4,14,0,0|0|4|4|0|6|0|2|9|6|0|6|8|6|4
52749,2,True,3,14,3,0|3|6|3|3|3|0|3|2|3|3|3|8|0|3
52832,1,True,8,9,8,7|8|8|8|8|1|1|8|1|8|8|1|1|1|8
52842,7,False,7,7,7,7|7|7|9|7|7|4|7|3|4|7|4|4|3|7
52851,9,True,4,13,4,4|4|4|4|9|4|4|4|9|4|4|4|4|4|4
52859,9,False,9,14,5,9|5|5|5|5|5|5|5|5|5|5|5|5|5|5
52879,8,False,8,6,8,3|8|8|3|8|8|3|8|3|8|8|8|8|3|3
52892,3,True,8,8,8,3|8|3|8|8|3|3|8|3|3|8|8|3|8|8
52893,9,False,9,14,5,5|5|5|5|5|5|5|5|5|5|5|5|9|5|5
52895,2,False,2,13,-1,3|4|6|2|5|9|3|3|3|9|2|4|6|4|4
52918,2,True,7,13,7,7|7|7|2|7|7|7|7|7|7|7|9|7|2|7
52941,7,True,1,13,1,1|7|1|1|1|7|1|1|1|1|1|1|6|1|1
52952,6,False,6,15,-1,2|8|4|1|9|2|2|4|0|4|4|0|4|2|2
52963,4,True,6,10,0,4|4|4|0|0|0|0|0|0|0|0|4|0|4|0
52970,7,True,8,9,8,7|7|1|8|7|7|8|8|8|7|8|8|8|7|8
52971,9,True,7,13,7,7|7|5|5|7|5|5|7|7|9|7|7|9|7|5
52988,4,True,6,6,4,9|4|4|4|4|9|9|4|9|4|9|4|9|4|4
53047,4,True,6,2,4,4|4|4|2|0|4|4|4|4|4|4|4|4|4|4
53056,5,True,9,3,5,9|5|5|5|5|5|5|5|5|5|9|5|9|5|5
53084,9,False,9,15,5,5|5|5|5|5|5|5|5|5|5|5|5|5|5|5
53094,1,False,1,1,1,1|1|1|1|1|1|1|1|1|1|5|1|1|1|1
53095,5,True,9,4,5,9|5|5|5|9|5|5|5|5|5|5|5|9|5|2
53141,6,False,6,15,4,4|4|4|4|4|4|4|4|4|4|4|4|4|4|4
53145,3,True,4,14,6,0|6|4|1|8|6|6|4|6|4|3|6|0|2|0
53146,1,True,8,14,8,9|8|0|8|1|9|8|8|8|8|8|8|8|8|8
53149,1,True,5,15,5,5|5|5|5|5|5|5|5|5|5|5|5|7|7|5
53168,6,True,0,5,6,0|6|6|6|0|0|6|6|6|0|6|6|0|6|6
53235,6,True,2,12,-1,4|0|8|0|8|2|2|6|8|2|8|6|0|6|2
53244,9,False,9,11,5,5|5|5|5|5|5|5|5|5|5|9|9|9|5|9
53252,5,False,5,8,5,2|7|5|7|5|3|5|5|5|3|7|5|5|7|2
53264,5,True,9,0,5,5|5|5|5|5|5|5|5|5|5|5|5|5|5|5
53282,9,True,7,13,7,7|7|3|7|7|7|7|7|7|5|7|9|7|5|9
53321,1,True,3,9,1,1|1|6|6|1|0|1|3|0|3|1|3|1|6|2
53325,9,False,9,10,5,9|5|5|5|5|5|5|2|5|5|9|9|9|5|9
53346,7,False,7,9,9,7|7|9|9|7|7|9|9|9|9|7|9|3|7|9
53351,7,False,7,8,9,9|7|7|9|7|9|7|7|9|7|9|9|9|9|7
53356,2,True,3,10,3,2|2|3|3|2|3|3|3|2|3|2|3|3|3|3
53373,0,False,0,14,8,2|8|8|8|8|2|6|8|6|2|8|4|0|8|2
53393,9,False,9,10,2,9|2|9|2|7|7|2|2|2|2|9|9|9|2|2
53425,6,False,6,13,4,4|4|4|4|4|4|4|4|6|4|6|4|4|4|4
53427,5,True,9,2,5,5|5|5|5|5|5|5|5|5|5|5|5|9|5|9
53429,6,True,0,7,6,6|6|0|6|0|6|6|0|6|6|0|0|0|6|0
53439,9,True,8,13,8,9|8|8|3|8|9|3|3|8|8|8|8|8|8|8
53448,6,True,3,13,3,3|3|3|2|0|3|6|3|3|3|3|6|2|2|3
53450,5,False,5,6,5,1|5|5|5|7|5|7|7|5|5|5|5|1|1|5
53490,0,True,2,2,0,0|0|0|0|0|2|2|0|0|0|0|0|0|0|0
53510,9,True,7,15,7,7|7|7|7|7|7|7|7|7|7|7|7|7|7|7
53530,8,True,6,12,3,0|6|8|0|8|3|3|3|0|1|4|3|7|5|8
53534,9,False,9,14,5,5|5|5|5|5|5|5|5|5|5|5|5|9|5|5
53569,0,False,0,12,6,6|6|6|0|6|6|0|0|6|6|6|6|6|6|6
53585,6,False,6,5,6,4|6|6|4|4|6|6|6|6|0|6|6|4|6|6
53586,9,True,4,13,4,4|4|4|4|4|6|4|9|4|4|9|4|4|4|4
53589,6,True,0,15,0,0|0|0|0|4|0|0|0|0|0|0|4|0|0|4
53591,7,False,7,7,7,9|7|5|9|7|7|7|2|9|7|7|9|9|7|7
53607,8,False,8,6,8,1|8|8|8|1|1|8|7|8|8|8|8|5|8|3
53608,8,False,8,2,8,1|8|8|8|8|3|8|8|8|8|8|8|8|8|8
53610,6,False,6,13,4,3|4|4|4|4|6|4|9|4|4|9|6|4|4|4
53622,7,True,1,14,1,1|1|1|1|1|1|1|1|1|1|7|1|1|1|1
53627,7,False,7,13,9,9|9|9|9|5|5|7|7|9|5|9|9|9|9|9
53639,2,False,2,8,-1,0|0|0|0|0|2|2|2|0|2|2|8|0|2|2
53711,9,False,9,13,5,9|5|5|5|5|5|9|5|5|5|5|5|5|5|5
53716,2,True,5,11,5,3|2|7|3|5|5|7|5|2|2|5|2|5|5|5
53725,8,False,8,6,8,3|8|3|8|8|8|3|3|3|3|8|8|8|8|8
53728,5,False,5,0,5,5|5|5|5|5|5|5|5|5|5|5|5|5|5|5
53729,3,True,2,11,4,4|4|6|4|9|3|9|9|3|3|3|4|9|4|6
53743,7,True,1,14,1,1|1|1|1|1|7|1|1|1|1|1|1|1|1|1
53748,1,True,5,7,1,1|5|1|1|5|1|5|1|5|3|5|5|1|1|1
53798,6,True,3,13,3,3|2|3|3|1|3|8|3|6|2|2|3|2|1|6
53811,6,True,0,9,0,0|0|0|6|0|6|6|0|6|6|0|0|0|6|0
53818,1,False,1,4,1,1|1|1|1|1|7|1|1|1|7|7|1|0|1|1
53848,6,True,0,4,6,6|6|6|0|0|6|6|0|6|6|6|6|6|6|0
53858,3,False,3,11,6,0|2|3|6|0|3|2|3|6|6|6|6|6|6|3
53872,0,False,0,12,6,4|4|6|0|0|6|4|3|6|6|6|2|0|6|4
53880,5,True,9,1,5,5|5|5|5|5|5|5|5|5|5|5|5|9|5|5
53886,3,False,3,11,3,9|4|6|3|0|8|3|3|4|6|3|4|9|6|2
53904,5,True,9,0,5,5|5|5|5|5|5|5|5|5|5|5|5|5|5|5
53911,0,True,2,13,2,2|9|8|2|0|3|3|9|2|4|9|0|2|2|8
53942,2,True,7,14,7,7|7|7|2|7|3|9|7|7|7|7|7|7|7|7
53946,9,False,9,13,5,5|5|5|5|5|5|5|5|5|5|5|5|9|5|9
53956,6,True,0,6,6,6|0|6|0|0|6|6|0|6|6|0|6|6|6|0
53964,0,False,0,12,6,6|6|6|6|0|6|6|0|6|6|6|6|6|6|0
53965,9,True,4,8,-1,9|4|4|4|9|9|9|0|4|4|9|9|9|4|4
53971,0,True,2,5,0,0|4|4|2|0|0|0|0|0|0|0|0|2|2|0
53982,7,True,8,15,8,8|8|8|8|8|8|8|8|8|5|8|8|9|8|8
54009,0,True,1,8,1,0|0|0|1|0|0|1|1|1|0|0|1|1|1|1
54024,6,True,0,12,0,0|7|0|0|0|0|0|0|6|6|0|0|0|6|0
54042,9,True,8,15,8,8|3|3|8|8|8|1|8|8|8|8|8|8|8|8
54056,5,True,9,2,5,5|2|5|5|5|5|5|5|5|5|5|5|9|5|5
54102,9,True,7,15,7,1|7|7|7|7|7|7|7|7|7|7|7|7|7|7
54114,6,True,0,4,6,6|6|0|6|0|6|6|6|0|6|6|6|6|6|0
54126,2,True,5,8,5,2|5|5|2|5|2|5|5|5|5|2|2|2|2|5
54145,6,True,0,9,0,6|0|6|6|0|0|0|0|0|0|0|6|6|6|0
54153,3,True,5,12,5,3|3|5|5|5|5|1|5|5|5|5|5|3|5|5
54163,0,False,0,12,6,0|6|4|6|0|6|6|6|6|4|6|6|0|6|4
54176,4,False,4,9,4,4|8|4|8|0|4|4|0|9|4|8|4|9|2|2
54187,6,True,9,14,5,6|7|5|5|9|9|5|9|7|5|5|9|9|8|5
54197,6,False,6,2,6,6|6|6|6|0|6|6|6|6|6|6|6|6|6|4
54202,3,True,8,9,8,7|3|8|8|2|3|3|8|8|8|8|3|3|3|8
54208,0,True,2,4,0,2|0|4|0|0|0|0|0|0|2|0|0|0|2|0
54226,0,False,0,8,6,0|6|6|0|0|6|0|0|6|6|0|6|0|6|6
54255,0,True,1,14,1,1|1|1|1|1|1|0|1|1|9|1|1|1|1|1
54297,9,True,4,12,4,9|4|4|4|4|9|4|4|4|4|9|4|4|4|4
54309,9,False,9,13,5,9|5|5|5|5|5|5|5|5|5|5|5|5|5|9
54322,4,True,6,15,6,0|6|0|6|6|6|0|6|0|0|6|6|0|6|0
54350,7,False,7,1,7,7|7|7|7|7|7|7|7|7|7|7|7|9|7|7
54352,5,True,4,15,0,4|0|0|6|0|0|0|0|0|0|0|0|4|6|2
54359,1,False,1,5,1,0|0|1|1|1|1|1|1|1|9|0|1|0|1|1
54360,6,True,0,1,6,6|6|6|6|6|6|6|6|6|6|6|6|6|6|0
54400,6,False,6,12,4,4|4|4|4|0|4|4|4|6|4|4|6|2|6|4
54404,4,False,4,10,9,9|9|4|4|9|9|9|9|9|4|9|9|4|4|9
54428,4,True,6,2,4,4|4|4|4|4|4|4|6|4|4|4|6|4|4|4
54429,5,True,9,9,-1,5|2|9|9|5|6|9|5|9|5|7|5|9|5|9
54432,4,False,4,9,4,7|2|4|2|0|9|4|0|4|9|9|0|4|4|4
54461,0,True,2,3,0,2|0|0|0|0|0|0|0|0|0|0|0|2|2|0
54473,3,True,8,12,8,3|7|7|8|8|8|3|8|8|3|8|2|8|6|7
54491,6,True,3,13,-1,7|2|3|4|3|2|3|3|2|3|0|6|2|6|2
54501,2,False,2,14,0,0|0|4|0|0|0|0|0|0|0|0|0|0|0|2
54502,2,False,2,14,0,0|0|0|0|0|0|0|0|0|0|2|0|0|0|0
54530,9,True,7,12,7,2|7|7|9|7|9|7|7|7|7|7|9|7|7|7
54548,4,True,7,15,7,3|7|7|7|7|2|3|7|7|5|7|7|2|2|7
54556,1,False,1,4,1,1|1|1|1|1|0|7|1|1|1|7|1|1|1|7
54557,9,True,4,15,0,0|4|0|2|0|2|0|2|0|2|2|0|0|0|4
54560,7,False,7,5,7,7|1|5|7|7|9|7|7|7|5|5|7|7|7|7
54581,3,True,2,15,0,0|2|0|2|2|6|0|6|0|2|0|0|0|2|2
54621,0,True,2,0,0,0|0|0|0|0|0|0|0|0|0|0|0|0|0|0
54623,4,False,4,9,9,9|9|4|9|0|9|4|9|4|9|9|9|4|4|4
54626,6,True,3,15,3,3|2|3|3|3|3|3|3|3|3|3|3|2|3|2
54644,6,True,2,13,8,6|0|1|8|8|8|8|3|0|6|8|8|2|2|8
54651,5,True,4,15,4,4|4|4|4|4|9|4|4|4|4|4|4|4|4|4
54654,3,True,7,14,7,7|7|3|1|5|7|7|7|9|7|9|9|7|7|9
54658,3,False,3,6,3,2|6|3|2|2|3|3|3|3|3|3|3|3|8|0
54659,3,False,3,6,3,3|2|3|0|0|6|3|3|3|3|2|3|3|6|3
54671,3,False,3,8,3,3|7|7|1|0|3|6|3|5|3|3|1|2|3|3
54697,9,False,9,15,5,5|5|5|5|5|5|5|5|5|5|5|5|5|5|5
54706,0,False,0,15,8,9|7|2|8|4|9|8|8|8|6|8|3|9|4|2
54710,6,True,0,9,0,0|6|0|0|0|6|6|0|6|0|0|6|6|0|0
54712,9,True,8,15,8,3|8|3|8|8|8|8|3|8|3|8|8|8|8|3
54718,7,False,7,15,5,9|5|5|5|9|5|5|5|9|9|5|5|5|9|5
54720,9,True,8,14,8,8|8|8|8|9|3|8|8|8|8|8|3|3|8|8
54725,9,True,4,9,9,9|1|4|3|1|4|9|9|9|4|2|4|9|4|9
54727,0,False,0,10,6,6|0|6|6|0|6|6|3|0|0|0|6|6|8|4
54775,1,True,5,15,5,7|5|7|5|5|7|5|5|5|5|5|5|5|7|5
54778,0,False,0,9,6,2|0|0|6|0|6|6|0|6|6|6|6|0|6|0
54779,7,False,7,3,7,7|1|7|5|7|7|7|7|7|7|7|7|5|7|7
54784,5,True,9,2,5,5|5|5|5|5|5|5|5|5|5|5|9|9|5|5
54817,2,True,3,11,3,3|3|3|3|8|3|3|3|3|3|2|3|2|2|2
54820,7,True,5,6,7,7|7|5|5|7|7|7|7|5|3|5|7|5|7|7
54851,2,False,2,14,4,1|4|6|4|4|3|2|8|4|4|0|6|9|8|1
54872,0,True,2,1,0,0|0|0|0|0|0|2|0|0|0|0|0|0|0|0
54877,9,True,7,15,7,7|7|7|7|7|7|7|7|7|7|7|7|7|7|7
54887,8,False,8,1,8,8|8|8|8|8|8|8|8|8|3|8|8|8|8|8
54892,4,False,4,8,4,4|2|4|4|4|9|4|4|9|9|9|9|9|4|2
54895,6,False,6,5,6,0|6|6|6|0|2|6|6|6|6|0|6|6|6|0
54911,1,True,8,15,8,8|8|8|8|8|8|8|8|8|8|8|8|8|8|8
54926,5,False,5,3,5,5|7|5|5|5|5|5|5|5|5|5|8|5|2|5
54937,4,True,6,5,4,6|4|4|4|4|6|4|4|4|6|2|4|4|6|4
54943,0,True,2,5,0,0|2|0|0|0|2|0|6|0|0|2|0|0|2|0
54949,7,False,7,3,7,7|7|5|9|7|9|7|7|7|7|7|7|7|7|7
54958,4,True,7,15,7,7|7|7|7|7|7|7|7|7|7|7|7|7|7|7
54989,3,True,5,14,5,7|5|5|2|7|7|5|7|3|2|5|5|7|5|5
55008,9,True,7,11,7,7|7|7|9|7|7|9|7|7|7|7|7|9|9|7
55022,0,True,1,9,1,1|1|1|1|1|0|0|1|0|0|0|1|1|1|0
55027,4,True,7,10,7,7|2|4|4|4|7|7|7|4|3|7|4|7|7|7
55030,4,True,1,15,1,1|1|0|1|0|1|0|1|1|1|1|1|0|1|1
55032,1,False,1,8,7,7|1|7|1|1|7|7|1|1|7|7|1|1|7|7
55042,7,True,5,8,5,7|7|5|5|7|7|5|5|7|5|5|5|7|7|5
55047,1,False,1,3,1,0|0|1|1|1|1|0|1|1|1|1|1|1|1|1
55050,0,True,1,14,1,1|1|1|1|1|0|1|1|1|1|7|1|1|1|1
55052,0,True,2,3,0,0|0|0|0|2|2|0|0|0|2|0|0|0|0|0
55072,6,True,0,8,0,6|0|6|0|0|6|0|0|0|6|0|6|6|6|0
55076,6,True,0,12,0,0|0|6|8|0|3|6|8|0|2|6|8|0|2|2
55084,0,True,2,8,2,2|0|0|0|2|2|2|0|0|2|2|2|0|0|2
55098,2,True,5,13,6,1|0|1|6|2|2|0|4|6|5|7|3|3|8|6
55114,9,False,9,10,5,9|5|5|5|5|7|9|5|5|5|9|5|9|5|9
55125,2,False,2,12,0,0|2|0|0|0|0|0|9|9|4|2|4|2|4|0
55128,6,True,0,9,6,3|2|3|0|4|6|6|6|6|4|2|6|4|6|4
55148,4,True,7,13,7,7|3|7|4|7|7|4|7|7|7|7|7|7|7|7
55152,9,True,4,13,4,4|4|4|4|9|4|4|9|4|4|4|4|4|4|4
55166,9,True,4,13,4,9|4|4|4|4|4|4|4|4|4|4|4|9|4|4
55182,1,False,1,5,1,1|1|1|1|1|4|0|1|1|1|7|1|0|6|1
55198,5,True,9,1,5,9|5|5|5|5|5|5|5|5|5|5|5|5|5|5
55226,0,False,0,12,8,5|9|8|8|8|8|6|0|0|8|9|8|8|2|0
55233,0,True,3,15,3,3|2|3|3|2|3|3|3|3|3|3|3|2|8|3
55248,6,True,3,15,3,3|3|3|3|2|3|3|3|3|3|3|3|3|3|3
55256,2,False,2,10,0,0|0|0|0|0|2|0|0|0|2|2|2|0|0|2
55268,2,True,5,15,5,8|5|5|5|5|5|5|7|5|5|5|5|5|3|5
55272,3,True,8,9,8,3|3|8|8|8|3|8|8|8|8|8|3|3|8|3
55285,6,True,0,13,4,3|6|0|8|4|4|2|3|6|2|2|3|0|4|4
55297,9,True,4,9,4,9|0|4|0|9|4|4|9|9|4|9|4|9|4|4
55322,2,True,7,13,7,7|7|7|1|7|7|2|7|5|7|7|7|7|2|7
55324,7,False,7,5,7,7|7|7|8|7|7|7|7|7|5|7|1|5|5|7
55339,9,False,9,8,9,2|9|9|9|5|2|9|2|2|5|9|9|9|2|2
55385,6,True,0,6,6,0|6|6|6|0|6|6|0|6|0|0|6|6|6|3
55400,9,True,8,15,8,7|8|8|8|8|8|8|8|8|8|8|8|8|8|8
55428,0,True,1,7,0,0|1|1|1|1|0|1|1|0|0|0|1|0|0|0
55445,7,True,8,15,8,8|1|1|8|8|8|8|8|8|1|8|8|8|1|8
55473,6,True,9,14,5,5|5|5|5|5|5|5|5|5|5|5|5|5|6|9
55480,8,True,1,15,1,1|1|1|1|1|0|1|1|1|1|2|1|3|1|1
55488,3,True,5,14,5,3|5|5|5|5|5|5|5|5|5|5|5|7|5|5
55507,4,False,4,9,4,2|2|4|4|0|4|4|8|2|4|2|0|8|4|2
55516,6,True,2,15,0,0|0|0|0|0|0|0|0|2|0|0|0|0|0|0
55538,0,True,1,10,1,1|1|1|1|0|0|1|1|0|9|0|3|0|1|1
55542,1,False,1,1,1,1|1|1|1|1|1|1|1|1|1|1|1|7|1|1
55563,1,False,1,0,1,1|1|1|1|1|1|1|1|1|1|1|1|1|1|1
55564,8,False,8,4,8,3|8|8|8|8|3|3|8|8|8|8|3|8|8|8
55572,0,True,2,9,0,4|0|4|4|0|2|0|9|6|6|2|0|0|6|0
55580,7,False,7,3,7,7|7|7|4|7|3|7|7|3|7|7|7|7|7|7
55602,8,False,8,7,8,8|8|1|8|1|7|1|8|8|8|7|8|7|8|7
55615,0,False,0,9,6,0|6|6|6|0|6|6|0|6|0|0|6|6|6|0
55634,6,True,0,5,6,6|6|6|0|0|6|6|0|0|0|6|6|6|6|6
55638,0,True,1,12,1,1|1|1|1|0|0|0|1|1|1|1|1|2|1|1
55698,6,True,1,15,1,1|1|1|1|1|7|1|1|1|1|1|1|0|0|1
55738,7,False,7,3,7,7|7|5|2|7|7|7|7|8|7|7|7|7|7|7
55753,2,True,5,8,-1,2|2|5|2|5|5|3|2|2|5|5|5|2|2|5
55855,6,True,7,15,5,7|7|5|5|9|7|5|7|5|5|9|5|5|5|5
55857,9,True,4,9,9,9|2|4|4|0|9|6|9|6|9|2|9|9|6|4
55889,7,False,7,2,7,7|7|7|4|7|7|7|7|7|7|7|7|7|2|7
55895,2,False,2,12,0,0|4|4|0|0|0|0|0|0|2|2|2|0|0|0
55902,5,True,9,4,5,5|5|5|5|9|5|9|5|5|5|9|5|5|5|9
55908,7,False,7,9,7,3|5|8|9|7|7|1|7|5|2|7|7|5|5|7
55928,5,False,5,13,7,7|7|1|4|7|8|9|8|3|5|7|7|5|7|7
55960,5,True,9,1,5,9|5|5|5|5|5|5|5|5|5|5|5|5|5|5
56024,2,False,2,13,4,2|4|4|4|1|4|3|6|2|4|4|3|4|8|4
56079,4,True,6,14,3,2|3|4|6|1|0|6|0|8|3|1|3|1|0|3
56081,8,True,6,15,4,4|4|4|4|4|4|4|4|4|4|4|4|4|4|4
56111,9,True,4,11,4,4|4|4|4|4|9|4|9|9|9|4|4|4|4|4
56118,6,False,6,4,6,6|6|4|0|4|6|6|6|6|6|6|6|2|6|6
56125,4,False,4,7,4,4|0|4|4|0|4|4|4|9|0|2|6|9|4|4
56134,1,False,1,0,1,1|1|1|1|1|1|1|1|1|1|1|1|1|1|1
56141,8,False,8,7,8,1|8|3|3|8|3|8|8|8|3|8|3|3|8|8
56156,6,True,9,15,5,9|5|5|5|5|9|5|5|5|5|5|5|5|5|5
56185,5,False,5,5,5,5|5|5|5|5|5|5|5|5|5|7|1|1|1|1
56186,2,True,3,9,3,3|2|3|3|3|3|3|3|2|2|2|3|2|2|3
56194,5,True,9,1,5,5|5|5|5|5|5|5|5|5|5|5|5|9|5|5
56202,2,False,2,14,0,0|2|4|0|0|4|0|0|0|4|4|0|4|0|0
56205,0,False,0,13,6,6|6|4|0|0|6|6|6|6|6|6|6|6|6|4
56210,0,False,0,13,6,2|6|4|4|2|6|0|6|0|6|2|6|6|6|2
56221,3,False,3,3,3,3|2|3|3|3|3|3|3|3|3|3|3|2|3|2
56224,4,True,6,4,4,9|4|4|4|0|4|4|4|4|0|9|4|4|4|4
56230,5,False,5,2,5,3|5|5|1|5|5|5|5|5|5|5|5|5|5|5
56232,4,False,4,8,9,9|9|4|9|9|4|9|4|9|4|9|4|9|4|4
56238,2,True,9,14,5,9|5|5|9|2|8|9|5|5|5|9|5|8|9|7
56268,2,True,5,14,5,7|5|5|9|1|5|5|5|2|5|5|5|5|5|5
56284,3,True,6,15,0,4|2|0|1|0|2|0|5|1|0|8|0|0|6|4
56305,8,False,8,1,8,8|8|8|8|8|8|8|8|8|3|8|8|8|8|8
56357,9,True,4,3,9,9|9|9|4|9|9|9|9|9|9|9|4|9|4|9
56380,8,False,8,5,8,7|8|8|5|2|8|8|8|8|8|8|8|2|8|5
56394,2,False,2,13,0,0|0|0|0|0|0|2|2|0|0|0|0|0|0|0
56397,2,True,6,15,6,6|6|6|4|0|6|6|4|6|6|6|6|6|6|4
56400,8,False,8,6,8,3|8|8|3|8|8|3|8|5|3|8|8|8|8|3
56434,0,False,0,7,0,6|6|6|6|0|0|6|0|6|0|0|0|0|0|3
56436,7,False,7,4,7,7|7|7|2|7|7|5|7|3|2|7|7|7|7|7
56444,3,True,5,14,5,5|5|5|5|3|2|5|5|5|5|5|5|5|5|7
56445,5,True,8,15,8,8|8|8|3|8|3|8|8|8|8|8|8|3|8|8
56475,6,True,0,6,6,4|6|4|4|4|6|6|6|6|4|4|6|6|6|6
56491,9,True,7,10,-1,9|9|7|2|7|7|2|7|3|3|9|7|9|2|9
56494,0,False,0,9,6,6|0|4|0|0|6|6|6|6|6|0|6|0|6|0
56500,4,True,6,0,4,4|4|4|4|4|4|4|4|4|4|4|4|4|4|4
56507,0,False,0,15,8,2|8|1|8|8|9|8|8|8|8|8|8|8|8|8
56509,4,False,4,11,9,9|0|4|9|0|9|0|9|9|0|9|4|9|4|4
56537,6,True,0,5,6,0|0|6|6|0|6|6|0|6|6|0|6|6|6|6
56539,7,False,7,5,7,9|7|7|7|9|7|7|7|9|7|9|7|9|7|7
56555,2,True,9,15,5,5|5|5|5|5|5|5|5|5|5|5|5|9|5|5
56558,9,True,4,7,9,9|9|4|4|9|9|9|4|4|4|9|4|9|4|9
56568,5,True,9,8,5,9|9|5|5|9|5|7|5|5|5|9|9|9|5|7
56597,9,True,4,14,3,1|3|6|1|0|6|3|1|4|3|2|3|9|6|4
56598,4,True,6,12,3,2|2|4|2|3|3|6|2|3|4|9|3|4|3|6
56613,4,False,4,8,4,0|0|4|2|4|4|4|6|4|0|9|4|9|2|4
56620,1,True,4,15,4,7|4|4|4|4|6|4|4|4|6|8|4|8|6|4
56621,6,True,1,15,1,1|0|1|1|1|1|0|1|1|1|1|1|0|0|1
56629,5,True,9,2,5,9|5|5|5|5|5|5|5|5|5|5|5|9|5|5
56631,1,True,8,13,8,7|8|8|8|1|7|8|8|8|8|8|8|8|1|8
56654,6,True,1,15,1,1|1|1|1|1|1|1|1|1|1|1|1|1|1|1
56661,0,True,4,15,2,2|2|4|8|2|1|2|8|6|4|4|2|4|6|2
56675,4,True,1,14,1,1|1|1|1|1|4|7|1|1|1|1|1|1|1|1
56700,2,True,3,13,3,2|1|3|2|1|3|3|3|3|3|8|3|7|8|3
56741,2,True,5,15,5,7|5|5|5|5|7|7|5|5|7|5|5|5|5|5
56743,4,False,4,6,4,9|4|4|4|4|6|9|4|9|4|9|4|9|4|4
56752,0,False,0,9,6,6|6|6|0|0|6|6|0|6|0|0|6|6|6|0
56763,0,True,2,8,0,0|0|0|8|0|2|4|8|0|6|2|8|2|0|0
56773,3,True,5,14,5,8|2|7|5|5|7|3|5|1|5|5|7|7|5|5
56784,0,True,2,7,0,2|0|8|0|2|0|2|0|0|2|2|0|2|0|0
56792,6,False,6,15,4,4|4|9|9|4|3|4|4|9|2|4|4|9|9|4
56801,9,True,7,14,7,2|7|7|2|7|7|7|7|7|9|7|7|7|7|7
56834,6,False,6,3,6,6|6|6|6|0|6|6|6|6|6|6|6|0|6|2
56838,1,False,1,5,1,1|0|1|1|1|0|1|1|0|0|1|1|1|1|0
56848,4,True,6,12,6,6|4|4|0|0|6|6|6|6|0|6|6|6|6|4
56854,5,True,9,10,9,9|9|5|9|7|9|9|2|5|5|5|9|9|5|9
56885,2,False,2,14,0,0|0|0|0|0|0|0|0|0|2|0|0|0|0|0
56902,0,True,1,15,1,1|1|1|1|1|1|1|1|1|1|1|1|1|1|1
56942,2,True,6,15,6,6|6|4|4|4|6|4|6|6|6|4|6|6|6|6
56957,5,False,5,5,5,1|5|5|5|5|8|7|5|5|7|5|5|5|3|5
56970,6,True,0,5,6,6|6|4|6|4|0|6|6|6|6|6|6|4|6|4
57026,0,True,7,15,7,7|7|5|7|7|7|2|7|5|7|7|1|5|7|7
57048,6,True,3,15,3,3|3|3|3|2|3|3|3|3|3|3|3|3|2|3
57071,2,False,2,14,4,4|4|4|0|4|9|2|4|4|0|4|4|4|4|4
57079,9,True,7,14,7,7|7|5|7|7|7|7|7|5|7|5|5|9|5|7
57149,4,True,6,14,6,6|6|6|4|1|6|6|6|6|6|6|6|6|6|2
57156,2,True,3,12,3,6|3|3|3|2|3|3|3|2|3|3|3|3|3|2
57163,9,True,8,14,8,4|1|8|8|1|9|8|0|8|3|8|8|1|6|8
57177,9,True,8,15,8,3|8|8|8|8|8|8|8|8|8|8|8|8|8|8
57200,9,True,4,12,4,9|4|4|4|0|9|4|4|9|4|4|4|4|4|4
57216,4,True,6,10,6,4|6|4|4|0|4|6|6|6|6|4|0|0|6|6
57219,8,False,8,9,8,1|1|8|8|1|6|8|2|8|4|2|8|0|8|3
57222,2,True,5,15,5,7|5|5|5|3|5|3|5|5|5|5|5|5|1|5
57268,8,True,3,13,-1,3|0|8|1|1|0|3|5|5|2|1|3|8|1|3
57278,9,True,4,15,4,4|4|4|6|4|4|4|4|4|4|4|4|4|4|4
57335,4,True,6,14,0,6|4|2|2|0|0|0|0|0|2|0|0|9|6|0
57340,2,True,3,13,6,2|2|6|3|0|6|6|6|6|6|3|3|6|6|6
57344,4,True,6,5,4,4|4|4|4|4|6|4|4|4|2|4|4|6|6|6
57362,9,True,7,15,7,7|7|7|2|7|7|2|7|7|7|7|7|7|7|7
57363,9,False,9,10,5,9|5|5|9|9|5|5|5|9|5|5|5|9|8|5
57364,5,False,5,6,5,7|5|7|5|5|7|7|5|5|5|5|5|5|1|7
57379,2,True,5,12,-1,4|7|1|1|2|5|3|2|5|4|7|6|2|5|7
57380,0,True,2,10,0,0|0|4|4|0|6|6|0|2|2|2|0|4|6|4
57407,9,True,7,12,7,7|7|7|2|7|7|7|7|9|7|9|7|9|2|7
57430,1,False,1,4,1,1|1|1|1|0|1|1|1|1|9|0|1|1|1|0
57460,2,True,3,14,3,3|3|3|3|2|3|3|3|6|3|0|3|3|3|3
57463,0,False,0,2,0,0|6|0|0|0|6|0|0|0|0|0|0|0|0|0
57468,0,True,2,5,0,2|0|0|0|0|0|0|6|2|0|2|4|0|0|0
57486,3,True,0,13,0,2|0|6|6|0|0|6|0|6|3|0|2|6|0|3
57538,3,False,3,2,3,3|2|3|3|2|3|3|3|3|3|3|3|3|3|3
57550,7,False,7,3,7,2|7|7|9|7|7|7|7|7|7|7|7|7|9|7
57562,7,True,5,9,7,8|5|7|7|5|7|1|7|7|2|8|5|5|6|7
57579,7,True,8,11,8,7|8|8|8|8|7|8|8|8|7|8|8|8|8|7
57594,0,True,1,15,1,1|1|1|1|1|1|1|1|1|1|1|1|1|1|1
57598,0,True,2,3,0,2|0|0|0|0|0|0|0|0|2|0|0|0|0|2
57638,3,True,7,15,7,7|7|7|2|7|7|7|7|7|7|7|7|2|7|7
57663,3,True,8,12,8,3|8|8|8|8|3|3|8|8|8|8|8|8|8|8
57666,0,True,1,12,1,1|1|1|1|1|1|1|1|1|1|0|1|1|0|0
57691,5,False,5,10,-1,1|1|3|7|5|5|1|3|3|5|5|7|1|1|5
57695,2,True,3,12,3,3|6|3|2|2|6|6|3|3|3|3|3|2|3|3
57699,5,True,4,14,3,4|3|3|3|5|3|3|3|3|3|6|1|0|6|6
57702,6,False,6,10,0,0|6|4|0|0|4|6|0|6|0|0|0|4|6|6
57721,3,True,7,15,7,7|7|7|7|7|7|7|7|7|7|7|7|7|7|7
57725,2,True,3,14,6,1|0|6|4|0|0|6|6|6|6|3|3|2|6|3
57755,4,True,6,1,4,4|4|4|4|4|6|4|4|4|4|4|4|4|4|4
57776,2,True,7,14,7,1|7|1|7|7|7|3|2|7|7|7|7|5|5|7
57796,5,False,5,1,5,5|5|5|5|5|5|5|5|5|5|5|5|3|5|5
57798,7,True,1,9,1,1|7|1|1|1|7|7|1|1|7|7|1|1|1|7
57800,5,True,9,0,5,5|5|5|5|5|5|5|5|5|5|5|5|5|5|5
57802,1,False,1,0,1,1|1|1|1|1|1|1|1|1|1|1|1|1|1|1
57805,6,True,0,11,4,0|4|4|4|4|0|0|9|6|0|3|6|6|6|4
57863,2,True,3,13,3,1|0|3|2|1|3|3|1|2|3|3|3|0|3|3
57903,0,True,2,14,4,4|9|4|4|0|9|9|4|4|4|9|4|9|9|4
57908,4,False,4,12,3,4|2|4|3|3|6|3|9|3|7|3|4|2|9|6
57920,2,True,9,15,5,9|9|5|5|5|5|9|5|5|5|5|5|5|5|5
57961,7,True,3,15,3,2|3|3|3|0|3|3|3|2|3|2|0|3|6|2
57978,0,True,1,9,1,0|1|0|1|1|0|1|1|0|1|0|1|0|1|1
57988,9,True,7,15,7,3|7|7|3|7|6|7|7|3|7|2|7|7|2|7
57992,5,True,9,14,9,9|9|5|9|7|9|9|2|9|9|9|9|9|9|9
57997,9,True,4,14,4,4|6|4|4|4|9|4|4|4|4|4|4|4|4|4
58002,9,True,8,15,8,8|8|3|8|8|8|8|8|8|8|8|8|3|3|8
58013,5,False,5,3,5,5|5|5|5|5|2|5|5|5|5|9|3|5|5|5
58063,6,True,0,8,6,0|6|6|6|0|3|0|3|6|6|0|6|0|6|0
58069,9,True,7,15,7,2|5|7|8|7|0|7|7|7|7|7|7|7|3|7
58071,3,True,5,14,5,1|5|5|5|5|5|5|5|5|5|7|5|5|5|3
58080,8,False,8,1,8,8|8|8|8|8|8|8|8|1|8|8|8|8|8|8
58123,0,True,2,14,2,2|2|8|0|2|2|3|2|8|2|2|8|2|2|8
58125,4,False,4,8,9,4|4|4|4|9|9|9|9|9|9|9|9|4|4|4
58132,0,True,1,11,1,1|1|1|1|0|1|1|1|0|1|0|1|1|1|0
58154,0,True,2,5,0,0|4|4|4|0|0|2|0|0|4|0|0|0|0|0
58160,9,True,4,12,4,9|4|4|2|1|6|4|0|4|2|9|2|9|4|2
58193,6,True,5,15,5,2|5|5|5|7|5|2|7|2|5|5|7|3|7|5
58225,5,True,9,0,5,5|5|5|5|5|5|5|5|5|5|5|5|5|5|5
58229,4,False,4,7,4,4|4|4|4|9|9|4|4|9|4|9|9|9|4|9
58246,6,True,3,10,3,6|6|3|3|2|3|6|3|3|3|3|3|6|6|3
58250,6,True,3,15,3,3|2|3|1|1|3|2|3|3|3|3|1|3|3|3
58252,5,False,5,6,5,2|5|5|2|5|7|5|5|5|5|7|5|8|8|5
58256,2,True,9,14,5,9|5|9|5|5|6|9|5|5|5|5|5|5|2|9
58258,7,True,8,13,8,1|8|5|8|8|9|1|8|7|8|8|8|9|8|7
58267,3,True,2,14,0,2|0|4|0|0|0|0|0|0|2|0|0|3|6|0
58295,6,True,3,14,3,3|2|3|2|3|2|3|3|3|3|3|3|3|6|3
58306,4,False,4,5,4,9|4|4|4|4|9|4|4|9|9|4|9|4|4|4
58312,1,False,1,0,1,1|1|1|1|1|1|1|1|1|1|1|1|1|1|1
58367,9,True,7,13,7,7|7|7|9|7|7|7|7|7|7|7|7|9|7|7
58382,1,False,1,6,1,1|0|1|1|1|1|1|1|0|9|0|1|0|1|0
58393,5,False,5,8,5,1|5|7|5|1|1|5|5|1|5|5|5|9|7|1
58395,2,True,5,2,2,2|2|2|2|2|5|2|5|2|2|2|2|2|2|2
58407,4,True,6,2,4,6|4|4|4|4|6|4|4|4|4|4|4|4|4|4
58411,4,True,1,15,1,1|1|1|1|1|1|1|1|1|1|1|1|1|1|1
58418,0,True,2,9,6,2|6|0|6|0|2|0|6|0|6|6|6|0|6|0
58423,6,True,9,15,5,5|5|5|5|5|5|5|5|5|5|5|5|5|5|5
58446,7,True,5,13,5,1|5|5|5|7|7|5|5|5|5|5|5|5|5|5
58455,9,False,9,13,5,5|5|5|5|5|5|9|5|5|5|5|9|5|5|5
58457,3,True,8,13,8,8|8|8|8|8|3|8|8|8|3|8|8|8|8|8
58472,6,True,0,5,6,6|0|6|0|0|6|6|0|6|6|6|6|6|6|0
58490,4,True,6,9,4,3|4|3|4|8|9|4|9|9|4|4|3|4|9|3
58495,9,False,9,13,5,9|5|5|5|5|5|5|5|5|5|5|5|9|5|5
58533,6,False,6,4,6,6|6|6|6|0|6|6|6|0|6|6|6|0|6|0
58549,5,False,5,5,5,3|5|5|3|5|3|3|5|5|5|5|5|3|5|5
58586,9,False,9,11,5,9|5|5|5|7|5|5|5|9|5|9|5|5|2|9
58617,2,True,3,7,2,2|2|3|2|2|3|3|3|2|3|2|3|2|3|2
58668,5,False,5,9,7,7|5|7|2|5|7|7|7|5|5|7|5|7|7|5
58672,2,False,2,15,0,4|0|0|0|0|0|0|0|0|0|0|0|0|0|0
58677,3,True,5,14,5,3|5|5|5|5|5|1|5|5|5|7|5|1|5|1
58729,9,True,4,6,9,9|9|4|4|9|9|4|4|9|9|9|9|9|4|4
58739,4,False,4,9,-1,6|2|4|4|1|4|6|6|6|4|8|6|4|6|4
58756,0,False,0,10,6,6|6|6|0|0|6|6|6|6|0|0|6|6|6|0
58782,2,True,3,11,3,3|2|3|3|3|3|2|3|2|3|3|3|2|3|3
58860,3,True,8,13,8,8|8|8|8|9|8|3|8|8|8|8|8|8|8|3
58875,4,True,6,10,6,4|2|6|4|0|6|4|6|4|4|0|6|6|6|6
58906,8,False,8,6,8,7|8|3|8|8|7|5|8|8|7|8|3|8|8|8
58912,4,False,4,10,4,2|4|4|9|5|9|8|9|1|4|4|4|6|7|9
58925,1,False,1,3,1,7|1|1|1|1|7|1|1|1|7|1|1|1|1|1
58942,6,True,3,12,3,2|6|3|2|3|6|3|3|3|3|6|3|3|3|3
58945,8,False,8,0,8,8|8|8|8|8|8|8|8|8|8|8|8|8|8|8
58949,1,False,1,1,1,1|1|1|1|1|7|1|1|1|1|1|1|1|1|1
58975,6,True,0,4,6,6|6|6|0|0|6|6|6|6|0|0|6|6|6|6
58990,8,False,8,5,8,8|8|8|8|8|3|8|8|8|3|8|3|3|8|3
58991,7,True,8,12,8,8|7|8|8|8|8|8|8|8|8|8|8|8|7|7
58999,6,False,6,9,4,4|4|4|0|4|9|6|6|6|4|4|6|6|6|4
59002,2,False,2,12,0,0|0|8|0|0|8|0|0|2|2|0|6|0|0|2
59089,3,False,3,7,3,2|2|6|2|2|3|3|3|2|3|3|3|3|2|3
59091,9,False,9,15,5,5|5|5|5|5|5|5|5|5|5|5|5|5|5|5
59094,5,False,5,7,5,7|7|5|5|5|7|5|5|7|7|5|5|3|5|7
59118,1,True,8,13,8,1|8|8|0|8|6|8|8|8|8|8|8|1|8|8
59132,9,False,9,14,5,5|5|5|5|5|5|5|5|5|5|5|5|9|5|5
59142,2,False,2,10,-1,4|4|4|2|0|3|2|2|9|4|2|9|0|4|2
59149,4,True,6,3,4,4|6|4|4|4|6|4|4|6|4|4|4|4|4|4
59150,6,True,0,0,6,6|6|6|6|6|6|6|6|6|6|6|6|6|6|6
59151,1,False,1,0,1,1|1|1|1|1|1|1|1|1|1|1|1|1|1|1
59176,0,False,0,9,6,0|0|4|6|0|0|6|6|6|0|6|6|0|6|4
59202,7,True,8,15,8,8|8|8|8|8|8|8|8|8|3|8|8|8|8|8
59206,5,True,9,1,5,9|5|5|5|5|5|5|5|5|5|5|5|5|5|5
59231,9,True,4,14,4,4|4|4|2|4|2|3|4|4|2|4|3|9|4|4
59233,2,False,2,14,0,0|0|4|4|0|0|0|0|0|0|2|0|0|0|0
59256,4,True,6,1,4,4|6|4|4|4|4|4|4|4|4|4|4|4|4|4
59257,6,False,6,11,4,4|6|4|4|4|6|4|4|6|4|4|6|0|4|4
59272,2,False,2,8,-1,0|0|8|2|0|2|2|0|0|2|0|2|2|2|0
59277,3,False,3,7,3,3|0|3|3|3|6|6|3|4|3|3|3|2|6|6
59288,9,True,8,15,8,1|8|8|8|8|3|8|8|8|8|8|8|8|8|8
59294,5,False,5,4,5,3|5|5|5|5|2|5|5|5|5|5|5|5|1|1
59307,6,True,0,7,6,0|6|8|0|0|6|6|4|6|6|0|6|6|6|3
59319,0,False,0,9,6,0|6|6|0|0|6|0|0|6|6|0|6|6|6|6
59336,7,True,5,7,7,7|7|7|6|7|8|5|5|7|7|5|5|7|7|5
59345,0,True,1,15,1,1|1|1|1|1|7|7|1|7|9|7|1|7|1|1
59402,3,False,3,5,3,3|2|6|8|3|3|3|3|3|3|3|3|6|3|2
59411,6,True,0,2,6,6|6|6|0|0|6|6|6|6|6|6|6|6|6|6
59414,9,True,6,15,8,1|0|8|8|8|3|6|5|8|6|8|0|5|8|3
59426,6,False,6,15,0,0|0|4|0|4|0|0|0|0|4|4|0|2|2|0
59455,1,False,1,4,1,1|0|1|1|1|0|0|1|1|1|1|1|0|1|1
59479,1,True,5,11,5,7|2|5|5|1|1|8|5|1|5|5|5|1|3|5
59488,8,False,8,6,8,1|0|8|8|8|1|8|8|1|4|8|8|8|1|8
59494,4,True,6,11,2,4|2|4|8|0|2|4|0|6|4|2|0|2|2|2
59516,7,True,5,11,5,7|5|7|5|5|2|5|5|5|5|5|5|7|5|7
59533,6,True,0,6,6,6|6|6|0|0|6|6|0|6|0|0|6|6|6|0
59536,3,True,2,15,4,6|4|4|4|4|4|4|4|0|0|4|0|4|4|4
59567,5,False,5,9,1,1|7|1|1|1|1|5|1|5|5|5|5|1|1|5
59576,5,True,4,15,4,4|0|4|4|2|4|4|4|8|2|9|2|4|4|4
59582,5,False,5,8,5,1|7|5|7|5|1|7|5|5|5|9|7|7|5|5
59603,0,False,0,5,0,6|0|0|0|0|6|6|0|0|6|0|0|0|6|0
59660,9,True,4,3,9,4|9|4|9|9|9|9|9|9|9|9|9|9|4|9
59682,0,True,1,15,1,1|2|1|3|2|1|1|1|3|7|2|3|1|1|3
59705,6,False,6,15,-1,0|4|4|4|0|2|4|9|9|0|2|0|0|9|4
59715,7,False,7,4,7,7|7|7|2|7|9|7|7|9|7|7|7|9|7|7
59718,2,False,2,13,0,2|0|0|0|0|0|0|0|0|0|0|0|0|2|0
59720,2,True,3,9,3,3|2|3|3|2|3|3|3|2|3|3|3|2|2|2
59724,2,True,5,13,5,2|7|5|5|5|7|5|5|5|2|5|7|7|5|1
59726,5,False,5,7,5,7|5|5|5|5|6|5|7|5|5|7|5|7|2|7
59737,9,True,7,10,7,7|9|7|9|7|7|7|7|7|7|9|7|9|7|9
59762,6,False,6,11,4,4|2|4|4|0|6|4|6|4|4|2|3|6|6|2
59764,9,True,4,8,4,4|4|4|9|9|9|4|4|9|4|9|4|9|4|9
59789,7,False,7,2,7,7|7|7|9|7|9|7|7|7|7|7|7|7|7|7
59806,5,False,5,8,5,1|2|8|5|5|5|1|5|5|5|7|1|3|1|5
59828,5,True,9,0,5,5|5|5|5|5|5|5|5|5|5|5|5|5|5|5
59839,0,True,2,10,-1,2|8|4|2|0|2|0|0|0|6|8|2|2|1|0
59847,7,True,1,9,1,7|1|1|1|1|7|7|1|1|7|7|1|1|1|7
59848,9,True,7,14,7,9|7|7|7|7|7|7|7|5|7|7|7|7|7|7
59853,1,False,1,9,7,1|1|7|1|7|7|7|1|1|7|7|1|7|7|7
59858,9,True,8,15,8,8|8|8|8|8|3|8|3|8|8|8|3|3|8|3
59862,2,True,3,11,3,2|2|3|3|2|3|3|3|3|3|3|3|3|3|2
59864,2,False,2,11,0,0|2|0|0|0|2|0|0|0|2|0|6|0|2|0
59872,7,True,5,8,5,7|7|5|5|5|7|7|5|7|5|5|7|5|5|7
59898,3,False,3,15,4,6|1|4|6|4|6|6|2|6|4|4|2|2|4|4
59924,6,True,0,10,0,0|0|0|0|0|6|6|0|6|0|0|6|0|6|2
59936,0,True,1,14,1,1|1|1|1|1|0|1|1|1|9|1|1|1|1|1
59958,2,False,2,11,0,3|0|0|0|0|8|2|0|2|2|2|0|8|0|0
