index,noisy_label,is_noisy,real_label,mistakes,label_pred,preds
0,9,False,9,13,5,5|5|5|5|5|5|9|5|5|5|9|5|5|5|5
23,8,False,8,2,8,8|8|8|8|8|7|8|8|8|8|8|8|8|8|9
32,6,False,6,15,4,4|4|4|4|4|4|4|4|4|4|4|4|9|4|4
34,0,False,0,13,6,6|0|6|6|6|6|6|6|6|6|2|0|8|6|6
36,5,False,5,5,5,5|5|5|5|5|5|7|2|7|5|5|5|5|7|3
43,5,False,5,10,1,5|5|1|1|1|1|9|5|3|5|1|5|1|1|1
48,0,False,0,11,6,6|6|6|6|6|6|6|6|6|6|0|0|0|0|6
66,6,True,0,1,6,6|6|6|6|6|6|6|6|6|6|6|6|6|0|6
75,9,True,4,9,4,4|4|4|4|9|4|4|4|4|9|9|4|9|9|9
82,7,True,5,6,7,7|5|5|7|7|7|7|5|5|5|7|7|7|7|8
104,6,False,6,14,4,4|4|4|4|4|4|4|4|4|4|6|4|4|4|4
116,5,False,5,8,-1,7|5|5|7|5|7|7|2|5|7|5|5|7|5|7
129,0,True,1,12,1,0|1|1|1|1|0|3|1|1|1|0|1|1|1|1
133,1,True,5,9,5,5|5|1|1|2|5|1|5|2|5|1|5|5|1|1
141,2,True,9,10,9,7|7|9|2|2|5|9|2|7|9|2|2|9|9|9
177,5,False,5,2,5,7|5|5|5|5|5|5|5|5|5|3|5|5|5|5
195,1,False,1,8,0,1|0|1|1|1|1|1|0|0|0|1|0|0|0|0
207,0,False,0,12,6,6|6|6|6|6|6|6|4|6|6|0|0|6|0|6
281,2,False,2,14,0,2|0|0|0|0|0|0|0|0|0|0|0|0|0|0
295,9,False,9,13,5,5|5|5|5|9|5|5|5|5|9|5|5|5|5|8
298,1,False,1,0,1,1|1|1|1|1|1|1|1|1|1|1|1|1|1|1
310,9,True,7,13,7,7|7|7|7|9|7|7|7|7|7|7|7|7|9|7
319,7,False,7,0,7,7|7|7|7|7|7|7|7|7|7|7|7|7|7|7
330,6,True,1,15,1,7|1|1|1|1|7|7|1|1|1|1|1|1|1|1
332,6,True,3,13,3,3|3|2|3|3|3|3|3|6|3|6|3|2|3|3
337,5,True,9,7,5,5|9|7|5|5|9|9|5|7|9|5|5|5|9|5
366,2,True,7,15,7,7|7|7|7|7|7|7|7|7|7|7|7|7|7|7
368,6,False,6,15,4,4|4|4|4|4|4|4|4|4|4|4|4|4|4|4
406,1,True,5,11,7,5|5|1|1|1|7|7|7|2|7|1|7|7|5|3
412,4,False,4,4,4,4|4|4|2|4|4|4|0|4|4|9|4|2|4|4
432,1,False,1,5,1,1|1|1|1|0|0|1|1|1|0|0|1|1|1|0
445,6,True,0,7,6,2|6|1|3|6|6|3|0|6|6|6|0|6|1|6
472,1,True,7,15,7,7|7|7|7|7|7|7|7|9|9|7|7|7|7|7
474,5,True,9,0,5,5|5|5|5|5|5|5|5|5|5|5|5|5|5|5
475,5,False,5,5,5,5|5|5|1|5|5|1|5|5|5|1|5|7|5|1
496,3,False,3,6,3,3|3|2|3|3|3|6|3|2|3|2|2|2|3|3
497,6,True,9,15,5,5|5|5|5|5|5|9|5|5|5|5|5|5|5|5
516,0,False,0,10,6,6|0|6|6|6|6|6|0|0|6|6|6|0|0|6
525,1,False,1,2,1,1|1|1|1|0|1|1|1|0|1|1|1|1|1|1
547,9,True,7,14,7,7|7|4|7|7|7|7|7|9|7|7|7|7|7|7
565,6,True,0,4,6,6|6|6|6|6|0|6|6|4|6|6|6|2|0|6
571,1,True,3,15,2,2|3|2|2|3|0|3|4|4|9|2|2|2|3|6
572,4,True,1,10,0,0|4|1|1|0|0|8|4|4|4|0|4|0|0|1
577,1,True,5,13,5,5|7|1|5|5|5|5|5|5|5|5|1|5|0|3
613,8,False,8,1,8,8|8|8|3|8|8|8|8|8|8|8|8|8|8|8
615,4,False,4,5,4,4|4|4|4|4|4|4|9|4|8|9|4|9|4|9
616,0,True,2,1,0,0|0|0|0|0|0|6|0|0|0|0|0|0|0|0
647,8,False,8,1,8,9|8|8|8|8|8|8|8|8|8|8|8|8|8|8
684,0,True,2,7,0,2|4|4|0|6|0|6|0|0|4|0|0|0|0|4
698,9,True,4,14,2,6|2|2|2|4|6|8|2|2|3|2|6|2|8|9
733,4,False,4,3,4,9|4|4|4|4|4|4|4|4|9|4|4|4|4|9
736,8,False,8,6,8,8|3|8|3|8|8|3|3|3|8|8|8|8|3|8
763,9,True,4,15,4,6|4|4|3|3|4|4|4|4|3|3|3|2|2|6
794,1,True,8,14,8,8|8|8|1|8|8|8|8|4|8|8|8|8|8|8
800,5,True,9,2,5,5|5|5|5|9|5|5|5|5|5|5|5|5|5|9
808,6,True,0,5,6,6|4|6|6|6|6|6|6|6|6|3|6|0|0|3
817,7,True,1,3,7,7|7|1|7|7|7|7|1|7|7|7|7|1|7|7
826,1,False,1,2,1,1|0|1|1|1|1|3|1|1|1|1|1|1|1|1
861,8,True,6,15,4,2|4|2|4|0|4|4|0|4|4|4|4|2|0|9
900,2,False,2,14,0,0|4|4|2|9|0|4|6|0|9|0|0|0|0|0
932,5,True,9,0,5,5|5|5|5|5|5|5|5|5|5|5|5|5|5|5
945,6,False,6,14,4,4|4|4|4|4|4|4|4|4|4|6|4|2|2|4
973,2,False,2,12,0,0|0|0|2|0|0|2|0|6|0|0|0|0|0|2
1003,6,False,6,15,4,4|4|4|4|4|4|4|4|4|4|4|4|0|4|4
1018,9,False,9,14,5,5|5|5|5|5|5|5|5|5|5|9|5|5|5|5
1033,8,False,8,13,3,3|4|8|3|3|3|1|7|3|3|8|3|3|3|0
1037,3,False,3,4,3,3|3|2|3|3|3|3|3|6|3|3|3|2|2|3
1083,1,True,8,8,1,1|8|8|1|1|1|8|1|6|4|8|8|8|1|1
1093,3,False,3,15,4,6|4|2|6|2|6|6|0|4|4|0|4|4|4|6
1096,4,True,6,14,8,3|8|2|6|8|1|2|8|4|6|8|0|8|0|8
1112,4,True,6,5,4,2|4|4|4|6|4|4|4|4|4|6|4|2|4|2
1121,8,False,8,5,8,8|8|2|7|8|7|8|8|8|8|8|8|8|7|7
1123,9,True,7,11,7,7|7|7|5|9|5|7|7|9|5|2|9|5|7|9
1127,5,True,9,0,5,5|5|5|5|5|5|5|5|5|5|5|5|5|5|5
1136,9,True,7,11,7,7|9|7|7|9|7|7|7|9|7|7|9|7|7|7
1141,7,True,1,13,1,1|7|1|1|1|1|1|1|1|1|1|1|1|7|1
1175,4,False,4,3,4,9|4|4|4|9|4|4|4|4|4|9|4|4|4|4
1200,5,True,6,15,6,6|6|6|0|3|0|6|6|6|6|6|6|6|6|6
1207,9,True,4,10,4,4|2|4|2|9|9|9|4|4|4|9|4|3|4|9
1214,6,True,2,13,-1,7|5|8|7|3|6|5|7|4|3|6|5|3|5|3
1252,2,False,2,11,4,2|4|4|9|0|0|3|4|4|2|3|2|2|9|4
1266,4,True,6,15,6,3|3|6|6|6|6|6|0|0|3|0|0|0|6|7
1269,3,True,5,14,5,7|5|5|5|3|5|5|5|5|7|5|5|5|5|5
1311,6,True,0,3,6,6|0|6|6|6|6|0|6|6|6|6|0|6|6|6
1314,5,False,5,7,5,3|5|5|5|3|8|1|1|5|5|7|5|5|5|7
1329,6,True,0,3,6,6|6|6|6|0|6|6|6|6|6|6|6|0|0|6
1340,9,True,4,14,4,4|4|4|4|4|4|4|0|4|9|2|4|4|8|4
1373,4,True,6,4,4,3|4|4|4|4|9|4|4|6|4|4|4|4|4|2
1385,5,True,9,3,5,7|5|5|5|5|5|5|5|5|5|5|9|5|5|2
1387,1,False,1,1,1,1|1|1|1|1|1|1|1|4|1|1|1|1|1|1
1424,6,True,0,1,6,6|6|6|6|6|6|6|6|6|6|6|6|0|6|6
1440,6,True,2,12,2,0|6|2|2|6|1|2|2|0|4|2|4|3|6|0
1441,7,False,7,2,7,7|7|7|7|7|9|7|7|7|9|7|7|7|7|7
1465,2,True,9,14,5,9|9|5|5|5|5|9|5|5|9|9|5|2|5|9
1478,9,True,7,15,7,7|7|7|7|7|7|7|7|7|3|7|7|7|5|7
1484,9,True,4,15,2,2|2|2|2|2|4|6|0|4|0|3|5|2|4|0
1493,2,True,3,11,3,3|3|4|2|3|6|3|3|2|9|2|3|4|3|2
1494,4,True,6,14,2,3|3|2|2|2|6|6|0|4|9|2|8|0|2|3
1508,0,True,1,12,1,1|1|1|1|1|0|1|1|6|7|1|0|1|1|0
1519,2,True,9,14,9,9|7|9|7|9|7|9|9|9|9|9|2|9|9|9
1523,8,False,8,3,8,3|8|8|3|8|8|8|8|8|8|8|8|3|8|8
1555,5,True,9,2,5,5|5|5|5|5|5|9|5|5|5|5|5|5|9|5
1576,5,True,9,1,5,5|5|5|5|5|9|5|5|5|5|5|5|5|5|5
1577,9,True,4,13,4,4|4|4|4|9|4|4|4|4|4|4|4|4|4|9
1594,0,True,2,14,4,8|8|8|2|3|4|4|0|4|2|4|8|8|4|4
1625,1,False,1,6,1,1|0|1|1|1|6|1|3|1|2|1|1|7|3|1
1636,3,False,3,6,3,3|3|6|6|3|3|6|3|6|3|3|3|2|3|2
1659,9,False,9,15,5,5|5|5|5|5|5|5|5|5|5|5|5|5|5|5
1668,5,True,9,3,5,5|5|5|5|5|9|9|5|5|5|5|5|5|5|9
1692,2,True,5,15,5,7|5|7|7|5|5|5|5|5|5|7|5|5|7|5
1707,7,True,0,15,6,3|6|6|0|6|6|6|0|0|0|6|3|0|0|6
1716,7,True,1,15,1,2|1|1|1|1|0|1|1|0|0|1|1|1|1|0
1726,5,True,9,0,5,5|5|5|5|5|5|5|5|5|5|5|5|5|5|5
1735,9,True,7,13,5,5|5|5|2|7|7|9|7|9|2|5|1|5|8|1
1742,1,True,8,15,8,8|7|8|7|8|8|8|8|8|8|8|8|8|8|8
1763,9,True,8,15,8,8|8|8|8|8|8|8|8|8|8|8|8|8|8|8
1766,3,False,3,4,3,3|3|2|3|3|3|3|1|2|3|3|3|2|3|3
1771,2,True,5,15,5,3|3|5|5|5|5|5|5|5|5|7|5|5|1|1
1780,9,True,4,15,6,6|3|4|6|3|8|6|6|6|3|3|6|2|4|6
1819,2,True,9,14,5,5|5|5|5|5|5|5|5|5|9|5|2|5|5|9
1828,9,True,4,10,4,4|4|4|4|9|4|4|4|4|9|9|4|9|4|9
1832,7,True,5,11,5,5|5|5|7|5|5|7|5|5|7|5|5|5|5|7
1848,7,True,5,12,5,3|0|5|5|5|7|9|5|5|3|5|5|5|7|7
1871,0,True,1,9,1,1|1|1|1|1|1|1|1|0|0|1|0|0|0|0
1874,8,False,8,2,8,8|8|8|8|8|8|8|8|1|8|8|3|8|8|8
1875,8,False,8,5,8,3|8|8|3|3|3|8|8|8|8|8|3|8|8|8
1897,0,False,0,12,6,6|0|6|6|6|6|6|6|6|6|6|0|6|0|6
1900,4,True,5,14,5,5|5|5|2|3|7|5|1|4|5|7|5|5|5|7
1917,4,False,4,9,9,9|4|4|9|9|4|9|4|4|9|9|4|9|9|9
1934,4,False,4,2,4,4|4|4|9|4|9|4|4|4|4|4|4|4|4|4
1935,4,True,6,11,0,2|0|0|4|6|4|8|0|4|4|6|0|0|2|6
1942,6,True,0,2,6,6|6|6|6|6|6|6|6|6|6|6|6|0|0|6
1953,0,True,2,7,0,2|4|4|0|6|0|0|0|0|6|0|4|0|0|2
2002,1,False,1,3,1,1|1|1|1|1|7|7|1|1|1|1|7|1|1|1
2016,6,True,2,10,6,6|4|4|1|6|4|2|0|6|9|2|6|2|4|6
2048,4,False,4,9,9,4|4|4|9|9|9|9|9|4|4|9|4|9|9|9
2056,9,False,9,13,5,5|5|5|5|5|5|9|5|5|5|5|5|5|5|9
2057,5,False,5,7,5,7|8|1|5|5|7|5|2|2|5|5|5|5|5|1
2063,3,True,8,15,8,8|8|8|8|8|8|8|8|8|7|8|8|7|8|8
2070,6,True,0,6,6,3|3|6|6|4|6|6|0|6|6|6|4|0|6|6
2105,0,False,0,12,6,0|6|6|6|0|6|6|2|6|3|2|6|2|6|0
2115,4,True,6,9,4,4|4|2|2|2|6|3|0|4|4|0|4|2|4|6
2119,9,False,9,13,5,5|5|9|5|5|5|5|5|9|5|5|5|5|5|6
2120,4,False,4,7,4,4|4|4|9|9|4|9|4|4|3|9|9|2|4|4
2122,4,True,6,12,6,3|6|6|6|6|6|3|4|4|6|6|6|6|9|4
2124,1,False,1,13,7,2|7|7|6|2|0|7|3|1|3|7|6|0|0|1
2130,2,True,7,15,7,3|7|7|7|3|7|7|7|7|7|7|7|7|7|7
2134,3,True,5,15,5,7|5|7|7|5|5|5|5|2|5|7|5|5|7|7
2151,7,True,5,5,7,7|0|7|7|5|7|7|5|7|5|7|7|7|5|7
2173,6,True,2,15,4,4|4|4|9|9|9|9|4|4|4|9|4|9|4|9
2175,2,False,2,13,0,2|0|4|4|0|0|9|4|0|0|0|4|2|0|0
2178,5,False,5,7,5,5|5|5|7|2|7|7|5|5|5|7|7|5|5|2
2185,7,False,7,2,7,7|7|7|7|7|7|1|7|9|7|7|7|7|7|7
2207,7,True,8,15,8,8|8|8|8|8|8|8|8|8|8|8|8|8|8|8
2246,2,False,2,11,0,2|2|0|2|0|0|6|0|4|2|0|8|8|0|4
2261,6,True,9,15,5,5|5|5|5|5|5|5|5|5|5|5|5|5|5|5
2317,3,True,7,14,7,7|7|3|7|7|8|7|7|7|7|7|5|5|7|7
2336,2,True,3,3,2,2|3|2|2|2|3|3|2|2|2|2|2|2|2|2
2338,9,False,9,15,5,5|5|5|5|5|5|5|5|5|5|5|5|5|5|5
2346,3,True,5,15,5,5|5|5|5|5|5|5|1|5|5|5|5|5|5|5
2372,6,True,0,15,8,8|8|8|8|8|8|8|8|8|8|3|8|8|8|8
2391,4,False,4,1,4,9|4|4|4|4|4|4|4|4|4|4|4|4|4|4
2449,9,False,9,12,5,6|5|9|5|5|5|9|5|9|5|5|5|5|5|5
2455,9,True,8,15,8,8|8|8|8|8|8|8|8|3|8|8|8|8|8|8
2459,6,True,0,5,6,6|0|6|6|6|0|6|6|6|6|6|6|0|0|0
2468,9,True,6,15,3,3|6|7|3|5|3|3|3|6|3|8|3|3|0|6
2478,2,True,3,8,3,2|3|3|2|3|3|3|3|2|3|2|3|2|2|2
2499,2,True,3,13,3,3|3|3|3|3|3|3|3|6|3|2|3|2|3|3
2508,7,False,7,13,1,5|8|1|7|5|5|8|7|8|1|1|8|5|1|1
2546,9,False,9,10,2,7|7|9|2|2|9|9|2|2|2|2|2|2|9|9
2562,0,True,2,15,6,2|3|2|6|3|4|3|1|6|4|6|6|2|8|4
2591,5,False,5,5,5,7|5|5|7|5|5|7|5|5|5|5|2|5|5|7
2621,6,True,0,6,6,6|0|6|0|6|6|6|6|6|0|6|6|0|0|0
2626,2,True,3,13,3,3|4|3|3|1|3|3|3|4|3|6|6|2|3|2
2636,1,False,1,3,1,1|1|1|1|1|0|1|1|1|0|1|0|1|1|1
2640,4,False,4,10,9,2|4|4|9|9|9|9|2|4|9|4|9|0|4|9
2641,2,True,7,15,7,7|7|7|7|7|7|7|7|7|7|7|7|7|7|7
2659,3,True,8,15,8,8|8|8|8|8|8|8|8|8|8|8|8|8|8|8
2661,6,True,3,15,8,8|8|4|3|3|9|9|3|4|8|3|8|8|8|9
2667,5,True,9,3,5,5|5|5|5|9|5|5|5|5|5|9|5|5|5|9
2682,0,True,1,13,-1,3|4|2|2|6|0|9|0|4|3|2|4|2|3|3
2685,9,True,4,15,4,2|4|4|6|6|6|4|4|4|0|4|4|4|4|4
2720,0,True,1,7,0,1|6|1|0|1|0|3|4|0|0|1|0|0|0|0
2729,6,False,6,10,4,6|4|4|4|6|4|6|4|4|6|6|4|4|4|4
2735,5,False,5,14,2,7|8|2|2|2|8|7|7|2|2|2|2|2|5|2
2753,0,False,0,13,6,3|3|4|6|2|2|0|1|4|0|6|6|8|6|7
2779,0,True,1,8,1,0|1|1|1|1|0|1|1|0|0|1|0|0|1|0
2868,9,True,7,13,7,7|7|7|2|7|7|7|7|7|9|7|7|9|7|7
2890,5,True,9,4,5,2|5|5|5|5|5|9|5|5|2|5|5|9|5|5
2915,5,False,5,13,7,5|7|7|8|2|7|9|2|5|2|7|7|7|7|7
2944,6,True,0,2,6,6|6|6|0|6|6|6|6|6|6|6|6|6|0|6
2945,9,True,4,14,4,4|4|4|4|4|4|4|4|9|4|4|4|4|4|4
2956,7,True,5,10,5,7|7|7|7|5|5|5|7|9|5|1|2|5|5|5
2965,0,True,2,15,2,2|8|8|2|2|6|4|7|6|2|2|6|8|2|2
2968,9,False,9,14,5,5|5|5|5|9|5|5|5|5|5|5|5|5|5|5
2985,4,True,6,13,6,6|0|4|6|6|6|6|6|6|6|6|6|0|0|4
3000,4,True,6,1,4,6|4|4|4|4|4|4|4|4|4|4|4|4|4|4
3009,0,False,0,3,0,0|0|0|0|0|0|6|0|0|6|0|0|0|0|2
3043,4,True,6,14,8,8|8|4|8|8|8|8|8|8|8|8|8|8|8|9
3066,1,False,1,3,1,1|1|1|1|1|1|1|7|7|1|1|1|1|1|7
3067,2,True,3,11,3,3|3|4|2|3|3|9|2|4|2|3|4|2|3|9
3079,6,True,0,4,6,6|0|6|6|6|0|6|6|6|6|0|6|0|6|6
3087,5,True,6,15,6,6|6|6|6|0|0|6|0|6|0|6|6|0|2|0
3133,0,True,1,7,0,0|1|1|0|1|0|1|0|0|0|1|0|0|1|1
3136,4,True,1,15,1,1|1|1|1|1|0|1|1|0|1|1|0|1|1|1
3140,3,True,2,15,2,4|8|2|9|6|8|2|2|6|0|7|0|2|0|4
3147,4,True,1,15,1,1|1|1|1|1|7|1|1|1|7|1|1|1|1|1
3155,6,True,0,13,0,3|0|0|2|2|0|0|0|6|0|6|0|0|0|2
3157,6,False,6,14,4,3|4|4|4|4|4|4|4|4|4|4|4|4|4|6
3161,9,False,9,9,-1,7|7|7|7|5|5|9|7|9|9|7|9|5|9|9
3168,9,True,4,14,4,2|4|4|4|5|4|9|7|4|4|2|8|8|4|8
3177,3,False,3,4,3,3|3|3|2|3|3|3|3|2|3|1|3|2|3|3
3179,7,False,7,1,7,7|7|7|7|7|7|9|7|7|7|7|7|7|7|7
3210,8,True,5,15,-1,7|5|3|5|5|5|7|7|3|3|7|7|7|5|5
3226,2,False,2,13,9,4|4|4|9|6|6|9|9|6|9|2|9|2|6|9
3229,6,True,3,14,3,3|3|7|3|3|3|3|1|6|3|2|2|3|3|3
3231,7,True,5,10,-1,7|5|5|2|5|2|2|7|3|5|2|5|7|7|7
3249,0,True,2,10,-1,8|8|0|0|2|0|0|2|4|2|8|4|2|2|0
3265,8,True,2,15,0,0|0|0|0|0|0|6|0|0|0|0|0|0|0|0
3267,4,True,6,5,4,6|3|4|2|4|4|4|4|4|4|6|4|6|4|4
3304,9,False,9,11,7,7|7|7|1|1|9|9|5|7|2|7|9|5|2|9
3315,8,False,8,3,8,8|8|8|8|8|7|8|8|8|7|8|8|8|8|7
3335,3,False,3,8,3,6|3|6|2|3|6|3|0|6|3|6|3|6|3|3
3337,7,False,7,15,5,5|5|5|5|5|5|9|5|5|5|5|5|5|5|9
3339,4,False,4,1,4,9|4|4|4|4|4|4|4|4|4|4|4|4|4|4
3366,6,False,6,13,4,2|4|4|4|6|6|7|4|4|4|0|0|4|0|4
3369,1,False,1,0,1,1|1|1|1|1|1|1|1|1|1|1|1|1|1|1
3374,2,False,2,15,8,4|3|8|8|3|8|8|8|6|3|0|4|8|4|6
3394,1,False,1,6,1,1|1|1|1|1|0|1|1|0|0|1|0|0|1|0
3436,6,True,1,15,1,1|1|1|1|1|7|1|1|1|7|1|1|1|1|1
3443,3,True,8,12,8,8|8|8|8|3|8|8|8|3|8|8|8|8|3|8
3447,2,True,6,13,6,4|4|4|2|6|6|6|6|6|6|6|6|2|4|4
3457,3,True,8,10,8,8|3|8|3|8|3|6|3|8|3|6|6|8|6|8
3463,9,True,8,14,8,8|7|8|7|8|5|9|3|8|8|8|7|8|1|3
3472,6,True,0,2,6,6|6|6|6|6|6|6|6|6|6|6|6|0|0|6
3489,6,True,3,14,3,3|3|2|6|3|3|3|3|3|3|3|3|3|3|3
3520,5,True,9,1,5,5|5|5|5|5|5|9|5|5|5|5|5|5|5|5
3521,1,False,1,1,1,1|1|1|1|1|1|1|1|4|1|1|1|1|1|1
3524,6,True,0,8,6,6|6|4|6|6|6|8|4|6|4|6|4|0|9|0
3543,0,False,0,12,6,6|8|6|6|4|6|6|6|6|0|6|6|0|0|6
3551,2,True,5,14,7,3|4|1|7|3|7|3|8|6|8|7|7|7|2|7
3558,0,True,2,10,4,2|4|4|0|4|4|4|4|4|2|2|0|0|0|0
3598,2,False,2,15,4,4|4|4|4|9|4|9|4|4|4|4|4|4|9|9
3616,0,True,1,9,1,1|1|1|0|1|1|1|1|0|0|0|0|1|0|1
3631,9,False,9,12,7,5|7|7|5|5|7|7|7|5|5|7|9|7|9|9
3639,4,True,6,13,2,0|2|4|2|6|2|6|4|8|8|9|2|2|2|2
3644,0,False,0,10,6,6|0|4|0|6|6|6|7|4|0|6|6|0|8|0
3686,6,True,0,2,6,6|6|6|6|6|6|6|6|6|6|6|6|0|0|6
3693,6,True,1,15,1,1|1|1|1|1|1|1|1|1|1|1|1|1|1|7
3730,0,True,2,9,0,2|4|2|0|2|0|6|4|0|0|0|0|2|4|2
3744,7,True,8,14,8,8|8|8|8|8|8|8|8|7|8|8|8|8|8|3
3754,9,True,4,14,4,4|3|4|2|4|4|3|4|4|3|3|4|3|3|9
3756,0,True,2,2,0,2|0|0|2|0|0|0|0|0|0|0|0|0|0|0
3758,1,True,5,14,5,5|5|5|5|5|8|7|5|5|5|5|5|5|1|5
3767,0,False,0,10,6,0|6|6|0|6|6|6|6|6|6|6|6|0|0|0
3769,9,True,7,15,7,7|5|7|2|7|7|7|7|7|7|7|7|5|7|7
3777,0,False,0,11,6,6|0|6|6|6|6|6|6|6|6|6|0|0|0|6
3778,3,False,3,7,3,3|3|3|2|2|3|2|3|8|0|2|3|2|3|3
3793,0,True,2,4,0,2|0|4|2|0|0|0|0|0|0|0|2|0|0|0
3799,7,True,1,15,1,1|1|1|1|1|1|1|1|4|1|1|0|1|1|1
3806,4,True,6,7,4,4|4|4|4|5|4|2|3|4|4|6|8|2|4|6
3832,6,True,0,6,6,0|0|6|6|6|0|6|6|6|0|6|0|0|6|6
3843,9,True,7,8,7,7|7|9|7|7|7|9|9|9|9|7|7|9|7|9
3853,0,True,2,9,0,0|2|8|0|8|0|0|2|7|0|2|2|8|0|8
3869,6,True,3,14,3,3|3|2|2|3|3|3|3|3|3|6|2|2|2|3
3905,0,True,1,8,1,0|1|1|0|1|0|1|1|0|0|1|0|0|1|1
3921,9,False,9,12,5,5|5|5|9|5|5|5|5|5|2|9|5|5|5|9
3933,5,False,5,7,5,5|5|1|1|1|5|1|5|5|5|1|1|5|5|1
3945,6,False,6,10,6,3|4|6|4|3|6|3|6|4|2|0|4|6|3|6
3960,9,True,7,15,7,7|7|7|3|3|7|7|7|7|8|7|3|5|7|7
3997,9,False,9,6,9,2|9|9|2|5|5|9|2|9|9|2|9|9|9|9
4009,2,False,2,13,0,2|4|0|0|0|0|0|4|0|0|0|0|0|0|2
4024,9,True,4,14,4,4|4|4|9|4|4|4|4|4|4|4|4|4|4|4
4053,1,False,1,5,1,0|1|1|1|1|0|1|1|0|0|1|1|1|1|0
4063,9,False,9,14,5,5|5|5|5|9|5|5|5|5|5|5|5|5|5|5
4082,0,True,1,14,1,1|1|1|1|1|1|1|1|4|0|1|1|1|1|1
4083,9,True,4,1,9,9|4|9|9|9|9|9|9|9|9|9|9|9|9|9
4122,9,True,7,12,7,7|7|7|7|9|7|9|7|7|7|7|7|5|8|9
4129,6,True,0,6,6,6|6|6|6|6|0|6|6|6|0|6|0|0|0|0
4140,5,False,5,5,5,5|5|1|5|2|5|5|1|4|5|5|1|5|5|5
4161,1,False,1,7,1,1|1|7|7|3|6|7|7|1|1|1|3|1|1|1
4173,9,True,7,15,7,7|7|7|7|7|2|7|7|7|7|7|7|7|7|7
4181,3,True,5,14,5,3|5|5|5|5|5|7|7|2|5|7|5|5|1|1
4183,3,True,7,14,7,3|7|7|2|7|7|7|7|7|7|7|7|7|7|7
4207,8,False,8,0,8,8|8|8|8|8|8|8|8|8|8|8|8|8|8|8
4228,0,True,2,9,0,2|2|4|2|0|4|9|2|0|4|0|0|0|4|0
4252,4,False,4,3,4,4|4|4|0|4|4|4|4|4|9|4|4|4|4|9
4262,7,True,1,12,1,7|1|1|1|1|0|1|1|1|7|7|6|1|1|1
4284,1,False,1,13,-1,2|4|1|0|2|6|2|7|6|7|6|1|3|4|0
4285,3,True,5,10,5,7|5|3|5|3|8|5|5|3|5|1|1|3|3|5
4294,2,True,6,15,6,6|4|6|6|6|6|6|6|6|4|6|6|4|6|6
4338,4,True,6,1,4,6|4|4|4|4|4|4|4|4|4|4|4|4|4|4
4339,1,True,5,14,7,7|7|8|5|8|7|7|3|5|5|3|7|2|1|8
4362,1,False,1,1,1,1|1|1|1|1|1|1|1|1|7|1|1|1|1|1
4378,7,False,7,1,7,7|7|7|7|7|7|7|7|7|9|7|7|7|7|7
4390,0,False,0,11,6,6|0|6|6|6|6|6|6|6|0|6|0|6|0|6
4424,0,False,0,12,2,2|2|0|3|8|8|2|2|6|0|2|2|0|8|2
4430,6,False,6,14,2,2|3|8|2|0|4|4|2|4|2|6|4|0|0|2
4452,8,False,8,0,8,8|8|8|8|8|8|8|8|8|8|8|8|8|8|8
4457,7,False,7,2,7,3|7|7|7|7|7|7|7|4|7|7|7|7|7|7
4470,5,False,5,7,5,3|5|7|5|3|5|7|5|4|5|5|7|5|5|3
4481,2,True,3,7,2,3|3|2|2|2|3|3|2|2|3|3|3|2|2|2
4483,6,False,6,12,4,2|4|4|6|4|4|4|4|6|4|6|4|2|4|4
4495,9,True,8,15,8,8|8|8|8|8|8|8|8|8|8|8|8|8|8|8
4500,6,True,2,10,6,6|4|4|2|6|6|2|4|4|3|2|6|2|3|6
4502,3,True,5,14,5,3|5|5|7|5|5|7|5|5|5|1|7|5|5|5
4503,7,True,5,10,5,7|5|7|7|5|7|3|5|1|7|3|5|5|5|5
4509,0,True,2,5,0,2|4|0|0|0|6|0|0|0|2|0|0|2|0|0
4562,2,True,9,15,5,5|5|5|9|5|5|5|5|5|5|9|5|5|5|5
4563,4,False,4,7,4,4|4|4|9|9|9|9|4|9|9|4|4|4|4|9
4564,2,True,5,10,2,3|7|7|7|2|2|7|2|4|8|5|2|5|5|2
4589,4,False,4,7,4,4|4|4|9|3|3|9|4|9|4|9|4|4|2|4
4590,2,True,3,13,3,3|3|2|3|2|4|3|3|3|3|3|3|3|3|0
4595,9,True,4,10,4,4|4|4|9|4|4|9|4|4|9|9|4|4|4|9
4617,1,False,1,3,1,7|1|1|1|1|7|7|1|1|1|1|1|1|1|1
4636,6,True,3,13,3,4|1|2|7|3|6|3|3|3|3|3|3|2|3|6
4639,3,False,3,7,3,3|3|3|2|3|3|2|3|3|2|6|2|2|3|0
4646,6,True,3,13,3,3|3|7|3|3|3|3|3|6|3|3|6|2|3|3
4651,0,True,2,8,0,2|2|2|2|0|0|4|2|2|0|0|0|0|8|0
4661,9,False,9,15,5,5|5|5|5|5|5|5|5|5|5|5|5|5|5|5
4678,0,True,2,4,0,2|2|0|2|2|0|0|0|0|0|0|0|0|0|0
4695,6,True,0,6,6,6|6|6|6|0|6|0|6|6|6|0|6|0|0|0
4702,6,False,6,12,4,1|4|6|4|0|0|9|6|8|4|8|6|0|4|4
4711,5,True,9,0,5,5|5|5|5|5|5|5|5|5|5|5|5|5|5|5
4723,2,True,7,14,7,7|7|7|7|7|7|7|7|7|7|7|2|7|7|7
4725,2,True,7,13,7,7|7|7|2|7|7|7|7|7|7|7|2|7|7|7
4730,6,True,3,15,3,3|3|2|2|3|3|3|3|3|3|3|2|2|3|3
4744,3,True,2,11,4,3|4|4|2|3|6|4|3|4|4|0|3|4|8|6
4760,3,True,7,15,7,7|7|7|7|7|7|9|7|7|7|7|7|7|7|9
4769,1,False,1,5,1,1|1|1|1|1|0|1|1|0|0|1|0|1|0|1
4791,4,False,4,10,4,3|4|4|0|0|4|1|1|4|6|2|5|4|3|0
4802,9,False,9,12,5,7|0|5|5|5|9|5|5|5|5|2|8|5|9|9
4806,7,True,8,15,8,8|8|8|8|8|8|1|8|8|0|8|8|8|8|8
4807,4,False,4,6,4,4|4|4|9|4|4|9|4|4|9|0|4|9|4|9
4811,3,False,3,13,2,3|2|2|2|2|3|2|2|2|2|2|2|2|2|2
4848,4,True,6,14,8,8|8|8|1|8|8|3|8|8|4|8|8|8|2|1
4850,0,True,1,14,1,1|1|1|1|1|1|1|1|1|1|1|0|1|1|1
4869,8,False,8,2,8,3|8|8|8|8|8|8|8|3|8|8|8|8|8|8
4885,9,False,9,13,5,7|5|5|5|5|5|9|5|5|7|5|5|5|5|9
4895,6,True,3,13,-1,3|3|4|2|3|2|6|2|3|3|3|2|2|2|6
4897,5,True,9,5,5,7|5|5|7|5|5|9|5|5|2|5|7|5|5|5
4925,7,False,7,3,7,7|7|7|9|8|7|7|7|7|7|7|3|7|7|7
4931,1,True,5,13,5,3|5|5|5|3|6|1|5|4|1|5|5|5|5|5
4932,0,False,0,10,6,6|6|6|0|6|0|6|6|6|6|0|0|6|6|0
4947,0,False,0,13,6,6|0|6|6|6|6|6|6|6|6|6|6|0|6|6
4952,6,False,6,3,6,6|6|6|2|6|6|6|6|4|6|6|6|6|0|6
4966,3,True,2,15,9,4|4|4|4|9|9|9|4|9|9|9|9|4|4|9
4973,9,True,4,10,4,4|4|4|9|9|4|9|0|4|2|4|0|9|4|9
4978,8,True,3,15,3,3|3|6|3|3|6|1|7|6|3|6|3|2|3|2
5010,0,False,0,14,6,3|5|7|7|3|8|6|6|6|8|6|6|3|0|8
5017,1,True,3,15,6,6|3|7|3|3|6|6|6|6|9|2|6|8|0|0
5028,6,True,0,4,6,3|6|6|6|0|6|6|6|6|0|6|6|2|6|6
5059,6,True,0,15,8,1|4|9|8|3|8|8|3|4|8|3|8|8|8|0
5075,3,False,3,4,3,6|3|2|3|6|3|3|3|3|6|3|3|3|3|3
5079,2,True,5,15,5,7|5|7|5|5|5|5|7|5|5|7|5|5|5|8
5091,8,True,7,15,7,5|7|5|7|5|9|9|5|7|7|7|7|5|9|9
5115,5,True,9,1,5,5|5|5|5|5|5|9|5|5|5|5|5|5|5|5
5134,5,False,5,8,5,7|8|5|8|2|7|5|5|5|5|7|5|5|7|7
5161,2,False,2,15,4,3|4|4|4|4|9|9|4|4|9|9|4|9|4|9
5165,6,False,6,2,6,6|6|6|6|6|6|6|6|6|6|6|6|0|6|0
5169,5,True,9,4,5,7|5|5|2|5|5|9|5|5|5|5|5|5|5|7
5171,9,True,4,14,-1,2|4|4|0|0|0|9|4|0|0|2|4|4|0|4
5199,2,True,3,14,6,3|6|6|4|3|6|3|6|6|6|3|6|2|6|6
5255,9,True,4,9,4,9|4|4|4|9|4|9|4|4|9|4|4|9|4|9
5259,2,True,3,10,3,3|3|6|2|2|3|3|3|3|3|2|3|2|2|3
5287,3,True,8,13,8,3|3|8|8|8|8|8|8|8|8|8|8|8|8|8
5290,0,False,0,14,6,6|3|6|6|6|6|6|4|6|6|6|6|0|6|6
5315,5,False,5,15,7,7|7|7|7|3|7|1|9|9|7|7|7|7|1|9
5338,9,True,7,15,7,7|7|7|7|7|7|7|7|7|7|7|7|7|7|7
5356,7,True,1,8,1,7|1|1|1|1|1|7|1|7|7|7|1|1|7|7
5422,3,False,3,6,3,3|3|3|2|3|3|2|3|2|3|2|3|2|3|2
5425,6,False,6,12,4,3|4|4|4|6|4|4|4|4|6|0|4|4|4|6
5448,2,True,3,4,2,3|3|7|2|2|2|3|2|2|2|2|2|2|2|2
5449,6,True,2,15,4,4|4|4|2|4|4|9|4|4|9|4|9|9|4|9
5450,0,True,1,14,1,1|1|1|1|1|1|1|1|0|1|1|1|1|1|1
5460,7,True,8,13,8,8|8|8|8|8|8|8|8|8|8|8|4|8|7|7
5470,4,False,4,4,4,4|4|4|2|4|4|4|4|6|9|9|4|4|4|4
5496,9,True,4,10,4,4|4|4|4|9|4|4|4|4|9|9|9|4|4|9
5512,6,True,1,14,3,3|3|7|2|2|6|1|2|3|3|3|3|2|3|2
5540,7,True,8,13,8,7|8|8|8|8|7|8|8|8|8|8|8|8|8|8
5576,9,True,3,15,3,3|8|1|2|3|3|3|3|6|3|2|3|2|3|3
5580,3,False,3,6,3,3|3|7|2|6|6|3|6|3|3|3|3|2|3|3
5627,8,False,8,0,8,8|8|8|8|8|8|8|8|8|8|8|8|8|8|8
5660,2,True,5,15,5,5|5|5|5|5|1|1|5|5|5|5|5|5|1|5
5665,3,True,5,15,-1,7|7|1|5|9|5|7|1|5|5|1|7|7|5|1
5687,6,True,2,15,-1,4|4|4|2|4|9|9|9|4|9|9|4|9|4|9
5711,5,False,5,4,5,3|5|5|5|5|3|5|5|5|5|1|5|5|5|2
5716,0,True,2,7,0,0|2|2|0|2|0|6|2|0|0|2|0|2|0|0
5717,0,True,2,6,0,2|0|4|0|2|2|2|0|4|0|0|0|0|0|0
5721,2,True,7,15,7,7|7|7|7|7|7|7|7|4|7|7|7|7|7|9
5728,6,True,0,2,6,6|6|6|6|6|6|6|6|6|6|6|6|0|0|6
5753,0,True,3,15,3,3|3|3|3|3|3|3|3|3|3|7|3|2|3|9
5755,9,True,4,11,4,9|4|4|4|9|9|4|4|4|9|4|4|4|4|4
5781,3,True,5,12,5,3|3|7|5|3|5|1|5|1|5|5|1|5|1|5
5789,1,True,5,13,5,5|7|1|1|2|5|7|5|5|5|5|5|7|5|5
5796,1,True,5,15,7,7|5|5|7|5|7|5|7|7|7|5|7|5|7|7
5801,7,True,1,7,7,7|1|1|1|7|7|7|1|7|7|7|7|1|1|1
5807,1,False,1,2,1,1|1|1|1|1|1|1|1|4|1|1|4|1|1|1
5812,6,True,0,4,6,6|6|6|6|6|6|6|6|6|0|6|0|0|0|6
5813,1,False,1,9,0,2|1|1|0|1|0|1|4|0|1|0|0|0|0|1
5835,4,True,6,1,4,6|4|4|4|4|4|4|4|4|4|4|4|4|4|4
5837,2,False,2,13,4,3|4|4|4|4|3|9|9|2|9|2|4|9|4|3
5843,2,False,2,9,0,2|2|2|0|0|2|4|0|0|2|0|0|2|0|0
5846,4,True,7,15,7,7|7|7|7|7|7|7|7|7|7|7|7|7|7|7
5877,3,False,3,5,3,3|3|7|3|3|3|3|3|6|3|6|6|2|3|3
5893,9,True,8,15,8,2|8|8|8|2|3|8|8|3|8|8|8|5|7|8
5921,8,False,8,1,8,8|8|8|8|8|8|8|8|3|8|8|8|8|8|8
5938,7,False,7,12,5,7|5|7|7|3|5|9|5|5|2|9|5|5|5|9
5948,9,True,4,7,9,4|4|4|9|9|4|9|4|9|9|9|4|9|4|9
5966,7,False,7,2,7,7|7|7|1|9|7|7|7|7|7|7|7|7|7|7
5987,7,True,8,12,8,3|8|8|8|8|7|8|8|8|8|8|8|8|7|7
5988,2,False,2,13,0,2|4|0|0|2|0|0|0|0|0|0|0|0|0|0
5991,0,False,0,12,6,6|3|6|6|3|6|6|6|6|6|6|0|0|0|6
5994,6,True,0,2,6,6|6|6|6|6|6|6|6|6|6|6|6|6|0|0
5995,1,True,5,11,5,5|1|1|5|3|5|1|7|3|5|1|7|5|5|7
5998,7,False,7,2,7,7|7|7|7|7|4|7|7|4|7|7|7|7|7|7
5999,6,True,0,2,6,6|6|6|6|6|6|6|6|6|0|6|6|6|0|6
6010,8,True,1,15,1,0|1|1|1|1|1|1|1|1|0|1|0|0|1|0
6039,9,True,4,6,9,9|4|4|4|9|9|9|4|9|9|9|4|9|4|9
6047,4,True,6,9,4,2|4|4|4|9|0|2|4|2|2|0|0|2|4|4
6076,9,False,9,14,5,5|5|5|5|5|5|9|5|5|5|5|5|5|5|5
6080,9,True,8,15,8,3|2|8|8|8|8|3|3|8|3|8|8|3|6|3
6087,2,False,2,10,2,3|4|4|2|2|3|9|4|2|6|9|8|2|4|2
6099,5,True,8,15,8,8|8|8|8|8|3|8|8|3|8|8|8|8|3|8
6134,4,False,4,7,4,9|4|4|9|9|9|9|4|4|9|4|4|4|4|9
6137,7,False,7,7,7,5|7|9|7|5|7|9|9|7|9|7|7|7|9|7
6157,3,True,2,14,4,4|4|2|2|3|0|0|4|4|2|2|0|4|4|2
6176,5,True,9,11,2,2|5|2|2|5|5|9|5|8|9|2|2|2|9|2
6207,0,False,0,14,6,8|6|6|3|6|6|3|6|6|6|8|0|8|5|6
6232,7,True,5,15,5,1|5|5|1|2|5|1|1|5|5|5|5|5|5|3
6250,5,False,5,9,-1,3|5|7|7|5|5|1|7|4|7|7|5|5|5|7
6252,4,False,4,4,4,9|4|4|4|4|9|4|4|4|4|9|4|4|4|9
6263,3,False,3,11,4,3|4|4|3|3|4|9|4|4|3|0|4|2|4|9
6289,1,True,8,12,-1,0|8|8|1|8|0|3|1|4|9|0|0|2|8|1
6291,4,True,6,1,4,6|4|4|4|4|4|4|4|4|4|4|4|4|4|4
6294,7,False,7,11,9,7|9|7|7|9|9|9|2|9|2|7|9|9|9|9
6295,3,False,3,7,3,3|3|3|2|2|3|2|2|6|3|6|3|2|3|3
6332,7,False,7,12,9,9|9|7|2|9|9|9|7|9|9|9|2|7|9|9
6337,6,True,3,14,4,3|3|4|4|4|4|3|3|4|3|6|0|4|4|9
6355,4,True,6,13,8,2|0|8|2|1|0|8|8|0|4|0|8|2|8|4
6357,6,True,2,14,2,3|4|4|2|3|0|6|2|4|2|2|2|2|2|4
6388,9,False,9,14,5,5|5|5|5|9|5|5|5|5|5|5|5|5|5|5
6391,8,False,8,1,8,8|8|8|8|8|3|8|8|8|8|8|8|8|8|8
6397,0,True,1,12,1,1|1|1|0|1|1|1|1|0|0|1|1|1|1|1
6400,6,True,0,12,3,3|3|7|2|2|6|2|8|7|6|3|3|3|3|6
6446,0,False,0,13,6,1|3|1|6|6|6|3|6|6|6|8|6|0|6|0
6451,3,True,2,14,4,6|4|7|2|6|4|4|1|4|6|6|3|8|0|4
6511,6,True,9,15,5,5|5|5|5|5|5|9|5|5|9|5|9|5|9|5
6512,8,False,8,2,8,8|7|8|8|8|8|8|8|8|8|1|8|8|8|8
6521,0,True,1,9,1,1|1|1|1|1|0|3|1|0|0|1|0|0|0|1
6549,1,False,1,5,1,1|1|1|1|1|1|1|1|7|0|1|1|0|7|7
6574,0,False,0,11,0,0|8|7|0|3|7|6|6|6|9|0|7|0|2|2
6575,6,True,3,10,6,4|6|7|8|6|6|2|6|8|6|8|7|2|3|2
6604,9,True,4,6,9,9|4|4|4|9|9|9|4|9|9|9|4|9|4|9
6628,7,False,7,3,7,7|7|7|7|9|7|7|7|9|7|7|7|7|7|9
6630,9,True,4,12,4,4|4|4|4|4|9|9|4|4|8|9|4|4|4|4
6680,1,True,5,13,5,1|5|3|7|2|7|5|5|5|5|7|5|5|7|1
6690,3,True,7,15,7,7|5|7|7|7|7|7|7|7|7|7|7|7|7|7
6736,6,True,3,13,3,3|3|7|3|3|3|3|3|6|3|3|3|2|3|6
6747,0,False,0,7,0,0|0|0|6|6|6|6|0|6|6|6|0|0|0|0
6748,1,False,1,9,0,1|1|0|1|1|0|3|1|0|0|1|0|0|0|0
6762,2,False,2,11,0,2|4|0|2|2|0|0|4|0|2|0|0|0|0|0
6771,5,False,5,15,7,7|7|7|7|7|7|9|7|7|7|7|7|7|7|7
6787,0,False,0,7,0,6|0|0|0|0|0|6|6|6|0|6|6|0|0|6
6791,7,False,7,0,7,7|7|7|7|7|7|7|7|7|7|7|7|7|7|7
6885,1,False,1,10,0,1|1|1|0|0|0|3|0|0|0|0|0|0|1|1
6898,6,False,6,15,4,4|4|4|4|4|4|9|4|4|4|2|4|4|4|4
6913,8,False,8,1,8,8|8|8|8|8|8|8|8|8|8|8|8|8|8|3
6984,5,False,5,4,5,7|5|1|7|5|5|5|5|5|5|5|5|5|5|2
6993,9,True,7,14,7,7|7|7|7|3|7|9|7|7|8|7|7|7|3|7
7017,9,True,4,9,4,4|4|4|9|4|9|9|4|4|9|4|9|4|4|9
7043,6,True,3,13,3,3|3|3|3|3|3|3|6|3|3|6|3|2|3|3
7055,4,True,6,13,6,6|4|2|6|6|6|6|6|6|6|2|6|4|6|6
7058,4,True,1,13,1,1|4|4|1|1|1|7|1|1|1|1|7|7|1|1
7073,7,True,8,14,8,8|8|8|7|8|8|8|8|8|8|8|8|8|8|8
7102,9,False,9,14,5,5|5|5|5|5|5|5|5|5|5|5|5|5|5|9
7117,3,False,3,9,3,8|3|1|3|2|6|6|3|6|2|3|3|2|3|1
7188,9,True,6,15,-1,2|2|8|4|4|6|8|8|6|8|0|6|4|2|6
7203,3,True,8,15,8,8|8|8|8|8|8|8|8|8|8|8|8|8|8|1
7214,9,True,7,13,7,7|7|7|7|7|9|9|7|7|7|7|7|7|7|7
7226,7,True,8,12,8,8|8|8|8|8|8|8|7|8|8|8|8|8|7|7
7269,3,True,7,15,7,7|7|7|2|7|7|7|7|7|9|9|7|7|7|7
7296,7,True,1,15,1,1|1|1|1|1|1|1|1|1|1|1|1|1|1|1
7347,2,False,2,15,0,0|4|4|0|0|8|4|0|0|0|0|0|0|4|0
7358,9,True,7,12,7,7|7|9|7|9|7|9|7|7|7|7|7|7|1|7
7367,6,False,6,10,4,4|4|4|6|4|4|6|4|6|4|4|4|6|4|6
7375,3,False,3,8,3,6|8|1|3|8|5|3|2|8|3|3|1|3|3|3
7390,0,False,0,15,6,6|6|6|6|6|6|6|6|4|6|6|6|4|6|6
7412,9,True,7,15,7,7|7|7|5|2|7|5|7|7|5|5|7|7|7|2
7424,9,True,4,15,6,4|4|2|4|3|6|4|6|6|6|6|4|2|3|6
7435,4,False,4,2,4,4|4|4|4|4|4|4|4|4|4|9|4|4|4|9
7446,6,True,3,15,3,3|3|7|2|3|3|3|3|3|3|3|3|3|3|3
7466,0,True,2,11,2,2|4|2|2|0|2|6|2|2|2|0|0|2|0|2
7475,6,False,6,14,-1,3|4|2|2|2|4|8|4|4|9|2|0|6|9|3
7486,1,False,1,2,1,1|1|1|1|1|1|1|1|7|7|1|1|1|1|1
7491,0,True,1,15,4,6|4|4|1|2|4|1|1|4|4|1|4|1|4|1
7506,2,True,7,15,7,7|7|7|3|3|5|7|7|7|8|7|7|7|5|7
7511,1,False,1,12,0,0|6|1|1|1|0|3|0|0|0|0|0|0|0|0
7523,3,True,2,15,0,0|2|8|2|2|8|0|0|8|8|0|2|8|0|0
7524,3,True,2,12,9,2|3|4|2|3|3|9|2|4|9|9|2|9|4|9
7535,5,True,9,5,5,5|5|5|5|9|5|7|5|9|5|5|5|5|8|7
7540,6,True,1,15,1,1|1|1|1|1|1|1|1|1|1|1|1|1|1|1
7545,4,True,6,9,-1,6|5|4|6|6|4|6|6|4|0|6|4|4|4|0
7551,0,False,0,10,6,6|0|6|6|6|6|6|6|6|6|0|6|0|0|0
7582,2,False,2,14,0,2|4|0|0|0|0|0|0|0|0|0|0|0|0|0
7587,5,True,9,0,5,5|5|5|5|5|5|5|5|5|5|5|5|5|5|5
7592,4,True,1,13,0,1|4|0|1|9|0|3|4|0|0|1|0|0|1|1
7613,5,True,6,15,6,0|6|6|0|6|6|6|6|6|6|6|6|0|6|6
7632,9,True,4,15,4,3|4|4|4|4|4|4|4|4|4|4|4|4|4|4
7633,9,True,7,15,7,7|7|5|7|3|7|7|7|7|7|7|7|7|7|7
7676,9,True,4,5,9,9|4|4|9|9|9|9|9|4|9|9|4|9|4|9
7694,6,True,0,13,3,0|3|3|3|0|6|3|3|6|3|2|7|3|3|3
7704,4,True,6,9,4,2|4|4|0|4|4|0|0|4|0|2|0|8|4|6
7710,3,True,2,14,4,4|3|4|4|4|4|9|4|4|6|4|4|9|9|9
7718,9,False,9,15,5,5|5|5|5|5|5|5|5|5|5|5|5|5|5|5
7747,7,True,5,6,7,7|7|7|7|5|5|5|7|7|5|7|5|5|7|7
7758,1,True,8,15,8,8|8|8|8|8|8|8|8|8|8|8|8|8|8|8
7770,4,True,6,15,6,6|0|6|6|6|6|6|6|6|6|6|6|0|0|6
7774,7,False,7,1,7,7|7|7|7|7|7|7|7|7|7|7|7|7|7|9
7787,5,True,8,15,8,8|8|8|3|8|8|1|8|8|8|8|8|8|8|8
7788,0,True,5,15,5,7|5|1|1|3|5|5|5|5|5|5|5|8|5|1
7859,3,True,8,15,8,8|8|8|8|8|5|8|8|8|8|8|8|8|8|8
7874,2,True,3,10,3,3|3|2|2|3|2|3|2|3|2|3|3|0|3|3
7902,6,True,3,14,3,3|3|3|3|2|3|3|2|6|2|3|3|2|3|2
7903,6,False,6,15,0,0|4|0|2|2|0|0|0|0|0|0|0|0|0|0
7992,2,True,3,9,3,3|3|2|2|3|3|3|2|3|3|3|2|2|3|2
7997,7,True,1,15,1,1|1|1|1|1|0|1|1|1|0|1|1|1|1|1
8005,3,False,3,8,-1,3|3|2|2|3|3|3|7|2|2|2|3|2|3|2
8013,9,True,8,14,8,8|4|8|0|9|8|0|8|7|8|8|3|8|8|8
8018,9,True,4,10,4,4|4|9|4|9|4|4|4|4|9|4|9|4|4|9
8019,4,True,6,14,0,0|0|0|0|6|0|0|0|4|0|0|0|0|0|6
8021,4,False,4,1,4,4|4|4|4|4|4|4|4|4|9|4|4|4|4|4
8039,7,False,7,2,7,7|3|7|7|7|7|7|7|4|7|7|7|7|7|7
8048,6,True,5,15,5,3|5|5|5|3|5|3|5|3|5|3|5|5|5|5
8063,6,True,0,4,6,6|6|6|6|6|6|6|6|6|0|0|6|0|0|6
8064,5,True,9,3,5,5|5|9|5|5|5|5|5|5|5|5|5|5|9|3
8104,6,True,0,5,6,6|6|6|6|6|6|6|6|6|0|6|0|0|0|0
8109,9,True,7,15,7,7|7|7|7|7|7|7|7|7|7|7|7|7|7|7
8121,2,True,7,14,7,7|7|7|2|7|7|7|7|7|7|7|7|7|7|7
8146,0,True,2,9,0,8|0|0|6|2|6|3|4|0|2|0|0|0|6|6
8157,9,True,7,15,7,5|8|7|7|3|8|7|7|7|7|7|7|2|5|7
8160,9,True,4,14,4,9|4|4|4|4|4|4|4|4|4|4|4|4|4|4
8211,6,True,2,15,4,3|4|4|2|9|4|9|4|4|4|4|9|4|9|9
8227,0,False,0,15,4,6|4|4|6|4|6|4|4|4|4|8|4|4|4|9
8229,5,False,5,7,5,5|5|7|5|2|5|7|7|5|5|7|5|7|1|5
8230,5,False,5,5,5,5|5|5|2|5|5|5|5|2|5|5|7|5|7|7
8251,4,True,6,2,4,9|4|4|4|4|4|4|4|4|4|4|4|9|4|4
8270,3,True,2,15,-1,2|4|4|4|9|9|9|4|9|9|9|4|4|4|9
8272,9,True,7,15,7,7|7|7|7|7|7|7|7|3|7|7|7|7|7|7
8281,0,False,0,12,6,6|0|6|6|6|6|6|6|6|6|6|6|0|6|0
8287,9,True,4,8,4,4|4|4|9|9|9|4|4|4|9|9|4|4|9|9
8318,1,False,1,0,1,1|1|1|1|1|1|1|1|1|1|1|1|1|1|1
8323,9,False,9,15,5,5|5|5|5|5|5|5|5|5|5|5|5|5|5|5
8352,2,True,3,12,3,3|3|2|2|6|3|3|3|3|6|6|3|2|3|3
8359,9,False,9,15,5,5|5|5|5|5|5|5|5|5|5|5|5|5|5|5
8372,2,False,2,14,4,4|4|4|9|6|6|9|4|4|9|2|4|9|4|9
8430,8,False,8,6,8,3|8|3|5|8|8|8|8|8|8|7|8|8|1|1
8451,6,True,0,3,6,6|6|6|0|6|6|6|6|6|6|0|0|6|6|6
8453,2,True,3,12,3,4|4|4|2|3|3|9|3|6|2|3|3|2|4|6
8454,9,True,8,15,8,8|8|8|8|8|8|8|8|8|8|8|8|8|8|8
8456,5,False,5,5,5,2|5|7|5|2|5|5|5|2|5|2|5|5|5|5
8476,7,True,1,14,1,1|1|1|1|1|7|1|1|1|1|1|1|1|1|1
8492,8,True,3,15,3,3|3|3|3|3|3|3|3|6|3|6|3|2|3|3
8498,7,False,7,0,7,7|7|7|7|7|7|7|7|7|7|7|7|7|7|7
8502,1,False,1,1,1,1|1|1|1|1|1|1|1|0|1|1|1|1|1|1
8510,7,False,7,2,7,7|3|7|7|7|7|7|7|7|6|7|7|7|7|7
8515,4,False,4,8,9,9|4|4|9|9|4|9|4|4|9|4|9|4|9|9
8530,1,True,8,15,8,9|8|8|7|8|7|7|7|7|8|7|8|8|8|9
8572,0,True,2,0,0,0|0|0|0|0|0|0|0|0|0|0|0|0|0|0
8599,9,False,9,14,5,5|5|5|5|5|5|5|5|5|5|9|5|5|5|5
8635,2,False,2,13,4,9|4|2|4|2|0|9|4|4|9|0|9|9|4|4
8681,2,True,3,15,6,6|3|6|6|6|6|6|6|6|6|6|6|6|6|6
8691,9,True,4,7,9,9|4|9|9|9|9|9|4|5|4|9|4|4|4|9
8702,3,False,3,7,3,2|3|2|2|3|3|3|2|3|3|3|2|2|3|6
8704,6,False,6,15,8,8|8|8|8|0|8|8|8|8|4|9|8|8|3|8
8706,4,True,6,0,4,4|4|4|4|4|4|4|4|4|4|4|4|4|4|4
8709,4,True,6,9,4,0|3|6|2|6|4|4|6|4|4|2|6|4|4|6
8713,3,False,3,2,3,3|3|3|2|3|3|3|3|6|3|3|3|3|3|3
8716,6,True,0,0,6,6|6|6|6|6|6|6|6|6|6|6|6|6|6|6
8719,2,True,3,13,6,3|0|2|0|6|3|3|6|6|4|6|6|3|6|2
8735,6,False,6,15,4,4|4|4|4|4|4|4|4|4|4|4|4|4|4|4
8770,8,True,6,15,6,6|6|4|6|6|0|6|6|6|6|6|6|0|0|6
8773,6,True,2,12,-1,3|3|3|2|3|6|2|1|2|6|3|2|2|0|6
8793,9,True,4,5,9,4|4|4|9|9|9|9|9|4|9|9|9|9|4|9
8821,9,True,7,15,7,7|7|7|7|7|7|7|7|7|7|7|7|8|7|7
8851,9,True,4,14,8,4|3|4|3|8|3|8|4|8|9|8|0|8|2|6
8856,9,True,4,10,4,9|4|4|4|9|4|9|4|4|4|9|4|9|4|4
8858,9,True,4,8,9,4|4|4|4|4|9|9|9|9|9|9|9|2|2|2
8862,6,False,6,15,9,9|4|9|9|9|9|9|4|9|9|4|4|4|4|9
8879,6,False,6,13,-1,4|6|8|6|8|3|9|4|4|8|1|8|1|2|4
8884,1,True,4,15,4,6|4|4|6|4|8|0|4|4|4|2|4|2|4|4
8894,9,True,7,10,7,7|7|7|7|7|9|9|7|7|9|7|7|9|7|9
8913,0,True,2,14,4,2|4|4|2|4|4|4|4|8|2|4|0|4|2|9
8916,1,True,8,14,0,1|4|0|2|0|0|6|8|7|4|8|0|8|2|4
8936,9,True,4,13,4,3|4|4|4|4|4|9|4|4|3|9|4|4|3|3
8948,6,False,6,15,4,9|4|4|4|9|4|4|4|4|4|4|4|4|4|9
8961,5,True,9,13,9,7|7|7|7|5|7|9|9|9|9|5|9|9|9|9
8976,5,False,5,12,7,3|5|7|2|0|7|9|7|6|5|7|3|5|0|2
8985,3,True,8,8,3,8|8|8|8|3|1|8|3|3|3|3|5|3|3|5
9006,4,True,6,13,0,2|0|0|0|2|0|2|0|4|2|0|2|8|0|4
9056,3,True,7,15,7,7|7|7|7|7|7|7|7|4|7|7|7|5|7|7
9107,8,False,8,3,8,0|8|8|8|8|8|8|8|8|8|8|8|0|2|8
9133,6,True,3,15,3,3|3|3|2|3|3|3|3|2|3|3|3|3|3|3
9135,6,False,6,14,4,4|3|4|4|4|6|4|4|4|4|2|4|4|4|4
9140,9,True,7,11,7,9|7|5|1|9|7|9|2|8|7|7|2|7|7|9
9162,4,False,4,12,2,2|0|4|4|2|0|2|2|8|2|0|2|4|0|2
9185,6,True,3,12,3,3|0|3|3|6|2|3|2|6|4|7|3|2|2|6
9191,9,True,7,15,7,7|7|7|7|7|7|7|7|7|7|7|7|7|7|7
9196,0,False,0,13,6,6|6|6|6|6|6|6|6|6|6|6|6|0|0|6
9204,2,False,2,13,3,3|3|6|2|0|0|3|7|0|6|8|3|2|6|7
9240,7,False,7,3,7,7|7|5|7|3|7|7|7|9|7|7|7|7|7|7
9241,9,True,4,10,4,6|4|4|9|4|9|9|4|4|9|9|4|4|4|4
9254,6,False,6,14,4,4|4|4|2|6|4|4|4|4|4|2|4|4|4|4
9257,0,False,0,11,6,6|6|6|6|6|6|6|0|6|6|0|0|0|6|6
9276,6,False,6,8,6,2|4|2|6|6|6|6|6|4|0|6|6|2|0|4
9339,7,False,7,9,7,7|5|1|1|5|7|7|7|7|1|3|1|5|7|2
9351,8,False,8,1,8,8|8|8|8|8|8|8|1|8|8|8|8|8|8|8
9360,9,True,7,10,9,9|7|7|2|9|5|9|2|7|9|2|5|5|5|9
9363,6,False,6,3,6,6|4|6|6|4|6|6|6|6|6|6|6|6|4|6
9373,6,True,0,8,6,3|0|6|6|6|6|3|6|6|9|3|6|4|3|3
9378,2,True,3,11,3,3|3|7|2|3|3|3|3|3|2|2|3|2|3|3
9407,5,False,5,8,5,7|5|5|7|5|5|9|7|5|5|2|9|5|9|2
9425,6,False,6,10,-1,6|2|4|6|6|0|3|0|4|3|3|6|6|3|3
9444,0,False,0,14,6,6|6|6|6|6|6|6|6|6|6|6|6|0|6|6
9459,2,False,2,15,4,4|4|4|4|4|7|3|4|4|9|0|4|4|4|6
9461,8,False,8,7,8,8|8|8|8|9|7|9|4|8|8|5|8|8|7|9
9466,9,True,8,15,8,8|8|8|8|3|8|8|8|8|8|8|8|8|8|3
9477,7,False,7,0,7,7|7|7|7|7|7|7|7|7|7|7|7|7|7|7
9478,6,False,6,15,2,0|2|4|2|8|7|4|3|4|3|2|4|2|2|9
9502,4,True,6,3,4,4|4|4|4|4|3|4|4|4|4|0|4|4|0|4
9506,2,True,7,15,7,7|7|7|7|7|7|7|7|7|7|7|7|7|7|7
9509,8,False,8,0,8,8|8|8|8|8|8|8|8|8|8|8|8|8|8|8
9513,3,False,3,6,3,3|2|2|2|3|3|3|3|2|3|2|3|2|3|3
9516,6,True,0,2,6,6|6|6|6|6|6|6|6|6|6|6|6|0|0|6
9585,3,True,2,13,4,2|8|4|4|3|3|2|6|2|4|6|6|2|4|4
9596,0,True,1,8,1,1|1|1|0|1|0|1|1|0|0|1|0|0|1|0
9616,6,False,6,15,4,4|4|4|4|4|4|4|4|4|4|4|4|4|4|4
9642,3,True,8,13,8,8|3|8|8|8|8|8|8|8|8|8|8|8|8|3
9652,4,True,6,15,0,6|0|6|0|6|0|6|6|6|0|0|6|0|0|0
9697,3,True,5,13,5,3|5|5|1|5|5|1|3|1|5|5|5|7|5|5
9701,9,False,9,10,5,5|5|5|2|5|9|9|5|5|9|2|5|5|9|9
9717,3,True,8,15,8,8|8|8|8|8|8|8|8|8|8|8|8|8|8|8
9734,4,False,4,6,4,4|4|4|9|6|4|9|4|4|4|2|4|2|4|9
9777,7,False,7,2,7,7|7|7|2|7|7|9|7|7|7|7|7|7|7|7
9812,2,False,2,11,0,0|0|0|0|2|0|0|0|2|2|0|2|0|0|0
9832,3,False,3,9,3,4|2|4|3|3|2|3|2|3|8|2|2|7|3|3
9837,5,True,9,2,5,5|5|5|5|5|5|9|5|5|5|5|5|5|5|9
9875,0,True,1,8,-1,1|1|1|0|1|0|3|0|1|0|1|0|0|1|0
9892,9,True,4,8,9,1|4|4|4|3|4|9|9|4|9|9|9|4|9|9
9895,6,True,0,5,6,6|0|6|0|6|6|6|6|6|0|6|6|6|0|0
9910,6,True,0,0,6,6|6|6|6|6|6|6|6|6|6|6|6|6|6|6
9927,1,True,8,13,8,8|8|8|8|8|1|8|8|8|8|8|1|8|8|8
9938,4,True,6,1,4,4|4|4|4|4|4|4|4|4|6|4|4|4|4|4
9946,0,True,2,14,4,2|4|4|2|0|9|6|4|4|4|2|4|4|4|2
9949,3,True,8,15,8,8|8|8|8|8|6|8|8|8|8|8|8|8|8|8
9954,8,True,6,15,6,6|6|6|6|6|6|6|6|4|6|0|6|0|4|0
9976,3,True,5,14,-1,3|7|7|5|7|5|7|1|5|5|1|7|7|5|5
9977,6,True,1,15,1,1|1|1|1|1|7|1|1|7|1|1|1|1|1|1
10037,4,True,7,8,7,7|4|4|4|7|4|7|7|4|7|7|7|4|7|4
10038,2,True,7,14,7,3|5|7|7|5|7|8|7|6|7|2|7|3|1|7
10039,9,False,9,14,5,9|5|5|5|5|5|5|5|5|5|5|5|5|5|5
10047,6,False,6,14,4,2|4|4|4|9|6|4|4|4|4|4|4|4|4|4
10085,2,True,3,11,3,3|3|2|3|3|3|3|3|6|3|6|2|2|2|6
10086,4,True,6,13,0,2|4|0|2|0|0|2|0|4|0|0|0|2|0|2
10134,6,False,6,14,4,6|4|4|4|4|4|4|4|4|4|4|4|4|4|4
10175,2,True,3,11,3,3|3|3|2|3|3|3|3|3|3|2|2|2|3|3
10248,1,False,1,6,1,1|1|1|1|1|1|3|1|0|0|0|0|0|1|1
10275,0,True,2,6,0,2|0|0|4|0|0|9|9|0|0|0|0|2|0|2
10287,7,True,8,13,8,8|8|8|7|8|8|8|8|7|8|8|4|8|8|1
10312,4,False,4,6,4,9|4|4|4|9|4|9|4|4|9|4|4|9|4|9
10334,3,True,5,11,5,5|7|7|3|5|5|7|5|3|2|5|7|5|3|3
10341,7,True,5,11,5,5|5|7|7|5|5|5|5|5|5|7|5|7|5|5
10344,5,True,9,5,5,5|5|5|5|5|5|9|5|5|9|5|9|5|9|9
10348,9,True,7,13,7,7|7|7|9|7|7|7|7|9|7|7|7|7|7|7
10355,9,True,4,9,4,4|4|4|4|4|4|9|9|4|9|9|9|4|4|9
10382,5,False,5,9,7,7|5|7|7|5|5|5|5|2|7|7|2|5|7|7
10393,2,True,5,5,2,2|2|5|2|2|2|1|5|2|2|2|5|5|2|2
10398,9,False,9,14,5,5|5|5|5|5|5|9|5|5|5|5|5|5|5|5
10438,3,False,3,10,-1,6|3|2|3|3|6|3|2|6|2|6|0|0|3|6
10459,3,False,3,4,3,3|3|3|6|3|3|3|3|2|3|3|3|2|2|3
10460,3,False,3,7,3,2|3|2|2|3|3|3|2|6|3|8|3|2|3|3
10461,4,True,6,11,0,2|4|0|0|0|0|4|0|4|0|0|4|8|0|2
10494,0,False,0,12,6,6|6|6|6|6|6|6|6|6|0|6|6|0|0|6
10520,0,False,0,13,8,6|0|6|1|8|6|8|0|7|8|8|6|8|8|6
10521,9,True,7,15,7,7|7|7|7|5|7|7|7|5|7|7|7|7|5|7
10528,0,False,0,9,6,6|6|0|0|0|6|6|6|6|6|0|6|0|0|6
10538,2,True,3,14,3,3|3|6|3|3|6|3|3|6|3|3|3|2|3|3
10545,1,True,3,15,7,5|5|7|8|7|4|6|3|4|7|2|7|3|7|3
10551,0,True,1,14,1,1|1|1|1|1|0|1|1|1|1|1|1|1|1|1
10563,3,True,2,14,8,3|4|8|9|8|6|8|4|4|4|8|0|2|8|0
10575,1,True,5,11,1,1|3|7|1|2|5|1|7|2|2|5|7|3|1|9
10632,5,True,9,5,5,3|5|9|5|9|5|9|5|5|5|5|5|5|5|9
10636,0,False,0,13,6,6|6|6|6|6|6|6|6|6|6|0|6|0|6|6
10659,8,False,8,4,8,3|8|8|8|3|8|1|8|3|8|8|8|8|8|8
10668,9,True,7,13,7,7|7|7|2|9|5|7|7|7|7|7|2|7|7|9
10706,0,True,2,7,0,6|0|0|6|2|2|6|0|2|0|0|0|2|0|0
10752,6,True,3,15,3,3|3|3|2|3|3|2|2|3|3|2|3|2|3|3
10775,0,True,2,14,4,4|4|4|9|6|4|4|0|4|2|4|9|4|4|9
10777,8,True,1,15,1,1|1|1|1|1|0|1|1|4|1|1|0|1|1|1
10787,9,False,9,15,5,5|5|5|5|5|5|5|5|5|5|5|5|5|5|5
10797,6,False,6,13,4,4|4|4|6|0|4|4|4|4|4|2|4|2|4|6
10819,9,True,4,14,6,3|0|6|6|6|6|4|6|4|6|3|0|9|0|6
10839,1,False,1,12,3,3|1|1|3|8|3|1|3|3|7|3|3|7|3|0
10851,9,False,9,14,5,5|5|5|5|5|5|9|5|5|5|5|5|5|5|5
10864,3,True,8,12,8,8|8|8|8|3|8|8|8|3|8|8|8|8|8|3
10879,5,False,5,11,7,7|7|5|2|2|7|7|5|9|7|7|5|7|5|7
10882,3,False,3,4,3,3|3|3|3|3|6|3|3|6|3|3|6|3|0|3
10890,5,True,8,15,8,8|8|8|8|8|8|8|8|8|8|8|8|8|8|8
10893,9,True,4,12,4,1|4|4|9|6|6|9|0|4|9|0|4|4|4|4
10900,7,False,7,6,7,7|7|5|5|4|7|7|5|2|7|1|7|7|7|7
10931,6,False,6,15,4,3|4|4|4|9|7|3|4|4|4|0|4|2|4|2
10935,4,False,4,10,3,3|4|4|3|3|3|9|3|4|3|3|9|4|4|2
10937,6,True,0,5,6,6|0|4|6|6|6|6|4|6|6|6|6|0|0|6
10945,9,True,4,14,4,3|4|4|4|0|3|8|4|4|9|2|4|2|0|4
10946,0,True,2,9,0,2|4|8|0|2|0|6|4|2|0|2|0|0|4|0
10954,2,True,5,14,5,3|5|3|5|3|3|5|3|2|5|1|5|5|5|5
10968,3,True,8,9,8,8|3|8|3|3|8|8|3|8|8|8|3|8|8|3
11002,3,True,2,15,-1,4|6|4|4|2|4|6|2|6|4|6|8|2|2|6
11013,9,False,9,12,5,8|7|9|2|5|5|9|5|7|5|5|5|5|5|9
11030,2,True,5,15,5,7|5|5|5|3|5|5|5|5|5|5|5|5|7|7
11042,4,False,4,11,9,3|3|4|9|6|9|9|9|4|3|9|4|9|3|4
11044,6,True,0,4,6,6|0|6|6|6|0|6|6|6|6|6|6|0|0|6
11062,5,False,5,6,5,5|5|1|1|3|5|7|5|3|5|7|5|5|5|5
11078,5,True,8,15,8,8|8|8|8|3|8|8|3|3|8|8|8|8|8|8
11087,4,False,4,7,4,4|4|4|3|4|3|9|9|4|9|4|6|4|4|9
11094,7,True,5,10,7,5|5|8|7|5|2|8|8|7|7|7|2|5|7|2
11102,0,True,2,9,2,2|0|2|2|2|0|6|2|0|0|2|0|2|0|2
11116,3,True,2,12,2,6|3|2|2|3|4|6|9|6|2|2|3|2|0|6
11121,9,False,9,5,9,7|7|9|9|5|9|9|7|9|9|9|5|9|9|9
11124,0,True,2,2,0,0|0|0|0|0|0|7|0|0|2|0|0|0|0|0
11174,8,False,8,6,8,3|3|8|0|6|8|8|3|8|8|8|8|8|4|8
11175,1,False,1,2,1,1|1|1|1|1|1|1|4|1|7|1|1|1|1|1
11178,8,False,8,3,8,8|3|8|8|3|8|8|8|8|8|8|8|4|8|8
11235,5,True,9,0,5,5|5|5|5|5|5|5|5|5|5|5|5|5|5|5
11238,5,True,9,3,5,5|5|5|5|5|9|5|5|5|5|9|5|9|5|5
11281,5,True,9,3,5,5|5|5|9|5|5|9|5|9|5|5|5|5|5|5
11285,5,True,9,0,5,5|5|5|5|5|5|5|5|5|5|5|5|5|5|5
11298,0,True,1,10,1,4|1|1|0|1|0|3|1|4|0|1|0|0|1|1
11315,3,True,5,14,7,7|7|9|1|3|5|9|7|5|9|7|7|7|5|1
11320,2,True,9,10,9,9|7|7|2|5|9|9|2|2|9|2|2|9|9|9
11328,2,True,3,12,3,3|3|6|2|3|3|3|3|3|2|3|3|2|3|3
11338,1,False,1,3,1,7|1|1|1|7|1|1|1|1|0|1|1|1|1|1
11343,2,True,3,11,3,3|3|2|3|3|0|2|6|3|3|3|2|2|3|6
11359,9,True,4,14,4,4|4|4|4|2|6|6|4|4|9|4|4|2|4|6
11374,0,True,2,13,2,3|8|2|2|2|9|6|2|6|5|0|8|2|8|0
11393,8,False,8,1,8,8|8|8|8|8|8|8|8|8|8|8|8|8|8|7
11423,1,True,5,15,5,7|5|5|5|5|7|7|5|5|5|5|5|5|5|5
11444,4,True,6,12,-1,2|4|4|2|2|8|6|4|2|6|0|0|0|8|0
11484,2,True,3,10,3,3|3|4|2|3|3|3|3|2|3|2|2|2|3|3
11511,6,True,0,6,6,6|6|6|2|3|6|6|6|4|6|6|6|3|0|2
11528,5,False,5,11,2,1|2|5|2|2|2|5|2|2|5|2|2|2|5|2
11539,3,True,5,14,5,3|5|5|1|2|5|1|7|5|8|1|5|5|5|2
11542,5,False,5,4,5,5|5|5|5|5|7|9|5|5|5|5|7|5|5|9
11559,6,True,3,15,3,3|1|8|2|8|8|3|3|2|8|1|7|3|3|0
11572,4,True,6,10,6,6|4|4|6|6|6|4|6|6|6|6|6|4|4|6
11574,4,False,4,8,-1,7|4|4|9|9|9|9|9|4|4|9|4|4|4|9
11582,7,True,1,7,7,7|7|1|1|7|7|7|1|1|7|7|1|1|1|7
11587,5,True,8,15,8,8|8|8|8|8|8|8|8|8|8|8|8|8|8|8
11597,9,True,7,15,7,1|7|7|5|8|5|7|7|5|5|7|5|7|7|7
11599,2,True,9,15,5,5|5|5|5|5|5|5|5|5|9|5|5|5|5|5
11623,1,False,1,5,1,1|1|1|1|1|1|1|1|0|0|1|0|1|0|0
11632,5,True,9,1,5,5|5|5|5|5|5|5|5|5|5|5|5|5|5|9
11656,2,True,5,15,5,3|5|5|5|5|5|5|5|1|5|5|5|5|1|5
11657,6,True,3,14,3,3|3|7|3|3|3|3|6|3|3|3|3|3|3|3
11669,8,False,8,1,8,8|8|8|8|8|8|8|8|8|8|3|8|8|8|8
11672,5,True,9,2,5,5|5|5|5|5|5|5|5|5|5|5|5|9|5|9
11692,3,False,3,9,3,3|3|4|1|6|3|3|1|6|3|6|6|0|1|3
11713,4,False,4,9,4,2|3|8|4|5|4|4|4|4|9|8|8|9|8|4
11803,9,False,9,13,5,5|5|5|5|5|5|5|5|5|5|9|5|5|5|9
11813,2,True,3,13,3,3|2|6|3|3|6|3|6|3|3|3|6|2|4|0
11817,4,False,4,4,4,4|4|4|2|4|4|9|4|4|4|4|9|9|4|4
11822,7,False,7,4,7,3|3|3|7|3|7|7|7|7|7|7|7|7|7|7
11837,0,False,0,8,6,6|0|6|0|0|6|6|6|6|6|0|6|0|0|0
11853,4,False,4,5,4,4|4|4|2|6|4|4|4|0|4|4|4|0|4|9
11856,1,False,1,15,3,3|3|2|2|3|3|3|3|6|3|6|3|2|3|3
11859,5,True,9,0,5,5|5|5|5|5|5|5|5|5|5|5|5|5|5|5
11880,2,True,3,12,3,3|3|3|3|3|3|3|3|3|3|2|3|2|3|2
11888,2,True,5,7,2,3|4|5|2|2|5|5|5|2|2|2|2|5|2|2
11920,6,True,9,15,5,5|5|5|5|5|5|5|5|5|5|5|5|5|5|5
11923,4,True,6,14,6,6|4|6|6|6|6|3|6|6|0|6|6|2|3|6
11938,3,False,3,8,3,3|0|6|3|3|3|6|6|3|2|2|3|3|0|2
11948,9,True,6,15,6,6|0|6|3|3|6|6|6|4|6|6|3|3|6|6
11971,2,True,9,13,9,9|7|9|5|9|9|9|5|5|2|2|9|7|9|9
11978,6,False,6,15,4,4|4|4|4|4|4|9|4|4|4|4|4|4|4|4
11983,9,True,4,4,9,9|4|4|9|9|4|9|9|4|9|9|9|9|9|9
12000,4,True,6,1,4,4|4|4|4|4|4|4|4|4|4|4|6|4|4|4
12006,9,True,7,11,7,7|7|7|9|7|7|9|2|7|7|7|7|9|7|9
12007,2,True,5,10,5,3|5|5|5|5|3|5|5|5|2|2|2|2|5|2
12010,3,False,3,9,3,3|3|7|2|8|3|1|7|2|3|2|3|2|3|2
12011,8,True,2,14,-1,0|2|2|2|2|8|0|2|0|2|0|0|0|2|0
12027,7,True,1,15,1,1|1|1|1|1|1|1|1|1|0|1|1|1|1|0
12073,0,True,2,14,2,2|2|2|2|2|6|6|0|2|3|4|2|2|2|2
12127,4,True,6,1,4,4|4|4|4|4|4|4|4|4|4|4|4|9|4|4
12135,7,True,5,12,5,5|5|9|7|5|5|5|5|9|7|7|5|5|5|9
12152,6,True,0,8,6,3|4|6|0|6|6|3|0|6|0|6|6|3|3|6
12163,8,False,8,6,8,6|3|3|8|8|8|3|8|8|8|8|8|5|8|3
12173,6,False,6,15,4,4|4|4|4|4|4|4|4|4|4|4|4|4|4|4
12183,6,True,0,4,6,6|6|6|6|6|6|6|6|0|6|6|0|6|0|0
12191,9,True,4,10,4,4|3|4|9|2|4|9|4|4|0|4|4|9|9|9
12197,7,True,5,9,5,7|5|5|7|7|5|5|5|5|5|5|2|7|7|7
12303,6,True,3,13,3,6|3|1|2|3|0|0|1|6|3|3|3|2|3|2
12348,9,True,7,13,7,7|7|7|7|7|7|7|7|7|9|7|7|7|7|9
12351,6,True,3,13,3,3|1|0|0|3|6|3|1|1|6|7|0|3|3|3
12386,4,False,4,7,4,4|4|4|9|9|9|9|4|9|4|9|4|4|9|4
12390,3,True,7,15,7,7|7|7|7|7|7|7|7|7|7|7|7|7|7|2
12404,6,True,0,4,6,6|6|6|6|6|6|6|6|0|6|6|6|0|0|0
12407,4,True,6,15,6,6|6|6|6|6|6|6|6|6|6|6|0|6|0|6
12408,6,False,6,5,6,6|6|6|6|6|6|6|4|6|4|6|4|4|3|6
12410,6,True,0,4,6,3|4|6|6|6|6|6|6|4|6|6|6|6|6|2
12418,0,True,2,13,4,2|4|4|4|6|0|3|4|4|2|2|8|4|0|2
12421,3,True,8,14,8,8|8|8|8|8|8|8|8|8|3|8|8|8|8|8
12427,6,False,6,15,4,0|4|4|4|4|4|9|3|4|4|4|4|2|2|2
12432,5,False,5,6,5,5|5|1|1|5|5|5|7|7|5|5|5|5|1|1
12459,9,True,7,12,5,5|5|5|5|5|5|9|5|5|9|5|5|5|5|9
12464,7,True,1,13,1,1|6|1|7|1|1|1|1|0|0|1|1|1|1|7
12473,6,True,0,7,6,6|0|8|0|6|6|6|6|6|0|6|6|8|0|2
12481,1,False,1,2,1,1|1|1|1|1|1|1|1|6|0|1|1|1|1|1
12483,9,True,7,15,7,7|7|7|7|7|7|7|7|7|7|7|7|7|7|7
12493,2,False,2,10,2,2|2|6|2|6|8|6|8|4|4|6|0|2|2|0
12534,9,True,4,8,-1,9|4|4|4|9|9|9|9|4|8|9|4|4|4|9
12557,6,False,6,14,4,4|4|4|4|6|4|4|4|4|4|4|4|4|4|4
12575,0,True,1,14,1,1|1|1|1|1|1|0|1|1|1|1|1|1|1|1
12579,6,False,6,10,3,6|3|6|3|0|1|3|1|6|3|8|6|3|6|3
12580,2,False,2,11,0,0|2|2|3|2|7|6|2|0|7|0|0|3|0|0
12598,8,False,8,1,8,8|8|8|8|3|8|8|8|8|8|8|8|8|8|8
12600,3,True,5,12,5,3|3|5|5|3|5|5|5|5|5|1|1|5|5|5
12618,9,True,8,15,8,8|8|8|1|3|8|8|8|8|8|8|8|8|8|7
12642,2,False,2,13,0,0|2|0|0|2|0|0|0|0|0|0|0|0|0|0
12666,1,True,8,13,8,8|8|8|8|8|1|8|8|8|8|8|8|8|8|1
12669,6,True,3,15,3,3|2|3|3|3|8|3|3|3|3|2|3|2|3|3
12675,5,True,9,1,5,5|5|5|5|5|5|5|5|5|5|5|5|5|5|9
12683,6,True,0,5,6,6|0|6|6|6|6|6|6|0|6|0|6|0|0|6
12694,9,True,7,14,7,7|7|7|7|7|7|7|7|7|7|9|7|7|7|7
12696,2,True,5,15,5,5|5|5|5|3|5|5|5|7|5|7|5|5|5|5
12712,5,True,9,12,9,5|7|9|7|5|9|9|5|9|9|9|2|9|9|9
12715,9,True,7,15,7,7|7|7|7|7|7|7|7|7|7|7|7|7|7|7
12741,8,False,8,15,3,3|4|4|3|6|3|3|3|0|6|6|0|4|4|6
12771,3,True,8,14,8,8|8|8|3|8|8|8|8|8|8|8|8|8|8|8
12772,0,True,1,14,1,1|1|1|1|1|1|1|1|0|1|1|1|1|1|1
12801,1,True,5,15,5,2|7|5|5|5|5|5|8|5|5|5|3|5|5|8
12810,6,False,6,15,0,0|4|4|0|2|0|9|0|4|2|0|0|0|0|0
12814,3,False,3,6,3,3|3|7|2|3|6|6|3|6|3|6|3|3|3|3
12824,0,True,2,6,0,0|0|0|6|2|0|6|0|0|4|6|0|0|0|6
12840,6,True,3,14,3,3|3|2|3|3|3|3|3|3|2|6|3|2|3|2
12848,7,True,8,14,8,8|8|8|7|8|8|8|8|8|8|8|8|8|8|8
12860,0,True,1,9,1,2|0|1|0|1|1|3|1|0|0|1|1|0|1|0
12869,2,False,2,12,0,0|0|0|2|2|0|6|0|2|9|0|0|0|0|0
12893,6,True,0,6,6,6|0|6|0|6|6|6|6|6|0|0|6|0|0|6
12896,6,True,0,3,6,6|6|6|6|6|6|6|6|6|6|6|6|2|0|0
12910,8,False,8,0,8,8|8|8|8|8|8|8|8|8|8|8|8|8|8|8
12922,2,True,3,13,3,3|3|3|2|2|6|3|6|4|3|0|0|1|3|3
12951,2,True,9,14,9,9|7|9|2|9|7|9|9|9|9|7|7|9|9|9
12998,3,False,3,12,4,4|4|4|4|3|4|9|4|4|3|6|4|4|3|6
13014,1,False,1,4,1,1|1|1|1|1|1|7|1|0|7|1|1|1|1|7
13017,3,False,3,7,3,3|3|3|3|6|6|3|3|4|3|6|6|3|2|7
13018,6,False,6,15,4,2|4|4|4|4|4|4|4|4|4|4|4|4|4|4
13036,9,True,6,15,6,6|3|8|2|6|8|6|7|6|4|8|0|3|2|6
13049,6,True,3,14,3,3|3|2|3|3|3|3|3|6|3|3|3|3|3|3
13053,8,False,8,3,8,8|8|8|8|8|8|8|7|7|8|8|8|8|8|7
13083,5,False,5,3,5,3|5|5|5|2|5|5|1|5|5|5|5|5|5|5
13091,4,True,1,15,1,1|1|1|1|1|1|1|1|7|1|1|1|7|1|1
13092,4,True,6,15,6,6|6|6|6|6|6|6|6|6|6|6|6|6|6|6
13106,0,True,2,12,2,2|3|0|2|8|0|6|2|2|2|2|8|2|0|2
13107,6,True,9,11,6,2|4|1|7|3|6|3|3|8|4|6|6|2|0|6
13114,6,False,6,15,4,4|4|4|4|9|4|4|4|4|4|4|4|4|4|9
13117,1,False,1,5,1,7|1|1|1|1|7|7|1|1|7|1|1|1|1|7
13123,1,False,1,4,1,1|1|1|7|1|1|7|4|7|1|1|1|1|1|1
13133,0,True,3,15,4,6|4|4|4|9|4|4|4|4|4|3|4|4|4|4
13134,4,False,4,9,9,9|4|4|9|9|4|9|4|4|9|9|9|9|4|9
13135,0,True,2,13,2,3|2|2|2|6|6|6|2|2|2|0|0|2|8|2
13138,6,False,6,15,4,4|4|4|4|4|4|4|4|4|4|4|4|4|4|4
13140,9,True,4,14,4,4|4|4|6|4|4|4|4|4|4|2|4|4|4|9
13142,3,True,8,13,8,8|8|8|8|8|3|8|8|8|8|8|8|8|8|3
13148,4,True,6,15,6,6|6|6|6|6|6|6|6|6|6|6|6|0|0|6
13180,9,False,9,9,-1,9|7|9|2|5|5|9|2|9|2|2|2|9|9|2
13191,6,True,0,11,6,3|4|7|3|1|6|2|0|6|2|6|6|5|3|7
13226,1,False,1,9,7,7|1|1|7|1|7|7|1|7|7|7|7|1|1|7
13228,8,True,7,13,7,7|7|7|7|7|7|7|7|5|7|7|7|8|8|7
13234,4,True,6,15,6,6|3|3|6|3|6|6|3|6|0|6|6|0|6|6
13235,7,True,8,11,8,8|8|8|7|8|8|8|7|8|8|8|8|7|7|8
13242,0,False,0,14,6,3|4|6|6|6|6|6|6|6|4|6|6|0|3|6
13253,1,True,5,13,5,5|5|8|5|3|5|5|8|6|5|1|5|7|1|5
13261,5,False,5,3,5,5|5|5|2|5|5|5|5|5|5|5|2|5|5|2
13269,0,True,2,12,-1,2|4|2|4|2|0|9|9|0|2|0|4|4|4|2
13277,6,True,0,4,6,6|6|6|6|6|0|6|6|6|0|6|0|0|6|6
13319,6,True,0,1,6,6|6|6|0|6|6|6|6|6|6|6|6|6|6|6
13330,2,True,3,11,3,3|2|3|0|2|6|3|7|6|3|6|2|2|3|0
13387,0,True,2,15,2,6|8|2|2|2|6|8|8|4|4|6|3|2|2|2
13389,4,True,6,2,4,6|4|4|4|4|4|4|4|4|4|6|4|4|4|4
13394,3,False,3,6,3,6|3|3|1|3|6|3|3|3|3|6|0|2|3|3
13406,9,False,9,15,5,5|5|5|5|5|5|5|5|5|5|5|5|5|5|5
13417,6,False,6,10,0,6|0|7|0|2|7|6|6|0|0|6|0|0|0|6
13420,7,True,8,13,8,3|8|8|8|3|8|8|8|8|8|8|3|3|7|7
13441,9,False,9,14,5,5|5|5|5|5|5|9|5|5|5|5|5|5|5|5
13461,4,True,6,14,0,0|0|0|0|0|0|6|0|4|0|0|0|0|0|2
13466,7,True,8,13,8,8|8|8|8|8|7|8|8|8|8|8|8|8|8|7
13475,7,True,1,13,1,1|1|1|1|1|7|1|1|1|7|1|1|1|1|1
13498,1,True,5,13,5,3|7|7|5|3|5|7|1|7|3|1|2|5|5|5
13500,1,False,1,1,1,1|1|1|1|1|1|1|1|4|1|1|1|1|1|1
13514,2,False,2,13,0,2|0|0|2|0|0|0|0|0|0|0|0|0|0|0
13526,1,True,8,15,8,7|8|8|7|8|7|8|8|8|8|8|8|8|8|7
13575,2,True,3,10,3,3|3|2|2|3|3|3|3|6|3|3|2|2|3|2
13595,9,True,7,10,7,7|7|7|7|7|7|9|9|7|9|7|7|7|9|9
13608,3,False,3,13,2,2|4|2|2|2|3|9|2|4|3|2|2|2|2|2
13615,1,True,3,15,6,6|6|0|6|2|6|6|0|4|6|0|6|0|0|4
13623,6,True,9,15,5,5|5|5|5|5|5|5|5|5|5|5|5|5|5|9
13628,2,False,2,12,0,0|0|0|0|0|8|6|0|6|0|0|2|0|2|2
13677,7,True,8,10,8,7|8|8|7|8|7|8|8|8|7|8|8|8|8|7
13680,4,False,4,14,2,2|2|2|3|2|8|3|0|4|9|9|2|0|2|2
13706,6,True,0,4,6,6|0|6|6|6|6|6|6|6|6|0|6|0|6|0
13762,0,True,2,8,2,0|2|0|2|2|0|2|2|0|2|0|0|2|2|0
13769,4,False,4,8,4,4|3|4|4|6|4|4|3|4|3|6|4|9|3|9
13774,9,True,4,4,9,4|4|4|9|9|4|9|9|9|9|9|9|9|9|9
13776,7,False,7,3,7,7|4|7|7|9|7|7|7|4|7|7|7|7|7|7
13789,3,True,2,15,4,2|4|4|0|2|0|4|4|4|4|2|0|2|4|0
13810,8,False,8,2,8,8|8|8|8|8|8|3|8|8|8|3|8|8|8|8
13829,5,False,5,5,5,2|5|5|7|5|5|7|5|5|5|7|5|5|7|5
13833,4,False,4,2,4,4|4|8|4|9|4|4|4|4|4|4|4|4|4|4
13836,9,True,4,12,-1,4|4|4|3|4|3|9|3|4|3|3|4|9|3|9
13857,9,False,9,15,5,8|5|5|5|5|5|5|5|5|5|5|5|5|5|5
13862,7,True,5,12,5,7|5|9|5|5|5|5|5|5|5|5|5|7|7|5
13870,9,False,9,14,5,5|5|5|5|5|5|9|5|5|5|5|5|5|5|5
13871,6,False,6,13,0,0|2|4|0|2|0|0|0|6|0|0|0|6|0|0
13882,9,True,6,15,-1,3|3|1|0|8|6|0|6|1|0|8|3|8|6|1
13898,6,True,2,10,6,0|4|6|6|6|6|3|1|8|6|2|0|8|1|0
13912,6,False,6,10,-1,3|2|4|6|0|0|8|0|6|0|6|4|0|6|6
13915,6,True,0,2,6,6|4|6|6|6|6|6|6|6|6|6|6|0|6|6
13917,2,False,2,11,0,2|4|0|0|2|4|0|0|0|2|0|0|0|0|2
13926,0,True,1,5,0,0|1|1|0|0|0|1|1|0|0|1|0|0|0|0
13954,0,True,2,14,6,6|4|4|6|2|6|6|0|6|6|6|6|4|4|4
13955,3,True,2,14,4,9|4|8|4|4|9|6|9|2|4|4|4|4|3|2
13962,9,True,7,8,9,9|5|7|2|9|9|9|2|5|9|5|7|5|9|9
13973,4,False,4,14,3,3|3|0|1|6|0|3|1|0|3|3|6|4|3|0
13985,5,False,5,6,5,3|5|5|5|3|3|1|5|3|5|1|5|5|5|5
13992,8,False,8,15,7,7|4|7|6|2|7|2|7|7|7|7|3|2|7|7
14012,6,True,0,9,-1,6|3|7|2|3|6|3|3|6|3|3|6|2|6|6
14026,6,False,6,15,4,3|4|4|4|4|4|4|4|4|4|4|4|4|4|4
14033,2,True,9,9,2,7|9|9|2|2|9|9|5|2|9|2|2|5|1|2
14037,2,True,3,8,-1,3|3|2|2|3|3|3|3|6|2|2|2|2|3|2
14079,9,True,7,13,7,7|7|7|7|7|7|9|7|7|7|2|9|7|7|7
14080,4,True,6,0,4,4|4|4|4|4|4|4|4|4|4|4|4|4|4|4
14084,7,True,1,15,1,1|1|1|1|1|1|1|1|1|1|1|1|1|1|1
14086,4,False,4,5,4,3|4|4|9|9|4|9|4|4|9|4|4|4|4|4
14091,6,True,2,13,4,3|4|4|2|3|6|9|4|4|9|9|9|4|4|6
14092,1,False,1,3,1,1|7|1|1|1|1|1|1|1|1|0|0|1|1|1
14094,0,True,1,9,1,1|3|1|1|1|0|3|0|1|0|0|0|0|1|1
14122,9,True,4,8,4,9|4|4|9|4|4|9|4|4|9|9|9|4|4|9
14136,7,False,7,3,7,7|7|7|7|7|7|9|7|9|7|7|7|7|7|9
14162,6,True,2,12,-1,0|2|2|2|2|6|6|0|0|6|0|2|0|0|2
14173,0,True,1,15,1,1|1|1|1|1|1|7|1|1|1|1|1|1|1|1
14174,6,False,6,8,6,6|4|4|1|6|6|6|4|4|6|6|4|1|8|6
14194,6,True,0,4,6,6|0|6|6|6|6|6|6|6|6|0|6|0|0|6
14199,6,True,0,3,6,6|6|6|6|6|6|6|6|6|6|6|0|0|6|0
14204,4,True,6,12,6,6|6|4|6|6|6|6|4|6|6|4|6|8|6|6
14221,6,True,0,4,6,6|6|6|0|6|6|6|6|6|0|6|0|0|6|6
14225,0,True,1,12,1,1|1|1|1|1|0|1|1|1|0|1|0|1|1|1
14243,2,True,5,12,7,7|4|2|7|5|7|7|7|4|5|5|7|2|5|2
14264,9,True,7,10,7,7|7|9|7|9|7|9|7|9|7|3|7|9|7|7
14276,0,True,1,15,1,7|1|1|1|1|1|1|1|1|7|1|1|1|1|1
14302,2,True,7,14,7,7|7|7|7|7|7|7|7|7|7|2|7|7|7|7
14347,9,True,7,13,7,7|7|7|7|7|7|9|7|7|7|7|7|9|7|7
14349,4,True,6,14,6,6|6|6|6|6|4|6|6|6|6|6|0|0|6|6
14374,9,False,9,14,5,5|5|5|5|5|5|5|5|5|5|5|5|9|5|6
14379,2,True,3,11,6,2|6|2|3|3|6|3|3|6|2|6|6|2|6|6
14394,7,False,7,5,7,7|7|7|9|7|7|7|7|9|7|9|7|9|7|9
14395,0,False,0,12,6,3|6|6|6|6|6|6|6|4|0|6|0|6|0|6
14398,9,True,7,7,9,7|7|7|7|9|9|9|5|7|9|7|9|9|9|9
14404,9,False,9,15,5,5|5|5|5|5|5|5|5|5|5|5|5|5|5|5
14406,4,False,4,9,9,4|4|4|3|4|4|9|4|9|9|9|9|9|3|9
14407,5,False,5,4,5,5|5|5|5|5|5|1|5|1|5|7|5|5|1|5
14410,4,True,5,15,2,2|5|8|7|2|5|2|5|1|5|2|2|3|3|2
14426,2,True,5,15,7,7|7|7|7|5|7|9|1|7|9|1|7|7|9|7
14441,6,True,7,15,7,7|7|7|7|7|7|9|7|7|7|7|7|9|9|9
14453,0,True,1,11,0,2|0|1|3|1|6|2|3|2|0|8|4|0|0|1
14465,3,True,4,15,0,0|0|4|0|4|0|2|0|4|0|0|0|8|0|2
14473,2,False,2,14,0,2|0|0|4|0|0|0|0|4|0|0|0|0|0|0
14508,4,False,4,7,4,9|4|4|4|9|4|9|4|9|4|9|4|9|4|9
14518,9,True,4,15,4,4|4|4|2|4|0|0|4|4|2|4|0|4|4|4
14533,5,True,9,0,5,5|5|5|5|5|5|5|5|5|5|5|5|5|5|5
14536,6,False,6,15,4,4|4|4|4|4|4|4|4|4|2|4|0|4|4|9
14560,4,True,6,4,4,4|3|4|9|4|4|4|4|4|9|4|4|4|4|9
14561,0,True,1,15,1,7|1|1|1|1|1|1|1|1|1|1|7|1|1|1
14577,7,True,1,12,1,7|1|1|1|1|7|7|1|1|1|1|1|1|1|1
14602,3,True,7,15,7,7|7|7|7|5|7|7|7|7|7|7|7|7|7|7
14604,5,True,9,1,5,5|5|5|5|5|5|5|5|5|5|5|5|5|5|9
14608,0,False,0,10,6,6|0|6|6|6|6|6|6|6|0|0|6|0|0|6
14625,9,False,9,11,5,5|5|5|5|9|5|9|5|5|5|5|5|5|9|9
14633,0,False,0,11,6,6|0|4|3|6|6|0|6|6|8|6|6|6|0|0
14639,2,False,2,9,0,2|2|2|2|4|0|0|0|0|2|0|0|0|0|2
14650,2,True,9,14,5,5|7|5|5|5|9|9|5|5|8|9|5|7|5|2
14665,6,True,0,4,6,6|0|6|6|6|6|6|6|0|0|6|6|0|6|6
14694,6,True,0,11,0,0|6|0|6|6|0|0|0|0|6|0|4|0|0|0
14716,5,False,5,8,-1,7|7|5|7|5|7|7|7|5|5|5|7|5|5|2
14722,8,False,8,1,8,8|8|8|8|8|8|8|8|8|8|8|8|8|8|1
14756,6,True,3,14,3,3|3|2|2|3|3|3|3|6|3|3|3|2|3|2
14767,0,True,2,11,2,2|0|2|0|2|8|6|6|2|0|6|6|2|2|0
14775,1,True,8,11,8,8|8|8|1|8|8|8|1|8|8|8|1|4|8|1
14780,9,True,7,14,7,3|7|7|7|7|7|7|7|9|7|7|7|7|7|7
14796,6,True,3,14,3,3|3|7|3|3|6|3|3|3|3|3|2|2|3|3
14810,9,True,7,12,5,5|5|5|5|5|7|9|5|7|9|5|5|5|5|9
14831,3,False,3,6,3,3|3|7|3|3|6|3|3|6|3|2|6|2|3|3
14836,6,True,0,5,6,6|6|6|6|6|6|6|0|6|0|6|6|0|0|0
14855,5,True,9,4,5,5|5|5|5|5|5|9|5|5|5|2|5|2|9|5
14875,9,True,6,15,2,0|2|4|2|2|2|0|2|2|2|0|0|0|0|2
14892,4,False,4,10,9,4|4|4|9|9|9|9|9|4|9|9|9|9|4|9
14897,9,False,9,15,5,5|5|5|5|5|5|5|5|5|5|5|5|5|5|5
14899,1,False,1,6,1,1|1|1|1|1|7|3|1|6|0|1|1|8|1|0
14910,3,False,3,15,4,4|4|4|4|4|4|4|4|4|4|4|4|4|4|6
14934,6,True,3,15,3,3|3|2|2|3|3|3|3|2|2|2|3|2|3|2
14938,6,True,0,4,6,6|0|6|6|6|6|6|6|6|6|6|0|0|0|6
14949,5,True,9,0,5,5|5|5|5|5|5|5|5|5|5|5|5|5|5|5
14958,4,True,6,5,4,6|4|6|4|6|6|6|4|4|4|4|4|4|4|4
15016,2,False,2,9,0,2|2|2|2|2|0|0|0|0|0|0|0|2|0|0
15033,9,True,4,14,4,4|4|3|6|4|4|4|0|4|6|6|6|9|3|6
15046,0,True,2,8,0,0|4|8|0|0|3|0|0|2|0|0|2|9|2|2
15084,9,False,9,14,5,5|5|5|5|5|5|5|5|5|5|9|5|5|5|5
15099,6,True,0,4,6,0|6|6|6|6|6|6|6|6|6|6|0|0|0|6
15115,5,False,5,9,5,7|5|7|2|5|5|5|7|2|7|2|2|5|5|7
15126,4,True,6,0,4,4|4|4|4|4|4|4|4|4|4|4|4|4|4|4
15135,2,True,7,14,7,7|7|7|1|7|7|7|7|7|7|2|7|7|7|7
15163,9,False,9,15,5,5|5|5|5|5|5|5|5|5|5|5|5|5|5|5
15169,9,True,7,15,7,7|7|7|7|7|7|7|7|7|7|7|7|7|7|7
15181,6,True,3,13,3,3|3|2|6|3|6|2|3|3|3|2|3|2|3|3
15182,9,True,7,15,7,7|7|4|7|7|7|7|7|4|7|7|7|7|7|2
15195,9,False,9,7,9,2|9|9|2|5|3|9|9|5|9|9|2|9|9|2
15196,3,False,3,12,6,0|3|2|3|6|6|3|6|0|8|6|6|8|0|6
15203,2,True,3,10,3,3|3|2|3|3|3|2|3|2|3|3|3|2|3|2
15206,1,False,1,3,1,1|1|1|1|7|0|1|1|0|1|1|1|1|1|1
15207,4,True,6,12,3,1|6|3|3|4|4|1|8|4|3|6|8|8|3|2
15217,0,True,2,12,2,0|8|2|0|8|6|6|0|2|6|2|6|2|4|2
15231,6,True,0,5,6,6|6|6|6|6|0|6|6|6|6|6|0|0|0|0
15237,0,True,2,8,0,5|0|0|0|0|6|6|0|8|4|0|3|1|4|0
15240,0,True,1,13,1,1|1|1|0|1|1|7|1|1|1|1|1|1|1|0
15260,6,True,0,7,6,3|6|6|6|6|3|6|6|6|0|6|3|2|2|0
15264,2,True,5,14,5,7|5|5|1|5|5|7|2|5|5|7|5|7|7|7
15265,4,False,4,7,4,4|0|4|4|4|4|9|4|4|9|9|4|9|9|9
15271,6,True,0,11,-1,8|8|3|6|3|6|7|7|6|3|7|7|8|3|6
15279,6,True,0,5,6,6|0|6|6|6|6|6|0|6|6|6|6|0|0|0
15286,7,False,7,2,7,7|7|7|7|7|7|7|7|9|8|7|7|7|7|7
15319,9,True,8,15,3,3|3|3|3|8|3|3|3|8|8|8|8|0|1|8
15336,7,True,1,12,1,1|1|1|1|1|7|7|1|1|7|1|1|1|1|1
15345,9,True,4,15,3,2|3|7|3|3|0|3|3|2|3|3|3|3|3|6
15394,0,False,0,12,6,6|6|4|6|6|0|6|6|6|6|0|6|0|4|6
15455,2,True,9,15,5,5|9|5|9|5|5|9|5|5|5|5|5|5|5|9
15462,1,True,8,15,8,8|8|8|8|8|7|8|8|7|8|8|8|8|8|8
15493,4,True,6,15,6,6|6|6|6|6|6|6|6|6|0|6|6|0|6|6
15500,9,True,8,15,8,8|8|8|7|8|8|8|8|7|8|8|4|8|8|8
15517,5,True,9,0,5,5|5|5|5|5|5|5|5|5|5|5|5|5|5|5
15531,4,True,6,4,4,3|4|4|4|4|6|4|4|4|9|4|4|2|4|4
15555,2,False,2,14,0,3|0|6|4|1|0|6|0|4|0|6|0|8|0|2
15560,2,False,2,13,8,8|4|8|6|0|8|8|2|7|8|6|4|8|2|8
15581,5,True,4,15,4,4|3|4|4|4|9|0|4|4|4|9|3|2|4|4
15584,0,True,1,11,1,1|1|1|0|1|0|1|1|0|1|1|0|1|1|1
15597,1,False,1,2,1,7|1|1|1|1|7|1|1|1|1|1|1|1|1|1
15599,3,True,5,13,5,5|5|5|5|5|6|1|5|5|5|3|5|5|5|3
15612,5,False,5,12,7,7|7|7|5|7|7|7|7|5|8|7|2|5|7|7
15613,7,False,7,1,7,7|7|7|7|8|7|7|7|7|7|7|7|7|7|7
15681,8,True,3,15,3,3|3|4|4|3|3|3|4|2|3|2|6|2|3|3
15682,6,True,1,15,1,1|1|1|1|3|7|7|1|1|7|1|1|1|1|7
15712,0,False,0,15,6,6|6|7|6|6|6|6|6|6|2|6|1|2|8|9
15729,2,True,9,15,5,5|5|5|5|5|5|9|5|5|5|5|5|5|5|9
15739,2,False,2,13,-1,0|4|4|4|4|0|0|0|0|0|4|6|2|4|2
15743,6,True,3,15,3,3|3|2|3|3|3|3|3|3|3|3|3|2|3|3
15780,6,True,1,15,1,1|1|1|1|1|1|1|1|1|1|1|1|1|1|1
15781,9,True,4,10,4,2|2|4|4|8|9|9|0|4|9|4|4|9|9|4
15812,7,False,7,2,7,7|7|7|7|7|7|7|7|3|7|7|7|7|7|9
15828,5,False,5,7,5,3|5|1|1|3|5|5|1|2|5|5|2|5|5|5
15835,4,True,6,0,4,4|4|4|4|4|4|4|4|4|4|4|4|4|4|4
15862,7,False,7,3,7,7|7|7|7|9|7|9|7|7|9|7|7|7|7|7
15865,3,False,3,9,3,3|3|1|2|3|3|3|6|0|3|0|6|0|1|1
15871,9,True,7,15,7,7|7|7|7|7|7|7|7|4|7|7|2|7|7|7
15886,5,False,5,13,2,1|3|7|2|2|5|7|5|2|2|7|2|2|0|2
15900,7,True,1,13,1,7|1|1|1|1|7|1|1|1|1|1|1|1|1|1
15930,0,False,0,10,6,6|0|6|0|6|6|6|6|6|6|6|0|0|4|0
15939,4,True,6,10,4,0|4|4|9|0|6|4|6|4|6|0|6|2|0|4
15962,8,True,7,15,7,7|7|7|7|3|7|7|7|7|7|7|7|7|7|7
15965,1,True,5,14,5,5|5|5|5|5|5|5|5|5|5|5|5|5|5|1
15991,3,True,8,13,8,3|8|8|8|8|8|8|8|3|8|8|8|8|8|8
16010,2,False,2,12,4,4|4|4|2|6|3|9|0|4|2|6|3|2|4|6
16037,2,True,3,14,4,4|4|4|2|9|4|4|4|4|3|0|9|4|4|9
16048,9,True,7,9,-1,7|7|9|9|8|5|9|7|7|2|7|9|7|9|9
16070,3,False,3,3,3,3|3|2|3|2|6|3|3|3|3|3|3|3|3|3
16072,9,True,8,15,8,8|8|8|8|8|8|8|8|7|8|8|8|8|8|8
16110,4,True,7,12,7,7|7|7|7|7|4|7|7|4|7|7|7|7|7|4
16135,5,True,9,6,5,5|5|5|7|9|5|9|5|7|5|9|2|5|5|5
16162,3,True,5,15,5,7|5|5|5|2|5|7|5|2|5|5|5|5|5|5
16164,2,True,3,10,3,3|3|7|2|2|3|3|3|2|3|3|3|2|3|2
16173,7,False,7,4,7,7|7|7|2|2|7|7|7|2|7|7|2|7|7|7
16210,4,True,6,13,6,4|6|8|6|6|6|6|2|4|6|6|6|0|0|0
16217,7,False,7,8,9,7|7|9|7|9|7|9|9|9|9|7|7|9|7|9
16225,9,True,6,15,4,0|4|6|6|0|4|4|8|4|4|8|8|4|8|4
16227,5,True,9,0,5,5|5|5|5|5|5|5|5|5|5|5|5|5|5|5
16277,2,True,5,15,5,7|8|7|5|5|7|7|5|5|5|5|5|5|7|5
16297,4,True,6,13,0,5|7|1|9|0|0|4|8|6|0|0|8|4|2|2
16323,9,False,9,15,5,5|5|5|7|5|5|5|5|5|5|7|5|5|5|5
16353,5,True,9,0,5,5|5|5|5|5|5|5|5|5|5|5|5|5|5|5
16359,9,False,9,15,5,5|5|5|5|5|5|5|5|5|5|5|5|5|5|5
16365,2,True,5,7,2,3|2|2|2|2|5|5|5|5|2|2|2|5|5|2
16386,2,True,3,11,3,3|3|2|3|6|6|3|3|2|3|4|2|4|2|6
16403,3,False,3,10,2,2|3|2|2|2|3|3|3|2|2|2|2|2|3|2
16414,7,False,7,1,7,7|7|7|7|7|7|7|7|4|7|7|7|7|7|7
16424,2,True,3,15,4,9|4|4|4|9|4|9|4|4|3|4|4|4|9|9
16451,4,True,6,4,4,6|4|4|4|6|4|6|4|6|4|4|4|4|4|4
16476,6,True,0,3,6,6|4|6|6|6|6|6|6|6|6|6|0|0|6|6
16478,0,False,0,14,6,6|6|0|6|6|6|6|6|6|6|3|6|8|6|6
16486,6,False,6,13,4,0|4|4|0|4|0|6|4|4|0|0|4|4|4|6
16490,0,False,0,13,6,6|4|6|2|3|2|3|6|6|9|6|0|8|0|3
16498,1,False,1,2,1,1|1|1|1|1|1|1|1|1|7|1|0|1|1|1
16505,5,False,5,6,5,5|5|5|5|5|5|7|7|5|5|7|7|5|7|7
16508,7,False,7,6,7,7|7|7|7|9|7|9|7|7|7|9|7|9|9|9
16511,6,True,0,14,7,3|0|7|1|6|2|3|7|3|0|7|8|3|7|7
16557,4,True,5,15,5,5|5|1|5|2|7|7|5|5|5|7|2|5|1|5
16563,3,False,3,6,3,3|3|4|2|3|6|3|1|3|6|3|3|3|2|3
16613,9,False,9,10,5,5|5|9|9|5|5|9|5|5|5|5|9|9|5|5
16619,4,True,6,13,0,2|4|0|2|2|0|4|0|0|0|0|0|0|0|0
16659,2,True,5,12,5,2|5|8|5|5|5|7|3|5|5|2|7|5|5|2
16661,0,False,0,11,6,6|0|6|6|6|6|6|6|6|6|0|6|0|0|6
16681,1,False,1,6,1,1|1|1|1|1|0|3|1|0|0|1|0|0|1|1
16686,5,False,5,10,2,3|5|2|2|2|5|5|2|5|5|2|2|2|2|2
16702,6,True,0,4,6,6|0|6|6|6|6|6|6|6|6|6|6|0|0|0
16718,5,False,5,12,7,7|7|7|2|5|3|7|7|7|7|7|5|5|7|2
16748,3,False,3,11,6,2|2|6|3|3|6|6|3|4|3|6|6|8|6|2
16762,3,True,2,15,4,4|4|4|4|6|9|9|4|4|4|4|9|4|4|9
16764,9,True,4,15,4,4|2|4|4|4|4|2|8|4|2|6|6|8|4|0
16767,9,False,9,13,5,5|0|9|5|5|5|9|4|5|3|3|6|5|5|2
16799,3,False,3,15,8,8|5|9|5|9|5|1|8|8|8|5|4|8|9|9
16814,0,False,0,13,6,6|6|6|6|6|6|6|6|6|6|6|6|0|0|6
16816,5,True,9,3,5,5|5|5|5|5|5|9|5|5|2|5|5|5|5|2
16827,0,True,2,9,0,0|4|4|0|2|4|0|6|4|2|0|2|0|0|4
16836,0,True,1,12,1,1|1|1|1|1|0|1|1|0|0|1|1|1|1|7
16854,4,True,6,9,4,4|4|4|2|3|4|9|3|4|3|4|0|9|3|2
16860,9,False,9,13,5,5|5|5|5|9|5|5|5|5|5|5|5|5|5|9
16866,0,True,1,14,1,1|1|1|1|1|1|1|1|4|7|7|1|1|1|0
16872,7,False,7,13,5,7|5|5|5|5|5|5|5|5|5|5|5|5|7|3
16877,6,False,6,1,6,6|0|6|6|6|6|6|6|6|6|6|6|6|6|6
16902,7,False,7,0,7,7|7|7|7|7|7|7|7|7|7|7|7|7|7|7
16939,1,False,1,5,1,1|1|1|0|1|0|1|1|0|0|1|0|1|1|1
16945,6,False,6,11,4,0|4|4|6|6|6|0|0|4|6|0|4|0|4|4
16965,6,True,0,8,6,6|0|6|6|2|3|6|3|6|6|0|0|0|4|6
16978,2,False,2,12,0,0|0|0|0|0|0|0|2|4|2|0|0|0|0|2
17008,3,False,3,5,3,3|2|2|3|3|3|3|2|3|3|3|3|2|3|2
17023,2,False,2,13,0,6|0|0|0|6|0|2|0|0|0|0|0|2|0|0
17041,6,True,0,1,6,6|6|6|6|6|6|6|6|6|6|6|6|0|6|6
17057,0,False,0,10,6,6|0|6|6|6|6|6|6|0|6|0|6|0|0|6
17096,5,False,5,7,5,5|5|7|1|2|5|5|7|5|7|5|5|5|7|7
17101,2,False,2,10,0,2|0|0|2|0|0|6|2|2|0|0|2|8|0|0
17184,8,False,8,8,8,0|8|8|7|8|5|7|5|8|8|7|4|8|7|8
17204,3,True,8,15,8,8|8|8|8|8|8|8|8|8|8|8|8|8|8|8
17217,2,True,3,15,6,3|3|6|3|6|6|6|4|6|6|6|6|6|6|6
17222,5,False,5,8,-1,7|7|5|7|2|5|7|7|5|5|7|7|5|5|5
17232,2,True,3,15,3,4|3|9|3|3|4|9|3|4|3|3|4|9|1|9
17251,8,True,1,15,1,1|1|1|1|7|1|1|1|1|1|1|1|1|1|1
17273,9,False,9,13,5,5|7|5|5|5|7|9|5|5|5|5|5|5|5|9
17288,1,False,1,1,1,1|1|1|1|1|1|1|1|1|1|1|1|1|1|7
17291,3,True,7,15,7,7|7|7|7|7|7|9|7|7|7|7|7|7|7|7
17318,3,False,3,2,3,3|2|6|3|3|3|3|3|3|3|3|3|3|3|3
17327,8,False,8,0,8,8|8|8|8|8|8|8|8|8|8|8|8|8|8|8
17341,5,False,5,3,5,5|5|5|5|5|5|7|8|3|5|5|5|5|5|5
17363,4,True,6,14,6,6|4|6|6|6|6|6|6|6|6|6|0|0|0|0
17369,6,True,0,10,3,3|3|6|6|3|3|3|6|6|2|6|0|2|3|0
17387,8,False,8,11,-1,3|8|7|5|3|8|1|7|8|3|0|8|2|3|7
17413,5,True,9,1,5,5|5|5|5|5|5|5|5|5|5|5|5|5|5|9
17417,7,True,8,13,8,8|8|8|7|8|7|8|8|8|0|8|8|8|8|8
17426,9,True,4,10,4,4|4|4|9|9|4|4|4|4|4|9|4|9|4|9
17437,8,False,8,3,8,8|3|8|3|8|8|8|8|8|8|8|8|8|8|3
17458,2,True,3,9,2,4|1|3|2|2|6|3|1|6|2|2|2|2|1|3
17465,1,True,5,14,5,5|5|1|5|5|5|7|5|5|5|5|5|7|5|7
17472,0,True,4,14,-1,6|4|6|6|5|4|6|2|6|4|8|4|2|4|0
17475,0,True,1,9,1,1|1|1|1|1|0|3|1|0|0|1|0|0|0|1
17495,4,False,4,8,4,9|3|4|0|4|4|9|4|9|9|4|4|9|4|9
17502,5,False,5,4,5,5|5|5|5|5|7|5|5|5|5|5|5|7|1|7
17528,3,False,3,11,-1,6|3|4|4|9|4|4|9|3|6|3|6|9|3|9
17542,1,False,1,3,1,1|1|1|1|1|7|1|1|1|7|1|4|1|1|1
17549,8,True,2,8,8,8|8|8|2|2|8|6|7|6|8|0|3|0|8|8
17566,0,False,0,9,6,6|6|6|0|6|0|6|6|0|0|0|0|2|6|6
17570,5,False,5,4,5,7|5|5|5|5|5|9|5|5|2|5|5|5|5|9
17572,9,True,7,15,7,7|2|7|7|7|7|7|7|7|7|7|7|7|7|7
17577,6,True,0,3,6,6|6|6|6|0|6|6|6|6|0|6|6|0|6|6
17582,0,False,0,12,6,6|6|6|6|6|6|6|6|6|0|6|0|0|6|6
17611,6,False,6,15,4,0|4|4|4|9|4|9|4|4|4|0|4|4|4|2
17612,0,True,2,5,0,0|0|2|2|2|0|2|0|0|2|0|0|0|0|0
17643,6,False,6,14,4,4|4|4|4|4|4|4|4|4|4|6|9|4|4|4
17651,1,True,8,13,8,8|8|8|1|8|8|8|8|8|8|8|8|1|8|8
17664,4,False,4,10,-1,9|4|4|2|4|4|6|0|4|0|2|0|0|0|2
17672,1,False,1,1,1,1|1|1|1|1|1|1|1|6|1|1|1|1|1|1
17679,5,False,5,5,5,5|5|5|5|7|7|5|5|7|5|5|5|5|7|3
17684,3,True,5,15,5,5|5|1|1|5|5|7|5|5|5|1|5|5|5|5
17687,2,True,3,14,3,3|3|8|3|3|3|3|2|8|3|3|3|3|3|3
17690,4,True,6,5,4,2|0|4|0|4|4|4|4|4|4|6|4|2|4|4
17707,9,True,4,14,4,4|4|4|3|4|4|4|4|4|3|4|4|4|4|9
17713,9,False,9,13,5,5|5|5|5|5|5|9|5|5|5|5|5|5|5|9
17740,2,True,3,15,6,6|6|6|6|6|6|6|6|6|6|6|0|6|0|6
17741,1,True,8,15,8,8|8|8|8|8|8|8|3|3|8|8|8|8|8|8
17745,0,True,2,8,-1,0|4|4|0|4|4|9|4|4|0|0|0|4|0|0
17762,1,True,5,13,5,7|5|5|5|5|5|1|5|2|5|5|5|5|1|5
17776,1,False,1,7,1,1|1|1|1|6|7|7|7|1|7|7|1|1|7|1
17779,3,False,3,12,7,7|6|7|3|3|7|6|1|4|3|7|7|2|7|0
17804,4,True,5,15,5,5|5|5|5|5|5|7|5|2|5|5|5|5|3|5
17819,7,False,7,0,7,7|7|7|7|7|7|7|7|7|7|7|7|7|7|7
17823,3,False,3,12,6,3|4|4|6|3|6|8|4|6|8|8|6|3|2|6
17834,3,False,3,13,4,3|4|6|6|3|6|8|4|6|0|8|4|4|4|4
17862,0,True,1,12,1,1|1|1|0|1|1|1|1|0|0|1|1|1|1|1
17865,7,False,7,6,7,7|5|7|7|5|4|7|7|7|2|7|7|5|1|7
17866,0,True,1,8,0,4|0|1|6|0|0|3|8|4|0|0|4|0|4|0
17906,4,True,7,11,7,7|7|4|7|7|7|7|7|4|7|7|7|4|4|7
17913,3,False,3,5,3,3|3|6|6|3|8|3|3|6|3|3|3|2|3|3
17933,9,True,4,12,4,4|4|4|4|4|4|9|4|4|4|4|4|4|9|9
17943,5,True,9,0,5,5|5|5|5|5|5|5|5|5|5|5|5|5|5|5
17960,2,False,2,12,3,6|3|8|2|3|3|8|3|6|8|0|7|2|0|2
17966,8,False,8,4,8,3|8|8|3|8|8|3|8|8|8|8|8|8|8|3
17978,7,False,7,2,7,7|7|7|7|9|7|9|7|7|7|7|7|7|7|7
17984,1,False,1,7,1,1|1|1|0|1|0|3|1|0|0|1|0|1|0|1
17995,1,True,4,15,9,4|4|4|9|0|4|9|4|4|8|9|9|9|9|9
18011,6,False,6,15,4,4|4|4|4|4|4|4|4|4|4|4|4|4|4|4
18013,0,True,2,14,4,4|4|4|2|2|4|9|9|0|9|4|4|2|4|4
18051,4,True,6,15,6,6|6|6|6|6|6|6|6|6|6|6|0|2|6|6
18088,2,True,5,15,5,5|7|5|7|5|5|5|1|5|5|5|5|5|1|5
18116,9,True,4,10,4,4|3|4|3|9|9|9|0|9|3|4|4|4|4|9
18119,7,False,7,2,7,7|7|7|7|7|7|9|7|7|9|7|7|7|7|7
18131,9,True,4,15,4,4|4|4|4|4|4|4|4|4|4|4|4|4|0|4
18134,7,False,7,2,7,7|7|7|7|7|2|7|7|7|7|7|7|7|7|2
18141,0,True,2,4,0,0|4|2|0|2|0|0|4|0|0|0|0|0|0|0
18147,5,True,9,0,5,5|5|5|5|5|5|5|5|5|5|5|5|5|5|5
18149,0,True,2,5,0,2|0|0|0|0|0|6|0|2|4|0|0|2|0|0
18202,3,False,3,13,4,2|4|4|3|6|4|6|4|4|3|0|6|2|2|6
18210,9,True,6,15,8,8|4|8|8|4|4|8|4|8|4|6|8|4|8|6
18219,4,False,4,5,4,4|4|4|0|9|4|9|4|4|4|4|0|4|4|9
18251,4,True,6,14,6,6|0|4|6|6|6|6|6|6|6|6|6|6|6|6
18268,0,False,0,15,6,6|6|6|6|6|6|3|4|6|6|3|6|8|4|6
18286,3,False,3,13,6,3|6|6|2|6|6|3|6|2|2|6|6|2|0|6
18290,6,True,0,2,6,6|6|6|6|3|6|6|6|6|6|6|6|0|6|6
18299,9,True,4,12,4,4|4|4|4|4|4|9|6|9|4|3|4|4|4|9
18306,1,True,8,15,8,8|8|8|8|8|8|8|8|8|8|8|8|8|8|8
18313,7,False,7,1,7,7|7|7|7|7|7|7|7|9|7|7|7|7|7|7
18321,7,False,7,0,7,7|7|7|7|7|7|7|7|7|7|7|7|7|7|7
18326,2,True,5,14,5,7|5|5|5|7|5|5|5|5|3|5|2|5|1|5
18331,7,False,7,11,9,7|8|7|2|2|5|9|9|7|9|5|7|9|9|9
18338,0,True,2,3,0,2|0|4|0|0|0|0|0|0|0|0|0|2|0|0
18341,3,False,3,2,3,3|3|6|3|3|3|3|3|6|3|3|3|3|3|3
18343,4,True,6,13,6,6|0|6|6|6|6|6|4|4|6|6|6|0|0|6
18345,1,False,1,1,1,1|1|1|1|1|7|1|1|1|1|1|1|1|1|1
18346,5,True,9,0,5,5|5|5|5|5|5|5|5|5|5|5|5|5|5|5
18366,7,True,3,14,-1,3|1|7|5|3|5|2|6|6|3|3|6|6|1|0
18412,7,True,5,11,5,5|5|5|7|5|5|5|5|5|5|5|7|7|5|7
18427,6,True,0,2,6,6|6|6|6|6|6|6|6|6|6|6|6|0|6|0
18445,6,True,0,6,6,6|0|6|6|6|6|6|6|6|0|6|0|0|0|0
18501,3,True,8,11,8,3|8|8|3|8|8|8|8|8|8|8|3|8|3|8
18528,3,True,8,9,8,3|8|8|8|3|8|8|8|8|3|3|3|8|8|3
18531,5,True,9,3,5,5|5|5|5|9|5|5|5|5|5|2|5|7|5|5
18546,2,True,3,11,3,3|3|2|3|3|3|3|3|6|2|3|0|2|3|2
18553,7,True,1,12,1,1|4|1|1|7|4|1|1|4|0|1|1|1|7|7
18555,0,True,1,15,1,4|1|1|1|1|1|1|1|4|1|1|1|1|1|1
18564,7,False,7,4,7,7|7|7|7|3|7|9|7|9|7|7|7|7|1|7
18605,6,True,0,1,6,6|0|6|6|6|6|6|6|6|6|6|6|6|6|6
18614,5,True,9,0,5,5|5|5|5|5|5|5|5|5|5|5|5|5|5|5
18626,0,True,1,11,1,1|1|1|1|1|0|1|1|0|0|1|0|1|1|1
18634,0,False,0,2,0,0|0|0|0|0|0|6|0|0|0|0|6|0|0|0
18643,5,True,9,1,5,5|5|5|5|5|5|5|5|5|5|9|5|5|5|5
18645,4,True,1,15,1,1|7|1|1|1|1|7|1|1|1|7|7|1|1|1
18668,3,False,3,8,3,3|3|4|6|3|4|3|2|3|3|3|7|2|1|6
18683,6,True,2,15,3,3|2|8|3|3|4|8|3|8|2|3|3|2|2|4
18695,6,True,3,14,3,3|3|4|3|3|3|3|3|6|3|3|2|2|3|3
18707,5,True,9,1,5,5|5|5|5|5|5|5|5|5|5|5|5|5|5|9
18728,9,True,4,6,9,9|4|4|9|9|9|9|9|4|8|9|4|4|9|9
18742,5,False,5,6,5,5|5|5|2|2|5|2|5|8|5|5|2|5|3|5
18758,4,False,4,4,4,4|4|4|4|4|4|9|4|4|9|4|4|9|4|0
18772,5,False,5,5,5,3|5|5|5|5|7|7|5|1|5|7|5|5|5|5
18787,0,True,2,9,2,0|4|2|2|2|2|2|0|0|2|2|0|0|2|0
18795,9,False,9,11,5,5|5|9|5|5|5|9|5|5|5|5|9|5|5|9
18862,7,True,5,10,5,5|5|5|7|5|7|5|5|5|2|7|7|5|5|7
18880,4,True,1,14,1,3|1|1|1|1|4|1|1|1|1|8|1|7|0|1
18881,0,False,0,12,6,6|0|6|6|6|6|6|6|6|0|6|6|0|6|6
18894,2,True,5,14,5,3|5|1|5|2|5|7|1|5|5|1|5|7|5|3
18897,7,True,5,10,5,7|5|5|7|7|5|7|7|5|5|1|5|5|5|3
18898,9,True,4,14,4,4|4|4|4|4|4|9|4|4|4|4|4|4|4|4
18905,9,True,7,12,7,7|7|7|7|7|7|9|7|7|9|7|7|7|7|9
18920,0,True,1,10,1,1|1|1|1|1|0|0|1|0|0|1|1|1|1|0
18961,4,False,4,9,-1,4|4|4|2|4|4|9|9|4|9|9|0|9|0|9
19015,0,False,0,11,0,2|2|4|0|6|0|4|2|4|8|0|7|0|8|6
19071,1,False,1,5,1,1|0|1|1|1|0|1|1|0|0|1|0|1|1|1
19076,3,True,2,15,4,4|4|4|4|4|4|9|4|4|9|4|4|4|4|9
19082,3,True,4,15,0,0|2|0|0|0|0|6|0|2|2|0|0|0|0|0
19088,2,False,2,11,0,0|4|2|2|0|2|6|0|0|2|0|0|0|0|0
19091,4,True,6,15,0,2|2|0|0|0|0|2|0|0|0|0|0|0|0|0
19122,2,False,2,6,2,2|2|4|2|2|0|0|0|0|2|2|2|2|0|2
19124,4,False,4,2,4,4|4|4|3|3|4|4|4|4|4|4|4|4|4|4
19133,0,False,0,6,0,0|0|7|6|6|6|6|0|0|0|6|0|0|0|0
19144,9,True,4,3,9,9|4|4|9|9|9|9|4|9|9|9|9|9|9|9
19164,6,True,1,15,1,1|1|1|1|1|1|1|1|1|1|1|1|1|1|1
19186,9,False,9,14,5,5|5|9|5|5|5|5|5|5|5|5|5|5|5|5
19187,1,True,8,15,8,3|8|8|8|3|8|8|8|8|8|8|8|8|8|8
19191,3,False,3,3,3,3|3|6|3|3|6|3|3|3|3|3|6|3|3|3
19233,4,True,6,6,4,2|4|2|4|6|3|4|4|4|9|2|4|4|4|4
19237,3,True,8,15,8,8|8|8|8|8|8|8|8|8|8|8|8|8|8|8
19253,2,True,5,14,5,3|5|1|5|2|5|5|1|5|5|5|5|5|5|5
19267,7,True,1,9,1,7|1|1|1|1|1|7|1|1|7|7|7|1|1|7
19271,6,True,2,14,2,0|4|1|2|2|0|2|2|4|9|6|3|2|2|2
19282,2,True,7,15,7,7|7|7|7|7|7|7|7|7|9|7|7|7|7|7
19284,7,False,7,4,7,5|8|7|1|7|7|7|7|7|7|7|5|7|7|7
19299,6,False,6,14,4,4|4|4|0|4|6|9|4|4|4|2|4|4|4|4
19328,0,True,2,7,0,2|2|2|2|2|0|0|2|0|0|0|0|2|0|0
19346,2,True,5,15,5,7|5|5|5|7|5|5|7|5|5|5|5|5|1|7
19362,9,True,4,12,-1,3|4|4|4|3|6|9|4|9|6|3|4|3|3|9
19395,1,False,1,5,1,0|1|1|1|1|0|7|1|1|1|1|0|1|0|1
19425,6,True,0,2,6,6|0|6|6|6|6|6|6|6|6|6|6|6|0|6
19451,9,True,7,15,7,7|7|7|7|7|7|7|7|7|7|7|7|7|7|7
19454,0,True,2,13,2,2|4|2|2|2|3|6|2|2|2|0|2|2|2|0
19457,2,False,2,13,4,6|2|4|4|6|4|4|0|4|4|2|4|4|4|4
19464,5,True,9,3,5,5|5|5|5|5|5|9|5|5|9|5|5|5|5|9
19472,6,False,6,14,4,4|4|4|9|4|4|4|9|4|4|6|4|4|4|4
19485,7,False,7,1,7,7|7|7|7|7|7|7|7|7|9|7|7|7|7|7
19493,4,True,6,5,4,0|4|4|4|0|0|4|4|4|0|0|4|4|4|4
19539,5,False,5,4,5,5|5|5|1|5|5|5|5|5|5|1|5|5|1|3
19580,9,False,9,12,5,5|5|5|5|5|5|9|5|5|5|9|5|5|5|9
19616,3,False,3,3,3,3|3|6|3|3|3|3|3|3|3|3|2|2|3|3
19623,4,False,4,5,4,4|4|4|4|4|9|9|4|4|9|9|4|4|9|4
19625,6,False,6,14,4,4|4|4|4|4|4|6|0|4|9|2|4|0|4|4
19643,9,True,4,12,4,4|4|4|4|4|4|9|4|4|9|4|9|4|4|4
19651,5,False,5,6,5,5|5|1|7|2|5|5|5|3|5|5|5|1|5|1
19687,7,True,5,6,7,7|1|7|2|2|7|7|5|2|7|2|7|7|7|7
19717,4,True,5,15,5,5|5|5|5|5|5|5|7|5|5|5|5|5|5|5
19737,6,True,0,6,6,6|6|6|0|6|6|6|0|6|6|0|0|0|0|6
19741,9,True,7,7,9,7|7|5|7|9|5|7|5|9|9|9|9|9|9|9
19742,8,False,8,4,8,8|8|8|8|8|8|8|8|8|3|8|8|3|3|3
19753,6,True,0,2,6,6|6|6|6|6|6|6|6|6|6|6|6|0|0|6
19772,0,True,2,15,4,3|4|4|2|4|4|9|4|9|9|4|9|9|4|9
19773,4,True,7,11,7,7|4|7|7|7|7|7|7|4|7|4|7|4|7|7
19776,9,True,4,14,4,4|3|4|2|4|4|9|3|4|3|4|4|3|6|1
19785,9,True,4,15,6,3|6|4|1|4|6|3|1|4|2|6|0|6|3|6
19810,7,False,7,10,9,7|5|9|9|5|5|9|7|7|9|9|7|7|5|9
19822,9,True,4,9,-1,2|3|4|2|9|9|9|4|4|9|9|4|4|4|9
19840,9,True,8,15,8,8|8|8|8|8|8|8|8|8|8|8|8|8|8|3
19856,0,False,0,13,6,0|6|0|6|3|8|6|6|4|3|6|6|7|7|6
19864,9,True,6,14,8,8|8|8|9|8|8|8|8|8|8|8|6|8|8|8
19875,6,False,6,15,4,1|4|4|3|4|4|9|4|8|9|4|4|2|4|4
19879,9,True,7,13,7,9|7|7|7|7|7|7|7|7|9|7|7|7|7|7
19902,0,True,2,11,4,4|4|2|2|2|4|0|9|0|9|2|0|0|4|4
19939,6,True,3,12,-1,2|5|1|1|3|0|6|7|6|7|6|7|2|0|2
19948,9,True,7,15,7,7|3|8|7|7|7|7|7|7|8|7|7|7|3|7
19957,0,True,2,8,0,6|4|0|2|0|0|6|0|6|6|0|0|0|2|4
19977,2,True,3,13,-1,4|1|7|2|3|6|6|6|0|3|3|0|2|3|6
19978,0,True,1,9,1,0|1|1|1|1|0|1|1|0|0|1|1|0|1|0
19996,1,False,1,6,1,1|1|1|1|7|7|7|1|1|7|7|1|1|1|7
20016,5,False,5,11,1,7|7|1|1|1|5|2|1|5|5|1|1|5|1|1
20022,5,False,5,7,5,7|5|5|2|5|7|5|5|7|5|7|7|5|5|9
20024,0,True,2,3,0,2|0|4|0|0|0|2|0|0|0|0|0|0|0|0
20087,3,True,5,15,5,7|5|7|5|9|5|7|8|5|5|1|5|2|1|8
20128,3,False,3,6,3,3|3|7|2|3|6|3|3|6|3|3|2|2|3|3
20129,1,True,3,15,3,3|3|4|3|3|3|3|3|3|3|3|3|2|3|3
20132,7,False,7,5,7,7|7|7|7|9|7|9|7|9|9|7|7|7|7|9
20160,3,False,3,7,3,3|3|7|3|3|6|6|3|6|0|6|3|2|3|3
20164,4,True,1,13,1,4|1|1|0|0|1|1|0|1|1|1|4|1|1|1
20173,6,True,0,11,6,3|4|6|3|2|8|6|6|9|9|6|3|2|2|9
20183,4,False,4,8,4,1|4|4|2|4|4|4|4|8|9|6|6|9|2|4
20215,6,True,0,4,6,6|0|6|6|6|6|6|6|6|4|6|6|0|0|6
20222,9,False,9,13,5,5|5|5|5|5|5|9|5|5|5|5|5|5|5|9
20242,5,True,9,2,5,5|5|5|5|5|5|9|5|5|5|5|5|5|5|9
20285,2,True,9,14,7,7|7|7|2|7|7|9|7|9|7|7|7|7|7|7
20310,6,False,6,3,6,6|4|6|2|6|6|6|6|6|6|6|6|2|6|6
20344,1,False,1,6,1,1|1|1|1|7|7|7|1|1|7|1|1|1|7|7
20390,3,False,3,5,3,3|3|4|3|3|6|0|3|3|3|6|6|3|3|3
20393,7,True,5,11,5,7|5|5|5|7|5|5|5|1|7|1|7|5|1|2
20406,9,True,8,14,8,9|8|8|8|8|8|8|8|8|8|8|8|8|8|8
20433,5,True,9,4,5,5|5|5|5|5|5|5|5|5|9|2|5|5|9|2
20471,3,True,8,14,8,8|8|8|8|8|3|8|8|8|8|8|8|8|8|8
20474,6,False,6,7,6,3|4|6|0|3|6|3|6|6|3|6|6|6|6|0
20487,6,False,6,15,9,9|4|4|9|9|9|9|4|4|8|9|9|9|9|9
20501,9,True,8,15,8,3|8|8|3|8|8|3|8|8|8|8|8|3|3|8
20510,8,False,8,1,8,8|8|8|8|8|1|8|8|8|8|8|8|8|8|8
20546,2,False,2,9,-1,2|0|0|2|8|4|0|2|4|2|2|0|2|0|0
20550,2,False,2,15,-1,6|4|4|9|0|6|4|8|8|8|8|8|4|4|6
20557,4,False,4,7,4,9|4|4|0|0|9|4|4|4|0|0|4|9|4|4
20559,4,False,4,8,4,4|4|4|3|6|6|4|2|6|8|4|4|2|4|9
20575,0,False,0,13,6,6|0|6|6|6|6|6|6|6|6|6|6|0|6|6
20605,7,False,7,3,7,7|4|4|7|7|7|7|7|4|7|7|7|7|7|7
20606,9,True,7,14,7,7|7|7|7|7|7|7|7|9|7|7|7|7|7|7
20613,4,True,6,8,4,0|0|2|6|8|4|4|4|4|4|3|4|4|8|9
20641,6,True,0,5,6,6|0|6|6|6|6|6|6|6|0|6|0|0|0|6
20652,8,False,8,7,8,3|8|8|3|3|8|1|8|5|3|8|8|8|1|8
20655,9,True,6,15,8,8|8|8|8|8|7|8|8|8|8|8|8|8|8|8
20658,0,False,0,12,-1,3|3|6|1|6|6|3|0|6|3|0|6|3|0|1
20681,3,True,8,9,8,3|8|8|3|3|8|8|8|3|3|8|8|8|8|3
20705,9,False,9,14,5,5|5|9|5|5|5|5|5|5|5|5|5|5|5|5
20707,4,False,4,10,9,9|4|4|9|9|4|9|9|4|9|9|9|9|9|4
20725,1,False,1,8,7,7|7|1|1|7|7|7|1|1|7|1|7|1|1|7
20735,4,False,4,9,9,4|4|4|2|9|9|6|4|4|9|9|4|9|9|9
20738,6,True,3,12,3,3|3|6|6|3|4|3|7|4|3|3|2|2|2|6
20739,2,False,2,11,2,2|8|8|5|6|8|0|2|4|2|6|7|2|0|0
20801,1,True,8,15,8,8|8|8|8|8|8|8|8|8|8|8|4|8|8|8
20819,1,False,1,9,1,6|4|6|1|0|1|3|6|1|0|1|0|1|0|1
20863,9,False,9,13,5,6|5|9|2|4|5|5|9|8|5|6|6|5|5|2
20899,7,False,7,3,7,7|8|7|7|8|7|7|7|7|8|7|7|7|7|7
20942,8,False,8,4,8,8|3|6|8|8|8|9|8|8|8|8|8|8|0|8
20948,3,True,8,13,8,3|8|8|8|8|8|8|8|3|8|8|2|8|8|8
20951,3,False,3,8,3,3|3|4|3|3|3|9|6|6|3|6|3|2|2|2
20967,3,False,3,6,3,2|3|3|2|3|3|3|3|2|3|3|2|3|2|2
20974,0,True,1,14,1,1|1|1|1|1|1|1|1|1|1|1|1|1|1|0
20998,5,True,9,1,5,5|5|5|5|5|5|5|5|5|5|9|5|5|5|5
21004,6,True,0,2,6,6|6|6|6|6|6|6|6|6|6|6|6|0|0|6
21022,5,False,5,8,5,1|5|1|2|5|8|5|7|5|5|5|1|7|1|5
21034,6,True,3,13,4,4|4|4|3|1|6|3|1|4|3|4|0|4|1|6
21043,6,False,6,10,4,4|4|4|4|6|6|6|4|6|4|0|6|4|4|2
21053,6,False,6,15,4,4|0|4|4|2|4|2|2|4|2|0|0|0|0|4
21076,7,False,7,4,7,7|7|7|7|9|9|9|7|7|7|2|7|7|7|7
21080,5,True,9,5,5,5|5|5|5|5|9|9|5|5|9|9|5|5|5|9
21106,2,True,3,12,3,3|3|4|2|3|8|3|3|3|3|4|3|2|3|2
21125,8,True,1,15,1,1|1|1|1|1|1|1|1|1|1|1|0|1|1|1
21153,8,True,3,14,3,3|3|7|2|3|8|1|3|3|3|3|3|2|3|7
21190,2,True,3,10,3,3|3|3|2|2|3|3|3|3|2|2|3|2|3|3
21214,4,False,4,2,4,4|4|4|4|2|4|4|4|4|4|8|4|4|4|4
21215,0,True,2,15,4,4|4|4|4|4|4|4|4|4|4|4|4|9|4|4
21218,1,False,1,6,1,4|1|4|1|1|4|4|4|4|1|1|1|1|1|1
21236,2,True,7,14,7,7|7|7|7|7|7|7|7|7|7|2|7|7|7|7
21283,9,True,4,14,6,6|3|4|6|6|6|3|3|6|3|3|6|2|1|9
21287,6,False,6,15,0,2|4|0|0|2|0|9|0|4|2|0|4|4|4|0
21305,9,False,9,11,5,8|5|5|5|9|5|9|5|9|5|5|5|5|5|9
21342,6,True,9,15,5,5|7|5|5|5|5|9|7|7|2|2|2|5|9|9
21359,3,True,4,14,2,3|2|2|0|4|4|7|9|2|4|2|0|2|2|0
21372,8,False,8,4,8,3|8|8|8|3|8|8|8|7|8|8|8|3|8|8
21375,4,True,6,0,4,4|4|4|4|4|4|4|4|4|4|4|4|4|4|4
21377,7,False,7,12,5,5|5|5|9|5|5|9|7|7|9|7|5|5|8|9
21381,8,False,8,8,-1,5|8|8|3|3|3|3|3|8|8|8|8|3|3|8
21388,6,False,6,15,4,4|4|4|4|4|4|4|4|4|4|4|4|4|4|4
21390,0,True,2,7,0,2|4|0|4|0|4|4|4|4|0|0|0|0|0|0
21391,4,False,4,2,4,4|4|4|4|4|4|9|4|4|9|4|4|4|4|4
21394,1,True,5,12,5,7|7|5|1|5|5|7|7|2|7|5|1|5|5|1
21420,1,False,1,6,1,4|1|1|1|1|1|1|1|6|7|1|0|0|1|0
21446,6,True,0,3,6,6|0|6|6|6|6|6|6|6|6|6|6|0|0|6
21449,9,True,7,15,7,7|4|4|7|7|4|4|7|4|7|7|4|8|7|7
21472,6,False,6,14,-1,2|3|4|4|3|6|4|0|4|3|2|0|2|0|2
21480,1,False,1,3,1,1|1|1|1|1|0|1|1|8|0|1|1|1|1|1
21485,0,False,0,11,6,6|6|6|6|6|6|6|0|6|0|6|6|0|0|6
21486,2,True,3,9,3,3|3|2|3|2|2|6|3|6|3|2|3|2|3|2
21490,6,True,0,3,6,6|6|6|6|6|6|6|6|6|6|0|6|0|0|6
21515,6,True,0,10,4,6|4|4|6|4|8|6|4|6|6|0|4|4|2|1
21533,0,True,2,2,0,0|0|0|0|0|2|0|2|0|0|0|0|0|0|0
21543,1,False,1,4,1,1|1|1|1|7|1|7|1|7|7|1|1|1|1|1
21602,0,False,0,13,6,6|0|6|6|6|6|6|6|6|6|6|6|0|6|6
21604,9,False,9,13,5,5|5|9|5|5|5|9|5|5|5|5|5|5|5|5
21606,7,False,7,0,7,7|7|7|7|7|7|7|7|7|7|7|7|7|7|7
21623,9,True,4,5,9,9|4|4|9|3|9|9|9|9|9|9|9|4|4|9
21650,5,True,9,1,5,5|5|5|5|5|5|9|5|5|5|5|5|5|5|5
21651,3,True,5,11,5,5|5|5|5|3|5|1|5|3|1|1|3|5|3|5
21662,9,True,4,11,4,4|4|4|4|4|4|4|4|9|9|9|4|4|4|9
21667,2,False,2,10,0,2|0|2|2|2|0|0|2|0|0|0|0|0|0|0
21678,7,True,1,15,1,1|1|1|1|1|1|1|1|1|1|1|1|1|1|1
21680,3,True,2,12,4,3|4|4|0|3|9|9|4|4|9|2|2|4|3|6
21690,5,True,9,3,5,5|5|5|5|5|5|9|5|5|5|5|9|5|5|9
21704,9,True,7,8,7,7|9|7|7|9|7|9|7|9|9|9|9|7|7|7
21717,7,False,7,0,7,7|7|7|7|7|7|7|7|7|7|7|7|7|7|7
21720,0,True,2,14,4,4|4|4|9|2|9|9|9|4|9|4|0|4|4|2
21734,9,True,4,14,4,2|4|4|0|9|4|6|6|4|4|0|4|4|2|0
21772,1,True,5,15,7,7|7|5|7|7|7|9|7|5|7|7|7|7|7|2
21773,8,False,8,2,8,8|8|8|1|8|8|8|8|8|8|8|8|8|8|7
21775,4,True,7,14,7,5|7|7|5|7|5|7|7|4|7|3|7|5|5|7
21789,9,True,7,13,7,7|7|7|7|5|7|9|7|7|7|7|7|9|7|7
21797,1,False,1,5,1,7|1|1|1|1|7|7|1|0|7|1|1|1|1|1
21814,4,True,2,15,2,8|0|7|2|0|8|6|5|6|6|8|2|2|0|2
21825,5,False,5,5,5,5|5|5|7|5|8|5|5|3|5|1|5|5|5|8
21841,6,False,6,4,6,6|6|6|6|6|6|6|6|6|0|6|6|0|0|0
21868,4,True,6,15,6,6|6|6|6|6|6|6|6|6|6|6|6|0|6|6
21870,9,True,7,11,7,7|7|7|7|9|7|9|7|9|7|9|7|7|7|7
21902,9,True,4,12,4,4|4|4|4|4|4|9|4|4|4|9|4|9|4|4
21915,2,True,9,14,5,8|5|5|5|5|5|9|5|2|9|5|9|5|5|9
21916,0,False,0,13,4,2|0|4|6|6|4|6|0|4|4|6|4|8|2|4
21918,6,True,9,15,5,5|5|5|5|5|5|5|5|5|5|5|5|5|5|9
21979,6,True,0,11,8,6|3|8|2|0|6|6|4|6|8|8|8|8|0|0
21983,7,False,7,2,7,7|7|7|7|7|7|7|7|9|7|7|7|7|7|9
21988,7,True,1,11,1,1|1|1|7|1|1|7|1|1|7|1|0|1|1|7
21994,0,True,2,9,0,6|4|4|2|6|0|4|4|4|0|0|0|0|0|2
22042,6,True,2,14,-1,2|4|2|2|2|0|4|4|4|4|2|6|2|0|4
22064,7,False,7,3,7,7|7|7|2|7|7|7|7|9|9|7|7|7|7|7
22099,4,True,6,15,3,3|3|7|2|3|3|6|6|3|2|3|3|2|6|6
22108,4,True,6,14,0,0|0|4|2|2|0|0|0|0|0|0|0|0|0|0
22132,0,True,1,14,1,1|1|1|1|1|0|1|1|1|1|1|1|1|1|1
22135,6,True,0,12,-1,5|1|4|3|5|6|1|8|4|8|6|5|8|3|6
22146,2,True,9,15,9,7|7|9|9|9|9|9|7|9|9|9|7|9|9|9
22168,1,True,5,14,7,8|7|7|7|5|9|7|7|3|5|7|7|7|7|1
22197,0,True,1,11,1,1|1|1|1|1|1|1|1|0|0|1|1|0|1|0
22198,8,True,2,15,0,0|2|2|2|0|0|6|0|2|2|0|2|0|0|0
22199,5,False,5,8,5,5|5|1|5|2|5|1|1|1|5|7|5|5|1|1
22211,3,False,3,10,2,3|3|2|2|2|3|3|2|2|3|2|2|2|2|2
22229,4,False,4,0,4,4|4|4|4|4|4|4|4|4|4|4|4|4|4|4
22237,6,True,0,3,6,6|3|6|6|6|0|6|6|6|6|6|6|0|6|6
22238,2,True,5,8,2,7|7|3|2|2|5|7|5|2|8|2|7|2|2|2
22241,9,True,7,12,7,7|7|7|7|7|7|9|7|7|7|7|7|9|9|7
22244,3,False,3,7,3,3|3|1|2|3|6|3|3|6|3|3|3|0|2|6
22246,5,True,9,6,5,5|5|9|2|5|5|2|5|9|3|5|5|5|5|2
22247,0,True,2,10,4,2|4|0|2|2|4|0|4|4|0|2|0|0|4|4
22254,4,False,4,4,4,4|4|4|4|4|9|9|4|9|4|9|4|4|4|4
22256,7,True,5,9,5,5|5|5|7|5|7|5|7|5|5|7|7|5|5|7
22307,3,True,5,15,7,2|7|7|7|5|7|9|7|5|5|1|1|5|1|9
22308,9,True,4,15,-1,6|4|4|7|4|8|6|6|8|4|8|5|6|4|6
22311,1,False,1,3,1,0|1|1|0|1|1|1|1|1|0|1|1|1|1|1
22313,1,False,1,1,1,1|1|1|1|1|1|1|1|1|7|1|1|1|1|1
22323,3,False,3,4,3,3|3|3|2|3|8|3|3|3|3|2|3|2|3|3
22325,0,False,0,14,6,6|6|6|6|6|6|6|6|6|6|6|6|6|0|6
22374,2,False,2,13,0,0|2|0|2|0|0|0|0|0|0|0|0|0|0|0
22375,0,True,2,8,0,6|0|0|2|2|7|7|0|2|7|0|2|0|0|0
22402,6,True,0,4,6,6|6|6|6|6|6|6|6|6|6|0|6|8|0|0
22422,3,True,8,15,8,0|8|8|8|7|2|8|8|8|8|8|8|4|7|7
22466,4,False,4,5,4,6|4|4|2|6|6|4|4|4|4|6|4|4|4|4
22468,3,False,3,5,3,3|3|2|3|2|3|6|3|3|3|8|3|2|3|3
22481,0,True,1,15,1,3|1|1|1|1|8|1|1|1|7|1|7|2|7|3
22508,4,True,6,2,4,4|4|4|4|6|4|4|4|4|4|4|4|4|4|6
22559,4,False,4,2,4,9|4|4|4|4|4|4|4|4|4|4|4|4|4|9
22565,6,True,0,6,6,6|0|6|0|6|6|6|6|6|0|6|6|0|0|0
22594,4,True,7,12,7,7|7|4|2|7|7|7|7|4|7|7|7|8|7|4
22604,3,True,8,10,8,3|8|8|8|8|8|3|3|8|3|3|8|8|8|8
22616,8,False,8,8,8,3|3|8|1|3|1|8|8|8|8|3|8|8|3|5
22620,7,True,1,9,1,1|1|1|7|1|1|1|1|7|7|7|1|1|7|7
22630,2,True,3,11,3,6|3|6|3|2|3|6|6|3|2|3|3|2|3|2
22631,6,True,0,7,6,3|4|4|6|6|6|2|6|6|4|6|6|4|4|6
22652,6,True,3,15,3,3|3|3|3|2|3|3|3|3|3|2|3|2|3|3
22655,4,True,6,0,4,4|4|4|4|4|4|4|4|4|4|4|4|4|4|4
22687,9,True,7,13,7,7|7|7|7|5|7|7|7|9|7|7|7|7|7|9
22698,0,True,1,14,1,1|1|1|1|1|1|1|1|1|1|1|1|1|1|0
22704,2,False,2,12,0,0|0|4|0|0|4|9|2|0|2|0|0|2|0|9
22705,8,False,8,7,8,3|3|8|3|8|8|8|3|3|8|3|8|3|8|8
22724,0,True,1,10,1,2|1|1|0|1|1|1|1|0|0|1|1|1|0|0
22737,5,True,9,3,5,8|5|9|5|5|5|5|5|5|5|3|5|5|5|5
22741,2,True,3,12,3,4|4|4|2|2|3|9|4|3|3|2|3|4|3|3
22742,2,True,3,14,3,3|2|3|3|3|3|3|3|3|3|3|3|3|3|0
22750,6,True,0,13,0,2|0|0|0|2|6|0|0|0|0|6|0|8|8|0
22758,2,True,3,6,2,3|3|2|2|2|3|3|2|2|3|2|2|2|3|2
22781,6,True,0,3,6,6|0|6|6|6|6|6|6|6|6|6|0|0|6|6
22787,9,True,7,10,7,7|7|7|7|9|7|9|7|7|7|9|7|9|7|9
22789,0,True,2,4,0,0|0|2|2|2|0|0|0|0|2|0|0|0|0|0
22818,4,False,4,7,4,4|4|4|0|9|9|9|4|4|9|9|4|9|4|4
22840,4,True,7,14,7,3|4|8|7|7|7|7|7|8|8|7|7|3|7|7
22849,6,True,9,15,5,5|5|5|5|5|5|5|5|5|5|5|5|5|5|5
22854,4,True,6,7,4,2|4|4|2|6|4|6|4|4|6|6|6|4|4|4
22862,1,False,1,3,1,7|1|1|1|1|1|1|1|1|0|1|7|1|1|1
22895,0,True,2,15,4,2|4|4|4|2|6|2|2|4|4|6|6|2|4|6
22903,5,True,9,1,5,9|5|5|5|5|5|5|5|5|5|5|5|5|5|5
22914,4,True,1,15,1,1|1|1|1|1|1|1|1|1|0|1|1|1|1|1
22917,4,False,4,6,4,9|4|4|9|4|4|9|4|9|9|9|4|4|4|4
22925,6,True,3,13,3,3|3|6|3|3|3|3|3|3|3|3|3|3|3|6
22930,1,False,1,7,1,1|1|1|1|1|1|7|7|4|1|0|7|7|1|7
22937,2,True,9,15,5,1|8|5|5|3|5|5|5|5|8|7|5|5|5|1
22988,9,False,9,12,5,5|5|5|5|5|5|9|5|9|5|9|5|5|5|5
22996,9,True,8,13,8,8|8|4|8|8|9|9|8|3|8|8|8|4|4|7
23028,4,True,1,13,1,1|1|4|1|1|1|1|1|1|1|1|4|1|1|1
23097,3,False,3,8,3,6|3|3|3|6|6|2|6|6|3|6|3|0|3|3
23109,3,False,3,8,3,3|3|6|3|3|6|6|6|3|3|2|3|2|2|0
23114,6,True,3,11,3,3|3|2|6|2|3|6|3|6|3|3|6|2|3|3
23143,7,True,1,4,7,7|1|1|1|7|7|7|7|7|7|7|7|1|7|7
23185,5,False,5,2,5,5|5|1|5|5|5|5|5|1|5|5|5|5|5|5
23195,9,True,4,8,4,4|4|4|9|4|4|9|9|4|9|4|9|9|4|9
23200,6,True,3,11,3,3|1|2|3|1|6|3|1|6|3|6|6|2|3|3
23206,7,True,3,15,6,6|4|4|6|2|6|2|6|2|6|6|3|6|6|6
23218,7,False,7,1,7,7|7|7|7|3|7|7|7|7|7|7|7|7|7|7
23229,0,False,0,11,6,6|6|0|6|6|0|6|6|6|6|6|6|6|0|0
23239,1,True,5,10,5,3|5|1|1|5|5|1|1|5|5|1|5|5|5|5
23240,3,True,2,13,4,0|8|4|9|6|0|3|4|6|4|6|0|3|4|9
23244,5,True,8,15,8,8|8|8|8|8|8|9|8|8|8|8|8|8|8|8
23245,3,False,3,5,3,3|3|7|2|3|3|3|3|3|2|2|3|2|3|3
23282,6,False,6,11,4,6|4|4|4|4|8|6|4|4|6|4|4|2|6|0
23293,2,True,5,15,7,7|7|5|5|7|5|7|7|7|5|7|5|5|5|7
23311,2,True,3,14,6,6|3|6|6|3|3|6|6|6|6|3|6|6|2|0
23313,8,False,8,4,8,8|8|8|8|8|6|8|3|8|3|8|8|8|8|7
23326,9,True,4,10,4,4|4|4|9|9|4|9|4|4|9|4|9|4|4|4
23328,7,True,5,8,5,5|7|5|7|7|5|5|5|5|5|7|5|7|7|7
23332,6,True,0,7,6,8|0|4|6|6|8|6|6|6|6|0|6|4|0|6
23333,5,False,5,8,-1,7|5|5|7|5|8|7|5|7|7|7|5|7|5|5
23352,9,True,4,14,4,4|4|4|4|9|4|4|4|4|4|4|4|4|4|4
23355,1,False,1,1,1,1|1|1|1|1|1|1|1|0|1|1|1|1|1|1
23356,4,False,4,12,9,4|3|4|4|3|9|9|9|9|9|2|2|9|9|9
23373,5,False,5,8,5,3|5|5|1|5|5|1|1|5|7|5|1|8|7|5
23375,2,True,5,15,5,5|5|7|7|5|5|5|5|5|5|5|5|5|5|5
23379,4,True,6,7,4,4|4|4|4|9|9|9|9|4|9|4|9|4|4|9
23385,1,False,1,3,1,1|1|1|0|1|0|1|1|1|0|1|1|1|1|1
23437,4,False,4,7,4,4|4|4|4|3|4|9|3|2|3|4|2|4|4|3
23460,5,True,9,1,5,5|5|5|5|5|5|9|5|5|5|5|5|5|5|5
23465,4,True,6,15,6,6|0|6|6|6|6|6|6|6|6|0|0|0|6|6
23481,9,True,8,15,8,8|8|8|8|8|8|8|8|8|8|8|8|8|8|8
23484,4,True,6,12,6,6|4|6|1|4|6|6|6|6|6|0|4|0|0|6
23488,9,True,4,15,4,2|4|4|4|6|6|6|4|4|4|6|6|4|4|2
23511,5,True,9,0,5,5|5|5|5|5|5|5|5|5|5|5|5|5|5|5
23514,0,True,1,14,1,1|1|1|1|1|7|1|1|6|7|7|1|1|1|0
23517,6,False,6,13,4,3|4|4|4|6|4|4|4|4|6|4|4|4|4|4
23522,9,False,9,13,5,5|5|5|5|5|9|9|5|5|5|5|5|5|5|5
23523,5,False,5,10,5,3|5|7|3|3|5|1|1|7|5|5|7|5|7|3
23528,8,False,8,2,8,8|8|8|8|8|1|8|8|8|8|8|8|8|8|1
23536,9,False,9,13,5,5|5|9|5|5|5|5|5|5|5|5|9|5|5|5
23552,9,True,7,14,7,7|7|1|7|9|7|7|7|7|5|7|7|7|1|1
23561,2,True,7,14,7,7|7|7|2|7|7|9|7|7|7|7|7|7|7|7
23562,7,True,8,14,8,8|8|8|8|8|8|8|8|8|8|8|8|8|8|7
23572,9,True,7,15,7,7|3|7|7|7|3|7|7|8|7|7|7|7|7|7
23592,0,False,0,12,6,6|6|6|6|6|6|6|0|6|6|6|6|0|6|0
23593,9,False,9,15,5,5|5|5|5|5|5|5|5|5|5|5|5|5|5|5
23618,7,True,3,15,2,3|2|3|3|2|4|2|6|6|8|2|6|2|2|6
23648,2,True,5,14,5,2|5|5|5|5|5|7|5|5|5|5|5|5|5|5
23649,4,False,4,12,3,3|3|4|3|3|3|3|3|4|3|3|6|4|3|3
23652,3,True,2,11,-1,3|2|4|2|1|4|3|3|0|3|4|6|4|0|2
23658,9,False,9,14,5,5|5|5|5|5|5|5|5|9|2|5|5|7|5|3
23688,6,False,6,14,4,4|4|4|4|4|4|4|4|4|6|4|4|4|4|4
23701,7,False,7,1,7,7|7|7|7|5|7|7|7|7|7|7|7|7|7|7
23703,0,True,1,7,0,1|0|1|1|6|0|3|1|0|0|0|0|0|1|0
23708,3,False,3,10,3,3|3|2|3|0|8|3|2|2|3|7|8|2|4|6
23747,9,True,8,15,8,8|8|8|8|8|8|8|8|8|8|8|8|8|8|8
23782,2,True,3,8,3,3|3|2|3|3|3|2|3|2|3|2|2|2|3|2
23797,7,True,5,11,5,5|5|7|5|3|7|7|5|7|5|5|5|5|1|5
23819,2,False,2,6,2,2|4|2|2|2|2|0|0|2|2|2|0|2|4|0
23837,0,True,2,11,2,2|2|2|0|2|4|2|0|4|2|0|4|2|0|2
23856,9,False,9,15,5,5|5|5|5|5|5|5|5|5|5|5|5|5|5|5
23861,1,False,1,2,1,1|1|1|1|1|1|1|1|0|0|1|1|1|1|1
23884,1,True,3,15,6,4|3|6|6|3|6|3|6|6|6|6|6|4|2|6
23897,6,True,3,14,3,3|3|3|2|3|6|3|3|3|3|3|3|2|3|3
23919,9,True,7,15,5,3|7|3|5|2|5|7|5|4|5|5|1|5|7|5
23947,4,True,6,8,-1,6|4|4|4|6|4|6|4|4|6|6|6|0|6|4
23952,5,False,5,9,5,8|5|8|1|8|5|1|5|7|5|5|2|8|5|8
23960,0,True,1,9,1,0|1|1|0|1|1|1|1|0|0|1|1|1|0|0
23970,4,True,6,2,4,4|4|4|6|4|4|4|4|4|4|4|4|4|4|6
23973,5,False,5,11,7,7|7|7|5|3|7|5|3|3|5|3|7|5|1|2
23988,3,True,5,15,5,5|5|8|5|5|5|1|5|2|5|5|2|5|5|5
24037,9,False,9,15,5,5|5|5|5|5|5|5|5|5|5|5|5|5|5|5
24045,2,True,3,14,4,3|3|4|4|3|3|0|4|4|9|3|2|9|4|4
24047,7,True,8,7,7,7|8|8|7|8|7|8|7|7|7|8|4|8|7|7
24057,1,True,4,15,3,3|8|3|3|5|6|6|5|4|5|9|0|3|8|0
24064,4,True,6,13,6,6|6|4|6|6|6|6|6|4|6|0|6|0|0|6
24088,8,False,8,4,8,8|8|8|8|3|3|3|8|8|8|8|8|8|8|3
24094,9,True,7,8,9,7|7|7|2|9|7|9|9|9|9|7|9|2|9|7
24123,3,True,5,14,5,5|7|7|5|8|5|5|5|3|5|5|5|7|1|5
24134,7,True,1,14,-1,1|8|1|2|2|0|1|1|2|5|3|7|2|3|0
24142,6,True,1,15,1,1|1|1|1|1|1|1|1|1|1|7|1|1|1|1
24160,7,False,7,0,7,7|7|7|7|7|7|7|7|7|7|7|7|7|7|7
24164,1,False,1,5,1,1|1|1|1|1|7|1|1|8|7|1|0|0|1|1
24172,9,True,4,15,0,0|8|0|0|0|0|6|5|2|8|2|7|8|0|2
24175,7,True,8,13,8,8|8|8|8|7|8|8|8|8|4|7|8|8|8|1
24201,5,False,5,6,5,5|5|5|5|3|3|7|5|5|3|1|5|5|1|5
24206,6,True,2,13,4,3|4|4|4|4|6|4|4|4|9|6|4|4|4|2
24209,7,False,7,9,7,9|7|5|7|7|7|5|7|9|9|2|9|5|7|9
24279,9,False,9,13,5,5|5|5|5|5|5|9|5|5|5|2|7|5|5|9
24282,2,False,2,11,8,3|8|4|5|3|8|2|8|2|2|8|3|8|2|1
24294,0,True,1,14,3,3|3|3|3|3|3|3|3|3|3|0|3|3|3|6
24324,2,True,3,14,3,3|3|4|3|3|9|9|3|3|3|3|9|2|4|9
24331,6,False,6,14,2,2|2|2|6|2|0|0|2|4|2|2|0|2|0|0
24337,0,False,0,14,2,2|3|2|2|2|3|3|2|7|0|7|3|2|2|2
24345,9,True,4,15,4,6|4|4|4|4|4|4|4|4|4|6|4|4|8|4
24346,2,True,3,12,6,6|6|6|6|2|2|6|6|6|6|6|0|2|0|6
24381,0,True,1,11,-1,3|4|0|1|0|0|3|1|4|0|7|4|1|6|1
24383,9,True,6,15,4,4|4|4|2|0|6|8|0|4|3|0|6|2|8|4
24386,3,False,3,7,3,3|3|3|3|3|3|6|3|8|6|6|3|2|2|2
24392,1,False,1,7,1,0|1|1|0|1|1|1|1|0|0|1|0|0|1|0
24405,6,False,6,12,4,4|4|4|4|4|6|4|4|6|4|2|6|2|4|4
24408,3,True,8,10,8,5|3|8|3|3|8|8|8|8|3|8|5|3|8|7
24420,6,False,6,4,6,6|0|6|6|6|6|6|6|6|6|6|6|0|0|0
24438,6,False,6,14,4,4|4|4|4|4|6|4|4|4|4|4|4|4|4|4
24448,4,True,6,13,8,3|8|4|8|8|8|7|6|4|8|8|8|3|2|8
24451,0,True,1,12,1,1|1|1|0|0|0|1|1|6|1|1|1|1|1|1
24454,0,True,1,13,1,1|1|1|1|1|0|1|1|1|0|1|1|1|1|1
24465,4,False,4,9,9,4|4|4|9|9|9|9|4|4|9|9|4|9|9|9
24486,1,False,1,15,3,3|3|8|3|3|6|2|3|6|3|3|3|3|3|3
24506,4,False,4,12,3,3|3|4|3|3|0|9|6|4|3|4|1|3|1|3
24509,9,True,3,15,3,3|8|3|5|3|8|1|7|6|3|3|3|2|3|3
24514,3,True,2,15,4,4|4|4|4|4|4|4|4|4|4|4|4|4|4|4
24521,1,True,5,12,5,3|5|1|5|5|5|5|5|5|5|1|5|5|1|5
24537,9,True,4,14,4,4|4|4|4|9|4|4|4|4|4|4|0|4|4|4
24539,3,True,8,13,8,8|8|8|8|8|8|8|8|8|8|8|8|3|3|8
24542,4,True,6,6,4,4|4|4|4|6|6|6|4|4|4|6|0|4|4|6
24556,2,False,2,13,0,0|2|0|0|2|0|0|0|0|0|0|0|0|0|0
24564,7,False,7,2,7,7|7|7|7|7|7|9|7|7|7|7|7|7|8|7
24568,7,True,5,12,5,5|5|5|5|7|5|5|5|5|5|5|2|7|5|7
24571,9,False,9,14,5,5|5|5|5|5|5|5|5|9|5|5|5|5|5|5
24576,2,True,3,12,3,3|1|7|2|8|3|3|2|7|3|0|3|3|3|2
24582,8,False,8,1,8,8|8|8|8|8|8|8|8|8|3|8|8|8|8|8
24592,2,False,2,10,0,0|2|0|2|2|0|0|2|0|2|0|0|8|0|0
24602,0,False,0,11,6,6|6|6|6|6|6|6|6|6|0|0|6|0|0|6
24614,3,True,8,13,8,8|8|8|3|8|8|8|8|3|8|8|8|8|8|8
24615,9,True,4,10,4,2|4|4|2|3|4|9|4|9|9|9|9|4|4|4
24627,6,True,0,14,4,3|4|4|4|4|8|9|8|6|9|4|4|9|4|9
24644,0,False,0,13,6,6|6|6|6|6|6|6|6|6|0|6|6|0|6|6
24649,9,True,4,7,9,9|4|4|9|9|9|9|4|4|9|9|4|4|4|9
24653,0,False,0,11,6,6|0|6|6|6|6|6|0|4|6|0|6|0|6|6
24658,8,False,8,5,8,7|8|8|3|8|3|8|8|8|8|8|3|3|8|8
24667,4,True,7,10,7,7|4|4|7|4|7|7|7|4|7|7|7|4|7|9
24668,2,True,7,11,7,7|7|2|2|3|7|7|5|7|2|7|9|7|7|2
24683,5,False,5,11,2,2|5|2|2|2|5|1|5|2|2|2|2|5|0|2
24706,1,False,1,9,0,0|1|1|1|0|0|3|0|0|0|1|0|1|1|0
24709,6,True,0,2,6,6|6|6|6|6|6|6|6|6|6|6|6|0|0|6
24712,4,True,6,4,4,4|4|4|4|6|4|4|4|4|8|6|4|4|6|4
24720,2,False,2,11,0,2|2|0|2|0|0|2|0|0|0|0|0|0|0|0
24721,9,True,4,8,4,4|4|4|9|4|4|9|9|9|9|9|4|4|4|9
24736,4,True,6,11,0,6|4|0|0|0|4|6|1|4|0|0|0|2|4|0
24793,2,True,9,7,2,2|9|2|2|5|5|9|5|2|9|2|2|2|9|2
24803,9,True,4,7,9,4|4|4|4|9|9|9|4|4|9|9|9|9|4|9
24816,1,True,8,15,8,8|8|8|8|3|8|8|8|3|8|8|8|8|8|8
24817,0,True,2,4,0,2|0|0|2|0|0|6|0|0|2|0|0|0|0|0
24824,0,True,2,15,6,6|4|8|4|2|6|2|1|6|4|6|6|4|2|2
24829,3,True,8,15,8,8|8|8|8|8|8|8|8|8|8|8|8|8|8|8
24839,7,False,7,3,7,5|7|3|7|7|7|7|7|7|7|7|3|7|7|7
24840,5,True,9,0,5,5|5|5|5|5|5|5|5|5|5|5|5|5|5|5
24845,6,False,6,3,6,6|0|6|6|6|0|6|6|6|6|6|6|6|0|6
24865,6,True,0,3,6,6|6|6|6|6|6|6|6|6|6|6|6|0|0|0
24899,1,False,1,9,7,7|7|1|1|7|7|7|1|1|7|1|7|1|7|7
24919,6,True,0,4,6,6|0|6|6|6|6|6|6|6|0|6|6|0|6|0
24936,4,False,4,2,4,4|4|4|4|6|4|4|4|4|4|4|4|4|4|6
24971,7,True,1,15,1,1|1|1|1|1|1|1|1|1|1|1|1|1|1|1
24991,8,False,8,2,8,8|8|8|8|8|8|9|8|8|3|8|8|8|8|8
25007,6,True,0,5,6,6|0|6|6|6|6|6|6|6|6|0|0|0|0|6
25011,5,True,9,2,5,5|5|5|5|9|5|5|5|5|5|9|5|5|5|5
25020,5,True,9,2,5,5|5|5|5|5|5|9|5|5|5|5|5|5|5|9
25036,2,True,5,14,5,5|5|5|7|5|5|5|7|5|5|7|2|5|5|5
25039,4,True,6,1,4,6|4|4|4|4|4|4|4|4|4|4|4|4|4|4
25087,0,False,0,9,6,6|0|4|6|6|6|6|6|6|0|0|6|0|0|0
25089,0,True,1,13,1,1|1|1|1|1|0|1|1|1|0|1|1|1|1|1
25100,6,True,3,13,3,3|3|2|2|3|3|6|3|3|3|6|3|3|3|3
25115,2,True,3,8,3,3|3|2|2|2|3|3|2|2|3|2|3|2|3|3
25129,7,True,1,15,1,3|1|1|1|6|0|3|1|0|0|1|6|2|1|1
25132,6,True,0,4,6,6|6|6|6|0|6|6|0|6|6|6|6|0|0|6
25134,2,True,5,14,7,7|8|7|2|5|5|7|5|5|7|3|7|7|5|7
25162,6,True,0,4,6,6|0|6|6|1|6|6|6|4|6|6|6|6|6|0
25168,8,False,8,8,8,8|5|3|8|8|5|1|8|5|8|3|8|2|8|5
25178,8,False,8,3,8,8|4|8|8|8|8|9|8|8|8|8|8|8|8|3
25328,3,True,8,14,8,1|8|8|8|9|8|9|3|8|8|8|4|4|8|9
25331,6,True,0,13,3,8|2|2|6|3|8|8|3|6|3|3|3|5|3|8
25342,6,True,0,1,6,6|0|6|6|6|6|6|6|6|6|6|6|6|6|6
25386,2,False,2,8,2,2|4|4|2|0|8|2|2|4|2|4|6|2|2|6
25438,9,True,6,15,8,8|8|4|6|6|6|8|8|4|4|0|0|8|6|8
25458,9,False,9,14,5,5|5|5|5|5|5|5|5|5|5|5|5|5|5|9
25464,6,True,0,2,6,6|6|6|6|6|6|6|6|6|6|6|6|0|6|1
25470,8,False,8,2,8,3|8|8|8|8|8|8|3|8|8|8|8|8|8|8
25475,5,False,5,5,5,5|5|5|5|5|5|7|5|5|3|1|5|7|1|5
25486,5,True,9,0,5,5|5|5|5|5|5|5|5|5|5|5|5|5|5|5
25488,5,True,9,1,5,5|5|5|5|5|5|9|5|5|5|5|5|5|5|5
25504,1,False,1,13,6,2|3|1|6|3|6|3|6|6|6|6|1|2|0|4
25515,1,True,8,15,8,7|8|5|8|8|8|8|7|9|8|8|7|7|7|5
25526,9,True,6,15,4,2|4|4|4|4|4|4|4|4|4|4|4|2|0|6
25540,4,True,6,13,6,6|4|4|6|6|6|6|6|6|6|6|0|0|6|6
25555,1,True,5,13,5,2|3|8|5|2|5|5|5|5|5|1|2|5|1|5
25575,1,True,5,14,5,5|5|5|7|2|5|5|7|5|5|5|5|5|1|7
25590,3,True,8,13,8,8|8|8|3|8|8|8|8|3|8|8|8|8|8|8
25591,0,True,1,6,0,0|1|1|0|1|0|3|1|0|0|0|0|0|1|0
25595,9,True,6,15,2,0|2|0|2|2|2|8|0|4|2|0|2|2|2|0
25626,5,True,9,1,5,5|5|5|5|5|5|5|5|5|5|5|5|5|5|9
25630,3,True,8,9,8,3|3|8|8|3|3|1|3|3|8|8|8|8|1|8
25634,7,False,7,9,7,8|7|5|7|7|3|7|7|5|7|5|2|2|1|5
25635,9,False,9,15,5,5|5|5|5|5|5|5|5|5|5|5|5|5|5|5
25636,9,False,9,14,5,5|5|5|5|5|5|5|5|5|5|5|5|5|5|9
25653,9,False,9,15,5,5|5|5|5|5|5|5|5|5|5|5|5|5|5|5
25656,0,False,0,14,6,6|4|6|6|6|6|6|6|6|6|6|6|0|6|6
25657,1,True,8,14,8,8|8|8|1|8|0|8|8|8|8|8|8|8|8|7
25662,9,True,8,15,8,8|8|8|8|8|8|8|8|8|8|8|8|8|3|8
25668,9,True,4,10,4,4|4|4|9|9|4|2|4|4|9|9|4|4|4|9
25669,5,False,5,4,5,3|5|5|5|3|5|1|5|5|5|5|5|5|5|3
25679,4,False,4,6,4,2|4|4|4|4|4|9|0|4|9|4|4|9|9|4
25687,8,False,8,2,8,8|8|8|8|3|8|3|8|8|8|8|8|8|8|8
25693,5,False,5,10,-1,7|7|7|7|3|5|1|5|1|5|3|5|7|5|1
25703,8,False,8,4,8,8|8|1|1|8|8|8|8|8|8|8|8|8|1|1
25708,6,True,1,15,1,1|1|1|1|1|7|1|1|1|7|1|1|1|1|1
25713,0,False,0,13,6,6|3|6|6|3|6|6|6|0|6|6|6|0|6|6
25721,2,True,5,14,5,5|7|5|1|5|5|2|5|7|5|5|7|5|7|5
25746,5,True,9,1,5,5|5|5|5|9|5|5|5|5|5|5|5|5|5|5
25782,1,False,1,5,1,7|1|1|1|1|7|1|1|4|0|1|1|1|1|0
25790,4,False,4,6,4,4|4|4|2|6|4|9|4|4|9|4|4|9|4|9
25792,5,True,9,1,5,5|5|5|5|9|5|5|5|5|5|5|5|5|5|5
25815,6,False,6,0,6,6|6|6|6|6|6|6|6|6|6|6|6|6|6|6
25818,9,True,4,5,9,9|4|4|4|9|9|9|9|4|9|9|4|9|9|9
25821,1,False,1,9,0,0|1|1|0|1|0|2|1|1|0|0|0|0|1|0
25844,9,False,9,13,5,7|7|9|7|5|5|5|5|5|5|5|5|9|5|7
25849,9,True,6,15,4,4|4|4|4|4|4|4|4|4|4|4|4|4|4|4
25923,6,True,2,15,-1,4|4|4|9|3|4|9|4|4|9|9|9|9|4|9
25924,1,False,1,2,1,1|1|1|1|1|1|1|1|7|7|1|1|1|1|1
25930,1,True,4,15,6,3|4|6|4|3|4|6|2|6|2|9|6|3|4|6
25942,1,False,1,10,7,7|7|1|1|1|7|7|1|7|7|7|7|7|7|1
25945,8,False,8,2,8,3|8|8|8|8|8|8|8|8|8|3|8|8|8|8
25955,0,False,0,15,8,5|8|8|7|3|3|3|4|2|8|8|5|8|6|3
25961,0,True,2,0,0,0|0|0|0|0|0|0|0|0|0|0|0|0|0|0
25979,2,False,2,11,8,0|8|8|6|8|3|4|8|6|8|2|6|2|2|2
26010,5,True,9,9,5,5|3|5|5|9|9|9|4|9|5|9|1|5|5|3
26051,6,False,6,15,4,4|4|4|4|4|4|4|4|4|4|4|4|4|4|4
26074,5,True,9,6,5,5|7|9|1|5|5|5|5|9|5|9|5|5|9|5
26087,7,True,5,11,5,3|5|5|5|7|5|8|7|5|5|7|5|5|7|3
26106,9,False,9,14,5,9|5|5|5|5|5|5|5|5|5|5|5|5|5|5
26108,0,False,0,11,6,6|6|6|6|6|6|6|6|6|6|6|0|0|0|0
26112,0,True,2,7,0,0|2|4|2|8|4|0|0|0|0|2|4|0|0|0
26146,5,False,5,7,5,5|5|5|7|5|7|7|7|2|5|7|5|5|1|5
26151,7,False,7,3,7,7|7|7|7|7|7|7|7|7|9|2|7|7|9|7
26169,8,False,8,4,8,8|8|8|8|8|7|8|8|8|7|8|8|7|8|7
26170,7,False,7,3,7,7|1|3|3|7|7|7|7|7|7|7|7|7|7|7
26183,3,False,3,13,4,3|4|7|6|3|0|8|4|4|6|4|0|2|4|2
26186,5,True,9,8,5,5|5|9|2|9|9|9|5|5|9|2|5|5|9|5
26191,3,True,8,13,8,8|3|8|8|8|8|8|8|8|8|8|8|8|8|3
26204,0,False,0,7,0,6|0|6|6|0|6|6|0|4|6|0|0|0|0|0
26247,4,True,6,15,6,6|6|6|6|6|6|6|6|0|6|2|6|2|0|6
26288,0,False,0,9,6,0|6|6|6|6|6|6|6|6|6|0|0|0|0|0
26306,9,False,9,15,5,5|5|5|5|5|5|5|5|5|5|5|5|5|5|5
26343,5,False,5,8,-1,5|5|1|1|3|5|1|5|5|5|1|1|5|1|1
26352,9,False,9,13,5,5|5|7|2|5|5|9|7|4|5|5|5|7|9|6
26370,0,True,1,15,1,1|1|1|1|1|1|7|1|1|1|1|1|1|1|1
26396,5,True,9,9,-1,5|5|7|9|5|7|9|7|9|5|5|9|5|9|9
26436,0,True,1,10,1,0|1|1|1|0|1|3|1|1|0|1|0|1|0|1
26441,6,True,0,1,6,6|6|6|6|6|6|6|6|6|6|6|6|0|6|6
26457,6,True,3,13,3,3|3|2|2|3|6|3|3|6|3|3|3|2|8|3
26469,7,True,8,12,8,8|8|8|8|8|8|8|8|8|8|7|8|8|7|7
26481,2,False,2,8,2,8|8|4|2|2|8|2|2|4|8|6|4|2|2|2
26493,5,False,5,2,5,5|5|5|5|3|5|5|5|5|5|5|5|5|1|5
26508,3,True,8,14,8,8|8|8|8|8|8|8|8|8|8|8|8|8|8|3
26549,3,True,8,15,8,8|8|8|8|8|8|8|8|8|8|8|8|8|8|7
26570,5,True,9,4,5,9|8|5|5|5|5|5|5|5|5|7|5|5|5|9
26582,9,False,9,15,5,5|5|5|5|5|5|5|5|5|5|5|5|5|5|5
26593,8,False,8,3,8,8|8|8|1|8|8|8|8|6|8|8|8|8|8|1
26600,8,False,8,6,8,3|3|8|8|3|8|8|3|8|8|8|3|8|3|8
26616,9,True,4,8,4,4|4|4|4|4|4|9|9|4|9|9|9|9|4|9
26619,4,True,6,1,4,4|4|4|4|4|4|2|4|4|4|4|4|4|4|4
26669,7,False,7,2,7,7|7|4|7|7|7|7|7|4|7|7|7|7|7|7
26698,0,False,0,12,6,6|6|6|6|6|6|6|6|6|0|6|6|0|0|6
26701,9,True,4,15,0,7|0|1|1|2|6|5|1|0|7|8|0|7|3|0
26720,8,True,2,14,2,2|2|2|5|8|2|2|2|2|2|2|0|2|2|2
26747,3,False,3,12,2,3|2|2|2|2|8|2|3|6|2|2|3|2|2|2
26749,1,False,1,4,1,1|1|1|1|1|1|7|1|7|7|7|1|1|1|1
26758,4,True,6,11,0,2|4|4|0|4|0|2|0|4|2|0|0|0|0|0
26762,6,True,1,14,1,7|1|1|1|1|1|1|1|6|7|1|1|1|1|1
26796,4,True,7,12,7,4|4|7|7|5|7|7|7|4|5|7|7|5|7|7
26807,5,True,9,0,5,5|5|5|5|5|5|5|5|5|5|5|5|5|5|5
26817,8,False,8,8,8,0|3|3|3|8|3|9|8|3|8|8|8|3|8|8
26863,5,False,5,5,5,5|5|5|5|9|5|5|5|3|8|3|5|5|5|2
26879,3,False,3,11,3,2|4|2|3|3|8|6|4|6|7|3|6|2|3|0
26884,9,False,9,15,5,5|5|5|5|5|5|5|5|5|5|5|5|5|5|5
26892,0,True,2,7,0,0|0|0|2|2|0|6|0|2|6|0|3|0|2|0
26902,9,False,9,14,5,5|5|5|2|5|5|5|5|5|5|5|5|5|9|5
26905,1,False,1,5,1,1|1|1|1|1|1|1|1|0|0|0|0|1|1|0
26951,6,True,2,15,4,4|4|4|4|4|9|9|4|4|4|4|4|9|4|9
26952,1,False,1,11,7,7|4|1|1|7|7|7|1|4|7|1|4|7|7|0
26968,9,True,7,15,7,7|5|7|7|5|5|7|5|7|7|7|7|7|7|7
26983,9,True,4,8,9,2|4|4|9|9|4|9|4|9|3|4|9|9|4|9
26987,3,True,8,15,8,8|8|8|8|8|8|8|8|8|8|8|8|8|8|8
27005,3,True,8,15,8,8|8|8|8|8|8|8|8|8|8|8|8|8|8|8
27015,8,True,7,15,5,7|5|5|5|3|5|5|5|9|5|5|5|5|5|9
27043,1,True,8,15,8,3|8|8|5|3|8|8|8|8|8|8|8|8|3|8
27052,1,False,1,5,1,7|1|1|1|1|4|1|1|4|1|7|1|1|1|7
27056,6,False,6,13,4,2|8|4|2|4|4|4|4|4|6|2|6|2|4|4
27059,6,True,0,3,6,6|6|6|6|6|6|6|6|4|6|0|6|6|0|6
27075,8,False,8,3,8,8|3|8|8|8|8|8|8|3|8|3|8|8|8|8
27079,2,True,5,15,5,5|5|7|5|5|7|5|7|5|5|5|7|5|5|5
27093,7,True,1,7,7,7|1|1|1|7|7|7|1|6|7|7|1|1|7|7
27144,4,False,4,10,9,2|4|4|9|9|4|9|4|4|9|9|0|9|9|9
27154,6,False,6,2,6,6|0|4|6|6|6|6|6|6|6|6|6|6|6|6
27156,7,True,1,10,1,1|7|1|1|7|1|7|1|1|7|1|7|1|1|0
27175,5,True,9,0,5,5|5|5|5|5|5|5|5|5|5|5|5|5|5|5
27190,4,True,6,2,4,4|4|4|6|4|4|4|4|4|4|4|4|4|4|6
27193,5,True,8,15,8,8|8|8|8|8|8|8|8|8|8|8|8|8|8|8
27205,6,False,6,12,4,6|4|4|4|4|6|4|4|4|4|6|4|4|4|4
27208,4,True,6,7,4,4|4|4|9|1|9|9|4|4|4|9|0|4|4|2
27211,2,False,2,14,4,3|4|4|4|3|3|9|4|4|9|4|2|9|4|9
27214,8,False,8,1,8,8|8|8|8|8|7|8|8|8|8|8|8|8|8|8
27250,0,True,2,4,0,0|0|0|0|0|4|6|0|0|5|0|0|0|4|0
27287,3,True,5,10,5,3|5|5|3|3|5|5|5|3|5|3|5|5|5|5
27298,4,True,6,11,-1,6|0|4|4|6|0|6|4|4|6|0|0|8|6|0
27300,4,False,4,6,4,1|4|4|2|6|4|6|4|2|4|4|0|4|4|4
27302,9,False,9,13,5,5|5|5|5|5|5|5|5|9|8|5|5|5|5|9
27303,6,True,0,5,6,6|0|6|6|0|6|6|0|6|6|6|6|0|0|6
27311,5,False,5,6,5,3|5|3|5|5|5|7|5|5|5|1|5|5|7|1
27325,3,True,7,15,7,7|7|7|7|7|2|7|7|7|7|7|7|7|7|7
27328,9,False,9,14,5,5|5|5|5|5|5|5|5|9|5|5|5|5|5|5
27335,3,True,5,14,7,7|7|7|7|3|5|1|7|9|5|7|7|7|5|7
27380,9,True,7,12,7,7|7|7|7|7|7|7|7|9|9|7|7|7|7|9
27385,3,False,3,7,3,3|2|2|3|3|6|3|6|6|3|3|3|2|4|3
27403,9,False,9,14,5,5|5|5|5|5|5|9|5|5|5|5|5|5|5|5
27421,0,True,2,12,4,4|4|4|0|4|3|6|0|4|9|0|6|4|4|4
27442,8,False,8,2,8,8|8|8|8|8|8|8|2|8|8|8|8|8|8|1
27446,7,True,8,15,8,0|8|8|8|8|8|8|8|8|8|8|8|8|8|8
27455,6,True,5,15,5,5|7|5|2|5|7|7|7|5|5|2|1|5|5|1
27461,3,False,3,13,4,6|4|4|3|4|4|3|6|8|8|6|6|4|8|4
27465,3,True,5,14,5,5|5|7|5|5|8|5|3|7|5|9|2|9|7|7
27472,9,True,4,10,4,4|4|4|9|9|4|9|4|4|4|9|4|4|4|9
27473,2,True,3,15,4,4|4|4|4|4|6|3|4|4|4|3|6|4|4|9
27501,5,True,8,11,8,8|3|3|8|5|7|8|7|8|5|7|5|8|2|5
27505,9,True,4,15,4,4|4|4|4|6|0|0|0|4|0|4|0|0|4|4
27532,8,True,5,15,5,5|5|7|2|2|5|7|5|5|2|5|5|5|7|2
27547,8,False,8,7,8,8|3|4|8|1|8|8|8|6|8|8|0|7|8|1
27555,4,True,6,12,6,6|4|4|6|6|6|6|4|6|6|0|6|0|0|6
27566,9,True,7,15,7,7|5|7|7|7|3|7|7|7|7|3|7|7|7|7
27595,2,True,9,15,5,5|5|5|5|5|9|9|5|5|5|5|5|5|5|9
27601,9,True,4,11,4,3|4|4|9|9|3|9|4|4|6|4|2|2|2|9
27602,3,True,7,15,7,5|7|7|7|7|5|9|7|5|9|7|5|7|9|7
27632,9,True,4,7,9,9|4|4|4|9|9|9|4|4|9|9|4|9|4|9
27637,4,True,7,13,7,7|7|7|4|7|7|7|7|4|7|7|7|8|7|9
27643,1,False,1,2,1,1|1|1|1|1|1|1|1|1|7|1|1|1|1|0
27651,6,False,6,15,4,2|4|4|4|4|4|2|4|4|8|2|4|8|4|4
27653,0,True,1,10,1,1|1|1|0|1|1|1|1|0|0|1|0|0|1|1
27673,0,True,1,13,1,0|4|4|1|1|0|7|1|1|1|1|4|1|1|1
27683,0,True,2,5,0,2|0|0|0|0|0|4|0|4|0|0|2|0|0|2
27691,7,True,8,9,8,7|8|8|7|8|8|8|7|8|7|8|8|8|7|7
27699,1,False,1,10,1,6|4|1|3|1|6|3|1|0|6|0|4|0|1|1
27758,2,False,2,14,4,4|4|4|4|0|9|0|4|4|2|0|4|4|0|0
27800,3,True,8,12,8,3|3|8|8|8|8|3|7|6|8|7|7|8|8|7
27823,1,True,5,13,5,5|5|8|5|5|5|1|5|5|5|1|5|7|5|9
27824,9,True,7,13,7,7|7|7|7|7|7|9|5|7|9|7|7|7|7|7
27835,4,True,6,4,4,6|4|4|4|4|4|4|4|4|4|6|6|4|4|6
27864,6,True,2,12,0,0|0|0|0|0|6|0|6|8|6|2|0|2|0|8
27887,2,False,2,14,0,2|0|0|0|0|4|6|0|0|0|0|0|0|0|4
27908,6,True,0,1,6,6|6|6|6|6|6|6|6|6|6|6|6|6|0|6
27919,3,True,7,14,7,7|5|7|7|3|7|9|7|7|7|2|5|2|7|7
27929,5,False,5,7,5,5|5|1|1|1|5|3|5|1|5|5|5|5|1|1
27938,4,True,6,3,4,4|4|4|4|9|4|4|4|4|9|2|4|4|4|4
27991,9,False,9,8,9,7|9|9|2|7|9|9|5|9|9|1|9|7|7|5
27999,9,False,9,15,5,5|5|5|5|5|5|5|5|5|5|5|5|5|5|7
28003,0,True,1,14,1,1|1|1|1|1|1|1|1|1|1|1|0|1|1|1
28021,2,False,2,12,0,2|4|0|0|2|0|0|0|4|0|0|0|0|0|2
28035,2,True,3,13,3,3|3|7|2|3|6|3|3|3|3|3|3|2|3|3
28037,5,True,9,4,5,5|5|5|5|9|5|5|5|9|5|5|9|9|5|5
28050,4,True,6,11,0,0|4|4|2|2|0|2|0|4|0|0|0|4|0|2
28059,2,False,2,11,0,0|2|2|2|2|0|0|0|0|0|0|0|0|0|0
28075,1,True,5,9,5,5|5|1|5|5|5|1|1|1|5|1|5|3|3|1
28097,0,True,1,12,4,4|4|1|4|2|4|9|4|4|9|0|4|0|0|6
28112,0,True,1,12,1,1|1|1|1|1|1|1|1|1|0|1|1|1|0|0
28139,7,False,7,12,5,5|5|7|5|2|5|5|2|5|7|9|5|5|7|5
28140,6,True,0,5,6,6|0|6|6|6|6|6|6|6|0|0|6|0|0|6
28193,2,True,3,12,3,3|3|3|2|3|3|3|3|0|3|2|3|2|3|3
28198,2,True,7,15,7,7|7|7|7|7|7|9|7|7|7|7|7|9|7|7
28202,9,True,4,13,4,4|4|4|9|4|4|4|4|4|9|4|4|4|4|4
28208,4,True,6,3,4,4|4|4|6|4|6|4|4|4|4|6|4|4|4|4
28215,4,True,6,10,6,6|4|4|6|6|6|3|4|6|6|6|6|4|4|6
28306,8,False,8,2,8,8|8|8|8|8|8|8|8|8|7|8|8|8|8|1
28325,0,False,0,13,6,1|6|6|0|6|6|6|6|6|6|6|6|0|8|6
28336,3,False,3,8,3,3|3|1|2|3|8|1|3|7|3|3|3|2|2|0
28339,9,True,4,2,9,9|3|4|9|9|9|9|9|9|9|9|9|9|9|9
28354,2,True,3,7,2,2|3|2|2|3|3|2|2|2|3|3|3|2|3|2
28396,6,False,6,2,6,6|6|6|6|6|6|6|6|6|6|6|6|0|6|0
28399,2,False,2,10,0,0|0|2|2|8|0|2|0|0|2|0|0|0|0|2
28409,6,False,6,13,4,4|4|4|4|4|4|6|4|4|4|6|9|4|4|4
28413,9,True,8,15,8,3|8|8|8|3|8|3|3|8|8|8|8|8|8|8
28422,6,False,6,3,6,6|6|6|6|6|6|6|6|6|6|6|6|0|0|0
28441,0,True,2,13,6,6|8|2|0|2|6|6|6|6|4|6|6|8|2|0
28445,8,True,2,15,2,2|4|2|2|2|0|0|2|0|2|0|2|0|2|0
28450,7,True,5,7,7,7|5|7|7|5|5|5|7|7|5|7|5|5|7|7
28508,0,False,0,14,6,6|6|6|6|6|6|6|6|6|6|6|0|6|6|6
28532,9,True,8,15,8,3|8|8|8|8|8|3|8|8|8|8|8|8|8|8
28579,0,True,2,6,0,0|2|2|2|2|0|0|0|0|2|0|0|2|0|0
28581,5,True,9,1,5,5|5|5|5|5|5|5|5|5|5|5|5|5|5|9
28618,4,True,6,11,6,6|0|8|6|3|4|6|0|4|0|6|6|4|0|4
28675,9,True,8,15,8,8|8|8|8|8|5|8|8|8|8|8|8|8|8|8
28684,6,False,6,15,4,4|4|4|4|2|4|4|2|4|2|0|0|0|0|0
28687,2,True,3,6,2,3|3|3|2|2|2|3|2|2|3|3|2|2|2|2
28698,3,True,8,14,8,8|8|8|8|3|8|8|8|8|8|8|8|8|8|8
28712,9,False,9,15,5,5|5|5|5|5|5|5|5|5|5|5|5|5|5|5
28717,8,False,8,5,8,8|8|7|7|8|7|8|8|8|8|8|7|8|8|7
28745,6,False,6,12,4,6|4|4|4|6|4|6|4|4|4|4|0|4|4|4
28757,7,True,5,6,7,5|5|5|1|7|7|7|5|8|7|7|7|7|7|7
28762,6,True,0,1,6,6|6|6|6|6|6|6|6|6|6|6|6|6|0|6
28783,1,False,1,4,1,1|1|1|1|1|1|7|1|7|7|7|1|1|1|1
28786,6,True,2,14,2,2|4|4|2|2|3|6|9|2|3|2|2|2|2|2
28810,8,False,8,2,8,8|3|8|8|8|8|3|8|8|8|8|8|8|8|8
28823,0,False,0,13,6,6|0|6|6|6|6|6|6|6|6|6|6|6|6|0
28830,2,True,9,10,9,7|9|9|2|5|9|9|2|5|9|2|2|9|9|2
28852,8,False,8,1,8,8|8|8|8|8|8|8|8|8|8|8|8|8|8|1
28856,1,True,5,15,5,7|5|5|5|5|5|5|5|3|5|5|7|5|5|5
28859,6,False,6,2,6,6|3|6|6|6|6|6|6|6|6|6|6|6|4|6
28866,6,True,0,11,0,0|3|6|3|3|6|3|6|6|0|0|0|0|0|1
28880,7,True,1,11,1,7|1|7|1|1|6|1|3|0|0|7|3|1|3|7
28882,7,False,7,2,7,7|7|7|7|7|7|7|7|4|7|7|7|7|4|7
28908,5,False,5,7,5,4|5|1|1|1|5|1|5|5|5|1|5|5|1|5
28924,0,False,0,14,6,3|3|6|0|3|6|6|3|4|6|6|3|2|6|6
28929,7,False,7,15,5,6|5|5|5|5|5|9|5|5|5|2|5|5|5|9
28987,2,True,6,15,6,6|6|6|6|6|6|4|6|6|6|6|6|0|0|6
28990,1,False,1,3,1,1|1|1|1|1|6|1|1|6|0|1|1|1|1|1
28997,5,False,5,4,5,5|5|5|5|7|5|5|7|5|5|7|7|5|5|5
29009,4,True,6,3,4,4|4|4|4|6|6|4|4|4|9|4|4|4|4|4
29016,9,True,4,8,4,9|4|4|9|9|4|9|4|4|4|9|4|9|4|9
29019,0,True,1,12,1,0|1|1|1|1|1|1|1|0|0|1|1|1|1|1
29036,3,True,5,15,5,5|5|5|5|5|5|5|5|7|5|5|5|5|5|7
29048,0,True,2,14,4,3|4|4|4|4|4|4|4|4|4|4|0|2|4|4
29049,6,True,0,6,6,8|4|6|6|6|6|6|0|6|6|0|6|0|0|6
29065,7,True,5,7,7,7|5|7|5|7|5|7|7|2|5|7|5|5|7|7
29073,0,False,0,11,6,6|0|6|6|6|6|6|0|6|6|6|6|0|0|6
29077,0,True,2,12,2,2|2|4|2|2|2|6|0|2|2|2|0|2|4|0
29079,3,False,3,6,3,3|2|7|2|3|3|3|2|3|3|2|2|3|3|3
29087,5,True,9,3,5,5|5|5|5|9|5|9|5|5|5|5|5|5|5|9
29094,1,False,1,2,1,1|1|1|1|1|0|1|1|1|1|1|0|1|1|1
29118,1,False,1,3,1,1|1|1|1|1|7|1|1|7|7|1|1|1|1|1
29123,6,True,0,4,6,6|6|6|0|6|6|6|6|6|0|6|6|0|0|6
29141,4,False,4,7,4,9|4|4|4|9|4|9|4|4|9|9|4|9|4|9
29154,6,False,6,14,3,3|3|3|2|3|3|3|2|2|3|2|3|2|3|6
29175,5,True,9,1,5,5|5|5|5|5|5|5|5|5|9|5|5|5|5|5
29179,2,True,3,11,3,3|3|2|2|3|3|3|3|3|3|3|3|2|3|2
29181,5,True,9,7,5,5|5|5|5|9|9|9|5|9|9|5|5|5|9|9
29243,4,True,6,15,6,6|6|6|6|0|6|6|0|6|0|6|6|0|6|6
29272,0,True,2,15,-1,6|4|4|2|2|8|4|4|2|2|2|2|8|4|4
29281,9,True,4,11,4,4|3|4|9|3|3|9|4|4|3|9|2|4|2|9
29290,7,False,7,1,7,7|7|7|7|3|7|7|7|7|7|7|7|7|7|7
29307,9,True,7,14,5,5|5|5|1|1|2|9|5|8|5|1|5|7|1|7
29314,8,False,8,5,8,8|7|8|7|8|8|8|8|8|8|7|4|8|8|7
29315,9,False,9,10,5,7|9|9|2|5|9|5|5|5|9|5|5|5|5|9
29357,7,False,7,1,7,7|7|4|7|7|7|7|7|7|7|7|7|7|7|7
29366,5,False,5,6,5,5|5|1|1|5|5|1|5|5|2|5|5|5|1|1
29367,5,False,5,5,5,5|5|7|5|2|5|5|5|7|5|5|5|5|7|7
29369,7,False,7,7,7,7|7|9|1|3|9|7|7|7|9|9|7|7|7|9
29370,7,True,5,13,5,5|5|5|7|5|5|5|7|5|5|5|5|5|5|5
29394,2,True,3,15,4,3|4|4|4|6|4|4|4|4|9|4|6|9|6|6
29412,1,False,1,5,1,0|1|1|1|1|0|1|1|0|0|1|1|0|1|1
29413,0,True,1,14,1,1|1|1|1|1|1|1|1|1|1|1|1|1|1|0
29420,2,False,2,13,-1,2|4|4|4|9|0|0|0|4|2|9|0|0|4|9
29455,6,False,6,4,6,6|4|6|6|6|6|6|6|6|6|6|4|4|6|4
29457,6,True,0,13,-1,3|0|7|1|2|7|6|7|2|5|5|6|5|0|1
29479,4,True,6,15,6,6|6|6|0|6|6|6|6|6|6|6|6|0|0|0
29506,6,True,0,4,6,6|6|6|6|3|6|6|6|6|0|6|6|0|6|9
29511,5,False,5,9,7,7|5|5|5|7|7|5|5|2|7|7|7|5|7|7
29513,4,True,6,14,-1,0|4|6|0|6|6|6|0|6|0|6|0|0|0|6
29551,9,True,4,14,8,7|4|8|6|8|8|8|4|6|4|6|6|8|4|9
29565,3,False,3,1,3,3|3|3|3|3|3|3|3|3|3|3|3|2|3|3
29593,2,True,9,13,9,7|7|9|9|5|9|9|2|5|9|2|9|9|9|9
29634,9,True,4,9,4,4|4|4|9|9|4|9|4|4|9|4|4|9|4|9
29673,3,False,3,7,3,3|3|7|6|3|6|3|6|6|6|6|3|3|3|3
29694,9,True,4,15,4,2|3|4|4|4|6|2|4|4|4|4|4|4|4|0
29696,4,False,4,3,4,4|4|4|9|4|9|4|4|4|4|4|4|9|4|4
29708,9,True,7,14,7,7|7|7|2|7|7|7|7|7|7|7|7|9|7|7
29717,0,False,0,11,6,6|6|6|0|6|6|6|6|6|6|6|6|0|0|0
29721,6,True,0,6,6,6|1|6|6|6|6|6|1|6|6|1|6|2|2|0
29744,0,True,1,10,1,1|0|1|1|1|0|1|1|1|0|1|0|1|1|0
29758,9,True,7,13,7,7|7|7|2|7|7|7|7|9|7|7|7|7|9|7
29769,1,True,8,14,8,8|8|8|1|8|8|8|8|6|8|8|8|8|8|8
29788,6,False,6,13,4,2|4|4|4|0|4|4|4|4|6|2|2|2|4|6
29814,5,False,5,5,5,7|5|5|2|5|5|7|5|5|8|7|5|5|5|5
29816,5,False,5,4,5,3|5|5|5|5|5|5|5|5|5|7|7|5|5|2
29824,3,False,3,9,3,3|3|6|2|6|3|3|3|6|2|6|2|2|3|2
29843,1,True,5,13,5,7|5|1|2|5|5|1|7|5|5|2|5|5|5|5
29872,5,True,9,1,5,5|5|5|5|5|5|5|5|5|5|5|5|5|5|8
29875,5,False,5,12,7,7|0|7|7|5|7|7|7|2|5|7|7|7|5|7
29877,2,True,5,15,5,5|5|7|5|5|5|5|5|5|5|5|5|7|5|5
29881,7,True,5,15,5,5|3|5|1|1|5|1|2|5|5|2|1|5|1|5
29883,2,True,5,14,7,7|7|7|2|7|7|7|7|9|7|7|7|7|7|7
29923,3,True,5,14,5,5|5|7|2|2|3|1|5|1|5|1|2|5|7|1
29952,2,False,2,3,2,2|2|2|2|2|2|6|0|2|2|2|2|0|2|2
29955,8,True,2,10,8,8|7|8|2|2|6|8|8|7|3|8|0|3|7|5
29961,9,True,7,11,7,7|7|7|7|9|7|9|7|7|7|7|9|9|7|7
29962,1,False,1,10,7,7|7|1|7|1|7|7|1|7|7|7|7|1|1|7
29964,1,True,5,15,5,5|7|7|2|5|5|5|7|2|5|7|5|5|7|5
29965,0,True,2,4,0,0|0|0|2|0|0|6|2|0|0|2|0|0|0|0
29974,6,False,6,14,4,4|4|4|4|6|4|4|4|4|4|4|4|4|4|9
29988,6,True,3,12,3,3|3|7|3|3|6|3|3|6|3|1|6|0|3|3
30054,9,True,8,15,8,8|8|8|1|8|6|8|8|8|8|8|8|8|8|8
30067,8,False,8,10,3,5|3|3|8|8|6|3|3|4|8|3|3|8|0|8
30091,9,True,7,14,7,7|7|7|7|7|7|7|7|9|7|8|7|7|7|7
30113,0,False,0,11,6,6|0|6|6|6|6|6|6|6|0|6|6|0|0|6
30115,4,True,1,12,1,4|1|4|1|7|1|1|1|4|1|1|1|1|1|1
30161,2,False,2,12,4,2|3|2|3|3|4|9|4|2|4|0|3|4|4|6
30176,8,False,8,0,8,8|8|8|8|8|8|8|8|8|8|8|8|8|8|8
30177,7,False,7,6,7,7|7|7|7|9|9|9|7|9|9|7|7|7|9|7
30187,5,True,9,1,5,5|5|5|5|5|5|5|5|5|5|5|5|5|9|5
30198,3,True,5,14,5,5|5|5|5|5|3|1|5|5|5|5|5|5|5|5
30234,2,True,9,10,9,9|7|7|7|2|9|9|2|7|2|2|9|9|9|2
30242,5,True,9,1,5,5|5|5|5|5|5|5|5|5|5|5|5|5|5|9
30284,0,False,0,9,6,6|0|6|6|6|0|6|6|6|6|0|6|0|0|0
30308,9,True,7,15,7,7|4|4|4|7|7|7|7|4|7|7|7|7|7|4
30311,2,False,2,14,0,4|4|0|0|2|3|9|4|4|9|0|0|0|4|0
30395,7,False,7,1,7,7|7|7|7|3|7|7|7|7|7|7|7|7|7|7
30440,9,True,4,8,-1,4|4|9|4|4|4|9|9|9|9|2|4|9|4|9
30446,0,True,2,6,0,0|4|4|2|0|0|0|0|4|0|2|2|0|0|0
30454,5,False,5,8,5,2|5|7|5|3|5|2|5|4|2|1|5|5|3|5
30459,5,False,5,4,5,5|5|5|1|5|5|5|5|5|5|2|5|5|1|1
30481,3,True,7,15,7,7|7|7|7|1|7|7|7|7|7|7|2|7|7|7
30501,2,True,3,12,3,3|3|3|2|3|3|3|3|3|3|3|2|2|3|3
30517,9,True,7,15,7,7|7|7|7|7|7|7|7|7|7|7|7|7|7|7
30523,8,False,8,1,8,8|8|8|8|8|6|8|8|8|8|8|8|8|8|8
30532,6,True,0,3,6,6|6|6|6|6|6|6|6|6|6|6|6|0|0|0
30538,5,True,9,2,5,5|5|5|5|5|5|5|5|9|5|5|5|5|5|9
30558,9,False,9,14,5,5|5|5|5|5|5|5|5|5|5|5|5|5|5|9
30559,3,False,3,7,3,3|3|2|2|2|3|3|2|2|3|3|3|2|3|2
30580,2,True,3,15,6,6|6|6|6|6|6|6|6|6|6|6|6|0|0|6
30583,4,True,6,0,4,4|4|4|4|4|4|4|4|4|4|4|4|4|4|4
30591,6,True,3,11,3,3|3|2|3|6|3|6|3|6|3|6|3|2|3|3
30603,4,True,1,12,1,4|1|4|1|1|1|1|1|4|1|1|1|1|1|1
30621,2,False,2,11,0,2|4|4|2|2|0|0|0|0|2|0|0|0|0|0
30622,4,False,4,1,4,4|4|4|4|4|4|4|4|4|4|3|4|4|4|4
30632,6,False,6,7,6,6|0|4|4|6|6|6|4|4|6|6|6|6|4|4
30642,6,True,1,15,1,7|1|1|1|1|1|1|1|7|7|1|4|1|1|1
30650,0,True,2,7,0,0|2|2|0|2|2|2|2|2|0|0|0|0|0|0
30652,3,False,3,9,-1,3|3|2|3|3|3|9|6|6|2|2|3|2|2|2
30657,3,True,8,14,8,8|8|8|8|8|8|8|8|3|8|8|8|8|8|8
30672,7,True,1,5,7,7|7|1|1|1|7|7|7|7|7|7|7|1|1|7
30673,2,False,2,14,-1,3|4|4|0|9|0|9|9|4|9|0|2|9|4|4
30689,0,True,2,4,0,0|0|0|0|0|0|6|0|2|2|0|2|0|0|0
30702,5,False,5,8,5,7|1|8|5|5|5|7|5|5|5|2|7|5|7|1
30714,1,False,1,1,1,1|1|1|1|1|1|1|1|1|0|1|1|1|1|1
30737,7,True,1,10,1,1|1|1|1|7|1|1|1|7|7|1|7|1|1|7
30740,6,True,3,10,3,3|3|6|6|3|3|3|3|6|6|6|3|3|3|3
30769,8,False,8,1,8,8|8|8|1|8|8|8|8|8|8|8|8|8|8|8
30776,9,True,8,11,8,9|3|8|1|9|9|1|4|7|8|8|8|4|8|9
30860,3,False,3,8,-1,3|3|4|2|3|3|3|3|2|2|2|3|2|2|2
30872,4,True,6,15,3,3|6|8|2|3|6|3|6|8|3|7|3|8|3|2
30886,3,True,5,14,7,7|7|9|5|3|7|7|7|7|7|1|7|1|9|1
30904,0,False,0,13,6,6|6|6|6|6|6|6|6|6|0|6|6|0|6|6
30914,0,True,2,6,0,2|2|0|2|0|8|3|0|0|2|0|0|0|0|0
30928,4,True,6,15,6,6|6|6|6|6|6|6|6|6|6|6|6|6|6|6
30936,6,True,3,12,3,3|3|2|3|3|3|6|3|3|3|6|3|2|3|6
30954,7,True,1,8,1,7|1|1|1|7|7|7|1|7|7|7|1|1|1|1
30968,2,True,3,12,3,3|3|8|3|3|3|3|1|3|3|6|3|2|2|2
30974,5,False,5,6,5,5|5|2|5|2|5|1|5|2|5|2|2|5|5|5
30986,9,True,4,14,4,3|3|4|3|6|4|3|4|4|9|3|4|4|4|6
31029,6,True,0,6,6,6|6|0|0|6|6|6|6|6|0|6|0|0|0|6
31066,2,True,7,15,7,7|7|7|7|7|7|7|7|7|7|7|7|7|7|7
31108,3,True,7,14,7,3|5|9|7|9|7|9|7|7|7|7|7|9|5|7
31117,1,False,1,5,1,1|1|1|1|1|0|1|1|1|0|0|0|1|1|0
31153,4,True,6,11,-1,1|4|8|6|0|6|4|7|4|2|6|8|4|2|6
31154,2,False,2,5,2,2|2|0|2|2|4|2|2|6|2|0|2|8|2|2
31165,6,True,0,8,6,3|3|7|6|0|6|6|3|6|6|3|3|2|6|6
31189,6,True,3,15,3,3|3|4|2|3|3|3|3|3|3|2|2|3|2|2
31206,1,True,8,14,8,8|8|8|8|8|7|8|8|8|8|8|8|8|8|1
31222,8,False,8,1,8,8|8|8|8|3|8|8|8|8|8|8|8|8|8|8
31240,4,True,6,0,4,4|4|4|4|4|4|4|4|4|4|4|4|4|4|4
31257,3,False,3,3,3,3|3|8|3|2|3|3|3|8|3|3|3|3|3|3
31286,7,True,5,11,7,3|0|7|5|8|5|1|7|9|7|3|5|7|6|2
31307,7,False,7,6,7,7|2|8|8|8|7|7|7|8|8|7|7|7|7|7
31317,7,False,7,11,9,7|5|9|2|9|9|9|2|7|8|9|7|9|9|7
31319,3,True,7,15,7,7|7|7|7|7|7|7|7|7|7|7|7|7|7|7
31321,6,False,6,15,4,4|4|4|4|9|4|2|4|4|3|4|0|4|9|4
31323,5,True,9,1,5,5|5|5|5|5|5|5|5|5|5|5|5|5|5|9
31330,2,False,2,10,0,0|6|2|1|2|8|8|0|0|2|0|0|2|2|0
31331,9,True,4,15,4,4|4|4|0|0|0|4|0|4|0|0|4|4|0|4
31334,2,True,3,11,3,3|3|2|2|2|3|3|3|8|3|3|3|2|3|3
31366,4,False,4,11,3,6|3|4|6|4|3|9|3|4|3|6|9|3|3|4
31367,9,False,9,14,5,5|5|5|5|5|5|5|5|5|5|5|5|5|5|9
31368,7,False,7,2,7,3|7|7|7|7|7|7|7|7|7|7|7|7|7|4
31377,8,False,8,1,8,3|8|8|8|8|8|8|8|8|8|8|8|8|8|8
31400,1,True,5,14,5,3|5|5|5|5|5|5|5|5|7|7|3|5|5|1
31442,3,False,3,6,3,6|3|3|6|3|8|3|6|6|3|6|3|3|3|3
31449,9,True,4,8,9,4|4|4|9|3|9|9|9|4|9|4|9|4|8|9
31452,1,False,1,0,1,1|1|1|1|1|1|1|1|1|1|1|1|1|1|1
31484,0,False,0,12,6,6|6|6|6|3|6|6|6|6|0|6|0|0|3|6
31499,3,False,3,15,6,6|6|6|6|6|6|6|6|4|6|6|6|6|6|6
31527,9,False,9,15,5,5|5|5|5|5|5|5|5|5|5|5|5|5|5|5
31530,7,False,7,1,7,7|7|7|7|7|7|7|7|9|7|7|7|7|7|7
31535,1,True,8,15,8,8|7|8|8|8|7|8|8|8|8|8|8|8|8|8
31548,3,True,5,13,5,7|5|3|1|3|5|1|5|5|1|5|6|5|1|5
31574,1,False,1,3,1,1|1|1|1|1|7|1|1|6|1|1|1|1|1|7
31604,9,True,7,15,7,7|7|7|7|7|7|7|7|7|7|7|7|7|7|7
31606,8,True,2,14,2,0|4|2|2|8|0|2|2|2|4|0|2|2|0|0
31607,8,True,1,15,1,1|1|1|1|1|1|1|1|1|1|1|0|1|1|1
31614,6,True,7,15,9,9|9|7|7|9|9|9|2|9|9|7|8|9|9|9
31616,5,True,9,0,5,5|5|5|5|5|5|5|5|5|5|5|5|5|5|5
31633,0,False,0,11,6,3|4|6|6|6|6|6|4|0|6|6|0|4|0|0
31639,6,True,0,6,6,6|0|6|0|6|6|6|6|6|6|0|0|0|0|6
31667,2,True,5,15,5,5|8|5|5|8|5|5|5|7|5|1|5|3|5|5
31668,2,False,2,12,5,3|2|1|5|5|6|1|5|4|5|2|5|8|5|2
31669,4,True,6,14,0,2|0|0|0|6|0|9|0|4|0|0|0|0|0|0
31715,0,True,1,8,0,6|0|1|0|3|0|3|6|0|6|0|0|4|0|8
31719,1,False,1,2,1,1|1|1|1|1|0|1|1|6|1|1|1|1|1|1
31726,6,True,0,1,6,6|6|6|6|6|6|6|6|6|6|6|6|6|0|6
31728,9,True,4,10,4,4|4|4|4|9|9|9|4|4|9|4|4|4|4|9
31738,0,True,2,15,4,4|4|4|3|4|2|2|2|2|3|6|4|4|4|4
31747,6,True,0,8,0,6|0|6|6|6|6|6|0|6|0|0|0|0|0|0
31782,4,False,4,8,4,3|4|4|0|8|4|4|4|0|8|0|2|4|4|9
31809,5,False,5,6,5,5|7|7|5|7|7|5|5|5|5|5|7|5|5|7
31821,7,True,5,10,5,7|5|5|7|5|7|5|7|2|5|7|5|5|5|5
31824,0,True,2,15,2,4|4|2|2|2|6|4|9|2|2|4|2|4|4|2
31835,9,True,4,8,4,4|4|4|9|4|9|9|4|4|9|9|4|9|4|9
31843,4,True,6,2,4,9|4|4|4|9|4|4|4|4|4|4|4|4|4|4
31852,0,False,0,12,6,6|0|6|6|6|0|6|6|6|6|6|6|0|6|6
31879,0,False,0,13,6,6|6|4|0|6|6|6|6|6|6|6|6|3|0|6
31886,2,False,2,13,0,0|4|0|9|2|3|0|0|0|0|2|0|0|0|0
31892,5,True,9,2,5,5|5|5|5|5|5|9|5|5|5|5|5|5|5|9
31894,8,True,2,10,8,3|8|8|0|2|8|6|7|0|6|8|4|8|2|2
31895,7,True,8,12,8,8|8|8|7|8|5|8|8|8|8|8|8|8|7|7
31927,5,False,5,10,5,3|7|5|5|2|5|7|2|5|5|2|7|9|1|2
31938,9,True,4,6,9,9|4|4|9|9|9|4|9|9|4|9|4|4|9|9
31940,0,False,0,11,6,6|6|6|6|6|6|6|0|6|0|6|6|0|6|0
31958,5,False,5,8,-1,7|7|5|7|5|7|7|5|5|7|1|5|7|5|5
31972,2,True,5,12,5,3|3|3|2|5|8|7|5|7|5|8|2|5|2|7
31978,9,False,9,13,5,5|5|5|5|5|5|9|5|5|5|5|5|5|5|9
31999,9,False,9,14,5,5|5|5|5|5|5|5|5|5|5|5|5|5|5|9
32002,9,True,4,13,4,4|4|4|0|5|9|4|4|4|9|4|4|4|4|4
32028,9,False,9,15,5,5|5|5|5|5|5|5|5|5|5|5|5|5|5|5
32050,9,True,4,10,4,4|4|4|2|9|4|9|4|4|9|9|4|9|4|4
32058,6,True,0,3,6,6|0|6|6|6|6|6|6|6|6|6|6|0|0|6
32066,6,False,6,10,-1,6|2|2|6|6|0|2|0|6|6|2|0|8|2|0
32075,2,True,3,10,3,3|3|2|2|3|3|3|3|3|3|3|3|2|2|2
32097,8,False,8,3,8,8|8|8|5|8|5|8|8|8|8|8|8|8|8|7
32099,9,True,8,14,8,8|3|8|3|8|8|8|8|8|4|8|4|8|4|9
32180,1,False,1,1,1,1|1|1|1|1|1|1|1|4|1|1|1|1|1|1
32216,4,True,6,15,6,6|0|6|6|6|6|6|6|6|6|0|0|0|0|0
32228,4,False,4,14,0,0|2|4|2|2|0|0|0|0|2|0|0|0|2|0
32230,0,False,0,12,6,2|6|6|6|6|6|6|6|4|6|6|6|0|0|0
32236,9,True,7,15,7,7|7|7|7|7|7|7|7|7|7|7|7|7|7|7
32268,9,True,8,15,8,8|8|8|8|8|4|8|8|8|8|8|8|8|7|7
32277,0,True,2,5,0,2|0|0|2|0|0|6|0|0|2|0|2|0|0|0
32285,7,True,8,11,8,8|7|8|7|8|7|8|8|8|8|8|8|8|8|7
32287,7,False,7,5,7,7|7|9|7|9|7|9|7|9|7|7|7|7|7|9
32292,3,True,8,11,8,3|8|8|8|3|8|8|8|3|3|8|8|8|8|8
32295,9,False,9,13,5,5|5|5|5|5|5|5|5|5|5|9|5|5|5|9
32309,3,True,8,15,8,8|8|8|8|8|8|8|8|8|8|8|8|8|8|8
32316,4,True,6,1,4,4|4|4|4|4|4|4|4|4|4|4|4|4|4|6
32332,2,False,2,14,4,0|4|4|9|6|6|2|4|6|0|6|4|4|9|9
32341,5,False,5,11,7,5|7|7|7|3|5|6|7|3|9|5|7|5|7|7
32348,5,True,9,0,5,5|5|5|5|5|5|5|5|5|5|5|5|5|5|5
32354,0,True,2,10,2,2|2|4|2|2|4|9|0|2|2|0|0|2|0|0
32358,8,False,8,6,8,7|8|8|8|3|8|8|1|8|8|8|3|3|8|7
32434,4,True,6,2,4,2|4|4|4|4|4|9|4|4|4|4|4|4|4|4
32437,3,False,3,5,3,3|3|3|2|3|2|3|3|2|6|3|3|2|3|3
32468,5,False,5,13,7,7|7|5|2|3|5|1|7|7|7|7|7|7|1|1
32496,7,True,1,14,1,1|1|1|1|7|1|1|1|1|1|1|1|1|1|1
32535,5,False,5,6,5,3|5|5|5|3|5|1|5|5|5|5|5|8|1|1
32546,4,False,4,7,4,4|4|4|4|3|4|9|4|4|9|9|9|9|4|9
32569,2,False,2,13,6,6|6|0|6|6|4|6|4|6|6|6|6|2|2|6
32579,2,True,5,10,5,3|5|2|2|2|5|1|5|2|5|5|5|5|5|2
32595,6,True,0,4,6,6|0|6|6|6|6|6|6|6|6|0|6|0|0|6
32604,3,False,3,10,2,2|2|2|2|3|3|3|2|2|3|3|2|2|2|2
32609,0,False,0,12,6,6|6|6|6|6|0|6|6|6|6|6|6|0|6|0
32622,9,False,9,12,5,5|5|5|5|5|5|9|5|5|5|9|5|5|5|9
32631,9,True,4,11,4,1|2|4|2|4|9|9|9|4|4|9|4|4|2|4
32636,4,True,6,14,6,6|4|6|6|6|6|6|6|6|6|6|6|6|6|6
32644,4,False,4,8,-1,2|4|4|4|4|9|9|9|4|9|9|4|9|4|9
32661,6,True,0,5,6,6|0|6|6|6|6|6|0|6|0|6|6|0|6|0
32666,5,True,9,0,5,5|5|5|5|5|5|5|5|5|5|5|5|5|5|5
32667,6,True,3,13,3,3|3|3|2|3|6|3|6|2|2|1|3|2|3|7
32681,7,True,8,15,8,8|8|8|8|3|8|8|8|8|8|8|8|8|8|8
32682,5,True,9,2,5,5|5|5|5|5|5|9|5|5|5|5|5|5|5|9
32749,2,True,3,13,6,6|3|4|8|6|0|3|2|3|8|6|6|2|0|6
32754,9,True,6,15,4,4|4|4|6|4|6|4|4|4|4|6|4|2|4|4
32763,9,True,7,15,7,7|7|7|7|7|7|7|7|7|7|7|7|7|7|7
32771,3,False,3,11,3,6|5|2|3|3|6|8|3|2|4|3|5|8|2|0
32797,8,False,8,1,8,8|8|8|8|3|8|8|8|8|8|8|8|8|8|8
32815,5,False,5,11,2,3|5|2|2|2|2|2|5|2|8|5|2|5|2|2
32825,9,True,7,15,7,7|7|7|7|7|7|7|7|7|7|2|7|7|7|7
32827,5,False,5,3,5,3|5|5|5|2|5|5|5|5|3|5|5|5|5|5
32842,5,True,9,0,5,5|5|5|5|5|5|5|5|5|5|5|5|5|5|5
32855,2,True,3,10,3,3|3|2|3|3|3|3|2|2|3|2|6|2|3|3
32920,9,True,4,6,9,9|4|4|9|9|9|9|4|9|4|9|4|9|9|4
32955,2,False,2,11,2,0|2|4|2|1|4|2|6|4|8|3|3|2|8|0
32961,4,True,6,13,6,6|4|4|6|6|6|6|6|6|6|6|6|6|6|6
32963,8,False,8,0,8,8|8|8|8|8|8|8|8|8|8|8|8|8|8|8
32977,9,True,4,14,6,6|3|4|6|3|6|9|6|6|3|4|4|3|3|6
32978,2,True,5,9,2,8|8|8|5|2|5|7|5|2|8|2|8|2|2|2
33004,6,True,0,9,0,6|0|6|0|6|0|6|6|0|0|0|0|0|0|6
33012,7,False,7,2,7,7|7|9|7|7|7|9|7|7|7|7|7|7|7|7
33016,0,False,0,10,6,6|6|6|6|6|6|6|6|6|0|0|6|0|0|0
33035,3,False,3,10,3,0|3|3|2|3|0|6|6|0|3|2|3|8|0|2
33051,2,True,9,15,5,5|5|5|5|9|5|9|5|9|5|5|5|5|9|9
33076,6,True,0,7,6,6|6|6|0|6|0|6|0|6|0|6|6|0|0|0
33092,3,False,3,5,3,3|3|2|2|3|3|3|3|6|3|3|3|2|2|3
33111,3,True,2,15,4,4|4|4|2|6|4|9|9|9|6|4|9|9|4|2
33114,6,True,0,4,6,6|6|6|6|6|6|6|6|6|6|0|6|0|0|0
33130,5,False,5,9,7,7|5|7|7|5|7|7|7|5|5|7|5|5|7|7
33149,9,True,8,15,8,8|8|8|8|8|8|8|8|8|8|8|8|8|1|8
33166,7,True,5,8,7,7|5|5|7|5|6|7|7|5|5|7|7|5|7|8
33194,6,False,6,6,6,4|6|4|6|6|6|2|4|6|6|6|0|6|4|6
33212,1,True,8,15,8,8|8|8|8|8|3|8|8|8|8|8|8|8|8|8
33224,5,True,9,2,5,5|5|9|5|5|5|5|5|5|5|5|5|5|5|9
33228,4,True,1,15,1,1|1|1|1|1|1|1|1|0|0|0|1|0|1|1
33248,5,False,5,8,5,5|5|7|2|7|5|7|5|5|8|5|7|7|9|5
33266,0,False,0,6,0,0|0|0|0|6|6|6|0|6|6|6|0|0|0|0
33307,1,False,1,2,1,1|1|1|1|1|1|1|1|1|0|1|1|1|1|0
33308,3,False,3,9,3,3|1|7|2|8|3|7|7|6|3|3|3|1|8|3
33321,0,False,0,10,6,6|0|6|0|6|0|6|6|6|6|6|6|0|0|6
33323,8,False,8,1,8,8|8|8|8|8|8|8|8|8|8|8|8|8|8|7
33343,1,True,5,14,5,5|5|5|1|5|5|5|5|5|5|5|5|5|7|5
33344,4,False,4,6,4,4|4|4|2|2|6|6|4|6|4|4|4|2|4|4
33346,9,False,9,13,5,5|5|5|5|5|5|5|5|9|5|9|5|5|5|5
33377,8,False,8,4,8,3|8|8|8|8|6|3|8|8|8|8|8|3|8|8
33386,6,True,3,11,3,3|6|3|6|3|3|3|3|3|3|6|6|2|3|3
33397,9,False,9,13,5,3|8|5|2|5|2|5|5|9|9|2|2|5|5|5
33406,2,False,2,12,-1,2|4|4|3|2|4|6|9|6|9|0|9|2|8|6
33415,2,True,3,14,3,3|3|6|8|3|6|3|7|3|3|8|3|2|3|3
33424,0,False,0,11,6,3|1|6|6|0|6|3|7|0|6|2|6|0|0|6
33434,2,True,7,15,7,7|7|7|7|7|7|7|7|9|7|7|7|7|7|7
33444,3,False,3,10,3,3|3|7|2|3|0|6|6|4|3|6|0|0|3|2
33450,9,True,7,13,7,7|7|7|7|3|7|7|7|7|9|7|7|7|7|9
33456,2,True,3,12,3,3|3|2|3|3|8|2|1|3|3|0|0|3|2|3
33470,0,True,3,15,3,3|3|3|2|3|3|9|3|6|2|3|3|3|3|6
33479,2,True,7,15,7,7|7|7|7|7|7|7|7|7|7|7|7|7|7|7
33483,0,True,2,8,0,3|0|4|0|2|0|2|0|6|2|0|0|0|2|2
33493,6,True,0,3,6,6|0|6|6|6|6|6|6|6|6|6|6|0|0|6
33516,9,True,4,15,-1,2|4|4|2|2|0|0|0|4|4|0|4|0|2|2
33548,1,False,1,4,1,1|1|1|1|1|1|1|1|0|0|1|0|1|1|0
33586,7,True,5,7,7,7|0|7|5|3|7|7|5|7|7|5|2|5|7|7
33607,2,False,2,13,0,4|4|0|0|4|4|6|0|2|0|0|0|0|2|0
33615,7,True,1,14,1,1|1|1|1|1|8|1|1|6|7|1|1|1|1|1
33622,9,True,4,14,-1,2|3|4|2|3|8|2|1|6|4|3|8|5|4|9
33633,1,True,5,10,5,5|5|1|1|5|5|1|5|1|5|5|5|5|5|1
33693,7,True,8,14,8,8|8|8|8|8|8|8|8|8|8|1|7|8|8|8
33714,1,True,8,14,8,8|8|8|8|0|6|8|8|4|0|8|4|8|1|8
33724,1,True,3,15,4,4|3|8|3|3|4|4|4|8|9|4|4|4|4|9
33753,2,True,5,15,5,5|5|7|5|5|5|5|5|5|5|5|7|5|5|7
33764,4,True,6,1,4,4|4|4|4|4|4|4|4|4|8|4|4|4|4|4
33776,9,True,6,14,0,0|0|2|2|8|6|9|7|6|0|7|0|8|6|8
33783,9,True,4,15,4,4|4|4|4|4|0|4|1|4|4|4|4|4|4|4
33789,4,False,4,0,4,4|4|4|4|4|4|4|4|4|4|4|4|4|4|4
33826,5,False,5,8,-1,3|5|7|7|5|7|7|5|5|5|5|7|7|5|7
33829,7,True,5,12,5,5|5|8|7|5|5|5|5|5|5|7|5|5|7|5
33833,4,False,4,3,4,4|4|4|4|4|4|9|4|4|4|9|4|4|4|9
33848,1,False,1,3,1,5|1|1|1|1|1|1|1|1|1|1|0|1|1|0
33860,8,False,8,4,8,8|3|8|3|8|8|8|8|8|8|8|8|2|3|8
33885,3,True,7,14,7,7|4|4|7|7|7|7|7|7|7|3|7|7|7|7
33909,1,False,1,8,0,1|1|1|1|1|0|1|0|0|0|1|0|0|0|0
33926,9,True,4,12,4,4|4|4|9|6|4|4|4|8|9|2|4|4|4|9
33931,4,True,7,13,7,7|7|4|7|7|7|7|7|4|7|7|7|7|7|7
33951,4,True,1,14,0,8|0|0|2|7|6|8|0|6|4|1|7|1|7|0
33962,2,True,3,13,3,3|3|3|2|3|3|3|3|3|3|3|3|2|3|3
33971,6,True,0,2,6,6|6|6|6|6|6|6|0|6|6|6|0|6|6|6
33983,9,True,8,15,8,8|8|8|1|8|8|8|8|8|8|8|8|8|8|8
33986,2,False,2,15,4,4|4|4|9|4|4|4|4|9|4|9|4|9|9|4
34001,4,True,6,1,4,4|4|4|4|4|4|4|4|4|4|4|4|4|4|9
34017,9,False,9,8,9,7|9|7|2|5|9|9|2|9|9|2|2|2|9|9
34031,6,True,0,4,6,2|6|6|6|6|6|6|6|6|0|6|6|0|0|6
34037,6,True,3,15,3,3|3|1|3|3|3|3|1|3|3|3|3|1|3|3
34043,2,False,2,14,0,2|0|0|0|0|0|6|0|0|0|6|0|0|0|0
34044,6,True,0,3,6,6|6|6|6|6|0|6|6|6|6|6|6|0|0|6
34065,3,False,3,8,3,3|3|2|3|3|3|6|3|6|2|2|2|2|3|0
34073,8,False,8,0,8,8|8|8|8|8|8|8|8|8|8|8|8|8|8|8
34075,6,False,6,3,6,6|6|6|6|6|6|6|6|6|6|0|0|0|6|6
34093,7,True,1,12,1,1|7|1|1|7|7|1|1|0|1|1|1|1|1|1
34152,4,True,6,9,9,4|4|4|9|2|9|9|4|4|9|9|9|9|2|4
34161,3,False,3,11,2,3|2|2|2|3|3|6|2|2|3|2|2|2|2|2
34162,2,True,3,10,6,2|2|7|2|2|6|6|3|2|6|6|3|6|6|6
34167,5,False,5,5,5,5|5|5|5|5|5|5|7|5|5|7|2|5|1|1
34187,9,True,4,8,9,9|4|4|4|4|9|9|0|4|9|9|4|9|9|0
34190,2,False,2,9,2,6|2|2|3|2|6|8|8|2|4|2|0|8|6|2
34191,9,True,8,14,8,8|8|8|8|8|8|8|8|7|8|8|8|7|7|9
34229,5,True,9,1,5,5|5|5|5|5|5|9|5|5|5|5|5|5|5|5
34240,0,False,0,9,6,6|0|6|0|6|6|6|0|6|0|6|6|0|0|6
34250,6,True,0,6,6,6|6|6|0|6|0|6|6|6|6|0|0|0|0|6
34254,4,True,7,15,7,7|7|7|7|7|7|7|7|7|7|3|7|7|7|7
34256,9,True,4,12,4,4|4|4|4|4|4|9|4|4|4|4|4|4|9|9
34265,0,False,0,12,6,6|0|6|6|6|6|6|6|6|6|0|6|0|6|6
34283,8,False,8,1,8,8|8|8|8|8|8|8|8|8|8|8|8|8|8|1
34314,3,False,3,13,6,3|2|6|3|6|6|0|4|8|4|1|7|2|0|9
34336,9,True,4,11,4,4|4|4|4|3|4|9|4|4|9|3|4|9|9|4
34365,6,True,0,8,6,6|3|2|6|3|6|6|2|6|0|6|6|0|0|3
34389,4,False,4,5,4,4|4|4|1|6|6|4|4|4|4|9|4|6|4|4
34396,9,False,9,12,5,5|5|5|5|5|5|9|5|5|5|5|9|5|5|9
34416,0,False,0,13,6,6|0|6|6|6|6|6|6|6|6|6|6|6|6|0
34425,3,True,8,14,8,8|5|8|8|8|6|8|8|8|8|8|8|8|3|8
34429,0,True,2,8,0,0|2|4|2|2|0|0|0|4|2|0|2|0|0|2
34438,4,True,7,12,7,7|7|4|7|7|7|7|7|4|7|7|7|7|4|7
34441,5,True,9,0,5,5|5|5|5|5|5|5|5|5|5|5|5|5|5|5
34446,6,True,0,5,6,6|0|6|6|6|6|6|0|6|0|0|6|6|0|6
34476,3,True,7,14,7,7|7|7|7|3|8|9|7|7|7|7|7|7|7|7
34532,2,True,9,15,5,5|5|5|5|5|5|9|5|5|9|5|5|5|5|9
34538,4,True,6,15,6,6|6|6|6|6|6|6|6|6|6|6|6|0|6|0
34545,7,True,8,14,8,3|8|8|8|8|8|8|8|3|8|8|8|8|7|8
34555,6,True,0,3,6,6|6|6|6|6|6|6|0|6|6|6|6|0|0|6
34557,2,False,2,11,-1,2|6|6|2|2|8|6|3|0|4|2|0|4|0|0
34574,5,False,5,12,7,7|7|7|7|7|9|7|7|7|5|7|5|3|7|5
34625,3,False,3,8,-1,3|3|2|2|3|3|3|3|6|2|3|2|2|2|2
34664,9,True,8,15,8,8|8|8|3|8|8|8|3|8|8|8|8|8|8|8
34665,3,True,4,15,0,2|0|4|4|4|4|9|0|4|9|0|0|0|0|0
34666,8,False,8,4,8,8|8|8|8|8|7|8|7|8|7|8|8|8|7|8
34677,7,False,7,4,7,7|7|8|7|8|7|7|2|7|7|7|7|2|7|7
34724,9,False,9,13,5,5|5|5|5|5|5|9|5|7|5|7|5|5|5|9
34765,0,True,1,9,1,0|4|1|1|1|0|3|1|0|0|1|0|0|1|1
34792,6,True,0,7,6,0|0|6|6|6|6|6|0|6|6|0|0|0|0|6
34794,0,False,0,12,6,6|6|6|6|6|6|6|6|6|0|6|6|0|0|6
34803,8,False,8,8,8,8|8|8|7|8|7|7|5|8|8|7|5|8|4|7
34815,7,True,8,13,8,8|0|8|8|8|8|8|8|8|8|6|8|7|7|8
34847,9,True,4,13,4,0|3|4|4|4|4|9|4|4|4|3|0|2|3|9
34897,4,True,6,14,6,6|0|6|6|6|6|6|6|4|6|6|6|0|6|6
34912,0,False,0,11,6,6|0|6|6|6|6|6|6|6|6|6|6|0|0|0
34922,2,False,2,12,0,2|0|0|4|0|0|6|0|0|0|0|2|0|0|2
34924,2,True,3,12,3,9|2|4|2|3|0|3|4|3|3|0|0|2|8|3
34931,7,False,7,6,7,7|5|9|7|7|7|5|7|5|7|1|7|5|7|7
34955,2,False,2,12,6,4|1|7|6|2|0|2|6|6|6|2|3|6|1|1
35000,5,False,5,3,5,5|5|1|5|2|5|1|5|5|5|5|5|5|5|5
35003,0,True,2,7,0,2|2|2|0|2|0|0|0|0|0|2|2|2|0|0
35026,1,False,1,0,1,1|1|1|1|1|1|1|1|1|1|1|1|1|1|1
35027,9,True,7,14,7,7|7|7|7|2|7|9|7|4|7|7|7|7|7|7
35048,8,False,8,0,8,8|8|8|8|8|8|8|8|8|8|8|8|8|8|8
35054,9,True,4,10,4,4|4|4|4|9|4|9|4|9|8|2|9|9|4|4
35078,3,True,5,11,5,3|3|5|5|1|3|7|5|3|5|7|5|5|5|5
35106,0,False,0,11,6,6|6|6|6|6|6|6|0|6|0|6|6|0|0|6
35114,1,False,1,8,7,7|7|1|1|1|7|1|1|7|7|7|7|1|1|7
35115,5,True,9,3,5,5|5|5|5|5|9|9|5|5|5|9|5|5|5|5
35116,6,True,0,5,6,6|0|6|6|6|6|6|6|6|0|0|6|0|0|6
35142,4,True,6,15,6,6|6|6|6|0|6|6|6|6|6|6|6|2|3|0
35144,0,True,2,13,4,2|4|4|2|2|4|6|4|4|0|0|4|4|4|2
35149,7,True,5,13,5,5|5|5|7|5|5|5|5|5|5|5|5|5|5|7
35184,9,False,9,13,5,8|5|5|5|5|5|5|5|9|5|5|5|5|5|9
35200,6,True,0,2,6,6|4|6|6|6|6|6|6|6|6|6|6|6|6|0
35214,6,True,0,2,6,6|0|6|6|6|6|6|4|6|6|6|6|6|6|6
35219,1,False,1,6,1,7|0|1|1|1|1|1|1|7|0|1|7|0|1|1
35225,5,False,5,7,5,5|5|5|1|3|5|1|5|7|5|1|5|5|1|1
35248,0,False,0,9,6,0|0|6|6|0|6|6|6|6|6|0|0|6|0|6
35290,6,True,0,5,6,6|0|0|6|6|6|6|6|6|6|0|6|0|0|6
35292,8,False,8,3,8,8|3|8|8|8|8|1|8|8|3|8|8|8|8|8
35317,9,False,9,15,5,5|5|5|5|5|5|5|5|5|5|5|5|5|5|5
35328,2,True,3,8,3,3|3|2|3|3|3|3|3|2|3|2|2|2|2|2
35338,3,True,7,15,7,7|7|7|7|7|7|7|7|7|7|7|7|8|7|7
35341,6,True,3,9,3,3|3|6|3|3|6|3|6|6|3|6|6|2|3|9
35342,1,True,3,15,3,2|4|2|2|3|3|3|3|6|3|3|6|3|3|3
35390,9,True,4,14,4,4|4|4|4|4|4|4|4|4|4|4|4|4|4|9
35412,5,False,5,4,5,7|5|5|7|5|5|5|5|5|5|5|6|5|5|7
35422,9,True,7,14,7,7|7|7|7|7|7|7|7|9|7|7|7|7|7|7
35432,6,False,6,14,4,4|4|4|4|6|4|9|4|4|4|4|4|4|4|4
35439,5,True,9,12,9,9|7|7|2|5|5|9|2|7|9|2|9|5|9|9
35442,0,False,0,11,6,6|0|6|6|6|0|6|7|6|6|6|0|0|7|6
35463,8,False,8,4,8,8|8|8|3|3|3|8|8|8|3|8|8|8|8|8
35468,4,True,6,0,4,4|4|4|4|4|4|4|4|4|4|4|4|4|4|4
35499,5,False,5,6,5,5|5|5|5|7|7|5|5|7|5|5|7|7|5|2
35503,3,False,3,4,3,3|3|7|3|3|3|3|3|6|3|6|3|2|3|3
35504,3,True,8,12,8,8|8|8|3|3|8|8|8|8|3|8|8|8|8|8
35533,9,False,9,15,5,5|5|5|5|5|5|5|5|5|5|5|5|5|5|5
35543,1,False,1,3,1,1|1|1|1|7|7|7|1|1|1|1|1|1|1|1
35553,3,False,3,6,3,3|3|2|2|3|6|3|3|2|3|3|3|2|3|2
35559,6,True,1,15,1,2|1|1|1|1|8|1|1|3|7|1|7|1|1|3
35562,9,True,4,15,4,2|2|4|3|6|6|6|4|8|8|4|4|4|4|4
35563,2,True,3,11,3,0|3|0|2|3|0|7|1|2|1|3|3|2|3|2
35569,4,True,0,15,6,3|0|2|6|3|6|2|3|6|6|0|6|2|2|0
35580,4,False,4,11,9,9|4|4|9|9|9|9|9|4|9|9|9|9|4|9
35584,2,True,3,12,3,2|3|7|6|3|3|3|3|2|3|3|3|2|3|3
35595,0,True,2,12,2,0|2|2|2|3|2|3|2|4|6|0|3|2|0|2
35598,6,True,0,4,6,6|0|6|6|6|6|6|6|6|6|0|6|0|0|6
35600,1,False,1,1,1,1|1|1|1|1|1|4|1|1|1|1|1|1|1|1
35605,5,True,9,8,5,7|9|5|2|5|5|9|5|9|9|9|5|5|5|9
35622,0,True,1,10,1,1|0|1|1|1|0|1|1|0|0|1|0|1|1|1
35626,5,True,9,2,5,5|5|9|5|5|5|5|5|5|5|5|5|5|5|9
35635,0,True,2,4,0,2|4|0|0|4|0|6|0|0|0|0|0|0|0|0
35636,0,False,0,10,6,6|6|6|6|6|0|6|6|6|0|0|6|0|0|6
35662,4,False,4,11,4,0|3|4|2|4|3|8|4|7|4|9|0|2|2|6
35677,0,True,1,13,1,1|1|1|1|1|1|1|1|1|0|1|0|1|1|1
35680,6,True,0,5,6,6|0|6|6|0|6|6|6|6|0|6|6|0|0|6
35683,5,True,9,0,5,5|5|5|5|5|5|5|5|5|5|5|5|5|5|5
35687,9,True,4,15,4,4|4|4|0|4|4|4|4|4|4|4|4|0|0|4
35689,3,True,5,10,-1,3|5|1|8|3|3|1|3|5|5|5|3|5|1|1
35713,2,True,5,14,7,7|5|7|7|2|7|5|5|5|7|7|7|7|7|7
35751,5,False,5,3,5,3|5|5|5|5|5|5|5|2|5|5|2|5|5|5
35768,3,False,3,7,3,3|3|2|6|3|6|6|6|3|3|2|3|2|3|3
35774,7,False,7,4,7,7|7|7|7|9|7|9|7|9|9|7|7|7|7|7
35781,2,True,5,14,9,5|8|9|2|5|7|9|5|7|9|7|6|9|9|1
35803,5,False,5,7,5,7|5|5|5|5|7|7|7|7|5|7|5|5|7|5
35824,2,False,2,8,2,2|4|2|2|2|6|6|0|0|3|6|2|2|4|2
35839,7,False,7,1,7,7|7|7|7|7|7|7|7|7|7|9|7|7|7|7
35870,5,False,5,8,5,4|5|1|2|3|5|5|5|5|5|3|3|5|1|7
35873,4,True,6,13,0,2|4|4|0|0|0|2|0|0|0|2|0|0|0|0
35875,9,True,8,15,8,8|8|8|8|8|8|8|8|8|8|8|8|8|8|8
35882,8,True,3,12,3,3|3|8|3|6|8|3|2|8|3|6|3|2|3|2
35888,6,False,6,14,4,2|4|4|0|4|4|6|4|4|0|9|4|0|4|0
35902,6,True,0,4,6,6|0|6|6|6|6|6|6|6|0|6|6|0|6|0
35919,1,True,8,12,8,8|8|8|1|8|8|8|8|8|8|8|8|8|1|1
35944,4,True,6,10,6,6|4|4|4|6|6|6|6|6|6|0|6|4|6|4
35951,4,False,4,13,2,0|2|4|2|2|8|6|4|2|8|0|2|2|0|0
35976,3,False,3,9,3,0|3|2|2|3|3|3|3|0|2|6|3|2|2|6
36019,9,True,4,14,-1,8|2|4|2|2|9|6|0|4|2|0|0|4|0|4
36043,9,False,9,14,5,5|5|5|5|5|5|5|5|5|7|5|5|5|5|9
36059,5,True,9,1,5,5|5|5|5|5|5|5|5|5|5|5|5|5|5|9
36070,5,True,9,0,5,5|5|5|5|5|5|5|5|5|5|5|5|5|5|5
36074,6,True,0,5,6,6|6|6|6|6|6|6|0|6|0|6|6|0|0|0
36076,1,False,1,3,1,1|1|1|1|1|6|1|1|6|7|1|1|1|1|1
36149,9,False,9,14,5,5|5|5|5|5|5|5|5|5|9|5|5|5|5|5
36158,3,False,3,4,3,3|3|3|2|3|3|3|3|2|3|3|2|2|3|3
36164,0,True,2,9,-1,0|4|4|2|0|0|4|0|0|2|2|2|0|2|2
36166,4,False,4,11,9,9|4|4|9|9|4|9|9|9|9|9|9|9|4|9
36177,2,False,2,15,4,6|4|4|4|4|0|4|4|4|0|4|0|4|4|4
36203,6,True,7,15,5,5|5|5|5|5|7|5|5|9|5|2|5|5|5|7
36205,9,False,9,11,2,9|7|7|2|2|5|9|2|5|2|2|2|2|9|9
36207,7,True,8,14,8,3|8|8|8|8|8|8|8|8|8|8|8|8|7|3
36211,6,True,1,14,1,1|1|7|1|1|1|1|1|6|7|1|7|1|1|7
36229,3,False,3,4,3,3|3|2|3|3|3|3|3|4|3|3|3|2|2|3
36236,2,True,9,9,-1,5|5|7|2|5|5|9|5|5|2|2|2|2|9|2
36250,7,True,1,13,1,1|1|1|1|1|7|7|1|1|1|1|4|1|1|1
36256,4,True,6,0,4,4|4|4|4|4|4|4|4|4|4|4|4|4|4|4
36285,3,True,2,14,2,2|3|4|2|5|2|9|2|8|2|2|2|2|2|2
36334,4,True,6,1,4,4|4|4|4|5|4|4|4|4|4|4|4|4|4|4
36342,8,True,2,15,0,2|2|0|2|0|0|2|2|2|0|0|0|0|0|0
36370,6,True,9,15,9,9|5|5|5|5|9|9|2|2|9|2|5|9|9|2
36437,2,True,3,13,3,3|3|2|6|3|3|3|3|6|3|6|3|2|3|3
36444,7,True,1,15,1,1|1|1|1|1|1|1|1|0|1|1|1|1|1|1
36448,4,True,6,11,6,2|4|4|4|6|6|0|0|0|4|6|0|8|6|6
36478,5,False,5,5,5,5|5|5|5|5|7|5|5|7|5|7|5|7|5|7
36481,9,True,7,10,7,7|7|7|7|9|5|9|9|5|9|7|9|7|7|7
36529,8,False,8,2,8,8|8|8|8|8|8|8|8|8|3|8|3|8|8|8
36562,9,False,9,15,5,5|5|5|5|5|5|5|5|5|5|5|5|5|5|5
36569,9,True,7,15,7,7|7|7|7|7|7|7|7|7|7|7|7|7|7|7
36577,0,True,2,10,2,2|2|2|2|2|0|2|2|0|2|0|0|2|0|2
36596,7,False,7,8,7,7|5|7|2|7|5|9|7|7|9|9|2|7|7|9
36619,1,False,1,2,1,1|1|1|1|1|1|1|1|4|7|1|1|1|1|1
36627,8,True,7,15,7,7|7|5|5|5|5|5|7|7|7|7|7|5|5|7
36628,1,True,5,13,-1,4|5|7|1|2|5|7|7|2|5|1|2|5|7|8
36690,5,True,8,15,8,8|8|8|8|8|8|8|8|8|8|8|8|8|8|7
36714,5,True,9,4,5,5|5|9|5|9|5|9|5|9|5|5|5|5|5|5
36729,6,True,0,3,6,6|0|6|6|6|6|6|6|6|6|6|6|0|0|6
36785,8,False,8,3,8,8|8|8|7|8|1|8|8|8|8|8|8|8|8|1
36804,6,False,6,14,4,4|4|4|4|4|4|6|4|4|4|4|4|4|4|4
36807,8,False,8,2,8,8|8|8|8|8|8|8|8|8|7|8|8|8|7|8
36815,3,True,8,10,8,8|8|8|8|3|8|8|8|3|8|3|3|8|8|3
36818,7,True,8,10,8,8|7|8|7|8|7|8|8|7|8|8|8|8|7|8
36820,3,True,8,15,8,8|8|8|8|8|4|8|8|8|8|8|8|8|8|8
36830,0,False,0,13,6,3|3|2|2|6|6|6|6|6|6|6|6|6|0|0
36831,6,False,6,15,0,2|0|0|0|0|4|2|2|4|2|2|0|2|0|0
36850,7,True,8,15,8,8|8|1|8|8|8|8|8|8|8|8|8|8|8|8
36857,0,True,2,9,-1,3|4|0|0|4|0|4|9|4|0|0|4|4|0|6
36862,4,True,6,2,4,2|4|4|4|4|6|4|4|4|4|4|4|4|4|4
36866,6,False,6,15,4,4|4|4|4|4|4|4|4|4|4|4|4|4|4|4
36879,4,True,1,15,1,7|1|1|7|1|1|1|1|1|0|1|7|1|1|0
36884,9,False,9,10,-1,7|9|9|5|2|5|9|2|8|9|2|5|5|5|9
36932,6,True,3,13,3,3|3|3|3|3|6|3|3|6|3|3|3|2|2|3
36933,0,True,1,13,1,1|1|1|1|1|1|1|1|1|1|1|0|0|1|1
36941,6,True,0,3,6,6|6|6|6|6|6|6|6|6|6|6|6|0|0|0
36966,3,False,3,1,3,3|3|2|3|3|3|3|3|3|3|3|3|3|3|3
36985,5,False,5,11,2,5|2|8|5|2|5|2|7|4|8|7|2|2|1|5
36987,2,True,3,13,3,6|3|2|6|3|6|3|3|3|3|3|3|2|3|3
37011,8,False,8,2,8,8|8|8|1|8|7|8|8|8|8|8|8|8|8|8
37039,8,False,8,3,8,8|8|8|8|8|7|8|8|7|8|8|8|8|8|7
37066,0,True,2,7,0,2|2|2|2|2|0|0|0|0|0|0|2|0|2|0
37088,6,True,0,5,6,6|0|4|6|6|6|6|6|6|6|0|6|0|0|6
37095,9,True,4,13,4,4|3|4|2|6|4|9|3|4|3|4|3|9|4|4
37112,0,True,2,14,6,6|0|4|6|6|6|6|4|6|5|6|6|4|4|6
37121,5,True,9,1,5,5|5|5|5|5|5|9|5|5|5|5|5|5|5|5
37123,9,True,7,15,7,7|7|7|7|7|3|7|7|7|3|7|7|7|7|7
37159,2,True,5,13,5,7|5|5|5|2|7|5|7|8|5|5|5|7|5|2
37177,1,False,1,10,0,4|0|1|1|0|0|3|4|0|0|1|4|1|1|0
37186,5,True,9,3,5,5|5|5|5|5|5|9|5|5|8|5|5|9|5|5
37207,5,False,5,9,5,7|7|5|5|7|7|5|7|2|5|2|5|5|6|3
37234,7,True,1,10,1,1|1|1|7|1|7|1|1|7|7|1|1|1|1|7
37235,6,True,0,10,6,3|3|3|2|6|6|6|0|6|3|0|0|0|6|2
37254,3,False,3,10,3,3|3|3|8|4|5|8|1|6|6|1|3|0|3|0
37276,6,True,3,7,6,3|6|6|0|6|6|6|6|6|6|3|0|0|3|0
37307,4,True,1,14,1,1|1|1|3|1|1|1|1|4|7|7|7|7|1|9
37313,0,True,2,9,-1,2|4|0|2|2|0|6|2|4|2|0|0|0|0|2
37316,2,True,3,4,2,3|3|2|2|2|3|2|2|2|2|2|2|2|3|2
37341,7,True,5,12,8,8|3|8|2|2|8|7|7|8|8|7|5|8|2|2
37351,0,True,1,8,-1,1|1|1|0|1|0|3|1|0|0|1|0|1|0|0
37352,0,True,2,4,0,0|4|2|0|2|0|0|0|0|0|0|2|0|0|0
37360,4,False,4,12,9,4|4|4|9|9|9|9|9|9|9|9|9|9|9|9
37365,1,False,1,2,1,1|1|1|1|1|1|1|1|0|0|1|1|1|1|1
37414,0,True,7,15,5,7|5|1|7|5|7|7|5|5|2|7|5|5|5|9
37415,2,True,3,10,3,3|3|2|2|2|6|3|3|6|3|2|3|2|3|3
37446,5,True,9,5,5,5|5|5|9|5|5|9|5|9|5|9|5|5|5|9
37449,5,False,5,6,5,5|5|1|5|3|5|5|1|1|5|6|5|1|5|5
37453,5,True,9,1,5,5|5|5|5|5|5|9|5|5|5|5|5|5|5|5
37471,5,True,9,1,5,5|5|5|5|5|5|5|5|5|5|9|5|5|5|5
37494,6,False,6,12,4,6|4|4|4|4|6|4|4|4|6|4|4|4|4|4
37513,3,True,2,12,4,3|4|4|4|3|3|9|4|4|9|4|2|9|4|9
37522,2,True,3,9,3,3|3|2|2|3|3|3|3|2|3|6|2|2|3|2
37547,1,False,1,3,1,1|1|1|1|7|1|1|1|7|1|1|7|1|1|1
37548,6,True,0,6,6,6|5|6|0|0|6|6|0|6|6|6|6|0|6|0
37555,6,False,6,7,6,6|4|6|0|6|0|6|4|6|4|6|6|6|0|4
37558,0,False,0,14,6,6|6|6|6|6|6|6|6|6|6|6|6|0|6|6
37595,8,False,8,14,0,0|2|0|4|0|0|9|4|4|0|0|2|8|0|4
37603,9,False,9,15,5,5|5|5|5|5|5|5|5|5|5|5|5|5|5|5
37607,8,True,7,14,5,9|7|5|5|8|7|2|5|2|9|5|5|7|5|9
37644,9,True,4,9,4,3|4|4|4|9|9|9|4|4|9|9|2|4|4|9
37663,5,False,5,6,5,3|8|5|5|3|5|1|5|5|5|1|1|5|5|5
37708,0,True,1,14,1,1|1|1|1|1|1|1|1|1|1|0|1|1|1|1
37759,2,True,5,11,5,1|5|5|5|2|7|7|7|2|5|2|5|2|5|0
37780,7,False,7,0,7,7|7|7|7|7|7|7|7|7|7|7|7|7|7|7
37785,9,False,9,14,5,7|7|5|5|5|5|5|5|5|5|5|5|5|5|9
37788,9,True,4,11,4,4|3|4|3|9|4|9|9|4|4|4|4|4|4|9
37793,3,False,3,9,3,3|3|0|3|2|3|1|3|3|2|1|6|2|2|2
37809,4,True,7,11,7,3|4|4|4|7|7|7|7|4|7|7|7|7|7|7
37811,8,False,8,1,8,8|8|8|8|8|8|8|8|3|8|8|8|8|8|8
37833,6,False,6,15,4,4|4|4|4|4|4|4|4|4|4|4|4|4|4|4
37837,4,True,6,5,4,4|4|4|4|6|4|4|9|9|4|6|4|4|4|9
37853,6,False,6,15,4,4|4|4|4|4|4|4|4|4|4|0|4|0|0|4
37859,7,True,1,15,1,1|1|1|1|1|1|1|1|0|0|1|1|1|1|1
37890,2,False,2,12,4,2|4|4|4|9|4|4|4|0|2|0|2|4|4|4
37896,6,True,0,1,6,6|6|6|6|6|6|6|6|6|6|6|6|0|6|6
37954,1,True,5,13,5,5|5|5|5|5|5|1|5|3|5|5|5|5|1|5
37968,4,True,6,1,4,4|4|4|4|4|4|4|4|4|4|2|4|4|4|4
37987,6,True,0,3,6,6|0|6|6|6|6|6|6|6|6|6|6|6|0|0
38005,4,False,4,3,4,9|4|4|4|4|4|4|9|4|4|4|4|4|4|9
38009,9,False,9,14,5,5|5|5|5|5|5|5|5|5|5|5|9|5|5|5
38012,9,False,9,12,5,5|5|5|5|5|5|9|5|5|5|9|9|5|5|5
38039,4,False,4,2,4,4|4|4|4|4|4|4|4|4|9|4|4|9|4|4
38062,1,False,1,5,1,1|1|1|1|1|7|7|1|2|7|1|7|1|1|1
38069,6,True,0,6,6,6|0|6|0|6|6|6|0|6|0|0|6|0|6|6
38076,0,False,0,13,6,3|4|3|0|0|6|6|1|6|6|6|6|6|3|6
38077,3,False,3,9,2,3|3|2|2|3|3|3|2|2|3|2|2|2|2|2
38084,6,True,0,6,6,6|0|6|6|6|6|6|6|0|0|6|6|0|0|0
38089,4,True,6,0,4,4|4|4|4|4|4|4|4|4|4|4|4|4|4|4
38101,0,False,0,12,6,6|0|6|6|6|6|6|6|6|6|6|6|0|0|6
38140,2,True,5,14,7,7|2|7|5|7|5|7|5|7|5|7|7|7|7|7
38162,4,False,4,7,4,4|4|4|1|9|4|9|4|4|6|4|4|9|1|9
38176,6,False,6,6,6,6|0|6|0|6|6|4|6|6|6|0|6|4|0|6
38208,2,True,9,14,7,9|7|7|9|9|7|9|9|7|7|2|7|7|9|7
38214,1,False,1,0,1,1|1|1|1|1|1|1|1|1|1|1|1|1|1|1
38219,3,False,3,10,3,3|3|7|2|1|2|6|4|3|3|6|3|0|2|7
38240,5,True,9,2,5,5|5|5|5|5|5|9|5|5|5|5|5|5|5|9
38311,9,True,6,14,8,7|8|1|1|9|0|8|7|6|8|8|0|8|8|0
38345,5,True,9,4,5,2|5|5|2|5|5|5|5|5|5|5|5|5|9|9
38361,7,True,1,12,1,1|1|1|1|1|7|7|1|1|7|1|4|1|1|1
38372,5,False,5,7,5,5|7|8|1|5|5|7|5|5|5|7|5|5|1|7
38392,6,False,6,12,3,3|3|4|4|6|3|3|4|3|3|6|0|0|3|6
38409,6,True,0,3,6,6|6|6|2|4|6|6|6|6|6|6|6|6|0|6
38421,4,True,1,15,7,7|1|1|7|7|1|7|1|1|7|7|7|1|1|7
38432,0,True,2,5,0,0|8|4|0|0|0|2|0|0|0|0|0|0|8|6
38435,5,True,9,0,5,5|5|5|5|5|5|5|5|5|5|5|5|5|5|5
38440,3,True,8,13,8,8|3|8|8|8|8|8|3|8|8|8|8|8|8|8
38447,0,True,2,1,0,0|0|0|0|2|0|0|0|0|0|0|0|0|0|0
38482,5,True,9,2,5,5|5|5|5|5|5|5|5|5|9|5|5|5|5|9
38486,5,True,9,2,5,5|5|5|5|5|5|9|5|5|5|5|5|5|5|9
38487,8,True,7,15,7,7|7|7|7|7|5|7|7|7|7|7|3|7|7|1
38548,8,False,8,0,8,8|8|8|8|8|8|8|8|8|8|8|8|8|8|8
38562,9,False,9,15,5,5|5|5|5|5|5|5|5|5|5|5|5|5|5|5
38565,1,True,4,15,4,2|4|4|2|4|4|4|4|4|9|4|6|2|2|4
38584,9,True,4,12,-1,3|3|4|3|4|4|9|4|9|3|3|3|4|9|4
38586,2,True,5,6,2,3|2|2|2|2|5|2|5|2|2|2|5|5|5|2
38601,5,False,5,9,5,7|5|5|1|8|1|9|2|5|5|7|5|7|5|1
38612,5,True,9,2,5,5|5|5|5|5|5|5|5|5|5|9|5|5|5|9
38614,9,True,4,13,4,4|4|4|4|4|4|9|4|4|4|4|4|4|4|9
38653,5,False,5,5,5,5|8|1|5|5|5|5|5|5|5|7|5|7|7|5
38675,6,False,6,2,6,6|4|6|6|6|6|6|6|6|6|6|6|4|6|6
38676,9,True,4,9,4,4|4|4|4|9|6|9|4|9|9|4|4|4|9|9
38695,7,True,1,15,1,1|1|1|1|1|1|1|1|8|0|1|0|0|1|1
38698,4,False,4,5,4,4|4|4|9|9|4|9|4|4|4|9|4|4|4|9
38704,0,False,0,12,6,6|6|6|6|6|0|6|6|6|6|0|6|6|0|6
38717,8,False,8,2,8,8|8|8|8|8|7|8|8|8|8|8|8|8|8|1
38732,6,False,6,8,6,3|6|4|6|3|6|6|4|4|4|0|6|6|4|6
38736,0,True,2,2,0,2|4|0|0|0|0|0|0|0|0|0|0|0|0|0
38742,0,True,1,15,2,3|3|2|2|3|6|3|2|2|2|2|3|2|3|2
38755,5,False,5,5,5,5|5|5|5|5|5|7|7|2|5|7|5|5|5|7
38758,4,True,7,14,7,7|7|7|7|7|7|9|7|4|7|7|7|7|7|7
38770,7,True,5,10,7,3|7|9|5|3|2|7|7|9|5|5|2|7|5|7
38786,9,False,9,14,5,5|5|5|5|5|5|9|5|5|5|5|5|5|5|5
38817,2,True,3,13,6,3|3|6|3|3|6|6|3|6|6|6|0|2|6|2
38867,2,True,3,14,3,3|3|7|3|3|3|3|3|3|3|3|2|3|3|3
38876,4,True,6,1,4,4|4|4|4|4|4|4|4|4|4|4|4|4|4|6
38922,9,True,7,15,7,7|7|7|7|7|7|7|7|7|7|7|7|2|7|7
38933,0,False,0,11,6,6|6|6|6|6|6|6|6|6|0|6|0|0|6|0
38946,0,True,2,11,-1,2|4|4|2|2|8|6|0|4|4|0|6|0|2|0
38954,9,True,8,15,8,8|8|8|8|8|4|8|8|8|8|7|8|8|8|8
38968,0,True,3,15,-1,1|1|7|7|6|6|6|1|4|4|3|5|1|7|7
39005,6,True,3,14,3,6|3|2|2|3|3|3|3|3|3|3|3|2|3|2
39015,7,False,7,2,7,7|7|7|2|7|7|1|7|7|7|7|7|7|7|7
39037,5,False,5,5,5,5|5|7|7|5|7|5|5|7|5|2|5|5|5|5
39039,7,False,7,3,7,7|7|7|7|9|7|7|7|9|7|7|7|7|7|9
39053,8,False,8,7,8,8|8|8|8|6|0|6|0|8|4|8|0|8|6|8
39065,9,False,9,14,5,5|5|5|5|5|5|5|5|5|9|5|5|5|5|5
39071,7,True,8,11,8,8|8|1|8|8|8|7|7|7|8|8|8|8|1|7
39083,3,False,3,7,3,6|3|7|6|3|3|3|3|2|3|3|3|2|2|9
39148,7,False,7,6,7,3|7|7|7|3|7|5|7|9|5|7|7|5|7|7
39151,9,False,9,13,5,5|5|5|5|5|5|9|5|5|5|5|9|5|5|5
39161,3,True,8,12,8,3|8|8|8|3|8|1|8|8|8|1|3|8|1|7
39171,9,True,7,14,7,7|7|7|7|7|7|7|7|7|7|7|7|7|7|9
39177,5,True,9,2,5,5|5|5|5|5|5|9|5|5|5|5|5|5|5|9
39183,9,False,9,11,5,9|5|5|2|9|5|5|5|9|5|5|5|5|5|9
39237,6,False,6,15,4,4|2|4|2|0|4|4|2|4|4|4|4|4|4|4
39245,9,False,9,11,7,5|7|7|2|5|7|9|7|5|9|2|9|7|9|8
39254,9,True,4,12,4,3|4|4|6|4|4|9|4|4|9|6|0|4|4|9
39265,0,True,1,11,1,1|1|1|0|0|1|1|1|0|0|1|1|1|1|1
39270,5,False,5,4,5,7|5|5|5|5|8|7|5|5|5|5|5|5|5|7
39287,4,True,6,12,6,6|4|4|2|6|6|6|6|6|6|6|6|6|4|6
39291,0,True,2,11,4,4|4|4|9|9|0|9|0|4|9|4|0|9|0|4
39321,2,True,3,8,2,3|3|7|2|3|3|2|3|2|2|6|2|2|3|2
39325,9,False,9,14,5,5|5|5|5|5|5|5|5|9|5|5|5|5|5|5
39348,3,True,8,13,8,3|8|8|8|3|8|1|8|8|8|8|8|8|8|8
39349,2,True,7,13,7,7|7|7|2|7|7|7|7|7|7|2|7|7|7|1
39369,2,False,2,13,0,4|2|4|6|4|0|4|0|0|0|0|0|2|0|4
39400,9,True,7,10,7,7|7|7|7|9|7|9|7|7|7|9|9|9|7|7
39405,8,False,8,2,8,8|8|8|8|8|8|8|8|3|8|8|8|8|3|8
39430,5,True,9,0,5,5|5|5|5|5|5|5|5|5|5|5|5|5|5|5
39457,8,True,7,15,5,7|3|5|5|2|5|5|2|5|5|7|5|5|5|5
39478,6,True,3,14,3,3|3|2|2|3|3|3|3|6|3|2|3|2|3|3
39495,7,True,8,14,8,1|8|8|8|1|8|8|8|8|8|8|8|7|1|8
39496,7,False,7,2,7,7|7|7|7|7|7|8|7|7|7|3|7|7|7|7
39498,2,False,2,13,0,2|0|4|0|0|0|0|0|4|2|4|0|0|0|0
39530,8,False,8,1,8,8|8|8|8|8|8|8|8|8|8|8|8|8|8|7
39536,3,False,3,4,3,3|3|8|2|3|3|3|3|3|3|3|3|2|3|2
39537,6,True,0,4,6,6|6|6|0|6|6|6|6|6|0|6|0|6|0|6
39543,4,True,6,3,4,6|4|4|4|4|4|4|4|6|4|6|4|4|4|4
39568,1,True,5,14,7,8|7|7|7|8|1|7|3|3|3|7|7|7|7|8
39573,6,True,0,7,6,6|0|6|6|6|0|6|0|6|6|0|6|0|0|0
39574,1,True,5,9,5,5|5|1|1|1|5|1|1|5|5|5|5|5|5|1
39577,9,True,4,13,4,4|4|4|0|4|4|4|4|4|9|4|4|4|4|9
39589,5,True,9,0,5,5|5|5|5|5|5|5|5|5|5|5|5|5|5|5
39604,1,False,1,2,1,1|1|1|1|1|7|1|1|1|7|1|1|1|1|1
39605,0,False,0,7,0,0|6|6|6|0|6|6|0|0|6|0|7|0|0|0
39642,9,True,4,12,4,6|4|4|2|4|9|4|9|4|8|9|4|4|4|4
39646,9,True,7,7,9,7|7|7|9|9|9|9|7|7|9|7|9|7|9|9
39666,5,False,5,10,-1,7|5|8|2|1|7|7|7|5|5|5|7|3|5|9
39669,4,False,4,10,9,4|4|4|9|9|9|9|4|4|9|9|9|9|9|9
39677,7,False,7,3,7,7|7|7|7|7|7|7|7|7|7|7|7|9|9|9
39696,1,True,8,15,8,0|5|7|7|0|6|7|6|6|8|8|5|8|3|8
39697,7,True,1,15,1,1|1|1|1|1|1|1|1|6|0|1|1|1|1|1
39703,0,True,1,11,1,1|1|1|1|1|0|1|0|1|0|1|0|1|1|1
39719,3,False,3,3,3,3|2|2|3|3|3|3|3|3|3|3|3|2|3|3
39742,8,True,6,10,4,6|4|4|2|8|4|4|8|4|4|8|6|8|8|2
39751,5,True,9,14,-1,1|7|8|8|9|1|9|8|3|8|5|7|7|9|9
39756,9,True,4,10,4,4|4|4|4|9|4|9|4|9|9|2|7|4|0|9
39765,3,True,8,15,8,8|8|8|8|8|8|8|8|8|8|8|8|8|8|8
39772,2,True,5,14,5,3|5|5|5|5|3|5|5|3|5|5|2|5|5|5
39789,2,True,9,11,-1,7|5|5|9|5|5|9|7|7|2|2|2|9|9|2
39803,9,False,9,13,5,5|5|5|5|5|5|9|5|9|5|5|5|5|5|5
39804,5,True,9,1,5,5|5|5|5|5|5|5|5|5|5|9|5|5|5|5
39810,2,True,7,15,7,7|5|7|7|7|7|7|7|7|7|7|7|7|7|7
39818,2,True,3,6,2,3|3|2|2|3|3|3|2|2|3|2|2|2|2|2
39830,6,True,0,1,6,6|0|6|6|6|6|6|6|6|6|6|6|6|6|6
39857,0,False,0,11,6,6|6|6|6|6|6|6|6|6|0|0|6|0|6|0
39871,1,True,5,13,5,5|5|5|5|2|5|5|2|5|5|5|2|5|1|1
39922,4,True,7,13,7,7|7|4|7|7|7|7|7|4|7|7|7|8|7|7
39942,0,False,0,9,6,6|6|6|6|0|6|6|6|6|0|6|0|0|0|0
39956,8,False,8,1,8,8|8|8|8|8|8|8|8|8|8|8|8|8|7|8
39968,6,True,3,14,3,3|3|3|2|3|3|3|3|6|3|3|9|2|3|2
39969,3,False,3,10,2,3|1|3|3|2|6|6|3|7|3|2|2|2|2|2
39971,7,False,7,2,7,3|4|7|7|7|7|7|7|7|7|7|7|7|7|7
39979,0,False,0,14,6,6|6|6|6|6|6|6|6|6|0|6|6|6|6|6
39995,9,True,7,14,7,7|7|7|7|7|7|7|7|7|7|7|7|7|7|9
39999,0,False,0,14,6,1|7|8|6|0|6|6|6|4|6|8|8|8|8|6
40017,3,False,3,13,6,6|1|6|6|2|5|6|0|3|0|6|0|3|2|2
40021,0,True,2,4,0,2|4|0|2|2|0|0|0|0|0|0|0|0|0|0
40046,9,True,4,10,9,4|3|4|2|4|3|9|9|6|9|2|3|4|9|9
40051,5,True,9,3,5,5|5|5|5|9|5|5|5|5|5|9|5|5|5|9
40065,9,True,7,15,7,7|7|7|7|7|7|7|7|7|7|7|7|7|7|7
40067,8,False,8,10,8,3|8|2|3|8|3|4|8|6|8|6|6|2|8|6
40079,4,False,4,4,4,2|4|4|4|4|4|4|4|4|9|2|4|9|4|4
40089,8,False,8,2,8,3|8|8|8|3|8|8|8|8|8|8|8|8|8|8
40119,9,True,7,15,7,7|7|7|7|7|7|7|7|7|7|7|7|7|8|7
40140,9,False,9,15,5,5|5|5|5|5|5|5|5|5|5|5|5|5|5|5
40146,8,False,8,3,8,8|8|8|8|8|5|8|8|8|8|8|1|8|7|8
40163,6,True,0,5,6,8|6|6|6|6|6|6|6|6|0|6|6|0|0|0
40164,0,False,0,12,6,6|0|6|6|6|6|6|6|6|6|6|6|0|0|6
40178,7,True,8,15,8,8|8|8|8|8|8|8|8|8|8|8|8|8|8|8
40183,2,True,5,15,7,7|8|8|7|7|6|9|7|9|7|5|7|7|7|9
40186,1,False,1,6,1,7|1|1|1|0|7|7|1|1|7|1|7|1|1|1
40222,4,True,6,7,4,2|4|4|0|4|6|4|4|4|0|2|9|0|4|4
40232,7,True,1,14,1,1|1|1|1|1|1|7|1|1|1|1|1|1|1|1
40235,2,True,3,14,3,3|3|3|6|3|6|3|3|3|3|6|3|2|3|3
40248,3,False,3,6,3,3|3|8|3|3|3|6|3|8|3|3|5|2|2|3
40257,6,True,2,13,2,3|4|4|2|2|6|9|9|4|2|6|3|2|4|2
40261,2,True,5,12,7,7|7|2|2|5|7|7|7|3|7|7|7|2|7|7
40303,9,False,9,14,5,5|5|5|5|5|5|5|5|5|5|5|5|5|5|9
40308,9,True,6,15,6,6|6|6|6|6|6|6|6|6|0|6|0|0|6|3
40314,5,True,9,0,5,5|5|5|5|5|5|5|5|5|5|5|5|5|5|5
40315,9,True,8,13,8,8|8|8|8|3|8|9|8|3|8|8|8|8|8|9
40326,9,True,7,13,7,7|7|7|7|7|7|7|7|7|7|7|7|9|5|9
40365,1,True,5,14,7,7|7|7|1|2|9|5|7|8|7|7|7|5|5|7
40377,8,False,8,4,8,8|3|8|8|8|8|6|1|8|8|8|8|4|8|8
40400,8,False,8,5,8,0|3|8|8|8|8|8|8|8|8|3|3|8|6|8
40410,7,False,7,2,7,7|7|7|7|5|2|7|7|7|7|7|7|7|7|7
40414,7,False,7,0,7,7|7|7|7|7|7|7|7|7|7|7|7|7|7|7
40435,6,True,0,2,6,6|0|6|6|6|6|6|6|6|6|6|6|6|0|6
40454,5,False,5,6,5,5|5|3|8|3|5|1|5|1|5|5|5|5|1|5
40461,6,True,0,9,6,6|6|0|2|2|6|8|4|4|8|0|6|6|4|6
40467,2,True,3,14,-1,6|6|1|3|0|6|2|7|6|8|5|3|5|3|3
40478,9,True,4,14,4,3|4|4|4|4|4|6|4|4|9|4|4|4|4|4
40484,8,False,8,8,8,8|0|4|8|0|6|9|6|8|8|0|8|8|8|7
40497,3,True,7,15,7,7|5|7|7|7|7|9|7|9|7|7|9|9|7|9
40509,1,False,1,7,1,1|1|1|1|0|0|1|1|0|0|1|0|0|1|0
40534,5,True,9,0,5,5|5|5|5|5|5|5|5|5|5|5|5|5|5|5
40536,1,False,1,1,1,1|1|1|1|1|1|1|1|6|1|1|1|1|1|1
40539,7,False,7,0,7,7|7|7|7|7|7|7|7|7|7|7|7|7|7|7
40557,9,True,4,12,4,9|4|4|4|9|4|9|4|4|4|4|4|4|4|4
40565,4,False,4,0,4,4|4|4|4|4|4|4|4|4|4|4|4|4|4|4
40572,4,True,6,7,4,6|4|4|6|2|4|9|6|4|8|4|4|0|4|4
40587,2,True,3,8,3,3|3|2|2|3|3|3|2|2|2|3|3|2|3|2
40603,6,False,6,6,6,6|2|6|6|6|6|0|4|6|6|1|3|2|6|6
40638,0,True,2,3,0,2|4|0|2|0|0|0|0|0|0|0|0|0|0|0
40647,3,True,5,14,5,7|3|5|5|7|5|7|5|9|5|2|5|5|5|5
40649,4,False,4,5,4,4|4|4|9|4|4|9|4|4|4|9|4|9|4|9
40660,4,False,4,7,4,9|4|9|4|4|9|9|4|4|8|4|4|9|4|9
40662,3,True,8,15,8,8|8|8|8|8|8|8|8|8|8|8|8|8|7|8
40669,2,True,3,14,3,3|3|7|1|3|3|3|3|3|3|1|3|3|1|2
40684,7,False,7,0,7,7|7|7|7|7|7|7|7|7|7|7|7|7|7|7
40686,7,False,7,1,7,7|7|7|7|7|7|7|7|7|7|7|7|7|7|9
40733,4,True,6,5,4,3|4|4|4|2|4|0|4|4|4|4|0|4|4|2
40774,1,True,5,15,7,7|5|7|7|7|7|7|7|7|7|7|7|7|7|7
40853,1,False,1,6,1,1|1|7|1|1|7|1|1|6|7|7|1|1|1|7
40854,3,False,3,8,3,3|3|2|2|6|3|3|8|6|2|6|3|2|3|3
40871,6,True,0,14,8,8|5|9|8|8|0|3|7|6|1|0|0|8|2|8
40874,5,True,9,0,5,5|5|5|5|5|5|5|5|5|5|5|5|5|5|5
40876,4,False,4,6,4,4|4|4|4|4|9|9|4|9|9|4|4|4|9|9
40895,5,True,4,15,4,8|8|4|6|9|4|4|4|6|4|8|9|4|8|4
40907,4,True,6,0,4,4|4|4|4|4|4|4|4|4|4|4|4|4|4|4
40908,5,False,5,7,5,7|5|7|5|5|5|7|1|5|5|7|7|5|5|7
40919,2,True,3,13,-1,3|4|9|2|3|3|9|3|4|9|2|3|9|0|9
40936,7,False,7,3,7,3|7|7|7|7|7|7|7|4|7|7|7|7|7|2
40955,4,True,6,2,4,4|6|4|4|4|4|4|4|4|4|4|4|4|4|9
40963,2,True,5,15,5,3|5|5|5|3|5|1|5|5|1|5|1|5|5|7
40968,3,True,8,11,8,8|4|8|3|8|8|8|3|3|8|8|8|8|3|8
40980,9,True,3,15,3,3|3|4|2|2|6|3|4|6|3|7|6|2|3|2
41046,2,True,3,15,3,3|6|8|3|3|0|3|6|6|3|3|0|3|3|3
41064,4,False,4,3,4,2|4|4|2|4|4|9|4|4|4|4|4|4|4|4
41070,9,True,7,15,7,7|7|7|2|7|7|7|7|7|7|7|7|7|7|7
41087,5,True,9,0,5,5|5|5|5|5|5|5|5|5|5|5|5|5|5|5
41098,8,True,6,11,-1,5|8|8|2|3|6|1|5|8|3|8|5|3|3|4
41100,2,False,2,3,2,0|4|2|2|2|2|2|2|2|2|2|2|2|0|2
41101,2,True,9,11,5,7|7|5|2|5|5|9|5|9|5|2|2|7|9|2
41112,4,False,4,12,-1,4|4|3|6|3|8|2|4|8|8|0|9|2|2|3
41114,0,False,0,10,6,6|0|6|0|0|6|6|0|6|6|6|6|0|6|6
41140,9,False,9,15,5,5|5|5|5|5|5|5|5|5|5|5|5|5|5|5
41167,3,True,5,13,5,2|7|5|5|2|3|5|5|7|3|5|5|7|5|5
41172,9,True,7,14,7,7|7|7|3|9|7|5|7|7|2|7|2|7|7|7
41184,5,False,5,11,7,7|3|7|7|5|7|1|1|7|7|5|5|5|7|1
41222,4,False,4,6,4,2|4|4|9|4|4|4|4|4|0|2|4|9|9|4
41236,1,True,8,13,8,8|8|8|1|8|8|8|8|7|8|8|8|8|8|1
41242,5,False,5,7,5,3|5|5|5|2|5|1|1|7|5|3|3|5|5|5
41246,3,False,3,9,2,3|3|2|2|2|3|3|3|2|3|2|2|2|2|2
41251,1,True,7,15,5,5|5|5|5|8|5|5|5|9|5|9|5|5|5|8
41253,4,False,4,3,4,9|4|4|9|4|4|9|4|4|4|4|4|4|4|4
41264,9,True,8,15,8,8|8|8|8|8|8|1|8|8|8|8|8|8|8|7
41267,3,False,3,5,3,3|3|3|2|2|3|3|3|3|3|3|2|2|3|2
41268,9,True,7,13,7,7|7|7|7|7|7|7|7|9|9|7|7|7|7|7
41274,0,True,2,5,0,0|2|4|0|2|0|0|0|0|0|0|2|0|0|2
41284,0,False,0,13,6,6|6|6|6|6|6|6|6|6|6|6|6|0|6|0
41304,8,False,8,1,8,8|8|8|8|8|8|8|8|8|8|8|8|8|8|7
41378,5,False,5,6,5,7|4|5|5|5|7|7|5|5|5|2|5|5|1|5
41407,2,True,3,13,3,3|3|2|3|3|3|3|3|3|3|3|3|2|3|3
41410,2,True,3,10,3,3|3|2|3|3|3|6|3|3|2|2|3|2|3|2
41413,2,False,2,11,8,2|8|8|2|8|8|2|8|8|2|8|8|8|0|0
41424,2,True,5,14,5,5|7|5|3|2|5|5|5|3|9|5|1|7|5|5
41435,6,True,0,7,6,2|0|6|0|6|6|6|6|0|6|6|4|0|6|0
41457,6,True,0,3,6,6|6|6|6|6|6|6|4|6|6|6|6|2|0|6
41471,9,True,4,8,4,9|4|4|9|4|9|9|4|4|4|9|4|4|9|9
41478,7,False,7,3,7,7|7|7|7|9|7|7|7|9|7|7|7|7|7|9
41488,2,False,2,7,2,2|2|2|2|0|6|2|2|0|2|0|0|2|4|0
41523,9,True,7,14,7,7|7|7|7|7|7|7|7|7|7|7|7|7|7|9
41524,9,True,4,10,4,4|4|4|9|3|4|9|4|4|9|4|4|9|4|9
41535,2,True,3,10,3,3|3|2|3|3|3|2|2|3|3|3|2|2|3|3
41538,0,True,4,15,8,8|4|4|4|5|8|9|8|4|8|8|8|4|9|9
41545,7,False,7,15,5,5|5|9|5|5|5|9|5|5|5|9|5|5|5|9
41557,9,True,7,15,7,7|4|7|7|7|7|7|7|4|7|7|7|7|5|7
41574,1,False,1,9,1,1|0|4|1|1|4|1|1|6|4|0|0|4|0|1
41596,0,True,2,4,0,0|4|2|0|2|0|0|2|0|0|0|0|0|0|0
41622,1,True,3,15,0,0|4|4|0|6|4|0|0|0|0|0|0|0|0|0
41638,9,False,9,10,2,2|5|9|2|2|5|9|2|5|2|2|2|9|9|9
41656,3,False,3,9,2,3|3|2|2|2|3|3|6|2|3|6|2|2|3|2
41660,3,True,2,12,2,3|5|4|4|2|3|8|8|2|2|7|3|8|2|1
41675,6,False,6,14,3,3|2|8|1|3|6|3|3|3|2|0|4|2|0|3
41696,2,True,5,6,2,5|5|5|2|2|8|2|2|2|5|2|2|2|5|2
41727,8,False,8,2,8,8|8|8|8|8|8|8|8|8|8|8|4|8|8|7
41773,0,True,1,10,1,0|1|1|1|1|0|1|1|0|0|1|1|1|1|0
41803,7,True,8,14,8,6|5|8|8|8|6|7|8|8|8|8|8|8|8|8
41817,4,False,4,11,3,3|3|4|3|3|3|9|4|9|9|3|9|3|4|4
41824,1,False,1,4,1,1|1|1|1|1|0|1|1|1|1|1|1|2|0|3
41825,4,True,6,0,4,4|4|4|4|4|4|4|4|4|4|4|4|4|4|4
41857,5,False,5,3,5,3|5|5|5|5|5|1|5|5|5|3|5|5|5|5
41900,0,True,2,2,0,2|0|0|2|0|0|0|0|0|0|0|0|0|0|0
41902,6,True,0,10,6,6|8|3|6|2|0|6|0|6|6|7|7|7|0|7
41913,4,True,0,15,6,3|3|6|6|2|6|6|6|0|6|6|6|6|0|6
41961,7,True,1,15,1,1|1|1|1|1|1|1|1|6|1|1|1|1|1|1
41966,5,False,5,12,7,7|7|7|2|5|7|7|2|8|5|7|1|2|5|7
41980,3,False,3,8,2,3|3|2|2|3|3|2|2|2|3|2|3|2|3|2
41983,9,True,4,7,9,4|4|4|9|9|9|9|4|4|9|9|4|9|4|9
41984,0,True,2,7,0,2|4|0|0|2|4|6|0|4|0|0|0|0|4|0
41985,7,False,7,4,7,7|7|7|7|7|5|9|7|8|7|7|7|5|7|7
42007,2,True,3,9,3,3|4|2|2|3|3|3|2|3|9|2|2|2|3|3
42085,5,False,5,6,5,5|5|7|5|2|5|1|1|5|5|5|5|5|7|1
42113,2,True,7,15,7,7|7|7|7|7|7|9|7|7|7|9|7|7|7|7
42125,2,True,3,13,3,3|3|3|2|1|7|8|3|6|3|6|2|7|3|7
42136,5,False,5,8,5,5|5|7|5|5|5|7|3|3|5|1|7|7|5|3
42154,6,True,0,2,6,6|6|6|6|6|6|6|6|6|6|6|6|0|0|6
42156,2,True,7,15,7,7|7|7|7|7|7|7|7|7|7|7|7|7|7|7
42162,4,True,6,4,4,4|4|4|4|4|4|0|4|4|0|0|4|4|4|0
42163,9,True,7,11,7,7|7|7|7|9|7|9|7|9|9|7|7|7|7|7
42184,9,True,7,15,7,7|7|7|7|5|7|7|7|7|7|7|7|7|7|7
42189,9,False,9,13,5,5|5|5|5|5|5|9|5|5|5|5|5|5|5|9
42200,4,True,7,14,7,7|7|4|7|7|7|7|7|7|7|7|7|8|7|7
42203,3,False,3,5,3,3|3|2|2|3|3|3|3|3|3|3|3|2|2|6
42209,2,False,2,6,2,8|2|2|3|8|2|8|0|2|2|2|2|2|0|2
42223,9,True,4,10,4,4|4|4|9|9|4|9|4|4|9|9|4|4|4|4
42233,2,True,3,12,3,3|3|2|2|3|3|2|3|0|0|3|3|3|3|3
42234,4,True,6,1,4,4|4|4|4|4|4|4|4|4|2|4|4|4|4|4
42235,9,True,4,7,9,4|4|4|9|9|9|9|4|4|9|4|4|9|9|9
42254,3,False,3,4,3,3|3|2|3|3|6|3|3|6|3|3|0|3|3|3
42259,0,False,0,12,6,6|6|6|6|6|6|6|6|6|6|6|0|6|0|0
42262,4,True,6,9,6,4|4|4|6|6|6|6|4|4|6|6|4|6|6|6
42275,5,True,9,13,9,5|9|9|7|7|9|9|5|9|7|9|9|7|9|2
42280,3,True,8,11,8,3|3|8|8|8|8|8|5|3|8|3|8|8|8|8
42312,3,True,2,14,4,2|4|4|2|3|9|4|9|4|9|4|4|4|4|4
42330,9,True,7,8,-1,7|7|9|9|9|5|9|7|9|7|7|7|7|9|9
42341,1,False,1,4,1,7|1|1|1|1|7|1|1|1|7|1|1|1|1|7
42381,6,True,0,6,6,6|0|6|6|6|6|6|6|6|0|6|0|0|0|0
42392,5,True,6,15,-1,4|2|0|2|2|0|2|9|4|9|0|0|4|0|2
42415,2,True,3,10,3,3|3|3|2|3|3|3|6|2|2|7|3|2|3|2
42429,2,False,2,11,4,4|4|4|2|4|4|2|4|4|2|4|3|2|4|4
42438,9,True,7,14,7,7|7|5|7|7|7|7|7|9|7|7|7|7|7|7
42445,0,False,0,5,0,6|0|6|0|0|0|6|0|6|0|0|0|0|0|6
42461,7,False,7,1,7,7|7|7|7|7|7|7|7|7|7|7|7|7|7|9
42483,7,False,7,7,7,7|7|3|7|3|8|7|7|8|8|2|7|8|7|7
42497,5,False,5,5,5,5|5|1|5|1|5|1|1|5|5|1|5|5|5|5
42499,6,False,6,14,2,3|2|8|2|9|0|9|4|4|6|2|2|0|8|4
42516,3,True,7,15,7,7|7|7|7|7|7|7|7|7|7|7|7|9|7|7
42539,5,True,8,15,8,8|8|8|8|8|8|8|8|8|8|8|8|8|8|8
42540,6,True,0,8,-1,6|3|0|0|6|6|6|6|6|0|0|6|0|0|0
42549,6,True,1,15,1,1|1|1|1|1|1|1|1|1|1|1|1|1|1|7
42558,5,False,5,9,2,2|5|2|2|2|5|7|5|2|5|2|5|5|2|2
42563,3,False,3,5,3,3|3|6|6|3|3|3|6|6|3|3|3|2|3|3
42587,4,True,3,14,6,3|0|2|6|6|6|2|6|2|6|6|6|8|4|6
42589,2,True,9,13,5,5|5|5|5|5|5|5|5|2|9|2|5|5|5|9
42591,3,False,3,7,3,3|3|2|2|2|3|6|2|2|3|3|3|2|3|3
42599,0,False,0,11,6,6|6|6|0|6|6|6|6|6|0|6|6|0|0|6
42601,4,False,4,9,9,9|2|4|9|4|6|9|9|4|9|9|4|4|4|9
42610,9,True,7,11,7,7|7|9|7|7|7|9|9|7|7|7|7|9|7|7
42614,7,True,8,11,8,8|8|8|7|8|7|8|8|8|8|8|8|8|7|7
42623,0,True,1,12,1,1|4|1|1|1|0|1|1|1|0|1|0|1|1|1
42641,2,False,2,12,9,3|3|4|2|2|9|9|9|2|9|4|9|9|4|4
42679,4,True,5,15,5,5|7|5|1|5|5|9|7|5|8|7|7|7|5|5
42698,0,True,2,4,0,2|0|0|2|0|4|6|0|0|0|0|0|0|0|0
42700,7,False,7,7,7,7|8|7|2|8|7|7|7|8|8|7|7|2|8|7
42712,7,True,8,13,8,8|8|8|8|8|7|8|8|8|8|8|8|8|8|7
42728,6,False,6,14,4,4|4|4|4|4|4|6|4|4|4|4|4|4|4|4
42738,4,True,6,15,6,6|0|6|6|6|6|6|6|6|6|6|6|0|0|6
42754,4,False,4,11,9,9|4|4|9|9|9|9|4|9|9|9|4|9|9|9
42776,1,True,5,14,7,7|7|7|5|5|1|5|7|5|9|9|7|8|7|7
42780,8,False,8,3,8,8|8|8|8|8|7|8|7|8|8|8|8|8|7|8
42825,1,False,1,2,1,1|1|1|1|1|0|1|1|1|1|1|4|1|1|1
42855,7,True,5,13,5,7|5|5|5|5|5|7|5|5|5|5|5|5|5|2
42870,3,True,5,11,5,3|3|5|3|5|5|1|5|5|5|5|5|5|5|3
42871,4,True,6,7,4,4|4|0|9|4|0|4|4|6|2|2|4|0|4|4
42893,1,False,1,3,1,1|1|1|1|1|1|1|1|0|0|1|1|1|1|0
42901,3,False,3,15,6,0|6|4|6|6|6|6|6|0|6|6|6|0|6|0
42920,1,True,5,14,5,3|5|5|3|5|5|5|5|3|5|1|5|5|5|5
42932,7,True,5,11,5,7|5|5|7|3|5|5|5|5|5|7|5|5|7|3
42944,5,False,5,9,5,7|9|7|5|7|5|1|5|5|5|7|7|2|5|9
42963,7,True,8,11,8,7|8|8|7|8|8|8|8|7|8|8|4|8|8|7
42969,6,True,3,14,3,3|3|2|3|3|3|9|3|9|3|6|3|2|4|3
42972,0,False,0,9,6,6|6|6|6|0|6|6|0|6|0|0|6|0|0|6
42980,6,False,6,15,4,2|4|4|0|0|4|9|2|0|4|2|4|4|4|2
42997,9,True,8,15,8,8|8|8|8|8|8|8|8|8|8|8|8|8|7|1
43006,3,False,3,4,3,3|3|2|3|3|3|3|2|3|3|2|3|2|3|3
43035,6,True,2,13,2,4|3|2|2|8|2|6|0|9|9|9|2|2|2|6
43037,4,True,6,9,6,4|4|6|6|2|6|6|6|4|4|6|6|4|6|4
43048,2,False,2,6,2,0|2|2|2|0|0|6|2|2|0|2|2|2|0|2
43053,6,True,3,14,3,3|3|2|3|3|3|3|3|6|3|3|3|2|3|3
43081,7,True,8,12,8,8|8|8|7|8|8|8|8|8|8|8|8|8|7|7
43097,6,False,6,3,6,6|4|6|6|6|6|6|6|6|6|6|6|4|6|0
43098,3,False,3,6,3,3|3|2|2|3|3|3|1|2|3|3|3|2|2|3
43099,9,True,8,15,8,8|8|8|8|8|7|8|8|8|8|8|8|8|8|8
43100,7,False,7,3,7,7|7|7|7|7|7|9|7|9|7|9|7|7|7|7
43110,0,True,1,9,1,0|1|1|1|0|1|1|1|0|0|1|0|1|1|0
43119,9,True,7,14,7,7|7|7|7|7|7|7|7|9|7|7|7|7|7|7
43134,6,True,0,4,6,6|6|6|6|6|6|6|0|6|0|6|6|0|0|6
43155,0,True,2,15,2,2|4|2|5|8|2|8|2|2|8|8|2|2|2|2
43176,9,True,6,15,4,4|4|4|4|4|4|4|4|4|4|4|4|4|4|4
43179,2,True,5,4,2,1|5|2|2|2|5|5|2|2|2|2|2|2|2|2
43186,2,False,2,14,4,4|4|4|9|4|4|9|4|4|9|4|4|2|4|9
43188,9,True,7,14,7,7|7|7|7|9|7|7|7|7|7|7|7|7|7|7
43193,5,False,5,12,8,8|5|5|2|2|3|8|8|4|8|2|5|2|0|8
43208,0,True,1,9,1,0|1|1|1|1|0|1|1|0|0|1|0|1|1|0
43210,6,False,6,7,6,6|1|4|3|6|6|6|4|6|6|6|6|0|4|0
43214,9,True,4,12,4,4|4|4|9|4|4|9|4|4|4|4|4|4|4|9
43228,5,True,9,8,5,9|9|5|2|5|9|5|5|5|9|2|2|5|5|9
43230,3,True,8,14,8,1|8|3|6|1|6|8|7|6|4|8|4|8|2|8
43237,9,True,7,15,7,7|7|7|7|7|7|7|5|7|7|7|7|2|7|7
43261,5,True,9,1,5,5|5|5|5|5|5|5|5|5|5|5|5|5|5|9
43266,1,False,1,4,1,1|1|1|1|1|1|1|1|0|0|1|0|1|1|0
43278,4,False,4,10,9,9|4|4|4|9|4|9|4|9|9|9|9|9|9|9
43281,5,True,6,15,6,0|6|6|6|0|0|6|6|6|0|0|0|0|6|6
43282,4,True,6,0,4,4|4|4|4|4|4|4|4|4|4|4|4|4|4|4
43283,6,True,9,15,9,9|9|9|5|2|5|9|2|2|9|9|2|9|9|9
43289,1,True,3,15,4,6|4|4|2|6|4|2|4|4|0|0|0|0|4|0
43301,2,True,7,15,7,7|7|7|7|7|7|7|7|7|7|7|7|7|7|7
43313,4,False,4,10,9,3|4|8|8|9|9|9|4|4|9|9|9|4|4|9
43320,3,False,3,10,3,3|3|2|7|8|6|3|1|6|8|3|4|9|3|2
43326,7,True,1,7,7,1|1|1|7|7|7|1|1|7|7|7|1|1|7|7
43329,5,True,9,1,5,5|5|5|5|5|5|9|5|5|5|5|5|5|5|5
43334,7,False,7,2,7,7|7|2|7|7|2|7|7|7|7|7|7|7|7|7
43336,6,False,6,3,6,6|6|6|6|6|6|4|6|6|6|6|6|0|4|6
43342,2,False,2,10,2,4|8|2|2|2|0|8|8|2|6|0|6|8|2|0
43409,6,False,6,15,0,0|4|2|2|2|0|0|0|2|0|0|0|0|0|2
43478,0,False,0,14,6,6|6|6|6|6|6|6|6|6|6|6|6|0|6|6
43481,2,True,3,6,2,3|2|2|2|3|3|3|2|2|3|2|3|2|2|2
43483,9,False,9,14,5,5|5|5|5|5|5|5|2|5|5|5|5|5|5|9
43486,4,True,6,2,4,4|4|4|4|6|4|6|4|4|4|4|4|4|4|4
43497,0,True,2,13,4,4|4|4|0|2|4|6|4|4|2|2|0|4|4|4
43506,4,True,5,14,5,7|5|5|5|2|5|5|5|4|3|1|5|5|5|2
43512,1,False,1,6,1,7|1|1|1|1|7|7|1|1|7|7|4|1|1|1
43522,2,True,3,6,2,3|2|2|2|3|3|3|2|2|3|2|3|2|2|2
43531,4,True,6,0,4,4|4|4|4|4|4|4|4|4|4|4|4|4|4|4
43556,9,True,4,15,4,3|2|4|2|4|4|4|4|4|4|4|4|2|4|4
43566,1,False,1,8,7,7|1|1|7|1|7|7|7|7|7|7|1|1|1|1
43574,2,True,3,11,3,3|3|4|3|6|3|3|2|2|3|6|3|2|2|3
43606,2,True,5,14,7,7|5|7|7|2|5|7|5|7|7|7|7|5|7|5
43610,6,True,0,2,6,6|6|6|6|6|6|6|6|6|6|6|0|6|0|6
43614,6,False,6,15,8,5|3|8|2|7|8|1|0|8|4|3|8|0|8|8
43657,9,True,4,7,9,9|4|4|9|9|9|9|4|9|9|4|4|9|4|4
43661,2,True,9,15,5,5|7|5|5|5|5|5|5|5|5|9|5|5|5|5
43693,5,False,5,8,5,5|5|2|3|5|5|7|5|1|5|7|7|3|3|5
43757,9,True,4,10,4,4|0|4|4|9|4|9|4|2|2|9|4|9|4|9
43813,4,True,6,1,4,4|4|4|4|4|9|4|4|4|4|4|4|4|4|4
43814,3,False,3,1,3,3|3|3|3|3|3|3|3|3|3|3|3|2|3|3
43826,6,True,0,4,6,6|0|6|0|6|6|6|6|6|6|6|6|0|0|6
43843,8,True,2,12,0,8|8|4|0|3|0|6|0|4|4|8|2|2|0|2
43844,3,False,3,1,3,3|3|7|3|3|3|3|3|3|3|3|3|3|3|3
43846,8,False,8,1,8,8|8|8|8|3|8|8|8|8|8|8|8|8|8|8
43895,9,True,4,12,4,4|4|4|4|4|4|9|4|4|4|9|4|4|4|9
43906,5,False,5,9,1,5|5|1|5|1|5|1|1|5|5|1|1|1|1|1
43907,3,False,3,11,2,2|3|2|2|2|3|3|2|2|2|2|3|2|2|2
43930,7,True,8,11,8,7|8|8|7|8|7|8|8|8|8|8|8|8|8|7
43938,0,True,1,13,1,1|1|1|1|1|1|7|1|1|0|1|1|1|1|0
43958,3,False,3,5,3,2|3|3|3|3|3|3|2|3|3|3|2|2|2|3
43977,2,False,2,15,4,4|4|4|3|3|6|9|4|4|9|4|4|4|4|3
43980,4,True,6,8,4,2|4|0|4|4|6|6|4|4|0|0|4|8|0|4
43999,9,True,4,14,4,2|4|4|0|4|9|4|4|4|4|2|4|0|0|4
44068,9,True,8,15,8,8|3|8|8|8|6|8|8|3|3|8|8|8|8|8
44083,5,True,4,15,4,4|4|4|9|4|4|9|9|4|9|4|4|9|4|4
44111,0,True,2,6,0,0|2|2|0|2|0|0|0|2|0|0|2|0|0|2
44124,2,True,3,12,3,3|3|3|3|3|3|6|3|3|3|2|3|2|2|3
44138,1,False,1,2,1,1|1|1|1|1|1|1|1|1|7|1|1|1|1|7
44172,3,False,3,7,3,3|3|6|2|3|3|6|2|3|2|3|3|2|3|2
44189,6,True,3,14,3,3|3|7|2|3|3|3|3|6|3|2|3|2|3|2
44192,7,True,1,8,1,1|1|1|1|7|7|1|1|7|7|7|1|1|7|7
44213,2,True,3,12,3,3|3|2|3|3|3|3|3|6|3|3|3|2|2|3
44221,7,True,1,5,7,7|7|1|7|1|7|7|1|7|7|7|1|1|7|7
44248,4,False,4,7,4,4|4|4|4|4|6|9|4|4|8|3|8|9|4|6
44255,6,False,6,14,8,1|8|8|6|8|4|8|8|4|8|0|4|2|8|8
44260,4,True,1,14,-1,3|4|0|0|6|6|3|1|6|3|1|3|1|1|6
44271,8,True,6,14,0,6|0|6|0|0|0|6|1|6|6|0|0|0|0|8
44272,1,False,1,9,1,2|3|1|1|1|0|3|1|0|0|1|0|1|0|7
44277,9,True,4,6,9,9|4|4|4|9|9|9|4|9|9|9|4|9|4|9
44280,4,True,6,10,0,2|0|4|0|0|4|4|0|0|4|0|7|2|4|2
44283,9,True,4,12,4,9|4|4|9|9|4|6|4|4|4|6|4|2|4|0
44288,0,True,2,8,0,0|0|0|0|6|0|6|0|4|2|0|2|5|2|2
44294,1,False,1,7,1,2|1|1|1|1|0|1|1|6|0|1|0|0|1|0
44309,6,True,0,12,0,0|0|0|6|6|0|6|7|0|0|2|0|0|0|0
44311,1,True,5,12,7,5|7|7|7|2|5|7|7|1|5|2|5|7|1|1
44329,3,True,5,15,5,5|5|7|5|5|5|5|5|5|2|7|2|5|5|5
44333,1,False,1,4,1,7|1|1|1|1|7|1|1|1|7|6|1|1|1|1
44349,7,True,8,15,8,8|8|8|8|8|8|8|8|8|8|8|8|8|8|8
44354,8,False,8,1,8,8|8|8|8|8|7|8|8|8|8|8|8|8|8|8
44373,4,True,6,14,6,6|0|4|6|6|6|6|6|6|6|0|6|0|0|6
44376,5,False,5,7,5,2|5|7|5|2|8|1|5|5|5|5|5|5|7|2
44397,4,True,6,6,4,6|4|4|6|2|4|6|4|4|4|6|6|4|4|4
44429,4,True,6,8,4,6|4|4|4|4|6|6|4|4|6|4|6|2|0|2
44457,6,True,2,15,2,2|2|2|2|2|2|2|2|3|2|0|2|2|2|2
44473,8,True,1,15,1,1|1|1|1|1|1|1|1|1|7|1|1|1|1|1
44475,5,False,5,5,5,5|3|5|5|5|5|1|5|3|3|3|5|5|5|5
44478,9,True,7,15,7,7|7|7|7|5|7|7|2|7|7|7|7|7|7|2
44481,8,False,8,0,8,8|8|8|8|8|8|8|8|8|8|8|8|8|8|8
44486,9,False,9,15,5,5|5|5|5|5|5|5|5|5|5|5|5|5|5|5
44494,7,True,5,11,5,7|5|5|5|5|3|7|8|5|8|5|5|7|1|7
44508,3,True,8,13,8,3|8|8|8|8|8|8|8|8|3|8|8|8|8|7
44523,0,True,1,9,1,6|1|1|1|1|0|1|1|0|0|1|0|0|1|0
44543,7,False,7,6,7,7|9|7|7|7|5|9|7|2|7|2|7|7|7|9
44611,9,True,4,7,9,4|4|4|9|9|4|9|4|4|9|9|9|9|4|9
44631,6,True,3,12,3,2|3|2|6|3|3|3|3|6|1|6|3|2|3|9
44648,6,True,0,3,6,6|0|6|6|6|6|6|6|6|6|0|6|0|6|6
44655,8,False,8,3,8,8|8|8|8|8|8|8|8|8|8|1|8|4|8|1
44660,3,False,3,4,3,3|3|2|3|3|3|3|3|6|3|6|3|2|3|3
44689,6,True,0,2,6,6|6|6|6|6|6|6|6|4|6|6|6|0|6|6
44695,0,True,1,14,1,1|1|1|1|1|1|1|1|0|1|1|1|1|1|1
44710,0,True,2,9,2,0|4|2|2|2|0|2|2|0|0|0|2|2|0|2
44729,9,False,9,13,5,5|5|5|5|5|5|9|5|5|5|9|5|5|5|5
44742,2,False,2,12,4,0|4|4|2|4|6|0|2|4|9|0|4|0|4|2
44777,7,True,5,10,5,7|5|5|5|5|5|5|7|2|7|5|5|7|7|5
44789,7,False,7,7,7,7|7|9|7|7|9|9|9|7|7|9|7|9|9|7
44809,5,False,5,5,5,5|5|5|5|5|5|7|7|5|7|5|7|5|5|7
44826,4,True,6,15,3,3|3|2|2|6|3|3|2|6|3|6|3|2|2|6
44828,3,True,2,15,4,2|8|4|2|4|1|4|4|2|2|2|6|4|4|6
44870,5,False,5,6,5,7|5|5|5|5|7|5|7|5|5|1|7|5|5|7
44885,5,False,5,9,2,5|3|2|5|2|5|2|5|2|5|2|2|2|5|2
44896,6,True,0,9,0,6|0|6|0|6|6|6|0|0|0|6|0|0|0|0
44897,4,False,4,13,-1,3|3|4|2|6|3|3|0|4|9|2|2|2|0|0
44900,4,True,7,15,7,7|7|7|7|7|7|7|7|7|7|7|7|7|7|7
44912,2,False,2,12,6,3|4|2|2|6|6|0|6|6|3|4|3|8|0|2
44925,7,True,8,11,8,7|8|8|8|9|7|7|1|8|8|7|4|8|8|8
44963,0,False,0,12,6,3|3|6|6|6|9|9|6|0|3|1|0|0|3|6
44967,7,True,5,12,5,3|5|1|2|5|5|5|5|7|5|5|5|7|7|1
44972,4,False,4,4,4,4|0|4|0|4|4|4|4|4|4|9|4|4|0|4
44979,3,True,8,13,8,8|8|8|8|8|8|8|8|3|8|8|8|3|8|8
45001,9,False,9,15,5,5|5|5|5|5|5|5|5|5|5|5|5|5|5|5
45026,7,True,1,13,1,1|1|1|1|1|1|1|1|7|7|1|1|1|1|1
45042,0,True,1,15,1,1|1|1|1|1|1|1|1|1|7|1|1|1|1|1
45053,6,True,2,14,4,4|4|4|9|2|3|6|9|4|9|2|2|2|4|9
45098,2,False,2,7,2,2|2|2|2|0|4|6|0|0|2|2|0|2|2|0
45101,7,True,8,12,8,8|7|8|7|8|7|8|8|8|8|8|8|8|8|1
45112,6,True,0,5,6,6|6|6|0|0|6|6|0|6|6|6|6|0|0|6
45117,2,True,3,14,3,3|3|4|6|3|6|6|3|3|3|3|3|2|3|3
45140,4,True,7,15,7,7|7|7|7|7|7|7|7|7|7|7|7|7|7|7
45152,6,True,0,12,3,3|1|7|3|3|7|6|7|4|3|6|1|0|1|6
45159,3,True,8,12,8,8|8|8|8|3|8|8|8|8|3|8|8|8|3|8
45166,3,True,8,12,8,3|3|8|8|8|6|8|8|3|8|8|8|8|8|8
45167,8,True,7,14,-1,8|5|5|7|5|7|7|2|5|2|1|2|7|2|9
45178,7,False,7,2,7,3|7|7|7|3|7|7|7|7|7|7|7|7|7|7
45180,1,False,1,7,1,0|1|1|1|1|0|1|1|0|0|0|1|0|1|0
45190,9,False,9,12,2,4|7|9|2|2|5|9|7|5|2|2|2|7|5|9
45199,4,True,6,9,9,4|4|9|9|9|9|9|4|4|4|9|9|9|4|9
45209,0,True,2,12,4,4|4|4|9|9|0|9|9|4|0|4|4|9|0|2
45293,9,True,8,15,8,8|8|8|8|8|8|8|8|8|8|8|8|8|8|8
45304,4,False,4,7,4,3|4|4|4|4|9|9|4|2|4|4|9|2|2|4
45317,7,True,1,13,3,3|3|7|3|2|0|3|1|2|6|3|3|0|1|7
45346,2,False,2,13,0,2|4|4|0|0|0|9|9|4|2|4|0|9|0|0
45354,1,True,5,11,5,5|5|5|3|5|5|1|5|1|5|5|7|7|1|1
45369,9,True,4,4,9,9|4|4|9|9|9|9|4|9|9|9|9|9|9|4
45428,0,True,1,12,1,1|1|1|1|1|1|1|1|1|0|1|1|0|1|0
45439,8,False,8,1,8,8|8|8|8|8|8|8|8|8|8|8|8|8|8|7
45451,7,False,7,4,7,7|5|3|7|5|4|7|7|7|7|7|7|7|7|7
45456,3,True,8,14,8,8|8|8|8|8|8|8|8|8|8|8|8|8|8|3
45496,4,False,4,6,4,1|2|4|4|4|9|9|9|4|2|4|4|4|4|4
45523,9,True,8,14,8,8|8|8|8|8|3|9|8|8|8|3|8|8|8|8
45528,9,False,9,10,-1,2|9|5|2|5|5|9|2|9|8|9|5|7|5|9
45538,2,True,3,14,3,3|3|3|3|2|3|3|6|6|3|3|3|3|3|3
45551,4,True,6,10,4,3|4|4|4|2|3|6|0|8|9|6|4|9|4|2
45556,9,True,4,14,4,2|3|4|6|4|0|6|4|4|4|8|4|0|6|9
45557,3,True,7,12,7,5|7|7|5|6|7|7|3|4|2|3|7|8|3|7
45558,6,True,2,15,0,0|2|8|2|2|0|0|2|0|2|0|2|8|0|0
45568,6,True,0,3,6,6|0|6|6|6|6|6|6|6|6|6|0|0|6|6
45602,8,False,8,1,8,8|8|8|8|8|8|8|8|8|3|8|8|8|8|8
45616,4,False,4,12,9,9|4|4|9|9|9|9|9|9|9|9|4|9|9|9
45619,2,False,2,14,4,6|4|6|4|2|6|4|4|6|4|7|6|4|6|4
45637,9,True,7,15,7,1|7|5|7|7|5|5|7|5|7|5|7|5|7|7
45646,5,True,9,0,5,5|5|5|5|5|5|5|5|5|5|5|5|5|5|5
45673,9,True,8,15,8,3|4|8|5|8|8|8|8|8|8|8|8|3|3|8
45719,3,True,2,15,4,4|4|4|2|2|6|9|4|4|9|4|0|4|4|4
45724,5,False,5,10,5,7|5|7|5|3|8|5|1|5|5|7|2|7|1|1
45770,6,True,2,12,-1,3|8|0|6|6|0|6|1|8|3|8|4|2|7|0
45799,9,True,8,15,6,6|8|6|6|6|6|8|2|6|0|8|6|0|8|7
45806,4,True,6,0,4,4|4|4|4|4|4|4|4|4|4|4|4|4|4|4
45819,0,True,1,12,1,1|1|1|0|1|6|1|1|6|0|3|1|0|1|1
45854,9,True,4,9,4,4|4|4|9|4|4|9|4|4|9|9|9|4|4|9
45868,6,True,3,13,3,3|3|4|1|3|6|3|1|6|2|3|3|2|3|3
45883,0,True,2,12,4,4|4|8|0|8|4|0|4|4|8|4|4|2|2|0
45894,4,False,4,13,3,6|0|2|3|6|4|3|6|4|3|0|6|3|3|0
45912,9,True,7,15,7,7|7|7|2|7|7|7|7|7|7|7|7|7|7|7
45919,5,False,5,11,7,7|5|7|7|5|7|7|5|5|7|7|7|7|7|7
45928,7,True,8,14,8,7|8|8|8|8|8|8|8|8|8|8|8|8|8|8
45933,4,True,6,10,6,4|4|6|0|6|6|3|6|4|4|4|6|0|2|6
45942,4,True,7,14,7,7|7|7|7|7|7|7|7|4|7|7|7|7|7|7
45974,5,False,5,7,5,5|5|1|1|1|5|1|2|5|5|5|5|5|1|1
45978,6,True,0,12,-1,3|0|1|2|1|0|3|6|6|7|8|6|2|2|0
46016,4,True,6,13,6,0|4|6|6|3|4|6|6|6|6|6|6|0|6|6
46062,3,False,3,10,3,3|3|4|3|3|6|9|9|6|3|2|9|2|2|4
46067,4,True,6,1,4,4|4|4|4|4|4|4|4|4|6|4|4|4|4|4
46122,6,True,0,4,6,6|0|6|6|1|6|2|6|6|6|6|6|6|6|0
46135,3,True,8,13,8,8|8|8|3|8|8|8|3|8|8|8|8|8|8|8
46175,8,False,8,2,8,8|8|8|8|3|8|8|8|8|8|8|8|8|8|3
46177,4,False,4,8,4,4|4|4|0|4|0|9|0|4|9|2|4|2|0|4
46203,8,False,8,3,8,0|8|8|8|8|8|1|8|8|8|8|8|8|8|1
46231,9,True,4,15,4,4|4|4|4|2|4|3|4|4|4|4|3|2|0|3
46277,5,False,5,10,7,7|5|7|7|7|7|7|5|5|5|7|7|7|7|5
46280,5,True,9,3,5,5|5|5|5|5|5|9|5|9|5|5|5|5|5|9
46289,4,False,4,8,9,9|4|4|9|9|4|9|4|4|9|9|4|9|4|9
46302,5,True,9,1,5,5|5|5|5|5|5|5|5|5|5|9|5|5|5|5
46303,1,True,3,14,3,6|3|4|3|3|6|3|1|4|3|4|3|4|2|6
46313,1,False,1,8,7,7|1|1|1|7|7|7|1|1|7|7|7|1|1|7
46323,4,True,6,13,6,6|8|8|1|6|6|6|4|6|4|6|6|0|8|6
46325,6,True,3,14,3,3|3|3|3|3|3|3|3|6|3|3|3|3|3|3
46326,4,True,6,1,4,6|4|4|4|4|4|4|4|4|4|4|4|4|4|4
46338,5,True,8,15,8,8|8|8|8|8|8|8|8|3|8|8|8|8|8|8
46343,6,True,1,15,1,1|1|1|7|1|1|1|1|1|7|1|1|1|1|7
46355,2,True,3,14,3,3|6|6|3|3|6|2|7|0|3|6|0|0|3|0
46366,5,False,5,7,5,7|5|5|2|2|7|7|5|5|5|7|2|5|5|5
46368,7,True,1,9,1,7|1|1|1|7|7|7|1|7|7|1|1|1|1|1
46373,9,False,9,9,7,7|7|7|7|9|9|9|7|9|7|7|7|9|7|9
46380,5,True,9,1,5,5|5|5|5|5|5|5|5|5|5|5|5|5|5|9
46386,6,True,3,12,3,3|3|2|6|3|4|3|6|4|4|2|2|2|3|6
46403,4,True,6,15,6,6|6|6|0|6|6|6|6|6|6|6|6|0|6|6
46409,9,False,9,14,5,5|5|5|5|5|5|5|5|5|5|5|5|5|5|9
46439,2,True,7,15,7,7|7|7|7|7|7|7|7|7|9|7|7|7|7|9
46453,2,True,3,12,3,3|3|3|2|2|4|3|3|6|3|3|3|2|3|3
46471,7,False,7,3,7,7|7|7|2|7|7|7|7|7|7|2|7|2|7|7
46498,6,True,0,4,6,6|0|6|6|6|6|6|6|6|6|0|6|0|6|0
46529,5,False,5,6,5,7|5|5|7|5|5|7|5|5|5|5|7|5|7|7
46535,0,False,0,12,6,6|0|6|6|6|6|6|6|6|6|6|6|0|0|6
46542,6,True,3,14,3,3|3|2|2|3|3|3|3|3|3|6|3|2|3|2
46548,7,False,7,6,7,7|7|7|7|9|7|9|7|9|7|9|9|7|9|7
46562,5,False,5,15,7,7|7|7|7|7|7|9|7|7|7|7|7|7|7|9
46618,4,False,4,9,9,9|4|4|9|9|9|9|4|9|9|9|4|9|4|4
46630,6,True,3,14,3,3|3|2|3|3|3|2|3|6|3|3|2|3|3|2
46637,2,True,3,11,3,0|3|2|3|2|2|3|7|6|3|3|2|3|3|6
46666,0,True,2,11,2,2|2|2|2|2|0|6|0|0|2|2|0|2|2|2
46685,0,False,0,10,6,6|0|6|6|6|6|6|6|6|0|6|6|0|0|0
46714,2,False,2,10,0,0|2|0|2|2|0|0|2|0|0|0|0|2|0|0
46727,5,False,5,4,5,5|5|5|2|5|5|5|5|5|5|3|5|5|1|3
46737,5,False,5,9,5,7|8|2|5|2|5|7|5|2|5|9|2|5|5|9
46750,6,True,0,13,-1,4|3|2|2|3|3|2|3|0|6|9|6|2|0|0
46768,7,True,5,10,5,7|0|5|7|7|5|5|7|5|5|7|5|5|5|5
46781,0,True,1,14,1,1|1|1|1|1|1|1|1|1|0|1|1|1|1|7
46782,2,False,2,9,0,0|2|2|2|2|0|0|0|0|0|0|2|0|0|2
46797,9,True,6,15,-1,0|0|4|6|6|6|4|4|4|4|0|6|2|2|6
46801,4,True,6,4,4,4|4|4|4|4|6|4|4|4|4|6|6|4|8|4
46839,0,True,2,1,0,0|0|0|0|0|0|0|0|0|6|0|0|0|0|0
46851,2,True,5,7,2,3|5|5|2|2|7|5|5|5|2|2|2|2|2|2
46887,7,False,7,5,7,7|7|7|7|3|2|7|7|4|3|7|7|5|7|7
46903,4,True,6,13,8,3|8|8|3|8|4|8|8|4|0|8|8|0|8|6
46916,2,True,7,13,7,7|7|7|7|2|7|7|7|7|7|7|2|7|7|7
46919,7,True,5,12,5,5|5|5|7|5|5|9|4|5|7|7|5|5|5|6
46921,9,True,7,8,-1,7|7|9|7|9|7|9|7|9|7|7|2|9|9|9
46925,9,False,9,13,5,5|5|5|5|5|5|9|5|5|5|5|5|5|5|9
46932,6,True,3,11,3,3|3|7|3|2|6|2|3|3|6|6|6|0|3|7
46942,1,False,1,6,1,3|4|1|1|0|1|1|1|4|1|1|4|1|1|0
46958,1,True,8,11,8,8|8|8|1|8|8|8|1|1|8|8|8|8|8|1
46975,9,True,7,15,7,7|7|4|1|7|7|7|7|4|7|7|7|3|7|7
46980,2,False,2,9,2,2|2|4|2|3|0|9|0|4|9|2|2|0|0|2
47000,9,False,9,15,5,7|5|5|5|5|5|5|5|5|5|5|5|5|5|7
47013,2,False,2,12,0,2|0|0|0|2|0|2|0|4|0|0|0|0|0|0
47044,9,True,7,14,7,7|7|7|7|9|7|7|7|7|7|7|7|7|7|7
47049,7,False,7,12,9,7|5|5|7|9|7|9|5|9|9|5|5|9|9|9
47052,4,False,4,6,4,4|4|4|9|3|4|9|4|4|4|9|4|4|9|9
47055,0,True,1,14,1,1|1|1|1|1|1|1|1|1|1|1|0|1|1|1
47060,3,False,3,2,3,3|3|2|3|3|3|3|3|3|3|3|3|2|3|3
47062,0,False,0,11,6,6|0|6|0|6|0|6|6|6|6|6|6|0|6|6
47068,2,False,2,15,8,0|8|8|6|1|6|8|4|6|8|6|5|8|3|5
47103,6,True,2,13,2,2|0|2|4|0|6|8|6|4|2|8|2|2|4|4
47114,6,False,6,13,4,0|4|0|2|6|6|4|0|4|2|4|0|4|4|0
47136,9,False,9,14,5,7|8|5|7|5|5|5|7|8|9|5|5|5|5|5
47145,5,True,9,2,5,5|5|9|5|5|5|5|5|5|5|5|5|5|5|9
47153,9,True,4,9,4,4|9|4|4|6|9|9|4|4|9|9|4|9|4|4
47174,4,True,6,1,4,4|4|4|4|4|4|4|4|4|4|4|4|4|4|9
47184,4,True,6,1,4,4|4|4|4|4|4|4|4|4|4|6|4|4|4|4
47198,3,True,2,15,2,2|4|4|2|2|6|6|2|6|9|6|8|2|0|2
47237,0,True,2,14,4,2|4|4|4|3|6|6|4|0|4|6|6|4|4|2
47239,7,True,5,10,5,7|7|5|2|5|5|5|2|2|5|7|5|1|7|7
47241,4,False,4,1,4,4|4|4|4|4|4|4|4|4|4|4|4|4|4|9
47250,9,True,4,8,-1,4|4|4|4|6|4|9|9|4|9|9|9|4|9|9
47254,9,True,4,12,4,4|4|4|0|4|4|2|9|4|9|6|2|4|4|9
47276,2,False,2,14,3,3|4|6|1|6|6|3|3|3|9|4|3|2|4|9
47309,1,True,5,10,5,8|5|1|5|2|5|1|5|5|5|1|1|8|0|1
47322,9,False,9,15,5,5|5|5|5|5|5|5|5|5|5|5|5|5|5|5
47325,6,False,6,13,0,1|0|4|4|6|4|0|4|6|4|0|0|0|0|2
47331,6,False,6,15,4,4|4|4|4|4|4|4|4|4|4|4|4|9|4|4
47335,6,True,0,2,6,6|0|6|6|6|6|6|6|6|6|6|6|6|0|6
47340,0,True,2,4,0,2|0|2|2|0|0|2|0|0|0|0|0|0|0|0
47348,6,True,3,13,3,6|3|7|3|3|3|3|3|6|3|2|3|2|2|3
47361,3,True,8,11,8,3|8|8|8|8|8|8|8|3|3|8|8|8|8|3
47379,1,True,5,12,5,3|7|5|5|2|5|5|2|1|1|5|5|8|5|1
47395,6,False,6,2,6,6|0|6|6|6|6|6|6|6|6|6|0|6|6|6
47397,8,False,8,3,8,8|8|8|8|8|7|8|8|8|8|7|8|8|8|1
47402,0,False,0,12,6,6|0|0|6|6|6|6|6|4|6|6|6|8|0|6
47405,0,True,7,15,7,7|5|7|7|5|7|5|5|7|7|5|1|1|5|7
47419,0,True,2,5,0,0|2|0|2|2|0|0|0|0|0|2|2|0|0|0
47429,2,True,5,4,2,2|3|2|2|2|5|2|2|2|2|5|2|5|2|2
47457,7,True,8,12,8,8|8|8|8|8|7|8|8|8|8|7|8|8|7|8
47464,1,True,5,11,5,5|5|5|1|1|5|1|5|5|5|1|5|5|5|5
47470,9,True,7,12,5,5|5|8|5|3|5|9|5|5|9|2|7|5|7|9
47488,2,False,2,13,0,0|0|4|2|5|0|8|7|6|2|0|4|0|0|4
47498,9,True,4,13,4,3|4|4|4|3|4|3|9|4|4|3|4|3|4|9
47510,9,True,4,15,-1,6|0|4|6|4|4|6|1|4|3|6|0|8|0|2
47522,4,False,4,7,4,9|4|4|4|9|9|9|4|4|4|9|4|9|4|9
47545,4,True,6,14,0,0|6|7|6|0|7|6|0|8|0|6|2|4|0|0
47562,9,False,9,13,5,5|5|5|5|9|5|5|5|5|5|5|5|5|9|5
47610,5,True,9,3,5,5|5|5|5|5|5|9|5|5|5|9|5|5|5|9
47614,5,False,5,8,-1,5|5|2|2|2|5|2|5|5|5|2|2|2|3|5
47617,6,False,6,15,4,4|4|4|4|4|4|4|4|4|4|4|4|4|4|4
47633,7,True,5,7,7,5|7|5|2|5|7|5|7|5|7|5|7|7|7|7
47702,4,True,6,15,6,6|0|6|6|6|6|6|6|6|6|6|0|0|0|6
47720,8,False,8,0,8,8|8|8|8|8|8|8|8|8|8|8|8|8|8|8
47723,9,False,9,15,5,5|5|5|5|5|5|5|5|5|5|5|5|5|5|5
47730,6,False,6,14,4,4|4|4|4|4|4|4|4|4|4|6|4|8|4|9
47739,4,False,4,7,4,4|2|4|4|9|9|9|4|4|9|9|4|4|4|9
47751,8,False,8,2,8,8|8|8|8|8|8|8|8|7|8|8|3|8|8|8
47757,4,True,6,11,6,6|0|2|6|6|6|6|6|4|6|6|4|4|4|6
47761,0,False,0,12,6,6|0|6|6|6|6|6|6|6|6|0|6|0|6|6
47778,0,False,0,14,6,6|6|6|6|6|6|6|6|6|6|6|6|6|0|6
47784,0,True,1,14,1,1|1|1|1|1|1|1|1|6|0|1|1|1|1|1
47796,2,True,9,15,5,5|5|9|5|5|5|9|5|5|5|5|5|5|5|5
47836,7,True,8,8,-1,7|8|7|7|7|8|8|7|7|8|7|1|8|8|8
47877,6,True,9,15,5,5|5|5|5|9|5|9|5|9|5|5|5|5|5|5
47883,3,False,3,5,3,3|3|2|3|3|3|3|3|2|3|2|3|2|3|6
47894,9,True,4,8,-1,4|4|4|4|9|9|9|9|4|8|9|4|4|9|9
47900,0,True,2,6,0,2|4|0|2|2|4|0|0|0|0|0|0|0|0|4
47918,9,True,4,14,-1,3|4|2|3|2|4|0|4|6|9|6|2|8|0|0
47919,4,False,4,10,9,4|4|9|9|6|4|9|4|4|9|9|9|9|9|9
47920,4,True,6,3,4,4|4|4|4|4|4|6|4|4|4|4|4|2|4|6
47923,2,True,3,14,1,3|3|1|7|1|2|3|1|6|3|1|1|0|0|7
47943,2,False,2,10,2,2|4|4|0|6|0|6|2|4|2|0|0|2|4|2
47944,9,False,9,13,5,5|5|5|5|5|5|9|5|5|5|9|5|5|5|5
47962,4,True,1,15,1,1|1|1|1|1|1|1|1|1|1|1|1|1|1|1
47977,1,False,1,1,1,1|1|1|1|1|1|1|1|1|1|1|1|0|1|1
47981,9,True,4,13,4,2|4|4|0|9|4|4|4|4|9|0|4|4|0|4
48022,9,False,9,14,5,5|5|5|5|9|5|5|5|5|5|5|5|5|5|5
48041,7,True,8,13,8,8|8|8|7|8|8|8|7|8|8|8|8|8|8|8
48111,7,False,7,1,7,7|7|7|7|8|7|7|7|7|7|7|7|7|7|7
48144,6,False,6,8,6,3|0|4|4|4|6|6|4|4|6|6|6|6|6|4
48158,0,True,1,8,-1,1|1|1|1|1|0|3|1|0|0|1|0|0|0|0
48228,0,True,2,7,0,0|0|2|2|2|0|2|2|0|9|2|0|0|0|0
48230,9,True,7,15,7,7|7|7|7|7|7|7|7|7|7|7|7|7|7|7
48258,6,False,6,15,4,4|4|4|4|4|4|4|4|4|2|4|4|2|4|4
48262,4,False,4,8,4,1|2|4|0|4|9|4|9|4|4|9|4|9|0|4
48301,0,True,2,2,0,0|0|0|0|2|0|0|2|0|0|0|0|0|0|0
48315,8,False,8,3,8,8|7|8|7|8|8|8|8|8|8|8|8|8|8|1
48318,4,True,6,8,4,2|4|0|2|2|6|6|4|4|4|4|0|4|0|4
48360,7,False,7,5,7,7|7|9|7|9|7|9|7|9|7|7|7|7|9|7
48370,7,False,7,3,7,7|7|7|7|9|9|9|7|7|7|7|7|7|7|7
48379,7,True,5,9,5,7|5|5|5|7|3|7|5|8|5|5|5|7|7|7
48408,7,True,8,11,8,8|7|8|1|7|8|8|7|7|8|8|8|3|8|8
48415,3,True,8,11,8,3|3|8|8|8|3|8|8|3|8|8|8|8|4|8
48417,7,True,1,13,1,1|1|1|1|1|1|1|1|6|7|1|1|1|1|7
48419,2,True,7,15,7,7|7|7|7|7|7|7|7|7|7|7|7|7|7|7
48437,3,True,8,14,8,8|8|8|8|8|8|8|8|8|8|8|8|8|7|3
48446,2,False,2,13,0,2|0|0|0|2|0|9|0|0|0|0|0|0|0|0
48453,3,False,3,10,3,4|8|7|1|1|6|1|3|8|3|7|3|3|3|1
48461,7,False,7,3,7,7|7|4|7|9|7|7|7|4|7|7|7|7|7|7
48477,3,False,3,9,2,3|3|2|2|2|3|3|3|2|3|2|2|2|2|2
48503,3,True,8,10,8,8|3|8|8|8|8|3|8|3|3|8|3|8|8|8
48515,9,True,4,8,4,4|4|4|4|4|9|9|4|9|9|9|9|4|4|9
48528,4,False,4,4,4,3|4|4|4|4|4|4|4|4|4|4|4|2|2|9
48540,6,True,0,3,6,6|6|6|6|6|6|6|6|6|0|6|6|0|0|6
48578,6,True,3,6,6,6|3|4|3|6|6|6|4|6|6|4|6|6|3|6
48584,5,True,9,0,5,5|5|5|5|5|5|5|5|5|5|5|5|5|5|5
48596,2,True,5,6,2,2|5|5|5|2|5|7|5|2|2|2|2|2|2|2
48601,4,False,4,8,4,2|4|4|6|5|8|6|4|8|4|6|3|4|4|4
48624,9,True,8,15,8,8|8|8|8|3|8|8|8|8|8|8|8|8|8|8
48631,6,False,6,1,6,6|6|6|6|6|6|6|6|6|6|6|6|6|6|0
48644,9,True,4,8,-1,4|4|4|2|9|9|9|4|4|9|4|4|9|9|9
48678,6,True,3,11,3,6|3|4|4|3|3|3|6|6|6|3|3|3|3|9
48685,8,False,8,10,3,8|8|3|3|3|8|3|3|8|3|3|8|0|3|3
48706,2,True,3,7,2,2|3|2|2|2|3|3|9|2|3|2|2|2|3|3
48717,2,True,7,15,7,7|7|5|7|5|5|7|7|7|7|7|7|5|1|7
48762,1,False,1,4,1,1|1|1|1|1|7|7|1|7|1|1|1|1|1|7
48784,8,True,2,13,3,6|2|6|3|3|6|6|3|8|3|3|6|8|3|3
48790,3,True,2,14,2,6|0|2|2|2|0|6|0|6|0|2|3|2|0|2
48810,0,True,3,15,3,3|3|2|3|3|3|3|6|3|6|3|3|3|3|3
48835,2,False,2,9,2,2|2|4|2|3|8|3|9|6|9|0|2|2|2|0
48839,3,True,8,11,8,8|8|8|3|8|8|8|8|8|3|3|8|8|8|3
48845,1,False,1,6,1,1|1|1|0|1|0|1|1|0|1|0|1|0|1|0
48868,9,True,4,14,3,3|3|4|2|3|6|3|9|8|3|2|6|2|4|2
48871,9,True,3,15,6,6|3|6|3|6|6|6|2|4|6|2|3|6|3|6
48872,1,False,1,7,1,1|1|1|1|1|1|3|1|0|0|0|0|0|0|1
48908,7,False,7,3,7,7|7|7|1|7|7|7|7|7|7|7|7|7|1|9
48916,7,False,7,3,7,5|7|7|7|3|7|7|7|7|7|7|7|5|7|7
48924,4,True,7,12,7,7|7|4|7|7|4|7|7|7|7|7|7|7|4|9
48933,8,False,8,2,8,8|8|8|8|3|8|8|8|8|8|8|8|8|8|7
48945,3,True,8,14,8,3|8|8|8|8|8|8|5|8|8|8|8|8|8|8
49008,0,False,0,14,-1,6|3|4|2|0|8|8|2|6|8|8|6|2|4|6
49014,2,False,2,10,-1,3|4|2|2|2|3|6|2|6|3|6|6|2|4|6
49033,2,True,3,8,-1,2|3|2|2|2|3|3|2|3|2|6|3|2|3|3
49055,8,True,7,12,7,7|7|5|8|8|5|7|5|8|2|2|7|7|5|7
49076,3,False,3,7,3,3|0|4|4|1|6|3|6|3|3|3|3|2|3|3
49089,4,True,6,1,4,4|4|4|4|4|4|4|4|4|4|2|4|4|4|4
49125,2,True,5,14,7,7|7|7|1|9|7|7|7|8|7|7|7|2|7|7
49155,1,True,5,12,5,3|5|5|1|5|5|1|5|5|5|5|5|5|1|5
49163,9,True,8,15,8,7|7|8|7|8|7|8|8|8|8|8|8|8|7|7
49165,6,True,2,15,4,4|2|4|4|2|3|9|4|4|4|9|4|2|4|2
49169,3,True,5,13,5,5|5|5|1|5|5|5|3|5|5|5|7|5|7|3
49178,7,True,5,11,5,5|7|7|1|5|5|7|5|5|5|5|7|5|5|8
49184,9,True,4,15,4,2|4|4|4|4|4|0|4|4|4|4|4|4|0|4
49270,2,True,3,4,2,3|3|2|2|2|3|3|2|2|2|2|2|2|2|2
49301,8,False,8,3,8,8|7|8|7|8|8|8|8|8|8|7|8|8|8|8
49309,8,False,8,2,8,8|8|8|8|8|8|8|3|8|8|8|8|8|8|3
49328,6,True,0,1,6,6|6|6|6|6|6|6|6|6|6|6|6|6|0|6
49332,0,True,1,15,1,7|1|1|1|7|1|1|4|6|1|1|7|1|1|1
49335,5,False,5,1,5,5|5|5|5|5|5|1|5|5|5|5|5|5|5|5
49348,4,True,6,11,0,2|2|4|0|9|0|9|4|4|0|4|0|0|0|2
49352,9,True,7,15,7,7|7|7|7|7|7|7|7|7|7|7|7|7|7|7
49359,3,False,3,5,3,3|3|6|6|3|3|6|3|6|3|3|3|3|2|3
49386,4,True,1,15,1,1|1|1|1|7|1|7|1|1|7|7|7|1|1|1
49402,9,True,4,14,4,4|4|4|4|4|4|9|4|4|4|4|4|4|4|4
49415,1,True,7,15,9,7|7|9|2|3|5|9|7|9|9|9|9|9|9|9
49428,7,True,8,13,8,3|8|8|8|8|8|8|8|7|8|8|8|8|8|7
49442,7,False,7,2,7,7|7|7|7|7|7|7|7|9|7|7|7|7|7|9
49452,8,False,8,13,3,0|9|7|3|5|1|1|8|8|3|3|3|7|7|3
49453,4,False,4,4,4,4|4|4|4|9|4|9|4|4|9|4|4|4|4|9
49456,9,False,9,14,5,5|5|5|5|5|5|5|5|5|5|5|5|5|5|9
49458,2,False,2,12,4,4|4|4|2|6|4|6|9|6|2|6|1|2|4|9
49478,0,False,0,12,6,6|6|6|6|6|6|6|6|6|0|6|6|0|0|6
49482,9,True,4,11,4,9|4|4|4|4|4|4|4|4|9|4|4|4|9|9
49491,5,False,5,14,7,3|7|3|7|3|7|7|7|7|7|7|7|5|1|7
49502,3,False,3,4,3,3|3|3|3|3|3|3|6|4|3|3|2|9|3|3
49569,6,True,0,3,6,6|6|4|6|6|6|6|4|6|6|6|6|0|6|6
49601,2,False,2,13,0,0|4|0|0|2|0|0|0|0|0|2|0|0|0|0
49614,0,False,0,11,6,6|6|6|6|6|6|6|6|6|0|6|0|0|0|6
49643,9,False,9,13,5,6|5|5|2|9|5|9|5|5|5|5|8|3|5|2
49680,0,False,0,9,0,2|4|2|6|3|6|0|4|0|0|0|0|2|0|6
49695,3,True,8,15,8,8|8|8|8|8|8|8|8|8|8|8|8|8|8|8
49791,1,False,1,3,1,1|1|1|1|1|1|1|1|0|0|1|0|1|1|1
49796,7,True,1,4,7,7|7|1|1|7|7|7|1|7|7|7|7|1|7|7
49843,4,False,4,9,-1,2|2|4|4|4|9|9|9|4|4|9|4|9|2|9
49850,1,False,1,7,1,1|1|1|1|1|7|7|7|7|7|1|7|1|1|7
49864,2,False,2,15,0,0|9|4|0|4|8|8|4|4|9|0|0|0|0|0
49867,6,False,6,15,2,9|2|4|2|2|7|9|0|2|2|0|2|2|2|2
49955,6,True,0,11,-1,0|4|3|4|3|6|3|0|6|6|1|7|3|6|2
49961,5,True,9,2,5,5|5|5|5|5|5|9|5|5|5|5|5|5|5|9
49971,1,True,5,10,5,5|5|1|1|2|5|1|5|5|5|5|5|5|1|1
49981,7,True,8,10,8,8|8|7|8|8|7|8|8|7|7|8|8|8|8|7
49987,0,False,0,15,6,2|3|4|6|3|6|6|3|6|6|3|6|6|2|6
49998,1,False,1,2,1,1|1|1|1|1|1|1|1|4|1|1|4|1|1|1
50016,6,True,3,10,-1,6|3|6|6|3|3|3|3|4|2|2|6|2|0|6
50051,9,False,9,13,5,5|5|5|7|5|7|5|5|5|9|5|5|5|7|9
50053,5,False,5,6,5,7|5|3|5|3|5|5|5|2|5|7|5|5|5|7
50060,3,True,8,13,8,8|8|8|8|3|8|9|8|8|3|8|8|8|8|8
50061,5,False,5,10,7,7|1|9|7|2|5|5|5|5|7|7|7|5|7|9
50077,2,False,2,11,4,4|4|4|0|2|2|9|4|4|9|4|2|2|0|0
50084,7,False,7,1,7,7|7|7|7|7|7|7|7|9|7|7|7|7|7|7
50092,6,False,6,11,0,0|0|4|6|1|6|9|1|4|3|0|6|6|0|0
50115,1,False,1,1,1,1|1|1|1|1|1|1|1|4|1|1|1|1|1|1
50126,0,False,0,13,-1,2|5|6|2|3|5|6|1|6|0|6|0|2|2|5
50134,5,True,9,1,5,5|5|5|5|5|5|9|5|5|5|5|5|5|5|5
50158,6,True,0,9,-1,6|0|4|6|6|4|6|0|6|4|6|4|0|4|4
50190,2,False,2,15,4,4|4|4|0|0|4|4|9|4|4|4|4|4|0|0
50195,9,True,7,15,7,7|7|7|7|7|7|7|7|2|8|7|7|1|7|7
50197,2,True,3,13,3,3|2|8|3|3|3|3|3|6|3|3|3|2|3|3
50199,2,True,3,10,3,3|2|3|2|3|3|6|6|6|2|7|2|3|3|2
50225,0,False,0,8,0,8|1|6|0|6|1|6|1|6|0|0|0|0|0|0
50245,3,True,8,14,8,8|8|8|8|8|8|8|3|8|8|8|0|8|8|8
50263,7,True,5,15,5,5|5|5|5|5|5|5|5|5|5|5|5|5|5|5
50306,6,True,0,3,6,6|0|6|6|6|6|6|6|6|6|6|6|0|0|6
50310,6,True,0,6,6,6|0|6|6|6|6|6|0|6|0|6|6|0|0|0
50347,8,False,8,5,8,8|8|8|3|3|3|8|3|8|8|3|8|8|8|8
50421,6,True,0,8,0,6|6|6|0|6|6|6|0|0|0|0|0|0|0|6
50423,1,False,1,7,1,1|1|1|1|7|7|7|1|7|7|7|1|1|1|7
50445,1,False,1,1,1,1|1|1|1|1|1|1|1|1|0|1|1|1|1|1
50457,4,True,1,13,1,1|1|1|1|1|1|1|1|4|1|1|4|1|1|1
50502,0,True,1,11,-1,3|6|1|0|6|1|3|3|6|3|1|0|2|0|0
50530,4,False,4,15,3,3|3|8|2|3|0|3|0|6|8|6|6|2|2|3
50546,0,True,2,9,0,0|2|2|9|0|6|6|0|2|4|6|0|8|0|0
50593,0,False,0,14,8,6|4|7|8|0|6|8|4|8|6|8|4|8|8|6
50599,3,True,2,13,6,3|4|4|6|6|9|6|9|6|3|2|6|2|4|9
50600,6,False,6,0,6,6|6|6|6|6|6|6|6|6|6|6|6|6|6|6
50609,1,False,1,2,1,1|1|1|1|1|1|1|1|6|1|1|1|1|1|7
50616,0,True,2,15,9,9|4|4|4|9|9|9|4|9|9|9|9|9|4|9
50618,2,True,5,15,5,7|7|5|7|5|5|7|5|5|5|5|7|5|5|7
50657,0,True,5,15,5,5|5|5|7|5|7|7|7|7|5|7|5|5|7|5
50658,6,True,0,2,6,6|6|6|6|6|6|6|6|6|6|6|0|0|6|6
50659,5,False,5,9,5,3|5|1|1|7|5|7|3|3|5|5|7|5|5|7
50669,7,True,5,14,5,7|5|5|5|5|8|1|5|3|5|5|5|5|5|5
50677,4,True,6,8,4,6|4|3|4|4|6|2|7|4|6|6|4|4|6|4
50727,8,False,8,1,8,8|8|8|8|8|8|8|8|8|8|8|8|8|8|1
50729,3,True,5,15,-1,7|7|8|7|9|1|9|8|9|9|7|1|7|9|1
50730,0,True,1,8,1,1|1|1|1|1|0|1|1|0|0|1|0|0|0|0
50739,5,True,9,1,5,5|5|5|5|9|5|5|5|5|5|5|5|5|5|5
50749,1,False,1,2,1,1|1|1|1|1|7|1|1|1|7|1|1|1|1|1
50758,2,True,3,10,3,3|3|2|3|3|3|3|3|3|2|3|2|2|3|2
50764,0,True,2,15,4,3|4|4|4|9|6|6|4|4|4|9|4|4|4|9
50774,9,True,7,15,5,1|8|5|7|5|5|1|1|2|5|5|5|7|7|1
50809,8,False,8,5,8,3|8|8|8|3|8|3|8|3|8|8|8|3|8|8
50812,7,True,8,15,8,8|8|8|8|8|8|8|8|8|8|8|8|8|8|8
50823,7,False,7,1,7,7|7|7|7|7|7|7|7|7|7|7|7|7|7|9
50848,5,True,9,1,5,5|5|5|5|9|5|5|5|5|5|5|5|5|5|5
50913,6,True,0,12,3,3|0|0|2|0|3|3|3|6|4|3|6|8|2|6
50917,8,False,8,3,8,5|8|8|8|8|8|8|8|8|8|8|3|8|7|8
50921,0,True,2,10,2,2|2|0|2|6|0|6|0|2|0|2|0|2|2|2
50944,0,False,0,6,0,6|0|4|0|6|6|6|0|0|0|0|0|0|0|6
50965,7,True,1,15,1,1|1|1|1|1|1|1|1|0|0|1|1|1|1|0
50982,9,True,8,15,8,3|3|8|3|8|8|8|8|3|3|8|8|8|8|8
51002,8,False,8,8,8,8|7|8|7|7|5|1|7|8|8|8|8|7|8|7
51008,3,True,7,15,7,7|4|7|7|7|7|7|7|4|7|7|7|7|7|7
51014,4,False,4,4,4,4|4|4|4|4|4|6|4|6|4|4|6|4|4|6
51017,9,True,4,5,9,9|4|4|9|9|4|9|4|4|9|9|9|9|9|9
51024,6,True,0,7,6,6|0|6|6|6|0|0|6|4|6|6|0|0|0|6
51026,2,True,3,12,3,3|3|3|3|2|3|3|3|3|3|3|3|2|2|3
51070,6,True,0,13,1,3|6|1|6|0|7|1|1|0|5|1|1|0|1|2
51091,9,False,9,10,5,5|5|5|2|5|9|9|5|5|9|2|5|5|9|9
51092,7,False,7,8,7,3|4|5|1|7|7|7|7|3|7|7|7|5|5|9
51116,8,False,8,2,8,7|8|8|8|8|7|8|8|8|8|8|8|8|8|8
51134,6,True,0,3,6,6|0|6|6|6|6|6|6|6|6|6|6|0|0|6
51142,6,False,6,4,6,4|4|6|2|6|6|6|4|6|6|6|6|6|6|6
51158,0,True,2,11,2,2|2|2|2|0|2|6|2|2|2|0|2|2|0|0
51168,6,True,3,9,-1,6|3|7|3|6|3|6|6|6|3|6|3|3|0|0
51177,6,False,6,14,4,3|4|2|4|3|6|4|4|4|3|4|4|4|4|4
51188,8,False,8,4,8,8|8|8|8|8|8|8|8|3|8|3|8|8|3|3
51226,9,True,7,14,7,7|7|7|7|7|7|7|7|7|7|9|7|7|7|7
51248,9,True,7,11,7,7|7|7|7|9|7|9|7|9|9|7|7|7|7|7
51262,3,True,2,12,6,3|8|4|2|6|6|3|2|2|3|6|6|2|0|6
51268,9,True,7,10,5,7|7|5|7|5|5|9|5|9|9|9|5|5|9|7
51274,5,True,9,5,5,5|5|5|5|9|9|5|5|5|9|9|5|5|5|2
51285,0,True,2,14,8,5|2|5|1|5|8|6|3|8|0|8|8|4|2|8
51290,7,False,7,6,7,7|7|9|7|9|7|9|7|9|9|7|7|9|7|7
51293,3,True,5,14,5,5|5|5|5|3|5|5|5|5|5|5|5|5|1|5
51323,3,False,3,11,2,3|3|2|2|2|3|2|2|2|2|2|3|2|2|2
51324,0,False,0,13,6,1|1|3|1|6|6|2|0|6|6|7|6|2|0|6
51332,7,False,7,3,7,7|7|7|5|7|8|7|7|7|7|5|7|7|7|7
51347,5,False,5,7,5,3|5|8|1|1|5|7|5|1|5|5|5|7|5|5
51351,6,True,0,9,0,0|0|6|0|6|6|6|6|6|0|0|0|0|0|0
51359,3,True,8,12,8,8|8|8|3|8|8|8|8|8|3|8|8|8|8|3
51396,3,True,8,14,8,0|8|5|8|8|5|5|7|4|8|8|5|3|8|7
51404,0,False,0,14,4,3|4|4|4|3|6|4|6|6|4|4|4|4|4|0
51416,9,True,4,11,4,4|4|4|2|9|4|9|4|4|4|4|9|4|4|9
51424,4,False,4,3,4,4|4|4|9|4|4|4|4|4|4|4|9|4|4|9
51429,2,True,3,12,3,3|3|7|3|3|6|3|3|2|3|2|3|2|3|3
51436,4,False,4,1,4,4|4|4|4|4|4|4|4|4|4|4|4|2|4|4
51461,7,True,1,11,1,7|1|1|1|1|1|7|1|1|7|1|1|1|7|1
51475,8,False,8,6,8,8|8|8|3|3|8|3|3|3|8|8|3|8|8|8
51482,6,True,9,15,5,5|5|5|5|5|5|9|5|5|9|9|7|5|5|9
51514,9,True,4,12,4,4|4|4|9|9|4|4|9|4|4|0|0|4|4|4
51515,8,False,8,3,8,8|8|8|8|8|8|8|1|7|8|8|8|8|8|1
51573,6,True,9,15,5,5|5|5|5|5|5|5|5|5|5|5|5|5|5|5
51576,6,True,1,14,1,1|1|1|1|1|0|1|1|6|1|1|1|1|1|1
51579,9,True,4,14,4,4|2|4|0|9|0|4|4|8|4|0|4|0|0|4
51620,9,True,7,7,9,9|5|9|7|9|5|9|5|9|9|5|9|9|5|7
51657,0,True,2,2,0,0|2|0|0|0|0|2|0|0|0|0|0|0|0|0
51662,1,False,1,9,1,4|4|4|1|7|1|7|1|4|1|1|7|7|1|0
51692,3,False,3,4,3,3|3|2|2|3|3|3|3|3|3|2|3|3|3|2
51701,6,True,0,2,6,6|6|6|2|6|6|6|6|6|6|6|6|6|6|0
51711,8,False,8,8,8,2|8|8|0|2|6|9|4|4|8|8|8|8|8|2
51720,9,True,4,14,4,4|4|4|4|9|4|4|4|4|4|4|4|4|4|4
51724,7,True,1,14,1,1|1|1|1|1|1|7|1|1|1|1|1|1|1|1
51737,6,True,3,15,3,2|3|7|3|3|3|3|3|3|3|3|2|2|3|3
51738,9,True,7,12,7,7|7|7|7|7|7|9|7|9|9|7|7|7|7|7
51746,9,True,7,11,7,7|7|7|7|7|7|9|9|9|7|7|9|7|7|7
51766,2,True,3,12,3,3|3|2|2|3|3|3|3|6|3|3|3|2|3|3
51781,9,True,7,15,7,7|8|7|7|7|7|7|7|7|7|7|7|7|7|7
51818,9,False,9,13,5,5|5|5|5|5|5|5|5|5|5|9|5|9|5|2
51851,1,False,1,2,1,1|1|1|1|1|1|1|1|6|1|1|1|1|1|7
51876,9,True,4,15,4,8|0|4|0|4|2|4|0|4|2|0|4|2|2|4
51887,5,True,9,13,7,7|7|8|7|5|7|9|8|2|8|9|5|7|9|7
51894,9,True,4,12,4,2|4|4|4|4|9|9|4|4|6|6|4|0|4|9
51902,7,True,1,14,1,1|1|1|1|1|1|1|1|0|7|1|0|1|1|1
51905,4,False,4,2,4,4|4|4|0|4|4|9|4|4|4|4|4|4|4|4
51920,5,False,5,3,5,5|5|5|5|3|3|5|5|7|5|5|5|5|5|5
51925,6,True,9,15,5,5|5|5|5|5|5|5|5|5|5|5|5|5|9|5
51932,3,True,5,11,5,3|5|3|5|3|5|1|5|4|5|5|3|5|1|2
51940,6,False,6,1,6,6|6|6|6|6|6|6|6|6|6|6|6|0|6|6
51941,7,True,1,15,1,1|1|1|1|1|1|1|1|1|1|1|1|1|1|1
51955,5,False,5,8,5,8|5|1|1|3|5|5|5|5|5|1|7|7|5|1
51960,5,True,9,0,5,5|5|5|5|5|5|5|5|5|5|5|5|5|5|5
51968,6,True,3,10,3,3|3|3|3|8|6|6|6|6|3|8|3|6|3|3
51993,4,True,7,15,7,7|7|7|7|7|7|7|7|7|7|7|7|7|7|9
51997,9,False,9,15,5,5|5|5|5|5|5|5|5|5|5|5|5|5|5|5
52053,7,True,5,1,7,7|3|7|7|7|7|7|7|7|7|7|7|7|7|7
52062,6,True,0,7,6,0|0|6|6|6|6|6|0|6|6|0|0|0|0|6
52086,6,True,0,3,6,6|6|6|6|6|6|6|6|6|0|6|0|0|6|6
52090,5,True,9,12,9,5|7|9|5|9|9|9|5|9|9|2|9|9|9|9
52105,2,True,4,14,-1,3|6|4|0|3|0|3|0|6|6|2|6|0|3|9
52125,9,True,8,15,8,8|8|8|8|8|8|8|8|8|8|8|8|8|8|1
52159,6,False,6,15,4,4|4|4|4|4|4|4|4|4|4|4|4|4|4|4
52175,1,True,5,12,5,7|5|5|1|2|5|1|8|5|5|7|7|7|5|1
52204,0,True,2,12,8,8|8|8|8|0|4|8|8|0|0|8|8|8|8|8
52209,1,False,1,5,1,1|1|1|0|1|0|1|1|1|1|1|0|0|0|1
52211,7,True,8,13,8,8|8|5|8|7|8|7|8|1|8|5|8|5|1|3
52242,6,False,6,1,6,6|4|6|6|6|6|6|6|6|6|6|6|6|6|6
52263,1,False,1,10,0,0|1|1|0|1|0|1|1|0|0|0|0|0|0|0
52284,9,True,4,15,4,4|4|4|4|4|4|4|4|4|4|6|4|4|4|4
52326,3,True,8,14,8,8|8|8|8|8|8|8|8|3|8|8|8|8|8|8
52331,0,True,1,8,0,4|3|6|0|1|0|3|4|6|0|0|0|0|1|0
52363,4,True,6,4,4,6|4|4|6|4|4|4|4|4|6|4|6|4|4|4
52385,9,True,4,13,4,4|4|4|4|4|9|4|4|4|9|4|4|4|4|4
52424,7,False,7,2,7,7|7|7|7|7|7|7|7|7|8|5|7|7|7|7
52437,3,True,8,15,8,8|7|8|7|8|8|8|8|8|8|8|8|8|7|8
52438,6,True,3,13,3,3|3|4|2|2|3|3|3|6|3|3|3|3|3|6
52446,4,True,7,15,7,7|7|7|2|7|7|7|7|7|9|7|7|7|7|2
52483,7,False,7,0,7,7|7|7|7|7|7|7|7|7|7|7|7|7|7|7
52491,2,False,2,13,0,0|0|6|0|0|0|6|2|2|6|0|0|0|0|0
52497,3,True,2,9,-1,3|3|4|2|3|3|3|2|3|9|2|2|4|2|2
52500,7,False,7,6,7,7|5|7|7|3|7|7|7|7|9|7|5|5|7|2
52506,5,True,9,1,5,5|5|5|5|5|5|5|5|5|5|9|5|5|5|5
52516,7,True,1,15,1,1|1|1|1|1|0|1|1|1|1|1|1|1|1|1
52529,2,True,3,11,3,3|3|8|3|3|3|3|2|2|3|6|3|2|3|2
52541,3,True,5,15,-1,7|7|5|9|5|5|9|8|7|5|7|7|5|9|9
52542,7,True,8,14,8,8|8|8|1|8|8|8|8|8|8|8|8|8|8|7
52568,7,True,5,13,5,5|5|5|5|3|5|5|5|5|5|7|2|5|7|5
52573,4,True,1,14,1,1|1|1|1|1|1|7|1|4|7|7|1|1|1|7
52587,4,False,4,4,4,4|4|4|4|4|4|9|4|4|9|4|4|9|4|9
52592,4,True,6,12,-1,6|0|4|1|0|6|8|8|4|0|0|8|8|2|4
52631,7,True,1,14,1,1|1|1|7|1|1|1|1|0|1|1|1|1|0|1
52640,2,True,5,14,7,7|7|7|7|7|7|9|7|7|9|7|9|7|7|2
52648,9,True,4,15,-1,3|3|4|2|6|1|3|6|2|2|1|6|2|1|3
52651,2,True,9,15,5,7|7|7|5|5|5|5|5|5|5|5|5|5|5|7
52664,2,True,3,10,3,3|3|2|3|3|2|3|3|6|2|6|3|2|2|3
52673,8,False,8,4,8,8|8|8|5|8|8|1|3|8|8|8|8|8|3|8
52692,3,True,8,13,8,3|8|8|8|8|8|8|8|8|8|8|8|8|8|3
52706,7,False,7,3,7,7|7|7|7|3|7|7|7|8|8|7|7|7|7|7
52728,1,True,5,12,5,5|5|5|1|5|5|1|2|5|5|5|5|5|5|1
52737,0,False,0,6,0,6|0|6|0|6|6|6|0|0|0|0|0|0|0|6
52741,9,True,4,9,4,4|4|9|9|6|9|4|4|4|4|9|4|9|9|4
52745,0,False,0,12,6,3|6|2|2|0|0|6|6|0|6|1|6|3|8|2
52751,9,True,8,15,4,3|4|4|6|2|0|3|4|4|4|2|0|2|0|0
52765,4,False,4,13,-1,3|4|7|3|0|8|3|2|2|3|1|0|2|4|2
52773,6,True,2,12,2,0|2|4|0|4|6|6|0|4|6|2|2|0|2|2
52778,6,True,9,15,5,5|5|9|5|5|5|5|5|9|5|5|5|5|5|5
52790,8,False,8,6,8,3|3|5|8|3|8|8|8|8|8|8|8|8|7|0
52815,6,True,0,4,6,6|6|6|6|6|6|6|6|6|0|6|6|0|0|0
52821,6,True,0,3,6,6|6|6|6|6|6|6|6|6|0|6|6|0|0|6
52822,9,False,9,13,5,5|5|5|5|5|5|5|5|9|5|5|5|5|5|9
52828,4,False,4,0,4,4|4|4|4|4|4|4|4|4|4|4|4|4|4|4
52836,3,True,8,9,8,8|8|8|8|3|3|1|3|3|8|8|8|3|8|3
52845,7,False,7,5,7,5|7|7|7|9|5|7|7|7|7|7|7|7|5|1
52846,7,True,1,13,1,1|1|1|1|1|1|1|1|7|7|1|1|1|1|1
52869,3,False,3,7,3,3|3|3|2|3|3|3|2|3|3|2|2|2|2|2
52874,5,True,9,0,5,5|5|5|5|5|5|5|5|5|5|5|5|5|5|5
52875,9,True,8,13,8,8|8|8|7|8|8|9|8|8|8|8|8|8|8|9
52897,7,False,7,4,7,7|7|7|7|7|7|9|7|9|9|7|7|7|7|9
52900,5,True,9,3,5,5|5|5|5|5|5|9|5|5|5|2|9|5|5|5
52906,7,False,7,2,7,7|7|7|2|9|7|7|7|7|7|7|7|7|7|7
52930,7,False,7,3,7,7|7|7|7|9|7|9|7|7|9|7|7|7|7|7
52936,5,False,5,2,5,5|5|1|5|5|5|5|5|5|2|5|5|5|5|5
52944,7,True,1,8,1,7|1|1|7|7|1|1|1|1|7|7|7|1|1|7
52972,9,True,4,15,4,4|4|4|4|6|4|4|6|4|4|6|4|4|4|4
52997,7,True,5,14,5,5|8|3|5|7|5|5|5|5|5|5|5|5|5|5
52998,1,True,5,13,5,5|5|5|7|5|5|5|5|7|1|7|7|5|1|7
53001,2,False,2,8,2,2|2|0|2|2|0|2|0|0|9|2|0|4|0|2
53009,0,True,2,14,2,3|4|6|2|8|8|6|2|2|2|0|6|2|2|8
53010,2,False,2,13,4,4|3|4|4|6|4|4|4|6|9|2|4|2|6|4
53025,7,False,7,10,9,7|9|9|9|5|9|9|2|7|9|7|7|9|9|7
53032,8,False,8,1,8,8|8|8|8|8|8|1|8|8|8|8|8|8|8|8
53050,6,True,3,11,3,3|3|2|6|3|6|6|3|3|3|6|3|3|3|3
53060,4,True,1,15,1,7|1|1|7|1|7|7|1|1|7|1|7|1|1|1
53062,6,True,9,15,5,5|5|5|5|5|5|5|5|5|5|5|5|5|5|5
53077,6,True,0,2,6,6|6|6|6|6|6|6|6|6|6|6|6|0|6|0
53092,6,True,2,12,8,8|6|1|7|6|8|8|0|6|2|1|2|8|8|1
53097,1,False,1,8,-1,4|4|4|1|4|1|4|4|1|5|1|1|1|1|4
53124,5,False,5,7,5,7|5|5|5|5|7|7|5|5|5|7|5|7|7|2
53128,4,False,4,14,6,0|5|6|7|2|0|6|6|4|2|6|6|8|0|3
53143,6,True,9,15,5,5|5|5|2|3|5|9|5|5|2|5|9|5|5|2
53148,8,True,3,15,1,3|1|1|2|1|7|7|1|4|6|7|1|1|1|6
53157,0,True,2,2,0,2|0|0|0|0|0|6|0|0|0|0|0|0|0|0
53180,6,False,6,15,2,2|3|2|4|2|0|8|2|4|2|4|0|2|0|4
53194,6,False,6,4,6,3|4|6|6|6|6|6|6|6|6|4|6|0|6|6
53225,0,True,1,10,1,1|1|1|1|1|0|3|0|0|0|1|1|1|1|0
53283,0,True,2,9,0,2|4|4|2|6|0|0|0|0|2|0|4|2|0|4
53292,2,True,3,13,3,3|3|3|3|3|3|3|3|3|3|3|2|2|3|3
53322,3,True,8,10,8,3|8|8|3|3|8|8|8|8|8|3|8|8|8|3
53340,2,True,9,15,5,5|5|5|5|5|5|5|5|5|5|5|5|5|5|5
53378,2,True,9,15,5,5|5|5|7|7|5|9|5|5|5|7|5|5|5|7
53381,7,True,1,11,1,7|1|1|1|1|1|1|1|7|7|1|1|1|1|7
53412,9,True,8,13,8,8|3|8|8|8|4|9|9|4|4|8|0|2|0|4
53428,4,True,6,13,8,2|5|4|2|8|8|8|8|4|8|3|5|9|7|8
53441,9,True,4,13,4,4|4|4|4|4|4|4|4|4|9|9|4|4|4|4
53444,6,True,0,1,6,6|0|6|6|6|6|6|6|6|6|6|6|6|6|6
53447,7,True,5,12,-1,0|5|8|2|5|7|7|3|9|2|2|8|7|5|9
53449,8,False,8,0,8,8|8|8|8|8|8|8|8|8|8|8|8|8|8|8
53464,1,False,1,1,1,1|1|1|1|7|1|1|1|1|1|1|1|1|1|1
53465,6,False,6,6,6,6|0|6|6|6|0|6|6|6|6|0|0|0|6|0
53486,6,False,6,14,4,2|4|4|4|3|6|4|4|2|4|4|0|4|4|4
53491,9,True,7,14,7,7|7|7|7|5|7|7|7|5|7|5|2|7|5|9
53506,6,False,6,1,6,6|6|6|6|6|6|6|6|6|6|6|6|0|6|6
53513,0,False,0,14,6,6|6|6|6|6|6|3|6|6|6|6|0|6|6|4
53521,4,True,6,11,6,6|4|4|4|6|6|6|6|6|6|6|6|4|6|6
53524,9,False,9,13,5,5|5|5|5|9|5|5|5|5|2|5|5|5|9|5
53525,0,True,1,14,1,1|1|1|1|1|1|1|1|0|1|1|1|1|1|1
53532,9,True,7,13,7,7|7|7|7|7|7|9|7|7|7|7|7|7|9|7
53575,5,False,5,7,5,8|5|5|1|5|5|9|5|9|9|7|5|5|5|9
53584,4,True,6,11,4,2|2|4|8|9|0|8|4|4|8|0|2|4|9|9
53604,4,True,6,1,4,4|4|4|4|4|4|4|4|4|4|6|4|4|4|4
53634,3,True,5,14,5,7|5|5|7|5|5|5|5|3|5|7|5|5|7|5
53636,0,True,1,11,1,1|1|1|0|1|1|1|1|0|0|1|7|1|1|0
53652,0,False,0,14,6,6|4|6|6|3|6|6|6|6|6|6|6|0|6|6
53660,2,False,2,12,0,2|4|0|2|2|0|0|0|0|0|0|0|0|0|0
53672,9,False,9,13,5,5|5|5|5|5|5|5|5|5|2|5|5|9|5|9
53686,2,False,2,15,4,4|4|4|4|4|4|9|4|4|9|4|4|9|9|9
53712,9,False,9,13,5,5|5|5|5|5|5|9|5|5|9|5|5|5|5|2
53718,3,False,3,8,3,4|3|2|3|3|3|2|3|2|3|2|3|2|2|4
53746,0,False,0,11,6,6|0|2|3|6|4|3|6|6|6|6|0|6|0|0
53770,6,True,0,2,6,6|6|6|6|6|6|6|0|6|6|6|6|0|6|6
53787,9,False,9,11,5,5|5|9|2|5|5|9|5|5|9|2|2|7|5|9
53862,8,False,8,5,8,3|3|8|8|3|8|8|8|8|8|8|3|8|8|3
53869,0,True,2,10,2,2|2|4|2|2|2|2|2|0|2|0|0|2|0|0
53870,0,True,2,11,2,2|4|4|2|4|0|9|9|2|2|0|0|4|2|0
53871,7,True,1,8,1,7|1|1|1|1|7|7|1|7|7|7|7|1|1|1
53873,8,False,8,5,8,3|8|8|3|8|8|8|3|8|8|8|3|8|7|8
53969,1,False,1,5,1,1|1|1|1|1|0|1|1|1|0|1|1|0|0|0
53975,9,True,4,12,4,2|2|4|9|9|3|9|4|4|8|4|2|4|2|4
53986,6,False,6,15,4,4|4|4|4|4|4|4|4|4|4|4|4|4|4|4
53994,9,True,4,12,4,9|4|4|4|4|4|9|4|4|4|4|4|4|4|9
54011,6,False,6,15,0,0|4|4|0|0|4|0|2|4|0|0|0|4|2|4
54013,5,False,5,3,5,5|5|5|5|5|5|7|5|5|5|5|5|5|7|1
54015,3,False,3,10,-1,3|4|2|3|4|3|3|9|2|3|4|2|2|4|2
54022,5,False,5,9,7,7|5|7|5|2|7|7|7|5|5|7|5|7|5|7
54045,9,True,7,14,7,5|5|7|7|7|5|9|5|7|7|7|7|5|5|7
54055,6,True,2,12,2,3|2|2|4|3|6|4|3|4|2|2|6|2|2|6
54084,9,True,7,13,7,7|7|7|7|7|7|9|7|9|7|7|7|7|7|7
54098,1,False,1,8,7,1|1|1|7|7|7|7|7|1|7|1|7|1|1|7
54100,7,True,5,3,7,7|7|7|5|7|7|7|7|7|7|7|7|2|7|1
54109,5,False,5,3,5,5|5|5|5|2|5|5|2|7|5|5|5|5|5|5
54123,6,True,0,8,6,0|3|6|2|6|2|6|8|6|6|6|3|8|6|0
54136,9,False,9,12,5,5|5|5|5|5|5|9|5|5|5|9|5|5|5|9
54143,1,False,1,1,1,1|1|1|1|1|1|1|1|1|1|1|1|1|1|0
54147,6,True,0,14,0,0|0|0|2|6|0|0|4|4|4|0|0|8|0|0
54171,7,True,8,12,8,8|8|8|7|8|8|8|8|7|9|8|8|8|7|1
54189,6,False,6,2,6,6|6|6|6|6|6|6|4|6|6|6|6|0|6|6
54196,9,True,7,14,7,7|7|7|7|7|7|9|7|7|7|7|7|7|7|7
54214,2,True,3,15,4,4|4|4|4|9|4|4|4|3|6|3|3|6|9|4
54223,8,False,8,1,8,8|8|8|8|8|8|9|8|8|8|8|8|8|8|8
54251,0,True,2,5,0,0|4|4|4|0|0|0|0|4|4|0|0|0|0|0
54276,3,False,3,7,3,3|3|3|6|6|7|3|3|1|2|6|3|2|3|3
54278,0,False,0,13,6,6|6|6|6|6|6|6|6|6|6|6|6|0|6|0
54293,7,True,8,14,8,8|8|8|8|8|3|8|8|8|3|8|8|8|3|7
54305,3,True,8,14,8,8|3|8|8|8|8|8|8|8|8|8|8|8|8|8
54316,4,False,4,9,4,2|3|2|9|4|4|3|4|4|9|0|2|4|2|4
54318,0,False,0,11,6,6|0|6|6|6|6|6|6|6|0|6|6|0|0|6
54333,2,True,3,13,3,3|2|7|3|6|6|3|6|3|2|3|6|7|3|3
54356,6,True,3,11,3,3|3|7|3|3|6|3|6|6|3|3|3|2|6|3
54376,5,False,5,9,5,5|5|1|7|2|8|5|7|7|3|5|5|7|1|5
54396,6,True,0,5,6,6|0|6|6|6|6|6|0|6|0|6|6|0|0|6
54424,9,True,6,15,4,8|3|4|3|4|6|3|6|4|4|2|6|4|8|1
54431,4,True,1,5,4,4|2|4|4|8|4|4|1|4|4|4|4|2|4|1
54446,2,True,3,9,3,3|3|2|2|3|3|3|3|7|3|2|3|2|2|2
54466,0,True,1,13,1,1|1|1|1|1|1|1|1|0|0|1|1|1|1|1
54479,2,False,2,9,0,2|0|2|2|0|0|0|2|2|0|0|0|2|0|0
54480,2,False,2,9,2,4|2|7|2|2|0|6|0|4|0|4|2|2|2|7
54489,5,False,5,2,5,5|5|5|5|5|5|5|5|1|5|7|5|5|5|5
54506,4,True,6,1,4,4|4|4|3|4|4|4|4|4|4|4|4|4|4|4
54514,5,False,5,1,5,5|5|5|5|5|5|5|5|5|5|5|5|7|5|5
54547,6,False,6,14,4,4|4|9|6|4|4|4|4|4|4|4|4|4|4|4
54566,1,True,8,14,8,8|8|8|8|8|8|8|8|8|8|8|8|8|8|1
54572,9,True,4,15,4,4|4|4|4|8|4|0|4|4|4|6|6|2|4|4
54587,3,True,2,14,2,2|2|2|2|2|3|4|0|2|2|0|2|2|2|2
54589,0,True,4,14,4,6|4|4|4|4|8|4|0|4|4|4|6|4|4|4
54596,2,False,2,9,2,8|2|2|2|0|8|8|2|0|0|0|6|8|2|2
54598,8,False,8,1,8,8|8|8|8|3|8|8|8|8|8|8|8|8|8|8
54604,9,False,9,11,5,5|5|5|5|5|9|9|5|5|5|5|5|5|9|9
54609,6,True,3,12,3,3|3|3|3|3|6|3|3|6|3|6|3|2|3|3
54639,4,True,6,10,6,6|4|4|0|0|6|6|4|4|6|6|4|6|0|0
54663,7,True,1,12,1,7|1|1|1|4|7|1|1|1|7|1|1|1|1|1
54668,4,True,6,1,4,6|4|4|4|4|4|4|4|4|4|4|4|4|4|4
54674,4,True,6,3,4,4|4|4|4|6|4|6|0|4|4|4|4|4|4|4
54692,7,False,7,3,7,7|7|7|7|5|7|7|7|5|7|7|2|7|7|7
54711,5,True,9,1,5,5|5|5|5|5|5|5|5|5|5|5|5|5|5|9
54733,7,True,5,7,7,7|5|5|7|5|5|7|5|7|5|7|7|7|5|7
54802,6,False,6,7,6,7|6|8|6|6|6|6|6|4|0|8|8|3|6|6
54832,2,False,2,6,2,2|0|0|2|2|3|2|0|2|0|2|2|0|2|2
54854,9,False,9,14,5,5|5|5|5|5|5|9|5|5|5|5|5|5|5|5
54858,4,False,4,1,4,4|4|4|2|4|4|4|4|4|4|4|4|4|4|4
54889,3,True,8,11,8,3|5|8|7|3|5|2|8|6|3|8|3|8|7|8
54897,5,True,4,15,-1,3|3|4|6|8|4|8|8|4|0|6|4|8|3|6
54901,9,True,7,14,7,7|7|7|7|9|7|7|7|7|7|7|7|7|7|7
54930,4,False,4,8,4,4|4|4|1|3|1|9|3|4|4|3|1|4|4|6
54940,9,True,7,13,7,7|7|7|7|7|5|7|7|9|2|2|7|7|9|7
54967,1,False,1,3,1,1|1|1|1|1|0|1|1|1|1|1|1|1|0|0
54972,5,True,4,15,4,2|4|4|4|4|0|4|4|4|8|4|3|4|2|9
54984,3,False,3,9,3,3|7|2|6|8|7|3|2|3|3|7|3|2|1|3
54985,1,False,1,7,1,1|1|1|0|0|1|1|0|0|0|1|0|0|1|1
54998,6,True,0,12,0,2|0|2|0|6|0|8|6|6|0|0|0|0|0|0
55016,5,False,5,6,5,5|5|5|7|8|8|7|5|9|5|5|5|7|5|5
55028,4,False,4,8,9,4|4|4|9|9|4|4|4|9|9|9|4|9|9|9
55031,2,False,2,12,0,0|2|2|0|0|0|6|0|0|0|0|0|0|0|2
55049,0,True,2,6,0,2|4|4|0|0|0|9|4|0|0|2|0|0|0|0
55051,9,True,4,6,9,9|4|4|9|9|9|9|4|4|4|9|4|9|9|9
55057,6,False,6,14,4,2|4|4|4|6|4|4|4|4|4|4|4|4|4|4
55061,6,True,5,15,5,5|5|7|3|5|5|7|5|5|5|5|5|5|7|7
55062,9,False,9,6,9,5|9|9|2|9|5|9|5|5|9|9|9|9|9|5
55145,8,False,8,3,8,8|8|1|1|8|8|8|8|6|8|8|8|8|8|8
55164,5,True,9,5,5,7|5|5|5|5|5|5|5|9|5|9|9|5|5|9
55183,9,False,9,15,5,5|5|5|5|5|5|5|5|5|5|5|5|5|5|5
55195,0,False,0,14,-1,3|0|1|2|3|6|2|6|4|4|1|6|3|7|2
55208,9,False,9,13,5,5|5|5|2|5|5|9|5|8|2|2|5|5|5|9
55234,0,False,0,12,6,6|6|6|6|6|6|6|6|6|0|0|6|0|6|6
55249,0,True,2,4,0,2|4|0|2|0|0|0|0|0|0|0|0|2|0|0
55328,2,True,5,13,5,5|5|5|2|5|5|7|5|2|0|7|7|5|5|7
55331,9,True,4,10,4,9|4|4|4|9|4|9|4|4|4|4|4|9|4|9
55343,1,False,1,3,1,1|0|1|1|1|1|1|1|1|0|1|1|1|1|0
55355,6,True,0,4,6,6|6|4|6|6|6|6|6|6|6|6|0|0|9|6
55362,0,True,2,15,4,3|4|4|4|6|4|4|4|4|4|4|4|4|4|4
55391,1,False,1,6,1,7|3|7|1|1|7|1|1|4|1|1|7|1|1|1
55425,0,False,0,9,0,6|0|4|6|0|0|6|4|4|6|0|6|0|0|4
55432,8,False,8,0,8,8|8|8|8|8|8|8|8|8|8|8|8|8|8|8
55442,4,True,6,3,4,6|4|4|4|4|6|4|4|4|4|6|4|4|4|4
55448,3,False,3,5,3,3|3|4|3|3|3|3|6|6|3|6|3|3|3|0
55457,6,True,0,6,6,2|3|6|3|6|6|6|6|6|0|6|0|0|6|6
55486,3,False,3,4,3,3|3|4|3|3|6|3|3|6|3|3|3|9|3|3
55521,7,True,5,8,5,7|5|5|7|5|7|7|5|5|7|5|5|5|7|7
55525,4,True,6,0,4,4|4|4|4|4|4|4|4|4|4|4|4|4|4|4
55562,8,False,8,3,8,8|8|8|7|8|7|8|8|8|8|8|8|8|8|7
55582,4,True,1,13,1,7|1|1|1|1|4|7|4|1|7|1|1|1|1|1
55599,6,True,0,4,6,6|6|6|6|6|6|6|6|6|0|6|0|0|0|6
55636,4,True,6,1,4,4|4|4|4|4|4|9|4|4|4|4|4|4|4|4
55640,6,True,0,1,6,6|6|6|6|6|6|6|6|6|6|6|6|0|6|6
55650,0,False,0,13,3,3|1|3|3|3|6|3|4|4|4|2|0|0|3|3
55666,3,True,2,15,4,0|4|4|4|2|4|2|4|4|9|2|0|2|0|2
55691,9,False,9,11,5,1|5|9|5|5|5|9|5|5|5|9|5|5|9|5
55713,6,True,0,8,0,6|0|6|0|6|6|6|0|6|0|6|0|0|0|0
55715,5,True,9,1,5,5|5|5|5|5|5|5|5|5|5|5|5|5|5|9
55739,2,True,3,7,2,3|3|2|2|3|3|2|3|2|2|2|3|2|3|2
55748,2,True,9,12,9,7|7|9|2|9|9|9|7|2|9|7|9|2|9|7
55754,0,False,0,11,6,6|0|6|6|6|6|6|6|6|0|6|6|0|0|6
55796,9,True,4,12,4,9|4|4|9|4|4|9|4|4|4|4|4|4|4|4
55798,9,True,7,10,7,7|7|7|7|7|7|9|7|9|7|7|7|9|9|9
55806,5,True,9,1,5,5|5|5|5|5|5|9|5|5|5|5|5|5|5|5
55831,3,False,3,9,3,3|3|3|2|2|3|1|2|7|3|6|3|2|2|6
55832,2,True,3,10,3,3|3|2|3|2|3|3|1|3|2|2|3|3|2|6
55876,6,False,6,5,6,6|0|6|2|6|6|6|4|4|6|6|6|0|6|6
55878,6,True,1,14,1,1|1|1|1|1|1|1|1|6|7|1|1|1|1|1
55879,6,True,1,15,1,1|1|1|1|1|1|1|1|0|1|1|0|1|1|1
55887,5,False,5,11,7,3|7|3|1|1|6|5|7|7|8|7|7|5|5|5
55888,2,True,3,10,3,3|3|2|2|3|3|3|3|3|3|3|3|2|2|2
55899,2,False,2,10,0,0|2|0|0|0|0|0|2|2|2|0|2|0|0|0
55904,3,False,3,4,3,3|3|2|3|3|6|3|3|6|3|3|3|2|3|3
55907,9,True,4,15,3,3|3|4|2|3|3|3|3|4|3|3|0|3|3|3
55931,5,False,5,2,5,5|5|5|2|5|5|5|7|5|5|5|5|5|5|5
55944,9,True,4,7,9,9|2|4|9|4|9|9|9|4|9|9|4|4|4|9
55955,9,True,4,12,4,4|4|4|9|9|4|9|4|4|4|4|4|4|4|4
55961,7,True,1,15,1,1|1|1|0|0|0|1|1|0|0|1|1|0|1|1
55972,5,True,9,0,5,5|5|5|5|5|5|5|5|5|5|5|5|5|5|5
55980,0,True,2,2,0,0|0|4|0|2|0|0|0|0|0|0|0|0|0|0
55985,9,True,4,15,4,4|4|4|4|2|4|4|4|4|4|4|2|2|4|2
55997,3,True,8,11,8,8|3|8|8|3|8|8|3|8|3|8|8|8|8|8
56009,4,True,1,14,1,1|1|1|1|1|1|1|1|4|1|1|1|1|1|1
56022,3,True,7,15,7,7|7|7|7|7|7|7|7|7|7|7|7|7|7|7
56027,7,False,7,11,9,7|7|5|7|5|7|9|5|9|9|9|9|5|9|9
56029,9,True,4,13,4,9|4|4|4|4|4|4|4|4|9|4|4|4|4|4
56035,6,False,6,15,4,0|4|4|4|2|9|8|4|4|9|4|4|2|2|4
56036,1,False,1,1,1,1|1|1|1|1|1|1|1|1|0|1|1|1|1|1
56041,2,True,3,12,3,3|3|2|3|3|3|3|2|6|3|3|3|2|3|6
56082,2,True,3,7,2,3|3|2|2|3|3|3|2|2|3|2|2|2|3|2
56086,0,True,2,5,0,0|0|4|2|0|0|6|0|6|0|0|3|0|0|0
56096,0,False,0,12,6,6|0|6|6|6|6|6|6|6|6|6|6|0|0|6
56112,7,True,8,15,8,8|8|8|8|8|8|8|8|8|8|8|8|8|8|8
56123,6,False,6,15,4,2|4|0|4|2|4|2|4|4|4|4|4|2|4|4
56124,4,True,6,14,0,0|0|0|0|6|6|2|0|2|0|2|0|2|4|0
56161,0,True,2,6,0,0|2|0|2|2|0|0|0|0|2|0|0|8|8|0
56179,2,False,2,6,2,0|2|2|2|2|0|2|4|2|2|0|2|0|2|0
56217,9,True,7,13,7,7|7|7|7|7|7|9|7|7|9|7|7|7|7|7
56237,9,True,8,15,8,8|8|8|8|8|8|8|8|8|8|8|8|8|8|3
56241,4,True,6,8,4,2|0|4|4|2|4|4|4|4|2|2|0|2|4|2
56242,3,True,2,12,4,3|4|4|2|3|3|6|4|7|9|2|4|2|4|2
56257,1,False,1,7,1,7|1|1|1|7|7|7|1|4|7|7|1|1|1|1
56271,0,False,0,10,-1,6|0|4|3|8|6|8|6|6|6|8|0|0|0|0
56275,7,False,7,1,7,7|7|7|7|7|7|7|7|9|7|7|7|7|7|7
56285,0,True,2,9,2,2|2|2|2|2|0|6|2|0|0|0|2|2|0|0
56299,5,False,5,6,5,5|1|3|5|2|5|7|5|4|5|5|5|5|1|5
56322,8,False,8,2,8,8|8|8|8|8|1|8|8|8|8|8|8|7|8|8
56323,2,False,2,14,8,8|8|8|1|8|8|9|8|8|3|8|8|2|8|9
56324,3,False,3,6,3,3|3|2|6|6|3|6|3|6|3|3|3|2|3|3
56326,5,True,9,4,5,5|5|5|5|5|5|9|9|9|5|5|5|5|5|9
56328,1,True,5,15,-1,8|8|8|5|8|5|7|8|3|8|5|5|5|5|2
56352,9,True,4,10,4,1|4|4|2|4|4|2|9|9|9|9|4|4|2|9
56356,9,True,7,11,7,7|7|7|9|9|5|9|7|7|7|7|7|7|7|9
56388,6,True,2,15,-1,2|2|4|9|4|9|9|9|4|2|9|4|4|4|9
56403,8,False,8,0,8,8|8|8|8|8|8|8|8|8|8|8|8|8|8|8
56422,1,False,1,6,1,7|1|7|1|1|7|7|1|1|7|1|1|1|1|7
56438,5,True,9,2,5,5|5|5|5|5|5|9|5|5|5|5|5|5|5|9
56442,7,True,5,15,5,5|5|5|2|5|5|5|5|5|5|5|5|5|5|5
56480,6,True,0,4,6,6|6|6|6|6|6|6|6|6|0|6|0|0|0|6
56498,3,False,3,2,3,3|3|2|3|3|3|3|3|3|3|3|3|2|3|3
56543,7,True,1,11,1,4|1|1|1|7|7|1|1|1|7|1|1|1|1|7
56545,2,False,2,14,0,2|4|0|0|4|4|0|0|4|0|0|0|4|0|4
56559,0,False,0,14,-1,0|5|1|3|3|8|1|5|8|2|1|3|2|2|5
56585,6,True,0,5,6,6|6|6|6|0|6|6|6|6|0|6|0|0|0|6
56609,1,False,1,2,1,1|1|1|1|1|0|1|1|0|1|1|1|1|1|1
56614,9,False,9,13,5,5|5|5|5|5|7|9|5|7|5|9|5|5|5|5
56642,9,False,9,13,5,5|5|9|5|5|5|9|5|5|5|5|5|5|5|5
56651,7,False,7,1,7,7|7|7|7|7|7|7|7|7|7|9|7|7|7|7
56656,5,True,9,4,5,5|5|5|5|5|5|9|5|9|9|5|5|5|5|9
56669,4,True,6,0,4,4|4|4|4|4|4|4|4|4|4|4|4|4|4|4
56671,3,False,3,7,3,3|3|2|2|3|3|3|3|6|3|2|2|2|3|2
56672,4,True,6,5,4,3|4|4|4|4|6|9|9|4|9|4|4|4|4|4
56688,7,True,5,4,7,7|0|7|7|5|7|7|5|7|5|7|7|7|7|7
56715,9,False,9,15,5,5|5|5|5|5|5|5|5|5|5|5|5|5|5|5
56721,2,False,2,11,0,2|0|0|2|2|0|0|0|0|0|2|0|0|0|0
56746,5,False,5,9,7,1|7|7|7|5|5|7|5|7|7|7|7|5|5|5
56761,6,False,6,15,4,4|4|4|4|4|4|4|4|4|4|4|4|4|4|4
56764,9,True,4,6,9,4|4|4|9|9|9|9|9|4|9|4|9|9|9|4
56777,5,True,9,5,5,5|5|5|2|5|5|9|2|5|2|2|5|5|5|5
56781,7,True,5,10,7,7|0|7|2|2|7|7|5|2|8|5|2|5|5|7
56797,4,True,1,13,1,1|1|1|1|1|4|1|1|4|1|1|1|1|1|1
56819,5,True,9,0,5,5|5|5|5|5|5|5|5|5|5|5|5|5|5|5
56823,4,False,4,5,4,4|4|4|4|6|4|9|4|4|8|3|4|9|4|4
56842,4,True,6,14,6,6|4|6|6|6|6|8|6|6|6|6|6|0|6|6
56855,1,False,1,12,8,1|4|1|1|8|8|8|8|8|9|8|8|8|8|8
56859,2,True,5,13,5,5|5|5|7|2|5|7|8|2|8|5|5|5|0|5
56881,1,False,1,6,1,1|1|1|1|1|0|1|1|0|0|1|0|0|1|0
56912,2,True,9,13,5,5|5|5|1|5|5|5|5|2|2|5|5|5|9|5
56914,2,True,5,7,2,2|5|5|2|2|2|5|5|2|2|2|2|5|5|5
56917,9,True,6,15,4,2|2|4|6|6|6|2|4|4|4|2|0|4|4|4
56930,8,True,6,15,4,2|4|4|9|4|4|4|4|4|4|2|4|4|4|2
56959,2,True,5,13,1,5|5|1|1|2|5|1|2|5|5|1|1|1|1|1
56997,6,True,2,8,-1,6|4|4|4|6|6|4|4|4|6|6|6|4|2|6
57000,3,False,3,15,6,6|0|6|2|2|6|2|6|2|4|6|6|2|0|6
57010,9,False,9,14,5,5|5|5|5|5|5|9|5|5|5|5|5|5|5|5
57016,6,True,0,7,6,6|0|8|2|6|6|6|6|6|2|1|6|0|6|7
57027,2,False,2,13,4,4|4|2|3|2|9|4|4|4|3|6|4|4|4|9
57045,9,True,4,14,2,0|2|4|2|2|4|9|0|6|2|2|4|0|2|2
57074,9,False,9,14,5,5|5|5|5|5|5|9|5|5|5|5|5|5|5|2
57110,0,False,0,9,6,6|6|6|6|6|0|6|6|6|0|0|0|0|0|6
57114,6,True,0,3,6,6|0|6|6|4|6|6|6|6|6|6|6|0|6|6
57116,9,True,4,11,4,4|4|4|4|4|4|9|4|4|9|9|4|4|4|9
57138,2,True,3,11,-1,2|2|6|2|3|3|3|6|8|8|6|6|8|1|2
57144,9,True,7,14,7,7|7|7|7|9|7|7|7|7|7|7|7|7|7|7
57157,7,True,8,8,7,7|5|7|7|9|5|9|2|7|8|7|2|5|7|7
57185,3,False,3,7,3,3|3|2|2|3|3|3|3|6|3|2|2|3|2|2
57206,2,False,2,10,-1,2|3|2|6|8|8|8|8|6|8|2|4|2|0|2
57232,9,True,4,9,-1,3|4|4|9|4|6|9|4|8|9|9|4|9|4|9
57264,4,False,4,10,9,9|4|4|9|9|9|9|4|4|9|9|4|9|9|9
57277,0,True,1,15,1,1|1|1|1|1|1|1|1|1|1|1|1|1|1|1
57285,6,False,6,10,6,2|4|4|6|3|6|2|4|6|6|0|6|4|0|2
57318,7,True,5,12,5,5|5|5|5|3|5|7|5|7|5|5|1|3|7|5
57341,0,True,2,12,2,2|4|8|0|2|0|1|2|4|8|0|1|2|2|2
57346,9,True,4,10,4,4|4|4|4|4|9|9|4|4|9|4|4|9|4|9
57377,0,False,0,12,6,6|4|6|6|6|6|6|0|6|6|6|0|0|6|9
57381,5,True,8,15,8,8|3|8|8|8|8|8|8|3|8|8|3|8|8|8
57383,9,True,8,15,8,8|8|8|8|3|8|8|8|8|3|8|8|8|8|8
57387,6,True,0,5,6,6|0|6|6|6|6|6|6|6|0|0|6|0|0|6
57421,7,True,5,6,7,7|5|7|7|5|5|7|7|7|5|7|5|7|7|8
57462,9,True,6,15,2,8|2|0|6|2|4|6|0|6|4|0|2|8|2|2
57464,9,True,7,15,7,7|7|7|7|7|7|7|7|7|7|7|7|7|7|7
57472,0,True,1,14,1,1|1|1|1|1|0|1|1|6|7|1|1|1|1|1
57495,5,False,5,14,7,7|0|7|7|7|7|7|5|7|7|7|7|7|7|7
57500,2,True,3,11,3,4|2|3|3|3|3|3|3|2|3|2|3|3|2|3
57505,3,False,3,6,3,3|3|3|2|3|3|3|6|3|3|6|2|2|3|0
57511,3,False,3,10,2,2|3|2|2|2|3|3|2|2|2|6|3|2|3|2
57518,8,False,8,1,8,8|8|8|8|8|8|8|8|8|8|8|8|8|8|7
57529,3,True,8,11,8,3|8|8|8|3|8|3|8|8|8|8|8|8|7|3
57534,0,False,0,8,6,6|0|6|0|6|6|6|6|6|0|6|0|0|0|0
57552,5,True,9,3,5,7|5|5|5|9|5|9|5|5|5|5|5|5|5|5
57596,0,True,1,15,1,1|1|1|1|1|6|1|1|6|1|1|1|1|1|1
57628,6,True,0,5,6,6|0|6|6|6|6|6|6|4|6|6|6|8|4|0
57632,0,True,1,8,1,0|1|1|1|0|0|1|0|0|0|1|0|1|1|1
57703,7,False,7,0,7,7|7|7|7|7|7|7|7|7|7|7|7|7|7|7
57712,0,True,1,15,1,1|1|1|1|1|1|1|1|1|1|1|1|1|1|1
57734,4,True,6,14,6,6|6|4|6|6|6|6|6|6|6|0|6|0|0|0
57736,3,True,8,13,8,8|8|8|8|3|8|8|8|3|8|8|8|8|8|8
57792,4,False,4,8,9,9|4|4|9|4|4|9|4|4|9|9|9|4|9|9
57833,6,False,6,15,4,4|4|4|4|4|4|4|4|4|4|4|4|4|4|9
57836,6,True,0,2,6,6|6|6|6|6|6|6|6|6|0|6|6|6|0|6
57839,3,False,3,8,-1,3|3|7|3|3|3|3|3|2|2|2|2|2|2|2
57855,7,False,7,0,7,7|7|7|7|7|7|7|7|7|7|7|7|7|7|7
57858,9,False,9,13,5,5|5|5|5|5|5|7|5|9|5|5|5|5|5|9
57862,8,False,8,1,8,8|8|8|8|8|8|8|8|8|8|8|8|8|8|7
57869,9,True,4,14,4,4|4|4|4|4|4|4|4|4|4|4|4|4|4|9
57871,4,True,5,15,7,7|5|7|5|3|5|1|5|3|3|2|7|7|1|7
57891,9,False,9,10,7,7|7|7|7|7|7|9|2|9|2|9|2|9|5|9
57895,5,True,9,1,5,8|5|5|5|5|5|5|5|5|5|5|5|5|5|5
57914,4,False,4,13,9,9|9|4|9|9|9|9|9|9|9|9|9|9|4|9
57939,1,False,1,1,1,1|1|1|1|1|7|1|1|1|1|1|1|1|1|1
57950,6,True,9,14,5,5|5|9|6|5|5|5|5|5|5|5|5|5|5|5
57951,2,True,3,11,3,3|3|3|3|3|6|2|2|6|2|3|3|2|3|3
57971,4,True,6,14,2,3|2|2|2|2|6|9|0|0|6|4|2|0|2|6
57972,0,False,0,10,6,6|6|0|6|6|6|6|0|6|6|6|6|0|0|0
58010,9,True,7,14,7,7|7|7|7|7|7|7|7|7|7|7|7|7|7|9
58021,7,True,1,5,7,7|1|1|7|7|7|7|1|7|7|7|7|1|1|7
58026,8,True,2,15,2,2|2|2|2|2|2|2|1|0|2|2|2|2|0|2
58034,6,True,0,4,6,6|0|6|6|6|6|6|6|6|0|6|6|0|0|6
58035,3,True,8,15,8,8|8|8|8|8|8|8|8|8|8|8|8|8|8|8
58041,9,True,7,13,7,7|7|7|7|7|7|9|7|7|7|9|7|7|7|7
58053,1,True,5,13,5,5|5|1|5|5|5|3|5|3|5|1|5|5|5|5
58073,6,False,6,14,4,4|4|4|4|4|4|4|4|4|4|4|4|4|4|6
58089,0,False,0,12,6,6|0|6|6|6|6|6|0|6|6|6|6|4|6|0
58091,2,True,9,13,9,5|5|9|2|5|9|9|5|5|9|9|9|2|9|9
58131,9,True,7,9,7,7|7|7|7|9|9|9|7|7|9|7|7|9|9|7
58135,1,False,1,3,1,1|1|1|1|1|1|1|1|0|7|1|0|1|1|1
58177,1,True,3,15,3,3|3|3|6|3|4|3|3|6|3|2|3|2|3|3
58182,9,True,8,15,0,0|4|4|4|6|0|0|0|6|0|4|0|4|8|1
58290,7,True,8,11,8,7|8|8|8|8|8|8|8|7|8|8|7|8|8|7
58309,1,True,5,12,7,7|7|1|3|8|7|5|5|4|2|1|7|3|7|1
58319,2,False,2,11,2,1|6|0|8|2|8|4|8|7|2|2|3|4|4|2
58327,1,True,8,15,8,8|3|8|8|8|8|8|8|3|8|8|8|8|8|3
58329,7,False,7,11,5,5|7|1|3|5|5|1|2|5|7|7|7|5|1|1
58337,4,True,6,12,6,6|4|4|6|9|6|6|4|6|6|0|0|0|6|0
58345,4,True,5,15,5,5|5|5|5|2|5|5|5|5|5|5|5|5|5|5
58364,2,False,2,15,4,4|4|4|9|6|4|9|4|4|9|4|9|9|4|9
58373,2,True,3,12,3,3|3|2|2|3|3|6|3|3|3|3|3|2|3|3
58387,6,True,0,4,6,6|0|6|6|6|6|6|0|6|6|6|6|0|0|6
58388,5,True,9,0,5,5|5|5|5|5|5|5|5|5|5|5|5|5|5|5
58401,5,True,9,3,5,5|5|5|5|5|5|5|5|9|9|5|9|5|5|5
58402,0,True,4,14,4,2|2|4|4|4|6|4|4|4|4|4|3|8|0|4
58426,0,True,1,11,1,1|1|1|0|1|1|1|1|0|1|1|0|0|1|1
58439,8,False,8,4,8,8|7|8|8|7|7|8|8|8|5|8|8|8|8|8
58451,0,True,2,14,2,3|4|6|2|4|6|6|2|3|2|2|2|2|2|0
58456,0,False,0,10,-1,0|4|4|0|6|4|6|4|4|6|6|0|0|0|6
58482,2,False,2,11,0,0|2|0|2|0|0|6|2|0|2|0|0|0|0|0
58483,4,True,6,5,4,2|4|4|4|9|4|4|4|4|9|4|0|4|9|4
58489,5,False,5,7,5,3|5|5|7|5|5|1|5|2|5|1|1|5|5|1
58497,6,True,0,8,0,6|6|6|0|0|6|6|0|6|0|6|0|0|0|0
58505,8,False,8,2,8,8|8|8|8|8|7|8|8|8|8|8|4|8|8|8
58524,4,True,7,14,7,7|4|7|7|7|7|7|7|7|7|7|7|2|3|2
58561,5,True,9,1,5,5|5|5|5|5|5|5|5|5|5|5|5|5|5|8
58567,9,True,4,8,4,9|4|4|9|4|9|9|4|4|9|9|4|9|4|4
58578,0,True,1,14,1,1|1|1|1|1|1|1|1|4|0|1|7|1|1|1
58612,1,False,1,2,1,1|1|1|1|1|0|1|1|6|1|1|1|1|1|1
58618,4,True,6,15,0,2|0|0|2|0|0|2|2|0|0|0|0|0|0|0
58621,7,False,7,1,7,7|7|7|7|7|7|7|7|7|7|7|7|7|7|9
58651,2,False,2,4,2,2|4|2|2|2|0|0|2|2|2|2|2|2|0|2
58676,7,True,5,9,5,5|5|7|7|5|7|5|0|7|5|5|7|5|7|5
58705,4,True,6,14,2,2|2|2|2|0|0|6|2|4|2|0|2|2|6|0
58742,6,False,6,15,4,4|4|4|4|4|4|4|4|4|4|4|4|4|4|4
58751,6,True,5,15,7,7|5|7|7|7|5|7|1|8|3|3|7|5|5|9
58763,6,True,0,13,4,2|0|2|2|6|0|9|4|4|4|6|0|0|4|4
58779,2,True,3,6,2,3|3|2|2|2|3|3|2|2|3|2|2|2|3|2
58788,3,True,4,15,0,2|0|4|0|4|4|2|9|4|4|0|0|0|0|9
58817,9,True,4,14,6,6|4|6|3|6|0|8|9|6|4|2|1|2|4|2
58833,3,True,4,15,4,4|4|4|4|4|4|9|4|4|9|9|4|4|4|4
58850,3,True,2,15,-1,0|4|2|2|2|0|2|0|0|2|0|2|2|0|0
58861,0,False,0,11,6,6|0|6|6|0|8|1|6|1|3|3|6|0|0|2
58881,0,False,0,14,7,8|7|1|1|6|8|1|7|6|0|7|5|8|7|7
58882,7,False,7,0,7,7|7|7|7|7|7|7|7|7|7|7|7|7|7|7
58897,6,True,2,13,4,4|2|0|2|0|4|6|0|4|4|2|0|4|2|6
58957,2,False,2,8,2,0|2|0|2|2|3|8|0|6|2|0|2|0|2|2
58982,5,True,9,3,5,7|5|5|5|5|5|9|5|5|5|5|5|5|5|9
58983,6,False,6,15,4,2|4|4|4|4|4|4|4|4|4|4|4|4|4|4
59008,2,False,2,4,2,2|2|2|2|2|0|6|2|8|3|2|2|2|2|2
59046,4,True,1,9,4,1|4|1|4|1|0|4|4|4|0|0|4|1|1|0
59113,9,True,7,15,7,7|7|7|7|7|7|7|7|7|7|7|7|7|7|7
59121,5,False,5,4,5,5|5|5|5|1|5|5|5|5|5|1|5|5|1|1
59139,8,False,8,3,8,8|8|8|8|3|8|3|8|8|8|8|8|8|8|3
59145,7,True,8,1,7,7|7|7|9|7|7|7|7|7|7|7|7|7|7|7
59169,5,True,9,6,5,5|5|5|5|9|5|9|5|7|9|5|5|5|9|9
59171,7,True,8,15,8,8|8|8|8|8|8|8|8|8|8|8|8|8|8|8
59193,2,True,3,8,3,3|3|3|2|2|3|3|3|2|3|2|3|2|2|2
59207,3,False,3,6,3,3|3|2|6|3|6|6|3|6|3|3|3|3|3|6
59243,2,False,2,11,0,3|4|4|2|3|0|6|0|0|9|0|2|2|0|2
59245,2,True,5,15,5,7|5|5|1|5|5|9|5|9|5|7|5|7|5|1
59282,4,False,4,2,4,4|4|4|6|4|4|4|4|4|4|4|4|2|4|4
59296,3,False,3,2,3,3|3|3|3|3|3|3|3|3|3|3|2|2|3|3
59329,9,True,7,12,7,7|7|7|7|7|7|9|7|9|7|7|7|7|9|7
59334,6,False,6,15,4,3|4|4|4|4|8|9|4|4|4|3|4|4|3|9
59341,4,False,4,3,4,4|4|4|6|6|4|4|4|4|4|4|3|4|4|4
59406,1,True,5,10,5,1|5|1|5|5|8|5|5|1|5|5|5|5|1|1
59449,2,True,3,10,3,3|3|2|2|3|3|6|2|3|3|6|3|2|2|3
59469,4,True,6,1,4,4|4|4|4|4|4|4|4|4|4|4|9|4|4|4
59474,6,False,6,15,0,0|2|4|0|0|0|0|4|4|0|0|4|0|0|4
59484,4,True,1,14,1,1|1|1|1|1|7|1|1|4|7|1|1|1|1|1
59493,9,False,9,14,5,5|5|5|5|5|5|5|5|5|5|5|5|5|5|9
59515,3,True,8,14,8,8|8|8|8|8|8|8|8|8|3|8|8|8|8|8
59530,9,True,8,15,8,8|8|8|8|8|1|8|8|8|8|8|8|8|8|8
59555,4,True,6,4,4,3|3|4|2|4|4|4|4|4|4|4|4|2|4|4
59559,9,True,4,13,4,0|4|4|2|9|4|9|4|4|0|0|4|0|4|0
59611,4,False,4,8,9,9|4|4|4|9|9|9|9|4|9|9|4|4|4|9
59615,0,False,0,7,0,0|6|0|0|6|6|6|0|6|6|0|0|0|0|6
59633,9,True,7,13,7,7|7|7|7|5|7|7|7|9|9|7|7|7|7|7
59641,1,True,5,10,5,5|5|1|5|1|1|7|5|5|5|1|5|7|5|1
59644,6,True,2,15,2,2|4|4|4|2|3|2|2|4|0|0|2|3|0|2
59661,9,True,4,12,4,3|4|4|0|6|3|9|4|4|9|2|4|9|4|2
59662,1,False,1,7,1,0|1|1|1|1|0|3|1|1|0|0|0|1|0|1
59676,3,True,2,11,2,3|4|4|2|3|0|2|4|3|3|0|2|2|0|2
59689,7,True,1,13,1,1|1|1|1|1|7|7|1|1|1|1|1|1|1|1
59696,0,False,0,13,6,6|6|6|6|6|6|6|6|6|6|6|6|0|0|6
59717,1,False,1,0,1,1|1|1|1|1|1|1|1|1|1|1|1|1|1|1
59735,1,True,8,13,8,8|8|8|1|8|8|8|8|8|8|8|8|8|8|1
59742,5,True,8,15,8,6|8|8|8|8|8|4|8|8|8|8|8|8|8|3
59758,0,True,1,8,-1,2|1|1|0|1|0|1|1|0|0|1|0|0|1|0
59765,2,True,9,8,2,7|9|2|2|5|9|9|9|5|2|2|2|2|9|2
59779,1,False,1,5,1,1|7|1|7|1|1|1|1|0|7|1|7|1|1|1
59793,0,True,1,15,1,1|1|1|1|6|7|1|1|7|7|7|1|1|1|1
59805,5,True,4,15,4,6|0|4|4|3|6|4|1|4|4|3|4|4|4|4
59817,3,False,3,7,3,3|3|2|2|3|3|3|3|2|3|3|2|2|2|2
59836,3,True,7,15,7,7|7|7|7|7|7|7|7|7|7|7|7|7|5|7
59850,8,True,7,15,7,7|7|7|7|3|7|9|7|7|7|7|7|7|7|7
59852,9,True,7,8,9,7|7|7|2|9|7|9|9|7|9|2|7|9|9|9
59885,3,True,2,11,2,3|3|4|2|3|3|6|6|4|4|2|2|2|0|2
59893,3,True,5,14,5,3|5|5|5|5|5|5|5|7|5|5|5|5|1|7
59902,3,False,3,10,3,3|3|3|1|0|6|0|6|6|3|2|7|0|0|3
59918,1,False,1,2,1,1|1|1|1|1|0|7|1|1|1|1|1|1|1|1
59923,8,False,8,2,8,8|8|8|8|8|8|8|8|8|8|8|8|8|6|7
59940,7,False,7,4,7,7|7|7|7|3|7|9|7|7|9|7|7|9|7|7
59944,2,False,2,8,-1,2|2|4|0|2|0|0|0|2|2|0|0|2|0|2
59956,4,True,1,9,4,6|4|4|1|1|4|3|4|4|4|0|0|1|1|1
59970,6,True,9,15,7,7|5|7|5|9|8|9|7|9|5|7|7|9|7|9
59971,2,True,3,13,3,3|3|4|2|6|1|3|3|2|3|6|6|9|3|3
59972,5,False,5,4,5,5|5|1|2|5|5|5|5|2|5|7|5|5|5|5
59990,4,False,4,8,4,3|4|4|2|6|4|9|4|4|9|6|4|2|4|6
59995,7,True,5,12,5,5|5|5|1|5|5|1|5|5|7|7|5|5|5|7
