index,noisy_label,is_noisy,real_label,mistakes,label_pred,preds
3,7,True,3,15,6,6|1|0|6|6|6|3|3|1|0|0|6|4|3|6
20,2,True,3,10,3,3|3|3|3|2|3|3|3|3|2|3|3|2|2|2
22,4,False,4,13,-1,4|8|9|9|9|6|9|8|3|8|4|3|8|2|1
27,0,True,2,5,0,0|0|0|0|2|0|2|0|2|0|0|2|2|0|0
52,2,True,7,13,7,7|7|7|7|7|7|2|7|7|7|7|7|7|2|7
63,5,False,5,9,5,2|5|5|5|1|2|3|3|4|5|2|8|5|5|6
69,1,False,1,4,1,1|0|1|1|1|8|1|1|1|1|0|1|1|0|1
85,9,True,7,10,7,7|8|9|7|7|7|9|7|9|7|7|7|9|9|1
94,3,False,3,7,3,3|3|3|3|6|3|6|2|6|6|3|3|6|3|2
101,6,True,0,11,6,7|3|6|7|0|6|3|7|6|8|5|3|6|0|1
106,7,True,1,15,1,1|1|1|1|1|1|1|0|1|1|1|1|1|0|1
122,5,True,9,2,5,5|5|5|5|5|5|9|5|9|5|5|5|5|5|5
126,9,True,7,12,7,7|7|7|7|7|7|9|7|9|7|7|7|9|7|7
138,4,True,7,15,7,7|2|2|7|7|7|7|7|7|7|7|7|2|7|7
149,6,True,0,4,6,0|6|0|6|6|6|6|0|6|6|0|6|6|6|6
150,5,True,9,1,5,5|5|5|5|5|5|9|5|5|5|5|5|5|5|5
155,5,False,5,4,5,5|5|5|2|1|5|5|5|1|5|5|5|5|5|1
169,6,True,0,15,4,9|4|9|4|2|9|9|4|4|4|4|9|4|4|4
176,0,False,0,9,6,0|6|0|6|6|0|0|0|6|6|0|6|6|6|6
184,6,False,6,14,4,1|3|8|4|4|2|8|4|4|4|4|8|8|3|6
185,3,True,4,15,4,9|0|9|2|2|0|4|4|4|4|4|9|1|4|2
187,0,False,0,13,6,6|6|0|6|6|6|6|6|6|0|6|6|6|6|6
217,1,True,5,14,5,7|1|5|5|5|5|5|5|3|5|7|5|5|5|7
223,2,True,3,9,3,2|2|2|2|2|3|3|3|3|2|3|6|3|3|3
261,3,False,3,12,2,9|8|3|2|2|9|2|2|6|2|3|2|2|3|4
273,2,False,2,9,4,9|4|0|2|4|4|2|2|4|2|2|4|2|4|4
275,9,True,7,9,7,9|7|9|7|7|6|9|7|9|9|7|7|9|7|7
277,1,True,3,13,2,6|0|3|1|3|2|2|3|1|6|6|2|2|2|0
284,5,True,9,1,5,5|5|5|5|5|5|5|5|9|5|5|5|5|5|5
342,1,True,8,14,8,8|8|8|7|8|8|8|8|1|8|8|8|7|8|8
349,5,False,5,8,5,5|5|5|3|5|5|3|3|3|8|5|3|1|5|1
350,0,True,2,14,2,0|2|9|2|2|9|2|4|4|2|4|4|2|3|3
411,8,False,8,2,8,8|8|2|8|8|8|8|8|8|8|8|8|1|8|8
416,2,False,2,15,4,9|4|9|4|4|4|6|4|4|4|4|9|4|4|4
433,9,True,4,15,4,6|3|2|6|4|4|4|6|3|6|4|3|4|4|3
444,6,True,0,5,6,2|6|0|6|6|0|0|6|6|0|6|6|6|6|6
484,2,False,2,13,4,4|6|6|0|4|8|3|6|4|2|4|6|4|2|0
499,6,False,6,5,6,6|6|9|4|4|6|6|4|6|6|6|6|6|0|6
534,7,False,7,6,7,7|7|9|9|7|7|9|7|9|7|7|7|9|9|7
546,2,False,2,12,4,9|6|0|9|4|9|4|0|4|2|4|2|4|4|2
552,5,False,5,3,5,5|5|5|5|5|5|3|5|3|5|5|5|5|5|2
568,2,True,3,4,2,3|2|2|2|2|3|2|2|2|2|1|2|2|2|3
586,4,True,6,3,4,4|4|4|4|4|4|4|6|9|4|4|9|4|4|4
593,5,False,5,6,5,5|5|5|5|5|1|1|3|5|5|5|1|1|5|1
594,9,False,9,12,5,9|5|5|5|5|5|5|5|5|5|5|9|5|5|9
601,6,True,0,7,6,6|6|0|6|3|6|6|0|6|3|3|3|6|3|6
635,9,True,7,13,5,5|5|5|9|5|5|5|5|9|5|5|5|5|5|5
670,2,True,3,9,3,3|2|3|3|3|3|2|2|2|3|3|2|2|3|3
674,4,True,7,15,7,7|7|7|7|7|7|9|7|7|7|7|7|7|7|7
675,5,True,8,15,8,3|8|8|8|8|8|3|8|8|8|8|8|8|8|3
742,2,False,2,12,0,0|0|0|0|0|0|0|0|2|0|0|2|2|0|4
799,1,False,1,6,1,0|1|0|1|0|1|1|1|1|1|0|0|1|0|1
811,8,False,8,3,8,8|8|8|7|8|8|7|8|8|8|8|8|8|7|8
816,6,True,0,4,6,6|6|0|0|6|6|0|6|6|6|0|6|6|6|6
818,7,True,8,12,8,7|8|8|8|8|8|7|7|8|8|8|8|8|8|8
823,0,False,0,13,6,0|6|6|6|6|6|6|6|6|6|0|6|6|6|6
834,3,True,7,14,7,7|7|7|7|7|7|2|7|7|7|7|3|7|7|7
837,0,False,0,10,-1,8|6|8|0|6|4|9|6|6|0|0|6|8|0|0
838,4,True,6,14,2,2|0|5|5|2|3|2|5|0|2|6|2|4|0|0
860,4,True,6,11,-1,4|0|0|0|6|8|4|4|6|2|4|0|6|9|2
882,6,False,6,14,4,4|6|4|4|4|4|9|4|4|0|4|4|2|4|4
904,9,True,7,4,9,9|9|9|7|9|5|7|9|9|9|9|9|9|9|7
910,0,False,0,13,6,6|6|0|6|4|6|6|6|6|6|0|6|6|6|6
915,3,True,2,15,-1,0|2|2|0|0|0|2|0|2|0|0|2|2|2|1
921,2,True,5,10,-1,7|1|5|5|2|5|7|1|2|5|2|3|2|5|2
968,7,True,8,14,8,8|8|8|8|8|8|8|8|8|8|8|8|8|7|8
984,7,True,8,8,-1,8|7|8|7|7|8|3|7|7|8|8|7|8|8|7
995,2,True,7,14,7,8|0|8|8|7|7|2|3|7|7|7|6|7|6|5
1054,0,True,2,6,0,0|0|0|0|0|0|2|6|2|0|0|2|2|0|1
1057,9,True,4,13,4,9|3|4|3|4|3|9|0|4|3|4|4|4|2|4
1085,2,True,5,12,7,7|7|7|2|2|2|7|7|9|7|7|7|7|7|5
1101,4,True,6,14,6,0|6|6|6|0|0|4|6|6|6|0|6|6|6|6
1104,0,False,0,14,6,3|6|6|6|3|6|0|6|6|8|6|6|6|6|4
1109,2,False,2,14,9,9|9|9|9|4|4|2|4|9|4|4|9|4|9|9
1135,9,True,8,15,8,8|7|8|7|8|8|1|8|8|8|8|8|8|8|8
1151,7,False,7,2,7,7|7|7|7|7|7|2|7|7|7|7|7|7|2|7
1162,9,False,9,12,5,5|6|9|5|5|5|5|5|9|5|5|9|5|5|7
1169,6,True,0,5,6,0|6|0|6|6|6|6|6|6|0|0|0|6|6|6
1192,1,False,1,2,1,1|1|1|1|1|1|7|1|1|1|1|1|1|7|1
1211,0,True,1,10,1,1|0|1|1|0|1|0|0|1|1|1|1|1|0|1
1216,5,True,6,15,0,0|0|0|4|0|2|0|4|0|6|2|2|4|6|6
1217,3,True,5,11,5,2|3|7|3|5|5|5|5|3|3|5|1|5|5|5
1234,7,True,8,9,8,8|7|8|7|8|8|7|8|7|8|7|8|8|7|8
1273,9,True,4,10,4,4|9|9|9|4|4|9|4|9|4|4|4|4|4|4
1285,5,False,5,9,5,3|3|5|5|5|1|1|3|3|5|5|1|5|3|1
1287,4,True,6,13,6,6|6|0|6|6|6|6|4|4|6|0|6|6|0|6
1313,5,False,5,6,5,7|5|7|5|2|5|3|5|1|5|5|7|5|5|5
1356,3,False,3,8,2,3|3|3|3|2|3|2|2|3|2|2|2|2|2|3
1357,8,False,8,3,8,8|8|8|8|8|8|9|8|8|8|8|3|8|3|8
1358,0,True,2,4,0,0|0|0|0|2|2|0|0|0|0|0|0|0|2|2
1382,9,True,8,14,4,9|8|8|4|4|4|2|4|4|8|4|8|4|4|4
1402,9,True,7,12,7,7|7|7|9|7|7|9|7|7|7|7|7|9|7|7
1406,1,True,3,15,3,3|3|3|6|2|3|3|3|3|3|3|6|2|3|3
1409,2,False,2,10,-1,0|2|2|0|4|0|2|0|2|2|4|0|4|4|4
1417,2,True,9,9,9,9|2|9|2|9|5|9|2|9|9|7|2|2|9|2
1422,9,True,7,14,7,7|7|7|7|7|7|9|7|7|7|7|7|7|7|7
1430,6,True,0,5,6,0|6|0|6|6|0|6|6|6|0|0|6|6|6|6
1432,4,False,4,6,4,0|4|9|4|9|4|2|9|4|4|4|4|4|2|4
1460,0,False,0,8,6,0|6|0|0|6|0|6|0|6|0|0|6|6|6|6
1471,4,True,6,4,4,4|4|4|6|4|4|6|4|4|6|4|6|4|4|4
1477,7,False,7,3,7,7|7|9|7|7|5|7|7|7|7|7|7|1|7|7
1480,9,False,9,14,5,7|1|5|2|7|5|7|5|9|6|7|7|5|5|5
1481,6,True,3,13,3,3|3|3|3|3|3|6|3|3|2|3|2|2|3|6
1501,7,False,7,11,9,7|7|9|7|9|5|9|9|9|9|7|9|9|9|9
1503,6,True,0,5,6,0|0|6|6|0|6|6|6|6|0|6|6|6|6|0
1515,0,True,2,2,0,0|0|0|0|0|0|4|0|0|0|0|0|2|0|0
1526,0,False,0,9,6,0|6|0|6|6|0|6|6|6|0|0|0|6|6|6
1531,9,False,9,13,5,9|5|5|5|5|5|9|5|5|5|5|5|5|5|5
1546,6,True,9,15,5,5|7|5|9|9|5|9|7|5|7|5|5|5|5|7
1552,6,True,9,15,5,5|5|5|5|5|5|9|5|5|5|5|5|5|5|5
1558,1,False,1,5,1,1|1|0|1|0|1|1|0|1|1|0|1|1|0|1
1574,1,False,1,4,1,1|1|1|1|7|1|7|1|1|1|7|1|1|7|1
1585,4,True,6,15,6,6|6|0|6|6|6|6|6|6|6|6|6|6|6|6
1593,9,True,6,15,4,4|8|4|4|4|6|2|8|4|4|8|4|4|0|4
1596,8,False,8,3,8,8|8|8|7|8|8|8|8|8|8|8|7|8|7|8
1597,0,True,2,6,0,0|0|0|2|0|2|0|6|0|0|0|2|6|2|0
1611,2,True,3,3,2,3|2|3|2|2|2|2|2|6|2|2|2|2|2|2
1632,0,True,7,15,7,3|8|5|7|7|1|7|5|3|7|7|5|7|7|7
1654,6,True,3,14,3,3|3|3|3|3|3|3|3|3|2|3|3|3|3|6
1660,9,True,4,12,4,4|4|4|4|4|4|9|4|9|4|4|4|9|2|4
1680,6,True,1,14,0,1|0|0|0|3|1|0|1|0|1|0|1|6|0|1
1693,2,True,3,15,3,3|3|3|3|3|3|6|3|3|3|3|3|3|3|3
1712,9,True,8,15,8,8|8|8|7|8|8|8|8|8|8|8|8|8|8|8
1724,1,False,1,5,1,0|1|0|1|0|0|1|1|1|1|1|1|1|0|1
1739,6,False,6,14,4,4|6|9|4|4|4|9|4|4|4|4|9|4|4|4
1745,6,False,6,1,6,6|6|6|6|6|6|6|4|6|6|6|6|6|6|6
1804,6,True,2,13,2,0|2|2|6|2|0|2|4|3|3|2|2|6|4|2
1817,8,False,8,5,8,3|3|8|8|8|3|2|8|8|8|8|8|8|3|8
1834,0,True,2,6,0,0|0|0|0|0|0|6|2|0|0|0|2|2|2|4
1835,1,True,5,13,5,7|5|1|5|5|5|5|5|1|5|5|5|5|5|5
1837,0,False,0,14,6,6|6|0|6|6|6|6|6|6|6|6|6|6|6|6
1849,4,True,6,15,6,6|6|6|6|6|6|6|6|6|6|6|6|6|6|6
1885,9,True,4,8,9,9|8|9|4|4|4|9|9|9|9|4|9|1|2|1
1905,5,False,5,9,5,7|5|5|7|5|1|9|7|7|5|5|9|9|5|9
1922,0,True,1,15,1,1|1|1|7|7|1|4|1|1|1|7|1|1|7|1
1944,7,False,7,7,7,7|4|7|7|7|3|9|4|4|7|7|3|7|4|7
1981,4,False,4,5,4,9|4|9|2|4|4|9|4|4|4|4|9|4|4|4
2022,9,True,7,8,9,7|9|5|7|7|9|9|7|9|9|7|9|9|5|7
2028,7,True,1,10,1,1|1|1|7|7|7|4|1|1|1|7|1|1|7|1
2038,9,False,9,9,-1,9|5|5|9|2|2|2|2|7|9|2|9|9|2|9
2045,9,True,4,14,3,9|0|4|3|2|3|0|6|4|6|4|3|1|3|0
2054,7,True,8,12,8,8|8|8|7|8|8|8|8|7|8|7|8|8|8|8
2062,6,True,0,11,6,2|1|6|4|4|3|6|8|2|8|6|3|4|6|3
2066,1,False,1,3,1,1|1|1|1|7|1|4|4|1|1|1|1|1|1|1
2109,2,False,2,12,0,0|0|0|6|0|6|9|0|2|0|0|2|6|2|0
2138,0,False,0,10,6,0|6|6|0|7|6|5|6|0|2|6|0|6|6|0
2144,4,True,6,13,0,0|6|0|2|4|2|0|6|4|0|0|0|2|2|0
2165,3,False,3,6,3,3|3|3|3|2|3|2|3|3|2|3|2|2|3|2
2176,6,True,1,15,1,1|1|1|1|1|1|7|1|1|1|1|1|1|7|1
2192,2,False,2,14,0,0|1|0|0|4|0|2|0|0|8|8|0|4|0|4
2196,8,False,8,3,8,8|8|8|8|8|1|8|1|1|8|8|8|8|8|8
2209,9,True,7,14,7,7|7|7|7|7|7|7|7|7|7|7|7|9|7|7
2219,7,True,1,15,1,1|0|1|1|0|1|4|1|1|1|1|1|1|1|1
2270,6,True,3,15,3,3|3|2|2|3|3|2|3|3|2|3|2|2|3|2
2276,2,False,2,15,4,9|4|9|4|4|4|4|4|4|4|4|4|4|4|4
2311,9,True,4,9,4,9|4|9|4|4|9|9|4|4|4|4|9|9|4|4
2313,6,True,2,10,4,6|6|2|4|6|0|2|3|4|4|4|6|4|4|6
2344,1,False,1,2,1,1|0|1|1|1|1|6|1|1|1|1|1|1|1|1
2349,3,False,3,7,3,3|3|2|2|3|3|2|3|3|2|3|2|2|2|3
2356,2,True,9,15,5,5|5|5|5|5|5|5|5|9|5|5|5|5|5|5
2360,6,True,3,14,3,3|0|3|3|3|2|6|2|3|2|3|3|2|3|3
2367,6,True,0,2,6,6|6|0|6|6|6|6|6|0|6|6|6|6|6|6
2392,5,False,5,8,5,5|8|3|2|2|5|2|5|7|5|5|5|9|2|5
2393,1,True,8,15,8,8|8|8|8|8|8|8|8|4|8|3|8|8|8|8
2397,6,True,2,14,9,9|3|9|9|9|6|4|3|4|3|4|9|2|4|9
2398,5,False,5,6,5,7|8|5|5|5|5|5|7|2|5|5|5|5|7|7
2430,8,False,8,6,8,8|8|8|3|8|3|3|3|8|8|3|8|8|8|3
2442,5,True,9,1,5,9|5|5|5|5|5|5|5|5|5|5|5|5|5|5
2448,7,True,5,10,5,7|5|5|5|7|5|5|5|7|5|7|7|5|5|2
2476,2,False,2,10,0,0|0|0|0|2|0|2|0|0|0|0|2|2|2|0
2481,5,False,5,7,5,1|5|5|5|5|1|1|1|5|5|5|1|5|3|1
2484,2,True,5,15,5,5|5|5|5|5|5|5|5|5|5|7|5|3|7|5
2518,1,False,1,6,1,1|0|1|7|1|1|4|1|0|1|1|1|6|0|1
2538,6,True,3,15,2,0|2|3|3|2|3|2|3|2|2|2|3|2|3|2
2539,4,False,4,10,4,1|3|3|1|4|1|6|3|4|4|0|7|1|4|4
2549,3,True,5,12,5,7|1|5|5|5|5|2|5|3|3|3|2|5|5|1
2551,5,False,5,10,2,2|2|5|2|5|5|5|2|2|2|2|5|2|2|2
2553,2,True,9,15,5,9|5|5|5|5|5|5|5|5|5|5|5|5|5|5
2559,9,False,9,14,5,5|5|5|5|5|5|9|5|5|5|5|5|5|5|5
2563,8,True,2,15,6,2|0|6|0|0|6|4|6|6|6|6|6|6|0|4
2568,3,True,4,15,4,4|4|9|0|4|4|4|2|4|4|4|9|9|4|4
2570,9,True,7,13,7,7|7|7|7|7|7|9|7|7|7|7|7|9|2|7
2574,7,True,5,11,5,7|5|5|5|5|5|5|7|7|5|5|3|5|5|7
2602,9,True,8,14,3,3|3|8|3|8|3|9|3|3|8|3|3|8|3|3
2622,8,False,8,1,8,8|8|8|8|8|8|8|8|8|8|8|8|8|7|8
2628,9,True,4,12,4,9|4|9|4|4|4|0|9|4|2|4|2|4|2|4
2631,2,True,7,13,7,7|7|7|7|7|7|7|7|7|7|7|2|2|7|7
2637,5,True,9,1,5,9|5|5|5|5|5|5|5|5|5|5|5|5|5|5
2650,6,False,6,15,0,0|0|0|0|0|0|4|0|0|0|0|0|2|0|4
2658,4,True,6,13,6,4|6|0|6|6|6|6|0|4|6|6|6|3|6|6
2680,4,False,4,10,9,9|4|9|9|9|9|4|9|9|4|4|9|9|9|4
2738,3,True,8,12,8,8|3|8|8|8|8|3|8|3|8|8|8|8|8|8
2740,9,False,9,14,-1,5|5|5|5|7|5|2|2|7|7|7|2|2|2|9
2761,8,False,8,3,8,8|8|8|3|8|8|3|8|8|8|8|3|8|8|8
2767,9,True,7,8,-1,7|9|9|7|9|5|9|7|9|9|7|7|9|7|7
2777,7,True,8,9,8,8|8|8|8|8|8|7|7|7|7|8|7|8|7|8
2795,0,False,0,13,6,6|6|0|6|6|6|6|6|6|6|0|6|6|6|6
2797,1,False,1,5,1,1|0|1|1|1|0|0|1|1|1|1|0|1|0|1
2803,1,True,3,15,3,6|3|4|3|3|3|2|3|3|8|4|3|3|2|3
2805,7,True,5,3,7,7|7|5|7|5|7|7|7|7|5|7|7|7|7|7
2816,4,False,4,5,4,6|4|9|6|4|1|2|4|4|4|4|4|4|4|4
2844,2,True,9,15,5,9|5|5|5|9|5|5|7|9|5|5|5|5|5|9
2851,9,False,9,13,5,9|5|5|5|5|5|5|5|9|5|5|5|5|5|5
2867,3,False,3,8,3,9|4|3|3|2|3|3|2|3|4|3|6|6|3|4
2876,2,False,2,7,2,0|0|2|0|2|0|2|0|2|2|0|2|2|0|2
2884,1,False,1,8,0,0|1|0|0|1|1|1|1|0|0|0|0|1|0|1
2888,0,True,2,7,0,0|2|0|0|2|0|0|2|2|0|0|2|2|0|2
2929,2,False,2,10,0,0|2|0|0|0|2|0|0|0|0|0|0|2|2|2
2937,3,False,3,7,3,1|2|3|1|3|3|3|3|0|3|2|3|2|2|3
2949,0,True,1,14,1,1|1|6|7|1|1|3|1|1|2|0|1|3|3|1
2975,6,True,0,11,-1,0|8|0|0|7|6|0|1|1|5|6|2|2|6|6
3041,6,True,0,3,6,0|6|0|6|0|6|6|6|6|6|6|6|6|6|6
3049,3,True,5,15,5,5|5|5|5|5|5|5|5|5|5|5|5|7|5|2
3068,9,True,7,9,7,7|7|7|9|9|1|9|7|9|7|9|7|9|7|7
3072,6,True,0,1,6,6|6|0|6|6|6|6|6|6|6|6|6|6|6|6
3076,0,False,0,10,6,0|6|0|6|6|0|6|6|0|6|0|6|6|6|6
3080,3,True,8,10,8,3|8|8|8|8|8|3|3|8|8|8|3|8|8|3
3093,2,True,3,9,-1,0|3|3|3|2|6|2|2|2|8|3|3|2|2|3
3112,3,True,5,13,5,5|7|5|5|5|5|3|5|3|5|5|5|5|5|5
3116,9,True,4,10,4,4|9|9|2|9|4|4|4|4|4|4|9|4|2|9
3117,6,True,3,13,2,3|2|3|2|2|3|2|6|3|2|3|3|2|6|2
3141,3,True,8,9,8,3|8|8|8|8|8|3|8|3|8|8|3|8|3|3
3185,9,True,8,14,8,8|8|8|8|8|8|7|8|8|8|8|8|9|8|8
3215,1,True,5,13,5,5|5|5|5|1|5|8|5|1|5|5|5|5|5|5
3222,3,False,3,6,3,3|3|3|3|2|3|3|3|3|2|3|2|2|2|2
3246,8,True,1,15,1,1|1|1|1|1|1|1|1|7|1|1|1|1|1|1
3253,2,True,3,10,2,3|2|3|2|0|6|2|3|3|0|1|2|4|6|2
3256,0,True,1,8,1,0|1|0|1|0|1|0|1|1|1|0|0|1|0|1
3279,0,True,1,14,1,1|0|1|1|1|1|1|1|1|1|1|1|1|1|1
3298,4,True,6,15,6,6|0|0|6|6|6|6|0|6|6|0|6|6|0|6
3311,1,True,3,14,4,4|6|0|4|4|4|4|1|4|4|6|4|4|6|6
3319,8,False,8,4,8,8|8|8|8|8|8|3|3|3|8|8|8|8|8|7
3327,5,True,9,4,5,9|9|5|5|5|5|5|5|9|5|5|9|5|5|5
3353,3,True,5,14,5,7|5|5|7|1|5|5|5|5|5|5|5|3|2|0
3372,9,True,7,15,7,7|8|7|7|7|5|2|7|5|5|7|7|5|7|2
3386,5,False,5,3,5,5|5|5|5|7|5|5|5|5|2|5|5|2|5|5
3387,3,True,8,12,8,8|8|8|8|8|8|3|8|8|8|8|3|8|3|8
3420,5,False,5,5,5,7|5|5|7|5|5|5|5|1|5|7|5|3|5|5
3427,6,True,2,14,2,0|8|2|2|2|5|2|2|2|2|4|2|6|2|9
3433,9,True,4,15,4,4|4|6|4|4|4|3|4|1|4|6|8|3|4|4
3442,2,True,3,5,2,3|3|2|2|2|3|2|3|2|2|2|3|2|2|2
3466,9,True,4,10,4,9|4|9|9|9|4|4|4|9|4|4|4|4|4|4
3517,2,True,7,13,7,7|7|7|2|7|7|6|7|7|7|2|7|8|7|7
3519,2,False,2,9,2,4|6|0|2|2|4|2|2|4|4|0|2|2|3|9
3523,7,True,8,11,8,7|8|8|8|8|5|8|8|7|8|7|7|8|8|9
3525,2,False,2,15,0,0|0|0|0|3|0|6|0|0|0|0|0|6|0|0
3579,1,False,1,8,-1,1|1|0|1|0|0|0|0|0|1|1|1|6|0|1
3594,8,False,8,5,8,8|8|3|8|5|8|3|8|0|8|8|8|2|8|8
3607,9,True,4,9,4,9|9|9|4|4|4|9|4|4|4|4|9|9|4|4
3652,9,False,9,13,5,5|5|5|5|5|5|9|5|9|5|5|5|5|5|5
3653,0,True,2,6,0,0|0|0|2|2|0|2|0|0|0|0|0|2|2|4
3698,4,False,4,3,4,4|4|9|9|4|4|9|4|4|4|4|4|4|4|4
3704,0,True,2,6,0,4|0|0|0|0|0|2|0|4|4|4|0|2|0|0
3724,1,False,1,5,1,1|1|1|7|7|1|1|1|7|1|7|1|1|7|1
3732,5,False,5,6,5,7|5|5|7|5|7|5|5|5|5|5|7|7|5|7
3765,3,True,2,15,4,9|4|9|2|4|4|0|6|9|4|2|9|2|2|4
3766,5,True,9,1,5,9|5|5|5|5|5|5|5|5|5|5|5|5|5|5
3770,1,True,3,15,2,3|3|3|3|2|2|2|3|3|2|2|2|2|3|2
3789,6,True,1,15,1,1|1|1|7|7|1|1|1|1|1|1|1|1|7|1
3796,9,True,4,10,4,4|9|9|9|4|4|9|4|4|4|4|9|4|4|4
3809,9,False,9,14,5,5|5|5|5|5|5|5|5|5|5|5|9|5|5|5
3816,8,False,8,2,8,8|8|8|3|8|8|8|8|8|8|8|3|8|8|8
3858,0,True,2,7,0,0|0|0|8|2|2|2|2|0|2|0|0|2|0|0
3867,9,True,7,14,7,7|8|7|9|7|3|6|7|7|7|7|7|7|7|7
3873,7,False,7,2,7,7|7|7|7|7|7|9|7|7|7|7|7|5|7|7
3874,6,True,0,8,0,0|6|0|6|6|0|0|6|0|0|0|0|6|6|6
3884,0,True,2,4,0,0|0|0|0|0|0|0|0|2|0|0|0|2|2|2
3894,8,False,8,3,8,8|8|8|8|7|8|7|8|7|8|8|8|8|8|8
3907,9,True,4,11,4,9|6|9|4|4|4|9|4|4|4|4|9|4|4|4
3922,0,False,0,9,6,6|0|0|0|6|6|6|0|6|0|0|6|6|6|6
3923,0,True,2,3,0,0|0|0|0|0|0|0|0|2|0|0|0|2|0|4
3932,1,True,8,11,-1,0|0|0|1|1|6|6|6|0|6|1|1|4|6|0
3953,0,True,1,7,0,1|1|0|0|0|0|0|1|0|1|0|1|1|0|1
3962,7,True,8,14,8,8|8|8|7|8|8|8|8|9|1|4|8|8|8|8
3966,6,True,0,3,6,0|6|0|6|6|6|6|6|6|0|6|6|6|6|6
3979,2,True,9,8,2,9|2|9|2|9|5|2|2|2|2|7|5|9|9|2
4004,7,True,1,15,1,0|1|1|1|1|1|1|1|1|1|1|1|1|1|1
4010,4,True,7,15,7,7|7|7|7|7|5|7|7|7|7|7|7|5|5|7
4022,9,False,9,13,5,9|5|5|5|5|5|9|5|5|5|5|5|5|5|5
4052,0,False,0,9,6,6|6|0|6|6|0|0|0|0|6|6|6|6|6|0
4069,0,True,2,10,-1,0|4|9|2|2|2|2|0|4|0|0|2|6|0|4
4078,4,True,6,8,4,0|4|0|0|4|2|4|4|4|4|0|0|2|0|4
4079,3,True,8,14,8,8|8|8|8|7|8|8|3|9|8|8|8|8|8|8
4080,0,True,1,10,1,1|1|0|1|0|1|1|1|1|1|0|0|1|0|1
4089,9,True,4,8,4,9|4|9|9|4|4|9|9|4|9|4|4|9|4|4
4128,3,False,3,5,3,3|3|3|3|2|3|3|3|2|2|3|3|2|3|2
4131,4,True,6,3,4,4|4|0|4|4|4|4|4|9|4|4|4|9|4|4
4135,3,False,3,7,3,6|6|3|2|3|6|3|3|3|2|6|3|3|3|6
4146,7,False,7,5,7,7|2|7|7|7|7|2|7|2|7|7|3|7|2|7
4164,8,False,8,9,8,8|8|8|7|5|2|8|5|9|2|7|8|9|0|8
4196,9,True,4,14,4,4|4|4|9|4|4|2|4|4|4|4|2|4|4|3
4218,1,False,1,6,1,1|1|0|0|1|0|0|1|1|1|1|0|1|0|1
4226,6,True,0,14,8,8|6|0|0|8|8|8|1|4|0|0|8|2|8|4
4261,0,False,0,11,6,0|6|0|0|6|0|6|6|6|6|6|6|6|6|6
4277,3,True,8,13,8,8|8|8|8|8|8|8|3|8|8|8|3|8|8|8
4280,4,False,4,6,4,9|4|6|6|4|4|9|4|4|9|4|4|9|4|4
4330,0,False,0,11,6,0|0|6|6|0|6|3|6|6|6|0|6|6|6|6
4332,6,False,6,13,4,0|6|0|4|4|0|6|4|4|2|0|2|4|0|4
4361,9,False,9,11,5,9|5|9|5|6|1|9|5|6|5|5|5|9|5|5
4376,3,True,8,9,8,3|3|8|8|8|8|3|8|3|8|8|3|8|8|3
4403,5,True,9,2,5,5|5|5|5|5|5|9|5|9|5|5|5|5|5|5
4404,5,True,6,14,8,2|8|8|3|2|3|2|4|3|8|8|5|8|8|8
4407,0,False,0,12,6,0|6|0|6|2|6|6|2|6|0|6|6|6|3|2
4418,9,True,4,12,4,4|6|9|6|4|6|9|4|9|4|4|4|8|4|4
4443,2,False,2,9,2,9|2|0|0|4|0|6|2|2|2|0|2|6|2|4
4444,2,True,3,8,-1,3|3|3|2|2|3|2|3|2|2|1|3|2|3|2
4445,2,False,2,14,8,8|8|8|8|2|7|8|8|1|8|0|8|9|4|4
4465,4,False,4,4,4,9|4|9|4|4|4|9|4|4|4|4|4|9|4|4
4467,9,True,4,14,4,0|3|8|4|4|8|9|8|4|4|4|4|4|4|4
4475,9,False,9,14,5,5|5|5|5|5|5|5|5|9|5|5|5|5|5|5
4476,2,True,7,14,7,7|7|7|7|7|7|9|7|7|7|7|3|7|2|7
4479,7,False,7,4,7,7|2|7|7|7|7|3|7|7|7|7|7|2|9|7
4498,0,True,2,9,2,0|0|0|2|4|0|2|2|0|2|0|2|2|2|4
4504,6,True,3,13,3,3|3|2|3|6|3|3|3|3|4|3|3|6|3|4
4512,9,True,7,15,-1,3|3|5|3|7|7|7|7|3|3|7|3|7|5|1
4558,0,False,0,8,0,0|0|0|0|6|6|6|2|6|0|0|2|6|6|0
4565,3,False,3,4,3,3|3|3|6|3|3|6|2|3|2|3|3|3|3|3
4585,6,True,0,1,6,6|6|6|6|6|6|6|6|6|6|6|0|6|6|6
4604,7,True,5,11,5,7|5|5|5|7|5|5|5|7|5|7|5|5|5|5
4624,6,False,6,15,4,8|4|2|3|4|2|3|8|4|8|4|9|2|3|4
4627,9,True,7,12,7,7|7|7|7|7|5|9|7|9|7|7|7|9|7|7
4650,9,True,7,10,7,7|7|9|7|7|7|9|7|9|9|7|7|9|7|7
4658,0,True,1,12,1,1|1|0|1|1|1|1|1|1|1|1|0|1|0|1
4664,1,False,1,5,1,1|1|1|7|7|1|4|1|1|1|7|1|1|7|1
4700,9,True,4,15,0,0|6|0|0|4|0|4|4|0|0|4|0|2|4|4
4767,1,False,1,2,1,1|1|1|1|7|1|6|1|1|1|1|1|1|1|1
4785,2,True,3,8,3,3|3|3|3|2|3|3|3|2|2|2|3|2|2|2
4799,9,True,7,14,7,7|7|5|9|7|1|7|7|5|5|7|7|2|7|7
4809,6,True,9,15,5,9|9|5|5|5|9|9|5|9|5|5|9|5|5|9
4828,4,False,4,6,4,4|2|0|4|4|6|4|4|4|8|4|2|4|4|1
4837,7,False,7,11,9,9|5|5|7|9|8|9|7|9|9|7|9|9|5|7
4844,9,False,9,12,5,7|5|5|5|2|5|9|2|9|5|5|5|5|9|2
4855,1,False,1,4,1,1|1|0|1|1|1|4|0|1|1|1|1|1|0|1
4882,9,True,6,15,-1,0|0|8|6|5|8|4|4|6|2|0|8|6|8|6
4904,1,False,1,2,1,1|1|1|7|1|1|1|1|1|1|1|1|1|7|1
4906,2,True,3,5,2,3|2|3|2|2|3|2|2|2|2|2|3|2|3|2
4929,9,True,4,7,9,9|4|9|9|9|4|4|9|9|4|4|4|9|2|9
4934,3,True,8,12,8,3|8|8|8|8|8|8|8|8|8|8|8|3|8|3
4938,0,True,2,8,0,0|0|0|2|2|0|2|6|2|0|0|0|6|4|4
4974,9,False,9,10,5,5|5|5|5|5|5|9|5|9|5|5|9|9|5|9
4982,0,True,1,12,1,1|1|0|1|1|1|0|7|1|1|1|1|1|0|1
4993,9,False,9,12,5,9|5|5|5|5|5|9|5|9|5|5|5|5|5|5
5041,4,True,6,5,4,0|0|0|4|4|4|4|2|3|4|4|4|4|4|4
5062,9,True,7,10,7,7|7|9|7|7|7|9|7|9|9|7|7|9|7|7
5074,6,True,0,4,6,6|6|0|6|6|0|6|6|0|0|6|6|6|6|6
5083,9,False,9,15,5,5|5|5|5|5|5|5|5|5|5|5|5|5|5|5
5092,5,False,5,8,7,7|5|5|7|7|5|7|7|7|5|5|7|5|5|7
5107,0,True,1,13,1,3|1|0|1|1|1|5|1|1|1|2|1|1|0|3
5113,1,False,1,5,1,1|1|1|7|1|1|7|1|7|1|7|1|1|7|1
5118,6,False,6,11,0,0|0|8|6|0|0|6|6|6|0|0|0|4|0|0
5121,2,True,3,10,3,3|3|3|2|3|3|3|3|3|2|3|6|2|2|2
5124,5,False,5,7,5,2|3|5|5|5|5|2|5|2|5|7|2|5|5|7
5125,3,False,3,5,3,3|3|3|3|3|3|2|2|2|2|3|3|2|3|3
5167,4,True,6,12,2,4|2|3|6|0|4|2|2|3|0|4|3|3|2|2
5204,7,True,1,14,1,1|1|1|7|1|1|1|1|1|1|1|1|1|1|1
5226,9,True,4,15,4,6|3|2|4|4|6|2|4|2|4|4|2|4|4|6
5230,2,False,2,12,0,0|0|0|2|0|0|0|2|0|0|0|0|6|2|6
5252,6,True,3,11,3,3|2|3|3|3|3|6|3|3|3|3|6|2|6|6
5284,4,True,6,10,6,6|6|6|6|4|4|6|4|6|6|6|6|4|4|6
5307,1,False,1,5,1,1|1|1|1|1|1|7|1|1|7|7|1|1|7|0
5325,6,True,9,15,5,5|5|5|5|5|5|9|5|5|5|5|5|5|5|5
5328,3,False,3,8,3,6|3|3|2|4|4|9|3|4|8|3|3|3|2|3
5337,9,True,8,15,8,8|8|8|8|8|8|8|8|8|8|8|8|8|8|8
5393,0,True,2,5,0,0|0|0|2|0|0|0|2|0|0|0|0|2|2|2
5396,6,True,1,15,1,1|1|1|7|1|1|1|1|1|1|0|1|1|1|1
5407,2,False,2,10,3,3|6|3|2|6|3|2|2|3|3|3|6|2|6|2
5452,9,True,7,13,7,7|8|7|7|5|7|9|7|9|1|7|6|8|7|7
5456,7,False,7,5,7,7|7|7|5|7|7|9|7|3|7|7|2|5|7|7
5476,0,True,2,8,0,0|0|0|6|2|6|0|4|4|2|0|3|4|0|0
5484,2,True,3,9,3,2|2|3|3|2|3|3|6|3|2|3|0|2|3|2
5488,9,True,8,15,8,8|8|8|8|8|8|8|1|8|8|8|8|8|8|1
5513,0,False,0,15,8,3|8|3|8|8|3|3|3|1|8|8|8|8|3|8
5516,8,False,8,6,8,8|8|8|8|8|1|1|1|1|8|8|8|1|8|1
5518,0,True,2,3,0,0|0|0|0|0|0|0|0|2|2|0|0|2|0|0
5529,9,True,7,15,7,7|2|7|7|7|7|2|7|7|7|7|7|7|7|7
5535,3,True,8,14,8,8|8|8|8|8|8|3|8|8|8|8|8|8|8|8
5553,6,True,4,11,-1,3|6|3|6|2|3|6|6|4|8|8|3|4|0|2
5560,1,False,1,13,3,1|2|8|3|3|3|9|8|0|1|8|2|4|3|3
5561,0,False,0,12,6,0|6|6|6|6|0|6|6|6|6|0|6|6|6|6
5575,1,True,5,12,5,7|1|1|5|5|5|5|5|1|8|5|5|5|5|5
5589,9,False,9,13,5,9|5|5|5|5|5|9|5|5|5|5|5|5|5|5
5598,4,True,6,11,0,0|0|0|0|4|0|6|0|0|4|4|0|2|0|4
5603,3,True,8,12,8,8|8|8|8|8|8|3|3|4|8|8|3|8|8|1
5607,9,False,9,14,5,5|5|5|5|5|5|9|5|5|5|5|5|5|5|5
5613,7,False,7,6,7,7|3|5|9|7|8|3|7|7|7|7|8|7|7|7
5619,1,True,8,14,8,8|8|8|7|8|8|1|8|8|8|8|8|8|8|8
5642,9,True,7,14,7,7|7|7|2|7|7|2|7|7|7|7|7|9|2|7
5657,1,False,1,6,1,1|0|0|1|1|0|1|1|0|1|0|1|1|0|1
5663,2,False,2,12,0,0|8|0|4|2|0|6|8|0|2|0|0|4|2|4
5682,1,True,5,10,1,5|1|8|7|2|1|3|3|5|5|7|1|1|2|1
5738,4,False,4,10,4,1|6|6|6|4|1|9|3|9|4|4|3|4|4|7
5773,0,True,2,8,0,0|3|0|2|8|0|2|0|6|0|0|0|2|4|4
5787,5,True,9,11,7,7|5|5|9|7|5|7|7|7|9|7|9|9|5|7
5800,9,True,7,9,7,7|9|9|9|7|7|7|5|9|7|7|9|9|7|7
5814,5,False,5,6,5,7|1|5|1|5|5|5|1|1|5|5|5|5|5|1
5833,6,False,6,15,4,4|4|4|4|4|4|4|4|9|4|4|4|4|4|4
5834,9,False,9,14,5,5|5|5|5|5|5|5|5|9|5|5|5|5|5|5
5839,3,True,8,13,8,3|8|8|8|8|8|8|3|8|8|8|8|8|8|8
5865,3,False,3,6,3,3|3|3|8|2|2|3|3|3|8|3|3|2|3|1
5906,2,True,3,12,3,3|3|3|3|2|3|3|3|2|3|3|3|2|3|3
5928,7,True,8,12,8,8|8|8|8|8|3|7|3|3|8|8|3|7|8|7
5934,5,False,5,6,5,3|5|5|2|7|5|3|5|5|5|7|5|5|5|2
5957,8,False,8,4,8,8|8|8|8|8|1|7|1|8|8|8|8|1|8|8
5964,6,True,0,4,6,6|6|0|6|6|6|0|0|0|6|6|6|6|6|6
5965,3,False,3,2,3,3|3|3|6|3|3|3|3|3|3|3|3|3|6|3
5984,0,True,1,13,1,1|1|1|1|1|1|0|1|1|1|0|1|1|1|1
5992,5,True,9,2,5,9|5|5|5|5|5|9|5|5|5|5|5|5|5|5
5996,8,False,8,14,4,4|0|0|4|4|4|6|4|6|8|0|4|4|6|6
6033,2,True,9,10,9,5|5|9|9|2|7|2|2|2|9|7|9|9|9|2
6057,7,True,5,14,5,5|5|5|5|5|5|5|5|1|5|7|5|9|5|5
6078,0,False,0,11,6,6|6|0|6|6|6|6|0|0|6|6|6|6|6|0
6086,2,True,3,8,3,3|3|3|2|2|3|2|2|2|3|3|3|2|2|3
6091,7,True,5,11,5,5|5|5|7|5|5|5|7|2|5|7|5|5|7|5
6092,8,False,8,0,8,8|8|8|8|8|8|8|8|8|8|8|8|8|8|8
6119,9,False,9,14,5,9|5|5|5|5|5|5|5|5|5|5|5|5|5|5
6148,9,True,4,10,4,4|8|4|4|4|9|4|4|9|9|4|9|9|4|4
6174,0,True,1,8,1,1|1|1|0|0|1|0|1|0|1|0|0|1|0|1
6221,6,False,6,11,4,4|0|9|4|4|4|6|6|4|6|6|9|4|4|4
6222,7,False,7,1,7,7|7|7|7|7|7|7|7|7|7|7|7|9|7|7
6240,6,True,3,15,3,3|3|3|2|2|3|3|3|3|2|3|3|3|2|3
6275,9,True,6,15,4,7|0|6|6|8|8|4|8|3|0|4|3|4|4|0
6290,6,True,0,7,6,0|0|6|0|6|0|0|0|6|6|0|6|6|6|6
6293,0,True,2,12,2,0|6|3|0|2|2|0|2|2|4|4|4|2|3|1
6312,6,True,3,14,3,3|3|3|3|3|3|6|3|3|2|3|3|2|3|3
6330,0,True,1,13,2,2|0|0|2|2|7|2|1|4|5|4|5|6|9|4
6335,2,True,3,5,2,3|3|2|3|2|3|2|3|2|2|2|2|2|2|2
6404,3,True,2,15,6,6|6|6|2|4|6|2|4|6|6|4|6|4|4|4
6408,4,True,7,14,7,7|7|7|7|7|7|4|7|7|7|7|8|5|7|7
6420,4,True,6,1,4,4|6|4|4|4|4|4|4|4|4|4|4|4|4|4
6422,9,False,9,10,2,9|5|9|2|2|5|2|2|2|2|7|9|2|9|9
6423,6,False,6,13,4,4|2|0|4|4|4|2|4|4|6|4|4|4|4|6
6424,0,True,1,14,4,1|0|1|6|1|1|7|4|4|4|4|3|4|4|1
6429,4,False,4,2,4,4|4|4|4|4|4|4|4|9|4|4|6|4|4|4
6434,6,True,0,5,6,0|6|0|6|6|6|6|4|4|6|6|8|6|6|6
6435,0,True,2,15,-1,1|3|1|2|2|2|2|3|1|3|3|2|3|8|1
6458,4,False,4,9,4,0|6|2|2|2|4|4|4|3|0|8|4|2|4|4
6479,9,True,7,5,9,7|9|9|9|9|5|9|9|9|7|7|9|9|7|9
6493,0,True,2,12,2,0|0|9|0|2|8|2|9|2|4|9|4|2|2|4
6501,1,False,1,3,1,1|1|1|1|1|1|0|0|1|1|1|1|1|0|1
6517,0,True,5,15,7,1|5|5|7|7|6|3|2|7|2|7|7|8|8|4
6569,0,True,4,15,4,8|6|9|6|4|4|2|8|9|4|4|6|4|6|4
6589,2,True,3,9,3,3|2|3|3|3|3|2|3|6|2|3|3|2|2|2
6602,6,True,0,12,0,0|8|0|4|8|6|2|8|0|7|0|2|6|2|6
6619,9,True,4,5,9,9|4|9|9|9|9|9|4|9|4|9|4|9|4|9
6621,4,True,6,12,6,6|6|0|6|4|6|6|4|4|6|6|6|6|6|6
6624,0,True,2,10,2,0|2|0|4|2|2|2|0|2|0|0|2|2|4|4
6626,5,True,9,9,9,9|9|5|9|5|5|2|9|9|5|7|9|9|5|5
6627,7,False,7,12,9,9|9|5|9|9|7|9|7|9|9|9|9|9|9|7
6635,5,True,9,1,5,5|5|5|5|5|5|5|5|9|5|5|5|5|5|5
6644,0,True,1,14,1,1|1|1|1|1|0|7|1|7|1|1|1|1|1|1
6645,2,False,2,11,0,0|2|0|0|2|0|0|2|2|0|0|0|6|0|4
6660,6,True,0,3,6,0|6|0|6|6|6|6|6|6|0|6|6|6|6|6
6689,8,False,8,0,8,8|8|8|8|8|8|8|8|8|8|8|8|8|8|8
6698,7,False,7,2,7,7|7|9|7|9|7|7|7|7|7|7|7|7|7|7
6707,5,False,5,11,7,7|7|5|7|7|5|2|5|3|6|5|7|7|7|1
6713,4,True,6,11,6,4|6|0|4|6|6|6|6|6|6|4|6|4|6|6
6744,0,False,0,13,-1,0|8|5|2|2|3|7|8|8|2|7|5|3|3|0
6750,4,False,4,7,4,9|4|9|4|9|4|9|4|4|4|4|9|9|4|9
6752,2,True,5,14,5,7|5|5|5|1|5|2|5|7|5|7|5|5|7|7
6753,0,False,0,14,6,6|6|6|6|6|6|6|0|6|6|6|6|6|6|6
6774,5,False,5,7,5,2|5|5|3|7|5|3|5|5|5|7|5|3|5|0
6781,4,True,6,13,6,6|6|6|6|4|6|0|6|6|6|4|6|6|6|6
6800,7,True,8,14,8,8|8|8|8|8|8|7|6|1|8|8|8|8|8|8
6831,8,False,8,4,8,8|8|8|8|8|7|7|7|8|6|8|8|8|8|8
6837,1,False,1,6,1,1|1|0|0|0|1|0|1|0|1|1|1|1|0|1
6842,5,True,9,10,9,9|9|9|5|5|5|2|2|5|9|5|2|9|9|9
6843,5,False,5,8,2,2|5|5|5|2|5|2|2|2|5|5|2|2|2|5
6845,7,True,1,15,2,1|1|2|6|2|1|6|3|0|6|0|3|3|2|2
6852,2,False,2,10,2,4|2|3|4|6|2|2|4|3|8|2|6|4|2|3
6869,1,False,1,9,0,0|1|0|1|0|1|1|0|0|0|1|0|0|0|1
6877,9,False,9,13,5,9|5|5|5|6|5|5|5|9|5|5|5|5|5|5
6903,9,False,9,15,5,5|5|5|5|5|5|5|5|5|5|5|5|5|5|5
6904,0,True,1,10,1,1|0|0|1|1|1|1|1|0|1|1|0|1|0|1
6938,2,False,2,12,0,0|0|2|0|4|0|0|6|0|0|0|2|2|0|5
6963,7,False,7,10,9,7|2|9|7|9|8|9|7|2|9|7|9|9|7|9
6976,0,True,2,4,0,0|0|0|0|0|0|4|6|0|0|0|0|6|2|0
6987,6,True,7,15,7,7|7|7|9|9|7|9|7|7|7|7|7|9|7|7
7000,5,True,9,3,5,9|5|5|5|5|5|9|5|9|5|5|5|5|5|5
7003,8,False,8,3,8,8|8|8|8|8|8|8|3|8|3|8|8|8|3|8
7004,1,False,1,1,1,1|1|1|1|1|1|1|1|1|1|1|1|1|0|1
7041,4,True,6,14,6,6|0|0|0|4|0|6|6|6|6|6|6|6|6|0
7045,9,True,7,15,7,7|7|7|5|1|1|7|7|3|7|7|7|7|7|3
7054,2,True,3,6,2,3|2|2|2|2|3|6|2|2|2|3|3|2|2|6
7056,0,True,1,10,1,0|0|0|1|0|1|1|1|1|1|1|1|1|0|1
7068,5,True,9,6,5,9|5|5|5|2|5|9|9|9|5|5|5|9|5|5
7116,6,True,0,4,6,2|6|9|6|6|8|6|6|6|6|8|6|6|6|6
7140,5,False,5,9,-1,7|7|5|5|5|5|7|5|2|7|7|3|3|5|7
7141,6,True,3,11,4,3|6|0|6|2|6|9|4|3|4|4|6|4|4|3
7143,6,False,6,12,4,0|6|2|4|4|3|4|4|4|4|4|6|0|6|4
7144,8,True,2,13,2,0|8|8|2|0|0|2|6|0|2|0|2|2|2|4
7177,8,False,8,7,8,8|1|8|7|8|8|6|7|8|8|7|5|8|2|8
7184,2,True,3,10,3,3|3|3|3|6|3|2|2|2|2|3|3|2|3|3
7186,1,False,1,0,1,1|1|1|1|1|1|1|1|1|1|1|1|1|1|1
7187,7,False,7,2,7,7|7|7|7|7|7|7|7|7|7|7|2|2|7|7
7196,1,True,8,13,8,8|8|8|7|8|8|1|1|8|8|8|8|8|8|8
7209,6,False,6,14,4,4|4|9|4|4|4|4|4|4|4|4|9|6|4|9
7213,2,True,9,15,5,1|8|5|7|5|5|4|5|1|6|7|5|7|5|6
7224,1,True,5,14,5,5|8|5|5|5|5|9|5|5|1|5|5|5|5|2
7298,3,False,3,10,-1,0|2|3|2|3|2|3|0|3|2|6|2|6|3|4
7299,6,True,0,7,6,1|6|0|6|6|0|6|0|6|6|6|0|2|6|0
7302,7,True,5,11,5,5|5|5|9|7|5|5|5|5|5|7|7|9|5|7
7314,9,True,7,12,7,7|7|9|7|9|8|6|7|7|7|7|7|7|9|7
7332,9,False,9,13,5,5|5|5|5|5|5|9|5|9|5|5|5|5|5|5
7343,6,True,0,13,3,2|3|2|3|2|3|3|6|0|6|3|2|2|3|0
7349,2,True,7,14,7,7|7|5|7|5|7|7|7|9|7|7|7|2|7|5
7362,1,True,4,13,8,8|1|8|7|8|8|6|8|1|8|8|8|9|8|8
7366,4,True,6,11,4,6|6|0|6|0|5|3|9|4|2|4|4|2|2|4
7411,4,True,6,8,4,4|6|0|6|4|4|4|4|6|4|0|3|6|6|4
7426,6,True,0,12,0,0|0|0|0|0|2|6|0|0|2|2|0|6|0|6
7452,1,True,5,10,-1,7|1|7|5|5|5|1|1|1|1|5|3|5|3|2
7453,2,True,5,15,5,7|5|1|3|5|5|5|5|1|8|5|8|7|5|3
7460,6,True,3,8,6,6|6|3|3|3|6|6|4|0|3|3|2|6|6|6
7465,6,True,0,2,6,6|6|0|6|6|6|0|6|6|6|6|6|6|6|6
7468,5,True,9,5,5,5|5|5|5|9|5|2|5|9|5|5|5|9|9|5
7479,5,True,9,0,5,5|5|5|5|5|5|5|5|5|5|5|5|5|5|5
7484,6,True,0,6,6,0|6|0|2|6|8|6|6|4|6|0|6|6|6|6
7493,9,False,9,15,5,5|5|5|5|5|5|5|5|5|5|5|5|5|5|5
7496,9,False,9,13,5,9|5|5|5|5|5|5|5|9|5|5|5|5|5|5
7505,7,True,2,15,-1,2|2|0|6|4|8|6|2|0|8|0|2|6|4|0
7507,6,True,3,14,3,3|3|2|3|3|3|2|3|3|2|3|6|2|2|3
7513,6,True,0,9,6,6|6|8|6|3|3|6|1|1|8|3|2|6|6|0
7532,3,True,8,11,8,8|3|8|8|8|8|8|8|3|8|3|8|8|3|8
7570,2,False,2,13,4,9|4|0|0|4|4|4|4|3|2|4|3|4|2|4
7571,8,False,8,3,8,8|8|8|8|8|8|8|4|9|8|8|8|8|8|3
7573,5,False,5,9,5,1|5|5|1|5|1|5|5|1|8|3|1|3|5|2
7579,2,False,2,8,2,2|6|2|2|6|3|2|3|2|8|2|4|2|3|6
7580,5,True,9,1,5,9|5|5|5|5|5|5|5|5|5|5|5|5|5|5
7603,6,False,6,15,4,4|4|4|4|4|4|4|4|4|4|4|9|4|4|4
7615,5,True,9,1,5,9|5|5|5|5|5|5|5|5|5|5|5|5|5|5
7625,3,True,5,14,5,5|8|0|5|5|2|6|3|5|5|5|5|7|5|5
7636,4,True,6,13,-1,1|2|2|6|3|2|4|0|1|1|0|0|4|2|0
7643,5,False,5,6,5,5|5|5|5|7|3|2|5|7|5|7|7|5|5|5
7660,3,True,4,15,2,0|8|0|2|2|2|9|4|4|4|4|0|2|0|2
7665,3,True,7,14,7,7|7|7|7|7|7|3|7|7|7|7|7|7|7|7
7677,6,False,6,7,6,0|6|6|6|0|0|8|6|4|6|6|6|6|4|0
7706,7,False,7,3,7,7|7|7|3|9|7|2|7|7|7|7|7|7|7|7
7724,7,False,7,3,7,7|7|7|7|7|1|9|7|7|7|7|7|9|7|7
7738,3,True,8,12,8,8|3|8|3|8|8|3|8|8|8|8|8|8|8|8
7749,0,True,1,10,1,1|1|0|1|0|1|0|1|1|1|0|1|1|0|1
7776,9,True,7,9,9,9|7|5|7|5|7|7|5|9|9|9|5|9|9|5
7779,7,True,1,15,1,1|1|0|1|0|1|0|1|1|1|0|0|1|0|1
7786,1,False,1,1,1,1|1|1|1|1|1|1|1|1|1|1|1|1|7|1
7800,6,True,0,12,-1,8|0|3|6|0|3|6|1|1|2|4|0|7|4|6
7811,3,False,3,8,2,3|3|3|2|2|3|2|2|3|2|3|3|2|2|2
7841,4,True,6,14,6,6|6|6|6|2|6|6|1|6|2|0|6|6|6|4
7843,4,False,4,13,0,0|0|0|2|4|0|2|2|4|2|0|2|6|0|0
7847,8,True,5,15,5,7|7|5|5|5|5|7|5|7|5|5|5|5|7|7
7885,9,True,4,10,4,9|4|9|4|4|4|9|4|4|9|4|9|4|4|4
7919,4,False,4,8,4,6|8|6|8|2|0|4|4|4|2|4|4|4|4|1
7931,1,False,1,4,1,1|4|1|1|7|1|1|1|4|1|1|1|1|7|1
7937,7,False,7,4,7,7|2|7|7|7|7|9|7|9|7|7|3|7|7|7
7940,6,True,1,15,1,1|1|1|7|1|7|1|1|1|1|0|1|1|0|1
7952,9,True,4,14,1,1|0|5|0|3|4|1|1|4|4|4|1|1|1|9
7961,6,True,0,2,6,6|6|0|6|6|6|6|4|6|6|6|6|6|6|6
7964,2,True,5,15,7,7|7|8|7|7|7|7|5|7|1|8|9|8|5|7
7973,6,True,3,10,3,6|6|3|2|3|3|7|3|3|6|6|3|6|3|2
7976,6,False,6,12,4,4|4|4|6|4|4|6|4|4|4|4|9|6|4|4
7980,6,True,0,2,6,6|6|0|6|6|6|0|6|6|6|6|6|6|6|6
8006,2,False,2,12,4,0|0|9|4|4|4|2|4|4|4|4|2|4|2|4
8020,4,False,4,4,4,6|4|4|6|4|4|4|4|9|4|4|6|4|4|4
8033,2,True,3,13,3,9|3|6|6|4|3|2|3|4|4|3|3|3|6|2
8040,8,True,6,14,6,8|6|0|6|6|6|6|0|4|6|6|6|6|6|6
8046,9,False,9,14,5,5|5|5|5|5|5|5|5|9|5|5|5|5|5|5
8078,6,True,0,7,6,6|6|0|6|0|6|6|6|0|0|0|0|6|6|0
8085,9,True,4,9,4,9|9|9|4|4|9|4|9|4|4|4|9|4|4|4
8101,3,True,7,15,7,9|7|7|7|7|5|7|7|9|7|7|7|9|7|7
8113,6,False,6,6,6,6|4|6|6|4|6|6|6|0|0|4|6|6|4|6
8139,9,False,9,13,5,9|5|5|5|5|5|5|5|9|5|5|5|5|5|5
8161,9,False,9,13,5,9|5|5|5|5|5|9|5|5|5|5|5|5|5|5
8171,3,True,5,12,5,7|2|5|7|7|3|9|5|8|3|0|5|3|5|0
8174,2,True,5,14,5,5|2|5|5|5|5|5|5|1|5|5|5|5|5|5
8226,6,False,6,12,4,4|4|6|4|4|6|4|4|4|4|4|6|4|4|4
8240,6,True,0,6,6,0|6|0|6|6|0|6|0|0|6|0|6|6|6|6
8244,0,True,3,12,3,0|3|0|3|3|3|6|2|3|3|0|6|2|3|3
8264,5,True,9,2,5,5|5|5|5|5|5|9|5|9|5|5|5|5|5|5
8268,9,False,9,13,5,9|5|5|5|5|5|9|5|5|5|5|5|5|5|5
8271,0,True,2,3,0,0|0|0|0|0|0|2|0|0|0|0|0|2|2|0
8291,6,True,3,12,-1,3|3|2|3|2|7|6|0|6|2|3|2|2|6|3
8293,5,True,9,0,5,5|5|5|5|5|5|5|5|5|5|5|5|5|5|5
8301,8,False,8,3,8,8|8|8|8|8|8|5|1|8|8|8|8|8|8|1
8336,3,True,2,11,4,4|3|3|3|0|2|2|4|4|8|4|1|4|3|2
8373,4,True,6,1,4,4|4|9|4|4|4|4|4|4|4|4|4|4|4|4
8374,3,True,8,11,8,8|8|8|3|8|3|8|3|8|8|8|8|8|3|8
8378,2,True,3,11,3,3|3|3|3|1|3|2|3|2|2|2|3|3|3|3
8381,9,True,7,12,7,7|7|9|9|7|7|7|7|7|7|7|7|9|7|7
8424,3,True,7,11,7,7|2|3|9|7|3|7|3|7|7|7|3|7|7|7
8437,3,True,8,12,8,8|8|8|3|8|8|8|8|3|8|8|8|8|3|8
8444,5,True,9,1,5,5|5|5|5|5|5|9|5|5|5|5|5|5|5|5
8461,7,False,7,6,7,7|7|7|5|7|5|9|7|3|7|5|7|9|7|7
8487,0,False,0,15,8,8|7|8|8|8|2|6|8|2|8|6|3|5|6|8
8516,5,True,9,3,5,9|5|5|5|5|5|5|5|9|5|5|5|9|5|5
8520,9,True,6,14,4,9|4|4|4|4|2|4|2|4|4|6|4|4|4|4
8525,9,True,4,9,4,9|4|9|9|9|4|4|4|4|4|4|9|9|4|4
8528,3,False,3,5,3,3|3|2|2|3|6|3|3|3|6|3|3|2|3|3
8531,5,True,9,0,5,5|5|5|5|5|5|5|5|5|5|5|5|5|5|5
8565,2,False,2,7,2,0|2|2|2|2|0|8|8|2|0|8|2|2|2|0
8587,2,False,2,13,4,4|6|9|4|2|4|4|4|4|0|4|4|6|6|2
8603,6,True,2,15,2,2|2|2|2|2|2|2|2|2|2|2|2|2|2|2
8607,2,True,3,12,3,6|3|3|2|4|3|3|3|3|0|8|3|2|2|3
8608,7,True,8,12,8,8|8|8|7|8|8|7|1|8|8|8|8|8|7|8
8649,6,True,3,10,3,3|3|3|3|6|6|3|3|6|3|6|3|2|9|6
8650,4,True,6,14,1,0|6|8|7|4|0|0|1|1|1|5|6|1|7|6
8654,9,True,4,11,4,9|4|9|4|4|4|9|4|4|4|4|9|4|2|4
8657,6,False,6,12,4,4|6|4|6|4|4|4|4|4|4|4|6|4|4|4
8712,0,True,1,12,1,1|1|1|1|1|0|1|7|3|1|0|1|1|0|1
8720,5,True,9,4,5,5|5|5|5|5|5|9|5|9|5|5|9|9|5|5
8721,2,True,9,14,7,7|7|9|9|9|7|2|7|7|9|7|7|9|9|7
8727,9,True,7,11,7,7|7|9|7|7|1|9|7|9|9|7|7|7|7|7
8740,6,True,7,15,7,3|3|5|7|7|5|9|7|7|1|7|1|3|7|2
8754,7,False,7,8,9,9|7|9|9|9|9|7|7|9|9|7|7|9|7|7
8769,0,True,2,6,0,0|0|0|0|2|0|0|6|6|0|0|0|2|2|2
8782,2,True,3,12,3,3|6|3|6|3|2|6|3|3|2|3|6|6|3|2
8788,3,False,3,15,4,4|4|4|4|4|4|9|4|9|4|4|4|4|4|4
8795,6,False,6,15,4,9|9|4|4|4|4|2|4|4|4|4|9|4|4|4
8796,5,True,9,3,5,9|5|5|5|5|5|9|5|9|5|5|5|5|5|5
8808,1,False,1,5,1,1|0|2|3|1|1|1|1|1|1|1|1|6|0|1
8896,0,False,0,7,0,0|6|0|0|6|6|6|0|0|0|0|6|6|0|6
8934,5,True,9,2,5,9|5|5|5|5|5|5|5|9|5|5|5|5|5|5
8943,6,True,2,15,4,8|8|9|4|4|9|4|4|9|4|4|4|9|4|4
8968,6,True,7,15,-1,7|2|5|2|7|8|2|5|7|5|5|2|7|5|7
8989,3,True,5,15,5,7|5|5|5|7|1|1|5|1|5|5|5|5|5|5
9016,6,True,0,12,2,2|3|0|7|2|8|6|6|4|2|5|2|6|5|0
9020,1,False,1,2,1,1|1|1|1|1|1|4|1|1|1|1|1|1|7|1
9021,5,True,9,2,5,5|5|5|5|5|5|9|5|9|5|5|5|5|5|5
9036,6,True,3,13,3,3|6|3|3|3|2|2|2|3|2|1|3|2|6|7
9068,6,True,0,2,6,6|6|0|6|6|6|6|6|6|6|6|6|6|6|0
9072,9,True,4,15,4,4|4|4|4|4|4|4|4|4|4|4|4|4|4|4
9076,0,True,2,10,2,0|0|0|2|2|6|4|2|0|4|8|2|2|2|0
9078,1,False,1,6,1,1|1|1|7|7|1|7|7|1|1|7|1|1|7|1
9099,8,False,8,4,8,7|8|8|8|8|8|3|8|7|8|8|8|8|7|8
9112,4,True,6,11,0,0|8|0|0|4|4|4|4|3|2|0|6|6|6|0
9114,8,False,8,15,0,4|1|0|0|2|0|3|1|0|2|4|6|6|2|1
9117,5,False,5,8,5,5|5|5|7|7|5|2|5|7|6|5|7|5|7|2
9143,3,True,8,14,8,8|8|8|8|8|8|3|8|8|8|8|8|8|8|8
9149,1,True,5,15,7,7|7|7|7|7|5|7|5|7|6|7|7|6|7|7
9152,0,True,2,11,2,0|6|2|4|2|0|2|6|0|2|0|2|2|2|2
9175,7,False,7,1,7,7|7|7|7|7|7|7|7|7|3|7|7|7|7|7
9200,4,True,6,15,8,8|6|8|7|8|6|2|8|8|8|0|8|1|8|8
9202,3,False,3,8,2,3|3|3|2|2|3|2|3|3|2|2|3|2|2|2
9214,5,True,9,1,5,5|5|5|5|5|5|5|5|5|5|5|5|9|5|5
9221,0,False,0,12,6,0|6|0|6|6|6|6|6|6|6|0|6|6|6|6
9227,3,True,8,12,8,9|8|3|2|8|8|1|8|2|3|3|8|7|8|1
9232,3,False,3,10,-1,3|8|6|8|8|3|8|1|3|0|2|3|8|0|3
9234,9,True,4,13,4,9|4|8|2|8|4|2|4|8|4|4|8|9|0|4
9238,5,False,5,9,7,5|5|7|5|7|5|7|7|7|6|7|5|7|5|7
9244,6,True,1,14,1,7|6|1|1|1|1|1|1|1|1|1|1|1|7|1
9247,9,True,8,13,8,8|8|8|8|8|8|0|8|9|8|8|8|9|8|8
9249,0,False,0,10,6,6|6|0|0|5|3|6|0|6|0|6|6|6|0|6
9280,8,False,8,7,8,8|8|8|7|7|8|7|7|7|8|8|8|7|7|8
9290,4,True,5,15,7,5|7|5|7|7|7|5|5|2|7|5|5|3|7|7
9292,2,True,9,9,2,9|5|9|2|9|5|9|2|2|5|5|2|2|9|2
9311,7,False,7,4,7,7|7|7|7|5|7|9|4|8|7|7|7|7|7|7
9317,5,True,9,2,5,9|5|5|5|5|5|9|5|5|5|5|5|5|5|5
9329,6,True,3,12,3,6|3|2|3|3|3|6|3|0|3|3|6|2|3|3
9330,1,False,1,5,1,1|1|0|1|0|1|1|0|0|1|1|1|1|0|1
9343,6,True,0,2,6,6|6|6|6|6|6|0|6|6|6|0|6|6|6|6
9347,4,True,6,1,4,4|4|9|4|4|4|4|4|4|4|4|4|4|4|4
9362,9,True,4,14,4,0|4|9|4|4|4|4|4|4|4|4|4|4|4|4
9367,2,False,2,11,0,0|0|2|0|2|0|0|6|0|0|0|0|2|2|0
9375,0,True,2,10,-1,0|2|0|6|2|0|4|1|4|2|0|2|6|2|0
9395,0,True,2,5,0,0|0|0|0|0|0|0|2|0|0|0|2|2|2|2
9412,5,True,8,15,8,8|8|8|8|8|8|8|3|3|8|8|8|8|8|8
9421,2,True,3,12,3,2|6|3|3|6|3|2|0|3|0|0|3|4|2|3
9438,5,False,5,9,-1,5|1|5|1|1|5|2|1|1|5|5|5|1|3|2
9446,9,False,9,11,5,9|2|5|5|9|5|2|2|2|5|5|5|9|9|2
9447,3,True,2,14,4,4|6|4|4|4|4|8|8|3|4|4|9|2|4|2
9456,7,True,1,14,1,1|1|1|1|1|1|1|7|0|1|0|1|1|1|1
9460,2,False,2,12,0,0|0|0|2|2|0|6|0|0|0|0|0|2|4|0
9469,3,True,8,8,8,3|8|8|3|8|8|3|3|8|8|8|3|8|3|3
9482,2,True,9,8,2,9|2|9|2|9|5|2|9|9|2|5|2|9|2|2
9490,6,False,6,8,4,4|6|6|6|4|4|6|4|6|4|4|6|6|4|4
9504,5,True,9,1,5,5|5|5|5|5|5|9|5|5|5|5|5|5|5|5
9505,3,False,3,6,3,3|6|3|3|6|3|2|3|3|3|4|3|1|3|4
9519,0,False,0,9,6,0|6|0|0|4|6|6|0|6|0|0|6|6|6|6
9543,5,False,5,10,7,7|7|7|5|7|5|7|7|5|5|7|5|7|7|7
9565,3,False,3,7,3,3|8|3|2|3|3|2|3|3|2|2|2|2|3|3
9568,5,True,4,15,3,6|3|3|9|4|3|9|9|3|3|9|3|2|3|3
9570,2,False,2,12,0,0|0|0|2|0|0|0|0|0|0|0|2|2|0|0
9571,0,False,0,6,0,6|0|0|6|0|0|6|0|0|6|0|2|6|0|0
9581,9,True,7,14,7,7|4|7|7|4|7|7|7|8|7|7|7|9|7|7
9610,9,True,4,8,4,9|9|9|4|4|4|9|4|9|4|4|9|9|4|4
9629,1,True,8,11,8,8|1|8|1|8|8|8|1|1|8|8|8|8|8|8
9648,0,True,1,14,4,1|1|1|4|4|2|2|4|4|1|4|0|1|4|4
9653,8,False,8,4,8,8|8|8|8|8|8|7|8|7|8|8|7|8|7|8
9656,6,False,6,2,6,6|6|6|6|6|6|0|4|6|6|6|6|6|6|6
9664,2,False,2,7,2,0|2|0|2|2|2|2|0|2|4|4|2|2|4|4
9665,0,True,2,4,0,0|0|0|0|0|0|2|0|2|0|0|0|2|2|0
9671,5,True,9,3,5,9|5|5|5|5|5|5|5|9|5|5|9|5|5|5
9698,5,True,9,2,5,9|5|5|5|5|5|9|5|5|5|5|5|5|5|5
9704,0,True,1,13,1,1|1|1|1|1|1|0|1|1|1|0|1|3|1|1
9724,4,True,6,15,6,6|6|0|6|0|0|6|0|6|6|6|6|6|6|6
9731,7,False,7,2,7,7|7|7|2|7|7|7|7|7|7|7|7|2|7|7
9746,1,True,5,9,1,7|1|7|5|1|1|5|1|1|7|7|3|5|2|1
9759,3,False,3,11,3,8|6|6|2|0|2|5|3|3|8|4|6|2|3|3
9761,1,False,1,9,1,1|1|1|3|3|6|7|0|0|0|7|1|1|0|1
9775,6,True,0,3,6,0|6|0|6|6|6|6|6|6|6|0|6|6|6|6
9785,3,True,5,13,5,7|8|5|3|5|1|9|5|3|5|5|1|5|5|7
9803,7,True,1,6,7,7|7|1|7|7|1|7|1|1|1|7|7|1|7|7
9816,0,True,2,7,0,0|0|0|4|4|0|4|6|0|6|0|2|6|0|0
9817,0,True,2,8,0,0|6|0|0|4|0|0|4|2|6|6|2|6|0|0
9825,7,True,5,11,5,7|5|5|7|5|5|7|5|5|2|5|2|5|5|7
9827,7,True,1,8,1,1|1|1|7|7|1|7|7|7|1|7|1|1|7|1
9828,2,True,3,6,2,3|2|3|2|2|3|2|3|3|2|3|2|2|2|2
9834,3,True,5,15,5,7|8|5|1|5|1|5|5|1|9|5|5|5|5|2
9874,2,True,7,15,7,7|5|7|7|7|1|9|7|7|7|7|3|7|7|7
9880,1,True,5,10,5,1|1|7|5|7|5|5|5|1|3|3|1|5|5|1
9887,3,False,3,7,3,3|2|3|2|3|3|6|2|3|3|3|3|2|2|2
9894,2,False,2,9,-1,0|8|2|2|8|8|8|2|2|0|0|2|2|8|8
9913,6,True,2,14,-1,4|2|2|9|4|4|9|3|3|2|4|6|2|9|9
9926,2,True,3,5,2,3|3|2|2|2|2|2|3|3|2|2|3|2|2|2
9928,0,True,1,15,1,1|1|1|1|7|1|4|1|1|1|1|1|1|1|1
9936,5,True,9,2,5,5|9|5|5|5|5|9|5|5|5|5|5|5|5|5
9966,5,False,5,10,1,1|5|1|1|5|1|1|5|1|5|1|1|5|3|2
9997,6,True,0,6,6,6|6|0|6|4|6|6|0|6|6|6|0|6|0|4
10013,2,True,3,11,3,3|6|9|2|2|3|3|3|9|4|3|3|2|2|4
10014,5,True,9,2,5,5|5|5|5|5|5|9|5|9|5|5|5|5|5|5
10023,3,False,3,14,4,0|1|4|4|2|2|6|4|4|2|4|4|2|3|4
10025,2,True,5,7,2,7|8|5|2|5|2|2|2|2|5|5|2|2|5|2
10028,6,True,3,14,3,3|6|3|3|3|3|2|2|3|3|3|3|2|3|2
10041,0,True,1,11,1,0|0|1|1|1|1|4|1|1|1|1|1|1|0|0
10048,8,True,6,13,4,1|6|8|2|4|1|4|8|4|4|4|6|4|4|4
10102,9,True,7,12,7,7|7|7|7|7|7|9|7|7|9|7|7|9|7|7
10170,3,False,3,8,2,3|3|3|2|3|3|3|2|3|2|2|2|2|2|2
10173,5,True,9,1,5,5|5|5|5|5|5|9|5|5|5|5|5|5|5|5
10174,9,True,8,15,8,3|8|8|8|8|3|8|8|8|8|8|8|8|8|8
10182,5,True,9,1,5,5|5|5|5|5|5|9|5|5|5|5|5|5|5|5
10191,6,True,0,4,6,0|6|0|6|6|6|6|6|0|6|6|6|6|6|4
10192,2,True,3,13,3,7|0|3|3|2|0|9|0|1|3|1|2|4|3|3
10194,6,True,0,4,6,0|6|0|6|6|6|0|6|6|6|0|6|6|6|6
10200,4,False,4,5,4,9|4|9|4|4|4|4|4|4|4|4|9|9|4|9
10202,6,True,3,15,3,3|2|0|3|3|3|3|2|0|3|4|3|4|3|3
10207,9,True,7,9,7,7|7|7|7|7|7|7|7|9|7|9|9|9|9|9
10224,2,True,3,11,0,0|0|2|2|2|3|9|3|0|1|0|0|2|3|1
10228,3,False,3,7,3,3|8|3|3|3|0|2|2|3|3|8|8|3|4|3
10245,7,False,7,8,7,7|5|1|7|5|5|7|3|9|5|7|2|7|7|7
10251,2,True,5,14,5,7|8|5|7|1|5|6|5|3|5|7|2|5|5|7
10265,7,True,5,10,5,7|1|5|7|5|2|7|0|0|5|5|7|5|5|7
10296,3,False,3,11,4,6|3|6|6|4|3|3|3|4|0|4|2|4|2|4
10307,9,True,7,15,7,7|7|7|7|7|7|7|3|7|3|7|7|7|7|7
10372,0,True,2,10,-1,8|4|4|2|0|2|2|2|0|3|0|2|4|0|0
10376,5,False,5,6,5,9|5|5|7|5|5|5|7|7|5|7|5|5|5|7
10379,7,True,8,14,8,8|8|8|7|8|8|4|8|9|8|8|8|9|8|8
10386,0,True,1,12,1,0|1|1|1|1|0|1|1|1|1|1|1|1|0|1
10395,7,True,1,7,7,1|1|1|7|7|1|7|7|7|1|7|7|1|7|1
10404,7,False,7,4,7,7|7|7|9|7|3|7|7|7|7|7|7|9|2|7
10408,0,True,2,4,0,0|0|0|0|2|0|2|0|0|0|0|0|6|2|0
10433,2,True,5,15,5,3|7|5|7|5|5|5|7|1|5|5|3|7|5|0
10452,7,False,7,5,7,7|7|7|9|9|7|7|7|7|9|7|7|9|9|7
10481,3,True,2,15,2,2|0|2|2|2|0|4|2|0|2|0|2|2|0|2
10513,1,False,1,4,1,1|1|1|1|1|1|7|1|0|1|7|1|6|1|1
10517,3,False,3,6,3,3|3|2|3|3|3|2|3|3|2|2|3|3|2|2
10621,6,False,6,14,4,4|6|9|4|4|4|4|4|4|4|4|9|4|4|4
10622,4,True,6,1,4,4|4|4|4|4|4|9|4|4|4|4|4|4|4|4
10625,3,False,3,10,2,3|2|3|2|0|2|2|3|0|2|6|3|2|3|2
10641,4,False,4,3,4,4|6|4|4|4|4|4|4|9|4|4|4|4|2|4
10646,8,False,8,5,8,8|8|8|8|0|1|3|8|8|8|5|8|9|8|8
10676,6,True,0,11,-1,1|0|0|3|0|6|4|3|3|6|6|3|6|2|0
10704,1,False,1,7,1,1|3|0|1|3|0|8|1|1|1|1|1|6|0|1
10714,4,True,6,14,6,6|0|6|6|6|6|4|0|6|6|0|6|2|2|6
10715,9,True,7,15,7,7|3|7|3|5|1|7|7|1|5|7|7|7|5|7
10735,0,True,2,11,2,0|2|0|2|0|3|2|0|4|2|4|2|2|2|3
10737,5,False,5,7,5,1|1|5|5|5|1|1|1|1|5|5|5|5|5|1
10741,0,True,2,15,4,8|2|6|3|4|6|9|3|6|4|4|6|4|4|1
10742,8,False,8,2,8,8|8|8|8|8|8|3|8|3|8|8|8|8|8|8
10758,1,True,7,14,7,7|8|7|7|7|5|7|7|7|1|7|7|5|7|2
10765,6,True,0,15,8,8|8|8|8|3|3|8|8|9|8|8|8|2|8|8
10768,6,True,0,9,0,0|6|0|6|0|0|6|0|0|6|6|0|6|0|0
10803,9,False,9,14,5,9|5|5|5|5|5|5|5|5|5|5|5|5|5|5
10810,8,False,8,5,8,8|8|7|8|8|6|1|8|4|8|7|8|8|8|8
10816,4,False,4,2,4,4|4|4|2|4|4|3|4|4|4|4|4|4|4|4
10857,9,True,4,9,4,9|4|9|9|9|4|4|4|4|4|4|9|4|4|9
10860,3,True,8,11,8,8|8|8|3|8|8|8|8|3|8|8|3|8|3|8
10862,7,False,7,7,7,7|7|7|9|9|7|9|7|9|9|7|7|9|9|7
10866,2,True,3,13,3,3|0|6|3|3|0|2|2|3|8|3|6|1|3|0
10872,2,True,9,15,9,5|9|9|9|9|9|9|9|9|5|9|9|9|9|7
10888,6,False,6,15,4,9|4|0|9|4|4|9|4|4|4|4|9|4|4|4
10905,7,True,1,12,1,1|1|1|7|1|1|7|1|1|1|1|1|1|7|1
10908,9,True,4,15,4,8|3|0|4|4|3|8|4|4|4|4|3|4|6|4
10916,4,True,6,14,3,3|3|3|3|6|0|2|0|4|6|3|3|6|3|6
10929,4,False,4,3,4,4|4|4|9|4|4|4|4|9|4|4|9|4|4|4
10955,8,False,8,2,8,8|8|8|8|8|8|3|8|8|8|8|8|8|8|3
10959,5,False,5,3,5,7|5|5|5|5|5|6|5|1|5|5|5|5|5|5
10961,3,True,8,15,8,8|8|8|8|8|8|8|8|8|8|8|8|8|8|8
10980,7,True,1,8,1,7|7|1|7|1|1|1|7|7|1|1|7|1|7|1
10981,0,False,0,12,6,0|6|0|6|6|0|6|6|6|6|6|6|6|6|6
11001,0,True,2,10,2,0|2|0|2|2|0|2|3|2|0|0|2|2|2|4
11004,4,False,4,9,4,3|3|9|8|4|6|9|4|3|4|4|6|6|4|4
11018,5,True,9,1,5,5|5|5|5|5|5|9|5|5|5|5|5|5|5|5
11020,5,True,9,1,5,9|5|5|5|5|5|5|5|5|5|5|5|5|5|5
11036,6,True,0,13,4,5|0|1|5|9|5|4|3|4|6|4|1|4|4|6
11045,1,False,1,1,1,1|1|1|1|1|1|1|1|1|1|1|1|1|0|1
11058,6,True,0,14,8,8|8|8|8|8|8|0|6|9|8|8|8|4|8|8
11089,4,False,4,4,4,4|4|4|9|4|4|9|4|4|9|4|4|9|4|4
11127,9,True,4,14,4,4|4|4|4|4|4|9|4|4|4|4|4|4|4|4
11131,6,True,0,4,6,2|6|0|6|6|6|2|6|6|6|3|6|6|6|6
11134,9,True,4,12,4,9|4|9|9|4|4|4|4|4|4|4|4|4|4|4
11163,4,False,4,4,4,4|4|4|2|4|2|6|4|4|4|4|2|4|4|4
11164,4,True,6,11,0,0|6|0|4|4|0|4|2|4|0|8|8|8|2|0
11170,0,True,2,14,4,0|4|9|2|4|4|2|2|9|4|4|2|6|4|9
11181,0,False,0,12,6,0|6|0|6|6|6|6|6|0|6|6|6|6|6|6
11236,3,True,8,15,8,8|8|8|8|8|8|8|8|1|8|8|8|8|8|8
11259,6,False,6,1,6,6|0|6|6|6|6|6|6|6|6|6|6|6|6|6
11262,5,True,9,2,5,5|5|5|5|5|5|5|5|9|5|5|9|5|5|5
11269,1,False,1,0,1,1|1|1|1|1|1|1|1|1|1|1|1|1|1|1
11289,0,False,0,11,6,6|0|6|0|6|6|6|6|0|6|0|6|6|6|6
11291,3,False,3,7,3,3|3|3|2|6|3|2|3|3|2|6|3|2|3|2
11297,6,False,6,8,4,6|6|4|6|4|6|4|4|4|6|4|6|4|6|4
11307,5,True,9,12,9,9|9|9|7|9|5|5|7|9|5|7|9|9|9|9
11314,6,True,0,13,0,4|0|0|0|0|0|6|0|0|0|6|0|4|4|0
11319,5,False,5,6,5,5|7|5|5|7|5|5|7|5|5|7|5|5|7|7
11334,8,False,8,4,8,8|8|8|8|8|8|3|3|8|8|8|3|8|3|8
11360,0,True,2,8,0,0|0|0|0|0|2|2|2|2|0|4|2|2|0|4
11363,1,False,1,11,4,1|4|9|7|4|1|4|4|4|9|4|4|1|4|1
11392,6,False,6,14,4,9|4|9|4|4|4|9|4|6|4|4|9|4|4|4
11398,9,True,7,12,7,7|7|7|7|7|7|3|4|9|9|7|7|9|7|7
11402,6,True,0,12,-1,6|0|0|8|8|8|2|4|2|6|7|6|4|0|4
11409,2,False,2,8,2,8|0|0|4|2|6|2|2|2|0|8|2|2|2|3
11463,6,False,6,3,6,6|6|0|6|6|6|0|6|6|6|6|6|6|6|4
11508,1,False,1,3,1,1|1|1|1|1|1|0|0|1|1|0|1|1|1|1
11509,5,False,5,14,7,7|7|7|7|2|1|7|7|8|7|7|5|7|2|7
11534,0,False,0,12,6,0|6|6|6|2|0|7|3|1|7|0|3|2|6|1
11544,4,True,6,1,4,4|4|4|4|4|4|6|4|4|4|4|4|4|4|4
11558,1,True,5,12,5,5|8|5|5|5|1|5|5|1|5|5|1|5|5|2
11560,2,True,3,8,2,3|6|2|2|0|6|2|3|4|2|4|2|2|3|2
11563,5,False,5,10,7,3|5|7|7|7|1|5|3|7|5|7|5|5|8|7
11567,0,False,0,8,6,0|0|0|6|0|6|0|6|6|0|6|6|6|0|6
11570,8,False,8,10,3,8|8|3|3|8|8|7|3|4|6|3|3|6|8|3
11575,9,True,4,11,4,9|4|9|4|4|4|4|4|4|9|4|6|9|4|4
11578,3,False,3,6,3,3|3|3|3|2|3|3|3|3|2|3|2|2|2|2
11627,7,True,8,15,8,8|8|8|8|8|8|8|3|3|8|8|8|3|8|3
11630,2,True,3,14,3,3|3|3|3|0|3|3|3|3|3|3|3|3|3|2
11660,3,False,3,10,2,3|3|2|2|2|3|2|7|3|2|2|3|2|2|2
11675,8,True,1,14,1,1|1|1|1|1|1|8|1|1|1|7|1|1|0|1
11709,9,True,8,14,8,8|8|8|8|8|8|9|8|1|8|8|8|8|8|1
11730,2,False,2,8,2,0|2|6|3|4|2|8|9|2|2|4|3|2|2|2
11752,6,True,0,3,6,0|0|0|6|6|6|6|6|6|6|6|6|6|6|6
11773,5,True,9,3,5,9|5|5|5|5|5|5|5|9|5|5|9|5|5|5
11774,9,True,4,10,4,4|4|9|4|4|9|9|4|4|4|4|9|4|9|4
11842,9,True,4,9,4,9|9|9|4|9|4|9|4|4|4|4|9|4|4|4
11852,9,True,4,8,4,9|4|9|9|9|9|9|4|4|4|4|4|9|4|4
11860,3,True,5,15,5,5|5|5|5|5|5|2|5|1|5|5|5|5|5|1
11885,2,False,2,14,3,6|3|3|3|3|6|3|6|6|3|3|3|6|2|6
11891,7,True,1,14,0,1|2|0|0|8|1|1|7|2|0|0|0|1|6|2
11899,4,True,5,15,5,1|1|5|5|2|5|5|1|5|5|5|5|5|5|5
11906,0,True,2,10,2,0|0|8|2|2|0|0|2|2|2|0|2|2|2|4
11933,8,False,8,3,8,8|8|8|8|8|8|3|8|3|8|5|8|8|8|8
11946,9,True,7,15,7,7|7|7|7|7|7|3|7|7|2|7|7|7|7|7
11954,2,True,5,13,5,5|5|5|2|7|5|5|5|5|5|7|2|5|5|5
11961,1,False,1,3,1,1|1|1|1|1|1|4|1|1|1|7|1|1|0|1
11976,4,True,1,14,1,1|1|1|1|1|1|7|1|4|1|1|1|1|7|1
11980,4,True,6,1,4,4|4|4|4|4|4|4|4|6|4|4|4|4|4|4
11988,2,True,9,8,2,9|2|9|2|9|6|9|2|9|2|9|2|2|7|2
11993,4,False,4,1,4,4|4|4|4|4|4|4|4|4|4|4|6|4|4|4
12005,5,False,5,9,-1,7|7|5|7|7|5|7|5|5|2|2|1|5|5|7
12028,6,False,6,4,6,6|6|0|6|6|0|6|0|6|6|6|6|6|6|4
12035,8,True,6,15,4,4|6|0|6|4|4|9|4|4|4|4|3|4|6|4
12039,7,True,1,15,1,1|1|0|1|1|1|1|1|1|1|0|0|1|0|1
12048,6,False,6,15,0,0|0|0|0|0|5|2|4|0|2|0|2|2|0|1
12093,4,False,4,8,4,2|6|8|8|2|4|9|9|2|4|4|4|4|4|4
12102,1,True,4,15,4,6|3|6|6|2|4|4|4|9|2|4|8|4|4|4
12128,1,True,5,13,-1,7|1|7|7|7|5|5|5|7|1|5|7|5|5|3
12134,9,True,4,9,4,0|4|9|9|4|4|9|4|9|4|4|4|9|4|9
12139,7,True,1,15,1,1|1|1|1|1|1|1|1|1|1|0|1|1|0|1
12153,6,False,6,13,4,4|6|4|4|4|4|6|4|4|4|4|4|4|4|4
12165,9,True,4,12,2,9|6|9|2|2|2|4|6|4|2|4|4|2|9|2
12199,0,True,2,7,0,0|0|2|2|0|0|2|2|0|2|0|0|2|2|0
12201,8,False,8,2,8,8|8|8|7|8|8|8|8|8|8|8|8|9|8|8
12229,4,False,4,11,0,0|0|0|2|4|0|2|6|4|4|0|2|2|0|4
12247,4,True,6,4,4,4|6|9|4|4|4|6|4|4|4|4|6|4|4|4
12273,9,True,4,10,9,9|0|9|0|9|9|9|0|4|4|0|2|2|2|4
12292,4,True,6,2,4,4|6|4|4|4|4|6|4|4|4|4|4|4|4|4
12331,0,False,0,13,6,8|6|0|3|6|6|6|6|6|6|0|6|6|6|6
12336,9,True,4,14,6,9|6|6|6|6|3|6|4|4|4|6|8|6|4|6
12355,1,False,1,4,1,1|1|0|1|1|0|0|1|1|1|1|1|1|0|1
12359,5,True,9,4,5,9|5|5|5|5|5|5|5|5|5|5|9|9|5|9
12376,6,True,1,15,1,1|1|1|1|7|1|1|1|1|1|1|1|1|7|1
12403,1,True,5,15,7,3|8|5|7|5|7|2|7|3|5|7|2|7|5|3
12467,0,False,0,13,-1,2|8|8|8|6|2|6|0|3|6|0|3|8|6|5
12471,6,False,6,15,4,4|4|9|4|4|4|9|4|4|4|4|4|1|4|4
12477,5,False,5,4,5,5|1|5|5|5|5|1|5|1|5|5|5|5|3|5
12500,8,False,8,3,8,8|8|8|7|8|8|8|8|9|1|8|8|8|8|8
12508,2,True,5,14,5,5|2|5|5|8|3|4|7|5|5|5|5|5|5|5
12519,3,False,3,9,2,3|2|2|2|2|3|2|3|3|2|3|3|2|2|2
12520,7,False,7,5,7,7|4|7|7|7|7|4|7|7|7|7|2|2|7|4
12544,4,True,1,14,1,1|1|1|1|1|1|1|4|0|1|1|1|1|1|1
12572,2,True,3,9,3,3|3|2|3|2|3|6|3|2|2|3|3|2|3|2
12581,7,True,5,11,5,7|5|5|2|5|5|7|5|5|5|5|7|5|7|5
12599,3,True,8,15,8,8|1|8|7|1|8|0|1|9|8|8|8|8|0|8
12617,9,True,8,15,8,8|8|8|8|8|8|3|8|4|8|8|8|8|8|8
12621,6,True,3,12,3,3|3|3|3|3|3|6|3|3|2|6|3|6|3|3
12631,0,True,2,15,-1,9|6|9|2|9|4|9|9|4|4|4|4|4|2|9
12632,5,False,5,5,5,7|7|5|5|7|5|5|5|7|5|5|5|5|7|5
12639,6,True,2,13,4,9|4|9|9|4|4|2|3|4|4|4|9|6|6|4
12646,3,True,7,15,5,9|5|5|5|5|5|2|5|9|5|5|5|5|5|9
12654,0,False,0,7,0,0|6|0|6|6|6|0|0|0|0|0|6|6|6|0
12661,4,False,4,9,4,3|2|0|4|4|4|2|4|3|2|4|9|2|2|4
12670,9,False,9,12,5,5|5|5|5|5|5|9|5|9|5|5|5|5|5|9
12699,4,False,4,7,4,9|4|9|9|4|8|9|4|4|9|4|9|4|4|4
12702,0,False,0,11,6,6|6|0|6|6|6|0|6|0|6|0|6|6|6|6
12727,2,True,3,12,3,7|3|6|2|3|3|2|3|3|3|3|3|2|3|3
12770,0,True,1,6,0,1|1|0|0|1|0|0|0|0|0|1|0|4|0|1
12793,4,False,4,7,4,9|4|4|9|4|4|9|9|9|4|4|9|9|4|4
12803,6,False,6,10,4,6|6|6|6|4|4|4|4|4|6|4|4|4|4|4
12842,0,False,0,8,-1,0|6|0|6|0|6|0|6|0|0|0|2|6|6|6
12877,6,True,0,14,2,0|8|2|2|2|0|6|8|4|2|1|2|2|3|3
12897,2,True,9,6,2,9|2|9|9|2|2|7|2|2|2|7|9|2|2|2
12916,2,False,2,14,4,9|4|4|4|4|4|4|4|4|4|4|2|6|4|4
12927,6,True,3,14,3,3|3|3|2|3|3|3|3|3|2|6|3|2|2|3
12934,5,True,9,2,5,7|5|5|5|5|5|2|5|5|5|5|5|5|5|5
12992,2,True,9,11,5,5|5|5|5|2|5|7|2|9|9|5|2|9|5|2
13048,1,False,1,3,1,1|1|1|1|7|1|7|1|1|1|1|1|1|7|1
13050,6,True,3,15,3,3|3|3|3|3|3|2|2|3|2|3|2|2|3|2
13051,9,False,9,14,5,5|5|5|5|5|5|5|5|9|5|5|5|5|5|5
13054,2,True,3,14,6,0|0|0|6|6|6|2|6|6|6|0|6|6|0|6
13061,9,False,9,14,5,5|5|5|5|5|5|5|5|9|5|5|5|5|5|5
13074,4,False,4,4,4,4|4|0|4|4|9|9|4|4|4|4|9|4|4|4
13125,5,False,5,13,7,7|1|5|7|8|1|9|3|7|3|7|5|1|3|7
13147,9,True,4,14,4,9|6|3|3|3|1|4|4|4|7|4|0|6|2|4
13150,4,True,1,14,1,1|1|1|1|1|1|4|1|1|1|1|1|1|7|1
13163,8,True,6,15,6,1|6|5|7|3|6|6|4|4|6|3|1|6|4|6
13185,0,False,0,13,6,4|6|0|6|4|6|6|6|6|6|0|6|6|6|6
13189,3,False,3,9,3,3|6|3|3|6|2|6|4|9|2|3|3|2|3|2
13197,6,True,0,7,6,6|6|0|0|6|0|6|0|0|6|6|6|6|0|0
13208,9,True,7,11,7,9|7|9|7|7|6|8|7|7|7|9|9|7|7|7
13209,7,False,7,5,7,7|7|7|9|7|1|7|3|9|7|7|7|7|2|7
13218,3,True,5,12,5,5|1|5|5|5|5|3|5|3|5|5|3|5|5|5
13232,0,True,1,8,-1,1|1|1|0|0|0|0|1|1|0|0|1|6|0|1
13254,1,False,1,1,1,1|1|1|1|1|1|1|1|0|1|1|1|1|1|1
13256,9,False,9,12,5,9|5|5|5|5|5|2|5|9|5|5|9|5|5|5
13268,2,False,2,8,2,0|2|0|0|2|6|2|2|6|8|0|2|2|2|8
13282,6,False,6,5,6,6|6|0|0|0|6|6|0|6|6|0|6|6|6|6
13285,8,False,8,3,8,8|8|8|8|8|8|9|7|8|7|8|8|8|8|8
13286,5,False,5,6,5,7|8|5|5|5|8|1|7|1|5|5|5|5|5|5
13304,3,False,3,7,3,3|6|3|2|3|3|3|6|3|2|3|3|2|2|6
13306,8,True,2,11,2,0|8|2|2|8|8|2|2|0|2|0|6|6|8|2
13320,2,False,2,12,0,0|4|0|2|0|0|6|4|0|0|0|2|2|4|4
13325,1,False,1,5,1,1|1|1|0|0|1|1|1|1|1|1|0|0|0|1
13340,9,False,9,14,5,7|5|5|5|5|5|5|5|9|5|5|5|5|5|5
13342,8,False,8,3,8,8|8|8|8|8|8|7|1|1|8|8|8|8|8|8
13350,4,False,4,2,4,4|4|4|4|4|4|9|4|4|4|4|4|9|4|4
13351,7,False,7,0,7,7|7|7|7|7|7|7|7|7|7|7|7|7|7|7
13361,6,True,0,7,6,0|6|6|8|3|0|6|6|0|6|0|8|6|6|6
13367,2,True,7,13,7,7|7|7|7|7|7|7|7|7|7|7|7|2|2|7
13369,6,False,6,15,-1,2|0|2|4|4|2|4|4|0|0|4|2|2|0|0
13379,4,False,4,6,4,9|4|4|4|4|4|9|4|4|4|4|9|9|9|9
13383,8,True,7,15,7,7|7|5|7|7|7|9|4|7|7|7|7|7|7|7
13422,2,False,2,11,6,8|6|6|2|6|0|6|7|2|2|8|2|6|6|4
13430,9,True,7,13,7,7|7|7|7|7|7|2|7|9|7|5|7|9|7|7
13440,9,True,4,10,4,3|4|9|9|4|4|9|4|3|4|4|9|9|4|4
13454,0,False,0,13,6,6|6|6|8|8|6|6|4|6|6|0|6|6|0|4
13491,5,True,9,0,5,5|5|5|5|5|5|5|5|5|5|5|5|5|5|5
13511,1,False,1,2,1,1|6|1|1|1|1|7|1|1|1|1|1|1|1|1
13549,6,False,6,14,4,0|8|0|8|4|6|4|8|4|2|8|4|4|4|4
13552,5,True,8,15,8,8|8|8|8|8|8|8|8|8|8|8|8|8|8|8
13576,1,True,5,12,5,5|1|5|5|5|1|5|1|3|2|5|7|2|5|0
13584,9,True,7,15,5,5|5|5|7|5|5|5|5|5|5|5|5|5|5|7
13590,4,False,4,13,0,0|0|0|2|0|0|0|0|2|0|2|2|4|0|4
13640,2,False,2,9,0,0|2|0|0|2|0|2|0|0|0|0|2|2|2|4
13641,3,True,5,14,5,5|1|3|5|7|5|7|5|1|5|5|5|5|2|7
13652,0,False,0,12,2,0|3|6|3|2|0|6|6|2|2|0|2|2|3|2
13669,3,True,5,14,-1,7|1|7|1|5|5|2|1|1|5|7|7|5|3|0
13717,6,True,3,15,3,3|3|3|3|3|3|2|3|3|3|3|3|2|3|3
13719,7,True,0,14,2,3|8|3|6|7|8|5|2|1|2|2|2|2|8|6
13759,8,False,8,4,8,8|7|8|8|8|8|7|7|7|8|8|8|8|8|8
13760,4,True,6,2,4,4|0|4|4|4|4|4|4|4|4|0|4|4|4|4
13768,3,False,3,14,2,9|0|6|2|2|2|2|2|0|2|0|6|4|2|3
13795,7,False,7,3,7,7|7|9|7|7|7|2|9|7|7|7|7|7|7|7
13818,9,False,9,13,5,5|5|5|5|5|5|9|5|9|5|5|5|5|5|5
13831,1,False,1,7,1,1|1|0|1|1|0|0|1|0|0|0|0|1|1|1
13839,4,True,6,4,4,4|4|0|4|4|4|9|4|4|6|4|9|4|4|4
13854,5,True,9,0,5,5|5|5|5|5|5|5|5|5|5|5|5|5|5|5
13867,8,False,8,2,8,8|8|8|7|8|8|8|8|7|8|8|8|8|8|8
13876,9,False,9,14,5,5|5|5|5|5|5|9|5|5|5|5|5|5|5|5
13881,9,True,6,14,6,6|6|6|4|4|6|9|6|4|6|4|6|6|6|6
13893,9,False,9,14,5,5|5|5|5|5|5|5|5|9|5|5|5|5|5|5
13909,5,False,5,9,5,5|9|5|8|8|5|7|7|3|8|7|8|5|5|5
13921,6,True,0,2,6,6|6|0|6|6|6|6|0|6|6|6|6|6|6|6
13945,3,True,5,14,5,1|5|5|5|5|5|7|5|5|5|3|5|5|5|5
13981,2,True,3,4,2,3|2|3|2|2|3|2|2|3|2|2|2|2|2|2
13982,6,True,3,14,4,9|6|9|4|9|4|4|4|4|4|4|9|1|4|4
13995,2,False,2,6,2,2|2|9|2|4|2|2|2|4|2|9|8|2|9|2
13998,4,False,4,8,4,4|6|2|2|4|6|4|6|4|4|4|9|6|4|6
14006,9,True,6,15,4,4|4|4|6|4|6|4|4|6|4|4|6|4|4|4
14010,2,True,3,13,3,3|3|2|6|6|3|3|3|3|4|3|6|2|4|6
14011,6,False,6,13,4,4|6|4|4|4|4|4|9|4|4|4|4|4|6|4
14019,7,True,5,9,5,7|7|5|7|5|5|5|5|7|5|5|5|7|7|5
14104,4,True,6,6,4,8|3|6|4|4|4|4|4|4|6|8|6|4|4|4
14106,9,True,6,15,4,8|2|4|4|4|4|4|4|4|4|4|3|4|4|4
14145,6,True,0,5,6,6|6|6|0|0|6|2|0|6|6|6|6|6|6|0
14161,8,False,8,12,7,8|7|8|7|7|5|7|3|7|8|7|7|7|7|7
14165,1,False,1,13,0,0|0|2|1|2|3|3|0|0|0|3|0|4|1|0
14168,9,True,8,15,8,7|1|5|6|2|5|8|7|7|8|8|5|8|8|7
14169,0,True,2,7,0,0|0|0|0|2|0|6|0|2|0|0|2|2|2|4
14175,9,True,7,15,2,2|2|7|2|7|1|7|5|2|7|2|7|2|2|7
14177,2,True,3,11,3,3|6|3|2|2|3|3|2|3|3|3|3|2|3|3
14179,1,False,1,15,2,0|6|5|2|3|4|6|2|4|2|4|2|2|0|2
14202,2,True,3,13,3,3|6|3|2|3|3|6|6|3|3|3|3|2|3|3
14213,2,True,3,12,3,0|3|2|3|3|3|3|3|3|2|3|3|0|3|2
14237,4,False,4,4,4,9|4|4|9|4|4|9|4|4|4|4|9|4|4|4
14245,6,True,0,0,6,6|6|6|6|6|6|6|6|6|6|6|6|6|6|6
14275,8,False,8,6,8,8|7|8|8|7|8|5|0|3|8|4|8|8|8|8
14289,9,False,9,14,5,5|5|5|5|5|5|5|5|9|5|5|5|5|5|5
14291,5,False,5,6,5,1|5|5|5|1|5|5|5|1|5|5|1|1|5|1
14301,0,False,0,12,6,0|6|1|6|0|3|6|2|6|0|6|2|6|6|6
14342,8,True,5,15,5,2|5|5|5|5|3|7|5|2|5|2|5|2|5|5
14356,5,False,5,3,5,5|5|5|5|5|5|5|1|5|1|5|3|5|5|5
14361,1,False,1,8,0,0|0|0|0|0|1|1|1|1|1|0|0|1|0|1
14367,6,False,6,5,6,0|6|0|6|4|6|6|6|4|6|6|6|6|4|6
14368,6,True,0,8,0,0|0|0|6|6|6|6|0|0|6|0|0|6|6|0
14396,6,True,3,13,3,3|3|3|2|3|3|6|3|3|2|3|3|6|3|3
14411,2,True,3,10,3,3|3|3|3|2|3|3|3|2|2|3|3|2|3|2
14444,0,True,1,13,-1,1|6|6|3|1|3|2|6|3|2|0|2|6|3|0
14454,1,True,3,15,6,6|0|2|6|4|6|4|3|3|0|6|6|6|4|6
14471,6,True,1,15,1,1|1|1|1|1|1|1|1|1|1|1|1|1|1|1
14489,9,True,4,11,4,9|4|9|4|4|0|9|4|4|4|4|9|4|4|4
14493,0,True,2,3,0,0|0|0|0|0|0|2|0|0|0|0|0|2|2|0
14532,0,False,0,10,-1,0|6|0|6|0|2|4|6|6|2|0|0|6|4|4
14549,3,True,5,13,5,3|5|5|2|5|5|7|5|3|5|5|5|5|5|5
14578,4,True,5,15,5,3|5|5|5|7|1|3|5|7|5|7|5|5|2|2
14588,2,False,2,12,6,6|6|6|2|4|6|2|4|2|6|6|6|4|4|4
14600,6,False,6,15,4,4|4|4|4|4|4|4|4|4|4|4|4|4|4|4
14605,9,False,9,8,9,9|2|9|5|9|2|9|2|9|5|2|2|2|9|9
14617,5,True,9,2,5,5|5|9|5|5|5|9|5|5|5|5|5|5|5|5
14676,6,True,3,15,3,3|3|3|2|3|3|3|2|3|3|3|3|2|3|3
14692,9,False,9,14,5,5|5|5|5|5|5|9|5|5|5|5|5|5|5|5
14699,3,False,3,13,2,4|3|4|3|2|2|4|2|2|4|2|2|2|2|2
14711,2,True,3,12,3,9|6|2|2|4|4|2|3|9|3|4|3|4|3|3
14714,9,True,7,14,7,7|7|7|7|7|7|8|7|7|7|7|7|9|2|7
14739,5,True,9,1,5,5|5|5|5|5|5|6|5|5|5|5|5|5|5|5
14755,6,True,2,15,4,4|3|9|2|3|3|4|4|4|3|4|3|4|4|4
14765,0,False,0,10,6,0|6|0|6|6|6|0|6|0|6|0|6|6|6|6
14769,2,True,3,11,6,2|6|6|6|6|2|2|2|6|0|0|3|6|6|4
14774,9,True,4,13,4,4|4|0|4|9|9|4|4|8|4|4|6|4|4|4
14777,5,True,9,4,5,7|5|5|5|5|5|9|5|2|5|5|9|5|5|5
14778,5,True,9,2,5,5|5|9|5|9|5|5|5|5|5|5|5|5|5|5
14784,4,False,4,8,4,9|4|4|2|4|8|9|2|0|4|4|4|6|2|4
14788,2,False,2,15,0,0|0|0|0|0|0|4|4|0|6|0|0|4|0|3
14794,9,False,9,12,5,9|5|5|5|5|5|5|5|9|5|5|9|5|5|5
14808,9,True,7,7,9,9|9|9|7|9|5|9|2|9|2|7|9|7|9|7
14817,0,True,2,9,0,0|2|0|0|4|6|2|2|0|4|0|4|2|2|0
14829,2,False,2,12,0,0|0|0|0|0|0|2|0|0|0|0|0|2|2|0
14833,4,False,4,9,9,9|4|9|9|9|4|9|9|4|4|4|9|9|4|9
14849,2,True,6,12,0,3|2|7|2|0|5|0|0|6|6|5|2|6|1|0
14869,3,False,3,5,3,0|1|3|2|3|3|1|3|3|8|3|3|3|3|3
14898,6,False,6,15,-1,0|0|0|4|4|0|4|0|4|4|8|4|4|0|0
14911,0,False,0,13,6,0|6|0|6|6|6|6|6|6|6|6|6|6|6|6
14917,4,False,4,7,4,9|6|9|3|4|1|9|4|4|4|4|4|9|4|4
14924,9,True,7,15,7,7|7|5|7|7|5|3|7|7|7|7|7|7|7|2
14925,0,True,2,4,0,0|0|0|0|0|0|6|0|0|0|0|2|2|0|2
14945,5,True,9,15,9,9|7|7|9|8|7|9|7|9|9|9|9|9|9|9
14951,8,True,7,14,7,7|8|2|7|7|5|9|7|9|7|7|7|7|7|7
14962,3,False,3,1,3,3|3|3|3|2|3|3|3|3|3|3|3|3|3|3
14977,4,True,7,8,7,7|7|7|4|4|4|4|4|4|7|4|7|7|7|7
14981,9,True,8,15,8,8|8|8|7|7|8|1|8|8|8|8|8|8|8|8
14986,0,False,0,11,6,4|6|0|6|6|2|4|0|6|6|0|6|2|0|6
14999,4,True,6,8,4,3|4|8|4|4|8|9|4|3|4|4|6|8|4|6
15036,2,False,2,15,4,4|4|0|4|4|4|9|9|9|4|4|9|4|4|4
15042,2,True,9,9,2,9|8|5|2|2|5|2|2|2|5|5|9|9|2|7
15050,4,True,6,11,6,4|6|0|6|6|6|6|4|6|6|6|6|4|6|4
15053,9,False,9,14,5,5|5|5|5|5|5|5|5|9|5|5|5|5|5|5
15076,3,False,3,14,2,3|2|2|2|2|2|2|7|2|2|2|2|2|2|2
15081,6,True,9,15,5,5|5|9|5|9|5|5|5|5|5|5|5|5|9|5
15096,5,False,5,1,5,5|5|5|5|5|5|5|5|3|5|5|5|5|5|5
15122,0,False,0,12,6,0|6|6|6|3|0|6|4|4|6|6|6|6|4|0
15130,6,False,6,10,6,6|0|0|6|3|0|2|8|0|6|6|3|6|4|4
15132,4,True,7,11,7,7|7|7|4|4|7|4|3|8|7|4|7|7|7|7
15142,1,False,1,2,1,1|1|1|1|1|0|1|1|1|1|0|1|1|1|1
15143,6,True,3,11,3,3|3|3|6|3|3|6|3|3|2|3|3|2|6|6
15150,3,True,2,15,-1,0|6|2|2|4|8|4|2|9|4|8|2|4|4|2
15152,3,True,8,12,8,8|8|8|8|8|8|3|8|3|8|8|3|8|8|8
15175,8,True,3,14,3,1|6|0|2|3|3|7|3|4|2|3|6|6|3|8
15184,6,True,0,2,6,6|6|0|6|6|6|6|6|6|6|0|6|6|6|6
15188,6,True,0,6,6,0|6|0|0|6|0|6|6|0|0|6|6|6|6|6
15211,2,True,3,10,3,3|3|3|2|3|3|3|1|2|2|4|3|2|3|2
15223,4,False,4,8,4,3|2|0|4|4|0|2|4|4|4|4|6|4|2|9
15262,9,True,4,10,4,9|4|9|4|9|0|9|4|4|4|4|4|4|4|9
15274,0,True,2,9,0,2|0|0|0|2|8|0|8|4|8|4|0|4|0|1
15283,6,True,0,5,6,0|6|6|6|4|6|6|4|4|4|6|6|6|6|6
15320,8,False,8,4,8,8|8|8|3|8|3|8|3|8|8|8|8|3|8|8
15332,8,False,8,10,8,0|4|0|6|4|0|8|8|4|8|8|8|9|4|1
15360,8,False,8,3,8,8|8|8|8|8|8|8|8|8|8|8|3|7|8|3
15385,2,False,2,6,2,0|2|2|2|2|0|6|2|2|3|4|2|2|3|2
15396,3,False,3,5,3,3|3|3|3|3|3|2|2|3|6|3|3|2|3|2
15403,5,True,9,10,9,9|9|9|9|5|5|9|9|7|5|7|5|5|7|9
15405,9,True,8,15,8,3|8|8|0|6|8|8|8|8|8|8|3|8|6|8
15406,6,True,7,15,5,5|5|5|7|7|5|7|5|7|5|5|5|7|2|7
15471,9,True,4,15,-1,0|6|0|0|4|0|4|4|4|0|0|0|4|4|4
15479,3,False,3,11,2,3|3|2|3|2|2|2|2|2|2|2|3|2|2|2
15522,5,True,9,7,5,9|5|5|5|9|5|8|9|9|5|9|5|5|5|2
15532,3,False,3,14,0,0|0|6|0|6|0|6|6|0|0|0|0|6|3|6
15534,0,False,0,11,4,0|6|2|8|4|0|2|0|4|6|0|4|4|3|4
15554,6,True,3,15,3,3|3|3|3|3|3|3|3|3|2|3|3|3|3|2
15582,9,True,7,14,7,7|7|7|7|8|7|9|7|7|7|7|7|7|7|7
15587,7,True,5,9,5,7|5|7|7|1|5|5|5|7|5|7|5|5|7|5
15621,7,True,8,11,8,8|8|8|7|8|8|7|7|9|8|8|7|9|8|8
15628,1,True,5,13,5,3|5|5|5|5|5|1|3|5|5|5|1|5|3|0
15629,6,True,0,4,6,6|6|0|6|6|0|0|0|6|6|6|6|6|6|6
15658,5,True,9,0,5,5|5|5|5|5|5|5|5|5|5|5|5|5|5|5
15663,4,True,6,3,4,4|6|4|4|4|4|6|4|4|4|4|6|4|4|4
15673,3,False,3,11,4,0|3|3|4|4|3|9|4|4|2|4|6|4|6|3
15703,4,False,4,11,9,9|9|9|9|9|4|9|9|9|9|4|9|4|2|4
15715,9,True,7,4,9,9|7|9|9|9|5|9|9|9|9|7|9|9|2|9
15747,8,False,8,6,8,8|8|8|8|8|3|9|8|9|3|8|8|9|8|3
15756,4,False,4,7,4,9|9|9|9|9|4|4|4|4|4|4|4|9|4|9
15803,7,True,1,15,1,1|1|0|0|0|0|0|1|1|1|1|1|1|0|1
15817,9,True,4,7,9,9|9|9|9|9|9|4|6|4|4|4|4|9|4|9
15851,5,False,5,8,1,5|1|5|1|1|5|5|1|1|5|5|1|1|5|1
15866,9,True,8,14,8,8|8|8|7|8|8|3|8|8|8|8|8|8|8|9
15878,3,True,5,15,5,5|5|5|2|5|5|5|5|2|5|7|5|1|5|1
15880,2,False,2,8,2,0|2|2|2|2|8|2|3|2|8|0|6|2|3|1
15904,9,True,8,15,8,8|8|8|8|8|8|8|8|8|8|8|8|8|8|0
15915,0,True,2,15,2,3|2|6|2|2|2|4|8|2|2|2|2|4|4|2
15924,7,False,7,4,7,7|7|2|7|7|3|2|7|7|7|7|7|7|7|0
15985,9,True,8,15,0,8|8|0|6|2|8|8|0|0|6|0|1|2|0|0
15987,9,True,4,9,4,9|4|9|4|4|9|9|4|4|4|4|9|9|4|0
15999,9,True,4,10,4,9|3|9|9|4|4|9|4|4|4|4|9|4|2|4
16027,7,False,7,3,7,7|7|7|7|7|7|9|7|8|7|7|7|9|7|7
16028,9,False,9,12,5,9|5|5|5|5|5|5|9|9|5|5|5|5|5|5
16052,8,False,8,4,8,8|8|8|8|8|8|8|8|8|8|3|3|5|8|3
16059,7,False,7,3,7,7|7|7|9|7|7|7|7|7|7|7|7|2|2|7
16060,8,False,8,1,8,8|8|8|8|7|8|8|8|8|8|8|8|8|8|8
16097,2,False,2,12,0,0|0|0|0|0|0|0|0|0|0|0|2|2|2|4
16101,6,True,0,2,6,6|6|0|6|6|6|0|6|6|6|6|6|6|6|6
16108,2,True,3,9,-1,3|2|3|3|2|0|2|6|3|2|6|3|2|2|3
16115,6,True,0,1,6,6|6|0|6|6|6|6|6|6|6|6|6|6|6|6
16122,3,False,3,6,3,3|3|3|3|2|3|2|3|3|6|0|3|2|3|2
16130,1,False,1,2,1,1|1|1|7|1|1|7|1|1|1|1|1|1|1|1
16136,9,True,7,15,7,7|3|7|7|7|7|8|7|7|7|7|7|7|7|7
16160,6,False,6,15,4,4|4|4|4|4|4|4|4|4|4|4|4|4|4|4
16183,3,True,4,15,1,1|1|1|1|2|1|0|1|4|1|0|1|1|0|1
16193,6,False,6,0,6,6|6|6|6|6|6|6|6|6|6|6|6|6|6|6
16205,3,False,3,11,2,3|2|2|2|2|3|2|2|3|2|3|2|2|2|2
16216,0,True,2,13,4,6|4|9|0|4|3|6|4|4|2|0|6|6|2|4
16232,3,False,3,9,3,3|8|3|0|7|8|4|6|4|2|0|3|3|3|3
16235,0,True,2,6,0,0|0|0|0|0|0|4|4|0|0|0|2|2|2|2
16239,2,True,5,12,7,1|1|7|2|7|7|3|7|2|5|5|5|7|7|2
16258,3,True,4,15,4,8|0|0|0|2|6|4|4|4|6|0|4|6|4|2
16261,3,False,3,9,2,3|2|2|3|2|2|3|2|3|2|3|3|2|2|2
16279,7,False,7,2,7,7|7|7|7|7|7|9|7|7|7|7|7|9|7|7
16299,9,False,9,14,5,5|5|5|5|5|1|9|5|5|5|5|5|5|5|5
16324,4,True,6,4,4,4|4|9|4|4|4|4|4|9|4|4|9|6|4|4
16326,2,False,2,10,0,0|0|0|0|2|0|0|2|2|2|0|0|6|2|0
16357,7,False,7,7,7,7|8|9|9|7|3|9|7|7|7|7|7|9|2|7
16372,0,True,1,15,1,1|1|1|1|1|1|1|1|1|1|7|1|1|1|1
16376,2,False,2,12,0,0|8|0|4|4|0|0|0|4|0|0|2|2|2|5
16395,6,True,0,0,6,6|6|6|6|6|6|6|6|6|6|6|6|6|6|6
16419,5,True,9,2,5,5|5|5|5|5|5|9|5|9|5|5|5|5|5|5
16441,9,True,4,10,4,9|4|9|9|4|4|9|4|4|4|4|9|4|4|4
16454,0,True,1,9,1,1|1|0|0|0|1|1|1|0|1|0|1|1|0|1
16458,0,True,2,6,0,0|2|0|0|2|0|2|0|0|2|0|0|6|0|3
16463,1,False,1,7,1,0|1|0|1|1|1|1|1|0|1|0|0|1|0|0
16484,9,True,4,10,4,9|4|9|4|4|4|9|4|4|4|4|9|4|2|9
16489,6,False,6,13,0,0|0|0|0|0|2|0|6|0|0|4|2|6|0|4
16492,9,True,4,15,-1,4|4|5|6|5|5|7|6|7|6|4|4|2|1|6
16516,9,True,4,10,4,9|4|9|9|4|4|4|4|4|4|4|9|9|4|4
16529,6,True,2,10,-1,6|2|6|2|4|6|2|0|2|6|4|4|6|4|2
16535,4,True,6,2,4,4|6|4|4|4|4|4|4|4|4|4|9|4|4|4
16536,9,False,9,6,9,9|8|9|9|2|5|9|2|9|7|9|9|2|9|9
16544,6,True,1,15,1,1|1|1|1|1|1|1|1|1|1|1|1|1|1|1
16552,6,False,6,12,8,8|6|8|9|9|8|8|8|4|3|8|6|2|4|6
16569,1,True,5,15,5,7|5|5|5|7|5|5|5|5|5|5|5|2|5|7
16572,2,True,3,7,2,3|3|3|2|2|3|2|3|3|2|2|3|2|2|2
16577,0,True,2,8,0,0|0|0|0|2|6|2|2|0|0|0|2|2|2|4
16579,1,False,1,5,1,1|1|0|0|1|1|1|1|1|1|1|1|4|0|0
16604,8,False,8,2,8,8|8|8|8|8|8|8|7|7|8|8|8|8|8|8
16620,0,True,1,7,0,0|0|0|1|0|1|0|1|0|1|0|1|1|0|1
16625,0,True,1,14,1,1|1|1|1|1|1|4|1|1|1|1|1|1|1|0
16634,5,True,9,0,5,5|5|5|5|5|5|5|5|5|5|5|5|5|5|5
16642,6,True,0,10,6,7|6|0|0|3|5|4|7|1|6|6|6|6|1|1
16654,0,False,0,14,6,6|6|0|6|6|6|6|6|6|6|6|6|6|6|6
16663,6,True,0,6,6,6|6|0|6|3|6|6|2|0|6|5|6|6|0|6
16712,9,False,9,15,7,7|8|5|7|4|3|5|5|7|7|7|7|5|5|7
16737,1,True,3,15,3,3|6|3|2|6|3|6|3|9|3|7|6|2|6|3
16771,1,True,5,13,5,7|8|7|1|5|6|3|5|1|5|8|5|5|5|7
16778,9,True,8,14,4,8|1|2|6|2|8|9|6|4|4|4|4|8|0|4
16787,5,True,9,2,5,9|5|5|5|5|5|5|5|9|5|5|5|5|5|5
16798,0,True,1,7,0,1|1|0|0|1|0|0|1|1|1|0|0|1|0|0
16835,4,True,6,9,4,6|1|0|4|4|6|4|8|4|2|4|3|6|6|4
16848,8,False,8,5,8,8|8|8|3|8|3|3|8|3|8|8|8|8|3|8
16874,4,True,6,0,4,4|4|4|4|4|4|4|4|4|4|4|4|4|4|4
16925,0,True,2,1,0,0|0|0|0|0|0|0|0|0|0|0|0|6|0|0
16931,6,True,0,6,6,0|0|0|0|6|0|6|0|6|6|6|6|6|6|6
16949,4,True,6,15,6,6|6|0|6|6|6|6|6|6|6|6|6|6|6|6
16955,5,True,8,15,8,8|8|8|3|8|1|2|8|1|8|8|8|8|8|8
16970,9,False,9,14,5,9|5|5|5|5|5|5|5|5|5|5|5|5|5|5
17020,2,True,5,15,5,7|5|5|5|5|5|7|1|5|3|5|5|5|5|3
17027,1,True,5,15,-1,2|2|5|5|7|5|5|7|7|5|7|3|5|7|7
17039,5,False,5,9,1,1|5|5|5|1|1|5|1|1|5|3|1|5|2|1
17068,3,True,8,15,8,7|8|8|7|8|8|8|8|8|8|8|8|8|8|8
17117,5,True,9,2,5,9|5|5|5|5|5|5|5|9|5|5|5|5|5|5
17133,5,True,9,3,5,9|5|5|5|5|5|2|5|9|5|5|5|5|5|5
17167,6,True,0,3,6,6|6|0|0|6|6|6|6|6|6|0|6|6|6|6
17171,5,True,9,1,5,9|5|5|5|5|5|5|5|5|5|5|5|5|5|5
17177,2,False,2,11,0,0|0|0|0|2|0|2|0|2|0|0|2|6|0|4
17181,3,True,7,15,7,7|7|7|7|7|7|2|7|7|7|7|7|7|7|7
17200,2,False,2,13,0,0|0|0|0|0|2|1|4|0|0|0|2|6|4|1
17201,5,True,9,0,5,5|5|5|5|5|5|5|5|5|5|5|5|5|5|5
17223,7,True,5,8,5,7|7|5|5|7|5|7|5|7|5|5|5|5|7|7
17256,6,True,0,4,6,0|6|0|2|6|6|6|6|6|6|0|6|6|6|6
17259,6,True,0,0,6,6|6|6|6|6|6|6|6|6|6|6|6|6|6|6
17272,0,True,1,14,1,1|1|1|1|1|1|1|1|1|1|1|1|1|0|1
17283,6,True,0,11,2,2|6|6|4|4|6|2|4|2|0|0|2|2|6|4
17297,4,True,6,13,6,6|6|6|6|4|6|6|6|6|6|4|6|6|6|6
17321,2,False,2,8,2,2|0|2|0|8|8|2|6|0|8|8|2|2|2|2
17407,9,False,9,13,5,9|5|5|5|5|5|5|5|9|5|5|5|5|5|5
17459,9,True,6,14,4,4|8|0|8|4|0|4|9|4|4|4|6|6|4|4
17463,6,True,0,12,0,0|0|6|0|2|0|0|0|0|6|6|0|2|0|4
17494,9,True,7,15,5,5|5|5|7|8|5|5|5|3|3|7|5|5|2|2
17557,2,True,3,7,2,2|2|3|3|2|3|2|2|3|2|2|3|3|3|2
17592,1,True,3,14,3,3|6|2|3|3|3|2|3|2|2|1|3|2|3|2
17634,9,False,9,14,5,5|5|5|5|5|5|9|5|5|5|5|5|5|5|5
17637,5,False,5,7,5,7|5|5|1|5|3|3|5|1|5|5|7|5|5|2
17646,6,False,6,12,4,4|0|0|6|0|4|2|1|4|6|0|6|4|4|4
17668,5,True,9,2,5,5|5|5|5|5|5|5|5|9|5|5|5|9|5|5
17681,9,True,8,14,8,3|8|8|8|8|8|3|8|8|8|8|8|9|8|8
17689,2,True,3,14,4,9|9|9|3|6|3|2|4|4|4|4|3|1|4|4
17700,6,True,0,3,6,0|6|0|6|0|6|6|6|6|6|6|6|6|6|6
17733,4,True,7,14,7,7|7|7|7|7|7|7|7|7|7|7|7|7|4|7
17783,6,False,6,4,6,4|6|6|6|4|6|2|6|6|6|6|6|6|6|4
17784,6,True,0,3,6,0|6|0|6|6|6|6|6|6|6|6|0|6|6|6
17806,3,True,5,9,5,5|5|5|5|5|3|3|5|2|5|3|3|5|3|3
17818,9,True,4,11,4,4|4|4|4|4|9|9|4|4|4|4|9|9|4|4
17822,6,True,0,3,6,0|6|0|6|6|6|6|6|6|6|0|6|6|6|6
17853,9,True,4,8,4,4|9|9|9|4|4|9|4|4|4|4|9|9|9|4
17876,8,False,8,2,8,8|8|8|8|8|8|2|8|8|8|8|3|8|8|8
17890,0,False,0,10,6,0|6|0|6|0|0|6|0|6|6|6|6|6|6|6
17893,1,True,5,15,5,5|5|5|5|5|5|5|5|5|5|5|5|5|7|7
17894,0,True,2,7,0,0|2|0|6|2|0|6|6|2|0|0|0|6|0|0
17902,0,False,0,13,6,2|6|0|6|3|2|3|1|1|2|6|1|3|0|6
17914,5,True,9,1,5,5|5|5|5|5|5|5|5|9|5|5|5|5|5|5
17917,3,False,3,4,3,3|3|3|4|3|3|2|2|3|3|3|3|3|3|2
17918,0,False,0,12,6,0|0|6|6|6|6|6|4|6|6|6|6|6|0|6
17926,6,False,6,0,6,6|6|6|6|6|6|6|6|6|6|6|6|6|6|6
17937,3,True,2,15,8,9|8|8|9|9|4|4|8|8|8|4|6|4|4|8
17938,2,True,7,15,7,7|7|7|7|7|7|3|3|7|7|7|7|7|7|7
17956,9,True,4,7,9,9|3|9|9|9|4|4|4|4|9|4|9|4|9|9
18002,6,True,0,8,6,0|6|6|6|3|0|4|2|1|0|8|6|6|6|6
18008,7,False,7,12,5,7|5|5|7|5|5|5|5|9|5|5|5|5|5|7
18079,6,True,0,15,3,3|8|3|0|0|3|3|2|3|3|3|3|4|3|3
18098,6,False,6,14,4,4|4|4|4|4|4|4|4|4|4|4|4|6|4|4
18113,1,False,1,3,1,0|0|1|1|1|1|1|1|1|1|1|1|1|0|1
18138,9,True,7,12,7,9|8|9|7|7|7|7|7|7|7|7|9|7|7|7
18164,6,True,0,11,0,0|6|0|0|0|0|0|0|0|6|0|0|6|0|6
18199,5,True,9,1,5,5|5|5|5|5|5|5|5|9|5|5|5|5|5|5
18204,9,True,7,10,7,7|7|7|7|9|7|9|7|9|9|7|7|9|7|7
18241,3,True,8,9,8,8|3|8|8|8|3|3|3|3|8|8|8|3|8|8
18260,3,True,8,14,8,8|8|8|8|8|8|8|8|8|8|3|9|8|6|8
18273,1,False,1,1,1,1|1|1|7|1|1|1|1|1|1|1|1|1|1|1
18275,5,False,5,9,2,2|2|5|2|5|5|2|2|2|5|5|2|5|2|2
18294,0,True,1,13,1,1|1|1|1|7|1|4|1|0|1|1|1|1|0|1
18315,5,False,5,5,5,5|5|5|5|5|5|2|1|3|5|5|5|5|3|2
18339,5,True,9,9,9,9|5|5|5|9|5|9|5|9|5|9|2|9|9|2
18342,1,False,1,1,1,1|1|1|1|1|1|1|1|1|1|1|1|1|0|1
18365,9,True,8,14,8,8|8|8|8|8|8|3|8|1|8|3|8|9|8|8
18374,1,False,1,2,1,1|1|1|1|1|1|4|4|1|1|1|1|1|1|1
18390,4,True,6,15,6,6|6|0|6|6|6|6|6|6|6|6|6|6|0|6
18402,4,False,4,8,4,9|4|6|6|4|4|9|9|4|4|4|6|6|4|6
18424,5,False,5,15,7,7|2|7|7|7|7|3|7|7|7|7|3|2|2|7
18425,6,False,6,6,6,0|6|0|6|6|6|6|0|1|6|2|6|6|6|0
18426,3,True,5,13,5,5|1|1|7|5|1|3|5|7|5|5|1|5|5|3
18429,0,False,0,10,6,6|6|0|0|6|0|6|0|6|0|6|6|6|6|6
18438,7,True,5,12,5,7|1|5|1|7|5|2|5|1|5|5|5|5|3|7
18451,0,True,2,5,0,0|0|0|0|0|6|2|4|0|0|0|0|2|0|6
18452,0,True,1,11,1,1|0|1|1|1|0|0|1|4|1|1|1|4|0|1
18470,4,True,6,15,6,6|6|0|6|6|0|6|0|0|6|0|6|6|6|6
18474,0,True,1,11,1,1|0|0|1|1|2|0|1|1|2|7|1|2|0|1
18482,9,True,4,9,4,9|4|9|2|4|4|9|9|4|4|4|4|9|4|9
18489,3,True,7,15,7,7|7|7|7|7|7|9|7|7|7|7|7|7|7|7
18515,1,True,5,10,5,1|5|3|5|5|1|5|5|1|5|3|1|5|5|1
18533,9,True,4,12,4,4|6|0|9|4|6|9|2|4|0|4|4|2|9|4
18556,7,False,7,3,7,7|7|9|7|7|7|9|7|7|7|7|7|9|7|7
18579,4,True,6,4,4,4|4|0|4|4|4|2|4|4|4|4|4|6|4|6
18580,2,True,3,9,3,3|3|3|2|2|3|2|2|3|3|3|3|2|2|3
18632,9,True,4,11,4,4|9|4|4|4|4|9|4|9|4|4|9|4|4|4
18640,3,False,3,9,6,3|6|6|6|3|6|3|3|0|6|3|6|2|3|6
18662,0,True,2,4,0,0|0|0|0|2|0|0|0|4|2|0|0|6|0|0
18664,1,False,1,6,1,1|1|1|7|7|1|7|1|1|1|7|7|1|7|1
18665,6,True,0,10,0,0|6|0|6|6|2|4|4|6|0|0|0|6|0|0
18677,6,True,0,4,6,0|0|0|6|6|6|0|6|6|6|6|6|6|6|6
18684,8,True,2,13,2,8|2|8|3|5|3|2|2|4|2|0|5|3|4|6
18705,1,False,1,5,1,1|1|1|7|7|1|7|1|1|1|7|1|1|7|1
18713,6,True,0,4,6,0|6|0|6|6|6|6|6|6|0|0|6|6|6|6
18722,2,False,2,12,0,0|6|0|6|0|6|8|1|2|0|0|2|8|2|0
18723,0,False,0,13,3,0|1|2|3|1|3|2|8|4|2|2|3|3|3|0
18725,6,False,6,8,6,0|6|0|6|4|6|6|4|6|6|4|4|6|4|4
18734,8,False,8,2,8,8|1|8|8|8|8|8|8|9|8|8|8|8|8|8
18744,9,False,9,13,5,9|5|5|5|5|5|9|5|5|5|5|5|5|5|5
18769,7,False,7,0,7,7|7|7|7|7|7|7|7|7|7|7|7|7|7|7
18782,7,True,1,9,1,1|1|7|7|1|1|1|7|1|1|7|7|1|7|1
18831,2,False,2,11,0,0|0|0|0|0|0|0|0|4|0|2|2|6|2|2
18843,5,True,9,3,5,9|5|5|5|9|5|5|5|5|5|5|5|9|5|5
18855,9,True,4,13,-1,0|8|4|2|4|9|9|2|3|4|4|2|2|2|4
18887,5,False,5,11,-1,7|1|5|9|7|7|2|5|9|9|5|2|5|2|7
18914,6,True,3,8,6,9|6|6|6|6|2|6|2|6|4|4|6|2|3|4
18915,1,True,5,11,5,1|5|5|5|5|5|3|1|1|5|5|1|5|5|2
18924,6,False,6,13,4,0|4|6|6|3|8|8|8|1|4|3|4|4|4|3
18947,7,False,7,3,7,7|7|9|7|7|7|7|7|9|7|7|7|9|7|7
18964,6,False,6,15,8,8|8|1|8|8|8|1|8|4|8|8|3|8|3|0
18970,5,False,5,11,-1,7|8|7|9|7|5|3|5|9|1|5|3|7|5|1
18972,6,True,5,15,5,7|1|5|5|5|5|3|1|1|5|2|5|5|3|2
18974,6,True,3,12,3,0|6|0|2|3|0|3|3|6|3|3|3|6|3|4
19000,7,False,7,8,7,5|3|7|5|4|7|2|7|2|7|7|7|3|2|7
19020,1,False,1,2,1,1|1|1|1|1|1|1|1|1|1|0|1|1|0|1
19036,4,True,7,9,7,7|4|7|7|7|7|4|4|4|7|7|2|7|4|4
19062,0,False,0,14,6,6|6|0|6|6|6|6|6|6|6|6|6|6|6|6
19077,2,False,2,8,2,2|8|6|8|2|0|4|4|2|2|8|2|2|3|2
19081,1,True,5,14,5,2|1|5|5|7|5|7|5|5|5|5|2|5|2|5
19084,9,False,9,9,5,9|5|5|5|9|9|9|4|9|5|5|5|9|5|5
19098,2,True,9,10,7,7|2|8|7|2|1|2|7|7|2|7|7|7|2|7
19103,1,False,1,6,1,1|0|0|7|0|1|1|1|0|1|1|1|1|0|1
19118,5,True,9,0,5,5|5|5|5|5|5|5|5|5|5|5|5|5|5|5
19129,4,True,6,5,4,4|6|4|4|4|6|4|4|6|4|4|6|4|4|6
19139,6,True,0,8,6,6|6|0|6|4|4|6|4|4|4|4|6|6|0|6
19147,9,False,9,10,2,9|2|9|9|9|2|2|2|2|9|5|2|2|2|2
19175,4,False,4,6,4,4|4|6|3|4|6|6|4|4|6|4|4|2|4|4
19184,4,False,4,7,4,6|4|6|6|4|3|4|1|6|6|4|4|4|4|4
19216,2,False,2,10,4,8|4|9|4|4|6|9|2|2|4|4|2|2|2|4
19250,5,True,9,7,5,7|5|5|5|5|5|9|3|2|5|7|6|5|9|5
19251,3,True,5,11,5,5|1|5|3|5|5|3|3|4|5|5|3|5|5|2
19258,2,False,2,10,-1,8|8|5|5|4|2|2|3|2|8|0|2|2|8|8
19300,9,False,9,13,5,5|5|5|5|5|5|5|5|9|5|5|5|9|5|5
19330,6,True,0,12,2,0|0|2|2|0|3|6|2|0|3|2|3|2|6|6
19334,4,True,6,15,6,0|6|6|6|6|6|0|0|6|0|6|6|6|6|6
19354,0,True,2,9,2,0|2|0|2|0|2|0|0|4|0|2|2|2|2|4
19365,6,True,0,2,6,6|0|0|6|6|6|6|6|6|6|6|6|6|6|6
19382,4,True,6,8,4,4|6|9|6|4|6|4|4|4|6|4|2|6|4|6
19383,1,True,8,13,4,4|8|4|6|4|7|8|1|1|8|4|0|4|4|8
19384,9,True,7,15,7,7|2|7|7|7|7|2|7|7|7|7|7|7|2|2
19440,1,True,5,10,5,1|5|5|1|1|5|5|5|1|5|3|5|5|5|1
19453,0,True,2,2,0,0|0|0|0|0|0|0|0|0|0|0|0|2|2|0
19468,7,False,7,2,7,7|7|7|9|7|7|9|7|7|7|7|7|7|7|7
19501,9,True,8,12,8,8|8|8|3|8|8|8|6|9|4|4|9|2|8|9
19506,5,True,9,2,5,9|5|5|5|5|5|9|5|5|5|5|5|5|5|5
19527,6,True,3,11,3,3|6|3|6|3|3|6|3|3|3|3|6|8|3|4
19537,1,True,5,9,5,1|1|5|5|5|7|1|1|1|5|5|1|5|5|3
19555,5,True,9,13,9,9|5|9|9|2|9|9|2|9|5|9|2|9|9|2
19608,4,True,6,14,3,3|3|0|3|2|3|6|4|3|6|8|6|2|3|3
19655,9,False,9,13,5,9|5|5|5|5|5|5|5|9|5|5|5|5|5|5
19675,5,True,9,5,5,9|5|5|5|5|9|9|5|9|5|5|9|5|5|5
19684,5,True,9,1,5,5|5|5|5|5|5|5|5|9|5|5|5|5|5|5
19686,4,True,6,3,4,4|6|4|4|4|4|4|4|4|4|4|6|4|0|4
19697,5,True,9,2,5,5|5|5|5|5|5|9|5|9|5|5|5|5|5|5
19699,2,False,2,10,2,2|0|0|2|4|4|3|8|2|2|0|2|6|0|8
19711,4,True,6,10,6,3|6|8|6|4|0|4|0|4|6|4|6|6|6|4
19719,0,False,0,13,6,0|6|0|6|4|6|6|6|6|6|6|6|6|6|6
19761,7,True,8,13,8,8|8|8|8|8|8|7|7|8|8|8|8|8|8|8
19765,6,True,0,4,6,0|6|0|6|6|6|6|0|6|6|6|6|6|6|0
19767,0,True,1,12,8,0|6|0|8|8|1|6|1|4|8|0|6|4|8|5
19781,2,False,2,14,4,4|8|4|4|4|4|3|4|3|4|4|2|6|4|4
19783,4,True,6,12,0,0|0|4|0|0|6|2|4|0|0|0|0|2|0|4
19793,6,True,0,11,-1,2|1|0|6|2|3|4|1|1|6|0|7|1|6|6
19814,8,False,8,4,8,8|8|3|3|8|8|8|8|4|8|8|8|8|8|3
19825,9,True,4,13,4,4|4|9|4|4|4|9|4|4|4|4|4|4|4|4
19826,2,True,3,3,2,3|2|2|2|2|3|2|3|2|2|2|2|2|2|2
19828,6,False,6,15,4,9|4|9|4|4|4|4|4|9|4|4|9|4|4|4
19835,9,False,9,14,5,5|5|5|5|5|5|5|5|9|5|5|5|5|5|5
19839,2,False,2,14,0,0|0|0|0|4|0|0|0|2|4|0|6|4|4|4
19849,2,False,2,7,2,0|2|0|2|2|0|2|6|2|0|0|0|2|2|2
19878,6,False,6,15,4,1|4|8|2|4|3|4|4|4|4|8|2|8|4|0
19891,5,True,9,3,5,5|5|5|5|5|5|9|5|9|5|5|5|9|5|5
19893,4,True,7,13,7,7|4|5|4|7|7|3|7|7|9|7|2|5|7|7
19911,4,True,6,8,4,0|4|4|0|4|8|4|6|6|4|4|6|6|4|6
19924,4,False,4,2,4,4|4|9|4|4|4|4|4|4|4|4|6|4|4|4
19928,7,True,5,15,5,9|5|5|5|5|5|9|5|5|5|5|9|5|5|5
19952,3,True,2,8,3,3|8|3|9|4|8|2|3|3|4|3|4|2|3|3
19961,8,False,8,2,8,8|8|8|8|8|1|8|8|1|8|8|8|8|8|8
19966,4,True,7,15,7,7|3|9|7|7|7|3|7|7|7|7|2|7|7|7
19968,3,True,8,12,8,8|8|8|8|8|8|3|8|8|8|8|8|3|3|8
19976,7,True,8,11,8,8|8|8|8|8|8|7|7|7|8|8|8|8|8|7
19981,7,True,1,15,1,1|1|0|1|1|1|0|1|1|1|0|0|1|0|1
19986,2,True,7,15,7,7|3|7|3|7|7|3|7|9|7|7|3|7|7|7
19989,2,True,3,10,2,0|8|2|6|0|2|2|1|3|0|0|2|6|2|4
19998,3,True,5,15,5,7|5|5|5|5|5|5|5|5|5|5|2|1|5|7
20000,4,True,7,8,7,7|7|7|4|4|7|4|4|4|7|4|7|7|7|4
20037,7,True,5,14,5,5|7|5|5|5|5|2|5|3|5|3|5|1|5|5
20064,6,True,2,14,0,0|0|2|0|2|0|6|2|2|0|0|0|2|0|0
20069,7,True,5,9,5,7|5|7|7|5|5|7|5|5|7|5|5|5|7|5
20088,5,False,5,8,5,5|1|7|1|5|5|3|1|3|5|7|5|5|5|2
20103,9,False,9,4,9,9|9|9|9|9|9|9|9|9|7|7|7|9|9|7
20116,0,True,1,14,1,1|1|1|1|1|1|0|1|1|1|1|1|1|1|1
20118,2,False,2,9,2,4|2|0|2|9|0|2|0|2|2|0|4|4|2|4
20131,7,False,7,3,7,7|9|7|7|7|7|7|7|9|7|7|7|9|7|7
20139,0,True,2,15,2,4|2|6|3|2|2|2|2|4|2|6|2|2|2|2
20150,7,True,5,8,7,7|5|3|7|7|5|7|3|1|5|5|7|5|7|7
20155,4,False,4,10,4,9|6|3|4|4|6|9|2|9|4|4|4|6|2|9
20179,6,False,6,7,6,0|6|0|6|6|3|3|4|0|6|6|6|0|6|6
20213,0,True,1,13,1,1|1|1|1|1|7|1|1|1|1|1|1|1|0|0
20217,3,False,3,6,3,3|3|2|2|3|4|3|2|3|4|3|3|3|3|4
20220,3,True,8,10,8,8|8|8|3|8|8|8|3|3|8|8|3|8|8|3
20227,4,True,6,3,4,4|9|9|4|4|4|4|4|4|4|4|9|4|4|4
20255,4,True,6,4,4,4|4|0|4|4|4|6|4|4|6|4|9|4|4|4
20265,7,False,7,6,7,7|7|7|2|2|5|9|7|7|5|9|7|7|7|7
20274,3,False,3,11,6,6|3|6|6|2|6|2|6|2|2|0|3|6|3|3
20292,5,True,9,1,5,5|5|5|5|5|5|5|5|9|5|5|5|5|5|5
20294,9,True,4,14,4,4|4|9|4|4|6|0|4|4|4|4|4|4|4|4
20320,5,False,5,8,5,5|1|1|5|5|1|1|1|8|5|5|5|5|3|2
20354,6,True,9,15,9,7|9|9|9|5|5|9|2|7|5|7|2|8|2|9
20359,6,False,6,6,6,6|0|0|6|6|0|6|6|4|6|0|6|6|0|6
20383,2,False,2,10,0,0|2|0|2|0|0|2|0|0|0|0|0|2|2|0
20392,5,True,8,15,8,8|8|8|3|8|8|2|8|1|8|3|8|8|8|8
20398,9,False,9,11,5,9|5|5|5|5|5|9|5|9|5|5|5|9|5|5
20413,6,False,6,13,4,4|6|0|6|4|4|4|4|4|4|4|4|4|4|4
20427,5,False,5,4,5,5|5|5|7|5|5|7|5|7|5|7|5|5|5|5
20449,9,True,7,12,7,7|7|7|7|7|7|9|7|9|7|7|7|9|7|7
20452,6,False,6,11,4,4|6|4|4|4|4|6|4|4|6|4|9|6|4|4
20463,1,False,1,8,1,0|1|0|0|7|1|0|1|0|1|1|1|6|0|1
20464,1,False,1,7,1,0|1|0|0|1|1|0|0|1|1|0|1|1|0|1
20466,1,False,1,14,8,9|8|8|5|8|0|7|7|1|6|6|3|6|8|0
20486,3,True,5,13,7,2|8|7|7|7|7|3|7|1|7|7|3|9|8|4
20555,6,True,0,4,6,0|6|0|6|6|6|6|0|6|0|6|6|6|6|6
20571,4,True,6,1,4,4|4|4|4|4|4|4|4|4|4|4|9|4|4|4
20621,2,True,3,12,3,3|3|3|3|3|3|2|6|3|2|8|3|2|3|3
20623,2,True,3,8,2,3|3|2|9|3|3|2|6|3|2|2|2|3|2|2
20630,3,True,8,12,8,0|8|8|8|8|8|8|3|3|8|3|8|8|8|8
20687,6,True,0,4,6,6|6|0|6|6|6|6|0|0|6|0|6|6|6|6
20691,4,False,4,9,-1,4|4|6|9|4|3|9|9|9|4|4|9|4|3|9
20708,1,False,1,3,1,1|1|1|7|1|1|1|1|1|1|1|7|1|7|1
20726,2,False,2,11,0,0|0|0|0|2|0|0|2|0|0|0|0|2|2|0
20754,9,True,7,10,7,9|8|9|7|7|5|7|7|9|7|9|7|9|7|7
20774,0,False,0,15,4,4|4|6|6|3|4|2|6|1|4|4|3|4|4|4
20777,5,False,5,7,5,3|8|5|5|7|5|5|5|3|5|3|5|7|3|5
20825,3,True,2,15,4,9|8|4|2|4|4|9|6|0|4|4|1|4|2|4
20835,4,False,4,5,4,9|4|4|3|4|4|3|4|4|4|4|4|4|2|9
20840,0,False,0,9,6,0|6|6|6|0|0|0|0|6|6|0|6|6|6|6
20841,9,True,4,12,8,8|8|8|9|8|8|2|9|8|8|3|8|9|2|8
20888,6,False,6,12,4,4|6|4|4|4|4|4|4|4|4|4|9|4|6|6
20895,2,False,2,11,-1,0|0|0|6|6|2|4|6|6|2|0|2|4|2|4
20897,3,True,2,13,0,0|0|0|0|4|2|2|3|0|0|0|2|2|2|3
20930,4,False,4,5,4,9|4|9|2|4|4|4|4|4|4|4|4|9|2|4
20952,9,True,7,13,7,7|7|7|7|7|7|9|7|7|2|7|7|9|7|7
20959,3,True,8,12,8,8|8|5|8|8|8|3|8|8|3|8|3|8|8|8
20960,0,False,0,11,6,0|6|0|6|6|6|6|6|0|6|6|6|6|0|6
20962,6,True,0,5,6,0|6|0|6|6|6|6|6|0|6|0|0|6|6|6
20983,8,False,8,4,8,8|8|8|3|8|8|8|8|3|8|8|3|8|8|3
20999,2,True,3,3,2,3|2|2|2|2|3|2|2|2|2|3|2|2|2|2
21005,9,True,4,11,4,9|4|9|4|4|4|4|4|4|4|4|9|9|4|4
21029,1,True,5,8,1,1|1|5|5|5|1|1|1|1|5|5|1|5|3|2
21036,1,False,1,9,1,1|2|1|4|0|1|3|4|4|0|6|1|1|4|1
21038,9,True,4,12,4,9|6|4|4|9|2|4|2|2|4|4|9|4|4|2
21062,3,True,8,12,8,8|8|8|3|8|8|3|8|8|8|8|8|8|3|8
21071,1,True,8,12,8,8|8|8|1|8|1|7|8|8|8|8|1|8|8|8
21082,9,True,7,13,7,7|3|7|7|7|5|7|7|7|9|7|7|9|7|7
21100,3,True,8,15,8,8|8|8|8|8|8|9|8|9|8|8|8|8|8|8
21115,4,False,4,7,4,9|4|9|9|4|9|9|4|9|9|4|4|4|4|4
21142,0,True,2,4,0,0|0|0|2|0|0|0|0|0|0|0|2|2|0|6
21149,3,False,3,2,3,3|2|3|3|3|3|3|3|3|3|8|3|3|3|3
21211,7,True,5,9,5,7|5|7|5|7|5|7|7|7|5|5|5|5|5|5
21219,6,True,0,4,6,6|6|0|6|6|0|0|0|6|6|6|6|6|6|6
21249,0,False,0,13,6,0|6|6|6|4|0|6|4|6|4|6|8|6|6|4
21264,1,False,1,3,1,1|7|1|1|1|1|1|1|1|1|7|1|1|7|1
21298,6,True,3,13,3,3|6|3|2|3|3|2|7|3|2|3|3|6|3|2
21309,0,False,0,12,6,6|6|0|0|6|6|6|0|6|6|6|6|6|6|6
21327,6,False,6,1,6,6|6|6|6|6|6|6|0|6|6|6|6|6|6|6
21358,2,False,2,11,0,0|0|0|0|0|0|0|2|0|0|2|2|2|0|9
21367,8,False,8,1,8,8|8|8|8|8|8|9|8|8|8|8|8|8|8|8
21385,4,False,4,5,4,1|4|9|4|4|4|9|4|9|4|4|9|4|4|4
21386,2,True,3,8,3,3|3|2|3|2|2|3|3|2|2|3|3|2|2|3
21393,0,True,1,14,3,3|8|3|3|3|3|3|3|0|3|2|1|3|8|3
21398,2,True,9,8,2,9|8|9|2|2|5|2|2|2|9|7|9|9|2|2
21403,0,True,2,13,8,0|2|4|3|8|8|8|3|0|8|2|8|8|3|4
21426,3,True,8,14,0,1|7|0|4|8|0|3|2|6|2|0|9|0|8|6
21432,3,True,2,15,4,4|9|4|2|4|4|4|6|9|0|0|2|4|4|9
21436,9,True,4,7,9,9|9|9|9|4|4|9|9|9|4|4|4|9|4|4
21493,4,False,4,10,-1,2|2|3|2|7|2|3|4|4|4|4|2|6|6|4
21494,8,True,2,15,6,0|6|0|6|6|6|6|6|0|0|0|6|6|0|6
21505,7,True,8,12,5,7|8|5|2|5|5|2|7|5|3|5|1|5|5|7
21508,5,False,5,9,5,7|7|5|7|5|5|6|5|1|5|7|7|2|2|5
21527,2,True,3,6,2,3|2|2|2|2|3|2|3|3|2|3|3|2|2|2
21538,1,False,1,5,1,1|1|1|7|7|1|7|7|1|1|1|1|1|7|1
21555,3,True,8,10,8,3|8|8|8|8|8|8|3|3|8|8|3|5|5|3
21591,6,True,0,6,6,0|0|0|6|6|6|6|0|6|6|0|0|6|6|6
21600,1,True,8,14,8,8|7|8|8|8|8|8|3|7|1|7|8|7|7|8
21610,3,True,8,12,8,8|8|8|8|8|8|8|3|3|8|8|8|8|3|8
21616,3,True,4,14,4,9|4|4|2|4|6|4|4|9|2|4|4|4|4|3
21624,7,True,1,10,1,1|1|1|1|7|1|7|7|1|1|7|1|1|7|1
21638,8,False,8,3,8,8|8|8|8|8|8|8|8|8|8|8|3|8|3|3
21661,1,True,5,13,5,5|1|5|5|5|5|5|5|1|5|5|5|5|5|2
21694,5,False,5,7,5,7|5|5|5|5|7|1|5|7|5|7|5|5|7|2
21700,6,True,0,4,6,6|6|0|0|6|0|6|0|6|6|6|6|6|6|6
21712,4,True,6,8,4,0|4|0|4|4|0|0|6|4|4|4|0|2|2|4
21713,6,False,6,15,0,0|0|0|2|3|8|0|1|0|0|0|0|0|8|0
21718,7,False,7,12,5,5|5|5|5|7|3|8|7|2|5|7|5|2|5|4
21730,4,True,6,10,6,2|4|0|6|4|0|4|4|6|6|6|6|6|4|6
21752,6,True,2,15,4,9|4|4|9|4|4|4|4|9|9|4|9|9|4|4
21756,7,False,7,3,7,7|7|9|7|7|7|4|7|7|9|7|7|7|7|7
21774,9,True,4,12,4,0|4|9|2|4|6|9|2|9|4|4|6|2|6|4
21783,4,False,4,9,9,9|9|9|9|9|4|9|4|4|9|4|9|9|4|4
21802,0,True,2,6,0,0|0|0|0|0|8|8|0|0|0|0|2|6|2|4
21805,0,False,0,10,6,0|6|0|6|0|6|6|0|6|6|0|6|6|6|6
21807,2,True,3,7,2,4|2|3|3|0|2|2|2|3|2|4|2|2|2|3
21821,6,True,3,12,3,9|6|3|3|6|6|3|3|4|4|8|3|3|4|4
21826,6,True,0,1,6,6|6|6|6|6|6|6|6|0|6|6|6|6|6|6
21828,9,True,7,14,7,7|1|7|7|5|3|2|7|3|7|7|7|9|7|7
21871,3,False,3,14,0,0|0|0|7|0|6|0|0|6|6|0|3|2|0|6
21872,0,True,1,15,1,1|1|1|1|1|1|1|1|1|1|1|1|1|1|1
21882,4,True,1,13,0,0|0|0|2|0|4|7|0|1|8|1|0|4|0|1
21898,2,False,2,11,0,0|2|0|0|0|0|0|0|0|0|0|2|2|2|0
21924,0,True,2,4,0,0|0|0|0|4|0|0|0|0|0|0|0|6|2|4
21926,4,True,6,12,6,6|4|6|6|6|6|4|4|6|6|6|6|6|6|6
21935,5,False,5,8,7,5|5|5|7|7|7|5|5|7|5|7|7|5|7|7
21974,9,True,7,14,7,7|7|7|7|7|7|7|7|9|7|7|7|7|2|7
21999,8,False,8,3,8,8|8|8|8|8|8|8|1|1|8|8|1|8|8|8
22000,2,True,3,12,3,3|2|0|2|3|0|3|2|3|3|3|3|3|3|3
22026,6,True,0,9,0,0|6|6|6|3|0|8|0|0|0|0|6|6|6|0
22048,0,True,2,6,0,8|0|0|0|0|0|2|2|0|0|0|0|2|4|4
22052,9,False,9,13,5,9|5|5|5|5|5|5|5|9|5|5|5|5|5|5
22073,5,True,9,5,5,9|5|5|5|9|5|5|5|9|5|5|5|5|9|9
22074,3,True,8,13,4,1|4|3|6|4|0|4|4|4|4|4|6|9|3|9
22086,6,True,0,11,0,3|6|0|0|4|6|6|0|0|0|0|2|6|3|4
22102,0,False,0,11,6,0|6|6|6|6|6|0|6|0|6|0|6|6|6|6
22112,2,True,3,8,2,3|3|2|6|3|3|2|2|0|2|2|3|2|2|0
22126,8,True,3,15,3,3|3|2|2|3|3|2|3|3|2|3|3|3|3|3
22133,4,False,4,11,8,8|8|0|6|8|8|4|8|4|8|4|8|1|4|8
22136,6,True,1,15,1,1|1|1|1|1|1|1|1|1|1|1|1|1|1|1
22142,7,True,1,11,1,1|7|1|7|7|1|1|1|1|1|1|6|1|7|1
22148,9,True,4,13,4,9|4|9|4|4|3|3|3|4|4|4|6|4|4|4
22151,6,True,3,13,3,3|3|2|6|2|2|6|3|3|3|2|3|2|3|2
22156,7,False,7,4,7,7|7|7|9|7|7|9|7|9|9|7|7|7|7|7
22158,9,True,7,9,9,9|9|5|7|7|1|9|7|9|5|5|9|5|5|9
22185,0,True,2,15,9,9|9|9|9|9|4|9|4|4|4|4|9|4|4|9
22191,4,True,1,15,7,1|1|7|7|7|7|1|1|7|1|7|7|1|7|1
22204,7,False,7,4,7,7|7|5|5|7|7|9|7|7|7|7|3|7|7|7
22219,9,True,4,9,4,9|4|9|4|4|4|9|4|4|4|4|9|4|9|9
22223,9,True,4,7,9,4|2|9|4|9|9|4|9|9|9|4|9|9|4|4
22235,9,True,7,14,7,7|7|7|7|7|7|2|7|9|7|7|7|7|7|7
22261,5,True,9,2,5,5|5|5|5|5|5|9|5|9|5|5|5|5|5|5
22263,1,False,1,8,1,1|0|1|7|7|1|7|1|1|1|0|6|1|0|0
22269,9,True,7,11,7,9|7|7|7|7|5|9|7|9|7|7|7|9|2|7
22274,2,False,2,13,8,9|8|8|2|4|0|8|0|9|8|2|9|4|3|0
22284,1,False,1,9,7,7|1|7|7|7|1|1|7|1|7|7|1|1|7|7
22329,0,False,0,10,6,0|6|0|6|6|6|0|6|6|0|0|6|6|6|6
22347,6,True,3,11,3,6|6|3|6|2|2|3|2|1|2|3|3|4|3|6
22386,5,True,9,1,5,5|5|5|5|5|5|5|5|9|5|5|5|5|5|5
22413,7,False,7,2,7,7|7|7|7|7|7|7|7|4|7|7|7|8|7|7
22417,6,True,0,4,6,0|6|6|6|6|6|6|6|0|6|0|6|8|6|6
22419,9,True,4,14,4,4|4|9|4|4|4|4|4|4|4|4|4|4|4|4
22421,5,False,5,4,5,1|5|1|5|5|5|7|5|3|5|5|5|5|5|5
22435,2,True,9,15,5,9|5|5|5|5|5|9|5|9|5|5|9|5|5|5
22439,1,False,1,3,1,1|1|1|1|7|1|7|1|1|1|1|1|1|7|1
22442,0,False,0,15,6,6|6|6|6|6|6|6|6|6|6|6|6|6|6|6
22459,8,True,7,14,7,9|7|5|7|7|7|8|9|7|9|7|7|9|5|9
22463,9,True,7,4,9,9|9|7|9|9|5|9|7|9|9|7|9|9|9|9
22491,9,True,7,14,-1,5|2|7|1|2|1|9|1|3|3|2|5|5|2|1
22498,1,True,5,14,5,5|5|5|2|5|5|5|5|1|5|5|2|5|8|2
22534,6,True,0,1,6,6|6|0|6|6|6|6|6|6|6|6|6|6|6|6
22557,0,True,1,9,1,0|1|0|1|1|1|0|1|0|1|1|0|1|0|1
22562,9,True,4,10,4,4|4|9|9|4|4|9|4|9|4|4|9|4|4|4
22578,6,True,0,2,6,6|6|6|6|6|6|0|6|6|6|6|6|6|0|6
22584,5,False,5,8,5,5|2|7|5|7|1|5|1|5|5|7|7|5|2|5
22590,0,False,0,4,0,0|0|0|6|0|0|2|0|6|0|0|0|6|0|0
22603,8,False,8,6,8,8|8|0|8|8|8|3|0|8|6|8|6|8|8|4
22632,4,True,6,13,6,0|3|6|3|6|6|2|4|4|6|0|6|6|3|0
22634,1,False,1,11,-1,0|1|0|2|2|2|2|4|1|0|3|1|1|0|6
22643,6,True,0,5,6,6|6|0|0|6|6|0|6|6|0|0|6|6|6|6
22663,4,True,6,14,0,0|0|0|6|0|0|0|2|0|0|0|2|2|2|4
22665,4,True,6,2,4,4|6|4|4|4|4|4|4|4|4|4|4|4|4|6
22683,2,True,7,15,7,7|7|9|7|7|5|9|7|7|7|7|7|8|7|7
22684,8,False,8,2,8,7|8|8|8|8|8|8|2|8|8|8|8|8|8|8
22701,6,True,0,3,6,6|6|0|0|6|0|6|6|6|6|6|6|6|6|6
22755,5,True,9,1,5,9|5|5|5|5|5|5|5|5|5|5|5|5|5|5
22763,9,True,4,14,4,4|4|4|4|4|4|9|4|4|4|4|4|4|4|4
22770,7,True,1,15,1,1|0|1|1|0|1|1|1|1|1|1|1|1|0|1
22772,6,True,0,10,0,0|0|0|0|6|0|6|4|0|0|0|6|6|6|4
22801,0,True,2,6,0,0|0|0|0|2|0|0|2|2|0|0|0|2|2|2
22827,6,True,3,11,-1,2|3|2|2|0|3|6|3|6|2|6|3|6|2|3
22835,5,True,9,1,5,5|5|5|5|5|5|9|5|5|5|5|5|5|5|5
22865,1,False,1,4,1,1|0|1|1|1|1|0|1|1|1|0|1|1|0|1
22867,9,False,9,15,5,5|5|5|5|5|5|5|5|2|5|5|5|5|5|5
22876,4,False,4,9,4,4|2|0|0|0|0|4|4|0|4|9|2|4|4|6
22885,9,True,4,5,9,9|4|9|9|9|9|4|9|9|4|4|9|9|4|9
22886,6,True,0,3,6,0|6|4|6|6|0|6|6|6|6|6|6|6|6|6
22901,9,True,4,8,4,9|4|9|9|4|9|9|4|9|4|4|9|4|4|4
22911,9,True,7,5,9,9|7|9|9|9|7|9|2|9|9|9|9|9|7|7
22926,7,True,1,6,7,1|1|1|7|7|7|7|7|1|1|7|7|1|7|7
22953,3,False,3,7,3,3|2|3|2|3|3|2|3|3|2|2|2|2|3|3
22954,1,False,1,4,1,0|1|1|1|1|1|1|1|0|1|0|1|1|0|1
22976,6,False,6,14,4,4|4|0|4|4|4|6|4|4|4|4|9|4|4|4
22978,4,True,6,5,4,4|4|9|4|4|4|2|8|4|4|4|9|4|4|9
22984,2,True,3,5,2,3|3|2|2|2|3|2|3|2|2|2|2|2|3|2
22985,5,True,6,15,6,6|6|6|6|8|8|6|6|0|0|6|6|6|6|6
22987,3,False,3,4,3,3|2|3|4|3|3|6|3|3|3|3|3|4|3|3
22989,0,True,2,10,2,0|0|0|2|2|2|6|2|2|0|2|2|6|2|0
22992,7,True,8,15,8,8|8|8|8|8|8|8|4|8|8|8|8|8|8|8
23015,7,False,7,9,5,5|5|5|7|7|5|1|7|9|7|5|7|5|5|7
23019,5,True,9,1,5,5|5|5|5|5|5|5|5|9|5|5|5|5|5|5
23039,9,True,7,14,7,7|7|7|2|2|7|9|7|7|7|7|7|7|7|7
23070,8,False,8,3,8,8|3|8|8|8|8|3|8|3|8|8|8|8|8|8
23110,3,True,5,9,5,5|8|5|5|5|5|3|3|3|5|3|3|5|3|7
23113,9,True,7,14,7,7|7|7|7|7|3|7|5|8|7|7|7|9|7|7
23131,1,True,5,15,5,5|5|5|5|5|5|9|5|9|5|5|5|5|5|5
23254,0,False,0,9,6,6|6|0|0|6|6|6|0|0|6|0|0|6|6|6
23262,0,False,0,14,6,6|6|6|6|6|6|6|0|6|6|6|6|6|6|6
23276,0,False,0,11,0,3|0|0|6|6|3|2|4|1|0|0|2|2|3|6
23340,7,False,7,14,2,7|5|1|5|2|3|2|2|2|2|2|2|5|2|2
23345,8,False,8,4,8,8|8|8|7|8|8|7|7|7|8|8|8|8|8|8
23350,3,True,5,15,5,7|1|5|5|5|5|5|1|7|1|5|2|9|7|7
23369,7,True,1,14,1,0|0|0|1|0|6|7|1|1|1|0|1|1|0|1
23372,1,False,1,6,1,0|1|0|0|0|1|1|1|1|1|1|0|1|0|1
23393,5,True,9,1,5,5|5|5|5|5|5|9|5|5|5|5|5|5|5|5
23398,6,False,6,15,-1,9|0|0|0|9|8|4|4|3|2|0|2|1|4|4
23406,6,True,3,13,3,3|6|3|3|3|3|6|3|3|3|3|3|3|3|3
23411,9,True,4,13,4,4|4|4|6|4|9|6|4|4|4|4|9|6|4|4
23419,9,False,9,14,5,5|5|5|5|5|5|9|5|2|5|5|5|5|5|5
23425,9,True,8,15,8,8|3|8|8|8|8|8|3|8|8|8|8|8|8|3
23441,2,True,9,15,5,5|5|5|5|5|5|5|5|5|5|5|5|5|5|5
23448,7,False,7,6,7,7|7|9|7|7|5|9|7|9|7|7|7|9|2|7
23459,6,False,6,14,8,8|8|8|8|8|8|2|8|1|8|8|8|8|8|6
23471,0,False,0,12,6,0|6|0|6|6|0|6|6|6|6|6|6|6|6|6
23495,4,True,6,12,0,4|0|6|0|2|0|2|2|4|0|0|2|4|6|6
23499,7,False,7,11,7,7|8|7|7|5|5|9|1|3|3|8|1|5|7|2
23506,0,True,2,6,0,0|0|0|0|0|0|2|9|0|2|4|0|0|2|2
23516,0,False,0,9,6,0|0|0|0|6|0|6|6|6|6|0|6|6|6|6
23520,3,False,3,6,3,3|3|3|2|3|3|2|3|2|2|3|3|2|2|3
23553,2,False,2,13,0,0|0|2|0|0|6|0|0|0|0|0|0|2|0|0
23558,9,True,4,11,4,9|4|4|9|4|4|9|4|4|4|4|4|9|4|4
23559,6,True,3,15,3,3|3|3|3|2|2|2|3|3|2|3|3|3|3|3
23566,3,False,3,13,2,3|6|4|2|2|0|3|2|4|4|4|2|6|2|6
23569,3,False,3,6,3,3|8|3|3|2|3|3|3|8|3|3|6|2|3|2
23573,8,True,6,15,4,4|4|9|4|4|9|6|4|4|4|4|9|6|4|4
23579,6,False,6,13,4,4|6|4|4|4|4|6|4|4|4|4|4|4|4|4
23583,0,False,0,9,6,0|6|0|0|6|0|6|1|6|0|0|6|6|6|6
23642,0,True,3,13,3,0|3|0|6|3|3|1|3|2|3|3|6|4|6|1
23656,2,False,2,13,6,6|6|2|3|6|4|2|6|6|4|6|6|4|3|6
23662,3,False,3,6,3,3|6|3|2|3|3|3|3|3|2|2|3|2|3|6
23666,5,False,5,4,5,9|5|5|5|5|5|9|5|1|5|5|9|5|5|5
23710,0,True,1,10,1,0|1|1|0|1|1|1|1|1|1|0|0|1|0|1
23715,0,False,0,5,0,0|0|0|6|6|0|6|0|0|0|0|0|6|6|0
23739,4,True,1,15,1,1|1|1|1|1|7|1|1|1|1|7|1|1|7|1
23741,5,True,9,15,7,7|7|9|9|7|7|8|7|7|7|7|7|9|7|7
23754,0,False,0,5,0,0|6|0|0|0|0|2|2|0|0|6|0|6|0|0
23778,8,True,2,14,2,0|8|0|2|2|0|2|2|2|0|0|2|2|6|2
23784,1,False,1,8,1,1|1|0|1|7|1|2|1|0|3|8|1|1|3|3
23792,9,True,4,12,4,4|4|9|4|4|4|9|4|4|4|4|9|4|4|4
23799,1,False,1,3,1,1|1|1|1|1|6|0|1|1|1|0|1|1|1|1
23805,0,True,2,8,0,0|0|0|2|4|0|0|6|4|0|4|9|4|0|4
23818,9,True,4,11,4,3|4|9|4|4|4|9|4|9|9|4|4|1|4|4
23836,7,True,5,9,-1,7|8|5|7|7|7|5|5|1|5|5|7|2|5|7
23849,6,True,0,8,6,7|6|2|6|4|8|8|2|6|6|0|6|6|0|6
23871,6,True,1,14,1,1|1|1|1|1|1|1|1|1|1|1|1|6|0|1
23878,7,True,8,12,8,8|8|7|7|8|8|5|8|8|1|8|8|8|7|8
23882,2,True,3,6,2,3|2|3|2|2|3|2|2|3|2|3|2|2|2|3
23891,6,False,6,14,8,1|8|8|7|8|8|8|2|3|8|9|8|4|0|6
23925,9,False,9,13,5,9|5|5|5|5|5|9|5|5|5|5|5|5|5|5
23945,6,True,3,13,3,3|6|3|3|3|3|3|2|3|2|9|3|6|3|7
23949,2,False,2,6,2,8|2|0|2|2|2|6|3|2|2|0|2|6|2|2
23950,3,True,2,15,0,0|0|0|0|0|0|2|0|4|0|0|0|2|2|4
23977,4,True,1,14,1,1|1|1|1|1|1|1|4|1|1|1|1|1|1|1
23994,0,True,1,13,1,0|1|1|1|1|1|1|1|1|1|1|1|1|0|1
24001,5,True,9,2,5,5|5|5|5|5|5|9|5|9|5|5|5|5|5|5
24010,4,True,6,1,4,4|4|6|4|4|4|4|4|4|4|4|4|4|4|4
24026,9,True,8,15,8,8|3|8|8|8|8|4|8|8|8|8|8|8|8|8
24044,0,True,2,3,0,0|0|0|0|0|0|2|0|0|0|0|0|6|0|4
24062,0,True,2,10,-1,2|8|0|0|2|8|6|0|0|0|8|8|2|2|8
24084,6,True,3,14,9,9|6|9|3|4|8|4|9|9|9|4|9|1|4|3
24085,9,True,7,14,7,7|7|7|3|7|7|7|7|7|7|7|7|9|7|7
24093,3,True,8,12,8,8|8|8|8|8|8|8|8|3|8|8|3|8|3|8
24096,6,True,3,8,6,3|6|6|6|3|6|6|0|3|4|6|3|2|3|6
24104,9,True,8,13,8,8|8|9|8|7|8|3|0|9|4|4|8|2|8|6
24124,4,False,4,3,4,9|4|4|4|4|4|2|4|4|4|4|9|4|4|4
24135,0,True,1,13,1,1|1|1|1|1|1|1|1|1|1|0|1|1|0|1
24137,9,False,9,14,5,5|5|5|5|5|5|5|5|9|5|5|5|5|5|5
24144,5,True,9,1,5,5|5|5|5|5|5|5|5|9|5|5|5|5|5|5
24173,7,False,7,7,7,7|1|5|1|7|2|5|7|4|7|7|7|9|7|7
24178,0,False,0,13,6,6|6|3|2|6|3|0|3|0|6|6|6|7|6|6
24197,5,False,5,15,7,7|7|7|7|7|7|9|4|9|7|7|7|2|4|7
24199,9,True,7,9,7,7|7|7|7|7|1|9|9|9|7|7|7|9|9|9
24214,6,True,0,7,6,0|6|6|6|7|0|4|6|0|0|6|6|6|6|0
24231,5,True,9,3,5,9|5|5|5|5|5|9|5|9|5|5|5|5|5|5
24251,0,False,0,14,6,6|6|0|6|6|3|6|3|6|6|6|3|6|6|6
24265,7,True,5,13,5,7|5|5|7|5|5|5|5|1|5|5|5|5|2|5
24266,8,False,8,2,8,8|8|8|8|8|8|9|8|9|8|8|8|8|8|8
24332,6,True,0,9,0,0|6|0|6|6|0|2|6|0|0|0|2|6|6|0
24353,2,True,5,13,5,5|5|5|5|5|5|2|1|5|5|7|2|1|5|0
24390,5,True,9,1,5,7|5|5|5|5|5|5|5|5|5|5|5|5|5|5
24415,9,False,9,13,5,5|5|5|5|5|5|5|5|9|5|5|5|5|5|9
24425,8,False,8,1,8,8|8|8|8|8|8|8|8|7|8|8|8|8|8|8
24449,7,True,1,3,7,1|7|7|7|7|7|7|7|7|1|7|7|1|7|7
24458,4,True,1,14,1,0|1|1|0|1|1|4|1|1|1|1|1|1|0|0
24459,0,True,1,13,1,1|8|0|7|5|1|2|1|1|7|2|1|2|2|0
24484,4,True,7,14,7,7|7|7|7|7|7|4|7|7|7|7|7|7|2|7
24489,9,True,4,8,4,9|4|9|4|9|4|9|4|9|4|4|9|9|4|4
24491,5,True,9,3,5,9|5|5|5|5|5|5|5|9|5|5|5|5|9|5
24503,9,False,9,15,5,5|5|5|5|5|5|5|5|5|5|5|5|5|5|5
24518,5,True,9,2,5,9|5|5|5|5|5|5|5|9|5|5|5|5|5|5
24527,1,True,5,10,5,1|1|5|5|5|5|5|1|1|5|5|3|5|5|1
24553,3,True,8,12,8,8|8|8|8|8|8|3|3|3|8|8|8|8|8|8
24557,4,True,6,11,4,1|4|3|2|6|4|2|4|9|2|4|6|1|3|3
24567,0,False,0,4,0,0|0|0|7|0|0|0|0|6|0|0|6|6|0|0
24589,2,True,3,12,-1,2|0|6|6|0|3|2|6|0|2|0|6|6|4|0
24606,7,True,8,10,8,8|8|8|7|8|8|7|7|8|8|8|7|8|7|3
24616,4,True,1,12,1,1|1|1|1|4|1|4|1|4|1|1|1|1|1|1
24638,4,True,6,15,6,6|6|0|0|6|6|0|6|6|6|6|6|6|6|6
24663,7,False,7,5,7,7|7|1|7|5|7|9|7|2|7|7|7|7|5|7
24672,4,False,4,7,4,8|6|9|8|8|4|4|4|4|8|4|4|8|4|4
24705,7,True,8,14,8,8|8|8|2|8|8|8|7|3|8|8|8|9|8|8
24711,0,True,3,14,3,0|3|3|2|3|3|3|3|3|3|3|3|3|3|4
24724,3,False,3,8,3,3|3|3|9|2|6|2|9|3|4|3|3|2|3|2
24726,2,False,2,7,2,2|0|0|4|2|4|2|2|2|0|0|2|2|2|4
24758,1,True,8,13,8,8|8|8|8|8|8|8|1|1|8|8|8|8|8|8
24765,5,False,5,9,2,2|5|0|5|8|5|2|2|2|5|2|5|2|2|5
24801,7,True,1,13,1,1|1|1|1|7|1|6|1|1|1|1|1|1|7|1
24834,9,True,7,13,7,7|7|7|9|7|7|9|3|7|7|7|7|7|2|7
24843,7,False,7,3,7,7|9|7|7|7|3|8|7|7|7|7|7|7|7|7
24928,6,True,0,4,6,6|6|0|0|6|6|6|0|6|6|0|6|6|6|6
24942,2,False,2,11,0,0|0|0|0|2|0|2|2|0|4|0|0|2|0|4
24946,1,False,1,3,1,1|1|1|1|1|1|7|1|1|1|7|1|1|7|1
24952,1,True,5,13,-1,7|1|7|5|7|5|5|5|3|1|3|8|9|8|7
24984,4,True,6,14,6,3|6|6|6|6|0|6|4|6|6|6|6|6|6|6
24988,9,True,4,15,4,4|4|4|2|4|4|4|4|4|4|4|4|4|4|4
25005,8,False,8,6,8,7|8|8|8|8|8|7|3|8|8|8|7|7|5|8
25008,5,True,9,2,5,5|5|5|5|9|5|9|5|5|5|5|5|5|5|5
25010,9,True,4,12,4,9|4|4|0|4|4|9|4|9|4|4|6|4|4|4
25034,4,False,4,6,4,9|9|0|9|4|6|4|4|4|4|4|9|4|4|4
25046,9,True,7,11,7,7|7|7|9|7|8|9|7|9|7|7|7|9|7|7
25079,6,True,0,5,6,0|6|0|0|6|6|0|6|6|6|0|6|6|6|6
25112,4,False,4,7,4,4|3|5|4|4|9|9|4|4|4|4|2|1|3|4
25119,3,False,3,15,6,2|0|6|6|6|0|2|6|6|0|6|6|6|6|6
25130,5,False,5,12,7,7|7|5|7|7|7|9|7|7|5|7|7|7|5|7
25149,9,True,7,15,7,7|7|7|7|7|7|3|7|2|7|7|7|7|7|7
25150,8,False,8,7,8,8|3|3|8|8|8|3|8|9|8|8|3|3|3|8
25170,9,True,4,10,4,9|4|2|4|4|4|9|6|9|9|4|6|4|4|9
25202,9,True,8,14,8,8|8|8|8|8|8|2|3|9|8|8|8|8|8|8
25240,1,True,8,12,8,1|8|8|8|8|1|8|8|1|8|8|7|8|8|8
25266,0,True,1,13,1,1|0|1|1|1|1|4|1|1|1|1|1|1|0|1
25298,3,False,3,11,2,3|2|3|2|2|2|7|2|7|2|5|6|3|2|3
25320,5,True,9,1,5,9|5|5|5|5|5|5|5|5|5|5|5|5|5|5
25406,7,False,7,2,7,7|7|7|7|7|7|9|7|9|7|7|7|7|7|7
25416,4,False,4,15,2,2|6|0|0|2|0|2|2|2|2|8|2|2|2|2
25493,6,True,0,5,6,0|6|0|6|6|6|6|1|4|6|6|6|3|6|6
25521,5,False,5,8,5,3|3|5|5|7|7|1|5|1|5|5|2|1|5|5
25522,2,True,3,5,2,3|3|2|2|2|3|3|2|3|2|2|2|2|2|2
25527,4,True,6,15,-1,8|0|3|0|5|2|0|0|1|6|6|2|6|8|6
25534,3,True,5,10,5,5|3|3|5|5|3|5|5|3|5|5|3|5|5|5
25556,9,False,9,14,5,5|5|5|5|5|1|9|5|5|5|5|5|5|5|5
25563,6,True,0,0,6,6|6|6|6|6|6|6|6|6|6|6|6|6|6|6
25577,5,True,9,0,5,5|5|5|5|5|5|5|5|5|5|5|5|5|5|5
25581,9,True,7,15,7,7|7|7|7|7|7|7|7|7|7|7|7|7|7|7
25608,1,True,5,14,8,8|5|8|8|5|5|1|8|2|8|8|8|7|2|7
25640,0,False,0,10,6,0|6|0|6|6|0|6|0|6|6|0|6|6|6|6
25649,9,False,9,15,5,5|5|5|5|5|5|5|5|5|5|5|5|5|5|5
25674,6,False,6,12,4,8|4|6|6|4|4|2|8|4|4|4|6|4|4|4
25677,4,False,4,13,0,0|0|0|2|2|0|0|0|0|4|0|0|2|0|4
25683,7,True,5,5,7,7|7|5|7|5|5|7|7|7|5|7|7|9|7|7
25691,0,True,2,8,0,0|0|0|2|2|0|2|6|4|0|0|0|2|2|4
25710,9,True,7,9,7,9|7|5|7|9|7|9|7|7|9|7|9|9|7|7
25741,0,True,2,8,-1,0|0|0|0|0|0|2|2|2|2|0|2|2|2|3
25750,6,False,6,7,6,4|6|6|6|4|0|4|4|4|6|4|6|6|6|6
25766,6,False,6,14,4,4|4|4|4|4|4|6|4|4|4|4|4|4|4|4
25789,2,False,2,15,4,9|4|9|4|9|4|9|4|9|4|4|4|9|4|4
25793,3,True,2,13,4,4|4|9|9|4|4|3|4|4|4|4|9|4|3|9
25857,2,False,2,5,2,0|8|0|2|2|2|8|2|2|2|2|2|2|2|4
25862,9,False,9,13,5,9|5|5|5|5|5|5|5|9|5|5|5|5|5|5
25870,0,True,1,9,1,0|1|0|1|0|1|0|1|1|1|0|0|1|1|1
25886,4,False,4,3,4,4|4|4|4|4|4|9|4|4|4|4|9|9|4|4
25908,9,False,9,15,5,5|5|5|5|5|5|7|5|7|5|5|5|5|5|5
25956,9,True,4,15,4,4|4|4|4|4|4|4|4|4|4|4|4|4|4|4
25971,3,False,3,14,6,0|6|0|6|2|3|4|0|0|6|6|6|6|0|4
25973,7,False,7,5,7,7|7|7|4|4|7|4|4|8|7|7|7|7|7|7
25983,7,True,8,12,8,8|8|8|8|8|8|8|2|7|8|8|7|7|8|8
25994,2,False,2,12,0,0|2|0|0|2|0|0|0|0|0|0|0|2|0|0
26015,4,True,6,10,2,4|2|2|2|2|0|6|3|4|0|4|2|2|4|4
26024,9,True,4,10,4,9|4|9|2|9|9|4|4|3|4|4|4|4|9|1
26035,8,False,8,1,8,8|8|8|8|8|8|8|8|3|8|8|8|8|8|8
26041,0,False,0,11,6,2|6|0|6|6|0|0|0|6|6|6|6|6|6|6
26058,8,True,2,14,2,3|1|2|2|2|6|8|2|1|3|2|5|4|3|3
26071,4,True,6,8,4,4|6|0|4|4|4|4|4|0|6|0|0|6|0|4
26115,6,False,6,4,6,0|6|0|6|6|0|6|6|6|6|0|6|6|6|6
26120,6,False,6,1,6,6|6|6|6|6|6|4|6|6|6|6|6|6|6|6
26125,6,False,6,11,4,4|6|4|4|4|4|4|4|4|6|4|6|6|4|4
26128,9,True,6,15,0,0|6|0|0|8|3|8|1|4|2|8|6|7|3|0
26152,1,False,1,10,0,1|0|0|0|2|8|0|4|1|1|1|0|3|0|1
26211,6,True,0,7,6,6|6|0|8|3|6|6|4|4|0|6|6|6|6|4
26221,7,True,1,13,1,1|1|1|1|1|1|1|1|1|2|7|1|1|7|1
26245,5,True,9,0,5,5|5|5|5|5|5|5|5|5|5|5|5|5|5|5
26267,4,True,6,15,6,6|6|6|6|6|6|6|6|6|6|6|6|6|6|6
26278,9,True,4,12,4,6|4|9|4|4|4|9|4|9|4|4|4|4|4|4
26289,9,True,7,9,7,7|9|9|9|7|7|9|7|9|7|7|7|9|7|7
26297,7,False,7,4,7,7|3|7|7|7|7|2|7|7|7|7|3|7|2|7
26299,7,True,8,15,8,8|8|8|8|8|8|8|1|8|8|8|8|8|8|8
26308,2,False,2,12,3,8|3|0|3|4|3|3|8|3|8|0|2|2|2|8
26313,9,True,4,6,9,9|9|9|9|9|4|9|4|4|4|4|9|9|4|9
26321,2,False,2,10,0,0|0|0|2|0|0|0|0|0|0|0|2|2|2|2
26329,7,False,7,4,7,7|7|7|7|9|7|9|7|9|7|7|7|7|7|9
26337,5,True,9,14,2,9|2|9|2|2|5|2|2|9|9|9|2|9|7|2
26358,6,False,6,9,4,4|6|0|6|4|4|6|6|4|4|4|6|6|4|4
26363,5,True,8,15,8,8|8|8|8|8|8|9|8|3|8|8|8|8|8|8
26381,3,True,8,15,4,4|0|4|4|4|0|4|8|6|4|4|4|4|4|4
26424,3,True,7,14,7,7|2|7|7|2|7|3|7|7|7|7|7|9|2|7
26453,9,False,9,11,2,9|2|2|2|9|5|2|2|9|2|2|2|2|9|5
26476,6,True,0,8,6,0|0|6|2|0|6|3|0|6|6|6|6|6|3|2
26480,9,True,4,14,4,0|6|0|6|4|6|9|4|3|0|2|4|4|4|4
26494,3,True,7,14,7,7|7|7|7|7|3|9|7|7|7|7|7|7|7|7
26496,4,True,6,11,6,6|6|6|6|4|6|4|6|4|6|6|6|4|6|6
26498,3,True,5,14,5,1|2|5|5|5|5|7|5|5|5|5|1|2|3|5
26510,9,True,4,11,4,9|4|9|4|4|4|4|4|4|4|4|9|9|4|4
26544,1,False,1,5,1,1|0|1|1|1|1|5|0|1|1|1|6|1|1|6
26561,3,False,3,9,2,2|2|3|3|3|2|2|3|0|2|2|2|3|3|2
26574,0,True,2,4,0,0|0|0|0|0|0|0|0|0|2|0|2|2|0|2
26576,3,True,8,15,8,8|8|8|8|8|8|9|8|1|8|8|8|8|8|8
26577,9,True,4,9,4,9|4|9|9|9|4|4|4|9|4|4|9|4|4|4
26585,6,True,0,5,6,6|0|0|6|6|6|6|0|0|6|0|6|6|6|6
26597,5,True,9,1,5,5|5|5|5|5|1|5|5|5|5|5|5|5|5|5
26618,9,True,7,14,7,7|7|7|7|7|7|7|7|7|7|7|7|9|7|7
26640,0,True,1,9,1,1|0|0|1|1|0|0|1|0|1|1|1|1|0|1
26672,7,False,7,6,7,7|7|9|7|9|7|9|7|7|9|7|7|9|7|9
26686,2,False,2,14,4,4|4|0|4|4|0|4|6|4|0|4|9|4|2|6
26690,1,False,1,0,1,1|1|1|1|1|1|1|1|1|1|1|1|1|1|1
26699,5,False,5,4,5,7|5|7|7|5|5|7|5|5|5|5|5|5|5|5
26715,7,False,7,7,7,7|7|9|7|7|3|9|7|9|3|7|9|7|9|7
26727,9,True,7,13,7,1|7|7|7|7|5|9|3|5|7|7|7|9|5|7
26737,5,False,5,6,5,5|1|5|5|5|5|2|5|3|5|3|5|5|3|1
26809,2,True,3,9,3,3|3|3|3|2|3|3|3|2|2|3|3|2|2|2
26819,4,True,6,10,4,6|2|3|4|8|6|4|8|4|4|8|6|1|4|1
26841,9,False,9,11,5,9|5|9|5|5|5|5|5|9|5|7|5|5|5|9
26865,1,False,1,7,1,1|7|1|1|7|1|4|4|4|1|7|1|1|7|1
26913,9,True,4,7,9,9|4|9|9|9|4|9|4|9|4|4|9|9|4|4
26920,4,True,6,3,4,4|4|4|6|4|4|4|4|4|4|4|9|0|4|4
26941,9,True,4,14,4,4|4|4|4|4|4|3|4|4|4|4|9|4|4|4
26943,1,False,1,4,1,0|0|1|1|1|1|8|1|1|1|1|1|1|0|1
26945,3,False,3,9,3,0|3|0|3|1|6|1|3|1|2|0|3|2|3|3
26946,6,True,0,4,6,0|6|6|0|6|0|3|6|6|6|6|6|6|6|6
26957,6,True,0,5,6,0|6|0|0|6|6|0|6|6|6|0|6|6|6|6
26978,9,True,7,11,7,7|8|7|9|7|7|2|7|9|7|7|9|7|9|7
26981,4,True,6,11,6,3|6|6|6|6|0|4|6|4|4|4|6|2|6|6
26985,9,True,7,14,7,8|8|3|2|7|7|3|7|9|7|7|7|5|2|7
26991,6,True,0,6,6,0|6|0|0|6|0|6|6|0|6|0|6|6|6|6
26995,9,False,9,7,9,9|5|5|9|9|5|9|5|9|9|7|9|2|5|9
27016,1,False,1,3,1,1|0|0|1|1|1|1|1|1|1|1|1|1|0|1
27017,3,True,2,10,3,6|2|3|3|4|2|2|3|4|6|6|3|4|3|1
27033,0,True,2,4,0,0|0|0|0|4|0|0|0|0|0|0|2|2|2|0
27053,0,False,0,14,6,6|6|0|6|6|6|6|6|6|6|6|6|6|6|6
27071,8,False,8,2,8,8|8|8|8|8|9|8|8|9|8|8|8|8|8|8
27094,6,True,0,3,6,6|6|0|6|6|6|6|6|6|6|0|6|6|0|6
27143,9,True,7,13,7,7|7|7|7|7|7|9|7|7|7|7|9|7|7|7
27151,3,True,8,12,8,8|8|8|8|8|3|9|7|9|3|7|3|7|8|8
27168,3,True,5,13,5,5|1|5|5|5|5|3|5|1|5|5|3|5|5|5
27210,8,True,5,15,1,3|1|5|5|5|1|1|3|1|5|2|3|1|3|1
27249,5,True,9,4,5,5|5|5|5|5|5|9|9|9|5|5|5|5|9|5
27272,6,False,6,12,4,6|4|4|4|4|6|8|4|3|6|4|2|4|3|3
27277,8,True,1,15,1,1|1|1|1|3|1|0|1|1|1|0|1|1|0|1
27290,0,True,2,5,0,0|0|0|0|0|0|0|0|0|2|2|2|2|0|4
27292,6,False,6,9,4,6|4|6|4|4|6|4|0|4|6|4|6|4|6|4
27324,2,False,2,10,-1,0|2|0|0|2|6|2|3|2|0|0|2|8|4|1
27348,1,True,5,13,5,5|5|5|5|1|5|1|5|3|5|3|5|5|5|5
27354,3,False,3,5,3,3|6|3|3|6|6|3|3|3|3|3|3|6|3|6
27366,9,False,9,15,5,5|5|5|5|5|5|5|5|5|5|5|5|5|5|5
27367,0,True,2,8,0,0|4|0|0|2|2|2|0|2|0|0|2|6|2|0
27372,3,False,3,15,-1,1|6|1|7|7|2|1|2|7|6|7|1|2|0|2
27430,3,False,3,6,3,3|3|3|3|3|6|3|6|3|2|0|3|2|6|3
27438,3,True,7,13,7,7|7|7|7|7|7|3|7|3|7|7|7|7|7|7
27441,1,False,1,6,1,0|0|1|1|0|1|1|1|1|1|1|1|4|0|0
27479,7,True,5,4,7,7|7|7|7|7|5|7|7|7|5|5|5|7|7|7
27484,1,True,5,8,1,1|1|5|5|5|1|1|1|3|5|3|1|5|5|1
27502,6,True,0,7,6,0|0|0|6|6|0|0|6|6|0|0|6|6|6|6
27531,8,False,8,2,8,8|8|8|8|3|8|8|8|8|8|8|8|8|3|8
27556,0,True,1,13,1,1|7|1|7|7|1|1|0|1|1|1|1|1|0|1
27574,3,True,8,10,8,8|8|8|3|8|8|8|3|3|8|8|8|8|3|3
27576,3,False,3,6,3,3|3|2|3|2|3|2|1|3|2|3|3|2|3|3
27579,3,False,3,1,3,3|3|3|3|3|3|3|3|3|3|3|3|2|3|3
27584,7,False,7,0,7,7|7|7|7|7|7|7|7|7|7|7|7|7|7|7
27591,6,True,2,14,4,3|4|3|4|3|4|2|4|4|2|4|3|6|2|3
27616,2,False,2,11,6,6|6|6|6|4|6|6|2|6|2|4|2|2|3|6
27624,9,False,9,14,5,5|5|5|5|5|5|9|5|5|5|5|5|5|5|5
27659,6,True,9,15,7,7|5|5|9|7|7|5|8|7|5|7|7|5|7|7
27672,8,False,8,2,8,8|8|8|8|8|7|8|8|7|8|8|8|8|8|8
27716,9,True,7,12,7,7|7|9|7|7|3|9|7|7|7|7|8|9|7|7
27718,9,True,7,14,7,7|7|5|7|7|7|2|7|9|7|7|7|7|5|7
27722,2,True,3,13,3,6|3|3|2|3|3|3|3|3|2|1|3|3|1|3
27726,2,False,2,15,0,0|0|0|0|0|0|0|0|0|0|0|0|6|0|0
27768,7,True,8,13,8,8|8|8|8|8|8|8|7|7|8|8|8|8|8|8
27769,9,True,8,15,8,8|8|8|8|8|8|3|3|3|8|8|8|8|3|3
27772,6,True,0,13,0,0|2|0|0|4|0|6|4|4|0|6|0|4|4|2
27783,6,False,6,15,4,4|4|9|4|4|4|4|4|4|4|4|9|4|4|4
27792,2,True,9,11,9,7|2|9|9|9|7|2|7|2|9|7|7|9|2|9
27808,9,False,9,7,9,9|9|7|9|9|7|7|2|9|9|7|7|9|7|9
27834,3,True,8,15,8,8|8|8|8|8|8|8|8|8|8|8|7|8|7|8
27845,0,True,2,5,0,0|0|0|2|0|0|0|0|0|6|0|0|2|2|5
27869,1,True,3,14,4,9|4|3|3|4|1|9|4|4|2|3|6|8|4|4
27885,5,False,5,9,5,7|5|5|3|5|1|3|1|1|5|3|5|5|8|3
27886,8,False,8,5,8,8|8|8|8|8|8|7|7|7|8|7|7|8|8|8
27893,4,True,6,9,4,9|2|0|2|4|0|6|4|4|4|4|2|6|2|4
27930,4,True,6,4,4,9|0|0|4|4|4|4|4|4|4|4|9|4|4|4
27964,7,False,7,6,7,7|1|7|7|7|7|3|7|1|3|7|7|7|2|1
27992,1,True,8,13,8,8|8|8|8|8|8|8|1|1|8|8|8|8|8|8
28011,6,True,3,12,3,3|6|3|3|3|3|6|3|3|2|3|6|3|3|3
28016,6,False,6,7,6,9|6|0|6|6|0|6|0|6|6|4|9|6|6|0
28023,3,False,3,5,3,3|3|3|6|3|3|2|3|6|2|3|3|2|3|3
28044,7,True,5,11,5,2|7|5|7|8|5|5|7|1|5|5|1|7|5|3
28054,5,True,9,0,5,5|5|5|5|5|5|5|5|5|5|5|5|5|5|5
28060,0,True,2,12,6,0|6|0|6|4|6|6|6|4|6|0|2|6|3|6
28064,8,False,8,3,8,8|8|8|5|8|0|8|8|4|8|8|8|8|8|8
28096,6,True,1,15,1,1|1|1|1|7|1|1|1|1|1|1|1|1|1|7
28108,2,True,3,4,2,3|3|3|2|2|3|2|2|2|2|2|2|2|2|2
28117,8,False,8,4,8,8|8|8|7|8|8|8|7|7|8|8|7|8|8|8
28120,0,False,0,11,6,6|6|0|6|0|6|6|6|0|0|6|6|6|6|6
28121,0,True,2,6,0,0|0|0|0|2|0|2|2|2|0|0|0|6|0|2
28152,3,True,5,15,-1,5|1|7|5|7|5|2|5|1|7|7|7|2|2|5
28163,2,False,2,13,0,0|8|0|6|2|0|0|6|0|0|0|1|2|0|1
28173,4,True,6,13,2,2|2|9|8|2|5|6|0|6|4|2|6|4|3|3
28179,1,False,1,15,2,3|2|2|2|2|6|2|2|3|2|2|2|2|2|3
28191,0,False,0,11,6,0|6|0|6|6|6|6|6|0|6|0|6|6|6|6
28194,5,False,5,8,5,1|1|5|5|5|5|5|1|1|5|5|3|9|7|1
28201,1,False,1,2,1,1|1|1|1|1|1|1|1|0|1|1|1|1|0|1
28224,9,True,7,15,7,7|7|5|7|7|7|2|7|7|7|7|7|5|7|2
28226,4,False,4,14,3,3|8|6|2|4|3|2|3|2|8|6|3|3|6|3
28240,9,True,8,15,8,8|8|8|8|8|8|5|8|8|8|8|8|8|8|8
28253,2,False,2,12,0,0|0|0|0|9|6|2|6|0|0|8|2|2|8|1
28289,4,True,6,7,4,6|4|6|6|4|4|4|8|4|0|2|4|4|6|4
28293,9,False,9,14,5,9|5|5|5|5|5|5|5|5|5|5|5|5|5|5
28307,3,True,8,15,8,8|8|8|8|8|8|8|1|4|8|8|8|8|8|8
28348,9,True,7,15,7,7|1|7|8|7|1|2|7|7|7|7|7|5|7|7
28379,5,False,5,8,-1,5|5|5|7|7|5|7|1|5|5|7|7|7|7|5
28390,0,False,0,14,4,9|4|4|6|4|4|3|0|4|6|4|4|6|4|4
28392,7,True,1,12,1,1|1|1|1|1|1|7|1|1|1|7|1|1|7|1
28395,7,True,5,7,7,7|2|5|5|7|7|2|7|7|7|7|5|1|7|2
28401,1,True,7,15,-1,9|7|7|9|7|9|5|5|9|7|7|5|9|9|7
28416,5,True,9,4,5,7|8|5|5|5|5|9|5|5|5|7|5|5|5|5
28459,1,True,8,14,8,8|8|8|8|8|8|8|8|8|8|8|1|8|8|8
28471,8,False,8,4,8,8|8|0|7|8|6|8|8|4|8|8|8|8|8|8
28487,1,True,3,15,4,4|4|4|4|4|4|9|4|6|4|4|4|4|4|3
28489,2,False,2,11,0,0|0|6|0|6|2|2|6|2|0|0|2|4|4|4
28492,6,True,0,0,6,6|6|6|6|6|6|6|6|6|6|6|6|6|6|6
28507,2,True,3,7,2,3|3|3|2|3|3|2|2|3|2|3|2|2|2|2
28531,8,True,6,14,2,2|6|0|2|4|2|8|2|3|2|4|2|4|2|4
28536,0,True,2,15,4,6|8|6|4|9|9|2|9|4|4|3|6|4|4|4
28544,6,True,7,15,5,3|5|5|5|5|5|5|5|5|5|7|5|5|5|2
28574,9,False,9,13,5,5|5|5|5|5|5|9|5|9|5|5|5|5|5|5
28582,6,True,3,15,2,2|3|3|2|1|3|2|1|2|2|0|3|2|2|3
28651,4,False,4,10,-1,0|0|9|2|4|4|2|0|2|4|4|2|0|4|2
28653,0,False,0,9,6,0|2|0|6|0|6|6|6|1|0|0|6|6|0|6
28654,7,False,7,9,9,9|7|7|9|7|7|9|9|9|9|9|9|9|7|7
28659,6,True,0,4,6,6|0|0|6|6|6|6|6|0|6|0|6|6|6|6
28677,0,False,0,13,6,6|6|0|6|6|6|6|0|6|6|6|6|6|6|6
28691,6,False,6,6,6,3|6|0|2|6|2|3|6|6|6|3|6|6|6|6
28709,6,True,0,9,6,8|0|0|6|3|6|4|7|6|0|0|0|6|6|6
28713,5,True,9,2,5,9|5|5|5|5|5|9|5|5|5|5|5|5|5|5
28718,8,True,2,12,2,0|8|0|2|2|8|0|2|2|2|0|2|2|2|8
28719,4,True,6,4,4,4|6|4|4|4|4|6|4|4|6|4|6|4|4|4
28726,6,False,6,15,4,4|4|9|4|4|4|9|4|9|4|4|9|4|4|4
28728,0,True,3,13,6,6|6|0|6|6|3|6|3|0|6|6|6|6|3|6
28733,7,True,5,10,5,7|5|5|7|7|8|7|5|1|5|7|5|3|5|5
28740,1,True,3,14,3,0|2|3|3|3|3|2|3|1|8|3|3|2|3|3
28760,5,False,5,9,5,1|3|5|3|5|7|1|1|3|5|5|5|5|3|1
28779,7,False,7,2,7,7|7|7|7|7|7|9|7|7|7|7|7|9|7|7
28781,6,True,2,14,4,4|4|9|4|4|9|4|4|4|4|4|2|2|6|4
28784,3,False,3,6,3,3|2|2|2|2|3|3|3|3|3|3|3|2|3|2
28811,2,True,3,6,2,2|6|3|2|2|3|2|2|2|3|3|3|2|2|2
28864,8,False,8,4,8,8|8|8|8|8|8|3|8|4|8|8|3|8|8|3
28878,9,True,4,10,4,9|4|9|2|9|4|9|9|4|4|4|0|4|4|4
28884,9,False,9,12,5,9|5|5|5|5|5|9|5|9|5|5|5|5|5|5
28891,0,True,2,5,0,0|0|0|0|0|0|4|0|0|4|0|4|4|0|4
28903,8,True,5,13,2,2|8|5|5|7|3|2|2|4|5|2|2|8|5|2
28921,2,False,2,13,-1,6|2|6|6|4|6|8|2|0|4|0|6|4|4|4
28926,4,False,4,5,4,9|4|4|9|4|4|9|9|4|4|4|9|4|4|4
28942,8,False,8,5,8,7|8|8|7|8|8|8|8|7|8|8|7|7|8|8
28963,2,True,6,15,-1,0|4|6|0|4|6|0|6|6|0|0|0|6|6|4
28998,9,True,8,15,8,8|8|8|8|8|8|8|8|8|8|8|8|8|8|8
29040,6,True,0,3,6,6|6|0|6|6|0|6|4|6|6|6|6|6|6|6
29070,4,False,4,7,4,9|4|9|9|9|4|4|4|9|9|4|9|4|4|4
29102,5,True,9,4,5,9|5|5|5|5|5|9|5|9|5|5|5|5|9|5
29114,6,True,3,15,3,3|8|3|3|3|3|2|3|3|2|3|2|2|3|2
29163,1,True,8,15,6,8|8|8|6|4|8|6|6|6|0|6|8|6|6|6
29170,1,False,1,5,1,1|1|0|1|1|0|1|1|1|1|1|0|1|0|0
29171,7,False,7,8,7,7|7|5|7|7|5|4|4|7|7|7|8|2|4|3
29180,6,True,0,4,6,6|6|0|0|6|0|6|0|6|6|6|6|6|6|6
29187,6,True,0,12,-1,3|0|6|2|2|2|6|8|3|0|0|6|4|3|4
29206,7,True,5,15,5,2|5|5|6|2|5|5|5|1|3|6|0|2|9|5
29249,1,True,5,7,1,1|1|5|5|5|1|5|1|1|5|1|1|5|2|1
29252,4,True,6,0,4,4|4|4|4|4|4|4|4|4|4|4|4|4|4|4
29256,3,True,8,10,8,8|8|8|8|8|8|3|3|3|8|8|3|3|8|8
29259,9,True,4,12,2,0|2|0|2|9|4|9|6|4|0|0|2|2|2|9
29260,4,True,1,13,1,1|1|4|1|1|1|5|1|4|1|1|1|1|1|1
29268,7,True,5,1,7,7|7|7|7|7|7|7|7|7|7|7|5|7|7|7
29295,1,True,5,14,5,5|7|5|5|7|5|2|5|1|5|5|3|5|5|2
29301,1,True,5,13,5,5|1|5|5|1|7|2|5|2|5|2|3|5|3|2
29313,3,True,5,15,5,7|5|5|5|5|5|2|7|5|5|7|5|5|7|5
29335,7,True,5,9,5,7|7|5|5|7|5|9|5|5|5|5|7|5|7|7
29336,9,False,9,13,5,9|5|5|5|5|5|5|5|9|5|5|5|5|5|5
29352,9,True,7,15,7,7|7|7|7|7|7|7|7|7|7|7|7|7|7|7
29354,0,True,1,13,3,4|6|0|2|6|3|9|0|4|3|3|1|4|3|1
29358,4,True,1,12,0,4|1|1|2|0|0|4|4|0|0|0|0|1|2|1
29360,8,False,8,0,8,8|8|8|8|8|8|8|8|8|8|8|8|8|8|8
29382,5,False,5,8,5,3|1|5|1|5|5|3|3|1|5|5|5|5|3|3
29398,2,False,2,12,4,4|3|2|3|4|2|9|2|3|4|4|6|6|6|4
29407,0,True,2,2,0,0|0|0|0|0|0|2|0|0|0|0|0|2|0|0
29422,6,True,9,15,5,7|7|5|7|5|5|2|5|5|7|5|5|9|9|2
29425,4,True,1,13,1,1|1|7|1|1|1|4|7|4|1|7|1|1|7|1
29431,4,True,1,15,1,1|7|1|7|7|1|1|1|1|1|7|7|1|7|1
29461,6,False,6,14,4,0|4|9|2|8|4|7|4|4|4|4|3|6|0|4
29465,0,True,2,10,-1,0|8|0|2|4|0|6|4|4|0|4|2|2|4|0
29492,2,True,3,6,2,3|2|2|2|2|3|2|3|2|2|3|3|2|3|2
29499,6,True,9,15,5,9|5|5|5|5|5|2|5|5|5|5|5|5|5|5
29500,3,False,3,6,3,3|3|3|2|3|3|3|3|2|2|2|3|2|3|2
29516,6,True,0,5,6,6|6|0|0|0|6|6|6|0|6|0|6|6|6|6
29550,6,False,6,8,6,0|2|0|6|0|6|6|4|6|0|0|6|6|6|4
29556,1,False,1,0,1,1|1|1|1|1|1|1|1|1|1|1|1|1|1|1
29596,4,True,6,3,4,4|4|4|4|4|4|4|4|4|6|4|9|6|4|4
29602,3,True,2,5,3,3|2|3|3|4|2|3|3|3|2|3|3|4|3|3
29635,7,True,1,10,1,1|1|1|1|7|8|7|4|1|1|7|7|1|7|1
29649,6,True,3,14,3,3|3|2|3|2|3|6|3|2|2|3|3|2|3|2
29652,8,True,6,11,-1,8|6|8|2|8|4|6|6|4|3|8|6|4|3|4
29655,1,False,1,8,1,1|4|1|7|7|1|3|3|3|6|4|1|1|1|1
29661,2,True,3,4,2,2|3|2|2|2|3|2|3|3|2|2|2|2|2|2
29677,0,True,1,15,1,1|1|1|1|7|1|1|1|1|1|7|1|1|7|1
29681,5,False,5,4,5,7|5|5|5|5|5|7|2|5|5|5|5|5|7|5
29689,7,False,7,3,7,7|7|7|7|7|7|9|7|9|7|7|7|9|7|7
29698,5,True,9,7,5,5|5|9|5|5|5|9|5|3|5|5|9|9|9|2
29709,9,True,7,14,7,7|7|7|7|7|7|7|7|7|7|7|7|9|7|7
29710,0,False,0,14,6,6|6|0|6|6|6|6|6|6|6|6|6|6|6|6
29828,5,False,5,7,5,7|7|5|2|8|5|7|5|7|5|7|5|5|5|5
29869,9,True,4,14,3,4|9|2|6|6|3|3|0|1|3|4|6|3|4|0
29884,7,False,7,3,7,7|7|7|7|7|7|3|7|7|7|7|7|2|2|7
29885,4,True,7,15,7,7|7|7|7|7|5|7|7|9|5|7|7|2|7|7
29899,7,True,5,11,5,7|5|1|5|7|3|2|7|2|5|5|5|7|5|3
29911,6,True,0,2,6,0|6|0|6|6|6|6|6|6|6|6|6|6|6|6
29936,2,False,2,8,-1,0|4|0|2|2|0|2|2|0|2|0|2|2|0|0
29947,5,True,8,15,8,8|8|8|8|8|8|7|8|1|8|8|8|8|8|8
29954,3,False,3,7,3,6|6|3|3|6|3|2|3|3|7|3|3|2|3|2
29959,2,True,3,8,3,3|3|3|3|2|3|2|3|2|3|2|3|2|2|2
29969,4,True,6,12,2,0|2|0|2|4|2|0|2|4|0|4|2|6|2|0
29977,0,False,0,10,6,0|6|0|6|6|0|6|6|0|0|6|6|6|6|6
29985,4,False,4,6,4,6|4|9|4|4|4|2|3|3|4|4|4|4|4|1
29990,4,True,6,13,0,0|0|0|4|0|0|2|0|4|0|0|2|2|0|0
30026,4,False,4,6,4,9|4|4|4|4|4|9|4|9|4|4|9|9|9|4
30032,7,False,7,2,7,7|7|7|7|7|7|9|7|9|7|7|7|7|7|7
30042,1,True,8,14,8,8|8|8|8|8|1|8|8|8|8|8|8|8|7|8
30053,9,True,7,12,7,7|7|7|7|7|8|9|7|9|7|7|7|9|2|7
30093,5,True,4,15,4,9|3|4|4|8|0|4|8|1|4|4|3|4|2|4
30101,7,True,1,15,1,1|1|0|1|2|1|1|1|0|0|0|1|4|2|0
30105,7,True,1,13,1,1|1|1|1|1|1|4|1|1|1|7|2|1|7|1
30114,2,False,2,13,0,0|0|0|0|0|0|0|0|2|0|0|0|2|0|0
30145,3,False,3,11,2,3|2|2|2|3|2|2|3|2|2|2|2|2|3|2
30168,6,True,0,6,6,0|6|0|0|6|6|6|6|0|0|0|6|6|6|6
30200,4,True,1,15,1,1|1|1|1|1|1|1|7|1|1|7|1|1|1|1
30208,0,True,2,8,0,0|0|0|2|4|0|0|0|2|0|4|2|2|2|2
30214,3,False,3,6,3,3|3|3|2|2|3|6|3|3|2|3|3|2|3|6
30218,6,False,6,8,6,6|6|0|6|6|3|0|0|6|3|3|9|6|6|4
30224,8,True,1,15,1,1|0|1|1|1|1|1|1|1|1|1|1|1|1|1
30239,3,True,8,13,8,8|8|8|3|8|3|8|8|8|8|8|8|8|8|8
30259,6,False,6,5,6,0|6|6|6|6|2|6|0|6|6|0|6|6|4|6
30268,2,True,3,5,2,2|6|2|3|2|3|2|3|3|2|2|2|2|2|2
30303,3,True,8,15,8,8|8|8|8|8|8|8|8|8|8|8|8|8|8|8
30317,8,False,8,7,8,8|3|8|8|8|8|3|8|3|3|3|3|8|8|3
30328,2,True,5,14,5,7|5|5|5|5|5|2|5|1|5|5|5|5|5|5
30330,9,True,4,15,4,6|1|2|7|3|4|8|6|1|4|4|3|4|4|4
30334,3,False,3,13,4,9|4|4|4|2|4|2|3|3|9|4|4|4|4|4
30350,0,True,2,11,4,0|0|0|2|4|4|2|9|4|4|4|0|4|4|4
30371,7,False,7,3,7,7|8|7|7|7|7|2|7|7|7|7|7|7|7|9
30392,7,True,1,9,1,1|7|1|7|1|1|7|7|1|1|7|1|1|7|1
30400,8,False,8,5,8,8|8|8|7|8|8|8|7|7|8|8|7|8|7|8
30447,9,True,7,10,7,7|7|2|9|7|7|9|7|9|7|7|7|9|9|7
30472,9,True,4,12,3,4|3|9|3|4|3|9|9|3|4|4|3|1|3|2
30485,6,True,2,15,0,0|0|0|0|0|0|2|2|0|0|0|0|2|2|0
30488,0,True,2,9,0,0|0|2|2|0|0|6|0|0|2|4|2|2|4|5
30526,2,True,6,14,6,6|6|4|6|4|6|2|6|6|6|6|6|6|6|6
30550,3,True,7,15,7,7|2|7|7|7|7|7|7|7|7|7|7|7|2|7
30565,7,False,7,6,7,9|7|9|7|7|2|7|7|9|7|7|9|9|7|7
30574,9,False,9,13,5,9|5|5|5|5|5|5|5|9|5|5|5|5|5|5
30585,4,True,7,15,7,7|7|7|7|7|1|9|7|7|7|7|7|7|2|7
30637,5,False,5,7,5,7|5|5|7|5|5|2|1|5|5|7|2|5|7|5
30643,1,False,1,3,1,1|1|1|7|1|1|1|1|1|1|0|1|1|0|1
30686,9,True,7,9,7,7|7|9|9|7|7|9|7|9|9|7|7|9|7|7
30693,3,False,3,5,3,3|3|3|2|8|3|2|3|2|3|3|3|2|3|3
30713,4,True,6,11,6,0|4|4|6|8|0|6|4|1|2|4|6|6|0|6
30731,0,True,1,6,0,0|0|0|0|1|1|0|1|0|1|0|0|1|0|1
30732,3,False,3,8,3,3|3|2|3|6|3|2|3|8|2|2|3|3|6|6
30773,9,False,9,14,5,5|5|5|5|5|5|9|5|5|5|5|5|5|5|5
30781,7,False,7,3,7,7|7|7|7|7|1|7|7|7|7|7|3|9|7|7
30793,3,True,8,12,8,3|8|8|8|8|8|8|3|8|8|8|3|8|8|8
30823,9,True,4,12,4,0|4|9|4|4|4|9|4|4|4|4|9|4|4|4
30836,4,True,6,2,4,4|4|9|4|4|4|4|4|4|4|4|9|4|4|4
30839,7,True,1,15,0,0|0|0|0|1|1|1|1|1|1|0|0|1|0|0
30848,0,True,1,8,0,1|0|0|0|0|1|1|4|0|1|0|0|3|4|1
30861,7,True,8,14,8,8|8|8|8|8|8|3|8|8|5|7|8|8|8|9
30862,8,False,8,1,8,8|8|8|8|8|8|8|8|8|8|8|8|9|8|8
30876,7,True,8,10,7,8|7|7|7|7|1|6|4|8|1|8|8|9|7|1
30885,9,False,9,12,5,9|5|5|5|5|5|5|5|9|5|5|9|5|5|5
30944,5,False,5,1,5,7|5|5|5|5|5|5|5|5|5|5|5|5|5|5
30949,7,False,7,2,7,7|7|7|7|7|7|2|7|7|7|7|7|8|7|7
30951,9,True,4,6,9,9|9|9|9|4|4|9|4|9|9|4|9|9|4|6
30952,0,True,1,15,1,2|1|1|3|7|1|2|1|1|7|1|1|1|8|3
30965,1,False,1,1,1,1|1|1|1|1|1|1|1|1|1|1|1|1|0|1
30981,0,False,0,9,6,0|0|0|6|6|0|6|6|6|0|0|6|6|6|6
31008,2,True,9,12,5,5|7|5|2|5|2|5|5|5|6|5|2|5|5|9
31011,3,False,3,8,2,3|2|3|2|2|3|3|2|3|2|3|2|2|3|2
31044,4,False,4,10,-1,3|3|9|2|9|4|9|9|9|4|4|4|1|4|3
31049,2,True,5,14,5,7|5|5|7|5|5|2|7|5|7|5|5|5|5|7
31050,0,True,1,13,2,0|3|2|7|1|6|0|3|2|2|2|2|1|2|3
31063,9,True,4,10,4,9|4|9|4|4|4|9|4|4|4|4|4|9|9|4
31065,2,True,5,11,5,5|7|5|2|5|0|5|2|7|5|2|2|9|5|7
31069,3,True,8,12,8,8|3|8|8|8|3|8|8|9|8|8|8|8|3|8
31075,0,True,2,9,2,0|2|0|0|2|0|2|2|0|2|0|2|4|2|1
31091,6,False,6,14,-1,8|0|8|6|4|3|4|4|0|8|0|2|2|0|4
31099,2,True,3,5,2,3|2|2|3|2|2|2|3|2|2|1|3|2|2|2
31103,7,False,7,4,7,7|7|7|7|7|7|7|5|9|7|7|7|9|2|7
31106,8,False,8,4,8,8|8|8|8|8|8|3|3|8|8|3|8|8|3|8
31112,4,True,1,14,1,0|1|1|0|1|1|4|1|0|0|1|1|1|1|0
31114,5,True,9,1,5,9|5|5|5|5|5|5|5|5|5|5|5|5|5|5
31132,3,False,3,3,3,3|3|3|6|3|3|6|3|3|3|3|3|3|3|6
31133,0,True,2,14,4,9|2|0|2|4|3|9|4|9|2|4|9|2|4|4
31155,3,True,5,15,5,5|5|5|5|5|5|1|5|5|5|7|2|5|5|2
31186,0,False,0,12,6,0|6|0|6|6|6|6|6|6|6|6|0|6|6|6
31195,6,True,0,2,6,0|6|6|6|6|6|6|6|2|6|6|6|6|6|6
31209,9,True,4,11,-1,9|6|2|3|4|2|6|4|9|2|9|9|4|2|4
31261,5,False,5,6,5,3|5|5|5|1|5|2|5|2|5|5|2|5|5|2
31268,3,True,2,14,2,2|2|0|2|2|2|2|2|3|2|4|2|2|2|2
31275,0,False,0,15,6,3|6|6|6|6|6|6|6|1|3|3|3|6|9|6
31277,9,True,7,15,7,7|2|7|7|8|7|8|7|7|7|7|7|7|7|7
31282,0,False,0,13,6,0|6|0|6|6|6|6|6|6|6|6|6|6|6|6
31283,5,True,9,2,5,9|5|5|5|5|5|9|5|5|5|5|5|5|5|5
31301,4,False,4,13,2,1|8|9|2|0|2|1|2|4|2|4|2|9|1|6
31339,9,True,7,10,7,7|7|7|7|7|7|3|9|9|9|7|9|9|7|7
31341,3,False,3,4,3,3|3|3|3|3|3|0|2|3|2|2|3|3|3|3
31381,6,True,0,8,6,0|6|0|6|0|6|2|0|6|2|0|6|6|6|2
31387,0,True,5,15,5,2|5|3|5|5|5|3|3|2|1|5|3|5|3|5
31389,5,False,5,8,7,7|7|7|5|7|5|5|7|5|7|7|5|5|7|5
31399,2,False,2,13,4,0|0|0|4|4|4|4|2|4|0|4|0|2|4|4
31408,2,True,3,9,3,1|2|3|2|3|3|2|2|3|1|3|2|2|3|3
31415,1,False,1,6,1,1|1|1|7|7|1|6|1|1|1|7|7|1|7|1
31424,9,True,7,6,9,9|5|9|9|9|5|7|7|9|9|7|9|9|9|5
31425,6,True,0,9,0,0|6|0|0|0|0|6|6|0|6|0|6|6|0|0
31427,3,False,3,7,3,3|1|3|3|3|2|2|2|2|3|2|1|3|3|3
31437,8,True,7,15,9,9|9|9|7|7|7|9|7|9|5|2|9|9|2|5
31455,2,False,2,10,0,4|0|0|0|2|0|2|2|0|0|0|2|4|2|4
31466,5,True,9,3,5,9|5|5|5|5|5|7|5|9|5|5|5|5|5|5
31501,7,False,7,1,7,7|7|7|7|7|7|9|7|7|7|7|7|7|7|7
31555,6,False,6,10,4,0|6|4|4|0|4|4|0|4|6|6|6|6|4|0
31559,5,False,5,7,5,1|5|5|7|7|1|5|1|5|5|5|1|5|5|1
31588,8,False,8,2,8,8|8|8|8|8|8|9|8|1|8|8|8|8|8|8
31592,9,True,4,11,4,9|4|9|4|4|4|4|4|9|4|4|4|4|4|9
31611,6,True,0,2,6,0|6|0|6|6|6|6|6|6|6|6|6|6|6|6
31613,2,True,7,15,7,7|7|7|7|7|8|7|7|8|9|7|7|5|7|7
31643,7,False,7,6,7,7|8|5|7|7|7|2|2|7|7|2|7|7|5|7
31649,6,True,0,2,6,6|6|0|6|6|6|0|6|6|6|6|6|6|6|6
31652,8,True,3,13,6,6|1|0|6|4|9|2|1|6|4|3|3|8|2|8
31666,1,False,1,1,1,1|1|1|1|7|1|1|1|1|1|1|1|1|1|1
31709,5,True,9,5,5,5|5|5|5|2|5|9|7|5|5|5|2|9|5|5
31748,0,True,1,12,1,0|1|0|1|1|1|1|1|1|1|1|1|6|0|1
31784,2,True,3,10,3,0|3|2|3|3|3|2|7|2|2|3|3|3|3|2
31794,9,False,9,14,5,9|5|5|5|5|5|5|5|5|5|5|5|5|5|5
31817,1,False,1,6,1,1|4|7|1|7|1|4|1|1|1|7|1|1|7|1
31823,3,True,7,15,7,7|7|7|7|7|7|9|7|7|7|7|7|2|2|7
31832,1,False,1,5,1,1|0|1|7|1|6|7|1|1|1|1|1|1|0|1
31853,9,True,4,11,4,9|4|9|4|4|4|3|4|3|4|4|9|6|9|6
31854,6,True,2,15,2,0|8|8|2|2|3|2|2|2|2|8|2|4|3|2
31855,9,True,4,7,9,9|9|9|9|9|4|9|4|9|4|4|9|4|4|4
31861,9,True,7,14,7,7|7|7|7|7|7|7|7|7|7|7|7|9|7|7
31867,3,False,3,7,3,3|2|3|2|3|2|2|3|3|3|3|2|2|3|2
31868,4,False,4,13,9,9|9|9|9|9|0|9|9|9|4|7|9|4|2|3
31869,6,True,0,1,6,6|6|0|6|6|6|6|6|6|6|6|6|6|6|6
31871,0,True,2,6,0,0|0|0|0|0|0|4|0|0|2|4|0|4|2|2
31876,5,False,5,5,5,5|5|5|5|7|5|5|7|2|5|7|5|5|5|7
31908,6,True,0,11,0,6|0|0|0|0|0|6|6|0|6|0|0|2|8|0
31947,2,False,2,15,-1,8|6|8|4|4|6|4|6|1|4|6|8|4|0|6
31955,9,True,6,15,3,6|2|3|0|6|3|3|3|2|2|3|8|2|3|1
31976,5,False,5,10,1,1|5|1|1|1|1|4|1|1|5|1|5|5|5|1
31985,5,True,9,1,5,9|5|5|5|5|5|5|5|5|5|5|5|5|5|5
31994,8,False,8,3,8,8|8|8|8|4|8|9|8|9|8|8|8|8|8|8
32003,6,True,0,3,6,6|6|0|0|6|6|6|6|6|6|0|6|6|6|6
32012,0,True,2,5,0,0|0|0|0|2|0|3|2|2|0|0|0|6|0|0
32032,2,True,5,13,5,2|5|5|5|5|5|5|5|2|5|5|5|5|5|5
32045,9,True,8,14,8,8|8|8|8|8|8|8|8|9|3|8|8|3|8|2
32059,4,False,4,10,9,9|4|9|9|4|9|9|9|9|4|4|4|9|9|9
32071,2,True,3,13,3,1|8|3|3|3|3|8|1|1|2|3|0|2|7|3
32085,4,True,6,1,4,4|6|4|4|4|4|4|4|4|4|4|4|4|4|4
32109,6,True,0,5,6,6|6|0|0|6|6|6|0|6|0|6|0|6|6|6
32116,1,False,1,3,1,1|0|1|1|1|1|1|1|0|1|1|1|1|0|1
32134,6,True,0,6,6,0|6|0|0|6|6|0|6|0|6|0|6|6|6|6
32152,5,True,9,1,5,5|5|5|5|5|5|9|5|5|5|5|5|5|5|5
32164,0,False,0,15,6,8|2|6|2|6|6|2|6|6|2|8|8|2|6|4
32166,6,True,0,6,6,0|6|0|6|0|6|6|0|6|6|0|6|6|6|0
32185,6,True,3,15,3,3|8|0|3|7|2|0|3|3|3|5|3|8|8|0
32217,9,True,4,7,9,9|9|9|4|9|4|9|9|9|4|4|4|4|4|9
32221,6,False,6,14,4,4|6|4|4|4|4|4|4|4|4|4|9|4|4|4
32229,3,True,8,8,3,3|6|0|0|8|3|2|3|3|6|3|9|3|8|3
32232,9,False,9,13,5,7|5|5|5|5|1|5|5|1|5|5|9|5|9|5
32253,1,True,5,14,-1,5|7|5|7|5|5|1|7|0|5|7|7|3|7|5
32278,2,True,9,15,5,9|5|5|5|5|5|5|5|9|5|5|5|5|5|5
32296,0,True,2,4,0,0|0|0|0|2|0|2|2|0|0|0|0|2|0|0
32310,2,False,2,14,6,4|6|8|6|4|0|6|4|2|6|4|6|6|0|6
32312,0,True,2,13,8,3|8|0|8|2|3|2|8|8|2|4|2|8|0|1
32319,3,False,3,4,3,3|3|3|2|3|3|3|3|3|2|3|3|2|3|2
32342,7,True,1,15,1,0|0|2|1|1|1|1|1|0|1|0|1|1|0|1
32344,0,False,0,12,6,0|6|0|6|6|6|6|0|4|6|6|6|6|6|6
32390,2,False,2,15,4,9|4|9|6|4|4|9|4|9|4|6|6|4|4|9
32392,4,True,6,0,4,4|4|4|4|4|4|4|4|4|4|4|4|4|4|4
32416,3,True,7,14,7,7|8|7|7|7|7|7|7|7|7|7|3|2|2|7
32419,4,False,4,9,4,0|3|0|2|4|2|9|4|4|0|4|2|4|4|9
32424,2,False,2,13,4,9|8|2|4|4|4|2|3|4|4|4|4|4|4|8
32429,5,False,5,9,5,7|1|5|5|5|7|5|3|2|5|7|3|5|2|3
32450,6,True,9,15,5,7|5|5|5|5|5|3|7|5|5|5|5|5|5|7
32471,9,True,7,14,7,7|7|7|7|7|7|9|7|7|7|7|7|7|7|7
32515,7,True,1,14,1,1|1|1|1|1|1|7|1|1|1|1|1|1|1|1
32517,4,True,1,15,1,1|1|1|1|1|1|9|1|1|1|1|1|1|1|1
32544,9,True,8,15,8,8|8|8|8|8|8|3|7|1|8|1|8|8|8|8
32545,3,True,8,12,8,8|8|8|8|8|8|9|3|3|8|8|3|8|8|8
32561,0,True,1,14,1,1|1|1|7|1|1|0|1|1|1|7|1|1|1|1
32562,0,False,0,10,6,0|6|0|6|6|0|6|6|6|6|0|6|6|0|6
32574,4,False,4,8,4,1|2|1|9|4|4|4|4|3|2|4|1|4|0|4
32583,1,True,8,15,8,7|7|8|8|8|8|6|8|8|8|8|8|8|5|8
32584,1,True,5,6,1,1|1|1|1|1|5|5|1|1|5|1|5|5|5|1
32601,4,False,4,7,4,9|4|9|4|4|0|6|4|4|4|4|9|0|4|9
32628,3,False,3,12,6,3|1|3|4|6|1|6|6|6|0|0|3|4|2|4
32635,1,False,1,3,1,1|1|1|1|1|1|1|1|1|1|0|0|1|0|1
32640,8,True,2,14,2,8|2|2|2|2|2|2|2|0|2|0|6|2|2|2
32669,9,False,9,15,5,7|5|5|5|7|0|5|7|2|5|5|5|5|5|7
32677,2,True,3,4,2,3|2|2|2|2|3|2|2|3|2|3|2|2|2|2
32680,0,True,1,7,0,1|1|0|0|0|1|0|0|1|1|0|0|1|0|1
32691,5,False,5,6,5,7|5|5|6|5|5|5|5|7|5|7|7|5|5|1
32692,9,True,4,6,9,9|9|9|9|9|4|9|4|9|4|4|9|9|4|4
32711,2,True,3,8,-1,0|2|2|3|2|3|2|3|3|3|2|3|2|3|2
32734,5,True,9,2,5,5|5|5|5|5|5|5|9|9|5|5|5|5|5|5
32766,6,True,0,6,6,8|6|0|0|6|6|6|6|6|0|6|6|6|2|4
32772,4,True,6,3,4,4|6|9|4|4|4|4|4|4|4|4|6|4|4|4
32782,0,True,2,8,0,0|6|0|0|2|0|2|4|0|8|4|0|4|0|8
32804,2,True,3,7,2,3|2|2|2|2|3|3|2|3|6|1|2|2|2|3
32823,1,True,5,15,7,7|7|7|5|5|5|7|5|7|5|5|7|5|7|7
32843,0,False,0,10,6,6|6|0|6|6|0|6|6|0|6|0|0|6|6|6
32869,2,False,2,11,0,0|0|0|0|2|0|0|0|0|0|0|2|2|2|3
32902,6,True,9,15,5,5|5|5|5|5|5|5|5|9|5|5|5|5|5|5
32909,8,True,2,14,-1,6|0|0|4|7|0|8|1|3|0|4|6|4|9|4
32917,9,False,9,13,5,5|5|5|5|5|5|9|5|9|5|5|5|5|5|5
32931,4,True,6,13,6,0|6|0|6|3|0|4|4|6|6|6|6|6|6|6
32941,3,True,8,13,8,8|8|8|3|8|8|8|8|8|8|3|8|8|8|8
32951,9,False,9,14,5,9|5|5|5|5|5|5|5|5|5|5|5|5|5|5
32952,0,True,1,7,0,1|0|1|0|1|0|1|1|0|0|0|0|6|0|1
32974,7,True,5,9,-1,7|7|5|5|7|5|7|5|8|5|7|3|3|7|5
33022,8,True,5,15,-1,5|5|5|2|2|3|5|5|5|5|2|2|2|2|2
33029,4,False,4,13,8,8|8|5|2|8|8|4|4|8|5|8|8|2|8|2
33081,9,True,8,15,8,8|8|8|8|8|8|8|8|8|8|8|8|8|3|8
33107,3,True,5,15,5,5|5|5|5|5|5|5|5|1|5|5|5|5|5|7
33199,7,False,7,14,9,9|2|2|9|9|5|2|7|9|9|9|9|2|9|5
33205,1,True,5,15,5,7|5|7|7|5|7|5|5|5|5|5|7|5|7|0
33216,6,True,3,12,3,3|6|3|6|3|3|6|3|3|2|3|3|3|3|3
33229,1,False,1,6,1,1|1|1|7|1|8|7|1|0|1|0|1|1|0|1
33234,2,True,5,15,5,5|7|5|5|5|7|7|7|3|5|7|6|5|5|7
33252,7,False,7,4,7,7|7|7|9|7|1|9|7|7|7|7|7|9|7|7
33262,2,True,5,15,5,5|5|5|1|5|7|5|5|5|5|5|5|5|5|5
33272,7,True,8,13,8,8|8|8|8|7|8|7|3|3|8|8|3|8|3|8
33296,6,True,0,4,6,0|6|0|6|6|6|6|6|6|6|0|6|6|6|0
33305,4,False,4,6,4,8|2|4|8|4|4|9|8|4|4|4|4|4|4|9
33345,2,False,2,11,0,0|0|0|0|0|0|2|2|0|0|0|2|2|0|3
33355,9,True,7,13,5,5|5|5|7|5|5|7|7|9|5|5|9|5|5|7
33365,3,False,3,7,3,3|3|2|3|3|3|2|2|0|3|1|2|4|3|3
33370,9,False,9,13,5,5|5|5|5|5|5|5|5|9|5|5|9|5|5|5
33373,9,False,9,9,5,9|5|5|5|2|5|9|7|9|5|9|5|9|5|9
33394,5,True,9,3,5,9|5|5|5|5|5|9|5|5|5|5|5|5|5|9
33401,4,True,6,0,4,4|4|4|4|4|4|4|4|4|4|4|4|4|4|4
33426,8,True,2,15,0,0|0|0|0|0|2|0|2|0|2|0|0|2|0|6
33441,3,True,8,13,8,8|8|8|8|8|8|3|8|8|8|8|3|8|8|8
33465,3,True,2,13,4,3|2|2|2|4|4|4|4|4|4|4|4|4|3|2
33475,2,True,5,13,-1,7|2|5|5|5|5|5|5|7|1|7|7|7|2|7
33495,7,False,7,5,7,7|2|5|7|7|7|2|7|7|7|7|7|7|2|2
33503,4,True,6,15,6,3|0|0|6|3|6|6|0|0|6|6|6|6|6|6
33518,3,True,8,14,8,8|3|8|8|8|8|8|8|8|8|8|8|8|8|8
33524,2,True,5,11,5,5|5|5|2|5|5|7|2|1|5|7|2|5|5|2
33542,5,True,9,1,5,5|5|5|5|5|5|5|5|1|5|5|5|5|5|5
33544,5,False,5,9,2,5|8|5|5|2|5|5|2|2|2|2|5|2|2|2
33546,5,False,5,11,7,5|7|5|3|2|1|7|5|7|3|6|7|5|7|0
33584,5,True,9,2,5,9|5|5|5|5|5|5|5|5|5|5|5|5|5|7
33589,5,False,5,7,5,3|5|5|5|5|5|3|3|1|5|5|1|5|8|1
33617,5,False,5,1,5,7|5|5|5|5|5|5|5|5|5|5|5|5|5|5
33639,9,True,7,13,7,7|7|7|7|2|6|8|7|9|7|7|7|9|7|7
33645,3,False,3,12,2,1|2|2|2|3|3|8|8|1|1|0|3|2|1|2
33650,8,False,8,10,8,3|8|5|5|8|7|3|4|3|5|3|8|5|8|8
33653,7,True,1,15,1,1|1|0|1|1|1|0|1|0|1|1|2|1|1|1
33660,2,True,6,12,0,0|8|4|6|4|4|3|2|2|2|4|0|0|0|0
33667,1,True,8,14,8,8|8|8|8|8|8|8|8|1|8|8|8|7|7|7
33668,6,False,6,10,4,0|4|0|6|4|6|6|4|6|2|0|6|4|4|4
33683,5,True,9,4,5,9|5|5|5|5|5|9|5|9|5|5|5|5|5|9
33728,9,True,7,11,7,7|7|7|9|7|1|9|7|7|9|7|7|9|7|7
33732,9,True,4,15,4,6|6|3|3|4|6|2|8|6|2|4|4|4|4|3
33755,7,False,7,13,5,5|5|5|9|9|5|5|7|9|5|7|5|9|9|9
33757,4,True,1,15,1,1|1|1|1|1|1|7|1|1|7|1|1|1|1|1
33795,9,True,7,13,7,7|7|7|9|7|7|2|8|7|9|7|7|7|7|7
33800,2,True,3,11,3,6|3|3|2|2|3|2|9|3|6|0|3|6|2|4
33812,9,True,4,11,4,0|4|9|0|4|4|9|4|2|4|4|9|2|2|9
33841,3,True,8,12,8,8|8|8|8|8|8|8|8|8|8|8|3|3|3|8
33842,8,True,3,14,3,3|2|3|3|8|3|3|2|0|3|3|3|3|3|6
33843,2,True,3,10,3,3|3|3|3|2|3|2|3|3|3|3|6|2|2|2
33866,5,False,5,6,5,5|5|5|5|5|1|1|5|1|5|3|5|5|3|1
33876,9,True,4,14,4,4|4|4|4|4|4|6|4|4|4|4|9|4|4|4
33886,6,False,6,11,4,4|6|2|6|4|4|9|4|3|6|4|6|4|2|4
33913,0,True,2,11,4,0|0|0|0|4|4|4|4|4|4|4|3|4|4|4
33915,7,False,7,2,7,7|7|7|7|2|7|7|7|7|7|7|7|9|7|7
33920,9,True,4,14,4,4|3|9|6|8|4|4|4|4|2|4|3|4|2|4
33930,9,False,9,12,5,9|5|5|5|5|1|2|2|5|5|5|9|9|5|5
33941,3,True,7,15,7,7|7|7|7|7|7|2|7|9|7|7|7|7|2|7
33942,3,True,8,11,8,8|8|8|3|8|8|3|8|3|8|8|3|8|8|8
33950,8,False,8,5,8,8|8|8|7|8|8|9|8|8|8|8|7|9|7|8
33958,8,False,8,3,8,8|8|8|8|8|8|8|3|9|8|8|3|8|8|8
34019,0,True,2,6,0,0|0|0|0|2|0|0|2|2|0|0|2|6|4|0
34038,6,True,0,7,6,0|6|0|0|6|0|6|6|0|0|0|6|6|6|6
34064,4,True,6,15,6,8|6|0|6|8|6|2|6|6|6|0|6|6|6|6
34082,3,True,5,15,7,7|7|7|9|7|7|2|7|9|7|7|7|7|7|7
34127,8,False,8,3,8,8|8|8|8|8|8|7|8|8|8|7|7|8|8|8
34153,5,False,5,5,5,5|5|5|5|5|5|5|2|3|5|5|2|5|2|2
34169,6,True,0,1,6,6|6|6|6|6|6|4|6|6|6|6|6|6|6|6
34170,1,False,1,1,1,1|1|1|1|1|1|6|1|1|1|1|1|1|1|1
34171,5,True,9,2,5,5|9|5|5|5|5|5|5|9|5|5|5|5|5|5
34178,6,True,0,11,-1,8|6|0|8|4|6|3|3|3|6|3|6|2|4|0
34179,4,False,4,4,4,4|4|9|4|4|4|2|4|9|4|9|4|4|4|4
34195,4,False,4,11,-1,3|3|3|6|6|3|9|4|6|9|4|6|1|4|4
34201,0,True,2,4,0,0|0|0|0|2|0|0|2|0|0|0|2|6|0|0
34203,4,False,4,2,4,9|4|4|4|4|4|4|4|4|4|4|9|4|4|4
34218,3,True,7,15,7,7|7|7|7|7|7|9|7|7|7|7|7|7|7|7
34225,8,False,8,5,8,8|7|8|8|8|8|7|7|8|8|7|8|7|8|8
34242,1,True,5,9,5,1|5|5|1|5|1|5|1|5|5|3|5|1|5|1
34259,9,True,4,8,-1,9|4|9|9|4|9|9|4|4|4|4|3|9|9|4
34271,4,False,4,7,4,9|4|9|4|9|4|4|4|4|4|4|9|2|0|6
34309,0,True,1,10,1,0|1|1|0|0|1|1|1|1|6|0|1|2|0|1
34316,6,True,0,1,6,6|6|0|6|6|6|6|6|6|6|6|6|6|6|6
34335,3,True,5,14,5,5|2|5|5|5|5|5|5|5|5|5|2|3|5|5
34348,4,True,6,5,4,4|6|4|6|4|4|6|4|4|4|4|2|6|4|4
34354,3,False,3,8,3,3|3|3|3|1|3|7|2|0|2|3|6|2|2|3
34357,2,True,9,8,2,9|9|5|9|2|5|2|9|2|2|2|2|2|9|9
34363,4,True,6,6,4,4|6|0|4|4|0|9|4|4|6|4|4|4|6|4
34376,1,True,5,13,5,5|8|5|5|5|1|5|5|5|5|5|5|5|7|1
34419,9,False,9,14,5,5|5|5|5|5|5|9|5|5|5|5|5|5|5|5
34424,6,True,3,13,3,3|6|3|3|6|3|3|3|3|3|3|3|2|3|3
34430,6,False,6,15,4,8|8|9|4|4|4|4|4|8|4|4|9|9|4|4
34440,4,True,6,15,6,6|6|0|6|6|6|6|6|6|6|0|6|6|6|6
34458,3,True,8,13,8,8|8|8|8|8|8|8|8|8|8|3|8|8|3|8
34492,8,False,8,5,8,3|8|8|3|8|8|3|8|3|8|8|3|8|8|8
34497,0,True,2,12,2,2|2|0|2|0|2|6|2|2|2|0|2|2|2|6
34501,7,True,8,13,8,7|8|8|8|7|8|1|8|1|8|8|8|8|8|8
34503,8,False,8,6,8,3|8|8|8|8|8|8|3|3|8|8|3|5|3|8
34507,7,False,7,0,7,7|7|7|7|7|7|7|7|7|7|7|7|7|7|7
34535,6,False,6,10,4,3|6|2|4|4|4|4|6|4|4|6|1|6|2|6
34540,2,True,9,10,-1,9|2|5|9|7|5|2|5|2|9|7|2|2|5|5
34546,1,False,1,1,1,1|1|1|1|1|1|0|1|1|1|1|1|1|1|1
34567,1,False,1,7,1,1|1|1|7|7|1|7|7|0|1|7|7|1|1|1
34581,2,False,2,14,0,0|0|0|4|4|0|4|4|4|0|0|0|6|2|4
34588,3,False,3,9,2,3|2|2|3|2|3|3|2|3|2|3|2|2|2|2
34593,3,True,2,15,4,6|2|6|4|4|6|6|2|4|0|4|9|4|4|4
34596,5,True,9,4,5,7|5|5|5|5|5|9|5|5|5|5|9|5|9|5
34602,7,False,7,3,7,7|7|7|9|7|7|7|7|9|9|7|7|7|7|7
34604,6,False,6,15,4,4|4|4|4|4|4|4|4|4|4|4|4|4|4|4
34634,3,True,8,8,3,3|8|3|8|8|6|3|3|8|3|8|3|4|6|3
34646,5,False,5,8,-1,1|1|5|5|1|5|1|5|1|5|5|1|1|5|2
34672,4,False,4,10,4,0|4|6|6|4|8|4|4|3|8|4|8|8|3|6
34676,9,True,4,12,3,3|3|9|2|6|3|2|9|9|3|4|3|4|4|4
34684,4,False,4,11,9,9|9|9|9|9|4|9|9|9|4|4|9|9|9|4
34719,7,False,7,4,7,7|7|7|2|7|1|7|7|9|7|7|7|9|7|7
34737,1,False,1,5,1,1|1|1|7|7|1|5|1|0|1|7|1|1|1|1
34754,8,False,8,2,8,8|8|8|7|8|8|8|8|8|8|8|8|7|8|8
34761,4,True,6,4,4,9|4|9|4|4|4|6|4|4|2|4|4|4|4|4
34781,7,False,7,3,7,7|7|7|7|7|7|9|7|7|9|7|7|9|7|7
34805,3,False,3,6,3,3|6|3|3|3|3|2|3|3|2|6|3|2|3|0
34811,7,True,5,12,5,7|7|5|7|5|5|5|5|5|5|5|5|5|5|5
34817,0,False,0,15,6,6|7|6|1|7|6|6|1|1|7|6|6|3|9|6
34818,9,True,4,7,9,9|4|9|9|9|4|4|4|9|4|4|9|9|4|9
34841,2,True,3,14,3,1|3|9|3|4|3|9|2|3|6|4|6|3|4|0
34862,6,True,3,14,-1,2|3|3|2|2|2|2|3|3|2|3|6|2|3|3
34875,6,False,6,11,4,4|3|6|6|4|4|6|6|4|4|4|3|3|4|4
34883,3,True,8,9,8,3|8|8|3|8|8|8|3|3|8|8|3|8|8|3
34890,9,True,7,11,7,7|7|7|9|7|7|9|7|7|9|7|7|9|7|7
34891,5,True,9,3,5,9|5|5|5|9|5|9|5|5|5|5|5|5|5|5
34905,2,False,2,10,-1,0|0|9|2|0|4|6|4|4|2|0|2|2|0|2
34917,9,True,7,9,7,9|1|9|9|7|7|7|7|9|7|7|9|9|7|7
34954,2,True,5,15,5,5|5|5|5|5|5|3|5|1|5|7|5|1|5|5
34959,1,True,5,13,7,7|7|7|2|7|1|3|1|7|7|7|7|9|7|2
34999,9,False,9,14,5,5|5|5|5|5|5|5|5|9|5|5|5|5|5|5
35002,9,False,9,12,5,9|9|9|5|5|5|5|4|5|5|5|5|5|5|5
35017,9,True,7,7,9,7|5|9|7|7|7|9|9|9|9|7|9|9|5|9
35025,7,False,7,4,7,7|7|9|9|7|7|5|7|9|7|7|7|7|7|7
35068,1,False,1,8,7,1|7|1|7|7|1|7|1|1|1|7|7|1|7|7
35069,0,True,2,7,0,0|0|0|2|0|0|4|2|4|0|0|2|2|4|0
35073,2,True,5,4,2,2|2|5|2|5|2|2|2|2|5|5|2|2|2|2
35084,4,False,4,3,4,9|4|9|4|4|4|4|4|4|4|4|4|9|4|4
35091,4,True,6,5,4,4|6|4|6|4|4|4|4|4|6|4|6|4|6|4
35094,9,False,9,15,5,5|5|5|5|5|5|5|5|5|5|5|5|5|5|5
35101,6,False,6,15,4,4|4|4|4|4|4|4|4|4|4|4|4|4|4|4
35122,8,False,8,5,8,8|8|8|8|8|7|1|8|1|7|8|7|8|8|8
35130,0,True,2,9,0,0|0|6|6|0|8|0|2|0|6|0|2|4|4|6
35132,5,False,5,7,5,5|1|5|5|1|5|2|5|1|5|5|3|1|5|1
35136,6,False,6,12,0,8|0|4|5|7|8|0|0|6|0|6|0|6|0|0
35146,2,True,3,11,3,3|3|3|3|3|3|2|2|3|2|3|3|2|3|3
35156,5,True,9,1,5,5|5|5|5|5|5|5|5|9|5|5|5|5|5|5
35162,3,True,8,14,8,8|8|8|8|8|8|8|8|8|8|8|8|8|3|8
35217,8,False,8,5,8,8|8|8|7|8|8|8|8|1|8|8|7|7|8|9
35224,4,True,6,10,6,4|6|6|6|6|0|6|4|4|6|4|6|4|6|0
35253,3,True,8,12,8,8|8|8|8|8|8|3|3|3|8|8|8|8|8|8
35334,1,True,5,13,7,7|7|5|7|7|5|5|5|1|5|5|7|1|7|7
35336,1,True,8,13,-1,1|7|8|6|2|0|1|4|8|6|4|0|9|8|0
35343,7,True,8,14,8,8|8|8|8|8|1|8|8|8|8|8|8|9|7|8
35377,9,True,7,11,7,7|9|9|7|7|5|9|7|9|7|7|2|7|7|7
35391,6,True,0,2,6,6|6|0|6|6|6|0|6|6|6|6|6|6|6|6
35413,5,False,5,11,-1,3|1|3|8|1|7|3|7|7|5|2|3|5|5|5
35424,0,False,0,11,6,6|6|6|0|4|6|2|0|0|6|0|6|6|4|4
35471,0,True,1,14,1,1|0|1|1|1|1|1|1|1|1|1|1|1|1|1
35476,2,True,3,12,3,3|3|2|2|3|1|3|3|3|2|3|3|3|3|3
35501,9,True,4,6,9,9|9|9|9|4|9|4|4|9|4|4|9|9|4|9
35512,3,False,3,4,3,3|3|3|3|3|3|2|3|3|3|3|2|2|3|2
35516,7,False,7,10,9,7|7|9|9|8|7|9|2|9|9|7|5|9|5|7
35597,7,False,7,4,7,7|9|7|7|7|7|5|5|9|7|7|7|7|7|7
35616,4,False,4,14,3,3|3|2|2|1|3|2|3|3|3|4|3|1|3|2
35623,2,True,3,10,3,3|3|3|2|2|3|3|3|3|2|2|3|2|3|7
35639,3,True,2,10,-1,6|6|3|2|4|3|2|3|3|2|0|6|2|2|3
35652,4,False,4,9,4,0|2|9|2|9|4|9|4|8|4|0|2|4|4|4
35679,3,True,5,14,7,7|1|7|7|9|1|9|7|3|7|7|9|7|5|7
35695,3,False,3,13,4,3|9|9|4|4|6|9|3|4|4|4|6|4|4|4
35702,9,True,8,15,8,8|8|8|8|8|8|8|8|8|8|8|8|8|3|8
35737,3,False,3,11,-1,3|2|6|3|4|4|2|3|3|2|4|2|4|2|4
35750,9,True,4,8,4,9|4|9|9|4|4|9|9|4|4|4|9|9|4|4
35765,6,True,2,15,4,0|4|0|0|4|0|9|0|4|4|4|0|2|4|4
35784,7,False,7,5,7,7|8|7|2|7|7|7|7|1|3|7|7|2|7|7
35788,3,False,3,8,3,0|0|3|3|3|3|3|2|3|0|6|3|6|6|6
35790,0,True,2,3,0,0|0|0|0|0|0|2|0|0|0|0|0|2|0|4
35804,9,False,9,12,5,9|5|5|5|5|5|9|5|9|5|5|5|5|5|5
35826,4,False,4,8,4,4|3|3|6|4|0|3|4|3|2|4|2|4|4|4
35866,7,False,7,4,7,7|2|7|2|7|7|2|3|7|7|7|7|7|7|7
35890,9,False,9,13,5,9|5|5|5|5|5|9|5|5|5|5|5|5|5|5
35892,2,True,3,10,-1,6|2|3|2|6|0|2|6|3|3|3|3|2|2|6
35936,4,True,6,10,-1,2|6|0|4|4|0|4|6|4|0|0|2|6|0|4
35955,7,True,1,3,7,7|7|7|7|7|7|7|7|1|1|7|7|1|7|7
35956,1,False,1,0,1,1|1|1|1|1|1|1|1|1|1|1|1|1|1|1
35971,9,True,3,15,8,6|8|8|0|0|6|2|8|3|7|8|3|1|6|4
35972,9,False,9,13,5,9|5|5|5|5|5|9|5|5|5|5|5|5|5|5
35985,3,True,5,13,5,7|5|5|5|5|5|3|5|5|5|5|3|5|5|7
35994,1,False,1,10,0,0|1|0|1|0|1|0|0|0|0|0|0|1|0|1
36031,3,False,3,14,4,9|6|9|9|4|4|9|4|4|4|4|3|4|2|4
36038,2,True,3,9,3,3|2|3|2|3|3|6|3|3|2|3|3|2|2|2
36049,4,True,6,15,3,3|3|3|3|1|3|2|2|3|2|3|3|2|3|2
36053,3,True,2,15,4,0|4|9|4|2|4|4|2|4|2|0|2|4|4|0
36100,4,True,6,13,2,0|8|0|6|8|3|2|8|0|4|4|2|2|2|6
36142,1,True,8,13,8,8|8|8|8|8|1|3|8|1|8|8|8|8|8|8
36145,3,False,3,7,3,3|3|3|3|1|3|2|2|4|2|3|3|2|3|2
36169,9,True,7,10,7,7|7|7|9|7|7|7|2|3|9|9|7|9|2|9
36173,2,True,5,10,-1,7|2|5|3|2|2|2|7|5|5|7|7|1|7|2
36180,7,False,7,2,7,7|7|7|7|7|7|3|7|7|7|7|7|7|9|7
36210,6,True,0,3,6,6|0|6|6|6|6|6|4|6|6|0|6|6|6|6
36237,4,False,4,11,9,9|9|9|9|9|9|9|4|4|4|4|9|9|9|9
36252,1,True,8,12,8,8|8|8|1|8|8|3|8|4|1|1|8|8|8|8
36263,1,False,1,3,1,1|1|1|1|7|1|0|1|1|1|1|1|1|7|1
36270,6,True,9,15,5,5|7|5|5|5|9|5|7|5|5|5|5|5|5|5
36271,1,True,5,5,1,1|1|1|5|5|1|1|1|1|5|5|1|5|1|1
36290,4,False,4,7,4,9|4|9|9|4|4|9|4|4|9|4|9|4|4|9
36291,0,True,3,14,3,6|2|0|8|2|3|2|4|2|3|3|3|2|3|3
36300,6,True,0,7,6,0|6|0|6|6|0|0|6|0|0|0|6|6|6|6
36316,0,True,2,12,4,4|4|0|0|4|4|9|4|4|4|4|9|4|4|0
36323,6,True,0,13,0,0|0|6|6|2|4|2|0|0|2|0|2|2|0|0
36351,4,True,6,13,6,4|6|0|6|0|0|6|0|4|6|6|6|6|3|6
36366,6,False,6,15,8,1|8|0|4|3|5|2|7|3|2|4|8|8|8|1
36424,6,True,0,15,1,1|8|1|7|2|1|8|1|1|2|8|3|1|3|3
36434,6,True,0,4,6,0|6|0|0|6|0|6|6|6|6|6|6|6|6|6
36443,2,False,2,12,6,0|6|0|0|2|6|6|4|2|0|4|2|6|6|4
36468,3,False,3,11,-1,3|3|9|6|6|7|4|7|3|2|3|1|6|2|6
36479,2,False,2,12,8,1|8|0|2|2|0|2|4|1|5|4|8|4|8|8
36507,1,True,5,11,5,1|1|5|1|5|5|3|5|1|5|3|5|5|5|5
36546,0,False,0,13,6,6|6|6|6|6|6|0|0|4|6|6|6|6|6|6
36586,3,True,7,15,7,7|7|7|7|7|7|9|7|7|7|7|7|7|2|7
36605,1,True,5,15,5,5|5|5|5|5|5|5|5|5|5|5|5|5|5|5
36622,2,False,2,11,0,0|0|0|0|4|2|2|0|0|0|0|2|2|0|4
36623,4,False,4,11,2,0|6|0|0|2|4|2|6|4|4|0|2|2|2|4
36634,9,True,4,10,4,4|4|9|9|9|4|4|4|4|4|4|9|9|4|4
36635,7,True,5,9,5,7|7|5|5|7|5|7|5|7|5|2|5|2|7|5
36641,9,True,7,10,7,9|7|5|7|7|5|9|7|9|7|7|9|7|5|9
36643,1,False,1,2,1,1|1|0|1|1|1|1|1|1|1|1|1|1|0|1
36645,6,False,6,3,6,6|6|6|6|4|6|6|6|4|6|6|6|6|4|6
36693,6,True,0,3,6,6|6|0|6|0|0|6|6|6|6|6|6|6|6|6
36697,4,False,4,2,4,4|4|4|4|4|4|6|4|4|4|4|6|4|4|4
36699,3,False,3,12,2,0|2|2|2|6|0|6|6|0|2|3|3|2|2|3
36725,6,True,0,1,6,6|6|0|6|6|6|6|6|6|6|6|6|6|6|6
36740,4,True,6,14,6,6|6|3|3|6|0|6|0|4|6|6|0|2|2|6
36747,3,False,3,6,3,2|3|3|3|2|2|2|3|3|2|3|3|2|3|3
36753,7,False,7,2,7,7|7|7|7|7|7|2|7|7|7|7|7|9|7|7
36772,4,True,6,4,4,4|4|6|4|4|4|6|6|4|4|4|6|4|4|4
36774,7,True,1,15,1,1|1|1|1|1|1|1|1|1|1|1|1|1|1|1
36778,6,False,6,13,4,4|6|4|4|4|0|4|4|4|4|4|4|4|6|4
36784,3,False,3,5,3,3|3|2|2|3|3|2|3|3|2|3|3|2|3|3
36805,2,False,2,11,-1,0|3|0|2|0|2|9|3|4|0|4|3|2|2|4
36851,2,False,2,11,4,4|8|9|4|4|6|2|2|4|4|4|9|0|2|2
36858,5,True,9,0,5,5|5|5|5|5|5|5|5|5|5|5|5|5|5|5
36871,9,True,4,15,-1,0|2|0|2|2|4|0|0|4|2|0|2|6|4|4
36882,9,True,4,10,4,9|6|9|4|4|4|4|2|9|4|4|2|9|2|9
36950,2,False,2,10,-1,0|2|0|0|2|4|2|6|4|2|0|2|4|4|0
36967,5,False,5,8,5,7|5|7|5|5|6|1|5|2|7|5|5|5|7|4
36986,7,True,1,15,1,1|1|0|1|1|1|0|1|1|1|1|1|1|1|1
37014,3,False,3,13,6,6|2|6|6|6|6|3|6|6|0|0|6|6|6|3
37053,7,True,5,6,7,7|7|7|7|5|5|7|7|5|5|5|7|5|7|7
37085,6,False,6,15,-1,4|0|0|2|0|4|4|0|0|4|4|0|0|4|4
37086,7,False,7,3,7,7|7|7|7|9|7|9|7|7|7|7|7|9|7|7
37105,2,True,7,14,7,7|7|7|7|7|7|2|7|7|7|7|7|7|7|7
37119,6,True,0,4,6,6|6|6|0|0|6|6|0|6|6|0|6|6|6|6
37152,7,True,3,15,3,3|2|3|3|3|3|2|3|3|2|3|3|2|3|2
37155,7,False,7,2,7,7|2|7|2|7|7|7|7|7|7|7|7|7|7|7
37170,2,True,3,13,3,3|3|3|3|3|3|2|3|3|2|1|3|0|3|3
37172,5,True,6,15,0,0|6|0|6|3|0|0|3|6|0|0|6|6|0|0
37185,9,True,4,10,4,9|4|9|4|4|4|4|9|4|4|4|4|9|4|9
37187,0,True,1,6,0,0|1|0|0|0|0|0|1|0|1|0|1|6|0|1
37189,4,False,4,7,4,9|8|4|4|4|4|5|4|9|4|1|4|4|9|9
37192,4,False,4,8,9,9|9|9|9|4|4|9|4|9|4|4|9|9|4|4
37203,6,True,0,3,6,0|6|0|6|6|0|6|6|6|6|6|6|6|6|6
37229,5,True,9,6,5,9|5|5|5|2|5|9|5|9|5|5|5|5|9|9
37241,8,False,8,1,8,8|8|8|8|7|8|8|8|8|8|8|8|8|8|8
37249,7,True,8,14,8,8|8|8|7|8|8|8|8|8|8|8|8|8|8|8
37299,3,True,8,13,8,8|8|8|8|8|8|8|3|4|8|8|3|8|8|8
37305,0,False,0,12,6,0|6|0|6|6|6|6|6|6|0|6|6|6|6|6
37329,0,True,2,13,4,4|4|0|8|4|0|8|6|3|4|4|2|6|2|4
37332,4,False,4,7,4,9|4|9|4|9|3|9|4|4|4|4|9|4|4|9
37335,5,True,9,0,5,5|5|5|5|5|5|5|5|5|5|5|5|5|5|5
37344,1,False,1,1,1,1|1|1|1|1|1|1|7|1|1|1|1|1|1|1
37355,9,True,1,15,1,1|8|1|1|2|3|1|1|1|2|1|1|2|8|1
37366,0,False,0,15,6,6|6|6|6|3|6|6|6|6|6|6|6|6|3|6
37378,4,False,4,4,4,0|4|4|4|4|9|6|4|4|4|4|4|4|4|8
37386,7,True,5,5,7,7|7|5|7|7|8|7|7|7|7|5|7|7|5|5
37389,8,False,8,1,8,8|8|8|8|8|8|8|8|8|8|8|3|8|8|8
37391,9,True,7,15,7,7|7|7|2|7|7|2|7|7|7|7|7|7|7|7
37393,2,True,3,11,3,1|2|3|2|3|3|6|3|2|6|3|6|1|2|3
37394,4,True,1,14,1,1|1|1|1|1|1|4|1|1|1|1|1|1|7|1
37422,6,True,3,14,3,3|6|3|3|3|3|2|3|3|3|3|3|2|3|2
37426,4,False,4,3,4,4|4|9|4|4|4|9|4|4|4|4|4|4|9|4
37427,6,True,2,13,4,0|6|2|4|4|9|6|4|9|4|4|2|8|4|2
37467,1,False,1,6,1,1|1|1|7|1|1|7|4|1|1|7|7|1|7|1
37480,0,False,0,13,6,6|6|0|6|0|2|2|4|4|6|6|6|6|6|6
37485,9,True,4,9,4,9|4|4|9|4|4|4|9|9|4|4|9|4|4|9
37508,5,False,5,6,5,5|5|5|5|5|1|3|5|3|5|5|3|5|3|1
37521,4,True,6,8,4,0|2|8|4|4|2|0|4|4|0|4|0|4|2|4
37524,9,False,9,7,9,7|9|9|7|9|5|9|7|9|9|7|7|9|9|7
37530,8,False,8,5,8,8|1|8|1|8|8|1|1|1|8|8|8|8|8|8
37564,9,True,4,5,9,9|9|9|4|9|9|9|9|9|4|4|9|4|4|9
37569,5,False,5,8,-1,1|1|5|5|1|1|5|5|1|5|3|1|5|5|1
37570,1,True,5,15,5,2|2|5|5|7|5|2|7|5|5|7|7|5|2|7
37571,4,True,6,7,4,4|6|9|6|4|6|4|4|4|4|4|6|6|6|4
37578,5,False,5,8,5,7|5|5|5|5|5|3|3|1|5|5|3|7|8|2
37598,9,True,6,15,6,6|6|6|6|4|6|6|4|4|6|4|6|4|4|4
37610,5,False,5,4,5,7|5|5|5|5|5|5|1|3|5|5|5|5|5|2
37666,4,False,4,6,4,4|4|2|2|4|4|4|3|9|9|4|2|4|4|4
37680,9,False,9,13,5,9|5|5|5|5|5|5|5|5|5|5|5|5|9|5
37681,5,True,9,2,5,5|5|5|5|5|5|9|5|9|5|5|5|5|5|5
37682,5,True,9,2,5,5|5|5|5|5|5|5|5|9|5|5|5|5|5|9
37703,0,True,2,5,0,0|0|0|0|4|0|0|7|4|0|0|0|6|0|4
37706,8,False,8,1,8,8|8|8|8|8|8|8|8|8|8|8|8|9|8|8
37723,4,False,4,12,-1,3|6|3|3|6|6|0|7|9|8|4|6|4|3|4
37726,6,True,0,6,6,6|6|3|6|4|3|6|3|6|0|6|6|6|3|6
37737,4,True,1,13,1,1|1|1|1|0|1|4|1|4|1|1|1|1|0|1
37766,9,True,4,8,4,9|4|9|9|4|4|4|9|9|4|4|9|9|4|4
37768,9,True,4,14,4,8|4|6|4|4|0|4|8|9|4|4|3|2|4|2
37774,2,True,5,15,5,0|5|5|5|5|1|8|1|4|8|3|5|9|3|8
37791,9,False,9,15,5,5|5|5|5|5|5|5|5|5|5|5|5|5|5|5
37804,0,False,0,9,6,0|6|0|0|6|6|6|6|0|6|0|0|6|6|6
37812,4,False,4,5,4,4|9|9|6|4|4|9|4|4|4|4|4|9|4|4
37854,5,True,9,3,5,5|5|5|5|5|5|5|5|9|5|7|5|5|5|9
37867,4,True,6,14,6,0|6|0|6|6|6|6|6|4|6|6|6|6|6|6
37893,9,True,7,11,7,7|7|7|9|7|7|9|7|7|7|7|9|9|7|7
37910,6,True,3,15,2,3|2|3|2|2|3|2|2|3|2|3|2|2|3|3
37912,4,False,4,11,3,3|3|9|9|8|0|4|3|3|4|4|3|4|6|9
37915,2,False,2,12,4,4|3|2|2|4|4|4|6|4|4|4|2|4|4|4
37932,4,True,6,11,6,6|6|6|6|6|0|4|4|4|6|4|6|6|6|6
37938,4,True,6,9,4,4|6|2|6|6|4|3|4|3|4|4|6|3|6|4
37939,4,True,6,14,6,0|6|0|6|6|6|6|6|4|6|6|6|6|6|6
37961,6,False,6,15,4,4|4|4|4|4|4|4|4|4|4|4|4|4|4|4
37975,0,False,0,13,6,0|6|0|6|6|6|6|6|6|6|6|6|6|6|6
37982,8,False,8,1,8,8|8|8|8|8|8|8|3|8|8|8|8|8|8|8
38011,6,True,0,1,6,6|6|6|6|6|6|6|6|6|6|0|6|6|6|6
38027,9,False,9,14,5,5|5|5|5|5|5|5|5|9|5|5|5|5|5|5
38034,7,False,7,3,7,7|2|7|7|7|7|3|7|7|7|7|7|7|2|7
38044,1,False,1,4,1,1|0|1|1|1|1|0|6|1|1|7|1|1|1|1
38049,6,True,2,9,6,9|6|6|6|4|4|6|9|4|4|9|6|6|2|4
38093,6,True,9,15,9,7|9|9|2|2|7|3|9|2|9|7|9|7|2|9
38100,8,False,8,15,-1,7|6|3|0|1|2|6|2|1|2|7|1|6|3|0
38107,9,True,7,14,7,7|7|2|9|7|1|5|7|7|7|7|7|7|8|7
38128,2,True,7,14,7,7|7|7|7|7|3|9|7|9|7|7|3|7|2|7
38131,1,True,8,13,8,0|8|9|7|8|8|8|8|1|8|8|8|8|8|1
38136,7,False,7,3,7,7|7|9|7|7|7|9|7|9|7|7|7|7|7|7
38175,9,True,7,14,7,7|7|7|7|7|7|9|7|7|7|7|7|7|7|7
38183,4,True,6,0,4,4|4|4|4|4|4|4|4|4|4|4|4|4|4|4
38225,6,True,0,3,6,6|6|0|6|6|6|0|6|6|6|0|6|6|6|6
38232,6,True,0,12,2,0|2|2|0|0|6|6|2|3|6|0|2|2|2|3
38244,9,False,9,14,5,6|5|5|5|5|6|6|2|5|2|6|6|5|9|5
38257,7,True,3,15,3,3|2|2|3|2|6|8|2|2|3|6|3|6|3|3
38264,6,True,0,6,6,6|6|0|6|4|6|0|6|0|0|6|6|6|0|6
38274,0,True,3,14,3,8|3|0|3|8|6|3|2|3|4|4|6|6|2|4
38292,7,True,5,11,5,5|5|5|5|5|7|5|5|1|5|7|7|5|7|5
38298,2,True,3,14,3,0|6|3|3|3|3|7|4|4|0|3|3|2|3|4
38316,2,False,2,15,4,6|6|6|4|4|4|4|6|4|4|4|3|6|6|4
38318,7,True,5,7,7,7|5|7|7|7|5|5|7|5|5|7|7|5|7|5
38343,1,False,1,4,1,1|1|1|1|1|1|0|1|1|1|0|1|1|0|0
38357,2,False,2,11,0,0|0|0|2|0|0|4|2|0|8|0|2|2|4|0
38365,9,True,8,14,8,8|8|8|8|8|8|8|8|9|8|8|3|3|8|8
38381,3,False,3,3,3,3|3|3|3|3|3|2|3|3|3|3|2|6|3|3
38383,5,False,5,4,5,7|5|5|5|5|6|5|5|7|5|5|5|7|5|5
38393,0,True,2,10,2,0|8|0|0|2|0|6|2|4|2|2|2|2|0|2
38402,7,False,7,2,7,7|7|7|7|7|7|7|7|9|7|7|7|9|7|7
38415,7,False,7,6,7,7|9|7|5|5|7|9|7|7|7|7|5|2|7|7
38419,6,True,0,5,6,0|6|0|0|6|6|6|6|6|0|0|6|6|6|6
38423,6,False,6,3,6,6|6|6|6|6|6|4|4|6|6|0|6|6|6|6
38425,8,False,8,10,8,8|1|5|5|7|8|4|3|0|1|8|8|9|8|0
38431,4,False,4,11,3,0|3|3|8|3|3|9|8|4|8|4|2|4|4|3
38436,0,False,0,11,6,0|0|0|6|6|6|6|6|6|6|0|6|6|6|6
38459,2,True,9,12,5,9|2|5|5|5|5|9|2|5|5|5|2|9|9|5
38465,6,False,6,11,6,3|6|5|0|5|6|8|2|4|2|8|5|9|6|6
38469,9,True,8,14,8,8|8|8|8|8|8|8|3|8|8|8|3|9|8|8
38485,0,False,0,11,6,6|6|0|6|4|0|6|0|0|6|6|6|6|6|6
38501,2,True,3,13,3,3|6|3|3|3|3|3|3|2|6|3|3|3|3|2
38523,8,True,7,15,5,5|5|5|5|9|5|9|5|9|5|9|5|9|5|5
38532,6,False,6,13,4,4|6|4|4|4|4|6|4|4|4|4|9|4|4|4
38577,6,False,6,14,4,4|6|4|4|4|4|4|4|4|4|4|4|4|4|4
38579,3,False,3,7,3,3|2|2|3|2|3|2|3|3|2|1|3|2|3|3
38582,9,True,4,5,9,9|9|9|9|9|9|9|4|4|4|4|9|9|2|9
38587,9,True,8,15,8,3|8|8|8|8|8|3|8|4|8|8|8|8|3|8
38594,7,False,7,14,5,5|3|5|5|1|7|2|5|3|5|3|3|5|5|3
38632,7,False,7,5,7,7|7|9|7|9|7|9|7|9|7|7|7|7|9|7
38640,6,True,0,5,6,0|6|0|6|6|6|0|6|6|0|0|6|6|6|6
38647,4,True,6,4,4,4|4|9|4|4|4|4|4|2|2|4|2|4|4|4
38671,9,False,9,11,5,9|5|5|5|5|5|9|5|9|5|5|5|9|5|5
38674,0,False,0,9,6,0|6|6|6|0|0|6|6|6|0|0|0|6|6|6
38678,6,True,0,4,6,6|6|0|0|6|6|6|6|6|6|0|6|6|0|6
38690,9,False,9,14,5,5|5|5|5|5|5|9|5|5|5|7|5|5|5|5
38692,0,True,1,10,1,1|0|0|0|1|1|1|1|0|1|1|1|1|0|1
38705,7,False,7,2,7,7|2|7|7|7|7|7|7|9|7|7|7|7|7|7
38724,0,True,2,14,2,1|2|5|8|5|6|0|2|4|3|8|8|2|4|2
38733,2,True,5,13,5,5|5|5|5|5|5|5|2|5|5|5|5|5|5|2
38762,5,False,5,11,7,7|2|5|5|7|1|6|3|1|5|7|5|7|7|7
38788,9,True,4,8,4,9|4|9|9|4|4|9|4|4|4|4|9|9|4|9
38812,9,True,4,6,9,9|9|9|9|9|4|9|4|9|4|4|9|9|4|4
38845,6,False,6,12,-1,0|6|3|2|8|5|9|1|3|6|0|4|2|6|0
38849,6,True,0,12,4,4|6|6|4|4|4|4|6|4|0|4|0|4|0|4
38885,5,False,5,9,5,7|1|7|5|5|4|3|5|2|7|7|3|5|5|5
38908,3,True,5,12,5,3|5|7|5|5|8|5|5|3|5|8|3|7|8|2
38924,8,False,8,10,-1,0|1|8|8|2|8|1|1|1|0|2|8|1|3|8
38936,3,True,8,14,8,8|8|8|8|8|8|3|8|4|8|8|8|8|8|8
39022,9,False,9,13,5,9|5|5|5|5|5|5|5|9|5|5|5|5|5|5
39038,9,True,4,15,4,4|6|2|6|4|6|2|4|4|2|2|8|4|6|4
39040,6,True,3,10,6,3|6|0|6|3|6|6|3|6|2|0|2|4|3|0
39043,9,True,4,9,4,9|9|9|9|4|4|9|4|9|4|4|4|4|4|4
39074,0,False,0,8,0,0|0|0|6|5|0|0|0|4|6|6|6|6|6|0
39097,6,False,6,6,6,0|6|0|6|4|6|0|0|4|6|6|6|6|6|6
39124,3,True,7,15,7,7|7|7|7|7|7|9|7|9|7|7|7|7|7|7
39134,6,False,6,12,4,4|6|9|4|4|4|4|4|4|6|4|9|6|4|4
39140,0,False,0,12,6,6|6|6|6|2|0|2|2|3|0|2|6|3|6|0
39156,6,False,6,13,4,4|2|4|6|2|4|6|4|4|2|4|4|4|4|4
39159,0,False,0,13,6,6|6|0|6|6|6|6|0|6|6|6|6|6|6|6
39193,6,True,0,1,6,8|6|6|6|6|6|6|6|6|6|6|6|6|6|6
39197,1,False,1,7,1,1|1|1|7|7|1|1|7|7|1|7|1|1|7|7
39239,9,True,7,12,7,7|7|7|7|7|7|9|2|9|9|7|7|7|7|7
39241,7,False,7,7,7,7|3|2|7|7|1|7|5|9|5|7|7|7|5|7
39280,5,True,9,0,5,5|5|5|5|5|5|5|5|5|5|5|5|5|5|5
39289,1,False,1,7,1,7|1|7|7|7|1|7|1|1|1|7|1|1|7|1
39290,9,True,4,7,9,9|9|9|4|9|9|9|4|9|4|4|9|4|4|4
39307,6,True,3,9,3,3|6|3|6|6|3|6|3|3|3|6|3|6|3|3
39308,7,False,7,14,5,7|2|5|5|9|5|9|5|9|5|5|5|9|9|5
39319,0,False,0,11,6,0|0|0|6|6|6|6|6|6|6|0|6|6|6|6
39320,5,False,5,15,7,9|7|9|9|7|9|9|3|9|7|7|7|7|7|7
39323,0,False,0,10,6,6|6|0|6|6|0|0|6|6|6|0|6|6|0|6
39329,4,True,6,15,-1,0|2|0|6|3|0|6|2|6|6|0|6|6|0|0
39339,4,False,4,3,4,4|6|4|4|4|4|2|4|4|4|4|4|6|4|4
39341,9,True,4,12,4,9|4|4|4|4|4|9|3|4|4|4|9|4|4|4
39346,0,True,1,12,1,0|1|1|1|1|1|6|4|1|0|1|1|1|0|1
39392,7,True,5,6,7,7|1|5|5|7|5|7|7|5|7|7|3|7|7|7
39422,0,False,0,11,6,0|6|0|6|6|6|6|0|6|6|0|6|4|6|6
39446,9,True,4,10,4,9|4|9|9|4|8|9|4|4|4|4|4|9|4|4
39460,5,False,5,3,5,7|5|5|5|5|2|5|5|5|5|5|5|5|7|5
39466,9,True,7,14,7,7|7|7|7|7|1|7|7|7|7|7|7|9|7|7
39483,2,False,2,15,4,4|4|8|4|4|0|9|8|4|4|4|8|4|4|0
39509,7,False,7,5,7,7|7|9|7|7|5|9|7|9|7|7|7|9|7|7
39517,2,True,9,14,5,7|5|5|5|7|5|5|5|1|5|5|7|5|2|5
39531,4,True,1,15,1,1|1|1|1|1|1|1|1|1|1|7|1|1|1|1
39544,6,True,2,15,4,9|4|9|4|9|4|4|9|4|4|4|9|9|4|9
39553,9,True,4,14,4,6|2|9|0|8|4|6|4|4|4|0|4|6|2|4
39572,9,True,4,15,6,6|0|0|6|2|6|1|4|4|6|6|6|6|3|0
39585,3,False,3,2,3,3|3|3|3|3|3|2|3|3|3|3|3|3|3|6
39587,7,False,7,9,7,7|7|5|7|7|5|9|7|9|9|7|9|5|5|9
39592,9,True,7,12,7,7|7|7|7|7|7|9|7|9|9|7|7|7|7|7
39608,6,True,3,15,2,3|3|3|2|2|2|3|3|2|2|3|3|2|2|2
39634,1,True,5,14,5,8|8|5|7|8|3|3|7|8|5|5|5|2|5|1
39639,5,True,9,3,5,5|5|5|5|5|5|9|5|9|5|9|5|5|5|5
39671,0,False,0,13,8,8|8|8|5|8|8|0|4|0|8|6|6|4|6|4
39715,3,False,3,9,-1,3|3|3|9|2|4|4|0|4|3|3|4|4|4|3
39738,4,True,6,4,4,4|4|6|6|4|4|6|4|4|4|4|6|4|4|4
39747,8,False,8,6,8,8|8|8|8|7|8|7|8|8|8|7|7|7|7|8
39748,9,False,9,13,5,9|5|5|5|5|5|5|5|5|5|5|5|9|5|5
39752,9,True,6,15,2,8|4|2|0|2|0|8|4|0|3|8|2|2|2|4
39760,6,True,0,6,6,6|6|6|0|6|0|6|0|1|0|0|6|6|6|6
39762,7,True,1,15,0,0|1|0|1|1|1|0|1|0|0|0|0|1|0|1
39782,0,True,2,3,0,0|0|0|0|0|0|2|0|2|0|0|0|2|0|0
39798,4,True,6,14,0,0|0|0|0|0|0|0|6|0|0|0|0|6|0|4
39814,1,True,8,12,8,1|8|0|6|8|2|7|8|4|1|8|1|9|8|6
39819,0,False,0,14,6,6|6|0|5|6|6|6|6|4|6|6|6|6|6|6
39827,9,True,4,13,4,4|4|4|4|9|4|3|4|9|4|8|4|4|2|4
39850,5,False,5,3,5,2|5|5|5|5|5|3|5|1|5|5|5|5|5|5
39858,9,True,4,11,4,9|4|9|4|4|4|9|4|4|4|4|9|4|4|4
39860,2,True,5,14,5,5|5|5|5|5|5|2|5|5|5|5|5|5|5|5
39899,3,False,3,7,3,3|4|2|2|2|3|2|3|3|3|3|3|6|3|2
39913,9,True,4,7,9,9|4|9|9|4|4|4|9|9|4|4|9|4|9|9
39947,4,True,6,11,6,6|6|0|6|4|6|0|4|4|6|6|6|6|6|4
40002,3,False,3,12,4,3|3|2|4|4|4|9|4|3|8|4|6|4|2|4
40028,2,True,3,14,6,3|6|6|6|0|8|6|1|3|3|8|6|2|6|6
40035,0,True,2,9,0,0|2|0|3|8|8|8|0|6|2|0|2|6|0|0
40041,8,False,8,4,8,8|8|8|7|8|8|8|7|7|8|8|8|8|8|7
40055,2,True,5,15,5,7|5|5|5|5|5|5|5|5|5|5|5|5|5|5
40094,5,False,5,14,7,7|7|7|7|7|5|9|1|9|7|9|7|9|7|7
40099,9,True,4,15,3,3|3|2|2|3|4|3|3|3|2|4|2|2|3|3
40109,9,True,6,15,4,4|2|4|4|4|4|6|4|4|4|4|6|4|4|4
40116,0,True,2,4,0,0|0|0|0|2|0|4|0|0|0|0|0|2|2|0
40138,1,False,1,9,1,1|1|1|6|4|0|4|4|1|0|0|1|1|4|0
40155,6,False,6,7,6,5|8|6|0|7|6|2|6|0|2|6|6|6|6|6
40161,6,True,0,2,6,6|6|0|6|6|6|6|6|6|6|0|6|6|6|6
40172,9,True,7,12,7,7|7|9|7|7|7|9|7|7|7|7|7|9|7|7
40187,0,True,2,10,0,0|8|0|8|7|8|0|7|3|1|0|0|6|8|2
40217,9,False,9,14,5,5|5|5|5|5|5|9|5|5|5|5|5|5|5|5
40306,3,False,3,8,3,3|6|6|2|6|3|6|3|3|3|4|3|6|3|6
40339,6,True,0,4,6,6|6|0|6|6|0|0|0|6|6|6|6|6|6|6
40341,8,False,8,6,8,8|8|8|7|7|8|7|7|8|8|7|8|8|7|8
40353,1,False,1,2,1,1|1|1|7|1|1|1|1|1|1|1|1|1|7|1
40388,3,True,8,9,8,3|8|3|8|8|8|2|8|3|3|8|8|3|3|1
40396,2,False,2,11,-1,4|6|2|6|0|2|2|2|3|6|4|3|6|4|4
40402,9,True,4,15,6,3|4|2|6|3|3|6|6|3|1|4|6|6|6|0
40420,8,False,8,1,8,8|8|8|8|8|8|3|8|8|8|8|8|8|8|8
40455,6,True,0,12,4,4|3|0|4|0|1|4|0|6|8|6|3|4|4|6
40470,2,False,2,13,0,0|0|0|0|2|0|6|6|0|6|2|0|6|0|1
40476,4,False,4,6,4,6|4|3|4|4|0|4|4|9|9|4|4|4|2|4
40487,0,True,2,1,0,0|0|0|0|0|0|0|0|0|0|0|0|2|0|0
40495,4,True,7,13,7,7|4|7|7|7|7|7|7|4|7|7|9|5|7|7
40503,6,False,6,14,4,4|4|4|4|4|4|4|4|4|6|4|4|4|4|4
40508,1,True,8,14,8,8|8|8|7|7|1|8|3|8|8|8|8|5|8|4
40529,8,False,8,15,0,0|6|0|0|4|0|4|4|4|0|0|0|2|2|0
40542,6,True,0,13,8,8|8|0|6|4|8|1|8|4|8|6|8|2|8|8
40560,4,True,1,15,1,1|1|1|1|1|1|3|1|1|1|1|1|1|1|1
40574,5,True,9,4,5,5|5|5|5|5|5|9|5|9|5|7|5|5|5|9
40578,9,True,4,10,4,9|4|9|4|2|4|4|9|9|4|4|9|4|4|4
40584,3,False,3,4,3,3|3|3|3|2|3|3|2|3|2|3|3|2|3|3
40588,6,False,6,14,4,4|4|4|4|4|4|4|4|6|4|4|4|2|4|4
40590,8,False,8,15,4,4|3|6|6|4|6|6|4|4|0|4|6|6|4|4
40611,9,False,9,13,5,9|5|5|5|5|5|5|2|5|5|5|5|5|5|9
40618,0,True,2,8,0,0|2|0|2|2|8|2|0|0|0|0|0|2|2|4
40633,9,True,7,13,7,7|7|7|7|7|7|9|7|9|7|7|7|7|7|7
40634,0,False,0,8,-1,0|0|0|0|6|6|0|6|6|6|0|0|6|4|6
40648,6,True,0,5,6,0|6|0|8|6|0|6|6|0|6|6|6|6|6|6
40650,7,False,7,5,7,7|7|7|7|9|5|7|7|9|7|5|7|9|7|7
40724,6,False,6,11,4,0|6|4|4|4|0|6|6|9|0|4|4|6|4|4
40747,9,True,4,7,9,9|4|9|9|4|9|9|4|9|4|4|9|9|4|4
40766,7,True,8,13,8,8|8|8|7|8|1|6|1|1|8|7|8|8|2|1
40776,0,False,0,14,6,6|6|4|6|0|1|2|4|3|2|6|3|4|6|4
40795,9,True,4,5,9,9|9|9|9|9|4|4|4|9|9|4|9|9|4|9
40801,9,True,4,12,4,9|4|0|4|4|4|2|4|3|8|4|9|9|4|3
40812,9,True,4,11,4,9|4|9|4|4|4|4|4|4|4|4|9|9|4|4
40821,3,True,2,15,4,9|4|9|4|9|4|4|4|4|4|4|4|9|4|4
40834,5,False,5,7,5,3|1|5|1|5|5|2|5|5|5|5|1|5|3|1
40835,6,True,0,3,6,0|6|0|6|6|6|6|6|6|4|6|6|6|6|6
40846,9,True,6,13,4,4|4|4|4|4|9|4|4|4|4|4|9|6|4|4
40847,4,False,4,6,4,9|4|9|4|4|4|9|4|4|4|4|9|9|4|7
40872,2,True,5,14,5,5|2|5|5|5|5|7|5|0|5|5|5|5|5|5
40884,2,True,3,10,3,4|3|3|3|2|0|2|4|2|2|2|3|6|3|3
40886,5,True,9,7,5,9|9|5|5|9|5|9|5|5|5|5|5|9|9|2
40894,1,False,1,7,1,1|1|3|1|3|3|3|1|6|6|1|6|1|1|1
40905,8,False,8,5,8,8|8|8|1|8|8|1|1|1|8|8|8|1|8|8
40923,9,True,7,14,7,7|7|7|5|7|7|7|5|9|5|7|7|5|7|2
40924,6,True,0,3,6,0|6|0|6|6|0|6|6|6|6|6|6|6|6|6
40944,9,True,4,13,4,4|4|9|4|4|4|4|4|9|4|4|4|4|4|4
40957,8,False,8,3,8,7|8|8|8|8|8|5|8|7|8|8|8|8|8|8
40958,1,False,1,0,1,1|1|1|1|1|1|1|1|1|1|1|1|1|1|1
40967,4,False,4,3,4,4|4|9|6|4|4|9|4|4|4|4|4|4|4|4
40992,0,True,1,10,1,1|1|0|0|1|0|4|1|0|1|1|1|6|0|1
41003,3,True,8,15,8,8|8|8|8|8|8|8|8|8|8|8|8|8|8|8
41023,2,False,2,12,0,0|2|0|0|0|0|4|0|0|0|0|0|2|2|0
41034,9,True,6,15,4,8|0|4|4|4|4|4|4|4|4|4|8|4|4|4
41035,9,True,4,14,4,4|4|4|4|4|4|4|4|4|4|4|9|4|4|4
41041,5,False,5,4,5,5|5|5|5|5|2|3|7|5|5|7|5|5|5|5
41066,4,True,6,15,6,0|6|0|6|6|0|0|6|6|6|6|0|6|0|6
41076,1,False,1,5,1,1|1|1|1|7|1|7|7|1|1|7|1|1|7|1
41085,9,False,9,15,5,5|5|5|5|5|5|5|0|5|5|5|5|5|5|5
41086,6,True,7,15,7,7|7|5|9|7|9|7|7|9|9|7|7|9|5|7
41092,6,True,3,14,3,3|6|3|3|3|3|2|3|3|3|1|3|2|3|1
41094,4,True,7,15,7,1|7|7|7|7|7|7|8|5|7|7|2|2|7|7
41130,6,True,9,15,5,5|5|5|5|5|5|8|5|9|5|5|5|5|5|5
41186,2,True,9,6,2,9|2|9|2|2|5|2|2|2|5|7|2|2|9|2
41197,2,True,3,9,3,3|3|2|3|2|3|3|2|3|2|1|3|2|6|2
41198,0,True,2,4,0,0|0|0|0|2|0|0|0|0|0|0|0|2|2|2
41227,3,True,2,13,2,2|6|0|2|2|6|3|3|4|2|4|2|2|2|4
41232,4,True,5,15,5,5|2|5|7|7|5|2|5|5|5|5|5|5|5|5
41234,9,False,9,14,5,5|5|5|5|5|5|5|5|9|5|5|5|5|5|5
41257,4,True,6,12,-1,6|6|8|6|4|4|2|3|6|3|8|3|9|3|4
41258,2,True,3,13,3,7|7|8|3|3|0|6|3|3|5|7|2|1|6|2
41281,9,True,7,9,7,7|7|7|9|7|7|9|9|9|9|7|7|9|7|2
41288,7,True,8,14,8,8|8|8|8|8|8|8|8|7|8|8|8|8|8|8
41289,3,True,5,15,5,5|1|5|5|5|5|7|7|1|5|5|5|1|5|5
41293,0,True,2,4,0,0|0|0|0|2|6|0|0|0|0|0|0|2|0|4
41317,2,False,2,12,4,9|4|0|2|9|4|0|9|9|4|4|2|4|2|4
41320,9,True,7,15,7,7|7|7|7|7|8|3|7|7|7|7|7|7|2|7
41322,9,True,8,14,8,8|8|8|8|8|8|9|8|8|8|8|8|8|8|8
41333,1,False,1,4,1,1|1|1|1|2|1|1|0|1|0|1|1|1|0|1
41358,2,True,3,8,2,0|2|2|2|2|3|2|2|6|0|6|2|6|6|3
41374,0,True,1,12,1,1|1|1|1|1|1|1|1|1|1|0|0|1|0|1
41376,7,True,5,10,5,7|5|5|7|7|5|7|2|1|5|7|5|5|5|5
41383,7,True,5,14,5,6|5|5|2|5|5|5|5|7|5|5|8|5|5|0
41392,2,False,2,8,2,8|6|0|0|4|0|2|2|0|0|2|2|2|2|2
41428,9,False,9,14,5,5|5|5|5|5|5|9|5|5|5|5|5|5|5|5
41449,4,True,6,4,4,4|3|0|4|4|0|0|4|4|4|4|4|4|4|4
41456,5,True,9,1,5,5|5|5|5|5|5|5|5|9|5|5|5|5|5|5
41483,8,False,8,4,8,3|8|8|3|8|8|3|8|8|8|8|3|8|8|8
41508,6,True,0,2,6,6|6|0|6|6|6|6|6|6|6|0|6|6|6|6
41510,3,False,3,15,0,0|2|0|4|0|6|6|6|0|0|0|2|2|6|4
41539,7,False,7,5,7,7|7|3|7|7|1|3|7|7|7|7|6|5|7|7
41549,9,True,4,9,4,9|4|9|9|4|9|9|4|4|4|4|9|4|4|4
41584,2,True,9,14,5,5|5|9|5|5|5|9|5|9|9|7|9|9|5|2
41592,3,False,3,8,-1,3|3|2|2|2|3|2|2|3|2|1|3|2|3|3
41625,0,True,2,5,0,0|0|0|0|2|0|0|2|0|0|0|2|2|4|0
41641,7,False,7,9,7,9|7|9|7|5|9|7|7|1|5|5|5|5|7|7
41668,6,True,0,3,6,0|6|0|0|6|6|6|6|6|6|6|6|6|6|6
41669,9,True,4,14,-1,3|6|6|6|3|6|9|4|3|4|3|3|6|2|4
41690,2,False,2,14,0,0|0|0|4|0|0|4|4|4|6|0|0|4|2|4
41707,5,False,5,7,5,7|7|5|5|7|5|7|5|5|5|7|5|2|5|2
41743,6,True,3,15,3,3|3|3|3|3|3|2|2|3|3|3|3|2|3|2
41767,4,True,5,15,5,5|1|5|7|1|5|2|5|5|7|5|1|3|8|5
41778,5,False,5,6,5,1|1|5|5|5|5|5|5|5|1|2|5|7|5|2
41801,3,True,8,10,8,8|8|8|8|8|8|3|8|3|8|8|3|3|8|3
41813,9,True,4,15,4,0|6|3|4|8|1|4|4|4|8|3|3|4|4|4
41832,4,False,4,8,4,4|0|9|9|4|4|9|4|4|0|4|2|4|2|9
41836,9,False,9,14,5,5|5|5|5|5|5|5|5|5|5|5|5|9|5|5
41854,2,False,2,8,0,2|2|0|2|0|0|0|0|0|2|0|2|2|2|0
41863,6,True,0,3,6,0|6|0|6|6|6|6|6|6|6|0|6|6|6|6
41879,7,False,7,5,7,3|7|7|5|7|7|7|3|4|7|7|7|7|4|7
41894,6,True,0,9,0,6|6|0|0|0|0|6|0|0|0|0|2|6|6|6
41919,8,False,8,5,8,8|8|8|7|8|1|8|1|1|8|8|8|8|8|1
41922,8,False,8,3,8,3|8|8|8|8|8|3|8|8|8|8|8|3|8|8
41926,5,True,9,8,5,7|7|5|7|5|5|9|5|7|5|7|5|9|9|5
41933,5,False,5,2,5,5|5|5|5|5|5|5|5|5|5|5|5|3|7|5
41941,4,True,1,15,7,7|0|1|7|7|1|7|7|1|7|7|7|1|7|0
41955,4,False,4,5,4,4|9|9|9|4|4|9|9|4|4|4|4|4|4|4
41956,3,True,2,14,2,2|0|0|2|4|0|2|4|0|4|4|3|2|2|2
41986,9,True,4,12,4,9|4|9|9|4|4|4|4|4|4|4|4|4|4|4
41988,6,True,0,4,6,0|6|0|0|6|6|6|6|6|6|0|6|6|6|6
42005,4,True,7,10,7,7|4|7|7|4|4|3|7|4|7|7|7|7|4|7
42026,2,True,9,15,9,9|9|9|9|9|7|7|9|9|9|7|9|9|9|7
42037,3,False,3,8,2,3|2|3|3|2|3|2|3|3|2|2|3|2|2|2
42049,2,False,2,13,0,0|2|0|0|0|6|6|2|0|4|4|6|4|0|4
42054,9,True,4,11,4,9|4|9|9|4|4|4|4|4|4|4|9|4|4|4
42057,1,False,1,2,1,1|1|1|1|1|1|1|1|1|1|0|0|1|1|1
42060,6,True,0,7,6,0|6|0|6|0|6|0|6|0|6|6|0|6|6|4
42074,0,False,0,13,6,6|6|0|6|6|6|6|6|6|6|0|6|6|6|6
42075,7,True,1,12,1,1|1|1|1|1|1|7|1|1|1|7|1|1|7|1
42078,6,False,6,14,4,0|4|0|2|4|6|4|4|4|4|4|9|4|4|4
42089,2,False,2,11,4,4|0|0|6|4|0|2|4|4|2|0|2|4|2|4
42133,3,True,8,13,8,8|8|8|3|8|8|3|8|8|8|8|8|8|8|8
42143,6,True,3,11,3,3|6|3|3|6|3|3|3|3|2|6|3|2|3|6
42144,6,False,6,14,4,4|4|4|4|4|4|9|4|4|4|4|6|2|4|4
42204,1,False,1,3,1,7|1|1|1|7|1|1|1|1|1|1|1|1|7|1
42246,4,False,4,4,4,9|4|9|8|4|4|4|3|4|4|4|4|4|4|4
42273,9,True,4,7,9,9|4|9|9|9|4|9|4|9|4|4|9|9|4|4
42282,7,False,7,1,7,7|7|7|7|7|7|9|7|7|7|7|7|7|7|7
42318,3,False,3,13,2,7|0|2|2|2|5|3|0|1|3|7|2|1|7|0
42345,7,False,7,7,7,7|7|9|7|7|9|7|9|9|9|7|9|9|7|7
42349,2,False,2,11,4,4|3|4|4|4|6|2|3|3|4|4|2|2|2|4
42350,7,True,1,15,1,1|1|1|1|1|1|1|1|0|1|1|1|1|0|1
42357,3,False,3,7,3,3|3|3|3|6|3|2|2|3|1|3|3|2|6|2
42393,5,True,9,1,5,5|5|5|5|5|5|5|5|5|5|5|5|5|5|9
42406,6,True,0,1,6,6|6|0|6|6|6|6|6|6|6|6|6|6|6|6
42421,5,True,9,2,5,5|5|5|5|5|5|9|5|9|5|5|5|5|5|5
42436,6,True,0,8,0,0|6|0|0|0|0|6|6|0|0|0|6|6|6|6
42437,9,True,7,12,7,7|7|7|7|7|5|7|7|9|7|7|7|9|9|7
42455,9,True,4,11,4,4|4|9|6|2|2|9|2|2|4|4|4|4|9|9
42459,0,False,0,13,6,6|6|0|0|6|6|6|6|4|6|6|6|6|6|6
42462,5,True,9,3,5,9|5|5|5|5|5|6|5|9|5|5|5|5|5|5
42463,6,False,6,2,6,6|6|6|6|4|6|6|6|6|6|4|6|6|6|6
42478,2,True,7,15,7,7|7|7|7|7|7|7|3|7|7|7|7|7|7|7
42479,8,True,1,14,1,1|8|2|1|1|1|6|1|1|1|2|2|1|3|1
42511,3,False,3,11,2,3|3|2|2|2|3|2|3|2|2|2|2|2|2|2
42512,3,True,2,15,4,9|2|4|9|4|4|2|4|9|4|4|9|4|2|9
42514,5,False,5,7,5,5|1|5|3|5|7|1|1|3|5|5|1|5|5|5
42519,7,False,7,7,7,7|7|9|9|9|9|9|7|9|7|7|7|9|7|7
42530,2,False,2,10,-1,4|2|0|4|4|0|4|2|0|0|0|2|6|2|2
42553,0,False,0,12,6,0|6|0|6|4|6|6|4|6|6|6|6|4|0|4
42572,5,True,9,0,5,5|5|5|5|5|5|5|5|5|5|5|5|5|5|5
42594,9,True,4,5,9,9|9|9|9|9|4|9|4|9|4|4|9|2|9|9
42622,9,False,9,14,5,5|5|5|5|5|5|5|5|9|5|5|5|5|5|5
42669,0,True,1,8,1,0|1|0|1|0|1|0|1|1|1|0|0|1|0|1
42681,7,True,1,14,1,1|1|1|1|7|1|1|1|4|1|1|1|1|1|1
42692,4,True,1,11,0,0|0|0|0|2|1|6|4|0|4|0|0|4|4|0
42713,1,True,5,9,1,5|1|1|2|1|1|5|3|1|5|5|5|2|9|1
42714,9,False,9,10,5,9|5|5|5|5|5|9|5|9|5|5|9|9|5|5
42753,6,False,6,0,6,6|6|6|6|6|6|6|6|6|6|6|6|6|6|6
42759,5,False,5,4,5,5|5|5|1|5|5|5|5|1|5|3|5|5|5|1
42808,6,True,3,12,3,9|4|3|6|6|6|4|9|3|3|4|9|3|3|0
42864,2,False,2,10,0,0|0|0|0|0|0|2|2|0|2|0|0|2|2|0
42866,3,True,8,15,-1,4|6|2|8|8|1|8|8|4|6|4|8|4|6|4
42917,2,False,2,13,0,0|0|0|0|0|0|0|0|0|0|0|2|2|0|0
42921,9,True,6,15,-1,4|6|2|6|4|2|4|4|6|6|4|6|4|3|6
42959,0,True,1,12,-1,6|6|0|3|3|6|1|3|3|6|0|3|6|4|0
42995,7,True,1,7,7,7|1|1|7|7|7|7|1|1|1|7|1|1|7|7
43002,7,False,7,2,7,7|7|7|7|7|7|7|7|7|9|7|7|7|9|7
43008,7,False,7,3,7,7|7|7|7|7|7|9|7|3|7|4|7|7|7|7
43024,4,True,6,2,4,4|6|4|4|4|4|6|4|4|4|4|4|4|4|4
43059,2,True,9,15,5,5|5|5|5|5|5|5|5|9|5|5|9|5|5|5
43066,1,True,8,10,8,7|1|8|8|1|8|1|8|1|8|8|8|1|8|8
43133,6,False,6,13,4,4|8|9|6|8|5|4|4|4|4|4|4|6|4|8
43138,7,False,7,4,7,7|7|7|5|7|1|7|7|1|7|7|3|7|7|7
43149,8,False,8,2,8,8|8|8|8|8|8|1|8|8|8|2|8|8|8|8
43160,8,False,8,1,8,8|8|8|8|8|8|8|7|8|8|8|8|8|8|8
43190,9,True,8,15,8,8|8|5|8|8|8|8|8|8|2|8|8|8|8|2
43194,2,True,5,15,5,5|5|5|5|5|5|7|5|9|5|7|9|9|5|5
43211,7,False,7,2,7,7|7|7|7|7|7|5|5|7|7|7|7|7|7|7
43238,6,True,0,4,6,6|6|0|0|6|0|0|6|6|6|6|6|6|6|6
43239,1,False,1,2,1,1|1|1|1|1|1|1|1|1|1|1|1|1|0|0
43243,6,True,0,3,6,0|6|0|6|6|0|6|6|6|6|6|6|6|6|6
43274,8,False,8,3,8,8|8|8|3|8|8|8|8|3|8|8|8|8|3|8
43279,6,True,0,3,6,0|6|0|0|6|6|6|6|6|6|6|6|6|6|6
43315,3,True,8,14,8,8|8|8|8|8|8|8|8|9|8|8|3|8|8|8
43325,4,True,6,13,2,2|2|9|0|2|8|2|3|6|2|4|4|2|2|2
43345,9,True,4,8,-1,4|4|9|9|9|4|9|9|9|4|4|9|4|4|8
43359,0,False,0,12,6,6|6|6|0|6|0|6|6|0|6|6|6|6|6|6
43378,6,True,3,13,3,3|3|2|2|3|3|3|3|3|2|3|6|2|3|6
43392,3,True,8,13,-1,7|7|7|7|8|8|3|3|1|1|8|7|2|8|8
43393,9,True,4,10,4,9|4|9|4|4|4|4|4|9|4|9|9|4|4|4
43395,0,False,0,12,1,1|0|6|1|3|3|1|3|0|6|0|6|4|2|1
43406,1,False,1,3,1,1|0|1|1|1|1|1|1|9|1|1|1|1|1|0
43422,7,True,1,11,1,1|1|1|7|1|1|1|7|1|1|7|1|1|7|1
43449,4,False,4,12,9,9|9|9|9|4|9|9|4|9|3|4|3|1|9|3
43461,4,True,6,4,4,4|6|4|6|4|4|9|4|4|4|4|9|4|4|4
43470,7,True,5,13,5,3|5|5|7|5|5|5|5|5|5|7|3|5|5|5
43491,0,False,0,11,6,6|0|6|6|6|0|6|6|6|0|0|6|6|6|6
43516,4,True,7,15,7,7|7|7|7|7|3|2|7|7|9|7|7|7|7|9
43524,9,True,7,12,7,7|7|7|9|7|7|9|7|7|7|7|2|9|7|7
43530,4,False,4,9,4,9|4|9|4|4|6|6|4|9|2|4|9|4|2|2
43559,2,False,2,13,0,0|0|0|0|0|0|0|0|0|0|0|2|2|0|0
43565,5,False,5,8,5,9|2|5|5|5|7|2|5|7|7|5|5|2|5|2
43568,4,True,6,12,8,6|2|2|4|8|6|3|8|4|8|3|6|8|2|4
43599,6,True,2,15,2,0|2|5|2|2|2|4|1|4|2|2|2|2|2|2
43634,4,True,6,7,4,9|4|8|4|4|0|9|8|2|4|4|9|4|4|4
43646,7,True,1,9,1,1|1|7|7|7|1|1|1|1|1|7|7|1|7|1
43670,2,True,3,8,3,3|3|2|2|2|3|2|3|3|3|3|2|2|3|2
43672,2,False,2,10,2,9|2|6|9|9|2|2|4|4|4|4|6|6|2|2
43673,6,True,0,15,0,0|0|0|0|0|0|0|0|0|0|0|2|2|0|1
43724,1,False,1,3,1,1|1|0|1|1|0|1|1|1|1|0|1|1|1|1
43738,4,True,6,12,6,6|6|6|6|6|0|4|6|4|6|6|6|6|4|6
43751,4,True,6,8,4,4|2|6|6|2|4|2|6|4|4|0|6|4|4|4
43771,2,False,2,14,4,0|4|9|6|4|4|9|9|4|4|4|4|6|4|2
43797,1,False,1,5,1,1|1|0|0|1|1|0|1|1|0|1|1|1|0|1
43799,7,True,1,8,1,1|1|1|7|7|1|7|7|7|1|7|1|1|7|1
43800,6,True,0,5,6,0|6|0|6|0|6|6|6|6|6|0|6|2|6|6
43805,1,True,4,15,6,9|6|6|6|2|6|4|3|4|8|3|6|5|3|4
43812,2,False,2,12,0,0|0|0|2|0|0|0|0|0|0|0|2|2|0|0
43850,8,True,3,15,3,6|0|3|3|3|3|4|1|3|7|3|6|6|0|3
43861,2,False,2,13,0,0|0|0|0|0|0|6|0|0|0|0|0|2|2|0
43887,1,True,8,14,8,7|8|0|5|8|8|6|3|3|8|4|1|6|8|8
43891,3,False,3,3,3,3|3|3|2|3|3|3|3|3|2|3|3|2|3|3
43894,4,False,4,8,4,0|6|0|0|4|4|4|2|4|0|4|9|4|2|4
43899,4,False,4,3,4,4|4|4|9|4|4|9|4|4|4|4|9|4|4|4
43904,6,True,0,15,0,0|0|0|0|0|2|0|0|2|0|0|0|4|2|4
43925,4,True,6,6,4,0|2|9|0|4|0|2|4|4|4|4|4|4|4|4
43943,9,True,4,9,4,9|4|9|4|9|4|9|4|4|9|4|9|4|4|4
43951,4,False,4,4,4,4|9|4|9|4|4|9|4|4|4|4|9|4|4|4
44013,5,True,9,1,5,9|5|5|5|5|5|5|5|5|5|5|5|5|5|5
44021,7,True,1,15,1,0|1|1|1|1|1|1|1|1|1|1|1|1|1|1
44052,6,True,0,3,6,6|6|0|6|6|0|0|6|6|6|6|6|6|6|6
44088,7,False,7,1,7,7|7|7|7|7|7|7|7|7|7|7|7|9|7|7
44110,2,True,3,9,-1,3|3|3|3|2|1|2|9|2|2|3|3|6|2|2
44125,0,False,0,12,6,0|3|0|6|2|8|6|6|0|6|3|6|6|3|8
44168,1,True,5,14,5,7|1|5|5|5|5|7|7|7|5|5|5|5|5|7
44230,5,True,9,0,5,5|5|5|5|5|5|5|5|5|5|5|5|5|5|5
44303,8,True,3,12,3,3|8|6|8|4|3|9|2|3|8|3|2|4|3|3
44317,0,False,0,9,0,1|0|4|6|3|8|0|0|4|0|0|8|6|1|0
44341,9,True,7,7,9,7|9|9|9|9|1|9|7|9|9|7|7|9|7|7
44344,9,True,7,15,7,7|7|7|7|7|7|3|7|2|7|7|7|7|7|7
44360,0,False,0,8,6,0|0|0|0|6|6|0|6|6|6|0|6|6|0|6
44395,2,False,2,10,2,0|3|8|6|2|6|0|5|2|2|6|2|2|8|6
44405,6,False,6,3,6,6|6|0|0|6|6|6|6|6|0|6|6|6|6|6
44432,8,True,1,15,1,1|1|1|1|1|1|1|1|1|1|1|0|1|1|1
44454,3,False,3,10,2,2|3|3|2|6|6|3|2|3|2|6|6|2|3|2
44464,2,True,3,13,3,3|3|3|2|3|3|3|3|3|3|3|3|3|3|2
44485,9,False,9,13,5,5|5|5|5|5|5|5|5|9|5|5|9|5|5|5
44488,4,False,4,3,4,9|4|9|4|4|4|4|4|4|4|4|9|4|4|4
44530,9,False,9,14,5,5|5|5|5|5|5|9|5|5|5|5|5|5|5|5
44535,4,False,4,9,9,9|9|9|2|9|4|9|2|9|4|4|4|4|4|9
44572,5,True,9,0,5,5|5|5|5|5|5|5|5|5|5|5|5|5|5|5
44580,2,True,3,9,3,2|3|3|2|3|3|2|2|3|3|3|6|3|2|2
44605,3,True,8,13,8,3|8|8|8|8|8|8|3|8|8|8|8|8|8|8
44614,6,True,0,2,6,0|6|0|6|6|6|6|6|6|6|6|6|6|6|6
44617,8,True,3,15,6,0|6|0|7|2|2|3|6|4|6|0|6|2|3|6
44642,3,True,5,14,5,1|1|5|5|1|1|5|5|5|5|5|1|3|5|5
44649,9,False,9,14,5,9|5|5|5|5|5|5|5|5|5|5|5|5|5|5
44654,4,False,4,11,6,4|6|2|6|6|2|4|6|3|4|4|6|6|6|0
44668,4,True,7,10,7,7|4|7|7|7|4|3|4|7|7|7|7|4|7|4
44680,5,False,5,11,2,7|2|2|2|2|3|5|4|2|5|5|5|3|2|7
44684,5,True,9,2,5,5|5|5|5|5|5|5|5|9|5|5|5|5|5|9
44693,2,False,2,10,0,0|0|0|4|2|0|2|2|0|0|0|0|2|2|4
44705,6,True,3,11,3,3|6|3|6|3|3|3|3|3|3|5|3|3|6|6
44708,0,True,1,12,1,1|1|1|1|1|1|1|1|7|1|0|0|1|0|1
44712,7,True,8,11,8,8|8|8|8|7|8|8|7|7|8|8|8|8|7|8
44714,4,False,4,1,4,4|6|4|4|4|4|4|4|4|4|4|4|4|4|4
44721,9,True,4,13,4,9|4|4|9|4|4|4|4|4|4|4|3|4|4|4
44723,6,True,0,3,6,6|6|0|6|6|6|6|6|0|0|6|6|6|6|6
44735,4,True,1,10,1,4|1|1|1|0|1|4|4|1|1|0|1|4|2|4
44741,9,False,9,15,5,5|5|5|5|5|5|5|5|5|5|5|5|5|5|5
44750,0,True,2,9,4,0|0|0|4|4|4|4|0|4|0|0|4|2|4|2
44800,0,True,1,9,1,1|0|1|1|1|1|0|1|0|1|0|0|1|0|1
44814,2,True,3,7,2,3|3|2|2|2|2|2|2|3|6|2|3|2|3|3
44859,0,False,0,9,6,6|6|0|0|6|6|6|0|0|0|0|6|6|6|6
44921,6,False,6,4,6,6|6|0|6|6|6|6|6|0|6|0|0|6|6|6
44926,9,True,4,10,4,9|4|9|9|4|4|9|3|9|4|4|4|4|2|4
44933,1,True,5,11,5,5|1|9|5|1|1|5|2|1|2|5|5|9|5|2
44938,3,True,2,13,6,6|3|6|6|6|0|4|4|6|3|6|2|6|6|4
44948,6,True,1,15,1,1|1|1|1|1|1|1|1|1|1|1|1|1|0|1
44984,5,False,5,7,5,5|5|5|5|5|1|3|2|1|5|5|1|7|5|0
44998,7,False,7,3,7,7|7|7|7|7|7|9|7|9|7|7|7|7|9|7
45002,4,True,6,13,-1,8|8|6|8|4|6|2|6|4|0|0|6|8|0|5
45020,3,False,3,4,3,3|3|3|3|6|3|8|2|3|3|3|3|2|3|3
45023,0,True,1,12,1,1|1|1|0|1|1|1|1|1|1|0|1|1|0|1
45082,9,True,4,9,4,9|4|9|9|4|4|9|4|4|4|4|9|9|4|4
45091,9,True,4,10,4,9|4|9|4|4|4|9|4|4|4|4|9|9|4|4
45106,1,False,1,2,1,1|1|1|1|1|1|0|1|1|1|1|1|1|0|1
45126,3,True,8,13,8,8|8|8|8|8|8|3|8|4|8|8|8|8|3|8
45143,2,False,2,6,2,0|8|2|2|2|3|2|3|2|2|8|2|2|3|2
45168,7,True,1,14,1,1|1|0|1|1|1|0|1|1|1|7|1|1|0|1
45176,0,True,1,14,-1,6|6|9|2|6|0|9|1|3|4|4|3|3|8|4
45211,2,True,7,15,7,7|7|7|7|7|7|9|7|7|7|7|7|7|7|7
45217,8,True,1,15,1,1|1|1|1|1|1|1|1|1|1|4|1|1|0|1
45223,1,False,1,6,1,1|0|1|1|7|1|1|7|1|1|1|7|1|7|0
45244,7,True,5,10,5,7|7|5|7|5|5|5|5|5|1|7|5|5|5|7
45266,9,False,9,11,7,7|2|7|2|9|2|8|7|9|5|7|7|9|9|2
45306,4,True,6,11,6,6|0|0|6|4|6|4|4|0|6|6|3|6|4|6
45336,9,True,8,15,8,2|8|8|8|8|0|8|4|1|0|4|6|4|0|6
45347,4,True,5,15,-1,5|1|3|1|5|3|1|1|1|3|5|3|3|8|5
45353,3,True,8,12,8,8|3|8|2|8|3|8|3|8|8|8|8|8|8|8
45360,9,False,9,15,5,5|5|5|5|5|5|5|5|5|5|5|5|5|5|5
45406,4,True,6,14,6,0|8|6|6|2|6|2|6|8|4|8|6|6|6|2
45413,5,False,5,9,2,2|2|8|5|2|5|5|5|5|5|2|2|2|2|2
45414,9,False,9,14,5,5|5|5|5|5|5|9|5|5|5|5|5|5|5|5
45446,2,True,5,3,2,2|2|5|2|2|5|5|2|2|2|2|2|2|2|2
45471,5,False,5,6,5,5|3|5|3|5|1|5|5|1|5|5|5|5|3|1
45474,9,False,9,14,5,7|5|5|5|5|5|5|5|9|5|5|5|5|5|5
45515,4,True,6,0,4,4|4|4|4|4|4|4|4|4|4|4|4|4|4|4
45565,7,False,7,5,7,7|7|7|9|7|7|2|2|7|7|7|7|9|2|7
45575,8,False,8,8,8,8|8|3|8|8|3|8|5|3|8|3|3|5|8|3
45578,6,False,6,8,6,6|6|0|6|0|0|6|2|4|4|6|0|6|6|0
45587,7,False,7,3,7,7|7|7|7|7|3|3|7|7|7|7|7|7|5|7
45589,2,False,2,13,0,0|0|0|4|4|0|4|0|0|4|4|2|2|0|0
45595,0,True,2,8,0,0|6|6|6|2|0|6|6|0|0|0|2|6|0|0
45629,2,False,2,11,0,0|0|0|0|2|6|2|0|0|2|0|2|6|0|4
45632,7,False,7,3,7,7|7|7|7|7|7|9|7|7|7|7|7|2|4|7
45636,3,True,8,14,8,8|6|0|7|8|3|9|4|4|8|4|9|6|8|1
45647,6,True,0,2,6,6|6|0|6|6|6|6|0|6|6|6|6|6|6|6
45654,6,True,0,8,6,0|6|6|0|3|0|6|6|1|6|0|6|6|0|5
45657,5,True,9,6,5,9|5|9|5|5|5|9|5|9|5|9|5|9|5|5
45667,5,True,9,1,5,5|5|5|5|5|5|5|5|9|5|5|5|5|5|5
45680,7,False,7,10,-1,7|7|9|5|5|5|1|4|9|7|5|7|5|7|9
45692,6,True,0,5,6,0|6|0|0|6|6|6|0|6|0|6|6|6|6|6
45728,0,False,0,13,6,6|6|0|6|6|0|6|6|6|6|6|6|6|6|6
45745,5,True,9,2,5,5|5|5|5|5|5|9|5|9|5|5|5|5|5|5
45775,9,True,4,11,4,9|4|9|4|4|4|4|4|4|4|4|9|9|4|4
45803,1,False,1,3,1,1|1|0|1|1|1|1|1|1|1|0|1|1|0|1
45811,9,True,8,15,8,8|8|8|2|8|8|3|8|3|8|3|8|8|8|8
45825,4,False,4,9,9,9|4|9|9|9|9|9|4|9|4|4|9|9|4|4
45828,1,False,1,10,7,1|1|7|7|7|1|7|7|7|1|7|7|1|7|7
45836,2,False,2,12,-1,2|6|0|0|0|0|6|6|2|2|0|6|4|6|4
45840,4,True,6,13,0,0|6|2|6|0|2|4|0|4|0|0|0|2|0|0
45861,9,True,8,15,8,8|8|8|8|8|8|8|8|8|8|8|3|8|8|8
45862,2,True,3,7,2,3|2|2|3|3|3|2|2|2|2|1|3|2|2|3
45863,5,False,5,9,2,2|2|5|5|1|5|2|2|5|5|2|2|2|5|2
45873,2,True,3,4,2,3|2|2|3|2|2|2|3|2|2|3|2|2|2|2
45877,0,False,0,10,6,0|6|0|6|6|0|6|6|6|0|0|6|6|6|6
45901,1,True,5,9,5,1|5|1|5|5|1|5|5|1|5|5|1|1|5|2
45955,4,True,6,8,4,4|4|0|4|4|4|6|4|4|6|0|9|6|0|0
45961,3,False,3,5,3,3|6|3|3|3|3|2|3|3|2|0|3|2|3|3
45979,7,True,1,13,1,1|1|1|1|7|1|1|7|1|1|1|1|1|1|1
45980,7,False,7,4,7,7|7|7|7|7|7|2|7|9|7|7|7|9|9|7
45982,3,True,2,11,4,4|3|2|4|3|4|2|6|4|4|4|2|4|3|3
45995,0,True,2,11,-1,9|6|0|0|4|0|6|3|4|6|6|3|8|4|0
46007,9,True,7,6,9,9|3|9|9|9|7|9|7|9|9|7|9|2|7|9
46009,0,True,2,10,0,0|8|0|8|5|2|2|2|4|0|0|0|6|4|2
46012,0,True,1,11,1,0|1|0|1|1|1|1|0|1|1|1|1|1|0|1
46029,7,True,8,11,8,8|8|8|8|7|8|3|8|8|8|8|7|8|7|7
46034,9,True,7,9,7,7|9|9|7|9|7|9|7|7|9|7|7|9|7|7
46038,5,True,9,2,5,5|5|5|5|5|5|9|5|9|5|5|5|5|5|5
46040,6,True,0,10,-1,3|8|3|6|3|6|6|3|4|8|3|6|6|2|1
46069,1,False,1,5,1,1|1|1|7|7|1|7|7|1|1|1|1|1|7|1
46082,2,True,3,7,2,3|3|3|2|2|3|2|2|3|2|3|2|2|2|3
46107,3,True,2,13,4,3|6|0|4|4|4|4|3|9|4|4|2|4|2|9
46150,2,True,9,12,9,9|5|9|2|9|5|9|9|2|9|9|9|9|9|2
46161,7,False,7,8,7,7|8|2|5|4|5|2|7|7|5|7|7|7|2|7
46163,8,False,8,2,8,8|8|8|8|8|8|8|3|8|8|8|8|8|8|3
46166,5,False,5,5,5,1|8|5|5|5|5|7|5|3|5|5|5|5|5|3
46178,6,True,3,13,3,3|3|2|3|3|3|3|3|3|6|3|3|6|3|3
46179,7,False,7,11,9,9|7|9|9|9|7|2|2|7|9|7|2|9|9|9
46195,6,True,0,4,6,0|6|0|6|6|0|6|6|6|6|0|6|6|6|6
46230,2,True,9,15,5,5|7|5|7|5|5|5|5|7|6|7|9|5|7|5
46242,1,False,1,2,1,1|1|1|1|1|1|1|1|0|1|1|1|1|0|1
46243,7,True,8,14,8,8|8|8|8|8|8|5|7|8|8|8|8|8|8|1
46248,4,True,6,7,4,6|3|8|4|4|8|4|4|1|4|6|4|4|3|4
46252,9,True,7,14,7,7|2|7|9|7|2|7|7|7|7|7|7|7|7|7
46255,1,False,1,9,0,0|0|0|0|1|0|0|0|1|1|1|1|0|0|1
46260,4,False,4,6,4,4|4|9|4|4|4|9|4|9|4|4|9|9|4|9
46279,2,False,2,14,4,9|4|9|4|4|0|4|4|4|4|9|4|9|4|2
46282,6,True,0,4,6,0|6|6|6|6|6|6|0|6|6|0|6|6|0|6
46293,4,False,4,5,4,4|2|4|4|4|4|4|2|4|4|4|9|4|3|9
46318,8,False,8,3,8,8|8|8|8|8|8|8|2|7|8|8|7|8|8|8
46336,1,False,1,3,1,1|1|1|1|1|1|1|1|1|0|0|1|1|0|1
46350,5,True,9,1,5,5|5|5|5|5|5|5|5|2|5|5|5|5|5|5
46357,4,True,1,14,1,1|1|7|1|7|1|1|4|1|1|1|1|1|1|1
46362,3,True,2,15,-1,9|4|9|2|4|4|2|9|4|9|4|4|9|2|9
46364,9,True,4,8,4,9|4|9|9|4|4|9|4|4|4|4|9|9|4|9
46376,3,False,3,6,3,3|3|3|2|1|3|2|3|3|2|1|3|2|3|3
46389,9,True,8,15,8,8|8|8|8|7|8|8|8|7|8|7|8|8|8|8
46424,0,False,0,7,0,6|6|0|0|0|0|0|0|6|6|0|6|6|0|6
46463,7,True,5,12,5,7|5|5|5|5|5|5|5|7|5|5|5|5|7|5
46468,1,True,8,12,8,8|8|8|8|4|1|8|4|1|8|8|8|8|8|1
46521,3,True,5,13,5,3|5|5|5|5|7|5|1|3|5|7|7|5|7|2
46543,2,False,2,13,8,8|8|5|0|7|7|8|2|0|8|0|3|8|2|4
46564,0,False,0,10,6,0|6|0|6|6|0|6|0|6|0|6|6|6|6|6
46568,2,True,3,10,3,3|3|3|1|3|3|2|3|3|2|0|2|3|2|2
46570,7,True,1,15,1,1|1|1|1|1|1|1|4|4|1|1|0|1|0|0
46591,4,False,4,7,4,4|4|9|2|9|9|0|4|4|4|4|9|2|4|4
46599,9,True,7,14,7,7|7|7|7|7|7|9|7|7|7|7|3|7|7|7
46605,3,False,3,7,3,3|3|0|6|3|6|9|3|3|3|6|3|4|6|3
46613,6,True,0,15,0,0|0|0|0|0|0|0|0|0|0|0|2|2|0|0
46616,4,True,6,5,4,6|6|6|6|4|4|4|4|4|4|4|6|4|4|4
46708,0,True,1,13,1,1|0|1|1|1|1|1|7|7|1|7|0|1|1|1
46719,8,False,8,4,8,8|8|8|7|7|8|7|8|8|8|7|8|8|8|8
46730,8,True,2,13,2,3|2|8|2|4|5|1|6|0|2|3|2|2|8|2
46736,6,True,0,12,3,3|6|3|6|8|3|0|0|3|2|3|3|6|3|3
46756,9,True,8,15,8,8|8|8|8|4|1|8|8|8|8|8|8|4|8|8
46766,7,False,7,7,7,7|4|7|7|7|7|3|4|3|7|4|7|4|4|7
46807,7,True,3,15,6,2|3|6|6|2|0|6|6|6|0|6|2|6|3|3
46809,1,True,5,15,5,7|5|5|5|5|5|5|5|5|5|5|5|5|5|5
46810,9,True,7,12,7,7|7|7|7|7|7|9|7|9|7|7|7|9|7|7
46830,0,True,1,9,1,1|0|0|1|1|1|1|1|1|1|0|0|1|0|0
46838,6,False,6,15,0,0|0|8|0|2|2|0|0|0|0|4|0|2|2|4
46843,6,True,3,13,3,3|6|2|3|1|3|3|3|3|4|4|3|6|3|3
46845,9,False,9,10,2,9|7|9|2|2|5|2|7|9|9|5|9|2|2|2
46846,7,True,5,6,7,7|8|7|5|7|7|5|7|7|5|5|7|5|7|7
46847,6,True,2,15,2,8|2|2|0|2|0|2|2|2|2|2|2|2|3|2
46852,0,True,2,12,-1,8|0|1|1|2|3|0|1|0|3|8|2|1|8|8
46856,3,True,5,15,5,1|5|5|5|5|5|5|5|1|5|5|1|9|5|1
46873,3,False,3,10,6,8|6|3|8|3|3|3|3|4|6|0|6|6|6|6
46886,0,True,1,12,1,1|1|1|1|4|1|0|0|0|1|1|1|1|1|1
46888,7,False,7,4,7,5|7|7|7|8|3|3|7|7|7|7|7|7|7|7
46934,0,False,0,14,6,6|6|0|6|6|4|6|6|6|6|6|6|4|6|6
46935,6,False,6,4,6,0|6|0|6|6|6|4|6|6|6|0|6|6|6|6
46947,1,False,1,3,1,1|1|0|1|1|1|0|1|1|1|1|1|1|0|1
46977,7,False,7,10,8,8|8|7|7|8|8|9|7|7|8|8|3|8|7|8
46987,2,True,7,15,7,7|7|7|7|7|5|9|7|7|7|7|7|7|7|7
46992,2,True,3,10,3,3|2|3|3|2|3|5|3|3|2|3|3|2|3|2
47035,1,True,8,13,8,8|8|7|8|8|8|8|1|8|8|8|8|7|7|1
47066,9,True,7,14,7,7|7|7|4|7|7|7|4|7|7|7|9|7|7|4
47071,3,True,8,9,8,8|8|8|8|8|3|3|3|4|3|8|3|8|8|3
47090,4,True,5,15,5,5|5|5|5|7|5|2|2|9|5|2|5|2|5|2
47100,4,True,6,13,3,0|6|3|2|6|3|3|0|4|3|4|3|6|3|1
47112,2,True,3,15,3,3|3|3|8|3|3|3|3|3|3|8|6|6|3|8
47115,7,True,1,15,1,1|0|2|1|1|0|2|1|1|1|0|2|6|1|1
47117,0,True,1,6,0,0|1|0|0|1|0|0|1|1|1|0|0|1|0|0
47119,0,True,2,7,0,0|0|2|0|2|0|3|0|4|0|0|2|6|0|4
47138,0,True,1,11,1,0|1|0|0|1|1|0|1|1|1|1|1|1|1|1
47178,9,False,9,6,9,9|9|5|5|8|5|9|9|9|9|7|2|9|9|9
47197,4,True,6,8,4,0|6|0|4|4|2|6|4|0|0|4|2|4|4|4
47202,5,True,9,3,5,5|5|5|5|5|5|9|5|9|9|5|5|5|5|5
47223,4,False,4,7,4,2|6|4|2|4|4|2|4|9|4|0|2|4|4|4
47230,4,False,4,15,3,3|6|3|6|3|3|6|6|3|3|5|3|2|6|6
47238,9,True,4,14,4,2|4|9|4|4|4|4|4|4|4|4|4|4|4|4
47243,0,True,2,11,2,0|0|8|0|2|2|2|3|9|8|0|4|4|2|2
47264,0,False,0,12,6,0|6|6|6|0|6|6|4|6|0|6|6|6|6|6
47265,5,True,9,1,5,9|5|5|5|5|5|5|5|5|5|5|5|5|5|5
47279,3,True,5,11,5,3|1|3|5|5|5|5|1|3|5|5|3|5|2|5
47286,1,True,5,10,5,7|5|1|5|5|1|1|1|1|5|5|5|5|5|2
47291,8,False,8,0,8,8|8|8|8|8|8|8|8|8|8|8|8|8|8|8
47296,5,False,5,5,5,5|1|1|5|5|5|5|5|1|5|5|3|5|5|1
47310,2,True,6,15,6,6|6|6|6|6|6|6|6|6|6|6|6|6|6|6
47332,6,True,0,11,8,0|8|0|3|5|3|6|6|6|8|8|8|4|8|6
47333,6,True,0,1,6,6|6|0|6|6|6|6|6|6|6|6|6|6|6|6
47353,0,True,2,3,0,0|0|0|0|0|0|2|0|0|0|0|2|2|0|0
47356,0,False,0,11,6,0|6|0|0|6|6|6|6|6|0|6|6|6|6|6
47371,6,False,6,14,0,0|0|0|4|0|0|6|4|4|0|0|0|4|4|0
47374,2,False,2,11,4,4|2|2|4|4|4|4|4|4|6|2|6|2|4|4
47389,3,False,3,13,4,6|4|9|2|4|6|9|4|4|3|4|3|2|4|4
47396,9,True,8,15,8,8|3|8|8|8|8|8|8|3|8|8|8|8|3|8
47403,9,True,4,11,4,9|4|9|4|4|4|4|4|9|4|4|9|4|4|4
47404,5,True,9,2,5,7|5|5|5|5|5|9|5|5|5|5|5|5|5|5
47425,8,False,8,5,8,8|8|3|8|8|8|3|3|3|8|8|8|8|3|8
47438,5,False,5,7,5,1|5|5|5|5|5|8|5|2|5|3|3|1|5|0
47448,9,True,7,14,7,7|8|7|7|7|7|7|3|3|7|7|7|9|7|7
47461,4,True,6,15,0,0|0|0|2|0|0|0|0|0|6|0|2|2|2|2
47465,4,False,4,8,4,4|8|4|0|4|2|2|4|2|4|0|4|4|6|1
47467,5,False,5,4,5,5|5|5|5|5|5|3|5|3|5|5|3|5|2|5
47502,7,True,1,14,1,1|1|1|1|1|1|7|1|0|1|1|1|1|0|1
47506,6,False,6,8,6,0|6|0|6|6|3|6|0|3|6|6|0|3|6|4
47513,1,False,1,14,4,4|6|6|6|4|6|0|4|4|4|0|1|4|6|4
47528,5,False,5,6,5,5|8|5|7|4|5|5|5|5|5|5|7|7|7|5
47534,8,False,8,1,8,8|8|8|8|8|8|8|8|8|8|8|3|8|8|8
47537,0,False,0,10,0,0|0|0|6|2|4|2|6|2|0|0|6|6|4|2
47538,9,True,4,12,4,4|4|9|4|4|4|9|4|4|4|4|9|4|4|4
47552,2,False,2,11,0,0|0|0|0|0|0|0|2|0|2|0|0|2|2|0
47569,0,False,0,14,6,6|2|4|3|1|5|5|6|1|0|6|2|7|1|6
47578,2,True,7,8,2,7|2|7|2|7|7|3|2|7|1|2|7|2|2|2
47579,9,True,4,4,9,9|4|9|9|9|9|9|4|9|4|4|9|9|9|9
47603,1,False,1,6,1,1|1|1|1|7|1|7|7|1|1|7|7|1|7|1
47613,6,True,1,13,1,1|6|1|1|7|1|6|1|1|1|1|7|1|0|0
47647,2,False,2,13,0,3|7|0|2|2|5|9|0|4|8|6|3|4|5|0
47655,9,True,8,15,8,8|8|7|1|8|8|2|8|4|7|4|7|8|8|5
47664,2,False,2,12,-1,1|2|9|2|4|3|2|4|1|4|8|3|8|6|6
47692,9,False,9,14,5,9|5|5|5|5|5|5|5|5|5|5|5|5|5|5
47772,6,True,0,10,6,2|8|8|6|6|3|6|8|4|9|4|6|2|6|4
47773,5,False,5,9,7,7|7|7|5|7|5|7|5|7|5|5|7|5|7|7
47789,4,False,4,8,4,9|4|9|2|4|4|4|4|9|2|4|9|9|4|2
47790,4,True,6,6,4,4|4|6|4|4|6|6|4|4|4|4|6|6|4|6
47834,3,False,3,6,3,3|3|3|2|3|3|6|2|3|3|3|2|2|3|2
47849,4,True,7,15,7,7|5|7|7|5|3|5|7|7|2|7|7|5|7|7
47874,0,False,0,12,6,6|6|6|2|0|0|3|2|0|6|3|3|2|6|6
47897,9,False,9,14,5,5|5|5|5|5|5|5|5|9|5|5|5|5|5|5
47905,9,False,9,13,5,5|5|5|5|9|5|9|5|5|5|5|5|5|5|5
47922,5,True,9,2,5,5|5|5|5|5|5|9|5|9|5|5|5|5|5|5
47930,5,False,5,6,5,7|8|5|5|7|5|2|5|5|5|7|5|5|7|5
47932,5,True,9,0,5,5|5|5|5|5|5|5|5|5|5|5|5|5|5|5
47933,9,True,4,8,4,4|4|9|4|9|9|4|4|9|4|4|9|9|4|9
47941,9,False,9,14,5,5|5|5|5|5|5|5|5|9|5|5|5|5|5|5
47950,7,False,7,15,5,9|5|5|5|5|5|5|5|9|5|5|5|5|5|5
47968,4,False,4,2,4,4|4|4|9|4|4|9|4|4|4|4|4|4|4|4
47971,9,True,8,14,8,8|8|8|6|8|8|1|4|9|8|1|8|4|8|8
48002,0,False,0,9,6,6|6|0|0|6|0|6|0|0|6|6|6|6|0|6
48003,4,True,6,2,4,4|6|4|6|4|4|4|4|4|4|4|4|4|4|4
48007,4,False,4,14,3,3|6|3|6|2|2|2|2|3|3|3|6|2|3|4
48015,2,True,3,12,3,3|2|6|3|0|3|6|3|2|3|4|6|2|3|6
48028,2,True,5,10,5,7|5|5|5|2|5|2|3|5|5|7|5|2|2|2
48031,2,True,9,15,5,9|5|5|5|5|5|9|5|9|5|5|5|5|5|5
48036,1,True,5,15,5,7|5|5|5|5|5|7|3|5|5|7|5|2|7|7
48068,3,True,5,12,-1,3|5|5|3|5|5|2|1|5|8|1|1|1|3|1
48078,9,True,7,14,7,9|7|7|2|7|7|7|7|7|7|7|7|7|7|7
48082,5,False,5,10,5,5|1|1|5|5|5|3|3|1|5|3|2|1|2|2
48085,9,True,4,13,4,4|4|9|4|4|4|4|4|4|4|4|9|4|4|4
48086,2,False,2,13,4,9|4|0|4|4|4|4|8|2|4|4|4|2|4|4
48096,1,False,1,1,1,1|1|1|1|1|1|1|1|1|1|1|1|1|0|1
48114,0,True,1,10,1,0|1|1|0|0|1|1|1|1|1|1|1|1|0|0
48129,8,False,8,6,8,8|8|8|8|7|8|9|8|7|8|8|7|9|7|8
48134,9,False,9,15,5,5|5|5|5|5|5|5|5|5|5|5|5|5|5|5
48137,6,True,0,12,-1,2|3|3|0|0|0|6|6|3|2|0|2|2|3|6
48154,4,True,6,3,4,6|4|4|4|4|6|4|4|4|4|4|6|4|4|4
48159,3,True,4,13,1,1|1|1|1|1|3|7|4|1|1|4|3|1|1|6
48184,5,True,9,2,5,9|5|5|5|5|5|5|5|9|5|5|5|5|5|5
48209,2,False,2,11,0,0|0|0|6|2|8|2|6|8|0|0|2|2|6|0
48211,3,True,5,10,5,3|5|5|5|2|5|4|3|5|3|3|3|5|5|0
48218,4,True,6,15,-1,3|6|0|6|3|0|0|8|3|0|8|8|6|2|6
48233,7,False,7,0,7,7|7|7|7|7|7|7|7|7|7|7|7|7|7|7
48246,1,True,8,12,8,8|8|8|8|8|8|8|8|8|8|8|1|1|8|1
48281,0,True,2,7,0,4|0|2|0|2|0|0|6|0|0|0|2|2|4|0
48287,8,False,8,4,8,8|8|8|8|8|3|3|3|3|8|8|8|8|8|8
48288,5,False,5,5,5,5|1|5|5|5|5|3|5|1|5|5|1|5|5|3
48296,9,False,9,13,5,9|5|5|5|5|5|9|5|5|5|5|5|5|5|5
48309,0,False,0,13,6,3|0|6|6|3|6|7|2|1|6|0|3|3|6|6
48312,6,True,0,14,0,0|0|3|0|0|2|2|8|4|2|0|0|4|4|6
48365,2,False,2,13,4,9|4|6|4|9|4|2|8|9|3|4|9|4|2|4
48393,7,False,7,3,7,7|7|7|7|7|7|3|4|7|7|7|7|7|7|4
48400,9,False,9,11,5,9|5|5|5|5|5|6|5|9|5|5|9|9|5|5
48428,4,True,6,14,6,6|6|0|6|6|6|9|6|6|6|4|6|6|6|6
48433,7,False,7,1,7,7|7|7|7|7|7|2|7|7|7|7|7|7|7|7
48440,9,True,7,10,7,9|7|9|7|9|7|9|7|7|7|7|7|9|7|7
48449,1,False,1,11,0,0|0|0|1|1|0|0|1|0|1|0|0|3|0|0
48450,0,False,0,15,6,6|6|6|6|6|6|6|6|6|6|6|6|6|6|6
48467,5,True,9,1,5,5|5|5|5|5|5|5|5|5|5|5|5|9|5|5
48475,8,False,8,3,8,8|8|8|3|8|8|3|8|9|8|8|8|8|8|8
48488,9,True,4,15,4,3|4|2|2|4|4|2|3|4|4|4|3|6|4|2
48496,9,False,9,14,5,5|5|5|5|5|5|9|5|1|5|5|5|5|5|5
48529,3,True,2,13,1,1|1|1|1|8|3|2|8|3|5|8|2|2|8|1
48546,7,True,5,9,5,7|5|5|5|7|5|9|5|5|5|7|7|5|7|7
48571,8,False,8,11,0,0|1|0|0|2|8|2|0|1|8|8|8|4|4|0
48587,3,False,3,7,3,3|3|2|3|3|3|2|3|3|2|3|2|2|2|2
48593,2,True,3,7,2,3|3|2|3|2|3|2|3|2|2|2|3|2|3|2
48611,5,True,9,14,9,9|8|9|9|9|5|9|2|9|9|7|7|9|2|9
48643,0,True,2,10,2,4|2|0|0|2|0|2|2|2|0|0|2|2|2|4
48655,8,False,8,4,8,8|7|8|1|8|8|8|8|8|8|8|7|8|8|7
48657,8,False,8,4,8,8|7|8|7|7|8|8|8|8|8|7|8|8|8|8
48698,3,True,2,15,4,9|4|9|4|4|4|9|4|4|4|4|4|4|4|4
48727,4,False,4,14,6,1|6|2|3|9|3|9|6|3|3|4|6|6|6|6
48738,6,True,0,6,6,0|6|0|6|6|0|6|0|6|6|0|0|6|6|6
48745,6,False,6,15,4,4|4|4|4|4|4|4|4|4|9|4|4|4|4|2
48761,0,False,0,10,6,0|6|0|6|6|0|6|0|0|6|6|2|6|6|6
48763,3,True,8,15,4,9|9|9|4|4|4|6|4|4|9|4|9|4|4|4
48777,5,False,5,9,5,5|8|5|3|5|1|7|1|1|5|5|1|5|2|1
48791,0,True,2,10,4,0|0|9|2|4|0|0|4|4|4|4|0|2|4|4
48797,9,True,8,14,8,8|8|8|8|8|8|8|3|8|8|8|8|8|3|9
48806,9,False,9,13,5,5|5|5|5|5|5|9|5|9|5|5|5|5|5|5
48822,5,False,5,3,5,7|5|5|5|5|5|3|5|5|1|5|5|5|5|5
48832,3,False,3,6,3,3|6|3|3|2|3|2|2|3|2|3|3|2|3|3
48834,3,True,2,14,2,0|0|2|2|8|0|3|6|4|2|9|2|2|8|8
48870,7,False,7,7,7,7|7|4|7|7|1|4|4|7|7|7|3|3|2|7
48882,0,False,0,12,6,3|6|0|6|0|6|2|0|3|6|6|2|6|6|6
48891,0,False,0,14,6,6|6|6|6|6|6|6|6|6|6|6|6|6|0|6
48918,6,False,6,12,0,0|0|0|6|0|6|2|4|0|0|4|2|6|0|4
48946,5,True,9,0,5,5|5|5|5|5|5|5|5|5|5|5|5|5|5|5
48950,3,False,3,7,3,3|3|3|2|2|3|2|6|3|2|3|2|2|3|3
48954,8,True,5,14,7,7|2|5|5|7|2|7|8|1|7|7|2|5|7|5
48961,8,True,2,15,2,3|2|4|6|6|3|4|3|0|2|0|2|2|3|2
48992,5,True,8,15,8,8|8|8|3|8|8|1|3|8|8|8|8|8|8|8
49005,2,False,2,14,-1,0|6|0|4|4|0|6|4|0|6|6|4|2|4|0
49016,7,False,7,3,7,7|8|7|7|7|7|4|7|7|7|7|7|7|2|7
49064,5,False,5,11,1,7|1|7|5|5|7|5|1|1|1|3|1|5|8|1
49093,9,True,8,15,8,8|8|8|3|8|8|8|8|8|8|8|8|8|8|8
49111,1,False,1,3,1,0|1|1|1|7|1|1|1|1|1|1|1|1|0|1
49117,4,True,6,2,4,4|6|4|4|4|4|4|4|4|4|4|9|4|4|4
49122,1,True,5,11,5,1|1|5|5|5|5|2|1|5|5|5|1|5|5|2
49138,2,True,5,11,5,7|1|3|2|2|5|2|5|3|7|5|5|5|2|3
49150,5,False,5,2,5,5|5|5|5|5|5|5|7|7|5|5|5|5|5|5
49168,4,True,6,14,6,6|6|6|6|6|6|6|6|6|6|4|6|6|6|6
49205,2,False,2,5,2,0|6|2|2|2|0|2|2|0|2|2|2|2|0|2
49218,4,True,7,10,7,7|7|5|7|4|4|7|4|4|4|7|2|5|7|7
49226,6,True,0,6,6,6|6|0|0|6|0|0|6|6|0|0|6|6|6|6
49237,6,True,3,12,3,3|6|3|3|6|3|3|8|3|3|3|3|3|3|6
49244,7,False,7,5,7,7|7|7|7|7|5|2|7|9|7|7|9|9|7|7
49263,6,True,3,11,4,9|6|2|6|2|3|1|9|4|6|4|6|4|4|4
49337,1,True,7,15,-1,7|7|7|9|9|7|9|5|9|7|7|9|9|9|7
49341,5,True,9,3,5,5|5|5|5|9|5|5|5|5|5|5|5|9|5|9
49399,7,False,7,4,7,7|8|7|7|7|1|7|7|9|3|7|7|7|7|7
49400,2,True,5,5,2,7|2|5|2|2|2|2|5|2|2|5|2|2|2|5
49401,7,True,1,14,1,1|1|1|1|1|1|7|1|1|1|1|1|1|1|1
49420,6,True,9,15,7,9|7|9|9|7|7|7|7|9|9|7|7|9|9|7
49434,3,False,3,12,4,9|2|0|3|4|4|2|2|4|4|4|2|6|3|3
49435,0,False,0,8,-1,0|6|0|6|6|0|4|0|6|0|6|0|6|0|6
49441,0,True,2,9,0,4|0|0|6|2|0|2|6|4|0|0|2|2|0|4
49471,9,False,9,14,5,5|5|5|5|5|5|9|5|5|5|5|5|5|5|5
49484,3,True,8,13,8,1|8|8|8|3|8|8|8|4|8|7|3|8|8|2
49486,0,False,0,13,6,0|6|0|6|6|6|6|6|6|2|6|3|6|6|6
49492,9,False,9,12,5,9|5|5|5|5|5|5|5|9|5|5|5|9|5|5
49553,2,True,5,7,2,2|2|2|5|4|5|5|2|5|2|5|2|2|7|2
49559,6,True,0,12,0,0|6|2|2|4|6|4|0|4|2|0|6|2|0|0
49568,6,True,0,7,6,6|6|0|0|0|0|6|4|0|6|0|6|6|6|6
49600,0,True,1,12,1,1|1|1|1|0|1|1|1|0|1|1|1|1|0|1
49625,9,True,7,12,7,9|7|7|7|9|5|7|7|7|7|7|7|9|7|7
49660,7,True,1,9,1,1|1|1|7|7|1|7|7|1|1|7|1|1|7|1
49662,5,True,9,0,5,5|5|5|5|5|5|5|5|5|5|5|5|5|5|5
49668,6,True,0,8,-1,0|6|0|0|0|0|6|0|1|6|6|6|6|0|6
49676,3,True,5,13,1,1|1|1|1|5|1|1|5|3|5|1|5|5|3|1
49693,9,True,8,15,8,8|8|8|8|8|8|8|7|8|8|8|8|8|8|8
49702,9,True,8,15,8,3|8|8|8|8|8|8|3|8|8|8|3|8|8|7
49706,5,False,5,8,5,7|5|5|1|5|5|2|5|1|5|7|5|7|2|7
49731,7,False,7,8,7,5|7|7|5|9|7|3|5|9|5|7|7|9|7|7
49735,3,False,3,14,4,1|3|4|4|4|4|2|9|4|4|4|6|4|4|4
49758,4,True,6,5,4,8|6|2|4|4|4|9|4|4|4|4|4|2|4|4
49781,8,True,2,12,2,2|8|0|8|2|0|0|6|0|2|2|2|2|0|8
49782,8,True,2,13,2,0|3|2|2|4|6|4|8|4|0|0|2|2|2|8
49783,4,True,6,4,4,4|4|0|4|4|0|6|4|2|4|4|4|4|4|4
49785,1,False,1,5,1,1|1|1|1|2|1|0|7|3|1|1|1|1|0|1
49799,6,True,0,2,6,6|6|0|6|6|6|6|6|0|6|6|6|6|6|6
49806,0,False,0,15,6,6|6|6|6|6|6|6|6|6|6|6|6|6|6|6
49821,7,True,1,6,7,7|7|7|7|7|1|1|7|7|1|7|1|1|7|1
49826,4,True,6,12,6,0|6|6|6|6|0|6|6|4|6|6|6|6|4|4
49884,7,True,5,11,5,1|1|5|5|7|5|3|5|2|7|7|3|2|5|7
49891,7,True,5,12,1,1|6|5|7|7|3|1|8|1|1|7|3|5|5|2
49900,7,False,7,2,7,7|7|7|7|7|1|3|7|7|7|7|7|7|7|7
49901,0,True,2,9,-1,2|0|0|2|0|0|2|4|0|2|0|2|6|2|4
49923,1,True,8,14,8,8|8|8|8|8|8|8|8|8|8|8|8|8|8|1
49931,1,True,5,10,5,1|1|5|1|5|5|5|5|1|5|5|1|5|5|5
49954,7,False,7,11,5,7|2|5|7|7|7|5|5|1|5|5|5|5|5|2
49979,2,False,2,15,4,0|6|0|4|4|4|0|9|4|4|4|9|6|4|4
49980,7,True,5,11,5,7|5|5|5|5|5|5|5|7|5|5|7|5|5|7
49994,7,False,7,10,9,9|7|7|9|9|9|9|7|9|9|7|7|9|2|9
50025,6,True,0,6,6,0|0|0|6|6|0|6|6|6|6|6|0|6|6|0
50033,5,True,9,0,5,5|5|5|5|5|5|5|5|5|5|5|5|5|5|5
50064,3,False,3,8,-1,3|3|3|2|2|6|2|2|2|2|3|3|2|3|3
50097,4,True,6,12,6,8|6|0|6|4|6|0|0|6|6|0|6|4|4|6
50100,0,True,3,14,3,3|3|3|3|3|3|2|3|2|0|3|3|2|3|1
50128,6,True,0,3,6,0|6|0|6|6|6|0|6|6|6|6|6|6|6|6
50141,5,True,9,6,5,5|5|5|5|5|5|9|9|9|5|7|9|5|9|5
50148,9,True,7,13,7,7|7|7|9|7|7|9|7|7|7|7|7|7|7|7
50209,5,False,5,5,5,5|5|5|5|5|3|5|5|5|5|7|5|1|2|2
50219,9,True,7,14,5,7|7|5|7|5|1|2|5|9|5|5|7|5|2|7
50222,6,True,0,4,6,6|6|0|6|6|0|6|6|6|6|0|0|6|6|6
50224,4,False,4,3,4,4|4|9|4|4|4|9|4|9|4|4|4|4|4|4
50257,1,True,5,15,5,5|5|5|5|5|5|2|5|7|5|5|7|2|5|7
50267,6,True,0,1,6,6|6|6|6|6|6|6|6|6|6|0|6|6|6|6
50269,4,True,1,14,1,1|0|1|1|1|1|4|1|1|1|1|1|1|1|1
50303,7,True,0,15,3,6|3|3|6|3|0|4|3|6|3|0|3|2|2|2
50311,7,True,5,7,7,7|7|5|5|7|7|5|7|5|5|5|7|5|7|7
50320,0,False,0,13,6,0|6|0|6|6|6|6|6|6|6|6|6|6|6|6
50322,9,True,4,10,4,9|4|6|4|4|8|9|4|9|4|4|4|9|4|9
50326,4,True,6,11,6,6|3|0|6|4|6|4|6|6|6|4|6|6|6|4
50344,6,True,2,15,0,0|0|0|0|0|2|0|0|1|2|0|0|9|0|4
50350,5,True,9,2,5,5|5|5|5|5|5|9|5|9|5|5|5|5|5|5
50356,9,True,4,11,4,9|4|9|4|4|4|4|4|4|0|4|9|4|2|9
50373,5,True,9,1,5,7|5|5|5|5|5|5|5|5|5|5|5|5|5|5
50394,1,True,5,12,5,1|5|5|5|5|1|1|5|3|5|3|3|5|5|2
50415,6,True,3,14,4,9|3|9|4|4|3|9|9|4|4|4|6|4|4|9
50435,3,True,5,13,5,3|1|5|2|5|5|5|2|1|5|3|5|5|8|1
50444,9,True,8,15,8,8|8|8|8|8|8|3|8|8|8|8|8|8|8|8
50456,4,False,4,4,4,9|6|9|4|4|4|9|4|4|4|4|4|4|4|4
50473,7,False,7,9,7,7|2|7|2|1|7|9|7|7|5|7|2|3|2|2
50478,3,False,3,7,3,3|3|3|3|3|3|2|6|6|2|6|3|6|3|2
50490,6,True,3,13,3,3|6|3|3|3|3|7|2|3|3|6|3|2|3|2
50491,2,True,3,8,-1,3|2|2|3|2|3|2|3|3|2|8|3|2|3|2
50510,6,False,6,11,2,2|2|4|0|4|0|2|6|6|6|0|2|6|2|0
50560,6,True,0,6,6,0|6|0|6|6|0|6|6|0|6|4|6|6|0|6
50597,3,True,2,15,0,0|0|0|4|4|0|4|0|4|6|0|2|0|0|4
50601,7,True,8,15,8,8|8|8|8|8|8|8|8|8|8|8|8|9|8|8
50603,3,True,5,14,5,5|1|5|5|1|1|5|1|3|5|5|1|5|5|7
50623,1,True,5,14,5,5|5|7|5|7|7|7|5|1|5|5|2|5|7|5
50625,8,False,8,2,8,8|8|8|8|8|8|3|8|3|8|8|8|8|8|8
50632,5,True,9,1,5,7|5|5|5|5|5|5|5|5|5|5|5|5|5|5
50642,4,True,6,1,4,4|4|4|4|4|4|4|4|4|4|4|6|4|4|4
50649,4,True,1,14,1,1|1|7|1|7|1|1|1|4|1|7|1|1|7|1
50661,6,True,9,15,5,9|5|5|5|5|5|5|5|9|5|5|9|5|5|5
50666,1,True,5,15,5,5|8|5|5|5|5|5|5|5|5|5|7|3|7|5
50762,2,True,3,12,3,3|2|3|2|3|3|3|3|3|3|3|3|2|3|3
50763,0,True,1,8,1,1|1|0|1|0|1|0|1|0|1|0|1|1|0|0
50766,4,True,6,8,4,0|4|0|4|4|4|0|4|4|0|6|0|6|0|4
50786,5,True,9,1,5,9|5|5|5|5|5|5|5|5|5|5|5|5|5|5
50826,9,False,9,10,5,9|6|5|5|9|5|9|5|9|5|5|9|5|5|5
50832,0,True,1,6,0,0|0|1|0|1|0|0|0|1|1|4|0|1|0|0
50839,8,False,8,8,8,2|8|8|7|8|8|7|8|7|4|7|8|2|5|8
50843,0,True,1,11,1,1|0|0|1|1|1|1|1|0|1|1|1|1|0|1
50846,4,True,6,15,-1,3|8|3|7|5|5|3|2|1|7|7|1|2|3|7
50850,9,False,9,6,9,7|9|9|9|9|5|9|5|9|9|7|7|9|9|7
50875,2,False,2,12,0,0|2|0|0|4|0|2|0|0|0|0|0|0|2|0
50890,9,True,7,8,5,5|5|5|9|9|5|9|5|9|9|5|9|5|5|9
50894,4,True,6,14,6,4|0|0|6|6|6|6|0|6|6|6|6|6|0|6
50926,3,True,2,13,2,6|2|2|2|4|6|2|6|3|2|2|2|2|2|3
50941,3,False,3,7,3,3|6|3|3|2|3|2|2|3|2|3|2|3|2|3
50983,1,False,1,1,1,1|1|1|1|1|1|1|1|1|1|1|1|1|0|1
50990,4,True,7,14,7,7|7|5|1|5|1|9|7|1|7|4|6|5|2|2
50998,9,True,4,12,4,4|4|9|4|4|4|4|4|4|4|4|9|4|9|4
51016,0,True,1,11,1,1|1|0|1|1|1|1|0|1|1|1|0|1|0|1
51029,5,True,9,2,5,9|5|5|5|5|5|5|5|9|5|5|5|5|5|5
51037,5,False,5,3,5,7|5|5|5|7|5|5|5|1|5|5|5|5|5|5
51041,9,True,7,13,7,7|7|7|7|7|7|9|7|9|7|7|7|5|7|7
51044,4,False,4,0,4,4|4|4|4|4|4|4|4|4|4|4|4|4|4|4
51047,9,True,7,14,7,7|7|7|7|7|7|3|7|9|7|7|7|7|7|7
51056,5,True,9,2,5,5|5|5|5|5|5|9|5|9|5|5|5|5|5|5
51059,6,True,3,14,3,1|6|2|2|3|3|2|3|3|2|3|3|9|4|2
51120,4,True,6,3,4,4|4|9|0|4|0|4|4|4|4|4|4|4|4|4
51167,1,True,0,15,0,0|0|0|6|4|8|8|0|0|0|6|2|2|0|4
51176,8,True,3,14,3,3|6|3|3|8|3|3|3|4|3|0|3|3|3|6
51196,2,True,9,14,-1,7|9|5|7|9|5|2|5|9|5|9|9|9|5|5
51243,6,False,6,13,3,0|1|2|3|5|6|3|1|3|1|0|2|6|2|3
51255,8,True,2,15,-1,0|0|0|0|2|0|2|2|2|0|0|2|2|2|1
51282,2,True,7,12,7,7|7|7|1|7|7|7|7|7|7|2|2|2|7|7
51289,3,True,8,12,8,8|8|8|3|8|8|3|8|3|8|8|8|8|8|8
51301,6,True,3,14,3,3|6|3|3|8|3|2|3|3|3|2|3|3|3|3
51334,4,False,4,6,4,9|4|9|4|9|4|9|4|9|4|4|6|4|4|4
51361,0,True,2,12,4,4|0|4|0|4|4|2|6|4|0|4|2|2|4|4
51384,0,True,1,13,1,1|1|1|1|1|1|1|1|1|1|0|1|1|0|1
51400,6,False,6,13,4,0|4|4|2|4|4|4|4|4|6|4|2|6|4|4
51402,3,False,3,11,3,3|3|2|6|8|6|2|0|4|8|1|3|5|3|2
51403,7,True,5,10,5,7|7|5|7|5|7|5|7|5|5|5|5|5|5|5
51432,2,True,3,12,3,3|3|6|0|2|3|3|2|0|2|3|3|6|3|4
51459,5,True,9,3,5,5|5|5|5|9|5|5|5|9|5|5|5|2|5|5
51466,3,True,5,14,5,5|1|5|5|5|5|5|1|1|5|3|5|5|5|1
51469,6,True,3,10,3,3|3|3|3|6|3|2|3|6|2|2|6|6|6|3
51470,9,True,4,15,4,1|4|4|4|6|3|2|8|4|0|4|3|4|3|1
51512,2,True,5,12,5,3|1|5|7|5|7|3|5|2|5|2|2|5|7|7
51537,2,True,5,4,2,2|5|5|2|1|5|2|2|2|2|2|2|2|2|2
51540,5,True,9,8,5,9|5|5|2|9|5|2|5|2|9|5|2|5|5|9
51548,0,False,0,9,6,0|6|0|6|6|0|6|0|6|6|6|0|6|0|6
51551,4,False,4,10,9,9|4|9|9|4|9|9|9|9|4|4|9|9|4|9
51553,5,False,5,4,5,7|1|5|5|5|5|5|1|5|5|5|5|5|5|0
51554,7,True,1,5,7,7|7|7|7|7|1|7|1|1|1|7|7|1|7|7
51561,7,False,7,4,7,7|5|5|7|7|3|7|7|7|1|7|7|7|7|7
51574,5,True,9,4,5,5|5|9|5|5|5|9|5|9|5|5|9|5|5|5
51600,3,False,3,10,2,3|3|3|2|2|3|2|2|3|2|2|2|2|2|2
51632,0,True,2,13,2,2|3|0|4|2|6|2|4|3|2|0|3|2|2|4
51642,7,True,5,14,5,5|1|7|5|5|5|1|3|1|5|5|3|5|3|1
51680,4,True,6,2,4,4|6|4|4|4|4|4|4|4|4|4|6|4|4|4
51690,3,False,3,8,3,3|6|3|6|2|3|2|3|3|6|3|6|6|3|2
51699,4,False,4,5,4,4|4|9|9|4|4|9|4|4|4|4|9|9|4|4
51750,5,False,5,6,5,1|5|5|5|1|5|5|5|3|5|5|5|1|2|2
51763,4,True,6,3,4,4|6|9|4|4|4|4|4|4|4|4|9|4|4|4
51773,9,False,9,14,5,9|5|5|5|5|5|5|5|5|5|5|5|5|5|5
51812,9,True,4,10,4,4|9|9|4|4|4|4|4|4|9|4|4|9|4|9
51815,2,True,5,13,5,5|5|3|5|5|1|2|5|3|5|5|5|2|5|5
51831,3,True,5,12,5,7|5|3|5|5|5|7|5|5|5|5|3|5|5|3
51844,4,True,6,12,6,6|6|6|6|6|6|6|4|6|6|4|6|4|6|6
51845,1,True,7,15,5,7|2|5|7|5|5|2|5|7|9|5|9|9|9|5
51870,7,True,1,9,1,7|1|1|7|7|7|7|1|1|1|1|1|1|7|1
51879,8,False,8,5,8,8|8|3|8|8|8|8|3|1|8|3|8|3|8|8
51888,5,False,5,6,5,5|5|1|5|1|1|3|5|5|5|5|5|7|5|2
51898,4,False,4,7,4,9|4|9|9|4|0|9|4|8|4|4|4|9|4|4
51913,9,False,9,15,5,5|5|5|5|5|5|5|5|5|5|5|5|5|5|5
51922,3,True,8,10,8,3|8|8|8|8|8|3|3|3|8|8|8|5|3|8
51963,9,True,4,15,3,3|3|8|7|2|3|4|3|1|8|3|3|2|3|3
51990,4,True,6,11,6,6|6|0|6|6|6|4|6|4|6|4|0|6|0|4
51995,7,True,5,8,5,7|5|7|7|7|5|5|5|5|5|7|7|5|7|5
52006,7,True,1,15,1,1|1|0|1|1|1|0|0|1|1|0|0|1|0|1
52008,0,True,1,15,1,1|1|1|1|1|1|1|7|1|1|1|1|1|1|1
52023,4,True,6,15,6,6|6|0|6|6|6|6|6|6|6|6|6|6|6|6
52025,9,True,6,14,4,4|8|0|8|4|8|9|4|6|4|4|4|4|8|4
52026,4,True,6,12,6,2|4|6|6|6|2|6|4|6|4|6|6|3|6|6
52052,4,False,4,4,4,6|4|4|4|4|4|9|9|9|4|4|4|4|4|4
52072,9,False,9,15,5,5|5|5|5|5|5|5|5|5|5|5|5|5|5|5
52079,6,True,3,12,3,3|3|3|3|3|2|3|2|3|6|3|6|3|6|3
52085,2,True,9,15,5,5|5|5|5|5|5|9|5|5|5|5|5|5|5|5
52094,9,True,4,13,4,4|6|9|4|4|4|4|4|4|4|4|9|4|4|4
52098,6,True,0,14,8,3|5|3|3|8|6|8|1|4|8|5|8|1|5|1
52106,2,True,3,5,2,3|2|3|2|2|6|2|2|2|2|2|3|2|3|2
52115,0,False,0,11,6,0|0|0|6|0|6|2|6|6|6|6|6|6|6|6
52121,9,True,4,14,4,6|6|6|4|2|4|4|2|9|4|6|4|6|4|4
52123,2,True,7,15,7,7|7|7|9|7|7|4|7|7|7|7|7|9|7|7
52124,3,True,8,8,-1,3|3|8|3|8|3|8|3|7|8|8|3|8|8|3
52126,2,True,3,7,2,0|3|6|3|2|2|2|2|3|2|4|3|2|2|2
52138,5,True,9,15,7,7|7|8|7|2|3|2|7|9|7|7|7|9|7|7
52169,6,True,3,15,3,3|3|3|3|2|3|2|3|3|2|3|3|2|3|3
52170,9,True,7,15,5,7|5|5|5|5|5|1|5|5|5|1|1|5|5|2
52171,8,True,2,15,6,3|2|2|2|0|6|6|0|2|2|6|6|6|6|1
52177,2,False,2,9,-1,0|0|0|4|2|0|8|0|2|2|0|2|2|4|2
52191,0,False,0,12,6,6|6|0|0|6|6|6|0|6|6|6|6|6|6|6
52210,7,True,1,10,1,1|1|1|7|7|1|7|1|1|1|7|1|1|7|1
52222,1,False,1,0,1,1|1|1|1|1|1|1|1|1|1|1|1|1|1|1
52230,7,True,1,15,1,1|1|0|1|1|2|0|1|1|1|0|1|1|0|1
52269,5,True,9,7,5,9|5|9|9|5|5|9|5|5|9|5|2|5|5|2
52271,9,False,9,12,5,9|5|5|5|5|5|5|5|5|5|5|5|9|5|9
52278,2,True,3,6,2,3|2|3|2|3|3|2|2|3|2|3|2|2|2|2
52281,9,True,4,12,4,9|4|4|4|4|4|9|4|4|4|4|6|4|9|4
52306,0,True,3,14,4,4|6|0|6|4|6|2|4|4|4|4|3|4|4|4
52312,2,True,9,15,7,5|8|7|7|8|1|9|3|7|3|7|7|9|5|7
52316,7,False,7,8,7,7|7|9|9|5|1|2|7|7|9|7|7|9|8|7
52317,1,True,3,12,3,3|3|8|2|0|3|7|1|7|5|3|3|6|1|1
52321,4,True,6,9,4,0|6|0|6|6|0|4|2|4|4|4|4|6|6|4
52327,4,True,6,4,4,4|4|4|4|4|4|9|4|4|4|4|9|9|3|4
52341,3,False,3,6,3,3|6|3|3|6|3|6|3|3|2|3|3|6|3|6
52344,7,True,1,15,1,0|1|0|1|0|0|0|1|1|1|1|0|1|0|1
52349,4,False,4,9,4,4|2|2|0|4|4|6|2|4|4|0|4|9|0|6
52350,6,True,3,15,2,2|3|3|2|2|2|3|2|2|2|2|2|2|2|2
52362,9,True,4,7,9,9|4|9|9|4|9|9|4|9|4|4|9|9|4|4
52413,8,False,8,3,8,8|8|8|7|8|3|8|8|3|8|8|8|8|8|8
52415,9,False,9,13,5,5|7|5|5|9|5|7|5|9|5|5|5|5|5|5
52433,6,True,2,13,0,4|4|0|2|0|2|6|6|2|0|0|2|4|0|0
52443,2,True,3,14,3,3|3|3|3|3|3|8|3|3|2|3|3|8|3|7
52460,7,True,5,11,5,7|5|5|7|1|7|5|5|9|5|2|3|2|5|7
52461,4,False,4,4,4,4|4|4|4|4|4|9|8|4|4|4|2|4|4|1
52477,8,False,8,3,8,8|8|8|3|8|8|8|3|8|8|8|3|8|8|8
52496,0,True,1,10,1,0|1|0|0|1|1|0|1|1|1|1|1|1|0|1
52507,0,False,0,9,-1,0|6|0|3|1|0|6|6|6|0|0|6|6|3|0
52560,2,True,7,8,7,7|7|7|2|2|7|2|7|2|7|7|2|2|7|2
52572,7,True,1,12,1,1|1|1|7|7|1|1|4|1|1|1|1|1|7|1
52600,4,True,6,15,6,6|6|0|6|2|6|6|6|0|0|0|0|6|0|6
52616,2,True,7,13,7,1|7|7|7|7|1|2|7|7|5|7|7|7|5|2
52639,6,True,7,15,7,7|7|7|7|5|9|9|7|9|7|7|7|5|2|5
52644,3,True,5,15,7,9|7|5|9|7|5|5|7|5|8|7|9|9|7|1
52650,0,False,0,9,6,6|6|0|0|6|6|0|0|6|6|0|6|6|6|0
52652,9,True,8,15,8,8|8|8|8|8|8|8|8|8|8|8|3|8|8|8
52656,4,True,6,11,6,6|6|6|6|4|6|6|4|4|6|6|6|6|0|4
52680,4,True,6,4,4,4|4|4|6|4|4|6|4|4|6|4|6|4|4|4
52689,6,True,2,14,4,9|4|4|4|4|4|9|4|4|4|4|6|4|4|0
52763,4,True,6,6,4,4|6|4|6|4|6|6|4|4|4|6|6|4|4|4
52769,7,False,7,4,7,7|7|7|9|7|7|9|9|9|7|7|7|7|7|7
52779,7,False,7,3,7,7|7|7|7|7|7|9|7|9|3|7|7|7|7|7
52792,4,False,4,4,4,4|4|9|4|9|4|4|4|4|4|4|9|9|4|4
52803,4,True,6,5,4,4|2|6|4|4|2|4|3|4|4|4|9|4|4|4
52808,4,True,6,7,4,4|4|0|4|4|0|6|4|4|6|0|9|6|4|4
52809,9,True,7,13,7,7|7|9|7|7|7|5|7|7|7|7|7|9|7|7
52813,7,True,8,15,8,8|8|8|8|8|8|3|8|8|8|8|3|8|8|8
52838,3,False,3,3,3,3|3|3|3|3|3|2|3|3|2|3|3|2|3|3
52856,5,False,5,5,5,5|8|5|5|1|5|5|5|3|5|2|5|5|5|8
52881,6,True,1,15,1,1|1|1|7|3|1|1|1|1|1|1|7|1|1|1
52905,4,False,4,6,4,9|4|4|9|4|4|9|4|4|9|4|9|9|4|4
52915,6,True,0,3,6,0|0|0|6|6|6|6|6|6|6|6|6|6|6|6
52946,8,False,8,4,8,8|8|8|8|8|8|8|4|3|8|8|3|1|8|8
52990,7,False,7,4,7,7|7|7|5|7|7|2|7|7|7|7|2|9|7|7
53005,0,True,1,8,-1,0|1|0|1|0|1|0|1|0|1|0|1|6|0|1
53034,9,True,7,10,7,7|5|7|7|9|1|9|2|7|9|7|9|9|7|7
53057,2,True,3,11,3,3|3|6|3|4|6|3|3|3|2|4|2|2|2|3
53076,2,False,2,11,0,0|8|0|2|4|0|6|0|2|0|0|0|2|2|6
53088,2,True,7,15,7,7|7|7|7|7|7|7|7|7|7|7|7|7|7|7
53093,9,True,8,15,8,8|8|8|8|8|8|8|8|3|8|8|3|8|8|8
53102,5,False,5,11,2,2|2|5|2|2|5|2|5|2|2|2|2|4|5|2
53110,9,True,4,13,4,6|2|6|4|8|0|9|8|9|4|2|4|4|4|4
53119,5,True,9,1,5,5|5|5|5|5|5|9|5|5|5|5|5|5|5|5
53132,9,True,7,15,5,7|5|5|5|5|7|7|1|8|5|3|8|5|7|2
53135,6,True,3,13,3,1|2|3|1|6|3|2|3|0|0|3|3|6|3|0
53137,9,True,7,13,5,9|5|5|5|5|1|5|5|5|5|5|5|9|5|7
53169,5,True,9,1,5,5|5|5|5|5|5|5|5|9|5|5|5|5|5|5
53192,9,True,1,15,1,1|1|5|6|7|1|4|1|4|6|0|1|6|8|0
53201,3,True,2,14,-1,2|8|5|6|8|3|6|1|0|0|8|5|6|5|2
53216,7,False,7,3,7,7|7|9|9|7|7|7|7|7|7|7|7|9|7|7
53239,3,True,8,13,8,8|8|8|8|8|8|3|8|8|8|8|3|8|8|8
53243,6,True,3,3,6,3|6|6|6|6|6|3|6|6|6|6|3|6|6|6
53247,4,True,6,14,6,6|6|0|6|6|6|6|0|4|0|6|6|6|6|6
53253,0,True,2,9,0,0|0|0|0|2|2|2|4|4|0|0|2|6|2|3
53269,5,False,5,4,5,5|5|5|5|1|5|4|7|1|5|5|5|5|5|5
53291,4,True,6,5,4,4|6|0|4|4|4|4|6|4|4|4|9|6|4|4
53301,1,True,5,12,7,7|8|7|8|2|7|3|5|1|1|9|1|7|2|6
53303,5,False,5,6,5,3|5|5|5|5|2|3|5|5|5|2|3|5|5|2
53312,2,True,3,12,3,3|3|7|2|2|5|8|3|1|4|3|3|4|2|3
53366,1,True,5,14,5,5|8|5|5|5|5|7|5|1|5|5|7|5|5|5
53383,3,False,3,6,3,3|6|3|3|2|3|2|3|3|2|3|3|3|2|2
53432,2,True,7,13,7,7|8|7|2|7|7|3|7|7|7|7|2|8|7|7
53452,7,True,8,14,8,8|8|8|8|8|8|8|8|8|8|8|7|8|8|8
53474,3,False,3,9,3,4|8|3|6|6|3|3|3|1|3|1|6|1|3|0
53489,6,True,1,15,1,1|1|1|1|1|1|1|1|1|1|1|1|1|7|1
53507,4,False,4,11,2,4|4|2|2|4|6|9|6|9|2|3|2|4|2|2
53509,3,False,3,14,4,9|4|9|4|4|4|9|3|4|4|4|9|4|4|2
53512,1,False,1,2,1,1|1|1|1|0|1|1|1|1|1|1|1|1|0|1
53523,6,True,0,4,6,0|6|0|6|6|0|6|6|0|6|6|6|6|6|6
53531,9,True,7,5,9,9|8|9|9|9|7|7|9|9|9|7|9|9|9|2
53539,9,False,9,14,5,5|5|5|5|5|5|9|5|5|5|5|5|5|5|5
53556,6,True,0,6,6,0|6|0|6|6|0|6|6|4|6|0|6|6|0|6
53565,2,True,3,9,3,3|3|3|6|3|3|2|2|3|2|6|2|2|3|2
53593,9,True,7,14,7,7|7|7|7|7|7|9|7|7|7|7|7|7|7|7
53596,8,True,6,15,6,0|6|0|6|2|2|6|3|6|2|0|2|6|0|6
53599,8,False,8,4,8,8|8|8|8|8|3|8|8|1|8|8|3|3|8|8
53612,6,False,6,14,0,0|0|0|2|0|0|6|0|4|2|4|0|4|2|9
53613,5,False,5,7,5,7|7|5|7|5|5|7|5|5|5|7|5|7|7|5
53630,9,False,9,13,5,5|5|5|5|5|5|9|5|5|5|5|5|9|5|5
53674,0,True,1,15,1,1|1|1|1|7|1|1|1|1|1|1|1|1|1|1
53700,6,True,0,13,0,0|3|6|0|2|1|2|3|1|0|0|3|3|6|0
53709,9,True,4,12,4,8|4|9|7|2|3|9|4|9|4|8|2|4|4|6
53732,0,True,1,9,1,0|1|0|1|1|1|4|0|1|1|0|0|1|0|1
53744,2,False,2,8,2,8|8|0|2|2|0|0|2|8|2|2|8|2|0|2
53753,5,True,6,15,2,0|6|2|6|2|2|2|4|6|2|4|2|4|2|6
53776,9,True,4,13,4,4|2|0|4|4|4|4|4|6|4|4|9|4|4|9
53779,2,True,9,15,5,5|5|9|5|5|5|5|5|9|5|5|9|9|9|5
53780,4,True,6,13,0,0|0|0|0|0|0|2|4|0|0|0|2|2|0|4
53792,1,False,1,3,1,1|1|0|1|1|1|1|1|1|1|0|1|1|0|1
53806,5,True,9,9,5,0|2|5|5|5|0|9|1|3|5|6|5|8|9|5
53808,8,False,8,6,8,8|8|8|3|8|3|3|3|3|8|8|3|8|8|8
53814,0,False,0,12,6,0|6|0|6|6|6|0|6|6|6|6|6|6|6|6
53838,6,True,2,14,2,9|3|2|2|2|6|2|2|4|9|9|3|2|2|4
53850,3,False,3,10,2,3|2|2|3|2|2|3|3|3|2|2|2|2|2|2
53852,0,True,2,7,0,0|0|0|0|2|0|2|2|2|0|0|0|2|2|2
53866,4,True,6,11,6,8|4|8|6|4|8|4|1|6|8|4|6|6|6|6
53878,0,True,1,14,1,1|7|0|1|8|1|6|1|3|1|1|6|1|6|3
53896,2,False,2,6,2,2|2|2|8|2|3|2|8|4|2|2|0|4|2|2
53898,1,False,1,7,1,1|7|1|7|7|7|7|1|1|1|7|1|1|7|1
53900,3,True,8,13,8,8|8|8|3|8|8|8|3|8|8|8|8|8|8|8
53907,1,True,8,14,8,8|8|8|7|8|8|8|8|1|8|8|8|8|8|8
53909,6,True,0,8,6,3|6|0|0|6|0|0|6|3|0|0|6|6|6|6
53927,7,False,7,6,7,7|4|7|4|4|7|6|7|2|7|7|3|7|7|7
53933,2,False,2,13,0,0|0|0|0|4|0|0|2|0|0|0|0|2|0|4
53939,5,True,9,8,5,5|2|5|9|5|5|2|5|9|9|9|5|9|9|5
53948,6,True,0,3,6,0|6|0|6|6|6|0|6|6|6|6|6|6|6|6
53966,4,True,6,13,6,4|0|0|6|6|6|6|4|6|0|6|6|6|0|6
53973,6,True,0,15,0,0|8|9|4|4|0|2|3|4|0|0|2|2|4|0
53978,6,True,1,14,1,1|1|1|1|7|1|6|1|1|1|7|1|1|7|1
53988,4,True,6,8,4,4|6|0|4|4|0|4|0|4|0|4|0|6|0|4
53993,2,True,3,5,2,3|2|2|2|2|3|2|3|3|2|2|3|2|2|2
54002,3,False,3,9,2,3|2|3|3|8|3|2|2|2|2|6|2|2|3|3
54035,7,True,1,7,7,7|1|7|7|7|1|7|1|1|1|7|7|1|7|1
54039,0,False,0,13,6,6|6|0|6|6|6|6|0|6|6|6|6|6|6|6
54047,6,True,3,12,3,3|3|3|3|6|3|6|3|3|2|3|3|6|3|3
54054,0,True,2,8,0,0|2|0|4|2|0|8|0|4|0|0|0|6|2|2
54067,2,True,9,15,9,5|5|9|7|9|7|9|7|9|9|5|9|9|9|5
54089,7,True,8,11,8,7|8|8|8|7|8|7|8|1|2|8|3|3|8|7
54128,9,False,9,14,5,5|5|5|5|5|5|9|5|5|5|5|5|5|5|5
54134,2,True,3,9,-1,6|3|3|2|2|3|2|3|3|2|5|2|2|3|6
54139,7,True,8,13,8,8|8|8|8|8|8|4|8|7|8|7|8|8|8|9
54162,9,True,7,14,7,7|7|7|7|7|8|9|7|7|7|7|7|7|7|7
54166,7,False,7,7,7,7|5|5|7|7|5|3|7|2|7|7|5|7|2|7
54175,3,True,2,14,2,2|2|0|2|0|4|2|3|4|4|0|2|2|2|2
54181,8,False,8,2,8,8|8|8|8|8|8|8|8|4|8|8|8|9|8|8
54235,0,True,2,11,2,0|2|0|2|2|0|6|3|2|2|0|2|2|3|2
54270,9,False,9,10,2,7|9|9|2|2|2|2|2|9|9|7|2|2|9|2
54290,0,False,0,12,4,4|6|6|4|0|4|2|6|0|4|4|1|6|0|4
54295,2,True,3,6,2,3|3|2|2|2|3|2|3|2|3|2|3|2|2|2
54332,6,True,0,0,6,6|6|6|6|6|6|6|6|6|6|6|6|6|6|6
54348,9,False,9,12,5,5|5|5|5|5|5|5|5|9|5|5|5|9|5|9
54364,4,True,7,13,7,3|8|5|2|7|7|4|7|4|5|7|7|5|2|7
54382,1,False,1,6,1,1|0|0|1|1|1|0|1|0|1|7|1|1|0|1
54407,4,True,1,15,1,1|1|1|1|1|1|1|1|1|1|1|1|1|1|1
54440,9,True,4,8,-1,9|9|9|9|9|4|4|4|9|4|4|4|4|2|9
54470,5,True,9,1,5,5|5|5|5|5|5|9|5|5|5|5|5|5|5|5
54472,0,False,0,11,6,0|6|0|6|6|6|6|6|0|0|6|6|6|6|6
54474,0,True,1,8,1,1|0|0|0|1|1|0|1|1|1|0|1|1|0|0
54475,2,True,7,14,7,7|7|9|9|7|7|9|7|7|7|7|7|7|2|9
54492,7,False,7,4,7,7|8|7|7|7|7|8|3|7|7|7|6|7|7|7
54516,0,True,2,14,4,4|6|8|6|7|0|6|4|4|6|4|8|4|6|4
54520,6,True,0,3,6,0|6|0|6|6|0|6|6|6|6|6|6|6|6|6
54543,4,True,6,7,4,9|6|0|4|4|4|4|4|4|2|4|4|2|2|3
54564,7,True,5,7,7,7|8|5|8|7|8|7|7|9|5|7|5|7|7|7
54574,9,True,7,15,7,7|7|7|2|7|7|7|7|7|7|7|7|7|7|7
54597,0,True,1,11,1,0|1|1|1|1|1|0|0|1|1|4|1|1|0|1
54599,7,False,7,6,7,9|9|7|7|7|1|7|7|9|7|9|7|9|7|7
54601,6,False,6,6,6,0|6|6|6|4|6|6|4|6|6|0|6|6|4|0
54622,0,True,1,12,1,1|0|1|1|1|1|1|1|1|1|0|1|1|0|1
54632,1,False,1,2,1,1|1|1|7|1|1|1|1|1|1|1|1|1|7|1
54647,0,False,0,9,6,6|6|0|6|6|0|0|6|6|0|0|0|6|6|6
54655,4,True,7,15,7,7|7|7|7|7|7|7|7|9|7|7|7|5|7|7
54669,7,True,5,14,5,1|1|5|5|5|1|2|1|1|5|5|3|5|5|7
54723,0,True,5,15,5,7|5|5|5|5|5|7|7|5|5|7|5|5|5|7
54765,8,True,2,15,2,0|2|0|2|2|0|9|6|4|2|0|2|6|2|4
54798,9,True,4,14,4,6|4|6|6|4|1|9|4|4|3|6|6|4|4|0
54799,0,False,0,14,8,0|8|8|8|2|2|5|3|1|8|5|5|6|3|3
54856,3,True,8,11,8,8|8|8|8|8|8|8|3|3|8|8|3|8|3|8
54896,7,True,5,11,5,5|7|8|5|7|2|5|5|1|3|7|5|7|3|5
54898,7,False,7,5,7,7|2|7|2|7|7|2|7|7|7|7|7|9|2|7
54899,5,True,9,2,5,9|5|5|5|5|5|5|5|9|5|5|5|5|5|5
54912,2,True,5,14,5,5|5|5|5|5|5|5|7|5|5|5|5|5|5|2
54916,0,True,1,9,1,0|1|0|1|1|1|0|0|1|1|1|0|1|0|1
54991,6,True,3,11,3,3|6|3|6|6|3|6|8|4|2|3|3|2|3|0
55012,0,False,0,10,6,6|0|0|6|6|0|6|6|0|6|6|6|6|0|6
55097,2,True,5,14,5,5|1|5|5|5|5|5|5|2|5|5|7|5|7|5
55103,5,False,5,7,5,2|5|5|5|2|2|2|5|2|5|2|5|5|5|2
55109,7,True,1,15,1,1|0|0|0|1|1|0|1|1|1|1|0|1|0|1
55111,6,True,0,10,0,0|0|8|6|0|0|0|3|6|0|0|6|6|4|6
55113,0,False,0,12,6,6|6|0|0|6|0|6|6|6|6|6|6|6|6|6
55137,0,True,1,9,1,0|1|0|1|1|1|1|1|1|1|0|0|0|0|1
55143,3,True,5,15,5,7|7|7|7|5|5|5|5|5|5|7|5|5|5|7
55149,0,True,1,9,1,0|0|0|1|0|1|1|1|1|7|0|1|1|4|0
55165,8,False,8,7,8,0|8|8|8|3|8|8|6|9|0|8|0|4|8|8
55173,0,True,1,12,1,0|1|0|1|1|1|1|1|1|1|1|1|1|0|1
55187,4,False,4,6,4,0|4|9|0|4|4|4|2|9|4|4|9|4|4|4
55199,9,False,9,7,9,9|9|9|9|9|5|9|9|2|7|7|7|9|2|7
55209,4,False,4,5,4,9|4|9|9|4|4|9|4|4|4|4|9|4|4|4
55219,3,True,8,14,8,8|8|8|8|8|8|8|8|8|8|8|3|8|8|8
55240,9,True,4,11,4,4|2|9|4|4|4|9|6|9|4|8|4|4|9|4
55254,4,False,4,8,9,9|9|9|9|9|4|4|4|9|4|4|9|4|4|9
55261,3,False,3,15,4,4|4|9|4|4|4|9|4|9|4|4|9|4|4|4
55276,9,True,4,10,4,4|4|9|9|4|9|4|4|4|9|4|9|4|4|4
55277,3,False,3,9,8,3|8|3|3|8|8|9|3|8|8|8|3|9|8|3
55283,4,False,4,9,9,9|4|9|4|4|4|9|3|9|4|4|9|9|2|9
55286,1,True,8,15,8,8|8|8|8|8|8|8|8|8|8|8|8|8|8|8
55288,1,True,8,12,8,8|8|8|8|8|8|8|1|1|8|8|8|9|8|1
55290,4,True,6,9,4,4|0|6|6|4|4|4|1|4|0|0|0|2|0|4
55299,9,True,7,13,7,7|7|7|7|7|7|9|7|7|7|7|7|9|7|7
55301,6,False,6,13,3,3|0|6|3|8|2|8|3|1|2|6|3|5|3|3
55314,9,False,9,12,5,9|5|5|5|5|5|9|5|9|5|5|5|5|5|5
55317,1,True,4,15,9,9|9|9|4|9|4|2|4|9|9|4|9|4|4|9
55330,2,False,2,4,2,0|2|0|2|2|0|6|2|2|2|2|2|2|2|2
55332,0,True,1,12,8,0|4|0|8|2|8|8|3|2|8|8|8|9|0|4
55368,2,False,2,11,-1,8|0|0|0|3|0|2|4|4|2|8|2|2|6|6
55452,6,True,0,4,6,0|6|0|6|6|6|6|0|0|6|6|6|6|6|6
55463,7,False,7,7,7,7|9|5|9|7|7|9|7|7|9|7|9|9|7|7
55464,9,True,4,14,2,0|8|9|2|2|0|4|0|4|2|4|2|2|0|2
55472,4,False,4,11,8,9|8|0|3|4|3|4|8|4|4|3|8|8|2|8
55485,6,True,0,4,6,6|6|0|6|6|2|6|0|6|6|6|0|6|6|6
55487,9,True,4,10,4,9|9|9|4|4|4|9|4|4|4|4|9|4|4|4
55494,3,False,3,12,4,6|4|3|6|4|3|9|4|4|4|4|3|4|4|4
55498,4,True,6,14,6,0|3|0|6|3|6|6|3|4|6|6|2|6|0|6
55503,2,True,3,15,-1,7|0|6|3|3|6|4|0|3|0|6|3|6|7|1
55505,9,False,9,14,5,5|5|5|5|5|5|5|5|9|5|5|5|5|5|5
55520,2,True,3,11,3,0|3|3|2|1|3|8|3|3|2|0|3|2|6|2
55532,8,False,8,6,8,3|8|8|3|8|3|4|8|3|8|8|8|8|3|8
55543,9,True,4,14,2,3|6|9|0|2|6|3|0|4|2|0|2|2|2|2
55559,9,True,4,15,-1,0|0|2|6|0|3|4|4|0|2|0|3|4|4|4
55573,9,True,4,7,9,9|4|9|9|4|4|9|4|9|4|4|9|9|4|9
55587,8,True,3,14,3,4|8|3|3|3|6|4|1|1|3|3|6|3|6|6
55593,6,True,0,12,0,0|0|0|4|0|6|4|4|6|6|4|0|3|0|4
55605,5,False,5,7,5,7|5|5|7|5|5|2|5|2|5|7|5|7|5|2
55612,5,False,5,10,7,7|5|7|7|7|5|5|7|5|5|7|2|7|7|7
55625,0,False,0,8,6,0|6|0|6|6|0|6|0|0|6|0|0|6|6|6
55627,7,True,8,14,8,8|8|8|8|8|8|8|7|8|8|8|1|8|8|1
55641,0,False,0,12,6,6|6|0|6|4|6|4|6|4|4|0|6|6|6|0
55643,9,True,4,13,4,4|4|0|4|4|4|9|4|9|4|4|4|4|4|4
55655,6,False,6,12,-1,0|6|5|2|1|6|0|7|6|1|3|2|2|9|0
55660,2,False,2,14,0,0|8|0|0|0|0|2|1|0|0|8|0|6|0|3
55664,6,True,2,15,2,0|8|8|8|2|0|2|2|2|2|8|2|2|2|2
55669,6,True,2,9,6,9|6|2|4|4|4|6|6|6|4|6|2|4|9|6
55676,4,True,6,9,6,6|6|9|6|4|6|4|4|6|6|4|6|4|4|6
55678,4,False,4,7,4,9|4|9|4|9|4|9|9|4|4|9|9|4|4|4
55687,2,False,2,12,0,0|0|0|0|2|0|2|0|3|0|0|0|2|0|4
55697,3,False,3,4,3,3|3|3|3|3|3|4|3|3|2|3|3|4|3|2
55717,3,True,8,13,8,8|8|8|8|8|8|8|8|3|8|8|8|8|3|8
55756,2,False,2,10,0,0|0|0|0|0|2|2|0|2|0|0|0|2|2|0
55760,1,False,1,8,0,1|0|0|1|0|1|0|1|1|0|0|0|1|0|1
55809,6,True,0,5,6,6|6|6|6|6|0|6|4|4|6|6|8|6|6|0
55815,5,False,5,3,5,5|7|5|5|1|5|5|5|2|5|5|5|5|5|5
55820,2,True,3,8,-1,3|3|3|2|2|1|3|3|2|2|2|2|3|2|3
55822,0,True,1,7,0,0|0|0|1|0|1|7|1|1|0|0|0|1|0|1
55829,8,True,3,15,6,6|6|0|6|4|6|6|6|6|6|6|0|6|6|6
55841,4,True,1,15,1,1|1|1|1|1|1|1|1|1|1|1|1|1|1|1
55842,9,False,9,11,5,9|5|5|5|5|5|9|5|9|5|5|9|5|5|5
55845,5,True,9,1,5,5|5|5|5|5|5|5|5|9|5|5|5|5|5|5
55863,2,True,3,7,2,3|2|2|2|3|3|2|3|3|2|1|2|2|3|2
55871,3,True,8,13,8,8|8|8|8|8|8|8|3|1|8|8|3|8|8|8
55877,1,True,5,8,1,1|5|5|5|5|1|1|1|1|5|1|1|5|2|0
55894,9,True,4,9,4,9|4|9|4|9|4|9|4|9|4|4|9|4|4|4
55923,9,True,7,12,7,7|7|9|9|7|7|7|7|9|7|7|7|7|7|7
55970,7,False,7,6,7,9|7|2|7|7|7|9|7|5|7|7|7|9|5|7
55973,9,True,7,14,7,7|7|7|7|7|7|9|7|7|7|7|7|7|7|7
55975,4,True,6,13,0,0|2|0|0|0|0|4|0|0|0|0|2|6|2|4
55979,9,False,9,11,5,9|5|5|5|9|5|7|9|9|5|5|5|5|5|5
55991,9,True,7,13,7,7|7|7|9|7|7|7|7|9|7|7|7|7|7|7
55992,5,True,9,1,5,5|5|5|5|5|5|9|5|5|5|5|5|5|5|5
56005,6,True,0,8,0,0|6|0|0|6|6|0|0|0|0|6|0|6|6|6
56006,3,True,2,15,-1,4|6|9|2|9|4|9|2|4|2|4|9|4|2|9
56012,1,True,5,15,5,5|8|3|3|5|3|5|5|5|5|5|5|5|2|2
56023,2,True,5,14,7,7|7|5|7|7|1|3|5|7|7|7|2|7|5|7
56037,5,True,9,8,5,5|5|5|9|7|5|3|5|9|5|7|9|5|6|9
56050,1,False,1,2,1,1|0|1|1|1|4|1|1|1|1|1|1|1|1|1
56080,7,True,8,9,7,7|7|8|7|8|8|8|4|6|3|7|7|9|8|7
56108,0,True,1,10,1,1|1|0|0|1|1|0|1|0|1|1|1|1|0|1
56138,4,False,4,11,3,4|3|5|6|4|8|4|3|9|8|3|3|8|4|3
56163,3,True,5,15,-1,5|5|5|5|8|1|1|1|1|1|1|5|2|5|2
56176,5,False,5,4,5,7|5|5|5|5|1|2|5|5|5|5|5|5|5|7
56189,9,False,9,13,5,9|5|5|5|5|5|5|5|9|5|5|5|5|5|5
56190,2,True,3,15,3,3|3|3|0|1|3|7|3|1|1|3|6|9|1|0
56197,6,False,6,10,4,9|6|9|6|4|6|4|0|4|6|4|6|4|4|4
56204,9,True,4,14,3,3|8|6|3|3|3|9|3|3|8|3|3|4|3|6
56233,7,True,5,10,5,5|5|5|9|5|5|6|7|7|5|7|5|8|7|7
56254,5,False,5,8,5,3|1|5|1|5|5|1|5|4|5|3|5|3|5|1
56265,8,False,8,1,8,8|8|8|8|8|8|3|8|8|8|8|8|8|8|8
56270,9,True,6,15,6,6|6|6|6|6|6|6|6|6|6|6|6|6|6|6
56272,7,True,1,15,1,1|1|0|1|1|1|0|1|1|1|1|1|1|0|1
56281,9,True,7,12,5,7|5|5|9|5|5|2|5|7|9|7|2|9|5|5
56294,0,False,0,9,0,0|0|0|6|0|0|2|4|4|0|6|6|6|2|4
56300,7,True,5,14,5,5|5|5|5|5|5|4|5|1|5|7|5|5|5|5
56320,2,True,5,10,5,2|5|5|2|1|6|5|5|5|5|2|2|3|5|2
56343,6,False,6,15,2,0|0|0|4|2|3|2|1|2|0|8|2|2|2|3
56372,1,False,1,6,1,1|6|1|7|3|1|6|1|1|1|1|1|6|6|1
56382,5,False,5,9,2,2|2|5|2|5|5|2|2|2|5|5|2|3|5|2
56391,2,False,2,13,4,0|2|0|2|4|4|3|3|4|4|0|4|4|4|4
56392,9,True,4,13,4,6|6|9|6|4|4|9|4|6|4|4|4|4|3|4
56414,5,False,5,13,7,7|7|7|2|7|5|7|7|7|6|7|2|7|7|5
56470,7,True,1,10,1,1|1|1|1|7|1|7|7|1|1|7|1|1|7|1
56473,7,False,7,5,7,7|7|9|7|9|7|7|3|7|7|7|7|9|9|7
56581,0,True,2,15,4,9|4|9|4|4|4|9|9|9|4|4|9|4|4|4
56604,7,False,7,6,7,7|9|7|7|7|1|2|7|9|7|7|7|9|5|7
56605,0,False,0,10,6,6|6|0|6|6|0|6|6|0|6|0|0|6|6|6
56627,6,True,0,12,2,3|2|6|4|0|2|3|2|0|2|6|3|2|2|6
56637,6,True,0,9,6,0|6|3|6|2|3|0|6|6|3|0|0|6|6|0
56708,2,True,3,6,2,3|2|2|2|2|0|3|3|2|2|2|3|2|3|2
56711,4,True,6,3,4,9|4|9|4|4|4|4|4|4|4|4|9|4|4|4
56737,5,False,5,10,1,3|1|7|1|5|1|5|1|1|1|3|5|5|5|2
56758,7,False,7,5,7,7|7|7|7|7|1|9|9|7|9|8|7|7|7|7
56814,2,True,9,15,5,9|5|9|5|5|5|5|5|9|5|5|5|5|5|5
56817,5,True,9,0,5,5|5|5|5|5|5|5|5|5|5|5|5|5|5|5
56828,3,True,5,15,5,7|5|5|5|5|5|5|1|1|5|5|5|5|7|1
56850,6,True,0,6,6,6|6|0|0|3|6|6|6|6|0|6|6|2|3|6
56861,6,False,6,12,4,4|4|4|6|4|4|6|4|4|6|4|4|4|4|4
56928,9,True,7,15,7,7|7|7|7|7|5|7|7|7|7|7|7|7|7|7
56947,5,True,9,2,5,5|5|5|5|5|5|9|5|9|5|5|5|5|5|5
56967,6,False,6,15,0,0|0|0|0|0|2|4|0|0|2|0|2|0|2|4
56969,6,True,3,14,3,3|6|3|3|3|3|2|2|3|2|3|3|2|3|2
56974,7,False,7,12,9,9|5|9|9|9|5|9|9|9|5|7|7|9|7|9
56979,9,True,4,9,4,9|4|9|4|9|4|4|4|4|2|4|9|9|2|9
57007,8,False,8,4,8,8|8|8|8|8|8|8|8|4|8|1|8|9|1|8
57014,9,True,6,15,4,0|6|6|4|4|8|3|4|4|4|8|4|6|4|4
57029,7,True,5,8,5,5|5|7|5|5|5|7|5|7|5|7|7|5|7|7
57052,1,True,5,10,5,7|5|5|1|5|1|5|5|5|5|5|1|1|5|1
57082,0,False,0,13,6,0|6|0|6|6|6|6|6|6|6|6|6|6|6|6
57095,7,False,7,4,7,7|7|7|9|7|5|9|7|7|7|7|7|7|5|7
57122,6,True,0,15,2,5|0|3|0|5|3|2|7|1|8|1|2|2|4|4
57130,9,False,9,13,5,5|5|5|5|5|5|9|5|9|5|5|5|5|5|5
57143,9,True,4,12,4,4|4|9|4|4|4|4|4|4|4|4|9|9|4|4
57148,4,False,4,6,4,4|4|4|4|9|8|2|3|4|4|4|9|9|4|4
57150,3,True,8,12,8,8|8|8|3|8|3|8|8|3|8|8|8|8|8|8
57173,2,True,3,14,4,4|6|6|3|4|4|9|9|9|4|0|3|3|2|4
57198,9,False,9,15,5,5|5|5|5|5|5|7|5|5|5|5|5|5|5|5
57218,0,True,2,4,0,0|0|0|0|0|0|4|0|0|0|0|2|2|2|0
57223,3,False,3,4,3,3|2|3|3|2|3|6|3|3|3|3|3|2|3|3
57237,4,True,6,2,4,4|4|4|4|4|4|4|4|4|6|4|9|4|4|4
57251,6,True,0,9,0,0|6|0|0|0|0|0|0|0|0|6|6|6|6|6
57256,3,True,7,15,7,7|7|7|7|7|7|7|7|7|7|7|7|7|7|7
57271,8,False,8,6,8,8|8|8|7|8|8|9|7|7|7|8|8|8|7|8
57273,9,True,4,15,6,1|6|2|3|6|6|3|4|3|2|4|6|6|4|1
57282,2,True,9,9,-1,9|2|2|2|9|5|9|2|9|9|5|2|9|2|7
57291,3,True,2,15,4,4|6|0|4|4|4|6|4|9|4|4|9|4|0|4
57310,9,True,4,12,4,9|0|9|9|4|4|4|3|4|4|4|2|4|4|4
57354,0,True,2,13,4,0|2|9|2|4|4|9|9|4|4|4|9|4|4|0
57360,3,True,8,12,8,8|8|8|8|8|8|3|8|9|8|8|3|8|3|8
57384,4,True,6,2,4,4|4|4|6|4|4|4|4|4|4|4|4|4|4|6
57385,5,False,5,6,5,7|5|7|5|5|5|2|5|1|5|5|3|5|5|2
57406,4,False,4,5,4,4|4|9|9|4|4|8|4|4|4|4|4|2|9|4
57423,6,True,0,1,6,6|6|0|6|6|6|6|6|6|6|6|6|6|6|6
57453,0,False,0,13,6,0|6|0|6|6|6|6|6|6|6|6|6|6|6|6
57471,6,True,0,6,6,0|0|0|6|0|6|6|6|0|6|0|6|6|6|6
57476,0,True,1,11,1,0|1|6|0|1|1|0|6|0|6|3|1|1|3|2
57532,6,False,6,12,4,4|2|0|6|3|4|6|0|4|6|3|4|2|4|4
57537,2,True,3,12,3,3|3|2|3|3|1|3|3|3|2|7|3|2|3|3
57558,9,True,4,15,3,3|6|3|3|3|3|2|3|3|2|3|3|2|3|3
57584,8,True,3,15,3,3|3|3|3|3|3|3|3|3|3|3|3|3|3|3
57586,5,True,9,0,5,5|5|5|5|5|5|5|5|5|5|5|5|5|5|5
57608,9,False,9,8,9,7|8|5|5|9|9|9|7|9|2|9|7|9|9|2
57610,8,False,8,4,8,0|8|8|8|8|8|9|8|4|8|8|3|8|8|8
57612,9,True,7,15,7,7|7|7|7|7|7|4|7|4|7|7|7|7|7|7
57615,4,True,6,15,6,6|6|0|6|6|6|0|6|6|6|6|6|6|6|6
57626,4,False,4,8,4,4|2|0|4|4|4|9|6|6|0|4|9|0|4|4
57637,4,True,6,6,4,4|4|4|6|4|4|6|4|6|6|4|4|6|4|6
57641,6,False,6,13,8,8|8|8|8|7|8|2|4|3|8|6|9|6|8|2
57649,7,False,7,6,7,7|3|7|7|7|3|3|3|7|2|7|3|7|7|7
57662,1,False,1,2,1,1|1|1|1|1|1|1|1|4|1|1|1|1|0|1
57664,2,True,3,9,3,3|2|3|2|2|3|3|3|3|2|3|2|2|3|3
57667,5,True,9,2,5,5|5|5|5|5|5|9|5|9|5|5|5|5|5|5
57676,7,False,7,8,7,7|5|9|9|9|5|2|7|9|7|7|7|9|7|7
57678,4,False,4,11,9,9|9|9|2|9|4|9|9|4|4|4|9|9|9|9
57728,2,True,5,14,-1,8|8|5|7|9|8|2|5|1|9|5|5|8|9|7
57739,9,True,4,13,4,4|9|0|4|4|4|4|4|4|4|4|9|6|4|6
57748,7,True,1,15,1,1|1|1|1|1|1|1|1|1|1|1|1|1|1|1
57749,2,False,2,10,0,2|0|6|2|2|6|0|0|0|0|0|2|2|0|6
57770,9,False,9,13,5,7|5|5|5|9|5|9|5|5|5|5|5|5|5|5
57778,7,True,1,13,1,1|1|1|1|1|1|7|1|1|1|7|1|1|1|1
57793,2,False,2,14,0,0|0|0|2|0|0|0|0|0|0|0|0|6|0|0
57826,9,False,9,15,5,5|5|5|5|5|5|5|5|5|5|5|5|5|5|5
57842,5,False,5,10,7,7|5|7|5|5|1|5|7|7|5|7|7|1|7|3
57846,1,True,8,13,8,8|1|8|8|8|8|7|8|0|8|8|8|9|8|1
57859,0,False,0,13,6,6|6|6|6|1|6|6|6|0|0|6|6|6|6|6
57861,1,False,1,5,1,1|1|1|7|7|1|1|7|1|1|0|1|1|0|1
57879,2,False,2,9,2,0|0|8|2|0|0|2|6|4|2|2|0|2|2|4
57887,5,True,9,6,5,5|5|5|2|9|5|2|2|9|5|5|5|5|9|5
57898,0,False,0,12,6,0|6|0|6|6|6|6|6|6|6|0|6|6|6|6
57902,5,True,9,1,5,5|5|5|5|5|5|5|5|9|5|5|5|5|5|5
57904,6,True,3,15,3,2|2|0|2|3|3|2|2|3|3|3|3|2|3|3
57915,9,True,4,15,6,6|6|6|3|2|6|8|8|3|2|4|2|6|3|2
57922,4,False,4,9,4,0|2|0|2|4|0|9|0|4|0|4|2|4|4|4
57934,4,True,6,14,6,6|6|6|6|6|6|0|6|4|6|0|6|6|6|6
57937,6,True,0,3,6,0|6|0|6|6|6|6|6|0|6|6|6|6|6|6
57944,8,False,8,6,8,3|8|8|8|8|8|2|3|3|8|8|3|5|8|8
57946,8,True,1,15,1,1|1|0|1|1|1|1|1|1|1|0|1|1|0|1
57957,7,False,7,2,7,7|7|7|7|7|7|3|7|9|7|7|7|7|7|7
58024,8,True,2,15,0,6|6|9|4|6|3|3|2|1|0|0|0|4|0|0
58031,9,True,4,14,4,9|4|4|4|4|4|4|4|4|4|4|4|4|4|4
58038,6,True,0,10,6,6|1|6|7|2|6|6|1|4|2|0|0|4|1|6
58044,9,False,9,12,5,9|5|9|5|5|5|5|5|9|5|5|5|5|5|5
58068,9,True,4,15,4,4|4|0|2|4|4|2|4|4|4|4|4|4|4|4
58081,4,True,1,15,1,1|1|1|7|7|1|7|1|1|1|1|1|1|1|1
58083,6,False,6,15,8,8|8|8|8|8|8|8|8|4|8|3|8|8|8|8
58095,3,False,3,13,0,0|1|0|6|3|0|4|0|0|6|0|3|4|6|1
58139,1,True,4,15,4,4|4|8|4|4|4|4|4|4|4|4|4|4|4|4
58148,5,True,9,5,5,9|5|5|9|5|5|5|2|5|5|5|5|9|9|5
58167,5,True,9,1,5,5|5|5|5|5|5|9|5|5|5|5|5|5|5|5
58169,5,True,9,3,5,9|5|5|5|5|5|9|5|9|5|5|5|5|5|5
58176,2,False,2,13,8,0|8|8|8|8|6|2|1|4|2|0|8|4|3|6
58194,4,True,6,10,4,9|4|0|7|8|3|4|4|4|6|4|6|6|9|2
58201,5,True,8,15,8,8|8|8|8|8|8|2|8|8|8|8|8|9|8|8
58268,3,True,5,15,1,5|1|5|1|5|7|2|1|1|1|5|1|1|5|5
58279,0,False,0,10,6,6|0|0|6|0|6|4|6|0|6|6|6|6|0|4
58282,2,True,5,7,2,2|8|5|2|1|2|2|7|5|2|2|2|2|5|5
58294,6,True,0,4,6,0|0|0|6|0|6|6|6|6|6|6|6|6|6|6
58314,0,False,0,15,6,6|6|6|6|6|6|6|4|6|6|6|6|6|6|6
58320,8,True,3,15,6,0|6|0|0|4|3|2|6|4|6|6|6|6|6|4
58390,2,True,5,14,5,2|7|5|5|5|5|5|7|5|5|7|7|5|5|5
58436,6,True,3,14,3,3|6|3|4|3|3|2|2|3|2|3|3|2|3|3
58475,6,False,6,12,4,0|4|0|7|4|3|8|4|3|4|8|6|6|6|4
58521,6,True,3,14,2,1|6|2|2|5|5|3|3|3|2|1|7|2|7|1
58522,4,True,6,15,6,0|0|0|6|6|0|0|6|0|6|6|0|6|6|6
58523,6,True,1,15,1,1|1|1|7|1|1|1|7|1|1|1|1|1|7|1
58534,2,False,2,8,2,0|2|2|0|2|0|5|2|5|2|0|2|2|1|4
58559,4,True,6,2,4,4|6|4|4|4|4|6|4|4|4|4|4|4|4|4
58563,8,False,8,3,8,8|8|1|8|8|8|8|1|1|8|8|8|8|8|8
58571,5,False,5,14,7,7|8|7|5|7|7|2|7|9|1|7|7|9|7|7
58637,2,True,7,15,7,7|8|7|7|7|7|9|7|7|4|7|7|7|7|7
58657,5,False,5,2,5,5|2|5|5|5|1|5|5|5|5|5|5|5|5|5
58687,0,False,0,8,0,0|0|0|6|7|3|2|0|0|6|2|0|6|6|0
58709,5,True,9,2,5,5|5|5|5|5|5|9|5|5|5|5|5|5|9|5
58720,1,True,5,15,7,7|7|7|7|7|7|7|5|7|6|5|7|7|7|7
58737,1,False,1,2,1,1|1|1|1|1|1|1|1|1|1|7|1|1|7|1
58759,4,False,4,9,4,2|6|9|0|4|2|9|4|4|4|4|2|4|6|6
58761,4,False,4,7,4,9|6|4|2|4|4|9|4|4|2|4|3|4|2|4
58791,1,False,1,1,1,1|1|1|1|1|1|1|1|1|1|1|1|1|0|1
58829,0,True,1,14,1,1|1|0|1|1|1|1|1|1|1|1|1|1|1|1
58842,5,False,5,9,-1,7|7|5|9|2|5|5|5|5|5|7|7|9|7|7
58856,7,True,1,6,7,1|1|7|7|7|1|7|7|7|1|7|7|1|7|1
58858,8,False,8,6,8,8|8|1|8|8|1|9|1|8|8|8|8|9|8|4
58862,0,True,2,13,4,4|2|0|4|7|4|3|0|4|4|4|9|4|4|4
58892,5,True,4,15,4,6|9|6|6|4|4|2|4|4|4|6|4|6|6|4
58910,6,True,0,5,6,0|0|0|6|6|6|0|6|6|6|0|6|6|6|6
58913,2,False,2,8,2,0|2|0|2|2|0|4|0|3|0|2|2|4|2|2
58916,8,False,8,3,8,8|8|8|8|8|1|8|8|8|8|8|1|8|2|8
58932,4,False,4,5,4,9|4|9|4|4|4|9|4|4|4|4|9|4|4|9
58951,2,False,2,12,4,4|4|0|2|0|0|3|0|1|4|4|2|4|2|4
58959,7,True,1,9,1,1|7|1|7|7|1|1|7|1|1|7|1|1|7|1
58972,2,True,3,7,2,3|3|2|3|2|3|3|3|3|2|2|2|2|2|2
58994,0,True,2,10,4,0|0|0|2|4|4|4|2|4|0|4|2|2|4|0
59044,4,False,4,4,4,4|4|4|4|4|6|9|4|9|4|4|6|4|4|4
59060,0,True,2,2,0,0|0|0|0|0|0|2|0|0|0|0|0|2|0|0
59079,6,True,2,12,2,6|3|2|4|2|3|2|6|6|8|4|2|2|4|9
59101,6,True,3,10,-1,6|6|3|6|3|3|2|2|3|6|3|2|6|2|0
59134,9,False,9,13,5,5|5|5|5|5|5|9|5|9|5|5|5|5|5|5
59138,0,True,2,6,0,0|2|0|0|0|0|0|6|4|0|0|0|6|6|4
59141,1,False,1,5,1,1|1|0|1|1|1|1|0|1|1|0|0|1|0|1
59156,6,True,3,10,3,3|3|3|2|6|0|6|2|3|6|6|3|2|3|6
59167,0,False,0,12,6,0|6|0|6|4|6|6|0|6|6|6|6|6|6|6
59178,1,True,5,7,1,5|1|5|1|5|5|1|5|1|5|1|1|1|5|1
59188,5,False,5,6,5,7|5|5|1|5|5|5|5|5|5|5|3|7|2|7
59200,6,True,2,15,-1,9|4|9|4|4|4|4|9|9|4|4|9|9|2|9
59213,9,False,9,11,5,7|5|5|9|5|5|9|7|9|5|5|9|5|5|7
59215,0,True,1,13,1,3|6|3|3|1|9|0|0|1|6|3|1|1|2|1
59234,9,True,4,12,4,9|4|9|0|4|1|9|4|6|4|4|3|6|2|4
59238,3,True,5,11,5,3|5|5|5|5|5|5|3|3|5|5|3|1|5|1
59239,8,False,8,7,8,8|8|8|7|7|8|7|7|8|8|7|7|8|7|8
59240,0,True,2,3,0,0|0|0|0|0|0|0|0|0|0|0|2|2|2|0
59260,2,True,3,11,3,3|2|3|3|3|3|3|6|3|2|2|3|2|3|3
59280,5,False,5,2,5,7|5|5|5|5|5|5|5|5|5|3|5|5|5|5
59281,5,True,4,15,3,3|3|0|4|8|1|2|8|0|2|3|3|4|4|2
59289,9,True,7,13,7,7|7|7|7|7|7|9|7|7|7|7|7|9|7|7
59292,6,True,9,15,5,9|9|5|5|5|5|5|5|9|5|5|5|5|5|5
59322,9,True,4,13,4,9|4|0|4|4|4|9|4|4|4|4|4|4|4|3
59326,9,False,9,8,9,9|7|9|9|2|5|9|7|9|7|7|2|9|9|7
59328,2,True,9,13,5,5|1|5|2|7|5|2|3|3|8|7|5|5|8|0
59346,1,False,1,9,0,0|1|0|1|0|0|0|1|0|1|1|0|6|0|1
59355,4,False,4,7,4,4|4|9|4|6|0|4|3|4|4|9|3|4|2|4
59358,9,False,9,13,5,7|8|5|5|7|5|9|5|2|2|5|2|9|5|5
59419,2,True,3,3,2,3|2|2|3|2|2|2|2|3|2|2|2|2|2|2
59422,9,True,4,12,4,4|4|9|2|4|4|4|4|4|4|4|9|9|4|4
59437,5,False,5,5,5,5|5|5|7|7|5|2|5|7|5|5|5|5|5|7
59466,5,False,5,7,5,1|5|3|5|5|1|3|1|1|5|5|5|5|5|1
59467,9,True,4,12,4,9|4|0|4|4|9|4|4|9|4|4|4|4|4|4
59468,5,True,9,3,5,5|5|5|5|5|1|9|5|9|5|5|5|5|5|5
59495,3,True,4,15,4,4|6|4|6|4|4|9|4|6|6|4|6|4|2|6
59523,7,True,8,12,8,8|8|8|8|7|8|7|8|7|8|8|8|8|8|8
59535,0,True,1,10,1,1|1|0|1|0|1|1|1|1|1|0|0|1|0|1
59546,6,False,6,15,4,4|4|9|4|2|4|4|4|4|4|4|4|4|0|4
59551,9,True,7,11,7,7|5|9|7|9|8|2|7|7|7|7|9|5|2|9
59552,6,False,6,9,6,4|8|6|6|4|6|6|6|9|4|4|2|6|2|4
59625,8,False,8,2,8,8|8|8|8|8|8|8|8|8|8|8|8|9|3|8
59642,9,True,4,14,4,6|6|6|4|4|4|9|4|3|4|0|6|4|2|4
59651,7,True,1,10,1,1|1|1|7|7|1|7|7|1|1|1|1|1|7|1
59671,6,True,0,8,-1,0|0|0|6|0|0|5|6|0|6|0|6|6|6|6
59674,2,True,3,14,3,3|6|3|6|3|3|3|3|3|0|6|3|6|6|2
59685,7,True,5,12,5,7|5|5|1|7|3|5|1|1|5|5|5|5|7|2
59687,6,True,2,15,2,0|2|2|2|2|0|2|2|3|2|0|2|2|3|2
59697,6,True,3,14,-1,3|2|3|3|3|3|2|2|3|2|3|6|2|2|2
59700,5,False,5,8,5,5|5|5|5|4|7|5|5|1|1|7|2|7|5|2
59712,6,False,6,15,4,4|4|4|4|4|4|4|4|4|4|4|9|4|4|4
59755,5,False,5,6,5,5|8|5|5|5|5|7|7|2|5|7|5|5|5|2
59769,0,False,0,12,6,9|6|6|0|6|2|6|6|4|6|6|3|2|0|0
59826,8,True,3,13,3,3|8|3|0|2|1|0|3|3|1|8|3|3|3|1
59840,6,True,0,6,6,6|6|0|6|6|0|6|0|6|6|0|0|6|6|0
59901,0,True,1,11,1,0|1|1|1|1|1|0|1|1|1|1|0|1|0|1
59906,6,True,0,4,6,0|6|0|6|6|6|0|6|6|6|0|6|6|6|6
59921,4,False,4,4,4,4|4|9|2|4|4|9|4|4|4|4|9|4|4|4
59948,3,True,8,14,8,8|8|8|8|8|8|5|3|8|8|8|8|5|6|8
59950,4,True,6,4,4,4|4|0|4|4|4|9|4|2|4|4|2|4|4|4
59966,3,False,3,8,3,3|6|3|2|3|6|3|3|3|1|1|6|2|2|3
59975,4,False,4,7,4,9|4|9|4|4|9|9|4|4|4|4|2|9|2|4
59983,1,True,5,9,1,7|1|9|1|5|7|1|1|1|7|5|5|8|5|1
59999,1,True,5,9,5,5|1|1|5|5|5|3|1|1|5|5|5|1|5|1
