index,noisy_label,is_noisy,real_label,mistakes,label_pred,preds
41,9,True,7,8,7,9|7|7|7|9|9|7|9|7|7|7|7|9|9|9
78,7,True,1,14,1,1|1|1|7|1|1|1|1|1|1|1|1|1|1|1
83,9,True,7,13,7,7|7|7|7|7|9|7|9|7|7|7|7|7|2|7
113,4,True,6,14,3,3|0|6|6|0|4|3|0|3|6|3|0|6|1|3
121,5,False,5,9,1,1|5|5|5|1|1|1|5|7|5|5|8|1|1|1
135,0,True,2,3,0,2|0|0|0|2|0|2|0|0|0|0|0|0|0|0
166,4,True,1,9,4,7|2|6|8|4|4|2|4|6|4|6|8|4|2|4
174,1,False,1,5,1,0|1|1|1|0|1|0|1|1|0|1|0|1|1|1
199,2,False,2,14,0,0|0|0|4|0|0|2|4|0|0|0|0|0|6|0
208,5,True,9,0,5,5|5|5|5|5|5|5|5|5|5|5|5|5|5|5
235,6,False,6,12,8,6|4|6|4|1|3|8|2|8|1|6|8|8|8|3
240,4,False,4,6,4,9|4|4|9|9|4|9|4|4|4|4|4|9|9|4
245,4,True,6,15,6,6|2|6|0|6|6|0|6|6|6|6|0|6|0|6
251,3,False,3,9,-1,3|8|3|8|6|8|8|3|3|6|3|8|7|8|3
255,9,True,4,11,4,4|4|4|9|4|4|4|9|6|4|9|4|4|9|4
272,6,True,0,3,6,6|6|6|0|0|6|6|6|6|6|6|0|6|6|6
289,3,True,8,15,8,1|8|1|8|8|8|8|8|8|8|8|8|8|8|1
299,5,True,9,1,5,9|5|5|5|5|5|5|5|5|5|5|5|5|5|5
300,4,True,5,15,5,9|5|5|5|5|3|5|5|5|5|5|8|5|1|5
331,6,True,0,8,0,6|0|0|0|0|6|0|6|6|0|6|0|6|0|6
338,6,True,0,5,6,6|6|6|0|0|6|0|6|6|0|6|0|6|6|6
373,7,False,7,5,7,7|7|7|7|9|7|5|3|7|7|7|7|7|1|5
377,6,True,0,8,6,6|0|6|6|3|4|6|6|6|4|4|0|6|2|4
389,1,True,5,14,5,9|7|5|5|5|5|5|5|5|7|5|5|3|1|5
393,5,False,5,5,5,5|5|5|5|1|1|5|5|5|5|1|5|5|1|1
405,6,True,2,15,4,9|2|4|2|4|4|4|4|8|0|4|4|4|4|4
485,6,False,6,13,8,6|8|8|2|8|8|8|6|0|8|8|0|0|2|1
492,9,False,9,14,5,5|5|5|5|9|5|5|5|5|5|5|5|5|5|5
506,6,False,6,1,6,6|6|6|6|4|6|6|6|6|6|6|6|6|6|6
514,1,False,1,4,1,1|7|7|7|1|1|1|1|1|1|1|7|1|1|1
522,6,True,0,4,6,6|6|6|6|0|6|0|6|6|6|6|0|6|6|0
532,5,True,9,7,5,2|5|5|5|9|2|5|5|5|5|9|9|2|5|9
557,9,True,4,8,4,4|4|4|9|9|4|9|9|4|4|9|9|4|9|4
589,5,True,9,0,5,5|5|5|5|5|5|5|5|5|5|5|5|5|5|5
598,6,False,6,5,6,6|6|6|0|0|6|6|6|6|4|6|0|6|0|6
610,8,False,8,3,8,8|8|8|8|8|1|1|1|8|8|8|8|8|8|8
626,2,True,3,11,-1,7|2|2|3|6|3|6|6|3|3|6|2|6|2|3
628,9,True,8,14,-1,3|8|3|8|3|8|8|3|3|3|8|8|3|9|8
662,6,True,0,2,6,6|4|6|6|0|6|6|6|6|6|6|6|6|6|6
673,2,True,3,11,3,6|4|2|3|3|8|7|2|3|3|3|2|2|3|3
678,6,True,0,5,6,6|6|6|0|0|6|0|6|6|0|6|0|6|6|6
685,1,False,1,0,1,1|1|1|1|1|1|1|1|1|1|1|1|1|1|1
723,0,True,1,14,1,1|1|1|1|1|1|1|1|1|1|1|1|1|0|1
739,7,False,7,2,7,9|7|7|7|7|7|7|9|7|7|7|7|7|7|7
758,3,True,8,13,8,8|8|8|8|3|8|8|8|8|8|8|8|8|3|8
780,0,False,0,14,6,6|6|6|6|6|6|0|6|6|6|6|4|6|6|6
781,8,True,6,14,4,2|4|2|8|4|4|5|0|0|6|4|4|6|2|4
784,2,True,5,11,5,7|5|2|2|2|5|7|5|5|5|7|7|5|3|2
842,9,True,4,10,4,9|4|4|9|9|4|4|9|4|4|4|4|4|9|4
886,5,True,9,0,5,5|5|5|5|5|5|5|5|5|5|5|5|5|5|5
926,9,True,7,15,7,7|7|5|7|7|4|7|7|2|7|7|7|7|4|7
929,2,True,3,10,3,2|3|2|3|2|3|6|2|3|3|3|2|3|3|3
943,5,False,5,8,5,5|7|5|5|9|3|5|5|7|5|7|7|3|5|7
952,1,True,5,9,5,5|5|1|5|1|5|5|5|5|5|1|5|1|1|1
954,7,True,1,15,1,0|1|1|1|1|1|1|1|1|1|1|1|0|1|1
958,9,True,8,15,8,8|8|3|8|8|3|8|8|8|8|8|8|8|8|8
975,4,True,6,1,4,4|4|4|4|4|4|4|4|6|4|4|4|4|4|4
982,4,True,6,7,4,9|4|4|0|0|4|4|4|0|4|2|4|0|2|4
986,5,False,5,15,7,7|7|1|7|7|8|7|7|7|7|7|8|7|1|3
988,0,False,0,10,6,6|0|6|0|4|6|0|6|6|0|6|0|6|6|6
1031,0,False,0,15,5,7|5|7|8|5|7|5|5|5|5|7|7|3|7|5
1041,0,False,0,9,6,6|0|6|6|6|6|0|0|6|0|6|0|6|0|6
1071,0,False,0,12,6,0|0|6|6|6|6|6|4|6|6|6|6|6|0|6
1082,1,True,5,9,5,1|5|5|5|5|5|1|5|5|5|5|1|1|1|1
1087,6,False,6,14,8,4|8|8|8|8|8|7|1|8|8|4|1|0|0|6
1088,9,False,9,13,5,9|5|5|9|5|5|5|5|5|5|5|5|5|5|5
1145,8,False,8,8,8,8|0|0|8|1|4|8|9|8|0|8|1|8|0|8
1181,6,True,3,14,3,2|2|1|3|3|6|0|0|3|3|3|2|3|3|3
1184,9,True,4,13,4,9|2|4|4|4|4|4|4|4|4|4|4|4|9|4
1194,2,True,3,7,2,2|2|2|3|3|2|3|2|2|3|3|2|3|2|3
1204,7,False,7,10,7,7|8|1|8|8|5|7|4|7|4|3|5|7|8|7
1209,3,True,7,13,7,7|7|7|7|7|3|7|7|7|7|3|7|4|7|7
1229,3,True,2,14,4,4|4|4|4|2|4|2|4|3|4|4|2|4|2|4
1231,8,False,8,1,8,8|8|8|8|8|8|1|8|8|8|8|8|8|8|8
1263,3,True,2,15,0,0|0|4|0|4|2|0|2|0|0|4|0|2|0|0
1299,5,True,9,1,5,5|5|5|5|5|5|5|5|5|5|5|5|5|9|5
1310,1,True,5,9,5,3|5|1|5|5|5|1|5|7|5|1|1|5|1|1
1331,5,True,9,0,5,5|5|5|5|5|5|5|5|5|5|5|5|5|5|5
1350,6,False,6,7,6,6|8|8|8|8|6|6|2|6|4|6|6|8|6|6
1367,3,False,3,4,3,2|3|2|3|3|3|3|3|3|3|2|2|3|3|3
1376,7,True,8,15,8,8|8|8|8|8|8|8|8|8|8|8|8|8|8|8
1399,0,True,1,12,1,1|1|7|1|1|1|1|1|1|1|1|0|0|0|1
1404,3,True,2,15,4,4|5|2|4|4|4|0|2|4|4|4|4|4|4|4
1413,9,True,8,15,8,3|8|8|8|3|8|8|5|8|8|8|8|8|8|8
1423,4,False,4,7,4,4|4|9|4|4|9|5|9|1|4|4|9|4|9|4
1517,4,True,7,12,7,7|7|7|7|7|4|7|4|7|7|7|7|4|7|7
1540,8,False,8,2,8,8|8|8|8|8|8|8|8|7|7|8|8|8|8|8
1560,6,True,0,3,6,6|6|6|6|0|6|0|6|6|6|6|4|6|6|6
1584,9,False,9,13,5,5|5|5|5|5|5|5|9|5|5|5|5|5|9|5
1641,0,True,2,3,0,0|0|2|0|0|2|0|2|0|0|0|0|0|0|0
1661,4,True,6,11,0,2|4|0|0|4|0|0|4|0|0|2|0|0|0|4
1690,7,False,7,9,9,9|7|9|9|9|9|7|9|7|7|7|7|9|9|9
1691,9,True,4,5,9,9|9|4|9|9|9|9|9|8|4|9|9|4|9|4
1701,9,True,7,8,7,9|7|7|7|9|9|7|9|7|7|7|7|9|9|9
1703,7,True,1,13,1,1|7|1|1|1|1|1|7|1|1|1|1|1|1|1
1732,4,True,6,3,4,9|4|4|4|4|4|4|2|4|4|4|4|4|9|4
1752,2,False,2,14,0,8|2|0|0|4|0|0|4|0|0|4|0|0|0|8
1764,3,False,3,6,3,2|2|2|3|3|3|3|6|3|3|3|2|3|2|3
1768,5,True,9,2,5,5|5|5|5|9|5|5|5|5|5|5|5|5|9|5
1788,8,False,8,2,8,8|8|8|8|8|3|8|8|8|8|8|8|8|3|8
1806,3,True,8,12,8,8|8|8|8|8|3|8|8|8|8|3|8|3|8|8
1824,1,True,4,15,9,9|4|4|9|9|8|4|9|3|4|6|9|9|6|4
1831,7,False,7,5,7,7|7|2|7|9|7|7|5|7|7|7|7|7|9|9
1850,6,True,0,5,6,6|6|6|0|0|0|6|6|6|6|6|0|0|6|6
1863,5,True,6,15,6,6|8|4|2|6|4|1|6|0|6|3|2|6|6|0
1877,6,True,0,6,6,6|0|6|6|0|6|0|6|6|6|6|0|6|0|0
1888,7,True,1,9,1,7|7|7|7|1|1|7|1|1|1|1|7|1|1|1
1925,1,True,5,12,5,7|5|5|5|5|5|1|5|7|5|1|5|8|1|8
1932,4,True,6,15,8,6|0|8|8|0|8|5|9|0|8|8|8|8|9|8
1947,5,False,5,3,5,2|5|5|5|8|5|5|5|5|5|5|5|5|5|1
1948,2,True,3,10,3,3|3|2|3|3|2|3|3|3|3|3|2|2|2|3
1958,1,False,1,3,1,4|0|1|7|1|1|1|1|1|1|1|1|1|1|1
1963,2,False,2,15,6,0|6|0|6|4|6|6|0|6|0|6|0|6|6|6
1970,1,False,1,2,1,7|7|1|1|1|1|1|1|1|1|1|1|1|1|1
1991,1,True,8,14,8,7|8|8|8|8|8|8|9|8|8|8|8|8|1|8
1992,4,True,6,1,4,4|4|4|4|4|4|4|4|4|4|4|4|4|6|4
2012,2,True,6,15,6,6|6|6|0|0|6|6|6|6|0|6|0|6|6|6
2024,9,True,8,15,8,8|8|8|8|8|8|8|8|8|8|8|8|8|8|8
2027,0,False,0,8,6,6|6|6|0|0|0|0|6|6|0|6|0|6|0|6
2055,7,True,5,12,5,7|5|5|5|7|5|5|5|5|5|5|7|5|5|5
2090,7,False,7,3,7,7|7|7|7|9|9|7|7|7|7|7|7|7|7|9
2107,5,True,9,11,9,2|2|5|9|9|9|9|9|5|5|2|9|2|2|5
2118,0,False,0,15,6,6|6|6|6|6|6|6|6|6|6|6|6|6|6|6
2127,6,True,0,6,6,6|6|0|0|0|6|6|1|6|6|6|0|0|6|6
2147,3,True,5,12,5,3|5|5|3|5|3|5|5|5|8|5|5|5|1|1
2174,6,False,6,13,-1,4|8|0|0|2|4|2|2|8|4|6|8|4|8|6
2186,0,True,1,15,1,1|1|1|7|1|1|7|1|1|1|1|1|1|1|1
2191,9,False,9,9,5,9|5|9|5|9|5|9|9|5|5|5|5|5|9|5
2213,0,False,0,14,6,2|3|6|6|6|6|6|6|3|6|6|3|6|0|6
2237,1,False,1,1,1,1|1|1|0|1|1|1|1|1|1|1|1|1|1|1
2249,7,True,8,15,8,8|8|8|8|8|8|8|8|8|8|8|8|8|8|8
2271,4,True,1,15,1,7|7|7|7|1|1|1|1|1|1|1|1|1|1|1
2284,9,True,7,15,7,7|7|2|7|7|7|7|7|7|7|7|7|7|7|7
2301,9,True,4,13,4,2|4|4|4|4|9|2|9|0|8|8|8|4|2|4
2318,6,True,0,6,6,0|6|6|6|4|6|6|6|6|0|0|0|6|1|6
2321,7,False,7,5,7,7|7|7|7|4|4|7|7|7|7|3|7|7|8|3
2343,7,True,1,15,1,1|1|1|1|1|1|1|6|1|1|1|1|1|1|1
2385,9,True,7,4,9,9|9|7|9|9|9|7|9|7|7|9|9|9|9|9
2402,6,True,0,2,6,6|6|6|6|6|6|0|6|6|6|6|0|6|6|6
2403,9,True,4,11,4,2|9|4|4|2|9|4|2|4|4|9|9|4|2|4
2408,3,False,3,15,6,2|2|6|6|6|6|6|6|6|6|6|0|6|6|6
2410,0,False,0,12,6,6|4|6|0|4|6|6|6|6|6|6|0|6|0|6
2416,6,True,3,13,3,3|2|3|4|3|1|3|3|6|6|3|3|3|3|3
2422,2,True,5,14,5,2|5|5|3|3|1|1|5|5|5|3|7|1|5|7
2444,2,True,3,12,3,2|3|2|3|3|3|3|3|3|3|3|2|3|3|3
2447,4,False,4,10,4,6|4|4|2|9|4|1|3|3|3|4|4|6|9|3
2470,0,True,1,14,1,1|7|1|1|1|1|1|7|1|0|1|1|1|1|1
2493,9,True,4,12,4,4|4|4|4|4|9|9|4|0|4|4|4|4|9|4
2494,7,True,5,11,5,7|7|5|7|5|5|5|5|5|5|5|7|5|5|5
2505,0,True,2,4,0,2|0|2|0|0|0|0|4|0|4|0|0|0|0|0
2523,6,True,0,3,6,6|4|6|6|6|6|0|6|6|6|6|6|6|0|6
2541,8,False,8,2,8,8|8|8|7|8|8|8|8|8|8|8|7|8|8|8
2545,4,False,4,5,4,9|4|4|9|9|4|4|9|6|4|4|4|4|4|4
2555,5,True,9,2,5,9|5|5|5|5|5|5|5|7|5|5|5|5|5|5
2565,8,False,8,2,8,8|8|1|8|8|8|8|7|8|8|8|8|8|8|8
2580,9,True,7,9,7,7|7|7|9|9|9|9|7|7|7|7|7|9|9|7
2623,3,False,3,11,6,6|0|2|3|6|3|3|6|3|0|6|2|0|6|6
2635,4,True,6,0,4,4|4|4|4|4|4|4|4|4|4|4|4|4|4|4
2638,9,True,4,9,4,9|4|4|9|4|9|4|9|4|4|9|4|4|9|4
2642,6,True,1,15,1,1|7|1|0|1|1|0|1|1|1|1|1|1|1|1
2656,3,True,8,15,8,8|8|8|8|8|9|8|8|8|8|8|8|8|8|8
2660,4,True,6,13,6,6|8|6|3|4|6|8|6|0|3|6|4|6|6|8
2671,5,True,9,1,5,9|5|5|5|5|5|5|5|5|5|5|5|5|5|5
2687,0,True,2,10,0,2|4|0|2|4|2|0|3|3|0|0|0|4|6|6
2696,9,True,8,14,8,9|8|8|8|8|8|8|8|8|8|8|8|8|8|8
2704,2,True,3,13,3,6|3|2|0|3|3|9|5|3|3|3|2|6|6|3
2710,3,True,8,13,8,8|8|8|8|8|3|8|8|8|8|8|8|8|8|3
2711,1,True,5,14,5,5|5|1|5|5|5|5|5|5|5|5|7|7|5|5
2746,7,True,5,13,5,5|5|7|9|0|5|5|5|2|5|5|7|5|9|5
2770,0,True,2,1,0,0|0|2|0|0|0|0|0|0|0|0|0|0|0|0
2783,0,True,2,5,0,0|0|2|0|0|0|0|4|0|0|4|4|0|2|0
2789,1,False,1,12,-1,6|0|8|8|4|1|1|4|0|5|2|0|4|1|8
2790,1,True,5,15,-1,2|7|2|5|3|2|5|2|7|7|7|7|7|2|2
2819,7,True,5,10,5,7|5|1|5|1|5|1|5|7|7|7|7|5|5|5
2821,3,False,3,7,3,2|3|6|2|3|3|3|3|3|3|3|2|6|2|0
2824,9,True,7,9,7,7|7|7|7|9|9|7|9|7|7|7|7|9|9|9
2825,6,False,6,15,8,1|8|8|2|8|3|8|9|3|0|8|2|8|2|8
2831,3,False,3,8,2,2|2|2|3|3|2|2|3|3|3|3|2|2|2|3
2847,6,False,6,15,0,0|4|0|0|0|0|0|1|0|0|4|4|2|9|0
2858,5,False,5,8,1,5|5|5|5|1|1|5|1|5|1|5|1|1|1|1
2866,2,True,3,12,3,9|3|2|3|4|9|3|3|3|4|3|2|9|2|3
2869,1,True,7,15,5,9|5|5|9|5|5|5|5|5|5|5|5|5|5|5
2916,9,True,4,15,4,4|4|4|4|4|4|4|4|0|4|4|4|4|6|4
2971,1,True,8,15,8,8|4|7|8|8|4|0|9|8|8|8|8|4|4|8
3005,8,False,8,1,8,8|8|8|8|8|8|8|8|8|8|8|7|8|8|8
3007,2,True,3,11,3,7|3|2|3|2|3|3|1|2|6|3|2|3|3|3
3014,5,False,5,10,1,7|5|1|5|5|3|1|1|5|5|1|1|1|1|1
3023,4,False,4,7,4,9|4|9|9|4|4|4|9|9|4|9|4|4|9|4
3058,7,False,7,4,7,7|7|7|7|4|9|7|9|7|7|7|7|7|7|9
3064,6,True,0,10,8,0|3|6|8|6|9|6|6|6|8|8|8|8|8|3
3071,7,True,1,8,1,7|7|7|7|1|1|1|7|7|1|1|7|1|1|1
3086,6,True,0,6,6,6|4|6|2|6|6|0|4|0|6|6|0|6|6|6
3105,0,True,2,6,0,2|2|2|7|0|2|2|0|0|0|0|0|0|0|0
3110,5,False,5,1,5,5|5|5|5|3|5|5|5|5|5|5|5|5|5|5
3131,9,True,8,14,8,9|8|8|8|8|4|8|8|8|4|8|8|8|8|8
3156,5,False,5,11,1,1|1|5|5|1|1|1|1|7|1|5|1|7|1|5
3199,8,True,3,15,3,3|3|3|3|3|3|3|0|3|1|3|3|6|1|6
3221,6,True,0,7,6,6|6|0|0|0|6|6|0|6|6|6|1|0|6|0
3240,4,True,6,13,8,9|8|8|8|4|8|1|1|8|4|8|8|8|8|8
3242,7,True,0,15,6,6|6|6|0|3|2|2|6|3|0|3|3|0|6|6
3291,9,True,4,15,4,4|4|4|4|4|4|4|4|6|4|4|4|4|4|4
3313,3,True,2,15,2,2|5|6|2|0|2|2|7|8|8|2|0|4|8|6
3323,5,False,5,4,5,7|5|5|7|7|5|5|5|5|5|5|7|5|5|5
3330,7,False,7,1,7,7|7|7|7|7|7|7|7|7|7|3|7|7|7|7
3332,0,True,1,11,1,1|1|1|0|1|0|1|1|1|1|1|0|0|1|1
3340,6,True,0,7,6,6|4|6|0|0|6|0|0|6|6|6|0|6|0|6
3363,6,True,3,13,3,3|3|6|3|3|3|3|3|3|6|3|2|3|3|3
3377,9,True,4,13,4,7|9|6|2|4|4|4|5|6|4|4|4|4|9|4
3410,8,False,8,5,8,3|3|3|8|8|3|8|8|8|6|8|8|8|8|8
3477,3,False,3,5,3,3|3|2|3|3|3|2|3|3|6|3|2|3|2|3
3485,6,True,0,4,6,0|6|6|6|6|6|6|6|6|0|6|0|6|0|6
3501,2,False,2,13,-1,0|4|7|2|4|6|8|6|3|3|3|2|4|8|8
3509,2,False,2,14,0,2|0|0|0|0|0|0|0|0|0|0|0|0|0|0
3533,4,True,6,15,6,6|6|6|0|0|6|6|6|6|0|6|0|6|0|6
3535,8,True,3,12,-1,3|8|2|6|4|6|8|2|6|6|3|0|8|3|3
3539,5,True,9,2,5,5|5|5|9|5|9|5|5|5|5|5|5|5|5|5
3567,9,False,9,13,5,9|5|5|5|9|5|5|5|5|5|5|5|5|5|1
3581,6,False,6,9,-1,4|4|6|6|4|4|6|0|6|6|2|8|4|6|4
3596,0,True,1,12,1,1|1|1|0|1|1|1|1|1|1|1|1|1|0|0
3597,2,True,3,9,3,2|3|2|3|2|3|3|2|3|3|3|2|3|2|3
3599,5,True,9,1,5,9|5|5|5|5|5|5|5|5|5|5|5|5|5|5
3606,6,False,6,14,4,4|4|4|4|4|4|4|4|6|4|4|4|4|4|4
3612,7,False,7,4,7,7|7|7|7|9|9|7|7|7|7|7|7|9|9|7
3618,4,False,4,6,4,3|6|2|2|4|4|4|9|4|4|4|4|4|2|4
3626,4,True,6,1,4,0|4|4|4|4|4|4|4|4|4|4|4|4|4|4
3668,4,False,4,11,9,9|9|9|9|9|9|4|9|8|4|4|9|9|9|4
3681,9,False,9,14,5,5|5|5|5|5|5|5|5|5|5|5|5|5|9|5
3684,1,False,1,1,1,1|1|1|7|1|1|1|1|1|1|1|1|1|1|1
3705,2,True,5,4,2,2|2|2|2|2|2|5|2|5|5|2|5|2|2|2
3750,2,False,2,14,4,8|4|4|2|4|6|4|9|6|4|4|4|3|6|6
3753,5,True,9,0,5,5|5|5|5|5|5|5|5|5|5|5|5|5|5|5
3828,2,False,2,6,2,2|2|2|2|8|0|2|2|0|8|8|2|2|2|0
3842,1,True,3,13,3,3|3|1|3|3|3|1|3|3|3|3|2|3|3|3
3846,8,False,8,0,8,8|8|8|8|8|8|8|8|8|8|8|8|8|8|8
3854,9,False,9,11,5,9|5|5|5|5|7|5|9|7|5|5|9|5|9|5
3859,4,False,4,14,6,1|7|6|2|0|1|8|6|6|3|4|9|6|3|0
3911,0,False,0,14,-1,2|3|6|5|1|1|3|7|7|6|0|7|5|5|8
3916,5,False,5,8,5,2|5|2|0|5|5|5|5|5|7|7|2|5|7|7
3984,3,True,8,11,8,8|3|8|8|8|3|2|3|8|3|6|8|8|8|8
4008,5,True,9,6,5,5|5|5|9|5|9|5|5|5|5|5|9|9|9|9
4026,4,False,4,6,4,9|4|4|4|9|4|4|5|3|4|4|9|4|9|4
4109,9,False,9,15,5,5|5|5|5|5|5|5|5|5|5|5|5|5|5|5
4115,0,True,1,13,1,1|0|1|0|1|1|1|1|1|1|1|1|1|1|1
4124,0,True,1,11,1,0|1|1|1|1|1|0|1|1|1|1|1|0|0|1
4134,6,True,0,4,6,6|6|6|6|0|6|6|6|6|6|6|0|0|0|6
4141,2,True,9,15,5,5|5|5|5|5|5|5|5|5|5|5|5|5|5|5
4147,2,False,2,13,8,3|8|5|8|3|3|2|8|8|5|8|4|4|8|2
4157,6,False,6,15,4,4|4|4|2|4|4|4|4|2|4|4|4|4|4|4
4215,9,True,8,15,8,7|8|8|8|8|8|8|8|8|5|8|7|8|8|8
4243,0,True,2,2,0,0|0|0|0|0|0|0|2|0|0|4|0|0|0|0
4246,9,True,4,7,9,9|4|4|9|9|4|4|9|1|4|9|9|9|9|4
4270,9,True,8,15,8,8|8|8|8|8|8|8|8|8|8|8|8|8|8|8
4274,0,False,0,12,6,3|4|6|2|0|6|1|6|0|6|3|0|6|2|6
4312,6,True,3,6,6,6|6|6|2|6|3|6|6|3|6|3|2|6|6|1
4316,2,False,2,12,4,4|2|4|2|4|4|4|4|4|0|4|4|4|2|4
4321,6,False,6,14,4,4|4|4|4|4|4|4|4|6|4|4|4|4|9|4
4334,5,False,5,8,-1,1|5|5|5|1|5|1|5|7|5|5|1|1|1|1
4343,5,True,4,15,-1,4|8|2|3|9|9|1|4|0|4|9|2|4|9|0
4346,3,True,7,12,5,3|3|7|8|3|8|5|7|5|7|5|5|5|2|5
4370,9,True,4,12,4,4|4|4|4|4|4|9|9|4|4|4|4|4|9|4
4410,4,True,5,15,5,7|8|5|5|5|5|5|7|5|5|5|5|5|5|5
4417,3,True,8,15,8,8|8|1|8|8|8|8|1|8|1|8|8|0|8|0
4449,9,True,4,9,4,4|4|4|9|4|4|9|9|1|4|9|4|9|9|4
4459,6,True,5,15,5,1|5|5|5|5|1|5|1|5|5|5|7|5|1|5
4462,2,False,2,11,2,2|3|7|2|2|4|0|5|0|5|3|8|4|2|3
4487,3,True,2,15,4,2|4|2|2|0|4|4|2|4|4|2|4|2|4|0
4506,6,False,6,2,6,6|6|6|6|0|6|6|6|6|6|6|0|6|6|6
4515,4,True,6,6,4,4|2|6|2|4|4|0|4|0|4|4|4|4|4|2
4525,2,True,3,7,2,2|2|2|2|3|3|3|2|3|3|2|2|3|2|3
4537,5,False,5,2,5,1|5|5|5|5|5|5|5|5|4|5|5|5|5|5
4556,2,False,2,14,0,2|0|0|0|0|0|0|0|0|0|0|0|0|0|0
4579,3,True,5,14,5,7|5|5|5|5|5|5|3|5|5|5|5|5|0|5
4613,2,True,7,14,5,1|5|5|2|5|5|5|1|7|1|5|7|7|3|1
4616,5,True,9,0,5,5|5|5|5|5|5|5|5|5|5|5|5|5|5|5
4634,6,True,0,15,8,4|0|7|1|8|0|5|8|0|1|0|8|4|8|8
4637,3,False,3,8,-1,2|3|2|3|2|2|7|2|3|3|2|2|3|3|3
4644,9,False,9,13,5,9|5|5|5|9|5|5|5|5|5|5|5|5|5|5
4679,3,True,8,13,8,8|8|8|8|8|3|8|8|8|8|8|8|8|3|8
4681,6,True,0,12,3,2|0|6|3|3|3|0|3|3|6|3|0|6|0|3
4736,0,True,2,10,2,0|2|2|2|4|0|2|2|0|0|2|0|2|2|2
4755,1,True,8,15,8,8|8|8|8|8|3|8|8|8|8|8|8|8|8|8
4765,3,True,5,14,7,5|5|7|7|5|5|1|8|7|7|7|5|7|3|1
4770,4,False,4,9,4,4|4|6|6|4|6|0|6|6|4|4|9|9|2|4
4771,4,True,1,15,1,1|1|1|1|1|1|1|1|1|1|1|1|0|1|1
4792,1,True,5,12,5,1|7|5|5|5|1|5|5|5|4|5|5|7|1|5
4803,5,True,9,5,5,5|5|9|9|5|5|5|5|5|7|5|7|5|9|5
4817,6,True,0,5,6,6|6|6|0|0|6|6|6|6|0|6|0|6|0|6
4818,6,True,0,6,6,0|6|6|0|0|6|6|6|6|4|6|0|6|0|6
4823,2,False,2,12,0,0|4|4|2|0|2|1|8|0|0|2|0|0|4|3
4825,3,True,5,15,5,9|5|5|5|1|1|5|5|7|4|5|8|1|5|1
4833,2,True,3,7,2,2|3|2|3|2|2|2|3|1|6|2|2|3|2|3
4842,5,False,5,4,5,3|5|5|5|5|1|5|5|5|7|5|5|5|1|5
4847,0,False,0,13,6,6|4|6|6|0|6|6|6|6|4|6|0|6|6|6
4928,1,False,1,2,1,7|0|1|1|1|1|1|1|1|1|1|1|1|1|1
4935,8,True,6,13,4,8|2|6|4|2|4|6|2|6|4|3|0|8|0|4
4936,1,False,1,3,1,7|7|1|0|1|1|1|1|1|1|1|1|1|1|1
4946,6,True,0,5,6,0|0|6|6|0|6|6|6|6|0|6|0|6|6|6
4949,9,False,9,13,5,9|5|5|5|5|5|5|5|5|5|5|5|5|9|5
4964,2,True,3,13,3,3|0|4|3|2|3|3|6|3|3|3|2|1|6|8
4965,6,False,6,4,6,6|4|6|6|6|6|6|6|6|4|6|0|0|6|6
4971,6,True,0,6,6,6|2|6|2|0|6|0|3|6|3|6|6|6|6|6
4987,0,True,1,11,1,1|0|6|1|0|0|0|1|1|1|1|1|1|1|1
4989,7,True,8,14,8,8|8|8|8|8|7|8|8|8|8|8|8|8|8|8
5004,5,True,9,0,5,5|5|5|5|5|5|5|5|5|5|5|5|5|5|5
5012,3,True,8,15,0,0|0|1|8|0|0|7|0|2|0|8|0|8|8|5
5029,9,True,8,15,8,7|8|8|8|8|8|8|8|8|8|8|8|8|8|8
5033,0,True,1,13,1,1|1|1|1|0|1|1|1|2|0|1|1|1|1|1
5056,7,True,1,14,1,1|1|1|7|1|1|1|1|1|1|1|1|1|1|1
5058,7,True,1,10,1,7|7|1|7|1|1|1|7|1|1|1|7|1|1|1
5068,4,True,6,1,4,4|4|4|4|4|4|4|4|4|4|4|4|4|9|4
5089,7,False,7,15,9,5|9|9|9|9|9|9|9|9|5|5|9|9|9|5
5097,0,True,1,13,1,1|1|1|1|0|1|1|1|1|0|1|1|1|1|1
5142,7,False,7,0,7,7|7|7|7|7|7|7|7|7|7|7|7|7|7|7
5145,9,True,8,15,8,8|3|8|8|8|3|8|8|8|8|3|8|8|8|8
5157,3,True,5,13,5,5|5|5|5|5|3|5|3|5|5|5|5|5|5|1
5160,8,False,8,1,8,3|8|8|8|8|8|8|8|8|8|8|8|8|8|8
5176,4,True,6,6,4,4|4|4|4|4|4|9|9|9|4|4|9|9|9|4
5178,6,True,0,7,6,6|0|6|0|0|6|0|6|6|0|6|0|6|0|6
5209,5,False,5,4,5,7|5|5|5|5|3|5|5|5|7|5|5|1|5|5
5210,3,False,3,1,3,3|3|3|3|3|3|3|3|3|3|3|3|3|6|3
5225,9,True,7,15,7,7|7|7|7|7|2|7|7|7|7|7|7|7|7|7
5260,3,True,8,13,8,8|8|3|8|8|8|8|8|8|8|8|8|8|8|3
5264,5,True,9,0,5,5|5|5|5|5|5|5|5|5|5|5|5|5|5|5
5275,2,True,3,9,2,2|3|2|2|3|1|2|6|3|6|2|2|6|6|3
5291,4,True,6,4,4,8|4|4|4|4|4|4|4|6|4|4|4|2|4|6
5324,0,True,2,15,9,9|4|9|9|9|4|9|9|9|4|9|9|9|9|4
5332,3,True,4,14,4,4|4|4|9|4|4|4|6|4|4|2|3|4|9|4
5351,7,True,1,14,1,1|7|1|1|1|1|1|1|1|1|1|1|1|1|0
5362,0,True,2,6,0,8|8|0|0|0|2|0|0|0|0|2|0|2|2|0
5405,0,True,1,13,1,1|1|1|7|0|1|1|1|1|1|1|1|1|0|1
5439,6,True,0,2,6,6|6|6|6|0|6|6|6|6|6|6|0|6|6|6
5458,2,True,3,12,3,9|2|1|3|3|3|1|5|3|3|3|2|3|2|3
5459,6,True,0,6,6,6|0|6|0|4|6|1|6|6|6|6|0|3|6|6
5466,9,False,9,12,5,2|9|5|5|5|5|9|5|5|8|5|7|9|2|5
5486,0,True,2,14,4,9|4|9|4|4|9|2|2|2|0|4|4|9|9|4
5499,4,False,4,5,4,9|4|4|9|9|4|4|4|4|4|9|4|4|9|4
5563,0,False,0,7,0,6|0|6|6|0|1|0|6|0|0|6|0|0|0|6
5578,4,True,6,14,6,4|6|6|2|6|6|6|6|6|6|6|0|6|0|6
5608,4,True,6,14,3,7|4|3|3|3|1|7|3|6|6|8|0|6|1|8
5618,4,False,4,14,3,7|7|1|2|1|3|1|3|3|3|3|1|4|9|3
5646,2,True,7,14,7,7|7|7|7|7|7|7|7|7|7|7|7|7|2|7
5676,3,True,7,15,7,9|7|7|7|7|7|7|7|7|7|7|7|7|9|7
5679,4,True,6,4,4,4|4|4|4|4|4|4|4|6|4|6|4|0|6|4
5694,4,True,7,12,7,7|5|7|7|4|4|7|4|7|7|7|7|7|7|7
5696,6,True,2,14,2,1|4|2|2|2|3|4|2|0|6|8|0|2|0|1
5702,6,True,0,3,6,6|6|6|6|0|6|6|6|6|6|6|0|6|0|6
5707,9,True,4,7,9,9|4|4|9|9|4|4|9|9|4|9|9|4|9|4
5732,6,False,6,14,4,4|4|4|4|4|4|4|4|6|4|4|4|4|4|4
5741,9,True,7,9,7,8|7|7|7|9|9|9|9|7|7|7|9|7|9|7
5743,6,True,0,5,6,6|0|6|6|0|0|6|6|6|6|6|0|6|0|6
5767,4,True,6,4,4,4|4|0|4|4|6|4|3|3|4|4|4|4|4|4
5780,5,True,8,15,8,8|8|3|3|8|3|8|8|8|8|8|8|8|8|3
5784,3,False,3,6,3,2|3|2|3|3|3|2|3|3|3|2|2|3|2|3
5788,9,True,4,15,4,2|4|4|2|4|4|0|4|6|4|4|4|4|4|4
5799,8,False,8,0,8,8|8|8|8|8|8|8|8|8|8|8|8|8|8|8
5803,0,False,0,7,0,0|0|6|0|0|6|0|6|6|0|6|0|6|0|6
5819,2,True,5,11,5,2|5|2|3|0|5|5|5|5|5|2|2|7|3|5
5822,7,True,1,11,1,7|7|7|7|1|1|1|1|1|1|1|1|1|1|1
5823,9,True,7,10,7,7|7|7|7|7|9|9|7|7|7|7|7|9|9|9
5827,0,True,2,4,0,0|5|6|0|0|0|2|2|0|0|0|0|0|0|0
5850,8,True,1,15,1,0|1|1|0|1|1|1|1|1|1|1|1|0|1|1
5856,5,True,9,6,5,5|5|9|5|9|9|5|9|5|5|5|9|5|9|5
5874,6,True,3,14,3,6|3|3|3|3|3|2|2|3|3|3|2|3|3|3
5875,0,True,2,3,0,8|5|2|0|0|0|0|0|0|0|0|0|0|0|0
5880,9,True,7,10,7,1|7|7|7|9|9|7|5|5|7|5|7|9|9|9
5891,9,False,9,14,5,5|5|5|9|5|5|5|5|5|5|5|5|5|5|5
5898,7,True,5,12,5,3|5|5|5|7|1|5|5|5|7|5|7|5|1|5
5910,3,False,3,12,8,6|6|8|2|3|1|8|4|3|5|8|0|5|3|8
5913,9,True,4,9,4,9|4|9|4|9|4|4|9|3|4|4|9|4|9|4
5916,2,True,5,11,5,5|5|5|5|2|5|5|5|5|5|2|5|2|2|5
5936,0,True,2,14,4,2|4|4|9|4|4|4|4|2|4|4|2|4|0|4
5954,0,True,2,5,0,2|0|2|0|0|0|0|4|0|0|2|2|0|0|0
5981,9,True,4,14,4,9|4|4|4|4|4|4|7|4|4|4|4|2|6|4
5983,0,True,2,13,4,4|9|2|9|4|0|0|9|4|4|4|4|4|2|4
5985,4,False,4,12,0,4|0|2|9|0|0|4|4|0|0|0|0|2|2|8
5989,9,True,8,15,8,8|8|8|8|8|8|8|8|8|8|8|8|8|8|8
6015,1,False,1,1,1,1|1|1|1|0|1|1|1|1|1|1|1|1|1|1
6026,1,True,5,14,7,7|7|7|5|7|1|7|7|5|7|7|7|7|7|7
6037,6,True,3,7,6,6|6|6|3|6|3|3|0|6|6|3|2|6|3|6
6040,0,True,1,15,1,1|7|1|7|1|1|1|1|1|1|1|7|1|1|1
6104,2,True,9,14,9,2|9|7|9|9|9|9|9|5|5|7|9|9|9|9
6130,5,True,9,0,5,5|5|5|5|5|5|5|5|5|5|5|5|5|5|5
6139,4,True,6,11,6,4|3|6|6|4|6|6|6|6|4|6|0|0|6|4
6179,4,True,1,15,1,1|0|1|7|1|1|1|1|1|1|1|1|1|1|7
6181,8,False,8,0,8,8|8|8|8|8|8|8|8|8|8|8|8|8|8|8
6186,0,False,0,12,6,6|0|6|6|6|6|0|6|6|6|6|0|6|6|6
6189,6,True,3,15,3,2|3|3|3|3|3|3|3|3|3|3|3|3|3|3
6197,3,True,2,15,-1,4|8|4|8|4|8|8|9|8|4|4|8|4|4|8
6235,0,True,2,1,0,0|0|2|0|0|0|0|0|0|0|0|0|0|0|0
6241,7,True,8,13,8,4|8|8|8|8|8|8|8|7|8|8|7|8|8|8
6247,9,False,9,15,5,5|5|5|5|5|5|5|5|5|5|5|5|5|5|5
6254,1,False,1,0,1,1|1|1|1|1|1|1|1|1|1|1|1|1|1|1
6306,4,True,6,2,4,4|4|4|4|4|4|4|4|0|4|4|9|4|4|4
6318,7,True,1,15,1,1|1|1|1|1|1|1|1|1|1|1|1|1|1|1
6336,9,False,9,12,5,9|5|5|5|5|5|5|9|5|5|5|5|9|5|5
6352,4,True,7,13,7,7|7|7|7|7|4|7|7|7|7|7|7|7|9|4
6370,3,True,8,10,8,3|8|3|8|8|3|8|8|8|3|3|8|8|8|8
6389,8,False,8,13,6,6|5|6|2|3|6|7|3|1|6|8|7|6|8|3
6393,7,True,8,13,8,7|8|8|7|8|8|8|1|8|8|8|8|8|8|8
6407,5,True,9,2,5,9|5|5|5|5|5|5|9|5|5|5|5|5|5|5
6425,4,True,1,15,1,1|1|1|1|1|1|1|1|1|1|1|1|1|1|1
6433,3,False,3,2,3,3|3|3|3|3|3|6|3|3|3|6|3|3|3|3
6476,1,True,3,15,6,4|2|6|2|2|6|0|4|4|6|4|0|6|8|6
6504,7,True,1,15,1,1|1|1|1|1|1|1|1|1|1|1|1|1|1|1
6508,6,False,6,14,4,9|4|4|4|4|4|4|4|3|4|4|4|4|6|4
6510,2,True,7,15,5,9|5|5|5|5|5|9|9|5|5|6|5|5|9|5
6538,8,False,8,3,8,9|8|8|8|8|1|8|8|8|1|8|8|8|8|8
6550,1,False,1,7,1,1|0|1|1|0|0|0|1|1|0|1|0|0|1|1
6562,8,False,8,1,8,8|8|8|8|8|8|8|8|8|3|8|8|8|8|8
6586,1,False,1,14,4,6|2|2|4|4|4|0|4|8|4|4|4|0|1|3
6600,7,True,1,15,1,1|1|1|1|1|1|1|1|1|1|1|1|1|1|1
6603,6,False,6,14,4,4|4|4|4|4|0|4|4|6|4|4|4|4|2|4
6608,0,True,1,12,1,1|0|1|0|1|1|0|1|1|1|1|1|1|1|1
6615,9,True,4,13,4,6|2|2|2|9|4|4|3|6|4|4|4|6|9|4
6647,9,True,7,12,7,7|7|7|7|9|9|7|9|7|7|7|7|7|7|7
6667,5,True,9,0,5,5|5|5|5|5|5|5|5|5|5|5|5|5|5|5
6682,8,False,8,2,8,7|8|8|8|8|8|8|7|8|8|8|8|8|8|8
6695,6,True,3,12,3,2|4|3|3|3|3|6|3|1|6|3|2|1|6|3
6705,9,False,9,14,5,5|5|5|5|5|5|5|5|5|5|5|5|5|9|5
6714,7,True,8,15,8,8|8|6|8|8|8|8|5|6|6|6|8|8|8|8
6726,9,False,9,14,5,9|5|5|5|5|5|5|5|5|5|5|5|5|5|5
6729,9,False,9,15,5,5|5|5|5|5|5|5|5|5|5|5|5|5|5|5
6742,2,True,3,10,3,3|3|3|3|3|3|2|3|3|3|2|2|2|2|3
6756,5,True,9,6,5,5|5|5|9|9|2|5|5|7|5|7|5|5|5|9
6776,6,False,6,4,6,6|4|6|6|0|6|4|6|6|6|6|4|6|6|6
6782,8,True,2,15,0,2|0|0|0|0|0|0|0|0|0|0|0|0|0|0
6786,5,False,5,3,5,3|5|5|5|3|3|5|5|5|5|5|5|5|5|5
6838,6,True,2,13,4,6|9|4|4|4|3|4|9|3|4|4|9|6|9|4
6863,9,True,7,8,9,7|9|9|9|7|9|9|5|7|5|7|7|9|5|9
6865,6,True,0,14,3,8|3|3|2|3|2|3|3|3|3|3|0|6|8|3
6875,5,False,5,6,5,7|5|5|5|0|2|5|9|5|5|7|5|5|6|5
6902,3,True,8,15,8,8|8|8|8|8|8|8|8|8|8|8|8|8|8|8
6905,2,False,2,13,0,0|0|2|0|0|0|0|0|0|0|0|0|2|0|0
6925,9,False,9,12,5,9|5|5|5|5|5|5|9|5|5|5|5|5|9|5
6929,2,True,5,8,2,7|2|2|7|2|4|7|2|5|5|7|2|2|2|5
6945,8,False,8,2,8,7|8|8|8|8|8|8|1|8|8|8|8|8|8|8
6982,6,True,0,5,6,6|0|6|0|0|6|6|6|6|6|6|0|6|0|6
6986,6,True,1,15,1,7|7|1|7|1|1|7|7|7|1|1|7|1|1|1
7002,2,True,5,15,7,9|7|7|7|7|7|7|9|7|7|7|7|7|9|1
7026,3,True,2,11,2,3|2|2|2|2|3|2|4|3|6|3|0|2|2|6
7027,5,False,5,10,5,2|7|1|8|1|5|5|5|5|0|5|7|7|1|3
7031,4,False,4,3,4,4|4|4|4|4|4|0|4|0|4|4|4|4|2|4
7061,6,True,0,5,6,3|0|6|6|4|6|0|6|6|6|6|0|6|6|6
7063,7,False,7,1,7,7|7|7|7|7|7|7|7|7|7|7|7|7|9|7
7064,0,False,0,9,6,6|6|6|0|0|6|0|6|6|0|6|0|0|6|6
7070,6,True,1,15,1,1|1|1|7|1|1|1|1|1|1|1|1|1|1|1
7075,5,True,9,3,5,2|2|5|5|5|5|5|5|7|5|5|5|5|5|5
7085,6,False,6,12,8,7|6|8|8|2|8|7|8|3|8|7|8|6|6|8
7101,1,False,1,15,8,3|8|4|8|2|0|0|5|8|0|8|8|4|2|8
7130,0,False,0,12,6,6|6|6|4|0|6|6|6|6|6|6|6|0|6|0
7164,4,True,1,15,1,7|0|1|1|1|1|1|1|1|1|1|1|1|1|1
7168,9,True,4,9,4,4|9|4|9|9|4|9|4|0|4|4|9|4|9|4
7171,9,False,9,9,5,7|5|9|5|5|9|5|9|7|5|5|9|5|9|9
7175,6,True,0,9,6,6|2|2|2|6|0|2|1|6|8|3|8|6|6|6
7176,4,False,4,12,3,8|4|7|3|6|4|2|2|3|1|3|8|3|3|4
7182,0,True,1,11,1,9|0|6|1|3|1|1|6|0|0|3|1|1|0|3
7200,6,True,0,15,4,9|4|4|4|0|4|0|1|0|4|4|4|4|2|4
7254,9,False,9,13,5,5|5|5|5|5|5|5|5|5|5|5|9|5|9|5
7288,3,True,8,14,8,8|8|8|8|8|3|8|8|8|8|8|8|8|8|8
7317,9,True,7,11,7,9|7|7|7|9|7|7|7|7|7|7|7|9|9|7
7320,0,False,0,8,6,0|6|6|0|0|6|0|0|6|6|6|0|6|0|6
7325,7,True,5,11,5,7|5|5|7|5|5|5|7|5|5|5|7|5|5|5
7328,9,True,7,11,7,7|7|7|9|9|9|7|7|7|7|7|7|7|9|7
7348,4,True,6,3,4,9|4|4|4|4|4|4|4|0|4|4|4|4|9|4
7388,9,True,7,9,7,7|7|7|7|9|9|7|9|7|7|7|7|9|9|9
7398,6,True,3,11,3,6|6|6|3|3|1|6|3|3|3|3|3|3|2|3
7404,7,True,5,14,5,7|5|5|8|5|5|5|5|5|5|5|5|5|5|8
7414,3,False,3,4,3,3|3|3|3|3|3|6|2|3|6|3|2|3|3|3
7445,1,True,8,14,8,8|8|8|8|8|8|8|8|8|8|8|8|8|1|8
7450,6,True,0,1,6,6|6|6|6|6|6|0|6|6|6|6|6|6|6|6
7454,6,True,3,14,3,3|3|2|3|3|3|6|2|3|3|3|2|3|3|3
7498,5,True,9,0,5,5|5|5|5|5|5|5|5|5|5|5|5|5|5|5
7499,6,True,0,9,0,0|0|6|0|0|6|0|0|6|0|6|0|6|0|6
7501,9,True,7,14,7,7|7|7|7|9|2|7|7|7|7|7|7|7|2|7
7509,5,False,5,14,7,7|7|2|5|7|1|3|3|7|7|7|7|7|1|7
7510,9,True,4,12,4,9|4|0|4|0|4|4|9|0|0|4|4|4|9|4
7518,8,False,8,5,8,3|8|8|8|3|3|8|9|8|8|8|8|9|8|8
7521,9,True,4,11,4,9|4|4|4|4|9|4|9|4|4|4|4|4|9|4
7530,3,True,5,15,5,5|5|5|5|1|5|5|5|5|5|5|5|5|5|2
7558,1,True,5,13,5,7|5|5|5|7|5|5|1|5|7|5|5|5|1|7
7560,4,True,1,15,1,1|0|1|1|1|1|1|1|1|1|1|0|1|1|0
7567,6,True,0,10,0,0|0|6|0|0|6|0|0|6|0|6|0|0|0|6
7598,9,True,4,9,9,4|9|3|4|9|9|4|9|8|4|4|9|9|8|3
7614,3,True,8,15,0,0|6|0|4|8|1|2|4|0|0|8|0|4|0|8
7621,9,True,7,14,-1,1|5|7|5|9|7|5|1|5|7|2|7|2|1|3
7653,0,False,0,14,6,6|6|6|2|6|6|6|6|6|6|6|0|6|6|6
7663,9,True,4,9,4,9|9|4|4|9|4|4|9|4|4|4|4|9|9|4
7666,2,False,2,14,4,9|4|4|2|4|9|4|9|0|4|4|4|4|9|4
7669,3,False,3,11,-1,3|8|3|6|3|2|0|2|1|0|2|2|6|0|3
7670,0,True,2,5,0,2|0|0|0|4|4|0|4|0|0|0|0|0|0|4
7693,0,True,1,15,1,1|7|6|2|2|1|7|3|1|3|1|1|3|1|1
7702,1,True,8,11,8,1|8|8|8|8|1|1|8|8|1|8|8|8|8|8
7709,4,True,6,14,6,0|6|6|6|0|6|6|6|6|6|6|4|6|6|6
7742,9,True,4,14,2,2|4|2|2|2|9|2|3|3|4|3|2|2|2|2
7748,6,False,6,15,4,4|4|4|4|4|4|4|4|4|4|4|4|4|9|4
7754,2,True,3,14,3,2|3|7|0|3|1|1|8|3|6|3|6|6|3|3
7757,8,False,8,2,8,8|8|8|8|8|3|8|8|8|8|8|8|8|3|8
7767,3,False,3,5,3,2|3|2|3|2|3|3|3|3|3|3|2|3|2|3
7785,9,True,4,5,9,9|9|9|4|9|4|4|9|9|4|9|9|9|9|4
7790,3,False,3,12,4,9|4|4|3|4|4|4|3|3|4|4|9|4|9|4
7793,9,True,4,12,4,9|4|4|4|4|4|4|9|0|4|8|4|4|9|4
7802,9,True,4,8,9,9|9|4|4|4|4|4|5|2|4|9|9|9|9|9
7804,9,True,7,14,7,2|7|2|7|7|7|7|7|7|7|7|7|2|9|7
7835,3,False,3,8,3,9|4|2|3|3|3|4|9|3|3|4|3|3|9|4
7870,8,False,8,4,8,8|8|8|8|8|3|8|8|3|3|8|8|3|8|8
7873,2,False,2,14,0,0|0|0|0|2|0|0|0|0|0|0|0|0|0|0
7901,6,True,0,3,6,0|6|6|6|6|6|6|6|6|0|6|0|6|6|6
7916,3,False,3,6,3,2|2|2|3|3|3|3|2|3|3|3|2|3|6|3
7975,0,False,0,11,6,0|6|6|6|0|6|2|0|6|6|6|0|6|6|6
8025,2,True,3,8,2,3|2|2|2|3|3|6|2|3|6|3|2|2|2|3
8041,6,False,6,13,4,4|4|4|4|4|4|4|4|6|4|4|4|4|6|4
8088,0,False,0,14,6,6|4|3|3|6|6|6|6|6|3|6|0|6|6|6
8100,3,True,5,14,5,1|5|5|5|8|5|1|3|5|8|7|5|5|1|5
8106,4,True,5,15,5,3|5|5|5|5|5|5|5|5|5|5|5|5|5|5
8136,6,True,0,15,0,0|2|0|0|2|2|2|2|3|8|0|2|0|0|0
8151,7,True,5,13,5,7|5|5|5|5|5|5|5|5|5|5|7|5|5|5
8164,3,True,2,15,4,2|7|2|4|4|4|1|2|6|4|4|0|6|2|4
8203,6,False,6,13,4,6|4|4|4|4|4|4|4|4|4|4|4|4|6|4
8207,5,True,9,1,5,9|5|5|5|5|5|5|5|5|5|5|5|5|5|5
8213,0,True,8,15,8,8|8|8|8|7|9|8|8|8|8|3|2|8|7|3
8220,2,False,2,13,0,0|0|2|0|2|0|0|0|0|0|0|0|0|0|0
8225,4,False,4,6,4,9|4|4|9|4|4|4|4|1|4|4|9|9|9|4
8247,6,False,6,4,6,6|6|6|6|6|6|0|4|7|6|4|6|6|6|6
8253,3,False,3,9,2,3|2|2|2|3|2|2|3|3|3|2|2|2|2|3
8254,9,True,8,15,8,8|8|8|8|8|3|8|8|8|8|3|8|8|8|8
8262,9,False,9,11,5,9|3|5|9|9|3|5|5|7|8|5|5|9|5|5
8286,4,True,1,11,1,4|4|1|4|0|0|1|1|0|1|4|0|0|1|1
8312,0,True,1,12,1,0|0|1|1|1|1|1|1|1|1|1|1|0|1|1
8319,0,True,2,8,0,0|4|4|0|9|0|0|4|0|0|4|0|4|2|4
8344,1,True,5,12,7,1|5|7|7|7|5|1|5|7|1|7|7|5|7|5
8349,0,True,2,6,0,0|4|4|0|4|4|0|8|0|0|4|0|0|0|0
8365,9,True,8,15,8,3|8|8|8|8|8|8|3|8|8|8|8|8|8|8
8366,5,False,5,11,-1,7|5|1|5|1|7|1|1|5|8|7|5|7|7|1
8377,3,False,3,8,3,2|3|8|3|3|7|3|3|2|1|3|2|1|3|1
8434,5,False,5,4,5,3|5|5|5|5|5|5|7|5|7|5|5|5|1|5
8468,7,True,1,13,1,7|1|1|1|1|1|1|1|1|1|1|7|1|1|1
8480,4,False,4,13,9,9|9|4|9|9|9|9|9|9|4|9|9|9|9|9
8488,8,False,8,0,8,8|8|8|8|8|8|8|8|8|8|8|8|8|8|8
8495,6,True,0,6,6,0|6|6|0|0|6|0|6|6|0|6|0|6|6|6
8497,5,False,5,5,5,5|5|5|5|5|5|7|7|7|5|5|5|7|5|7
8513,4,False,4,11,-1,9|9|6|3|9|4|3|3|6|1|4|4|4|3|2
8527,7,True,1,12,1,7|7|7|1|1|1|1|1|1|1|1|1|1|1|1
8529,4,False,4,12,0,0|9|2|2|4|4|0|9|0|0|2|0|0|2|4
8542,4,True,6,10,-1,6|4|2|4|8|4|4|8|8|6|4|5|8|2|8
8556,0,True,1,15,1,1|1|1|1|1|1|1|1|1|1|1|1|1|1|1
8582,8,False,8,8,8,8|8|1|8|9|5|7|8|3|6|3|8|8|3|8
8595,2,True,3,7,2,2|3|2|3|3|2|3|2|3|3|2|2|2|2|3
8600,6,True,0,6,6,0|6|6|0|0|6|6|6|6|0|6|0|6|0|6
8601,0,False,0,11,6,8|6|6|8|4|6|4|6|6|0|8|0|6|0|0
8606,8,False,8,6,8,8|5|1|5|8|1|8|5|7|8|8|8|8|8|8
8624,9,True,4,15,0,2|2|2|0|0|0|7|2|7|0|8|0|0|2|6
8638,7,False,7,7,7,9|7|1|7|8|3|7|4|7|8|7|7|7|7|9
8641,0,True,2,14,4,0|4|4|2|4|9|2|9|2|4|4|4|4|2|2
8645,1,False,1,2,1,0|1|1|7|1|1|1|1|1|1|1|1|1|1|1
8648,0,False,0,9,6,4|6|0|0|0|6|0|6|6|6|6|0|0|6|6
8659,0,True,2,5,0,8|4|0|0|4|4|0|0|0|0|0|0|4|0|0
8666,4,False,4,10,-1,4|4|3|3|4|9|2|5|3|3|4|2|9|3|4
8671,2,False,2,12,0,0|2|2|0|0|0|0|0|0|0|0|0|2|0|0
8684,7,False,7,5,7,9|7|7|7|9|7|7|9|7|7|7|7|7|9|9
8694,0,False,0,9,6,6|0|6|6|0|0|0|6|6|0|6|0|6|6|6
8749,1,False,1,3,1,1|1|1|7|3|1|1|1|1|3|1|1|1|1|1
8757,6,True,0,6,6,6|0|6|6|0|6|0|6|6|0|6|0|0|6|6
8800,1,True,5,5,1,1|5|1|5|1|1|5|1|5|5|1|1|1|1|1
8814,3,True,5,14,5,5|5|5|5|2|5|5|5|7|1|3|5|7|1|5
8823,6,True,0,4,6,6|6|6|6|0|6|6|6|6|6|6|0|0|2|6
8843,6,True,3,14,3,2|3|3|3|2|3|3|3|3|3|3|7|3|6|3
8853,4,False,4,3,4,4|4|9|4|4|4|4|4|4|4|4|9|4|9|4
8875,6,True,9,15,5,5|5|5|5|5|9|5|5|5|5|5|5|5|5|5
8878,8,False,8,3,8,3|8|8|8|8|3|8|3|8|8|8|8|8|8|8
8885,6,True,0,11,0,2|6|6|0|0|2|0|0|3|3|3|6|6|0|0
8886,9,True,6,14,8,3|8|8|8|8|4|8|8|8|8|8|8|9|8|4
8897,9,False,9,14,5,5|5|5|5|5|5|5|9|5|5|5|5|5|5|5
8907,5,True,9,2,5,9|5|5|5|9|5|5|5|5|5|5|5|5|5|5
8922,0,True,2,11,4,6|6|0|4|4|8|8|8|0|8|4|0|4|0|4
8925,9,True,4,11,4,3|4|9|8|2|4|8|9|6|4|4|9|4|9|4
8932,4,False,4,7,4,9|4|4|9|9|4|4|9|9|4|9|4|4|9|4
8939,3,False,3,3,3,2|3|2|3|3|3|0|3|3|3|3|3|3|3|3
9001,2,True,3,8,3,2|3|2|3|3|3|2|2|3|3|2|2|3|2|3
9034,2,True,3,10,2,8|2|2|0|0|2|2|6|0|3|3|1|6|2|1
9039,6,False,6,3,6,6|6|6|6|0|6|6|6|6|4|6|0|6|6|6
9044,1,True,4,14,4,9|4|4|4|4|4|2|5|1|4|4|4|4|9|4
9045,0,False,0,11,6,6|6|6|0|6|6|0|6|6|0|6|0|6|6|6
9059,4,True,6,11,-1,4|6|1|6|0|4|7|5|0|6|4|8|1|4|6
9079,1,False,1,2,1,1|1|1|0|1|1|1|1|1|1|1|1|0|1|1
9125,2,True,5,13,7,2|7|5|5|9|2|1|1|7|7|7|7|9|1|1
9150,2,True,3,11,3,3|3|2|3|3|3|3|2|3|3|3|2|3|2|3
9151,8,False,8,1,8,8|8|8|8|8|1|8|8|8|8|8|8|8|8|8
9153,0,True,1,15,1,1|1|1|1|1|1|1|1|1|1|1|1|1|1|1
9160,0,False,0,10,6,6|6|6|0|0|6|6|6|6|0|0|0|6|8|6
9229,6,True,0,3,6,6|6|6|6|0|6|0|6|6|6|6|0|6|6|6
9262,0,True,2,6,0,0|0|2|0|4|4|0|2|0|0|2|2|0|0|0
9265,5,True,8,15,8,8|8|8|8|8|8|8|8|8|8|8|8|8|8|8
9266,4,True,6,5,4,4|4|4|4|4|4|0|1|0|4|4|0|4|4|6
9267,2,False,2,14,4,9|4|4|4|4|3|2|4|0|0|4|4|4|4|4
9268,0,True,1,15,1,1|7|1|1|1|1|7|1|1|1|1|1|1|1|1
9271,7,True,1,13,1,1|1|1|7|1|1|1|1|1|1|1|7|1|1|1
9274,6,False,6,14,4,6|4|4|8|0|8|0|0|8|8|4|4|4|4|8
9288,9,True,7,9,7,9|7|7|9|9|9|7|9|7|7|7|7|9|7|7
9293,5,True,9,2,5,9|5|5|5|9|5|5|5|5|5|5|5|5|5|5
9307,2,True,7,15,7,7|7|7|7|4|7|7|7|7|7|7|7|7|7|7
9331,2,True,7,14,7,7|7|7|7|7|2|7|9|7|7|7|7|9|7|7
9356,1,True,7,15,5,7|9|5|5|5|5|5|9|5|5|5|5|7|9|5
9364,7,True,5,12,5,7|5|2|5|5|5|5|5|5|7|5|7|5|5|5
9389,9,True,7,9,7,9|7|7|9|9|9|7|9|7|7|7|7|9|7|2
9411,3,True,5,15,5,7|5|5|5|5|5|5|5|5|5|7|8|5|1|1
9419,9,True,6,13,4,9|8|4|8|4|8|2|6|6|4|4|9|4|3|4
9432,1,True,8,15,8,8|8|8|8|8|3|8|8|8|8|8|8|8|8|8
9433,5,False,5,11,7,7|7|3|7|5|1|1|5|7|7|5|7|7|5|1
9436,0,True,2,8,0,0|2|2|0|9|4|0|4|8|0|2|2|0|0|0
9440,5,False,5,9,2,2|2|2|5|5|5|5|5|2|5|2|2|2|2|2
9484,2,False,2,14,0,0|0|2|0|0|0|0|0|0|0|0|0|0|0|0
9487,0,False,0,11,-1,6|2|6|3|6|6|0|0|0|3|3|0|6|3|3
9523,6,True,0,8,6,6|0|6|2|4|4|4|4|6|6|6|4|0|6|6
9526,4,False,4,6,4,9|4|9|4|9|4|4|4|6|4|4|4|3|9|4
9557,3,False,3,9,3,6|3|2|3|3|6|2|5|3|3|6|2|3|2|6
9563,2,False,2,12,0,2|0|2|2|0|0|0|0|0|0|8|0|0|0|8
9587,6,True,3,11,3,3|6|6|3|2|6|6|3|3|3|3|2|3|3|3
9600,9,False,9,15,5,5|5|5|5|5|5|5|5|5|5|5|5|5|5|5
9632,9,True,7,13,7,7|7|7|7|7|7|7|7|7|7|7|7|9|9|7
9635,9,False,9,14,5,5|5|5|5|5|5|5|5|5|5|5|5|5|9|5
9638,9,True,4,15,4,6|4|4|2|4|6|4|4|6|4|4|4|4|4|4
9689,8,False,8,2,8,7|8|8|7|8|8|8|8|8|8|8|8|8|8|8
9726,5,True,9,9,9,9|9|5|5|9|5|9|9|5|5|9|5|9|9|9
9743,3,True,8,9,8,3|8|8|8|3|3|8|8|3|6|8|8|8|3|3
9767,0,False,0,13,6,6|4|6|6|6|6|6|6|6|0|6|4|0|6|3
9770,9,True,7,9,7,9|7|7|9|9|9|7|7|7|7|7|7|9|9|7
9772,5,True,9,5,5,2|5|5|5|9|5|5|5|7|5|5|9|3|5|5
9789,8,True,1,15,1,1|7|1|0|1|1|1|1|1|0|1|1|1|1|1
9801,5,True,9,0,5,5|5|5|5|5|5|5|5|5|5|5|5|5|5|5
9836,6,False,6,8,-1,0|4|6|6|0|6|0|0|6|6|6|0|0|0|6
9871,1,True,5,12,5,7|5|5|5|1|5|1|9|7|1|7|5|9|7|3
9877,6,True,3,15,3,2|3|3|3|3|3|3|3|3|3|3|2|3|3|3
9896,9,True,4,10,4,4|4|4|4|9|4|9|9|9|4|4|4|4|9|4
9902,3,True,2,15,0,8|2|0|0|2|0|4|0|0|0|4|4|0|0|8
9907,0,True,2,9,-1,2|2|0|0|4|4|0|4|0|0|4|4|4|2|0
9919,4,True,6,0,4,4|4|4|4|4|4|4|4|4|4|4|4|4|4|4
9957,3,False,3,8,3,2|3|6|2|3|4|3|3|3|0|3|0|1|1|3
9980,9,False,9,13,5,5|5|5|5|9|5|5|5|5|5|5|5|5|9|5
9982,1,True,8,15,8,8|8|3|8|8|8|8|8|8|8|3|8|7|8|8
9998,6,False,6,4,6,6|6|6|6|0|6|0|6|6|0|6|0|6|6|6
10010,2,True,5,14,5,7|5|2|5|8|5|5|5|5|5|5|7|7|7|5
10035,0,True,2,2,0,2|0|0|0|0|0|0|4|0|0|0|0|0|0|0
10051,4,True,7,7,4,4|4|7|7|4|7|4|7|7|7|4|4|4|4|7
10060,9,True,8,15,8,8|8|8|8|8|8|8|8|8|8|8|8|8|8|3
10066,2,True,3,13,3,2|3|2|3|3|3|3|3|3|3|3|3|3|6|3
10076,4,True,6,0,4,4|4|4|4|4|4|4|4|4|4|4|4|4|4|4
10087,9,False,9,14,5,2|5|5|5|9|5|5|5|5|5|5|5|2|5|5
10123,1,True,5,7,1,1|5|1|5|5|1|5|1|5|1|5|1|1|1|5
10124,2,False,2,10,0,0|2|2|2|4|4|0|2|0|0|2|0|6|0|0
10157,6,False,6,14,4,4|4|4|4|4|4|4|4|6|4|4|4|4|4|4
10177,7,True,5,10,5,7|5|7|7|5|5|5|7|5|7|5|5|5|5|5
10210,4,True,6,2,4,4|4|4|4|4|4|4|4|2|4|4|4|4|6|4
10233,9,True,7,15,5,5|5|5|5|5|5|5|5|5|5|5|5|5|5|5
10243,9,True,6,15,-1,0|8|6|8|0|6|6|1|8|8|6|0|0|8|0
10289,9,True,7,15,7,7|7|7|7|4|4|7|7|7|4|7|7|7|4|4
10300,0,False,0,9,6,6|6|6|0|0|6|0|6|6|0|6|0|6|0|6
10349,1,False,1,5,1,7|7|7|7|1|1|1|1|1|1|1|7|1|1|1
10353,6,False,6,15,0,0|0|2|0|0|0|0|0|0|4|4|0|0|0|4
10370,7,False,7,8,7,7|7|5|5|9|5|1|3|7|5|7|1|7|7|7
10390,2,True,5,14,7,7|7|5|5|9|1|1|9|7|7|2|7|3|7|1
10401,3,True,2,15,4,4|4|4|4|4|4|4|4|6|0|4|4|4|4|9
10414,1,True,8,15,8,8|8|7|8|8|8|8|8|8|8|8|8|8|8|8
10428,9,False,9,9,7,7|7|9|9|9|7|7|7|7|7|7|9|9|9|7
10450,2,False,2,12,0,2|0|2|2|0|0|0|4|0|0|0|0|0|0|0
10466,9,True,8,15,8,8|8|8|8|8|8|8|8|8|8|4|8|8|8|8
10468,3,False,3,12,6,3|4|3|2|8|6|6|2|6|8|3|8|6|6|1
10476,1,True,8,15,8,8|8|8|8|8|8|8|8|8|8|8|8|8|8|8
10482,7,False,7,2,7,7|7|7|7|7|8|7|7|7|7|7|7|7|8|7
10504,1,False,1,1,1,1|7|1|1|1|1|1|1|1|1|1|1|1|1|1
10518,2,False,2,14,8,3|9|6|6|0|6|8|2|8|4|8|8|8|6|0
10529,9,True,7,14,7,7|7|7|7|7|4|7|9|7|7|4|7|7|8|7
10540,1,False,1,1,1,1|1|1|0|1|1|1|1|1|1|1|1|1|1|1
10543,9,True,7,9,7,9|7|7|9|9|7|7|7|7|7|7|9|9|9|7
10556,3,False,3,5,3,2|3|3|3|3|6|6|3|3|3|2|2|3|3|3
10559,9,True,4,11,4,4|4|4|4|9|4|4|5|9|4|4|9|4|9|4
10579,3,False,3,10,6,6|4|3|3|4|6|3|2|6|3|6|6|1|6|3
10599,0,False,0,12,6,6|0|6|2|0|6|6|6|6|8|6|0|6|6|6
10601,2,False,2,6,2,0|2|2|2|0|2|2|2|6|8|2|0|2|2|0
10604,7,False,7,4,7,7|7|7|7|7|2|7|9|7|7|2|7|7|2|7
10605,9,True,4,15,4,6|4|4|4|8|4|0|0|0|4|4|4|4|2|4
10617,2,True,9,15,5,9|9|9|9|5|5|5|5|5|5|5|5|9|0|5
10656,4,False,4,8,4,9|4|4|4|0|9|2|2|9|4|9|4|4|4|1
10665,7,True,5,12,5,5|5|5|5|5|5|5|5|7|0|5|7|7|5|5
10672,8,False,8,4,8,7|8|8|8|8|8|1|8|7|5|8|8|8|8|8
10677,2,True,5,14,5,2|5|5|5|5|5|5|5|5|5|5|5|5|1|5
10688,9,False,9,12,5,9|9|5|5|5|5|5|5|5|5|5|5|5|9|5
10689,5,True,9,2,5,5|5|5|5|5|9|5|5|5|5|5|5|9|5|5
10694,4,True,6,6,4,9|0|0|0|4|4|4|6|0|4|4|4|4|4|4
10695,9,True,8,15,8,4|8|8|8|8|8|8|7|8|8|8|8|8|8|8
10696,2,False,2,14,8,9|8|1|8|8|8|8|4|4|8|8|8|2|9|8
10698,2,True,5,15,5,1|5|5|5|7|5|5|5|7|5|5|5|5|5|5
10719,0,True,2,13,4,9|4|4|4|4|9|0|8|3|0|4|4|4|2|4
10747,3,True,5,15,5,2|5|5|5|5|1|5|5|5|7|5|2|7|5|1
10753,7,False,7,9,-1,7|7|7|7|9|9|9|9|7|5|5|7|9|5|9
10754,9,True,8,14,8,8|8|8|8|4|8|1|1|8|4|8|8|8|9|8
10763,5,True,9,1,5,2|5|5|5|5|5|5|5|5|5|5|5|5|5|5
10771,4,True,6,15,3,6|0|6|3|3|3|3|3|3|6|6|2|6|3|0
10774,4,False,4,4,4,9|4|4|4|9|4|4|4|6|4|4|4|4|9|4
10791,5,True,9,3,5,9|5|5|5|9|5|5|5|5|5|5|9|5|5|5
10799,6,True,3,14,3,2|3|2|3|3|3|1|2|3|6|2|2|1|3|1
10806,3,False,3,4,3,2|3|3|3|3|3|2|3|3|3|2|2|3|3|3
10827,0,False,0,11,6,6|6|6|0|0|6|6|0|6|6|6|0|6|6|6
10854,4,True,7,7,4,4|4|7|7|7|4|7|4|7|4|4|7|4|7|4
10883,9,True,7,15,7,7|7|7|7|1|3|7|7|7|7|7|7|5|1|3
10896,4,False,4,3,4,6|4|4|4|4|4|4|4|6|4|4|4|4|9|4
10953,0,True,8,15,8,8|8|3|8|2|8|8|8|8|8|8|8|8|8|8
10966,3,False,3,7,3,2|3|2|3|2|2|6|3|3|3|3|7|2|3|3
10969,3,False,3,4,3,3|3|2|3|2|3|1|3|3|1|3|3|3|3|3
10972,0,False,0,14,3,8|3|6|3|3|8|3|0|3|8|6|6|3|2|6
10985,2,False,2,13,8,8|0|7|8|0|8|2|2|0|5|8|0|8|0|8
11014,8,False,8,3,8,1|8|8|8|8|1|8|1|8|8|8|8|8|8|8
11022,4,True,6,0,4,4|4|4|4|4|4|4|4|4|4|4|4|4|4|4
11024,1,False,1,3,1,4|7|1|7|1|1|1|1|1|1|1|1|1|1|1
11053,0,True,1,9,1,1|0|1|1|0|1|0|1|1|1|1|0|0|0|1
11061,4,True,6,8,-1,0|4|0|4|4|0|0|0|0|4|4|4|0|2|4
11095,4,True,1,12,0,4|0|1|4|2|0|1|1|2|4|1|2|0|0|0
11120,6,True,3,15,3,2|3|2|3|3|3|4|3|3|3|4|3|3|3|3
11139,6,False,6,5,6,6|4|6|0|4|6|0|6|6|6|6|4|6|6|6
11145,7,True,5,9,5,5|7|7|5|5|1|5|7|5|7|5|7|7|5|5
11148,7,False,7,3,7,7|7|7|7|9|7|7|7|7|7|7|7|9|9|7
11149,9,True,4,12,4,9|4|4|4|4|4|4|4|6|4|4|9|4|9|4
11150,2,False,2,8,2,2|4|0|3|2|0|2|2|2|0|0|4|2|2|0
11166,3,False,3,10,-1,2|3|2|2|6|3|6|3|4|6|6|2|3|2|3
11187,6,True,0,5,6,6|6|6|4|6|6|6|6|6|0|6|0|6|0|0
11192,9,True,4,11,4,9|4|6|4|9|4|3|3|6|4|6|9|4|9|4
11206,4,False,4,6,4,9|4|9|9|4|4|2|4|1|4|4|4|4|9|4
11212,5,True,9,7,5,9|9|5|5|9|9|5|5|5|5|5|9|7|9|5
11237,8,False,8,2,8,8|8|8|8|8|8|1|5|8|8|8|8|8|8|8
11242,6,False,6,12,4,4|4|4|4|4|4|4|4|6|4|4|4|4|6|6
11250,7,False,7,11,-1,9|3|8|5|5|1|5|5|7|7|7|1|7|8|1
11257,3,True,8,15,8,8|8|8|8|0|4|8|8|8|0|8|8|0|8|8
11277,9,True,4,8,9,0|4|9|9|9|4|2|9|1|5|9|4|9|9|4
11286,5,True,9,0,5,5|5|5|5|5|5|5|5|5|5|5|5|5|5|5
11299,6,False,6,8,6,6|4|0|4|6|6|0|4|6|6|4|0|6|4|6
11316,3,True,8,15,8,9|8|8|8|1|5|9|5|8|8|4|8|7|8|8
11351,5,True,9,3,5,9|5|5|5|5|5|5|5|5|5|5|5|9|9|5
11352,5,False,5,9,-1,7|5|5|5|5|1|5|1|5|8|1|1|1|8|1
11366,8,False,8,2,8,3|8|8|8|8|8|8|3|8|8|8|8|8|8|8
11389,1,False,1,4,1,1|0|1|0|1|1|1|1|1|1|1|1|0|1|0
11419,2,True,3,7,2,2|2|2|2|3|3|2|2|3|3|3|2|3|2|3
11424,7,False,7,4,7,9|7|7|7|9|7|7|7|7|7|7|7|9|3|7
11433,5,False,5,3,5,5|5|5|5|3|5|5|5|5|5|5|1|5|5|1
11439,2,False,2,14,3,6|3|4|3|8|3|0|3|3|8|3|2|8|3|8
11451,3,False,3,12,2,2|0|4|3|2|4|6|3|6|1|3|2|0|2|6
11452,0,True,2,1,0,0|0|0|0|0|0|0|0|0|0|2|0|0|0|0
11454,2,True,3,13,3,3|3|2|3|3|6|3|2|3|3|3|0|3|6|1
11474,3,True,5,15,5,1|5|5|5|5|5|5|5|5|5|5|1|5|5|5
11479,9,False,9,13,5,5|5|5|9|5|5|5|5|5|5|5|5|5|9|5
11486,1,False,1,11,4,4|0|1|1|4|4|1|4|2|4|3|0|4|1|0
11499,4,False,4,10,9,9|9|4|9|4|9|9|9|9|4|4|9|9|2|4
11506,9,True,8,15,8,3|8|8|8|8|8|8|8|8|8|8|8|3|8|8
11529,7,True,8,12,8,7|8|8|8|8|8|8|8|8|7|8|7|8|8|8
11535,2,True,3,14,6,8|4|6|6|0|6|2|6|6|6|4|0|4|0|4
11581,2,True,3,14,4,9|3|2|9|4|4|4|4|3|4|4|9|4|9|4
11584,2,True,3,12,3,2|2|3|3|3|3|3|3|3|3|3|2|3|3|3
11585,9,True,6,15,2,4|4|2|2|2|4|2|2|8|6|2|2|2|2|8
11593,9,False,9,10,5,9|5|7|9|5|5|5|9|5|5|5|9|5|9|5
11602,5,False,5,6,5,5|5|5|7|5|5|7|5|5|7|5|7|5|7|7
11649,1,False,1,1,1,1|1|1|1|1|1|1|1|1|1|1|1|0|1|1
11650,2,False,2,9,2,2|2|2|0|8|8|2|0|0|0|8|0|2|2|8
11662,7,True,5,12,5,7|5|5|5|5|5|1|7|5|7|5|5|5|5|5
11668,5,True,9,0,5,5|5|5|5|5|5|5|5|5|5|5|5|5|5|5
11671,6,True,1,13,1,7|3|1|3|3|6|6|3|1|1|3|1|1|1|1
11705,4,False,4,2,4,4|4|4|4|4|4|4|4|0|4|4|4|4|9|4
11765,0,True,1,13,1,1|1|1|0|1|1|1|1|1|0|1|1|1|1|1
11768,5,True,9,1,5,5|5|5|9|5|5|5|5|5|5|5|5|5|5|5
11782,9,False,9,14,-1,2|5|1|5|9|5|5|7|7|7|1|7|7|5|1
11816,4,True,1,15,8,3|0|7|8|0|8|0|8|3|8|3|0|8|3|1
11831,7,True,1,13,1,1|7|7|1|1|1|1|1|1|1|1|1|1|1|1
11835,7,False,7,5,7,7|7|5|7|7|8|7|5|7|7|7|7|1|1|7
11847,4,True,6,0,4,4|4|4|4|4|4|4|4|4|4|4|4|4|4|4
11854,1,False,1,2,1,1|7|1|1|1|1|1|1|1|1|1|1|1|7|1
11901,6,False,6,10,6,9|4|6|6|3|1|6|8|2|6|4|2|6|0|3
11919,2,True,3,11,3,2|3|2|3|3|3|2|3|3|3|3|2|3|3|3
11928,9,True,6,15,4,6|4|4|4|4|4|4|4|6|4|6|4|4|4|4
11935,4,True,5,14,5,5|3|2|5|4|5|5|5|7|5|5|5|5|5|7
11992,8,False,8,13,7,7|8|1|7|8|5|7|2|7|7|5|5|5|6|7
12042,2,True,3,11,3,2|3|3|2|3|3|8|2|3|3|3|2|6|0|3
12052,4,True,6,3,4,4|4|6|3|4|4|4|4|6|4|4|4|4|4|4
12056,0,False,0,13,6,6|6|7|9|0|8|0|9|6|1|6|2|1|1|7
12060,4,True,7,15,7,3|7|7|7|7|7|7|7|7|7|3|7|7|7|7
12070,1,True,5,13,5,1|5|5|5|5|5|5|5|5|7|1|5|4|5|5
12078,5,False,5,12,-1,9|3|3|5|0|5|2|2|2|6|9|7|5|9|3
12086,9,True,4,10,4,4|4|4|4|4|4|9|9|1|4|9|4|9|9|4
12090,4,True,6,9,0,0|4|0|0|4|4|0|4|0|0|4|0|4|2|0
12116,0,False,0,4,0,0|0|0|0|0|6|0|6|6|0|6|0|0|0|0
12118,1,False,1,3,1,1|1|1|0|1|1|0|1|1|1|1|1|1|0|1
12155,5,True,9,8,-1,9|9|9|5|9|9|5|5|5|5|2|5|9|9|5
12166,2,True,5,13,5,2|5|5|5|3|5|5|5|5|5|5|1|5|2|5
12170,1,True,5,13,5,3|5|5|5|5|5|1|5|5|7|5|7|5|2|1
12218,7,True,8,14,8,7|8|8|8|8|8|8|8|8|8|8|8|8|8|8
12222,9,True,4,13,4,4|4|4|4|4|4|4|4|4|4|4|9|4|9|4
12231,4,True,6,3,4,4|4|4|4|4|4|0|4|0|4|4|4|4|2|4
12271,8,False,8,0,8,8|8|8|8|8|8|8|8|8|8|8|8|8|8|8
12279,2,False,2,15,0,0|0|0|0|0|0|0|4|0|0|0|0|0|0|0
12287,6,True,0,3,6,6|6|6|6|0|6|0|6|6|6|6|0|6|6|6
12307,0,True,1,13,1,1|1|1|1|1|1|1|1|1|0|1|0|1|1|1
12318,5,True,9,0,5,5|5|5|5|5|5|5|5|5|5|5|5|5|5|5
12384,6,True,3,12,3,3|0|2|8|0|6|1|2|6|3|6|8|3|4|3
12389,2,False,2,15,0,4|0|0|0|9|0|0|4|0|0|4|4|0|9|4
12396,2,True,7,14,7,7|7|7|7|7|7|7|3|7|7|7|7|7|2|7
12397,6,True,0,11,0,0|0|6|0|0|6|0|0|0|0|6|0|0|6|0
12399,9,True,4,7,9,9|4|4|9|9|4|9|9|0|4|9|9|4|9|4
12400,2,True,3,13,3,3|3|6|2|2|3|3|3|3|3|3|3|3|3|3
12402,4,True,6,5,4,9|4|4|4|4|4|2|4|0|4|4|4|0|2|4
12440,0,True,2,0,0,0|0|0|0|0|0|0|0|0|0|0|0|0|0|0
12445,6,True,3,10,3,6|3|2|3|6|3|6|3|2|6|3|0|6|3|3
12448,9,True,8,15,8,3|3|8|8|8|8|8|8|8|8|8|8|3|8|3
12454,6,True,0,7,6,0|6|6|6|0|6|0|0|6|0|6|0|6|0|6
12478,6,True,0,8,-1,0|0|6|0|0|6|0|6|6|4|6|0|0|6|6
12526,4,True,1,12,1,4|4|1|1|1|1|1|1|0|1|1|2|4|0|0
12531,4,True,1,15,1,1|0|1|7|1|1|1|1|1|1|1|7|1|1|1
12542,9,True,4,14,4,4|4|0|4|4|4|4|4|4|4|4|4|4|9|4
12545,4,True,5,14,5,0|5|3|5|4|5|1|5|7|5|5|5|8|2|5
12547,3,False,3,5,3,6|3|3|2|3|3|2|2|3|3|3|2|3|3|3
12586,4,False,4,5,4,9|4|4|4|4|4|9|8|1|4|4|4|4|9|4
12620,7,True,1,13,1,7|3|7|0|6|1|1|1|1|1|1|2|6|1|1
12668,0,True,2,7,0,2|0|0|0|4|4|0|2|0|0|2|8|0|2|0
12676,7,False,7,2,7,7|7|7|7|7|7|7|4|7|7|7|7|7|4|7
12686,9,True,4,10,4,9|4|4|4|4|4|4|9|9|4|4|4|9|9|4
12706,4,False,4,1,4,4|4|4|4|4|4|4|4|4|4|4|4|2|4|4
12714,7,True,5,15,5,2|5|1|8|5|5|8|5|3|0|5|5|5|3|5
12739,6,True,3,5,6,6|6|6|6|3|6|2|6|3|6|6|2|6|6|3
12756,1,False,1,1,1,1|1|1|7|1|1|1|1|1|1|1|1|1|1|1
12776,9,True,4,13,-1,3|9|7|8|3|5|8|2|3|3|4|9|4|4|4
12782,9,True,4,7,9,9|4|4|9|9|4|4|9|4|4|9|9|9|9|4
12816,6,True,0,7,6,6|0|0|0|0|6|6|6|6|0|6|0|6|6|0
12822,9,False,9,15,5,5|5|5|5|5|5|5|5|7|5|5|5|5|5|5
12835,8,False,8,2,8,3|8|8|8|8|3|8|8|8|8|8|8|8|8|8
12879,2,True,3,8,3,3|2|2|3|3|2|2|2|3|3|3|2|3|2|3
12892,9,True,4,13,4,9|4|4|4|4|4|4|5|6|4|9|4|4|4|4
12908,9,True,8,15,8,8|8|8|8|8|8|8|8|8|8|3|8|8|3|8
12917,0,True,1,12,1,4|0|1|1|0|1|1|1|1|1|4|1|1|0|1
12937,0,False,0,13,6,6|6|6|6|6|6|6|6|6|6|6|0|6|0|6
12939,5,False,5,2,5,2|5|5|5|5|5|5|5|5|5|5|5|5|9|5
12945,8,True,7,15,-1,7|3|9|9|9|7|7|9|5|7|5|7|5|5|5
12946,3,False,3,14,6,2|6|6|2|6|6|4|6|6|6|3|6|6|6|6
12948,4,False,4,3,4,9|9|4|4|4|4|4|2|4|4|4|4|4|4|4
13031,1,True,5,15,7,7|7|9|7|5|7|7|7|7|0|5|7|7|7|7
13038,7,True,1,14,1,1|1|1|7|1|1|1|1|1|1|1|1|1|1|1
13067,1,True,5,14,5,5|7|5|5|5|5|5|5|5|5|5|5|5|5|1
13075,3,False,3,6,3,2|2|6|3|3|3|6|3|3|3|3|2|3|1|3
13078,2,False,2,6,2,2|2|2|2|2|0|0|2|4|0|2|2|0|2|1
13079,7,True,1,9,1,7|7|7|7|1|1|1|7|1|1|1|7|1|1|1
13098,2,True,3,9,3,2|2|2|3|3|3|3|3|3|0|3|2|2|2|3
13143,3,True,8,14,8,3|8|8|8|8|8|8|8|8|8|8|8|8|8|8
13153,8,False,8,1,8,3|8|8|8|8|8|8|8|8|8|8|8|8|8|8
13164,8,False,8,2,8,8|8|8|8|8|4|8|8|8|1|8|8|8|8|8
13167,9,False,9,13,5,9|5|5|5|9|5|5|5|5|5|5|5|5|5|5
13178,9,True,4,15,3,3|4|6|3|3|6|3|6|3|3|3|3|6|3|3
13195,4,False,4,14,0,0|4|7|0|8|0|0|5|0|0|0|2|0|2|2
13217,9,True,4,10,4,6|4|4|4|4|4|4|9|6|4|9|9|9|9|4
13222,3,False,3,13,2,0|2|6|2|0|3|4|2|4|6|3|2|6|2|4
13229,2,True,9,15,5,9|5|5|5|5|5|5|5|5|5|5|5|5|9|5
13238,7,True,1,10,1,7|7|1|7|1|1|7|1|1|1|1|7|1|1|1
13251,5,False,5,4,5,3|5|5|5|5|5|5|5|5|7|5|7|5|2|5
13280,6,True,3,10,3,6|3|3|3|3|6|6|6|3|3|3|3|3|6|3
13336,0,True,1,13,1,1|1|1|1|1|1|0|1|1|1|1|1|0|1|1
13357,2,True,3,10,3,2|2|2|2|3|3|6|3|3|3|3|2|3|3|3
13378,7,False,7,2,7,7|7|7|7|7|3|7|7|7|7|7|7|7|8|7
13411,2,True,3,7,2,2|2|2|3|3|2|3|2|3|3|2|2|3|2|3
13465,2,False,2,12,8,2|8|0|2|0|0|8|6|8|8|0|8|4|2|6
13470,1,False,1,7,1,7|7|7|7|1|1|7|1|7|1|1|7|1|1|1
13493,0,True,5,15,5,7|5|5|7|5|5|5|5|5|7|5|7|5|5|5
13502,6,True,2,13,4,4|4|6|4|4|6|4|4|4|4|4|2|0|3|4
13525,2,True,7,15,7,7|7|7|7|7|3|7|7|7|7|7|7|7|7|7
13543,7,False,7,7,7,4|4|7|7|4|4|7|4|7|4|7|7|4|7|7
13553,0,False,0,15,4,6|4|9|4|4|4|5|9|3|4|4|4|4|6|4
13561,4,True,6,1,4,4|4|4|4|4|4|4|4|0|4|4|4|4|4|4
13581,2,False,2,11,0,0|4|2|4|0|0|2|4|0|0|2|0|0|2|0
13596,5,True,9,3,5,5|9|5|5|9|5|5|5|5|5|9|5|5|5|5
13597,9,True,7,9,9,9|9|9|5|9|5|9|7|5|5|7|5|7|0|9
13600,6,True,3,14,3,2|3|2|3|3|2|6|2|3|3|3|3|3|2|3
13606,5,True,9,0,5,5|5|5|5|5|5|5|5|5|5|5|5|5|5|5
13620,2,False,2,10,0,2|0|2|0|0|0|2|4|0|0|0|0|8|2|2
13630,9,True,8,15,8,8|8|8|8|8|8|8|8|8|8|8|8|8|8|8
13631,6,True,0,0,6,6|6|6|6|6|6|6|6|6|6|6|6|6|6|6
13647,9,False,9,13,5,9|5|5|5|9|5|5|5|5|5|5|5|5|5|5
13681,3,True,2,15,-1,2|2|2|2|2|0|0|2|0|0|0|0|4|2|0
13695,6,False,6,15,4,9|4|4|4|4|4|4|4|4|4|4|2|4|2|4
13732,7,False,7,4,7,9|7|7|7|9|7|7|9|7|7|7|7|7|9|7
13739,9,True,4,9,4,4|4|4|4|9|9|4|9|0|4|4|9|9|9|4
13748,5,True,9,4,5,9|5|5|5|9|5|5|5|5|5|5|5|2|9|5
13771,7,True,8,13,8,8|8|7|8|5|8|8|5|7|1|8|8|5|8|8
13775,4,False,4,3,4,4|4|0|4|4|9|4|4|0|4|4|4|4|4|4
13784,9,True,7,9,7,9|7|7|7|7|9|7|9|7|7|7|7|9|9|9
13788,1,False,1,1,1,1|0|1|1|1|1|1|1|1|1|1|1|1|1|1
13799,3,True,7,14,7,7|7|7|7|7|7|7|7|7|7|3|7|7|7|7
13800,9,True,4,10,4,9|4|4|4|9|4|4|9|6|4|4|4|9|9|4
13801,1,False,1,5,1,8|7|1|7|1|1|1|1|1|0|1|7|1|1|1
13852,5,False,5,9,5,7|5|5|7|9|5|5|5|7|7|1|7|5|1|3
13885,4,False,4,4,4,4|4|4|4|4|9|2|2|4|4|4|4|4|9|4
13908,3,True,8,14,8,8|8|8|8|8|3|8|8|8|8|8|8|8|8|8
13922,5,True,9,4,5,9|5|5|5|5|5|9|5|5|5|9|5|5|9|5
13931,0,True,2,14,4,4|4|4|4|4|4|0|4|4|4|4|4|4|2|4
13983,3,True,7,15,7,2|7|2|7|7|7|7|7|7|7|7|7|7|2|7
13993,3,False,3,5,3,2|3|2|3|3|3|3|2|3|3|3|2|2|3|3
14002,2,False,2,9,2,2|8|2|8|2|0|2|2|0|5|0|2|0|0|8
14020,9,True,4,14,4,4|4|4|4|4|9|4|4|4|4|4|4|4|4|4
14022,4,True,7,13,7,7|7|7|7|4|8|7|5|7|7|7|7|7|4|9
14035,4,False,4,5,4,4|4|9|9|4|4|0|4|0|4|4|4|4|9|4
14057,4,False,4,4,4,4|4|2|4|6|4|4|6|4|4|4|4|4|9|4
14059,4,True,5,15,7,7|7|7|7|7|2|7|1|7|5|5|7|7|9|7
14062,4,True,5,15,5,5|3|5|2|2|9|7|5|7|5|5|5|2|6|5
14065,4,True,6,12,8,3|4|3|8|2|3|8|8|8|4|7|7|4|8|0
14068,8,False,8,7,8,3|8|8|3|3|3|8|8|8|3|8|8|8|3|3
14085,7,True,8,15,8,6|8|6|8|4|3|8|8|8|5|8|5|8|8|8
14096,9,True,4,10,4,9|4|4|9|4|4|4|9|4|4|4|4|9|9|4
14113,6,False,6,14,4,4|4|4|4|4|4|4|4|4|4|4|4|4|6|4
14120,3,True,8,14,8,8|8|8|8|8|3|8|9|8|8|8|8|8|8|8
14197,7,True,8,14,8,8|8|8|8|8|8|8|7|8|8|8|8|8|8|8
14206,4,False,4,6,4,9|4|9|9|4|4|4|4|6|4|4|9|4|9|4
14209,9,False,9,11,5,9|5|5|9|9|5|5|5|5|5|5|5|5|9|5
14215,0,True,1,12,1,1|1|1|0|1|1|1|0|1|0|1|1|1|1|1
14218,4,True,6,12,0,4|0|6|4|0|6|0|0|0|0|6|4|0|0|0
14231,9,False,9,14,5,9|5|5|5|5|5|5|5|5|5|5|5|5|5|5
14247,9,True,7,11,7,7|7|7|7|7|9|7|9|7|7|9|7|7|9|7
14312,2,True,3,9,2,2|4|2|4|3|2|2|3|4|4|2|9|4|2|3
14320,0,True,2,9,0,9|2|4|0|4|0|2|9|0|0|4|4|0|0|4
14345,9,True,4,12,4,4|4|4|4|9|4|4|9|6|4|4|4|4|9|4
14365,3,True,8,13,8,3|8|8|8|8|3|8|8|8|8|8|8|8|8|8
14461,2,True,7,14,7,2|5|7|7|7|7|7|7|7|7|7|7|7|1|7
14464,3,False,3,5,3,3|3|2|3|3|3|2|3|3|3|3|2|2|2|3
14467,9,False,9,15,5,5|5|5|5|5|5|5|5|5|5|5|5|5|5|5
14485,6,True,0,8,0,6|0|6|6|0|6|0|0|6|0|6|0|0|0|6
14499,2,True,3,6,2,2|3|2|2|3|2|2|2|3|3|2|2|3|2|3
14500,8,False,8,2,8,8|8|8|8|8|8|8|6|8|8|8|8|8|8|0
14504,2,False,2,13,6,6|2|6|0|4|8|6|0|2|8|8|6|6|8|0
14524,7,True,5,10,5,7|7|5|7|5|5|5|5|5|5|7|5|7|5|5
14531,0,True,1,14,1,7|0|1|1|1|1|1|1|1|1|1|7|1|1|1
14534,5,False,5,7,5,1|5|5|5|5|1|1|1|5|3|1|5|5|5|1
14542,9,True,7,6,9,7|9|7|7|9|9|9|9|5|7|7|9|9|9|9
14558,7,False,7,3,7,7|7|7|5|7|9|7|7|7|7|7|7|7|9|7
14576,0,False,0,6,0,0|0|6|0|0|6|0|0|6|0|6|0|0|6|6
14597,9,True,7,15,5,5|5|5|5|0|1|5|5|5|5|5|7|5|7|7
14603,0,False,0,11,6,6|6|6|0|0|6|6|6|6|6|6|0|0|6|6
14624,0,True,1,12,1,7|1|1|0|0|1|1|1|1|1|1|0|1|1|1
14630,4,True,7,15,7,9|9|7|7|9|9|7|9|7|7|7|7|7|9|7
14636,7,True,3,15,6,8|6|6|3|0|6|0|6|6|6|6|0|0|6|0
14646,6,False,6,10,0,0|4|0|4|4|6|0|6|0|4|6|0|0|6|6
14659,1,False,1,6,1,7|7|1|7|1|1|7|1|7|1|1|7|1|1|1
14672,2,True,9,14,9,7|9|9|9|9|2|9|9|7|7|9|9|9|9|9
14677,3,False,3,14,6,6|2|2|2|6|1|1|4|4|4|6|3|6|8|6
14684,9,True,4,14,4,4|4|4|4|4|4|4|4|4|4|4|4|4|9|4
14720,0,True,2,8,0,0|0|2|2|4|0|0|6|4|0|2|0|0|6|6
14725,4,False,4,6,4,8|4|4|4|4|4|4|8|1|5|4|4|9|9|4
14730,4,True,6,15,6,6|0|6|0|0|6|6|6|6|0|6|0|0|6|0
14746,3,True,2,14,4,4|2|4|3|4|4|4|5|0|4|4|4|2|6|4
14752,7,False,7,2,7,7|7|7|7|7|7|7|9|7|7|7|7|7|2|7
14761,0,True,3,14,8,8|8|3|8|2|8|3|8|0|3|3|8|3|3|8
14790,0,True,1,11,1,3|3|6|0|8|1|0|1|1|6|1|0|6|0|1
14800,4,True,6,3,4,9|4|4|4|4|4|4|4|4|4|4|9|4|9|4
14801,9,False,9,13,5,9|5|5|5|5|5|5|5|5|5|5|5|9|5|5
14847,0,False,0,10,6,6|0|6|0|6|6|6|6|6|0|6|0|6|0|6
14848,0,True,2,2,0,0|0|0|0|0|4|0|0|0|0|0|0|0|6|0
14850,2,True,3,10,3,2|3|2|3|3|3|3|2|3|0|3|2|3|2|3
14871,1,False,1,5,1,7|7|1|7|1|1|1|7|1|1|1|7|1|1|1
14902,1,False,1,1,1,0|1|1|1|1|1|1|1|1|1|1|1|1|1|1
14908,8,False,8,2,8,3|8|8|8|8|3|8|8|8|8|8|8|8|8|8
14922,6,False,6,14,3,3|4|9|2|3|8|3|4|0|3|4|4|3|6|3
14928,2,True,3,13,3,3|3|2|3|8|3|2|3|3|3|3|7|3|3|3
14931,0,False,0,15,6,6|4|1|7|6|1|6|1|6|6|6|8|6|2|5
14990,4,True,6,4,4,9|4|4|4|4|4|4|4|4|4|4|4|0|9|0
15010,6,True,0,4,6,6|6|6|4|4|6|0|6|6|6|6|6|0|6|6
15032,6,True,0,10,3,8|3|6|9|2|6|3|6|3|6|3|3|8|6|3
15070,7,False,7,10,9,5|7|9|9|9|9|5|9|7|7|5|7|9|7|9
15114,0,False,0,11,6,6|6|6|0|0|6|6|6|6|0|6|0|6|6|6
15117,9,True,6,15,4,4|4|4|4|4|4|4|4|4|4|4|4|4|4|4
15124,1,False,1,13,8,8|8|1|1|0|0|7|7|8|8|3|2|3|8|0
15138,4,False,4,12,8,4|7|7|8|0|6|9|8|8|7|3|8|4|4|6
15173,5,False,5,11,7,7|2|2|8|3|5|5|4|7|7|7|7|5|7|5
15226,7,True,8,9,7,7|7|2|8|8|4|5|5|7|7|7|8|7|8|8
15241,2,True,9,15,5,9|5|5|5|5|5|5|5|5|5|5|5|9|5|5
15248,3,True,8,11,8,8|8|3|8|8|3|3|8|3|8|8|8|8|8|8
15251,6,True,9,15,5,5|5|5|5|9|5|5|5|5|5|5|5|5|5|5
15269,9,True,7,15,7,7|7|7|7|4|4|7|7|7|7|7|7|7|2|2
15282,4,True,6,1,4,4|4|4|4|4|4|4|4|4|4|4|4|4|9|4
15294,0,True,1,12,1,1|1|1|0|1|1|1|7|1|0|1|1|0|1|1
15361,4,True,1,11,0,4|0|1|1|4|1|0|4|0|0|0|8|4|1|0
15370,3,True,8,15,8,8|8|8|8|8|8|1|1|8|8|8|8|8|1|1
15374,0,False,0,10,6,6|0|6|6|0|6|1|6|0|6|3|0|6|6|0
15391,2,True,5,15,5,7|5|5|7|5|5|5|1|5|5|5|5|5|5|5
15407,7,False,7,5,7,7|4|7|7|7|4|1|7|7|7|3|7|4|7|7
15412,7,True,1,9,1,7|7|1|7|1|1|7|7|1|1|1|7|1|1|1
15420,8,False,8,6,8,3|8|8|8|8|5|5|5|3|5|8|8|8|8|8
15421,6,False,6,3,6,6|6|6|0|6|6|6|6|0|6|6|0|6|6|6
15450,9,True,8,12,4,2|4|4|2|9|4|5|9|9|4|4|4|4|3|4
15492,6,True,3,13,3,3|3|3|2|3|3|6|3|3|4|4|3|3|6|4
15495,6,True,0,8,0,6|6|0|0|0|6|0|6|6|0|6|0|0|0|6
15507,2,False,2,13,0,0|0|2|0|0|0|0|5|0|0|4|0|2|0|0
15509,0,False,0,13,6,6|4|6|3|2|6|0|6|6|6|6|0|6|6|6
15510,6,True,1,14,1,6|1|1|1|0|1|1|1|1|1|7|1|1|1|1
15524,9,False,9,8,-1,9|5|9|5|9|9|5|9|5|5|5|7|9|5|9
15530,9,True,4,8,-1,9|4|9|4|9|4|4|4|1|4|4|9|9|9|9
15538,3,False,3,7,3,3|2|2|3|3|3|3|3|3|6|3|2|8|2|1
15546,7,False,7,0,7,7|7|7|7|7|7|7|7|7|7|7|7|7|7|7
15547,6,True,9,15,5,5|5|5|5|5|5|5|5|5|5|5|5|5|5|5
15549,5,False,5,8,5,2|5|1|9|5|5|1|5|5|3|5|5|3|9|1
15561,2,True,3,11,3,2|3|3|3|3|2|0|3|3|3|3|2|2|3|3
15596,4,False,4,9,2,2|4|2|2|4|4|2|4|0|4|2|2|4|2|1
15605,0,False,0,2,0,0|4|0|0|0|0|0|1|0|0|0|0|0|0|0
15607,5,False,5,14,7,7|7|7|7|7|7|7|5|7|7|7|7|7|8|7
15610,9,True,4,14,-1,6|4|3|4|4|9|2|4|3|4|6|2|3|3|3
15618,6,True,0,4,6,6|0|6|6|0|6|6|6|6|6|6|0|6|0|6
15659,4,True,6,15,8,8|8|8|7|8|8|8|8|8|8|8|8|8|2|8
15662,2,True,3,13,3,3|3|2|3|3|1|3|2|3|0|3|3|6|3|3
15669,8,True,1,15,1,1|1|1|0|1|1|1|1|1|1|1|1|1|1|1
15671,2,False,2,12,0,2|5|0|0|0|0|2|2|0|0|0|0|0|0|8
15690,1,False,1,7,1,1|8|7|1|1|1|1|3|7|1|3|2|3|1|1
15696,5,False,5,2,5,5|5|0|5|5|5|5|7|5|5|5|5|5|5|5
15716,8,True,6,15,4,0|4|4|2|4|4|0|2|4|4|3|9|4|2|4
15737,9,True,6,15,-1,8|2|1|2|8|1|1|2|3|3|4|3|2|1|6
15748,8,False,8,1,8,8|8|8|8|8|8|8|8|8|8|8|8|8|3|8
15772,8,False,8,2,8,8|5|8|8|8|3|8|8|8|8|8|8|8|8|8
15774,5,True,9,1,5,5|5|5|9|5|5|5|5|5|5|5|5|5|5|5
15788,0,True,2,15,8,8|8|8|8|8|3|8|5|8|8|6|8|4|1|8
15789,7,False,7,2,7,7|7|7|7|7|9|7|7|7|7|7|7|7|9|7
15806,6,True,0,6,6,6|6|6|0|0|6|0|6|6|6|6|0|6|0|0
15807,5,True,9,8,5,9|5|9|5|9|5|5|5|7|9|7|7|9|5|5
15822,3,False,3,4,3,2|3|3|3|3|3|3|2|2|3|3|3|3|2|3
15827,3,True,2,15,2,2|2|2|2|2|0|2|2|2|4|0|2|2|2|2
15831,2,False,2,13,0,8|2|2|0|4|0|0|0|0|0|0|0|0|0|0
15841,4,True,6,13,6,0|3|3|8|6|4|0|6|8|6|4|2|6|1|0
15843,2,True,9,15,5,9|5|5|5|5|5|5|5|7|5|5|5|5|5|5
15848,2,True,3,12,3,3|2|8|3|8|3|8|3|4|6|3|2|6|2|3
15869,9,True,7,14,7,7|7|7|7|4|7|7|7|7|7|7|7|7|7|9
15873,4,True,6,14,8,6|4|6|8|8|6|1|1|6|8|8|8|8|6|8
15885,0,True,2,13,4,4|4|4|4|4|4|4|4|0|4|4|4|0|9|4
15889,0,True,1,10,1,0|0|1|0|1|1|1|1|1|0|1|1|0|1|1
15905,5,True,8,15,8,8|8|8|8|8|3|8|1|8|8|8|8|8|8|8
15907,9,True,7,12,7,7|7|7|7|7|9|7|9|7|7|7|7|7|9|7
15928,5,True,9,0,5,5|5|5|5|5|5|5|5|5|5|5|5|5|5|5
15932,2,True,3,9,3,2|3|2|3|2|3|2|2|3|6|3|2|3|3|3
15976,5,True,9,4,5,9|5|5|5|9|5|5|5|7|5|5|5|5|9|5
15977,7,False,7,4,7,7|7|7|7|7|9|7|7|7|7|3|7|7|4|3
15988,1,False,1,1,1,1|1|1|1|0|1|1|1|1|1|1|1|1|1|1
16005,0,True,2,10,2,2|2|2|2|2|0|2|2|0|0|0|0|4|2|2
16034,6,True,0,6,6,6|6|6|0|4|4|7|2|6|6|6|0|6|6|6
16043,4,True,6,3,4,4|4|4|4|4|4|4|9|6|4|4|4|4|9|4
16045,4,False,4,4,4,4|4|4|4|4|0|4|2|0|6|4|4|4|4|4
16050,9,True,7,14,5,1|7|9|5|7|7|5|5|5|7|7|5|5|5|5
16065,6,False,6,13,8,1|8|2|8|4|3|8|0|8|6|8|8|0|6|8
16081,3,True,8,13,8,8|8|8|8|8|3|8|3|8|8|8|8|8|8|8
16098,0,True,1,14,8,8|3|6|6|4|6|8|2|7|8|5|8|0|8|6
16100,4,True,1,14,1,1|4|1|7|1|1|1|1|1|1|1|1|1|1|1
16124,7,False,7,4,7,7|7|7|7|9|9|7|7|7|7|7|7|7|9|9
16139,2,False,2,12,4,8|4|2|6|4|4|0|0|6|0|6|2|4|2|8
16180,4,True,7,11,7,7|4|7|7|9|4|4|4|7|7|3|7|7|8|3
16181,9,False,9,15,5,5|5|5|5|5|5|5|5|5|5|5|5|5|5|5
16192,1,False,1,3,1,1|0|1|1|1|1|0|1|1|1|1|1|1|0|1
16203,9,False,9,12,5,9|5|5|5|9|5|5|5|5|5|5|5|5|9|5
16211,9,True,4,10,4,9|4|9|4|4|4|1|2|6|4|9|9|9|6|4
16259,6,False,6,5,6,8|4|6|8|6|6|6|6|6|6|6|2|6|6|0
16263,2,True,7,15,7,7|7|7|7|9|9|7|7|7|7|7|7|7|0|7
16280,6,True,0,9,-1,6|3|6|0|0|2|0|6|0|6|6|0|6|3|0
16300,6,True,1,15,1,1|7|1|7|1|1|1|1|1|1|1|7|1|7|1
16306,7,False,7,6,7,7|7|7|9|9|9|7|7|7|7|7|7|9|0|9
16338,3,False,3,11,6,6|4|3|4|2|3|6|6|6|3|4|9|6|9|3
16341,9,True,7,15,7,7|7|7|7|7|5|7|7|7|7|7|7|7|5|3
16351,4,True,5,15,5,7|5|5|7|5|5|5|5|5|5|5|7|1|5|5
16363,6,False,6,5,6,6|4|6|0|4|6|0|6|6|6|6|0|6|6|6
16401,7,False,7,5,7,9|7|7|7|7|9|7|7|7|7|2|7|2|2|7
16418,5,False,5,7,5,7|5|2|5|1|5|7|5|5|1|5|5|5|7|2
16435,4,True,6,11,0,4|8|4|8|4|8|2|4|0|0|2|0|0|2|0
16457,3,False,3,4,3,3|2|3|3|3|3|2|3|3|6|3|2|3|3|3
16468,9,True,7,15,7,7|7|7|7|4|3|7|7|7|7|1|7|7|7|7
16493,6,True,2,15,-1,2|4|4|4|2|8|2|1|8|0|4|8|3|2|8
16497,6,True,2,12,4,6|4|3|1|4|4|2|6|9|4|4|9|2|6|4
16503,0,True,1,12,1,1|0|1|1|1|1|0|1|1|0|1|1|1|1|1
16506,2,False,2,15,9,9|4|4|9|9|4|9|9|4|4|4|9|9|9|4
16518,5,False,5,8,5,7|5|7|5|5|5|7|2|5|5|7|7|5|1|2
16547,4,True,6,15,6,0|6|6|0|0|6|6|6|6|6|6|0|6|6|6
16549,7,True,8,15,8,8|8|8|8|8|8|8|8|8|5|8|8|8|8|8
16559,0,True,2,12,4,0|4|4|2|9|4|4|9|6|0|4|4|0|9|4
16584,6,False,6,15,8,8|7|8|8|2|1|1|2|8|3|3|8|8|0|8
16598,5,False,5,9,1,1|5|1|5|1|5|5|1|5|1|5|1|1|1|1
16601,6,True,3,12,3,6|2|2|3|2|6|0|3|3|3|3|2|6|3|3
16628,4,True,1,15,1,1|1|1|1|1|1|1|1|1|1|1|1|1|1|1
16633,4,True,6,4,4,4|4|2|0|2|4|4|4|4|4|4|4|4|6|4
16636,5,False,5,11,-1,9|2|5|9|1|7|5|5|7|7|2|9|7|5|9
16639,6,False,6,15,0,4|4|0|0|0|0|0|2|0|0|0|0|0|2|0
16650,2,False,2,12,4,9|4|0|2|4|8|2|4|6|4|0|4|4|2|6
16675,9,False,9,15,5,5|5|5|5|5|5|5|5|5|5|5|5|5|5|5
16683,3,True,2,12,4,6|9|4|4|3|3|4|9|4|4|4|2|4|4|3
16710,2,False,2,4,2,2|2|2|2|2|2|2|2|0|4|3|2|2|2|0
16715,8,True,2,15,0,0|0|2|0|0|0|0|0|0|0|0|0|0|0|0
16727,3,True,7,15,7,7|7|7|7|9|2|1|7|7|7|7|7|7|7|7
16734,9,True,4,10,-1,4|4|3|3|9|9|4|5|1|4|4|9|9|9|3
16758,0,False,0,15,6,6|6|6|6|6|6|6|6|6|6|6|6|6|6|6
16777,0,True,2,0,0,0|0|0|0|0|0|0|0|0|0|0|0|0|0|0
16807,9,True,6,15,4,4|4|4|4|4|4|4|4|0|4|4|4|0|4|4
16809,5,True,9,2,5,9|9|5|5|5|5|5|5|5|5|5|5|5|5|5
16826,6,True,2,10,6,6|3|6|2|8|1|7|0|8|6|3|1|6|6|8
16830,0,True,2,12,2,2|8|2|2|2|2|2|2|0|8|0|8|0|2|8
16831,9,True,7,13,7,7|7|7|7|9|4|7|7|7|7|7|7|7|7|9
16846,1,False,1,0,1,1|1|1|1|1|1|1|1|1|1|1|1|1|1|1
16850,5,True,9,4,5,9|5|5|5|9|5|5|5|5|5|5|9|9|5|5
16851,7,True,1,11,1,7|7|1|7|1|1|1|7|1|1|1|1|1|1|1
16857,0,False,0,7,0,0|6|6|0|0|6|0|0|6|6|6|0|0|0|6
16885,7,False,7,5,7,8|7|9|7|8|3|7|7|7|7|7|7|7|9|7
16890,1,False,1,3,1,1|1|1|1|1|7|1|1|1|0|1|1|0|1|1
16897,9,True,6,15,8,8|4|8|8|4|4|8|0|8|0|6|2|4|6|8
16916,6,True,0,4,6,6|0|6|6|0|6|0|6|6|6|6|0|6|6|6
16932,3,True,8,13,8,8|8|8|8|8|8|8|3|8|8|8|8|8|8|3
16937,9,True,4,11,4,4|4|4|9|9|4|4|9|6|4|4|4|4|9|4
16948,4,True,6,3,4,6|4|4|4|4|4|4|4|6|4|4|4|4|6|4
16972,2,True,5,4,2,2|5|2|2|2|2|2|2|7|5|2|5|2|2|2
16996,4,False,4,12,9,9|9|8|8|9|8|9|1|8|4|4|9|9|9|4
17036,2,True,9,11,5,2|2|2|5|9|9|5|9|5|5|5|9|9|2|5
17038,8,True,2,15,4,6|4|2|4|4|0|0|4|0|4|4|4|4|4|4
17052,0,False,0,8,6,6|6|0|0|0|0|0|0|6|6|6|0|6|6|6
17065,9,False,9,13,5,5|5|5|5|9|5|5|5|5|5|5|5|5|9|5
17094,7,True,5,8,7,7|7|5|7|1|5|7|1|5|7|7|5|7|1|5
17099,4,True,6,12,-1,8|2|6|0|0|4|2|2|6|4|6|4|8|0|8
17100,6,False,6,11,4,4|4|6|6|4|4|4|6|4|4|4|4|4|6|4
17113,1,False,1,1,1,1|7|1|1|1|1|1|1|1|1|1|1|1|1|1
17124,0,False,0,15,6,6|4|6|6|4|6|6|4|3|3|6|4|4|4|6
17135,9,True,4,13,4,4|4|3|3|4|8|4|9|6|4|4|4|2|9|3
17149,6,False,6,13,4,4|4|6|4|4|4|4|4|6|4|4|4|4|4|4
17179,4,False,4,9,4,9|9|4|3|4|4|4|9|6|8|2|4|9|9|4
17193,8,True,7,15,7,7|7|7|7|7|2|7|7|7|7|7|7|7|7|7
17213,3,True,5,15,-1,7|8|5|8|9|2|8|9|5|5|7|7|7|8|5
17229,7,False,7,3,7,7|7|7|7|9|3|7|9|7|7|7|7|7|7|7
17244,9,True,7,9,7,7|7|7|7|9|9|7|9|7|7|7|7|9|9|9
17261,2,True,5,15,5,3|5|7|5|5|3|5|5|5|5|5|7|3|5|5
17279,2,False,2,14,0,0|0|2|0|0|0|0|0|0|0|0|0|0|0|0
17348,2,False,2,11,-1,6|2|2|2|4|6|0|2|4|4|8|4|6|8|8
17356,0,True,7,15,7,9|7|7|7|9|9|7|7|5|7|1|7|7|7|7
17359,1,True,5,13,7,3|7|1|9|9|1|5|5|7|7|7|8|7|9|3
17362,3,True,8,13,8,8|8|8|8|8|3|8|8|8|8|8|8|8|8|3
17366,0,False,0,7,0,0|0|6|0|6|0|0|1|6|0|6|0|6|0|6
17371,1,True,3,15,6,0|6|6|0|6|6|6|6|6|6|6|2|6|0|6
17381,6,True,0,4,6,6|4|6|6|4|6|6|6|6|6|6|0|0|6|6
17384,5,False,5,1,5,5|5|5|5|5|5|5|5|5|5|7|5|5|5|5
17397,7,True,0,15,6,8|6|2|6|0|6|8|3|6|6|3|8|6|6|3
17428,2,False,2,15,0,0|0|0|0|0|0|8|0|3|0|0|0|0|0|0
17434,7,False,7,4,7,9|7|7|7|9|9|7|7|7|7|7|7|7|9|7
17439,0,True,2,2,0,0|4|0|0|4|0|0|0|0|0|0|0|0|0|0
17445,4,True,5,15,-1,3|7|2|5|1|0|1|5|5|7|7|7|5|7|5
17468,6,False,6,14,4,4|4|4|4|4|4|4|4|6|4|4|4|4|4|4
17486,4,False,4,6,4,4|4|4|0|4|4|2|5|0|4|4|4|2|9|4
17488,1,True,3,15,6,2|4|2|6|6|6|6|6|6|6|6|0|6|6|3
17500,9,False,9,12,5,9|3|5|9|5|5|5|7|5|5|5|9|5|5|5
17543,3,True,5,15,5,1|5|5|5|5|5|1|1|5|1|7|7|5|1|5
17585,6,True,2,14,4,9|3|8|2|9|8|8|4|6|4|4|4|4|2|8
17586,5,False,5,1,5,5|5|5|5|5|5|5|5|5|5|7|5|5|5|5
17593,3,True,2,13,2,2|9|2|4|4|2|6|9|3|4|3|2|9|2|4
17622,2,True,7,14,7,7|7|7|7|7|7|7|7|7|7|7|7|7|2|7
17633,2,True,9,15,5,5|5|5|5|5|5|5|5|5|5|5|5|5|5|5
17642,6,True,3,12,3,1|3|2|3|3|6|3|3|3|6|3|3|6|3|3
17648,6,False,6,13,-1,6|0|0|0|4|6|3|1|3|4|3|0|4|2|4
17661,9,True,4,15,3,0|3|3|3|2|6|6|6|3|3|3|3|3|6|3
17666,5,False,5,3,5,2|5|5|5|5|5|5|5|5|5|5|5|2|3|5
17720,6,True,0,11,0,0|0|2|3|0|0|0|0|1|6|6|0|0|6|6
17728,0,False,0,9,6,0|0|6|6|0|6|6|6|6|0|6|0|6|6|0
17730,2,True,3,10,6,2|3|2|2|0|6|6|6|6|3|3|2|6|2|6
17753,4,False,4,8,4,9|9|4|4|9|4|9|8|6|4|4|4|9|4|0
17763,3,False,3,4,3,3|3|2|3|3|6|2|3|3|3|3|3|3|6|3
17764,4,True,6,14,-1,6|6|6|0|0|6|0|6|6|0|6|0|0|0|4
17772,0,True,1,13,1,1|1|1|6|0|1|1|1|1|1|1|1|1|0|1
17792,9,True,8,15,8,8|8|8|8|8|2|8|2|3|5|8|8|8|3|5
17803,2,False,2,13,9,2|9|4|9|9|9|9|2|3|4|4|9|4|3|9
17808,7,False,7,4,7,7|7|9|5|7|7|7|7|7|7|7|7|7|5|5
17812,2,False,2,12,0,6|6|0|6|4|2|2|6|6|0|2|0|0|0|0
17840,1,True,3,14,3,2|4|6|3|4|3|1|9|0|3|6|0|6|8|3
17855,9,True,4,11,4,4|4|9|9|9|4|2|0|0|4|4|4|2|9|4
17858,6,True,0,5,6,6|6|6|0|6|6|6|6|6|0|0|0|6|0|6
17860,9,True,4,12,4,4|4|9|4|4|4|4|9|6|4|4|4|4|9|4
17904,1,False,1,2,1,1|0|1|1|1|1|1|1|1|0|1|1|1|1|1
17946,4,True,6,11,6,4|4|6|4|4|6|0|6|6|6|6|0|6|0|6
17950,3,False,3,8,3,3|2|6|2|3|6|3|3|3|6|3|0|6|6|3
17955,4,False,4,4,4,2|4|4|4|9|4|4|4|1|4|4|4|4|9|4
17958,5,True,9,3,5,9|5|5|5|9|5|5|9|5|5|5|5|5|5|5
17988,1,True,8,15,8,3|8|8|8|8|3|8|8|8|8|8|8|8|8|8
18023,5,True,9,3,5,9|5|5|5|5|5|5|5|5|5|5|5|9|9|5
18062,4,False,4,4,4,4|4|9|4|4|4|4|4|6|4|4|9|4|9|4
18064,4,True,6,14,3,3|3|3|8|7|1|1|8|6|4|3|3|6|3|3
18074,1,False,1,1,1,8|1|1|1|1|1|1|1|1|1|1|1|1|1|1
18081,9,True,7,12,7,7|7|7|9|9|9|7|7|7|7|7|7|7|3|7
18082,0,True,1,13,1,1|3|2|1|1|0|1|1|1|3|1|1|0|1|1
18083,8,False,8,5,8,3|8|3|8|8|3|8|3|3|8|8|8|8|8|8
18093,7,True,8,15,8,8|8|8|8|8|3|8|8|8|8|8|8|8|8|8
18106,3,True,4,15,9,9|4|9|9|4|4|9|9|9|4|9|9|4|9|4
18137,6,True,0,6,6,6|6|6|0|0|6|0|6|6|0|6|0|6|0|6
18145,9,True,7,13,7,7|7|7|7|9|7|7|7|7|7|3|7|7|9|7
18155,6,False,6,3,6,6|6|6|0|6|6|2|6|6|6|6|0|6|6|6
18190,9,True,4,8,9,9|9|9|9|4|3|4|9|1|4|4|9|4|9|4
18196,2,True,3,9,3,2|3|2|2|2|3|3|3|3|3|2|7|3|2|3
18203,5,True,9,10,9,2|9|9|9|5|5|9|9|5|5|7|9|9|5|9
18225,5,False,5,7,5,5|1|5|5|5|1|1|1|5|7|5|7|5|5|1
18231,9,False,9,15,5,5|5|5|5|5|5|5|5|5|5|5|5|5|5|5
18264,5,False,5,11,-1,2|8|8|5|8|1|5|3|5|8|7|7|7|1|5
18272,9,False,9,15,5,5|5|5|5|5|5|5|5|5|5|5|5|5|5|5
18281,0,True,1,15,1,1|1|7|1|1|1|1|1|1|1|1|1|1|1|1
18287,3,False,3,14,2,8|2|1|3|0|4|2|4|2|6|0|4|6|2|8
18288,5,False,5,5,5,2|5|5|5|1|5|5|1|5|5|1|5|5|5|1
18289,0,False,0,11,6,6|0|6|0|6|6|6|6|6|6|0|0|6|6|6
18364,3,False,3,3,3,2|3|2|3|3|3|3|3|3|3|3|2|3|3|3
18376,3,True,8,15,8,8|8|8|8|8|8|8|8|8|8|8|8|8|8|8
18394,3,True,2,15,8,2|8|2|8|4|8|2|0|0|0|0|8|4|2|8
18399,8,True,1,15,1,0|0|1|1|1|1|1|1|1|1|1|0|1|1|1
18411,5,True,8,15,8,7|8|8|8|8|8|8|8|8|8|8|8|8|8|8
18437,2,False,2,13,4,9|9|4|2|4|4|4|9|1|4|9|4|9|2|4
18478,6,True,0,1,6,6|6|6|0|6|6|6|6|6|6|6|6|6|6|6
18484,2,True,3,9,3,2|2|2|3|3|3|3|3|3|6|3|2|2|2|3
18494,1,False,1,2,1,1|1|1|1|1|1|1|7|1|1|1|1|1|0|1
18498,7,True,1,10,1,7|7|1|1|1|1|1|7|1|1|7|7|1|1|1
18506,3,True,2,15,0,0|0|0|4|0|0|0|6|0|0|0|0|0|0|0
18507,9,False,9,15,5,5|5|5|5|5|8|5|5|7|5|7|5|5|5|5
18534,8,False,8,2,8,8|8|8|8|8|8|8|5|8|8|7|8|8|8|8
18540,6,False,6,11,8,6|0|8|1|4|8|1|8|0|8|6|8|0|6|6
18550,5,False,5,2,5,7|5|5|7|5|5|5|5|5|5|5|5|5|5|5
18559,6,True,0,6,6,6|6|6|0|0|6|0|6|6|0|6|0|0|6|6
18562,8,True,6,15,4,4|2|4|2|2|4|4|4|4|0|6|4|6|6|4
18567,9,True,8,15,8,8|8|8|8|8|8|8|8|8|8|8|8|8|8|8
18602,3,False,3,5,3,2|3|2|3|3|3|7|6|3|3|3|2|3|3|3
18603,0,True,2,1,0,0|0|2|0|0|0|0|0|0|0|0|0|0|0|0
18631,4,False,4,3,4,4|4|8|4|4|4|4|4|6|4|4|4|4|4|3
18635,6,True,0,3,6,6|6|6|6|0|6|0|6|6|6|6|0|6|6|6
18648,2,True,3,13,3,6|3|2|3|6|3|6|2|3|3|3|3|3|3|3
18658,5,False,5,8,7,7|7|5|5|7|5|7|7|5|5|7|7|7|5|5
18670,9,True,4,13,4,4|4|3|3|4|8|6|4|6|4|4|9|3|9|3
18676,6,True,3,11,3,6|7|6|3|3|1|6|2|1|1|3|7|3|6|3
18714,4,True,6,2,4,4|4|4|4|4|4|4|9|4|4|4|4|4|9|4
18727,0,True,2,11,2,2|0|4|4|0|2|2|2|2|8|0|2|2|2|0
18730,3,True,8,12,8,3|8|8|8|8|8|8|8|8|8|3|8|3|8|8
18737,9,True,7,13,7,7|7|7|7|9|7|7|7|7|7|7|7|7|9|7
18738,3,False,3,2,3,3|3|2|3|3|3|3|3|3|3|3|2|3|3|3
18779,6,False,6,15,4,4|4|4|2|0|4|4|4|4|4|4|4|4|9|4
18785,9,True,4,7,9,9|4|4|4|9|4|9|9|9|4|9|9|4|9|4
18789,1,True,8,15,8,7|8|8|8|8|8|7|7|8|7|8|8|8|8|8
18828,2,True,3,12,3,2|6|2|2|3|3|6|6|6|3|3|4|3|3|3
18834,5,False,5,14,1,1|5|1|3|1|1|1|1|1|1|1|1|1|1|1
18865,0,False,0,6,0,0|0|6|0|0|6|6|0|0|0|6|0|0|6|6
18870,8,True,6,15,4,6|4|4|4|4|4|4|4|4|4|4|4|4|9|4
18913,0,True,2,9,0,8|8|2|8|2|0|8|0|0|6|2|0|0|0|6
18919,7,True,1,11,1,1|7|7|7|1|1|1|1|1|1|1|7|1|1|1
18929,4,True,6,2,4,4|4|4|4|4|4|4|4|6|4|4|2|4|4|4
18937,1,False,1,4,1,1|1|1|7|1|1|7|1|1|7|1|0|1|1|1
18944,8,False,8,1,8,3|8|8|8|8|8|8|8|8|8|8|8|8|8|8
18945,2,True,3,9,3,2|2|2|2|3|2|0|3|3|3|3|2|3|3|3
18948,6,True,0,3,6,6|6|6|0|6|6|6|6|6|6|6|0|6|0|6
18949,2,False,2,14,0,4|0|0|0|4|4|0|0|0|0|0|8|4|2|4
18955,9,False,9,14,5,5|5|5|5|5|9|5|5|5|5|5|5|5|5|5
18960,8,True,7,14,9,7|7|9|7|9|9|9|1|9|7|7|7|9|8|9
18973,2,True,9,15,5,5|5|5|5|9|5|5|5|5|5|5|9|5|9|5
19026,3,True,8,13,8,8|8|8|8|3|3|8|8|8|8|8|8|8|8|8
19029,6,True,1,15,1,7|7|1|7|1|1|1|1|1|1|1|7|1|1|7
19041,2,False,2,8,2,0|2|4|2|4|4|2|2|2|0|0|0|2|2|0
19046,4,True,6,9,-1,2|4|0|8|2|4|2|4|2|4|0|4|2|2|4
19070,6,True,2,13,2,2|2|2|2|4|4|2|2|2|8|4|0|6|4|6
19080,4,False,4,6,4,2|4|4|4|4|4|0|4|4|0|4|0|4|0|0
19099,1,True,8,15,8,7|8|8|8|8|8|8|8|8|7|8|8|8|8|8
19126,9,True,6,15,4,4|4|4|4|4|4|4|6|6|4|4|4|4|0|4
19136,5,True,8,15,8,3|8|8|8|8|8|8|8|8|8|8|8|8|8|8
19137,6,True,0,4,6,6|6|6|8|6|6|0|4|6|4|6|6|6|6|6
19166,4,False,4,8,4,1|4|4|3|4|3|4|3|6|6|4|4|4|3|6
19171,9,True,4,12,-1,0|0|4|4|0|0|0|9|1|4|4|4|9|9|2
19173,5,True,4,15,4,2|4|4|2|4|9|4|3|4|4|8|9|4|9|4
19177,1,False,1,2,1,1|1|7|7|1|1|1|1|1|1|1|1|1|1|1
19179,5,True,9,1,5,5|5|5|5|5|5|5|5|5|5|5|7|5|5|5
19190,8,False,8,0,8,8|8|8|8|8|8|8|8|8|8|8|8|8|8|8
19193,4,True,6,3,4,4|4|4|4|4|4|4|4|6|4|4|9|4|9|4
19210,0,True,2,12,4,6|4|0|4|4|7|0|2|3|0|4|2|4|2|2
19219,9,True,4,13,4,3|4|9|4|4|4|4|4|6|4|4|4|9|4|4
19238,4,False,4,8,4,9|4|2|4|0|4|1|4|6|6|6|4|4|8|4
19246,4,False,4,8,4,6|4|4|8|4|4|1|6|6|6|4|4|6|6|4
19254,6,False,6,15,2,9|2|2|5|2|0|8|8|8|8|2|2|4|1|3
19264,2,False,2,13,0,2|0|2|0|0|0|0|4|0|0|0|0|0|0|0
19293,2,False,2,15,4,4|4|4|4|9|4|4|4|7|4|4|9|4|9|4
19309,1,True,3,15,2,6|4|6|3|2|4|2|2|0|6|4|2|4|2|2
19319,6,False,6,14,4,4|4|4|4|4|4|4|4|6|4|4|4|4|4|4
19327,1,True,5,15,5,3|5|5|5|5|5|5|5|5|5|5|5|5|5|5
19329,8,False,8,1,8,8|7|8|8|8|8|8|8|8|8|8|8|8|8|8
19343,8,False,8,4,8,8|3|8|8|8|3|8|8|3|8|8|8|8|1|8
19368,9,True,4,14,4,4|4|4|4|4|8|4|4|6|4|4|4|4|9|4
19374,0,True,1,13,1,1|0|1|0|1|1|1|1|1|1|1|1|1|1|1
19377,6,True,0,12,4,7|4|4|7|4|4|1|6|8|0|8|8|6|2|6
19390,7,True,1,15,3,1|3|1|3|2|3|3|2|3|3|3|2|3|1|3
19392,1,False,1,2,1,1|1|1|0|1|1|1|1|1|1|1|0|1|1|1
19441,1,True,5,12,5,1|5|5|5|5|1|5|5|5|8|5|5|5|1|5
19460,5,False,5,5,5,5|5|5|7|7|5|5|1|7|5|5|5|5|1|5
19476,0,True,2,12,-1,0|4|0|2|4|4|0|2|2|4|2|4|2|2|4
19503,1,False,1,1,1,1|1|1|7|1|1|1|1|1|1|1|1|1|1|1
19532,0,False,0,11,6,6|0|6|2|0|6|6|6|6|0|0|8|6|2|6
19541,5,True,9,8,5,7|9|7|5|5|2|5|5|5|5|5|9|9|2|9
19550,9,True,7,13,7,9|7|7|7|9|3|7|2|7|7|2|7|7|4|2
19551,3,False,3,2,3,2|3|3|3|3|3|3|2|3|3|3|3|3|3|3
19566,2,True,5,13,5,7|7|2|5|2|5|7|5|7|7|5|7|5|5|5
19575,6,True,9,15,5,9|5|5|5|5|5|5|5|5|5|5|5|5|5|5
19577,9,True,7,10,7,9|7|7|7|9|9|7|7|7|7|7|7|9|9|3
19584,5,False,5,5,5,5|5|5|5|5|5|1|5|3|5|3|2|5|5|1
19596,1,False,1,1,1,1|7|1|1|1|1|1|1|1|1|1|1|1|1|1
19599,6,True,0,5,6,0|6|6|0|0|6|0|6|6|6|6|0|6|6|6
19602,7,True,5,8,7,7|0|5|7|5|5|7|4|7|7|5|7|5|7|5
19617,6,True,3,13,3,6|2|2|3|3|3|3|2|3|6|3|2|3|3|3
19619,5,True,9,7,5,9|8|5|5|8|5|5|8|5|5|5|9|9|5|9
19670,9,True,8,13,8,8|0|8|9|8|9|8|1|8|8|4|8|8|8|8
19694,0,True,2,13,-1,3|4|4|2|6|2|8|2|0|0|8|4|4|2|8
19696,2,True,3,14,6,0|6|6|3|6|3|0|6|6|6|6|0|6|6|2
19700,7,False,7,15,5,9|5|5|9|5|5|5|5|5|5|5|5|5|5|5
19721,6,True,0,3,6,6|6|6|0|6|6|6|6|6|0|6|0|6|6|6
19745,1,True,8,14,4,4|0|9|2|4|1|0|4|2|4|8|4|8|8|3
19758,3,False,3,7,3,2|2|2|3|3|1|0|3|3|3|2|2|3|3|3
19782,4,True,7,13,7,7|7|7|7|7|4|7|7|7|7|3|7|4|7|7
19791,5,False,5,5,5,2|5|5|5|5|1|5|5|7|3|7|5|5|5|5
19805,0,False,0,9,0,4|6|0|0|4|4|4|4|6|0|6|0|0|9|0
19806,6,True,0,9,6,4|4|6|0|0|4|6|4|6|4|6|0|6|0|6
19809,4,True,6,8,-1,9|4|4|8|4|4|9|9|9|4|9|9|4|9|4
19842,8,False,8,10,8,0|8|6|3|5|5|9|4|7|8|8|8|6|1|8
19843,9,False,9,15,5,5|5|5|5|5|5|5|5|5|5|5|5|5|5|5
19847,6,False,6,12,3,2|3|6|3|3|3|4|3|6|4|4|2|6|3|4
19859,2,True,3,9,3,3|2|2|3|3|3|2|2|2|6|3|2|3|3|3
19868,6,False,6,15,0,3|0|0|8|8|4|1|4|8|4|4|8|0|0|0
19871,3,True,8,14,8,8|8|8|8|8|3|8|8|8|8|8|8|8|8|8
19877,7,True,1,13,1,1|7|1|1|1|1|1|7|1|1|1|1|1|1|1
19895,4,True,1,15,1,1|0|1|1|1|1|1|1|1|1|1|1|1|1|1
19904,0,True,1,12,4,1|0|7|8|8|4|4|4|6|4|2|0|8|4|0
19910,9,True,4,12,4,2|4|4|9|4|4|4|9|4|4|4|4|2|9|4
19930,0,False,0,15,8,8|8|8|8|8|8|7|1|8|8|8|8|8|8|8
20010,7,False,7,2,7,7|7|7|7|2|7|7|7|7|7|7|7|7|9|7
20033,6,True,0,9,6,6|4|6|3|6|8|3|6|6|3|6|4|3|2|3
20056,9,True,4,11,4,9|4|4|9|4|4|4|4|0|4|9|4|4|9|4
20078,0,False,0,14,4,2|4|6|2|2|6|4|4|0|4|3|2|6|4|4
20083,2,True,3,9,3,2|3|2|3|3|3|2|2|3|3|3|2|3|2|3
20093,6,False,6,9,6,2|6|4|8|4|4|2|4|0|6|6|4|6|6|6
20109,2,False,2,14,4,4|4|4|0|4|4|0|4|0|4|4|0|0|2|4
20133,6,True,3,8,-1,6|0|6|3|3|3|3|6|3|3|3|6|6|6|6
20149,4,False,4,10,3,4|4|3|3|4|9|3|3|3|4|9|9|3|9|4
20163,6,True,2,14,2,2|5|0|2|2|2|2|2|2|4|0|0|2|6|4
20189,9,True,8,15,8,8|8|8|8|8|3|8|8|8|8|8|8|8|8|3
20200,1,False,1,1,1,1|7|1|1|1|1|1|1|1|1|1|1|1|1|1
20205,6,True,3,11,3,6|3|2|3|2|3|6|2|3|3|6|3|6|3|3
20225,7,False,7,1,7,7|7|7|7|7|7|7|7|7|7|7|7|7|2|7
20231,9,True,4,6,9,9|4|9|9|9|4|9|9|6|4|9|9|4|9|4
20235,6,True,0,13,0,4|0|0|1|4|6|0|4|0|4|6|0|0|2|0
20249,5,False,5,6,5,7|7|5|5|5|5|5|1|5|7|5|7|5|1|5
20260,1,True,8,15,8,7|8|8|8|8|8|8|7|7|5|8|8|8|8|8
20291,4,True,6,12,0,2|2|0|2|4|4|0|4|0|0|0|0|0|0|0
20321,1,False,1,3,1,0|0|1|1|1|1|0|1|1|1|1|1|1|1|1
20325,9,True,6,15,8,4|8|6|8|0|0|4|6|8|4|8|8|6|8|4
20346,1,False,1,1,1,0|1|1|1|1|1|1|1|1|1|1|1|1|1|1
20366,1,False,1,4,1,1|7|7|0|1|1|1|1|1|1|1|1|1|3|1
20372,6,True,0,4,6,6|0|6|6|0|0|6|6|6|6|6|0|6|6|6
20379,6,True,0,13,0,6|0|0|0|0|1|0|0|0|0|6|0|0|0|0
20385,9,False,9,12,5,2|5|8|5|9|8|5|9|7|5|5|5|2|9|5
20436,9,True,6,14,4,4|9|4|4|4|4|4|4|6|4|4|2|4|4|4
20457,2,True,3,9,3,3|2|2|3|3|3|2|2|3|3|3|2|3|2|3
20467,8,False,8,1,8,8|8|8|8|8|8|8|8|8|8|8|8|8|1|8
20479,6,True,9,15,5,9|5|5|5|5|5|5|5|5|5|5|5|5|5|5
20482,9,True,7,10,9,2|9|7|5|9|9|5|2|7|5|7|7|5|9|9
20488,9,True,7,10,7,9|7|7|5|7|5|7|9|5|5|7|7|9|9|9
20494,1,False,1,1,1,1|4|1|1|1|1|1|1|1|1|1|1|1|1|1
20495,6,True,1,15,1,7|7|1|8|1|1|1|1|1|1|1|7|1|0|1
20512,2,True,5,15,7,7|7|5|7|5|5|7|1|7|7|5|7|9|7|7
20518,7,True,8,15,8,8|8|8|8|8|8|8|8|8|8|8|8|8|8|8
20523,3,True,7,15,7,7|7|7|7|7|7|7|7|7|7|7|7|7|2|7
20537,9,True,4,10,4,4|4|4|4|9|4|9|4|9|4|4|9|4|9|4
20561,4,False,4,8,4,4|2|7|1|4|4|4|1|7|4|4|8|8|6|4
20566,6,False,6,5,6,6|4|6|6|2|6|6|4|6|6|6|4|6|6|4
20570,9,True,8,15,8,3|8|5|8|8|8|8|8|5|3|8|8|8|3|3
20587,1,True,8,13,8,8|8|8|8|8|8|1|8|8|1|8|8|8|8|8
20597,7,False,7,7,7,7|9|9|7|9|9|7|7|7|7|7|7|9|8|9
20611,6,True,0,4,6,6|0|6|6|6|6|6|6|6|0|6|0|6|6|0
20644,4,True,5,15,5,2|7|6|7|9|5|1|1|5|7|5|5|5|2|6
20647,7,True,8,13,8,7|8|7|8|8|8|8|8|8|8|8|8|8|8|8
20682,5,False,5,4,5,3|5|5|5|5|1|5|7|5|7|5|5|5|5|5
20695,1,False,1,6,1,1|7|1|7|7|1|1|1|1|1|7|7|7|1|1
20718,7,True,1,13,1,1|7|1|1|1|1|1|7|1|1|1|1|1|1|1
20734,9,True,4,14,4,6|4|4|2|4|4|4|5|1|4|8|2|4|9|2
20781,0,True,1,9,1,0|0|1|1|0|1|1|1|0|0|1|1|0|1|1
20782,6,True,0,11,0,6|0|0|0|0|1|0|0|6|0|6|0|0|0|6
20785,3,True,4,15,6,6|2|6|6|6|6|2|6|0|6|4|4|6|4|4
20798,3,False,3,5,3,3|2|3|3|3|3|4|3|3|3|3|2|4|3|4
20799,4,True,1,15,1,1|0|1|1|1|1|1|1|1|1|1|1|1|1|1
20806,5,True,9,0,5,5|5|5|5|5|5|5|5|5|5|5|5|5|5|5
20823,9,True,4,6,9,9|9|4|9|9|4|5|4|9|4|9|9|9|9|4
20832,6,True,0,15,4,4|4|4|4|4|4|4|4|4|4|4|4|4|4|4
20845,6,True,0,7,6,6|0|6|6|0|6|0|6|6|0|0|0|6|0|6
20878,1,False,1,3,1,0|7|1|0|1|1|1|1|1|1|1|1|1|1|1
20879,7,False,7,5,7,7|7|7|9|9|9|7|7|7|7|7|7|9|9|7
20889,6,False,6,14,4,4|4|4|4|4|4|4|4|6|4|4|4|4|4|4
20915,8,False,8,0,8,8|8|8|8|8|8|8|8|8|8|8|8|8|8|8
20956,1,False,1,3,1,1|4|7|7|1|1|1|1|1|1|1|1|1|1|1
20970,3,True,8,12,8,8|8|8|8|8|3|8|8|8|8|8|8|8|3|3
20995,1,True,8,14,8,8|8|8|8|8|8|8|8|8|8|8|8|8|1|8
21024,2,True,3,8,2,2|2|2|3|3|3|0|2|3|6|3|2|2|2|3
21025,9,False,9,12,7,2|7|7|7|7|2|9|9|7|7|7|7|7|4|9
21035,0,True,1,8,1,0|0|1|0|0|1|1|1|1|0|1|1|0|0|1
21083,9,False,9,10,5,9|5|9|5|9|5|5|9|5|5|5|5|2|9|5
21104,9,True,4,13,4,4|8|6|8|9|4|9|4|2|4|3|4|6|4|4
21131,0,True,1,15,1,1|1|1|1|1|1|1|1|1|1|1|1|1|1|1
21155,9,True,4,7,9,9|4|9|4|9|9|4|9|9|4|4|4|9|9|4
21157,5,True,9,0,5,5|5|5|5|5|5|5|5|5|5|5|5|5|5|5
21158,8,False,8,1,8,8|8|8|8|8|3|8|8|8|8|8|8|8|8|8
21160,9,False,9,12,5,9|5|5|9|5|5|5|5|5|5|5|5|5|9|5
21183,1,False,1,2,1,7|7|1|1|1|1|1|1|1|1|1|1|1|1|1
21189,5,True,9,13,9,7|9|7|9|9|2|9|5|7|5|2|2|2|9|9
21196,3,False,3,8,2,2|3|2|3|3|3|2|2|2|3|2|2|3|2|3
21212,2,True,3,8,-1,2|3|2|3|3|3|2|2|3|6|2|2|3|2|3
21216,6,True,0,3,6,6|6|6|6|6|6|6|0|6|6|6|0|6|0|6
21222,9,False,9,15,5,5|5|5|5|5|5|5|5|5|5|5|5|5|5|5
21238,1,False,1,3,1,7|1|1|7|1|1|1|1|1|1|1|7|1|1|1
21240,2,True,5,14,5,5|5|5|5|5|1|1|3|5|4|1|1|1|2|5
21254,5,True,9,1,5,5|5|5|5|5|5|5|5|5|5|5|5|5|9|5
21255,4,False,4,10,4,2|4|9|8|4|0|0|4|6|4|8|2|8|9|4
21291,7,False,7,0,7,7|7|7|7|7|7|7|7|7|7|7|7|7|7|7
21294,2,True,7,14,7,7|7|7|7|9|6|3|7|2|7|7|7|7|5|5
21302,9,True,4,14,4,4|4|4|4|4|4|4|4|6|4|4|2|4|9|4
21315,7,False,7,2,7,7|7|7|7|7|7|7|9|7|7|7|7|7|9|7
21322,2,True,3,10,3,6|2|2|3|2|3|3|3|3|3|3|2|3|2|3
21326,6,False,6,13,2,8|2|0|2|4|2|0|6|6|8|2|0|0|2|8
21370,8,False,8,2,8,8|8|7|8|8|8|8|8|8|7|8|8|8|8|8
21419,0,True,2,3,0,2|0|0|0|0|0|0|4|0|0|0|0|0|2|0
21429,4,False,4,13,6,3|6|6|3|2|4|2|4|3|6|6|2|6|9|3
21433,9,True,7,8,7,9|7|7|7|9|9|7|9|7|7|7|7|9|9|9
21450,9,True,8,15,8,8|8|8|8|8|8|8|5|8|8|8|8|8|8|8
21454,4,True,6,11,8,2|2|4|8|4|8|8|2|6|8|3|8|4|4|8
21469,1,True,5,13,5,5|5|5|5|5|1|5|5|5|1|5|5|5|3|5
21496,6,False,6,15,-1,0|4|0|0|4|4|0|4|0|4|0|4|0|2|4
21498,3,True,2,14,4,6|4|4|4|4|4|4|4|6|4|4|9|3|6|4
21513,4,True,6,1,4,4|4|4|4|4|4|4|4|6|4|4|4|4|4|4
21523,0,True,1,15,1,1|7|1|7|1|1|1|1|1|1|1|1|1|1|1
21535,3,True,5,14,5,3|5|5|5|5|5|1|5|5|5|5|5|7|1|1
21568,7,False,7,2,7,7|7|7|7|9|7|7|5|7|7|7|7|7|7|7
21577,5,True,9,2,5,5|5|5|5|9|5|5|5|5|5|5|5|5|9|5
21581,1,False,1,5,1,7|7|1|7|1|1|7|1|1|1|1|7|1|1|1
21588,2,True,7,13,7,7|5|7|5|2|2|5|7|7|1|7|7|7|9|7
21603,4,False,4,5,4,9|4|4|4|4|9|4|9|6|4|4|4|4|9|4
21611,1,False,1,7,1,7|0|1|1|0|4|1|1|7|1|1|7|1|1|0
21618,9,True,4,11,4,9|4|4|4|9|4|4|9|6|4|4|9|4|4|4
21626,6,True,3,15,4,9|3|3|4|4|4|4|3|3|4|4|9|4|9|3
21627,2,True,9,14,9,9|9|2|9|9|9|9|9|7|7|9|7|9|9|9
21644,4,True,1,15,1,7|7|1|1|0|1|7|1|1|1|1|1|1|7|1
21684,4,False,4,6,4,4|4|9|4|9|4|9|9|4|4|4|9|4|9|4
21703,6,True,0,3,6,6|6|6|6|6|0|6|0|6|6|6|0|6|6|6
21708,4,False,4,4,4,6|4|4|2|4|4|0|4|0|4|4|4|4|4|4
21755,7,True,8,15,8,8|8|8|8|1|4|1|8|8|8|8|8|8|8|8
21767,2,False,2,14,4,9|4|2|4|9|8|4|4|0|6|4|0|4|4|4
21779,6,False,6,14,4,4|6|4|4|4|4|4|4|4|4|4|4|4|2|4
21837,4,True,6,11,3,3|2|2|3|3|3|0|4|3|4|4|2|2|3|4
21845,6,True,0,8,0,0|0|6|6|0|0|0|6|6|0|6|0|6|0|6
21853,9,True,8,15,8,8|8|8|8|8|8|8|8|8|8|8|8|8|8|8
21865,8,False,8,3,8,3|8|8|8|4|3|8|8|8|8|8|8|8|8|8
21895,2,True,3,14,3,1|0|4|3|3|3|3|2|3|6|3|3|3|0|3
21947,6,True,0,6,6,0|6|6|6|0|6|6|6|6|4|6|0|6|0|0
21961,0,True,2,10,2,8|2|2|0|4|0|0|2|0|0|2|2|4|2|4
21986,3,True,7,13,7,7|7|7|7|4|3|5|7|7|7|7|7|7|3|7
22014,4,True,6,12,6,6|4|6|2|4|6|6|4|0|6|6|0|6|6|6
22032,5,True,9,0,5,5|5|5|5|5|5|5|5|5|5|5|5|5|5|5
22054,2,False,2,13,4,6|4|2|2|4|6|0|4|0|6|4|4|6|4|4
22062,0,False,0,12,6,6|6|6|2|0|6|0|6|6|6|6|0|6|6|6
22063,2,False,2,5,2,2|3|2|2|2|2|2|9|2|0|8|2|2|2|0
22068,6,True,0,13,3,3|3|2|6|3|7|3|2|3|6|2|2|3|3|3
22069,2,False,2,14,0,0|0|0|0|0|0|0|0|0|0|0|2|0|0|0
22072,2,True,3,12,3,3|3|2|3|3|3|3|3|3|3|3|2|3|2|3
22081,0,False,0,14,3,2|4|8|0|3|3|3|8|3|6|3|7|6|3|3
22117,7,False,7,7,7,7|7|7|9|9|9|9|9|7|7|7|7|9|9|7
22143,1,False,1,0,1,1|1|1|1|1|1|1|1|1|1|1|1|1|1|1
22159,2,False,2,12,3,3|3|2|3|3|3|8|2|3|3|6|2|3|3|3
22166,5,False,5,13,7,7|1|1|9|1|1|5|5|7|7|2|7|7|1|7
22174,9,True,7,15,7,7|5|7|2|7|3|7|5|7|4|7|7|7|4|5
22179,9,False,9,14,5,9|5|5|5|5|5|5|5|5|5|5|5|5|5|5
22215,6,True,0,6,6,6|6|6|6|0|6|2|6|6|0|6|0|6|2|0
22267,4,False,4,7,4,4|4|3|9|4|4|1|4|0|4|4|9|4|9|3
22291,9,True,4,13,4,4|4|4|4|4|4|4|9|0|4|9|4|4|4|4
22296,6,True,3,14,3,2|3|2|3|3|3|3|2|3|3|6|2|3|3|3
22302,8,False,8,1,8,7|8|8|8|8|8|8|8|8|8|8|8|8|8|8
22315,3,False,3,4,3,3|2|2|3|3|3|3|3|3|3|3|2|3|6|3
22320,2,True,5,14,5,2|5|5|5|1|5|1|1|5|7|5|5|7|1|1
22363,2,True,5,15,5,5|5|5|5|7|5|5|5|5|5|5|5|5|7|5
22373,0,True,1,12,1,1|1|1|1|0|0|1|1|1|0|1|1|1|1|1
22389,3,True,8,11,8,3|8|8|8|8|3|8|8|8|3|8|8|8|3|8
22396,0,True,1,12,1,0|1|1|0|1|1|1|1|1|0|1|1|1|1|1
22411,8,True,6,14,2,1|2|2|2|2|0|2|2|0|6|2|2|2|2|8
22465,4,True,2,13,8,8|2|2|2|4|2|4|3|8|8|3|8|8|0|6
22484,9,False,9,12,5,9|5|5|5|5|5|5|5|5|5|5|5|9|9|5
22494,6,True,3,15,3,3|3|3|3|3|3|3|3|3|3|3|3|3|3|3
22510,2,True,9,15,5,9|5|5|5|5|5|5|5|7|5|5|5|5|5|5
22511,4,True,6,15,8,3|8|8|8|8|8|7|8|8|8|8|8|8|8|8
22520,3,False,3,11,6,3|2|2|6|0|6|6|3|6|6|6|0|3|6|3
22542,9,True,4,14,4,4|4|4|4|4|4|4|4|4|4|4|4|4|9|4
22563,9,True,7,14,5,5|5|5|5|5|5|5|9|5|5|5|5|5|5|5
22572,0,True,2,8,0,0|0|0|8|4|1|1|4|0|8|0|0|4|0|4
22656,4,False,4,11,-1,3|8|7|8|8|4|1|5|8|3|3|1|4|4|4
22660,7,True,1,8,1,7|7|7|7|1|1|7|7|1|1|1|7|1|1|1
22720,4,True,6,1,4,4|4|4|4|4|4|4|4|4|4|4|4|4|2|4
22731,2,True,5,15,5,5|5|5|5|5|5|1|5|5|1|5|5|5|5|5
22739,1,True,5,13,5,9|5|5|9|7|3|1|5|7|5|7|1|7|5|3
22753,0,False,0,8,6,6|0|6|6|0|6|6|0|6|0|6|0|0|6|0
22768,9,True,4,7,9,9|4|4|9|9|4|9|9|6|4|9|9|4|9|4
22775,1,False,1,0,1,1|1|1|1|1|1|1|1|1|1|1|1|1|1|1
22788,5,False,5,4,5,5|8|5|5|5|8|8|5|5|5|5|5|5|0|5
22796,0,False,0,12,6,6|6|6|6|0|6|0|6|6|6|6|0|6|6|6
22812,1,True,8,13,8,8|8|8|8|8|8|8|8|8|1|8|8|8|1|8
22838,5,True,9,2,5,5|9|5|5|9|5|5|5|5|5|5|5|5|5|5
22856,9,True,7,14,7,9|7|7|7|7|7|7|7|7|7|2|7|7|7|7
22860,9,False,9,11,5,9|3|9|5|9|5|5|5|5|5|5|5|5|9|5
22870,2,True,3,10,3,2|3|3|3|2|3|2|2|3|6|3|3|3|2|3
22879,4,False,4,8,4,4|4|4|9|9|4|2|9|0|4|4|9|9|9|4
22894,7,True,1,9,1,1|1|1|7|7|3|7|1|1|7|7|1|1|1|7
22896,9,True,7,13,7,1|7|7|7|9|5|7|1|7|7|7|7|5|9|7
22916,4,True,6,15,6,6|0|6|6|0|6|6|6|6|0|6|0|6|6|6
22924,1,False,1,4,1,1|1|1|1|2|0|0|1|1|1|1|1|3|1|1
22927,4,True,7,7,4,4|4|7|7|4|4|7|4|7|7|7|7|4|4|4
22944,9,True,4,7,9,9|4|4|9|4|9|9|9|9|4|4|9|4|9|4
22952,1,False,1,15,3,6|6|2|3|3|3|7|3|3|3|6|0|3|4|6
22959,6,True,9,15,7,7|7|7|7|9|2|7|7|7|7|7|7|9|9|7
22962,4,True,6,2,4,4|4|2|4|4|4|4|4|4|4|4|4|4|2|4
22971,6,True,0,7,6,6|6|6|0|0|6|0|0|6|0|6|0|6|0|6
23006,6,False,6,14,2,2|2|2|8|2|4|4|2|8|4|2|4|8|6|0
23030,7,False,7,1,7,7|7|7|7|7|7|7|8|7|7|7|7|7|7|7
23031,5,True,9,0,5,5|5|5|5|5|5|5|5|5|5|5|5|5|5|5
23051,3,False,3,10,3,6|8|3|9|3|1|0|3|6|3|3|6|0|6|0
23060,4,True,6,2,4,4|4|4|4|4|4|0|4|6|4|4|4|4|4|4
23061,0,False,0,9,6,6|6|6|0|0|0|6|6|6|0|6|0|0|6|6
23062,1,False,1,3,1,7|7|1|1|1|1|1|1|1|1|1|7|1|1|1
23098,4,False,4,8,4,3|4|3|9|4|4|4|5|6|4|4|9|3|9|4
23105,4,False,4,4,4,4|4|4|9|4|4|4|4|9|4|9|4|4|9|4
23127,1,False,1,4,1,7|7|1|7|1|1|1|1|1|1|1|7|1|1|1
23137,7,True,8,14,8,8|8|8|8|8|8|8|7|8|8|8|8|8|8|8
23141,0,True,2,9,0,0|2|4|2|4|4|2|4|0|0|9|0|0|0|4
23145,7,False,7,5,7,9|7|7|7|9|9|7|9|7|7|7|7|7|0|7
23159,2,True,3,10,3,2|3|2|3|3|2|6|2|3|3|3|2|3|3|3
23177,6,False,6,3,6,6|6|6|0|0|6|6|6|6|6|6|6|6|0|6
23184,6,True,0,5,6,6|6|6|6|0|6|6|0|6|0|6|4|0|6|6
23186,4,False,4,6,4,0|6|4|4|4|6|1|4|6|6|4|4|4|4|4
23198,2,True,5,14,7,2|7|9|8|9|3|9|5|7|5|5|7|7|5|7
23209,2,True,3,13,3,3|2|3|3|3|3|3|3|3|3|3|2|6|3|3
23231,9,True,4,15,4,4|4|4|4|4|4|2|4|4|4|4|4|4|2|4
23264,0,True,1,14,1,1|0|1|1|1|1|1|1|1|1|1|1|1|1|1
23268,2,True,3,10,3,2|3|2|3|3|2|6|3|3|3|3|2|3|2|3
23273,1,True,8,13,8,7|8|8|8|8|8|8|1|8|8|8|8|8|1|8
23277,4,False,4,7,4,4|4|9|2|8|3|2|4|8|4|4|4|4|9|4
23297,0,True,1,12,1,0|0|1|1|1|1|1|1|1|1|1|1|0|1|1
23300,9,False,9,14,5,5|5|5|5|5|5|5|5|5|5|5|5|9|5|5
23342,4,True,1,15,1,1|7|1|7|1|1|1|1|1|1|1|1|1|1|1
23366,5,False,5,14,7,7|7|9|7|9|9|7|7|7|5|7|7|7|2|7
23387,0,True,1,14,1,1|1|1|1|1|1|1|1|1|1|1|1|0|1|1
23399,7,True,8,14,8,8|8|8|8|8|8|8|8|8|8|8|8|7|8|8
23404,7,False,7,2,7,7|7|7|7|7|7|7|7|7|7|7|7|9|0|7
23407,1,True,5,12,5,1|5|5|5|3|3|1|5|5|4|5|1|5|5|5
23420,6,False,6,8,6,0|0|6|4|0|6|6|4|6|6|4|2|6|6|0
23421,8,False,8,4,8,8|8|8|3|8|3|8|8|8|8|3|8|8|8|3
23422,9,True,4,12,2,9|4|2|3|9|4|2|9|2|4|2|0|4|2|0
23461,0,True,1,12,1,1|0|5|3|1|1|1|1|0|1|2|1|6|0|1
23463,1,False,1,3,1,7|7|1|7|1|1|1|1|1|1|1|1|1|1|1
23486,0,False,0,10,-1,1|6|6|2|0|1|0|0|6|3|6|0|6|0|1
23515,2,False,2,15,4,0|4|4|4|4|4|4|4|4|0|4|4|4|3|4
23540,2,True,7,13,7,2|9|7|5|9|5|8|5|7|6|2|7|7|7|7
23546,5,False,5,4,5,5|5|5|5|3|5|1|5|5|5|5|1|1|5|5
23549,1,True,8,13,8,8|8|0|2|0|8|8|1|0|0|1|8|4|8|0
23574,4,True,6,15,6,6|6|6|9|0|0|0|1|1|6|6|8|0|6|6
23602,2,True,7,14,7,2|7|7|7|7|7|7|7|7|7|7|7|7|0|7
23609,7,False,7,5,7,7|7|7|7|9|1|7|7|7|7|7|7|2|9|9
23622,9,True,7,9,7,7|7|7|9|9|9|7|9|7|7|7|7|7|9|9
23630,8,True,2,7,8,9|5|2|2|8|8|8|9|0|8|8|8|4|8|8
23637,2,False,2,12,6,6|6|2|7|4|1|8|6|6|6|2|2|6|6|4
23680,3,True,8,14,8,8|8|8|8|8|8|8|3|8|8|8|8|8|8|8
23682,6,True,0,4,6,6|6|6|6|0|6|0|6|6|6|6|0|0|6|6
23693,6,True,0,13,3,6|3|3|2|3|1|0|3|3|3|8|3|3|3|6
23699,1,False,1,3,1,0|0|1|7|1|1|1|1|1|1|1|1|1|1|1
23702,1,True,4,14,4,2|8|6|0|4|4|4|1|2|4|4|2|7|6|0
23714,9,False,9,13,5,5|5|5|5|9|9|5|5|5|5|5|5|5|6|5
23726,2,True,5,15,5,5|5|5|5|5|5|5|5|5|3|5|5|5|5|5
23737,7,False,7,8,7,7|3|8|7|8|4|7|3|7|7|3|7|1|8|7
23756,6,True,0,3,6,6|0|3|6|6|6|6|6|6|6|6|0|6|6|6
23759,9,False,9,6,9,9|9|9|5|9|5|9|5|7|5|5|9|9|9|9
23763,6,True,0,5,6,6|0|6|6|0|6|6|6|6|0|6|0|0|6|6
23788,1,False,1,1,1,1|1|1|1|1|1|1|1|1|1|1|1|1|0|1
23810,2,True,3,14,3,3|3|2|3|3|1|3|5|3|6|3|7|3|3|3
23823,4,True,6,0,4,4|4|4|4|4|4|4|4|4|4|4|4|4|4|4
23831,2,True,3,11,3,2|3|3|3|3|2|6|2|2|3|1|1|3|3|3
23832,9,True,4,15,4,4|4|6|2|4|4|1|4|4|6|4|4|4|8|4
23854,7,True,5,13,5,1|5|7|3|7|5|1|5|2|5|5|5|3|5|1
23872,1,False,1,11,1,6|4|2|6|0|1|2|6|0|1|3|0|1|3|1
23889,9,True,4,11,4,9|4|4|9|4|9|4|4|4|4|4|4|4|9|4
23893,9,False,9,15,5,5|5|5|5|5|5|5|5|5|5|5|5|5|5|5
23896,8,False,8,4,8,8|8|8|5|5|3|8|3|8|8|8|8|8|8|8
23905,9,True,6,15,6,6|4|6|6|0|6|6|6|6|6|6|4|6|0|4
23908,0,True,2,8,0,2|0|7|8|6|0|0|2|3|0|0|0|2|0|2
23909,8,False,8,4,8,3|8|3|8|8|3|8|3|8|8|8|8|8|8|8
23911,7,True,5,11,5,7|5|7|5|5|5|5|7|5|5|5|7|5|5|5
23971,7,False,7,15,5,5|5|5|5|5|5|5|5|5|5|5|5|5|9|9
23985,4,True,6,10,6,6|4|6|2|6|4|2|4|6|4|4|0|6|6|6
23992,9,False,9,10,5,9|5|1|5|9|5|5|9|5|5|5|9|5|9|5
23993,0,False,0,14,6,6|6|6|6|4|6|6|6|6|6|6|6|6|0|4
24004,4,True,6,13,6,2|6|6|8|4|0|3|3|1|5|6|0|6|6|4
24005,4,True,6,14,3,6|5|3|3|3|4|6|3|0|6|3|3|3|2|3
24031,4,True,6,14,0,6|0|6|2|0|4|0|1|0|0|6|0|0|6|6
24036,2,True,3,13,3,2|3|1|3|1|3|0|3|3|0|3|2|3|3|1
24082,3,True,2,15,4,4|4|4|2|4|4|4|4|6|4|4|4|4|4|4
24102,2,True,3,14,3,2|3|3|3|3|3|3|3|3|3|3|3|3|3|3
24115,9,True,4,12,4,9|4|4|4|9|4|0|4|8|4|4|4|4|9|4
24147,8,True,7,15,7,7|7|7|7|9|9|7|7|7|7|7|7|7|4|7
24162,2,False,2,14,4,9|4|0|4|4|2|0|4|0|4|3|4|4|6|4
24167,5,True,9,9,9,9|5|5|5|9|9|5|9|7|5|9|9|9|3|5
24171,5,True,9,1,5,5|5|5|5|9|5|5|5|5|5|5|5|5|5|5
24176,1,True,5,10,5,5|5|7|5|5|1|1|5|5|1|1|7|5|5|1
24191,9,True,4,6,9,9|4|4|9|9|4|9|9|1|4|9|9|4|9|9
24227,4,True,6,13,6,0|6|0|0|4|6|8|6|0|6|4|1|6|6|8
24230,5,False,5,5,5,3|5|5|5|5|5|5|3|5|5|5|7|1|1|5
24235,6,False,6,12,4,0|4|2|2|4|4|0|4|6|4|4|0|6|6|0
24249,9,True,7,14,7,7|7|7|7|9|7|7|7|7|7|7|7|7|7|7
24284,4,True,6,14,0,0|0|6|0|0|6|0|4|0|0|6|0|0|0|6
24290,2,True,7,12,7,7|7|2|7|3|5|7|7|7|7|7|7|2|2|7
24293,4,True,6,14,6,6|6|6|6|0|6|0|0|6|4|6|0|6|0|6
24307,6,True,1,15,1,1|7|1|1|1|1|1|1|1|1|1|1|1|1|1
24326,8,True,7,15,7,7|7|7|7|9|7|7|2|7|7|7|7|7|4|7
24340,3,True,2,13,2,2|2|4|4|4|9|0|4|3|4|3|2|2|2|2
24362,4,True,1,15,1,1|1|1|7|0|1|1|1|1|0|1|1|1|1|1
24364,3,True,2,14,8,8|2|8|4|8|8|8|8|8|8|3|8|6|2|8
24369,5,False,5,4,5,2|5|5|5|5|1|5|5|5|5|5|5|7|8|5
24377,2,False,2,11,0,2|7|2|0|0|2|8|0|0|0|0|0|0|0|2
24378,3,True,5,15,5,7|5|5|5|5|5|5|5|5|5|5|7|5|5|5
24387,4,True,6,14,8,8|6|7|2|4|6|8|2|8|8|3|5|6|6|8
24402,9,True,4,10,4,9|4|4|9|4|4|4|4|9|4|4|9|9|4|4
24418,6,True,0,6,6,0|6|6|0|6|6|0|0|6|0|6|0|6|6|6
24429,6,True,0,11,0,0|0|6|0|0|0|0|6|0|0|6|0|0|0|6
24445,6,False,6,15,4,0|4|4|4|4|4|2|4|0|4|4|4|2|9|4
24450,0,True,1,15,-1,6|4|5|3|6|4|6|2|2|3|9|2|3|2|3
24474,0,False,0,5,0,0|0|0|0|0|6|0|6|0|0|0|1|6|0|6
24478,7,True,5,12,5,7|7|2|5|5|5|5|5|5|5|5|7|5|5|5
24480,1,True,8,14,8,8|8|8|8|8|8|8|1|8|8|8|8|8|8|8
24495,6,False,6,12,4,3|4|2|8|4|4|4|6|6|4|4|4|4|4|6
24498,7,True,8,15,8,8|8|8|8|8|8|8|8|8|8|8|8|8|8|8
24499,2,False,2,15,8,0|0|8|8|8|8|1|8|8|1|1|8|0|8|8
24523,7,True,5,11,5,5|5|7|5|5|0|5|5|5|7|5|7|7|5|5
24536,9,False,9,15,5,5|5|5|5|5|5|5|5|5|5|5|5|5|5|5
24544,6,False,6,15,4,9|4|4|9|9|4|4|9|9|4|4|9|4|2|4
24552,9,True,4,12,4,9|4|4|4|4|4|4|9|1|4|4|4|4|9|4
24565,8,False,8,2,8,8|8|8|8|8|8|1|7|8|8|8|8|8|8|8
24566,4,True,1,15,1,1|1|1|1|1|1|1|1|1|1|1|1|1|1|1
24580,6,True,0,12,2,2|2|2|3|3|0|6|2|6|3|3|2|2|6|3
24593,4,True,1,15,1,1|7|1|1|1|1|1|1|7|1|2|1|1|1|1
24617,6,False,6,15,0,2|0|0|0|4|0|0|4|0|0|4|0|0|0|0
24626,7,False,7,6,7,7|4|7|7|7|4|7|4|7|7|7|7|4|4|4
24629,9,True,4,8,4,9|4|4|9|9|4|9|9|4|4|9|4|4|9|4
24640,8,False,8,1,8,8|8|8|8|8|3|8|8|8|8|8|8|8|8|8
24671,9,True,8,15,8,8|8|8|8|8|8|8|8|8|8|8|8|8|8|3
24688,1,True,8,13,8,8|8|8|8|8|8|1|8|8|1|8|8|8|8|8
24713,9,True,8,15,8,3|8|8|8|8|3|8|8|8|8|8|8|8|8|8
24714,9,True,7,11,7,9|7|7|7|9|9|7|7|7|7|7|7|7|9|7
24727,3,False,3,14,6,2|6|6|6|6|6|0|3|2|6|6|0|6|6|6
24730,1,False,1,2,1,1|1|1|7|1|1|1|1|1|0|1|1|1|1|1
24738,2,True,3,14,3,3|3|2|3|3|3|3|3|3|3|3|3|3|3|3
24749,8,False,8,6,8,0|0|8|8|2|3|8|8|0|8|8|0|8|8|8
24760,1,False,1,2,1,1|7|7|1|1|1|1|1|1|1|1|1|1|1|1
24773,9,True,4,12,4,4|4|4|4|4|4|9|4|0|4|4|9|4|9|4
24791,0,True,1,9,0,1|0|1|0|0|8|0|1|0|1|4|0|6|8|3
24804,0,False,0,14,4,4|4|4|4|4|4|4|2|0|4|6|4|4|2|4
24837,9,True,7,7,9,7|9|7|9|9|9|9|7|7|5|5|7|9|9|9
24838,7,True,5,13,5,5|5|5|5|5|5|5|5|7|5|5|7|5|2|5
24847,4,False,4,15,8,1|8|7|8|8|2|7|8|7|8|1|7|8|8|8
24854,1,False,1,4,1,0|0|1|1|1|0|1|1|1|1|1|1|1|0|1
24858,8,False,8,14,7,7|7|2|7|4|5|9|2|7|7|7|7|8|3|7
24863,5,True,9,3,5,9|9|5|5|5|5|5|5|5|5|5|5|5|9|5
24869,6,True,0,3,6,6|6|6|6|0|6|6|0|6|6|6|6|6|0|6
24877,9,False,9,13,5,9|5|5|5|5|5|5|9|5|5|5|5|5|5|5
24878,2,True,9,11,9,9|2|7|9|9|9|9|9|7|5|2|2|2|9|7
24888,0,True,2,14,4,4|4|4|9|4|4|0|4|9|4|4|4|4|9|4
24906,4,False,4,9,9,4|9|9|4|4|9|9|9|2|4|9|9|4|9|4
24910,6,True,0,10,6,2|6|6|2|4|6|0|2|3|3|6|0|6|3|3
24917,2,True,3,14,3,8|1|3|3|3|3|3|3|3|3|3|2|1|3|3
24931,1,False,1,3,1,1|7|1|7|1|1|7|1|1|1|1|1|1|1|1
24947,5,False,5,6,5,5|5|5|5|1|5|1|1|5|5|5|5|1|1|1
24961,2,False,2,14,0,2|4|0|0|0|4|0|4|0|0|0|4|0|0|0
24997,9,True,7,13,7,7|7|7|7|7|9|7|7|7|7|7|7|7|9|7
25062,2,True,5,14,5,2|5|5|5|5|5|5|5|5|5|5|7|5|7|5
25064,0,True,2,2,0,0|0|2|0|0|0|0|2|0|0|0|0|0|0|0
25066,9,True,4,11,4,9|4|4|9|9|4|2|4|0|4|4|4|9|2|4
25071,2,False,2,13,0,2|0|0|0|4|0|0|0|0|0|2|8|0|0|6
25094,2,False,2,12,0,8|2|2|0|2|0|0|8|0|0|0|0|0|0|0
25096,4,False,4,3,4,4|4|4|4|4|4|0|4|0|0|4|4|4|4|4
25105,5,False,5,7,5,7|5|7|8|5|5|5|1|5|7|7|5|5|7|5
25151,2,True,9,12,5,2|9|2|5|5|5|5|9|7|5|5|9|2|9|9
25194,0,True,2,5,0,0|0|2|0|0|0|0|0|0|0|0|8|6|2|8
25196,2,False,2,14,8,8|5|7|8|0|8|8|8|8|5|5|2|0|3|6
25205,1,False,1,2,1,1|7|1|0|1|1|1|1|1|1|1|1|1|1|1
25230,3,False,3,14,6,2|0|6|3|0|0|6|6|6|6|6|2|0|6|0
25245,0,True,2,9,0,6|2|0|4|0|4|2|4|0|0|4|0|0|6|6
25258,6,True,0,4,6,6|0|6|6|6|6|6|0|6|6|6|0|6|0|6
25279,9,True,7,9,7,7|7|9|7|9|9|9|7|7|5|7|7|9|5|9
25314,9,False,9,15,5,5|5|5|5|5|5|5|5|5|5|5|5|5|5|5
25359,5,True,9,1,5,9|5|5|5|5|5|5|5|5|5|5|5|5|5|5
25375,7,True,5,11,5,7|5|2|7|5|5|5|5|5|5|7|7|2|5|5
25382,3,True,8,14,8,8|8|3|8|8|4|8|8|8|8|8|8|8|8|8
25388,5,True,9,0,5,5|5|5|5|5|5|5|5|5|5|5|5|5|5|5
25400,9,True,6,12,4,4|4|4|4|9|4|4|4|0|4|4|9|0|9|4
25404,7,True,5,12,5,5|7|3|5|9|2|7|5|5|5|5|7|5|5|5
25432,9,True,4,10,4,9|9|4|4|4|2|9|2|2|4|4|2|9|9|4
25457,8,True,5,11,5,2|3|2|8|5|5|8|8|5|7|5|5|5|5|8
25516,2,False,2,13,0,2|0|2|0|0|0|0|0|0|0|6|0|0|4|0
25520,0,True,1,14,1,1|7|1|0|1|1|1|1|1|1|1|1|1|1|1
25523,0,False,0,14,3,3|3|1|3|3|9|7|1|7|6|7|5|3|0|3
25547,3,True,8,14,8,8|8|8|8|8|3|8|8|8|8|8|8|8|8|8
25551,2,True,5,13,5,5|5|1|3|5|2|5|4|7|5|5|5|2|5|5
25589,5,False,5,7,5,7|5|5|5|5|5|5|7|7|7|7|7|5|7|5
25594,8,False,8,15,3,6|3|3|2|3|3|3|3|3|3|3|3|3|3|3
25606,1,False,1,3,1,0|0|1|1|1|1|1|1|1|1|1|1|0|1|1
25610,5,True,9,2,5,5|5|5|5|5|5|5|5|9|5|5|5|3|5|5
25629,6,True,0,7,6,6|4|6|3|6|0|2|6|6|3|3|6|6|6|3
25633,5,False,5,6,5,2|5|2|5|5|5|5|5|2|5|2|5|2|2|5
25664,6,True,3,15,1,1|7|2|3|1|5|8|1|7|7|1|1|2|1|3
25672,6,True,9,15,5,9|5|5|5|5|5|5|5|5|5|5|5|5|5|5
25692,0,False,0,8,6,6|0|6|6|0|6|0|0|6|0|6|0|6|0|6
25695,9,True,4,11,4,4|9|4|9|4|9|4|9|0|0|4|4|4|2|4
25738,4,True,6,4,4,4|4|4|2|4|4|4|4|3|3|4|4|4|2|4
25751,9,False,9,14,-1,4|8|9|8|0|6|8|5|6|5|4|5|3|8|5
25772,6,False,6,15,4,4|4|4|4|4|4|4|4|2|4|4|4|4|4|4
25785,6,True,0,5,6,6|6|6|0|6|6|6|0|6|0|6|0|0|6|6
25835,6,True,0,6,6,6|0|6|0|0|6|6|6|6|6|6|0|0|0|6
25847,1,True,3,12,3,8|7|1|8|9|3|3|1|7|3|3|3|1|2|8
25872,1,False,1,5,1,1|0|1|0|0|1|0|1|1|0|1|1|1|1|1
25878,9,True,7,13,7,7|7|7|7|7|9|7|7|7|7|7|7|7|9|7
25883,3,False,3,1,3,3|3|3|3|3|3|3|3|3|3|3|2|3|3|3
25937,4,True,6,4,4,6|4|2|4|4|4|6|4|6|4|4|4|4|4|4
25940,2,False,2,9,2,3|2|2|2|2|6|2|2|6|0|3|4|3|6|0
25953,4,False,4,6,4,9|4|4|9|4|4|9|9|9|4|4|4|4|9|4
25966,0,False,0,14,4,4|8|4|8|0|4|8|4|8|8|4|4|2|4|8
25981,8,False,8,0,8,8|8|8|8|8|8|8|8|8|8|8|8|8|8|8
25989,2,True,7,12,7,2|7|7|7|7|2|7|9|7|7|7|7|7|2|7
25993,2,False,2,11,0,2|4|2|0|0|4|0|4|0|0|2|4|0|0|2
26003,6,True,3,14,3,3|3|2|3|2|3|2|3|6|3|3|2|2|3|3
26028,0,True,2,15,2,9|4|9|2|2|4|2|2|2|4|4|2|2|2|4
26034,6,True,0,8,6,6|6|6|6|6|6|2|4|0|3|6|0|0|0|0
26036,2,False,2,12,0,0|2|0|0|4|4|0|4|0|0|2|0|2|0|4
26038,2,True,3,12,3,2|3|3|3|3|5|3|2|3|3|3|2|3|3|3
26068,7,False,7,7,7,7|4|4|7|4|4|4|7|7|7|7|7|4|4|7
26083,4,True,6,14,8,0|4|3|8|5|3|0|5|5|8|8|8|1|3|8
26109,6,False,6,15,4,4|4|4|4|4|4|4|4|4|4|4|4|4|4|4
26127,0,False,0,11,6,6|4|6|0|0|6|6|6|6|6|6|0|6|0|6
26159,9,True,4,14,4,4|4|4|4|4|4|4|4|4|4|4|4|4|9|4
26216,6,False,6,13,4,2|4|3|4|4|6|1|5|2|3|4|8|6|2|8
26220,6,True,0,12,0,0|0|0|0|0|1|0|6|3|0|0|0|6|2|6
26243,0,False,0,10,6,6|6|6|0|0|6|6|6|6|6|6|0|0|0|6
26244,9,False,9,15,5,5|5|5|5|5|5|5|5|5|5|5|5|5|5|5
26258,1,True,3,11,1,7|0|5|5|8|6|0|5|1|0|1|7|1|8|1
26270,1,True,5,15,7,4|4|7|7|7|7|7|5|7|7|7|7|7|4|7
26271,4,False,4,13,9,9|9|9|9|9|9|9|9|3|4|9|4|9|9|9
26274,2,True,3,14,3,3|3|2|3|3|3|3|3|3|3|3|3|3|3|3
26292,1,True,8,14,8,8|8|8|8|7|3|7|1|8|8|8|7|8|8|8
26307,4,True,6,8,4,6|4|6|8|4|6|4|6|6|6|4|4|8|4|4
26319,2,True,3,8,3,2|3|2|2|3|3|2|3|3|3|2|2|3|2|3
26323,4,True,6,14,3,3|3|2|1|2|4|1|5|3|3|1|3|6|1|3
26347,3,True,7,14,7,7|7|7|7|9|3|7|7|7|7|7|7|7|9|7
26384,0,False,0,10,6,6|6|6|0|6|0|6|4|6|6|6|0|6|0|0
26397,9,True,4,12,4,4|4|4|4|9|4|4|4|9|4|4|4|4|9|4
26399,9,True,4,9,4,9|4|4|4|9|4|9|9|9|5|4|8|4|9|4
26417,9,True,7,10,7,7|7|7|7|9|9|7|7|7|7|7|7|9|9|9
26422,9,True,8,15,8,8|8|8|8|8|8|8|8|8|8|8|7|8|8|8
26431,9,True,8,15,8,8|8|8|8|8|3|8|8|8|8|8|8|8|8|8
26484,9,True,7,13,7,7|7|7|7|9|9|7|7|7|7|7|7|2|2|7
26506,6,True,0,5,6,6|6|6|7|0|6|6|6|6|0|6|0|0|6|6
26551,2,False,2,14,0,0|4|6|0|4|4|0|0|0|4|0|0|2|0|6
26552,5,True,9,2,5,9|5|5|5|9|5|5|5|5|5|5|5|5|5|5
26559,3,True,8,15,8,8|8|1|7|8|0|8|1|8|4|8|8|8|8|1
26565,7,True,8,14,8,7|8|8|8|8|8|8|9|8|8|8|8|8|8|8
26567,6,False,6,11,4,6|4|6|4|6|4|4|6|4|4|4|2|4|2|4
26580,4,True,7,13,7,7|7|7|7|7|4|7|7|7|7|7|7|4|7|7
26590,0,True,1,14,1,1|1|1|0|1|1|1|1|1|1|1|1|1|1|1
26607,9,True,4,10,4,4|4|9|9|9|4|4|1|4|4|4|9|4|9|4
26613,9,False,9,15,5,5|5|5|5|5|5|5|5|5|5|5|5|5|5|5
26622,0,False,0,10,6,0|0|6|0|6|6|6|6|6|1|6|0|6|6|0
26624,3,False,3,8,2,2|2|2|3|2|3|2|2|3|3|3|2|3|2|3
26648,6,True,2,13,4,4|2|3|2|4|4|4|9|6|3|9|2|4|6|0
26654,7,True,1,7,7,7|7|7|1|7|1|1|7|7|1|1|7|1|7|1
26655,8,True,2,14,2,2|2|2|3|2|2|2|2|0|0|8|0|2|2|2
26670,4,True,6,4,4,0|4|4|2|4|4|4|4|6|4|4|4|4|2|4
26671,1,True,5,11,7,1|7|5|7|1|1|1|5|7|7|7|7|7|2|5
26673,5,False,5,2,5,5|5|5|5|5|5|5|5|5|7|5|5|5|1|5
26721,2,False,2,8,2,2|2|0|4|0|4|2|2|2|8|0|0|2|0|2
26739,2,True,3,10,3,2|3|2|3|3|2|0|3|3|3|3|2|6|2|1
26776,0,True,2,3,0,0|0|0|0|0|0|0|2|0|0|0|0|4|0|4
26787,3,True,8,10,8,8|5|8|8|8|3|5|8|3|3|7|8|3|8|3
26799,3,False,3,10,3,2|3|2|7|3|8|3|5|3|6|8|1|7|1|3
26812,2,False,2,11,0,2|0|2|0|2|2|0|0|0|0|0|0|0|0|0
26839,2,True,5,14,-1,5|5|2|7|5|5|7|1|7|5|5|7|7|7|1
26849,5,True,9,0,5,5|5|5|5|5|5|5|5|5|5|5|5|5|5|5
26855,0,False,0,11,6,0|6|0|3|6|6|0|6|6|6|6|0|6|6|6
26872,9,True,7,12,7,7|7|7|7|9|9|7|7|7|7|7|7|7|9|7
26874,6,True,3,11,3,3|3|6|3|3|3|6|6|3|3|3|3|3|6|3
26883,1,False,1,1,1,1|7|1|1|1|1|1|1|1|1|1|1|1|1|1
26889,3,True,5,15,5,7|7|5|5|1|5|5|1|7|5|5|7|5|1|5
26911,3,False,3,4,3,3|3|2|2|3|3|3|2|3|3|3|2|3|3|3
26922,1,False,1,3,1,1|7|1|7|1|1|1|1|1|1|1|7|1|1|1
26926,8,False,8,5,8,3|8|8|8|3|3|8|8|8|3|3|8|8|8|8
26953,2,True,3,13,3,3|3|3|3|3|3|3|3|3|3|3|2|3|2|3
26964,4,True,1,15,1,0|1|1|1|1|1|1|1|1|0|1|3|1|1|0
27001,7,True,1,15,1,1|1|1|1|1|1|1|1|1|1|1|1|1|1|1
27066,9,True,7,10,7,7|9|7|7|9|7|9|9|7|7|7|7|9|7|7
27078,8,False,8,5,8,3|8|8|8|8|8|8|8|8|3|3|8|3|3|8
27081,5,True,9,1,5,5|5|5|5|5|5|5|5|5|5|5|5|5|9|5
27086,7,False,7,3,7,7|7|7|7|9|4|7|9|7|7|7|7|7|7|7
27089,4,False,4,8,4,9|4|2|3|4|4|5|3|1|4|4|1|4|6|4
27104,2,False,2,13,0,0|0|0|2|2|0|0|0|0|0|0|0|0|0|0
27109,1,True,8,13,8,1|8|8|8|8|1|8|8|8|8|8|8|8|8|8
27119,1,True,3,13,3,8|8|3|3|0|1|1|3|3|8|3|8|3|2|0
27130,0,False,0,8,6,6|6|6|0|0|6|0|6|6|0|6|0|0|0|6
27136,1,True,3,15,4,6|6|7|4|4|4|4|4|6|4|4|4|4|6|4
27139,0,False,0,12,6,6|0|6|6|0|6|6|6|6|6|6|0|6|6|6
27157,9,True,3,15,3,2|3|3|3|2|4|1|3|1|3|3|2|3|3|3
27228,4,True,6,6,4,6|4|6|4|4|4|2|6|4|4|6|2|4|4|4
27235,1,True,5,11,5,1|5|5|5|5|1|1|5|7|2|5|7|5|1|5
27240,8,False,8,2,8,8|8|1|8|8|1|8|8|8|8|8|8|8|8|8
27263,9,True,4,8,-1,6|9|9|9|9|4|9|4|9|4|4|4|4|9|4
27288,4,True,6,6,4,6|2|6|4|4|4|4|2|4|4|4|4|4|6|6
27295,8,True,2,15,0,2|0|0|0|0|0|2|0|0|0|0|0|0|0|0
27304,0,True,1,11,1,0|1|1|1|1|0|1|1|1|1|1|0|1|0|1
27310,5,True,9,1,5,2|5|5|5|5|5|5|5|5|5|5|5|5|5|5
27347,7,True,8,15,8,8|8|8|8|8|8|8|8|8|8|8|8|8|8|8
27350,4,False,4,15,6,6|6|6|6|6|6|0|6|6|0|6|0|0|6|6
27397,9,True,8,14,8,8|8|8|8|9|8|8|8|8|8|8|7|8|8|8
27435,4,True,6,7,4,4|4|6|0|6|4|2|4|3|4|4|4|4|6|3
27443,0,True,2,8,0,0|9|2|0|2|0|0|2|0|4|0|0|2|9|4
27445,1,False,1,1,1,8|1|1|1|1|1|1|1|1|1|1|1|1|1|1
27474,5,False,5,3,5,7|5|5|5|5|5|7|5|5|5|5|7|5|5|5
27485,4,True,6,3,4,4|4|4|4|4|6|4|4|6|4|4|4|6|4|4
27489,3,True,2,14,-1,2|4|4|9|4|9|2|2|3|4|2|9|9|2|4
27492,2,True,5,15,5,7|5|7|5|5|5|5|5|7|7|5|5|5|5|5
27504,4,True,1,15,0,0|3|1|0|1|1|1|0|0|0|0|2|6|8|1
27533,4,False,4,10,4,8|3|5|4|4|4|3|2|8|4|1|8|3|0|4
27536,6,False,6,15,4,4|0|2|9|2|4|0|7|4|4|0|4|0|2|4
27542,8,False,8,4,8,3|8|8|8|8|3|8|8|8|8|3|8|8|3|8
27558,7,False,7,7,7,7|7|7|7|5|5|9|9|7|5|7|7|9|7|9
27654,7,False,7,3,7,7|7|7|7|9|2|7|7|7|7|7|7|7|9|7
27679,5,False,5,5,5,5|7|5|5|5|5|1|5|7|7|7|5|5|5|5
27690,0,False,0,13,6,6|6|6|6|6|6|0|6|6|6|6|0|6|6|6
27706,5,True,8,15,8,8|8|8|8|8|8|8|8|8|8|8|8|8|8|8
27721,2,True,3,9,-1,2|3|2|3|2|2|1|2|3|3|1|1|3|2|3
27728,1,True,5,9,7,7|7|1|7|1|7|1|5|7|7|7|1|7|1|1
27735,4,False,4,8,4,9|4|2|4|9|4|4|9|1|4|3|4|3|9|4
27778,8,False,8,4,8,3|8|8|8|8|3|8|3|8|3|8|8|8|8|8
27780,0,True,1,11,1,1|0|1|1|0|1|1|1|1|0|1|1|0|1|1
27788,6,False,6,15,4,4|4|4|4|4|4|4|4|4|4|4|4|4|2|4
27789,0,True,1,15,1,1|1|1|1|1|1|1|1|1|1|1|1|1|1|1
27843,3,False,3,4,3,2|3|2|3|3|3|6|3|3|3|3|2|3|3|3
27865,5,False,5,2,5,5|5|5|5|9|5|5|9|5|5|5|5|5|5|5
27870,4,False,4,9,4,0|4|9|3|0|4|2|2|0|0|4|4|2|4|4
27874,4,True,6,3,4,4|4|4|4|4|4|4|4|6|4|6|4|4|9|4
27889,2,False,2,13,4,4|4|2|4|0|4|4|4|4|4|4|4|4|2|4
27897,3,True,5,14,5,5|5|5|9|5|3|5|5|5|5|5|5|5|5|1
27899,1,False,1,1,1,4|1|1|1|1|1|1|1|1|1|1|1|1|1|1
27904,9,True,7,11,7,7|7|7|7|9|9|5|7|7|7|7|7|9|9|7
27911,1,False,1,8,7,7|7|7|7|1|1|1|7|7|1|1|7|1|7|1
27912,1,False,1,4,1,7|7|1|7|1|1|1|1|1|1|1|1|1|1|7
27928,4,True,6,13,-1,4|6|6|3|3|8|1|1|6|7|2|2|4|2|3
27940,7,True,5,10,5,7|7|5|7|5|5|6|5|7|6|5|7|5|5|5
27945,7,False,7,4,7,7|7|7|7|7|7|7|9|7|7|2|7|7|2|3
27965,9,True,4,14,4,4|4|4|4|4|4|6|5|6|4|4|4|4|9|4
27969,2,False,2,12,4,2|9|4|9|4|4|4|4|3|4|4|9|2|2|4
27972,6,True,0,5,6,6|0|6|6|0|6|6|6|6|0|6|0|6|6|0
27975,6,True,2,9,-1,6|4|6|2|4|0|6|6|4|0|4|4|4|6|6
27981,0,False,0,14,6,6|6|6|6|4|6|0|6|6|4|6|4|6|6|6
27983,3,False,3,10,1,3|3|2|8|1|1|1|8|8|1|3|1|3|1|3
28009,6,True,3,14,3,8|3|7|8|3|3|7|7|3|6|3|7|1|1|3
28020,7,False,7,6,7,5|7|7|7|9|5|7|7|7|7|7|7|5|0|5
28040,4,True,6,13,0,6|2|0|0|0|0|0|4|0|0|9|4|2|0|0
28045,9,False,9,13,5,9|5|5|5|5|5|5|9|5|5|5|5|5|5|5
28061,0,False,0,11,6,6|4|6|0|6|6|6|6|6|0|6|0|6|0|6
28104,8,False,8,0,8,8|8|8|8|8|8|8|8|8|8|8|8|8|8|8
28114,8,False,8,0,8,8|8|8|8|8|8|8|8|8|8|8|8|8|8|8
28119,2,True,3,11,3,3|3|2|3|3|3|2|3|3|3|3|2|3|2|3
28135,3,True,8,15,8,8|8|8|8|8|8|8|8|8|8|8|8|8|8|8
28154,6,False,6,5,6,4|6|6|6|4|6|4|6|6|6|6|0|6|6|4
28157,6,True,0,13,8,2|3|8|8|8|6|1|8|7|8|8|5|6|5|8
28182,1,False,1,4,1,7|1|1|7|0|1|1|7|1|1|1|1|1|1|1
28189,7,True,3,15,3,2|3|2|6|0|3|0|3|3|3|9|3|6|2|3
28205,8,False,8,13,2,3|7|2|7|2|0|7|2|0|7|0|8|2|2|8
28211,4,False,4,5,4,9|4|4|9|9|4|4|4|4|4|9|4|4|9|4
28221,4,True,6,9,6,4|4|6|4|6|4|6|6|6|6|4|2|6|9|4
28233,3,False,3,4,3,2|8|3|3|3|2|3|3|3|3|3|2|3|3|3
28238,6,True,0,3,6,6|4|6|6|4|6|6|6|6|6|6|4|6|6|6
28245,7,True,1,15,4,4|4|6|2|0|6|1|4|0|3|4|0|6|1|4
28251,6,False,6,14,4,4|4|4|9|4|4|4|4|6|4|4|9|4|4|4
28252,2,True,7,14,7,7|7|7|7|7|7|7|7|7|7|7|7|7|2|7
28283,1,True,5,11,5,7|5|5|5|7|1|1|1|5|5|5|5|5|1|5
28301,3,True,8,13,8,3|8|8|8|8|3|8|8|8|8|8|8|8|8|8
28302,9,True,7,8,7,9|7|7|7|9|9|7|9|7|7|7|7|9|9|9
28312,6,True,0,7,6,6|6|6|0|0|6|0|6|6|0|6|0|0|0|6
28324,4,True,6,1,4,4|4|4|4|4|6|4|4|4|4|4|4|4|4|4
28334,2,False,2,15,4,0|4|4|4|4|0|0|4|0|0|0|4|4|0|4
28341,6,True,0,15,2,2|2|2|3|2|2|2|3|3|3|3|2|3|2|3
28343,7,True,5,7,7,5|5|2|5|7|5|7|7|5|7|7|7|7|5|7
28355,1,False,1,4,1,1|0|1|1|1|0|1|1|1|0|1|1|1|0|1
28393,6,False,6,2,6,6|6|6|6|0|6|6|6|6|6|6|0|6|6|6
28410,0,False,0,13,6,6|6|6|2|6|6|6|6|6|6|3|0|6|6|0
28411,7,True,5,11,5,7|7|7|7|5|5|5|5|5|5|5|5|5|8|5
28425,6,True,0,11,0,0|6|6|0|0|0|0|0|6|0|6|0|0|0|0
28449,3,True,8,12,8,8|8|3|8|8|8|8|3|8|3|8|8|8|8|8
28461,0,False,0,13,6,6|0|6|6|6|6|6|6|6|6|6|0|6|6|6
28465,3,False,3,8,3,3|2|2|2|3|3|4|3|3|3|3|2|2|2|6
28470,0,False,0,12,6,6|6|1|6|6|0|0|7|6|6|6|0|6|1|6
28476,9,True,7,15,7,7|7|7|7|8|7|7|1|7|7|3|7|7|0|7
28491,9,True,4,13,4,4|4|4|4|4|4|4|9|0|4|4|0|4|9|4
28515,4,False,4,4,4,4|2|9|4|4|4|4|9|4|4|4|4|4|9|4
28519,7,True,5,14,5,2|5|2|5|5|5|5|7|5|5|5|5|5|5|5
28542,5,True,9,0,5,5|5|5|5|5|5|5|5|5|5|5|5|5|5|5
28546,8,False,8,3,8,8|3|5|8|8|8|8|8|8|8|8|8|8|3|8
28553,3,True,8,12,8,8|8|8|8|8|8|8|8|8|3|8|8|8|3|3
28583,5,True,9,2,5,9|5|5|5|9|5|5|5|5|5|5|5|5|5|5
28592,3,True,8,15,8,9|8|8|8|8|8|8|5|8|5|8|8|8|8|8
28609,2,True,7,15,7,7|7|7|7|7|7|7|7|7|7|7|7|9|9|7
28617,7,True,1,11,1,7|7|1|7|1|1|1|1|1|1|1|7|1|1|1
28664,1,False,1,1,1,1|7|1|1|1|1|1|1|1|1|1|1|1|1|1
28678,9,True,6,15,4,4|4|2|4|2|4|0|4|0|6|4|2|4|6|2
28683,9,True,4,14,4,2|0|4|4|4|4|2|4|1|4|9|0|4|4|4
28688,0,False,0,7,0,0|0|6|6|0|0|6|6|6|0|6|0|6|0|0
28693,3,True,8,15,8,8|8|8|8|8|8|8|8|8|8|8|8|8|8|8
28708,8,True,1,15,1,1|7|1|0|1|0|1|1|1|1|1|1|1|1|1
28723,7,False,7,5,7,7|4|7|7|9|7|7|7|7|7|7|7|4|4|4
28730,4,True,6,3,4,3|4|6|4|4|4|4|4|3|4|4|4|4|4|4
28759,9,True,4,9,-1,9|9|4|3|9|4|3|9|6|4|4|4|9|9|4
28770,7,False,7,7,7,7|7|1|7|7|3|5|1|7|7|5|7|7|1|5
28782,2,False,2,14,4,4|0|4|4|4|4|0|4|0|0|4|4|4|2|0
28798,8,False,8,6,8,8|7|7|8|4|8|8|7|7|7|8|8|8|8|8
28814,3,True,2,12,-1,3|3|2|2|4|3|4|2|1|4|4|4|2|2|0
28815,8,False,8,3,8,8|8|8|8|8|3|8|3|8|8|8|8|8|8|3
28827,0,True,2,2,0,0|0|0|0|2|0|0|0|0|0|0|0|0|2|0
28834,9,False,9,14,5,5|5|5|5|9|5|5|5|5|5|5|5|5|5|5
28836,4,False,4,3,4,4|4|4|4|9|4|4|4|0|4|4|4|4|9|4
28847,8,True,2,14,0,0|0|2|0|8|2|0|2|0|0|2|0|0|2|0
28853,7,True,1,13,1,1|7|1|7|1|1|1|1|1|1|1|1|1|1|1
28860,5,False,5,7,5,7|5|5|5|7|5|5|5|5|7|5|7|1|1|7
28861,1,True,5,12,5,1|5|5|5|5|5|5|5|5|5|1|5|1|5|5
28888,5,True,9,1,5,5|5|5|5|5|5|5|9|5|5|5|5|5|5|5
28892,2,True,5,15,5,1|5|5|5|5|1|5|5|5|5|5|7|5|5|5
28899,4,False,4,7,4,9|4|4|9|4|9|4|4|0|4|4|9|3|9|4
28923,3,True,8,15,8,8|8|8|8|8|8|8|8|8|8|8|8|8|8|8
28941,6,True,0,7,6,0|6|6|0|0|6|0|6|6|0|6|0|6|6|0
28968,1,False,1,0,1,1|1|1|1|1|1|1|1|1|1|1|1|1|1|1
28971,0,False,0,8,-1,0|0|0|0|4|6|6|6|6|0|6|0|6|0|6
28973,0,False,0,13,6,6|6|6|6|0|6|6|6|6|6|6|6|0|6|6
28991,2,True,3,13,3,3|3|2|3|3|3|6|2|3|3|3|0|3|6|3
29006,0,True,2,11,6,6|6|2|6|4|6|0|0|6|6|4|4|0|0|6
29047,9,True,7,8,9,9|7|9|9|7|9|5|9|7|7|2|7|7|9|9
29050,0,False,0,12,6,6|0|6|6|6|6|6|6|6|0|6|0|6|6|6
29051,9,False,9,6,9,9|9|9|9|9|2|5|9|7|5|7|9|9|5|9
29052,5,True,9,11,9,9|2|9|9|9|5|9|5|7|5|2|5|2|9|8
29063,3,True,8,15,8,8|8|8|8|8|8|8|8|8|8|8|8|8|8|8
29072,2,True,3,9,-1,2|2|6|2|6|3|6|6|2|6|2|2|6|3|3
29092,6,False,6,9,6,6|3|0|2|6|4|6|4|0|6|3|3|6|2|6
29103,1,True,5,15,5,5|5|5|5|5|5|5|5|5|5|5|5|5|5|5
29138,2,True,3,11,3,2|3|2|3|3|3|3|2|3|3|3|2|3|3|3
29151,5,True,9,11,9,9|9|9|5|9|5|5|9|7|5|9|9|9|2|9
29173,9,True,7,9,7,9|7|7|7|9|9|7|7|7|7|7|7|9|9|9
29174,3,False,3,7,3,3|3|2|3|3|3|6|2|2|3|6|2|3|2|3
29212,6,True,0,1,6,6|6|6|6|6|6|6|6|6|6|6|0|6|6|6
29220,6,True,0,7,6,6|6|4|8|6|6|0|6|8|4|6|4|6|8|6
29255,9,True,4,15,-1,2|0|0|3|2|3|0|2|3|0|8|2|4|0|2
29264,7,False,7,7,7,7|4|7|7|4|4|7|4|7|7|3|7|4|4|7
29288,3,False,3,5,3,2|3|2|3|6|3|3|3|3|3|3|2|3|6|3
29292,6,True,0,10,0,0|6|6|5|0|1|0|6|6|8|0|0|6|2|0
29311,9,True,7,15,7,7|7|7|7|7|4|7|4|7|5|7|7|7|8|7
29316,9,True,4,10,4,9|4|4|9|4|9|2|2|0|4|9|4|2|9|4
29318,9,True,4,14,4,9|4|7|4|4|4|2|2|0|4|4|4|2|2|4
29362,2,True,9,14,9,9|9|2|9|9|9|5|9|7|7|9|9|9|9|9
29377,9,False,9,13,5,9|5|5|5|5|5|5|9|5|5|5|5|5|5|5
29390,4,True,6,10,-1,3|2|2|2|4|3|4|3|3|4|3|4|6|2|4
29428,5,True,9,0,5,5|5|5|5|5|5|5|5|5|5|5|5|5|5|5
29432,2,False,2,14,0,0|0|7|0|3|0|6|0|0|5|8|7|0|0|2
29440,6,False,6,9,4,6|4|4|4|4|4|2|4|6|6|6|6|1|6|4
29466,9,True,4,15,4,4|4|4|4|4|4|0|4|0|0|4|0|4|4|4
29490,6,True,0,10,0,0|6|6|0|0|0|1|6|6|0|4|0|4|4|6
29504,2,True,5,11,5,2|5|2|5|5|5|5|5|5|5|2|5|7|2|4
29523,2,False,2,14,0,6|4|0|4|0|4|0|0|0|4|0|0|4|2|0
29533,6,True,1,15,1,1|7|1|7|1|1|1|1|1|1|1|1|1|1|1
29538,9,True,4,12,4,9|4|6|3|4|4|0|2|4|4|4|9|3|9|3
29581,7,False,7,3,7,7|7|7|7|7|9|7|3|7|7|7|7|7|0|7
29585,9,True,7,10,7,9|7|7|7|9|9|7|9|7|7|7|7|9|7|7
29597,6,True,0,7,6,6|0|6|0|0|6|0|6|6|0|6|0|6|0|6
29600,7,False,7,12,9,7|9|7|9|9|2|9|9|9|7|9|9|2|9|9
29608,7,True,1,11,1,1|7|7|7|1|1|1|1|1|1|1|7|1|1|4
29612,9,True,7,11,7,7|7|9|7|9|9|7|7|7|7|7|7|7|7|9
29621,8,False,8,0,8,8|8|8|8|8|8|8|8|8|8|8|8|8|8|8
29648,3,False,3,3,3,3|2|2|3|3|3|3|3|3|3|3|1|3|3|3
29706,3,True,7,15,7,7|7|7|7|9|4|7|7|7|7|7|7|7|7|7
29723,1,False,1,2,1,7|1|1|7|1|1|1|1|1|1|1|1|1|1|1
29742,6,True,0,3,6,6|6|6|6|4|6|6|6|6|0|6|0|6|6|6
29748,2,True,5,15,5,5|7|5|7|5|5|8|5|5|5|7|5|5|7|5
29773,2,True,9,15,9,9|7|7|9|9|9|9|9|7|7|9|7|9|9|7
29791,9,True,7,11,7,9|7|7|7|7|7|7|9|7|7|7|7|9|9|7
29805,6,True,0,4,6,6|4|6|6|0|6|0|6|6|6|6|6|4|6|6
29813,5,True,9,1,5,5|5|5|5|9|5|5|5|5|5|5|5|5|5|5
29818,1,False,1,1,1,1|1|1|7|1|1|1|1|1|1|1|1|1|1|1
29837,9,True,7,15,-1,3|5|5|5|5|5|5|1|7|7|7|1|7|7|7
29841,9,True,4,4,9,9|9|4|9|9|9|9|9|9|4|9|4|4|9|9
29882,5,True,9,1,5,5|5|5|5|5|5|5|9|5|5|5|5|5|5|5
29900,9,True,4,14,4,3|4|3|4|9|4|2|4|4|4|4|2|4|4|3
29926,5,True,8,15,8,8|8|8|8|8|8|8|8|8|8|8|8|8|8|8
29940,8,False,8,1,8,8|8|8|8|8|8|8|8|8|8|8|8|8|3|8
29963,4,False,4,9,4,2|4|7|0|4|4|2|4|0|5|4|2|4|9|2
29972,3,False,3,8,3,2|3|6|3|3|2|2|4|3|3|3|2|3|2|2
29995,6,True,3,13,3,2|3|6|3|3|3|6|3|3|3|3|3|3|3|3
30005,2,False,2,12,0,2|2|0|0|4|0|0|0|0|0|0|0|2|0|0
30025,6,True,3,10,3,2|3|6|6|3|3|6|6|3|3|3|3|0|6|3
30027,9,True,7,8,7,9|7|9|9|9|9|7|7|7|7|7|7|9|9|7
30045,8,False,8,12,4,4|4|8|6|8|4|0|4|6|6|4|8|1|9|4
30072,7,False,7,1,7,7|7|7|7|9|7|7|7|7|7|7|7|7|7|7
30073,7,False,7,12,5,2|3|5|5|2|7|5|5|5|5|1|7|7|3|5
30083,6,True,0,15,3,3|3|3|3|3|3|2|3|3|3|2|2|2|2|3
30104,6,False,6,7,6,6|4|6|0|4|6|0|6|6|6|4|4|6|2|6
30118,4,True,1,15,1,1|1|1|1|1|1|1|1|1|1|1|1|1|1|1
30127,3,True,5,15,5,1|5|5|5|5|5|5|5|5|5|5|5|5|5|5
30149,8,False,8,3,8,8|8|8|7|8|1|8|1|8|8|8|8|8|8|8
30158,0,True,1,12,1,1|0|1|0|0|1|1|1|1|1|1|1|1|1|1
30160,5,False,5,10,9,5|5|1|5|9|9|9|5|7|7|1|5|9|9|9
30174,4,False,4,8,-1,9|4|4|4|9|9|9|9|2|4|4|9|4|9|4
30217,7,False,7,2,7,7|7|7|7|9|7|7|7|7|5|7|7|7|7|7
30220,4,False,4,11,8,8|8|9|8|4|8|7|1|6|6|4|8|4|9|4
30221,0,True,1,12,1,0|1|1|0|1|1|1|0|1|1|1|1|1|1|1
30227,4,True,6,4,4,4|4|4|4|4|6|2|4|4|6|4|4|4|6|4
30233,8,True,6,11,-1,0|6|6|2|6|4|0|2|3|8|3|8|8|6|8
30244,2,True,6,12,7,6|5|0|7|2|7|6|2|7|0|7|0|8|2|7
30266,0,True,3,15,3,3|3|2|3|8|7|1|8|3|3|3|1|3|8|3
30288,4,True,6,13,0,0|4|0|0|0|0|0|0|0|0|2|0|0|0|4
30294,6,True,0,7,6,6|4|6|6|2|6|0|6|6|0|6|0|0|0|6
30306,5,False,5,3,5,5|5|5|5|5|5|5|1|5|7|5|7|5|5|5
30324,0,True,2,4,0,2|0|2|0|0|0|0|0|0|0|0|8|0|0|8
30332,2,False,2,12,0,0|0|0|0|4|0|2|0|0|0|0|0|2|2|0
30335,4,False,4,1,4,4|4|4|4|4|4|9|4|4|4|4|4|4|4|4
30352,9,True,4,13,4,4|4|4|4|9|4|0|4|6|4|4|4|4|9|4
30362,9,False,9,15,5,5|5|5|5|5|5|5|5|5|5|5|5|5|5|5
30377,4,True,6,3,4,6|4|4|4|4|4|0|4|6|4|4|4|4|4|4
30450,4,True,5,15,7,7|5|8|7|7|7|1|3|5|7|7|5|6|5|5
30456,9,False,9,15,5,5|5|5|5|5|5|5|5|5|5|5|5|5|5|5
30463,5,False,5,14,7,7|7|7|7|8|7|7|5|7|7|7|2|7|3|7
30465,7,True,5,12,5,2|7|5|8|3|5|8|4|5|7|1|7|6|5|5
30489,0,True,1,14,1,1|4|1|1|1|1|1|1|1|1|1|0|1|1|1
30504,2,True,3,15,3,1|0|6|3|3|3|1|3|3|3|3|1|3|1|3
30528,5,False,5,5,5,3|5|5|5|5|5|3|5|5|7|5|5|3|5|7
30535,7,True,8,8,7,7|7|7|7|1|1|1|8|7|7|8|7|8|8|1
30560,5,True,9,2,5,9|5|5|5|9|5|5|5|5|5|5|5|5|5|5
30588,5,True,9,7,5,7|9|5|9|9|5|5|5|5|5|5|7|9|5|9
30590,7,True,8,9,8,8|7|8|7|7|5|8|8|7|7|7|8|8|8|8
30606,5,False,5,5,5,7|7|5|7|5|5|5|5|5|7|5|7|5|5|5
30608,5,True,9,0,5,5|5|5|5|5|5|5|5|5|5|5|5|5|5|5
30620,2,True,3,8,3,2|3|2|2|3|2|3|2|3|3|3|2|3|2|3
30629,7,True,5,12,5,5|5|5|5|5|5|5|5|7|5|5|7|7|5|5
30633,9,True,4,14,4,9|4|4|0|4|4|4|4|0|4|4|4|4|4|4
30653,0,False,0,10,6,6|6|6|0|0|6|0|6|6|0|8|1|0|6|6
30668,6,True,3,15,3,3|2|3|3|8|3|3|3|3|3|5|3|3|3|3
30670,8,False,8,9,7,8|8|1|7|8|3|8|7|7|7|7|7|7|8|8
30676,6,False,6,5,6,6|0|6|6|6|6|6|4|6|6|6|4|0|6|0
30704,7,False,7,5,7,7|4|7|7|7|4|7|4|7|7|3|7|7|8|7
30707,1,True,8,14,8,8|8|8|8|8|8|8|5|8|8|8|8|8|1|8
30720,1,False,1,1,1,1|1|1|1|1|1|0|1|1|1|1|1|1|1|1
30724,0,True,1,15,1,1|1|1|1|1|1|1|1|1|1|1|1|1|1|1
30729,0,True,2,5,0,0|2|0|0|0|2|0|0|0|0|2|0|4|0|6
30733,6,True,0,1,6,6|6|6|6|0|6|6|6|6|6|6|6|6|6|6
30739,4,False,4,5,4,4|4|4|9|9|4|4|9|6|4|4|4|4|9|4
30756,4,True,6,0,4,4|4|4|4|4|4|4|4|4|4|4|4|4|4|4
30775,9,False,9,14,5,9|5|5|5|5|5|5|5|5|5|5|5|5|5|5
30783,9,True,4,13,4,9|4|4|4|4|4|4|4|8|4|4|4|4|9|4
30797,5,True,9,2,5,7|5|5|5|5|9|5|5|5|5|5|5|5|5|5
30801,3,False,3,1,3,3|3|3|3|3|3|3|3|3|3|3|3|3|2|3
30806,0,False,0,9,6,6|0|0|0|6|6|0|6|6|0|6|0|6|6|6
30807,5,True,9,2,5,5|5|9|5|9|5|5|5|5|5|5|5|5|5|5
30813,9,False,9,13,5,5|5|5|5|9|5|9|5|5|5|5|5|5|5|5
30814,8,True,6,15,4,4|4|4|4|4|4|4|4|6|4|4|4|4|4|4
30819,6,True,1,15,1,7|7|1|1|1|1|1|1|1|1|1|7|1|1|1
30832,6,True,0,7,6,6|4|6|6|2|6|4|4|4|6|4|4|6|6|6
30837,5,False,5,2,5,5|5|2|5|5|5|1|5|5|5|5|5|5|5|5
30847,4,True,6,8,4,4|4|6|6|0|6|4|4|4|6|4|2|0|6|4
30852,7,False,7,3,7,7|7|7|7|7|4|7|3|7|7|7|7|7|3|7
30855,3,True,5,15,5,1|5|5|5|1|1|5|1|5|5|5|8|8|1|1
30856,5,True,9,0,5,5|5|5|5|5|5|5|5|5|5|5|5|5|5|5
30863,6,True,0,6,6,6|4|6|0|0|6|6|0|6|6|6|0|6|0|6
30897,3,True,8,12,8,3|8|8|8|3|8|8|8|8|3|8|8|8|8|8
30901,3,False,3,6,3,6|3|6|3|6|3|3|3|3|3|3|2|3|0|6
30923,6,False,6,13,1,2|4|6|1|2|1|0|0|1|6|2|1|3|0|1
30946,4,False,4,9,4,4|4|0|4|9|9|3|3|8|0|4|4|4|9|1
30947,1,False,1,2,1,1|1|7|7|1|1|1|1|1|1|1|1|1|1|1
30978,2,True,7,14,7,7|7|7|7|7|7|7|9|7|7|7|7|7|2|9
30980,0,False,0,10,6,6|6|6|0|0|6|4|6|6|0|6|0|0|6|6
31009,4,True,1,14,1,1|4|1|1|1|1|1|1|1|1|1|1|1|1|1
31048,9,True,8,15,8,6|8|8|8|8|3|8|8|8|8|8|8|8|8|8
31053,2,True,5,8,5,2|5|2|5|2|5|5|5|5|5|5|2|2|2|2
31056,6,True,0,13,0,0|0|0|0|0|0|0|6|3|0|0|0|0|0|6
31064,9,False,9,12,5,9|5|5|5|5|5|5|5|5|5|5|9|5|9|5
31068,0,False,0,10,6,6|0|6|6|6|6|0|6|6|6|6|0|6|0|0
31083,4,True,6,3,4,9|4|4|4|4|4|4|4|6|4|9|4|4|4|4
31102,7,False,7,5,7,7|7|1|8|7|1|5|5|7|7|7|7|7|7|7
31130,5,True,9,1,5,9|5|5|5|5|5|5|5|5|5|5|5|5|5|5
31131,0,True,2,3,0,2|0|0|2|4|0|0|0|0|0|0|0|0|0|0
31144,0,True,1,8,-1,0|3|1|0|1|1|0|1|0|0|1|1|0|0|1
31158,6,True,7,15,7,7|8|2|7|4|7|7|5|7|7|7|7|7|7|5
31174,7,True,5,8,7,7|7|2|7|7|5|5|4|5|5|5|7|7|7|5
31183,9,True,7,8,9,7|7|9|9|9|9|7|9|7|5|9|7|7|9|1
31217,8,False,8,1,8,7|8|8|8|8|8|8|8|8|8|8|8|8|8|8
31232,3,False,3,5,3,2|2|3|3|3|3|6|3|0|3|2|3|3|3|3
31248,4,True,6,11,6,6|4|6|6|4|6|6|6|6|6|6|4|6|4|6
31251,2,True,3,13,6,6|0|2|3|0|3|0|6|0|6|6|7|8|2|6
31263,2,True,6,12,6,3|2|6|2|0|6|2|6|6|3|3|4|6|6|3
31269,0,False,0,12,6,6|6|6|0|6|6|6|6|6|6|6|0|6|0|6
31271,4,True,6,12,6,6|6|6|2|4|3|0|6|6|3|0|4|4|6|6
31278,5,True,9,7,5,7|9|9|9|5|9|5|5|5|5|5|7|5|5|9
31288,8,False,8,2,8,8|8|7|8|8|8|8|1|8|8|8|8|8|8|8
31302,1,True,4,15,8,3|8|3|4|4|4|6|2|3|8|8|8|2|8|8
31304,9,True,7,12,7,8|7|7|7|9|7|7|9|7|7|7|7|7|9|7
31320,3,False,3,13,8,8|8|2|8|2|4|1|3|7|1|8|2|6|3|1
31348,0,True,2,1,0,0|4|0|0|0|0|0|0|0|0|0|0|0|0|0
31385,7,True,5,12,5,7|5|5|8|3|5|7|5|3|5|3|5|5|7|1
31397,7,True,1,11,1,7|7|7|7|1|1|1|1|1|1|1|1|1|1|4
31398,5,False,5,8,-1,7|5|2|7|5|5|7|7|7|5|7|5|7|5|5
31404,7,True,5,12,5,5|3|5|7|5|5|5|5|5|5|5|7|7|5|5
31423,3,False,3,4,3,2|2|3|3|3|3|6|2|3|3|3|3|3|3|3
31440,5,True,4,15,0,0|0|8|0|2|7|1|3|3|0|0|7|1|1|1
31456,7,False,7,7,7,5|7|5|5|7|1|1|7|7|7|5|7|7|7|5
31465,7,True,8,14,8,8|8|8|8|8|8|8|8|8|7|8|8|8|8|8
31472,2,False,2,12,4,6|4|4|4|4|4|2|2|1|4|9|2|3|6|4
31473,3,False,3,9,2,2|2|2|3|3|3|2|2|3|3|2|2|2|2|3
31474,7,True,3,15,6,6|2|6|6|6|3|6|6|6|6|6|0|6|6|3
31486,9,False,9,13,5,9|5|5|5|9|5|5|5|5|5|5|5|5|5|5
31492,5,True,4,15,4,8|8|6|1|4|0|0|1|6|4|2|2|4|4|8
31513,0,False,0,9,6,6|0|6|0|6|6|0|0|6|0|6|0|6|6|6
31520,6,True,3,15,3,3|3|3|3|3|3|3|3|3|3|3|3|3|3|3
31522,3,False,3,8,3,6|6|6|3|3|1|3|1|6|3|2|3|6|3|3
31537,2,True,5,11,5,2|5|2|5|5|5|5|5|5|5|5|5|2|2|5
31544,9,True,4,11,4,0|4|4|4|4|9|9|9|2|4|4|0|4|9|4
31560,6,True,3,14,3,3|3|2|3|3|3|0|2|3|6|3|2|3|3|3
31565,6,False,6,15,4,4|4|4|4|4|4|4|5|3|4|4|4|4|4|4
31578,0,False,0,13,6,6|6|6|6|0|6|0|6|6|6|6|4|6|6|6
31619,2,True,3,10,3,2|3|2|2|3|6|1|2|3|6|3|2|3|6|3
31628,6,True,0,8,0,6|0|6|0|0|6|0|6|6|0|6|0|6|0|0
31697,6,True,0,2,6,6|6|6|6|0|6|6|6|6|6|6|0|6|6|6
31711,1,False,1,0,1,1|1|1|1|1|1|1|1|1|1|1|1|1|1|1
31720,0,True,1,10,1,1|0|2|0|0|1|1|1|0|0|1|1|1|1|1
31731,9,False,9,15,5,5|5|5|5|5|5|5|5|5|5|5|5|5|5|5
31732,2,True,3,12,3,3|3|2|2|3|3|6|2|3|3|3|7|3|3|3
31741,0,True,2,15,4,2|4|2|2|4|4|6|4|6|4|4|4|4|2|6
31745,9,True,4,14,4,4|4|4|4|4|4|4|4|4|4|4|4|4|9|4
31781,9,True,4,12,4,4|4|4|4|9|4|4|9|4|4|4|4|4|9|4
31795,9,True,4,11,4,9|4|4|4|4|4|9|4|2|4|4|4|4|9|9
31836,6,False,6,13,4,9|4|4|4|4|6|4|4|4|4|6|9|4|9|4
31840,9,True,4,5,9,4|4|9|9|9|4|9|9|9|4|9|9|9|9|4
31844,6,True,0,2,6,4|4|6|6|6|6|6|6|6|6|6|6|6|6|6
31858,7,False,7,6,7,7|7|9|7|9|9|7|9|7|7|7|7|9|7|9
31897,5,False,5,7,5,7|5|1|8|0|5|5|1|7|5|5|7|5|5|5
31903,6,True,3,15,-1,7|1|2|2|3|3|7|3|3|1|1|2|3|1|1
31905,2,True,5,11,5,2|5|2|5|5|5|5|5|5|5|7|5|2|2|5
31913,4,False,4,7,4,2|9|9|4|4|4|4|9|6|4|4|4|9|2|4
31917,9,True,7,11,7,7|7|7|7|9|9|7|9|7|7|7|7|7|9|7
31928,9,True,4,7,9,9|4|4|4|9|4|4|9|6|9|9|9|9|9|4
31942,6,False,6,8,6,0|0|6|4|6|4|0|6|3|6|6|4|6|1|6
31946,9,True,4,11,4,9|4|4|9|9|4|4|4|6|4|4|4|4|9|4
31970,3,True,5,14,5,3|5|5|5|5|5|1|5|5|5|5|5|5|5|1
31971,6,True,3,15,3,2|3|2|3|3|3|3|2|3|3|3|2|3|3|3
32004,5,True,9,2,5,2|5|5|5|5|5|5|5|5|5|5|5|9|5|5
32023,2,False,2,15,4,9|4|4|9|9|4|4|9|9|4|4|4|4|9|4
32025,0,True,2,13,4,4|4|4|4|4|9|0|4|6|4|4|4|0|4|4
32026,6,True,0,4,6,6|6|4|6|4|6|6|6|6|6|4|0|6|6|6
32029,5,True,9,1,5,9|5|5|5|5|5|5|5|5|5|5|5|5|5|5
32044,8,False,8,2,8,8|8|8|8|8|1|8|1|8|8|8|8|8|8|8
32056,4,False,4,14,6,0|4|2|6|3|6|5|3|3|6|2|0|6|2|0
32088,9,True,4,10,4,4|4|9|9|4|4|4|4|9|4|4|9|4|9|4
32102,3,False,3,6,3,2|3|2|3|3|2|8|3|3|6|3|2|3|3|3
32117,3,True,5,15,5,5|5|7|2|5|5|5|5|5|1|5|5|5|5|5
32147,5,True,9,2,5,5|5|5|9|5|5|5|5|5|5|6|5|5|5|5
32161,1,True,8,11,8,1|8|1|8|8|8|8|1|8|8|8|1|8|8|8
32176,6,True,0,12,3,9|8|3|3|6|3|3|3|8|3|8|6|6|9|8
32262,3,True,5,15,5,5|5|5|5|5|5|5|5|5|1|5|5|5|5|1
32274,9,True,4,3,9,9|4|9|9|9|9|9|9|9|4|4|9|9|9|9
32275,7,True,5,12,5,7|5|5|7|3|5|5|9|5|7|5|5|5|5|5
32290,1,True,8,15,8,3|8|8|8|8|8|8|8|8|8|8|8|8|8|8
32325,9,True,7,7,9,9|7|7|7|9|9|7|9|7|7|9|7|9|9|9
32330,6,True,9,13,5,6|5|5|5|0|2|5|9|9|5|5|7|3|6|5
32339,0,False,0,8,6,6|0|6|0|0|6|6|6|6|0|6|0|0|0|6
32346,2,False,2,12,0,6|0|0|2|2|0|0|0|0|0|0|0|4|2|8
32349,6,False,6,14,4,4|4|4|4|4|4|4|4|4|4|4|4|4|6|4
32360,9,True,7,7,9,7|9|7|9|9|9|5|9|7|5|5|7|9|9|9
32362,4,True,6,12,0,4|4|0|8|0|4|1|6|8|0|0|0|8|0|0
32379,0,True,2,14,2,2|2|2|2|4|2|9|9|4|4|2|4|4|2|0
32382,3,False,3,5,3,3|3|2|3|3|7|0|3|6|3|3|3|3|6|3
32391,2,True,3,8,3,2|2|2|3|3|2|2|3|3|3|3|2|3|2|3
32403,2,True,9,11,9,2|9|9|7|9|2|9|9|7|5|2|9|9|2|9
32407,7,False,7,6,7,9|7|7|7|9|9|7|7|7|7|9|7|9|9|7
32435,5,False,5,4,5,7|5|5|8|5|5|5|2|5|1|5|5|5|5|5
32454,1,True,8,10,1,6|0|1|2|0|4|1|1|7|7|8|1|1|4|8
32504,8,False,8,1,8,8|8|8|8|8|3|8|8|8|8|8|8|8|8|8
32506,3,True,8,14,8,8|8|8|8|8|3|8|8|8|8|1|5|9|8|8
32518,0,True,2,15,4,4|4|4|4|4|4|4|4|4|4|4|4|4|4|4
32519,8,False,8,2,8,8|8|8|8|8|8|8|7|8|7|8|8|8|8|8
32526,7,False,7,3,7,7|7|2|7|7|7|7|7|7|7|7|7|2|2|7
32566,2,False,2,14,0,0|0|2|0|0|0|0|0|0|0|0|8|0|0|0
32586,6,True,9,15,5,2|5|5|5|9|5|5|9|5|5|5|5|5|9|5
32607,0,True,3,13,6,6|0|6|8|4|6|6|3|6|6|6|0|6|6|6
32624,9,False,9,14,5,9|5|5|5|5|5|5|5|5|5|5|5|5|5|5
32625,7,False,7,6,7,9|7|7|7|9|7|7|9|7|7|7|7|9|9|9
32650,9,True,8,13,8,3|8|8|8|2|4|9|8|8|3|8|2|4|9|4
32678,1,False,1,1,1,1|1|1|7|1|1|1|1|1|1|1|1|1|1|1
32689,7,False,7,7,7,7|9|7|7|9|9|7|9|7|7|7|7|9|9|9
32717,7,False,7,7,7,7|7|7|7|9|9|7|9|7|5|5|7|7|0|3
32724,2,True,5,11,5,2|5|5|5|2|5|5|5|5|5|5|5|2|2|5
32729,0,True,1,11,1,1|1|1|1|0|1|0|1|0|1|1|1|0|1|1
32748,0,False,0,11,6,6|0|4|3|3|6|6|6|0|3|3|0|6|6|0
32750,3,True,8,14,8,8|8|8|3|8|8|8|8|8|8|8|8|8|8|8
32753,9,True,4,14,4,6|2|4|4|4|4|2|9|1|4|4|0|4|8|2
32760,9,False,9,14,5,9|5|5|5|5|5|5|5|5|5|5|5|5|5|5
32774,8,False,8,2,8,8|8|8|8|8|8|8|8|8|8|8|8|3|8|3
32780,5,True,9,3,5,9|5|5|5|9|5|5|9|5|5|5|5|5|5|5
32824,2,False,2,8,2,8|2|2|2|4|2|2|4|0|6|2|0|6|2|4
32851,5,False,5,10,7,7|7|2|7|7|5|5|1|7|7|5|7|5|7|5
32858,9,True,7,14,7,7|7|7|7|7|9|7|7|7|7|7|7|7|7|3
32860,1,True,8,14,8,1|8|8|8|8|4|8|8|8|8|8|8|0|8|8
32876,6,True,0,9,6,6|6|7|8|0|6|0|6|7|0|6|1|0|6|8
32880,8,False,8,0,8,8|8|8|8|8|8|8|8|8|8|8|8|8|8|8
32893,4,False,4,1,4,6|4|4|4|4|4|4|4|4|4|4|4|4|4|4
32895,0,False,0,10,6,6|6|6|0|0|6|6|6|0|6|6|0|0|6|6
32896,2,True,9,12,5,2|5|9|5|9|5|9|5|7|5|2|9|2|9|5
32906,6,True,2,14,2,9|4|2|4|4|6|4|2|2|5|2|8|2|2|8
32935,0,False,0,14,4,6|4|6|8|4|4|6|6|0|4|6|4|4|6|4
32945,3,True,8,12,8,3|8|8|8|8|3|8|8|8|8|8|8|8|3|8
32984,7,False,7,5,7,2|7|7|7|2|7|7|9|7|7|2|7|7|9|7
32987,9,True,4,15,4,4|4|4|4|4|4|4|4|4|4|4|4|4|4|4
33007,6,False,6,15,4,9|9|4|9|4|4|4|4|0|4|9|4|4|9|4
33008,2,True,5,15,5,1|5|5|5|1|5|1|5|5|5|5|5|1|4|5
33030,6,False,6,8,6,6|4|6|3|4|6|6|4|3|3|6|0|6|6|0
33059,9,True,7,13,7,9|7|7|7|9|5|7|7|7|7|7|7|7|4|3
33069,1,True,5,8,5,1|5|5|5|5|1|1|1|5|1|1|1|5|5|5
33080,0,False,0,11,4,6|4|8|3|0|4|0|4|6|4|4|0|0|2|4
33103,1,False,1,2,1,1|7|1|7|1|1|1|1|1|1|1|1|1|1|1
33131,7,True,5,13,5,5|5|5|7|5|5|5|5|5|5|5|5|5|7|5
33134,5,False,5,5,5,5|1|5|5|3|6|5|5|5|5|5|1|5|5|1
33159,6,False,6,14,8,8|5|2|8|8|4|1|8|2|1|3|2|4|6|1
33169,9,False,9,15,5,5|5|5|5|5|5|5|5|5|5|5|5|5|5|5
33183,6,False,6,12,4,4|4|6|4|4|4|2|4|6|6|4|4|4|4|4
33192,3,True,2,14,2,2|4|4|2|4|2|4|2|3|0|2|9|2|0|4
33193,9,False,9,15,5,5|5|5|5|5|5|5|5|5|5|5|5|5|5|5
33196,8,False,8,3,8,7|8|8|8|8|3|8|1|8|8|8|8|8|8|8
33211,2,False,2,15,0,8|0|0|0|4|0|0|0|0|0|0|4|0|0|0
33237,0,True,2,8,-1,2|8|2|2|2|2|0|0|0|0|0|2|0|0|2
33270,6,False,6,13,3,2|0|3|3|8|1|3|6|3|6|1|0|1|1|3
33276,7,True,8,12,2,2|7|2|8|2|0|8|8|2|5|3|7|0|7|1
33279,3,True,4,13,2,9|4|2|2|8|0|4|2|2|3|3|0|6|6|4
33303,2,True,3,11,3,2|3|2|3|3|3|3|2|3|3|3|2|3|3|3
33331,9,True,7,12,7,7|7|7|7|9|2|7|9|7|7|7|7|7|9|5
33338,5,False,5,6,5,7|5|1|7|1|5|7|5|5|5|5|7|5|5|5
33362,7,False,7,2,7,7|7|7|7|7|7|7|9|7|7|7|7|7|9|7
33389,7,False,7,4,7,7|7|7|7|9|9|7|7|7|7|7|7|9|9|7
33405,5,True,6,14,2,2|4|6|3|2|6|6|5|3|4|4|2|2|2|4
33435,8,True,4,13,4,4|2|2|4|4|4|4|4|2|4|4|8|4|8|4
33508,9,True,7,10,7,7|7|7|9|9|9|7|7|7|5|7|7|9|5|9
33510,0,True,2,11,4,4|4|4|4|4|4|4|4|0|0|4|0|4|0|4
33511,2,True,3,12,3,6|2|3|3|3|1|2|2|3|3|3|3|3|3|6
33532,4,False,4,7,4,9|4|4|4|4|4|9|9|6|4|9|4|9|9|4
33547,1,True,8,15,8,8|8|8|0|2|3|8|7|8|8|4|8|8|9|8
33550,9,True,4,15,4,4|7|5|4|0|4|1|4|2|7|3|4|2|1|0
33566,8,False,8,1,8,7|8|8|8|8|8|8|8|8|8|8|8|8|8|8
33570,6,False,6,14,4,4|4|4|4|4|4|4|4|6|4|4|4|4|4|4
33585,5,False,5,4,5,3|5|5|5|5|5|5|5|5|4|3|5|5|5|1
33632,4,True,6,12,6,6|4|6|2|0|6|6|4|6|0|6|0|4|6|6
33635,8,False,8,2,8,8|8|8|8|8|1|1|8|8|8|8|8|8|8|8
33644,9,True,8,15,8,8|3|8|8|3|3|8|8|8|3|8|8|8|8|8
33664,6,True,0,9,-1,6|0|6|0|6|4|0|3|3|0|6|0|0|6|6
33674,8,False,8,9,8,7|6|6|8|0|8|8|1|7|8|6|0|8|6|8
33681,9,False,9,13,5,5|5|5|5|9|5|5|5|5|5|5|5|5|9|5
33737,6,True,0,9,0,6|0|6|0|0|6|0|0|6|0|6|0|0|0|6
33746,3,False,3,4,3,2|3|2|3|3|3|6|3|3|3|3|2|3|3|3
33758,9,True,4,15,4,4|4|4|6|4|4|4|4|6|4|4|4|4|4|4
33761,1,True,3,14,6,6|6|6|2|6|6|0|1|6|6|6|6|6|0|6
33777,0,True,2,7,0,2|2|2|0|2|0|0|1|0|0|0|8|0|2|0
33802,2,True,9,13,9,9|9|7|7|9|9|7|9|7|7|2|7|9|2|9
33805,0,False,0,12,6,6|6|6|6|0|6|6|6|6|0|6|0|6|6|6
33824,7,False,7,12,9,7|9|9|9|9|9|9|9|7|5|7|9|9|9|5
33825,5,False,5,9,1,1|5|5|5|1|1|5|5|7|1|5|1|1|1|1
33831,6,True,3,4,6,6|6|6|6|3|6|6|6|6|6|3|7|6|2|6
33852,0,False,0,14,-1,6|4|4|6|6|6|4|0|6|4|6|4|6|4|4
33881,6,False,6,14,4,6|4|4|4|4|4|0|4|4|4|4|4|4|2|2
33923,6,True,0,5,6,0|6|6|6|0|6|6|6|6|0|6|0|6|0|6
33929,9,True,7,15,7,7|7|7|5|7|7|7|7|7|7|7|7|7|7|4
33935,7,True,5,11,5,7|5|1|7|5|5|7|1|5|5|5|7|5|1|5
33940,2,True,3,13,3,3|0|2|3|3|3|1|2|6|6|3|7|3|6|3
33956,9,True,4,7,9,9|4|9|4|4|4|4|9|9|4|9|9|9|9|4
33960,4,False,4,8,9,9|4|4|4|9|4|9|9|9|4|9|9|4|9|4
33966,7,False,7,3,7,9|7|1|7|7|7|7|7|7|7|7|7|7|5|7
33987,6,True,3,13,-1,9|8|3|3|3|7|8|8|1|6|8|7|6|2|3
34000,7,True,8,15,8,8|8|8|8|8|2|8|8|8|8|8|8|8|5|8
34015,0,True,2,3,0,0|0|0|0|0|0|0|0|0|0|4|4|2|0|0
34036,4,False,4,7,4,9|4|7|9|4|4|9|5|1|4|4|4|4|9|4
34046,1,True,8,13,8,8|8|8|8|8|1|8|8|8|8|8|8|8|1|8
34052,2,True,3,15,3,3|3|8|8|0|4|8|7|8|6|7|3|3|6|3
34055,2,True,9,14,5,9|5|5|5|5|5|5|5|5|5|2|5|5|5|5
34057,9,True,6,15,4,4|4|7|8|4|4|0|4|8|4|0|8|6|8|6
34071,9,True,4,11,4,9|4|4|4|4|4|4|9|0|4|4|9|4|9|4
34092,6,True,0,5,6,6|6|6|0|0|6|0|6|6|0|6|0|6|6|6
34099,6,False,6,14,4,4|4|9|4|4|4|4|9|4|4|4|4|4|6|4
34106,9,False,9,4,9,9|9|9|9|9|9|9|9|7|7|7|7|9|9|9
34114,2,False,2,10,0,2|2|2|0|4|0|2|4|0|0|2|0|0|8|8
34116,6,True,0,4,6,6|0|6|6|6|6|6|6|6|0|6|0|6|0|6
34121,8,False,8,2,8,8|8|8|8|3|3|8|8|8|8|8|8|8|8|8
34130,4,False,4,3,4,4|4|4|4|4|4|4|4|6|4|4|9|4|9|4
34144,2,True,5,14,5,8|5|1|2|5|5|5|7|7|8|5|5|5|5|5
34159,9,False,9,15,5,5|5|5|5|5|5|5|5|5|5|5|5|5|5|5
34168,5,False,5,9,-1,7|5|5|7|1|3|5|7|5|7|5|7|5|7|1
34172,3,False,3,5,3,6|2|2|3|3|3|3|3|3|3|3|2|2|3|3
34226,6,False,6,15,0,0|8|2|8|2|0|2|0|0|0|0|0|0|0|0
34234,3,False,3,4,3,3|3|2|3|3|3|2|2|3|3|3|2|3|3|3
34269,0,True,2,6,0,2|2|2|0|2|2|0|2|0|0|0|0|0|0|0
34276,7,False,7,1,7,7|7|7|7|7|3|7|7|7|7|7|7|7|7|7
34293,0,True,1,10,1,1|1|1|0|0|0|1|1|0|1|1|1|1|0|1
34313,7,False,7,6,7,9|7|7|7|9|9|7|9|7|7|7|7|9|9|7
34341,7,False,7,6,7,9|7|7|7|9|9|7|9|7|7|2|7|7|0|7
34356,6,False,6,13,4,4|4|4|4|4|4|6|4|8|4|4|4|4|4|6
34368,9,True,4,12,4,9|4|4|4|4|4|4|4|3|4|4|9|4|9|4
34378,1,False,1,2,1,1|1|1|1|1|1|1|1|1|0|1|1|0|1|1
34382,9,True,7,8,9,7|5|7|7|9|9|9|9|7|5|7|7|9|9|9
34456,6,False,6,15,-1,8|0|0|2|2|2|0|8|2|8|8|2|0|0|8
34473,3,True,8,11,8,3|8|8|8|8|3|8|3|8|8|8|8|8|3|8
34483,7,False,7,5,7,7|4|7|7|7|4|7|7|7|7|7|7|4|4|4
34498,2,False,2,14,0,0|4|0|0|2|0|0|0|0|0|0|0|0|0|0
34511,2,True,9,15,5,5|5|9|5|9|9|5|5|7|5|5|7|5|1|5
34523,9,True,6,15,8,8|4|8|8|6|4|7|2|3|8|8|8|6|6|8
34525,9,True,4,9,4,9|4|4|4|4|4|9|9|6|4|9|9|4|9|4
34533,2,True,3,8,-1,2|2|2|3|3|2|2|6|3|3|2|2|3|3|3
34577,1,True,5,7,1,1|5|1|5|1|1|5|1|5|5|2|5|1|1|1
34589,9,False,9,13,5,2|5|5|9|9|5|5|5|5|5|5|5|5|5|5
34608,7,True,1,9,1,7|7|1|7|1|1|7|7|1|1|1|7|1|1|1
34629,7,False,7,5,7,4|4|7|7|7|4|7|9|7|7|7|7|7|7|9
34632,0,True,1,11,0,4|6|6|2|3|6|0|1|4|3|3|0|0|1|0
34670,5,True,9,2,5,5|5|9|5|9|5|5|5|5|5|5|5|5|5|5
34685,1,True,8,13,8,1|8|8|8|8|8|8|1|8|8|8|8|8|8|8
34686,6,True,0,2,6,6|4|6|6|6|6|6|6|6|6|6|0|6|6|6
34733,3,False,3,15,4,4|4|4|4|4|4|6|0|6|4|4|0|4|4|4
34740,4,True,6,13,2,2|0|2|2|0|0|2|4|2|0|2|2|4|2|0
34752,8,False,8,2,8,8|8|8|8|8|1|8|1|8|8|8|8|8|8|8
34766,9,True,4,14,4,6|8|7|8|4|4|4|9|8|4|8|8|0|4|4
34793,6,True,0,10,4,4|4|6|0|4|4|6|0|0|4|4|0|6|6|6
34812,9,True,4,11,4,9|4|4|4|4|4|4|4|6|4|4|9|9|9|4
34830,9,True,4,7,9,9|9|4|9|9|4|4|9|4|4|9|9|4|9|4
34837,6,True,2,14,4,4|9|2|2|4|6|4|2|4|4|4|2|2|4|4
34920,6,True,0,14,8,8|8|8|8|8|6|8|8|8|8|8|8|1|8|8
34942,5,True,9,0,5,5|5|5|5|5|5|5|5|5|5|5|5|5|5|5
34944,1,True,5,13,7,7|7|5|5|5|1|7|3|7|7|7|7|7|1|9
34982,6,True,3,14,3,2|3|2|3|3|3|5|3|3|3|3|3|3|6|3
34988,3,True,8,15,0,0|8|0|0|2|5|8|1|2|0|8|0|6|8|6
34991,0,True,1,10,1,0|0|1|0|0|1|1|1|1|1|1|1|0|1|1
35008,0,True,2,3,0,2|0|2|0|0|0|0|0|0|0|0|0|0|2|0
35009,4,False,4,6,4,9|4|4|9|4|4|4|9|6|4|4|9|4|9|4
35012,3,True,7,15,7,9|7|7|7|7|7|7|7|7|7|7|7|7|7|7
35035,6,True,1,15,1,1|1|1|1|1|1|1|1|1|1|1|1|1|1|1
35041,7,False,7,5,7,7|7|7|7|9|3|7|7|7|7|7|7|9|9|9
35049,6,False,6,15,3,0|4|3|2|2|3|1|8|3|5|3|7|3|8|1
35090,8,False,8,5,8,8|8|3|3|8|3|8|8|8|8|8|8|8|3|3
35109,6,True,0,6,6,0|6|6|6|0|6|0|6|6|0|6|0|0|6|6
35120,0,True,1,13,1,1|0|1|1|1|1|1|1|1|0|1|1|1|1|1
35163,8,True,3,15,6,6|4|4|3|6|6|6|6|6|6|6|0|6|3|0
35174,4,False,4,3,4,4|4|4|4|4|4|9|9|4|4|4|4|4|9|4
35182,2,True,9,13,9,2|9|9|5|9|9|5|9|5|5|5|9|9|2|5
35198,6,False,6,14,0,0|2|2|0|0|0|0|0|0|0|0|0|0|6|2
35204,2,True,3,13,3,4|2|6|3|3|3|6|3|3|3|3|2|3|3|3
35220,5,True,9,11,8,9|8|8|8|8|9|8|5|9|5|5|8|3|9|5
35222,4,True,6,1,4,4|4|4|4|4|4|4|4|4|4|4|9|4|4|4
35227,5,True,9,1,5,5|5|5|5|5|5|5|9|5|5|5|5|5|5|5
35238,9,True,4,14,4,4|9|4|4|4|4|4|4|4|4|4|4|4|4|4
35242,7,True,8,13,8,8|8|8|8|8|8|8|8|7|8|8|7|8|8|8
35247,9,True,4,9,4,9|4|4|4|4|9|4|9|9|4|4|4|9|9|4
35250,2,True,3,14,3,8|3|3|3|3|6|3|3|3|3|3|2|3|3|3
35268,6,True,3,12,3,6|0|1|3|3|3|2|3|3|7|3|1|6|6|3
35282,7,True,8,7,7,8|8|2|7|7|8|7|8|7|7|7|8|7|8|7
35299,5,False,5,6,5,5|5|5|5|5|5|5|7|7|7|7|7|5|1|5
35300,9,False,9,14,5,5|5|5|9|5|5|5|5|5|5|5|5|5|5|5
35346,9,True,8,15,8,8|8|8|8|8|8|8|8|8|8|3|8|8|8|8
35349,2,True,5,11,5,5|5|5|2|4|5|5|5|5|5|5|2|2|2|5
35386,9,True,7,11,7,9|7|5|7|9|5|5|5|7|7|2|7|7|9|9
35388,2,True,3,10,2,2|2|6|4|4|1|2|6|6|3|2|2|6|3|4
35397,2,False,2,12,0,0|0|0|0|2|2|0|4|0|0|0|0|2|0|0
35399,1,False,1,2,1,7|7|1|1|1|1|1|1|1|1|1|1|1|1|1
35409,2,True,7,11,7,2|7|7|2|7|7|7|7|7|7|3|7|2|2|7
35434,2,False,2,14,4,4|4|4|4|4|4|4|9|0|4|4|4|4|9|2
35466,4,True,6,1,4,4|4|4|4|4|4|4|4|4|4|4|4|4|9|4
35467,1,False,1,10,-1,8|3|1|1|3|1|1|8|2|6|3|2|1|3|3
35475,3,False,3,10,3,6|9|1|3|4|6|1|4|3|6|3|4|3|2|3
35497,6,True,3,11,3,3|2|2|3|3|3|3|6|3|0|6|0|6|6|3
35508,8,True,5,13,5,7|3|8|5|5|5|5|5|5|5|5|5|5|8|5
35525,6,False,6,14,7,8|3|7|8|2|5|1|5|7|0|7|2|1|6|3
35532,1,True,5,13,5,5|5|5|5|1|5|5|5|5|1|5|5|5|5|5
35544,9,True,7,14,7,1|7|7|5|9|1|7|7|7|7|7|7|7|7|7
35589,2,True,5,15,5,1|5|5|5|1|5|5|5|5|1|5|5|1|1|1
35627,7,False,7,4,7,7|7|7|7|7|9|7|7|7|5|5|7|7|5|7
35638,3,False,3,10,2,2|2|2|3|3|2|2|2|3|1|2|2|3|2|3
35661,6,True,2,9,4,6|4|6|4|4|4|0|6|6|4|6|4|4|6|4
35672,6,False,6,7,6,6|0|0|0|0|6|0|6|6|6|6|0|0|6|6
35685,5,False,5,3,5,5|5|5|5|5|5|5|5|5|5|1|1|5|1|5
35686,2,True,9,15,5,9|3|5|5|9|5|5|5|5|5|5|9|5|9|3
35692,9,True,4,11,4,9|4|4|9|4|4|4|9|0|4|4|4|4|9|4
35717,8,True,2,14,0,2|2|2|6|0|2|0|0|0|0|0|2|0|0|8
35791,9,True,4,15,4,6|4|3|2|6|4|0|2|6|4|4|3|4|6|3
35809,5,True,9,0,5,5|5|5|5|5|5|5|5|5|5|5|5|5|5|5
35815,7,True,8,15,8,9|8|8|8|8|8|8|8|8|8|8|8|8|8|8
35816,2,True,7,12,5,2|2|5|5|2|5|5|5|5|5|5|5|7|5|5
35818,9,True,4,15,4,4|4|4|4|4|4|4|4|4|4|4|4|4|4|4
35819,0,True,1,14,1,7|1|1|1|1|1|0|1|1|1|1|1|1|1|1
35823,9,True,7,11,7,9|7|7|7|9|9|7|7|7|7|7|7|7|7|9
35846,9,True,4,14,4,4|4|4|4|4|4|4|4|9|4|4|4|4|6|4
35851,6,True,0,6,6,0|6|6|6|0|6|2|6|6|0|6|0|6|2|6
35853,9,False,9,13,5,9|5|5|5|5|5|5|5|5|5|5|5|5|9|5
35867,7,False,7,8,7,7|7|7|5|5|5|8|1|7|6|7|5|7|9|7
35877,6,False,6,12,4,4|4|4|4|4|4|4|4|6|4|6|4|4|6|4
35895,9,True,4,13,4,9|4|4|4|4|4|4|9|6|4|4|4|4|0|4
35907,6,False,6,4,6,6|0|6|6|6|6|0|6|6|6|6|0|6|0|6
35917,3,False,3,13,4,3|3|2|2|4|4|4|4|4|4|4|2|6|2|0
35931,1,True,5,12,5,7|5|5|5|5|1|5|5|5|7|1|5|1|5|5
35939,6,True,0,5,6,6|6|6|0|0|6|6|6|6|0|6|0|6|0|6
35942,5,True,9,1,5,5|5|5|5|5|5|5|9|5|5|5|5|5|5|5
35980,7,True,5,14,5,1|7|5|5|5|5|1|5|5|5|5|1|5|5|5
35984,7,True,5,14,5,5|5|5|5|5|5|5|5|5|5|5|7|5|2|5
36002,7,True,8,15,8,4|8|8|8|8|8|8|1|8|8|8|8|8|8|8
36013,5,True,9,6,5,2|5|5|5|2|5|5|5|7|3|5|9|5|9|5
36026,6,True,0,5,6,6|4|6|6|4|6|6|6|6|4|6|0|6|0|6
36046,3,False,3,4,3,8|3|6|3|3|3|3|3|3|3|3|0|6|3|3
36067,9,True,7,15,7,7|7|7|7|7|3|7|7|7|7|7|7|2|7|7
36073,6,True,0,2,6,6|6|6|0|6|6|6|6|6|6|6|0|6|6|6
36107,9,False,9,13,5,2|2|5|5|0|5|5|5|5|5|1|7|9|9|5
36122,4,True,1,15,1,1|1|1|1|1|1|1|1|1|1|1|1|1|1|1
36136,3,True,2,15,4,4|4|2|4|4|4|4|4|4|4|4|4|4|4|4
36141,5,False,5,5,5,7|5|5|5|5|5|7|5|5|5|7|8|7|5|5
36146,9,True,4,13,4,9|4|4|4|4|4|4|9|0|4|4|4|4|4|4
36172,4,True,6,13,6,6|6|2|2|6|4|0|4|3|3|3|6|6|0|6
36187,9,True,7,14,7,7|7|7|7|9|6|7|7|7|7|7|7|7|7|7
36225,9,True,8,15,8,8|8|8|8|8|8|8|8|6|3|8|8|8|8|8
36234,6,False,6,9,6,6|4|6|3|0|1|0|1|3|6|6|0|4|6|6
36240,2,False,2,14,8,9|0|6|4|8|6|8|6|8|8|4|8|0|2|6
36243,6,False,6,3,6,2|6|6|6|6|6|6|6|6|6|6|8|6|0|6
36245,9,True,4,12,4,4|4|4|4|4|4|4|9|6|4|9|4|4|9|4
36267,7,True,5,15,5,5|5|5|5|5|3|5|1|5|5|5|5|5|5|5
36272,9,True,4,11,4,4|4|4|9|4|4|4|9|4|4|4|9|4|9|4
36274,2,False,2,15,0,8|0|0|8|0|4|8|9|0|0|6|0|0|0|4
36304,9,True,4,7,9,9|4|4|9|9|9|4|9|9|4|4|4|9|9|4
36305,5,True,9,11,7,7|7|9|7|7|9|7|9|7|5|5|7|7|5|5
36310,7,False,7,8,7,7|7|5|8|5|5|1|7|5|7|5|5|7|7|7
36311,9,False,9,14,5,7|5|5|5|9|5|5|5|5|5|5|5|5|5|5
36331,7,False,7,1,7,7|7|7|7|7|4|7|7|7|7|7|7|7|7|7
36350,4,True,6,5,4,6|4|4|4|4|4|2|4|6|4|6|4|4|6|4
36356,6,False,6,5,6,6|4|6|2|6|6|0|6|0|3|6|6|6|6|6
36374,7,True,8,14,8,8|7|8|8|8|8|8|8|8|8|8|8|8|8|8
36375,5,True,9,0,5,5|5|5|5|5|5|5|5|5|5|5|5|5|5|5
36378,4,True,6,13,6,6|4|6|6|0|6|0|6|6|4|6|0|6|0|6
36386,6,False,6,13,0,0|4|3|8|0|8|2|7|3|0|4|2|6|0|6
36389,6,True,0,5,6,6|6|6|2|0|6|0|6|6|0|6|0|6|6|6
36393,6,True,0,7,6,6|6|6|0|6|6|0|0|6|0|6|0|0|0|6
36394,7,True,5,15,5,3|5|5|3|2|5|5|5|5|5|5|5|5|5|1
36408,5,True,9,8,5,7|5|9|9|5|5|9|7|5|5|5|7|9|5|9
36419,9,False,9,13,5,5|5|5|5|9|5|5|9|5|5|5|5|5|5|5
36500,5,True,9,1,5,5|5|5|5|5|5|5|5|5|5|5|5|5|9|5
36502,9,True,7,15,7,7|7|7|7|7|3|7|7|7|7|7|7|7|3|7
36526,4,True,6,7,4,9|4|9|4|4|4|4|9|9|4|4|9|9|6|4
36532,8,False,8,1,8,8|8|8|8|8|8|8|8|8|8|8|8|8|8|3
36539,3,False,3,10,2,2|3|2|2|3|2|0|2|2|3|2|2|3|2|3
36542,0,False,0,5,0,0|6|6|0|0|0|0|0|6|0|6|0|6|0|0
36543,2,True,7,14,7,7|7|7|7|9|7|7|9|7|7|7|7|7|2|7
36547,6,False,6,7,6,6|4|6|0|0|6|0|6|6|6|6|0|0|0|6
36565,9,True,7,10,5,7|9|9|5|9|9|5|9|5|5|5|5|5|5|5
36573,0,False,0,9,6,6|0|6|6|0|0|0|6|6|6|6|0|6|0|6
36579,7,False,7,6,7,4|7|7|7|4|4|4|5|7|7|3|7|7|7|7
36584,5,False,5,4,5,7|5|5|5|5|5|5|5|7|5|5|7|5|5|7
36589,6,False,6,13,4,4|4|4|4|4|4|4|6|6|4|4|4|4|4|4
36610,0,True,2,13,4,4|4|4|4|4|4|4|2|4|4|4|9|0|0|4
36621,0,True,2,13,4,4|4|4|4|4|4|0|4|2|4|4|4|4|0|4
36647,8,False,8,11,7,2|7|7|8|8|5|8|1|7|7|6|7|2|8|3
36649,4,False,4,9,9,9|4|4|9|9|4|2|9|1|4|4|9|9|9|4
36656,2,False,2,14,4,6|9|4|9|4|4|6|2|4|4|9|4|4|4|4
36659,3,True,5,15,7,7|7|7|7|9|5|7|5|7|7|7|7|7|0|7
36663,9,True,4,6,9,4|4|9|9|4|9|9|9|9|4|9|9|4|9|4
36700,5,True,9,1,5,5|5|5|5|9|5|5|5|5|5|5|5|5|5|5
36707,2,True,7,14,7,9|7|7|7|9|9|7|9|7|7|7|7|7|2|7
36728,6,True,2,13,4,6|4|4|9|4|4|4|9|6|4|9|9|9|9|4
36735,5,True,9,1,5,9|5|5|5|5|5|5|5|5|5|5|5|5|5|5
36749,6,True,0,7,6,6|6|6|3|6|6|3|3|3|6|3|2|6|2|6
36750,5,False,5,10,5,7|5|7|3|3|5|5|5|7|8|7|5|3|1|3
36754,5,False,5,7,5,1|5|5|1|5|1|1|5|5|1|5|1|5|5|1
36759,3,False,3,13,4,6|3|2|8|8|4|2|4|8|6|4|4|6|3|4
36768,2,True,7,15,7,7|7|7|7|7|7|7|7|7|7|7|7|7|7|7
36798,3,False,3,9,3,6|4|2|3|6|4|7|3|3|3|3|0|6|2|3
36825,4,True,6,15,6,6|6|6|0|0|6|6|6|6|0|6|0|6|6|6
36836,5,True,9,0,5,5|5|5|5|5|5|5|5|5|5|5|5|5|5|5
36902,7,False,7,4,7,7|7|9|7|7|7|7|7|7|7|7|7|9|8|9
36910,1,True,3,15,3,0|3|2|3|6|3|6|3|3|3|3|3|3|2|3
36916,9,True,8,15,8,3|8|8|8|3|8|8|8|8|8|8|8|8|6|8
36918,7,False,7,0,7,7|7|7|7|7|7|7|7|7|7|7|7|7|7|7
36925,2,False,2,8,-1,2|2|2|2|2|2|0|1|0|0|0|0|0|0|2
36935,9,True,7,14,7,7|7|7|7|7|3|7|9|7|7|7|7|7|7|7
36944,6,True,0,6,6,6|0|6|0|0|6|0|6|6|6|6|0|6|0|6
36947,9,True,8,14,8,8|8|8|7|8|8|8|9|8|8|8|8|8|8|8
36972,6,False,6,8,6,6|4|0|4|4|6|6|1|6|0|6|0|6|6|4
36983,2,False,2,9,2,8|0|8|2|2|2|0|2|2|8|8|0|2|0|8
36996,8,False,8,0,8,8|8|8|8|8|8|8|8|8|8|8|8|8|8|8
37019,7,False,7,5,7,4|4|7|7|4|4|7|7|7|7|7|7|7|4|7
37037,6,False,6,15,4,9|4|2|2|4|9|2|4|3|4|4|4|4|9|4
37052,1,True,8,14,8,5|8|7|8|8|5|8|3|3|8|8|8|1|3|3
37060,9,True,7,9,5,5|9|5|9|9|9|5|9|5|5|5|8|7|9|5
37111,4,True,5,15,5,5|7|1|7|5|5|5|5|5|5|5|7|5|5|5
37114,0,False,0,10,6,6|6|6|0|0|6|0|6|6|0|6|0|6|6|6
37115,2,False,2,11,0,2|0|2|0|0|0|0|2|0|0|0|0|2|0|0
37138,1,True,8,14,8,8|8|8|8|8|8|8|8|8|8|1|8|8|8|8
37200,0,True,1,14,1,7|7|1|0|1|1|1|1|1|1|1|1|1|1|1
37201,3,True,8,13,4,4|4|9|8|4|3|0|8|6|4|3|8|6|6|0
37217,9,False,9,10,5,5|5|7|5|9|5|5|9|9|5|5|5|9|5|9
37236,0,True,1,15,1,1|1|1|1|1|1|1|1|1|1|1|1|1|1|1
37264,9,True,4,12,4,4|4|4|4|9|4|9|4|6|4|4|4|4|9|4
37266,8,False,8,4,8,1|8|8|8|8|3|8|8|8|8|8|8|3|1|8
37294,5,True,9,1,5,5|5|5|5|5|5|5|5|5|5|5|5|5|9|5
37301,0,True,2,15,4,4|4|2|2|4|6|4|6|6|4|4|4|4|4|6
37311,5,True,9,1,5,5|5|5|5|9|5|5|5|5|5|5|5|5|5|5
37319,2,True,3,9,3,2|3|2|2|3|3|6|2|3|3|2|2|3|3|3
37330,6,False,6,14,4,6|4|4|4|4|4|4|4|4|4|4|4|4|4|4
37385,9,False,9,9,5,9|9|5|5|9|5|5|5|5|5|9|9|5|9|5
37406,2,True,3,8,3,3|2|2|3|2|3|2|2|3|3|3|2|2|3|3
37412,7,False,7,14,5,5|5|5|9|9|5|7|9|5|5|5|5|5|9|5
37425,6,False,6,3,6,6|4|6|6|0|6|6|6|6|6|6|4|6|6|6
37430,9,False,9,3,9,9|9|2|9|7|9|9|9|9|7|9|9|9|9|9
37431,9,True,4,11,4,9|4|4|4|4|6|4|9|4|4|4|4|9|9|4
37435,4,True,6,9,0,4|4|0|3|4|0|0|4|0|5|0|0|0|4|4
37463,6,True,2,15,4,9|4|4|9|4|4|4|9|0|4|4|4|4|9|4
37497,1,True,3,14,-1,2|2|2|2|6|6|1|2|3|6|3|0|6|6|4
37556,5,False,5,5,5,7|5|1|7|5|5|5|5|7|7|5|5|5|5|5
37559,6,True,1,15,1,1|7|1|7|1|1|1|1|1|1|1|1|1|0|1
37563,2,True,5,11,5,2|5|2|5|0|5|2|5|5|5|5|5|2|4|5
37582,2,True,5,11,5,5|5|2|5|2|5|5|5|7|5|2|2|7|8|5
37585,6,True,0,12,8,6|2|4|8|8|8|2|8|8|8|6|9|6|4|0
37586,2,True,3,15,-1,9|9|9|8|8|3|7|4|6|6|4|9|4|1|4
37587,4,True,6,1,4,4|4|4|4|4|4|4|4|4|4|4|4|4|6|4
37589,2,True,5,8,2,2|3|2|3|4|2|2|5|7|5|2|2|2|4|5
37590,5,False,5,10,-1,7|7|1|5|1|1|5|5|7|7|5|7|5|6|3
37623,4,True,6,15,8,8|9|9|7|8|2|8|8|8|8|8|7|7|5|1
37634,3,False,3,11,-1,2|0|9|8|4|6|7|3|3|3|4|8|3|8|8
37640,7,False,7,7,7,7|7|4|2|4|1|1|2|3|7|7|7|7|7|7
37643,9,True,7,10,7,9|7|7|7|7|9|7|9|7|7|7|7|9|9|7
37645,6,True,0,8,0,6|0|6|6|0|0|0|6|6|0|6|0|0|6|0
37648,7,True,1,11,1,1|7|7|7|1|1|1|7|1|1|1|1|1|1|1
37673,3,True,5,15,5,7|5|5|5|1|5|1|5|7|5|5|5|5|5|5
37719,4,True,7,7,4,4|4|7|7|4|4|7|4|7|4|3|7|4|4|7
37725,9,False,9,14,5,9|5|5|5|5|5|5|5|5|5|5|5|5|5|5
37748,9,True,8,15,8,3|8|3|8|8|3|8|8|8|5|8|8|8|8|8
37757,9,True,8,14,8,9|8|8|8|8|8|8|8|8|8|8|8|8|8|8
37786,8,False,8,4,8,8|8|8|8|8|3|8|3|8|6|8|8|8|4|8
37813,9,True,7,14,7,2|7|7|7|9|2|8|8|5|7|7|7|5|5|5
37822,7,False,7,1,7,9|7|7|7|7|7|7|7|7|7|7|7|7|7|7
37840,7,True,1,15,1,1|1|1|1|1|1|1|1|1|1|1|1|1|1|1
37845,5,True,9,1,5,9|5|5|5|5|5|5|5|5|5|5|5|5|5|5
37865,5,False,5,6,5,7|5|5|7|5|5|7|7|5|5|5|7|5|1|5
37889,0,False,0,8,0,6|6|6|0|4|8|0|1|6|0|0|0|0|6|0
37902,8,False,8,1,8,8|8|8|8|8|8|1|8|8|8|8|8|8|8|8
37906,9,True,7,15,7,7|7|7|7|7|7|7|7|7|7|7|7|7|4|7
37926,9,True,4,7,9,9|4|4|9|9|4|4|9|1|4|9|9|9|9|4
37943,3,True,8,13,8,8|8|8|8|8|3|8|8|8|8|8|8|3|8|8
37984,4,True,7,7,4,4|4|7|7|4|4|7|4|7|7|4|7|4|4|7
37985,6,False,6,15,0,0|4|4|0|0|4|0|4|0|0|0|4|0|2|4
37988,7,False,7,8,9,7|7|7|9|9|9|9|9|7|7|7|7|9|9|9
38022,5,False,5,5,5,2|5|5|5|1|5|1|5|5|1|5|5|5|5|1
38035,6,False,6,14,4,4|4|4|4|4|4|4|4|6|4|4|4|4|9|4
38047,6,True,3,13,3,3|3|3|3|3|6|3|3|3|6|3|2|3|2|3
38061,0,True,2,6,0,2|4|4|0|0|0|0|4|0|4|4|0|0|0|0
38068,8,False,8,1,8,8|8|8|8|8|3|8|8|8|8|8|8|8|8|8
38075,6,True,0,13,7,3|7|7|8|6|6|8|4|7|8|3|7|8|7|3
38083,7,False,7,3,7,2|7|2|7|9|7|7|7|7|7|7|7|7|7|7
38112,9,True,4,12,4,9|4|4|4|4|4|4|4|4|4|4|9|4|9|4
38115,3,False,3,10,3,3|2|2|4|0|3|4|6|3|4|3|2|6|3|0
38148,0,True,1,13,1,1|0|1|1|1|1|1|1|1|1|1|0|1|1|1
38187,5,False,5,7,5,5|3|5|5|2|5|5|1|5|5|2|2|2|5|7
38200,3,True,8,14,8,8|8|8|8|8|0|8|3|8|8|8|8|8|8|8
38226,8,False,8,3,8,3|8|8|8|8|8|8|8|8|8|8|8|8|3|3
38233,7,False,7,4,7,7|7|7|7|9|2|7|7|7|7|7|9|7|5|7
38246,9,False,9,13,5,5|9|5|5|9|5|5|5|5|5|5|5|5|5|5
38254,2,False,2,13,3,2|0|3|2|3|6|0|3|6|3|4|4|6|0|4
38256,2,True,5,15,5,7|7|5|5|8|5|5|3|5|5|5|8|5|5|5
38258,5,True,9,1,5,5|5|5|5|9|5|5|5|5|5|5|5|5|5|5
38267,9,False,9,14,5,5|5|5|5|5|5|5|5|5|5|5|5|5|9|5
38306,0,True,2,3,0,0|0|2|0|2|0|2|0|0|0|0|0|0|0|0
38312,0,False,0,13,3,6|8|1|2|3|3|3|1|8|6|3|4|0|0|3
38321,9,True,7,13,7,4|9|7|7|9|4|7|4|7|7|7|7|7|7|7
38324,9,True,4,7,9,9|9|4|9|4|4|9|9|6|4|9|9|4|9|4
38329,4,False,4,14,6,2|3|6|4|6|2|1|6|6|0|3|2|6|2|6
38331,5,True,9,0,5,5|5|5|5|5|5|5|5|5|5|5|5|5|5|5
38341,9,True,7,9,7,7|7|9|7|9|8|7|9|9|7|7|7|7|9|9
38342,6,True,0,7,6,6|6|4|4|4|6|4|6|6|6|4|2|6|2|6
38366,1,True,5,14,5,9|5|7|5|9|5|5|1|5|5|5|7|5|5|5
38462,4,False,4,2,4,4|4|4|4|4|4|4|4|2|4|4|4|4|6|4
38468,7,True,1,13,1,1|7|1|7|1|1|1|1|1|1|1|1|1|1|1
38470,1,False,1,1,1,1|0|1|1|1|1|1|1|1|1|1|1|1|1|1
38475,3,True,8,15,8,8|8|8|8|8|8|8|8|8|8|8|8|8|8|8
38479,8,False,8,0,8,8|8|8|8|8|8|8|8|8|8|8|8|8|8|8
38495,9,True,7,8,7,7|7|7|9|9|9|7|9|7|7|7|7|9|9|9
38496,4,True,6,3,4,4|4|4|4|4|4|2|4|6|4|4|4|4|6|4
38498,5,False,5,5,5,7|7|5|7|7|5|5|5|5|7|5|5|5|5|5
38507,6,False,6,15,4,4|4|4|9|4|4|4|9|4|4|4|9|9|9|4
38508,0,True,2,1,0,0|0|0|0|0|0|0|0|0|0|0|0|2|0|0
38510,0,True,2,5,0,2|2|0|0|4|0|0|2|0|0|2|0|0|0|0
38526,9,True,6,15,4,6|4|4|8|2|4|4|4|8|4|4|4|4|4|0
38556,6,True,1,15,1,7|7|1|7|1|1|1|1|1|1|1|7|1|1|1
38561,4,True,6,14,-1,6|7|3|3|5|4|7|2|1|0|8|8|9|0|6
38563,0,False,0,6,0,0|0|0|0|4|4|4|0|0|4|0|4|4|0|0
38569,0,False,0,15,6,4|3|6|8|4|6|6|3|6|3|8|2|6|4|6
38575,6,True,3,15,3,3|3|2|3|3|3|3|3|3|3|3|2|3|3|3
38578,1,True,5,7,1,1|5|5|5|1|1|5|5|5|1|1|5|1|1|1
38590,9,True,7,11,7,7|7|7|7|9|9|7|7|7|7|7|7|9|7|9
38617,3,True,8,15,8,8|8|8|8|8|8|8|8|8|8|8|8|8|8|8
38633,3,True,5,15,5,5|5|7|5|5|7|5|5|5|5|5|5|1|8|1
38635,6,True,5,15,5,5|5|1|5|5|5|1|1|5|5|5|5|5|1|5
38645,3,True,8,13,8,3|8|3|8|8|8|8|8|8|8|8|8|8|8|8
38706,9,True,8,15,8,8|8|8|8|8|8|8|8|8|8|8|8|8|8|8
38731,0,True,1,14,1,0|1|1|1|1|1|1|1|1|1|1|1|1|1|1
38756,7,True,5,15,5,1|5|5|5|1|5|5|5|5|5|5|5|5|5|5
38765,2,True,3,11,-1,3|2|6|2|6|2|3|0|3|3|0|0|6|2|6
38769,9,True,7,13,7,9|7|7|7|7|7|7|7|7|7|7|7|7|9|7
38773,6,True,0,7,6,0|0|6|0|0|6|0|6|6|6|6|0|6|6|0
38781,3,False,3,4,3,2|3|2|3|3|3|3|3|3|3|3|7|3|2|3
38793,0,True,1,12,1,0|0|1|1|1|1|1|1|1|0|1|1|1|1|1
38794,3,True,8,15,8,8|8|8|8|8|8|8|8|8|8|8|8|8|8|8
38796,6,True,0,8,6,6|6|6|3|2|3|6|4|0|0|6|0|6|0|6
38797,6,True,0,5,6,6|0|6|6|0|6|6|6|6|0|6|0|6|6|0
38809,2,False,2,11,6,0|2|6|4|0|6|2|6|6|6|4|0|2|2|6
38829,3,False,3,6,3,2|2|3|3|3|3|2|2|3|3|3|2|3|2|3
38839,0,True,2,8,0,2|6|0|2|2|0|0|4|0|0|4|0|4|4|0
38857,0,True,1,14,1,0|1|1|1|1|1|1|1|1|1|1|1|1|1|1
38860,1,False,1,7,1,7|7|7|7|1|1|7|1|7|1|1|7|1|1|1
38883,1,False,1,14,2,7|2|2|6|2|3|0|0|3|6|2|7|6|2|1
38884,7,False,7,3,7,7|7|7|7|7|9|7|9|7|7|7|7|7|9|7
38917,0,True,1,10,0,1|0|6|0|0|1|3|3|6|0|4|0|6|1|1
38930,2,False,2,11,0,2|0|2|0|0|2|2|0|0|0|0|0|0|0|0
38950,7,True,1,12,1,1|7|1|7|1|1|1|7|1|1|1|1|1|1|1
38961,0,True,2,10,4,4|6|0|4|4|0|4|0|0|4|4|8|0|4|6
38975,9,True,4,11,4,9|4|2|4|4|4|4|4|3|4|4|9|9|9|3
39002,4,False,4,6,4,9|4|4|4|4|0|4|9|0|4|4|4|0|9|4
39007,4,True,6,12,3,4|4|8|3|3|3|3|2|0|0|2|4|3|0|3
39020,4,True,6,1,4,4|4|4|4|4|4|4|4|4|4|4|4|4|6|4
39036,6,True,0,5,6,6|6|6|0|0|6|0|6|6|0|6|4|6|6|6
39056,0,False,0,2,0,0|0|0|0|0|0|0|3|8|0|0|0|0|0|0
39059,9,True,4,6,9,9|4|4|9|9|4|4|9|9|4|9|9|9|9|4
39087,6,True,0,7,6,6|6|6|0|6|6|0|6|6|0|6|0|0|0|0
39103,9,True,4,15,4,4|8|4|4|0|4|0|6|3|4|4|4|4|4|2
39105,9,False,9,8,9,9|9|9|5|9|2|5|9|7|7|5|9|9|2|5
39119,6,True,0,7,6,6|6|6|0|0|6|6|0|6|0|6|0|0|0|6
39123,6,True,0,4,6,6|0|6|0|0|6|6|6|6|0|6|6|6|6|6
39133,6,True,0,10,6,6|4|6|8|0|4|6|8|8|6|6|2|4|8|4
39136,4,True,1,15,1,1|1|1|7|1|1|1|1|1|1|1|1|1|1|1
39188,7,False,7,5,7,7|7|9|7|7|7|1|7|7|5|7|7|9|8|7
39240,5,False,5,6,5,7|5|5|7|5|5|5|5|7|5|5|7|7|5|1
39262,5,False,5,15,7,7|7|7|7|4|7|7|7|7|7|7|7|7|7|9
39301,7,True,5,10,5,7|7|7|7|5|5|5|5|5|7|5|8|5|5|5
39305,8,False,8,2,8,8|8|8|8|8|3|8|8|8|8|8|8|8|3|8
39306,5,False,5,4,5,2|5|5|5|5|5|5|5|5|5|2|5|4|2|5
39309,6,False,6,13,4,2|4|2|6|4|4|4|4|4|4|4|4|4|6|4
39310,9,True,7,13,7,9|7|7|7|9|7|7|7|7|7|7|7|7|7|7
39312,9,False,9,13,5,9|5|5|5|5|5|5|5|5|5|5|9|5|5|5
39313,2,False,2,15,9,9|4|9|9|4|4|9|9|1|4|9|9|4|9|4
39334,7,True,1,13,1,7|7|1|1|1|1|1|1|1|0|1|1|1|1|1
39344,7,True,1,10,1,7|7|1|7|1|1|1|1|1|1|1|7|1|7|1
39345,5,False,5,9,-1,1|5|1|5|7|1|1|7|5|5|5|8|1|5|1
39359,0,True,1,12,1,0|0|1|1|0|1|1|1|1|1|1|1|1|1|1
39360,8,False,8,0,8,8|8|8|8|8|8|8|8|8|8|8|8|8|8|8
39376,2,True,3,12,3,3|3|3|3|3|3|1|3|3|3|3|2|2|2|3
39383,8,False,8,1,8,8|8|8|8|8|8|8|8|7|8|8|8|8|8|8
39421,4,True,6,4,4,0|4|4|4|4|4|4|4|2|4|4|4|0|6|4
39435,0,False,0,8,-1,6|0|6|0|0|4|0|6|6|0|6|0|6|6|0
39438,8,False,8,3,8,8|8|3|8|8|3|8|3|8|8|8|8|8|8|8
39454,9,True,4,14,4,4|4|4|4|4|4|4|4|4|4|4|4|4|9|4
39456,5,True,9,10,5,5|3|9|5|9|8|5|9|7|5|7|7|9|5|7
39469,9,True,7,14,7,7|7|7|7|9|7|7|7|7|7|7|7|7|4|7
39505,0,True,2,5,0,0|2|2|0|4|0|0|2|0|0|2|0|0|0|0
39518,7,False,7,1,7,7|7|7|9|7|7|7|7|7|7|7|7|7|7|7
39522,7,True,1,8,1,7|7|7|7|1|1|7|1|1|1|1|7|1|7|1
39524,9,True,7,11,7,7|7|7|7|9|7|7|9|7|7|7|7|9|9|7
39538,2,True,5,12,5,7|5|2|5|5|2|5|5|5|5|7|5|2|0|8
39541,7,False,7,8,-1,7|7|2|7|9|9|9|9|7|7|7|7|9|9|9
39546,2,True,3,13,3,3|3|2|1|8|1|7|2|3|1|7|7|3|3|1
39584,6,True,0,9,0,6|6|6|0|0|0|0|0|6|0|6|0|0|0|6
39672,2,False,2,15,4,4|4|4|4|9|4|4|4|8|4|4|4|4|4|4
39687,5,True,9,5,5,9|5|9|5|9|5|5|5|5|5|5|9|5|9|5
39693,0,False,0,8,6,0|0|6|0|6|6|0|0|6|0|6|0|6|6|6
39698,4,True,6,11,6,6|4|4|8|4|6|6|6|6|4|6|2|6|6|0
39707,5,False,5,7,5,7|7|9|7|5|5|2|5|5|5|5|5|5|1|9
39741,3,True,5,13,5,3|5|5|5|5|3|1|5|5|1|5|5|1|5|1
39758,8,False,8,3,8,8|8|7|8|8|8|8|9|8|1|8|8|8|8|8
39759,7,False,7,2,7,7|7|7|7|9|7|7|9|7|7|7|7|7|7|7
39771,2,False,2,15,9,9|9|4|9|4|9|9|9|6|4|9|9|9|9|4
39774,8,False,8,2,8,8|8|8|8|8|3|8|8|8|8|3|8|8|8|8
39784,8,False,8,1,8,8|8|8|8|8|8|8|3|8|8|8|8|8|8|8
39794,0,False,0,14,6,6|4|6|6|4|6|6|0|6|4|6|6|6|4|6
39824,9,True,4,13,3,4|4|6|4|2|4|3|3|3|3|4|9|3|9|3
39832,2,True,6,15,4,4|4|4|4|4|4|6|6|0|4|4|8|8|6|4
39845,9,True,4,5,9,9|4|9|9|9|4|9|9|4|4|9|9|9|9|4
39880,3,False,3,12,-1,1|1|8|7|3|5|1|2|7|7|1|7|3|0|3
39887,9,True,7,12,7,7|7|7|7|9|3|7|9|7|7|2|7|3|9|5
39888,7,True,5,12,5,7|5|5|5|9|5|5|7|5|7|5|5|5|1|5
39905,2,False,2,14,4,4|4|4|4|9|4|4|2|1|0|4|4|4|4|8
39919,0,True,1,14,1,1|1|1|7|1|1|1|1|1|1|1|1|1|1|0
39923,8,False,8,1,8,3|8|8|8|8|8|8|8|8|8|8|8|8|8|8
39948,9,True,4,14,4,4|4|4|4|4|4|4|4|4|4|4|4|4|9|4
39984,7,True,1,13,1,7|7|1|1|1|1|1|1|1|1|1|1|1|1|1
40005,1,False,1,8,1,1|7|1|5|0|1|3|6|1|6|2|1|1|0|1
40016,2,True,5,12,5,5|5|2|5|5|5|5|5|5|5|5|5|2|2|5
40018,4,False,4,10,9,9|4|9|9|9|4|9|9|9|4|4|9|9|9|4
40022,4,True,6,9,-1,4|6|6|6|4|4|0|4|6|4|6|0|0|6|4
40031,7,True,1,10,1,7|7|7|7|1|1|1|1|1|1|1|7|1|1|1
40060,3,False,3,4,3,3|3|2|3|3|3|3|3|3|6|3|6|3|8|3
40073,9,True,7,14,7,7|7|7|7|7|9|7|7|7|7|7|7|7|2|7
40074,6,True,0,14,0,0|0|0|0|0|0|0|1|0|0|0|0|0|0|6
40084,9,True,7,7,9,2|9|5|9|9|9|5|5|5|5|7|9|9|9|9
40100,9,False,9,13,5,9|5|5|5|9|5|5|5|5|5|5|5|5|5|5
40101,9,False,9,14,5,9|5|5|5|5|5|5|5|5|5|5|5|5|5|5
40103,7,True,8,14,8,8|8|8|8|8|8|8|7|8|8|8|8|8|8|8
40106,6,True,0,6,6,6|6|6|0|0|6|0|6|6|6|6|0|0|0|6
40112,8,False,8,3,8,8|8|8|3|8|3|8|8|8|3|8|8|8|8|8
40114,9,True,7,6,9,9|7|9|9|9|5|8|9|9|7|2|7|9|9|9
40115,9,True,4,13,4,9|4|4|9|0|4|0|4|0|4|4|0|4|2|4
40120,4,True,6,4,4,4|4|4|9|4|4|2|4|0|4|9|4|4|4|4
40129,9,True,4,15,4,4|4|4|4|4|4|4|4|4|4|4|4|4|4|4
40147,7,True,5,12,5,7|7|2|5|0|5|5|7|5|5|5|5|5|5|5
40167,5,True,9,0,5,5|5|5|5|5|5|5|5|5|5|5|5|5|5|5
40188,7,False,7,3,7,7|7|7|7|9|9|7|9|7|7|7|7|7|7|7
40207,9,False,9,14,5,9|5|5|5|5|5|5|5|5|5|5|5|5|5|5
40216,6,True,0,2,6,0|6|6|6|6|6|6|6|6|6|6|0|6|6|6
40249,2,False,2,10,4,4|4|4|0|4|4|2|3|2|5|0|2|4|2|2
40253,9,False,9,15,5,5|5|5|5|5|5|5|5|5|5|5|5|5|5|5
40254,7,False,7,7,7,9|7|7|7|9|9|9|7|7|7|7|7|9|5|9
40262,9,False,9,7,9,9|9|5|9|9|9|5|9|5|5|5|9|9|5|5
40272,1,True,5,11,5,5|5|5|5|3|1|5|1|5|8|3|5|1|1|3
40329,0,False,0,9,6,6|6|6|0|0|6|0|6|6|0|0|0|6|6|6
40332,3,False,3,13,6,6|6|6|3|6|6|0|6|3|6|8|0|6|6|6
40344,2,True,3,8,3,2|3|2|3|3|3|2|2|3|3|2|2|3|2|3
40357,3,False,3,3,3,3|3|2|3|3|3|3|3|3|3|3|2|6|3|3
40359,6,True,0,4,6,6|6|6|0|6|6|6|0|6|6|6|0|0|6|6
40369,4,False,4,6,4,9|4|4|4|9|4|4|9|9|4|4|9|4|9|4
40375,5,True,9,0,5,5|5|5|5|5|5|5|5|5|5|5|5|5|5|5
40378,5,False,5,4,5,5|5|5|5|5|1|1|5|5|1|5|5|1|5|5
40401,9,True,4,7,9,9|9|9|9|4|4|4|9|0|4|9|4|9|9|4
40422,9,True,4,4,9,9|9|9|4|9|9|9|9|9|4|4|9|9|9|4
40436,4,False,4,2,4,4|4|4|4|4|4|4|4|4|4|9|4|4|9|4
40439,9,True,8,14,8,8|8|7|8|8|9|7|7|8|5|8|8|8|8|8
40450,0,True,2,5,0,0|2|0|2|2|0|4|6|0|0|0|0|0|0|0
40492,2,False,2,14,9,9|9|4|9|9|9|2|9|1|4|4|9|9|9|4
40498,9,True,7,14,7,9|7|8|8|8|3|5|7|7|7|7|8|7|3|1
40504,5,False,5,10,8,7|8|2|5|8|8|5|8|5|5|8|5|7|7|8
40519,5,False,5,4,5,5|5|5|5|5|5|5|5|5|8|2|5|2|5|1
40570,9,True,8,15,8,8|8|8|8|8|3|8|8|3|8|3|8|3|3|3
40586,3,True,8,14,8,8|8|3|8|8|8|8|8|8|8|8|8|8|8|8
40594,3,False,3,4,3,2|3|3|3|3|3|6|3|3|3|3|2|3|6|3
40635,8,False,8,2,8,8|8|8|8|8|3|8|6|8|8|8|8|8|8|8
40643,0,True,1,15,1,1|1|1|1|1|1|1|1|1|1|1|1|1|1|1
40690,6,True,7,15,7,7|7|7|7|9|9|7|7|7|7|7|7|9|9|7
40693,6,True,0,7,6,6|6|0|0|0|0|6|6|6|0|6|0|0|6|6
40705,9,True,7,13,7,7|7|7|7|7|9|7|9|7|7|7|7|2|7|7
40712,6,True,3,15,3,2|3|3|3|3|3|3|3|3|3|3|2|3|3|3
40751,7,True,5,11,5,7|7|2|8|5|5|7|5|5|5|5|7|5|5|5
40752,6,True,1,15,1,1|7|1|1|1|1|1|1|1|1|1|1|1|1|1
40761,7,True,5,12,5,7|5|5|7|5|5|5|5|5|5|5|7|5|5|5
40762,3,True,8,15,8,8|8|8|8|8|8|8|8|8|8|8|8|8|8|8
40778,7,False,7,9,9,9|7|9|7|9|9|7|9|7|5|7|7|9|9|9
40838,0,True,2,1,0,0|0|0|0|0|0|0|4|0|0|0|0|0|0|0
40868,4,False,4,9,9,9|4|4|9|9|4|4|9|9|4|4|9|9|9|9
40921,1,True,8,15,8,3|8|8|8|8|8|8|9|8|8|8|8|8|8|8
40930,5,True,8,15,8,8|8|8|8|8|8|8|8|8|8|8|4|8|8|8
40941,2,True,3,12,3,2|2|3|3|3|3|6|3|3|3|3|2|3|3|3
40948,4,False,4,9,4,9|4|2|3|3|4|4|2|8|4|6|4|3|6|4
40970,5,True,4,15,4,9|4|6|4|0|4|4|1|1|4|4|4|4|8|1
40982,6,False,6,15,0,0|0|2|0|4|0|5|0|7|0|2|0|0|0|5
40985,5,True,9,0,5,5|5|5|5|5|5|5|5|5|5|5|5|5|5|5
41013,1,True,8,11,8,8|8|1|8|8|1|8|1|8|8|8|8|8|1|8
41031,9,True,7,8,7,9|7|7|7|9|9|7|9|7|7|7|7|9|9|9
41033,9,False,9,14,5,9|5|5|5|5|5|5|5|5|5|5|5|5|5|5
41050,5,True,9,5,5,5|5|5|9|9|5|5|9|5|5|5|5|9|9|5
41073,4,False,4,11,8,6|3|6|4|8|4|8|3|8|3|4|8|4|8|8
41079,0,False,0,10,6,6|6|6|6|0|6|0|0|6|0|6|0|6|6|6
41095,6,True,0,1,6,6|6|6|6|6|6|6|6|6|6|6|0|6|6|6
41099,0,False,0,7,0,6|0|6|0|0|6|0|6|6|0|6|0|0|6|0
41108,6,True,3,10,6,0|4|3|6|0|3|6|6|6|3|3|0|6|0|4
41116,2,True,7,15,7,7|7|7|7|7|7|7|9|7|7|7|7|9|7|9
41158,5,True,9,1,5,9|5|5|5|5|5|5|5|5|5|5|5|5|5|5
41170,0,False,0,9,6,6|0|6|0|0|6|6|6|6|0|6|0|6|0|6
41207,9,False,9,15,5,5|5|5|5|5|5|5|5|5|5|5|5|5|5|5
41210,9,True,8,15,8,8|8|3|1|8|3|5|1|8|5|8|8|3|2|5
41218,0,True,2,1,0,2|0|0|0|0|0|0|0|0|0|0|0|0|0|0
41266,1,False,1,2,1,1|7|1|1|1|1|1|1|1|1|1|1|7|1|1
41294,6,True,0,5,6,6|6|6|0|6|6|6|0|6|0|6|0|6|0|6
41297,0,False,0,13,6,6|0|2|2|0|6|6|6|6|6|6|7|6|6|6
41300,3,True,5,14,-1,5|5|5|9|7|1|5|5|7|4|1|1|3|1|1
41312,0,True,1,15,1,1|7|1|7|1|1|1|1|1|1|1|1|1|1|1
41313,4,True,6,10,6,6|4|6|6|4|6|6|6|6|4|4|4|6|0|6
41319,0,True,1,15,1,2|3|1|7|1|1|1|1|7|3|1|1|1|1|7
41342,4,True,6,8,4,6|4|4|2|6|4|4|6|6|6|4|4|4|6|0
41380,3,True,2,15,4,9|4|4|4|4|4|4|9|4|4|4|4|4|9|4
41400,5,True,9,0,5,5|5|5|5|5|5|5|5|5|5|5|5|5|5|5
41404,3,True,8,14,8,8|8|8|8|8|3|8|8|8|8|8|8|8|8|8
41426,6,True,2,15,2,2|2|2|8|2|0|0|2|4|0|2|8|2|0|8
41430,3,False,3,14,1,1|0|6|0|7|1|1|3|2|0|2|1|1|8|1
41459,5,True,9,0,5,5|5|5|5|5|5|5|5|5|5|5|5|5|5|5
41469,1,False,1,4,1,7|7|7|7|1|1|1|1|1|1|1|1|1|1|1
41490,8,True,2,14,0,2|2|0|0|0|2|0|2|0|0|8|0|0|2|0
41519,5,True,9,2,5,5|5|5|5|5|9|5|5|5|5|5|5|9|5|5
41531,2,True,3,13,3,3|3|2|3|3|3|3|3|3|3|3|3|2|3|3
41536,3,True,8,14,8,3|8|8|8|8|8|8|8|8|8|8|8|8|8|8
41540,9,True,4,10,4,2|4|4|4|9|9|4|9|4|4|4|9|4|9|4
41580,2,True,5,15,5,5|5|5|5|1|5|5|5|5|5|5|5|5|5|5
41583,2,True,3,9,3,2|3|2|3|3|3|3|2|3|3|2|2|3|2|3
41595,7,True,8,15,8,8|8|8|8|8|8|8|9|8|8|8|8|8|8|8
41598,1,True,5,6,1,5|5|5|5|1|5|1|1|5|1|1|1|1|1|1
41604,6,True,3,13,3,3|4|8|8|3|6|7|5|7|1|3|2|3|6|3
41607,9,False,9,15,5,5|5|5|5|5|5|5|5|5|5|5|5|5|5|5
41608,2,True,5,12,5,7|4|2|7|5|2|2|5|7|5|7|5|4|4|5
41616,4,True,6,3,4,4|4|4|2|4|6|4|4|4|4|6|4|4|4|4
41640,6,False,6,15,4,4|4|4|4|4|4|4|9|4|4|4|4|4|9|4
41647,4,True,6,12,6,6|4|3|6|4|6|3|4|6|6|3|2|8|9|6
41653,6,False,6,15,0,0|0|0|0|0|4|0|2|0|0|4|2|0|2|0
41654,5,True,9,0,5,5|5|5|5|5|5|5|5|5|5|5|5|5|5|5
41729,0,True,2,3,0,0|2|0|0|0|0|2|0|0|0|0|0|0|0|2
41740,4,False,4,7,4,9|9|9|4|9|4|9|4|4|4|4|4|9|9|4
41741,5,False,5,5,5,6|5|5|5|9|5|5|5|7|5|5|5|6|9|5
41744,6,True,3,15,3,3|3|2|3|2|3|3|3|3|3|3|2|3|3|3
41752,2,True,5,15,5,1|5|5|8|8|5|9|5|7|7|7|7|1|5|5
41761,6,True,0,7,6,6|0|6|6|0|6|0|0|6|0|6|0|0|6|6
41798,7,True,5,12,5,5|5|9|7|5|5|5|5|7|5|5|5|7|8|5
41804,4,False,4,11,9,9|4|4|9|9|9|9|9|1|4|9|9|9|9|4
41821,5,False,5,5,5,2|5|2|5|4|2|5|5|5|5|5|2|5|5|5
41858,4,False,4,9,-1,9|4|4|4|4|9|4|5|6|4|9|9|9|9|3
41860,2,True,3,8,2,2|2|2|3|3|2|2|4|3|3|6|2|3|2|3
41861,7,True,8,14,8,8|8|8|8|8|8|8|8|8|7|8|8|8|8|8
41886,9,True,4,4,9,9|9|9|9|9|4|9|9|9|4|4|9|9|9|4
41887,9,True,4,7,9,9|4|9|4|9|4|4|9|6|4|9|9|4|9|9
41901,5,True,9,1,5,5|5|5|5|5|5|5|5|5|5|5|5|5|9|5
41963,0,False,0,8,0,0|0|6|0|2|6|0|6|6|8|6|0|0|0|6
41975,2,True,6,13,6,0|4|6|4|4|6|4|5|6|4|6|2|6|2|6
41990,6,False,6,14,0,0|4|6|0|0|1|0|4|0|0|4|4|0|0|0
42008,4,False,4,8,4,6|4|2|8|4|4|2|2|2|4|4|8|4|4|3
42018,8,True,2,15,3,3|3|3|3|3|3|3|2|3|3|3|3|3|3|3
42048,0,True,2,7,0,2|0|0|2|2|2|2|2|2|0|0|0|0|0|0
42056,6,False,6,10,6,3|4|6|0|2|6|6|2|8|4|0|0|6|0|6
42066,6,True,0,6,6,6|6|6|0|0|6|0|6|6|6|4|0|6|0|6
42068,9,True,5,15,5,3|5|5|5|5|3|5|5|5|5|5|5|5|1|1
42090,5,True,9,3,5,9|5|5|5|9|5|5|5|5|5|5|5|5|2|5
42102,6,False,6,15,4,4|4|4|2|0|4|0|4|0|4|4|0|4|4|4
42103,2,True,3,14,6,9|4|6|9|4|6|1|6|3|3|6|2|3|6|6
42107,5,True,9,0,5,5|5|5|5|5|5|5|5|5|5|5|5|5|5|5
42108,3,True,2,15,6,6|8|6|2|4|0|6|6|6|6|4|0|6|6|6
42114,2,True,3,11,3,2|3|3|2|3|3|6|3|3|3|3|2|3|2|3
42115,1,False,1,3,1,1|1|1|0|1|0|1|1|1|1|1|0|1|1|1
42119,5,False,5,13,8,9|8|9|8|5|3|7|8|7|1|7|8|5|1|8
42122,0,False,0,14,2,2|2|2|2|6|6|6|4|3|3|2|2|3|2|0
42126,9,True,4,15,0,2|4|2|4|2|0|0|0|0|0|0|4|4|0|4
42137,3,True,5,14,5,2|5|2|5|5|3|1|5|5|5|7|2|2|5|7
42148,9,False,9,9,5,2|9|9|5|5|9|5|5|7|5|5|5|9|9|9
42149,0,True,1,15,1,1|7|1|1|1|1|1|1|1|1|1|1|1|1|1
42151,4,True,1,15,1,1|7|7|7|1|1|1|1|1|1|7|1|1|1|1
42186,5,True,9,1,5,9|5|5|5|5|5|5|5|5|5|5|5|5|5|5
42187,5,False,5,4,5,7|7|7|5|5|5|5|5|5|7|5|5|5|5|5
42202,7,False,7,6,7,7|7|7|7|9|9|7|9|7|7|7|7|9|9|9
42237,1,True,5,15,5,7|5|5|5|5|5|7|5|7|7|5|7|7|5|5
42241,5,True,9,0,5,5|5|5|5|5|5|5|5|5|5|5|5|5|5|5
42242,9,True,4,11,4,6|4|6|9|9|4|1|1|4|4|4|2|9|9|3
42248,7,True,1,15,1,1|0|1|1|1|1|1|1|1|1|1|0|1|1|1
42276,4,True,6,3,4,6|4|4|4|4|4|4|4|4|4|4|4|2|6|4
42277,6,True,3,15,3,3|2|3|3|3|3|3|3|3|3|3|3|3|2|3
42308,4,True,6,14,8,6|8|4|8|0|2|7|2|6|8|8|8|0|0|0
42343,3,True,8,9,8,3|8|8|8|8|3|8|8|8|8|3|8|3|3|3
42359,6,True,3,13,3,2|5|2|3|0|2|7|3|3|6|8|7|6|9|3
42364,6,True,3,15,3,3|3|2|3|3|3|3|3|3|3|3|2|3|3|3
42396,0,False,0,12,6,6|6|6|6|0|6|6|6|6|6|6|0|6|0|6
42404,9,True,4,12,4,4|4|4|4|4|4|4|4|9|4|4|9|2|9|4
42418,6,True,0,8,4,6|4|6|4|4|6|4|6|6|4|4|4|6|4|6
42428,0,True,2,0,0,0|0|0|0|0|0|0|0|0|0|0|0|0|0|0
42435,0,True,2,7,0,6|0|0|2|8|4|0|4|0|0|0|0|0|2|4
42502,9,True,6,15,4,6|4|6|8|4|4|4|4|8|4|6|4|4|2|4
42517,2,False,2,11,0,2|0|2|2|0|0|0|2|0|0|0|0|0|0|8
42542,9,True,7,14,7,7|4|7|7|4|4|7|4|7|7|7|7|4|9|4
42573,9,True,4,9,4,9|4|4|9|9|4|9|5|6|4|9|4|4|9|4
42613,6,False,6,14,0,6|0|2|0|0|0|0|0|0|0|0|2|0|0|0
42615,6,True,9,15,5,5|5|5|5|5|5|5|5|5|5|5|5|5|5|5
42618,4,False,4,6,4,4|4|4|9|9|9|4|9|4|4|4|9|4|9|4
42638,3,False,3,7,3,6|3|3|3|3|3|7|2|2|3|1|2|3|2|3
42644,3,False,3,5,3,3|3|3|3|3|6|6|3|3|6|3|3|3|2|8
42650,1,True,3,14,3,8|3|3|2|3|3|3|4|3|6|5|3|8|6|1
42656,4,False,4,9,9,9|4|9|9|9|9|4|9|6|4|4|9|4|9|4
42663,1,False,1,4,1,7|7|7|7|1|1|1|1|1|1|1|1|1|1|1
42666,9,False,9,14,5,9|5|5|5|5|5|5|5|5|5|5|5|5|5|5
42675,0,True,2,5,0,0|0|4|0|2|0|0|4|4|0|4|0|0|0|0
42685,4,True,6,15,6,6|6|6|6|6|6|6|6|6|6|6|0|6|6|6
42688,3,True,8,14,8,3|8|8|8|8|8|8|8|8|8|8|8|8|8|8
42691,9,False,9,13,7,4|7|7|7|9|7|7|9|7|7|7|7|7|7|5
42721,7,False,7,9,9,7|9|7|9|9|9|9|7|7|7|9|7|9|9|9
42729,4,True,6,15,6,6|6|6|0|0|6|6|6|6|6|6|0|6|6|6
42730,2,True,9,14,9,2|9|9|9|9|9|9|9|5|7|9|7|9|9|9
42758,9,True,4,6,9,4|4|9|9|9|4|9|9|4|4|9|9|9|9|4
42760,7,False,7,12,9,7|9|9|9|9|9|9|9|7|7|9|9|9|9|9
42768,4,False,4,6,4,4|4|1|1|4|4|2|4|8|4|4|4|4|9|8
42770,0,True,1,13,-1,4|0|4|1|3|4|0|1|1|4|3|8|4|1|1
42801,9,False,9,13,5,9|5|5|5|5|5|5|5|5|5|5|5|5|9|5
42811,7,True,1,12,1,7|7|1|7|1|1|1|1|1|1|1|1|1|1|1
42841,2,False,2,13,0,0|4|4|2|2|0|0|4|4|0|0|0|0|0|4
42842,3,False,3,5,3,3|3|2|3|3|3|2|2|3|3|3|2|3|2|3
42844,0,False,0,12,6,6|6|6|6|0|6|6|6|6|0|6|0|6|6|6
42867,4,True,1,15,1,1|7|1|1|1|1|1|1|1|1|1|1|1|1|1
42868,6,True,3,15,3,3|3|2|3|3|3|3|3|2|3|3|2|3|3|3
42873,7,False,7,4,7,7|7|7|7|9|7|7|9|7|7|7|7|7|3|9
42881,9,True,4,9,9,9|4|9|8|4|6|4|2|9|4|9|9|9|2|4
42908,9,True,8,15,8,7|8|8|8|8|8|7|7|7|8|1|8|8|8|8
42912,3,True,7,15,7,9|7|7|7|7|7|7|5|7|7|2|7|7|4|7
42926,5,True,9,5,5,9|5|5|9|5|9|5|5|9|5|5|5|5|9|5
42928,9,True,4,9,4,9|4|9|9|9|4|4|4|9|4|4|4|4|9|4
42937,9,False,9,13,5,5|5|5|5|5|9|5|5|5|5|5|5|5|9|5
42945,1,False,1,1,1,1|1|1|7|1|1|1|1|1|1|1|1|1|1|1
42952,6,True,2,14,4,7|4|0|4|0|4|4|4|8|6|0|0|4|8|4
42989,4,False,4,10,4,9|4|6|8|4|8|8|5|0|8|4|4|4|2|3
43021,9,True,4,15,4,6|6|6|2|4|4|1|4|3|4|4|2|4|6|3
43026,6,True,0,6,6,6|6|6|6|0|0|0|6|6|0|6|0|0|6|6
43033,2,False,2,11,4,0|4|2|2|4|4|2|9|0|0|4|0|2|9|4
43036,6,True,2,15,2,2|5|8|2|2|2|2|5|2|0|0|2|2|2|1
43060,9,True,7,9,7,7|7|7|7|9|9|7|9|7|7|9|7|9|9|7
43063,5,False,5,9,1,1|5|5|5|5|1|1|1|1|5|1|1|1|1|5
43104,5,True,9,0,5,5|5|5|5|5|5|5|5|5|5|5|5|5|5|5
43129,3,True,2,15,2,2|2|2|2|4|4|0|2|2|0|2|4|4|0|0
43132,7,True,5,10,5,7|7|5|5|5|5|5|5|5|7|5|7|5|5|7
43137,4,True,7,15,7,9|7|7|7|9|7|7|9|7|7|7|7|7|9|7
43146,4,False,4,2,4,4|4|4|4|4|4|4|4|3|4|4|4|4|9|4
43157,7,True,1,12,1,7|7|1|1|1|1|1|1|1|1|1|7|1|1|1
43162,9,True,4,15,4,4|4|4|4|4|4|4|4|2|4|4|4|4|4|4
43195,5,True,4,15,0,2|0|2|3|0|0|4|0|0|0|0|0|0|0|2
43215,6,False,6,15,8,8|8|8|8|3|8|5|8|8|5|8|8|8|8|8
43220,2,True,3,9,3,2|3|2|3|3|6|2|2|3|3|2|2|3|3|3
43229,3,False,3,6,3,2|2|3|3|3|6|3|2|3|5|3|6|3|3|3
43231,1,False,1,3,1,1|0|1|1|1|1|1|1|1|1|3|0|1|1|1
43270,2,False,2,13,9,3|9|3|4|3|9|4|9|2|4|2|9|9|3|4
43272,0,False,0,9,6,6|6|6|0|0|6|6|0|6|0|6|0|6|6|0
43280,0,True,2,7,0,0|4|2|0|0|2|4|0|0|6|0|2|0|0|6
43309,9,True,4,12,3,9|4|3|3|3|9|4|3|3|4|4|4|3|9|3
43351,6,True,0,5,6,6|6|6|0|0|4|6|6|6|4|6|0|6|6|6
43360,6,True,2,15,2,2|2|2|0|2|4|0|2|0|0|2|7|4|4|4
43456,2,True,5,13,5,2|5|5|3|5|5|5|4|2|5|5|5|5|5|5
43463,3,True,7,15,7,7|7|7|7|7|7|7|7|7|7|7|7|7|7|7
43479,9,True,4,10,4,4|9|7|4|0|4|9|9|2|4|4|9|4|9|4
43480,3,True,5,14,5,5|5|5|3|5|5|5|5|5|5|5|5|2|5|1
43517,3,True,5,13,5,3|5|5|5|3|1|5|1|5|1|1|5|5|5|5
43525,6,True,3,11,3,6|3|2|2|3|1|6|6|6|3|3|3|3|3|3
43533,9,False,9,14,5,5|5|5|5|5|5|5|5|5|5|5|5|9|5|5
43553,9,True,4,14,4,4|4|4|4|4|8|8|9|4|4|4|4|4|8|4
43555,2,True,9,15,9,9|9|9|5|9|9|9|9|5|5|5|5|9|9|9
43569,9,True,7,11,7,9|7|7|7|9|9|7|7|7|7|7|7|7|7|9
43570,5,False,5,4,5,5|5|5|2|5|5|5|5|5|7|2|5|1|5|5
43607,1,False,1,1,1,1|1|1|0|1|1|1|1|1|1|1|1|1|1|1
43642,9,True,4,11,4,4|4|4|9|4|4|4|9|4|4|4|4|9|9|4
43675,1,True,4,15,9,9|9|4|9|9|4|4|9|6|4|4|4|9|9|9
43689,3,False,3,5,3,6|3|2|3|3|3|3|2|3|3|3|2|3|2|3
43714,9,True,7,13,7,2|7|7|7|9|9|7|5|7|7|7|7|1|7|7
43718,9,True,4,8,9,9|4|9|4|9|4|1|3|3|4|4|9|9|9|9
43742,6,True,1,15,1,1|1|1|1|1|1|1|1|1|1|1|1|1|1|1
43747,9,True,4,15,4,4|4|4|4|4|4|0|4|4|4|4|4|4|4|4
43774,7,True,1,13,1,1|7|1|7|1|1|1|1|1|1|1|1|1|1|1
43787,8,False,8,2,8,7|8|8|8|8|8|8|8|8|7|8|8|8|8|8
43789,3,True,5,14,5,5|5|5|8|5|5|5|1|5|5|3|1|5|1|1
43796,0,True,2,11,2,2|2|2|2|2|2|0|2|4|0|0|2|2|2|0
43804,3,True,2,13,6,3|5|6|6|2|3|2|4|6|6|4|0|6|2|6
43810,0,True,1,15,1,1|1|1|7|1|1|1|1|1|1|1|1|1|1|1
43838,7,True,1,15,1,1|0|0|1|1|1|1|1|1|1|1|0|1|1|1
43842,1,True,8,11,8,8|8|8|8|1|1|8|1|8|8|8|8|8|1|8
43845,5,False,5,6,5,1|5|5|5|5|3|5|5|5|3|5|1|1|1|5
43877,5,False,5,5,5,7|5|5|5|7|5|5|5|7|5|5|7|5|8|5
43879,0,True,2,2,0,2|0|0|0|0|0|0|4|0|0|0|0|0|0|0
43880,2,True,3,14,3,3|3|3|3|3|3|6|3|3|3|7|2|3|3|3
43902,4,True,5,15,5,5|5|1|5|5|1|5|5|5|5|5|5|5|5|5
43914,3,False,3,4,3,2|3|2|3|3|3|3|3|3|3|3|2|2|3|3
43942,9,True,7,9,7,7|7|9|7|9|9|7|9|9|7|7|7|9|1|7
43974,9,True,4,14,4,9|4|4|4|4|4|4|4|7|4|4|4|4|4|4
43993,0,True,2,15,4,4|4|4|4|4|4|4|4|9|4|4|4|4|9|4
43995,3,False,3,7,3,6|3|2|3|2|3|2|2|3|6|3|2|3|3|3
43996,4,True,6,1,4,4|4|4|4|4|4|4|4|4|4|4|4|4|6|4
44034,4,True,1,15,1,1|1|2|8|8|1|7|1|5|5|1|5|5|1|0
44038,2,True,3,14,6,6|6|6|2|6|6|6|6|3|6|6|4|6|6|6
44049,7,True,1,15,1,0|1|1|1|1|1|1|1|1|1|1|1|1|0|1
44062,7,False,7,12,9,9|9|9|7|9|9|9|9|7|7|9|9|9|9|9
44071,5,False,5,6,5,1|5|9|7|5|5|5|1|5|1|5|5|5|5|8
44101,5,True,9,0,5,5|5|5|5|5|5|5|5|5|5|5|5|5|5|5
44147,9,True,7,15,5,5|5|7|8|5|5|5|1|5|5|5|7|7|7|5
44154,5,True,9,1,5,5|5|5|5|5|5|5|5|5|5|5|5|5|9|5
44215,6,True,0,11,0,8|6|6|6|4|4|6|4|2|0|0|0|0|0|0
44232,9,True,4,10,4,4|4|4|9|4|9|4|4|9|4|9|4|4|9|4
44245,5,False,5,8,5,5|7|1|8|5|5|5|1|5|7|5|7|5|1|3
44285,3,False,3,14,6,1|6|6|3|0|6|0|8|0|6|8|4|6|2|1
44302,8,False,8,5,8,8|8|5|8|8|8|5|5|7|8|8|8|8|3|8
44351,5,False,5,3,5,1|5|5|5|5|3|5|5|5|5|5|1|5|5|5
44369,9,True,4,9,-1,3|9|3|4|4|9|4|9|0|4|4|9|9|9|4
44382,5,False,5,6,5,2|5|5|5|5|5|1|5|5|5|8|1|1|5|1
44408,5,True,9,2,5,9|5|5|5|5|5|5|5|5|5|5|5|9|5|5
44418,4,True,6,1,4,4|4|4|4|4|4|4|4|4|4|4|4|4|6|4
44442,3,True,5,15,5,5|5|2|5|5|5|5|5|5|5|5|7|5|5|5
44443,4,False,4,7,4,9|4|4|9|9|4|4|9|4|4|9|9|4|9|4
44482,2,True,9,15,9,9|9|7|7|9|9|9|9|7|9|7|9|9|9|9
44491,2,True,5,15,5,5|7|1|7|5|5|5|5|5|7|5|5|5|5|5
44499,9,True,7,5,9,9|9|7|9|9|9|9|9|7|7|5|7|9|9|9
44506,9,False,9,12,5,9|5|9|5|5|5|5|5|5|5|5|5|5|9|5
44518,1,False,1,2,1,7|7|1|1|1|1|1|1|1|1|1|1|1|1|1
44555,1,True,3,15,3,6|3|3|2|3|3|3|2|3|3|3|2|3|6|3
44599,6,True,2,9,6,6|6|6|6|4|7|2|4|3|6|8|5|8|2|6
44670,9,True,4,7,9,9|4|4|9|4|4|9|9|1|4|9|4|9|9|9
44700,6,True,1,15,1,1|1|1|7|1|1|1|1|1|1|1|1|1|1|1
44706,2,True,5,14,5,7|5|2|5|5|5|5|5|5|5|5|5|7|7|5
44717,6,True,3,12,0,2|7|1|2|3|6|0|0|6|0|4|0|6|2|3
44718,2,False,2,15,0,6|8|0|0|0|9|0|0|0|8|8|0|4|0|8
44731,9,True,4,6,9,9|9|9|9|9|4|4|9|6|4|4|9|9|9|3
44744,7,False,7,2,7,7|7|7|7|7|9|7|7|7|7|7|7|7|9|7
44746,6,False,6,15,4,4|4|4|4|9|4|4|5|1|4|4|4|4|9|4
44755,7,False,7,2,7,7|7|7|7|7|7|7|7|7|7|7|7|7|2|9
44766,4,True,6,10,-1,4|0|4|0|4|4|0|2|8|1|3|0|4|2|0
44778,2,True,9,13,9,8|9|9|9|9|9|9|9|7|7|2|9|9|2|9
44792,1,False,1,3,1,1|1|1|1|1|1|1|1|0|1|0|1|1|0|1
44796,9,True,4,11,4,4|4|4|4|9|4|4|4|9|4|4|9|4|9|4
44820,0,True,1,11,1,1|0|1|0|1|1|1|1|1|0|1|1|1|0|1
44822,9,True,4,15,3,3|2|3|3|3|3|2|3|3|3|3|3|3|3|3
44883,0,True,2,10,2,2|5|0|0|2|4|2|4|0|0|4|2|0|2|2
44893,4,True,6,4,4,9|4|4|9|4|4|4|4|6|4|4|9|4|4|4
44943,4,True,6,14,8,8|5|2|8|4|2|0|2|8|7|8|8|2|8|8
44965,0,False,0,14,6,6|6|6|6|6|6|0|6|6|6|6|6|6|6|6
44973,2,False,2,11,4,2|2|2|4|4|0|4|4|0|8|3|4|0|2|8
44989,7,True,8,13,8,7|8|8|8|8|8|8|8|8|7|8|8|8|8|8
44991,8,False,8,4,8,3|8|8|8|8|8|8|8|8|8|8|7|5|3|8
45028,4,True,6,0,4,4|4|4|4|4|4|4|4|4|4|4|4|4|4|4
45040,6,True,2,14,4,2|4|9|4|3|9|4|9|6|4|4|4|4|9|4
45043,1,False,1,4,1,7|7|1|1|1|1|1|7|1|1|1|7|1|1|1
45087,2,True,3,10,3,3|3|2|3|3|2|0|2|3|1|3|2|3|2|3
45105,0,False,0,10,6,6|0|6|0|0|6|6|6|6|6|6|0|0|6|6
45138,8,False,8,4,8,8|8|8|8|8|8|8|3|8|4|8|8|3|8|3
45161,1,False,1,4,1,7|0|1|0|1|1|1|1|1|0|1|1|1|1|1
45170,9,True,4,5,9,9|4|4|9|9|9|9|9|9|4|4|9|9|9|4
45186,0,True,1,12,1,1|1|1|0|1|1|1|1|0|1|1|1|1|0|1
45204,8,False,8,2,8,8|8|8|8|8|3|8|8|8|3|8|8|8|8|8
45205,2,True,7,12,7,7|7|2|7|7|7|7|2|7|7|7|7|7|2|7
45249,6,False,6,3,6,4|6|6|4|6|6|6|6|6|6|6|2|6|6|6
45255,6,False,6,12,4,0|2|6|4|4|4|4|2|6|4|4|4|4|6|4
45258,4,True,6,9,0,4|0|0|2|4|4|0|4|0|4|4|0|0|0|0
45261,0,False,0,13,6,6|6|6|0|6|6|6|6|6|6|6|0|6|6|6
45303,8,False,8,1,8,8|8|8|8|8|8|8|8|8|8|8|8|8|8|3
45335,3,True,8,15,8,8|8|8|8|8|4|8|8|8|8|8|8|8|8|8
45343,5,False,5,11,5,4|5|5|8|5|3|1|3|7|7|1|5|8|3|1
45351,1,False,1,4,1,1|7|7|7|1|1|1|1|1|1|1|1|1|1|7
45356,6,True,1,15,1,1|1|1|1|1|1|1|1|1|1|1|1|1|1|1
45366,3,True,8,13,8,3|8|8|8|8|8|8|8|8|3|8|8|8|8|8
45387,8,False,8,5,8,8|8|8|8|8|3|7|1|8|7|8|8|8|7|8
45395,8,False,8,1,8,8|8|8|8|8|8|8|1|8|8|8|8|8|8|8
45398,3,True,2,10,3,8|3|6|3|1|0|0|6|8|3|3|2|6|2|3
45423,6,False,6,13,4,4|0|4|2|0|6|0|4|4|4|0|4|4|4|6
45424,1,False,1,7,1,7|7|1|7|1|1|7|1|1|7|1|7|1|7|1
45434,5,True,9,1,5,9|5|5|5|5|5|5|5|5|5|5|5|5|5|5
45438,8,True,5,15,5,1|5|5|5|5|5|5|5|5|0|5|5|1|1|5
45452,0,False,0,14,6,6|4|6|6|4|4|4|6|6|6|6|4|0|6|4
45460,5,True,9,2,5,5|5|5|9|5|5|5|9|5|5|5|5|5|5|5
45464,3,True,2,15,2,4|2|2|8|4|4|2|2|4|0|2|4|2|2|8
45494,2,False,2,14,0,8|0|0|8|4|4|0|0|0|0|0|4|2|0|0
45499,1,True,8,15,8,8|8|8|7|8|8|8|7|8|7|8|8|8|8|8
45533,2,False,2,14,-1,6|4|4|2|9|4|9|9|6|4|9|9|4|9|4
45540,9,True,4,13,4,4|4|4|4|9|4|2|4|0|4|4|4|4|9|4
45563,3,False,3,8,3,2|3|3|3|3|3|1|6|2|1|5|7|3|2|3
45596,9,False,9,12,5,9|5|5|5|9|5|5|5|5|5|5|5|5|9|5
45601,7,False,7,3,7,9|7|7|7|7|9|7|7|7|7|7|7|7|0|7
45627,9,True,7,15,5,7|5|5|5|0|5|5|5|5|7|5|7|5|5|5
45638,0,False,0,15,8,2|8|8|8|8|8|8|5|8|8|8|8|8|8|5
45640,5,False,5,12,3,3|5|2|9|2|3|3|4|7|3|3|7|5|8|5
45653,6,False,6,14,4,2|2|2|8|0|4|0|4|8|4|4|4|2|4|6
45666,4,True,6,12,0,0|8|0|0|0|4|2|4|0|8|0|4|0|0|6
45690,4,False,4,2,4,4|8|4|4|4|4|4|6|4|4|4|4|4|4|4
45821,6,False,6,15,2,0|8|2|3|2|4|2|2|0|0|2|0|2|2|8
45824,0,False,0,12,3,8|0|2|2|3|6|3|1|1|3|3|0|6|0|3
45842,3,True,7,15,7,7|7|7|7|7|7|7|1|7|7|7|7|7|7|7
45893,4,False,4,8,-1,9|9|9|3|4|9|4|9|4|4|4|4|9|9|4
45962,5,False,5,5,5,7|7|5|5|5|5|7|7|7|5|5|5|5|5|5
46003,1,False,1,1,1,1|4|1|1|1|1|1|1|1|1|1|1|1|1|1
46024,4,False,4,6,4,4|2|4|4|2|3|0|4|0|4|4|4|4|2|4
46083,5,True,9,6,5,5|5|5|9|5|5|5|9|5|5|9|7|9|6|5
46088,3,True,8,14,8,8|8|8|8|8|3|8|8|8|8|8|8|8|8|8
46101,3,False,3,15,6,8|6|6|0|0|6|6|4|6|6|6|0|6|6|6
46103,4,True,6,2,4,4|4|4|2|4|4|4|5|4|4|4|4|4|4|4
46104,0,True,2,8,0,2|6|2|0|2|0|0|2|0|0|2|0|0|2|4
46121,3,False,3,7,3,2|3|2|4|3|4|1|3|6|3|2|3|3|3|3
46128,5,False,5,5,5,7|5|5|5|5|5|5|5|5|5|7|7|5|1|1
46167,3,True,7,14,7,7|7|7|9|0|7|5|7|7|7|7|7|7|9|3
46186,7,True,5,11,5,2|7|5|5|1|1|5|5|7|7|5|7|5|5|5
46205,0,False,0,4,0,0|0|6|0|0|0|0|6|6|0|0|0|0|6|0
46208,3,False,3,12,1,3|3|1|7|1|1|7|1|5|1|7|1|3|1|1
46213,5,True,9,0,5,5|5|5|5|5|5|5|5|5|5|5|5|5|5|5
46221,6,True,3,12,3,3|6|2|3|3|6|3|6|3|3|3|0|3|3|3
46241,9,False,9,15,5,5|5|5|5|5|5|5|5|5|5|5|5|5|5|5
46246,9,True,4,9,4,4|9|4|9|9|4|4|9|0|4|4|9|4|9|4
46272,1,True,5,13,5,5|5|5|5|5|5|1|5|5|5|5|5|5|1|5
46329,9,True,4,13,4,4|4|2|9|4|4|9|4|6|4|4|4|4|4|4
46333,6,False,6,8,6,9|4|6|8|8|6|6|6|6|0|8|6|1|6|0
46341,6,True,3,14,3,3|3|3|1|3|3|3|3|6|3|3|4|3|3|3
46361,6,True,2,14,2,2|2|2|2|4|2|2|6|0|4|8|4|0|2|8
46377,4,True,6,12,6,6|4|6|2|6|4|0|6|0|6|6|2|6|4|6
46387,1,False,1,2,1,1|1|1|0|0|1|1|1|1|1|1|1|1|1|1
46408,1,True,5,14,5,7|5|5|5|5|5|5|5|5|5|5|5|5|5|1
46417,9,False,9,7,9,9|9|5|5|9|5|9|9|7|5|5|5|9|9|9
46448,2,False,2,10,0,0|2|2|0|4|2|2|0|0|0|0|0|2|0|8
46450,3,False,3,4,3,3|6|3|3|3|3|3|3|1|6|3|2|3|3|3
46451,5,True,9,1,5,5|5|5|5|5|5|5|5|5|5|5|5|5|9|5
46452,7,True,5,11,5,7|5|7|7|5|5|1|5|5|5|5|7|5|5|1
46456,5,False,5,9,1,1|7|5|5|1|1|1|5|5|7|5|1|1|5|1
46472,4,False,4,9,9,9|4|9|9|9|9|4|9|9|4|9|4|4|9|4
46488,1,False,1,0,1,1|1|1|1|1|1|1|1|1|1|1|1|1|1|1
46526,7,False,7,7,7,9|7|7|7|9|9|7|7|7|7|7|9|9|9|9
46530,0,False,0,13,6,6|6|6|6|6|6|6|0|6|6|6|0|6|6|6
46552,1,False,1,2,1,1|7|1|7|1|1|1|1|1|1|1|1|1|1|1
46587,5,True,9,0,5,5|5|5|5|5|5|5|5|5|5|5|5|5|5|5
46612,7,True,1,14,1,1|7|1|1|1|1|1|1|1|1|1|1|1|1|1
46617,9,False,9,15,5,5|5|5|5|5|5|5|5|5|5|5|5|5|5|5
46626,8,False,8,3,8,8|8|6|8|8|8|8|8|8|3|8|8|8|6|8
46639,6,True,9,15,5,9|5|5|5|5|5|5|5|5|5|5|5|5|5|5
46652,3,True,2,15,0,2|0|2|0|4|0|0|4|0|0|4|9|2|0|2
46668,8,False,8,4,8,8|8|8|8|8|8|1|1|8|1|8|8|8|1|8
46675,1,False,1,6,1,1|6|1|0|1|1|1|2|1|1|2|1|0|0|1
46704,2,False,2,11,4,8|2|2|4|0|4|0|4|2|8|4|4|2|0|4
46745,5,False,5,8,5,5|7|2|7|5|5|7|7|0|5|7|5|5|7|5
46763,0,False,0,11,6,6|0|6|0|6|6|6|6|6|8|6|0|6|0|6
46784,3,True,5,15,5,5|5|5|5|7|5|5|5|5|1|5|5|5|1|5
46790,2,True,9,10,9,2|9|2|9|9|2|9|9|7|7|2|9|9|2|9
46794,1,False,1,2,1,1|7|1|7|1|1|1|1|1|1|1|1|1|1|1
46816,2,True,5,8,2,2|5|2|7|2|5|5|2|2|2|5|5|5|2|7
46826,3,True,8,13,8,8|8|8|8|8|8|8|8|8|5|8|8|3|3|8
46828,6,True,2,15,2,2|0|2|2|2|4|2|2|2|8|0|2|4|0|2
46867,5,True,9,2,5,5|5|5|5|9|5|5|5|5|5|6|5|5|5|5
46875,9,True,8,15,8,3|7|3|3|8|5|8|8|8|8|6|8|8|8|8
46912,4,True,6,15,6,6|6|6|0|0|6|6|6|6|0|6|0|6|6|6
46930,0,True,2,15,4,2|2|6|3|4|3|4|4|6|4|4|2|4|4|6
46939,8,True,6,13,-1,2|4|6|8|4|4|0|6|6|8|3|4|6|6|4
46994,5,False,5,5,5,2|5|5|7|5|5|7|5|7|5|5|5|5|7|5
46999,9,True,6,15,2,8|2|0|4|2|0|2|2|8|0|3|0|4|2|8
47070,7,True,1,9,1,7|7|7|7|1|1|1|1|7|1|1|7|1|1|1
47102,2,True,7,14,7,2|9|7|5|7|7|7|7|7|7|7|7|7|9|7
47124,8,False,8,1,8,8|8|8|8|8|8|8|3|8|8|8|8|8|8|8
47127,0,True,3,13,3,8|0|1|3|3|4|4|3|3|6|3|2|4|0|3
47144,3,True,5,15,5,2|5|1|5|5|1|1|5|5|0|5|1|5|1|5
47150,3,False,3,4,3,3|3|2|3|3|3|2|3|3|3|3|2|3|2|3
47163,2,True,5,14,3,9|2|6|1|9|1|1|5|8|3|3|3|6|9|3
47166,1,True,3,15,8,4|8|0|8|8|3|4|2|8|6|4|8|6|2|3
47167,6,True,3,13,3,6|3|2|2|3|6|3|3|3|3|3|2|3|3|3
47172,5,False,5,5,5,3|5|5|5|3|5|5|5|5|5|5|7|5|1|1
47183,2,False,2,14,0,0|0|0|0|0|0|0|4|0|0|0|0|0|2|4
47187,9,True,6,14,3,3|6|9|3|4|6|4|2|3|4|6|8|2|2|3
47200,7,False,7,7,7,7|7|7|9|9|9|7|9|7|7|7|7|9|9|9
47218,1,True,5,13,5,7|5|5|5|5|8|5|7|5|1|5|8|1|7|5
47266,8,False,8,11,-1,8|5|5|5|1|1|8|5|1|1|8|8|7|1|5
47305,8,False,8,1,8,9|8|8|8|8|8|8|8|8|8|8|8|8|8|8
47314,4,True,6,6,4,9|4|6|4|4|4|4|4|4|2|4|2|4|6|6
47315,5,True,9,1,5,5|5|5|9|5|5|5|5|5|5|5|5|5|5|5
47320,3,True,2,15,8,6|8|8|8|8|4|8|8|8|6|8|8|8|8|8
47337,3,True,4,15,4,4|4|4|9|4|4|4|9|0|5|4|9|4|9|4
47359,4,True,6,7,4,4|4|4|2|8|4|6|2|0|4|4|4|2|2|4
47368,5,False,5,11,-1,7|7|2|5|9|8|8|1|7|5|5|8|7|1|5
47370,9,True,4,6,9,9|4|4|9|9|4|9|9|9|4|4|9|9|9|4
47377,7,False,7,3,7,7|7|7|7|9|9|7|7|7|7|7|7|7|9|7
47388,4,True,1,15,1,1|0|1|1|1|1|1|1|1|1|1|1|1|1|1
47415,4,False,4,10,9,4|4|4|9|9|9|9|5|1|4|9|9|9|9|4
47468,6,True,3,15,3,3|9|3|3|3|3|1|3|3|4|4|3|3|3|3
47494,3,True,8,13,8,3|8|8|8|8|8|8|8|8|6|3|8|8|8|8
47509,6,True,0,6,6,6|6|6|6|0|6|0|0|6|6|0|0|6|0|6
47549,6,True,0,7,6,6|6|6|3|4|6|0|0|6|6|3|0|6|0|6
47565,8,False,8,3,8,3|8|8|8|8|3|8|8|8|8|3|8|8|8|8
47567,9,True,7,11,7,7|7|7|9|7|9|7|9|7|7|7|7|7|9|7
47570,1,True,5,14,5,2|5|2|8|5|5|5|5|5|8|5|8|5|1|5
47580,2,False,2,13,4,9|9|2|4|9|0|4|6|4|4|4|4|9|2|0
47581,0,True,1,15,1,1|1|1|1|1|1|1|1|1|1|1|1|1|1|1
47589,2,True,3,11,3,3|2|2|3|3|3|2|3|3|3|3|2|3|3|3
47590,6,True,3,15,3,3|3|3|3|2|3|3|2|3|3|3|2|2|2|3
47597,6,True,3,15,4,9|4|4|9|4|9|4|9|3|4|4|9|4|9|4
47606,1,True,7,15,5,7|5|5|5|7|5|5|5|5|5|7|5|7|5|5
47611,9,True,4,9,4,9|9|4|9|9|4|4|9|1|4|4|9|4|2|4
47612,0,True,2,2,0,0|0|2|0|0|0|0|4|0|0|0|0|0|0|0
47618,4,True,6,0,4,4|4|4|4|4|4|4|4|4|4|4|4|4|4|4
47619,8,False,8,0,8,8|8|8|8|8|8|8|8|8|8|8|8|8|8|8
47621,5,False,5,3,5,7|5|5|5|5|5|5|5|5|5|5|7|7|5|5
47630,2,True,9,15,5,5|5|5|5|9|5|5|5|7|5|5|5|5|5|5
47652,5,False,5,2,5,3|5|5|5|5|5|5|5|5|3|5|5|5|5|5
47667,0,True,2,2,0,0|0|2|0|0|0|0|0|0|0|2|0|0|0|0
47736,9,False,9,15,5,5|5|5|5|5|5|5|5|5|5|5|5|5|5|5
47743,3,False,3,4,3,3|3|6|2|3|3|3|3|1|3|3|2|3|3|3
47747,7,False,7,2,7,7|4|7|7|7|7|7|7|7|7|7|7|7|2|7
47781,6,True,0,13,-1,0|0|7|6|0|6|1|1|7|7|8|1|2|8|5
47788,2,True,5,11,5,2|5|5|5|5|2|5|2|7|3|5|5|2|7|5
47799,8,False,8,2,8,8|8|8|8|4|4|8|8|8|8|8|8|8|8|8
47825,0,False,0,10,6,0|0|6|6|6|6|6|6|6|6|6|0|6|0|0
47838,0,False,0,10,0,3|7|2|1|0|0|1|0|6|6|3|0|7|2|0
47845,7,True,1,12,1,1|7|1|7|1|1|1|1|1|1|1|7|1|1|1
47880,9,True,4,12,4,9|4|4|9|4|4|4|4|0|4|4|4|4|9|4
47924,0,True,2,10,8,2|2|8|2|8|0|0|2|0|8|0|8|0|8|8
47942,0,True,1,15,1,1|1|1|1|1|1|1|1|1|1|1|1|1|1|1
47947,7,True,8,11,8,8|8|7|7|9|8|8|9|8|8|7|7|8|8|8
47969,9,False,9,14,5,5|5|5|5|5|5|5|5|5|5|5|5|5|9|5
47979,9,False,9,15,5,5|5|5|5|5|5|5|5|5|5|5|5|5|5|5
47990,3,True,5,14,5,5|5|5|5|5|3|1|5|5|5|5|5|5|5|5
47994,6,True,0,8,6,0|2|6|6|4|6|0|6|6|0|6|0|0|0|6
47995,0,False,0,11,6,6|0|6|8|0|6|0|3|6|8|6|0|6|2|6
47996,9,True,7,12,7,7|7|7|9|9|7|7|7|7|7|7|7|9|7|7
47998,7,False,7,2,7,7|3|7|7|7|7|7|7|7|7|7|7|7|3|7
47999,6,True,0,6,6,4|4|6|6|6|6|6|6|6|4|4|0|0|6|6
48011,1,True,5,8,5,1|5|5|5|1|1|1|5|5|5|5|5|1|1|1
48024,9,True,7,11,7,9|7|7|7|9|2|7|9|7|7|7|7|7|9|7
48039,3,False,3,4,3,2|2|6|3|3|3|3|3|3|3|3|2|3|3|3
48063,1,True,8,15,8,8|8|8|8|8|3|8|8|8|6|8|8|8|3|8
48093,9,True,4,13,4,4|4|4|4|4|4|4|9|4|4|4|4|4|9|4
48128,6,False,6,10,3,2|6|1|3|6|6|3|3|3|6|3|2|6|3|3
48131,0,False,0,14,4,6|4|6|4|6|4|4|4|6|4|4|4|4|0|4
48150,0,False,0,14,6,0|6|6|6|6|6|6|6|6|6|6|6|6|6|6
48162,4,True,6,6,4,4|4|0|4|4|4|2|4|0|4|4|0|4|2|0
48170,5,True,9,1,5,9|5|5|5|5|5|5|5|5|5|5|5|5|5|5
48177,5,False,5,11,7,4|7|5|5|4|5|7|4|7|7|7|7|5|4|7
48208,0,True,1,14,1,1|1|1|0|1|1|1|1|1|3|1|1|1|1|1
48213,2,True,7,14,7,2|7|7|7|9|7|7|7|7|7|7|7|7|7|1
48217,7,True,5,11,5,7|7|1|7|5|5|7|5|5|1|5|5|1|5|1
48247,7,False,7,5,7,7|7|7|7|4|4|7|5|7|5|7|7|4|7|7
48268,5,True,9,1,5,5|5|5|5|9|5|5|5|5|5|5|5|5|5|5
48280,7,False,7,1,7,7|7|7|7|7|7|7|7|7|7|7|7|7|7|9
48283,9,True,4,12,4,2|4|4|4|9|4|9|2|0|0|4|2|4|9|4
48289,4,False,4,12,3,3|9|4|3|4|3|1|4|3|3|3|3|3|9|3
48311,7,False,7,12,5,9|5|5|7|9|9|5|9|7|5|7|9|5|5|5
48316,6,True,3,10,3,6|3|4|3|6|6|3|3|3|6|6|9|3|3|3
48336,3,False,3,11,6,8|2|6|6|3|3|6|2|6|6|3|6|3|6|8
48338,9,True,7,9,7,9|7|7|7|9|9|7|9|7|7|7|7|9|9|7
48341,5,True,9,2,5,9|5|5|5|5|5|5|5|5|5|5|5|5|9|5
48352,6,True,0,1,6,6|6|6|6|6|6|6|6|6|6|6|0|6|6|6
48361,0,False,0,8,0,0|0|6|0|6|1|6|0|6|1|6|0|0|0|6
48380,6,True,3,14,3,6|4|7|3|8|3|1|3|1|3|3|1|3|8|1
48420,0,True,2,6,0,2|0|2|0|4|0|0|4|0|0|2|0|0|0|4
48464,7,False,7,8,7,9|7|9|7|9|3|7|9|7|7|9|7|7|4|9
48473,9,True,7,7,9,9|7|9|9|9|9|7|7|7|7|7|7|9|9|9
48491,3,False,3,13,4,9|2|2|4|4|4|4|4|4|3|3|2|4|9|1
48536,7,False,7,5,7,7|7|7|7|7|2|7|5|7|7|5|7|7|9|9
48560,0,True,2,5,0,0|0|2|0|4|0|0|4|0|0|0|0|0|2|4
48565,6,False,6,14,4,1|2|8|8|4|4|4|5|8|4|4|2|6|4|3
48566,7,False,7,4,7,7|7|2|7|7|2|7|4|7|7|7|7|7|2|7
48573,9,True,6,15,4,4|4|4|4|4|4|4|4|2|4|4|4|4|6|4
48575,9,True,8,15,8,8|8|8|8|8|8|8|8|8|8|8|8|8|8|8
48586,6,False,6,15,4,4|4|4|4|4|4|4|4|4|4|4|4|4|9|4
48590,2,True,5,8,5,2|5|2|5|2|5|2|5|5|5|2|5|2|2|5
48606,0,True,2,7,0,2|2|2|0|2|0|2|0|0|0|0|4|2|0|0
48639,4,True,6,15,-1,0|2|2|3|0|1|0|3|1|0|3|0|3|2|3
48728,3,False,3,15,0,0|6|6|0|0|4|0|6|6|6|0|0|2|0|6
48765,7,False,7,4,7,7|7|7|7|9|9|7|7|7|7|7|7|9|3|7
48782,6,True,0,8,6,6|6|6|3|3|6|6|9|3|3|3|0|6|0|6
48801,5,False,5,7,5,2|5|2|8|2|5|2|5|7|8|5|5|5|5|5
48818,9,True,8,15,8,8|8|8|8|8|3|8|8|8|5|8|8|8|8|8
48831,1,True,5,13,7,5|7|1|5|9|7|7|1|7|7|5|7|4|5|5
48848,6,True,0,12,8,0|8|6|8|8|1|8|6|8|8|6|8|0|8|8
48854,9,False,9,14,5,5|5|5|5|9|5|5|5|5|5|5|5|5|5|5
48884,7,True,8,15,8,8|8|8|8|8|8|8|8|8|8|8|8|8|8|8
48898,0,False,0,10,6,0|0|6|0|6|6|6|6|6|6|6|0|6|0|6
48907,1,True,8,15,8,8|8|8|8|8|8|8|8|8|8|8|8|2|8|8
48923,2,True,9,15,5,9|5|5|5|5|8|5|5|5|5|5|5|7|5|5
48936,2,False,2,10,-1,2|0|4|4|0|4|0|2|2|0|2|4|4|0|2
48939,3,False,3,8,3,2|3|6|2|3|3|6|3|6|3|6|9|6|3|3
48949,3,True,4,12,-1,3|2|5|2|3|4|1|5|7|4|2|8|7|3|4
48972,4,True,6,6,4,4|4|0|4|4|4|4|4|0|4|0|8|0|4|0
48976,2,False,2,14,0,0|0|0|0|0|0|0|4|2|0|0|0|0|0|0
48994,9,False,9,15,5,5|5|5|5|5|5|5|5|5|5|5|5|5|5|5
49010,1,False,1,0,1,1|1|1|1|1|1|1|1|1|1|1|1|1|1|1
49012,3,False,3,9,3,2|2|2|9|3|3|4|3|4|3|3|2|3|6|4
49030,9,True,4,11,4,9|4|9|3|4|4|4|4|6|4|4|9|3|9|4
49032,5,False,5,2,5,5|7|5|5|5|5|5|5|5|7|5|5|5|5|5
49038,8,False,8,3,8,3|8|8|8|8|8|8|1|8|4|8|8|8|8|8
49044,3,True,7,15,7,7|7|7|7|7|7|7|7|7|7|7|7|7|7|7
49058,5,False,5,5,5,3|5|5|3|3|5|5|5|5|5|3|5|5|5|1
49088,7,True,5,14,5,7|5|5|5|5|5|5|5|5|5|5|5|5|5|5
49099,6,True,0,13,8,6|8|0|4|8|8|8|2|8|0|6|8|0|8|0
49118,0,True,2,8,0,0|0|0|4|0|4|2|2|0|8|8|2|0|2|0
49135,5,False,5,10,5,6|7|4|2|4|5|2|7|7|5|5|5|5|6|6
49143,0,False,0,9,6,6|0|6|0|6|6|0|0|6|6|6|0|6|6|0
49187,2,False,2,15,0,4|4|0|4|4|0|0|0|0|0|4|0|0|0|4
49194,0,True,2,7,0,0|0|2|0|4|0|0|4|0|4|4|0|2|0|2
49202,3,False,3,4,3,3|2|2|3|3|3|0|3|3|3|3|3|2|3|3
49206,5,True,9,1,5,9|5|5|5|5|5|5|5|5|5|5|5|5|5|5
49207,0,False,0,10,0,6|4|6|6|0|4|0|9|3|4|4|0|0|6|0
49221,7,True,1,14,1,1|1|1|7|1|1|1|1|1|1|1|1|1|1|1
49238,9,True,4,13,4,4|9|4|4|2|4|6|4|7|0|9|4|4|3|4
49243,6,True,0,5,6,6|6|6|6|0|6|0|7|6|0|6|5|6|6|6
49247,0,True,2,3,0,2|4|2|0|0|0|0|0|0|0|0|0|0|0|0
49250,3,True,7,15,7,7|7|7|7|9|7|7|9|7|7|7|7|7|9|7
49261,5,False,5,6,5,0|5|5|5|1|1|5|5|5|5|1|5|5|1|2
49269,1,False,1,1,1,1|1|1|1|1|1|1|1|1|0|1|1|1|1|1
49273,4,True,6,15,0,0|6|6|0|0|0|0|0|6|0|3|0|0|0|6
49298,9,True,8,15,8,8|3|8|8|8|3|8|8|8|8|8|8|8|8|8
49314,0,True,2,4,0,0|4|0|0|2|0|0|2|0|0|4|0|0|0|0
49330,5,True,4,14,4,6|4|6|4|4|4|2|5|1|4|9|9|4|6|4
49351,0,True,1,14,1,1|1|1|7|1|1|1|1|1|0|1|1|1|1|1
49356,4,True,1,15,1,7|7|1|7|1|1|1|1|1|1|1|1|1|1|1
49366,1,False,1,7,1,7|7|7|7|1|1|7|7|1|1|1|7|1|1|1
49380,9,False,9,10,5,9|5|5|5|5|5|5|9|5|5|9|9|5|9|5
49403,0,True,2,9,2,2|0|0|0|2|2|2|2|2|2|0|0|0|2|2
49411,9,True,7,14,7,2|7|7|7|7|3|7|8|7|7|7|7|3|9|7
49437,2,False,2,15,0,0|0|0|0|0|0|0|0|0|0|0|0|0|0|0
49455,0,True,1,11,1,0|6|1|0|1|1|1|1|1|1|1|1|0|0|1
49483,4,True,1,15,1,1|1|1|0|1|1|1|1|1|1|1|0|1|1|1
49518,7,True,5,8,5,7|7|5|5|7|5|5|5|7|7|5|5|5|7|7
49519,9,True,4,13,4,4|4|4|9|4|4|4|4|0|4|4|4|2|9|4
49524,1,True,8,15,8,7|8|7|8|8|8|8|8|8|8|8|8|8|8|8
49535,9,True,8,15,8,8|8|8|8|8|8|8|8|8|8|8|8|8|8|8
49543,4,True,6,3,4,4|4|4|4|9|4|4|4|0|4|4|4|4|9|4
49572,0,False,0,9,6,4|4|6|0|0|6|0|6|6|6|6|0|0|6|0
49578,6,True,0,7,6,0|0|6|6|0|6|6|0|6|0|6|0|6|0|6
49584,8,False,8,0,8,8|8|8|8|8|8|8|8|8|8|8|8|8|8|8
49591,0,False,0,12,6,6|6|6|0|0|6|6|6|6|6|6|0|6|6|6
49592,6,True,0,7,6,6|4|6|0|0|6|0|6|6|0|6|0|6|6|0
49593,2,True,3,7,2,2|3|2|3|3|2|3|2|3|3|2|2|2|2|3
49595,5,False,5,7,5,3|5|1|5|5|5|3|3|5|5|5|5|1|1|1
49602,1,False,1,2,1,1|1|1|1|1|1|1|1|1|1|1|0|1|0|1
49608,1,False,1,2,1,4|1|7|1|1|1|1|1|1|1|1|1|1|1|1
49621,7,True,8,14,8,8|8|8|8|8|8|8|7|8|8|8|8|8|8|8
49636,7,True,1,12,1,1|7|1|7|1|1|1|7|1|1|1|1|1|1|1
49637,2,True,5,13,5,2|5|1|5|2|5|5|4|7|5|5|5|7|5|5
49648,6,True,3,12,4,8|4|4|4|4|3|3|4|6|4|4|8|6|6|3
49661,6,True,0,6,6,4|4|4|6|4|6|6|6|6|6|6|4|6|4|6
49674,3,False,3,6,3,2|2|2|3|3|2|2|3|3|3|3|3|3|2|3
49675,9,True,7,12,7,9|7|7|7|9|9|7|7|7|7|7|7|7|7|7
49678,0,False,0,11,6,6|6|6|0|6|6|0|6|6|0|6|0|6|6|6
49729,9,True,4,12,4,4|4|4|4|4|4|2|4|6|4|4|9|4|9|9
49741,4,False,4,8,-1,9|4|4|4|9|4|4|9|6|4|9|9|9|9|4
49742,1,True,5,14,5,7|5|5|5|3|5|5|5|5|5|5|5|5|1|5
49755,2,True,9,14,9,2|9|5|5|5|9|9|9|7|5|9|9|9|9|9
49769,6,True,0,5,6,6|6|2|6|6|6|2|6|6|6|6|4|6|0|0
49772,6,True,0,6,6,6|6|6|3|6|0|0|2|3|3|6|6|6|6|6
49811,2,False,2,15,0,0|0|0|0|0|0|0|0|0|0|0|0|0|0|4
49812,0,False,0,12,6,6|6|6|6|0|6|0|6|6|6|6|0|6|6|6
49816,4,True,6,8,4,2|4|4|4|4|4|2|4|0|0|0|4|0|0|2
49825,3,True,5,14,5,3|5|5|5|5|5|5|5|5|7|5|7|5|5|5
49854,9,True,8,15,8,3|8|8|8|8|3|8|8|8|8|8|8|8|8|3
49870,4,True,6,14,6,6|8|8|8|4|6|6|0|3|8|6|8|6|6|6
49872,5,False,5,7,5,5|5|5|5|5|1|1|5|5|1|5|1|1|1|1
49883,8,False,8,0,8,8|8|8|8|8|8|8|8|8|8|8|8|8|8|8
49888,0,True,2,15,4,4|4|2|4|8|4|4|2|1|8|3|4|4|6|4
49894,3,False,3,9,3,3|3|1|2|2|3|1|2|3|1|3|1|3|0|1
49916,4,True,6,14,6,6|6|6|6|4|6|0|6|6|6|6|0|6|6|6
49918,6,True,0,10,-1,6|6|6|0|3|6|3|1|3|6|3|0|0|0|0
49927,7,False,7,2,7,9|7|7|7|9|7|7|7|7|7|7|7|7|7|7
49984,5,True,9,3,5,9|5|5|5|9|5|5|5|5|5|5|5|5|9|5
49991,5,True,9,1,5,5|5|5|5|9|5|5|5|5|5|5|5|5|5|5
50003,6,True,0,6,6,6|0|6|6|0|6|0|6|6|6|6|0|0|0|6
50004,0,True,2,10,4,0|0|2|2|4|4|4|4|6|4|0|4|0|0|4
50015,1,False,1,0,1,1|1|1|1|1|1|1|1|1|1|1|1|1|1|1
50029,7,False,7,3,7,7|7|7|7|7|3|7|7|7|7|3|7|7|4|7
50034,6,True,2,12,4,2|2|2|3|4|4|0|9|6|4|6|4|4|6|4
50042,7,True,5,12,5,7|7|5|5|5|5|5|5|5|5|5|5|5|7|5
50047,6,True,2,14,4,6|4|4|9|4|4|4|5|2|4|4|9|4|9|4
50049,4,True,6,15,6,0|0|6|2|2|6|0|6|6|6|0|0|6|6|6
50078,6,True,0,8,0,6|0|6|6|0|0|0|0|6|0|6|0|6|0|6
50106,2,False,2,14,4,9|4|9|4|4|4|4|2|9|4|4|4|9|6|4
50108,6,True,3,15,3,3|3|3|3|3|3|3|3|3|3|3|3|3|3|3
50113,7,False,7,15,9,9|9|5|5|9|9|9|9|9|5|5|9|9|9|9
50120,5,False,5,14,7,9|7|7|7|7|9|7|7|7|7|1|7|7|9|5
50215,3,False,3,5,3,2|4|3|3|3|3|6|3|3|3|3|2|0|3|3
50218,8,True,2,14,2,2|2|2|2|0|0|2|4|0|0|4|0|2|2|8
50242,2,True,7,15,7,5|7|7|3|7|5|7|7|5|5|5|7|5|7|7
50246,8,False,8,10,8,8|8|0|7|6|5|7|8|7|7|5|5|2|8|8
50256,6,True,0,8,0,0|6|6|0|6|6|6|0|6|0|0|0|0|0|6
50260,2,True,5,14,5,5|5|5|5|5|5|5|5|5|5|5|5|5|2|5
50290,7,True,5,11,5,7|7|1|7|5|5|1|5|5|7|5|1|5|1|5
50304,3,False,3,4,3,3|3|3|3|3|3|3|2|6|3|2|2|3|3|3
50331,2,False,2,15,4,9|4|4|4|4|4|4|3|6|4|4|4|4|9|4
50333,1,False,1,0,1,1|1|1|1|1|1|1|1|1|1|1|1|1|1|1
50338,3,False,3,13,6,4|6|6|0|6|3|0|6|6|0|6|0|6|3|0
50340,7,False,7,4,7,2|7|7|7|4|7|7|7|7|7|7|7|2|9|7
50366,5,True,9,7,5,5|5|9|9|5|9|5|9|7|5|5|7|7|5|5
50391,4,True,6,0,4,4|4|4|4|4|4|4|4|4|4|4|4|4|4|4
50403,6,True,0,14,0,2|0|5|0|0|0|0|0|8|0|2|0|0|0|6
50411,0,False,0,9,6,0|6|6|0|0|6|6|6|6|0|6|0|0|6|6
50431,7,True,5,10,5,5|7|2|7|5|1|7|5|7|7|1|3|5|5|5
50438,0,True,2,12,2,8|8|2|2|2|8|2|2|0|0|2|0|2|2|8
50446,7,True,1,11,1,1|7|7|7|1|1|1|1|1|1|1|7|1|1|1
50449,4,True,6,8,4,9|4|4|4|4|4|0|6|0|3|0|0|4|0|4
50453,7,False,7,3,7,7|7|7|7|9|9|7|7|7|7|7|7|9|7|7
50455,5,False,5,3,5,7|5|5|5|5|5|5|5|5|5|5|1|1|5|5
50460,2,False,2,10,-1,8|6|4|4|9|2|4|4|2|0|2|2|4|2|8
50461,9,True,4,12,4,4|4|4|4|9|4|4|4|4|4|4|9|4|9|4
50495,2,True,3,8,3,2|2|2|3|3|3|2|2|3|3|3|2|3|2|3
50556,5,True,9,2,5,9|5|5|5|5|5|5|9|5|5|5|5|5|5|5
50559,9,True,4,11,4,2|4|4|4|4|4|2|9|4|4|4|9|9|9|4
50574,3,False,3,3,3,3|3|3|3|3|0|3|3|3|3|3|0|3|6|3
50576,4,True,6,7,4,9|4|4|4|4|4|8|5|0|4|4|2|4|5|8
50583,9,True,7,9,7,7|7|7|9|9|9|7|9|7|7|7|7|9|9|7
50587,6,True,0,13,5,8|0|6|5|1|8|2|5|3|0|2|6|5|5|5
50610,6,True,0,6,6,6|6|6|0|0|6|0|0|6|6|6|0|6|6|0
50611,9,True,8,15,8,8|8|3|8|8|8|8|8|8|5|8|8|3|8|8
50638,1,True,5,13,5,7|5|5|5|5|3|5|5|5|5|1|5|5|1|5
50648,3,False,3,13,4,9|4|4|4|9|4|4|9|3|4|9|2|4|9|3
50671,0,True,1,12,1,7|4|0|3|1|0|1|4|1|1|3|0|6|1|3
50691,0,False,0,14,-1,6|2|6|8|3|3|0|6|1|6|3|7|1|2|3
50708,1,False,1,9,0,1|0|1|6|0|0|1|1|0|0|2|0|1|0|1
50734,0,True,1,11,1,0|1|1|1|0|1|0|1|1|1|1|1|1|0|1
50742,1,False,1,1,1,7|1|1|1|1|1|1|1|1|1|1|1|1|1|1
50746,7,True,1,15,1,0|1|0|0|1|0|1|1|1|1|1|1|0|0|1
50751,0,True,1,11,1,0|0|1|1|1|0|1|1|1|1|1|1|0|1|1
50759,9,True,4,10,4,9|4|4|4|9|4|4|9|6|4|4|9|4|9|4
50780,4,False,4,14,6,6|3|6|3|0|6|2|6|6|6|3|4|6|3|3
50801,1,False,1,2,1,7|7|1|1|1|1|1|1|1|1|1|1|1|1|1
50803,3,True,7,15,7,7|7|7|7|7|8|7|4|7|4|7|7|7|7|7
50816,4,True,6,14,8,7|4|8|8|8|8|8|3|3|3|8|9|9|9|3
50818,0,True,1,11,1,1|0|1|0|1|1|1|0|1|1|1|1|1|0|1
50838,3,False,3,10,3,9|4|9|6|9|3|6|1|3|3|4|4|3|8|3
50840,4,True,6,15,6,6|6|2|6|6|6|6|6|6|6|0|0|6|0|6
50841,7,False,7,2,7,7|7|7|7|7|9|7|7|7|7|7|7|7|7|9
50906,0,True,1,11,1,9|0|1|0|0|1|1|1|1|1|2|0|1|1|1
50922,9,True,8,15,8,8|8|8|8|8|8|8|8|8|8|8|8|8|8|8
50938,0,True,2,5,0,0|0|0|8|2|2|0|2|0|0|2|0|0|0|0
50942,3,False,3,8,3,2|3|2|2|3|3|6|2|3|3|3|2|2|3|0
50959,5,False,5,8,1,1|5|5|5|5|1|1|1|5|1|1|5|5|1|1
50979,6,False,6,15,4,4|4|4|4|4|4|4|4|4|4|4|4|4|4|4
51004,6,True,0,9,0,6|0|0|0|4|6|0|6|0|0|6|0|0|6|6
51005,6,False,6,13,8,8|2|6|4|4|4|2|8|6|8|3|8|8|0|8
51013,9,True,4,12,4,9|4|4|9|4|4|4|4|3|4|4|4|4|9|4
51050,8,True,2,13,0,6|8|2|8|0|2|0|0|0|0|0|0|0|0|2
51052,3,True,5,14,5,5|5|5|5|3|5|5|5|5|5|5|5|5|5|1
51060,8,True,7,15,7,7|7|7|7|7|7|7|9|7|5|7|7|7|7|7
51065,6,False,6,15,4,4|4|4|4|4|4|4|4|4|4|4|4|4|4|4
51079,4,False,4,4,4,4|4|4|4|9|4|4|4|2|4|4|0|4|9|4
51137,7,False,7,11,9,9|7|8|7|9|9|9|5|7|9|7|9|5|9|9
51149,3,False,3,2,3,3|3|3|2|3|2|3|3|3|3|3|3|3|3|3
51155,3,False,3,11,4,3|4|6|2|6|3|4|4|3|4|3|2|4|9|4
51157,6,True,0,8,0,0|6|6|0|0|6|0|6|6|0|6|0|6|0|0
51190,4,False,4,9,4,9|3|1|2|9|4|6|4|4|4|4|4|6|9|3
51204,5,True,9,0,5,5|5|5|5|5|5|5|5|5|5|5|5|5|5|5
51206,4,True,6,2,4,4|4|4|4|4|4|4|4|6|4|4|4|4|6|4
51219,0,True,1,15,1,1|1|7|1|1|1|1|1|1|1|1|1|1|1|1
51246,6,True,0,8,0,0|6|0|0|0|0|0|6|6|6|6|0|0|6|6
51247,7,True,1,13,1,1|7|1|7|1|1|1|1|1|1|1|1|1|1|1
51273,6,False,6,14,4,6|4|0|2|4|2|4|4|0|4|2|8|2|8|0
51291,9,True,4,8,4,9|4|4|9|9|4|4|4|4|4|9|9|9|9|4
51337,5,True,9,3,5,9|5|5|5|9|5|5|5|7|5|5|5|5|5|5
51339,2,False,2,12,4,2|4|4|0|9|4|0|9|2|4|9|4|4|2|0
51343,4,True,6,3,4,6|4|4|4|4|4|4|9|4|4|4|4|4|6|4
51377,5,True,9,2,5,5|5|9|5|9|5|5|5|5|5|5|5|5|5|5
51379,6,False,6,2,6,6|4|6|6|6|6|6|6|6|6|6|0|6|6|6
51381,2,True,3,10,3,2|3|3|3|3|2|6|2|3|3|3|2|3|2|3
51385,9,False,9,14,5,9|5|5|5|5|5|5|5|5|5|5|5|5|5|5
51391,7,True,5,10,5,7|5|1|7|5|5|5|7|5|7|5|7|1|1|6
51401,6,False,6,14,4,9|4|4|4|4|4|4|9|6|4|4|4|4|9|4
51414,6,True,3,13,3,3|3|3|2|0|3|2|6|3|3|6|2|3|3|3
51444,2,True,3,14,3,3|5|2|8|3|3|7|1|3|3|7|1|7|3|3
51493,6,True,3,13,3,2|3|6|3|2|3|6|2|3|3|3|2|3|3|3
51494,0,True,1,15,1,1|1|1|1|1|1|1|1|1|1|1|1|1|1|1
51495,9,True,7,15,7,7|7|7|7|1|1|7|7|7|7|7|7|7|5|7
51526,0,True,2,4,0,2|0|0|2|0|6|0|0|0|0|0|0|0|2|0
51531,9,True,4,8,4,4|4|4|9|9|4|4|9|9|4|9|9|4|9|4
51567,0,True,2,7,0,0|4|2|0|4|0|2|0|0|8|0|2|0|0|6
51568,3,True,5,14,5,7|5|5|5|1|3|5|1|7|5|5|8|7|1|5
51619,0,False,0,9,6,0|6|6|0|0|6|0|6|6|0|6|0|6|6|6
51630,0,False,0,9,-1,6|0|0|6|6|6|0|1|8|0|6|0|0|6|5
51665,4,False,4,14,0,4|0|2|0|0|0|0|2|0|0|0|0|0|2|2
51669,0,False,0,9,6,6|0|6|6|0|6|6|6|6|0|6|0|0|6|0
51676,8,False,8,1,8,8|8|8|8|8|3|8|8|8|8|8|8|8|8|8
51685,7,True,5,10,5,7|5|5|7|5|5|5|1|5|7|5|7|5|5|7
51689,0,False,0,11,6,6|6|6|6|0|6|6|6|6|0|6|0|0|6|6
51717,3,False,3,14,4,9|4|4|9|9|4|4|4|3|4|4|9|4|4|4
51730,4,False,4,4,4,4|4|4|9|4|4|4|4|0|4|9|4|4|8|4
51731,2,True,3,10,3,3|3|2|2|3|3|3|2|3|3|3|2|6|2|3
51749,5,True,9,7,5,3|8|5|5|5|8|5|5|7|5|5|8|8|8|5
51769,8,False,8,3,8,7|8|8|8|8|8|8|8|8|6|8|8|4|8|8
51776,0,True,1,13,1,0|1|1|1|1|1|1|1|1|1|1|1|0|1|1
51787,9,True,4,9,-1,9|4|6|9|4|4|2|9|1|4|4|9|9|9|4
51789,9,True,6,14,4,9|7|7|4|2|4|8|5|3|0|4|0|4|0|4
51798,3,False,3,9,3,8|3|6|3|0|2|6|3|3|6|3|7|6|8|3
51819,9,True,8,15,8,3|8|8|8|8|8|8|8|8|8|8|8|8|8|3
51826,2,True,5,14,5,7|5|5|7|5|5|5|5|7|7|5|7|2|7|5
51827,2,False,2,14,9,9|9|4|9|9|9|4|9|6|4|4|9|9|2|4
51834,7,False,7,4,7,9|7|7|7|9|9|7|7|7|7|7|7|7|7|9
51839,1,True,5,10,5,9|5|5|5|1|1|1|1|5|7|1|7|5|5|5
51886,6,True,0,8,6,3|6|3|3|6|6|2|6|3|6|4|2|6|2|6
51896,3,True,8,13,8,8|8|8|3|8|3|8|8|8|8|8|8|8|8|8
51952,5,False,5,6,5,2|5|5|5|5|3|1|5|5|5|5|8|1|5|3
51953,5,True,9,1,5,9|5|5|5|5|5|5|5|5|5|5|5|5|5|5
51974,0,True,1,14,1,1|1|1|1|1|1|1|1|1|0|1|1|1|1|1
51991,6,True,3,13,4,3|3|6|2|4|9|1|2|3|4|3|4|4|6|4
52007,4,False,4,7,4,4|4|4|4|9|9|4|9|9|4|9|9|4|9|4
52015,3,False,3,11,-1,0|3|2|6|2|1|7|2|3|3|6|7|3|2|1
52060,1,False,1,1,1,1|1|1|1|1|1|1|1|1|1|1|7|1|1|1
52077,5,False,5,3,5,5|5|5|7|3|5|5|5|5|7|5|5|5|5|5
52092,7,True,1,12,1,7|7|1|7|1|1|1|1|1|1|1|1|1|1|1
52093,2,True,3,11,3,2|2|2|3|3|3|3|2|3|3|3|3|6|3|3
52096,5,True,9,2,5,5|5|5|5|9|5|5|5|5|5|5|5|5|9|5
52118,2,True,3,8,3,2|3|2|3|2|3|3|2|3|3|2|2|3|2|3
52122,3,True,7,15,7,7|7|7|7|9|7|7|7|7|7|7|7|7|9|7
52202,5,True,4,15,4,2|4|4|4|4|4|4|9|6|4|4|4|4|9|4
52216,6,False,6,15,4,4|4|4|4|4|4|4|4|4|4|4|4|4|9|4
52217,0,True,1,12,1,0|1|1|0|1|1|1|1|1|1|1|1|1|0|1
52275,5,True,9,2,5,5|5|5|5|9|5|5|5|5|5|5|5|5|9|5
52287,6,True,0,7,6,6|6|6|0|0|6|6|0|6|0|6|0|0|0|6
52291,3,True,5,9,-1,3|5|5|5|3|3|1|5|5|1|3|5|3|1|3
52323,6,False,6,15,4,4|9|4|2|4|4|4|9|4|4|4|4|4|4|4
52353,1,False,1,1,1,1|1|1|1|1|1|1|1|1|1|1|1|1|1|0
52387,1,False,1,9,1,1|1|1|0|4|2|1|0|8|5|8|1|6|1|0
52398,0,True,2,3,0,0|0|2|0|0|0|0|0|0|0|0|0|2|0|2
52401,1,False,1,0,1,1|1|1|1|1|1|1|1|1|1|1|1|1|1|1
52416,6,True,3,14,3,6|5|3|3|3|3|2|2|1|3|7|1|3|1|3
52449,2,True,5,13,5,2|5|5|5|5|5|2|5|5|8|5|8|5|5|8
52469,2,False,2,7,2,2|4|2|0|0|2|2|2|0|0|2|2|9|2|0
52472,6,False,6,15,4,4|4|4|4|4|4|4|4|4|4|4|4|4|4|4
52473,3,False,3,4,3,2|3|2|3|3|3|2|3|3|3|3|2|3|3|3
52492,8,False,8,1,8,8|8|8|8|8|3|8|8|8|8|8|8|8|8|8
52508,5,True,8,15,8,8|8|8|8|8|8|8|1|8|1|8|8|8|8|8
52509,2,True,5,15,8,8|3|8|8|8|8|1|6|8|6|8|8|8|8|8
52511,3,False,3,10,2,2|2|2|3|3|2|0|2|3|3|2|2|2|2|3
52533,8,False,8,4,8,3|8|8|8|8|3|8|8|8|3|8|8|3|8|8
52544,2,False,2,12,0,2|0|2|0|0|4|0|6|0|4|6|0|0|1|2
52553,0,True,2,6,0,2|2|2|2|2|2|0|0|0|0|0|0|0|0|0
52556,3,True,2,14,0,0|0|2|8|4|0|8|0|3|0|2|0|2|8|0
52561,2,True,5,11,5,5|3|2|2|2|5|5|4|5|5|5|5|2|6|5
52580,6,False,6,15,2,2|4|2|1|2|0|5|2|3|5|4|2|0|2|2
52599,7,False,7,2,7,7|3|7|7|7|7|7|7|7|7|7|7|1|7|7
52607,4,False,4,5,4,4|9|4|9|4|4|4|9|4|4|9|4|4|9|4
52609,4,False,4,9,9,4|4|4|9|9|9|9|9|9|4|9|9|4|9|4
52630,3,False,3,5,3,6|3|3|3|3|2|3|3|3|6|3|2|3|2|3
52642,6,True,3,12,3,3|3|6|2|6|3|3|4|3|3|3|9|6|2|3
52643,4,False,4,14,3,3|0|8|4|3|2|6|5|3|6|3|1|8|1|1
52678,3,False,3,15,4,4|0|6|4|4|4|4|6|6|6|4|4|2|6|4
52684,0,True,7,15,7,7|7|7|7|7|2|5|7|7|7|7|7|7|7|7
52693,8,True,3,15,3,3|3|3|3|1|3|3|3|3|3|3|3|3|3|3
52694,3,False,3,9,3,3|7|2|3|3|1|3|2|0|1|2|2|3|0|3
52700,4,True,6,14,6,6|6|6|2|4|6|0|6|6|6|3|9|6|6|6
52730,9,True,4,14,4,9|4|4|4|4|0|0|4|0|0|4|0|4|4|4
52768,5,True,9,2,5,9|5|5|9|5|5|5|5|5|5|5|5|5|5|5
52797,6,True,0,10,0,0|0|6|1|2|6|6|0|6|0|6|0|0|0|0
52806,9,True,4,15,4,4|4|6|4|3|4|5|6|4|8|4|8|8|4|8
52861,7,False,7,11,9,7|9|9|9|5|9|5|9|7|7|5|7|5|9|9
52877,6,False,6,13,8,7|4|8|8|5|8|2|2|7|3|6|8|4|2|6
52882,9,True,5,15,5,7|8|5|7|5|5|8|5|5|5|7|5|5|5|5
52884,6,True,0,5,6,6|3|6|8|6|6|6|6|3|3|6|0|6|6|6
52940,4,True,6,12,8,3|8|8|4|2|4|4|5|6|6|8|2|2|1|8
52945,3,True,2,14,9,3|9|9|9|9|9|9|9|1|4|4|9|9|9|9
52951,0,True,2,13,2,2|2|2|2|2|2|0|2|1|6|3|4|2|2|0
52960,0,True,2,8,0,4|4|0|4|4|0|0|6|0|0|0|0|4|6|4
52977,3,True,2,15,0,0|4|0|0|4|2|8|2|0|0|0|0|0|2|4
52993,8,False,8,6,8,3|8|3|8|8|3|8|3|8|3|8|8|8|3|8
52995,4,False,4,4,4,9|4|4|9|4|4|4|4|4|4|4|9|4|9|4
53019,1,False,1,0,1,1|1|1|1|1|1|1|1|1|1|1|1|1|1|1
53020,4,False,4,1,4,4|4|4|4|4|4|4|4|4|4|4|9|4|4|4
53038,8,False,8,10,8,8|4|9|8|2|3|8|5|8|4|3|0|4|8|1
53039,2,True,7,15,7,7|7|7|7|7|3|7|7|7|7|7|7|7|3|7
53049,0,False,0,9,6,6|6|0|0|0|6|6|6|6|0|6|0|0|6|6
53054,3,True,2,15,0,2|0|2|0|2|0|0|2|0|0|0|4|0|2|0
53067,2,True,3,15,6,6|3|6|0|6|6|1|3|6|6|6|6|6|0|0
53069,2,True,3,9,3,2|2|2|3|3|3|3|3|3|3|3|2|2|2|3
53073,9,True,7,6,9,7|9|9|9|9|9|9|9|7|5|5|7|2|9|9
53075,4,False,4,5,4,9|4|4|4|4|4|4|9|9|4|4|4|9|9|4
53107,9,True,7,15,5,5|5|5|5|5|5|5|5|5|5|5|7|5|5|5
53115,6,False,6,7,6,4|8|6|8|6|6|3|3|3|6|6|4|6|6|6
53123,1,False,1,2,1,1|7|1|7|1|1|1|1|1|1|1|1|1|1|1
53133,3,True,7,15,7,7|7|7|7|7|9|7|7|7|7|7|7|7|7|7
53147,0,False,0,7,0,0|6|6|0|0|6|0|6|6|6|6|0|0|0|0
53154,2,True,3,13,1,1|1|2|3|4|4|1|1|8|3|2|8|3|3|1
53161,2,True,3,10,3,3|2|2|3|2|3|3|0|3|3|3|2|3|2|3
53163,6,False,6,5,6,6|4|6|6|4|6|6|6|6|4|6|4|0|6|6
53182,4,True,6,1,4,4|4|4|4|4|4|4|4|8|4|4|4|4|4|4
53184,0,True,1,15,1,1|1|1|1|1|1|1|1|1|1|1|1|1|1|1
53191,0,True,2,14,4,4|9|4|4|9|2|2|9|4|4|4|9|4|2|0
53206,1,False,1,2,1,1|7|1|1|1|1|1|1|1|1|1|7|1|1|1
53210,1,False,1,6,1,7|7|7|7|1|1|1|7|1|1|1|7|1|1|1
53212,4,True,6,13,6,6|4|6|6|6|6|6|6|0|6|3|0|4|6|6
53220,3,False,3,12,2,8|2|2|2|4|2|3|4|3|6|6|2|4|3|6
53223,7,True,1,11,1,7|1|1|7|1|1|1|7|1|1|1|7|1|1|1
53261,9,True,7,12,7,9|7|7|7|7|4|7|9|7|7|7|7|7|9|7
53306,0,False,0,14,6,6|4|6|6|4|6|2|6|6|0|6|3|6|2|4
53334,7,False,7,2,7,7|7|7|9|9|7|7|7|7|7|7|7|7|7|7
53336,7,False,7,5,7,7|7|7|7|9|9|7|7|7|7|7|7|9|4|9
53354,4,False,4,4,4,9|4|4|4|4|4|0|4|6|4|4|9|4|4|4
53359,1,False,1,4,1,1|7|7|7|1|1|1|1|1|1|1|7|1|1|1
53368,5,False,5,4,5,1|7|5|5|5|5|5|5|5|5|5|5|7|1|5
53386,5,True,9,1,5,5|5|5|5|9|5|5|5|5|5|5|5|5|5|5
53391,4,True,1,15,1,1|1|1|1|1|1|1|1|1|1|1|7|1|1|1
53403,1,True,8,12,8,8|8|8|8|8|8|1|1|8|7|8|8|8|1|8
53445,0,True,1,14,1,0|7|1|1|1|1|1|1|1|1|1|1|1|1|1
53466,0,False,0,14,6,4|4|6|6|6|6|6|6|6|6|6|0|6|6|6
53473,5,True,9,0,5,5|5|5|5|5|5|5|5|5|5|5|5|5|5|5
53476,9,True,4,11,4,4|4|4|9|9|4|4|4|4|4|4|9|4|9|4
53484,3,True,8,12,8,3|8|8|8|8|3|8|8|8|8|3|8|8|8|8
53494,2,True,3,13,3,3|3|2|3|3|3|3|2|3|1|3|3|3|3|3
53495,0,False,0,11,6,4|4|6|2|6|0|6|4|6|0|6|0|6|6|0
53502,3,True,4,15,0,0|4|0|7|2|4|8|8|0|0|0|4|0|2|4
53535,0,False,0,8,6,0|0|0|0|0|6|0|6|6|6|6|0|6|6|6
53546,6,True,0,4,6,6|0|6|6|0|6|6|6|6|0|6|0|6|6|6
53577,4,True,6,14,8,2|8|1|8|8|2|1|2|2|5|8|2|8|4|8
53580,3,True,8,15,8,8|8|8|8|8|8|8|8|8|8|8|8|8|8|8
53619,2,True,9,15,5,9|5|5|5|9|5|5|9|5|5|5|5|5|9|5
53643,7,False,7,11,9,7|9|9|9|9|9|9|9|7|7|9|7|9|9|9
53666,5,True,9,1,5,9|5|5|5|5|5|5|5|5|5|5|5|5|5|5
53680,5,True,9,1,5,5|5|5|5|5|5|5|5|5|5|5|5|5|5|8
53691,2,False,2,14,4,9|4|4|9|4|4|2|9|0|4|4|4|4|9|4
53694,3,False,3,6,3,2|3|2|3|3|2|0|3|3|3|2|2|3|3|3
53703,3,True,5,14,-1,7|7|5|3|7|2|1|5|7|5|2|5|7|2|5
53726,8,False,8,2,8,3|8|8|8|8|8|8|8|8|8|8|8|8|8|3
53730,1,True,5,11,5,5|5|5|5|8|3|1|1|5|1|7|7|1|5|5
53772,4,True,6,14,0,2|5|2|8|4|0|2|0|6|2|8|0|0|0|8
53778,0,True,2,3,0,0|0|0|0|0|0|0|4|0|0|2|0|0|2|0
53810,1,False,1,2,1,7|7|1|1|1|1|1|1|1|1|1|1|1|1|1
53817,3,True,8,12,8,8|8|8|8|8|3|8|8|8|8|8|8|3|8|3
53819,9,True,4,10,4,9|4|4|4|4|4|4|9|6|4|9|9|4|9|4
53820,5,False,5,2,5,7|5|5|5|5|5|5|5|5|5|5|7|5|5|5
53821,5,False,5,6,5,5|5|5|5|1|5|7|5|9|7|7|5|5|1|5
53834,0,False,0,12,6,6|6|6|0|4|6|6|6|6|6|6|0|0|8|6
53835,4,True,6,2,4,4|4|4|4|4|6|2|4|4|4|4|4|4|4|4
53860,4,True,6,6,4,4|4|6|2|4|4|4|6|0|4|4|4|4|6|6
53893,0,True,1,11,1,1|0|1|1|0|4|1|1|2|0|4|0|1|2|1
53894,9,False,9,7,9,9|9|9|9|9|5|5|5|5|5|5|7|9|9|9
53912,9,False,9,15,5,5|5|5|5|5|5|5|5|5|5|5|5|5|5|5
53926,9,True,4,11,4,4|4|4|4|9|4|4|9|4|4|4|9|4|9|4
53936,5,True,4,15,4,9|9|4|4|4|4|9|2|3|4|4|4|4|9|4
53937,7,True,8,14,8,8|8|8|8|8|8|1|1|7|8|8|8|8|8|8
53974,3,False,3,3,3,3|3|2|3|3|3|3|2|3|3|3|2|3|3|3
53983,4,True,6,12,8,0|4|2|8|8|8|2|8|8|3|8|4|4|6|3
54030,4,False,4,6,4,6|4|4|9|4|4|2|9|1|4|4|4|4|9|4
54036,9,True,7,14,7,7|7|7|7|7|9|7|7|7|7|7|7|7|7|7
54038,4,True,6,11,6,6|8|6|8|4|6|4|6|6|4|6|0|6|6|4
54053,6,True,0,5,6,6|4|6|0|4|6|0|6|6|6|6|0|6|6|6
54057,7,False,7,2,7,7|7|7|7|7|7|7|7|7|7|3|7|7|7|3
54059,9,True,4,11,4,9|4|4|4|9|4|2|9|4|4|4|4|4|9|4
54078,4,False,4,15,2,0|2|3|2|2|2|1|5|3|3|1|6|7|9|1
54082,9,True,7,6,9,9|9|7|9|9|9|7|9|7|7|7|7|9|9|9
54085,3,False,3,7,3,2|3|2|3|2|6|3|2|3|3|3|2|3|2|3
54092,4,True,6,11,6,2|4|6|6|4|6|6|6|6|6|6|4|6|6|4
54104,5,True,9,1,5,7|5|5|5|5|5|5|5|5|5|5|5|5|5|5
54140,6,False,6,12,-1,1|4|6|8|4|0|1|6|0|4|2|8|6|1|3
54150,7,True,8,13,8,8|8|8|8|8|8|8|8|8|7|8|8|7|8|8
54161,4,False,4,10,2,2|6|7|4|4|4|2|2|0|4|0|2|2|2|4
54170,4,False,4,10,9,9|9|4|4|9|4|9|9|6|4|9|9|9|9|4
54199,2,True,5,14,5,2|7|5|5|9|5|8|5|7|5|7|9|7|5|5
54210,6,False,6,14,0,0|4|0|8|2|2|2|8|0|0|6|0|4|7|2
54222,0,True,2,1,0,0|0|0|0|0|0|0|0|0|0|2|0|0|0|0
54282,6,True,0,5,6,6|4|6|0|0|6|0|6|6|6|6|0|6|6|6
54300,4,False,4,3,4,4|4|4|4|4|4|4|9|0|4|4|8|4|4|4
54321,1,False,1,3,1,1|0|1|1|0|1|1|1|1|0|1|1|1|1|1
54326,5,True,8,15,8,3|8|8|8|8|8|8|8|8|8|8|8|8|8|8
54327,2,True,3,12,3,3|3|2|3|3|3|3|3|3|3|2|2|3|3|3
54354,5,False,5,15,7,7|7|7|7|1|8|7|9|7|7|7|7|7|8|8
54377,5,False,5,12,7,7|7|2|7|7|5|7|1|7|7|5|7|6|7|5
54395,6,True,0,6,6,6|4|6|6|4|6|6|1|6|6|6|0|0|6|0
54409,9,False,9,14,5,9|5|5|5|5|5|5|5|5|5|5|5|5|5|5
54412,8,True,2,13,-1,2|2|2|2|4|2|0|2|0|8|8|0|0|0|0
54414,7,False,7,1,7,7|7|7|7|7|7|7|7|7|7|7|7|7|4|7
54416,4,True,6,3,4,6|4|4|4|4|4|6|4|4|4|4|4|4|9|4
54460,1,True,3,14,6,6|2|2|3|3|6|0|8|6|6|2|0|6|6|1
54467,8,False,8,3,8,8|8|7|8|8|8|8|7|7|8|8|8|8|8|8
54488,0,True,2,5,0,0|2|2|0|4|0|0|0|0|0|2|0|0|0|2
54513,7,True,8,15,8,8|8|8|8|8|5|8|8|8|8|8|8|8|8|8
54522,5,True,9,3,5,9|5|5|5|5|5|5|5|5|5|5|5|9|9|5
54536,9,True,4,10,4,4|4|4|9|4|4|4|9|4|4|9|4|9|9|4
54559,2,True,3,13,3,6|3|6|2|3|3|6|2|3|3|3|0|6|3|3
54615,9,True,8,15,8,3|8|8|8|8|8|8|8|8|8|8|8|8|8|8
54616,5,True,9,1,5,9|5|5|5|5|5|5|5|5|5|5|5|5|5|5
54629,1,True,5,7,1,1|5|5|5|1|1|5|1|5|1|5|1|5|1|1
54634,9,True,7,10,5,5|5|7|9|9|7|7|9|5|9|5|5|5|9|5
54636,4,True,6,11,2,9|4|2|2|4|4|2|2|2|0|0|2|2|8|4
54642,4,False,4,11,3,9|3|6|3|3|4|4|2|3|4|4|3|3|9|1
54661,5,True,9,0,5,5|5|5|5|5|5|5|5|5|5|5|5|5|5|5
54688,0,True,1,12,1,1|1|1|7|0|0|1|1|1|1|1|0|1|1|1
54695,1,False,1,0,1,1|1|1|1|1|1|1|1|1|1|1|1|1|1|1
54713,2,True,3,9,3,3|2|2|3|3|3|2|2|3|3|3|2|3|2|3
54769,4,False,4,8,4,0|4|4|0|4|4|0|2|0|4|4|4|0|0|2
54808,6,True,9,15,5,2|9|2|5|5|5|5|9|7|5|5|9|9|5|5
54809,6,True,3,9,6,8|2|6|2|6|6|0|2|8|6|3|2|3|6|6
54813,9,True,8,15,8,3|5|8|8|8|1|8|8|8|0|8|7|8|8|8
54821,0,False,0,9,6,0|6|6|0|0|6|0|6|6|6|6|0|6|6|0
54826,2,False,2,10,0,2|4|2|0|0|0|0|2|0|0|0|0|0|2|2
54873,4,True,6,14,6,6|0|6|6|4|6|6|6|6|6|6|0|6|6|6
54884,2,False,2,11,0,6|0|0|0|0|0|2|2|0|0|0|0|0|2|2
54904,0,True,3,15,3,3|3|3|3|3|8|3|3|3|3|3|2|3|3|3
54906,7,False,7,12,5,5|5|5|8|5|5|5|5|7|7|7|5|9|5|5
54907,9,True,7,11,7,9|7|7|9|7|7|7|7|7|7|7|7|9|9|7
54917,9,False,9,9,5,9|5|5|5|9|9|5|5|5|5|5|5|9|9|9
54919,9,True,4,13,3,9|3|2|3|0|6|2|2|3|3|3|9|3|3|3
54922,9,True,7,12,7,7|7|7|7|9|9|7|9|7|7|7|7|7|7|7
54924,6,False,6,15,0,0|2|0|1|0|4|2|0|0|0|4|0|2|2|0
54939,0,False,0,12,6,6|6|6|0|6|6|0|6|6|6|6|0|6|6|6
54942,4,True,1,15,1,1|1|1|1|1|1|1|1|1|1|1|1|1|1|1
54946,5,True,9,1,5,5|5|5|5|5|5|5|9|5|5|5|5|5|5|5
54953,4,False,4,4,4,4|4|4|4|4|4|4|9|4|4|9|9|4|9|4
54978,5,False,5,12,7,9|7|5|7|7|1|7|5|7|7|7|7|7|1|5
54993,4,False,4,7,4,9|9|4|4|9|4|4|9|0|4|4|9|4|9|4
55005,7,True,8,15,8,1|8|8|8|8|8|8|8|8|8|8|8|8|8|8
55014,7,False,7,8,-1,9|7|9|7|9|3|9|9|7|7|7|7|9|9|7
55018,4,True,6,13,0,8|4|2|0|2|0|0|0|0|4|0|0|0|0|0
55020,9,True,7,14,7,7|7|7|7|9|7|7|7|7|7|7|7|7|7|7
55070,3,False,3,4,3,3|3|3|3|3|3|1|2|3|3|3|2|3|6|3
55079,2,True,3,11,3,3|3|2|3|3|3|2|3|3|3|3|2|3|2|3
55102,4,False,4,6,4,9|4|4|9|4|4|0|4|1|4|4|4|2|9|4
55110,4,True,1,13,1,4|4|1|1|2|1|1|1|1|6|2|2|0|0|1
55122,6,True,2,13,4,5|4|2|2|4|6|2|4|0|6|4|7|4|4|8
55123,5,True,9,2,5,5|9|5|5|5|5|5|5|5|5|5|7|5|5|5
55126,4,True,6,13,-1,4|2|6|8|4|8|3|9|3|3|6|7|8|8|3
55150,6,True,0,4,6,6|0|6|6|0|6|6|6|6|6|6|0|0|6|6
55169,9,True,4,13,4,6|4|4|4|4|4|9|9|6|4|2|4|4|6|4
55228,5,True,9,1,5,5|5|5|5|5|5|5|5|5|5|5|5|5|9|5
55239,0,False,0,15,3,8|2|3|3|3|2|3|6|3|3|3|2|3|3|3
55279,2,True,3,10,3,3|3|2|2|2|3|6|3|3|3|2|3|3|2|3
55287,0,True,2,4,0,0|0|0|0|0|2|0|0|1|0|0|0|0|2|2
55304,3,True,8,12,8,3|8|8|8|8|3|8|5|8|3|8|8|8|8|8
55316,0,False,0,14,6,6|6|8|3|6|6|3|6|6|6|6|0|6|6|6
55347,3,True,2,13,4,4|0|2|4|4|4|2|4|3|6|4|0|2|2|3
55352,4,False,4,1,4,4|4|4|4|4|4|4|4|4|4|4|4|4|6|4
55370,6,True,0,14,0,0|7|7|3|2|0|6|3|7|0|7|2|0|2|0
55379,0,True,2,9,0,4|6|2|2|2|4|2|4|0|0|4|0|0|0|0
55383,1,True,5,14,7,7|7|5|7|5|8|8|7|5|5|5|7|7|1|7
55394,1,True,0,15,-1,8|0|7|8|2|0|6|2|7|5|5|4|2|0|7
55402,0,True,2,6,0,6|2|0|0|2|4|0|0|0|0|0|0|4|0|8
55434,9,False,9,13,5,2|5|5|5|5|5|5|5|5|5|5|9|5|9|5
55439,1,False,1,0,1,1|1|1|1|1|1|1|1|1|1|1|1|1|1|1
55443,0,False,0,11,6,6|6|6|0|0|6|6|6|6|6|6|0|6|6|0
55450,6,True,0,9,0,0|0|6|0|0|6|0|0|6|0|6|0|6|0|6
55465,0,True,2,11,4,4|4|0|4|4|9|9|4|0|0|0|4|9|2|4
55474,2,False,2,14,-1,6|0|1|6|0|4|2|6|6|8|3|0|0|8|8
55496,2,False,2,7,2,8|2|2|2|4|2|2|2|4|0|2|2|6|6|8
55508,2,False,2,13,8,0|0|4|3|8|2|8|5|8|6|8|8|3|8|2
55512,6,True,0,6,6,6|6|2|3|6|6|6|6|3|3|6|2|6|2|6
55514,8,False,8,3,8,3|3|8|8|8|8|8|8|8|8|8|8|8|8|3
55537,6,True,9,15,5,5|5|5|5|5|5|5|5|5|5|5|5|5|5|5
55590,9,True,4,11,4,9|4|4|4|4|4|4|4|0|4|9|9|4|9|4
55607,1,True,7,15,7,7|7|7|7|9|7|7|7|7|7|7|7|7|7|7
55613,6,True,0,5,6,6|6|6|0|0|6|6|6|6|0|6|0|6|0|6
55617,0,False,0,10,6,6|4|6|6|0|6|0|6|6|0|6|0|6|6|0
55618,7,False,7,7,7,2|7|7|5|7|2|1|5|7|7|5|7|7|7|2
55626,6,True,0,5,6,0|6|6|0|0|3|6|6|6|6|6|0|6|6|6
55646,8,False,8,1,8,8|8|8|8|8|8|8|8|3|8|8|8|8|8|8
55647,1,False,1,7,1,1|7|2|1|3|0|1|1|1|1|3|1|3|0|1
55652,6,False,6,15,4,4|4|4|4|4|4|4|4|0|4|4|4|4|4|0
55663,6,True,0,5,6,0|6|6|6|0|0|6|6|6|0|6|0|6|6|6
55689,3,True,8,15,8,8|8|8|8|8|8|8|8|8|8|8|8|8|8|8
55710,7,False,7,7,7,5|7|7|5|7|7|1|7|7|5|5|7|7|1|1
55769,6,True,3,15,3,2|3|2|3|3|3|3|2|3|3|3|2|3|3|3
55780,8,False,8,4,8,7|8|8|7|8|8|8|8|8|7|8|7|8|8|8
55795,3,False,3,6,3,3|3|3|3|3|6|3|6|6|6|3|3|3|2|6
55811,7,True,1,15,1,1|1|1|1|1|1|1|1|1|1|1|1|1|1|1
55816,8,False,8,2,8,8|3|8|8|8|3|8|8|8|8|8|8|8|8|8
55818,6,True,3,14,3,3|3|2|3|3|3|6|2|3|3|3|2|3|3|3
55869,3,False,3,9,3,2|0|5|3|2|3|7|3|7|3|2|2|3|3|1
55870,6,True,0,8,0,6|0|6|0|0|6|0|6|6|0|6|0|0|0|6
55885,6,True,0,5,6,6|0|6|6|0|6|0|6|6|0|6|0|6|6|6
55898,1,True,5,14,5,7|5|5|5|5|5|7|5|5|1|3|5|5|5|5
55909,6,True,0,6,6,6|6|6|0|0|6|0|6|6|0|6|0|6|0|6
55924,3,True,8,15,8,8|8|8|8|2|8|4|0|8|8|4|8|0|8|8
55953,3,True,8,14,8,8|8|8|8|8|8|8|8|8|8|8|8|8|3|8
55965,4,False,4,2,4,4|4|4|4|4|4|4|4|4|4|4|9|4|9|4
55966,3,True,8,11,8,8|8|8|3|8|3|8|8|8|3|8|7|8|3|8
55968,1,True,3,13,6,6|4|2|1|0|6|6|1|3|6|3|0|5|8|6
55974,9,True,7,13,7,7|7|7|7|9|7|7|7|7|7|7|7|7|9|7
55996,0,False,0,12,6,6|6|6|0|0|6|6|6|6|6|6|0|6|6|6
56002,0,False,0,11,6,0|6|6|0|0|6|6|6|6|0|6|6|6|6|6
56004,6,True,0,11,3,6|0|6|3|3|3|0|1|3|1|3|0|6|6|0
56015,4,True,1,11,0,0|0|0|4|4|0|0|4|2|4|0|0|0|0|0
56020,8,False,8,2,8,8|8|3|8|8|8|8|8|8|3|8|8|8|8|8
56032,0,True,2,5,0,0|4|0|0|4|4|0|4|0|0|0|0|0|0|4
56038,4,True,6,2,4,4|4|4|4|4|4|2|4|6|4|4|4|4|4|4
56044,6,False,6,14,4,4|4|4|2|4|4|4|4|4|4|4|4|6|4|4
56067,5,False,5,8,5,3|5|5|5|3|3|1|5|5|3|2|2|5|5|1
56068,3,True,8,15,8,8|8|8|8|8|8|8|8|8|8|8|8|8|8|8
56091,0,True,1,10,-1,1|3|1|0|2|0|0|1|8|3|2|0|1|0|1
56092,4,False,4,9,4,9|2|4|2|4|4|4|9|6|4|9|9|9|6|4
56103,5,True,9,0,5,5|5|5|5|5|5|5|5|5|5|5|5|5|5|5
56110,1,False,1,6,1,1|7|1|0|1|1|1|1|0|0|1|0|1|7|1
56117,3,True,8,14,8,8|8|8|8|3|8|8|8|8|8|8|8|8|8|8
56130,7,True,1,9,1,1|7|7|1|1|1|1|1|1|1|7|7|1|7|7
56164,0,True,1,13,1,8|1|2|0|2|1|1|0|1|1|2|1|1|1|3
56178,1,False,1,0,1,1|1|1|1|1|1|1|1|1|1|1|1|1|1|1
56180,8,False,8,3,8,3|8|8|8|3|8|8|8|8|8|8|8|8|3|8
56196,2,True,5,15,7,7|8|5|5|5|5|7|5|7|3|7|8|3|7|7
56201,0,True,1,11,1,0|0|1|1|0|1|1|1|1|1|1|1|1|0|1
56215,0,True,4,15,4,4|5|4|4|4|4|1|4|3|6|4|4|2|6|6
56236,7,True,1,12,1,7|1|1|7|1|1|1|1|1|1|1|7|1|1|1
56262,6,False,6,14,4,4|4|4|2|4|4|4|2|4|4|4|4|6|5|4
56264,0,True,2,4,0,0|0|4|0|4|0|0|4|0|0|4|0|0|0|0
56290,9,False,9,15,5,5|5|5|5|5|5|5|5|5|5|5|5|5|5|5
56303,2,False,2,15,6,6|4|6|0|6|4|0|6|6|6|6|0|6|0|6
56337,2,True,9,14,9,7|9|9|5|9|9|9|7|7|5|2|7|9|9|9
56344,1,False,1,3,1,7|7|1|7|1|1|1|1|1|1|1|1|1|1|1
56361,8,True,2,13,0,0|0|0|0|4|4|0|2|0|0|8|0|2|0|8
56364,4,False,4,7,4,6|4|4|0|9|4|9|9|9|4|4|4|4|2|4
56373,0,True,2,6,0,0|4|4|0|0|4|0|2|0|0|9|0|0|0|2
56376,8,True,3,15,3,2|3|2|2|3|3|3|2|3|3|3|0|3|2|3
56406,0,True,2,0,0,0|0|0|0|0|0|0|0|0|0|0|0|0|0|0
56412,3,False,3,8,2,2|3|2|2|3|3|2|2|3|3|3|2|2|2|3
56417,8,True,3,15,3,3|3|3|3|3|2|1|1|3|6|2|1|3|3|3
56420,7,True,5,14,5,1|5|5|5|1|5|5|5|5|7|5|5|5|1|5
56427,6,True,3,14,3,2|3|1|3|3|1|6|3|3|1|3|2|3|2|3
56433,6,False,6,15,4,9|9|4|3|4|4|4|5|3|4|4|2|4|9|3
56453,5,False,5,3,5,2|5|5|5|5|5|5|5|5|5|5|5|1|5|3
56490,6,True,0,7,6,6|0|0|0|0|6|6|6|6|0|6|0|0|6|6
56506,4,True,6,0,4,4|4|4|4|4|4|4|4|4|4|4|4|4|4|4
56519,9,True,8,15,8,8|8|3|8|8|8|8|8|8|8|8|8|8|8|8
56523,0,True,2,1,0,2|0|0|0|0|0|0|0|0|0|0|0|0|0|0
56528,9,False,9,9,5,9|9|9|5|9|9|5|5|5|5|5|2|9|2|5
56538,4,True,6,1,4,9|4|4|4|4|4|4|4|4|4|4|4|4|4|4
56541,2,True,5,15,5,5|5|1|5|5|5|5|5|5|5|5|5|5|5|5
56579,6,True,0,7,6,6|3|6|8|4|6|1|6|6|3|6|8|6|4|6
56595,6,True,0,6,6,6|6|6|0|6|0|0|0|6|0|6|0|6|6|6
56617,3,False,3,6,3,2|3|2|3|3|3|2|3|3|3|3|2|2|2|3
56630,3,True,5,12,5,3|5|5|5|1|5|5|3|5|1|7|5|5|3|1
56657,7,False,7,6,7,7|7|7|7|9|9|7|9|5|7|7|7|7|9|9
56684,4,False,4,13,6,2|2|6|4|3|6|8|6|2|6|4|0|6|6|1
56685,6,True,3,11,3,6|2|3|2|2|6|6|2|3|3|3|3|3|3|6
56703,6,False,6,12,4,7|4|6|4|4|4|4|4|6|4|6|4|4|4|4
56709,1,False,1,8,1,1|0|6|0|0|1|1|1|0|0|1|7|0|1|1
56723,6,True,1,15,1,7|7|1|1|1|1|1|1|1|1|1|1|1|1|1
56728,9,False,9,15,5,5|5|5|5|5|5|5|5|5|5|5|5|5|5|5
56745,3,True,8,15,8,8|8|8|8|8|8|8|8|8|5|8|8|8|8|8
56790,2,True,5,15,5,4|5|5|5|5|1|5|5|5|5|5|5|5|1|5
56794,7,True,8,15,8,8|8|8|8|8|8|8|8|8|8|8|8|8|8|8
56811,4,True,6,2,4,4|4|4|4|4|4|4|4|6|4|3|4|4|4|4
56844,0,False,0,10,6,0|0|6|6|4|6|6|6|6|0|0|0|6|6|6
56847,0,True,2,6,0,0|0|2|0|0|2|0|2|0|0|2|2|0|0|2
56857,4,False,4,14,3,6|4|3|2|3|6|3|5|3|6|3|2|3|3|3
56971,2,False,2,15,0,0|0|0|0|0|0|0|0|0|0|0|0|0|0|4
56987,5,True,9,0,5,5|5|5|5|5|5|5|5|5|5|5|5|5|5|5
56991,8,False,8,2,8,8|8|8|8|8|9|8|8|8|8|8|8|8|3|8
57009,6,False,6,15,4,8|4|0|8|4|4|4|4|8|4|4|0|0|0|4
57022,0,True,1,15,1,1|7|1|7|1|1|1|7|1|1|1|1|1|1|1
57030,6,False,6,5,6,6|4|6|4|4|6|6|6|6|6|4|6|6|6|4
57033,0,True,1,15,3,3|2|6|3|3|3|3|2|3|3|3|3|6|2|3
57044,4,True,7,14,7,7|7|7|7|7|7|7|7|7|7|3|7|4|7|7
57057,6,True,0,3,6,6|6|6|0|6|6|6|0|6|6|6|0|6|6|6
57058,2,False,2,15,4,0|4|4|4|4|4|4|9|6|4|4|4|4|9|4
57070,6,True,2,15,4,4|2|9|9|4|9|4|4|4|4|4|9|4|4|4
57078,3,True,5,15,5,2|7|5|9|5|5|8|8|5|7|2|7|7|5|5
57085,9,True,8,15,8,3|8|3|8|8|3|8|8|8|5|3|8|8|8|3
57090,9,True,7,14,7,7|7|7|7|7|3|7|7|7|7|7|7|7|9|7
57093,9,True,4,11,4,9|4|4|4|9|4|4|5|6|4|4|9|4|9|4
57098,4,True,6,15,-1,6|0|2|0|6|6|6|0|6|0|0|0|6|0|6
57107,7,False,7,5,7,2|7|7|7|7|7|7|1|5|7|7|7|5|7|9
57123,6,False,6,14,4,4|4|4|4|4|4|4|4|4|4|4|4|4|6|4
57127,7,True,1,11,1,1|7|1|7|1|1|1|7|1|1|1|7|1|1|1
57132,0,False,0,10,0,2|5|1|3|2|0|4|2|1|0|7|4|0|0|0
57136,1,False,1,4,1,1|0|1|0|0|1|0|1|1|1|1|1|1|1|1
57155,2,True,3,11,3,2|3|2|3|3|3|6|2|2|0|3|3|3|6|3
57164,7,True,5,10,5,7|5|5|5|7|7|5|5|7|5|5|1|7|5|3
57197,4,False,4,9,9,9|4|4|9|9|4|4|9|9|4|9|9|9|9|4
57202,3,True,2,15,-1,2|4|2|2|2|4|0|0|0|2|0|4|0|0|2
57203,2,True,5,14,7,7|3|9|9|1|5|7|9|7|5|7|2|7|7|5
57204,0,True,1,15,3,2|3|3|3|3|3|3|6|6|3|6|3|6|3|6
57215,8,False,8,6,8,8|8|1|8|1|1|1|8|8|8|1|8|8|1|8
57226,1,False,1,1,1,1|1|1|1|1|1|1|1|1|1|1|1|1|0|1
57246,1,True,5,11,5,7|5|1|5|1|1|5|5|5|7|5|7|5|1|5
57261,8,False,8,7,8,7|8|5|8|8|3|8|8|7|7|8|5|8|6|8
57270,3,True,8,12,8,8|8|8|8|8|8|8|3|8|8|3|8|8|3|8
57279,2,True,5,15,5,5|5|5|5|1|5|5|5|7|5|5|5|5|5|5
57299,0,False,0,9,6,0|6|6|0|0|6|0|6|6|0|6|0|6|6|6
57303,7,False,7,3,7,7|7|7|7|9|7|7|4|7|7|7|7|7|9|7
57309,3,False,3,6,3,2|3|2|3|3|3|3|3|3|6|2|2|2|3|3
57328,8,False,8,1,8,8|8|8|8|8|8|8|5|8|8|8|8|8|8|8
57334,5,True,8,15,8,8|8|8|8|8|8|8|8|8|8|8|8|8|8|8
57339,5,False,5,6,5,2|7|2|5|7|5|7|5|5|5|5|7|5|5|5
57347,5,True,9,1,5,5|5|5|5|5|5|5|9|5|5|5|5|5|5|5
57359,8,False,8,0,8,8|8|8|8|8|8|8|8|8|8|8|8|8|8|8
57395,2,True,3,11,3,3|3|3|2|3|1|1|2|3|3|3|2|3|2|3
57396,9,True,4,12,4,9|4|4|4|9|0|4|4|4|4|4|4|4|9|4
57413,3,False,3,7,3,2|3|2|3|3|2|0|2|3|3|3|3|2|2|3
57418,6,True,0,6,6,0|6|6|6|6|6|0|0|0|0|6|0|6|6|6
57436,6,False,6,12,-1,6|8|3|1|8|3|7|4|3|8|3|0|6|6|8
57437,7,True,1,15,1,1|1|1|1|1|1|0|1|1|1|1|1|1|1|1
57474,7,True,1,12,1,7|7|1|1|1|1|1|1|1|1|1|7|1|1|1
57478,3,True,7,14,7,7|7|9|7|3|1|5|1|5|7|5|7|7|9|7
57490,7,True,8,14,8,7|8|8|8|8|8|8|8|8|8|8|8|8|4|8
57492,4,True,6,14,0,8|3|0|2|0|2|0|0|0|0|6|8|2|2|4
57510,0,True,1,13,1,1|0|1|1|0|1|1|1|1|1|1|1|1|1|1
57535,3,False,3,6,3,6|3|3|3|3|6|3|2|3|3|3|0|6|6|3
57547,2,True,5,12,5,2|5|5|5|2|5|5|5|2|5|5|5|5|5|5
57551,4,True,6,14,0,6|0|0|0|2|4|2|1|0|0|0|0|0|0|0
57561,9,False,9,14,5,5|5|5|5|9|5|5|5|5|5|5|5|5|5|5
57567,0,False,0,9,6,6|6|6|0|6|6|0|0|6|0|6|0|6|0|6
57589,2,True,3,10,3,2|3|6|2|2|6|6|3|3|3|3|2|3|2|3
57604,0,True,2,3,0,0|0|2|0|0|0|0|0|0|0|0|0|0|2|2
57616,4,False,4,3,4,4|9|4|4|4|4|4|4|2|4|4|4|4|9|4
57654,4,False,4,3,4,7|4|4|4|4|4|4|4|4|4|2|4|2|4|4
57655,1,False,1,4,1,1|4|1|1|1|4|1|1|3|1|1|1|4|1|1
57677,5,False,5,2,5,5|5|7|5|5|5|5|5|5|5|5|7|5|5|5
57717,2,True,5,14,5,7|5|2|5|5|5|5|5|5|5|5|7|5|5|5
57744,7,False,7,6,7,9|7|9|7|9|7|7|9|7|7|7|7|3|2|7
57767,0,True,1,15,1,1|7|1|7|1|1|7|7|1|1|1|1|1|1|1
57808,5,True,9,3,5,9|5|5|9|5|5|5|5|5|5|5|5|5|9|5
57814,8,False,8,5,8,3|8|8|7|8|3|8|8|8|8|8|8|9|3|8
57816,5,True,9,1,5,9|5|5|5|5|5|5|5|5|5|5|5|5|5|5
57821,0,False,0,6,0,0|0|0|7|0|0|0|2|0|0|6|7|0|6|6
57841,3,True,7,15,7,7|7|7|7|7|7|7|9|7|7|7|7|7|7|7
57843,1,False,1,4,1,7|7|1|1|1|1|1|1|1|1|1|7|7|1|1
57845,9,True,4,7,9,9|4|4|9|9|4|9|5|9|4|9|9|4|9|4
57878,1,False,1,4,1,7|7|1|7|1|1|1|1|1|1|1|7|1|1|1
57894,2,False,2,7,2,2|2|2|2|4|0|2|2|2|9|0|0|4|8|2
57918,6,False,6,15,4,9|4|4|0|9|4|0|4|0|0|4|4|0|0|4
57927,4,True,1,15,1,1|0|1|1|1|1|0|1|1|1|1|1|1|1|1
57964,9,True,8,15,8,8|8|8|8|8|8|8|8|8|8|8|8|8|8|8
57974,3,False,3,2,3,3|3|3|3|3|3|6|3|3|3|3|2|3|3|3
57983,2,False,2,11,0,2|0|0|2|0|0|0|0|0|0|2|0|0|0|2
58133,4,True,6,14,6,6|4|6|6|6|6|6|6|6|6|6|6|6|6|6
58140,0,False,0,9,6,6|6|6|0|0|6|0|6|6|6|6|0|0|0|6
58141,3,False,3,2,3,3|3|2|3|3|3|3|3|3|3|3|3|3|2|3
58144,6,True,0,7,6,0|6|6|0|0|0|0|6|6|0|6|0|6|6|6
58152,0,False,0,9,4,6|4|4|0|4|4|0|4|0|4|0|0|0|6|4
58188,5,False,5,9,7,5|7|7|5|1|1|5|7|7|7|5|7|7|5|5
58215,9,True,4,8,4,9|4|4|9|9|4|9|4|9|4|4|9|4|9|4
58217,0,False,0,8,6,0|0|6|0|0|6|0|6|6|0|6|0|6|6|6
58222,8,False,8,2,8,8|8|3|8|8|3|8|8|8|8|8|8|8|8|8
58232,6,True,7,15,7,7|7|7|7|7|3|7|7|7|7|7|7|7|9|7
58239,0,True,1,12,1,0|8|1|0|1|1|0|3|1|1|1|1|1|1|1
58248,4,True,6,12,-1,4|4|8|3|2|6|1|3|1|6|3|8|4|6|0
58253,0,False,0,11,6,0|6|6|6|0|6|6|6|6|6|6|0|0|6|6
58266,6,True,0,6,6,0|6|6|0|0|6|6|6|6|0|6|0|0|6|6
58296,1,False,1,5,1,7|7|1|1|1|1|7|7|1|1|1|1|1|7|1
58300,3,True,8,7,3,3|8|3|8|3|8|5|8|8|3|3|8|3|3|3
58315,7,True,8,11,8,8|8|8|8|8|8|8|7|7|7|7|8|8|8|8
58322,6,False,6,14,4,4|4|4|4|4|4|4|4|4|4|4|4|4|6|4
58331,6,False,6,14,4,4|4|4|4|4|4|4|4|6|4|4|4|4|4|4
58350,2,True,5,15,5,5|5|0|7|5|5|5|7|5|7|5|5|5|5|5
58362,1,False,1,11,0,7|0|1|1|0|0|1|4|0|0|3|8|0|2|1
58381,9,True,4,13,4,4|4|4|4|9|4|4|4|4|4|4|4|4|9|4
58391,2,True,9,10,5,2|5|2|5|5|2|5|5|9|5|5|9|2|2|5
58397,5,True,9,2,5,5|5|5|5|9|5|5|9|5|5|5|5|5|5|5
58400,5,False,5,8,5,7|3|9|5|9|1|5|5|5|5|7|5|7|1|5
58438,4,True,6,3,4,4|4|6|4|4|0|4|4|2|4|4|4|4|4|4
58453,7,False,7,6,7,9|7|7|9|9|2|7|7|7|7|7|7|9|9|7
58459,2,True,5,14,5,5|4|3|5|5|4|5|5|5|5|8|1|7|2|5
58462,8,False,8,3,8,3|8|8|8|3|3|8|8|8|8|8|8|8|8|8
58479,9,True,4,11,4,4|4|9|4|9|4|4|9|9|4|4|4|4|4|4
58516,5,False,5,5,5,1|5|5|5|5|1|5|1|5|5|5|1|5|5|1
58536,4,True,6,3,4,4|4|4|4|4|4|4|4|6|4|6|4|4|6|4
58544,5,True,9,0,5,5|5|5|5|5|5|5|5|5|5|5|5|5|5|5
58546,1,True,5,13,7,2|7|9|5|1|5|1|7|7|7|5|7|7|5|3
58564,8,False,8,0,8,8|8|8|8|8|8|8|8|8|8|8|8|8|8|8
58574,3,True,2,15,0,4|0|6|8|0|0|0|8|0|0|8|0|0|2|8
58597,5,True,9,0,5,5|5|5|5|5|5|5|5|5|5|5|5|5|5|5
58598,4,True,6,6,4,4|4|0|0|4|4|0|1|0|4|4|4|4|2|4
58627,6,False,6,15,4,4|4|4|4|4|4|4|4|8|4|4|4|4|4|4
58629,5,True,9,0,5,5|5|5|5|5|5|5|5|5|5|5|5|5|5|5
58664,9,True,7,10,7,9|7|7|7|9|7|7|9|7|7|9|7|7|9|7
58680,8,True,1,15,1,1|1|1|0|1|1|1|1|1|1|1|1|1|1|1
58683,3,True,2,15,8,9|8|2|8|0|4|8|6|2|4|1|8|0|6|4
58688,1,False,1,0,1,1|1|1|1|1|1|1|1|1|1|1|1|1|1|1
58711,6,False,6,5,6,6|4|6|4|4|6|6|6|6|6|6|4|6|6|0
58721,8,False,8,6,8,8|3|3|8|8|3|8|3|8|3|3|8|8|8|8
58735,6,True,0,5,6,0|6|6|6|0|6|0|6|6|6|6|0|0|6|6
58738,1,True,5,10,5,1|5|5|5|3|5|1|5|5|5|1|1|5|1|5
58786,5,True,8,15,8,8|8|8|8|8|1|8|8|8|8|8|8|8|8|8
58815,5,True,9,6,5,2|9|5|5|9|5|5|9|5|5|5|5|9|9|5
58820,1,True,5,7,1,1|5|5|5|5|1|1|1|7|1|5|5|1|1|1
58837,6,True,0,9,0,0|0|6|6|0|6|0|0|6|0|0|0|6|0|6
58855,9,False,9,15,5,5|5|5|5|5|5|5|5|5|5|5|5|5|5|5
58866,7,True,5,14,5,3|5|5|5|3|5|1|5|5|7|5|5|5|5|3
58869,8,False,8,1,8,3|8|8|8|8|8|8|8|8|8|8|8|8|8|8
58899,2,False,2,13,0,2|5|0|0|2|0|0|7|0|0|0|0|0|0|0
58909,6,True,0,11,6,7|6|2|8|4|6|0|1|6|1|6|2|3|0|0
58940,2,True,3,9,3,2|2|2|3|3|3|3|2|6|6|3|2|3|2|3
58970,0,False,0,10,6,6|0|6|6|6|6|6|0|6|6|6|0|0|6|0
58976,8,False,8,2,8,8|8|8|8|8|8|8|1|8|1|8|8|8|8|8
58979,3,True,5,15,5,2|5|5|5|1|1|5|5|5|5|5|7|5|5|1
58997,9,True,8,15,8,3|8|8|8|8|3|8|8|8|8|8|8|8|8|8
59004,7,False,7,4,7,7|7|9|7|4|4|7|7|7|7|7|7|7|4|7
59016,3,True,5,15,5,5|5|5|5|7|5|1|1|5|5|5|7|5|5|5
59029,2,True,7,14,7,7|7|7|7|9|7|7|9|7|7|7|7|7|2|7
59032,9,True,8,15,8,8|3|8|8|8|3|8|8|8|8|8|8|8|8|8
59036,6,False,6,3,6,6|4|6|6|4|6|6|6|6|6|6|6|6|6|4
59057,3,True,8,12,8,8|8|8|3|8|8|8|3|8|8|3|8|8|8|8
59061,4,True,6,6,4,6|4|4|4|2|4|4|2|6|4|4|2|4|9|4
59074,4,True,6,13,6,6|4|6|6|6|6|0|6|6|6|6|4|6|6|6
59078,6,True,3,13,3,3|3|3|3|3|3|6|3|3|3|6|3|3|3|3
59090,5,False,5,5,5,5|5|2|8|5|5|5|5|7|5|5|5|5|2|4
59106,4,False,4,8,9,9|4|9|9|9|4|9|9|9|4|4|4|4|9|4
59194,2,False,2,3,2,2|2|2|2|2|2|2|2|3|0|0|2|2|2|2
59218,5,True,9,0,5,5|5|5|5|5|5|5|5|5|5|5|5|5|5|5
59219,5,True,9,0,5,5|5|5|5|5|5|5|5|5|5|5|5|5|5|5
59262,6,True,0,9,6,4|6|2|6|4|4|0|0|6|6|4|0|6|2|6
59270,4,True,6,2,4,4|4|4|4|4|4|4|4|6|4|4|4|4|6|4
59271,9,True,7,13,7,7|7|7|7|9|7|7|7|7|7|7|7|7|9|7
59286,3,False,3,2,3,3|3|3|3|3|3|2|3|3|8|3|3|3|3|3
59297,9,True,4,13,4,4|4|4|4|9|4|4|9|0|0|4|4|4|0|4
59324,3,False,3,14,0,8|4|2|1|0|0|2|0|0|6|3|0|6|6|6
59325,4,True,1,15,1,1|1|1|1|1|1|1|7|1|0|1|1|1|1|1
59335,5,True,9,2,5,9|5|5|5|5|5|5|5|5|5|5|5|5|9|5
59391,7,True,8,11,8,7|8|8|8|8|8|8|7|7|8|8|7|8|8|8
59398,5,False,5,3,5,5|5|1|5|5|5|5|5|5|5|5|8|0|5|5
59423,8,False,8,1,8,8|8|8|8|8|3|8|8|8|8|8|8|8|8|8
59427,9,True,4,11,4,1|4|0|9|4|9|4|4|9|4|4|4|4|9|4
59428,0,True,1,14,1,1|0|1|1|1|1|1|1|1|1|1|1|1|1|1
59490,0,False,0,13,-1,6|6|2|3|4|4|2|2|3|0|3|0|6|2|6
59520,5,True,4,14,4,4|8|4|8|4|4|4|5|2|6|4|4|6|4|4
59524,0,False,0,8,-1,6|0|0|3|6|0|0|0|6|0|6|0|6|6|6
59563,6,True,9,15,9,2|9|7|9|9|2|9|9|7|7|5|9|9|9|9
59568,6,True,0,6,6,6|8|2|8|6|3|6|6|6|6|6|4|6|8|6
59588,3,False,3,8,3,6|7|2|0|3|7|3|3|3|1|3|2|6|3|3
59592,6,True,0,4,6,6|6|6|6|0|6|0|6|6|6|6|0|6|0|6
59599,7,True,1,11,1,7|7|1|7|1|1|1|1|1|1|1|7|1|1|1
59614,3,False,3,6,3,3|3|3|3|3|3|1|6|3|8|8|1|3|2|3
59631,2,True,9,15,5,9|5|5|5|9|5|5|5|5|5|5|5|5|9|5
59653,9,False,9,14,5,7|5|5|5|5|5|5|5|5|5|5|5|5|5|9
59681,2,False,2,14,6,6|4|6|6|4|4|1|6|6|4|6|4|6|2|6
59692,0,False,0,14,6,6|2|6|6|6|6|0|4|6|6|4|4|6|2|6
59708,7,True,1,11,1,7|7|7|1|1|1|1|1|1|1|1|7|1|1|1
59739,8,False,8,2,8,3|8|8|8|8|8|8|3|8|8|8|8|8|8|8
59763,6,True,9,15,7,7|7|1|2|7|7|9|9|7|7|7|7|7|0|7
59773,9,False,9,13,5,9|5|5|5|5|5|5|5|5|5|5|5|5|9|5
59776,9,False,9,13,5,5|5|5|5|9|5|5|5|5|5|5|5|9|5|5
59783,7,True,5,11,5,7|7|2|5|5|5|7|5|5|5|5|7|5|5|5
59794,9,False,9,13,5,9|5|5|5|5|5|5|9|5|5|5|5|5|5|5
59822,3,True,7,12,7,7|7|7|7|7|3|7|7|7|7|3|7|7|4|3
59855,3,True,2,15,4,8|4|0|2|4|4|0|4|6|4|4|2|4|2|2
59859,9,True,4,13,4,4|9|4|4|4|4|4|5|3|4|6|4|4|9|4
59866,0,True,2,1,0,2|0|0|0|0|0|0|0|0|0|0|0|0|0|0
59867,7,False,7,4,7,7|7|7|7|7|9|7|9|7|7|7|7|9|9|7
59877,5,False,5,5,5,7|7|7|5|5|5|5|5|5|7|5|7|5|5|5
59879,8,True,4,15,4,4|9|4|4|4|4|4|5|4|4|4|4|4|9|4
59883,3,True,2,14,4,2|4|2|2|4|8|4|4|4|4|3|2|4|2|0
59890,9,True,4,11,4,9|4|4|4|9|4|4|9|6|4|4|4|4|9|4
59960,3,False,3,10,-1,3|2|2|3|3|1|1|1|3|6|3|2|1|2|1
59962,8,False,8,2,8,3|8|8|8|8|3|8|8|8|8|8|8|8|8|8
59978,5,True,9,2,5,9|5|5|5|9|5|5|5|5|5|5|5|5|5|5
