index,noisy_label,is_noisy,real_label,mistakes,label_pred,preds
7,7,False,7,0,7,7|7|7|7|7|7|7|7|7|7
29,0,False,0,3,0,6|0|0|8|0|0|0|0|0|8
30,0,False,0,1,0,6|0|0|0|0|0|0|0|0|0
43,7,False,7,0,7,7|7|7|7|7|7|7|7|7|7
46,1,False,1,4,1,2|1|1|2|1|1|5|1|1|5
49,0,False,0,1,0,0|0|0|0|0|3|0|0|0|0
52,7,False,7,1,7,7|7|7|7|7|7|7|4|7|7
74,3,False,3,8,2,2|2|5|2|2|3|4|3|2|2
83,5,False,5,6,2,5|5|2|2|5|2|5|2|2|2
92,8,False,8,3,8,8|8|8|4|8|8|8|4|4|8
120,9,True,2,10,2,2|2|2|2|2|2|2|2|2|2
128,1,True,5,8,3,5|5|3|3|3|3|3|1|3|1
133,7,False,7,0,7,7|7|7|7|7|7|7|7|7|7
152,7,False,7,0,7,7|7|7|7|7|7|7|7|7|7
156,5,False,5,4,5,5|5|3|3|5|5|5|1|3|5
163,7,False,7,0,7,7|7|7|7|7|7|7|7|7|7
171,2,False,2,0,2,2|2|2|2|2|2|2|2|2|2
172,7,False,7,0,7,7|7|7|7|7|7|7|7|7|7
178,7,False,7,0,7,7|7|7|7|7|7|7|7|7|7
208,5,True,9,10,9,9|9|9|9|9|9|9|9|9|9
221,8,False,8,0,8,8|8|8|8|8|8|8|8|8|8
222,8,False,8,0,8,8|8|8|8|8|8|8|8|8|8
252,8,False,8,0,8,8|8|8|8|8|8|8|8|8|8
270,9,False,9,0,9,9|9|9|9|9|9|9|9|9|9
277,2,True,5,10,3,3|3|3|3|3|3|3|3|3|3
279,0,False,0,0,0,0|0|0|0|0|0|0|0|0|0
285,5,False,5,5,5,3|5|3|5|5|5|3|4|5|3
289,7,False,7,0,7,7|7|7|7|7|7|7|7|7|7
340,9,False,9,0,9,9|9|9|9|9|9|9|9|9|9
353,1,True,8,10,8,8|8|8|8|8|8|8|8|8|8
370,3,False,3,7,2,5|5|3|2|2|3|4|2|3|2
378,4,False,4,1,4,5|4|4|4|4|4|4|4|4|4
389,1,False,1,1,1,1|1|1|1|1|1|5|1|1|1
394,7,False,7,0,7,7|7|7|7|7|7|7|7|7|7
404,0,False,0,0,0,0|0|0|0|0|0|0|0|0|0
430,1,True,8,10,8,8|8|8|8|8|8|8|8|8|8
442,8,False,8,0,8,8|8|8|8|8|8|8|8|8|8
449,4,False,4,0,4,4|4|4|4|4|4|4|4|4|4
455,0,False,0,2,0,0|0|0|2|0|0|0|0|2|0
456,1,True,8,10,8,8|8|8|8|8|8|8|8|8|8
478,7,False,7,9,5,5|5|5|5|5|7|5|3|5|3
483,2,False,2,4,2,6|2|2|6|2|2|4|6|2|2
489,4,False,4,0,4,4|4|4|4|4|4|4|4|4|4
499,7,False,7,3,7,7|7|7|0|7|7|7|7|0|0
510,2,False,2,0,2,2|2|2|2|2|2|2|2|2|2
526,4,False,4,4,4,2|4|2|4|7|4|7|4|4|4
528,4,False,4,0,4,4|4|4|4|4|4|4|4|4|4
529,6,False,6,0,6,6|6|6|6|6|6|6|6|6|6
531,7,False,7,0,7,7|7|7|7|7|7|7|7|7|7
538,2,False,2,0,2,2|2|2|2|2|2|2|2|2|2
545,3,True,7,9,7,3|7|7|7|7|4|7|7|7|7
557,0,False,0,1,0,6|0|0|0|0|0|0|0|0|0
567,8,False,8,0,8,8|8|8|8|8|8|8|8|8|8
592,1,True,8,10,8,8|8|8|8|8|8|8|8|8|8
608,0,False,0,1,0,0|0|2|0|0|0|0|0|0|0
615,9,False,9,0,9,9|9|9|9|9|9|9|9|9|9
639,3,False,3,4,3,5|5|5|3|3|3|3|3|3|5
642,4,False,4,6,2,4|2|2|4|2|4|2|4|2|2
658,6,True,0,10,0,0|0|0|0|0|0|0|0|0|0
671,7,False,7,0,7,7|7|7|7|7|7|7|7|7|7
675,1,True,5,9,5,5|5|5|5|5|5|5|1|5|5
677,1,True,4,10,4,4|4|4|4|4|4|4|4|4|4
678,3,False,3,5,3,4|6|3|3|4|3|3|3|4|4
680,6,False,6,0,6,6|6|6|6|6|6|6|6|6|6
693,4,False,4,0,4,4|4|4|4|4|4|4|4|4|4
710,6,False,6,3,6,6|4|6|4|6|6|6|6|6|4
712,4,False,4,1,4,4|4|4|4|7|4|4|4|4|4
718,6,False,6,7,2,7|6|2|2|2|2|6|2|6|2
736,8,False,8,0,8,8|8|8|8|8|8|8|8|8|8
739,9,True,7,10,7,0|7|7|7|7|4|0|7|0|8
743,1,False,1,1,1,1|1|1|1|1|1|4|1|1|1
768,9,False,9,0,9,9|9|9|9|9|9|9|9|9|9
779,2,False,2,0,2,2|2|2|2|2|2|2|2|2|2
794,7,False,7,0,7,7|7|7|7|7|7|7|7|7|7
808,2,False,2,0,2,2|2|2|2|2|2|2|2|2|2
837,8,True,6,10,6,6|6|6|6|6|6|6|6|6|6
840,1,False,1,1,1,1|1|1|1|1|1|5|1|1|1
848,6,True,1,10,1,1|1|1|1|1|1|5|1|1|5
854,6,False,6,6,2,4|6|2|2|2|6|6|2|2|6
861,1,True,3,10,3,3|3|3|3|3|3|3|3|3|3
870,1,True,8,10,8,8|8|8|8|8|8|8|8|8|8
893,1,False,1,2,1,1|5|1|1|1|1|5|1|1|1
918,1,True,5,9,5,5|5|5|5|5|5|5|1|5|5
919,5,False,5,1,5,5|5|5|5|5|5|5|1|5|5
926,7,False,7,0,7,7|7|7|7|7|7|7|7|7|7
928,5,False,5,10,2,0|2|2|2|2|2|4|3|2|2
931,6,False,6,4,6,1|6|8|6|6|6|6|3|6|3
934,1,True,4,10,-1,7|4|4|7|7|7|7|4|4|4
944,5,False,5,5,5,5|5|7|3|5|7|4|1|5|5
959,4,False,4,0,4,4|4|4|4|4|4|4|4|4|4
962,1,False,1,3,1,1|5|1|1|1|1|5|1|1|5
974,0,False,0,5,-1,8|0|0|8|8|0|8|0|8|0
981,5,False,5,10,3,3|3|3|3|3|3|3|3|3|3
982,4,False,4,3,4,3|4|7|4|4|4|4|4|4|2
987,1,True,8,10,8,8|8|8|8|8|8|8|8|8|8
988,5,False,5,1,5,5|5|5|5|5|5|5|1|5|5
1006,5,True,1,8,1,1|1|1|1|1|1|5|1|1|5
1018,4,False,4,0,4,4|4|4|4|4|4|4|4|4|4
1019,7,False,7,1,7,4|7|7|7|7|7|7|7|7|7
1052,1,False,1,1,1,1|1|1|1|1|1|5|1|1|1
1055,1,True,3,10,4,4|4|4|4|4|4|4|4|4|4
1084,9,True,2,10,2,2|2|2|2|2|2|2|2|2|2
1086,0,False,0,0,0,0|0|0|0|0|0|0|0|0|0
1102,9,False,9,0,9,9|9|9|9|9|9|9|9|9|9
1113,7,False,7,0,7,7|7|7|7|7|7|7|7|7|7
1115,5,True,9,10,9,9|9|9|9|9|9|9|9|9|9
1119,0,False,0,8,8,8|8|8|8|8|0|8|8|0|8
1126,6,False,6,0,6,6|6|6|6|6|6|6|6|6|6
1130,0,False,0,0,0,0|0|0|0|0|0|0|0|0|0
1140,9,False,9,0,9,9|9|9|9|9|9|9|9|9|9
1144,0,False,0,0,0,0|0|0|0|0|0|0|0|0|0
1148,4,False,4,0,4,4|4|4|4|4|4|4|4|4|4
1153,1,False,1,2,1,1|5|1|1|1|1|5|1|1|1
1164,1,True,3,10,3,3|3|6|3|3|3|3|3|3|5
1171,9,False,9,0,9,9|9|9|9|9|9|9|9|9|9
1209,2,False,2,0,2,2|2|2|2|2|2|2|2|2|2
1231,9,False,9,0,9,9|9|9|9|9|9|9|9|9|9
1260,0,False,0,2,0,6|0|8|0|0|0|0|0|0|0
1285,2,False,2,0,2,2|2|2|2|2|2|2|2|2|2
1317,6,False,6,0,6,6|6|6|6|6|6|6|6|6|6
1322,9,False,9,2,9,9|9|9|9|5|5|9|9|9|9
1326,9,False,9,0,9,9|9|9|9|9|9|9|9|9|9
1332,9,False,9,0,9,9|9|9|9|9|9|9|9|9|9
1335,6,True,0,10,0,0|0|0|0|0|0|0|0|0|0
1337,8,False,8,1,8,8|8|8|8|0|8|8|8|8|8
1354,4,True,2,10,2,2|2|2|2|2|2|2|2|2|2
1365,7,False,7,0,7,7|7|7|7|7|7|7|7|7|7
1378,9,False,9,0,9,9|9|9|9|9|9|9|9|9|9
1379,5,True,9,10,9,9|9|9|9|9|9|9|9|9|9
1392,8,False,8,0,8,8|8|8|8|8|8|8|8|8|8
1396,4,False,4,0,4,4|4|4|4|4|4|4|4|4|4
1399,8,False,8,0,8,8|8|8|8|8|8|8|8|8|8
1408,1,False,1,2,1,1|5|1|1|1|1|5|1|1|1
1410,1,False,1,1,1,1|1|1|1|1|1|5|1|1|1
1418,9,False,9,0,9,9|9|9|9|9|9|9|9|9|9
1426,1,True,3,10,3,3|3|3|3|3|3|3|3|3|3
1435,4,False,4,0,4,4|4|4|4|4|4|4|4|4|4
1442,7,False,7,10,9,9|3|3|9|9|9|9|9|9|9
1443,2,False,2,3,2,2|2|2|3|3|2|3|2|2|2
1450,1,True,4,10,4,4|4|4|4|4|4|4|4|4|4
1463,0,False,0,1,0,8|0|0|0|0|0|0|0|0|0
1487,1,True,3,9,3,3|3|3|3|3|3|3|1|3|3
1488,7,False,7,10,6,3|6|6|3|3|6|6|6|3|6
1494,2,True,1,10,1,1|1|1|1|1|1|5|1|1|1
1497,5,True,2,10,2,2|4|2|2|2|2|4|2|2|2
1506,8,False,8,0,8,8|8|8|8|8|8|8|8|8|8
1514,0,False,0,0,0,0|0|0|0|0|0|0|0|0|0
1522,0,False,0,0,0,0|0|0|0|0|0|0|0|0|0
1540,6,True,0,10,0,2|0|2|0|2|2|0|0|0|0
1550,6,False,6,0,6,6|6|6|6|6|6|6|6|6|6
1561,7,False,7,0,7,7|7|7|7|7|7|7|7|7|7
1563,6,False,6,1,6,7|6|6|6|6|6|6|6|6|6
1585,6,False,6,0,6,6|6|6|6|6|6|6|6|6|6
1588,5,False,5,2,5,5|5|5|5|2|5|5|1|5|5
1589,0,False,0,1,0,0|0|0|0|0|2|0|0|0|0
1590,9,False,9,0,9,9|9|9|9|9|9|9|9|9|9
1596,9,True,6,10,6,6|6|6|6|6|6|6|6|6|6
1602,9,False,9,0,9,9|9|9|9|9|9|9|9|9|9
1607,6,True,0,10,0,0|0|0|0|0|0|0|0|0|0
1610,9,False,9,0,9,9|9|9|9|9|9|9|9|9|9
1632,0,False,0,0,0,0|0|0|0|0|0|0|0|0|0
1664,6,True,0,9,0,6|0|0|0|0|0|0|0|0|0
1666,4,False,4,0,4,4|4|4|4|4|4|4|4|4|4
1668,6,True,0,9,0,6|0|0|0|0|0|0|0|0|0
1670,2,False,2,5,-1,4|4|4|2|2|4|4|2|2|2
1687,6,False,6,0,6,6|6|6|6|6|6|6|6|6|6
1694,1,False,1,3,1,1|1|2|1|1|1|5|1|1|5
1699,8,False,8,0,8,8|8|8|8|8|8|8|8|8|8
1711,6,True,0,9,0,6|0|0|0|0|0|0|0|0|0
1715,0,False,0,0,0,0|0|0|0|0|0|0|0|0|0
1716,7,False,7,0,7,7|7|7|7|7|7|7|7|7|7
1720,8,False,8,0,8,8|8|8|8|8|8|8|8|8|8
1721,8,False,8,9,2,2|2|2|3|2|2|8|2|2|2
1730,6,False,6,0,6,6|6|6|6|6|6|6|6|6|6
1754,5,False,5,6,5,5|4|5|4|5|6|3|1|5|4
1768,2,False,2,0,2,2|2|2|2|2|2|2|2|2|2
1775,0,True,8,6,8,8|0|8|8|6|0|0|0|8|8
1783,3,True,7,10,7,7|7|7|7|7|7|7|7|7|7
1791,4,False,4,10,7,7|7|7|7|7|7|7|7|7|7
1792,2,False,2,1,2,2|2|2|2|2|2|4|2|2|2
1793,2,False,2,7,9,1|6|9|2|9|2|7|9|9|2
1794,8,False,8,0,8,8|8|8|8|8|8|8|8|8|8
1809,8,True,6,8,6,8|8|6|6|6|6|6|6|6|6
1825,2,True,7,10,7,7|7|7|7|7|7|7|7|7|7
1833,7,False,7,0,7,7|7|7|7|7|7|7|7|7|7
1835,7,False,7,1,7,7|7|7|7|7|7|7|7|7|5
1843,8,False,8,0,8,8|8|8|8|8|8|8|8|8|8
1862,1,True,8,10,8,8|8|8|8|8|8|8|8|8|8
1864,3,False,3,7,2,2|2|5|2|3|3|2|3|2|5
1878,0,False,0,0,0,0|0|0|0|0|0|0|0|0|0
1918,9,True,2,10,2,2|2|2|2|2|2|2|2|2|2
1931,7,False,7,0,7,7|7|7|7|7|7|7|7|7|7
1948,6,False,6,1,6,6|6|6|6|8|6|6|6|6|6
1953,4,False,4,0,4,4|4|4|4|4|4|4|4|4|4
1963,3,False,3,0,3,3|3|3|3|3|3|3|3|3|3
1964,8,False,8,0,8,8|8|8|8|8|8|8|8|8|8
1975,9,False,9,0,9,9|9|9|9|9|9|9|9|9|9
1981,0,True,2,9,2,0|2|2|2|2|2|2|2|2|2
1982,6,False,6,0,6,6|6|6|6|6|6|6|6|6|6
1989,6,False,6,0,6,6|6|6|6|6|6|6|6|6|6
1991,1,True,5,8,-1,3|4|5|3|1|4|5|1|5|3
1993,1,True,5,10,-1,5|3|5|3|3|3|5|3|5|5
1998,5,False,5,1,5,5|5|5|5|5|5|5|2|5|5
2019,7,True,6,10,6,6|6|6|6|6|6|6|6|6|6
2025,3,False,3,0,3,3|3|3|3|3|3|3|3|3|3
2033,2,False,2,10,6,6|6|6|6|6|6|6|6|6|6
2055,9,False,9,1,9,9|9|9|9|5|9|9|9|9|9
2058,9,False,9,0,9,9|9|9|9|9|9|9|9|9|9
2059,1,True,5,10,5,3|3|5|3|5|5|5|3|5|5
2060,0,False,0,0,0,0|0|0|0|0|0|0|0|0|0
2062,2,False,2,8,6,6|6|2|6|6|6|6|6|2|6
2065,1,True,8,10,8,8|8|8|8|8|8|8|8|8|8
2072,2,True,1,10,1,1|5|1|1|1|1|5|1|1|5
2086,9,False,9,0,9,9|9|9|9|9|9|9|9|9|9
2089,5,False,5,1,5,5|5|5|5|5|5|5|1|5|5
2090,9,True,2,10,2,2|2|2|2|2|2|2|2|2|2
2105,4,False,4,0,4,4|4|4|4|4|4|4|4|4|4
2106,4,False,4,0,4,4|4|4|4|4|4|4|4|4|4
2108,5,False,5,1,5,5|5|5|5|5|5|5|1|5|5
2111,6,False,6,0,6,6|6|6|6|6|6|6|6|6|6
2124,6,False,6,0,6,6|6|6|6|6|6|6|6|6|6
2127,3,False,3,0,3,3|3|3|3|3|3|3|3|3|3
2153,1,False,1,2,1,1|1|1|1|1|1|4|1|1|5
2168,3,False,3,10,2,5|4|2|2|2|2|2|4|2|2
2191,0,True,2,10,2,2|4|2|2|4|2|2|4|2|2
2196,4,False,4,0,4,4|4|4|4|4|4|4|4|4|4
2211,7,False,7,4,7,7|3|3|7|7|7|3|7|3|7
2223,1,True,3,9,3,3|3|3|3|3|3|3|1|3|3
2224,2,False,2,7,-1,3|9|2|9|1|2|7|3|2|9
2259,1,False,1,3,1,1|1|1|1|1|9|5|1|1|5
2263,7,False,7,0,7,7|7|7|7|7|7|7|7|7|7
2265,8,False,8,3,8,8|8|8|8|8|8|0|0|8|0
2268,5,True,1,8,1,1|1|1|1|1|1|5|1|1|5
2308,9,False,9,3,9,9|9|9|9|9|5|0|0|9|9
2310,6,False,6,6,-1,7|6|2|6|7|6|6|2|2|2
2314,1,True,5,9,5,5|3|3|5|5|5|5|1|5|5
2330,0,False,0,0,0,0|0|0|0|0|0|0|0|0|0
2346,9,True,2,10,2,2|2|2|2|2|2|2|2|2|2
2347,0,True,9,10,9,9|9|9|9|9|9|9|9|9|9
2350,6,True,0,9,0,6|0|0|0|0|0|0|0|0|0
2351,9,False,9,0,9,9|9|9|9|9|9|9|9|9|9
2356,8,True,6,10,6,6|6|6|6|6|6|6|6|6|6
2379,9,False,9,2,9,9|0|9|9|9|9|0|9|9|9
2386,3,False,3,4,3,2|3|3|3|3|3|2|7|3|2
2399,7,False,7,0,7,7|7|7|7|7|7|7|7|7|7
2412,3,False,3,0,3,3|3|3|3|3|3|3|3|3|3
2414,3,False,3,0,3,3|3|3|3|3|3|3|3|3|3
2420,6,True,0,9,0,6|0|0|0|0|0|0|0|0|0
2423,6,True,0,10,0,0|0|0|0|0|0|0|0|0|0
2442,4,False,4,0,4,4|4|4|4|4|4|4|4|4|4
2467,2,False,2,1,2,6|2|2|2|2|2|2|2|2|2
2473,0,False,0,0,0,0|0|0|0|0|0|0|0|0|0
2480,7,False,7,0,7,7|7|7|7|7|7|7|7|7|7
2481,7,False,7,0,7,7|7|7|7|7|7|7|7|7|7
2496,5,True,1,8,1,1|5|1|9|9|1|9|1|1|5
2499,7,False,7,0,7,7|7|7|7|7|7|7|7|7|7
2511,1,False,1,2,1,1|1|1|1|1|1|5|1|1|5
2521,1,True,3,10,-1,5|4|4|3|2|2|2|4|2|4
2535,0,True,2,10,2,2|2|2|8|2|2|2|2|3|3
2553,7,False,7,0,7,7|7|7|7|7|7|7|7|7|7
2554,7,False,7,8,2,3|2|2|3|2|7|3|2|7|2
2560,7,False,7,0,7,7|7|7|7|7|7|7|7|7|7
2565,1,True,3,10,3,5|3|3|3|3|3|3|3|5|3
2569,1,False,1,1,1,1|1|1|1|1|1|5|1|1|1
2574,0,False,0,0,0,0|0|0|0|0|0|0|0|0|0
2586,8,False,8,0,8,8|8|8|8|8|8|8|8|8|8
2593,1,True,8,10,8,8|8|8|8|8|8|8|8|8|8
2598,0,False,0,1,0,6|0|0|0|0|0|0|0|0|0
2618,6,False,6,1,6,1|6|6|6|6|6|6|6|6|6
2634,2,True,5,1,2,5|2|2|2|2|2|2|2|2|2
2658,8,False,8,0,8,8|8|8|8|8|8|8|8|8|8
2666,8,False,8,0,8,8|8|8|8|8|8|8|8|8|8
2682,2,False,2,0,2,2|2|2|2|2|2|2|2|2|2
2693,2,False,2,0,2,2|2|2|2|2|2|2|2|2|2
2699,3,False,3,5,3,3|3|3|2|3|4|6|3|6|4
2700,7,False,7,1,7,7|7|7|7|7|7|4|7|7|7
2702,2,False,2,0,2,2|2|2|2|2|2|2|2|2|2
2704,9,True,2,10,5,5|3|5|5|5|5|5|1|2|5
2723,1,True,3,10,3,3|3|3|3|3|3|3|3|3|3
2728,9,False,9,0,9,9|9|9|9|9|9|9|9|9|9
2734,4,False,4,0,4,4|4|4|4|4|4|4|4|4|4
2737,2,False,2,2,2,1|2|2|2|6|2|2|2|2|2
2738,1,True,3,10,6,3|6|8|6|6|6|6|6|8|6
2741,2,False,2,0,2,2|2|2|2|2|2|2|2|2|2
2750,4,True,7,10,3,3|7|5|3|6|7|6|7|3|3
2763,5,False,5,1,5,5|5|5|5|5|5|5|2|5|5
2777,7,True,6,10,-1,6|2|6|0|6|2|0|6|2|2
2786,8,True,6,9,6,6|6|6|6|6|6|6|8|6|6
2791,2,False,2,2,2,9|2|7|2|2|2|2|2|2|2
2796,6,False,6,1,6,6|6|6|6|6|6|6|7|6|6
2806,5,False,5,6,-1,5|5|5|3|3|5|0|7|3|3
2807,7,False,7,0,7,7|7|7|7|7|7|7|7|7|7
2843,1,True,5,9,5,5|5|5|5|5|5|5|1|5|5
2861,0,False,0,0,0,0|0|0|0|0|0|0|0|0|0
2867,2,False,2,0,2,2|2|2|2|2|2|2|2|2|2
2868,2,False,2,0,2,2|2|2|2|2|2|2|2|2|2
2881,8,False,8,10,0,6|0|0|0|0|0|0|0|0|0
2893,6,False,6,0,6,6|6|6|6|6|6|6|6|6|6
2917,9,False,9,1,9,9|5|9|9|9|9|9|9|9|9
2927,2,False,2,0,2,2|2|2|2|2|2|2|2|2|2
2930,1,True,3,10,3,3|3|5|3|3|3|3|3|3|3
2957,2,False,2,2,2,2|2|2|2|2|2|4|3|2|2
2971,5,True,2,10,2,2|2|2|2|2|2|2|6|2|2
2980,4,True,7,10,8,8|8|0|8|0|7|8|1|8|8
2982,3,False,3,10,2,2|2|2|2|2|2|2|2|2|2
2993,2,False,2,0,2,2|2|2|2|2|2|2|2|2|2
3001,5,True,4,9,4,4|4|2|4|4|4|4|4|4|5
3012,2,False,2,0,2,2|2|2|2|2|2|2|2|2|2
3020,5,True,1,7,1,1|5|1|1|1|1|5|1|1|5
3021,5,False,5,2,5,5|5|5|7|5|5|5|1|5|5
3029,9,True,7,10,4,4|4|4|4|4|4|4|4|4|4
3032,9,False,9,0,9,9|9|9|9|9|9|9|9|9|9
3048,6,False,6,0,6,6|6|6|6|6|6|6|6|6|6
3056,8,False,8,4,8,8|1|8|1|1|8|8|8|8|1
3060,1,True,5,9,5,5|5|5|5|5|5|5|1|5|5
3063,0,False,0,0,0,0|0|0|0|0|0|0|0|0|0
3077,4,False,4,0,4,4|4|4|4|4|4|4|4|4|4
3084,3,False,3,0,3,3|3|3|3|3|3|3|3|3|3
3131,1,False,1,2,1,1|1|1|1|1|1|5|1|1|5
3144,1,True,8,9,8,8|8|8|8|8|8|8|8|8|1
3156,1,True,5,9,5,5|5|5|5|5|3|5|1|3|5
3157,3,True,7,10,7,7|7|7|7|7|7|7|7|7|7
3170,8,False,8,0,8,8|8|8|8|8|8|8|8|8|8
3172,3,False,3,0,3,3|3|3|3|3|3|3|3|3|3
3182,1,True,4,10,4,4|4|4|4|4|4|4|4|4|4
3208,7,False,7,0,7,7|7|7|7|7|7|7|7|7|7
3215,1,True,8,10,8,8|8|8|8|8|8|8|8|8|8
3220,9,True,3,10,3,3|3|3|3|5|5|5|1|3|5
3244,1,True,8,10,8,8|8|8|8|8|8|8|8|8|8
3253,2,False,2,4,2,2|4|4|4|4|2|2|2|2|2
3262,6,False,6,0,6,6|6|6|6|6|6|6|6|6|6
3263,6,True,0,9,0,6|0|0|0|0|0|0|0|0|0
3274,2,False,2,6,4,2|4|2|4|2|4|4|2|4|4
3279,9,True,7,10,7,7|7|7|7|7|7|7|7|7|7
3282,5,False,5,7,-1,5|5|5|3|4|2|2|1|3|3
3294,0,True,8,10,8,8|8|8|8|8|8|8|8|8|1
3297,2,False,2,0,2,2|2|2|2|2|2|2|2|2|2
3298,9,False,9,0,9,9|9|9|9|9|9|9|9|9|9
3317,4,True,7,10,7,7|7|7|7|7|7|7|7|7|7
3332,0,False,0,0,0,0|0|0|0|0|0|0|0|0|0
3338,2,False,2,3,2,2|5|2|2|2|2|4|2|5|2
3341,6,False,6,0,6,6|6|6|6|6|6|6|6|6|6
3362,0,False,0,1,0,0|0|0|8|0|0|0|0|0|0
3373,3,False,3,3,3,3|5|5|3|3|3|3|1|3|3
3381,9,False,9,0,9,9|9|9|9|9|9|9|9|9|9
3395,9,True,2,10,2,2|2|2|2|2|2|2|2|2|2
3399,1,False,1,2,1,1|1|2|1|1|1|5|1|1|1
3412,6,False,6,0,6,6|6|6|6|6|6|6|6|6|6
3413,7,False,7,0,7,7|7|7|7|7|7|7|7|7|7
3441,0,False,0,0,0,0|0|0|0|0|0|0|0|0|0
3455,4,True,2,10,0,9|9|0|0|0|0|0|0|8|8
3457,3,False,3,3,3,5|3|3|3|3|3|3|4|3|5
3470,8,True,6,10,6,6|6|6|6|6|6|6|6|6|6
3472,1,True,3,10,3,3|3|3|3|3|3|3|6|3|3
3474,2,False,2,0,2,2|2|2|2|2|2|2|2|2|2
3481,7,False,7,3,7,4|7|7|7|7|7|7|4|7|2
3487,7,False,7,10,3,3|3|3|3|3|3|3|1|3|3
3495,5,False,5,1,5,5|5|5|5|5|5|5|1|5|5
3497,8,False,8,0,8,8|8|8|8|8|8|8|8|8|8
3504,6,False,6,1,6,8|6|6|6|6|6|6|6|6|6
3505,5,True,1,8,1,1|1|1|1|1|1|5|1|1|5
3508,2,False,2,4,2,3|2|2|3|3|2|3|2|2|2
3515,0,False,0,0,0,0|0|0|0|0|0|0|0|0|0
3516,1,True,8,10,8,8|8|8|8|8|8|8|8|8|8
3521,6,False,6,1,6,8|6|6|6|6|6|6|6|6|6
3524,3,False,3,2,3,3|5|3|3|5|3|3|3|3|3
3537,9,False,9,0,9,9|9|9|9|9|9|9|9|9|9
3552,3,False,3,0,3,3|3|3|3|3|3|3|3|3|3
3559,1,True,4,10,4,4|4|4|4|2|4|4|4|4|2
3560,4,False,4,0,4,4|4|4|4|4|4|4|4|4|4
3613,5,True,9,10,9,9|9|9|9|9|9|9|9|9|9
3640,8,False,8,0,8,8|8|8|8|8|8|8|8|8|8
3660,5,False,5,4,5,5|5|5|4|5|5|6|2|5|2
3662,2,False,2,2,2,2|2|2|2|5|3|2|2|2|2
3667,1,True,5,9,5,5|5|3|5|5|3|3|1|5|5
3730,6,False,6,0,6,6|6|6|6|6|6|6|6|6|6
3735,1,False,1,4,1,1|5|9|1|1|1|5|1|1|5
3736,4,False,4,0,4,4|4|4|4|4|4|4|4|4|4
3756,3,False,3,0,3,3|3|3|3|3|3|3|3|3|3
3758,3,False,3,1,3,3|3|3|6|3|3|3|3|3|3
3761,1,True,4,10,4,2|4|4|4|2|4|4|4|4|2
3769,2,False,2,5,2,7|9|2|2|7|2|7|7|2|2
3798,1,True,4,10,4,4|4|4|4|4|4|4|4|4|4
3800,1,True,8,10,8,8|8|8|8|8|8|8|8|8|8
3808,1,False,1,3,1,1|1|2|1|1|1|5|1|1|5
3814,2,False,2,1,2,2|2|2|2|2|2|8|2|2|2
3820,9,False,9,0,9,9|9|9|9|9|9|9|9|9|9
3825,7,True,6,10,6,6|6|6|6|6|6|6|6|6|6
3837,5,False,5,5,5,3|5|5|3|5|5|3|1|3|5
3839,4,False,4,0,4,4|4|4|4|4|4|4|4|4|4
3861,6,False,6,2,6,8|6|6|6|6|6|6|8|6|6
3872,4,False,4,10,7,7|7|7|7|7|7|7|7|7|7
3883,8,False,8,10,2,0|2|2|2|2|2|0|2|2|2
3890,7,False,7,9,4,4|4|6|4|6|7|6|4|4|4
3893,0,False,0,0,0,0|0|0|0|0|0|0|0|0|0
3900,7,True,0,10,2,2|3|2|0|0|2|0|2|2|2
3913,1,True,4,10,4,4|4|4|4|4|4|4|4|4|4
3916,5,False,5,1,5,5|5|5|5|5|5|5|1|5|5
3919,4,False,4,1,4,4|4|4|7|4|4|4|4|4|4
3922,1,False,1,2,1,1|1|1|1|1|1|5|1|1|5
3941,5,True,9,10,9,9|9|9|9|9|9|9|9|9|9
3977,9,False,9,0,9,9|9|9|9|9|9|9|9|9|9
3979,0,False,0,0,0,0|0|0|0|0|0|0|0|0|0
3981,0,True,4,10,4,4|4|7|4|4|4|2|2|4|2
3991,8,True,6,9,6,6|6|6|6|6|6|8|6|6|5
3995,5,False,5,2,5,3|5|5|5|5|5|5|1|5|5
4000,5,False,5,1,5,5|5|5|5|5|5|5|2|5|5
4002,5,False,5,4,5,3|5|7|3|5|5|5|1|5|5
4019,5,False,5,7,3,3|5|5|3|3|3|3|3|5|3
4043,1,True,4,10,4,4|4|4|4|4|4|4|4|4|4
4059,7,False,7,0,7,7|7|7|7|7|7|7|7|7|7
4067,2,True,5,10,6,7|4|6|3|6|6|3|6|6|6
4069,9,False,9,0,9,9|9|9|9|9|9|9|9|9|9
4076,7,False,7,0,7,7|7|7|7|7|7|7|7|7|7
4079,0,False,0,0,0,0|0|0|0|0|0|0|0|0|0
4127,1,True,5,10,5,5|5|5|5|5|5|5|2|5|5
4150,9,False,9,0,9,9|9|9|9|9|9|9|9|9|9
4151,3,False,3,1,3,3|3|3|3|3|3|3|3|3|5
4169,9,False,9,0,9,9|9|9|9|9|9|9|9|9|9
4198,4,True,2,8,2,4|4|2|2|2|2|2|2|2|2
4219,1,True,4,10,4,4|4|7|4|7|4|4|4|7|4
4234,7,True,6,10,6,8|6|6|6|6|6|6|6|6|6
4239,0,False,0,0,0,0|0|0|0|0|0|0|0|0|0
4245,8,False,8,8,3,3|8|5|3|7|8|7|1|5|3
4272,8,False,8,0,8,8|8|8|8|8|8|8|8|8|8
4273,6,True,0,10,0,0|8|0|0|0|0|0|0|0|0
4276,6,False,6,3,6,6|6|2|6|6|6|6|4|4|6
4283,8,False,8,0,8,8|8|8|8|8|8|8|8|8|8
4284,6,False,6,0,6,6|6|6|6|6|6|6|6|6|6
4318,7,False,7,0,7,7|7|7|7|7|7|7|7|7|7
4319,5,False,5,10,2,3|2|2|2|2|2|3|2|2|2
4326,1,False,1,4,1,5|5|1|1|1|1|5|1|5|1
4336,3,False,3,0,3,3|3|3|3|3|3|3|3|3|3
4337,6,True,0,10,0,0|0|0|0|0|0|0|0|0|0
4347,1,True,5,10,5,5|5|5|2|5|5|4|2|5|2
4357,7,False,7,0,7,7|7|7|7|7|7|7|7|7|7
4358,4,True,1,10,1,1|5|1|9|1|1|5|1|1|5
4371,9,False,9,0,9,9|9|9|9|9|9|9|9|9|9
4374,9,False,9,0,9,9|9|9|9|9|9|9|9|9|9
4380,8,False,8,0,8,8|8|8|8|8|8|8|8|8|8
4388,3,False,3,1,3,3|3|3|3|3|3|3|1|3|3
4408,8,False,8,0,8,8|8|8|8|8|8|8|8|8|8
4414,3,False,3,0,3,3|3|3|3|3|3|3|3|3|3
4419,1,True,5,9,5,5|5|5|5|5|5|5|1|5|5
4435,3,False,3,5,3,3|4|5|2|3|3|3|1|3|5
4460,7,False,7,0,7,7|7|7|7|7|7|7|7|7|7
4462,1,True,3,10,3,3|3|3|3|3|3|3|3|3|3
4474,8,False,8,2,8,1|8|8|8|8|8|8|0|8|8
4475,3,False,3,0,3,3|3|3|3|3|3|3|3|3|3
4479,5,False,5,1,5,5|5|5|5|5|5|5|1|5|5
4490,6,True,0,10,0,0|0|0|0|0|0|0|0|0|0
4493,9,True,2,10,-1,2|4|2|4|4|2|4|4|2|2
4495,5,False,5,2,5,5|5|5|2|5|5|5|1|5|5
4496,2,True,1,10,1,1|1|1|1|1|1|5|1|1|1
4501,8,False,8,0,8,8|8|8|8|8|8|8|8|8|8
4505,1,False,1,1,1,1|1|1|1|1|1|5|1|1|1
4508,9,False,9,1,9,9|9|9|9|9|9|9|9|8|9
4510,7,False,7,0,7,7|7|7|7|7|7|7|7|7|7
4519,1,True,3,10,5,5|5|5|5|5|5|5|4|5|5
4534,5,False,5,1,5,5|5|5|5|5|5|5|1|5|5
4537,6,True,0,10,0,0|2|7|0|0|4|0|0|0|0
4543,6,True,0,10,0,0|0|0|0|0|0|0|0|0|0
4547,5,False,5,4,5,3|5|3|5|5|1|5|1|5|5
4561,4,False,4,1,4,3|4|4|4|4|4|4|4|4|4
4584,9,False,9,0,9,9|9|9|9|9|9|9|9|9|9
4594,1,True,8,10,8,8|8|8|8|8|8|8|8|8|8
4600,5,False,5,1,5,5|5|5|5|5|5|5|1|5|5
4638,9,False,9,0,9,9|9|9|9|9|9|9|9|9|9
4641,5,False,5,1,5,5|5|5|5|5|5|5|1|5|5
4643,9,False,9,0,9,9|9|9|9|9|9|9|9|9|9
4646,8,False,8,0,8,8|8|8|8|8|8|8|8|8|8
4658,1,True,8,10,8,8|8|8|8|8|8|8|8|8|0
4662,5,False,5,5,5,5|5|3|3|5|3|7|1|5|5
4678,6,False,6,0,6,6|6|6|6|6|6|6|6|6|6
4689,0,False,0,0,0,0|0|0|0|0|0|0|0|0|0
4705,7,False,7,0,7,7|7|7|7|7|7|7|7|7|7
4710,4,False,4,0,4,4|4|4|4|4|4|4|4|4|4
4712,7,False,7,2,7,4|7|7|7|7|7|9|7|7|7
4713,1,True,8,10,8,8|8|8|8|8|8|8|8|8|8
4721,0,False,0,0,0,0|0|0|0|0|0|0|0|0|0
4731,6,False,6,0,6,6|6|6|6|6|6|6|6|6|6
4737,3,False,3,10,5,5|5|5|5|5|5|5|1|5|5
4738,4,False,4,0,4,4|4|4|4|4|4|4|4|4|4
4751,6,False,6,0,6,6|6|6|6|6|6|6|6|6|6
4753,1,True,4,10,4,4|4|4|4|4|4|4|4|4|4
4758,1,True,8,10,8,8|8|8|8|8|8|8|8|8|8
4763,4,False,4,0,4,4|4|4|4|4|4|4|4|4|4
4766,7,True,6,10,2,2|4|2|2|2|2|2|2|2|2
4784,9,False,9,3,9,1|9|9|1|9|9|9|1|9|9
4809,7,False,7,0,7,7|7|7|7|7|7|7|7|7|7
4811,2,False,2,0,2,2|2|2|2|2|2|2|2|2|2
4814,1,True,5,9,5,5|5|5|5|5|5|5|1|5|5
4826,9,False,9,7,2,9|2|2|3|9|9|2|7|2|2
4834,8,False,8,0,8,8|8|8|8|8|8|8|8|8|8
4846,4,False,4,9,7,7|7|7|7|7|4|3|3|7|2
4873,7,False,7,0,7,7|7|7|7|7|7|7|7|7|7
4875,6,False,6,0,6,6|6|6|6|6|6|6|6|6|6
4902,2,False,2,0,2,2|2|2|2|2|2|2|2|2|2
4916,8,False,8,0,8,8|8|8|8|8|8|8|8|8|8
4932,2,True,1,7,1,1|1|2|2|1|2|9|1|1|1
4949,2,True,1,10,1,1|1|1|1|1|1|5|1|1|1
4950,3,False,3,0,3,3|3|3|3|3|3|3|3|3|3
4954,3,False,3,3,3,3|3|3|3|3|3|3|1|5|5
4989,4,False,4,0,4,4|4|4|4|4|4|4|4|4|4
4993,5,True,1,9,1,1|1|2|1|1|1|5|1|1|1
5005,2,False,2,0,2,2|2|2|2|2|2|2|2|2|2
5017,3,False,3,0,3,3|3|3|3|3|3|3|3|3|3
5034,3,True,7,9,7,3|7|7|7|7|7|7|7|7|7
5035,7,False,7,5,7,3|7|5|3|7|7|7|1|7|5
5050,0,False,0,1,0,6|0|0|0|0|0|0|0|0|0
5052,2,True,1,10,1,1|1|1|1|1|1|5|1|1|5
5057,5,False,5,8,-1,5|7|3|7|7|4|5|4|4|3
5088,3,False,3,0,3,3|3|3|3|3|3|3|3|3|3
5092,8,False,8,0,8,8|8|8|8|8|8|8|8|8|8
5097,3,False,3,10,4,4|4|4|4|4|4|4|4|4|4
5133,5,True,9,10,9,9|9|9|9|9|9|9|9|9|9
5144,1,False,1,2,1,1|1|1|1|1|1|5|1|1|5
5145,9,False,9,0,9,9|9|9|9|9|9|9|9|9|9
5148,6,False,6,0,6,6|6|6|6|6|6|6|6|6|6
5152,5,False,5,1,5,5|5|5|5|5|5|5|1|5|5
5188,7,False,7,0,7,7|7|7|7|7|7|7|7|7|7
5196,1,False,1,1,1,1|1|1|1|1|1|5|1|1|1
5204,5,True,2,10,6,6|6|6|6|6|6|6|6|2|6
5222,8,False,8,0,8,8|8|8|8|8|8|8|8|8|8
5263,6,False,6,1,6,6|6|6|6|6|6|4|6|6|6
5264,4,False,4,0,4,4|4|4|4|4|4|4|4|4|4
5266,0,False,0,0,0,0|0|0|0|0|0|0|0|0|0
5267,5,False,5,1,5,5|5|5|5|5|5|5|1|5|5
5268,6,False,6,0,6,6|6|6|6|6|6|6|6|6|6
5271,9,False,9,0,9,9|9|9|9|9|9|9|9|9|9
5286,9,False,9,0,9,9|9|9|9|9|9|9|9|9|9
5301,1,False,1,3,1,1|5|1|1|1|1|8|1|1|5
5305,5,False,5,2,5,5|5|5|5|5|5|9|1|5|5
5320,0,True,9,10,9,9|9|9|9|9|9|9|9|9|9
5329,3,False,3,0,3,3|3|3|3|3|3|3|3|3|3
5331,6,True,0,10,0,0|0|0|0|0|0|0|0|0|0
5333,2,False,2,3,2,2|2|2|2|3|2|3|3|2|2
5349,6,True,0,9,0,6|0|0|0|0|0|0|0|0|0
5356,1,False,1,2,1,1|1|1|1|1|1|5|1|1|5
5357,4,True,7,10,7,7|7|7|7|7|7|7|7|7|7
5360,1,True,8,10,8,8|8|8|8|8|8|8|8|8|8
5364,4,False,4,1,4,4|4|4|4|4|4|4|4|4|2
5383,5,True,9,10,9,9|9|9|9|9|9|9|9|9|9
5386,2,False,2,5,2,9|3|2|2|5|3|2|1|2|2
5393,5,False,5,10,4,2|4|4|4|4|4|4|4|4|2
5395,9,False,9,1,9,9|9|9|9|5|9|9|9|9|9
5410,2,False,2,0,2,2|2|2|2|2|2|2|2|2|2
5420,1,False,1,2,1,1|1|1|1|1|1|5|1|1|5
5441,0,False,0,0,0,0|0|0|0|0|0|0|0|0|0
5443,8,True,6,10,6,6|6|6|6|6|6|6|6|6|6
5446,8,False,8,0,8,8|8|8|8|8|8|8|8|8|8
5460,1,False,1,1,1,1|1|1|1|1|1|5|1|1|1
5461,9,False,9,0,9,9|9|9|9|9|9|9|9|9|9
5476,9,False,9,0,9,9|9|9|9|9|9|9|9|9|9
5492,3,False,3,1,3,3|3|3|3|3|3|3|3|3|5
5506,9,True,2,10,2,2|2|2|2|2|2|2|2|2|2
5512,1,False,1,5,1,2|5|1|1|1|1|5|1|9|5
5514,1,True,4,10,4,4|4|4|3|4|4|4|3|4|3
5516,0,False,0,0,0,0|0|0|0|0|0|0|0|0|0
5521,6,True,0,10,0,0|0|0|0|0|0|0|0|0|0
5522,6,False,6,0,6,6|6|6|6|6|6|6|6|6|6
5530,0,False,0,1,0,0|0|0|0|0|0|8|0|0|0
5548,4,False,4,0,4,4|4|4|4|4|4|4|4|4|4
5569,9,False,9,0,9,9|9|9|9|9|9|9|9|9|9
5572,2,True,1,9,1,2|1|1|1|1|1|5|1|1|5
5574,2,False,2,0,2,2|2|2|2|2|2|2|2|2|2
5577,7,False,7,1,7,7|4|7|7|7|7|7|7|7|7
5584,2,False,2,6,9,9|9|2|7|9|2|9|2|9|2
5611,5,True,9,10,9,9|9|9|9|9|9|9|9|9|9
5636,6,False,6,10,4,4|4|4|4|4|4|4|2|4|4
5660,2,False,2,5,-1,2|4|2|4|2|2|4|2|4|4
5672,3,True,8,10,8,8|8|8|8|8|8|8|8|8|8
5683,1,False,1,2,1,1|1|1|1|1|1|5|1|1|5
5696,0,False,0,2,0,6|0|0|0|0|0|0|0|0|2
5697,9,False,9,0,9,9|9|9|9|9|9|9|9|9|9
5702,6,True,0,10,0,0|0|0|0|0|0|0|0|0|0
5710,7,False,7,0,7,7|7|7|7|7|7|7|7|7|7
5714,2,True,1,10,1,1|1|1|1|1|1|5|1|1|5
5717,2,False,2,3,2,2|2|2|0|0|2|4|2|2|2
5735,7,False,7,0,7,7|7|7|7|7|7|7|7|7|7
5749,5,False,5,10,4,3|4|4|4|4|4|4|4|4|2
5769,1,False,1,5,1,2|1|2|2|1|1|5|1|1|2
5770,0,False,0,0,0,0|0|0|0|0|0|0|0|0|0
5778,3,True,7,10,4,7|4|7|7|4|7|4|4|4|4
5781,0,True,2,10,2,2|2|2|2|2|2|2|2|2|2
5787,8,False,8,0,8,8|8|8|8|8|8|8|8|8|8
5801,9,False,9,0,9,9|9|9|9|9|9|9|9|9|9
5803,0,False,0,1,0,0|0|2|0|0|0|0|0|0|0
5806,1,True,8,10,8,8|8|8|8|8|8|8|8|8|8
5818,2,False,2,7,6,2|3|6|6|2|2|7|7|6|6
5840,5,False,5,1,5,5|5|5|5|5|5|5|1|5|5
5846,7,False,7,1,7,3|7|7|7|7|7|7|7|7|7
5850,1,True,5,9,5,5|5|5|5|5|5|5|1|5|5
5869,8,False,8,0,8,8|8|8|8|8|8|8|8|8|8
5877,1,True,3,9,3,3|5|3|3|5|3|3|1|3|6
5887,7,False,7,0,7,7|7|7|7|7|7|7|7|7|7
5904,8,False,8,1,8,1|8|8|8|8|8|8|8|8|8
5905,5,False,5,1,5,5|5|5|5|5|5|5|1|5|5
5907,6,False,6,0,6,6|6|6|6|6|6|6|6|6|6
5908,4,False,4,1,4,4|4|7|4|4|4|4|4|4|4
5928,0,False,0,1,0,6|0|0|0|0|0|0|0|0|0
5931,4,False,4,2,4,3|4|4|4|4|4|4|1|4|4
5935,7,False,7,1,7,7|7|7|7|7|7|5|7|7|7
5937,9,False,9,0,9,9|9|9|9|9|9|9|9|9|9
5950,4,False,4,1,4,4|4|4|4|4|4|7|4|4|4
5990,9,True,2,10,2,2|2|2|2|2|2|2|2|2|2
6020,1,False,1,3,1,1|1|2|1|1|1|5|1|1|5
6027,4,False,4,0,4,4|4|4|4|4|4|4|4|4|4
6029,2,True,5,10,5,5|5|5|3|5|5|3|1|5|5
6031,1,False,1,3,1,1|5|1|1|1|1|5|1|1|5
6036,9,False,9,0,9,9|9|9|9|9|9|9|9|9|9
6039,4,False,4,0,4,4|4|4|4|4|4|4|4|4|4
6045,3,False,3,7,5,4|5|5|3|5|5|3|4|3|5
6047,2,True,5,10,5,5|5|5|3|5|5|5|1|5|5
6050,8,False,8,0,8,8|8|8|8|8|8|8|8|8|8
6057,5,True,9,10,9,9|9|9|9|9|9|9|9|9|9
6062,6,True,0,10,0,0|0|0|0|0|0|0|0|0|0
6073,4,True,2,10,2,2|2|2|2|2|2|2|2|2|2
6088,5,False,5,7,3,3|5|3|3|3|5|3|1|3|5
6091,2,True,5,10,5,3|5|5|3|5|5|3|1|5|5
6092,5,False,5,1,5,5|5|5|5|5|5|5|1|5|5
6096,8,True,6,10,6,6|6|6|6|6|6|6|6|6|6
6102,5,False,5,3,5,5|5|2|4|5|5|5|4|5|5
6104,5,False,5,8,3,3|3|5|2|3|3|3|1|5|3
6114,5,True,9,5,5,5|9|9|9|5|5|5|1|5|9
6132,0,False,0,9,8,8|8|8|8|8|8|0|8|8|8
6143,8,False,8,3,8,8|1|8|8|8|8|8|1|8|1
6164,7,False,7,0,7,7|7|7|7|7|7|7|7|7|7
6178,9,False,9,4,9,5|9|9|1|1|9|5|9|9|9
6181,1,True,4,10,4,4|4|4|4|4|4|4|4|4|4
6189,7,False,7,0,7,7|7|7|7|7|7|7|7|7|7
6195,9,False,9,2,9,7|9|9|9|9|9|9|0|9|9
6197,7,False,7,8,2,2|7|2|4|2|7|8|4|4|2
6204,4,False,4,0,4,4|4|4|4|4|4|4|4|4|4
6218,7,False,7,0,7,7|7|7|7|7|7|7|7|7|7
6241,1,False,1,1,1,1|1|1|1|1|1|5|1|1|1
6248,5,False,5,1,5,5|5|5|5|5|5|5|1|5|5
6251,0,True,4,10,4,4|4|4|4|4|4|4|4|4|4
6273,8,True,6,10,6,7|6|6|6|6|6|6|6|6|6
6279,5,False,5,1,5,5|5|5|5|5|5|5|1|5|5
6289,1,True,4,10,4,4|4|4|4|4|4|4|4|4|4
6292,4,False,4,0,4,4|4|4|4|4|4|4|4|4|4
6294,6,False,6,0,6,6|6|6|6|6|6|6|6|6|6
6301,7,False,7,10,4,4|4|4|4|4|4|4|4|5|4
6302,1,False,1,1,1,1|1|1|1|1|1|5|1|1|1
6306,3,False,3,9,5,5|5|5|5|5|3|5|1|5|5
6307,7,False,7,0,7,7|7|7|7|7|7|7|7|7|7
6318,1,False,1,1,1,1|1|1|1|1|1|5|1|1|1
6323,2,False,2,0,2,2|2|2|2|2|2|2|2|2|2
6339,1,True,4,10,4,4|4|4|4|4|4|4|4|4|4
6344,4,False,4,0,4,4|4|4|4|4|4|4|4|4|4
6351,1,True,3,9,5,5|5|5|5|5|5|5|1|5|5
6355,5,False,5,2,5,5|5|5|3|5|5|5|1|5|5
6383,6,True,1,10,1,1|1|1|1|1|1|5|1|1|5
6386,4,True,7,10,7,7|7|7|7|7|7|7|7|7|7
6394,1,True,3,10,3,3|3|3|3|3|3|3|3|3|3
6423,7,False,7,8,4,1|4|2|4|7|7|4|4|4|4
6426,5,True,9,10,9,9|9|9|9|9|9|9|9|9|9
6433,3,False,3,0,3,3|3|3|3|3|3|3|3|3|3
6435,8,False,8,0,8,8|8|8|8|8|8|8|8|8|8
6438,9,False,9,0,9,9|9|9|9|9|9|9|9|9|9
6439,9,False,9,0,9,9|9|9|9|9|9|9|9|9|9
6443,2,True,5,10,5,5|5|5|5|5|5|5|1|5|5
6448,8,True,2,10,2,2|2|2|2|2|2|2|2|2|2
6452,1,True,4,10,4,4|4|4|4|4|4|4|4|4|4
6463,6,False,6,0,6,6|6|6|6|6|6|6|6|6|6
6469,9,True,2,10,2,1|2|2|7|2|2|3|2|2|2
6483,1,True,5,9,5,5|5|5|5|5|5|5|1|5|5
6485,1,True,4,10,4,4|4|4|4|4|4|4|4|4|4
6498,4,False,4,1,4,3|4|4|4|4|4|4|4|4|4
6508,8,False,8,0,8,8|8|8|8|8|8|8|8|8|8
6526,6,False,6,0,6,6|6|6|6|6|6|6|6|6|6
6527,4,False,4,0,4,4|4|4|4|4|4|4|4|4|4
6529,1,True,8,10,8,8|8|8|8|8|8|8|8|8|8
6535,4,False,4,8,7,7|4|7|7|7|7|7|7|4|7
6551,8,True,6,10,6,2|3|6|6|6|6|4|1|2|6
6553,0,False,0,0,0,0|0|0|0|0|0|0|0|0|0
6557,1,True,3,10,3,3|3|3|3|3|0|3|3|3|0
6560,4,False,4,0,4,4|4|4|4|4|4|4|4|4|4
6584,3,False,3,0,3,3|3|3|3|3|3|3|3|3|3
6587,9,False,9,0,9,9|9|9|9|9|9|9|9|9|9
6601,9,True,7,10,7,7|7|7|7|7|7|7|7|7|7
6606,2,False,2,0,2,2|2|2|2|2|2|2|2|2|2
6613,1,True,4,10,4,4|4|4|4|4|4|4|4|4|4
6694,5,False,5,10,6,6|4|4|4|6|6|6|2|6|4
6711,0,False,0,1,0,6|0|0|0|0|0|0|0|0|0
6722,8,True,6,8,6,8|6|6|6|6|6|6|8|6|6
6730,5,False,5,1,5,5|5|5|5|5|5|5|1|5|5
6735,0,False,0,0,0,0|0|0|0|0|0|0|0|0|0
6744,9,True,2,10,-1,3|5|5|3|3|5|3|1|2|5
6746,9,False,9,0,9,9|9|9|9|9|9|9|9|9|9
6753,3,False,3,8,5,3|5|3|5|5|5|5|1|5|5
6773,1,True,8,10,8,8|8|8|8|8|8|8|8|8|8
6781,5,False,5,2,5,5|5|5|5|5|5|5|1|3|5
6793,7,False,7,1,7,9|7|7|7|7|7|7|7|7|7
6805,9,True,2,10,3,3|3|2|3|5|3|3|1|3|5
6818,3,True,7,10,7,7|7|7|7|7|7|7|7|7|7
6820,2,True,1,9,1,1|1|2|1|1|1|5|1|1|1
6822,7,False,7,0,7,7|7|7|7|7|7|7|7|7|7
6846,8,False,8,2,8,8|8|0|8|1|8|8|8|8|8
6862,8,False,8,0,8,8|8|8|8|8|8|8|8|8|8
6867,0,False,0,1,0,6|0|0|0|0|0|0|0|0|0
6872,3,False,3,0,3,3|3|3|3|3|3|3|3|3|3
6878,5,False,5,1,5,5|5|5|5|5|5|5|1|5|5
6901,5,True,2,10,2,2|2|2|2|2|2|2|2|2|2
6911,4,False,4,1,4,4|4|4|4|4|4|4|4|4|2
6919,0,False,0,1,0,6|0|0|0|0|0|0|0|0|0
6927,5,True,2,10,4,4|2|2|4|4|4|4|4|4|2
6929,0,False,0,1,0,6|0|0|0|0|0|0|0|0|0
6955,1,False,1,2,1,1|1|1|1|1|1|5|1|1|2
6957,5,False,5,1,5,5|5|5|5|5|5|5|1|5|5
6961,3,False,3,8,5,5|5|5|3|5|5|3|1|5|5
6977,8,False,8,0,8,8|8|8|8|8|8|8|8|8|8
6984,9,False,9,1,9,1|9|9|9|9|9|9|9|9|9
7001,7,True,6,10,6,6|6|6|6|6|6|6|6|6|6
7015,0,False,0,0,0,0|0|0|0|0|0|0|0|0|0
7024,4,False,4,4,4,4|7|7|4|7|4|4|7|4|4
7026,2,False,2,0,2,2|2|2|2|2|2|2|2|2|2
7034,8,True,6,10,6,6|6|6|6|6|6|6|6|6|6
7039,1,True,8,10,8,8|8|8|8|8|8|8|8|8|8
7043,5,True,4,10,4,4|3|4|4|4|4|0|4|4|4
7055,7,False,7,2,7,7|7|7|3|7|7|7|7|3|7
7057,1,True,5,9,5,5|5|5|5|5|5|5|1|5|5
7059,1,True,4,10,4,4|4|0|4|4|4|4|4|4|4
7069,5,True,9,10,9,9|9|9|9|9|9|9|9|9|9
7074,9,True,2,10,4,4|4|4|4|4|4|4|4|4|4
7081,0,False,0,1,0,6|0|0|0|0|0|0|0|0|0
7091,6,False,6,0,6,6|6|6|6|6|6|6|6|6|6
7095,6,True,0,9,0,6|0|0|0|0|0|0|0|0|0
7103,5,False,5,8,3,3|7|7|3|5|3|3|7|3|5
7124,1,False,1,2,1,1|1|1|1|1|1|5|1|1|5
7141,3,True,7,9,7,3|7|7|7|7|4|4|7|7|7
7145,1,False,1,4,1,1|5|1|1|5|1|5|1|1|5
7167,9,False,9,0,9,9|9|9|9|9|9|9|9|9|9
7173,5,True,1,7,1,1|5|1|1|1|1|5|1|1|5
7180,3,False,3,0,3,3|3|3|3|3|3|3|3|3|3
7186,7,False,7,9,3,7|3|3|3|3|3|3|3|3|3
7192,5,False,5,1,5,5|5|5|5|5|5|5|1|5|5
7193,7,False,7,0,7,7|7|7|7|7|7|7|7|7|7
7194,4,True,2,10,2,2|2|2|2|2|2|2|2|2|2
7202,8,True,6,10,6,6|6|6|6|6|6|6|6|6|6
7209,2,False,2,1,2,2|2|2|4|2|2|2|2|2|2
7240,9,False,9,1,9,9|9|9|9|9|9|0|9|9|9
7252,8,True,6,10,6,6|6|6|6|6|6|6|6|6|6
7256,0,False,0,0,0,0|0|0|0|0|0|0|0|0|0
7260,2,True,5,10,5,5|5|5|3|5|5|3|1|3|5
7262,9,False,9,0,9,9|9|9|9|9|9|9|9|9|9
7272,8,True,6,9,6,6|6|6|6|6|6|6|8|6|6
7279,2,False,2,0,2,2|2|2|2|2|2|2|2|2|2
7288,1,False,1,3,1,1|1|9|1|1|1|5|1|1|5
7304,7,False,7,7,3,7|3|3|3|7|3|3|3|3|7
7317,1,True,4,10,4,4|4|4|4|4|4|4|4|4|4
7344,0,False,0,0,0,0|0|0|0|0|0|0|0|0|0
7347,6,True,0,9,0,6|0|0|0|0|0|0|0|0|0
7349,2,True,1,10,1,1|1|1|1|1|1|5|1|1|5
7368,1,True,4,10,4,4|4|4|4|4|4|4|4|4|4
7369,3,False,3,8,9,7|3|9|9|9|3|9|0|0|0
7387,8,False,8,0,8,8|8|8|8|8|8|8|8|8|8
7415,9,False,9,10,-1,5|5|2|8|1|1|0|2|0|6
7436,4,False,4,0,4,4|4|4|4|4|4|4|4|4|4
7447,1,True,8,10,8,8|8|8|8|8|8|8|8|8|8
7461,5,True,9,10,9,9|9|9|9|9|9|9|9|9|9
7467,3,False,3,4,3,7|4|3|3|4|3|3|3|3|9
7481,6,False,6,0,6,6|6|6|6|6|6|6|6|6|6
7484,8,False,8,0,8,8|8|8|8|8|8|8|8|8|8
7495,2,True,1,10,1,1|5|1|1|1|1|5|1|1|1
7501,3,False,3,0,3,3|3|3|3|3|3|3|3|3|3
7504,0,False,0,0,0,0|0|0|0|0|0|0|0|0|0
7505,0,False,0,1,0,6|0|0|0|0|0|0|0|0|0
7509,0,False,0,1,0,6|0|0|0|0|0|0|0|0|0
7517,3,False,3,3,3,3|2|3|3|3|5|3|3|3|2
7522,2,False,2,0,2,2|2|2|2|2|2|2|2|2|2
7537,6,True,0,9,0,6|0|0|0|0|0|0|0|0|0
7542,2,False,2,0,2,2|2|2|2|2|2|2|2|2|2
7548,1,False,1,1,1,1|1|1|1|1|1|5|1|1|1
7551,3,False,3,8,0,7|2|0|0|0|3|4|0|5|3
7553,6,False,6,0,6,6|6|6|6|6|6|6|6|6|6
7557,1,True,4,10,4,7|4|4|4|7|4|4|4|4|4
7568,2,True,7,10,7,7|7|7|7|7|7|7|7|7|7
7575,6,False,6,0,6,6|6|6|6|6|6|6|6|6|6
7576,9,True,2,10,2,4|2|2|2|2|2|2|2|2|2
7582,7,False,7,0,7,7|7|7|7|7|7|7|7|7|7
7583,9,False,9,1,9,1|9|9|9|9|9|9|9|9|9
7602,4,False,4,1,4,3|4|4|4|4|4|4|4|4|4
7606,7,False,7,4,7,5|3|3|7|7|7|7|7|7|5
7631,0,False,0,4,0,7|9|9|0|5|0|0|0|0|0
7645,5,True,9,9,8,1|5|8|9|8|8|8|8|9|1
7658,2,False,2,0,2,2|2|2|2|2|2|2|2|2|2
7660,0,False,0,2,0,0|0|0|8|8|0|0|0|0|0
7668,1,True,8,10,8,8|8|8|8|8|8|8|8|8|8
7672,7,False,7,0,7,7|7|7|7|7|7|7|7|7|7
7676,1,True,4,10,4,4|4|4|4|4|4|4|4|4|4
7678,1,True,8,10,8,8|8|8|8|8|8|8|8|8|8
7679,2,True,5,9,5,5|5|5|5|5|5|9|1|2|5
7688,9,True,2,10,2,2|2|2|2|2|2|2|2|2|2
7689,3,False,3,7,5,5|5|5|3|3|3|5|1|5|5
7707,1,False,1,5,1,9|1|1|1|5|1|5|1|9|9
7716,8,False,8,0,8,8|8|8|8|8|8|8|8|8|8
7741,2,False,2,0,2,2|2|2|2|2|2|2|2|2|2
7752,5,True,9,10,9,9|9|9|9|9|9|9|9|9|9
7755,5,False,5,4,5,5|5|5|5|3|1|3|1|5|5
7762,7,True,6,10,6,6|6|6|6|6|6|6|6|6|6
7769,5,False,5,1,5,5|5|5|5|5|5|5|1|5|5
7774,1,False,1,1,1,1|1|1|1|1|1|5|1|1|1
7790,1,True,8,10,8,8|8|8|8|8|8|8|8|8|8
7792,6,True,0,10,0,0|0|0|0|0|0|0|0|0|0
7800,3,True,7,10,7,7|7|7|7|7|7|7|7|7|7
7801,6,True,0,9,0,6|0|0|0|0|0|0|0|0|0
7810,0,False,0,0,0,0|0|0|0|0|0|0|0|0|0
7830,3,True,7,9,7,3|7|7|7|7|4|7|4|4|7
7832,5,True,1,9,1,1|1|1|1|1|0|5|1|1|1
7845,7,False,7,4,7,6|7|6|7|6|2|7|7|7|7
7851,4,False,4,2,4,4|4|2|2|4|4|4|4|4|4
7870,5,False,5,1,5,5|5|5|5|5|5|5|1|5|5
7877,2,False,2,1,2,2|4|2|2|2|2|2|2|2|2
7879,1,False,1,8,9,9|5|8|1|9|9|8|1|9|5
7882,2,False,2,10,3,5|5|5|3|3|3|3|3|3|3
7883,6,True,0,8,0,6|0|0|6|0|0|0|0|0|0
7886,8,False,8,0,8,8|8|8|8|8|8|8|8|8|8
7890,2,False,2,10,6,6|6|6|6|6|6|6|6|6|6
7891,9,False,9,0,9,9|9|9|9|9|9|9|9|9|9
7896,4,False,4,0,4,4|4|4|4|4|4|4|4|4|4
7902,9,False,9,3,9,9|5|9|9|1|9|9|9|1|9
7913,1,False,1,4,1,2|1|2|1|1|1|5|1|1|2
7936,1,False,1,4,1,2|1|2|1|1|1|4|1|1|2
7938,5,False,5,7,4,5|4|4|5|4|4|4|4|4|5
7940,9,True,7,10,7,7|7|7|7|7|7|7|7|7|7
7956,4,False,4,0,4,4|4|4|4|4|4|4|4|4|4
7965,0,False,0,7,8,8|0|8|8|8|0|8|0|8|8
7997,1,True,3,10,2,2|4|2|4|2|2|2|4|4|2
7999,3,False,3,0,3,3|3|3|3|3|3|3|3|3|3
8001,1,False,1,1,1,1|1|1|1|1|1|5|1|1|1
8008,6,False,6,0,6,6|6|6|6|6|6|6|6|6|6
8023,9,True,0,10,0,0|0|0|0|0|0|0|0|0|0
8031,8,False,8,0,8,8|8|8|8|8|8|8|8|8|8
8046,1,True,4,10,4,4|4|4|4|4|4|4|4|4|4
8056,3,False,3,3,3,5|5|3|3|3|3|3|3|3|5
8057,8,False,8,0,8,8|8|8|8|8|8|8|8|8|8
8059,1,False,1,1,1,1|1|1|1|1|1|5|1|1|1
8075,9,False,9,0,9,9|9|9|9|9|9|9|9|9|9
8081,2,False,2,7,4,2|4|4|4|4|2|4|2|4|4
8092,2,False,2,1,2,2|2|2|4|2|2|2|2|2|2
8107,1,False,1,3,1,2|1|1|1|1|1|5|1|1|9
8108,8,True,6,10,6,6|6|6|6|6|6|6|6|6|6
8133,3,False,3,0,3,3|3|3|3|3|3|3|3|3|3
8134,5,False,5,1,5,5|5|5|5|5|5|5|1|5|5
8158,3,False,3,1,3,3|3|5|3|3|3|3|3|3|3
8160,6,True,0,10,4,7|4|4|4|0|0|4|4|0|0
8162,3,False,3,9,8,8|8|0|8|6|3|8|8|8|8
8177,4,False,4,0,4,4|4|4|4|4|4|4|4|4|4
8184,4,False,4,0,4,4|4|4|4|4|4|4|4|4|4
8187,7,False,7,0,7,7|7|7|7|7|7|7|7|7|7
8195,2,False,2,5,-1,4|2|2|4|4|4|4|2|2|2
8223,5,False,5,10,3,3|3|3|3|3|3|3|1|3|3
8233,4,False,4,0,4,4|4|4|4|4|4|4|4|4|4
8242,0,False,0,0,0,0|0|0|0|0|0|0|0|0|0
8243,5,False,5,10,3,3|3|3|3|3|3|2|4|2|0
8254,4,False,4,0,4,4|4|4|4|4|4|4|4|4|4
8259,3,False,3,3,3,9|3|3|3|3|3|3|1|3|1
8275,4,True,2,8,2,2|2|2|4|2|4|2|2|2|2
8287,1,True,5,10,2,5|2|2|2|5|5|2|2|5|2
8291,1,True,5,8,3,3|3|3|3|3|3|3|1|3|1
8308,5,True,9,10,9,9|9|9|9|9|9|9|9|9|9
8329,1,True,8,10,8,8|8|8|8|8|8|8|8|8|8
8332,2,True,1,10,1,1|1|1|1|1|1|5|1|1|5
8335,7,True,6,9,6,6|6|6|6|6|7|6|6|6|6
8364,9,False,9,0,9,9|9|9|9|9|9|9|9|9|9
8369,7,False,7,0,7,7|7|7|7|7|7|7|7|7|7
8379,1,True,4,10,4,4|4|4|4|4|4|4|4|4|4
8380,3,False,3,7,5,3|5|5|3|5|3|5|7|5|1
8388,9,False,9,0,9,9|9|9|9|9|9|9|9|9|9
8395,9,True,2,10,3,3|3|3|3|3|3|3|3|3|3
8414,8,False,8,0,8,8|8|8|8|8|8|8|8|8|8
8418,2,False,2,0,2,2|2|2|2|2|2|2|2|2|2
8421,0,False,0,0,0,0|0|0|0|0|0|0|0|0|0
8438,2,False,2,0,2,2|2|2|2|2|2|2|2|2|2
8461,7,False,7,0,7,7|7|7|7|7|7|7|7|7|7
8465,7,False,7,10,3,3|3|3|3|3|3|3|1|3|3
8475,1,False,1,1,1,1|1|1|1|1|1|5|1|1|1
8476,1,False,1,2,1,1|1|2|1|1|1|5|1|1|1
8510,5,True,9,10,9,9|9|9|9|9|9|9|9|9|9
8522,0,False,0,3,0,0|0|0|8|0|0|8|0|8|0
8524,0,False,0,0,0,0|0|0|0|0|0|0|0|0|0
8529,5,True,1,10,9,9|9|9|9|9|9|9|9|9|9
8563,5,True,1,9,1,2|1|1|1|1|1|4|1|1|5
8569,0,False,0,0,0,0|0|0|0|0|0|0|0|0|0
8597,6,False,6,0,6,6|6|6|6|6|6|6|6|6|6
8604,7,False,7,0,7,7|7|7|7|7|7|7|7|7|7
8623,0,False,0,2,0,0|0|0|0|8|0|8|0|0|0
8630,4,False,4,0,4,4|4|4|4|4|4|4|4|4|4
8632,9,False,9,0,9,9|9|9|9|9|9|9|9|9|9
8636,8,False,8,0,8,8|8|8|8|8|8|8|8|8|8
8660,0,False,0,1,0,6|0|0|0|0|0|0|0|0|0
8671,5,False,5,3,5,5|5|5|4|5|5|5|4|5|4
8677,4,False,4,6,0,6|4|0|0|0|4|0|4|0|4
8681,6,True,7,10,7,7|7|7|7|7|7|7|7|7|7
8694,7,False,7,8,5,5|5|5|5|5|7|3|7|5|5
8699,8,True,6,10,6,3|6|6|3|6|6|6|2|6|6
8710,1,True,3,10,3,3|3|3|3|7|3|3|3|3|3
8717,8,False,8,0,8,8|8|8|8|8|8|8|8|8|8
8719,9,True,7,10,7,7|7|7|7|7|7|7|7|7|7
8735,5,True,1,7,1,1|5|1|1|1|1|5|1|1|5
8742,5,False,5,4,5,5|5|3|3|5|5|5|1|5|0
8750,2,False,2,2,2,2|4|2|4|2|2|2|2|2|2
8756,5,False,5,1,5,5|5|5|5|5|5|5|1|5|5
8784,1,True,4,10,4,4|4|4|4|4|4|4|4|4|4
8810,9,True,0,10,0,7|0|0|0|7|7|0|0|0|0
8811,5,True,9,10,9,9|9|9|9|9|9|9|9|9|9
8819,2,False,2,9,4,4|4|4|4|4|4|4|4|2|4
8820,6,False,6,1,6,6|6|6|2|6|6|6|6|6|6
8827,6,False,6,4,6,9|6|6|6|9|6|7|7|6|6
8828,6,False,6,1,6,6|6|6|6|6|6|6|8|6|6
8850,9,False,9,0,9,9|9|9|9|9|9|9|9|9|9
8856,1,False,1,4,1,1|1|8|8|1|0|8|1|1|1
8878,5,False,5,1,5,5|5|5|5|5|5|5|1|5|5
8880,3,False,3,0,3,3|3|3|3|3|3|3|3|3|3
8887,9,True,7,10,4,7|4|4|4|4|4|4|4|4|4
8911,4,False,4,0,4,4|4|4|4|4|4|4|4|4|4
8913,1,True,4,10,4,4|4|4|4|4|4|4|4|2|2
8924,7,False,7,8,4,3|7|7|4|3|4|6|4|4|6
8932,1,False,1,2,1,1|1|1|1|1|1|5|1|1|5
8946,7,False,7,4,7,7|7|9|7|9|7|9|7|7|9
8949,6,False,6,1,6,8|6|6|6|6|6|6|6|6|6
8953,0,False,0,4,0,6|5|6|0|6|0|0|0|0|0
8965,5,True,1,8,1,1|1|1|1|1|1|5|1|1|5
8968,0,True,8,9,8,9|8|9|9|8|0|8|8|8|1
8970,4,False,4,7,3,2|3|7|4|3|4|4|1|3|3
8982,1,True,8,10,8,8|8|8|8|8|8|8|8|8|8
8987,1,True,4,10,4,4|4|4|4|4|4|4|4|4|4
8992,9,False,9,0,9,9|9|9|9|9|9|9|9|9|9
8998,8,False,8,0,8,8|8|8|8|8|8|8|8|8|8
9025,9,False,9,0,9,9|9|9|9|9|9|9|9|9|9
9043,2,True,1,9,1,1|1|2|1|1|1|5|1|1|1
9050,6,False,6,0,6,6|6|6|6|6|6|6|6|6|6
9078,2,False,2,1,2,7|2|2|2|2|2|2|2|2|2
9094,6,True,0,9,0,6|0|0|0|0|0|0|0|0|0
9105,4,False,4,0,4,4|4|4|4|4|4|4|4|4|4
9125,6,False,6,1,6,6|6|6|6|6|6|6|8|6|6
9143,9,False,9,0,9,9|9|9|9|9|9|9|9|9|9
9148,5,True,1,8,1,1|5|1|1|1|9|9|1|1|5
9166,3,False,3,3,3,3|3|3|2|3|3|4|3|3|4
9172,9,True,2,10,2,2|2|2|2|2|2|2|2|2|2
9173,3,False,3,1,3,3|3|5|3|3|3|3|3|3|3
9188,8,False,8,0,8,8|8|8|8|8|8|8|8|8|8
9189,1,False,1,2,1,1|1|1|1|1|1|5|1|1|5
9196,1,True,5,10,7,7|7|7|7|7|7|7|7|7|7
9202,4,False,4,10,7,7|7|7|7|7|7|7|7|7|7
9206,8,False,8,0,8,8|8|8|8|8|8|8|8|8|8
9209,1,False,1,10,9,9|9|9|9|9|9|9|9|9|9
9212,1,True,5,9,5,5|5|5|5|5|5|5|1|5|5
9220,8,False,8,0,8,8|8|8|8|8|8|8|8|8|8
9235,2,True,5,10,7,7|7|7|7|7|7|7|7|7|7
9246,8,True,6,10,6,6|6|6|6|6|6|6|6|6|6
9248,3,False,3,0,3,3|3|3|3|3|3|3|3|3|3
9251,1,False,1,2,1,1|5|1|1|1|1|5|1|1|1
9262,8,False,8,0,8,8|8|8|8|8|8|8|8|8|8
9274,5,False,5,1,5,5|5|5|5|5|5|5|1|5|5
9293,1,True,3,10,3,3|3|3|3|3|3|3|3|3|3
9298,3,False,3,1,3,3|3|3|3|3|3|3|3|3|5
9329,7,False,7,1,7,7|7|7|7|7|7|4|7|7|7
9340,9,False,9,0,9,9|9|9|9|9|9|9|9|9|9
9357,3,False,3,0,3,3|3|3|3|3|3|3|3|3|3
9365,5,True,1,9,1,1|1|1|1|1|1|5|1|1|1
9367,7,True,6,10,6,6|6|6|6|6|6|6|6|6|6
9379,0,False,0,1,0,6|0|0|0|0|0|0|0|0|0
9400,1,False,1,3,1,1|5|1|1|1|1|8|1|1|5
9406,6,False,6,0,6,6|6|6|6|6|6|6|6|6|6
9407,1,False,1,2,1,1|1|1|1|1|1|5|1|1|5
9433,1,True,5,9,5,5|5|5|3|5|5|3|1|5|5
9434,9,False,9,0,9,9|9|9|9|9|9|9|9|9|9
9444,2,True,5,8,5,1|5|5|2|5|5|3|2|5|5
9452,4,False,4,10,8,8|8|8|8|8|8|8|8|8|8
9456,4,True,7,10,7,7|7|7|7|7|7|7|7|7|7
9458,5,False,5,2,5,5|5|5|5|5|5|2|7|5|5
9463,2,False,2,7,9,9|4|2|9|9|4|2|7|9|2
9468,6,False,6,0,6,6|6|6|6|6|6|6|6|6|6
9478,1,False,1,10,0,0|0|8|0|0|0|0|0|0|0
9487,9,False,9,0,9,9|9|9|9|9|9|9|9|9|9
9490,8,False,8,0,8,8|8|8|8|8|8|8|8|8|8
9501,9,False,9,0,9,9|9|9|9|9|9|9|9|9|9
9502,4,False,4,0,4,4|4|4|4|4|4|4|4|4|4
9509,4,True,1,10,9,9|5|9|0|9|1|5|9|9|1
9533,0,False,0,0,0,0|0|0|0|0|0|0|0|0|0
9535,1,False,1,3,1,1|5|1|1|1|1|5|1|1|5
9549,5,True,1,10,1,1|9|1|1|1|1|4|1|1|1
9559,2,False,2,2,2,7|4|2|2|2|2|2|2|2|2
9561,5,True,1,8,1,1|1|1|1|1|1|5|1|1|5
9574,3,False,3,5,3,2|0|3|3|0|3|0|3|3|2
9578,1,False,1,7,0,8|8|8|1|1|0|0|0|1|0
9582,2,True,1,10,1,1|5|1|0|1|0|0|1|1|1
9592,4,False,4,0,4,4|4|4|4|4|4|4|4|4|4
9605,5,False,5,1,5,5|5|5|5|5|5|5|1|5|5
9620,1,False,1,10,9,9|9|9|9|9|9|9|9|9|9
9627,1,True,8,10,8,8|8|8|8|8|8|8|8|8|8
9629,8,True,2,10,2,2|2|2|2|2|2|4|2|2|2
9637,7,False,7,0,7,7|7|7|7|7|7|7|7|7|7
9649,5,False,5,7,3,5|5|5|3|3|1|3|1|3|3
9671,0,False,0,0,0,0|0|0|0|0|0|0|0|0|0
9694,3,False,3,0,3,3|3|3|3|3|3|3|3|3|3
9709,6,False,6,1,6,8|6|6|6|6|6|6|6|6|6
9724,4,False,4,0,4,4|4|4|4|4|4|4|4|4|4
9729,5,False,5,1,5,5|5|5|5|5|5|5|1|5|5
9743,8,False,8,0,8,8|8|8|8|8|8|8|8|8|8
9762,6,False,6,0,6,6|6|6|6|6|6|6|6|6|6
9766,1,False,1,1,1,1|1|1|1|1|1|5|1|1|1
9789,7,False,7,0,7,7|7|7|7|7|7|7|7|7|7
9791,4,False,4,0,4,4|4|4|4|4|4|4|4|4|4
9793,5,False,5,1,5,5|5|5|5|5|5|5|1|5|5
9807,5,True,9,10,9,9|9|9|9|9|9|9|9|9|9
9816,1,True,4,10,4,4|4|4|4|4|4|4|4|4|4
9817,3,False,3,4,3,3|3|3|3|2|3|2|9|3|2
9822,1,False,1,2,1,1|1|1|1|1|1|5|1|5|1
9829,7,False,7,0,7,7|7|7|7|7|7|7|7|7|7
9840,2,True,4,10,4,4|4|4|4|4|4|4|4|4|4
9841,1,True,3,9,5,5|5|5|3|5|5|5|1|5|5
9858,2,False,2,9,4,4|4|4|4|4|2|4|4|4|4
9863,5,True,1,6,1,5|5|1|1|1|1|5|1|1|5
9883,1,True,8,10,8,8|8|8|8|8|8|8|8|8|8
9919,5,True,9,10,9,9|9|9|9|9|9|9|9|9|9
9923,6,False,6,1,6,6|2|6|6|6|6|6|6|6|6
9928,6,False,6,0,6,6|6|6|6|6|6|6|6|6|6
9939,3,True,7,10,7,7|7|7|7|7|7|7|7|7|7
9954,4,True,2,10,2,2|2|2|2|2|2|2|2|2|2
9970,1,True,3,9,3,3|5|5|3|3|3|5|1|3|3
9973,3,False,3,0,3,3|3|3|3|3|3|3|3|3|3
9978,6,False,6,1,6,6|6|6|6|6|6|6|6|6|4
10013,8,True,6,10,6,6|6|6|6|6|6|6|6|6|6
10023,4,False,4,1,4,4|6|4|4|4|4|4|4|4|4
10024,6,True,0,10,0,0|0|0|0|0|0|0|0|0|0
10027,2,False,2,3,2,2|2|2|0|2|2|0|0|2|2
10028,7,False,7,0,7,7|7|7|7|7|7|7|7|7|7
10037,7,False,7,1,7,7|7|7|7|7|7|7|7|5|7
10050,6,True,0,9,0,6|0|0|0|0|0|0|0|0|0
10051,4,False,4,0,4,4|4|4|4|4|4|4|4|4|4
10052,6,False,6,0,6,6|6|6|6|6|6|6|6|6|6
10091,5,False,5,6,3,3|5|5|3|3|5|3|1|5|3
10099,8,False,8,3,8,8|8|8|8|8|0|8|0|0|8
10104,5,False,5,4,5,5|4|5|4|5|5|4|1|5|5
10106,7,False,7,1,7,7|7|7|7|4|7|7|7|7|7
10126,9,True,3,10,3,3|5|3|3|3|3|3|3|3|3
10134,4,False,4,5,-1,7|4|7|4|7|4|4|4|7|7
10140,7,False,7,0,7,7|7|7|7|7|7|7|7|7|7
10155,2,False,2,0,2,2|2|2|2|2|2|2|2|2|2
10161,5,True,9,10,9,9|9|9|9|9|9|9|9|9|9
10167,4,False,4,0,4,4|4|4|4|4|4|4|4|4|4
10178,9,False,9,8,-1,2|5|2|1|1|5|9|1|9|5
10185,6,True,7,9,-1,7|2|7|3|7|2|6|1|0|2
10186,3,False,3,5,3,5|3|5|3|3|3|3|2|5|5
10190,2,True,1,10,1,1|5|1|1|1|1|5|1|1|5
10194,5,False,5,4,5,5|2|2|5|5|5|4|2|5|5
10196,4,False,4,0,4,4|4|4|4|4|4|4|4|4|4
10208,9,False,9,9,1,9|1|2|1|1|1|5|1|1|5
10234,1,True,8,10,8,8|8|8|8|0|8|8|8|8|8
10244,3,False,3,0,3,3|3|3|3|3|3|3|3|3|3
10252,9,False,9,1,9,9|9|9|9|5|9|9|9|9|9
10274,7,False,7,4,7,4|4|7|9|7|7|7|7|7|4
10285,9,False,9,8,0,0|0|0|9|1|9|0|0|0|0
10294,1,True,5,9,3,9|3|5|3|3|3|3|1|3|3
10309,5,True,9,10,9,9|9|9|9|9|9|9|9|9|9
10314,1,False,1,7,5,9|5|9|5|1|1|5|1|9|5
10316,5,True,9,10,9,9|9|9|9|9|9|9|9|9|9
10320,3,False,3,0,3,3|3|3|3|3|3|3|3|3|3
10327,6,False,6,0,6,6|6|6|6|6|6|6|6|6|6
10336,8,False,8,0,8,8|8|8|8|8|8|8|8|8|8
10356,6,False,6,2,6,3|6|6|6|6|6|6|6|4|6
10357,8,True,6,10,6,6|6|2|2|6|6|6|2|2|6
10384,7,False,7,1,7,3|7|7|7|7|7|7|7|7|7
10392,4,False,4,0,4,4|4|4|4|4|4|4|4|4|4
10407,5,False,5,10,3,3|3|3|3|3|3|3|1|3|3
10411,8,False,8,0,8,8|8|8|8|8|8|8|8|8|8
10418,3,False,3,0,3,3|3|3|3|3|3|3|3|3|3
10420,2,True,1,9,1,2|5|1|1|1|1|5|1|1|5
10429,5,False,5,7,4,3|4|5|4|5|4|4|4|5|2
10442,1,True,8,10,8,8|8|8|8|8|8|8|0|8|8
10452,3,False,3,5,3,1|0|3|3|3|3|8|8|3|8
10466,3,True,7,9,7,3|7|7|7|7|7|7|7|7|7
10469,2,False,2,5,2,5|5|5|2|2|2|4|2|5|2
10490,9,True,7,4,9,9|9|9|7|9|7|7|7|9|9
10492,3,False,3,10,2,2|6|2|2|2|2|4|2|2|2
10503,1,True,5,10,2,2|2|2|2|2|2|2|2|2|2
10518,3,False,3,5,3,3|5|5|3|5|3|3|1|5|3
10539,4,False,4,1,4,4|4|4|4|4|4|0|4|4|4
10548,6,True,0,10,0,0|0|0|0|0|0|0|0|0|0
10556,5,False,5,4,5,2|5|5|2|5|5|5|1|2|5
10581,5,True,9,10,9,9|9|9|9|9|9|9|9|9|9
10599,2,True,5,10,7,7|7|5|7|7|7|9|7|7|7
10622,9,False,9,0,9,9|9|9|9|9|9|9|9|9|9
10626,9,False,9,0,9,9|9|9|9|9|9|9|9|9|9
10634,3,False,3,0,3,3|3|3|3|3|3|3|3|3|3
10641,4,False,4,0,4,4|4|4|4|4|4|4|4|4|4
10648,2,True,1,10,9,9|5|1|1|9|9|9|1|9|9
10670,5,False,5,10,4,3|4|2|4|4|4|4|4|4|4
10677,0,True,8,10,8,8|8|8|8|8|8|8|8|8|8
10696,1,True,5,9,5,5|5|5|5|5|5|5|1|5|5
10698,9,False,9,0,9,9|9|9|9|9|9|9|9|9|9
10712,7,False,7,10,2,3|2|2|2|3|2|2|2|2|2
10713,0,False,0,0,0,0|0|0|0|0|0|0|0|0|0
10734,7,False,7,2,7,7|7|7|7|7|7|3|7|4|7
10751,9,False,9,0,9,9|9|9|9|9|9|9|9|9|9
10759,5,False,5,1,5,5|5|5|5|5|5|5|1|5|5
10763,1,True,8,10,8,8|8|8|8|8|8|8|8|8|8
10765,4,False,4,9,-1,3|3|3|2|2|4|2|1|3|2
10768,5,False,5,2,5,5|5|5|3|5|5|5|1|5|5
10769,9,False,9,0,9,9|9|9|9|9|9|9|9|9|9
10775,8,False,8,0,8,8|8|8|8|8|8|8|8|8|8
10783,6,False,6,0,6,6|6|6|6|6|6|6|6|6|6
10793,9,False,9,0,9,9|9|9|9|9|9|9|9|9|9
10794,7,True,6,9,6,6|6|6|6|6|7|6|6|6|6
10799,5,True,9,10,9,9|9|9|9|9|9|9|9|9|9
10803,5,False,5,1,5,5|5|5|5|5|5|5|1|5|5
10811,0,False,0,1,0,6|0|0|0|0|0|0|0|0|0
10812,6,True,0,8,0,6|0|0|0|6|0|0|0|0|0
10825,1,True,3,10,3,3|3|3|3|3|3|6|3|3|6
10828,6,False,6,1,6,8|6|6|6|6|6|6|6|6|6
10832,5,True,1,6,9,9|9|9|9|5|5|5|9|9|5
10838,1,True,4,10,4,4|4|4|4|4|4|4|4|4|4
10843,3,False,3,8,5,5|5|5|5|3|3|4|4|5|5
10856,1,True,8,10,8,8|8|8|8|8|8|8|8|8|8
10872,0,False,0,1,0,6|0|0|0|0|0|0|0|0|0
10874,7,False,7,0,7,7|7|7|7|7|7|7|7|7|7
10880,2,True,5,10,5,5|5|3|5|5|5|5|1|5|5
10882,1,False,1,2,1,1|1|1|1|1|1|8|1|1|5
10894,9,False,9,0,9,9|9|9|9|9|9|9|9|9|9
10895,1,False,1,6,8,8|8|1|1|1|1|8|8|8|8
10896,0,False,0,1,0,6|0|0|0|0|0|0|0|0|0
10906,1,True,8,10,8,8|8|8|8|8|8|8|8|8|8
10929,3,False,3,9,5,5|5|5|5|5|3|5|1|5|5
10932,7,False,7,4,7,7|7|5|7|7|7|5|7|5|5
10964,2,True,1,10,1,1|1|1|1|1|1|5|1|1|5
10965,8,False,8,0,8,8|8|8|8|8|8|8|8|8|8
10974,8,False,8,0,8,8|8|8|8|8|8|8|8|8|8
10988,7,False,7,0,7,7|7|7|7|7|7|7|7|7|7
10997,1,True,8,10,8,0|8|8|8|8|8|0|0|8|8
11046,7,False,7,1,7,9|7|7|7|7|7|7|7|7|7
11051,4,True,7,8,7,7|4|7|7|4|7|7|7|7|7
11066,6,False,6,0,6,6|6|6|6|6|6|6|6|6|6
11068,2,True,7,10,7,5|7|7|7|7|7|3|7|7|7
11069,1,True,8,10,8,8|8|8|8|8|8|8|8|8|8
11070,9,True,6,10,6,6|6|6|6|7|6|6|6|6|6
11084,2,False,2,0,2,2|2|2|2|2|2|2|2|2|2
11093,8,True,6,9,6,6|6|6|6|6|6|6|8|6|6
11100,0,False,0,0,0,0|0|0|0|0|0|0|0|0|0
11101,7,True,6,9,6,7|6|6|6|6|6|6|6|6|6
11111,5,True,9,10,9,9|9|9|9|9|9|9|9|9|9
11113,6,False,6,9,2,2|2|2|2|2|6|2|2|2|2
11122,0,False,0,1,0,6|0|0|0|0|0|0|0|0|0
11135,6,False,6,1,6,8|6|6|6|6|6|6|6|6|6
11136,4,True,7,10,7,7|7|7|7|7|7|7|7|7|7
11137,5,True,2,10,2,0|2|2|2|2|2|2|2|2|2
11143,5,False,5,2,5,5|5|5|5|5|5|5|1|5|3
11149,8,False,8,0,8,8|8|8|8|8|8|8|8|8|8
11161,1,True,4,10,3,3|3|3|3|3|3|3|3|3|3
11172,5,True,9,10,9,9|9|9|8|9|9|9|9|9|9
11180,8,False,8,0,8,8|8|8|8|8|8|8|8|8|8
11186,5,False,5,1,5,5|5|5|5|5|5|5|1|5|5
11195,3,False,3,0,3,3|3|3|3|3|3|3|3|3|3
11219,6,False,6,0,6,6|6|6|6|6|6|6|6|6|6
11224,0,False,0,1,0,6|0|0|0|0|0|0|0|0|0
11228,7,False,7,9,3,3|5|3|3|1|7|3|1|3|5
11244,8,False,8,0,8,8|8|8|8|8|8|8|8|8|8
11246,6,False,6,0,6,6|6|6|6|6|6|6|6|6|6
11247,5,False,5,10,6,6|6|6|6|6|6|6|6|6|6
11251,0,False,0,8,8,0|8|8|8|8|8|8|8|8|0
11254,4,False,4,0,4,4|4|4|4|4|4|4|4|4|4
11268,1,True,3,10,9,5|9|9|9|9|9|9|9|9|9
11273,6,False,6,1,6,8|6|6|6|6|6|6|6|6|6
11289,9,True,7,10,7,7|7|7|7|7|7|7|7|7|7
11300,7,False,7,0,7,7|7|7|7|7|7|7|7|7|7
11318,6,False,6,0,6,6|6|6|6|6|6|6|6|6|6
11331,6,False,6,1,6,3|6|6|6|6|6|6|6|6|6
11333,1,True,3,10,4,4|4|4|4|4|4|4|4|4|4
11352,8,False,8,8,0,8|0|0|0|6|8|0|0|0|0
11377,9,True,7,10,7,7|7|7|7|7|7|7|7|7|7
11403,1,False,1,1,1,1|1|1|1|1|1|5|1|1|1
11414,7,False,7,0,7,7|7|7|7|7|7|7|7|7|7
11416,6,True,0,10,0,0|0|0|0|0|0|0|0|0|0
11418,2,True,1,10,1,1|1|1|1|1|1|5|1|1|5
11429,6,False,6,0,6,6|6|6|6|6|6|6|6|6|6
11454,9,True,2,10,2,2|2|2|2|2|2|2|2|2|2
11474,0,False,0,5,-1,0|0|3|3|3|0|3|3|0|0
11492,3,False,3,3,3,3|5|3|3|5|3|3|1|3|3
11494,5,False,5,3,5,3|5|5|5|5|5|5|4|5|3
11501,8,False,8,0,8,8|8|8|8|8|8|8|8|8|8
11503,8,False,8,0,8,8|8|8|8|8|8|8|8|8|8
11506,4,False,4,2,4,4|4|2|4|4|4|4|2|4|4
11514,6,True,0,9,0,6|0|0|0|0|0|0|0|0|0
11518,2,False,2,0,2,2|2|2|2|2|2|2|2|2|2
11546,1,False,1,9,9,9|5|9|9|9|9|9|9|1|5
11548,2,False,2,0,2,2|2|2|2|2|2|2|2|2|2
11561,7,False,7,4,7,3|7|7|7|7|7|7|4|4|2
11563,0,False,0,0,0,0|0|0|0|0|0|0|0|0|0
11575,5,False,5,10,4,4|4|4|4|4|4|4|4|4|4
11579,1,False,1,2,1,1|1|1|1|1|1|5|1|1|5
11586,4,False,4,0,4,4|4|4|4|4|4|4|4|4|4
11598,1,True,8,10,8,8|8|8|8|8|8|8|8|8|8
11604,9,False,9,0,9,9|9|9|9|9|9|9|9|9|9
11606,9,True,2,10,2,2|2|2|2|2|2|4|2|2|2
11608,3,True,7,6,3,7|7|7|3|3|3|5|1|3|5
11617,3,False,3,7,5,5|5|5|3|3|3|5|1|5|5
11619,1,False,1,2,1,1|5|1|1|1|1|5|1|1|1
11623,3,False,3,6,0,0|0|0|3|0|3|0|0|3|3
11625,3,False,3,2,3,3|3|5|3|3|3|3|1|3|3
11638,6,False,6,0,6,6|6|6|6|6|6|6|6|6|6
11681,9,False,9,8,0,7|9|0|4|0|9|8|4|0|5
11687,6,False,6,0,6,6|6|6|6|6|6|6|6|6|6
11688,9,False,9,0,9,9|9|9|9|9|9|9|9|9|9
11721,0,False,0,1,0,6|0|0|0|0|0|0|0|0|0
11726,6,False,6,0,6,6|6|6|6|6|6|6|6|6|6
11727,3,False,3,1,3,3|3|3|3|3|3|3|1|3|3
11734,0,False,0,10,8,8|8|8|8|1|8|8|1|8|1
11739,3,False,3,0,3,3|3|3|3|3|3|3|3|3|3
11741,7,False,7,0,7,7|7|7|7|7|7|7|7|7|7
11747,9,False,9,0,9,9|9|9|9|9|9|9|9|9|9
11752,3,False,3,2,3,5|3|3|3|5|3|3|3|3|3
11770,2,True,5,10,5,5|5|5|5|5|5|5|1|5|5
11774,9,False,9,0,9,9|9|9|9|9|9|9|9|9|9
11792,6,False,6,1,6,6|6|6|6|6|6|0|6|6|6
11820,4,False,4,0,4,4|4|4|4|4|4|4|4|4|4
11821,6,False,6,1,6,6|6|6|6|6|6|6|2|6|6
11848,3,True,7,10,7,7|7|7|7|7|7|7|7|7|7
11849,0,False,0,2,0,6|0|6|0|0|0|0|0|0|0
11852,2,True,5,10,5,5|5|5|5|5|5|5|1|5|5
11853,5,False,5,2,5,5|5|5|5|5|5|3|1|5|5
11855,3,False,3,0,3,3|3|3|3|3|3|3|3|3|3
11868,3,False,3,4,3,5|5|3|3|5|3|3|3|3|5
11876,9,False,9,0,9,9|9|9|9|9|9|9|9|9|9
11880,5,False,5,6,-1,5|4|5|7|5|2|4|4|5|4
11915,2,False,2,0,2,2|2|2|2|2|2|2|2|2|2
11916,5,True,1,8,1,1|9|1|1|1|9|5|1|1|5
11919,6,True,0,5,6,6|0|6|8|6|2|6|6|1|0
11941,9,False,9,1,9,9|9|9|9|9|9|9|9|0|9
11945,4,False,4,0,4,4|4|4|4|4|4|4|4|4|4
11960,1,True,3,10,3,3|3|3|3|3|3|6|3|3|6
12000,7,True,6,9,6,6|6|6|6|6|7|6|6|6|6
12016,3,False,3,8,0,7|0|9|0|0|3|3|4|5|0
12022,4,False,4,0,4,4|4|4|4|4|4|4|4|4|4
12025,1,False,1,4,1,1|1|2|2|1|2|5|1|1|1
12031,8,True,6,10,3,3|3|3|3|3|3|3|3|3|6
12043,2,False,2,10,6,7|6|6|3|3|3|6|6|6|6
12044,2,False,2,0,2,2|2|2|2|2|2|2|2|2|2
12052,0,False,0,0,0,0|0|0|0|0|0|0|0|0|0
12062,6,True,0,9,0,6|0|0|0|0|0|0|0|0|0
12098,5,False,5,1,5,5|5|5|5|5|5|5|1|5|5
12119,5,False,5,3,5,5|5|5|5|5|5|5|1|3|3
12122,6,False,6,4,6,5|6|6|1|6|6|6|6|1|1
12128,1,True,8,9,8,8|8|8|8|1|8|8|8|8|8
12140,2,False,2,0,2,2|2|2|2|2|2|2|2|2|2
12144,1,True,5,9,5,5|5|5|5|5|5|5|1|5|5
12152,5,True,9,10,9,9|9|9|9|9|9|9|9|9|9
12154,4,False,4,1,4,7|4|4|4|4|4|4|4|4|4
12158,1,False,1,2,1,1|1|1|1|1|1|5|1|1|5
12181,0,False,0,0,0,0|0|0|0|0|0|0|0|0|0
12187,9,False,9,0,9,9|9|9|9|9|9|9|9|9|9
12194,8,False,8,0,8,8|8|8|8|8|8|8|8|8|8
12207,8,False,8,0,8,8|8|8|8|8|8|8|8|8|8
12212,4,True,2,10,2,2|2|2|2|2|2|2|2|2|2
12215,3,False,3,1,3,5|3|3|3|3|3|3|3|3|3
12225,3,False,3,0,3,3|3|3|3|3|3|3|3|3|3
12228,5,True,1,8,1,1|1|1|1|1|1|5|1|1|5
12231,1,False,1,1,1,1|1|1|1|1|1|5|1|1|1
12235,5,False,5,3,5,5|5|3|5|5|5|3|1|5|5
12254,6,False,6,0,6,6|6|6|6|6|6|6|6|6|6
12276,2,True,1,10,1,1|1|1|1|1|1|5|1|1|5
12283,1,False,1,2,1,1|1|1|1|1|1|5|1|1|5
12293,7,True,6,10,6,6|6|6|6|6|6|6|6|6|6
12295,1,False,1,8,0,1|0|0|0|0|0|0|0|1|0
12299,1,False,1,2,1,1|5|1|1|1|1|5|1|1|1
12307,4,False,4,8,-1,4|4|5|3|5|3|5|3|5|3
12333,4,False,4,1,4,4|4|2|4|4|4|4|4|4|4
12351,1,True,8,10,8,8|8|8|8|8|8|8|8|8|8
12361,9,True,2,10,2,2|0|2|2|4|2|4|2|2|2
12363,6,True,0,10,0,0|0|0|0|0|0|0|0|0|0
12368,4,False,4,0,4,4|4|4|4|4|4|4|4|4|4
12369,7,True,6,10,6,6|6|6|6|6|6|6|6|6|6
12373,1,False,1,2,1,1|5|1|1|1|1|5|1|1|1
12374,2,True,6,9,3,6|3|2|3|3|3|3|3|3|6
12379,6,False,6,0,6,6|6|6|6|6|6|6|6|6|6
12381,7,False,7,6,4,4|4|7|4|7|7|7|4|4|4
12383,9,False,9,0,9,9|9|9|9|9|9|9|9|9|9
12390,5,False,5,1,5,5|5|5|5|5|5|5|1|5|5
12391,3,False,3,0,3,3|3|3|3|3|3|3|3|3|3
12412,1,False,1,5,1,1|5|1|1|5|9|5|1|1|5
12419,0,False,0,2,0,6|0|0|0|0|0|0|0|0|8
12423,0,True,2,10,2,2|2|2|2|2|2|2|2|2|2
12433,6,False,6,9,2,2|4|2|2|8|3|3|3|6|2
12464,7,False,7,1,7,9|7|7|7|7|7|7|7|7|7
12468,5,False,5,2,5,5|5|5|5|5|1|5|1|5|5
12469,6,True,0,10,0,8|0|0|0|0|0|0|8|0|0
12477,0,False,0,1,0,6|0|0|0|0|0|0|0|0|0
12491,6,False,6,1,6,6|6|6|6|6|6|0|6|6|6
12504,4,True,2,10,0,0|0|0|0|0|0|0|0|0|0
12512,6,False,6,0,6,6|6|6|6|6|6|6|6|6|6
12549,9,True,2,10,2,3|2|2|2|3|2|2|2|5|2
12569,1,True,5,9,5,5|5|5|5|3|5|3|1|3|3
12604,6,False,6,1,6,6|6|6|6|6|6|6|8|6|6
12607,2,False,2,1,2,2|4|2|2|2|2|2|2|2|2
12611,1,True,4,10,4,4|4|4|4|4|4|4|4|4|4
12621,1,True,5,9,5,5|5|5|5|5|5|5|1|5|5
12622,1,False,1,2,1,1|1|1|1|1|1|5|1|1|5
12630,5,False,5,2,5,5|5|5|2|5|5|5|1|5|5
12639,3,False,3,0,3,3|3|3|3|3|3|3|3|3|3
12640,6,True,0,9,0,6|0|0|0|0|0|0|0|0|0
12650,8,False,8,0,8,8|8|8|8|8|8|8|8|8|8
12654,9,False,9,0,9,9|9|9|9|9|9|9|9|9|9
12657,8,True,6,10,6,6|6|6|6|6|6|6|6|6|6
12659,0,False,0,0,0,0|0|0|0|0|0|0|0|0|0
12662,9,False,9,0,9,9|9|9|9|9|9|9|9|9|9
12668,0,False,0,3,0,6|8|0|8|0|0|0|0|0|0
12669,2,False,2,0,2,2|2|2|2|2|2|2|2|2|2
12680,5,True,9,10,9,9|9|9|9|9|9|9|9|9|9
12684,8,True,6,10,6,3|6|6|6|4|6|6|6|6|6
12689,6,False,6,1,6,3|6|6|6|6|6|6|6|6|6
12690,3,True,7,10,7,7|7|7|7|7|7|7|7|7|7
12696,5,False,5,1,5,5|5|5|5|5|5|5|1|5|5
12711,9,True,2,10,2,2|2|2|2|2|2|2|2|2|2
12715,5,True,9,9,9,9|9|9|1|9|9|9|1|1|5
12724,4,True,2,10,2,2|6|2|6|2|2|2|2|2|6
12740,6,True,0,9,0,6|0|0|8|3|0|8|0|0|0
12742,9,True,2,10,2,2|2|2|2|2|2|2|2|2|2
12756,3,True,7,10,-1,7|7|7|7|7|4|4|4|4|4
12758,3,False,3,0,3,3|3|3|3|3|3|3|3|3|3
12764,0,False,0,3,0,6|0|6|0|0|0|0|0|6|0
12766,1,False,1,10,9,9|9|9|9|9|9|9|9|9|9
12793,9,False,9,0,9,9|9|9|9|9|9|9|9|9|9
12799,6,False,6,0,6,6|6|6|6|6|6|6|6|6|6
12802,6,True,0,8,0,6|0|3|3|6|0|0|0|0|0
12808,0,False,0,0,0,0|0|0|0|0|0|0|0|0|0
12826,1,True,4,10,4,4|4|4|4|4|4|4|4|4|4
12842,7,False,7,0,7,7|7|7|7|7|7|7|7|7|7
12846,4,False,4,0,4,4|4|4|4|4|4|4|4|4|4
12850,6,False,6,0,6,6|6|6|6|6|6|6|6|6|6
12852,8,True,6,8,6,8|6|6|6|6|6|8|6|6|6
12866,1,True,8,10,8,8|8|8|8|8|8|8|8|8|8
12881,5,True,1,7,1,1|5|1|1|1|1|5|1|1|5
12887,6,False,6,0,6,6|6|6|6|6|6|6|6|6|6
12899,7,False,7,4,7,7|3|7|7|3|3|5|7|7|7
12914,1,False,1,2,1,1|1|1|1|1|1|5|1|1|5
12924,2,False,2,2,2,2|2|2|2|7|2|6|2|2|2
12949,1,False,1,6,1,1|5|1|4|1|0|0|4|1|5
12966,1,True,3,10,3,3|3|3|9|3|2|7|6|6|3
12973,3,False,3,0,3,3|3|3|3|3|3|3|3|3|3
13018,6,False,6,0,6,6|6|6|6|6|6|6|6|6|6
13046,8,True,6,10,6,6|6|6|6|6|6|6|6|6|6
13075,2,False,2,10,0,6|0|0|0|0|0|0|0|0|0
13079,8,False,8,0,8,8|8|8|8|8|8|8|8|8|8
13088,1,False,1,2,1,1|1|1|1|1|1|5|1|1|5
13095,1,True,8,10,8,8|8|8|8|8|8|8|8|8|8
13096,9,False,9,7,8,8|5|8|8|8|9|8|8|9|9
13106,0,False,0,1,0,6|0|0|0|0|0|0|0|0|0
13119,7,False,7,0,7,7|7|7|7|7|7|7|7|7|7
13134,4,False,4,0,4,4|4|4|4|4|4|4|4|4|4
13138,9,False,9,0,9,9|9|9|9|9|9|9|9|9|9
13144,1,False,1,2,1,1|1|1|1|1|1|5|1|1|5
13156,1,False,1,5,1,2|5|2|1|1|1|5|1|1|5
13162,6,False,6,0,6,6|6|6|6|6|6|6|6|6|6
13180,6,False,6,2,6,6|6|0|6|6|6|4|6|6|6
13185,7,False,7,0,7,7|7|7|7|7|7|7|7|7|7
13195,9,True,2,10,2,2|2|2|2|2|2|2|2|2|2
13210,1,True,4,10,4,4|4|4|4|4|4|4|4|4|4
13238,6,True,0,10,0,8|8|0|0|0|0|0|0|0|8
13248,0,False,0,0,0,0|0|0|0|0|0|0|0|0|0
13249,5,False,5,6,5,2|2|5|5|5|5|3|1|3|3
13255,5,True,9,9,9,9|5|9|9|9|9|9|9|9|9
13257,5,False,5,3,5,5|5|3|5|5|4|5|4|5|5
13284,7,False,7,0,7,7|7|7|7|7|7|7|7|7|7
13290,2,False,2,0,2,2|2|2|2|2|2|2|2|2|2
13302,1,True,3,8,8,1|8|8|8|8|8|8|1|8|8
13333,7,False,7,0,7,7|7|7|7|7|7|7|7|7|7
13334,6,True,0,9,0,6|0|0|0|0|0|0|0|0|0
13341,2,False,2,6,7,7|4|7|7|7|7|2|2|2|2
13381,5,True,9,10,9,9|9|9|9|9|9|9|9|9|9
13385,4,False,4,0,4,4|4|4|4|4|4|4|4|4|4
13392,5,False,5,10,4,3|4|4|4|4|4|4|4|4|4
13396,1,True,3,10,3,3|3|3|3|3|3|3|3|3|3
13398,2,False,2,3,2,1|7|2|3|2|2|2|2|2|2
13409,7,False,7,1,7,3|7|7|7|7|7|7|7|7|7
13421,9,False,9,0,9,9|9|9|9|9|9|9|9|9|9
13428,4,False,4,3,4,7|4|7|4|4|4|4|4|4|7
13450,7,False,7,0,7,7|7|7|7|7|7|7|7|7|7
13455,6,False,6,0,6,6|6|6|6|6|6|6|6|6|6
13457,0,False,0,1,0,6|0|0|0|0|0|0|0|0|0
13462,1,False,1,2,1,1|1|1|1|1|1|5|1|1|5
13466,1,True,4,10,4,4|4|4|4|4|4|4|4|4|4
13473,0,False,0,0,0,0|0|0|0|0|0|0|0|0|0
13475,9,False,9,1,9,9|9|9|9|9|9|9|0|9|9
13481,8,False,8,0,8,8|8|8|8|8|8|8|8|8|8
13492,2,False,2,3,2,7|6|2|2|2|2|4|2|2|2
13500,6,False,6,0,6,6|6|6|6|6|6|6|6|6|6
13507,0,False,0,0,0,0|0|0|0|0|0|0|0|0|0
13513,4,False,4,0,4,4|4|4|4|4|4|4|4|4|4
13556,9,True,2,10,2,2|4|2|2|2|2|4|2|2|2
13569,7,False,7,3,7,7|4|7|7|7|7|7|4|4|7
13578,0,False,0,1,0,6|0|0|0|0|0|0|0|0|0
13584,3,False,3,1,3,3|3|3|3|3|3|3|1|3|3
13596,8,True,6,10,6,6|6|6|6|6|6|6|6|6|6
13605,7,False,7,0,7,7|7|7|7|7|7|7|7|7|7
13606,8,False,8,0,8,8|8|8|8|8|8|8|8|8|8
13612,3,False,3,0,3,3|3|3|3|3|3|3|3|3|3
13616,8,False,8,0,8,8|8|8|8|8|8|8|8|8|8
13620,8,False,8,0,8,8|8|8|8|8|8|8|8|8|8
13621,2,False,2,7,0,7|2|0|0|0|2|0|2|0|0
13623,8,False,8,0,8,8|8|8|8|8|8|8|8|8|8
13626,2,False,2,10,0,6|0|0|0|0|0|0|0|0|0
13632,9,True,7,10,7,5|7|7|7|7|7|7|7|7|7
13633,1,True,8,10,8,8|8|8|8|8|8|8|8|8|8
13635,6,False,6,0,6,6|6|6|6|6|6|6|6|6|6
13637,2,False,2,1,2,2|4|2|2|2|2|2|2|2|2
13649,0,False,0,0,0,0|0|0|0|0|0|0|0|0|0
13657,5,True,9,10,9,9|9|9|9|9|9|9|9|9|9
13668,0,False,0,0,0,0|0|0|0|0|0|0|0|0|0
13675,2,False,2,0,2,2|2|2|2|2|2|2|2|2|2
13684,8,False,8,0,8,8|8|8|8|8|8|8|8|8|8
13688,3,False,3,9,6,6|4|6|2|4|4|0|3|6|6
13692,6,False,6,1,6,5|6|6|6|6|6|6|6|6|6
13699,9,False,9,0,9,9|9|9|9|9|9|9|9|9|9
13700,3,False,3,8,5,5|5|5|5|5|3|5|1|3|5
13714,0,False,0,0,0,0|0|0|0|0|0|0|0|0|0
13729,8,False,8,0,8,8|8|8|8|8|8|8|8|8|8
13732,7,False,7,10,3,3|3|3|3|0|3|3|3|3|3
13777,2,False,2,6,0,2|2|2|0|0|2|0|0|0|0
13781,5,False,5,5,5,5|5|5|3|6|5|3|1|5|3
13788,1,True,8,10,9,9|9|9|9|9|9|9|9|9|9
13789,7,False,7,0,7,7|7|7|7|7|7|7|7|7|7
13796,6,False,6,2,6,8|6|6|6|6|6|6|6|2|6
13811,1,True,3,9,3,3|3|3|3|3|3|3|1|3|3
13841,0,False,0,0,0,0|0|0|0|0|0|0|0|0|0
13845,1,False,1,2,1,1|1|1|1|1|1|5|1|1|5
13853,2,False,2,0,2,2|2|2|2|2|2|2|2|2|2
13857,1,True,3,10,0,6|0|0|0|0|0|0|0|0|9
13862,3,False,3,0,3,3|3|3|3|3|3|3|3|3|3
13867,9,False,9,5,9,9|9|9|9|1|9|4|1|1|5
13869,5,True,9,9,9,9|5|9|9|9|9|0|9|8|9
13910,9,False,9,0,9,9|9|9|9|9|9|9|9|9|9
13916,6,False,6,0,6,6|6|6|6|6|6|6|6|6|6
13921,7,True,6,10,6,6|6|6|6|6|6|6|6|6|6
13927,1,True,4,10,4,4|4|4|4|4|4|4|4|4|4
13933,4,False,4,5,4,3|4|4|2|0|4|0|4|4|0
13949,6,False,6,0,6,6|6|6|6|6|6|6|6|6|6
13959,4,False,4,0,4,4|4|4|4|4|4|4|4|4|4
13967,8,False,8,0,8,8|8|8|8|8|8|8|8|8|8
14024,9,True,6,10,6,6|5|6|6|1|6|5|7|2|6
14028,1,True,8,10,8,8|8|8|8|8|8|8|8|8|8
14045,2,True,8,10,8,8|8|8|8|8|8|8|8|8|8
14047,1,True,3,10,3,3|3|3|3|3|3|3|3|3|3
14059,5,True,9,10,9,9|9|9|9|9|9|9|9|9|9
14116,0,False,0,1,0,0|0|0|8|0|0|0|0|0|0
14147,4,False,4,0,4,4|4|4|4|4|4|4|4|4|4
14163,8,True,6,10,6,6|6|6|6|6|6|6|6|6|6
14164,4,False,4,0,4,4|4|4|4|4|4|4|4|4|4
14176,8,False,8,0,8,8|8|8|8|8|8|8|8|8|8
14204,1,False,1,2,1,1|1|1|1|1|1|5|1|1|5
14246,1,True,5,9,5,5|5|5|5|5|5|5|1|5|5
14287,8,False,8,0,8,8|8|8|8|8|8|8|8|8|8
14290,7,False,7,0,7,7|7|7|7|7|7|7|7|7|7
14298,5,False,5,1,5,5|5|5|5|5|5|5|1|5|5
14315,3,False,3,2,3,3|5|3|3|3|3|3|1|3|3
14321,3,False,3,0,3,3|3|3|3|3|3|3|3|3|3
14324,4,False,4,0,4,4|4|4|4|4|4|4|4|4|4
14340,1,True,3,10,3,3|3|3|3|3|5|3|3|3|3
14353,2,False,2,4,2,9|2|2|2|0|2|0|2|9|2
14373,3,False,3,0,3,3|3|3|3|3|3|3|3|3|3
14376,5,True,1,8,1,1|1|1|1|1|1|5|1|1|5
14394,7,False,7,1,7,3|7|7|7|7|7|7|7|7|7
14423,2,False,2,10,0,0|0|0|0|0|0|0|0|0|0
14430,7,False,7,0,7,7|7|7|7|7|7|7|7|7|7
14452,3,True,7,10,7,7|4|7|4|7|7|7|4|7|7
14453,5,False,5,5,5,5|7|5|3|3|3|5|7|5|5
14462,9,False,9,0,9,9|9|9|9|9|9|9|9|9|9
14472,2,False,2,0,2,2|2|2|2|2|2|2|2|2|2
14475,5,True,9,6,9,5|5|9|1|5|9|9|9|9|5
14493,3,True,7,10,7,7|7|7|7|7|7|7|7|7|7
14518,1,False,1,1,1,1|1|1|1|1|1|5|1|1|1
14523,5,True,9,9,9,5|9|9|9|9|9|9|9|1|9
14532,4,False,4,1,4,4|4|4|4|4|4|4|7|4|4
14542,8,False,8,0,8,8|8|8|8|8|8|8|8|8|8
14549,5,True,1,8,1,1|5|9|1|1|1|5|1|1|1
14554,3,False,3,1,3,3|2|3|3|3|3|3|3|3|3
14562,9,False,9,0,9,9|9|9|9|9|9|9|9|9|9
14566,4,False,4,0,4,4|4|4|4|4|4|4|4|4|4
14581,1,True,8,10,8,8|8|8|8|8|8|8|8|8|8
14583,2,False,2,1,2,2|2|2|2|2|2|4|2|2|2
14585,0,False,0,0,0,0|0|0|0|0|0|0|0|0|0
14588,2,False,2,0,2,2|2|2|2|2|2|2|2|2|2
14605,3,False,3,0,3,3|3|3|3|3|3|3|3|3|3
14629,6,False,6,6,6,5|5|9|6|6|6|0|7|9|6
14646,0,True,2,10,2,2|2|2|2|2|2|2|2|6|2
14647,3,False,3,7,7,5|7|7|7|7|3|3|7|7|3
14652,0,False,0,1,0,0|0|0|0|0|2|0|0|0|0
14666,0,False,0,0,0,0|0|0|0|0|0|0|0|0|0
14667,4,False,4,4,4,7|4|4|4|4|4|7|7|4|7
14671,9,True,7,10,7,7|7|7|7|7|7|7|7|7|7
14675,2,False,2,3,2,2|7|2|5|2|2|3|2|2|2
14680,7,False,7,1,7,7|7|7|7|7|7|7|4|7|7
14685,3,False,3,0,3,3|3|3|3|3|3|3|3|3|3
14699,4,False,4,0,4,4|4|4|4|4|4|4|4|4|4
14708,0,False,0,1,0,6|0|0|0|0|0|0|0|0|0
14710,8,False,8,0,8,8|8|8|8|8|8|8|8|8|8
14713,1,False,1,4,1,2|1|2|1|1|1|4|1|1|5
14721,1,False,1,3,1,2|2|1|1|1|1|8|1|1|1
14733,7,False,7,0,7,7|7|7|7|7|7|7|7|7|7
14738,7,False,7,2,7,9|7|7|7|7|7|7|7|7|5
14764,1,False,1,3,1,2|5|1|1|1|1|8|1|1|1
14767,8,False,8,1,8,2|8|8|8|8|8|8|8|8|8
14770,2,False,2,8,6,6|6|2|4|8|6|4|6|2|4
14802,5,False,5,10,6,6|6|6|6|6|6|6|6|6|6
14820,3,False,3,8,6,6|6|0|3|6|3|7|6|8|6
14822,9,True,7,10,7,7|7|7|7|7|4|7|7|7|2
14840,2,False,2,5,2,5|2|2|5|5|5|3|2|2|2
14841,1,True,5,10,5,5|5|5|2|5|5|4|2|5|5
14845,6,False,6,3,6,7|6|6|6|2|6|6|6|7|6
14846,8,False,8,0,8,8|8|8|8|8|8|8|8|8|8
14851,5,True,1,8,-1,1|5|1|9|5|9|9|1|1|9
14856,0,False,0,0,0,0|0|0|0|0|0|0|0|0|0
14879,1,True,4,10,4,4|4|4|4|4|4|4|4|4|4
14899,0,True,2,5,-1,2|2|0|2|0|2|0|0|2|0
14907,4,False,4,6,7,7|4|7|7|7|4|4|7|7|4
14923,1,True,4,10,4,4|4|4|4|4|4|4|4|4|4
14960,2,True,5,10,5,5|5|5|3|5|5|3|1|5|5
14974,1,True,4,10,4,4|4|4|4|4|4|4|4|4|4
14975,1,True,5,9,5,5|5|5|5|5|5|5|1|5|5
14978,1,False,1,3,1,1|5|1|1|1|1|5|1|1|5
14986,1,True,3,9,3,5|3|3|3|3|3|3|1|3|3
14989,3,True,7,9,7,7|7|7|7|7|7|7|7|3|7
14994,6,False,6,0,6,6|6|6|6|6|6|6|6|6|6
14997,4,False,4,0,4,4|4|4|4|4|4|4|4|4|4
15005,5,True,9,10,9,9|9|9|9|9|9|9|9|9|9
15029,5,False,5,6,5,3|5|5|2|2|3|5|1|3|5
15036,1,True,4,10,2,3|2|4|2|2|2|2|2|3|4
15037,7,False,7,0,7,7|7|7|7|7|7|7|7|7|7
15042,1,False,1,4,1,1|9|1|1|1|1|5|9|1|5
15055,3,True,7,10,7,7|7|7|7|7|7|7|7|7|7
15058,4,True,7,10,5,3|5|3|3|5|7|5|1|5|5
15069,5,True,1,6,1,1|5|1|1|5|9|5|1|1|5
15075,6,False,6,0,6,6|6|6|6|6|6|6|6|6|6
15077,0,False,0,6,2,2|2|0|2|0|2|0|2|2|0
15080,6,True,3,10,3,3|3|3|3|3|3|3|3|3|3
15083,3,False,3,1,3,5|3|3|3|3|3|3|3|3|3
15091,2,False,2,10,6,3|6|3|3|3|6|6|6|5|6
15112,4,False,4,0,4,4|4|4|4|4|4|4|4|4|4
15118,2,False,2,0,2,2|2|2|2|2|2|2|2|2|2
15127,3,False,3,7,5,3|5|5|5|5|3|3|1|5|5
15128,8,False,8,5,-1,8|8|0|8|0|0|8|8|0|0
15141,9,False,9,0,9,9|9|9|9|9|9|9|9|9|9
15151,5,True,1,8,1,1|5|1|1|1|1|9|1|1|5
15159,5,True,9,10,9,9|9|9|9|9|9|9|9|9|9
15163,6,False,6,0,6,6|6|6|6|6|6|6|6|6|6
15177,5,False,5,1,5,5|5|5|5|5|5|5|4|5|5
15185,6,False,6,1,6,8|6|6|6|6|6|6|6|6|6
15203,4,False,4,0,4,4|4|4|4|4|4|4|4|4|4
15207,1,True,5,10,3,3|5|5|3|5|3|3|3|3|3
15208,7,False,7,0,7,7|7|7|7|7|7|7|7|7|7
15211,6,False,6,0,6,6|6|6|6|6|6|6|6|6|6
15213,5,False,5,1,5,5|5|5|5|5|5|5|1|5|5
15216,7,False,7,10,5,5|5|2|5|5|5|5|1|2|5
15220,6,False,6,2,6,8|6|6|6|7|6|6|6|6|6
15229,5,False,5,2,5,3|5|5|5|5|5|5|1|5|5
15262,9,True,2,10,2,2|4|2|4|2|2|2|2|2|2
15285,2,False,2,0,2,2|2|2|2|2|2|2|2|2|2
15308,1,False,1,2,1,1|5|1|1|1|1|5|1|1|1
15321,1,True,3,10,3,3|5|3|3|3|3|3|3|3|5
15362,1,True,5,10,5,5|5|5|5|5|5|5|4|5|5
15387,6,False,6,0,6,6|6|6|6|6|6|6|6|6|6
15392,3,False,3,0,3,3|3|3|3|3|3|3|3|3|3
15396,0,False,0,1,0,6|0|0|0|0|0|0|0|0|0
15410,8,True,6,10,6,6|6|6|6|6|6|6|6|6|6
15417,3,False,3,2,3,5|3|3|3|3|3|3|1|3|3
15427,7,False,7,0,7,7|7|7|7|7|7|7|7|7|7
15438,8,False,8,0,8,8|8|8|8|8|8|8|8|8|8
15459,9,True,7,10,7,7|7|7|7|7|7|7|7|7|7
15461,1,False,1,2,1,1|1|1|2|1|1|5|1|1|1
15473,0,False,0,0,0,0|0|0|0|0|0|0|0|0|0
15475,5,False,5,3,5,5|5|5|7|5|5|3|1|5|5
15478,6,False,6,0,6,6|6|6|6|6|6|6|6|6|6
15495,9,False,9,0,9,9|9|9|9|9|9|9|9|9|9
15517,6,False,6,2,6,7|6|6|6|6|7|6|6|6|6
15521,7,False,7,0,7,7|7|7|7|7|7|7|7|7|7
15532,4,False,4,0,4,4|4|4|4|4|4|4|4|4|4
15534,6,False,6,0,6,6|6|6|6|6|6|6|6|6|6
15542,0,False,0,1,0,6|0|0|0|0|0|0|0|0|0
15547,7,False,7,1,7,7|7|7|7|4|7|7|7|7|7
15556,5,False,5,1,5,5|5|5|5|5|5|5|1|5|5
15558,2,True,1,10,1,1|1|1|1|1|1|5|1|1|1
15564,7,False,7,5,-1,7|7|5|7|5|7|5|7|5|5
15591,8,True,5,10,5,5|5|5|5|5|5|5|1|5|5
15618,1,True,8,10,8,8|8|8|8|8|8|8|8|8|8
15619,8,False,8,1,8,8|8|8|8|8|6|8|8|8|8
15620,6,True,0,8,0,6|0|0|0|6|0|0|0|0|0
15628,0,False,0,0,0,0|0|0|0|0|0|0|0|0|0
15630,8,False,8,0,8,8|8|8|8|8|8|8|8|8|8
15641,1,True,3,10,3,3|3|3|3|3|3|3|3|3|3
15648,8,False,8,0,8,8|8|8|8|8|8|8|8|8|8
15681,1,True,8,10,8,8|8|8|8|8|8|8|8|8|8
15682,1,True,3,10,3,3|3|3|3|3|3|3|3|3|3
15694,9,False,9,10,8,8|8|8|8|8|8|0|8|0|8
15697,0,True,2,10,6,5|6|6|6|3|6|7|6|6|5
15703,1,True,4,10,4,2|4|4|4|0|4|4|4|2|4
15710,1,False,1,2,1,1|5|1|1|1|1|8|1|1|1
15711,1,False,1,1,1,1|1|1|1|1|1|5|1|1|1
15715,4,False,4,0,4,4|4|4|4|4|4|4|4|4|4
15726,6,False,6,5,6,6|6|9|6|9|6|9|7|6|9
15727,8,False,8,6,0,0|8|0|0|0|8|0|8|0|8
15747,5,False,5,6,2,5|2|2|2|5|5|4|2|2|5
15754,9,True,2,10,2,2|2|2|4|2|2|2|2|2|2
15775,5,False,5,10,3,3|3|3|3|3|3|3|3|3|3
15785,5,True,9,10,9,9|9|9|9|9|9|9|9|9|9
15786,5,False,5,1,5,5|5|5|5|5|5|5|1|5|5
15789,2,False,2,5,-1,2|4|2|4|2|4|4|4|2|2
15791,7,False,7,0,7,7|7|7|7|7|7|7|7|7|7
15802,1,True,4,10,4,4|4|4|4|4|4|4|4|4|4
15803,8,False,8,0,8,8|8|8|8|8|8|8|8|8|8
15815,5,False,5,3,5,5|4|5|5|5|5|3|1|5|5
15816,6,False,6,0,6,6|6|6|6|6|6|6|6|6|6
15824,7,False,7,0,7,7|7|7|7|7|7|7|7|7|7
15842,2,True,7,10,7,7|7|7|7|7|7|7|7|7|7
15845,5,False,5,9,4,4|4|5|4|4|4|4|4|4|4
15850,7,False,7,1,7,7|7|7|7|7|7|7|4|7|7
15857,9,False,9,0,9,9|9|9|9|9|9|9|9|9|9
15872,3,False,3,3,3,3|5|3|3|3|3|3|1|3|5
15883,1,False,1,1,1,1|1|1|1|1|1|5|1|1|1
15892,1,True,8,10,8,8|8|8|8|8|8|8|8|8|8
15895,2,False,2,0,2,2|2|2|2|2|2|2|2|2|2
15910,9,True,2,10,3,1|6|3|3|6|2|6|3|3|3
15917,1,True,4,10,4,4|4|4|4|4|4|4|4|4|4
15919,4,False,4,1,4,3|4|4|4|4|4|4|4|4|4
15934,1,False,1,5,1,9|5|9|1|1|1|5|1|1|5
15935,1,True,8,10,8,8|8|8|8|8|8|8|8|8|8
15941,3,False,3,10,4,4|4|7|4|7|4|4|4|4|4
15957,1,True,3,10,3,3|3|3|3|3|3|3|3|3|3
15958,4,False,4,1,4,4|4|4|4|4|4|3|4|4|4
15972,2,False,2,0,2,2|2|2|2|2|2|2|2|2|2
15975,9,True,2,10,4,4|4|4|4|4|4|4|4|4|4
16015,6,True,0,10,0,0|0|0|0|0|0|0|0|0|0
16030,2,False,2,0,2,2|2|2|2|2|2|2|2|2|2
16031,7,False,7,0,7,7|7|7|7|7|7|7|7|7|7
16072,1,True,8,10,8,8|8|8|8|8|8|8|8|8|8
16080,2,False,2,0,2,2|2|2|2|2|2|2|2|2|2
16085,4,False,4,0,4,4|4|4|4|4|4|4|4|4|4
16106,7,True,6,10,6,6|6|6|6|6|6|6|6|6|6
16118,1,True,8,10,8,8|8|8|8|8|8|8|8|8|8
16127,1,True,8,10,8,8|8|0|8|8|8|8|0|8|8
16133,1,False,1,10,9,9|9|9|9|9|9|9|9|9|9
16134,5,False,5,1,5,5|5|5|5|5|5|5|1|5|5
16175,7,False,7,1,7,7|7|7|7|7|7|7|7|3|7
16182,0,False,0,0,0,0|0|0|0|0|0|0|0|0|0
16183,9,True,7,10,7,7|7|7|3|7|6|7|7|7|7
16184,7,False,7,3,7,9|7|5|7|7|7|7|7|7|5
16187,7,False,7,1,7,7|4|7|7|7|7|7|7|7|7
16194,4,False,4,4,4,4|4|2|3|3|4|4|3|4|4
16195,4,False,4,0,4,4|4|4|4|4|4|4|4|4|4
16200,4,False,4,0,4,4|4|4|4|4|4|4|4|4|4
16204,1,True,5,9,5,5|5|5|5|5|5|5|1|5|5
16212,5,False,5,7,7,7|4|7|5|4|7|7|7|5|5
16253,0,False,0,0,0,0|0|0|0|0|0|0|0|0|0
16254,4,False,4,0,4,4|4|4|4|4|4|4|4|4|4
16255,5,True,9,10,9,9|9|9|9|9|9|9|9|9|9
16262,9,False,9,1,9,9|5|9|9|9|9|9|9|9|9
16291,5,False,5,1,5,5|5|5|5|5|5|5|1|5|5
16297,0,False,0,0,0,0|0|0|0|0|0|0|0|0|0
16299,5,True,1,9,0,9|5|0|0|0|0|0|0|0|0
16300,7,False,7,1,7,9|7|7|7|7|7|7|7|7|7
16307,5,True,9,10,9,9|9|9|9|9|9|9|9|9|9
16318,2,False,2,0,2,2|2|2|2|2|2|2|2|2|2
16320,2,True,1,8,-1,2|5|1|1|1|1|5|2|5|5
16365,1,False,1,1,1,1|1|1|1|1|1|5|1|1|1
16366,1,True,3,9,3,3|3|3|3|3|3|3|1|3|3
16372,2,False,2,0,2,2|2|2|2|2|2|2|2|2|2
16373,9,False,9,0,9,9|9|9|9|9|9|9|9|9|9
16381,8,False,8,0,8,8|8|8|8|8|8|8|8|8|8
16393,7,True,6,9,6,6|6|6|6|6|7|6|6|6|6
16394,9,False,9,0,9,9|9|9|9|9|9|9|9|9|9
16415,2,False,2,0,2,2|2|2|2|2|2|2|2|2|2
16416,2,False,2,2,2,2|2|2|2|2|2|4|2|2|6
16424,8,True,6,10,6,6|6|2|6|6|6|6|6|6|6
16429,7,True,6,10,6,8|6|6|6|6|6|6|6|6|6
16430,8,False,8,2,8,8|8|8|8|0|8|0|8|8|8
16438,3,False,3,0,3,3|3|3|3|3|3|3|3|3|3
16448,6,True,0,10,0,0|0|0|0|0|0|0|0|0|0
16453,5,False,5,1,5,5|5|5|5|5|5|5|1|5|5
16482,9,False,9,7,-1,5|5|1|1|8|9|5|1|9|9
16510,1,True,5,8,5,5|5|5|3|5|1|5|1|5|5
16517,9,False,9,0,9,9|9|9|9|9|9|9|9|9|9
16522,3,False,3,10,5,5|5|5|5|5|5|5|1|5|5
16526,3,False,3,0,3,3|3|3|3|3|3|3|3|3|3
16527,4,False,4,3,4,4|4|7|4|4|4|0|4|4|7
16536,3,False,3,0,3,3|3|3|3|3|3|3|3|3|3
16543,1,False,1,3,1,5|5|1|1|1|1|5|1|1|1
16546,6,False,6,2,6,6|6|8|3|6|6|6|6|6|6
16566,5,False,5,10,3,3|3|3|3|3|3|3|3|3|3
16600,7,False,7,0,7,7|7|7|7|7|7|7|7|7|7
16607,1,True,8,8,8,1|8|8|8|8|8|8|8|8|1
16608,1,True,8,10,8,8|8|8|8|8|8|8|8|8|8
16614,9,False,9,2,9,9|5|1|9|9|9|9|9|9|9
16617,5,True,9,10,9,9|9|9|9|9|9|9|9|9|9
16622,4,True,2,8,2,2|2|6|2|4|6|4|2|6|2
16639,6,False,6,0,6,6|6|6|6|6|6|6|6|6|6
16649,1,True,8,10,8,8|8|8|8|6|8|8|0|8|8
16666,7,False,7,0,7,7|7|7|7|7|7|7|7|7|7
16668,7,True,6,10,6,6|6|6|6|6|6|6|6|6|6
16672,4,False,4,0,4,4|4|4|4|4|4|4|4|4|4
16675,7,True,6,9,2,7|2|2|2|2|2|4|2|6|6
16688,4,True,9,10,9,9|9|9|9|9|9|9|9|9|9
16718,5,True,9,10,9,9|9|9|9|9|9|9|9|9|9
16721,6,True,0,10,0,0|0|0|0|0|0|0|0|0|0
16750,7,False,7,0,7,7|7|7|7|7|7|7|7|7|7
16765,1,False,1,2,1,2|1|1|1|1|1|4|1|1|1
16778,6,False,6,2,6,6|6|6|6|0|6|3|6|6|6
16786,2,False,2,0,2,2|2|2|2|2|2|2|2|2|2
16793,0,False,0,1,0,6|0|0|0|0|0|0|0|0|0
16794,6,False,6,0,6,6|6|6|6|6|6|6|6|6|6
16798,5,False,5,3,5,5|5|5|3|5|5|5|1|3|5
16806,4,False,4,8,5,5|5|5|3|5|4|3|4|3|5
16823,5,False,5,1,5,5|5|5|5|5|5|5|1|5|5
16827,3,False,3,0,3,3|3|3|3|3|3|3|3|3|3
16829,5,True,1,8,1,1|1|1|1|1|1|5|1|1|5
16830,1,True,8,10,8,8|8|8|8|8|8|8|8|8|8
16833,2,False,2,8,4,2|4|2|4|4|4|4|4|4|4
16839,7,False,7,0,7,7|7|7|7|7|7|7|7|7|7
16842,4,False,4,0,4,4|4|4|4|4|4|4|4|4|4
16869,3,False,3,9,8,8|4|0|8|8|3|8|8|8|0
16870,7,False,7,0,7,7|7|7|7|7|7|7|7|7|7
16872,1,True,3,9,3,3|3|3|3|3|3|3|1|5|3
16889,4,False,4,0,4,4|4|4|4|4|4|4|4|4|4
16903,6,True,0,10,0,0|0|0|0|0|0|8|0|0|0
16905,4,False,4,4,4,3|7|7|4|4|4|4|7|4|4
16930,8,False,8,2,8,6|8|8|8|8|8|8|0|8|8
16932,3,False,3,3,3,3|2|3|4|3|3|3|3|3|2
16942,1,True,8,5,1,8|5|1|8|1|0|5|1|1|1
16951,1,True,4,10,4,4|4|4|4|4|4|4|4|4|4
16952,0,False,0,3,0,0|8|8|0|6|0|0|0|0|0
16974,9,True,2,10,2,4|2|2|4|2|2|2|2|2|2
16981,1,False,1,10,6,6|6|6|6|6|6|6|6|6|6
16993,9,False,9,0,9,9|9|9|9|9|9|9|9|9|9
17005,7,False,7,0,7,7|7|7|7|7|7|7|7|7|7
17011,0,False,0,0,0,0|0|0|0|0|0|0|0|0|0
17014,1,False,1,1,1,1|1|1|1|1|1|4|1|1|1
17016,2,False,2,1,2,2|2|2|2|2|2|2|4|2|2
17020,8,False,8,0,8,8|8|8|8|8|8|8|8|8|8
17022,0,True,8,10,1,1|1|8|1|1|1|8|1|1|1
17028,8,False,8,0,8,8|8|8|8|8|8|8|8|8|8
17032,1,False,1,2,1,1|1|1|1|1|1|4|1|1|5
17036,1,True,3,10,3,7|3|3|3|3|3|3|3|3|3
17047,3,False,3,0,3,3|3|3|3|3|3|3|3|3|3
17059,7,False,7,0,7,7|7|7|7|7|7|7|7|7|7
17068,9,False,9,0,9,9|9|9|9|9|9|9|9|9|9
17070,2,False,2,9,0,0|0|2|0|0|0|0|0|0|0
17079,1,True,5,9,5,5|5|5|5|3|3|3|1|5|5
17083,4,False,4,0,4,4|4|4|4|4|4|4|4|4|4
17085,2,False,2,0,2,2|2|2|2|2|2|2|2|2|2
17097,9,False,9,1,9,9|9|9|9|9|9|9|1|9|9
17099,9,False,9,0,9,9|9|9|9|9|9|9|9|9|9
17116,8,False,8,0,8,8|8|8|8|8|8|8|8|8|8
17118,6,False,6,0,6,6|6|6|6|6|6|6|6|6|6
17127,2,False,2,0,2,2|2|2|2|2|2|2|2|2|2
17132,8,True,6,10,6,6|6|6|6|6|6|6|6|6|6
17158,9,False,9,0,9,9|9|9|9|9|9|9|9|9|9
17160,3,True,7,10,7,7|7|7|7|7|7|7|7|7|7
17183,6,True,0,10,8,8|8|8|8|8|8|8|8|8|8
17184,1,True,3,10,3,3|3|3|3|3|3|3|3|3|6
17202,2,True,7,6,7,7|2|7|7|7|2|2|7|2|7
17218,9,False,9,0,9,9|9|9|9|9|9|9|9|9|9
17235,8,True,6,10,6,6|6|6|6|6|6|6|6|6|6
17249,2,False,2,0,2,2|2|2|2|2|2|2|2|2|2
17256,7,False,7,1,7,3|7|7|7|7|7|7|7|7|7
17258,9,False,9,0,9,9|9|9|9|9|9|9|9|9|9
17330,0,True,8,9,8,8|8|8|8|8|0|8|8|8|8
17341,9,False,9,7,7,9|9|7|7|9|7|7|7|5|5
17348,8,False,8,1,8,1|8|8|8|8|8|8|8|8|8
17356,9,False,9,0,9,9|9|9|9|9|9|9|9|9|9
17380,2,False,2,0,2,2|2|2|2|2|2|2|2|2|2
17381,3,False,3,1,3,3|3|3|3|3|3|3|4|3|3
17408,9,True,7,10,7,7|7|7|7|7|7|7|7|7|7
17427,8,True,6,10,6,6|6|6|6|6|6|6|6|6|6
17436,7,False,7,8,-1,5|4|7|3|5|3|7|4|3|5
17454,1,False,1,1,1,1|1|1|1|1|1|5|1|1|1
17458,0,False,0,0,0,0|0|0|0|0|0|0|0|0|0
17459,8,False,8,4,8,2|5|2|2|8|8|8|8|8|8
17460,1,False,1,3,1,1|1|1|1|1|8|8|1|1|8
17462,7,False,7,9,9,7|9|9|9|9|9|9|9|9|9
17495,1,True,5,9,5,5|5|5|3|5|5|3|1|3|3
17504,9,True,2,10,2,7|8|7|0|8|2|4|2|2|0
17506,2,False,2,0,2,2|2|2|2|2|2|2|2|2|2
17517,0,False,0,1,0,0|0|0|0|0|0|0|0|8|0
17524,3,True,7,10,4,4|4|4|4|4|4|4|4|4|4
17526,9,False,9,0,9,9|9|9|9|9|9|9|9|9|9
17548,1,False,1,2,1,1|1|1|1|1|1|5|1|1|5
17560,8,False,8,0,8,8|8|8|8|8|8|8|8|8|8
17564,7,False,7,2,7,7|7|7|7|3|7|7|7|3|7
17584,4,False,4,1,4,4|4|4|4|4|4|2|4|4|4
17586,1,False,1,3,1,1|1|2|1|1|1|5|1|1|5
17593,1,False,1,2,1,1|1|1|1|1|1|5|1|1|5
17600,5,True,9,10,9,9|9|9|9|9|9|9|9|9|9
17602,6,False,6,0,6,6|6|6|6|6|6|6|6|6|6
17606,2,True,1,10,1,1|1|1|1|1|1|5|1|1|1
17612,2,True,5,10,5,5|5|5|5|5|5|5|1|5|5
17613,4,False,4,1,4,4|4|4|4|4|4|0|4|4|4
17622,7,False,7,1,7,7|7|7|7|7|7|7|7|7|4
17639,9,False,9,0,9,9|9|9|9|9|9|9|9|9|9
17643,6,True,7,10,7,3|7|7|7|7|7|7|7|3|7
17645,5,False,5,7,3,5|3|3|3|3|5|5|1|3|3
17656,2,True,5,10,5,5|5|5|5|5|5|5|1|5|5
17660,9,True,3,10,3,3|3|3|3|3|3|3|3|3|3
17662,1,False,1,2,1,1|1|1|1|1|1|5|1|1|5
17671,4,False,4,10,2,2|9|2|2|2|2|2|2|2|2
17672,3,False,3,3,3,6|3|3|3|3|3|3|3|5|6
17687,9,False,9,0,9,9|9|9|9|9|9|9|9|9|9
17694,1,False,1,1,1,1|1|1|1|1|1|5|1|1|1
17696,8,False,8,0,8,8|8|8|8|8|8|8|8|8|8
17722,1,False,1,2,1,1|5|1|1|1|1|5|1|1|1
17726,1,False,1,2,1,1|1|1|1|1|1|5|1|1|5
17766,6,False,6,0,6,6|6|6|6|6|6|6|6|6|6
17767,2,False,2,0,2,2|2|2|2|2|2|2|2|2|2
17774,4,True,2,10,2,2|2|2|2|2|2|2|2|2|2
17784,9,False,9,10,8,8|8|8|8|8|8|0|8|8|8
17787,4,False,4,7,3,3|4|3|3|1|4|3|1|3|4
17795,2,True,5,10,5,5|5|5|5|5|5|5|1|5|5
17796,6,False,6,0,6,6|6|6|6|6|6|6|6|6|6
17817,8,True,2,10,2,2|2|2|2|2|2|4|2|2|2
17822,7,False,7,9,3,4|3|3|3|7|4|3|3|3|3
17841,3,False,3,6,5,3|3|5|5|5|5|3|1|3|5
17845,1,True,4,10,4,4|4|4|4|4|4|4|4|4|4
17851,9,True,2,10,2,2|2|2|2|2|2|2|2|2|2
17878,1,True,4,10,4,4|4|4|4|4|4|4|4|4|4
17898,5,False,5,5,5,0|2|5|2|5|5|5|2|5|2
17905,9,False,9,0,9,9|9|9|9|9|9|9|9|9|9
17908,6,False,6,0,6,6|6|6|6|6|6|6|6|6|6
17920,3,False,3,5,3,5|3|6|6|3|6|3|3|3|2
17924,1,False,1,1,1,1|1|1|1|1|1|5|1|1|1
17928,9,False,9,0,9,9|9|9|9|9|9|9|9|9|9
17930,3,False,3,0,3,3|3|3|3|3|3|3|3|3|3
17949,9,True,2,10,2,2|2|2|2|2|7|7|2|2|2
17950,1,False,1,2,1,1|1|1|1|1|1|5|1|1|5
17953,4,False,4,4,4,3|4|5|4|3|4|3|4|4|4
17962,1,True,8,10,8,8|8|8|8|8|8|8|8|8|8
17966,6,False,6,4,6,6|2|2|6|6|6|6|2|2|6
17983,0,False,0,1,0,6|0|0|0|0|0|0|0|0|0
18038,1,True,5,9,5,5|5|5|5|5|5|5|1|5|5
18046,6,False,6,2,6,5|6|6|2|6|6|6|6|6|6
18052,4,False,4,1,4,4|4|4|3|4|4|4|4|4|4
18058,9,True,7,7,7,9|9|7|7|7|7|7|7|7|9
18068,9,False,9,0,9,9|9|9|9|9|9|9|9|9|9
18079,7,False,7,0,7,7|7|7|7|7|7|7|7|7|7
18082,1,True,5,10,4,7|4|4|4|5|4|5|4|5|4
18106,0,False,0,2,0,0|0|0|0|0|0|0|0|8|8
18116,9,False,9,0,9,9|9|9|9|9|9|9|9|9|9
18136,4,False,4,0,4,4|4|4|4|4|4|4|4|4|4
18147,3,False,3,4,3,7|6|3|3|3|2|3|7|3|3
18157,3,False,3,0,3,3|3|3|3|3|3|3|3|3|3
18159,1,True,8,5,-1,1|8|8|8|1|8|8|1|1|1
18167,5,False,5,5,5,5|3|2|7|5|5|5|7|5|2
18172,8,True,6,10,6,6|6|6|6|6|6|7|6|6|6
18175,9,False,9,0,9,9|9|9|9|9|9|9|9|9|9
18185,4,False,4,2,4,2|4|2|4|4|4|4|4|4|4
18202,1,True,5,9,5,5|5|5|5|5|5|5|1|5|5
18206,1,False,1,2,1,1|1|1|1|1|1|5|1|1|5
18207,4,False,4,0,4,4|4|4|4|4|4|4|4|4|4
18219,7,False,7,0,7,7|7|7|7|7|7|7|7|7|7
18226,9,False,9,10,1,1|1|1|1|8|8|8|1|1|1
18234,2,False,2,0,2,2|2|2|2|2|2|2|2|2|2
18248,0,True,2,9,2,2|2|3|2|2|0|3|3|3|2
18255,7,False,7,0,7,7|7|7|7|7|7|7|7|7|7
18268,7,False,7,0,7,7|7|7|7|7|7|7|7|7|7
18269,9,True,2,10,2,2|2|2|2|2|2|2|2|2|2
18273,6,True,0,10,0,0|0|0|0|0|0|0|0|0|0
18290,4,False,4,0,4,4|4|4|4|4|4|4|4|4|4
18307,8,False,8,0,8,8|8|8|8|8|8|8|8|8|8
18308,6,False,6,1,6,8|6|6|6|6|6|6|6|6|6
18316,1,False,1,1,1,1|1|1|1|1|1|5|1|1|1
18317,5,False,5,3,5,5|5|5|3|5|5|3|1|5|5
18321,1,False,1,2,1,1|5|1|1|1|1|5|1|1|1
18342,6,False,6,0,6,6|6|6|6|6|6|6|6|6|6
18344,9,False,9,1,9,9|9|9|9|5|9|9|9|9|9
18359,8,True,6,10,6,6|6|6|6|6|6|6|6|6|6
18370,8,True,6,10,6,6|6|6|6|6|6|6|6|6|6
18382,8,False,8,0,8,8|8|8|8|8|8|8|8|8|8
18387,1,True,3,10,3,3|5|3|3|3|3|3|3|3|5
18390,0,False,0,0,0,0|0|0|0|0|0|0|0|0|0
18394,5,True,9,10,9,9|9|9|9|9|9|9|9|9|9
18403,4,False,4,0,4,4|4|4|4|4|4|4|4|4|4
18409,1,True,4,10,4,4|4|4|4|4|4|4|4|4|4
18410,3,False,3,0,3,3|3|3|3|3|3|3|3|3|3
18411,7,False,7,0,7,7|7|7|7|7|7|7|7|7|7
18413,5,True,1,9,1,1|1|1|1|1|1|5|1|1|1
18431,7,False,7,0,7,7|7|7|7|7|7|7|7|7|7
18437,4,False,4,0,4,4|4|4|4|4|4|4|4|4|4
18440,5,False,5,2,5,5|5|5|5|5|5|5|1|3|5
18450,1,True,4,10,4,4|4|4|4|4|4|4|4|4|4
18461,8,False,8,0,8,8|8|8|8|8|8|8|8|8|8
18477,2,False,2,0,2,2|2|2|2|2|2|2|2|2|2
18512,4,False,4,8,7,3|4|7|7|4|7|7|7|7|7
18515,8,False,8,0,8,8|8|8|8|8|8|8|8|8|8
18518,1,False,1,7,9,9|5|1|9|1|9|4|1|9|9
18526,1,False,1,1,1,1|1|1|1|1|1|5|1|1|1
18542,6,False,6,0,6,6|6|6|6|6|6|6|6|6|6
18543,6,False,6,0,6,6|6|6|6|6|6|6|6|6|6
18548,1,True,8,7,8,8|5|1|1|1|8|8|8|8|8
18556,7,False,7,9,4,7|4|4|4|4|4|4|4|4|4
18557,9,False,9,0,9,9|9|9|9|9|9|9|9|9|9
18573,2,False,2,0,2,2|2|2|2|2|2|2|2|2|2
18581,2,True,5,10,3,3|3|6|3|3|3|5|3|3|3
18603,6,True,0,9,0,6|0|0|0|0|0|0|0|0|0
18633,1,True,4,10,4,4|4|4|4|4|4|4|4|4|4
18637,4,False,4,2,4,3|4|4|4|4|4|4|3|4|4
18685,1,True,5,10,3,3|6|5|3|3|3|5|3|3|6
18715,5,True,9,10,9,9|9|9|9|9|9|9|9|9|9
18721,2,True,5,10,5,5|5|5|5|5|5|5|1|5|5
18726,1,True,8,10,8,8|8|8|8|8|8|8|8|8|8
18761,5,True,9,10,9,9|9|9|9|9|9|9|9|9|9
18769,3,False,3,3,3,6|3|3|3|6|3|6|3|3|3
18796,9,False,9,0,9,9|9|9|9|9|9|9|9|9|9
18806,8,False,8,0,8,8|8|8|8|8|8|8|8|8|8
18809,6,False,6,0,6,6|6|6|6|6|6|6|6|6|6
18810,1,False,1,4,1,2|1|2|1|1|1|4|1|1|5
18817,5,True,9,10,9,9|9|9|9|9|9|9|9|9|9
18823,7,False,7,0,7,7|7|7|7|7|7|7|7|7|7
18831,6,True,0,9,0,0|0|0|0|6|0|0|0|0|0
18845,5,False,5,3,5,5|5|5|5|5|5|4|2|5|2
18846,9,False,9,8,4,4|4|4|7|4|4|7|9|4|9
18847,0,False,0,1,0,6|0|0|0|0|0|0|0|0|0
18850,5,True,9,10,9,9|9|9|9|9|9|9|9|9|9
18871,9,True,6,10,6,3|6|6|6|6|6|6|6|6|6
18914,9,True,7,10,7,7|7|7|7|7|7|7|7|7|7
18915,5,False,5,1,5,5|5|5|5|5|5|5|1|5|5
18922,7,False,7,0,7,7|7|7|7|7|7|7|7|7|7
18942,3,False,3,0,3,3|3|3|3|3|3|3|3|3|3
18943,9,False,9,0,9,9|9|9|9|9|9|9|9|9|9
18945,5,False,5,2,5,5|5|5|2|5|5|5|1|5|5
18960,3,False,3,8,4,3|4|4|4|4|4|4|2|4|3
18963,5,True,9,10,9,9|9|9|9|9|9|9|9|9|9
18969,1,True,3,9,5,3|5|5|3|3|3|5|1|5|5
18978,6,False,6,0,6,6|6|6|6|6|6|6|6|6|6
18980,8,False,8,0,8,8|8|8|8|8|8|8|8|8|8
18997,7,False,7,0,7,7|7|7|7|7|7|7|7|7|7
19009,0,False,0,10,9,9|9|9|9|9|9|9|9|9|9
19020,8,False,8,0,8,8|8|8|8|8|8|8|8|8|8
19035,8,False,8,0,8,8|8|8|8|8|8|8|8|8|8
19050,9,False,9,0,9,9|9|9|9|9|9|9|9|9|9
19072,5,True,9,10,9,9|9|9|9|9|9|9|9|9|9
19079,5,True,1,7,1,1|5|1|1|1|1|5|1|1|5
19080,1,True,3,10,3,3|3|3|3|3|3|3|3|3|3
19091,2,False,2,0,2,2|2|2|2|2|2|2|2|2|2
19093,1,True,3,10,4,3|3|4|7|4|4|5|2|4|4
19094,6,True,0,10,0,0|0|0|0|0|0|0|0|0|0
19100,5,True,9,10,9,9|9|9|9|9|9|9|9|9|9
19108,2,False,2,0,2,2|2|2|2|2|2|2|2|2|2
19109,8,True,6,10,6,6|6|6|6|6|6|6|6|6|6
19111,9,False,9,0,9,9|9|9|9|9|9|9|9|9|9
19115,0,False,0,0,0,0|0|0|0|0|0|0|0|0|0
19116,6,True,0,10,0,7|7|0|8|7|0|8|0|0|0
19117,3,False,3,0,3,3|3|3|3|3|3|3|3|3|3
19129,8,False,8,0,8,8|8|8|8|8|8|8|8|8|8
19131,1,True,8,10,8,8|8|8|8|8|8|8|8|8|8
19134,4,False,4,9,7,3|7|7|7|7|4|7|7|7|7
19153,2,False,2,0,2,2|2|2|2|2|2|2|2|2|2
19155,7,False,7,0,7,7|7|7|7|7|7|7|7|7|7
19163,0,True,2,10,3,2|3|3|3|3|3|3|3|3|2
19169,5,False,5,1,5,5|5|5|5|5|5|5|1|5|5
19172,8,False,8,0,8,8|8|8|8|8|8|8|8|8|8
19175,8,False,8,2,8,1|8|8|8|6|8|8|8|8|8
19177,5,False,5,1,5,5|5|5|5|5|5|5|1|5|5
19179,3,True,7,9,7,7|7|7|7|7|4|7|7|3|7
19189,6,False,6,1,6,6|6|0|6|6|6|6|6|6|6
19202,1,False,1,2,1,1|1|1|1|1|1|5|1|1|5
19204,2,False,2,0,2,2|2|2|2|2|2|2|2|2|2
19207,9,True,2,10,4,4|4|4|4|2|4|4|4|4|4
19210,0,False,0,1,0,0|0|0|0|0|0|0|0|8|0
19212,7,False,7,0,7,7|7|7|7|7|7|7|7|7|7
19214,8,False,8,0,8,8|8|8|8|8|8|8|8|8|8
19219,8,False,8,0,8,8|8|8|8|8|8|8|8|8|8
19221,3,False,3,10,4,4|4|4|4|4|4|4|4|6|9
19225,2,False,2,0,2,2|2|2|2|2|2|2|2|2|2
19231,4,True,2,10,2,2|2|2|2|2|2|2|2|2|2
19237,0,False,0,9,8,8|8|8|8|8|0|8|8|8|8
19265,1,False,1,3,1,1|5|1|1|1|1|5|1|1|5
19271,5,False,5,8,3,3|5|3|3|3|1|3|3|5|3
19275,8,True,6,10,6,5|6|6|6|6|6|9|6|6|6
19292,1,False,1,2,1,1|1|1|1|1|1|5|1|1|5
19300,7,False,7,0,7,7|7|7|7|7|7|7|7|7|7
19319,5,False,5,6,3,3|5|5|3|3|5|3|1|3|5
19333,9,False,9,0,9,9|9|9|9|9|9|9|9|9|9
19338,5,False,5,5,-1,3|5|5|5|3|5|3|3|3|5
19369,5,True,9,9,1,9|9|1|1|1|9|9|1|1|5
19374,8,False,8,0,8,8|8|8|8|8|8|8|8|8|8
19375,3,False,3,0,3,3|3|3|3|3|3|3|3|3|3
19415,1,True,8,10,8,8|8|8|8|8|8|8|8|8|8
19434,5,False,5,3,5,5|5|5|5|7|5|7|2|5|5
19437,2,True,5,10,5,3|5|5|3|3|5|3|1|5|5
19445,0,False,0,0,0,0|0|0|0|0|0|0|0|0|0
19456,6,False,6,0,6,6|6|6|6|6|6|6|6|6|6
19468,3,False,3,1,3,3|3|3|3|3|3|3|1|3|3
19489,6,False,6,10,3,3|3|3|3|3|3|3|3|3|3
19502,8,False,8,0,8,8|8|8|8|8|8|8|8|8|8
19503,6,True,0,9,0,6|0|0|0|0|0|0|0|0|0
19517,5,True,9,10,9,9|9|9|9|9|9|9|9|9|9
19539,1,False,1,1,1,1|1|1|1|1|1|5|1|1|1
19545,6,False,6,0,6,6|6|6|6|6|6|6|6|6|6
19546,1,False,1,2,1,1|1|1|1|1|1|5|1|1|5
19574,1,False,1,2,1,1|5|1|1|1|1|5|1|1|1
19581,1,False,1,2,1,1|5|1|1|1|1|5|1|1|1
19587,1,True,8,10,8,8|8|8|8|8|8|8|8|8|8
19607,3,False,3,6,-1,3|0|8|3|3|0|8|3|8|8
19618,1,True,8,10,8,8|8|8|8|8|8|8|8|8|8
19652,5,False,5,9,4,2|4|4|4|4|1|4|4|4|5
19664,6,True,0,9,0,8|0|0|0|6|0|0|0|8|0
19665,6,False,6,2,6,6|6|6|6|6|7|6|3|6|6
19666,0,True,8,9,8,8|8|8|8|1|0|8|8|8|8
19671,9,False,9,1,9,9|9|9|9|9|9|0|9|9|9
19679,9,False,9,0,9,9|9|9|9|9|9|9|9|9|9
19686,2,False,2,6,0,0|0|0|0|0|2|2|2|0|2
19697,0,False,0,0,0,0|0|0|0|0|0|0|0|0|0
19703,9,False,9,3,9,9|9|8|9|1|9|9|9|9|1
19722,9,False,9,0,9,9|9|9|9|9|9|9|9|9|9
19749,6,True,0,9,8,6|8|8|8|8|0|0|8|0|0
19757,5,False,5,4,5,3|5|5|3|5|5|5|1|3|5
19765,5,True,1,7,1,5|5|1|1|1|1|5|1|1|1
19779,7,False,7,1,7,9|7|7|7|7|7|7|7|7|7
19783,5,True,1,8,1,1|1|9|1|1|9|5|1|1|5
19795,3,False,3,1,3,3|3|3|3|3|3|2|3|3|3
19797,4,False,4,9,3,7|7|3|3|3|4|3|7|3|3
19805,9,False,9,0,9,9|9|9|9|9|9|9|9|9|9
19815,4,True,2,10,2,2|2|2|2|2|2|2|2|2|2
19816,7,False,7,0,7,7|7|7|7|7|7|7|7|7|7
19827,3,False,3,9,-1,5|5|2|3|1|5|4|2|7|2
19831,5,True,9,9,9,0|9|9|9|9|9|5|0|9|9
19834,7,True,6,9,6,7|6|6|6|2|6|6|0|2|6
19843,8,False,8,0,8,8|8|8|8|8|8|8|8|8|8
19855,6,False,6,1,6,8|6|6|6|6|6|6|6|6|6
19877,6,False,6,0,6,6|6|6|6|6|6|6|6|6|6
19884,0,False,0,0,0,0|0|0|0|0|0|0|0|0|0
19887,1,True,8,8,8,8|8|8|1|8|8|8|8|8|1
19896,1,True,5,8,3,5|5|3|3|3|1|3|1|3|3
19903,1,True,4,10,4,4|4|4|4|4|4|4|4|4|6
19912,4,False,4,0,4,4|4|4|4|4|4|4|4|4|4
19915,2,False,2,1,2,2|4|2|2|2|2|2|2|2|2
19922,3,False,3,1,3,3|3|5|3|3|3|3|3|3|3
19928,0,False,0,1,0,6|0|0|0|0|0|0|0|0|0
19930,5,True,1,10,1,1|1|2|2|1|1|4|1|1|2
19939,1,False,1,2,1,1|1|1|1|1|1|4|1|1|5
19948,1,True,8,10,8,8|8|8|8|8|8|8|8|8|8
19973,7,False,7,0,7,7|7|7|7|7|7|7|7|7|7
19978,7,False,7,0,7,7|7|7|7|7|7|7|7|7|7
19979,1,True,8,10,8,8|8|8|8|8|8|8|8|8|8
19989,1,False,1,1,1,1|1|1|1|1|1|5|1|1|1
20017,1,True,3,10,3,3|3|3|3|3|3|3|3|3|3
20059,5,False,5,1,5,5|5|5|5|5|5|5|1|5|5
20062,7,False,7,0,7,7|7|7|7|7|7|7|7|7|7
20068,5,True,9,10,9,9|9|9|9|9|9|9|9|9|9
20084,5,False,5,1,5,5|5|5|5|5|5|5|1|5|5
20092,5,False,5,2,5,5|5|5|5|5|5|5|7|9|5
20116,4,False,4,0,4,4|4|4|4|4|4|4|4|4|4
20126,1,True,5,10,-1,5|7|5|3|7|7|5|4|3|3
20139,3,False,3,8,4,3|4|4|4|4|3|4|4|4|5
20143,1,True,3,10,3,3|3|3|3|3|3|3|3|3|5
20147,4,False,4,1,4,4|4|4|4|4|4|4|2|4|4
20154,4,False,4,0,4,4|4|4|4|4|4|4|4|4|4
20158,7,False,7,0,7,7|7|7|7|7|7|7|7|7|7
20166,4,True,7,10,7,7|7|7|7|7|7|7|7|7|7
20209,8,False,8,1,8,8|8|8|8|8|8|0|8|8|8
20226,2,False,2,4,2,5|2|2|2|2|2|5|2|5|5
20232,9,False,9,0,9,9|9|9|9|9|9|9|9|9|9
20233,6,True,0,9,0,6|0|0|0|0|0|0|0|0|0
20270,4,False,4,0,4,4|4|4|4|4|4|4|4|4|4
20291,7,False,7,8,3,7|7|3|3|3|3|3|0|3|0
20292,5,False,5,1,5,5|5|5|5|5|5|5|1|5|5
20301,1,True,3,9,3,3|4|3|3|1|3|3|4|3|3
20304,2,True,1,10,1,1|1|1|1|1|1|5|1|1|1
20312,1,False,1,3,1,1|1|1|1|1|9|5|1|1|5
20315,5,False,5,9,2,3|2|2|2|2|2|2|2|7|5
20316,7,True,6,9,6,6|7|2|6|3|6|6|6|2|6
20328,6,True,0,10,0,0|0|0|0|0|0|0|0|0|0
20338,3,False,3,6,3,3|5|7|3|3|6|5|1|3|5
20354,9,False,9,0,9,9|9|9|9|9|9|9|9|9|9
20358,8,False,8,4,8,8|8|8|1|1|8|8|0|1|8
20363,4,False,4,0,4,4|4|4|4|4|4|4|4|4|4
20364,7,False,7,0,7,7|7|7|7|7|7|7|7|7|7
20376,5,True,1,5,-1,5|5|1|1|5|1|5|1|1|5
20387,5,False,5,5,5,5|5|2|3|3|5|4|4|5|5
20421,1,True,5,10,4,3|4|4|7|7|4|4|4|4|4
20430,5,True,9,10,9,9|9|9|9|9|9|9|9|9|9
20466,8,False,8,0,8,8|8|8|8|8|8|8|8|8|8
20483,5,False,5,10,4,4|4|4|4|4|4|4|4|4|4
20489,7,False,7,0,7,7|7|7|7|7|7|7|7|7|7
20492,1,True,8,10,8,8|8|8|8|8|8|8|8|8|8
20504,6,False,6,1,6,6|6|6|6|7|6|6|6|6|6
20517,9,False,9,0,9,9|9|9|9|9|9|9|9|9|9
20558,2,False,2,10,0,0|0|0|0|0|0|0|0|0|0
20560,2,False,2,0,2,2|2|2|2|2|2|2|2|2|2
20572,0,True,2,10,2,3|2|2|2|2|2|2|2|3|2
20574,0,False,0,0,0,0|0|0|0|0|0|0|0|0|0
20581,2,True,7,10,7,7|7|7|7|7|7|7|7|7|7
20615,1,True,5,9,5,5|5|5|5|5|5|5|1|5|5
20623,6,False,6,0,6,6|6|6|6|6|6|6|6|6|6
20640,1,True,4,10,4,4|4|4|4|4|4|4|4|4|4
20665,9,False,9,1,9,9|9|9|9|9|9|9|4|9|9
20674,1,False,1,10,8,8|8|8|8|8|8|8|8|0|8
20685,3,False,3,2,3,3|3|3|3|3|3|3|1|5|3
20698,4,False,4,0,4,4|4|4|4|4|4|4|4|4|4
20719,8,False,8,1,8,8|8|1|8|8|8|8|8|8|8
20734,6,False,6,0,6,6|6|6|6|6|6|6|6|6|6
20738,4,True,7,10,7,7|7|7|7|7|7|7|7|7|7
20742,1,False,1,3,1,1|5|1|1|1|1|5|1|1|5
20744,7,False,7,0,7,7|7|7|7|7|7|7|7|7|7
20747,5,False,5,4,5,5|5|5|3|5|5|4|1|3|5
20752,2,True,1,10,1,1|5|1|1|1|1|5|1|1|5
20753,1,False,1,6,8,1|8|8|8|1|8|8|1|8|1
20759,6,True,0,9,0,6|0|0|0|0|0|0|0|0|0
20765,9,False,9,3,9,7|5|9|9|9|9|9|9|0|9
20771,7,True,6,10,6,6|6|6|6|6|6|6|6|6|6
20772,4,False,4,0,4,4|4|4|4|4|4|4|4|4|4
20774,2,True,1,8,1,2|1|2|1|1|1|5|1|1|5
20781,5,True,1,7,1,1|5|1|1|1|1|5|1|1|5
20789,7,True,6,10,6,6|6|6|6|6|6|6|6|6|6
20793,9,True,2,10,2,2|2|2|2|2|2|2|2|2|2
20804,9,False,9,0,9,9|9|9|9|9|9|9|9|9|9
20826,4,False,4,0,4,4|4|4|4|4|4|4|4|4|4
20832,4,False,4,2,4,3|4|4|4|4|4|3|4|4|4
20837,5,False,5,4,5,5|5|5|3|5|3|3|1|5|5
20840,2,True,1,9,1,1|1|1|1|1|1|5|1|1|2
20841,8,False,8,0,8,8|8|8|8|8|8|8|8|8|8
20855,9,False,9,0,9,9|9|9|9|9|9|9|9|9|9
20861,1,True,5,10,3,3|3|5|3|3|3|3|3|5|3
20881,6,False,6,0,6,6|6|6|6|6|6|6|6|6|6
20883,7,False,7,0,7,7|7|7|7|7|7|7|7|7|7
20884,4,True,7,8,7,7|7|7|7|7|4|0|7|4|7
20897,1,False,1,2,1,1|5|1|1|1|1|5|1|1|1
20903,9,True,7,10,7,7|0|0|0|0|4|7|7|7|7
20907,2,True,1,9,-1,9|5|5|2|1|1|9|0|1|5
20910,0,False,0,0,0,0|0|0|0|0|0|0|0|0|0
20912,9,False,9,0,9,9|9|9|9|9|9|9|9|9|9
20917,3,False,3,1,3,3|3|3|3|3|3|3|3|3|6
20919,6,False,6,1,6,8|6|6|6|6|6|6|6|6|6
20931,5,True,1,8,1,1|1|1|1|1|1|5|1|1|5
20934,8,True,6,10,6,6|6|6|6|6|6|6|6|6|6
20935,8,True,6,9,6,8|6|6|6|6|6|6|6|6|6
20948,1,True,4,10,4,2|4|4|4|2|4|4|4|4|4
20951,2,True,1,10,1,1|1|1|1|1|1|5|1|1|1
20958,1,True,8,10,8,8|8|8|8|8|8|8|8|8|8
20972,6,False,6,0,6,6|6|6|6|6|6|6|6|6|6
20983,6,True,0,10,4,0|4|4|4|0|0|0|4|4|4
20991,5,False,5,7,3,3|5|3|3|5|5|3|1|3|1
21003,1,False,1,2,1,1|1|1|1|1|1|5|1|1|5
21009,1,True,5,9,5,5|5|5|5|5|5|5|1|5|5
21021,4,False,4,0,4,4|4|4|4|4|4|4|4|4|4
21022,3,False,3,1,3,3|3|3|3|3|3|4|3|3|3
21023,0,False,0,1,0,6|0|0|0|0|0|0|0|0|0
21025,7,False,7,0,7,7|7|7|7|7|7|7|7|7|7
21035,5,False,5,8,2,2|2|2|2|5|2|5|2|2|2
21044,6,True,0,9,0,6|0|0|0|0|0|0|0|0|0
21049,3,False,3,1,3,5|3|3|3|3|3|3|3|3|3
21086,7,False,7,0,7,7|7|7|7|7|7|7|7|7|7
21090,9,True,2,10,2,2|2|2|2|2|2|2|2|2|2
21104,1,False,1,1,1,1|1|1|1|1|1|5|1|1|1
21117,4,False,4,0,4,4|4|4|4|4|4|4|4|4|4
21126,5,False,5,1,5,5|5|5|5|5|5|5|1|5|5
21129,9,False,9,10,0,8|0|0|0|0|0|0|0|0|0
21151,1,False,1,4,1,5|5|1|1|1|1|5|1|1|5
21160,8,False,8,0,8,8|8|8|8|8|8|8|8|8|8
21164,1,True,8,10,8,8|8|8|8|8|8|8|8|8|8
21166,0,False,0,2,0,6|0|0|0|5|0|0|0|0|0
21194,4,False,4,1,4,4|4|7|4|4|4|4|4|4|4
21197,4,False,4,5,-1,4|2|2|4|4|2|4|4|2|2
21199,1,False,1,3,1,1|1|2|1|1|1|5|1|1|5
21208,9,True,2,10,2,2|2|2|2|2|2|2|2|2|2
21227,0,False,0,0,0,0|0|0|0|0|0|0|0|0|0
21237,9,False,9,1,9,9|9|9|9|9|9|0|9|9|9
21242,5,True,9,10,9,9|9|9|9|9|9|9|9|9|9
21248,0,False,0,0,0,0|0|0|0|0|0|0|0|0|0
21250,3,False,3,10,4,4|4|7|4|4|4|4|4|4|4
21253,8,False,8,0,8,8|8|8|8|8|8|8|8|8|8
21271,2,True,5,10,5,5|5|5|5|5|5|5|1|5|5
21284,2,False,2,0,2,2|2|2|2|2|2|2|2|2|2
21288,0,False,0,1,0,0|0|0|0|0|0|0|0|8|0
21295,8,False,8,0,8,8|8|8|8|8|8|8|8|8|8
21301,3,True,7,10,7,7|7|7|7|7|7|7|7|7|7
21316,9,True,2,10,2,2|2|2|2|2|2|2|2|2|2
21327,4,False,4,0,4,4|4|4|4|4|4|4|4|4|4
21332,9,True,2,10,2,2|2|2|2|2|2|2|2|2|2
21336,9,False,9,0,9,9|9|9|9|9|9|9|9|9|9
21348,5,True,2,10,2,2|2|2|2|2|2|2|2|2|2
21369,1,False,1,2,1,1|1|1|1|1|1|5|1|1|5
21378,7,False,7,10,5,5|5|5|5|5|5|5|4|5|5
21397,1,False,1,1,1,1|1|1|1|1|1|5|1|1|1
21411,9,False,9,0,9,9|9|9|9|9|9|9|9|9|9
21421,5,False,5,10,3,3|3|3|3|3|3|3|3|3|3
21432,0,True,8,10,8,8|8|8|8|8|8|8|8|8|8
21441,3,True,7,10,7,7|7|7|7|7|7|7|7|7|7
21443,8,False,8,8,0,8|8|0|0|0|0|0|0|0|0
21445,5,True,9,9,9,9|9|9|1|9|9|5|1|9|9
21447,8,True,6,10,6,6|6|6|6|6|6|6|6|2|6
21453,1,True,4,10,4,4|4|4|4|4|4|4|4|4|4
21456,8,False,8,0,8,8|8|8|8|8|8|8|8|8|8
21461,9,False,9,0,9,9|9|9|9|9|9|9|9|9|9
21475,6,False,6,3,6,6|6|6|4|7|6|6|3|6|6
21476,9,True,2,10,4,4|4|2|6|2|2|4|4|6|6
21486,2,False,2,0,2,2|2|2|2|2|2|2|2|2|2
21491,2,False,2,0,2,2|2|2|2|2|2|2|2|2|2
21497,6,False,6,0,6,6|6|6|6|6|6|6|6|6|6
21498,1,False,1,2,1,1|1|1|1|1|1|5|1|1|5
21515,8,False,8,0,8,8|8|8|8|8|8|8|8|8|8
21516,9,False,9,0,9,9|9|9|9|9|9|9|9|9|9
21536,3,False,3,1,3,3|3|3|3|3|3|3|3|3|5
21543,5,False,5,1,5,5|5|5|5|5|5|5|1|5|5
21548,5,False,5,2,5,5|5|5|3|5|5|5|1|5|5
21552,1,True,3,9,3,3|5|3|3|3|3|3|1|3|3
21557,7,False,7,0,7,7|7|7|7|7|7|7|7|7|7
21563,1,False,1,2,1,1|1|1|1|1|1|5|1|1|5
21567,3,False,3,10,2,2|4|2|4|2|2|4|4|2|2
21572,6,False,6,2,6,8|6|6|6|6|6|6|6|2|6
21585,2,True,1,10,1,1|1|1|1|1|1|5|1|1|1
21605,0,False,0,1,0,6|0|0|0|0|0|0|0|0|0
21635,8,False,8,0,8,8|8|8|8|8|8|8|8|8|8
21642,4,False,4,2,4,4|4|9|4|4|4|4|3|4|4
21644,8,True,6,10,6,6|6|6|6|6|6|6|6|6|6
21645,9,False,9,10,2,2|0|0|2|2|2|2|2|2|2
21678,5,False,5,1,5,5|5|5|5|5|5|5|1|5|5
21717,8,True,6,10,6,6|6|6|6|6|6|6|6|6|6
21723,6,True,0,9,0,6|0|0|0|0|0|0|0|0|0
21761,0,False,0,2,0,6|5|0|0|0|0|0|0|0|0
21766,5,True,9,10,9,9|9|9|9|9|9|9|9|9|9
21767,5,False,5,8,3,3|5|3|3|5|1|3|1|3|1
21793,5,True,9,10,9,9|9|9|9|9|9|9|9|9|9
21843,7,False,7,0,7,7|7|7|7|7|7|7|7|7|7
21851,1,True,3,10,-1,2|3|2|3|2|3|2|3|3|2
21854,5,True,9,10,0,6|0|2|4|0|2|0|0|0|0
21867,2,False,2,0,2,2|2|2|2|2|2|2|2|2|2
21872,6,False,6,3,6,1|6|6|6|6|6|4|6|6|4
21884,8,False,8,2,8,8|8|0|8|8|8|0|8|8|8
21892,0,False,0,8,2,2|0|2|2|2|2|0|2|2|2
21895,9,False,9,0,9,9|9|9|9|9|9|9|9|9|9
21914,1,True,3,10,3,3|5|3|3|5|3|3|3|3|3
21923,5,True,9,10,9,9|9|9|9|9|9|9|9|9|9
21924,0,False,0,5,0,1|0|0|8|0|0|0|1|1|1
21927,7,False,7,10,5,5|2|3|3|5|5|5|1|5|2
21930,6,True,0,10,0,0|0|0|0|0|0|0|0|0|0
21931,1,True,8,10,8,8|8|8|8|8|8|8|8|8|0
21951,4,False,4,2,4,4|4|2|4|4|4|4|3|4|4
21977,5,False,5,3,5,5|5|5|5|5|5|5|1|3|7
21984,2,True,1,10,9,1|9|1|9|1|9|9|1|9|5
22005,1,True,4,10,4,4|4|4|4|4|4|4|4|4|4
22012,9,True,2,10,2,2|2|2|2|2|2|2|2|2|2
22022,1,True,8,10,8,8|8|8|8|8|8|8|8|8|8
22063,2,True,1,10,-1,5|5|9|1|9|1|9|1|1|9
22070,1,False,1,3,1,1|5|1|1|1|1|5|1|1|5
22071,3,False,3,1,3,3|3|3|3|5|3|3|3|3|3
22084,0,False,0,0,0,0|0|0|0|0|0|0|0|0|0
22100,6,False,6,3,6,8|6|6|6|8|6|6|6|6|2
22111,1,False,1,2,1,1|1|1|1|1|1|5|1|1|5
22115,7,False,7,0,7,7|7|7|7|7|7|7|7|7|7
22172,1,True,8,10,8,8|8|8|8|8|8|8|8|8|8
22188,5,False,5,4,5,5|5|5|3|3|5|3|1|5|5
22201,4,True,7,10,7,7|7|7|7|7|3|7|7|7|7
22213,4,False,4,0,4,4|4|4|4|4|4|4|4|4|4
22221,2,True,1,10,1,1|5|1|1|1|9|5|1|1|5
22231,1,True,3,10,3,3|3|3|3|3|3|3|3|3|3
22245,1,True,3,9,3,5|3|3|3|5|3|3|1|3|3
22251,1,True,3,10,3,3|3|3|3|3|3|3|3|3|3
22285,5,True,9,10,9,9|9|9|9|9|9|9|9|9|9
22286,0,False,0,0,0,0|0|0|0|0|0|0|0|0|0
22291,2,True,7,10,7,7|7|7|7|7|7|7|7|7|7
22297,2,False,2,0,2,2|2|2|2|2|2|2|2|2|2
22298,5,True,1,8,1,1|1|1|1|1|1|5|1|1|5
22303,5,True,1,8,1,1|5|1|1|1|1|5|1|1|1
22305,5,False,5,5,5,5|4|3|4|3|5|5|1|5|5
22317,0,False,0,0,0,0|0|0|0|0|0|0|0|0|0
22338,5,False,5,1,5,5|5|5|5|5|5|5|1|5|5
22345,6,False,6,8,3,3|6|3|3|8|6|3|1|3|3
22356,8,True,6,10,6,6|6|6|6|6|6|6|6|6|6
22363,6,False,6,0,6,6|6|6|6|6|6|6|6|6|6
22386,4,False,4,10,2,2|2|2|2|2|2|2|2|2|2
22388,1,False,1,4,1,5|5|1|1|1|1|5|1|1|5
22398,7,False,7,0,7,7|7|7|7|7|7|7|7|7|7
22404,6,False,6,0,6,6|6|6|6|6|6|6|6|6|6
22440,8,False,8,1,8,8|8|8|8|8|8|8|0|8|8
22448,4,True,2,10,2,2|2|2|2|2|2|2|2|2|2
22452,9,False,9,0,9,9|9|9|9|9|9|9|9|9|9
22473,2,True,5,9,0,0|0|3|0|4|0|3|7|0|2
22512,3,False,3,8,5,5|5|5|3|5|5|3|1|5|5
22514,8,False,8,0,8,8|8|8|8|8|8|8|8|8|8
22551,8,False,8,0,8,8|8|8|8|8|8|8|8|8|8
22568,1,True,3,10,3,3|3|3|3|3|3|3|3|3|3
22571,9,True,2,10,2,2|2|2|2|2|2|2|2|2|2
22573,9,False,9,2,9,9|9|9|1|5|9|9|9|9|9
22581,1,True,8,10,8,8|8|8|8|8|8|8|8|8|8
22613,5,False,5,5,5,1|5|5|3|1|5|5|1|3|5
22623,5,True,9,10,9,9|9|9|9|9|9|9|9|9|9
22668,8,False,8,0,8,8|8|8|8|8|8|8|8|8|8
22694,9,False,9,0,9,9|9|9|9|9|9|9|9|9|9
22703,7,False,7,0,7,7|7|7|7|7|7|7|7|7|7
22709,6,False,6,0,6,6|6|6|6|6|6|6|6|6|6
22731,5,False,5,4,5,5|5|3|5|5|5|3|1|3|5
22732,2,False,2,5,2,3|7|5|2|5|2|3|2|2|2
22738,2,False,2,1,2,2|4|2|2|2|2|2|2|2|2
22748,3,False,3,0,3,3|3|3|3|3|3|3|3|3|3
22752,6,False,6,1,6,6|6|6|6|6|6|6|3|6|6
22766,5,False,5,1,5,5|5|5|5|5|5|5|2|5|5
22772,7,False,7,0,7,7|7|7|7|7|7|7|7|7|7
22775,5,False,5,3,5,5|5|3|5|5|3|5|1|5|5
22815,9,False,9,0,9,9|9|9|9|9|9|9|9|9|9
22822,1,False,1,6,1,1|5|9|1|1|9|9|1|5|5
22823,4,False,4,7,7,4|4|7|7|7|4|3|7|7|7
22830,1,True,5,10,3,3|3|3|3|3|3|3|3|5|3
22833,1,False,1,2,1,1|1|1|1|1|1|5|1|1|5
22844,6,True,0,10,0,0|0|0|0|0|0|0|0|0|0
22846,7,False,7,4,7,4|4|7|7|4|7|7|7|7|4
22847,0,False,0,1,0,6|0|0|0|0|0|0|0|0|0
22856,9,False,9,0,9,9|9|9|9|9|9|9|9|9|9
22862,8,False,8,0,8,8|8|8|8|8|8|8|8|8|8
22867,1,False,1,10,9,5|9|9|9|9|9|9|9|9|9
22884,1,False,1,3,1,1|5|1|1|1|1|5|1|1|5
22888,8,False,8,0,8,8|8|8|8|8|8|8|8|8|8
22897,0,True,2,10,2,2|2|2|2|2|6|2|2|2|2
22900,1,False,1,1,1,1|1|1|1|1|1|5|1|1|1
22911,2,True,5,10,5,5|5|5|5|5|5|5|1|5|5
22933,3,False,3,0,3,3|3|3|3|3|3|3|3|3|3
22946,1,True,4,10,3,3|6|2|3|6|6|3|3|3|3
22948,8,False,8,0,8,8|8|8|8|8|8|8|8|8|8
22950,9,False,9,9,4,9|4|4|4|6|4|8|4|4|1
22978,5,False,5,1,5,5|5|5|5|5|5|5|1|5|5
22985,1,True,4,10,4,4|4|4|4|4|4|4|4|4|4
23009,5,True,9,10,9,9|9|9|9|9|9|9|9|9|9
23020,1,False,1,2,1,1|1|1|1|1|1|5|1|1|5
23028,9,False,9,0,9,9|9|9|9|9|9|9|9|9|9
23035,0,False,0,6,2,2|2|2|0|2|0|0|0|2|2
23045,1,True,8,10,8,8|8|8|8|8|8|8|8|8|8
23068,3,False,3,0,3,3|3|3|3|3|3|3|3|3|3
23070,2,False,2,8,0,0|2|0|0|6|0|0|0|0|2
23086,6,False,6,7,2,2|2|6|2|2|5|2|6|2|6
23088,2,True,1,9,1,2|5|9|1|1|1|5|1|1|5
23104,3,False,3,3,3,3|5|5|3|3|3|3|3|3|5
23116,5,True,1,8,1,1|1|1|1|1|1|5|1|1|5
23117,1,True,8,10,8,8|8|8|8|8|8|8|8|8|8
23128,2,False,2,6,4,4|4|4|4|2|2|4|2|4|2
23139,1,False,1,4,1,2|2|1|1|1|1|5|1|1|5
23140,9,True,7,9,7,7|9|7|7|7|7|7|7|7|7
23150,5,False,5,1,5,5|5|5|5|5|5|5|1|5|5
23151,5,True,1,8,1,1|1|1|1|1|1|5|1|1|5
23159,4,True,2,10,2,2|2|2|2|2|2|2|2|2|2
23176,5,False,5,1,5,5|5|5|5|5|5|5|1|5|5
23177,1,True,8,10,8,8|8|8|8|8|8|8|8|8|8
23195,1,False,1,1,1,1|1|1|1|1|1|5|1|1|1
23208,6,False,6,2,6,6|6|6|7|6|6|7|6|6|6
23222,9,True,2,10,2,2|2|2|2|2|2|2|2|2|2
23251,6,False,6,0,6,6|6|6|6|6|6|6|6|6|6
23257,9,True,6,10,6,6|6|6|6|6|6|6|6|6|6
23268,5,False,5,1,5,5|5|5|5|5|5|5|1|5|5
23289,9,True,2,10,2,2|2|2|2|2|2|0|0|2|2
23291,9,False,9,2,9,9|9|9|9|9|0|8|9|9|9
23292,7,False,7,0,7,7|7|7|7|7|7|7|7|7|7
23333,9,False,9,0,9,9|9|9|9|9|9|9|9|9|9
23349,5,False,5,1,5,5|5|5|5|5|5|5|1|5|5
23352,0,False,0,0,0,0|0|0|0|0|0|0|0|0|0
23366,6,False,6,0,6,6|6|6|6|6|6|6|6|6|6
23367,4,False,4,0,4,4|4|4|4|4|4|4|4|4|4
23372,3,False,3,1,3,3|3|3|3|3|3|3|3|3|5
23376,3,False,3,9,5,5|5|2|5|5|3|7|2|5|5
23401,3,False,3,0,3,3|3|3|3|3|3|3|3|3|3
23414,2,False,2,0,2,2|2|2|2|2|2|2|2|2|2
23419,0,False,0,0,0,0|0|0|0|0|0|0|0|0|0
23422,9,False,9,0,9,9|9|9|9|9|9|9|9|9|9
23430,3,False,3,0,3,3|3|3|3|3|3|3|3|3|3
23431,1,False,1,1,1,1|1|1|1|1|1|5|1|1|1
23470,6,False,6,0,6,6|6|6|6|6|6|6|6|6|6
23475,3,False,3,0,3,3|3|3|3|3|3|3|3|3|3
23514,1,False,1,5,1,2|1|2|2|1|1|5|1|1|5
23521,6,False,6,0,6,6|6|6|6|6|6|6|6|6|6
23536,3,False,3,1,3,3|5|3|3|3|3|3|3|3|3
23562,5,True,9,10,9,9|9|9|9|9|9|9|9|9|9
23563,6,False,6,0,6,6|6|6|6|6|6|6|6|6|6
23582,7,True,6,10,6,6|6|6|6|6|6|6|6|6|6
23586,2,False,2,0,2,2|2|2|2|2|2|2|2|2|2
23591,1,True,4,10,7,7|7|7|7|7|7|7|7|4|7
23604,4,False,4,0,4,4|4|4|4|4|4|4|4|4|4
23610,0,False,0,0,0,0|0|0|0|0|0|0|0|0|0
23612,9,True,7,10,7,5|4|2|7|7|7|4|2|7|7
23613,9,False,9,1,9,9|9|9|9|9|9|9|1|9|9
23616,7,True,6,10,6,6|6|6|6|6|6|6|6|6|6
23637,4,False,4,0,4,4|4|4|4|4|4|4|4|4|4
23640,8,False,8,4,8,1|8|8|8|5|8|8|9|8|1
23647,9,False,9,0,9,9|9|9|9|9|9|9|9|9|9
23658,3,False,3,10,4,4|4|4|4|4|4|4|4|2|4
23665,5,False,5,1,5,5|5|5|5|5|5|5|1|5|5
23669,1,True,8,10,8,8|8|8|8|8|8|8|8|8|8
23676,9,True,7,10,7,7|7|7|7|7|7|7|7|7|7
23684,0,False,0,1,0,6|0|0|0|0|0|0|0|0|0
23692,2,False,2,0,2,2|2|2|2|2|2|2|2|2|2
23715,3,False,3,0,3,3|3|3|3|3|3|3|3|3|3
23729,4,False,4,5,-1,4|4|2|2|2|4|2|4|2|4
23734,6,False,6,0,6,6|6|6|6|6|6|6|6|6|6
23748,4,False,4,3,4,4|4|7|7|4|4|4|7|4|4
23758,9,False,9,0,9,9|9|9|9|9|9|9|9|9|9
23763,3,False,3,8,4,4|4|4|4|4|3|4|4|3|4
23789,1,False,1,2,1,1|5|1|1|1|1|5|1|1|1
23796,0,False,0,0,0,0|0|0|0|0|0|0|0|0|0
23811,7,False,7,2,7,7|7|7|7|7|7|7|7|9|4
23855,8,False,8,0,8,8|8|8|8|8|8|8|8|8|8
23858,8,False,8,0,8,8|8|8|8|8|8|8|8|8|8
23876,6,False,6,0,6,6|6|6|6|6|6|6|6|6|6
23881,8,True,6,10,6,6|6|6|6|6|6|6|6|6|6
23898,5,False,5,10,4,4|4|7|4|7|4|7|4|4|4
23899,0,False,0,0,0,0|0|0|0|0|0|0|0|0|0
23916,5,False,5,1,5,5|5|5|5|5|5|5|1|5|5
23920,1,True,4,10,4,4|4|4|4|4|4|4|4|4|4
23925,7,False,7,0,7,7|7|7|7|7|7|7|7|7|7
23926,5,True,9,10,9,9|9|9|9|9|9|9|9|9|9
23931,9,False,9,2,9,9|9|9|1|9|9|9|9|3|9
23942,1,True,3,10,3,3|3|3|3|3|3|3|3|3|3
23944,2,False,2,0,2,2|2|2|2|2|2|2|2|2|2
23954,1,True,4,10,4,2|4|4|4|4|4|4|4|4|4
23959,1,False,1,3,1,1|5|1|1|1|1|5|1|1|5
23972,6,True,0,10,0,0|0|0|0|0|0|0|0|0|0
23979,9,False,9,0,9,9|9|9|9|9|9|9|9|9|9
23987,8,True,6,10,6,4|6|7|6|6|6|6|2|6|2
23988,3,True,7,10,7,7|7|7|7|7|7|7|7|7|7
24001,9,False,9,0,9,9|9|9|9|9|9|9|9|9|9
24013,4,True,7,7,7,2|7|2|4|7|4|3|4|7|7
24025,9,True,7,10,7,3|7|3|7|3|5|7|7|7|7
24033,4,True,2,9,2,2|4|2|2|2|3|2|2|3|2
24035,1,True,4,10,4,4|2|2|4|4|4|2|4|4|4
24039,1,True,8,10,8,8|8|8|8|8|8|8|8|8|8
24042,5,True,9,10,9,9|9|9|1|9|9|9|1|9|9
24052,9,True,7,10,7,7|7|7|7|7|7|7|7|7|7
24057,6,True,0,9,0,6|0|7|0|0|0|0|0|0|0
24058,6,True,0,10,9,9|9|7|7|1|9|9|0|0|9
24064,9,True,2,10,2,2|2|2|2|2|2|2|2|2|2
24081,3,False,3,2,3,3|3|3|3|3|3|3|3|2|2
24083,8,False,8,0,8,8|8|8|8|8|8|8|8|8|8
24094,0,False,0,0,0,0|0|0|0|0|0|0|0|0|0
24129,7,False,7,4,7,7|7|7|2|3|7|7|7|2|2
24138,8,False,8,0,8,8|8|8|8|8|8|8|8|8|8
24156,6,False,6,0,6,6|6|6|6|6|6|6|6|6|6
24179,6,True,0,10,8,8|0|8|0|8|0|8|0|8|8
24193,1,True,3,10,7,5|7|7|7|7|3|7|7|7|7
24212,6,True,0,10,0,0|0|0|0|0|0|0|0|0|0
24218,2,False,2,10,4,4|4|4|4|4|4|4|4|4|4
24225,6,False,6,2,6,6|6|6|6|6|6|6|2|6|2
24234,5,True,9,10,9,9|9|9|9|9|9|9|9|9|9
24241,4,False,4,0,4,4|4|4|4|4|4|4|4|4|4
24247,1,False,1,4,1,2|1|2|1|1|1|5|1|1|5
24257,0,False,0,1,0,7|0|0|0|0|0|0|0|0|0
24259,7,False,7,0,7,7|7|7|7|7|7|7|7|7|7
24267,7,False,7,0,7,7|7|7|7|7|7|7|7|7|7
24268,1,False,1,3,1,1|1|1|1|1|1|5|1|5|5
24276,1,True,3,10,-1,5|4|4|6|6|6|4|4|3|6
24279,6,False,6,0,6,6|6|6|6|6|6|6|6|6|6
24285,0,False,0,0,0,0|0|0|0|0|0|0|0|0|0
24288,2,True,1,10,1,1|1|1|1|1|1|8|1|1|1
24290,2,True,4,10,4,4|4|4|4|4|4|4|4|4|4
24302,5,False,5,9,3,5|3|3|3|3|3|3|1|3|3
24310,5,True,9,10,9,9|9|9|9|9|9|9|9|9|9
24317,3,False,3,0,3,3|3|3|3|3|3|3|3|3|3
24330,3,False,3,0,3,3|3|3|3|3|3|3|3|3|3
24331,9,False,9,0,9,9|9|9|9|9|9|9|9|9|9
24333,0,False,0,0,0,0|0|0|0|0|0|0|0|0|0
24357,1,True,5,9,5,5|5|5|5|5|5|3|1|5|5
24358,3,False,3,0,3,3|3|3|3|3|3|3|3|3|3
24364,3,False,3,0,3,3|3|3|3|3|3|3|3|3|3
24368,7,False,7,0,7,7|7|7|7|7|7|7|7|7|7
24375,1,False,1,1,1,1|1|1|1|1|1|5|1|1|1
24392,2,False,2,1,2,2|2|2|2|2|2|2|0|2|2
24402,3,False,3,7,7,5|7|7|3|7|3|5|7|3|7
24418,6,False,6,8,2,6|3|2|2|1|6|4|2|2|2
24433,1,True,5,10,5,3|5|5|7|5|5|3|7|3|5
24468,7,False,7,4,7,7|7|3|5|7|7|7|1|7|5
24469,7,False,7,3,7,4|4|7|7|7|7|7|4|7|7
24470,1,False,1,1,1,1|1|1|1|1|1|5|1|1|1
24472,7,False,7,0,7,7|7|7|7|7|7|7|7|7|7
24497,8,True,6,10,6,6|6|6|6|6|6|6|6|6|6
24500,2,False,2,0,2,2|2|2|2|2|2|2|2|2|2
24510,4,True,6,10,6,6|6|6|6|1|6|6|7|2|6
24514,0,False,0,0,0,0|0|0|0|0|0|0|0|0|0
24515,5,True,1,8,1,1|1|1|1|1|1|5|1|1|5
24517,7,False,7,6,-1,3|3|7|7|3|7|3|7|5|5
24530,9,False,9,0,9,9|9|9|9|9|9|9|9|9|9
24540,1,False,1,1,1,1|1|1|1|1|1|8|1|1|1
24542,5,True,9,10,9,9|9|9|9|9|9|9|9|9|9
24543,0,False,0,0,0,0|0|0|0|0|0|0|0|0|0
24559,7,False,7,0,7,7|7|7|7|7|7|7|7|7|7
24562,3,False,3,9,4,3|4|4|4|4|4|4|4|4|4
24563,1,True,8,10,8,8|8|8|8|8|8|8|8|8|8
24565,3,False,3,8,2,3|2|2|2|3|2|2|2|2|2
24569,8,True,2,10,2,7|6|2|2|2|6|2|2|2|2
24590,1,False,1,3,1,1|5|1|1|1|1|5|1|1|5
24595,1,False,1,2,1,1|1|1|1|1|1|5|1|1|5
24598,3,False,3,1,3,3|3|3|3|3|3|3|1|3|3
24606,1,True,3,8,3,3|3|7|3|3|1|3|1|3|3
24609,9,False,9,0,9,9|9|9|9|9|9|9|9|9|9
24611,3,False,3,1,3,3|3|3|3|3|3|3|3|3|1
24621,7,False,7,1,7,9|7|7|7|7|7|7|7|7|7
24622,0,False,0,0,0,0|0|0|0|0|0|0|0|0|0
24626,6,False,6,0,6,6|6|6|6|6|6|6|6|6|6
24633,2,False,2,1,2,2|2|2|2|2|2|8|2|2|2
24634,3,False,3,0,3,3|3|3|3|3|3|3|3|3|3
24636,2,False,2,5,2,2|5|2|5|5|2|2|1|2|5
24640,9,False,9,0,9,9|9|9|9|9|9|9|9|9|9
24649,7,True,6,9,6,7|6|6|6|6|6|6|6|6|6
24652,3,False,3,0,3,3|3|3|3|3|3|3|3|3|3
24653,4,False,4,0,4,4|4|4|4|4|4|4|4|4|4
24672,6,False,6,0,6,6|6|6|6|6|6|6|6|6|6
24678,1,False,1,3,1,9|1|8|1|1|1|8|1|1|1
24687,5,False,5,1,5,5|5|5|5|5|5|5|1|5|5
24691,3,False,3,3,3,5|5|3|3|3|3|5|3|3|3
24694,2,False,2,3,2,2|2|2|2|3|3|2|1|2|2
24697,8,False,8,6,8,9|5|1|8|5|8|8|8|9|1
24710,2,False,2,0,2,2|2|2|2|2|2|2|2|2|2
24718,9,False,9,0,9,9|9|9|9|9|9|9|9|9|9
24724,6,False,6,1,6,6|6|6|6|6|6|6|6|5|6
24732,6,False,6,0,6,6|6|6|6|6|6|6|6|6|6
24734,2,False,2,1,2,2|2|2|2|2|2|2|7|2|2
24739,2,False,2,3,2,2|2|2|4|2|3|3|2|2|2
24743,8,True,6,10,6,6|6|0|6|1|6|6|6|6|5
24749,3,False,3,1,3,3|3|3|3|3|3|3|1|3|3
24769,1,True,4,10,2,2|4|2|2|2|2|2|2|2|2
24773,2,False,2,0,2,2|2|2|2|2|2|2|2|2|2
24778,1,True,4,10,4,4|4|4|4|4|4|4|4|4|4
24810,4,False,4,0,4,4|4|4|4|4|4|4|4|4|4
24817,3,False,3,1,3,3|3|3|3|3|3|2|3|3|3
24822,5,False,5,5,5,5|5|9|2|5|5|2|4|5|2
24826,5,False,5,3,5,5|5|5|3|3|5|5|1|5|5
24837,0,False,0,1,0,6|0|0|0|0|0|0|0|0|0
24839,3,False,3,0,3,3|3|3|3|3|3|3|3|3|3
24860,8,False,8,0,8,8|8|8|8|8|8|8|8|8|8
24861,4,False,4,4,4,4|4|7|3|4|4|4|1|3|4
24888,7,True,6,10,6,6|6|6|6|6|6|6|6|6|6
24907,8,False,8,0,8,8|8|8|8|8|8|8|8|8|8
24913,6,True,7,10,7,7|7|7|7|7|4|7|7|7|7
24915,9,True,7,10,7,7|7|7|7|7|7|7|7|7|7
24917,7,False,7,0,7,7|7|7|7|7|7|7|7|7|7
24928,6,False,6,0,6,6|6|6|6|6|6|6|6|6|6
24941,9,True,7,9,7,9|7|7|7|7|7|7|7|7|7
24946,6,False,6,0,6,6|6|6|6|6|6|6|6|6|6
24948,3,True,7,10,9,9|9|1|9|9|7|9|9|7|7
24956,6,False,6,0,6,6|6|6|6|6|6|6|6|6|6
24974,7,False,7,0,7,7|7|7|7|7|7|7|7|7|7
24976,8,False,8,0,8,8|8|8|8|8|8|8|8|8|8
24977,2,False,2,0,2,2|2|2|2|2|2|2|2|2|2
24981,1,True,5,9,5,5|5|5|5|5|5|5|1|5|5
24982,7,False,7,0,7,7|7|7|7|7|7|7|7|7|7
24994,2,False,2,0,2,2|2|2|2|2|2|2|2|2|2
24996,1,True,4,10,4,4|4|4|4|4|4|4|4|4|4
25021,5,True,9,10,9,9|9|9|9|9|9|9|9|9|9
25050,1,False,1,7,9,1|5|1|9|5|1|9|9|5|9
25057,1,True,5,10,5,5|5|5|5|5|5|5|2|5|5
25063,1,False,1,3,1,2|1|1|1|1|1|4|1|1|5
25073,1,True,3,10,3,3|3|3|3|3|3|3|3|3|3
25141,5,False,5,3,5,5|5|5|3|5|5|3|1|5|5
25159,5,True,9,10,9,9|9|9|9|9|9|9|9|9|9
25168,6,False,6,0,6,6|6|6|6|6|6|6|6|6|6
25173,9,False,9,3,9,9|5|9|9|9|9|9|1|1|9
25188,1,True,8,10,8,8|8|8|8|8|8|8|8|8|8
25205,1,True,5,10,5,5|5|5|5|5|5|5|2|5|5
25209,1,False,1,2,1,1|1|1|1|1|1|5|1|1|5
25215,3,False,3,7,5,3|5|5|3|5|5|3|1|5|6
25221,3,False,3,6,5,5|5|5|3|3|3|5|2|3|5
25237,1,True,8,10,8,8|8|8|8|8|8|8|8|8|8
25265,5,False,5,6,-1,3|4|5|4|3|5|5|4|5|4
25275,0,False,0,2,0,0|9|0|0|0|0|0|0|0|9
25278,1,False,1,1,1,1|1|1|1|1|1|5|1|1|1
25288,0,False,0,0,0,0|0|0|0|0|0|0|0|0|0
25295,9,True,2,10,2,2|2|2|2|2|2|2|2|2|2
25302,2,False,2,0,2,2|2|2|2|2|2|2|2|2|2
25320,0,True,8,10,8,8|8|8|8|8|8|8|8|8|8
25325,9,False,9,4,9,9|5|0|0|9|9|0|9|9|9
25364,8,False,8,0,8,8|8|8|8|8|8|8|8|8|8
25401,4,False,4,0,4,4|4|4|4|4|4|4|4|4|4
25405,5,True,1,7,1,1|5|1|1|1|1|5|1|1|5
25420,0,False,0,1,0,6|0|0|0|0|0|0|0|0|0
25421,9,False,9,0,9,9|9|9|9|9|9|9|9|9|9
25427,2,False,2,0,2,2|2|2|2|2|2|2|2|2|2
25436,4,False,4,0,4,4|4|4|4|4|4|4|4|4|4
25437,4,False,4,0,4,4|4|4|4|4|4|4|4|4|4
25439,0,False,0,1,0,6|0|0|0|0|0|0|0|0|0
25444,4,False,4,1,4,4|4|4|4|4|4|0|4|4|4
25472,8,False,8,0,8,8|8|8|8|8|8|8|8|8|8
25492,1,True,3,10,5,5|5|5|4|5|5|4|4|5|5
25493,6,False,6,1,6,6|6|6|6|6|6|6|7|6|6
25496,2,False,2,0,2,2|2|2|2|2|2|2|2|2|2
25501,8,False,8,0,8,8|8|8|8|8|8|8|8|8|8
25504,1,True,3,9,5,5|5|5|5|5|5|3|1|5|5
25515,5,False,5,1,5,5|5|5|5|5|5|5|1|5|5
25573,1,True,8,10,8,8|8|8|8|8|8|8|8|8|8
25588,5,False,5,4,5,7|5|5|3|3|5|5|7|5|5
25594,4,True,7,10,7,7|7|7|7|7|7|7|7|7|7
25631,9,False,9,0,9,9|9|9|9|9|9|9|9|9|9
25632,8,False,8,0,8,8|8|8|8|8|8|8|8|8|8
25643,1,True,4,10,3,3|3|3|3|3|3|3|3|3|3
25645,6,False,6,0,6,6|6|6|6|6|6|6|6|6|6
25649,3,False,3,0,3,3|3|3|3|3|3|3|3|3|3
25655,1,True,5,9,5,5|5|5|5|5|5|5|1|5|5
25663,1,True,3,9,3,3|5|3|3|3|5|3|1|3|5
25667,1,True,3,10,3,3|3|3|3|3|3|3|3|3|3
25668,6,True,0,10,8,8|8|8|8|8|0|8|0|8|0
25673,1,True,3,10,3,3|3|3|3|3|3|3|3|3|3
25674,1,True,4,10,4,4|4|4|4|4|4|4|4|4|4
25695,2,False,2,0,2,2|2|2|2|2|2|2|2|2|2
25696,0,False,0,0,0,0|0|0|0|0|0|0|0|0|0
25697,1,False,1,2,1,1|1|1|1|1|1|5|1|1|5
25701,7,False,7,4,7,7|7|7|7|4|7|4|4|7|4
25711,7,False,7,0,7,7|7|7|7|7|7|7|7|7|7
25712,0,False,0,0,0,0|0|0|0|0|0|0|0|0|0
25718,2,True,1,10,1,1|1|1|1|1|1|5|1|1|1
25734,2,False,2,6,0,7|2|0|0|0|2|0|0|2|2
25744,8,False,8,1,8,8|8|8|0|8|8|8|8|8|8
25745,3,False,3,0,3,3|3|3|3|3|3|3|3|3|3
25750,1,False,1,8,8,1|5|9|8|5|8|8|8|8|1
25752,5,True,9,10,9,9|9|9|9|9|9|9|9|9|9
25753,4,False,4,1,4,4|4|4|4|4|4|4|4|2|4
25758,8,False,8,0,8,8|8|8|8|8|8|8|8|8|8
25760,8,False,8,0,8,8|8|8|8|8|8|8|8|8|8
25765,1,True,3,6,-1,1|5|5|3|1|3|3|1|3|1
25768,1,True,4,10,4,4|4|4|4|4|4|4|4|4|4
25776,4,False,4,0,4,4|4|4|4|4|4|4|4|4|4
25779,1,True,4,10,4,4|4|4|4|4|4|4|4|4|2
25794,8,False,8,0,8,8|8|8|8|8|8|8|8|8|8
25805,1,True,5,9,5,5|5|5|5|5|5|5|1|5|5
25810,6,True,0,10,0,0|0|0|0|0|0|0|0|0|0
25826,5,False,5,5,5,3|5|3|5|5|5|3|1|5|3
25858,5,False,5,9,7,3|5|7|7|8|6|6|7|7|6
25859,9,True,2,10,2,2|2|2|2|2|2|2|2|2|2
25869,8,False,8,0,8,8|8|8|8|8|8|8|8|8|8
25874,1,False,1,4,1,8|1|2|1|1|8|5|1|1|1
25886,5,False,5,10,7,7|7|7|7|7|7|7|7|7|7
25891,6,True,0,10,0,0|0|0|8|0|8|8|0|0|0
25893,4,False,4,0,4,4|4|4|4|4|4|4|4|4|4
25901,2,False,2,5,-1,2|4|2|4|2|2|4|2|4|4
25907,9,False,9,3,9,9|5|9|9|9|9|5|1|9|9
25960,9,False,9,0,9,9|9|9|9|9|9|9|9|9|9
25971,3,False,3,2,3,3|5|3|3|3|3|3|3|3|1
25991,9,False,9,0,9,9|9|9|9|9|9|9|9|9|9
25992,4,False,4,2,4,7|4|4|4|4|4|7|4|4|4
26023,1,True,4,10,4,4|4|7|4|7|4|4|4|4|4
26029,1,True,3,10,3,3|3|3|3|3|3|4|3|3|3
26030,5,False,5,1,5,5|5|5|5|5|5|5|1|5|5
26047,7,True,4,10,4,4|4|4|4|4|4|4|4|4|4
26059,5,True,1,8,1,1|1|1|1|1|1|5|1|1|5
26062,4,False,4,0,4,4|4|4|4|4|4|4|4|4|4
26067,7,False,7,0,7,7|7|7|7|7|7|7|7|7|7
26084,6,False,6,0,6,6|6|6|6|6|6|6|6|6|6
26096,2,False,2,0,2,2|2|2|2|2|2|2|2|2|2
26116,3,False,3,9,4,3|4|4|4|4|4|4|4|4|4
26131,8,False,8,0,8,8|8|8|8|8|8|8|8|8|8
26139,6,False,6,0,6,6|6|6|6|6|6|6|6|6|6
26142,4,False,4,0,4,4|4|4|4|4|4|4|4|4|4
26150,5,True,9,10,9,9|9|9|9|9|9|9|9|9|9
26180,1,False,1,2,1,1|1|1|1|1|1|5|1|1|5
26181,2,False,2,2,2,2|2|2|2|2|2|5|2|5|2
26182,8,False,8,0,8,8|8|8|8|8|8|8|8|8|8
26192,6,False,6,0,6,6|6|6|6|6|6|6|6|6|6
26198,8,False,8,0,8,8|8|8|8|8|8|8|8|8|8
26201,5,True,9,10,9,9|9|9|9|9|9|9|9|9|9
26205,6,False,6,3,6,6|4|7|6|6|6|6|4|6|6
26212,1,True,4,10,4,4|4|4|4|4|4|4|4|4|4
26217,7,False,7,0,7,7|7|7|7|7|7|7|7|7|7
26227,5,True,9,10,9,9|9|9|9|9|9|9|9|9|9
26228,7,True,6,10,6,6|6|6|6|6|6|0|6|0|6
26233,4,False,4,5,4,3|4|5|3|4|4|3|4|3|4
26277,5,False,5,1,5,5|5|5|5|5|5|5|1|5|5
26278,1,True,5,9,5,5|5|3|5|3|3|5|1|3|5
26281,5,False,5,5,5,5|5|2|5|5|5|7|2|2|2
26286,6,True,0,10,0,0|0|0|0|0|0|0|0|0|0
26291,4,True,7,10,3,3|3|3|3|5|3|3|1|3|3
26295,1,False,1,4,1,1|5|5|1|1|1|5|1|1|5
26302,3,False,3,0,3,3|3|3|3|3|3|3|3|3|3
26306,8,False,8,5,8,1|1|8|8|1|8|5|1|8|8
26312,6,True,0,9,0,6|0|0|0|0|0|0|0|0|0
26316,1,True,8,10,8,8|8|8|8|8|8|8|8|8|8
26328,1,True,8,10,8,8|8|8|8|8|8|8|8|8|8
26341,6,True,0,9,0,6|0|0|0|0|0|0|0|0|0
26342,0,False,0,0,0,0|0|0|0|0|0|0|0|0|0
26354,5,False,5,2,5,5|5|5|5|5|5|3|1|5|5
26355,8,True,6,10,6,6|6|6|6|6|6|6|6|6|6
26371,8,False,8,0,8,8|8|8|8|8|8|8|8|8|8
26382,5,False,5,9,7,7|7|7|3|5|3|3|7|3|7
26383,8,True,6,10,6,6|6|6|6|6|6|6|6|6|6
26413,6,False,6,0,6,6|6|6|6|6|6|6|6|6|6
26415,8,True,6,10,2,2|4|2|6|6|6|6|2|2|2
26423,4,False,4,4,4,4|7|7|3|4|4|4|1|4|4
26425,2,False,2,0,2,2|2|2|2|2|2|2|2|2|2
26426,2,False,2,0,2,2|2|2|2|2|2|2|2|2|2
26434,1,True,4,10,4,4|4|4|4|4|4|4|4|4|4
26450,1,False,1,1,1,1|1|1|1|1|1|5|1|1|1
26451,4,True,7,10,7,7|7|7|7|7|7|7|7|7|7
26452,1,False,1,2,1,1|1|1|1|1|1|5|1|1|5
26469,7,True,6,10,6,8|6|6|6|6|6|6|6|6|6
26489,5,True,9,10,9,9|9|9|9|9|9|9|9|9|9
26491,1,False,1,2,1,1|1|2|1|1|1|5|1|1|1
26502,6,False,6,3,6,8|6|2|6|2|6|6|6|6|6
26519,1,False,1,1,1,1|1|1|1|1|1|5|1|1|1
26520,1,True,5,9,5,3|5|5|5|5|5|5|1|5|5
26523,2,False,2,0,2,2|2|2|2|2|2|2|2|2|2
26535,1,True,3,10,3,3|3|3|3|3|3|3|3|3|3
26536,2,False,2,0,2,2|2|2|2|2|2|2|2|2|2
26551,2,False,2,1,2,2|2|2|2|2|2|4|2|2|2
26562,7,False,7,1,7,3|7|7|7|7|7|7|7|7|7
26570,2,False,2,0,2,2|2|2|2|2|2|2|2|2|2
26580,8,False,8,0,8,8|8|8|8|8|8|8|8|8|8
26583,1,True,8,10,8,8|8|8|8|8|8|8|8|8|8
26584,5,True,4,10,4,4|4|4|4|4|4|4|4|4|4
26587,1,True,5,9,5,5|5|5|5|5|5|5|1|5|5
26597,9,False,9,0,9,9|9|9|9|9|9|9|9|9|9
26598,1,True,3,9,5,3|5|5|5|3|5|5|1|5|3
26601,5,True,1,8,1,1|5|1|1|1|1|5|1|1|1
26604,1,True,8,10,8,8|8|8|8|8|8|8|8|8|8
26623,8,False,8,0,8,8|8|8|8|8|8|8|8|8|8
26634,6,False,6,2,6,7|6|6|6|6|6|7|6|6|6
26644,0,False,0,0,0,0|0|0|0|0|0|0|0|0|0
26665,3,False,3,0,3,3|3|3|3|3|3|3|3|3|3
26667,6,True,0,10,0,0|0|0|0|0|0|0|0|0|0
26678,8,False,8,0,8,8|8|8|8|8|8|8|8|8|8
26685,6,False,6,0,6,6|6|6|6|6|6|6|6|6|6
26698,6,False,6,5,-1,3|6|3|3|6|6|3|3|6|6
26705,5,False,5,1,5,5|5|5|5|5|5|5|1|5|5
26722,0,False,0,1,0,2|0|0|0|0|0|0|0|0|0
26723,6,True,0,10,0,0|0|0|0|0|0|0|0|0|0
26748,8,True,6,10,6,3|6|2|6|6|6|6|6|2|6
26758,2,False,2,0,2,2|2|2|2|2|2|2|2|2|2
26774,5,True,9,9,9,9|9|5|9|9|9|9|1|9|9
26784,8,False,8,0,8,8|8|8|8|8|8|8|8|8|8
26785,5,False,5,1,5,5|5|5|5|5|5|5|1|5|5
26792,9,True,2,10,2,2|2|2|7|2|2|4|2|2|2
26805,9,False,9,0,9,9|9|9|9|9|9|9|9|9|9
26819,4,False,4,0,4,4|4|4|4|4|4|4|4|4|4
26823,4,False,4,4,4,3|4|2|4|4|4|4|4|2|2
26830,4,False,4,0,4,4|4|4|4|4|4|4|4|4|4
26834,6,False,6,0,6,6|6|6|6|6|6|6|6|6|6
26848,5,True,9,10,9,9|9|9|9|9|9|9|9|9|9
26856,8,False,8,0,8,8|8|8|8|8|8|8|8|8|8
26876,3,False,3,2,3,3|5|3|3|3|3|3|3|5|3
26880,9,False,9,0,9,9|9|9|9|9|9|9|9|9|9
26882,4,False,4,1,4,4|4|4|4|4|4|4|7|4|4
26884,5,False,5,5,-1,5|5|3|3|5|5|3|3|3|5
26891,2,False,2,0,2,2|2|2|2|2|2|2|2|2|2
26907,3,False,3,0,3,3|3|3|3|3|3|3|3|3|3
26910,7,False,7,0,7,7|7|7|7|7|7|7|7|7|7
26911,4,False,4,5,4,6|6|2|4|7|4|6|4|4|4
26917,5,False,5,10,-1,4|4|7|7|7|4|7|4|7|4
26943,2,True,4,10,4,4|4|5|4|3|3|3|4|4|3
26954,5,False,5,1,5,5|5|5|5|5|5|5|1|5|5
26955,9,False,9,3,9,9|9|1|9|9|9|8|9|9|0
26965,3,False,3,10,4,4|4|2|4|1|2|2|4|4|2
26973,7,False,7,0,7,7|7|7|7|7|7|7|7|7|7
26985,0,False,0,0,0,0|0|0|0|0|0|0|0|0|0
26988,8,False,8,0,8,8|8|8|8|8|8|8|8|8|8
27001,2,False,2,0,2,2|2|2|2|2|2|2|2|2|2
27009,1,False,1,4,1,1|5|9|9|1|1|3|1|1|1
27017,4,False,4,1,4,4|4|4|4|4|4|4|7|4|4
27022,6,False,6,1,6,6|6|6|6|6|6|8|6|6|6
27035,9,True,7,10,7,7|7|7|7|7|7|7|7|7|7
27041,9,False,9,10,6,6|6|6|6|6|7|6|6|6|6
27048,0,False,0,0,0,0|0|0|0|0|0|0|0|0|0
27055,7,False,7,0,7,7|7|7|7|7|7|7|7|7|7
27074,1,True,4,10,4,2|4|4|4|2|2|4|4|2|4
27076,2,False,2,7,4,3|4|2|4|4|4|4|2|5|2
27093,1,True,5,9,5,5|5|5|5|5|5|5|1|5|5
27099,5,True,1,9,1,1|1|9|1|1|9|9|1|1|5
27106,1,True,4,10,4,4|4|4|4|4|4|4|4|4|4
27112,5,True,9,8,9,9|5|9|9|5|9|9|9|9|9
27117,6,False,6,1,6,6|6|6|6|6|6|6|6|6|2
27128,0,False,0,1,0,6|0|0|0|0|0|0|0|0|0
27129,2,True,1,10,1,1|5|1|1|1|1|5|1|1|5
27135,1,True,4,10,4,4|4|4|4|4|4|4|4|4|4
27140,1,True,5,9,5,5|5|5|5|5|5|5|1|5|5
27143,5,True,1,8,1,1|5|1|1|1|1|5|1|1|1
27153,1,True,8,10,8,8|8|8|8|8|8|8|8|8|8
27156,1,True,3,10,3,3|2|3|3|6|2|6|3|3|6
27163,9,True,2,10,2,2|2|2|4|2|4|2|2|2|2
27169,4,True,2,10,2,2|2|2|2|2|2|2|2|2|2
27172,7,False,7,0,7,7|7|7|7|7|7|7|7|7|7
27174,1,False,1,9,9,5|9|9|9|5|1|5|9|9|9
27176,6,True,0,10,0,7|2|2|2|0|0|0|0|2|0
27186,2,False,2,10,3,3|3|5|3|3|3|3|1|5|5
27188,2,True,5,10,5,5|5|5|5|5|5|5|1|5|5
27191,9,True,2,10,2,2|4|2|4|4|2|2|2|2|2
27209,3,False,3,2,3,3|3|3|3|6|6|3|3|3|3
27214,4,False,4,0,4,4|4|4|4|4|4|4|4|4|4
27228,5,True,1,7,1,1|5|1|1|1|9|5|1|1|5
27231,0,False,0,0,0,0|0|0|0|0|0|0|0|0|0
27234,4,False,4,8,0,6|4|0|0|0|4|0|0|0|0
27246,6,True,3,10,5,5|5|3|5|7|4|5|4|5|3
27260,1,False,1,3,1,1|5|1|1|1|1|5|1|1|5
27264,2,False,2,1,2,9|2|2|2|2|2|2|2|2|2
27277,9,False,9,0,9,9|9|9|9|9|9|9|9|9|9
27294,7,False,7,4,7,7|4|7|7|4|7|7|7|2|2
27301,0,False,0,0,0,0|0|0|0|0|0|0|0|0|0
27307,9,False,9,1,9,9|9|9|9|9|9|9|1|9|9
27318,1,False,1,10,0,6|5|0|9|5|0|9|0|0|9
27319,1,False,1,3,1,5|1|1|1|1|1|5|1|1|5
27351,3,False,3,0,3,3|3|3|3|3|3|3|3|3|3
27391,4,False,4,0,4,4|4|4|4|4|4|4|4|4|4
27408,1,True,5,9,5,5|5|5|5|5|5|5|1|5|5
27420,9,False,9,0,9,9|9|9|9|9|9|9|9|9|9
27435,5,True,9,10,9,9|9|9|9|9|9|9|9|9|9
27450,6,False,6,0,6,6|6|6|6|6|6|6|6|6|6
27466,4,False,4,0,4,4|4|4|4|4|4|4|4|4|4
27471,9,False,9,0,9,9|9|9|9|9|9|9|9|9|9
27476,9,True,2,10,2,2|2|2|2|2|2|2|2|2|2
27482,2,False,2,2,2,2|4|2|2|6|2|2|2|2|2
27484,9,True,2,10,2,2|2|2|2|2|2|2|2|2|2
27492,2,False,2,0,2,2|2|2|2|2|2|2|2|2|2
27500,1,True,4,10,2,7|2|2|7|2|4|2|2|5|2
27514,5,False,5,5,5,1|5|5|3|5|5|3|4|5|3
27547,1,True,4,10,4,4|4|4|4|4|4|4|4|4|4
27548,5,True,9,10,9,9|9|9|9|9|9|9|9|9|9
27552,0,False,0,0,0,0|0|0|0|0|0|0|0|0|0
27554,8,True,6,10,6,6|6|6|6|6|6|6|6|6|6
27572,1,True,4,10,3,3|2|2|3|4|3|3|3|4|3
27577,6,False,6,1,6,6|6|6|6|6|6|0|6|6|6
27592,2,False,2,0,2,2|2|2|2|2|2|2|2|2|2
27597,2,False,2,2,2,4|2|2|2|2|2|2|2|4|2
27599,2,False,2,2,2,2|4|2|2|4|2|2|2|2|2
27607,1,False,1,3,1,2|5|1|1|1|1|5|1|1|1
27612,8,False,8,2,8,0|8|8|8|8|8|8|8|8|0
27619,3,False,3,0,3,3|3|3|3|3|3|3|3|3|3
27642,1,False,1,2,1,1|1|1|1|1|1|5|1|1|5
27652,3,False,3,0,3,3|3|3|3|3|3|3|3|3|3
27657,2,True,7,10,7,7|7|7|7|7|7|7|7|7|7
27668,9,False,9,0,9,9|9|9|9|9|9|9|9|9|9
27674,8,False,8,0,8,8|8|8|8|8|8|8|8|8|8
27693,9,False,9,2,9,9|9|9|9|9|9|9|9|1|5
27695,9,False,9,0,9,9|9|9|9|9|9|9|9|9|9
27710,0,False,0,0,0,0|0|0|0|0|0|0|0|0|0
27720,5,False,5,8,3,5|3|3|3|3|3|3|3|3|5
27726,3,True,7,10,7,7|7|7|7|7|7|7|7|7|7
27733,5,True,9,10,9,9|9|9|9|9|9|9|9|9|9
27740,9,False,9,5,9,9|9|2|2|2|9|9|7|9|6
27745,1,False,1,4,1,1|5|9|1|1|9|5|1|1|1
27748,7,False,7,0,7,7|7|7|7|7|7|7|7|7|7
27772,3,False,3,0,3,3|3|3|3|3|3|3|3|3|3
27775,7,False,7,0,7,7|7|7|7|7|7|7|7|7|7
27778,9,True,7,9,7,7|9|7|7|7|7|7|7|7|7
27788,9,False,9,0,9,9|9|9|9|9|9|9|9|9|9
27808,1,True,8,10,8,8|8|8|8|8|8|8|8|8|8
27825,2,False,2,1,2,2|2|2|2|2|2|2|3|2|2
27830,6,False,6,0,6,6|6|6|6|6|6|6|6|6|6
27850,0,False,0,3,0,0|0|8|0|1|0|0|1|0|0
27862,0,False,0,0,0,0|0|0|0|0|0|0|0|0|0
27870,8,False,8,0,8,8|8|8|8|8|8|8|8|8|8
27873,0,False,0,0,0,0|0|0|0|0|0|0|0|0|0
27883,3,True,7,10,7,7|7|7|7|7|7|7|7|7|7
27909,3,False,3,0,3,3|3|3|3|3|3|3|3|3|3
27921,4,False,4,0,4,4|4|4|4|4|4|4|4|4|4
27933,9,True,6,10,6,1|6|6|6|6|6|6|6|6|6
27934,0,False,0,0,0,0|0|0|0|0|0|0|0|0|0
27950,5,False,5,7,3,3|5|5|3|4|3|3|3|3|5
27971,6,False,6,1,6,6|6|6|6|7|6|6|6|6|6
27980,0,True,2,0,0,0|0|0|0|0|0|0|0|0|0
27982,8,False,8,0,8,8|8|8|8|8|8|8|8|8|8
27984,9,True,2,10,2,2|2|2|2|2|2|2|2|4|2
27992,6,False,6,1,6,8|6|6|6|6|6|6|6|6|6
28011,6,False,6,0,6,6|6|6|6|6|6|6|6|6|6
28028,1,True,3,10,3,3|3|3|3|3|3|3|3|3|3
28037,8,False,8,0,8,8|8|8|8|8|8|8|8|8|8
28057,2,False,2,0,2,2|2|2|2|2|2|2|2|2|2
28068,6,True,0,10,0,0|0|0|0|0|0|0|0|0|0
28081,1,False,1,3,1,1|5|1|1|1|1|5|1|1|5
28085,8,False,8,0,8,8|8|8|8|8|8|8|8|8|8
28126,0,False,0,0,0,0|0|0|0|0|0|0|0|0|0
28139,6,False,6,6,2,2|2|6|2|6|6|2|6|2|2
28154,8,False,8,0,8,8|8|8|8|8|8|8|8|8|8
28160,4,False,4,0,4,4|4|4|4|4|4|4|4|4|4
28236,6,False,6,1,6,7|6|6|6|6|6|6|6|6|6
28242,3,False,3,2,3,3|5|3|3|3|3|3|3|5|3
28280,1,False,1,3,1,1|5|1|1|1|1|5|1|1|5
28316,1,True,3,10,3,3|3|3|3|3|3|3|3|3|3
28319,4,False,4,0,4,4|4|4|4|4|4|4|4|4|4
28324,1,True,8,10,8,8|8|8|8|8|8|8|8|8|8
28347,1,False,1,9,0,1|0|0|0|0|0|0|0|0|0
28356,3,False,3,6,-1,4|3|3|4|1|3|3|1|4|4
28374,8,True,6,10,6,6|6|6|6|6|6|6|6|6|6
28379,5,True,9,9,9,9|5|9|9|1|9|8|9|9|1
28384,1,True,8,10,8,8|8|8|8|8|8|8|8|8|8
28403,7,True,2,10,2,2|2|2|2|2|2|2|2|2|2
28416,2,True,6,7,6,6|6|2|6|6|6|6|2|6|2
28433,1,True,3,10,-1,3|2|5|7|5|2|4|2|7|5
28434,1,False,1,5,-1,2|1|2|2|1|1|2|1|1|2
28438,5,False,5,9,6,5|6|6|6|6|6|6|6|6|6
28449,0,False,0,1,0,6|0|0|0|0|0|0|0|0|0
28452,2,False,2,1,2,2|2|2|2|4|2|2|2|2|2
28498,9,True,7,10,7,7|7|7|7|7|7|7|7|7|7
28506,6,False,6,5,6,6|6|5|6|7|6|5|7|5|6
28512,0,False,0,0,0,0|0|0|0|0|0|0|0|0|0
28523,1,True,3,9,3,3|3|3|3|3|3|3|1|3|3
28537,8,False,8,2,8,9|8|8|8|8|8|8|8|9|8
28564,2,False,2,10,0,0|0|0|0|0|0|0|0|0|0
28586,8,False,8,0,8,8|8|8|8|8|8|8|8|8|8
28594,2,False,2,0,2,2|2|2|2|2|2|2|2|2|2
28616,1,True,5,9,3,3|5|3|3|5|3|3|1|3|5
28617,1,False,1,2,1,1|1|1|1|1|1|5|1|1|5
28622,5,True,1,6,1,5|5|1|1|1|1|5|1|1|5
28640,1,False,1,2,1,1|1|1|1|1|1|5|1|1|5
28643,1,False,1,8,2,2|1|2|2|0|2|4|2|1|2
28647,1,True,4,10,4,4|4|4|4|4|4|4|4|4|4
28650,0,False,0,0,0,0|0|0|0|0|0|0|0|0|0
28651,6,False,6,0,6,6|6|6|6|6|6|6|6|6|6
28675,0,False,0,0,0,0|0|0|0|0|0|0|0|0|0
28677,5,False,5,10,2,2|2|0|1|1|2|4|1|2|8
28679,5,False,5,2,5,5|5|5|5|8|5|5|1|5|5
28680,2,False,2,4,2,5|2|2|3|2|5|2|1|2|2
28705,9,True,2,10,2,2|2|3|3|2|3|4|2|3|2
28728,8,False,8,0,8,8|8|8|8|8|8|8|8|8|8
28735,4,True,7,10,7,7|7|7|7|7|7|7|7|7|7
28736,5,False,5,1,5,5|5|5|5|5|5|5|1|5|5
28743,1,True,8,10,8,8|8|8|8|8|8|8|8|8|8
28747,9,False,9,2,9,9|9|9|1|9|9|8|9|9|9
28748,2,False,2,0,2,2|2|2|2|2|2|2|2|2|2
28754,5,False,5,2,5,3|5|5|5|5|5|5|1|5|5
28770,2,False,2,0,2,2|2|2|2|2|2|2|2|2|2
28772,3,False,3,7,5,3|5|5|5|5|5|3|1|3|5
28784,1,False,1,6,1,5|0|9|0|1|1|0|1|9|1
28787,3,False,3,2,3,3|3|3|3|5|3|3|3|3|1
28791,0,False,0,1,0,8|0|0|0|0|0|0|0|0|0
28800,0,True,8,10,8,8|8|8|8|8|8|8|8|8|8
28807,8,False,8,0,8,8|8|8|8|8|8|8|8|8|8
28808,3,False,3,2,3,2|3|3|3|2|3|3|3|3|3
28810,5,True,1,8,1,1|1|1|1|1|1|5|1|1|5
28820,6,False,6,0,6,6|6|6|6|6|6|6|6|6|6
28822,1,False,1,6,-1,1|5|1|1|9|9|9|1|9|5
28830,4,False,4,2,4,4|4|7|4|4|4|4|4|2|4
28840,1,False,1,2,1,1|1|1|1|1|1|5|1|1|5
28878,2,False,2,1,2,2|9|2|2|2|2|2|2|2|2
28898,1,True,8,10,8,8|8|8|8|8|8|8|8|8|8
28899,9,False,9,0,9,9|9|9|9|9|9|9|9|9|9
28900,5,False,5,3,5,5|5|5|3|5|5|7|1|5|5
28930,0,False,0,1,0,0|8|0|0|0|0|0|0|0|0
28931,0,True,9,10,9,9|9|9|9|9|9|9|9|9|9
28944,0,True,2,8,2,6|2|0|7|2|2|4|0|2|2
28946,5,False,5,1,5,5|5|5|5|5|5|5|1|5|5
28950,8,False,8,0,8,8|8|8|8|8|8|8|8|8|8
28968,5,True,9,10,9,9|9|9|9|9|9|9|9|9|9
28978,0,False,0,0,0,0|0|0|0|0|0|0|0|0|0
28985,1,True,8,10,8,8|8|8|8|8|8|8|8|8|8
28987,7,False,7,0,7,7|7|7|7|7|7|7|7|7|7
29004,3,False,3,5,3,5|4|2|3|4|4|3|3|3|3
29006,5,False,5,1,5,5|5|5|5|5|5|5|1|5|5
29016,7,False,7,0,7,7|7|7|7|7|7|7|7|7|7
29024,1,True,4,10,4,4|4|4|4|4|4|4|4|4|4
29073,5,True,9,10,9,9|9|9|9|9|9|9|9|9|9
29081,4,True,7,10,5,5|5|5|3|3|5|5|1|7|5
29106,6,False,6,0,6,6|6|6|6|6|6|6|6|6|6
29107,8,True,6,3,8,8|8|8|6|8|8|8|1|8|1
29118,0,False,0,1,0,6|0|0|0|0|0|0|0|0|0
29122,9,False,9,0,9,9|9|9|9|9|9|9|9|9|9
29135,4,True,2,10,2,2|2|2|2|2|2|2|2|2|2
29151,6,True,0,9,0,6|0|0|0|0|0|0|0|0|0
29152,1,True,4,10,4,4|4|4|4|4|4|4|4|4|4
29176,2,True,1,10,1,1|1|1|1|1|1|5|1|1|5
29178,7,False,7,0,7,7|7|7|7|7|7|7|7|7|7
29203,1,False,1,1,1,1|1|1|1|1|1|4|1|1|1
29226,1,False,1,2,1,1|1|1|1|1|1|5|1|1|5
29232,0,False,0,4,0,8|8|9|1|0|0|0|0|0|0
29236,7,False,7,2,7,4|7|7|7|7|7|7|4|7|7
29237,4,False,4,0,4,4|4|4|4|4|4|4|4|4|4
29261,2,True,1,10,1,1|1|1|1|1|1|5|1|1|1
29272,7,False,7,1,7,5|7|7|7|7|7|7|7|7|7
29275,1,False,1,2,1,1|1|1|1|1|1|5|1|1|5
29278,1,True,4,10,4,4|4|4|4|4|4|4|4|4|4
29286,0,False,0,1,0,6|0|0|0|0|0|0|0|0|0
29289,0,False,0,1,0,6|0|0|0|0|0|0|0|0|0
29291,4,False,4,5,-1,4|4|3|3|4|4|3|3|4|3
29302,5,False,5,2,5,5|5|5|5|5|5|3|1|5|5
29306,9,False,9,4,9,9|9|9|1|1|9|9|1|1|9
29307,0,False,0,0,0,0|0|0|0|0|0|0|0|0|0
29342,1,True,5,9,5,5|5|5|5|5|5|5|1|5|5
29352,9,False,9,0,9,9|9|9|9|9|9|9|9|9|9
29354,9,True,2,9,2,2|9|2|2|2|2|2|2|2|2
29359,7,False,7,0,7,7|7|7|7|7|7|7|7|7|7
29367,0,False,0,0,0,0|0|0|0|0|0|0|0|0|0
29368,4,False,4,1,4,4|4|4|4|4|4|4|4|6|4
29371,8,False,8,0,8,8|8|8|8|8|8|8|8|8|8
29375,6,False,6,0,6,6|6|6|6|6|6|6|6|6|6
29380,0,False,0,1,0,6|0|0|0|0|0|0|0|0|0
29394,2,True,1,10,5,5|5|5|9|1|1|9|1|9|5
29404,1,True,4,9,-1,4|7|7|3|1|4|9|4|7|3
29414,8,False,8,0,8,8|8|8|8|8|8|8|8|8|8
29428,8,False,8,0,8,8|8|8|8|8|8|8|8|8|8
29430,1,False,1,1,1,1|1|1|1|1|1|5|1|1|1
29432,5,False,5,10,7,7|7|7|7|3|3|7|7|7|7
29442,1,True,3,9,3,5|5|7|3|1|3|3|4|3|3
29451,3,False,3,3,3,3|3|3|3|5|3|3|1|3|1
29482,5,False,5,8,3,5|4|2|3|3|4|5|1|3|3
29487,0,False,0,0,0,0|0|0|0|0|0|0|0|0|0
29512,1,False,1,2,1,1|1|1|1|1|1|5|1|1|5
29518,0,False,0,3,0,6|0|0|0|0|8|8|0|0|0
29519,5,True,9,10,9,9|9|9|9|9|9|9|9|9|9
29536,1,False,1,2,1,1|1|1|1|1|8|8|1|1|1
29537,8,False,8,0,8,8|8|8|8|8|8|8|8|8|8
29555,1,False,1,1,1,1|1|1|1|1|1|5|1|1|1
29562,1,True,5,10,5,5|5|5|3|5|5|3|2|5|3
29563,2,False,2,1,2,6|2|2|2|2|2|2|2|2|2
29581,2,False,2,2,2,2|2|2|2|2|2|4|7|2|2
29583,3,False,3,0,3,3|3|3|3|3|3|3|3|3|3
29598,8,False,8,0,8,8|8|8|8|8|8|8|8|8|8
29613,4,False,4,1,4,4|4|4|4|7|4|4|4|4|4
29623,6,True,0,9,0,6|0|0|0|0|0|0|0|0|0
29634,0,False,0,8,3,5|5|2|3|8|0|3|1|3|0
29640,6,False,6,0,6,6|6|6|6|6|6|6|6|6|6
29656,7,False,7,1,7,3|7|7|7|7|7|7|7|7|7
29662,1,True,3,10,3,6|6|6|3|3|3|3|3|3|3
29673,2,False,2,0,2,2|2|2|2|2|2|2|2|2|2
29678,9,True,2,10,2,2|2|2|2|2|2|2|2|2|2
29681,2,False,2,2,2,2|2|2|2|2|4|4|2|2|2
29690,8,False,8,0,8,8|8|8|8|8|8|8|8|8|8
29702,6,True,7,10,0,7|1|0|0|0|0|0|0|0|0
29711,2,True,1,10,9,9|9|9|9|9|9|9|9|9|9
29719,7,False,7,0,7,7|7|7|7|7|7|7|7|7|7
29724,0,False,0,0,0,0|0|0|0|0|0|0|0|0|0
29728,2,False,2,0,2,2|2|2|2|2|2|2|2|2|2
29738,4,False,4,0,4,4|4|4|4|4|4|4|4|4|4
29745,2,True,7,10,7,5|7|3|9|7|7|7|7|7|7
29747,1,True,8,8,0,8|0|8|9|1|0|5|1|0|9
29767,6,False,6,2,6,7|6|6|6|6|6|6|7|6|6
29779,2,False,2,5,2,7|4|2|4|4|2|0|2|2|2
29785,2,True,5,10,3,7|3|4|3|3|1|3|4|3|3
29799,1,True,4,10,2,2|4|2|4|2|4|2|4|2|2
29800,7,False,7,0,7,7|7|7|7|7|7|7|7|7|7
29806,1,False,1,2,1,1|5|1|1|1|1|5|1|1|1
29808,1,False,1,1,1,1|1|1|1|1|1|5|1|1|1
29820,9,False,9,0,9,9|9|9|9|9|9|9|9|9|9
29829,1,False,1,7,8,1|8|8|8|8|8|8|1|8|1
29868,8,False,8,10,1,1|1|1|1|1|1|5|1|1|1
29874,1,False,1,3,1,1|5|1|1|1|1|5|1|1|5
29884,6,True,0,10,1,1|1|1|8|1|1|5|8|9|0
29887,1,True,3,10,3,3|3|3|3|3|3|3|3|3|3
29902,0,True,2,10,2,2|2|2|2|2|2|2|2|2|2
29909,5,True,9,10,9,9|9|9|9|9|9|9|9|9|9
29912,0,True,2,1,0,6|0|0|0|0|0|0|0|0|0
29922,4,False,4,2,4,4|4|7|4|4|4|4|7|4|4
29926,9,False,9,0,9,9|9|9|9|9|9|9|9|9|9
29937,7,False,7,0,7,7|7|7|7|7|7|7|7|7|7
29951,8,False,8,0,8,8|8|8|8|8|8|8|8|8|8
29961,5,False,5,1,5,5|5|5|5|5|5|5|1|5|5
29963,1,False,1,4,1,1|5|1|1|1|1|5|1|5|5
29977,6,True,0,10,0,0|0|0|0|0|0|0|0|0|0
30000,6,True,0,10,8,8|8|8|8|8|8|8|0|8|8
30026,8,False,8,0,8,8|8|8|8|8|8|8|8|8|8
30029,0,False,0,0,0,0|0|0|0|0|0|0|0|0|0
30046,1,True,5,10,5,5|5|5|5|5|5|5|2|2|5
30050,1,False,1,9,9,5|9|9|1|5|9|5|9|9|9
30066,7,False,7,0,7,7|7|7|7|7|7|7|7|7|7
30078,0,False,0,0,0,0|0|0|0|0|0|0|0|0|0
30087,8,False,8,0,8,8|8|8|8|8|8|8|8|8|8
30093,0,False,0,0,0,0|0|0|0|0|0|0|0|0|0
30102,5,True,2,10,2,2|4|2|4|1|2|4|7|2|2
30108,2,False,2,4,2,7|2|2|3|7|2|2|2|5|2
30109,1,True,4,10,4,4|4|4|4|4|4|4|4|4|4
30110,2,False,2,1,2,2|4|2|2|2|2|2|2|2|2
30116,0,False,0,0,0,0|0|0|0|0|0|0|0|0|0
30127,5,True,9,9,9,9|5|9|9|9|9|8|9|9|9
30136,1,False,1,2,1,1|1|8|1|1|1|8|1|1|1
30143,6,False,6,0,6,6|6|6|6|6|6|6|6|6|6
30148,8,False,8,0,8,8|8|8|8|8|8|8|8|8|8
30153,1,True,4,10,4,4|4|4|4|4|4|4|4|4|4
30160,0,False,0,0,0,0|0|0|0|0|0|0|0|0|0
30185,1,True,4,10,4,4|4|4|4|4|4|4|4|4|4
30192,3,False,3,8,5,5|5|3|3|5|5|5|1|5|5
30196,5,False,5,6,3,5|5|3|3|5|3|3|1|5|3
30202,6,False,6,0,6,6|6|6|6|6|6|6|6|6|6
30204,3,False,3,0,3,3|3|3|3|3|3|3|3|3|3
30211,1,True,8,10,8,8|8|8|8|8|8|8|8|8|8
30213,3,False,3,0,3,3|3|3|3|3|3|3|3|3|3
30222,7,True,6,10,6,6|6|6|6|6|6|6|6|6|6
30223,9,False,9,0,9,9|9|9|9|9|9|9|9|9|9
30234,1,False,1,6,5,5|5|1|1|5|9|5|1|1|5
30252,8,False,8,0,8,8|8|8|8|8|8|8|8|8|8
30259,6,False,6,0,6,6|6|6|6|6|6|6|6|6|6
30263,9,False,9,0,9,9|9|9|9|9|9|9|9|9|9
30280,0,False,0,0,0,0|0|0|0|0|0|0|0|0|0
30290,5,False,5,5,5,5|5|5|3|3|5|3|1|3|5
30293,5,True,1,8,1,1|1|1|1|1|1|5|1|1|5
30333,2,False,2,0,2,2|2|2|2|2|2|2|2|2|2
30350,7,True,6,10,6,6|6|6|6|6|6|6|6|6|6
30365,2,False,2,0,2,2|2|2|2|2|2|2|2|2|2
30384,7,True,4,10,4,4|4|4|4|4|4|4|4|4|4
30389,3,False,3,4,3,3|5|5|3|3|3|3|3|5|5
30392,9,False,9,0,9,9|9|9|9|9|9|9|9|9|9
30394,6,False,6,0,6,6|6|6|6|6|6|6|6|6|6
30395,1,True,5,9,5,5|5|5|5|5|5|5|1|5|5
30398,8,False,8,0,8,8|8|8|8|8|8|8|8|8|8
30411,8,False,8,2,8,8|0|8|8|8|8|0|8|8|8
30414,4,False,4,0,4,4|4|4|4|4|4|4|4|4|4
30424,3,False,3,0,3,3|3|3|3|3|3|3|3|3|3
30437,2,False,2,0,2,2|2|2|2|2|2|2|2|2|2
30449,7,True,4,10,4,4|4|4|4|4|4|4|4|4|4
30457,5,True,1,10,8,1|8|8|8|8|0|8|8|8|1
30462,5,True,9,10,9,9|9|9|9|9|9|9|9|9|9
30476,1,True,3,10,3,3|3|3|3|3|3|3|3|3|3
30489,2,True,1,8,1,2|1|2|1|1|1|4|1|1|1
30492,1,False,1,3,1,1|5|1|1|1|1|5|1|1|5
30497,6,True,0,9,0,6|0|0|0|0|0|0|0|0|0
30510,0,True,8,10,8,8|8|8|8|8|8|8|8|8|8
30513,2,False,2,0,2,2|2|2|2|2|2|2|2|2|2
30534,9,True,1,10,1,1|5|1|1|1|1|5|1|1|5
30552,7,False,7,1,7,9|7|7|7|7|7|7|7|7|7
30558,5,True,9,9,9,0|9|9|9|0|5|9|0|9|9
30561,4,False,4,9,5,5|5|5|5|5|5|4|1|5|2
30574,1,True,3,10,3,3|3|3|3|3|3|3|3|3|3
30586,1,True,3,10,3,2|3|3|3|3|3|3|3|3|3
30595,0,False,0,1,0,6|0|0|0|0|0|0|0|0|0
30606,3,False,3,5,3,3|3|5|5|5|3|3|1|5|3
30614,4,False,4,1,4,9|4|4|4|4|4|4|4|4|4
30624,3,False,3,0,3,3|3|3|3|3|3|3|3|3|3
30630,4,False,4,0,4,4|4|4|4|4|4|4|4|4|4
30632,2,False,2,9,4,4|4|2|4|7|4|4|4|4|4
30649,9,False,9,1,9,9|9|9|8|9|9|9|9|9|9
30665,9,True,2,10,2,2|2|2|2|2|2|2|2|2|2
30674,4,False,4,2,4,4|4|7|4|4|7|4|4|4|4
30679,7,False,7,0,7,7|7|7|7|7|7|7|7|7|7
30694,0,True,2,10,2,3|4|2|2|2|4|4|2|3|2
30707,1,True,4,10,2,2|2|2|2|2|2|2|2|2|2
30712,1,False,1,4,1,5|5|1|1|1|1|5|1|1|5
30718,5,False,5,1,5,5|5|5|5|5|5|5|1|5|5
30719,4,False,4,4,4,4|4|3|3|4|4|4|3|3|4
30722,9,False,9,0,9,9|9|9|9|9|9|9|9|9|9
30723,1,True,5,9,5,5|5|5|5|5|5|5|1|5|5
30725,4,False,4,2,4,4|4|4|4|4|4|3|4|4|3
30727,6,False,6,1,6,8|6|6|6|6|6|6|6|6|6
30736,9,False,9,0,9,9|9|9|9|9|9|9|9|9|9
30756,3,False,3,3,3,3|3|7|3|3|3|5|3|3|1
30763,2,True,5,10,5,5|5|5|5|5|5|5|1|5|5
30775,9,False,9,0,9,9|9|9|9|9|9|9|9|9|9
30790,1,True,4,10,4,7|4|4|7|7|4|4|4|4|7
30795,9,True,2,10,2,2|2|2|2|2|2|2|2|2|2
30816,6,False,6,0,6,6|6|6|6|6|6|6|6|6|6
30821,1,False,1,2,1,1|1|1|1|1|1|5|1|1|5
30831,5,False,5,6,3,3|5|5|5|5|3|3|1|3|3
30893,2,False,2,0,2,2|2|2|2|2|2|2|2|2|2
30906,6,False,6,2,6,6|6|6|4|6|6|4|6|6|6
30912,1,False,1,3,1,1|5|1|1|1|1|5|1|1|5
30914,0,False,0,1,0,6|0|0|0|0|0|0|0|0|0
30917,4,False,4,0,4,4|4|4|4|4|4|4|4|4|4
30923,1,False,1,2,1,1|1|1|1|1|1|5|1|1|5
30926,8,False,8,0,8,8|8|8|8|8|8|8|8|8|8
30928,7,False,7,0,7,7|7|7|7|7|7|7|7|7|7
30930,0,False,0,0,0,0|0|0|0|0|0|0|0|0|0
30936,9,False,9,0,9,9|9|9|9|9|9|9|9|9|9
30941,1,True,8,10,8,8|8|8|8|8|8|8|8|8|8
30945,2,True,1,10,1,1|1|1|1|1|1|5|1|1|5
30948,8,False,8,2,8,8|1|8|8|8|8|8|8|8|1
30958,4,False,4,0,4,4|4|4|4|4|4|4|4|4|4
30970,5,True,4,10,4,4|4|4|2|4|4|4|4|7|2
30972,9,True,7,10,7,7|7|7|7|7|7|7|7|7|7
30981,9,True,7,10,7,7|7|7|7|7|7|7|7|7|7
30986,1,True,3,10,3,3|2|3|6|4|3|2|3|3|4
30988,2,False,2,4,2,7|4|2|2|7|2|7|2|2|2
30996,7,False,7,9,3,5|5|3|3|1|7|3|1|2|2
31000,6,True,0,9,0,6|0|0|0|0|0|0|0|0|0
31009,9,False,9,0,9,9|9|9|9|9|9|9|9|9|9
31011,5,True,1,9,1,1|1|1|1|1|1|5|1|1|1
31025,6,False,6,0,6,6|6|6|6|6|6|6|6|6|6
31047,5,False,5,2,5,5|5|5|5|5|5|4|1|5|5
31061,4,False,4,1,4,4|4|4|4|4|7|4|4|4|4
31068,9,False,9,0,9,9|9|9|9|9|9|9|9|9|9
31073,3,True,7,10,7,7|7|7|7|7|7|7|7|7|7
31074,9,True,2,10,0,6|0|0|4|6|3|0|0|0|0
31077,5,True,9,9,-1,1|9|1|9|1|3|3|9|5|3
31115,5,True,9,10,9,9|9|9|9|9|9|9|9|9|9
31136,1,True,3,10,3,3|3|3|3|3|3|3|3|3|3
31139,7,True,6,10,6,6|6|6|6|6|6|6|6|6|6
31146,3,False,3,0,3,3|3|3|3|3|3|3|3|3|3
31150,3,False,3,3,3,3|3|5|9|3|3|3|1|3|3
31153,4,False,4,0,4,4|4|4|4|4|4|4|4|4|4
31158,1,False,1,3,1,2|1|2|1|1|1|7|1|1|1
31162,5,True,9,10,9,9|9|9|9|9|9|9|9|9|9
31165,0,False,0,1,0,6|0|0|0|0|0|0|0|0|0
31167,4,False,4,0,4,4|4|4|4|4|4|4|4|4|4
31170,8,False,8,8,7,7|7|7|7|7|8|8|7|4|7
31174,9,False,9,0,9,9|9|9|9|9|9|9|9|9|9
31198,3,False,3,0,3,3|3|3|3|3|3|3|3|3|3
31203,1,False,1,1,1,1|1|1|1|1|1|5|1|1|1
31239,4,False,4,1,4,3|4|4|4|4|4|4|4|4|4
31244,8,False,8,0,8,8|8|8|8|8|8|8|8|8|8
31253,1,False,1,3,1,1|5|1|1|1|1|5|1|1|5
31254,1,True,3,10,3,3|3|3|3|3|3|3|3|3|3
31264,5,False,5,2,5,5|5|5|5|5|5|5|2|5|2
31268,1,False,1,1,1,1|1|1|1|1|1|5|1|1|1
31271,4,False,4,3,4,2|4|4|4|4|4|0|4|0|4
31272,2,False,2,4,2,2|2|8|8|6|2|8|2|2|2
31290,4,False,4,0,4,4|4|4|4|4|4|4|4|4|4
31296,5,True,9,10,9,9|9|9|9|9|9|9|9|9|9
31298,5,True,9,10,9,9|9|9|9|9|9|9|9|9|9
31299,6,False,6,0,6,6|6|6|6|6|6|6|6|6|6
31301,8,True,6,10,6,6|6|6|6|6|6|6|6|6|6
31302,1,True,5,9,5,5|5|5|5|5|5|5|1|5|5
31312,6,False,6,5,6,6|2|9|9|0|6|6|7|6|6
31320,7,False,7,0,7,7|7|7|7|7|7|7|7|7|7
31330,5,False,5,7,3,3|3|5|3|5|3|3|1|5|3
31333,2,False,2,7,0,0|0|0|2|0|2|0|0|2|0
31339,0,False,0,0,0,0|0|0|0|0|0|0|0|0|0
31342,6,False,6,0,6,6|6|6|6|6|6|6|6|6|6
31359,4,True,7,10,7,7|7|7|7|7|7|7|7|7|9
31376,5,False,5,1,5,5|5|5|5|5|5|5|1|5|5
31408,6,False,6,0,6,6|6|6|6|6|6|6|6|6|6
31409,5,False,5,1,5,5|5|5|5|5|5|5|1|5|5
31419,2,False,2,7,7,7|3|2|7|9|2|7|7|9|2
31441,9,False,9,0,9,9|9|9|9|9|9|9|9|9|9
31457,6,False,6,0,6,6|6|6|6|6|6|6|6|6|6
31483,5,True,9,8,9,9|5|1|9|1|9|9|1|9|5
31490,5,True,9,10,9,9|9|9|9|9|9|9|9|9|9
31493,9,True,2,10,2,2|4|2|2|2|2|4|2|4|2
31515,4,False,4,0,4,4|4|4|4|4|4|4|4|4|4
31516,5,False,5,1,5,5|5|5|5|5|5|5|1|5|5
31561,5,False,5,1,5,5|5|5|5|5|5|5|1|5|5
31573,7,False,7,1,7,7|7|7|7|4|7|7|7|7|7
31590,8,False,8,0,8,8|8|8|8|8|8|8|8|8|8
31601,6,False,6,0,6,6|6|6|6|6|6|6|6|6|6
31602,3,False,3,1,3,3|3|3|3|3|3|6|3|3|3
31612,4,False,4,0,4,4|4|4|4|4|4|4|4|4|4
31613,5,True,9,10,9,9|9|9|9|9|9|9|9|9|9
31614,2,False,2,0,2,2|2|2|2|2|2|2|2|2|2
31624,2,True,7,10,7,7|7|7|7|7|7|7|7|7|7
31633,3,False,3,8,5,5|5|5|3|5|5|3|1|5|5
31652,1,True,8,10,8,8|8|8|8|8|8|8|8|8|8
31670,8,False,8,0,8,8|8|8|8|8|8|8|8|8|8
31676,3,False,3,4,3,3|5|3|3|5|3|5|1|3|3
31679,4,False,4,0,4,4|4|4|4|4|4|4|4|4|4
31680,8,False,8,0,8,8|8|8|8|8|8|8|8|8|8
31708,5,False,5,2,5,5|5|3|5|5|5|5|1|5|5
31731,3,False,3,0,3,3|3|3|3|3|3|3|3|3|3
31737,5,True,1,9,1,1|1|1|1|1|1|5|1|1|1
31738,4,True,7,10,7,7|7|7|7|7|7|7|7|7|7
31743,2,False,2,7,3,3|3|2|3|2|2|3|3|6|3
31755,4,False,4,1,4,4|4|7|4|4|4|4|4|4|4
31762,1,True,8,10,8,8|8|8|8|8|8|8|8|8|8
31775,4,False,4,1,4,4|4|4|4|4|4|4|4|3|4
31780,8,True,6,10,6,6|6|6|6|6|6|6|6|6|6
31787,8,False,8,0,8,8|8|8|8|8|8|8|8|8|8
31803,2,False,2,2,2,2|2|2|2|2|2|0|2|2|4
31821,0,True,2,10,2,2|4|2|2|2|2|4|4|4|2
31834,6,False,6,9,2,2|2|2|2|2|6|3|2|2|2
31839,7,False,7,4,7,5|7|7|7|4|7|7|7|5|5
31843,4,False,4,5,4,5|4|2|4|4|4|4|7|7|7
31850,5,True,2,10,6,6|4|6|6|6|6|6|6|2|6
31868,3,False,3,9,5,5|5|2|2|5|3|5|4|5|5
31883,5,False,5,7,4,5|5|4|4|4|5|4|4|3|2
31886,1,True,3,9,3,3|3|3|3|3|3|3|3|3|1
31892,2,True,5,10,5,5|5|5|5|5|5|5|1|5|5
31894,6,False,6,1,6,8|6|6|6|6|6|6|6|6|6
31896,0,False,0,1,0,0|0|6|0|0|0|0|0|0|0
31897,9,True,2,10,-1,6|3|6|2|2|6|6|7|2|2
31901,5,False,5,5,-1,5|5|5|3|3|5|3|3|3|5
31912,3,False,3,9,6,3|6|6|6|6|6|6|6|6|6
31923,3,False,3,1,3,3|3|3|3|5|3|3|3|3|3
31954,4,False,4,10,0,6|0|0|0|0|0|0|0|0|0
31967,7,False,7,0,7,7|7|7|7|7|7|7|7|7|7
31979,9,True,2,10,2,2|2|2|2|2|2|2|2|2|2
32000,7,False,7,2,7,7|7|7|7|7|7|2|4|7|7
32005,1,True,4,10,4,4|4|4|4|4|4|4|4|4|4
32011,1,False,1,1,1,1|1|1|1|1|1|8|1|1|1
32012,5,False,5,1,5,5|5|5|5|5|5|5|1|5|5
32022,6,True,0,10,0,0|0|0|0|0|0|0|0|0|0
32033,0,False,0,0,0,0|0|0|0|0|0|0|0|0|0
32034,8,False,8,3,8,8|8|8|3|8|0|8|8|8|0
32036,2,False,2,7,4,3|4|2|4|4|4|4|2|4|2
32047,2,False,2,7,5,5|5|5|5|0|2|5|2|5|2
32089,8,False,8,0,8,8|8|8|8|8|8|8|8|8|8
32121,1,False,1,1,1,1|1|1|1|1|1|5|1|1|1
32131,0,False,0,0,0,0|0|0|0|0|0|0|0|0|0
32135,1,False,1,2,1,1|1|1|1|1|8|5|1|1|1
32136,2,False,2,0,2,2|2|2|2|2|2|2|2|2|2
32139,3,False,3,0,3,3|3|3|3|3|3|3|3|3|3
32155,3,False,3,4,3,3|5|3|3|5|3|3|1|3|5
32160,3,False,3,0,3,3|3|3|3|3|3|3|3|3|3
32165,8,False,8,2,8,1|8|8|8|8|8|8|0|8|8
32168,1,False,1,6,5,5|5|1|9|1|1|5|1|5|5
32181,2,False,2,0,2,2|2|2|2|2|2|2|2|2|2
32187,7,False,7,0,7,7|7|7|7|7|7|7|7|7|7
32192,9,False,9,0,9,9|9|9|9|9|9|9|9|9|9
32198,6,False,6,1,6,6|6|6|6|6|6|6|6|8|6
32200,8,False,8,0,8,8|8|8|8|8|8|8|8|8|8
32235,1,False,1,2,1,1|1|2|1|1|1|5|1|1|1
32236,4,True,7,10,7,1|7|7|7|7|7|5|7|7|7
32242,9,False,9,5,9,3|9|9|9|5|5|5|7|9|9
32247,6,True,0,10,0,0|0|0|0|0|0|0|0|0|0
32248,6,False,6,1,6,7|6|6|6|6|6|6|6|6|6
32250,3,False,3,0,3,3|3|3|3|3|3|3|3|3|3
32261,1,True,3,10,2,3|2|2|2|2|6|5|2|2|2
32263,0,False,0,1,0,6|0|0|0|0|0|0|0|0|0
32264,3,False,3,10,6,6|6|6|6|6|6|6|6|6|6
32281,1,True,8,10,0,0|8|0|8|8|0|8|0|0|0
32308,9,True,2,10,2,2|2|2|2|2|2|2|2|2|2
32332,4,True,2,8,2,2|2|2|4|2|4|2|2|2|2
32335,7,False,7,10,0,6|0|0|0|0|3|0|0|0|0
32337,9,False,9,0,9,9|9|9|9|9|9|9|9|9|9
32342,1,True,5,10,4,4|4|4|4|4|4|4|4|3|4
32344,6,False,6,2,6,8|6|8|6|6|6|6|6|6|6
32353,4,True,2,10,2,2|2|2|2|2|2|2|2|2|2
32357,8,False,8,0,8,8|8|8|8|8|8|8|8|8|8
32372,3,False,3,1,3,3|3|3|3|9|3|3|3|3|3
32383,4,True,7,10,7,8|6|7|7|7|7|7|7|7|7
32400,3,False,3,2,3,1|3|3|3|3|3|4|3|3|3
32413,4,False,4,3,4,2|4|2|4|4|4|4|4|4|2
32416,3,False,3,0,3,3|3|3|3|3|3|3|3|3|3
32418,5,True,1,9,1,1|1|1|1|1|1|5|1|1|1
32441,8,False,8,0,8,8|8|8|8|8|8|8|8|8|8
32459,4,False,4,0,4,4|4|4|4|4|4|4|4|4|4
32490,4,True,7,9,7,7|7|7|7|7|4|7|7|7|7
32497,9,True,6,10,6,6|6|6|6|6|6|6|6|6|6
32503,7,False,7,3,7,3|7|7|7|7|7|7|3|3|7
32505,0,False,0,0,0,0|0|0|0|0|0|0|0|0|0
32512,8,False,8,0,8,8|8|8|8|8|8|8|8|8|8
32516,5,False,5,10,4,4|4|4|4|4|4|4|4|4|4
32535,4,False,4,0,4,4|4|4|4|4|4|4|4|4|4
32557,3,False,3,0,3,3|3|3|3|3|3|3|3|3|3
32572,6,False,6,1,6,6|6|6|6|6|7|6|6|6|6
32580,5,True,1,8,1,2|1|1|1|1|1|5|1|1|5
32585,1,True,4,10,0,4|2|0|0|0|2|2|2|0|0
32586,7,False,7,0,7,7|7|7|7|7|7|7|7|7|7
32588,9,False,9,0,9,9|9|9|9|9|9|9|9|9|9
32590,1,True,4,10,4,4|4|4|4|4|4|4|4|4|4
32615,4,False,4,2,4,5|4|4|4|4|4|3|4|4|4
32616,7,True,6,10,6,6|6|6|6|6|6|6|6|6|6
32639,9,True,2,10,-1,4|4|2|4|4|2|2|4|2|2
32641,5,False,5,1,5,5|5|5|5|5|5|5|1|5|5
32645,4,False,4,0,4,4|4|4|4|4|4|4|4|4|4
32668,7,False,7,6,4,1|4|4|4|7|7|4|4|7|7
32672,1,True,3,9,3,3|3|6|3|3|6|6|1|3|6
32676,8,False,8,0,8,8|8|8|8|8|8|8|8|8|8
32679,1,False,1,1,1,1|1|1|1|1|1|5|1|1|1
32681,5,True,1,9,1,1|1|1|1|1|1|5|1|1|1
32686,1,True,3,8,8,3|8|8|6|1|8|8|8|8|1
32702,3,False,3,8,-1,9|3|9|3|6|6|7|9|6|1
32739,6,False,6,0,6,6|6|6|6|6|6|6|6|6|6
32747,5,False,5,1,5,5|5|5|5|5|5|5|1|5|5
32756,1,True,4,10,4,4|4|4|4|4|4|4|4|4|4
32761,0,False,0,0,0,0|0|0|0|0|0|0|0|0|0
32768,6,False,6,0,6,6|6|6|6|6|6|6|6|6|6
32773,1,True,5,9,5,5|5|5|5|5|5|5|1|5|5
32778,9,False,9,0,9,9|9|9|9|9|9|9|9|9|9
32779,6,True,7,10,5,5|5|5|2|5|5|5|1|5|5
32780,1,True,5,10,5,5|5|5|5|5|5|3|2|5|5
32796,5,False,5,1,5,5|5|5|5|5|5|5|1|5|5
32800,2,True,8,10,8,7|8|8|8|1|8|8|1|8|8
32801,5,False,5,1,5,5|5|5|5|5|5|5|1|5|5
32813,3,False,3,0,3,3|3|3|3|3|3|3|3|3|3
32816,9,True,2,10,2,2|2|2|2|2|2|2|2|2|2
32819,8,False,8,1,8,8|8|8|8|8|8|8|8|1|8
32825,1,True,3,10,4,4|4|4|4|4|4|4|4|4|4
32833,5,False,5,1,5,5|5|5|5|5|5|5|1|5|5
32853,6,False,6,0,6,6|6|6|6|6|6|6|6|6|6
32855,8,True,6,10,6,6|6|6|6|6|6|6|6|6|6
32859,7,True,6,10,0,0|0|0|0|6|0|0|0|0|0
32863,5,False,5,1,5,5|5|5|5|5|5|5|1|5|5
32873,0,False,0,0,0,0|0|0|0|0|0|0|0|0|0
32888,7,False,7,7,4,7|4|7|4|4|4|4|4|4|7
32891,1,True,5,9,5,5|5|5|5|5|5|5|1|5|5
32893,4,False,4,0,4,4|4|4|4|4|4|4|4|4|4
32895,5,False,5,1,5,5|5|5|5|5|5|5|1|5|5
32901,4,False,4,0,4,4|4|4|4|4|4|4|4|4|4
32903,6,True,0,10,0,0|0|0|0|0|0|0|0|0|0
32909,4,False,4,10,3,3|3|7|3|7|3|3|3|3|3
32919,5,False,5,5,5,9|5|5|5|5|2|2|2|2|5
32929,4,False,4,0,4,4|4|4|4|4|4|4|4|4|4
32932,7,False,7,4,7,7|7|7|7|0|7|0|0|7|0
32940,9,False,9,5,9,5|5|9|1|5|9|9|1|9|9
32953,8,True,6,10,6,1|2|2|3|4|6|3|4|6|6
32960,4,False,4,0,4,4|4|4|4|4|4|4|4|4|4
33005,8,False,8,0,8,8|8|8|8|8|8|8|8|8|8
33011,0,False,0,0,0,0|0|0|0|0|0|0|0|0|0
33032,5,True,2,10,2,7|2|2|2|2|2|2|2|2|2
33034,1,False,1,5,1,1|5|1|1|1|9|8|1|8|5
33040,7,False,7,0,7,7|7|7|7|7|7|7|7|7|7
33041,3,False,3,3,3,3|3|3|3|1|3|4|3|3|4
33069,6,False,6,2,6,8|6|6|6|8|6|6|6|6|6
33070,4,False,4,3,4,4|7|7|4|7|4|4|4|4|4
33073,4,False,4,0,4,4|4|4|4|4|4|4|4|4|4
33097,1,False,1,1,1,1|1|1|1|1|1|5|1|1|1
33101,3,False,3,0,3,3|3|3|3|3|3|3|3|3|3
33104,8,False,8,0,8,8|8|8|8|8|8|8|8|8|8
33106,7,False,7,1,7,7|7|3|7|7|7|7|7|7|7
33108,9,True,2,9,2,9|2|2|4|2|2|4|2|2|2
33114,1,False,1,3,1,1|5|1|1|1|1|5|1|1|5
33121,2,False,2,10,4,6|4|6|6|4|4|8|4|6|4
33137,4,True,2,8,2,2|4|2|2|2|4|2|2|2|2
33141,6,False,6,0,6,6|6|6|6|6|6|6|6|6|6
33146,0,False,0,1,0,6|0|0|0|0|0|0|0|0|0
33150,7,False,7,1,7,4|7|7|7|7|7|7|7|7|7
33153,0,False,0,0,0,0|0|0|0|0|0|0|0|0|0
33156,8,False,8,0,8,8|8|8|8|8|8|8|8|8|8
33177,1,True,3,10,3,3|3|3|3|3|7|3|3|3|2
33180,1,True,4,10,4,4|4|4|4|4|4|4|4|4|4
33188,1,False,1,1,1,1|1|1|1|1|1|9|1|1|1
33236,3,False,3,8,5,5|5|5|3|5|1|5|1|3|5
33238,1,True,3,10,2,2|2|2|2|2|2|2|2|2|2
33244,6,False,6,10,2,3|2|2|2|2|3|4|2|2|2
33261,1,False,1,2,1,1|1|1|1|1|1|5|1|1|5
33263,2,False,2,2,2,2|2|2|2|4|2|4|2|2|2
33276,9,True,2,10,0,0|4|2|0|0|0|0|4|0|2
33281,9,False,9,0,9,9|9|9|9|9|9|9|9|9|9
33288,1,True,4,10,2,2|4|2|2|0|0|4|0|3|2
33294,2,True,5,10,5,5|5|5|5|5|5|5|1|5|5
33302,4,False,4,4,4,7|4|7|4|4|4|4|7|4|7
33332,6,False,6,1,6,6|6|6|6|7|6|6|6|6|6
33353,3,False,3,0,3,3|3|3|3|3|3|3|3|3|3
33354,1,True,5,10,5,3|5|5|5|5|5|3|4|3|5
33374,7,False,7,4,7,4|7|7|4|7|7|4|4|7|7
33392,1,False,1,6,1,3|5|5|3|1|1|6|1|1|6
33409,3,False,3,6,5,3|5|5|3|3|3|5|1|5|5
33412,2,False,2,0,2,2|2|2|2|2|2|2|2|2|2
33458,4,False,4,0,4,4|4|4|4|4|4|4|4|4|4
33475,7,False,7,0,7,7|7|7|7|7|7|7|7|7|7
33477,5,False,5,1,5,5|5|5|5|5|5|5|1|5|5
33478,6,True,0,10,0,0|0|0|0|0|0|0|0|0|0
33483,9,False,9,0,9,9|9|9|9|9|9|9|9|9|9
33484,3,False,3,0,3,3|3|3|3|3|3|3|3|3|3
33495,7,False,7,5,7,3|7|5|7|5|7|7|7|5|5
33498,9,True,2,10,2,2|4|2|4|2|2|4|2|2|2
33589,6,True,0,10,0,0|0|0|0|0|0|0|0|0|0
33590,4,False,4,0,4,4|4|4|4|4|4|4|4|4|4
33600,3,False,3,5,-1,3|6|6|3|6|3|6|3|3|6
33606,2,True,5,10,5,5|5|5|5|5|5|5|1|5|5
33614,4,False,4,0,4,4|4|4|4|4|4|4|4|4|4
33616,2,False,2,7,6,6|6|2|6|6|6|2|6|2|6
33619,6,False,6,1,6,6|6|6|2|6|6|6|6|6|6
33633,3,False,3,0,3,3|3|3|3|3|3|3|3|3|3
33638,6,True,0,10,0,0|0|0|0|0|0|0|0|0|0
33644,9,True,2,10,2,2|2|2|2|2|2|2|2|2|2
33654,0,False,0,10,3,5|3|3|3|5|3|5|1|3|5
33655,8,False,8,0,8,8|8|8|8|8|8|8|8|8|8
33667,4,False,4,1,4,4|4|7|4|4|4|4|4|4|4
33672,9,False,9,0,9,9|9|9|9|9|9|9|9|9|9
33677,0,True,2,10,2,2|5|5|5|5|2|2|2|2|2
33680,9,True,2,10,2,2|2|2|2|2|2|2|2|2|2
33691,3,False,3,3,3,3|9|3|3|3|3|4|3|5|3
33694,0,False,0,1,0,6|0|0|0|0|0|0|0|0|0
33695,8,False,8,0,8,8|8|8|8|8|8|8|8|8|8
33697,4,False,4,0,4,4|4|4|4|4|4|4|4|4|4
33698,3,True,7,10,7,7|7|7|7|7|7|7|7|7|7
33714,3,False,3,3,3,3|5|5|3|3|3|3|1|3|3
33732,0,False,0,0,0,0|0|0|0|0|0|0|0|0|0
33759,9,True,6,10,6,6|6|6|6|6|6|6|6|6|6
33764,0,False,0,0,0,0|0|0|0|0|0|0|0|0|0
33774,9,False,9,0,9,9|9|9|9|9|9|9|9|9|9
33782,5,True,9,6,1,5|5|1|1|1|1|5|1|1|5
33787,6,False,6,0,6,6|6|6|6|6|6|6|6|6|6
33807,4,False,4,0,4,4|4|4|4|4|4|4|4|4|4
33810,3,False,3,7,5,5|5|5|5|3|5|3|1|3|5
33816,1,True,4,10,4,4|4|4|4|4|4|4|4|4|4
33822,2,False,2,3,2,2|2|2|7|7|2|4|2|2|2
33841,3,False,3,0,3,3|3|3|3|3|3|3|3|3|3
33847,1,False,1,2,1,1|1|1|1|1|1|5|1|1|5
33915,1,True,3,9,3,3|5|3|3|3|3|5|1|3|3
33931,5,False,5,10,7,7|7|7|7|7|7|7|7|7|7
33960,0,False,0,9,4,0|4|4|4|4|4|4|4|2|4
33963,1,False,1,3,1,1|5|1|1|1|1|5|1|1|5
33982,5,True,9,9,9,9|9|9|9|9|9|9|9|1|5
33990,9,True,6,10,4,4|4|4|4|4|4|4|4|4|4
33995,7,False,7,5,7,3|7|3|7|3|7|3|7|7|2
34000,3,False,3,1,3,3|3|3|3|5|3|3|3|3|3
34002,0,False,0,1,0,6|0|0|0|0|0|0|0|0|0
34003,5,False,5,7,3,5|5|3|3|3|7|5|7|3|3
34013,6,False,6,0,6,6|6|6|6|6|6|6|6|6|6
34015,7,False,7,1,7,7|7|7|7|7|7|7|7|7|2
34016,3,False,3,0,3,3|3|3|3|3|3|3|3|3|3
34062,2,False,2,5,2,4|0|2|2|2|2|0|0|0|2
34069,1,False,1,2,1,1|1|1|2|1|1|5|1|1|1
34070,0,False,0,0,0,0|0|0|0|0|0|0|0|0|0
34083,0,False,0,1,0,0|0|0|8|0|0|0|0|0|0
34084,1,True,5,9,5,5|5|5|5|5|5|5|1|5|5
34086,9,True,2,10,2,2|2|2|2|2|2|2|2|2|2
34087,4,False,4,0,4,4|4|4|4|4|4|4|4|4|4
34138,1,False,1,5,1,1|5|9|8|1|9|4|1|1|1
34147,5,True,9,10,9,9|9|9|9|9|9|9|9|9|9
34150,6,True,0,9,0,6|0|0|0|0|0|0|0|0|0
34158,9,False,9,2,9,9|9|9|9|9|9|0|0|9|9
34162,1,False,1,3,1,1|1|1|1|1|0|2|1|1|5
34179,6,True,1,10,1,1|1|1|1|1|1|5|1|1|1
34185,3,False,3,9,2,5|5|2|3|2|2|4|2|5|2
34195,6,False,6,7,-1,1|6|7|2|2|6|4|7|2|6
34197,3,False,3,6,2,3|2|2|2|2|3|6|3|3|2
34200,0,True,2,10,2,2|2|2|2|2|2|2|2|2|2
34201,6,True,0,9,0,6|0|0|0|0|0|0|0|0|0
34214,9,False,9,0,9,9|9|9|9|9|9|9|9|9|9
34221,5,False,5,1,5,5|5|5|5|5|5|5|1|5|5
34225,1,True,3,10,3,4|3|3|3|3|3|4|3|2|4
34242,6,False,6,0,6,6|6|6|6|6|6|6|6|6|6
34254,0,True,2,9,2,2|2|2|2|2|2|0|2|2|2
34270,6,True,0,10,0,0|0|0|0|8|0|0|0|0|0
34285,5,True,9,10,9,9|9|9|9|9|9|9|9|9|9
34301,5,True,1,7,1,1|5|1|1|1|1|5|1|1|5
34304,6,False,6,1,6,6|6|6|6|6|6|6|8|6|6
34305,2,False,2,9,4,4|4|4|4|4|4|4|2|4|4
34306,5,True,4,10,4,4|4|4|4|4|4|4|4|4|4
34312,5,False,5,10,6,6|6|6|2|7|6|6|7|2|6
34342,8,False,8,0,8,8|8|8|8|8|8|8|8|8|8
34368,7,True,6,10,6,6|6|6|6|6|6|6|6|6|6
34373,9,True,2,10,6,6|6|6|6|6|6|6|6|6|6
34388,6,False,6,1,6,7|6|6|6|6|6|6|6|6|6
34391,5,False,5,3,5,5|5|2|5|5|2|5|2|5|5
34395,9,False,9,0,9,9|9|9|9|9|9|9|9|9|9
34425,4,False,4,7,-1,3|6|3|6|1|4|4|4|3|6
34428,7,False,7,10,3,3|3|3|3|3|3|3|3|3|3
34445,1,False,1,3,1,1|1|2|1|1|1|5|1|1|5
34451,5,False,5,1,5,5|5|5|5|5|5|5|1|5|5
34472,5,False,5,1,5,5|5|5|5|5|5|5|2|5|5
34491,8,False,8,2,8,8|8|8|8|8|8|8|8|0|0
34510,3,False,3,1,3,3|3|3|3|3|3|3|3|3|5
34516,1,True,5,10,-1,3|4|3|7|7|3|7|7|3|5
34519,5,True,1,9,1,1|1|2|1|1|1|4|1|1|5
34531,5,False,5,1,5,5|5|5|5|5|5|5|1|5|5
34542,7,True,6,10,6,6|6|6|6|6|6|6|6|6|6
34545,3,False,3,1,3,5|3|3|3|3|3|3|3|3|3
34552,6,False,6,0,6,6|6|6|6|6|6|6|6|6|6
34565,5,False,5,1,5,5|5|5|5|5|5|5|1|5|5
34578,6,True,0,10,0,0|0|0|0|0|0|0|0|0|0
34592,7,False,7,0,7,7|7|7|7|7|7|7|7|7|7
34597,2,False,2,6,0,2|0|2|2|0|2|0|0|0|0
34616,5,True,1,9,1,1|1|1|1|1|1|5|1|1|1
34626,5,False,5,6,5,5|7|7|3|5|5|7|4|3|5
34627,6,True,0,9,4,6|4|7|0|4|4|0|4|4|7
34632,6,False,6,1,6,6|6|6|6|6|6|6|8|6|6
34651,2,False,2,0,2,2|2|2|2|2|2|2|2|2|2
34655,8,False,8,7,0,8|0|0|8|0|8|0|0|0|0
34661,3,False,3,0,3,3|3|3|3|3|3|3|3|3|3
34664,0,False,0,0,0,0|0|0|0|0|0|0|0|0|0
34677,8,False,8,0,8,8|8|8|8|8|8|8|8|8|8
34680,1,True,4,10,4,4|4|7|4|4|4|4|4|4|4
34685,2,False,2,3,2,2|4|2|4|2|2|4|2|2|2
34704,5,False,5,2,5,3|5|5|5|5|5|5|1|5|5
34718,8,False,8,9,-1,4|4|4|6|4|6|6|7|8|6
34722,6,True,0,6,0,6|0|6|0|0|6|6|0|0|0
34729,2,False,2,0,2,2|2|2|2|2|2|2|2|2|2
34746,0,False,0,1,0,0|0|0|0|0|4|0|0|0|0
34759,8,False,8,4,8,8|8|0|9|0|8|8|8|0|8
34766,0,False,0,0,0,0|0|0|0|0|0|0|0|0|0
34770,1,True,4,10,4,4|4|4|4|4|4|4|4|4|4
34771,1,True,3,10,3,3|5|3|3|5|3|3|3|3|3
34772,5,True,9,10,8,8|8|8|8|8|9|8|8|8|8
34807,7,False,7,0,7,7|7|7|7|7|7|7|7|7|7
34813,1,False,1,2,1,1|1|1|1|1|1|5|1|1|5
34841,5,False,5,1,5,5|5|5|5|5|5|5|1|5|5
34842,5,True,9,10,9,9|9|9|9|9|9|9|9|9|9
34850,1,False,1,8,0,5|5|0|0|1|0|0|1|9|5
34855,0,False,0,0,0,0|0|0|0|0|0|0|0|0|0
34859,5,False,5,1,5,5|5|5|5|5|5|5|1|5|5
34863,9,False,9,7,5,5|5|9|1|5|9|5|1|9|5
34882,4,False,4,2,4,4|4|3|4|4|4|4|4|4|2
34902,1,False,1,1,1,1|1|1|1|1|1|5|1|1|1
34919,6,True,0,10,0,7|0|0|0|0|0|0|0|2|0
34920,6,False,6,0,6,6|6|6|6|6|6|6|6|6|6
34921,8,True,6,10,6,6|6|6|6|6|6|6|6|6|6
34923,1,False,1,6,-1,5|5|9|9|1|1|5|1|1|5
34940,1,False,1,1,1,1|1|1|1|1|1|5|1|1|1
34941,5,False,5,1,5,5|5|5|5|5|5|5|1|5|5
34947,4,False,4,1,4,4|4|4|7|4|4|4|4|4|4
34960,2,False,2,1,2,2|2|2|4|2|2|2|2|2|2
34972,5,False,5,10,4,7|4|3|4|4|4|9|7|4|7
34978,3,False,3,8,9,9|3|9|9|1|3|9|9|5|5
34979,8,False,8,6,0,8|8|0|0|8|8|0|0|0|0
34983,8,False,8,0,8,8|8|8|8|8|8|8|8|8|8
34986,8,True,6,9,6,8|6|6|6|6|6|6|6|6|6
35000,5,False,5,10,3,3|3|3|3|3|3|3|1|3|3
35029,5,False,5,1,5,5|5|5|5|5|5|5|1|5|5
35050,4,False,4,0,4,4|4|4|4|4|4|4|4|4|4
35057,5,True,9,10,9,9|9|9|9|9|3|3|9|9|6
35058,1,False,1,2,1,1|1|1|1|1|1|5|1|1|5
35060,8,True,6,10,6,6|6|6|6|6|6|6|6|6|6
35062,7,False,7,0,7,7|7|7|7|7|7|7|7|7|7
35068,9,True,1,9,1,1|1|9|1|1|1|5|1|1|5
35074,8,False,8,0,8,8|8|8|8|8|8|8|8|8|8
35081,1,False,1,4,1,1|1|1|3|1|2|4|1|1|2
35137,2,True,7,10,7,7|7|7|7|7|7|7|7|7|7
35149,6,True,0,10,0,0|0|0|0|0|0|0|0|0|0
35166,5,False,5,1,5,5|5|5|5|5|5|5|1|5|5
35167,5,True,9,10,0,0|0|8|9|0|0|0|0|8|8
35174,1,False,1,5,1,2|1|2|2|1|1|5|1|1|5
35183,9,False,9,0,9,9|9|9|9|9|9|9|9|9|9
35193,5,False,5,1,5,5|5|5|5|5|5|5|1|5|5
35194,5,False,5,1,5,5|5|5|5|5|5|5|1|5|5
35221,6,False,6,0,6,6|6|6|6|6|6|6|6|6|6
35237,1,True,5,9,5,5|5|2|5|5|5|5|1|5|5
35246,3,False,3,3,3,3|5|3|3|3|3|3|7|3|1
35255,2,False,2,0,2,2|2|2|2|2|2|2|2|2|2
35270,6,False,6,1,6,6|6|6|6|8|6|6|6|6|6
35284,6,True,7,10,7,7|4|7|7|7|7|7|7|7|7
35306,2,False,2,0,2,2|2|2|2|2|2|2|2|2|2
35323,1,True,3,10,6,6|6|6|3|6|7|6|6|3|6
35339,5,True,1,8,1,1|1|1|1|1|1|5|1|1|5
35352,8,False,8,0,8,8|8|8|8|8|8|8|8|8|8
35383,2,True,7,9,4,7|4|2|4|4|4|4|4|4|4
35388,8,False,8,0,8,8|8|8|8|8|8|8|8|8|8
35426,7,False,7,4,7,7|4|7|4|7|7|4|4|7|7
35442,3,False,3,1,3,3|3|3|3|3|3|3|1|3|3
35451,2,False,2,0,2,2|2|2|2|2|2|2|2|2|2
35456,6,True,0,10,9,0|9|9|9|0|9|0|0|9|9
35460,2,False,2,6,4,2|4|2|4|4|4|4|2|2|4
35477,2,False,2,0,2,2|2|2|2|2|2|2|2|2|2
35521,9,False,9,0,9,9|9|9|9|9|9|9|9|9|9
35538,2,True,4,10,4,4|4|4|4|4|4|4|4|4|4
35568,9,False,9,0,9,9|9|9|9|9|9|9|9|9|9
35573,1,True,4,10,4,4|4|2|4|4|4|4|4|4|4
35580,5,False,5,1,5,5|5|5|5|5|5|5|1|5|5
35582,3,False,3,0,3,3|3|3|3|3|3|3|3|3|3
35601,4,False,4,0,4,4|4|4|4|4|4|4|4|4|4
35620,6,False,6,1,6,6|6|6|6|8|6|6|6|6|6
35634,4,False,4,9,8,0|5|8|8|0|4|8|7|0|8
35635,2,True,1,7,-1,7|0|0|9|1|2|0|9|2|2
35642,9,False,9,4,9,9|5|9|9|5|9|9|1|5|9
35644,5,True,1,8,1,1|1|1|1|1|1|5|1|1|5
35655,2,False,2,0,2,2|2|2|2|2|2|2|2|2|2
35671,8,False,8,0,8,8|8|8|8|8|8|8|8|8|8
35673,9,True,2,10,2,2|2|2|2|2|2|2|2|2|2
35677,9,True,2,10,2,2|4|2|4|2|2|2|2|2|2
35684,1,True,5,10,3,3|6|5|3|3|3|3|3|3|3
35685,6,True,0,10,8,8|0|8|8|8|8|0|8|8|0
35694,1,False,1,2,1,1|1|1|1|1|1|5|1|1|5
35699,9,False,9,1,9,9|9|9|0|9|9|9|9|9|9
35706,9,False,9,0,9,9|9|9|9|9|9|9|9|9|9
35710,7,False,7,0,7,7|7|7|7|7|7|7|7|7|7
35714,4,False,4,0,4,4|4|4|4|4|4|4|4|4|4
35717,9,False,9,1,9,9|5|9|9|9|9|9|9|9|9
35728,5,True,1,9,1,1|1|1|1|1|1|5|1|1|1
35733,9,False,9,0,9,9|9|9|9|9|9|9|9|9|9
35739,6,False,6,0,6,6|6|6|6|6|6|6|6|6|6
35745,6,False,6,0,6,6|6|6|6|6|6|6|6|6|6
35755,3,False,3,9,5,3|2|5|5|5|4|5|1|5|5
35767,7,False,7,0,7,7|7|7|7|7|7|7|7|7|7
35777,4,False,4,0,4,4|4|4|4|4|4|4|4|4|4
35786,5,False,5,1,5,5|5|5|5|5|5|5|1|5|5
35800,9,True,2,10,0,0|0|2|0|0|0|0|2|0|0
35803,1,False,1,1,1,1|1|1|1|1|1|5|1|1|1
35808,1,True,8,10,8,8|8|8|8|8|8|8|8|8|8
35832,3,False,3,9,7,7|7|7|7|7|3|2|7|0|7
35833,4,True,2,10,2,2|2|2|2|2|2|2|2|2|2
35836,3,False,3,2,3,3|3|3|3|5|3|5|3|3|3
35851,6,False,6,5,6,8|6|2|3|3|6|3|6|6|6
35864,0,True,8,10,8,8|8|8|8|8|8|8|8|8|8
35867,1,True,5,10,3,3|3|3|3|3|3|3|3|3|3
35883,0,False,0,2,0,6|0|0|0|0|0|0|0|0|2
35886,9,False,9,0,9,9|9|9|9|9|9|9|9|9|9
35888,7,False,7,7,4,4|4|4|4|7|7|4|7|4|4
35894,8,False,8,0,8,8|8|8|8|8|8|8|8|8|8
35899,3,False,3,0,3,3|3|3|3|3|3|3|3|3|3
35900,6,False,6,0,6,6|6|6|6|6|6|6|6|6|6
35917,8,False,8,0,8,8|8|8|8|8|8|8|8|8|8
35919,1,True,3,10,2,3|2|3|0|0|3|2|7|2|2
35924,7,False,7,2,7,5|7|7|7|3|7|7|7|7|7
35933,1,False,1,2,1,1|1|1|1|1|1|5|1|1|5
35953,5,True,1,7,9,9|9|1|9|5|9|5|1|9|5
35961,9,False,9,0,9,9|9|9|9|9|9|9|9|9|9
35964,5,False,5,3,5,5|5|5|3|5|5|3|3|5|5
35979,1,False,1,6,-1,9|5|1|1|5|1|9|1|5|5
35998,3,False,3,0,3,3|3|3|3|3|3|3|3|3|3
36002,1,True,5,10,5,5|7|7|7|5|5|4|7|5|5
36016,5,False,5,1,5,5|5|5|5|5|5|5|1|5|5
36046,1,False,1,2,1,1|1|1|1|1|1|5|1|1|5
36068,0,False,0,0,0,0|0|0|0|0|0|0|0|0|0
36077,3,False,3,2,3,3|3|3|3|3|3|3|1|5|3
36089,7,True,6,10,6,6|6|6|6|6|6|6|6|6|6
36116,8,True,2,10,2,2|2|2|2|2|2|2|2|2|2
36119,0,False,0,0,0,0|0|0|0|0|0|0|0|0|0
36121,5,False,5,9,9,3|2|9|4|5|9|4|4|9|9
36125,2,False,2,2,2,2|2|2|2|2|6|6|2|2|2
36126,5,False,5,1,5,5|5|5|5|5|5|5|1|5|5
36132,5,False,5,4,5,3|4|5|3|5|5|5|4|5|5
36141,2,False,2,0,2,2|2|2|2|2|2|2|2|2|2
36144,7,False,7,1,7,9|7|7|7|7|7|7|7|7|7
36171,5,False,5,1,5,5|5|5|5|5|5|5|1|5|5
36186,2,False,2,0,2,2|2|2|2|2|2|2|2|2|2
36219,3,False,3,0,3,3|3|3|3|3|3|3|3|3|3
36225,4,False,4,0,4,4|4|4|4|4|4|4|4|4|4
36235,1,True,5,9,5,5|5|5|5|5|5|5|1|5|5
36254,0,False,0,0,0,0|0|0|0|0|0|0|0|0|0
36257,6,False,6,0,6,6|6|6|6|6|6|6|6|6|6
36260,7,False,7,0,7,7|7|7|7|7|7|7|7|7|7
36263,6,False,6,4,6,9|6|6|9|9|6|6|6|9|6
36287,6,True,0,8,0,0|0|2|6|6|0|0|0|0|2
36304,6,False,6,0,6,6|6|6|6|6|6|6|6|6|6
36338,7,False,7,10,0,6|0|0|0|0|0|0|0|0|0
36346,7,False,7,0,7,7|7|7|7|7|7|7|7|7|7
36348,8,True,6,10,6,6|6|6|6|6|6|6|6|6|6
36351,3,False,3,4,3,3|5|5|3|3|3|5|3|3|1
36355,2,False,2,1,2,4|2|2|2|2|2|2|2|2|2
36359,2,True,1,10,1,1|1|1|1|1|1|5|1|1|5
36361,4,False,4,6,3,3|4|3|4|3|4|3|3|4|2
36370,0,False,0,0,0,0|0|0|0|0|0|0|0|0|0
36377,2,False,2,3,2,7|7|2|2|2|2|4|2|2|2
36395,6,True,0,10,0,0|0|0|0|0|0|0|0|0|0
36403,8,False,8,1,8,8|8|8|8|1|8|8|8|8|8
36414,3,False,3,9,2,3|2|2|2|2|2|2|2|2|2
36435,5,False,5,5,5,5|5|5|3|3|3|5|1|3|5
36458,5,True,9,10,9,9|9|9|9|9|9|9|9|9|9
36460,6,False,6,0,6,6|6|6|6|6|6|6|6|6|6
36465,2,False,2,0,2,2|2|2|2|2|2|2|2|2|2
36468,2,False,2,0,2,2|2|2|2|2|2|2|2|2|2
36500,1,False,1,2,1,1|1|1|1|1|1|5|1|1|5
36506,0,False,0,10,5,5|5|9|5|5|5|9|2|5|9
36509,5,True,1,9,1,1|1|1|1|1|1|5|1|1|1
36528,5,False,5,1,5,5|5|5|5|5|5|5|1|5|5
36530,6,True,0,9,0,0|6|7|0|0|0|0|0|0|0
36553,1,True,8,10,8,8|8|8|8|8|8|8|8|8|8
36575,1,True,4,10,4,9|4|2|4|2|2|4|4|4|4
36587,2,True,5,10,5,5|5|5|5|5|5|5|1|5|5
36594,2,True,1,10,1,1|5|1|1|1|9|8|1|1|9
36617,5,False,5,1,5,5|5|5|5|5|5|5|1|5|5
36630,5,True,4,10,4,4|4|4|4|4|4|4|4|4|4
36633,1,True,3,10,3,3|3|3|3|3|6|3|3|3|3
36638,6,False,6,0,6,6|6|6|6|6|6|6|6|6|6
36653,2,True,5,10,5,5|5|5|5|5|5|5|1|5|5
36655,1,True,4,10,4,4|4|4|4|4|4|4|4|4|4
36658,2,False,2,1,2,3|2|2|2|2|2|2|2|2|2
36679,1,False,1,2,1,1|1|1|1|1|1|5|1|1|5
36692,5,False,5,10,7,3|7|7|7|7|7|2|7|3|7
36703,5,True,1,9,1,1|1|1|1|1|1|5|1|1|1
36706,0,False,0,1,0,7|0|0|0|0|0|0|0|0|0
36715,1,False,1,3,1,1|5|1|1|1|1|5|1|1|5
36733,8,False,8,0,8,8|8|8|8|8|8|8|8|8|8
36741,5,True,9,10,9,9|9|9|9|9|9|9|9|9|9
36748,9,False,9,0,9,9|9|9|9|9|9|9|9|9|9
36757,5,False,5,10,4,4|4|4|4|4|4|4|4|4|4
36758,8,False,8,0,8,8|8|8|8|8|8|8|8|8|8
36786,0,False,0,0,0,0|0|0|0|0|0|0|0|0|0
36787,9,False,9,0,9,9|9|9|9|9|9|9|9|9|9
36797,9,False,9,1,9,9|5|9|9|9|9|9|9|9|9
36806,7,False,7,3,7,5|3|7|5|7|7|7|7|7|7
36817,4,False,4,0,4,4|4|4|4|4|4|4|4|4|4
36827,9,False,9,0,9,9|9|9|9|9|9|9|9|9|9
36829,7,False,7,0,7,7|7|7|7|7|7|7|7|7|7
36847,6,False,6,0,6,6|6|6|6|6|6|6|6|6|6
36850,1,False,1,1,1,1|1|1|1|1|1|5|1|1|1
36854,1,True,5,9,5,5|5|5|5|5|5|3|1|5|5
36855,4,False,4,0,4,4|4|4|4|4|4|4|4|4|4
36885,2,False,2,0,2,2|2|2|2|2|2|2|2|2|2
36886,0,False,0,1,0,6|0|0|0|0|0|0|0|0|0
36889,0,False,0,1,0,6|0|0|0|0|0|0|0|0|0
36896,4,False,4,0,4,4|4|4|4|4|4|4|4|4|4
36904,7,False,7,0,7,7|7|7|7|7|7|7|7|7|7
36941,1,False,1,3,1,1|5|1|1|1|1|5|1|1|5
36943,7,True,6,10,6,6|6|6|6|6|6|6|6|6|6
36946,1,True,3,10,3,3|3|3|3|6|3|3|3|3|3
36964,1,True,5,9,5,5|5|3|3|5|5|5|1|5|5
36968,1,True,4,10,4,4|4|4|4|4|4|4|4|4|4
36997,1,True,5,10,4,3|2|4|4|3|4|4|4|3|5
37030,1,False,1,3,1,2|1|1|1|1|1|4|1|1|2
37033,8,True,6,10,6,6|6|2|6|6|6|6|6|6|6
37059,1,True,5,9,5,5|5|5|5|5|5|4|1|5|5
37071,9,False,9,0,9,9|9|9|9|9|9|9|9|9|9
37083,0,False,0,2,0,6|0|0|4|0|0|0|0|0|0
37102,0,False,0,1,0,7|0|0|0|0|0|0|0|0|0
37106,7,True,6,10,6,6|6|6|6|6|6|6|6|6|6
37111,2,False,2,0,2,2|2|2|2|2|2|2|2|2|2
37142,7,False,7,0,7,7|7|7|7|7|7|7|7|7|7
37158,9,True,7,10,7,7|7|7|7|7|7|7|7|7|7
37173,3,False,3,0,3,3|3|3|3|3|3|3|3|3|3
37187,5,True,3,10,3,3|6|3|3|3|3|3|3|3|3
37190,7,False,7,8,4,5|4|4|7|3|7|3|4|2|5
37198,2,False,2,0,2,2|2|2|2|2|2|2|2|2|2
37221,6,False,6,3,6,6|6|6|0|6|6|0|0|6|6
37230,7,False,7,0,7,7|7|7|7|7|7|7|7|7|7
37238,7,True,6,10,6,6|6|6|6|6|6|6|6|2|6
37240,6,True,0,10,0,0|0|0|0|0|0|0|0|0|0
37258,1,True,8,10,8,8|8|8|8|8|8|8|8|8|8
37260,5,True,1,7,1,1|5|1|1|1|1|5|1|1|5
37266,7,False,7,3,7,4|7|7|7|4|7|7|4|7|7
37274,4,False,4,0,4,4|4|4|4|4|4|4|4|4|4
37279,0,False,0,1,0,0|0|0|0|0|0|0|0|0|8
37296,2,True,1,10,1,1|1|1|1|1|1|5|1|1|5
37300,1,True,3,10,4,3|4|4|4|4|4|7|4|3|4
37301,2,True,1,9,1,1|1|2|1|1|1|4|1|1|5
37327,5,True,1,6,1,5|5|1|1|1|1|5|1|1|5
37328,0,False,0,1,0,0|0|6|0|0|0|0|0|0|0
37330,0,False,0,1,0,6|0|0|0|0|0|0|0|0|0
37335,8,False,8,0,8,8|8|8|8|8|8|8|8|8|8
37348,8,False,8,10,1,9|9|1|1|5|9|5|1|1|5
37349,9,False,9,4,9,9|5|9|0|5|9|0|9|9|9
37355,6,True,0,9,0,6|0|0|0|0|0|0|0|0|0
37357,3,False,3,0,3,3|3|3|3|3|3|3|3|3|3
37360,5,False,5,6,3,5|5|3|3|3|5|3|1|3|5
37362,1,True,8,10,8,8|8|8|8|8|8|8|8|8|8
37368,2,False,2,0,2,2|2|2|2|2|2|2|2|2|2
37378,6,False,6,8,2,2|9|2|2|2|6|2|2|6|2
37379,7,False,7,2,7,7|7|7|7|4|7|4|7|7|7
37398,8,False,8,0,8,8|8|8|8|8|8|8|8|8|8
37416,1,True,8,10,8,8|8|8|8|8|8|8|8|8|8
37423,9,True,7,10,7,7|7|7|7|7|7|7|7|7|7
37428,4,True,1,10,1,1|1|1|1|1|1|5|1|1|5
37434,5,False,5,1,5,5|5|5|5|5|5|5|1|5|5
37448,9,True,7,10,7,7|7|7|7|7|7|7|7|7|7
37455,1,False,1,2,1,1|1|1|1|1|1|5|1|1|5
37456,0,False,0,1,0,6|0|0|0|0|0|0|0|0|0
37461,1,False,1,6,1,1|5|9|1|5|8|8|1|1|9
37478,5,True,9,10,9,9|6|9|9|7|9|9|9|9|9
37490,9,False,9,0,9,9|9|9|9|9|9|9|9|9|9
37500,3,False,3,6,5,3|5|5|3|5|5|3|1|3|5
37505,1,False,1,1,1,1|1|1|1|1|1|5|1|1|1
37524,8,False,8,0,8,8|8|8|8|8|8|8|8|8|8
37529,7,False,7,0,7,7|7|7|7|7|7|7|7|7|7
37530,4,False,4,4,4,4|2|2|2|4|4|4|4|4|2
37536,9,False,9,0,9,9|9|9|9|9|9|9|9|9|9
37550,1,True,8,10,8,8|8|8|8|8|8|8|8|8|8
37553,4,False,4,3,4,1|4|4|4|4|4|6|4|4|2
37557,0,True,8,10,8,8|8|8|8|8|8|8|8|8|8
37571,5,True,9,10,9,9|9|9|9|9|9|9|9|9|9
37592,1,False,1,4,1,2|1|2|1|1|1|5|1|1|5
37595,9,True,7,10,7,7|7|3|7|3|7|7|1|7|7
37596,2,True,1,9,9,9|9|2|1|9|9|9|1|1|9
37598,5,False,5,1,5,5|5|5|5|5|5|5|1|5|5
37611,5,True,1,6,1,5|5|1|1|1|1|5|1|1|5
37616,1,False,1,2,1,1|5|1|1|1|1|5|1|1|1
37628,0,False,0,0,0,0|0|0|0|0|0|0|0|0|0
37664,0,False,0,1,0,6|0|0|0|0|0|0|0|0|0
37673,6,True,0,9,0,6|0|0|0|0|0|0|0|0|0
37684,2,False,2,7,7,2|4|7|2|7|2|7|0|7|7
37692,1,True,8,10,8,8|8|8|8|8|8|8|8|8|8
37693,0,False,0,1,0,6|0|0|0|0|0|0|0|0|0
37694,6,False,6,10,4,2|4|4|4|4|2|4|4|4|4
37708,2,True,5,9,5,5|5|2|5|5|5|5|1|5|5
37718,0,False,0,0,0,0|0|0|0|0|0|0|0|0|0
37724,9,True,7,10,7,7|7|7|7|7|7|7|7|7|7
37726,8,False,8,0,8,8|8|8|8|8|8|8|8|8|8
37730,5,True,9,10,9,9|9|9|9|9|9|9|9|9|9
37731,4,False,4,0,4,4|4|4|4|4|4|4|4|4|4
37735,6,False,6,9,2,7|2|2|2|0|6|5|2|2|2
37762,9,False,9,1,9,5|9|9|9|9|9|9|9|9|9
37767,7,False,7,0,7,7|7|7|7|7|7|7|7|7|7
37775,4,False,4,0,4,4|4|4|4|4|4|4|4|4|4
37781,5,True,2,10,2,2|2|2|2|4|2|4|2|2|2
37786,8,False,8,0,8,8|8|8|8|8|8|8|8|8|8
37794,8,False,8,0,8,8|8|8|8|8|8|8|8|8|8
37797,2,False,2,0,2,2|2|2|2|2|2|2|2|2|2
37807,7,False,7,0,7,7|7|7|7|7|7|7|7|7|7
37809,3,False,3,0,3,3|3|3|3|3|3|3|3|3|3
37830,1,False,1,2,1,1|1|1|1|1|1|4|1|1|5
37834,5,False,5,1,5,5|5|5|5|5|5|5|1|5|5
37839,4,False,4,0,4,4|4|4|4|4|4|4|4|4|4
37859,9,True,7,10,7,7|7|7|7|7|7|7|7|7|7
37881,6,True,0,9,0,6|0|0|0|0|0|0|0|0|0
37898,7,False,7,0,7,7|7|7|7|7|7|7|7|7|7
37899,5,False,5,5,5,5|5|5|3|6|5|6|4|5|3
37927,9,False,9,0,9,9|9|9|9|9|9|9|9|9|9
37929,1,False,1,7,2,2|5|2|1|1|1|8|2|9|2
37930,7,False,7,4,7,7|7|3|3|7|7|3|7|3|7
37942,4,False,4,0,4,4|4|4|4|4|4|4|4|4|4
37946,1,True,5,9,5,5|5|5|5|5|5|5|1|5|5
37968,5,True,9,10,9,9|9|9|9|9|9|9|9|9|9
37972,0,True,2,7,2,2|2|0|2|2|2|0|2|2|0
37974,8,True,6,10,6,6|6|6|6|6|6|6|6|6|6
37982,3,False,3,0,3,3|3|3|3|3|3|3|3|3|3
37993,9,False,9,0,9,9|9|9|9|9|9|9|9|9|9
37997,6,False,6,0,6,6|6|6|6|6|6|6|6|6|6
38002,8,False,8,0,8,8|8|8|8|8|8|8|8|8|8
38013,5,False,5,3,5,5|5|5|3|5|5|3|1|5|5
38040,3,False,3,0,3,3|3|3|3|3|3|3|3|3|3
38050,6,False,6,0,6,6|6|6|6|6|6|6|6|6|6
38069,7,True,6,10,6,6|6|6|6|6|6|6|6|6|6
38071,9,False,9,0,9,9|9|9|9|9|9|9|9|9|9
38076,4,False,4,0,4,4|4|4|4|4|4|4|4|4|4
38113,7,False,7,0,7,7|7|7|7|7|7|7|7|7|7
38139,9,False,9,1,9,9|9|9|9|9|9|8|9|9|9
38147,3,False,3,0,3,3|3|3|3|3|3|3|3|3|3
38150,9,True,2,10,2,2|2|2|2|2|2|2|2|2|2
38164,8,False,8,0,8,8|8|8|8|8|8|8|8|8|8
38192,1,False,1,1,1,1|1|1|1|1|1|5|1|1|1
38210,5,False,5,4,5,5|5|3|3|5|5|3|1|5|5
38218,8,False,8,0,8,8|8|8|8|8|8|8|8|8|8
38231,1,False,1,3,1,1|5|1|1|1|1|5|1|1|5
38239,8,False,8,0,8,8|8|8|8|8|8|8|8|8|8
38240,5,False,5,5,5,5|2|2|5|5|6|5|4|5|2
38242,2,True,4,10,4,4|4|4|4|4|4|4|4|4|4
38265,7,False,7,1,7,7|9|7|7|7|7|7|7|7|7
38270,1,False,1,2,1,1|1|1|1|1|1|5|1|1|5
38285,6,True,0,9,0,6|0|0|0|0|0|0|0|0|0
38286,2,True,7,9,7,1|7|7|7|2|4|3|7|3|5
38299,0,False,0,8,3,3|0|3|4|4|0|4|3|3|3
38312,0,False,0,2,0,7|0|0|0|0|0|0|0|9|0
38324,5,True,9,10,9,9|9|9|9|9|9|9|9|9|9
38347,1,False,1,4,1,1|1|2|2|1|1|5|1|1|5
38364,9,True,3,10,3,3|3|3|3|3|3|3|7|3|3
38368,0,False,0,1,0,7|0|0|0|0|0|0|0|0|0
38386,4,False,4,0,4,4|4|4|4|4|4|4|4|4|4
38407,8,True,2,10,2,2|2|2|2|5|2|2|2|2|2
38413,8,False,8,0,8,8|8|8|8|8|8|8|8|8|8
38414,9,False,9,0,9,9|9|9|9|9|9|9|9|9|9
38428,6,False,6,8,2,6|0|2|2|6|2|2|0|2|2
38479,0,False,0,4,0,1|0|8|0|1|0|8|0|0|0
38492,4,False,4,7,7,7|7|7|7|7|4|4|7|4|7
38502,2,False,2,0,2,2|2|2|2|2|2|2|2|2|2
38505,7,False,7,0,7,7|7|7|7|7|7|7|7|7|7
38507,5,False,5,1,5,5|5|5|5|5|5|5|1|5|5
38527,6,False,6,0,6,6|6|6|6|6|6|6|6|6|6
38540,8,False,8,0,8,8|8|8|8|8|8|8|8|8|8
38546,2,False,2,0,2,2|2|2|2|2|2|2|2|2|2
38548,6,False,6,0,6,6|6|6|6|6|6|6|6|6|6
38568,6,False,6,0,6,6|6|6|6|6|6|6|6|6|6
38585,9,False,9,10,0,0|0|0|0|0|0|0|0|0|0
38587,8,False,8,0,8,8|8|8|8|8|8|8|8|8|8
38591,0,False,0,0,0,0|0|0|0|0|0|0|0|0|0
38601,5,True,9,10,9,9|9|9|9|9|9|9|9|9|9
38629,5,False,5,9,3,3|3|3|3|3|3|5|1|3|3
38653,7,False,7,2,7,7|7|7|4|7|7|7|4|7|7
38681,6,True,0,10,0,0|0|0|0|0|0|0|0|0|0
38695,1,True,5,9,5,5|5|5|5|5|5|5|1|5|5
38702,3,False,3,9,8,3|8|0|8|8|2|8|2|0|6
38703,9,True,7,9,7,9|7|7|7|7|7|7|7|7|7
38712,4,False,4,4,4,5|4|4|4|5|4|2|4|4|2
38715,8,False,8,5,8,8|8|0|0|6|8|0|0|8|8
38723,7,True,6,10,6,4|6|6|6|6|6|6|2|6|6
38733,8,False,8,0,8,8|8|8|8|8|8|8|8|8|8
38741,2,False,2,0,2,2|2|2|2|2|2|2|2|2|2
38748,0,False,0,0,0,0|0|0|0|0|0|0|0|0|0
38754,8,False,8,0,8,8|8|8|8|8|8|8|8|8|8
38758,5,False,5,1,5,5|5|5|5|5|5|5|1|5|5
38762,4,False,4,10,6,6|5|3|6|6|6|3|6|5|5
38764,1,True,3,10,3,3|3|3|3|3|3|3|3|3|3
38770,6,True,0,6,-1,3|0|6|6|0|0|6|0|3|6
38771,8,True,6,10,6,6|6|6|6|6|6|6|6|6|6
38775,5,False,5,2,5,5|5|5|5|3|5|5|1|5|5
38786,8,True,6,9,6,8|6|6|6|6|6|6|6|6|6
38803,7,False,7,0,7,7|7|7|7|7|7|7|7|7|7
38819,5,False,5,3,5,5|5|5|3|5|5|3|1|5|5
38825,3,False,3,5,3,3|3|3|4|3|6|3|4|5|5
38843,6,False,6,1,6,6|6|6|6|6|6|6|3|6|6
38845,8,True,6,10,6,6|6|6|6|6|6|6|6|6|6
38864,6,False,6,1,6,7|6|6|6|6|6|6|6|6|6
38881,1,True,8,10,8,8|8|8|8|8|8|8|8|8|8
38904,8,False,8,1,8,8|8|8|8|8|8|8|8|8|9
38910,1,True,4,10,4,4|4|4|4|4|4|4|4|4|4
38918,7,False,7,0,7,7|7|7|7|7|7|7|7|7|7
38926,5,True,9,10,9,9|9|9|9|9|9|9|9|9|9
38934,7,False,7,5,-1,7|3|7|3|3|7|3|7|3|7
38945,3,False,3,0,3,3|3|3|3|3|3|3|3|3|3
38946,1,False,1,1,1,1|1|1|1|1|1|5|1|1|1
38971,2,False,2,9,3,3|3|3|3|2|3|3|3|3|3
38978,1,True,8,10,8,8|8|8|8|8|8|8|8|8|8
38980,0,False,0,0,0,0|0|0|0|0|0|0|0|0|0
38996,2,False,2,0,2,2|2|2|2|2|2|2|2|2|2
38999,3,False,3,0,3,3|3|3|3|3|3|3|3|3|3
39011,1,True,8,10,8,8|8|8|8|8|8|8|8|8|8
39013,3,False,3,0,3,3|3|3|3|3|3|3|3|3|3
39034,6,False,6,0,6,6|6|6|6|6|6|6|6|6|6
39039,1,False,1,1,1,1|1|1|1|1|1|5|1|1|1
39047,4,False,4,0,4,4|4|4|4|4|4|4|4|4|4
39049,0,False,0,0,0,0|0|0|0|0|0|0|0|0|0
39051,4,True,2,5,-1,2|4|2|4|2|4|4|4|2|2
39055,2,False,2,0,2,2|2|2|2|2|2|2|2|2|2
39056,0,False,0,2,0,7|0|0|7|0|0|0|0|0|0
39099,9,False,9,0,9,9|9|9|9|9|9|9|9|9|9
39109,1,False,1,3,1,1|5|1|1|1|1|5|1|1|5
39116,5,False,5,3,5,5|5|2|9|5|5|5|4|5|5
39119,8,False,8,0,8,8|8|8|8|8|8|8|8|8|8
39120,6,False,6,1,6,6|6|6|6|7|6|6|6|6|6
39124,1,True,5,10,3,3|3|3|3|3|3|3|3|3|3
39127,4,False,4,0,4,4|4|4|4|4|4|4|4|4|4
39142,8,False,8,0,8,8|8|8|8|8|8|8|8|8|8
39148,6,False,6,0,6,6|6|6|6|6|6|6|6|6|6
39174,5,True,9,10,9,9|9|9|9|9|9|9|9|9|9
39180,7,False,7,0,7,7|7|7|7|7|7|7|7|7|7
39181,4,True,7,9,7,7|7|7|7|4|7|7|7|7|7
39198,8,False,8,0,8,8|8|8|8|8|8|8|8|8|8
39207,8,False,8,0,8,8|8|8|8|8|8|8|8|8|8
39228,5,False,5,10,4,4|4|7|3|4|4|4|4|4|4
39231,4,True,7,10,7,7|7|7|7|7|7|9|7|9|7
39243,8,False,8,1,8,8|8|8|8|1|8|8|8|8|8
39261,7,False,7,1,7,7|7|7|7|7|7|7|7|7|2
39265,4,False,4,1,4,4|4|4|4|2|4|4|4|4|4
39266,7,False,7,0,7,7|7|7|7|7|7|7|7|7|7
39272,3,False,3,9,2,3|2|2|2|2|2|8|2|2|6
39291,1,False,1,2,1,1|1|1|1|1|1|5|1|1|9
39295,6,False,6,2,6,6|6|6|2|7|6|6|6|6|6
39310,2,False,2,2,2,2|2|0|2|2|2|0|2|2|2
39320,5,True,9,10,9,9|9|9|9|9|9|9|9|9|9
39335,8,False,8,9,1,1|1|1|8|1|1|5|1|1|1
39345,4,True,7,10,7,7|7|7|7|7|7|7|7|7|7
39362,8,False,8,3,8,1|5|8|8|1|8|8|8|8|8
39363,1,False,1,1,1,1|1|1|1|1|1|5|1|1|1
39372,6,True,0,10,0,0|0|0|0|0|0|0|0|0|0
39380,6,True,0,9,0,6|0|0|0|0|0|0|0|0|0
39384,3,False,3,2,3,3|3|3|3|3|3|5|3|3|1
39385,1,True,8,10,8,8|8|8|8|8|8|8|8|8|8
39391,1,False,1,1,1,1|1|1|1|1|1|5|1|1|1
39396,0,False,0,0,0,0|0|0|0|0|0|0|0|0|0
39406,7,False,7,1,7,9|7|7|7|7|7|7|7|7|7
39424,8,False,8,8,1,1|1|1|1|1|1|3|1|8|8
39427,5,True,9,10,9,9|9|9|9|9|9|9|9|9|9
39435,0,False,0,0,0,0|0|0|0|0|0|0|0|0|0
39444,8,False,8,0,8,8|8|8|8|8|8|8|8|8|8
39471,0,False,0,0,0,0|0|0|0|0|0|0|0|0|0
39479,2,True,5,10,5,5|5|5|5|5|5|5|1|5|5
39483,7,True,6,10,6,6|6|6|6|6|6|6|6|6|6
39484,1,False,1,2,1,1|1|1|1|1|1|5|1|1|5
39485,7,False,7,0,7,7|7|7|7|7|7|7|7|7|7
39489,1,False,1,5,1,2|1|8|1|8|8|4|1|1|1
39498,7,False,7,0,7,7|7|7|7|7|7|7|7|7|7
39500,3,False,3,0,3,3|3|3|3|3|3|3|3|3|3
39521,6,True,0,9,0,6|0|0|0|0|0|0|0|0|0
39561,4,False,4,0,4,4|4|4|4|4|4|4|4|4|4
39569,1,True,5,8,3,3|3|3|3|3|5|3|1|5|1
39588,1,True,4,10,4,4|4|4|4|4|4|4|4|4|4
39604,3,False,3,6,5,5|5|3|5|5|3|3|1|3|5
39607,4,False,4,0,4,4|4|4|4|4|4|4|4|4|4
39617,6,False,6,0,6,6|6|6|6|6|6|6|6|6|6
39619,6,True,0,10,9,9|9|9|9|1|9|0|1|0|5
39627,8,False,8,0,8,8|8|8|8|8|8|8|8|8|8
39632,9,True,2,10,2,2|2|2|2|2|2|7|2|2|2
39642,2,True,5,8,5,5|5|5|2|3|2|3|1|5|5
39650,0,False,0,0,0,0|0|0|0|0|0|0|0|0|0
39651,1,True,3,9,3,3|5|3|3|5|1|5|3|3|5
39665,3,False,3,2,3,4|3|3|4|3|3|3|3|3|3
39668,1,False,1,5,1,1|0|0|1|1|0|5|1|1|0
39671,9,True,2,10,2,2|2|2|2|2|2|2|2|2|2
39675,2,False,2,0,2,2|2|2|2|2|2|2|2|2|2
39682,5,False,5,7,2,7|2|2|7|5|5|7|2|5|2
39707,8,False,8,0,8,8|8|8|8|8|8|8|8|8|8
39708,7,False,7,0,7,7|7|7|7|7|7|7|7|7|7
39716,6,True,0,10,0,0|0|0|0|0|0|0|0|0|0
39718,5,False,5,9,3,3|3|3|3|3|3|3|1|5|3
39722,5,False,5,1,5,5|5|5|5|5|5|5|1|5|5
39723,0,False,0,0,0,0|0|0|0|0|0|0|0|0|0
39725,0,False,0,10,9,9|9|9|9|9|9|9|9|9|9
39727,7,False,7,0,7,7|7|7|7|7|7|7|7|7|7
39735,2,True,1,10,1,1|1|1|1|1|1|4|1|1|1
39752,1,True,4,10,4,4|4|4|4|4|4|4|4|4|4
39775,9,False,9,7,7,7|9|9|7|9|7|7|7|7|7
39780,0,False,0,0,0,0|0|0|0|0|0|0|0|0|0
39783,1,True,5,9,5,5|5|5|3|2|3|5|1|3|5
39785,4,False,4,9,3,3|3|3|3|3|4|3|3|3|3
39800,1,False,1,9,0,5|0|0|0|5|0|0|0|1|9
39803,4,False,4,8,7,7|7|7|7|4|7|7|7|4|7
39806,5,True,9,10,9,9|9|9|9|1|9|9|9|9|9
39828,1,False,1,1,1,1|1|1|1|1|1|5|1|1|1
39829,4,False,4,0,4,4|4|4|4|4|4|4|4|4|4
39851,1,True,5,9,5,5|5|5|5|5|5|5|1|5|5
39871,3,False,3,8,0,0|0|3|0|6|0|0|0|3|0
39874,6,False,6,0,6,6|6|6|6|6|6|6|6|6|6
39893,2,True,5,10,5,5|5|5|5|5|5|5|1|5|5
39895,1,True,8,10,8,8|8|8|8|8|8|8|8|8|8
39908,8,False,8,0,8,8|8|8|8|8|8|8|8|8|8
39913,6,False,6,0,6,6|6|6|6|6|6|6|6|6|6
39922,6,False,6,0,6,6|6|6|6|6|6|6|6|6|6
39933,1,False,1,1,1,1|1|1|1|1|1|5|1|1|1
39940,2,True,1,9,1,2|1|1|1|1|1|5|1|1|5
39941,3,False,3,3,3,4|4|3|3|4|3|3|3|3|3
39946,1,True,4,10,4,4|4|4|4|4|4|4|4|4|4
39957,0,False,0,1,0,6|0|0|0|0|0|0|0|0|0
39964,1,False,1,3,1,1|1|1|1|1|9|5|1|1|9
39970,8,False,8,0,8,8|8|8|8|8|8|8|8|8|8
39973,5,False,5,2,5,5|5|5|5|5|7|5|1|5|5
39981,8,False,8,0,8,8|8|8|8|8|8|8|8|8|8
39991,2,False,2,4,2,2|2|6|2|6|2|8|2|2|6
40016,8,True,6,10,6,6|6|6|6|6|6|6|6|6|6
40022,0,False,0,1,0,0|0|0|0|0|0|0|0|2|0
40029,9,False,9,0,9,9|9|9|9|9|9|9|9|9|9
40036,4,False,4,0,4,4|4|4|4|4|4|4|4|4|4
40044,1,True,5,10,5,5|5|5|3|5|5|5|4|5|5
40059,5,True,9,9,9,9|9|9|9|5|9|9|1|9|9
40060,1,False,1,5,1,2|5|2|2|1|1|5|1|1|1
40065,4,False,4,4,4,2|4|2|2|4|4|4|4|4|2
40076,1,False,1,7,8,1|8|0|8|8|0|8|1|8|1
40079,9,False,9,1,9,9|9|9|9|9|9|9|1|9|9
40090,1,False,1,3,1,1|1|1|1|1|1|8|1|9|5
40092,1,False,1,4,1,1|1|1|1|8|8|5|1|1|8
40112,2,False,2,0,2,2|2|2|2|2|2|2|2|2|2
40136,1,True,8,10,8,8|8|8|8|8|8|8|8|8|8
40142,6,False,6,0,6,6|6|6|6|6|6|6|6|6|6
40162,1,True,4,10,4,4|4|4|4|4|4|4|4|4|7
40172,1,False,1,3,1,1|5|1|1|1|1|5|1|1|5
40178,1,False,1,7,5,2|5|5|1|1|5|5|1|5|3
40204,1,False,1,2,1,1|1|1|1|1|1|5|2|1|1
40219,1,True,4,10,4,4|4|4|4|4|4|4|4|4|4
40221,2,False,2,3,2,2|4|2|4|2|2|2|4|2|2
40227,3,False,3,0,3,3|3|3|3|3|3|3|3|3|3
40229,9,False,9,0,9,9|9|9|9|9|9|9|9|9|9
40238,9,True,7,10,7,7|7|7|7|7|7|7|7|7|7
40270,8,False,8,0,8,8|8|8|8|8|8|8|8|8|8
40294,0,False,0,8,7,7|7|7|0|7|0|7|7|7|4
40330,7,False,7,6,0,7|0|0|7|0|9|0|7|7|0
40331,5,False,5,7,3,5|5|3|3|3|5|3|1|3|3
40332,6,True,0,9,0,6|0|0|0|0|0|0|0|0|0
40334,0,False,0,0,0,0|0|0|0|0|0|0|0|0|0
40354,3,False,3,8,2,3|2|2|2|3|2|2|2|2|4
40402,8,False,8,0,8,8|8|8|8|8|8|8|8|8|8
40430,5,False,5,1,5,5|5|5|5|5|5|5|1|5|5
40431,1,False,1,1,1,1|1|1|1|1|1|5|1|1|1
40437,6,False,6,4,6,6|2|3|2|6|6|6|6|3|6
40441,4,False,4,0,4,4|4|4|4|4|4|4|4|4|4
40451,5,True,9,10,9,9|9|9|9|9|9|9|9|9|9
40463,2,False,2,2,2,2|2|2|3|2|2|3|2|2|2
40471,5,False,5,6,5,5|7|5|3|3|5|3|1|5|7
40480,2,False,2,0,2,2|2|2|2|2|2|2|2|2|2
40482,6,True,0,10,0,0|0|0|0|0|0|0|0|0|0
40492,0,False,0,0,0,0|0|0|0|0|0|0|0|0|0
40497,7,False,7,5,7,4|7|7|7|2|7|0|3|8|7
40502,7,False,7,0,7,7|7|7|7|7|7|7|7|7|7
40509,1,False,1,3,1,1|5|1|1|1|0|5|1|1|1
40521,6,False,6,0,6,6|6|6|6|6|6|6|6|6|6
40529,4,False,4,0,4,4|4|4|4|4|4|4|4|4|4
40541,7,False,7,2,7,4|7|7|7|7|7|4|7|7|7
40549,8,True,6,10,6,6|6|6|6|6|6|6|6|6|6
40572,2,True,5,10,5,5|5|5|5|5|5|3|1|5|5
40579,3,True,7,10,-1,7|4|7|7|4|4|7|4|4|7
40594,2,True,1,9,1,1|1|2|1|1|1|4|1|1|5
40599,5,True,9,10,9,9|9|9|9|9|9|9|9|9|9
40619,6,True,0,10,9,9|9|9|9|9|9|9|0|8|9
40635,6,True,0,10,0,0|0|0|0|0|0|0|0|0|0
40638,5,True,9,10,9,9|9|9|9|9|9|9|9|9|9
40649,0,False,0,10,4,4|4|4|4|4|4|8|4|4|4
40656,1,False,1,5,1,1|1|2|2|1|1|4|2|1|5
40659,7,False,7,9,9,9|4|9|9|1|9|7|4|9|9
40666,6,False,6,1,6,6|6|6|6|6|6|6|7|6|6
40672,7,False,7,0,7,7|7|7|7|7|7|7|7|7|7
40691,8,False,8,0,8,8|8|8|8|8|8|8|8|8|8
40705,1,True,4,10,4,4|4|4|4|4|4|4|4|4|4
40708,0,False,0,1,0,6|0|0|0|0|0|0|0|0|0
40726,3,False,3,4,3,3|5|3|3|5|3|3|1|3|5
40730,9,True,7,10,7,7|7|7|7|7|7|7|7|7|7
40738,8,False,8,0,8,8|8|8|8|8|8|8|8|8|8
40739,4,False,4,1,4,4|4|3|4|4|4|4|4|4|4
40755,9,True,6,10,6,6|6|6|6|6|6|6|6|6|6
40774,9,False,9,0,9,9|9|9|9|9|9|9|9|9|9
40790,9,False,9,6,9,2|5|3|0|1|9|9|7|9|9
40796,0,False,0,1,0,8|0|0|0|0|0|0|0|0|0
40801,5,True,9,10,9,9|9|9|9|9|9|9|9|9|9
40805,1,True,8,10,8,8|8|8|8|8|8|8|8|8|8
40809,3,False,3,4,3,3|4|4|3|3|3|4|4|3|3
40823,8,True,6,10,6,6|6|6|6|6|6|6|6|6|6
40826,3,False,3,3,3,6|3|5|3|2|3|3|3|3|3
40853,7,False,7,0,7,7|7|7|7|7|7|7|7|7|7
40902,5,True,9,10,9,9|9|9|9|9|9|9|9|9|9
40903,9,False,9,0,9,9|9|9|9|9|9|9|9|9|9
40919,8,False,8,3,8,8|8|8|8|6|8|6|8|8|1
40930,7,False,7,0,7,7|7|7|7|7|7|7|7|7|7
40938,5,False,5,5,-1,5|5|3|5|5|5|3|3|3|3
40948,9,False,9,0,9,9|9|9|9|9|9|9|9|9|9
40959,6,False,6,1,6,8|6|6|6|6|6|6|6|6|6
40965,5,True,2,10,2,2|2|2|2|2|2|2|2|2|2
40970,9,False,9,1,9,9|9|9|9|9|9|9|0|9|9
41011,9,False,9,0,9,9|9|9|9|9|9|9|9|9|9
41016,1,True,3,9,3,3|3|3|3|3|3|3|1|3|3
41017,1,False,1,3,1,1|5|1|1|1|1|9|1|1|5
41067,1,False,1,3,1,1|1|1|1|1|9|5|1|1|5
41079,9,False,9,0,9,9|9|9|9|9|9|9|9|9|9
41080,2,False,2,0,2,2|2|2|2|2|2|2|2|2|2
41126,9,False,9,0,9,9|9|9|9|9|9|9|9|9|9
41128,9,False,9,0,9,9|9|9|9|9|9|9|9|9|9
41131,6,True,0,10,0,0|0|0|0|0|0|0|0|0|4
41142,6,False,6,1,6,6|6|6|6|6|6|6|6|8|6
41148,1,True,4,10,4,4|4|4|4|4|4|7|4|4|4
41157,2,False,2,9,3,3|8|3|2|3|3|8|3|8|8
41158,3,False,3,0,3,3|3|3|3|3|3|3|3|3|3
41168,3,False,3,1,3,3|3|3|3|3|3|3|3|5|3
41178,4,False,4,6,-1,4|6|2|4|4|6|8|4|6|6
41182,1,True,3,10,3,3|3|3|3|3|3|5|3|3|5
41216,5,True,4,9,4,3|4|2|4|5|3|4|4|4|4
41219,1,True,4,10,4,4|4|4|4|4|4|4|4|4|4
41228,9,False,9,0,9,9|9|9|9|9|9|9|9|9|9
41240,8,False,8,0,8,8|8|8|8|8|8|8|8|8|8
41244,5,True,9,10,9,9|9|9|9|9|9|9|9|9|9
41250,1,True,8,10,8,8|8|8|8|8|8|8|8|8|8
41261,9,False,9,0,9,9|9|9|9|9|9|9|9|9|9
41275,7,True,6,10,6,6|6|6|6|6|6|6|6|6|6
41280,5,True,9,10,9,9|9|9|9|9|9|9|9|9|9
41315,1,True,8,10,8,8|8|8|0|8|8|8|8|8|8
41324,0,False,0,2,0,7|5|0|0|0|0|0|0|0|0
41330,3,False,3,0,3,3|3|3|3|3|3|3|3|3|3
41331,6,False,6,0,6,6|6|6|6|6|6|6|6|6|6
41350,6,False,6,0,6,6|6|6|6|6|6|6|6|6|6
41369,3,False,3,0,3,3|3|3|3|3|3|3|3|3|3
41379,8,True,6,9,6,8|6|6|6|6|6|6|6|6|6
41398,1,False,1,1,1,1|1|1|1|1|1|5|1|1|1
41418,7,False,7,0,7,7|7|7|7|7|7|7|7|7|7
41444,6,False,6,0,6,6|6|6|6|6|6|6|6|6|6
41445,1,False,1,5,1,9|5|9|1|1|1|8|1|1|5
41451,4,False,4,0,4,4|4|4|4|4|4|4|4|4|4
41457,6,True,0,10,0,0|0|0|0|0|0|0|0|0|0
41459,2,False,2,10,3,3|3|3|3|3|3|3|3|3|3
41462,4,True,7,10,7,7|7|7|7|7|7|7|7|7|7
41473,7,False,7,0,7,7|7|7|7|7|7|7|7|7|7
41492,7,False,7,0,7,7|7|7|7|7|7|7|7|7|7
41493,1,True,3,10,4,4|4|7|4|4|4|2|4|2|2
41495,9,False,9,0,9,9|9|9|9|9|9|9|9|9|9
41497,3,False,3,8,5,6|5|5|3|5|5|3|7|6|5
41506,7,False,7,1,7,9|7|7|7|7|7|7|7|7|7
41519,1,False,1,3,1,1|5|1|1|1|1|5|1|1|5
41536,3,False,3,7,5,5|3|3|5|5|5|3|1|5|5
41537,6,False,6,1,6,6|6|6|6|7|6|6|6|6|6
41547,4,False,4,4,4,9|7|4|4|4|4|3|7|4|4
41554,2,True,4,10,3,7|3|4|3|4|4|3|1|3|3
41560,9,False,9,0,9,9|9|9|9|9|9|9|9|9|9
41569,3,False,3,0,3,3|3|3|3|3|3|3|3|3|3
41575,7,False,7,1,7,7|7|7|7|7|7|7|7|7|2
41580,9,False,9,0,9,9|9|9|9|9|9|9|9|9|9
41582,4,False,4,9,2,3|4|2|2|2|2|2|2|5|2
41591,2,False,2,2,2,2|2|2|2|4|2|4|2|2|2
41606,6,True,0,10,0,0|0|0|0|0|0|0|0|0|0
41611,9,False,9,10,0,6|0|0|0|0|0|0|0|0|0
41614,5,True,9,10,9,9|9|9|9|9|9|9|9|9|9
41615,1,True,8,10,8,8|8|8|8|8|8|0|0|8|8
41635,1,True,4,10,8,2|8|8|8|0|0|0|2|8|8
41643,2,True,1,10,1,1|1|1|1|1|1|5|1|1|5
41649,4,False,4,0,4,4|4|4|4|4|4|4|4|4|4
41663,1,False,1,3,1,1|5|1|1|1|1|5|1|1|5
41669,4,False,4,8,3,4|5|3|3|3|4|3|3|3|3
41692,1,True,5,9,5,5|5|5|5|5|5|5|1|5|5
41713,1,True,3,10,3,6|6|3|3|3|3|3|3|3|3
41717,7,False,7,5,-1,7|4|7|4|7|4|7|4|4|7
41745,0,False,0,0,0,0|0|0|0|0|0|0|0|0|0
41751,0,False,0,0,0,0|0|0|0|0|0|0|0|0|0
41754,3,True,7,10,7,7|7|7|7|7|7|7|7|7|7
41794,1,False,1,2,1,1|1|1|1|1|1|5|1|1|5
41798,1,True,5,9,5,5|5|5|5|5|5|5|1|5|5
41803,3,True,7,8,7,3|4|3|7|7|7|7|7|4|7
41804,1,True,4,10,4,4|4|4|4|4|4|4|4|4|4
41827,3,False,3,0,3,3|3|3|3|3|3|3|3|3|3
41836,4,False,4,0,4,4|4|4|4|4|4|4|4|4|4
41843,7,False,7,0,7,7|7|7|7|7|7|7|7|7|7
41844,1,False,1,1,1,1|1|1|1|1|1|5|1|1|1
41865,2,False,2,7,4,4|4|2|4|2|4|4|2|4|4
41873,6,False,6,0,6,6|6|6|6|6|6|6|6|6|6
41886,5,False,5,1,5,5|5|5|5|5|5|5|1|5|5
41895,5,True,9,10,9,9|9|9|9|9|9|9|9|9|9
41909,7,True,6,10,6,6|6|6|3|6|6|6|6|3|6
41945,3,False,3,4,3,3|3|5|3|3|3|5|7|3|2
41965,6,False,6,4,6,3|6|0|6|6|6|6|6|3|3
41968,7,False,7,0,7,7|7|7|7|7|7|7|7|7|7
41975,6,True,0,10,0,0|0|0|0|0|0|0|0|0|0
41976,9,False,9,0,9,9|9|9|9|9|9|9|9|9|9
41978,1,False,1,8,8,1|8|8|8|8|8|8|1|8|8
42016,5,False,5,8,3,3|5|5|3|6|3|6|1|3|6
42068,8,False,8,0,8,8|8|8|8|8|8|8|8|8|8
42070,1,True,4,9,4,4|4|4|4|1|4|4|4|4|2
42081,1,False,1,2,1,1|1|1|1|1|1|5|1|1|5
42090,4,True,2,7,2,2|4|2|2|2|4|4|2|2|2
42092,5,False,5,1,5,5|5|5|5|5|5|5|1|5|5
42093,6,False,6,0,6,6|6|6|6|6|6|6|6|6|6
42097,7,False,7,0,7,7|7|7|7|7|7|7|7|7|7
42147,2,False,2,0,2,2|2|2|2|2|2|2|2|2|2
42155,2,False,2,10,5,5|5|5|5|5|5|5|1|5|5
42176,1,True,3,10,3,3|3|3|3|3|3|3|3|3|3
42178,5,False,5,1,5,5|5|5|5|5|5|5|1|5|5
42181,2,False,2,5,2,4|3|2|4|2|4|2|4|2|2
42198,3,False,3,0,3,3|3|3|3|3|3|3|3|3|3
42200,2,False,2,0,2,2|2|2|2|2|2|2|2|2|2
42211,1,False,1,7,2,1|1|2|2|2|1|2|2|2|2
42221,1,False,1,10,9,5|9|9|9|5|9|9|9|9|9
42229,1,True,4,10,4,4|4|6|6|4|2|4|4|6|6
42231,0,False,0,1,0,6|0|0|0|0|0|0|0|0|0
42243,5,False,5,1,5,5|5|5|5|5|5|5|1|5|5
42246,4,True,9,10,9,9|9|9|9|9|9|9|9|9|9
42251,4,True,7,9,7,4|7|7|7|7|7|7|7|7|7
42260,1,False,1,2,1,1|1|1|1|1|1|5|1|1|5
42268,7,False,7,0,7,7|7|7|7|7|7|7|7|7|7
42301,0,False,0,0,0,0|0|0|0|0|0|0|0|0|0
42305,2,True,1,10,1,1|1|1|1|1|1|5|1|1|1
42306,5,True,9,8,9,9|5|9|1|5|9|9|9|9|9
42315,1,True,4,10,4,4|4|4|4|4|4|4|4|4|4
42327,6,False,6,1,6,7|6|6|6|6|6|6|6|6|6
42350,4,False,4,5,4,3|4|2|4|4|2|4|4|2|2
42353,7,False,7,1,7,3|7|7|7|7|7|7|7|7|7
42364,6,True,0,9,0,6|0|0|0|0|0|0|0|0|0
42382,3,False,3,7,-1,4|6|8|3|8|3|8|6|3|6
42403,4,False,4,2,4,4|4|2|4|4|4|4|4|4|5
42410,1,False,1,9,9,9|5|9|9|5|9|9|1|9|9
42423,7,False,7,1,7,7|7|7|7|7|7|9|7|7|7
42434,4,False,4,0,4,4|4|4|4|4|4|4|4|4|4
42464,1,False,1,2,1,1|5|1|1|1|1|5|1|1|1
42502,8,False,8,2,8,8|8|8|8|1|8|8|8|8|1
42513,5,False,5,1,5,5|5|5|5|5|5|5|1|5|5
42526,4,False,4,0,4,4|4|4|4|4|4|4|4|4|4
42528,5,False,5,1,5,5|5|5|5|5|5|5|1|5|5
42536,2,False,2,4,2,2|4|2|4|2|2|2|2|4|4
42556,9,False,9,0,9,9|9|9|9|9|9|9|9|9|9
42566,6,True,0,10,0,8|0|0|0|0|0|0|0|0|0
42581,5,True,2,10,4,4|4|2|4|4|4|4|2|2|2
42601,2,False,2,8,3,5|3|3|2|3|3|3|3|2|3
42609,8,False,8,0,8,8|8|8|8|8|8|8|8|8|8
42627,9,False,9,0,9,9|9|9|9|9|9|9|9|9|9
42630,0,False,0,1,0,6|0|0|0|0|0|0|0|0|0
42631,4,False,4,0,4,4|4|4|4|4|4|4|4|4|4
42674,6,True,0,9,0,6|0|0|0|0|0|0|0|0|0
42681,9,False,9,0,9,9|9|9|9|9|9|9|9|9|9
42690,7,True,6,10,6,6|6|6|6|6|6|6|6|6|6
42693,8,False,8,3,8,8|8|8|8|2|0|8|0|8|8
42695,4,False,4,4,4,4|6|4|4|4|6|4|7|4|1
42707,5,True,1,9,1,1|1|1|1|1|1|5|1|1|1
42725,4,False,4,0,4,4|4|4|4|4|4|4|4|4|4
42743,2,False,2,0,2,2|2|2|2|2|2|2|2|2|2
42755,0,False,0,0,0,0|0|0|0|0|0|0|0|0|0
42756,6,False,6,0,6,6|6|6|6|6|6|6|6|6|6
42759,0,False,0,1,0,6|0|0|0|0|0|0|0|0|0
42763,1,True,8,10,8,8|8|8|8|8|8|8|8|8|8
42771,7,False,7,0,7,7|7|7|7|7|7|7|7|7|7
42774,0,True,2,10,2,2|2|2|2|2|2|2|2|2|2
42792,9,True,2,10,2,2|2|2|2|2|2|2|2|2|2
42818,5,False,5,1,5,5|5|5|5|5|5|5|1|5|5
42819,8,True,6,9,6,6|6|6|6|6|6|6|6|6|8
42828,5,False,5,10,4,3|2|4|4|4|4|4|4|3|4
42844,0,False,0,0,0,0|0|0|0|0|0|0|0|0|0
42845,3,False,3,1,3,3|5|3|3|3|3|3|3|3|3
42851,5,True,9,9,9,9|9|9|9|9|9|9|9|9|5
42858,6,False,6,0,6,6|6|6|6|6|6|6|6|6|6
42860,1,False,1,3,1,1|1|2|1|1|1|4|1|1|5
42869,6,True,0,9,0,6|0|0|0|0|0|0|0|0|0
42879,2,True,1,10,1,1|1|1|1|1|1|5|1|1|5
42880,3,False,3,4,3,3|2|3|3|5|3|3|1|3|2
42882,3,False,3,0,3,3|3|3|3|3|3|3|3|3|3
42887,3,True,7,10,7,7|7|7|7|7|7|7|7|7|7
42903,4,False,4,1,4,4|4|4|4|4|4|4|4|4|2
42932,5,False,5,1,5,5|5|5|5|5|5|5|1|5|5
42936,7,False,7,0,7,7|7|7|7|7|7|7|7|7|7
42937,5,False,5,5,5,5|2|2|2|5|5|5|1|9|5
42941,5,True,9,10,9,9|9|9|9|9|9|9|9|9|9
42942,2,False,2,0,2,2|2|2|2|2|2|2|2|2|2
42950,1,True,5,9,5,5|5|5|5|5|5|5|1|5|5
42955,7,False,7,0,7,7|7|7|7|7|7|7|7|7|7
42956,8,True,6,10,6,6|6|6|6|6|6|6|6|6|6
42986,9,True,2,10,2,2|2|2|2|2|2|2|2|2|2
42993,4,True,2,10,2,2|2|2|2|2|2|2|2|2|2
42998,0,False,0,0,0,0|0|0|0|0|0|0|0|0|0
42999,3,False,3,1,3,5|3|3|3|3|3|3|3|3|3
43041,9,True,2,10,2,2|2|2|2|2|2|2|2|2|2
43044,4,False,4,0,4,4|4|4|4|4|4|4|4|4|4
43068,2,True,1,10,1,1|1|1|1|1|1|5|1|1|1
43077,0,False,0,1,0,6|0|0|0|0|0|0|0|0|0
43085,1,False,1,1,1,1|1|1|1|1|1|5|1|1|1
43086,8,False,8,0,8,8|8|8|8|8|8|8|8|8|8
43095,2,False,2,1,2,2|2|2|2|2|2|5|2|2|2
43117,6,False,6,0,6,6|6|6|6|6|6|6|6|6|6
43121,5,True,9,10,9,9|9|9|9|9|9|9|9|9|9
43124,7,False,7,1,7,3|7|7|7|7|7|7|7|7|7
43126,3,False,3,0,3,3|3|3|3|3|3|3|3|3|3
43131,5,True,9,10,9,9|9|9|9|9|9|9|9|9|9
43149,8,False,8,0,8,8|8|8|8|8|8|8|8|8|8
43156,5,False,5,1,5,5|5|5|5|5|5|5|1|5|5
43184,6,True,0,10,0,0|0|0|0|0|0|0|0|0|0
43196,4,False,4,7,6,4|6|7|6|4|6|6|4|3|6
43199,5,True,9,10,9,9|9|9|9|9|9|9|9|9|9
43216,9,True,2,10,8,0|8|2|8|0|2|8|0|8|4
43242,7,False,7,0,7,7|7|7|7|7|7|7|7|7|7
43251,1,False,1,10,9,9|5|9|9|9|9|9|9|9|9
43254,3,False,3,0,3,3|3|3|3|3|3|3|3|3|3
43260,7,False,7,0,7,7|7|7|7|7|7|7|7|7|7
43266,0,False,0,0,0,0|0|0|0|0|0|0|0|0|0
43269,6,False,6,1,6,6|6|6|6|6|6|6|6|2|6
43326,5,True,9,10,9,9|9|9|9|9|9|9|9|9|9
43339,3,False,3,9,5,5|4|5|5|4|4|5|1|3|5
43341,9,False,9,0,9,9|9|9|9|9|9|9|9|9|9
43345,2,True,5,10,3,3|3|3|3|3|3|7|3|3|5
43346,5,True,9,10,9,9|9|9|9|9|9|9|9|9|9
43371,1,False,1,2,1,1|1|1|1|1|1|5|1|1|5
43376,5,True,9,10,9,9|9|9|9|9|9|9|9|9|9
43378,0,False,0,0,0,0|0|0|0|0|0|0|0|0|0
43382,1,True,3,10,3,3|3|3|3|3|3|3|3|3|3
43389,6,False,6,0,6,6|6|6|6|6|6|6|6|6|6
43399,5,False,5,1,5,5|5|5|5|5|5|5|1|5|5
43406,5,True,9,10,9,9|9|9|9|9|9|9|9|9|9
43412,1,True,5,9,5,3|5|5|5|5|5|5|1|5|5
43421,2,False,2,0,2,2|2|2|2|2|2|2|2|2|2
43422,0,True,2,10,2,2|2|2|2|2|2|2|2|2|2
43458,6,True,0,10,0,0|0|0|0|0|0|0|0|0|0
43459,6,False,6,9,8,2|2|8|6|8|8|8|2|8|2
43489,1,True,8,10,8,6|8|8|8|0|8|0|0|8|8
43493,1,True,3,10,4,4|4|4|4|4|4|4|4|4|4
43494,4,False,4,8,3,5|4|3|3|7|4|3|1|3|3
43499,4,False,4,10,5,5|5|2|5|5|5|3|1|3|5
43503,2,False,2,0,2,2|2|2|2|2|2|2|2|2|2
43506,4,False,4,1,4,4|4|4|4|4|4|4|4|4|2
43507,4,True,2,10,2,2|2|2|2|2|2|2|2|2|2
43514,2,True,1,10,1,1|1|1|1|1|1|5|1|1|1
43516,4,False,4,0,4,4|4|4|4|4|4|4|4|4|4
43527,2,False,2,10,3,3|3|3|3|3|3|3|3|3|3
43541,2,False,2,4,2,2|4|2|2|4|4|2|2|4|2
43557,4,False,4,5,4,4|4|6|4|6|4|6|4|2|6
43562,3,False,3,8,7,7|7|7|7|7|3|7|7|7|3
43567,4,False,4,0,4,4|4|4|4|4|4|4|4|4|4
43568,7,False,7,0,7,7|7|7|7|7|7|7|7|7|7
43569,2,False,2,1,2,2|9|2|2|2|2|2|2|2|2
43580,7,False,7,5,-1,7|4|4|7|7|4|7|4|4|7
43591,9,False,9,0,9,9|9|9|9|9|9|9|9|9|9
43595,1,True,4,10,4,4|4|4|4|4|4|4|4|4|4
43599,2,True,5,10,5,5|5|5|5|5|5|5|1|5|5
43618,1,False,1,10,9,9|9|9|9|5|9|9|9|9|9
43620,4,False,4,0,4,4|4|4|4|4|4|4|4|4|4
43631,2,False,2,4,2,2|2|2|7|7|2|7|4|2|2
43641,1,False,1,1,1,1|1|1|1|1|1|5|1|1|1
43667,6,True,0,10,0,0|0|0|0|0|0|0|0|0|0
43677,7,False,7,0,7,7|7|7|7|7|7|7|7|7|7
43707,3,False,3,4,3,5|3|2|3|3|3|3|1|3|5
43712,6,False,6,0,6,6|6|6|6|6|6|6|6|6|6
43714,4,False,4,0,4,4|4|4|4|4|4|4|4|4|4
43729,5,True,9,10,9,9|9|9|9|9|9|9|9|9|9
43734,6,False,6,3,6,8|6|6|2|6|6|6|6|6|2
43739,9,False,9,0,9,9|9|9|9|9|9|9|9|9|9
43751,1,True,3,10,3,3|3|3|3|3|3|3|3|3|3
43755,8,False,8,0,8,8|8|8|8|8|8|8|8|8|8
43797,1,False,1,10,9,9|9|9|9|5|9|9|9|9|9
43804,5,True,1,8,1,1|5|1|1|1|1|5|1|1|1
43810,4,False,4,0,4,4|4|4|4|4|4|4|4|4|4
43822,2,False,2,10,0,0|0|0|0|0|0|0|0|0|0
43839,9,False,9,4,9,9|9|9|9|8|1|9|1|5|9
43899,8,False,8,0,8,8|8|8|8|8|8|8|8|8|8
43900,9,False,9,0,9,9|9|9|9|9|9|9|9|9|9
43941,7,False,7,1,7,4|7|7|7|7|7|7|7|7|7
43944,6,True,0,10,0,0|0|0|0|0|0|0|0|0|0
43947,0,False,0,0,0,0|0|0|0|0|0|0|0|0|0
43948,1,False,1,6,-1,1|5|9|1|5|9|5|1|1|5
43951,0,False,0,0,0,0|0|0|0|0|0|0|0|0|0
43959,2,False,2,0,2,2|2|2|2|2|2|2|2|2|2
43967,6,True,0,9,0,6|5|0|0|0|0|0|0|0|0
43977,8,True,6,10,6,6|6|6|6|6|6|6|6|6|6
44011,6,False,6,0,6,6|6|6|6|6|6|6|6|6|6
44017,0,False,0,0,0,0|0|0|0|0|0|0|0|0|0
44022,8,False,8,0,8,8|8|8|8|8|8|8|8|8|8
44027,0,False,0,0,0,0|0|0|0|0|0|0|0|0|0
44035,0,False,0,0,0,0|0|0|0|0|0|0|0|0|0
44040,4,False,4,0,4,4|4|4|4|4|4|4|4|4|4
44041,8,True,6,10,6,6|6|6|6|6|6|6|6|6|6
44042,3,True,7,10,7,7|7|5|7|7|7|5|7|5|5
44050,5,True,9,10,9,9|9|9|9|9|9|9|9|9|9
44060,8,False,8,0,8,8|8|8|8|8|8|8|8|8|8
44068,6,False,6,1,6,6|6|6|6|7|6|6|6|6|6
44085,2,True,5,10,3,3|7|3|3|3|1|3|4|3|3
44086,7,False,7,0,7,7|7|7|7|7|7|7|7|7|7
44090,9,True,2,10,2,2|2|2|2|2|2|2|7|2|2
44116,0,False,0,0,0,0|0|0|0|0|0|0|0|0|0
44121,2,False,2,0,2,2|2|2|2|2|2|2|2|2|2
44132,9,False,9,2,9,9|5|9|9|5|9|9|9|9|9
44172,4,False,4,0,4,4|4|4|4|4|4|4|4|4|4
44192,3,False,3,0,3,3|3|3|3|3|3|3|3|3|3
44204,1,False,1,5,1,1|5|9|9|1|9|5|1|1|1
44205,8,False,8,0,8,8|8|8|8|8|8|8|8|8|8
44215,4,False,4,0,4,4|4|4|4|4|4|4|4|4|4
44230,2,False,2,0,2,2|2|2|2|2|2|2|2|2|2
44232,9,True,3,10,3,3|3|3|3|3|3|3|3|3|3
44242,9,False,9,2,9,9|5|9|9|9|9|9|9|5|9
44256,2,False,2,4,2,9|9|2|2|2|2|9|3|2|2
44258,6,False,6,0,6,6|6|6|6|6|6|6|6|6|6
44297,7,False,7,0,7,7|7|7|7|7|7|7|7|7|7
44302,2,False,2,0,2,2|2|2|2|2|2|2|2|2|2
44314,6,False,6,1,6,6|6|6|6|6|7|6|6|6|6
44317,8,False,8,6,0,0|0|0|0|8|8|8|0|0|8
44327,9,True,2,10,2,2|2|2|2|2|2|4|2|0|2
44356,9,True,7,10,7,7|7|7|7|7|0|7|7|7|7
44358,5,False,5,1,5,5|5|5|5|5|5|5|1|5|5
44368,4,False,4,4,4,4|4|9|4|4|4|3|3|4|3
44371,5,False,5,5,5,5|5|3|3|5|5|3|1|3|5
44375,8,False,8,0,8,8|8|8|8|8|8|8|8|8|8
44382,8,False,8,0,8,8|8|8|8|8|8|8|8|8|8
44408,3,False,3,1,3,3|3|3|3|3|3|3|3|3|6
44420,8,False,8,0,8,8|8|8|8|8|8|8|8|8|8
44435,1,True,5,9,5,5|5|5|3|5|5|5|1|5|5
44437,5,False,5,1,5,5|5|5|5|5|5|5|1|5|5
44438,8,False,8,0,8,8|8|8|8|8|8|8|8|8|8
44442,8,False,8,0,8,8|8|8|8|8|8|8|8|8|8
44456,3,False,3,0,3,3|3|3|3|3|3|3|3|3|3
44459,5,False,5,1,5,5|5|5|5|5|5|5|1|5|5
44463,0,False,0,0,0,0|0|0|0|0|0|0|0|0|0
44465,4,False,4,0,4,4|4|4|4|4|4|4|4|4|4
44496,2,True,5,4,2,7|2|4|2|2|2|4|4|2|2
44498,6,True,0,10,0,0|0|0|0|0|0|0|0|0|0
44513,3,False,3,0,3,3|3|3|3|3|3|3|3|3|3
44524,1,False,1,2,1,2|1|1|1|1|1|5|1|1|1
44530,3,False,3,5,3,3|5|3|3|5|1|3|1|3|5
44554,9,False,9,0,9,9|9|9|9|9|9|9|9|9|9
44560,7,False,7,0,7,7|7|7|7|7|7|7|7|7|7
44561,5,False,5,2,5,5|5|5|5|5|3|5|1|5|5
44563,4,False,4,0,4,4|4|4|4|4|4|4|4|4|4
44574,9,True,2,10,2,2|4|2|4|2|2|2|2|2|2
44583,1,True,5,10,3,3|7|3|3|7|4|4|4|5|3
44598,1,False,1,2,1,1|1|1|1|1|1|5|1|1|5
44605,9,False,9,0,9,9|9|9|9|9|9|9|9|9|9
44613,5,True,1,8,1,1|1|1|1|1|1|5|1|1|5
44621,3,False,3,9,0,8|0|0|0|3|7|0|7|2|0
44627,2,False,2,0,2,2|2|2|2|2|2|2|2|2|2
44635,3,False,3,3,3,3|3|3|3|1|3|3|1|3|1
44649,8,False,8,0,8,8|8|8|8|8|8|8|8|8|8
44650,6,False,6,0,6,6|6|6|6|6|6|6|6|6|6
44657,3,False,3,4,3,1|3|3|3|3|3|9|1|3|1
44662,0,False,0,0,0,0|0|0|0|0|0|0|0|0|0
44675,6,False,6,0,6,6|6|6|6|6|6|6|6|6|6
44678,5,True,9,10,9,9|9|9|9|9|9|9|9|9|9
44685,8,False,8,6,0,8|0|8|0|8|0|0|0|8|0
44699,9,False,9,0,9,9|9|9|9|9|9|9|9|9|9
44706,5,False,5,10,4,4|4|4|4|4|2|4|4|4|4
44712,6,False,6,0,6,6|6|6|6|6|6|6|6|6|6
44741,6,True,0,9,0,6|0|0|0|0|0|0|0|0|0
44745,1,True,3,9,3,3|3|3|3|3|3|3|1|3|5
44785,0,False,0,1,0,6|0|0|0|0|0|0|0|0|0
44790,7,True,4,6,-1,3|4|7|4|2|7|4|7|4|7
44810,9,False,9,0,9,9|9|9|9|9|9|9|9|9|9
44811,8,False,8,0,8,8|8|8|8|8|8|8|8|8|8
44826,7,False,7,1,7,3|7|7|7|7|7|7|7|7|7
44847,5,False,5,1,5,5|5|5|5|5|5|5|1|5|5
44855,3,False,3,0,3,3|3|3|3|3|3|3|3|3|3
44859,1,True,3,10,3,3|3|3|3|3|3|3|3|3|3
44876,1,False,1,3,1,1|5|1|1|1|1|5|1|1|5
44887,0,False,0,8,8,7|8|8|8|1|0|8|8|8|0
44895,5,True,9,10,9,9|9|9|9|9|9|9|9|9|9
44910,9,True,2,10,4,2|4|4|4|4|2|4|2|4|4
44948,5,True,2,10,2,2|2|2|2|2|2|2|2|2|2
44973,3,False,3,0,3,3|3|3|3|3|3|3|3|3|3
44975,0,False,0,1,0,6|0|0|0|0|0|0|0|0|0
44978,4,False,4,3,4,4|4|4|4|4|4|6|4|2|6
44982,7,False,7,0,7,7|7|7|7|7|7|7|7|7|7
44983,5,True,9,10,9,9|9|9|9|9|9|9|9|9|9
44989,6,False,6,1,6,6|6|6|6|6|6|6|7|6|6
45018,5,False,5,1,5,5|5|5|5|5|5|5|1|5|5
45022,4,False,4,0,4,4|4|4|4|4|4|4|4|4|4
45030,1,False,1,2,1,1|1|1|1|1|1|5|1|1|5
45046,4,False,4,0,4,4|4|4|4|4|4|4|4|4|4
45048,9,False,9,0,9,9|9|9|9|9|9|9|9|9|9
45053,3,False,3,0,3,3|3|3|3|3|3|3|3|3|3
45063,5,True,9,8,9,9|5|9|1|5|9|9|1|9|9
45076,4,False,4,9,3,3|3|3|3|3|4|3|3|3|3
45078,6,False,6,0,6,6|6|6|6|6|6|6|6|6|6
45106,6,True,0,9,0,6|0|0|0|0|0|0|0|0|0
45114,4,False,4,0,4,4|4|4|4|4|4|4|4|4|4
45123,0,False,0,0,0,0|0|0|0|0|0|0|0|0|0
45130,4,True,7,10,7,7|7|7|7|7|7|7|7|7|7
45132,4,False,4,2,4,6|4|4|4|4|4|0|4|4|4
45141,8,True,6,10,6,6|6|6|6|6|6|6|6|6|6
45144,4,False,4,10,3,3|3|5|3|5|3|5|3|3|5
45160,9,False,9,5,9,5|5|9|3|9|9|9|1|9|5
45162,1,True,8,10,8,8|8|8|8|8|8|8|8|8|8
45165,6,False,6,0,6,6|6|6|6|6|6|6|6|6|6
45176,0,False,0,3,0,2|0|0|1|0|0|0|6|0|0
45177,5,True,9,10,9,9|9|9|9|9|9|9|9|9|9
45194,1,False,1,2,1,1|5|1|1|1|1|5|1|1|1
45220,6,False,6,1,6,6|6|6|6|6|6|6|8|6|6
45229,2,False,2,2,2,2|4|2|2|4|2|2|2|2|2
45230,7,False,7,3,7,7|7|7|7|7|7|3|3|3|7
45232,0,False,0,5,0,9|0|8|8|0|0|0|0|9|9
45250,3,False,3,10,4,7|4|7|4|5|4|4|4|5|5
45251,3,False,3,0,3,3|3|3|3|3|3|3|3|3|3
45258,1,False,1,2,1,1|1|1|1|1|1|5|1|1|5
45260,2,True,5,10,4,4|4|4|4|4|4|4|4|4|4
45272,2,False,2,2,2,2|4|2|4|2|2|2|2|2|2
45277,2,False,2,0,2,2|2|2|2|2|2|2|2|2|2
45291,2,True,1,10,1,1|1|1|1|1|1|5|1|1|5
45297,6,True,0,9,0,6|0|0|0|0|0|0|0|0|0
45306,5,True,2,10,2,2|2|2|2|2|2|2|2|2|2
45325,8,False,8,0,8,8|8|8|8|8|8|8|8|8|8
45331,1,True,5,9,5,5|5|5|5|5|5|5|1|5|5
45398,8,False,8,0,8,8|8|8|8|8|8|8|8|8|8
45419,0,False,0,0,0,0|0|0|0|0|0|0|0|0|0
45433,3,False,3,1,3,3|3|3|3|3|3|3|3|3|5
45450,1,True,5,9,3,3|5|3|3|3|3|3|3|3|1
45452,8,True,6,10,6,6|6|6|6|6|6|6|6|6|6
45492,1,True,5,10,2,4|2|2|2|5|2|2|4|3|2
45501,1,True,5,9,5,5|5|3|5|5|5|5|1|5|5
45525,0,False,0,0,0,0|0|0|0|0|0|0|0|0|0
45540,7,False,7,0,7,7|7|7|7|7|7|7|7|7|7
45554,1,True,5,10,3,3|5|3|3|3|3|3|3|3|3
45577,9,False,9,3,9,9|9|9|1|5|9|9|9|1|9
45578,8,False,8,0,8,8|8|8|8|8|8|8|8|8|8
45598,1,True,4,10,7,7|4|7|7|7|6|3|7|6|6
45621,9,True,0,10,0,6|5|0|0|0|2|0|0|0|2
45637,6,False,6,0,6,6|6|6|6|6|6|6|6|6|6
45643,7,False,7,0,7,7|7|7|7|7|7|7|7|7|7
45649,8,False,8,0,8,8|8|8|8|8|8|8|8|8|8
45660,5,True,2,10,2,2|2|2|2|2|2|0|2|2|2
45662,2,False,2,6,2,3|5|2|2|3|2|3|2|5|5
45680,1,True,8,10,8,8|8|8|8|8|8|8|8|8|8
45693,6,False,6,0,6,6|6|6|6|6|6|6|6|6|6
45695,1,True,8,10,8,8|8|8|8|8|0|8|0|8|8
45696,5,True,9,9,9,9|5|9|9|9|9|9|9|9|9
45703,2,False,2,5,-1,4|4|2|2|4|4|4|2|2|2
45705,5,False,5,1,5,5|5|5|5|5|5|5|1|5|5
45723,4,False,4,10,7,7|7|7|7|7|7|7|7|7|7
45737,0,False,0,0,0,0|0|0|0|0|0|0|0|0|0
45753,6,False,6,0,6,6|6|6|6|6|6|6|6|6|6
45755,9,False,9,1,9,9|9|9|9|5|9|9|9|9|9
45758,6,True,7,10,7,7|7|7|7|7|7|7|7|7|7
45769,1,False,1,3,1,1|1|1|2|1|1|5|1|1|5
45783,3,False,3,5,3,3|3|3|3|5|3|5|1|5|1
45795,2,False,2,1,2,2|2|2|2|2|2|2|2|2|4
45809,8,False,8,0,8,8|8|8|8|8|8|8|8|8|8
45811,4,False,4,2,4,4|4|4|4|2|4|2|4|4|4
45813,9,False,9,0,9,9|9|9|9|9|9|9|9|9|9
45820,4,False,4,0,4,4|4|4|4|4|4|4|4|4|4
45830,8,False,8,0,8,8|8|8|8|8|8|8|8|8|8
45836,9,True,6,10,6,6|6|6|6|6|6|6|6|6|6
45847,2,False,2,0,2,2|2|2|2|2|2|2|2|2|2
45853,8,False,8,0,8,8|8|8|8|8|8|8|8|8|8
45878,6,False,6,0,6,6|6|6|6|6|6|6|6|6|6
45890,8,False,8,0,8,8|8|8|8|8|8|8|8|8|8
45915,5,False,5,7,3,3|5|5|3|5|1|3|1|3|3
45923,2,True,1,9,1,1|5|1|1|1|0|0|1|1|2
45932,7,False,7,1,7,7|4|7|7|7|7|7|7|7|7
45942,5,False,5,1,5,5|5|5|5|5|5|5|1|5|5
45948,3,False,3,3,3,3|3|3|3|5|3|3|1|5|3
46014,2,False,2,0,2,2|2|2|2|2|2|2|2|2|2
46030,1,True,5,9,5,5|5|5|5|5|5|5|1|5|5
46031,1,True,8,10,8,8|8|8|8|8|8|8|8|8|8
46038,8,False,8,0,8,8|8|8|8|8|8|8|8|8|8
46039,5,True,9,6,5,5|5|1|9|1|9|5|9|1|5
46041,0,False,0,1,0,6|0|0|0|0|0|0|0|0|0
46046,0,False,0,1,0,6|0|0|0|0|0|0|0|0|0
46053,2,False,2,0,2,2|2|2|2|2|2|2|2|2|2
46080,1,True,3,7,3,3|3|3|3|5|1|5|1|3|1
46085,3,False,3,1,3,3|3|3|3|3|3|3|3|3|5
46107,1,False,1,10,9,9|9|9|9|5|9|9|9|9|9
46114,2,False,2,10,0,0|0|0|0|0|0|0|0|0|0
46126,6,False,6,1,6,6|6|6|6|7|6|6|6|6|6
46161,7,False,7,0,7,7|7|7|7|7|7|7|7|7|7
46165,2,True,5,10,5,5|5|5|5|5|5|5|1|5|5
46181,5,True,9,10,9,9|9|9|9|9|9|9|9|9|9
46191,7,True,6,10,6,6|6|6|6|6|6|6|6|6|6
46218,4,False,4,0,4,4|4|4|4|4|4|4|4|4|4
46250,5,True,4,10,4,4|4|4|4|4|4|4|4|4|4
46253,5,True,4,10,4,4|4|4|4|4|4|4|4|4|4
46275,1,True,5,9,5,5|5|5|5|5|5|5|1|5|5
46283,7,False,7,1,7,3|7|7|7|7|7|7|7|7|7
46290,3,False,3,7,2,5|2|2|2|3|2|3|2|3|2
46301,7,False,7,0,7,7|7|7|7|7|7|7|7|7|7
46304,1,False,1,5,1,5|5|1|1|1|9|5|1|1|5
46305,9,False,9,0,9,9|9|9|9|9|9|9|9|9|9
46312,6,False,6,0,6,6|6|6|6|6|6|6|6|6|6
46322,6,False,6,1,6,6|6|6|5|6|6|6|6|6|6
46324,6,True,0,9,0,6|0|0|0|0|0|0|0|0|0
46327,9,False,9,0,9,9|9|9|9|9|9|9|9|9|9
46332,5,True,1,8,9,5|5|9|9|9|9|9|1|9|9
46344,0,False,0,9,6,8|6|6|6|6|0|6|6|6|6
46356,9,False,9,0,9,9|9|9|9|9|9|9|9|9|9
46387,8,False,8,0,8,8|8|8|8|8|8|8|8|8|8
46388,6,False,6,0,6,6|6|6|6|6|6|6|6|6|6
46390,9,False,9,0,9,9|9|9|9|9|9|9|9|9|9
46395,8,False,8,0,8,8|8|8|8|8|8|8|8|8|8
46401,9,False,9,2,9,9|9|9|9|5|9|9|1|9|9
46407,6,False,6,2,6,7|6|6|6|6|6|7|6|6|6
46414,7,True,3,10,3,3|3|3|3|5|3|3|1|3|3
46434,0,False,0,1,0,0|0|0|0|3|0|0|0|0|0
46435,1,True,8,10,8,8|8|8|8|8|8|8|8|8|8
46438,9,False,9,0,9,9|9|9|9|9|9|9|9|9|9
46460,4,False,4,7,5,4|5|2|5|5|4|3|4|5|5
46463,1,False,1,2,1,1|1|1|1|1|1|5|1|1|5
46472,3,False,3,0,3,3|3|3|3|3|3|3|3|3|3
46484,3,True,7,10,7,7|7|7|7|7|7|7|7|7|7
46485,9,False,9,0,9,9|9|9|9|9|9|9|9|9|9
46507,1,False,1,1,1,1|1|1|1|1|1|5|1|1|1
46554,0,False,0,1,0,0|0|2|0|0|0|0|0|0|0
46560,2,False,2,0,2,2|2|2|2|2|2|2|2|2|2
46561,3,False,3,0,3,3|3|3|3|3|3|3|3|3|3
46581,7,False,7,9,9,9|9|9|9|9|9|9|9|7|0
46583,4,True,7,10,7,7|7|7|7|7|7|7|7|7|7
46585,6,True,0,10,0,0|0|0|0|2|0|0|0|0|0
46606,1,True,5,9,5,5|5|5|5|5|5|5|1|5|5
46611,9,False,9,0,9,9|9|9|9|9|9|9|9|9|9
46618,1,True,4,10,4,4|4|4|4|4|4|4|4|4|4
46633,2,False,2,2,2,4|2|2|0|2|2|2|2|2|2
46638,2,True,5,10,5,3|5|5|5|3|3|3|1|5|5
46647,5,True,9,10,9,9|9|9|9|9|9|9|9|9|9
46659,1,True,3,10,3,3|3|3|3|3|3|3|3|3|3
46664,9,False,9,0,9,9|9|9|9|9|9|9|9|9|9
46676,5,False,5,10,3,3|3|3|3|1|3|3|3|3|3
46687,9,False,9,0,9,9|9|9|9|9|9|9|9|9|9
46692,0,False,0,0,0,0|0|0|0|0|0|0|0|0|0
46693,1,False,1,2,1,1|1|1|1|1|1|5|1|1|5
46694,7,False,7,3,7,7|4|7|7|4|7|7|7|7|4
46699,8,False,8,0,8,8|8|8|8|8|8|8|8|8|8
46719,4,True,7,10,7,7|7|7|7|7|7|7|7|7|7
46759,2,False,2,0,2,2|2|2|2|2|2|2|2|2|2
46764,8,False,8,0,8,8|8|8|8|8|8|8|8|8|8
46772,7,True,6,10,6,6|6|6|6|6|6|6|6|6|6
46773,1,True,4,10,4,4|4|2|4|4|4|4|4|4|4
46775,9,False,9,0,9,9|9|9|9|9|9|9|9|9|9
46777,9,False,9,0,9,9|9|9|9|9|9|9|9|9|9
46780,5,False,5,1,5,5|5|5|5|5|5|5|1|5|5
46805,3,False,3,0,3,3|3|3|3|3|3|3|3|3|3
46839,0,False,0,0,0,0|0|0|0|0|0|0|0|0|0
46847,2,True,5,9,5,5|5|5|3|3|5|3|2|5|5
46855,3,False,3,3,3,5|3|3|7|3|3|3|1|3|3
46859,1,False,1,8,9,9|5|9|9|1|9|9|1|9|5
46871,1,False,1,5,1,2|1|2|2|1|1|5|1|1|5
46888,8,False,8,0,8,8|8|8|8|8|8|8|8|8|8
46894,3,False,3,3,3,1|3|2|3|3|3|3|3|3|2
46901,5,False,5,10,2,2|4|2|4|2|2|2|2|2|2
46903,5,False,5,1,5,5|5|5|5|5|5|5|1|5|5
46916,5,False,5,1,5,5|5|5|5|5|5|5|1|5|5
46921,6,False,6,0,6,6|6|6|6|6|6|6|6|6|6
46926,8,False,8,0,8,8|8|8|8|8|8|8|8|8|8
46930,5,False,5,6,1,1|5|1|1|1|1|5|1|5|5
46934,0,False,0,1,0,0|0|0|0|2|0|0|0|0|0
46936,0,False,0,1,0,6|0|0|0|0|0|0|0|0|0
46982,7,False,7,0,7,7|7|7|7|7|7|7|7|7|7
46989,3,False,3,2,3,3|3|3|3|3|1|3|4|3|3
46998,1,True,4,10,4,4|7|4|4|4|4|4|4|4|4
47014,3,False,3,0,3,3|3|3|3|3|3|3|3|3|3
47025,9,False,9,0,9,9|9|9|9|9|9|9|9|9|9
47047,6,False,6,0,6,6|6|6|6|6|6|6|6|6|6
47053,1,True,4,10,4,4|4|4|4|4|4|4|4|4|4
47059,1,True,5,9,3,3|5|3|3|5|3|3|1|3|3
47060,1,False,1,3,1,2|1|1|1|1|1|2|1|1|5
47093,0,False,0,0,0,0|0|0|0|0|0|0|0|0|0
47098,3,False,3,2,3,5|3|5|3|3|3|3|3|3|3
47099,7,False,7,0,7,7|7|7|7|7|7|7|7|7|7
47102,0,False,0,0,0,0|0|0|0|0|0|0|0|0|0
47106,0,False,0,0,0,0|0|0|0|0|0|0|0|0|0
47107,5,False,5,1,5,5|5|5|5|5|5|5|1|5|5
47109,1,False,1,1,1,1|1|1|1|1|1|5|1|1|1
47112,0,True,8,10,3,3|3|3|3|3|6|3|3|3|3
47115,6,False,6,0,6,6|6|6|6|6|6|6|6|6|6
47117,7,False,7,0,7,7|7|7|7|7|7|7|7|7|7
47118,8,False,8,2,8,8|9|8|8|8|8|8|8|9|8
47158,5,False,5,1,5,5|5|5|5|5|5|5|1|5|5
47180,2,False,2,0,2,2|2|2|2|2|2|2|2|2|2
47181,8,False,8,0,8,8|8|8|8|8|8|8|8|8|8
47183,5,False,5,1,5,5|5|5|5|5|5|5|1|5|5
47198,3,False,3,5,3,3|5|5|3|3|3|3|1|5|5
47199,2,False,2,0,2,2|2|2|2|2|2|2|2|2|2
47204,1,True,3,10,3,3|3|3|3|3|3|3|3|3|3
47214,8,False,8,2,8,8|8|0|8|8|8|8|0|8|8
47217,3,False,3,0,3,3|3|3|3|3|3|3|3|3|3
47220,0,False,0,0,0,0|0|0|0|0|0|0|0|0|0
47223,5,False,5,1,5,5|5|5|5|5|5|5|2|5|5
47229,5,False,5,10,3,3|3|3|3|3|3|3|3|3|3
47250,3,False,3,0,3,3|3|3|3|3|3|3|3|3|3
47301,9,True,7,10,7,7|7|7|7|7|7|7|7|7|7
47305,4,False,4,0,4,4|4|4|4|4|4|4|4|4|4
47307,9,False,9,0,9,9|9|9|9|9|9|9|9|9|9
47308,7,False,7,0,7,7|7|7|7|7|7|7|7|7|7
47311,4,False,4,0,4,4|4|4|4|4|4|4|4|4|4
47352,7,True,6,10,6,6|6|6|6|6|6|6|6|6|6
47358,5,False,5,1,5,5|5|5|5|5|5|5|1|5|5
47360,2,False,2,1,2,9|2|2|2|2|2|2|2|2|2
47369,6,False,6,0,6,6|6|6|6|6|6|6|6|6|6
47375,0,False,0,1,0,6|0|0|0|0|0|0|0|0|0
47376,1,True,8,10,8,8|8|8|8|8|8|8|8|8|8
47389,8,False,8,0,8,8|8|8|8|8|8|8|8|8|8
47410,3,False,3,0,3,3|3|3|3|3|3|3|3|3|3
47414,1,True,8,10,8,8|8|8|8|8|8|8|8|8|8
47415,4,False,4,0,4,4|4|4|4|4|4|4|4|4|4
47421,6,True,0,10,0,0|0|0|0|0|0|0|0|0|0
47423,1,False,1,1,1,1|1|1|1|1|1|5|1|1|1
47424,2,True,5,10,5,5|5|5|5|5|5|5|1|5|5
47426,9,False,9,0,9,9|9|9|9|9|9|9|9|9|9
47434,6,False,6,2,6,6|4|6|6|6|6|6|6|4|6
47449,2,False,2,0,2,2|2|2|2|2|2|2|2|2|2
47453,5,True,1,9,1,1|1|1|1|1|1|5|1|1|1
47455,7,False,7,10,5,5|3|5|5|5|5|5|1|5|5
47456,0,False,0,1,0,6|0|0|0|0|0|0|0|0|0
47460,7,False,7,0,7,7|7|7|7|7|7|7|7|7|7
47463,1,True,5,9,4,5|4|4|4|4|3|4|1|4|3
47467,3,False,3,0,3,3|3|3|3|3|3|3|3|3|3
47470,1,False,1,2,1,1|1|1|1|1|1|5|1|1|5
47475,1,True,3,10,4,7|4|4|4|4|4|3|4|4|5
47486,6,True,0,10,0,0|0|0|0|0|0|0|0|0|0
47527,8,False,8,0,8,8|8|8|8|8|8|8|8|8|8
47541,3,False,3,0,3,3|3|3|3|3|3|3|3|3|3
47542,5,True,1,8,1,1|1|2|1|1|1|5|1|1|5
47575,7,False,7,0,7,7|7|7|7|7|7|7|7|7|7
47576,1,True,4,10,4,4|4|4|4|4|4|4|4|4|4
47588,5,True,1,8,1,1|1|1|1|1|1|5|1|1|5
47589,9,True,2,10,2,2|2|2|2|2|2|2|2|2|2
47606,9,True,1,10,1,1|1|1|1|1|1|5|1|1|5
47608,8,False,8,0,8,8|8|8|8|8|8|8|8|8|8
47614,9,False,9,0,9,9|9|9|9|9|9|9|9|9|9
47620,5,False,5,2,5,5|5|5|5|5|5|5|1|3|5
47623,1,True,4,10,4,4|4|4|4|4|4|4|4|4|4
47628,1,True,8,10,8,8|8|8|8|8|8|8|8|8|8
47632,2,False,2,1,2,2|2|2|2|2|2|4|2|2|2
47640,8,True,6,10,6,1|6|6|6|6|3|6|3|3|6
47659,5,False,5,9,3,3|5|2|3|1|3|3|1|3|3
47669,8,False,8,0,8,8|8|8|8|8|8|8|8|8|8
47675,2,False,2,0,2,2|2|2|2|2|2|2|2|2|2
47678,6,True,0,8,3,6|3|3|3|3|6|0|0|3|0
47680,1,False,1,2,1,1|1|1|1|1|1|5|1|1|5
47698,2,False,2,1,2,2|5|2|2|2|2|2|2|2|2
47699,9,False,9,3,9,9|9|9|1|9|9|8|9|9|1
47705,3,False,3,1,3,3|3|3|3|3|3|3|4|3|3
47715,9,False,9,0,9,9|9|9|9|9|9|9|9|9|9
47733,8,False,8,5,8,6|0|0|8|0|8|8|8|8|0
47735,4,False,4,4,4,4|3|4|4|1|4|3|4|4|3
47738,1,True,4,10,4,4|4|4|4|4|4|4|4|4|4
47741,1,True,3,7,3,3|3|1|3|1|3|3|3|3|1
47745,1,False,1,7,9,5|9|9|1|1|8|9|1|9|9
47761,1,False,1,2,1,1|1|1|1|1|1|5|1|1|5
47762,1,True,8,10,8,8|8|8|8|8|8|8|8|8|8
47766,0,False,0,2,0,6|0|6|0|0|0|0|0|0|0
47787,5,True,9,9,9,9|5|9|9|9|9|9|9|9|9
47806,8,False,8,10,9,9|5|9|9|5|9|0|9|9|9
47817,7,False,7,8,4,4|7|4|4|7|4|4|4|4|4
47829,1,True,8,10,8,8|8|8|8|8|8|8|8|8|8
47847,1,True,5,9,5,5|5|5|5|5|5|5|1|5|5
47855,4,False,4,3,4,4|4|2|4|2|4|4|4|2|4
47886,8,False,8,0,8,8|8|8|8|8|8|8|8|8|8
47891,4,False,4,1,4,4|4|4|4|4|4|4|4|4|2
47900,1,False,1,1,1,1|1|1|1|1|1|5|1|1|1
47933,1,True,3,10,3,3|3|3|3|3|3|3|3|3|3
47937,8,True,6,10,6,6|5|6|6|3|6|6|6|3|6
47975,4,False,4,4,4,4|6|8|4|4|4|8|4|6|4
47976,7,True,6,10,6,6|6|6|6|6|6|6|6|6|6
47977,2,True,5,10,5,5|5|5|5|5|5|5|1|5|5
47980,2,True,1,10,8,8|8|8|8|8|8|8|8|8|8
47998,3,False,3,6,3,2|3|2|3|3|3|0|6|8|2
48027,6,False,6,10,2,2|2|2|2|2|2|2|2|2|2
48030,1,False,1,1,1,1|1|1|1|1|1|5|1|1|1
48033,5,True,9,10,9,9|9|9|9|9|9|9|9|9|9
48041,9,True,7,10,7,7|7|7|7|7|7|7|7|7|7
48046,4,False,4,0,4,4|4|4|4|4|4|4|4|4|4
48047,6,False,6,1,6,6|6|6|6|7|6|6|6|6|6
48061,5,True,9,10,9,9|9|9|9|9|9|9|9|9|9
48063,3,False,3,0,3,3|3|3|3|3|3|3|3|3|3
48078,1,False,1,10,9,9|9|9|9|9|9|9|9|9|9
48084,9,False,9,7,-1,5|5|9|9|5|1|8|1|0|9
48086,5,True,1,9,1,1|1|1|1|1|1|5|1|1|1
48091,4,False,4,1,4,4|4|4|4|4|4|4|7|4|4
48092,2,False,2,0,2,2|2|2|2|2|2|2|2|2|2
48106,9,False,9,0,9,9|9|9|9|9|9|9|9|9|9
48109,0,False,0,0,0,0|0|0|0|0|0|0|0|0|0
48113,1,False,1,2,1,1|1|1|1|1|1|4|1|1|2
48150,9,False,9,0,9,9|9|9|9|9|9|9|9|9|9
48152,9,False,9,0,9,9|9|9|9|9|9|9|9|9|9
48156,1,True,8,10,8,8|8|8|8|8|8|8|8|8|8
48159,1,True,4,10,4,5|4|3|4|4|4|4|4|4|4
48169,2,False,2,1,2,5|2|2|2|2|2|2|2|2|2
48178,9,False,9,0,9,9|9|9|9|9|9|9|9|9|9
48182,1,False,1,4,1,1|5|1|1|1|0|0|1|1|5
48193,5,False,5,2,5,5|5|5|7|5|5|5|1|5|5
48211,1,True,4,10,4,4|4|4|4|4|4|4|4|4|4
48242,2,False,2,0,2,2|2|2|2|2|2|2|2|2|2
48243,1,True,3,9,3,3|3|3|3|5|5|5|1|3|3
48247,8,False,8,2,8,7|5|8|8|8|8|8|8|8|8
48257,0,False,0,1,0,0|0|0|8|0|0|0|0|0|0
48264,2,True,1,9,1,1|5|2|1|1|1|5|0|1|1
48273,8,False,8,0,8,8|8|8|8|8|8|8|8|8|8
48275,1,False,1,3,1,1|5|1|1|1|1|5|1|1|5
48277,6,False,6,0,6,6|6|6|6|6|6|6|6|6|6
48300,2,False,2,0,2,2|2|2|2|2|2|2|2|2|2
48309,4,False,4,0,4,4|4|4|4|4|4|4|4|4|4
48314,2,False,2,0,2,2|2|2|2|2|2|2|2|2|2
48333,8,False,8,0,8,8|8|8|8|8|8|8|8|8|8
48370,2,False,2,0,2,2|2|2|2|2|2|2|2|2|2
48374,8,False,8,0,8,8|8|8|8|8|8|8|8|8|8
48387,9,False,9,1,9,9|9|9|9|9|9|5|9|9|9
48393,1,True,8,10,8,8|8|8|8|8|8|8|8|8|8
48395,5,False,5,2,5,5|5|5|5|5|5|3|1|5|5
48401,6,False,6,0,6,6|6|6|6|6|6|6|6|6|6
48402,3,False,3,10,5,5|5|5|5|5|5|5|1|5|5
48407,1,True,4,10,4,4|4|4|4|4|4|4|4|4|4
48416,6,True,0,10,0,0|0|0|0|0|0|0|0|0|0
48420,7,False,7,1,7,9|7|7|7|7|7|7|7|7|7
48427,2,False,2,0,2,2|2|2|2|2|2|2|2|2|2
48431,5,True,9,10,9,9|9|9|9|9|9|9|9|9|9
48445,8,False,8,0,8,8|8|8|8|8|8|8|8|8|8
48446,6,False,6,0,6,6|6|6|6|6|6|6|6|6|6
48448,4,True,6,10,6,6|6|6|6|6|6|6|6|6|6
48450,9,False,9,0,9,9|9|9|9|9|9|9|9|9|9
48453,3,True,7,7,-1,3|7|2|3|3|7|6|1|7|2
48472,2,False,2,0,2,2|2|2|2|2|2|2|2|2|2
48484,4,False,4,1,4,4|4|4|4|4|4|5|4|4|4
48495,5,False,5,1,5,5|5|5|5|5|5|5|1|5|5
48507,3,False,3,1,3,3|3|3|3|5|3|3|3|3|3
48532,6,False,6,1,6,6|6|6|6|7|6|6|6|6|6
48542,6,False,6,0,6,6|6|6|6|6|6|6|6|6|6
48561,3,False,3,4,3,3|0|2|3|1|3|3|1|3|3
48562,8,False,8,0,8,8|8|8|8|8|8|8|8|8|8
48565,8,True,6,9,6,8|6|9|6|6|6|6|6|6|6
48589,9,True,2,10,4,4|4|5|4|4|2|2|4|5|4
48600,6,False,6,0,6,6|6|6|6|6|6|6|6|6|6
48604,1,True,8,10,8,8|8|8|8|8|8|8|8|8|8
48607,6,False,6,0,6,6|6|6|6|6|6|6|6|6|6
48623,5,True,9,10,9,9|9|9|9|9|9|9|9|9|9
48628,9,True,2,9,2,2|2|2|2|2|5|9|2|2|2
48646,9,False,9,0,9,9|9|9|9|9|9|9|9|9|9
48652,5,True,9,10,9,9|9|9|9|9|9|9|9|9|9
48653,6,True,0,9,0,6|0|0|0|0|0|0|0|0|0
48667,1,False,1,2,1,1|5|1|1|1|1|8|1|1|1
48673,1,True,5,10,3,3|3|3|3|3|3|3|3|3|3
48688,7,False,7,3,7,7|7|7|4|7|7|7|2|4|7
48689,4,False,4,0,4,4|4|4|4|4|4|4|4|4|4
48713,5,True,9,10,9,9|9|9|9|9|9|9|9|9|9
48717,2,True,7,10,-1,4|4|7|4|7|4|7|4|7|7
48726,8,False,8,0,8,8|8|8|8|8|8|8|8|8|8
48727,7,False,7,0,7,7|7|7|7|7|7|7|7|7|7
48733,2,False,2,1,2,2|2|2|2|2|2|4|2|2|2
48741,6,True,7,10,7,7|7|7|7|7|7|7|7|7|7
48744,8,False,8,0,8,8|8|8|8|8|8|8|8|8|8
48754,1,True,5,9,5,5|5|5|5|5|5|5|1|5|5
48755,8,False,8,0,8,8|8|8|8|8|8|8|8|8|8
48768,3,False,3,9,4,3|4|4|4|4|4|4|4|4|4
48771,8,True,6,10,6,6|6|6|6|6|6|6|6|6|6
48792,0,False,0,0,0,0|0|0|0|0|0|0|0|0|0
48796,4,False,4,9,3,3|3|3|3|3|4|3|3|3|3
48798,1,True,3,10,3,3|3|3|3|3|3|3|3|3|3
48805,8,False,8,0,8,8|8|8|8|8|8|8|8|8|8
48809,9,False,9,0,9,9|9|9|9|9|9|9|9|9|9
48826,7,False,7,0,7,7|7|7|7|7|7|7|7|7|7
48876,4,False,4,0,4,4|4|4|4|4|4|4|4|4|4
48905,8,False,8,0,8,8|8|8|8|8|8|8|8|8|8
48913,6,False,6,0,6,6|6|6|6|6|6|6|6|6|6
48916,9,False,9,0,9,9|9|9|9|9|9|9|9|9|9
48920,8,False,8,8,2,9|2|2|2|8|2|8|2|2|7
48922,2,False,2,0,2,2|2|2|2|2|2|2|2|2|2
48927,3,True,7,10,7,7|7|7|7|7|7|7|7|7|7
48955,4,False,4,0,4,4|4|4|4|4|4|4|4|4|4
48961,1,True,4,10,4,4|4|4|4|4|4|4|4|4|4
48988,2,False,2,3,2,4|2|2|4|2|2|4|2|2|2
48991,5,False,5,2,5,5|5|5|5|3|5|5|1|5|5
48994,2,False,2,3,2,2|4|2|4|4|2|2|2|2|2
49004,0,False,0,0,0,0|0|0|0|0|0|0|0|0|0
49020,0,True,2,10,2,2|2|2|2|2|2|2|2|2|2
49041,8,True,6,8,6,8|6|6|6|8|6|6|6|6|6
49044,3,False,3,0,3,3|3|3|3|3|3|3|3|3|3
49052,5,False,5,1,5,5|5|5|5|5|5|5|1|5|5
49056,8,True,6,10,2,7|2|2|2|2|2|2|2|2|2
49063,4,True,7,10,7,7|7|7|7|7|7|7|7|7|7
49072,5,True,9,10,9,9|9|9|9|9|9|9|9|9|9
49085,9,True,1,10,1,1|1|1|1|1|1|5|1|1|1
49086,9,False,9,0,9,9|9|9|9|9|9|9|9|9|9
49091,0,False,0,0,0,0|0|0|0|0|0|0|0|0|0
49100,6,True,0,10,0,0|0|0|0|0|0|0|0|0|0
49122,1,False,1,2,1,1|1|1|1|1|1|5|1|1|5
49132,7,False,7,8,5,5|7|5|3|5|7|9|1|5|5
49135,8,True,6,10,6,6|6|6|6|6|6|6|6|6|6
49137,1,False,1,10,9,9|5|9|9|9|9|9|9|9|9
49141,7,False,7,10,4,4|4|4|4|4|4|4|4|4|4
49146,1,True,3,9,3,3|3|3|3|5|3|3|1|3|3
49159,2,False,2,0,2,2|2|2|2|2|2|2|2|2|2
49172,2,True,5,10,-1,7|7|7|7|4|4|4|4|5|5
49194,5,True,9,10,9,9|9|9|9|9|9|9|9|9|9
49211,9,False,9,0,9,9|9|9|9|9|9|9|9|9|9
49213,1,True,4,10,4,4|4|4|4|4|4|4|4|4|4
49218,3,False,3,10,2,2|2|2|4|4|4|2|2|2|2
49223,3,False,3,10,5,5|5|5|5|5|5|5|1|5|5
49245,0,False,0,2,0,6|4|0|0|0|0|0|0|0|0
49246,7,False,7,0,7,7|7|7|7|7|7|7|7|7|7
49251,1,True,4,10,4,4|4|4|4|4|4|4|4|4|4
49252,1,True,4,10,4,4|4|4|7|4|4|4|4|4|4
49263,0,False,0,0,0,0|0|0|0|0|0|0|0|0|0
49272,7,False,7,0,7,7|7|7|7|7|7|7|7|7|7
49274,9,True,2,10,2,2|2|6|2|2|6|7|2|2|2
49319,1,True,3,9,-1,3|6|5|3|3|5|5|1|3|5
49344,0,False,0,5,0,8|8|0|0|8|8|0|0|0|9
49365,4,False,4,1,4,4|4|4|4|4|4|3|4|4|4
49366,3,False,3,2,3,3|3|3|3|1|3|3|1|3|3
49379,8,False,8,0,8,8|8|8|8|8|8|8|8|8|8
49383,1,False,1,2,1,1|1|1|1|1|1|8|1|1|2
49388,1,True,8,10,8,8|8|8|8|8|8|8|8|8|8
49401,5,True,1,7,1,1|5|1|1|1|1|5|1|1|5
49405,9,False,9,0,9,9|9|9|9|9|9|9|9|9|9
49412,6,False,6,1,6,7|6|6|6|6|6|6|6|6|6
49427,9,False,9,9,0,8|1|0|9|0|8|8|0|0|0
49432,2,False,2,0,2,2|2|2|2|2|2|2|2|2|2
49434,8,False,8,0,8,8|8|8|8|8|8|8|8|8|8
49435,1,False,1,2,1,1|1|2|1|1|1|8|1|1|1
49454,7,False,7,0,7,7|7|7|7|7|7|7|7|7|7
49460,9,False,9,0,9,9|9|9|9|9|9|9|9|9|9
49477,5,True,9,10,9,9|9|9|9|9|9|9|9|9|9
49478,3,False,3,1,3,3|3|3|3|3|3|3|1|3|3
49497,0,False,0,0,0,0|0|0|0|0|0|0|0|0|0
49499,3,False,3,0,3,3|3|3|3|3|3|3|3|3|3
49505,1,False,1,3,1,1|5|1|1|1|1|5|1|1|5
49514,5,False,5,10,4,1|4|7|3|4|4|7|4|4|4
49519,5,False,5,1,5,5|5|5|5|5|5|5|1|5|5
49522,2,True,5,9,5,5|5|2|5|5|5|5|1|5|5
49523,1,True,5,9,5,3|5|5|3|3|3|5|1|5|5
49524,9,True,7,10,7,7|7|7|7|7|7|7|7|7|7
49534,9,False,9,0,9,9|9|9|9|9|9|9|9|9|9
49542,8,False,8,0,8,8|8|8|8|8|8|8|8|8|8
49553,1,True,8,10,8,8|8|8|8|8|8|8|8|8|8
49561,1,False,1,6,5,5|5|2|1|1|1|5|1|5|5
49570,1,True,8,10,8,8|8|8|8|8|8|8|8|8|8
49573,2,False,2,2,2,2|2|3|2|2|2|2|2|2|3
49577,1,True,5,10,3,3|6|3|3|6|3|3|6|3|6
49588,5,True,1,10,0,0|0|0|0|0|0|0|0|0|0
49591,8,False,8,6,0,8|8|0|0|0|8|0|0|0|8
49592,7,False,7,0,7,7|7|7|7|7|7|7|7|7|7
49597,4,False,4,4,4,7|4|7|4|7|4|7|4|4|4
49603,6,False,6,4,6,3|6|6|2|6|6|6|2|5|6
49615,6,True,0,10,0,0|0|0|0|0|0|0|0|0|0
49618,3,False,3,1,3,3|3|3|3|3|3|3|1|3|3
49623,6,False,6,0,6,6|6|6|6|6|6|6|6|6|6
49631,1,True,8,10,8,8|8|8|8|8|8|8|8|8|8
49645,4,False,4,0,4,4|4|4|4|4|4|4|4|4|4
49646,1,True,3,9,5,5|5|5|3|6|5|3|1|3|5
49683,4,True,2,10,2,2|2|2|2|2|2|2|2|2|2
49684,2,False,2,2,2,2|4|2|4|2|2|2|2|2|2
49693,2,False,2,6,2,2|7|7|4|7|4|4|2|2|2
49702,1,False,1,2,1,1|1|1|1|1|1|5|1|1|5
49718,4,False,4,0,4,4|4|4|4|4|4|4|4|4|4
49720,5,False,5,4,5,5|5|7|5|5|5|4|4|5|2
49723,0,False,0,0,0,0|0|0|0|0|0|0|0|0|0
49728,7,False,7,0,7,7|7|7|7|7|7|7|7|7|7
49748,1,False,1,3,1,2|1|2|1|1|1|4|1|1|1
49756,2,False,2,2,2,6|2|2|2|2|2|4|2|2|2
49765,7,False,7,9,3,7|0|3|0|3|3|0|4|3|3
49774,7,False,7,0,7,7|7|7|7|7|7|7|7|7|7
49777,5,True,1,8,1,1|1|1|1|1|1|5|1|1|5
49791,1,True,3,10,3,3|3|3|3|3|3|3|3|3|3
49802,2,False,2,4,2,2|4|2|4|2|2|4|2|2|4
49823,0,True,9,10,9,9|9|9|9|9|9|9|9|9|9
49829,6,False,6,0,6,6|6|6|6|6|6|6|6|6|6
49847,1,False,1,3,1,1|1|9|1|1|1|5|1|1|5
49857,8,False,8,0,8,8|8|8|8|8|8|8|8|8|8
49870,2,False,2,0,2,2|2|2|2|2|2|2|2|2|2
49877,2,False,2,5,2,6|0|2|2|2|2|0|0|0|2
49901,3,False,3,5,3,3|0|3|0|3|3|0|7|3|2
49908,5,True,9,10,9,9|9|9|9|9|9|9|9|9|9
49913,1,False,1,4,1,2|1|2|1|1|1|4|1|1|2
49914,2,False,2,6,2,3|5|2|5|1|2|7|2|3|2
49920,1,True,5,8,5,5|2|5|3|3|1|5|1|5|5
49922,3,False,3,0,3,3|3|3|3|3|3|3|3|3|3
49930,6,True,0,9,0,6|0|0|0|0|0|0|0|0|0
49932,1,False,1,3,1,1|5|1|1|1|1|5|1|1|9
49939,3,True,7,10,7,7|7|7|7|7|7|7|7|7|7
49940,1,True,3,10,3,3|3|3|3|3|3|3|3|5|3
49951,4,False,4,0,4,4|4|4|4|4|4|4|4|4|4
49952,7,True,6,10,6,6|6|6|6|6|6|6|6|6|6
49978,3,True,7,10,7,7|7|7|7|7|7|7|7|7|7
49984,4,False,4,0,4,4|4|4|4|4|4|4|4|4|4
49985,8,False,8,0,8,8|8|8|8|8|8|8|8|8|8
49987,2,False,2,5,2,1|4|2|2|2|2|4|4|2|6
49995,2,False,2,4,2,2|2|0|2|0|2|0|0|2|2
