index,noisy_label,is_noisy,real_label,mistakes,label_pred,preds
19,7,True,6,10,6,6|9|8|2|8|6|5|2|6|5
23,6,False,6,2,6,6|6|8|6|6|6|8|6|6|6
41,2,False,2,0,2,2|2|2|2|2|2|2|2|2|2
50,9,False,9,6,9,9|9|8|9|9|0|8|8|0|0
72,8,True,6,9,6,9|9|8|6|6|6|7|2|3|2
74,3,False,3,9,2,2|4|2|2|2|2|3|2|2|2
87,7,False,7,4,7,3|7|3|7|7|7|7|4|3|7
93,0,False,0,0,0,0|0|0|0|0|0|0|0|0|0
129,6,True,0,10,0,0|0|0|0|0|0|0|0|0|0
137,1,False,1,4,1,1|1|2|1|1|0|1|5|2|1
197,3,False,3,0,3,3|3|3|3|3|3|3|3|3|3
199,0,False,0,0,0,0|0|0|0|0|0|0|0|0|0
210,8,True,6,10,6,6|6|7|7|6|6|6|6|6|6
227,1,False,1,3,1,1|1|2|1|1|1|1|8|2|1
270,9,False,9,4,9,9|5|5|9|9|9|9|9|5|5
377,3,False,3,0,3,3|3|3|3|3|3|3|3|3|3
388,9,True,7,9,7,7|9|7|7|7|7|7|7|7|7
408,9,False,9,6,5,9|5|5|9|9|9|5|5|5|5
442,1,True,8,10,8,8|8|8|8|8|8|8|8|5|8
444,9,False,9,2,9,9|9|9|9|9|9|9|9|5|5
454,1,False,1,5,1,1|1|2|5|1|1|1|5|5|5
465,8,False,8,0,8,8|8|8|8|8|8|8|8|8|8
483,2,False,2,7,6,2|6|2|8|6|6|2|6|6|6
498,5,True,1,1,5,5|5|5|9|5|5|5|5|5|5
515,5,False,5,0,5,5|5|5|5|5|5|5|5|5|5
525,6,False,6,2,6,6|6|8|8|6|6|6|6|6|6
530,9,False,9,5,9,9|9|0|9|9|9|5|5|5|5
534,1,True,5,10,5,5|5|5|5|5|5|5|5|5|5
550,3,False,3,2,3,3|3|3|3|3|5|3|3|3|5
553,5,True,9,8,9,9|9|9|0|9|9|9|6|5|5
557,0,False,0,0,0,0|0|0|0|0|0|0|0|0|0
558,4,True,2,10,2,2|2|2|2|2|2|2|2|2|2
568,5,True,1,3,5,1|5|5|5|5|1|1|5|5|5
576,5,True,1,9,1,1|1|2|1|1|1|1|5|2|1
584,8,False,8,7,9,1|9|8|9|9|8|8|9|5|5
592,1,True,8,9,8,1|8|8|8|8|8|8|8|8|8
608,6,True,0,10,0,0|0|0|0|0|0|0|0|0|0
643,9,False,9,3,9,9|9|9|9|9|9|5|9|5|5
662,3,True,7,5,-1,3|3|3|3|7|7|7|3|7|7
667,6,False,6,0,6,6|6|6|6|6|6|6|6|6|6
703,9,False,9,7,5,3|9|5|2|9|5|5|9|5|5
708,6,True,0,9,-1,2|4|8|2|0|2|0|6|5|0
713,0,False,0,0,0,0|0|0|0|0|0|0|0|0|0
719,9,False,9,4,9,9|5|5|9|9|9|9|9|5|5
721,8,True,6,9,2,2|2|2|6|6|4|2|8|2|6
741,8,False,8,7,0,1|0|0|0|8|8|0|0|0|8
746,7,False,7,0,7,7|7|7|7|7|7|7|7|7|7
751,2,True,5,10,5,5|5|5|5|5|5|5|5|5|5
752,0,False,0,0,0,0|0|0|0|0|0|0|0|0|0
755,6,False,6,9,2,6|2|5|2|2|2|1|5|5|2
765,0,False,0,0,0,0|0|0|0|0|0|0|0|0|0
769,9,False,9,2,9,9|9|9|9|9|9|9|9|5|5
787,2,False,2,1,2,2|0|2|2|2|2|2|2|2|2
792,1,True,3,10,3,3|4|3|3|3|3|3|2|3|3
797,3,True,7,9,7,3|7|7|7|7|7|7|7|7|7
802,2,False,2,0,2,2|2|2|2|2|2|2|2|2|2
804,2,False,2,9,3,2|3|7|3|3|4|3|6|6|7
807,6,False,6,2,6,6|6|8|6|6|6|8|6|6|6
813,2,True,5,8,5,5|5|5|5|5|5|2|5|5|2
814,5,False,5,3,5,5|5|5|5|7|7|5|3|5|5
815,1,False,1,4,1,1|1|2|1|1|1|1|5|5|5
816,4,False,4,4,4,4|0|4|0|4|6|4|4|0|4
818,6,False,6,0,6,6|6|6|6|6|6|6|6|6|6
822,6,True,0,10,0,0|0|0|0|0|0|0|0|0|0
836,6,False,6,0,6,6|6|6|6|6|6|6|6|6|6
844,4,False,4,1,4,4|7|4|4|4|4|4|4|4|4
852,5,False,5,7,-1,2|3|3|4|5|4|5|4|5|3
853,2,True,5,9,5,3|5|2|7|5|5|3|3|5|7
863,7,True,6,9,6,7|6|6|6|6|6|6|6|6|6
879,1,False,1,9,5,5|5|2|5|9|5|1|5|5|5
888,8,False,8,1,8,8|8|8|8|8|8|8|8|5|8
896,8,True,6,10,6,6|6|6|6|6|6|6|6|6|6
914,9,True,6,10,6,6|6|6|6|6|6|6|6|6|6
915,5,True,9,8,9,9|9|9|9|9|9|9|9|5|5
921,9,True,6,9,6,6|9|8|6|6|6|6|6|6|6
936,2,True,1,8,5,2|5|2|9|1|1|5|5|5|5
981,5,False,5,10,3,3|3|3|3|3|3|3|3|3|3
982,4,False,4,6,4,4|5|2|7|4|4|7|4|5|7
991,1,False,1,3,1,1|1|2|1|1|1|1|5|5|1
992,1,True,3,10,3,3|3|3|3|3|3|3|3|3|3
1002,5,True,3,3,5,5|3|3|5|5|5|1|5|5|5
1022,4,False,4,8,7,3|4|7|7|3|7|4|3|7|7
1071,7,False,7,1,7,7|7|3|7|7|7|7|7|7|7
1073,5,True,9,8,9,9|9|9|9|9|9|9|9|5|5
1081,1,True,5,10,5,5|5|5|5|5|5|5|5|5|5
1084,9,True,2,10,2,2|2|2|2|2|2|2|2|2|2
1102,9,False,9,4,9,9|9|9|9|9|9|5|5|5|5
1103,1,False,1,7,5,5|1|5|5|5|5|1|5|5|1
1108,2,False,2,6,0,2|2|2|0|0|0|0|0|0|2
1142,0,False,0,0,0,0|0|0|0|0|0|0|0|0|0
1157,5,False,5,8,3,3|3|3|5|3|3|1|3|5|3
1162,1,True,8,10,8,8|8|8|8|8|8|8|8|5|8
1164,1,True,3,10,3,3|3|3|3|3|6|3|3|3|3
1169,4,False,4,0,4,4|4|4|4|4|4|4|4|4|4
1171,9,False,9,6,5,5|5|5|9|9|9|5|9|5|5
1172,2,True,5,10,5,5|5|5|5|5|5|5|5|5|5
1189,2,False,2,1,2,2|2|0|2|2|2|2|2|2|2
1191,7,True,6,10,6,6|6|6|8|6|6|6|6|6|6
1201,9,False,9,2,9,9|9|9|9|9|9|9|9|5|5
1202,3,False,3,2,3,3|3|3|3|3|7|7|3|3|3
1213,5,True,9,8,9,9|9|9|9|9|9|9|9|5|5
1224,5,False,5,10,3,3|3|3|3|3|3|3|3|3|3
1229,8,False,8,1,8,8|8|8|8|8|8|8|8|5|8
1236,1,True,8,10,8,8|8|8|8|8|8|8|8|5|8
1281,3,False,3,2,3,5|3|5|3|3|3|3|3|3|3
1288,9,True,2,10,2,4|2|2|2|4|4|2|2|2|4
1290,9,False,9,2,9,9|9|9|9|9|9|9|9|5|5
1297,4,False,4,1,4,4|4|4|4|4|4|5|4|4|4
1300,8,False,8,0,8,8|8|8|8|8|8|8|8|8|8
1319,0,False,0,0,0,0|0|0|0|0|0|0|0|0|0
1321,3,False,3,10,4,4|4|4|4|4|4|4|4|4|4
1327,9,True,6,10,6,6|6|7|6|6|6|6|6|6|6
1344,5,False,5,2,5,3|5|5|5|5|5|5|5|5|1
1354,4,True,2,10,2,2|2|2|2|2|2|2|2|2|2
1358,3,False,3,0,3,3|3|3|3|3|3|3|3|3|3
1360,6,False,6,1,6,6|6|6|7|6|6|6|6|6|6
1364,1,False,1,5,1,1|5|1|1|1|8|1|5|5|5
1374,7,True,6,9,6,6|6|6|6|6|6|7|6|6|6
1375,8,False,8,0,8,8|8|8|8|8|8|8|8|8|8
1381,0,False,0,0,0,0|0|0|0|0|0|0|0|0|0
1387,4,False,4,0,4,4|4|4|4|4|4|4|4|4|4
1388,4,False,4,0,4,4|4|4|4|4|4|4|4|4|4
1393,7,True,6,9,6,7|6|6|6|6|6|6|6|6|6
1396,4,False,4,0,4,4|4|4|4|4|4|4|4|4|4
1399,8,False,8,1,8,8|8|8|8|8|8|8|8|5|8
1414,7,False,7,0,7,7|7|7|7|7|7|7|7|7|7
1417,5,False,5,2,5,5|5|5|5|5|5|3|5|5|0
1432,6,True,0,9,0,0|0|0|0|0|0|6|0|0|0
1443,2,False,2,3,2,2|2|2|7|2|7|2|3|2|2
1444,2,False,2,0,2,2|2|2|2|2|2|2|2|2|2
1449,1,True,3,10,3,3|3|3|3|3|3|3|3|3|3
1464,1,False,1,6,5,1|5|2|5|1|1|1|5|5|5
1466,0,False,0,0,0,0|0|0|0|0|0|0|0|0|0
1484,6,False,6,6,-1,6|9|8|8|8|6|8|6|0|6
1487,1,True,3,10,3,3|3|3|3|3|3|3|3|5|3
1510,3,False,3,10,4,2|4|4|4|4|2|0|6|4|7
1518,3,True,7,7,7,7|7|7|7|3|7|3|7|3|7
1527,2,False,2,0,2,2|2|2|2|2|2|2|2|2|2
1535,2,True,4,10,4,4|4|4|4|4|4|4|4|4|4
1538,1,True,5,10,7,7|7|7|7|7|7|7|7|7|7
1544,7,False,7,0,7,7|7|7|7|7|7|7|7|7|7
1566,9,True,2,10,2,2|2|8|2|2|6|2|2|2|7
1579,6,False,6,1,6,6|6|6|7|6|6|6|6|6|6
1586,1,False,1,9,5,1|5|9|9|9|8|5|8|5|5
1598,0,False,0,0,0,0|0|0|0|0|0|0|0|0|0
1604,1,False,1,3,1,1|1|2|1|1|1|1|5|5|1
1605,2,True,1,6,1,2|2|2|1|1|1|1|5|2|1
1619,4,True,9,10,9,9|9|9|9|9|9|9|9|5|5
1631,1,False,1,4,1,1|1|2|1|1|1|1|2|5|5
1642,7,True,6,9,6,7|6|8|8|6|6|6|6|6|6
1644,1,True,4,10,4,4|4|4|4|4|4|4|4|4|4
1682,5,True,9,5,5,1|5|5|9|1|9|1|5|5|5
1691,1,True,5,10,5,5|5|5|5|5|5|5|5|5|5
1706,9,False,9,2,9,9|9|9|9|9|9|9|9|5|5
1741,6,False,6,3,6,6|9|4|6|6|6|6|6|4|6
1754,5,False,5,2,5,5|5|5|5|5|2|5|3|5|5
1756,2,False,2,2,2,2|2|2|2|2|2|6|2|4|2
1760,6,False,6,0,6,6|6|6|6|6|6|6|6|6|6
1778,3,False,3,4,3,3|3|3|3|5|3|5|5|5|3
1785,1,True,3,10,3,3|3|3|3|3|3|3|3|3|3
1786,5,False,5,0,5,5|5|5|5|5|5|5|5|5|5
1789,2,False,2,0,2,2|2|2|2|2|2|2|2|2|2
1790,1,False,1,4,1,2|1|2|1|1|1|1|2|2|1
1810,5,False,5,5,5,3|4|5|5|3|3|1|5|5|5
1812,2,False,2,0,2,2|2|2|2|2|2|2|2|2|2
1823,3,False,3,0,3,3|3|3|3|3|3|3|3|3|3
1834,1,True,3,10,3,3|3|3|3|3|3|3|3|3|3
1853,8,False,8,0,8,8|8|8|8|8|8|8|8|8|8
1866,4,False,4,1,4,4|4|3|4|4|4|4|4|4|4
1875,5,False,5,3,5,5|3|3|5|5|5|5|5|5|3
1881,4,False,4,0,4,4|4|4|4|4|4|4|4|4|4
1888,3,False,3,2,3,3|3|3|3|3|4|3|4|3|3
1910,1,True,4,10,4,4|4|4|4|4|4|4|4|4|4
1932,4,True,2,9,2,4|2|2|2|2|2|2|2|2|2
1933,6,False,6,9,3,6|9|3|3|3|1|3|3|4|1
1939,8,False,8,1,8,8|8|8|8|8|8|8|8|0|8
1951,3,False,3,7,5,3|3|5|5|5|5|3|5|5|5
1970,8,False,8,1,8,8|8|8|8|8|8|8|8|0|8
1981,0,True,2,4,0,0|0|0|2|0|2|0|0|2|2
1988,0,False,0,0,0,0|0|0|0|0|0|0|0|0|0
1997,6,True,7,10,7,4|7|7|7|7|7|7|7|4|7
2004,2,False,2,2,2,2|2|3|2|2|5|2|2|2|2
2011,1,True,3,10,5,5|5|5|5|3|5|3|3|5|5
2015,7,False,7,0,7,7|7|7|7|7|7|7|7|7|7
2018,1,True,8,10,0,0|0|0|0|0|0|6|0|0|0
2019,7,True,6,7,6,7|6|7|7|6|6|6|6|6|6
2026,1,True,5,10,5,5|5|5|2|5|5|5|5|5|2
2039,5,True,1,9,1,5|1|8|7|6|1|1|8|3|1
2048,3,False,3,0,3,3|3|3|3|3|3|3|3|3|3
2055,9,False,9,5,9,9|9|9|7|9|7|9|3|5|7
2113,3,True,7,8,7,3|7|7|7|7|7|3|7|7|7
2120,1,True,5,9,5,5|5|5|5|3|3|1|3|5|3
2128,1,True,8,10,8,8|8|8|8|8|8|8|8|5|8
2130,1,True,3,10,4,4|4|4|2|2|4|2|4|6|4
2157,9,False,9,4,9,9|9|5|9|9|9|5|9|5|5
2159,6,False,6,2,6,6|6|6|2|8|6|6|6|6|6
2161,8,False,8,1,8,8|8|8|8|8|8|8|8|5|8
2162,3,False,3,9,6,3|6|6|7|6|2|7|6|6|2
2172,1,True,8,9,8,1|8|8|8|8|8|8|8|5|8
2176,8,False,8,7,0,1|0|0|8|8|0|6|8|0|0
2210,1,True,4,10,4,4|4|4|4|4|4|4|4|4|4
2213,4,False,4,0,4,4|4|4|4|4|4|4|4|4|4
2225,4,False,4,0,4,4|4|4|4|4|4|4|4|4|4
2238,4,False,4,0,4,4|4|4|4|4|4|4|4|4|4
2240,5,False,5,1,5,5|5|5|5|5|5|1|5|5|5
2257,4,False,4,0,4,4|4|4|4|4|4|4|4|4|4
2264,0,False,0,0,0,0|0|0|0|0|0|0|0|0|0
2278,7,False,7,1,7,7|4|7|7|7|7|7|7|7|7
2286,1,False,1,10,5,9|5|2|9|5|9|5|5|5|5
2293,4,False,4,0,4,4|4|4|4|4|4|4|4|4|4
2294,1,True,5,10,5,5|5|3|5|5|5|5|5|5|5
2302,5,True,9,7,9,9|5|9|9|9|9|9|9|5|5
2308,9,False,9,5,9,9|9|0|9|0|9|9|0|0|5
2313,5,True,9,8,9,9|9|9|9|9|9|9|9|5|5
2316,5,False,5,0,5,5|5|5|5|5|5|5|5|5|5
2317,2,False,2,0,2,2|2|2|2|2|2|2|2|2|2
2325,1,True,8,10,8,8|8|8|8|8|8|8|8|0|8
2327,4,False,4,0,4,4|4|4|4|4|4|4|4|4|4
2334,5,False,5,7,3,3|3|3|5|5|3|3|3|5|1
2338,9,False,9,2,9,9|9|9|9|9|9|9|9|5|5
2341,0,False,0,0,0,0|0|0|0|0|0|0|0|0|0
2345,0,False,0,0,0,0|0|0|0|0|0|0|0|0|0
2360,7,False,7,1,7,7|7|3|7|7|7|7|7|7|7
2365,6,True,0,10,0,0|0|0|0|0|0|0|0|0|0
2379,9,False,9,6,9,9|9|0|0|9|2|9|0|5|5
2389,5,True,1,2,5,5|5|5|5|5|9|1|5|5|5
2392,9,True,7,10,7,7|7|7|7|7|7|7|7|7|7
2400,6,False,6,3,6,6|9|8|8|6|6|6|6|6|6
2412,1,True,3,10,3,3|3|3|3|3|3|3|3|3|3
2429,0,False,0,9,2,0|2|2|2|2|2|2|2|2|2
2439,9,True,6,9,6,6|9|6|8|6|6|8|6|6|6
2444,4,False,4,0,4,4|4|4|4|4|4|4|4|4|4
2452,3,False,3,0,3,3|3|3|3|3|3|3|3|3|3
2465,1,True,4,10,4,4|4|4|4|4|4|4|4|4|4
2466,1,False,1,6,2,2|2|2|1|2|1|1|2|2|1
2479,8,True,6,8,6,6|6|8|6|8|6|6|6|6|6
2482,1,True,5,10,5,3|3|3|5|5|5|5|5|3|5
2499,7,False,7,0,7,7|7|7|7|7|7|7|7|7|7
2509,5,False,5,1,5,5|5|5|5|3|5|5|5|5|5
2519,6,False,6,1,6,6|6|6|7|6|6|6|6|6|6
2534,8,False,8,0,8,8|8|8|8|8|8|8|8|8|8
2558,8,False,8,1,8,8|8|8|8|8|8|8|8|0|8
2564,3,False,3,0,3,3|3|3|3|3|3|3|3|3|3
2569,1,False,1,7,5,1|5|2|5|1|5|1|5|5|5
2579,5,False,5,5,5,5|3|3|5|3|5|1|5|3|5
2583,8,True,6,9,6,6|6|8|6|6|6|7|6|6|6
2592,8,False,8,1,8,8|8|8|8|8|8|8|8|5|8
2600,2,True,1,8,-1,1|5|2|5|1|1|1|5|2|5
2610,9,True,2,10,2,2|2|2|2|2|2|2|2|0|2
2615,1,False,1,3,1,1|1|2|1|1|1|1|5|5|1
2617,0,False,0,0,0,0|0|0|0|0|0|0|0|0|0
2620,7,False,7,0,7,7|7|7|7|7|7|7|7|7|7
2632,9,False,9,2,9,9|9|9|9|9|9|9|9|5|2
2634,2,True,5,4,2,7|2|2|7|2|7|2|2|4|2
2638,6,False,6,0,6,6|6|6|6|6|6|6|6|6|6
2640,8,False,8,1,8,8|8|8|8|8|8|8|8|0|8
2647,1,True,4,10,4,4|4|4|4|4|4|4|4|4|4
2669,7,False,7,2,7,7|5|2|7|7|7|7|7|7|7
2675,0,False,0,1,0,0|0|0|8|0|0|0|0|0|0
2683,0,False,0,0,0,0|0|0|0|0|0|0|0|0|0
2684,6,False,6,0,6,6|6|6|6|6|6|6|6|6|6
2685,2,True,5,10,5,5|5|5|5|4|7|5|5|5|5
2687,8,False,8,1,8,8|8|8|8|8|8|8|8|0|8
2703,4,False,4,0,4,4|4|4|4|4|4|4|4|4|4
2728,5,True,9,6,9,2|5|5|9|9|9|9|9|5|5
2743,1,True,8,9,5,9|5|8|9|5|5|1|0|5|5
2747,5,False,5,0,5,5|5|5|5|5|5|5|5|5|5
2751,6,False,6,1,6,6|6|8|6|6|6|6|6|6|6
2759,2,False,2,0,2,2|2|2|2|2|2|2|2|2|2
2778,1,True,8,10,8,8|8|8|8|8|8|8|8|5|8
2781,3,False,3,2,3,3|4|8|3|3|3|3|3|3|3
2784,2,False,2,6,7,7|7|2|7|2|2|7|7|2|5
2785,1,True,3,10,3,3|3|3|3|3|3|3|3|3|3
2801,7,False,7,0,7,7|7|7|7|7|7|7|7|7|7
2814,7,False,7,0,7,7|7|7|7|7|7|7|7|7|7
2829,5,True,9,2,5,5|5|5|9|5|5|5|9|5|5
2831,6,False,6,0,6,6|6|6|6|6|6|6|6|6|6
2843,1,True,5,10,5,5|5|5|3|5|5|5|5|5|5
2848,0,False,0,10,3,4|3|3|3|3|3|3|6|3|7
2863,0,False,0,0,0,0|0|0|0|0|0|0|0|0|0
2864,5,False,5,8,3,3|5|3|3|3|3|1|3|5|3
2868,2,False,2,0,2,2|2|2|2|2|2|2|2|2|2
2872,6,False,6,0,6,6|6|6|6|6|6|6|6|6|6
2883,1,False,1,10,5,9|5|2|5|9|5|5|5|5|5
2901,1,True,5,10,3,3|3|3|3|3|3|5|3|3|3
2905,4,False,4,0,4,4|4|4|4|4|4|4|4|4|4
2917,9,False,9,3,9,9|5|9|9|9|9|9|9|5|5
2923,1,True,8,10,8,8|0|8|8|8|8|8|8|0|8
2930,1,True,3,10,3,3|3|3|3|3|5|3|3|3|3
2940,5,False,5,8,7,7|7|7|7|5|7|7|7|5|7
2946,6,True,0,10,0,0|0|0|0|0|0|0|0|0|0
2949,6,True,0,9,2,2|0|7|4|6|2|2|8|0|7
2961,9,False,9,2,9,9|9|9|9|9|9|9|9|5|5
2963,1,True,5,10,5,5|5|5|5|5|5|5|5|5|5
2978,7,True,6,10,6,6|9|8|8|8|6|8|6|6|6
2990,4,False,4,1,4,4|4|4|4|4|4|4|4|2|4
2996,0,False,0,0,0,0|0|0|0|0|0|0|0|0|0
3002,1,True,5,10,3,3|3|3|3|3|3|3|3|3|3
3014,5,True,9,8,9,9|9|9|9|9|9|9|9|5|5
3024,0,False,0,1,0,0|0|0|0|0|0|0|0|0|8
3031,5,False,5,4,5,5|5|5|3|4|6|1|5|5|5
3037,2,False,2,0,2,2|2|2|2|2|2|2|2|2|2
3039,1,True,8,10,8,8|8|8|8|8|8|8|8|5|8
3051,0,False,0,0,0,0|0|0|0|0|0|0|0|0|0
3058,1,True,8,9,8,1|8|8|8|8|8|8|8|5|8
3062,2,True,1,5,2,2|2|2|1|1|1|1|2|2|5
3075,9,False,9,2,9,9|9|9|9|9|9|9|9|5|5
3130,8,False,8,1,8,8|8|8|8|8|8|8|8|5|8
3138,7,False,7,0,7,7|7|7|7|7|7|7|7|7|7
3141,4,False,4,9,2,4|2|2|2|2|2|2|2|5|2
3200,6,False,6,1,6,6|6|8|6|6|6|6|6|6|6
3202,5,True,9,7,9,5|5|9|4|9|9|9|3|4|5
3240,8,False,8,0,8,8|8|8|8|8|8|8|8|8|8
3253,2,False,2,2,2,2|4|2|2|4|2|2|2|2|2
3260,1,True,4,10,4,4|4|4|4|4|4|4|4|4|4
3261,7,False,7,0,7,7|7|7|7|7|7|7|7|7|7
3265,5,False,5,8,-1,5|4|9|9|9|2|2|3|2|5
3271,5,False,5,2,5,5|5|2|2|5|5|5|5|5|5
3288,1,True,4,9,4,6|4|8|1|4|6|4|4|2|8
3289,9,True,3,10,3,3|3|3|3|3|3|3|3|3|3
3302,3,False,3,0,3,3|3|3|3|3|3|3|3|3|3
3304,6,True,0,10,0,0|0|0|0|0|0|0|0|0|0
3328,3,False,3,0,3,3|3|3|3|3|3|3|3|3|3
3339,2,False,2,6,5,2|2|5|2|5|2|5|5|5|5
3383,1,True,4,10,4,4|4|4|4|4|4|4|4|4|4
3387,1,False,1,4,1,1|5|5|1|1|1|1|5|5|1
3401,6,False,6,2,6,6|6|8|8|6|6|6|6|6|6
3420,5,False,5,1,5,2|5|5|5|5|5|5|5|5|5
3436,2,False,2,0,2,2|2|2|2|2|2|2|2|2|2
3445,4,False,4,0,4,4|4|4|4|4|4|4|4|4|4
3450,6,True,7,9,7,6|7|7|7|7|0|7|3|7|7
3464,4,False,4,2,4,4|4|7|4|4|4|7|4|4|4
3487,7,False,7,7,3,3|7|3|7|3|3|1|2|7|3
3496,5,False,5,0,5,5|5|5|5|5|5|5|5|5|5
3525,6,False,6,4,6,6|9|8|8|6|6|8|6|6|6
3530,6,False,6,6,3,6|3|8|3|6|6|3|3|3|6
3538,2,True,4,10,4,4|4|7|4|4|4|4|4|4|4
3540,4,False,4,7,3,4|3|3|3|4|3|3|4|3|3
3551,3,False,3,8,4,3|4|2|1|3|4|4|4|4|4
3557,5,False,5,0,5,5|5|5|5|5|5|5|5|5|5
3562,5,False,5,1,5,5|5|7|5|5|5|5|5|5|5
3570,0,False,0,1,0,0|0|0|0|0|0|0|6|0|0
3594,1,True,3,10,3,5|3|3|3|3|5|3|5|5|3
3629,9,True,2,7,-1,2|6|2|9|3|9|9|3|5|3
3640,8,False,8,1,8,8|8|8|8|8|8|8|8|5|8
3642,8,False,8,1,8,8|8|8|8|8|8|8|8|5|8
3645,4,True,2,5,-1,2|4|2|4|2|2|4|4|4|2
3647,0,False,0,5,0,0|3|0|2|0|2|0|0|5|3
3662,2,False,2,3,2,2|3|2|2|3|2|2|2|5|2
3671,5,True,9,7,9,9|5|9|9|9|9|9|9|5|5
3675,2,False,2,3,2,0|2|0|2|0|2|2|2|2|2
3678,5,True,1,7,1,1|5|2|1|1|1|1|2|5|5
3685,4,True,9,10,9,9|5|9|9|9|9|9|9|5|5
3686,7,True,6,8,6,7|6|7|6|4|4|6|6|6|6
3718,4,False,4,0,4,4|4|4|4|4|4|4|4|4|4
3723,1,True,4,10,-1,4|4|7|7|7|4|3|4|3|7
3724,6,False,6,3,6,6|6|6|8|8|6|6|8|6|6
3732,1,True,4,10,7,4|7|7|7|7|4|4|7|4|7
3733,7,False,7,2,7,7|4|7|7|7|7|4|7|7|7
3736,4,False,4,0,4,4|4|4|4|4|4|4|4|4|4
3748,1,True,5,10,3,3|9|3|2|3|3|7|2|6|2
3765,8,False,8,1,8,8|8|8|8|8|8|8|8|5|8
3773,1,False,1,9,5,1|5|5|9|5|5|5|5|5|5
3789,6,True,0,10,0,0|0|0|0|0|0|0|0|0|0
3791,2,False,2,0,2,2|2|2|2|2|2|2|2|2|2
3825,7,True,6,10,6,6|9|6|6|6|6|8|6|6|6
3835,7,False,7,9,4,7|4|4|4|4|4|4|4|4|4
3836,5,True,1,8,1,1|1|2|1|1|1|1|5|5|1
3856,0,True,2,9,2,0|2|2|2|2|2|2|2|2|2
3860,1,True,8,10,8,8|8|8|8|8|8|8|8|5|8
3865,6,False,6,2,6,6|6|3|6|6|6|8|6|6|6
3869,2,False,2,0,2,2|2|2|2|2|2|2|2|2|2
3907,1,False,1,5,-1,1|5|5|5|1|1|1|5|5|1
3928,9,False,9,4,9,9|9|8|9|9|8|9|9|5|8
3945,4,False,4,0,4,4|4|4|4|4|4|4|4|4|4
3947,6,False,6,0,6,6|6|6|6|6|6|6|6|6|6
3953,7,False,7,6,7,7|7|7|5|3|7|3|3|5|1
3955,7,False,7,0,7,7|7|7|7|7|7|7|7|7|7
3971,6,True,0,10,0,0|0|0|0|0|0|0|0|0|0
3976,8,True,6,10,6,6|6|7|6|6|6|6|6|6|6
3979,6,True,0,10,0,0|0|0|0|0|0|0|0|0|0
3982,2,False,2,9,8,1|8|8|8|8|8|2|8|5|8
3990,2,True,1,7,1,1|1|2|1|1|1|1|2|2|5
3993,5,False,5,0,5,5|5|5|5|5|5|5|5|5|5
4000,2,True,5,10,5,5|5|5|5|5|5|5|5|5|5
4004,1,True,5,9,5,5|5|5|5|5|5|1|5|5|5
4013,1,False,1,6,5,1|5|2|5|1|1|1|5|5|5
4024,7,False,7,0,7,7|7|7|7|7|7|7|7|7|7
4043,1,True,4,10,4,4|4|4|4|4|4|4|4|4|4
4064,6,False,6,3,6,6|6|8|8|6|6|8|6|6|6
4076,7,False,7,0,7,7|7|7|7|7|7|7|7|7|7
4077,8,True,6,9,6,6|6|8|7|6|6|6|6|4|6
4078,9,True,7,10,7,7|7|7|7|7|7|7|7|7|7
4085,2,False,2,4,2,2|2|2|2|6|9|7|2|4|2
4086,7,True,6,10,6,6|6|6|6|6|6|6|6|6|6
4099,9,True,1,10,1,1|1|5|1|1|1|1|5|5|5
4105,7,True,6,9,6,7|6|6|6|6|6|6|6|6|6
4119,7,False,7,9,4,4|4|4|4|4|4|7|2|4|4
4122,2,False,2,0,2,2|2|2|2|2|2|2|2|2|2
4130,6,False,6,0,6,6|6|6|6|6|6|6|6|6|6
4134,7,False,7,5,7,3|7|7|7|3|7|4|4|7|3
4137,1,True,4,10,4,4|4|4|4|4|4|4|4|4|4
4144,6,False,6,1,6,6|6|6|6|6|6|6|6|2|6
4147,6,False,6,0,6,6|6|6|6|6|6|6|6|6|6
4150,9,False,9,1,9,9|9|9|9|9|9|9|9|9|5
4152,6,False,6,0,6,6|6|6|6|6|6|6|6|6|6
4153,2,True,5,10,5,5|5|5|5|5|5|5|5|5|5
4154,2,False,2,0,2,2|2|2|2|2|2|2|2|2|2
4160,5,False,5,9,6,6|3|5|3|2|6|8|6|6|3
4221,1,True,3,10,3,3|3|3|3|3|3|3|3|3|3
4223,9,False,9,8,5,9|5|5|5|5|5|5|9|5|5
4237,2,False,2,0,2,2|2|2|2|2|2|2|2|2|2
4269,0,False,0,0,0,0|0|0|0|0|0|0|0|0|0
4283,8,False,8,0,8,8|8|8|8|8|8|8|8|8|8
4286,1,True,4,10,4,4|4|4|4|4|2|4|4|4|4
4317,1,True,4,10,4,4|4|4|4|4|4|4|4|4|4
4337,6,True,0,10,0,0|0|0|0|0|0|0|0|0|0
4347,1,True,5,10,2,2|2|2|2|2|2|2|2|5|5
4356,4,True,2,7,2,4|2|2|4|4|2|2|2|2|2
4358,4,True,1,10,5,1|1|2|5|5|5|1|9|5|5
4359,4,False,4,0,4,4|4|4|4|4|4|4|4|4|4
4369,7,False,7,7,-1,7|6|8|7|7|2|3|3|3|6
4374,9,False,9,2,9,9|9|9|9|9|9|9|9|5|5
4382,1,True,4,10,4,4|4|4|4|4|4|4|4|4|4
4383,8,False,8,1,8,8|8|8|8|8|8|8|8|5|8
4390,1,False,1,5,1,1|2|2|5|1|1|1|5|5|1
4402,1,True,3,10,3,5|3|3|3|3|3|3|3|3|3
4405,3,False,3,0,3,3|3|3|3|3|3|3|3|3|3
4408,8,False,8,1,8,8|8|8|8|8|8|8|8|5|8
4411,6,True,0,10,0,0|0|0|0|0|0|0|0|0|0
4412,8,False,8,1,8,8|8|8|8|8|8|8|8|5|8
4417,6,False,6,1,6,6|6|7|6|6|6|6|6|6|6
4421,6,False,6,1,6,6|6|8|6|6|6|6|6|6|6
4431,9,True,2,10,2,2|2|2|2|2|2|2|2|2|2
4436,9,False,9,2,9,9|9|9|9|9|9|9|9|5|5
4454,9,False,9,2,9,9|9|9|9|9|9|9|9|5|0
4456,5,False,5,8,3,3|3|5|3|3|3|3|3|5|3
4479,2,True,5,10,5,5|5|3|5|5|3|5|5|5|5
4494,5,False,5,1,5,5|5|5|5|5|5|1|5|5|5
4495,5,False,5,2,5,5|5|5|2|5|2|5|5|5|5
4496,2,True,1,9,1,1|1|2|1|1|1|1|5|5|1
4502,8,False,8,0,8,8|8|8|8|8|8|8|8|8|8
4505,1,False,1,3,1,1|1|2|1|1|1|1|8|5|1
4522,7,False,7,10,4,4|4|2|4|4|4|5|4|4|4
4530,3,False,3,0,3,3|3|3|3|3|3|3|3|3|3
4535,5,False,5,0,5,5|5|5|5|5|5|5|5|5|5
4538,9,False,9,3,9,9|9|8|9|9|9|9|9|5|5
4547,5,False,5,5,5,5|5|3|5|3|3|1|5|5|3
4549,4,True,2,10,2,5|2|2|2|3|2|2|2|5|2
4552,6,True,0,10,0,2|0|0|0|0|0|0|2|0|0
4558,1,True,3,10,9,2|9|0|2|9|9|9|2|5|5
4559,6,True,0,10,0,0|0|0|0|0|0|0|0|0|0
4562,5,True,1,7,1,1|2|2|1|1|1|1|5|5|5
4563,6,True,0,10,0,0|0|0|4|0|0|0|0|0|0
4570,7,True,6,9,6,7|6|6|6|6|6|6|6|6|6
4573,1,True,4,10,4,4|4|4|4|4|4|4|4|4|4
4576,8,False,8,10,-1,1|5|5|1|1|1|1|5|5|5
4594,1,True,8,10,8,8|8|0|8|8|8|6|8|8|8
4602,8,False,8,4,8,8|0|8|8|0|8|8|8|0|0
4610,5,False,5,1,5,5|5|5|5|5|5|1|5|5|5
4645,0,False,0,0,0,0|0|0|0|0|0|0|0|0|0
4646,8,False,8,1,8,8|8|8|8|8|8|8|8|5|8
4651,0,False,0,2,0,0|6|0|0|0|0|0|8|0|0
4657,1,True,3,10,3,3|3|3|3|3|3|3|3|3|3
4658,1,True,8,10,8,8|8|0|0|8|8|8|8|8|8
4674,5,True,3,10,3,3|3|3|3|3|3|3|3|3|3
4679,2,False,2,0,2,2|2|2|2|2|2|2|2|2|2
4680,5,True,9,7,9,9|5|9|9|9|9|9|9|5|5
4682,6,False,6,1,6,6|6|8|6|6|6|6|6|6|6
4688,7,False,7,0,7,7|7|7|7|7|7|7|7|7|7
4698,1,True,5,9,5,3|5|5|5|5|5|1|5|5|5
4701,9,False,9,9,1,9|5|2|1|1|1|1|2|5|5
4729,7,False,7,1,7,7|7|7|7|7|7|7|7|3|7
4733,5,False,5,0,5,5|5|5|5|5|5|5|5|5|5
4745,3,False,3,5,3,2|4|2|2|3|3|3|3|3|2
4746,0,False,0,0,0,0|0|0|0|0|0|0|0|0|0
4759,6,True,0,10,0,0|0|0|0|0|0|0|0|0|0
4761,8,False,8,1,8,8|8|8|8|8|8|8|8|5|8
4764,5,True,1,2,5,1|5|5|5|5|5|1|5|5|5
4769,2,True,1,8,1,1|1|2|1|1|1|1|2|5|1
4787,0,False,0,0,0,0|0|0|0|0|0|0|0|0|0
4803,2,True,1,4,2,2|2|2|1|2|1|1|2|2|1
4805,6,False,6,3,6,6|9|6|6|8|6|8|6|6|6
4806,2,False,2,2,2,2|4|2|2|4|2|2|2|2|2
4807,8,False,8,1,8,8|8|8|8|8|8|8|8|5|8
4817,5,False,5,3,5,5|2|5|2|5|5|2|5|5|5
4823,8,False,8,1,8,8|8|8|8|8|8|8|8|5|8
4827,3,False,3,0,3,3|3|3|3|3|3|3|3|3|3
4834,8,False,8,1,8,1|8|8|8|8|8|8|8|8|8
4843,7,True,6,10,8,1|8|8|8|8|8|8|8|8|8
4851,1,True,8,10,8,8|8|8|8|8|8|8|8|5|8
4861,6,True,0,10,0,0|0|0|0|0|0|0|0|0|0
4863,8,False,8,1,8,8|8|8|8|8|8|8|8|0|8
4871,7,False,7,10,4,4|4|4|4|4|4|4|4|4|4
4890,5,False,5,2,5,5|5|5|5|5|5|1|5|5|3
4909,1,False,1,6,2,2|1|2|1|1|1|2|2|2|5
4934,8,True,3,10,3,2|3|3|7|7|7|3|3|3|3
4944,1,False,1,6,-1,1|2|2|5|1|1|1|2|2|5
4951,8,True,6,10,6,6|6|6|6|6|6|6|6|6|6
4955,1,True,8,10,8,8|8|8|8|8|8|8|8|5|8
4959,7,True,6,8,6,7|6|4|3|6|6|6|6|6|7
4969,4,False,4,0,4,4|4|4|4|4|4|4|4|4|4
5001,9,True,7,10,7,7|7|7|7|7|7|7|7|7|7
5002,9,False,9,2,9,9|9|9|9|9|9|9|9|5|5
5010,0,False,0,0,0,0|0|0|0|0|0|0|0|0|0
5013,9,False,9,10,1,1|5|8|1|5|1|1|2|5|1
5018,9,False,9,10,5,5|5|5|5|5|5|5|5|5|5
5032,6,False,6,1,6,6|6|8|6|6|6|6|6|6|6
5046,1,True,3,10,3,3|3|3|3|3|3|3|3|3|3
5051,4,False,4,1,4,4|4|4|4|4|4|1|4|4|4
5056,5,True,9,8,9,9|9|9|9|9|9|9|9|5|5
5072,1,True,3,10,3,3|3|3|3|3|3|3|3|3|3
5087,4,True,2,9,2,6|2|2|8|6|2|2|6|4|7
5088,3,False,3,0,3,3|3|3|3|3|3|3|3|3|3
5090,1,True,5,10,5,5|2|5|5|5|5|5|5|5|5
5098,5,False,5,8,7,4|2|7|7|1|7|5|2|4|5
5099,1,False,1,4,1,1|2|2|1|1|1|1|8|2|1
5102,1,False,1,6,2,2|2|2|1|1|1|1|2|2|5
5105,0,True,8,8,8,0|8|8|8|8|8|8|8|0|8
5115,0,False,0,0,0,0|0|0|0|0|0|0|0|0|0
5129,1,True,3,10,3,3|3|3|3|3|3|3|3|3|3
5141,4,False,4,0,4,4|4|4|4|4|4|4|4|4|4
5167,7,True,6,5,7,7|6|8|7|3|7|6|7|5|7
5168,9,True,7,10,7,7|7|7|7|7|7|7|7|7|7
5177,6,False,6,1,6,6|6|7|6|6|6|6|6|6|6
5181,5,True,1,6,1,1|5|5|1|1|1|1|5|5|1
5184,5,True,2,10,2,2|2|2|2|2|2|2|2|4|2
5190,3,False,3,2,3,3|3|3|5|3|5|3|3|3|3
5191,9,False,9,6,5,9|5|9|5|5|9|5|9|5|5
5193,1,True,4,10,4,4|4|4|4|4|4|4|4|4|4
5195,1,False,1,8,5,1|9|2|1|5|9|5|2|5|5
5205,5,False,5,6,2,2|2|2|5|2|2|5|5|2|5
5210,0,False,0,0,0,0|0|0|0|0|0|0|0|0|0
5218,3,False,3,10,4,4|4|2|4|4|4|4|4|2|2
5219,2,False,2,0,2,2|2|2|2|2|2|2|2|2|2
5229,4,False,4,0,4,4|4|4|4|4|4|4|4|4|4
5232,1,False,1,3,1,1|1|2|1|1|1|1|2|5|1
5237,5,True,4,10,4,4|4|4|4|4|4|4|4|4|4
5278,8,False,8,1,8,8|8|8|8|8|8|8|8|5|8
5288,5,False,5,5,-1,3|3|3|5|5|3|5|5|5|3
5321,3,False,3,0,3,3|3|3|3|3|3|3|3|3|3
5335,2,True,5,8,-1,3|5|2|2|3|7|5|5|3|7
5337,1,False,1,7,8,1|1|8|8|1|8|8|8|5|8
5355,8,True,6,8,6,6|9|6|8|6|6|6|6|6|8
5357,4,True,7,10,7,7|7|7|7|7|7|3|7|3|7
5374,6,False,6,1,6,6|6|6|7|6|6|6|6|6|6
5381,4,True,6,10,6,6|6|8|6|6|6|8|6|6|6
5385,3,True,7,10,7,7|7|7|7|7|7|7|7|7|7
5400,1,True,3,9,3,3|3|3|3|3|3|1|3|5|3
5406,2,False,2,5,-1,2|0|0|0|2|2|0|2|0|2
5411,1,True,5,9,5,5|5|8|3|5|5|1|5|5|5
5416,8,False,8,2,8,8|8|8|8|8|8|6|8|5|8
5437,5,True,9,8,9,9|9|9|9|9|9|9|9|5|5
5440,4,False,4,10,3,5|5|3|3|3|2|5|3|2|3
5455,3,False,3,0,3,3|3|3|3|3|3|3|3|3|3
5489,6,False,6,4,6,6|9|8|8|6|6|8|6|6|6
5490,4,False,4,0,4,4|4|4|4|4|4|4|4|4|4
5506,9,True,2,10,2,2|2|2|2|2|2|2|2|2|2
5521,6,True,0,10,0,0|0|0|0|0|0|0|0|0|0
5524,5,True,9,8,9,9|9|9|9|9|9|9|9|5|5
5548,4,False,4,0,4,4|4|4|4|4|4|4|4|4|4
5565,1,True,5,9,5,5|5|5|5|3|5|1|5|5|5
5568,1,False,1,10,5,5|5|9|9|9|5|5|5|5|5
5573,1,True,8,10,8,8|8|8|8|8|8|8|8|5|8
5574,2,False,2,0,2,2|2|2|2|2|2|2|2|2|2
5583,6,False,6,5,6,6|6|8|3|6|6|6|3|3|8
5607,1,True,4,10,4,4|4|4|4|4|4|4|4|4|4
5613,5,False,5,0,5,5|5|5|5|5|5|5|5|5|5
5614,0,False,0,0,0,0|0|0|0|0|0|0|0|0|0
5624,1,True,4,10,4,4|4|4|4|4|4|4|4|4|4
5633,1,True,4,10,2,2|2|2|4|2|4|2|4|2|2
5655,1,True,5,9,3,3|5|3|3|3|3|5|5|3|1
5657,6,True,0,10,0,0|0|0|0|0|0|0|0|0|0
5677,4,False,4,4,4,4|4|5|2|4|2|4|4|2|4
5683,1,False,1,4,1,1|5|5|1|1|1|1|5|5|1
5685,1,False,1,8,5,1|5|5|5|5|5|1|5|5|5
5686,2,False,2,1,2,2|2|2|2|2|2|2|7|2|2
5689,6,False,6,0,6,6|6|6|6|6|6|6|6|6|6
5711,6,False,6,0,6,6|6|6|6|6|6|6|6|6|6
5730,1,True,8,10,8,8|8|8|8|8|8|8|8|8|8
5738,6,True,0,10,0,0|0|0|0|0|0|0|0|0|0
5750,8,False,8,2,8,8|8|8|8|8|8|6|8|0|8
5765,0,False,0,0,0,0|0|0|0|0|0|0|0|0|0
5767,7,False,7,0,7,7|7|7|7|7|7|7|7|7|7
5781,0,True,2,10,2,2|2|2|2|2|2|2|2|2|2
5794,1,True,8,9,8,1|8|8|8|8|8|8|8|5|8
5795,8,False,8,1,8,8|8|8|8|8|8|8|8|8|0
5803,0,False,0,0,0,0|0|0|0|0|0|0|0|0|0
5807,8,False,8,1,8,8|8|8|8|8|8|8|8|5|8
5842,9,True,7,10,7,0|7|0|7|7|7|7|7|7|7
5847,2,False,2,1,2,2|2|2|4|2|2|2|2|2|2
5850,1,True,5,10,5,5|5|5|5|5|5|5|5|5|5
5852,0,False,0,0,0,0|0|0|0|0|0|0|0|0|0
5869,8,False,8,1,8,8|8|8|8|8|8|8|8|0|8
5886,5,False,5,0,5,5|5|5|5|5|5|5|5|5|5
5887,7,False,7,1,7,7|7|7|7|7|7|7|7|7|3
5895,1,False,1,6,2,1|2|2|1|1|1|2|2|2|5
5899,5,False,5,1,5,5|5|5|5|5|2|5|5|5|5
5900,7,True,6,10,6,6|6|6|8|6|6|6|6|6|6
5918,3,False,3,1,3,3|3|5|3|3|3|3|3|3|3
5934,7,False,7,0,7,7|7|7|7|7|7|7|7|7|7
5947,1,False,1,7,8,1|1|2|8|8|8|1|8|8|8
5962,2,True,5,10,-1,5|3|3|5|3|3|5|3|5|5
5965,5,False,5,2,5,5|3|5|5|5|3|5|5|5|5
5969,6,True,0,10,0,0|0|0|0|0|0|0|0|0|0
5983,2,True,1,2,2,2|2|2|2|2|1|2|2|2|1
5985,1,True,8,9,8,1|8|8|8|8|8|8|8|8|8
5986,8,False,8,2,8,8|8|8|8|8|8|6|8|0|8
5994,6,True,0,10,0,0|0|0|0|0|0|0|0|0|0
6007,4,False,4,6,-1,4|4|2|7|7|4|7|4|7|2
6008,6,True,0,10,0,0|0|8|0|0|0|0|0|0|0
6015,6,True,0,10,0,0|0|0|8|0|0|0|0|0|0
6026,2,False,2,7,0,2|0|2|0|2|0|0|0|0|0
6037,2,True,5,10,5,5|5|7|5|5|5|5|3|5|5
6041,2,False,2,2,2,2|2|2|2|2|2|0|2|0|2
6063,9,True,2,10,2,2|2|2|0|2|2|2|2|2|2
6064,1,False,1,3,1,1|1|5|1|1|1|1|2|5|1
6074,5,True,1,8,1,1|1|2|1|1|1|1|5|5|1
6121,1,False,1,3,1,1|1|2|1|1|1|1|5|5|1
6123,1,True,8,10,8,8|8|8|8|8|8|8|8|5|8
6129,5,True,9,8,9,9|9|9|9|9|9|9|9|5|5
6136,1,False,1,4,1,1|1|2|5|1|1|1|5|5|1
6144,1,True,4,10,4,3|4|7|4|4|4|4|4|7|7
6148,7,True,6,9,6,6|6|7|6|6|6|6|6|6|6
6155,5,False,5,5,5,3|3|3|5|3|5|1|5|5|5
6167,3,False,3,0,3,3|3|3|3|3|3|3|3|3|3
6174,5,True,9,5,-1,9|5|9|9|9|5|5|9|5|5
6177,2,False,2,0,2,2|2|2|2|2|2|2|2|2|2
6181,1,True,4,10,4,4|4|4|4|4|4|4|4|4|4
6190,0,False,0,3,0,0|0|0|8|0|2|6|0|0|0
6203,1,True,4,10,4,4|4|4|4|4|4|4|4|4|4
6208,1,True,3,10,5,3|3|5|5|5|5|3|5|5|3
6216,7,False,7,4,7,7|7|7|4|4|7|4|7|4|7
6218,7,False,7,0,7,7|7|7|7|7|7|7|7|7|7
6230,2,False,2,0,2,2|2|2|2|2|2|2|2|2|2
6232,1,True,5,10,3,0|3|3|7|3|3|5|3|3|3
6235,7,False,7,1,7,7|7|7|7|7|7|7|3|7|7
6240,6,True,0,10,0,0|0|2|0|0|0|0|0|0|0
6256,3,False,3,0,3,3|3|3|3|3|3|3|3|3|3
6257,3,True,7,10,7,7|7|7|7|7|4|7|7|7|4
6258,5,True,9,8,9,9|9|9|9|9|9|9|9|5|5
6259,5,False,5,2,5,5|5|5|5|5|5|1|5|5|1
6278,7,False,7,2,7,7|7|7|7|3|7|7|7|3|7
6279,1,True,5,10,5,5|5|5|5|5|5|5|5|5|5
6282,9,False,9,4,9,9|9|2|9|9|9|5|9|5|5
6305,2,False,2,9,0,0|0|0|0|0|2|0|0|6|0
6309,1,True,3,10,3,3|3|3|3|3|3|3|3|3|3
6310,9,False,9,2,9,9|9|9|9|9|9|9|9|5|5
6321,7,False,7,0,7,7|7|7|7|7|7|7|7|7|7
6324,3,False,3,10,7,7|7|7|7|7|9|7|2|7|7
6326,9,True,7,10,7,3|4|3|7|7|7|7|7|5|7
6329,7,False,7,0,7,7|7|7|7|7|7|7|7|7|7
6345,1,True,5,10,7,3|7|5|7|7|7|5|7|5|7
6346,8,False,8,1,8,8|8|8|8|8|8|8|8|5|8
6351,1,True,3,10,5,5|5|2|5|5|5|5|5|5|5
6379,1,True,8,10,8,8|8|8|8|8|8|8|8|5|8
6386,4,True,7,10,7,7|7|7|7|7|7|7|7|7|7
6388,0,True,2,6,2,0|2|0|2|0|2|0|2|2|2
6392,2,False,2,5,-1,2|2|0|0|0|2|0|2|0|2
6395,6,False,6,4,6,6|9|8|8|6|6|8|6|6|6
6403,1,True,8,10,8,8|0|8|8|8|8|6|8|8|8
6407,8,False,8,0,8,8|8|8|8|8|8|8|8|8|8
6417,6,False,6,1,6,6|6|6|3|6|6|6|6|6|6
6433,3,False,3,0,3,3|3|3|3|3|3|3|3|3|3
6436,1,True,5,10,5,5|5|5|5|5|5|5|5|3|5
6441,7,False,7,0,7,7|7|7|7|7|7|7|7|7|7
6446,1,False,1,4,1,1|1|2|1|1|1|1|2|2|5
6460,7,False,7,0,7,7|7|7|7|7|7|7|7|7|7
6461,2,False,2,10,4,4|4|4|4|4|4|4|4|4|4
6463,6,False,6,0,6,6|6|6|6|6|6|6|6|6|6
6467,9,True,2,10,2,2|2|2|2|2|2|2|2|2|2
6475,1,True,4,10,4,4|4|4|4|4|4|4|4|4|4
6485,1,True,4,10,4,4|4|4|4|4|4|4|4|4|4
6489,2,True,1,10,8,1|1|8|8|8|8|8|8|5|8
6511,3,False,3,3,3,3|5|3|3|3|3|5|3|5|3
6514,8,False,8,0,8,8|8|8|8|8|8|8|8|8|8
6540,3,False,3,0,3,3|3|3|3|3|3|3|3|3|3
6578,6,False,6,3,6,6|6|8|3|6|6|7|6|6|6
6605,1,True,4,10,4,4|4|4|4|4|4|4|4|4|4
6630,1,False,1,4,1,1|2|2|1|1|1|1|2|5|1
6663,0,False,0,0,0,0|0|0|0|0|0|0|0|0|0
6672,7,True,6,9,6,7|6|6|8|6|6|6|6|6|6
6677,4,True,7,1,4,4|4|4|4|4|4|7|4|4|4
6678,1,False,1,6,-1,1|5|2|1|5|1|1|2|5|5
6680,4,True,7,9,7,7|7|7|7|7|7|7|7|4|7
6682,0,False,0,2,0,0|0|0|0|0|2|0|0|2|0
6685,2,False,2,1,2,2|2|2|2|2|2|2|2|4|2
6695,9,True,7,9,7,9|7|7|7|7|7|7|7|7|7
6705,5,True,9,8,9,9|9|9|9|9|9|9|9|5|5
6712,8,True,6,8,6,6|6|6|8|6|6|8|6|6|6
6716,3,False,3,0,3,3|3|3|3|3|3|3|3|3|3
6737,1,False,1,4,1,1|2|2|1|1|1|1|2|2|1
6748,2,True,7,10,7,7|7|4|7|7|7|7|7|4|7
6765,1,False,1,9,0,0|1|0|8|2|0|8|8|0|0
6773,1,True,8,10,8,8|8|8|8|8|8|8|8|5|8
6778,1,True,5,10,3,3|3|7|7|7|7|3|3|5|3
6794,5,False,5,3,5,5|5|5|5|5|3|5|3|5|3
6830,8,False,8,1,8,8|8|8|8|8|8|8|8|5|8
6832,6,False,6,3,6,6|6|8|8|6|6|6|8|6|6
6861,9,False,9,3,9,9|9|2|9|9|9|9|9|5|5
6874,5,False,5,0,5,5|5|5|5|5|5|5|5|5|5
6895,1,False,1,9,5,5|5|5|5|5|5|1|5|5|5
6899,1,False,1,4,1,1|1|2|1|1|8|1|5|5|1
6906,5,True,9,7,9,9|9|9|9|9|9|5|9|5|5
6917,9,True,2,10,2,2|2|2|2|2|2|2|2|2|2
6920,0,False,0,0,0,0|0|0|0|0|0|0|0|0|0
6936,3,False,3,5,3,5|3|3|3|5|7|3|5|3|7
6941,8,True,6,10,6,6|3|7|7|6|6|6|6|6|6
6946,9,True,2,10,2,2|2|2|2|2|2|2|2|2|2
6947,0,False,0,0,0,0|0|0|0|0|0|0|0|0|0
6949,7,True,6,7,6,7|6|7|7|6|6|6|6|6|6
6964,8,False,8,1,8,8|8|8|8|8|8|8|8|0|8
6968,6,False,6,2,6,6|6|8|8|6|6|6|6|6|6
6979,9,True,7,10,7,7|7|7|7|7|7|7|4|4|7
6985,4,False,4,0,4,4|4|4|4|4|4|4|4|4|4
6991,9,False,9,4,9,9|5|9|9|9|9|5|9|5|5
6997,9,False,9,2,9,9|9|9|9|9|9|9|9|5|5
7001,8,True,6,9,6,6|6|8|7|6|6|6|6|7|6
7011,7,False,7,0,7,7|7|7|7|7|7|7|7|7|7
7035,4,False,4,0,4,4|4|4|4|4|4|4|4|4|4
7061,1,True,8,10,8,8|0|8|8|8|8|8|8|5|8
7063,3,False,3,3,3,3|2|3|3|3|2|3|3|5|3
7082,1,True,5,10,5,6|9|5|5|6|8|5|5|5|6
7089,2,False,2,0,2,2|2|2|2|2|2|2|2|2|2
7090,5,False,5,6,5,5|4|5|2|4|5|5|4|6|2
7105,5,False,5,2,5,5|5|5|5|5|3|5|5|5|1
7107,3,False,3,0,3,3|3|3|3|3|3|3|3|3|3
7130,5,True,1,5,5,1|5|9|9|9|5|5|8|5|5
7133,7,True,6,10,6,6|6|8|8|6|6|6|6|6|6
7134,9,False,9,2,9,9|9|9|9|9|9|9|9|5|5
7156,1,True,8,9,8,1|8|8|8|8|8|8|8|5|8
7160,5,False,5,0,5,5|5|5|5|5|5|5|5|5|5
7183,0,False,0,0,0,0|0|0|0|0|0|0|0|0|0
7185,7,False,7,2,7,7|7|2|7|7|7|7|7|5|7
7215,6,False,6,0,6,6|6|6|6|6|6|6|6|6|6
7249,5,True,9,9,0,2|0|5|0|0|0|0|0|0|0
7254,6,False,6,2,6,6|9|6|6|6|6|8|6|6|6
7265,6,False,6,2,6,6|6|6|8|6|6|6|6|6|8
7266,5,False,5,9,4,4|4|2|4|4|4|4|4|5|4
7286,1,False,1,3,1,1|1|2|1|1|1|1|2|2|1
7293,1,True,5,9,5,5|5|5|5|5|5|1|5|5|5
7307,1,True,3,10,6,3|6|5|6|3|6|6|6|6|6
7310,1,True,8,10,8,8|8|8|8|8|8|8|8|0|8
7313,3,False,3,7,-1,3|4|2|7|3|7|3|6|2|7
7338,5,True,1,7,1,1|5|2|8|1|1|1|5|5|1
7342,1,False,1,4,1,1|5|1|1|1|1|1|8|5|5
7345,1,True,5,10,3,3|3|5|3|3|3|3|3|3|3
7349,2,True,1,7,1,2|1|2|1|1|1|1|2|5|1
7351,5,False,5,8,3,5|3|3|3|3|3|3|3|5|3
7373,5,True,9,7,9,9|9|9|9|9|9|5|9|5|5
7376,1,True,8,10,8,8|8|8|8|8|8|8|0|5|8
7388,8,True,6,8,6,6|6|8|8|6|6|6|2|6|6
7398,5,False,5,10,7,7|7|7|7|7|7|7|7|7|7
7416,3,True,7,9,7,2|6|7|7|6|1|7|7|3|6
7419,9,False,9,2,9,9|9|9|9|9|9|9|9|5|5
7430,2,True,1,7,1,1|2|2|1|1|1|1|2|5|5
7441,9,False,9,2,9,9|9|9|9|9|9|9|9|5|5
7445,6,True,0,10,0,0|9|0|1|0|8|9|9|0|5
7447,1,True,8,10,8,8|8|8|8|8|8|8|8|5|8
7453,5,True,9,8,9,9|9|9|9|9|9|9|9|5|5
7469,3,False,3,9,9,9|9|0|9|9|2|9|3|5|0
7471,5,True,9,6,-1,9|5|2|9|9|9|5|8|5|5
7474,1,True,3,10,5,3|4|5|5|3|3|3|5|5|5
7480,2,False,2,0,2,2|2|2|2|2|2|2|2|2|2
7485,3,False,3,0,3,3|3|3|3|3|3|3|3|3|3
7493,3,False,3,2,3,3|3|2|3|3|2|3|3|3|3
7531,4,False,4,0,4,4|4|4|4|4|4|4|4|4|4
7539,1,True,3,9,3,1|5|3|3|3|3|3|0|0|3
7540,1,False,1,4,1,1|5|2|1|1|1|1|2|2|1
7545,1,True,5,10,5,3|5|5|3|5|5|5|3|5|3
7550,0,False,0,0,0,0|0|0|0|0|0|0|0|0|0
7569,1,True,8,10,0,6|0|0|0|0|0|8|0|0|0
7588,0,False,0,4,0,0|0|8|0|8|8|6|0|0|0
7602,4,False,4,1,4,4|4|4|4|4|4|4|4|2|4
7607,1,False,1,5,1,5|5|2|1|1|1|1|5|5|1
7615,3,False,3,6,-1,3|9|0|3|1|0|3|0|3|0
7621,7,False,7,2,7,7|4|7|7|7|7|7|7|3|7
7625,4,False,4,0,4,4|4|4|4|4|4|4|4|4|4
7640,1,False,1,10,-1,5|9|2|2|0|0|5|2|5|7
7656,2,True,4,10,4,4|4|4|4|4|4|4|4|4|4
7665,3,False,3,0,3,3|3|3|3|3|3|3|3|3|3
7683,1,False,1,4,1,1|1|2|8|1|1|1|2|2|1
7694,5,True,9,7,9,9|9|9|9|9|9|5|9|5|5
7731,6,True,0,10,0,0|0|0|0|0|0|0|0|0|0
7737,8,False,8,1,8,8|8|8|8|8|8|8|8|5|8
7745,2,False,2,7,7,2|2|7|7|2|7|7|3|4|7
7763,9,False,9,3,9,9|9|2|9|9|9|9|9|5|5
7787,4,False,4,1,4,4|4|4|4|4|4|3|4|4|4
7798,7,False,7,1,7,7|7|7|7|7|7|7|7|4|7
7799,9,True,6,10,6,6|6|6|6|6|6|6|6|6|6
7816,7,False,7,2,7,7|7|7|7|7|4|7|7|5|7
7844,2,False,2,3,2,4|2|7|2|2|2|2|2|4|2
7864,1,True,5,10,5,5|5|5|5|5|3|5|5|5|5
7877,2,False,2,2,2,4|2|2|2|2|2|4|2|2|2
7902,9,False,9,7,5,9|5|5|9|5|5|5|9|5|5
7929,9,True,2,10,2,2|4|4|2|2|2|2|3|2|2
7932,1,True,3,10,-1,9|9|3|3|3|9|3|9|5|5
7937,9,True,6,10,6,6|6|6|7|6|2|6|6|0|6
7943,5,True,9,8,9,9|9|9|9|9|9|9|9|5|5
7965,0,False,0,7,8,0|8|8|8|8|8|8|0|0|8
7969,3,True,7,10,7,7|7|7|7|7|7|7|7|7|7
7970,6,True,0,10,0,0|0|0|0|0|0|0|0|0|0
7997,1,True,3,10,-1,3|2|3|2|2|4|3|3|4|2
8013,3,False,3,1,3,3|3|3|3|3|3|3|2|3|3
8015,8,True,6,10,6,6|6|6|6|6|6|6|6|6|6
8020,5,False,5,0,5,5|5|5|5|5|5|5|5|5|5
8031,8,False,8,1,8,8|8|8|8|8|8|8|8|5|8
8035,1,False,1,5,1,1|5|2|1|1|1|1|5|5|5
8046,1,True,4,10,4,4|4|4|4|4|4|4|4|4|4
8075,9,False,9,2,9,9|9|9|9|9|9|9|9|5|5
8085,1,False,1,3,1,1|1|2|1|1|1|1|2|5|1
8096,6,True,0,10,0,0|0|0|0|0|0|0|0|0|0
8103,5,True,9,8,9,9|9|9|9|9|9|9|9|5|5
8105,3,False,3,0,3,3|3|3|3|3|3|3|3|3|3
8110,9,False,9,8,5,5|5|5|9|5|9|1|5|5|5
8111,8,False,8,3,8,8|0|8|8|8|8|8|0|5|8
8112,2,False,2,7,4,4|2|4|4|4|2|4|4|4|2
8128,7,True,6,10,6,6|9|6|2|6|6|6|6|6|6
8139,3,False,3,1,3,3|3|3|3|3|3|3|3|5|3
8156,5,False,5,9,3,3|5|3|3|3|3|3|3|3|3
8160,6,True,0,10,0,0|4|0|0|0|0|4|0|0|0
8164,3,False,3,0,3,3|3|3|3|3|3|3|3|3|3
8169,2,False,2,2,2,2|2|4|4|2|2|2|2|2|2
8171,6,False,6,1,6,6|8|6|6|6|6|6|6|6|6
8187,7,False,7,0,7,7|7|7|7|7|7|7|7|7|7
8203,7,False,7,5,-1,4|7|7|7|7|4|4|4|4|7
8207,6,True,0,10,0,0|0|0|0|0|0|0|0|0|0
8213,9,False,9,3,9,9|5|9|9|9|9|9|9|5|5
8215,6,False,6,1,6,6|6|6|6|6|6|8|6|6|6
8244,2,True,1,6,-1,2|1|2|5|1|1|1|2|2|5
8274,5,False,5,8,3,5|3|3|3|3|3|5|3|3|3
8288,3,False,3,0,3,3|3|3|3|3|3|3|3|3|3
8289,4,False,4,0,4,4|4|4|4|4|4|4|4|4|4
8295,9,False,9,2,9,9|9|9|9|9|9|9|9|5|5
8300,2,True,1,9,5,1|5|2|9|5|5|1|5|5|5
8315,7,False,7,0,7,7|7|7|7|7|7|7|7|7|7
8319,3,False,3,1,3,3|5|3|3|3|3|3|3|3|3
8327,5,True,9,9,9,9|9|0|9|9|9|0|3|0|5
8337,1,True,8,10,8,8|8|8|8|8|8|8|8|5|8
8352,4,False,4,1,4,4|4|4|1|4|4|4|4|4|4
8360,2,True,7,10,7,7|9|7|7|7|7|7|3|7|7
8361,1,True,4,10,4,4|4|4|4|4|4|4|4|4|4
8365,0,False,0,0,0,0|0|0|0|0|0|0|0|0|0
8367,7,False,7,3,7,3|3|7|7|7|7|7|7|4|7
8376,0,False,0,8,8,8|8|8|8|8|8|0|8|0|8
8379,1,True,4,10,4,3|4|4|4|4|7|4|4|4|4
8380,1,True,3,9,3,3|3|3|3|3|3|1|3|7|3
8392,0,False,0,0,0,0|0|0|0|0|0|0|0|0|0
8409,9,True,7,10,7,7|7|7|7|7|7|7|4|7|7
8426,2,True,1,8,1,1|1|2|1|1|1|1|2|5|1
8428,5,True,9,8,9,9|9|9|9|9|9|9|9|5|5
8433,6,False,6,2,6,6|6|8|8|6|6|6|6|6|6
8436,6,False,6,4,6,6|6|7|7|6|7|6|7|6|6
8442,9,True,6,10,6,6|6|6|6|6|6|7|6|6|6
8450,1,False,1,3,1,1|1|2|1|1|1|1|2|5|1
8452,2,True,5,10,5,5|5|5|3|5|5|5|5|5|5
8466,6,False,6,10,2,2|2|2|2|3|2|2|2|2|2
8473,4,False,4,6,7,4|7|7|4|7|4|7|7|7|4
8478,0,False,0,0,0,0|0|0|0|0|0|0|0|0|0
8517,9,False,9,2,9,9|9|9|9|9|9|9|9|5|5
8544,8,False,8,1,8,8|8|8|8|8|8|8|8|5|8
8545,6,False,6,0,6,6|6|6|6|6|6|6|6|6|6
8569,0,False,0,0,0,0|0|0|0|0|0|0|0|0|0
8580,7,False,7,0,7,7|7|7|7|7|7|7|7|7|7
8598,3,False,3,0,3,3|3|3|3|3|3|3|3|3|3
8603,6,False,6,6,8,6|9|8|8|8|6|8|8|6|6
8609,3,False,3,0,3,3|3|3|3|3|3|3|3|3|3
8610,2,False,2,6,6,2|2|4|6|6|6|2|6|2|6
8617,6,False,6,3,6,6|9|8|8|6|6|6|6|6|6
8619,3,True,7,10,2,2|2|2|2|0|2|0|2|2|2
8620,7,False,7,0,7,7|7|7|7|7|7|7|7|7|7
8635,1,True,3,10,3,3|4|3|3|3|3|3|4|5|3
8639,7,True,4,10,4,4|4|4|4|4|4|4|4|4|4
8644,0,True,9,10,5,2|9|5|9|5|9|5|9|5|5
8646,7,False,7,0,7,7|7|7|7|7|7|7|7|7|7
8657,1,True,8,9,8,1|8|8|8|8|8|8|8|8|8
8661,0,False,0,6,8,0|0|8|0|8|8|8|8|0|8
8673,9,False,9,2,9,9|9|9|9|9|9|9|9|5|5
8687,3,True,7,10,7,7|7|7|7|7|7|7|7|7|7
8694,7,False,7,9,5,7|5|5|5|5|5|1|5|5|5
8707,8,False,8,1,8,8|8|8|8|8|8|8|8|5|8
8708,9,True,7,10,7,7|7|7|7|7|7|7|7|7|7
8715,0,True,8,7,8,0|8|8|8|8|8|0|8|0|8
8717,8,False,8,1,8,8|8|8|8|8|8|8|8|5|8
8730,5,False,5,0,5,5|5|5|5|5|5|5|5|5|5
8746,6,True,0,10,0,0|0|0|0|0|0|0|0|0|0
8751,7,False,7,1,7,7|7|3|7|7|7|7|7|7|7
8761,3,False,3,9,5,5|5|3|5|5|5|1|5|5|5
8767,2,False,2,5,-1,2|2|2|0|2|2|0|0|0|0
8784,1,True,4,10,4,4|4|4|4|4|4|4|4|4|4
8786,3,False,3,2,3,3|2|3|3|3|3|3|3|2|3
8791,5,True,1,3,5,5|5|2|9|5|5|1|5|5|5
8810,9,True,0,10,0,2|0|2|0|6|0|0|6|0|0
8829,4,False,4,1,4,4|4|2|4|4|4|4|4|4|4
8844,2,False,2,0,2,2|2|2|2|2|2|2|2|2|2
8845,3,True,7,8,7,3|7|3|7|7|7|7|7|7|7
8847,1,True,5,10,5,5|5|5|5|5|5|5|5|5|5
8852,8,False,8,0,8,8|8|8|8|8|8|8|8|8|8
8855,5,True,1,10,1,1|2|2|1|1|1|1|2|2|1
8901,7,False,7,0,7,7|7|7|7|7|7|7|7|7|7
8902,5,False,5,6,5,5|2|3|5|6|6|2|5|5|2
8911,1,True,4,10,4,4|4|4|4|4|4|4|4|4|4
8935,2,True,5,10,-1,9|9|5|5|9|5|9|9|5|5
8939,4,False,4,0,4,4|4|4|4|4|4|4|4|4|4
9003,5,True,9,7,9,9|9|2|9|9|9|5|9|5|5
9008,3,False,3,8,2,3|2|2|2|6|8|8|2|3|2
9016,9,True,2,9,8,9|0|2|8|8|8|8|2|0|8
9037,8,False,8,1,8,8|8|8|8|8|8|8|8|5|8
9061,4,False,4,5,-1,4|4|7|7|7|4|7|4|4|7
9065,9,False,9,2,9,9|9|9|9|9|9|9|9|5|5
9071,9,True,7,10,7,7|7|7|7|7|7|7|7|7|7
9072,7,False,7,7,-1,7|7|2|9|3|1|0|0|7|0
9075,7,False,7,4,7,7|0|7|7|7|2|4|7|4|7
9076,1,True,8,9,-1,1|9|0|8|9|9|8|8|0|0
9077,0,False,0,0,0,0|0|0|0|0|0|0|0|0|0
9104,5,False,5,3,5,5|5|5|5|5|2|2|2|5|5
9114,9,True,2,10,2,2|2|2|2|2|2|2|2|4|2
9128,3,False,3,8,2,3|2|2|2|3|2|2|2|2|2
9138,1,False,1,5,1,5|1|2|1|1|1|1|5|5|5
9142,6,False,6,0,6,6|6|6|6|6|6|6|6|6|6
9172,9,True,2,10,2,2|2|2|2|2|2|2|2|2|2
9189,5,True,1,2,5,5|5|5|5|5|1|1|5|5|5
9192,8,False,8,1,8,8|8|8|8|8|8|8|8|5|8
9193,0,False,0,1,0,0|0|0|9|0|0|0|0|0|0
9218,5,True,9,8,9,9|9|9|9|9|9|9|9|5|5
9241,8,True,6,10,0,0|0|0|0|0|0|0|0|0|0
9242,9,False,9,3,9,9|9|9|9|9|9|5|9|5|5
9269,8,False,8,10,9,9|9|2|9|9|9|1|9|5|5
9270,9,False,9,3,9,9|9|9|9|9|9|5|9|5|5
9276,4,False,4,0,4,4|4|4|4|4|4|4|4|4|4
9279,7,False,7,0,7,7|7|7|7|7|7|7|7|7|7
9286,5,False,5,0,5,5|5|5|5|5|5|5|5|5|5
9291,3,False,3,2,3,3|3|3|3|8|3|0|3|3|3
9300,1,True,3,10,3,4|3|3|3|6|3|4|4|6|3
9302,9,False,9,2,9,9|9|9|9|9|9|9|9|5|5
9305,3,False,3,0,3,3|3|3|3|3|3|3|3|3|3
9317,1,False,1,5,1,5|1|2|5|1|1|1|5|5|1
9329,7,False,7,0,7,7|7|7|7|7|7|7|7|7|7
9340,9,False,9,2,9,9|9|9|9|9|9|9|9|5|5
9351,8,False,8,1,8,8|8|8|8|8|8|8|8|5|8
9354,2,False,2,0,2,2|2|2|2|2|2|2|2|2|2
9365,5,True,1,9,1,1|1|1|1|1|1|1|2|5|1
9367,7,True,6,10,6,6|6|6|6|6|6|6|6|6|6
9370,1,True,4,10,4,4|4|4|4|4|4|4|4|4|4
9371,3,False,3,9,7,3|7|7|7|7|7|7|7|7|7
9374,4,True,7,8,7,7|7|7|7|7|7|7|4|4|7
9385,6,True,0,10,0,0|0|0|0|0|0|0|0|0|0
9391,1,True,5,10,5,5|5|5|5|5|5|5|5|5|5
9392,5,True,1,8,1,1|1|8|1|1|1|1|5|5|1
9397,5,False,5,0,5,5|5|5|5|5|5|5|5|5|5
9398,3,False,3,0,3,3|3|3|3|3|3|3|3|3|3
9418,1,True,8,10,8,0|8|8|8|8|8|8|0|0|0
9430,0,False,0,0,0,0|0|0|0|0|0|0|0|0|0
9454,7,False,7,2,7,7|7|7|7|7|4|7|7|4|7
9482,6,False,6,0,6,6|6|6|6|6|6|6|6|6|6
9494,1,False,1,3,1,1|1|2|1|1|1|1|2|5|1
9521,6,False,6,1,6,6|6|6|6|8|6|6|6|6|6
9522,0,False,0,0,0,0|0|0|0|0|0|0|0|0|0
9554,8,True,6,10,6,6|6|6|3|6|6|3|6|3|6
9566,0,False,0,7,0,6|9|6|0|0|2|7|8|5|0
9569,4,False,4,0,4,4|4|4|4|4|4|4|4|4|4
9579,2,False,2,1,2,2|2|0|2|2|2|2|2|2|2
9585,2,False,2,0,2,2|2|2|2|2|2|2|2|2|2
9589,5,True,2,10,2,2|2|2|2|2|2|2|2|0|2
9636,6,False,6,3,6,6|9|7|6|6|6|6|6|7|6
9650,1,True,4,10,4,4|4|4|4|4|4|4|4|4|4
9654,9,False,9,2,9,9|9|9|9|9|9|9|9|5|5
9658,5,True,1,1,5,5|5|5|5|5|5|1|5|5|5
9660,4,True,2,10,6,2|2|8|8|6|6|6|6|0|6
9671,6,True,0,10,0,0|0|0|0|0|0|0|0|0|0
9680,5,True,4,10,4,4|4|4|4|4|4|4|4|4|4
9691,4,False,4,0,4,4|4|4|4|4|4|4|4|4|4
9693,8,False,8,1,8,8|8|8|8|8|8|8|8|5|8
9725,7,False,7,0,7,7|7|7|7|7|7|7|7|7|7
9726,7,False,7,6,7,7|3|2|7|2|9|3|4|7|7
9730,8,False,8,1,8,8|8|8|8|8|8|8|8|5|8
9731,4,False,4,0,4,4|4|4|4|4|4|4|4|4|4
9734,9,True,2,10,2,2|2|7|2|2|2|2|2|4|2
9762,6,False,6,0,6,6|6|6|6|6|6|6|6|6|6
9765,1,False,1,5,1,1|5|2|1|1|1|1|5|5|5
9767,6,True,0,10,3,0|3|4|7|3|3|3|3|0|3
9775,1,True,4,10,4,4|4|4|4|4|4|4|4|4|4
9779,4,False,4,1,4,4|4|2|4|4|4|4|4|4|4
9782,4,False,4,2,4,4|4|2|4|4|4|4|4|2|4
9784,8,True,6,9,2,0|2|8|6|4|6|2|2|6|2
9798,8,True,2,10,2,4|2|2|2|2|2|2|2|2|2
9816,1,True,4,10,4,4|4|4|4|4|4|4|4|4|4
9821,4,True,7,10,7,7|7|7|7|7|7|7|7|7|7
9828,6,False,6,2,6,6|6|8|6|6|6|8|6|6|6
9829,7,False,7,3,7,7|4|7|7|7|7|7|4|4|7
9831,9,True,0,10,0,0|0|0|0|0|0|0|0|0|0
9838,6,False,6,4,6,6|3|8|6|6|4|6|6|6|8
9840,2,True,4,10,4,4|4|7|4|4|4|4|4|3|4
9863,5,True,1,2,5,5|5|5|5|5|1|1|5|5|5
9866,8,False,8,1,8,8|8|8|8|8|8|8|8|5|8
9872,4,False,4,4,4,4|4|2|2|4|4|2|2|4|4
9880,9,False,9,2,9,9|9|9|9|9|9|9|9|5|5
9898,1,False,1,5,1,2|5|2|1|1|1|1|2|5|1
9915,4,False,4,4,4,4|4|4|7|7|4|7|4|7|4
9924,6,False,6,2,6,6|6|7|6|6|6|7|6|6|6
9944,1,True,3,10,3,3|3|3|3|3|3|3|3|3|3
9951,8,False,8,1,8,8|8|8|8|8|8|8|8|5|8
9964,7,False,7,0,7,7|7|7|7|7|7|7|7|7|7
9973,3,False,3,2,3,3|8|3|3|3|5|3|3|3|3
9975,8,False,8,1,8,8|8|8|8|8|8|8|8|5|8
9981,4,True,7,8,7,4|7|4|7|7|7|7|7|7|7
9984,0,False,0,0,0,0|0|0|0|0|0|0|0|0|0
9988,1,False,1,10,5,5|5|2|9|9|9|5|9|5|5
9997,1,False,1,9,5,5|1|5|5|5|5|5|5|5|5
10003,8,False,8,1,8,8|8|8|8|8|8|8|8|6|8
10006,4,False,4,0,4,4|4|4|4|4|4|4|4|4|4
10016,1,True,8,10,8,8|8|8|8|8|8|8|8|5|8
10026,7,True,6,9,6,6|6|8|7|6|6|6|6|6|6
10028,7,False,7,0,7,7|7|7|7|7|7|7|7|7|7
10036,6,False,6,6,8,8|6|8|6|8|8|6|8|0|6
10050,6,True,0,10,0,0|0|0|0|0|0|0|0|0|0
10073,7,False,7,2,7,7|3|3|7|7|7|7|7|7|7
10074,1,False,1,2,1,1|1|1|1|1|1|1|5|5|1
10075,9,False,9,4,9,9|9|2|9|9|9|9|5|5|5
10078,5,True,9,8,9,9|9|9|9|9|9|9|9|5|5
10087,8,False,8,1,8,8|8|8|8|8|8|8|8|5|8
10088,8,False,8,3,8,1|9|8|8|8|8|8|8|0|8
10094,4,True,7,10,7,7|7|7|7|7|7|7|7|5|3
10099,1,True,8,10,0,0|0|8|8|0|8|0|0|0|8
10127,7,False,7,0,7,7|7|7|7|7|7|7|7|7|7
10130,0,False,0,0,0,0|0|0|0|0|0|0|0|0|0
10149,5,True,9,8,9,9|9|9|9|9|9|9|9|5|5
10151,0,False,0,1,0,0|0|0|0|0|2|0|0|0|0
10152,9,True,2,10,2,2|2|2|2|2|2|2|2|2|2
10157,1,False,1,6,5,1|1|5|5|1|5|1|5|5|5
10167,1,True,4,10,4,4|4|4|4|4|4|4|4|4|4
10169,1,False,1,3,1,1|1|2|1|1|1|1|5|5|1
10173,6,False,6,0,6,6|6|6|6|6|6|6|6|6|6
10184,2,True,7,10,7,7|7|7|3|7|7|7|7|7|7
10188,5,True,1,10,8,1|8|8|8|8|8|8|8|0|8
10191,8,False,8,1,8,1|8|8|8|8|8|8|8|8|8
10196,4,False,4,2,4,4|4|8|4|4|4|4|4|6|4
10214,7,False,7,0,7,7|7|7|7|7|7|7|7|7|7
10222,4,False,4,2,4,4|4|4|4|4|2|2|4|4|4
10226,2,True,7,10,7,7|7|7|7|7|7|3|7|7|7
10242,5,False,5,5,-1,5|3|3|3|5|5|3|5|5|3
10252,5,True,9,5,5,2|9|2|9|5|9|5|5|5|5
10260,6,False,6,0,6,6|6|6|6|6|6|6|6|6|6
10261,9,False,9,2,9,9|9|9|9|9|9|9|9|5|5
10267,6,True,0,10,0,0|0|0|0|0|0|0|0|0|0
10272,1,True,8,10,8,8|8|8|8|8|8|8|8|0|8
10278,9,True,7,10,7,5|7|7|7|3|7|7|7|5|7
10282,4,False,4,1,4,4|4|4|4|4|4|4|4|4|7
10286,1,True,8,10,8,8|8|8|8|8|8|8|8|8|8
10306,9,False,9,2,9,9|9|9|9|9|9|9|9|5|5
10319,5,False,5,1,5,5|5|5|2|5|5|5|5|5|5
10343,6,True,0,10,0,0|0|8|0|0|0|0|0|0|0
10346,8,False,8,1,8,8|8|8|8|8|8|8|8|5|8
10359,1,False,1,4,1,1|1|2|2|1|1|1|0|5|1
10394,0,False,0,0,0,0|0|0|0|0|0|0|0|0|0
10404,2,True,4,10,4,4|4|4|4|4|4|4|4|4|4
10408,8,False,8,0,8,8|8|8|8|8|8|8|8|8|8
10431,8,True,6,10,6,6|9|6|6|6|6|6|6|6|6
10443,8,False,8,3,8,8|0|0|8|8|8|8|8|0|8
10450,5,True,1,5,5,5|5|2|5|1|1|1|2|5|5
10453,1,False,1,8,5,1|5|5|5|5|5|1|5|5|5
10457,2,False,2,0,2,2|2|2|2|2|2|2|2|2|2
10459,7,False,7,8,5,7|5|2|5|9|7|5|5|5|5
10466,3,True,7,9,7,7|7|7|7|7|7|7|3|7|7
10468,1,True,3,10,3,3|3|5|3|3|3|3|3|3|3
10472,4,False,4,0,4,4|4|4|4|4|4|4|4|4|4
10485,4,False,4,0,4,4|4|4|4|4|4|4|4|4|4
10501,3,False,3,1,3,3|3|5|3|3|3|3|3|3|3
10503,1,True,5,10,2,2|2|2|2|2|2|2|2|2|2
10504,9,False,9,10,0,6|0|8|0|0|0|0|8|0|0
10509,5,False,5,0,5,5|5|5|5|5|5|5|5|5|5
10521,5,False,5,9,2,2|4|2|2|2|2|2|2|5|2
10564,5,True,1,10,8,1|0|8|8|8|8|1|0|0|8
10565,3,False,3,1,3,3|3|3|3|3|3|1|3|3|3
10567,4,True,2,9,2,4|2|2|2|5|2|2|2|2|2
10575,1,True,3,9,3,5|3|5|5|3|3|1|3|3|3
10578,0,False,0,0,0,0|0|0|0|0|0|0|0|0|0
10585,0,True,8,10,8,8|8|8|8|8|8|8|8|8|8
10597,5,False,5,5,5,2|5|2|2|5|5|5|2|5|7
10605,4,False,4,8,0,4|0|0|3|6|0|4|0|0|0
10618,3,False,3,0,3,3|3|3|3|3|3|3|3|3|3
10634,3,False,3,0,3,3|3|3|3|3|3|3|3|3|3
10640,4,False,4,0,4,4|4|4|4|4|4|4|4|4|4
10649,7,True,6,10,6,6|6|8|6|6|6|8|6|6|6
10663,1,True,8,10,8,8|8|8|8|8|8|8|8|5|8
10668,1,True,5,10,5,5|5|5|5|5|5|5|5|5|5
10708,8,False,8,1,8,8|8|8|8|8|8|8|8|5|8
10710,1,True,5,10,2,5|2|2|2|5|2|2|5|5|2
10715,1,True,5,10,0,0|0|0|4|4|4|0|0|0|0
10717,9,False,9,3,9,9|9|9|9|9|9|5|9|5|5
10735,7,False,7,3,7,7|7|7|0|7|7|7|3|7|0
10738,8,True,6,7,6,6|9|8|8|8|6|6|6|0|6
10752,3,False,3,0,3,3|3|3|3|3|3|3|3|3|3
10755,1,False,1,10,0,0|0|9|8|0|8|0|0|0|8
10758,1,True,5,10,3,3|3|3|3|3|3|3|3|3|3
10760,1,True,5,9,5,5|5|5|5|5|3|1|5|5|5
10769,9,False,9,2,9,9|9|9|9|9|9|9|9|5|5
10771,1,False,1,6,5,1|1|2|5|5|1|1|5|5|5
10794,7,True,6,10,6,6|6|6|6|6|6|6|6|6|6
10809,3,False,3,4,3,2|4|3|3|3|2|3|6|3|3
10810,1,True,8,10,8,8|0|8|8|8|8|8|8|5|8
10812,6,True,0,10,0,0|0|0|0|0|0|0|0|0|0
10817,8,False,8,1,8,8|8|8|8|8|8|8|8|5|8
10819,1,False,1,4,1,1|2|2|1|1|1|1|2|3|1
10828,6,False,6,2,6,6|6|8|6|6|6|7|6|6|6
10845,5,True,9,5,5,2|9|2|9|5|9|5|5|5|5
10851,1,True,4,10,4,4|4|4|4|4|4|4|4|4|4
10867,6,True,0,10,0,0|0|0|0|0|0|0|0|0|0
10872,0,False,0,0,0,0|0|0|0|0|0|0|0|0|0
10874,7,False,7,3,7,7|3|3|7|7|7|7|7|3|7
10886,9,True,7,10,7,7|7|7|7|7|7|7|7|7|7
10902,1,False,1,4,1,1|5|2|1|1|1|1|5|5|1
10933,2,False,2,1,2,4|2|2|2|2|2|2|2|2|2
10938,6,False,6,0,6,6|6|6|6|6|6|6|6|6|6
10943,5,True,9,3,5,5|5|5|9|9|9|5|5|5|5
10956,8,False,8,1,8,8|8|8|8|8|8|8|8|5|8
10966,4,False,4,0,4,4|4|4|4|4|4|4|4|4|4
10967,3,False,3,0,3,3|3|3|3|3|3|3|3|3|3
10971,5,False,5,10,3,3|3|3|3|3|3|3|3|3|3
10976,9,True,2,10,2,2|2|5|2|2|2|2|2|5|2
10989,6,True,0,10,0,0|0|8|0|0|8|8|0|0|0
10998,7,False,7,8,9,9|9|7|9|9|9|5|3|7|5
11005,1,True,8,9,8,1|8|8|8|8|8|8|8|5|8
11012,9,True,2,10,2,2|2|2|2|2|2|2|2|2|2
11028,3,False,3,7,4,3|3|2|4|4|4|3|4|5|4
11040,3,False,3,0,3,3|3|3|3|3|3|3|3|3|3
11042,8,False,8,1,8,8|8|8|8|8|8|8|8|5|8
11043,1,True,5,10,5,5|5|5|5|5|5|5|5|5|5
11058,8,False,8,1,8,8|8|8|8|8|8|8|8|8|0
11061,1,True,5,10,5,5|5|5|2|5|5|5|5|5|5
11073,0,False,0,0,0,0|0|0|0|0|0|0|0|0|0
11082,1,False,1,7,5,1|5|5|5|5|5|1|5|5|1
11086,1,True,8,10,8,8|8|8|8|8|8|8|8|5|8
11159,1,True,8,10,8,8|8|8|8|8|8|8|8|5|8
11164,5,False,5,0,5,5|5|5|5|5|5|5|5|5|5
11183,3,False,3,0,3,3|3|3|3|3|3|3|3|3|3
11190,1,True,4,10,4,4|4|4|4|4|4|4|4|4|4
11241,2,False,2,3,2,2|2|2|2|2|2|4|4|4|2
11246,8,True,6,8,6,6|6|8|6|8|6|6|6|6|6
11250,4,False,4,0,4,4|4|4|4|4|4|4|4|4|4
11262,1,True,5,10,5,5|5|5|5|5|5|5|5|5|5
11298,1,True,5,10,4,4|4|4|4|4|4|4|4|4|4
11303,6,False,6,8,2,6|2|3|2|2|2|6|2|2|8
11334,3,True,7,10,4,4|4|4|4|4|4|4|4|4|4
11343,8,False,8,0,8,8|8|8|8|8|8|8|8|8|8
11347,1,True,5,10,3,3|3|3|3|3|3|3|3|3|3
11367,5,True,1,1,5,5|5|5|5|5|5|1|5|5|5
11372,0,False,0,2,0,0|0|2|0|0|2|0|0|0|0
11375,5,False,5,9,7,3|7|3|7|3|7|3|7|5|7
11376,2,True,5,10,5,5|5|5|5|5|5|5|5|5|5
11382,2,False,2,1,2,2|2|8|2|2|2|2|2|2|2
11390,7,False,7,7,3,7|5|3|7|3|7|5|3|5|3
11426,7,False,7,5,7,7|5|7|7|7|1|5|8|7|2
11429,7,True,6,10,6,6|6|6|6|6|6|6|6|6|6
11431,0,False,0,0,0,0|0|0|0|0|0|0|0|0|0
11443,2,False,2,0,2,2|2|2|2|2|2|2|2|2|2
11448,9,True,7,10,7,7|7|7|7|7|7|7|7|7|7
11480,3,False,3,1,3,3|3|3|3|3|3|3|3|5|3
11486,2,False,2,7,4,2|2|2|4|4|4|4|4|4|4
11510,1,True,4,10,4,4|4|4|4|4|4|4|4|4|4
11512,3,False,3,0,3,3|3|3|3|3|3|3|3|3|3
11521,4,False,4,2,4,4|4|7|4|4|4|4|4|4|7
11525,5,False,5,0,5,5|5|5|5|5|5|5|5|5|5
11531,3,False,3,0,3,3|3|3|3|3|3|3|3|3|3
11555,9,False,9,2,9,9|9|9|9|9|9|9|9|5|5
11561,9,True,7,10,7,7|4|7|7|7|7|4|2|7|7
11562,4,False,4,10,3,3|3|3|3|6|5|6|5|1|3
11566,8,False,8,1,8,8|8|8|8|8|8|8|8|0|8
11574,1,False,1,4,1,1|1|5|1|1|1|1|5|5|5
11577,1,True,8,10,8,8|8|8|8|8|8|8|8|5|8
11580,5,True,1,8,1,1|1|2|1|1|1|1|5|5|1
11604,5,True,9,6,9,9|5|2|9|9|9|5|9|5|5
11606,9,True,2,10,2,2|2|2|2|2|2|2|2|2|2
11617,3,False,3,7,7,3|7|5|7|7|3|3|5|5|7
11620,9,False,9,2,9,9|9|9|9|9|9|9|9|5|5
11635,4,False,4,4,4,4|4|6|6|4|6|6|4|4|4
11651,6,False,6,10,2,2|2|2|2|2|2|2|2|2|2
11678,9,False,9,6,5,9|5|2|9|9|9|5|5|5|5
11680,1,True,3,10,3,3|4|3|3|3|2|3|3|3|3
11687,6,False,6,0,6,6|6|6|6|6|6|6|6|6|6
11697,7,False,7,1,7,7|3|7|7|7|7|7|7|7|7
11699,6,False,6,0,6,6|6|6|6|6|6|6|6|6|6
11710,9,True,2,10,0,0|2|0|0|0|0|4|0|0|0
11724,3,False,3,0,3,3|3|3|3|3|3|3|3|3|3
11726,6,False,6,0,6,6|6|6|6|6|6|6|6|6|6
11737,1,True,5,10,5,5|5|5|5|5|5|6|5|5|5
11750,2,True,1,10,8,1|8|8|1|1|8|8|8|5|8
11756,6,False,6,1,6,6|6|6|8|6|6|6|6|6|6
11758,1,True,3,10,3,3|3|3|3|3|3|3|3|3|3
11765,4,False,4,0,4,4|4|4|4|4|4|4|4|4|4
11766,7,True,2,10,5,5|2|5|5|5|6|5|8|5|2
11776,1,False,1,3,1,1|2|1|1|1|1|1|2|5|1
11800,6,False,6,1,6,6|6|8|6|6|6|6|6|6|6
11810,4,False,4,9,-1,1|0|8|0|8|8|8|4|0|0
11813,2,False,2,7,5,2|5|2|5|5|5|5|2|5|5
11841,4,True,7,10,7,7|7|7|7|7|7|7|7|7|7
11846,7,False,7,0,7,7|7|7|7|7|7|7|7|7|7
11867,3,True,7,10,7,7|7|7|7|7|7|7|7|7|7
11870,3,True,7,10,5,5|5|2|2|2|5|5|5|5|2
11878,4,False,4,3,4,4|4|3|4|4|4|3|4|2|4
11879,0,False,0,0,0,0|0|0|0|0|0|0|0|0|0
11883,5,True,9,8,9,9|9|9|9|9|9|9|2|5|5
11887,6,True,0,10,0,0|0|0|0|0|0|0|0|0|0
11895,1,False,1,4,1,1|5|5|1|1|1|1|5|5|1
11897,6,True,0,10,0,0|0|0|0|0|0|0|0|0|0
11927,4,False,4,0,4,4|4|4|4|4|4|4|4|4|4
11947,5,False,5,1,5,5|5|3|5|5|5|5|5|5|5
11956,4,False,4,1,4,4|4|4|4|4|4|4|2|4|4
11961,2,False,2,0,2,2|2|2|2|2|2|2|2|2|2
11972,5,True,1,7,9,9|9|9|9|9|9|5|9|5|5
11982,1,True,4,10,4,4|4|4|4|4|4|4|4|4|4
11984,9,False,9,2,9,9|9|9|9|9|9|9|9|5|5
11989,0,False,0,0,0,0|0|0|0|0|0|0|0|0|0
11991,2,False,2,0,2,2|2|2|2|2|2|2|2|2|2
11999,9,True,6,10,6,6|6|8|6|6|6|6|6|6|6
12007,3,False,3,0,3,3|3|3|3|3|3|3|3|3|3
12013,3,False,3,2,3,3|3|3|3|3|3|3|3|2|2
12029,0,False,0,1,0,0|0|0|0|0|0|8|0|0|0
12031,8,True,6,10,3,6|3|3|3|3|3|3|3|3|3
12061,9,False,9,3,9,9|9|9|9|9|9|5|9|5|5
12071,1,False,1,3,1,1|1|5|1|1|1|1|5|5|1
12081,6,False,6,4,6,6|6|8|8|6|6|8|8|6|6
12096,3,False,3,3,3,3|5|3|3|3|3|3|5|3|1
12097,7,False,7,5,-1,7|3|3|7|7|7|3|3|3|7
12103,4,False,4,1,4,4|4|3|4|4|4|4|4|4|4
12105,3,False,3,1,3,3|5|3|3|3|3|3|3|3|3
12106,1,True,4,10,4,4|4|2|4|4|4|4|2|4|4
12108,4,False,4,1,4,4|4|4|4|4|4|4|4|4|2
12109,2,False,2,4,2,2|2|2|4|4|4|2|2|4|2
12136,4,False,4,3,4,4|4|4|4|4|7|4|3|4|7
12152,5,True,9,7,9,9|5|9|9|9|9|9|9|5|5
12168,6,False,6,0,6,6|6|6|6|6|6|6|6|6|6
12181,0,False,0,0,0,0|0|0|0|0|0|0|0|0|0
12194,8,False,8,1,8,8|8|8|8|8|8|8|8|5|8
12196,1,True,8,10,-1,0|9|8|9|0|9|6|0|5|5
12204,4,False,4,0,4,4|4|4|4|4|4|4|4|4|4
12207,8,False,8,1,8,8|8|8|8|8|8|8|8|5|8
12226,0,False,0,0,0,0|0|0|0|0|0|0|0|0|0
12235,5,False,5,4,5,5|3|5|5|3|3|1|5|5|5
12258,0,True,8,7,8,0|8|8|8|0|0|8|8|8|8
12272,3,True,7,9,7,7|3|7|7|7|7|7|7|7|7
12294,0,False,0,0,0,0|0|0|0|0|0|0|0|0|0
12299,1,False,1,4,1,1|5|5|1|1|1|1|5|5|1
12310,1,True,5,10,5,5|5|5|5|5|5|5|5|5|5
12333,4,False,4,4,4,4|2|2|4|2|4|4|4|2|4
12338,2,False,2,0,2,2|2|2|2|2|2|2|2|2|2
12363,6,True,0,10,0,0|0|0|0|0|0|0|0|0|0
12368,4,False,4,0,4,4|4|4|4|4|4|4|4|4|4
12370,1,True,3,10,3,3|3|3|3|3|3|3|3|3|3
12375,6,True,0,10,0,0|0|0|0|0|0|0|0|0|0
12376,8,True,2,10,2,2|2|2|2|2|2|2|2|2|2
12384,5,True,1,8,9,9|9|9|9|9|9|9|9|5|5
12391,3,False,3,0,3,3|3|3|3|3|3|3|3|3|3
12407,9,True,6,9,6,6|9|6|8|6|6|6|6|0|6
12409,0,False,0,0,0,0|0|0|0|0|0|0|0|0|0
12422,8,False,8,1,8,8|8|8|8|8|8|8|8|5|8
12425,1,True,3,10,3,3|3|3|3|3|4|3|3|3|3
12428,3,False,3,4,3,3|4|2|2|3|2|3|3|3|3
12430,0,False,0,0,0,0|0|0|0|0|0|0|0|0|0
12432,7,False,7,1,7,7|4|7|7|7|7|7|7|7|7
12449,3,False,3,0,3,3|3|3|3|3|3|3|3|3|3
12451,1,False,1,4,1,1|2|2|1|1|1|1|2|5|1
12458,8,True,6,9,6,6|6|8|6|6|6|6|6|6|6
12479,7,False,7,1,7,4|7|7|7|7|7|7|7|7|7
12487,8,False,8,1,8,8|8|8|8|8|8|8|8|5|8
12542,0,False,0,0,0,0|0|0|0|0|0|0|0|0|0
12568,5,True,9,8,9,9|9|9|9|9|9|9|8|5|5
12572,7,False,7,0,7,7|7|7|7|7|7|7|7|7|7
12581,5,False,5,0,5,5|5|5|5|5|5|5|5|5|5
12591,4,False,4,0,4,4|4|4|4|4|4|4|4|4|4
12599,1,True,8,9,8,1|8|8|8|8|8|8|8|8|8
12610,1,True,8,10,8,8|8|8|8|8|8|8|8|0|8
12615,8,False,8,0,8,8|8|8|8|8|8|8|8|8|8
12631,3,False,3,0,3,3|3|3|3|3|3|3|3|3|3
12659,6,True,0,10,0,0|0|0|0|0|0|0|0|0|0
12671,3,False,3,0,3,3|3|3|3|3|3|3|3|3|3
12705,7,False,7,1,7,4|7|7|7|7|7|7|7|7|7
12720,2,False,2,0,2,2|2|2|2|2|2|2|2|2|2
12736,6,False,6,2,6,6|6|8|6|6|6|8|6|6|6
12757,0,False,0,8,8,0|8|8|9|8|8|8|9|5|0
12793,9,False,9,4,9,9|9|0|0|9|9|9|9|5|0
12800,1,False,1,6,-1,1|5|2|5|1|2|1|5|5|1
12805,4,False,4,0,4,4|4|4|4|4|4|4|4|4|4
12812,4,False,4,0,4,4|4|4|4|4|4|4|4|4|4
12842,7,False,7,0,7,7|7|7|7|7|7|7|7|7|7
12848,9,True,7,10,7,7|7|7|7|7|7|7|7|7|7
12868,8,False,8,1,8,8|8|8|8|8|8|8|8|5|8
12885,7,True,6,9,6,7|6|6|6|6|6|6|6|6|6
12910,0,False,0,0,0,0|0|0|0|0|0|0|0|0|0
12911,6,True,0,10,0,0|0|0|0|0|0|0|0|0|0
12913,5,False,5,3,5,5|3|5|3|5|3|5|5|5|5
12918,8,False,8,0,8,8|8|8|8|8|8|8|8|8|8
12922,0,False,0,1,0,0|0|0|0|0|0|0|2|0|0
12944,6,True,0,10,0,0|0|0|0|0|0|0|0|0|0
12978,2,False,2,5,2,2|2|9|2|0|2|2|7|5|7
12984,9,True,7,10,7,7|7|7|7|7|7|7|7|7|7
12991,0,False,0,0,0,0|0|0|0|0|0|0|0|0|0
13016,0,False,0,0,0,0|0|0|0|0|0|0|0|0|0
13020,8,False,8,0,8,8|8|8|8|8|8|8|8|8|8
13034,5,True,9,6,9,5|9|5|9|9|9|9|9|5|5
13035,5,True,2,10,0,0|0|0|0|0|0|0|0|0|0
13048,1,True,5,10,3,3|3|3|3|3|3|3|3|3|3
13062,3,False,3,0,3,3|3|3|3|3|3|3|3|3|3
13083,7,False,7,0,7,7|7|7|7|7|7|7|7|7|7
13096,9,False,9,5,9,9|9|9|8|9|8|8|9|5|5
13105,2,True,7,10,7,4|7|4|7|7|7|7|7|4|7
13112,5,False,5,0,5,5|5|5|5|5|5|5|5|5|5
13114,2,False,2,0,2,2|2|2|2|2|2|2|2|2|2
13138,9,False,9,2,9,9|9|9|9|9|9|9|9|5|5
13143,6,False,6,0,6,6|6|6|6|6|6|6|6|6|6
13144,1,False,1,7,5,1|5|5|5|5|1|1|5|5|5
13157,8,False,8,1,8,8|8|8|8|8|8|8|8|5|8
13162,6,False,6,0,6,6|6|6|6|6|6|6|6|6|6
13163,4,True,2,10,2,2|2|2|2|2|2|2|2|2|2
13164,1,True,4,10,4,4|4|2|4|0|6|4|0|4|4
13191,1,False,1,5,-1,1|5|5|5|1|1|1|5|5|1
13217,1,False,1,6,2,2|2|2|5|1|1|1|2|2|1
13220,6,False,6,1,6,6|6|6|2|6|6|6|6|6|6
13239,5,True,1,2,5,5|5|5|5|5|5|1|5|5|1
13245,5,False,5,0,5,5|5|5|5|5|5|5|5|5|5
13246,1,True,5,10,5,5|5|5|3|5|5|5|5|5|5
13266,1,True,8,10,8,8|8|8|8|8|8|8|8|8|8
13281,3,False,3,7,6,3|4|6|3|1|3|6|4|6|6
13284,7,False,7,1,7,7|7|7|7|7|7|7|7|4|7
13298,9,False,9,2,9,9|9|9|9|9|9|9|9|5|5
13321,2,False,2,0,2,2|2|2|2|2|2|2|2|2|2
13325,8,False,8,0,8,8|8|8|8|8|8|8|8|8|8
13364,9,False,9,2,9,9|9|9|9|9|9|9|9|5|5
13374,1,False,1,7,5,5|1|5|9|1|9|1|2|5|5
13407,5,True,9,8,9,9|9|9|9|9|9|9|9|5|5
13412,4,False,4,9,2,2|2|2|2|2|2|4|2|2|2
13425,8,False,8,0,8,8|8|8|8|8|8|8|8|8|8
13449,8,False,8,1,8,8|8|8|8|8|8|8|8|5|8
13463,3,False,3,3,3,3|9|3|3|5|3|3|3|5|3
13467,0,False,0,0,0,0|0|0|0|0|0|0|0|0|0
13492,2,False,2,2,2,2|2|2|2|2|2|2|0|5|2
13496,6,False,6,0,6,6|6|6|6|6|6|6|6|6|6
13497,0,False,0,2,0,0|0|0|3|0|0|0|0|0|6
13499,1,True,5,9,4,1|3|4|4|4|4|3|4|6|4
13501,1,True,8,10,8,8|8|8|8|8|8|8|8|5|8
13516,9,True,7,10,7,7|7|7|7|7|7|7|7|7|7
13527,5,False,5,10,0,0|8|8|0|2|0|8|0|0|0
13531,9,False,9,2,9,9|9|9|9|9|9|9|9|5|5
13532,5,False,5,10,4,4|0|0|4|3|4|3|4|3|0
13556,9,True,2,10,2,2|2|2|4|2|2|2|2|2|7
13566,9,True,7,10,7,7|7|7|7|7|7|7|7|7|7
13569,7,False,7,3,7,7|7|7|7|7|3|4|7|4|7
13579,5,False,5,0,5,5|5|5|5|5|5|5|5|5|5
13580,5,True,9,7,9,9|9|9|9|9|9|5|9|5|5
13584,1,True,3,10,3,3|3|3|3|3|3|3|3|3|3
13609,9,False,9,3,9,9|9|9|9|9|9|5|9|5|5
13611,6,False,6,3,6,6|6|3|3|6|6|3|6|6|6
13613,6,True,0,10,0,0|0|0|0|0|0|0|0|0|0
13642,5,True,9,1,5,5|5|5|5|5|5|1|5|5|5
13644,5,False,5,6,2,5|4|2|5|2|5|2|5|2|2
13653,3,False,3,0,3,3|3|3|3|3|3|3|3|3|3
13665,9,False,9,2,9,9|9|9|9|9|9|9|9|5|5
13684,8,False,8,1,8,8|8|8|8|8|8|8|8|5|8
13707,0,False,0,0,0,0|0|0|0|0|0|0|0|0|0
13710,0,False,0,0,0,0|0|0|0|0|0|0|0|0|0
13716,6,True,0,9,0,0|2|0|4|6|2|0|0|0|0
13731,8,False,8,1,8,8|8|8|8|8|8|8|8|0|8
13732,7,False,7,10,3,3|3|3|3|3|3|3|3|3|3
13736,6,False,6,2,6,6|9|6|8|6|6|6|6|6|6
13738,8,False,8,5,8,1|9|8|1|8|8|8|0|0|8
13739,9,False,9,2,9,9|9|9|9|9|9|9|9|5|5
13743,8,False,8,1,8,8|8|8|8|8|8|8|8|0|8
13745,5,True,9,7,9,9|9|9|9|9|9|5|9|5|5
13754,6,False,6,3,6,7|6|8|7|6|6|6|6|6|6
13755,1,False,1,4,1,1|5|2|1|1|1|1|5|5|1
13760,1,True,4,10,4,4|4|3|4|4|4|4|4|4|4
13764,4,False,4,1,4,4|4|4|4|4|4|4|4|3|4
13771,5,True,9,8,9,9|9|9|9|9|9|9|9|5|5
13774,1,False,1,5,1,1|2|2|9|1|1|1|5|2|1
13777,2,False,2,8,0,0|0|2|0|0|2|0|0|0|0
13778,4,False,4,9,3,4|7|3|3|7|3|3|7|3|3
13792,5,False,5,0,5,5|5|5|5|5|5|5|5|5|5
13801,0,False,0,1,0,0|0|8|0|0|0|0|0|0|0
13806,6,False,6,2,6,6|6|8|7|6|6|6|6|6|6
13812,9,True,2,10,2,2|2|2|2|2|2|2|2|2|2
13825,6,False,6,3,6,6|6|6|7|0|6|6|0|6|6
13829,5,False,5,10,2,3|2|2|2|2|2|0|2|2|2
13836,1,True,8,10,8,8|8|8|8|8|8|8|8|5|8
13843,5,True,1,7,1,1|1|2|5|1|1|1|5|5|1
13853,2,False,2,0,2,2|2|2|2|2|2|2|2|2|2
13858,2,True,1,10,5,9|5|5|9|5|9|5|9|5|5
13878,6,False,6,1,6,6|6|8|6|6|6|6|6|6|6
13883,8,False,8,0,8,8|8|8|8|8|8|8|8|8|8
13890,6,False,6,0,6,6|6|6|6|6|6|6|6|6|6
13894,0,False,0,0,0,0|0|0|0|0|0|0|0|0|0
13899,5,True,1,4,5,1|5|2|5|5|1|1|5|5|5
13904,9,False,9,5,9,9|5|9|1|9|9|5|9|5|5
13907,3,False,3,1,3,3|3|3|3|3|3|3|3|5|3
13941,3,False,3,0,3,3|3|3|3|3|3|3|3|3|3
13948,5,False,5,5,-1,2|2|2|5|5|5|2|2|5|5
13961,7,False,7,0,7,7|7|7|7|7|7|7|7|7|7
13963,9,False,9,2,9,9|9|9|9|9|9|9|9|5|5
13977,7,False,7,0,7,7|7|7|7|7|7|7|7|7|7
13983,1,True,5,10,5,5|5|5|5|5|5|5|5|5|5
14001,1,True,5,10,5,5|2|5|5|5|7|2|5|5|5
14020,9,False,9,2,9,9|9|9|9|9|9|9|9|5|5
14033,5,False,5,1,5,5|2|5|5|5|5|5|5|5|5
14040,2,True,1,9,1,1|1|2|9|1|1|1|5|5|5
14043,6,False,6,0,6,6|6|6|6|6|6|6|6|6|6
14048,2,True,1,10,5,1|5|5|5|5|5|5|5|5|5
14068,5,True,1,8,9,2|9|9|5|9|9|1|9|2|5
14075,5,True,4,10,4,4|4|4|4|4|4|4|4|4|4
14080,6,True,0,10,0,0|0|0|0|0|0|0|0|0|0
14091,3,False,3,0,3,3|3|3|3|3|3|3|3|3|3
14107,3,False,3,6,5,3|3|3|5|5|5|5|5|3|5
14116,0,False,0,0,0,0|0|0|0|0|0|0|0|0|0
14127,9,True,2,10,6,7|6|7|7|6|6|6|6|6|6
14135,2,False,2,5,2,2|2|2|2|6|2|9|4|5|7
14139,6,False,6,3,6,6|9|6|6|8|6|6|8|6|6
14140,5,False,5,6,2,2|5|5|2|5|5|7|2|2|2
14147,4,False,4,0,4,4|4|4|4|4|4|4|4|4|4
14149,8,False,8,0,8,8|8|8|8|8|8|8|8|8|8
14180,9,True,2,10,2,2|2|2|2|2|2|2|2|2|2
14198,5,True,9,8,9,9|9|9|9|9|9|9|9|5|5
14245,1,True,8,10,8,8|8|8|8|8|8|8|8|5|8
14255,4,False,4,0,4,4|4|4|4|4|4|4|4|4|4
14274,7,True,6,10,6,6|6|8|6|6|6|6|6|6|6
14275,6,True,0,10,2,0|0|2|0|2|2|2|2|2|2
14277,8,False,8,6,0,1|0|0|8|0|8|8|0|0|8
14301,7,False,7,0,7,7|7|7|7|7|7|7|7|7|7
14304,2,False,2,0,2,2|2|2|2|2|2|2|2|2|2
14320,5,False,5,0,5,5|5|5|5|5|5|5|5|5|5
14323,5,True,9,8,9,9|9|9|9|9|9|9|9|5|5
14341,6,True,0,10,0,0|0|0|0|0|0|0|0|0|0
14343,6,True,0,10,0,0|0|0|0|0|2|0|0|0|0
14346,5,False,5,0,5,5|5|5|5|5|5|5|5|5|5
14351,1,False,1,6,5,1|5|2|1|1|1|5|5|5|5
14353,2,False,2,7,-1,2|2|9|0|0|9|2|9|7|0
14356,9,True,7,10,7,7|7|7|7|7|7|7|7|7|7
14370,9,True,7,10,7,7|7|7|7|7|7|7|7|7|7
14428,7,True,6,8,6,7|6|9|7|6|6|6|6|6|6
14437,2,True,5,8,5,2|5|2|5|5|5|5|5|5|7
14439,2,False,2,0,2,2|2|2|2|2|2|2|2|2|2
14451,1,False,1,10,9,9|9|9|9|9|9|9|9|5|5
14457,6,False,6,0,6,6|6|6|6|6|6|6|6|6|6
14466,1,True,3,10,3,3|3|3|3|3|3|5|3|5|3
14473,4,True,2,10,2,2|2|2|2|2|2|2|2|2|2
14485,1,True,3,10,7,7|7|3|7|3|7|7|7|7|7
14501,5,True,1,6,1,1|5|5|1|1|1|1|5|5|1
14508,6,False,6,0,6,6|6|6|6|6|6|6|6|6|6
14517,7,False,7,1,7,7|7|7|7|7|7|3|7|7|7
14521,1,True,4,10,4,4|4|4|4|4|4|4|4|4|4
14523,5,True,9,3,5,9|9|5|5|5|5|5|9|5|5
14525,5,True,9,8,9,9|9|9|9|9|9|9|9|5|5
14534,0,False,0,0,0,0|0|0|0|0|0|0|0|0|0
14544,7,True,6,9,6,7|6|8|8|6|6|6|6|6|6
14547,6,False,6,2,6,6|6|8|8|6|6|6|6|6|6
14552,5,True,9,7,9,9|9|2|9|9|5|9|9|5|5
14565,8,False,8,0,8,8|8|8|8|8|8|8|8|8|8
14573,4,False,4,2,4,4|4|2|4|4|4|7|4|4|4
14575,1,True,3,10,-1,3|4|3|4|3|4|3|3|4|4
14577,7,False,7,0,7,7|7|7|7|7|7|7|7|7|7
14587,8,False,8,2,8,8|8|0|8|8|8|8|8|0|8
14592,6,True,0,10,0,9|9|0|9|0|5|0|8|5|0
14593,1,False,1,7,5,0|1|5|1|1|5|5|2|5|5
14609,9,False,9,5,-1,9|9|5|9|5|9|5|9|5|5
14617,9,False,9,4,9,9|9|5|9|9|9|9|3|5|5
14632,5,False,5,6,3,2|5|5|3|3|3|5|3|5|3
14647,1,True,3,10,-1,3|3|7|7|7|7|3|3|7|3
14655,8,True,2,10,2,2|2|2|2|2|2|2|2|2|2
14660,7,True,6,10,-1,6|6|8|8|8|6|8|8|6|6
14668,5,True,1,7,1,2|5|2|1|1|1|1|2|5|5
14678,6,False,6,4,6,6|6|8|9|6|6|7|6|6|1
14693,8,False,8,3,8,8|8|8|8|8|0|6|8|0|8
14695,9,False,9,3,9,9|9|9|9|9|2|9|9|5|0
14722,1,False,1,2,1,1|1|1|1|1|1|1|2|2|1
14725,7,False,7,0,7,7|7|7|7|7|7|7|7|7|7
14731,9,False,9,2,9,9|9|9|9|9|9|9|9|5|5
14738,7,False,7,1,7,7|7|7|7|7|7|7|7|3|7
14744,4,False,4,1,4,4|4|4|4|4|4|3|4|4|4
14752,2,False,2,0,2,2|2|2|2|2|2|2|2|2|2
14763,1,True,5,10,3,3|3|3|3|3|3|3|3|3|3
14771,7,False,7,0,7,7|7|7|7|7|7|7|7|7|7
14785,2,False,2,0,2,2|2|2|2|2|2|2|2|2|2
14788,7,False,7,3,7,7|7|3|3|3|7|7|7|7|7
14803,5,True,9,8,9,9|9|9|9|9|9|9|9|5|5
14818,3,True,7,8,7,3|7|7|7|7|7|7|7|3|7
14841,1,True,5,10,5,2|5|5|2|2|5|5|5|2|5
14844,1,False,1,5,1,1|5|2|1|1|1|1|5|5|5
14852,4,False,4,0,4,4|4|4|4|4|4|4|4|4|4
14861,1,True,3,10,3,3|3|3|3|3|3|3|3|3|3
14862,7,False,7,0,7,7|7|7|7|7|7|7|7|7|7
14874,1,False,1,4,1,1|2|2|1|1|1|1|2|5|1
14875,2,True,5,10,3,3|3|3|3|3|3|5|3|3|3
14884,6,False,6,1,6,6|6|8|6|6|6|6|6|6|6
14895,5,True,9,5,5,5|9|8|5|9|8|5|9|5|5
14897,4,True,7,9,7,4|7|3|3|7|7|3|3|7|7
14918,5,True,2,10,-1,2|2|4|2|4|4|4|4|2|2
14924,1,True,3,10,3,3|3|3|3|3|3|3|3|3|3
14927,1,False,1,10,9,9|9|9|9|5|9|9|5|5|5
14961,5,False,5,0,5,5|5|5|5|5|5|5|5|5|5
14970,9,False,9,2,9,9|9|9|9|9|9|9|9|5|5
14998,9,False,9,10,5,2|2|2|5|1|5|1|5|5|1
15016,1,True,3,10,3,3|3|3|3|3|3|3|3|3|3
15022,1,True,8,9,8,1|9|9|8|8|8|8|9|5|5
15045,7,False,7,0,7,7|7|7|7|7|7|7|7|7|7
15067,7,False,7,0,7,7|7|7|7|7|7|7|7|7|7
15078,8,True,6,8,6,6|6|8|8|6|6|6|6|6|6
15100,1,False,1,4,1,1|2|2|1|1|1|1|5|5|1
15111,1,True,8,9,8,1|8|8|8|8|8|8|8|5|8
15143,4,False,4,0,4,4|4|4|4|4|4|4|4|4|4
15149,6,True,0,10,0,0|0|0|0|0|0|0|0|0|0
15178,1,True,4,10,4,7|4|4|4|7|7|4|4|4|4
15194,7,False,7,0,7,7|7|7|7|7|7|7|7|7|7
15235,9,True,7,10,7,7|7|7|7|7|7|7|7|7|7
15244,9,False,9,2,9,9|9|9|9|9|9|9|9|5|5
15251,3,False,3,9,5,3|5|5|5|4|5|4|5|5|1
15252,5,True,9,7,9,9|9|5|9|9|9|9|9|5|5
15253,7,True,4,10,4,4|4|4|4|4|4|4|4|4|4
15259,4,False,4,0,4,4|4|4|4|4|4|4|4|4|4
15274,9,False,9,8,5,9|5|5|5|5|9|5|5|5|5
15287,5,True,9,6,9,9|5|5|9|9|9|9|9|5|5
15292,9,True,7,10,7,2|7|7|7|3|7|0|2|3|7
15308,5,True,1,6,5,1|5|8|2|5|8|1|0|5|5
15367,1,True,8,10,8,8|8|8|8|8|8|8|8|8|8
15375,9,False,9,3,9,9|5|9|9|9|9|9|9|5|5
15388,3,False,3,1,3,3|3|3|3|3|3|3|3|5|3
15412,1,True,3,9,8,1|9|8|8|8|8|8|2|0|8
15428,4,False,4,5,4,4|4|2|2|4|4|2|5|4|2
15455,1,True,8,10,8,8|8|8|8|8|8|8|8|5|8
15460,1,False,1,4,1,1|1|2|1|1|1|2|2|5|1
15464,2,False,2,0,2,2|2|2|2|2|2|2|2|2|2
15477,9,True,2,10,2,2|2|2|2|2|2|2|2|2|2
15484,6,False,6,3,6,6|6|8|8|6|6|8|6|6|6
15489,6,False,6,0,6,6|6|6|6|6|6|6|6|6|6
15493,1,True,3,10,4,4|4|7|3|7|7|3|4|4|4
15495,9,False,9,5,-1,9|5|9|9|9|9|5|5|5|5
15506,1,False,1,3,1,1|5|1|1|1|1|1|2|5|1
15508,1,True,4,10,8,8|8|8|8|8|8|8|8|0|8
15539,7,False,7,0,7,7|7|7|7|7|7|7|7|7|7
15552,6,False,6,1,6,6|6|6|6|8|6|6|6|6|6
15559,1,False,1,3,1,2|1|1|1|1|1|1|2|5|1
15560,2,False,2,0,2,2|2|2|2|2|2|2|2|2|2
15564,7,False,7,4,7,7|7|5|7|3|7|7|7|5|5
15569,6,False,6,4,6,6|1|5|6|6|6|6|6|2|5
15583,5,True,1,9,1,1|1|2|1|1|1|1|2|5|1
15584,2,False,2,10,6,6|6|8|6|6|6|8|6|4|6
15599,7,False,7,0,7,7|7|7|7|7|7|7|7|7|7
15608,6,False,6,0,6,6|6|6|6|6|6|6|6|6|6
15621,2,False,2,0,2,2|2|2|2|2|2|2|2|2|2
15627,1,True,4,10,2,4|2|2|2|2|4|2|2|2|2
15633,1,False,1,5,1,1|1|2|2|1|5|1|5|5|1
15637,9,False,9,2,9,9|9|9|9|9|9|9|9|5|5
15644,3,True,7,9,7,3|7|7|7|7|7|7|7|7|7
15648,8,False,8,1,8,8|8|8|8|8|8|8|8|5|8
15653,1,True,5,9,5,3|3|5|5|5|5|1|5|5|5
15656,4,False,4,0,4,4|4|4|4|4|4|4|4|4|4
15657,7,True,6,10,6,6|6|6|6|6|6|6|6|6|6
15664,6,False,6,3,6,6|6|8|8|6|6|6|6|6|8
15673,2,False,2,2,2,2|4|0|2|2|2|2|2|2|2
15690,9,False,9,2,9,9|9|9|9|9|9|9|9|5|5
15697,0,True,2,10,6,6|3|3|7|6|6|6|6|6|7
15705,9,True,2,10,2,2|2|2|2|2|2|2|2|2|2
15710,1,False,1,6,5,1|5|2|1|1|1|5|5|5|5
15737,1,True,4,9,3,3|3|3|3|3|3|3|3|3|1
15751,2,False,2,0,2,2|2|2|2|2|2|2|2|2|2
15759,8,False,8,8,-1,1|9|2|9|9|8|8|5|5|5
15765,9,True,2,10,2,2|2|2|2|2|2|2|2|2|2
15775,5,False,5,9,3,5|3|3|3|3|3|3|3|3|3
15778,3,False,3,0,3,3|3|3|3|3|3|3|3|3|3
15782,9,False,9,2,9,9|9|9|9|9|9|9|9|5|5
15795,1,True,8,10,8,8|8|8|8|8|8|8|8|5|8
15803,8,False,8,1,8,8|8|8|8|8|8|8|8|5|8
15813,9,True,2,10,2,2|2|2|2|2|2|2|2|2|2
15839,0,False,0,0,0,0|0|0|0|0|0|0|0|0|0
15841,5,True,9,8,9,9|9|9|9|9|9|9|9|5|5
15858,1,True,3,10,3,3|3|3|3|3|5|3|3|3|5
15900,0,False,0,0,0,0|0|0|0|0|0|0|0|0|0
15910,9,True,2,10,3,6|3|3|3|3|2|3|3|3|3
15913,0,True,2,9,2,3|2|7|2|6|2|3|2|2|0
15916,7,False,7,4,7,7|7|3|7|7|7|3|8|5|7
15924,5,True,9,8,9,9|9|9|9|9|9|9|9|5|5
15958,4,False,4,2,4,4|4|4|4|4|7|4|4|3|4
15967,3,False,3,1,3,3|3|3|3|3|3|1|3|3|3
15973,5,False,5,9,3,3|7|3|9|3|7|3|3|5|3
15977,2,False,2,5,-1,2|0|2|0|2|2|2|0|0|0
15989,5,False,5,2,5,5|5|5|5|5|3|3|5|5|5
16004,0,False,0,0,0,0|0|0|0|0|0|0|0|0|0
16026,7,False,7,0,7,7|7|7|7|7|7|7|7|7|7
16037,1,False,1,7,2,1|2|2|1|2|8|1|2|5|2
16046,5,True,9,7,9,9|9|9|9|9|9|9|5|5|5
16055,9,False,9,2,9,9|9|9|9|9|9|9|9|5|5
16066,1,False,1,4,1,1|1|2|1|1|5|1|5|5|1
16095,9,True,7,10,7,2|7|7|7|7|7|7|7|7|7
16109,9,True,7,10,0,6|0|8|0|0|0|0|8|0|0
16116,0,False,0,0,0,0|0|0|0|0|0|0|0|0|0
16134,5,False,5,0,5,5|5|5|5|5|5|5|5|5|5
16169,0,False,0,0,0,0|0|0|0|0|0|0|0|0|0
16175,7,False,7,0,7,7|7|7|7|7|7|7|7|7|7
16200,2,True,4,10,4,4|4|4|4|4|4|4|4|4|4
16202,4,True,2,10,2,2|2|2|2|3|2|2|2|2|2
16207,9,True,2,10,2,2|2|2|2|2|2|2|2|2|2
16211,2,True,1,7,1,2|1|2|1|1|1|1|2|5|1
16215,4,True,2,10,2,2|2|2|2|2|2|2|2|2|2
16218,8,True,6,10,3,6|3|5|3|3|3|3|3|6|3
16233,1,False,1,4,1,1|5|1|1|1|1|1|5|5|5
16248,1,False,1,5,1,1|2|8|1|1|1|2|8|2|1
16255,5,True,9,8,9,9|9|9|9|9|9|9|9|5|5
16263,1,True,4,10,4,4|4|4|4|4|4|4|4|4|4
16274,2,False,2,0,2,2|2|2|2|2|2|2|2|2|2
16288,4,True,2,10,2,2|2|2|2|2|2|2|2|2|2
16293,9,False,9,2,9,9|9|9|9|9|9|9|9|5|5
16302,5,True,9,8,9,9|9|9|9|9|9|9|9|5|5
16303,8,True,2,10,4,4|4|4|4|4|4|4|4|4|4
16317,9,False,9,7,-1,9|9|0|0|9|8|5|8|5|0
16320,2,True,1,5,2,2|0|5|2|5|2|5|2|2|7
16322,1,True,3,8,3,1|3|3|3|1|5|3|3|3|3
16337,8,True,6,9,6,6|6|8|7|9|6|6|6|6|6
16344,7,False,7,5,7,7|7|3|7|7|4|3|3|3|7
16349,2,False,2,5,2,2|2|4|4|2|7|2|4|4|2
16350,3,True,7,9,7,7|7|3|7|7|7|7|7|4|7
16392,0,False,0,0,0,0|0|0|0|0|0|0|0|0|0
16416,2,False,2,0,2,2|2|2|2|2|2|2|2|2|2
16422,8,False,8,2,8,1|8|8|8|8|8|8|8|5|8
16429,7,True,6,10,6,6|6|6|6|6|6|6|6|6|6
16447,9,False,9,2,9,9|9|9|9|9|9|9|9|5|5
16453,2,True,5,8,5,2|5|5|5|5|4|5|2|5|1
16456,6,True,0,9,0,0|0|0|0|0|0|6|0|0|0
16458,9,False,9,2,9,9|9|9|9|9|9|9|9|5|5
16470,1,True,5,10,5,5|5|5|5|5|5|5|5|5|5
16499,6,False,6,1,6,6|9|6|6|6|6|6|6|6|6
16520,8,False,8,1,8,8|8|8|8|8|8|8|8|5|8
16530,2,False,2,0,2,2|2|2|2|2|2|2|2|2|2
16531,0,False,0,0,0,0|0|0|0|0|0|0|0|0|0
16532,1,True,8,10,8,8|8|8|8|8|8|8|8|5|8
16550,7,False,7,9,5,7|5|2|5|3|3|1|5|5|5
16554,0,False,0,0,0,0|0|0|0|0|0|0|0|0|0
16577,1,False,1,3,1,1|1|2|1|1|1|1|5|5|1
16587,1,True,4,10,4,4|4|4|4|4|4|4|4|4|4
16604,1,True,3,10,3,3|3|3|3|3|3|3|3|3|3
16637,0,False,0,0,0,0|0|0|0|0|0|0|0|0|0
16644,5,True,2,10,2,2|2|7|6|2|6|2|2|2|8
16658,5,False,5,2,5,5|5|5|5|3|5|5|5|5|3
16681,9,False,9,2,9,9|9|9|9|9|9|9|9|5|5
16697,1,True,8,10,8,8|8|8|8|8|8|8|8|5|8
16703,3,False,3,0,3,3|3|3|3|3|3|3|3|3|3
16707,9,False,9,2,9,9|9|9|9|9|9|9|9|5|5
16734,6,True,0,10,0,0|0|0|0|0|0|0|0|0|0
16757,2,False,2,7,3,2|2|2|3|3|3|3|3|0|3
16760,2,True,6,10,6,6|9|6|8|6|6|8|6|6|6
16784,8,True,6,10,6,6|6|6|6|6|2|6|0|6|6
16791,3,False,3,5,3,3|9|3|2|5|3|3|2|5|3
16802,4,False,4,0,4,4|4|4|4|4|4|4|4|4|4
16810,1,False,1,4,1,1|1|2|1|1|1|1|2|2|5
16816,1,True,8,10,8,0|8|0|8|8|8|8|8|0|8
16819,2,False,2,0,2,2|2|2|2|2|2|2|2|2|2
16820,8,False,8,1,8,8|8|8|8|8|8|8|8|5|8
16832,1,True,8,9,8,1|0|8|8|8|9|5|8|0|8
16855,1,False,1,7,2,2|2|2|2|1|1|2|2|2|1
16865,1,True,4,10,4,4|4|4|4|4|4|4|4|4|4
16867,2,False,2,4,2,2|2|0|0|2|2|2|2|0|0
16872,1,True,3,10,3,3|3|3|5|3|3|3|3|3|3
16882,1,False,1,5,1,1|5|2|5|1|1|1|5|5|1
16888,4,False,4,0,4,4|4|4|4|4|4|4|4|4|4
16890,4,False,4,1,4,4|4|7|4|4|4|4|4|4|4
16908,4,False,4,6,4,4|3|4|3|4|8|8|4|0|3
16913,8,True,6,10,6,6|6|6|6|6|6|6|6|6|6
16929,1,False,1,7,5,2|1|5|9|5|1|1|2|5|5
16930,8,False,8,1,8,8|8|8|8|8|8|8|8|0|8
16951,1,True,4,10,4,4|4|4|4|4|4|4|4|4|4
16960,7,True,6,9,6,7|6|8|3|6|6|6|6|3|6
16966,5,True,9,7,9,9|9|2|9|5|9|9|9|5|5
16971,3,False,3,0,3,3|3|3|3|3|3|3|3|3|3
16972,3,True,7,7,7,7|7|3|3|7|7|3|7|7|7
16996,7,False,7,0,7,7|7|7|7|7|7|7|7|7|7
17013,8,False,8,1,8,8|8|8|8|8|8|8|8|5|8
17031,1,False,1,8,5,1|5|2|5|5|5|1|5|5|5
17032,1,False,1,3,1,1|1|2|1|1|1|1|8|2|1
17046,3,False,3,10,9,1|9|9|9|9|9|8|9|5|5
17057,9,True,2,10,2,2|2|2|2|2|2|2|8|2|2
17059,7,False,7,3,7,7|5|7|7|7|7|7|3|2|7
17063,8,False,8,0,8,8|8|8|8|8|8|8|8|8|8
17081,4,True,7,10,7,7|7|3|7|7|7|3|7|7|7
17089,2,False,2,0,2,2|2|2|2|2|2|2|2|2|2
17110,7,False,7,0,7,7|7|7|7|7|7|7|7|7|7
17124,1,True,3,10,3,3|3|3|3|3|3|3|3|3|3
17138,2,False,2,9,7,7|4|7|4|2|7|7|7|5|4
17141,5,False,5,10,3,3|3|3|3|3|3|3|3|3|3
17147,2,True,4,10,3,1|3|5|3|3|8|3|3|3|3
17151,7,True,6,10,6,6|6|6|6|6|6|6|6|6|6
17155,3,False,3,8,5,3|5|3|5|5|5|1|5|5|5
17156,0,False,0,0,0,0|0|0|0|0|0|0|0|0|0
17159,7,False,7,2,7,7|3|7|7|7|7|7|7|3|7
17167,1,True,8,10,8,8|8|8|8|8|8|8|8|5|8
17187,5,True,9,8,9,9|9|9|9|9|9|9|9|5|5
17191,6,False,6,1,6,6|6|6|6|6|6|8|6|6|6
17201,5,True,9,7,9,9|9|9|9|9|9|5|9|5|5
17209,5,True,1,9,1,2|1|2|1|1|1|1|2|5|1
17221,0,False,0,2,0,0|1|0|0|0|8|0|0|0|0
17272,6,False,6,1,6,6|6|8|6|6|6|6|6|6|6
17284,1,False,1,4,1,1|5|2|1|1|1|1|5|5|1
17291,2,False,2,0,2,2|2|2|2|2|2|2|2|2|2
17293,5,False,5,0,5,5|5|5|5|5|5|5|5|5|5
17297,2,True,5,10,5,5|5|5|5|5|5|5|5|5|5
17301,6,False,6,0,6,6|6|6|6|6|6|6|6|6|6
17310,6,False,6,1,6,6|6|8|6|6|6|6|6|6|6
17315,2,True,5,10,5,5|5|5|5|5|5|5|5|5|5
17321,3,False,3,4,3,3|3|2|3|5|3|2|3|2|3
17322,1,True,3,10,3,3|3|3|3|3|3|3|3|3|3
17325,2,False,2,0,2,2|2|2|2|2|2|2|2|2|2
17362,2,False,2,2,2,2|4|2|2|2|2|2|2|4|2
17371,9,False,9,2,9,9|9|9|9|9|9|9|9|5|5
17385,3,False,3,0,3,3|3|3|3|3|3|3|3|3|3
17391,3,False,3,0,3,3|3|3|3|3|3|3|3|3|3
17395,6,True,0,10,0,0|0|0|0|0|0|0|0|0|0
17402,4,False,4,10,6,6|2|3|6|6|6|6|6|6|6
17420,1,True,4,10,7,2|2|7|4|7|7|7|7|5|0
17437,4,False,4,4,4,4|4|7|4|4|4|7|7|4|7
17443,7,False,7,3,7,7|7|3|7|7|7|3|3|7|7
17463,3,True,7,6,-1,3|7|3|7|3|4|7|7|0|3
17472,7,False,7,9,2,2|4|3|2|3|2|7|2|4|2
17476,6,False,6,3,6,6|9|8|7|6|6|6|6|6|6
17522,2,False,2,1,2,2|2|2|2|2|2|0|2|2|2
17523,6,False,6,1,6,6|9|6|6|6|6|6|6|6|6
17530,1,True,3,9,5,5|5|5|5|5|5|1|5|5|5
17536,6,False,6,1,6,6|6|6|7|6|6|6|6|6|6
17560,8,False,8,0,8,8|8|8|8|8|8|8|8|8|8
17569,2,True,7,10,7,7|7|7|7|7|7|7|7|3|7
17570,4,False,4,0,4,4|4|4|4|4|4|4|4|4|4
17572,1,True,3,10,3,0|3|3|3|3|5|3|8|5|3
17594,1,True,4,10,4,4|4|4|4|4|4|4|4|4|4
17606,5,True,1,8,1,1|1|2|1|1|1|1|2|5|5
17613,4,False,4,0,4,4|4|4|4|4|4|4|4|4|4
17615,5,True,3,7,3,5|3|3|3|3|5|3|3|5|3
17634,4,False,4,0,4,4|4|4|4|4|4|4|4|4|4
17651,2,False,2,0,2,2|2|2|2|2|2|2|2|2|2
17674,1,True,4,10,-1,0|4|0|0|4|4|0|4|4|0
17688,6,False,6,1,6,6|6|7|6|6|6|6|6|6|6
17692,6,True,0,9,0,0|0|0|0|0|0|6|0|0|0
17695,4,True,2,10,2,2|2|2|2|2|2|2|2|2|2
17699,1,True,3,10,3,3|3|7|7|3|3|3|3|2|3
17702,2,False,2,0,2,2|2|2|2|2|2|2|2|2|2
17716,5,True,9,8,9,9|9|9|9|9|9|9|9|5|5
17719,4,False,4,10,2,2|5|2|2|2|2|2|2|5|2
17731,5,True,9,7,9,5|9|9|9|9|2|8|2|5|5
17742,6,False,6,2,6,6|6|8|6|6|8|6|6|6|6
17746,1,False,1,5,-1,1|5|5|5|1|1|1|5|5|1
17747,5,True,9,8,9,9|9|9|9|9|9|9|9|5|5
17748,6,False,6,0,6,6|6|6|6|6|6|6|6|6|6
17750,5,True,1,2,5,5|5|5|5|1|5|1|5|5|5
17776,6,False,6,6,-1,6|6|3|6|3|2|6|3|3|7
17779,2,False,2,1,2,2|2|2|2|2|2|2|4|2|2
17786,8,True,2,10,2,3|2|2|2|2|2|2|2|2|2
17789,1,True,8,10,8,8|8|8|8|8|8|8|8|5|8
17791,1,True,4,10,4,4|4|7|4|4|4|2|4|5|4
17797,2,True,5,10,7,7|7|7|7|7|7|7|7|4|7
17798,9,False,9,9,2,2|2|2|5|1|9|1|2|5|5
17799,8,False,8,1,8,8|8|8|8|8|8|8|8|5|8
17819,1,True,4,10,4,4|4|4|4|4|4|4|4|4|4
17843,1,False,1,3,1,1|1|2|1|1|1|1|5|5|1
17846,5,True,9,7,9,9|5|9|9|9|9|9|9|5|5
17849,5,True,9,6,9,9|9|5|9|9|5|9|9|5|5
17867,1,False,1,3,1,1|9|1|1|1|1|1|8|5|1
17877,4,False,4,0,4,4|4|4|4|4|4|4|4|4|4
17883,9,True,2,10,2,2|2|2|2|2|2|2|2|5|2
17898,5,False,5,5,5,5|3|5|2|5|0|2|3|5|5
17904,3,False,3,8,4,4|4|4|4|4|3|3|4|4|1
17921,5,False,5,9,8,6|3|8|3|3|1|8|8|5|8
17925,9,True,6,10,6,6|6|8|6|6|6|8|6|6|6
17928,9,False,9,2,9,9|9|9|9|9|9|9|9|5|5
17953,4,False,4,9,3,5|3|3|3|3|5|3|3|3|4
17959,6,True,0,10,0,0|0|0|0|0|0|0|0|0|0
17964,1,False,1,5,-1,1|2|2|2|1|1|1|2|2|1
17976,6,True,0,9,0,0|7|0|7|0|2|0|7|0|6
17983,0,False,0,0,0,0|0|0|0|0|0|0|0|0|0
17986,2,True,1,8,1,1|1|2|1|1|1|1|2|5|1
17996,8,True,6,10,6,6|6|6|6|6|6|6|6|6|6
18004,5,False,5,1,5,5|5|5|5|5|5|1|5|5|5
18022,9,True,7,10,7,7|7|7|7|7|7|7|7|5|7
18024,6,False,6,4,6,6|8|8|8|6|6|8|6|6|6
18029,6,False,6,1,6,6|6|6|8|6|6|6|6|6|6
18033,6,False,6,0,6,6|6|6|6|6|6|6|6|6|6
18037,7,False,7,7,4,2|4|7|4|7|4|7|4|4|4
18039,8,True,6,10,6,6|6|6|6|6|6|6|6|6|6
18051,7,False,7,0,7,7|7|7|7|7|7|7|7|7|7
18056,1,True,4,10,4,4|4|4|4|4|4|4|4|4|4
18090,6,False,6,4,6,6|6|8|2|6|6|0|6|6|2
18096,5,False,5,9,7,2|7|2|2|7|7|3|3|5|7
18110,4,False,4,7,0,0|0|0|4|4|0|3|6|4|0
18118,8,False,8,1,8,8|8|8|8|8|8|8|8|5|8
18122,8,False,8,1,8,8|8|8|8|8|8|8|8|5|8
18130,4,False,4,4,4,4|4|7|7|4|4|7|3|4|4
18134,2,True,1,5,-1,2|2|2|1|1|1|1|2|2|1
18136,4,False,4,0,4,4|4|4|4|4|4|4|4|4|4
18145,1,True,8,10,8,8|8|8|8|8|8|8|8|5|8
18170,5,False,5,0,5,5|5|5|5|5|5|5|5|5|5
18181,1,False,1,7,2,2|2|2|1|2|1|1|2|2|5
18207,4,False,4,1,4,4|4|7|4|4|4|4|4|4|4
18233,1,True,3,10,3,3|3|3|3|3|3|3|3|3|3
18248,0,True,2,7,-1,2|2|9|0|2|0|0|3|3|3
18249,0,False,0,0,0,0|0|0|0|0|0|0|0|0|0
18255,7,False,7,1,7,7|7|3|7|7|7|7|7|7|7
18292,9,True,7,10,7,7|7|7|7|7|7|7|7|7|7
18308,6,False,6,2,6,6|6|8|6|6|6|6|8|6|6
18335,1,True,3,10,3,4|3|3|3|3|3|3|3|3|3
18338,7,True,6,10,8,1|0|8|8|8|8|8|8|8|8
18342,6,False,6,0,6,6|6|6|6|6|6|6|6|6|6
18345,1,False,1,7,5,1|5|2|9|5|1|5|5|5|1
18359,8,True,6,10,6,6|6|6|2|6|6|6|6|6|6
18363,4,False,4,5,-1,4|2|2|2|4|2|4|4|2|4
18399,5,False,5,0,5,5|5|5|5|5|5|5|5|5|5
18401,7,False,7,0,7,7|7|7|7|7|7|7|7|7|7
18403,4,False,4,0,4,4|4|4|4|4|4|4|4|4|4
18431,7,False,7,0,7,7|7|7|7|7|7|7|7|7|7
18448,4,True,7,10,7,7|7|7|7|7|7|7|3|7|7
18451,0,False,0,0,0,0|0|0|0|0|0|0|0|0|0
18455,1,True,4,9,4,3|4|4|4|3|4|4|3|5|1
18470,1,True,5,10,5,5|3|5|5|5|5|5|5|5|5
18480,1,False,1,5,-1,1|5|5|1|5|1|1|5|5|1
18485,2,False,2,0,2,2|2|2|2|2|2|2|2|2|2
18499,3,False,3,0,3,3|3|3|3|3|3|3|3|3|3
18514,8,False,8,1,8,8|8|8|8|8|8|8|8|0|8
18520,3,False,3,7,6,3|6|8|7|9|6|6|3|3|6
18523,1,True,4,10,4,4|4|4|4|3|4|5|4|5|4
18526,1,False,1,3,1,1|1|2|1|1|1|1|2|2|1
18528,7,False,7,1,7,2|7|7|7|7|7|7|7|7|7
18536,1,True,4,10,4,4|2|2|4|4|4|7|2|4|2
18553,2,True,4,8,0,4|7|0|2|6|2|0|0|4|1
18573,2,False,2,0,2,2|2|2|2|2|2|2|2|2|2
18576,2,True,5,9,7,2|7|3|7|7|7|0|6|7|7
18582,1,True,3,10,3,3|3|3|3|3|3|3|3|3|3
18618,8,True,6,10,6,6|6|6|6|6|6|6|6|6|6
18620,7,False,7,0,7,7|7|7|7|7|7|7|7|7|7
18625,1,False,1,5,1,1|1|0|0|1|0|1|0|5|1
18638,3,False,3,2,3,3|3|3|3|3|3|1|5|3|3
18642,9,False,9,3,9,9|9|9|9|9|9|5|9|5|5
18648,9,False,9,7,7,9|3|9|7|9|7|7|3|5|7
18653,7,True,6,9,6,6|6|8|7|6|6|6|6|6|6
18685,1,True,5,10,3,3|3|3|3|6|3|3|3|6|3
18692,5,True,9,8,9,9|9|9|9|9|9|9|9|5|5
18693,0,True,8,10,8,1|8|8|8|8|8|8|8|8|8
18752,2,True,1,6,1,2|1|2|1|1|1|1|2|2|1
18757,2,False,2,0,2,2|2|2|2|2|2|2|2|2|2
18760,5,True,9,8,9,9|9|9|9|9|9|9|9|5|5
18765,0,False,0,0,0,0|0|0|0|0|0|0|0|0|0
18771,3,False,3,1,3,3|3|3|3|3|3|3|3|3|4
18772,1,True,5,10,5,5|5|5|5|5|5|5|5|5|5
18778,5,True,9,8,9,9|9|9|9|9|9|9|9|5|5
18787,3,False,3,0,3,3|3|3|3|3|3|3|3|3|3
18791,7,False,7,0,7,7|7|7|7|7|7|7|7|7|7
18795,8,False,8,1,8,8|8|8|8|8|8|8|8|5|8
18804,7,False,7,1,7,7|7|3|7|7|7|7|7|7|7
18817,5,True,9,8,9,9|9|9|9|9|9|9|9|5|5
18821,4,False,4,0,4,4|4|4|4|4|4|4|4|4|4
18828,7,False,7,0,7,7|7|7|7|7|7|7|7|7|7
18843,3,True,7,10,7,7|7|7|7|7|7|7|7|7|7
18856,1,True,5,10,5,5|5|5|3|5|3|5|5|5|5
18877,9,False,9,3,9,9|9|9|9|9|8|9|9|5|5
18882,0,True,2,10,2,2|2|2|2|2|2|2|2|2|2
18891,4,False,4,1,4,4|4|4|4|4|4|2|4|4|4
18909,6,False,6,0,6,6|6|6|6|6|6|6|6|6|6
18917,8,False,8,2,8,1|8|8|8|8|8|8|8|5|8
18920,0,False,0,7,2,0|2|2|0|2|2|0|2|2|2
18937,9,False,9,2,9,9|9|9|9|9|9|9|9|5|5
18939,5,False,5,10,3,3|3|3|3|3|3|3|3|3|1
18943,9,False,9,2,9,9|9|9|9|9|9|9|9|5|5
18944,6,False,6,6,3,6|6|8|3|3|6|3|3|6|3
18958,2,True,5,10,5,5|5|5|5|5|5|5|5|5|5
18964,2,False,2,5,2,2|0|2|2|0|2|6|0|0|2
18972,7,False,7,2,7,7|7|7|7|7|7|7|3|3|7
18984,1,True,4,10,4,4|4|4|4|4|4|4|4|4|4
19016,8,False,8,0,8,8|8|8|8|8|8|8|8|8|8
19028,1,True,8,10,8,8|8|8|8|8|8|8|8|5|8
19042,5,False,5,8,3,5|3|3|3|3|5|3|3|3|1
19053,9,False,9,4,9,9|5|9|9|9|9|5|9|5|5
19057,2,False,2,6,-1,4|2|7|4|2|4|4|2|5|2
19058,4,True,7,10,-1,9|9|0|7|9|9|0|6|0|0
19071,5,False,5,0,5,5|5|5|5|5|5|5|5|5|5
19075,3,False,3,0,3,3|3|3|3|3|3|3|3|3|3
19097,8,False,8,1,8,8|8|8|8|8|8|8|8|5|8
19111,9,False,9,4,9,9|5|9|9|9|5|9|9|5|5
19117,3,False,3,0,3,3|3|3|3|3|3|3|3|3|3
19118,4,False,4,0,4,4|4|4|4|4|4|4|4|4|4
19121,9,True,7,9,7,7|9|7|7|7|7|7|7|7|7
19125,1,False,1,6,5,1|5|5|5|1|5|1|5|5|1
19137,2,False,2,3,2,2|2|9|7|2|2|2|2|4|2
19144,1,False,1,5,-1,1|5|5|5|1|1|1|5|5|1
19152,8,False,8,0,8,8|8|8|8|8|8|8|8|8|8
19154,1,True,5,9,5,5|5|5|5|3|3|1|5|5|3
19169,5,False,5,0,5,5|5|5|5|5|5|5|5|5|5
19176,5,False,5,4,5,4|9|5|5|4|7|5|5|5|5
19177,5,False,5,0,5,5|5|5|5|5|5|5|5|5|5
19180,4,False,4,7,2,4|2|4|2|2|2|2|4|2|2
19183,1,True,3,10,3,3|3|3|3|3|3|3|3|3|3
19194,4,False,4,6,-1,4|7|4|2|2|2|4|4|6|2
19222,1,True,5,10,7,4|4|7|7|7|7|7|3|4|7
19224,2,False,2,9,3,2|3|3|3|3|6|6|3|3|8
19233,6,False,6,4,6,6|9|6|6|6|6|9|6|5|7
19259,9,True,7,10,7,7|7|7|7|7|7|7|7|7|7
19269,1,True,8,9,8,1|8|8|8|8|8|8|8|5|8
19280,9,True,2,5,9,9|9|2|9|9|2|9|2|5|7
19288,3,True,7,10,7,7|7|7|7|7|7|7|7|7|7
19291,3,False,3,0,3,3|3|3|3|3|3|3|3|3|3
19292,1,False,1,5,-1,1|5|5|5|1|1|1|5|5|1
19295,2,False,2,7,5,2|4|2|5|5|2|5|5|3|5
19300,9,True,7,10,7,7|7|7|7|7|7|3|7|7|7
19308,6,False,6,0,6,6|6|6|6|6|6|6|6|6|6
19316,5,False,5,9,3,2|2|3|2|3|3|3|3|5|3
19335,5,False,5,0,5,5|5|5|5|5|5|5|5|5|5
19338,2,True,5,9,-1,2|5|3|5|5|3|1|5|3|3
19343,2,False,2,9,6,6|6|2|7|6|6|6|6|6|6
19359,2,False,2,0,2,2|2|2|2|2|2|2|2|2|2
19383,7,False,7,4,7,7|4|7|4|7|7|7|7|4|4
19390,0,False,0,0,0,0|0|0|0|0|0|0|0|0|0
19399,5,True,1,9,1,1|2|2|1|1|1|1|2|2|5
19405,1,False,1,4,1,1|5|2|1|1|1|1|5|5|1
19431,9,True,7,10,7,7|7|7|7|7|7|7|7|7|7
19448,1,False,1,6,5,1|5|5|1|5|5|1|5|5|1
19455,1,True,3,8,7,5|4|7|3|7|7|1|3|4|1
19457,1,False,1,9,5,1|5|5|9|9|5|5|9|5|5
19460,4,False,4,0,4,4|4|4|4|4|4|4|4|4|4
19462,4,False,4,0,4,4|4|4|4|4|4|4|4|4|4
19473,2,False,2,2,2,0|4|2|2|2|2|2|2|2|2
19487,1,True,5,10,5,3|5|5|3|5|3|5|5|5|5
19542,7,False,7,8,3,7|3|3|5|5|3|3|3|2|7
19549,9,False,9,2,9,9|9|9|9|9|9|9|9|5|5
19554,0,False,0,10,9,9|9|9|9|9|9|9|9|5|5
19575,1,False,1,3,1,1|1|2|1|1|1|1|2|2|1
19594,2,True,1,8,1,1|1|2|1|1|1|1|5|2|5
19596,5,False,5,3,5,5|3|5|5|5|5|5|3|5|3
19599,7,False,7,1,7,4|7|7|7|7|7|7|7|7|7
19606,5,False,5,7,3,5|3|3|3|3|7|5|3|5|3
19624,1,True,5,10,5,5|5|5|5|5|5|5|3|5|5
19626,5,True,1,4,5,1|5|5|5|5|1|1|5|5|1
19627,4,False,4,0,4,4|4|4|4|4|4|4|4|4|4
19633,0,False,0,0,0,0|0|0|0|0|0|0|0|0|0
19635,5,False,5,0,5,5|5|5|5|5|5|5|5|5|5
19638,9,True,7,10,7,2|7|7|7|4|7|7|7|4|7
19642,7,False,7,0,7,7|7|7|7|7|7|7|7|7|7
19646,6,False,6,2,6,6|6|8|6|6|6|6|8|6|6
19647,3,False,3,0,3,3|3|3|3|3|3|3|3|3|3
19653,7,True,6,10,6,6|4|6|2|6|4|4|2|6|6
19654,1,True,4,10,4,4|4|4|4|4|4|4|4|4|4
19655,9,True,2,10,0,0|0|0|8|0|8|0|8|0|0
19656,1,True,8,10,8,8|8|8|8|8|8|8|8|8|8
19660,9,False,9,2,9,9|9|9|9|9|9|9|9|5|5
19661,0,True,9,10,9,9|9|9|9|9|9|9|9|5|5
19663,5,False,5,9,4,5|2|4|7|4|4|4|4|2|4
19680,5,True,9,7,9,9|5|9|9|9|9|9|9|5|5
19683,5,False,5,2,5,5|5|5|3|5|3|5|5|5|5
19700,6,True,2,10,4,2|4|4|4|2|4|4|2|4|4
19703,9,False,9,6,9,9|9|0|2|9|5|1|9|5|5
19711,4,False,4,0,4,4|4|4|4|4|4|4|4|4|4
19716,6,True,0,10,-1,0|9|0|9|3|5|3|9|0|5
19719,5,True,9,8,9,9|9|9|9|9|9|9|9|5|5
19724,9,False,9,2,9,9|9|9|9|9|9|9|9|5|5
19729,2,False,2,9,0,2|0|0|0|0|0|0|0|0|0
19730,6,True,0,10,0,0|0|0|0|0|0|0|0|0|0
19731,6,False,6,1,6,6|6|6|6|6|6|6|8|6|6
19755,7,False,7,0,7,7|7|7|7|7|7|7|7|7|7
19766,9,False,9,2,9,9|9|9|9|9|9|9|9|5|5
19770,6,False,6,8,3,1|3|3|6|3|6|3|3|3|3
19780,3,False,3,8,2,3|2|3|2|2|2|2|2|2|2
19787,3,False,3,0,3,3|3|3|3|3|3|3|3|3|3
19796,9,False,9,2,9,9|9|9|9|9|9|9|9|5|5
19802,7,False,7,1,7,7|9|7|7|7|7|7|7|7|7
19825,5,False,5,1,5,5|5|5|3|5|5|5|5|5|5
19831,5,True,9,7,9,9|9|9|5|0|2|9|9|5|5
19839,3,False,3,8,7,3|4|2|4|7|7|7|3|4|7
19846,4,False,4,8,2,4|2|2|2|2|2|4|2|6|2
19862,1,False,1,3,1,1|1|5|1|1|1|1|5|5|1
19879,9,True,7,10,7,2|6|0|7|7|7|7|7|0|7
19901,4,True,2,9,2,2|4|2|7|2|6|2|2|2|2
19907,6,False,6,10,3,3|3|3|3|3|3|3|3|3|3
19917,1,True,4,10,6,6|4|4|7|6|4|6|6|4|6
19918,5,True,2,10,2,2|2|2|2|2|2|2|2|2|2
19923,9,False,9,4,9,9|9|5|9|9|9|5|9|5|5
19926,8,True,6,10,6,6|6|6|3|1|2|6|6|6|7
19928,0,False,0,0,0,0|0|0|0|0|0|0|0|0|0
19945,6,True,0,10,0,0|0|0|0|0|0|0|0|0|0
19958,1,True,5,10,5,3|5|5|5|5|5|3|5|5|5
19985,9,True,2,10,2,2|2|2|2|2|2|2|2|2|2
19996,8,False,8,1,8,8|8|8|8|8|8|8|8|5|8
20005,9,True,2,10,2,2|2|2|2|2|2|2|8|2|2
20007,1,True,3,10,3,3|3|3|3|3|3|3|3|3|3
20012,6,False,6,1,6,6|6|8|6|6|6|6|6|6|6
20015,6,True,0,10,0,0|0|8|0|0|8|0|0|0|0
20034,3,False,3,0,3,3|3|3|3|3|3|3|3|3|3
20048,5,True,2,10,0,0|0|0|0|2|0|0|0|0|0
20052,8,False,8,1,8,8|8|8|8|8|8|8|8|0|8
20061,9,True,2,10,2,2|2|2|2|2|2|2|2|5|2
20062,7,False,7,0,7,7|7|7|7|7|7|7|7|7|7
20071,6,False,6,9,7,7|7|7|7|7|7|7|7|7|6
20075,5,False,5,10,4,4|4|4|4|4|4|4|4|4|4
20081,8,False,8,1,8,8|8|8|8|8|8|8|8|5|8
20090,5,False,5,10,7,7|7|7|7|7|7|7|7|7|7
20102,5,True,2,10,2,4|2|2|2|2|2|2|4|2|2
20112,4,True,2,10,2,2|2|2|2|2|2|2|6|2|2
20124,0,False,0,0,0,0|0|0|0|0|0|0|0|0|0
20126,1,True,5,10,7,3|7|7|3|7|3|7|5|5|7
20128,1,True,8,9,8,1|8|8|2|8|8|8|8|5|0
20154,4,False,4,0,4,4|4|4|4|4|4|4|4|4|4
20162,1,False,1,4,1,1|2|2|1|1|1|1|2|2|1
20164,5,False,5,1,5,5|5|5|5|5|3|5|5|5|5
20171,5,False,5,8,7,5|7|7|7|7|3|2|3|5|7
20182,4,True,8,10,8,8|8|8|8|8|8|8|8|5|8
20184,3,False,3,4,3,3|6|8|3|3|3|3|6|3|6
20198,8,False,8,1,8,8|8|8|8|8|8|8|8|5|8
20203,3,False,3,0,3,3|3|3|3|3|3|3|3|3|3
20218,7,False,7,0,7,7|7|7|7|7|7|7|7|7|7
20228,8,False,8,1,8,8|8|8|8|8|8|8|8|5|8
20267,0,False,0,3,0,0|1|0|1|0|0|0|0|0|1
20297,6,False,6,9,3,6|3|3|3|3|8|3|3|3|3
20303,1,True,4,10,4,4|4|4|4|4|4|4|4|0|4
20306,4,False,4,0,4,4|4|4|4|4|4|4|4|4|4
20310,6,False,6,2,6,6|9|6|6|6|6|6|6|0|6
20325,4,False,4,2,4,4|4|4|1|4|8|4|4|4|4
20326,1,True,3,10,3,3|3|8|3|3|3|3|3|3|3
20333,8,True,6,7,6,6|6|8|8|6|6|8|6|6|6
20334,6,True,0,9,8,6|0|8|1|9|8|0|8|0|8
20352,1,True,8,10,8,8|8|8|8|8|8|8|8|5|8
20355,6,True,0,10,0,0|0|0|0|0|0|0|0|0|0
20361,1,True,5,10,5,5|5|5|5|5|5|5|5|5|5
20374,1,True,4,10,7,4|7|7|4|4|4|7|7|7|7
20380,5,True,9,8,9,9|9|9|9|9|8|9|8|5|5
20389,7,False,7,1,7,7|7|7|7|7|4|7|7|7|7
20392,9,True,7,10,7,7|7|7|7|7|7|7|7|7|7
20401,3,False,3,1,3,3|3|3|3|3|2|3|3|3|3
20410,3,False,3,9,5,3|5|5|5|5|5|5|5|5|5
20411,2,True,4,9,4,4|4|7|4|4|4|4|2|4|4
20414,5,False,5,9,3,5|3|3|3|3|3|1|3|3|3
20427,9,False,9,7,5,9|5|2|1|9|9|5|2|5|5
20431,3,False,3,7,3,3|2|5|2|0|0|3|8|6|3
20440,1,False,1,6,-1,1|5|2|5|1|5|1|2|5|1
20461,8,False,8,1,8,8|8|8|8|8|8|8|8|5|8
20465,3,False,3,1,3,3|3|3|3|3|3|3|3|5|3
20467,8,False,8,1,8,8|8|8|8|8|8|8|8|5|8
20479,8,False,8,1,8,8|8|8|8|8|8|8|8|0|8
20494,5,True,1,9,1,1|5|2|1|1|1|2|2|2|1
20530,8,False,8,1,8,8|8|8|8|8|8|8|8|5|8
20534,1,True,3,9,5,5|5|5|5|5|5|1|5|5|5
20539,0,False,0,0,0,0|0|0|0|0|0|0|0|0|0
20542,2,True,5,10,5,5|5|5|5|5|5|5|5|5|5
20561,2,True,6,10,6,6|6|6|7|6|6|6|6|6|6
20574,9,True,0,10,0,0|0|0|0|0|0|0|8|0|0
20579,9,True,2,10,2,2|2|2|2|2|2|2|2|4|2
20583,1,True,3,10,3,3|3|3|3|3|3|3|3|3|3
20592,1,False,1,4,1,1|5|5|1|1|1|1|5|5|1
20603,5,False,5,0,5,5|5|5|5|5|5|5|5|5|5
20608,4,False,4,0,4,4|4|4|4|4|4|4|4|4|4
20621,5,True,2,10,-1,2|2|0|0|0|2|2|0|2|0
20623,6,False,6,0,6,6|6|6|6|6|6|6|6|6|6
20634,9,False,9,6,5,9|5|2|9|5|9|5|9|5|5
20647,5,False,5,9,4,4|4|4|4|4|4|5|4|4|4
20648,1,True,3,10,3,3|3|3|3|3|3|3|3|3|3
20664,8,False,8,1,8,8|8|8|8|8|8|8|8|5|8
20671,2,False,2,1,2,2|2|0|2|2|2|2|2|2|2
20674,1,False,1,8,8,1|9|8|8|0|8|8|8|0|1
20712,9,True,2,10,2,2|2|2|7|4|4|2|7|2|2
20718,5,True,9,7,9,9|9|9|9|9|9|9|5|5|5
20732,5,False,5,0,5,5|5|5|5|5|5|5|5|5|5
20746,1,False,1,4,1,1|5|5|1|1|1|1|5|5|1
20750,2,True,1,8,1,1|2|1|1|1|8|1|1|2|1
20754,2,False,2,4,2,2|2|2|2|4|2|4|4|4|2
20760,3,False,3,0,3,3|3|3|3|3|3|3|3|3|3
20786,8,False,8,9,0,0|0|0|0|0|0|0|8|0|0
20796,9,True,1,10,1,1|1|1|1|1|1|1|5|5|1
20809,2,True,5,10,5,5|5|5|5|5|5|5|5|5|5
20824,6,True,0,10,0,0|0|0|0|0|0|0|0|0|0
20840,2,True,1,6,-1,2|2|2|1|1|1|1|2|5|5
20867,8,False,8,0,8,8|8|8|8|8|8|8|8|8|8
20870,1,True,4,10,4,4|4|4|4|4|4|4|2|4|4
20871,4,False,4,0,4,4|4|4|4|4|4|4|4|4|4
20872,3,False,3,0,3,3|3|3|3|3|3|3|3|3|3
20873,8,False,8,2,8,8|8|8|8|8|8|8|0|0|8
20883,9,True,7,10,7,7|7|7|7|7|7|7|7|7|7
20886,4,True,7,8,7,4|4|7|7|7|7|7|7|7|7
20896,1,False,1,7,-1,1|1|2|2|0|5|5|2|5|1
20907,2,True,1,5,-1,2|2|2|2|5|5|5|2|5|5
20918,3,False,3,3,3,3|5|3|5|5|3|3|3|3|3
20934,8,True,6,10,6,6|6|6|6|6|6|6|6|6|6
20939,1,True,5,10,5,7|5|2|5|5|2|3|3|5|5
20943,9,False,9,2,9,9|9|9|9|9|9|9|9|5|5
20947,5,True,9,8,9,9|9|9|9|9|9|9|9|5|5
20967,1,True,4,10,4,4|2|4|4|4|4|4|4|4|4
20970,1,False,1,4,1,1|5|2|1|1|1|1|5|5|1
20975,6,False,6,5,6,6|2|2|8|2|2|6|6|6|6
20986,6,False,6,0,6,6|6|6|6|6|6|6|6|6|6
20990,2,False,2,3,2,2|2|8|2|2|6|2|2|4|2
21000,6,True,0,10,0,0|0|0|0|0|0|0|0|0|0
21004,8,True,6,10,6,6|6|6|6|6|6|6|6|6|6
21005,8,False,8,1,8,1|8|8|8|8|8|8|8|8|8
21033,4,False,4,9,5,4|5|5|5|2|5|5|5|5|5
21037,6,False,6,6,-1,6|9|8|8|8|6|6|8|0|6
21048,4,False,4,10,2,2|2|2|2|2|2|2|2|2|2
21064,0,False,0,0,0,0|0|0|0|0|0|0|0|0|0
21094,1,False,1,5,1,1|5|8|1|1|0|1|0|5|1
21108,7,False,7,0,7,7|7|7|7|7|7|7|7|7|7
21137,5,True,1,3,5,5|5|5|5|5|1|1|5|5|1
21140,8,False,8,2,8,1|8|8|8|8|8|8|8|5|8
21148,5,False,5,1,5,5|5|5|5|5|3|5|5|5|5
21152,5,True,1,7,-1,1|5|0|1|0|2|0|2|5|5
21160,8,False,8,1,8,1|8|8|8|8|8|8|8|8|8
21162,2,False,2,0,2,2|2|2|2|2|2|2|2|2|2
21177,7,True,6,6,6,7|6|7|7|7|6|6|6|6|6
21181,1,False,1,8,2,2|2|2|2|1|5|1|2|2|5
21182,5,True,9,9,8,2|8|8|8|8|8|9|8|5|8
21185,7,False,7,0,7,7|7|7|7|7|7|7|7|7|7
21206,2,True,1,7,1,2|1|2|1|1|1|2|5|5|5
21207,1,True,3,10,3,3|3|3|3|3|3|3|3|3|3
21218,1,False,1,3,1,1|1|2|1|1|1|1|2|5|1
21238,5,True,1,9,1,1|1|5|1|1|1|1|3|3|1
21247,4,True,2,2,4,4|4|2|6|4|4|4|4|4|4
21259,0,False,0,0,0,0|0|0|0|0|0|0|0|0|0
21268,7,False,7,0,7,7|7|7|7|7|7|7|7|7|7
21276,9,True,7,10,7,7|7|7|7|7|7|7|7|7|7
21282,9,False,9,4,9,9|9|2|9|9|9|5|9|5|5
21299,1,True,3,10,3,3|3|3|5|3|3|3|3|3|3
21305,6,True,0,10,0,0|0|0|0|0|0|0|0|0|0
21316,9,True,2,10,2,2|2|2|2|2|2|2|2|2|2
21327,1,True,4,10,4,4|4|4|4|4|4|4|4|4|4
21328,2,True,1,8,1,5|1|2|1|1|1|1|2|5|1
21355,5,True,9,8,9,9|9|9|9|9|9|9|9|5|5
21357,8,True,6,9,6,6|6|6|6|7|6|8|6|6|6
21363,8,True,2,10,2,2|2|2|2|2|2|2|2|2|2
21364,4,False,4,3,4,4|4|7|4|4|4|4|7|3|4
21374,8,False,8,7,0,0|0|8|0|8|0|6|0|0|8
21387,0,False,0,0,0,0|0|0|0|0|0|0|0|0|0
21392,2,False,2,6,4,2|4|2|4|4|2|4|4|2|4
21397,1,False,1,3,1,1|1|2|1|1|1|1|2|2|1
21398,1,False,1,7,5,1|5|5|5|5|5|1|5|5|1
21419,1,True,4,10,4,3|4|4|4|4|3|4|3|4|4
21428,1,True,5,10,0,2|5|0|3|7|2|0|6|0|0
21431,8,False,8,2,8,1|8|8|8|8|8|8|8|5|8
21440,6,True,0,10,0,0|0|0|0|0|0|0|0|0|0
21450,1,True,5,9,5,5|5|5|5|5|5|1|5|5|5
21459,3,False,3,0,3,3|3|3|3|3|3|3|3|3|3
21476,9,True,2,10,6,6|6|8|7|6|6|7|6|6|6
21490,0,True,2,10,2,2|2|2|5|2|5|5|3|2|5
21501,3,False,3,0,3,3|3|3|3|3|3|3|3|3|3
21505,8,False,8,2,8,1|8|8|8|8|8|8|8|5|8
21510,3,False,3,5,3,3|9|3|3|8|5|3|3|5|5
21558,1,False,1,3,1,1|1|5|1|1|1|1|5|2|1
21566,5,True,4,10,4,4|4|4|4|4|4|4|4|4|4
21570,7,True,4,10,4,4|4|4|4|4|4|4|4|4|4
21582,4,False,4,2,4,4|4|4|4|4|7|4|4|4|7
21591,2,False,2,0,2,2|2|2|2|2|2|2|2|2|2
21610,1,True,5,9,5,3|5|5|3|5|5|1|5|5|5
21611,8,False,8,1,8,8|8|8|8|8|8|8|8|5|8
21645,9,False,9,10,2,2|2|2|2|2|2|6|0|2|0
21662,1,False,1,3,1,1|1|5|1|1|1|1|5|2|1
21664,1,True,8,10,8,8|8|8|8|8|8|8|8|5|0
21674,6,True,0,10,0,0|0|0|0|0|0|0|0|0|0
21705,5,False,5,3,5,5|5|3|5|5|3|1|5|5|5
21733,4,False,4,0,4,4|4|4|4|4|4|4|4|4|4
21739,3,False,3,0,3,3|3|3|3|3|3|3|3|3|3
21800,6,False,6,2,6,6|6|8|7|6|6|6|6|6|6
21817,9,False,9,2,9,9|9|9|9|9|9|9|9|5|5
21823,0,True,8,9,8,1|8|8|8|8|8|8|8|0|8
21833,4,True,7,10,7,7|7|7|3|7|7|7|7|7|7
21836,2,False,2,4,2,2|4|8|2|4|2|4|2|2|2
21857,7,False,7,4,7,7|7|2|7|7|7|2|2|4|7
21865,0,False,0,1,0,0|0|0|0|0|0|0|0|0|7
21868,4,False,4,0,4,4|4|4|4|4|4|4|4|4|4
21899,2,True,4,10,4,4|4|4|4|4|4|4|4|4|4
21906,5,True,2,10,2,2|2|2|2|2|2|2|2|2|2
21913,3,False,3,1,3,3|3|3|3|3|3|3|2|3|3
21914,1,True,3,9,3,5|3|3|3|3|3|1|3|5|3
21923,5,True,9,8,9,9|9|9|9|9|9|9|9|5|5
21933,1,False,1,3,1,1|1|2|1|1|1|1|2|5|1
21952,3,False,3,0,3,3|3|3|3|3|3|3|3|3|3
21956,7,True,6,9,6,7|6|6|6|6|6|6|6|6|6
21971,1,False,1,3,1,1|1|5|1|1|1|1|5|5|1
21988,5,True,9,8,9,9|9|9|9|9|9|9|9|5|5
22006,9,True,2,10,2,2|2|2|2|2|2|4|2|4|2
22023,8,False,8,1,8,8|8|8|8|8|8|8|8|5|8
22033,9,False,9,2,9,9|9|9|9|9|9|9|9|5|5
22037,5,True,1,10,1,1|1|2|1|1|1|1|2|2|1
22038,9,False,9,10,0,0|0|0|0|0|0|0|0|0|0
22040,0,False,0,0,0,0|0|0|0|0|0|0|0|0|0
22044,6,False,6,4,6,6|9|8|8|8|6|6|6|6|6
22055,1,False,1,6,-1,1|2|2|5|1|1|1|5|5|5
22061,1,True,5,9,3,1|5|3|3|3|3|3|3|5|3
22065,6,False,6,3,6,6|6|8|7|8|6|6|6|6|6
22079,2,True,5,10,5,5|5|5|5|5|5|5|5|5|5
22081,6,False,6,3,6,6|9|8|8|6|6|6|6|6|6
22085,6,False,6,2,6,6|6|7|6|6|6|7|6|6|6
22096,1,True,8,10,8,8|8|8|8|8|8|8|8|0|8
22123,6,True,0,10,0,0|0|0|0|0|0|0|0|0|0
22144,4,False,4,0,4,4|4|4|4|4|4|4|4|4|4
22192,4,False,4,0,4,4|4|4|4|4|4|4|4|4|4
22198,3,True,7,10,7,4|7|7|7|7|7|4|7|4|7
22199,9,False,9,2,9,9|9|9|9|9|9|9|9|5|5
22211,4,True,2,10,2,2|2|2|2|2|2|2|2|2|2
22218,8,False,8,1,8,1|8|8|8|8|8|8|8|8|8
22235,5,False,5,2,5,5|5|5|3|3|5|5|5|5|5
22237,6,False,6,1,6,6|6|6|7|6|6|6|6|6|6
22239,1,True,3,10,5,3|5|5|5|5|5|5|5|5|3
22242,6,False,6,0,6,6|6|6|6|6|6|6|6|6|6
22271,0,False,0,0,0,0|0|0|0|0|0|0|0|0|0
22284,4,False,4,0,4,4|4|4|4|4|4|4|4|4|4
22300,1,True,8,10,8,0|9|8|8|9|8|0|0|5|8
22316,2,True,1,9,1,1|1|2|1|1|1|1|5|5|5
22319,7,False,7,3,7,2|7|7|7|4|7|7|6|7|7
22325,4,True,7,10,7,7|7|7|7|7|7|7|7|7|7
22330,5,True,9,2,5,5|5|5|5|5|9|5|9|5|5
22337,6,False,6,0,6,6|6|6|6|6|6|6|6|6|6
22338,5,False,5,0,5,5|5|5|5|5|5|5|5|5|5
22344,7,False,7,1,7,7|7|7|4|7|7|7|7|7|7
22347,6,False,6,1,6,6|6|6|3|6|6|6|6|6|6
22362,6,False,6,0,6,6|6|6|6|6|6|6|6|6|6
22365,1,False,1,3,1,1|1|2|1|1|1|1|5|5|1
22376,2,False,2,0,2,2|2|2|2|2|2|2|2|2|2
22388,1,False,1,6,5,1|5|5|1|5|1|1|5|5|5
22390,5,False,5,2,5,2|5|5|5|5|5|1|5|5|5
22391,4,False,4,10,8,8|8|8|8|8|8|8|8|8|8
22398,7,False,7,0,7,7|7|7|7|7|7|7|7|7|7
22401,8,False,8,1,8,8|8|8|8|8|8|8|8|5|8
22407,5,False,5,9,3,3|3|5|3|3|3|3|3|3|3
22416,5,False,5,9,3,3|3|3|3|3|3|3|3|5|1
22421,1,False,1,3,1,1|1|2|1|1|1|1|2|5|1
22427,5,False,5,1,5,5|5|5|3|5|5|5|5|5|5
22436,1,True,5,10,5,5|5|5|5|5|5|5|5|5|5
22445,1,True,5,10,5,5|5|5|5|5|5|5|5|5|5
22455,8,False,8,1,8,8|8|8|8|8|8|8|8|5|8
22498,4,False,4,8,-1,4|5|9|2|6|2|4|0|0|1
22503,5,True,1,8,1,1|5|2|1|1|1|1|2|5|1
22508,2,False,2,4,2,2|2|2|4|2|4|2|4|4|2
22509,1,True,4,10,4,4|4|4|4|4|4|4|4|4|4
22510,9,True,2,10,2,2|2|2|3|2|2|2|2|2|3
22525,6,False,6,3,6,6|6|6|7|6|6|7|7|6|6
22542,3,False,3,0,3,3|3|3|3|3|3|3|3|3|3
22549,3,False,3,0,3,3|3|3|3|3|3|3|3|3|3
22553,1,False,1,10,5,5|5|2|9|9|9|5|9|5|5
22558,5,False,5,3,5,5|5|5|5|4|4|1|5|5|5
22560,1,True,3,10,3,3|3|3|3|3|3|3|3|3|3
22570,9,True,2,10,2,2|2|2|7|2|7|2|2|2|2
22581,1,True,8,10,8,8|8|8|8|8|8|8|8|8|8
22588,0,False,0,0,0,0|0|0|0|0|0|0|0|0|0
22608,6,True,0,10,0,0|0|0|0|0|0|0|0|0|0
22630,5,False,5,6,3,5|5|3|5|3|3|3|5|3|1
22647,4,True,7,8,7,7|7|7|7|4|7|7|7|4|7
22660,3,False,3,0,3,3|3|3|3|3|3|3|3|3|3
22672,2,False,2,0,2,2|2|2|2|2|2|2|2|2|2
22673,4,False,4,0,4,4|4|4|4|4|4|4|4|4|4
22680,0,False,0,0,0,0|0|0|0|0|0|0|0|0|0
22683,1,True,4,10,0,4|0|0|0|4|4|4|0|0|0
22692,0,False,0,0,0,0|0|0|0|0|0|0|0|0|0
22693,0,False,0,0,0,0|0|0|0|0|0|0|0|0|0
22703,7,False,7,0,7,7|7|7|7|7|7|7|7|7|7
22706,4,True,7,9,7,7|7|7|7|7|7|7|7|4|7
22721,6,False,6,4,6,6|6|0|3|6|6|9|6|6|8
22730,7,False,7,1,7,7|7|7|7|7|7|7|3|7|7
22743,1,True,4,10,4,4|4|4|4|4|4|4|4|4|4
22756,9,False,9,3,9,9|9|9|9|9|9|5|9|5|5
22762,5,True,1,9,2,2|2|2|0|0|2|1|5|2|0
22769,0,False,0,0,0,0|0|0|0|0|0|0|0|0|0
22795,7,True,6,9,6,7|6|6|6|6|6|3|6|6|6
22817,1,False,1,8,5,1|5|5|9|5|5|1|5|5|5
22827,8,False,8,1,8,8|8|8|8|8|8|8|8|5|8
22866,3,False,3,1,3,3|3|3|3|3|7|3|3|3|3
22870,1,True,5,10,5,5|5|5|5|5|5|5|5|5|5
22871,7,False,7,1,7,7|4|7|7|7|7|7|7|7|7
22872,6,False,6,4,6,6|6|2|7|7|6|7|6|6|6
22889,6,False,6,6,3,1|3|3|3|6|6|3|6|3|6
22911,2,True,5,10,5,5|5|5|5|5|5|5|5|5|5
22918,9,False,9,2,9,9|9|9|9|9|9|9|9|5|5
22923,3,False,3,3,3,3|2|3|3|3|3|3|3|2|5
22926,6,False,6,5,6,6|9|8|4|6|6|6|4|3|6
22950,9,False,9,10,-1,7|0|0|2|6|4|6|4|5|7
22953,2,False,2,0,2,2|2|2|2|2|2|2|2|2|2
22954,8,False,8,1,8,8|8|8|8|8|8|8|8|5|8
22964,1,True,4,10,4,4|4|8|4|4|4|4|0|4|4
22981,1,True,4,10,4,4|4|4|2|4|8|4|4|4|4
22982,1,False,1,4,1,1|5|5|1|1|1|1|5|5|1
22994,1,True,3,10,3,5|3|3|3|3|3|3|3|3|3
23002,6,True,0,10,0,0|0|0|0|0|0|0|0|0|0
23009,5,True,9,5,-1,5|5|9|9|9|9|5|9|5|5
23014,4,True,2,9,2,4|2|2|2|2|2|2|2|2|2
23047,5,True,9,7,9,9|9|9|9|9|9|9|5|5|5
23052,1,False,1,3,1,1|1|2|1|1|1|1|5|5|1
23055,5,False,5,0,5,5|5|5|5|5|5|5|5|5|5
23077,6,True,0,10,0,0|0|0|0|0|0|0|0|0|0
23089,5,True,9,6,9,5|9|2|9|9|9|5|9|5|5
23093,5,False,5,3,5,5|5|3|5|5|7|5|3|5|5
23104,1,True,3,10,3,3|3|3|3|3|3|3|3|3|3
23110,8,False,8,1,8,8|8|8|8|8|8|8|8|0|8
23114,3,False,3,10,4,2|4|4|2|4|4|2|4|4|2
23117,1,True,8,10,8,8|8|8|8|8|8|8|8|5|8
23142,1,False,1,4,1,1|5|5|1|1|1|1|5|5|1
23146,1,True,5,10,3,2|3|2|3|3|7|3|7|5|3
23149,8,False,8,0,8,8|8|8|8|8|8|8|8|8|8
23151,5,True,1,9,1,2|1|2|5|1|1|1|2|2|1
23166,5,True,9,8,9,9|9|9|9|9|9|9|9|5|5
23167,7,False,7,1,7,7|3|7|7|7|7|7|7|7|7
23188,2,False,2,0,2,2|2|2|2|2|2|2|2|2|2
23193,6,False,6,1,6,6|6|8|6|6|6|6|6|6|6
23214,8,False,8,1,8,8|8|8|8|8|8|8|8|5|8
23228,3,False,3,0,3,3|3|3|3|3|3|3|3|3|3
23230,6,False,6,2,6,6|6|8|7|6|6|6|6|6|6
23234,5,False,5,1,5,3|5|5|5|5|5|5|5|5|5
23245,6,True,0,10,0,0|0|0|0|0|0|0|0|0|0
23253,1,True,3,10,3,3|3|3|3|3|3|3|3|3|3
23260,1,False,1,4,1,1|5|5|1|1|1|1|5|5|1
23297,0,False,0,0,0,0|0|0|0|0|0|0|0|0|0
23345,5,True,1,10,0,9|0|0|0|0|0|0|6|0|0
23347,9,True,2,10,2,2|2|2|2|2|2|2|2|2|2
23351,8,False,8,1,8,8|8|8|8|8|8|8|8|5|8
23377,0,False,0,0,0,0|0|0|0|0|0|0|0|0|0
23381,7,False,7,0,7,7|7|7|7|7|7|7|7|7|7
23394,4,False,4,0,4,4|4|4|4|4|4|4|4|4|4
23443,3,False,3,1,3,3|3|3|3|3|5|3|3|3|3
23448,5,False,5,3,5,5|5|5|3|5|5|1|4|5|5
23456,9,True,7,10,7,7|7|3|7|7|7|7|7|7|7
23485,6,True,0,10,3,0|3|8|3|3|3|3|8|3|3
23492,9,True,2,10,2,2|2|2|3|3|2|2|2|2|3
23506,7,False,7,0,7,7|7|7|7|7|7|7|7|7|7
23507,0,False,0,0,0,0|0|0|0|0|0|0|0|0|0
23513,8,False,8,1,8,8|8|8|8|8|8|8|8|5|8
23532,1,True,4,10,4,4|4|4|4|4|4|4|4|4|4
23538,1,True,8,9,8,1|8|8|8|8|8|8|8|5|8
23560,1,True,8,9,8,1|0|0|8|8|8|6|8|0|8
23569,5,True,9,9,9,9|9|9|9|9|9|9|9|5|0
23577,7,False,7,1,7,7|7|7|7|7|7|7|2|7|7
23578,5,True,1,9,1,1|1|2|2|1|1|1|2|5|1
23618,6,False,6,2,6,6|9|8|6|6|6|6|6|6|6
23625,8,False,8,0,8,8|8|8|8|8|8|8|8|8|8
23626,2,True,7,10,7,7|7|7|7|7|7|7|7|7|7
23665,5,False,5,2,5,3|5|5|5|5|5|1|5|5|5
23689,1,True,5,10,5,5|5|5|5|5|5|5|5|5|5
23693,8,False,8,1,8,8|8|8|8|8|8|8|8|0|8
23733,1,True,5,10,5,5|5|5|5|5|5|5|5|5|5
23746,0,False,0,0,0,0|0|0|0|0|0|0|0|0|0
23750,9,True,7,10,0,0|7|0|7|7|7|0|6|0|0
23782,5,False,5,0,5,5|5|5|5|5|5|5|5|5|5
23785,7,False,7,4,7,7|6|7|7|7|6|7|6|6|7
23812,1,False,1,10,3,3|3|3|9|7|7|3|3|3|7
23818,1,True,8,10,8,8|8|8|8|8|8|8|8|5|8
23822,0,False,0,0,0,0|0|0|0|0|0|0|0|0|0
23861,9,False,9,2,9,9|9|9|9|9|9|9|9|5|5
23866,0,False,0,1,0,0|0|8|0|0|0|0|0|0|0
23870,8,False,8,1,8,8|8|8|8|8|8|8|8|5|8
23886,9,False,9,2,9,9|9|9|9|9|9|9|9|5|5
23887,1,False,1,6,5,1|5|2|1|1|1|5|5|5|5
23888,6,False,6,1,6,6|6|6|6|6|6|8|6|6|6
23893,1,True,8,10,8,8|8|8|8|8|8|8|8|0|8
23898,5,False,5,10,3,3|3|3|4|4|7|3|4|3|4
23914,2,True,5,9,7,2|7|7|7|7|7|7|7|7|7
23917,8,True,6,9,6,6|6|6|6|6|6|8|6|6|6
23923,2,True,1,9,1,1|1|2|1|1|1|1|5|5|1
23939,6,False,6,9,2,6|2|2|4|4|2|2|4|4|2
23950,2,False,2,1,2,2|2|2|2|2|2|2|2|5|2
23952,6,True,0,10,0,0|0|0|0|0|0|0|0|0|0
23956,6,False,6,4,6,6|9|8|8|6|6|8|6|6|6
23967,1,True,5,9,5,5|5|5|3|5|5|5|5|5|1
23979,9,False,9,3,9,9|9|5|9|9|9|9|9|5|5
23982,6,True,1,10,5,1|5|5|5|5|5|1|5|5|1
24002,2,False,2,8,4,4|4|2|4|4|4|4|4|2|4
24045,8,False,8,0,8,8|8|8|8|8|8|8|8|8|8
24046,1,True,4,10,4,4|4|4|4|4|4|4|4|4|4
24047,3,False,3,3,3,3|3|5|3|3|3|5|3|5|3
24062,8,False,8,4,8,9|9|8|8|8|8|5|8|0|8
24104,0,False,0,0,0,0|0|0|0|0|0|0|0|0|0
24122,7,False,7,8,3,3|3|7|4|7|4|5|3|4|3
24126,1,True,5,10,5,2|5|5|5|5|5|5|5|5|5
24135,3,False,3,0,3,3|3|3|3|3|3|3|3|3|3
24153,5,False,5,1,5,5|5|5|5|5|3|5|5|5|5
24188,9,False,9,10,1,2|2|2|1|1|1|1|5|2|1
24196,2,True,5,7,5,2|3|3|2|5|2|3|5|5|5
24221,4,False,4,0,4,4|4|4|4|4|4|4|4|4|4
24229,0,False,0,9,8,0|8|8|8|8|8|8|8|8|8
24240,1,False,1,3,1,1|1|2|1|1|1|1|5|2|1
24254,2,False,2,0,2,2|2|2|2|2|2|2|2|2|2
24268,1,False,1,5,-1,1|5|5|5|1|1|1|5|5|1
24279,6,False,6,0,6,6|6|6|6|6|6|6|6|6|6
24283,5,False,5,0,5,5|5|5|5|5|5|5|5|5|5
24284,2,True,1,10,5,9|5|5|3|5|5|3|3|5|3
24291,6,True,0,10,0,0|0|0|0|0|0|0|0|0|0
24319,0,False,0,3,0,0|0|8|0|8|0|8|0|0|0
24325,0,False,0,0,0,0|0|0|0|0|0|0|0|0|0
24337,1,True,3,10,3,3|5|3|3|3|3|3|5|5|3
24356,0,False,0,0,0,0|0|0|0|0|0|0|0|0|0
24363,5,False,5,4,5,5|5|5|7|5|2|5|2|5|0
24373,2,False,2,0,2,2|2|2|2|2|2|2|2|2|2
24390,4,True,7,10,5,5|5|3|5|5|5|1|3|5|5
24404,6,True,0,10,0,0|0|0|0|0|0|0|0|0|0
24421,1,True,4,10,4,4|4|4|4|4|4|4|4|4|4
24425,1,False,1,6,1,1|5|2|1|1|5|1|2|2|5
24428,1,False,1,4,1,2|1|2|1|1|1|1|2|5|1
24432,2,False,2,5,-1,2|2|4|4|2|4|2|2|4|4
24443,1,True,3,10,3,3|2|2|7|3|7|3|3|3|7
24484,5,True,1,9,1,1|1|2|1|1|1|1|1|5|1
24497,8,True,6,9,6,6|6|6|8|6|6|6|6|6|6
24498,1,True,4,10,4,4|4|4|4|4|4|4|4|4|4
24508,7,False,7,7,3,7|3|3|3|3|7|7|3|3|3
24512,2,True,1,6,-1,2|2|2|1|8|8|2|8|5|8
24527,5,True,1,3,5,1|5|5|5|5|5|1|5|2|5
24531,6,False,6,5,-1,6|8|8|8|8|6|8|6|6|6
24532,2,True,5,5,2,2|5|5|7|2|2|2|5|5|2
24542,5,True,9,8,9,9|9|9|9|9|9|9|9|5|5
24545,7,False,7,0,7,7|7|7|7|7|7|7|7|7|7
24551,3,False,3,0,3,3|3|3|3|3|3|3|3|3|3
24559,7,False,7,4,7,7|7|7|7|3|7|3|3|3|7
24575,5,False,5,0,5,5|5|5|5|5|5|5|5|5|5
24581,0,False,0,0,0,0|0|0|0|0|0|0|0|0|0
24597,3,False,3,2,3,3|3|2|3|3|3|1|3|3|3
24600,6,True,0,10,0,0|0|0|0|0|0|0|0|0|0
24605,6,True,0,10,0,0|0|0|0|0|0|0|0|0|0
24607,2,True,1,6,1,2|1|2|1|1|1|1|2|2|1
24610,2,False,2,5,2,2|6|3|2|4|2|2|6|2|6
24627,9,False,9,10,8,1|8|8|0|8|8|8|8|5|8
24661,0,False,0,0,0,0|0|0|0|0|0|0|0|0|0
24670,4,True,2,10,2,2|2|2|2|2|2|2|2|2|2
24676,0,False,0,0,0,0|0|0|0|0|0|0|0|0|0
24695,6,True,0,10,0,0|0|0|0|0|0|0|0|0|0
24697,8,False,8,7,-1,9|1|8|9|9|8|5|5|5|8
24714,1,True,5,10,-1,5|7|5|7|5|7|5|7|5|7
24731,5,True,9,8,9,9|9|9|9|9|9|9|9|5|5
24733,3,False,3,0,3,3|3|3|3|3|3|3|3|3|3
24735,0,False,0,0,0,0|0|0|0|0|0|0|0|0|0
24742,4,True,2,10,2,2|2|2|2|2|2|2|2|2|2
24746,1,False,1,4,1,1|1|2|1|1|1|1|2|5|5
24752,8,False,8,0,8,8|8|8|8|8|8|8|8|8|8
24756,2,False,2,10,0,0|0|0|0|0|0|0|0|0|0
24763,1,True,5,10,5,5|5|5|5|5|5|5|5|5|5
24779,1,True,3,10,6,6|4|8|4|4|4|6|6|6|6
24792,0,False,0,9,5,2|9|8|7|5|5|6|3|0|5
24793,0,False,0,0,0,0|0|0|0|0|0|0|0|0|0
24799,1,True,4,10,4,4|4|4|4|4|4|4|4|4|4
24808,8,True,6,10,6,6|6|7|7|6|6|6|6|6|6
24809,6,False,6,0,6,6|6|6|6|6|6|6|6|6|6
24823,1,True,4,10,4,4|4|4|4|4|4|4|4|4|4
24846,4,False,4,0,4,4|4|4|4|4|4|4|4|4|4
24854,8,True,6,10,6,6|6|7|7|6|6|6|6|6|6
24861,4,False,4,5,4,4|3|4|7|4|3|4|3|7|4
24873,1,False,1,2,1,1|1|2|1|1|1|1|1|5|1
24879,6,False,6,3,6,6|6|8|8|6|6|8|6|6|6
24895,7,True,6,10,3,3|3|3|3|6|6|3|3|3|3
24909,5,False,5,10,3,3|3|3|3|3|3|3|3|3|3
24913,6,True,7,10,7,7|7|7|7|7|7|7|7|7|7
24927,2,False,2,0,2,2|2|2|2|2|2|2|2|2|2
24945,8,False,8,1,8,8|8|8|8|8|8|8|8|5|8
24948,3,True,7,9,-1,2|9|2|5|9|1|3|2|5|5
24955,7,True,6,8,6,6|6|7|7|6|6|6|6|6|6
24973,6,False,6,5,6,6|9|8|8|6|6|8|8|6|6
24974,7,False,7,1,7,7|7|7|7|7|7|7|7|4|7
24988,7,False,7,0,7,7|7|7|7|7|7|7|7|7|7
25002,8,False,8,0,8,8|8|8|8|8|8|8|8|8|8
25013,8,False,8,2,8,1|8|8|8|8|8|8|8|5|8
25017,4,False,4,0,4,4|4|4|4|4|4|4|4|4|4
25021,5,True,9,8,9,9|9|9|9|9|9|9|9|5|5
25036,9,False,9,3,9,9|9|2|9|9|9|9|9|5|5
25042,1,True,8,10,8,8|8|8|8|8|8|8|8|5|8
25074,1,True,3,10,3,3|3|3|3|3|3|3|3|3|3
25087,2,True,5,10,5,5|5|5|5|5|5|5|5|5|5
25094,9,False,9,2,9,9|9|9|9|9|9|9|9|5|5
25100,5,True,1,6,1,1|1|5|5|1|1|1|5|5|1
25103,1,True,3,10,3,3|3|3|3|3|3|3|3|5|3
25126,1,True,8,9,8,1|8|8|8|8|8|8|8|5|8
25141,5,False,5,2,5,5|5|3|5|5|5|1|5|5|5
25148,2,False,2,0,2,2|2|2|2|2|2|2|2|2|2
25153,4,False,4,0,4,4|4|4|4|4|4|4|4|4|4
25159,5,True,9,7,9,9|9|9|9|9|9|5|9|5|5
25167,0,False,0,0,0,0|0|0|0|0|0|0|0|0|0
25188,1,True,8,10,8,8|8|8|8|8|8|8|8|5|8
25196,2,True,1,6,1,1|2|2|1|1|1|1|2|2|1
25206,1,False,1,9,5,5|5|2|9|5|9|1|5|2|5
25208,9,True,1,9,5,1|5|2|9|2|5|1|2|5|5
25210,2,True,1,10,1,1|1|1|1|1|8|1|8|5|5
25217,2,False,2,6,2,6|3|2|2|2|4|2|4|3|7
25219,3,False,3,6,5,3|3|5|5|3|5|5|5|5|3
25221,3,False,3,2,3,3|3|2|3|3|3|5|3|3|3
25223,6,False,6,1,6,6|6|7|6|6|6|6|6|6|6
25251,0,False,0,0,0,0|0|0|0|0|0|0|0|0|0
25257,1,True,3,10,2,5|2|2|2|2|2|2|5|5|2
25259,1,True,3,10,3,3|7|3|4|3|7|3|7|3|7
25261,6,True,0,10,0,0|0|0|0|0|0|0|0|0|0
25268,9,True,2,10,2,2|2|2|2|2|2|2|2|2|2
25269,7,False,7,0,7,7|7|7|7|7|7|7|7|7|7
25271,2,True,7,10,3,3|3|3|3|3|3|3|3|3|3
25292,4,False,4,0,4,4|4|4|4|4|4|4|4|4|4
25315,3,False,3,0,3,3|3|3|3|3|3|3|3|3|3
25316,6,True,0,10,0,0|0|0|0|0|0|0|0|0|0
25318,0,False,0,0,0,0|0|0|0|0|0|0|0|0|0
25323,1,False,1,3,1,1|1|2|1|1|1|1|5|5|1
25332,1,True,4,10,4,4|4|4|4|4|4|4|3|3|4
25335,1,True,4,10,4,4|4|4|4|4|4|4|4|4|4
25340,6,False,6,5,-1,6|6|8|8|8|8|8|6|6|6
25341,2,False,2,1,2,2|2|4|2|2|2|2|2|2|2
25346,1,True,4,10,4,4|4|7|4|4|4|4|4|4|4
25350,6,True,0,10,0,0|0|5|2|0|2|0|0|5|8
25357,6,False,6,0,6,6|6|6|6|6|6|6|6|6|6
25373,6,False,6,1,6,6|9|6|6|6|6|6|6|6|6
25380,3,False,3,0,3,3|3|3|3|3|3|3|3|3|3
25382,6,False,6,0,6,6|6|6|6|6|6|6|6|6|6
25385,6,True,0,10,0,0|0|0|0|0|0|0|0|0|0
25387,9,False,9,2,9,9|9|9|9|9|9|9|9|5|5
25392,8,False,8,2,8,1|8|8|8|8|8|8|8|0|8
25400,2,False,2,10,6,6|6|8|6|6|6|6|6|6|6
25430,8,True,6,8,6,6|6|8|8|6|6|6|6|6|6
25440,2,False,2,0,2,2|2|2|2|2|2|2|2|2|2
25443,3,False,3,0,3,3|3|3|3|3|3|3|3|3|3
25445,5,False,5,4,5,5|3|5|5|3|5|1|5|5|1
25449,9,True,2,10,2,2|2|2|2|2|2|2|2|0|2
25463,1,False,1,6,5,1|5|5|1|5|1|1|5|5|5
25474,4,False,4,3,4,4|2|2|4|4|4|4|4|2|4
25477,0,False,0,0,0,0|0|0|0|0|0|0|0|0|0
25482,6,False,6,0,6,6|6|6|6|6|6|6|6|6|6
25493,6,False,6,2,6,6|6|8|8|6|6|6|6|6|6
25507,5,True,9,10,9,9|9|9|9|9|8|9|9|0|8
25508,8,False,8,1,8,8|8|8|8|8|8|8|8|5|8
25511,8,True,6,7,6,6|6|6|8|8|6|6|8|6|6
25514,0,False,0,6,-1,0|0|0|4|4|2|6|0|4|4
25520,3,False,3,9,4,3|2|2|4|4|4|6|4|6|2
25534,9,True,1,8,5,5|5|5|5|9|1|1|9|5|5
25571,6,True,0,10,0,0|0|0|0|0|0|0|0|0|0
25576,4,False,4,2,4,4|4|4|3|4|2|4|4|4|4
25579,1,True,4,10,4,4|4|4|4|2|4|4|4|4|4
25600,2,True,1,7,1,2|1|2|1|1|1|1|2|5|5
25603,5,False,5,5,5,5|4|3|5|4|3|5|5|5|4
25604,5,True,9,8,9,9|9|9|9|9|9|9|9|5|5
25605,0,False,0,0,0,0|0|0|0|0|0|0|0|0|0
25629,8,False,8,3,8,0|8|8|8|8|8|8|0|0|8
25632,8,False,8,0,8,8|8|8|8|8|8|8|8|8|8
25634,5,False,5,2,5,7|5|2|5|5|5|5|5|5|5
25651,0,False,0,1,0,0|0|0|0|0|0|0|0|0|7
25655,1,True,5,10,5,3|5|5|5|5|5|5|5|5|5
25675,4,False,4,0,4,4|4|4|4|4|4|4|4|4|4
25686,1,True,3,10,6,6|6|8|6|4|4|4|4|6|6
25688,3,False,3,10,0,9|0|0|9|9|9|0|0|0|0
25708,9,False,9,5,-1,9|5|5|9|9|9|9|5|5|5
25729,6,False,6,3,6,6|6|7|6|6|4|7|6|6|6
25731,5,True,1,5,5,1|0|5|9|5|0|5|0|5|5
25737,8,False,8,1,8,8|8|8|8|8|8|8|8|5|8
25745,3,False,3,0,3,3|3|3|3|3|3|3|3|3|3
25747,8,True,6,9,6,6|6|7|6|6|6|8|6|6|6
25748,0,False,0,0,0,0|0|0|0|0|0|0|0|0|0
25759,5,True,9,8,9,9|9|9|9|9|9|9|9|5|5
25763,6,True,0,10,0,0|0|0|0|0|0|0|0|0|0
25766,5,True,9,8,9,9|9|9|9|9|9|9|9|5|5
25790,1,True,8,10,8,8|8|8|8|8|8|8|8|5|8
25794,8,False,8,1,8,8|8|8|8|8|8|8|8|5|8
25814,0,False,0,0,0,0|0|0|0|0|0|0|0|0|0
25817,1,False,1,3,1,1|1|2|1|1|1|1|5|5|1
25828,8,True,6,10,6,6|6|6|6|6|6|6|6|6|6
25830,6,True,2,10,2,2|2|2|2|2|2|2|2|4|2
25842,1,False,1,4,1,2|1|2|1|1|1|1|2|5|1
25854,5,False,5,9,2,2|2|2|2|2|2|2|2|5|2
25877,8,True,6,10,6,6|6|6|6|6|6|6|6|6|6
25878,6,False,6,0,6,6|6|6|6|6|6|6|6|6|6
25898,4,False,4,0,4,4|4|4|4|4|4|4|4|4|4
25913,8,True,6,10,6,6|6|6|6|6|6|6|6|6|6
25925,5,False,5,3,5,5|5|5|3|5|5|5|5|3|3
25942,0,False,0,0,0,0|0|0|0|0|0|0|0|0|0
25945,5,True,9,8,2,2|2|2|1|1|5|2|2|2|5
25956,2,False,2,0,2,2|2|2|2|2|2|2|2|2|2
25957,9,True,7,10,7,7|7|7|7|7|7|7|7|7|7
25958,3,False,3,0,3,3|3|3|3|3|3|3|3|3|3
25969,0,False,0,0,0,0|0|0|0|0|0|0|0|0|0
25977,4,False,4,10,6,6|6|6|7|6|6|6|6|6|6
25980,2,True,5,8,5,2|4|5|5|5|5|5|5|5|2
25997,1,True,3,10,3,5|3|3|3|3|6|3|2|3|3
26014,5,False,5,2,5,5|5|2|5|5|5|2|5|5|5
26019,0,True,2,10,2,2|4|2|2|2|4|2|2|2|2
26027,0,False,0,0,0,0|0|0|0|0|0|0|0|0|0
26031,4,True,7,10,7,6|7|0|7|7|2|7|7|7|7
26032,9,True,7,10,7,7|7|7|7|7|7|7|7|7|7
26037,7,False,7,1,7,7|7|7|7|7|7|7|3|7|7
26041,9,False,9,2,9,9|9|9|9|9|9|9|9|5|5
26056,9,True,7,10,7,7|7|7|7|7|7|3|4|7|7
26058,2,False,2,0,2,2|2|2|2|2|2|2|2|2|2
26069,9,False,9,2,9,9|9|9|9|9|9|9|9|5|5
26074,2,True,1,7,1,1|2|2|1|1|1|1|2|5|1
26087,3,False,3,0,3,3|3|3|3|3|3|3|3|3|3
26088,6,True,0,10,0,0|0|0|0|0|0|0|0|0|0
26091,6,False,6,2,6,6|6|6|7|6|6|7|6|6|6
26104,7,False,7,1,7,7|7|7|2|7|7|7|7|7|7
26124,0,False,0,0,0,0|0|0|0|0|0|0|0|0|0
26131,8,False,8,1,8,8|8|8|8|8|8|8|8|0|8
26135,6,False,6,10,3,3|4|2|3|3|4|3|4|3|3
26137,0,False,0,0,0,0|0|0|0|0|0|0|0|0|0
26160,3,False,3,0,3,3|3|3|3|3|3|3|3|3|3
26168,1,False,1,3,1,1|1|2|1|1|1|1|2|5|1
26176,2,False,2,1,2,2|2|0|2|2|2|2|2|2|2
26183,1,True,3,10,3,3|3|5|3|3|5|3|5|3|3
26192,6,False,6,0,6,6|6|6|6|6|6|6|6|6|6
26194,5,False,5,0,5,5|5|5|5|5|5|5|5|5|5
26196,7,False,7,1,7,7|9|7|7|7|7|7|7|7|7
26198,8,False,8,1,8,8|8|8|8|8|8|8|8|0|8
26204,2,False,2,6,2,2|2|4|4|6|4|2|3|2|7
26218,9,False,9,5,9,9|5|2|9|9|9|5|9|5|5
26233,4,False,4,2,4,4|4|3|4|4|4|4|4|5|4
26244,3,False,3,2,3,3|3|3|3|3|4|3|3|3|6
26252,9,False,9,10,5,5|5|2|1|5|1|5|5|5|1
26268,6,False,6,10,3,3|7|3|3|3|9|3|3|3|7
26280,2,True,5,6,5,5|5|2|5|5|2|2|4|2|5
26281,5,False,5,8,2,2|2|2|2|2|2|2|2|5|5
26305,2,False,2,0,2,2|2|2|2|2|2|2|2|2|2
26314,7,False,7,1,7,7|9|7|7|7|7|7|7|7|7
26325,5,False,5,7,3,5|3|3|3|3|7|5|3|5|3
26328,1,True,8,10,8,8|8|8|8|8|8|8|8|5|8
26342,0,False,0,0,0,0|0|0|0|0|0|0|0|0|0
26344,1,False,1,4,1,1|5|5|1|1|1|1|2|5|1
26348,5,True,9,8,9,9|9|9|9|9|9|9|9|5|5
26352,8,False,8,1,8,8|8|8|8|8|8|8|8|5|8
26371,8,False,8,1,8,8|8|8|8|8|8|8|8|5|8
26373,9,False,9,3,9,9|9|9|9|9|9|5|9|5|5
26380,1,True,4,10,4,4|4|4|4|4|4|4|4|4|4
26382,2,True,5,10,7,7|4|3|7|7|7|3|3|5|7
26399,3,False,3,4,3,3|4|4|3|3|4|3|4|3|3
26413,6,False,6,2,6,6|6|7|6|6|6|8|6|6|6
26414,0,True,2,10,6,6|9|6|8|6|6|6|6|6|6
26416,0,False,0,7,8,0|8|8|8|8|8|8|0|0|8
26420,3,True,7,10,7,7|7|7|7|7|7|7|7|7|7
26435,9,False,9,2,9,9|9|9|9|9|9|9|9|5|5
26441,7,False,7,0,7,7|7|7|7|7|7|7|7|7|7
26466,9,False,9,5,9,9|9|2|9|9|9|1|5|5|5
26468,9,False,9,2,9,9|9|9|9|9|9|9|9|5|5
26495,0,False,0,2,0,0|0|0|0|0|2|0|2|0|0
26548,3,True,5,9,5,1|5|5|5|5|3|5|5|5|5
26550,1,False,1,6,5,1|5|5|5|1|1|1|5|5|5
26559,1,True,3,10,3,3|3|3|3|3|3|3|3|3|3
26568,2,False,2,1,2,2|4|2|2|2|2|2|2|2|2
26576,1,False,1,3,1,1|1|5|1|1|1|1|2|5|1
26590,8,False,8,1,8,8|8|8|8|8|8|8|8|5|8
26596,5,True,9,3,5,5|5|5|9|9|9|5|5|5|5
26599,6,True,0,10,0,0|0|0|0|0|0|0|0|0|0
26601,5,True,1,7,1,1|5|2|1|1|1|1|5|5|1
26607,0,False,0,0,0,0|0|0|0|0|0|0|0|0|0
26626,3,False,3,6,5,3|5|3|3|2|3|5|5|5|5
26639,1,True,8,10,8,8|8|8|8|8|8|8|8|8|8
26641,2,False,2,0,2,2|2|2|2|2|2|2|2|2|2
26648,9,True,2,10,2,2|2|2|2|2|2|2|2|2|2
26652,2,True,1,10,5,5|5|9|9|5|9|5|5|5|5
26658,9,False,9,2,9,9|9|9|9|9|9|9|9|5|5
26659,9,False,9,3,9,9|9|5|9|9|9|9|9|5|5
26665,3,False,3,0,3,3|3|3|3|3|3|3|3|3|3
26667,6,True,0,10,0,0|0|0|0|0|0|0|0|0|0
26679,5,False,5,2,5,5|5|5|5|5|5|1|0|5|5
26680,1,True,5,10,6,6|6|3|7|6|6|3|5|6|6
26690,3,False,3,0,3,3|3|3|3|3|3|3|3|3|3
26700,5,False,5,4,5,5|5|2|2|5|2|5|2|5|5
26707,3,False,3,2,3,3|4|3|7|3|3|3|3|3|3
26717,4,False,4,4,4,2|4|2|4|4|4|4|4|2|2
26722,0,False,0,1,0,0|0|8|0|0|0|0|0|0|0
26736,1,True,3,10,3,3|3|3|3|3|3|3|3|3|3
26752,4,True,7,10,-1,3|9|7|7|9|5|5|3|3|7
26755,1,True,5,9,3,1|3|3|3|3|3|3|3|3|3
26756,5,True,9,8,9,9|9|9|9|9|9|5|9|0|5
26787,1,False,1,5,-1,2|2|2|1|1|1|1|2|2|1
26791,5,False,5,2,5,5|5|5|5|5|5|1|3|5|5
26796,7,False,7,3,7,7|7|0|7|7|2|7|0|7|7
26806,8,False,8,1,8,8|8|8|8|8|8|8|8|5|8
26811,2,True,7,10,7,6|7|7|7|7|7|7|3|7|7
26830,1,True,4,10,4,4|4|4|4|4|4|4|4|4|4
26851,7,False,7,1,7,7|7|7|7|7|7|7|3|7|7
26852,9,False,9,2,9,9|9|9|9|9|9|9|9|5|5
26858,7,False,7,1,7,7|7|3|7|7|7|7|7|7|7
26861,3,True,7,4,3,3|4|3|7|3|4|3|3|3|4
26865,4,False,4,3,4,4|4|8|4|4|4|2|4|4|2
26868,9,False,9,3,9,9|9|9|9|9|9|5|9|5|5
26874,1,True,5,10,3,3|3|3|3|3|3|3|3|3|3
26881,1,False,1,10,-1,9|5|5|9|9|9|5|9|5|5
26884,5,False,5,6,3,5|5|5|3|3|3|3|5|3|3
26898,8,False,8,1,8,8|8|8|8|8|8|8|8|5|8
26900,1,True,3,10,6,6|6|8|8|6|6|6|6|6|6
26905,1,False,1,6,-1,5|2|2|1|1|1|1|2|2|5
26919,6,False,6,2,6,6|6|8|6|6|6|6|8|6|6
26936,4,False,4,0,4,4|4|4|4|4|4|4|4|4|4
26940,6,False,6,0,6,6|6|6|6|6|6|6|6|6|6
26942,9,False,9,2,9,9|9|9|9|9|9|9|9|5|5
26964,1,True,3,10,3,3|3|3|3|3|3|3|5|3|3
26972,5,True,9,8,9,9|9|9|9|9|9|9|9|5|5
26973,7,False,7,1,7,7|4|7|7|7|7|7|7|7|7
26998,5,False,5,10,7,7|7|3|7|4|7|7|3|7|7
27009,1,False,1,8,5,1|5|2|9|5|9|1|5|5|5
27019,1,False,1,8,0,1|0|0|1|0|8|6|0|0|5
27020,1,True,3,10,3,2|6|3|3|3|3|6|2|6|7
27028,4,False,4,0,4,4|4|4|4|4|4|4|4|4|4
27036,7,False,7,8,4,4|4|7|4|7|4|4|4|4|4
27064,3,False,3,3,3,3|3|5|3|3|3|3|3|5|5
27074,1,True,4,10,4,4|4|2|4|4|4|4|4|4|2
27076,2,False,2,8,-1,4|2|2|7|6|6|8|4|6|4
27089,1,False,1,5,1,1|5|2|1|1|1|1|5|2|5
27122,9,False,9,5,9,9|9|8|4|9|9|9|8|5|0
27161,3,True,7,9,7,3|7|7|7|7|7|4|7|7|7
27164,6,False,6,1,6,6|9|6|6|6|6|6|6|6|6
27172,7,False,7,0,7,7|7|7|7|7|7|7|7|7|7
27199,4,False,4,5,4,4|4|7|4|7|9|0|4|4|7
27223,5,False,5,0,5,5|5|5|5|5|5|5|5|5|5
27231,0,False,0,1,0,0|0|0|0|0|8|0|0|0|0
27253,2,False,2,6,4,2|2|2|4|4|4|4|4|4|2
27271,8,False,8,1,8,8|8|8|8|8|8|8|8|5|8
27293,8,False,8,1,8,8|8|8|8|8|8|8|8|5|8
27302,1,True,4,10,4,4|4|4|4|4|4|3|4|3|4
27304,5,True,3,10,3,3|3|3|3|3|3|3|3|3|3
27316,1,True,5,10,5,5|3|5|5|5|3|5|5|5|5
27333,2,False,2,1,2,2|2|0|2|2|2|2|2|2|2
27337,1,True,8,9,8,1|8|8|8|8|8|8|8|5|8
27340,9,False,9,9,5,9|5|5|5|5|5|5|5|5|5
27344,9,False,9,2,9,9|9|9|9|9|9|9|9|5|5
27361,1,True,3,10,3,5|5|3|3|3|3|3|3|5|3
27387,1,True,5,10,5,5|2|5|5|5|5|5|5|5|5
27392,5,False,5,2,5,5|3|5|3|5|5|5|5|5|5
27393,2,False,2,0,2,2|2|2|2|2|2|2|2|2|2
27404,5,True,1,5,-1,1|5|5|5|1|1|1|5|5|1
27405,1,False,1,8,2,2|2|2|2|2|1|2|2|2|1
27411,3,True,7,6,-1,3|7|7|3|7|1|7|3|6|3
27413,3,False,3,0,3,3|3|3|3|3|3|3|3|3|3
27428,4,False,4,0,4,4|4|4|4|4|4|4|4|4|4
27452,7,False,7,2,7,7|4|7|7|7|7|7|7|4|7
27467,1,True,3,10,3,3|3|3|3|3|3|3|3|3|3
27469,4,False,4,0,4,4|4|4|4|4|4|4|4|4|4
27480,2,False,2,2,2,2|4|2|2|2|2|2|2|4|2
27481,9,True,7,9,-1,5|4|2|7|5|7|9|3|5|7
27492,2,False,2,0,2,2|2|2|2|2|2|2|2|2|2
27508,6,False,6,0,6,6|6|6|6|6|6|6|6|6|6
27511,3,True,7,10,7,7|4|7|4|7|7|7|7|4|7
27514,5,False,5,8,3,3|4|5|3|4|3|1|3|5|3
27518,4,False,4,0,4,4|4|4|4|4|4|4|4|4|4
27542,9,True,2,10,2,2|2|2|2|2|2|2|2|2|2
27544,3,False,3,0,3,3|3|3|3|3|3|3|3|3|3
27554,8,True,6,6,6,6|6|8|8|6|6|8|8|0|6
27569,9,False,9,3,9,9|9|9|9|9|9|5|9|5|5
27575,9,False,9,2,9,9|9|9|9|9|9|9|9|5|5
27578,9,True,2,10,5,2|5|2|2|5|5|5|2|5|5
27582,1,False,1,4,1,1|2|2|1|1|1|1|2|5|1
27587,2,False,2,5,2,2|2|2|7|4|2|5|5|5|2
27630,1,True,4,10,4,4|0|4|4|0|4|4|0|0|4
27644,4,False,4,5,4,4|2|2|4|4|4|3|4|2|2
27648,6,False,6,1,6,6|6|7|6|6|6|6|6|6|6
27665,1,True,3,10,3,3|3|3|3|3|3|3|3|3|3
27670,0,True,8,8,8,0|8|8|8|8|8|8|8|0|8
27673,1,True,3,10,5,5|9|3|5|3|9|5|5|5|3
27678,6,False,6,4,6,6|8|8|8|8|6|6|6|6|6
27681,6,True,0,10,0,0|0|0|0|0|0|0|0|0|0
27688,6,False,6,3,6,6|6|8|8|3|6|6|6|6|6
27689,5,False,5,0,5,5|5|5|5|5|5|5|5|5|5
27695,5,True,9,8,9,9|9|9|9|9|9|9|9|5|5
27703,0,False,0,0,0,0|0|0|0|0|0|0|0|0|0
27717,9,False,9,2,9,9|9|9|9|9|9|9|9|5|5
27725,4,False,4,0,4,4|4|4|4|4|4|4|4|4|4
27737,2,False,2,0,2,2|2|2|2|2|2|2|2|2|2
27739,6,False,6,3,6,6|6|8|7|6|6|7|6|6|6
27747,1,True,8,10,8,8|8|8|8|8|8|8|8|8|8
27768,6,True,0,7,-1,6|9|8|2|6|8|6|8|4|4
27769,1,False,1,3,1,1|1|2|1|1|1|1|5|5|1
27776,5,False,5,0,5,5|5|5|5|5|5|5|5|5|5
27777,0,False,0,0,0,0|0|0|0|0|0|0|0|0|0
27784,5,True,9,9,9,9|9|9|9|9|9|9|9|5|2
27790,1,True,4,10,4,4|4|4|4|4|4|4|4|4|4
27793,9,True,6,9,-1,9|3|3|6|6|8|3|8|0|6
27794,2,True,1,9,8,6|9|8|8|8|8|8|2|6|6
27799,5,True,9,6,9,9|5|9|9|9|9|9|5|5|5
27828,2,True,5,10,3,3|3|3|3|3|3|3|3|3|3
27835,5,False,5,5,-1,2|5|2|2|5|5|2|5|2|5
27839,8,False,8,1,8,8|8|8|8|8|8|8|8|5|8
27841,1,True,8,9,8,1|0|8|0|0|8|8|8|0|8
27845,2,False,2,0,2,2|2|2|2|2|2|2|2|2|2
27855,0,False,0,1,0,0|0|0|0|0|2|0|0|0|0
27865,4,True,2,10,2,2|2|3|2|2|2|3|2|5|3
27867,0,False,0,0,0,0|0|0|0|0|0|0|0|0|0
27886,1,True,8,8,8,1|1|8|8|8|8|8|8|5|8
27890,1,True,5,10,6,6|2|8|2|6|6|2|8|5|6
27891,4,False,4,3,4,4|4|7|4|4|4|4|4|7|7
27901,6,True,0,10,0,0|0|0|0|0|0|0|0|0|0
27916,7,False,7,0,7,7|7|7|7|7|7|7|7|7|7
27923,4,False,4,4,4,3|4|3|3|4|4|4|4|5|4
27935,1,True,4,10,4,4|4|4|4|4|4|2|4|4|4
27944,0,False,0,0,0,0|0|0|0|0|0|0|0|0|0
27947,5,False,5,1,5,5|5|3|5|5|5|5|5|5|5
27960,8,False,8,3,8,8|8|8|0|8|8|8|8|0|0
28018,1,False,1,3,1,1|1|2|1|1|1|1|5|5|1
28023,2,True,7,10,7,7|7|7|7|7|7|7|7|3|7
28027,2,True,1,5,-1,2|2|2|1|1|1|1|2|2|1
28058,1,True,3,10,3,3|3|3|3|3|3|3|3|3|3
28067,1,True,3,9,4,3|4|0|4|3|4|3|4|5|1
28087,7,False,7,1,7,7|7|7|7|7|7|7|7|4|7
28088,6,False,6,1,6,6|9|6|6|6|6|6|6|6|6
28108,2,False,2,0,2,2|2|2|2|2|2|2|2|2|2
28111,7,False,7,7,-1,7|5|8|7|3|1|7|3|3|5
28112,2,False,2,5,-1,2|0|0|0|2|2|2|0|0|2
28113,0,False,0,0,0,0|0|0|0|0|0|0|0|0|0
28114,2,False,2,0,2,2|2|2|2|2|2|2|2|2|2
28119,5,True,9,8,9,9|9|9|9|9|9|9|9|5|5
28149,1,True,3,10,3,6|3|3|3|6|3|6|3|6|3
28151,2,True,4,10,4,4|4|4|4|4|4|4|4|4|4
28172,5,False,5,2,5,5|5|2|5|7|5|5|5|5|5
28180,1,True,8,10,8,8|8|8|8|8|8|8|8|5|8
28210,5,True,1,7,1,1|5|1|1|1|1|1|5|5|1
28218,5,False,5,4,5,3|5|5|5|3|3|5|3|5|5
28236,6,False,6,1,6,6|6|8|6|6|6|6|6|6|6
28241,1,True,5,10,5,5|5|5|5|5|5|5|5|5|5
28244,2,True,1,5,-1,2|1|2|2|1|1|1|2|2|1
28249,4,True,7,9,7,4|7|7|7|7|7|7|7|7|7
28259,9,False,9,9,5,5|5|5|5|5|9|5|5|5|5
28277,6,False,6,2,6,7|6|6|7|6|6|6|6|6|6
28279,8,False,8,3,8,1|8|8|8|8|8|8|0|0|8
28282,5,False,5,3,5,5|5|2|5|5|5|5|3|5|2
28291,2,False,2,0,2,2|2|2|2|2|2|2|2|2|2
28313,4,False,4,0,4,4|4|4|4|4|4|4|4|4|4
28316,1,True,3,10,3,3|3|3|3|3|3|3|0|3|3
28319,4,False,4,0,4,4|4|4|4|4|4|4|4|4|4
28321,1,True,5,9,3,5|3|3|5|5|3|1|3|5|3
28323,8,False,8,2,8,1|8|8|8|8|8|8|8|0|8
28336,5,False,5,5,5,5|5|3|5|3|3|1|3|5|5
28339,1,True,5,10,-1,3|5|5|5|3|5|3|3|3|5
28341,1,True,5,10,5,5|5|5|5|5|5|5|5|5|5
28361,3,False,3,2,3,3|3|5|3|3|3|3|5|3|3
28365,5,True,9,8,9,9|9|9|9|9|9|9|9|5|5
28371,9,False,9,2,9,9|9|9|9|9|9|9|9|5|5
28410,2,False,2,0,2,2|2|2|2|2|2|2|2|2|2
28411,5,False,5,7,3,5|3|3|4|5|7|3|3|5|3
28422,2,False,2,0,2,2|2|2|2|2|2|2|2|2|2
28440,2,True,5,8,3,2|3|3|3|3|3|2|3|3|3
28443,2,False,2,0,2,2|2|2|2|2|2|2|2|2|2
28455,7,False,7,0,7,7|7|7|7|7|7|7|7|7|7
28457,3,False,3,0,3,3|3|3|3|3|3|3|3|3|3
28474,1,False,1,6,5,5|5|5|5|1|1|1|5|5|1
28475,5,False,5,9,4,3|4|7|4|4|7|4|7|5|4
28476,1,False,1,3,1,1|1|2|1|1|1|1|5|5|1
28477,3,False,3,1,3,3|3|3|3|3|3|3|3|2|3
28480,3,True,7,8,7,7|7|3|7|7|7|3|7|7|7
28482,6,False,6,2,6,6|6|6|7|6|6|6|6|6|5
28483,5,True,9,7,9,9|9|9|9|5|9|9|9|5|5
28493,8,False,8,0,8,8|8|8|8|8|8|8|8|8|8
28496,3,True,7,10,7,4|7|7|7|7|7|7|7|7|7
28501,6,False,6,1,6,6|6|8|6|6|6|6|6|6|6
28508,5,False,5,3,5,5|5|5|5|5|3|5|3|3|5
28523,1,True,3,10,3,3|3|3|3|3|3|3|3|3|3
28529,3,False,3,1,3,3|3|3|3|3|3|3|3|5|3
28534,9,False,9,5,-1,9|5|9|9|9|5|5|9|5|5
28537,8,False,8,6,8,1|9|8|1|8|8|8|9|5|5
28552,2,True,1,9,0,0|9|0|1|5|2|1|0|0|5
28571,9,False,9,10,0,0|1|0|0|0|8|8|8|5|0
28586,8,False,8,1,8,8|8|8|8|8|8|8|8|5|8
28602,5,False,5,0,5,5|5|5|5|5|5|5|5|5|5
28626,1,False,1,4,1,1|2|1|3|1|1|1|2|2|1
28631,1,True,3,10,3,3|3|3|3|3|3|3|3|3|3
28633,1,True,5,10,3,5|3|3|5|3|3|5|3|5|3
28636,0,False,0,1,0,0|0|0|0|0|0|2|0|0|0
28649,1,True,4,10,4,4|4|4|4|4|4|4|4|4|4
28686,9,True,2,10,2,2|2|4|2|2|4|2|2|4|7
28689,9,True,2,10,2,2|2|2|2|2|2|2|2|2|2
28702,9,False,9,2,9,9|9|9|9|9|9|9|9|5|5
28715,9,True,7,10,7,7|7|7|7|7|7|7|7|7|7
28731,3,False,3,6,5,3|3|5|5|3|5|5|5|5|3
28751,4,False,4,0,4,4|4|4|4|4|4|4|4|4|4
28752,4,False,4,0,4,4|4|4|4|4|4|4|4|4|4
28758,1,True,5,10,5,5|5|5|5|5|3|5|3|5|5
28765,0,False,0,9,8,0|8|8|8|8|8|8|8|5|8
28798,1,False,1,6,-1,5|5|2|5|1|1|1|5|2|1
28800,0,True,8,8,8,0|8|8|8|8|8|0|8|8|8
28805,1,False,1,5,1,1|2|2|1|1|1|1|2|2|5
28809,4,False,4,0,4,4|4|4|4|4|4|4|4|4|4
28824,1,True,3,10,3,3|3|5|3|5|3|3|3|3|3
28840,1,False,1,3,1,1|1|2|1|1|1|1|2|2|1
28872,9,True,2,10,2,2|2|2|2|2|2|2|2|2|2
28875,4,False,4,0,4,4|4|4|4|4|4|4|4|4|4
28883,6,True,0,9,0,6|0|0|0|0|8|0|0|0|0
28888,5,True,9,8,9,9|9|9|9|9|9|9|9|5|5
28895,9,True,7,10,7,7|7|7|7|7|7|7|7|7|7
28907,9,False,9,2,9,9|9|9|9|9|9|9|9|5|5
28909,5,False,5,1,5,5|5|5|5|5|3|5|5|5|5
28912,0,False,0,4,0,0|0|0|2|0|2|0|2|2|0
28942,1,True,3,10,9,3|5|5|9|9|9|9|9|5|5
28952,5,False,5,0,5,5|5|5|5|5|5|5|5|5|5
28964,3,False,3,0,3,3|3|3|3|3|3|3|3|3|3
28968,5,True,9,8,9,9|9|9|9|9|9|9|9|5|5
28972,0,False,0,0,0,0|0|0|0|0|0|0|0|0|0
28975,5,True,1,7,1,1|1|5|1|1|1|1|5|5|1
28996,3,False,3,0,3,3|3|3|3|3|3|3|3|3|3
29005,5,True,2,10,2,2|2|0|2|2|2|2|2|2|2
29024,1,True,4,10,4,4|4|4|4|4|4|4|4|4|4
29025,5,True,9,6,5,1|9|2|9|5|5|1|9|5|5
29043,5,True,9,7,9,9|9|9|9|9|9|5|9|5|5
29052,1,True,4,10,4,4|4|4|4|4|4|4|4|4|4
29060,0,False,0,0,0,0|0|0|0|0|0|0|0|0|0
29061,5,False,5,0,5,5|5|5|5|5|5|5|5|5|5
29072,5,True,9,8,9,9|9|9|9|9|9|9|9|5|5
29075,1,True,8,10,8,8|8|8|8|8|8|8|8|8|8
29101,1,True,4,10,-1,6|4|8|3|4|4|3|6|3|7
29104,0,False,0,0,0,0|0|0|0|0|0|0|0|0|0
29141,4,True,6,10,6,6|6|8|6|6|6|6|6|6|6
29153,6,True,0,10,-1,0|0|8|8|8|8|8|0|0|0
29154,3,False,3,1,3,3|3|3|3|3|3|1|3|3|3
29155,7,False,7,0,7,7|7|7|7|7|7|7|7|7|7
29159,1,True,3,10,3,3|2|3|3|3|3|3|2|2|3
29173,0,False,0,0,0,0|0|0|0|0|0|0|0|0|0
29192,4,False,4,4,4,4|4|0|4|4|4|4|0|0|0
29217,9,True,6,10,6,6|6|8|2|6|6|6|6|6|6
29218,4,False,4,0,4,4|4|4|4|4|4|4|4|4|4
29241,6,False,6,0,6,6|6|6|6|6|6|6|6|6|6
29266,5,False,5,0,5,5|5|5|5|5|5|5|5|5|5
29277,1,False,1,5,1,1|1|8|8|8|1|1|8|5|1
29278,1,True,4,10,4,4|4|4|4|4|4|4|4|4|4
29280,0,False,0,1,0,0|0|0|2|0|0|0|0|0|0
29303,2,False,2,1,2,2|2|2|2|2|2|2|4|2|2
29321,1,True,5,10,5,3|5|5|5|5|5|5|5|5|5
29336,0,False,0,0,0,0|0|0|0|0|0|0|0|0|0
29338,6,True,0,10,0,0|0|0|0|0|0|0|0|0|0
29364,0,False,0,2,0,0|0|0|0|0|8|0|8|0|0
29375,6,False,6,2,6,6|6|6|8|6|6|6|6|0|6
29376,4,False,4,6,4,4|4|3|3|4|4|3|5|5|1
29385,7,True,6,8,6,7|6|7|6|6|6|6|6|6|6
29387,7,False,7,2,7,7|7|7|7|7|5|7|7|7|5
29401,9,False,9,4,9,9|9|5|9|9|5|9|9|5|5
29408,7,True,6,9,6,7|6|6|6|6|6|6|6|6|6
29418,5,True,9,8,9,9|9|9|9|9|9|9|9|5|5
29450,5,False,5,1,5,5|5|3|5|5|5|5|5|5|5
29460,3,False,3,0,3,3|3|3|3|3|3|3|3|3|3
29464,3,False,3,0,3,3|3|3|3|3|3|3|3|3|3
29487,0,False,0,0,0,0|0|0|0|0|0|0|0|0|0
29511,9,True,2,10,2,2|2|2|2|2|2|2|2|2|2
29513,0,False,0,0,0,0|0|0|0|0|0|0|0|0|0
29520,1,True,3,10,3,3|2|3|3|3|3|3|3|3|3
29522,2,True,1,9,5,5|5|2|5|5|5|1|5|5|5
29535,9,True,7,10,7,7|7|7|7|7|7|7|7|7|7
29536,1,False,1,5,1,1|1|2|8|1|1|1|8|5|8
29540,0,False,0,0,0,0|0|0|0|0|0|0|0|0|0
29544,0,False,0,2,0,0|0|0|0|0|8|6|0|0|0
29570,4,True,2,10,2,2|2|2|2|2|2|2|2|2|2
29577,5,False,5,6,3,5|3|3|3|5|5|3|3|5|3
29585,5,True,9,7,9,9|9|9|9|9|9|5|9|5|5
29596,0,False,0,0,0,0|0|0|0|0|0|0|0|0|0
29622,4,True,7,10,7,7|7|7|7|7|7|7|7|7|7
29644,9,True,7,10,7,7|7|7|7|7|7|7|7|7|7
29650,9,True,2,10,2,2|2|2|2|2|2|2|2|2|2
29651,9,False,9,5,-1,9|5|9|9|5|9|5|9|5|5
29652,2,True,7,10,7,3|7|7|7|7|7|7|5|7|3
29653,0,False,0,7,0,0|9|2|7|0|9|0|2|5|5
29659,0,False,0,4,0,0|0|8|0|8|8|8|0|0|0
29660,5,False,5,2,5,5|5|3|5|5|5|5|3|5|5
29699,1,False,1,5,1,2|2|2|1|1|1|1|2|5|1
29764,8,False,8,1,8,8|8|8|8|8|8|8|8|5|8
29769,5,False,5,1,5,2|5|5|5|5|5|5|5|5|5
29770,4,False,4,1,4,4|2|4|4|4|4|4|4|4|4
29774,2,True,5,9,5,2|5|5|5|5|5|5|5|5|5
29790,6,False,6,1,6,6|6|6|8|6|6|6|6|6|6
29793,3,False,3,6,3,3|3|7|4|3|7|3|7|5|1
29813,1,False,1,9,5,2|5|2|5|5|9|1|2|5|5
29814,2,False,2,2,2,2|2|0|2|2|2|2|2|4|2
29830,1,True,4,10,4,4|4|4|4|4|4|4|4|4|4
29849,4,False,4,0,4,4|4|4|4|4|4|4|4|4|4
29857,1,True,5,10,5,5|5|5|5|5|5|5|5|5|5
29882,1,True,8,10,8,8|8|8|8|8|8|8|8|0|8
29899,7,False,7,2,7,7|7|3|4|7|7|7|7|7|7
29902,0,True,2,9,2,0|2|2|2|2|2|2|2|2|2
29908,5,True,1,7,1,1|5|1|1|1|1|1|5|5|1
29909,5,True,9,8,9,9|9|9|9|9|8|9|9|5|5
29921,1,True,5,10,6,6|6|8|6|6|6|6|6|6|8
29924,5,True,9,7,9,9|9|9|9|9|9|5|9|5|5
29925,5,True,2,10,2,2|2|2|2|2|2|2|2|2|2
29931,6,False,6,5,6,6|9|8|6|8|6|6|8|6|8
29944,0,False,0,0,0,0|0|0|0|0|0|0|0|0|0
29949,8,False,8,0,8,8|8|8|8|8|8|8|8|8|8
29959,1,False,1,6,5,1|5|2|1|5|1|1|5|5|5
29966,1,False,1,4,1,1|1|2|1|2|1|1|2|2|1
29970,5,False,5,9,8,1|1|2|8|5|8|1|8|0|8
29978,5,True,9,8,9,9|9|2|9|9|9|9|9|5|5
29995,2,False,2,0,2,2|2|2|2|2|2|2|2|2|2
30004,7,False,7,1,7,7|7|7|7|7|7|7|3|7|7
30006,1,False,1,8,5,5|5|2|9|5|1|1|5|5|5
30017,5,False,5,8,4,4|5|4|4|4|4|5|4|2|2
30023,2,False,2,0,2,2|2|2|2|2|2|2|2|2|2
30032,7,False,7,1,7,7|6|7|7|7|7|7|7|7|7
30048,0,False,0,0,0,0|0|0|0|0|0|0|0|0|0
30067,2,False,2,1,2,2|2|2|2|2|2|4|2|2|2
30068,9,False,9,2,9,9|9|9|9|9|9|9|9|5|5
30073,5,True,9,8,9,9|9|9|9|9|9|9|9|5|5
30074,8,True,6,9,6,6|9|8|6|6|6|6|6|6|6
30115,3,False,3,9,4,4|4|2|4|4|4|1|3|5|1
30125,4,False,4,0,4,4|4|4|4|4|4|4|4|4|4
30143,6,False,6,0,6,6|6|6|6|6|6|6|6|6|6
30151,1,True,4,10,4,4|4|4|4|4|4|4|4|6|4
30167,7,False,7,0,7,7|7|7|7|7|7|7|7|7|7
30170,3,False,3,0,3,3|3|3|3|3|3|3|3|3|3
30182,5,True,1,5,-1,1|5|5|1|5|1|1|5|5|1
30185,1,True,4,10,4,4|4|4|4|4|4|4|4|4|4
30193,9,True,6,10,8,1|8|8|8|8|8|8|8|5|8
30196,5,False,5,8,3,3|3|3|5|3|3|1|3|5|7
30216,9,True,7,10,7,7|7|7|7|7|7|7|7|7|7
30251,6,True,2,10,2,2|2|2|2|2|2|2|2|2|2
30257,0,False,0,0,0,0|0|0|0|0|0|0|0|0|0
30261,0,True,8,10,8,8|8|8|8|8|8|8|8|5|8
30264,9,True,7,10,7,7|7|7|7|7|7|7|7|7|7
30271,0,False,0,0,0,0|0|0|0|0|0|0|0|0|0
30272,0,False,0,2,0,0|9|0|0|0|8|0|0|0|0
30293,5,True,1,10,1,1|1|2|1|1|1|1|2|2|1
30319,3,True,7,8,7,3|9|2|7|7|9|7|3|5|7
30323,6,False,6,9,3,7|6|3|3|3|3|3|3|3|3
30325,2,False,2,0,2,2|2|2|2|2|2|2|2|2|2
30335,8,False,8,2,8,8|8|8|8|8|8|8|0|0|8
30340,3,True,7,10,7,4|4|7|7|7|7|7|4|4|7
30355,6,True,0,10,0,0|0|0|0|0|2|0|0|0|0
30365,2,False,2,0,2,2|2|2|2|2|2|2|2|2|2
30381,5,False,5,0,5,5|5|5|5|5|5|5|5|5|5
30408,0,False,0,0,0,0|0|0|0|0|0|0|0|0|0
30410,7,False,7,0,7,7|7|7|7|7|7|7|7|7|7
30413,4,False,4,2,4,4|4|4|7|4|4|4|4|4|7
30430,7,False,7,1,7,7|9|7|7|7|7|7|7|7|7
30449,7,True,4,10,4,4|4|4|4|4|4|4|4|3|4
30453,4,True,2,10,2,2|2|2|9|2|2|2|2|2|2
30461,1,True,3,10,3,3|3|3|3|3|3|3|3|5|3
30476,1,True,3,10,3,3|3|3|3|3|3|3|3|3|3
30486,1,False,1,6,2,2|2|2|1|2|1|1|2|2|1
30507,1,True,4,10,4,4|4|4|4|4|4|4|4|4|4
30511,0,True,2,10,2,2|2|2|2|2|2|2|2|2|2
30535,0,False,0,4,0,0|9|6|0|6|0|0|0|4|0
30569,6,False,6,3,6,6|2|8|7|6|6|6|6|6|6
30583,7,True,6,10,6,6|6|6|6|6|6|6|6|6|6
30587,3,False,3,1,3,3|3|3|5|3|3|3|3|3|3
30599,7,False,7,5,7,7|4|3|7|7|5|1|3|7|7
30612,9,True,2,10,2,2|2|2|2|2|2|2|2|2|2
30617,4,True,7,10,7,7|7|7|7|7|7|7|7|7|7
30624,3,False,3,0,3,3|3|3|3|3|3|3|3|3|3
30626,7,True,6,6,6,7|6|7|7|6|6|7|6|6|6
30628,2,False,2,0,2,2|2|2|2|2|2|2|2|2|2
30635,0,False,0,0,0,0|0|0|0|0|0|0|0|0|0
30648,5,True,9,7,9,9|9|5|9|9|9|9|9|5|5
30655,4,False,4,4,4,4|4|2|4|4|0|0|4|4|2
30656,9,False,9,3,9,9|9|5|9|9|9|9|9|5|5
30658,9,False,9,2,9,9|9|9|9|9|9|9|9|5|5
30666,6,False,6,0,6,6|6|6|6|6|6|6|6|6|6
30684,1,True,5,10,3,3|3|3|3|3|3|3|3|3|3
30690,9,True,2,10,2,2|2|2|2|2|2|2|2|2|2
30693,1,False,1,4,1,1|5|2|1|1|1|1|5|5|1
30695,0,False,0,7,-1,0|9|2|8|0|8|8|9|5|0
30701,5,False,5,10,3,3|6|3|6|3|3|3|3|3|1
30719,4,False,4,3,4,4|4|4|4|4|3|4|3|3|4
30737,1,True,3,10,3,2|2|3|2|3|2|3|3|3|5
30738,2,True,1,7,1,1|2|2|1|1|1|1|2|5|1
30744,0,False,0,1,0,0|0|0|0|0|0|6|0|0|0
30747,1,False,1,5,1,1|2|2|8|1|1|1|8|5|1
30754,1,True,3,10,-1,5|3|8|3|3|8|5|6|5|7
30773,9,False,9,2,9,9|9|9|9|9|9|9|9|5|5
30788,1,True,8,9,8,1|8|8|8|8|8|8|8|5|8
30791,2,False,2,8,4,4|4|4|4|4|4|2|2|4|4
30792,1,False,1,4,1,1|5|5|1|1|1|1|8|5|1
30793,5,False,5,4,5,5|3|5|5|5|3|1|5|5|3
30798,6,False,6,1,6,6|9|6|6|6|6|6|6|6|6
30810,1,False,1,3,1,1|1|2|1|1|1|1|2|2|1
30812,6,False,6,2,6,6|6|8|7|6|6|6|6|6|6
30815,1,True,4,10,4,4|4|2|4|4|4|4|4|4|4
30817,1,True,3,10,3,3|3|3|3|3|3|3|3|3|3
30828,8,True,6,10,6,6|6|7|7|6|6|6|6|6|6
30840,1,False,1,7,5,1|5|2|1|5|9|1|9|5|5
30849,2,False,2,0,2,2|2|2|2|2|2|2|2|2|2
30861,5,True,9,8,9,9|9|9|9|9|9|9|9|5|5
30865,5,True,1,10,1,1|2|2|1|1|1|1|2|2|1
30873,5,True,9,8,9,9|9|9|9|9|9|9|9|5|5
30874,2,False,2,10,-1,7|7|4|0|0|4|4|7|4|7
30877,8,True,6,9,6,6|6|6|6|6|6|8|6|6|6
30881,1,True,4,10,4,4|4|4|4|4|4|4|4|4|4
30883,7,False,7,1,7,7|7|3|7|7|7|7|7|7|7
30885,4,False,4,0,4,4|4|4|4|4|4|4|4|4|4
30889,1,True,5,9,3,3|3|5|3|3|3|1|3|5|3
30903,5,True,9,8,9,9|9|9|9|9|9|9|9|5|5
30907,4,False,4,0,4,4|4|4|4|4|4|4|4|4|4
30913,0,False,0,0,0,0|0|0|0|0|0|0|0|0|0
30923,1,False,1,4,1,1|5|2|1|1|1|1|5|5|1
30934,9,False,9,2,9,9|9|9|9|9|9|9|9|5|5
30947,3,False,3,7,5,3|4|5|5|3|5|3|5|5|1
30950,4,False,4,10,5,5|5|3|5|5|3|1|3|5|5
30956,7,False,7,0,7,7|7|7|7|7|7|7|7|7|7
30964,3,False,3,1,3,3|3|3|3|4|3|3|3|3|3
30980,2,False,2,4,2,4|4|2|4|2|2|2|2|4|2
30989,1,True,5,10,5,5|5|5|5|5|5|5|5|5|5
30995,3,False,3,1,3,3|3|3|3|3|3|1|3|3|3
31008,9,False,9,2,9,9|9|9|9|9|9|9|9|5|5
31022,1,True,3,10,3,3|3|3|3|3|3|3|3|3|3
31052,1,True,8,9,8,1|8|8|8|8|8|8|8|5|8
31077,5,True,9,8,3,5|9|3|3|9|9|1|3|5|3
31094,1,True,3,10,3,5|3|3|3|3|5|3|5|3|3
31102,1,False,1,6,-1,2|1|2|1|1|1|5|2|2|5
31117,3,True,7,10,7,7|7|7|7|7|7|7|7|7|7
31123,9,True,7,10,7,7|7|7|7|7|7|7|7|7|7
31141,3,False,3,2,3,3|3|3|3|3|2|7|3|3|3
31157,0,True,8,9,8,8|8|8|8|8|8|8|8|0|8
31161,3,False,3,7,4,4|4|3|2|4|2|4|3|5|3
31165,0,False,0,0,0,0|0|0|0|0|0|0|0|0|0
31168,8,False,8,0,8,8|8|8|8|8|8|8|8|8|8
31175,6,False,6,5,6,6|9|8|8|6|6|8|6|0|6
31179,3,False,3,8,5,5|3|3|5|5|5|5|5|5|5
31182,8,False,8,1,8,8|8|8|8|8|8|8|8|5|8
31200,2,True,5,10,3,3|5|3|7|3|3|1|3|3|5
31202,1,True,8,10,8,0|8|8|8|8|8|0|8|0|8
31227,4,False,4,1,4,4|4|7|4|4|4|4|4|4|4
31239,1,True,4,10,4,4|4|4|4|4|4|4|4|4|4
31240,5,False,5,0,5,5|5|5|5|5|5|5|5|5|5
31278,8,False,8,0,8,8|8|8|8|8|8|8|8|8|8
31288,5,True,1,9,8,1|1|1|8|1|8|8|8|5|8
31289,2,False,2,1,2,2|2|2|4|2|2|2|2|2|2
31300,5,True,1,10,-1,2|2|2|1|1|1|1|2|2|1
31302,1,True,5,10,5,5|5|5|5|5|5|5|5|5|5
31308,2,False,2,5,2,3|4|7|2|5|2|2|2|5|2
31326,7,False,7,1,7,7|7|3|7|7|7|7|7|7|7
31327,8,False,8,0,8,8|8|8|8|8|8|8|8|8|8
31331,3,True,7,10,7,7|7|7|7|7|7|7|7|7|7
31348,1,False,1,3,1,1|1|2|1|1|1|1|2|5|1
31363,2,True,1,6,1,2|2|2|1|1|1|1|8|2|1
31367,8,False,8,1,8,8|8|8|8|8|8|8|8|5|8
31398,6,False,6,1,6,6|6|6|7|6|6|6|6|6|6
31420,2,False,2,8,5,5|5|2|2|5|5|1|5|3|5
31421,6,False,6,10,5,5|5|5|5|5|5|5|5|5|5
31426,1,True,8,10,8,8|8|8|8|8|8|8|8|5|8
31429,4,False,4,1,4,4|7|4|4|4|4|4|4|4|4
31459,0,False,0,0,0,0|0|0|0|0|0|0|0|0|0
31477,7,False,7,0,7,7|7|7|7|7|7|7|7|7|7
31488,0,False,0,0,0,0|0|0|0|0|0|0|0|0|0
31494,2,True,5,10,5,5|5|5|7|3|5|5|5|5|7
31502,5,True,1,7,1,1|1|5|1|1|1|1|5|5|1
31524,9,False,9,2,9,9|9|9|9|9|9|9|9|5|5
31525,5,False,5,0,5,5|5|5|5|5|5|5|5|5|5
31558,8,True,6,8,6,6|6|6|8|6|6|8|6|6|6
31564,6,False,6,1,6,6|6|8|6|6|6|6|6|6|6
31572,5,True,2,10,2,2|2|2|2|2|2|2|2|2|2
31592,5,False,5,3,5,5|2|5|2|5|2|5|5|5|5
31604,1,False,1,3,1,1|1|2|1|1|1|1|5|5|1
31606,3,False,3,0,3,3|3|3|3|3|3|3|3|3|3
31610,3,False,3,0,3,3|3|3|3|3|3|3|3|3|3
31611,5,False,5,3,5,5|5|5|5|7|5|3|5|5|3
31612,1,True,4,10,4,4|4|4|4|4|4|4|4|5|4
31618,5,True,9,8,9,9|9|9|9|9|9|9|9|5|5
31632,3,False,3,0,3,3|3|3|3|3|3|3|3|3|3
31657,1,False,1,10,9,9|9|2|9|9|9|5|9|5|5
31658,0,False,0,0,0,0|0|0|0|0|0|0|0|0|0
31659,9,True,7,10,7,7|7|7|7|7|7|7|7|7|7
31687,2,False,2,0,2,2|2|2|2|2|2|2|2|2|2
31694,1,False,1,8,0,1|0|2|0|0|0|1|0|2|0
31705,2,False,2,3,2,2|2|0|2|0|2|2|2|0|2
31741,5,True,2,7,2,5|2|5|2|2|2|2|5|2|2
31743,2,False,2,10,6,6|3|6|8|3|6|6|6|6|6
31751,1,True,4,10,4,4|4|4|4|4|4|4|4|4|4
31757,0,False,0,0,0,0|0|0|0|0|0|0|0|0|0
31770,4,True,2,8,7,4|2|7|7|7|4|7|3|5|2
31784,6,False,6,1,6,6|6|8|6|6|6|6|6|6|6
31804,4,False,4,4,4,4|4|7|4|7|7|7|4|4|4
31809,9,True,2,10,2,2|2|2|2|2|2|2|2|2|2
31812,6,False,6,2,6,6|6|8|8|6|6|6|6|6|6
31813,0,True,2,10,2,2|2|2|2|2|2|2|2|2|2
31830,5,True,1,9,1,1|1|2|1|1|1|1|2|5|1
31835,6,False,6,10,0,0|0|0|0|0|0|0|0|0|0
31842,6,False,6,5,6,6|9|8|8|6|6|6|6|0|8
31844,3,False,3,2,3,3|3|3|3|3|2|3|3|2|3
31870,9,False,9,6,-1,1|9|2|9|5|5|9|9|5|5
31882,2,False,2,0,2,2|2|2|2|2|2|2|2|2|2
31885,9,False,9,2,9,9|9|9|9|9|9|9|9|5|5
31900,3,False,3,0,3,3|3|3|3|3|3|3|3|3|3
31906,6,False,6,8,3,6|3|3|3|3|4|6|3|3|3
31920,5,True,9,8,9,9|9|9|9|9|9|9|9|5|5
31932,1,True,4,10,4,4|4|4|4|4|4|4|4|4|4
31933,8,True,6,9,6,6|6|8|6|6|6|6|6|6|6
31936,1,True,3,10,3,3|3|3|3|3|3|3|3|3|3
31943,6,False,6,5,-1,6|6|3|3|3|6|6|3|3|6
31957,1,False,1,5,-1,2|2|2|1|1|1|1|2|2|1
31976,6,True,0,10,0,0|0|0|0|0|0|0|0|0|0
31982,4,True,7,7,7,7|4|7|4|7|4|7|7|7|7
31983,9,False,9,2,9,9|9|9|9|9|9|9|9|5|5
32002,0,False,0,0,0,0|0|0|0|0|0|0|0|0|0
32008,5,True,9,6,9,9|5|5|9|9|9|9|9|5|5
32040,9,False,9,2,9,9|9|9|9|9|9|9|9|5|5
32045,2,False,2,5,2,2|2|2|7|2|7|4|4|2|7
32050,1,True,4,10,4,4|4|4|4|4|4|4|4|4|3
32053,7,False,7,3,7,4|7|7|7|7|7|7|4|4|7
32058,6,True,0,10,0,0|0|0|0|0|0|0|0|0|0
32061,7,False,7,3,7,7|7|3|7|7|7|3|7|3|7
32070,6,True,0,10,0,0|0|0|0|0|0|0|0|0|0
32083,1,False,1,8,5,5|5|5|9|1|5|1|5|5|5
32093,1,True,5,10,5,5|5|5|5|5|5|5|5|5|5
32109,6,True,0,10,0,0|0|0|0|0|0|0|0|0|0
32122,1,True,5,10,5,5|5|5|5|5|5|5|5|5|5
32141,2,False,2,2,2,2|2|2|2|2|2|2|4|4|2
32150,7,False,7,0,7,7|7|7|7|7|7|7|7|7|7
32154,7,False,7,0,7,7|7|7|7|7|7|7|7|7|7
32164,5,True,9,8,9,9|9|9|9|9|9|9|9|5|5
32174,6,False,6,4,6,6|6|8|8|6|6|8|6|0|6
32176,5,True,9,8,9,9|9|9|9|9|9|9|9|5|5
32182,8,False,8,2,8,8|8|8|8|8|8|8|0|0|8
32187,7,False,7,2,7,7|7|3|7|7|7|7|3|7|7
32203,8,False,8,10,0,0|0|4|0|0|2|0|0|0|0
32226,5,True,1,8,1,1|1|2|1|2|8|1|5|5|1
32238,5,False,5,10,7,7|2|7|7|7|7|7|7|7|7
32243,8,False,8,1,8,8|8|8|8|8|8|8|8|5|8
32245,9,False,9,10,5,2|5|2|5|1|1|5|2|5|1
32257,2,False,2,0,2,2|2|2|2|2|2|2|2|2|2
32272,5,False,5,0,5,5|5|5|5|5|5|5|5|5|5
32299,2,False,2,0,2,2|2|2|2|2|2|2|2|2|2
32303,1,True,4,10,4,4|4|4|7|4|4|4|4|4|4
32308,9,True,2,10,2,2|2|2|2|2|2|2|2|2|2
32309,0,False,0,0,0,0|0|0|0|0|0|0|0|0|0
32321,9,True,2,10,2,2|2|2|3|2|2|3|3|2|5
32331,8,False,8,1,8,8|8|8|8|8|8|8|8|5|8
32343,7,False,7,0,7,7|7|7|7|7|7|7|7|7|7
32360,8,False,8,0,8,8|8|8|8|8|8|8|8|8|8
32368,4,False,4,1,4,4|4|3|4|4|4|4|4|4|4
32373,1,True,4,10,4,4|4|4|4|4|4|4|4|4|4
32407,9,False,9,2,9,9|9|9|9|9|9|9|9|5|5
32435,6,False,6,4,6,6|6|8|8|6|6|8|6|0|6
32438,5,True,1,3,5,1|5|5|5|5|5|1|5|5|1
32449,1,True,3,10,3,5|3|5|3|3|5|3|3|3|3
32453,5,True,1,7,1,5|5|2|1|1|1|1|2|5|1
32458,2,True,1,10,9,9|5|9|9|3|9|3|3|5|5
32462,1,False,1,3,1,1|1|2|1|1|1|1|2|5|1
32464,1,True,8,10,8,8|8|8|8|8|8|8|8|5|8
32476,9,False,9,6,-1,9|9|8|0|9|8|8|9|5|8
32486,5,True,1,6,1,1|1|5|1|1|1|1|5|5|5
32492,1,False,1,10,9,9|9|9|9|9|9|5|5|5|5
32501,8,False,8,1,8,8|8|8|8|8|8|8|8|5|8
32502,1,False,1,4,1,1|5|5|1|1|1|1|5|5|1
32504,1,True,3,10,3,3|3|3|3|3|3|3|3|3|3
32529,5,False,5,0,5,5|5|5|5|5|5|5|5|5|5
32530,2,True,5,8,5,2|5|5|5|5|5|5|2|5|5
32546,4,True,7,10,7,7|7|7|7|7|7|7|7|5|7
32569,6,False,6,8,3,6|3|3|3|3|6|3|3|3|3
32581,7,True,6,10,6,6|6|6|3|6|6|6|6|6|6
32585,1,True,4,10,2,3|2|2|2|2|0|4|2|0|4
32589,5,True,9,8,9,9|9|9|9|9|9|9|9|5|5
32618,8,False,8,3,8,1|0|8|8|8|8|8|8|0|8
32623,1,False,1,3,1,1|1|5|1|1|1|1|5|5|1
32636,1,True,5,10,5,5|5|2|7|7|7|7|5|5|5
32642,2,False,2,1,2,2|2|2|2|2|2|2|2|4|2
32649,1,True,3,9,3,6|3|8|1|3|2|3|6|5|3
32658,1,True,5,10,5,5|5|5|5|5|5|5|5|5|5
32663,8,False,8,6,0,8|0|0|8|0|8|0|0|0|8
32687,9,True,2,10,2,2|2|2|2|2|2|2|2|2|2
32695,1,True,3,10,3,3|3|3|3|3|3|3|3|3|3
32702,3,False,3,4,3,3|3|8|3|3|6|3|3|7|6
32708,0,False,0,9,2,0|2|2|2|2|2|3|2|4|2
32723,2,False,2,0,2,2|2|2|2|2|2|2|2|2|2
32731,4,False,4,7,-1,4|4|7|4|3|7|2|2|5|2
32736,2,True,1,5,2,2|2|2|1|1|1|1|2|2|5
32761,0,False,0,0,0,0|0|0|0|0|0|0|0|0|0
32764,5,False,5,7,4,5|6|4|5|4|4|5|4|4|7
32767,8,False,8,1,8,1|8|8|8|8|8|8|8|8|8
32775,6,True,0,10,0,0|0|0|0|0|0|0|0|0|0
32788,1,True,5,10,5,5|5|5|5|5|5|5|5|5|5
32797,4,False,4,1,4,4|2|4|4|4|4|4|4|4|4
32808,1,True,3,9,3,3|3|3|3|3|3|3|3|3|1
32835,5,False,5,2,5,5|5|5|5|5|5|2|5|5|2
32845,5,False,5,1,5,5|3|5|5|5|5|5|5|5|5
32859,7,True,6,9,0,7|0|0|0|0|0|0|0|0|0
32861,8,False,8,1,8,8|8|8|8|8|8|8|8|5|8
32899,0,True,2,10,2,2|2|2|2|2|2|2|2|2|2
32904,6,False,6,2,6,6|6|6|7|6|4|6|6|6|6
32905,6,True,0,9,8,1|0|8|0|8|8|6|8|0|8
32906,5,False,5,0,5,5|5|5|5|5|5|5|5|5|5
32911,3,True,7,10,7,7|7|7|7|7|7|7|7|7|7
32913,1,False,1,7,5,1|5|2|5|9|5|1|5|5|1
32918,6,False,6,2,6,6|4|8|6|6|6|6|6|6|6
32921,5,True,9,8,9,9|9|9|9|9|9|9|9|5|5
32938,1,True,3,10,3,3|3|3|3|3|3|3|3|3|3
32941,1,False,1,5,1,1|1|2|5|1|1|1|2|5|5
32947,4,False,4,10,5,5|5|5|3|3|3|5|5|5|3
32948,3,True,7,10,7,7|7|7|7|7|7|7|7|7|7
32953,8,True,6,10,4,6|4|2|6|4|6|4|2|4|7
33013,1,True,4,10,6,6|9|8|6|6|6|6|6|6|6
33014,8,False,8,0,8,8|8|8|8|8|8|8|8|8|8
33020,4,False,4,0,4,4|4|4|4|4|4|4|4|4|4
33021,9,True,2,10,0,2|0|0|0|0|0|2|0|0|0
33050,5,True,1,6,1,1|1|5|5|1|1|1|5|5|1
33058,6,True,0,10,0,0|0|0|0|0|0|0|0|0|0
33081,2,False,2,1,2,2|2|2|7|2|2|2|2|2|2
33084,9,True,2,9,2,2|2|2|7|2|9|2|2|2|2
33085,2,True,1,6,1,2|5|2|1|1|1|1|2|2|1
33090,5,True,2,10,2,2|2|2|2|2|2|2|2|2|2
33103,2,False,2,1,2,2|2|2|2|2|2|2|2|0|2
33125,5,False,5,7,3,3|3|3|3|3|3|5|5|5|3
33138,5,False,5,0,5,5|5|5|5|5|5|5|5|5|5
33142,5,False,5,0,5,5|5|5|5|5|5|5|5|5|5
33154,5,False,5,6,3,5|5|5|3|3|3|3|3|5|1
33155,7,False,7,1,7,7|7|7|7|7|7|7|3|7|7
33171,4,False,4,0,4,4|4|4|4|4|4|4|4|4|4
33172,5,False,5,1,5,5|5|2|5|5|5|5|5|5|5
33176,3,True,7,8,7,3|7|7|7|7|7|7|3|7|7
33189,9,True,7,10,7,7|7|7|7|7|7|7|3|7|7
33239,4,False,4,0,4,4|4|4|4|4|4|4|4|4|4
33240,8,False,8,2,8,1|8|8|8|8|8|8|8|5|8
33261,1,False,1,4,1,1|2|2|1|1|1|1|5|5|1
33265,7,False,7,0,7,7|7|7|7|7|7|7|7|7|7
33267,3,False,3,7,4,3|2|2|7|4|3|3|4|4|4
33285,1,False,1,4,1,1|1|8|1|1|1|1|8|5|8
33300,2,False,2,8,4,2|4|2|4|4|4|4|4|4|4
33303,2,False,2,8,4,2|4|8|4|4|4|4|2|4|4
33331,5,False,5,0,5,5|5|5|5|5|5|5|5|5|5
33334,4,False,4,0,4,4|4|4|4|4|4|4|4|4|4
33344,9,False,9,2,9,9|9|9|9|9|9|9|9|5|5
33357,4,False,4,0,4,4|4|4|4|4|4|4|4|4|4
33366,6,False,6,2,6,6|9|6|8|6|6|6|6|6|6
33374,7,False,7,9,4,7|4|4|4|4|4|4|4|4|4
33377,2,False,2,3,2,4|2|4|4|2|2|2|2|2|2
33378,4,False,4,1,4,4|4|3|4|4|4|4|4|4|4
33382,7,False,7,0,7,7|7|7|7|7|7|7|7|7|7
33404,9,False,9,2,9,9|9|9|9|9|9|9|9|5|5
33412,2,False,2,2,2,0|2|2|2|0|2|2|2|2|2
33419,6,True,0,10,0,0|0|0|0|0|0|0|0|0|0
33444,5,True,9,4,5,5|9|5|5|1|5|1|5|2|5
33446,1,True,8,9,8,1|8|8|8|8|8|8|8|5|8
33447,0,False,0,5,0,0|5|0|0|0|9|5|0|5|5
33461,0,False,0,0,0,0|0|0|0|0|0|0|0|0|0
33462,2,False,2,1,2,2|2|2|2|2|2|2|7|2|2
33465,1,True,4,10,4,4|4|4|4|4|4|4|4|4|4
33467,5,False,5,3,5,5|3|5|5|5|5|1|5|3|5
33493,2,False,2,2,2,2|2|2|2|2|2|2|4|4|2
33494,1,True,5,9,8,0|9|8|8|1|8|5|8|5|3
33496,7,False,7,0,7,7|7|7|7|7|7|7|7|7|7
33497,6,False,6,0,6,6|6|6|6|6|6|6|6|6|6
33498,9,True,2,10,4,2|4|2|4|2|4|2|4|4|4
33503,2,False,2,0,2,2|2|2|2|2|2|2|2|2|2
33522,4,True,7,10,7,7|7|7|7|7|7|7|2|7|7
33543,6,False,6,2,6,6|9|6|6|6|6|6|3|6|6
33573,6,True,0,10,0,0|0|0|0|0|0|0|0|0|0
33583,7,False,7,0,7,7|7|7|7|7|7|7|7|7|7
33587,9,True,2,10,2,2|2|2|2|2|2|2|2|2|2
33613,8,False,8,0,8,8|8|8|8|8|8|8|8|8|8
33615,1,False,1,10,5,9|9|2|3|3|3|5|5|5|5
33626,8,False,8,2,8,8|8|8|8|8|8|8|0|0|8
33627,7,True,6,10,6,6|9|8|8|6|6|8|6|0|6
33629,5,False,5,0,5,5|5|5|5|5|5|5|5|5|5
33633,3,False,3,0,3,3|3|3|3|3|3|3|3|3|3
33635,1,True,3,10,3,3|3|3|3|3|3|3|3|3|3
33673,4,False,4,0,4,4|4|4|4|4|4|4|4|4|4
33709,3,False,3,1,3,3|3|3|3|3|3|3|3|3|5
33714,3,False,3,1,3,3|3|5|3|3|3|3|3|3|3
33717,3,False,3,0,3,3|3|3|3|3|3|3|3|3|3
33722,7,False,7,4,7,3|7|7|4|7|7|4|3|7|7
33724,2,True,1,10,5,1|5|5|5|5|1|1|5|5|1
33736,9,False,9,2,9,9|9|9|9|9|9|9|9|5|5
33744,1,True,4,10,4,3|4|4|4|4|4|4|4|4|4
33760,1,True,8,10,8,8|8|8|8|8|8|8|8|5|8
33761,1,True,8,9,8,1|8|8|8|8|8|8|8|8|8
33767,6,True,0,10,8,0|8|8|8|8|0|8|0|0|8
33777,8,True,2,9,2,3|3|8|2|2|2|2|2|2|2
33780,0,False,0,0,0,0|0|0|0|0|0|0|0|0|0
33790,9,False,9,2,9,9|9|9|9|9|9|9|9|5|5
33793,2,False,2,8,3,2|0|7|3|6|2|3|3|0|7
33808,0,True,1,10,1,1|1|2|1|1|1|1|1|5|1
33819,0,False,0,0,0,0|0|0|0|0|0|0|0|0|0
33834,9,True,2,10,2,2|0|2|2|2|2|2|2|2|2
33838,2,True,1,4,2,2|2|2|2|1|1|1|2|2|1
33839,9,False,9,2,9,9|9|9|9|9|9|9|9|5|5
33843,7,False,7,0,7,7|7|7|7|7|7|7|7|7|7
33847,1,False,1,4,1,1|5|5|1|1|1|1|2|5|1
33864,6,True,0,10,0,0|0|8|0|0|0|0|0|0|0
33886,5,True,9,6,9,0|5|9|9|9|5|9|9|5|5
33895,0,False,0,8,-1,0|2|3|0|2|6|3|1|4|7
33898,9,False,9,2,9,9|9|9|9|9|9|9|9|5|5
33900,9,False,9,2,9,9|9|9|9|9|9|9|9|5|5
33906,1,True,4,10,4,4|4|2|4|4|4|4|4|4|4
33913,5,True,9,8,9,9|9|9|9|9|9|9|9|5|5
33923,0,False,0,4,0,0|0|4|0|3|0|7|0|0|7
33925,1,True,3,10,3,3|3|3|3|3|3|3|2|3|3
33931,5,False,5,10,7,7|7|7|7|7|7|7|7|7|7
33935,2,True,7,10,7,7|7|7|7|7|7|7|7|7|7
33949,7,False,7,10,6,6|9|8|5|6|9|2|6|5|2
33958,9,False,9,5,9,9|9|0|9|9|8|0|9|5|0
33972,3,False,3,0,3,3|3|3|3|3|3|3|3|3|3
33993,1,True,4,10,4,4|4|4|4|4|7|4|4|4|7
34005,3,False,3,1,3,3|3|3|3|3|3|3|3|5|3
34016,3,False,3,0,3,3|3|3|3|3|3|3|3|3|3
34025,7,False,7,0,7,7|7|7|7|7|7|7|7|7|7
34028,6,False,6,2,6,6|6|7|7|6|6|6|6|6|6
34031,9,True,6,10,6,6|6|6|6|6|6|6|6|6|6
34040,6,True,0,10,0,0|0|0|0|0|0|0|0|0|0
34049,9,False,9,2,9,9|9|9|9|9|9|9|9|5|5
34058,6,False,6,1,6,6|6|6|8|6|6|6|6|6|6
34066,9,True,1,10,1,1|1|2|5|1|1|1|5|5|5
34070,0,False,0,0,0,0|0|0|0|0|0|0|0|0|0
34082,1,True,4,10,4,4|4|4|4|4|4|4|4|2|4
34094,8,False,8,1,8,8|8|8|8|8|8|8|8|0|8
34111,1,True,5,10,5,5|5|5|5|5|5|5|5|5|5
34113,7,False,7,0,7,7|7|7|7|7|7|7|7|7|7
34129,5,True,9,8,9,9|9|9|9|9|9|9|9|5|5
34133,2,True,5,10,5,5|5|5|5|5|5|5|5|5|5
34140,8,False,8,0,8,8|8|8|8|8|8|8|8|8|8
34148,9,True,6,10,6,6|6|6|6|6|6|6|6|6|6
34158,9,False,9,4,9,9|9|0|9|9|2|9|9|5|5
34166,2,False,2,0,2,2|2|2|2|2|2|2|2|2|2
34167,1,True,4,10,4,4|4|4|4|4|4|4|4|4|4
34200,0,True,2,10,2,2|2|2|2|2|2|2|2|2|2
34201,6,True,0,10,0,0|0|0|0|0|0|0|0|0|0
34208,8,False,8,1,8,1|8|8|8|8|8|8|8|8|8
34210,1,True,8,10,8,8|8|8|8|8|8|8|8|5|8
34211,6,False,6,2,6,6|9|6|6|6|6|7|6|6|6
34218,2,False,2,1,2,2|2|2|2|2|2|2|5|2|2
34219,2,False,2,2,2,2|2|2|2|6|2|2|2|6|2
34221,1,True,5,10,5,5|5|5|5|5|5|5|5|5|5
34232,5,True,9,7,9,9|9|9|9|9|9|5|9|5|5
34280,6,True,0,10,0,0|0|8|0|0|0|0|0|0|0
34315,1,True,8,10,8,8|8|8|8|8|8|8|8|5|8
34331,1,True,4,10,7,3|7|7|7|7|4|3|3|7|4
34338,7,True,6,10,6,6|6|6|6|6|6|6|6|6|6
34351,1,True,8,10,9,9|9|9|9|9|9|9|9|5|5
34368,7,True,6,9,6,6|6|8|6|6|6|7|6|6|6
34376,5,True,1,3,5,1|5|5|5|5|1|1|5|5|5
34377,9,True,2,10,2,2|2|2|2|2|2|2|2|2|2
34384,4,False,4,2,4,4|4|8|3|4|4|4|4|4|4
34389,1,True,5,10,3,3|3|3|3|3|3|3|3|3|3
34417,0,False,0,0,0,0|0|0|0|0|0|0|0|0|0
34426,1,False,1,9,5,5|5|5|5|5|1|5|5|5|5
34428,7,False,7,10,3,3|3|3|3|3|3|3|3|3|3
34444,5,False,5,7,2,5|2|2|2|2|2|5|2|5|2
34458,5,False,5,0,5,5|5|5|5|5|5|5|5|5|5
34464,4,False,4,4,4,4|4|4|4|4|4|3|7|2|1
34473,8,False,8,1,8,8|8|8|8|8|8|8|8|0|8
34483,9,False,9,2,9,9|9|9|9|9|9|9|9|5|5
34486,3,False,3,5,3,3|5|5|3|5|3|1|3|5|3
34489,1,False,1,3,1,1|1|2|1|1|1|1|2|2|1
34491,8,False,8,1,8,8|8|8|8|8|8|8|8|0|8
34497,2,False,2,3,2,2|0|2|0|2|2|2|2|0|2
34500,6,True,0,10,0,0|0|0|0|0|0|0|0|0|0
34506,7,False,7,0,7,7|7|7|7|7|7|7|7|7|7
34510,3,False,3,0,3,3|3|3|3|3|3|3|3|3|3
34512,5,False,5,0,5,5|5|5|5|5|5|5|5|5|5
34520,7,False,7,0,7,7|7|7|7|7|7|7|7|7|7
34543,6,False,6,0,6,6|6|6|6|6|6|6|6|6|6
34547,0,False,0,0,0,0|0|0|0|0|0|0|0|0|0
34553,9,True,2,10,2,2|2|2|2|2|2|2|2|2|6
34559,4,True,7,10,5,5|5|2|5|5|5|5|5|5|5
34597,2,False,2,9,0,0|2|0|0|0|0|0|0|0|0
34619,8,False,8,2,8,1|8|8|8|8|8|8|8|5|8
34621,8,True,6,8,6,6|6|7|8|6|6|8|6|6|6
34644,6,False,6,0,6,6|6|6|6|6|6|6|6|6|6
34653,8,True,2,10,2,2|2|2|2|2|2|2|2|2|2
34675,1,False,1,10,5,5|5|5|5|5|5|5|5|5|5
34687,5,False,5,6,2,2|2|2|5|2|2|2|5|5|5
34697,2,True,1,5,-1,2|2|2|1|1|1|1|2|2|1
34699,4,False,4,0,4,4|4|4|4|4|4|4|4|4|4
34716,6,False,6,1,6,6|6|8|6|6|6|6|6|6|6
34718,8,False,8,8,4,4|4|8|7|4|4|6|6|8|6
34729,2,False,2,0,2,2|2|2|2|2|2|2|2|2|2
34745,0,False,0,0,0,0|0|0|0|0|0|0|0|0|0
34753,9,False,9,2,9,9|9|9|9|9|9|9|9|5|5
34758,6,True,0,10,0,0|0|0|0|0|0|0|0|0|0
34772,5,True,9,8,-1,9|9|8|9|9|8|5|8|5|8
34784,4,False,4,10,0,8|0|0|8|0|0|8|0|0|0
34791,2,True,1,6,1,1|2|2|1|1|8|1|2|2|1
34813,1,False,1,5,1,1|5|2|1|1|1|1|5|5|5
34817,8,True,6,8,6,6|9|6|8|6|6|8|6|0|6
34824,1,True,4,10,4,4|4|4|4|4|4|4|4|4|4
34831,0,False,0,0,0,0|0|0|0|0|0|0|0|0|0
34839,1,True,5,10,5,5|5|5|5|5|5|3|5|3|5
34849,6,False,6,7,3,1|6|3|3|6|3|3|6|3|3
34873,4,True,2,10,2,2|2|2|2|2|2|2|2|2|2
34882,4,False,4,4,4,4|4|2|2|4|4|2|4|4|2
34890,2,True,1,10,1,1|1|5|1|1|1|1|5|5|1
34899,7,False,7,0,7,7|7|7|7|7|7|7|7|7|7
34906,1,False,1,4,1,1|2|2|1|1|1|1|2|2|1
34909,1,False,1,3,1,1|1|2|1|1|1|1|2|5|1
34941,1,True,5,10,5,5|2|5|5|5|5|5|5|5|5
34945,5,False,5,3,5,5|3|5|5|3|5|5|5|5|3
34951,6,False,6,2,6,6|6|8|7|6|6|6|6|6|6
34960,2,False,2,1,2,2|2|4|2|2|2|2|2|2|2
34977,8,False,8,1,8,8|8|8|8|8|8|8|8|5|8
34981,9,True,2,10,7,2|7|2|7|4|7|7|7|7|7
34986,8,True,6,8,6,6|6|6|8|6|6|8|6|6|6
35004,5,True,1,9,2,1|2|2|1|1|1|2|2|2|5
35013,1,True,8,10,8,8|8|8|8|8|8|8|8|5|8
35017,6,False,6,5,6,6|9|8|7|6|9|6|6|7|6
35018,8,False,8,8,0,8|9|0|0|9|8|9|0|5|0
35020,7,False,7,10,3,4|4|3|3|5|3|5|4|3|2
35027,1,True,4,10,4,4|4|4|4|4|4|4|4|4|4
35044,5,False,5,2,5,5|5|3|5|3|5|5|5|5|5
35050,4,False,4,0,4,4|4|4|4|4|4|4|4|4|4
35057,5,True,9,7,9,9|9|5|2|9|9|5|9|5|0
35069,9,True,2,10,2,2|2|2|2|2|2|2|2|2|2
35070,5,True,1,5,5,5|5|2|1|1|1|1|5|5|5
35071,3,False,3,5,3,3|5|5|3|3|3|1|5|3|5
35082,7,False,7,2,7,7|7|7|3|7|7|7|7|3|7
35089,6,True,0,10,0,0|0|0|0|0|0|0|0|0|0
35109,1,True,8,10,-1,0|0|8|0|8|0|8|8|0|8
35112,5,False,5,6,3,5|5|3|3|3|3|5|3|5|3
35140,2,False,2,3,2,2|2|7|2|2|2|3|2|7|2
35141,1,True,3,10,6,6|6|7|3|6|6|6|6|6|6
35152,5,False,5,4,5,2|5|5|5|2|3|5|2|5|5
35159,9,False,9,2,9,9|9|9|9|9|9|9|9|5|5
35167,5,True,9,10,0,0|9|0|9|9|8|6|8|0|0
35171,1,True,8,10,0,0|0|0|0|8|8|6|8|0|8
35191,9,True,2,10,2,2|2|2|2|2|2|2|2|2|2
35192,8,False,8,1,8,8|8|8|8|8|8|8|8|5|8
35198,1,True,4,10,4,7|4|7|7|4|7|4|4|4|4
35199,8,False,8,0,8,8|8|8|8|8|8|8|8|8|8
35202,0,False,0,0,0,0|0|0|0|0|0|0|0|0|0
35225,6,False,6,1,6,6|6|6|7|6|6|6|6|6|6
35226,2,False,2,1,2,2|4|2|2|2|2|2|2|2|2
35235,1,False,1,5,1,1|1|8|1|1|8|1|2|5|5
35248,0,False,0,0,0,0|0|0|0|0|0|0|0|0|0
35251,9,False,9,2,9,9|9|9|9|9|9|9|9|5|5
35263,9,True,0,10,0,0|0|0|0|0|0|0|0|0|0
35268,8,False,8,0,8,8|8|8|8|8|8|8|8|8|8
35297,9,False,9,2,9,9|9|9|9|9|9|9|9|5|5
35318,4,False,4,0,4,4|4|4|4|4|4|4|4|4|4
35323,1,True,3,10,6,6|3|7|7|6|6|6|6|6|6
35331,9,False,9,2,9,9|9|9|9|9|9|9|9|5|5
35338,1,False,1,3,1,1|1|2|1|1|1|1|2|2|1
35344,1,False,1,4,1,2|1|2|1|1|1|1|2|2|1
35355,1,False,1,3,1,1|1|2|1|1|1|1|2|5|1
35387,2,False,2,0,2,2|2|2|2|2|2|2|2|2|2
35401,2,True,1,9,1,1|5|2|1|1|1|1|5|5|5
35402,5,True,9,8,9,9|9|9|9|9|9|9|9|5|5
35427,1,True,3,10,3,3|3|3|3|3|3|3|4|3|3
35439,6,False,6,0,6,6|6|6|6|6|6|6|6|6|6
35441,1,True,8,10,8,8|8|8|8|8|8|8|8|5|8
35444,7,True,6,8,6,7|6|8|8|6|6|6|8|6|7
35473,4,True,7,9,7,4|7|7|7|7|7|7|3|7|7
35514,4,False,4,0,4,4|4|4|4|4|4|4|4|4|4
35531,5,True,1,3,5,5|5|5|5|1|5|1|5|5|1
35542,5,True,9,7,9,9|9|9|9|9|9|5|9|5|5
35562,8,False,8,1,8,8|8|8|8|8|8|8|8|0|8
35574,9,False,9,6,5,1|9|5|9|9|9|5|5|5|5
35584,7,False,7,0,7,7|7|7|7|7|7|7|7|7|7
35597,9,True,2,10,2,2|2|2|0|2|2|2|2|2|2
35604,5,False,5,10,3,3|3|3|3|3|3|3|3|3|3
35609,5,False,5,3,5,5|3|5|5|5|5|1|5|5|3
35618,9,False,9,2,9,9|9|9|9|9|9|9|9|5|5
35622,4,False,4,1,4,4|4|7|4|4|4|4|4|4|4
35646,0,True,8,8,8,8|8|8|8|8|8|0|8|0|8
35647,9,True,7,9,7,7|9|7|7|7|7|7|7|7|7
35658,0,False,0,6,8,0|8|0|0|8|8|6|8|0|8
35665,0,False,0,1,0,0|0|8|0|0|0|0|0|0|0
35668,1,False,1,5,1,1|5|8|8|1|1|1|2|5|1
35700,0,False,0,0,0,0|0|0|0|0|0|0|0|0|0
35718,2,False,2,0,2,2|2|2|2|2|2|2|2|2|2
35726,8,False,8,1,8,8|8|8|8|8|8|8|8|5|8
35739,6,False,6,0,6,6|6|6|6|6|6|6|6|6|6
35759,3,False,3,5,3,3|5|5|3|5|3|3|3|5|7
35774,4,False,4,7,3,4|3|4|4|3|3|3|3|3|3
35775,5,False,5,6,3,3|5|2|3|3|3|5|3|5|5
35779,1,False,1,6,5,1|5|5|9|1|1|1|5|5|5
35788,0,False,0,1,0,0|0|0|7|0|0|0|0|0|0
35795,9,False,9,3,9,9|5|9|9|9|9|9|9|5|5
35797,4,False,4,0,4,4|4|4|4|4|4|4|4|4|4
35799,5,True,1,1,5,5|5|5|5|5|5|5|5|3|5
35805,5,True,1,9,1,1|1|2|1|1|1|1|2|5|1
35816,9,True,7,10,7,7|7|7|7|7|7|7|7|7|7
35836,1,True,3,10,3,3|3|3|3|3|3|3|3|5|3
35839,4,False,4,10,7,7|7|7|7|7|7|7|7|7|7
35840,2,True,1,9,1,1|1|2|5|1|1|1|5|5|5
35846,0,False,0,0,0,0|0|0|0|0|0|0|0|0|0
35859,0,False,0,0,0,0|0|0|0|0|0|0|0|0|0
35860,4,True,2,10,2,2|2|0|2|2|2|2|2|2|2
35866,1,False,1,4,1,1|1|2|5|1|1|1|5|5|1
35867,1,True,5,10,3,5|3|3|3|3|3|3|3|3|3
35869,7,False,7,10,5,5|5|5|5|5|2|5|3|5|5
35879,2,True,5,8,5,2|5|5|2|5|5|5|5|5|5
35881,1,True,8,9,8,1|0|8|8|8|8|8|0|0|8
35885,8,False,8,1,8,8|8|8|8|8|8|8|8|5|8
35886,9,False,9,2,9,9|9|9|9|9|9|9|9|5|5
35896,1,True,8,10,8,8|8|8|8|8|8|8|8|5|8
35906,5,False,5,10,3,3|3|3|3|3|3|3|3|3|3
35915,1,True,4,10,4,4|4|4|4|4|4|4|4|4|4
35917,8,False,8,1,8,8|8|8|8|8|8|8|8|5|8
35928,6,False,6,0,6,6|6|6|6|6|6|6|6|6|6
35931,3,False,3,4,3,3|3|3|3|5|3|3|5|5|1
35946,4,False,4,3,4,4|4|2|4|4|4|2|4|2|4
35961,5,True,9,8,9,9|9|9|9|9|9|9|9|5|5
35981,9,False,9,2,9,9|9|9|9|9|9|9|9|5|5
35986,3,True,7,1,3,3|3|2|3|3|3|3|3|3|3
35995,1,True,8,9,8,1|8|8|8|8|8|8|8|0|8
36028,5,True,1,6,1,1|5|5|1|1|1|1|5|5|1
36030,5,False,5,8,3,5|3|3|3|3|3|3|3|5|3
36045,5,True,9,8,9,9|9|9|9|9|9|9|9|5|5
36049,0,False,0,3,0,0|0|0|0|0|2|0|0|4|4
36050,9,False,9,6,5,9|9|5|9|5|9|5|5|5|5
36065,7,False,7,1,7,7|7|7|7|7|7|7|7|4|7
36083,1,True,4,10,4,4|4|4|4|4|4|4|4|4|4
36085,2,True,1,9,1,1|1|1|1|1|1|1|2|5|1
36099,9,False,9,5,9,3|9|3|9|9|9|3|9|5|5
36126,5,False,5,0,5,5|5|5|5|5|5|5|5|5|5
36133,9,True,7,10,7,7|7|7|7|7|7|7|7|7|7
36134,0,False,0,10,2,2|2|2|2|2|2|2|2|2|2
36148,6,True,0,10,0,0|0|0|0|0|0|0|0|0|0
36153,1,False,1,4,1,1|2|2|1|1|1|1|2|2|1
36166,5,False,5,1,5,5|5|5|5|5|5|5|5|5|3
36174,7,False,7,3,7,7|7|3|2|7|7|7|7|2|7
36221,1,True,8,10,8,8|0|8|8|8|8|8|0|0|8
36225,4,False,4,0,4,4|4|4|4|4|4|4|4|4|4
36231,0,False,0,0,0,0|0|0|0|0|0|0|0|0|0
36232,8,True,6,8,6,6|6|6|8|6|6|6|8|6|6
36233,5,False,5,0,5,5|5|5|5|5|5|5|5|5|5
36250,5,True,9,8,9,9|9|9|9|9|9|9|9|5|5
36262,1,True,8,10,8,8|8|8|8|8|8|8|8|5|8
36266,9,False,9,2,9,9|9|9|9|9|9|9|9|5|5
36268,9,True,2,10,0,0|0|0|0|0|0|0|0|0|0
36284,6,False,6,5,-1,6|8|8|8|8|6|8|6|6|6
36289,6,True,0,10,0,0|0|0|0|0|0|0|0|0|0
36303,7,False,7,4,7,7|7|2|7|3|7|7|2|5|7
36306,7,False,7,0,7,7|7|7|7|7|7|7|7|7|7
36330,2,False,2,0,2,2|2|2|2|2|2|2|2|2|2
36364,9,True,7,9,3,3|3|3|9|3|3|7|3|3|3
36366,1,True,3,10,3,3|3|3|3|3|3|3|3|3|3
36371,1,True,8,10,8,4|0|8|8|8|8|8|8|5|8
36373,7,True,6,9,6,6|6|7|6|6|6|6|6|6|6
36374,0,False,0,0,0,0|0|0|0|0|0|0|0|0|0
36378,5,False,5,2,5,5|5|3|5|3|5|5|5|5|5
36406,1,True,4,10,4,4|3|4|4|4|4|3|3|5|3
36425,1,True,3,10,4,4|4|2|4|4|7|5|4|4|5
36437,1,True,4,10,4,4|4|4|4|4|4|4|4|4|4
36439,5,False,5,0,5,5|5|5|5|5|5|5|5|5|5
36443,8,False,8,1,8,8|8|8|8|8|8|8|8|5|8
36457,1,True,4,10,4,4|4|4|4|4|4|4|4|4|4
36461,9,False,9,2,9,9|9|9|9|9|9|9|9|5|5
36462,6,False,6,3,6,6|6|7|6|7|6|6|6|7|6
36474,3,False,3,10,4,4|4|4|4|4|4|7|4|4|4
36482,6,True,0,10,0,0|0|0|0|0|0|0|0|0|0
36495,7,False,7,0,7,7|7|7|7|7|7|7|7|7|7
36506,0,False,0,10,5,2|5|5|5|5|9|5|9|5|5
36528,5,False,5,0,5,5|5|5|5|5|5|5|5|5|5
36532,5,False,5,0,5,5|5|5|5|5|5|5|5|5|5
36548,3,False,3,0,3,3|3|3|3|3|3|3|3|3|3
36549,9,False,9,5,-1,9|9|5|9|5|9|5|9|5|5
36560,8,False,8,1,8,8|8|8|8|8|8|8|8|5|8
36565,7,False,7,0,7,7|7|7|7|7|7|7|7|7|7
36572,1,True,4,10,4,4|4|4|4|4|4|4|4|4|4
36577,5,True,9,6,9,5|5|9|9|9|9|9|9|5|5
36579,1,True,8,10,8,8|8|8|8|8|8|8|8|5|8
36592,7,False,7,0,7,7|7|7|7|7|7|7|7|7|7
36617,1,True,5,10,5,5|5|5|5|5|5|5|5|5|5
36628,1,True,8,10,9,9|9|2|9|9|9|5|9|5|5
36635,2,False,2,4,2,5|6|2|2|2|2|5|2|6|2
36668,9,False,9,2,9,9|9|9|9|9|9|9|9|5|5
36705,5,True,9,8,9,9|9|9|9|9|9|9|9|5|5
36709,3,False,3,4,3,3|4|3|4|3|7|3|2|3|3
36718,3,True,7,8,7,3|7|7|4|7|7|7|3|7|4
36720,6,False,6,0,6,6|6|6|6|6|6|6|6|6|6
36739,8,False,8,2,8,8|8|0|8|8|8|6|8|8|8
36758,8,False,8,1,8,8|8|8|8|8|8|8|8|5|8
36773,7,False,7,0,7,7|7|7|7|7|7|7|7|7|7
36797,9,False,9,2,9,9|9|9|9|9|9|9|9|5|5
36798,8,False,8,2,8,1|8|8|8|8|8|8|8|5|8
36813,5,True,1,6,1,1|5|2|1|1|1|1|5|5|5
36816,6,False,6,0,6,6|6|6|6|6|6|6|6|6|6
36824,6,True,7,10,7,7|9|7|7|7|7|7|7|7|7
36828,3,False,3,1,3,3|3|2|3|3|3|3|3|3|3
36833,7,False,7,10,4,4|4|4|4|4|4|4|4|4|4
36841,8,True,6,9,6,6|9|8|6|6|6|6|6|6|6
36851,5,False,5,0,5,5|5|5|5|5|5|5|5|5|5
36877,7,True,6,9,6,7|6|6|6|6|6|6|6|6|6
36890,8,True,3,10,3,3|3|3|3|3|3|3|3|3|3
36891,1,False,1,4,1,1|5|5|1|1|1|1|5|5|1
36899,5,False,5,0,5,5|5|5|5|5|5|5|5|5|5
36902,1,True,8,10,8,8|8|8|8|8|8|8|8|5|8
36915,1,True,4,10,7,4|4|7|4|7|7|7|3|4|7
36920,2,False,2,0,2,2|2|2|2|2|2|2|2|2|2
36921,2,False,2,9,0,0|0|2|3|0|8|0|4|0|0
36923,4,False,4,8,3,3|2|7|4|3|3|3|4|2|7
36936,7,False,7,2,7,7|7|7|7|7|7|3|7|3|7
36938,1,False,1,4,1,1|2|2|1|1|1|1|5|5|1
36947,8,True,6,10,6,6|6|6|6|6|6|6|6|6|6
36951,3,False,3,0,3,3|3|3|3|3|3|3|3|3|3
36968,1,True,4,10,4,4|4|4|4|4|4|4|4|4|4
36987,7,False,7,0,7,7|7|7|7|7|7|7|7|7|7
37000,2,True,7,9,4,4|4|4|6|6|6|4|2|4|6
37014,5,True,9,8,9,9|9|9|9|9|9|9|9|5|5
37016,7,False,7,0,7,7|7|7|7|7|7|7|7|7|7
37026,2,False,2,0,2,2|2|2|2|2|2|2|2|2|2
37029,8,False,8,1,8,8|8|8|8|8|8|8|8|5|8
37030,1,False,1,7,2,2|2|2|1|2|1|2|2|2|1
37041,6,True,0,10,0,0|0|0|0|0|0|0|0|0|0
37052,8,False,8,0,8,8|8|8|8|8|8|8|8|8|8
37058,9,False,9,4,9,9|9|2|9|9|9|5|9|5|5
37061,6,True,0,9,8,0|8|8|8|0|8|6|0|0|8
37068,0,False,0,0,0,0|0|0|0|0|0|0|0|0|0
37082,3,True,7,10,7,7|7|7|7|7|7|7|7|7|7
37085,5,False,5,0,5,5|5|5|5|5|5|5|5|5|5
37104,8,False,8,1,8,8|8|8|8|8|8|8|8|5|8
37122,4,True,7,10,7,5|7|7|7|7|7|7|7|3|7
37123,4,False,4,0,4,4|4|4|4|4|4|4|4|4|4
37126,9,False,9,2,9,9|9|9|9|9|9|9|9|5|5
37136,1,False,1,9,5,5|5|5|9|5|9|1|5|5|5
37142,7,False,7,0,7,7|7|7|7|7|7|7|7|7|7
37144,8,False,8,1,8,1|8|8|8|8|8|8|8|8|8
37147,8,False,8,4,8,1|0|8|8|8|8|6|8|5|8
37160,0,False,0,0,0,0|0|0|0|0|0|0|0|0|0
37167,1,True,3,10,3,3|3|3|3|3|3|3|3|3|3
37176,3,False,3,0,3,3|3|3|3|3|3|3|3|3|3
37186,4,True,7,10,7,7|7|7|7|7|7|7|7|7|7
37189,0,False,0,0,0,0|0|0|0|0|0|0|0|0|0
37190,9,True,7,10,4,4|4|4|2|3|7|7|3|5|1
37207,1,True,8,10,8,8|8|8|8|8|8|8|8|5|8
37210,5,False,5,10,2,2|2|2|2|2|2|3|3|2|2
37212,4,True,2,10,2,2|2|2|2|2|2|2|2|2|2
37218,5,False,5,8,3,3|2|5|3|5|3|3|3|3|2
37251,1,True,3,10,3,3|3|3|3|3|3|3|3|3|3
37259,2,True,1,5,-1,2|2|2|1|1|1|1|2|2|1
37276,0,False,0,0,0,0|0|0|0|0|0|0|0|0|0
37279,0,False,0,0,0,0|0|0|0|0|0|0|0|0|0
37303,5,True,1,8,1,1|5|1|8|1|1|1|2|5|1
37314,9,False,9,2,9,9|9|9|9|9|9|9|9|5|5
37325,0,False,0,0,0,0|0|0|0|0|0|0|0|0|0
37332,6,False,6,2,6,6|6|8|8|6|6|6|6|6|6
37339,9,True,2,9,2,9|2|2|2|6|2|8|4|5|4
37346,7,False,7,0,7,7|7|7|7|7|7|7|7|7|7
37347,9,False,9,2,9,9|9|9|9|9|9|9|9|5|5
37355,6,True,0,10,0,0|0|0|0|0|0|0|0|0|0
37373,2,False,2,1,2,2|2|0|2|2|2|2|2|2|2
37382,2,True,1,10,5,5|1|5|5|5|5|1|5|5|5
37390,5,True,1,7,1,1|5|2|1|1|1|1|5|5|1
37391,2,True,5,7,5,5|2|5|2|5|5|5|2|4|5
37408,3,False,3,3,3,3|9|5|3|3|3|3|3|3|2
37415,3,False,3,8,-1,2|6|7|2|6|2|3|3|6|7
37417,3,False,3,0,3,3|3|3|3|3|3|3|3|3|3
37418,1,False,1,4,1,1|5|2|1|1|1|1|5|5|1
37430,7,False,7,2,7,7|7|7|7|7|7|3|7|3|7
37434,5,False,5,0,5,5|5|5|5|5|5|5|5|5|5
37448,9,True,7,10,7,7|7|7|7|7|7|7|7|7|7
37452,9,False,9,2,9,9|9|9|9|9|9|9|9|5|5
37461,1,False,1,9,-1,9|5|2|9|1|8|9|8|5|8
37471,5,False,5,4,5,5|5|5|5|3|3|3|5|5|3
37499,9,False,9,3,9,9|9|5|9|9|9|9|9|5|5
37524,1,True,8,10,8,8|8|8|8|8|8|6|8|0|8
37536,9,False,9,3,9,9|9|9|9|9|9|9|5|5|5
37544,9,False,9,4,9,9|9|9|9|9|8|5|9|5|0
37555,8,False,8,10,0,0|0|0|0|0|0|0|0|0|0
37578,2,False,2,0,2,2|2|2|2|2|2|2|2|2|2
37587,1,True,8,10,8,8|8|8|8|8|8|8|8|5|8
37589,5,False,5,10,7,7|7|7|7|7|7|7|3|7|7
37592,1,False,1,7,2,2|2|2|1|1|1|2|2|2|5
37609,7,True,6,9,6,6|6|6|7|6|6|6|6|6|6
37611,5,True,1,1,5,5|5|5|5|5|5|1|5|5|5
37617,6,False,6,1,6,6|6|3|6|6|6|6|6|6|6
37629,9,False,9,3,9,9|9|9|9|9|9|5|9|5|5
37632,2,True,5,10,5,5|5|5|5|5|5|3|5|5|5
37643,0,True,8,8,8,8|0|8|8|8|8|8|8|0|8
37654,6,False,6,1,6,6|6|6|8|6|6|6|6|6|6
37657,1,True,3,10,3,3|3|3|3|3|3|4|3|3|3
37668,1,True,3,10,3,5|4|3|3|4|3|4|3|5|3
37677,4,False,4,4,4,4|4|7|7|4|7|7|4|4|4
37680,2,True,5,10,5,5|5|5|5|5|5|5|5|5|5
37681,1,True,8,10,8,8|8|8|8|8|8|8|8|5|8
37689,1,False,1,5,1,2|1|2|1|1|1|1|5|5|5
37693,0,False,0,0,0,0|0|0|0|0|0|0|0|0|0
37702,1,False,1,7,5,1|5|2|5|5|1|1|5|5|5
37705,6,False,6,2,6,6|6|6|8|6|6|8|6|6|6
37707,1,True,4,10,4,4|4|4|4|4|4|4|2|4|4
37730,5,True,9,7,9,9|5|9|9|9|9|9|9|5|5
37735,6,False,6,10,2,2|2|2|2|5|2|2|7|2|2
37745,5,True,2,10,2,2|2|2|2|2|2|2|2|2|2
37746,1,True,5,10,5,5|5|5|5|5|5|5|5|5|5
37760,7,False,7,9,5,5|5|3|5|3|5|3|7|5|3
37765,3,False,3,10,6,2|2|2|6|4|6|6|6|6|2
37770,1,True,3,10,3,3|3|3|3|3|3|3|3|3|3
37778,4,False,4,4,4,6|4|4|4|4|6|4|6|4|6
37803,8,False,8,1,8,8|8|8|8|8|8|8|8|5|8
37820,9,True,2,10,2,2|2|2|2|2|2|2|2|2|2
37824,9,False,9,2,9,9|9|9|9|9|9|9|9|5|5
37833,9,False,9,5,9,9|5|2|9|5|9|9|9|5|5
37846,6,False,6,8,5,6|9|0|2|6|9|5|5|1|5
37851,6,False,6,6,3,6|3|8|3|3|6|6|3|6|3
37869,6,True,0,10,0,0|0|0|0|0|0|0|0|0|0
37878,4,True,2,4,4,4|4|2|2|4|4|2|4|4|2
37879,6,True,0,10,0,0|0|0|0|0|0|0|0|0|0
37891,4,False,4,0,4,4|4|4|4|4|4|4|4|4|4
37897,7,False,7,5,-1,7|3|3|7|3|7|3|3|7|7
37899,5,False,5,5,5,3|5|5|5|3|3|1|5|5|1
37905,6,True,0,10,0,0|0|0|0|0|2|0|0|0|0
37928,4,False,4,0,4,4|4|4|4|4|4|4|4|4|4
37939,3,False,3,0,3,3|3|3|3|3|3|3|3|3|3
37946,1,True,5,10,5,6|5|5|5|5|5|5|5|5|5
37965,3,False,3,4,3,3|4|3|9|4|3|3|3|3|4
37990,2,False,2,0,2,2|2|2|2|2|2|2|2|2|2
37999,0,False,0,0,0,0|0|0|0|0|0|0|0|0|0
38011,0,False,0,0,0,0|0|0|0|0|0|0|0|0|0
38022,4,True,2,10,-1,2|3|3|3|2|2|3|3|2|2
38026,6,False,6,0,6,6|6|6|6|6|6|6|6|6|6
38032,2,False,2,9,0,0|2|0|0|0|0|0|0|0|0
38035,5,True,9,7,9,9|5|9|9|9|9|9|9|5|5
38053,6,True,0,10,0,0|0|0|0|0|0|0|0|0|0
38056,9,False,9,2,9,9|9|9|9|9|9|9|9|5|5
38058,4,True,2,10,6,2|6|8|6|6|2|6|2|3|8
38067,7,False,7,3,7,7|7|3|7|7|3|3|7|7|7
38069,7,True,6,10,6,6|9|6|6|6|6|6|6|6|6
38087,3,False,3,9,2,3|4|8|2|2|2|5|2|2|2
38091,0,False,0,4,0,0|2|0|0|0|2|0|2|2|0
38095,3,False,3,1,3,3|3|3|3|3|3|3|3|3|6
38111,8,False,8,1,8,8|8|8|8|8|8|8|8|5|8
38117,9,False,9,2,9,9|9|9|9|9|9|9|9|5|5
38134,4,False,4,9,7,7|7|7|7|7|7|7|7|4|7
38137,7,True,6,9,6,6|6|6|7|6|6|6|6|6|6
38153,9,False,9,2,9,9|9|9|9|9|9|9|9|5|5
38163,3,True,7,8,7,7|7|7|3|7|7|7|3|7|7
38167,1,False,1,7,8,1|8|8|8|8|1|8|2|5|1
38169,2,True,6,9,6,6|9|6|2|6|6|6|6|6|6
38172,5,False,5,1,5,2|5|5|5|5|5|5|5|5|5
38175,5,True,1,5,5,1|5|5|9|1|5|1|5|5|1
38177,1,False,1,4,1,1|1|2|1|1|1|1|5|5|5
38183,2,True,1,9,5,2|5|5|5|1|1|1|5|5|1
38214,8,False,8,1,8,8|8|8|8|8|8|8|8|5|8
38225,7,False,7,0,7,7|7|7|7|7|7|7|7|7|7
38236,7,False,7,1,7,7|7|7|7|7|7|7|3|7|7
38250,8,True,6,10,6,6|6|6|6|6|6|6|6|6|6
38257,1,False,1,5,1,1|2|2|1|1|1|1|2|2|5
38263,1,True,4,10,4,4|4|2|4|4|4|4|4|4|4
38276,8,False,8,6,0,1|8|8|0|0|0|8|8|0|0
38305,1,True,5,10,5,4|5|5|5|5|4|5|5|5|5
38318,7,True,6,10,3,3|3|3|3|3|3|3|3|3|3
38332,1,True,8,10,-1,2|0|8|2|0|2|0|8|0|2
38356,7,False,7,2,7,7|7|7|7|7|7|7|3|3|7
38371,8,False,8,3,8,1|1|8|8|8|8|8|8|5|8
38373,5,False,5,6,5,5|4|2|3|5|5|1|2|5|3
38375,1,True,4,10,4,4|4|4|4|4|4|4|4|4|4
38383,3,False,3,0,3,3|3|3|3|3|3|3|3|3|3
38393,9,False,9,2,9,9|9|9|9|9|9|9|9|5|5
38401,6,False,6,1,6,6|6|8|6|6|6|6|6|6|6
38408,1,True,8,10,8,8|8|8|8|8|8|8|8|8|8
38411,1,True,5,10,5,5|5|3|2|3|5|5|5|3|3
38416,8,False,8,1,8,8|8|8|8|8|8|8|8|5|8
38417,5,False,5,0,5,5|5|5|5|5|5|5|5|5|5
38465,1,True,4,10,4,4|6|4|4|4|4|4|4|4|4
38471,1,True,5,9,5,5|5|5|5|3|5|1|5|3|5
38503,1,True,5,10,5,3|3|5|5|5|3|3|5|5|5
38528,9,True,7,10,7,7|7|7|7|7|7|7|7|7|7
38530,9,False,9,3,9,9|5|9|9|9|9|9|9|5|5
38540,8,False,8,1,8,8|8|8|8|8|8|8|8|5|8
38546,2,False,2,0,2,2|2|2|2|2|2|2|2|2|2
38557,3,False,3,0,3,3|3|3|3|3|3|3|3|3|3
38590,5,True,1,6,1,1|5|5|1|1|1|1|5|5|1
38596,1,False,1,9,5,5|9|5|9|5|5|1|5|5|5
38599,8,False,8,1,8,8|8|8|8|8|8|8|8|5|8
38603,4,False,4,10,7,7|7|7|7|7|7|7|7|7|7
38608,8,False,8,1,8,8|8|8|8|8|8|8|0|8|8
38615,2,True,7,10,7,7|3|3|7|7|7|7|7|3|7
38629,5,False,5,10,3,3|3|3|3|3|3|3|3|3|3
38636,5,False,5,8,4,3|4|3|5|4|4|4|5|3|8
38650,1,False,1,3,1,1|1|2|1|1|1|1|5|5|1
38676,9,True,2,10,2,2|2|2|2|2|2|2|2|2|2
38688,9,True,7,10,7,7|7|7|7|7|7|7|7|7|7
38720,4,False,4,2,4,4|4|4|4|4|7|4|4|4|7
38739,1,True,5,10,5,5|5|5|5|5|5|5|5|5|5
38746,2,False,2,8,6,6|6|6|2|6|6|2|6|6|8
38754,8,False,8,1,8,8|8|8|8|8|8|8|8|5|8
38757,8,True,6,7,6,6|6|8|2|8|6|8|6|6|6
38786,8,True,6,10,6,6|6|6|6|6|6|6|6|6|6
38787,4,False,4,9,7,3|7|7|2|7|7|7|4|3|7
38798,9,True,7,10,7,7|7|7|7|7|7|7|7|7|7
38802,1,True,4,10,4,4|4|7|4|4|4|4|4|4|4
38807,5,False,5,1,5,2|5|5|5|5|5|5|5|5|5
38808,0,True,8,9,8,0|8|8|8|8|8|8|8|8|8
38820,9,False,9,5,-1,9|5|5|9|9|9|5|9|5|5
38821,4,False,4,2,4,4|4|7|4|4|4|7|4|4|4
38833,7,False,7,5,7,7|9|0|7|7|1|3|7|3|7
38850,1,True,8,10,8,8|8|8|8|8|8|8|8|5|8
38868,5,True,9,8,9,9|9|9|9|9|9|9|9|5|5
38894,1,True,3,10,3,3|3|5|3|3|3|3|3|3|3
38903,3,False,3,5,3,5|5|3|3|3|3|1|3|5|1
38906,4,False,4,3,4,4|4|4|7|4|4|4|4|3|1
38916,9,False,9,2,9,9|9|9|9|9|9|9|9|5|5
38928,9,False,9,3,9,9|9|5|9|9|9|9|9|5|5
38937,0,False,0,0,0,0|0|0|0|0|0|0|0|0|0
38939,9,True,2,10,2,2|2|2|2|2|2|2|2|2|2
38942,3,False,3,4,3,3|3|3|3|5|5|3|3|5|7
38945,3,False,3,0,3,3|3|3|3|3|3|3|3|3|3
38949,1,True,8,10,8,8|8|8|8|8|8|8|8|5|8
38960,3,False,3,0,3,3|3|3|3|3|3|3|3|3|3
38973,6,False,6,1,6,6|9|6|6|6|6|6|6|6|6
38979,1,True,4,10,4,4|4|4|4|4|4|4|4|4|4
38988,1,True,5,10,3,3|3|5|3|3|5|3|5|3|3
38995,1,True,4,10,0,0|0|0|0|0|0|0|0|0|0
39000,6,False,6,0,6,6|6|6|6|6|6|6|6|6|6
39002,5,False,5,0,5,5|5|5|5|5|5|5|5|5|5
39003,4,False,4,1,4,4|4|4|4|4|4|3|4|4|4
39007,6,False,6,3,6,6|6|8|8|6|6|8|6|6|6
39029,5,False,5,0,5,5|5|5|5|5|5|5|5|5|5
39038,8,False,8,1,8,8|8|8|8|8|8|8|8|5|8
39041,9,False,9,2,9,9|9|9|9|9|9|9|9|5|5
39060,0,True,2,10,2,2|2|2|2|2|2|2|2|2|2
39068,6,False,6,1,6,6|6|8|6|6|6|6|6|6|6
39069,1,True,8,9,8,1|8|8|8|8|8|8|8|0|8
39094,8,False,8,1,8,8|8|8|8|8|8|8|8|0|8
39109,1,False,1,8,5,5|5|5|5|1|1|5|5|5|5
39113,0,False,0,0,0,0|0|0|0|0|0|0|0|0|0
39115,9,False,9,3,9,9|9|2|9|9|9|9|9|5|5
39125,4,False,4,1,4,4|4|7|4|4|4|4|4|4|4
39133,6,False,6,2,6,6|6|8|8|6|6|6|6|6|6
39159,8,True,6,10,-1,6|6|0|0|6|0|6|0|0|6
39160,1,True,5,10,5,5|5|3|5|5|5|5|3|5|5
39172,7,False,7,3,7,7|7|3|7|7|7|3|3|7|7
39180,7,False,7,1,7,7|7|7|7|7|7|7|7|3|7
39194,3,False,3,9,4,3|4|4|4|2|4|4|4|5|4
39210,1,True,8,10,8,8|8|8|8|8|8|8|8|5|8
39222,9,True,2,10,2,2|2|2|4|2|2|2|2|2|2
39224,6,False,6,3,6,6|6|8|8|6|6|8|6|6|6
39234,5,True,1,8,1,1|2|5|1|1|1|1|2|5|1
39246,7,False,7,0,7,7|7|7|7|7|7|7|7|7|7
39252,2,True,6,9,6,1|3|8|2|6|1|6|8|6|3
39257,9,True,7,10,7,7|7|7|7|7|7|7|7|7|7
39270,7,False,7,1,7,7|7|0|7|7|7|7|7|7|7
39273,9,True,2,10,2,2|2|2|2|2|2|2|4|2|2
39278,1,True,8,10,8,8|8|0|8|8|8|8|8|5|8
39281,0,False,0,0,0,0|0|0|0|0|0|0|0|0|0
39284,4,False,4,0,4,4|4|4|4|4|4|4|4|4|4
39299,8,False,8,5,-1,8|8|8|0|0|8|0|0|0|8
39307,3,True,7,8,7,3|7|7|7|7|7|7|3|7|7
39314,9,True,7,10,7,7|7|7|7|7|7|7|7|7|7
39335,8,False,8,4,8,1|1|8|8|8|8|8|8|5|1
39340,1,False,1,4,1,1|5|2|1|1|1|1|5|5|1
39356,4,False,4,3,4,7|4|7|7|4|4|4|4|4|4
39369,4,False,4,0,4,4|4|4|4|4|4|4|4|4|4
39380,6,True,0,10,0,0|0|0|0|0|0|0|0|0|0
39395,7,False,7,3,7,7|7|3|7|3|7|3|7|7|7
39396,0,False,0,0,0,0|0|0|0|0|0|0|0|0|0
39397,0,False,0,0,0,0|0|0|0|0|0|0|0|0|0
39417,6,False,6,3,6,6|6|8|3|6|6|6|6|6|3
39452,6,False,6,4,6,6|6|8|8|8|6|6|6|0|6
39457,8,True,6,9,6,6|6|6|8|6|6|6|6|6|6
39467,4,False,4,0,4,4|4|4|4|4|4|4|4|4|4
39471,0,False,0,0,0,0|0|0|0|0|0|0|0|0|0
39482,3,False,3,5,3,3|9|9|3|3|3|3|9|5|5
39489,1,False,1,7,2,2|2|2|2|8|1|1|8|2|1
39500,1,True,3,10,3,3|3|3|3|3|3|3|3|3|3
39501,4,False,4,0,4,4|4|4|4|4|4|4|4|4|4
39506,3,False,3,1,3,3|3|5|3|3|3|3|3|3|3
39509,4,False,4,0,4,4|4|4|4|4|4|4|4|4|4
39519,0,False,0,0,0,0|0|0|0|0|0|0|0|0|0
39543,1,True,3,10,3,3|3|3|3|3|3|3|3|3|3
39562,6,False,6,10,3,1|3|3|7|3|3|2|3|3|3
39567,9,False,9,2,9,9|9|9|9|9|9|9|9|5|5
39571,8,False,8,1,8,8|8|8|8|8|8|8|8|5|8
39572,5,True,9,7,9,9|5|9|9|9|9|9|9|5|5
39574,0,False,0,9,3,0|7|3|3|3|3|3|3|3|3
39575,3,False,3,0,3,3|3|3|3|3|3|3|3|3|3
39577,8,False,8,1,8,8|8|8|8|8|8|8|8|5|8
39581,5,True,9,8,9,9|9|9|9|9|9|9|9|5|5
39583,5,True,9,6,9,9|5|9|9|9|9|9|5|5|5
39584,6,True,0,10,0,0|0|0|0|0|0|0|0|0|0
39600,9,False,9,10,5,1|5|5|5|1|5|5|5|5|5
39617,6,False,6,2,6,6|6|6|7|6|6|7|6|6|6
39620,9,False,9,8,5,1|5|5|9|9|8|8|8|5|5
39621,1,True,8,10,8,8|8|8|8|8|8|8|8|8|8
39625,9,False,9,2,9,9|9|9|9|9|9|9|9|5|5
39631,6,True,0,10,0,0|0|0|0|0|0|0|0|0|0
39634,3,False,3,1,3,3|3|3|3|3|3|2|3|3|3
39637,8,True,6,4,8,1|8|8|2|8|6|8|8|1|8
39697,9,True,6,10,6,6|6|6|6|6|6|6|6|6|6
39701,4,False,4,9,7,4|7|7|7|7|7|7|7|7|7
39712,5,False,5,0,5,5|5|5|5|5|5|5|5|5|5
39715,1,True,8,9,8,1|9|8|8|8|8|8|8|8|8
39730,1,True,5,10,5,5|2|2|5|5|5|2|5|5|5
39748,5,False,5,0,5,5|5|5|5|5|5|5|5|5|5
39755,7,False,7,3,7,7|4|7|7|7|7|7|3|4|7
39761,1,True,3,10,3,3|3|5|3|3|4|3|3|3|3
39764,5,True,9,8,9,9|9|9|9|9|9|9|9|5|5
39769,1,False,1,8,5,1|5|5|5|5|5|1|5|5|5
39783,1,True,5,10,-1,2|3|3|3|3|2|2|2|2|3
39790,1,True,5,9,3,5|3|5|3|3|5|1|3|5|3
39797,7,False,7,2,7,6|7|7|7|7|7|7|4|7|7
39798,7,False,7,1,7,7|7|3|7|7|7|7|7|7|7
39838,8,False,8,0,8,8|8|8|8|8|8|8|8|8|8
39840,1,True,8,10,8,8|8|8|8|8|8|8|8|8|8
39859,9,False,9,9,5,9|1|5|2|1|5|1|5|5|5
39865,3,False,3,0,3,3|3|3|3|3|3|3|3|3|3
39874,6,False,6,0,6,6|6|6|6|6|6|6|6|6|6
39883,0,False,0,9,2,0|4|2|2|2|2|2|2|2|2
39890,9,False,9,3,9,9|9|3|9|9|9|9|9|5|5
39892,1,False,1,4,1,1|1|5|5|1|1|1|5|5|1
39914,0,False,0,0,0,0|0|0|0|0|0|0|0|0|0
39926,6,True,0,10,0,0|0|0|0|0|0|0|0|0|0
39932,4,False,4,3,4,4|4|4|4|4|9|4|4|2|2
39935,2,False,2,3,2,2|2|3|2|2|2|2|0|0|2
39946,1,True,4,10,4,4|4|4|4|4|4|4|4|4|4
39947,1,True,4,10,4,4|4|4|4|4|4|4|4|4|4
39951,5,True,2,10,4,4|2|4|6|4|4|4|8|2|4
39956,1,True,8,10,8,8|8|8|8|8|8|8|8|5|8
39968,6,False,6,1,6,6|6|6|8|6|6|6|6|6|6
39974,2,True,1,8,1,1|2|1|1|1|1|8|8|2|1
39988,3,True,7,7,7,3|7|7|7|3|4|3|7|7|7
39994,8,True,6,10,6,6|6|6|6|6|6|6|6|6|6
40009,0,True,2,10,2,2|2|2|2|2|2|2|2|3|7
40025,9,True,7,10,7,7|7|7|7|7|7|7|7|7|7
40032,2,False,2,4,2,2|2|2|4|2|4|2|2|4|7
40033,4,False,4,0,4,4|4|4|4|4|4|4|4|4|4
40060,1,False,1,4,1,1|2|2|1|1|1|1|2|2|1
40075,2,True,1,8,1,1|5|2|1|1|1|1|2|5|1
40080,5,True,9,6,9,9|9|5|9|9|9|5|9|5|5
40084,2,False,2,0,2,2|2|2|2|2|2|2|2|2|2
40095,1,True,3,10,-1,3|5|5|3|3|3|5|5|5|3
40103,2,True,7,10,7,7|3|7|7|7|7|7|7|7|7
40108,4,False,4,2,4,4|6|4|4|4|4|6|4|4|4
40125,6,True,0,10,0,0|0|0|0|0|0|0|0|0|0
40129,3,False,3,4,3,3|3|3|5|5|3|1|3|5|3
40140,5,False,5,7,3,3|5|5|7|3|3|1|3|5|3
40145,1,False,1,8,5,1|5|5|9|5|5|1|5|5|5
40158,9,False,9,2,9,9|9|9|9|9|9|9|9|5|5
40162,1,True,4,10,4,4|4|4|4|7|4|7|4|4|7
40200,7,True,6,9,2,6|2|2|2|2|2|6|8|2|7
40205,2,True,5,10,5,5|5|5|3|5|5|5|5|5|3
40207,1,False,1,3,1,1|1|2|1|1|1|1|2|5|1
40226,3,False,3,8,5,5|3|3|5|5|5|1|5|5|5
40234,7,False,7,0,7,7|7|7|7|7|7|7|7|7|7
40239,2,True,5,10,5,5|5|5|5|5|5|1|5|5|5
40245,0,False,0,0,0,0|0|0|0|0|0|0|0|0|0
40252,1,True,8,10,8,8|8|8|8|8|8|8|8|8|8
40254,9,False,9,2,9,9|9|9|9|9|9|9|9|5|5
40281,2,False,2,0,2,2|2|2|2|2|2|2|2|2|2
40294,0,False,0,10,7,7|7|7|7|7|7|7|6|4|7
40300,4,True,7,10,7,2|7|7|7|7|7|3|7|7|7
40316,8,True,6,7,6,6|9|8|8|6|6|6|8|0|6
40336,1,True,8,10,8,8|8|8|8|8|8|8|8|5|8
40353,3,False,3,0,3,3|3|3|3|3|3|3|3|3|3
40357,6,False,6,0,6,6|6|6|6|6|6|6|6|6|6
40420,6,True,0,10,0,0|0|0|0|0|0|0|0|0|0
40422,1,False,1,7,5,1|5|5|5|5|5|1|5|5|1
40428,9,True,2,10,2,2|2|2|2|2|2|2|2|2|2
40429,1,True,8,10,8,8|8|8|8|8|8|8|8|8|8
40443,5,False,5,4,5,2|2|5|5|5|5|5|5|2|2
40453,1,False,1,3,1,1|1|2|1|1|1|1|2|5|1
40460,0,False,0,1,0,0|0|0|8|0|0|0|0|0|0
40461,9,True,7,10,7,7|7|7|7|7|7|7|3|7|7
40479,0,False,0,1,0,0|0|0|7|0|0|0|0|0|0
40489,1,True,5,10,5,5|5|5|5|5|5|5|5|5|5
40503,5,False,5,9,3,3|3|3|3|3|3|1|5|3|3
40511,3,False,3,0,3,3|3|3|3|3|3|3|3|3|3
40514,8,True,6,8,6,6|6|8|8|6|6|6|6|6|6
40528,5,False,5,0,5,5|5|5|5|5|5|5|5|5|5
40529,4,False,4,0,4,4|4|4|4|4|4|4|4|4|4
40530,4,False,4,0,4,4|4|4|4|4|4|4|4|4|4
40539,7,False,7,0,7,7|7|7|7|7|7|7|7|7|7
40541,9,True,7,9,7,9|7|7|7|7|7|7|7|7|7
40548,0,False,0,0,0,0|0|0|0|0|0|0|0|0|0
40549,8,True,6,9,6,6|6|8|6|6|6|6|6|6|6
40559,9,False,9,3,9,9|9|9|9|9|9|5|9|5|5
40577,1,True,3,9,5,5|5|3|5|5|5|1|5|5|3
40583,2,False,2,3,2,2|5|2|2|2|2|2|2|5|5
40596,5,True,9,8,9,9|9|9|9|9|9|9|9|5|5
40604,7,False,7,0,7,7|7|7|7|7|7|7|7|7|7
40608,1,True,5,9,5,5|3|5|5|3|5|1|3|5|5
40616,1,True,5,9,5,3|5|5|5|5|5|5|5|5|1
40633,2,True,1,9,5,9|1|2|5|1|5|1|5|5|5
40641,8,False,8,7,1,1|1|8|1|1|8|1|0|5|8
40653,7,True,6,10,6,6|6|6|8|6|6|6|6|6|6
40660,4,False,4,4,4,4|4|3|4|4|7|3|3|4|4
40669,8,False,8,1,8,8|8|8|8|8|8|8|8|5|8
40682,4,False,4,0,4,4|4|4|4|4|4|4|4|4|4
40702,1,True,8,10,8,8|8|8|8|8|8|8|0|5|8
40703,0,False,0,0,0,0|0|0|0|0|0|0|0|0|0
40706,2,False,2,2,2,2|2|9|2|2|2|2|2|2|8
40715,8,True,6,8,6,6|6|8|8|6|6|6|6|6|6
40739,4,False,4,4,4,4|6|4|4|6|1|4|4|4|7
40744,7,False,7,0,7,7|7|7|7|7|7|7|7|7|7
40748,8,True,6,10,6,7|6|7|6|6|6|6|6|6|6
40799,1,True,5,10,5,5|5|5|5|5|5|5|3|5|5
40813,5,False,5,9,2,2|2|2|5|2|2|2|2|2|2
40824,2,True,6,10,6,6|6|8|8|6|6|8|8|6|6
40829,7,False,7,0,7,7|7|7|7|7|7|7|7|7|7
40852,3,False,3,0,3,3|3|3|3|3|3|3|3|3|3
40854,4,False,4,2,4,4|4|5|4|4|9|4|4|4|4
40879,6,False,6,2,6,6|9|8|6|6|6|6|6|6|6
40893,3,True,7,8,7,3|7|7|7|7|7|7|3|7|7
40895,5,True,9,8,9,9|9|9|9|9|9|9|9|5|5
40903,9,False,9,2,9,9|9|9|9|9|9|9|9|5|5
40908,2,False,2,8,0,0|2|0|0|0|2|0|0|0|0
40922,3,False,3,1,3,3|3|3|3|3|3|5|3|3|3
40961,2,False,2,7,6,2|4|3|6|6|6|2|2|6|6
40986,4,True,7,10,3,9|9|3|3|5|5|3|3|3|3
40996,3,False,3,0,3,3|3|3|3|3|3|3|3|3|3
41000,7,False,7,0,7,7|7|7|7|7|7|7|7|7|7
41006,1,False,1,5,-1,2|2|2|1|1|1|1|2|2|1
41008,1,True,8,10,8,8|8|8|8|8|8|8|8|8|8
41014,2,False,2,1,2,2|2|2|2|2|2|2|2|4|2
41026,1,False,1,5,1,1|5|2|1|1|5|1|5|5|1
41030,6,True,0,10,0,0|0|0|0|0|0|4|0|0|0
41031,4,False,4,0,4,4|4|4|4|4|4|4|4|4|4
41038,0,False,0,0,0,0|0|0|0|0|0|0|0|0|0
41056,1,True,4,10,3,3|6|3|3|6|8|3|3|6|3
41065,7,False,7,3,7,7|4|4|7|7|7|7|7|7|4
41066,3,False,3,1,3,3|3|3|3|3|3|3|3|3|4
41081,5,False,5,2,5,5|5|3|5|3|5|5|5|5|5
41085,2,False,2,1,2,2|2|2|2|4|2|2|2|2|2
41097,1,True,4,10,4,4|4|4|4|4|4|4|4|4|4
41107,4,False,4,2,4,4|2|4|4|4|2|4|4|4|4
41116,3,False,3,0,3,3|3|3|3|3|3|3|3|3|3
41126,9,False,9,6,5,9|5|5|9|5|9|9|5|5|5
41131,6,True,0,10,0,0|0|0|0|0|0|0|0|0|0
41139,5,False,5,3,5,3|5|5|5|5|5|1|3|5|5
41143,2,False,2,0,2,2|2|2|2|2|2|2|2|2|2
41153,1,False,1,8,2,2|2|2|2|2|1|1|2|2|5
41184,8,True,6,10,6,6|6|6|7|6|6|6|6|6|6
41185,7,False,7,0,7,7|7|7|7|7|7|7|7|7|7
41186,4,False,4,0,4,4|4|4|4|4|4|4|4|4|4
41192,2,True,1,8,1,1|1|2|1|1|1|1|5|2|1
41196,6,False,6,1,6,6|6|6|8|6|6|6|6|6|6
41197,9,True,7,10,4,7|4|7|4|4|4|7|4|4|4
41198,4,True,2,10,2,2|2|2|2|6|9|2|2|2|2
41200,0,False,0,0,0,0|0|0|0|0|0|0|0|0|0
41204,5,True,9,7,9,9|9|5|9|9|9|9|9|5|5
41217,2,True,1,5,-1,1|2|2|2|1|1|1|2|2|1
41221,1,True,5,10,3,3|3|2|3|3|3|3|3|3|3
41232,2,True,5,10,-1,5|3|3|3|5|5|5|3|3|5
41248,1,False,1,3,1,1|1|2|1|1|1|1|2|5|1
41269,8,True,3,10,3,3|3|3|3|3|3|3|3|3|3
41273,9,True,2,10,2,6|2|2|2|2|2|2|2|2|2
41277,0,False,0,8,8,0|8|8|8|8|8|8|8|0|8
41305,1,True,4,10,4,4|4|4|4|4|4|4|4|4|4
41324,0,False,0,0,0,0|0|0|0|0|0|0|0|0|0
41332,9,True,7,10,7,3|7|7|7|7|7|7|7|7|7
41335,8,False,8,2,8,1|8|8|8|8|8|8|8|5|8
41337,4,False,4,2,4,4|4|4|4|4|6|4|4|3|4
41342,4,True,2,10,2,2|2|2|2|2|2|2|2|2|2
41356,1,False,1,4,1,1|1|2|5|1|1|1|5|5|1
41364,1,True,3,10,3,3|3|3|3|3|3|3|3|3|3
41369,3,False,3,0,3,3|3|3|3|3|3|3|3|3|3
41370,7,False,7,0,7,7|7|7|7|7|7|7|7|7|7
41405,2,False,2,1,2,2|2|3|2|2|2|2|2|2|2
41419,9,False,9,3,9,9|9|5|9|9|9|9|9|5|5
41420,2,True,5,10,3,3|5|3|3|3|3|1|3|3|3
41426,7,False,7,1,7,7|7|7|7|7|7|7|7|3|7
41451,4,False,4,0,4,4|4|4|4|4|4|4|4|4|4
41454,5,True,2,10,0,0|0|0|2|2|2|0|0|0|2
41456,0,False,0,0,0,0|0|0|0|0|0|0|0|0|0
41460,6,True,0,10,0,0|0|0|0|0|0|0|0|0|0
41466,6,False,6,1,6,6|6|6|7|6|6|6|6|6|6
41467,0,False,0,0,0,0|0|0|0|0|0|0|0|0|0
41469,2,False,2,7,7,2|7|4|7|2|4|7|7|5|2
41483,1,True,4,10,4,4|4|4|4|7|4|7|4|4|4
41490,6,True,0,10,0,0|0|0|0|0|0|0|0|0|0
41501,1,True,5,10,5,5|5|5|5|5|5|5|5|5|5
41502,2,True,1,10,1,1|1|5|1|1|1|1|5|5|1
41515,6,False,6,1,6,6|6|6|6|6|6|6|6|0|6
41518,4,False,4,1,4,4|4|4|2|4|4|4|4|4|4
41527,3,False,3,2,3,3|3|3|3|3|3|3|8|0|3
41572,8,False,8,1,8,8|8|8|8|8|8|8|8|5|8
41579,1,False,1,4,1,1|2|2|1|1|1|1|2|5|1
41590,4,False,4,0,4,4|4|4|4|4|4|4|4|4|4
41598,1,True,8,9,8,1|0|8|8|8|0|8|8|0|0
41601,3,False,3,7,5,3|5|5|5|3|5|3|5|5|5
41611,9,False,9,10,0,0|0|0|0|0|0|0|0|0|0
41628,6,True,0,10,0,0|0|0|0|0|0|0|0|0|0
41635,1,True,4,9,8,1|0|8|8|8|2|8|0|5|8
41641,6,False,6,3,6,6|6|8|6|6|6|6|8|0|6
41643,2,True,1,7,1,1|1|2|1|1|1|1|2|2|1
41684,6,False,6,1,6,6|6|7|6|6|6|6|6|6|6
41687,5,False,5,0,5,5|5|5|5|5|5|5|5|5|5
41697,5,False,5,9,3,5|3|3|3|3|3|3|3|3|3
41698,5,True,9,8,9,9|9|9|9|9|9|9|9|5|5
41701,2,True,1,2,2,2|2|2|2|2|1|2|2|2|1
41705,3,False,3,0,3,3|3|3|3|3|3|3|3|3|3
41707,8,True,6,9,6,6|6|8|2|3|1|6|6|6|6
41728,5,False,5,0,5,5|5|5|5|5|5|5|5|5|5
41743,5,False,5,0,5,5|5|5|5|5|5|5|5|5|5
41776,9,False,9,3,9,9|9|2|9|9|9|9|9|5|5
41780,7,False,7,0,7,7|7|7|7|7|7|7|7|7|7
41793,5,False,5,9,3,4|3|2|3|3|5|3|3|3|7
41828,5,False,5,2,5,5|3|5|5|5|5|1|5|5|5
41831,3,False,3,0,3,3|3|3|3|3|3|3|3|3|3
41840,5,True,9,8,9,9|9|9|9|9|9|9|9|5|5
41853,1,True,3,10,3,6|3|3|4|3|4|3|5|5|5
41857,1,False,1,10,5,9|5|2|5|9|9|5|5|5|5
41862,1,False,1,9,5,9|1|2|9|9|5|5|5|5|5
41864,8,False,8,1,8,8|8|8|8|8|8|8|8|5|8
41871,3,False,3,5,3,3|4|5|3|5|3|3|5|5|3
41883,3,True,7,9,2,3|2|4|2|2|2|2|4|2|2
41888,2,True,1,5,-1,2|2|2|1|1|1|1|2|2|1
41890,4,True,2,10,2,2|2|2|2|2|2|2|2|2|2
41915,1,True,5,10,3,3|2|3|3|3|3|3|3|3|3
41920,9,False,9,2,9,9|9|9|9|9|9|9|9|5|5
41945,3,False,3,2,3,3|3|3|5|3|7|3|3|3|3
41947,2,False,2,6,4,2|4|4|4|2|2|4|2|4|4
41963,1,False,1,4,1,1|2|2|1|1|1|1|5|2|1
41967,9,False,9,2,9,9|9|9|9|9|9|9|9|5|5
41969,8,True,6,10,6,6|6|6|6|6|6|6|6|6|6
41975,6,True,0,10,0,0|0|0|0|0|0|0|0|0|0
41976,9,False,9,3,9,9|9|5|9|9|9|9|9|5|5
41989,3,False,3,0,3,3|3|3|3|3|3|3|3|3|3
41993,1,True,3,10,3,3|3|3|3|3|5|3|3|3|3
41995,2,False,2,0,2,2|2|2|2|2|2|2|2|2|2
41997,5,False,5,0,5,5|5|5|5|5|5|5|5|5|5
41998,3,False,3,9,8,3|8|8|8|8|8|8|8|0|8
42001,5,False,5,4,5,2|5|5|3|5|3|5|6|5|5
42004,3,True,8,9,8,3|9|8|8|8|1|8|0|5|8
42007,1,False,1,7,8,1|1|8|8|1|8|8|8|5|8
42013,6,False,6,0,6,6|6|6|6|6|6|6|6|6|6
42014,2,False,2,0,2,2|2|2|2|2|2|2|2|2|2
42024,8,False,8,1,8,8|8|8|8|8|8|8|8|5|8
42029,3,False,3,10,-1,4|5|5|7|5|7|9|7|5|7
42043,0,True,2,10,2,2|2|2|7|7|7|2|2|2|2
42048,8,False,8,7,9,9|9|8|8|9|8|9|9|5|5
42051,7,False,7,0,7,7|7|7|7|7|7|7|7|7|7
42060,1,False,1,7,0,1|0|0|0|0|2|1|0|0|1
42068,8,False,8,1,8,8|8|8|8|8|8|8|8|5|8
42075,7,False,7,1,7,7|7|7|7|7|7|7|3|7|7
42078,3,True,7,8,2,3|2|2|7|5|3|2|2|5|2
42085,1,False,1,3,1,1|1|2|1|1|1|1|5|5|1
42095,7,False,7,0,7,7|7|7|7|7|7|7|7|7|7
42098,2,False,2,0,2,2|2|2|2|2|2|2|2|2|2
42107,2,False,2,0,2,2|2|2|2|2|2|2|2|2|2
42110,0,False,0,0,0,0|0|0|0|0|0|0|0|0|0
42115,5,False,5,0,5,5|5|5|5|5|5|5|5|5|5
42116,5,True,1,3,5,1|5|5|5|5|1|1|5|5|5
42122,3,False,3,1,3,3|3|3|3|3|3|3|3|5|3
42130,1,False,1,8,5,5|5|5|5|5|1|1|5|5|5
42135,8,False,8,2,8,1|8|8|8|8|8|8|8|5|8
42139,9,False,9,2,9,9|9|9|9|9|9|9|9|5|5
42151,6,True,0,10,0,0|0|0|0|0|0|0|0|0|0
42156,6,False,6,4,6,6|9|8|8|8|6|6|6|6|6
42157,5,True,9,8,9,9|9|9|9|9|9|9|9|5|5
42160,4,False,4,0,4,4|4|4|4|4|4|4|4|4|4
42172,0,True,2,8,4,0|4|4|7|4|4|0|3|4|7
42178,5,False,5,0,5,5|5|5|5|5|5|5|5|5|5
42184,7,False,7,2,7,7|7|3|7|7|7|7|4|7|7
42186,6,False,6,5,6,6|6|6|7|3|2|3|2|6|6
42187,3,False,3,0,3,3|3|3|3|3|3|3|3|3|3
42195,3,False,3,0,3,3|3|3|3|3|3|3|3|3|3
42196,6,False,6,0,6,6|6|6|6|6|6|6|6|6|6
42204,0,False,0,0,0,0|0|0|0|0|0|0|0|0|0
42206,3,False,3,0,3,3|3|3|3|3|3|3|3|3|3
42213,9,False,9,2,9,9|9|9|9|9|9|9|9|5|5
42219,4,False,4,0,4,4|4|4|4|4|4|4|4|4|4
42220,8,False,8,1,8,8|8|8|8|8|8|8|8|5|8
42223,3,False,3,1,3,3|3|3|3|3|3|3|6|3|3
42227,2,False,2,1,2,2|2|2|2|2|2|2|2|4|2
42236,1,True,8,9,8,1|8|8|8|8|8|8|8|5|8
42248,0,False,0,6,0,0|0|4|7|4|4|7|0|0|7
42252,1,True,3,10,3,5|5|3|3|3|3|3|3|3|3
42256,5,False,5,0,5,5|5|5|5|5|5|5|5|5|5
42263,5,True,9,8,9,9|9|9|9|9|9|9|9|5|5
42264,5,True,9,6,9,9|9|5|9|9|9|9|5|5|5
42285,1,True,4,10,-1,4|4|3|4|4|7|7|3|3|3
42305,5,True,1,9,1,1|1|2|1|1|1|1|2|5|1
42307,1,False,1,9,8,1|8|8|8|8|8|8|8|8|8
42320,0,False,0,2,0,0|0|0|0|0|8|0|8|0|0
42322,7,False,7,0,7,7|7|7|7|7|7|7|7|7|7
42328,2,False,2,0,2,2|2|2|2|2|2|2|2|2|2
42338,7,False,7,0,7,7|7|7|7|7|7|7|7|7|7
42339,7,False,7,0,7,7|7|7|7|7|7|7|7|7|7
42344,2,True,5,8,5,5|5|2|4|2|4|1|4|5|5
42345,9,True,2,9,6,9|6|0|7|6|2|2|2|6|6
42349,9,False,9,2,9,9|9|9|9|9|9|9|9|5|5
42355,7,False,7,0,7,7|7|7|7|7|7|7|7|7|7
42356,5,False,5,7,2,2|2|3|2|2|3|5|2|5|5
42377,5,False,5,4,5,5|2|2|5|5|3|5|4|5|5
42400,0,False,0,0,0,0|0|0|0|0|0|0|0|0|0
42404,6,False,6,1,6,6|9|6|6|6|6|6|6|6|6
42420,9,False,9,6,5,9|5|2|9|9|5|5|9|5|5
42421,7,False,7,0,7,7|7|7|7|7|7|7|7|7|7
42426,7,False,7,0,7,7|7|7|7|7|7|7|7|7|7
42427,4,True,2,10,2,2|2|2|2|2|2|2|2|2|2
42436,6,False,6,1,6,6|6|6|7|6|6|6|6|6|6
42438,1,False,1,4,1,1|1|5|5|1|1|1|5|5|1
42439,0,False,0,0,0,0|0|0|0|0|0|0|0|0|0
42446,0,False,0,0,0,0|0|0|0|0|0|0|0|0|0
42450,2,False,2,2,2,2|2|8|2|2|2|2|2|0|2
42459,7,True,6,8,6,7|6|7|6|6|6|6|6|6|6
42462,9,False,9,2,9,9|9|9|9|9|9|9|9|5|5
42483,2,False,2,0,2,2|2|2|2|2|2|2|2|2|2
42485,7,False,7,1,7,7|6|7|7|7|7|7|7|7|7
42495,5,True,9,8,9,9|9|9|9|9|9|9|9|5|5
42497,1,True,8,10,8,8|8|8|8|8|8|8|8|5|8
42498,1,False,1,9,5,5|1|2|9|5|5|5|5|5|5
42506,8,False,8,1,8,8|8|8|8|8|8|8|8|5|8
42534,8,False,8,0,8,8|8|8|8|8|8|8|8|8|8
42564,9,True,2,9,2,9|0|2|2|2|2|2|2|4|2
42569,6,True,0,10,0,0|0|0|0|0|0|0|0|0|0
42573,6,True,0,10,9,9|9|9|9|0|9|9|0|5|0
42580,5,False,5,0,5,5|5|5|5|5|5|5|5|5|5
42591,9,False,9,2,9,9|9|9|9|9|9|9|9|5|0
42593,3,True,7,4,3,3|3|3|4|3|7|3|7|4|3
42597,0,False,0,1,0,0|0|0|0|6|0|0|0|0|0
42604,1,True,3,10,3,3|3|3|3|3|3|3|3|3|3
42623,5,False,5,4,5,5|4|2|5|5|5|5|3|5|3
42652,1,False,1,4,1,1|5|5|1|1|1|1|5|5|1
42659,7,False,7,0,7,7|7|7|7|7|7|7|7|7|7
42685,7,False,7,0,7,7|7|7|7|7|7|7|7|7|7
42702,1,True,4,10,4,4|4|4|4|4|4|4|4|4|4
42717,2,False,2,1,2,2|2|2|2|2|2|0|2|2|2
42727,5,True,9,8,9,9|9|9|9|9|9|9|9|5|5
42733,9,False,9,5,9,9|9|2|9|9|9|5|5|5|5
42737,9,True,3,10,3,3|3|5|3|3|3|1|3|5|3
42738,1,True,3,10,-1,3|5|3|4|5|5|2|3|3|5
42749,8,False,8,1,8,8|8|8|8|8|8|8|8|5|8
42753,5,True,1,8,1,1|1|5|1|1|1|1|2|5|1
42768,8,False,8,0,8,8|8|8|8|8|8|8|8|8|8
42778,7,True,6,10,3,3|6|3|3|3|1|3|5|6|3
42787,3,False,3,9,2,3|2|2|2|2|2|1|2|5|2
42790,8,True,6,10,6,6|9|6|2|2|6|2|6|6|2
42791,8,True,6,4,8,6|8|8|8|8|6|8|8|0|6
42792,9,True,2,10,2,2|2|2|2|2|2|2|2|2|2
42808,0,False,0,0,0,0|0|0|0|0|0|0|0|0|0
42813,5,False,5,1,5,5|5|2|5|5|5|5|5|5|5
42828,5,False,5,8,4,5|4|3|4|4|4|5|2|4|4
42833,1,False,1,6,5,1|5|5|5|1|1|1|5|5|5
42840,8,False,8,1,8,8|8|8|8|8|8|8|8|5|8
42851,5,True,9,8,9,9|9|2|9|9|9|9|9|5|5
42856,2,False,2,0,2,2|2|2|2|2|2|2|2|2|2
42861,2,False,2,0,2,2|2|2|2|2|2|2|2|2|2
42865,3,False,3,5,3,3|5|7|3|5|3|7|3|4|3
42869,6,True,0,10,0,0|0|0|0|0|0|0|0|0|0
42874,7,False,7,2,7,7|7|7|7|7|7|7|4|4|7
42883,0,False,0,7,-1,0|9|9|0|9|2|5|6|5|0
42886,7,False,7,0,7,7|7|7|7|7|7|7|7|7|7
42887,3,True,7,10,7,7|7|7|7|7|7|7|7|7|7
42888,7,True,6,7,9,7|9|6|7|9|6|9|9|5|7
42923,6,False,6,0,6,6|6|6|6|6|6|6|6|6|6
42927,1,False,1,3,1,1|1|2|1|1|1|1|2|5|1
42928,2,False,2,0,2,2|2|2|2|2|2|2|2|2|2
42940,5,False,5,1,5,5|5|5|5|5|3|5|5|5|5
42954,1,False,1,4,1,1|2|1|1|1|8|1|2|2|1
42966,5,False,5,6,3,5|3|5|3|3|5|1|5|3|3
42967,4,False,4,1,4,4|4|4|4|4|6|4|4|4|4
42969,1,True,4,10,8,0|0|8|8|8|8|8|0|0|8
42980,6,False,6,9,2,2|9|8|2|2|2|2|8|6|8
43017,3,False,3,9,7,3|7|7|7|7|7|7|7|4|7
43024,4,False,4,1,4,4|4|2|4|4|4|4|4|4|4
43025,5,False,5,0,5,5|5|5|5|5|5|5|5|5|5
43037,0,False,0,0,0,0|0|0|0|0|0|0|0|0|0
43047,8,False,8,1,8,8|8|8|8|8|8|8|8|5|8
43058,2,True,5,9,7,2|7|7|7|7|7|7|7|3|3
43063,2,True,5,10,5,7|5|5|5|3|5|5|5|5|5
43064,5,True,1,6,-1,1|5|2|5|1|1|1|2|5|5
43066,9,True,7,10,7,7|7|7|7|7|7|7|7|7|7
43074,6,False,6,3,6,6|2|2|6|6|2|6|6|6|6
43077,0,False,0,0,0,0|0|0|0|0|0|0|0|0|0
43079,3,True,7,8,7,3|7|7|7|7|7|3|7|7|7
43108,9,False,9,2,9,9|9|9|9|9|9|9|9|5|5
43111,7,True,6,9,6,6|6|7|6|6|6|6|6|6|6
43117,6,False,6,0,6,6|6|6|6|6|6|6|6|6|6
43123,1,True,3,10,5,5|5|5|3|5|3|3|3|5|5
43127,0,True,2,10,7,2|7|4|7|7|7|4|4|3|7
43129,5,False,5,0,5,5|5|5|5|5|5|5|5|5|5
43147,4,False,4,2,4,2|4|2|4|4|4|4|4|4|4
43149,8,False,8,1,8,8|8|8|8|8|8|8|8|5|8
43158,9,True,7,10,7,7|7|7|7|7|7|7|7|7|7
43175,1,True,8,9,8,1|8|8|8|8|8|8|8|8|8
43177,2,False,2,0,2,2|2|2|2|2|2|2|2|2|2
43209,1,True,5,10,4,4|4|4|4|7|7|4|4|4|7
43213,5,False,5,0,5,5|5|5|5|5|5|5|5|5|5
43216,9,True,2,10,0,0|0|0|2|8|8|0|0|2|0
43220,0,False,0,0,0,0|0|0|0|0|0|0|0|0|0
43233,3,False,3,6,3,6|7|3|7|3|4|3|6|3|7
43244,2,False,2,3,2,2|2|2|2|2|1|2|2|5|1
43253,0,False,0,0,0,0|0|0|0|0|0|0|0|0|0
43272,7,False,7,5,7,7|4|4|4|3|7|7|7|5|7
43273,1,True,5,10,5,5|5|5|5|5|5|5|5|5|5
43280,5,True,1,4,5,5|2|5|5|9|9|5|9|5|5
43302,8,True,6,9,6,6|6|6|6|6|6|8|6|6|6
43306,2,True,4,5,2,4|2|2|7|3|4|2|2|2|4
43353,6,False,6,1,6,6|6|6|7|6|6|6|6|6|6
43362,2,True,8,10,8,8|8|8|8|8|8|8|8|0|8
43371,1,False,1,6,2,2|1|2|1|1|1|2|2|2|5
43386,4,False,4,1,4,4|4|4|4|4|4|4|4|4|7
43393,3,True,7,10,7,7|7|7|7|7|7|7|7|7|7
43440,3,False,3,5,-1,3|5|5|3|5|3|5|3|5|3
43453,1,False,1,3,1,1|1|2|1|1|1|1|2|2|1
43467,5,False,5,3,5,3|5|3|5|5|5|5|5|5|3
43486,1,True,4,10,0,6|0|0|0|4|8|4|8|4|0
43491,7,False,7,3,7,7|7|7|7|4|7|4|7|4|7
43494,4,False,4,7,3,4|4|3|3|3|4|3|3|3|3
43498,7,False,7,0,7,7|7|7|7|7|7|7|7|7|7
43510,7,False,7,1,7,7|7|7|7|7|7|7|7|4|7
43532,7,False,7,0,7,7|7|7|7|7|7|7|7|7|7
43543,5,False,5,2,5,5|5|5|5|5|7|5|5|5|1
43546,6,False,6,10,3,3|3|3|3|3|1|3|3|3|3
43555,5,True,1,7,1,1|1|2|5|1|1|1|2|5|5
43563,1,True,4,10,4,4|4|4|4|4|4|4|4|4|4
43569,2,False,2,0,2,2|2|2|2|2|2|2|2|2|2
43579,7,False,7,0,7,7|7|7|7|7|7|7|7|7|7
43580,7,False,7,7,4,4|4|7|4|4|7|4|4|7|4
43594,6,False,6,2,6,6|6|6|8|8|6|6|6|6|6
43595,1,True,4,10,4,4|4|4|4|4|4|4|4|4|4
43602,1,False,1,5,-1,1|5|5|5|1|1|1|5|5|1
43604,9,False,9,2,9,9|9|9|9|9|9|9|9|5|5
43605,2,True,1,9,1,1|1|8|1|8|1|1|5|2|1
43619,9,False,9,2,9,9|9|9|9|9|9|9|9|5|5
43629,7,False,7,0,7,7|7|7|7|7|7|7|7|7|7
43649,0,False,0,0,0,0|0|0|0|0|0|0|0|0|0
43657,6,True,0,10,0,0|0|0|0|0|0|0|0|0|0
43666,8,True,6,10,6,6|6|6|6|6|6|6|6|6|6
43681,1,True,4,10,4,4|4|4|4|4|4|4|4|4|4
43691,6,False,6,5,6,6|4|8|2|6|8|6|4|6|6
43713,8,False,8,1,8,8|8|8|8|8|8|8|8|5|8
43722,1,True,3,10,0,2|4|4|2|6|0|6|0|0|0
43725,8,False,8,1,8,8|8|8|8|8|8|8|8|5|8
43732,1,True,4,10,4,4|4|4|4|4|4|4|4|4|4
43736,6,False,6,3,6,6|4|0|7|6|6|6|6|6|6
43744,3,False,3,0,3,3|3|3|3|3|3|3|3|3|3
43756,4,False,4,7,3,3|4|4|2|4|3|3|3|3|6
43757,0,False,0,1,0,0|0|0|0|0|0|0|0|0|8
43759,5,False,5,0,5,5|5|5|5|5|5|5|5|5|5
43795,9,True,2,10,2,2|2|2|2|2|2|2|2|2|2
43796,1,True,5,10,5,2|5|5|5|5|5|2|5|5|2
43829,0,False,0,1,0,0|0|0|8|0|0|0|0|0|0
43839,9,False,9,7,5,9|5|5|5|5|8|9|9|5|5
43846,8,False,8,1,8,8|8|8|8|8|8|8|8|5|8
43857,1,True,4,10,4,4|4|4|4|4|4|4|4|4|4
43861,1,False,1,10,5,5|5|5|5|5|9|5|5|5|5
43865,1,False,1,6,1,2|1|2|1|1|5|1|2|5|5
43866,1,True,5,10,5,5|5|5|5|5|5|5|5|5|5
43868,1,True,5,10,5,5|5|5|5|5|5|5|5|5|5
43877,1,True,3,10,5,5|5|3|3|3|5|5|5|3|5
43882,9,False,9,2,9,9|9|9|9|9|9|9|9|5|5
43894,3,True,7,10,5,5|5|5|5|5|5|1|5|5|5
43897,4,False,4,0,4,4|4|4|4|4|4|4|4|4|4
43904,2,False,2,6,4,4|2|4|2|4|2|4|4|4|2
43943,9,False,9,3,9,9|5|9|9|9|9|9|9|5|5
43970,2,False,2,1,2,2|2|0|2|2|2|2|2|2|2
43982,8,False,8,0,8,8|8|8|8|8|8|8|8|8|8
43992,0,False,0,0,0,0|0|0|0|0|0|0|0|0|0
44000,7,False,7,0,7,7|7|7|7|7|7|7|7|7|7
44002,4,False,4,0,4,4|4|4|4|4|4|4|4|4|4
44025,3,True,7,10,7,7|7|7|7|7|7|7|7|7|7
44028,8,True,6,10,0,0|0|0|0|0|0|0|0|0|0
44033,5,False,5,2,5,5|4|2|5|5|5|5|5|5|5
44056,5,True,9,6,9,5|9|9|9|9|9|5|9|5|5
44067,6,True,0,10,0,0|0|0|0|0|0|0|0|0|0
44071,4,False,4,0,4,4|4|4|4|4|4|4|4|4|4
44072,5,True,9,8,9,9|9|9|9|9|9|9|9|5|5
44073,8,True,6,8,6,6|9|8|2|6|6|6|6|6|8
44082,6,True,0,10,0,0|0|0|0|0|0|0|0|0|0
44091,7,False,7,0,7,7|7|7|7|7|7|7|7|7|7
44103,1,True,3,10,3,3|3|3|3|3|3|3|5|3|3
44108,3,False,3,4,3,3|3|5|3|3|5|3|5|5|3
44109,1,False,1,10,-1,9|5|9|9|9|9|5|5|5|5
44117,1,False,1,3,1,1|1|2|1|1|1|1|5|5|1
44136,6,True,0,10,0,0|0|0|0|0|0|0|0|0|0
44140,5,True,2,10,3,2|3|3|3|3|3|3|3|3|3
44141,0,False,0,0,0,0|0|0|0|0|0|0|0|0|0
44142,1,True,3,10,3,3|3|3|3|3|3|3|3|3|3
44145,0,False,0,1,0,0|0|0|2|0|0|0|0|0|0
44154,1,True,5,10,5,5|5|5|5|5|5|5|5|5|5
44167,6,True,0,10,0,0|0|0|0|0|0|0|0|0|0
44178,6,True,0,10,0,0|0|0|0|0|0|0|0|0|0
44180,1,True,8,10,8,8|8|8|8|8|8|8|8|5|8
44184,6,False,6,2,6,6|6|6|8|8|6|6|6|6|6
44207,2,False,2,2,2,2|2|0|2|2|2|4|2|2|2
44211,5,False,5,4,5,5|3|3|5|5|3|5|5|5|3
44220,1,False,1,10,0,6|2|5|0|0|0|0|0|0|0
44262,4,True,7,8,7,7|3|7|4|4|7|7|7|7|7
44263,3,False,3,3,3,3|2|3|3|3|4|3|3|5|3
44285,8,False,8,2,8,8|0|8|8|8|8|8|8|0|8
44296,6,True,0,10,0,0|0|0|0|0|0|0|0|0|0
44299,0,False,0,0,0,0|0|0|0|0|0|0|0|0|0
44303,0,False,0,1,0,0|9|0|0|0|0|0|0|0|0
44327,9,True,2,10,2,2|2|0|2|2|2|0|2|2|2
44350,0,False,0,9,2,0|2|8|4|2|2|2|2|6|2
44353,7,False,7,8,4,7|4|4|4|4|4|3|4|4|7
44360,4,False,4,1,4,4|4|4|4|4|4|4|3|4|4
44362,8,False,8,1,8,8|8|8|8|8|8|8|8|5|8
44389,4,False,4,0,4,4|4|4|4|4|4|4|4|4|4
44391,9,False,9,3,9,9|9|5|9|9|9|9|9|5|5
44427,2,False,2,1,2,2|2|2|2|2|2|3|2|2|2
44443,6,True,0,9,-1,6|1|8|1|8|1|8|8|2|1
44458,1,True,8,10,8,8|8|8|8|8|8|8|8|5|8
44460,5,True,9,7,9,9|9|9|9|9|9|5|9|5|5
44480,2,False,2,10,7,5|5|3|7|7|7|3|3|5|7
44502,9,False,9,3,9,9|9|2|9|9|9|9|9|5|5
44510,2,False,2,4,2,2|2|4|2|2|2|0|2|6|3
44522,6,False,6,5,6,6|3|8|3|3|8|6|6|6|6
44530,3,False,3,3,3,3|3|5|3|3|3|5|3|5|3
44560,7,False,7,0,7,7|7|7|7|7|7|7|7|7|7
44562,3,False,3,0,3,3|3|3|3|3|3|3|3|3|3
44572,4,False,4,10,6,6|7|8|3|6|6|6|7|6|7
44576,3,False,3,4,3,3|5|3|3|5|3|3|5|5|3
44583,1,True,5,9,3,5|3|5|3|5|3|1|3|3|3
44589,5,True,1,7,1,1|1|2|5|1|1|1|5|5|1
44590,5,True,6,10,6,6|9|8|8|6|6|8|6|6|6
44599,0,False,0,0,0,0|0|0|0|0|0|0|0|0|0
44620,1,False,1,3,1,1|1|2|1|1|1|1|5|5|1
44622,2,False,2,0,2,2|2|2|2|2|2|2|2|2|2
44638,9,False,9,6,5,9|9|5|9|9|5|5|5|5|5
44681,8,False,8,1,8,8|8|8|8|8|8|8|8|0|8
44686,1,False,1,9,0,0|0|0|0|0|0|1|0|0|0
44689,4,False,4,0,4,4|4|4|4|4|4|4|4|4|4
44694,7,False,7,0,7,7|7|7|7|7|7|7|7|7|7
44698,5,True,9,7,9,9|9|9|9|9|9|5|9|5|5
44714,5,True,9,5,-1,9|5|9|9|9|5|5|9|5|5
44715,0,False,0,0,0,0|0|0|0|0|0|0|0|0|0
44717,4,False,4,0,4,4|4|4|4|4|4|4|4|4|4
44740,5,False,5,0,5,5|5|5|5|5|5|5|5|5|5
44748,5,False,5,9,3,0|3|3|2|3|2|2|3|3|5
44767,9,True,1,10,8,1|8|5|8|8|8|1|8|5|8
44776,2,False,2,0,2,2|2|2|2|2|2|2|2|2|2
44787,8,False,8,1,8,8|8|8|8|8|8|8|8|5|8
44789,7,False,7,8,4,7|4|7|4|4|4|4|3|4|4
44816,1,True,4,10,2,2|4|2|2|2|0|2|0|0|0
44834,4,False,4,0,4,4|4|4|4|4|4|4|4|4|4
44835,1,False,1,3,1,1|1|2|1|1|1|1|5|5|1
44839,7,False,7,1,7,7|7|7|7|7|7|7|7|3|7
44856,1,True,3,10,3,3|3|3|3|3|3|3|3|3|3
44866,6,True,0,10,0,0|0|0|0|0|0|0|0|0|0
44869,1,False,1,10,9,9|9|9|9|9|9|5|9|5|5
44888,1,True,8,10,8,8|8|8|8|8|8|8|8|5|8
44908,4,True,9,10,9,9|5|9|9|9|9|9|9|5|5
44912,5,True,9,7,9,9|9|9|1|9|9|5|2|5|5
44915,6,False,6,3,6,7|6|7|6|6|6|6|7|6|6
44925,6,True,0,10,0,0|0|0|0|0|0|0|0|0|0
44946,6,True,0,10,0,0|0|0|0|0|0|0|0|0|0
44954,1,False,1,3,1,1|1|2|1|1|1|1|2|5|1
44963,4,False,4,2,4,4|4|4|7|4|4|4|4|2|4
44987,3,False,3,8,0,2|0|0|3|0|0|3|0|0|0
44991,2,True,1,8,1,9|1|2|9|1|1|1|5|2|1
44992,2,True,1,10,5,5|5|5|9|9|5|5|5|5|5
44996,9,False,9,2,9,9|9|9|9|9|9|9|9|5|5
45010,0,False,0,0,0,0|0|0|0|0|0|0|0|0|0
45028,1,False,1,3,1,1|1|2|1|1|1|1|2|2|1
45039,9,True,6,10,6,6|6|6|6|6|6|6|6|6|6
45047,8,False,8,1,8,1|8|8|8|8|8|8|8|8|8
45066,1,True,3,10,6,3|6|3|6|6|6|3|6|0|6
45071,4,False,4,0,4,4|4|4|4|4|4|4|4|4|4
45082,3,False,3,0,3,3|3|3|3|3|3|3|3|3|3
45098,6,False,6,10,3,4|3|7|2|7|3|3|3|5|7
45107,9,False,9,3,9,9|5|9|9|9|9|9|9|5|5
45119,2,False,2,4,2,2|7|7|7|2|2|2|2|7|2
45125,1,True,5,10,5,5|5|5|5|5|5|5|5|5|5
45144,4,False,4,9,3,3|3|4|5|3|3|3|3|5|1
45152,1,True,3,10,3,3|4|3|3|3|3|3|3|3|2
45174,5,True,9,8,9,9|9|9|9|9|9|9|9|5|5
45181,5,False,5,3,5,5|5|5|7|5|7|5|5|5|7
45185,8,False,8,1,8,8|8|8|8|8|8|8|8|5|8
45203,9,True,2,10,2,2|2|2|2|0|2|2|2|2|2
45220,6,False,6,4,6,6|9|8|6|6|6|8|8|6|6
45234,4,False,4,9,0,4|0|0|7|0|8|6|6|6|0
45240,8,False,8,2,8,1|8|8|8|8|8|8|8|5|8
45245,5,False,5,1,5,5|5|2|5|5|5|5|5|5|5
45251,3,False,3,5,3,3|8|2|8|3|8|6|3|3|3
45258,1,False,1,5,-1,1|5|5|5|1|1|1|5|5|1
45259,0,False,0,0,0,0|0|0|0|0|0|0|0|0|0
45271,5,False,5,0,5,5|5|5|5|5|5|5|5|5|5
45276,7,False,7,0,7,7|7|7|7|7|7|7|7|7|7
45283,1,False,1,6,1,2|2|2|1|1|1|1|5|5|5
45291,2,True,1,3,2,2|2|2|2|1|1|2|2|2|1
45306,5,True,2,10,2,2|2|2|2|2|2|2|2|2|2
45319,1,True,3,10,3,3|3|2|4|3|3|3|3|5|3
45321,5,False,5,5,5,3|2|2|5|5|2|3|5|5|5
45331,1,True,5,10,5,5|5|5|5|5|5|5|5|5|5
45332,2,True,1,10,5,1|5|5|5|5|5|5|5|5|5
45340,1,True,4,10,4,4|4|4|4|4|4|4|4|4|4
45348,0,False,0,0,0,0|0|0|0|0|0|0|0|0|0
45356,9,False,9,2,9,9|9|9|9|9|9|9|9|5|5
45369,6,False,6,3,6,6|6|8|8|6|6|8|6|6|6
45371,1,True,8,8,8,1|8|8|8|8|8|1|8|5|8
45382,3,False,3,6,-1,3|4|4|3|3|2|2|3|2|2
45394,3,True,7,9,4,3|4|4|4|4|4|4|4|4|4
45412,0,False,0,0,0,0|0|0|0|0|0|0|0|0|0
45416,7,False,7,0,7,7|7|7|7|7|7|7|7|7|7
45417,1,True,5,10,5,3|5|2|5|5|2|5|5|4|2
45421,5,False,5,0,5,5|5|5|5|5|5|5|5|5|5
45444,1,False,1,7,8,1|1|8|8|8|8|1|8|5|8
45451,0,True,2,10,2,2|2|2|2|2|2|2|2|2|2
45469,2,True,5,9,5,5|3|2|5|5|7|5|5|5|7
45474,8,True,6,8,6,6|6|8|8|6|6|6|6|6|6
45480,3,True,7,10,7,4|4|7|4|7|4|7|7|7|7
45485,5,True,1,5,-1,1|5|5|5|1|1|1|5|5|1
45514,1,True,3,10,3,3|3|3|3|3|3|3|3|3|3
45537,8,False,8,0,8,8|8|8|8|8|8|8|8|8|8
45541,4,False,4,1,4,4|4|4|4|4|2|4|4|4|4
45547,9,False,9,2,9,9|9|9|9|9|9|9|9|5|5
45554,1,True,5,10,3,3|3|3|3|3|3|3|3|3|3
45565,1,False,1,3,1,1|1|2|1|1|1|1|2|2|1
45574,1,False,1,4,1,1|5|2|1|1|1|1|2|5|1
45578,1,True,8,10,8,8|8|8|8|8|8|8|8|5|8
45585,7,True,6,9,6,7|6|6|6|6|6|6|6|6|6
45595,1,True,4,10,4,4|4|4|4|4|4|4|4|4|4
45597,7,True,6,9,-1,6|8|8|6|6|6|3|8|7|8
45599,9,True,1,10,1,1|1|1|1|1|1|1|5|5|1
45619,8,False,8,3,8,8|8|8|8|8|8|6|0|0|8
45621,9,True,0,10,0,2|0|0|0|0|0|0|0|0|0
45626,8,False,8,1,8,8|8|8|8|8|8|8|8|5|8
45638,7,True,6,8,6,7|6|7|6|6|6|6|6|6|6
45647,9,True,2,10,2,2|2|2|2|2|2|2|2|2|2
45658,9,False,9,2,9,9|9|9|9|9|9|9|9|5|5
45693,6,False,6,1,6,6|6|8|6|6|6|6|6|6|6
45730,6,False,6,1,6,6|6|8|6|6|6|6|6|6|6
45734,5,True,9,7,9,9|9|9|9|9|9|5|9|5|5
45748,2,False,2,0,2,2|2|2|2|2|2|2|2|2|2
45785,9,True,2,10,-1,4|2|7|7|4|4|2|4|7|7
45809,8,False,8,1,8,8|8|8|8|8|8|8|8|5|8
45837,4,True,2,10,2,2|2|2|9|2|2|2|2|2|2
45867,4,False,4,5,4,4|4|8|8|4|4|6|8|4|6
45869,4,False,4,2,4,4|4|3|4|4|4|4|4|5|4
45872,1,True,8,10,8,8|8|8|8|8|8|8|8|5|8
45877,1,False,1,7,5,1|5|5|5|5|1|1|5|5|5
45888,9,True,7,9,7,7|9|7|7|7|7|7|7|7|7
45898,8,False,8,1,8,8|8|8|8|8|8|8|8|5|8
45908,3,False,3,9,5,3|5|5|5|5|5|1|5|5|5
45912,1,True,8,10,8,8|8|8|8|8|8|8|8|5|8
45915,5,False,5,1,5,5|5|5|5|5|5|5|5|5|3
45918,6,False,6,4,6,6|9|8|8|6|6|8|6|6|6
45919,0,False,0,0,0,0|0|0|0|0|0|0|0|0|0
45920,9,False,9,3,9,9|5|9|9|9|9|9|9|5|5
45923,2,True,1,7,-1,1|0|1|2|8|0|2|2|0|8
45925,8,True,6,9,6,6|6|8|6|6|6|6|6|6|6
45928,3,False,3,5,3,3|2|3|3|0|2|0|3|5|3
45943,4,True,9,10,9,9|9|9|9|9|9|9|9|5|5
45951,2,False,2,0,2,2|2|2|2|2|2|2|2|2|2
45952,1,True,5,9,3,1|3|3|3|3|3|3|5|5|3
45963,1,True,5,10,5,5|5|5|5|5|5|5|5|5|5
45968,1,False,1,5,1,5|2|2|1|1|1|1|2|2|1
45971,6,False,6,2,6,6|6|8|8|6|6|6|6|6|6
45977,1,False,1,4,1,1|1|2|1|1|1|8|8|5|1
45986,5,False,5,1,5,5|5|3|5|5|5|5|5|5|5
46006,5,False,5,4,5,5|5|7|7|5|2|5|3|5|5
46008,8,False,8,0,8,8|8|8|8|8|8|8|8|8|8
46011,1,True,4,10,4,4|4|4|4|4|4|4|4|4|4
46014,2,False,2,0,2,2|2|2|2|2|2|2|2|2|2
46020,1,True,8,10,8,0|8|8|8|8|8|8|0|0|8
46031,1,True,8,10,8,8|8|8|8|8|8|8|8|8|8
46043,7,True,6,7,6,7|6|7|6|6|6|7|6|6|6
46047,1,True,4,10,4,7|4|7|4|4|4|4|6|7|4
46050,8,True,6,9,6,6|9|6|6|6|6|8|6|6|6
46055,6,True,7,10,7,7|7|3|7|7|7|7|7|7|7
46064,7,False,7,0,7,7|7|7|7|7|7|7|7|7|7
46071,1,True,5,10,5,5|5|3|5|5|5|5|5|5|5
46084,5,False,5,8,3,3|3|5|3|3|3|1|5|3|3
46101,8,False,8,1,8,1|8|8|8|8|8|8|8|8|8
46129,7,False,7,0,7,7|7|7|7|7|7|7|7|7|7
46133,4,False,4,0,4,4|4|4|4|4|4|4|4|4|4
46137,9,True,0,10,0,0|0|0|0|0|0|0|0|0|0
46141,1,True,3,10,2,3|2|4|4|4|2|2|4|2|2
46157,1,True,3,10,3,3|3|3|3|3|3|3|3|3|3
46167,7,False,7,0,7,7|7|7|7|7|7|7|7|7|7
46169,1,True,5,9,2,2|2|2|1|2|9|7|2|5|2
46174,1,True,4,10,4,4|4|4|4|4|4|4|4|4|4
46208,8,True,6,9,6,6|6|6|8|6|6|7|6|6|6
46212,8,False,8,1,8,8|8|8|8|8|8|8|8|5|8
46218,4,False,4,0,4,4|4|4|4|4|4|4|4|4|4
46222,1,True,5,10,5,5|5|5|5|5|5|5|5|5|5
46225,9,False,9,5,-1,9|5|9|9|9|9|5|5|5|5
46228,7,False,7,0,7,7|7|7|7|7|7|7|7|7|7
46258,2,False,2,0,2,2|2|2|2|2|2|2|2|2|2
46259,2,True,1,9,5,5|5|2|5|5|5|1|5|5|1
46273,7,True,6,10,6,6|6|8|8|6|6|6|8|6|6
46283,7,False,7,3,7,3|7|7|7|7|7|3|7|3|7
46284,2,False,2,10,0,0|0|0|0|0|0|6|0|0|0
46289,2,True,5,10,5,5|5|5|5|5|5|7|3|5|5
46295,1,True,3,10,3,3|3|3|3|3|3|3|3|3|3
46309,8,False,8,1,8,8|8|8|8|8|8|8|8|0|8
46314,8,False,8,1,8,1|8|8|8|8|8|8|8|8|8
46326,2,False,2,4,2,2|0|0|2|2|2|2|0|0|2
46335,9,False,9,8,5,1|9|9|7|5|8|0|2|5|5
46355,5,True,9,8,9,9|9|9|9|9|9|9|9|5|5
46369,0,False,0,6,6,0|6|6|6|0|6|6|6|0|0
46382,4,False,4,0,4,4|4|4|4|4|4|4|4|4|4
46388,6,False,6,1,6,6|6|6|7|6|6|6|6|6|6
46403,7,True,6,10,0,2|0|3|2|0|0|2|0|6|3
46409,0,False,0,0,0,0|0|0|0|0|0|0|0|0|0
46412,4,True,7,10,7,7|7|7|7|7|7|7|7|7|7
46424,3,False,3,0,3,3|3|3|3|3|3|3|3|3|3
46427,1,False,1,8,5,5|5|5|5|5|5|1|5|5|1
46429,4,True,6,10,6,6|9|8|6|6|6|6|6|6|6
46435,1,True,8,10,8,8|8|8|8|8|8|8|8|5|8
46436,5,False,5,2,5,5|5|5|5|5|3|5|3|5|5
46440,1,True,5,10,5,5|5|5|5|5|5|5|5|5|5
46467,4,True,2,10,2,2|2|2|2|2|2|2|2|2|2
46490,1,True,4,10,4,4|4|4|6|4|6|2|4|6|4
46492,6,False,6,1,6,6|6|6|8|6|6|6|6|6|6
46500,3,False,3,9,1,3|1|1|1|1|8|8|9|0|0
46502,4,False,4,0,4,4|4|4|4|4|4|4|4|4|4
46505,1,True,8,10,8,8|8|8|8|8|8|8|8|5|8
46541,2,False,2,7,-1,2|6|2|7|4|4|7|6|4|2
46547,1,False,1,7,5,2|5|2|1|1|5|1|2|5|5
46561,3,False,3,1,3,3|3|5|3|3|3|3|3|3|3
46568,3,False,3,7,4,3|4|2|4|4|3|3|2|4|4
46581,7,False,7,7,9,9|9|9|7|7|9|9|3|5|7
46583,4,True,7,10,7,7|7|7|7|7|7|7|7|7|7
46600,6,False,6,0,6,6|6|6|6|6|6|6|6|6|6
46601,9,True,7,10,7,7|7|7|7|7|7|7|7|7|7
46604,3,False,3,6,-1,3|7|5|3|5|5|3|5|3|7
46616,4,False,4,0,4,4|4|4|4|4|4|4|4|4|4
46633,8,True,2,10,2,2|2|2|2|2|2|2|2|2|2
46638,2,True,5,10,3,3|4|5|3|3|7|3|3|3|1
46670,1,True,8,10,8,8|8|8|8|8|8|8|8|5|8
46684,1,True,5,9,5,5|5|5|5|5|5|1|5|5|5
46692,0,False,0,0,0,0|0|0|0|0|0|0|0|0|0
46693,1,False,1,4,1,1|2|2|1|1|1|1|2|2|1
46706,6,True,0,10,0,0|0|5|0|9|8|9|5|0|0
46710,8,False,8,1,8,8|8|8|8|8|8|8|8|5|8
46715,2,True,5,10,7,4|7|4|7|4|7|3|4|7|7
46726,9,True,7,10,7,7|7|7|7|7|7|7|7|7|7
46728,2,False,2,0,2,2|2|2|2|2|2|2|2|2|2
46729,1,True,3,10,5,5|5|3|5|5|5|3|5|5|5
46738,0,False,0,0,0,0|0|0|0|0|0|0|0|0|0
46779,4,False,4,1,4,4|4|4|4|4|4|3|4|4|4
46820,2,True,5,10,5,5|5|5|5|5|5|5|5|5|5
46824,4,False,4,3,4,3|4|8|4|4|4|4|4|4|8
46827,1,False,1,4,1,1|5|2|1|1|1|1|5|5|1
46841,3,False,3,1,3,3|3|3|3|3|3|3|3|0|3
46844,5,True,9,8,9,9|9|9|9|9|9|9|9|5|5
46849,7,False,7,5,-1,7|7|3|3|3|7|3|7|3|7
46863,1,True,8,9,8,1|8|8|8|8|8|8|8|8|8
46868,6,False,6,0,6,6|6|6|6|6|6|6|6|6|6
46871,1,False,1,8,2,2|2|2|1|2|1|2|2|2|5
46873,0,False,0,2,0,0|6|0|0|0|0|0|0|0|6
46877,2,False,2,8,6,2|2|8|7|6|6|6|6|6|6
46898,0,False,0,0,0,0|0|0|0|0|0|0|0|0|0
46899,2,True,5,8,3,2|3|2|3|3|3|1|3|5|3
46917,8,False,8,1,8,8|8|8|8|8|8|8|8|5|8
46918,5,False,5,3,5,5|5|5|7|7|5|5|5|5|1
46929,5,False,5,10,7,7|7|7|7|7|7|7|7|7|7
46951,6,False,6,2,6,6|9|8|6|6|6|6|6|6|6
46952,6,False,6,2,6,6|6|8|8|6|6|6|6|6|6
46953,1,False,1,3,1,1|1|2|1|1|1|1|5|5|1
46969,0,False,0,1,0,0|4|0|0|0|0|0|0|0|0
46971,6,False,6,0,6,6|6|6|6|6|6|6|6|6|6
46978,5,True,9,6,9,9|5|9|9|9|9|5|9|5|5
46986,9,False,9,9,5,2|9|2|5|5|5|1|2|5|5
46994,4,False,4,0,4,4|4|4|4|4|4|4|4|4|4
47010,9,True,2,10,2,2|2|2|2|2|4|2|2|2|2
47044,3,False,3,0,3,3|3|3|3|3|3|3|3|3|3
47047,6,False,6,1,6,6|6|6|8|6|6|6|6|6|6
47057,1,True,5,9,5,5|5|3|5|5|5|1|5|5|5
47058,7,False,7,2,7,7|7|7|7|7|7|3|7|3|7
47072,1,True,4,10,4,4|7|4|3|4|4|7|4|4|4
47093,0,False,0,0,0,0|0|0|0|0|0|0|0|0|0
47094,1,True,8,10,8,8|8|8|8|8|8|8|8|0|8
47102,0,False,0,0,0,0|0|0|0|0|0|0|0|0|0
47111,1,True,5,10,5,5|5|5|5|5|5|5|5|5|7
47124,9,False,9,2,9,9|9|9|9|9|9|9|9|5|5
47127,2,False,2,0,2,2|2|2|2|2|2|2|2|2|2
47139,4,False,4,8,3,4|3|4|3|3|2|1|3|5|7
47143,6,True,0,10,0,0|0|0|0|0|0|0|0|0|0
47151,5,True,1,9,8,1|8|8|8|8|8|1|8|5|8
47157,5,False,5,1,5,5|5|5|3|5|5|5|5|5|5
47175,9,False,9,3,9,9|9|5|9|9|9|9|9|5|5
47176,6,True,0,10,0,0|0|8|8|8|8|0|0|0|0
47192,2,True,5,10,5,5|5|5|5|5|5|5|5|5|5
47205,4,False,4,0,4,4|4|4|4|4|4|4|4|4|4
47211,1,True,5,10,5,5|5|5|5|5|5|5|5|5|5
47217,3,False,3,0,3,3|3|3|3|3|3|3|3|3|3
47223,2,True,5,9,5,2|5|5|5|5|5|5|5|5|5
47225,1,True,5,10,5,5|5|5|5|5|5|5|5|5|5
47238,9,False,9,4,9,9|9|2|9|9|9|5|9|5|5
47247,9,False,9,2,9,9|9|9|9|9|9|9|9|5|5
47248,9,True,2,10,2,2|2|2|2|2|2|2|2|2|2
47254,1,False,1,9,5,5|5|5|5|5|5|1|2|5|5
47258,5,False,5,10,3,3|3|3|3|3|3|3|3|3|3
47262,9,False,9,2,9,9|9|9|9|9|9|9|9|5|5
47267,6,True,0,9,0,0|0|0|0|0|2|0|6|0|0
47269,9,False,9,3,9,5|9|9|9|9|9|9|9|5|5
47292,1,True,3,10,3,3|4|5|5|3|3|3|2|5|3
47297,8,True,6,7,6,6|6|8|8|6|6|8|6|6|6
47307,5,True,9,7,9,9|5|9|9|9|9|9|9|5|5
47320,0,False,0,0,0,0|0|0|0|0|0|0|0|0|0
47325,4,True,7,9,7,4|7|7|7|7|7|7|7|7|7
47344,1,True,4,10,4,3|4|3|4|4|4|4|4|4|4
47384,4,False,4,0,4,4|4|4|4|4|4|4|4|4|4
47394,1,True,3,10,3,3|2|2|3|6|3|3|4|2|8
47403,1,True,4,10,4,4|4|4|4|4|4|4|4|4|4
47406,7,False,7,8,3,7|3|7|3|3|3|3|3|3|3
47419,9,False,9,3,9,9|9|9|9|9|9|9|5|5|5
47446,6,True,0,10,0,0|0|0|0|0|0|0|0|0|0
47449,2,False,2,0,2,2|2|2|2|2|2|2|2|2|2
47451,8,True,6,10,6,6|6|6|6|6|6|6|6|7|6
47487,6,True,4,10,4,4|4|4|4|4|4|4|4|4|4
47491,2,False,2,0,2,2|2|2|2|2|2|2|2|2|2
47492,2,False,2,1,2,2|2|2|2|2|2|2|2|2|0
47499,6,False,6,2,6,6|6|7|6|6|6|6|6|3|6
47512,5,True,9,8,9,9|9|9|9|9|9|9|9|5|5
47514,7,False,7,8,4,7|4|4|4|4|4|7|4|4|4
47516,7,False,7,0,7,7|7|7|7|7|7|7|7|7|7
47526,1,True,3,10,3,7|6|3|6|3|3|3|6|3|6
47532,2,True,1,5,-1,2|1|2|1|1|1|2|2|2|1
47562,8,False,8,0,8,8|8|8|8|8|8|8|8|8|8
47564,1,False,1,6,5,1|5|2|5|1|1|1|5|5|5
47581,6,True,0,10,0,0|0|0|0|0|0|0|0|0|0
47582,5,True,1,7,1,1|1|2|1|1|1|1|5|5|5
47595,8,True,6,8,6,6|6|8|8|6|6|6|6|7|6
47608,8,False,8,1,8,8|8|8|8|8|8|8|8|5|8
47615,8,False,8,0,8,8|8|8|8|8|8|8|8|8|8
47628,1,True,8,10,8,8|8|8|8|8|8|8|8|8|8
47646,1,True,8,9,8,1|8|8|8|8|8|8|8|8|8
47647,5,False,5,0,5,5|5|5|5|5|5|5|5|5|5
47650,6,False,6,6,8,6|6|8|8|8|4|6|8|6|8
47661,1,True,5,9,5,5|5|5|5|5|7|5|5|5|1
47666,1,True,3,10,3,3|3|3|3|3|6|3|3|6|3
47697,5,True,9,3,5,5|5|5|9|1|9|5|5|5|5
47705,3,False,3,1,3,3|3|3|3|3|3|3|3|5|3
47714,5,False,5,0,5,5|5|5|5|5|5|5|5|5|5
47731,7,False,7,2,7,7|4|7|7|7|7|7|7|4|7
47739,2,True,5,10,5,5|5|5|5|5|5|5|5|5|5
47757,5,False,5,0,5,5|5|5|5|5|5|5|5|5|5
47760,8,True,6,9,6,6|4|8|2|4|4|7|6|6|6
47762,1,True,8,9,8,1|8|8|8|8|8|8|8|0|8
47778,1,True,5,10,3,5|5|2|3|3|3|5|3|5|3
47785,9,False,9,2,9,9|9|9|9|9|9|9|9|5|5
47801,3,False,3,8,5,1|5|3|3|5|5|5|6|5|5
47802,6,True,0,10,8,0|0|8|8|8|8|8|0|0|8
47806,8,False,8,8,9,8|9|9|9|9|8|9|9|5|5
47812,3,False,3,0,3,3|3|3|3|3|3|3|3|3|3
47813,1,True,4,10,4,4|4|4|4|4|4|4|4|4|4
47822,1,True,8,8,8,1|8|1|8|8|8|8|8|5|8
47823,3,False,3,6,5,3|5|3|5|7|3|3|5|5|5
47826,2,False,2,5,2,4|2|2|2|4|2|2|4|4|7
47836,1,False,1,8,-1,2|2|2|5|2|1|1|5|5|5
47860,8,False,8,1,8,8|8|8|8|8|8|8|8|5|8
47876,5,True,9,9,2,2|2|2|2|2|1|2|2|2|5
47880,3,True,7,8,-1,4|2|4|3|3|7|7|2|2|7
47882,0,False,0,1,0,0|0|4|0|0|0|0|0|0|0
47885,2,False,2,0,2,2|2|2|2|2|2|2|2|2|2
47889,8,False,8,4,8,1|9|8|8|8|8|8|8|5|5
47895,5,True,9,8,-1,2|9|5|2|9|9|9|2|5|2
47942,3,False,3,7,5,3|5|5|5|3|5|5|5|3|5
47953,7,True,6,10,6,6|6|8|6|6|6|6|6|6|6
47963,3,False,3,0,3,3|3|3|3|3|3|3|3|3|3
47966,6,True,0,10,0,0|0|0|0|0|0|0|0|0|0
47976,7,True,6,10,6,6|6|6|6|6|6|6|6|6|6
47998,3,False,3,5,3,3|0|2|3|3|3|3|2|0|8
48015,4,True,2,1,4,4|4|3|4|4|4|4|4|4|4
48019,3,False,3,10,2,2|2|7|2|6|2|2|2|2|6
48027,6,False,6,10,2,0|2|2|2|2|2|2|2|2|2
48042,8,False,8,0,8,8|8|8|8|8|8|8|8|8|8
48054,0,False,0,0,0,0|0|0|0|0|0|0|0|0|0
48091,4,False,4,0,4,4|4|4|4|4|4|4|4|4|4
48097,2,True,3,10,3,3|3|3|3|3|3|3|3|3|3
48099,9,True,7,10,7,7|7|7|7|7|7|7|7|7|7
48103,6,False,6,0,6,6|6|6|6|6|6|6|6|6|6
48108,6,True,0,10,0,0|0|0|0|0|0|0|0|0|0
48120,8,False,8,1,8,8|8|8|8|8|8|8|8|5|8
48123,3,True,9,10,9,9|9|9|9|9|9|9|9|5|5
48129,9,False,9,5,-1,9|5|9|5|9|9|9|5|5|5
48141,1,False,1,9,-1,1|5|2|5|9|9|9|9|5|5
48143,4,False,4,0,4,4|4|4|4|4|4|4|4|4|4
48155,1,True,5,10,5,5|5|5|5|5|5|5|5|5|5
48189,1,True,5,10,5,5|5|5|5|5|5|5|5|5|5
48191,4,False,4,0,4,4|4|4|4|4|4|4|4|4|4
48196,5,True,9,6,9,9|5|9|9|9|9|5|9|5|5
48206,6,False,6,2,6,6|6|6|2|6|2|6|6|6|6
48211,1,True,4,10,4,4|4|4|4|4|4|4|4|4|7
48213,1,True,8,10,8,8|8|8|8|8|8|8|8|5|8
48219,7,False,7,3,7,7|7|3|7|7|7|3|7|7|3
48226,9,False,9,2,9,9|9|9|9|9|9|9|9|5|5
48256,7,False,7,1,7,7|7|3|7|7|7|7|7|7|7
48279,1,False,1,4,1,1|1|2|1|1|1|1|5|5|5
48280,0,False,0,4,0,0|0|0|0|3|2|1|2|0|0
48283,2,True,7,10,7,7|7|7|7|7|7|7|7|7|7
48292,9,False,9,6,5,9|9|5|5|9|9|5|5|5|5
48301,5,False,5,0,5,5|5|5|5|5|5|5|5|5|5
48302,2,True,5,10,3,5|3|3|3|3|3|3|3|5|3
48304,7,False,7,2,7,7|7|3|7|7|7|7|7|3|7
48349,7,False,7,2,7,3|4|7|7|7|7|7|7|7|7
48364,9,True,2,10,2,2|2|2|2|2|2|2|2|2|2
48369,6,False,6,7,6,6|9|6|9|6|8|5|8|5|7
48371,5,True,9,2,5,5|1|5|5|5|5|5|6|5|5
48372,1,True,8,10,8,8|8|8|8|8|8|8|8|8|8
48373,6,False,6,0,6,6|6|6|6|6|6|6|6|6|6
48401,6,False,6,0,6,6|6|6|6|6|6|6|6|6|6
48403,1,True,5,10,3,4|3|2|3|5|3|3|2|3|2
48421,1,True,5,10,5,5|5|5|5|5|5|5|5|5|5
48425,4,False,4,0,4,4|4|4|4|4|4|4|4|4|4
48426,3,False,3,6,5,5|3|5|3|5|5|5|3|5|3
48428,6,True,0,10,0,0|0|0|0|0|0|0|0|0|0
48455,9,False,9,2,9,9|9|9|9|9|9|9|9|5|5
48478,4,False,4,0,4,4|4|4|4|4|4|4|4|4|4
48486,7,False,7,2,7,7|7|7|7|7|7|7|3|5|7
48488,1,True,4,10,4,4|4|4|4|4|4|4|4|4|7
48489,6,True,0,10,0,0|0|0|0|0|0|0|0|0|0
48498,5,True,2,9,4,4|4|4|4|5|4|4|0|3|4
48513,4,False,4,0,4,4|4|4|4|4|4|4|4|4|4
48537,5,False,5,3,5,5|3|5|5|5|5|5|3|5|1
48539,5,True,1,1,5,5|5|5|5|5|5|1|5|5|5
48541,8,False,8,2,8,8|8|8|8|8|8|8|3|5|8
48542,6,False,6,0,6,6|6|6|6|6|6|6|6|6|6
48552,2,True,8,7,1,1|1|2|1|8|1|8|2|2|1
48559,9,False,9,2,9,9|9|9|9|9|9|9|9|5|5
48562,8,False,8,1,8,8|8|8|8|8|8|8|8|5|8
48590,9,False,9,2,9,9|9|9|9|9|9|9|9|5|5
48591,1,True,4,10,4,4|4|4|4|4|4|4|4|4|4
48600,6,False,6,0,6,6|6|6|6|6|6|6|6|6|6
48601,3,False,3,0,3,3|3|3|3|3|3|3|3|3|3
48602,8,False,8,1,8,8|8|8|8|8|8|8|8|5|8
48628,9,True,2,9,2,9|2|2|2|2|2|2|2|2|2
48653,6,True,0,10,0,0|0|0|0|0|0|0|0|0|0
48655,2,True,1,8,-1,1|2|5|2|8|8|1|8|5|5
48658,6,False,6,2,6,6|6|8|8|6|6|6|6|6|6
48666,5,False,5,0,5,5|5|5|5|5|5|5|5|5|5
48672,9,False,9,2,9,9|9|9|9|9|9|9|9|5|5
48673,1,True,5,10,3,3|3|3|3|3|3|3|3|3|3
48694,2,False,2,8,6,2|9|6|2|8|6|6|6|6|8
48704,5,False,5,8,4,4|4|2|4|7|4|5|4|5|1
48719,1,True,3,10,3,3|3|3|3|3|3|3|3|3|3
48738,4,False,4,0,4,4|4|4|4|4|4|4|4|4|4
48741,6,True,7,9,7,6|7|7|7|7|2|7|7|7|0
48742,3,False,3,0,3,3|3|3|3|3|3|3|3|3|3
48744,8,False,8,0,8,8|8|8|8|8|8|8|8|8|8
48749,2,True,1,8,1,1|1|2|1|1|1|1|2|5|1
48761,3,False,3,3,3,3|3|2|3|5|3|3|3|5|3
48768,3,False,3,9,4,3|4|4|4|4|4|4|4|6|4
48771,8,True,6,8,6,6|9|8|8|6|6|6|6|6|6
48773,7,False,7,0,7,7|7|7|7|7|7|7|7|7|7
48819,7,True,6,8,6,6|6|7|6|6|6|8|6|7|6
48837,7,False,7,0,7,7|7|7|7|7|7|7|7|7|7
48849,3,False,3,2,3,3|3|5|5|3|3|3|3|3|3
48859,0,False,0,0,0,0|0|0|0|0|0|0|0|0|0
48867,1,True,3,10,3,3|3|3|3|3|3|3|3|3|3
48871,8,False,8,1,8,8|8|0|8|8|8|8|8|8|8
48918,7,False,7,1,7,7|7|7|7|7|7|5|7|7|7
48919,9,False,9,2,9,9|9|9|9|9|9|9|9|5|5
48974,6,False,6,1,6,6|6|6|8|6|6|6|6|6|6
48979,6,True,0,10,0,0|0|0|0|0|0|0|0|0|0
48992,5,False,5,10,2,2|2|2|2|2|2|2|2|4|2
49001,5,True,9,4,5,9|5|5|9|9|9|5|5|5|5
49035,9,False,9,2,9,9|9|9|9|9|9|9|9|5|5
49044,3,False,3,0,3,3|3|3|3|3|3|3|3|3|3
49047,9,True,7,9,7,2|9|2|7|7|7|7|3|7|7
49048,7,False,7,0,7,7|7|7|7|7|7|7|7|7|7
49054,1,True,3,10,5,2|5|2|5|3|4|5|2|5|3
49059,8,True,6,9,6,6|6|8|6|6|6|6|6|6|6
49095,8,True,6,9,6,6|6|8|6|6|6|6|6|6|6
49096,5,True,1,2,5,5|5|5|5|5|5|1|5|5|1
49113,5,False,5,9,7,7|7|3|7|3|7|2|3|5|7
49118,5,False,5,2,5,5|5|3|5|3|5|5|5|5|5
49122,1,False,1,4,1,1|1|5|5|1|1|1|5|5|1
49127,1,True,8,10,8,8|8|8|8|8|8|8|8|8|8
49136,1,False,1,4,1,1|2|2|1|1|1|1|2|5|1
49140,1,True,3,10,2,4|2|2|2|2|2|2|2|2|2
49155,5,False,5,0,5,5|5|5|5|5|5|5|5|5|5
49158,9,False,9,2,9,9|9|9|9|9|9|9|9|5|5
49159,2,False,2,0,2,2|2|2|2|2|2|2|2|2|2
49165,8,False,8,5,8,1|8|0|8|1|8|6|8|0|8
49172,2,True,5,10,7,4|7|7|7|7|7|4|4|7|7
49177,8,False,8,1,8,8|8|8|8|8|8|8|8|5|8
49178,5,True,3,10,3,3|3|3|3|3|3|3|3|3|3
49193,9,False,9,4,9,9|9|9|9|9|2|9|6|5|0
49213,1,True,4,10,-1,2|2|2|4|4|4|2|2|4|4
49221,5,True,1,4,5,5|1|5|9|5|9|1|5|5|5
49237,4,False,4,1,4,4|4|4|4|4|4|4|2|4|4
49252,1,True,4,10,4,4|4|4|4|4|4|3|4|4|4
49266,9,False,9,3,9,9|9|9|9|9|5|9|9|5|5
49285,7,True,6,10,6,6|6|8|8|6|6|6|6|6|6
49286,5,True,1,3,5,1|5|5|5|5|5|1|5|5|1
49289,6,False,6,2,6,6|9|6|6|6|6|8|6|6|6
49299,1,True,3,10,3,3|3|3|3|3|3|3|3|3|3
49302,7,True,6,8,6,6|6|7|6|6|6|7|6|6|6
49307,6,False,6,10,2,2|2|2|2|2|2|2|2|2|2
49312,7,True,6,10,6,6|9|6|8|6|6|6|6|6|6
49316,5,False,5,10,4,4|4|4|4|4|4|4|4|4|4
49333,1,True,5,10,5,5|5|5|5|5|5|5|5|5|5
49337,1,False,1,5,1,2|5|2|1|1|1|1|2|2|1
49346,6,True,0,10,0,0|0|0|0|0|0|0|0|0|0
49356,1,False,1,5,1,5|1|2|1|1|1|1|0|5|5
49369,9,False,9,3,9,9|9|9|9|9|9|5|9|5|5
49372,8,False,8,1,8,8|8|8|8|8|8|8|8|5|8
49396,3,True,7,9,7,7|7|7|7|7|7|7|7|3|7
49405,9,False,9,5,-1,9|5|9|9|9|9|5|5|5|5
49415,8,False,8,1,8,8|8|8|8|8|8|8|8|5|8
49421,4,False,4,6,4,4|9|8|8|2|6|6|4|4|4
49425,9,False,9,8,2,9|2|2|2|5|9|2|2|5|0
49457,9,True,2,10,2,2|2|2|2|2|2|2|2|2|2
49466,3,False,3,2,3,3|3|3|3|3|6|3|6|3|3
49467,2,True,5,9,-1,2|4|4|3|4|4|3|3|5|3
49471,2,False,2,0,2,2|2|2|2|2|2|2|2|2|2
49472,5,False,5,10,0,3|0|0|0|0|0|0|3|0|0
49496,8,True,6,10,6,6|6|6|7|6|6|6|6|6|6
49506,4,False,4,0,4,4|4|4|4|4|4|4|4|4|4
49508,5,False,5,0,5,5|5|5|5|5|5|5|5|5|5
49527,2,False,2,3,2,2|4|2|2|3|3|2|2|2|2
49528,0,False,0,6,-1,0|2|0|0|2|2|6|0|6|2
49530,6,True,0,10,0,0|0|0|0|0|0|0|0|0|0
49535,0,False,0,0,0,0|0|0|0|0|0|0|0|0|0
49539,5,True,1,6,1,1|5|5|1|1|1|1|5|5|1
49545,1,True,3,10,3,3|3|3|3|3|3|3|3|3|3
49551,8,False,8,1,8,8|8|8|8|8|8|8|8|5|8
49553,1,True,8,10,8,8|8|8|8|8|8|8|8|5|8
49554,1,False,1,6,5,1|5|5|5|5|1|1|5|5|1
49555,0,False,0,10,9,9|9|9|9|9|9|9|9|5|5
49558,2,False,2,0,2,2|2|2|2|2|2|2|2|2|2
49563,1,True,3,10,3,3|3|3|3|5|3|3|3|3|3
49564,4,False,4,0,4,4|4|4|4|4|4|4|4|4|4
49577,1,True,5,9,3,1|6|3|8|5|6|3|3|3|3
49581,6,False,6,3,6,6|6|8|8|6|6|6|6|0|6
49586,4,False,4,0,4,4|4|4|4|4|4|4|4|4|4
49591,8,False,8,7,0,8|0|0|0|0|0|0|8|0|8
49599,1,True,3,10,3,3|3|3|3|3|3|3|3|3|3
49600,1,True,3,10,3,3|3|3|3|3|3|3|3|3|3
49604,2,True,1,6,-1,2|2|2|1|1|1|1|5|2|5
49609,3,False,3,2,3,3|3|3|3|3|2|3|2|3|3
49619,3,False,3,2,3,3|3|3|3|3|2|3|3|2|3
49640,4,True,7,10,7,7|7|7|7|7|7|7|7|7|7
49672,0,False,0,4,0,0|9|0|9|0|9|0|9|0|0
49694,5,True,9,8,9,9|9|9|9|9|9|9|9|5|5
49700,2,False,2,0,2,2|2|2|2|2|2|2|2|2|2
49702,1,False,1,4,1,2|1|2|1|1|1|1|2|5|1
49746,8,False,8,5,-1,0|0|8|8|8|0|8|0|0|8
49751,2,True,4,10,4,4|4|4|7|4|4|4|4|4|4
49765,2,True,7,10,3,0|3|3|7|0|0|3|0|3|3
49775,3,False,3,0,3,3|3|3|3|3|3|3|3|3|3
49778,1,True,8,10,8,8|8|8|8|8|8|8|8|5|8
49781,2,False,2,0,2,2|2|2|2|2|2|2|2|2|2
49783,9,False,9,3,9,9|5|9|9|9|9|9|9|5|5
49794,7,False,7,3,7,3|9|7|7|7|7|7|7|9|7
49805,1,True,4,10,4,4|4|4|4|4|4|4|4|4|4
49816,9,False,9,2,9,9|9|9|9|9|9|9|9|5|5
49823,0,True,9,10,9,9|9|2|9|9|9|5|9|5|5
49830,8,False,8,1,8,8|8|8|8|8|8|8|8|5|8
49851,8,False,8,0,8,8|8|8|8|8|8|8|8|8|8
49862,6,False,6,2,6,6|6|8|6|6|6|6|6|3|6
49863,6,True,0,10,0,0|0|0|0|0|0|0|0|0|0
49867,5,False,5,0,5,5|5|5|5|5|5|5|5|5|5
49868,6,True,0,10,0,0|0|0|0|0|0|0|0|0|0
49875,1,False,1,8,5,5|5|5|5|5|5|1|5|5|1
49880,9,False,9,3,9,9|9|9|7|9|9|9|9|5|5
49890,5,False,5,8,-1,5|9|5|2|9|2|2|0|0|0
49891,6,True,0,10,0,0|0|0|0|0|0|0|0|0|0
49922,3,False,3,0,3,3|3|3|3|3|3|3|3|3|3
49925,3,True,7,9,-1,3|9|7|7|7|2|6|2|4|2
49932,1,False,1,8,5,1|5|5|5|5|5|1|5|5|5
49933,1,False,1,5,1,1|2|2|5|1|1|1|5|5|1
49939,3,True,7,10,7,7|7|7|7|7|7|7|7|7|7
49943,7,False,7,0,7,7|7|7|7|7|7|7|7|7|7
49947,9,True,4,10,0,2|0|0|0|0|0|0|0|0|0
49959,2,True,1,8,1,1|1|2|1|1|1|1|2|5|5
49962,6,False,6,1,6,6|6|6|8|6|6|6|6|6|6
49965,9,True,7,9,7,2|5|3|7|9|7|3|7|5|7
49967,1,True,8,10,8,8|8|8|8|8|8|8|8|5|8
49974,1,True,4,10,4,4|4|2|2|4|4|2|4|4|4
49979,3,False,3,0,3,3|3|3|3|3|3|3|3|3|3
49998,1,False,1,3,1,1|1|2|1|1|1|1|5|5|1
