index,noisy_label,is_noisy,real_label,mistakes,label_pred,preds
1,9,False,9,0,9,9|9|9|9|9|9|9|9|9|9
3,4,False,4,0,4,4|4|4|4|4|4|4|4|4|4
4,1,False,1,4,1,1|1|2|1|2|1|5|1|2|1
21,3,False,3,2,3,3|3|3|3|6|3|3|3|2|3
28,4,False,4,1,4,4|4|4|4|7|4|4|4|4|4
43,7,False,7,0,7,7|7|7|7|7|7|7|7|7|7
77,0,False,0,4,0,4|0|0|0|3|4|0|0|0|5
90,2,False,2,8,0,0|4|0|0|2|4|0|4|2|6
102,5,True,9,9,9,9|9|9|5|9|9|9|9|9|9
106,8,False,8,0,8,8|8|8|8|8|8|8|8|8|8
112,1,False,1,4,1,1|5|9|1|1|1|5|1|1|5
120,9,True,2,10,2,2|2|2|2|2|2|2|2|2|2
123,2,False,2,0,2,2|2|2|2|2|2|2|2|2|2
131,7,False,7,1,7,7|7|7|7|7|7|9|7|7|7
141,3,False,3,9,6,6|8|6|3|6|6|6|6|8|6
142,3,False,3,1,3,3|3|3|3|3|3|3|3|7|3
172,7,False,7,0,7,7|7|7|7|7|7|7|7|7|7
174,3,False,3,0,3,3|3|3|3|3|3|3|3|3|3
182,1,True,5,10,5,5|5|5|5|5|5|5|3|5|5
195,5,False,5,4,5,5|5|5|3|7|5|5|3|9|5
223,0,False,0,0,0,0|0|0|0|0|0|0|0|0|0
226,1,False,1,4,1,1|5|1|1|1|5|5|1|1|5
237,3,True,7,10,7,7|7|7|7|7|7|7|7|7|7
252,8,False,8,0,8,8|8|8|8|8|8|8|8|8|8
260,1,True,5,10,5,5|4|4|5|5|4|3|5|7|5
264,0,False,0,0,0,0|0|0|0|0|0|0|0|0|0
275,1,False,1,2,1,1|5|1|1|1|1|5|1|1|1
277,2,True,5,10,3,3|3|3|3|3|3|3|3|3|3
278,9,False,9,0,9,9|9|9|9|9|9|9|9|9|9
281,2,False,2,0,2,2|2|2|2|2|2|2|2|2|2
302,1,False,1,3,1,1|1|1|1|2|1|5|1|2|1
310,1,True,4,10,4,4|4|4|4|4|4|2|4|4|2
314,3,False,3,0,3,3|3|3|3|3|3|3|3|3|3
317,6,True,0,10,0,0|0|0|0|0|0|0|0|0|0
336,4,False,4,1,4,4|4|4|4|4|4|4|4|3|4
339,5,False,5,0,5,5|5|5|5|5|5|5|5|5|5
345,4,False,4,10,6,2|3|2|6|2|8|6|6|6|6
356,2,False,2,8,6,6|7|6|6|6|2|6|4|6|2
368,7,True,6,10,6,6|6|6|6|6|6|6|6|6|8
378,4,False,4,0,4,4|4|4|4|4|4|4|4|4|4
381,1,True,4,10,4,4|4|4|4|4|4|4|4|4|4
399,1,True,4,10,4,4|4|4|4|4|4|4|4|4|4
404,0,False,0,0,0,0|0|0|0|0|0|0|0|0|0
407,0,False,0,0,0,0|0|0|0|0|0|0|0|0|0
418,8,False,8,0,8,8|8|8|8|8|8|8|8|8|8
430,1,True,8,10,8,8|8|8|8|8|8|8|8|8|8
432,2,True,1,7,1,2|1|1|1|1|1|2|1|2|1
433,7,False,7,3,7,5|7|7|7|5|7|7|7|7|5
456,1,True,8,10,8,0|8|8|8|8|8|8|8|8|8
461,5,True,1,5,5,5|5|9|1|1|1|5|5|9|5
462,5,False,5,1,5,5|5|5|5|2|5|5|5|5|5
470,2,True,7,10,7,7|7|7|7|7|7|7|7|7|7
478,7,False,7,10,5,2|5|5|5|3|5|2|6|4|5
497,6,True,0,10,0,0|0|0|0|0|0|0|0|0|0
505,4,False,4,2,4,4|4|4|4|6|4|4|4|4|7
506,1,False,1,8,8,5|1|8|8|8|1|8|8|2|8
507,8,False,8,0,8,8|8|8|8|8|8|8|8|8|8
516,9,True,7,9,7,7|7|7|9|7|7|7|7|7|7
517,1,True,3,10,2,2|2|2|2|2|2|2|2|2|2
522,4,True,2,10,2,2|2|2|2|2|2|2|2|2|2
523,7,False,7,0,7,7|7|7|7|7|7|7|7|7|7
528,4,False,4,0,4,4|4|4|4|4|4|4|4|4|4
546,8,False,8,0,8,8|8|8|8|8|8|8|8|8|8
559,9,True,2,10,2,2|2|2|2|2|2|2|2|2|2
560,2,False,2,0,2,2|2|2|2|2|2|2|2|2|2
561,2,True,1,9,1,1|1|9|1|1|1|5|5|2|1
566,8,False,8,0,8,8|8|8|8|8|8|8|8|8|8
579,9,False,9,1,9,9|9|9|5|9|9|9|9|9|9
596,1,True,8,10,8,8|8|8|8|8|8|8|8|8|8
615,9,False,9,0,9,9|9|9|9|9|9|9|9|9|9
625,8,True,6,10,6,6|6|6|6|7|6|6|6|6|7
658,6,True,0,10,0,0|0|0|0|0|0|0|0|0|0
664,5,True,9,4,5,5|5|9|5|9|5|0|5|9|5
696,2,False,2,4,2,2|4|2|4|4|2|2|4|2|2
700,6,True,0,9,9,9|0|0|9|6|9|0|0|9|9
720,6,False,6,2,6,6|8|8|6|6|6|6|6|6|6
725,4,False,4,10,2,2|2|0|1|6|2|2|2|2|2
726,5,False,5,9,3,3|3|3|3|3|3|3|3|3|5
740,1,True,3,10,3,3|3|3|3|3|3|3|3|3|3
762,5,False,5,5,-1,5|5|2|5|2|5|2|5|2|2
766,8,False,8,0,8,8|8|8|8|8|8|8|8|8|8
768,9,False,9,1,9,9|5|9|9|9|9|9|9|9|9
784,5,False,5,0,5,5|5|5|5|5|5|5|5|5|5
794,7,False,7,0,7,7|7|7|7|7|7|7|7|7|7
801,3,False,3,9,6,6|6|6|3|6|6|6|6|6|6
819,8,True,6,10,6,6|6|6|6|6|6|6|6|6|6
821,4,True,7,10,5,5|7|9|7|5|5|5|7|7|5
828,9,False,9,0,9,9|9|9|9|9|9|9|9|9|9
841,1,False,1,8,5,1|9|1|5|6|8|5|5|2|5
869,1,True,3,10,3,3|3|3|3|3|3|3|3|3|3
870,1,True,8,10,8,8|8|8|8|8|8|8|8|8|8
873,5,True,1,5,5,1|5|1|5|2|1|5|5|1|5
894,5,False,5,0,5,5|5|5|5|5|5|5|5|5|5
907,9,True,2,10,2,2|2|2|2|2|2|2|2|2|2
919,5,False,5,0,5,5|5|5|5|5|5|5|5|5|5
943,8,False,8,0,8,8|8|8|8|8|8|8|8|8|8
971,1,True,8,10,8,8|8|8|8|8|8|8|8|8|8
974,0,False,0,3,0,6|8|0|0|0|0|0|8|0|0
984,5,False,5,1,5,5|5|5|5|2|5|5|5|5|5
1008,9,True,2,10,5,5|5|5|5|3|5|2|2|3|2
1026,9,False,9,0,9,9|9|9|9|9|9|9|9|9|9
1033,1,True,5,10,5,5|5|5|5|5|5|5|5|5|5
1046,9,True,7,10,7,7|4|7|3|7|3|3|7|7|3
1048,3,False,3,0,3,3|3|3|3|3|3|3|3|3|3
1065,2,False,2,0,2,2|2|2|2|2|2|2|2|2|2
1082,9,False,9,0,9,9|9|9|9|9|9|9|9|9|9
1087,8,False,8,0,8,8|8|8|8|8|8|8|8|8|8
1099,9,False,9,0,9,9|9|9|9|9|9|9|9|9|9
1132,7,True,6,10,6,6|8|6|6|6|6|6|6|6|6
1135,9,True,7,9,7,7|7|7|9|7|7|7|7|7|7
1150,3,False,3,5,3,5|7|9|3|8|3|6|3|3|3
1165,7,False,7,0,7,7|7|7|7|7|7|7|7|7|7
1182,1,True,4,10,4,4|4|4|4|4|4|4|4|4|4
1190,5,True,9,10,9,9|9|9|9|9|9|9|9|9|9
1200,6,True,7,10,7,3|3|7|7|7|7|7|9|7|7
1234,6,True,0,10,0,0|0|0|0|0|0|0|0|2|0
1245,8,False,8,0,8,8|8|8|8|8|8|8|8|8|8
1268,4,False,4,0,4,4|4|4|4|4|4|4|4|4|4
1315,4,False,4,0,4,4|4|4|4|4|4|4|4|4|4
1320,5,True,1,5,5,5|5|1|5|1|1|1|5|9|5
1325,1,True,8,6,1,3|1|3|1|1|1|8|8|2|3
1347,1,True,4,10,4,4|4|4|4|4|4|4|4|4|4
1352,7,False,7,10,2,2|2|2|2|2|2|2|2|2|2
1357,1,True,8,10,8,8|8|8|8|8|8|8|8|8|8
1378,9,False,9,0,9,9|9|9|9|9|9|9|9|9|9
1386,3,True,7,9,7,0|7|7|3|7|7|7|7|7|7
1394,1,False,1,2,1,1|1|1|1|1|1|5|1|2|1
1403,9,True,6,10,6,6|6|6|6|6|6|6|6|6|6
1421,6,True,1,9,5,5|5|9|5|6|5|5|5|5|5
1427,3,False,3,2,3,3|3|3|3|5|3|3|3|3|5
1433,9,False,9,0,9,9|9|9|9|9|9|9|9|9|9
1440,2,False,2,3,2,2|9|2|2|4|2|2|6|2|2
1442,7,False,7,10,9,9|9|9|9|9|9|9|9|9|9
1446,5,True,1,8,1,1|1|1|1|1|5|1|1|1|5
1480,0,True,8,10,8,8|8|8|8|8|8|8|8|8|8
1504,9,False,9,0,9,9|9|9|9|9|9|9|9|9|9
1511,3,False,3,0,3,3|3|3|3|3|3|3|3|3|3
1514,0,False,0,0,0,0|0|0|0|0|0|0|0|0|0
1530,2,False,2,2,2,2|4|2|2|4|2|2|2|2|2
1531,8,True,6,8,6,6|8|6|6|6|6|8|6|6|6
1532,2,False,2,8,0,2|0|0|0|2|8|8|8|0|0
1551,1,False,1,2,1,1|5|1|1|1|1|1|1|1|5
1555,3,False,3,1,3,5|3|3|3|3|3|3|3|3|3
1560,0,False,0,9,-1,3|1|8|8|7|7|1|0|2|5
1584,8,True,6,9,6,6|8|6|6|6|6|6|6|6|6
1588,5,False,5,0,5,5|5|5|5|5|5|5|5|5|5
1609,9,True,2,10,2,2|2|2|2|2|2|2|2|2|2
1622,9,False,9,0,9,9|9|9|9|9|9|9|9|9|9
1627,7,True,6,10,6,6|6|6|6|6|6|6|6|6|6
1636,5,False,5,7,3,3|5|3|5|3|3|3|9|3|5
1641,2,False,2,1,2,2|6|2|2|2|2|2|2|2|2
1645,4,True,7,10,7,7|7|7|7|7|7|3|7|7|7
1656,1,True,5,10,5,5|5|5|5|5|5|5|5|5|5
1665,8,False,8,0,8,8|8|8|8|8|8|8|8|8|8
1668,6,True,0,9,0,0|0|0|0|6|0|0|0|2|0
1673,8,False,8,0,8,8|8|8|8|8|8|8|8|8|8
1680,8,False,8,0,8,8|8|8|8|8|8|8|8|8|8
1686,8,False,8,0,8,8|8|8|8|8|8|8|8|8|8
1688,1,True,8,10,8,8|8|8|8|8|8|8|8|8|8
1699,1,True,8,10,8,8|8|8|8|8|8|8|8|8|8
1709,0,False,0,0,0,0|0|0|0|0|0|0|0|0|0
1720,8,False,8,0,8,8|8|8|8|8|8|8|8|8|8
1721,8,False,8,5,-1,2|8|8|8|2|8|2|8|2|2
1730,6,False,6,0,6,6|6|6|6|6|6|6|6|6|6
1736,6,True,1,10,1,2|5|1|1|1|1|5|1|2|5
1738,7,False,7,0,7,7|7|7|7|7|7|7|7|7|7
1744,5,True,9,9,-1,4|5|9|1|6|3|1|9|3|2
1755,0,False,0,10,7,7|7|9|7|2|7|7|9|7|9
1757,0,False,0,0,0,0|0|0|0|0|0|0|0|0|0
1767,5,True,9,9,9,5|9|9|9|9|9|9|9|9|9
1768,2,False,2,1,2,2|2|2|2|2|2|2|0|2|2
1788,2,False,2,1,2,2|4|2|2|2|2|2|2|2|2
1801,1,True,5,10,3,3|5|3|3|3|3|3|3|3|3
1803,1,True,3,10,3,3|3|3|3|3|3|3|3|3|3
1826,4,False,4,0,4,4|4|4|4|4|4|4|4|4|4
1839,3,False,3,1,3,3|3|3|5|3|3|3|3|3|3
1863,4,False,4,2,4,4|4|2|4|2|4|4|4|4|4
1867,2,False,2,0,2,2|2|2|2|2|2|2|2|2|2
1872,0,False,0,0,0,0|0|0|0|0|0|0|0|0|0
1911,5,False,5,0,5,5|5|5|5|5|5|5|5|5|5
1920,8,False,8,0,8,8|8|8|8|8|8|8|8|8|8
1923,2,True,4,10,4,4|4|4|4|4|4|4|4|4|4
1924,1,True,8,7,5,5|5|1|5|2|1|5|1|9|5
1934,4,False,4,0,4,4|4|4|4|4|4|4|4|4|4
1945,7,False,7,0,7,7|7|7|7|7|7|7|7|7|7
1955,4,True,6,10,6,6|6|6|6|6|6|6|6|6|6
1961,3,False,3,0,3,3|3|3|3|3|3|3|3|3|3
1966,3,False,3,0,3,3|3|3|3|3|3|3|3|3|3
1986,5,False,5,0,5,5|5|5|5|5|5|5|5|5|5
1989,6,False,6,1,6,6|8|6|6|6|6|6|6|6|6
1993,1,True,5,10,3,3|3|3|5|5|3|5|3|3|5
2022,9,True,7,10,3,3|3|7|3|3|3|3|7|7|3
2032,9,False,9,0,9,9|9|9|9|9|9|9|9|9|9
2046,1,False,1,3,1,1|5|1|1|2|1|5|1|1|1
2057,3,False,3,0,3,3|3|3|3|3|3|3|3|3|3
2061,9,False,9,0,9,9|9|9|9|9|9|9|9|9|9
2068,3,False,3,7,4,4|4|3|3|4|4|4|4|3|4
2079,2,False,2,1,2,2|9|2|2|2|2|2|2|2|2
2088,1,True,4,10,4,4|4|4|4|4|4|4|7|7|4
2089,5,False,5,1,5,5|5|5|5|2|5|5|5|5|5
2092,3,False,3,5,3,2|3|3|3|3|2|9|3|2|0
2101,1,False,1,3,1,1|1|1|1|1|1|5|1|4|5
2103,4,True,7,10,3,3|3|3|3|3|0|6|0|0|0
2104,1,True,5,10,5,5|5|5|5|5|5|5|5|5|5
2114,9,True,2,8,2,2|5|9|5|2|2|3|9|2|2
2122,4,False,4,0,4,4|4|4|4|4|4|4|4|4|4
2126,2,False,2,8,4,4|4|4|4|4|4|2|2|4|4
2134,6,False,6,0,6,6|6|6|6|6|6|6|6|6|6
2137,3,False,3,0,3,3|3|3|3|3|3|3|3|3|3
2145,0,False,0,0,0,0|0|0|0|0|0|0|0|0|0
2151,3,True,7,9,7,7|7|9|7|3|7|7|7|7|7
2163,8,True,2,10,2,2|2|2|2|2|2|2|2|2|0
2165,1,True,3,10,3,3|3|3|3|3|3|3|3|3|3
2167,5,False,5,0,5,5|5|5|5|5|5|5|5|5|5
2168,3,False,3,10,2,2|4|9|2|2|4|2|4|2|2
2169,6,True,0,10,0,0|0|0|0|0|0|0|0|0|0
2179,7,True,6,10,6,6|6|6|6|6|6|6|6|6|6
2181,3,False,3,0,3,3|3|3|3|3|3|3|3|3|3
2206,9,False,9,0,9,9|9|9|9|9|9|9|9|9|9
2208,5,True,9,10,9,9|9|9|9|9|9|9|9|9|9
2239,6,False,6,2,6,6|6|6|6|3|6|6|6|7|6
2243,7,False,7,0,7,7|7|7|7|7|7|7|7|7|7
2263,7,False,7,0,7,7|7|7|7|7|7|7|7|7|7
2265,8,False,8,5,8,6|0|8|8|0|8|0|0|8|8
2272,8,False,8,0,8,8|8|8|8|8|8|8|8|8|8
2273,5,True,9,10,9,9|9|9|9|9|9|9|9|9|9
2276,6,False,6,2,6,6|6|6|6|7|6|6|6|6|7
2295,8,True,6,10,6,6|6|6|6|6|6|6|6|6|6
2305,5,False,5,0,5,5|5|5|5|5|5|5|5|5|5
2315,4,True,2,10,2,2|2|2|2|2|2|2|2|2|2
2328,5,True,1,3,5,1|5|1|5|1|5|5|5|5|5
2348,3,False,3,0,3,3|3|3|3|3|3|3|3|3|3
2350,6,True,0,9,0,0|0|0|6|0|0|0|0|0|0
2352,9,False,9,0,9,9|9|9|9|9|9|9|9|9|9
2356,8,True,6,6,6,6|8|6|6|6|8|6|6|8|8
2358,7,False,7,0,7,7|7|7|7|7|7|7|7|7|7
2362,5,True,1,4,5,5|5|5|1|1|1|5|1|5|5
2369,6,False,6,1,6,6|8|6|6|6|6|6|6|6|6
2383,3,False,3,0,3,3|3|3|3|3|3|3|3|3|3
2388,8,False,8,9,0,0|0|0|8|0|0|0|0|0|0
2396,7,False,7,4,7,3|7|7|7|6|7|0|6|7|7
2404,3,False,3,0,3,3|3|3|3|3|3|3|3|3|3
2417,1,True,8,10,8,8|8|8|8|8|8|8|8|8|8
2426,1,True,8,10,8,8|8|8|8|8|8|8|8|8|8
2437,9,False,9,0,9,9|9|9|9|9|9|9|9|9|9
2442,4,False,4,0,4,4|4|4|4|4|4|4|4|4|4
2451,0,False,0,0,0,0|0|0|0|0|0|0|0|0|0
2456,5,True,1,8,1,2|1|1|1|1|1|5|1|1|5
2458,7,False,7,5,7,4|7|7|7|3|7|3|7|4|3
2478,6,True,0,10,0,0|0|0|0|0|0|0|0|0|0
2481,7,False,7,0,7,7|7|7|7|7|7|7|7|7|7
2487,8,False,8,8,3,3|3|3|8|8|3|3|3|3|3
2513,0,False,0,9,8,8|8|8|8|8|8|8|8|0|8
2523,8,False,8,0,8,8|8|8|8|8|8|8|8|8|8
2527,1,True,3,10,3,3|3|3|3|3|3|3|3|3|3
2554,7,False,7,8,0,2|7|0|7|2|6|3|0|0|0
2560,7,False,7,1,7,7|7|7|7|7|7|7|9|7|7
2568,1,False,1,4,1,1|5|1|5|1|1|5|1|1|5
2573,1,True,4,10,4,4|4|4|4|4|4|4|4|4|4
2585,9,False,9,0,9,9|9|9|9|9|9|9|9|9|9
2596,6,False,6,3,6,6|6|6|6|7|7|6|6|6|7
2607,8,True,6,10,6,6|6|6|6|6|6|6|6|6|6
2613,0,False,0,0,0,0|0|0|0|0|0|0|0|0|0
2631,8,True,6,9,6,6|8|6|6|6|6|6|6|6|6
2641,2,False,2,0,2,2|2|2|2|2|2|2|2|2|2
2648,1,True,3,10,3,5|3|3|5|5|5|3|3|3|3
2652,0,False,0,0,0,0|0|0|0|0|0|0|0|0|0
2655,5,True,9,10,9,9|9|9|9|9|9|9|9|9|9
2674,8,True,6,10,6,6|6|6|6|6|6|6|6|6|6
2681,7,True,6,10,6,6|6|3|6|6|6|6|6|6|6
2688,1,True,5,10,3,5|3|5|5|2|5|3|3|3|3
2707,0,False,0,7,8,8|0|8|0|0|8|8|8|8|8
2727,5,True,1,9,1,1|1|1|1|2|1|1|5|2|1
2735,8,False,8,3,8,0|8|8|8|8|0|8|8|8|0
2737,9,True,2,10,2,2|2|2|2|2|2|2|2|2|2
2762,5,True,1,7,1,5|1|2|1|1|1|5|1|1|5
2783,7,False,7,1,7,7|7|7|7|3|7|7|7|7|7
2789,2,False,2,10,0,0|0|0|0|0|0|0|0|0|0
2816,2,False,2,0,2,2|2|2|2|2|2|2|2|2|2
2826,4,True,2,10,2,2|2|2|2|2|2|2|2|2|2
2850,5,False,5,5,5,2|5|9|5|2|5|3|5|3|5
2852,7,False,7,6,7,3|7|9|7|2|7|9|9|7|3
2855,6,True,0,10,0,0|0|0|0|0|0|0|0|0|0
2858,4,False,4,0,4,4|4|4|4|4|4|4|4|4|4
2862,1,False,1,4,1,1|1|2|1|2|1|5|1|2|1
2865,3,False,3,0,3,3|3|3|3|3|3|3|3|3|3
2875,2,False,2,2,2,2|1|2|6|2|2|2|2|2|2
2877,1,True,5,10,5,5|5|9|5|3|5|3|5|5|5
2895,6,True,0,10,0,0|0|0|0|0|0|0|0|0|0
2902,5,True,2,10,2,2|2|2|2|2|2|2|2|2|2
2911,1,True,4,10,4,4|4|4|4|4|4|4|4|4|4
2915,6,False,6,2,6,6|6|6|6|7|6|6|6|6|7
2919,9,False,9,9,5,5|5|9|5|1|5|5|5|1|5
2921,1,True,4,10,-1,4|4|2|4|2|2|4|4|2|2
2922,4,False,4,0,4,4|4|4|4|4|4|4|4|4|4
2934,1,True,8,10,8,8|8|8|8|8|8|8|8|8|8
2981,2,True,7,10,7,7|7|7|7|7|7|7|7|7|7
2983,9,True,2,10,2,2|2|2|2|2|6|2|2|2|2
2985,9,False,9,0,9,9|9|9|9|9|9|9|9|9|9
3021,5,False,5,9,2,5|4|2|1|2|1|4|2|4|2
3036,4,False,4,0,4,4|4|4|4|4|4|4|4|4|4
3044,4,False,4,0,4,4|4|4|4|4|4|4|4|4|4
3048,2,True,6,10,6,6|6|6|6|6|6|6|6|6|6
3074,2,False,2,0,2,2|2|2|2|2|2|2|2|2|2
3081,3,False,3,0,3,3|3|3|3|3|3|3|3|3|3
3091,6,False,6,1,6,6|8|6|6|6|6|6|6|6|6
3100,3,False,3,2,3,3|3|3|0|3|3|3|0|3|3
3104,9,True,7,10,7,7|7|7|7|7|7|7|7|7|7
3106,7,True,6,9,6,6|6|6|6|7|6|6|6|6|6
3109,3,False,3,0,3,3|3|3|3|3|3|3|3|3|3
3113,0,False,0,0,0,0|0|0|0|0|0|0|0|0|0
3115,8,False,8,0,8,8|8|8|8|8|8|8|8|8|8
3165,8,False,8,2,8,0|8|0|8|8|8|8|8|8|8
3170,8,False,8,0,8,8|8|8|8|8|8|8|8|8|8
3215,1,True,8,10,8,8|8|8|8|8|8|8|8|8|8
3217,1,True,4,10,4,4|4|4|4|4|4|4|4|4|4
3219,1,True,4,10,4,0|4|4|4|0|4|4|4|4|4
3224,6,True,0,10,0,0|0|0|0|0|0|0|0|0|0
3254,0,True,2,9,2,2|2|2|0|2|2|2|2|2|2
3259,0,True,2,0,0,0|0|0|0|0|0|0|0|0|0
3269,0,True,8,8,8,8|8|8|8|9|0|8|9|8|0
3272,7,False,7,0,7,7|7|7|7|7|7|7|7|7|7
3295,0,False,0,1,0,0|0|8|0|0|0|0|0|0|0
3303,1,True,8,10,8,8|8|8|8|8|8|8|8|8|8
3307,6,False,6,3,6,6|3|6|6|6|6|6|6|7|3
3308,1,True,4,10,4,4|4|4|4|2|4|4|4|4|4
3310,8,False,8,0,8,8|8|8|8|8|8|8|8|8|8
3319,8,False,8,0,8,8|8|8|8|8|8|8|8|8|8
3340,3,False,3,0,3,3|3|3|3|3|3|3|3|3|3
3347,0,False,0,0,0,0|0|0|0|0|0|0|0|0|0
3362,0,False,0,2,0,0|0|0|0|0|0|8|8|0|0
3367,1,True,5,10,5,5|5|5|5|5|5|5|5|5|5
3374,7,False,7,2,7,7|7|7|7|7|4|7|7|4|7
3380,8,False,8,0,8,8|8|8|8|8|8|8|8|8|8
3389,2,True,7,10,7,7|7|7|7|9|7|9|7|7|7
3390,9,True,2,9,2,2|2|9|2|2|2|2|2|2|2
3397,4,False,4,2,4,4|4|4|4|4|3|3|4|4|4
3428,2,False,2,9,5,5|3|5|5|2|5|5|1|3|5
3439,6,False,6,9,4,7|4|6|4|4|4|4|4|4|4
3454,4,True,2,10,0,9|9|0|5|6|0|0|5|1|2
3511,9,True,2,10,2,2|2|2|2|2|2|2|2|2|2
3520,9,True,2,10,2,2|5|2|2|2|2|2|2|2|2
3528,8,True,6,9,6,6|8|6|6|6|6|6|6|6|6
3533,7,True,4,10,4,4|4|4|4|4|4|4|4|4|4
3561,8,False,8,5,8,1|8|8|8|1|1|5|8|8|1
3566,1,True,4,10,4,4|4|4|4|4|4|4|4|4|4
3579,1,True,8,10,8,8|8|8|8|8|8|0|8|8|8
3580,5,False,5,0,5,5|5|5|5|5|5|5|5|5|5
3583,9,True,2,10,2,2|2|2|4|2|2|2|4|4|2
3589,6,False,6,1,6,6|8|6|6|6|6|6|6|6|6
3599,4,False,4,0,4,4|4|4|4|4|4|4|4|4|4
3600,9,False,9,4,9,9|9|9|5|6|5|9|9|9|5
3602,9,False,9,0,9,9|9|9|9|9|9|9|9|9|9
3608,2,False,2,7,4,4|4|0|2|2|2|4|4|4|4
3609,6,True,0,10,0,0|0|0|0|0|0|0|0|0|0
3613,5,True,9,10,9,9|9|9|9|9|9|9|9|9|9
3617,1,True,3,10,3,3|3|3|3|3|3|3|3|3|3
3633,9,False,9,0,9,9|9|9|9|9|9|9|9|9|9
3644,0,False,0,4,0,0|8|0|0|0|8|0|0|8|8
3651,3,True,7,10,7,7|7|7|7|7|7|7|7|7|7
3661,2,True,1,5,2,2|1|2|1|2|1|5|1|2|2
3690,1,True,4,10,4,4|4|4|4|4|4|4|4|4|4
3703,3,False,3,7,6,3|6|3|2|3|6|6|6|2|6
3715,4,True,7,7,7,7|4|4|7|4|7|7|7|7|7
3745,1,True,8,10,8,8|8|8|8|8|8|8|8|8|8
3756,3,False,3,0,3,3|3|3|3|3|3|3|3|3|3
3780,6,False,6,0,6,6|6|6|6|6|6|6|6|6|6
3783,8,True,6,10,6,6|6|6|6|7|6|6|6|6|6
3800,1,True,8,10,8,8|8|8|8|8|8|8|8|8|0
3821,7,True,4,5,7,4|3|7|7|4|4|3|7|7|7
3831,6,True,0,10,0,0|0|0|0|0|0|0|0|0|0
3838,5,True,9,8,9,9|5|9|9|9|9|5|9|9|9
3842,0,False,0,0,0,0|0|0|0|0|0|0|0|0|0
3845,9,True,2,10,4,4|4|4|2|4|2|2|4|4|2
3846,9,False,9,0,9,9|9|9|9|9|9|9|9|9|9
3847,9,True,2,10,2,2|2|2|2|2|2|2|2|2|2
3849,6,False,6,3,6,3|8|6|6|6|6|6|6|6|3
3852,6,True,0,10,0,0|0|0|0|0|0|0|0|0|0
3855,4,False,4,0,4,4|4|4|4|4|4|4|4|4|4
3877,7,False,7,4,7,7|3|4|7|7|7|4|7|7|4
3888,3,False,3,4,3,3|3|2|3|3|2|2|3|3|2
3892,6,False,6,1,6,6|6|6|6|7|6|6|6|6|6
3895,5,True,9,10,9,9|9|9|9|9|9|9|9|9|8
3903,0,False,0,8,9,9|5|6|0|9|9|9|9|9|0
3913,1,True,4,10,4,4|4|4|4|4|4|4|4|4|4
3916,1,True,5,10,5,5|5|5|5|2|5|5|5|5|5
3919,4,False,4,3,4,7|4|7|4|4|4|4|7|4|4
3924,5,True,1,9,1,2|1|1|1|2|1|5|1|2|1
3938,0,False,0,1,0,0|0|0|0|6|0|0|0|0|0
3951,0,False,0,0,0,0|0|0|0|0|0|0|0|0|0
3954,1,False,1,1,1,1|1|1|1|1|1|5|1|1|1
3964,6,True,0,9,9,5|0|9|0|6|9|9|9|0|9
3983,5,True,9,10,9,9|9|9|9|9|9|9|9|9|9
4018,0,False,0,0,0,0|0|0|0|0|0|0|0|0|0
4039,2,True,1,8,1,1|1|1|1|2|1|5|1|2|1
4097,6,True,0,9,1,2|1|3|1|3|1|6|1|9|3
4111,9,False,9,6,-1,9|9|3|5|3|5|9|9|3|3
4115,9,False,9,0,9,9|9|9|9|9|9|9|9|9|9
4120,5,False,5,2,5,5|5|5|5|2|5|5|5|5|3
4125,5,False,5,7,6,5|6|6|5|6|6|6|6|5|6
4126,8,True,6,9,6,6|8|6|6|6|6|6|6|6|6
4138,2,False,2,8,4,4|4|4|4|4|2|4|4|2|4
4140,1,True,8,10,8,8|8|8|8|8|8|8|8|8|8
4146,1,True,3,10,3,3|3|3|3|3|3|3|3|3|3
4148,8,True,6,8,6,6|8|6|6|6|6|6|6|8|6
4158,4,False,4,1,4,4|4|4|4|5|4|4|4|4|4
4162,0,False,0,0,0,0|0|0|0|0|0|0|0|0|0
4163,6,True,0,10,0,0|0|4|0|0|0|0|0|0|0
4203,2,True,5,10,5,5|4|5|5|5|5|5|1|5|5
4245,8,False,8,6,8,9|9|8|8|8|8|5|3|9|5
4255,5,False,5,1,5,5|5|5|5|2|5|5|5|5|5
4260,5,False,5,10,7,4|7|3|7|3|3|3|7|7|7
4272,8,False,8,0,8,8|8|8|8|8|8|8|8|8|8
4273,6,True,0,10,0,0|0|0|0|0|0|0|0|2|0
4278,6,False,6,1,6,6|8|6|6|6|6|6|6|6|6
4291,9,False,9,0,9,9|9|9|9|9|9|9|9|9|9
4292,8,False,8,0,8,8|8|8|8|8|8|8|8|8|8
4294,3,False,3,4,3,3|5|3|5|3|5|3|3|3|5
4300,8,False,8,0,8,8|8|8|8|8|8|8|8|8|8
4306,2,False,2,0,2,2|2|2|2|2|2|2|2|2|2
4316,5,False,5,1,5,5|5|5|5|5|5|5|5|3|5
4341,7,False,7,10,2,2|5|2|2|2|2|2|2|2|2
4363,1,False,1,5,-1,2|1|2|1|2|2|1|1|2|1
4371,9,False,9,0,9,9|9|9|9|9|9|9|9|9|9
4373,0,False,0,0,0,0|0|0|0|0|0|0|0|0|0
4393,7,False,7,1,7,7|7|7|7|3|7|7|7|7|7
4397,8,False,8,0,8,8|8|8|8|8|8|8|8|8|8
4400,4,False,4,0,4,4|4|4|4|4|4|4|4|4|4
4414,3,False,3,0,3,3|3|3|3|3|3|3|3|3|3
4415,6,False,6,0,6,6|6|6|6|6|6|6|6|6|6
4437,3,False,3,9,5,5|4|4|5|3|5|5|5|7|5
4439,1,True,3,10,3,3|3|3|3|3|3|3|3|3|3
4449,3,False,3,4,3,3|8|3|3|3|3|6|6|3|2
4451,1,True,5,10,3,3|5|3|3|3|3|3|5|5|3
4455,2,False,2,6,0,2|0|2|0|2|2|0|0|0|6
4460,7,False,7,1,7,7|7|7|7|7|3|7|7|7|7
4466,8,False,8,0,8,8|8|8|8|8|8|8|8|8|8
4467,5,False,5,2,5,5|3|5|3|5|5|5|5|5|5
4470,6,True,0,10,0,0|0|0|0|0|0|0|0|0|0
4477,0,False,0,0,0,0|0|0|0|0|0|0|0|0|0
4491,9,True,2,10,4,6|8|6|2|4|4|2|4|4|2
4512,5,False,5,0,5,5|5|5|5|5|5|5|5|5|5
4518,2,False,2,1,2,2|5|2|2|2|2|2|2|2|2
4540,0,False,0,0,0,0|0|0|0|0|0|0|0|0|0
4556,7,False,7,3,7,7|7|7|4|4|7|7|4|7|7
4585,1,False,1,3,1,1|5|1|1|1|1|5|1|2|1
4587,9,False,9,9,5,1|5|9|5|1|5|5|1|1|5
4599,0,False,0,3,0,0|9|9|0|9|0|0|0|0|0
4615,5,True,1,3,5,5|5|1|5|1|5|5|1|5|5
4619,0,False,0,0,0,0|0|0|0|0|0|0|0|0|0
4625,2,True,1,6,-1,5|5|2|1|2|5|5|1|2|2
4627,5,False,5,9,3,3|3|3|3|5|3|3|3|3|3
4630,3,False,3,1,3,3|4|3|3|3|3|3|3|3|3
4633,9,True,2,10,6,6|6|6|6|6|6|6|6|6|6
4640,4,False,4,10,3,3|3|3|1|1|3|8|3|3|5
4676,7,False,7,0,7,7|7|7|7|7|7|7|7|7|7
4681,4,False,4,1,4,4|4|4|4|3|4|4|4|4|4
4703,2,False,2,2,2,2|4|2|2|2|2|2|2|2|4
4708,9,False,9,3,9,5|5|9|9|9|1|9|9|9|9
4716,1,True,5,9,5,5|3|3|3|5|5|3|1|5|5
4719,2,False,2,0,2,2|2|2|2|2|2|2|2|2|2
4728,1,True,5,10,-1,3|3|5|3|5|5|3|3|5|5
4734,8,True,6,10,6,6|7|6|6|6|6|6|6|6|7
4737,1,True,3,10,5,5|5|3|5|5|5|5|5|5|5
4767,8,True,6,9,6,6|8|6|6|7|6|6|6|6|6
4786,6,False,6,3,6,3|6|6|6|6|6|6|6|7|3
4788,5,False,5,0,5,5|5|5|5|5|5|5|5|5|5
4825,1,True,8,10,3,3|3|3|3|3|3|3|3|3|3
4842,5,True,9,10,9,9|9|9|9|9|9|9|9|9|9
4848,1,True,8,10,8,8|8|8|8|8|8|8|8|8|8
4857,1,True,4,10,4,4|4|4|4|4|4|4|4|4|4
4866,1,False,1,3,1,1|1|9|1|8|1|5|1|1|1
4882,1,True,5,9,5,5|5|5|5|1|5|5|5|5|5
4895,2,False,2,3,2,2|8|8|2|2|2|2|2|2|8
4906,0,False,0,0,0,0|0|0|0|0|0|0|0|0|0
4908,3,False,3,4,3,6|3|6|3|3|3|6|6|3|3
4916,8,False,8,0,8,8|8|8|8|8|8|8|8|8|8
4917,5,True,1,6,1,1|5|1|1|1|5|5|1|1|5
4945,1,False,1,2,1,1|1|1|1|1|1|5|1|2|1
4953,1,False,1,5,1,1|5|1|1|2|1|5|1|2|5
4960,5,False,5,10,4,4|4|4|4|4|4|4|4|4|4
4968,5,False,5,7,3,3|5|3|5|3|5|3|3|3|3
4976,9,True,2,10,-1,7|4|3|7|4|7|4|7|4|2
4981,7,False,7,8,3,4|3|7|7|3|3|3|3|3|9
4982,3,False,3,1,3,3|3|3|3|7|3|3|3|3|3
4999,6,False,6,0,6,6|6|6|6|6|6|6|6|6|6
5003,6,True,0,10,0,0|0|0|0|0|0|0|0|0|0
5023,1,True,3,10,3,3|3|3|3|3|3|3|3|3|3
5027,7,False,7,0,7,7|7|7|7|7|7|7|7|7|7
5034,3,True,7,8,7,7|7|7|7|7|3|3|7|7|7
5035,7,False,7,2,7,7|7|7|7|7|7|7|3|7|5
5042,4,False,4,1,4,2|4|4|4|4|4|4|4|4|4
5062,3,False,3,0,3,3|3|3|3|3|3|3|3|3|3
5081,8,True,6,9,6,6|8|6|6|6|6|6|6|2|6
5083,4,True,9,10,9,9|9|9|9|9|9|9|9|9|9
5086,3,False,3,0,3,3|3|3|3|3|3|3|3|3|3
5095,6,False,6,3,6,6|3|6|6|6|6|6|6|8|3
5103,6,True,0,10,0,0|0|0|0|0|0|0|0|0|0
5104,9,False,9,0,9,9|9|9|9|9|9|9|9|9|9
5109,6,False,6,8,5,5|3|6|6|5|5|3|5|5|5
5146,2,True,1,9,0,0|5|6|0|2|1|0|0|0|5
5149,5,True,1,10,2,2|1|2|1|2|1|2|2|2|2
5156,2,True,5,10,5,5|5|5|5|5|5|5|5|5|5
5161,9,False,9,1,9,5|9|9|9|9|9|9|9|9|9
5165,2,False,2,0,2,2|2|2|2|2|2|2|2|2|2
5170,9,False,9,0,9,9|9|9|9|9|9|9|9|9|9
5185,8,False,8,0,8,8|8|8|8|8|8|8|8|8|8
5189,8,True,2,10,2,2|5|2|2|2|2|2|2|2|2
5209,5,True,3,10,3,3|3|3|3|3|3|3|3|3|3
5217,8,False,8,0,8,8|8|8|8|8|8|8|8|8|8
5244,9,False,9,0,9,9|9|9|9|9|9|9|9|9|9
5254,4,True,7,10,7,7|7|7|7|7|7|7|7|7|7
5257,1,False,1,2,1,1|1|1|1|2|1|5|1|1|1
5260,3,False,3,5,-1,7|7|7|3|3|3|7|3|7|3
5266,0,False,0,0,0,0|0|0|0|0|0|0|0|0|0
5271,9,False,9,0,9,9|9|9|9|9|9|9|9|9|9
5296,2,False,2,0,2,2|2|2|2|2|2|2|2|2|2
5301,1,False,1,6,5,5|5|1|1|5|5|5|5|1|1
5329,3,False,3,0,3,3|3|3|3|3|3|3|3|3|3
5343,2,False,2,1,2,2|2|2|2|2|2|2|2|2|7
5356,1,False,1,5,1,1|5|2|1|2|1|2|1|1|2
5362,6,True,0,10,0,0|0|0|0|0|0|0|0|0|0
5364,1,True,4,10,4,4|4|4|4|4|4|3|4|4|2
5383,5,True,9,10,9,9|9|9|9|9|9|9|9|9|9
5389,1,True,3,10,3,3|3|3|3|3|3|3|3|3|3
5402,6,False,6,2,6,6|8|8|6|6|6|6|6|6|6
5414,6,True,0,9,0,0|0|0|6|0|0|0|0|0|0
5418,9,False,9,0,9,9|9|9|9|9|9|9|9|9|9
5444,9,True,2,9,2,2|9|2|2|2|2|2|2|2|2
5449,7,False,7,0,7,7|7|7|7|7|7|7|7|7|7
5481,6,True,0,10,0,0|0|0|0|0|0|0|0|0|0
5513,6,False,6,1,6,6|8|6|6|6|6|6|6|6|6
5515,5,True,1,10,1,1|1|2|1|1|1|1|1|9|1
5518,3,True,7,7,7,7|3|7|7|7|4|3|7|7|3
5530,0,False,0,2,0,0|8|0|0|6|0|0|0|0|0
5531,9,True,2,9,2,2|9|2|2|2|2|2|2|2|2
5540,2,False,2,9,0,0|0|0|0|0|0|0|0|2|0
5542,9,True,7,10,7,7|7|7|7|7|7|7|7|7|7
5551,9,False,9,0,9,9|9|9|9|9|9|9|9|9|9
5559,5,True,1,4,5,5|5|9|5|9|5|5|1|9|5
5566,6,True,0,10,0,0|0|0|0|0|0|0|0|0|0
5581,4,False,4,3,4,3|4|4|4|3|4|4|4|4|5
5584,2,False,2,5,2,0|2|2|2|2|3|5|3|9|2
5587,6,True,0,10,0,0|0|8|0|0|0|0|0|0|0
5589,6,True,0,10,0,0|0|0|0|0|8|0|0|0|0
5615,3,False,3,0,3,3|3|3|3|3|3|3|3|3|3
5616,1,False,1,9,9,1|9|2|5|9|5|9|9|9|5
5618,9,True,2,10,2,2|2|2|2|2|2|2|2|2|2
5620,7,False,7,0,7,7|7|7|7|7|7|7|7|7|7
5636,7,True,6,10,4,4|4|2|2|4|2|4|4|2|4
5646,1,True,5,10,5,5|5|5|5|5|5|5|5|5|5
5652,3,True,7,10,7,7|4|7|7|4|4|7|7|7|4
5664,3,False,3,0,3,3|3|3|3|3|3|3|3|3|3
5684,0,False,0,0,0,0|0|0|0|0|0|0|0|0|0
5687,8,False,8,1,8,8|8|8|8|8|0|8|8|8|8
5690,1,True,5,8,3,5|5|3|1|3|3|3|1|5|3
5696,0,False,0,1,0,0|0|0|0|0|2|0|0|0|0
5718,6,False,6,1,6,6|6|6|6|7|6|6|6|6|6
5732,8,False,8,0,8,8|8|8|8|8|8|8|8|8|8
5741,1,True,3,10,-1,3|5|3|5|5|5|3|3|3|5
5744,1,True,3,10,3,3|3|3|2|3|3|3|3|3|3
5756,4,False,4,10,2,2|0|0|2|3|2|2|2|2|2
5764,1,True,8,10,8,8|8|8|8|8|8|8|8|8|8
5766,9,True,7,9,7,7|9|7|7|7|7|7|7|7|7
5772,9,False,9,0,9,9|9|9|9|9|9|9|9|9|9
5788,4,False,4,0,4,4|4|4|4|4|4|4|4|4|4
5814,0,False,0,1,0,0|0|0|0|6|0|0|0|0|0
5815,4,False,4,3,4,4|4|6|4|6|4|4|4|4|2
5816,5,True,1,8,1,2|1|1|1|2|1|5|1|2|5
5819,9,False,9,0,9,9|9|9|9|9|9|9|9|9|9
5830,5,False,5,0,5,5|5|5|5|5|5|5|5|5|5
5831,1,False,1,1,1,1|1|1|1|1|1|5|1|1|1
5833,8,True,6,10,6,6|6|6|6|6|6|6|6|6|6
5839,5,True,9,10,9,9|8|9|9|9|9|8|9|9|9
5855,1,True,8,10,8,8|8|8|8|8|8|8|8|8|8
5862,4,True,2,9,2,2|9|2|2|2|4|2|2|2|2
5867,9,True,2,10,0,0|0|0|3|0|0|6|0|0|0
5868,9,False,9,0,9,9|9|9|9|9|9|9|9|9|9
5878,8,True,6,10,6,6|6|6|6|6|6|6|6|6|6
5898,6,False,6,1,6,6|6|6|6|7|6|6|6|6|6
5906,8,False,8,3,8,5|1|8|8|8|8|8|8|4|8
5911,1,True,8,10,8,8|8|8|8|8|8|8|8|8|8
5919,4,False,4,0,4,4|4|4|4|4|4|4|4|4|4
5923,5,True,9,10,9,9|9|9|9|9|9|9|9|9|9
5939,2,True,1,7,1,5|5|2|1|2|1|5|1|2|1
5944,4,False,4,0,4,4|4|4|4|4|4|4|4|4|4
5946,4,False,4,0,4,4|4|4|4|4|4|4|4|4|4
5957,4,False,4,2,4,4|4|4|4|4|4|4|3|4|3
5961,5,False,5,3,5,5|5|2|5|5|5|5|3|3|5
5979,9,True,2,10,0,2|0|2|0|0|2|0|2|0|0
5988,6,True,0,10,0,0|8|0|0|0|0|0|0|0|0
6005,6,False,6,1,6,6|8|6|6|6|6|6|6|6|6
6011,9,True,2,10,2,2|2|2|2|2|2|2|2|2|2
6032,7,False,7,9,1,0|1|0|8|6|1|2|1|7|5
6035,7,True,6,10,6,6|8|6|6|6|6|6|6|6|6
6049,4,False,4,0,4,4|4|4|4|4|4|4|4|4|4
6067,0,False,0,0,0,0|0|0|0|0|0|0|0|0|0
6090,0,False,0,0,0,0|0|0|0|0|0|0|0|0|0
6101,6,False,6,4,6,2|5|6|2|2|6|6|6|6|6
6116,9,False,9,0,9,9|9|9|9|9|9|9|9|9|9
6118,6,False,6,1,6,6|6|6|6|7|6|6|6|6|6
6120,1,False,1,6,-1,1|5|9|1|1|5|5|9|1|5
6124,6,True,0,10,0,0|0|0|0|0|0|0|0|0|0
6141,1,False,1,3,1,1|5|1|1|1|1|1|5|1|5
6151,3,False,3,6,3,2|5|0|2|3|3|2|1|3|3
6154,5,False,5,1,5,5|5|5|5|5|5|5|5|7|5
6160,8,False,8,0,8,8|8|8|8|8|8|8|8|8|8
6164,7,False,7,0,7,7|7|7|7|7|7|7|7|7|7
6166,8,False,8,5,-1,0|0|8|8|0|8|0|8|8|0
6172,8,True,6,10,6,6|6|6|6|6|6|6|6|6|6
6194,7,False,7,2,7,4|4|7|7|7|7|7|7|7|7
6195,9,False,9,6,0,0|9|6|9|0|0|9|9|0|0
6199,1,True,3,9,5,5|5|5|5|5|5|5|1|5|3
6200,3,False,3,0,3,3|3|3|3|3|3|3|3|3|3
6214,1,True,4,10,4,4|4|6|4|4|4|4|4|4|4
6215,2,True,5,8,5,5|5|5|5|5|2|5|2|5|5
6220,1,True,5,9,5,5|5|1|5|5|5|5|5|5|5
6228,2,False,2,0,2,2|2|2|2|2|2|2|2|2|2
6234,4,False,4,10,6,6|8|6|6|6|6|6|6|6|6
6237,5,True,9,10,9,9|9|9|9|9|9|9|9|9|9
6254,6,False,6,0,6,6|6|6|6|6|6|6|6|6|6
6275,5,True,9,10,9,9|9|9|9|9|9|9|9|9|9
6295,1,False,1,7,5,5|5|9|1|1|1|9|5|9|5
6308,0,False,0,0,0,0|0|0|0|0|0|0|0|0|0
6319,3,False,3,10,4,4|4|4|4|4|4|4|4|4|4
6349,1,False,1,7,5,5|5|9|5|1|1|5|1|9|5
6373,6,True,0,5,-1,0|6|0|0|6|6|0|0|6|6
6380,0,False,0,0,0,0|0|0|0|0|0|0|0|0|0
6398,9,True,7,10,7,7|7|7|7|7|7|7|7|7|7
6410,1,True,4,10,0,2|0|0|0|0|6|6|0|2|6
6412,4,True,2,10,2,2|0|2|0|0|2|2|2|2|2
6416,8,True,6,8,6,6|8|8|6|6|6|6|6|6|6
6438,9,False,9,0,9,9|9|9|9|9|9|9|9|9|9
6450,1,True,4,10,4,4|4|4|4|4|4|4|4|4|4
6469,9,True,2,10,2,2|2|2|7|2|2|2|4|2|2
6492,3,False,3,0,3,3|3|3|3|3|3|3|3|3|3
6495,5,True,1,1,5,5|5|9|5|5|5|5|5|5|5
6497,7,False,7,0,7,7|7|7|7|7|7|7|7|7|7
6508,8,False,8,1,8,0|8|8|8|8|8|8|8|8|8
6515,1,False,1,4,1,1|1|1|1|2|1|5|1|2|5
6547,5,True,2,10,2,2|0|2|0|2|2|0|0|2|2
6549,2,False,2,2,2,4|2|4|2|2|2|2|2|2|2
6554,7,True,6,10,6,6|8|6|6|6|6|6|6|6|6
6560,4,False,4,1,4,4|4|4|4|4|4|3|4|4|4
6572,7,True,6,10,6,6|6|6|6|6|6|6|6|6|6
6588,3,True,7,8,7,7|7|3|7|3|7|7|7|7|7
6590,3,False,3,0,3,3|3|3|3|3|3|3|3|3|3
6603,4,False,4,0,4,4|4|4|4|4|4|4|4|4|4
6604,5,False,5,7,3,5|3|3|5|5|4|3|9|4|3
6611,4,False,4,9,3,7|3|3|4|3|3|7|3|7|3
6615,1,True,5,10,2,2|5|2|2|2|2|2|2|2|2
6629,0,False,0,1,0,0|0|0|0|8|0|0|0|0|0
6635,3,False,3,3,3,3|3|3|3|5|3|2|3|7|3
6643,9,False,9,0,9,9|9|9|9|9|9|9|9|9|9
6655,7,False,7,1,7,7|7|7|7|7|7|7|7|7|4
6656,1,False,1,2,1,1|5|1|1|1|1|5|1|1|1
6681,4,False,4,0,4,4|4|4|4|4|4|4|4|4|4
6692,5,True,9,10,9,9|9|9|9|9|9|9|9|9|9
6693,5,True,9,10,9,9|9|9|9|9|9|9|9|9|9
6708,9,False,9,0,9,9|9|9|9|9|9|9|9|9|9
6711,6,True,0,10,0,0|0|0|0|0|0|0|0|0|0
6718,1,True,8,10,8,8|8|8|8|8|8|8|8|8|8
6726,7,False,7,1,7,7|7|7|7|3|7|7|7|7|7
6729,3,False,3,0,3,3|3|3|3|3|3|3|3|3|3
6732,3,False,3,7,2,3|2|3|3|2|7|2|2|2|2
6735,0,False,0,0,0,0|0|0|0|0|0|0|0|0|0
6747,6,False,6,1,6,6|8|6|6|6|6|6|6|6|6
6768,6,False,6,0,6,6|6|6|6|6|6|6|6|6|6
6772,9,True,2,10,2,2|2|2|2|2|2|2|2|2|2
6783,1,True,3,10,3,3|3|3|3|3|6|6|3|3|3
6793,7,False,7,2,7,7|7|7|7|7|7|9|7|7|9
6839,4,True,7,4,4,4|7|7|4|4|4|4|7|7|4
6844,4,False,4,0,4,4|4|4|4|4|4|4|4|4|4
6868,3,False,3,2,3,3|3|3|3|3|1|3|1|3|3
6869,5,True,1,9,1,2|1|1|1|2|1|5|1|1|1
6878,5,False,5,0,5,5|5|5|5|5|5|5|5|5|5
6880,8,False,8,0,8,8|8|8|8|8|8|8|8|8|8
6888,7,True,6,10,6,6|6|6|6|6|6|6|6|6|6
6890,5,True,9,10,9,9|9|9|9|9|9|9|9|9|9
6897,4,False,4,6,2,2|4|2|4|2|2|2|4|4|5
6901,5,True,2,10,2,2|9|2|2|2|2|2|2|2|2
6914,3,False,3,0,3,3|3|3|3|3|3|3|3|3|3
6955,1,False,1,6,2,2|1|2|1|2|1|5|1|2|2
6960,6,False,6,0,6,6|6|6|6|6|6|6|6|6|6
6967,5,True,1,8,-1,2|1|1|1|2|1|5|2|2|5
6980,3,False,3,3,3,3|3|3|3|2|3|3|2|3|2
6984,9,False,9,4,9,5|5|9|9|9|9|5|9|9|5
6987,6,False,6,1,6,6|6|6|6|7|6|6|6|6|6
6995,8,False,8,0,8,8|8|8|8|8|8|8|8|8|8
7018,1,False,1,3,1,1|5|1|1|1|1|5|1|2|1
7031,5,False,5,3,5,5|5|3|5|5|5|5|3|3|5
7050,3,False,3,0,3,3|3|3|3|3|3|3|3|3|3
7065,1,True,3,10,3,3|3|3|3|3|3|3|3|3|3
7068,5,True,2,10,6,6|6|6|6|7|6|6|6|6|6
7091,6,False,6,0,6,6|6|6|6|6|6|6|6|6|6
7092,8,True,6,10,5,3|6|5|3|5|6|5|3|5|5
7095,6,True,0,10,0,0|0|0|0|0|0|0|0|0|0
7102,1,False,1,5,1,1|5|9|1|1|5|5|1|1|5
7103,5,False,5,10,3,2|3|9|7|6|3|3|7|7|3
7118,1,True,8,10,8,6|8|8|0|8|8|0|8|8|8
7123,3,False,3,0,3,3|3|3|3|3|3|3|3|3|3
7141,3,True,7,8,7,7|3|7|7|7|7|3|7|7|7
7142,1,True,3,10,3,3|3|3|5|3|3|5|5|3|2
7143,7,True,6,7,6,6|6|7|7|6|6|6|6|7|6
7150,1,True,5,10,5,5|5|5|5|5|5|5|5|5|5
7153,1,True,3,9,3,5|3|3|5|5|3|3|1|3|3
7154,1,True,4,10,4,4|4|4|4|4|4|4|4|4|4
7164,5,False,5,8,4,4|4|4|5|2|3|3|4|3|5
7165,2,False,2,8,4,4|4|9|4|4|7|2|4|7|2
7167,9,False,9,0,9,9|9|9|9|9|9|9|9|9|9
7178,9,True,2,10,3,2|3|3|3|3|4|4|3|3|5
7190,6,False,6,6,6,6|6|3|2|0|6|0|6|0|2
7211,9,True,2,10,-1,0|0|2|0|2|6|3|0|2|2
7213,3,False,3,0,3,3|3|3|3|3|3|3|3|3|3
7216,0,True,2,4,0,0|0|0|8|2|2|0|0|0|2
7217,2,False,2,0,2,2|2|2|2|2|2|2|2|2|2
7224,3,False,3,6,3,3|5|6|3|5|6|3|1|8|3
7230,3,False,3,0,3,3|3|3|3|3|3|3|3|3|3
7231,1,True,8,10,8,8|8|8|8|8|8|8|8|8|8
7246,5,False,5,9,7,7|7|3|7|5|7|7|7|7|7
7261,1,False,1,4,1,1|5|1|1|1|1|5|5|1|5
7263,0,False,0,0,0,0|0|0|0|0|0|0|0|0|0
7273,7,False,7,0,7,7|7|7|7|7|7|7|7|7|7
7278,7,True,6,10,6,6|6|6|6|6|6|6|6|6|6
7281,8,False,8,0,8,8|8|8|8|8|8|8|8|8|8
7284,8,True,1,10,1,1|5|1|1|1|1|1|1|2|2
7287,8,False,8,0,8,8|8|8|8|8|8|8|8|8|8
7291,7,False,7,3,7,7|7|7|4|0|7|9|7|7|7
7305,1,True,5,10,5,5|5|5|5|2|5|5|5|5|5
7327,6,True,0,10,0,0|0|0|0|0|0|0|0|0|0
7331,7,False,7,0,7,7|7|7|7|7|7|7|7|7|7
7368,1,True,4,10,4,4|4|4|4|4|4|4|4|4|4
7370,5,True,1,7,1,1|1|1|5|1|5|1|1|1|5
7383,5,True,4,10,4,4|4|4|4|4|4|4|4|4|4
7392,6,False,6,2,6,3|6|6|6|6|6|6|6|7|6
7395,4,False,4,0,4,4|4|4|4|4|4|4|4|4|4
7436,4,False,4,1,4,4|4|4|4|4|4|4|7|4|4
7464,0,False,0,1,0,0|0|0|0|0|0|0|8|0|0
7470,0,False,0,0,0,0|0|0|0|0|0|0|0|0|0
7472,5,False,5,5,-1,5|5|2|5|2|5|2|5|2|2
7475,2,True,1,3,2,2|1|2|1|2|2|0|2|2|2
7491,8,True,6,9,6,6|8|6|6|6|6|6|6|6|6
7496,8,False,8,0,8,8|8|8|8|8|8|8|8|8|8
7500,1,True,3,10,3,3|3|3|3|3|3|3|3|3|3
7503,1,False,1,0,1,1|1|1|1|1|1|1|1|1|1
7517,3,False,3,2,3,3|7|3|3|3|6|3|3|3|3
7520,6,True,0,10,0,0|0|0|0|0|0|0|0|0|0
7529,5,True,1,6,1,1|5|9|1|1|5|5|1|1|5
7542,2,False,2,1,2,2|2|3|2|2|2|2|2|2|2
7546,7,False,7,1,7,7|7|7|7|3|7|7|7|7|7
7551,3,False,3,8,0,0|0|0|3|0|6|0|3|0|6
7565,7,False,7,0,7,7|7|7|7|7|7|7|7|7|7
7568,2,True,7,10,7,7|7|7|7|7|7|7|7|7|7
7574,1,True,4,10,4,4|3|4|4|4|4|4|4|4|4
7580,1,True,8,10,8,8|8|8|8|2|8|8|8|3|8
7584,1,True,3,10,3,5|3|9|5|5|3|3|3|3|5
7622,1,False,1,6,0,0|0|0|1|1|1|1|0|0|5
7623,1,True,4,10,4,4|4|4|4|4|4|4|4|4|4
7626,4,False,4,0,4,4|4|4|4|4|4|4|4|4|4
7641,7,False,7,0,7,7|7|7|7|7|7|7|7|7|7
7664,2,False,2,10,0,0|0|0|6|0|0|0|0|0|0
7669,6,False,6,1,6,6|8|6|6|6|6|6|6|6|6
7708,9,False,9,5,-1,5|5|9|9|9|5|5|9|9|5
7712,4,False,4,0,4,4|4|4|4|4|4|4|4|4|4
7736,9,True,7,10,7,7|7|7|7|7|7|7|7|7|7
7738,5,True,1,9,1,1|1|1|1|1|1|1|1|1|5
7746,5,True,9,9,9,9|9|9|9|9|9|5|9|9|9
7750,5,False,5,0,5,5|5|5|5|5|5|5|5|5|5
7753,3,False,3,2,3,3|3|3|3|3|6|3|4|3|3
7759,9,False,9,0,9,9|9|9|9|9|9|9|9|9|9
7766,2,False,2,0,2,2|2|2|2|2|2|2|2|2|2
7774,5,True,1,7,1,1|5|1|1|1|1|5|1|1|5
7775,4,False,4,0,4,4|4|4|4|4|4|4|4|4|4
7794,8,False,8,0,8,8|8|8|8|8|8|8|8|8|8
7803,3,False,3,0,3,3|3|3|3|3|3|3|3|3|3
7804,3,False,3,0,3,3|3|3|3|3|3|3|3|3|3
7807,9,True,2,10,2,2|2|2|2|2|2|2|2|2|2
7855,1,True,4,10,4,4|4|4|4|4|4|4|4|4|4
7868,9,True,2,10,2,2|0|2|2|2|2|0|2|2|2
7905,2,False,2,0,2,2|2|2|2|2|2|2|2|2|2
7919,2,False,2,1,2,2|0|2|2|2|2|2|2|2|2
7926,5,False,5,6,3,3|5|3|5|3|3|3|5|2|5
7930,6,True,0,10,0,0|0|0|0|0|0|0|0|0|0
7944,5,True,9,10,9,9|9|9|9|9|9|9|9|9|9
7973,1,True,8,10,8,8|8|8|8|8|8|8|8|8|8
7975,8,True,6,10,6,6|6|6|6|6|6|6|6|6|6
7978,5,False,5,3,5,4|4|5|5|5|5|5|5|7|5
7982,2,True,6,10,6,6|8|8|6|6|6|6|6|6|6
8007,1,True,8,10,8,8|8|8|8|8|8|8|8|8|8
8014,1,True,8,10,8,8|8|8|8|8|8|8|8|8|8
8027,8,False,8,0,8,8|8|8|8|8|8|8|8|8|8
8039,5,False,5,0,5,5|5|5|5|5|5|5|5|5|5
8049,5,True,4,10,4,4|4|4|6|4|4|4|4|4|4
8064,7,False,7,1,7,7|7|9|7|7|7|7|7|7|7
8066,4,False,4,4,4,4|4|6|4|4|6|6|6|4|4
8068,4,False,4,9,3,5|3|3|7|3|1|3|7|4|5
8069,6,False,6,3,6,6|8|6|6|8|6|6|6|6|8
8079,6,True,0,10,0,0|0|0|0|0|0|0|0|0|0
8093,1,False,1,3,1,1|1|1|1|2|1|5|1|2|1
8100,2,False,2,0,2,2|2|2|2|2|2|2|2|2|2
8123,1,True,8,10,8,8|8|8|8|8|8|8|8|8|8
8132,6,True,0,10,0,0|0|0|0|0|0|0|0|0|0
8135,5,True,1,6,1,5|5|1|5|1|1|5|1|1|1
8142,7,False,7,0,7,7|7|7|7|7|7|7|7|7|7
8146,9,False,9,0,9,9|9|9|9|9|9|9|9|9|9
8166,2,False,2,1,2,2|9|2|2|2|2|2|2|2|2
8173,2,False,2,6,2,2|0|3|6|3|2|4|0|2|2
8176,9,True,7,10,7,7|7|7|7|7|7|7|7|7|7
8194,7,True,6,9,6,3|7|6|2|6|6|6|6|6|2
8204,5,False,5,8,2,2|5|2|5|2|2|2|2|2|2
8219,2,False,2,0,2,2|2|2|2|2|2|2|2|2|2
8233,4,False,4,0,4,4|4|4|4|4|4|4|4|4|4
8253,6,False,6,2,6,6|8|6|6|6|6|8|6|6|6
8263,1,True,4,10,4,4|4|4|4|4|4|4|4|4|4
8277,4,True,7,10,3,7|3|3|5|7|3|3|3|7|3
8283,1,True,8,10,8,8|8|8|8|8|8|8|8|8|8
8284,8,False,8,0,8,8|8|8|8|8|8|8|8|8|8
8303,5,True,9,9,9,9|9|9|5|9|9|9|9|9|9
8318,9,False,9,0,9,9|9|9|9|9|9|9|9|9|9
8326,2,True,5,9,5,5|5|9|5|2|5|5|5|5|5
8328,5,False,5,0,5,5|5|5|5|5|5|5|5|5|5
8330,3,False,3,6,5,5|3|3|3|5|5|5|5|5|3
8332,2,True,1,6,-1,1|5|2|1|2|1|5|2|2|1
8339,1,False,1,5,1,5|5|1|1|1|1|5|1|9|5
8340,2,False,2,0,2,2|2|2|2|2|2|2|2|2|2
8343,3,True,7,9,7,7|7|7|7|7|3|7|7|7|7
8355,0,False,0,2,0,0|0|0|0|2|0|0|0|2|0
8374,2,True,1,6,1,2|1|2|1|2|1|5|1|2|1
8377,2,False,2,2,2,2|0|0|2|2|2|2|2|2|2
8389,1,False,1,4,1,1|1|1|1|2|1|2|1|2|2
8412,5,False,5,1,5,5|5|5|5|3|5|5|5|5|5
8427,1,False,1,3,1,1|1|1|1|1|1|5|1|2|5
8434,1,True,3,10,3,3|3|3|3|3|3|3|3|3|3
8443,0,False,0,0,0,0|0|0|0|0|0|0|0|0|0
8444,0,False,0,0,0,0|0|0|0|0|0|0|0|0|0
8458,9,False,9,6,5,5|5|9|5|9|5|5|9|9|5
8467,1,True,3,10,3,3|5|5|3|3|3|3|3|7|3
8484,8,False,8,0,8,8|8|8|8|8|8|8|8|8|8
8486,3,True,1,10,1,1|1|2|1|1|1|5|1|2|2
8488,4,False,4,4,4,5|4|5|5|4|4|4|4|4|5
8489,8,False,8,0,8,8|8|8|8|8|8|8|8|8|8
8492,6,False,6,0,6,6|6|6|6|6|6|6|6|6|6
8503,1,True,3,10,-1,5|5|3|5|5|3|3|3|3|5
8507,1,True,3,10,3,3|3|6|3|3|6|2|3|7|3
8519,1,True,8,10,8,8|8|8|8|8|8|8|8|8|8
8529,5,True,1,7,9,9|5|9|5|6|5|9|9|9|9
8534,2,False,2,0,2,2|2|2|2|2|2|2|2|2|2
8535,0,False,0,0,0,0|0|0|0|0|0|0|0|0|0
8537,3,True,7,10,7,7|7|7|7|7|7|7|7|7|7
8547,1,False,1,5,1,2|1|1|1|2|1|5|1|2|2
8553,6,True,0,9,0,0|0|0|8|6|0|0|0|0|0
8561,5,True,9,10,9,9|9|9|9|9|9|9|9|9|9
8566,1,False,1,6,2,2|1|2|1|2|1|2|1|2|2
8574,8,False,8,0,8,8|8|8|8|8|8|8|8|8|8
8578,6,True,0,10,0,0|0|0|0|0|0|0|0|0|0
8586,5,False,5,6,3,7|3|3|5|5|5|3|3|3|5
8601,5,False,5,8,3,3|3|3|5|5|3|3|1|3|3
8606,1,True,3,10,3,3|3|3|3|3|3|3|3|3|3
8607,1,False,1,5,1,1|1|2|1|2|1|5|1|2|2
8611,6,False,6,0,6,6|6|6|6|6|6|6|6|6|6
8624,2,True,7,10,7,7|7|7|7|7|7|7|7|7|7
8627,2,False,2,9,4,4|4|4|2|4|4|4|4|4|4
8628,2,True,1,4,2,2|1|2|1|2|1|2|1|2|2
8629,1,True,3,10,5,3|3|5|5|3|5|3|5|5|5
8640,3,True,7,7,7,7|3|4|3|3|7|7|7|4|7
8641,2,False,2,1,2,2|4|2|2|2|2|2|2|2|2
8651,6,False,6,5,6,6|8|8|6|6|8|8|0|6|6
8654,4,False,4,0,4,4|4|4|4|4|4|4|4|4|4
8662,1,True,5,10,5,5|5|5|5|5|5|5|5|5|5
8668,1,True,8,10,8,8|8|8|8|8|8|8|8|8|8
8676,9,True,2,10,2,2|2|8|2|2|2|2|2|2|2
8712,9,True,7,10,7,7|7|7|7|7|7|7|7|7|7
8713,2,False,2,1,2,4|2|2|2|2|2|2|2|2|2
8716,9,False,9,0,9,9|9|9|9|9|9|9|9|9|9
8719,9,True,7,10,7,7|7|7|7|7|7|7|7|7|7
8727,9,False,9,0,9,9|9|9|9|9|9|9|9|9|9
8735,5,True,1,8,1,1|5|1|1|1|1|5|1|1|1
8745,7,False,7,9,3,3|3|9|5|3|3|3|3|7|3
8756,5,False,5,0,5,5|5|5|5|5|5|5|5|5|5
8757,5,True,1,7,1,1|5|1|1|1|1|5|1|2|5
8768,1,True,5,10,3,3|3|3|3|3|3|3|3|3|3
8774,0,False,0,0,0,0|0|0|0|0|0|0|0|0|0
8780,9,True,2,10,2,2|4|3|5|2|2|2|2|4|2
8783,5,True,9,6,5,5|5|8|5|9|5|8|9|9|8
8785,1,True,8,10,8,8|8|8|8|8|8|8|8|8|8
8808,1,True,3,9,3,3|3|3|3|3|3|3|1|3|3
8820,7,True,6,9,6,6|6|6|6|6|7|6|6|6|6
8827,6,False,6,9,9,9|5|9|6|9|7|9|9|9|5
8841,9,False,9,0,9,9|9|9|9|9|9|9|9|9|9
8843,2,False,2,10,4,4|4|4|4|4|4|4|4|4|4
8851,5,False,5,6,3,5|3|3|5|3|5|5|1|3|3
8854,8,False,8,0,8,8|8|8|8|8|8|8|8|8|8
8861,8,False,8,5,-1,0|0|0|8|8|8|0|0|8|8
8864,1,True,3,10,3,3|3|3|3|3|3|3|3|3|3
8874,9,True,2,10,2,2|2|2|2|2|2|2|2|2|2
8879,1,True,8,10,8,8|8|8|8|8|8|8|8|8|8
8882,6,True,0,10,0,0|0|0|0|0|0|0|0|0|0
8890,2,True,4,10,4,4|4|4|4|4|4|4|4|4|4
8891,8,True,6,9,6,6|8|6|6|6|6|6|6|6|6
8892,8,False,8,0,8,8|8|8|8|8|8|8|8|8|8
8926,1,True,8,10,8,8|8|8|8|8|8|8|8|8|8
8934,0,False,0,5,-1,0|6|6|6|0|0|0|6|6|0
8944,2,True,1,7,5,2|5|2|1|2|1|5|5|9|5
8955,9,False,9,0,9,9|9|9|9|9|9|9|9|9|9
8969,0,False,0,2,0,0|0|0|0|8|6|0|0|0|0
8986,3,False,3,0,3,3|3|3|3|3|3|3|3|3|3
8988,3,False,3,0,3,3|3|3|3|3|3|3|3|3|3
8994,6,True,0,10,0,0|0|0|0|0|0|0|0|0|0
9002,0,True,2,10,6,6|6|8|2|6|6|2|2|6|6
9012,2,True,1,8,5,5|9|1|1|2|1|5|5|2|5
9015,1,True,8,10,8,8|8|8|8|8|8|8|8|8|8
9026,5,True,9,10,9,9|9|9|9|9|9|9|9|9|9
9036,5,True,9,10,9,9|9|9|9|9|9|8|9|9|9
9047,9,True,2,10,2,2|2|2|2|2|2|2|2|2|2
9050,6,False,6,2,6,6|8|6|6|7|6|6|6|6|6
9055,8,False,8,0,8,8|8|8|8|8|8|8|8|8|8
9086,7,False,7,0,7,7|7|7|7|7|7|7|7|7|7
9088,5,True,1,5,5,5|5|1|1|1|5|5|9|1|5
9094,6,True,0,10,0,0|0|0|0|0|0|0|0|0|0
9110,4,True,7,10,7,7|7|7|7|7|7|7|7|7|7
9122,8,False,8,0,8,8|8|8|8|8|8|8|8|8|8
9125,6,False,6,2,6,6|8|6|6|6|6|8|6|6|6
9132,5,False,5,4,5,5|4|9|5|5|1|5|5|7|5
9135,3,False,3,2,3,3|3|5|5|3|3|3|3|3|3
9152,1,True,3,10,3,3|4|3|3|3|3|3|3|3|3
9153,4,False,4,0,4,4|4|4|4|4|4|4|4|4|4
9158,6,False,6,7,3,6|8|6|3|3|6|3|3|3|3
9185,3,False,3,0,3,3|3|3|3|3|3|3|3|3|3
9187,9,False,9,3,9,9|8|9|9|9|8|8|9|9|9
9191,9,True,2,10,2,2|2|2|2|2|2|2|2|2|2
9197,7,True,6,10,6,6|8|6|6|8|6|6|6|6|6
9201,7,False,7,0,7,7|7|7|7|7|7|7|7|7|7
9205,2,True,5,10,3,5|3|3|5|3|3|3|1|3|3
9219,2,True,6,10,8,6|8|8|8|8|8|8|8|6|8
9220,8,False,8,0,8,8|8|8|8|8|8|8|8|8|8
9223,7,False,7,0,7,7|7|7|7|7|7|7|7|7|7
9230,0,False,0,0,0,0|0|0|0|0|0|0|0|0|0
9232,1,False,1,10,5,5|5|9|5|5|5|5|9|5|5
9237,7,True,6,10,6,6|6|6|6|6|6|6|6|6|6
9251,1,False,1,1,1,1|1|1|1|1|1|5|1|1|1
9257,0,False,0,0,0,0|0|0|0|0|0|0|0|0|0
9261,9,False,9,6,5,5|5|9|9|6|5|5|9|9|5
9264,5,False,5,0,5,5|5|5|5|5|5|5|5|5|5
9272,9,True,2,10,2,2|5|2|5|2|2|2|2|2|2
9296,6,True,0,10,0,0|0|0|0|0|0|0|0|0|0
9307,3,False,3,1,3,3|3|1|3|3|3|3|3|3|3
9314,0,False,0,2,0,0|0|0|0|6|6|0|0|0|0
9359,7,True,4,10,4,4|4|4|2|4|2|4|4|2|2
9375,6,True,0,10,0,0|0|0|0|0|0|0|0|0|0
9377,1,True,5,9,3,7|3|3|4|3|7|1|4|2|5
9386,4,True,2,8,2,2|4|2|4|2|2|2|2|2|2
9402,1,False,1,4,1,1|1|2|1|2|1|5|1|2|1
9403,2,False,2,2,2,2|5|0|2|2|2|2|2|2|2
9414,6,False,6,1,6,6|8|6|6|6|6|6|6|6|6
9425,5,True,9,7,9,5|9|9|5|9|5|9|9|9|9
9437,2,False,2,0,2,2|2|2|2|2|2|2|2|2|2
9460,5,False,5,1,5,5|5|5|5|2|5|5|5|5|5
9476,1,False,1,2,1,1|1|1|1|1|1|2|1|2|1
9500,4,False,4,0,4,4|4|4|4|4|4|4|4|4|4
9501,9,False,9,0,9,9|9|9|9|9|9|9|9|9|9
9528,4,False,4,1,4,4|4|4|6|4|4|4|4|4|4
9537,2,True,5,10,5,5|5|5|5|5|5|5|5|5|5
9544,1,True,4,10,4,4|4|4|4|4|4|4|4|4|4
9546,4,False,4,0,4,4|4|4|4|4|4|4|4|4|4
9556,2,False,2,0,2,2|2|2|2|2|2|2|2|2|2
9561,5,True,1,8,1,1|1|1|1|2|1|5|1|2|5
9567,8,False,8,0,8,8|8|8|8|8|8|8|8|8|8
9568,4,False,4,0,4,4|4|4|4|4|4|4|4|4|4
9571,9,True,7,10,-1,7|7|3|5|2|5|5|3|7|3
9591,3,False,3,0,3,3|3|3|3|3|3|3|3|3|3
9598,9,False,9,7,5,5|5|9|5|1|1|9|5|9|5
9614,6,True,0,10,0,0|0|0|0|0|0|0|0|0|0
9617,8,False,8,0,8,8|8|8|8|8|8|8|8|8|8
9620,1,False,1,10,9,9|9|9|9|9|9|9|9|9|9
9644,1,True,8,10,8,8|8|8|8|8|8|8|8|8|8
9661,4,False,4,2,4,4|4|4|4|2|4|4|4|4|2
9663,8,False,8,0,8,8|8|8|8|8|8|8|8|8|8
9681,6,False,6,1,6,6|6|6|6|6|6|6|1|6|6
9699,8,False,8,0,8,8|8|8|8|8|8|8|8|8|8
9722,1,True,8,10,8,8|8|8|8|8|8|8|8|8|8
9748,1,True,5,10,5,5|5|5|5|5|5|5|5|7|5
9752,1,True,3,10,3,3|3|3|3|3|3|3|3|3|3
9780,4,False,4,1,4,4|4|4|4|3|4|4|4|4|4
9793,5,False,5,0,5,5|5|5|5|5|5|5|5|5|5
9799,6,True,0,10,0,0|0|0|8|0|0|0|8|0|0
9805,7,False,7,0,7,7|7|7|7|7|7|7|7|7|7
9809,1,False,1,4,1,1|5|1|1|2|1|5|1|1|5
9834,7,False,7,0,7,7|7|7|7|7|7|7|7|7|7
9839,7,True,6,10,6,6|6|6|6|6|6|6|6|6|6
9871,1,True,5,9,5,5|7|5|5|5|5|1|5|7|5
9886,5,True,9,10,9,9|9|9|9|8|9|9|9|9|9
9887,4,False,4,7,0,0|0|0|4|0|4|0|0|0|4
9889,5,True,1,9,9,9|9|9|9|9|5|9|9|9|9
9904,1,True,3,10,3,5|3|3|3|3|3|5|3|5|5
9916,2,False,2,3,2,2|2|2|2|3|7|2|7|2|2
9930,3,False,3,4,3,3|5|3|3|1|3|5|3|3|5
9960,8,False,8,0,8,8|8|8|8|8|8|8|8|8|8
9967,4,False,4,3,4,2|7|4|4|3|4|4|4|4|4
9969,6,False,6,0,6,6|6|6|6|6|6|6|6|6|6
10000,2,True,1,5,-1,1|1|2|1|2|1|2|1|2|2
10002,6,False,6,1,6,6|6|6|6|7|6|6|6|6|6
10005,3,False,3,0,3,3|3|3|3|3|3|3|3|3|3
10030,9,False,9,0,9,9|9|9|9|9|9|9|9|9|9
10032,4,False,4,0,4,4|4|4|4|4|4|4|4|4|4
10035,1,False,1,4,1,1|1|1|1|2|1|5|1|0|9
10040,9,True,7,10,7,7|7|7|7|7|7|7|7|7|7
10041,4,True,7,10,7,7|7|7|7|7|7|7|7|7|7
10044,3,False,3,1,3,3|3|3|3|3|3|6|3|3|3
10047,7,False,7,2,7,7|3|3|7|7|7|7|7|7|7
10054,1,False,1,7,5,1|5|1|5|2|1|5|9|2|5
10056,5,True,9,10,9,9|8|9|8|6|8|8|9|9|9
10057,2,False,2,0,2,2|2|2|2|2|2|2|2|2|2
10068,1,True,8,10,8,8|8|8|8|8|8|8|8|8|8
10077,4,True,7,10,7,7|7|7|7|7|7|7|7|7|7
10091,5,False,5,7,3,3|3|3|5|5|3|5|3|3|3
10102,8,False,8,0,8,8|8|8|8|8|8|8|8|8|8
10106,7,False,7,2,7,7|3|7|7|7|4|7|7|7|7
10115,6,True,0,9,0,8|0|0|0|6|8|0|0|0|8
10122,1,False,1,10,9,9|9|9|5|9|9|9|9|9|5
10123,5,True,9,10,9,9|9|9|9|9|9|9|9|9|9
10160,2,False,2,9,3,2|3|3|3|3|6|3|3|6|3
10161,5,True,9,10,9,9|9|9|9|9|9|9|9|9|9
10165,6,False,6,7,7,7|7|4|6|6|6|4|7|7|5
10175,5,False,5,0,5,5|5|5|5|5|5|5|5|5|5
10205,6,True,0,8,0,6|0|0|0|6|0|0|0|0|0
10253,6,False,6,1,6,6|8|6|6|6|6|6|6|6|6
10259,9,True,7,10,7,7|0|7|7|7|0|0|0|7|7
10263,2,False,2,2,2,2|9|2|2|2|3|2|2|2|2
10273,6,False,6,1,6,6|8|6|6|6|6|6|6|6|6
10279,1,True,8,10,0,0|8|0|0|0|8|0|0|0|8
10281,7,False,7,1,7,7|7|7|7|7|7|9|7|7|7
10285,9,False,9,10,0,0|0|0|0|6|0|0|8|0|0
10292,1,False,1,3,1,1|5|1|1|1|1|5|1|1|5
10316,5,True,9,9,9,9|9|9|9|9|5|9|9|9|9
10317,8,False,8,0,8,8|8|8|8|8|8|8|8|8|8
10321,3,False,3,1,3,3|3|3|3|5|3|3|3|3|3
10327,6,False,6,1,6,6|6|6|6|7|6|6|6|6|6
10370,1,False,1,10,9,9|9|6|0|6|5|0|5|9|9
10374,6,False,6,3,6,6|6|6|6|2|6|6|6|2|2
10386,7,False,7,9,0,7|0|0|5|6|8|0|0|0|5
10393,9,True,1,9,5,5|5|9|2|2|5|5|1|5|1
10397,5,False,5,1,5,5|5|5|5|5|5|3|5|5|5
10399,6,True,0,10,8,8|8|8|8|8|0|8|8|8|8
10407,1,True,5,10,3,7|7|3|3|3|3|3|3|3|3
10415,1,True,4,10,4,4|4|6|4|4|4|4|4|4|4
10418,1,True,3,10,3,3|3|3|3|3|3|3|3|3|3
10435,9,True,7,8,7,7|4|9|9|7|7|7|7|4|7
10438,2,False,2,10,4,4|4|4|4|4|4|4|4|4|4
10441,3,False,3,3,3,3|3|3|3|3|2|2|3|3|5
10461,4,True,2,9,2,2|2|2|2|2|2|2|4|2|2
10462,1,True,3,10,3,3|3|3|3|3|3|3|3|3|3
10469,2,False,2,7,5,5|5|5|5|2|5|2|2|5|5
10498,2,False,2,4,2,2|8|2|2|0|8|2|2|8|2
10511,8,False,8,0,8,8|8|8|8|8|8|8|8|8|8
10524,8,False,8,0,8,8|8|8|8|8|8|8|8|8|8
10525,4,False,4,8,7,7|3|4|7|3|4|3|7|7|7
10538,9,True,7,10,7,7|7|7|7|7|7|7|7|7|7
10540,2,True,7,10,7,7|7|7|7|7|7|7|7|7|7
10546,4,True,7,7,7,7|4|7|7|4|7|7|7|4|9
10558,3,False,3,2,3,3|0|3|3|3|3|3|3|5|3
10572,8,False,8,0,8,8|8|8|8|8|8|8|8|8|8
10596,6,False,6,1,6,6|8|6|6|6|6|6|6|6|6
10620,8,False,8,2,8,8|0|8|8|8|8|0|8|8|8
10636,6,False,6,1,6,6|8|6|6|6|6|6|6|6|6
10646,1,True,8,10,8,8|8|8|8|8|8|8|8|8|8
10678,5,True,1,9,1,1|5|1|1|2|1|1|1|1|1
10689,6,True,0,9,0,0|0|2|0|6|0|0|0|0|0
10693,1,False,1,3,1,1|5|1|5|1|1|5|1|1|1
10696,1,True,5,10,5,5|5|5|5|5|5|5|5|5|5
10697,4,False,4,1,4,4|4|4|4|4|4|4|4|4|3
10701,1,True,4,10,4,4|4|4|4|4|4|4|4|4|4
10705,3,False,3,0,3,3|3|3|3|3|3|3|3|3|3
10731,1,True,3,10,3,3|3|3|3|2|3|3|3|3|3
10743,9,False,9,0,9,9|9|9|9|9|9|9|9|9|9
10785,1,True,8,9,8,5|8|8|1|8|8|8|8|8|8
10792,8,True,6,10,6,6|6|6|6|6|6|6|6|6|6
10795,2,True,1,3,2,2|1|2|1|2|2|5|2|2|2
10826,1,False,1,6,2,2|1|2|1|2|1|2|1|2|2
10831,2,True,5,9,5,5|3|5|3|2|5|5|5|3|5
10834,1,True,4,10,4,4|4|4|4|4|4|4|4|4|4
10843,1,True,3,10,3,3|3|9|5|3|5|5|2|3|3
10853,5,True,9,10,9,9|9|9|9|9|9|9|9|9|9
10864,1,True,8,10,8,8|8|8|8|8|8|8|8|8|8
10866,2,False,2,9,4,4|4|9|5|4|4|2|4|4|4
10882,1,False,1,5,-1,5|5|1|1|1|5|5|1|1|5
10883,1,True,3,10,3,3|3|3|3|3|3|3|3|3|3
10918,1,True,3,10,3,3|5|3|5|2|3|3|3|3|3
10927,7,False,7,7,-1,2|5|2|7|2|7|3|3|4|7
10940,2,False,2,1,2,2|6|2|2|2|2|2|2|2|2
10948,1,True,3,10,3,3|3|3|3|3|3|3|3|3|3
10950,4,False,4,6,2,2|4|4|4|2|2|2|4|2|2
10952,0,False,0,0,0,0|0|0|0|0|0|0|0|0|0
10954,0,False,0,0,0,0|0|0|0|0|0|0|0|0|0
10960,3,False,3,0,3,3|3|3|3|3|3|3|3|3|3
10969,2,True,1,6,1,2|1|1|1|2|1|5|1|2|2
10972,9,False,9,0,9,9|9|9|9|9|9|9|9|9|9
10983,9,False,9,0,9,9|9|9|9|9|9|9|9|9|9
10984,6,False,6,1,6,6|8|6|6|6|6|6|6|6|6
10988,7,False,7,1,7,7|7|3|7|7|7|7|7|7|7
11001,1,True,8,10,9,8|8|9|9|6|8|8|9|9|9
11017,2,False,2,3,2,2|0|2|2|2|4|2|2|7|2
11038,7,True,6,10,6,6|8|6|6|6|6|6|6|6|6
11052,3,False,3,1,3,3|3|3|3|3|6|3|3|3|3
11071,5,False,5,0,5,5|5|5|5|5|5|5|5|5|5
11084,2,False,2,1,2,2|9|2|2|2|2|2|2|2|2
11115,2,False,2,6,2,2|0|6|5|2|6|2|3|2|5
11118,1,True,4,10,4,4|4|4|5|4|4|4|4|4|5
11125,4,False,4,0,4,4|4|4|4|4|4|4|4|4|4
11134,2,True,1,9,9,1|1|9|2|6|6|9|5|9|3
11162,9,True,7,10,7,7|7|7|7|7|7|7|7|7|7
11173,9,False,9,10,8,0|8|8|5|8|8|0|8|2|5
11179,1,False,1,4,1,1|5|1|1|1|1|5|5|1|5
11195,3,False,3,0,3,3|3|3|3|3|3|3|3|3|3
11224,0,False,0,0,0,0|0|0|0|0|0|0|0|0|0
11239,6,False,6,0,6,6|6|6|6|6|6|6|6|6|6
11255,0,False,0,0,0,0|0|0|0|0|0|0|0|0|0
11278,7,False,7,0,7,7|7|7|7|7|7|7|7|7|7
11308,1,False,1,10,9,9|5|9|9|9|5|9|9|9|5
11310,8,True,6,8,6,6|8|8|6|6|6|6|6|6|6
11337,1,True,3,10,3,3|8|3|3|8|3|3|3|3|3
11357,3,False,3,10,5,2|5|9|5|5|9|2|5|5|5
11391,7,False,7,1,7,7|7|7|7|7|4|7|7|7|7
11406,6,False,6,1,6,6|6|6|6|7|6|6|6|6|6
11412,8,True,6,10,6,6|6|6|6|6|6|6|6|6|6
11413,8,False,8,0,8,8|8|8|8|8|8|8|8|8|8
11414,7,False,7,0,7,7|7|7|7|7|7|7|7|7|7
11419,1,True,3,10,3,3|3|3|3|3|3|3|3|3|3
11434,1,True,3,10,3,3|3|3|3|3|3|4|3|4|3
11445,8,True,6,10,6,6|6|6|6|6|6|6|6|6|6
11450,5,False,5,10,3,2|3|3|4|3|3|4|3|3|2
11454,9,True,2,10,2,2|2|2|2|2|2|2|2|2|2
11463,5,False,5,0,5,5|5|5|5|5|5|5|5|5|5
11465,5,False,5,0,5,5|5|5|5|5|5|5|5|5|5
11477,1,True,3,10,3,3|3|3|3|3|3|3|3|3|3
11487,0,False,0,5,-1,2|0|2|2|0|0|0|0|2|2
11492,3,False,3,2,3,3|3|3|3|5|5|3|3|3|3
11493,1,True,5,10,5,5|5|5|5|5|5|5|5|5|5
11549,9,False,9,0,9,9|9|9|9|9|9|9|9|9|9
11568,3,False,3,2,3,3|3|3|3|3|2|3|3|3|5
11571,1,False,1,3,1,1|5|1|1|1|1|5|1|1|2
11578,1,True,3,10,3,3|3|3|3|3|3|3|3|3|3
11615,6,True,0,9,8,6|8|1|8|8|8|0|8|8|0
11654,8,True,6,10,6,6|6|6|6|7|6|6|6|6|6
11656,7,False,7,1,7,4|7|7|7|7|7|7|7|7|7
11669,7,False,7,0,7,7|7|7|7|7|7|7|7|7|7
11684,2,False,2,1,2,2|9|2|2|2|2|2|2|2|2
11715,5,True,9,10,9,9|9|9|9|9|9|9|9|9|9
11744,2,True,1,10,1,1|1|1|1|1|1|5|1|5|5
11747,9,False,9,0,9,9|9|9|9|9|9|9|9|9|9
11773,5,True,9,10,9,9|9|9|9|9|9|9|9|9|9
11790,5,False,5,10,3,3|3|3|3|3|3|3|3|3|3
11799,1,False,1,10,0,0|0|0|0|6|0|0|0|0|0
11811,9,True,2,9,2,2|9|2|2|2|2|2|4|2|2
11814,9,False,9,0,9,9|9|9|9|9|9|9|9|9|9
11818,1,True,5,10,5,5|5|5|5|5|5|5|5|5|5
11820,4,False,4,0,4,4|4|4|4|4|4|4|4|4|4
11821,6,False,6,0,6,6|6|6|6|6|6|6|6|6|6
11833,9,True,6,10,6,6|8|3|6|6|6|6|6|3|8
11848,3,True,7,10,7,7|7|7|7|7|7|7|7|7|7
11850,1,False,1,5,1,1|1|2|1|2|1|5|1|2|2
11860,4,False,4,0,4,4|4|4|4|4|4|4|4|4|4
11868,3,False,3,2,3,3|3|3|3|3|3|5|5|3|3
11880,5,False,5,9,-1,2|4|9|5|2|3|7|4|4|2
11901,5,True,9,10,9,9|9|9|9|9|9|9|9|9|9
11903,8,True,6,9,6,6|8|3|3|6|6|6|6|3|3
11909,7,False,7,10,3,5|3|3|3|3|3|3|3|3|3
11912,0,False,0,6,0,6|0|0|6|8|8|0|8|0|6
11913,0,False,0,0,0,0|0|0|0|0|0|0|0|0|0
11924,1,True,5,10,5,5|5|5|5|5|5|5|5|5|5
11926,9,True,7,10,7,7|7|7|7|3|7|7|7|7|7
11933,5,False,5,0,5,5|5|5|5|5|5|5|5|5|5
11937,0,False,0,0,0,0|0|0|0|0|0|0|0|0|0
11941,9,False,9,0,9,9|9|9|9|9|9|9|9|9|9
11945,4,False,4,0,4,4|4|4|4|4|4|4|4|4|4
11994,1,True,4,10,4,4|4|4|4|4|4|4|4|4|4
11997,4,False,4,0,4,4|4|4|4|4|4|4|4|4|4
12001,9,False,9,0,9,9|9|9|9|9|9|9|9|9|9
12014,8,True,6,9,6,6|6|6|6|8|6|6|6|6|6
12019,6,False,6,3,6,6|6|3|5|6|6|6|6|6|5
12021,0,True,2,10,2,2|2|2|2|2|2|2|2|2|2
12040,9,False,9,2,9,9|5|9|5|9|9|9|9|9|9
12044,2,False,2,1,2,2|9|2|2|2|2|2|2|2|2
12053,1,True,5,10,3,3|3|3|5|3|5|3|3|7|3
12063,5,True,9,10,9,9|9|9|9|9|9|9|9|9|9
12067,2,False,2,0,2,2|2|2|2|2|2|2|2|2|2
12110,1,True,4,10,4,4|4|4|4|4|4|4|4|4|4
12112,5,True,9,10,9,9|9|9|9|9|9|9|9|9|9
12113,3,False,3,1,3,3|3|3|3|5|3|3|3|3|3
12119,5,False,5,5,5,5|3|3|5|2|5|5|3|3|5
12127,1,False,1,4,1,1|1|1|1|2|1|5|1|2|5
12134,4,False,4,0,4,4|4|4|4|4|4|4|4|4|4
12154,4,False,4,0,4,4|4|4|4|4|4|4|4|4|4
12158,1,False,1,3,1,1|5|1|1|1|1|5|1|1|5
12169,1,False,1,6,2,1|1|2|1|2|2|5|1|2|2
12178,6,True,0,10,0,0|0|0|0|0|0|0|0|0|0
12185,1,False,1,6,1,5|1|2|1|9|1|5|1|2|2
12191,9,True,2,10,6,2|8|6|5|6|6|6|6|2|6
12216,3,False,3,1,3,5|3|3|3|3|3|3|3|3|3
12222,6,False,6,1,6,6|8|6|6|6|6|6|6|6|6
12247,1,False,1,5,1,2|5|1|1|1|5|5|1|1|5
12253,1,True,4,10,4,4|4|4|6|4|4|4|4|4|4
12274,5,False,5,9,3,3|3|3|3|3|3|3|0|3|5
12275,5,True,1,8,1,1|1|9|1|2|1|5|5|1|1
12283,1,False,1,8,-1,1|5|2|5|2|1|5|2|2|5
12284,0,False,0,1,0,0|0|0|0|0|0|0|0|0|6
12287,9,True,2,10,3,3|3|3|3|3|3|2|3|3|3
12292,5,True,1,5,-1,5|5|1|1|5|5|1|1|1|5
12293,7,True,6,10,6,6|6|6|6|6|6|6|6|6|6
12317,2,False,2,1,2,2|2|2|2|6|2|2|2|2|2
12348,1,False,1,5,1,2|1|2|1|2|1|5|1|2|1
12351,1,True,8,10,8,8|8|8|8|8|8|8|8|8|8
12382,3,False,3,0,3,3|3|3|3|3|3|3|3|3|3
12390,5,False,5,0,5,5|5|5|5|5|5|5|5|5|5
12394,7,False,7,1,7,7|7|7|7|7|6|7|7|7|7
12401,1,True,8,10,8,8|8|8|8|8|8|8|8|8|8
12424,1,False,1,3,1,1|1|2|1|1|1|2|1|2|1
12460,9,False,9,0,9,9|9|9|9|9|9|9|9|9|9
12485,5,False,5,1,5,5|5|5|5|5|3|5|5|5|5
12488,1,True,5,10,3,5|5|3|3|3|3|3|5|3|5
12506,2,False,2,9,9,0|0|9|9|9|1|9|4|2|9
12511,1,True,4,10,4,4|4|4|4|4|4|4|4|4|4
12517,1,True,3,10,3,3|3|3|3|3|3|3|3|3|3
12520,8,False,8,0,8,8|8|8|8|8|8|8|8|8|8
12521,1,False,1,1,1,1|1|1|1|1|1|5|1|1|1
12525,6,False,6,0,6,6|6|6|6|6|6|6|6|6|6
12526,6,False,6,0,6,6|6|6|6|6|6|6|6|6|6
12535,7,False,7,2,7,7|3|7|7|3|7|7|7|7|7
12547,4,True,7,4,4,7|4|4|4|4|4|7|7|7|4
12565,7,False,7,0,7,7|7|7|7|7|7|7|7|7|7
12577,5,True,4,10,4,4|4|4|4|3|4|4|4|4|3
12579,4,True,7,10,3,7|3|3|7|3|3|3|7|3|7
12583,2,False,2,5,-1,2|0|0|2|2|0|0|2|2|0
12619,6,False,6,1,6,6|8|6|6|6|6|6|6|6|6
12620,5,True,1,7,1,5|1|1|1|1|1|5|1|1|5
12622,5,True,1,9,1,1|1|1|1|2|1|5|1|2|2
12629,1,False,1,10,9,5|9|9|9|6|9|9|9|9|9
12636,1,True,4,9,4,4|4|4|1|4|4|4|4|4|2
12665,1,True,4,10,4,4|4|4|4|4|4|4|4|4|4
12670,9,False,9,0,9,9|9|9|9|9|9|9|9|9|9
12676,5,True,1,8,1,1|5|1|1|1|1|5|1|1|1
12677,9,True,7,10,3,3|3|3|3|3|3|3|3|3|5
12690,3,True,7,10,7,7|7|7|7|7|7|7|7|7|7
12692,6,False,6,0,6,6|6|6|6|6|6|6|6|6|6
12716,1,True,5,10,5,3|5|3|3|5|5|3|5|5|5
12719,2,True,1,8,1,1|1|8|1|2|1|8|1|2|1
12762,8,False,8,0,8,8|8|8|8|8|8|8|8|8|8
12763,7,False,7,1,7,7|7|7|7|7|7|7|9|7|7
12769,1,True,5,10,5,5|5|5|5|5|5|5|5|5|5
12773,1,False,1,5,-1,5|5|1|1|1|1|5|1|5|5
12780,3,False,3,2,3,5|3|3|3|3|3|5|3|3|3
12795,5,True,4,10,4,4|4|9|4|2|4|4|4|4|4
12816,9,False,9,10,1,1|1|1|1|1|1|5|1|1|5
12822,9,False,9,0,9,9|9|9|9|9|9|9|9|9|9
12826,1,True,4,10,4,4|4|4|4|4|2|4|4|4|4
12832,5,False,5,6,3,5|3|3|5|5|5|3|1|3|3
12836,0,False,0,0,0,0|0|0|0|0|0|0|0|0|0
12838,7,False,7,0,7,7|7|7|7|7|7|7|7|7|7
12839,1,True,5,10,5,5|5|5|5|5|5|5|5|5|5
12843,4,False,4,1,4,4|4|2|4|4|4|4|4|4|4
12849,1,False,1,2,1,1|1|1|1|1|1|5|1|1|5
12853,3,False,3,1,3,3|3|3|3|3|3|3|3|2|3
12875,2,True,1,10,9,1|9|9|8|9|9|9|9|9|5
12901,7,False,7,2,7,7|7|3|7|7|7|7|7|7|3
12914,1,False,1,1,1,1|1|1|1|1|1|5|1|1|1
12919,1,False,1,4,1,1|1|1|1|2|1|5|1|2|5
12923,1,False,1,2,1,1|5|1|1|1|1|5|1|1|1
12928,6,False,6,0,6,6|6|6|6|6|6|6|6|6|6
12931,5,False,5,0,5,5|5|5|5|5|5|5|5|5|5
12933,6,False,6,2,6,6|8|6|6|8|6|6|6|6|6
12937,5,False,5,9,-1,7|3|9|5|3|3|7|3|7|7
12938,1,True,8,10,8,8|8|8|8|8|8|8|8|8|8
12946,1,False,1,6,2,1|1|2|1|2|1|5|2|2|2
12951,1,True,8,10,8,8|8|8|8|8|8|8|8|8|8
12958,9,True,2,10,3,3|3|5|3|3|3|3|3|3|3
12973,3,False,3,0,3,3|3|3|3|3|3|3|3|3|3
12977,5,True,1,8,1,1|1|1|1|1|1|5|1|1|5
12979,5,True,9,10,9,9|9|9|9|9|9|9|9|9|9
12986,9,False,9,2,9,9|5|9|5|9|9|9|9|9|9
12987,5,False,5,0,5,5|5|5|5|5|5|5|5|5|5
12990,0,True,2,10,2,2|4|6|1|4|2|2|2|2|2
12998,9,True,7,10,7,7|7|7|7|7|7|7|7|7|7
13014,7,False,7,0,7,7|7|7|7|7|7|7|7|7|7
13018,6,False,6,0,6,6|6|6|6|6|6|6|6|6|6
13019,3,False,3,9,7,7|7|9|7|3|7|7|4|7|7
13023,4,False,4,0,4,4|4|4|4|4|4|4|4|4|4
13027,8,False,8,0,8,8|8|8|8|8|8|8|8|8|8
13047,4,True,2,10,2,2|2|9|7|2|2|2|2|2|2
13051,6,True,0,10,0,0|0|0|0|0|0|0|0|0|0
13053,1,True,3,10,3,3|3|3|3|3|3|3|3|3|3
13077,6,False,6,0,6,6|6|6|6|6|6|6|6|6|6
13145,4,False,4,0,4,4|4|4|4|4|4|4|4|4|4
13172,9,False,9,0,9,9|9|9|9|9|9|9|9|9|9
13180,6,False,6,0,6,6|6|6|6|6|6|6|6|6|6
13185,7,False,7,1,7,7|7|7|7|3|7|7|7|7|7
13193,4,True,7,10,7,7|7|7|7|7|7|7|7|7|7
13198,4,True,7,6,7,4|7|4|7|4|7|4|7|7|5
13210,1,True,4,10,4,4|4|4|4|4|4|4|4|4|4
13234,5,True,1,10,1,1|1|2|1|1|1|1|1|2|1
13236,5,False,5,1,5,5|5|5|5|2|5|5|5|5|5
13238,6,True,0,10,0,8|8|0|0|0|0|0|0|0|0
13242,1,False,1,7,5,5|5|1|5|1|1|5|9|5|5
13262,1,False,1,5,1,5|8|1|1|1|1|8|1|9|5
13263,9,False,9,0,9,9|9|9|9|9|9|9|9|9|9
13265,9,False,9,0,9,9|9|9|9|9|9|9|9|9|9
13269,1,True,4,10,4,4|4|4|4|4|4|4|4|4|4
13274,1,True,8,10,8,8|8|8|8|8|8|8|8|8|8
13277,1,False,1,10,8,0|0|8|8|8|8|8|8|0|5
13278,5,True,2,10,2,2|2|2|2|2|2|2|2|2|2
13285,5,False,5,4,5,5|3|3|5|5|3|3|5|5|5
13296,5,True,1,10,1,1|1|1|1|1|1|2|2|2|2
13305,8,False,8,0,8,8|8|8|8|8|8|8|8|8|8
13306,6,False,6,1,6,6|8|6|6|6|6|6|6|6|6
13307,4,False,4,9,5,5|4|3|5|2|5|5|2|2|3
13317,2,True,1,10,5,5|1|9|5|3|1|9|5|9|5
13320,9,False,9,0,9,9|9|9|9|9|9|9|9|9|9
13358,5,True,9,8,9,9|5|9|5|9|9|9|9|9|9
13371,3,False,3,0,3,3|3|3|3|3|3|3|3|3|3
13380,9,False,9,0,9,9|9|9|9|9|9|9|9|9|9
13385,4,False,4,0,4,4|4|4|4|4|4|4|4|4|4
13391,4,False,4,0,4,4|4|4|4|4|4|4|4|4|4
13401,0,False,0,0,0,0|0|0|0|0|0|0|0|0|0
13424,2,False,2,7,4,4|4|3|7|2|2|7|4|4|2
13428,4,False,4,4,4,4|4|4|4|4|7|4|7|7|9
13429,5,True,9,8,9,9|9|9|5|6|5|9|9|9|9
13437,9,True,2,10,6,6|6|6|7|6|6|6|6|6|7
13440,6,False,6,2,6,6|8|6|6|6|6|6|6|6|8
13442,2,True,7,10,7,7|7|7|7|7|7|7|7|7|7
13443,1,True,3,10,3,3|3|3|3|3|3|3|3|3|3
13444,1,False,1,6,1,5|9|1|1|2|1|5|1|9|5
13458,1,True,3,10,7,3|8|9|3|7|7|9|7|7|5
13460,1,True,8,10,2,0|8|0|8|2|8|0|2|2|2
13462,5,True,1,6,1,1|5|1|1|1|5|5|1|5|1
13466,1,True,4,10,4,4|4|4|4|4|4|4|4|4|4
13472,4,False,4,0,4,4|4|4|4|4|4|4|4|4|4
13485,2,False,2,0,2,2|2|2|2|2|2|2|2|2|2
13488,1,False,1,5,-1,1|1|2|1|2|1|2|1|2|2
13522,6,True,0,9,0,0|0|0|0|0|9|0|0|0|6
13529,5,True,9,8,9,9|9|9|5|9|5|9|9|9|9
13539,7,False,7,7,4,4|7|4|4|4|4|4|7|7|4
13540,7,False,7,10,2,2|1|2|4|1|4|2|4|2|2
13548,1,True,5,9,5,5|3|4|5|5|3|4|1|5|3
13551,5,False,5,0,5,5|5|5|5|5|5|5|5|5|5
13552,3,False,3,1,3,3|3|3|3|3|3|3|3|3|5
13554,6,False,6,0,6,6|6|6|6|6|6|6|6|6|6
13560,1,True,3,10,3,3|3|3|5|3|3|3|3|3|3
13561,0,False,0,0,0,0|0|0|0|0|0|0|0|0|0
13562,8,False,8,0,8,8|8|8|8|8|8|8|8|8|8
13567,9,True,2,10,2,2|2|2|2|2|2|2|4|2|2
13583,6,True,0,10,0,0|0|0|0|0|0|0|0|0|0
13587,8,False,8,0,8,8|8|8|8|8|8|8|8|8|8
13592,1,True,5,10,5,3|5|3|5|3|5|2|5|3|5
13605,7,False,7,0,7,7|7|7|7|7|7|7|7|7|7
13608,1,False,1,9,5,5|5|9|5|1|5|5|5|9|5
13627,0,False,0,0,0,0|0|0|0|0|0|0|0|0|0
13633,1,True,8,10,8,8|8|8|8|8|8|8|8|8|8
13650,0,False,0,2,0,0|0|2|0|0|0|0|0|0|2
13654,4,False,4,0,4,4|4|4|4|4|4|4|4|4|4
13671,9,True,2,9,2,2|9|2|2|2|2|2|2|2|2
13679,1,True,5,10,5,5|5|5|5|5|5|5|5|5|5
13681,4,False,4,0,4,4|4|4|4|4|4|4|4|4|4
13683,6,False,6,2,6,6|8|6|6|6|6|6|6|6|8
13686,3,False,3,2,3,3|3|3|3|5|3|3|1|3|3
13687,7,True,6,10,6,6|6|6|6|6|6|6|6|8|8
13690,5,True,9,10,8,9|9|0|9|6|8|0|8|8|8
13708,4,False,4,0,4,4|4|4|4|4|4|4|4|4|4
13712,0,False,0,0,0,0|0|0|0|0|0|0|0|0|0
13720,8,False,8,0,8,8|8|8|8|8|8|8|8|8|8
13753,6,False,6,4,6,9|6|9|6|6|6|6|9|9|6
13756,6,False,6,0,6,6|6|6|6|6|6|6|6|6|6
13757,9,True,2,9,6,6|6|6|6|6|9|0|6|7|6
13761,2,False,2,2,2,2|2|3|2|2|1|2|2|2|2
13767,5,True,9,10,9,9|9|9|9|9|9|9|9|9|9
13768,1,False,1,4,1,1|5|1|1|1|5|5|1|1|5
13770,2,False,2,0,2,2|2|2|2|2|2|2|2|2|2
13775,3,True,7,9,7,7|7|7|7|3|7|7|7|7|7
13783,6,False,6,0,6,6|6|6|6|6|6|6|6|6|6
13799,7,False,7,1,7,7|7|7|7|3|7|7|7|7|7
13803,4,False,4,0,4,4|4|4|4|4|4|4|4|4|4
13818,7,False,7,1,7,7|7|3|7|7|7|7|7|7|7
13819,2,False,2,4,2,2|5|2|3|2|6|2|2|2|5
13832,4,False,4,0,4,4|4|4|4|4|4|4|4|4|4
13834,4,False,4,7,7,7|3|7|4|7|4|7|7|4|3
13840,5,False,5,6,2,2|5|2|5|2|2|2|5|5|2
13842,5,False,5,2,5,5|3|5|5|5|3|5|5|5|5
13851,8,False,8,0,8,8|8|8|8|8|8|8|8|8|8
13866,6,False,6,1,6,6|8|6|6|6|6|6|6|6|6
13868,8,False,8,0,8,8|8|8|8|8|8|8|8|8|8
13870,9,False,9,0,9,9|9|9|9|9|9|9|9|9|9
13875,1,True,4,10,4,4|4|4|4|4|4|4|4|4|4
13897,1,False,1,3,1,1|5|1|1|1|1|5|1|1|5
13901,2,False,2,0,2,2|2|2|2|2|2|2|2|2|2
13909,4,False,4,0,4,4|4|4|4|4|4|4|4|4|4
13934,4,True,2,9,2,0|5|2|4|3|2|2|2|0|2
13935,3,True,7,8,7,7|5|7|3|7|7|7|3|5|7
13937,6,True,0,10,0,0|0|0|0|0|0|0|0|0|0
13943,4,False,4,0,4,4|4|4|4|4|4|4|4|4|4
13951,6,True,0,10,0,0|0|0|0|0|0|0|0|0|0
13964,0,False,0,0,0,0|0|0|0|0|0|0|0|0|0
13975,7,False,7,10,3,3|3|3|3|3|3|3|3|3|3
13979,0,False,0,1,0,0|8|0|0|0|0|0|0|0|0
13980,5,False,5,2,5,5|5|3|5|5|1|5|5|5|5
13984,4,False,4,3,4,4|4|7|4|4|4|4|7|4|7
13985,2,False,2,2,2,2|4|2|4|2|2|2|2|2|2
13995,4,False,4,0,4,4|4|4|4|4|4|4|4|4|4
13996,1,False,1,8,5,5|5|2|5|1|1|5|5|9|5
14011,8,False,8,5,8,5|8|3|8|1|8|8|8|3|3
14015,5,False,5,3,5,5|5|2|5|2|5|5|5|7|5
14021,2,False,2,8,7,4|4|3|2|2|7|3|7|7|7
14025,0,False,0,0,0,0|0|0|0|0|0|0|0|0|0
14036,4,False,4,0,4,4|4|4|4|4|4|4|4|4|4
14041,4,False,4,3,4,4|4|3|4|4|6|4|4|4|6
14054,8,False,8,0,8,8|8|8|8|8|8|8|8|8|8
14086,7,False,7,0,7,7|7|7|7|7|7|7|7|7|7
14117,1,False,1,5,1,5|5|2|1|1|1|5|1|9|1
14122,5,True,3,10,3,3|3|3|3|3|3|3|3|3|3
14129,2,True,1,9,1,1|5|9|1|2|1|5|1|1|1
14138,0,False,0,0,0,0|0|0|0|0|0|0|0|0|0
14159,2,True,5,10,3,3|3|3|3|3|3|3|3|3|3
14160,2,True,5,10,5,5|4|4|7|5|5|5|7|7|5
14199,2,False,2,1,2,2|1|2|2|2|2|2|2|2|2
14207,8,False,8,0,8,8|8|8|8|8|8|8|8|8|8
14212,6,False,6,0,6,6|6|6|6|6|6|6|6|6|6
14221,1,True,5,10,3,3|3|3|3|6|6|3|3|3|3
14224,9,False,9,0,9,9|9|9|9|9|9|9|9|9|9
14234,1,True,3,10,3,3|3|3|3|3|3|3|3|3|3
14239,1,True,3,10,4,4|4|3|4|3|4|3|7|4|3
14240,5,True,1,3,5,5|5|1|5|1|5|5|9|5|5
14241,6,False,6,1,6,6|8|6|6|6|6|6|6|6|6
14246,1,True,5,10,5,5|5|5|5|5|5|5|5|5|5
14253,3,False,3,0,3,3|3|3|3|3|3|3|3|3|3
14263,4,False,4,0,4,4|4|4|4|4|4|4|4|4|4
14272,7,False,7,8,3,3|3|3|7|3|3|3|7|3|3
14283,4,False,4,1,4,4|4|4|4|4|4|7|4|4|4
14303,4,False,4,1,4,0|4|4|4|4|4|4|4|4|4
14307,6,True,0,10,0,0|0|0|0|0|0|0|0|0|0
14329,0,False,0,0,0,0|0|0|0|0|0|0|0|0|0
14342,8,True,6,9,6,6|8|6|6|6|6|6|6|6|6
14359,4,False,4,0,4,4|4|4|4|4|4|4|4|4|4
14366,5,False,5,0,5,5|5|5|5|5|5|5|5|5|5
14367,1,False,1,6,2,2|1|2|1|2|1|2|1|2|2
14397,1,True,4,10,4,4|4|4|4|4|4|4|4|4|4
14412,4,False,4,0,4,4|4|4|4|4|4|4|4|4|4
14419,3,False,3,1,3,3|3|3|3|3|3|3|3|3|5
14453,5,False,5,4,5,7|5|5|5|5|5|3|3|7|5
14465,2,True,5,9,4,4|4|4|4|4|3|2|4|3|5
14497,8,False,8,0,8,8|8|8|8|8|8|8|8|8|8
14498,2,True,1,5,2,2|1|2|1|2|1|5|1|2|2
14504,5,False,5,9,3,3|3|3|9|2|5|2|4|3|3
14512,5,True,1,9,1,1|5|1|1|1|1|1|1|1|1
14532,4,False,4,1,4,4|4|4|4|4|4|4|4|7|4
14539,8,False,8,0,8,8|8|8|8|8|8|8|8|8|8
14549,5,True,1,3,5,5|5|9|5|1|5|5|5|9|5
14553,6,False,6,3,6,6|8|6|6|8|8|6|6|6|6
14557,4,False,4,1,4,4|4|4|4|4|6|4|4|4|4
14563,5,True,9,9,9,9|5|9|9|9|9|9|9|9|9
14570,1,True,5,9,5,5|5|5|5|5|5|5|1|5|5
14571,5,True,9,10,8,8|8|8|1|8|8|8|8|8|8
14579,5,False,5,2,5,3|5|5|5|5|5|5|5|3|5
14584,4,False,4,0,4,4|4|4|4|4|4|4|4|4|4
14594,0,False,0,10,2,4|4|2|2|2|5|9|1|9|2
14602,9,True,2,10,4,4|4|2|4|4|4|4|4|4|4
14608,8,True,6,6,6,6|8|8|6|8|6|8|6|6|6
14613,8,False,8,1,8,8|8|8|8|9|8|8|8|8|8
14639,6,False,6,0,6,6|6|6|6|6|6|6|6|6|6
14648,8,False,8,0,8,8|8|8|8|8|8|8|8|8|8
14656,1,True,4,10,4,4|4|4|4|4|4|4|4|4|4
14682,1,True,5,10,3,3|3|3|3|3|5|3|3|5|3
14698,6,True,0,10,0,0|0|0|0|0|0|0|0|0|0
14705,5,True,9,10,9,9|9|9|9|9|9|9|9|9|9
14707,5,False,5,2,5,5|5|9|5|2|5|5|5|5|5
14709,3,False,3,10,9,4|4|9|7|9|9|9|9|9|9
14718,1,True,8,10,8,6|8|8|8|8|8|8|8|8|8
14732,0,False,0,2,0,0|0|0|0|8|8|0|0|0|0
14733,7,False,7,0,7,7|7|7|7|7|7|7|7|7|7
14742,7,False,7,5,7,3|3|7|5|7|3|7|3|7|7
14753,1,True,8,10,8,8|8|8|8|8|8|8|8|8|8
14756,2,False,2,0,2,2|2|2|2|2|2|2|2|2|2
14758,7,False,7,1,7,7|7|7|7|7|7|9|7|7|7
14761,9,True,2,10,2,2|2|2|2|2|2|2|2|2|2
14764,1,False,1,6,-1,1|9|9|1|2|1|9|1|9|0
14766,8,False,8,0,8,8|8|8|8|8|8|8|8|8|8
14776,1,False,1,5,1,1|1|2|1|2|1|5|1|2|2
14793,4,True,2,10,2,2|2|2|2|2|2|2|2|2|2
14795,1,False,1,6,-1,5|1|1|1|9|1|5|5|9|5
14801,9,True,7,10,7,7|7|7|7|7|7|7|7|7|7
14806,0,False,0,0,0,0|0|0|0|0|0|0|0|0|0
14809,9,False,9,0,9,9|9|9|9|9|9|9|9|9|9
14813,9,False,9,1,9,5|9|9|9|9|9|9|9|9|9
14817,3,False,3,1,3,3|3|3|3|3|6|3|3|3|3
14823,1,True,8,10,8,8|8|8|8|8|8|8|8|8|8
14840,2,False,2,2,2,2|5|2|5|2|2|2|2|2|2
14848,6,True,0,10,0,0|0|0|0|0|0|0|0|0|0
14851,5,True,1,7,-1,1|5|9|5|2|1|9|9|2|5
14854,1,True,8,10,8,8|8|8|8|8|8|8|8|8|8
14867,0,False,0,3,0,0|0|0|0|2|6|6|0|0|0
14876,1,True,8,10,8,8|8|8|8|8|8|8|8|8|8
14885,5,True,9,10,9,9|9|9|9|9|9|9|9|9|9
14887,2,False,2,10,0,0|0|0|0|0|0|0|0|0|0
14890,1,False,1,4,1,1|1|1|1|2|1|5|1|2|2
14894,8,True,6,9,6,4|8|6|6|6|6|6|6|7|6
14900,1,False,1,4,1,2|1|1|1|8|1|5|1|2|1
14910,7,False,7,1,7,7|7|7|7|3|7|7|7|7|7
14917,9,False,9,0,9,9|9|9|9|9|9|9|9|9|9
14932,5,False,5,0,5,5|5|5|5|5|5|5|5|5|5
14946,2,False,2,4,2,2|9|9|5|2|2|2|9|2|2
14947,4,True,7,8,-1,0|7|7|4|0|8|4|0|7|6
14955,6,True,7,10,3,3|3|3|3|3|3|3|3|3|3
14962,3,False,3,0,3,3|3|3|3|3|3|3|3|3|3
14979,8,False,8,0,8,8|8|8|8|8|8|8|8|8|8
15004,4,False,4,2,4,4|4|4|4|4|4|6|6|4|4
15015,0,True,8,10,8,8|8|8|8|8|8|8|8|8|8
15036,1,True,4,10,-1,6|2|4|4|4|2|6|2|7|3
15042,1,False,1,4,1,5|1|1|1|9|1|9|1|9|1
15053,3,False,3,3,3,3|2|3|3|3|3|3|2|3|2
15064,6,False,6,0,6,6|6|6|6|6|6|6|6|6|6
15072,4,True,7,10,9,9|7|9|9|9|9|9|9|7|7
15077,0,False,0,4,0,0|2|0|0|0|2|2|0|2|0
15094,2,False,2,0,2,2|2|2|2|2|2|2|2|2|2
15102,0,False,0,0,0,0|0|0|0|0|0|0|0|0|0
15113,6,True,0,10,0,0|0|0|0|0|0|0|0|0|0
15121,2,False,2,10,6,3|8|6|3|3|6|6|6|6|3
15168,4,False,4,0,4,4|4|4|4|4|4|4|4|4|4
15173,2,False,2,9,0,0|0|0|2|0|0|0|0|0|0
15189,9,True,2,9,2,2|9|2|2|2|2|2|2|2|2
15193,6,False,6,0,6,6|6|6|6|6|6|6|6|6|6
15200,2,False,2,7,4,4|4|4|4|2|4|2|4|2|4
15236,0,False,0,0,0,0|0|0|0|0|0|0|0|0|0
15249,5,True,9,10,9,9|9|9|9|9|9|9|9|9|9
15276,8,False,8,0,8,8|8|8|8|8|8|8|8|8|8
15289,4,True,2,10,2,2|2|6|2|2|2|6|2|2|2
15293,5,False,5,0,5,5|5|5|5|5|5|5|5|5|5
15312,5,False,5,4,5,5|3|9|5|5|1|3|5|5|5
15315,5,True,1,10,1,1|1|1|1|2|1|9|1|2|1
15319,5,False,5,8,2,2|5|2|5|3|2|2|0|2|2
15332,9,True,7,9,7,7|7|7|4|7|7|9|7|7|7
15352,6,True,0,10,8,8|8|8|8|8|8|8|8|8|8
15359,7,False,7,0,7,7|7|7|7|7|7|7|7|7|7
15368,5,True,9,10,9,9|9|9|9|9|9|9|9|9|9
15373,5,True,9,10,9,9|9|9|9|9|9|9|9|9|9
15376,4,True,2,9,2,2|8|2|4|2|6|2|6|2|6
15384,9,False,9,0,9,9|9|9|9|9|9|9|9|9|9
15385,6,False,6,0,6,6|6|6|6|6|6|6|6|6|6
15390,6,False,6,0,6,6|6|6|6|6|6|6|6|6|6
15395,4,False,4,3,4,7|3|4|5|4|4|4|4|4|4
15396,0,False,0,0,0,0|0|0|0|0|0|0|0|0|0
15400,7,False,7,4,7,7|7|3|7|7|9|3|7|7|9
15403,5,False,5,0,5,5|5|5|5|5|5|5|5|5|5
15404,9,True,2,10,2,2|2|2|2|2|2|2|2|2|2
15411,3,False,3,1,3,3|8|3|3|3|3|3|3|3|3
15413,9,True,7,9,7,7|7|7|7|7|7|7|7|7|9
15418,1,True,8,7,8,8|8|1|8|8|8|9|1|8|1
15422,8,False,8,0,8,8|8|8|8|8|8|8|8|8|8
15448,1,True,3,10,3,3|3|3|3|3|3|3|3|3|3
15474,6,False,6,0,6,6|6|6|6|6|6|6|6|6|6
15479,6,False,6,2,6,6|6|6|7|6|6|6|6|6|7
15480,5,True,9,10,9,9|9|9|9|9|9|9|9|9|9
15483,6,True,0,10,0,0|0|0|0|0|0|0|0|0|0
15496,1,False,1,3,1,1|1|1|1|2|1|5|1|2|1
15511,7,False,7,0,7,7|7|7|7|7|7|7|7|7|7
15512,1,False,1,3,1,5|1|1|1|1|1|5|1|2|1
15519,2,True,4,10,4,4|4|4|4|4|4|4|4|4|4
15550,7,False,7,3,7,7|7|9|7|7|2|2|7|7|7
15572,0,False,0,0,0,0|0|0|0|0|0|0|0|0|0
15574,1,False,1,1,1,1|5|1|1|1|1|1|1|1|1
15576,9,True,2,10,2,2|0|2|2|0|2|2|2|2|2
15582,4,False,4,1,4,4|4|4|4|4|4|4|4|4|8
15593,2,False,2,0,2,2|2|2|2|2|2|2|2|2|2
15602,2,True,5,6,2,2|5|3|2|3|2|2|5|9|5
15607,8,False,8,0,8,8|8|8|8|8|8|8|8|8|8
15613,7,False,7,0,7,7|7|7|7|7|7|7|7|7|7
15616,5,True,9,10,9,9|9|9|9|9|9|9|9|9|9
15624,4,False,4,0,4,4|4|4|4|4|4|4|4|4|4
15629,8,False,8,0,8,8|8|8|8|8|8|8|8|8|8
15631,7,True,6,10,2,2|1|6|6|4|2|2|2|2|6
15640,1,True,3,10,3,3|3|3|3|5|3|3|3|3|3
15647,7,False,7,0,7,7|7|7|7|7|7|7|7|7|7
15663,1,True,4,10,4,4|4|4|4|4|4|4|4|4|4
15669,1,False,1,6,2,2|1|2|1|2|1|5|1|2|2
15674,4,False,4,0,4,4|4|4|4|4|4|4|4|4|4
15679,7,False,7,3,7,7|4|7|7|4|4|7|7|7|7
15685,5,False,5,10,3,3|3|3|3|3|3|3|3|3|3
15688,1,True,8,10,8,8|8|8|8|8|8|8|8|8|8
15689,0,False,0,1,0,0|0|0|0|0|0|0|0|2|0
15715,4,False,4,0,4,4|4|4|4|4|4|4|4|4|4
15725,9,False,9,4,9,9|9|9|9|1|5|5|9|9|5
15733,5,False,5,1,5,5|5|6|5|5|5|5|5|5|5
15735,0,False,0,0,0,0|0|0|0|0|0|0|0|0|0
15797,1,False,1,5,1,5|5|1|1|1|1|5|1|9|5
15812,6,False,6,3,6,6|4|4|6|6|6|6|6|6|4
15820,0,True,2,9,2,6|0|2|2|2|2|2|8|2|2
15859,9,True,7,9,7,7|7|7|7|7|7|7|9|7|7
15862,6,True,5,10,2,3|2|2|2|2|2|2|2|3|2
15867,1,False,1,6,1,5|5|8|1|1|8|5|9|1|1
15868,5,True,1,9,1,1|0|2|1|2|1|5|1|2|1
15870,0,False,0,0,0,0|0|0|0|0|0|0|0|0|0
15888,9,True,2,10,2,2|5|2|2|2|2|2|2|2|2
15911,1,True,8,10,8,8|8|8|8|8|8|8|8|8|8
15926,2,False,2,2,2,4|2|2|2|2|2|4|2|2|2
15934,1,False,1,5,1,1|5|2|1|1|1|5|1|2|5
15935,1,True,8,10,8,8|8|8|8|8|8|8|8|8|8
15938,4,False,4,0,4,4|4|4|4|4|4|4|4|4|4
15947,4,False,4,0,4,4|4|4|4|4|4|4|4|4|4
15953,3,False,3,0,3,3|3|3|3|3|3|3|3|3|3
15964,8,False,8,0,8,8|8|8|8|8|8|8|8|8|8
15975,9,True,2,10,4,4|4|4|4|4|4|4|4|4|4
15988,1,False,1,3,1,1|5|1|1|1|1|5|1|2|1
15993,9,False,9,0,9,9|9|9|9|9|9|9|9|9|9
16019,5,True,1,5,5,5|5|9|1|1|1|5|5|9|5
16052,3,True,7,9,2,7|2|2|7|3|7|2|2|2|5
16054,9,False,9,0,9,9|9|9|9|9|9|9|9|9|9
16065,0,False,0,0,0,0|0|0|0|0|0|0|0|0|0
16070,1,True,3,10,3,3|3|3|5|3|3|3|3|3|5
16086,1,True,8,10,8,8|8|8|8|8|8|8|8|8|8
16089,1,False,1,1,1,1|1|1|1|1|1|5|1|1|1
16105,4,False,4,0,4,4|4|4|4|4|4|4|4|4|4
16117,5,True,9,10,9,9|9|9|9|9|9|9|9|9|9
16119,3,False,3,0,3,3|3|3|3|3|3|3|3|3|3
16120,1,True,3,10,3,3|3|3|3|3|3|3|3|3|3
16185,5,False,5,2,5,5|5|5|5|3|5|5|1|5|5
16193,1,True,8,10,8,8|8|8|8|8|8|0|8|8|8
16198,7,False,7,0,7,7|7|7|7|7|7|7|7|7|7
16212,5,False,5,9,-1,4|4|4|5|3|7|7|7|7|4
16228,1,True,3,10,3,3|8|3|3|3|3|3|8|8|8
16231,3,False,3,0,3,3|3|3|3|3|3|3|3|3|3
16235,0,False,0,1,0,0|8|0|0|0|0|0|0|0|0
16239,0,True,8,10,8,8|8|8|8|6|8|8|8|8|8
16240,4,False,4,6,-1,4|0|4|0|6|4|4|0|0|6
16256,1,False,1,7,2,2|5|2|1|2|1|2|1|2|2
16276,1,False,1,4,1,1|5|1|1|1|5|5|1|1|5
16278,1,False,1,6,1,2|1|2|1|6|1|5|1|2|5
16285,7,True,6,10,6,6|8|8|6|6|6|8|8|6|6
16294,1,True,4,10,4,4|4|4|4|4|4|4|4|7|4
16300,7,False,7,1,7,7|7|7|7|3|7|7|7|7|7
16304,1,True,8,10,8,8|8|8|8|8|8|8|8|8|8
16307,5,True,9,10,9,9|9|9|9|9|9|9|9|9|9
16311,5,False,5,0,5,5|5|5|5|5|5|5|5|5|5
16312,0,True,2,10,4,4|4|4|4|4|4|4|4|2|2
16326,2,False,2,0,2,2|2|2|2|2|2|2|2|2|2
16351,1,True,5,10,5,5|5|5|5|5|5|5|5|5|5
16357,0,True,2,10,5,2|3|5|5|5|2|5|5|5|3
16358,5,False,5,0,5,5|5|5|5|5|5|5|5|5|5
16367,6,False,6,2,6,6|8|6|6|8|6|6|6|6|6
16380,0,False,0,0,0,0|0|0|0|0|0|0|0|0|0
16385,2,True,1,9,5,5|5|1|1|2|5|9|9|1|5
16407,5,True,9,10,9,9|9|9|9|9|9|9|9|9|9
16413,9,False,9,0,9,9|9|9|9|9|9|9|9|9|9
16417,7,False,7,2,7,7|7|7|7|9|7|7|7|7|9
16420,6,True,0,10,0,0|0|0|0|0|0|0|0|0|0
16425,1,True,8,10,8,8|8|8|8|8|8|8|8|8|8
16449,1,True,3,10,3,3|3|3|3|3|3|3|3|3|3
16455,6,False,6,3,6,2|6|6|6|6|6|2|6|6|2
16459,1,True,5,10,7,7|7|7|7|7|7|2|7|7|7
16503,1,True,4,10,4,4|4|4|4|4|4|4|4|4|7
16506,7,False,7,0,7,7|7|7|7|7|7|7|7|7|7
16507,6,False,6,1,6,6|8|6|6|6|6|6|6|6|6
16510,1,True,5,10,5,5|5|5|5|5|5|5|5|5|5
16512,8,False,8,0,8,8|8|8|8|8|8|8|8|8|8
16516,3,True,7,6,-1,3|5|5|5|3|3|7|3|7|5
16538,3,False,3,0,3,3|3|3|3|3|3|3|3|3|3
16539,6,False,6,1,6,6|8|6|6|6|6|6|6|6|6
16557,9,True,7,10,7,7|7|7|7|7|7|7|7|7|7
16558,8,False,8,6,-1,2|8|1|8|1|1|8|8|4|1
16564,0,False,0,0,0,0|0|0|0|0|0|0|0|0|0
16571,2,False,2,2,2,2|2|2|2|3|2|2|2|2|0
16580,5,False,5,1,5,5|5|3|5|5|5|5|5|5|5
16585,8,True,6,10,6,6|6|6|6|6|6|6|6|6|6
16600,7,False,7,1,7,7|7|7|7|7|7|7|7|7|4
16653,1,True,5,10,5,5|5|9|5|6|5|2|2|5|5
16661,1,True,3,9,3,8|3|3|8|1|6|6|8|3|3
16675,7,True,6,10,6,6|8|2|6|6|6|6|6|2|6
16692,8,False,8,0,8,8|8|8|8|8|8|8|8|8|8
16719,7,False,7,0,7,7|7|7|7|7|7|7|7|7|7
16742,2,False,2,2,2,2|4|2|2|3|2|2|2|2|2
16761,2,False,2,4,2,6|4|6|6|2|2|2|2|2|2
16782,6,False,6,1,6,6|8|6|6|6|6|6|6|6|6
16783,9,True,2,10,2,2|5|2|5|2|5|0|0|2|2
16801,0,False,0,0,0,0|0|0|0|0|0|0|0|0|0
16818,9,False,9,5,-1,5|5|5|9|9|9|9|9|5|5
16844,8,True,6,10,6,6|6|6|6|6|6|6|6|6|6
16849,9,False,9,0,9,9|9|9|9|9|9|9|9|9|9
16880,1,True,4,10,4,4|4|4|4|4|4|4|4|4|4
16886,5,False,5,0,5,5|5|5|5|5|5|5|5|5|5
16889,4,False,4,0,4,4|4|4|4|4|4|4|4|4|4
16903,6,True,0,10,0,0|0|0|0|0|0|0|0|0|0
16916,8,True,6,8,6,6|8|8|6|6|6|6|6|6|6
16927,6,False,6,2,6,6|8|8|6|6|6|6|6|6|6
16932,3,False,3,4,3,3|3|4|3|1|6|3|1|3|3
16936,6,True,4,10,4,4|4|4|4|4|4|4|4|4|4
16937,5,True,1,4,5,5|5|1|1|1|1|5|5|5|5
16946,1,True,3,10,5,5|5|2|5|5|2|2|5|5|5
16950,3,False,3,0,3,3|3|3|3|3|3|3|3|3|3
16958,2,True,1,2,2,2|1|2|1|2|2|2|2|2|2
16967,1,True,4,10,4,4|8|4|4|4|4|4|4|4|4
16976,5,False,5,4,5,5|3|9|5|5|5|3|3|5|5
16986,5,True,1,6,5,5|8|9|5|1|1|5|9|1|5
16987,3,False,3,0,3,3|3|3|3|3|3|3|3|3|3
16995,7,False,7,0,7,7|7|7|7|7|7|7|7|7|7
17020,8,False,8,0,8,8|8|8|8|8|8|8|8|8|8
17029,6,False,6,0,6,6|6|6|6|6|6|6|6|6|6
17034,1,True,8,10,8,8|8|8|8|8|8|8|8|8|8
17037,4,True,7,10,7,7|7|7|7|7|7|7|7|7|7
17050,7,False,7,0,7,7|7|7|7|7|7|7|7|7|7
17055,5,False,5,0,5,5|5|5|5|5|5|5|5|5|5
17062,1,True,3,10,3,3|3|3|3|3|3|3|3|5|5
17072,6,False,6,0,6,6|6|6|6|6|6|6|6|6|6
17103,0,False,0,10,3,7|3|3|3|3|3|6|3|3|3
17104,1,True,3,10,4,4|4|3|4|3|4|4|7|3|3
17108,5,True,9,10,9,9|9|9|9|9|9|9|9|9|9
17109,9,False,9,0,9,9|9|9|9|9|9|9|9|9|9
17127,9,True,2,10,2,2|2|2|2|2|2|2|2|2|2
17135,1,False,1,5,1,5|5|9|1|1|1|5|1|1|5
17148,5,False,5,1,5,5|3|5|5|5|5|5|5|5|5
17166,0,False,0,0,0,0|0|0|0|0|0|0|0|0|0
17176,9,False,9,0,9,9|9|9|9|9|9|9|9|9|9
17181,7,False,7,0,7,7|7|7|7|7|7|7|7|7|7
17213,9,False,9,0,9,9|9|9|9|9|9|9|9|9|9
17217,9,True,2,9,2,2|9|2|2|2|2|2|2|2|2
17234,6,False,6,1,6,6|6|6|6|7|6|6|6|6|6
17238,6,False,6,6,8,6|8|6|6|8|8|8|8|6|8
17254,7,False,7,2,7,7|7|1|7|3|7|7|7|7|7
17255,5,True,1,7,1,1|5|1|1|1|1|5|1|5|1
17258,9,False,9,0,9,9|9|9|9|9|9|9|9|9|9
17260,4,False,4,2,4,4|7|7|4|4|4|4|4|4|4
17262,9,True,2,10,2,5|5|2|5|2|2|2|6|6|2
17273,5,True,2,10,2,2|2|2|2|2|2|2|2|2|2
17276,9,False,9,1,9,9|5|9|9|9|9|9|9|9|9
17282,6,False,6,0,6,6|6|6|6|6|6|6|6|6|6
17323,1,True,4,10,4,4|2|4|4|2|2|4|4|4|4
17329,9,True,2,10,2,2|2|2|2|2|2|2|2|2|2
17338,4,False,4,5,4,4|1|6|6|7|4|4|4|4|6
17341,9,False,9,3,9,7|9|9|9|9|9|7|5|9|9
17344,9,True,2,9,2,2|9|4|2|4|2|2|2|2|2
17347,2,False,2,1,2,2|5|2|2|2|2|2|2|2|2
17349,6,True,0,10,0,0|0|0|0|0|0|0|0|0|0
17364,7,False,7,3,7,0|7|7|7|7|7|9|7|0|7
17368,5,False,5,3,5,5|5|5|5|2|5|2|5|2|5
17373,9,True,2,10,2,2|2|2|2|2|2|2|2|2|2
17386,1,True,8,10,0,8|0|0|0|0|8|0|0|8|0
17394,8,False,8,0,8,8|8|8|8|8|8|8|8|8|8
17399,1,True,5,10,5,5|5|5|5|5|5|5|5|5|5
17423,1,True,8,10,8,8|0|8|8|8|0|0|0|2|8
17425,5,False,5,1,5,5|5|5|5|2|5|5|5|5|5
17426,8,True,6,9,6,6|6|6|6|7|6|6|6|6|8
17446,1,True,3,9,3,3|8|3|5|4|1|3|3|3|3
17448,6,False,6,3,6,6|8|8|6|8|6|6|6|6|6
17455,3,False,3,9,2,4|4|2|3|2|5|2|4|7|2
17460,1,False,1,4,1,5|8|1|1|1|1|8|1|2|1
17477,7,False,7,6,2,2|7|9|7|7|2|2|7|2|2
17489,7,False,7,0,7,7|7|7|7|7|7|7|7|7|7
17490,6,True,0,10,0,0|0|0|0|0|0|0|0|0|0
17500,4,False,4,3,4,2|0|0|4|4|4|4|4|4|4
17506,2,False,2,1,2,2|0|2|2|2|2|2|2|2|2
17509,6,True,0,10,0,0|0|0|0|0|0|0|0|0|0
17516,8,False,8,1,8,0|8|8|8|8|8|8|8|8|8
17519,1,True,8,10,8,8|8|8|8|8|8|8|8|8|8
17535,9,False,9,0,9,9|9|9|9|9|9|9|9|9|9
17542,4,True,7,10,7,7|7|7|7|3|3|7|7|7|7
17543,3,False,3,1,3,3|3|3|3|3|6|3|3|3|3
17557,3,False,3,1,3,3|3|3|3|3|3|3|3|3|5
17582,2,False,2,0,2,2|2|2|2|2|2|2|2|2|2
17584,4,False,4,0,4,4|4|4|4|4|4|4|4|4|4
17596,6,False,6,4,6,6|8|6|6|8|8|6|6|6|3
17601,8,False,8,0,8,8|8|8|8|8|8|8|8|8|8
17650,1,True,3,9,3,5|3|9|5|3|3|1|3|3|5
17679,9,False,9,0,9,9|9|9|9|9|9|9|9|9|9
17693,2,False,2,1,2,2|2|2|2|2|2|0|2|2|2
17694,1,False,1,3,1,1|5|1|1|1|1|5|1|2|1
17713,4,False,4,10,3,3|3|3|3|3|3|5|3|3|3
17718,1,False,1,2,1,1|1|1|1|1|1|5|1|1|5
17720,6,True,7,10,7,7|3|7|3|7|7|7|7|7|7
17733,1,True,5,9,3,5|3|3|3|3|3|3|1|3|5
17740,5,False,5,1,5,5|5|5|5|2|5|5|5|5|5
17745,2,False,2,0,2,2|2|2|2|2|2|2|2|2|2
17752,1,False,1,6,0,1|0|0|1|1|1|0|0|2|0
17755,5,True,1,7,1,1|5|9|1|1|1|5|5|1|1
17782,4,True,7,6,4,4|4|4|4|3|7|2|7|7|9
17784,9,False,9,10,8,0|8|8|5|8|8|8|0|0|8
17794,5,False,5,0,5,5|5|5|5|5|5|5|5|5|5
17802,1,False,1,7,-1,1|5|9|1|2|1|5|9|2|5
17805,7,False,7,0,7,7|7|7|7|7|7|7|7|7|7
17823,1,True,4,10,4,4|4|4|4|4|7|4|7|7|9
17826,9,True,2,9,2,2|9|2|2|2|2|2|2|2|2
17844,2,False,2,0,2,2|2|2|2|2|2|2|2|2|2
17858,8,True,6,9,6,6|8|6|6|6|6|6|6|6|3
17861,2,True,1,8,5,5|5|9|1|2|1|5|5|2|5
17874,1,True,8,10,8,8|8|8|8|8|8|8|8|8|8
17876,7,False,7,2,7,4|7|7|7|7|7|7|7|7|9
17878,1,True,4,10,4,4|4|4|4|4|4|4|4|4|4
17888,5,True,9,10,9,9|9|9|9|9|9|9|9|9|9
17889,5,False,5,10,3,3|3|3|1|3|3|3|3|3|3
17891,8,False,8,0,8,8|8|8|8|8|8|8|8|8|8
17907,5,True,9,10,9,9|9|9|9|9|9|9|9|9|9
17916,5,False,5,2,5,5|5|5|5|3|5|5|1|5|5
17927,9,False,9,2,9,9|3|9|9|6|9|9|9|9|9
17939,3,False,3,4,3,3|0|3|3|2|3|6|0|3|3
17948,6,True,0,9,0,0|0|6|0|0|0|0|0|0|0
17952,6,False,6,1,6,6|8|6|6|6|6|6|6|6|6
17962,1,True,8,10,8,8|8|8|8|8|8|8|8|8|8
17978,3,False,3,3,3,0|5|3|3|3|3|0|3|3|3
18010,7,False,7,0,7,7|7|7|7|7|7|7|7|7|7
18041,6,True,7,10,7,7|7|7|7|7|7|7|7|7|7
18049,2,False,2,1,2,2|0|2|2|2|2|2|2|2|2
18066,4,True,1,10,1,1|1|1|1|1|1|5|2|1|1
18074,2,True,5,10,5,5|5|5|5|5|5|5|5|5|5
18087,5,False,5,0,5,5|5|5|5|5|5|5|5|5|5
18091,4,True,7,10,7,7|7|7|7|7|7|7|7|7|7
18094,5,True,9,10,9,9|9|9|9|9|9|9|9|9|9
18095,7,False,7,0,7,7|7|7|7|7|7|7|7|7|7
18121,5,False,5,0,5,5|5|5|5|5|5|5|5|5|5
18156,1,True,5,10,5,5|5|5|5|2|5|5|5|5|5
18172,8,True,6,10,6,6|6|6|6|6|6|6|6|6|6
18173,6,False,6,2,6,6|8|6|6|6|6|6|6|6|3
18175,9,False,9,0,9,9|9|9|9|9|9|9|9|9|9
18184,2,False,2,3,2,0|9|2|2|2|2|2|2|9|2
18185,4,False,4,0,4,4|4|4|4|4|4|4|4|4|4
18196,1,True,4,10,-1,4|4|4|2|2|2|2|4|4|2
18200,6,True,0,10,0,0|0|0|0|0|0|0|0|0|0
18202,1,True,5,9,5,5|5|9|5|1|5|5|5|5|5
18203,6,True,0,10,0,0|0|0|0|0|0|0|0|0|0
18205,9,False,9,0,9,9|9|9|9|9|9|9|9|9|9
18220,8,False,8,0,8,8|8|8|8|8|8|8|8|8|8
18238,5,True,1,10,1,1|1|2|1|1|1|2|1|2|2
18241,9,True,2,10,0,0|0|0|0|0|0|0|0|2|0
18270,8,True,6,9,6,6|8|6|6|6|6|6|6|6|6
18282,7,True,6,10,6,6|6|6|6|6|6|6|6|6|6
18284,6,False,6,4,6,6|8|8|6|6|6|6|6|8|8
18290,1,True,4,10,4,4|4|4|4|4|4|4|7|4|4
18293,1,True,4,10,4,4|4|4|4|4|4|2|4|4|4
18306,6,True,0,10,0,0|0|0|0|0|0|0|0|0|0
18326,7,False,7,5,7,0|7|7|7|3|7|9|7|4|3
18334,6,False,6,3,6,6|8|6|6|6|8|6|6|6|8
18357,9,False,9,0,9,9|9|9|9|9|9|9|9|9|9
18360,9,True,2,10,2,2|0|2|2|2|6|2|2|2|2
18367,8,False,8,0,8,8|8|8|8|8|8|8|8|8|8
18378,8,False,8,0,8,8|8|8|8|8|8|8|8|8|8
18394,5,True,9,10,9,9|9|8|9|9|9|9|9|9|9
18408,1,True,3,10,3,3|3|3|3|3|3|3|3|3|3
18418,4,False,4,0,4,4|4|4|4|4|4|4|4|4|4
18460,2,False,2,1,2,2|2|2|2|4|2|2|2|2|2
18477,2,False,2,1,2,2|5|2|2|2|2|2|2|2|2
18482,3,False,3,0,3,3|3|3|3|3|3|3|3|3|3
18490,1,True,4,10,4,4|4|4|4|4|4|4|4|4|4
18505,0,False,0,5,0,0|0|8|0|6|0|8|8|0|8
18507,1,True,4,10,4,4|4|4|4|4|4|4|4|4|4
18537,7,False,7,0,7,7|7|7|7|7|7|7|7|7|7
18554,6,False,6,0,6,6|6|6|6|6|6|6|6|6|6
18558,8,False,8,0,8,8|8|8|8|8|8|8|8|8|8
18562,1,False,1,3,1,1|1|1|1|1|5|5|1|1|5
18564,0,True,2,3,0,0|0|0|0|2|2|0|0|0|2
18580,9,False,9,7,0,0|0|0|9|9|0|0|0|0|9
18585,7,True,6,10,6,6|6|6|6|6|6|6|6|6|6
18588,2,False,2,5,2,4|7|9|2|4|2|2|4|2|2
18596,6,False,6,2,6,6|8|6|6|6|6|6|6|6|8
18597,6,False,6,1,6,6|6|6|6|7|6|6|6|6|6
18599,6,True,0,9,0,0|1|6|0|0|0|0|0|0|0
18601,2,True,7,10,7,7|7|7|7|7|7|7|7|7|7
18607,8,False,8,0,8,8|8|8|8|8|8|8|8|8|8
18608,1,True,5,10,5,5|5|5|5|5|5|5|5|5|5
18612,2,False,2,0,2,2|2|2|2|2|2|2|2|2|2
18633,1,True,4,10,4,4|4|4|4|4|4|4|4|4|4
18636,6,True,7,10,3,3|3|7|7|3|3|3|3|7|7
18643,1,True,5,10,5,5|5|5|5|5|5|5|5|5|5
18651,3,False,3,2,3,3|7|3|3|3|3|3|7|3|3
18655,7,True,6,9,6,6|6|6|7|6|6|6|6|6|6
18658,1,True,4,10,4,4|4|4|4|4|4|4|4|4|4
18662,1,True,3,10,3,3|3|9|3|3|3|3|3|3|3
18665,6,False,6,8,3,3|3|3|6|3|6|3|3|7|3
18667,7,False,7,0,7,7|7|7|7|7|7|7|7|7|7
18670,5,True,1,8,1,1|1|1|1|9|1|5|1|1|5
18672,2,True,8,10,8,8|8|8|8|8|8|8|8|8|8
18694,0,False,0,1,0,0|0|0|0|0|0|0|0|0|6
18707,8,False,8,0,8,8|8|8|8|8|8|8|8|8|8
18717,2,False,2,0,2,2|2|2|2|2|2|2|2|2|2
18718,8,False,8,4,8,2|8|8|8|8|8|5|1|8|1
18730,4,False,4,1,4,4|4|4|4|4|4|3|4|4|4
18742,6,False,6,2,6,6|8|6|6|7|6|6|6|6|6
18751,7,False,7,0,7,7|7|7|7|7|7|7|7|7|7
18756,2,False,2,0,2,2|2|2|2|2|2|2|2|2|2
18758,5,False,5,7,3,3|3|3|5|5|5|3|9|3|3
18784,5,True,1,7,1,1|5|1|1|1|1|5|1|1|5
18785,5,True,9,10,9,9|9|9|9|9|9|9|9|9|9
18789,9,False,9,0,9,9|9|9|9|9|9|9|9|9|9
18792,9,False,9,10,8,8|8|8|8|0|8|8|8|0|8
18798,3,False,3,10,2,2|2|2|2|2|2|2|2|2|2
18811,4,False,4,0,4,4|4|4|4|4|4|4|4|4|4
18813,4,False,4,0,4,4|4|4|4|4|4|4|4|4|4
18820,8,True,6,10,2,2|4|2|6|2|6|2|6|2|6
18832,1,False,1,5,1,1|1|2|1|2|1|5|1|2|2
18844,1,False,1,5,1,2|1|1|1|2|1|5|1|2|2
18846,9,False,9,2,9,9|9|9|9|9|0|9|9|9|6
18849,6,True,0,10,0,0|0|0|0|0|0|0|0|0|0
18857,0,False,0,4,0,0|0|8|0|8|0|0|0|8|8
18865,3,False,3,6,2,3|5|3|3|3|2|2|2|2|2
18898,9,False,9,0,9,9|9|9|9|9|9|9|9|9|9
18902,1,False,1,3,1,5|5|1|1|1|1|5|1|1|1
18912,4,False,4,1,4,4|4|4|4|4|4|4|4|7|4
18934,2,True,5,10,8,8|8|8|8|8|8|8|8|8|8
18952,2,False,2,0,2,2|2|2|2|2|2|2|2|2|2
18957,9,False,9,0,9,9|9|9|9|9|9|9|9|9|9
18959,8,False,8,0,8,8|8|8|8|8|8|8|8|8|8
18974,7,True,6,10,6,6|6|6|6|6|6|6|6|6|6
18975,4,True,7,3,4,4|4|4|6|4|4|4|6|2|4
18978,6,False,6,1,6,6|8|6|6|6|6|6|6|6|6
18983,1,True,5,9,3,3|3|3|3|3|3|3|1|3|3
18990,6,False,6,0,6,6|6|6|6|6|6|6|6|6|6
18992,6,False,6,1,6,6|6|6|6|6|8|6|6|6|6
18995,2,False,2,0,2,2|2|2|2|2|2|2|2|2|2
19012,5,False,5,0,5,5|5|5|5|5|5|5|5|5|5
19031,1,False,1,3,1,1|1|1|1|1|1|5|9|9|1
19037,7,False,7,3,7,4|7|7|7|9|7|4|7|7|7
19039,0,True,2,10,2,2|2|2|2|2|2|2|2|2|2
19049,3,False,3,6,-1,3|3|3|3|6|6|6|6|7|5
19056,2,False,2,10,7,5|5|3|9|7|7|7|0|7|7
19070,2,False,2,10,0,0|0|0|0|0|0|0|0|0|0
19073,5,True,9,10,9,9|9|9|9|9|9|9|9|9|9
19085,7,False,7,10,3,3|5|3|5|5|3|3|3|3|5
19087,8,True,6,8,6,6|8|6|6|6|8|6|6|6|6
19098,4,False,4,0,4,4|4|4|4|4|4|4|4|4|4
19127,6,True,0,10,0,0|0|0|0|0|0|0|0|0|0
19129,1,True,8,10,8,8|8|8|8|8|8|8|8|8|8
19149,8,False,8,0,8,8|8|8|8|8|8|8|8|8|8
19150,5,False,5,3,5,5|5|3|5|3|5|5|5|3|5
19165,2,True,1,10,8,8|8|8|8|8|8|8|8|8|8
19203,5,True,9,10,9,9|9|9|9|9|9|9|9|9|9
19212,7,False,7,0,7,7|7|7|7|7|7|7|7|7|7
19227,8,False,8,0,8,8|8|8|8|8|8|8|8|8|8
19229,1,True,3,10,3,2|0|3|3|6|7|2|2|3|3
19230,6,False,6,1,6,6|6|6|6|6|6|6|6|6|7
19247,7,False,7,0,7,7|7|7|7|7|7|7|7|7|7
19249,1,True,3,9,3,3|3|3|3|5|1|3|8|3|3
19262,4,False,4,9,7,7|7|7|4|7|5|3|7|7|7
19266,9,False,9,0,9,9|9|9|9|9|9|9|9|9|9
19273,0,False,0,0,0,0|0|0|0|0|0|0|0|0|0
19281,7,True,6,8,6,6|8|6|7|6|6|6|6|6|7
19286,0,False,0,0,0,0|0|0|0|0|0|0|0|0|0
19289,9,False,9,0,9,9|9|9|9|9|9|9|9|9|9
19290,9,False,9,0,9,9|9|9|9|9|9|9|9|9|9
19310,1,False,1,7,-1,0|1|1|8|2|1|5|5|2|2
19311,9,False,9,0,9,9|9|9|9|9|9|9|9|9|9
19318,0,False,0,0,0,0|0|0|0|0|0|0|0|0|0
19319,2,True,5,9,3,5|3|2|5|3|3|3|5|3|3
19337,2,False,2,1,2,2|2|2|4|2|2|2|2|2|2
19344,1,True,3,10,3,3|3|3|3|3|3|3|3|3|3
19348,7,False,7,0,7,7|7|7|7|7|7|7|7|7|7
19357,8,False,8,0,8,8|8|8|8|8|8|8|8|8|8
19360,4,False,4,1,4,4|4|4|4|4|4|4|4|7|4
19386,0,False,0,0,0,0|0|0|0|0|0|0|0|0|0
19396,7,False,7,0,7,7|7|7|7|7|7|7|7|7|7
19401,1,True,5,10,3,3|5|3|3|3|3|3|3|3|3
19416,1,True,8,10,8,8|8|8|8|8|8|8|8|8|8
19420,6,False,6,1,6,6|8|6|6|6|6|6|6|6|6
19424,9,False,9,8,3,3|3|3|3|3|9|3|9|3|3
19434,5,False,5,6,6,6|6|6|5|5|6|5|6|6|5
19447,1,True,3,10,3,3|3|3|5|3|3|3|3|3|3
19465,1,True,3,9,3,2|3|3|2|3|1|3|3|3|2
19468,3,False,3,1,3,3|3|3|3|3|1|3|3|3|3
19480,0,False,0,0,0,0|0|0|0|0|0|0|0|0|0
19481,1,False,1,5,-1,2|1|2|1|1|1|2|1|2|2
19492,6,True,0,10,0,0|0|0|0|0|0|0|0|0|0
19499,2,True,1,10,5,5|5|1|5|1|1|5|1|9|5
19518,1,True,3,10,-1,5|5|9|3|3|5|3|3|7|5
19545,8,True,6,10,6,6|6|6|6|6|6|6|6|6|6
19546,2,True,1,9,1,5|1|2|1|1|1|5|1|1|1
19566,3,False,3,0,3,3|3|3|3|3|3|3|3|3|3
19576,0,True,2,10,2,2|2|2|2|2|2|2|2|2|2
19601,5,True,9,10,9,9|9|9|9|9|9|9|9|9|9
19614,4,False,4,0,4,4|4|4|4|4|4|4|4|4|4
19617,3,False,3,2,3,3|3|3|3|3|6|3|3|6|3
19618,1,True,8,10,8,8|8|8|8|8|8|8|8|8|8
19650,4,False,4,0,4,4|4|4|4|4|4|4|4|4|4
19664,6,True,0,10,0,0|0|0|8|0|0|0|0|0|0
19667,1,False,1,6,1,1|1|2|1|2|5|5|1|2|5
19684,4,False,4,0,4,4|4|4|4|4|4|4|4|4|4
19705,6,False,6,0,6,6|6|6|6|6|6|6|6|6|6
19707,9,True,6,10,6,6|6|6|6|6|6|6|6|6|6
19726,3,False,3,0,3,3|3|3|3|3|3|3|3|3|3
19734,2,False,2,2,2,2|5|2|2|2|3|2|2|2|2
19748,8,False,8,0,8,8|8|8|8|8|8|8|8|8|8
19774,4,False,4,0,4,4|4|4|4|4|4|4|4|4|4
19782,3,False,3,0,3,3|3|3|3|3|3|3|3|3|3
19783,5,True,1,3,5,5|5|9|5|2|5|5|5|9|5
19812,6,True,0,10,0,0|0|0|0|0|0|0|0|0|0
19832,9,True,7,9,7,7|7|7|7|9|7|7|7|7|7
19837,1,True,3,10,3,3|3|3|3|3|3|3|3|3|5
19840,9,False,9,1,9,5|9|9|9|9|9|9|9|9|9
19861,5,False,5,9,3,3|3|3|3|3|3|3|3|3|5
19863,5,False,5,3,5,4|5|5|5|3|5|5|5|3|5
19870,8,True,6,10,6,6|6|6|6|6|6|6|6|6|6
19871,3,False,3,10,8,0|8|6|8|8|8|8|8|8|8
19872,1,True,3,10,3,3|3|3|3|3|3|3|3|3|3
19882,1,True,4,10,3,3|3|3|3|2|3|3|3|7|3
19884,0,False,0,0,0,0|0|0|0|0|0|0|0|0|0
19892,1,True,5,10,5,5|5|5|5|5|5|5|5|5|5
19895,3,False,3,7,3,1|5|2|7|3|3|2|0|4|3
19903,1,True,4,10,4,4|4|4|4|4|8|4|4|4|4
19908,5,False,5,8,3,5|3|3|3|3|3|3|3|3|5
19922,3,False,3,0,3,3|3|3|3|3|3|3|3|3|3
19938,2,True,5,10,5,5|5|5|5|5|5|5|5|5|5
19946,5,True,1,2,5,5|5|9|5|1|5|5|5|5|5
19947,1,False,1,6,2,2|1|2|1|2|1|2|1|2|2
19965,5,False,5,0,5,5|5|5|5|5|5|5|5|5|5
19969,0,True,2,0,0,0|0|0|0|0|0|0|0|0|0
19977,2,False,2,0,2,2|2|2|2|2|2|2|2|2|2
19986,2,True,7,10,7,7|7|7|7|7|7|7|7|7|7
19992,5,True,9,10,9,9|9|9|9|9|9|9|9|9|9
20002,6,True,0,9,4,4|4|4|7|4|4|4|4|4|6
20008,8,True,6,8,6,6|8|6|6|6|6|8|6|6|6
20014,6,True,0,10,0,0|0|0|0|0|0|0|0|0|0
20029,2,False,2,0,2,2|2|2|2|2|2|2|2|2|2
20033,1,True,3,10,3,3|3|3|3|3|3|3|3|3|3
20037,1,True,5,9,3,3|5|3|3|2|5|5|1|3|3
20039,0,False,0,0,0,0|0|0|0|0|0|0|0|0|0
20040,1,True,8,10,8,8|8|8|8|8|8|8|8|8|8
20044,4,False,4,0,4,4|4|4|4|4|4|4|4|4|4
20047,1,False,1,9,5,5|5|9|5|2|1|5|5|9|5
20059,2,True,5,10,5,5|5|5|5|5|3|5|5|5|5
20063,7,False,7,5,7,7|3|3|7|7|3|4|7|7|3
20079,1,False,1,5,-1,1|5|1|1|5|5|5|1|1|5
20086,0,False,0,0,0,0|0|0|0|0|0|0|0|0|0
20095,9,False,9,0,9,9|9|9|9|9|9|9|9|9|9
20105,0,False,0,0,0,0|0|0|0|0|0|0|0|0|0
20108,4,False,4,0,4,4|4|4|4|4|4|4|4|4|4
20123,1,True,4,10,4,4|7|4|4|4|4|4|4|4|4
20139,3,False,3,7,4,4|4|4|3|3|4|3|4|4|4
20143,1,True,3,10,3,3|3|3|3|3|3|3|3|3|3
20147,4,False,4,2,4,4|4|2|4|4|4|4|4|4|2
20156,5,False,5,3,5,5|5|3|5|5|5|5|3|3|5
20173,4,False,4,1,4,4|4|4|4|4|2|4|4|4|4
20174,1,True,3,10,-1,4|3|3|3|6|6|6|7|9|9
20206,1,True,4,10,4,4|4|4|4|4|4|4|4|4|4
20209,8,False,8,0,8,8|8|8|8|8|8|8|8|8|8
20224,5,True,9,10,9,9|9|9|9|9|9|9|9|9|9
20225,6,False,6,1,6,6|6|6|6|7|6|6|6|6|6
20226,2,False,2,8,5,5|3|2|5|3|5|5|2|4|5
20234,3,False,3,0,3,3|3|3|3|3|3|3|3|3|3
20245,1,False,1,8,5,5|5|9|1|5|5|5|5|1|5
20273,1,False,1,7,5,1|5|1|5|1|5|5|5|5|5
20275,6,True,0,10,0,0|0|0|0|0|0|0|0|0|0
20278,7,True,6,10,6,6|6|6|6|6|6|6|6|6|6
20280,1,True,4,10,4,4|4|4|4|4|4|4|4|4|4
20282,4,False,4,0,4,4|4|4|4|4|4|4|4|4|4
20289,1,True,3,10,3,3|3|3|3|5|6|3|3|3|5
20308,2,False,2,0,2,2|2|2|2|2|2|2|2|2|2
20317,4,True,2,10,2,2|9|6|2|2|2|2|2|2|2
20341,4,False,4,5,-1,4|4|2|4|4|2|2|2|4|2
20345,3,False,3,1,3,3|3|3|3|3|3|2|3|3|3
20354,9,False,9,1,9,9|9|9|9|9|9|9|9|9|5
20371,3,False,3,4,3,5|3|3|5|3|4|3|3|5|3
20390,3,False,3,0,3,3|3|3|3|3|3|3|3|3|3
20409,4,False,4,0,4,4|4|4|4|4|4|4|4|4|4
20420,9,False,9,4,9,5|9|9|5|9|5|9|1|9|9
20436,7,False,7,0,7,7|7|7|7|7|7|7|7|7|7
20441,5,True,9,9,9,5|9|9|9|9|9|9|9|9|9
20445,1,True,5,10,5,5|5|2|5|5|5|5|5|5|5
20446,4,False,4,1,4,4|4|4|4|4|4|4|4|4|3
20454,0,False,0,0,0,0|0|0|0|0|0|0|0|0|0
20470,4,False,4,3,4,4|3|4|4|4|4|3|3|4|4
20481,9,False,9,0,9,9|9|9|9|9|9|9|9|9|9
20487,6,False,6,2,6,6|8|4|6|6|6|6|6|6|6
20488,1,True,3,10,3,3|3|3|3|3|3|3|3|3|3
20490,2,False,2,0,2,2|2|2|2|2|2|2|2|2|2
20491,1,True,8,10,8,6|8|8|8|8|8|8|8|8|8
20505,3,False,3,9,2,4|2|2|2|4|2|2|4|4|3
20512,5,False,5,5,5,2|3|3|5|3|5|5|5|5|3
20516,9,False,9,5,9,1|9|1|9|9|5|5|9|9|5
20520,3,False,3,3,3,5|3|3|3|3|3|3|3|7|5
20524,3,False,3,1,3,3|3|3|3|6|3|3|3|3|3
20544,7,False,7,1,7,7|7|7|7|7|7|7|7|4|7
20547,2,False,2,0,2,2|2|2|2|2|2|2|2|2|2
20550,3,True,7,1,3,3|3|3|3|3|9|3|3|3|3
20551,9,True,2,10,2,2|2|2|2|2|2|2|2|2|2
20553,4,False,4,0,4,4|4|4|4|4|4|4|4|4|4
20582,6,False,6,1,6,6|8|6|6|6|6|6|6|6|6
20593,3,False,3,0,3,3|3|3|3|3|3|3|3|3|3
20598,8,False,8,0,8,8|8|8|8|8|8|8|8|8|8
20631,3,False,3,0,3,3|3|3|3|3|3|3|3|3|3
20643,1,False,1,7,0,0|8|1|8|2|1|0|0|0|1
20658,0,False,0,0,0,0|0|0|0|0|0|0|0|0|0
20666,6,False,6,0,6,6|6|6|6|6|6|6|6|6|6
20679,5,True,9,10,9,9|9|9|9|9|9|9|9|9|9
20694,0,False,0,0,0,0|0|0|0|0|0|0|0|0|0
20698,4,False,4,0,4,4|4|4|4|4|4|4|4|4|4
20703,5,True,2,9,2,2|5|2|2|2|2|2|2|2|2
20713,5,True,9,10,9,9|9|9|9|9|9|9|9|9|9
20717,6,False,6,0,6,6|6|6|6|6|6|6|6|6|6
20764,1,False,1,3,1,1|5|1|1|2|1|5|1|1|1
20767,6,False,6,1,6,6|6|6|6|6|6|6|6|6|7
20808,3,True,7,9,7,4|7|9|7|7|3|7|7|7|7
20814,6,False,6,0,6,6|6|6|6|6|6|6|6|6|6
20818,6,True,2,10,2,2|2|2|2|2|2|2|2|2|2
20826,4,False,4,0,4,4|4|4|4|4|4|4|4|4|4
20830,6,False,6,1,6,6|8|6|6|6|6|6|6|6|6
20834,0,False,0,0,0,0|0|0|0|0|0|0|0|0|0
20843,2,True,1,9,1,1|1|2|1|1|1|5|1|1|1
20853,7,True,6,10,3,6|3|3|3|6|6|3|3|6|3
20862,0,False,0,0,0,0|0|0|0|0|0|0|0|0|0
20863,8,False,8,0,8,8|8|8|8|8|8|8|8|8|8
20885,6,False,6,3,6,6|6|7|6|7|6|6|6|6|7
20903,9,True,7,10,4,4|4|7|4|4|7|0|6|4|4
20920,1,True,3,10,4,3|4|3|4|6|4|3|7|4|5
20931,5,True,1,8,1,2|1|1|1|1|1|5|1|2|5
20935,8,True,6,7,6,6|8|6|6|8|6|6|6|6|8
20954,1,True,8,10,8,8|8|8|8|8|8|8|8|8|8
20963,1,True,3,10,3,3|3|3|3|3|3|3|3|3|3
20964,4,False,4,3,4,4|4|7|4|4|4|4|7|7|4
20971,7,False,7,0,7,7|7|7|7|7|7|7|7|7|7
20985,6,True,0,10,0,0|0|0|0|0|0|0|0|0|0
20991,5,False,5,6,3,3|3|5|5|3|3|3|3|5|5
21017,3,False,3,1,3,3|3|3|3|3|3|3|1|3|3
21019,7,True,6,9,6,6|6|6|7|6|6|6|6|6|6
21020,1,False,1,3,1,1|5|1|1|1|1|5|1|2|1
21047,7,True,6,8,6,6|6|6|7|7|6|6|6|6|6
21050,8,False,8,1,8,8|8|8|8|8|8|8|8|8|0
21063,2,False,2,5,2,0|2|0|2|2|6|0|0|2|2
21070,3,False,3,0,3,3|3|3|3|3|3|3|3|3|3
21079,7,True,6,9,6,6|6|6|7|6|6|2|6|6|6
21102,4,True,2,10,2,2|9|2|9|2|2|2|2|2|2
21147,1,True,3,10,3,3|3|3|3|3|3|3|3|3|3
21149,1,False,1,6,-1,2|5|2|1|2|2|5|1|1|1
21167,2,False,2,0,2,2|2|2|2|2|2|2|2|2|2
21176,1,True,4,10,4,4|4|4|4|4|4|4|4|4|4
21196,5,True,1,7,1,1|5|1|1|1|1|1|5|9|5
21202,8,False,8,3,8,8|8|8|8|0|8|9|8|0|8
21214,2,True,5,9,-1,3|3|6|7|2|5|7|5|7|5
21216,8,True,6,10,6,6|6|6|6|6|6|6|6|6|6
21231,0,False,0,1,0,0|0|0|0|0|0|0|0|0|2
21234,2,True,1,7,1,1|1|1|1|2|1|5|1|2|2
21245,5,True,1,5,-1,1|5|1|1|1|5|5|1|5|5
21249,0,True,8,7,8,8|8|8|8|0|8|8|8|0|0
21253,8,False,8,0,8,8|8|8|8|8|8|8|8|8|8
21261,5,False,5,9,2,2|2|6|2|2|5|2|2|2|2
21269,7,False,7,0,7,7|7|7|7|7|7|7|7|7|7
21277,3,False,3,9,5,2|4|4|5|2|3|5|5|5|2
21293,1,False,1,1,1,1|1|1|1|1|1|5|1|1|1
21296,8,False,8,0,8,8|8|8|8|8|8|8|8|8|8
21310,0,False,0,0,0,0|0|0|0|0|0|0|0|0|0
21312,8,False,8,0,8,8|8|8|8|8|8|8|8|8|8
21323,4,False,4,0,4,4|4|4|4|4|4|4|4|4|4
21334,9,False,9,9,3,3|3|3|5|3|3|3|9|3|3
21337,8,False,8,1,8,8|0|8|8|8|8|8|8|8|8
21338,0,False,0,2,0,0|0|0|0|8|8|0|0|0|0
21368,3,False,3,2,3,3|8|3|3|3|3|6|3|3|3
21369,1,False,1,3,1,1|5|1|1|1|1|5|1|1|5
21396,7,False,7,10,3,3|3|3|3|3|3|3|3|3|3
21425,4,False,4,0,4,4|4|4|4|4|4|4|4|4|4
21426,2,False,2,5,2,2|7|9|2|4|2|2|7|7|2
21437,5,True,1,7,1,1|5|1|1|1|1|5|1|1|5
21457,1,True,8,10,8,8|8|8|8|8|8|8|8|8|8
21461,5,True,9,9,9,9|5|9|9|9|9|9|9|9|9
21475,6,False,6,1,6,6|6|6|6|6|6|6|6|7|6
21496,9,False,9,2,9,9|5|9|9|9|5|9|9|9|9
21523,5,True,9,10,9,9|9|9|9|9|9|9|9|9|9
21534,5,False,5,9,3,5|9|3|1|2|3|3|3|2|3
21549,3,False,3,5,3,2|0|3|3|1|6|3|2|3|3
21552,1,True,3,10,3,3|3|3|3|3|3|3|3|3|3
21564,0,False,0,1,0,0|0|0|0|6|0|0|0|0|0
21568,8,False,8,0,8,8|8|8|8|8|8|8|8|8|8
21569,2,True,5,10,5,5|5|5|5|5|5|5|5|5|5
21575,5,True,9,10,9,9|9|9|9|9|9|9|9|9|9
21577,2,False,2,0,2,2|2|2|2|2|2|2|2|2|2
21583,9,False,9,0,9,9|9|9|9|9|9|9|9|9|9
21604,2,True,1,10,1,5|5|1|1|1|1|5|1|1|5
21615,1,False,1,8,2,2|1|2|2|2|1|2|2|2|2
21625,1,True,3,10,3,7|3|3|3|3|2|3|3|3|3
21636,8,True,6,9,6,6|8|6|6|6|6|6|6|6|6
21650,2,False,2,5,2,4|2|2|4|2|3|2|4|4|2
21666,1,True,4,10,4,4|4|4|4|4|4|4|4|4|4
21676,1,True,4,10,6,6|6|4|6|6|6|6|6|7|6
21679,8,False,8,0,8,8|8|8|8|8|8|8|8|8|8
21684,4,False,4,3,4,4|4|4|4|5|5|4|4|7|4
21686,1,True,3,10,2,2|4|2|4|7|2|2|7|2|2
21697,3,False,3,10,2,2|2|2|2|2|2|2|2|2|2
21698,6,False,6,1,6,6|8|6|6|6|6|6|6|6|6
21729,9,False,9,1,9,9|9|9|9|9|5|9|9|9|9
21730,8,True,6,10,6,6|7|6|7|7|6|6|6|7|9
21735,7,False,7,0,7,7|7|7|7|7|7|7|7|7|7
21741,1,True,8,10,8,6|8|8|8|8|8|8|8|8|8
21753,1,True,4,10,-1,7|4|7|7|7|4|4|4|7|4
21756,6,False,6,7,2,2|8|2|6|4|6|2|1|2|6
21763,6,False,6,4,6,2|0|6|6|6|6|6|6|0|7
21778,2,False,2,1,2,2|9|2|2|2|2|2|2|2|2
21799,9,False,9,3,9,5|8|8|9|9|9|9|9|9|9
21805,9,True,2,9,2,2|9|4|2|2|2|2|2|2|2
21816,3,True,7,10,7,7|7|7|7|7|7|7|7|7|7
21831,6,False,6,2,6,6|6|6|6|6|6|6|6|4|8
21837,9,False,9,0,9,9|9|9|9|9|9|9|9|9|9
21840,8,False,8,0,8,8|8|8|8|8|8|8|8|8|8
21842,1,True,8,10,8,8|8|8|8|8|8|8|8|8|8
21844,0,True,8,10,8,8|8|8|8|8|8|8|8|8|8
21851,1,True,3,10,3,3|3|3|2|3|2|3|3|2|2
21871,1,False,1,3,1,1|5|1|1|1|5|1|1|1|5
21881,6,True,0,10,0,0|0|0|0|0|0|0|0|0|0
21882,1,True,3,10,5,5|5|2|5|3|5|5|5|5|5
21891,7,False,7,0,7,7|7|7|7|7|7|7|7|7|7
21894,9,False,9,7,5,5|5|9|5|6|5|9|5|9|5
21901,8,False,8,0,8,8|8|8|8|8|8|8|8|8|8
21904,2,True,7,10,7,7|7|7|7|7|7|7|7|7|7
21905,8,False,8,0,8,8|8|8|8|8|8|8|8|8|8
21918,7,False,7,0,7,7|7|7|7|7|7|7|7|7|7
21934,7,True,6,10,6,6|8|6|6|6|8|6|6|6|6
21959,1,False,1,3,1,1|1|1|1|2|1|5|1|2|1
21968,9,False,9,1,9,9|9|9|9|9|9|9|9|9|5
21976,5,True,1,7,1,1|1|1|1|5|1|5|1|1|5
21981,9,True,2,10,2,2|4|2|2|2|2|2|4|4|2
21984,5,True,1,3,5,5|5|9|5|2|5|5|5|9|5
21994,7,False,7,1,7,7|7|7|7|7|7|7|7|7|9
22014,2,False,2,0,2,2|2|2|2|2|2|2|2|2|2
22042,1,True,3,10,3,3|3|3|3|3|3|3|3|3|3
22057,4,False,4,4,4,5|4|3|4|1|4|4|4|4|2
22062,0,False,0,0,0,0|0|0|0|0|0|0|0|0|0
22076,3,True,7,9,7,7|7|7|7|7|7|3|7|7|7
22088,1,False,1,4,1,5|5|1|1|1|1|1|5|1|5
22091,5,True,9,8,9,9|9|9|5|9|5|9|9|9|9
22100,6,False,6,2,6,6|6|8|6|6|6|6|6|6|8
22104,4,True,2,10,2,2|2|2|2|2|2|2|2|2|2
22109,0,False,0,1,0,0|0|0|0|0|0|0|8|0|0
22111,2,True,1,6,-1,1|1|2|2|2|1|5|1|2|5
22113,8,True,6,10,6,6|6|6|6|6|6|6|6|6|7
22116,7,False,7,0,7,7|7|7|7|7|7|7|7|7|7
22117,5,True,9,4,5,5|5|1|5|9|5|5|9|9|5
22126,3,True,7,10,7,7|7|7|7|7|7|7|7|7|7
22145,1,False,1,5,-1,5|5|1|5|1|5|1|1|1|5
22153,4,False,4,0,4,4|4|4|4|4|4|4|4|4|4
22169,2,True,7,10,4,4|4|4|6|4|4|4|4|4|4
22174,2,True,5,10,3,3|3|3|3|3|3|3|3|3|5
22175,1,False,1,4,1,5|5|1|1|1|1|5|1|1|5
22177,8,False,8,9,9,9|9|9|8|6|9|9|9|9|9
22190,0,False,0,0,0,0|0|0|0|0|0|0|0|0|0
22196,5,True,9,9,9,9|9|9|5|9|9|9|9|9|9
22197,5,True,9,10,9,9|9|9|9|9|9|9|9|9|9
22212,1,False,1,7,2,2|1|2|1|2|2|5|1|2|2
22217,2,True,1,6,2,2|5|2|1|2|2|5|1|1|5
22221,2,True,1,10,1,1|5|1|1|1|1|5|1|1|5
22224,2,True,5,9,3,3|3|3|3|2|3|3|3|3|5
22225,1,True,5,10,5,5|5|3|5|3|5|2|3|5|3
22240,9,False,9,0,9,9|9|9|9|9|9|9|9|9|9
22241,4,False,4,2,4,4|7|4|4|4|6|4|4|4|4
22243,1,True,4,10,4,4|4|4|4|4|4|4|4|4|4
22261,2,True,1,4,2,2|1|2|1|2|1|2|1|2|2
22265,1,False,1,3,1,1|1|1|1|2|1|5|1|2|1
22276,0,False,0,0,0,0|0|0|0|0|0|0|0|0|0
22279,4,True,2,9,2,2|4|2|2|2|2|2|2|2|2
22301,5,False,5,0,5,5|5|5|5|5|5|5|5|5|5
22304,6,True,0,10,0,0|0|0|0|0|0|0|0|0|0
22310,2,False,2,1,2,2|4|2|2|2|2|2|2|2|2
22317,0,False,0,0,0,0|0|0|0|0|0|0|0|0|0
22334,1,False,1,3,1,1|5|1|1|1|1|5|1|1|5
22335,5,True,1,9,1,1|1|1|1|1|1|1|1|1|5
22351,6,False,6,0,6,6|6|6|6|6|6|6|6|6|6
22354,6,False,6,0,6,6|6|6|6|6|6|6|6|6|6
22355,5,False,5,0,5,5|5|5|5|5|5|5|5|5|5
22361,4,False,4,0,4,4|4|4|4|4|4|4|4|4|4
22378,4,False,4,6,-1,4|4|3|3|3|5|3|4|4|5
22384,7,True,6,10,6,6|6|9|6|6|9|9|6|6|5
22441,9,True,2,10,2,2|5|2|2|2|2|2|2|2|2
22460,3,False,3,3,3,3|5|1|3|3|3|3|5|3|3
22466,9,False,9,4,9,5|9|9|9|6|5|9|9|9|5
22476,6,False,6,1,6,6|8|6|6|6|6|6|6|6|6
22483,5,False,5,5,5,5|4|4|5|1|5|4|5|4|5
22494,9,False,9,7,5,5|5|9|5|9|5|5|5|9|5
22497,5,True,9,10,9,9|9|9|9|9|9|9|9|9|9
22506,0,False,0,1,0,0|0|0|0|6|0|0|0|0|0
22517,1,True,3,10,3,2|3|3|3|4|2|3|3|3|3
22565,3,False,3,0,3,3|3|3|3|3|3|3|3|3|3
22567,7,True,6,9,6,6|6|6|6|7|6|6|6|6|6
22573,9,False,9,7,5,5|5|1|5|9|5|9|9|1|5
22578,8,False,8,0,8,8|8|8|8|8|8|8|8|8|8
22586,1,False,1,4,1,1|1|1|5|1|1|5|1|2|5
22594,2,False,2,1,2,2|4|2|2|2|2|2|2|2|2
22599,7,False,7,0,7,7|7|7|7|7|7|7|7|7|7
22602,2,False,2,1,2,2|2|2|2|2|2|2|4|2|2
22605,9,False,9,1,9,9|9|9|9|6|9|9|9|9|9
22612,4,True,7,10,7,7|7|7|7|7|7|7|7|7|7
22613,5,False,5,5,5,5|5|3|5|3|1|5|3|3|5
22615,7,False,7,0,7,7|7|7|7|7|7|7|7|7|7
22627,2,True,1,10,9,8|9|9|1|9|8|8|8|9|9
22634,5,True,3,10,3,3|3|3|3|3|3|3|3|3|3
22655,2,True,7,10,7,7|7|7|7|7|7|7|7|7|7
22658,1,False,1,9,5,5|5|9|5|1|5|5|5|9|5
22681,5,False,5,9,7,7|7|7|7|3|7|7|7|7|5
22690,0,False,0,0,0,0|0|0|0|0|0|0|0|0|0
22695,3,False,3,0,3,3|3|3|3|3|3|3|3|3|3
22699,6,True,0,10,0,0|0|0|0|0|0|0|0|0|0
22714,8,False,8,10,9,9|9|9|1|9|9|9|9|9|9
22745,1,False,1,5,1,2|1|1|1|2|1|5|2|2|1
22746,6,False,6,1,6,6|8|6|6|6|6|6|6|6|6
22767,7,True,6,10,6,6|6|6|6|6|6|6|6|6|6
22799,6,True,0,10,0,0|0|0|0|0|0|0|0|0|0
22805,9,False,9,0,9,9|9|9|9|9|9|9|9|9|9
22809,3,False,3,0,3,3|3|3|3|3|3|3|3|3|3
22813,8,False,8,4,8,8|8|6|8|6|6|8|6|8|8
22818,1,False,1,6,5,5|5|1|5|1|1|5|1|5|5
22832,1,True,3,10,6,6|8|2|7|6|6|6|6|6|2
22851,3,False,3,1,3,3|3|3|3|3|3|3|3|2|3
22855,5,True,3,10,6,6|8|3|6|6|6|6|7|6|3
22862,8,False,8,0,8,8|8|8|8|8|8|8|8|8|8
22867,5,True,1,2,5,5|5|9|5|5|5|5|5|9|5
22881,0,False,0,0,0,0|0|0|0|0|0|0|0|0|0
22898,5,True,9,10,9,9|9|9|9|9|9|9|9|9|9
22907,0,False,0,0,0,0|0|0|0|0|0|0|0|0|0
22908,5,False,5,10,4,4|4|7|7|4|4|4|7|7|3
22937,5,False,5,8,3,3|3|3|5|3|3|3|3|3|5
22961,1,True,5,10,5,5|5|5|5|5|5|5|5|5|5
22978,5,False,5,0,5,5|5|5|5|5|5|5|5|5|5
22979,1,True,3,10,3,3|3|3|3|3|3|3|3|3|3
22984,1,False,1,5,1,1|1|2|1|2|2|5|1|2|1
22997,0,False,0,0,0,0|0|0|0|0|0|0|0|0|0
23000,7,False,7,1,7,7|7|7|7|7|7|7|3|7|7
23004,0,False,0,0,0,0|0|0|0|0|0|0|0|0|0
23005,7,True,6,7,6,6|6|6|7|7|6|6|6|6|7
23008,6,False,6,2,6,6|8|6|6|7|6|6|6|6|6
23012,1,False,1,5,1,1|9|9|1|1|1|5|1|2|5
23031,1,True,8,10,8,8|8|8|8|8|8|8|8|8|8
23032,1,False,1,4,1,1|5|1|1|1|5|5|1|1|5
23033,1,True,3,10,3,3|3|3|3|3|3|3|3|5|5
23034,3,True,7,8,7,7|7|7|7|7|3|3|7|7|7
23076,4,False,4,0,4,4|4|4|4|4|4|4|4|4|4
23079,6,True,0,10,0,0|0|0|0|0|0|0|0|0|0
23096,6,True,0,10,0,0|0|8|0|0|0|8|0|0|0
23097,8,True,6,9,6,6|8|6|5|6|6|6|6|6|6
23113,0,False,0,0,0,0|0|0|0|0|0|0|0|0|0
23121,5,False,5,2,5,5|5|5|5|5|5|5|9|7|5
23123,2,False,2,7,4,2|4|3|4|2|2|4|7|4|7
23125,8,False,8,0,8,8|8|8|8|8|8|8|8|8|8
23143,6,False,6,0,6,6|6|6|6|6|6|6|6|6|6
23161,4,False,4,1,4,4|4|4|4|3|4|4|4|4|4
23177,1,True,8,10,8,8|8|8|8|8|8|8|8|8|8
23186,7,False,7,1,7,7|7|7|7|7|7|7|9|7|7
23187,1,True,4,10,4,4|4|4|4|3|4|4|4|4|4
23198,1,False,1,2,1,1|1|2|1|1|1|5|1|1|1
23207,5,False,5,10,3,3|3|2|3|3|3|3|3|3|3
23232,1,False,1,3,1,2|1|1|1|1|1|5|1|2|1
23239,3,False,3,2,3,3|3|9|5|3|3|3|3|3|3
23254,0,False,0,0,0,0|0|0|0|0|0|0|0|0|0
23273,5,False,5,0,5,5|5|5|5|5|5|5|5|5|5
23277,2,True,1,10,1,1|1|1|1|1|1|5|1|1|1
23286,3,False,3,1,3,5|3|3|3|3|3|3|3|3|3
23304,9,True,7,10,7,7|7|7|7|7|7|7|7|7|7
23313,1,False,1,1,1,1|1|1|1|1|1|5|1|1|1
23317,1,False,1,8,5,5|5|9|5|1|5|5|1|9|5
23337,4,False,4,0,4,4|4|4|4|4|4|4|4|4|4
23357,2,True,1,9,1,1|1|2|1|1|1|5|1|9|1
23360,5,False,5,0,5,5|5|5|5|5|5|5|5|5|5
23391,1,False,1,1,1,1|1|1|1|1|1|5|1|1|1
23399,8,False,8,0,8,8|8|8|8|8|8|8|8|8|8
23416,2,False,2,0,2,2|2|2|2|2|2|2|2|2|2
23449,0,False,0,0,0,0|0|0|0|0|0|0|0|0|0
23451,6,False,6,0,6,6|6|6|6|6|6|6|6|6|6
23468,4,False,4,0,4,4|4|4|4|4|4|4|4|4|4
23469,6,False,6,3,6,6|8|6|6|8|6|6|8|6|6
23474,4,False,4,0,4,4|4|4|4|4|4|4|4|4|4
23475,3,False,3,0,3,3|3|3|3|3|3|3|3|3|3
23479,6,False,6,1,6,6|8|6|6|6|6|6|6|6|6
23483,1,True,3,10,3,3|0|3|0|3|3|6|3|3|3
23504,5,True,1,6,-1,1|1|5|5|2|1|5|9|1|5
23526,3,False,3,10,0,0|7|0|0|0|0|0|0|0|0
23544,1,True,5,10,5,3|3|4|5|5|5|3|7|7|5
23559,2,False,2,0,2,2|2|2|2|2|2|2|2|2|2
23570,6,False,6,9,4,4|4|2|4|4|4|6|2|4|2
23572,1,True,8,10,8,8|8|8|8|8|8|8|8|8|8
23576,3,True,7,10,7,4|7|7|7|7|7|7|7|7|7
23606,7,True,6,10,6,6|8|6|6|6|8|6|6|6|6
23611,1,True,4,10,4,2|4|4|2|2|4|2|4|4|4
23620,7,False,7,5,7,7|4|9|7|4|7|3|7|4|7
23629,0,False,0,0,0,0|0|0|0|0|0|0|0|0|0
23661,1,True,5,10,5,5|5|6|3|5|5|5|5|7|2
23670,9,True,2,10,2,2|2|2|2|2|2|2|2|2|2
23680,6,False,6,0,6,6|6|6|6|6|6|6|6|6|6
23688,3,False,3,0,3,3|3|3|3|3|3|3|3|3|3
23692,2,False,2,0,2,2|2|2|2|2|2|2|2|2|2
23705,9,True,2,9,2,2|2|2|9|2|2|2|2|2|2
23706,8,True,6,10,6,6|6|6|6|6|6|6|6|6|6
23725,8,False,8,0,8,8|8|8|8|8|8|8|8|8|8
23729,1,True,4,10,2,4|4|2|2|2|2|2|2|2|2
23735,1,True,3,10,3,3|3|3|3|3|3|3|3|3|3
23738,6,True,0,10,0,0|0|0|0|0|0|0|0|0|0
23751,5,True,9,10,9,9|9|9|9|9|9|9|9|9|9
23763,3,False,3,7,4,4|4|4|3|4|4|3|7|4|3
23771,8,True,6,8,6,6|8|6|6|6|6|6|6|8|6
23776,0,False,0,0,0,0|0|0|0|0|0|0|0|0|0
23779,4,False,4,0,4,4|4|4|4|4|4|4|4|4|4
23831,5,False,5,1,5,5|3|5|5|5|5|5|5|5|5
23836,6,True,0,10,0,0|0|0|0|0|0|0|0|0|0
23847,6,True,0,10,0,0|0|0|0|8|0|0|0|0|0
23850,5,True,1,7,1,1|5|2|1|2|1|5|1|2|5
23883,8,False,8,0,8,8|8|8|8|8|8|8|8|8|8
23891,6,True,0,10,0,0|0|0|0|0|0|0|0|0|0
23892,3,True,7,10,7,7|7|7|7|7|7|7|7|7|7
23899,6,True,0,10,0,0|0|0|0|0|0|0|0|0|0
23904,9,False,9,6,5,5|5|9|5|9|5|5|9|9|5
23905,2,False,2,1,2,2|5|2|2|2|2|2|2|2|2
23921,2,True,1,4,2,2|1|2|1|2|1|2|2|2|1
23943,4,False,4,0,4,4|4|4|4|4|4|4|4|4|4
23944,2,False,2,0,2,2|2|2|2|2|2|2|2|2|2
23970,9,True,7,9,7,7|7|7|7|7|7|9|7|7|7
23973,8,False,8,1,8,8|8|8|8|8|0|8|8|8|8
23987,8,True,6,9,6,4|8|6|6|6|6|6|6|6|6
24020,0,False,0,0,0,0|0|0|0|0|0|0|0|0|0
24027,5,True,9,7,9,9|5|9|5|9|9|5|9|9|9
24033,9,True,2,10,3,3|3|3|3|2|4|2|4|7|2
24036,1,True,3,10,3,3|3|3|3|3|3|3|3|3|3
24050,7,False,7,4,7,4|4|4|7|7|4|7|7|7|7
24051,9,True,0,10,0,0|0|0|0|0|0|0|0|0|0
24065,1,True,3,9,3,3|5|3|3|3|5|5|1|3|5
24069,5,True,2,10,2,2|4|2|2|2|2|2|2|2|2
24070,9,False,9,0,9,9|9|9|9|9|9|9|9|9|9
24074,9,True,2,10,4,4|1|8|4|4|4|8|4|4|2
24091,3,True,7,9,7,4|4|4|7|3|4|7|7|7|7
24094,0,False,0,0,0,0|0|0|0|0|0|0|0|0|0
24095,8,False,8,0,8,8|8|8|8|8|8|8|8|8|8
24121,1,False,1,7,2,2|1|2|1|2|1|5|2|9|5
24125,9,False,9,1,9,5|9|9|9|9|9|9|9|9|9
24146,1,False,1,3,1,1|5|1|1|1|1|5|1|1|5
24157,5,True,1,8,1,1|5|1|1|1|1|5|1|1|1
24172,9,True,7,10,7,7|7|7|7|7|7|7|7|7|7
24175,5,True,9,10,9,9|9|9|9|9|9|9|9|9|9
24176,6,False,6,0,6,6|6|6|6|6|6|6|6|6|6
24177,1,True,3,10,3,3|3|3|3|3|3|3|3|3|3
24179,6,True,0,9,8,0|8|8|8|6|8|8|8|8|0
24186,7,True,6,10,6,6|6|6|6|6|6|6|6|6|6
24205,4,False,4,1,4,4|4|4|4|3|4|4|4|4|4
24210,9,True,2,10,2,2|2|2|2|2|2|2|2|2|2
24214,9,False,9,0,9,9|9|9|9|9|9|9|9|9|9
24222,1,True,4,10,4,4|4|4|4|4|4|4|4|4|3
24247,1,False,1,1,1,1|1|1|1|1|1|5|1|1|1
24250,4,False,4,0,4,4|4|4|4|4|4|4|4|4|4
24274,5,False,5,1,5,5|5|9|5|5|5|5|5|5|5
24307,7,True,6,9,2,2|5|2|7|2|2|2|2|6|2
24310,5,True,9,10,9,9|9|9|9|9|9|9|9|9|9
24316,9,False,9,0,9,9|9|9|9|9|9|9|9|9|9
24322,0,True,2,10,6,3|6|6|6|6|6|6|6|6|3
24338,5,True,1,7,1,2|5|1|1|2|1|5|1|2|5
24339,5,False,5,0,5,5|5|5|5|5|5|5|5|5|5
24370,7,False,7,7,4,4|4|4|4|7|4|4|7|7|4
24384,1,True,3,10,-1,7|3|3|7|7|4|5|4|4|5
24398,5,True,1,9,1,2|1|1|1|2|1|2|1|2|5
24413,4,True,2,10,2,2|2|2|2|2|2|2|2|2|2
24435,8,False,8,0,8,8|8|8|8|8|8|8|8|8|8
24442,2,True,5,10,5,5|3|5|5|5|5|5|3|3|3
24446,1,False,1,3,1,1|1|1|1|2|1|5|1|1|5
24490,3,False,3,0,3,3|3|3|3|3|3|3|3|3|3
24495,5,False,5,3,5,5|5|9|5|6|5|5|9|5|5
24500,0,True,2,10,2,2|9|2|2|2|2|2|2|2|2
24515,5,True,1,7,1,1|5|1|1|1|1|5|1|1|5
24520,1,False,1,4,1,1|8|6|1|1|1|8|1|9|1
24526,1,True,8,10,8,6|8|8|8|8|8|8|8|8|0
24535,0,True,2,10,2,2|5|2|2|2|2|2|2|2|2
24540,1,False,1,6,2,2|1|2|2|2|1|5|1|2|1
24548,4,False,4,0,4,4|4|4|4|4|4|4|4|4|4
24549,6,True,0,10,0,0|0|0|0|0|0|0|0|0|0
24550,5,True,9,10,9,9|9|9|9|9|9|9|9|9|9
24554,1,True,8,10,8,8|8|8|8|8|8|8|8|8|8
24573,3,True,7,10,7,7|7|7|7|7|7|7|7|7|7
24578,1,True,8,10,8,8|8|8|8|8|8|8|8|8|8
24580,2,True,1,9,1,2|5|1|1|1|1|5|1|1|5
24582,1,True,4,10,4,4|4|4|4|4|4|4|4|4|4
24584,4,False,4,0,4,4|4|4|4|4|4|4|4|4|4
24592,0,False,0,2,0,0|8|0|0|8|0|0|0|0|0
24603,9,False,9,0,9,9|9|9|9|9|9|9|9|9|9
24615,9,False,9,0,9,9|9|9|9|9|9|9|9|9|9
24641,6,True,0,10,0,0|0|0|0|0|0|0|0|0|0
24649,7,True,6,10,6,6|8|6|6|6|6|6|6|6|6
24655,9,True,2,10,6,6|8|6|6|8|6|6|6|6|6
24666,3,False,3,10,5,5|5|2|5|2|2|5|1|9|5
24669,3,False,3,0,3,3|3|3|3|3|3|3|3|3|3
24693,9,False,9,0,9,9|9|9|9|9|9|9|9|9|9
24696,3,False,3,0,3,3|3|3|3|3|3|3|3|3|3
24715,7,False,7,0,7,7|7|7|7|7|7|7|7|7|7
24719,4,True,2,10,2,2|2|2|2|2|2|2|2|2|2
24741,5,False,5,10,3,7|3|3|3|3|3|3|7|3|3
24773,2,False,2,0,2,2|2|2|2|2|2|2|2|2|2
24781,9,True,6,10,6,6|8|6|6|6|6|6|6|6|6
24806,1,True,4,10,4,2|4|0|4|8|4|4|0|2|9
24848,1,True,4,10,4,4|4|4|4|4|4|4|4|4|4
24869,3,False,3,0,3,3|3|3|3|3|3|3|3|3|3
24883,4,False,4,1,4,4|4|4|4|4|4|4|4|4|7
24901,7,False,7,10,0,0|0|9|0|3|0|0|0|0|3
24905,8,False,8,0,8,8|8|8|8|8|8|8|8|8|8
24912,6,False,6,2,6,6|9|9|6|6|6|6|6|6|6
24933,5,True,4,10,4,4|4|4|4|4|4|4|4|4|4
24937,5,False,5,10,6,7|7|6|6|6|6|4|4|7|2
24947,5,False,5,7,9,7|5|9|9|9|2|5|9|7|5
24952,5,False,5,0,5,5|5|5|5|5|5|5|5|5|5
24962,2,False,2,0,2,2|2|2|2|2|2|2|2|2|2
24968,2,True,1,9,1,1|5|1|1|1|1|5|1|2|5
24976,8,False,8,0,8,8|8|8|8|8|8|8|8|8|8
24977,2,False,2,1,2,2|9|2|2|2|2|2|2|2|2
24990,1,True,8,10,8,8|8|8|8|8|8|8|8|8|8
24994,2,False,2,0,2,2|2|2|2|2|2|2|2|2|2
25008,3,False,3,0,3,3|3|3|3|3|3|3|3|3|3
25010,9,False,9,0,9,9|9|9|9|9|9|9|9|9|9
25015,1,True,5,10,5,5|5|5|5|5|5|5|5|5|5
25033,9,True,7,10,7,7|7|7|7|7|7|7|7|7|7
25041,2,False,2,9,7,4|7|7|7|4|4|2|7|7|4
25050,1,False,1,10,-1,9|9|9|5|9|5|5|5|9|5
25056,2,True,5,10,5,5|5|5|5|5|5|5|5|5|5
25062,5,True,3,10,3,3|3|3|3|3|1|3|3|3|3
25063,1,False,1,7,2,2|5|2|1|2|1|5|1|2|5
25067,6,False,6,0,6,6|6|6|6|6|6|6|6|6|6
25115,9,True,2,9,2,2|9|2|2|2|2|2|2|2|2
25116,7,False,7,0,7,7|7|7|7|7|7|7|7|7|7
25122,7,False,7,0,7,7|7|7|7|7|7|7|7|7|7
25128,8,False,8,0,8,8|8|8|8|8|8|8|8|8|8
25163,8,False,8,0,8,8|8|8|8|8|8|8|8|8|8
25172,9,True,2,10,2,2|4|2|2|2|2|2|4|4|2
25179,3,False,3,1,3,3|3|3|3|3|3|6|3|3|3
25189,0,False,0,0,0,0|0|0|0|0|0|0|0|0|0
25192,5,True,2,10,0,0|0|0|0|0|0|8|0|0|0
25194,1,True,3,10,0,0|0|0|0|6|0|0|0|0|0
25198,6,True,0,10,0,0|0|0|0|0|0|0|0|0|0
25215,3,False,3,9,5,3|8|6|5|1|6|5|5|7|5
25222,2,False,2,4,2,2|0|2|2|0|2|2|0|2|0
25228,3,True,7,10,-1,2|6|6|6|9|9|6|2|2|2
25231,4,False,4,0,4,4|4|4|4|4|4|4|4|4|4
25232,5,True,4,10,4,4|4|4|4|4|4|4|4|4|4
25242,6,True,0,10,0,0|3|0|0|0|0|0|0|0|0
25246,3,False,3,9,2,5|2|2|2|2|5|3|2|2|2
25249,1,True,5,10,5,5|3|3|5|5|5|5|5|5|5
25260,5,False,5,1,5,5|5|5|5|5|2|5|5|5|5
25264,1,False,1,3,1,2|1|2|1|1|1|5|1|1|1
25275,0,False,0,1,0,0|0|0|0|6|0|0|0|0|0
25278,1,False,1,3,1,1|1|1|1|2|1|5|1|2|1
25294,7,True,6,9,6,6|6|6|6|7|6|6|6|6|6
25307,3,False,3,0,3,3|3|3|3|3|3|3|3|3|3
25312,9,True,2,10,2,2|2|2|2|2|2|2|2|2|2
25336,8,False,8,1,8,8|8|1|8|8|8|8|8|8|8
25337,0,False,0,0,0,0|0|0|0|0|0|0|0|0|0
25347,4,False,4,0,4,4|4|4|4|4|4|4|4|4|4
25353,1,True,5,9,5,5|4|3|5|2|1|3|5|5|5
25358,8,True,6,9,6,6|8|6|6|6|6|6|6|6|6
25363,2,True,1,9,1,1|5|2|1|1|1|1|1|1|5
25378,3,False,3,0,3,3|3|3|3|3|3|3|3|3|3
25384,1,True,3,10,3,3|3|3|3|3|3|3|3|3|3
25407,9,False,9,0,9,9|9|9|9|9|9|9|9|9|9
25413,9,True,7,10,7,7|7|7|7|7|7|7|4|7|7
25417,8,True,6,6,6,6|8|6|6|8|8|6|6|6|8
25425,5,False,5,3,5,5|5|3|5|3|5|5|5|3|5
25432,5,False,5,6,5,3|5|3|5|2|5|3|9|4|5
25437,4,False,4,0,4,4|4|4|4|4|4|4|4|4|4
25441,4,False,4,0,4,4|4|4|4|4|4|4|4|4|4
25467,9,True,2,10,2,2|4|2|2|2|2|2|2|2|2
25473,6,False,6,1,6,6|8|6|6|6|6|6|6|6|6
25486,5,True,9,10,9,9|9|9|9|9|9|9|9|9|9
25499,9,False,9,0,9,9|9|9|9|9|9|9|9|9|9
25501,8,False,8,0,8,8|8|8|8|8|8|8|8|8|8
25515,1,True,5,9,5,5|5|5|5|1|5|5|5|5|5
25535,1,True,3,10,3,5|3|3|3|5|3|3|5|3|5
25543,4,True,2,8,2,2|4|2|3|2|5|2|1|4|2
25548,9,False,9,0,9,9|9|9|9|9|9|9|9|9|9
25557,8,False,8,0,8,8|8|8|8|8|8|8|8|8|8
25563,3,False,3,0,3,3|3|3|3|3|3|3|3|3|3
25568,3,True,7,0,3,3|3|3|3|3|3|3|3|3|3
25572,7,False,7,1,7,7|7|7|7|3|7|7|7|7|7
25574,0,False,0,0,0,0|0|0|0|0|0|0|0|0|0
25577,8,False,8,1,8,8|8|0|8|8|8|8|8|8|8
25581,0,False,0,4,0,0|0|6|0|6|9|0|5|0|0
25592,7,False,7,0,7,7|7|7|7|7|7|7|7|7|7
25596,1,False,1,3,1,1|5|1|1|1|1|5|1|1|5
25606,2,True,5,9,5,5|5|5|5|2|5|5|5|5|5
25607,5,False,5,0,5,5|5|5|5|5|5|5|5|5|5
25613,9,True,7,10,7,7|7|7|7|7|7|7|7|7|7
25626,2,False,2,1,2,2|2|2|2|2|2|2|0|2|2
25627,3,False,3,0,3,3|3|3|3|3|3|3|3|3|3
25636,4,False,4,0,4,4|4|4|4|4|4|4|4|4|4
25639,3,False,3,0,3,3|3|3|3|3|3|3|3|3|3
25640,1,True,3,10,3,3|3|3|3|3|3|3|3|3|3
25652,1,False,1,5,-1,1|5|1|5|5|1|5|1|1|5
25660,8,False,8,0,8,8|8|8|8|8|8|8|8|8|8
25664,3,False,3,0,3,3|3|3|3|3|3|3|3|3|3
25667,1,True,3,10,3,3|3|3|3|3|3|3|3|3|3
25672,4,False,4,0,4,4|4|4|4|4|4|4|4|4|4
25673,1,True,3,10,3,3|3|3|3|3|3|3|3|3|3
25694,8,False,8,0,8,8|8|8|8|8|8|8|8|8|8
25696,0,False,0,0,0,0|0|0|0|0|0|0|0|0|0
25697,1,False,1,3,1,1|5|1|1|1|5|5|1|1|1
25714,0,False,0,0,0,0|0|0|0|0|0|0|0|0|0
25716,1,True,3,10,2,2|4|6|6|3|6|4|2|2|2
25754,8,False,8,1,8,8|8|8|8|8|8|8|8|8|0
25758,1,True,8,10,8,8|8|8|8|8|8|8|8|8|8
25771,1,True,3,10,3,3|3|3|3|3|3|3|3|3|3
25775,5,False,5,4,5,5|5|5|5|3|3|3|3|5|5
25780,1,True,8,10,8,8|8|8|8|8|8|8|8|8|8
25788,9,True,7,10,7,7|7|7|7|7|7|7|7|7|7
25791,9,True,7,10,7,7|7|7|7|7|7|7|7|7|7
25798,1,True,4,10,4,4|4|4|4|4|4|4|4|4|4
25799,1,False,1,7,2,2|1|2|1|2|1|5|2|2|5
25804,7,False,7,0,7,7|7|7|7|7|7|7|7|7|7
25839,9,False,9,3,9,9|5|9|9|9|5|9|9|9|5
25853,6,True,0,10,0,0|0|0|0|0|0|0|0|0|0
25861,2,False,2,1,2,2|2|2|0|2|2|2|2|2|2
25881,1,False,1,6,2,2|1|2|1|2|1|5|1|2|2
25887,2,False,2,0,2,2|2|2|2|2|2|2|2|2|2
25892,8,True,6,7,6,6|8|6|6|6|8|8|6|6|6
25893,4,False,4,0,4,4|4|4|4|4|4|4|4|4|4
25900,8,True,6,10,6,6|6|6|6|6|7|6|6|7|6
25904,6,False,6,9,3,3|3|8|3|3|6|3|3|3|3
25907,9,False,9,6,5,5|5|9|5|6|5|9|9|9|5
25908,8,False,8,0,8,8|8|8|8|8|8|8|8|8|8
25909,5,True,1,10,2,2|1|1|2|2|1|2|2|2|2
25930,0,False,0,0,0,0|0|0|0|0|0|0|0|0|0
25933,1,True,3,10,3,3|3|3|3|3|3|3|3|3|3
25938,8,False,8,0,8,8|8|8|8|8|8|8|8|8|8
25964,6,False,6,0,6,6|6|6|6|6|6|6|6|6|6
25972,6,False,6,1,6,6|8|6|6|6|6|6|6|6|6
25982,2,False,2,3,2,2|5|2|6|2|6|2|2|2|2
25993,2,True,1,4,2,2|1|2|1|2|1|2|1|2|2
25995,0,False,0,0,0,0|0|0|0|0|0|0|0|0|0
25996,1,True,3,10,3,5|4|4|3|5|3|3|3|5|3
26007,0,False,0,0,0,0|0|0|0|0|0|0|0|0|0
26023,1,True,4,10,4,4|4|4|4|4|4|7|7|7|4
26050,5,True,9,10,9,9|9|9|9|9|9|9|9|9|9
26053,5,True,9,10,9,9|9|9|9|9|9|9|9|9|9
26067,7,False,7,0,7,7|7|7|7|7|7|7|7|7|7
26083,0,False,0,0,0,0|0|0|0|0|0|0|0|0|0
26116,1,True,3,10,4,4|4|4|4|4|4|4|4|4|4
26117,9,False,9,0,9,9|9|9|9|9|9|9|9|9|9
26126,1,True,3,10,3,3|3|3|3|3|3|3|3|3|3
26147,8,False,8,0,8,8|8|8|8|8|8|8|8|8|8
26157,6,False,6,1,6,6|6|6|6|7|6|6|6|6|6
26162,0,False,0,0,0,0|0|0|0|0|0|0|0|0|0
26165,3,True,7,10,7,7|7|7|7|7|7|7|7|7|7
26178,0,False,0,0,0,0|0|0|0|0|0|0|0|0|0
26186,5,True,2,10,2,2|0|2|2|2|2|2|2|2|0
26205,6,False,6,2,6,6|7|6|6|7|6|6|6|6|6
26214,8,False,8,0,8,8|8|8|8|8|8|8|8|8|8
26220,8,False,8,0,8,8|8|8|8|8|8|8|8|8|8
26223,2,False,2,3,2,6|6|2|2|2|6|2|2|2|2
26237,5,False,5,1,5,5|5|5|5|2|5|5|5|5|5
26259,3,True,7,9,7,7|7|7|7|7|3|7|7|7|7
26262,9,False,9,0,9,9|9|9|9|9|9|9|9|9|9
26273,4,False,4,0,4,4|4|4|4|4|4|4|4|4|4
26287,5,True,2,10,-1,0|0|0|2|2|2|2|0|0|2
26300,6,True,0,10,0,0|0|0|0|0|0|0|0|0|0
26307,1,True,4,10,4,4|4|4|4|4|4|4|4|4|4
26313,1,True,5,10,5,5|5|5|5|5|5|5|5|5|5
26332,0,False,0,1,0,6|0|0|0|0|0|0|0|0|0
26338,1,True,8,10,8,5|8|8|8|8|8|8|8|8|8
26345,3,True,7,10,7,7|7|7|7|7|7|7|7|7|7
26347,5,True,9,6,9,5|9|9|5|9|5|9|9|9|5
26354,5,False,5,1,5,5|4|5|5|5|5|5|5|5|5
26381,1,True,8,10,8,8|8|8|8|8|8|8|8|8|8
26383,8,True,6,9,6,6|8|6|6|6|6|6|6|6|6
26393,9,False,9,0,9,9|9|9|9|9|9|9|9|9|9
26394,9,False,9,0,9,9|9|9|9|9|9|9|9|9|9
26411,3,True,7,10,6,6|7|6|7|7|6|6|6|7|6
26415,8,True,6,10,6,2|6|6|6|6|6|2|2|2|6
26427,0,False,0,3,0,2|0|2|0|0|0|0|0|0|2
26433,1,False,1,7,5,5|5|1|1|5|5|5|1|9|5
26439,9,False,9,10,3,3|5|3|3|2|3|3|3|3|3
26440,8,False,8,3,8,2|8|8|8|8|8|8|8|9|5
26442,2,False,2,1,2,2|9|2|2|2|2|2|2|2|2
26451,4,True,7,10,7,7|7|7|7|7|7|7|7|7|7
26456,5,True,1,5,5,5|5|9|1|6|5|5|9|9|5
26457,8,False,8,0,8,8|8|8|8|8|8|8|8|8|8
26480,9,False,9,0,9,9|9|9|9|9|9|9|9|9|9
26483,5,True,9,10,9,9|9|9|9|9|9|9|9|9|9
26490,7,False,7,3,7,4|7|7|7|7|3|3|7|7|7
26493,0,False,0,0,0,0|0|0|0|0|0|0|0|0|0
26502,6,False,6,2,6,6|1|6|6|6|6|6|6|2|6
26504,5,False,5,10,2,2|8|9|3|2|2|2|2|3|2
26507,9,True,0,10,0,0|0|0|0|0|0|0|0|0|0
26533,7,False,7,1,7,7|7|9|7|7|7|7|7|7|7
26551,2,False,2,1,2,2|0|2|2|2|2|2|2|2|2
26615,7,False,7,0,7,7|7|7|7|7|7|7|7|7|7
26620,9,False,9,0,9,9|9|9|9|9|9|9|9|9|9
26642,9,True,3,10,5,5|5|2|5|1|3|5|5|5|5
26666,8,False,8,2,8,5|8|8|1|8|8|8|8|8|8
26669,7,False,7,1,7,7|7|7|7|7|7|7|7|7|9
26673,9,True,7,10,7,7|7|7|7|7|7|7|7|7|7
26683,3,True,7,10,4,4|4|4|4|4|4|4|4|4|4
26689,3,False,3,5,3,2|5|4|7|3|3|3|3|2|3
26692,7,False,7,7,4,7|4|4|7|3|4|4|4|7|4
26714,1,True,8,10,8,8|8|8|8|8|8|8|8|8|8
26718,8,False,8,0,8,8|8|8|8|8|8|8|8|8|8
26728,1,True,5,10,3,5|3|3|3|5|3|3|5|3|5
26761,0,False,0,9,2,2|4|2|2|2|6|2|0|4|6
26775,5,False,5,4,5,5|4|4|5|5|5|5|2|7|5
26789,5,True,1,10,1,2|1|2|1|1|1|8|1|2|2
26798,7,True,6,10,6,6|8|6|6|6|6|6|6|6|6
26801,8,False,8,0,8,8|8|8|8|8|8|8|8|8|8
26805,9,False,9,0,9,9|9|9|9|9|9|9|9|9|9
26816,7,False,7,0,7,7|7|7|7|7|7|7|7|7|7
26831,7,False,7,0,7,7|7|7|7|7|7|7|7|7|7
26832,5,True,9,10,9,9|9|9|9|9|8|8|9|9|9
26843,1,False,1,2,1,1|1|1|1|1|1|5|1|1|5
26863,8,False,8,0,8,8|8|8|8|8|8|8|8|8|8
26879,6,True,0,10,0,0|0|0|0|0|0|0|0|0|0
26895,3,True,7,10,7,7|7|7|7|7|7|7|7|7|7
26896,1,True,5,10,5,5|5|5|5|5|5|5|5|5|5
26924,1,True,4,10,3,7|3|3|4|3|3|3|7|4|5
26954,1,True,5,10,5,5|5|5|5|5|5|5|5|5|5
26969,5,False,5,10,3,3|3|3|3|3|3|3|3|3|3
26980,8,False,8,1,8,2|8|8|8|8|8|8|8|8|8
26982,5,True,2,10,2,2|2|2|2|2|2|2|2|2|2
26993,0,True,8,10,8,8|8|8|8|8|8|8|8|8|8
26994,5,True,1,6,-1,1|9|1|5|1|1|5|5|2|5
27002,5,True,1,9,1,1|1|2|1|1|1|5|8|2|1
27003,4,False,4,0,4,4|4|4|4|4|4|4|4|4|4
27018,9,False,9,0,9,9|9|9|9|9|9|9|9|9|9
27025,5,True,9,9,9,9|9|9|9|9|5|9|9|9|9
27031,1,True,4,10,3,3|3|4|3|3|3|3|3|4|2
27034,8,False,8,0,8,8|8|8|8|8|8|8|8|8|8
27041,9,False,9,10,6,6|6|6|7|7|6|6|6|6|7
27046,9,True,2,10,2,2|2|2|2|2|2|2|2|2|2
27047,0,False,0,0,0,0|0|0|0|0|0|0|0|0|0
27071,0,False,0,0,0,0|0|0|0|0|0|0|0|0|0
27072,2,False,2,0,2,2|2|2|2|2|2|2|2|2|2
27080,6,True,0,10,0,0|0|0|0|0|0|0|0|0|0
27085,9,False,9,0,9,9|9|9|9|9|9|9|9|9|9
27117,6,False,6,3,6,2|6|6|6|6|6|6|2|6|2
27129,2,True,1,10,1,1|5|1|1|1|1|5|1|5|5
27131,2,False,2,2,2,2|3|2|2|2|2|2|2|2|3
27133,5,True,9,9,9,9|5|9|9|9|9|9|9|9|9
27146,9,False,9,0,9,9|9|9|9|9|9|9|9|9|9
27149,9,True,2,10,4,7|4|7|4|4|4|4|4|7|4
27190,5,True,9,10,9,9|9|9|9|9|9|9|9|9|9
27194,1,False,1,4,1,1|1|2|1|2|1|5|1|2|1
27204,2,False,2,10,0,0|0|0|0|6|0|0|0|0|0
27209,3,False,3,4,3,6|3|3|3|6|6|3|6|3|3
27233,3,False,3,2,3,3|4|3|3|3|4|3|3|3|3
27236,5,True,4,10,4,4|4|4|4|4|4|4|4|4|4
27252,8,False,8,0,8,8|8|8|8|8|8|8|8|8|8
27283,5,False,5,10,3,3|4|3|3|3|3|4|3|4|3
27286,6,True,0,10,0,0|0|0|0|0|0|0|0|0|0
27296,7,False,7,0,7,7|7|7|7|7|7|7|7|7|7
27301,6,True,0,10,0,0|0|0|0|0|0|0|0|0|0
27308,9,True,2,10,2,2|4|2|2|2|2|2|2|2|2
27319,1,False,1,7,5,1|5|9|5|2|1|5|1|9|5
27320,3,True,7,10,7,7|7|7|7|7|7|7|7|7|7
27328,9,True,2,10,2,2|2|6|2|2|2|2|2|2|2
27343,9,False,9,1,9,9|9|9|9|9|9|9|9|9|5
27352,1,True,8,10,8,8|8|8|8|8|8|8|8|0|8
27360,5,True,9,10,9,9|9|9|9|9|9|9|9|9|9
27379,8,True,6,10,6,6|6|6|6|6|6|6|6|6|3
27396,9,True,7,10,7,7|7|7|7|7|7|7|7|7|7
27399,2,False,2,7,4,4|4|4|4|4|4|2|4|2|2
27403,6,False,6,3,6,6|8|6|6|6|6|6|6|7|7
27409,4,False,4,0,4,4|4|4|4|4|4|4|4|4|4
27420,9,False,9,0,9,9|9|9|9|9|9|9|9|9|9
27421,4,True,7,9,7,7|4|7|7|3|7|3|7|7|7
27423,7,False,7,0,7,7|7|7|7|7|7|7|7|7|7
27424,3,False,3,0,3,3|3|3|3|3|3|3|3|3|3
27426,0,False,0,1,0,0|0|0|0|8|0|0|0|0|0
27427,6,True,0,10,0,0|0|0|0|0|0|0|0|0|0
27430,9,True,2,10,7,7|3|7|7|4|7|7|7|2|7
27441,1,True,3,10,3,3|3|3|3|3|3|3|3|3|3
27458,8,False,8,1,8,8|8|8|8|8|8|8|0|8|8
27461,4,False,4,0,4,4|4|4|4|4|4|4|4|4|4
27485,3,False,3,3,3,3|3|3|3|5|5|3|5|3|3
27500,1,True,4,10,2,2|2|2|2|7|2|2|2|3|2
27530,5,False,5,9,3,5|3|3|3|3|4|3|7|7|7
27549,2,False,2,0,2,2|2|2|2|2|2|2|2|2|2
27551,9,False,9,7,9,3|0|9|5|9|4|0|5|9|2
27562,0,False,0,0,0,0|0|0|0|0|0|0|0|0|0
27566,5,True,9,10,9,9|9|9|9|9|9|9|9|9|9
27577,6,False,6,0,6,6|6|6|6|6|6|6|6|6|6
27579,4,False,4,0,4,4|4|4|4|4|4|4|4|4|4
27580,9,True,2,10,2,2|2|2|2|2|2|2|2|2|2
27584,1,False,1,5,1,2|1|1|1|2|1|5|1|2|2
27599,5,True,2,9,2,2|2|2|5|2|2|2|2|2|2
27605,3,False,3,10,4,4|4|4|4|4|4|4|4|4|4
27609,0,False,0,5,0,9|9|9|0|6|0|0|0|9|0
27616,5,True,9,10,9,9|9|9|9|9|9|9|9|9|9
27631,4,False,4,4,4,6|4|4|4|6|4|6|6|4|4
27637,7,False,7,0,7,7|7|7|7|7|7|7|7|7|7
27650,1,False,1,9,5,5|5|9|5|6|1|5|9|9|5
27652,3,False,3,0,3,3|3|3|3|3|3|3|3|3|3
27656,1,False,1,8,5,5|5|1|1|6|5|5|9|9|5
27687,6,False,6,3,6,6|6|6|6|7|6|6|6|7|7
27709,1,False,1,2,1,1|5|1|1|1|1|5|1|1|1
27722,3,False,3,2,3,3|3|3|3|2|3|3|3|4|3
27730,5,True,1,7,1,1|5|1|1|1|1|5|1|1|5
27731,1,False,1,8,5,5|5|5|1|1|5|5|5|5|5
27735,3,False,3,0,3,3|3|3|3|3|3|3|3|3|3
27744,2,False,2,1,2,2|9|2|2|2|2|2|2|2|2
27750,2,False,2,1,2,2|9|2|2|2|2|2|2|2|2
27771,5,False,5,0,5,5|5|5|5|5|5|5|5|5|5
27774,7,False,7,3,7,4|7|7|7|3|7|7|7|7|4
27775,7,False,7,1,7,7|7|7|7|9|7|7|7|7|7
27785,9,False,9,0,9,9|9|9|9|9|9|9|9|9|9
27791,5,True,9,10,9,9|9|9|9|9|9|9|9|9|9
27806,5,False,5,3,5,5|5|2|5|2|5|2|5|5|5
27810,9,False,9,0,9,9|9|9|9|9|9|9|9|9|9
27826,3,False,3,2,3,5|3|3|5|3|3|3|3|3|3
27833,1,True,5,10,5,5|5|5|5|5|5|5|5|5|3
27851,8,False,8,0,8,8|8|8|8|8|8|8|8|8|8
27860,1,True,4,10,4,4|4|4|4|4|4|4|7|4|4
27881,6,False,6,5,-1,6|8|8|6|8|8|6|6|6|8
27883,3,True,7,10,7,7|7|7|0|7|4|0|7|0|6
27894,7,False,7,0,7,7|7|7|7|7|7|7|7|7|7
27898,1,True,4,10,4,4|4|6|6|4|4|4|4|4|3
27917,9,False,9,0,9,9|9|9|9|9|9|9|9|9|9
27927,6,False,6,2,6,6|6|6|6|6|7|6|6|7|6
27930,7,False,7,1,7,7|7|7|7|7|7|7|6|7|7
27958,8,False,8,6,8,5|8|9|8|8|3|9|8|3|3
28004,9,False,9,1,9,9|9|9|5|9|9|9|9|9|9
28030,9,True,7,10,7,7|7|7|7|7|7|7|7|7|7
28044,7,False,7,3,7,3|7|7|7|3|7|3|7|7|7
28045,1,False,1,4,1,1|1|1|5|5|5|5|1|1|1
28051,2,False,2,2,2,2|2|2|2|2|2|2|4|4|2
28055,1,True,3,10,3,3|3|3|3|3|3|3|3|3|3
28059,1,False,1,5,1,8|1|1|1|6|8|8|1|2|1
28061,6,False,6,4,6,6|7|6|7|7|6|6|6|6|7
28062,5,False,5,1,5,5|5|3|5|5|5|5|5|5|5
28066,8,False,8,0,8,8|8|8|8|8|8|8|8|8|8
28074,4,False,4,4,4,4|0|9|4|4|4|9|4|0|4
28076,4,False,4,0,4,4|4|4|4|4|4|4|4|4|4
28081,1,False,1,4,1,1|5|1|1|1|1|5|1|2|5
28083,3,False,3,2,3,2|3|6|3|3|3|3|3|3|3
28091,3,False,3,5,3,3|3|6|3|8|8|6|3|8|3
28109,3,False,3,1,3,3|3|3|3|3|3|3|3|3|5
28123,9,False,9,0,9,9|9|9|9|9|9|9|9|9|9
28125,8,False,8,0,8,8|8|8|8|8|8|8|8|8|8
28134,8,False,8,0,8,8|8|8|8|8|8|8|8|8|8
28137,1,False,1,9,5,5|5|9|5|1|5|5|9|9|5
28141,9,False,9,0,9,9|9|9|9|9|9|9|9|9|9
28150,9,True,7,10,7,7|7|7|7|7|7|7|7|7|7
28154,8,False,8,0,8,8|8|8|8|8|8|8|8|8|8
28161,2,False,2,2,2,2|2|2|2|2|6|2|6|2|2
28177,6,False,6,1,6,6|6|6|6|7|6|6|6|6|6
28186,1,True,4,10,4,4|4|4|4|4|4|4|4|4|4
28195,7,False,7,4,7,4|7|9|7|7|7|2|4|7|7
28225,4,True,2,10,2,2|2|6|2|2|2|2|2|2|2
28229,5,True,9,10,9,9|9|9|9|9|9|9|9|9|9
28246,4,False,4,0,4,4|4|4|4|4|4|4|4|4|4
28263,2,True,5,10,3,3|3|3|3|3|3|3|3|3|3
28270,0,False,0,0,0,0|0|0|0|0|0|0|0|0|0
28273,0,False,0,0,0,0|0|0|0|0|0|0|0|0|0
28290,4,False,4,0,4,4|4|4|4|4|4|4|4|4|4
28292,1,False,1,4,1,1|1|2|1|2|1|5|1|1|5
28306,1,True,5,10,5,5|5|2|5|2|5|5|5|5|5
28355,7,True,6,9,6,6|7|6|6|6|6|6|6|6|6
28379,5,True,9,8,9,5|9|9|5|2|9|9|9|9|9
28384,1,True,8,10,8,8|8|8|8|8|8|8|8|8|8
28394,5,True,1,10,1,1|1|1|1|1|1|2|1|2|1
28396,1,True,8,10,8,8|8|8|8|8|8|8|8|8|8
28416,2,True,6,9,6,0|0|0|6|2|6|6|6|7|6
28420,2,True,1,5,-1,2|1|1|1|2|1|2|1|2|2
28438,5,False,5,10,6,6|6|6|7|6|6|6|1|6|7
28446,7,False,7,5,-1,7|3|3|7|3|7|3|3|7|7
28450,8,False,8,0,8,8|8|8|8|8|8|8|8|8|8
28458,9,True,2,9,2,2|2|9|2|2|2|2|2|2|2
28487,0,False,0,0,0,0|0|0|0|0|0|0|0|0|0
28527,9,False,9,8,5,1|5|2|5|9|1|5|9|2|5
28538,1,False,1,6,5,5|5|1|5|1|1|5|5|1|5
28555,4,False,4,0,4,4|4|4|4|4|4|4|4|4|4
28560,9,False,9,8,5,5|5|9|5|9|5|5|5|3|5
28565,7,True,6,10,6,6|8|6|6|6|6|6|6|6|6
28569,7,False,7,0,7,7|7|7|7|7|7|7|7|7|7
28578,7,False,7,0,7,7|7|7|7|7|7|7|7|7|7
28588,6,False,6,0,6,6|6|6|6|6|6|6|6|6|6
28592,3,False,3,7,9,3|3|9|6|3|9|9|9|9|9
28596,1,True,4,10,4,4|4|4|4|4|4|6|4|6|4
28605,1,False,1,5,-1,2|1|2|1|1|1|2|2|2|1
28606,6,False,6,3,6,6|8|6|6|6|8|6|6|8|6
28610,6,False,6,1,6,6|8|6|6|6|6|6|6|6|6
28622,5,True,1,6,1,1|5|1|1|1|1|5|5|1|5
28642,8,False,8,0,8,8|8|8|8|8|8|8|8|8|8
28644,7,True,6,8,6,7|7|6|6|2|6|6|6|6|5
28647,1,True,4,10,4,4|4|4|4|4|4|4|4|4|4
28671,5,True,1,3,5,5|5|9|1|1|5|5|5|5|5
28681,0,False,0,1,0,0|0|0|0|0|0|0|0|0|8
28683,8,False,8,0,8,8|8|8|8|8|8|8|8|8|8
28708,7,True,2,10,2,6|8|6|2|2|2|2|2|8|2
28710,7,False,7,0,7,7|7|7|7|7|7|7|7|7|7
28737,6,False,6,2,6,6|6|8|6|6|6|6|6|6|8
28745,6,False,6,4,6,4|8|6|6|6|6|4|7|6|6
28753,5,True,9,10,9,9|9|9|9|9|9|9|9|9|9
28754,5,False,5,8,3,7|3|9|5|2|3|1|3|7|5
28775,8,False,8,0,8,8|8|8|8|8|8|8|8|8|8
28780,2,True,1,9,1,6|1|1|1|2|1|1|1|8|1
28785,1,True,4,10,7,7|7|7|7|7|7|7|7|7|7
28801,7,False,7,1,7,7|7|7|7|7|7|9|7|7|7
28806,6,False,6,1,6,6|6|6|6|7|6|6|6|6|6
28817,6,True,0,10,0,0|0|0|0|0|0|0|0|0|0
28834,2,False,2,1,2,2|4|2|2|2|2|2|2|2|2
28843,2,True,5,10,7,7|7|9|7|3|7|7|7|7|7
28847,1,False,1,9,9,5|9|5|5|9|1|9|9|9|5
28851,1,True,5,10,5,5|5|5|5|5|5|5|5|5|5
28854,5,False,5,0,5,5|5|5|5|5|5|5|5|5|5
28860,6,False,6,7,3,3|3|3|6|3|3|6|6|7|3
28861,2,True,1,4,2,2|1|1|1|2|2|2|1|2|2
28866,0,False,0,0,0,0|0|0|0|0|0|0|0|0|0
28877,5,False,5,9,3,3|3|3|3|3|3|3|3|3|5
28879,9,False,9,0,9,9|9|9|9|9|9|9|9|9|9
28885,4,False,4,9,5,5|5|5|4|5|5|5|5|5|5
28911,7,False,7,6,7,2|4|7|7|2|4|2|7|7|9
28918,1,True,8,10,8,8|8|8|8|8|8|8|8|8|8
28923,9,True,7,9,3,3|7|9|3|3|4|3|3|2|3
28936,7,False,7,2,7,7|7|7|7|3|7|7|7|7|0
28953,3,False,3,5,3,3|5|3|3|3|2|2|3|2|2
28967,5,False,5,0,5,5|5|5|5|5|5|5|5|5|5
28970,2,False,2,4,2,2|0|2|2|2|6|2|2|0|0
29003,0,False,0,1,0,0|0|0|0|0|0|0|0|0|6
29004,1,True,3,10,4,2|4|6|4|4|4|4|4|4|4
29009,8,True,6,8,6,6|8|8|6|6|6|6|6|6|6
29012,1,True,3,10,3,3|3|3|3|3|3|3|3|3|3
29016,7,False,7,1,7,7|7|7|7|4|7|7|7|7|7
29018,7,False,7,2,7,7|7|9|7|7|6|7|7|7|7
29022,5,False,5,9,6,6|6|6|5|6|6|6|6|7|3
29048,9,True,2,10,2,2|2|2|2|2|2|2|2|2|2
29053,6,True,0,10,0,0|0|0|0|0|0|0|0|0|0
29062,7,False,7,7,3,3|3|7|3|3|3|3|3|7|7
29069,1,True,4,10,4,4|4|4|4|4|4|4|4|4|4
29085,9,False,9,0,9,9|9|9|9|9|9|9|9|9|9
29094,9,False,9,8,1,1|1|9|5|2|1|5|1|9|5
29098,4,False,4,0,4,4|4|4|4|4|4|4|4|4|4
29123,6,False,6,0,6,6|6|6|6|6|6|6|6|6|6
29131,1,True,4,10,4,4|4|4|4|4|4|4|4|4|2
29148,0,True,9,10,9,9|9|9|9|9|9|9|9|9|9
29169,5,True,9,10,9,9|9|9|9|9|9|9|9|9|9
29176,2,True,1,8,1,1|1|1|1|2|1|5|1|2|5
29177,1,True,3,10,3,3|3|3|3|3|3|3|3|3|3
29204,5,False,5,1,5,5|5|5|5|2|5|5|5|5|5
29211,7,False,7,1,7,7|7|7|7|4|7|7|7|7|7
29236,7,False,7,1,7,7|4|7|7|7|7|7|7|7|7
29240,4,False,4,0,4,4|4|4|4|4|4|4|4|4|4
29243,4,True,2,10,2,2|1|2|2|2|2|2|2|2|2
29264,5,True,1,4,5,5|5|1|5|1|5|5|1|1|5
29276,5,False,5,0,5,5|5|5|5|5|5|5|5|5|5
29279,6,False,6,0,6,6|6|6|6|6|6|6|6|6|6
29285,1,False,1,5,1,2|1|1|1|2|2|5|1|2|1
29292,6,False,6,0,6,6|6|6|6|6|6|6|6|6|6
29302,5,False,5,2,5,5|3|5|5|5|5|5|2|5|5
29305,7,False,7,0,7,7|7|7|7|7|7|7|7|7|7
29315,1,False,1,3,1,2|1|1|1|1|1|5|1|1|5
29318,2,True,1,10,5,1|5|1|5|1|8|5|5|9|5
29323,7,False,7,0,7,7|7|7|7|7|7|7|7|7|7
29332,8,True,6,10,6,6|6|6|6|6|6|6|6|6|6
29340,8,False,8,0,8,8|8|8|8|8|8|8|8|8|8
29341,0,False,0,0,0,0|0|0|0|0|0|0|0|0|0
29346,1,False,1,5,1,2|1|2|1|2|1|5|1|2|1
29347,1,False,1,6,5,1|5|5|1|2|1|5|5|1|5
29371,8,False,8,0,8,8|8|8|8|8|8|8|8|8|8
29397,3,False,3,4,3,3|3|8|3|1|3|3|8|8|3
29398,5,False,5,1,5,5|5|5|5|2|5|5|5|5|5
29402,1,True,5,10,5,5|5|5|5|5|5|5|5|5|5
29407,8,False,8,0,8,8|8|8|8|8|8|8|8|8|8
29431,9,False,9,1,9,9|9|9|5|9|9|9|9|9|9
29458,9,False,9,1,9,9|9|9|5|9|9|9|9|9|9
29468,0,False,0,0,0,0|0|0|0|0|0|0|0|0|0
29469,1,False,1,7,5,1|5|5|1|1|5|5|5|9|5
29475,8,False,8,0,8,8|8|8|8|8|8|8|8|8|8
29485,1,False,1,9,5,5|5|5|1|2|5|5|9|9|5
29499,7,False,7,1,7,7|7|9|7|7|7|7|7|7|7
29525,1,True,4,10,4,4|4|4|4|4|4|4|4|4|4
29537,8,False,8,0,8,8|8|8|8|8|8|8|8|8|8
29546,2,True,1,9,0,0|0|0|0|2|1|0|0|0|0
29548,4,True,2,10,6,2|6|0|6|2|6|6|6|6|6
29574,5,True,9,7,9,5|5|9|5|9|9|9|9|9|9
29588,4,True,7,10,7,7|9|9|5|7|7|7|7|7|7
29595,0,True,2,10,4,2|4|2|1|4|6|4|4|4|4
29598,8,False,8,0,8,8|8|8|8|8|8|8|8|8|8
29612,2,False,2,0,2,2|2|2|2|2|2|2|2|2|2
29617,8,False,8,0,8,8|8|8|8|8|8|8|8|8|8
29620,0,False,0,1,0,0|0|0|0|0|0|0|8|0|0
29640,6,False,6,2,6,3|6|6|6|6|6|6|6|6|3
29656,7,False,7,0,7,7|7|7|7|7|7|7|7|7|7
29664,9,True,7,8,7,7|9|7|9|7|7|7|7|7|7
29668,5,True,9,10,9,9|9|9|9|9|9|9|9|9|9
29671,7,False,7,0,7,7|7|7|7|7|7|7|7|7|7
29672,9,False,9,0,9,9|9|9|9|9|9|9|9|9|9
29676,1,True,8,7,2,2|8|2|1|2|1|8|1|2|9
29680,6,False,6,1,6,6|6|6|6|6|6|6|6|6|7
29687,6,False,6,1,6,6|8|6|6|6|6|6|6|6|6
29689,8,False,8,0,8,8|8|8|8|8|8|8|8|8|8
29695,0,True,8,10,8,8|8|8|8|8|8|8|8|8|8
29696,6,False,6,1,6,6|8|6|6|6|6|6|6|6|6
29701,3,False,3,0,3,3|3|3|3|3|3|3|3|3|3
29729,0,False,0,0,0,0|0|0|0|0|0|0|0|0|0
29732,6,True,0,10,0,0|0|0|0|2|2|0|0|0|2
29741,4,True,7,10,7,7|7|7|7|7|7|7|7|7|7
29771,4,False,4,0,4,4|4|4|4|4|4|4|4|4|4
29778,7,False,7,2,7,7|4|7|7|7|7|4|7|7|7
29794,1,False,1,4,1,1|1|2|1|2|1|5|1|2|1
29804,1,True,5,10,5,5|3|5|5|2|5|3|3|5|5
29805,9,False,9,0,9,9|9|9|9|9|9|9|9|9|9
29815,7,True,6,10,4,4|4|4|4|4|4|4|4|4|4
29818,5,False,5,10,3,4|3|3|3|3|3|3|3|7|3
29819,6,True,0,10,0,0|0|0|0|0|0|0|0|0|0
29841,4,False,4,0,4,4|4|4|4|4|4|4|4|4|4
29868,8,False,8,10,2,2|1|2|1|2|1|5|1|2|2
29871,1,True,3,10,3,3|3|3|3|3|3|3|3|3|3
29873,8,False,8,0,8,8|8|8|8|8|8|8|8|8|8
29875,1,False,1,4,1,1|5|1|1|1|5|5|1|1|5
29889,6,False,6,0,6,6|6|6|6|6|6|6|6|6|6
29896,5,False,5,4,5,1|3|3|5|5|5|5|4|5|5
29911,5,True,1,9,1,1|5|1|1|1|1|1|1|1|1
29913,6,False,6,2,6,6|6|6|6|7|6|6|6|6|7
29930,8,False,8,0,8,8|8|8|8|8|8|8|8|8|8
29932,5,True,1,8,1,1|5|2|1|1|1|5|1|2|1
29934,8,False,8,0,8,8|8|8|8|8|8|8|8|8|8
29937,9,True,7,9,7,7|7|7|7|9|7|7|7|7|7
29938,5,True,9,10,9,9|9|9|9|9|9|9|9|9|9
29945,2,True,5,10,5,5|5|5|5|5|5|5|5|7|5
29990,9,False,9,2,9,5|9|9|9|9|9|9|9|9|2
29996,1,True,5,10,5,5|5|5|5|5|5|5|5|5|5
29999,1,False,1,6,2,2|1|2|1|2|1|5|1|2|2
30005,2,False,2,4,2,4|4|2|2|4|2|2|4|2|2
30012,6,False,6,1,6,6|6|6|6|6|6|6|6|2|6
30019,1,False,1,6,2,1|1|2|1|2|1|5|2|2|2
30038,9,False,9,0,9,9|9|9|9|9|9|9|9|9|9
30041,8,True,6,10,6,6|6|6|6|6|6|6|6|6|6
30045,9,True,2,10,2,6|2|2|2|2|6|2|2|2|2
30055,3,False,3,1,3,3|3|3|3|3|3|3|7|3|3
30057,7,True,6,10,6,6|8|6|6|6|6|6|6|6|6
30059,3,False,3,1,3,3|3|3|3|3|3|3|9|3|3
30065,4,True,7,9,7,7|7|7|7|7|7|7|7|7|4
30090,5,False,5,0,5,5|5|5|5|5|5|5|5|5|5
30104,1,False,1,6,2,1|1|2|1|2|1|5|2|2|2
30117,4,True,2,9,2,2|1|2|2|2|2|2|2|2|4
30120,6,True,1,9,9,5|9|9|3|9|6|9|9|9|9
30134,1,True,5,10,5,5|5|3|5|3|5|5|5|5|5
30135,1,False,1,5,1,8|1|8|1|1|1|5|5|1|8
30141,0,False,0,0,0,0|0|0|0|0|0|0|0|0|0
30145,9,True,2,10,2,2|2|2|2|2|2|2|2|2|2
30155,5,False,5,2,5,5|5|3|5|2|5|5|5|5|5
30165,1,False,1,8,5,5|5|2|1|2|1|5|9|9|5
30166,2,True,1,9,1,1|1|1|1|1|1|5|1|2|5
30178,9,False,9,9,5,5|5|9|5|1|5|5|5|5|5
30184,7,False,7,0,7,7|7|7|7|7|7|7|7|7|7
30187,7,False,7,0,7,7|7|7|7|7|7|7|7|7|7
30189,5,False,5,0,5,5|5|5|5|5|5|5|5|5|5
30195,7,False,7,0,7,7|7|7|7|7|7|7|7|7|7
30197,7,False,7,0,7,7|7|7|7|7|7|7|7|7|7
30200,6,True,0,10,0,0|0|0|0|0|0|0|0|0|0
30210,8,False,8,0,8,8|8|8|8|8|8|8|8|8|8
30222,7,True,6,10,6,6|6|6|6|6|6|6|6|6|6
30230,1,True,4,10,4,2|4|6|4|4|4|2|4|4|4
30258,2,False,2,0,2,2|2|2|2|2|2|2|2|2|2
30269,1,False,1,7,5,1|5|1|5|1|5|5|5|9|5
30274,9,True,7,10,7,7|7|7|7|7|7|7|7|7|7
30275,5,False,5,5,5,5|5|1|5|2|5|9|2|2|5
30279,5,False,5,0,5,5|5|5|5|5|5|5|5|5|5
30289,4,False,4,0,4,4|4|4|4|4|4|4|4|4|4
30300,4,False,4,1,4,4|4|4|4|3|4|4|4|4|4
30304,6,True,0,10,0,0|0|0|0|0|0|0|0|0|0
30308,1,True,5,10,5,5|5|5|5|3|5|5|5|3|3
30312,2,False,2,4,2,0|2|2|4|2|5|2|1|2|2
30331,6,True,0,10,0,0|0|0|0|0|0|0|0|0|0
30333,2,False,2,0,2,2|2|2|2|2|2|2|2|2|2
30337,5,False,5,7,3,5|3|3|3|5|5|3|3|3|3
30348,7,False,7,0,7,7|7|7|7|7|7|7|7|7|7
30352,2,False,2,8,4,4|4|4|2|4|4|4|4|4|2
30359,5,False,5,1,5,5|5|5|5|5|5|5|5|3|5
30377,2,False,2,9,4,4|4|4|6|4|4|4|4|4|2
30387,1,True,5,10,5,5|5|5|5|5|5|5|5|5|5
30414,4,False,4,0,4,4|4|4|4|4|4|4|4|4|4
30426,0,False,0,0,0,0|0|0|0|0|0|0|0|0|0
30433,8,False,8,0,8,8|8|8|8|8|8|8|8|8|8
30434,2,True,7,10,7,7|7|7|7|7|7|7|7|7|7
30440,6,True,0,10,0,0|0|0|0|8|0|0|0|0|0
30463,1,False,1,7,2,2|1|2|1|2|2|5|1|2|5
30473,5,False,5,0,5,5|5|5|5|5|5|5|5|5|5
30494,8,True,6,7,6,6|6|8|6|6|6|8|8|6|6
30503,5,True,9,10,9,9|9|9|9|9|9|9|9|9|9
30515,1,True,8,10,8,8|8|8|8|8|8|8|8|8|8
30518,4,False,4,8,9,9|4|9|9|9|4|9|9|9|9
30522,1,True,4,10,4,4|0|4|0|4|4|4|4|4|4
30528,1,True,4,10,4,4|4|4|4|4|4|4|4|4|4
30541,1,True,3,9,5,7|3|3|5|5|5|3|1|7|5
30565,9,False,9,0,9,9|9|9|9|9|9|9|9|9|9
30576,6,False,6,9,8,6|8|8|8|8|8|8|8|8|8
30584,9,True,2,10,2,2|2|2|2|2|2|2|2|2|2
30591,0,False,0,0,0,0|0|0|0|0|0|0|0|0|0
30623,9,False,9,9,1,1|1|1|1|1|5|5|9|1|1
30637,9,False,9,0,9,9|9|9|9|9|9|9|9|9|9
30647,8,False,8,0,8,8|8|8|8|8|8|8|8|8|8
30653,3,False,3,0,3,3|3|3|3|3|3|3|3|3|3
30662,5,False,5,0,5,5|5|5|5|5|5|5|5|5|5
30664,8,False,8,2,8,8|8|8|8|8|8|0|8|0|8
30669,0,True,2,10,2,2|9|2|2|2|2|2|2|2|2
30683,1,True,3,10,2,2|5|2|3|2|4|2|2|2|4
30685,4,True,6,10,6,6|6|6|6|6|6|6|6|6|6
30696,5,True,1,8,1,5|1|1|1|2|1|1|1|5|2
30698,5,False,5,1,5,5|5|5|5|2|5|5|5|5|5
30699,0,False,0,0,0,0|0|0|0|0|0|0|0|0|0
30712,1,False,1,8,5,5|5|1|1|5|5|5|9|5|5
30713,2,True,5,9,3,5|3|9|2|5|3|3|7|3|3
30714,1,False,1,7,5,5|5|1|1|5|5|5|1|5|5
30724,6,False,6,0,6,6|6|6|6|6|6|6|6|6|6
30729,5,True,9,10,9,9|9|9|9|9|9|9|9|9|9
30745,1,True,8,10,8,8|8|8|8|8|8|8|8|8|8
30750,1,False,1,7,2,2|1|2|1|2|1|2|2|2|2
30756,3,False,3,3,3,3|3|3|3|3|1|3|9|2|3
30771,9,False,9,0,9,9|9|9|9|9|9|9|9|9|9
30781,7,False,7,0,7,7|7|7|7|7|7|7|7|7|7
30783,1,False,1,2,1,1|5|1|1|1|1|5|1|1|1
30796,5,True,9,10,9,9|9|9|9|9|9|9|9|9|9
30816,6,False,6,1,6,6|6|6|6|7|6|6|6|6|6
30834,2,False,2,8,3,2|7|6|3|2|3|6|3|3|7
30868,3,False,3,0,3,3|3|3|3|3|3|3|3|3|3
30869,4,False,4,0,4,4|4|4|4|4|4|4|4|4|4
30872,8,False,8,10,3,2|1|3|1|3|4|2|2|3|3
30887,2,False,2,0,2,2|2|2|2|2|2|2|2|2|2
30892,4,False,4,0,4,4|4|4|4|4|4|4|4|4|4
30902,2,True,1,7,5,5|5|2|1|2|1|5|1|2|5
30909,0,False,0,0,0,0|0|0|0|0|0|0|0|0|0
30912,1,False,1,4,1,1|5|1|1|1|5|5|5|1|1
30917,1,True,4,10,4,4|4|4|4|4|4|4|4|4|4
30924,0,False,0,0,0,0|0|0|0|0|0|0|0|0|0
30941,1,True,8,10,8,8|8|8|8|8|8|8|8|8|8
30951,1,False,1,0,1,1|1|1|1|1|1|1|1|1|1
30952,5,False,5,0,5,5|5|5|5|5|5|5|5|5|5
30955,8,False,8,0,8,8|8|8|8|8|8|8|8|8|8
30959,6,True,0,10,0,0|0|0|0|0|0|0|0|0|0
30962,1,True,4,10,4,4|4|4|4|4|4|4|4|4|4
30963,0,False,0,0,0,0|0|0|0|0|0|0|0|0|0
30968,0,False,0,0,0,0|0|0|0|0|0|0|0|0|0
30988,0,True,2,10,2,7|3|2|3|2|2|3|2|2|2
31003,6,True,4,10,4,3|4|4|4|4|4|4|4|4|5
31017,5,False,5,10,7,7|7|7|7|7|7|7|7|7|7
31041,2,False,2,1,2,2|9|2|2|2|2|2|2|2|2
31048,0,False,0,0,0,0|0|0|0|0|0|0|0|0|0
31050,3,False,3,0,3,3|3|3|3|3|3|3|3|3|3
31059,1,True,5,10,5,5|5|2|5|3|5|5|5|5|5
31075,7,True,4,9,4,4|4|2|2|4|4|7|2|4|2
31093,3,True,7,5,3,5|3|3|3|3|3|5|1|5|5
31095,5,True,9,10,9,9|9|9|9|9|9|9|9|9|9
31098,6,True,0,10,0,0|0|0|0|0|0|0|0|0|0
31100,5,True,1,9,2,2|1|2|1|2|1|5|2|2|1
31122,5,True,1,9,1,1|1|1|1|1|1|5|2|2|1
31124,1,True,4,10,3,3|3|3|3|3|3|3|3|3|3
31129,1,True,5,10,7,7|7|7|7|3|7|7|7|7|7
31130,9,True,2,10,2,2|2|2|2|2|2|2|2|2|2
31131,8,False,8,1,8,8|8|8|8|8|0|8|8|8|8
31154,7,False,7,6,3,7|7|9|3|7|3|3|3|7|3
31156,3,True,7,10,5,5|5|9|5|5|5|5|2|5|5
31170,8,False,8,10,0,9|7|0|0|6|9|0|0|9|0
31187,8,False,8,2,8,8|0|8|8|8|0|8|8|8|8
31191,9,True,2,10,2,2|2|2|2|2|2|2|2|2|2
31203,1,False,1,6,2,2|1|2|1|2|1|2|1|2|2
31205,5,True,9,10,9,9|9|9|9|9|9|9|9|9|9
31226,1,True,5,10,5,5|5|3|5|5|5|5|5|5|5
31234,5,False,5,0,5,5|5|5|5|5|5|5|5|5|5
31235,6,False,6,1,6,6|8|6|6|6|6|6|6|6|6
31236,7,False,7,0,7,7|7|7|7|7|7|7|7|7|7
31262,3,True,7,10,7,7|7|7|7|2|4|7|7|7|7
31305,4,False,4,8,1,5|1|4|1|8|9|5|1|4|8
31328,1,True,8,10,8,8|8|8|8|8|8|8|8|8|8
31330,5,False,5,10,3,3|3|3|3|3|3|3|3|3|3
31351,5,True,1,7,1,1|5|0|5|6|1|9|1|1|5
31361,9,True,2,10,2,2|2|2|2|2|2|2|2|2|2
31364,7,False,7,1,7,7|7|7|7|7|7|7|7|7|9
31365,4,False,4,3,4,4|4|4|4|3|3|4|4|4|3
31366,1,True,3,10,5,5|5|3|5|3|5|5|5|5|5
31377,2,False,2,0,2,2|2|2|2|2|2|2|2|2|2
31382,7,True,6,10,6,6|6|6|6|6|6|6|6|6|6
31399,5,True,9,10,9,9|9|9|9|9|9|9|9|9|9
31406,3,False,3,2,3,3|3|3|3|3|1|3|1|3|3
31412,0,False,0,0,0,0|0|0|0|0|0|0|0|0|0
31415,3,False,3,0,3,3|3|3|3|3|3|3|3|3|3
31417,1,True,8,8,8,8|8|6|1|8|1|8|8|2|5
31419,2,False,2,5,2,9|9|9|5|2|2|2|2|2|7
31430,9,True,6,10,6,6|6|6|6|6|6|6|6|6|6
31435,0,False,0,0,0,0|0|0|0|0|0|0|0|0|0
31463,3,False,3,0,3,3|3|3|3|3|3|3|3|3|3
31471,0,False,0,1,0,0|0|0|0|6|0|0|0|0|0
31487,8,True,6,9,6,6|8|6|6|6|6|6|6|6|6
31490,5,True,9,10,9,9|9|9|9|9|9|9|9|9|9
31491,2,True,7,10,7,7|7|7|7|7|7|7|7|7|7
31507,1,True,4,10,7,4|4|7|7|3|4|4|7|7|7
31509,9,False,9,0,9,9|9|9|9|9|9|9|9|9|9
31513,7,False,7,0,7,7|7|7|7|7|7|7|7|7|7
31521,0,False,0,0,0,0|0|0|0|0|0|0|0|0|0
31527,3,False,3,9,-1,6|0|2|8|2|8|0|8|2|3
31529,7,False,7,10,3,3|2|3|3|3|2|3|3|2|5
31530,0,True,8,10,8,8|8|8|8|8|8|8|8|8|8
31555,5,False,5,3,5,5|5|6|5|5|1|5|1|5|5
31557,5,False,5,6,3,5|3|5|5|3|5|3|3|3|3
31562,0,True,2,10,2,2|2|2|2|2|2|2|2|2|2
31575,6,False,6,4,6,6|8|6|6|6|8|6|8|6|8
31580,2,True,6,8,6,2|5|6|6|2|6|1|6|7|6
31614,2,False,2,2,2,2|5|9|2|2|2|2|2|2|2
31616,6,False,6,3,6,6|7|6|7|6|6|6|6|7|6
31622,6,False,6,0,6,6|6|6|6|6|6|6|6|6|6
31624,2,True,7,10,7,7|7|7|7|7|7|9|7|7|9
31629,6,False,6,1,6,6|6|8|6|6|6|6|6|6|6
31642,4,False,4,8,0,0|0|3|6|6|4|4|0|0|6
31649,3,False,3,10,2,2|2|2|2|2|2|2|2|2|2
31661,1,True,8,10,8,8|8|8|8|8|8|8|8|8|8
31680,8,False,8,0,8,8|8|8|8|8|8|8|8|8|8
31683,1,True,4,10,-1,2|4|4|2|2|2|2|4|4|4
31684,2,False,2,3,2,2|0|2|2|0|2|2|2|0|2
31688,1,True,5,10,3,5|3|3|5|3|3|3|3|3|3
31691,4,True,2,9,6,2|4|6|6|6|6|2|6|2|2
31697,8,False,8,0,8,8|8|8|8|8|8|8|8|8|8
31699,4,False,4,6,4,0|1|0|4|0|4|2|4|4|2
31707,2,False,2,2,2,2|4|2|2|2|2|2|4|2|2
31717,8,False,8,0,8,8|8|8|8|8|8|8|8|8|8
31729,1,True,5,10,5,5|5|5|5|2|5|5|5|7|5
31739,7,False,7,0,7,7|7|7|7|7|7|7|7|7|7
31762,1,True,8,10,8,8|8|8|8|8|8|8|8|8|8
31774,5,True,9,10,9,9|9|9|9|9|9|9|9|9|9
31775,4,False,4,3,4,4|4|4|4|4|6|2|4|4|2
31777,7,False,7,4,7,7|7|9|7|0|7|0|6|7|7
31790,9,False,9,3,9,5|5|9|9|9|9|5|9|9|9
31807,7,False,7,0,7,7|7|7|7|7|7|7|7|7|7
31825,1,True,3,9,3,3|2|3|3|3|3|3|1|3|3
31847,7,False,7,0,7,7|7|7|7|7|7|7|7|7|7
31852,6,False,6,0,6,6|6|6|6|6|6|6|6|6|6
31858,6,False,6,1,6,6|8|6|6|6|6|6|6|6|6
31862,5,True,9,10,9,9|9|9|9|9|9|9|9|9|9
31873,7,False,7,8,8,0|8|8|0|7|8|8|6|7|8
31875,5,False,5,9,-1,4|4|3|5|6|6|4|7|3|3
31876,9,True,7,9,7,7|4|4|9|4|7|7|7|7|7
31911,9,False,9,3,9,9|9|9|7|9|5|9|9|9|5
31960,5,False,5,8,6,3|6|6|5|1|6|3|6|5|6
31977,2,True,5,10,3,3|7|9|5|5|6|3|3|7|3
31981,8,False,8,0,8,8|8|8|8|8|8|8|8|8|8
31994,1,True,5,10,5,5|5|5|5|5|5|5|5|5|5
32001,5,False,5,5,5,5|3|3|5|5|5|3|1|3|5
32006,3,False,3,0,3,3|3|3|3|3|3|3|3|3|3
32027,8,True,6,10,6,6|6|6|6|6|6|6|6|6|6
32029,1,True,4,10,4,4|4|4|4|4|4|4|4|4|4
32068,9,True,7,10,4,3|4|4|7|3|4|4|7|7|5
32077,1,True,8,10,8,8|8|8|8|8|8|8|8|8|8
32078,6,True,0,9,0,0|0|6|0|0|0|0|0|0|0
32100,4,False,4,0,4,4|4|4|4|4|4|4|4|4|4
32102,5,True,9,10,9,9|9|9|9|9|9|9|9|9|9
32111,1,True,8,10,8,8|8|8|8|8|8|8|8|8|8
32127,2,False,2,2,2,2|4|2|2|4|2|2|2|2|2
32144,6,True,0,10,0,0|0|0|0|0|0|0|0|0|0
32147,1,False,1,3,1,2|5|1|1|1|1|1|1|2|1
32153,9,True,2,10,2,2|2|2|2|2|2|2|2|2|2
32162,3,True,7,1,3,3|3|7|3|3|3|3|3|3|3
32165,8,False,8,0,8,8|8|8|8|8|8|8|8|8|8
32168,1,False,1,8,5,5|5|1|5|6|5|5|1|5|5
32185,7,False,7,4,7,4|4|7|7|3|4|7|7|7|7
32190,6,True,0,10,0,0|0|8|0|8|0|0|0|0|0
32197,7,True,6,6,6,6|6|7|7|7|6|6|6|7|6
32206,0,False,0,0,0,0|0|0|0|0|0|0|0|0|0
32210,1,False,1,3,1,2|1|1|1|2|1|5|1|1|1
32224,4,False,4,0,4,4|4|4|4|4|4|4|4|4|4
32244,1,True,4,10,4,4|4|4|4|4|4|4|4|4|4
32247,6,True,0,10,0,0|0|0|0|0|0|0|0|0|0
32251,6,True,0,10,0,0|0|0|0|0|0|0|0|0|0
32256,0,False,0,0,0,0|0|0|0|0|0|0|0|0|0
32271,1,True,8,10,8,8|8|8|8|8|8|8|8|8|8
32278,9,True,2,10,2,2|2|2|2|2|2|2|2|2|2
32281,1,True,8,10,-1,0|8|8|0|8|0|0|0|8|8
32284,4,False,4,1,4,4|4|4|4|4|4|4|4|7|4
32296,9,True,7,10,7,7|7|7|7|7|7|7|7|7|7
32297,3,False,3,0,3,3|3|3|3|3|3|3|3|3|3
32324,5,False,5,5,5,5|5|5|5|3|3|3|1|3|5
32329,3,True,7,10,7,7|7|7|7|7|7|7|7|7|7
32339,8,True,6,6,6,6|8|8|6|6|6|8|8|6|6
32357,8,False,8,0,8,8|8|8|8|8|8|8|8|8|8
32388,4,False,4,0,4,4|4|4|4|4|4|4|4|4|4
32410,1,False,1,5,1,8|1|1|8|1|1|5|1|9|8
32427,5,False,5,0,5,5|5|5|5|5|5|5|5|5|5
32430,2,False,2,7,5,2|5|2|5|5|1|5|5|2|5
32467,2,False,2,7,0,0|2|0|2|0|0|0|0|2|0
32471,0,False,0,0,0,0|0|0|0|0|0|0|0|0|0
32474,1,False,1,3,1,1|5|1|1|1|1|5|1|1|5
32483,0,False,0,1,0,0|0|0|0|2|0|0|0|0|0
32490,4,True,7,7,7,7|7|4|4|4|7|7|7|7|7
32493,6,False,6,0,6,6|6|6|6|6|6|6|6|6|6
32496,1,True,4,10,4,4|4|4|4|4|4|4|4|7|3
32505,0,False,0,0,0,0|0|0|0|0|0|0|0|0|0
32508,6,True,0,10,0,0|0|0|0|0|0|0|0|0|0
32511,1,True,5,10,2,2|8|2|2|5|5|2|2|3|2
32517,3,False,3,0,3,3|3|3|3|3|3|3|3|3|3
32535,4,False,4,0,4,4|4|4|4|4|4|4|4|4|4
32540,1,True,8,10,8,8|8|8|8|8|8|8|8|8|8
32542,1,True,4,10,4,4|4|4|4|4|4|4|4|4|4
32545,7,False,7,1,7,4|7|7|7|7|7|7|7|7|7
32570,2,False,2,7,3,3|2|3|1|4|2|2|3|3|3
32574,8,False,8,4,8,6|8|8|8|2|8|8|6|8|6
32587,2,False,2,6,4,4|4|4|4|2|2|4|2|4|2
32600,5,True,9,7,9,5|5|9|5|9|9|9|9|9|9
32602,6,True,0,10,0,0|0|0|0|0|0|0|0|0|0
32617,0,False,0,0,0,0|0|0|0|0|0|0|0|0|0
32627,6,True,0,10,0,0|0|0|0|0|0|0|0|0|0
32643,4,False,4,0,4,4|4|4|4|4|4|4|4|4|4
32645,4,False,4,1,4,4|4|4|4|4|4|4|4|4|6
32657,1,True,4,10,4,4|4|4|4|4|4|4|4|4|4
32660,3,True,7,10,7,7|4|7|7|7|7|7|7|7|7
32665,5,True,1,6,1,5|5|1|1|1|1|5|1|1|5
32676,1,True,8,10,8,8|8|8|8|8|8|8|8|8|8
32677,1,True,5,10,5,5|5|5|5|5|5|5|5|5|5
32686,1,True,3,10,-1,3|8|0|8|3|3|8|3|8|0
32704,7,False,7,3,7,7|4|7|7|7|7|7|7|4|4
32718,0,False,0,0,0,0|0|0|0|0|0|0|0|0|0
32738,8,False,8,0,8,8|8|8|8|8|8|8|8|8|8
32747,5,False,5,4,5,5|3|5|5|3|3|5|5|3|5
32751,1,True,5,10,5,5|5|5|5|5|5|5|5|5|5
32779,4,True,7,10,5,2|0|6|5|5|5|5|2|7|5
32787,1,False,1,10,0,0|0|0|0|0|0|0|0|0|0
32792,2,False,2,0,2,2|2|2|2|2|2|2|2|2|2
32813,3,False,3,0,3,3|3|3|3|3|3|3|3|3|3
32816,9,True,2,10,2,0|2|2|6|2|2|2|2|2|2
32819,8,False,8,3,8,1|8|8|8|8|1|8|1|8|8
32832,8,False,8,0,8,8|8|8|8|8|8|8|8|8|8
32833,1,True,5,10,5,5|5|5|5|5|5|5|5|5|5
32842,1,True,4,10,4,4|4|4|4|4|4|4|4|4|4
32846,3,False,3,0,3,3|3|3|3|3|3|3|3|3|3
32847,1,False,1,6,5,1|5|1|1|5|5|5|5|1|5
32856,6,False,6,4,6,6|0|0|0|6|6|6|6|0|6
32857,0,False,0,6,9,0|9|9|9|0|9|9|0|9|0
32870,0,False,0,3,0,0|0|4|0|0|4|4|0|0|0
32874,6,True,0,10,0,0|0|0|0|0|0|0|0|0|0
32883,2,True,1,8,1,1|1|1|1|2|1|5|1|2|5
32884,0,False,0,0,0,0|0|0|0|0|0|0|0|0|0
32900,1,True,5,10,5,5|5|5|5|5|5|5|5|5|5
32917,3,False,3,4,3,4|1|3|3|3|3|4|3|4|3
32936,3,False,3,0,3,3|3|3|3|3|3|3|3|3|3
32940,9,False,9,5,9,5|9|9|5|6|5|5|9|9|9
32970,6,False,6,1,6,6|6|6|6|6|6|6|6|6|8
32971,0,False,0,0,0,0|0|0|0|0|0|0|0|0|0
32976,5,False,5,4,5,5|5|5|3|2|5|3|7|5|5
32978,5,False,5,2,5,5|5|3|5|5|5|5|1|5|5
32983,1,False,1,1,1,1|5|1|1|1|1|1|1|1|1
32999,1,True,5,9,5,5|5|6|1|6|5|9|5|5|5
33008,3,False,3,0,3,3|3|3|3|3|3|3|3|3|3
33009,7,False,7,6,3,7|3|7|7|3|3|3|7|3|3
33025,5,True,9,8,9,9|9|9|9|9|5|9|9|9|5
33057,4,False,4,7,-1,5|3|4|5|1|3|3|4|4|5
33067,1,True,5,10,5,5|5|5|5|5|5|5|5|5|5
33076,0,False,0,1,0,0|8|0|0|0|0|0|0|0|0
33083,9,True,2,9,2,2|2|0|9|2|2|2|2|2|2
33095,1,True,4,10,4,4|4|4|4|4|4|4|4|4|4
33100,5,True,3,10,3,7|3|3|7|7|3|3|3|3|3
33112,9,True,1,10,5,5|1|2|5|1|1|5|5|2|2
33121,2,False,2,7,6,4|8|2|6|2|4|2|6|6|6
33133,1,True,3,10,4,4|4|3|7|4|4|7|7|4|4
33135,2,False,2,3,2,2|9|9|9|2|2|2|2|2|2
33136,2,True,5,10,3,3|3|3|1|3|3|3|3|3|3
33137,4,True,2,10,2,2|2|2|2|2|2|2|2|2|2
33141,6,False,6,1,6,6|6|6|6|6|6|6|6|6|7
33144,5,True,9,10,9,9|9|9|9|9|9|9|9|9|9
33146,0,False,0,0,0,0|0|0|0|0|0|0|0|0|0
33164,2,True,1,9,-1,5|5|1|1|2|1|5|1|9|5
33166,2,True,5,10,5,5|5|5|5|5|5|5|5|5|5
33167,4,False,4,2,4,4|4|4|4|4|4|2|4|4|2
33188,2,True,1,6,1,1|1|2|1|2|1|5|1|2|2
33205,9,True,2,9,2,2|4|2|9|2|2|2|2|2|2
33218,2,False,2,0,2,2|2|2|2|2|2|2|2|2|2
33225,1,True,8,10,8,8|8|8|8|8|8|8|8|8|8
33244,6,False,6,10,2,2|3|2|3|2|2|0|2|2|5
33249,6,True,0,10,0,0|0|0|0|0|0|0|0|0|0
33251,6,False,6,3,6,6|5|6|6|6|6|6|9|7|6
33256,7,True,6,10,6,6|6|6|6|6|6|6|6|6|6
33275,3,False,3,3,3,3|3|3|3|1|3|3|8|3|5
33278,8,True,6,10,6,2|6|6|6|2|6|6|6|2|6
33293,9,True,2,10,2,2|2|2|2|2|2|2|2|2|2
33310,2,False,2,0,2,2|2|2|2|2|2|2|2|2|2
33320,5,False,5,0,5,5|5|5|5|5|5|5|5|5|5
33333,5,False,5,10,2,2|0|6|2|2|2|0|2|2|2
33346,1,True,3,10,3,3|3|3|5|3|3|3|3|3|3
33364,8,True,6,4,8,6|8|8|6|8|8|8|6|6|8
33367,6,False,6,1,6,6|8|6|6|6|6|6|6|6|6
33379,2,False,2,1,2,2|2|6|2|2|2|2|2|2|2
33402,6,False,6,2,6,6|8|8|6|6|6|6|6|6|6
33410,8,False,8,1,8,8|8|8|8|8|0|8|8|8|8
33414,0,False,0,1,0,2|0|0|0|0|0|0|0|0|0
33421,6,True,0,10,0,0|0|0|0|0|0|0|0|0|0
33424,1,True,5,10,5,3|5|3|5|5|5|5|5|5|5
33425,7,True,6,10,6,6|8|6|6|6|6|6|6|6|6
33431,5,True,9,10,9,9|9|9|9|9|9|9|9|9|9
33441,8,False,8,0,8,8|8|8|8|8|8|8|8|8|8
33445,2,False,2,0,2,2|2|2|2|2|2|2|2|2|2
33455,5,False,5,1,5,5|5|5|5|5|5|5|5|3|5
33469,7,False,7,2,7,4|7|7|7|7|7|7|7|7|4
33475,7,False,7,0,7,7|7|7|7|7|7|7|7|7|7
33480,4,False,4,8,5,5|3|5|5|2|5|5|4|4|3
33495,7,False,7,5,7,7|3|3|7|3|5|3|7|7|7
33499,4,False,4,0,4,4|4|4|4|4|4|4|4|4|4
33510,0,False,0,0,0,0|0|0|0|0|0|0|0|0|0
33511,3,False,3,0,3,3|3|3|3|3|3|3|3|3|3
33514,6,True,0,10,0,0|8|0|0|0|0|0|0|0|0
33515,1,True,4,10,3,7|4|3|3|3|3|3|7|7|3
33519,0,True,2,10,2,2|4|2|2|2|3|3|4|2|5
33528,6,False,6,7,-1,7|7|6|7|0|3|6|6|3|3
33533,8,False,8,2,8,0|8|8|8|8|8|8|8|2|8
33552,5,False,5,4,5,3|5|3|5|3|5|5|3|5|5
33561,1,False,1,3,1,1|5|1|1|1|1|5|1|1|5
33570,8,False,8,0,8,8|8|8|8|8|8|8|8|8|8
33574,1,True,4,10,4,4|3|2|2|4|4|4|4|4|2
33575,2,False,2,1,2,2|9|2|2|2|2|2|2|2|2
33585,7,False,7,1,7,7|7|7|7|7|7|7|7|7|9
33586,1,True,4,10,2,2|2|2|4|2|2|2|2|2|2
33600,3,False,3,4,3,6|3|3|3|6|6|6|3|3|3
33605,7,False,7,4,7,7|4|9|3|7|7|9|7|7|7
33646,1,False,1,10,8,8|8|8|8|8|8|8|8|9|8
33647,0,False,0,0,0,0|0|0|0|0|0|0|0|0|0
33650,1,False,1,9,5,5|5|9|5|1|5|9|9|9|5
33664,4,False,4,0,4,4|4|4|4|4|4|4|4|4|4
33665,9,False,9,1,9,5|9|9|9|9|9|9|9|9|9
33668,9,False,9,1,9,0|9|9|9|9|9|9|9|9|9
33671,5,True,9,10,9,9|9|9|9|9|9|9|9|9|9
33681,9,True,7,9,7,7|7|7|7|7|7|9|7|7|7
33687,6,False,6,2,6,6|8|6|6|7|6|6|6|6|6
33716,8,False,8,0,8,8|8|8|8|8|8|8|8|8|8
33733,6,False,6,1,6,6|8|6|6|6|6|6|6|6|6
33746,9,False,9,0,9,9|9|9|9|9|9|9|9|9|9
33768,5,False,5,1,5,5|5|3|5|5|5|5|5|5|5
33788,3,False,3,2,3,3|3|3|3|5|5|3|3|3|3
33805,7,False,7,3,7,7|7|9|7|7|7|9|9|7|7
33806,5,True,9,10,9,9|9|9|9|9|9|9|9|9|9
33807,4,False,4,0,4,4|4|4|4|4|4|4|4|4|4
33826,4,False,4,0,4,4|4|4|4|4|4|4|4|4|4
33827,1,True,4,10,4,4|4|4|4|4|4|4|4|4|4
33833,3,False,3,0,3,3|3|3|3|3|3|3|3|3|3
33841,3,False,3,0,3,3|3|3|3|3|3|3|3|3|3
33863,1,True,4,10,4,4|4|4|4|4|4|4|4|4|4
33879,3,False,3,7,6,6|7|3|7|3|6|6|6|7|3
33905,0,False,0,6,0,2|5|6|0|6|0|9|7|0|0
33961,4,False,4,0,4,4|4|4|4|4|4|4|4|4|4
33962,5,False,5,2,5,5|5|2|5|3|5|5|5|5|5
33963,1,False,1,7,5,5|5|1|5|5|1|5|1|5|5
33989,5,False,5,1,5,5|5|5|5|2|5|5|5|5|5
33997,5,False,5,6,3,3|3|3|5|3|5|5|3|3|5
34000,3,False,3,4,3,3|5|9|3|3|3|5|9|3|3
34020,8,True,6,10,6,6|6|6|6|7|6|6|6|6|6
34027,5,False,5,0,5,5|5|5|5|5|5|5|5|5|5
34056,8,True,6,7,6,6|8|6|6|6|8|8|6|6|6
34059,5,False,5,9,7,7|7|9|5|3|7|7|4|7|7
34062,2,False,2,9,0,0|0|6|0|0|2|0|0|0|0
34064,1,False,1,5,1,1|1|2|1|1|5|5|1|5|5
34067,7,False,7,0,7,7|7|7|7|7|7|7|7|7|7
34073,5,True,9,9,9,9|9|9|9|9|5|9|9|9|9
34085,9,False,9,0,9,9|9|9|9|9|9|9|9|9|9
34087,4,False,4,0,4,4|4|4|4|4|4|4|4|4|4
34103,4,False,4,1,4,4|4|4|4|4|4|4|4|4|3
34106,6,True,0,10,0,0|0|0|0|0|0|0|0|0|0
34123,6,True,0,8,0,0|0|0|8|0|8|0|6|0|6
34144,4,False,4,0,4,4|4|4|4|4|4|4|4|4|4
34163,1,False,1,8,8,8|8|8|1|8|8|8|8|8|1
34173,0,False,0,0,0,0|0|0|0|0|0|0|0|0|0
34191,7,False,7,0,7,7|7|7|7|7|7|7|7|7|7
34192,5,False,5,3,5,5|3|3|5|5|5|5|3|5|5
34198,8,False,8,10,9,0|9|9|9|7|9|0|9|9|0
34204,3,False,3,0,3,3|3|3|3|3|3|3|3|3|3
34205,5,True,9,10,9,9|9|9|9|9|9|9|9|9|9
34209,6,False,6,2,6,6|6|6|6|6|8|6|6|6|8
34214,5,True,9,10,9,9|9|9|9|9|9|9|9|9|9
34216,1,True,5,9,5,5|5|3|5|3|5|5|1|3|5
34237,5,False,5,10,6,4|8|6|6|6|6|6|2|7|6
34257,7,False,7,0,7,7|7|7|7|7|7|7|7|7|7
34259,0,False,0,0,0,0|0|0|0|0|0|0|0|0|0
34268,9,True,2,9,2,2|9|2|2|2|2|2|2|2|2
34269,1,False,1,4,1,1|1|1|1|1|1|5|2|2|5
34277,7,False,7,7,-1,2|4|9|7|3|4|3|4|7|7
34278,1,False,1,4,1,1|1|2|1|2|1|5|1|2|1
34306,5,True,4,10,4,4|4|7|4|4|4|3|4|4|4
34320,2,False,2,0,2,2|2|2|2|2|2|2|2|2|2
34326,6,False,6,1,6,6|8|6|6|6|6|6|6|6|6
34327,1,False,1,6,-1,8|8|8|1|8|1|5|1|9|1
34349,5,True,1,5,5,5|5|1|1|6|5|5|9|9|5
34367,7,False,7,0,7,7|7|7|7|7|7|7|7|7|7
34383,5,False,5,9,4,4|3|4|4|5|1|3|4|7|4
34393,4,True,2,10,5,5|5|2|5|2|2|5|5|2|5
34400,5,True,1,9,1,1|1|1|1|1|1|5|1|2|1
34405,8,False,8,0,8,8|8|8|8|8|8|8|8|8|8
34431,7,True,4,10,4,4|4|4|4|4|4|4|4|4|4
34437,3,False,3,0,3,3|3|3|3|3|3|3|3|3|3
34443,6,False,6,1,6,6|8|6|6|6|6|6|6|6|6
34445,1,False,1,5,1,2|5|1|1|2|1|5|1|2|1
34476,5,False,5,0,5,5|5|5|5|5|5|5|5|5|5
34518,7,False,7,1,7,7|7|7|7|7|7|7|3|7|7
34524,1,True,5,10,3,3|4|3|5|3|4|4|7|3|3
34529,2,False,2,1,2,0|2|2|2|2|2|2|2|2|2
34548,2,True,1,10,1,1|5|1|1|1|1|5|1|1|5
34558,6,True,0,10,0,0|0|0|0|0|0|0|0|0|0
34576,8,False,8,4,8,0|8|0|0|8|8|0|8|8|8
34584,7,False,7,1,7,7|7|7|7|7|7|7|9|7|7
34604,4,False,4,6,6,4|4|4|6|4|6|6|6|6|6
34615,1,True,8,10,8,6|8|8|8|8|8|8|8|8|8
34620,5,True,2,10,2,2|2|2|2|2|2|2|2|2|2
34623,3,False,3,0,3,3|3|3|3|3|3|3|3|3|3
34624,2,False,2,1,2,2|2|6|2|2|2|2|2|2|2
34633,5,True,9,8,9,9|9|9|5|9|9|9|9|9|5
34639,2,False,2,0,2,2|2|2|2|2|2|2|2|2|2
34642,1,True,4,10,4,4|4|4|4|4|4|4|4|4|4
34668,4,False,4,0,4,4|4|4|4|4|4|4|4|4|4
34673,1,False,1,7,5,1|5|1|5|2|5|1|5|9|5
34698,2,False,2,2,2,2|2|2|2|4|2|2|2|2|4
34707,9,True,7,8,7,7|7|9|7|7|7|7|7|7|9
34724,0,False,0,0,0,0|0|0|0|0|0|0|0|0|0
34731,5,True,9,9,9,5|9|9|9|9|9|9|9|9|9
34742,3,False,3,5,3,3|3|6|3|3|6|6|8|7|3
34747,2,False,2,0,2,2|2|2|2|2|2|2|2|2|2
34756,1,True,3,10,3,3|3|3|3|3|3|3|3|3|3
34757,2,True,5,10,5,5|3|5|5|5|5|5|5|5|5
34764,6,False,6,0,6,6|6|6|6|6|6|6|6|6|6
34783,0,False,0,0,0,0|0|0|0|0|0|0|0|0|0
34786,8,True,6,8,6,2|8|6|6|6|8|2|6|6|2
34790,1,True,5,10,5,5|5|5|5|3|5|5|3|5|3
34804,6,False,6,1,6,6|8|6|6|6|6|6|6|6|6
34808,1,True,4,10,4,4|4|4|4|4|4|4|4|4|4
34822,3,False,3,0,3,3|3|3|3|3|3|3|3|3|3
34837,1,True,5,10,5,5|5|5|5|5|5|5|5|5|5
34846,5,False,5,0,5,5|5|5|5|5|5|5|5|5|5
34850,1,False,1,8,0,1|0|0|0|6|1|0|0|0|0
34857,6,False,6,2,6,6|8|6|6|6|8|6|6|6|6
34860,5,True,9,10,9,9|9|9|9|9|9|9|9|9|9
34875,6,False,6,2,6,6|8|6|6|6|8|6|6|6|6
34878,5,True,9,10,9,9|9|9|9|9|9|9|9|9|9
34905,1,False,1,5,-1,1|5|1|1|5|5|5|1|1|5
34910,8,False,8,0,8,8|8|8|8|8|8|8|8|8|8
34924,1,True,5,10,5,5|5|5|5|5|5|3|3|5|5
34933,3,False,3,0,3,3|3|3|3|3|3|3|3|3|3
34937,7,False,7,3,7,7|6|7|7|7|6|7|6|7|7
34939,4,False,4,1,4,4|4|4|4|4|4|4|4|4|2
34940,1,False,1,3,1,1|5|1|1|1|1|5|1|1|5
34943,9,False,9,0,9,9|9|9|9|9|9|9|9|9|9
34958,5,True,9,10,9,9|9|9|9|9|9|9|9|9|9
34968,2,False,2,7,0,2|4|2|2|0|6|0|0|0|6
34984,1,True,3,10,3,7|3|3|3|5|3|3|3|3|5
34995,5,True,9,5,5,1|5|1|5|1|1|5|5|9|5
35009,3,False,3,1,3,3|3|3|5|3|3|3|3|3|3
35029,5,False,5,0,5,5|5|5|5|5|5|5|5|5|5
35034,5,False,5,4,5,5|3|5|5|2|3|5|3|5|5
35036,1,True,8,10,8,8|8|8|8|8|8|8|8|8|8
35038,5,True,9,6,9,5|5|9|5|9|9|9|9|9|5
35045,4,False,4,8,3,3|3|3|4|2|3|3|4|3|3
35049,5,False,5,10,3,3|3|3|7|3|3|3|3|7|3
35054,1,True,4,10,-1,4|8|3|3|8|8|0|3|3|8
35065,2,False,2,0,2,2|2|2|2|2|2|2|2|2|2
35073,9,False,9,0,9,9|9|9|9|9|9|9|9|9|9
35084,8,False,8,0,8,8|8|8|8|8|8|8|8|8|8
35088,8,False,8,0,8,8|8|8|8|8|8|8|8|8|8
35094,8,True,6,10,2,2|3|2|6|4|4|2|2|2|2
35125,5,False,5,0,5,5|5|5|5|5|5|5|5|5|5
35143,4,False,4,0,4,4|4|4|4|4|4|4|4|4|4
35146,2,False,2,0,2,2|2|2|2|2|2|2|2|2|2
35158,9,True,7,10,7,7|7|7|7|7|7|7|7|7|7
35163,1,True,3,10,3,3|5|3|5|3|3|3|3|3|5
35180,1,True,4,10,4,4|4|4|4|4|4|4|4|4|4
35206,5,True,9,8,9,9|5|9|9|9|9|9|9|9|5
35212,2,True,4,10,4,4|4|4|4|4|4|4|4|4|4
35219,6,False,6,0,6,6|6|6|6|6|6|6|6|6|6
35238,7,False,7,2,7,7|4|7|7|7|3|7|7|7|7
35261,6,False,6,1,6,6|8|6|6|6|6|6|6|6|6
35264,1,False,1,2,1,5|1|1|1|1|1|5|1|1|1
35293,3,False,3,0,3,3|3|3|3|3|3|3|3|3|3
35299,3,False,3,5,3,3|5|6|3|3|5|6|3|3|5
35313,3,False,3,0,3,3|3|3|3|3|3|3|3|3|3
35317,0,False,0,0,0,0|0|0|0|0|0|0|0|0|0
35321,0,True,8,10,8,8|8|8|8|8|8|8|8|8|8
35333,7,False,7,4,7,3|7|3|7|7|3|3|7|7|7
35336,3,True,7,10,4,4|4|4|7|4|4|4|4|4|4
35360,2,False,2,1,2,2|2|2|7|2|2|2|2|2|2
35376,3,True,7,6,-1,0|3|7|3|7|3|7|0|3|7
35379,9,False,9,0,9,9|9|9|9|9|9|9|9|9|9
35393,5,True,9,10,9,9|9|9|9|9|9|9|9|9|9
35403,0,False,0,0,0,0|0|0|0|0|0|0|0|0|0
35422,6,True,0,10,0,0|0|0|0|0|0|0|0|0|0
35428,3,False,3,4,3,5|5|3|3|3|3|5|3|3|5
35435,6,False,6,0,6,6|6|6|6|6|6|6|6|6|6
35437,1,True,3,10,5,3|5|3|5|3|5|5|5|5|5
35442,3,False,3,0,3,3|3|3|3|3|3|3|3|3|3
35448,9,True,2,10,2,2|2|2|2|2|2|2|2|2|2
35456,6,True,0,10,9,9|9|9|9|0|9|9|9|0|0
35460,2,False,2,9,4,4|4|4|2|4|4|4|4|4|4
35463,3,False,3,6,3,3|5|3|5|9|8|8|8|3|3
35479,1,True,3,10,5,5|3|3|5|3|5|5|5|5|3
35485,2,True,7,10,7,7|7|7|7|7|7|3|7|7|7
35499,6,False,6,0,6,6|6|6|6|6|6|6|6|6|6
35540,1,True,8,10,8,8|8|8|8|8|8|8|8|8|8
35556,1,False,1,4,1,1|5|1|1|1|1|5|1|2|5
35558,9,False,9,7,5,1|5|9|5|6|9|5|9|1|5
35576,1,False,1,8,8,8|8|8|1|8|8|5|8|8|1
35578,8,False,8,0,8,8|8|8|8|8|8|8|8|8|8
35580,1,True,5,10,5,5|5|5|5|5|5|5|5|5|5
35600,6,False,6,0,6,6|6|6|6|6|6|6|6|6|6
35626,0,False,0,4,0,0|8|0|0|6|0|0|8|0|5
35627,2,True,5,9,5,5|5|5|5|5|2|3|5|5|7
35645,2,False,2,1,2,2|2|2|2|2|2|2|4|2|2
35659,6,False,6,2,6,6|6|6|6|7|6|6|6|6|7
35663,8,False,8,0,8,8|8|8|8|8|8|8|8|8|8
35664,6,False,6,1,6,6|8|6|6|6|6|6|6|6|6
35666,2,True,1,8,1,1|1|2|1|1|1|5|1|2|5
35685,6,True,0,10,8,0|8|0|0|8|8|0|8|8|8
35709,7,False,7,1,7,7|7|7|7|7|7|7|9|7|7
35712,2,True,5,8,3,3|3|2|3|2|3|5|5|5|3
35728,5,True,1,9,1,1|1|2|1|1|1|5|1|2|1
35734,9,True,2,9,2,2|9|2|2|2|2|2|2|2|2
35743,1,True,4,10,4,4|4|4|4|4|4|4|4|4|4
35745,6,False,6,6,8,8|8|8|8|6|6|8|8|6|6
35758,0,False,0,0,0,0|0|0|0|0|0|0|0|0|0
35761,6,True,0,10,0,0|0|0|0|0|0|0|0|0|0
35787,5,True,2,10,2,2|2|2|2|2|2|2|2|2|2
35791,4,False,4,9,-1,2|8|3|4|2|6|8|6|2|8
35820,0,False,0,0,0,0|0|0|0|0|0|0|0|0|0
35828,1,True,8,10,8,8|8|8|8|8|8|8|8|8|8
35842,5,False,5,0,5,5|5|5|5|5|5|5|5|5|5
35870,2,False,2,0,2,2|2|2|2|2|2|2|2|2|2
35882,2,False,2,8,4,4|4|2|4|4|4|2|4|4|4
35890,7,False,7,7,4,0|4|9|7|4|7|1|4|7|4
35901,5,True,2,10,2,2|2|2|2|2|2|2|2|2|2
35911,8,False,8,0,8,8|8|8|8|8|8|8|8|8|8
35912,1,True,8,10,8,8|8|8|8|0|0|8|8|8|0
35920,7,True,6,10,6,6|6|6|6|6|6|6|6|6|6
35922,7,False,7,3,7,7|7|9|7|3|7|3|7|7|7
35926,1,False,1,4,1,1|1|2|1|2|1|5|1|2|1
35941,1,True,5,10,5,5|5|5|5|2|5|5|5|5|5
35945,1,False,1,3,1,1|1|1|1|1|1|5|1|2|5
35994,1,True,3,10,3,3|3|3|3|3|3|3|3|3|3
36004,0,False,0,0,0,0|0|0|0|0|0|0|0|0|0
36008,1,True,4,10,4,4|4|4|4|6|4|4|8|4|4
36025,0,True,2,10,4,4|4|4|2|4|4|4|4|4|4
36026,1,True,3,10,3,3|3|3|3|3|3|3|3|3|3
36034,7,False,7,0,7,7|7|7|7|7|7|7|7|7|7
36036,3,False,3,0,3,3|3|3|3|3|3|3|3|3|3
36042,5,True,9,10,9,9|9|9|9|9|9|9|9|9|9
36055,0,False,0,1,0,0|4|0|0|0|0|0|0|0|0
36071,1,True,4,10,4,4|4|4|4|4|4|4|4|4|4
36072,2,False,2,0,2,2|2|2|2|2|2|2|2|2|2
36077,3,False,3,1,3,3|3|3|3|3|3|6|3|3|3
36081,1,False,1,4,1,1|5|5|1|1|5|1|1|1|5
36086,5,True,1,5,5,5|5|9|5|2|5|5|1|9|2
36088,9,False,9,0,9,9|9|9|9|9|9|9|9|9|9
36089,8,True,6,9,6,6|8|6|6|6|6|6|6|6|6
36113,3,False,3,6,-1,5|5|3|3|2|1|3|3|5|5
36116,8,True,2,10,2,2|2|2|2|2|2|2|2|2|2
36131,1,True,8,10,8,8|8|8|8|8|8|8|8|8|8
36132,5,False,5,3,5,5|5|5|5|5|5|3|1|3|5
36136,7,False,7,2,7,7|4|7|7|7|7|3|7|7|7
36138,0,True,2,10,-1,3|7|6|8|6|3|8|8|7|3
36143,9,False,9,0,9,9|9|9|9|9|9|9|9|9|9
36145,3,False,3,0,3,3|3|3|3|3|3|3|3|3|3
36149,6,True,0,10,0,0|0|0|0|0|0|0|0|0|0
36157,1,True,3,10,3,3|3|3|3|3|3|3|3|3|3
36162,2,False,2,0,2,2|2|2|2|2|2|2|2|2|2
36170,2,False,2,1,2,2|4|2|2|2|2|2|2|2|2
36190,4,True,7,10,7,7|7|7|7|7|7|7|7|7|7
36192,8,True,6,9,6,6|8|6|6|6|6|6|6|6|6
36196,5,False,5,0,5,5|5|5|5|5|5|5|5|5|5
36210,9,False,9,0,9,9|9|9|9|9|9|9|9|9|9
36258,1,False,1,2,1,1|1|1|1|1|1|5|1|2|1
36259,1,True,5,10,5,5|5|5|5|2|5|5|5|5|5
36273,3,False,3,2,3,3|8|3|3|3|3|7|3|3|3
36296,6,False,6,1,6,6|8|6|6|6|6|6|6|6|6
36312,0,False,0,0,0,0|0|0|0|0|0|0|0|0|0
36342,7,False,7,5,7,7|7|6|5|7|9|2|7|7|2
36359,2,True,1,4,2,2|5|2|1|2|1|5|2|2|2
36361,4,False,4,4,4,3|4|4|4|3|4|4|4|3|3
36365,8,True,6,10,4,4|4|4|2|4|2|2|4|4|2
36376,1,False,1,3,1,1|1|5|1|1|1|5|1|1|5
36392,5,False,5,1,5,5|3|5|5|5|5|5|5|5|5
36401,9,False,9,9,8,8|8|9|5|8|8|8|8|8|8
36409,7,False,7,0,7,7|7|7|7|7|7|7|7|7|7
36411,2,True,5,10,3,3|3|3|3|5|3|3|3|3|3
36433,9,True,7,8,7,7|7|7|7|9|7|9|7|7|7
36473,1,False,1,1,1,1|1|1|1|1|1|5|1|1|1
36479,9,False,9,4,9,5|9|9|9|9|8|8|9|9|8
36490,2,True,1,5,2,2|1|2|1|2|1|5|1|2|2
36497,0,False,0,0,0,0|0|0|0|0|0|0|0|0|0
36509,5,True,1,5,-1,5|5|5|1|1|1|5|1|1|5
36517,1,True,4,10,4,4|4|4|4|3|4|4|4|4|4
36518,1,True,3,10,2,2|4|2|4|2|2|2|2|2|2
36520,1,False,1,8,0,0|0|0|0|2|1|0|0|0|1
36535,7,False,7,1,7,7|7|7|7|7|7|7|7|7|9
36540,5,False,5,0,5,5|5|5|5|5|5|5|5|5|5
36546,1,False,1,4,1,2|1|1|1|2|1|5|1|2|1
36563,7,True,6,10,6,6|8|6|6|6|6|6|6|6|6
36568,1,False,1,9,5,5|5|9|1|9|5|9|5|9|5
36583,2,False,2,1,2,2|9|2|2|2|2|2|2|2|2
36586,8,True,6,9,6,6|6|8|6|6|6|6|6|2|6
36587,2,True,5,9,5,5|5|5|5|2|5|5|5|5|5
36593,1,False,1,5,1,2|1|2|1|2|1|5|1|2|1
36598,2,False,2,9,4,4|4|4|2|4|4|4|4|4|4
36609,3,False,3,0,3,3|3|3|3|3|3|3|3|3|3
36612,7,False,7,0,7,7|7|7|7|7|7|7|7|7|7
36618,1,False,1,3,1,2|1|1|1|2|1|5|1|1|1
36627,0,False,0,2,0,8|0|0|0|6|0|0|0|0|0
36632,6,True,0,10,0,0|0|0|0|0|0|0|0|0|0
36640,5,True,9,10,9,9|9|9|9|9|9|9|9|9|9
36641,1,False,1,7,2,2|1|2|1|2|1|2|2|2|2
36646,4,False,4,3,4,4|4|3|3|4|4|4|4|4|3
36649,5,True,9,10,9,9|9|9|9|9|9|9|9|9|9
36659,9,False,9,0,9,9|9|9|9|9|9|9|9|9|9
36691,4,True,7,10,7,7|7|7|7|7|7|7|6|7|7
36698,6,True,0,10,0,0|0|0|0|0|0|0|0|0|0
36699,2,False,2,10,4,4|4|4|4|4|4|4|4|4|4
36710,2,False,2,10,3,5|3|3|3|3|5|3|3|5|3
36712,6,False,6,2,6,6|8|8|6|6|6|6|6|6|6
36717,9,False,9,5,9,5|5|9|5|6|5|9|9|9|9
36721,1,False,1,5,1,1|5|1|1|1|5|5|1|9|5
36740,1,True,4,10,4,4|4|4|4|4|4|4|4|4|4
36743,1,True,3,10,3,3|3|3|3|3|3|3|3|3|3
36747,8,False,8,0,8,8|8|8|8|8|8|8|8|8|8
36751,1,False,1,5,1,5|5|1|1|1|1|5|5|9|1
36754,5,True,9,9,9,9|5|9|9|9|9|9|9|9|9
36767,3,False,3,8,-1,0|5|1|1|3|1|5|5|9|3
36793,4,False,4,0,4,4|4|4|4|4|4|4|4|4|4
36802,8,False,8,3,8,0|8|0|8|8|8|8|8|8|0
36807,9,False,9,2,9,9|5|9|9|6|9|9|9|9|9
36821,6,False,6,1,6,6|8|6|6|6|6|6|6|6|6
36825,2,False,2,10,5,5|5|3|5|5|5|5|3|5|5
36839,9,True,7,10,7,7|7|7|7|7|7|7|7|7|7
36843,5,True,4,10,4,3|4|4|7|4|4|3|3|4|3
36847,6,False,6,1,6,6|8|6|6|6|6|6|6|6|6
36857,2,True,5,10,7,7|3|3|7|3|7|3|7|7|7
36903,8,True,6,8,6,6|8|6|6|6|8|6|6|6|6
36905,1,False,1,6,1,5|1|2|1|2|2|9|1|9|1
36914,1,True,4,10,4,4|4|4|4|4|4|4|4|4|4
36933,8,False,8,0,8,8|8|8|8|8|8|8|8|8|8
36937,4,False,4,1,4,4|4|4|4|4|4|4|7|4|4
36945,4,False,4,0,4,4|4|4|4|4|4|4|4|4|4
36969,1,True,3,10,3,3|3|3|3|3|3|3|3|3|5
36981,0,False,0,0,0,0|0|0|0|0|0|0|0|0|0
36984,6,False,6,0,6,6|6|6|6|6|6|6|6|6|6
36985,8,False,8,0,8,8|8|8|8|8|8|8|8|8|8
36998,6,False,6,2,6,6|8|6|6|8|6|6|6|6|6
37007,1,False,1,4,1,1|5|1|1|1|5|1|1|5|5
37008,2,False,2,0,2,2|2|2|2|2|2|2|2|2|2
37019,3,True,7,8,7,7|3|7|7|3|7|7|7|7|7
37055,7,False,7,1,7,7|7|7|7|3|7|7|7|7|7
37074,5,True,9,10,9,9|9|9|9|9|9|9|9|9|9
37088,9,False,9,0,9,9|9|9|9|9|9|9|9|9|9
37091,1,True,3,10,3,5|3|3|4|2|5|3|3|7|3
37093,1,True,4,10,4,4|4|4|4|4|2|2|4|4|4
37094,9,False,9,8,1,1|8|1|5|2|1|9|1|9|5
37151,5,False,5,1,5,5|5|5|5|5|5|5|5|7|5
37171,1,True,4,10,7,4|7|7|7|4|7|7|4|7|4
37181,6,True,0,10,0,0|0|0|0|0|0|0|4|4|0
37184,5,False,5,0,5,5|5|5|5|5|5|5|5|5|5
37219,6,False,6,0,6,6|6|6|6|6|6|6|6|6|6
37244,3,True,7,10,7,7|7|7|7|7|7|7|7|7|7
37245,9,False,9,0,9,9|9|9|9|9|9|9|9|9|9
37270,6,False,6,1,6,6|8|6|6|6|6|6|6|6|6
37286,7,False,7,2,7,7|4|7|7|7|7|4|7|7|7
37288,1,True,4,10,4,4|4|4|4|4|4|4|4|4|4
37289,6,False,6,1,6,6|8|6|6|6|6|6|6|6|6
37295,9,False,9,0,9,9|9|9|9|9|9|9|9|9|9
37298,2,False,2,3,2,2|8|6|6|2|2|2|2|2|2
37301,2,True,1,5,2,2|1|2|1|2|1|5|1|2|2
37304,3,False,3,0,3,3|3|3|3|3|3|3|3|3|3
37312,2,True,5,8,3,3|3|2|2|5|5|4|1|3|3
37317,1,True,5,10,5,5|5|5|5|5|5|5|5|5|5
37331,5,False,5,0,5,5|5|5|5|5|5|5|5|5|5
37345,4,False,4,0,4,4|4|4|4|4|4|4|4|4|4
37350,3,False,3,3,3,2|3|3|3|3|8|3|3|3|5
37359,5,False,5,1,5,5|5|5|5|2|5|5|5|5|5
37379,7,False,7,3,7,4|4|7|7|7|4|7|7|7|7
37386,1,True,4,10,4,4|4|4|4|4|4|4|4|4|4
37387,5,True,9,10,9,9|9|9|9|9|9|9|9|9|9
37394,8,False,8,0,8,8|8|8|8|8|8|8|8|8|8
37395,5,False,5,0,5,5|5|5|5|5|5|5|5|5|5
37397,2,False,2,3,2,2|9|9|2|2|2|2|2|7|2
37411,8,False,8,0,8,8|8|8|8|8|8|8|8|8|8
37420,8,False,8,0,8,8|8|8|8|8|8|8|8|8|8
37422,1,False,1,5,1,1|1|2|1|2|1|5|1|2|2
37446,4,True,2,10,2,2|2|2|2|2|2|2|2|2|2
37457,6,False,6,0,6,6|6|6|6|6|6|6|6|6|6
37484,5,False,5,1,5,5|5|5|5|2|5|5|5|5|5
37488,2,False,2,1,2,2|4|2|2|2|2|2|2|2|2
37489,3,True,7,9,7,7|7|7|7|3|7|7|7|7|9
37501,2,True,5,2,2,5|5|2|2|2|2|2|2|2|2
37512,1,False,1,2,1,1|1|1|1|1|1|5|1|1|5
37513,1,True,3,10,3,3|3|3|3|3|3|5|3|3|3
37520,7,False,7,0,7,7|7|7|7|7|7|7|7|7|7
37521,1,True,5,9,3,3|3|3|3|3|1|3|3|3|3
37526,1,True,8,10,8,8|8|8|8|8|8|8|8|8|0
37537,2,True,5,10,5,5|5|5|5|5|5|5|5|5|5
37541,5,False,5,4,5,5|3|2|5|2|5|5|5|2|5
37548,1,True,3,10,3,3|3|3|3|3|3|3|3|3|3
37552,5,True,9,7,9,5|5|9|5|6|9|9|9|9|9
37556,7,False,7,1,7,7|7|7|7|7|7|7|7|7|9
37558,6,True,0,10,0,0|0|0|0|0|0|0|0|0|0
37570,2,True,1,3,2,2|8|2|2|2|1|3|2|2|2
37577,4,False,4,0,4,4|4|4|4|4|4|4|4|4|4
37590,1,False,1,8,5,5|5|1|5|1|5|5|9|9|5
37601,9,True,7,10,7,7|7|7|7|7|7|7|7|7|7
37645,2,False,2,1,2,2|2|2|2|2|2|2|6|2|2
37651,7,False,7,9,3,3|7|3|3|3|6|3|3|3|5
37687,1,False,1,2,1,1|5|1|1|1|1|5|1|1|1
37696,4,False,4,8,0,0|4|0|4|6|0|0|0|0|2
37699,6,False,6,6,3,6|3|6|6|5|3|6|3|3|3
37713,2,False,2,8,4,4|4|9|4|4|2|2|4|7|4
37714,6,False,6,6,3,3|6|3|6|3|6|6|3|3|3
37719,4,False,4,0,4,4|4|4|4|4|4|4|4|4|4
37728,0,False,0,2,0,0|8|0|0|0|0|0|8|0|0
37732,5,False,5,4,5,5|5|3|5|5|3|3|3|5|5
37754,9,True,2,9,2,4|9|2|2|2|2|4|4|2|2
37767,7,False,7,2,7,7|4|7|4|7|7|7|7|7|7
37768,5,False,5,4,5,3|5|5|5|5|5|3|1|5|3
37771,8,False,8,0,8,8|8|8|8|8|8|8|8|8|8
37784,1,True,5,10,3,3|8|3|5|2|3|3|4|4|5
37793,9,False,9,2,9,5|9|9|5|9|9|9|9|9|9
37794,8,False,8,0,8,8|8|8|8|8|8|8|8|8|8
37809,3,False,3,0,3,3|3|3|3|3|3|3|3|3|3
37811,2,False,2,9,3,3|5|2|3|1|3|3|8|3|3
37823,1,True,8,10,8,8|8|8|8|8|8|8|8|8|8
37830,1,False,1,5,1,1|1|1|1|2|1|5|5|2|5
37841,0,False,0,0,0,0|0|0|0|0|0|0|0|0|0
37867,6,True,0,10,0,0|8|0|0|0|0|8|8|8|0
37874,5,False,5,6,3,3|5|3|5|3|5|3|5|3|3
37889,7,False,7,3,7,7|7|9|7|7|9|9|7|7|7
37898,7,False,7,0,7,7|7|7|7|7|7|7|7|7|7
37922,8,True,6,8,6,6|8|6|6|6|6|8|6|6|6
37929,2,True,1,4,2,5|5|2|2|2|2|5|1|2|2
37934,2,False,2,6,-1,2|4|6|2|4|2|4|6|2|4
37984,6,True,0,10,0,0|0|0|0|0|0|0|0|0|0
37998,3,False,3,0,3,3|3|3|3|3|3|3|3|3|3
38002,8,False,8,0,8,8|8|8|8|8|8|8|8|8|8
38039,0,False,0,0,0,0|0|0|0|0|0|0|0|0|0
38041,0,False,0,0,0,0|0|0|0|0|0|0|0|0|0
38046,9,True,2,10,2,2|2|2|2|2|2|2|2|2|2
38049,2,False,2,0,2,2|2|2|2|2|2|2|2|2|2
38086,1,False,1,3,1,1|5|1|1|1|5|5|1|1|1
38090,4,False,4,0,4,4|4|4|4|4|4|4|4|4|4
38096,2,False,2,2,2,2|0|0|2|2|2|2|2|2|2
38098,0,False,0,0,0,0|0|0|0|0|0|0|0|0|0
38100,1,True,3,10,3,3|8|3|8|3|8|3|0|3|8
38116,9,False,9,2,9,5|9|9|9|9|9|9|9|9|5
38122,7,True,6,10,6,6|8|6|6|6|6|6|6|6|6
38150,9,True,2,10,2,2|4|2|2|2|2|2|2|2|2
38168,9,False,9,8,5,1|1|1|5|2|5|9|5|9|5
38174,1,False,1,3,1,1|1|1|1|2|1|5|1|2|1
38187,0,False,0,0,0,0|0|0|0|0|0|0|0|0|0
38204,1,False,1,5,-1,1|5|5|1|1|5|5|5|1|1
38207,1,False,1,6,1,1|5|1|1|2|1|5|2|2|5
38220,9,True,7,10,3,3|7|3|3|3|3|3|3|7|3
38232,7,False,7,2,7,7|7|7|7|7|7|3|7|7|3
38243,7,False,7,8,3,3|9|9|9|3|3|3|7|7|2
38246,3,False,3,0,3,3|3|3|3|3|3|3|3|3|3
38260,1,False,1,5,1,1|5|2|1|2|1|5|1|2|1
38272,5,False,5,0,5,5|5|5|5|5|5|5|5|5|5
38281,1,True,4,10,3,3|3|3|3|2|3|7|3|7|7
38309,6,False,6,0,6,6|6|6|6|6|6|6|6|6|6
38320,0,False,0,0,0,0|0|0|0|0|0|0|0|0|0
38323,8,False,8,0,8,8|8|8|8|8|8|8|8|8|8
38336,8,True,6,7,6,6|6|8|6|8|6|6|6|6|8
38382,8,False,8,0,8,8|8|8|8|8|8|8|8|8|8
38406,9,False,9,0,9,9|9|9|9|9|9|9|9|9|9
38414,9,False,9,0,9,9|9|9|9|9|9|9|9|9|9
38418,1,True,4,10,4,4|4|4|4|4|4|4|4|4|4
38419,0,False,0,3,0,2|2|0|0|0|0|0|0|0|2
38425,7,False,7,2,7,7|4|3|7|7|7|7|7|7|7
38427,5,False,5,0,5,5|5|5|5|5|5|5|5|5|5
38450,8,True,6,10,6,6|6|6|6|6|6|6|6|6|6
38453,1,True,8,10,8,8|8|8|8|8|8|8|8|8|8
38455,1,True,4,10,7,7|4|6|5|4|7|4|7|7|5
38467,8,False,8,0,8,8|8|8|8|8|8|8|8|8|8
38474,7,False,7,0,7,7|7|7|7|7|7|7|7|7|7
38478,0,False,0,0,0,0|0|0|0|0|0|0|0|0|0
38480,2,False,2,9,-1,0|0|9|7|2|7|9|0|4|9
38504,1,True,3,10,3,3|3|3|3|3|3|3|3|3|3
38505,7,False,7,0,7,7|7|7|7|7|7|7|7|7|7
38518,0,False,0,2,0,0|0|0|0|0|6|0|0|0|6
38523,1,True,8,10,8,8|8|8|8|8|8|8|8|8|8
38535,4,True,2,10,2,2|6|2|2|2|2|2|2|2|2
38548,6,False,6,2,6,6|6|6|6|9|6|6|6|6|7
38567,1,True,8,10,8,8|8|8|8|8|8|8|8|8|8
38581,0,False,0,1,0,0|0|0|3|0|0|0|0|0|0
38597,9,True,7,10,7,2|7|6|4|7|6|3|7|4|7
38598,1,True,4,10,4,4|4|4|4|4|4|4|4|4|4
38606,6,False,6,6,6,6|8|6|3|5|6|6|8|8|5
38619,1,True,8,10,0,0|5|9|0|6|0|8|9|9|0
38620,1,True,3,9,3,2|5|3|3|6|6|3|1|9|2
38630,5,True,1,10,8,1|8|8|1|2|1|8|8|2|8
38635,0,False,0,0,0,0|0|0|0|0|0|0|0|0|0
38655,2,False,2,0,2,2|2|2|2|2|2|2|2|2|2
38659,6,False,6,0,6,6|6|6|6|6|6|6|6|6|6
38670,0,False,0,1,0,0|0|0|8|0|0|0|0|0|0
38675,0,False,0,0,0,0|0|0|0|0|0|0|0|0|0
38691,1,False,1,2,1,1|1|1|1|1|1|5|1|1|5
38704,2,False,2,1,2,2|5|2|2|2|2|2|2|2|2
38716,6,True,0,10,0,0|0|0|0|0|0|0|0|0|0
38747,6,False,6,0,6,6|6|6|6|6|6|6|6|6|6
38759,5,True,9,10,9,9|9|9|9|9|9|9|9|9|9
38763,6,False,6,2,6,6|8|6|6|8|6|6|6|6|6
38781,3,False,3,0,3,3|3|3|3|3|3|3|3|3|3
38783,0,False,0,0,0,0|0|0|0|0|0|0|0|0|0
38804,8,True,1,10,1,5|5|9|1|1|1|5|1|9|1
38819,5,False,5,0,5,5|5|5|5|5|5|5|5|5|5
38829,3,False,3,0,3,3|3|3|3|3|3|3|3|3|3
38835,8,False,8,0,8,8|8|8|8|8|8|8|8|8|8
38836,9,False,9,0,9,9|9|9|9|9|9|9|9|9|9
38840,5,False,5,4,5,5|5|9|5|5|5|2|2|7|5
38848,5,True,9,8,0,0|5|8|1|8|1|0|0|9|5
38851,5,False,5,9,3,3|3|3|5|3|3|3|3|3|3
38857,8,False,8,0,8,8|8|8|8|8|8|8|8|8|8
38862,1,True,8,10,8,8|8|8|8|8|8|8|8|8|8
38863,9,False,9,0,9,9|9|9|9|9|9|9|9|9|9
38865,6,False,6,1,6,6|8|6|6|6|6|6|6|6|6
38870,8,False,8,0,8,8|8|8|8|8|8|8|8|8|8
38877,4,False,4,8,7,7|7|7|3|7|4|7|7|7|4
38910,1,True,4,10,4,4|4|4|4|4|4|4|4|4|4
38958,1,False,1,3,1,5|1|1|8|1|1|5|1|1|1
38961,9,False,9,4,9,5|5|9|9|9|5|9|9|9|5
38964,1,True,4,10,4,4|4|4|4|4|4|4|4|4|4
38965,7,False,7,2,7,7|7|7|7|4|3|7|7|7|7
38989,8,True,2,10,2,2|1|2|2|2|2|2|2|2|2
38998,9,False,9,0,9,9|9|9|9|9|9|9|9|9|9
39001,2,False,2,3,2,2|9|9|9|2|2|2|2|2|2
39040,1,False,1,3,1,1|1|2|1|2|1|1|1|1|5
39052,6,False,6,1,6,6|8|6|6|6|6|6|6|6|6
39054,6,False,6,6,6,3|7|3|6|2|2|6|6|2|6
39058,1,False,1,4,1,2|1|1|1|2|1|5|1|2|1
39082,0,True,2,10,2,2|2|2|2|2|2|2|2|2|2
39085,7,False,7,0,7,7|7|7|7|7|7|7|7|7|7
39130,3,False,3,0,3,3|3|3|3|3|3|3|3|3|3
39135,3,False,3,6,-1,3|5|9|3|3|5|5|9|5|3
39143,4,False,4,0,4,4|4|4|4|4|4|4|4|4|4
39167,2,True,5,9,3,2|3|9|7|3|3|3|7|3|7
39170,6,True,0,9,0,0|0|0|0|0|0|0|0|2|6
39174,5,True,9,10,9,9|9|9|9|9|9|9|9|9|9
39178,2,False,2,2,2,2|0|2|2|2|2|2|2|3|2
39183,5,True,9,10,9,9|9|9|9|6|9|9|9|9|0
39192,1,False,1,4,1,5|5|1|5|1|1|5|1|1|1
39198,8,False,8,0,8,8|8|8|8|8|8|8|8|8|8
39215,7,False,7,3,7,0|7|3|7|7|7|4|7|7|7
39226,6,False,6,0,6,6|6|6|6|6|6|6|6|6|6
39235,1,True,3,10,3,3|3|3|3|3|3|3|3|3|3
39236,0,False,0,1,0,0|0|1|0|0|0|0|0|0|0
39254,8,False,8,0,8,8|8|8|8|8|8|8|8|8|8
39263,1,True,8,10,8,8|8|8|8|8|8|8|8|8|8
39271,6,True,0,10,0,0|0|0|0|0|0|0|0|0|0
39279,5,True,1,6,1,1|5|1|5|1|1|5|1|1|5
39283,8,False,8,0,8,8|8|8|8|8|8|8|8|8|8
39310,2,False,2,1,2,2|0|2|2|2|2|2|2|2|2
39315,6,False,6,1,6,6|8|6|6|6|6|6|6|6|6
39317,8,False,8,3,8,0|8|8|8|8|0|8|1|8|8
39318,1,True,5,10,5,5|7|9|5|5|5|7|5|7|5
39327,9,False,9,0,9,9|9|9|9|9|9|9|9|9|9
39328,3,True,7,10,7,7|7|7|7|7|7|7|7|7|7
39342,8,False,8,0,8,8|8|8|8|8|8|8|8|8|8
39352,1,False,1,4,1,5|1|1|1|2|1|5|1|2|1
39354,7,False,7,1,7,7|7|7|7|7|7|9|7|7|7
39374,3,False,3,4,3,3|4|3|3|3|4|4|4|3|3
39376,9,False,9,0,9,9|9|9|9|9|9|9|9|9|9
39427,5,True,9,10,9,9|9|9|9|9|9|9|9|9|9
39428,1,True,3,10,3,3|3|3|5|3|3|3|6|3|3
39446,1,True,5,10,5,5|3|5|5|3|5|3|5|5|3
39454,1,True,8,10,8,8|8|8|8|8|8|8|8|8|8
39461,3,False,3,4,3,4|3|3|4|3|3|3|4|4|3
39464,6,False,6,3,6,6|8|6|6|6|6|8|6|8|6
39480,6,True,0,10,0,0|0|0|0|0|0|0|0|0|0
39487,5,False,5,9,3,3|3|3|5|3|3|3|3|3|3
39499,5,True,2,10,2,2|2|2|2|2|2|2|2|2|2
39505,4,False,4,0,4,4|4|4|4|4|4|4|4|4|4
39508,2,False,2,0,2,2|2|2|2|2|2|2|2|2|2
39511,6,False,6,0,6,6|6|6|6|6|6|6|6|6|6
39513,2,True,7,10,7,7|7|7|7|7|7|7|7|7|7
39521,6,True,0,10,0,0|0|0|0|0|0|0|0|0|0
39541,1,True,4,10,4,4|4|4|4|4|4|4|4|4|4
39582,3,True,7,10,7,7|7|7|7|7|7|2|7|7|7
39589,6,True,0,10,0,0|0|0|0|0|0|0|0|0|0
39608,1,True,3,10,3,3|9|9|9|3|3|3|9|3|3
39626,4,False,4,0,4,4|4|4|4|4|4|4|4|4|4
39659,1,True,3,10,3,5|5|3|3|3|3|3|3|5|5
39677,1,True,5,9,5,5|5|5|5|1|5|5|5|5|5
39678,6,False,6,0,6,6|6|6|6|6|6|6|6|6|6
39693,9,True,2,10,2,2|4|2|2|2|2|2|2|2|2
39704,8,False,8,0,8,8|8|8|8|8|8|8|8|8|8
39728,2,False,2,7,-1,9|4|4|9|2|0|2|2|7|4
39744,9,True,2,10,2,4|4|6|2|4|2|2|2|4|2
39753,2,False,2,0,2,2|2|2|2|2|2|2|2|2|2
39756,8,True,6,9,6,6|8|6|6|6|6|6|6|6|6
39767,9,True,7,10,7,7|7|7|7|3|7|7|7|7|7
39788,5,False,5,9,3,3|3|3|3|2|3|3|1|3|5
39793,0,False,0,0,0,0|0|0|0|0|0|0|0|0|0
39796,7,False,7,5,7,7|4|7|7|7|4|9|4|7|9
39803,1,True,4,10,7,7|4|7|4|7|7|7|7|7|4
39804,9,False,9,0,9,9|9|9|9|9|9|9|9|9|9
39809,2,False,2,6,4,4|4|2|2|4|2|4|4|2|4
39815,6,True,0,10,0,0|0|0|0|0|0|0|0|0|0
39831,9,False,9,0,9,9|9|9|9|9|9|9|9|9|9
39867,6,False,6,1,6,6|8|6|6|6|6|6|6|6|6
39879,9,False,9,0,9,9|9|9|9|9|9|9|9|9|9
39894,9,False,9,0,9,9|9|9|9|9|9|9|9|9|9
39897,3,False,3,0,3,3|3|3|3|3|3|3|3|3|3
39905,2,True,1,6,2,0|0|2|2|2|0|5|1|2|9
39943,2,False,2,0,2,2|2|2|2|2|2|2|2|2|2
39944,7,False,7,7,0,0|0|0|7|6|7|0|7|2|6
39952,2,False,2,6,6,6|1|6|2|6|2|6|6|2|2
39965,1,False,1,6,-1,1|5|2|1|2|1|5|1|2|2
39967,5,False,5,9,3,3|3|3|3|3|3|3|3|3|5
39970,8,False,8,0,8,8|8|8|8|8|8|8|8|8|8
39972,3,False,3,5,3,7|4|3|3|3|7|7|3|4|3
39978,8,True,6,9,6,6|6|6|6|6|8|6|6|6|6
39986,6,False,6,5,6,6|3|3|2|6|6|6|8|6|5
39995,0,False,0,0,0,0|0|0|0|0|0|0|0|0|0
40074,6,False,6,0,6,6|6|6|6|6|6|6|6|6|6
40086,3,False,3,1,3,3|3|9|3|3|3|3|3|3|3
40090,1,False,1,7,2,2|1|2|1|2|5|5|1|2|5
40097,3,False,3,0,3,3|3|3|3|3|3|3|3|3|3
40100,9,False,9,1,9,5|9|9|9|9|9|9|9|9|9
40144,9,False,9,1,9,9|9|9|9|9|9|9|9|9|5
40147,8,False,8,0,8,8|8|8|8|8|8|8|8|8|8
40160,3,False,3,0,3,3|3|3|3|3|3|3|3|3|3
40163,9,True,2,9,2,2|2|2|9|2|2|2|2|2|2
40201,1,False,1,4,1,1|5|1|1|1|5|5|1|5|1
40211,0,False,0,0,0,0|0|0|0|0|0|0|0|0|0
40218,1,False,1,6,5,5|5|1|5|1|1|5|1|2|5
40222,5,True,9,8,9,9|5|9|9|9|9|9|9|9|5
40228,4,False,4,0,4,4|4|4|4|4|4|4|4|4|4
40238,9,True,7,10,7,7|7|7|7|7|7|7|7|7|7
40242,1,True,8,10,8,8|8|8|8|8|8|8|8|8|8
40272,2,True,5,7,-1,2|5|9|2|6|6|5|1|2|5
40276,8,False,8,0,8,8|8|8|8|8|8|8|8|8|8
40277,2,True,4,10,4,4|4|4|4|4|4|4|4|4|4
40290,1,False,1,8,5,5|5|1|1|6|5|5|9|5|5
40298,6,False,6,0,6,6|6|6|6|6|6|6|6|6|6
40299,1,True,4,10,4,4|4|4|4|4|4|7|7|4|4
40325,7,False,7,0,7,7|7|7|7|7|7|7|7|7|7
40327,2,False,2,0,2,2|2|2|2|2|2|2|2|2|2
40343,0,False,0,0,0,0|0|0|0|0|0|0|0|0|0
40345,1,True,8,10,8,8|8|8|8|8|8|8|8|8|8
40359,0,False,0,0,0,0|0|0|0|0|0|0|0|0|0
40361,9,False,9,0,9,9|9|9|9|9|9|9|9|9|9
40369,3,False,3,0,3,3|3|3|3|3|3|3|3|3|3
40377,1,True,4,10,4,4|4|4|6|4|4|4|4|7|4
40386,1,False,1,5,1,5|1|1|8|1|8|5|8|1|1
40395,1,True,8,10,8,8|8|8|8|8|8|8|8|8|8
40399,1,True,3,10,3,3|3|3|3|3|3|3|3|3|3
40410,1,False,1,5,1,1|5|1|1|8|0|5|1|2|1
40431,1,False,1,2,1,1|5|1|1|1|1|1|1|1|5
40446,3,False,3,8,5,5|5|5|3|3|1|5|5|5|5
40450,5,True,9,9,9,9|9|9|5|9|9|9|9|9|9
40455,6,False,6,1,6,6|8|6|6|6|6|6|6|6|6
40459,1,True,3,10,3,3|3|3|3|5|3|3|3|3|3
40462,9,True,6,10,6,6|6|6|6|6|6|6|6|6|6
40478,7,False,7,0,7,7|7|7|7|7|7|7|7|7|7
40481,1,True,5,10,5,5|5|5|5|2|2|5|5|5|5
40485,0,False,0,0,0,0|0|0|0|0|0|0|0|0|0
40488,5,True,2,10,3,3|4|3|3|3|4|3|3|3|3
40492,0,False,0,0,0,0|0|0|0|0|0|0|0|0|0
40494,9,False,9,0,9,9|9|9|9|9|9|9|9|9|9
40501,6,False,6,0,6,6|6|6|6|6|6|6|6|6|6
40515,9,True,2,10,0,0|0|0|0|0|0|0|0|0|0
40522,4,False,4,0,4,4|4|4|4|4|4|4|4|4|4
40536,1,True,5,10,-1,3|6|6|7|3|6|3|6|7|3
40547,1,True,8,10,8,8|8|8|8|8|8|8|8|8|8
40550,1,True,4,10,4,4|4|4|4|4|4|4|4|4|4
40551,6,False,6,0,6,6|6|6|6|6|6|6|6|6|6
40564,5,True,9,10,9,9|9|9|9|9|9|9|9|9|9
40566,2,False,2,1,2,2|5|2|2|2|2|2|2|2|2
40572,2,True,5,10,5,5|3|5|5|5|5|5|5|5|5
40581,8,False,8,1,8,8|8|8|8|8|8|8|8|0|8
40585,9,True,7,10,7,7|7|7|7|7|7|7|7|7|7
40587,1,True,3,10,6,6|8|6|6|6|4|6|6|6|3
40588,1,True,4,10,4,4|4|4|4|4|4|4|4|4|4
40592,8,False,8,0,8,8|8|8|8|8|8|8|8|8|8
40598,1,True,8,10,8,8|8|8|8|8|8|8|8|8|8
40623,8,True,2,10,2,2|2|2|2|2|2|2|2|2|2
40632,1,True,5,9,3,5|3|3|5|3|1|5|3|3|3
40655,1,False,1,3,1,1|1|1|1|1|1|2|1|2|5
40674,1,True,4,10,4,4|4|4|4|4|4|0|4|4|4
40677,6,False,6,0,6,6|6|6|6|6|6|6|6|6|6
40678,1,False,1,5,1,1|5|2|1|1|1|5|2|2|1
40688,5,False,5,0,5,5|5|5|5|5|5|5|5|5|5
40691,8,False,8,0,8,8|8|8|8|8|8|8|8|8|8
40697,5,False,5,1,5,5|5|5|5|3|5|5|5|5|5
40719,5,True,9,10,8,8|8|8|1|8|8|8|8|8|8
40723,3,True,7,10,7,2|8|1|7|7|9|5|2|7|6
40725,7,True,6,10,6,2|8|6|2|6|6|2|6|2|6
40734,9,False,9,3,9,9|5|9|5|6|9|9|9|9|9
40741,0,False,0,0,0,0|0|0|0|0|0|0|0|0|0
40743,7,False,7,0,7,7|7|7|7|7|7|7|7|7|7
40751,1,False,1,7,2,2|8|8|1|2|1|2|1|2|2
40768,0,False,0,0,0,0|0|0|0|0|0|0|0|0|0
40784,1,True,8,10,8,8|8|8|8|8|8|8|8|8|8
40793,1,True,4,10,4,4|4|4|4|4|4|4|4|4|4
40795,5,True,9,10,9,9|9|9|9|9|9|9|9|9|9
40811,8,True,6,10,6,6|6|6|6|6|6|6|6|6|6
40827,1,True,4,10,4,4|4|4|4|4|4|4|4|4|4
40831,1,True,5,10,5,3|5|3|5|5|3|5|2|3|5
40843,0,False,0,0,0,0|0|0|0|0|0|0|0|0|0
40846,4,False,4,5,-1,4|0|4|4|0|4|0|0|0|4
40850,6,False,6,0,6,6|6|6|6|6|6|6|6|6|6
40864,8,False,8,0,8,8|8|8|8|8|8|8|8|8|8
40867,6,True,0,9,8,8|8|0|8|6|8|8|0|8|8
40870,3,False,3,0,3,3|3|3|3|3|3|3|3|3|3
40886,1,True,8,10,8,8|8|8|8|8|8|8|8|8|8
40900,5,True,2,10,2,2|3|3|2|2|2|2|2|2|2
40932,1,True,5,10,5,5|5|2|5|2|2|2|5|9|5
40937,4,False,4,10,3,3|5|3|5|3|6|3|1|3|3
40938,5,False,5,4,5,5|3|3|5|3|5|5|3|5|5
40944,1,True,5,10,5,5|5|5|5|2|5|5|5|5|5
40949,1,True,4,10,4,4|3|4|4|4|4|7|4|7|4
40964,5,True,1,8,1,1|5|1|1|1|1|5|1|1|1
40998,7,False,7,0,7,7|7|7|7|7|7|7|7|7|7
40999,7,False,7,10,9,5|9|9|9|9|9|9|9|9|5
41020,3,False,3,0,3,3|3|3|3|3|3|3|3|3|3
41028,1,True,8,10,8,8|8|8|8|8|8|8|8|8|8
41043,4,False,4,1,4,4|4|4|4|4|4|8|4|4|4
41076,7,False,7,2,7,0|7|7|7|7|7|0|7|7|7
41087,1,False,1,8,5,5|5|1|1|6|5|9|9|9|5
41089,5,True,9,10,9,9|9|9|9|9|9|9|9|9|9
41125,2,False,2,5,2,0|2|0|2|2|2|0|2|0|8
41127,4,False,4,0,4,4|4|4|4|4|4|4|4|4|4
41128,5,True,9,10,9,9|9|9|9|9|9|9|9|9|9
41137,3,False,3,0,3,3|3|3|3|3|3|3|3|3|3
41147,5,True,1,3,5,5|5|1|5|2|5|5|5|1|5
41164,6,True,0,10,0,0|0|0|0|0|0|0|0|0|0
41172,8,False,8,1,8,8|8|8|8|8|8|8|8|0|8
41177,6,False,6,9,3,3|3|3|3|3|6|3|3|3|3
41181,5,True,9,10,9,9|9|9|9|9|9|9|9|9|9
41187,8,False,8,0,8,8|8|8|8|8|8|8|8|8|8
41218,8,False,8,0,8,8|8|8|8|8|8|8|8|8|8
41226,9,False,9,0,9,9|9|9|9|9|9|9|9|9|9
41234,0,False,0,3,0,0|0|8|0|0|8|0|0|2|0
41240,8,False,8,0,8,8|8|8|8|8|8|8|8|8|8
41253,8,False,8,0,8,8|8|8|8|8|8|8|8|8|8
41255,5,True,2,10,2,2|2|2|2|2|2|2|2|2|2
41279,1,False,1,4,1,1|1|2|1|2|1|5|1|2|1
41280,5,True,9,10,9,9|9|9|9|9|9|9|9|9|9
41284,5,True,9,10,9,9|9|9|9|9|9|9|9|9|9
41299,5,True,2,10,2,2|2|2|2|2|2|2|2|2|2
41311,6,False,6,2,6,6|8|6|6|6|6|6|6|8|6
41321,2,False,2,2,2,2|4|2|2|2|2|2|2|4|2
41329,9,False,9,0,9,9|9|9|9|9|9|9|9|9|9
41334,3,False,3,7,5,3|4|5|3|2|5|3|5|5|5
41355,0,False,0,1,0,0|0|0|0|6|0|0|0|0|0
41366,8,False,8,0,8,8|8|8|8|8|8|8|8|8|8
41388,1,True,4,10,3,3|3|9|3|3|3|3|9|9|3
41392,1,False,1,5,-1,2|1|1|1|2|1|2|1|2|2
41399,6,False,6,1,6,6|6|6|6|7|6|6|6|6|6
41400,1,True,5,9,5,5|3|3|2|5|5|5|1|3|5
41432,0,False,0,1,0,0|0|0|0|6|0|0|0|0|0
41446,3,False,3,2,3,3|3|3|3|3|3|3|8|2|3
41447,8,False,8,0,8,8|8|8|8|8|8|8|8|8|8
41462,4,True,7,6,7,4|7|7|4|4|4|7|7|7|5
41465,8,False,8,3,8,8|8|8|8|8|0|8|8|0|0
41477,5,True,9,10,9,9|9|9|9|6|8|9|9|9|9
41479,7,False,7,1,7,7|7|7|7|7|7|7|7|7|9
41482,1,True,4,10,4,4|4|4|4|4|4|4|4|4|4
41487,6,False,6,5,6,3|6|7|3|7|6|6|6|7|6
41497,3,False,3,7,5,3|5|3|3|5|5|6|5|7|5
41500,1,True,4,10,4,4|4|4|4|4|4|4|4|4|4
41540,1,True,3,10,3,3|3|3|3|3|3|3|3|3|3
41566,5,False,5,6,3,5|3|3|5|3|3|5|3|5|3
41568,2,True,1,7,1,1|5|2|1|2|1|5|1|2|1
41581,3,False,3,1,3,3|8|3|3|3|3|3|3|3|3
41593,6,False,6,0,6,6|6|6|6|6|6|6|6|6|6
41609,0,False,0,0,0,0|0|0|0|0|0|0|0|0|0
41642,2,True,4,10,4,4|4|4|4|4|4|4|4|4|4
41646,5,False,5,3,5,5|5|3|5|5|5|3|9|5|5
41654,1,False,1,4,1,1|1|9|5|1|1|5|1|1|5
41655,7,False,7,0,7,7|7|7|7|7|7|7|7|7|7
41669,1,True,4,10,3,3|3|3|3|4|3|3|4|3|5
41672,8,True,6,9,6,6|8|6|6|6|6|6|6|6|6
41674,8,False,8,0,8,8|8|8|8|8|8|8|8|8|8
41706,1,False,1,8,5,5|5|9|5|1|1|5|5|9|5
41713,1,True,3,10,3,3|3|3|3|3|6|3|3|3|3
41725,3,False,3,0,3,3|3|3|3|3|3|3|3|3|3
41727,1,True,8,10,8,8|8|8|8|8|8|8|8|8|8
41730,8,False,8,0,8,8|8|8|8|8|8|8|8|8|8
41737,1,True,4,10,6,6|8|6|6|6|6|6|6|2|6
41749,6,False,6,2,6,6|8|4|6|6|6|6|6|6|6
41773,8,False,8,2,8,2|8|8|8|8|8|8|8|8|1
41774,0,False,0,0,0,0|0|0|0|0|0|0|0|0|0
41775,2,False,2,0,2,2|2|2|2|2|2|2|2|2|2
41786,9,False,9,0,9,9|9|9|9|9|9|9|9|9|9
41789,5,False,5,10,4,4|4|4|4|4|4|4|4|4|4
41794,5,True,1,8,1,1|5|1|1|1|1|5|1|1|1
41798,1,True,5,10,5,5|5|5|5|5|5|5|5|5|5
41801,7,True,6,10,6,6|6|6|6|6|6|6|6|6|6
41808,1,True,8,10,8,8|8|8|8|8|8|8|8|8|8
41811,9,False,9,0,9,9|9|9|9|9|9|9|9|9|9
41816,7,False,7,2,7,7|7|7|7|3|7|7|7|7|9
41817,5,False,5,3,5,5|5|5|5|2|5|5|2|2|5
41836,4,False,4,0,4,4|4|4|4|4|4|4|4|4|4
41859,1,False,1,3,1,1|5|1|1|1|5|1|1|1|5
41861,5,True,1,7,1,1|5|1|1|1|1|5|1|1|5
41866,3,False,3,0,3,3|3|3|3|3|3|3|3|3|3
41872,1,True,3,10,3,3|3|3|3|3|3|3|3|3|3
41876,9,False,9,0,9,9|9|9|9|9|9|9|9|9|9
41877,7,False,7,5,7,7|3|9|7|3|3|3|7|7|7
41896,5,True,1,5,-1,1|5|1|1|1|5|1|5|5|5
41898,7,False,7,0,7,7|7|7|7|7|7|7|7|7|7
41903,1,True,3,10,3,3|3|3|3|3|3|3|3|3|3
41907,6,True,0,10,0,8|8|8|8|0|0|0|0|0|0
41910,1,True,3,10,3,3|3|3|3|3|3|3|3|3|3
41928,5,False,5,9,3,3|3|3|5|1|1|3|3|3|3
41937,3,False,3,7,4,4|4|3|3|3|4|4|4|2|2
41951,3,False,3,0,3,3|3|3|3|3|3|3|3|3|3
41955,4,False,4,0,4,4|4|4|4|4|4|4|4|4|4
41959,7,False,7,0,7,7|7|7|7|7|7|7|7|7|7
41962,1,True,8,10,8,8|8|8|8|8|8|8|8|8|8
41981,6,False,6,0,6,6|6|6|6|6|6|6|6|6|6
42031,1,False,1,7,5,5|5|1|1|5|5|5|1|5|5
42035,1,True,4,10,6,4|9|6|6|6|6|6|2|4|6
42044,6,True,0,10,0,0|0|0|0|0|0|0|0|0|0
42054,5,False,5,10,3,3|3|3|3|3|3|3|3|3|3
42058,9,False,9,0,9,9|9|9|9|9|9|9|9|9|9
42063,3,True,7,10,7,7|7|7|7|7|7|7|7|7|7
42070,1,True,4,10,4,4|4|4|4|4|2|4|4|4|4
42079,6,False,6,1,6,6|8|6|6|6|6|6|6|6|6
42087,4,False,4,1,4,4|4|9|4|4|4|4|4|4|4
42124,2,True,1,10,5,5|5|1|1|1|5|5|5|9|1
42127,9,False,9,3,9,5|5|9|9|9|5|9|9|9|9
42138,7,True,4,10,4,4|4|4|4|4|4|4|4|4|4
42150,1,False,1,4,1,1|1|2|1|2|1|5|1|2|1
42163,2,True,1,7,1,1|5|2|1|2|1|5|1|1|2
42166,0,False,0,8,-1,9|5|6|0|6|0|9|5|9|5
42167,6,False,6,6,8,6|8|8|6|8|8|8|6|8|6
42176,1,True,3,10,3,3|3|3|3|3|3|3|3|3|3
42179,6,True,0,10,0,0|0|0|0|0|0|0|0|0|0
42188,1,False,1,2,1,1|5|1|1|1|1|1|1|1|5
42189,1,True,3,10,3,3|3|3|3|3|3|3|3|3|3
42193,0,True,2,10,2,2|2|2|2|2|2|2|2|2|2
42197,4,True,2,9,2,2|4|2|2|2|2|2|2|2|2
42199,6,True,0,10,0,0|0|0|0|0|0|0|0|0|0
42203,8,False,8,0,8,8|8|8|8|8|8|8|8|8|8
42229,1,True,4,10,6,6|4|6|6|6|6|6|6|4|6
42243,5,False,5,0,5,5|5|5|5|5|5|5|5|5|5
42266,8,False,8,0,8,8|8|8|8|8|8|8|8|8|8
42271,2,False,2,0,2,2|2|2|2|2|2|2|2|2|2
42280,8,False,8,0,8,8|8|8|8|8|8|8|8|8|8
42290,7,False,7,2,7,7|7|7|7|7|7|3|7|7|5
42291,6,False,6,7,2,2|5|6|2|3|6|2|2|2|6
42299,7,False,7,2,7,7|7|9|7|7|7|6|7|7|7
42319,1,True,4,10,4,4|4|4|4|6|4|4|4|4|2
42321,1,True,3,10,3,3|3|3|3|3|6|3|3|3|3
42340,7,True,6,10,6,6|6|6|6|6|6|6|6|6|6
42360,7,False,7,6,7,7|7|9|7|3|3|4|3|7|2
42378,7,False,7,1,7,7|7|7|7|7|7|7|7|7|9
42381,4,True,7,10,7,7|9|7|9|7|7|9|9|7|7
42384,1,True,5,10,7,7|7|7|7|3|4|3|7|7|7
42390,9,True,7,10,7,7|7|7|7|7|4|7|7|7|7
42402,5,True,1,9,1,1|1|1|1|2|1|5|1|1|1
42419,4,False,4,2,4,4|4|4|7|4|4|4|7|4|4
42464,1,False,1,4,1,1|1|2|1|1|5|5|5|1|1
42476,0,False,0,0,0,0|0|0|0|0|0|0|0|0|0
42479,3,False,3,0,3,3|3|3|3|3|3|3|3|3|3
42481,1,True,3,10,3,3|3|3|3|3|3|3|3|3|3
42489,4,True,2,8,2,2|4|2|2|2|2|2|4|2|2
42494,5,False,5,0,5,5|5|5|5|5|5|5|5|5|5
42515,8,False,8,0,8,8|8|8|8|8|8|8|8|8|8
42530,5,False,5,0,5,5|5|5|5|5|5|5|5|5|5
42542,2,False,2,8,4,4|4|4|4|2|4|4|4|2|4
42543,0,False,0,9,9,9|5|9|9|9|9|0|5|9|9
42561,9,False,9,0,9,9|9|9|9|9|9|9|9|9|9
42567,6,False,6,3,6,6|8|6|6|6|8|6|6|8|6
42572,0,False,0,4,0,0|0|6|0|4|0|0|0|7|4
42583,1,True,8,10,8,8|8|8|8|8|8|8|8|8|8
42605,2,False,2,0,2,2|2|2|2|2|2|2|2|2|2
42607,8,False,8,0,8,8|8|8|8|8|8|8|8|8|8
42612,7,False,7,4,7,0|7|9|7|6|7|2|7|7|7
42613,2,True,5,9,5,5|5|5|5|2|3|5|3|3|5
42631,4,False,4,1,4,4|4|4|4|4|3|4|4|4|4
42633,3,False,3,4,3,5|3|3|5|1|3|3|3|5|3
42634,7,False,7,2,7,7|7|7|7|3|7|3|7|7|7
42637,5,True,1,7,1,5|1|1|1|1|1|5|1|1|5
42646,3,False,3,6,-1,5|7|3|7|5|3|3|3|5|5
42653,1,True,4,10,4,0|4|4|4|4|4|4|7|3|3
42662,4,False,4,0,4,4|4|4|4|4|4|4|4|4|4
42663,2,True,1,5,2,2|1|2|2|2|1|5|1|2|1
42665,1,True,4,10,4,4|4|0|4|0|4|0|4|4|4
42667,9,False,9,0,9,9|9|9|9|9|9|9|9|9|9
42687,2,False,2,1,2,2|9|2|2|2|2|2|2|2|2
42691,1,True,5,10,-1,2|5|6|2|6|6|6|2|2|5
42696,7,True,2,8,2,2|0|0|7|7|2|2|5|2|5
42700,4,False,4,2,4,4|4|7|4|4|4|7|4|4|4
42703,9,False,9,0,9,9|9|9|9|9|9|9|9|9|9
42709,2,True,1,9,1,1|1|1|1|1|1|5|1|2|1
42756,6,False,6,1,6,6|8|6|6|6|6|6|6|6|6
42767,5,True,9,10,9,9|9|9|9|9|9|9|9|9|9
42776,1,True,5,10,5,5|5|5|5|5|5|5|5|5|5
42822,1,True,8,10,8,8|8|8|8|8|8|8|8|8|8
42825,3,False,3,2,3,3|3|3|3|3|5|5|3|3|3
42827,1,True,3,10,3,3|3|3|3|3|3|3|3|3|3
42841,9,False,9,0,9,9|9|9|9|9|9|9|9|9|9
42863,1,True,4,10,4,4|4|4|4|4|4|4|4|4|4
42871,4,False,4,7,2,2|4|2|4|2|2|2|4|2|2
42876,9,True,6,10,6,6|6|6|6|6|6|6|6|6|6
42878,6,True,0,10,0,9|9|9|0|0|0|0|5|0|0
42879,2,True,1,10,1,5|5|1|1|1|1|5|1|1|5
42894,2,False,2,9,-1,8|9|8|5|0|9|8|1|9|2
42920,3,False,3,0,3,3|3|3|3|3|3|3|3|3|3
42922,1,True,8,10,8,8|8|8|8|8|8|8|8|8|8
42952,6,True,0,10,8,8|8|8|8|8|8|8|8|8|8
42990,9,True,2,9,2,2|4|2|9|2|2|2|2|4|4
42992,0,False,0,0,0,0|0|0|0|0|0|0|0|0|0
43020,1,False,1,9,9,5|5|9|1|9|5|9|9|9|5
43027,6,False,6,0,6,6|6|6|6|6|6|6|6|6|6
43060,9,True,7,10,7,7|7|7|7|7|7|3|7|7|7
43072,1,True,3,9,4,4|4|3|4|7|3|1|4|4|3
43075,2,True,5,7,5,5|2|5|5|2|5|2|4|5|5
43078,2,False,2,0,2,2|2|2|2|2|2|2|2|2|2
43080,4,True,2,9,2,2|4|2|2|2|2|2|2|2|2
43098,5,True,1,8,1,1|5|1|1|1|1|5|1|2|1
43141,9,False,9,0,9,9|9|9|9|9|9|9|9|9|9
43159,0,True,8,8,6,6|8|6|0|6|6|9|8|2|0
43169,9,False,9,6,5,5|5|9|5|9|5|5|9|9|2
43173,2,False,2,0,2,2|2|2|2|2|2|2|2|2|2
43198,8,False,8,0,8,8|8|8|8|8|8|8|8|8|8
43203,4,False,4,0,4,4|4|4|4|4|4|4|4|4|4
43206,5,True,1,8,1,1|1|1|5|1|1|5|1|1|1
43214,5,True,1,6,1,1|5|1|1|1|5|5|1|1|5
43221,1,True,5,10,4,4|7|4|5|5|4|3|7|4|9
43235,5,True,1,8,1,1|5|1|1|1|1|5|1|1|1
43255,2,True,7,10,7,7|7|7|7|7|7|7|7|7|7
43263,2,False,2,5,2,2|3|9|2|2|6|3|6|2|2
43266,0,False,0,0,0,0|0|0|0|0|0|0|0|0|0
43281,5,True,9,10,9,9|9|9|9|9|9|9|9|9|9
43283,3,False,3,10,6,6|8|6|6|6|6|6|6|8|6
43290,1,False,1,5,1,2|1|2|1|2|1|5|1|2|1
43312,2,False,2,1,2,2|5|2|2|2|2|2|2|2|2
43313,3,False,3,0,3,3|3|3|3|3|3|3|3|3|3
43325,9,False,9,5,9,5|0|9|3|9|9|9|9|3|5
43327,1,True,4,10,3,3|3|3|3|3|3|3|3|3|3
43341,5,True,9,10,9,9|9|9|9|9|9|9|9|9|9
43343,9,True,7,10,7,7|7|7|7|7|7|7|7|7|7
43346,5,True,9,10,9,9|9|9|9|9|9|9|9|9|9
43354,5,True,9,10,9,9|9|9|9|9|9|9|9|9|9
43355,7,False,7,2,7,7|7|7|7|7|7|4|7|7|3
43357,8,False,8,1,8,6|8|8|8|8|8|8|8|8|8
43367,2,False,2,0,2,2|2|2|2|2|2|2|2|2|2
43408,1,True,8,10,8,8|8|8|8|8|8|0|8|8|8
43428,3,False,3,0,3,3|3|3|3|3|3|3|3|3|3
43429,1,True,8,10,8,8|8|8|8|8|8|8|8|8|8
43434,6,False,6,1,6,6|8|6|6|6|6|6|6|6|6
43441,2,False,2,9,4,2|7|3|6|4|4|4|4|4|4
43485,8,False,8,0,8,8|8|8|8|8|8|8|8|8|8
43488,6,False,6,0,6,6|6|6|6|6|6|6|6|6|6
43500,3,False,3,0,3,3|3|3|3|3|3|3|3|3|3
43521,8,True,6,10,6,6|6|6|6|6|6|6|6|7|6
43545,4,True,2,10,2,2|2|2|2|2|2|2|2|2|2
43618,1,False,1,10,9,0|9|9|0|6|0|9|9|9|9
43628,6,True,0,10,0,0|0|0|0|0|0|0|0|0|0
43660,0,False,0,0,0,0|0|0|0|0|0|0|0|0|0
43673,9,False,9,0,9,9|9|9|9|9|9|9|9|9|9
43674,1,True,8,10,8,8|8|8|8|8|8|8|8|8|8
43690,1,True,3,10,-1,2|4|9|6|4|2|6|6|7|2
43698,0,False,0,0,0,0|0|0|0|0|0|0|0|0|0
43703,5,False,5,0,5,5|5|5|5|5|5|5|5|5|5
43714,4,False,4,0,4,4|4|4|4|4|4|4|4|4|4
43727,0,False,0,6,4,0|4|4|0|6|0|0|4|4|4
43728,1,False,1,3,1,1|1|1|1|2|1|1|1|2|5
43729,5,True,9,10,9,9|9|9|9|9|9|9|9|9|9
43740,6,True,0,10,0,0|0|0|0|0|0|0|0|0|0
43742,3,False,3,10,2,2|2|2|4|6|6|2|0|0|5
43748,7,False,7,0,7,7|7|7|7|7|7|7|7|7|7
43762,1,True,3,10,3,3|3|3|3|3|3|3|3|3|3
43771,0,False,0,0,0,0|0|0|0|0|0|0|0|0|0
43773,1,True,3,10,3,3|3|3|3|3|3|6|9|3|3
43776,3,False,3,0,3,3|3|3|3|3|3|3|3|3|3
43782,7,False,7,0,7,7|7|7|7|7|7|7|7|7|7
43801,5,False,5,0,5,5|5|5|5|5|5|5|5|5|5
43806,1,False,1,7,-1,5|0|1|8|1|1|0|0|2|8
43813,3,False,3,0,3,3|3|3|3|3|3|3|3|3|3
43814,6,True,0,10,0,0|0|0|0|0|0|0|0|0|0
43834,4,False,4,0,4,4|4|4|4|4|4|4|4|4|4
43849,0,False,0,0,0,0|0|0|0|0|0|0|0|0|0
43850,1,True,3,10,3,3|3|3|3|3|3|3|3|3|3
43855,8,False,8,0,8,8|8|8|8|8|8|8|8|8|8
43920,5,False,5,0,5,5|5|5|5|5|5|5|5|5|5
43923,1,True,4,10,4,4|4|4|4|4|4|4|4|4|4
43924,0,False,0,0,0,0|0|0|0|0|0|0|0|0|0
43928,4,False,4,0,4,4|4|4|4|4|4|4|4|4|4
43932,1,False,1,7,8,1|8|1|1|8|8|8|8|2|8
43946,9,False,9,0,9,9|9|9|9|9|9|9|9|9|9
43955,3,False,3,8,2,5|5|2|2|2|2|2|3|3|2
43962,5,False,5,10,3,3|4|3|3|3|3|3|3|7|7
43972,1,False,1,6,2,1|1|1|1|2|2|5|2|2|2
43983,4,False,4,0,4,4|4|4|4|4|4|4|4|4|4
43990,2,False,2,1,2,2|9|2|2|2|2|2|2|2|2
43993,6,True,0,10,0,0|0|0|0|0|0|0|0|0|0
44005,2,False,2,1,2,2|5|2|2|2|2|2|2|2|2
44016,4,True,7,10,7,2|7|7|7|7|7|2|7|7|2
44027,0,False,0,0,0,0|0|0|0|0|0|0|0|0|0
44042,3,True,7,10,-1,5|7|9|5|5|5|1|7|7|7
44046,2,True,5,10,3,3|3|3|3|3|3|3|3|3|5
44047,1,True,3,10,6,6|3|6|6|3|6|6|3|7|3
44068,7,True,6,10,6,6|6|6|6|6|6|6|6|6|6
44074,0,False,0,0,0,0|0|0|0|0|0|0|0|0|0
44076,7,False,7,0,7,7|7|7|7|7|7|7|7|7|7
44088,5,True,9,10,9,9|9|9|9|9|9|9|9|9|9
44112,5,False,5,9,2,2|2|8|2|5|2|2|8|2|2
44114,1,True,8,10,8,8|8|8|8|8|8|8|8|0|8
44123,7,False,7,7,4,4|4|4|7|4|7|2|4|7|6
44124,3,False,3,2,3,3|3|3|3|3|4|3|3|4|3
44135,2,True,7,10,7,7|7|3|7|3|7|7|7|7|7
44138,1,False,1,3,1,1|5|1|1|1|1|5|1|1|5
44139,1,True,3,10,3,3|3|3|3|3|3|3|3|3|3
44151,7,False,7,0,7,7|7|7|7|7|7|7|7|7|7
44152,1,True,3,10,3,3|3|3|3|3|3|3|3|3|3
44155,9,False,9,0,9,9|9|9|9|9|9|9|9|9|9
44166,7,False,7,1,7,7|7|7|7|7|7|2|7|7|7
44175,0,False,0,0,0,0|0|0|0|0|0|0|0|0|0
44188,9,False,9,8,0,0|5|9|0|6|0|0|5|9|0
44193,9,True,2,10,2,2|6|2|2|2|2|2|2|2|2
44199,1,True,8,10,8,0|8|8|8|0|8|8|8|8|0
44200,4,False,4,0,4,4|4|4|4|4|4|4|4|4|4
44201,5,True,9,10,9,9|9|9|9|9|9|9|9|9|9
44204,1,False,1,9,5,5|5|9|5|1|5|5|5|9|5
44206,9,False,9,0,9,9|9|9|9|9|9|9|9|9|9
44212,9,False,9,0,9,9|9|9|9|9|9|9|9|9|9
44223,5,False,5,2,5,5|5|2|5|5|5|5|5|3|5
44230,2,False,2,1,2,2|2|2|2|2|2|2|2|2|9
44231,1,False,1,8,2,2|1|2|1|2|2|5|2|2|2
44232,9,True,3,10,3,3|3|3|3|3|3|3|3|3|3
44236,2,True,8,10,8,8|8|8|8|8|8|8|8|8|8
44238,2,False,2,4,2,2|1|6|2|2|6|2|4|2|2
44240,5,True,9,10,9,9|9|9|9|9|9|9|9|9|9
44244,2,True,6,10,6,6|8|6|6|6|6|6|6|6|6
44253,2,False,2,8,7,7|7|9|7|2|7|2|4|7|7
44255,7,True,6,10,6,6|8|6|6|6|6|6|6|6|6
44257,6,True,0,10,0,0|0|0|0|0|0|0|0|0|0
44258,8,True,6,8,6,6|8|6|6|6|6|8|6|6|6
44260,5,False,5,8,-1,2|4|9|3|7|5|2|4|7|5
44271,8,False,8,0,8,8|8|8|8|8|8|8|8|8|8
44273,1,False,1,6,5,5|5|1|1|1|5|5|1|5|5
44287,9,False,9,3,9,0|9|0|0|9|9|9|9|9|9
44301,5,False,5,1,5,5|3|5|5|5|5|5|5|5|5
44321,5,True,9,10,9,9|9|9|9|9|9|9|9|9|9
44322,3,False,3,0,3,3|3|3|3|3|3|3|3|3|3
44323,3,False,3,0,3,3|3|3|3|3|3|3|3|3|3
44324,4,False,4,0,4,4|4|4|4|4|4|4|4|4|4
44328,2,False,2,5,2,2|8|6|6|2|6|2|2|2|6
44334,2,False,2,0,2,2|2|2|2|2|2|2|2|2|2
44342,6,False,6,0,6,6|6|6|6|6|6|6|6|6|6
44355,1,True,3,10,3,3|3|3|3|3|3|3|3|3|3
44363,3,True,7,9,7,4|3|7|7|7|7|7|4|7|7
44394,9,False,9,0,9,9|9|9|9|9|9|9|9|9|9
44413,9,True,7,10,7,7|7|7|7|7|7|7|7|7|7
44425,5,True,1,7,1,1|5|1|1|1|1|5|5|1|1
44426,0,False,0,0,0,0|0|0|0|0|0|0|0|0|0
44432,5,False,5,10,8,8|8|8|4|8|8|3|1|2|3
44435,1,True,5,9,5,5|5|3|5|3|3|3|1|5|5
44441,1,True,5,10,5,5|5|5|5|5|5|5|5|5|5
44447,9,True,7,10,7,7|7|7|7|7|7|7|7|7|7
44472,1,False,1,5,-1,5|5|1|1|1|1|5|5|1|5
44504,8,False,8,0,8,8|8|8|8|8|8|8|8|8|8
44511,9,False,9,2,9,5|9|9|9|9|9|9|9|9|5
44513,3,False,3,1,3,5|3|3|3|3|3|3|3|3|3
44516,4,False,4,10,6,6|6|6|6|6|6|6|6|6|6
44518,6,False,6,1,6,6|8|6|6|6|6|6|6|6|6
44532,5,False,5,10,4,4|4|2|0|4|4|2|0|4|4
44535,2,False,2,1,2,2|4|2|2|2|2|2|2|2|2
44543,1,True,3,10,3,3|3|3|3|3|3|3|3|3|3
44551,1,True,5,10,3,3|5|3|5|3|3|5|5|3|3
44561,5,False,5,1,5,5|5|5|5|5|5|6|5|5|5
44570,8,False,8,0,8,8|8|8|8|8|8|8|8|8|8
44571,5,True,1,9,1,1|1|1|1|1|1|5|1|1|1
44601,1,False,1,2,1,1|1|1|1|1|1|5|1|1|5
44612,6,False,6,6,7,7|7|7|7|6|6|6|6|7|7
44636,1,True,3,10,3,3|3|3|3|3|3|3|3|3|3
44653,0,False,0,7,9,0|5|9|0|9|9|9|9|9|0
44655,7,False,7,0,7,7|7|7|7|7|7|7|7|7|7
44656,4,False,4,2,4,2|4|4|4|4|6|4|4|4|4
44659,8,False,8,0,8,8|8|8|8|8|8|8|8|8|8
44702,7,False,7,0,7,7|7|7|7|7|7|7|7|7|7
44706,5,False,5,7,4,4|4|4|5|5|4|4|4|4|5
44718,4,True,7,10,7,7|7|7|7|7|7|7|7|7|7
44721,0,False,0,9,7,7|0|9|7|6|9|2|4|4|7
44724,8,False,8,0,8,8|8|8|8|8|8|8|8|8|8
44729,4,False,4,0,4,4|4|4|4|4|4|4|4|4|4
44731,6,True,0,10,0,0|0|0|0|0|0|0|0|0|0
44760,4,False,4,0,4,4|4|4|4|4|4|4|4|4|4
44783,9,True,2,10,2,2|7|2|6|2|4|6|2|2|2
44792,1,True,5,9,3,1|4|3|3|3|3|4|4|4|3
44797,2,False,2,0,2,2|2|2|2|2|2|2|2|2|2
44799,6,True,0,10,0,0|0|0|0|0|0|0|0|0|0
44813,1,True,5,10,5,5|5|5|5|2|5|2|5|5|5
44829,9,False,9,0,9,9|9|9|9|9|9|9|9|9|9
44830,6,True,0,10,0,0|0|0|0|0|0|0|0|0|0
44837,2,False,2,10,6,6|8|6|6|3|6|3|3|8|6
44841,1,False,1,5,1,1|1|2|1|2|1|5|1|2|2
44843,7,False,7,0,7,7|7|7|7|7|7|7|7|7|7
44864,0,False,0,9,7,7|3|7|0|9|9|7|9|7|7
44878,4,True,7,10,7,7|7|7|7|3|3|7|7|7|7
44889,1,False,1,5,1,1|5|1|1|2|1|5|1|9|5
44893,3,False,3,0,3,3|3|3|3|3|3|3|3|3|3
44905,2,False,2,8,4,3|4|4|1|1|2|3|4|7|2
44909,4,True,2,10,-1,2|8|6|2|6|2|0|6|2|6
44923,7,False,7,2,7,7|7|7|7|3|7|7|3|7|7
44931,1,True,5,10,3,5|3|3|5|3|3|3|3|3|3
44937,8,False,8,0,8,8|8|8|8|8|8|8|8|8|8
44961,0,False,0,0,0,0|0|0|0|0|0|0|0|0|0
44965,1,False,1,10,5,5|5|9|9|5|5|5|9|9|5
44967,0,False,0,10,8,8|8|8|8|8|8|8|8|8|8
44978,4,False,4,5,4,4|4|6|4|4|8|2|6|4|7
44982,7,False,7,3,7,7|4|7|7|3|7|7|7|7|4
44993,2,True,1,9,1,1|5|2|5|1|1|1|1|1|1
45001,5,True,1,4,5,5|5|1|5|1|1|5|5|1|5
45005,2,False,2,0,2,2|2|2|2|2|2|2|2|2|2
45008,9,False,9,0,9,9|9|9|9|9|9|9|9|9|9
45011,1,False,1,3,1,1|1|1|1|1|1|5|1|2|2
45013,1,False,1,1,1,1|1|1|1|1|1|5|1|1|1
45019,6,False,6,1,6,6|6|6|6|6|6|6|6|6|7
45020,9,False,9,0,9,9|9|9|9|9|9|9|9|9|9
45027,7,False,7,4,7,4|4|4|4|7|7|7|7|7|7
45032,5,False,5,9,3,3|3|3|5|3|3|3|1|3|3
45044,9,False,9,0,9,9|9|9|9|9|9|9|9|9|9
45058,7,False,7,10,3,3|3|3|3|3|3|3|3|3|3
45090,5,True,9,10,9,9|9|9|9|9|9|9|9|9|9
45092,4,False,4,4,4,4|7|4|4|4|4|7|7|7|4
45101,9,False,9,0,9,9|9|9|9|9|9|9|9|9|9
45111,5,True,4,10,3,3|3|3|8|3|3|3|8|3|3
45153,5,False,5,1,5,5|5|5|5|2|5|5|5|5|5
45156,6,True,0,10,0,0|0|0|0|0|0|0|0|0|0
45159,1,True,8,9,8,5|9|8|1|8|8|8|8|9|8
45184,5,False,5,2,5,5|5|5|5|2|5|2|5|5|5
45197,5,True,9,7,9,9|9|9|5|9|5|9|5|9|9
45210,2,True,1,9,1,1|1|1|1|1|1|5|1|2|1
45218,2,False,2,0,2,2|2|2|2|2|2|2|2|2|2
45224,7,False,7,1,7,7|3|7|7|7|7|7|7|7|7
45226,4,False,4,4,4,4|4|4|4|4|4|3|7|7|3
45231,9,False,9,0,9,9|9|9|9|9|9|9|9|9|9
45232,0,False,0,4,0,0|8|0|0|0|8|8|0|0|8
45233,6,True,0,10,5,5|5|8|1|2|1|5|1|8|5
45247,6,False,6,1,6,6|6|6|6|7|6|6|6|6|6
45248,8,True,6,10,6,6|6|6|6|6|6|6|6|6|6
45263,4,False,4,0,4,4|4|4|4|4|4|4|4|4|4
45265,0,False,0,0,0,0|0|0|0|0|0|0|0|0|0
45297,6,True,0,9,0,0|0|0|8|6|0|0|0|0|0
45335,0,True,2,10,2,2|4|2|4|2|2|2|2|2|2
45337,7,False,7,4,7,7|3|7|7|3|3|3|7|7|7
45345,1,True,5,10,5,5|3|5|5|5|5|5|5|5|5
45351,1,True,3,10,3,3|3|3|3|3|3|3|3|3|3
45388,9,False,9,0,9,9|9|9|9|9|9|9|9|9|9
45408,4,False,4,0,4,4|4|4|4|4|4|4|4|4|4
45413,0,False,0,0,0,0|0|0|0|0|0|0|0|0|0
45426,5,True,9,10,9,9|9|9|9|9|9|9|9|9|9
45434,1,False,1,10,9,9|9|9|5|6|5|9|9|9|9
45441,4,False,4,0,4,4|4|4|4|4|4|4|4|4|4
45443,6,False,6,1,6,6|8|6|6|6|6|6|6|6|6
45472,9,False,9,0,9,9|9|9|9|9|9|9|9|9|9
45494,2,False,2,0,2,2|2|2|2|2|2|2|2|2|2
45498,9,False,9,0,9,9|9|9|9|9|9|9|9|9|9
45503,1,True,5,10,3,3|3|3|3|3|3|3|3|3|3
45506,7,False,7,5,7,4|4|7|4|9|7|4|7|7|7
45507,0,False,0,0,0,0|0|0|0|0|0|0|0|0|0
45513,0,False,0,0,0,0|0|0|0|0|0|0|0|0|0
45515,4,False,4,0,4,4|4|4|4|4|4|4|4|4|4
45516,6,True,0,9,0,0|0|0|0|6|0|0|0|0|0
45524,6,False,6,2,6,6|8|8|6|6|6|6|6|6|6
45526,6,False,6,1,6,6|6|6|6|7|6|6|6|6|6
45528,9,False,9,0,9,9|9|9|9|9|9|9|9|9|9
45532,9,True,2,10,2,2|2|2|2|2|2|2|2|2|2
45535,1,False,1,2,1,1|1|2|1|1|1|5|1|1|1
45540,7,False,7,0,7,7|7|7|7|7|7|7|7|7|7
45546,0,False,0,0,0,0|0|0|0|0|0|0|0|0|0
45569,1,False,1,6,2,2|1|2|1|2|1|5|1|2|2
45573,9,False,9,0,9,9|9|9|9|9|9|9|9|9|9
45577,9,False,9,4,9,5|5|9|9|9|5|9|9|9|5
45591,1,True,4,10,4,4|4|4|4|4|4|4|4|4|4
45594,0,False,0,1,0,0|0|0|0|2|0|0|0|0|0
45601,0,False,0,0,0,0|0|0|0|0|0|0|0|0|0
45604,0,False,0,0,0,0|0|0|0|0|0|0|0|0|0
45616,4,False,4,0,4,4|4|4|4|4|4|4|4|4|4
45625,3,False,3,9,2,2|5|3|9|2|2|5|9|2|5
45631,3,False,3,0,3,3|3|3|3|3|3|3|3|3|3
45640,9,False,9,0,9,9|9|9|9|9|9|9|9|9|9
45649,8,False,8,0,8,8|8|8|8|8|8|8|8|8|8
45660,5,True,2,10,2,2|2|2|2|2|2|2|2|2|2
45665,4,False,4,5,4,4|4|9|4|5|1|4|3|4|3
45668,1,True,4,10,4,4|4|4|2|4|4|4|4|4|3
45670,1,True,3,10,6,6|6|6|3|6|6|6|6|6|6
45672,1,False,1,7,5,5|5|1|5|1|5|5|1|9|5
45679,6,True,0,10,0,0|0|0|0|0|0|0|0|0|0
45694,4,False,4,1,4,4|4|4|4|4|4|2|4|4|4
45702,4,False,4,0,4,4|4|4|4|4|4|4|4|4|4
45705,5,False,5,0,5,5|5|5|5|5|5|5|5|5|5
45712,4,False,4,0,4,4|4|4|4|4|4|4|4|4|4
45716,0,False,0,0,0,0|0|0|0|0|0|0|0|0|0
45718,8,False,8,0,8,8|8|8|8|8|8|8|8|8|8
45728,1,True,5,10,5,5|5|5|5|5|5|5|5|5|5
45741,6,False,6,2,6,6|8|6|6|6|8|6|6|6|6
45745,7,False,7,1,7,9|7|7|7|7|7|7|7|7|7
45778,3,False,3,4,3,3|6|3|6|3|3|6|6|3|3
45783,3,False,3,2,3,5|3|3|3|3|3|3|1|3|3
45789,3,False,3,10,8,2|1|8|5|2|8|8|8|4|2
45804,4,False,4,1,4,4|4|4|4|4|4|4|4|4|9
45805,2,False,2,4,2,2|2|2|9|2|4|2|4|2|4
45806,6,False,6,0,6,6|6|6|6|6|6|6|6|6|6
45807,1,True,8,10,8,8|8|8|8|8|8|8|8|8|8
45819,5,False,5,9,-1,1|1|1|5|3|3|3|1|0|3
45832,9,False,9,0,9,9|9|9|9|9|9|9|9|9|9
45852,2,False,2,0,2,2|2|2|2|2|2|2|2|2|2
45855,9,True,2,9,2,2|5|2|9|2|2|2|2|2|2
45856,5,True,1,10,-1,0|1|0|1|2|1|0|1|2|0
45876,9,False,9,0,9,9|9|9|9|9|9|9|9|9|9
45879,1,True,8,10,8,8|8|8|8|8|8|8|8|8|8
45881,4,False,4,0,4,4|4|4|4|4|4|4|4|4|4
45892,8,False,8,2,8,5|8|8|8|8|8|8|8|0|8
45905,9,False,9,0,9,9|9|9|9|9|9|9|9|9|9
45910,2,True,1,10,1,1|5|1|1|1|1|1|1|1|5
45941,2,True,5,8,3,2|3|9|3|3|6|3|3|3|2
45948,3,False,3,1,3,3|3|3|3|5|3|3|3|3|3
45964,6,False,6,2,6,6|8|6|6|6|6|6|6|6|8
45975,9,False,9,0,9,9|9|9|9|9|9|9|9|9|9
45981,9,True,4,8,7,7|7|9|7|7|7|7|9|7|7
45989,1,True,5,10,3,4|4|4|7|3|3|3|7|7|3
46002,3,False,3,0,3,3|3|3|3|3|3|3|3|3|3
46024,5,True,9,10,9,9|9|9|9|9|9|9|9|9|9
46032,7,False,7,0,7,7|7|7|7|7|7|7|7|7|7
46033,8,False,8,0,8,8|8|8|8|8|8|8|8|8|8
46086,6,True,0,10,0,0|0|0|0|0|0|0|0|0|0
46088,2,False,2,3,2,2|4|2|2|2|2|2|4|2|4
46089,2,False,2,10,6,6|3|6|3|4|6|6|6|7|3
46092,7,True,6,10,6,6|6|6|6|6|6|6|6|6|6
46097,6,True,7,10,7,7|7|4|7|7|7|7|7|7|7
46098,7,False,7,1,7,7|7|7|7|4|7|7|7|7|7
46116,6,True,0,10,0,0|0|0|0|0|0|0|0|0|0
46120,8,False,8,0,8,8|8|8|8|8|8|8|8|8|8
46126,6,False,6,1,6,6|8|6|6|6|6|6|6|6|6
46152,1,True,8,10,8,8|8|8|8|8|8|8|8|8|8
46155,3,False,3,0,3,3|3|3|3|3|3|3|3|3|3
46164,1,True,4,10,4,4|4|4|4|4|4|4|4|4|4
46175,8,False,8,0,8,8|8|8|8|8|8|8|8|8|8
46176,8,False,8,7,0,0|1|4|8|8|0|0|0|0|8
46185,1,True,4,10,4,4|4|4|4|4|4|4|4|4|4
46226,1,True,3,10,3,3|3|3|3|3|3|3|3|3|3
46229,3,False,3,5,3,2|3|3|3|2|3|2|1|7|3
46239,5,False,5,0,5,5|5|5|5|5|5|5|5|5|5
46249,8,False,8,1,8,8|8|8|8|8|0|8|8|8|8
46254,2,False,2,0,2,2|2|2|2|2|2|2|2|2|2
46256,8,True,6,8,6,6|8|6|6|6|8|6|6|6|6
46257,6,False,6,2,6,6|8|6|6|7|6|6|6|6|6
46287,0,False,0,0,0,0|0|0|0|0|0|0|0|0|0
46306,6,False,6,0,6,6|6|6|6|6|6|6|6|6|6
46328,2,True,1,8,1,2|1|1|1|1|1|5|5|1|2
46332,5,True,1,6,9,5|5|9|9|9|5|1|9|9|5
46339,4,False,4,1,4,4|4|4|4|4|4|4|4|4|9
46352,3,False,3,0,3,3|3|3|3|3|3|3|3|3|3
46365,2,False,2,2,2,2|4|4|2|2|2|2|2|2|2
46379,6,False,6,5,-1,6|8|8|6|6|8|8|6|6|8
46389,2,False,2,4,2,0|2|2|2|2|2|0|0|0|2
46395,8,False,8,0,8,8|8|8|8|8|8|8|8|8|8
46408,5,True,1,6,1,5|5|1|1|1|1|5|5|1|1
46411,3,False,3,0,3,3|3|3|3|3|3|3|3|3|3
46414,7,True,3,9,3,5|3|3|3|3|3|3|3|7|3
46416,1,True,4,10,7,7|7|7|7|7|7|9|7|7|7
46423,3,False,3,2,3,3|3|3|3|5|3|3|3|5|3
46434,0,False,0,0,0,0|0|0|0|0|0|0|0|0|0
46437,1,True,3,10,3,3|3|3|3|3|3|3|3|3|3
46468,3,False,3,1,3,3|7|3|3|3|3|3|3|3|3
46480,0,False,0,1,0,0|0|0|0|6|0|0|0|0|0
46482,5,False,5,5,5,5|5|3|5|3|5|3|1|3|5
46498,8,False,8,4,8,6|8|8|8|8|1|8|1|8|1
46515,3,False,3,0,3,3|3|3|3|3|3|3|3|3|3
46516,2,False,2,4,2,2|4|2|4|2|4|4|2|2|2
46520,1,False,1,5,-1,2|1|2|1|2|1|2|1|2|1
46536,5,False,5,2,5,5|5|5|5|2|5|2|5|5|5
46538,1,True,8,10,8,8|8|8|8|8|8|8|8|8|8
46539,8,True,6,7,6,6|8|6|6|6|8|8|6|6|6
46540,8,False,8,0,8,8|8|8|8|8|8|8|8|8|8
46546,5,False,5,7,3,3|3|3|5|5|3|3|3|3|5
46553,6,True,0,10,1,1|1|2|1|1|1|5|1|2|2
46560,2,False,2,1,2,2|5|2|2|2|2|2|2|2|2
46567,9,False,9,0,9,9|9|9|9|9|9|9|9|9|9
46570,4,False,4,0,4,4|4|4|4|4|4|4|4|4|4
46589,9,True,2,9,2,2|9|2|2|2|2|2|2|2|2
46613,0,False,0,0,0,0|0|0|0|0|0|0|0|0|0
46643,2,True,1,5,2,2|1|1|1|2|2|5|1|2|2
46655,6,True,0,10,0,0|0|0|0|0|0|0|0|0|0
46663,4,False,4,0,4,4|4|4|4|4|4|4|4|4|4
46668,8,False,8,0,8,8|8|8|8|8|8|8|8|8|8
46691,7,False,7,0,7,7|7|7|7|7|7|7|7|7|7
46697,3,False,3,6,3,4|4|3|5|3|4|3|9|3|5
46711,7,False,7,0,7,7|7|7|7|7|7|7|7|7|7
46727,1,True,3,9,3,3|3|3|3|3|3|3|1|3|3
46730,1,False,1,2,1,1|1|1|1|1|1|5|1|1|5
46751,8,False,8,0,8,8|8|8|8|8|8|8|8|8|8
46760,8,True,6,9,6,6|8|6|6|6|6|6|6|6|6
46765,6,False,6,1,6,6|6|6|6|7|6|6|6|6|6
46777,9,False,9,0,9,9|9|9|9|9|9|9|9|9|9
46782,6,True,0,10,0,0|0|0|0|0|0|0|0|0|0
46792,6,True,7,10,7,7|7|7|7|7|7|7|7|7|7
46797,4,True,7,10,7,7|7|7|7|7|7|7|6|7|7
46818,7,False,7,9,0,4|9|2|7|4|2|0|0|0|6
46826,2,False,2,1,2,2|0|2|2|2|2|2|2|2|2
46833,9,False,9,2,9,9|9|9|9|9|5|9|9|9|5
46837,8,True,2,10,6,6|6|2|2|6|6|6|2|6|2
46838,3,False,3,1,3,3|3|3|3|3|6|3|3|3|3
46846,8,True,6,9,6,6|8|6|6|6|6|6|6|6|6
46922,0,False,0,0,0,0|0|0|0|0|0|0|0|0|0
46936,6,True,0,10,0,0|0|0|0|0|0|0|0|0|0
46950,3,False,3,0,3,3|3|3|3|3|3|3|3|3|3
46982,7,False,7,0,7,7|7|7|7|7|7|7|7|7|7
46984,5,False,5,8,3,3|3|3|5|3|5|3|3|3|3
46996,7,False,7,1,7,7|7|7|7|3|7|7|7|7|7
46999,9,False,9,6,5,5|5|9|9|6|5|5|9|9|5
47017,6,True,0,10,0,0|0|0|0|0|0|0|0|0|0
47031,5,True,9,7,9,9|5|9|9|6|5|9|9|9|5
47032,1,True,8,10,8,8|8|8|8|8|8|8|8|8|8
47037,5,False,5,0,5,5|5|5|5|5|5|5|5|5|5
47043,5,False,5,5,5,3|5|3|3|3|5|5|0|5|5
47045,1,True,4,10,4,4|4|4|6|4|4|4|4|4|4
47061,6,True,0,9,0,0|0|0|0|6|0|0|0|0|0
47068,6,True,0,10,0,0|0|0|0|0|0|0|0|0|0
47076,5,True,9,5,-1,5|5|9|5|9|9|9|5|9|5
47081,5,True,9,6,9,5|9|9|9|6|5|9|5|9|5
47082,2,True,7,10,7,7|7|7|7|7|7|7|7|7|7
47088,5,True,1,2,5,5|5|9|5|5|5|5|9|5|5
47095,5,False,5,0,5,5|5|5|5|5|5|5|5|5|5
47114,8,False,8,0,8,8|8|8|8|8|8|8|8|8|8
47115,6,False,6,3,6,6|6|8|6|6|8|6|6|6|8
47121,9,False,9,0,9,9|9|9|9|9|9|9|9|9|9
47122,8,True,2,10,4,3|4|3|4|3|4|4|4|4|3
47132,1,True,3,10,3,3|3|3|3|3|3|3|3|3|3
47134,5,False,5,0,5,5|5|5|5|5|5|5|5|5|5
47142,2,False,2,0,2,2|2|2|2|2|2|2|2|2|2
47152,9,True,2,10,2,2|2|2|2|2|2|2|2|2|2
47153,9,True,7,10,7,7|7|7|7|7|7|7|7|7|7
47165,7,True,6,10,6,6|6|6|6|6|6|6|6|6|6
47168,1,False,1,4,1,1|1|2|1|1|1|5|1|2|5
47170,7,False,7,0,7,7|7|7|7|7|7|7|7|7|7
47173,5,False,5,5,5,5|5|3|5|2|5|2|2|2|5
47177,9,False,9,0,9,9|9|9|9|9|9|9|9|9|9
47181,8,False,8,0,8,8|8|8|8|8|8|8|8|8|8
47182,1,False,1,8,0,0|0|6|0|1|6|1|5|0|5
47199,2,False,2,4,2,2|0|2|2|2|2|0|0|0|2
47229,1,True,5,9,3,2|3|9|5|3|1|0|3|3|3
47239,4,False,4,0,4,4|4|4|4|4|4|4|4|4|4
47242,0,False,0,0,0,0|0|0|0|0|0|0|0|0|0
47246,7,False,7,0,7,7|7|7|7|7|7|7|7|7|7
47249,2,True,7,10,7,7|7|9|7|7|7|9|6|9|7
47274,0,False,0,0,0,0|0|0|0|0|0|0|0|0|0
47283,6,False,6,1,6,6|6|8|6|6|6|6|6|6|6
47287,4,False,4,0,4,4|4|4|4|4|4|4|4|4|4
47293,1,True,4,10,4,4|4|4|4|4|4|4|4|4|4
47298,0,False,0,0,0,0|0|0|0|0|0|0|0|0|0
47306,1,True,3,10,2,2|2|2|2|2|2|2|2|2|2
47321,9,True,7,10,7,7|7|7|7|7|7|7|7|7|7
47322,3,False,3,8,-1,2|8|3|1|2|1|8|3|7|5
47356,9,True,7,10,7,7|7|7|7|7|7|7|7|7|7
47365,2,True,1,8,1,1|1|2|1|1|1|2|1|1|1
47368,9,True,2,10,2,2|2|2|2|2|2|2|2|2|2
47370,1,False,1,8,6,2|1|1|6|6|8|6|9|7|5
47375,0,False,0,0,0,0|0|0|0|0|0|0|0|0|0
47387,7,False,7,8,4,4|4|4|7|4|4|3|7|4|4
47397,2,False,2,2,2,2|5|2|4|2|2|2|2|2|2
47402,0,False,0,0,0,0|0|0|0|0|0|0|0|0|0
47409,8,False,8,0,8,8|8|8|8|8|8|8|8|8|8
47425,4,False,4,0,4,4|4|4|4|4|4|4|4|4|4
47432,2,False,2,2,2,2|4|3|2|2|2|2|2|2|2
47433,0,False,0,1,0,0|0|0|0|4|0|0|0|0|0
47456,0,False,0,0,0,0|0|0|0|0|0|0|0|0|0
47458,6,True,0,10,0,0|0|0|0|8|8|0|8|0|8
47461,9,False,9,0,9,9|9|9|9|9|9|9|9|9|9
47469,9,False,9,0,9,9|9|9|9|9|9|9|9|9|9
47483,6,True,0,9,0,0|0|2|0|6|0|0|0|0|3
47501,9,False,9,0,9,9|9|9|9|9|9|9|9|9|9
47507,5,False,5,10,2,4|4|6|2|3|2|2|2|4|9
47521,9,False,9,5,-1,5|5|9|5|9|5|9|9|9|5
47525,6,True,0,10,0,0|0|0|0|0|0|0|0|0|0
47533,2,False,2,6,4,4|4|2|4|3|2|4|2|4|2
47535,5,True,1,8,1,2|5|1|1|2|1|5|1|2|1
47543,1,True,8,10,8,8|8|8|8|8|8|8|8|8|8
47545,8,True,6,10,6,6|6|6|6|6|6|6|6|6|6
47553,3,False,3,0,3,3|3|3|3|3|3|3|3|3|3
47567,6,False,6,0,6,6|6|6|6|6|6|6|6|6|6
47569,9,False,9,1,9,9|9|9|9|9|9|9|9|9|5
47571,1,True,4,10,4,4|4|4|4|4|4|4|4|4|4
47572,7,False,7,6,7,2|9|7|1|2|7|7|9|7|5
47573,1,True,4,10,4,4|4|4|4|4|4|4|4|4|4
47576,1,True,4,10,4,4|4|4|4|4|4|4|4|4|4
47577,9,False,9,0,9,9|9|9|9|9|9|9|9|9|9
47584,2,False,2,1,2,2|1|2|2|2|2|2|2|2|2
47594,2,False,2,1,2,2|5|2|2|2|2|2|2|2|2
47601,2,False,2,8,6,6|6|6|6|6|6|6|6|2|2
47610,8,False,8,4,8,1|1|8|8|8|8|8|8|0|0
47616,1,False,1,10,9,5|9|9|9|9|5|9|9|9|5
47629,5,False,5,6,5,3|3|5|5|1|7|5|3|7|5
47635,1,True,8,10,8,8|8|8|8|8|8|8|8|8|8
47644,4,False,4,0,4,4|4|4|4|4|4|4|4|4|4
47648,9,False,9,0,9,9|9|9|9|9|9|9|9|9|9
47652,1,True,8,10,8,8|8|8|8|8|8|8|8|8|8
47660,9,False,9,2,9,9|9|9|9|6|9|9|9|9|5
47665,7,False,7,1,7,7|5|7|7|7|7|7|7|7|7
47667,1,True,3,10,3,3|3|3|5|3|3|3|3|3|5
47670,5,True,1,5,-1,1|5|1|5|1|5|5|1|1|5
47677,6,True,0,10,0,0|0|0|0|0|0|0|0|0|0
47702,1,True,3,10,3,3|3|3|3|3|3|3|3|3|3
47710,2,False,2,4,2,2|0|0|2|2|2|2|0|0|2
47715,9,False,9,1,9,9|9|9|9|6|9|9|9|9|9
47716,1,True,4,10,7,7|7|7|7|4|4|4|7|7|4
47726,0,False,0,1,0,0|0|0|0|6|0|0|0|0|0
47735,4,False,4,5,4,3|4|4|5|3|4|4|4|3|3
47737,3,False,3,1,3,3|3|3|3|3|3|3|3|4|3
47765,9,False,9,0,9,9|9|9|9|9|9|9|9|9|9
47779,1,False,1,5,1,1|1|2|1|2|1|5|1|2|2
47787,5,True,9,5,-1,5|5|9|9|9|5|5|9|9|5
47790,6,False,6,0,6,6|6|6|6|6|6|6|6|6|6
47791,1,True,8,10,8,6|8|8|8|8|8|8|8|8|0
47793,1,True,8,9,8,8|8|8|1|8|8|8|8|8|8
47795,4,False,4,0,4,4|4|4|4|4|4|4|4|4|4
47810,5,False,5,2,5,5|3|5|5|5|3|5|5|5|5
47821,7,True,6,9,6,6|6|6|6|7|6|6|6|6|6
47824,1,False,1,3,1,1|5|1|1|1|1|5|1|1|5
47829,1,True,8,10,8,8|8|8|8|8|8|8|8|8|8
47834,0,False,0,0,0,0|0|0|0|0|0|0|0|0|0
47850,2,False,2,5,-1,4|4|4|2|2|2|2|4|4|2
47855,4,False,4,4,4,4|4|4|2|2|2|2|4|4|4
47856,7,False,7,1,7,7|4|7|7|7|7|7|7|7|7
47861,4,False,4,4,4,2|4|4|4|4|2|4|2|2|4
47864,7,False,7,0,7,7|7|7|7|7|7|7|7|7|7
47866,3,False,3,1,3,3|3|3|5|3|3|3|3|3|3
47869,4,False,4,0,4,4|4|4|4|4|4|4|4|4|4
47891,4,False,4,1,4,4|4|4|4|4|2|4|4|4|4
47905,1,True,5,10,5,5|5|5|5|5|5|5|5|5|5
47922,4,False,4,2,4,4|4|4|4|6|4|6|4|4|4
47959,9,False,9,0,9,9|9|9|9|9|9|9|9|9|9
47977,2,True,5,10,5,5|5|5|5|5|5|5|5|5|5
47980,2,True,1,10,8,8|8|8|8|8|8|8|8|8|8
47987,1,False,1,5,1,2|1|2|1|1|1|5|1|2|2
47993,1,True,8,10,8,8|8|8|8|8|8|8|8|8|8
47997,3,False,3,7,7,7|3|3|7|7|7|3|7|7|7
48006,8,True,5,10,3,3|3|3|3|3|5|5|1|5|2
48007,3,False,3,0,3,3|3|3|3|3|3|3|3|3|3
48018,1,True,4,10,0,0|0|0|0|0|0|0|0|0|0
48030,1,False,1,2,1,1|5|1|1|2|1|1|1|1|1
48038,4,False,4,1,4,4|4|4|4|4|4|4|7|4|4
48052,3,False,3,5,3,0|3|3|7|6|3|0|3|4|3
48068,7,True,4,8,4,4|4|4|7|4|4|4|4|4|7
48082,2,False,2,0,2,2|2|2|2|2|2|2|2|2|2
48093,4,True,2,10,0,0|0|0|3|2|6|0|6|7|3
48095,9,True,2,10,2,2|2|2|2|2|2|2|2|2|2
48105,0,False,0,2,0,0|5|9|0|0|0|0|0|0|0
48106,9,False,9,1,9,5|9|9|9|9|9|9|9|9|9
48117,7,True,2,8,2,7|2|2|3|7|2|2|2|2|2
48121,9,False,9,0,9,9|9|9|9|9|9|9|9|9|9
48127,1,True,8,10,8,8|8|8|8|8|8|8|8|8|8
48136,0,False,0,0,0,0|0|0|0|0|0|0|0|0|0
48159,1,True,4,10,4,4|4|4|4|4|4|4|4|4|4
48177,7,False,7,1,7,7|7|7|7|3|7|7|7|7|7
48190,6,False,6,6,5,5|5|6|6|6|6|5|5|7|5
48198,4,True,7,10,7,7|7|7|7|7|7|7|7|7|7
48203,6,False,6,0,6,6|6|6|6|6|6|6|6|6|6
48232,2,False,2,3,2,2|2|3|3|2|2|3|2|2|2
48243,1,True,3,10,3,0|3|3|5|3|3|3|3|7|3
48261,8,False,8,10,2,2|3|2|1|2|2|7|2|2|2
48263,1,False,1,10,5,5|5|9|5|5|5|9|9|9|5
48268,5,True,9,10,9,9|9|9|9|9|9|9|9|9|9
48286,8,False,8,0,8,8|8|8|8|8|8|8|8|8|8
48288,9,True,2,10,2,0|1|2|5|2|2|2|2|2|2
48305,5,True,4,10,4,4|4|4|4|4|4|4|4|4|4
48318,0,False,0,0,0,0|0|0|0|0|0|0|0|0|0
48323,2,False,2,1,2,2|2|2|2|2|2|2|2|2|9
48334,4,False,4,0,4,4|4|4|4|4|4|4|4|4|4
48341,5,False,5,3,5,5|5|2|5|2|5|5|3|5|5
48354,2,False,2,0,2,2|2|2|2|2|2|2|2|2|2
48363,6,True,0,9,0,0|9|9|0|6|0|0|0|0|0
48365,2,False,2,6,2,2|1|9|2|2|4|7|2|7|3
48377,1,True,3,10,-1,5|5|3|5|3|3|3|3|5|5
48419,0,False,0,0,0,0|0|0|0|0|0|0|0|0|0
48429,4,False,4,1,4,4|4|4|4|4|4|4|4|4|2
48432,8,False,8,2,8,8|8|8|8|8|0|8|8|0|8
48454,5,False,5,1,5,5|5|3|5|5|5|5|5|5|5
48468,9,False,9,1,9,9|5|9|9|9|9|9|9|9|9
48485,6,True,0,10,0,0|0|0|0|0|0|0|0|0|0
48496,1,False,1,8,5,5|5|5|1|1|5|5|5|9|5
48531,2,False,2,4,2,2|5|2|5|2|5|2|6|2|2
48535,1,True,5,10,5,5|5|5|5|5|5|5|5|5|5
48551,7,False,7,5,7,7|7|7|3|4|4|4|7|7|4
48570,2,True,1,10,5,5|5|9|5|1|1|5|9|9|5
48582,6,False,6,0,6,6|6|6|6|6|6|6|6|6|6
48587,0,False,0,0,0,0|0|0|0|0|0|0|0|0|0
48593,6,False,6,0,6,6|6|6|6|6|6|6|6|6|6
48597,1,True,8,10,8,8|8|8|8|8|8|8|8|8|8
48608,4,True,2,10,2,2|9|2|2|2|2|2|2|2|2
48609,1,True,3,6,5,5|5|1|5|1|1|5|1|5|5
48614,1,True,3,10,3,5|3|3|5|3|3|3|3|3|3
48623,5,True,9,10,9,9|9|9|9|9|9|9|9|9|9
48626,5,True,9,10,9,9|9|9|9|9|9|9|9|9|9
48633,9,False,9,0,9,9|9|9|9|9|9|9|9|9|9
48646,9,False,9,0,9,9|9|9|9|9|9|9|9|9|9
48648,9,False,9,0,9,9|9|9|9|9|9|9|9|9|9
48651,2,False,2,0,2,2|2|2|2|2|2|2|2|2|2
48670,1,True,8,10,9,9|9|8|5|9|9|9|9|9|9
48675,2,True,1,7,1,2|1|2|1|2|1|5|1|1|1
48676,9,True,2,9,2,2|9|2|2|2|2|2|2|2|2
48690,1,True,8,10,8,8|0|8|8|8|8|8|8|8|8
48710,6,False,6,2,6,6|8|6|6|8|6|6|6|6|6
48725,1,True,8,10,8,8|8|8|8|8|8|8|8|8|8
48731,4,False,4,0,4,4|4|4|4|4|4|4|4|4|4
48734,5,True,9,10,9,9|9|9|9|9|9|9|9|9|9
48757,8,False,8,0,8,8|8|8|8|8|8|8|8|8|8
48760,1,True,4,10,4,4|4|7|4|4|7|4|4|4|4
48766,5,True,9,10,9,9|9|9|9|9|9|9|9|9|9
48776,3,False,3,5,3,3|1|3|3|2|3|2|0|3|2
48795,7,True,6,10,6,6|6|6|6|6|6|6|6|6|6
48796,1,True,4,10,3,3|3|3|3|3|3|3|4|3|3
48797,2,True,5,10,5,5|5|5|5|5|5|5|5|5|5
48807,1,True,4,10,4,4|4|4|4|4|4|4|4|4|4
48812,1,True,4,10,4,4|4|4|4|4|4|4|4|4|4
48830,1,True,3,10,-1,5|3|3|7|7|3|3|7|7|5
48835,2,False,2,0,2,2|2|2|2|2|2|2|2|2|2
48839,5,True,9,4,5,5|5|9|5|9|5|5|9|9|5
48842,6,True,0,10,0,0|0|0|0|0|0|0|0|0|0
48869,0,False,0,0,0,0|0|0|0|0|0|0|0|0|0
48884,4,False,4,0,4,4|4|4|4|4|4|4|4|4|4
48898,5,True,1,9,1,1|1|1|1|1|1|5|1|2|1
48899,5,True,1,4,5,5|5|1|1|1|5|5|5|1|5
48916,9,False,9,0,9,9|9|9|9|9|9|9|9|9|9
48930,0,False,0,0,0,0|0|0|0|0|0|0|0|0|0
48932,6,False,6,2,6,6|7|6|6|7|6|6|6|6|6
48938,7,False,7,2,7,7|4|7|7|4|7|7|7|7|7
48944,2,False,2,2,2,2|2|2|9|2|2|0|2|2|2
48947,6,False,6,0,6,6|6|6|6|6|6|6|6|6|6
48950,4,False,4,0,4,4|4|4|4|4|4|4|4|4|4
48952,3,False,3,1,3,3|3|3|3|6|3|3|3|3|3
48955,4,False,4,0,4,4|4|4|4|4|4|4|4|4|4
48966,1,True,3,10,3,3|3|3|3|3|3|3|3|3|3
48967,5,False,5,7,3,3|3|3|5|3|5|5|3|3|3
48995,5,True,1,4,5,5|9|9|5|9|5|5|5|9|5
48997,4,False,4,9,0,2|0|0|4|8|0|0|0|0|0
48998,9,False,9,0,9,9|9|9|9|9|9|9|9|9|9
49013,4,False,4,0,4,4|4|4|4|4|4|4|4|4|4
49018,6,True,0,10,0,0|0|0|0|0|0|0|0|0|0
49046,8,True,6,9,6,6|8|6|6|6|6|6|6|6|6
49074,5,True,9,10,9,9|9|9|9|9|9|9|9|9|9
49103,7,False,7,6,4,4|4|7|7|4|7|4|4|7|9
49114,1,True,4,10,3,3|3|3|3|3|3|3|3|3|3
49117,3,False,3,5,3,2|3|4|4|2|3|3|2|3|3
49144,8,False,8,0,8,8|8|8|8|8|8|8|8|8|8
49146,1,True,3,10,3,3|3|3|3|3|3|3|4|4|3
49160,8,False,8,0,8,8|8|8|8|8|8|8|8|8|8
49161,1,True,8,10,8,8|8|8|8|8|8|8|8|8|8
49174,0,False,0,0,0,0|0|0|0|0|0|0|0|0|0
49202,3,True,7,10,4,4|4|7|7|4|4|4|4|4|4
49238,9,False,9,0,9,9|9|9|9|9|9|9|9|9|9
49242,1,True,5,10,5,5|3|5|5|2|5|5|5|3|5
49251,1,True,4,10,4,4|4|4|4|4|4|4|4|4|4
49253,8,False,8,0,8,8|8|8|8|8|8|8|8|8|8
49259,5,False,5,0,5,5|5|5|5|5|5|5|5|5|5
49290,2,False,2,0,2,2|2|2|2|2|2|2|2|2|2
49297,4,True,2,10,2,2|9|2|2|2|2|2|2|2|2
49301,5,False,5,5,5,5|3|9|5|3|5|5|3|3|5
49305,6,False,6,1,6,6|8|6|6|6|6|6|6|6|6
49325,3,False,3,3,3,4|3|3|3|3|3|4|4|3|3
49328,4,True,2,10,9,9|5|9|5|2|2|9|5|9|2
49332,7,False,7,0,7,7|7|7|7|7|7|7|7|7|7
49342,5,True,2,9,3,3|3|3|5|3|3|3|6|3|3
49348,2,True,1,10,1,1|1|1|1|1|1|5|1|1|1
49350,7,False,7,0,7,7|7|7|7|7|7|7|7|7|7
49360,9,False,9,9,5,5|5|9|1|1|5|5|5|1|5
49387,0,False,0,0,0,0|0|0|0|0|0|0|0|0|0
49390,1,True,4,10,4,4|4|4|4|4|4|4|4|4|4
49395,9,True,2,10,2,2|3|2|3|3|2|2|1|2|2
49399,5,False,5,8,4,4|4|3|5|2|2|4|5|4|7
49403,5,True,9,5,-1,5|5|9|5|9|5|9|9|9|5
49410,0,False,0,4,0,6|0|0|6|0|0|6|0|0|6
49427,9,False,9,9,0,0|8|0|9|0|0|0|8|8|0
49431,5,False,5,10,4,4|4|7|7|3|4|4|7|3|4
49438,5,True,1,5,-1,5|5|1|1|1|5|5|1|1|5
49449,2,False,2,1,2,2|0|2|2|2|2|2|2|2|2
49455,1,True,5,10,5,5|5|5|7|5|5|2|6|5|2
49473,0,True,8,9,8,3|8|8|3|3|0|8|8|3|8
49498,0,False,0,0,0,0|0|0|0|0|0|0|0|0|0
49499,1,True,3,10,3,3|3|3|3|3|3|3|3|3|3
49509,1,False,1,2,1,1|1|2|1|1|1|5|1|1|1
49510,0,False,0,0,0,0|0|0|0|0|0|0|0|0|0
49515,4,False,4,1,4,4|4|4|4|4|4|4|4|4|2
49518,5,True,4,10,4,4|4|7|4|4|4|4|4|7|4
49524,9,True,7,10,7,7|7|7|7|7|7|7|7|7|7
49543,1,True,8,10,8,8|8|8|8|8|8|8|8|8|8
49579,5,False,5,0,5,5|5|5|5|5|5|5|5|5|5
49593,2,True,1,9,5,5|5|9|5|2|5|9|9|9|5
49612,5,False,5,9,7,3|7|7|7|2|7|7|4|7|5
49624,7,True,6,10,6,6|6|6|6|6|6|6|6|6|6
49634,9,False,9,0,9,9|9|9|9|9|9|9|9|9|9
49643,5,True,1,7,1,1|5|1|1|1|1|5|1|2|5
49644,5,False,5,8,2,2|5|2|5|2|2|2|2|2|2
49651,0,False,0,5,0,0|5|0|0|0|0|9|9|9|9
49653,6,False,6,1,6,6|8|6|6|6|6|6|6|6|6
49655,6,False,6,0,6,6|6|6|6|6|6|6|6|6|6
49657,8,False,8,0,8,8|8|8|8|8|8|8|8|8|8
49659,2,True,7,10,7,7|7|7|7|7|7|7|7|7|7
49664,9,False,9,0,9,9|9|9|9|9|9|9|9|9|9
49666,2,False,2,6,0,2|2|2|8|0|0|0|0|0|2
49669,4,False,4,0,4,4|4|4|4|4|4|4|4|4|4
49674,1,False,1,9,0,0|0|0|0|2|1|0|0|0|0
49685,4,False,4,2,4,4|4|4|4|4|3|4|7|4|4
49697,0,True,8,10,8,8|8|8|8|8|8|8|8|8|8
49701,3,False,3,7,0,0|0|3|3|0|0|0|0|3|0
49704,6,False,6,2,6,6|6|6|6|6|8|6|6|6|7
49707,1,True,5,10,2,2|2|3|2|3|5|2|2|2|5
49708,6,False,6,0,6,6|6|6|6|6|6|6|6|6|6
49714,1,True,5,10,5,5|5|5|5|5|5|5|5|5|5
49720,5,False,5,3,5,5|5|4|5|2|5|2|5|5|5
49730,2,False,2,1,2,2|9|2|2|2|2|2|2|2|2
49738,7,False,7,0,7,7|7|7|7|7|7|7|7|7|7
49740,1,True,4,10,4,4|4|4|4|4|4|4|4|4|4
49773,3,False,3,6,9,3|3|9|3|9|5|9|9|9|3
49774,7,False,7,0,7,7|7|7|7|7|7|7|7|7|7
49788,8,False,8,0,8,8|8|8|8|8|8|8|8|8|8
49798,8,True,6,10,6,6|6|6|6|6|6|6|6|6|7
49799,6,True,0,10,0,0|0|0|0|0|0|0|0|0|0
49809,7,False,7,1,7,7|7|7|7|7|7|9|7|7|7
49814,7,False,7,1,7,7|3|7|7|7|7|7|7|7|7
49818,8,True,6,10,6,6|6|6|6|6|6|6|6|6|6
49853,8,True,6,9,6,6|8|6|6|6|6|6|6|6|6
49858,2,False,2,3,2,2|9|5|2|5|2|2|2|2|2
49877,5,True,2,10,0,0|0|2|2|2|0|0|2|0|0
49893,7,False,7,0,7,7|7|7|7|7|7|7|7|7|7
49904,9,False,9,0,9,9|9|9|9|9|9|9|9|9|9
49908,5,True,9,10,9,9|9|9|9|9|9|9|9|9|9
49909,6,False,6,2,6,6|5|6|6|6|6|6|6|6|8
49920,1,True,5,10,2,2|0|2|3|2|5|2|0|5|5
49924,8,False,8,0,8,8|8|8|8|8|8|8|8|8|8
49934,1,True,3,10,3,3|3|3|3|3|3|3|3|3|3
49948,6,False,6,2,6,6|8|6|6|6|6|6|8|6|6
49950,4,False,4,0,4,4|4|4|4|4|4|4|4|4|4
49971,5,True,9,10,9,9|9|9|9|9|9|9|9|9|9
49983,1,True,3,10,5,5|5|3|5|5|5|5|3|3|5
49987,2,False,2,5,2,6|4|6|2|3|4|2|2|2|2
49992,0,False,0,1,0,0|0|0|0|6|0|0|0|0|0
49994,0,False,0,4,0,0|3|0|8|0|6|0|0|3|0
