index,noisy_label,is_noisy,real_label,mistakes,label_pred,preds
0,6,False,6,6,8,6|5|8|8|8|6|6|6|8|8
13,2,False,2,6,0,0|0|0|0|2|7|2|2|0|2
35,6,True,0,9,2,6|0|2|0|2|2|0|2|0|2
36,3,False,3,0,3,3|3|3|3|3|3|3|3|3|3
51,2,True,5,10,3,3|3|5|5|5|3|3|3|3|3
65,1,False,1,1,1,1|1|1|1|5|1|1|1|1|1
68,6,True,7,10,7,7|7|7|7|7|7|7|7|7|7
75,1,False,1,5,1,1|1|8|5|8|1|1|8|5|1
80,3,False,3,3,3,3|3|8|3|0|3|0|3|3|3
83,5,False,5,6,-1,5|0|5|5|2|5|0|2|2|2
84,7,False,7,6,7,4|7|3|7|4|3|1|7|2|7
85,7,False,7,2,7,7|4|7|7|7|3|7|7|7|7
91,1,True,3,10,3,3|3|3|3|3|3|3|3|3|3
94,5,True,1,5,-1,1|1|5|5|5|1|1|5|5|1
96,1,False,1,3,1,1|1|1|1|2|1|1|2|2|1
103,7,True,6,10,6,6|1|8|8|6|1|6|6|1|8
107,5,False,5,7,2,3|7|3|5|5|5|2|2|2|2
110,9,False,9,9,1,1|1|2|5|1|9|1|5|5|1
148,1,True,5,10,3,3|3|3|5|5|3|3|3|3|3
149,4,False,4,0,4,4|4|4|4|4|4|4|4|4|4
160,5,True,1,6,1,1|1|1|5|5|1|1|5|5|1
170,8,False,8,0,8,8|8|8|8|8|8|8|8|8|8
178,7,False,7,0,7,7|7|7|7|7|7|7|7|7|7
192,1,True,8,10,8,8|8|8|8|8|8|8|8|8|8
196,2,False,2,1,2,2|2|2|2|2|9|2|2|2|2
205,9,False,9,0,9,9|9|9|9|9|9|9|9|9|9
235,6,False,6,0,6,6|6|6|6|6|6|6|6|6|6
246,1,True,8,9,8,8|8|8|8|8|1|8|8|8|8
290,1,True,8,10,8,8|8|8|8|8|8|8|8|8|8
292,6,False,6,1,6,6|6|6|6|6|6|6|6|8|6
297,1,True,5,10,5,5|5|5|5|5|5|5|5|5|5
299,4,False,4,5,4,4|2|6|4|4|2|4|4|6|2
301,1,False,1,10,3,3|3|3|3|9|3|3|5|3|3
305,5,False,5,10,4,4|4|4|2|1|7|3|4|2|7
309,1,True,8,9,8,0|8|8|8|8|8|1|8|9|8
324,5,False,5,1,5,5|2|5|5|5|5|5|5|5|5
335,2,False,2,1,2,2|2|2|2|2|9|2|2|2|2
337,5,False,5,7,4,5|4|4|4|1|5|4|5|3|4
340,9,False,9,5,-1,5|5|5|9|9|9|9|9|5|5
344,0,False,0,0,0,0|0|0|0|0|0|0|0|0|0
385,9,False,9,1,9,5|9|9|9|9|9|9|9|9|9
398,4,False,4,0,4,4|4|4|4|4|4|4|4|4|4
400,0,True,2,7,2,2|0|2|2|2|7|2|0|2|0
406,5,True,9,8,9,5|5|9|9|9|9|9|9|9|9
411,2,False,2,6,-1,3|4|2|3|1|3|3|2|2|2
416,3,False,3,5,3,3|5|3|5|5|1|5|3|3|3
420,4,False,4,0,4,4|4|4|4|4|4|4|4|4|4
425,9,True,2,10,2,0|0|2|0|2|2|2|2|0|2
431,1,True,5,9,5,5|5|5|5|5|1|5|5|5|5
449,4,False,4,2,4,4|3|5|4|4|4|4|4|4|4
457,6,True,0,10,0,0|0|0|0|0|0|0|0|0|0
488,6,False,6,0,6,6|6|6|6|6|6|6|6|6|6
489,4,False,4,0,4,4|4|4|4|4|4|4|4|4|4
493,1,False,1,4,1,5|1|5|1|5|1|1|5|1|1
501,8,False,8,0,8,8|8|8|8|8|8|8|8|8|8
503,8,False,8,0,8,8|8|8|8|8|8|8|8|8|8
520,1,True,4,10,4,4|4|4|4|4|4|4|4|4|4
533,4,True,2,10,2,2|2|2|2|2|9|2|2|2|9
541,5,True,9,8,9,5|5|9|9|9|9|9|9|9|9
542,2,True,5,5,-1,2|5|5|5|2|5|2|2|2|5
573,5,False,5,1,5,5|5|5|5|5|1|5|5|5|5
578,2,True,1,9,1,1|1|1|1|1|1|1|2|1|1
583,3,False,3,0,3,3|3|3|3|3|3|3|3|3|3
598,0,False,0,0,0,0|0|0|0|0|0|0|0|0|0
605,0,False,0,0,0,0|0|0|0|0|0|0|0|0|0
613,9,False,9,5,-1,5|5|5|5|9|9|9|9|5|9
673,4,True,2,0,4,4|4|4|4|4|4|4|4|4|4
677,1,True,4,10,4,4|4|4|4|4|4|4|4|4|4
684,3,False,3,8,4,4|4|8|4|4|3|4|7|3|5
688,7,False,7,0,7,7|7|7|7|7|7|7|7|7|7
710,7,True,6,9,6,6|6|6|6|6|6|6|7|6|6
717,3,False,3,0,3,3|3|3|3|3|3|3|3|3|3
729,5,False,5,10,7,7|7|7|7|4|7|7|7|7|7
735,0,False,0,1,0,6|0|0|0|0|0|0|0|0|0
736,8,False,8,1,8,8|8|8|8|8|8|8|8|1|8
742,9,True,2,9,2,2|2|2|2|2|4|2|2|4|9
749,5,True,9,6,9,9|0|9|5|9|9|5|9|5|5
767,5,False,5,7,-1,2|2|5|5|5|4|3|3|3|2
778,2,False,2,8,-1,4|6|3|4|3|1|4|2|2|3
782,0,False,0,0,0,0|0|0|0|0|0|0|0|0|0
812,0,False,0,0,0,0|0|0|0|0|0|0|0|0|0
823,1,False,1,1,1,1|1|1|1|5|1|1|1|1|1
826,1,True,8,10,8,8|8|8|8|8|8|8|8|8|8
827,9,True,2,9,2,2|2|2|2|2|9|2|2|2|2
831,4,False,4,1,4,4|4|4|4|4|4|4|4|4|7
838,7,True,6,10,6,6|6|6|6|6|6|6|6|6|6
864,2,False,2,3,2,6|2|2|2|2|4|8|2|2|2
878,3,False,3,4,3,5|3|3|3|3|3|6|6|3|7
891,8,False,8,0,8,8|8|8|8|8|8|8|8|8|8
902,0,False,0,0,0,0|0|0|0|0|0|0|0|0|0
908,2,True,5,8,5,5|5|5|5|5|5|2|2|5|5
910,2,False,2,2,2,4|2|2|2|2|4|2|2|2|2
925,4,False,4,0,4,4|4|4|4|4|4|4|4|4|4
926,7,False,7,2,7,7|4|3|7|7|7|7|7|7|7
930,4,False,4,2,4,2|4|4|4|2|4|4|4|4|4
947,1,False,1,10,5,5|5|5|0|5|5|5|5|5|5
955,3,False,3,0,3,3|3|3|3|3|3|3|3|3|3
956,9,True,7,9,7,7|7|7|7|7|7|9|7|7|7
958,8,False,8,1,8,8|8|8|8|5|8|8|8|8|8
966,1,True,4,10,4,4|4|3|4|7|4|4|4|4|4
970,5,True,9,10,9,9|9|9|9|9|9|9|9|9|9
994,2,True,7,10,7,7|7|5|7|7|7|7|7|7|7
997,5,True,1,9,1,1|1|1|1|5|1|1|1|1|1
1000,9,False,9,2,9,5|5|9|9|9|9|9|9|9|9
1012,6,True,0,10,0,0|0|0|0|0|0|0|0|0|0
1019,7,False,7,0,7,7|7|7|7|7|7|7|7|7|7
1024,4,True,2,8,2,2|2|2|4|2|4|2|2|2|2
1025,3,False,3,2,3,3|3|3|3|5|3|3|3|3|1
1031,7,True,6,10,6,6|6|6|6|6|6|6|6|8|6
1049,5,True,9,6,9,5|5|5|9|5|9|9|9|9|9
1056,1,True,8,10,8,8|8|8|8|8|8|8|8|8|8
1067,2,False,2,10,5,5|6|5|5|5|5|6|5|6|5
1079,1,False,1,2,1,1|1|1|1|5|1|1|5|1|1
1083,2,True,7,10,7,7|7|3|7|4|7|7|7|7|7
1086,0,False,0,1,0,8|0|0|0|0|0|0|0|0|0
1101,6,False,6,1,6,6|6|6|2|6|6|6|6|6|6
1104,1,True,3,9,-1,2|5|2|5|2|5|0|1|2|5
1136,5,False,5,7,6,6|6|5|4|5|4|6|5|6|3
1137,9,False,9,1,9,9|9|9|9|9|9|9|9|5|9
1144,0,False,0,0,0,0|0|0|0|0|0|0|0|0|0
1146,2,False,2,0,2,2|2|2|2|2|2|2|2|2|2
1149,7,False,7,0,7,7|7|7|7|7|7|7|7|7|7
1156,5,False,5,2,5,5|3|5|5|5|5|5|5|3|5
1192,6,False,6,0,6,6|6|6|6|6|6|6|6|6|6
1219,9,True,2,8,2,2|2|2|9|2|9|2|2|2|2
1222,7,True,6,5,7,3|6|7|6|6|7|6|7|7|7
1225,4,False,4,0,4,4|4|4|4|4|4|4|4|4|4
1230,1,True,8,10,8,8|8|8|8|8|8|8|8|8|8
1237,8,True,6,9,6,6|6|6|6|6|8|6|6|6|6
1248,8,True,6,10,6,6|6|6|6|6|6|6|6|6|6
1254,4,False,4,6,4,4|4|8|8|0|4|8|0|0|4
1257,3,False,3,1,3,3|3|3|3|3|3|3|3|5|3
1258,5,True,2,10,-1,4|4|2|4|4|4|2|2|2|2
1273,7,False,7,1,7,7|4|7|7|7|7|7|7|7|7
1275,2,True,7,10,7,7|7|7|7|7|4|7|7|7|7
1278,6,True,0,10,0,0|0|0|0|0|0|0|0|0|0
1283,2,False,2,1,2,2|2|2|2|2|4|2|2|2|2
1287,1,False,1,5,-1,5|1|1|5|5|1|1|5|5|1
1299,1,True,4,10,4,4|4|4|4|4|4|4|4|4|4
1305,5,True,1,6,9,5|9|5|9|5|9|9|9|5|9
1311,4,False,4,0,4,4|4|4|4|4|4|4|4|4|4
1312,4,False,4,0,4,4|4|4|4|4|4|4|4|4|4
1314,8,False,8,1,8,8|8|8|8|8|1|8|8|8|8
1316,1,True,3,10,7,7|7|7|3|7|7|7|7|7|7
1318,8,True,6,10,6,7|6|6|6|6|7|6|6|7|6
1323,1,True,8,10,8,8|8|8|8|8|8|8|8|8|8
1326,9,False,9,3,9,5|5|9|9|9|9|9|9|5|9
1334,2,False,2,7,4,4|2|4|4|4|4|4|2|4|2
1350,4,False,4,6,-1,4|2|2|4|3|4|3|2|4|2
1359,2,False,2,3,2,5|2|2|2|2|4|1|2|2|2
1395,3,True,7,10,7,7|7|7|7|7|7|7|7|7|7
1406,4,False,4,0,4,4|4|4|4|4|4|4|4|4|4
1413,1,False,1,6,8,1|8|8|8|8|1|8|8|1|1
1415,9,True,2,10,2,2|2|2|2|2|4|2|2|2|2
1436,8,True,6,5,-1,6|8|6|6|8|8|6|6|8|8
1453,6,False,6,1,6,6|6|6|6|6|6|6|6|7|6
1461,3,False,3,3,3,3|3|8|3|9|3|3|3|6|3
1475,2,False,2,4,2,2|0|9|2|2|9|2|9|2|2
1478,2,False,2,5,-1,4|2|2|4|2|4|4|2|4|2
1482,2,True,5,9,3,5|3|3|7|5|4|2|4|3|3
1499,1,True,3,9,3,7|3|3|3|1|0|2|7|3|3
1501,2,False,2,1,2,2|2|2|2|2|5|2|2|2|2
1502,1,False,1,2,1,1|1|1|1|5|1|1|2|1|1
1506,8,False,8,0,8,8|8|8|8|8|8|8|8|8|8
1507,6,True,0,10,0,0|0|0|0|0|0|0|0|0|0
1537,6,False,6,3,6,6|6|6|8|6|8|8|6|6|6
1548,1,False,1,4,1,1|1|1|1|2|1|2|2|2|1
1571,5,True,1,9,1,1|1|1|1|5|1|1|1|1|1
1583,3,True,7,10,7,7|7|7|7|7|7|7|7|7|7
1603,3,False,3,3,3,5|5|3|3|3|3|3|3|3|4
1608,1,True,3,10,3,3|3|3|3|3|3|3|3|4|3
1610,9,False,9,1,9,9|9|9|9|9|9|9|9|5|9
1614,5,True,2,6,2,5|2|5|2|2|9|2|5|2|5
1626,6,True,0,10,0,0|0|0|0|0|0|0|0|0|0
1628,6,False,6,4,6,8|6|6|6|6|8|6|8|6|8
1633,9,False,9,0,9,9|9|9|9|9|9|9|9|9|9
1634,5,False,5,1,5,5|5|5|5|5|1|5|5|5|5
1637,6,False,6,0,6,6|6|6|6|6|6|6|6|6|6
1649,1,True,8,10,8,8|8|8|8|8|8|8|8|8|8
1654,1,True,4,10,7,7|7|7|7|7|4|7|9|7|7
1659,4,False,4,1,4,4|4|4|4|4|4|8|4|4|4
1679,7,False,7,0,7,7|7|7|7|7|7|7|7|7|7
1685,1,True,3,10,3,3|3|3|3|3|7|3|3|3|3
1698,3,True,7,5,3,3|6|3|2|9|3|0|3|6|3
1710,1,True,3,10,3,5|3|3|3|9|4|3|2|3|3
1711,6,True,0,10,0,0|0|0|0|0|0|0|0|0|0
1718,9,False,9,2,9,5|5|9|9|9|9|9|9|9|9
1734,5,True,9,10,9,9|9|9|9|9|9|9|9|9|9
1752,0,True,2,10,5,2|2|5|5|5|1|5|2|5|5
1753,2,False,2,2,2,2|2|2|0|2|2|2|0|2|2
1777,5,True,2,10,2,2|2|2|2|2|4|2|2|2|2
1794,8,False,8,0,8,8|8|8|8|8|8|8|8|8|8
1802,6,False,6,2,6,8|8|6|6|6|6|6|6|6|6
1805,5,False,5,1,5,5|5|5|5|5|1|5|5|5|5
1807,8,True,6,9,6,6|6|6|6|6|6|6|6|6|8
1813,4,False,4,0,4,4|4|4|4|4|4|4|4|4|4
1815,1,True,3,10,-1,7|2|2|2|3|9|3|3|3|2
1827,5,True,9,10,9,9|9|9|9|9|9|9|9|9|9
1852,4,True,2,2,4,4|4|2|4|2|4|4|4|4|4
1855,7,True,4,10,4,4|4|4|4|4|4|4|4|4|4
1862,1,True,8,10,8,8|8|8|8|8|8|8|8|8|8
1870,4,False,4,0,4,4|4|4|4|4|4|4|4|4|4
1876,6,False,6,0,6,6|6|6|6|6|6|6|6|6|6
1878,0,False,0,0,0,0|0|0|0|0|0|0|0|0|0
1902,7,False,7,0,7,7|7|7|7|7|7|7|7|7|7
1904,1,True,4,10,4,4|4|4|4|4|4|4|4|4|4
1909,4,True,7,10,7,7|7|7|7|7|7|7|7|7|7
1929,2,False,2,10,6,6|6|8|6|6|1|6|6|6|8
1935,6,True,0,10,0,0|0|0|0|0|0|0|0|0|0
1937,4,False,4,5,4,4|4|3|2|4|4|1|4|2|2
1940,5,True,9,10,9,9|9|9|9|9|9|9|9|9|9
1959,6,False,6,2,6,6|6|8|6|6|8|6|6|6|6
1976,5,False,5,7,3,5|3|5|3|3|3|3|5|3|3
1979,1,True,5,9,5,5|5|5|5|5|5|3|5|5|1
1982,6,False,6,0,6,6|6|6|6|6|6|6|6|6|6
2023,1,False,1,5,1,5|1|5|1|5|9|1|5|1|1
2041,9,True,2,10,2,4|4|2|2|2|4|2|2|2|7
2063,7,False,7,1,7,7|7|7|7|7|9|7|7|7|7
2064,5,False,5,5,5,7|2|5|7|5|5|8|5|5|9
2127,3,False,3,0,3,3|3|3|3|3|3|3|3|3|3
2135,7,False,7,0,7,7|7|7|7|7|7|7|7|7|7
2139,7,False,7,2,7,7|7|7|7|4|7|4|7|7|7
2142,0,False,0,0,0,0|0|0|0|0|0|0|0|0|0
2143,5,True,1,10,1,1|1|2|1|1|1|1|2|1|1
2164,3,False,3,9,4,4|4|3|4|4|4|4|4|4|4
2175,4,False,4,1,4,4|4|4|4|4|4|3|4|4|4
2192,5,True,9,9,9,5|9|9|9|9|9|9|9|9|9
2194,1,True,5,9,5,5|5|5|5|5|1|3|5|5|5
2204,2,True,1,10,1,5|1|1|1|5|1|1|5|1|1
2215,9,False,9,6,5,9|5|5|5|9|9|5|9|5|5
2218,5,True,9,4,5,5|5|5|5|9|9|9|9|5|5
2222,8,True,6,7,6,6|6|8|3|8|7|8|6|4|6
2237,2,False,2,8,4,4|4|2|4|4|4|1|2|4|4
2247,2,False,2,2,2,2|2|2|2|0|4|2|2|2|2
2256,3,True,7,9,7,7|7|7|7|7|7|7|7|7|3
2258,0,False,0,0,0,0|0|0|0|0|0|0|0|0|0
2262,6,True,0,10,0,0|0|0|0|0|0|0|0|0|0
2269,2,False,2,3,2,2|2|2|2|9|3|4|2|2|2
2270,3,False,3,1,3,3|3|3|3|3|3|3|3|3|5
2277,0,False,0,1,0,6|0|0|0|0|0|0|0|0|0
2289,5,True,1,4,5,1|5|5|5|5|1|1|5|5|1
2290,7,False,7,1,7,7|4|7|7|7|7|7|7|7|7
2292,5,False,5,3,5,3|5|5|5|5|1|3|5|5|5
2299,7,True,6,6,6,6|6|6|6|6|7|7|6|7|7
2309,8,False,8,0,8,8|8|8|8|8|8|8|8|8|8
2312,3,False,3,0,3,3|3|3|3|3|3|3|3|3|3
2314,1,True,5,9,5,5|5|5|5|5|1|5|5|5|5
2324,1,True,3,10,6,4|6|8|4|6|6|3|6|6|3
2329,4,False,4,4,4,4|2|3|4|4|4|4|4|2|3
2333,1,True,8,10,8,8|8|8|8|8|8|8|8|8|8
2364,6,False,6,0,6,6|6|6|6|6|6|6|6|6|6
2384,1,True,5,9,3,5|3|5|3|3|3|3|5|5|1
2409,6,False,6,7,6,6|6|7|4|4|1|8|7|6|8
2413,0,False,0,4,0,0|0|0|0|0|1|1|0|8|9
2416,1,True,5,10,3,3|3|5|4|5|4|3|3|3|3
2423,6,True,0,10,0,0|0|0|0|0|0|0|0|0|0
2427,0,False,0,0,0,0|0|0|0|0|0|0|0|0|0
2430,4,True,7,10,7,7|7|7|7|7|7|7|7|7|7
2432,3,False,3,0,3,3|3|3|3|3|3|3|3|3|3
2445,5,True,1,2,5,5|1|1|5|5|5|5|5|5|5
2448,5,True,9,7,9,5|5|5|9|9|9|9|9|9|9
2474,7,False,7,0,7,7|7|7|7|7|7|7|7|7|7
2477,9,False,9,4,9,5|5|9|9|5|9|9|9|5|9
2483,1,True,8,8,5,5|5|8|5|5|1|1|8|5|5
2489,8,False,8,0,8,8|8|8|8|8|8|8|8|8|8
2497,9,False,9,2,9,5|5|9|9|9|9|9|9|9|9
2506,9,False,9,1,9,7|9|9|9|9|9|9|9|9|9
2518,1,True,3,10,3,3|3|3|3|3|3|3|3|3|3
2528,4,False,4,0,4,4|4|4|4|4|4|4|4|4|4
2535,0,True,2,10,8,8|2|8|8|2|9|8|8|2|2
2538,9,True,2,10,2,2|2|0|2|2|2|6|2|2|2
2555,1,True,5,10,5,5|5|5|5|5|5|3|5|5|5
2557,5,True,2,10,2,2|2|2|6|2|4|8|2|4|2
2559,3,False,3,0,3,3|3|3|3|3|3|3|3|3|3
2574,0,False,0,0,0,0|0|0|0|0|0|0|0|0|0
2593,1,True,8,10,8,8|8|8|8|8|8|8|8|8|8
2598,0,False,0,0,0,0|0|0|0|0|0|0|0|0|0
2603,8,False,8,0,8,8|8|8|8|8|8|8|8|8|8
2616,7,False,7,2,7,7|3|7|7|7|7|7|7|4|7
2622,6,True,0,10,0,0|0|0|5|9|7|0|0|0|0
2627,3,False,3,0,3,3|3|3|3|3|3|3|3|3|3
2629,4,False,4,0,4,4|4|4|4|4|4|4|4|4|4
2673,4,False,4,6,7,7|4|7|4|7|4|7|4|7|7
2702,2,False,2,1,2,2|2|2|2|2|9|2|2|2|2
2723,1,True,3,10,3,3|3|3|3|3|3|3|3|3|3
2726,1,True,5,9,5,5|5|5|5|5|1|5|5|5|5
2748,5,False,5,2,5,5|5|5|3|5|5|1|5|5|5
2758,5,True,9,8,9,5|5|9|9|9|9|9|9|9|9
2767,9,False,9,1,9,9|9|9|9|9|9|9|9|5|9
2770,3,False,3,5,3,3|3|3|2|6|4|6|3|3|2
2771,2,True,1,6,1,1|1|2|1|2|1|1|2|2|1
2772,2,False,2,2,2,2|2|2|9|2|9|2|2|2|2
2786,8,True,6,7,6,8|6|8|6|8|6|6|6|6|6
2822,8,True,6,8,6,6|6|6|8|6|6|6|6|8|5
2842,4,False,4,0,4,4|4|4|4|4|4|4|4|4|4
2844,5,True,1,8,1,5|1|1|1|5|1|1|2|1|1
2853,9,False,9,1,9,9|9|5|9|9|9|9|9|9|9
2854,8,True,2,10,2,2|2|2|2|2|9|2|2|2|2
2857,1,True,8,10,8,8|8|8|8|8|8|8|8|8|8
2869,5,True,2,10,2,2|2|2|2|2|4|2|2|4|2
2893,6,False,6,0,6,6|6|6|6|6|6|6|6|6|6
2898,6,False,6,8,3,3|1|3|3|5|3|6|6|2|1
2900,4,False,4,0,4,4|4|4|4|4|4|4|4|4|4
2916,5,False,5,5,-1,3|5|3|5|5|3|5|5|3|3
2920,5,True,9,9,9,9|9|5|9|9|9|9|9|9|9
2952,8,False,8,0,8,8|8|8|8|8|8|8|8|8|8
2953,9,False,9,1,9,9|9|5|9|9|9|9|9|9|9
2955,8,True,6,9,6,6|6|6|8|6|6|6|6|6|6
2956,5,True,9,10,9,9|9|9|9|9|9|9|9|9|9
2962,0,False,0,1,0,0|0|0|0|0|0|0|0|5|0
2964,0,False,0,0,0,0|0|0|0|0|0|0|0|0|0
2975,9,True,2,9,2,2|2|2|2|2|9|2|2|2|2
2986,1,True,3,9,5,5|5|5|5|5|1|5|5|5|5
2987,8,False,8,1,8,8|1|8|8|8|8|8|8|8|8
2994,1,False,1,9,5,5|0|5|0|5|9|1|9|5|5
3001,5,True,4,9,4,2|4|2|4|4|5|4|2|4|2
3022,5,False,5,0,5,5|5|5|5|5|5|5|5|5|5
3035,7,False,7,0,7,7|7|7|7|7|7|7|7|7|7
3049,6,True,0,9,0,2|0|0|0|0|0|6|0|2|0
3057,3,False,3,0,3,3|3|3|3|3|3|3|3|3|3
3071,9,True,7,9,7,7|7|7|7|7|7|7|9|7|7
3073,6,True,0,10,0,0|0|0|0|0|0|0|0|0|0
3084,3,False,3,0,3,3|3|3|3|3|3|3|3|3|3
3085,1,False,1,2,1,1|1|1|1|2|1|1|5|1|1
3087,1,True,3,10,3,3|3|3|3|3|3|3|3|3|3
3097,9,False,9,4,9,5|5|9|9|9|9|9|9|5|5
3099,9,False,9,4,9,5|5|5|5|9|9|9|9|9|9
3102,0,False,0,0,0,0|0|0|0|0|0|0|0|0|0
3118,2,False,2,1,2,2|2|2|2|2|9|2|2|2|2
3123,1,True,8,10,8,8|8|8|8|8|8|8|8|8|8
3124,5,False,5,7,3,7|1|3|5|7|5|3|3|3|5
3136,6,True,0,10,0,0|0|0|0|0|0|0|0|0|0
3137,5,True,9,9,9,9|9|9|9|9|9|9|9|5|9
3139,8,True,6,5,-1,8|8|8|6|6|6|6|6|8|8
3142,2,True,1,9,1,1|1|1|1|1|1|1|2|5|1
3146,7,False,7,4,7,5|7|3|7|1|7|7|7|5|7
3148,5,False,5,8,3,5|3|3|3|5|1|3|3|3|1
3154,6,False,6,1,6,6|6|6|6|6|7|6|6|6|6
3163,1,True,5,10,5,5|5|5|5|5|5|5|5|5|5
3177,1,True,3,10,2,7|2|3|2|2|5|2|7|3|3
3183,1,False,1,7,5,5|5|5|5|5|1|1|5|5|1
3193,8,True,2,10,2,2|2|2|2|2|4|2|2|4|2
3212,1,False,1,0,1,1|1|1|1|1|1|1|1|1|1
3238,1,False,1,4,1,1|1|2|1|5|1|1|2|2|1
3239,5,True,9,10,9,9|9|9|9|9|9|9|9|9|9
3250,8,False,8,6,0,8|0|0|0|0|0|0|8|8|8
3252,1,True,4,10,7,7|7|7|7|7|7|7|4|7|7
3264,5,False,5,1,5,5|5|5|5|5|1|5|5|5|5
3275,9,True,7,10,7,7|7|7|7|7|7|7|7|7|7
3276,9,False,9,3,9,5|5|9|9|9|9|9|9|5|9
3285,1,False,1,4,1,1|1|5|1|5|1|1|2|5|1
3305,8,False,8,0,8,8|8|8|8|8|8|8|8|8|8
3314,1,True,4,9,4,4|4|5|4|1|4|4|4|4|4
3316,5,True,9,10,9,9|9|9|9|9|9|9|9|9|9
3334,0,False,0,5,-1,0|0|8|0|8|8|8|0|0|8
3336,0,False,0,0,0,0|0|0|0|0|0|0|0|0|0
3358,7,False,7,0,7,7|7|7|7|7|7|7|7|7|7
3381,9,False,9,1,9,9|9|9|9|9|9|9|9|5|9
3404,2,True,1,9,1,1|1|1|5|5|1|1|2|1|1
3406,1,True,8,9,8,8|8|8|8|8|8|8|8|8|1
3425,8,False,8,0,8,8|8|8|8|8|8|8|8|8|8
3430,8,False,8,0,8,8|8|8|8|8|8|8|8|8|8
3434,7,False,7,0,7,7|7|7|7|7|7|7|7|7|7
3446,2,False,2,1,2,2|2|2|2|2|9|2|2|2|2
3447,1,True,3,10,3,3|3|3|3|3|3|3|3|3|3
3452,5,True,1,5,-1,5|1|5|1|5|1|1|5|5|1
3476,4,True,2,8,2,4|4|2|2|2|2|2|2|2|2
3479,9,False,9,1,9,9|9|9|9|9|9|9|9|5|9
3481,7,False,7,1,7,7|7|3|7|7|7|7|7|7|7
3486,1,True,3,10,3,3|3|8|3|3|6|3|3|3|3
3498,5,False,5,1,5,5|5|5|5|5|1|5|5|5|5
3502,5,False,5,2,5,3|5|5|5|2|5|5|5|5|5
3506,9,True,2,10,-1,6|2|8|6|6|6|2|2|7|2
3515,0,False,0,0,0,0|0|0|0|0|0|0|0|0|0
3517,2,False,2,3,2,2|2|5|7|2|7|2|2|2|2
3529,8,False,8,0,8,8|8|8|8|8|8|8|8|8|8
3541,1,True,8,10,8,8|8|8|8|8|8|8|8|8|8
3544,7,False,7,0,7,7|7|7|7|7|7|7|7|7|7
3548,0,False,0,0,0,0|0|0|0|0|0|0|0|0|0
3569,2,False,2,10,4,4|4|4|4|4|4|4|4|4|4
3590,6,False,6,6,6,6|2|8|6|6|8|2|2|8|6
3595,5,False,5,0,5,5|5|5|5|5|5|5|5|5|5
3622,7,False,7,1,7,3|7|7|7|7|7|7|7|7|7
3635,1,True,4,10,4,4|4|4|4|4|4|4|4|4|4
3656,8,True,6,8,6,6|6|6|6|6|8|6|6|8|6
3660,5,False,5,5,5,5|6|5|9|5|1|6|5|5|2
3664,1,True,4,10,4,4|4|4|4|4|4|4|4|4|4
3665,0,False,0,0,0,0|0|0|0|0|0|0|0|0|0
3666,9,False,9,1,9,5|9|9|9|9|9|9|9|9|9
3674,0,False,0,0,0,0|0|0|0|0|0|0|0|0|0
3705,9,False,9,1,9,9|9|9|9|9|9|9|9|9|5
3714,5,False,5,2,5,5|5|5|5|5|3|5|5|3|5
3726,4,True,7,10,7,7|7|7|7|7|7|7|7|7|7
3742,6,False,6,1,6,6|6|8|6|6|6|6|6|6|6
3754,6,False,6,1,6,6|6|6|6|6|8|6|6|6|6
3759,1,True,4,10,4,4|4|4|4|4|4|4|4|4|4
3771,2,False,2,0,2,2|2|2|2|2|2|2|2|2|2
3792,3,False,3,4,3,5|3|5|3|9|3|3|3|3|2
3803,5,False,5,4,5,5|5|5|5|5|3|3|5|3|3
3824,7,False,7,0,7,7|7|7|7|7|7|7|7|7|7
3834,1,True,3,10,3,3|3|3|3|3|3|3|3|3|3
3840,1,False,1,1,1,1|1|1|1|1|1|1|5|1|1
3854,2,True,7,10,7,7|7|7|7|7|7|7|7|7|7
3857,8,False,8,9,0,0|0|0|0|0|0|0|8|0|0
3866,1,True,4,10,4,4|4|4|4|4|4|4|4|4|4
3870,3,False,3,10,2,0|2|2|5|5|1|6|2|8|1
3878,5,True,9,6,9,5|5|5|9|9|9|9|9|5|9
3891,6,True,0,10,0,0|0|0|0|0|0|0|0|0|0
3894,1,True,5,10,5,5|5|5|5|5|5|5|5|5|5
3897,4,False,4,0,4,4|4|4|4|4|4|4|4|4|4
3901,2,False,2,3,2,3|2|2|3|2|9|2|2|2|2
3904,1,True,8,10,8,8|8|8|8|8|8|8|8|8|8
3918,0,False,0,0,0,0|0|0|0|0|0|0|0|0|0
3920,7,False,7,0,7,7|7|7|7|7|7|7|7|7|7
3929,9,False,9,4,9,5|5|5|9|5|9|9|9|9|9
3931,8,False,8,0,8,8|8|8|8|8|8|8|8|8|8
3973,4,False,4,3,4,4|4|7|4|7|4|3|4|4|4
3978,8,False,8,9,9,9|9|8|9|5|9|0|9|5|9
3985,4,False,4,0,4,4|4|4|4|4|4|4|4|4|4
3988,9,True,7,10,7,7|3|7|3|7|7|7|7|7|7
3989,7,False,7,1,7,7|3|7|7|7|7|7|7|7|7
3992,1,False,1,2,1,1|1|1|5|5|1|1|1|1|1
4003,8,False,8,0,8,8|8|8|8|8|8|8|8|8|8
4011,1,False,1,1,1,1|1|1|1|1|1|1|2|1|1
4026,6,False,6,2,6,8|6|6|6|6|8|6|6|6|6
4031,6,False,6,3,6,6|6|2|6|6|8|2|6|6|6
4041,9,False,9,0,9,9|9|9|9|9|9|9|9|9|9
4042,1,True,5,9,5,5|5|5|5|5|1|5|5|5|5
4044,1,True,5,9,5,5|5|5|5|5|1|5|5|5|5
4046,6,True,0,10,0,0|0|0|0|0|1|0|0|0|0
4055,4,False,4,4,4,6|4|8|6|8|4|4|4|4|4
4059,7,False,7,2,7,7|7|3|7|7|7|7|7|4|7
4060,6,True,0,10,0,0|0|0|0|0|0|0|0|0|0
4062,6,False,6,6,-1,2|6|8|0|0|6|6|0|6|0
4072,1,True,3,9,3,5|3|3|5|5|3|5|3|3|1
4075,9,True,7,10,7,7|7|7|7|7|7|7|7|7|7
4080,6,True,0,10,0,0|0|0|0|0|0|0|0|0|0
4084,2,True,1,8,1,1|1|1|1|5|1|1|2|2|1
4087,1,True,3,9,3,3|3|3|3|3|3|3|3|1|3
4089,1,True,3,10,3,3|3|3|3|3|3|3|3|3|3
4093,1,True,8,10,8,8|8|8|8|8|8|8|8|8|8
4094,7,True,6,8,6,6|6|6|6|6|7|6|6|6|7
4096,6,True,0,10,0,0|0|0|0|0|0|0|0|0|0
4101,1,False,1,2,1,1|1|1|1|5|1|2|1|1|1
4151,3,False,3,2,3,3|3|3|3|3|1|3|3|3|5
4197,3,False,3,0,3,3|3|3|3|3|3|3|3|3|3
4204,1,True,8,10,-1,2|0|8|0|0|0|8|8|4|8
4207,8,False,8,3,8,8|8|8|0|8|1|8|8|8|0
4209,4,True,2,8,2,2|2|3|2|2|4|2|2|4|2
4213,4,False,4,0,4,4|4|4|4|4|4|4|4|4|4
4231,4,False,4,5,4,4|4|3|4|7|4|8|4|7|7
4235,6,False,6,4,6,6|2|8|2|6|9|6|6|6|6
4238,7,False,7,0,7,7|7|7|7|7|7|7|7|7|7
4244,1,False,1,4,1,1|2|2|1|5|1|1|2|1|1
4257,2,False,2,7,6,6|6|8|2|6|2|3|2|3|6
4289,9,False,9,1,9,5|9|9|9|9|9|9|9|9|9
4297,1,True,4,10,4,4|4|4|4|4|4|4|4|4|4
4303,1,True,8,10,8,8|8|8|8|8|8|8|8|8|8
4334,2,True,1,9,1,1|1|1|1|8|1|2|1|1|1
4344,5,True,9,7,9,5|5|5|9|9|9|9|9|9|9
4372,2,False,2,0,2,2|2|2|2|2|2|2|2|2|2
4384,1,True,4,10,4,4|4|4|4|4|4|4|4|4|4
4398,2,False,2,1,2,2|2|2|2|2|9|2|2|2|2
4418,2,False,2,1,2,2|2|2|2|2|9|2|2|2|2
4435,3,False,3,5,3,3|4|3|4|9|3|3|3|2|5
4438,4,False,4,0,4,4|4|4|4|4|4|4|4|4|4
4446,1,True,8,10,9,7|9|8|9|5|9|9|8|7|7
4461,8,False,8,4,8,9|1|8|5|8|8|1|8|8|8
4464,2,True,1,10,1,1|1|1|1|5|1|1|8|1|1
4488,6,False,6,9,3,3|1|4|3|6|1|8|3|2|8
4498,0,False,0,8,8,8|8|8|0|8|6|8|0|2|8
4516,6,True,0,10,0,0|0|0|0|0|0|0|0|0|0
4525,2,False,2,3,2,2|2|2|0|2|9|6|2|2|2
4526,2,False,2,1,2,2|2|2|2|2|2|2|2|4|2
4527,4,False,4,0,4,4|4|4|4|4|4|4|4|4|4
4531,1,True,3,10,3,3|3|3|3|3|3|3|3|3|3
4534,5,False,5,1,5,5|5|5|5|5|1|5|5|5|5
4550,6,False,6,6,-1,2|6|8|4|6|2|2|6|2|6
4560,1,False,1,1,1,1|1|1|1|5|1|1|1|1|1
4569,3,False,3,0,3,3|3|3|3|3|3|3|3|3|3
4589,7,False,7,0,7,7|7|7|7|7|7|7|7|7|7
4652,8,False,8,1,8,8|8|8|8|8|0|8|8|8|8
4683,0,False,0,3,0,0|0|8|0|0|1|8|0|0|0
4684,9,False,9,0,9,9|9|9|9|9|9|9|9|9|9
4692,5,False,5,4,5,3|3|5|5|5|3|5|3|5|5
4696,1,False,1,1,1,1|1|1|1|1|1|1|2|1|1
4704,5,True,9,6,-1,9|5|5|9|2|9|1|9|5|5
4755,4,True,2,10,2,2|2|2|2|2|9|2|2|2|2
4762,1,False,1,7,5,5|1|5|5|5|1|5|5|5|1
4765,0,False,0,1,0,6|0|0|0|0|0|0|0|0|0
4766,7,True,6,10,2,2|2|2|2|2|9|2|6|3|2
4768,9,False,9,2,9,5|9|9|9|9|9|9|9|5|9
4781,4,False,4,0,4,4|4|4|4|4|4|4|4|4|4
4799,1,True,3,10,2,2|2|2|3|2|7|2|2|3|2
4808,5,False,5,3,5,5|5|5|2|5|1|3|5|5|5
4814,1,True,5,9,5,5|5|5|5|5|1|5|5|5|5
4829,3,False,3,5,3,3|1|3|3|8|1|8|3|3|8
4832,8,False,8,0,8,8|8|8|8|8|8|8|8|8|8
4850,1,True,5,9,5,5|5|5|5|5|1|5|5|5|5
4852,8,False,8,0,8,8|8|8|8|8|8|8|8|8|8
4875,6,False,6,4,6,8|6|8|6|8|6|6|6|8|6
4880,9,True,2,10,2,2|2|2|2|2|4|2|2|2|2
4885,1,True,4,10,4,4|4|4|4|4|4|4|4|4|4
4896,2,False,2,1,2,2|2|2|2|2|4|2|2|2|2
4910,4,False,4,9,-1,2|8|5|8|9|9|1|8|9|4
4914,8,False,8,0,8,8|8|8|8|8|8|8|8|8|8
4920,5,False,5,8,3,5|3|3|3|3|1|3|5|3|3
4924,1,True,4,9,4,4|4|0|0|4|4|1|0|4|0
4929,0,False,0,4,0,0|8|0|0|8|0|0|0|8|6
4930,2,False,2,0,2,2|2|2|2|2|2|2|2|2|2
4931,2,False,2,3,2,2|2|2|4|2|9|2|2|4|2
4936,8,False,8,0,8,8|8|8|8|8|8|8|8|8|8
4948,6,False,6,1,6,6|6|6|6|6|6|8|6|6|6
4978,4,False,4,1,4,4|4|4|4|1|4|4|4|4|4
4983,2,True,1,10,1,1|1|1|1|5|1|5|5|1|1
4987,5,True,4,6,5,3|5|8|2|7|5|8|5|2|5
4989,4,False,4,0,4,4|4|4|4|4|4|4|4|4|4
5007,3,False,3,4,3,3|6|5|5|3|3|6|3|3|3
5012,0,True,2,10,2,6|2|2|2|2|4|2|2|2|2
5021,1,False,1,9,5,5|5|5|5|5|1|3|5|5|5
5028,0,False,0,0,0,0|0|0|0|0|0|0|0|0|0
5039,5,False,5,6,7,5|5|7|7|5|7|0|7|7|5
5047,7,False,7,2,7,7|7|7|7|7|7|7|4|7|4
5050,0,False,0,0,0,0|0|0|0|0|0|0|0|0|0
5073,0,True,8,10,8,8|8|8|8|8|9|8|8|8|8
5074,1,True,4,10,7,7|7|7|7|7|7|7|7|7|7
5076,5,True,1,8,1,1|1|1|1|5|1|1|5|1|1
5077,5,True,9,10,0,0|0|9|0|9|0|0|0|0|0
5108,5,False,5,6,3,3|3|3|3|5|3|5|5|3|5
5120,7,False,7,9,3,8|3|3|3|2|3|3|7|2|6
5122,6,False,6,0,6,6|6|6|6|6|6|6|6|6|6
5137,1,False,1,4,1,1|1|2|1|2|1|1|2|2|1
5162,3,False,3,7,2,2|2|3|3|2|3|2|2|2|2
5173,4,False,4,9,7,7|7|3|7|7|7|7|4|7|7
5192,3,False,3,1,3,3|3|3|0|3|3|3|3|3|3
5202,2,True,1,5,-1,1|2|2|1|2|1|1|2|2|1
5226,2,False,2,1,2,2|2|2|2|2|2|0|2|2|2
5230,6,False,6,3,6,8|6|6|6|6|6|6|8|7|6
5253,8,False,8,6,-1,5|5|8|8|5|9|9|5|8|8
5263,6,False,6,2,6,6|6|8|6|6|3|6|6|6|6
5264,4,False,4,0,4,4|4|4|4|4|4|4|4|4|4
5268,6,False,6,0,6,6|6|6|6|6|6|6|6|6|6
5289,4,False,4,0,4,4|4|4|4|4|4|4|4|4|4
5290,8,True,2,10,2,2|2|2|2|2|9|2|2|2|2
5303,1,True,5,10,5,5|5|5|5|5|5|3|5|5|5
5311,1,False,1,3,1,1|1|5|1|5|1|1|2|1|1
5323,0,False,0,1,0,0|0|0|0|4|0|0|0|0|0
5330,5,True,9,10,9,9|9|9|9|9|9|9|9|9|9
5334,5,True,1,4,5,5|5|9|9|5|9|5|5|5|9
5372,1,True,5,9,3,3|3|3|3|7|3|3|7|3|1
5439,1,True,5,9,5,5|5|5|5|5|1|5|5|5|5
5443,8,True,6,9,6,6|6|8|6|6|6|6|6|6|6
5461,9,False,9,0,9,9|9|9|9|9|9|9|9|9|9
5464,5,True,9,7,9,5|9|5|9|9|9|9|9|5|9
5478,3,False,3,0,3,3|3|3|3|3|3|3|3|3|3
5479,3,False,3,0,3,3|3|3|3|3|3|3|3|3|3
5487,1,True,8,10,8,8|8|8|8|8|8|8|8|8|8
5496,5,True,9,6,9,5|5|9|9|5|9|9|9|5|9
5501,4,False,4,1,4,4|4|2|4|4|4|4|4|4|4
5505,5,False,5,4,5,3|3|5|5|5|1|3|5|5|5
5511,9,False,9,1,9,9|9|5|9|9|9|9|9|9|9
5514,1,True,4,10,-1,3|3|4|4|4|3|3|3|4|4
5526,6,False,6,2,6,6|6|6|6|8|8|6|6|6|6
5557,6,True,0,10,0,0|0|0|5|0|7|0|0|0|9
5561,5,False,5,4,5,5|5|5|7|1|4|3|5|5|5
5569,9,False,9,2,9,5|9|5|9|9|9|9|9|9|9
5570,1,True,4,10,7,4|3|7|7|7|4|7|4|7|7
5576,2,False,2,0,2,2|2|2|2|2|2|2|2|2|2
5579,7,False,7,3,7,4|4|7|7|7|7|7|7|4|7
5596,6,False,6,0,6,6|6|6|6|6|6|6|6|6|6
5604,0,False,0,0,0,0|0|0|0|0|0|0|0|0|0
5623,0,False,0,0,0,0|0|0|0|0|0|0|0|0|0
5631,4,False,4,7,7,4|3|7|4|7|7|7|7|4|7
5637,9,False,9,5,-1,5|5|5|9|5|9|9|9|5|9
5643,8,False,8,0,8,8|8|8|8|8|8|8|8|8|8
5647,2,False,2,5,-1,4|2|2|4|2|4|4|2|4|2
5648,8,False,8,1,8,8|8|8|8|0|8|8|8|8|8
5671,9,False,9,8,5,5|5|5|5|5|9|5|9|5|5
5680,6,False,6,2,6,6|6|8|6|2|6|6|6|6|6
5688,9,False,9,0,9,9|9|9|9|9|9|9|9|9|9
5709,1,False,1,3,1,1|1|1|1|2|5|1|2|1|1
5713,3,False,3,1,3,3|3|3|3|3|3|3|3|3|5
5740,9,True,6,10,-1,8|6|8|6|6|8|6|6|8|8
5743,6,True,0,10,0,1|0|0|0|0|9|0|0|0|9
5746,9,True,2,10,7,7|7|7|2|7|7|8|7|4|7
5749,5,False,5,9,4,4|4|4|4|1|3|3|4|5|4
5752,8,False,8,0,8,8|8|8|8|8|8|8|8|8|8
5758,2,False,2,1,2,2|2|2|2|2|9|2|2|2|2
5762,9,True,2,10,2,2|2|2|2|2|4|2|2|2|2
5773,2,False,2,10,0,0|0|0|0|0|0|0|0|0|0
5787,1,True,8,10,8,8|8|8|8|8|8|8|8|8|8
5796,6,False,6,3,6,6|6|7|6|6|6|6|7|6|7
5799,1,True,3,10,3,3|3|3|3|3|3|3|3|3|3
5804,7,False,7,1,7,7|3|7|7|7|7|7|7|7|7
5817,9,True,2,8,2,2|2|2|9|2|9|2|2|2|2
5820,8,False,8,0,8,8|8|8|8|8|8|8|8|8|8
5828,0,False,0,0,0,0|0|0|0|0|0|0|0|0|0
5836,9,True,2,7,2,2|2|2|9|2|9|2|9|2|2
5844,4,False,4,0,4,4|4|4|4|4|4|4|4|4|4
5857,6,False,6,0,6,6|6|6|6|6|6|6|6|6|6
5863,4,True,7,9,7,7|7|7|7|1|7|7|4|3|7
5884,9,False,9,0,9,9|9|9|9|9|9|9|9|9|9
5894,2,True,4,10,7,7|7|7|7|7|4|3|4|4|7
5910,8,False,8,0,8,8|8|8|8|8|8|8|8|8|8
5912,8,True,6,10,6,6|6|7|6|6|6|6|6|6|6
5914,3,False,3,0,3,3|3|3|3|3|3|3|3|3|3
5916,1,True,8,10,8,8|8|8|8|8|8|8|8|8|8
5949,8,False,8,0,8,8|8|8|8|8|8|8|8|8|8
5950,4,False,4,0,4,4|4|4|4|4|4|4|4|4|4
5964,8,True,6,10,-1,6|4|3|3|1|7|6|6|4|3
5974,9,False,9,0,9,9|9|9|9|9|9|9|9|9|9
6010,2,True,7,10,7,4|7|7|7|4|7|7|4|7|7
6014,1,True,3,10,3,3|3|3|5|9|3|3|3|3|3
6036,9,False,9,0,9,9|9|9|9|9|9|9|9|9|9
6055,8,False,8,0,8,8|8|8|8|8|8|8|8|8|8
6059,7,False,7,0,7,7|7|7|7|7|7|7|7|7|7
6060,1,True,3,9,5,5|5|5|5|5|1|3|5|5|5
6071,3,False,3,0,3,3|3|3|3|3|3|3|3|3|3
6078,5,True,1,4,5,5|1|5|5|5|5|1|5|1|1
6088,5,False,5,9,3,3|3|3|3|3|1|5|3|3|3
6104,5,False,5,6,5,3|2|4|5|2|3|5|3|5|5
6107,8,True,6,10,6,6|6|6|6|6|6|6|6|6|6
6110,2,True,4,10,4,4|4|4|4|4|4|7|4|4|4
6126,2,False,2,4,2,7|2|3|2|2|4|2|2|4|2
6127,6,False,6,6,-1,7|7|6|5|7|3|6|6|7|6
6132,0,False,0,7,8,8|8|8|8|8|8|0|0|0|8
6138,1,True,8,10,8,8|8|8|8|8|8|8|8|8|8
6153,8,False,8,0,8,8|8|8|8|8|8|8|8|8|8
6168,4,False,4,0,4,4|4|4|4|4|4|4|4|4|4
6180,1,True,4,10,4,4|4|4|4|4|4|4|4|4|4
6183,9,False,9,0,9,9|9|9|9|9|9|9|9|9|9
6184,5,False,5,1,5,5|5|5|5|5|5|3|5|5|5
6212,4,False,4,0,4,4|4|4|4|4|4|4|4|4|4
6219,8,False,8,0,8,8|8|8|8|8|8|8|8|8|8
6227,2,False,2,1,2,2|2|2|2|2|5|2|2|2|2
6229,1,True,3,8,3,3|1|3|3|1|3|3|3|4|3
6250,8,False,8,3,8,1|8|8|8|8|1|1|8|8|8
6251,0,True,4,10,4,4|4|4|4|4|4|4|4|4|4
6260,9,True,0,10,0,0|0|0|0|0|0|0|0|0|0
6286,9,False,9,4,9,5|5|9|9|9|9|9|9|5|5
6318,1,False,1,2,1,1|1|5|1|5|1|1|1|1|1
6331,4,False,4,0,4,4|4|4|4|4|4|4|4|4|4
6335,7,False,7,10,3,5|3|4|3|5|4|3|3|2|3
6340,1,True,5,10,5,5|2|5|5|2|5|5|5|5|5
6350,6,False,6,1,6,6|6|6|6|6|7|6|6|6|6
6355,5,False,5,8,3,3|3|5|3|3|1|3|3|7|5
6358,2,True,5,10,5,5|3|5|5|5|1|5|3|5|5
6362,9,True,2,8,2,2|2|2|2|2|9|2|9|2|2
6371,1,False,1,3,1,1|1|1|1|2|1|1|2|2|1
6420,5,True,1,8,1,1|1|1|1|5|1|1|5|1|1
6424,2,True,5,10,3,3|0|3|3|6|3|6|6|6|3
6431,9,False,9,1,9,5|9|9|9|9|9|9|9|9|9
6443,1,True,5,9,5,5|5|5|5|5|1|5|5|5|5
6447,6,False,6,1,6,8|6|6|6|6|6|6|6|6|6
6464,5,True,1,9,1,1|1|1|1|5|1|1|2|1|1
6472,1,True,4,10,4,4|4|3|4|4|4|4|4|4|4
6474,1,True,8,10,8,8|8|8|8|8|8|8|8|8|8
6478,1,True,8,10,8,8|8|8|8|8|8|8|8|8|8
6493,1,True,3,10,6,6|6|6|6|6|8|6|6|6|6
6494,1,False,1,1,1,1|1|1|1|5|1|1|1|1|1
6503,0,False,0,0,0,0|0|0|0|0|0|0|0|0|0
6505,1,True,4,10,4,4|4|4|4|4|4|4|4|4|4
6516,4,True,9,10,9,9|5|5|9|9|9|9|9|5|9
6520,2,False,2,3,2,2|2|2|5|2|5|5|2|2|2
6529,1,True,8,10,8,8|8|8|8|8|8|8|8|8|8
6537,6,False,6,2,6,6|6|6|6|6|6|6|6|8|8
6541,8,False,8,0,8,8|8|8|8|8|8|8|8|8|8
6545,6,False,6,0,6,6|6|6|6|6|6|6|6|6|6
6548,7,True,6,10,6,6|6|6|6|6|6|6|6|6|6
6559,1,False,1,7,5,5|1|5|5|5|1|5|5|1|5
6582,6,False,6,0,6,6|6|6|6|6|6|6|6|6|6
6583,2,False,2,0,2,2|2|2|2|2|2|2|2|2|2
6595,1,True,3,10,3,3|3|3|3|3|3|3|3|3|3
6609,0,False,0,2,0,0|0|0|0|0|7|0|0|7|0
6613,1,True,4,10,4,4|4|4|4|4|4|4|4|4|4
6633,7,False,7,0,7,7|7|7|7|7|7|7|7|7|7
6640,0,False,0,2,0,0|0|0|0|0|1|0|0|8|0
6641,4,True,7,5,4,7|4|3|7|4|7|4|4|7|4
6647,6,False,6,5,6,7|7|8|6|6|6|6|7|7|6
6653,7,False,7,0,7,7|7|7|7|7|7|7|7|7|7
6668,1,False,1,3,1,5|1|1|1|5|1|1|5|1|1
6675,5,False,5,1,5,5|5|5|5|5|1|5|5|5|5
6696,7,False,7,0,7,7|7|7|7|7|7|7|7|7|7
6720,4,False,4,2,4,4|4|3|4|4|4|4|4|4|3
6725,2,True,1,10,1,1|1|1|1|5|1|1|1|1|1
6727,9,False,9,1,9,9|5|9|9|9|9|9|9|9|9
6738,2,False,2,1,2,2|2|2|2|2|4|2|2|2|2
6749,7,True,6,10,6,6|6|6|6|6|6|6|6|6|6
6752,4,True,7,10,7,7|7|3|7|7|7|7|7|7|7
6754,6,False,6,0,6,6|6|6|6|6|6|6|6|6|6
6755,7,True,6,10,6,6|6|6|6|6|6|6|6|6|6
6770,4,False,4,0,4,4|4|4|4|4|4|4|4|4|4
6771,1,True,5,10,5,5|5|5|5|5|5|5|2|5|5
6777,6,False,6,1,6,6|6|6|6|6|6|8|6|6|6
6790,1,True,3,10,3,3|3|3|3|3|3|3|3|3|3
6800,7,False,7,1,7,7|7|7|7|7|7|7|9|7|7
6811,5,True,9,10,9,9|9|9|9|9|9|9|9|9|9
6812,1,True,3,10,3,3|3|3|3|3|3|3|3|3|3
6826,7,True,6,9,2,2|2|2|0|0|7|2|0|2|2
6842,7,False,7,0,7,7|7|7|7|7|7|7|7|7|7
6852,4,False,4,1,4,4|4|2|4|4|4|4|4|4|4
6855,3,False,3,1,3,3|3|4|3|3|3|3|3|3|3
6858,6,True,0,10,0,0|0|0|0|0|0|0|0|0|0
6862,8,False,8,0,8,8|8|8|8|8|8|8|8|8|8
6864,4,True,7,8,7,7|7|7|7|7|4|7|7|4|7
6867,0,False,0,0,0,0|0|0|0|0|0|0|0|0|0
6870,9,False,9,3,9,5|5|5|9|9|9|9|9|9|9
6894,4,False,4,9,3,5|5|8|4|2|3|3|8|3|0
6904,6,True,0,10,0,0|0|0|0|0|0|0|0|0|0
6913,1,True,3,10,3,3|3|3|3|3|3|3|3|3|3
6931,2,True,1,9,1,5|1|2|1|5|1|5|5|1|1
6958,1,True,5,9,5,5|2|5|5|5|1|3|5|5|5
6959,1,False,1,2,1,1|1|1|0|1|1|1|2|1|1
6962,6,False,6,2,6,6|7|8|6|6|6|6|6|6|6
6993,4,False,4,0,4,4|4|4|4|4|4|4|4|4|4
7012,8,False,8,0,8,8|8|8|8|8|8|8|8|8|8
7029,8,False,8,0,8,8|8|8|8|8|8|8|8|8|8
7051,8,False,8,0,8,8|8|8|8|8|8|8|8|8|8
7069,5,True,9,8,9,9|5|9|9|9|9|5|9|9|9
7085,7,False,7,1,7,7|7|3|7|7|7|7|7|7|7
7093,6,True,0,10,0,0|0|0|0|0|0|0|0|0|0
7094,5,False,5,4,5,4|5|3|5|5|1|3|5|5|5
7096,1,True,8,10,8,8|8|8|8|8|8|8|8|8|8
7097,1,True,4,10,4,4|4|4|4|4|4|4|4|4|4
7117,2,True,5,10,3,3|3|3|3|3|3|3|3|5|7
7124,1,False,1,3,1,1|1|2|1|1|1|1|2|2|1
7131,8,False,8,0,8,8|8|8|8|8|8|8|8|8|8
7139,5,False,5,9,3,3|4|3|4|5|3|3|3|3|3
7175,6,False,6,2,6,6|6|8|6|6|6|6|6|7|6
7184,2,False,2,2,2,2|0|2|2|2|5|2|2|2|2
7191,7,False,7,1,7,7|7|7|7|7|4|7|7|7|7
7204,7,False,7,2,7,7|7|7|7|7|7|7|7|3|3
7208,5,False,5,7,3,5|3|3|3|1|3|3|5|1|5
7210,9,False,9,2,9,5|9|9|9|9|9|9|9|5|9
7238,1,False,1,2,1,1|1|1|1|5|1|1|5|1|1
7274,1,True,4,10,4,7|4|4|4|4|7|4|4|4|4
7296,1,True,4,10,4,4|4|4|4|4|4|4|4|4|4
7298,4,True,2,1,4,4|4|2|4|4|4|4|4|4|4
7300,2,True,1,8,1,2|1|1|1|5|1|1|1|2|1
7302,9,False,9,0,9,9|9|9|9|9|9|9|9|9|9
7314,7,False,7,2,7,7|3|3|7|7|7|7|7|7|7
7326,8,True,1,10,-1,5|1|1|5|5|1|1|5|1|5
7334,8,False,8,0,8,8|8|8|8|8|8|8|8|8|8
7343,3,False,3,1,3,3|3|3|3|3|1|3|3|3|3
7387,8,False,8,0,8,8|8|8|8|8|8|8|8|8|8
7420,7,False,7,0,7,7|7|7|7|7|7|7|7|7|7
7444,0,False,0,0,0,0|0|0|0|0|0|0|0|0|0
7456,5,True,9,8,9,9|9|5|9|9|9|9|9|5|9
7462,0,False,0,1,0,0|0|0|0|0|0|0|0|6|0
7466,2,False,2,3,2,2|2|4|4|2|9|2|2|2|2
7467,3,False,3,7,3,7|7|3|3|4|9|3|4|9|5
7477,2,False,2,2,2,2|2|2|9|2|9|2|2|2|2
7481,6,False,6,0,6,6|6|6|6|6|6|6|6|6|6
7506,4,True,7,8,3,2|3|3|3|3|4|7|7|4|2
7507,1,True,8,10,8,8|8|8|8|8|8|8|8|8|8
7521,2,False,2,8,0,0|0|3|0|0|3|0|2|2|3
7524,6,False,6,0,6,6|6|6|6|6|6|6|6|6|6
7533,1,True,3,10,3,3|3|3|3|5|7|5|3|4|3
7548,2,True,1,10,1,1|1|1|1|5|1|1|5|5|1
7555,2,False,2,2,2,2|2|2|2|2|9|2|2|4|2
7572,1,False,1,2,1,1|1|1|1|5|1|1|5|1|1
7576,9,True,2,10,2,2|4|2|2|2|4|2|2|2|2
7583,9,False,9,4,9,5|9|5|5|9|9|5|9|9|9
7599,0,False,0,0,0,0|0|0|0|0|0|0|0|0|0
7604,7,False,7,1,7,7|7|7|7|7|7|3|7|7|7
7613,7,False,7,0,7,7|7|7|7|7|7|7|7|7|7
7631,0,False,0,5,-1,0|0|9|0|0|9|9|0|9|9
7632,6,False,6,3,6,6|6|8|6|6|6|6|6|8|7
7634,4,False,4,0,4,4|4|4|4|4|4|4|4|4|4
7638,8,True,6,6,6,8|8|6|6|6|6|6|6|8|8
7645,5,True,9,10,8,8|8|8|8|8|8|8|8|8|8
7646,1,True,8,10,8,8|8|8|8|8|8|8|8|8|8
7652,9,False,9,1,9,5|9|9|9|9|9|9|9|9|9
7655,6,True,0,10,0,0|0|0|0|0|0|0|0|0|0
7666,9,True,7,10,-1,3|3|3|7|7|7|7|7|3|3
7676,1,True,4,10,4,4|4|4|4|4|4|4|4|4|4
7679,2,True,5,10,5,5|5|5|5|5|5|5|5|5|5
7703,9,False,9,3,9,9|9|5|0|9|0|9|9|9|9
7705,6,False,6,2,6,6|6|5|6|6|6|6|6|6|8
7710,7,True,6,9,8,6|6|8|8|8|8|8|6|7|8
7730,1,True,8,10,8,8|8|8|8|8|8|8|8|8|8
7740,1,False,1,6,5,1|5|5|5|5|1|1|5|5|1
7748,8,False,8,0,8,8|8|8|8|8|8|8|8|8|8
7752,5,True,9,7,9,5|5|9|9|9|9|9|9|5|9
7757,0,False,0,0,0,0|0|0|0|0|0|0|0|0|0
7768,1,True,3,10,3,3|3|3|3|3|3|3|3|3|3
7772,6,True,0,10,0,0|0|0|0|0|0|0|0|0|0
7788,6,True,0,10,0,0|0|0|0|0|0|0|0|0|0
7802,3,False,3,7,7,7|7|7|7|7|3|7|3|7|3
7808,0,False,0,0,0,0|0|0|0|0|0|0|0|0|0
7811,1,True,4,10,4,4|4|4|4|4|4|4|4|4|4
7814,3,False,3,8,7,7|5|4|7|5|5|7|3|3|7
7817,9,True,7,7,7,7|7|8|7|7|9|9|9|7|7
7820,8,True,6,8,6,8|6|6|4|6|8|6|6|6|6
7823,6,False,6,4,6,6|8|6|2|6|1|6|6|7|6
7831,7,False,7,0,7,7|7|7|7|7|7|7|7|7|7
7846,5,False,5,10,3,3|2|3|3|2|3|3|3|2|2
7852,3,False,3,6,4,3|4|3|4|4|4|3|3|6|4
7860,6,False,6,0,6,6|6|6|6|6|6|6|6|6|6
7865,0,False,0,2,0,0|0|8|0|0|0|0|0|2|0
7873,1,True,5,9,5,5|5|5|5|5|1|5|5|5|5
7874,3,True,7,9,5,2|2|5|2|2|5|5|3|5|5
7880,1,True,4,10,2,0|4|2|0|2|4|2|0|4|2
7886,8,False,8,0,8,8|8|8|8|8|8|8|8|8|8
7887,2,True,1,8,1,2|1|2|1|1|1|1|1|1|1
7889,0,False,0,0,0,0|0|0|0|0|0|0|0|0|0
7893,1,True,3,10,3,2|3|8|4|9|3|3|6|2|3
7917,9,False,9,2,9,5|9|5|9|9|9|9|9|9|9
7936,1,False,1,3,1,1|1|1|1|2|1|1|2|2|1
7939,7,False,7,7,4,7|7|3|4|4|4|0|7|4|4
7945,7,False,7,0,7,7|7|7|7|7|7|7|7|7|7
7958,7,True,6,9,4,4|4|4|4|4|4|8|7|4|4
7971,0,False,0,0,0,0|0|0|0|0|0|0|0|0|0
7972,0,False,0,0,0,0|0|0|0|0|0|0|0|0|0
7980,5,True,9,9,9,9|9|5|9|9|9|9|9|9|9
7986,3,True,7,9,7,7|7|7|7|7|7|3|7|7|7
7989,2,True,7,10,0,0|7|0|0|0|7|0|0|0|9
8000,3,False,3,0,3,3|3|3|3|3|3|3|3|3|3
8001,1,False,1,3,1,1|1|5|1|5|1|1|5|1|1
8006,8,False,8,0,8,8|8|8|8|8|8|8|8|8|8
8010,2,False,2,1,2,2|2|2|0|2|2|2|2|2|2
8016,2,False,2,8,4,4|4|2|4|4|4|3|2|4|4
8023,9,True,0,10,0,0|0|0|0|0|0|0|0|0|0
8062,6,True,0,10,0,0|0|0|0|0|0|0|0|0|0
8070,8,False,8,0,8,8|8|8|8|8|8|8|8|8|8
8084,7,True,6,10,8,8|8|8|8|8|8|8|8|8|6
8101,3,False,3,6,3,0|1|3|3|4|1|3|0|3|7
8117,4,False,4,0,4,4|4|4|4|4|4|4|4|4|4
8129,9,True,7,10,7,7|7|7|7|7|7|7|7|7|7
8131,4,False,4,0,4,4|4|4|4|4|4|4|4|4|4
8137,1,True,4,10,3,3|3|3|3|5|3|3|3|3|4
8151,3,False,3,2,3,3|3|3|3|3|3|3|3|5|5
8170,6,False,6,2,6,6|6|6|6|6|7|6|6|7|6
8174,1,False,1,10,8,8|2|8|8|8|8|8|8|8|8
8179,3,False,3,0,3,3|3|3|3|3|3|3|3|3|3
8198,5,False,5,1,5,5|5|5|5|5|1|5|5|5|5
8199,0,False,0,0,0,0|0|0|0|0|0|0|0|0|0
8223,5,False,5,9,3,3|5|3|3|3|1|3|3|3|1
8226,9,False,9,6,-1,5|0|5|5|5|9|9|9|9|8
8228,1,False,1,5,1,1|9|5|1|5|1|9|1|5|1
8229,8,False,8,0,8,8|8|8|8|8|8|8|8|8|8
8230,1,True,5,8,5,5|1|5|5|5|1|3|3|5|5
8238,7,False,7,0,7,7|7|7|7|7|7|7|7|7|7
8239,5,False,5,8,6,3|3|5|6|6|3|6|6|5|6
8241,1,True,8,10,8,8|8|8|8|8|8|8|8|8|8
8245,9,False,9,10,1,5|1|1|5|1|1|1|5|5|1
8248,1,True,8,10,8,8|8|8|8|8|8|8|8|8|8
8249,0,False,0,0,0,0|0|0|0|0|0|0|0|0|0
8260,1,True,4,10,4,4|4|4|4|4|4|4|4|4|4
8268,6,True,0,10,0,0|0|0|0|0|0|0|0|0|0
8271,4,False,4,0,4,4|4|4|4|4|4|4|4|4|4
8282,1,True,5,10,3,5|5|3|7|9|5|3|3|3|3
8286,3,False,3,3,3,3|3|3|3|6|1|6|3|3|3
8298,9,False,9,2,9,5|9|9|9|9|9|5|9|9|9
8301,1,True,8,9,8,3|8|8|3|0|1|8|8|8|3
8310,5,True,9,8,9,5|9|9|9|9|9|9|9|5|9
8311,7,False,7,0,7,7|7|7|7|7|7|7|7|7|7
8317,9,False,9,1,9,9|9|5|9|9|9|9|9|9|9
8321,4,True,2,9,2,2|2|2|9|2|4|2|2|2|2
8368,1,True,4,10,4,4|4|4|4|4|4|4|4|4|4
8375,4,False,4,0,4,4|4|4|4|4|4|4|4|4|4
8383,6,True,0,10,0,0|0|0|0|0|0|0|0|0|0
8394,5,True,9,9,9,5|9|9|9|9|9|9|9|9|9
8399,0,True,8,10,8,8|8|8|8|8|8|8|8|8|8
8400,1,True,5,10,5,5|5|5|5|5|5|5|3|5|5
8403,4,False,4,0,4,4|4|4|4|4|4|4|4|4|4
8407,1,True,5,9,5,5|5|5|5|5|1|5|5|5|5
8425,6,True,0,10,0,0|0|0|0|0|0|0|0|0|0
8431,6,False,6,2,6,6|6|6|6|6|8|6|6|8|6
8440,9,True,2,9,2,2|2|2|2|2|9|2|2|2|2
8477,2,False,2,1,2,2|2|2|2|2|9|2|2|2|2
8479,9,False,9,8,5,5|0|0|5|5|1|0|9|5|9
8512,1,True,8,10,8,8|8|8|8|8|8|8|8|8|8
8514,6,False,6,6,2,6|2|2|6|2|8|2|6|2|6
8522,0,False,0,0,0,0|0|0|0|0|0|0|0|0|0
8528,9,True,2,9,2,6|0|2|0|2|9|6|2|2|2
8550,1,False,1,8,5,5|5|5|9|5|1|1|5|5|5
8568,9,False,9,0,9,9|9|9|9|9|9|9|9|9|9
8572,7,False,7,0,7,7|7|7|7|7|7|7|7|7|7
8575,5,True,9,9,9,5|9|9|9|9|9|9|9|9|9
8582,4,False,4,0,4,4|4|4|4|4|4|4|4|4|4
8588,8,False,8,0,8,8|8|8|8|8|8|8|8|8|8
8589,6,False,6,9,8,8|8|8|8|0|1|8|8|6|0
8595,3,True,7,7,7,7|7|3|7|7|7|7|7|3|3
8602,9,False,9,1,9,9|9|9|9|9|9|9|9|5|9
8626,7,False,7,1,7,7|7|7|7|7|7|7|9|7|7
8636,8,False,8,0,8,8|8|8|8|8|8|8|8|8|8
8643,3,True,7,6,3,5|3|3|6|7|7|3|3|6|7
8655,6,True,0,10,0,0|0|0|0|0|0|0|0|0|0
8656,5,True,3,10,3,3|3|3|3|3|7|3|3|3|3
8669,9,True,2,9,2,2|2|2|2|2|9|8|2|2|2
8681,6,True,7,10,7,7|7|7|7|7|7|7|7|7|7
8683,1,True,5,9,5,5|5|5|5|5|1|5|5|5|5
8684,1,True,5,10,6,6|6|7|5|6|4|6|4|6|7
8686,3,False,3,0,3,3|3|3|3|3|3|3|3|3|3
8710,1,True,3,10,3,3|3|3|3|3|3|3|3|3|3
8734,7,True,6,10,-1,6|2|2|6|9|3|3|3|1|6
8760,1,True,3,10,3,3|3|3|3|6|3|3|6|3|3
8782,6,True,0,10,0,0|0|0|0|0|0|0|0|0|0
8811,5,True,9,7,9,9|5|5|9|9|9|9|9|5|9
8813,0,False,0,0,0,0|0|0|0|0|0|0|0|0|0
8825,5,True,1,5,-1,1|5|1|5|5|1|1|5|5|1
8828,2,True,6,10,6,6|6|6|6|6|6|6|6|8|6
8834,1,True,4,10,4,4|4|2|4|4|4|4|4|4|9
8853,0,False,0,0,0,0|0|0|0|0|0|0|0|0|0
8866,1,True,5,9,5,5|5|5|5|5|1|5|5|5|5
8878,5,False,5,1,5,5|3|5|5|5|5|5|5|5|5
8885,2,True,7,10,7,7|7|7|7|7|7|7|7|7|7
8906,8,False,8,6,-1,0|8|9|0|0|9|8|0|8|8
8921,3,True,7,8,7,5|3|7|7|7|7|7|7|3|7
8922,8,False,8,9,0,1|0|8|4|4|1|0|0|0|0
8936,9,True,2,10,2,2|2|2|4|2|4|2|2|2|2
8941,6,True,0,10,0,0|0|0|0|0|0|0|0|0|0
8949,6,False,6,3,6,8|6|6|6|6|8|6|6|6|8
8964,2,True,5,10,5,1|3|5|3|5|5|3|5|3|5
8977,1,False,1,2,1,1|1|1|1|5|1|1|5|1|1
8980,7,False,7,0,7,7|7|7|7|7|7|7|7|7|7
8992,9,False,9,2,9,9|5|5|9|9|9|9|9|9|9
8997,4,False,4,0,4,4|4|4|4|4|4|4|4|4|4
9001,0,True,2,10,2,2|2|2|2|2|6|2|6|2|2
9004,6,True,0,10,0,0|0|0|0|0|0|2|0|0|0
9017,2,True,1,10,5,5|1|5|9|5|5|9|9|9|5
9020,3,False,3,0,3,3|3|3|3|3|3|3|3|3|3
9022,8,True,6,9,6,6|6|8|6|6|6|6|6|7|6
9024,3,False,3,1,3,3|3|5|3|3|3|3|3|3|3
9038,2,False,2,3,2,2|2|2|9|2|9|2|2|2|9
9046,9,False,9,6,5,9|5|5|5|5|9|9|5|9|5
9062,6,True,0,10,0,0|0|0|0|0|0|0|0|0|0
9063,1,True,8,10,8,8|8|8|8|8|8|8|8|8|8
9064,6,True,0,10,0,0|0|0|0|0|0|0|0|0|0
9083,4,False,4,2,4,4|4|3|4|4|4|7|4|4|4
9090,6,False,6,3,6,6|6|8|2|6|6|6|6|7|6
9097,5,True,9,7,9,5|5|5|9|9|9|9|9|9|9
9103,6,False,6,1,6,6|6|6|6|6|6|6|6|7|6
9119,0,False,0,10,4,4|4|2|4|4|4|4|4|4|4
9123,0,False,0,0,0,0|0|0|0|0|0|0|0|0|0
9126,8,True,6,9,6,6|6|6|6|6|6|6|6|8|6
9129,3,False,3,0,3,3|3|3|3|3|3|3|3|3|3
9133,7,False,7,0,7,7|7|7|7|7|7|7|7|7|7
9134,5,False,5,1,5,5|5|5|5|5|3|5|5|5|5
9160,8,False,8,0,8,8|8|8|8|8|8|8|8|8|8
9170,6,False,6,0,6,6|6|6|6|6|6|6|6|6|6
9176,4,False,4,0,4,4|4|4|4|4|4|4|4|4|4
9179,1,False,1,9,5,5|1|5|9|5|9|5|9|5|5
9182,3,False,3,3,3,3|3|3|8|3|3|6|3|3|5
9235,2,True,5,10,7,7|7|7|7|7|7|7|7|7|7
9255,0,True,2,8,2,2|2|2|2|2|5|0|0|2|2
9258,1,True,8,9,0,8|8|0|0|0|1|8|0|8|0
9260,4,False,4,7,3,7|3|3|4|4|3|3|7|4|2
9268,8,False,8,0,8,8|8|8|8|8|8|8|8|8|8
9278,6,False,6,1,6,6|6|6|6|6|6|6|6|6|7
9280,5,False,5,2,5,5|5|5|5|5|1|6|5|5|5
9281,0,False,0,0,0,0|0|0|0|0|0|0|0|0|0
9282,0,True,8,9,8,8|8|8|8|8|8|8|0|8|8
9288,5,False,5,10,4,4|1|4|4|4|4|4|4|3|4
9293,1,True,3,10,3,3|3|3|3|3|3|3|3|3|3
9304,1,True,3,10,3,4|3|3|3|3|4|3|3|4|3
9306,8,False,8,0,8,8|8|8|8|8|8|8|8|8|8
9325,6,True,0,10,0,0|0|0|0|0|0|0|0|0|0
9343,3,False,3,3,3,3|3|0|3|5|3|3|3|3|5
9358,9,False,9,0,9,9|9|9|9|9|9|9|9|9|9
9360,8,True,6,9,6,6|6|6|6|6|8|6|6|6|6
9369,7,False,7,2,7,7|3|7|7|7|7|4|7|7|7
9376,9,False,9,2,9,5|5|9|9|9|9|9|9|9|9
9378,8,False,8,0,8,8|8|8|8|8|8|8|8|8|8
9387,0,True,8,10,8,8|8|8|8|8|8|8|8|8|8
9407,1,False,1,2,1,1|1|1|1|1|1|1|2|2|1
9409,3,True,7,9,7,7|3|7|7|7|7|7|7|7|7
9417,0,False,0,1,0,7|0|0|0|0|0|0|0|0|0
9420,5,True,2,10,2,2|2|2|2|2|2|2|2|2|2
9421,1,True,3,9,3,3|3|3|3|3|3|3|3|1|3
9438,0,False,0,1,0,6|0|0|0|0|0|0|0|0|0
9453,4,True,7,9,7,7|4|8|7|7|7|7|7|2|7
9456,4,True,7,10,7,7|7|7|7|7|7|7|7|2|7
9472,4,True,7,10,7,7|7|7|7|7|7|7|7|7|7
9484,9,True,2,9,2,2|2|2|2|2|9|2|2|2|2
9487,9,False,9,2,9,5|9|9|9|9|9|9|9|5|9
9491,5,False,5,1,5,5|5|5|5|5|1|5|5|5|5
9502,4,False,4,0,4,4|4|4|4|4|4|4|4|4|4
9505,7,False,7,0,7,7|7|7|7|7|7|7|7|7|7
9510,0,False,0,0,0,0|0|0|0|0|0|0|0|0|0
9526,9,True,2,10,-1,2|4|2|4|2|4|4|2|4|2
9527,8,False,8,7,0,0|0|0|0|8|6|8|8|0|0
9533,0,False,0,0,0,0|0|0|0|0|0|0|0|0|0
9536,8,False,8,0,8,8|8|8|8|8|8|8|8|8|8
9539,1,False,1,3,1,1|1|2|1|2|1|1|2|1|1
9541,9,False,9,0,9,9|9|9|9|9|9|9|9|9|9
9563,5,False,5,1,5,5|5|5|5|5|1|5|5|5|5
9577,2,False,2,1,2,2|2|2|2|2|4|2|2|2|2
9590,7,False,7,10,4,4|4|4|4|4|4|4|4|4|4
9594,2,True,5,7,3,3|3|2|3|2|3|0|2|3|3
9595,1,False,1,1,1,1|1|1|1|5|1|1|1|1|1
9601,5,True,9,2,5,5|5|5|5|5|9|1|5|5|5
9606,5,True,9,7,9,5|9|9|5|9|9|9|9|5|9
9613,3,False,3,0,3,3|3|3|3|3|3|3|3|3|3
9616,6,True,0,10,0,0|0|0|0|0|0|0|0|0|0
9628,7,False,7,0,7,7|7|7|7|7|7|7|7|7|7
9649,5,False,5,6,3,3|5|3|3|5|3|3|5|5|1
9652,9,False,9,2,9,9|5|5|9|9|9|9|9|9|9
9653,6,False,6,2,6,6|6|6|6|6|8|8|6|6|6
9656,1,True,3,10,4,4|7|3|7|4|4|7|0|3|4
9673,9,False,9,1,9,5|9|9|9|9|9|9|9|9|9
9675,8,False,8,4,8,0|8|0|8|8|9|0|8|8|8
9694,1,True,3,10,3,3|3|3|3|3|3|3|3|3|3
9696,0,False,0,0,0,0|0|0|0|0|0|0|0|0|0
9701,9,False,9,2,9,5|5|9|9|9|9|9|9|9|9
9708,1,True,8,10,8,8|8|8|8|8|8|8|8|8|8
9713,4,False,4,0,4,4|4|4|4|4|4|4|4|4|4
9716,5,True,2,8,2,5|2|4|3|2|5|2|2|2|2
9746,5,False,5,3,5,5|5|5|5|5|1|3|5|3|5
9750,4,False,4,0,4,4|4|4|4|4|4|4|4|4|4
9751,0,False,0,0,0,0|0|0|0|0|0|0|0|0|0
9758,6,False,6,0,6,6|6|6|6|6|6|6|6|6|6
9781,5,True,1,8,1,1|1|1|1|5|1|1|5|1|1
9783,1,True,3,10,3,3|3|3|3|3|3|3|3|3|3
9787,9,False,9,0,9,9|9|9|9|9|9|9|9|9|9
9789,7,False,7,0,7,7|7|7|7|7|7|7|7|7|7
9814,6,False,6,1,6,6|6|6|6|6|8|6|6|6|6
9836,3,True,7,5,-1,3|3|7|3|7|7|7|3|7|3
9868,6,True,0,10,9,0|9|9|9|9|9|9|9|2|9
9873,1,True,4,10,4,2|4|3|4|4|4|4|4|3|4
9874,0,False,0,1,0,0|0|0|0|0|6|0|0|0|0
9884,1,False,1,4,1,5|5|1|1|5|1|1|5|1|1
9900,9,True,2,10,2,4|4|2|2|2|4|2|2|4|2
9905,0,False,0,7,-1,1|0|8|8|9|9|1|0|1|0
9919,5,True,9,10,9,9|9|9|9|9|9|9|9|9|9
9920,0,False,0,0,0,0|0|0|0|0|0|0|0|0|0
9927,3,False,3,0,3,3|3|3|3|3|3|3|3|3|3
9938,1,False,1,2,1,1|1|1|1|5|1|1|2|1|1
9946,5,True,1,5,-1,1|1|5|5|5|1|1|5|5|1
9949,4,False,4,0,4,4|4|4|4|4|4|4|4|4|4
9950,1,True,4,10,4,4|4|4|4|4|4|4|4|4|4
9952,4,True,2,1,4,4|4|2|4|4|4|4|4|4|4
9954,4,True,2,9,2,2|2|2|2|2|4|2|2|2|2
9961,5,True,9,7,9,7|5|9|5|0|9|9|5|1|9
9971,9,False,9,1,9,5|9|9|9|9|9|9|9|9|9
9993,1,False,1,6,-1,5|1|5|5|1|9|1|2|5|1
10043,0,False,0,0,0,0|0|0|0|0|0|0|0|0|0
10048,3,False,3,2,3,3|5|3|3|3|3|3|3|3|6
10051,4,False,4,0,4,4|4|4|4|4|4|4|4|4|4
10059,4,False,4,0,4,4|4|4|4|4|4|4|4|4|4
10063,8,True,6,10,6,6|6|6|6|6|7|6|6|6|6
10081,3,True,7,9,0,0|0|0|0|0|0|8|3|0|0
10085,1,True,3,10,3,3|3|3|3|3|3|3|3|3|3
10101,3,False,3,5,-1,5|3|3|3|5|3|3|5|5|5
10103,1,True,8,4,1,1|1|8|1|8|1|1|8|8|1
10118,9,False,9,1,9,5|9|9|9|9|9|9|9|9|9
10121,7,False,7,0,7,7|7|7|7|7|7|7|7|7|7
10124,6,True,0,10,0,0|0|0|0|0|0|0|0|0|0
10138,5,True,9,7,1,5|1|5|9|5|1|1|9|1|1
10139,8,False,8,0,8,8|8|8|8|8|8|8|8|8|8
10159,6,True,0,10,0,0|0|0|0|0|0|0|0|0|0
10176,7,True,6,10,6,6|6|6|6|6|6|6|6|6|6
10189,1,True,3,10,3,3|3|3|3|3|3|3|3|3|3
10199,6,False,6,0,6,6|6|6|6|6|6|6|6|6|6
10215,0,False,0,0,0,0|0|0|0|0|0|0|0|0|0
10219,5,True,9,9,9,5|9|9|9|9|9|9|9|9|9
10235,3,True,7,10,4,4|4|7|4|7|7|4|4|7|4
10245,1,True,8,10,8,8|8|8|8|8|8|8|8|8|8
10254,1,True,3,9,6,3|6|8|6|6|1|6|6|6|6
10270,1,True,5,9,3,5|3|3|3|5|1|3|3|5|5
10289,2,False,2,1,2,2|2|2|2|2|9|2|2|2|2
10294,1,True,5,10,3,3|3|9|3|9|7|3|3|3|3
10299,4,False,4,10,9,5|5|5|8|9|9|9|9|5|9
10301,6,True,0,10,0,0|0|0|0|0|0|0|0|0|0
10309,5,True,9,9,9,9|5|9|9|9|9|9|9|9|9
10312,5,True,9,9,9,5|9|9|9|9|9|9|9|9|9
10313,8,False,8,0,8,8|8|8|8|8|8|8|8|8|8
10314,1,False,1,7,5,5|1|5|1|5|9|2|5|1|5
10320,1,True,3,10,3,3|3|3|3|3|3|3|3|3|3
10324,1,True,5,9,3,3|3|1|3|3|3|3|3|3|3
10333,7,False,7,1,7,7|7|3|7|7|7|7|7|7|7
10355,6,True,0,10,-1,3|0|8|8|8|0|8|0|0|3
10361,2,True,8,10,-1,4|6|0|6|4|3|8|4|8|8
10372,4,False,4,0,4,4|4|4|4|4|4|4|4|4|4
10375,9,False,9,0,9,9|9|9|9|9|9|9|9|9|9
10380,5,True,1,7,9,5|5|5|9|9|9|9|9|9|9
10384,3,True,7,7,7,7|7|7|7|7|7|3|3|3|7
10387,2,True,1,10,1,1|5|5|1|5|1|1|1|1|1
10388,9,False,9,0,9,9|9|9|9|9|9|9|9|9|9
10412,4,True,2,8,2,4|2|2|2|2|4|2|2|2|3
10421,9,False,9,6,5,5|9|5|9|5|9|5|9|5|5
10426,4,False,4,10,8,8|0|8|8|0|0|8|8|8|8
10436,2,False,2,5,2,4|2|2|0|0|4|2|2|2|4
10440,2,False,2,10,5,5|5|5|5|5|1|3|3|5|5
10448,5,True,9,9,9,9|5|9|9|9|9|9|9|9|9
10478,4,False,4,10,3,3|3|3|3|3|3|3|3|3|3
10508,1,True,3,10,3,3|3|3|3|3|3|3|3|3|3
10522,1,False,1,6,5,5|1|1|5|5|5|1|5|5|1
10531,1,False,1,2,1,1|1|1|1|5|1|1|2|1|1
10535,1,False,1,3,1,1|1|2|1|8|1|1|2|1|1
10539,4,False,4,1,4,4|4|4|4|4|1|4|4|4|4
10554,6,False,6,5,6,6|4|0|6|6|4|6|0|2|6
10556,5,False,5,4,5,2|5|2|5|2|5|5|2|5|5
10563,6,False,6,1,6,8|6|6|6|6|6|6|6|6|6
10577,6,True,0,10,0,0|0|0|0|0|0|0|0|0|0
10584,7,False,7,10,3,3|3|3|3|3|3|3|3|3|3
10589,6,True,0,10,0,0|0|0|0|0|0|0|0|0|0
10593,4,False,4,0,4,4|4|4|4|4|4|4|4|4|4
10594,0,True,2,9,2,2|2|2|2|2|2|2|0|2|2
10604,4,False,4,5,4,3|4|4|5|2|4|1|2|4|4
10606,1,True,8,8,8,8|1|8|8|5|1|8|8|8|8
10608,2,False,2,1,2,2|2|2|2|2|5|2|2|2|2
10613,1,True,8,10,8,8|8|8|8|8|9|8|8|8|8
10617,0,False,0,0,0,0|0|0|0|0|0|0|0|0|0
10619,1,True,3,10,9,7|5|9|9|9|9|9|9|3|5
10627,1,False,1,4,1,2|1|2|1|2|1|1|2|1|1
10629,2,True,4,10,6,6|6|8|6|6|6|6|6|6|6
10637,0,False,0,0,0,0|0|0|0|0|0|0|0|0|0
10647,6,False,6,0,6,6|6|6|6|6|6|6|6|6|6
10652,5,True,1,9,1,1|1|1|1|1|1|1|5|2|1
10657,1,True,5,10,7,7|7|7|4|4|4|4|7|7|3
10659,5,True,9,10,9,9|9|9|9|9|9|9|9|9|9
10662,9,False,9,0,9,9|9|9|9|9|9|9|9|9|9
10676,8,True,6,8,6,6|8|6|6|6|8|6|6|6|6
10681,6,True,0,10,0,0|0|0|0|0|1|0|0|0|0
10682,8,False,8,8,0,0|8|0|0|0|0|0|0|8|0
10698,5,True,9,10,9,9|9|9|9|9|9|9|9|9|9
10707,1,True,4,10,4,4|4|4|4|4|4|4|4|4|4
10719,4,False,4,0,4,4|4|4|4|4|4|4|4|4|4
10732,0,False,0,0,0,0|0|0|0|0|0|0|0|0|0
10740,2,True,5,10,5,5|5|5|5|5|1|5|5|5|5
10757,6,False,6,2,6,6|6|8|6|6|6|8|6|6|6
10778,7,False,7,0,7,7|7|7|7|7|7|7|7|7|7
10780,5,False,5,10,4,4|4|4|4|4|4|4|4|4|4
10787,0,False,0,0,0,0|0|0|0|0|0|0|0|0|0
10791,9,False,9,2,9,5|9|9|9|9|9|9|9|5|9
10796,6,True,0,9,0,6|0|0|0|0|0|0|0|0|0
10835,5,False,5,5,5,5|5|3|3|5|3|7|5|3|5
10836,8,False,8,0,8,8|8|8|8|8|8|8|8|8|8
10841,6,False,6,2,6,4|6|2|6|6|6|6|6|6|6
10846,1,False,1,6,8,8|1|1|8|8|8|1|8|0|1
10863,5,False,5,7,3,3|3|3|3|5|3|3|5|3|5
10865,1,True,4,10,4,4|4|4|4|7|4|7|4|4|7
10869,3,False,3,7,6,8|6|3|8|9|3|6|3|6|6
10904,4,False,4,0,4,4|4|4|4|4|4|4|4|4|4
10906,1,True,8,10,8,8|8|8|8|8|8|8|8|8|8
10914,2,True,5,9,5,5|5|5|5|5|1|5|2|5|5
10920,8,True,6,10,6,6|6|6|6|6|6|6|6|6|6
10921,1,True,5,9,5,3|3|5|5|5|1|9|3|5|5
10923,8,False,8,0,8,8|8|8|8|8|8|8|8|8|8
10925,1,True,4,10,-1,5|4|5|4|5|4|3|4|2|5
10949,3,False,3,0,3,3|3|3|3|3|3|3|3|3|3
10965,8,False,8,0,8,8|8|8|8|8|8|8|8|8|8
10970,1,True,4,10,4,4|4|4|4|4|4|4|4|4|4
10985,6,False,6,6,-1,8|8|8|6|8|6|6|9|7|6
10999,3,False,3,2,3,5|3|3|3|9|3|3|3|3|3
11007,2,True,1,8,1,1|1|1|1|5|1|1|2|2|1
11009,7,True,6,10,6,6|6|6|6|6|8|6|6|6|6
11014,6,True,0,10,0,0|0|0|0|0|0|0|0|0|0
11027,1,True,8,9,8,8|8|8|8|8|8|1|8|8|8
11034,5,False,5,2,5,5|1|5|5|5|5|3|5|5|5
11083,5,False,5,3,5,5|5|5|3|5|5|3|5|3|5
11088,3,True,7,10,7,7|7|7|7|7|7|7|7|7|7
11107,6,True,0,10,0,0|0|0|8|0|0|0|0|8|8
11119,3,False,3,1,3,3|3|3|3|5|3|3|3|3|3
11121,5,False,5,1,5,5|5|5|5|5|1|5|5|5|5
11126,9,False,9,1,9,5|9|9|9|9|9|9|9|9|9
11152,9,False,9,8,8,8|8|0|8|0|9|0|9|8|8
11155,5,False,5,2,5,5|5|5|3|5|1|5|5|5|5
11163,5,True,1,6,5,5|1|5|9|5|5|9|9|1|1
11165,5,False,5,2,5,5|5|5|3|5|1|5|5|5|5
11170,5,True,9,6,9,5|9|9|5|9|9|9|9|5|5
11174,5,False,5,1,5,5|5|5|5|5|1|5|5|5|5
11175,2,False,2,3,2,2|2|2|4|4|3|2|2|2|2
11184,5,True,9,9,9,9|9|5|9|9|9|9|9|9|9
11186,5,False,5,1,5,5|5|5|5|5|1|5|5|5|5
11198,9,True,2,10,2,4|4|2|2|2|4|2|2|2|2
11200,8,False,8,0,8,8|8|8|8|8|8|8|8|8|8
11201,5,False,5,4,5,5|3|5|5|5|3|3|5|5|7
11202,0,True,2,9,-1,5|2|2|2|5|5|6|0|2|5
11207,8,False,8,0,8,8|8|8|8|8|8|8|8|8|8
11208,6,True,0,10,0,0|0|0|0|0|0|0|0|0|0
11209,1,True,4,10,4,4|4|4|4|4|4|4|4|4|4
11216,6,True,0,10,0,0|0|0|0|0|0|0|0|0|0
11218,0,False,0,8,3,3|3|3|3|0|3|3|0|3|4
11221,9,True,2,9,2,2|2|2|2|2|9|2|2|2|2
11225,5,True,9,10,0,0|6|0|9|9|3|0|0|0|9
11226,4,False,4,7,5,5|5|5|4|5|3|3|4|2|4
11228,3,True,7,3,3,3|3|3|7|3|3|7|7|3|3
11230,5,True,9,8,9,5|9|9|9|9|9|9|9|5|9
11232,5,True,9,10,9,9|9|9|9|9|9|9|9|9|9
11258,9,False,9,5,9,5|9|5|5|9|9|1|9|9|5
11263,0,False,0,0,0,0|0|0|0|0|0|0|0|0|0
11264,1,False,1,7,5,5|1|5|5|5|1|9|5|5|1
11271,3,False,3,1,3,3|3|3|3|3|3|3|3|6|3
11277,1,True,8,10,8,8|8|8|8|8|8|8|8|8|8
11282,4,False,4,0,4,4|4|4|4|4|4|4|4|4|4
11300,7,False,7,0,7,7|7|7|7|7|7|7|7|7|7
11311,5,True,9,9,9,9|9|5|9|9|9|9|9|9|9
11312,9,False,9,10,0,0|0|0|0|0|0|8|8|8|0
11313,2,False,2,1,2,2|2|2|2|2|5|2|2|2|2
11315,1,True,4,8,4,1|4|3|4|4|1|4|4|4|4
11318,6,False,6,0,6,6|6|6|6|6|6|6|6|6|6
11319,6,False,6,1,6,6|6|6|6|6|6|6|6|8|6
11323,9,True,7,10,7,7|7|4|7|7|7|7|7|2|7
11329,3,True,7,8,7,5|7|7|7|7|7|3|2|3|7
11330,5,False,5,10,3,0|2|0|3|6|3|3|3|3|3
11331,8,True,6,8,6,8|8|6|6|6|6|6|6|6|6
11332,9,False,9,4,9,5|5|9|9|9|9|9|9|5|5
11368,1,True,8,10,8,8|8|8|8|8|8|8|8|8|8
11392,8,True,6,8,6,6|6|6|6|6|6|6|6|8|8
11409,1,True,3,10,-1,3|4|4|4|3|4|3|3|2|6
11424,6,True,0,9,0,0|8|0|8|8|6|0|0|0|8
11441,1,True,5,9,5,5|5|5|5|5|1|5|5|5|5
11446,6,True,7,10,7,7|7|7|7|7|7|7|7|7|7
11457,9,False,9,4,9,2|9|5|5|9|9|9|9|5|9
11458,3,False,3,0,3,3|3|3|3|3|3|3|3|3|3
11466,6,False,6,5,-1,6|6|8|6|8|8|6|6|8|8
11470,5,True,1,10,8,6|1|8|8|2|8|8|1|6|6
11484,9,True,7,10,7,7|7|7|7|7|7|7|7|7|7
11504,9,False,9,2,9,9|9|5|9|9|1|9|9|9|9
11508,6,False,6,3,6,6|6|8|6|6|7|6|6|7|6
11518,2,False,2,1,2,2|2|2|2|2|4|2|2|2|2
11535,6,True,0,10,0,0|0|0|0|0|0|0|0|0|0
11536,1,True,5,9,5,5|5|5|5|5|1|5|5|5|5
11541,9,False,9,3,9,5|9|5|5|9|9|9|9|9|9
11546,1,False,1,10,5,5|9|5|5|5|9|5|9|5|5
11553,2,True,7,10,3,3|5|3|3|9|3|3|3|3|7
11559,1,True,8,10,8,8|8|8|8|8|8|8|8|8|8
11586,4,False,4,0,4,4|4|4|4|4|4|4|4|4|4
11591,8,False,8,0,8,8|8|8|8|8|8|8|8|8|8
11602,6,False,6,7,6,3|2|2|4|5|4|3|6|6|6
11605,7,False,7,0,7,7|7|7|7|7|7|7|7|7|7
11609,7,True,6,10,6,6|6|6|6|6|6|6|6|6|6
11612,0,False,0,0,0,0|0|0|0|0|0|0|0|0|0
11644,7,True,6,10,6,6|6|6|6|8|6|6|6|6|6
11655,3,False,3,1,3,3|3|3|3|5|3|3|3|3|3
11667,8,False,8,0,8,8|8|8|8|8|8|8|8|8|8
11686,1,False,1,5,1,8|5|1|8|5|8|1|1|1|1
11698,1,False,1,5,1,2|9|2|1|2|1|1|2|1|1
11703,5,True,9,10,9,9|9|9|9|9|9|9|9|9|9
11704,7,False,7,1,7,7|7|7|7|7|7|7|9|7|7
11707,1,False,1,2,1,1|1|1|1|5|1|1|2|1|1
11730,2,False,2,1,2,2|2|2|2|2|9|2|2|2|2
11733,8,True,6,10,6,6|6|6|6|6|6|6|6|6|6
11734,0,False,0,8,8,5|8|8|8|0|8|8|0|1|8
11745,9,True,2,10,3,3|2|2|3|3|3|3|2|2|3
11752,3,False,3,0,3,3|3|3|3|3|3|3|3|3|3
11767,2,True,1,10,1,1|1|5|5|5|1|1|5|1|1
11774,9,False,9,2,9,5|5|9|9|9|9|9|9|9|9
11780,6,False,6,4,6,6|6|6|6|6|7|6|7|7|7
11783,0,False,0,0,0,0|0|0|0|0|0|0|0|0|0
11787,1,False,1,8,-1,5|9|5|5|9|9|9|5|1|1
11795,1,True,5,10,5,5|5|5|5|5|5|3|5|5|5
11832,8,False,8,0,8,8|8|8|8|8|8|8|8|8|8
11836,3,False,3,6,-1,3|3|1|5|3|1|5|3|5|5
11856,5,True,9,10,0,0|0|9|0|0|0|0|9|0|0
11862,1,True,4,10,4,4|4|3|4|4|4|4|4|4|4
11871,4,False,4,0,4,4|4|4|4|4|4|4|4|4|4
11891,2,False,2,2,2,2|8|2|2|2|9|2|2|2|2
11919,6,True,0,6,-1,6|6|6|0|2|6|0|0|0|8
11922,5,False,5,1,5,5|5|5|5|5|1|5|5|5|5
11939,0,False,0,1,0,6|0|0|0|0|0|0|0|0|0
11957,4,False,4,1,4,4|4|2|4|4|4|4|4|4|4
11975,0,False,0,0,0,0|0|0|0|0|0|0|0|0|0
11976,3,False,3,0,3,3|3|3|3|3|3|3|3|3|3
12012,1,True,5,10,2,2|2|5|2|2|9|2|2|2|2
12016,3,False,3,9,5,3|6|5|0|9|1|0|5|5|6
12036,7,False,7,0,7,7|7|7|7|7|7|7|7|7|7
12050,1,True,3,10,3,3|3|3|3|7|3|3|3|6|3
12051,5,False,5,6,5,5|5|5|5|9|1|0|9|9|6
12069,5,False,5,7,3,3|5|3|3|5|1|3|5|3|3
12101,7,True,6,10,6,6|6|6|6|6|6|6|6|6|6
12114,5,True,1,10,1,1|1|2|1|1|1|1|2|2|1
12120,8,False,8,0,8,8|8|8|8|8|8|8|8|8|8
12160,1,True,4,10,4,4|4|4|4|4|4|4|4|4|4
12162,9,False,9,0,9,9|9|9|9|9|9|9|9|9|9
12184,5,False,5,4,5,5|6|5|5|6|1|6|5|5|5
12211,3,False,3,1,3,3|3|3|3|5|3|3|3|3|3
12217,1,True,4,10,4,4|4|3|4|4|7|4|7|3|4
12218,8,True,6,9,6,6|6|6|6|6|6|6|6|6|8
12220,7,False,7,0,7,7|7|7|7|7|7|7|7|7|7
12232,1,False,1,5,-1,1|1|5|1|5|1|1|5|5|5
12240,6,False,6,2,6,6|6|6|6|6|7|6|6|7|6
12257,6,True,0,10,0,0|0|0|0|0|0|0|8|8|0
12259,5,True,9,3,5,5|5|5|5|5|1|9|9|5|5
12277,3,True,8,10,0,0|8|8|0|0|0|0|0|8|0
12278,3,False,3,0,3,3|3|3|3|3|3|3|3|3|3
12288,5,True,9,9,9,5|9|9|9|9|9|9|9|9|9
12289,3,False,3,5,3,3|3|3|3|5|1|3|5|4|6
12314,9,False,9,1,9,5|9|9|9|9|9|9|9|9|9
12319,1,True,8,10,0,6|0|0|0|0|0|0|0|0|0
12336,5,True,1,8,1,1|1|1|5|5|9|1|2|1|1
12350,2,True,1,7,1,1|1|2|1|1|1|1|2|2|1
12359,6,False,6,6,6,6|6|2|2|6|4|6|7|7|7
12369,7,True,6,9,6,6|6|6|6|6|6|6|6|7|6
12388,1,False,1,3,1,5|1|1|1|5|1|1|5|1|1
12396,6,False,6,2,6,8|6|6|6|6|8|6|6|6|6
12405,9,False,9,1,9,9|9|5|9|9|9|9|9|9|9
12420,0,False,0,0,0,0|0|0|0|0|0|0|0|0|0
12426,8,False,8,1,8,8|8|8|8|8|1|8|8|8|8
12441,6,False,6,1,6,6|6|6|6|6|7|6|6|6|6
12471,2,False,2,1,2,2|2|2|2|2|9|2|2|2|2
12482,7,False,7,9,5,5|5|5|5|7|3|3|5|3|5
12490,8,False,8,0,8,8|8|8|8|8|8|8|8|8|8
12497,5,True,9,9,-1,0|0|0|5|9|7|9|0|9|9
12500,1,True,3,10,3,3|3|3|3|3|3|3|3|3|3
12501,2,False,2,1,2,2|2|2|2|2|4|2|2|2|2
12508,6,False,6,7,6,2|7|8|4|6|0|6|6|4|2
12513,1,True,8,10,8,8|8|8|8|8|8|8|8|8|8
12519,2,False,2,5,2,0|2|2|4|2|7|6|2|2|0
12531,9,False,9,10,1,1|1|5|1|5|1|1|2|5|1
12532,1,True,5,9,3,5|3|3|3|5|3|3|5|3|1
12533,2,False,2,8,4,4|4|4|4|4|4|4|2|3|2
12557,8,False,8,0,8,8|8|8|8|8|8|8|8|8|8
12604,6,False,6,2,6,6|6|6|6|6|8|6|6|6|8
12650,1,True,8,10,8,8|8|8|8|8|8|8|8|8|8
12680,5,True,9,10,9,9|9|9|9|9|9|9|9|9|9
12688,8,False,8,0,8,8|8|8|8|8|8|8|8|8|8
12708,9,False,9,3,9,5|9|5|9|9|9|9|9|5|9
12734,1,True,5,10,3,3|3|3|3|3|3|3|3|3|3
12737,1,True,4,10,4,4|4|4|4|4|4|4|4|4|4
12738,9,True,7,10,7,7|7|3|7|7|7|7|7|7|7
12751,7,False,7,0,7,7|7|7|7|7|7|7|7|7|7
12756,3,True,7,9,7,7|4|7|4|7|7|4|3|7|7
12758,3,False,3,0,3,3|3|3|3|3|3|3|3|3|3
12765,6,False,6,2,6,6|8|6|6|6|8|6|6|6|6
12767,0,False,0,0,0,0|0|0|0|0|0|0|0|0|0
12774,5,True,1,4,5,5|1|5|5|5|1|1|5|1|5
12775,9,False,9,2,9,5|5|9|9|9|9|9|9|9|9
12776,3,False,3,0,3,3|3|3|3|3|3|3|3|3|3
12778,7,False,7,10,2,2|2|2|4|2|4|4|2|4|2
12790,9,True,2,9,2,2|2|2|2|2|9|2|2|2|2
12803,5,True,4,10,4,4|4|4|4|4|4|4|4|4|4
12806,1,True,8,10,8,8|8|8|8|8|8|8|8|8|8
12823,1,True,3,9,3,3|3|3|3|5|3|3|3|3|1
12827,5,True,9,2,5,5|1|5|5|5|1|5|5|5|5
12841,1,False,1,6,5,1|1|5|5|5|1|1|5|5|5
12844,4,True,7,9,7,7|7|7|7|7|7|7|4|7|7
12858,4,False,4,0,4,4|4|4|4|4|4|4|4|4|4
12859,4,False,4,0,4,4|4|4|4|4|4|4|4|4|4
12864,7,False,7,1,7,7|7|7|7|7|7|7|7|7|3
12956,3,False,3,0,3,3|3|3|3|3|3|3|3|3|3
12957,9,False,9,3,9,5|9|5|9|9|9|9|9|5|9
12968,1,True,4,9,4,4|2|4|4|4|4|1|2|4|4
12972,5,True,9,9,9,9|9|5|9|9|9|9|9|9|9
12982,1,False,1,5,1,2|1|1|0|5|1|1|2|2|1
12985,9,True,7,10,7,7|7|7|7|7|7|7|7|7|7
12993,0,False,0,5,0,0|0|8|0|8|1|8|0|8|0
12994,7,False,7,1,7,7|4|7|7|7|7|7|7|7|7
13002,1,False,1,8,5,5|1|5|5|5|9|1|5|5|5
13025,4,False,4,0,4,4|4|4|4|4|4|4|4|4|4
13028,0,False,0,1,0,0|0|0|0|0|0|3|0|0|0
13029,8,True,6,10,6,6|6|6|6|6|6|6|6|6|6
13036,9,True,2,10,6,8|4|2|6|6|6|8|6|6|8
13039,7,False,7,0,7,7|7|7|7|7|7|7|7|7|7
13055,0,False,0,0,0,0|0|0|0|0|0|0|0|0|0
13063,5,True,9,5,-1,5|9|5|9|9|9|9|5|5|5
13068,6,True,0,10,0,0|0|0|0|0|0|0|0|0|0
13071,2,False,2,1,2,2|2|2|2|2|9|2|2|2|2
13086,6,True,0,10,0,0|0|2|0|0|9|2|0|0|2
13093,3,False,3,0,3,3|3|3|3|3|3|3|3|3|3
13097,5,False,5,3,5,5|3|5|5|5|7|5|5|3|5
13098,1,False,1,8,-1,1|2|2|5|6|1|8|2|5|5
13107,2,False,2,8,0,2|0|0|8|2|1|0|9|0|8
13110,0,False,0,0,0,0|0|0|0|0|0|0|0|0|0
13123,6,False,6,0,6,6|6|6|6|6|6|6|6|6|6
13130,0,True,2,10,7,7|7|7|2|6|7|6|2|7|2
13139,1,True,8,9,8,8|8|8|8|8|1|8|8|8|8
13140,8,True,6,9,6,6|6|6|6|6|6|6|6|8|6
13156,1,False,1,5,1,1|1|5|5|5|1|1|2|2|1
13175,8,False,8,0,8,8|8|8|8|8|8|8|8|8|8
13200,7,False,7,1,7,7|7|7|7|7|7|7|9|7|7
13243,2,False,2,1,2,2|2|2|2|2|9|2|2|2|2
13258,8,False,8,5,8,2|1|1|8|8|5|8|8|6|8
13270,2,False,2,2,2,2|2|2|9|2|4|2|2|2|2
13290,2,False,2,0,2,2|2|2|2|2|2|2|2|2|2
13291,7,True,6,10,6,6|6|6|6|6|6|6|6|6|6
13300,2,False,2,2,2,2|2|2|4|2|9|2|2|2|2
13312,6,True,0,10,0,3|0|0|0|0|0|3|0|0|0
13314,2,False,2,2,2,5|2|2|2|2|4|2|2|2|2
13322,8,False,8,0,8,8|8|8|8|8|8|8|8|8|8
13324,6,True,0,10,0,0|0|0|0|0|0|0|0|0|0
13326,6,True,0,10,0,0|0|0|0|0|0|0|0|0|0
13335,7,True,6,10,6,6|6|6|6|6|6|6|6|6|6
13341,9,True,2,9,2,2|2|2|2|2|9|2|2|2|2
13348,0,False,0,0,0,0|0|0|0|0|0|0|0|0|0
13354,6,False,6,1,6,6|6|6|6|6|6|6|6|7|6
13356,2,True,5,9,5,4|5|5|5|5|5|3|2|4|5
13361,1,True,5,10,4,4|4|4|4|4|4|4|2|4|4
13362,2,False,2,6,4,4|2|2|4|2|4|3|2|4|4
13368,6,True,0,10,0,0|0|0|0|0|0|0|0|0|0
13376,7,False,7,0,7,7|7|7|7|7|7|7|7|7|7
13377,3,True,7,10,7,7|7|7|7|7|7|7|7|7|7
13386,8,False,8,0,8,8|8|8|8|8|8|8|8|8|8
13398,5,True,2,10,2,2|2|2|0|2|2|8|2|6|2
13400,0,False,0,6,6,6|6|6|0|6|0|0|0|7|6
13427,4,False,4,1,4,4|4|3|4|4|4|4|4|4|4
13431,2,False,2,2,2,2|0|2|2|2|9|2|2|2|2
13436,9,True,0,10,1,8|0|1|1|0|1|1|0|1|0
13457,0,False,0,0,0,0|0|0|0|0|0|0|0|0|0
13461,5,False,5,1,5,5|5|5|5|5|1|5|5|5|5
13464,1,True,4,10,4,4|4|4|4|4|4|4|4|4|4
13470,5,True,1,8,1,1|1|1|1|5|1|1|5|2|1
13475,9,False,9,5,9,7|8|9|0|9|1|0|9|9|9
13507,0,False,0,0,0,0|0|0|0|0|0|0|0|0|0
13508,2,True,1,9,1,1|1|1|1|5|1|1|2|1|1
13510,4,False,4,0,4,4|4|4|4|4|4|4|4|4|4
13519,8,False,8,0,8,8|8|8|8|8|8|8|8|8|8
13536,1,True,4,10,6,6|6|7|6|6|7|8|6|6|6
13553,8,False,8,0,8,8|8|8|8|8|8|8|8|8|8
13564,4,True,2,7,2,2|2|2|4|2|4|2|4|6|2
13573,7,True,6,10,6,6|6|6|6|6|6|6|6|6|6
13593,3,False,3,0,3,3|3|3|3|3|3|3|3|3|3
13598,5,False,5,5,5,3|5|5|3|5|1|3|5|5|3
13600,6,False,6,4,6,8|6|6|8|6|8|8|6|6|6
13601,3,False,3,0,3,3|3|3|3|3|3|3|3|3|3
13604,1,True,5,9,5,5|5|5|5|5|1|5|5|5|3
13615,1,False,1,2,1,1|1|1|1|2|1|1|2|1|1
13625,9,False,9,0,9,9|9|9|9|9|9|9|9|9|9
13626,2,False,2,8,0,0|3|0|0|2|0|0|2|0|6
13635,6,False,6,1,6,8|6|6|6|6|6|6|6|6|6
13636,4,False,4,3,4,4|4|4|4|6|4|1|4|4|0
13658,5,False,5,0,5,5|5|5|5|5|5|5|5|5|5
13659,2,False,2,10,4,4|4|4|4|4|4|4|4|4|4
13692,6,False,6,4,6,7|6|8|6|6|8|6|6|2|6
13703,7,False,7,6,-1,7|3|3|5|9|3|3|7|7|7
13713,2,True,1,10,1,5|1|8|8|8|1|8|1|1|1
13718,7,False,7,3,7,7|4|4|7|7|7|7|7|3|7
13722,5,True,1,8,1,1|1|1|1|5|1|1|5|1|1
13728,8,False,8,8,0,6|0|0|0|8|0|0|8|0|0
13729,8,False,8,0,8,8|8|8|8|8|8|8|8|8|8
13733,3,False,3,7,-1,3|7|8|8|6|3|8|6|7|3
13763,2,True,1,9,1,1|1|1|1|5|1|1|5|2|1
13766,5,True,1,3,5,5|5|1|5|5|1|1|5|5|5
13773,5,False,5,1,5,5|2|5|5|5|5|5|5|5|5
13779,9,False,9,10,2,1|1|0|2|2|5|2|2|0|0
13782,9,False,9,2,9,5|9|9|9|9|9|9|9|5|9
13787,1,True,4,10,4,4|4|3|4|7|7|7|4|4|7
13795,9,False,9,3,9,5|9|5|9|9|9|9|9|5|9
13800,0,False,0,0,0,0|0|0|0|0|0|0|0|0|0
13809,9,False,9,1,9,5|9|9|9|9|9|9|9|9|9
13857,1,True,3,9,0,0|6|0|0|0|1|0|8|0|0
13869,5,True,9,10,9,9|9|9|9|9|9|9|9|9|9
13876,0,False,0,0,0,0|0|0|0|0|0|0|0|0|0
13898,8,True,2,10,2,2|2|2|0|2|9|2|2|2|2
13900,7,False,7,1,7,7|7|7|3|7|7|7|7|7|7
13916,6,False,6,2,6,8|8|6|6|6|6|6|6|6|6
13918,1,True,3,10,3,7|3|3|4|4|3|7|3|3|7
13945,4,False,4,1,4,4|4|4|4|4|4|4|4|7|4
13952,2,True,1,10,5,5|1|5|5|5|1|1|5|5|5
13957,3,False,3,0,3,3|3|3|3|3|3|3|3|3|3
13958,8,False,8,1,8,8|8|8|9|8|8|8|8|8|8
13967,8,False,8,0,8,8|8|8|8|8|8|8|8|8|8
13972,1,True,4,10,4,4|4|4|4|4|4|4|4|4|4
14002,7,False,7,7,4,4|4|4|4|7|7|4|4|4|7
14022,4,False,4,10,3,3|3|3|3|7|3|3|3|7|3
14031,3,False,3,1,3,3|3|3|3|9|3|3|3|3|3
14035,5,True,1,10,8,8|1|8|8|8|8|8|8|1|8
14061,5,True,1,8,1,1|1|1|8|5|1|1|1|1|5
14071,9,False,9,10,0,5|0|0|0|5|0|0|0|5|0
14081,7,False,7,2,7,7|7|7|7|0|7|3|7|7|7
14090,4,False,4,2,4,4|4|4|4|4|4|4|8|2|4
14131,6,False,6,6,-1,2|6|8|6|2|8|6|6|8|8
14142,4,False,4,0,4,4|4|4|4|4|4|4|4|4|4
14143,7,False,7,1,7,7|7|7|7|7|7|7|9|7|7
14145,2,True,1,9,5,5|9|5|5|2|9|1|9|5|1
14155,3,False,3,1,3,3|3|5|3|3|3|3|3|3|3
14173,9,False,9,3,9,5|5|9|9|5|9|9|9|9|9
14189,9,False,9,0,9,9|9|9|9|9|9|9|9|9|9
14193,0,False,0,8,9,9|0|3|9|9|4|0|8|8|9
14215,7,False,7,0,7,7|7|7|7|7|7|7|7|7|7
14216,0,False,0,4,0,2|7|8|0|0|7|0|0|0|0
14232,1,True,3,9,5,5|5|5|5|5|1|3|5|3|9
14237,1,True,3,10,3,3|3|3|5|3|3|7|3|3|3
14248,9,True,2,9,2,2|2|2|2|2|9|2|2|2|2
14258,2,True,4,10,4,4|4|4|4|4|4|4|4|4|4
14261,7,False,7,0,7,7|7|7|7|7|7|7|7|7|7
14276,5,False,5,4,5,5|5|8|5|3|5|3|3|5|5
14278,5,True,9,9,9,9|5|9|9|9|9|9|9|9|9
14287,8,False,8,0,8,8|8|8|8|8|8|8|8|8|8
14300,1,False,1,3,1,1|1|1|5|5|1|1|5|1|1
14305,4,False,4,0,4,4|4|4|4|4|4|4|4|4|4
14308,0,True,2,9,2,2|2|2|2|2|4|2|0|2|2
14315,3,False,3,0,3,3|3|3|3|3|3|3|3|3|3
14324,4,False,4,0,4,4|4|4|4|4|4|4|4|4|4
14326,5,True,9,10,9,9|9|9|9|9|9|9|9|9|9
14331,5,False,5,9,3,3|3|3|3|3|3|3|3|5|3
14335,9,True,0,10,0,8|0|0|0|0|0|0|0|0|0
14360,0,True,2,10,2,2|2|2|5|2|5|2|2|2|2
14364,2,False,2,7,3,3|2|2|2|9|3|3|3|3|3
14377,1,True,4,10,4,4|4|3|4|4|4|4|4|4|4
14385,1,True,4,10,4,4|4|4|4|4|4|4|4|4|4
14388,1,True,4,10,4,4|4|4|4|4|4|4|4|4|4
14398,7,False,7,3,7,7|7|3|7|7|4|7|7|3|7
14399,9,True,2,9,2,2|2|8|2|2|9|8|2|2|2
14401,9,False,9,4,9,9|9|5|9|9|1|9|2|5|9
14404,2,False,2,1,2,2|2|2|2|2|9|2|2|2|2
14418,4,False,4,0,4,4|4|4|4|4|4|4|4|4|4
14422,3,False,3,10,0,0|0|0|0|0|7|0|0|2|5
14430,9,True,7,9,7,7|7|7|7|7|7|7|9|7|7
14435,2,False,2,3,2,4|2|2|4|2|4|2|2|2|2
14444,6,False,6,0,6,6|6|6|6|6|6|6|6|6|6
14458,5,True,9,10,9,9|9|9|9|9|9|9|9|9|9
14461,2,True,1,10,1,1|1|1|1|5|1|1|1|1|1
14471,9,False,9,6,8,8|5|8|8|8|9|8|9|9|9
14483,8,False,8,1,8,8|1|8|8|8|8|8|8|8|8
14489,7,False,7,0,7,7|7|7|7|7|7|7|7|7|7
14491,1,True,3,10,3,3|3|3|3|3|3|3|3|3|3
14493,3,True,7,10,7,7|7|7|7|7|7|7|7|7|7
14518,1,False,1,3,1,1|1|5|1|5|1|1|5|1|1
14536,1,True,3,10,3,3|3|3|3|3|3|3|3|3|3
14558,3,False,3,10,6,6|6|8|4|6|6|8|6|6|6
14560,1,True,4,10,4,4|4|4|4|4|4|4|4|4|4
14581,1,True,8,10,8,8|8|8|8|8|8|8|8|8|8
14591,6,True,0,10,0,0|0|0|0|0|0|9|0|0|9
14595,9,True,2,10,2,4|4|2|2|1|4|2|2|2|2
14610,5,True,9,7,9,5|5|5|9|9|9|9|9|9|9
14612,4,False,4,0,4,4|4|4|4|4|4|4|4|4|4
14616,5,True,9,9,9,5|9|9|9|9|9|9|9|9|9
14619,0,True,2,10,2,2|2|2|2|2|4|2|2|2|2
14621,6,False,6,0,6,6|6|6|6|6|6|6|6|6|6
14641,4,True,7,10,7,7|7|7|7|7|7|7|7|7|7
14653,7,False,7,0,7,7|7|7|7|7|7|7|7|7|7
14662,1,False,1,5,-1,5|1|5|1|5|1|1|5|5|1
14669,5,False,5,4,5,1|5|5|4|5|1|1|5|5|5
14674,3,False,3,1,3,3|3|3|3|3|3|3|3|6|3
14688,9,True,2,10,2,4|2|2|2|2|4|2|2|2|2
14692,7,False,7,8,4,0|4|0|7|4|4|0|7|4|4
14724,5,False,5,5,5,5|3|5|3|5|5|5|3|3|1
14730,3,False,3,0,3,3|3|3|3|3|3|3|3|3|3
14743,9,False,9,1,9,9|9|9|9|9|9|9|9|5|9
14754,0,False,0,4,0,0|0|8|8|0|1|0|0|0|8
14760,1,True,5,10,5,5|5|2|5|2|5|5|5|5|5
14768,2,False,2,7,6,2|6|2|6|6|8|6|2|7|6
14772,8,True,6,10,6,6|6|6|6|6|6|6|6|6|6
14780,7,False,7,0,7,7|7|7|7|7|7|7|7|7|7
14782,0,False,0,0,0,0|0|0|0|0|0|0|0|0|0
14805,1,False,1,9,5,2|2|5|5|9|5|1|2|5|9
14812,2,False,2,2,2,2|2|2|2|9|4|2|2|2|2
14819,4,True,2,10,2,2|2|2|5|2|9|3|9|9|2
14824,8,True,6,7,6,8|8|6|6|6|6|6|6|8|6
14827,1,True,4,10,4,4|4|4|4|4|4|4|4|4|4
14829,2,False,2,6,-1,7|4|2|4|4|7|2|2|4|2
14878,1,False,1,3,1,1|1|2|1|2|1|1|2|1|1
14880,5,True,9,6,9,5|1|5|9|5|9|9|9|5|9
14898,6,True,0,10,0,0|0|0|0|0|0|0|0|0|0
14899,0,True,2,2,0,0|2|0|0|0|6|0|0|0|0
14909,0,False,0,0,0,0|0|0|0|0|0|0|0|0|0
14934,1,True,8,10,8,8|8|8|8|8|8|8|8|8|8
14938,3,False,3,0,3,3|3|3|3|3|3|3|3|3|3
14941,1,True,3,10,3,3|3|3|3|3|3|3|3|3|3
14949,0,False,0,0,0,0|0|0|0|0|0|0|0|0|0
14977,3,True,7,10,7,7|7|7|7|7|7|7|7|7|7
14986,1,True,3,7,3,8|1|5|3|3|3|3|3|1|1
14989,3,True,7,9,7,7|7|7|7|7|7|7|3|7|7
15002,7,False,7,0,7,7|7|7|7|7|7|7|7|7|7
15005,5,True,9,8,9,5|9|5|9|9|9|9|9|9|9
15014,4,True,1,10,5,1|1|5|5|5|1|5|5|5|1
15039,6,False,6,3,6,6|6|3|2|6|6|0|6|6|6
15040,6,False,6,6,-1,2|6|2|2|6|2|8|6|6|7
15052,6,False,6,4,6,8|8|6|6|8|8|6|6|6|6
15055,3,True,7,10,7,7|7|7|7|7|7|8|7|7|7
15082,9,False,9,3,9,5|5|9|9|9|9|9|9|5|9
15085,9,False,9,9,5,5|1|5|5|5|9|5|5|5|5
15095,1,True,4,10,4,4|4|3|4|4|4|7|4|4|7
15096,5,True,9,10,9,9|9|9|9|9|9|9|9|9|9
15103,2,True,5,10,7,7|7|7|7|7|4|7|7|7|7
15115,6,True,0,10,0,0|0|0|0|0|0|0|0|0|0
15123,9,False,9,3,9,9|5|5|9|9|9|9|9|5|9
15134,2,False,2,2,2,2|2|2|5|2|1|2|2|2|2
15135,1,True,8,9,8,8|8|8|8|8|8|8|8|1|8
15138,1,True,3,10,3,3|3|3|3|5|3|3|3|5|3
15141,9,False,9,2,9,5|9|5|9|9|9|9|9|9|9
15142,5,True,9,9,9,5|9|9|9|9|9|9|9|9|9
15145,3,False,3,0,3,3|3|3|3|3|3|3|3|3|3
15147,0,False,0,6,-1,6|8|8|0|0|1|8|0|0|8
15152,1,True,4,10,4,4|4|4|4|4|4|4|4|4|4
15162,1,False,1,1,1,1|1|1|1|1|1|1|1|2|1
15164,8,False,8,0,8,8|8|8|8|8|8|8|8|8|8
15166,5,False,5,7,3,3|5|3|3|5|1|3|5|3|1
15184,2,False,2,7,4,4|4|2|4|4|9|4|2|4|2
15185,6,False,6,3,6,8|8|6|6|6|6|6|6|6|8
15203,4,False,4,1,4,4|4|7|4|4|4|4|4|4|4
15204,5,True,9,8,9,9|5|9|9|9|9|9|9|5|9
15206,1,True,8,6,1,1|1|2|5|5|1|8|9|2|1
15207,1,True,5,10,3,3|5|5|3|5|3|3|3|3|3
15212,2,False,2,4,2,4|2|2|2|2|4|2|2|4|4
15226,1,True,3,10,3,3|0|3|6|9|6|3|3|3|3
15229,5,False,5,4,5,3|4|5|5|5|1|3|5|5|5
15230,2,False,2,2,2,4|2|2|2|2|4|2|2|2|2
15237,8,False,8,0,8,8|8|8|8|8|8|8|8|8|8
15243,4,False,4,1,4,4|4|4|4|7|4|4|4|4|4
15246,1,True,3,10,-1,3|5|3|3|5|3|5|5|5|3
15248,2,True,1,8,1,1|1|1|1|1|1|1|2|2|1
15254,4,False,4,0,4,4|4|4|4|4|4|4|4|4|4
15271,7,False,7,1,7,7|7|7|2|7|7|7|7|7|7
15278,1,True,3,10,5,3|3|5|3|5|3|5|5|5|5
15283,9,True,7,10,7,7|7|7|7|7|3|7|4|7|7
15285,2,False,2,1,2,2|2|2|2|2|9|2|2|2|2
15295,2,True,1,7,1,1|2|2|1|1|1|1|2|1|1
15296,7,False,7,0,7,7|7|7|7|7|7|7|7|7|7
15318,6,True,0,10,0,0|0|0|0|0|0|0|0|0|0
15350,9,False,9,0,9,9|9|9|9|9|9|9|9|9|9
15363,1,False,1,10,5,5|5|5|9|5|9|9|5|5|5
15377,4,False,4,0,4,4|4|4|4|4|4|4|4|4|4
15421,1,True,3,10,3,3|3|3|3|3|3|3|3|3|3
15429,8,False,8,0,8,8|8|8|8|8|8|8|8|8|8
15430,2,False,2,3,2,2|2|2|9|2|9|2|2|2|9
15433,7,False,7,1,7,7|7|7|4|7|7|7|7|7|7
15440,8,True,6,9,6,8|6|6|6|6|6|6|6|6|6
15441,4,False,4,1,4,4|4|3|4|4|4|4|4|4|4
15458,6,False,6,1,6,6|6|6|6|6|6|6|6|6|7
15459,9,True,7,9,7,7|7|7|7|7|7|7|9|7|7
15472,7,False,7,1,7,7|7|5|7|7|7|7|7|7|7
15505,8,True,2,10,9,5|9|5|9|9|9|9|9|9|9
15547,4,True,7,8,7,7|4|3|7|7|4|7|7|7|7
15549,2,True,5,10,5,3|5|5|5|5|3|3|5|5|5
15556,1,True,5,9,5,5|5|5|5|5|1|5|5|5|5
15573,8,False,8,0,8,8|8|8|8|8|8|8|8|8|8
15580,0,False,0,3,0,0|0|0|8|0|1|8|0|0|0
15601,2,True,1,9,1,1|1|1|1|5|1|1|2|5|1
15609,5,True,1,7,1,1|1|1|5|5|1|1|5|1|1
15623,0,False,0,0,0,0|0|0|0|0|0|0|0|0|0
15628,0,False,0,0,0,0|0|0|0|0|0|0|0|0|0
15641,1,True,3,9,3,3|2|3|3|9|1|3|3|3|3
15642,3,False,3,5,3,3|4|7|7|9|4|3|3|3|3
15649,0,True,2,10,4,4|2|4|4|4|4|1|2|4|4
15650,7,True,6,10,0,8|8|0|0|2|1|8|0|0|0
15651,6,False,6,0,6,6|6|6|6|6|6|6|6|6|6
15659,3,False,3,3,3,3|5|5|5|3|3|3|3|3|3
15681,1,True,8,10,8,8|8|8|8|8|8|8|8|8|8
15702,9,True,1,9,1,8|1|8|8|5|1|9|1|2|1
15714,1,True,3,10,3,3|3|5|3|5|3|3|3|3|5
15730,4,False,4,7,2,4|4|2|4|2|7|2|2|2|2
15749,5,True,1,9,1,1|1|1|1|5|1|1|2|1|1
15789,4,True,2,7,2,4|2|2|2|2|4|2|2|4|2
15804,8,True,6,10,6,6|6|6|6|6|6|6|6|6|6
15809,1,False,1,5,1,5|1|5|5|5|1|1|2|1|1
15814,1,False,1,1,1,1|1|1|1|5|1|1|1|1|1
15818,3,False,3,4,3,5|3|4|3|4|3|3|3|4|3
15846,8,True,6,6,6,8|6|6|6|6|8|6|8|8|6
15849,1,True,5,9,5,5|5|5|5|5|1|5|5|5|5
15871,0,False,0,0,0,0|0|0|0|0|0|0|0|0|0
15881,3,True,7,8,7,7|7|3|3|7|7|7|7|7|7
15883,1,False,1,4,1,1|1|2|1|2|1|1|2|2|1
15884,6,True,0,10,0,0|0|0|0|0|0|0|0|0|0
15902,7,True,6,9,3,3|6|3|3|7|3|3|3|3|3
15903,1,False,1,2,1,1|1|1|1|5|1|0|1|1|1
15912,3,False,3,1,3,3|3|3|3|3|3|3|3|5|3
15933,7,False,7,0,7,7|7|7|7|7|7|7|7|7|7
15936,5,True,9,8,9,5|9|5|9|9|9|9|9|9|9
15976,5,True,9,9,9,9|9|9|9|9|9|9|9|5|9
16000,7,False,7,1,7,7|4|7|7|7|7|7|7|7|7
16016,9,False,9,0,9,9|9|9|9|9|9|9|9|9|9
16020,1,True,4,10,4,4|4|4|4|4|4|4|4|4|4
16028,2,False,2,2,2,2|2|2|9|2|9|2|2|2|2
16030,2,False,2,2,2,2|2|2|2|2|9|2|2|4|2
16032,7,False,7,2,7,7|7|3|7|7|7|7|7|3|7
16040,4,True,7,9,7,7|7|5|7|1|7|7|4|7|7
16042,1,True,8,10,8,8|8|8|8|8|8|8|8|8|8
16062,6,False,6,0,6,6|6|6|6|6|6|6|6|6|6
16067,6,False,6,3,6,6|6|6|6|8|8|6|6|6|7
16078,5,True,9,9,9,9|5|9|9|9|9|9|9|9|9
16080,9,True,2,8,2,2|2|2|2|2|9|3|9|2|2
16097,7,True,6,10,6,6|6|6|6|6|6|6|6|6|6
16107,9,False,9,6,5,5|5|5|9|5|9|9|9|5|5
16114,7,False,7,1,7,7|7|3|7|7|7|7|7|7|7
16130,3,False,3,5,3,3|3|7|7|2|7|3|3|3|7
16133,1,False,1,10,9,5|9|5|9|9|9|9|9|5|9
16138,3,True,7,10,7,7|7|7|7|7|9|7|7|7|7
16150,1,True,5,9,5,5|5|5|5|5|1|5|5|5|5
16154,3,False,3,1,3,3|3|3|3|5|3|3|3|3|3
16157,3,False,3,10,5,4|1|5|5|5|1|1|5|5|5
16161,1,True,8,10,8,8|8|8|8|8|8|8|8|8|8
16205,9,False,9,6,5,5|9|5|5|9|9|5|9|5|1
16208,2,False,2,3,2,2|2|2|2|2|9|8|2|4|2
16223,1,False,1,9,9,5|1|9|9|9|9|9|5|5|9
16224,9,True,7,10,7,7|7|7|7|7|7|7|7|7|7
16226,9,False,9,4,9,5|5|5|9|9|9|9|9|5|9
16227,7,False,7,0,7,7|7|7|7|7|7|7|7|7|7
16230,0,False,0,0,0,0|0|0|0|0|0|0|0|0|0
16245,6,True,0,10,0,0|0|0|0|0|0|0|0|0|0
16249,2,False,2,2,2,1|2|2|2|2|9|2|2|2|2
16251,4,True,7,10,7,7|7|3|7|7|7|7|7|7|7
16253,0,False,0,0,0,0|0|0|0|0|0|0|0|0|0
16273,3,False,3,3,3,3|3|3|5|9|1|3|3|3|3
16306,2,False,2,0,2,2|2|2|2|2|2|2|2|2|2
16339,3,False,3,1,3,3|3|3|3|3|3|3|3|2|3
16362,9,False,9,3,9,9|5|5|9|9|9|9|9|5|9
16364,3,False,3,4,3,4|3|3|6|5|3|3|3|3|7
16411,3,False,3,0,3,3|3|3|3|3|3|3|3|3|3
16423,0,False,0,0,0,0|0|0|0|0|0|0|0|0|0
16428,1,False,1,2,1,1|1|1|1|5|1|1|5|1|1
16436,5,False,5,0,5,5|5|5|5|5|5|5|5|5|5
16437,1,False,1,2,1,1|1|1|1|5|1|1|2|1|1
16438,1,True,3,10,3,3|3|3|3|3|3|3|3|7|3
16444,5,False,5,1,5,5|5|5|5|5|1|5|5|5|5
16454,9,False,9,1,9,5|9|9|9|9|9|9|9|9|9
16460,0,False,0,1,0,6|0|0|0|0|0|0|0|0|0
16463,1,True,4,10,4,4|4|4|4|4|4|4|4|4|4
16465,4,False,4,0,4,4|4|4|4|4|4|4|4|4|4
16469,5,False,5,2,5,5|5|5|5|5|1|3|5|5|5
16474,1,False,1,3,1,1|1|1|1|5|5|1|2|1|1
16478,6,False,6,4,6,8|6|6|6|6|8|6|6|8|8
16479,1,True,8,10,8,8|8|8|8|8|8|8|8|8|8
16480,5,True,9,9,9,9|5|9|9|9|9|9|9|9|9
16489,6,False,6,0,6,6|6|6|6|6|6|6|6|6|6
16492,4,False,4,10,0,0|0|0|0|0|0|0|0|0|0
16494,2,True,5,10,3,5|3|3|3|3|3|3|3|3|3
16502,3,False,3,8,6,6|6|6|6|6|6|3|3|6|6
16511,6,True,0,10,0,0|0|0|0|0|0|0|0|0|0
16518,4,False,4,7,8,4|8|8|8|4|1|0|4|8|8
16519,9,False,9,8,0,0|1|8|5|0|1|9|0|0|9
16524,5,False,5,1,5,5|5|5|5|5|1|5|5|5|5
16527,4,False,4,5,4,4|4|0|0|4|1|0|4|0|4
16541,0,False,0,0,0,0|0|0|0|0|0|0|0|0|0
16549,1,False,1,9,5,5|5|5|5|5|5|1|5|5|5
16553,6,True,0,10,0,0|0|0|0|0|0|0|0|0|0
16561,1,True,3,10,3,3|3|3|3|3|3|3|3|3|3
16570,5,True,2,10,0,0|4|2|0|2|9|0|2|4|0
16574,7,True,6,8,6,6|6|6|6|6|7|6|6|7|6
16579,0,False,0,0,0,0|0|0|0|0|0|0|0|0|0
16593,2,False,2,8,0,0|0|0|0|2|0|0|2|0|0
16596,0,False,0,9,8,8|1|8|8|8|8|8|0|8|8
16605,4,False,4,0,4,4|4|4|4|4|4|4|4|4|4
16606,6,False,6,1,6,8|6|6|6|6|6|6|6|6|6
16641,9,False,9,6,5,5|9|5|5|5|9|1|9|9|5
16649,1,True,8,10,8,8|8|8|8|8|0|8|0|0|8
16651,8,False,8,0,8,8|8|8|8|8|8|8|8|8|8
16665,7,False,7,0,7,7|7|7|7|7|7|7|7|7|7
16677,0,False,0,1,0,6|0|0|0|0|0|0|0|0|0
16678,9,True,2,10,6,6|6|8|6|6|6|6|6|6|6
16688,4,True,9,10,9,9|9|9|9|9|9|9|9|9|9
16699,9,False,9,8,5,5|5|5|9|5|9|5|5|5|1
16700,8,False,8,0,8,8|8|8|8|8|8|8|8|8|8
16704,0,False,0,0,0,0|0|0|0|0|0|0|0|0|0
16706,7,False,7,5,7,7|4|7|0|0|7|0|7|4|7
16708,5,True,9,8,9,5|9|5|9|9|9|9|9|9|9
16709,1,True,4,10,4,4|4|3|4|4|4|4|4|4|4
16711,1,False,1,1,1,1|1|1|1|1|1|1|2|1|1
16714,1,True,3,10,3,3|3|3|3|3|3|3|3|3|3
16733,0,False,0,9,8,8|1|8|8|8|8|8|0|8|8
16746,1,True,3,10,3,3|3|3|3|3|3|3|3|3|3
16748,2,True,5,10,5,5|5|5|5|5|1|5|5|5|5
16750,7,False,7,2,7,7|7|7|7|7|7|7|7|3|3
16754,3,False,3,0,3,3|3|3|3|3|3|3|3|3|3
16755,1,False,1,6,5,5|5|1|5|5|1|1|5|5|1
16759,1,True,3,10,6,3|6|7|6|6|6|6|6|6|6
16763,9,True,0,4,9,9|0|9|0|9|7|9|9|1|9
16769,9,False,9,1,9,5|9|9|9|9|9|9|9|9|9
16797,5,False,5,6,5,5|2|2|5|2|1|3|7|5|5
16799,1,True,5,9,5,5|5|5|5|5|1|5|5|5|5
16807,2,False,2,6,0,0|0|0|2|0|7|2|0|2|2
16808,3,False,3,3,3,3|9|3|3|3|3|3|3|2|2
16815,7,False,7,0,7,7|7|7|7|7|7|7|7|7|7
16850,8,True,1,10,1,1|1|1|1|5|1|1|1|1|1
16854,3,True,7,10,7,7|7|7|7|7|7|7|7|7|7
16858,4,False,4,0,4,4|4|4|4|4|4|4|4|4|4
16861,1,True,8,9,8,8|8|8|8|8|1|8|8|8|8
16869,3,False,3,8,-1,4|0|8|0|4|1|8|3|1|3
16906,5,True,2,10,2,2|2|2|2|2|9|2|2|2|2
16910,5,True,9,10,9,9|9|9|9|9|9|9|9|9|9
16918,6,True,0,10,0,0|0|0|0|0|0|0|0|0|0
16920,6,True,0,10,0,0|0|0|0|0|0|0|0|0|0
16931,5,False,5,2,5,5|5|5|5|5|1|5|5|3|5
16941,7,False,7,0,7,7|7|7|7|7|7|7|7|7|7
16961,1,True,4,10,4,4|4|4|4|4|4|4|4|4|4
16969,1,True,5,9,5,5|5|5|5|5|1|5|5|5|5
16982,6,False,6,8,7,7|6|4|7|7|4|8|6|3|7
16988,8,False,8,0,8,8|8|8|8|8|8|8|8|8|8
16991,1,True,8,10,8,8|8|8|8|8|8|8|8|8|8
16999,9,False,9,3,9,5|5|5|9|9|9|9|9|9|9
17014,1,False,1,4,1,1|1|1|8|2|1|1|2|5|1
17018,3,False,3,0,3,3|3|3|3|3|3|3|3|3|3
17019,6,False,6,1,6,6|6|6|6|6|6|6|6|7|6
17042,9,False,9,6,5,5|1|5|5|5|9|9|9|5|9
17066,8,False,8,0,8,8|8|8|8|8|8|8|8|8|8
17071,6,True,0,10,0,1|0|0|0|2|1|0|0|2|0
17085,2,False,2,1,2,2|2|2|2|2|7|2|2|2|2
17090,9,False,9,1,9,9|5|9|9|9|9|9|9|9|9
17095,7,False,7,1,7,7|7|7|7|0|7|7|7|7|7
17098,3,False,3,5,3,5|5|5|3|5|3|3|3|3|1
17122,2,False,2,1,2,2|2|2|2|2|9|2|2|2|2
17128,1,False,1,10,9,9|9|5|9|9|9|9|9|5|5
17136,1,False,1,2,1,1|1|1|1|5|1|1|2|1|1
17153,6,False,6,1,6,6|6|6|6|6|6|6|6|7|6
17154,0,False,0,0,0,0|0|0|0|0|0|0|0|0|0
17160,3,True,7,10,7,7|7|7|7|7|7|7|7|7|7
17161,4,False,4,1,4,4|4|4|4|4|4|4|4|2|4
17174,0,False,0,0,0,0|0|0|0|0|0|0|0|0|0
17175,2,True,5,10,5,5|3|1|5|3|3|5|3|5|5
17179,4,False,4,6,4,4|4|2|4|2|1|0|8|8|4
17185,8,True,2,10,2,2|2|2|2|2|9|2|2|2|2
17190,5,False,5,10,3,3|3|0|0|3|7|3|0|0|3
17196,0,False,0,0,0,0|0|0|0|0|0|0|0|0|0
17210,8,False,8,0,8,8|8|8|8|8|8|8|8|8|8
17212,2,False,2,3,2,2|2|2|0|5|2|3|2|2|2
17215,9,False,9,4,9,5|5|9|9|5|9|9|9|5|9
17220,1,True,8,10,8,8|8|8|8|8|8|8|8|8|8
17239,9,True,2,10,2,2|2|2|2|2|4|2|2|2|2
17240,5,True,9,10,9,9|9|9|9|9|9|9|9|9|9
17241,9,False,9,3,9,5|5|9|9|9|9|9|9|5|9
17242,9,True,7,10,7,7|7|3|7|7|7|3|7|3|7
17247,0,False,0,0,0,0|0|0|0|0|0|0|0|0|0
17256,3,True,7,7,7,7|7|3|7|7|7|7|3|7|3
17263,9,False,9,2,9,7|9|5|9|9|9|9|9|9|9
17265,5,False,5,0,5,5|5|5|5|5|5|5|5|5|5
17275,5,True,1,9,1,1|1|2|0|5|1|6|1|8|8
17283,6,False,6,7,7,7|6|7|6|7|7|6|7|7|7
17299,4,False,4,6,7,1|7|7|4|7|4|7|4|4|7
17320,4,True,2,9,2,4|2|0|2|2|2|2|2|2|2
17334,1,False,1,2,1,1|1|1|1|5|1|1|5|1|1
17345,1,True,8,10,8,8|8|8|8|8|8|8|8|8|8
17350,5,True,4,10,4,4|4|4|4|4|4|4|4|4|4
17353,6,True,0,9,0,0|0|0|0|0|6|0|0|8|0
17354,2,True,5,10,-1,3|3|5|3|5|3|3|5|5|5
17372,6,False,6,2,6,6|6|7|6|6|7|6|6|6|6
17379,4,True,2,10,2,2|2|2|2|2|2|2|2|2|2
17411,7,False,7,0,7,7|7|7|7|7|7|7|7|7|7
17436,7,False,7,9,-1,1|1|5|3|5|4|3|7|3|5
17449,3,False,3,4,3,5|3|3|3|1|3|3|3|5|2
17451,1,True,3,9,3,3|3|3|3|3|3|3|3|3|1
17462,7,False,7,8,9,9|9|9|9|9|9|9|7|7|9
17470,5,True,9,10,9,9|9|9|9|9|9|9|9|9|9
17471,1,False,1,7,8,8|1|8|8|8|1|8|8|1|8
17474,2,True,1,8,1,1|1|1|1|2|1|1|2|1|1
17478,1,True,3,10,3,3|3|3|3|3|3|3|3|3|3
17493,5,False,5,3,5,5|2|2|5|5|1|5|5|5|5
17501,5,False,5,1,5,5|5|5|5|5|1|5|5|5|5
17505,3,False,3,0,3,3|3|3|3|3|3|3|3|3|3
17529,3,False,3,0,3,3|3|3|3|3|3|3|3|3|3
17538,8,True,2,10,2,2|2|2|2|2|4|2|2|2|2
17546,4,False,4,3,4,4|4|2|4|4|4|8|4|4|7
17555,7,True,6,10,6,6|6|6|6|6|8|6|6|6|6
17562,6,False,6,1,6,6|6|8|6|6|6|6|6|6|6
17563,3,True,7,8,7,7|7|5|2|2|7|3|3|7|7
17564,3,True,7,7,7,7|3|3|3|9|7|7|7|7|7
17580,1,False,1,3,1,1|1|1|1|2|1|1|2|2|1
17587,4,True,7,8,7,7|2|7|7|7|7|7|4|4|7
17592,8,False,8,0,8,8|8|8|8|8|8|8|8|8|8
17603,6,False,6,0,6,6|6|6|6|6|6|6|6|6|6
17605,7,False,7,9,3,3|3|3|3|4|3|3|7|5|3
17614,3,False,3,0,3,3|3|3|3|3|3|3|3|3|3
17623,4,False,4,1,4,4|4|3|4|4|4|4|4|4|4
17625,8,False,8,3,8,8|9|8|8|5|8|1|8|8|8
17627,7,False,7,1,7,7|7|7|7|7|7|7|7|3|7
17628,1,True,8,10,0,0|8|6|8|0|0|0|0|0|8
17630,1,True,8,10,8,8|8|8|8|8|8|8|8|8|8
17635,1,True,4,10,4,4|4|4|4|4|4|4|4|4|4
17643,6,True,7,10,7,7|7|3|3|3|7|7|7|3|7
17645,5,False,5,7,3,3|3|3|3|5|1|3|5|5|1
17655,3,False,3,0,3,3|3|3|3|3|3|3|3|3|3
17661,1,True,3,10,3,3|3|3|3|3|3|3|3|3|3
17665,5,False,5,2,5,1|5|5|5|5|1|5|5|5|5
17666,5,True,1,6,1,5|1|5|5|2|1|5|1|1|1
17686,4,False,4,0,4,4|4|4|4|4|4|4|4|4|4
17691,7,True,6,10,6,6|6|6|6|6|6|6|6|6|6
17707,4,False,4,7,0,1|4|0|0|4|0|0|4|0|3
17729,8,False,8,7,0,6|8|8|8|0|1|0|0|0|0
17756,5,False,5,3,5,5|5|5|5|5|1|3|5|3|5
17757,2,False,2,2,2,2|2|2|0|2|9|2|2|2|2
17758,1,True,8,10,8,8|8|8|8|8|8|8|8|8|8
17761,2,False,2,6,-1,5|5|2|5|2|1|5|2|6|2
17769,9,True,2,9,2,2|2|2|2|2|9|2|2|2|2
17770,1,True,4,10,4,4|4|4|4|4|4|0|4|4|4
17777,4,False,4,0,4,4|4|4|4|4|4|4|4|4|4
17787,4,False,4,7,3,3|4|3|3|0|3|3|4|3|4
17795,2,True,5,8,5,5|2|5|5|5|5|3|5|2|5
17804,7,False,7,2,7,7|7|3|7|7|7|7|7|2|7
17807,7,False,7,4,7,7|7|7|5|9|7|9|7|3|7
17814,3,False,3,0,3,3|3|3|3|3|3|3|3|3|3
17821,3,False,3,0,3,3|3|3|3|3|3|3|3|3|3
17827,9,False,9,0,9,9|9|9|9|9|9|9|9|9|9
17829,0,False,0,1,0,8|0|0|0|0|0|0|0|0|0
17832,0,True,2,0,0,0|0|0|0|0|0|0|0|0|0
17835,3,False,3,4,3,5|5|3|3|5|3|3|3|3|5
17838,6,True,0,10,0,0|0|0|0|0|0|0|0|0|0
17841,1,True,3,10,3,3|3|3|3|3|3|3|3|3|5
17851,9,True,2,9,2,2|2|2|2|2|9|2|2|2|2
17879,3,False,3,3,3,3|3|3|2|9|7|3|3|3|3
17895,9,False,9,0,9,9|9|9|9|9|9|9|9|9|9
17905,9,False,9,2,9,5|5|9|9|9|9|9|9|9|9
17911,7,False,7,0,7,7|7|7|7|7|7|7|7|7|7
17912,1,True,3,10,3,3|3|3|3|3|3|3|3|5|3
17923,8,False,8,0,8,8|8|8|8|8|8|8|8|8|8
17950,1,False,1,2,1,5|1|1|1|5|1|1|1|1|1
17963,6,True,0,10,0,0|0|0|0|0|0|0|0|0|0
17967,4,False,4,0,4,4|4|4|4|4|4|4|4|4|4
17981,9,True,2,9,5,5|3|5|5|7|7|2|5|3|9
17987,5,True,9,7,9,5|5|9|9|9|9|9|9|5|9
17994,0,False,0,0,0,0|0|0|0|0|0|0|0|0|0
18008,4,False,4,3,4,4|4|5|9|4|4|1|4|4|4
18013,0,False,0,1,0,0|0|0|0|0|1|0|0|0|0
18025,6,False,6,2,6,6|6|6|6|8|6|6|8|6|6
18030,9,False,9,7,5,5|5|5|5|9|9|5|2|5|9
18043,4,False,4,2,4,4|4|4|4|4|7|8|4|4|4
18050,6,False,6,1,6,6|6|6|6|6|6|6|6|7|6
18057,2,True,1,9,1,1|1|1|1|5|1|1|2|1|1
18080,0,False,0,0,0,0|0|0|0|0|0|0|0|0|0
18084,2,False,2,2,2,2|2|2|2|2|4|2|2|2|9
18102,6,True,0,10,0,0|0|0|0|0|0|0|0|0|0
18105,6,True,0,10,0,0|0|0|0|0|0|0|0|0|0
18107,1,True,8,10,8,8|8|8|8|8|8|8|8|8|8
18112,1,True,8,10,8,8|8|8|8|8|8|8|8|8|8
18139,7,False,7,0,7,7|7|7|7|7|7|7|7|7|7
18177,8,False,8,3,8,5|8|8|8|5|8|1|8|8|8
18187,3,False,3,8,5,3|5|5|5|9|9|0|3|2|5
18193,8,False,8,0,8,8|8|8|8|8|8|8|8|8|8
18204,2,False,2,0,2,2|2|2|2|2|2|2|2|2|2
18222,1,True,3,9,5,5|5|5|5|5|1|3|5|3|5
18234,2,False,2,0,2,2|2|2|2|2|2|2|2|2|2
18245,1,True,5,9,5,5|3|5|5|5|1|5|5|5|5
18253,1,True,8,10,8,8|8|8|8|8|8|8|8|8|8
18260,9,False,9,6,5,5|5|5|9|5|9|5|9|5|9
18295,8,False,8,8,0,0|8|0|8|0|0|0|0|0|0
18301,5,True,9,5,-1,5|9|5|9|5|9|9|5|5|9
18302,0,False,0,0,0,0|0|0|0|0|0|0|0|0|0
18305,8,False,8,0,8,8|8|8|8|8|8|8|8|8|8
18309,6,False,6,1,6,6|6|6|6|6|6|6|6|8|6
18310,9,False,9,10,5,5|5|5|5|5|1|5|5|5|5
18314,4,False,4,2,4,4|4|4|4|5|4|4|4|3|4
18327,1,True,8,8,8,8|8|8|8|8|8|1|8|1|8
18328,0,True,2,10,2,4|2|2|5|2|4|2|2|2|2
18333,2,True,1,9,1,1|1|1|1|1|1|1|2|1|1
18339,7,False,7,0,7,7|7|7|7|7|7|7|7|7|7
18350,7,False,7,2,7,7|7|7|3|7|7|7|7|4|7
18355,5,True,9,9,9,5|9|9|9|9|9|9|9|9|9
18356,3,False,3,7,5,5|5|5|5|5|3|3|3|5|5
18366,1,True,3,10,3,3|3|3|4|3|4|3|3|4|3
18385,5,True,2,10,2,2|2|2|2|2|2|2|2|2|2
18397,8,False,8,0,8,8|8|8|8|8|8|8|8|8|8
18407,8,True,6,10,6,6|6|6|6|6|6|6|6|6|6
18411,7,False,7,0,7,7|7|7|7|7|7|7|7|7|7
18415,1,False,1,0,1,1|1|1|1|1|1|1|1|1|1
18437,4,False,4,0,4,4|4|4|4|4|4|4|4|4|4
18453,5,True,9,10,9,9|9|9|9|9|9|9|9|9|9
18459,5,False,5,7,3,5|3|5|3|5|3|3|3|3|3
18462,1,True,3,10,3,3|3|3|3|3|3|3|3|3|3
18469,3,False,3,3,3,7|3|3|3|3|7|3|3|7|3
18474,3,False,3,0,3,3|3|3|3|3|3|3|3|3|3
18493,4,False,4,0,4,4|4|4|4|4|4|4|4|4|4
18503,2,False,2,2,2,2|2|2|2|2|9|2|2|7|2
18510,2,False,2,1,2,2|2|2|2|2|9|2|2|2|2
18513,9,False,9,0,9,9|9|9|9|9|9|9|9|9|9
18538,0,False,0,0,0,0|0|0|0|0|0|0|0|0|0
18543,6,False,6,0,6,6|6|6|6|6|6|6|6|6|6
18563,5,False,5,1,5,5|5|5|5|5|1|5|5|5|5
18570,1,True,3,10,2,4|4|3|3|2|9|2|5|2|2
18574,2,True,5,8,4,4|4|4|4|4|5|4|2|4|2
18577,3,True,7,10,7,7|7|7|7|7|7|7|7|7|7
18581,2,True,5,10,3,4|3|3|3|3|3|3|3|3|3
18586,2,False,2,1,2,2|2|2|2|2|4|2|2|2|2
18650,2,False,2,1,2,4|2|2|2|2|2|2|2|2|2
18673,1,True,3,8,5,5|1|5|5|5|1|5|5|5|5
18675,8,False,8,0,8,8|8|8|8|8|8|8|8|8|8
18688,7,False,7,0,7,7|7|7|7|7|7|7|7|7|7
18699,1,True,4,10,4,4|4|4|4|4|4|4|4|4|4
18701,9,True,7,9,7,7|7|7|7|7|7|7|9|7|7
18702,2,True,1,9,8,8|8|8|8|8|8|1|2|8|1
18721,2,True,5,10,5,5|5|5|5|5|1|5|5|5|5
18726,1,True,8,10,8,8|8|8|8|8|8|8|8|8|8
18727,9,True,2,10,-1,6|2|8|4|4|4|2|2|2|4
18749,9,False,9,1,9,9|9|5|9|9|9|9|9|9|9
18754,1,False,1,2,1,1|1|1|1|1|1|1|2|2|1
18768,0,False,0,0,0,0|0|0|0|0|0|0|0|0|0
18777,8,False,8,0,8,8|8|8|8|8|8|8|8|8|8
18816,8,True,6,9,6,6|6|6|8|6|6|6|6|6|6
18818,1,True,4,10,4,4|4|4|4|7|4|4|4|4|7
18819,2,False,2,5,2,2|2|2|0|2|7|0|2|6|0
18840,8,False,8,0,8,8|8|8|8|8|8|8|8|8|8
18847,0,False,0,0,0,0|0|0|0|0|0|0|0|0|0
18848,8,False,8,0,8,8|8|8|8|8|8|8|8|8|8
18868,2,True,6,10,6,8|6|6|6|6|6|8|6|6|6
18880,2,False,2,2,2,2|2|2|2|2|4|2|2|4|2
18884,6,False,6,1,6,6|6|6|6|6|7|6|6|6|6
18888,9,True,2,10,2,2|2|2|2|2|4|2|2|2|2
18899,9,False,9,6,-1,5|1|5|9|9|9|5|9|5|1
18904,8,True,6,9,6,6|6|8|6|6|6|6|6|7|6
18910,6,False,6,3,6,6|6|8|6|6|8|6|6|7|6
18916,7,False,7,3,7,7|3|3|7|7|4|7|7|7|7
18922,7,False,7,0,7,7|7|7|7|7|7|7|7|7|7
18928,5,False,5,7,-1,3|3|5|3|5|4|2|5|2|1
18931,4,False,4,0,4,4|4|4|4|4|4|4|4|4|4
18938,9,True,7,9,7,7|7|7|7|7|7|7|9|7|7
18947,9,False,9,0,9,9|9|9|9|9|9|9|9|9|9
18953,6,True,0,10,0,0|0|0|0|0|0|0|0|0|0
18955,6,True,0,10,0,0|0|0|0|0|0|0|0|0|0
18962,2,True,5,8,5,5|3|5|5|5|5|5|2|2|5
18963,5,True,9,8,9,5|5|9|9|9|9|9|9|9|9
18986,5,False,5,5,5,3|3|5|5|5|1|5|5|6|1
18996,1,True,8,10,8,8|8|8|8|8|8|8|8|8|8
18997,7,False,7,1,7,7|7|7|7|7|4|7|7|7|7
19008,7,False,7,0,7,7|7|7|7|7|7|7|7|7|7
19029,5,False,5,2,5,5|5|5|5|5|1|3|5|5|5
19043,1,True,4,10,4,4|4|4|4|4|4|4|4|4|4
19063,8,True,1,9,1,2|2|8|1|5|1|1|0|2|1
19074,9,True,7,10,7,7|7|3|7|7|7|7|7|7|7
19091,4,True,2,9,2,2|2|2|2|2|4|2|2|2|2
19094,6,True,0,10,0,0|0|0|0|0|0|0|0|0|0
19099,3,False,3,3,3,3|4|3|0|3|3|3|0|3|3
19102,1,True,8,10,8,8|8|8|8|8|8|8|8|8|8
19105,5,False,5,1,5,5|5|5|5|5|1|5|5|5|5
19107,8,True,6,6,6,8|6|6|6|8|6|8|6|6|8
19116,6,True,0,9,8,3|7|8|8|6|7|8|0|0|3
19141,1,True,8,10,8,0|8|8|8|8|0|0|8|8|0
19163,0,True,2,10,3,3|3|4|2|2|3|3|2|2|3
19171,1,True,8,9,8,8|8|8|8|8|1|8|8|8|8
19172,8,False,8,0,8,8|8|8|8|8|8|8|8|8|8
19182,1,True,5,9,5,2|5|5|5|5|1|5|5|5|5
19190,9,False,9,6,5,5|9|5|5|5|9|9|9|5|5
19199,5,True,9,9,9,9|5|9|9|9|9|9|9|9|9
19218,2,False,2,4,2,2|4|2|4|2|4|2|2|2|4
19250,7,False,7,0,7,7|7|7|7|7|7|7|7|7|7
19255,3,False,3,5,3,3|5|5|3|5|1|3|3|3|1
19258,2,False,2,1,2,2|2|2|2|2|9|2|2|2|2
19264,2,True,4,9,4,4|4|4|4|4|4|4|2|4|4
19270,2,False,2,9,6,7|6|6|6|6|6|6|2|6|6
19274,1,True,5,9,5,5|5|5|5|5|1|5|5|5|5
19293,5,False,5,6,3,3|5|5|3|5|3|3|3|5|3
19302,9,False,9,1,9,5|9|9|9|9|9|9|9|9|9
19322,8,True,6,10,6,6|6|6|6|6|6|6|6|6|6
19327,3,False,3,0,3,3|3|3|3|3|3|3|3|3|3
19331,4,False,4,1,4,4|4|2|4|4|4|4|4|4|4
19341,1,False,1,2,1,1|1|1|1|5|1|1|5|1|1
19345,7,True,4,10,4,4|4|4|4|4|4|4|4|4|4
19346,3,True,7,8,7,7|7|2|3|7|5|7|3|7|7
19351,5,True,1,3,5,5|1|2|5|5|5|5|2|5|5
19369,5,True,9,5,5,5|1|1|5|5|9|1|5|5|9
19370,6,True,0,10,4,4|4|2|4|4|4|4|4|4|4
19381,1,True,3,9,3,3|5|3|3|3|3|3|5|5|1
19384,2,False,2,1,2,2|2|2|2|2|4|2|2|2|2
19388,3,False,3,9,6,6|6|7|6|4|3|6|7|6|6
19419,8,True,6,4,8,8|8|6|6|8|8|6|6|8|8
19432,9,False,9,0,9,9|9|9|9|9|9|9|9|9|9
19435,9,True,2,10,4,4|1|2|4|4|4|1|4|4|4
19437,2,True,5,9,-1,3|5|3|5|2|1|3|5|5|3
19442,9,False,9,0,9,9|9|9|9|9|9|9|9|9|9
19445,0,False,0,0,0,0|0|0|0|0|0|0|0|0|0
19451,6,False,6,3,6,2|6|8|6|6|6|6|8|6|6
19490,5,True,1,7,1,1|1|5|1|5|1|1|5|1|1
19502,8,False,8,1,8,0|8|8|8|8|8|8|8|8|8
19506,1,True,5,9,5,5|5|5|5|5|1|5|5|5|5
19511,6,False,6,0,6,6|6|6|6|6|6|6|6|6|6
19514,3,False,3,0,3,3|3|3|3|3|3|3|3|3|3
19515,1,True,5,10,3,3|3|8|3|3|3|3|3|3|6
19533,5,True,1,7,1,5|1|1|1|5|1|1|5|1|1
19548,4,False,4,0,4,4|4|4|4|4|4|4|4|4|4
19550,1,False,1,3,1,1|1|5|1|5|1|1|5|1|1
19551,9,True,2,10,6,6|4|8|2|4|7|6|2|6|6
19570,1,False,1,2,1,1|1|1|1|2|1|1|2|1|1
19573,6,True,0,10,0,0|0|0|0|0|0|0|0|0|0
19574,5,True,1,7,1,1|1|5|1|5|9|1|2|5|1
19577,1,True,3,10,3,3|3|3|3|9|3|3|3|3|3
19582,9,True,7,10,7,7|7|7|7|7|7|7|7|7|7
19595,1,True,5,9,3,3|3|5|3|3|1|3|5|3|5
19607,3,False,3,9,8,8|8|8|8|8|3|8|8|8|1
19612,1,True,5,9,5,5|3|5|5|5|1|3|5|5|5
19613,3,False,3,7,5,5|5|5|3|5|5|3|5|3|5
19616,5,True,1,3,5,5|1|5|5|5|1|1|5|5|5
19623,5,False,5,7,3,4|3|3|3|5|5|3|5|2|3
19632,6,True,0,10,0,0|0|0|0|0|0|0|0|0|0
19634,6,True,0,9,0,8|6|8|0|0|8|8|0|0|0
19636,4,True,7,8,7,7|7|7|7|7|7|7|4|4|7
19651,9,True,7,9,7,7|7|7|7|7|7|7|9|7|7
19662,6,True,0,10,0,0|0|0|0|0|0|0|0|0|0
19671,9,False,9,4,9,0|0|9|6|9|9|9|9|0|9
19678,5,True,1,9,1,1|1|1|1|5|1|1|1|1|1
19681,3,False,3,1,3,3|3|3|9|3|3|3|3|3|3
19686,2,False,2,7,0,0|0|0|0|2|7|2|2|0|0
19690,5,False,5,10,4,4|4|4|4|4|4|4|4|4|4
19691,4,True,7,10,3,7|3|3|7|7|7|3|3|3|3
19701,6,False,6,0,6,6|6|6|6|6|6|6|6|6|6
19704,4,False,4,1,4,4|4|2|4|4|4|4|4|4|4
19710,1,False,1,4,1,1|1|2|1|2|1|1|2|2|1
19713,8,False,8,0,8,8|8|8|8|8|8|8|8|8|8
19723,1,True,5,9,5,5|5|5|5|5|1|5|5|5|5
19725,1,True,8,10,8,0|8|8|0|8|0|8|8|8|8
19732,7,True,6,10,6,8|8|6|6|6|6|6|6|6|6
19735,5,False,5,5,5,3|2|5|5|5|5|3|5|3|2
19743,0,True,2,9,2,2|2|2|2|2|7|2|0|2|2
19744,7,False,7,0,7,7|7|7|7|7|7|7|7|7|7
19758,4,False,4,2,4,4|4|4|4|6|4|6|4|4|4
19775,8,False,8,0,8,8|8|8|8|8|8|8|8|8|8
19786,5,False,5,5,5,5|0|8|5|2|5|5|8|0|5
19791,9,True,7,9,7,7|7|7|7|7|7|7|9|7|7
19821,7,False,7,0,7,7|7|7|7|7|7|7|7|7|7
19835,2,True,5,9,7,7|3|5|7|3|7|5|5|2|7
19836,8,False,8,0,8,8|8|8|8|8|8|8|8|8|8
19845,2,False,2,1,2,2|2|2|2|2|9|2|2|2|2
19853,3,False,3,2,3,3|3|6|3|3|3|3|3|3|6
19866,5,True,1,8,1,5|1|1|1|5|1|1|1|1|1
19867,5,True,1,7,1,5|1|1|1|5|1|1|5|1|1
19868,2,False,2,1,2,2|2|2|2|2|4|2|2|2|2
19869,1,False,1,10,5,5|5|5|5|5|5|5|5|5|5
19893,9,False,9,0,9,9|9|9|9|9|9|9|9|9|9
19897,1,True,4,10,4,4|4|4|4|4|4|4|4|4|4
19921,1,True,8,10,8,8|8|0|8|8|0|0|8|0|8
19942,0,False,0,0,0,0|0|0|0|0|0|0|0|0|0
19952,4,False,4,0,4,4|4|4|4|4|4|4|4|4|4
19959,6,False,6,7,2,2|2|2|2|6|4|2|6|2|6
19967,8,True,6,10,6,6|6|6|6|6|6|6|6|6|6
19973,7,False,7,0,7,7|7|7|7|7|7|7|7|7|7
19979,1,True,8,10,8,8|8|8|8|8|8|8|8|8|8
19991,1,True,8,10,8,8|8|8|8|8|8|8|8|8|8
20017,1,True,3,10,3,3|3|3|8|3|3|3|3|3|3
20018,7,False,7,1,7,4|7|7|7|7|7|7|7|7|7
20019,2,False,2,1,2,2|2|2|2|2|9|2|2|2|2
20031,5,False,5,0,5,5|5|5|5|5|5|5|5|5|5
20043,1,True,5,10,5,5|2|5|5|2|5|0|5|2|2
20068,5,True,9,9,9,5|9|9|9|9|9|9|9|9|9
20074,5,True,1,8,1,1|1|1|1|5|1|1|5|1|1
20085,4,False,4,10,7,6|6|8|7|7|8|3|7|7|6
20087,5,False,5,1,5,5|5|5|5|5|1|5|5|5|5
20091,3,False,3,0,3,3|3|3|3|3|3|3|3|3|3
20098,8,True,6,10,6,6|6|6|6|6|6|6|6|6|6
20104,6,False,6,1,6,6|6|6|6|6|1|6|6|6|6
20111,3,False,3,6,5,3|5|5|3|5|3|5|3|2|5
20130,9,True,2,10,6,6|6|2|6|6|6|6|2|6|6
20138,2,False,2,1,2,2|2|2|2|2|9|2|2|2|2
20140,1,True,5,9,5,5|5|5|5|5|1|5|3|5|5
20179,7,False,7,1,7,7|7|7|7|7|9|7|7|7|7
20181,9,False,9,1,9,9|0|9|9|9|9|9|9|9|9
20188,0,False,0,0,0,0|0|0|0|0|0|0|0|0|0
20205,6,True,0,10,0,0|0|0|0|0|0|0|0|0|0
20217,0,False,0,9,1,1|8|8|8|8|1|1|0|1|1
20231,9,False,9,3,9,9|1|5|9|9|9|9|9|5|9
20241,9,False,9,0,9,9|9|9|9|9|9|9|9|9|9
20244,1,False,1,5,1,1|1|1|0|2|1|1|2|2|0
20256,6,True,0,10,0,8|8|0|0|0|0|0|0|0|0
20288,8,False,8,0,8,8|8|8|8|8|8|8|8|8|8
20296,9,False,9,1,9,5|9|9|9|9|9|9|9|9|9
20318,9,True,2,9,2,2|2|2|2|2|9|2|2|2|2
20322,5,False,5,2,5,5|5|5|5|5|1|3|5|5|5
20336,1,False,1,7,5,5|1|5|5|5|1|1|5|5|5
20350,1,True,8,10,8,8|8|8|8|8|8|8|8|8|8
20357,7,False,7,0,7,7|7|7|7|7|7|7|7|7|7
20358,8,False,8,7,1,1|1|8|8|8|1|1|2|1|1
20366,1,False,1,4,1,5|1|1|5|5|1|1|5|1|1
20375,8,False,8,1,8,8|8|8|8|8|1|8|8|8|8
20376,5,True,1,4,5,5|1|5|5|5|1|1|5|5|1
20381,1,False,1,2,1,1|1|1|1|2|1|1|2|1|1
20437,6,False,6,1,6,6|6|6|6|6|8|6|6|6|6
20438,1,False,1,2,1,1|1|1|1|5|1|1|5|1|1
20444,5,True,1,7,1,1|1|1|1|5|1|1|5|5|1
20462,9,False,9,4,9,5|9|6|9|8|9|9|8|9|9
20466,8,False,8,0,8,8|8|8|8|8|8|8|8|8|8
20474,0,False,0,0,0,0|0|0|0|0|0|0|0|0|0
20509,8,False,8,4,8,8|8|0|8|0|1|0|8|8|8
20536,1,False,1,2,1,1|1|1|1|1|1|1|2|2|1
20545,2,False,2,1,2,2|2|2|2|2|4|2|2|2|2
20555,6,True,0,10,0,0|0|0|0|0|0|0|0|0|0
20564,4,False,4,0,4,4|4|4|4|4|4|4|4|4|4
20567,7,False,7,0,7,7|7|7|7|7|7|7|7|7|7
20570,2,False,2,4,2,2|4|3|2|2|9|2|2|2|4
20588,4,False,4,0,4,4|4|4|4|4|4|4|4|4|4
20590,7,False,7,0,7,7|7|7|7|7|7|7|7|7|7
20601,1,True,3,10,3,3|3|3|3|3|3|3|3|3|3
20627,5,False,5,3,5,5|1|5|5|9|1|5|5|5|5
20629,4,False,4,0,4,4|4|4|4|4|4|4|4|4|4
20642,1,True,4,10,4,4|4|4|4|4|4|4|4|4|4
20667,1,False,1,3,1,1|1|5|1|5|1|1|5|1|1
20677,1,True,8,9,8,8|8|8|8|8|1|8|8|8|8
20696,9,True,2,9,2,0|2|2|2|2|9|2|2|2|2
20697,5,True,9,9,3,5|3|3|9|9|1|3|3|3|3
20716,8,False,8,0,8,8|8|8|8|8|8|8|8|8|8
20727,8,False,8,1,8,8|8|8|8|8|8|8|8|1|8
20748,3,True,7,10,7,7|7|7|7|9|7|7|7|7|7
20772,4,False,4,0,4,4|4|4|4|4|4|4|4|4|4
20784,1,True,3,10,-1,5|3|3|5|5|3|3|5|3|5
20788,8,True,6,10,6,6|6|6|6|6|6|6|6|6|6
20805,2,False,2,1,2,2|2|2|2|2|4|2|2|2|2
20811,1,False,1,5,-1,8|1|1|8|8|8|1|8|1|1
20816,0,False,0,0,0,0|0|0|0|0|0|0|0|0|0
20821,8,True,6,10,6,6|6|6|6|6|6|6|6|6|6
20833,4,False,4,0,4,4|4|4|4|4|4|4|4|4|4
20839,2,False,2,0,2,2|2|2|2|2|2|2|2|2|2
20847,6,False,6,1,6,8|6|6|6|6|6|6|6|6|6
20851,5,True,9,10,9,9|9|9|9|9|9|9|9|9|9
20854,9,False,9,0,9,9|9|9|9|9|9|9|9|9|9
20857,5,True,1,8,1,1|1|1|1|5|9|1|5|1|1
20869,5,True,9,5,-1,5|5|9|9|5|9|9|9|5|5
20875,8,False,8,2,8,1|8|8|8|8|1|8|8|8|8
20877,1,True,3,10,3,3|3|3|3|3|3|3|3|3|3
20890,4,False,4,0,4,4|4|4|4|4|4|4|4|4|4
20910,6,True,0,10,0,0|0|0|0|0|0|0|0|0|0
20942,1,True,8,10,8,8|8|8|8|8|8|8|8|8|8
20976,0,False,0,1,0,0|0|0|0|0|0|0|0|8|0
20982,1,True,5,10,3,3|3|3|3|3|3|3|3|3|3
20997,0,False,0,0,0,0|0|0|0|0|0|0|0|0|0
20998,7,False,7,0,7,7|7|7|7|7|7|7|7|7|7
21007,7,False,7,0,7,7|7|7|7|7|7|7|7|7|7
21012,0,False,0,1,0,6|0|0|0|0|0|0|0|0|0
21022,3,False,3,3,3,5|4|3|3|3|4|3|3|3|3
21061,5,False,5,0,5,5|5|5|5|5|5|5|5|5|5
21066,1,True,4,10,4,4|4|4|4|4|4|4|4|4|4
21074,6,True,0,10,0,4|0|0|2|4|4|0|0|0|0
21088,2,True,1,8,1,1|1|1|1|1|1|1|2|2|1
21105,6,True,0,10,0,0|0|0|0|0|0|0|0|0|0
21110,9,False,9,2,9,5|9|9|9|9|9|9|9|5|9
21111,8,False,8,0,8,8|8|8|8|8|8|8|8|8|8
21112,2,True,1,10,9,5|9|5|5|9|9|9|9|9|9
21120,7,False,7,0,7,7|7|7|7|7|7|7|7|7|7
21122,3,False,3,2,3,3|5|3|3|9|3|3|3|3|3
21123,8,False,8,0,8,8|8|8|8|8|8|8|8|8|8
21131,2,False,2,1,2,2|2|2|2|2|4|2|2|2|2
21141,1,False,1,6,5,5|1|1|5|5|1|5|2|5|1
21154,1,False,1,10,5,5|5|5|9|5|9|5|5|5|9
21170,9,False,9,3,9,5|9|5|9|9|9|9|9|5|9
21175,1,True,8,10,8,8|8|8|8|8|8|8|8|8|8
21191,1,True,4,10,4,4|4|4|4|4|4|4|4|4|4
21193,1,True,3,10,3,3|3|3|3|3|3|3|3|3|3
21201,1,True,4,10,4,4|4|4|4|4|4|4|4|4|4
21209,9,False,9,1,9,5|9|9|9|9|9|9|9|9|9
21244,7,False,7,0,7,7|7|7|7|7|7|7|7|7|7
21260,1,True,4,10,3,4|3|2|3|9|4|3|4|3|9
21289,5,True,9,10,9,9|9|9|9|9|9|9|9|9|9
21294,8,False,8,0,8,8|8|8|8|8|8|8|8|8|8
21300,9,False,9,5,9,9|9|8|5|9|9|1|9|5|8
21313,8,True,6,10,6,6|6|6|6|6|6|6|6|6|6
21314,7,False,7,1,7,7|7|3|7|7|7|7|7|7|7
21317,7,False,7,1,7,7|7|7|7|7|7|7|7|3|7
21320,5,False,5,2,5,5|5|5|5|5|7|3|5|5|5
21335,9,True,7,10,7,7|7|7|7|7|7|7|7|7|7
21341,1,True,4,10,4,4|4|4|4|4|4|4|4|4|4
21371,7,False,7,1,7,7|7|7|4|7|7|7|7|7|7
21393,0,False,0,3,0,0|0|8|0|0|7|0|0|0|8
21403,9,True,2,10,4,4|4|2|4|4|4|4|2|4|2
21413,6,True,0,10,0,0|0|0|0|0|0|0|0|0|0
21420,3,False,3,2,3,3|7|3|3|3|3|3|3|3|2
21436,5,False,5,1,5,5|5|5|5|5|5|3|5|5|5
21438,7,True,6,10,6,6|6|6|6|6|6|6|6|6|6
21443,8,False,8,10,0,0|0|0|0|0|0|0|0|0|0
21469,0,False,0,0,0,0|0|0|0|0|0|0|0|0|0
21478,5,True,9,9,9,9|9|5|9|9|9|9|9|9|9
21488,0,False,0,4,0,2|2|0|0|0|0|0|0|7|9
21493,7,False,7,1,7,7|7|7|7|7|7|7|7|9|7
21498,1,False,1,2,1,1|1|1|1|5|1|1|2|1|1
21503,8,False,8,0,8,8|8|8|8|8|8|8|8|8|8
21509,6,False,6,1,6,6|6|6|6|6|6|6|6|6|7
21511,9,False,9,10,5,1|1|1|5|2|5|1|5|5|5
21515,8,False,8,0,8,8|8|8|8|8|8|8|8|8|8
21541,8,False,8,0,8,8|8|8|8|8|8|8|8|8|8
21551,1,True,3,10,3,3|3|3|3|3|3|3|3|3|3
21571,9,False,9,1,9,5|9|9|9|9|9|9|9|9|9
21601,7,False,7,0,7,7|7|7|7|7|7|7|7|7|7
21605,6,True,0,10,0,0|0|0|0|0|0|0|0|0|0
21632,9,False,9,2,9,5|9|5|9|9|9|9|9|9|9
21638,1,True,8,10,8,8|8|8|8|8|8|8|8|8|8
21642,4,False,4,2,4,4|4|4|4|1|4|1|4|4|4
21657,7,False,7,0,7,7|7|7|7|7|7|7|7|7|7
21658,5,True,9,8,9,7|9|9|5|9|9|9|9|5|9
21704,8,True,6,10,6,6|6|6|6|6|6|6|6|6|6
21710,8,False,8,0,8,8|8|8|8|8|8|8|8|8|8
21711,5,True,2,10,2,2|2|2|2|2|2|2|6|6|2
21723,6,True,0,10,0,0|0|0|0|0|0|0|0|0|0
21732,6,True,0,10,0,0|0|0|0|0|0|0|0|0|0
21742,7,False,7,8,5,7|3|5|5|5|7|3|9|4|5
21751,7,False,7,1,7,7|7|3|7|7|7|7|7|7|7
21752,2,True,1,7,9,5|2|2|5|9|9|9|9|2|9
21754,7,False,7,0,7,7|7|7|7|7|7|7|7|7|7
21765,2,False,2,1,2,2|2|2|2|2|4|2|2|2|2
21770,8,False,8,0,8,8|8|8|8|8|8|8|8|8|8
21775,9,False,9,0,9,9|9|9|9|9|9|9|9|9|9
21780,5,False,5,9,4,1|4|3|4|1|4|4|3|5|7
21784,7,False,7,0,7,7|7|7|7|7|7|7|7|7|7
21810,5,False,5,1,5,5|5|5|5|5|1|5|5|5|5
21819,2,False,2,1,2,2|2|2|2|2|4|2|2|2|2
21830,8,False,8,0,8,8|8|8|8|8|8|8|8|8|8
21838,4,False,4,3,4,4|4|5|4|4|4|3|4|5|4
21843,7,False,7,0,7,7|7|7|7|7|7|7|7|7|7
21852,9,True,7,10,7,7|7|7|7|7|7|7|7|7|7
21859,2,False,2,1,2,2|2|2|2|2|9|2|2|2|2
21864,7,True,3,10,3,3|3|3|3|3|3|3|3|3|3
21867,2,False,2,1,2,2|2|2|2|2|9|2|2|2|2
21870,2,True,1,8,-1,5|1|2|5|5|1|1|2|5|1
21879,5,False,5,6,5,3|6|5|5|5|1|8|5|6|7
21916,5,False,5,1,5,5|5|5|5|5|1|5|5|5|5
21920,5,False,5,8,3,3|3|5|3|5|3|3|3|3|3
21946,4,False,4,0,4,4|4|4|4|4|4|4|4|4|4
21964,0,False,0,0,0,0|0|0|0|0|0|0|0|0|0
21991,3,False,3,3,3,3|3|5|3|5|3|3|3|5|3
21992,1,False,1,2,1,1|1|1|1|2|1|1|2|1|1
22001,1,False,1,9,8,8|0|8|8|8|1|8|8|8|8
22015,9,True,7,9,7,7|7|7|7|7|7|7|9|7|7
22031,9,True,7,10,7,7|7|7|7|7|7|7|7|7|7
22050,1,True,4,10,4,4|4|4|4|4|4|4|4|4|4
22060,1,False,1,4,1,2|1|8|1|5|1|1|2|1|1
22063,2,True,1,9,1,5|1|1|5|5|1|1|2|5|1
22068,6,False,6,1,6,6|6|6|6|6|8|6|6|6|6
22086,5,False,5,1,5,5|5|5|5|5|1|5|5|5|5
22092,8,True,6,9,6,6|6|8|6|6|6|6|6|6|6
22108,1,False,1,9,5,5|1|5|5|5|5|9|9|5|5
22125,3,False,3,1,3,3|3|5|3|3|3|3|3|3|3
22131,5,False,5,0,5,5|5|5|5|5|5|5|5|5|5
22137,1,True,4,10,4,4|4|4|4|4|4|4|4|4|4
22139,4,False,4,0,4,4|4|4|4|4|4|4|4|4|4
22150,5,True,9,7,9,5|5|5|9|9|9|9|9|9|9
22162,9,False,9,1,9,9|9|9|9|9|9|9|9|5|9
22176,7,True,6,9,6,6|6|6|2|6|9|6|7|6|6
22187,9,False,9,9,1,7|1|8|5|5|1|1|9|1|1
22191,6,False,6,3,6,8|6|6|6|8|6|6|6|7|6
22195,4,False,4,10,0,0|0|0|0|0|0|0|0|0|0
22214,1,True,8,10,8,8|8|8|8|8|8|8|8|8|8
22228,0,True,2,8,7,6|6|0|2|7|7|7|0|2|7
22233,9,False,9,4,9,5|9|5|9|5|9|9|9|5|9
22246,4,False,4,1,4,4|4|4|4|4|4|1|4|4|4
22267,9,True,7,9,7,7|7|7|7|7|7|7|9|7|7
22274,4,False,4,1,4,4|4|2|4|4|4|4|4|4|4
22278,3,False,3,0,3,3|3|3|3|3|3|3|3|3|3
22293,6,True,0,10,0,0|0|0|0|0|0|0|0|0|0
22294,3,False,3,1,3,3|3|5|3|3|3|3|3|3|3
22296,9,False,9,0,9,9|9|9|9|9|9|9|9|9|9
22326,6,True,0,8,0,6|0|0|8|0|6|8|0|8|0
22328,6,False,6,3,6,6|7|6|6|6|7|6|6|7|6
22356,8,True,6,10,6,6|6|6|6|6|6|6|6|6|6
22366,9,False,9,6,0,9|4|0|0|0|9|0|9|0|9
22375,2,False,2,3,2,2|2|2|3|2|4|3|2|2|2
22393,6,False,6,5,-1,8|8|6|8|6|8|6|6|8|6
22404,6,False,6,4,6,6|8|8|6|6|8|6|8|6|6
22435,0,False,0,0,0,0|0|0|0|0|0|0|0|0|0
22437,1,False,1,6,5,5|1|5|5|5|1|1|5|5|1
22446,2,False,2,0,2,2|2|2|2|2|2|2|2|2|2
22457,7,False,7,2,7,7|7|3|3|7|7|7|7|7|7
22465,1,True,8,10,8,8|8|8|8|8|8|8|8|8|8
22472,1,False,1,4,1,1|1|1|1|1|1|2|2|2|2
22504,8,False,8,10,1,1|1|5|1|2|1|1|2|2|1
22520,7,False,7,0,7,7|7|7|7|7|7|7|7|7|7
22523,1,True,3,10,7,7|3|7|5|5|7|7|7|7|5
22530,6,False,6,1,6,6|6|6|8|6|6|6|6|6|6
22574,7,False,7,1,7,7|7|7|7|7|7|7|7|3|7
22575,1,True,4,10,4,4|4|4|4|4|4|4|4|4|4
22579,0,False,0,0,0,0|0|0|0|0|0|0|0|0|0
22589,8,False,8,0,8,8|8|8|8|8|8|8|8|8|8
22610,6,False,6,3,6,8|6|8|6|8|6|6|6|6|6
22619,4,False,4,1,4,4|4|3|4|4|4|4|4|4|4
22623,5,True,9,10,9,9|9|9|9|9|9|9|9|9|9
22650,5,False,5,10,3,3|3|3|3|3|3|3|3|3|3
22679,5,False,5,1,5,5|5|5|5|5|1|5|5|5|5
22707,5,False,5,6,3,5|3|5|3|5|1|3|5|3|3
22711,9,True,4,10,3,3|3|3|3|3|3|3|3|3|3
22715,5,False,5,0,5,5|5|5|5|5|5|5|5|5|5
22716,0,False,0,2,0,0|0|0|0|0|0|2|0|0|6
22720,1,True,4,10,4,4|4|3|4|4|4|4|4|4|4
22729,2,False,2,2,2,2|4|2|2|2|5|2|2|2|2
22736,0,True,8,10,8,8|8|8|8|8|8|8|8|8|8
22749,4,False,4,8,7,4|7|3|7|7|4|7|7|7|7
22751,1,True,8,10,8,8|8|8|8|8|8|0|8|8|8
22753,9,False,9,2,9,5|9|5|9|9|9|9|9|9|9
22754,1,False,1,1,1,1|1|1|1|5|1|1|1|1|1
22761,3,False,3,0,3,3|3|3|3|3|3|3|3|3|3
22778,3,False,3,4,3,3|5|0|3|5|3|5|3|3|3
22779,1,True,5,9,5,5|5|5|5|5|1|5|5|5|5
22780,5,True,2,10,2,2|2|2|2|2|2|2|2|2|2
22806,7,False,7,0,7,7|7|7|7|7|7|7|7|7|7
22815,9,False,9,0,9,9|9|9|9|9|9|9|9|9|9
22816,1,False,1,3,1,1|1|1|1|5|1|1|2|5|1
22826,3,False,3,7,8,3|6|8|6|8|3|6|3|8|8
22842,1,True,3,10,3,3|3|3|3|3|3|3|3|3|3
22846,7,False,7,6,-1,7|4|7|4|7|4|4|7|3|3
22852,7,False,7,0,7,7|7|7|7|7|7|7|7|7|7
22875,0,False,0,0,0,0|0|0|0|0|0|0|0|0|0
22887,7,False,7,1,7,7|7|3|7|7|7|7|7|7|7
22904,6,True,0,10,0,0|0|0|0|0|9|0|0|0|0
22913,1,True,3,9,3,1|3|3|4|5|3|3|3|3|5
22914,1,True,3,10,3,3|3|3|3|3|3|3|3|3|3
22919,1,True,3,10,6,6|6|8|6|6|7|6|6|6|6
22943,2,True,1,10,9,5|0|5|9|8|1|9|9|5|9
22956,9,False,9,0,9,9|9|9|9|9|9|9|9|9|9
22960,2,False,2,1,2,2|2|2|2|2|9|2|2|2|2
22967,0,False,0,2,0,0|0|0|0|0|7|0|0|8|0
23013,4,False,4,0,4,4|4|4|4|4|4|4|4|4|4
23030,6,False,6,3,6,6|6|6|6|6|3|8|6|6|7
23036,8,True,6,10,6,6|6|6|6|6|6|6|6|6|6
23037,7,False,7,3,7,4|7|7|4|7|4|7|7|7|7
23049,0,True,8,10,8,8|8|8|8|8|8|8|8|8|8
23080,8,False,8,0,8,8|8|8|8|8|8|8|8|8|8
23082,6,False,6,3,6,6|6|7|6|7|6|8|6|6|6
23083,3,False,3,2,3,5|3|3|5|3|3|3|3|3|3
23087,6,False,6,6,3,3|3|6|3|6|1|3|6|3|6
23107,1,False,1,4,1,1|1|5|5|5|1|1|5|1|1
23134,1,True,4,10,3,3|7|3|6|6|3|7|3|6|7
23137,9,False,9,3,9,5|9|5|9|9|9|9|9|5|9
23138,2,False,2,1,2,2|2|2|2|2|7|2|2|2|2
23148,8,False,8,0,8,8|8|8|8|8|8|8|8|8|8
23150,5,False,5,1,5,5|5|5|5|5|1|5|5|5|5
23156,1,False,1,7,5,5|5|5|5|5|1|1|5|5|1
23173,5,False,5,9,2,2|2|2|2|2|5|2|2|2|2
23176,5,False,5,1,5,5|5|5|5|5|1|5|5|5|5
23178,3,True,7,10,7,7|4|7|7|7|7|7|7|7|7
23181,2,False,2,1,2,2|2|2|2|2|7|2|2|2|2
23182,0,False,0,0,0,0|0|0|0|0|0|0|0|0|0
23183,8,False,8,0,8,8|8|8|8|8|8|8|8|8|8
23184,5,False,5,3,5,5|4|5|5|5|5|2|5|2|5
23197,1,True,3,10,3,3|3|3|3|3|3|3|3|5|3
23223,4,False,4,2,4,4|4|4|4|5|4|4|4|3|4
23226,4,True,7,10,7,7|7|7|0|7|7|7|7|7|0
23252,4,False,4,0,4,4|4|4|4|4|4|4|4|4|4
23271,9,False,9,2,9,5|9|5|9|9|9|9|9|9|9
23289,9,True,2,10,2,4|0|2|2|2|4|1|2|2|2
23295,1,True,3,10,3,3|3|3|3|3|3|3|3|3|3
23305,9,False,9,4,9,5|9|5|9|9|9|9|9|5|5
23312,1,True,8,10,8,8|8|8|8|8|8|8|8|8|8
23316,5,False,5,7,5,5|4|5|5|4|7|3|3|2|1
23322,3,False,3,2,3,3|3|3|8|8|3|3|3|3|3
23324,6,False,6,3,6,8|6|6|8|6|8|6|6|6|6
23341,5,True,9,8,9,5|9|5|9|9|9|9|9|9|9
23342,8,False,8,8,9,9|9|8|9|9|9|9|8|0|9
23363,6,False,6,2,6,8|8|6|6|6|6|6|6|6|6
23383,9,False,9,1,9,5|9|9|9|9|9|9|9|9|9
23424,4,False,4,0,4,4|4|4|4|4|4|4|4|4|4
23446,6,True,0,10,0,0|0|0|0|0|0|0|8|8|0
23460,1,True,4,10,4,4|4|4|4|4|4|4|4|4|4
23461,3,False,3,2,3,3|3|3|5|3|3|5|3|3|3
23463,1,False,1,3,1,1|1|1|1|5|1|5|2|1|1
23472,8,False,8,0,8,8|8|8|8|8|8|8|8|8|8
23477,1,False,1,4,1,2|1|1|1|1|9|1|2|2|1
23517,7,True,6,10,6,6|6|6|6|6|6|6|6|6|6
23531,9,False,9,0,9,9|9|9|9|9|9|9|9|9|9
23534,1,True,8,10,8,8|8|8|8|8|8|8|8|8|8
23537,2,False,2,0,2,2|2|2|2|2|2|2|2|2|2
23539,6,False,6,3,6,6|6|7|6|6|7|6|6|7|6
23543,7,False,7,0,7,7|7|7|7|7|7|7|7|7|7
23545,1,True,4,10,4,4|4|4|4|4|4|4|4|4|4
23550,9,False,9,0,9,9|9|9|9|9|9|9|9|9|9
23557,5,False,5,4,5,5|5|1|5|5|3|5|5|3|3
23573,8,False,8,0,8,8|8|8|8|8|8|8|8|8|8
23574,1,True,4,10,7,4|7|4|7|7|7|3|4|3|7
23613,9,False,9,7,5,5|5|5|9|5|9|9|5|5|5
23614,1,True,5,9,5,5|5|5|5|5|1|5|5|5|5
23635,1,False,1,4,1,1|1|2|1|2|1|1|2|2|1
23637,4,False,4,0,4,4|4|4|4|4|4|4|4|4|4
23639,5,False,5,7,2,7|2|5|2|2|5|1|0|2|5
23654,4,False,4,0,4,4|4|4|4|4|4|4|4|4|4
23662,1,False,1,1,1,1|1|1|1|5|1|1|1|1|1
23663,5,False,5,4,5,5|3|5|7|5|5|2|7|5|5
23690,3,False,3,10,4,4|4|2|4|4|4|8|4|2|2
23703,5,True,1,9,1,1|1|1|1|2|1|2|2|5|1
23704,6,False,6,0,6,6|6|6|6|6|6|6|6|6|6
23723,8,False,8,0,8,8|8|8|8|8|8|8|8|8|8
23724,1,True,5,10,5,5|5|5|5|5|5|5|5|5|5
23739,4,False,4,0,4,4|4|4|4|4|4|4|4|4|4
23742,7,True,2,9,-1,4|2|4|2|4|4|3|7|2|2
23760,6,False,6,1,6,6|6|8|6|6|6|6|6|6|6
23772,3,False,3,0,3,3|3|3|3|3|3|3|3|3|3
23777,1,True,5,10,7,7|7|7|7|7|7|3|7|7|7
23797,0,False,0,0,0,0|0|0|0|0|0|0|0|0|0
23803,5,False,5,9,7,7|5|3|7|7|7|3|7|3|3
23804,0,False,0,0,0,0|0|0|0|0|0|0|0|0|0
23805,0,False,0,0,0,0|0|0|0|0|0|0|0|0|0
23815,3,False,3,0,3,3|3|3|3|3|3|3|3|3|3
23820,8,False,8,5,8,1|8|8|8|5|1|1|8|5|8
23825,0,False,0,0,0,0|0|0|0|0|0|0|0|0|0
23855,8,False,8,0,8,8|8|8|8|8|8|8|8|8|8
23859,1,True,3,10,2,2|2|3|2|2|4|2|2|2|2
23863,0,False,0,0,0,0|0|0|0|0|0|0|0|0|0
23868,5,True,9,4,5,5|1|5|1|5|9|1|5|5|5
23871,8,False,8,0,8,8|8|8|8|8|8|8|8|8|8
23876,6,False,6,0,6,6|6|6|6|6|6|6|6|6|6
23882,4,False,4,0,4,4|4|4|4|4|4|4|4|4|4
23901,1,False,1,3,1,1|1|1|1|2|1|1|2|2|1
23913,3,False,3,1,3,5|3|3|3|3|3|3|3|3|3
23916,5,False,5,1,5,5|5|5|5|5|1|5|5|5|5
23925,7,False,7,1,7,7|7|7|7|7|7|7|0|7|7
23927,8,True,6,7,6,8|8|6|6|6|8|6|6|6|6
23932,1,True,4,10,4,4|4|3|4|4|4|8|4|4|4
23940,3,True,7,7,7,5|1|7|3|9|7|7|3|3|7
23960,0,True,8,10,8,8|8|8|8|8|8|8|8|8|8
23993,9,True,7,9,7,7|7|7|7|7|7|7|9|7|7
24014,9,True,7,9,7,7|7|7|7|7|7|7|9|7|7
24031,3,False,3,5,3,3|5|1|3|5|3|3|3|5|1
24068,1,False,1,9,5,5|1|5|5|5|9|5|5|5|5
24078,9,False,9,9,5,5|1|5|1|5|5|1|9|5|1
24080,4,False,4,1,4,4|4|4|4|1|4|4|4|4|4
24082,3,False,3,4,3,5|3|3|3|5|3|3|3|5|5
24086,9,False,9,4,9,5|3|9|3|9|9|9|9|3|9
24089,5,True,9,9,9,5|9|9|9|9|9|9|9|9|9
24096,6,True,0,10,0,0|0|0|0|0|0|0|0|0|0
24098,1,True,5,9,5,5|5|5|5|5|1|5|5|5|5
24111,0,False,0,0,0,0|0|0|0|0|0|0|0|0|0
24112,3,False,3,4,3,3|3|5|5|5|7|3|3|3|3
24123,1,True,4,10,4,4|4|4|4|4|4|4|4|4|4
24198,6,False,6,0,6,6|6|6|6|6|6|6|6|6|6
24207,7,False,7,0,7,7|7|7|7|7|7|7|7|7|7
24208,1,True,3,10,3,3|4|3|3|3|3|3|3|3|3
24216,8,False,8,0,8,8|8|8|8|8|8|8|8|8|8
24233,7,False,7,5,-1,7|4|4|4|7|4|7|7|4|7
24246,9,False,9,1,9,5|9|9|9|9|9|9|9|9|9
24257,0,False,0,0,0,0|0|0|0|0|0|0|0|0|0
24259,7,False,7,0,7,7|7|7|7|7|7|7|7|7|7
24273,5,True,9,3,5,5|1|5|5|5|9|5|5|9|5
24280,1,False,1,5,-1,5|1|1|5|5|1|1|5|5|1
24301,1,True,3,10,3,3|3|3|5|5|3|3|3|3|3
24303,5,False,5,0,5,5|5|5|5|5|5|5|5|5|5
24305,3,False,3,0,3,3|3|3|3|3|3|3|3|3|3
24312,6,False,6,2,6,6|6|6|6|6|6|6|6|8|8
24326,2,True,5,10,-1,5|3|3|5|9|5|3|3|5|1
24340,5,False,5,1,5,5|5|5|5|5|1|5|5|5|5
24351,6,True,0,9,0,8|0|6|8|0|0|0|0|0|0
24352,1,True,5,10,5,5|5|5|5|5|5|3|5|5|5
24354,7,True,6,9,6,6|6|6|6|6|6|6|7|6|6
24379,4,True,2,4,4,4|4|5|9|4|7|4|4|9|4
24388,9,False,9,8,2,2|2|1|5|2|9|2|2|2|9
24392,5,True,2,10,2,2|2|2|2|2|4|2|2|2|2
24397,8,True,6,6,6,8|6|8|6|8|8|6|6|6|6
24403,2,False,2,1,2,2|2|2|9|2|2|2|2|2|2
24412,8,False,8,7,0,0|0|8|0|0|0|0|8|0|8
24414,8,False,8,0,8,8|8|8|8|8|8|8|8|8|8
24420,0,False,0,0,0,0|0|0|0|0|0|0|0|0|0
24434,1,True,3,10,3,3|3|3|3|3|3|3|3|3|3
24445,6,True,0,10,0,0|0|0|0|0|0|0|0|0|0
24447,6,True,0,10,0,0|0|0|0|0|0|0|0|0|0
24451,1,True,8,10,8,8|8|8|8|8|8|8|8|8|8
24452,1,True,5,9,5,5|5|5|5|5|1|5|5|5|5
24455,1,True,8,10,8,8|8|8|8|8|8|8|8|8|8
24462,1,False,1,4,1,5|1|1|5|5|1|1|1|5|1
24474,5,True,9,7,5,5|5|8|8|5|1|3|9|1|9
24477,5,True,9,7,9,5|1|9|9|5|9|9|9|5|9
24478,6,False,6,0,6,6|6|6|6|6|6|6|6|6|6
24479,7,True,6,5,-1,7|6|7|6|6|6|6|7|7|7
24481,8,False,8,0,8,8|8|8|8|8|8|8|8|8|8
24486,1,False,1,1,1,1|1|1|1|5|1|1|1|1|1
24553,5,False,5,9,3,5|3|3|3|3|3|3|3|3|3
24555,2,False,2,2,2,2|2|2|2|2|4|2|2|4|2
24557,6,True,0,10,0,0|0|0|0|0|0|0|0|0|0
24560,3,False,3,5,3,3|3|0|0|6|3|0|0|3|3
24561,1,False,1,3,1,1|1|1|1|2|1|1|2|2|1
24569,8,True,2,10,2,6|2|2|2|2|9|2|7|6|6
24574,3,True,7,10,7,7|7|7|7|7|7|7|7|7|7
24576,2,False,2,6,5,5|2|2|5|5|5|3|2|5|2
24585,5,False,5,6,3,5|3|5|3|3|3|3|3|5|5
24590,1,False,1,2,1,1|1|1|1|5|1|1|5|1|1
24604,9,False,9,10,5,5|5|5|5|5|1|5|5|5|5
24614,9,False,9,4,9,5|5|5|9|9|9|5|9|9|9
24620,1,False,1,3,1,1|1|5|1|5|1|1|5|1|1
24644,0,False,0,0,0,0|0|0|0|0|0|0|0|0|0
24647,9,False,9,0,9,9|9|9|9|9|9|9|9|9|9
24653,4,False,4,2,4,7|4|7|4|4|4|4|4|4|4
24656,1,True,5,9,5,5|5|5|5|5|1|5|5|5|5
24672,8,True,6,8,6,6|6|8|6|6|6|6|6|6|8
24701,7,True,6,9,6,6|6|6|6|6|6|6|6|7|6
24706,2,False,2,1,2,2|2|2|2|2|9|2|2|2|2
24707,3,False,3,8,6,6|6|6|3|6|1|4|3|6|6
24727,1,True,3,10,3,3|3|3|3|3|3|3|3|3|3
24730,9,False,9,0,9,9|9|9|9|9|9|9|9|9|9
24739,2,False,2,3,2,2|6|2|2|2|9|2|2|2|8
24749,3,False,3,1,3,3|3|3|3|3|3|3|3|3|1
24751,3,False,3,0,3,3|3|3|3|3|3|3|3|3|3
24766,1,True,8,10,8,8|8|8|8|8|8|8|8|8|8
24777,2,False,2,6,4,4|4|2|4|4|4|4|2|2|2
24802,0,False,0,0,0,0|0|0|0|0|0|0|0|0|0
24821,8,False,8,0,8,8|8|8|8|8|8|8|8|8|8
24834,0,False,0,0,0,0|0|0|0|0|0|0|0|0|0
24849,9,False,9,1,9,5|9|9|9|9|9|9|9|9|9
24853,9,True,7,9,7,7|7|3|7|7|4|4|9|7|7
24867,1,True,5,10,5,5|3|5|5|5|5|5|5|2|2
24876,8,False,8,4,8,8|8|0|0|8|0|0|8|8|8
24886,6,False,6,0,6,6|6|6|6|6|6|6|6|6|6
24899,5,False,5,10,2,4|2|4|2|4|4|1|2|2|2
24904,2,False,2,6,-1,2|4|2|4|2|4|1|4|2|9
24915,9,True,7,10,7,7|7|7|7|7|7|7|7|7|7
24916,7,False,7,0,7,7|7|7|7|7|7|7|7|7|7
24930,7,False,7,0,7,7|7|7|7|7|7|7|7|7|7
24946,6,False,6,0,6,6|6|6|6|6|6|6|6|6|6
24951,5,False,5,7,8,5|1|8|5|0|1|5|8|8|8
24997,1,True,4,10,4,4|4|4|4|4|4|4|4|4|4
25040,1,True,8,10,8,8|8|8|8|8|8|8|8|8|8
25047,1,True,8,10,8,8|8|8|8|8|8|8|8|8|8
25071,5,True,1,5,-1,5|1|1|5|5|1|1|5|5|1
25072,8,False,8,0,8,8|8|8|8|8|8|8|8|8|8
25079,4,True,7,10,-1,3|3|7|5|9|7|2|7|6|3
25121,6,False,6,0,6,6|6|6|6|6|6|6|6|6|6
25133,8,False,8,0,8,8|8|8|8|8|8|8|8|8|8
25138,3,False,3,7,5,5|3|5|5|5|1|3|3|5|1
25151,2,True,1,10,1,1|1|1|5|5|1|1|5|5|1
25154,3,True,7,8,-1,2|2|7|5|7|4|1|3|3|5
25155,7,True,6,10,6,6|6|6|6|6|6|6|6|6|6
25165,1,False,1,4,1,5|1|5|1|5|1|1|1|5|1
25166,2,False,2,9,3,3|2|3|4|1|4|3|4|3|7
25174,2,False,2,0,2,2|2|2|2|2|2|2|2|2|2
25209,1,False,1,2,1,1|1|1|1|5|1|1|2|1|1
25218,3,False,3,1,3,3|3|3|3|1|3|3|3|3|3
25238,1,True,8,10,8,8|8|8|8|8|8|8|8|8|8
25247,3,False,3,1,3,3|3|3|3|3|3|3|3|1|3
25265,5,False,5,9,4,4|3|5|4|4|4|4|3|4|4
25279,1,False,1,4,1,1|1|5|5|5|1|1|5|1|1
25281,3,False,3,0,3,3|3|3|3|3|3|3|3|3|3
25287,5,False,5,5,5,5|5|5|2|5|1|2|2|5|1
25296,2,False,2,10,5,3|5|5|8|5|1|3|3|5|1
25297,5,True,9,10,9,9|9|9|9|9|9|9|9|9|9
25299,4,False,4,0,4,4|4|4|4|4|4|4|4|4|4
25304,7,False,7,3,7,7|7|2|7|7|7|3|3|7|7
25322,7,False,7,6,7,7|7|8|2|0|3|9|7|7|6
25324,3,False,3,9,9,9|8|9|5|5|9|9|3|8|9
25329,9,True,7,2,9,7|3|9|9|9|9|9|9|9|9
25348,8,False,8,0,8,8|8|8|8|8|8|8|8|8|8
25355,1,True,4,10,4,4|4|4|4|4|4|4|4|4|4
25356,1,True,5,9,5,5|5|5|5|5|1|5|5|5|5
25360,9,False,9,1,9,5|9|9|9|9|9|9|9|9|9
25375,9,False,9,0,9,9|9|9|9|9|9|9|9|9|9
25394,1,True,5,9,5,5|5|5|5|5|1|2|5|5|5
25402,4,False,4,0,4,4|4|4|4|4|4|4|4|4|4
25416,6,False,6,0,6,6|6|6|6|6|6|6|6|6|6
25418,5,False,5,10,-1,7|2|2|4|4|4|6|2|2|4
25422,0,False,0,0,0,0|0|0|0|0|0|0|0|0|0
25426,2,False,2,2,2,2|2|2|2|2|4|4|2|2|2
25439,0,False,0,0,0,0|0|0|0|0|0|0|0|0|0
25461,9,False,9,1,9,5|9|9|9|9|9|9|9|9|9
25480,4,False,4,0,4,4|4|4|4|4|4|4|4|4|4
25487,1,True,8,9,8,8|1|8|8|8|8|8|8|8|8
25492,1,True,3,9,5,4|5|5|4|5|1|4|5|3|5
25503,8,False,8,0,8,8|8|8|8|8|8|8|8|8|8
25528,9,True,2,10,2,2|2|2|2|2|7|2|2|2|2
25553,7,False,7,0,7,7|7|7|7|7|7|7|7|7|7
25554,7,False,7,0,7,7|7|7|7|7|7|7|7|7|7
25560,9,False,9,1,9,5|9|9|9|9|9|9|9|9|9
25565,7,True,6,10,6,6|6|6|6|6|8|0|6|6|6
25567,1,False,1,2,1,1|1|1|1|2|1|1|2|1|1
25587,2,False,2,2,2,2|2|2|2|2|7|2|2|3|2
25597,5,False,5,4,5,3|5|5|3|5|1|3|5|5|5
25598,7,False,7,0,7,7|7|7|7|7|7|7|7|7|7
25599,6,True,0,10,0,0|0|0|0|0|0|0|0|0|0
25615,6,True,0,10,0,0|0|0|0|0|0|0|0|0|0
25616,6,True,0,10,0,0|0|0|0|0|0|0|0|0|0
25617,7,False,7,0,7,7|7|7|7|7|7|7|7|7|7
25619,1,False,1,2,1,1|1|1|1|5|1|1|2|1|1
25628,2,False,2,1,2,2|2|2|2|2|7|2|2|2|2
25635,1,True,4,10,4,4|4|4|4|4|4|4|4|4|4
25643,1,True,4,10,3,3|3|3|3|3|3|3|3|3|3
25649,3,False,3,1,3,3|7|3|3|3|3|3|3|3|3
25653,8,False,8,0,8,8|8|8|8|8|8|8|8|8|8
25657,7,True,6,10,1,1|1|1|1|5|1|1|1|1|5
25658,1,True,5,10,5,5|5|5|5|5|5|5|5|5|5
25674,1,True,4,10,4,4|4|4|4|4|4|4|4|4|4
25719,6,True,0,10,0,0|0|0|0|0|0|0|0|0|0
25726,3,False,3,3,3,3|3|5|3|5|1|3|3|3|3
25728,1,True,8,10,8,8|8|8|8|8|8|8|8|8|8
25746,0,False,0,0,0,0|0|0|0|0|0|0|0|0|0
25761,8,True,6,10,6,6|6|6|6|6|6|6|6|6|6
25765,1,True,3,10,3,3|5|5|3|2|3|3|5|5|3
25782,1,True,3,10,3,3|3|3|3|3|3|3|3|3|3
25785,4,False,4,0,4,4|4|4|4|4|4|4|4|4|4
25811,7,False,7,0,7,7|7|7|7|7|7|7|7|7|7
25816,0,False,0,0,0,0|0|0|0|0|0|0|0|0|0
25823,8,False,8,2,8,8|0|8|8|8|8|8|8|0|8
25838,0,False,0,0,0,0|0|0|0|0|0|0|0|0|0
25841,8,True,6,8,6,6|6|6|6|6|6|6|6|8|8
25849,1,True,5,9,5,5|5|5|5|5|1|5|5|5|5
25855,8,False,8,0,8,8|8|8|8|8|8|8|8|8|8
25859,9,True,2,9,2,2|2|2|2|2|9|2|2|2|2
25864,5,False,5,2,5,3|5|5|5|5|9|5|5|5|5
25870,1,True,5,10,-1,3|3|5|3|5|3|3|5|5|5
25885,1,True,3,3,1,1|1|1|8|5|1|1|3|1|1
25903,5,False,5,1,5,5|5|5|5|5|1|5|5|5|5
25905,0,False,0,0,0,0|0|0|0|0|0|0|0|0|0
25920,0,False,0,0,0,0|0|0|0|0|0|0|0|0|0
25949,4,False,4,0,4,4|4|4|4|4|4|4|4|4|4
25955,4,False,4,2,4,7|4|4|4|4|4|7|4|4|4
25963,9,False,9,2,9,5|5|9|9|9|9|9|9|9|9
25966,8,True,6,10,0,4|0|0|0|0|4|0|0|4|0
26004,8,False,8,0,8,8|8|8|8|8|8|8|8|8|8
26005,1,True,3,10,3,3|3|3|3|3|3|3|3|3|3
26010,2,True,5,9,5,5|5|5|5|5|1|5|2|5|5
26011,5,True,9,7,9,5|5|5|9|9|9|9|9|9|9
26021,9,False,9,3,9,9|1|5|9|9|9|9|9|5|9
26028,5,False,5,1,5,5|5|5|5|5|5|3|5|5|5
26034,5,True,2,10,2,2|2|2|2|2|2|2|2|2|2
26057,9,False,9,1,9,9|9|9|9|9|9|9|9|5|9
26073,5,False,5,0,5,5|5|5|5|5|5|5|5|5|5
26075,6,False,6,1,6,6|6|6|6|6|6|6|6|8|6
26086,3,True,7,10,7,7|7|7|7|7|7|7|7|7|7
26102,5,False,5,1,5,5|5|5|5|5|1|5|5|5|5
26110,2,False,2,7,-1,4|2|0|2|4|4|0|2|1|0
26139,6,False,6,0,6,6|6|6|6|6|6|6|6|6|6
26146,2,False,2,4,2,6|2|2|0|2|9|2|2|0|2
26148,2,False,2,3,2,2|2|2|5|2|9|2|2|5|2
26175,2,False,2,1,2,2|2|2|2|2|4|2|2|2|2
26189,1,True,3,10,3,3|3|4|3|7|3|3|3|3|3
26195,8,False,8,0,8,8|8|8|8|8|8|8|8|8|8
26197,6,False,6,0,6,6|6|6|6|6|6|6|6|6|6
26217,7,False,7,0,7,7|7|7|7|7|7|7|7|7|7
26230,5,True,1,8,1,0|1|1|0|5|1|1|1|0|5
26231,6,False,6,2,6,8|6|6|6|8|6|6|6|6|6
26240,8,True,6,9,6,2|6|6|6|6|6|2|8|6|6
26255,1,True,5,9,5,5|5|5|5|5|1|5|5|5|5
26318,7,False,7,1,7,7|7|7|7|7|7|3|7|7|7
26321,2,False,2,5,2,7|2|2|7|2|7|2|9|7|2
26346,4,False,4,6,4,0|2|0|4|6|4|4|4|3|8
26350,1,False,1,4,1,1|1|1|5|5|1|1|5|5|1
26358,9,True,7,6,9,9|7|3|9|9|3|9|5|3|7
26359,4,True,7,10,7,7|7|7|7|7|7|7|7|7|7
26360,4,False,4,5,4,4|3|3|4|7|4|3|4|4|7
26364,7,True,6,10,6,6|6|6|6|6|6|6|6|6|6
26366,8,True,6,9,6,6|6|8|6|6|7|6|6|7|6
26374,5,True,9,8,9,5|9|5|9|9|9|9|9|9|9
26379,6,False,6,7,4,4|4|2|6|4|4|2|6|6|4
26392,9,True,7,10,7,7|7|7|7|7|7|7|7|7|7
26397,7,False,7,1,7,7|7|3|7|7|7|7|7|7|7
26405,2,True,1,9,1,1|1|1|1|1|1|1|2|1|1
26432,7,True,6,6,6,6|6|6|3|7|6|6|7|7|7
26434,1,True,4,10,4,4|4|4|4|7|4|4|7|4|4
26436,1,True,3,10,3,3|3|3|3|4|3|5|3|3|3
26452,1,False,1,2,1,1|1|1|1|5|1|1|5|1|1
26464,7,False,7,0,7,7|7|7|7|7|7|7|7|7|7
26475,4,False,4,0,4,4|4|4|4|4|4|4|4|4|4
26485,3,False,3,10,9,5|9|5|9|5|9|9|9|5|9
26496,9,False,9,1,9,9|9|9|9|2|9|9|9|9|9
26498,5,True,1,4,5,5|1|5|9|5|9|9|5|5|5
26505,6,True,0,10,0,0|0|3|0|3|1|3|0|3|0
26519,1,False,1,2,1,1|1|1|1|1|1|1|2|1|5
26521,1,False,1,1,1,1|1|1|1|5|1|1|1|1|1
26524,6,False,6,3,6,8|6|6|6|8|8|6|6|6|6
26528,1,True,8,10,8,8|8|8|8|8|8|8|8|8|8
26543,5,False,5,6,5,5|2|5|5|5|9|1|2|4|4
26546,6,True,0,10,0,0|0|0|0|0|0|0|0|0|0
26554,1,True,3,10,3,3|3|3|3|3|3|3|3|3|3
26571,0,False,0,8,9,7|9|9|9|0|7|3|0|8|8
26574,9,False,9,1,9,9|9|9|9|5|9|9|9|9|9
26578,1,False,1,7,5,5|5|5|5|5|1|1|5|5|1
26588,9,True,2,8,2,2|2|2|9|2|9|2|2|2|2
26593,4,True,2,6,2,4|2|2|4|2|4|4|2|2|9
26617,5,True,1,7,-1,5|1|5|6|2|7|1|5|7|1
26618,7,True,6,10,6,6|8|8|6|6|6|6|6|6|6
26621,1,True,8,10,8,8|8|8|8|8|8|8|8|8|8
26635,9,False,9,3,9,5|5|9|9|9|9|5|9|9|9
26643,1,True,8,10,8,8|8|8|8|8|8|8|8|8|8
26647,9,False,9,0,9,9|9|9|9|9|9|9|9|9|9
26649,1,True,4,10,3,3|3|3|3|5|3|3|5|3|3
26674,5,True,9,7,9,5|9|5|9|9|9|9|9|5|9
26682,5,False,5,9,3,3|3|3|3|3|1|3|5|3|3
26691,9,False,9,1,9,9|9|9|9|9|9|9|9|5|9
26704,0,False,0,0,0,0|0|0|0|0|0|0|0|0|0
26716,3,False,3,0,3,3|3|3|3|3|3|3|3|3|3
26729,1,False,1,5,1,1|1|1|5|2|5|1|2|1|5
26734,9,True,2,10,2,2|2|2|2|2|2|2|2|2|2
26737,2,True,1,9,1,1|1|1|1|5|1|1|2|1|1
26757,2,False,2,1,2,2|2|2|2|2|9|2|2|2|2
26760,2,False,2,3,2,2|2|2|2|2|9|8|2|4|2
26836,2,True,5,9,5,5|4|5|5|5|1|3|2|5|5
26838,4,False,4,5,4,4|1|4|4|5|4|3|4|3|3
26841,6,False,6,5,-1,6|7|7|6|6|7|6|6|7|7
26850,1,True,4,10,4,4|4|4|4|4|4|4|4|4|4
26871,1,True,5,10,5,5|5|5|3|5|5|3|5|5|5
26889,5,False,5,3,5,5|1|5|5|5|1|3|5|5|5
26903,7,False,7,0,7,7|7|7|7|7|7|7|7|7|7
26911,4,False,4,8,6,7|6|8|6|6|4|3|4|6|6
26918,6,True,0,10,0,0|0|0|0|0|0|0|0|0|0
26935,5,True,1,10,1,1|1|1|1|1|1|1|2|1|1
26946,4,False,4,1,4,4|4|4|4|4|4|4|4|1|4
26952,9,False,9,3,9,5|5|5|9|9|9|9|9|9|9
26953,4,False,4,0,4,4|4|4|4|4|4|4|4|4|4
26956,2,False,2,4,2,2|2|2|3|2|9|3|2|2|6
26957,4,True,2,9,2,2|2|2|2|2|4|2|2|2|2
26987,2,True,5,6,5,5|2|2|3|5|5|5|2|2|5
26991,3,True,7,10,7,7|7|7|7|7|7|7|7|7|7
26996,1,True,5,9,5,5|5|5|5|5|1|5|5|5|5
27004,6,True,0,10,0,0|0|0|0|0|0|0|0|0|0
27016,5,False,5,0,5,5|5|5|5|5|5|5|5|5|5
27026,6,True,0,5,6,6|6|0|0|5|7|0|6|6|6
27037,5,True,1,9,1,1|1|1|1|5|1|1|2|1|1
27040,5,True,9,8,9,5|9|9|9|9|9|9|9|5|9
27055,7,False,7,1,7,7|4|7|7|7|7|7|7|7|7
27058,9,False,9,7,5,1|1|5|9|5|9|1|9|5|5
27068,1,True,8,10,8,8|8|8|8|8|8|8|8|8|8
27070,9,False,9,1,9,9|5|9|9|9|9|9|9|9|9
27079,9,True,7,9,3,3|3|3|3|9|3|3|3|7|7
27083,9,False,9,0,9,9|9|9|9|9|9|9|9|9|9
27087,8,True,6,10,6,6|3|7|3|6|7|3|6|6|6
27097,2,False,2,1,2,2|2|2|2|2|4|2|2|2|2
27100,1,True,4,10,4,4|4|4|4|4|4|4|4|4|4
27108,3,False,3,0,3,3|3|3|3|3|3|3|3|3|3
27159,1,True,5,10,7,7|7|7|7|7|4|7|7|7|4
27167,1,True,4,9,-1,4|0|2|3|9|1|3|6|6|2
27179,0,False,0,0,0,0|0|0|0|0|0|0|0|0|0
27185,2,False,2,0,2,2|2|2|2|2|2|2|2|2|2
27206,2,True,4,7,-1,5|4|5|2|2|4|1|2|3|5
27208,1,True,3,10,7,3|7|4|3|0|5|7|7|3|7
27212,3,False,3,0,3,3|3|3|3|3|3|3|3|3|3
27235,3,False,3,0,3,3|3|3|3|3|3|3|3|3|3
27251,1,False,1,2,1,1|1|1|1|5|1|1|5|1|1
27272,1,False,1,9,9,9|1|5|9|9|9|9|9|5|9
27281,1,True,8,10,8,8|8|8|8|8|8|8|8|8|8
27289,2,True,5,8,5,5|5|5|5|2|5|5|2|5|5
27292,5,False,5,1,5,5|5|5|5|5|5|5|5|5|1
27299,9,False,9,9,8,8|8|8|8|8|8|8|9|8|8
27306,5,True,1,10,0,0|0|8|0|9|1|8|0|1|0
27314,9,True,2,9,2,2|2|2|2|2|9|2|2|2|2
27318,1,False,1,10,0,0|0|0|8|0|9|8|8|0|5
27330,1,False,1,2,1,1|1|1|1|1|1|1|2|2|1
27332,7,True,6,10,6,6|6|6|4|6|6|6|6|8|6
27359,5,False,5,2,5,5|1|5|5|2|5|5|5|5|5
27362,6,False,6,1,6,8|6|6|6|6|6|6|6|6|6
27369,9,False,9,0,9,9|9|9|9|9|9|9|9|9|9
27378,1,True,8,10,8,8|8|8|8|8|8|8|8|8|8
27381,7,False,7,0,7,7|7|7|7|7|7|7|7|7|7
27398,1,True,8,10,8,8|8|8|8|8|8|8|8|8|8
27406,7,False,7,5,7,4|4|7|5|7|7|2|7|2|7
27422,5,False,5,2,5,5|3|5|5|5|3|5|5|5|5
27429,7,True,4,10,4,4|4|4|4|4|4|4|4|4|4
27435,5,True,9,9,9,9|9|9|9|9|9|9|9|5|9
27439,9,False,9,8,5,5|1|5|5|9|5|5|9|5|5
27444,6,True,0,10,0,0|0|0|0|0|0|0|0|0|0
27449,8,False,8,0,8,8|8|8|8|8|8|8|8|8|8
27470,2,False,2,3,2,2|2|2|2|2|4|2|2|4|9
27476,9,True,2,10,2,4|2|2|2|2|4|2|2|2|2
27478,6,False,6,2,6,6|6|6|6|6|6|6|6|7|7
27489,4,False,4,0,4,4|4|4|4|4|4|4|4|4|4
27513,4,False,4,5,4,7|6|2|4|4|4|8|4|4|9
27515,8,False,8,0,8,8|8|8|8|8|8|8|8|8|8
27519,4,False,4,1,4,7|4|4|4|4|4|4|4|4|4
27527,5,True,9,8,9,5|9|5|9|9|9|9|9|9|9
27528,2,True,5,9,7,7|9|7|7|7|7|7|7|2|9
27537,6,True,0,10,0,0|8|0|0|0|0|8|0|0|0
27539,3,True,7,9,5,7|5|7|5|7|7|3|5|5|5
27541,1,True,8,10,8,8|8|8|8|8|8|8|8|8|8
27546,2,False,2,5,2,4|2|2|7|2|7|3|2|4|2
27563,7,True,6,10,6,6|6|6|6|6|6|6|6|6|6
27572,1,True,4,9,3,5|1|3|3|2|5|3|3|4|5
27590,1,True,5,10,5,5|2|5|5|5|5|3|5|5|5
27597,4,True,2,7,2,2|2|2|4|2|9|2|4|4|2
27601,1,False,1,7,5,5|1|3|5|5|1|3|5|3|1
27651,6,False,6,0,6,6|6|6|6|6|6|6|6|6|6
27655,1,True,8,10,8,8|8|8|8|8|8|8|8|8|8
27657,2,True,7,10,7,7|7|7|7|7|7|7|7|7|7
27680,7,True,6,8,6,7|6|6|6|6|6|6|6|6|7
27696,2,False,2,1,2,2|2|2|2|2|9|2|2|2|2
27700,1,False,1,3,1,1|1|1|1|5|1|1|5|1|5
27701,5,False,5,7,3,3|5|3|3|5|3|3|3|3|5
27712,3,True,7,10,7,7|7|7|7|7|7|7|7|7|7
27715,1,True,8,9,0,0|0|6|0|0|1|0|0|0|8
27729,2,False,2,1,2,2|2|2|2|2|9|2|2|2|2
27762,4,False,4,0,4,4|4|4|4|4|4|4|4|4|4
27780,6,True,0,10,0,0|0|0|0|0|1|0|0|0|0
27781,3,True,7,10,7,7|7|7|7|7|7|7|7|7|7
27795,2,False,2,4,2,0|2|2|2|2|4|6|2|4|2
27798,9,False,9,1,9,9|5|9|9|9|9|9|9|9|9
27802,1,False,1,5,-1,1|2|2|1|2|1|1|2|2|1
27807,5,True,9,9,9,9|5|9|9|9|9|9|9|9|9
27817,1,True,4,10,4,4|4|4|4|4|4|4|4|4|4
27823,2,False,2,1,2,2|2|2|2|2|4|2|2|2|2
27861,1,True,8,9,8,8|8|8|8|8|1|8|8|8|8
27863,5,True,2,10,0,6|0|0|2|2|7|6|0|2|0
27869,5,False,5,0,5,5|5|5|5|5|5|5|5|5|5
27871,1,False,1,2,1,1|1|1|1|5|1|1|5|1|1
27873,0,False,0,0,0,0|0|0|0|0|0|0|0|0|0
27876,1,True,3,10,3,3|3|3|3|3|3|3|3|3|3
27892,5,False,5,4,5,5|5|1|5|5|3|3|5|3|5
27900,9,False,9,0,9,9|9|9|9|9|9|9|9|9|9
27906,3,False,3,5,3,3|5|5|3|3|3|5|3|5|1
27915,7,False,7,1,7,7|7|7|7|7|7|7|9|7|7
27919,1,True,8,10,8,8|8|8|8|8|8|8|8|8|8
27946,4,False,4,0,4,4|4|4|4|4|4|4|4|4|4
27951,7,False,7,4,7,7|7|3|7|7|3|7|7|3|3
27952,9,True,7,10,7,7|7|3|7|7|7|7|7|3|7
27968,5,False,5,3,5,4|5|5|5|5|1|1|5|5|5
27969,3,True,7,10,7,7|7|7|7|7|7|7|7|7|7
27970,5,True,1,9,1,1|1|1|1|5|1|1|1|1|1
27974,1,True,5,9,5,5|5|5|5|5|1|3|3|5|5
27975,9,False,9,2,9,5|9|5|9|9|9|9|9|9|9
27976,1,True,8,9,8,0|8|8|8|8|1|8|0|8|8
27991,5,False,5,1,5,5|5|5|5|5|1|5|5|5|5
27996,6,False,6,5,-1,8|8|6|6|8|8|6|6|6|8
27999,5,False,5,1,5,5|5|5|5|5|1|5|5|5|5
28007,5,False,5,7,-1,7|2|2|5|5|4|7|7|3|5
28009,0,False,0,0,0,0|0|0|0|0|0|0|0|0|0
28033,6,True,0,10,0,0|0|0|0|0|0|0|0|0|0
28036,0,False,0,0,0,0|0|0|0|0|0|0|0|0|0
28041,1,False,1,7,5,5|1|5|5|5|1|1|5|5|5
28056,6,False,6,0,6,6|6|6|6|6|6|6|6|6|6
28057,2,False,2,1,2,2|2|2|2|2|9|2|2|2|2
28063,6,True,0,10,0,0|0|0|0|0|0|0|0|0|0
28069,5,False,5,1,5,5|5|5|5|5|1|5|5|5|5
28099,1,True,5,9,3,5|3|3|3|5|1|3|3|3|3
28103,1,True,8,10,8,8|8|8|8|8|8|8|8|8|8
28148,9,True,1,10,1,1|2|1|1|1|1|1|1|1|1
28166,9,False,9,2,9,5|9|9|9|9|9|9|9|5|9
28201,7,False,7,0,7,7|7|7|7|7|7|7|7|7|7
28217,5,False,5,0,5,5|5|5|5|5|5|5|5|5|5
28237,1,True,3,10,3,3|3|3|3|3|3|3|3|3|3
28242,3,False,3,2,3,3|5|3|3|5|3|3|3|3|3
28253,1,True,3,8,5,5|5|5|3|5|1|3|5|5|1
28254,8,True,6,10,6,6|6|7|6|6|6|6|6|6|6
28260,4,False,4,3,4,4|4|7|4|4|4|0|4|0|4
28265,5,True,1,10,1,1|1|2|1|1|1|1|2|1|1
28278,4,False,4,0,4,4|4|4|4|4|4|4|4|4|4
28288,1,False,1,3,1,1|1|2|1|1|1|1|2|2|1
28310,8,False,8,0,8,8|8|8|8|8|8|8|8|8|8
28328,9,True,7,10,7,7|2|3|3|7|7|3|7|7|3
28335,1,False,1,3,1,1|1|2|1|5|1|1|5|1|1
28337,5,True,9,10,9,9|9|9|9|9|9|9|9|9|9
28346,4,False,4,1,4,4|4|2|4|4|4|4|4|4|4
28347,1,False,1,10,0,0|0|8|0|8|0|0|0|0|0
28348,9,True,2,10,2,2|4|2|4|2|4|2|2|2|2
28366,7,False,7,7,2,7|2|2|2|7|4|2|7|4|9
28374,8,True,6,10,6,6|6|6|6|6|6|6|6|6|6
28400,0,False,0,1,0,0|0|0|0|0|9|0|0|0|0
28405,5,True,9,8,9,9|5|9|9|9|9|9|9|5|9
28414,4,False,4,0,4,4|4|4|4|4|4|4|4|4|4
28424,8,False,8,0,8,8|8|8|8|8|8|8|8|8|8
28430,5,False,5,1,5,5|5|5|5|5|1|5|5|5|5
28432,6,False,6,0,6,6|6|6|6|6|6|6|6|6|6
28439,1,True,5,10,5,5|6|5|5|5|5|5|5|6|5
28442,5,False,5,9,3,3|3|3|3|5|3|3|3|3|3
28445,7,True,6,4,7,7|6|7|6|6|7|6|7|7|7
28459,5,True,9,10,9,9|9|9|9|9|9|9|9|9|9
28460,5,False,5,7,3,5|3|5|3|5|1|3|3|3|3
28492,6,False,6,0,6,6|6|6|6|6|6|6|6|6|6
28499,1,True,8,10,8,8|8|8|8|8|8|8|8|8|8
28502,3,True,7,8,7,7|7|3|7|7|7|7|7|3|7
28514,9,False,9,1,9,5|9|9|9|9|9|9|9|9|9
28526,1,False,1,3,1,9|1|1|1|2|1|1|2|1|1
28546,8,False,8,0,8,8|8|8|8|8|8|8|8|8|8
28548,0,False,0,0,0,0|0|0|0|0|0|0|0|0|0
28564,9,True,2,10,0,0|0|0|0|0|0|0|0|0|0
28576,1,True,4,10,4,4|4|3|4|4|4|8|4|4|4
28577,1,True,4,10,6,6|6|4|4|6|3|8|6|6|4
28590,1,True,4,10,4,4|4|4|4|4|4|4|4|4|4
28614,4,False,4,0,4,4|4|4|4|4|4|4|4|4|4
28615,1,False,1,4,1,1|5|1|1|5|1|1|5|5|1
28621,8,True,6,10,6,6|7|6|6|6|6|6|6|6|6
28627,6,True,0,10,0,0|0|0|0|0|0|0|0|0|0
28628,2,False,2,2,2,2|2|5|2|2|4|2|2|2|2
28635,5,True,9,10,0,0|0|0|0|9|0|9|0|0|0
28638,7,False,7,0,7,7|7|7|7|7|7|7|7|7|7
28641,9,True,2,10,2,2|2|2|5|2|5|2|2|5|2
28646,5,True,2,10,2,2|2|2|2|2|7|2|2|2|2
28648,9,True,2,9,2,2|2|2|4|2|4|1|2|4|9
28661,1,True,5,9,5,5|5|5|5|5|1|6|5|5|5
28665,0,False,0,1,0,0|0|0|0|0|0|0|0|8|0
28666,1,True,4,10,4,4|4|4|4|4|4|4|4|4|4
28676,4,False,4,0,4,4|4|4|4|4|4|4|4|4|4
28678,8,True,6,10,6,6|6|6|6|6|6|6|6|6|6
28691,1,True,5,9,5,3|1|3|4|5|3|5|5|7|5
28697,3,False,3,0,3,3|3|3|3|3|3|3|3|3|3
28736,5,False,5,1,5,5|5|5|5|5|5|5|5|5|2
28744,4,False,4,1,4,4|4|2|4|4|4|4|4|4|4
28749,7,True,6,7,4,7|6|8|4|4|4|7|7|4|6
28769,1,True,4,10,4,4|4|4|4|4|4|4|4|4|4
28776,8,True,6,10,6,6|6|6|6|6|6|6|6|7|6
28779,5,False,5,1,5,5|5|5|5|5|1|5|5|5|5
28784,1,False,1,5,1,1|0|5|0|0|1|1|0|1|1
28803,1,True,4,10,4,4|4|4|4|4|4|4|4|4|4
28818,2,True,1,9,1,1|1|1|1|1|1|1|2|1|1
28823,1,True,4,10,4,4|4|4|4|4|4|4|4|4|4
28828,0,False,0,0,0,0|0|0|0|0|0|0|0|0|0
28835,5,True,3,2,5,5|5|5|5|5|1|3|5|5|5
28837,4,False,4,0,4,4|4|4|4|4|4|4|4|4|4
28844,1,False,1,2,1,1|1|1|1|5|1|1|2|1|1
28850,9,False,9,0,9,9|9|9|9|9|9|9|9|9|9
28865,0,False,0,0,0,0|0|0|0|0|0|0|0|0|0
28867,9,True,2,10,2,2|2|2|2|2|4|2|2|2|2
28869,6,False,6,0,6,6|6|6|6|6|6|6|6|6|6
28873,1,False,1,2,1,1|1|1|1|2|1|1|5|1|1
28882,1,False,1,3,1,1|1|1|5|5|1|1|5|1|1
28890,2,False,2,1,2,2|2|2|2|2|9|2|2|2|2
28891,3,False,3,0,3,3|3|3|3|3|3|3|3|3|3
28903,4,False,4,0,4,4|4|4|4|4|4|4|4|4|4
28908,5,True,9,8,9,5|9|5|9|9|9|9|9|9|9
28916,4,True,7,10,7,7|5|9|7|7|7|7|9|7|9
28924,0,False,0,0,0,0|0|0|0|0|0|0|0|0|0
28926,1,False,1,4,1,1|1|5|1|5|1|1|2|5|1
28927,2,False,2,3,2,2|7|2|2|2|7|2|2|2|7
28930,0,False,0,0,0,0|0|0|0|0|0|0|0|0|0
28932,9,False,9,1,9,9|9|9|9|9|9|9|9|5|9
28937,2,True,1,9,1,5|1|1|1|5|5|1|2|1|1
28965,7,False,7,0,7,7|7|7|7|7|7|7|7|7|7
28977,9,True,7,6,7,7|9|2|7|7|9|7|9|7|9
28978,0,False,0,0,0,0|0|0|0|0|0|0|0|0|0
28983,3,False,3,2,3,3|3|3|3|5|3|3|3|3|1
28991,3,False,3,0,3,3|3|3|3|3|3|3|3|3|3
28992,6,False,6,1,6,8|6|6|6|6|6|6|6|6|6
29013,9,False,9,7,5,5|5|5|9|5|9|5|9|5|5
29028,3,False,3,6,3,3|3|5|9|4|9|3|2|5|3
29029,1,False,1,3,1,1|1|5|1|5|1|1|2|1|1
29035,7,False,7,0,7,7|7|7|7|7|7|7|7|7|7
29045,5,True,9,8,9,5|5|9|9|9|9|9|9|9|9
29055,8,False,8,0,8,8|8|8|8|8|8|8|8|8|8
29056,8,False,8,0,8,8|8|8|8|8|8|8|8|8|8
29078,8,False,8,9,0,0|0|0|0|0|1|0|8|0|0
29084,1,True,3,10,-1,3|5|5|5|5|3|5|3|3|3
29086,4,False,4,2,4,4|4|5|4|5|4|4|4|4|4
29087,2,False,2,1,2,2|2|2|2|2|7|2|2|2|2
29099,6,True,0,10,0,0|0|0|0|0|0|0|0|0|0
29105,9,False,9,4,9,5|5|5|9|9|9|9|9|5|9
29140,6,True,0,10,0,0|0|0|0|0|0|0|0|0|0
29150,2,False,2,0,2,2|2|2|2|2|2|2|2|2|2
29163,1,True,4,10,4,4|4|4|4|4|4|4|4|4|4
29164,6,False,6,2,6,6|6|8|6|6|6|6|8|6|6
29168,9,False,9,0,9,9|9|9|9|9|9|9|9|9|9
29178,7,False,7,0,7,7|7|7|7|7|7|7|7|7|7
29183,5,True,4,10,4,4|4|2|4|4|4|4|4|4|1
29188,2,True,1,6,1,1|2|2|1|1|1|1|2|1|2
29191,6,False,6,8,2,2|9|2|2|7|6|2|6|1|9
29201,3,False,3,7,0,6|0|3|3|0|0|0|3|2|0
29228,9,False,9,1,9,9|9|9|9|9|9|9|9|5|9
29259,6,False,6,0,6,6|6|6|6|6|6|6|6|6|6
29270,1,False,1,2,1,1|1|1|1|5|1|1|5|1|1
29271,2,True,5,10,4,4|5|4|4|5|4|3|4|5|5
29286,0,False,0,0,0,0|0|0|0|0|0|0|0|0|0
29311,1,False,1,8,5,5|9|1|5|5|5|9|5|5|1
29329,1,True,4,10,4,4|4|4|4|4|4|4|4|4|4
29330,1,False,1,3,1,1|1|2|1|5|1|1|2|1|1
29342,1,True,5,9,5,5|5|5|5|5|1|5|5|5|5
29343,0,False,0,0,0,0|0|0|0|0|0|0|0|0|0
29379,9,True,2,10,2,2|2|2|2|2|2|2|2|2|2
29394,2,True,1,9,5,9|5|5|9|5|1|5|2|5|9
29409,1,False,1,2,1,1|1|1|1|5|1|1|2|1|1
29416,9,True,7,9,7,7|7|7|7|7|7|7|9|7|7
29434,6,False,6,0,6,6|6|6|6|6|6|6|6|6|6
29441,7,False,7,1,7,7|7|7|7|7|9|7|7|7|7
29467,3,False,3,1,3,3|3|3|3|9|3|3|3|3|3
29480,0,False,0,0,0,0|0|0|0|0|0|0|0|0|0
29493,1,True,8,10,8,8|8|8|8|8|8|8|8|8|8
29494,5,True,1,7,1,5|1|1|1|5|1|1|5|1|1
29508,5,False,5,10,3,3|3|3|3|2|3|3|3|3|3
29519,5,True,9,10,9,9|9|9|9|9|9|9|9|9|9
29521,5,False,5,1,5,5|5|5|5|5|1|5|5|5|5
29533,4,True,7,10,7,7|7|3|7|7|7|7|7|7|7
29539,4,False,4,0,4,4|4|4|4|4|4|4|4|4|4
29553,8,False,8,0,8,8|8|8|8|8|8|8|8|8|8
29561,1,True,3,10,3,3|5|3|3|5|5|3|3|3|5
29602,9,False,9,1,9,9|5|9|9|9|9|9|9|9|9
29632,4,False,4,9,8,8|1|8|8|8|8|8|4|8|8
29633,2,True,1,7,1,1|1|1|1|2|1|1|2|2|1
29636,2,False,2,3,2,2|2|2|4|2|4|4|2|2|2
29645,5,True,2,10,2,2|2|2|2|2|3|2|2|2|2
29715,4,True,2,10,2,2|2|2|2|2|9|2|2|2|2
29722,8,False,8,0,8,8|8|8|8|8|8|8|8|8|8
29731,6,False,6,1,6,7|6|6|6|6|6|6|6|6|6
29736,6,False,6,0,6,6|6|6|6|6|6|6|6|6|6
29755,5,False,5,10,3,7|3|3|3|9|3|3|3|3|3
29779,2,False,2,8,0,0|0|4|0|0|6|0|2|2|8
29782,1,True,8,10,8,8|8|8|8|8|8|8|8|8|8
29797,6,False,6,0,6,6|6|6|6|6|6|6|6|6|6
29799,1,True,4,10,2,4|2|2|2|2|4|2|2|2|2
29809,1,False,1,2,1,1|1|1|1|9|1|1|2|1|1
29810,3,False,3,1,3,3|3|3|3|3|1|3|3|3|3
29817,2,True,5,8,5,5|2|2|5|5|5|5|5|5|5
29831,6,False,6,0,6,6|6|6|6|6|6|6|6|6|6
29837,0,False,0,0,0,0|0|0|0|0|0|0|0|0|0
29872,9,True,7,10,7,7|7|7|7|7|7|7|7|7|7
29879,6,True,0,10,0,0|0|0|0|0|0|0|0|0|0
29888,0,False,0,0,0,0|0|0|0|0|0|0|0|0|0
29897,9,True,2,9,-1,7|7|2|3|2|7|9|2|3|5
29910,7,False,7,8,3,3|3|3|3|3|7|3|7|6|3
29929,8,False,8,0,8,8|8|8|8|8|8|8|8|8|8
29951,8,False,8,1,8,8|8|8|8|8|1|8|8|8|8
29954,1,True,8,10,8,8|8|8|8|8|8|8|8|8|8
29997,3,False,3,0,3,3|3|3|3|3|3|3|3|3|3
29998,7,False,7,7,4,4|4|3|7|4|4|8|7|7|4
30002,0,False,0,1,0,6|0|0|0|0|0|0|0|0|0
30010,1,True,5,9,5,5|5|5|5|5|1|5|5|5|5
30020,1,True,4,10,4,4|2|2|7|4|4|4|4|2|2
30030,2,True,7,10,7,7|7|3|7|7|7|7|4|7|7
30040,2,False,2,2,2,2|2|0|2|2|4|2|2|2|2
30053,6,True,7,10,7,7|7|3|3|7|7|7|3|7|3
30056,9,False,9,5,-1,9|9|9|8|8|8|9|8|9|8
30066,7,False,7,0,7,7|7|7|7|7|7|7|7|7|7
30088,1,False,1,6,1,8|1|2|8|5|1|1|8|2|1
30128,6,False,6,3,6,6|8|6|6|8|8|6|6|6|6
30142,8,False,8,0,8,8|8|8|8|8|8|8|8|8|8
30152,0,False,0,1,0,6|0|0|0|0|0|0|0|0|0
30153,1,True,4,10,4,4|4|4|4|4|4|4|4|4|4
30156,1,True,4,10,4,4|4|7|4|4|4|4|4|4|7
30163,7,False,7,1,7,7|7|7|7|7|7|7|7|3|7
30198,2,True,1,9,5,5|1|5|5|5|5|1|2|5|5
30205,0,False,0,8,8,8|8|8|4|8|8|8|0|0|4
30206,2,True,4,9,4,4|4|4|4|4|4|4|2|4|4
30208,5,True,1,9,1,1|1|1|1|5|1|1|1|1|1
30218,1,False,1,1,1,1|1|1|1|1|1|1|2|1|1
30226,4,False,4,0,4,4|4|4|4|4|4|4|4|4|4
30229,9,True,2,9,2,2|2|2|2|2|9|2|2|2|2
30237,2,False,2,1,2,2|2|2|2|2|4|2|2|2|2
30241,9,True,2,9,2,2|2|2|2|2|9|6|2|2|2
30245,5,True,1,9,1,1|1|2|1|5|1|1|2|2|1
30253,9,True,7,9,7,5|7|7|5|7|3|5|9|7|7
30256,4,False,4,0,4,4|4|4|4|4|4|4|4|4|4
30280,0,False,0,0,0,0|0|0|0|0|0|0|0|0|0
30296,7,False,7,2,7,3|7|7|7|7|7|3|7|7|7
30297,0,False,0,1,0,6|0|0|0|0|0|0|0|0|0
30303,1,True,8,10,8,8|8|8|8|8|8|8|8|8|8
30311,3,False,3,2,3,3|4|3|3|4|3|3|3|3|3
30313,1,False,1,3,1,1|1|1|1|1|1|3|2|2|1
30314,1,False,1,3,1,1|1|2|1|2|1|1|2|1|1
30315,2,False,2,1,2,2|2|2|2|2|9|2|2|2|2
30322,1,True,8,10,-1,8|0|8|8|0|0|0|0|8|8
30328,8,False,8,0,8,8|8|8|8|8|8|8|8|8|8
30330,4,True,7,10,7,7|7|7|7|7|7|7|7|7|3
30334,6,False,6,9,2,2|2|2|2|2|9|2|6|2|2
30338,1,True,3,10,3,3|3|3|3|3|3|3|3|3|3
30341,7,True,4,10,4,4|4|4|4|4|4|4|4|4|4
30342,1,True,5,9,5,5|5|5|5|5|1|5|5|5|5
30345,5,True,4,10,4,7|4|3|4|4|4|4|4|4|7
30357,8,False,8,0,8,8|8|8|8|8|8|8|8|8|8
30367,6,False,6,1,6,6|6|6|6|6|8|6|6|6|6
30379,9,False,9,0,9,9|9|9|9|9|9|9|9|9|9
30380,8,False,8,0,8,8|8|8|8|8|8|8|8|8|8
30383,6,True,0,10,0,0|0|0|0|0|0|0|0|0|0
30385,3,True,7,8,7,7|3|7|7|7|7|7|7|7|3
30402,2,False,2,1,2,2|2|2|2|2|2|8|2|2|2
30419,9,True,7,10,7,7|3|3|7|7|7|7|7|7|7
30438,8,False,8,0,8,8|8|8|8|8|8|8|8|8|8
30441,1,True,5,10,5,5|5|5|5|5|5|7|2|5|5
30446,2,True,1,5,2,1|2|2|8|2|1|1|2|2|1
30460,1,True,8,10,8,8|8|8|8|8|8|8|8|8|8
30470,0,True,2,10,2,4|2|4|3|2|4|4|2|2|2
30474,4,False,4,0,4,4|4|4|4|4|4|4|4|4|4
30478,2,False,2,7,6,6|7|2|6|6|6|6|2|6|2
30482,2,True,5,10,5,7|5|5|3|5|5|5|5|5|5
30485,8,True,6,10,6,6|6|6|6|6|6|6|6|6|6
30487,0,False,0,2,0,0|0|0|0|0|6|0|0|8|0
30504,8,False,8,0,8,8|8|8|8|8|8|8|8|8|8
30512,6,False,6,1,6,6|8|6|6|6|6|6|6|6|6
30553,1,False,1,4,1,1|1|5|5|5|1|1|1|5|1
30556,7,False,7,0,7,7|7|7|7|7|7|7|7|7|7
30581,7,False,7,0,7,7|7|7|7|7|7|7|7|7|7
30585,4,False,4,0,4,4|4|4|4|4|4|4|4|4|4
30589,4,False,4,0,4,4|4|4|4|4|4|4|4|4|4
30592,7,False,7,0,7,7|7|7|7|7|7|7|7|7|7
30619,5,True,9,9,9,9|5|9|9|9|9|9|9|9|9
30627,4,False,4,0,4,4|4|4|4|4|4|4|4|4|4
30640,8,False,8,0,8,8|8|8|8|8|8|8|8|8|8
30644,6,False,6,2,6,6|6|8|6|6|8|6|6|6|6
30650,2,True,1,9,1,1|1|1|1|5|1|1|2|1|1
30661,5,True,1,3,5,5|5|5|5|5|1|1|5|5|1
30676,1,False,1,3,1,1|1|8|1|1|1|1|2|1|5
30682,7,True,6,10,6,6|6|6|6|6|6|6|6|6|6
30691,8,False,8,0,8,8|8|8|8|8|8|8|8|8|8
30706,8,True,6,10,6,6|6|6|6|6|6|6|6|6|6
30711,1,True,5,9,5,5|5|5|5|5|1|5|5|5|5
30717,9,False,9,4,9,5|9|5|9|9|9|1|9|5|9
30721,3,False,3,8,5,5|5|5|5|5|5|5|3|3|5
30726,9,True,2,10,2,2|2|3|2|2|3|2|2|2|2
30739,6,False,6,0,6,6|6|6|6|6|6|6|6|6|6
30749,0,False,0,0,0,0|0|0|0|0|0|0|0|0|0
30759,7,True,6,10,3,3|3|3|3|3|3|3|3|3|3
30768,1,False,1,5,1,1|2|1|1|2|5|1|2|2|1
30786,4,True,2,9,2,2|2|2|2|2|4|2|2|2|2
30789,3,False,3,0,3,3|3|3|3|3|3|3|3|3|3
30801,1,True,4,10,4,4|4|4|4|4|4|4|4|4|4
30804,2,True,1,7,1,1|1|1|1|2|1|1|2|2|1
30808,8,False,8,0,8,8|8|8|8|8|8|8|8|8|8
30811,0,False,0,4,0,0|8|8|0|0|1|0|0|8|0
30814,1,False,1,10,9,9|9|5|9|9|9|9|9|9|9
30823,9,False,9,8,2,2|2|2|1|5|9|2|9|1|5
30836,2,False,2,1,2,2|2|2|2|2|5|2|2|2|2
30847,2,True,5,10,5,5|5|5|5|5|1|5|5|5|5
30850,5,True,9,10,9,9|9|9|9|9|9|9|9|9|9
30851,1,False,1,4,1,1|1|1|5|5|1|1|5|5|1
30854,8,False,8,0,8,8|8|8|8|8|8|8|8|8|8
30857,4,False,4,0,4,4|4|4|4|4|4|4|4|4|4
30876,9,True,7,10,7,7|7|7|7|7|7|7|7|7|7
30891,1,False,1,2,1,1|1|1|0|5|1|1|1|1|1
30905,2,False,2,5,2,4|4|2|2|0|4|2|2|4|2
30911,1,True,4,10,4,4|4|4|4|4|4|4|4|4|4
30914,0,False,0,0,0,0|0|0|0|0|0|0|0|0|0
30915,1,True,4,10,4,4|4|4|4|4|4|4|4|4|4
30927,2,True,5,4,2,2|2|2|5|2|3|2|2|5|5
30932,9,False,9,3,9,0|0|9|9|9|0|9|9|9|9
30937,1,True,8,10,8,8|8|8|8|8|8|8|8|8|8
30970,5,True,4,10,7,2|1|8|4|7|7|0|4|3|7
30974,2,False,2,0,2,2|2|2|2|2|2|2|2|2|2
30979,6,True,0,10,0,0|0|0|0|0|0|0|0|0|0
30999,1,False,1,3,1,1|1|1|1|2|1|1|2|2|1
31006,4,False,4,0,4,4|4|4|4|4|4|4|4|4|4
31009,9,False,9,2,9,9|5|5|9|9|9|9|9|9|9
31013,3,False,3,3,3,3|3|3|5|3|3|5|3|7|3
31019,1,False,1,2,1,1|1|1|1|5|1|1|5|1|1
31061,1,True,4,10,4,4|4|4|4|4|4|4|4|4|4
31064,5,False,5,1,5,5|5|5|5|5|1|5|5|5|5
31072,5,True,1,9,1,1|1|1|1|5|1|1|1|1|1
31088,4,False,4,5,-1,4|4|7|4|4|7|7|4|7|7
31092,4,False,4,0,4,4|4|4|4|4|4|4|4|4|4
31108,7,True,6,9,6,6|6|6|6|6|6|6|7|6|6
31110,1,False,1,2,1,1|1|1|1|5|1|1|5|1|1
31118,6,False,6,4,6,6|6|7|6|6|1|8|6|6|8
31135,8,True,6,10,6,6|6|6|6|6|6|6|6|6|6
31137,5,False,5,9,3,3|3|3|3|5|3|3|3|2|3
31144,6,True,0,10,0,8|0|0|0|8|0|0|0|0|0
31146,1,True,3,10,3,3|3|3|3|3|3|3|3|3|3
31158,1,False,1,4,1,1|1|2|1|2|1|1|2|2|1
31169,2,False,2,9,6,3|6|8|2|7|3|6|6|6|6
31189,8,False,8,0,8,8|8|8|8|8|8|8|8|8|8
31193,1,False,1,6,5,5|1|5|5|5|1|1|5|1|5
31217,7,False,7,0,7,7|7|7|7|7|7|7|7|7|7
31219,8,False,8,0,8,8|8|8|8|8|8|8|8|8|8
31257,6,False,6,1,6,6|6|6|6|6|6|6|6|8|6
31270,6,False,6,10,2,2|2|2|2|2|9|2|2|2|2
31281,4,False,4,0,4,4|4|4|4|4|4|4|4|4|4
31316,7,False,7,0,7,7|7|7|7|7|7|7|7|7|7
31317,8,False,8,0,8,8|8|8|8|8|8|8|8|8|8
31321,7,False,7,3,7,3|7|7|3|7|7|7|7|3|7
31334,7,True,6,10,6,6|6|6|6|6|6|6|6|6|6
31340,8,False,8,2,8,6|8|8|8|8|8|8|8|6|8
31345,1,False,1,3,1,1|1|2|1|5|1|1|2|1|1
31385,5,True,9,10,8,8|8|8|8|8|9|8|9|8|9
31404,1,True,3,10,4,7|3|4|4|4|9|3|4|2|4
31407,2,True,1,9,1,1|1|1|5|5|1|1|2|5|1
31424,8,False,8,0,8,8|8|8|8|8|8|8|8|8|8
31434,4,False,4,8,2,2|2|2|4|2|4|2|6|2|6
31436,7,False,7,0,7,7|7|7|7|7|7|7|7|7|7
31438,2,False,2,1,2,2|2|2|2|2|9|2|2|2|2
31440,3,False,3,2,3,3|1|3|3|9|3|3|3|3|3
31461,2,True,7,10,7,7|7|7|7|7|4|7|4|7|7
31476,1,True,4,8,4,4|0|8|0|4|1|1|4|4|4
31480,8,False,8,0,8,8|8|8|8|8|8|8|8|8|8
31489,8,False,8,0,8,8|8|8|8|8|8|8|8|8|8
31497,8,False,8,0,8,8|8|8|8|8|8|8|8|8|8
31518,3,True,7,10,7,7|7|7|7|7|7|7|7|7|7
31522,5,True,1,10,1,1|1|1|1|1|1|1|2|1|1
31533,9,False,9,7,5,5|5|5|5|9|5|9|9|5|5
31536,4,False,4,6,4,4|6|8|4|9|4|1|4|6|1
31543,5,False,5,9,3,3|3|5|3|3|3|3|3|3|3
31548,5,False,5,1,5,5|5|5|5|5|1|5|5|5|5
31570,7,True,6,10,6,6|4|8|4|6|6|6|4|6|6
31573,7,False,7,4,7,7|4|7|7|4|7|7|4|7|4
31582,6,True,5,10,3,5|3|3|3|3|3|3|3|3|3
31600,0,False,0,0,0,0|0|0|0|0|0|0|0|0|0
31605,5,True,9,10,9,9|9|9|9|9|9|9|9|9|9
31609,1,True,4,10,4,4|4|4|4|4|4|4|4|4|4
31617,1,True,8,10,8,8|8|8|8|8|8|8|8|8|8
31633,3,False,3,6,5,5|3|3|3|5|1|3|5|5|5
31637,5,True,9,10,9,9|9|9|9|9|9|9|9|9|9
31639,6,False,6,3,6,8|6|8|6|8|6|6|6|6|6
31643,5,True,9,10,9,9|9|9|9|9|9|9|9|9|9
31651,6,False,6,5,6,6|6|8|6|8|8|6|6|7|7
31652,1,True,8,10,8,8|8|8|8|8|8|8|8|8|8
31654,0,False,0,0,0,0|0|0|0|0|0|0|0|0|0
31667,2,True,5,10,7,7|3|3|7|7|7|7|9|3|5
31700,0,False,0,1,0,0|0|0|0|0|0|0|0|1|0
31712,1,True,3,10,3,3|3|3|0|4|3|0|0|3|3
31716,1,True,5,10,7,7|7|2|7|9|4|7|7|2|7
31718,7,False,7,0,7,7|7|7|7|7|7|7|7|7|7
31724,1,False,1,3,1,1|1|1|5|5|1|1|2|1|1
31725,8,False,8,0,8,8|8|8|8|8|8|8|8|8|8
31728,6,True,0,10,0,0|0|0|0|0|0|0|0|0|0
31735,1,True,4,10,4,4|4|4|4|4|4|4|4|4|4
31745,1,True,8,10,8,8|8|8|8|8|8|8|8|8|8
31767,4,False,4,9,3,3|3|5|4|2|9|5|3|3|5
31771,9,False,9,1,9,9|5|9|9|9|9|9|9|9|9
31776,1,False,1,3,1,1|1|1|1|5|1|1|8|1|5
31792,8,True,6,9,6,6|6|7|6|6|8|6|6|6|7
31810,1,True,8,10,8,8|8|8|8|8|8|0|0|8|8
31816,1,True,8,10,8,8|8|8|8|8|8|0|8|8|8
31822,9,True,7,10,7,7|7|7|7|7|7|7|7|7|7
31828,7,False,7,8,3,7|4|3|3|7|4|3|4|3|3
31833,5,False,5,1,5,5|5|5|5|5|1|5|5|5|5
31868,3,False,3,9,5,5|5|5|7|5|3|7|7|4|2
31878,5,True,9,5,-1,5|5|5|5|9|5|9|9|9|9
31881,5,True,9,10,0,0|0|0|0|0|1|0|0|0|0
31884,2,False,2,3,2,2|2|2|2|4|4|2|2|4|2
31897,9,True,2,10,6,6|6|8|6|6|6|6|2|6|6
31898,4,False,4,0,4,4|4|4|4|4|4|4|4|4|4
31915,8,False,8,0,8,8|8|8|8|8|8|8|8|8|8
31921,7,False,7,0,7,7|7|7|7|7|7|7|7|7|7
31929,1,True,8,10,8,8|8|8|8|8|8|8|8|8|8
31930,8,False,8,0,8,8|8|8|8|8|8|8|8|8|8
31951,1,False,1,2,1,1|1|1|1|2|1|1|2|1|1
31979,9,True,2,10,2,2|2|2|2|2|2|2|2|2|2
31985,1,False,1,3,1,1|1|1|1|5|1|1|2|2|1
32014,8,False,8,0,8,8|8|8|8|8|8|8|8|8|8
32016,0,False,0,0,0,0|0|0|0|0|0|0|0|0|0
32037,8,False,8,1,8,8|0|8|8|8|8|8|8|8|8
32038,8,False,8,0,8,8|8|8|8|8|8|8|8|8|8
32039,5,True,9,9,9,9|5|9|9|9|9|9|9|9|9
32048,2,True,5,10,5,5|3|5|3|5|1|3|5|5|5
32064,5,True,9,6,9,5|9|5|9|5|9|9|9|5|9
32075,1,True,3,10,3,3|3|3|3|3|3|3|3|3|3
32080,6,False,6,1,6,6|6|8|6|6|6|6|6|6|6
32082,7,True,6,10,6,8|6|6|6|6|6|6|6|6|6
32084,5,True,9,8,9,9|5|5|9|9|9|9|9|9|9
32088,4,False,4,0,4,4|4|4|4|4|4|4|4|4|4
32098,3,False,3,2,3,3|3|3|3|3|3|3|3|5|5
32103,4,True,2,10,2,2|2|2|9|2|2|2|2|2|2
32117,9,True,4,10,4,4|4|4|4|4|4|4|4|4|4
32135,1,False,1,3,1,1|5|1|8|5|1|1|1|1|1
32143,1,True,3,10,3,3|3|3|3|3|3|3|3|3|3
32148,7,False,7,1,7,7|7|7|7|7|7|7|7|7|9
32159,1,False,1,8,8,8|8|1|8|8|1|0|8|8|0
32160,3,False,3,0,3,3|3|3|3|3|3|3|3|3|3
32163,9,False,9,0,9,9|9|9|9|9|9|9|9|9|9
32173,6,True,0,10,0,0|0|0|0|0|0|0|0|0|0
32175,5,True,9,7,9,5|9|5|9|9|9|9|9|5|9
32180,1,True,3,10,3,3|3|3|3|9|7|3|3|3|3
32186,4,False,4,5,4,3|4|4|4|1|3|3|4|4|3
32189,5,True,1,8,1,1|1|1|1|5|1|1|5|1|1
32194,6,True,0,10,0,0|0|0|0|0|0|0|0|0|0
32200,1,True,8,10,8,8|8|8|8|8|8|8|8|8|8
32205,8,False,8,1,8,8|8|8|8|8|1|8|8|8|8
32208,3,True,7,10,4,4|4|4|4|4|4|4|4|4|4
32214,4,False,4,0,4,4|4|4|4|4|4|4|4|4|4
32217,6,True,0,10,0,0|0|0|0|0|0|0|0|0|0
32218,0,False,0,0,0,0|0|0|0|0|0|0|0|0|0
32219,3,False,3,10,5,5|5|5|5|5|1|5|5|5|5
32230,3,False,3,0,3,3|3|3|3|3|3|3|3|3|3
32239,7,False,7,2,7,0|7|7|7|2|7|7|7|7|7
32259,0,True,8,8,8,8|0|8|8|8|8|8|0|8|8
32270,4,False,4,2,4,4|4|4|4|1|4|3|4|4|4
32273,5,True,9,9,9,9|9|5|9|9|9|9|9|9|9
32287,7,False,7,0,7,7|7|7|7|7|7|7|7|7|7
32291,2,False,2,1,2,2|2|2|2|2|9|2|2|2|2
32306,8,False,8,3,8,8|8|8|8|8|7|8|8|0|0
32316,0,False,0,4,0,8|0|8|8|0|0|0|0|8|0
32344,6,False,6,1,6,6|6|6|6|8|6|6|6|6|6
32348,2,True,1,7,1,1|2|1|8|2|1|1|2|1|1
32352,5,False,5,1,5,5|5|5|5|5|1|5|5|5|5
32355,9,False,9,5,-1,9|5|5|5|9|9|9|9|5|5
32379,3,False,3,3,3,3|3|1|5|3|3|3|3|5|3
32387,2,False,2,1,2,2|2|2|2|2|9|2|2|2|2
32413,4,False,4,0,4,4|4|4|4|4|4|4|4|4|4
32422,6,False,6,6,-1,2|3|3|6|6|3|6|6|5|3
32434,6,False,6,5,6,6|6|4|6|4|4|6|6|4|7
32440,7,False,7,3,7,7|3|3|7|7|7|7|7|3|7
32446,2,True,4,10,4,4|4|1|4|4|4|4|4|4|7
32450,1,True,4,10,4,4|4|4|4|7|4|4|7|4|4
32463,8,False,8,0,8,8|8|8|8|8|8|8|8|8|8
32484,0,False,0,0,0,0|0|0|0|0|0|0|0|0|0
32549,5,True,9,9,9,9|5|9|9|9|9|9|9|9|9
32557,3,False,3,0,3,3|3|3|3|3|3|3|3|3|3
32563,5,True,9,10,9,9|9|9|9|9|9|9|9|9|9
32568,7,False,7,2,7,7|7|5|7|7|7|7|7|3|7
32583,3,False,3,4,3,3|3|4|3|4|4|3|3|3|1
32584,1,False,1,3,1,1|1|1|1|5|1|1|5|5|1
32616,7,True,6,10,6,6|6|6|6|6|6|6|6|6|6
32620,4,False,4,8,2,4|2|2|2|2|4|2|2|2|2
32637,8,True,6,10,6,6|6|7|6|6|6|6|6|7|6
32655,1,True,4,10,7,7|4|7|7|7|4|7|4|7|7
32662,0,False,0,0,0,0|0|0|0|0|0|0|0|0|0
32664,9,False,9,0,9,9|9|9|9|9|9|9|9|9|9
32672,1,True,3,10,6,6|6|6|3|7|3|6|6|7|6
32675,6,False,6,5,-1,8|8|8|6|8|6|6|6|8|6
32678,2,False,2,5,2,3|3|2|2|9|4|2|2|2|4
32685,1,True,3,9,3,7|3|3|3|5|1|3|3|3|5
32694,8,True,6,10,6,6|6|2|6|6|7|6|6|6|6
32700,7,False,7,0,7,7|7|7|7|7|7|7|7|7|7
32710,6,False,6,8,8,6|8|8|8|8|8|8|6|8|8
32722,4,False,4,1,4,4|4|4|4|4|4|4|4|4|2
32733,7,False,7,0,7,7|7|7|7|7|7|7|7|7|7
32735,5,True,9,3,5,5|5|5|9|5|9|5|5|9|5
32737,1,False,1,2,1,1|1|1|1|5|1|1|5|1|1
32749,1,False,1,2,1,1|1|2|1|1|1|1|2|1|1
32752,7,True,6,10,6,6|6|6|6|6|6|6|6|6|6
32755,5,True,9,10,9,9|9|9|9|9|9|9|9|9|9
32758,2,True,5,10,5,5|5|5|5|5|1|5|5|5|5
32770,1,True,5,10,5,3|5|5|5|5|3|3|3|5|5
32774,3,False,3,10,6,8|6|8|6|6|6|6|2|6|6
32778,9,False,9,0,9,9|9|9|9|9|9|9|9|9|9
32810,5,True,9,9,9,5|9|9|9|9|9|9|9|9|9
32830,6,True,0,10,8,8|8|0|8|8|8|8|0|0|8
32837,1,False,1,4,1,5|1|1|1|5|1|1|5|5|1
32864,5,False,5,6,3,3|3|5|3|5|1|3|5|5|3
32868,6,False,6,2,6,6|6|8|6|6|6|6|6|7|6
32885,6,True,0,10,0,0|8|0|0|0|1|0|0|8|0
32892,4,False,4,0,4,4|4|4|4|4|4|4|4|4|4
32943,2,False,2,1,2,2|2|2|9|2|2|2|2|2|2
32958,8,True,6,10,6,6|6|6|6|6|6|6|6|6|6
32959,5,True,1,7,1,1|1|1|5|5|1|1|1|5|1
32965,5,True,9,10,9,9|9|9|9|9|9|9|9|9|9
32967,0,False,0,0,0,0|0|0|0|0|0|0|0|0|0
32981,2,False,2,1,2,2|2|2|2|2|4|2|2|2|2
32986,3,False,3,7,4,1|3|3|4|4|4|4|3|2|4
32993,7,True,6,10,6,8|6|8|6|6|6|6|6|6|8
32996,2,False,2,2,2,2|2|3|2|2|2|2|7|2|2
33010,9,False,9,1,9,5|9|9|9|9|9|9|9|9|9
33019,7,False,7,10,4,4|4|4|4|4|4|3|4|1|3
33032,5,True,2,10,2,2|2|2|0|2|9|2|2|0|2
33035,5,False,5,2,5,5|5|5|5|5|1|3|5|5|5
33041,3,False,3,4,3,3|3|3|4|4|3|2|3|3|4
33049,3,False,3,0,3,3|3|3|3|3|3|3|3|3|3
33052,0,False,0,0,0,0|0|0|0|0|0|0|0|0|0
33053,9,False,9,0,9,9|9|9|9|9|9|9|9|9|9
33060,7,True,6,9,6,6|6|6|6|6|7|6|6|6|6
33092,3,False,3,0,3,3|3|3|3|3|3|3|3|3|3
33093,8,False,8,0,8,8|8|8|8|8|8|8|8|8|8
33099,4,False,4,10,0,0|0|8|0|8|1|8|0|0|8
33102,7,False,7,0,7,7|7|7|7|7|7|7|7|7|7
33114,1,False,1,3,1,1|1|1|5|5|1|1|5|1|1
33117,6,True,0,10,0,0|0|0|0|0|0|0|0|0|0
33126,1,False,1,6,5,5|1|5|5|5|1|1|5|5|1
33128,6,True,0,10,0,0|0|0|0|0|0|0|0|0|0
33129,4,False,4,1,4,4|4|4|7|4|4|4|4|4|4
33130,0,False,0,0,0,0|0|0|0|0|0|0|0|0|0
33152,4,True,2,10,0,2|2|8|0|2|0|0|2|0|0
33161,5,False,5,4,5,5|5|5|3|5|3|3|5|5|1
33175,2,False,2,1,2,2|2|2|2|2|4|2|2|2|2
33194,1,False,1,8,5,5|1|5|9|5|9|1|9|5|5
33201,8,True,6,8,6,6|6|8|6|8|6|6|9|6|6
33204,2,False,2,1,2,2|2|2|2|2|4|2|2|2|2
33212,7,True,6,9,6,6|6|6|6|6|7|6|6|6|6
33220,7,False,7,5,7,7|3|7|5|2|3|3|7|7|7
33224,9,False,9,1,9,9|9|5|9|9|9|9|9|9|9
33232,4,False,4,0,4,4|4|4|4|4|4|4|4|4|4
33258,6,True,0,10,0,0|0|0|0|0|0|0|0|0|0
33263,2,False,2,3,2,4|2|2|4|2|2|2|2|3|2
33272,1,True,4,10,4,4|4|4|4|4|4|4|4|4|4
33282,9,True,2,10,2,2|2|2|2|2|4|2|2|2|2
33286,2,False,2,10,6,6|0|3|6|9|3|7|6|3|6
33290,4,False,4,0,4,4|4|4|4|4|4|4|4|4|4
33301,3,False,3,9,8,1|1|8|8|8|8|8|3|8|0
33309,6,False,6,0,6,6|6|6|6|6|6|6|6|6|6
33313,5,False,5,2,5,5|5|5|5|5|3|5|5|3|5
33321,2,True,1,9,1,1|1|1|1|5|1|1|2|1|1
33328,0,False,0,2,0,0|0|0|0|0|8|0|0|0|8
33342,4,False,4,0,4,4|4|4|4|4|4|4|4|4|4
33350,9,True,2,8,2,2|6|0|2|9|9|3|2|2|2
33363,6,True,0,10,0,0|0|0|0|0|0|0|0|0|0
33368,6,True,0,10,0,0|0|0|0|0|0|0|0|0|0
33427,1,True,3,10,3,3|3|3|3|3|3|3|3|3|3
33452,5,True,1,9,1,1|1|5|8|8|1|1|1|1|1
33454,5,False,5,4,5,5|5|4|5|5|4|3|5|4|5
33458,4,False,4,0,4,4|4|4|4|4|4|4|4|4|4
33476,5,False,5,8,3,1|3|3|3|5|4|3|3|5|3
33482,1,True,4,10,4,4|4|4|4|4|4|4|4|4|4
33490,2,False,2,1,2,2|2|2|2|2|4|2|2|2|2
33525,1,True,3,10,7,4|7|3|7|4|7|7|7|7|4
33534,1,True,5,10,4,2|4|4|4|4|4|2|2|4|4
33542,0,False,0,0,0,0|0|0|0|0|0|0|0|0|0
33544,2,False,2,1,2,2|2|2|2|2|4|2|2|2|2
33545,9,True,1,10,1,1|1|1|1|5|1|1|5|1|1
33549,1,True,8,10,8,8|8|8|8|8|8|8|8|8|8
33565,6,False,6,6,6,0|6|8|0|6|7|6|0|7|6
33598,1,False,1,4,1,1|1|8|0|2|1|0|1|1|1
33603,6,True,0,10,0,0|0|0|0|0|0|0|0|0|0
33617,0,False,0,0,0,0|0|0|0|0|0|0|0|0|0
33619,6,False,6,4,6,8|6|8|6|8|6|6|6|2|6
33624,5,True,1,10,-1,1|1|2|1|2|1|2|2|2|1
33643,5,True,1,3,5,5|1|5|5|5|1|1|5|5|5
33676,9,False,9,3,9,3|5|3|9|9|9|9|9|9|9
33690,6,False,6,0,6,6|6|6|6|6|6|6|6|6|6
33701,6,False,6,0,6,6|6|6|6|6|6|6|6|6|6
33705,5,True,1,4,5,1|1|5|5|5|1|1|5|5|5
33721,1,True,3,9,3,3|3|3|4|1|3|4|3|3|3
33726,6,False,6,1,6,6|6|6|6|8|6|6|6|6|6
33732,6,True,0,10,0,0|0|0|0|0|0|0|0|0|0
33735,4,False,4,10,7,7|3|7|7|7|7|7|7|7|7
33738,6,False,6,1,6,6|6|6|6|6|6|6|6|6|7
33750,0,False,0,0,0,0|0|0|0|0|0|0|0|0|0
33770,0,False,0,0,0,0|0|0|0|0|0|0|0|0|0
33782,0,True,9,10,5,5|5|5|1|5|9|5|1|5|9
33795,5,False,5,8,7,2|7|7|2|2|7|6|7|5|5
33810,3,False,3,4,3,5|3|3|3|5|1|3|3|3|5
33813,5,True,9,7,9,5|9|9|9|5|9|9|9|5|9
33845,1,False,1,2,1,1|1|1|1|5|1|1|5|1|1
33855,3,True,7,8,7,7|4|3|7|7|3|7|7|7|7
33881,2,False,2,4,2,2|2|4|2|2|4|0|2|2|0
33891,1,True,5,9,5,5|5|5|5|5|5|1|5|5|5
33903,3,False,3,0,3,3|3|3|3|3|3|3|3|3|3
33904,7,False,7,2,7,7|7|3|7|7|7|3|7|7|7
33916,3,False,3,0,3,3|3|3|3|3|3|3|3|3|3
33951,5,True,1,8,1,1|1|1|1|5|1|1|5|1|1
33952,3,False,3,0,3,3|3|3|3|3|3|3|3|3|3
34006,9,False,9,0,9,9|9|9|9|9|9|9|9|9|9
34008,5,False,5,0,5,5|5|5|5|5|5|5|5|5|5
34022,6,True,0,10,0,0|0|2|0|0|1|0|0|0|0
34076,8,True,6,8,6,6|6|8|6|6|6|6|6|8|6
34077,5,True,9,10,9,9|9|9|9|9|9|9|9|9|9
34090,5,True,1,9,1,1|1|1|1|1|1|1|5|1|1
34091,6,False,6,3,6,6|6|8|6|8|7|6|6|6|6
34115,2,False,2,2,2,2|2|2|9|2|9|2|2|2|2
34139,6,False,6,1,6,6|6|6|6|6|7|6|6|6|6
34145,5,True,1,10,1,1|1|1|1|2|1|1|2|2|1
34147,0,True,9,10,9,5|5|9|9|9|9|9|9|9|9
34151,2,True,7,10,7,7|7|7|7|7|7|7|9|7|7
34154,9,False,9,1,9,5|9|9|9|9|9|9|9|9|9
34182,1,True,4,10,4,4|4|4|4|4|4|4|4|4|4
34215,4,False,4,0,4,4|4|4|4|4|4|4|4|4|4
34248,8,False,8,7,0,0|0|8|0|0|6|0|8|8|0
34249,1,False,1,3,1,1|1|5|1|8|1|1|8|1|1
34250,0,False,0,0,0,0|0|0|0|0|0|0|0|0|0
34294,1,True,3,10,3,3|3|3|3|3|3|3|3|3|3
34297,3,False,3,1,3,3|3|3|3|9|3|3|3|3|3
34305,2,False,2,10,4,4|4|4|4|4|4|4|4|4|4
34308,7,False,7,0,7,7|7|7|7|7|7|7|7|7|7
34314,5,True,9,9,9,9|5|9|9|9|9|9|9|9|9
34316,4,False,4,0,4,4|4|4|4|4|4|4|4|4|4
34330,3,False,3,4,3,3|6|8|3|9|3|3|3|3|6
34334,1,True,3,9,4,1|3|3|4|4|4|2|3|4|2
34364,1,False,1,6,5,5|1|5|5|5|1|1|1|5|5
34373,9,True,2,10,6,8|6|8|6|8|6|6|6|6|6
34379,3,False,3,2,3,3|3|3|5|5|3|3|3|3|3
34419,8,False,8,1,8,8|8|8|0|8|8|8|8|8|8
34423,5,True,9,10,9,9|0|9|8|9|9|8|9|9|9
34449,2,False,2,5,2,2|2|7|2|7|7|0|0|2|2
34467,6,False,6,0,6,6|6|6|6|6|6|6|6|6|6
34477,4,False,4,0,4,4|4|4|4|4|4|4|4|4|4
34482,2,False,2,2,2,2|2|2|9|2|4|2|2|2|2
34485,5,True,9,7,9,5|5|5|9|9|9|9|9|9|9
34495,2,False,2,1,2,2|2|2|2|2|4|2|2|2|2
34522,8,False,8,0,8,8|8|8|8|8|8|8|8|8|8
34528,7,False,7,0,7,7|7|7|7|7|7|7|7|7|7
34531,5,False,5,1,5,5|5|5|5|5|1|5|5|5|5
34535,5,True,9,10,9,9|9|9|9|9|9|9|9|9|9
34538,9,False,9,8,-1,9|6|5|1|8|3|9|2|1|2
34542,7,True,6,9,6,6|6|8|6|6|6|6|6|7|6
34552,8,True,6,10,6,6|6|6|6|6|6|6|6|7|6
34556,4,False,4,0,4,4|4|4|4|4|4|4|4|4|4
34565,5,False,5,0,5,5|5|5|5|5|5|5|5|5|5
34570,4,False,4,4,4,4|3|2|4|4|4|4|2|2|4
34580,4,True,2,9,2,2|2|2|2|2|4|2|2|2|2
34581,1,True,3,10,3,3|3|3|3|3|3|3|3|3|3
34583,7,False,7,0,7,7|7|7|7|7|7|7|7|7|7
34596,1,False,1,10,5,5|8|8|5|5|5|9|8|5|9
34608,2,False,2,2,2,2|2|8|2|2|9|2|2|2|2
34610,8,False,8,0,8,8|8|8|8|8|8|8|8|8|8
34618,1,False,1,0,1,1|1|1|1|1|1|1|1|1|1
34625,9,False,9,8,1,1|9|1|5|2|1|1|9|5|1
34628,9,False,9,2,9,5|5|9|9|9|9|9|9|9|9
34635,1,True,5,9,5,5|3|5|5|5|1|5|5|5|5
34640,9,False,9,1,9,5|9|9|9|9|9|9|9|9|9
34648,7,False,7,3,7,7|7|3|7|7|4|3|7|7|7
34666,9,False,9,1,9,5|9|9|9|9|9|9|9|9|9
34672,9,True,7,10,4,4|4|7|4|4|4|4|4|4|4
34677,8,False,8,1,8,8|8|8|8|0|8|8|8|8|8
34679,8,True,6,9,6,6|6|6|6|6|6|8|6|7|6
34711,0,False,0,0,0,0|0|0|0|0|0|0|0|0|0
34721,1,False,1,2,1,1|1|1|1|5|1|1|2|1|1
34774,5,True,9,5,5,9|5|1|9|5|9|9|5|5|5
34781,6,True,0,10,0,0|0|0|0|0|0|0|0|0|0
34785,1,True,8,9,8,5|0|8|9|8|1|8|8|8|8
34792,8,False,8,1,8,8|8|8|8|8|9|8|8|8|8
34793,4,False,4,7,3,3|4|3|8|4|3|3|4|6|3
34803,1,True,5,8,5,5|3|5|5|5|1|3|5|5|1
34826,4,True,7,10,7,7|7|7|7|7|7|7|7|7|7
34827,2,False,2,2,2,2|2|2|0|2|9|2|2|2|2
34830,1,False,1,6,2,2|2|2|1|2|1|1|2|2|1
34833,5,False,5,1,5,5|5|5|5|5|1|5|5|5|5
34855,0,False,0,0,0,0|0|0|0|0|0|0|0|0|0
34862,1,False,1,5,-1,1|1|5|5|5|1|1|5|5|1
34869,1,True,8,10,8,8|8|8|8|8|8|8|8|8|8
34874,6,False,6,0,6,6|6|6|6|6|6|6|6|6|6
34879,1,True,5,8,3,3|3|3|3|5|1|3|5|3|1
34881,4,False,4,0,4,4|4|4|4|4|4|4|4|4|4
34896,2,False,2,2,2,4|2|2|6|2|2|2|2|2|2
34901,1,True,3,10,3,3|5|3|3|5|3|3|3|3|3
34903,5,True,9,7,9,5|5|9|9|9|9|9|9|5|9
34908,5,True,9,9,9,9|5|9|9|9|9|9|9|9|9
34914,3,False,3,5,3,2|3|3|6|7|3|3|3|7|7
34928,2,False,2,2,2,2|2|2|4|2|4|2|2|2|2
34934,1,True,3,10,3,3|3|3|3|3|3|3|3|3|3
34956,1,True,4,10,4,4|4|4|4|4|4|4|4|4|4
34959,2,False,2,6,2,1|2|2|3|5|4|5|2|4|2
34962,5,True,1,10,9,9|9|9|9|9|9|9|9|9|9
35007,1,True,3,10,3,3|3|3|3|3|3|3|3|3|3
35048,1,False,1,2,1,1|1|1|1|2|1|1|2|1|1
35051,1,False,1,2,1,1|1|1|1|5|1|1|5|1|1
35090,6,False,6,0,6,6|6|6|6|6|6|6|6|6|6
35096,2,False,2,1,2,2|2|2|2|2|9|2|2|2|2
35106,1,False,1,2,1,1|1|1|1|5|1|1|2|1|1
35129,6,True,1,10,0,0|0|5|0|2|3|5|1|2|1
35133,7,False,7,2,7,7|7|3|7|7|7|7|7|3|7
35134,1,False,1,2,1,1|1|1|8|5|1|1|1|1|1
35144,3,False,3,0,3,3|3|3|3|3|3|3|3|3|3
35149,6,True,0,10,0,0|0|0|0|0|0|0|0|0|0
35150,1,True,8,10,8,8|8|8|8|8|8|8|8|8|0
35162,6,True,0,10,0,0|0|0|0|0|0|0|0|0|0
35181,0,True,8,10,8,8|8|8|8|8|8|8|8|8|8
35183,9,False,9,1,9,9|9|9|9|9|9|9|9|5|9
35187,4,False,4,0,4,4|4|4|4|4|4|4|4|4|4
35195,6,True,0,10,0,0|0|0|0|0|0|0|0|0|0
35200,5,False,5,10,-1,8|1|2|1|2|3|1|8|6|2
35204,3,False,3,2,3,3|3|3|3|3|7|3|3|6|3
35209,6,True,0,10,0,0|0|0|0|0|0|0|0|0|0
35211,8,False,8,0,8,8|8|8|8|8|8|8|8|8|8
35224,8,False,8,0,8,8|8|8|8|8|8|8|8|8|8
35254,5,False,5,1,5,5|5|5|5|5|1|5|5|5|5
35271,1,True,3,10,3,3|3|3|3|3|3|3|3|3|3
35275,9,True,7,9,7,7|7|7|7|7|7|7|9|7|7
35277,3,True,7,10,7,7|7|7|7|7|7|7|7|7|7
35279,0,False,0,0,0,0|0|0|0|0|0|0|0|0|0
35280,9,False,9,5,-1,5|9|5|9|9|9|5|9|5|5
35285,6,True,0,10,0,0|0|0|0|0|0|0|0|0|0
35291,5,True,1,6,1,1|5|1|1|5|1|1|5|5|1
35301,0,True,8,9,8,8|1|8|8|8|1|8|0|8|8
35305,5,True,9,9,9,9|9|5|9|9|9|1|9|9|9
35324,4,False,4,2,4,4|4|3|2|4|4|4|4|4|4
35350,2,False,2,9,3,3|4|3|3|3|3|3|3|2|3
35357,1,False,1,3,1,1|1|1|1|5|1|5|5|1|1
35372,9,False,9,2,9,5|9|9|9|9|9|9|9|5|9
35375,1,True,3,9,3,5|3|1|5|2|3|3|2|3|5
35388,8,False,8,0,8,8|8|8|8|8|8|8|8|8|8
35398,3,False,3,0,3,3|3|3|3|3|3|3|3|3|3
35399,1,False,1,5,-1,5|1|1|5|5|1|1|5|5|1
35404,5,True,1,5,5,5|9|2|5|5|9|1|9|5|5
35406,5,True,1,4,5,5|5|5|5|5|1|1|5|1|1
35407,9,True,7,10,7,7|7|7|7|7|7|7|7|7|7
35415,1,True,4,10,6,6|6|8|6|6|6|3|4|6|8
35419,8,False,8,2,8,0|8|8|8|8|1|8|8|8|8
35420,2,False,2,1,2,2|2|2|2|2|4|2|2|2|2
35430,0,False,0,0,0,0|0|0|0|0|0|0|0|0|0
35431,4,False,4,0,4,4|4|4|4|4|4|4|4|4|4
35451,2,False,2,2,2,2|2|2|2|0|6|2|2|2|2
35476,9,False,9,1,9,9|5|9|9|9|9|9|9|9|9
35486,2,False,2,2,2,2|2|2|9|2|9|2|2|2|2
35504,9,False,9,6,-1,5|0|0|5|9|9|9|0|0|9
35508,1,False,1,2,1,1|1|1|1|5|1|1|2|1|1
35511,7,False,7,3,7,4|7|3|7|7|7|7|7|3|7
35518,8,False,8,0,8,8|8|8|8|8|8|8|8|8|8
35519,2,False,2,2,2,2|2|2|2|2|9|2|2|2|9
35521,5,True,9,8,9,5|5|9|9|9|9|9|9|9|9
35528,0,False,0,0,0,0|0|0|0|0|0|0|0|0|0
35529,0,False,0,0,0,0|0|0|0|0|0|0|0|0|0
35537,2,False,2,5,2,7|2|0|6|2|9|6|2|2|2
35538,2,True,4,10,4,4|4|4|4|4|4|4|4|4|4
35544,6,True,0,10,0,0|0|0|0|0|0|0|0|0|0
35565,6,False,6,1,6,6|6|6|6|6|6|6|6|6|7
35570,0,False,0,0,0,0|0|0|0|0|0|0|0|0|0
35579,5,True,9,8,9,5|5|9|9|9|9|9|9|9|9
35606,5,False,5,2,5,5|2|5|5|5|1|5|5|5|5
35613,2,True,1,9,1,1|1|1|1|5|1|1|2|1|1
35624,4,False,4,0,4,4|4|4|4|4|4|4|4|4|4
35638,9,True,2,9,2,5|2|5|2|2|9|1|2|3|2
35639,5,False,5,1,5,5|5|5|5|5|1|5|5|5|5
35641,4,False,4,2,4,4|4|4|4|1|4|4|4|4|5
35650,9,True,7,10,7,7|7|7|7|7|7|7|7|7|7
35657,9,False,9,0,9,9|9|9|9|9|9|9|9|9|9
35678,8,False,8,0,8,8|8|8|8|8|8|8|8|8|8
35687,1,True,8,10,8,8|8|8|8|8|8|8|8|8|8
35691,1,False,1,3,1,5|1|1|1|5|1|1|1|1|5
35697,3,False,3,2,3,3|3|4|3|5|3|3|3|3|3
35713,0,False,0,0,0,0|0|0|0|0|0|0|0|0|0
35723,2,False,2,4,2,4|2|2|4|2|4|2|2|2|4
35733,9,False,9,0,9,9|9|9|9|9|9|9|9|9|9
35735,5,False,5,9,2,3|3|2|2|2|5|2|2|2|2
35783,8,True,1,10,1,1|9|5|5|5|1|1|1|1|5
35786,5,False,5,1,5,5|5|5|5|5|1|5|5|5|5
35793,2,True,7,10,7,7|7|7|7|7|7|7|7|7|7
35794,1,True,3,10,3,3|3|3|3|3|3|3|3|3|3
35796,0,False,0,0,0,0|0|0|0|0|0|0|0|0|0
35831,6,False,6,1,6,6|6|6|6|6|6|6|6|6|8
35835,6,True,0,10,0,0|0|0|0|0|0|0|0|8|0
35858,6,True,0,10,0,0|0|0|0|0|0|0|0|0|0
35861,1,False,1,10,-1,5|5|5|9|9|9|9|9|5|5
35925,4,False,4,0,4,4|4|4|4|4|4|4|4|4|4
35933,1,False,1,1,1,1|1|1|1|5|1|1|1|1|1
35951,6,False,6,0,6,6|6|6|6|6|6|6|6|6|6
35958,9,True,2,9,2,2|2|2|9|2|4|2|2|2|2
35971,7,True,6,10,0,0|6|0|0|0|0|0|0|0|0
35978,4,False,4,0,4,4|4|4|4|4|4|4|4|4|4
35982,9,True,7,10,7,7|7|7|7|7|7|7|7|7|7
35987,9,True,7,10,7,7|7|7|7|7|7|7|7|7|7
36015,2,True,1,10,-1,5|1|5|5|1|1|1|5|5|1
36038,0,False,0,0,0,0|0|0|0|0|0|0|0|0|0
36046,1,False,1,1,1,1|1|1|1|5|1|1|1|1|1
36054,3,False,3,2,3,3|4|3|3|3|3|3|3|7|3
36059,5,True,9,5,-1,5|9|5|9|5|9|9|5|5|9
36064,9,False,9,0,9,9|9|9|9|9|9|9|9|9|9
36075,5,False,5,0,5,5|5|5|5|5|5|5|5|5|5
36078,3,True,7,5,-1,3|7|7|3|7|7|3|3|7|3
36079,6,False,6,0,6,6|6|6|6|6|6|6|6|6|6
36082,5,False,5,1,5,5|5|5|5|5|5|2|5|5|5
36107,1,False,1,4,1,1|1|2|5|5|1|1|1|2|1
36109,5,True,9,10,9,9|9|9|9|9|9|9|9|9|9
36117,5,True,9,10,9,9|9|9|9|9|9|9|9|9|9
36129,1,False,1,6,8,8|1|8|8|8|1|8|8|1|1
36154,2,False,2,1,2,2|2|2|2|2|4|2|2|2|2
36156,1,True,4,10,4,4|4|4|4|4|4|4|4|4|4
36173,2,False,2,2,2,2|2|2|0|2|9|2|2|2|2
36193,9,True,2,9,2,2|2|2|2|2|9|2|2|2|2
36207,5,False,5,1,5,5|5|5|5|5|1|5|5|5|5
36222,3,False,3,9,2,3|2|5|2|9|9|2|2|2|2
36240,1,True,3,10,2,2|2|2|2|2|9|2|2|7|2
36252,6,True,0,9,0,0|0|0|0|0|0|6|0|0|0
36270,7,False,7,0,7,7|7|7|7|7|7|7|7|7|7
36292,1,True,4,10,3,3|3|3|3|9|7|3|3|3|3
36294,4,False,4,0,4,4|4|4|4|4|4|4|4|4|4
36295,1,True,8,10,8,8|8|8|8|8|8|8|8|8|8
36297,8,False,8,0,8,8|8|8|8|8|8|8|8|8|8
36300,2,False,2,1,2,2|2|2|2|2|4|2|2|2|2
36302,4,False,4,0,4,4|4|4|4|4|4|4|4|4|4
36311,0,False,0,0,0,0|0|0|0|0|0|0|0|0|0
36323,0,False,0,0,0,0|0|0|0|0|0|0|0|0|0
36325,0,False,0,0,0,0|0|0|0|0|0|0|0|0|0
36333,5,True,1,10,1,1|1|1|1|2|1|1|2|1|1
36338,7,False,7,10,0,6|0|0|0|0|0|0|0|0|0
36339,2,False,2,1,2,2|2|2|2|2|7|2|2|2|2
36340,9,True,2,10,2,2|2|2|2|2|4|2|2|2|2
36349,9,True,2,10,2,2|2|2|2|2|4|2|2|2|2
36353,0,False,0,0,0,0|0|0|0|0|0|0|0|0|0
36360,6,False,6,1,6,6|6|8|6|6|6|6|6|6|6
36380,8,True,6,10,6,6|6|6|6|6|6|6|6|6|6
36398,2,False,2,3,2,2|2|2|2|2|4|2|2|4|9
36400,5,True,1,6,1,5|1|1|5|5|1|1|5|1|1
36408,2,False,2,1,2,2|2|2|2|2|9|2|2|2|2
36416,2,True,5,10,4,4|4|4|4|4|4|4|4|4|4
36422,1,True,3,10,2,3|2|2|4|4|4|3|2|2|3
36438,8,False,8,1,8,8|8|0|8|8|8|8|8|8|8
36450,2,False,2,1,2,2|2|2|2|2|4|2|2|2|2
36452,9,True,7,10,7,7|7|7|7|7|7|7|7|7|7
36464,0,False,0,0,0,0|0|0|0|0|0|0|0|0|0
36467,1,True,4,10,4,4|4|4|4|4|4|3|4|4|4
36477,3,False,3,2,3,3|3|3|5|3|3|3|3|3|1
36499,3,True,7,8,7,7|7|7|7|7|7|7|7|3|3
36505,8,False,8,0,8,8|8|8|8|8|8|8|8|8|8
36510,9,True,2,10,2,4|2|2|2|2|2|2|2|2|2
36531,6,True,0,10,0,0|0|0|0|0|0|0|0|0|0
36541,9,False,9,1,9,9|1|9|9|9|9|9|9|9|9
36544,6,False,6,8,0,6|1|8|0|2|1|6|0|2|0
36547,1,True,8,10,8,8|8|8|8|8|8|8|8|8|8
36550,9,True,1,10,1,5|1|1|5|5|1|1|1|5|1
36564,9,True,6,10,3,5|3|3|3|3|3|3|5|3|3
36584,1,True,8,10,8,8|8|8|8|8|8|8|8|8|8
36589,9,True,7,9,7,7|7|7|7|7|7|7|9|7|7
36594,2,True,1,10,5,5|1|5|8|5|5|5|5|5|5
36602,6,False,6,0,6,6|6|6|6|6|6|6|6|6|6
36607,6,False,6,3,6,8|6|6|6|6|8|6|6|8|6
36615,6,True,0,9,0,0|0|0|0|0|0|6|0|0|0
36623,0,False,0,0,0,0|0|0|0|0|0|0|0|0|0
36633,1,True,3,10,3,3|3|3|3|3|3|3|3|3|3
36638,6,False,6,0,6,6|6|6|6|6|6|6|6|6|6
36643,3,False,3,0,3,3|3|3|3|3|3|3|3|3|3
36648,1,False,1,7,3,3|1|3|5|3|1|3|3|9|1
36669,1,True,5,10,5,5|5|5|5|5|5|5|5|5|5
36679,1,False,1,2,1,1|1|1|1|5|1|1|5|1|1
36706,0,False,0,0,0,0|0|0|0|0|0|0|0|0|0
36727,2,False,2,2,2,2|2|2|2|2|4|6|2|2|2
36731,5,True,4,10,2,3|2|2|2|9|2|6|2|2|6
36762,3,False,3,4,3,3|7|3|3|9|3|6|3|6|3
36768,6,False,6,1,6,8|6|6|6|6|6|6|6|6|6
36776,7,False,7,4,7,4|7|4|7|7|7|4|7|4|7
36778,2,False,2,3,2,2|2|2|0|2|2|6|2|0|2
36780,1,True,8,10,8,8|8|8|8|8|8|8|8|8|8
36787,9,False,9,4,9,5|5|9|9|9|9|9|9|5|5
36789,0,False,0,0,0,0|0|0|0|0|0|0|0|0|0
36791,1,False,1,5,-1,1|1|5|5|5|1|1|5|5|1
36801,2,False,2,1,2,2|2|2|2|2|9|2|2|2|2
36814,5,False,5,0,5,5|5|5|5|5|5|5|5|5|5
36817,4,False,4,0,4,4|4|4|4|4|4|4|4|4|4
36829,7,False,7,0,7,7|7|7|7|7|7|7|7|7|7
36830,2,True,5,8,4,4|4|0|4|4|4|4|2|6|2
36832,9,True,2,10,4,3|4|4|4|5|4|3|2|4|4
36836,6,True,0,10,0,0|0|0|0|0|0|0|0|0|0
36838,5,True,1,3,5,5|5|5|5|5|1|1|5|5|1
36848,1,False,1,10,-1,5|5|5|9|9|9|9|9|5|5
36853,5,True,1,6,1,1|5|5|1|5|1|1|5|1|1
36858,6,True,0,10,0,0|0|0|0|0|0|0|0|0|0
36865,9,False,9,0,9,9|9|9|9|9|9|9|9|9|9
36869,5,False,5,1,5,5|5|5|5|5|1|5|5|5|5
36870,3,False,3,5,-1,3|3|5|5|5|3|3|3|5|5
36895,3,True,7,10,7,7|7|7|7|7|7|7|7|7|7
36939,8,False,8,0,8,8|8|8|8|8|8|8|8|8|8
36941,1,False,1,5,1,5|1|2|1|5|1|1|2|5|1
36948,1,True,3,10,3,3|3|3|3|3|3|3|3|3|3
36950,5,True,1,6,1,1|5|5|1|5|1|1|5|1|1
36956,2,True,5,10,5,5|5|5|5|5|1|5|5|5|5
36958,5,False,5,3,5,3|5|5|5|5|5|3|3|5|5
36973,3,False,3,10,6,8|6|6|6|6|6|6|6|6|6
36991,1,False,1,1,1,1|1|1|1|1|1|1|2|1|1
37009,4,True,2,9,2,2|0|2|5|5|4|2|2|2|2
37018,4,False,4,4,4,2|2|4|4|4|4|2|4|4|2
37020,9,False,9,1,9,5|9|9|9|9|9|9|9|9|9
37023,8,False,8,1,8,8|8|8|8|8|1|8|8|8|8
37024,1,False,1,2,1,1|1|2|1|2|1|1|1|1|1
37062,6,True,0,10,0,0|0|0|0|0|0|0|0|0|0
37070,5,True,9,9,9,5|9|9|9|9|9|9|9|9|9
37099,5,False,5,1,5,5|5|5|5|5|1|5|5|5|5
37100,7,False,7,2,7,7|2|7|7|7|7|7|7|3|7
37101,5,False,5,1,5,5|5|5|5|5|7|5|5|5|5
37111,2,False,2,1,2,2|2|2|2|2|4|2|2|2|2
37115,5,True,9,10,9,9|9|9|9|9|9|9|9|9|9
37135,3,False,3,5,3,8|3|3|4|4|3|3|3|8|8
37156,3,False,3,0,3,3|3|3|3|3|3|3|3|3|3
37161,1,True,3,10,3,3|3|3|3|5|3|3|3|3|3
37175,3,False,3,0,3,3|3|3|3|3|3|3|3|3|3
37178,0,False,0,0,0,0|0|0|0|0|0|0|0|0|0
37208,2,False,2,2,2,2|2|2|5|2|5|2|2|2|2
37211,7,False,7,0,7,7|7|7|7|7|7|7|7|7|7
37215,1,True,3,10,3,5|5|3|3|5|3|3|3|3|3
37224,5,False,5,7,5,7|6|2|2|5|8|1|5|5|9
37227,7,True,6,8,6,6|6|6|6|6|7|6|6|7|6
37234,4,False,4,1,4,4|4|3|4|4|4|4|4|4|4
37239,8,True,1,10,1,1|1|2|1|2|1|1|2|2|1
37242,9,False,9,2,9,9|5|9|9|9|9|9|9|5|9
37246,6,True,0,10,0,0|0|0|0|0|0|0|0|0|0
37248,2,True,1,8,1,1|1|1|1|1|1|1|2|2|1
37258,1,True,8,10,8,8|8|8|8|8|8|8|8|8|8
37262,7,False,7,2,7,4|7|7|7|7|7|7|4|7|7
37278,2,False,2,8,6,3|6|8|2|6|6|6|6|6|2
37280,4,True,2,2,4,4|4|4|4|2|4|4|4|4|2
37305,9,True,2,8,-1,2|2|5|2|9|5|5|9|5|2
37311,1,True,3,10,3,3|3|3|3|3|3|3|3|3|3
37322,6,True,0,10,0,0|0|0|0|0|0|0|0|0|0
37340,4,False,4,1,4,4|4|4|4|4|4|4|4|3|4
37343,2,False,2,2,2,2|2|2|6|2|9|2|2|2|2
37363,9,False,9,6,-1,0|0|0|5|9|7|9|9|9|0
37366,5,False,5,8,3,5|3|5|3|3|3|3|3|3|3
37368,4,True,2,10,2,2|2|2|2|2|2|8|2|2|2
37370,1,True,3,10,7,3|7|7|3|7|3|3|7|7|7
37377,0,False,0,0,0,0|0|0|0|0|0|0|0|0|0
37378,6,False,6,7,8,8|9|8|6|8|7|8|6|2|6
37396,1,True,5,10,4,4|2|2|4|4|4|7|4|2|2
37413,9,False,9,0,9,9|9|9|9|9|9|9|9|9|9
37424,2,False,2,3,2,6|2|0|2|2|2|0|2|2|2
37433,9,False,9,4,9,5|5|5|9|9|9|9|9|5|9
37435,8,True,2,8,6,6|6|8|2|6|7|8|2|7|6
37438,1,True,4,10,4,4|4|4|4|4|4|4|4|4|4
37445,1,True,3,10,3,3|5|3|3|5|3|3|3|3|5
37486,5,False,5,2,5,5|5|5|2|5|5|3|5|5|5
37497,7,False,7,0,7,7|7|7|7|7|7|7|7|7|7
37500,3,False,3,5,3,3|3|5|3|5|1|3|3|5|1
37503,9,True,2,10,2,4|2|2|2|2|4|2|2|4|2
37566,6,True,0,10,0,0|0|0|0|0|0|0|0|0|0
37567,1,True,8,10,9,9|0|8|5|0|9|0|9|9|5
37573,7,False,7,1,7,7|7|7|4|7|7|7|7|7|7
37588,2,True,1,9,1,1|1|1|1|1|1|1|2|1|1
37619,6,True,0,10,0,0|0|0|5|0|0|0|0|0|0
37622,1,True,5,9,-1,5|5|5|3|5|1|3|7|3|3
37625,8,True,6,10,6,6|6|6|6|6|6|6|6|6|6
37626,2,False,2,3,2,2|2|4|5|2|4|2|2|2|2
37627,1,True,4,10,4,4|4|5|4|4|4|4|9|4|4
37633,1,True,8,9,8,8|8|8|8|8|1|8|8|8|8
37637,7,False,7,9,3,3|3|3|3|3|3|3|3|7|3
37640,3,False,3,0,3,3|3|3|3|3|3|3|3|3|3
37666,1,False,1,2,1,1|1|5|1|1|1|1|1|5|1
37672,0,False,0,0,0,0|0|0|0|0|0|0|0|0|0
37684,2,False,2,4,2,2|2|9|4|2|9|8|2|2|2
37720,5,False,5,5,5,5|3|5|3|5|1|3|5|3|5
37724,9,True,7,10,7,7|7|7|7|7|7|7|7|7|7
37744,7,False,7,0,7,7|7|7|7|7|7|7|7|7|7
37747,0,False,0,5,0,0|8|0|0|0|6|8|0|8|8
37753,3,False,3,0,3,3|3|3|3|3|3|3|3|3|3
37779,5,True,1,9,1,1|1|1|1|5|1|1|1|1|1
37787,9,True,7,9,7,7|7|7|7|7|7|7|9|7|7
37800,7,False,7,0,7,7|7|7|7|7|7|7|7|7|7
37816,2,False,2,10,4,4|4|4|4|4|4|4|4|4|4
37817,3,False,3,0,3,3|3|3|3|3|3|3|3|3|3
37834,5,False,5,2,5,3|5|5|5|5|1|5|5|5|5
37852,1,True,5,9,5,5|5|5|5|5|1|5|5|5|5
37857,9,False,9,2,9,5|9|9|9|9|9|9|9|5|9
37858,1,True,8,10,8,8|8|8|8|8|8|8|8|8|8
37861,1,True,3,9,3,3|3|3|3|6|3|7|3|1|3
37885,8,True,5,10,5,5|5|5|5|5|5|5|5|5|5
37914,1,True,5,10,3,5|3|3|7|9|3|3|5|5|3
37918,6,False,6,0,6,6|6|6|6|6|6|6|6|6|6
37921,5,False,5,5,5,3|3|5|5|5|4|3|5|2|5
37926,8,True,6,10,6,6|6|6|6|6|6|6|6|7|6
37931,6,True,0,10,0,0|0|0|0|0|0|0|0|0|0
37935,7,False,7,0,7,7|7|7|7|7|7|7|7|7|7
37958,5,False,5,2,5,5|5|5|5|5|1|6|5|5|5
37962,0,False,0,9,1,1|1|2|1|1|1|1|0|1|1
37972,0,True,2,7,2,2|2|2|0|2|0|2|0|3|2
37973,1,True,3,10,3,3|3|3|3|3|3|3|3|3|3
37974,8,True,6,9,6,6|8|6|6|6|6|6|6|6|6
37976,0,False,0,0,0,0|0|0|0|0|0|0|0|0|0
37995,5,True,1,4,5,1|5|5|5|5|1|1|5|5|1
37996,4,False,4,7,-1,4|0|8|4|0|1|8|4|0|9
38020,6,False,6,1,6,8|6|6|6|6|6|6|6|6|6
38025,7,False,7,5,7,4|7|5|4|7|4|4|7|7|7
38036,6,True,0,10,0,0|0|0|0|0|0|0|0|0|0
38038,5,True,2,10,2,2|2|2|2|2|9|2|2|2|2
38045,1,True,8,10,8,8|8|8|8|8|8|8|8|8|8
38047,1,False,1,3,1,5|1|1|1|2|1|1|2|1|1
38050,6,False,6,1,6,6|6|6|6|6|6|6|6|6|7
38054,2,False,2,4,2,2|2|2|0|0|9|0|2|2|2
38060,0,True,2,10,2,2|2|2|2|2|7|2|2|2|2
38063,2,False,2,2,2,2|2|2|2|2|4|2|2|4|2
38070,1,True,4,10,4,4|4|4|4|4|4|4|3|4|4
38071,9,False,9,2,9,9|9|9|9|9|9|9|9|5|5
38075,5,True,1,9,1,1|1|1|1|5|1|1|2|1|1
38092,4,False,4,1,4,4|4|4|4|4|4|4|4|7|4
38097,1,True,3,10,3,3|3|3|3|3|3|3|3|3|3
38140,1,True,5,10,5,5|5|5|5|5|4|3|5|5|5
38155,2,True,7,10,7,7|7|7|7|7|7|7|7|7|7
38189,6,False,6,2,6,6|6|6|6|8|6|6|6|8|6
38194,7,False,7,3,7,4|7|7|0|7|7|7|7|7|6
38200,3,False,3,3,3,3|3|3|8|9|3|3|3|8|3
38206,8,False,8,1,8,8|8|8|8|8|2|8|8|8|8
38222,6,True,0,10,0,0|0|0|0|0|0|0|0|0|0
38228,4,False,4,0,4,4|4|4|4|4|4|4|4|4|4
38237,1,True,8,10,8,8|8|8|8|8|8|8|8|8|8
38238,0,False,0,0,0,0|0|0|0|0|0|0|0|0|0
38242,2,True,4,10,4,4|4|4|4|4|4|4|4|4|4
38262,5,True,1,4,5,5|5|5|5|5|1|1|5|1|1
38270,1,False,1,3,1,1|1|2|1|2|1|1|2|1|1
38279,3,True,7,9,7,7|7|7|7|7|7|7|3|7|7
38286,2,True,7,8,3,4|7|3|3|3|7|3|2|2|7
38287,2,False,2,6,-1,4|2|2|4|4|9|8|2|4|2
38292,1,True,3,10,3,3|3|3|3|4|3|3|3|3|3
38319,3,False,3,0,3,3|3|3|3|3|3|3|3|3|3
38335,0,False,0,0,0,0|0|0|0|0|0|0|0|0|0
38342,0,False,0,0,0,0|0|0|0|0|0|0|0|0|0
38346,5,False,5,1,5,5|5|5|5|5|1|5|5|5|5
38347,1,False,1,4,1,1|1|2|1|2|1|1|2|2|1
38350,4,False,4,0,4,4|4|4|4|4|4|4|4|4|4
38353,4,False,4,2,4,4|3|4|4|4|4|4|4|4|7
38355,6,False,6,2,6,8|6|6|6|6|6|6|6|8|6
38380,9,False,9,6,5,5|5|5|5|9|9|9|9|5|5
38381,8,False,8,0,8,8|8|8|8|8|8|8|8|8|8
38390,1,True,3,10,3,3|3|3|3|3|3|3|3|3|3
38404,7,True,4,10,-1,8|0|8|0|6|1|0|8|0|8
38409,6,False,6,1,6,6|6|6|6|6|6|6|6|6|7
38475,6,False,6,0,6,6|6|6|6|6|6|6|6|6|6
38498,2,True,5,10,0,3|0|5|0|0|1|0|0|5|5
38513,5,False,5,2,5,5|3|5|5|5|1|5|5|5|5
38536,6,True,0,10,0,0|0|0|0|0|0|0|0|0|0
38550,3,True,7,8,7,7|3|7|7|7|7|7|7|3|7
38555,5,False,5,2,5,5|5|5|5|5|1|0|5|5|5
38558,5,True,2,10,2,2|2|2|2|2|4|2|2|4|2
38561,9,False,9,1,9,5|9|9|9|9|9|9|9|9|9
38562,1,False,1,4,1,1|1|2|1|2|1|1|2|2|1
38566,0,False,0,0,0,0|0|0|0|0|0|0|0|0|0
38576,6,True,0,10,0,0|0|0|0|0|0|0|0|0|0
38586,6,True,0,10,0,0|0|0|0|0|0|0|0|0|0
38589,1,True,8,10,8,8|8|8|8|8|8|8|8|8|8
38602,5,True,9,8,9,9|5|5|9|9|9|9|9|9|9
38614,3,False,3,1,3,3|3|3|3|3|3|3|3|3|2
38618,6,True,0,10,0,0|0|0|0|0|0|0|0|0|0
38628,0,False,0,8,6,6|8|6|0|6|6|6|0|6|6
38633,6,True,0,10,0,0|0|0|0|0|0|0|0|0|0
38640,4,False,4,0,4,4|4|4|4|4|4|4|4|4|4
38654,1,True,3,10,3,3|3|3|3|3|3|3|3|3|3
38663,9,False,9,0,9,9|9|9|9|9|9|9|9|9|9
38718,6,True,0,10,4,4|4|3|4|4|4|4|4|4|4
38719,5,True,1,10,1,1|1|1|1|2|1|1|1|1|1
38730,4,False,4,0,4,4|4|4|4|4|4|4|4|4|4
38735,1,False,1,4,1,5|1|5|1|5|1|1|1|5|1
38795,1,False,1,6,-1,1|1|2|5|5|1|1|9|5|5
38797,8,False,8,0,8,8|8|8|8|8|8|8|8|8|8
38800,8,False,8,0,8,8|8|8|8|8|8|8|8|8|8
38815,1,True,8,10,8,8|8|8|8|8|8|8|8|8|8
38830,4,True,2,10,2,2|2|2|2|2|9|2|2|2|9
38832,1,True,8,10,8,8|8|8|8|8|8|8|8|8|8
38842,5,True,1,8,1,1|1|1|1|5|1|1|5|1|1
38844,6,False,6,0,6,6|6|6|6|6|6|6|6|6|6
38849,6,True,0,10,0,0|0|0|0|0|0|0|0|0|0
38856,6,False,6,1,6,6|6|6|6|6|6|6|6|6|7
38861,4,True,2,10,2,2|2|2|6|2|9|2|2|2|2
38871,5,True,9,9,9,5|9|9|9|9|9|9|9|9|9
38872,5,True,1,8,1,1|1|1|5|5|1|1|2|1|1
38873,9,False,9,0,9,9|9|9|9|9|9|9|9|9|9
38881,1,True,8,10,8,8|8|8|8|8|8|8|8|8|8
38885,0,False,0,0,0,0|0|0|0|0|0|0|0|0|0
38892,1,False,1,2,1,1|1|1|1|5|1|1|5|1|1
38901,8,False,8,0,8,8|8|8|8|8|8|8|8|8|8
38922,2,True,6,10,6,6|6|6|6|6|6|6|6|6|6
38923,8,True,4,10,4,4|4|4|4|4|4|4|4|4|4
38936,6,False,6,3,6,6|6|8|6|6|1|6|6|4|6
38946,5,True,1,8,1,1|1|1|1|5|1|1|5|1|1
38972,4,False,4,8,-1,5|3|8|3|5|3|6|4|4|5
38993,8,True,6,9,6,6|6|6|6|6|8|6|6|6|6
38994,3,False,3,7,6,6|3|7|7|6|3|7|3|6|6
39005,4,False,4,0,4,4|4|4|4|4|4|4|4|4|4
39019,2,False,2,1,2,2|2|2|2|2|9|2|2|2|2
39021,3,False,3,4,3,3|3|3|5|5|7|3|3|5|3
39022,8,False,8,0,8,8|8|8|8|8|8|8|8|8|8
39037,0,False,0,8,2,2|5|5|0|1|7|2|0|2|2
39042,1,True,5,8,5,5|5|1|5|5|1|5|5|3|5
39071,5,True,3,10,3,3|3|3|3|3|3|3|3|3|4
39073,3,False,3,5,3,2|2|3|3|9|2|3|3|3|1
39075,1,True,8,10,8,8|8|8|8|8|8|8|8|8|8
39078,4,True,7,10,7,7|7|7|7|7|7|7|7|7|7
39079,8,False,8,6,0,0|0|0|8|8|8|0|8|0|0
39081,7,False,7,0,7,7|7|7|7|7|7|7|7|7|7
39111,3,True,7,10,7,7|7|7|7|7|7|7|7|7|7
39124,1,True,5,9,3,5|3|3|3|3|1|3|3|3|3
39134,6,False,6,3,6,8|6|6|6|6|8|6|6|8|6
39139,8,False,8,0,8,8|8|8|8|8|8|8|8|8|8
39146,4,False,4,0,4,4|4|4|4|4|4|4|4|4|4
39157,5,False,5,1,5,5|5|5|5|5|5|1|5|5|5
39166,3,False,3,0,3,3|3|3|3|3|3|3|3|3|3
39202,4,False,4,0,4,4|4|4|4|4|4|4|4|4|4
39230,6,True,0,10,0,0|0|0|0|0|0|0|0|0|0
39231,4,True,7,10,7,7|7|3|7|7|7|3|7|7|7
39240,2,True,1,10,-1,1|1|1|5|5|1|1|5|5|5
39241,0,False,0,0,0,0|0|0|0|0|0|0|0|0|0
39250,1,False,1,9,5,5|1|5|9|5|9|5|5|5|5
39251,7,False,7,2,7,7|7|3|3|7|7|7|7|7|7
39256,1,False,1,6,5,5|5|1|5|5|1|1|5|5|1
39262,9,True,7,10,7,7|7|7|7|7|7|7|7|7|7
39265,4,False,4,2,4,4|4|3|4|4|4|8|4|4|4
39293,1,True,4,10,4,4|4|4|4|4|4|4|4|4|4
39300,3,False,3,9,4,4|2|4|4|4|4|4|3|4|4
39311,0,False,0,0,0,0|0|0|0|0|0|0|0|0|0
39312,0,True,2,9,2,2|2|2|2|2|9|2|0|2|2
39316,5,False,5,2,5,5|3|5|5|5|3|5|5|5|5
39322,1,False,1,2,1,1|1|1|1|1|1|1|2|1|5
39323,6,False,6,3,6,8|6|6|6|6|6|6|6|8|8
39329,6,True,0,8,0,0|0|0|4|0|6|0|0|6|0
39351,9,True,7,10,7,7|7|7|7|7|7|7|7|7|7
39383,8,False,8,0,8,8|8|8|8|8|8|8|8|8|8
39387,1,False,1,2,1,1|1|1|1|5|1|1|5|1|1
39391,1,False,1,8,5,5|5|5|5|5|1|1|5|5|5
39398,3,False,3,0,3,3|3|3|3|3|3|3|3|3|3
39401,7,True,6,10,0,0|6|0|0|0|1|0|0|6|0
39406,9,True,7,10,7,7|7|7|7|7|7|7|7|7|7
39416,4,False,4,0,4,4|4|4|4|4|4|4|4|4|4
39441,5,False,5,8,3,5|3|3|3|5|3|3|3|3|3
39443,7,False,7,10,2,2|4|2|2|0|3|2|0|2|2
39444,1,True,8,10,8,8|8|8|8|8|8|8|8|8|8
39450,9,False,9,2,9,5|9|5|9|9|9|9|9|9|9
39455,1,False,1,3,1,1|1|2|1|2|1|1|2|1|1
39476,1,False,1,1,1,1|1|1|1|1|1|1|2|1|1
39477,0,False,0,6,-1,5|2|2|0|2|0|0|2|0|9
39488,4,False,4,0,4,4|4|4|4|4|4|4|4|4|4
39496,3,False,3,1,3,5|3|3|3|3|3|3|3|3|3
39498,7,False,7,0,7,7|7|7|7|7|7|7|7|7|7
39502,1,True,8,10,8,8|8|8|8|8|8|8|8|8|8
39503,7,False,7,0,7,7|7|7|7|7|7|7|7|7|7
39512,7,True,6,10,6,6|6|6|6|6|6|6|6|8|6
39516,8,True,6,9,6,6|6|8|6|6|6|6|6|6|6
39520,2,False,2,0,2,2|2|2|2|2|2|2|2|2|2
39531,0,False,0,0,0,0|0|0|0|0|0|0|0|0|0
39540,2,False,2,2,2,2|2|2|9|2|9|2|2|2|2
39549,1,False,1,2,1,1|1|1|1|5|1|1|5|1|1
39550,9,True,2,9,2,2|2|2|2|2|9|2|2|2|2
39560,1,False,1,3,1,5|1|1|1|5|1|1|5|1|1
39564,9,False,9,2,9,5|5|9|9|9|9|9|9|9|9
39565,4,False,4,0,4,4|4|4|4|4|4|4|4|4|4
39578,0,True,8,8,8,8|1|8|8|8|1|8|0|0|1
39579,8,False,8,0,8,8|8|8|8|8|8|8|8|8|8
39595,7,False,7,0,7,7|7|7|7|7|7|7|7|7|7
39604,3,False,3,5,3,5|5|3|0|5|3|3|0|3|3
39609,1,True,3,8,5,3|5|1|6|5|3|1|8|5|5
39612,8,False,8,0,8,8|8|8|8|8|8|8|8|8|8
39646,0,True,2,10,2,2|2|2|2|2|4|2|2|2|2
39690,4,False,4,0,4,4|4|4|4|4|4|4|4|4|4
39696,1,False,1,5,1,5|1|1|8|5|9|1|1|1|5
39698,4,False,4,1,4,4|4|2|4|4|4|4|4|4|4
39703,1,True,4,10,4,4|4|2|4|4|4|4|4|4|4
39707,8,False,8,0,8,8|8|8|8|8|8|8|8|8|8
39710,6,False,6,0,6,6|6|6|6|6|6|6|6|6|6
39713,9,False,9,0,9,9|9|9|9|9|9|9|9|9|9
39722,5,False,5,1,5,5|5|5|5|5|1|5|5|5|5
39735,2,True,1,8,1,1|1|1|1|2|1|1|2|1|1
39737,5,True,1,9,1,1|1|1|1|5|1|1|1|1|1
39742,2,True,5,2,2,2|2|2|2|2|5|2|2|2|4
39749,5,True,1,9,1,1|1|1|1|5|1|1|8|1|1
39760,0,False,0,2,0,0|0|0|0|0|9|0|0|9|0
39768,4,False,4,4,4,4|4|4|7|4|7|7|7|4|4
39771,1,False,1,6,1,1|1|2|5|5|9|1|5|0|1
39777,3,False,3,0,3,3|3|3|3|3|3|3|3|3|3
39782,4,True,7,10,7,7|7|7|7|7|7|7|9|7|7
39789,3,False,3,1,3,3|3|3|3|3|7|3|3|3|3
39794,9,True,2,10,4,4|4|3|4|2|4|2|2|4|4
39795,8,False,8,0,8,8|8|8|8|8|8|8|8|8|8
39806,5,True,9,8,9,9|1|5|5|9|9|9|9|9|9
39808,7,True,6,7,6,6|6|6|6|6|3|6|7|7|7
39816,9,False,9,0,9,9|9|9|9|9|9|9|9|9|9
39817,2,True,5,10,5,3|3|5|5|5|3|5|5|3|1
39830,9,False,9,0,9,9|9|9|9|9|9|9|9|9|9
39836,0,True,2,10,2,2|2|2|2|2|4|2|2|2|2
39857,2,False,2,0,2,2|2|2|2|2|2|2|2|2|2
39861,4,True,2,10,-1,8|3|3|8|8|3|8|3|3|8
39875,0,False,0,0,0,0|0|0|0|0|0|0|0|0|0
39909,6,False,6,2,6,6|6|6|6|6|7|6|6|7|6
39915,8,False,8,0,8,8|8|8|8|8|8|8|8|8|8
39917,5,True,9,8,9,9|5|9|9|9|9|9|9|5|9
39918,8,False,8,0,8,8|8|8|8|8|8|8|8|8|8
40008,1,True,8,10,8,8|8|8|8|8|8|8|8|8|8
40016,8,True,6,10,6,6|6|6|6|6|7|6|6|6|6
40017,9,True,2,9,2,5|2|2|2|2|9|2|2|2|2
40037,5,True,9,10,9,9|9|9|9|9|9|9|9|9|9
40042,5,True,9,3,5,5|1|5|5|5|9|5|5|5|9
40065,4,False,4,1,4,4|2|4|4|4|4|4|4|4|4
40067,4,False,4,0,4,4|4|4|4|4|4|4|4|4|4
40069,5,False,5,1,5,5|5|5|5|5|1|5|5|5|5
40071,4,False,4,4,4,4|4|3|4|4|7|2|4|4|2
40072,5,True,9,10,9,9|9|9|9|9|9|9|9|9|9
40096,6,False,6,6,7,3|6|7|6|6|7|6|7|7|7
40107,7,False,7,0,7,7|7|7|7|7|7|7|7|7|7
40112,2,False,2,2,2,2|2|0|2|2|9|2|2|2|2
40138,1,False,1,8,-1,6|1|7|5|9|9|1|6|9|6
40143,0,False,0,2,0,0|0|0|0|0|0|3|0|0|2
40155,3,False,3,1,3,3|3|3|7|3|3|3|3|3|3
40180,5,False,5,8,3,3|3|1|3|5|3|3|3|3|5
40193,0,False,0,1,0,6|0|0|0|0|0|0|0|0|0
40194,0,False,0,4,0,8|8|0|8|0|0|8|0|0|0
40195,4,False,4,0,4,4|4|4|4|4|4|4|4|4|4
40208,7,False,7,1,7,7|7|4|7|7|7|7|7|7|7
40210,4,False,4,1,4,4|4|2|4|4|4|4|4|4|4
40215,9,False,9,3,9,5|9|5|9|9|9|9|9|5|9
40221,2,False,2,4,2,2|2|2|4|2|4|4|2|4|2
40224,2,True,5,4,2,2|2|5|5|2|9|2|2|5|2
40225,2,False,2,10,6,6|6|6|6|6|6|8|6|6|6
40236,6,True,2,5,6,0|6|5|0|6|6|0|0|6|6
40256,2,False,2,0,2,2|2|2|2|2|2|2|2|2|2
40267,9,False,9,1,9,9|9|9|9|5|9|9|9|9|9
40291,9,False,9,3,9,9|9|5|9|5|9|9|9|5|9
40297,5,True,1,7,1,1|1|5|1|5|1|1|5|1|1
40301,1,True,4,10,6,6|3|8|4|6|6|6|6|3|6
40304,3,False,3,1,3,3|3|3|3|5|3|3|3|3|3
40320,0,False,0,0,0,0|0|0|0|0|0|0|0|0|0
40324,9,False,9,2,9,5|9|9|9|9|9|9|9|5|9
40328,0,False,0,1,0,0|0|0|0|0|1|0|0|0|0
40344,1,True,8,10,8,8|8|8|8|8|8|8|8|8|8
40346,0,False,0,10,6,6|6|6|6|6|6|6|6|6|6
40370,3,False,3,0,3,3|3|3|3|3|3|3|3|3|3
40372,2,False,2,7,0,0|6|8|0|2|2|0|2|0|5
40374,7,False,7,2,7,4|4|7|7|7|7|7|7|7|7
40392,2,False,2,1,2,2|2|2|2|2|9|2|2|2|2
40393,9,False,9,1,9,9|9|5|9|9|9|9|9|9|9
40400,3,False,3,0,3,3|3|3|3|3|3|3|3|3|3
40402,8,False,8,0,8,8|8|8|8|8|8|8|8|8|8
40403,0,True,2,10,2,2|2|2|2|2|2|2|2|2|2
40411,0,False,0,0,0,0|0|0|0|0|0|0|0|0|0
40419,1,True,5,9,5,5|5|5|5|5|1|5|5|5|5
40436,8,True,6,9,-1,6|8|3|2|2|6|2|6|7|7
40440,4,True,7,10,7,7|7|7|7|0|7|7|7|7|6
40444,9,True,2,10,2,3|2|2|3|2|7|2|2|2|2
40473,4,False,4,0,4,4|4|4|4|4|4|4|4|4|4
40497,7,False,7,4,7,7|7|8|7|7|7|7|3|4|0
40516,6,True,0,10,0,0|0|0|0|0|0|0|0|0|0
40519,6,False,6,3,6,6|6|8|6|6|7|6|6|6|7
40520,2,True,1,9,1,5|1|1|1|5|1|1|2|1|1
40556,0,False,0,0,0,0|0|0|0|0|0|0|0|0|0
40580,4,False,4,8,2,2|4|2|2|8|3|8|2|4|9
40590,0,False,0,0,0,0|0|0|0|0|0|0|0|0|0
40599,5,True,9,8,9,9|5|9|9|9|9|9|9|5|9
40601,1,True,8,10,0,0|0|0|0|0|0|0|0|0|9
40626,7,False,7,0,7,7|7|7|7|7|7|7|7|7|7
40671,8,False,8,0,8,8|8|8|8|8|8|8|8|8|8
40686,5,False,5,9,3,3|3|3|3|3|3|3|5|3|3
40705,1,True,4,10,4,4|4|4|4|4|4|4|4|4|4
40709,7,False,7,0,7,7|7|7|7|7|7|7|7|7|7
40712,3,False,3,0,3,3|3|3|3|3|3|3|3|3|3
40714,2,False,2,3,2,3|2|8|2|2|7|2|2|2|2
40724,5,True,9,10,9,9|9|9|9|9|9|9|9|9|9
40729,9,False,9,2,9,9|9|5|9|9|1|9|9|9|9
40752,6,True,0,10,0,0|0|0|0|0|0|0|0|0|0
40756,3,False,3,7,5,5|5|5|5|5|3|5|3|3|5
40774,9,False,9,1,9,5|9|9|9|9|9|9|9|9|9
40779,1,True,5,9,5,5|5|5|5|5|1|5|5|5|5
40782,8,True,6,10,6,6|6|6|6|6|6|6|6|6|6
40805,1,True,8,10,8,8|8|8|8|8|8|8|8|8|8
40826,3,False,3,3,3,3|3|3|3|9|3|3|3|6|9
40835,4,False,4,10,7,7|7|7|3|9|3|7|7|7|7
40871,5,False,5,1,5,5|5|5|5|5|5|3|5|5|5
40872,0,False,0,0,0,0|0|0|0|0|0|0|0|0|0
40878,2,True,5,10,3,3|3|5|3|9|4|3|3|5|5
40885,9,False,9,1,9,9|5|9|9|9|9|9|9|9|9
40907,1,True,3,10,-1,7|2|2|0|0|7|2|0|6|7
40909,6,False,6,0,6,6|6|6|6|6|6|6|6|6|6
40911,2,False,2,1,2,2|4|2|2|2|2|2|2|2|2
40914,1,True,3,10,3,3|3|3|3|5|3|3|3|3|3
40921,6,False,6,10,3,3|7|7|3|9|7|3|3|3|3
40926,8,False,8,0,8,8|8|8|8|8|8|8|8|8|8
40934,1,True,5,9,5,5|5|5|5|5|1|5|3|5|5
40943,1,True,4,10,4,4|4|4|4|4|4|4|4|4|4
40948,9,False,9,0,9,9|9|9|9|9|9|9|9|9|9
40969,5,False,5,10,3,3|3|3|3|3|3|3|3|3|3
40973,3,False,3,5,3,3|1|9|3|9|3|3|3|2|9
40983,1,True,8,10,8,8|8|8|8|8|8|8|8|8|8
40989,1,True,5,8,5,5|5|5|5|5|1|5|5|6|1
40992,5,False,5,8,2,5|3|2|2|5|2|3|2|2|9
41002,1,True,8,10,8,0|8|8|8|8|8|8|8|8|8
41013,3,False,3,4,3,5|5|3|3|9|3|3|3|3|0
41017,1,False,1,5,-1,5|1|5|5|5|1|5|1|1|1
41027,1,True,3,10,3,3|3|3|3|9|3|3|3|3|7
41036,6,True,0,10,0,0|0|0|0|0|0|0|0|0|0
41039,9,True,7,9,7,7|7|7|7|7|7|7|9|7|7
41051,1,False,1,5,-1,1|2|2|1|2|1|1|2|2|1
41054,9,False,9,4,9,9|0|9|5|9|9|0|9|5|9
41059,8,False,8,0,8,8|8|8|8|8|8|8|8|8|8
41061,1,False,1,10,-1,5|9|5|9|5|9|9|5|5|9
41064,8,True,6,9,6,8|6|6|6|6|6|6|6|6|6
41073,0,False,0,0,0,0|0|0|0|0|0|0|0|0|0
41080,2,False,2,1,2,2|2|2|2|2|9|2|2|2|2
41088,8,True,6,8,6,8|6|6|6|6|6|6|6|8|6
41095,4,True,7,10,7,7|7|7|7|7|7|7|7|7|7
41101,1,True,4,10,4,7|4|3|7|4|4|7|4|4|4
41103,1,True,4,10,4,4|4|3|4|4|4|4|4|4|4
41105,1,False,1,1,1,1|1|1|1|1|1|1|2|1|1
41112,1,True,8,10,8,8|8|8|8|8|8|8|8|8|8
41117,1,True,3,10,9,9|9|9|9|5|9|9|5|9|5
41119,5,False,5,3,5,3|3|5|5|5|1|5|5|5|5
41123,7,False,7,1,7,7|7|7|7|7|7|7|7|7|6
41124,6,True,0,10,0,0|0|0|8|0|1|8|0|0|0
41145,2,False,2,1,2,2|2|2|2|2|9|2|2|2|2
41156,5,True,9,5,-1,5|5|9|5|5|9|9|9|5|9
41163,0,True,8,9,8,8|8|8|8|8|8|8|0|8|8
41169,5,True,9,9,9,5|9|9|9|9|9|9|9|9|9
41182,1,True,3,9,3,3|3|1|3|5|3|3|3|3|3
41199,5,True,2,8,2,3|2|5|3|9|7|2|2|2|5
41208,2,False,2,2,2,7|2|2|2|2|2|6|2|2|2
41219,1,True,4,10,4,4|4|7|4|4|4|4|4|4|4
41222,6,True,0,10,0,0|0|0|0|0|0|0|0|0|0
41237,7,True,4,10,0,0|0|8|0|4|1|0|0|0|0
41242,6,True,0,10,0,0|0|0|0|0|0|0|0|0|0
41252,4,False,4,3,4,4|4|5|4|1|4|3|4|4|4
41256,1,True,8,10,8,8|8|8|8|8|8|8|8|8|8
41257,2,True,1,10,1,1|1|1|8|5|1|1|1|1|1
41264,1,True,8,10,8,8|8|8|8|8|8|8|8|8|8
41265,1,True,4,10,4,4|4|4|4|4|4|8|4|4|4
41266,0,False,0,2,0,0|0|0|5|0|0|9|0|0|0
41267,5,True,9,8,9,5|5|9|9|9|9|9|9|9|9
41289,5,True,1,7,1,1|1|1|5|5|1|1|5|1|1
41291,2,True,1,10,9,9|1|5|9|9|1|9|9|5|5
41306,1,True,3,10,3,3|3|3|3|3|3|3|3|3|3
41309,6,False,6,6,8,6|8|8|6|8|8|6|6|8|8
41312,2,False,2,10,7,7|7|9|7|7|7|7|9|7|9
41315,1,True,8,10,8,8|8|8|8|8|8|8|8|8|8
41317,4,True,7,10,2,2|6|3|2|9|3|2|8|2|7
41325,2,False,2,5,2,4|0|2|4|4|4|2|2|2|2
41327,8,True,6,7,6,8|6|8|6|6|8|6|6|6|6
41328,6,False,6,2,6,8|6|6|6|8|6|6|6|6|6
41336,2,True,1,6,-1,2|2|5|1|5|1|1|2|2|1
41353,3,False,3,4,3,3|3|3|3|5|1|8|3|1|3
41358,1,True,5,10,3,3|3|3|3|5|3|3|3|3|5
41368,1,False,1,9,5,5|5|5|5|5|9|1|9|5|5
41376,2,True,5,10,5,4|4|5|3|5|5|4|5|5|7
41378,1,False,1,7,5,5|1|5|1|5|9|1|5|5|9
41384,1,True,3,10,3,3|3|3|3|5|3|3|3|3|3
41407,2,False,2,1,2,2|2|2|2|2|4|2|2|2|2
41433,1,False,1,6,1,2|1|1|1|5|9|1|2|5|5
41437,7,False,7,7,5,7|5|5|5|5|7|3|7|5|3
41457,6,True,0,10,0,0|0|0|0|0|0|0|0|0|0
41463,1,False,1,6,1,1|0|5|8|5|1|0|0|1|1
41464,6,False,6,1,6,6|6|6|6|6|8|6|6|6|6
41494,5,True,9,9,9,9|9|5|9|9|9|9|9|9|9
41534,6,False,6,7,-1,7|3|5|4|6|3|6|6|4|3
41542,8,True,2,10,2,2|2|2|2|2|4|2|2|2|2
41545,3,False,3,0,3,3|3|3|3|3|3|3|3|3|3
41561,7,True,6,10,6,6|6|6|6|6|6|6|6|6|6
41573,4,False,4,0,4,4|4|4|4|4|4|4|4|4|4
41580,5,True,9,10,9,9|9|9|9|9|9|9|9|9|9
41583,5,False,5,4,5,5|3|5|3|5|1|5|5|3|5
41584,7,False,7,0,7,7|7|7|7|7|7|7|7|7|7
41585,8,False,8,0,8,8|8|8|8|8|8|8|8|8|8
41594,3,False,3,1,3,3|3|3|3|5|3|3|3|3|3
41615,1,True,8,9,8,0|8|8|8|8|1|8|0|0|0
41622,7,True,6,9,6,6|6|6|6|7|6|6|6|6|6
41624,4,True,7,8,3,3|3|7|3|5|4|1|7|3|4
41625,1,True,4,10,4,4|4|4|4|4|4|4|4|4|4
41630,9,False,9,1,9,9|9|9|9|9|9|9|9|5|9
41634,5,True,9,7,9,5|9|5|9|9|9|9|9|5|9
41637,1,False,1,8,5,5|5|5|8|5|1|1|5|5|5
41652,8,True,6,6,6,8|8|8|6|6|6|6|6|8|6
41660,7,False,7,3,7,7|7|8|2|4|7|7|7|7|7
41676,8,False,8,5,8,8|0|2|2|2|2|8|8|8|8
41696,0,False,0,0,0,0|0|0|0|0|0|0|0|0|0
41720,5,False,5,1,5,5|5|5|5|5|1|5|5|5|5
41739,5,True,1,9,1,1|1|1|1|5|1|1|2|1|1
41742,1,False,1,2,1,1|1|1|1|5|1|1|5|1|1
41744,1,True,8,10,8,8|8|2|8|8|8|8|8|8|8
41746,5,True,9,9,9,9|5|9|9|9|9|9|9|9|9
41765,5,True,9,9,9,5|9|9|9|9|9|9|9|9|9
41800,0,False,0,0,0,0|0|0|0|0|0|0|0|0|0
41804,1,True,4,10,4,4|4|4|4|4|4|4|4|4|4
41805,7,False,7,4,7,7|7|7|5|9|7|9|3|7|7
41813,9,False,9,0,9,9|9|9|9|9|9|9|9|9|9
41829,1,True,8,9,8,8|0|1|0|8|9|3|8|8|8
41839,4,False,4,1,4,4|4|4|4|5|4|4|4|4|4
41863,0,False,0,0,0,0|0|0|0|0|0|0|0|0|0
41919,4,False,4,9,7,7|7|7|7|7|7|7|7|7|4
41924,7,True,6,9,6,6|6|6|6|6|7|6|6|6|6
41934,4,False,4,0,4,4|4|4|4|4|4|4|4|4|4
41943,8,False,8,0,8,8|8|8|8|8|8|8|8|8|8
41948,1,False,1,3,1,1|1|2|1|1|1|1|2|2|1
41971,6,True,0,10,0,0|0|0|0|0|0|0|0|0|0
41978,1,False,1,9,8,8|8|1|8|8|8|8|8|8|8
41992,3,False,3,0,3,3|3|3|3|3|3|3|3|3|3
42005,1,True,5,10,5,5|5|5|5|5|5|5|5|5|5
42011,3,False,3,0,3,3|3|3|3|3|3|3|3|3|3
42015,6,False,6,8,4,2|4|8|4|4|6|8|6|4|7
42033,5,False,5,1,5,5|5|5|5|5|1|5|5|5|5
42034,7,False,7,5,7,3|7|5|7|7|7|3|7|3|5
42093,7,True,6,10,6,6|6|6|6|6|6|6|6|6|6
42112,9,True,2,9,2,2|2|2|2|2|9|2|2|2|2
42118,7,False,7,2,7,7|7|7|4|7|7|7|9|7|7
42120,5,True,2,9,2,2|2|0|2|0|5|2|2|2|0
42126,7,False,7,10,5,5|5|2|5|2|5|0|3|2|5
42137,7,False,7,1,7,7|7|7|7|7|7|7|7|7|9
42144,2,False,2,1,2,2|2|2|9|2|2|2|2|2|2
42146,1,True,4,10,4,4|4|4|4|4|4|4|4|4|4
42148,0,False,0,0,0,0|0|0|0|0|0|0|0|0|0
42164,1,True,4,10,4,4|4|4|4|4|4|4|4|4|4
42170,5,False,5,0,5,5|5|5|5|5|5|5|5|5|5
42180,2,False,2,2,2,2|2|4|2|2|9|2|2|2|2
42191,9,False,9,3,9,5|5|5|9|9|9|9|9|9|9
42194,5,False,5,0,5,5|5|5|5|5|5|5|5|5|5
42226,0,False,0,0,0,0|0|0|0|0|0|0|0|0|0
42251,4,True,7,10,7,7|7|7|7|7|7|7|7|7|7
42255,3,True,7,9,7,7|3|7|7|7|7|7|7|7|7
42260,1,False,1,2,1,1|1|1|1|5|1|1|5|1|1
42277,1,True,4,10,4,4|4|4|4|4|4|4|4|4|4
42283,6,True,0,10,0,0|0|0|0|0|0|0|0|0|0
42293,1,True,5,10,5,5|5|5|5|5|5|5|5|5|5
42294,5,True,1,5,-1,5|5|1|1|5|1|1|5|5|1
42300,8,False,8,0,8,8|8|8|8|8|8|8|8|8|8
42316,8,False,8,0,8,8|8|8|8|8|8|8|8|8|8
42323,5,False,5,2,5,3|5|5|5|5|1|5|5|5|5
42327,6,False,6,1,6,6|8|6|6|6|6|6|6|6|6
42330,2,True,7,10,7,7|7|7|7|7|7|7|7|7|7
42358,6,False,6,1,6,6|6|6|6|6|7|6|6|6|6
42362,9,False,9,2,9,9|5|9|9|9|9|9|9|5|9
42367,1,True,8,10,8,8|8|8|8|8|8|8|8|8|8
42382,3,False,3,9,8,8|6|8|8|8|1|8|3|6|8
42386,7,False,7,0,7,7|7|7|7|7|7|7|7|7|7
42398,4,False,4,2,4,4|4|7|4|4|4|9|4|4|4
42401,4,False,4,9,7,3|2|3|7|7|4|0|7|2|7
42423,7,False,7,0,7,7|7|7|7|7|7|7|7|7|7
42461,1,True,5,9,5,5|5|5|3|5|1|3|3|5|5
42493,6,True,0,10,0,0|0|0|0|0|0|0|0|0|0
42502,8,False,8,6,8,1|1|8|5|8|1|8|0|0|8
42524,5,False,5,10,3,3|3|3|3|3|3|3|3|7|3
42538,5,False,5,4,5,5|3|3|5|5|1|5|3|5|5
42575,1,True,4,10,4,4|4|4|4|4|9|4|4|4|4
42594,2,False,2,6,2,7|3|3|7|2|4|7|2|2|2
42598,9,True,7,9,7,7|7|7|7|7|7|7|9|7|7
42599,5,True,9,8,9,5|9|9|9|9|9|9|9|5|9
42650,3,False,3,8,6,3|6|8|6|6|6|3|6|6|6
42674,6,True,0,10,0,0|0|0|0|0|0|0|0|0|0
42688,0,False,0,0,0,0|0|0|0|0|0|0|0|0|0
42689,9,False,9,0,9,9|9|9|9|9|9|9|9|9|9
42698,5,False,5,8,3,7|3|5|3|0|3|3|3|7|5
42707,5,True,1,10,1,1|1|1|1|1|1|1|2|2|1
42742,7,True,6,9,6,6|6|7|6|6|6|6|6|6|6
42747,7,False,7,0,7,7|7|7|7|7|7|7|7|7|7
42752,1,True,3,10,3,3|3|3|3|3|3|3|3|3|3
42755,0,False,0,0,0,0|0|0|0|0|0|0|0|0|0
42758,1,False,1,6,5,5|1|5|5|5|1|1|5|1|5
42770,8,False,8,1,8,8|8|8|8|8|8|8|8|8|1
42788,7,False,7,0,7,7|7|7|7|7|7|7|7|7|7
42795,4,False,4,5,4,4|4|8|6|4|1|8|4|4|8
42817,2,True,5,9,5,2|3|5|5|5|5|6|5|5|3
42834,5,True,1,9,1,5|1|1|1|1|1|1|1|1|1
42842,1,True,8,10,8,8|8|8|8|8|8|8|8|8|8
42859,6,False,6,0,6,6|6|6|6|6|6|6|6|6|6
42885,5,True,9,10,9,9|9|9|9|9|9|9|9|9|9
42890,5,True,9,8,9,5|1|9|9|9|9|9|9|5|9
42895,7,False,7,5,7,4|4|2|7|4|7|8|7|7|7
42901,6,False,6,0,6,6|6|6|6|6|6|6|6|6|6
42917,1,True,8,10,0,0|0|8|0|0|6|0|9|8|0
42924,2,True,5,10,3,3|5|5|3|3|1|3|5|3|3
42935,1,False,1,7,3,3|5|1|5|5|3|3|3|1|1
42937,5,False,5,6,2,5|2|5|2|2|5|2|2|6|5
42958,2,True,1,10,-1,1|1|1|5|5|1|1|5|5|5
42965,1,True,8,10,8,8|8|8|8|8|8|8|8|8|8
43000,1,True,5,10,3,3|3|3|3|5|3|3|5|5|5
43001,8,False,8,0,8,8|8|8|8|8|8|8|8|8|8
43013,1,True,3,10,4,4|4|4|4|4|4|4|4|2|4
43014,8,False,8,0,8,8|8|8|8|8|8|8|8|8|8
43021,8,True,6,10,6,6|6|6|6|6|6|6|6|7|6
43022,6,False,6,0,6,6|6|6|6|6|6|6|6|6|6
43028,6,False,6,0,6,6|6|6|6|6|6|6|6|6|6
43045,6,True,0,9,0,6|0|0|0|0|0|0|0|0|0
43051,7,False,7,0,7,7|7|7|7|7|7|7|7|7|7
43103,5,False,5,2,5,5|5|5|5|5|3|5|5|3|5
43105,3,False,3,3,3,3|3|5|3|3|1|3|3|3|1
43114,7,True,6,10,6,6|6|6|6|6|6|6|6|6|6
43116,9,True,2,10,2,2|2|2|4|2|2|4|2|2|2
43135,2,False,2,2,2,2|2|7|2|2|4|2|2|2|2
43157,6,False,6,9,4,2|4|8|4|4|8|4|6|4|4
43178,1,False,1,4,1,1|1|2|1|2|1|1|2|2|1
43181,1,True,5,10,3,3|3|3|3|5|3|3|3|3|3
43190,2,False,2,8,3,3|4|3|2|9|3|3|2|3|3
43211,0,False,0,1,0,0|0|6|0|0|0|0|0|0|0
43229,2,True,7,9,-1,7|3|5|2|7|7|3|3|3|7
43232,5,True,1,7,1,1|1|5|1|5|1|1|1|5|1
43237,3,False,3,3,3,3|2|3|3|9|3|3|5|3|3
43265,5,True,9,8,9,0|9|9|5|9|9|9|9|5|9
43267,5,True,1,9,9,8|5|8|9|9|9|9|8|9|9
43271,5,True,9,7,9,3|5|9|5|9|9|3|9|5|9
43275,1,True,5,9,5,5|5|5|5|5|1|3|5|5|5
43276,4,False,4,0,4,4|4|4|4|4|4|4|4|4|4
43287,2,False,2,5,2,4|4|2|3|2|4|4|2|2|2
43289,0,False,0,0,0,0|0|0|0|0|0|0|0|0|0
43298,6,False,6,3,6,6|6|8|6|8|6|6|6|6|8
43299,4,False,4,0,4,4|4|4|4|4|4|4|4|4|4
43303,0,False,0,10,4,4|4|4|4|4|4|4|4|4|4
43304,4,False,4,1,4,4|4|4|4|4|4|8|4|4|4
43320,7,False,7,0,7,7|7|7|7|7|7|7|7|7|7
43329,5,True,9,10,9,9|9|9|9|9|9|9|9|9|9
43338,5,False,5,6,2,2|2|5|5|9|5|2|2|2|5
43339,3,False,3,5,3,3|3|5|3|5|4|3|3|5|1
43348,1,True,8,10,8,8|8|8|8|8|3|8|8|8|8
43351,1,True,4,10,4,4|4|4|4|4|4|4|4|4|4
43359,1,False,1,10,9,5|9|5|9|9|9|5|9|5|9
43360,4,True,7,10,7,7|7|7|3|7|7|7|7|7|7
43364,4,False,4,2,4,4|4|2|4|4|4|4|2|4|4
43365,9,True,2,9,2,2|2|2|2|2|9|3|2|2|2
43373,6,False,6,1,6,6|6|6|6|6|7|6|6|6|6
43377,5,True,9,9,9,9|9|5|9|9|9|9|9|9|9
43382,1,True,3,10,3,3|3|3|3|3|3|3|3|3|3
43414,6,False,6,0,6,6|6|6|6|6|6|6|6|6|6
43416,1,False,1,9,5,5|5|5|5|5|1|5|5|5|5
43419,5,True,9,9,9,5|9|9|9|9|9|9|9|9|9
43435,7,False,7,1,7,7|7|7|3|7|7|7|7|7|7
43438,3,False,3,3,3,3|3|3|3|5|4|3|3|3|5
43444,1,True,8,10,8,8|8|8|8|8|8|8|8|8|8
43447,5,True,1,8,1,1|1|1|5|5|1|1|1|1|1
43450,2,False,2,8,6,6|2|8|6|6|2|6|6|6|6
43454,0,False,0,0,0,0|0|0|0|0|0|0|0|0|0
43457,5,True,1,9,1,1|1|1|1|2|1|1|2|5|1
43468,5,False,5,1,5,5|5|5|5|5|1|5|5|5|5
43470,4,False,4,1,4,6|4|4|4|4|4|4|4|4|4
43474,9,False,9,4,9,5|9|9|5|9|5|9|9|5|9
43490,3,False,3,2,3,5|3|3|3|3|1|3|3|3|3
43505,1,True,8,10,8,8|8|8|8|8|8|8|8|8|8
43530,7,False,7,10,3,3|3|3|3|3|3|3|3|3|3
43539,9,False,9,5,9,5|1|5|5|9|9|9|9|5|9
43542,0,False,0,0,0,0|0|0|0|0|0|0|0|0|0
43554,3,False,3,0,3,3|3|3|3|3|3|3|3|3|3
43556,7,False,7,6,3,3|7|7|5|3|7|3|7|3|3
43559,9,False,9,0,9,9|9|9|9|9|9|9|9|9|9
43560,9,False,9,2,9,5|5|9|9|9|9|9|9|9|9
43572,9,True,2,9,2,2|2|2|9|2|4|2|2|2|2
43575,1,True,4,10,4,4|4|4|4|4|4|4|4|4|4
43585,1,False,1,1,1,1|1|1|1|5|1|1|1|1|1
43586,4,False,4,0,4,4|4|4|4|4|4|4|4|4|4
43588,7,True,6,10,6,6|6|6|6|6|6|6|6|6|6
43603,6,False,6,2,6,6|6|7|6|6|8|6|6|6|6
43609,1,False,1,4,1,1|1|2|1|2|1|1|2|2|1
43615,1,True,5,8,5,5|1|5|5|5|1|3|5|5|5
43630,3,False,3,0,3,3|3|3|3|3|3|3|3|3|3
43633,3,False,3,3,3,3|3|3|3|5|3|3|3|5|1
43637,1,True,4,9,4,4|4|3|4|2|4|4|4|3|1
43639,0,False,0,0,0,0|0|0|0|0|0|0|0|0|0
43646,1,False,1,1,1,1|1|1|1|1|1|1|2|1|1
43651,5,False,5,0,5,5|5|5|5|5|5|5|5|5|5
43689,9,False,9,7,5,5|5|5|9|5|9|5|9|5|5
43700,0,False,0,0,0,0|0|0|0|0|0|0|0|0|0
43720,3,False,3,10,6,8|6|8|6|6|8|6|1|6|6
43726,3,False,3,0,3,3|3|3|3|3|3|3|3|3|3
43735,1,True,3,10,3,3|3|3|3|3|3|3|3|3|3
43738,2,False,2,3,2,2|4|2|2|2|4|2|2|4|2
43743,4,False,4,0,4,4|4|4|4|4|4|4|4|4|4
43767,3,False,3,0,3,3|3|3|3|3|3|3|3|3|3
43770,1,True,5,9,5,5|5|5|5|5|1|5|5|5|5
43772,8,False,8,4,8,8|8|8|0|8|0|0|0|8|8
43774,2,True,7,9,7,7|7|7|7|7|7|7|2|7|7
43779,3,False,3,0,3,3|3|3|3|3|3|3|3|3|3
43786,2,True,1,6,1,1|2|2|1|2|1|1|2|1|1
43791,2,True,7,10,7,7|7|3|7|7|7|7|7|3|7
43792,6,True,7,10,7,7|7|7|7|7|7|7|7|3|7
43810,4,False,4,0,4,4|4|4|4|4|4|4|4|4|4
43821,5,True,9,10,9,9|9|9|9|9|9|9|9|9|9
43836,3,False,3,7,4,4|3|3|4|4|4|3|4|2|4
43840,5,False,5,3,5,5|1|5|5|5|1|1|5|5|5
43841,3,False,3,0,3,3|3|3|3|3|3|3|3|3|3
43853,2,True,1,10,1,5|5|1|1|5|1|1|5|1|1
43863,9,False,9,2,9,5|9|5|9|9|9|9|9|9|9
43881,5,False,5,2,5,5|5|5|5|5|5|2|2|5|5
43889,8,False,8,0,8,8|8|8|8|8|8|8|8|8|8
43945,6,True,0,10,0,0|0|0|0|0|0|0|0|0|0
43951,6,True,0,10,0,0|0|0|0|0|0|0|0|0|0
43952,7,False,7,1,7,7|7|7|7|4|7|7|7|7|7
43956,5,False,5,6,3,3|5|3|5|5|1|3|3|3|5
43967,6,True,0,10,0,0|0|0|0|0|0|0|0|0|0
43971,3,False,3,8,9,5|2|5|5|9|9|9|3|3|9
43973,7,True,6,10,6,6|6|6|6|6|6|6|6|6|6
43975,1,True,4,10,4,4|4|4|4|4|4|4|4|4|4
43977,8,True,6,10,6,6|6|6|6|6|6|6|6|6|6
43980,0,False,0,0,0,0|0|0|0|0|0|0|0|0|0
44010,9,False,9,3,9,5|5|5|9|9|9|9|9|9|9
44031,9,True,0,10,0,0|0|0|0|0|0|0|0|0|0
44034,5,True,1,6,1,1|1|1|5|5|1|1|5|5|1
44036,9,False,9,9,8,8|8|8|8|8|8|8|9|8|8
44057,8,False,8,0,8,8|8|8|8|8|8|8|8|8|8
44077,6,False,6,1,6,8|6|6|6|6|6|6|6|6|6
44090,9,True,2,7,2,2|2|2|9|2|9|2|9|2|2
44092,1,True,8,10,8,8|8|8|8|8|8|8|8|8|8
44100,1,True,8,9,8,8|8|8|8|8|1|8|8|8|8
44128,9,True,6,10,6,6|6|8|6|8|3|6|6|6|3
44146,1,False,1,2,1,1|1|1|1|5|1|1|5|1|1
44160,5,False,5,1,5,5|5|5|5|5|1|5|5|5|5
44165,0,False,0,0,0,0|0|0|0|0|0|0|0|0|0
44190,9,False,9,0,9,9|9|9|9|9|9|9|9|9|9
44191,3,False,3,3,3,3|5|3|3|8|8|3|3|3|3
44195,0,True,2,10,2,2|2|2|2|2|9|2|2|2|2
44203,9,True,2,9,2,2|2|2|2|2|9|2|2|2|2
44210,1,False,1,4,1,5|1|1|5|5|1|1|5|1|1
44218,2,False,2,2,2,2|2|2|2|2|9|2|2|4|2
44225,2,True,1,10,6,6|6|8|6|8|1|0|6|7|6
44227,2,True,5,10,-1,3|1|8|0|5|1|9|8|0|9
44239,7,True,6,10,6,6|6|8|6|6|6|6|6|8|6
44250,6,False,6,10,4,4|4|4|4|4|4|8|4|4|4
44256,2,False,2,5,2,2|2|5|9|2|9|2|2|5|9
44265,1,True,5,9,5,5|5|5|5|5|1|5|5|5|5
44295,7,False,7,2,7,0|7|7|7|7|7|7|7|3|7
44302,2,False,2,1,2,2|2|2|2|2|9|2|2|2|2
44311,1,False,1,1,1,1|1|1|1|5|1|1|1|1|1
44351,8,True,2,10,2,2|2|2|2|2|2|2|2|2|2
44352,9,False,9,6,5,5|9|5|5|9|5|9|9|5|1
44357,1,True,8,10,8,8|8|8|8|8|8|8|8|8|8
44358,5,False,5,2,5,5|1|5|5|2|5|5|5|5|5
44369,0,False,0,0,0,0|0|0|0|0|0|0|0|0|0
44376,1,True,3,10,3,6|3|3|3|3|3|3|3|3|3
44378,7,False,7,0,7,7|7|7|7|7|7|7|7|7|7
44379,6,False,6,10,5,5|5|5|5|5|1|3|5|5|5
44383,1,True,3,10,3,3|3|3|3|3|3|3|3|3|3
44422,8,True,6,10,4,4|4|2|4|6|4|4|4|4|4
44436,5,True,1,4,5,1|5|5|5|5|1|1|5|5|1
44452,5,False,5,2,5,5|5|3|5|5|3|5|5|5|5
44470,0,False,0,7,1,1|0|0|5|5|1|1|0|1|5
44479,9,False,9,7,5,5|5|5|9|5|9|5|9|5|5
44483,1,False,1,2,1,1|1|1|1|1|1|1|2|2|1
44507,1,True,3,10,3,3|3|3|3|3|3|3|3|3|3
44537,5,True,1,10,1,1|1|1|1|1|1|1|2|1|1
44544,9,True,2,10,4,4|4|4|4|2|7|8|6|6|7
44550,1,True,3,10,3,3|3|3|3|9|3|3|3|3|3
44558,4,False,4,0,4,4|4|4|4|4|4|4|4|4|4
44568,6,True,0,10,5,5|1|5|5|5|9|0|0|5|8
44579,6,False,6,1,6,6|6|6|6|6|7|6|6|6|6
44594,1,True,8,10,8,8|8|8|8|8|8|8|8|8|8
44597,6,False,6,7,-1,7|8|7|2|2|9|6|6|6|2
44605,9,False,9,3,9,9|5|9|5|9|9|5|9|9|9
44606,9,False,9,1,9,5|9|9|9|9|9|9|9|9|9
44610,7,False,7,0,7,7|7|7|7|7|7|7|7|7|7
44623,5,False,5,6,-1,5|3|5|3|5|3|3|5|2|1
44624,0,False,0,4,0,2|9|0|0|2|2|0|0|0|0
44625,2,True,1,10,1,1|1|1|1|1|1|1|1|1|1
44631,1,True,3,10,7,7|7|7|7|7|7|7|9|7|7
44634,9,True,2,8,2,2|2|2|4|2|9|2|2|2|9
44661,7,False,7,1,7,7|7|7|7|7|4|7|7|7|7
44679,1,False,1,8,5,5|1|5|5|5|1|5|5|5|5
44683,5,True,9,5,5,0|1|5|5|5|9|5|9|9|5
44709,6,True,0,10,0,0|8|0|0|0|1|0|0|8|0
44733,6,False,6,7,6,1|2|2|6|7|7|8|6|4|6
44734,5,False,5,3,5,5|2|3|5|5|3|5|5|5|5
44739,2,False,2,1,2,2|2|2|2|2|9|2|2|2|2
44747,1,True,4,10,-1,3|4|3|4|4|4|3|3|3|4
44764,6,True,0,10,0,0|0|0|0|0|0|0|0|0|0
44802,3,False,3,8,4,4|4|3|3|4|9|1|4|4|9
44808,3,False,3,0,3,3|3|3|3|3|3|3|3|3|3
44810,9,False,9,0,9,9|9|9|9|9|9|9|9|9|9
44812,9,False,9,1,9,5|9|9|9|9|9|9|9|9|9
44831,9,True,2,10,2,2|2|2|2|2|2|2|2|2|2
44832,5,False,5,5,-1,3|5|3|5|5|3|5|5|3|3
44850,1,True,4,10,4,4|4|4|7|7|4|4|4|4|4
44851,1,True,4,10,4,4|4|4|4|4|4|4|4|4|4
44863,4,False,4,1,4,4|4|7|4|4|4|4|4|4|4
44868,3,False,3,4,3,3|7|3|3|7|3|3|3|7|7
44871,9,False,9,0,9,9|9|9|9|9|9|9|9|9|9
44891,4,False,4,6,7,7|4|7|7|7|4|1|4|7|4
44894,1,True,4,10,4,4|4|4|4|4|4|4|4|4|4
44895,5,True,9,9,9,5|9|9|9|9|9|9|9|9|9
44901,5,True,9,8,9,9|9|5|9|9|9|9|9|5|9
44907,8,False,8,0,8,8|8|8|8|8|8|8|8|8|8
44910,9,True,2,10,4,4|4|4|4|4|4|4|4|4|4
44911,7,False,7,2,7,7|7|3|7|7|7|7|7|3|7
44913,3,False,3,7,5,3|3|5|5|5|1|5|3|5|5
44919,5,True,9,9,9,9|9|5|9|9|9|9|9|9|9
44926,3,False,3,0,3,3|3|3|3|3|3|3|3|3|3
44938,2,False,2,9,5,5|5|5|5|5|1|5|2|5|5
44971,1,False,1,10,8,8|8|8|8|8|8|8|8|8|8
44972,6,False,6,1,6,6|6|6|6|6|6|6|6|7|6
44994,1,True,4,10,4,4|4|4|4|4|4|4|4|4|4
45018,5,False,5,1,5,5|5|5|5|5|1|5|5|5|5
45022,4,False,4,0,4,4|4|4|4|4|4|4|4|4|4
45038,3,False,3,8,5,5|3|8|7|5|5|1|3|5|5
45051,5,False,5,1,5,5|5|5|5|5|1|5|5|5|5
45061,7,False,7,0,7,7|7|7|7|7|7|7|7|7|7
45065,7,False,7,0,7,7|7|7|7|7|7|7|7|7|7
45069,7,False,7,0,7,7|7|7|7|7|7|7|7|7|7
45078,6,False,6,3,6,8|6|8|6|6|6|8|6|6|6
45087,7,False,7,0,7,7|7|7|7|7|7|7|7|7|7
45102,0,False,0,6,3,3|0|3|3|0|3|3|0|0|3
45104,8,False,8,0,8,8|8|8|8|8|8|8|8|8|8
45106,6,True,0,10,0,0|0|0|0|0|0|0|0|0|0
45110,4,False,4,5,4,4|4|2|4|0|1|4|4|0|3
45115,1,True,8,10,8,8|8|8|8|8|8|8|8|8|8
45117,3,False,3,3,3,3|3|3|5|7|3|3|3|3|1
45131,2,False,2,2,2,2|2|0|2|2|9|2|2|2|2
45132,1,True,4,10,4,4|4|4|4|4|4|0|4|4|4
45138,1,True,8,10,8,8|8|8|8|8|0|8|8|8|0
45147,3,True,7,10,7,7|7|7|7|7|7|7|7|7|7
45148,1,True,8,10,8,8|8|8|8|8|8|8|8|8|8
45158,3,False,3,3,3,5|3|3|3|5|3|3|3|3|5
45169,8,True,6,10,6,6|6|7|6|6|6|6|6|6|6
45171,3,True,7,10,7,7|7|7|7|7|7|7|7|7|7
45186,0,False,0,0,0,0|0|0|0|0|0|0|0|0|0
45191,3,False,3,2,3,3|1|3|3|3|3|3|3|3|1
45199,4,False,4,0,4,4|4|4|4|4|4|4|4|4|4
45213,8,True,2,10,2,2|2|2|2|2|4|2|2|2|2
45219,5,False,5,1,5,5|5|5|5|5|1|5|5|5|5
45225,6,False,6,1,6,6|6|6|6|6|7|6|6|6|6
45243,1,True,8,9,8,8|8|8|8|8|1|8|0|8|8
45250,3,False,3,9,5,5|2|4|5|5|4|3|7|7|5
45261,9,False,9,0,9,9|9|9|9|9|9|9|9|9|9
45269,5,False,5,6,3,3|3|5|5|5|3|3|3|3|5
45270,0,False,0,0,0,0|0|0|0|0|0|0|0|0|0
45285,3,True,7,10,7,4|4|7|7|7|7|7|7|7|7
45286,1,True,4,10,4,4|4|4|4|4|4|4|4|4|4
45289,9,True,1,10,-1,1|5|1|5|5|1|1|5|5|1
45300,6,False,6,1,6,6|6|6|6|6|6|6|6|6|7
45302,9,False,9,0,9,9|9|9|9|9|9|9|9|9|9
45313,0,False,0,0,0,0|0|0|0|0|0|0|0|0|0
45315,1,True,4,10,4,4|4|4|4|4|4|4|4|4|4
45318,1,True,8,10,8,8|8|8|8|8|8|8|8|8|8
45322,5,True,1,5,5,5|1|5|1|5|1|1|2|5|5
45323,1,True,4,10,-1,4|4|7|4|7|7|7|4|4|7
45326,1,True,5,10,5,5|5|5|5|5|5|3|5|5|5
45333,1,True,4,9,0,0|4|0|4|0|4|1|0|0|0
45341,2,False,2,1,2,2|2|2|2|2|9|2|2|2|2
45349,0,False,0,0,0,0|0|0|0|0|0|0|0|0|0
45364,0,False,0,3,0,1|0|0|0|8|1|0|0|0|0
45365,3,True,7,9,7,7|7|3|7|7|7|7|7|7|7
45367,2,False,2,2,2,2|2|2|9|2|9|2|2|2|2
45372,8,False,8,0,8,8|8|8|8|8|8|8|8|8|8
45373,6,True,0,10,0,0|0|0|0|0|0|0|0|0|0
45385,6,False,6,4,6,6|6|6|4|6|3|3|6|3|6
45387,0,False,0,0,0,0|0|0|0|0|0|0|0|0|0
45395,1,True,3,9,5,5|5|5|5|5|1|5|5|5|5
45404,9,True,2,10,2,2|4|2|2|2|4|2|2|4|4
45411,2,False,2,2,2,2|2|2|0|2|7|2|2|2|2
45432,7,False,7,0,7,7|7|7|7|7|7|7|7|7|7
45445,0,False,0,0,0,0|0|0|0|0|0|0|0|0|0
45453,6,False,6,10,9,5|9|9|5|9|1|0|0|0|9
45460,9,True,2,9,2,2|2|2|2|2|9|2|2|2|2
45467,3,False,3,5,3,6|3|2|3|9|7|3|3|3|2
45470,1,False,1,2,1,1|1|1|1|5|1|1|2|1|1
45473,5,False,5,1,5,5|5|5|5|5|1|5|5|5|5
45475,5,True,1,6,1,1|1|1|5|5|1|1|5|5|1
45482,2,True,5,10,5,5|1|5|3|4|4|3|3|5|5
45483,1,False,1,7,5,5|1|1|5|5|9|1|5|5|5
45495,5,True,9,10,9,9|9|9|9|9|9|9|9|9|9
45496,1,True,4,10,3,3|3|3|3|4|3|3|3|3|3
45499,1,True,5,9,5,5|5|5|5|5|1|5|5|5|5
45522,2,False,2,1,2,2|2|2|2|2|9|2|2|2|2
45527,2,True,7,10,7,7|7|3|7|7|7|7|7|7|7
45557,5,False,5,5,5,6|6|8|5|5|1|6|5|5|5
45564,6,True,0,10,0,0|0|0|0|0|0|0|0|0|0
45575,8,True,6,8,6,8|6|8|6|6|6|6|6|6|6
45586,1,True,4,10,7,4|7|7|7|7|7|7|7|4|7
45623,4,False,4,0,4,4|4|4|4|4|4|4|4|4|4
45624,4,False,4,0,4,4|4|4|4|4|4|4|4|4|4
45639,2,False,2,1,2,2|2|2|2|2|9|2|2|2|2
45645,4,False,4,2,4,4|4|2|4|4|4|4|4|4|3
45688,4,False,4,0,4,4|4|4|4|4|4|4|4|4|4
45704,1,False,1,3,1,1|1|1|1|5|9|1|2|1|1
45714,5,True,1,9,1,1|1|1|1|5|1|1|2|2|1
45737,0,False,0,0,0,0|0|0|0|0|0|0|0|0|0
45744,9,True,2,10,2,7|2|2|7|4|4|3|4|2|2
45784,8,False,8,0,8,8|8|8|8|8|8|8|8|8|8
45794,6,False,6,0,6,6|6|6|6|6|6|6|6|6|6
45811,4,False,4,3,4,4|4|2|4|4|4|2|4|2|4
45820,4,False,4,1,4,4|4|4|4|4|4|4|4|2|4
45831,5,False,5,3,5,5|5|5|5|5|1|3|5|5|1
45834,5,True,1,4,5,1|5|5|5|5|1|1|5|9|5
45835,6,False,6,0,6,6|6|6|6|6|6|6|6|6|6
45840,9,False,9,1,9,5|9|9|9|9|9|9|9|9|9
45848,5,True,9,10,9,9|9|9|9|9|9|9|9|9|9
45850,1,True,3,10,3,3|3|3|3|3|3|3|3|3|3
45889,6,False,6,0,6,6|6|6|6|6|6|6|6|6|6
45907,8,False,8,0,8,8|8|8|8|8|8|8|8|8|8
45922,9,False,9,0,9,9|9|9|9|9|9|9|9|9|9
45942,5,False,5,1,5,5|5|5|5|5|1|5|5|5|5
45953,9,True,2,10,2,2|2|2|3|2|2|2|2|2|2
45973,5,False,5,4,5,5|3|5|5|5|3|5|3|5|1
46013,1,True,3,10,3,3|3|3|3|3|4|3|3|3|3
46017,5,False,5,10,3,3|3|3|3|1|4|3|3|3|3
46019,0,False,0,0,0,0|0|0|0|0|0|0|0|0|0
46022,5,False,5,0,5,5|5|5|5|5|5|5|5|5|5
46026,2,True,1,10,1,1|1|5|1|5|1|1|1|1|1
46028,8,False,8,0,8,8|8|8|8|8|8|8|8|8|8
46036,4,False,4,0,4,4|4|4|4|4|4|4|4|4|4
46048,1,True,8,9,8,8|8|8|8|8|1|8|8|8|8
46057,1,True,5,10,4,4|4|5|4|4|4|4|4|4|4
46061,4,False,4,1,4,4|4|1|4|4|4|4|4|4|4
46099,1,False,1,2,1,1|1|1|1|5|1|1|5|1|1
46113,6,True,0,9,0,0|0|0|0|0|0|0|0|6|0
46121,5,True,3,10,3,3|3|3|3|3|3|3|3|3|3
46123,6,False,6,6,0,6|0|0|0|0|6|0|0|6|6
46124,6,False,6,1,6,6|6|6|6|6|6|8|6|6|6
46151,8,False,8,0,8,8|8|8|8|8|8|8|8|8|8
46168,7,False,7,0,7,7|7|7|7|7|7|7|7|7|7
46181,5,True,9,10,9,9|9|9|9|9|9|9|9|9|9
46210,8,False,8,0,8,8|8|8|8|8|8|8|8|8|8
46211,7,False,7,1,7,7|7|7|7|7|7|7|9|7|7
46216,9,True,2,9,2,2|2|2|2|2|9|2|2|2|2
46219,5,True,1,9,1,1|1|1|1|5|1|1|1|1|1
46235,9,True,2,10,2,2|2|2|2|2|2|2|2|2|2
46247,5,False,5,7,-1,1|3|5|4|5|4|3|3|1|5
46260,8,False,8,0,8,8|8|8|8|8|8|8|8|8|8
46266,7,False,7,0,7,7|7|7|7|7|7|7|7|7|7
46270,3,True,7,10,-1,7|4|7|4|4|7|7|4|7|4
46271,6,False,6,2,6,8|6|6|6|6|8|6|6|6|6
46280,9,False,9,1,9,9|9|9|9|9|9|9|9|5|9
46286,1,True,3,10,3,3|3|3|3|3|3|3|3|3|3
46292,8,False,8,0,8,8|8|8|8|8|8|8|8|8|8
46302,5,True,9,10,9,9|9|9|9|9|9|9|9|9|9
46327,9,False,9,1,9,9|9|5|9|9|9|9|9|9|9
46362,0,False,0,3,0,0|0|0|0|0|6|8|0|0|8
46373,2,False,2,10,7,7|3|7|5|9|7|7|7|7|7
46377,8,True,6,10,6,6|6|6|6|6|6|6|6|6|6
46387,1,True,8,10,8,8|8|8|8|8|8|8|8|8|0
46401,9,False,9,4,9,9|5|5|9|9|9|5|9|5|9
46433,1,True,3,10,3,5|3|5|5|3|3|3|5|3|3
46441,1,True,5,10,3,3|3|3|3|3|3|3|3|3|3
46457,4,True,2,10,6,6|6|2|6|6|6|8|2|6|2
46463,1,False,1,2,1,1|1|1|1|1|1|1|2|2|1
46464,1,True,8,10,8,8|8|8|8|8|8|8|8|8|8
46465,3,True,7,6,3,3|7|2|7|2|3|3|3|5|5
46472,3,False,3,0,3,3|3|3|3|3|3|3|3|3|3
46483,2,True,5,10,5,5|5|5|5|9|3|3|5|5|5
46488,8,False,8,0,8,8|8|8|8|8|8|8|8|8|8
46494,5,False,5,6,3,5|3|5|5|5|3|3|3|3|3
46499,8,False,8,0,8,8|8|8|8|8|8|8|8|8|8
46509,2,False,2,3,2,5|2|2|2|2|4|2|2|2|3
46510,5,False,5,5,5,5|3|5|7|5|3|7|5|5|3
46523,6,True,0,10,0,0|0|0|0|0|0|0|0|0|0
46535,7,True,6,5,7,7|7|3|6|6|7|6|7|7|6
46590,3,False,3,0,3,3|3|3|3|3|3|3|3|3|3
46630,2,False,2,7,4,4|4|2|4|4|4|4|2|2|4
46646,9,False,9,7,5,5|5|5|5|5|9|1|9|5|9
46650,4,False,4,10,3,3|3|3|3|3|3|3|3|3|3
46667,1,True,5,10,5,5|5|5|5|5|5|5|5|5|5
46671,7,False,7,0,7,7|7|7|7|7|7|7|7|7|7
46676,5,False,5,9,3,4|1|5|3|1|4|3|3|3|1
46678,6,True,0,3,6,7|1|6|6|6|6|6|6|6|0
46683,9,True,2,10,2,2|2|0|0|2|4|6|2|2|2
46712,3,False,3,3,3,4|3|3|4|5|3|3|3|3|3
46720,5,False,5,1,5,5|5|5|5|5|3|5|5|5|5
46734,1,True,5,10,5,5|5|5|5|5|5|5|5|5|5
46736,1,True,8,9,9,0|1|9|0|9|9|9|8|9|9
46753,1,True,4,10,4,4|4|3|4|7|7|7|4|4|4
46759,9,True,2,10,2,2|2|2|2|2|4|2|2|2|2
46761,8,False,8,0,8,8|8|8|8|8|8|8|8|8|8
46764,8,False,8,0,8,8|8|8|8|8|8|8|8|8|8
46768,8,False,8,5,8,8|1|8|9|8|9|1|8|2|8
46784,2,False,2,3,2,2|2|2|9|2|9|2|2|2|9
46796,1,False,1,3,1,1|1|1|5|5|1|1|5|1|1
46803,4,False,4,1,4,4|4|5|4|4|4|4|4|4|4
46804,8,True,6,8,6,6|8|6|6|8|6|6|6|6|6
46810,9,True,2,10,4,4|4|2|4|4|4|4|4|4|4
46813,2,False,2,1,2,2|2|2|2|2|4|2|2|2|2
46817,1,True,3,10,3,3|3|3|5|3|3|3|3|3|3
46821,8,False,8,0,8,8|8|8|8|8|8|8|8|8|8
46822,0,False,0,0,0,0|0|0|0|0|0|0|0|0|0
46825,3,False,3,2,3,5|3|3|3|3|4|3|3|3|3
46882,3,False,3,0,3,3|3|3|3|3|3|3|3|3|3
46887,9,True,2,10,2,2|2|2|2|2|2|2|2|2|2
46889,1,False,1,5,1,1|1|5|0|5|1|1|5|5|1
46897,0,False,0,0,0,0|0|0|0|0|0|0|0|0|0
46902,6,True,0,10,0,0|0|0|0|0|0|0|0|0|0
46916,5,False,5,1,5,5|5|5|5|5|5|5|5|5|1
46921,6,False,6,1,6,6|6|6|6|6|6|6|6|6|8
46934,0,False,0,4,0,0|0|2|2|0|0|6|0|0|6
46941,9,True,7,9,7,7|7|7|7|7|7|7|9|7|7
46945,0,False,0,0,0,0|0|0|0|0|0|0|0|0|0
46962,3,False,3,0,3,3|3|3|3|3|3|3|3|3|3
46964,6,True,0,10,-1,8|0|0|0|0|8|8|0|8|8
46989,3,False,3,5,3,3|2|1|8|5|4|3|3|3|3
46992,0,False,0,0,0,0|0|0|0|0|0|0|0|0|0
47021,8,False,8,6,0,8|0|0|0|8|0|0|8|0|8
47025,9,False,9,1,9,9|9|5|9|9|9|9|9|9|9
47026,1,False,1,2,1,1|1|2|1|1|1|1|2|1|1
47029,2,True,5,10,5,5|5|5|5|5|1|3|5|5|5
47039,7,False,7,4,7,7|3|5|7|1|7|3|7|7|7
47056,7,False,7,2,7,7|7|3|7|7|7|7|9|7|7
47064,4,False,4,1,4,4|4|4|4|4|4|7|4|4|4
47070,1,True,5,10,5,5|5|5|3|5|3|5|6|6|5
47083,5,True,9,10,8,8|0|8|8|8|1|8|8|8|8
47090,1,True,5,9,5,5|5|5|5|5|1|3|5|5|5
47097,8,False,8,0,8,8|8|8|8|8|8|8|8|8|8
47103,5,False,5,10,3,3|3|3|3|3|3|3|3|3|3
47108,2,True,1,9,9,9|9|8|5|2|9|5|9|9|5
47123,9,True,2,10,4,4|4|4|4|4|4|4|4|4|4
47126,4,False,4,0,4,4|4|4|4|4|4|4|4|4|4
47144,4,False,4,0,4,4|4|4|4|4|4|4|4|4|4
47155,1,True,4,10,4,4|4|4|4|4|4|4|4|4|4
47172,9,True,2,10,5,5|3|2|3|5|3|5|5|5|5
47193,8,False,8,0,8,8|8|8|8|8|8|8|8|8|8
47216,1,True,4,10,0,0|0|8|0|8|0|8|0|0|0
47224,4,True,2,7,2,2|2|2|2|2|4|2|4|4|2
47245,8,False,8,0,8,8|8|8|8|8|8|8|8|8|8
47250,3,False,3,0,3,3|3|3|3|3|3|3|3|3|3
47255,2,False,2,9,4,4|4|2|4|4|4|4|0|0|4
47285,7,False,7,3,7,7|4|7|4|7|3|7|7|7|7
47301,9,True,7,9,7,7|7|7|7|7|7|7|9|7|7
47314,1,False,1,2,1,1|1|1|1|5|1|1|2|1|1
47318,1,True,4,9,5,5|1|5|7|5|5|3|7|5|5
47337,0,False,0,2,0,0|0|0|0|0|1|0|0|8|0
47350,8,False,8,0,8,8|8|8|8|8|8|8|8|8|8
47354,8,True,6,9,6,6|6|6|6|6|6|6|6|8|6
47358,5,False,5,1,5,5|5|5|5|5|1|5|5|5|5
47361,8,True,6,5,-1,6|6|8|8|6|8|8|6|6|8
47367,9,False,9,1,9,9|9|5|9|9|9|9|9|9|9
47380,1,True,8,10,8,8|8|8|8|8|8|8|8|8|8
47395,8,False,8,0,8,8|8|8|8|8|8|8|8|8|8
47423,1,False,1,2,1,1|1|1|1|5|1|1|2|1|1
47427,9,False,9,0,9,9|9|9|9|9|9|9|9|9|9
47439,3,False,3,10,5,5|5|5|5|5|5|5|5|5|5
47440,5,False,5,1,5,5|5|5|5|5|1|5|5|5|5
47453,5,True,1,7,1,1|1|1|1|5|1|1|5|5|1
47460,7,False,7,0,7,7|7|7|7|7|7|7|7|7|7
47462,3,False,3,7,-1,3|2|3|2|7|7|8|3|7|5
47464,6,False,6,2,6,6|8|6|6|6|6|6|6|8|6
47476,8,False,8,0,8,8|8|8|8|8|8|8|8|8|8
47482,1,True,4,10,4,4|4|4|4|4|4|4|4|4|4
47493,5,False,5,8,7,2|7|2|7|2|5|7|7|5|7
47502,3,False,3,7,-1,5|0|3|5|9|3|3|0|0|9
47503,1,True,4,10,4,4|4|4|4|4|4|4|4|4|4
47513,7,True,6,10,6,6|6|6|6|6|6|6|6|6|6
47534,4,False,4,1,4,4|4|4|4|4|4|4|4|2|4
47551,9,True,7,10,7,7|7|7|7|7|7|7|7|7|7
47552,6,False,6,1,6,7|6|6|6|6|6|6|6|6|6
47570,5,True,4,10,4,4|4|4|4|4|4|4|4|4|4
47578,6,False,6,3,6,8|8|6|6|8|6|6|6|6|6
47588,5,True,1,6,1,1|5|5|1|5|1|1|5|1|1
47599,6,True,0,10,0,0|0|0|0|0|0|0|0|0|0
47600,6,False,6,0,6,6|6|6|6|6|6|6|6|6|6
47623,1,True,4,10,4,4|4|4|4|4|4|4|4|4|4
47643,3,False,3,7,5,5|5|5|5|5|1|3|3|3|5
47656,9,False,9,3,9,5|5|5|9|9|9|9|9|9|9
47683,1,True,3,10,3,3|3|3|3|3|3|3|3|3|3
47694,1,True,8,10,8,0|8|8|8|8|8|8|8|8|8
47696,7,False,7,8,5,5|2|5|5|5|5|7|7|5|5
47707,6,False,6,3,6,6|3|6|6|8|7|6|6|6|6
47709,9,False,9,1,9,5|9|9|9|9|9|9|9|9|9
47713,8,False,8,3,8,8|8|8|8|8|1|1|8|6|8
47719,2,False,2,0,2,2|2|2|2|2|2|2|2|2|2
47724,7,False,7,8,3,3|4|7|3|2|3|3|7|2|2
47725,1,True,5,9,3,3|3|3|3|5|1|3|3|3|5
47750,2,False,2,1,2,2|2|2|2|2|4|2|2|2|2
47756,6,False,6,8,0,2|0|8|4|0|1|0|6|6|1
47761,1,False,1,4,1,1|1|2|5|5|1|1|2|1|1
47769,5,False,5,5,5,5|5|1|3|5|3|3|3|5|5
47781,5,False,5,6,3,3|3|5|3|5|3|3|5|5|3
47804,3,False,3,0,3,3|3|3|3|3|3|3|3|3|3
47832,8,False,8,4,8,8|8|8|0|8|1|8|0|8|0
47837,4,False,4,1,4,1|4|4|4|4|4|4|4|4|4
47848,1,True,3,10,3,3|3|3|3|3|3|3|3|3|3
47851,1,True,3,10,6,6|6|8|6|6|7|8|6|6|7
47868,4,False,4,1,4,4|4|3|4|4|4|4|4|4|4
47879,8,False,8,0,8,8|8|8|8|8|8|8|8|8|8
47887,9,True,7,10,7,7|7|7|7|7|7|7|7|7|7
47913,2,True,5,7,5,5|2|5|5|2|1|1|2|5|5
47920,1,True,5,9,5,5|5|5|5|5|1|5|5|5|5
47925,0,False,0,0,0,0|0|0|0|0|0|0|0|0|0
47927,9,False,9,0,9,9|9|9|9|9|9|9|9|9|9
47929,2,True,5,10,5,5|5|5|5|5|1|5|5|5|5
47944,9,False,9,0,9,9|9|9|9|9|9|9|9|9|9
47961,8,True,6,10,6,6|6|6|6|6|6|6|6|7|7
47964,5,False,5,3,5,5|5|5|5|5|1|3|5|5|1
48005,1,True,3,10,3,3|3|3|3|3|3|3|3|3|3
48009,0,False,0,1,0,0|0|0|0|0|6|0|0|0|0
48014,2,False,2,5,2,2|0|0|2|2|7|6|2|0|2
48017,5,True,9,7,9,5|5|5|9|9|9|9|9|9|9
48020,7,False,7,0,7,7|7|7|7|7|7|7|7|7|7
48048,5,False,5,1,5,5|5|5|5|5|1|5|5|5|5
48050,5,False,5,10,2,2|2|2|2|2|4|2|2|2|2
48065,7,True,6,10,6,8|6|6|6|6|6|6|6|6|6
48079,7,True,6,8,6,6|6|7|6|6|6|6|7|6|6
48090,2,False,2,1,2,2|2|0|2|2|2|2|2|2|2
48096,6,True,0,10,0,0|0|0|0|0|0|0|0|0|0
48107,8,False,8,0,8,8|8|8|8|8|8|8|8|8|8
48112,3,False,3,3,3,3|4|3|3|3|3|3|3|4|4
48138,1,False,1,5,1,1|1|5|5|5|1|1|2|5|1
48148,0,False,0,0,0,0|0|0|0|0|0|0|0|0|0
48151,9,False,9,9,-1,1|2|5|5|2|1|5|9|2|1
48152,9,False,9,1,9,5|9|9|9|9|9|9|9|9|9
48153,7,False,7,0,7,7|7|7|7|7|7|7|7|7|7
48161,5,False,5,6,3,3|3|5|3|5|3|3|5|5|3
48163,1,True,4,10,4,4|4|4|4|4|4|4|4|4|4
48172,4,False,4,4,4,1|6|4|4|4|4|6|4|6|4
48181,5,False,5,1,5,5|5|5|5|5|1|5|5|5|5
48184,6,False,6,2,6,6|6|2|6|6|9|6|6|6|6
48204,7,False,7,0,7,7|7|7|7|7|7|7|7|7|7
48216,4,False,4,0,4,4|4|4|4|4|4|4|4|4|4
48218,6,False,6,2,6,6|6|8|6|6|7|6|6|6|6
48228,1,True,4,10,4,4|4|4|4|4|4|4|4|4|4
48259,2,False,2,1,2,2|2|2|2|2|9|2|2|2|2
48277,7,True,6,9,6,6|6|6|6|6|7|6|6|6|6
48291,0,False,0,0,0,0|0|0|0|0|0|0|0|0|0
48293,1,False,1,6,2,2|1|2|5|2|1|1|2|2|1
48298,6,False,6,10,5,5|3|5|3|5|3|2|2|5|5
48307,3,True,7,10,9,9|7|9|7|9|9|7|9|7|9
48311,1,True,8,10,8,8|8|8|8|8|8|8|8|8|8
48312,2,True,1,6,1,2|1|2|1|1|1|1|2|2|1
48321,2,False,2,4,2,2|2|2|2|6|4|3|2|6|2
48331,1,True,3,10,3,3|3|3|3|3|3|3|3|3|3
48338,4,False,4,4,4,4|4|8|4|4|4|2|4|6|2
48344,2,False,2,9,0,9|8|0|0|0|1|8|2|0|0
48355,6,True,0,10,9,7|0|0|5|9|7|0|9|9|9
48361,6,False,6,1,6,6|6|6|6|6|8|6|6|6|6
48378,0,False,0,0,0,0|0|0|0|0|0|0|0|0|0
48382,3,True,7,9,7,7|7|7|7|7|7|7|3|7|7
48395,5,False,5,1,5,5|5|5|5|5|3|5|5|5|5
48404,2,False,2,3,2,2|2|0|2|2|7|6|2|2|2
48415,6,True,0,10,0,0|0|0|0|0|0|0|0|0|0
48438,3,True,7,6,7,7|7|3|7|2|3|7|3|3|7
48441,2,True,1,10,1,1|1|5|1|5|1|1|1|6|1
48447,1,True,4,10,4,4|4|4|4|4|4|4|4|4|4
48487,7,False,7,1,7,7|7|7|7|7|7|7|9|7|7
48495,5,False,5,4,5,5|2|5|5|5|1|3|3|5|5
48509,9,False,9,1,9,5|9|9|9|9|9|9|9|9|9
48510,5,False,5,0,5,5|5|5|5|5|5|5|5|5|5
48517,3,False,3,1,3,3|3|3|3|4|3|3|3|3|3
48525,6,False,6,0,6,6|6|6|6|6|6|6|6|6|6
48564,2,True,1,9,1,1|1|1|1|1|1|1|2|1|1
48583,8,False,8,0,8,8|8|8|8|8|8|8|8|8|8
48610,1,False,1,3,1,1|1|1|1|5|1|1|2|2|1
48620,7,False,7,0,7,7|7|7|7|7|7|7|7|7|7
48621,4,False,4,0,4,4|4|4|4|4|4|4|4|4|4
48630,1,True,5,9,5,3|5|1|3|5|5|3|5|3|5
48645,5,False,5,1,5,5|5|5|5|5|1|5|5|5|5
48647,8,False,8,0,8,8|8|8|8|8|8|8|8|8|8
48661,7,False,7,10,3,3|3|3|3|5|3|3|3|3|3
48662,9,False,9,2,9,5|9|9|9|9|9|9|9|5|9
48665,6,False,6,0,6,6|6|6|6|6|6|6|6|6|6
48712,2,False,2,1,2,2|2|2|2|2|9|2|2|2|2
48718,9,False,9,7,-1,2|9|5|8|8|9|1|9|8|2
48753,6,False,6,0,6,6|6|6|6|6|6|6|6|6|6
48759,7,False,7,10,0,0|0|0|0|0|0|0|0|0|0
48782,0,False,0,0,0,0|0|0|0|0|0|0|0|0|0
48786,5,False,5,8,7,7|1|5|5|7|7|3|7|2|7
48794,1,True,8,10,8,8|8|8|8|8|8|8|8|8|8
48806,5,True,1,8,1,1|1|1|5|5|1|1|2|1|1
48821,8,False,8,0,8,8|8|8|8|8|8|8|8|8|8
48827,5,True,9,10,9,9|9|9|9|9|9|9|9|9|9
48834,3,False,3,0,3,3|3|3|3|3|3|3|3|3|3
48840,1,False,1,4,1,5|1|1|5|5|1|1|5|1|1
48864,8,False,8,1,8,8|8|8|8|8|8|8|8|0|8
48876,4,False,4,0,4,4|4|4|4|4|4|4|4|4|4
48901,2,True,1,9,1,1|1|1|1|5|1|1|2|1|1
48917,1,False,1,4,1,5|1|1|5|5|1|1|5|1|1
48931,1,True,3,10,3,3|3|5|3|9|3|3|3|2|6
48956,8,True,6,9,6,6|6|8|6|6|6|6|6|6|6
48959,8,False,8,0,8,8|8|8|8|8|8|8|8|8|8
48963,5,True,9,8,9,5|9|5|9|9|9|9|9|9|9
48971,0,False,0,0,0,0|0|0|0|0|0|0|0|0|0
49012,5,True,9,9,9,5|9|9|9|9|9|9|9|9|9
49016,8,True,2,10,2,2|2|2|2|2|4|2|2|2|2
49023,1,True,4,10,4,4|4|4|4|4|4|4|4|4|4
49025,1,True,8,10,8,8|8|8|8|8|8|8|8|8|8
49031,9,False,9,0,9,9|9|9|9|9|9|9|9|9|9
49043,1,True,8,10,8,8|8|8|8|8|8|8|8|8|8
49050,0,False,0,0,0,0|0|0|0|0|0|0|0|0|0
49064,4,True,9,10,9,5|9|5|9|9|9|9|9|9|9
49072,5,True,9,9,9,5|9|9|9|9|9|9|9|9|9
49075,1,False,1,3,1,1|1|1|1|2|1|1|2|2|1
49078,1,True,3,10,3,3|3|5|3|5|3|3|3|5|3
49083,3,False,3,9,5,5|5|1|5|2|1|5|5|3|5
49088,6,False,6,1,6,6|6|6|6|6|7|6|6|6|6
49093,2,False,2,8,0,0|2|0|0|0|0|0|2|0|0
49125,5,True,9,10,9,9|9|9|9|9|9|9|9|9|9
49164,0,False,0,0,0,0|0|0|0|0|0|0|0|0|0
49187,4,False,4,10,7,7|7|7|3|7|7|7|7|7|7
49188,5,False,5,3,5,5|5|5|3|5|3|6|5|5|5
49207,1,True,4,10,4,4|4|4|4|4|4|4|4|4|4
49211,9,False,9,1,9,9|9|5|9|9|9|9|9|9|9
49220,1,True,8,10,8,8|8|8|8|8|8|8|8|8|8
49231,7,False,7,5,7,7|3|3|7|5|7|7|7|3|3
49244,9,False,9,0,9,9|9|9|9|9|9|9|9|9|9
49248,9,True,2,9,2,2|2|2|2|2|9|2|0|2|2
49293,7,False,7,4,7,7|7|7|3|7|4|3|7|7|3
49309,7,False,7,2,7,7|3|3|7|7|7|7|7|7|7
49311,8,True,6,6,6,6|8|8|6|8|8|6|6|6|6
49327,5,False,5,4,5,5|5|5|5|5|7|3|3|3|5
49334,2,True,5,10,7,5|7|7|7|7|3|3|7|3|3
49347,8,False,8,3,8,8|8|8|8|0|1|0|8|8|8
49349,0,False,0,9,-1,1|1|2|4|9|4|0|3|3|2
49374,1,True,8,10,8,9|0|8|5|8|8|0|8|0|8
49378,8,False,8,8,0,0|0|0|0|0|0|0|8|8|0
49412,8,True,6,10,6,6|6|6|6|6|6|6|6|6|6
49426,5,True,1,8,1,5|1|1|1|5|1|1|2|1|1
49434,8,False,8,0,8,8|8|8|8|8|8|8|8|8|8
49440,6,False,6,7,2,6|2|2|4|2|4|1|6|6|2
49443,1,True,3,10,2,2|2|0|2|6|3|3|6|6|2
49470,3,True,7,8,7,7|7|7|7|7|7|7|7|3|3
49476,7,False,7,3,7,4|4|7|7|7|7|3|7|7|7
49494,5,True,1,4,5,5|1|5|5|5|1|1|5|5|1
49505,1,False,1,7,5,5|5|5|5|5|1|1|5|5|1
49507,6,True,0,10,0,0|0|0|0|0|0|0|0|0|0
49516,8,True,6,10,6,6|6|6|6|6|7|6|6|6|6
49517,9,True,0,10,0,0|0|0|0|0|0|0|0|0|0
49542,1,True,8,10,8,8|8|8|8|8|8|8|8|8|8
49550,6,False,6,3,6,6|6|8|6|8|8|6|6|6|6
49557,6,True,0,10,0,0|0|0|0|0|0|0|0|0|0
49573,2,False,2,7,-1,8|6|2|3|9|3|3|2|4|2
49595,4,False,4,1,4,4|4|4|4|4|4|4|4|4|7
49617,2,False,2,10,4,4|4|4|4|4|4|4|4|4|4
49633,6,True,0,10,0,0|0|0|0|0|0|0|0|0|0
49639,6,False,6,0,6,6|6|6|6|6|6|6|6|6|6
49646,1,True,3,8,-1,4|3|1|5|6|3|6|6|1|3
49652,2,True,1,10,-1,1|1|5|5|5|1|1|5|5|1
49665,2,True,5,10,4,4|4|3|7|4|4|6|4|4|4
49667,8,True,6,10,6,7|6|6|6|6|6|6|6|6|6
49670,5,True,9,7,9,5|5|5|9|9|9|9|9|9|9
49675,5,False,5,3,5,5|5|5|5|5|1|3|5|3|5
49681,8,False,8,0,8,8|8|8|8|8|8|8|8|8|8
49683,9,True,2,9,2,2|2|2|2|2|9|2|2|2|2
49696,8,False,8,4,8,8|8|8|8|8|5|1|8|5|5
49709,1,True,5,9,5,5|5|5|5|5|1|5|5|5|5
49733,1,False,1,4,1,1|1|1|8|2|1|1|1|2|0
49742,3,False,3,0,3,3|3|3|3|3|3|3|3|3|3
49755,9,True,2,10,-1,4|4|7|2|7|4|2|2|4|2
49757,1,True,8,10,8,8|8|8|8|0|8|8|8|8|8
49758,1,True,4,10,4,4|4|4|4|4|4|4|4|4|4
49763,7,False,7,0,7,7|7|7|7|7|7|7|7|7|7
49767,1,True,8,10,8,8|8|8|8|8|8|8|8|8|8
49779,9,False,9,2,9,5|9|9|9|9|9|9|9|5|9
49786,3,False,3,7,5,5|3|3|7|5|5|3|7|5|9
49795,1,False,1,2,1,1|1|1|1|5|1|1|5|1|1
49820,5,True,1,10,1,1|1|1|1|2|1|1|2|2|1
49824,4,False,4,0,4,4|4|4|4|4|4|4|4|4|4
49838,8,False,8,0,8,8|8|8|8|8|8|8|8|8|8
49841,9,True,7,10,4,4|4|7|4|7|4|4|4|4|7
49845,5,False,5,1,5,5|5|5|5|5|1|5|5|5|5
49847,1,False,1,7,5,5|1|5|5|5|5|1|5|5|1
49871,5,True,1,8,1,1|1|1|1|5|1|1|5|1|1
49878,5,True,9,10,9,9|9|9|9|9|9|9|9|9|9
49883,2,True,5,9,3,3|3|4|3|5|4|3|3|2|3
49884,2,True,5,10,5,5|3|3|5|5|1|5|5|5|5
49898,4,False,4,0,4,4|4|4|4|4|4|4|4|4|4
49900,3,False,3,0,3,3|3|3|3|3|3|3|3|3|3
49905,1,True,8,10,8,8|8|8|8|8|8|8|8|8|8
49907,7,False,7,0,7,7|7|7|7|7|7|7|7|7|7
49910,1,True,8,10,8,8|8|8|8|8|9|8|8|8|8
49916,8,False,8,0,8,8|8|8|8|8|8|8|8|8|8
49921,0,False,0,0,0,0|0|0|0|0|0|0|0|0|0
49926,9,False,9,2,9,5|9|5|9|9|9|9|9|9|9
49928,6,False,6,3,6,8|6|6|6|6|8|6|6|8|6
49942,7,False,7,5,-1,9|7|9|9|9|7|7|7|7|9
49970,3,False,3,0,3,3|3|3|3|3|3|3|3|3|3
49972,2,False,2,7,5,5|3|8|5|2|5|5|2|2|1
49975,1,True,3,10,3,3|2|3|3|3|5|3|3|3|3
49985,8,False,8,4,8,0|8|8|0|8|1|0|8|8|8
